[2026-07-19 20:51:03.967] [info] Loaded model TCV04-scaled from file TVC04_scaled.osim
[2026-07-19 20:51:05.673] [info] Loaded model TCV04-scaled from file TVC04_scaled_jmp_temp.osim
[2026-07-19 20:51:27.594] [info] Loaded model TCV04-scaled from file TVC04_scaled_jmp_temp.osim
[2026-07-19 20:51:27.623] [info] Loaded model TCV04-scaled from file TVC04_scaled_jmp_temp.osim
[2026-07-19 20:51:27.656] [info] Loaded model TCV04-scaled from file TVC04_scaled_jmp_temp.osim
[2026-07-19 20:51:27.677] [info] Loaded model TCV04-scaled from file TVC04_scaled_jmp_temp.osim
[2026-07-19 20:51:27.678] [info] Loaded model TCV04-scaled from file TVC04_scaled_jmp_temp.osim
[2026-07-19 20:51:27.768] [info] Loaded model TCV04-scaled from file TVC04_scaled_jmp_temp.osim
[2026-07-19 22:30:37.343] [info] Loaded model TCV04-scaled from file TVC04_scaled.osim
[2026-07-19 22:30:38.010] [info] Loaded model TCV04-scaled from file TVC04_scaled_jmp_temp.osim
[2026-07-19 22:30:55.823] [info] Loaded model TCV04-scaled from file TVC04_scaled_jmp_temp.osim
[2026-07-19 22:30:55.884] [info] Loaded model TCV04-scaled from file TVC04_scaled_jmp_temp.osim
[2026-07-19 22:30:55.884] [info] Loaded model TCV04-scaled from file TVC04_scaled_jmp_temp.osim
[2026-07-19 22:30:55.891] [info] Loaded model TCV04-scaled from file TVC04_scaled_jmp_temp.osim
[2026-07-19 22:30:55.896] [info] Loaded model TCV04-scaled from file TVC04_scaled_jmp_temp.osim
[2026-07-19 22:30:55.983] [info] Loaded model TCV04-scaled from file TVC04_scaled_jmp_temp.osim
[2026-07-19 22:34:49.574] [info] Loaded model TCV04-scaled from file TVC04_scaled.osim
[2026-07-19 22:34:50.219] [info] Loaded model TCV04-scaled from file TVC04_scaled_jmp_temp.osim
[2026-07-20 06:22:50.884] [info] Loaded model TCV04-scaled from file TVC04_scaled_jmp_temp.osim
[2026-07-20 06:22:51.211] [info] Loaded model TCV04-scaled from file TVC04_3_JMP_results\TVC04_3_NMSM_JMP_01_pelvis_thigh.osim
[2026-07-20 06:22:51.705] [info] Loaded model TCV04-scaled from file TVC04_3_NMSM_JMP_01_pelvis_thigh_jmp_temp.osim
[2026-07-20 07:05:46.275] [info] Loaded model TCV04-scaled from file TVC04_3_NMSM_JMP_01_pelvis_thigh_jmp_temp.osim
[2026-07-20 07:05:46.513] [info] Loaded model TCV04-scaled from file TVC04_3_JMP_results\TVC04_3_NMSM_JMP_02_knee_ankle.osim
[2026-07-20 07:05:47.255] [info] Loaded model TCV04-scaled from file TVC04_3_NMSM_JMP_02_knee_ankle_jmp_temp.osim
[2026-07-20 10:00:33.457] [info] Loaded model TCV04-scaled from file TVC04_3_NMSM_JMP_02_knee_ankle_jmp_temp.osim
[2026-07-20 10:00:33.783] [info] Loaded model TCV04-scaled from file TVC04_3_JMP_results\TVC04_3_NMSM_JMP_03_final.osim
[2026-07-20 10:00:34.038] [info] Loaded model TCV04-scaled from file TVC04_3_NMSM_JMP_03_final_jmp_temp.osim
[2026-07-20 10:01:00.219] [info] Loaded model TCV04-scaled from file TVC04_3_NMSM_JMP_03_final_jmp_temp.osim
[2026-07-20 10:01:00.327] [info] Loaded model TCV04-scaled from file TVC04_3_JMP_results\TVC04_3_NMSM_JMP_04_ankle_axis.osim
[2026-07-20 10:01:00.676] [info] Loaded model TCV04-scaled from file TVC04_3_NMSM_JMP_04_ankle_axis_jmp_temp.osim
[2026-07-20 10:47:29.232] [info] Loaded model TCV04-scaled from file TVC04_3_NMSM_JMP_04_ankle_axis_jmp_temp.osim
[2026-07-20 10:47:29.402] [info] Loaded model TCV04-scaled from file TVC04_3_JMP_results\TVC04_3_NMSM_JMP_05_torso.osim
[2026-07-20 10:47:29.843] [info] Loaded model TCV04-scaled from file TVC04_3_NMSM_JMP_05_torso_jmp_temp.osim
[2026-07-20 11:02:06.557] [info] Loaded model TCV04-scaled from file TVC04_3_NMSM_JMP_05_torso_jmp_temp.osim
[2026-07-20 11:02:06.773] [info] Loaded model TCV04-scaled from file TVC04_3_JMP_results\TVC04_3_NMSM_JMP_06_shoulder_elbow.osim
[2026-07-20 11:02:07.497] [info] Loaded model TCV04-scaled from file TVC04_3_NMSM_JMP_06_shoulder_elbow_jmp_temp.osim
[2026-07-20 12:04:13.149] [info] Loaded model TCV04-scaled from file TVC04_3_NMSM_JMP_06_shoulder_elbow_jmp_temp.osim
[2026-07-20 12:04:13.547] [info] Loaded model TCV04-scaled from file TVC04_3_JMP_results\TVC04_3_NMSM_JMP_07_upper_limb_final.osim
[2026-07-20 12:04:13.880] [info] Loaded model TCV04-scaled from file TVC04_3_NMSM_JMP_07_upper_limb_final_jmp_temp.osim
[2026-07-20 12:10:57.422] [info] Loaded model TCV04-scaled from file TVC04_3_NMSM_JMP_07_upper_limb_final_jmp_temp.osim
[2026-07-20 13:01:18.793] [info] Loaded model TCV04-scaled from file C:\Users\Lucia\Desktop\TFG\2_JMP\TVC04\Walk_3\TVC04_scaled.osim
[2026-07-20 13:01:18.805] [cout] [info] 
               MODEL: TCV04-scaled
         coordinates: 41
              forces: 103
           actuators: 103
             muscles: 86
            analyses: 0
              probes: 0
              bodies: 24
              joints: 24
         constraints: 2
             markers: 27
         controllers: 0
  contact geometries: 0
misc modelcomponents: 0
[2026-07-20 13:01:18.805] [info] Running tool .
[2026-07-20 13:01:18.892] [info] Frame 40 (t = 0.4):	 total squared error = 0.00778778, marker error: RMS = 0.0169834, max = 0.0351603 (L_Knee_Lateral)
[2026-07-20 13:01:18.900] [info] Frame 41 (t = 0.41):	 total squared error = 0.00776178, marker error: RMS = 0.016955, max = 0.0350541 (L_Knee_Lateral)
[2026-07-20 13:01:18.919] [info] Frame 42 (t = 0.42):	 total squared error = 0.00769460, marker error: RMS = 0.0168815, max = 0.035654 (L_Knee_Lateral)
[2026-07-20 13:01:18.941] [info] Frame 43 (t = 0.43):	 total squared error = 0.00761681, marker error: RMS = 0.016796, max = 0.0358628 (L_Knee_Lateral)
[2026-07-20 13:01:18.961] [info] Frame 44 (t = 0.44):	 total squared error = 0.00752642, marker error: RMS = 0.016696, max = 0.0357231 (L_Knee_Lateral)
[2026-07-20 13:01:18.976] [info] Frame 45 (t = 0.45):	 total squared error = 0.00743518, marker error: RMS = 0.0165945, max = 0.0352596 (L_Knee_Lateral)
[2026-07-20 13:01:18.997] [info] Frame 46 (t = 0.46):	 total squared error = 0.00731013, marker error: RMS = 0.0164543, max = 0.0349875 (L_Knee_Lateral)
[2026-07-20 13:01:19.019] [info] Frame 47 (t = 0.47):	 total squared error = 0.00717956, marker error: RMS = 0.0163067, max = 0.0341797 (L_Knee_Lateral)
[2026-07-20 13:01:19.033] [info] Frame 48 (t = 0.48):	 total squared error = 0.00703736, marker error: RMS = 0.0161444, max = 0.0330927 (L_Knee_Lateral)
[2026-07-20 13:01:19.046] [info] Frame 49 (t = 0.49):	 total squared error = 0.00686920, marker error: RMS = 0.0159504, max = 0.0318854 (L_Knee_Lateral)
[2026-07-20 13:01:19.066] [info] Frame 50 (t = 0.5):	 total squared error = 0.00666371, marker error: RMS = 0.01571, max = 0.0306421 (L_Knee_Lateral)
[2026-07-20 13:01:19.092] [info] Frame 51 (t = 0.51):	 total squared error = 0.00644143, marker error: RMS = 0.0154458, max = 0.0290352 (L_Knee_Lateral)
[2026-07-20 13:01:19.104] [info] Frame 52 (t = 0.52):	 total squared error = 0.00620949, marker error: RMS = 0.0151651, max = 0.0271152 (L_Knee_Lateral)
[2026-07-20 13:01:19.132] [info] Frame 53 (t = 0.53):	 total squared error = 0.00595537, marker error: RMS = 0.0148516, max = 0.0258266 (L_Knee_Lateral)
[2026-07-20 13:01:19.158] [info] Frame 54 (t = 0.54):	 total squared error = 0.00571570, marker error: RMS = 0.0145497, max = 0.0242547 (L_Knee_Lateral)
[2026-07-20 13:01:19.189] [info] Frame 55 (t = 0.55):	 total squared error = 0.00549829, marker error: RMS = 0.0142703, max = 0.0241875 (R_Knee_Lateral)
[2026-07-20 13:01:19.214] [info] Frame 56 (t = 0.56):	 total squared error = 0.00531543, marker error: RMS = 0.0140310, max = 0.0244444 (R_Knee_Lateral)
[2026-07-20 13:01:19.228] [info] Frame 57 (t = 0.57):	 total squared error = 0.00518207, marker error: RMS = 0.0138538, max = 0.0246758 (R_Knee_Lateral)
[2026-07-20 13:01:19.236] [info] Frame 58 (t = 0.58):	 total squared error = 0.00510108, marker error: RMS = 0.0137451, max = 0.0249176 (R_Knee_Lateral)
[2026-07-20 13:01:19.265] [info] Frame 59 (t = 0.59):	 total squared error = 0.00502880, marker error: RMS = 0.0136474, max = 0.0251809 (R_Knee_Lateral)
[2026-07-20 13:01:19.272] [info] Frame 60 (t = 0.6):	 total squared error = 0.00499648, marker error: RMS = 0.0136035, max = 0.0254388 (R_Knee_Lateral)
[2026-07-20 13:01:19.287] [info] Frame 61 (t = 0.61):	 total squared error = 0.00497798, marker error: RMS = 0.0135783, max = 0.0256321 (R_Knee_Lateral)
[2026-07-20 13:01:19.295] [info] Frame 62 (t = 0.62):	 total squared error = 0.00496308, marker error: RMS = 0.0135579, max = 0.0259804 (R_Knee_Lateral)
[2026-07-20 13:01:19.303] [info] Frame 63 (t = 0.63):	 total squared error = 0.00494659, marker error: RMS = 0.0135354, max = 0.0261494 (R_Knee_Lateral)
[2026-07-20 13:01:19.327] [info] Frame 64 (t = 0.64):	 total squared error = 0.00491711, marker error: RMS = 0.013495, max = 0.0263264 (R_Knee_Lateral)
[2026-07-20 13:01:19.336] [info] Frame 65 (t = 0.65):	 total squared error = 0.00490433, marker error: RMS = 0.0134775, max = 0.0265998 (R_Knee_Lateral)
[2026-07-20 13:01:19.355] [info] Frame 66 (t = 0.66):	 total squared error = 0.00488973, marker error: RMS = 0.0134574, max = 0.0270583 (R_Knee_Lateral)
[2026-07-20 13:01:19.378] [info] Frame 67 (t = 0.67):	 total squared error = 0.00488929, marker error: RMS = 0.0134568, max = 0.0276103 (R_Knee_Lateral)
[2026-07-20 13:01:19.397] [info] Frame 68 (t = 0.68):	 total squared error = 0.00492250, marker error: RMS = 0.0135024, max = 0.0281966 (R_Knee_Lateral)
[2026-07-20 13:01:19.422] [info] Frame 69 (t = 0.69):	 total squared error = 0.00498170, marker error: RMS = 0.0135834, max = 0.0289305 (R_Knee_Lateral)
[2026-07-20 13:01:19.438] [info] Frame 70 (t = 0.7):	 total squared error = 0.00508824, marker error: RMS = 0.0137278, max = 0.0297631 (R_Knee_Lateral)
[2026-07-20 13:01:19.453] [info] Frame 71 (t = 0.71):	 total squared error = 0.00522293, marker error: RMS = 0.0139083, max = 0.0307079 (R_Knee_Lateral)
[2026-07-20 13:01:19.477] [info] Frame 72 (t = 0.72):	 total squared error = 0.00536476, marker error: RMS = 0.0140959, max = 0.0317692 (R_Knee_Lateral)
[2026-07-20 13:01:19.496] [info] Frame 73 (t = 0.73):	 total squared error = 0.00553170, marker error: RMS = 0.0143136, max = 0.0327156 (R_Knee_Lateral)
[2026-07-20 13:01:19.519] [info] Frame 74 (t = 0.74):	 total squared error = 0.00569196, marker error: RMS = 0.0145194, max = 0.0335799 (R_Knee_Lateral)
[2026-07-20 13:01:19.541] [info] Frame 75 (t = 0.75):	 total squared error = 0.00585107, marker error: RMS = 0.0147209, max = 0.0342067 (R_Knee_Lateral)
[2026-07-20 13:01:19.559] [info] Frame 76 (t = 0.76):	 total squared error = 0.00599911, marker error: RMS = 0.0149060, max = 0.0346323 (R_Knee_Lateral)
[2026-07-20 13:01:19.572] [info] Frame 77 (t = 0.77):	 total squared error = 0.00614764, marker error: RMS = 0.0150894, max = 0.0347596 (R_Knee_Lateral)
[2026-07-20 13:01:19.599] [info] Frame 78 (t = 0.78):	 total squared error = 0.00624833, marker error: RMS = 0.0152125, max = 0.0348069 (R_Knee_Lateral)
[2026-07-20 13:01:19.620] [info] Frame 79 (t = 0.79):	 total squared error = 0.00632694, marker error: RMS = 0.0153079, max = 0.0346263 (R_Knee_Lateral)
[2026-07-20 13:01:19.643] [info] Frame 80 (t = 0.8):	 total squared error = 0.00636907, marker error: RMS = 0.0153588, max = 0.0343365 (R_Knee_Lateral)
[2026-07-20 13:01:19.665] [info] Frame 81 (t = 0.81):	 total squared error = 0.00637167, marker error: RMS = 0.0153619, max = 0.033987 (R_Knee_Lateral)
[2026-07-20 13:01:19.689] [info] Frame 82 (t = 0.82):	 total squared error = 0.00633579, marker error: RMS = 0.0153186, max = 0.033688 (R_Knee_Lateral)
[2026-07-20 13:01:19.703] [info] Frame 83 (t = 0.83):	 total squared error = 0.00628684, marker error: RMS = 0.0152593, max = 0.0334798 (R_Knee_Lateral)
[2026-07-20 13:01:19.716] [info] Frame 84 (t = 0.84):	 total squared error = 0.00623962, marker error: RMS = 0.0152019, max = 0.0334795 (R_Knee_Lateral)
[2026-07-20 13:01:19.732] [info] Frame 85 (t = 0.85):	 total squared error = 0.00620505, marker error: RMS = 0.0151597, max = 0.0334662 (R_Knee_Lateral)
[2026-07-20 13:01:19.748] [info] Frame 86 (t = 0.86):	 total squared error = 0.00619382, marker error: RMS = 0.015146, max = 0.0335667 (R_Knee_Lateral)
[2026-07-20 13:01:19.759] [info] Frame 87 (t = 0.87):	 total squared error = 0.00621105, marker error: RMS = 0.015167, max = 0.0337128 (R_Knee_Lateral)
[2026-07-20 13:01:19.773] [info] Frame 88 (t = 0.88):	 total squared error = 0.00625421, marker error: RMS = 0.0152196, max = 0.0341306 (R_Knee_Lateral)
[2026-07-20 13:01:19.791] [info] Frame 89 (t = 0.89):	 total squared error = 0.00630776, marker error: RMS = 0.0152847, max = 0.0346255 (R_Knee_Lateral)
[2026-07-20 13:01:19.800] [info] Frame 90 (t = 0.9):	 total squared error = 0.00638378, marker error: RMS = 0.0153765, max = 0.0348439 (R_Knee_Lateral)
[2026-07-20 13:01:19.815] [info] Frame 91 (t = 0.91):	 total squared error = 0.00644704, marker error: RMS = 0.0154525, max = 0.0352231 (R_Knee_Lateral)
[2026-07-20 13:01:19.824] [info] Frame 92 (t = 0.92):	 total squared error = 0.00653089, marker error: RMS = 0.0155526, max = 0.0355363 (R_Knee_Lateral)
[2026-07-20 13:01:19.852] [info] Frame 93 (t = 0.93):	 total squared error = 0.00656573, marker error: RMS = 0.0155941, max = 0.0360322 (R_Knee_Lateral)
[2026-07-20 13:01:19.864] [info] Frame 94 (t = 0.94):	 total squared error = 0.00661468, marker error: RMS = 0.0156521, max = 0.0360841 (R_Knee_Lateral)
[2026-07-20 13:01:19.880] [info] Frame 95 (t = 0.95):	 total squared error = 0.00663537, marker error: RMS = 0.0156766, max = 0.0359909 (R_Knee_Lateral)
[2026-07-20 13:01:19.896] [info] Frame 96 (t = 0.96):	 total squared error = 0.00662721, marker error: RMS = 0.0156669, max = 0.0358318 (R_Knee_Lateral)
[2026-07-20 13:01:19.915] [info] Frame 97 (t = 0.97):	 total squared error = 0.00659057, marker error: RMS = 0.0156236, max = 0.0353862 (R_Knee_Lateral)
[2026-07-20 13:01:19.943] [info] Frame 98 (t = 0.98):	 total squared error = 0.00652257, marker error: RMS = 0.0155427, max = 0.0346546 (R_Knee_Lateral)
[2026-07-20 13:01:19.966] [info] Frame 99 (t = 0.99):	 total squared error = 0.00642478, marker error: RMS = 0.0154258, max = 0.0336998 (R_Knee_Lateral)
[2026-07-20 13:01:19.983] [info] Frame 100 (t = 1.0):	 total squared error = 0.00630714, marker error: RMS = 0.0152839, max = 0.0323998 (R_Knee_Lateral)
[2026-07-20 13:01:20.006] [info] Frame 101 (t = 1.01):	 total squared error = 0.00616409, marker error: RMS = 0.0151096, max = 0.0312299 (R_Knee_Lateral)
[2026-07-20 13:01:20.019] [info] Frame 102 (t = 1.02):	 total squared error = 0.00602032, marker error: RMS = 0.0149323, max = 0.0294826 (R_Knee_Lateral)
[2026-07-20 13:01:20.041] [info] Frame 103 (t = 1.03):	 total squared error = 0.00585382, marker error: RMS = 0.0147244, max = 0.028384 (R_Knee_Lateral)
[2026-07-20 13:01:20.054] [info] Frame 104 (t = 1.04):	 total squared error = 0.00571447, marker error: RMS = 0.0145481, max = 0.0274814 (R_Elbow)
[2026-07-20 13:01:20.076] [info] Frame 105 (t = 1.05):	 total squared error = 0.00556707, marker error: RMS = 0.0143592, max = 0.0277453 (R_Elbow)
[2026-07-20 13:01:20.092] [info] Frame 106 (t = 1.06):	 total squared error = 0.00546408, marker error: RMS = 0.0142258, max = 0.0280642 (R_Elbow)
[2026-07-20 13:01:20.115] [info] Frame 107 (t = 1.07):	 total squared error = 0.00538530, marker error: RMS = 0.0141229, max = 0.0283664 (R_Elbow)
[2026-07-20 13:01:20.135] [info] Frame 108 (t = 1.08):	 total squared error = 0.00534913, marker error: RMS = 0.0140754, max = 0.0287236 (R_Elbow)
[2026-07-20 13:01:20.147] [info] Frame 109 (t = 1.09):	 total squared error = 0.00534613, marker error: RMS = 0.0140714, max = 0.0290883 (R_Elbow)
[2026-07-20 13:01:20.161] [info] Frame 110 (t = 1.1):	 total squared error = 0.00536299, marker error: RMS = 0.0140936, max = 0.0292914 (R_Elbow)
[2026-07-20 13:01:20.170] [info] Frame 111 (t = 1.11):	 total squared error = 0.00539413, marker error: RMS = 0.0141344, max = 0.0296141 (R_Elbow)
[2026-07-20 13:01:20.178] [info] Frame 112 (t = 1.12):	 total squared error = 0.00543907, marker error: RMS = 0.0141932, max = 0.029966 (R_Elbow)
[2026-07-20 13:01:20.199] [info] Frame 113 (t = 1.13):	 total squared error = 0.00547176, marker error: RMS = 0.0142358, max = 0.0298008 (R_Elbow)
[2026-07-20 13:01:20.211] [info] Frame 114 (t = 1.14):	 total squared error = 0.00552776, marker error: RMS = 0.0143085, max = 0.02981 (R_Elbow)
[2026-07-20 13:01:20.224] [info] Frame 115 (t = 1.15):	 total squared error = 0.00558951, marker error: RMS = 0.0143882, max = 0.0297476 (R_Elbow)
[2026-07-20 13:01:20.248] [info] Frame 116 (t = 1.16):	 total squared error = 0.00563910, marker error: RMS = 0.0144518, max = 0.0297861 (R_Elbow)
[2026-07-20 13:01:20.268] [info] Frame 117 (t = 1.17):	 total squared error = 0.00570228, marker error: RMS = 0.0145326, max = 0.0295759 (R_Elbow)
[2026-07-20 13:01:20.283] [info] Frame 118 (t = 1.18):	 total squared error = 0.00577938, marker error: RMS = 0.0146305, max = 0.0293053 (R_Elbow)
[2026-07-20 13:01:20.297] [info] Frame 119 (t = 1.19):	 total squared error = 0.00586308, marker error: RMS = 0.0147361, max = 0.0289053 (R_Elbow)
[2026-07-20 13:01:20.325] [info] Frame 120 (t = 1.2):	 total squared error = 0.00592935, marker error: RMS = 0.0148191, max = 0.0288653 (R_Elbow)
[2026-07-20 13:01:20.350] [info] Frame 121 (t = 1.21):	 total squared error = 0.00602439, marker error: RMS = 0.0149374, max = 0.0285030 (R_Elbow)
[2026-07-20 13:01:20.370] [info] Frame 122 (t = 1.22):	 total squared error = 0.00613231, marker error: RMS = 0.0150706, max = 0.0280607 (R_Elbow)
[2026-07-20 13:01:20.389] [info] Frame 123 (t = 1.23):	 total squared error = 0.00624152, marker error: RMS = 0.0152042, max = 0.0283103 (L_Knee_Lateral)
[2026-07-20 13:01:20.408] [info] Frame 124 (t = 1.24):	 total squared error = 0.00635680, marker error: RMS = 0.015344, max = 0.0295703 (L_Knee_Lateral)
[2026-07-20 13:01:20.424] [info] Frame 125 (t = 1.25):	 total squared error = 0.00648094, marker error: RMS = 0.0154931, max = 0.0304455 (L_Knee_Lateral)
[2026-07-20 13:01:20.449] [info] Frame 126 (t = 1.26):	 total squared error = 0.00659807, marker error: RMS = 0.0156324, max = 0.0308793 (L_Knee_Lateral)
[2026-07-20 13:01:20.463] [info] Frame 127 (t = 1.27):	 total squared error = 0.00672795, marker error: RMS = 0.0157855, max = 0.0312909 (L_Knee_Lateral)
[2026-07-20 13:01:20.485] [info] Frame 128 (t = 1.28):	 total squared error = 0.00682775, marker error: RMS = 0.0159022, max = 0.0308143 (L_Knee_Lateral)
[2026-07-20 13:01:20.502] [info] Frame 129 (t = 1.29):	 total squared error = 0.00692998, marker error: RMS = 0.0160208, max = 0.0307534 (L_Knee_Lateral)
[2026-07-20 13:01:20.517] [info] Frame 130 (t = 1.3):	 total squared error = 0.00702528, marker error: RMS = 0.0161306, max = 0.0306796 (L_Knee_Lateral)
[2026-07-20 13:01:20.533] [info] Frame 131 (t = 1.31):	 total squared error = 0.00711385, marker error: RMS = 0.0162319, max = 0.0304125 (L_Knee_Lateral)
[2026-07-20 13:01:20.549] [info] Frame 132 (t = 1.32):	 total squared error = 0.00720326, marker error: RMS = 0.0163336, max = 0.0304578 (L_Knee_Lateral)
[2026-07-20 13:01:20.561] [info] Frame 133 (t = 1.33):	 total squared error = 0.00728916, marker error: RMS = 0.0164307, max = 0.0306691 (L_Knee_Lateral)
[2026-07-20 13:01:20.573] [info] Frame 134 (t = 1.34):	 total squared error = 0.00736361, marker error: RMS = 0.0165144, max = 0.0310688 (L_Knee_Lateral)
[2026-07-20 13:01:20.586] [info] Frame 135 (t = 1.35):	 total squared error = 0.00742054, marker error: RMS = 0.0165781, max = 0.0315975 (L_Knee_Lateral)
[2026-07-20 13:01:20.606] [info] Frame 136 (t = 1.36):	 total squared error = 0.00744886, marker error: RMS = 0.0166098, max = 0.0325496 (L_Knee_Lateral)
[2026-07-20 13:01:20.625] [info] Frame 137 (t = 1.37):	 total squared error = 0.00745186, marker error: RMS = 0.0166131, max = 0.0334808 (L_Knee_Lateral)
[2026-07-20 13:01:20.644] [info] Frame 138 (t = 1.38):	 total squared error = 0.00742918, marker error: RMS = 0.0165878, max = 0.03427 (L_Knee_Lateral)
[2026-07-20 13:01:20.655] [info] Frame 139 (t = 1.39):	 total squared error = 0.00738355, marker error: RMS = 0.0165368, max = 0.0345932 (L_Knee_Lateral)
[2026-07-20 13:01:20.675] [info] Frame 140 (t = 1.4):	 total squared error = 0.00730308, marker error: RMS = 0.0164464, max = 0.0354388 (L_Knee_Lateral)
[2026-07-20 13:01:20.696] [info] Frame 141 (t = 1.41):	 total squared error = 0.00720502, marker error: RMS = 0.0163356, max = 0.0357385 (L_Knee_Lateral)
[2026-07-20 13:01:20.721] [info] Frame 142 (t = 1.42):	 total squared error = 0.00708839, marker error: RMS = 0.0162029, max = 0.0357591 (L_Knee_Lateral)
[2026-07-20 13:01:20.735] [info] Frame 143 (t = 1.43):	 total squared error = 0.00696305, marker error: RMS = 0.0160590, max = 0.0354011 (L_Knee_Lateral)
[2026-07-20 13:01:20.757] [info] Frame 144 (t = 1.44):	 total squared error = 0.00682322, marker error: RMS = 0.0158969, max = 0.0350413 (L_Knee_Lateral)
[2026-07-20 13:01:20.771] [info] Frame 145 (t = 1.45):	 total squared error = 0.00668720, marker error: RMS = 0.0157377, max = 0.0343204 (L_Knee_Lateral)
[2026-07-20 13:01:20.792] [info] Frame 146 (t = 1.46):	 total squared error = 0.00654275, marker error: RMS = 0.0155668, max = 0.033494 (L_Knee_Lateral)
[2026-07-20 13:01:20.818] [info] Frame 147 (t = 1.47):	 total squared error = 0.00639903, marker error: RMS = 0.0153948, max = 0.0324641 (L_Knee_Lateral)
[2026-07-20 13:01:20.845] [info] Frame 148 (t = 1.48):	 total squared error = 0.00625279, marker error: RMS = 0.0152179, max = 0.0312203 (L_Knee_Lateral)
[2026-07-20 13:01:20.877] [info] Frame 149 (t = 1.49):	 total squared error = 0.00610133, marker error: RMS = 0.0150325, max = 0.0297809 (L_Knee_Lateral)
[2026-07-20 13:01:20.889] [info] Frame 150 (t = 1.5):	 total squared error = 0.00594829, marker error: RMS = 0.0148427, max = 0.0280353 (L_Knee_Lateral)
[2026-07-20 13:01:20.915] [info] Frame 151 (t = 1.51):	 total squared error = 0.00577464, marker error: RMS = 0.0146245, max = 0.0267761 (L_Knee_Lateral)
[2026-07-20 13:01:20.938] [info] Frame 152 (t = 1.52):	 total squared error = 0.00560310, marker error: RMS = 0.0144056, max = 0.0251789 (L_Knee_Lateral)
[2026-07-20 13:01:20.957] [info] Frame 153 (t = 1.53):	 total squared error = 0.00543469, marker error: RMS = 0.0141875, max = 0.0239694 (R_Knee_Lateral)
[2026-07-20 13:01:20.979] [info] Frame 154 (t = 1.54):	 total squared error = 0.00527187, marker error: RMS = 0.0139733, max = 0.0241634 (R_Knee_Lateral)
[2026-07-20 13:01:21.003] [info] Frame 155 (t = 1.55):	 total squared error = 0.00512890, marker error: RMS = 0.0137826, max = 0.0243981 (R_Knee_Lateral)
[2026-07-20 13:01:21.023] [info] Frame 156 (t = 1.56):	 total squared error = 0.00501338, marker error: RMS = 0.0136265, max = 0.0246514 (R_Knee_Lateral)
[2026-07-20 13:01:21.049] [info] Frame 157 (t = 1.57):	 total squared error = 0.00492199, marker error: RMS = 0.0135017, max = 0.0249097 (R_Knee_Lateral)
[2026-07-20 13:01:21.060] [info] Frame 158 (t = 1.58):	 total squared error = 0.00485808, marker error: RMS = 0.0134138, max = 0.025129 (R_Knee_Lateral)
[2026-07-20 13:01:21.070] [info] Frame 159 (t = 1.59):	 total squared error = 0.00480896, marker error: RMS = 0.0133458, max = 0.0253748 (R_Knee_Lateral)
[2026-07-20 13:01:21.094] [info] Frame 160 (t = 1.6):	 total squared error = 0.00477226, marker error: RMS = 0.0132948, max = 0.025515 (R_Knee_Lateral)
[2026-07-20 13:01:21.103] [info] Frame 161 (t = 1.61):	 total squared error = 0.00473868, marker error: RMS = 0.0132479, max = 0.0257983 (R_Knee_Lateral)
[2026-07-20 13:01:21.127] [info] Frame 162 (t = 1.62):	 total squared error = 0.00470945, marker error: RMS = 0.0132070, max = 0.0258929 (R_Knee_Lateral)
[2026-07-20 13:01:21.137] [info] Frame 163 (t = 1.63):	 total squared error = 0.00468355, marker error: RMS = 0.0131706, max = 0.0261629 (R_Knee_Lateral)
[2026-07-20 13:01:21.150] [info] Frame 164 (t = 1.64):	 total squared error = 0.00466124, marker error: RMS = 0.0131392, max = 0.0263607 (R_Knee_Lateral)
[2026-07-20 13:01:21.171] [info] Frame 165 (t = 1.65):	 total squared error = 0.00464600, marker error: RMS = 0.0131177, max = 0.0266913 (R_Knee_Lateral)
[2026-07-20 13:01:21.180] [info] Frame 166 (t = 1.66):	 total squared error = 0.00464916, marker error: RMS = 0.0131222, max = 0.0270638 (R_Knee_Lateral)
[2026-07-20 13:01:21.191] [info] Frame 167 (t = 1.67):	 total squared error = 0.00466308, marker error: RMS = 0.0131418, max = 0.0275542 (R_Knee_Lateral)
[2026-07-20 13:01:21.205] [info] Frame 168 (t = 1.68):	 total squared error = 0.00469021, marker error: RMS = 0.01318, max = 0.0282654 (R_Knee_Lateral)
[2026-07-20 13:01:21.233] [info] Frame 169 (t = 1.69):	 total squared error = 0.00472107, marker error: RMS = 0.0132232, max = 0.0290986 (R_Knee_Lateral)
[2026-07-20 13:01:21.256] [info] Frame 170 (t = 1.7):	 total squared error = 0.00478765, marker error: RMS = 0.0133162, max = 0.0300086 (R_Knee_Lateral)
[2026-07-20 13:01:21.279] [info] Frame 171 (t = 1.71):	 total squared error = 0.00487470, marker error: RMS = 0.0134367, max = 0.0310199 (R_Knee_Lateral)
[2026-07-20 13:01:21.295] [info] Frame 172 (t = 1.72):	 total squared error = 0.00498603, marker error: RMS = 0.0135892, max = 0.0321107 (R_Knee_Lateral)
[2026-07-20 13:01:21.312] [info] Frame 173 (t = 1.73):	 total squared error = 0.00512901, marker error: RMS = 0.0137827, max = 0.033125 (R_Knee_Lateral)
[2026-07-20 13:01:21.335] [info] Frame 174 (t = 1.74):	 total squared error = 0.00528598, marker error: RMS = 0.013992, max = 0.0341094 (R_Knee_Lateral)
[2026-07-20 13:01:21.353] [info] Frame 175 (t = 1.75):	 total squared error = 0.00547296, marker error: RMS = 0.0142373, max = 0.0349328 (R_Knee_Lateral)
[2026-07-20 13:01:21.370] [info] Frame 176 (t = 1.76):	 total squared error = 0.00568060, marker error: RMS = 0.0145049, max = 0.0355606 (R_Knee_Lateral)
[2026-07-20 13:01:21.395] [info] Frame 177 (t = 1.77):	 total squared error = 0.00588369, marker error: RMS = 0.0147619, max = 0.0358629 (R_Knee_Lateral)
[2026-07-20 13:01:21.411] [info] Frame 178 (t = 1.78):	 total squared error = 0.00609920, marker error: RMS = 0.0150298, max = 0.0360055 (R_Knee_Lateral)
[2026-07-20 13:01:21.428] [info] Frame 179 (t = 1.79):	 total squared error = 0.00627986, marker error: RMS = 0.0152508, max = 0.0359435 (R_Knee_Lateral)
[2026-07-20 13:01:21.445] [info] Frame 180 (t = 1.8):	 total squared error = 0.00641094, marker error: RMS = 0.0154092, max = 0.0356479 (R_Knee_Lateral)
[2026-07-20 13:01:21.468] [info] Frame 181 (t = 1.81):	 total squared error = 0.00648512, marker error: RMS = 0.0154981, max = 0.0352173 (R_Knee_Lateral)
[2026-07-20 13:01:21.482] [info] Frame 182 (t = 1.82):	 total squared error = 0.00652154, marker error: RMS = 0.0155415, max = 0.0349386 (R_Knee_Lateral)
[2026-07-20 13:01:21.495] [info] Frame 183 (t = 1.83):	 total squared error = 0.00652520, marker error: RMS = 0.0155459, max = 0.0347357 (R_Knee_Lateral)
[2026-07-20 13:01:21.509] [info] Frame 184 (t = 1.84):	 total squared error = 0.00651874, marker error: RMS = 0.0155382, max = 0.0345812 (R_Knee_Lateral)
[2026-07-20 13:01:21.526] [info] Frame 185 (t = 1.85):	 total squared error = 0.00653408, marker error: RMS = 0.0155564, max = 0.0345034 (R_Knee_Lateral)
[2026-07-20 13:01:21.542] [info] Frame 186 (t = 1.86):	 total squared error = 0.00657793, marker error: RMS = 0.0156086, max = 0.0345080 (R_Knee_Lateral)
[2026-07-20 13:01:21.554] [info] Frame 187 (t = 1.87):	 total squared error = 0.00665680, marker error: RMS = 0.0157018, max = 0.0344781 (R_Knee_Lateral)
[2026-07-20 13:01:21.568] [info] Frame 188 (t = 1.88):	 total squared error = 0.00675362, marker error: RMS = 0.0158156, max = 0.034956 (R_Knee_Lateral)
[2026-07-20 13:01:21.578] [info] Frame 189 (t = 1.89):	 total squared error = 0.00685275, marker error: RMS = 0.0159313, max = 0.0352008 (R_Knee_Lateral)
[2026-07-20 13:01:21.603] [info] Frame 190 (t = 1.9):	 total squared error = 0.00693310, marker error: RMS = 0.0160244, max = 0.0357983 (R_Knee_Lateral)
[2026-07-20 13:01:21.618] [info] Frame 191 (t = 1.91):	 total squared error = 0.00700166, marker error: RMS = 0.0161034, max = 0.0360963 (R_Knee_Lateral)
[2026-07-20 13:01:21.642] [info] Frame 192 (t = 1.92):	 total squared error = 0.00704031, marker error: RMS = 0.0161478, max = 0.0366426 (R_Knee_Lateral)
[2026-07-20 13:01:21.671] [info] Frame 193 (t = 1.93):	 total squared error = 0.00705278, marker error: RMS = 0.0161621, max = 0.036948 (R_Knee_Lateral)
[2026-07-20 13:01:21.686] [info] Frame 194 (t = 1.94):	 total squared error = 0.00703566, marker error: RMS = 0.0161425, max = 0.0370878 (R_Knee_Lateral)
[2026-07-20 13:01:21.701] [info] Frame 195 (t = 1.95):	 total squared error = 0.00698821, marker error: RMS = 0.0160880, max = 0.0369868 (R_Knee_Lateral)
[2026-07-20 13:01:21.722] [info] Frame 196 (t = 1.96):	 total squared error = 0.00690177, marker error: RMS = 0.0159882, max = 0.0369853 (R_Knee_Lateral)
[2026-07-20 13:01:21.743] [info] Frame 197 (t = 1.97):	 total squared error = 0.00678309, marker error: RMS = 0.0158501, max = 0.0365090 (R_Knee_Lateral)
[2026-07-20 13:01:21.765] [info] Frame 198 (t = 1.98):	 total squared error = 0.00663274, marker error: RMS = 0.0156734, max = 0.0357872 (R_Knee_Lateral)
[2026-07-20 13:01:21.780] [info] Frame 199 (t = 1.99):	 total squared error = 0.00646686, marker error: RMS = 0.0154762, max = 0.0346661 (R_Knee_Lateral)
[2026-07-20 13:01:21.803] [info] Frame 200 (t = 2.0):	 total squared error = 0.00627936, marker error: RMS = 0.0152502, max = 0.03361 (R_Knee_Lateral)
[2026-07-20 13:01:21.830] [info] Frame 201 (t = 2.01):	 total squared error = 0.00610093, marker error: RMS = 0.0150320, max = 0.0321361 (R_Knee_Lateral)
[2026-07-20 13:01:21.851] [info] Frame 202 (t = 2.02):	 total squared error = 0.00593065, marker error: RMS = 0.0148207, max = 0.0306580 (R_Knee_Lateral)
[2026-07-20 13:01:21.866] [info] Frame 203 (t = 2.03):	 total squared error = 0.00578548, marker error: RMS = 0.0146382, max = 0.02886 (R_Knee_Lateral)
[2026-07-20 13:01:21.887] [info] Frame 204 (t = 2.04):	 total squared error = 0.00564323, marker error: RMS = 0.0144571, max = 0.0285558 (R_Elbow)
[2026-07-20 13:01:21.911] [info] Frame 205 (t = 2.05):	 total squared error = 0.00553528, marker error: RMS = 0.0143182, max = 0.0288935 (R_Elbow)
[2026-07-20 13:01:21.926] [info] Frame 206 (t = 2.06):	 total squared error = 0.00546544, marker error: RMS = 0.0142276, max = 0.0292709 (R_Elbow)
[2026-07-20 13:01:21.952] [info] Frame 207 (t = 2.07):	 total squared error = 0.00541387, marker error: RMS = 0.0141603, max = 0.0294522 (R_Elbow)
[2026-07-20 13:01:21.973] [info] Frame 208 (t = 2.08):	 total squared error = 0.00540231, marker error: RMS = 0.0141452, max = 0.0297385 (R_Elbow)
[2026-07-20 13:01:21.988] [info] Frame 209 (t = 2.09):	 total squared error = 0.00541178, marker error: RMS = 0.0141576, max = 0.0299766 (R_Elbow)
[2026-07-20 13:01:22.000] [info] Frame 210 (t = 2.1):	 total squared error = 0.00543387, marker error: RMS = 0.0141864, max = 0.0301443 (R_Elbow)
[2026-07-20 13:01:22.011] [info] Frame 211 (t = 2.11):	 total squared error = 0.00546434, marker error: RMS = 0.0142261, max = 0.0302861 (R_Elbow)
[2026-07-20 13:01:22.019] [info] Frame 212 (t = 2.12):	 total squared error = 0.00550893, marker error: RMS = 0.0142841, max = 0.0305536 (R_Elbow)
[2026-07-20 13:01:22.039] [info] Frame 213 (t = 2.13):	 total squared error = 0.00554151, marker error: RMS = 0.0143262, max = 0.0302749 (R_Elbow)
[2026-07-20 13:01:22.051] [info] Frame 214 (t = 2.14):	 total squared error = 0.00560217, marker error: RMS = 0.0144044, max = 0.0302404 (R_Elbow)
[2026-07-20 13:01:22.064] [info] Frame 215 (t = 2.15):	 total squared error = 0.00567185, marker error: RMS = 0.0144937, max = 0.0300788 (R_Elbow)
[2026-07-20 13:01:22.080] [info] Frame 216 (t = 2.16):	 total squared error = 0.00574101, marker error: RMS = 0.0145818, max = 0.0300224 (R_Elbow)
[2026-07-20 13:01:22.094] [info] Frame 217 (t = 2.17):	 total squared error = 0.00582601, marker error: RMS = 0.0146894, max = 0.0297939 (R_Elbow)
[2026-07-20 13:01:22.105] [info] Frame 218 (t = 2.18):	 total squared error = 0.00592083, marker error: RMS = 0.0148084, max = 0.0295589 (R_Elbow)
[2026-07-20 13:01:22.119] [info] Frame 219 (t = 2.19):	 total squared error = 0.00600171, marker error: RMS = 0.0149092, max = 0.029265 (R_Elbow)
[2026-07-20 13:01:22.148] [info] Frame 220 (t = 2.2):	 total squared error = 0.00605606, marker error: RMS = 0.0149766, max = 0.0293159 (R_Elbow)
[2026-07-20 13:01:22.164] [info] Frame 221 (t = 2.21):	 total squared error = 0.00612208, marker error: RMS = 0.0150580, max = 0.0289302 (R_Elbow)
[2026-07-20 13:01:22.184] [info] Frame 222 (t = 2.22):	 total squared error = 0.00616324, marker error: RMS = 0.0151085, max = 0.0287447 (R_Elbow)
[2026-07-20 13:01:22.203] [info] Frame 223 (t = 2.23):	 total squared error = 0.00618701, marker error: RMS = 0.0151377, max = 0.0284816 (R_Elbow)
[2026-07-20 13:01:22.224] [info] Frame 224 (t = 2.24):	 total squared error = 0.00618742, marker error: RMS = 0.0151382, max = 0.0282902 (R_Elbow)
[2026-07-20 13:01:22.239] [info] Frame 225 (t = 2.25):	 total squared error = 0.00619989, marker error: RMS = 0.0151534, max = 0.0279083 (R_Elbow)
[2026-07-20 13:01:22.264] [info] Frame 226 (t = 2.26):	 total squared error = 0.00619032, marker error: RMS = 0.0151417, max = 0.0289336 (L_Knee_Lateral)
[2026-07-20 13:01:22.287] [info] Frame 227 (t = 2.27):	 total squared error = 0.00620913, marker error: RMS = 0.0151647, max = 0.0299495 (L_Knee_Lateral)
[2026-07-20 13:01:22.303] [info] Frame 228 (t = 2.28):	 total squared error = 0.00625042, marker error: RMS = 0.015215, max = 0.0308224 (L_Knee_Lateral)
[2026-07-20 13:01:22.321] [info] Frame 229 (t = 2.29):	 total squared error = 0.00629084, marker error: RMS = 0.0152641, max = 0.0310031 (L_Knee_Lateral)
[2026-07-20 13:01:22.345] [info] Frame 230 (t = 2.3):	 total squared error = 0.00634545, marker error: RMS = 0.0153303, max = 0.0309785 (L_Knee_Lateral)
[2026-07-20 13:01:22.364] [info] Frame 231 (t = 2.31):	 total squared error = 0.00643398, marker error: RMS = 0.0154368, max = 0.0311296 (L_Knee_Lateral)
[2026-07-20 13:01:22.381] [info] Frame 232 (t = 2.32):	 total squared error = 0.00653701, marker error: RMS = 0.0155599, max = 0.0310004 (L_Knee_Lateral)
[2026-07-20 13:01:22.398] [info] Frame 233 (t = 2.33):	 total squared error = 0.00666209, marker error: RMS = 0.0157081, max = 0.0310092 (L_Knee_Lateral)
[2026-07-20 13:01:22.409] [info] Frame 234 (t = 2.34):	 total squared error = 0.00680552, marker error: RMS = 0.0158763, max = 0.0312915 (L_Knee_Lateral)
[2026-07-20 13:01:22.421] [info] Frame 235 (t = 2.35):	 total squared error = 0.00694950, marker error: RMS = 0.0160433, max = 0.0316377 (L_Knee_Lateral)
[2026-07-20 13:01:22.428] [info] Frame 236 (t = 2.36):	 total squared error = 0.00709853, marker error: RMS = 0.0162145, max = 0.0319319 (L_Knee_Lateral)
[2026-07-20 13:01:22.447] [info] Frame 237 (t = 2.37):	 total squared error = 0.00720515, marker error: RMS = 0.0163358, max = 0.0327346 (L_Knee_Lateral)
[2026-07-20 13:01:22.467] [info] Frame 238 (t = 2.38):	 total squared error = 0.00730068, marker error: RMS = 0.0164437, max = 0.0335536 (L_Knee_Lateral)
[2026-07-20 13:01:22.489] [info] Frame 239 (t = 2.39):	 total squared error = 0.00736789, marker error: RMS = 0.0165192, max = 0.0342837 (L_Knee_Lateral)
[2026-07-20 13:01:22.508] [info] Frame 240 (t = 2.4):	 total squared error = 0.00740189, marker error: RMS = 0.0165573, max = 0.0349852 (L_Knee_Lateral)
[2026-07-20 13:01:22.520] [info] Frame 241 (t = 2.41):	 total squared error = 0.00740996, marker error: RMS = 0.0165663, max = 0.0352734 (L_Knee_Lateral)
[2026-07-20 13:01:22.541] [info] Frame 242 (t = 2.42):	 total squared error = 0.00737724, marker error: RMS = 0.0165297, max = 0.0358743 (L_Knee_Lateral)
[2026-07-20 13:01:22.558] [info] Frame 243 (t = 2.43):	 total squared error = 0.00732574, marker error: RMS = 0.0164719, max = 0.0358732 (L_Knee_Lateral)
[2026-07-20 13:01:22.579] [info] Frame 244 (t = 2.44):	 total squared error = 0.00724859, marker error: RMS = 0.0163849, max = 0.035858 (L_Knee_Lateral)
[2026-07-20 13:01:22.599] [info] Frame 245 (t = 2.45):	 total squared error = 0.00715564, marker error: RMS = 0.0162795, max = 0.0355939 (L_Knee_Lateral)
[2026-07-20 13:01:22.621] [info] Frame 246 (t = 2.46):	 total squared error = 0.00704888, marker error: RMS = 0.0161576, max = 0.0349853 (L_Knee_Lateral)
[2026-07-20 13:01:22.634] [info] Frame 247 (t = 2.47):	 total squared error = 0.00693527, marker error: RMS = 0.0160269, max = 0.0340254 (L_Knee_Lateral)
[2026-07-20 13:01:22.667] [info] Frame 248 (t = 2.48):	 total squared error = 0.00678272, marker error: RMS = 0.0158497, max = 0.0330893 (L_Knee_Lateral)
[2026-07-20 13:01:22.679] [info] Frame 249 (t = 2.49):	 total squared error = 0.00662517, marker error: RMS = 0.0156645, max = 0.0316333 (L_Knee_Lateral)
[2026-07-20 13:01:22.707] [info] Frame 250 (t = 2.5):	 total squared error = 0.00642643, marker error: RMS = 0.0154278, max = 0.0302903 (L_Knee_Lateral)
[2026-07-20 13:01:22.710] [info] InverseKinematicsTool completed 211 frames in 4 second(s).
[2026-07-20 13:01:22.745] [info] Loaded model TCV04-scaled from file C:\Users\Lucia\Desktop\TFG\2_JMP\TVC04\Walk_3\TVC04_scaled.osim
[2026-07-20 13:01:24.538] [warning] Coordinate.setValue:  coordinate pro_sup_r is locked. Unable to change its value.
[2026-07-20 13:01:24.570] [warning] Coordinate.setValue:  coordinate pro_sup_l is locked. Unable to change its value.
[2026-07-20 13:01:58.049] [info] Loaded model TCV04-scaled from file C:\Users\Lucia\Desktop\TFG\2_JMP\TVC04\Walk_3\TVC04_3_JMP_results\TVC04_3_NMSM_JMP_01_pelvis_thigh.osim
[2026-07-20 13:01:58.059] [cout] [info] 
               MODEL: TCV04-scaled
         coordinates: 41
              forces: 103
           actuators: 103
             muscles: 86
            analyses: 0
              probes: 0
              bodies: 24
              joints: 24
         constraints: 2
             markers: 27
         controllers: 0
  contact geometries: 0
misc modelcomponents: 0
[2026-07-20 13:01:58.059] [info] Running tool .
[2026-07-20 13:01:58.145] [info] Frame 40 (t = 0.4):	 total squared error = 0.00365051, marker error: RMS = 0.0116277, max = 0.0267841 (R_Elbow)
[2026-07-20 13:01:58.168] [info] Frame 41 (t = 0.41):	 total squared error = 0.00354560, marker error: RMS = 0.0114594, max = 0.0263532 (R_Elbow)
[2026-07-20 13:01:58.187] [info] Frame 42 (t = 0.42):	 total squared error = 0.00344444, marker error: RMS = 0.0112948, max = 0.0258987 (R_Elbow)
[2026-07-20 13:01:58.209] [info] Frame 43 (t = 0.43):	 total squared error = 0.00334188, marker error: RMS = 0.0111254, max = 0.0254295 (R_Elbow)
[2026-07-20 13:01:58.234] [info] Frame 44 (t = 0.44):	 total squared error = 0.00324646, marker error: RMS = 0.0109654, max = 0.0248584 (R_Elbow)
[2026-07-20 13:01:58.274] [info] Frame 45 (t = 0.45):	 total squared error = 0.00315505, marker error: RMS = 0.0108099, max = 0.0242204 (R_Elbow)
[2026-07-20 13:01:58.293] [info] Frame 46 (t = 0.46):	 total squared error = 0.00307742, marker error: RMS = 0.0106761, max = 0.0237279 (R_Elbow)
[2026-07-20 13:01:58.310] [info] Frame 47 (t = 0.47):	 total squared error = 0.00300207, marker error: RMS = 0.0105446, max = 0.023185 (R_Elbow)
[2026-07-20 13:01:58.335] [info] Frame 48 (t = 0.48):	 total squared error = 0.00292318, marker error: RMS = 0.0104051, max = 0.0226379 (R_Elbow)
[2026-07-20 13:01:58.344] [info] Frame 49 (t = 0.49):	 total squared error = 0.00287929, marker error: RMS = 0.0103267, max = 0.0220899 (R_Elbow)
[2026-07-20 13:01:58.359] [info] Frame 50 (t = 0.5):	 total squared error = 0.00281566, marker error: RMS = 0.0102119, max = 0.0217149 (R_Elbow)
[2026-07-20 13:01:58.398] [info] Frame 51 (t = 0.51):	 total squared error = 0.00274209, marker error: RMS = 0.0100776, max = 0.0211462 (R_Elbow)
[2026-07-20 13:01:58.412] [info] Frame 52 (t = 0.52):	 total squared error = 0.00271508, marker error: RMS = 0.0100279, max = 0.0208228 (R_Elbow)
[2026-07-20 13:01:58.439] [info] Frame 53 (t = 0.53):	 total squared error = 0.00269607, marker error: RMS = 0.00999272, max = 0.0203359 (R_Elbow)
[2026-07-20 13:01:58.476] [info] Frame 54 (t = 0.54):	 total squared error = 0.00270486, marker error: RMS = 0.0100090, max = 0.0200630 (R_Elbow)
[2026-07-20 13:01:58.491] [info] Frame 55 (t = 0.55):	 total squared error = 0.00275189, marker error: RMS = 0.0100956, max = 0.0200033 (R_Elbow)
[2026-07-20 13:01:58.535] [info] Frame 56 (t = 0.56):	 total squared error = 0.00280330, marker error: RMS = 0.0101895, max = 0.019837 (Sternum)
[2026-07-20 13:01:58.585] [info] Frame 57 (t = 0.57):	 total squared error = 0.00288987, marker error: RMS = 0.0103456, max = 0.0198203 (Sternum)
[2026-07-20 13:01:58.617] [info] Frame 58 (t = 0.58):	 total squared error = 0.00300121, marker error: RMS = 0.0105430, max = 0.0196896 (Sternum)
[2026-07-20 13:01:58.653] [info] Frame 59 (t = 0.59):	 total squared error = 0.00310424, marker error: RMS = 0.0107225, max = 0.0196996 (Sternum)
[2026-07-20 13:01:58.662] [info] Frame 60 (t = 0.6):	 total squared error = 0.00321736, marker error: RMS = 0.0109161, max = 0.0195289 (R_Elbow)
[2026-07-20 13:01:58.690] [info] Frame 61 (t = 0.61):	 total squared error = 0.00327743, marker error: RMS = 0.0110175, max = 0.0196046 (R_Elbow)
[2026-07-20 13:01:58.701] [info] Frame 62 (t = 0.62):	 total squared error = 0.00332137, marker error: RMS = 0.0110912, max = 0.0199197 (R_Elbow)
[2026-07-20 13:01:58.716] [info] Frame 63 (t = 0.63):	 total squared error = 0.00332573, marker error: RMS = 0.0110984, max = 0.0201740 (R_Elbow)
[2026-07-20 13:01:58.747] [info] Frame 64 (t = 0.64):	 total squared error = 0.00328735, marker error: RMS = 0.0110342, max = 0.0203953 (R_Elbow)
[2026-07-20 13:01:58.761] [info] Frame 65 (t = 0.65):	 total squared error = 0.00322981, marker error: RMS = 0.0109372, max = 0.0207967 (R_Elbow)
[2026-07-20 13:01:58.790] [info] Frame 66 (t = 0.66):	 total squared error = 0.00315133, marker error: RMS = 0.0108035, max = 0.0211884 (R_Elbow)
[2026-07-20 13:01:58.806] [info] Frame 67 (t = 0.67):	 total squared error = 0.00306532, marker error: RMS = 0.0106551, max = 0.0215978 (R_Elbow)
[2026-07-20 13:01:58.824] [info] Frame 68 (t = 0.68):	 total squared error = 0.00297511, marker error: RMS = 0.0104971, max = 0.0220810 (R_Elbow)
[2026-07-20 13:01:58.852] [info] Frame 69 (t = 0.69):	 total squared error = 0.00287964, marker error: RMS = 0.0103273, max = 0.0227086 (R_Elbow)
[2026-07-20 13:01:58.874] [info] Frame 70 (t = 0.7):	 total squared error = 0.00280572, marker error: RMS = 0.0101939, max = 0.0230561 (R_Elbow)
[2026-07-20 13:01:58.900] [info] Frame 71 (t = 0.71):	 total squared error = 0.00274911, marker error: RMS = 0.0100905, max = 0.0236090 (R_Elbow)
[2026-07-20 13:01:58.924] [info] Frame 72 (t = 0.72):	 total squared error = 0.00272378, marker error: RMS = 0.0100439, max = 0.0240148 (R_Elbow)
[2026-07-20 13:01:58.942] [info] Frame 73 (t = 0.73):	 total squared error = 0.00273234, marker error: RMS = 0.0100597, max = 0.0242825 (R_Elbow)
[2026-07-20 13:01:58.960] [info] Frame 74 (t = 0.74):	 total squared error = 0.00277488, marker error: RMS = 0.0101377, max = 0.0246215 (R_Elbow)
[2026-07-20 13:01:58.989] [info] Frame 75 (t = 0.75):	 total squared error = 0.00284014, marker error: RMS = 0.0102562, max = 0.0252879 (R_Elbow)
[2026-07-20 13:01:59.010] [info] Frame 76 (t = 0.76):	 total squared error = 0.00294151, marker error: RMS = 0.0104377, max = 0.025527 (R_Elbow)
[2026-07-20 13:01:59.041] [info] Frame 77 (t = 0.77):	 total squared error = 0.00306289, marker error: RMS = 0.0106508, max = 0.0259046 (R_Elbow)
[2026-07-20 13:01:59.059] [info] Frame 78 (t = 0.78):	 total squared error = 0.00319970, marker error: RMS = 0.0108861, max = 0.0261051 (R_Elbow)
[2026-07-20 13:01:59.076] [info] Frame 79 (t = 0.79):	 total squared error = 0.00333258, marker error: RMS = 0.0111099, max = 0.0264113 (R_Elbow)
[2026-07-20 13:01:59.116] [info] Frame 80 (t = 0.8):	 total squared error = 0.00344232, marker error: RMS = 0.0112913, max = 0.0266321 (R_Elbow)
[2026-07-20 13:01:59.133] [info] Frame 81 (t = 0.81):	 total squared error = 0.00353192, marker error: RMS = 0.0114373, max = 0.0267903 (R_Elbow)
[2026-07-20 13:01:59.156] [info] Frame 82 (t = 0.82):	 total squared error = 0.00358987, marker error: RMS = 0.0115307, max = 0.0270785 (R_Elbow)
[2026-07-20 13:01:59.178] [info] Frame 83 (t = 0.83):	 total squared error = 0.00362257, marker error: RMS = 0.0115831, max = 0.0272662 (R_Elbow)
[2026-07-20 13:01:59.191] [info] Frame 84 (t = 0.84):	 total squared error = 0.00364094, marker error: RMS = 0.0116125, max = 0.0270237 (R_Elbow)
[2026-07-20 13:01:59.212] [info] Frame 85 (t = 0.85):	 total squared error = 0.00362951, marker error: RMS = 0.0115942, max = 0.0275502 (R_Elbow)
[2026-07-20 13:01:59.227] [info] Frame 86 (t = 0.86):	 total squared error = 0.00361580, marker error: RMS = 0.0115723, max = 0.0276015 (R_Elbow)
[2026-07-20 13:01:59.252] [info] Frame 87 (t = 0.87):	 total squared error = 0.00359157, marker error: RMS = 0.0115335, max = 0.027982 (R_Elbow)
[2026-07-20 13:01:59.265] [info] Frame 88 (t = 0.88):	 total squared error = 0.00356759, marker error: RMS = 0.0114949, max = 0.0278921 (R_Elbow)
[2026-07-20 13:01:59.280] [info] Frame 89 (t = 0.89):	 total squared error = 0.00354313, marker error: RMS = 0.0114554, max = 0.0279447 (R_Elbow)
[2026-07-20 13:01:59.306] [info] Frame 90 (t = 0.9):	 total squared error = 0.00351821, marker error: RMS = 0.0114151, max = 0.0282348 (R_Elbow)
[2026-07-20 13:01:59.325] [info] Frame 91 (t = 0.91):	 total squared error = 0.00350091, marker error: RMS = 0.011387, max = 0.0281915 (R_Elbow)
[2026-07-20 13:01:59.343] [info] Frame 92 (t = 0.92):	 total squared error = 0.00349296, marker error: RMS = 0.011374, max = 0.0282565 (R_Elbow)
[2026-07-20 13:01:59.360] [info] Frame 93 (t = 0.93):	 total squared error = 0.00348891, marker error: RMS = 0.0113675, max = 0.0283158 (R_Elbow)
[2026-07-20 13:01:59.389] [info] Frame 94 (t = 0.94):	 total squared error = 0.00347543, marker error: RMS = 0.0113455, max = 0.0284206 (R_Elbow)
[2026-07-20 13:01:59.411] [info] Frame 95 (t = 0.95):	 total squared error = 0.00346703, marker error: RMS = 0.0113317, max = 0.0284885 (R_Elbow)
[2026-07-20 13:01:59.434] [info] Frame 96 (t = 0.96):	 total squared error = 0.00345031, marker error: RMS = 0.0113044, max = 0.0285481 (R_Elbow)
[2026-07-20 13:01:59.457] [info] Frame 97 (t = 0.97):	 total squared error = 0.00342203, marker error: RMS = 0.011258, max = 0.028579 (R_Elbow)
[2026-07-20 13:01:59.477] [info] Frame 98 (t = 0.98):	 total squared error = 0.00338781, marker error: RMS = 0.0112015, max = 0.0287192 (R_Elbow)
[2026-07-20 13:01:59.498] [info] Frame 99 (t = 0.99):	 total squared error = 0.00335016, marker error: RMS = 0.0111391, max = 0.0288852 (R_Elbow)
[2026-07-20 13:01:59.517] [info] Frame 100 (t = 1.0):	 total squared error = 0.00332097, marker error: RMS = 0.0110905, max = 0.0292303 (R_Elbow)
[2026-07-20 13:01:59.539] [info] Frame 101 (t = 1.01):	 total squared error = 0.00328455, marker error: RMS = 0.0110295, max = 0.0293067 (R_Elbow)
[2026-07-20 13:01:59.551] [info] Frame 102 (t = 1.02):	 total squared error = 0.00328394, marker error: RMS = 0.0110285, max = 0.0297587 (R_Elbow)
[2026-07-20 13:01:59.578] [info] Frame 103 (t = 1.03):	 total squared error = 0.00324938, marker error: RMS = 0.0109703, max = 0.0296262 (R_Elbow)
[2026-07-20 13:01:59.613] [info] Frame 104 (t = 1.04):	 total squared error = 0.00325331, marker error: RMS = 0.0109769, max = 0.0299068 (R_Elbow)
[2026-07-20 13:01:59.642] [info] Frame 105 (t = 1.05):	 total squared error = 0.00327920, marker error: RMS = 0.0110205, max = 0.0302299 (R_Elbow)
[2026-07-20 13:01:59.669] [info] Frame 106 (t = 1.06):	 total squared error = 0.00332489, marker error: RMS = 0.0110970, max = 0.0304917 (R_Elbow)
[2026-07-20 13:01:59.703] [info] Frame 107 (t = 1.07):	 total squared error = 0.00338977, marker error: RMS = 0.0112048, max = 0.0308250 (R_Elbow)
[2026-07-20 13:01:59.736] [info] Frame 108 (t = 1.08):	 total squared error = 0.00347198, marker error: RMS = 0.0113398, max = 0.0311045 (R_Elbow)
[2026-07-20 13:01:59.766] [info] Frame 109 (t = 1.09):	 total squared error = 0.00355704, marker error: RMS = 0.0114779, max = 0.0313706 (R_Elbow)
[2026-07-20 13:01:59.778] [info] Frame 110 (t = 1.1):	 total squared error = 0.00363397, marker error: RMS = 0.0116014, max = 0.0317065 (R_Elbow)
[2026-07-20 13:01:59.787] [info] Frame 111 (t = 1.11):	 total squared error = 0.00369211, marker error: RMS = 0.0116938, max = 0.0319814 (R_Elbow)
[2026-07-20 13:01:59.807] [info] Frame 112 (t = 1.12):	 total squared error = 0.00370494, marker error: RMS = 0.0117141, max = 0.0319453 (R_Elbow)
[2026-07-20 13:01:59.829] [info] Frame 113 (t = 1.13):	 total squared error = 0.00369806, marker error: RMS = 0.0117032, max = 0.0319105 (R_Elbow)
[2026-07-20 13:01:59.842] [info] Frame 114 (t = 1.14):	 total squared error = 0.00368055, marker error: RMS = 0.0116755, max = 0.0318496 (R_Elbow)
[2026-07-20 13:01:59.858] [info] Frame 115 (t = 1.15):	 total squared error = 0.00364921, marker error: RMS = 0.0116257, max = 0.0316471 (R_Elbow)
[2026-07-20 13:01:59.878] [info] Frame 116 (t = 1.16):	 total squared error = 0.00361379, marker error: RMS = 0.0115691, max = 0.03161 (R_Elbow)
[2026-07-20 13:01:59.905] [info] Frame 117 (t = 1.17):	 total squared error = 0.00357496, marker error: RMS = 0.0115068, max = 0.0315211 (R_Elbow)
[2026-07-20 13:01:59.925] [info] Frame 118 (t = 1.18):	 total squared error = 0.00354021, marker error: RMS = 0.0114507, max = 0.0312324 (R_Elbow)
[2026-07-20 13:01:59.955] [info] Frame 119 (t = 1.19):	 total squared error = 0.00349899, marker error: RMS = 0.0113839, max = 0.0310975 (R_Elbow)
[2026-07-20 13:01:59.975] [info] Frame 120 (t = 1.2):	 total squared error = 0.00347348, marker error: RMS = 0.0113423, max = 0.0306525 (R_Elbow)
[2026-07-20 13:01:59.995] [info] Frame 121 (t = 1.21):	 total squared error = 0.00345281, marker error: RMS = 0.0113085, max = 0.0302421 (R_Elbow)
[2026-07-20 13:02:00.023] [info] Frame 122 (t = 1.22):	 total squared error = 0.00342140, marker error: RMS = 0.0112569, max = 0.0300222 (R_Elbow)
[2026-07-20 13:02:00.052] [info] Frame 123 (t = 1.23):	 total squared error = 0.00338956, marker error: RMS = 0.0112044, max = 0.0296289 (R_Elbow)
[2026-07-20 13:02:00.068] [info] Frame 124 (t = 1.24):	 total squared error = 0.00338059, marker error: RMS = 0.0111896, max = 0.0291016 (R_Elbow)
[2026-07-20 13:02:00.094] [info] Frame 125 (t = 1.25):	 total squared error = 0.00335217, marker error: RMS = 0.0111425, max = 0.0289237 (R_Elbow)
[2026-07-20 13:02:00.117] [info] Frame 126 (t = 1.26):	 total squared error = 0.00336105, marker error: RMS = 0.0111572, max = 0.0285888 (R_Elbow)
[2026-07-20 13:02:00.135] [info] Frame 127 (t = 1.27):	 total squared error = 0.00340080, marker error: RMS = 0.011223, max = 0.0281573 (R_Elbow)
[2026-07-20 13:02:00.157] [info] Frame 128 (t = 1.28):	 total squared error = 0.00343944, marker error: RMS = 0.0112866, max = 0.0280146 (R_Elbow)
[2026-07-20 13:02:00.177] [info] Frame 129 (t = 1.29):	 total squared error = 0.00350426, marker error: RMS = 0.0113924, max = 0.0277775 (R_Elbow)
[2026-07-20 13:02:00.208] [info] Frame 130 (t = 1.3):	 total squared error = 0.00357296, marker error: RMS = 0.0115036, max = 0.027741 (R_Elbow)
[2026-07-20 13:02:00.225] [info] Frame 131 (t = 1.31):	 total squared error = 0.00365441, marker error: RMS = 0.0116339, max = 0.0276026 (R_Elbow)
[2026-07-20 13:02:00.252] [info] Frame 132 (t = 1.32):	 total squared error = 0.00372615, marker error: RMS = 0.0117476, max = 0.0275365 (R_Elbow)
[2026-07-20 13:02:00.268] [info] Frame 133 (t = 1.33):	 total squared error = 0.00377605, marker error: RMS = 0.011826, max = 0.0275115 (R_Elbow)
[2026-07-20 13:02:00.279] [info] Frame 134 (t = 1.34):	 total squared error = 0.00379667, marker error: RMS = 0.0118582, max = 0.0274832 (R_Elbow)
[2026-07-20 13:02:00.293] [info] Frame 135 (t = 1.35):	 total squared error = 0.00378529, marker error: RMS = 0.0118404, max = 0.0275532 (R_Elbow)
[2026-07-20 13:02:00.325] [info] Frame 136 (t = 1.36):	 total squared error = 0.00373498, marker error: RMS = 0.0117615, max = 0.0272554 (R_Elbow)
[2026-07-20 13:02:00.352] [info] Frame 137 (t = 1.37):	 total squared error = 0.00367039, marker error: RMS = 0.0116594, max = 0.0271511 (R_Elbow)
[2026-07-20 13:02:00.374] [info] Frame 138 (t = 1.38):	 total squared error = 0.00359447, marker error: RMS = 0.0115381, max = 0.0270392 (R_Elbow)
[2026-07-20 13:02:00.397] [info] Frame 139 (t = 1.39):	 total squared error = 0.00351314, marker error: RMS = 0.0114069, max = 0.0268844 (R_Elbow)
[2026-07-20 13:02:00.410] [info] Frame 140 (t = 1.4):	 total squared error = 0.00344092, marker error: RMS = 0.011289, max = 0.0268641 (R_Elbow)
[2026-07-20 13:02:00.445] [info] Frame 141 (t = 1.41):	 total squared error = 0.00335481, marker error: RMS = 0.0111469, max = 0.0264522 (R_Elbow)
[2026-07-20 13:02:00.463] [info] Frame 142 (t = 1.42):	 total squared error = 0.00328301, marker error: RMS = 0.0110269, max = 0.0262727 (R_Elbow)
[2026-07-20 13:02:00.497] [info] Frame 143 (t = 1.43):	 total squared error = 0.00320573, marker error: RMS = 0.0108964, max = 0.0259139 (R_Elbow)
[2026-07-20 13:02:00.514] [info] Frame 144 (t = 1.44):	 total squared error = 0.00314284, marker error: RMS = 0.0107890, max = 0.0256908 (R_Elbow)
[2026-07-20 13:02:00.546] [info] Frame 145 (t = 1.45):	 total squared error = 0.00307173, marker error: RMS = 0.0106662, max = 0.0252843 (R_Elbow)
[2026-07-20 13:02:00.564] [info] Frame 146 (t = 1.46):	 total squared error = 0.00301426, marker error: RMS = 0.0105660, max = 0.0249538 (R_Elbow)
[2026-07-20 13:02:00.582] [info] Frame 147 (t = 1.47):	 total squared error = 0.00296099, marker error: RMS = 0.0104722, max = 0.0246124 (R_Elbow)
[2026-07-20 13:02:00.607] [info] Frame 148 (t = 1.48):	 total squared error = 0.00290329, marker error: RMS = 0.0103696, max = 0.0241581 (R_Elbow)
[2026-07-20 13:02:00.621] [info] Frame 149 (t = 1.49):	 total squared error = 0.00286853, marker error: RMS = 0.0103074, max = 0.023838 (R_Elbow)
[2026-07-20 13:02:00.651] [info] Frame 150 (t = 1.5):	 total squared error = 0.00283333, marker error: RMS = 0.0102439, max = 0.0233934 (R_Elbow)
[2026-07-20 13:02:00.669] [info] Frame 151 (t = 1.51):	 total squared error = 0.00281847, marker error: RMS = 0.0102170, max = 0.0231144 (R_Elbow)
[2026-07-20 13:02:00.693] [info] Frame 152 (t = 1.52):	 total squared error = 0.00281176, marker error: RMS = 0.0102049, max = 0.0226977 (R_Elbow)
[2026-07-20 13:02:00.714] [info] Frame 153 (t = 1.53):	 total squared error = 0.00282236, marker error: RMS = 0.0102241, max = 0.0224245 (R_Elbow)
[2026-07-20 13:02:00.727] [info] Frame 154 (t = 1.54):	 total squared error = 0.00286653, marker error: RMS = 0.0103038, max = 0.0222479 (R_Elbow)
[2026-07-20 13:02:00.758] [info] Frame 155 (t = 1.55):	 total squared error = 0.00289070, marker error: RMS = 0.0103471, max = 0.0218763 (R_Elbow)
[2026-07-20 13:02:00.777] [info] Frame 156 (t = 1.56):	 total squared error = 0.00295490, marker error: RMS = 0.0104614, max = 0.0217942 (R_Elbow)
[2026-07-20 13:02:00.806] [info] Frame 157 (t = 1.57):	 total squared error = 0.00302157, marker error: RMS = 0.0105787, max = 0.0215149 (R_Elbow)
[2026-07-20 13:02:00.819] [info] Frame 158 (t = 1.58):	 total squared error = 0.00311445, marker error: RMS = 0.0107401, max = 0.0214519 (R_Elbow)
[2026-07-20 13:02:00.863] [info] Frame 159 (t = 1.59):	 total squared error = 0.00317045, marker error: RMS = 0.0108362, max = 0.0213162 (R_Elbow)
[2026-07-20 13:02:00.882] [info] Frame 160 (t = 1.6):	 total squared error = 0.00323226, marker error: RMS = 0.0109414, max = 0.0213523 (R_Elbow)
[2026-07-20 13:02:00.902] [info] Frame 161 (t = 1.61):	 total squared error = 0.00327040, marker error: RMS = 0.0110057, max = 0.0213974 (R_Elbow)
[2026-07-20 13:02:00.914] [info] Frame 162 (t = 1.62):	 total squared error = 0.00328181, marker error: RMS = 0.0110249, max = 0.0214861 (R_Elbow)
[2026-07-20 13:02:00.924] [info] Frame 163 (t = 1.63):	 total squared error = 0.00326622, marker error: RMS = 0.0109987, max = 0.0217697 (R_Elbow)
[2026-07-20 13:02:00.936] [info] Frame 164 (t = 1.64):	 total squared error = 0.00322129, marker error: RMS = 0.0109228, max = 0.0219201 (R_Elbow)
[2026-07-20 13:02:00.956] [info] Frame 165 (t = 1.65):	 total squared error = 0.00315201, marker error: RMS = 0.0108047, max = 0.0221579 (R_Elbow)
[2026-07-20 13:02:00.972] [info] Frame 166 (t = 1.66):	 total squared error = 0.00307834, marker error: RMS = 0.0106777, max = 0.0223469 (R_Elbow)
[2026-07-20 13:02:00.990] [info] Frame 167 (t = 1.67):	 total squared error = 0.00300217, marker error: RMS = 0.0105447, max = 0.0226733 (R_Elbow)
[2026-07-20 13:02:01.013] [info] Frame 168 (t = 1.68):	 total squared error = 0.00293352, marker error: RMS = 0.0104235, max = 0.0230979 (R_Elbow)
[2026-07-20 13:02:01.029] [info] Frame 169 (t = 1.69):	 total squared error = 0.00287768, marker error: RMS = 0.0103238, max = 0.0233903 (R_Elbow)
[2026-07-20 13:02:01.059] [info] Frame 170 (t = 1.7):	 total squared error = 0.00283149, marker error: RMS = 0.0102406, max = 0.0240624 (R_Elbow)
[2026-07-20 13:02:01.076] [info] Frame 171 (t = 1.71):	 total squared error = 0.00280374, marker error: RMS = 0.0101903, max = 0.0242887 (R_Elbow)
[2026-07-20 13:02:01.093] [info] Frame 172 (t = 1.72):	 total squared error = 0.00279873, marker error: RMS = 0.0101812, max = 0.0246209 (R_Elbow)
[2026-07-20 13:02:01.122] [info] Frame 173 (t = 1.73):	 total squared error = 0.00281388, marker error: RMS = 0.0102087, max = 0.0252167 (R_Elbow)
[2026-07-20 13:02:01.150] [info] Frame 174 (t = 1.74):	 total squared error = 0.00285814, marker error: RMS = 0.0102887, max = 0.0255581 (R_Elbow)
[2026-07-20 13:02:01.168] [info] Frame 175 (t = 1.75):	 total squared error = 0.00293499, marker error: RMS = 0.0104261, max = 0.0258137 (R_Elbow)
[2026-07-20 13:02:01.199] [info] Frame 176 (t = 1.76):	 total squared error = 0.00304337, marker error: RMS = 0.0106168, max = 0.0262615 (R_Elbow)
[2026-07-20 13:02:01.219] [info] Frame 177 (t = 1.77):	 total squared error = 0.00317734, marker error: RMS = 0.0108480, max = 0.0264822 (R_Elbow)
[2026-07-20 13:02:01.239] [info] Frame 178 (t = 1.78):	 total squared error = 0.00333296, marker error: RMS = 0.0111105, max = 0.0267105 (R_Elbow)
[2026-07-20 13:02:01.265] [info] Frame 179 (t = 1.79):	 total squared error = 0.00349307, marker error: RMS = 0.0113742, max = 0.0269877 (R_Elbow)
[2026-07-20 13:02:01.288] [info] Frame 180 (t = 1.8):	 total squared error = 0.00363986, marker error: RMS = 0.0116108, max = 0.0272209 (R_Elbow)
[2026-07-20 13:02:01.309] [info] Frame 181 (t = 1.81):	 total squared error = 0.00375983, marker error: RMS = 0.0118005, max = 0.0273511 (R_Elbow)
[2026-07-20 13:02:01.328] [info] Frame 182 (t = 1.82):	 total squared error = 0.00384096, marker error: RMS = 0.0119272, max = 0.0276584 (R_Elbow)
[2026-07-20 13:02:01.343] [info] Frame 183 (t = 1.83):	 total squared error = 0.00389343, marker error: RMS = 0.0120084, max = 0.0277115 (R_Elbow)
[2026-07-20 13:02:01.365] [info] Frame 184 (t = 1.84):	 total squared error = 0.00391647, marker error: RMS = 0.0120439, max = 0.027994 (R_Elbow)
[2026-07-20 13:02:01.380] [info] Frame 185 (t = 1.85):	 total squared error = 0.00393634, marker error: RMS = 0.0120744, max = 0.0280243 (R_Elbow)
[2026-07-20 13:02:01.396] [info] Frame 186 (t = 1.86):	 total squared error = 0.00395211, marker error: RMS = 0.0120985, max = 0.0281424 (R_Elbow)
[2026-07-20 13:02:01.421] [info] Frame 187 (t = 1.87):	 total squared error = 0.00397085, marker error: RMS = 0.0121272, max = 0.0284169 (R_Elbow)
[2026-07-20 13:02:01.436] [info] Frame 188 (t = 1.88):	 total squared error = 0.00398993, marker error: RMS = 0.0121563, max = 0.0282671 (R_Elbow)
[2026-07-20 13:02:01.457] [info] Frame 189 (t = 1.89):	 total squared error = 0.00400172, marker error: RMS = 0.0121742, max = 0.0286406 (R_Elbow)
[2026-07-20 13:02:01.481] [info] Frame 190 (t = 1.9):	 total squared error = 0.00400223, marker error: RMS = 0.012175, max = 0.0286676 (R_Elbow)
[2026-07-20 13:02:01.493] [info] Frame 191 (t = 1.91):	 total squared error = 0.00399277, marker error: RMS = 0.0121606, max = 0.0286212 (R_Elbow)
[2026-07-20 13:02:01.518] [info] Frame 192 (t = 1.92):	 total squared error = 0.00396850, marker error: RMS = 0.0121236, max = 0.0288325 (R_Elbow)
[2026-07-20 13:02:01.532] [info] Frame 193 (t = 1.93):	 total squared error = 0.00394390, marker error: RMS = 0.0120860, max = 0.0288496 (R_Elbow)
[2026-07-20 13:02:01.554] [info] Frame 194 (t = 1.94):	 total squared error = 0.00390163, marker error: RMS = 0.0120210, max = 0.0290659 (R_Elbow)
[2026-07-20 13:02:01.577] [info] Frame 195 (t = 1.95):	 total squared error = 0.00385232, marker error: RMS = 0.0119448, max = 0.0291756 (R_Elbow)
[2026-07-20 13:02:01.603] [info] Frame 196 (t = 1.96):	 total squared error = 0.00379193, marker error: RMS = 0.0118508, max = 0.0291828 (R_Elbow)
[2026-07-20 13:02:01.619] [info] Frame 197 (t = 1.97):	 total squared error = 0.00372602, marker error: RMS = 0.0117474, max = 0.0294385 (R_Elbow)
[2026-07-20 13:02:01.635] [info] Frame 198 (t = 1.98):	 total squared error = 0.00366170, marker error: RMS = 0.0116455, max = 0.029724 (R_Elbow)
[2026-07-20 13:02:01.656] [info] Frame 199 (t = 1.99):	 total squared error = 0.00357371, marker error: RMS = 0.0115048, max = 0.0299246 (R_Elbow)
[2026-07-20 13:02:01.672] [info] Frame 200 (t = 2.0):	 total squared error = 0.00351576, marker error: RMS = 0.0114111, max = 0.0301214 (R_Elbow)
[2026-07-20 13:02:01.694] [info] Frame 201 (t = 2.01):	 total squared error = 0.00345777, marker error: RMS = 0.0113166, max = 0.0301723 (R_Elbow)
[2026-07-20 13:02:01.737] [info] Frame 202 (t = 2.02):	 total squared error = 0.00343565, marker error: RMS = 0.0112804, max = 0.0303715 (R_Elbow)
[2026-07-20 13:02:01.758] [info] Frame 203 (t = 2.03):	 total squared error = 0.00345424, marker error: RMS = 0.0113108, max = 0.0308569 (R_Elbow)
[2026-07-20 13:02:01.797] [info] Frame 204 (t = 2.04):	 total squared error = 0.00347206, marker error: RMS = 0.01134, max = 0.0308822 (R_Elbow)
[2026-07-20 13:02:01.822] [info] Frame 205 (t = 2.05):	 total squared error = 0.00352063, marker error: RMS = 0.011419, max = 0.0312062 (R_Elbow)
[2026-07-20 13:02:01.840] [info] Frame 206 (t = 2.06):	 total squared error = 0.00358761, marker error: RMS = 0.0115271, max = 0.0315789 (R_Elbow)
[2026-07-20 13:02:01.880] [info] Frame 207 (t = 2.07):	 total squared error = 0.00363967, marker error: RMS = 0.0116104, max = 0.0316064 (R_Elbow)
[2026-07-20 13:02:01.896] [info] Frame 208 (t = 2.08):	 total squared error = 0.00372934, marker error: RMS = 0.0117526, max = 0.0319901 (R_Elbow)
[2026-07-20 13:02:01.919] [info] Frame 209 (t = 2.09):	 total squared error = 0.00377586, marker error: RMS = 0.0118257, max = 0.0320168 (R_Elbow)
[2026-07-20 13:02:01.935] [info] Frame 210 (t = 2.1):	 total squared error = 0.00382149, marker error: RMS = 0.0118969, max = 0.0321567 (R_Elbow)
[2026-07-20 13:02:01.955] [info] Frame 211 (t = 2.11):	 total squared error = 0.00384127, marker error: RMS = 0.0119277, max = 0.032224 (R_Elbow)
[2026-07-20 13:02:01.964] [info] Frame 212 (t = 2.12):	 total squared error = 0.00384248, marker error: RMS = 0.0119296, max = 0.0324228 (R_Elbow)
[2026-07-20 13:02:01.982] [info] Frame 213 (t = 2.13):	 total squared error = 0.00381155, marker error: RMS = 0.0118814, max = 0.0321921 (R_Elbow)
[2026-07-20 13:02:02.013] [info] Frame 214 (t = 2.14):	 total squared error = 0.00376277, marker error: RMS = 0.0118052, max = 0.032211 (R_Elbow)
[2026-07-20 13:02:02.032] [info] Frame 215 (t = 2.15):	 total squared error = 0.00371904, marker error: RMS = 0.0117364, max = 0.0319983 (R_Elbow)
[2026-07-20 13:02:02.043] [info] Frame 216 (t = 2.16):	 total squared error = 0.00368100, marker error: RMS = 0.0116762, max = 0.0317967 (R_Elbow)
[2026-07-20 13:02:02.071] [info] Frame 217 (t = 2.17):	 total squared error = 0.00362951, marker error: RMS = 0.0115942, max = 0.0317031 (R_Elbow)
[2026-07-20 13:02:02.100] [info] Frame 218 (t = 2.18):	 total squared error = 0.00358578, marker error: RMS = 0.0115242, max = 0.0314935 (R_Elbow)
[2026-07-20 13:02:02.120] [info] Frame 219 (t = 2.19):	 total squared error = 0.00355121, marker error: RMS = 0.0114685, max = 0.0311405 (R_Elbow)
[2026-07-20 13:02:02.140] [info] Frame 220 (t = 2.2):	 total squared error = 0.00351805, marker error: RMS = 0.0114148, max = 0.0308767 (R_Elbow)
[2026-07-20 13:02:02.157] [info] Frame 221 (t = 2.21):	 total squared error = 0.00348525, marker error: RMS = 0.0113615, max = 0.0305469 (R_Elbow)
[2026-07-20 13:02:02.171] [info] Frame 222 (t = 2.22):	 total squared error = 0.00344896, marker error: RMS = 0.0113022, max = 0.0301967 (R_Elbow)
[2026-07-20 13:02:02.202] [info] Frame 223 (t = 2.23):	 total squared error = 0.00340001, marker error: RMS = 0.0112217, max = 0.0301688 (R_Elbow)
[2026-07-20 13:02:02.227] [info] Frame 224 (t = 2.24):	 total squared error = 0.00335857, marker error: RMS = 0.0111531, max = 0.029883 (R_Elbow)
[2026-07-20 13:02:02.248] [info] Frame 225 (t = 2.25):	 total squared error = 0.00332846, marker error: RMS = 0.0111030, max = 0.029537 (R_Elbow)
[2026-07-20 13:02:02.270] [info] Frame 226 (t = 2.26):	 total squared error = 0.00331601, marker error: RMS = 0.0110822, max = 0.0292729 (R_Elbow)
[2026-07-20 13:02:02.289] [info] Frame 227 (t = 2.27):	 total squared error = 0.00332173, marker error: RMS = 0.0110918, max = 0.0290583 (R_Elbow)
[2026-07-20 13:02:02.309] [info] Frame 228 (t = 2.28):	 total squared error = 0.00333725, marker error: RMS = 0.0111176, max = 0.0288662 (R_Elbow)
[2026-07-20 13:02:02.340] [info] Frame 229 (t = 2.29):	 total squared error = 0.00334234, marker error: RMS = 0.0111261, max = 0.0288977 (R_Elbow)
[2026-07-20 13:02:02.363] [info] Frame 230 (t = 2.3):	 total squared error = 0.00339277, marker error: RMS = 0.0112097, max = 0.028657 (R_Elbow)
[2026-07-20 13:02:02.391] [info] Frame 231 (t = 2.31):	 total squared error = 0.00344182, marker error: RMS = 0.0112905, max = 0.028581 (R_Elbow)
[2026-07-20 13:02:02.407] [info] Frame 232 (t = 2.32):	 total squared error = 0.00350966, marker error: RMS = 0.0114012, max = 0.0283448 (R_Elbow)
[2026-07-20 13:02:02.424] [info] Frame 233 (t = 2.33):	 total squared error = 0.00356708, marker error: RMS = 0.0114941, max = 0.0282215 (R_Elbow)
[2026-07-20 13:02:02.442] [info] Frame 234 (t = 2.34):	 total squared error = 0.00361392, marker error: RMS = 0.0115693, max = 0.0281985 (R_Elbow)
[2026-07-20 13:02:02.455] [info] Frame 235 (t = 2.35):	 total squared error = 0.00364860, marker error: RMS = 0.0116247, max = 0.0281132 (R_Elbow)
[2026-07-20 13:02:02.471] [info] Frame 236 (t = 2.36):	 total squared error = 0.00366250, marker error: RMS = 0.0116468, max = 0.0279983 (R_Elbow)
[2026-07-20 13:02:02.482] [info] Frame 237 (t = 2.37):	 total squared error = 0.00366281, marker error: RMS = 0.0116473, max = 0.0279097 (R_Elbow)
[2026-07-20 13:02:02.512] [info] Frame 238 (t = 2.38):	 total squared error = 0.00362423, marker error: RMS = 0.0115858, max = 0.0275656 (R_Elbow)
[2026-07-20 13:02:02.524] [info] Frame 239 (t = 2.39):	 total squared error = 0.00358595, marker error: RMS = 0.0115245, max = 0.0274791 (R_Elbow)
[2026-07-20 13:02:02.547] [info] Frame 240 (t = 2.4):	 total squared error = 0.00352772, marker error: RMS = 0.0114305, max = 0.0271081 (R_Elbow)
[2026-07-20 13:02:02.555] [info] Frame 241 (t = 2.41):	 total squared error = 0.00348090, marker error: RMS = 0.0113544, max = 0.0268733 (R_Elbow)
[2026-07-20 13:02:02.573] [info] Frame 242 (t = 2.42):	 total squared error = 0.00340157, marker error: RMS = 0.0112243, max = 0.0266108 (R_Elbow)
[2026-07-20 13:02:02.606] [info] Frame 243 (t = 2.43):	 total squared error = 0.00331969, marker error: RMS = 0.0110883, max = 0.0260413 (R_Elbow)
[2026-07-20 13:02:02.630] [info] Frame 244 (t = 2.44):	 total squared error = 0.00324921, marker error: RMS = 0.0109700, max = 0.0256749 (R_Elbow)
[2026-07-20 13:02:02.654] [info] Frame 245 (t = 2.45):	 total squared error = 0.00317991, marker error: RMS = 0.0108524, max = 0.0251817 (R_Elbow)
[2026-07-20 13:02:02.668] [info] Frame 246 (t = 2.46):	 total squared error = 0.00313344, marker error: RMS = 0.0107728, max = 0.0248511 (R_Elbow)
[2026-07-20 13:02:02.698] [info] Frame 247 (t = 2.47):	 total squared error = 0.00304619, marker error: RMS = 0.0106218, max = 0.0242614 (R_Elbow)
[2026-07-20 13:02:02.723] [info] Frame 248 (t = 2.48):	 total squared error = 0.00298163, marker error: RMS = 0.0105086, max = 0.0238613 (R_Elbow)
[2026-07-20 13:02:02.745] [info] Frame 249 (t = 2.49):	 total squared error = 0.00291925, marker error: RMS = 0.0103981, max = 0.0234113 (R_Elbow)
[2026-07-20 13:02:02.774] [info] Frame 250 (t = 2.5):	 total squared error = 0.00285424, marker error: RMS = 0.0102817, max = 0.0229327 (R_Elbow)
[2026-07-20 13:02:02.779] [info] InverseKinematicsTool completed 211 frames in 5 second(s).
[2026-07-20 13:02:02.814] [info] Loaded model TCV04-scaled from file C:\Users\Lucia\Desktop\TFG\2_JMP\TVC04\Walk_3\TVC04_3_JMP_results\TVC04_3_NMSM_JMP_01_pelvis_thigh.osim
[2026-07-20 13:02:03.363] [warning] Coordinate.setValue:  coordinate pro_sup_r is locked. Unable to change its value.
[2026-07-20 13:02:03.400] [warning] Coordinate.setValue:  coordinate pro_sup_l is locked. Unable to change its value.
[2026-07-20 13:02:34.483] [info] Loaded model TCV04-scaled from file C:\Users\Lucia\Desktop\TFG\2_JMP\TVC04\Walk_3\TVC04_3_JMP_results\TVC04_3_NMSM_JMP_01_pelvis_thigh.osim
[2026-07-20 13:02:34.495] [cout] [info] 
               MODEL: TCV04-scaled
         coordinates: 41
              forces: 103
           actuators: 103
             muscles: 86
            analyses: 0
              probes: 0
              bodies: 24
              joints: 24
         constraints: 2
             markers: 27
         controllers: 0
  contact geometries: 0
misc modelcomponents: 0
[2026-07-20 13:02:34.495] [info] Running tool .
[2026-07-20 13:02:34.580] [info] Frame 40 (t = 0.4):	 total squared error = 0.00365051, marker error: RMS = 0.0116277, max = 0.0267841 (R_Elbow)
[2026-07-20 13:02:34.607] [info] Frame 41 (t = 0.41):	 total squared error = 0.00354560, marker error: RMS = 0.0114594, max = 0.0263532 (R_Elbow)
[2026-07-20 13:02:34.624] [info] Frame 42 (t = 0.42):	 total squared error = 0.00344444, marker error: RMS = 0.0112948, max = 0.0258987 (R_Elbow)
[2026-07-20 13:02:34.647] [info] Frame 43 (t = 0.43):	 total squared error = 0.00334188, marker error: RMS = 0.0111254, max = 0.0254295 (R_Elbow)
[2026-07-20 13:02:34.667] [info] Frame 44 (t = 0.44):	 total squared error = 0.00324646, marker error: RMS = 0.0109654, max = 0.0248584 (R_Elbow)
[2026-07-20 13:02:34.702] [info] Frame 45 (t = 0.45):	 total squared error = 0.00315505, marker error: RMS = 0.0108099, max = 0.0242204 (R_Elbow)
[2026-07-20 13:02:34.720] [info] Frame 46 (t = 0.46):	 total squared error = 0.00307742, marker error: RMS = 0.0106761, max = 0.0237279 (R_Elbow)
[2026-07-20 13:02:34.738] [info] Frame 47 (t = 0.47):	 total squared error = 0.00300207, marker error: RMS = 0.0105446, max = 0.023185 (R_Elbow)
[2026-07-20 13:02:34.761] [info] Frame 48 (t = 0.48):	 total squared error = 0.00292318, marker error: RMS = 0.0104051, max = 0.0226379 (R_Elbow)
[2026-07-20 13:02:34.770] [info] Frame 49 (t = 0.49):	 total squared error = 0.00287929, marker error: RMS = 0.0103267, max = 0.0220899 (R_Elbow)
[2026-07-20 13:02:34.784] [info] Frame 50 (t = 0.5):	 total squared error = 0.00281566, marker error: RMS = 0.0102119, max = 0.0217149 (R_Elbow)
[2026-07-20 13:02:34.821] [info] Frame 51 (t = 0.51):	 total squared error = 0.00274209, marker error: RMS = 0.0100776, max = 0.0211462 (R_Elbow)
[2026-07-20 13:02:34.835] [info] Frame 52 (t = 0.52):	 total squared error = 0.00271508, marker error: RMS = 0.0100279, max = 0.0208228 (R_Elbow)
[2026-07-20 13:02:34.860] [info] Frame 53 (t = 0.53):	 total squared error = 0.00269607, marker error: RMS = 0.00999272, max = 0.0203359 (R_Elbow)
[2026-07-20 13:02:34.896] [info] Frame 54 (t = 0.54):	 total squared error = 0.00270486, marker error: RMS = 0.0100090, max = 0.0200630 (R_Elbow)
[2026-07-20 13:02:34.910] [info] Frame 55 (t = 0.55):	 total squared error = 0.00275189, marker error: RMS = 0.0100956, max = 0.0200033 (R_Elbow)
[2026-07-20 13:02:34.954] [info] Frame 56 (t = 0.56):	 total squared error = 0.00280330, marker error: RMS = 0.0101895, max = 0.019837 (Sternum)
[2026-07-20 13:02:34.989] [info] Frame 57 (t = 0.57):	 total squared error = 0.00288987, marker error: RMS = 0.0103456, max = 0.0198203 (Sternum)
[2026-07-20 13:02:35.007] [info] Frame 58 (t = 0.58):	 total squared error = 0.00300121, marker error: RMS = 0.0105430, max = 0.0196896 (Sternum)
[2026-07-20 13:02:35.040] [info] Frame 59 (t = 0.59):	 total squared error = 0.00310424, marker error: RMS = 0.0107225, max = 0.0196996 (Sternum)
[2026-07-20 13:02:35.048] [info] Frame 60 (t = 0.6):	 total squared error = 0.00321736, marker error: RMS = 0.0109161, max = 0.0195289 (R_Elbow)
[2026-07-20 13:02:35.076] [info] Frame 61 (t = 0.61):	 total squared error = 0.00327743, marker error: RMS = 0.0110175, max = 0.0196046 (R_Elbow)
[2026-07-20 13:02:35.087] [info] Frame 62 (t = 0.62):	 total squared error = 0.00332137, marker error: RMS = 0.0110912, max = 0.0199197 (R_Elbow)
[2026-07-20 13:02:35.102] [info] Frame 63 (t = 0.63):	 total squared error = 0.00332573, marker error: RMS = 0.0110984, max = 0.0201740 (R_Elbow)
[2026-07-20 13:02:35.131] [info] Frame 64 (t = 0.64):	 total squared error = 0.00328735, marker error: RMS = 0.0110342, max = 0.0203953 (R_Elbow)
[2026-07-20 13:02:35.145] [info] Frame 65 (t = 0.65):	 total squared error = 0.00322981, marker error: RMS = 0.0109372, max = 0.0207967 (R_Elbow)
[2026-07-20 13:02:35.172] [info] Frame 66 (t = 0.66):	 total squared error = 0.00315133, marker error: RMS = 0.0108035, max = 0.0211884 (R_Elbow)
[2026-07-20 13:02:35.190] [info] Frame 67 (t = 0.67):	 total squared error = 0.00306532, marker error: RMS = 0.0106551, max = 0.0215978 (R_Elbow)
[2026-07-20 13:02:35.209] [info] Frame 68 (t = 0.68):	 total squared error = 0.00297511, marker error: RMS = 0.0104971, max = 0.0220810 (R_Elbow)
[2026-07-20 13:02:35.235] [info] Frame 69 (t = 0.69):	 total squared error = 0.00287964, marker error: RMS = 0.0103273, max = 0.0227086 (R_Elbow)
[2026-07-20 13:02:35.255] [info] Frame 70 (t = 0.7):	 total squared error = 0.00280572, marker error: RMS = 0.0101939, max = 0.0230561 (R_Elbow)
[2026-07-20 13:02:35.279] [info] Frame 71 (t = 0.71):	 total squared error = 0.00274911, marker error: RMS = 0.0100905, max = 0.0236090 (R_Elbow)
[2026-07-20 13:02:35.301] [info] Frame 72 (t = 0.72):	 total squared error = 0.00272378, marker error: RMS = 0.0100439, max = 0.0240148 (R_Elbow)
[2026-07-20 13:02:35.317] [info] Frame 73 (t = 0.73):	 total squared error = 0.00273234, marker error: RMS = 0.0100597, max = 0.0242825 (R_Elbow)
[2026-07-20 13:02:35.333] [info] Frame 74 (t = 0.74):	 total squared error = 0.00277488, marker error: RMS = 0.0101377, max = 0.0246215 (R_Elbow)
[2026-07-20 13:02:35.358] [info] Frame 75 (t = 0.75):	 total squared error = 0.00284014, marker error: RMS = 0.0102562, max = 0.0252879 (R_Elbow)
[2026-07-20 13:02:35.376] [info] Frame 76 (t = 0.76):	 total squared error = 0.00294151, marker error: RMS = 0.0104377, max = 0.025527 (R_Elbow)
[2026-07-20 13:02:35.402] [info] Frame 77 (t = 0.77):	 total squared error = 0.00306289, marker error: RMS = 0.0106508, max = 0.0259046 (R_Elbow)
[2026-07-20 13:02:35.420] [info] Frame 78 (t = 0.78):	 total squared error = 0.00319970, marker error: RMS = 0.0108861, max = 0.0261051 (R_Elbow)
[2026-07-20 13:02:35.438] [info] Frame 79 (t = 0.79):	 total squared error = 0.00333258, marker error: RMS = 0.0111099, max = 0.0264113 (R_Elbow)
[2026-07-20 13:02:35.478] [info] Frame 80 (t = 0.8):	 total squared error = 0.00344232, marker error: RMS = 0.0112913, max = 0.0266321 (R_Elbow)
[2026-07-20 13:02:35.493] [info] Frame 81 (t = 0.81):	 total squared error = 0.00353192, marker error: RMS = 0.0114373, max = 0.0267903 (R_Elbow)
[2026-07-20 13:02:35.513] [info] Frame 82 (t = 0.82):	 total squared error = 0.00358987, marker error: RMS = 0.0115307, max = 0.0270785 (R_Elbow)
[2026-07-20 13:02:35.532] [info] Frame 83 (t = 0.83):	 total squared error = 0.00362257, marker error: RMS = 0.0115831, max = 0.0272662 (R_Elbow)
[2026-07-20 13:02:35.544] [info] Frame 84 (t = 0.84):	 total squared error = 0.00364094, marker error: RMS = 0.0116125, max = 0.0270237 (R_Elbow)
[2026-07-20 13:02:35.560] [info] Frame 85 (t = 0.85):	 total squared error = 0.00362951, marker error: RMS = 0.0115942, max = 0.0275502 (R_Elbow)
[2026-07-20 13:02:35.574] [info] Frame 86 (t = 0.86):	 total squared error = 0.00361580, marker error: RMS = 0.0115723, max = 0.0276015 (R_Elbow)
[2026-07-20 13:02:35.596] [info] Frame 87 (t = 0.87):	 total squared error = 0.00359157, marker error: RMS = 0.0115335, max = 0.027982 (R_Elbow)
[2026-07-20 13:02:35.609] [info] Frame 88 (t = 0.88):	 total squared error = 0.00356759, marker error: RMS = 0.0114949, max = 0.0278921 (R_Elbow)
[2026-07-20 13:02:35.623] [info] Frame 89 (t = 0.89):	 total squared error = 0.00354313, marker error: RMS = 0.0114554, max = 0.0279447 (R_Elbow)
[2026-07-20 13:02:35.649] [info] Frame 90 (t = 0.9):	 total squared error = 0.00351821, marker error: RMS = 0.0114151, max = 0.0282348 (R_Elbow)
[2026-07-20 13:02:35.668] [info] Frame 91 (t = 0.91):	 total squared error = 0.00350091, marker error: RMS = 0.011387, max = 0.0281915 (R_Elbow)
[2026-07-20 13:02:35.685] [info] Frame 92 (t = 0.92):	 total squared error = 0.00349296, marker error: RMS = 0.011374, max = 0.0282565 (R_Elbow)
[2026-07-20 13:02:35.703] [info] Frame 93 (t = 0.93):	 total squared error = 0.00348891, marker error: RMS = 0.0113675, max = 0.0283158 (R_Elbow)
[2026-07-20 13:02:35.729] [info] Frame 94 (t = 0.94):	 total squared error = 0.00347543, marker error: RMS = 0.0113455, max = 0.0284206 (R_Elbow)
[2026-07-20 13:02:35.748] [info] Frame 95 (t = 0.95):	 total squared error = 0.00346703, marker error: RMS = 0.0113317, max = 0.0284885 (R_Elbow)
[2026-07-20 13:02:35.770] [info] Frame 96 (t = 0.96):	 total squared error = 0.00345031, marker error: RMS = 0.0113044, max = 0.0285481 (R_Elbow)
[2026-07-20 13:02:35.792] [info] Frame 97 (t = 0.97):	 total squared error = 0.00342203, marker error: RMS = 0.011258, max = 0.028579 (R_Elbow)
[2026-07-20 13:02:35.812] [info] Frame 98 (t = 0.98):	 total squared error = 0.00338781, marker error: RMS = 0.0112015, max = 0.0287192 (R_Elbow)
[2026-07-20 13:02:35.832] [info] Frame 99 (t = 0.99):	 total squared error = 0.00335016, marker error: RMS = 0.0111391, max = 0.0288852 (R_Elbow)
[2026-07-20 13:02:35.848] [info] Frame 100 (t = 1.0):	 total squared error = 0.00332097, marker error: RMS = 0.0110905, max = 0.0292303 (R_Elbow)
[2026-07-20 13:02:35.865] [info] Frame 101 (t = 1.01):	 total squared error = 0.00328455, marker error: RMS = 0.0110295, max = 0.0293067 (R_Elbow)
[2026-07-20 13:02:35.876] [info] Frame 102 (t = 1.02):	 total squared error = 0.00328394, marker error: RMS = 0.0110285, max = 0.0297587 (R_Elbow)
[2026-07-20 13:02:35.904] [info] Frame 103 (t = 1.03):	 total squared error = 0.00324938, marker error: RMS = 0.0109703, max = 0.0296262 (R_Elbow)
[2026-07-20 13:02:35.936] [info] Frame 104 (t = 1.04):	 total squared error = 0.00325331, marker error: RMS = 0.0109769, max = 0.0299068 (R_Elbow)
[2026-07-20 13:02:35.965] [info] Frame 105 (t = 1.05):	 total squared error = 0.00327920, marker error: RMS = 0.0110205, max = 0.0302299 (R_Elbow)
[2026-07-20 13:02:35.989] [info] Frame 106 (t = 1.06):	 total squared error = 0.00332489, marker error: RMS = 0.0110970, max = 0.0304917 (R_Elbow)
[2026-07-20 13:02:36.021] [info] Frame 107 (t = 1.07):	 total squared error = 0.00338977, marker error: RMS = 0.0112048, max = 0.0308250 (R_Elbow)
[2026-07-20 13:02:36.051] [info] Frame 108 (t = 1.08):	 total squared error = 0.00347198, marker error: RMS = 0.0113398, max = 0.0311045 (R_Elbow)
[2026-07-20 13:02:36.078] [info] Frame 109 (t = 1.09):	 total squared error = 0.00355704, marker error: RMS = 0.0114779, max = 0.0313706 (R_Elbow)
[2026-07-20 13:02:36.088] [info] Frame 110 (t = 1.1):	 total squared error = 0.00363397, marker error: RMS = 0.0116014, max = 0.0317065 (R_Elbow)
[2026-07-20 13:02:36.097] [info] Frame 111 (t = 1.11):	 total squared error = 0.00369211, marker error: RMS = 0.0116938, max = 0.0319814 (R_Elbow)
[2026-07-20 13:02:36.115] [info] Frame 112 (t = 1.12):	 total squared error = 0.00370494, marker error: RMS = 0.0117141, max = 0.0319453 (R_Elbow)
[2026-07-20 13:02:36.138] [info] Frame 113 (t = 1.13):	 total squared error = 0.00369806, marker error: RMS = 0.0117032, max = 0.0319105 (R_Elbow)
[2026-07-20 13:02:36.150] [info] Frame 114 (t = 1.14):	 total squared error = 0.00368055, marker error: RMS = 0.0116755, max = 0.0318496 (R_Elbow)
[2026-07-20 13:02:36.165] [info] Frame 115 (t = 1.15):	 total squared error = 0.00364921, marker error: RMS = 0.0116257, max = 0.0316471 (R_Elbow)
[2026-07-20 13:02:36.182] [info] Frame 116 (t = 1.16):	 total squared error = 0.00361379, marker error: RMS = 0.0115691, max = 0.03161 (R_Elbow)
[2026-07-20 13:02:36.206] [info] Frame 117 (t = 1.17):	 total squared error = 0.00357496, marker error: RMS = 0.0115068, max = 0.0315211 (R_Elbow)
[2026-07-20 13:02:36.225] [info] Frame 118 (t = 1.18):	 total squared error = 0.00354021, marker error: RMS = 0.0114507, max = 0.0312324 (R_Elbow)
[2026-07-20 13:02:36.255] [info] Frame 119 (t = 1.19):	 total squared error = 0.00349899, marker error: RMS = 0.0113839, max = 0.0310975 (R_Elbow)
[2026-07-20 13:02:36.276] [info] Frame 120 (t = 1.2):	 total squared error = 0.00347348, marker error: RMS = 0.0113423, max = 0.0306525 (R_Elbow)
[2026-07-20 13:02:36.295] [info] Frame 121 (t = 1.21):	 total squared error = 0.00345281, marker error: RMS = 0.0113085, max = 0.0302421 (R_Elbow)
[2026-07-20 13:02:36.320] [info] Frame 122 (t = 1.22):	 total squared error = 0.00342140, marker error: RMS = 0.0112569, max = 0.0300222 (R_Elbow)
[2026-07-20 13:02:36.348] [info] Frame 123 (t = 1.23):	 total squared error = 0.00338956, marker error: RMS = 0.0112044, max = 0.0296289 (R_Elbow)
[2026-07-20 13:02:36.361] [info] Frame 124 (t = 1.24):	 total squared error = 0.00338059, marker error: RMS = 0.0111896, max = 0.0291016 (R_Elbow)
[2026-07-20 13:02:36.386] [info] Frame 125 (t = 1.25):	 total squared error = 0.00335217, marker error: RMS = 0.0111425, max = 0.0289237 (R_Elbow)
[2026-07-20 13:02:36.410] [info] Frame 126 (t = 1.26):	 total squared error = 0.00336105, marker error: RMS = 0.0111572, max = 0.0285888 (R_Elbow)
[2026-07-20 13:02:36.426] [info] Frame 127 (t = 1.27):	 total squared error = 0.00340080, marker error: RMS = 0.011223, max = 0.0281573 (R_Elbow)
[2026-07-20 13:02:36.446] [info] Frame 128 (t = 1.28):	 total squared error = 0.00343944, marker error: RMS = 0.0112866, max = 0.0280146 (R_Elbow)
[2026-07-20 13:02:36.465] [info] Frame 129 (t = 1.29):	 total squared error = 0.00350426, marker error: RMS = 0.0113924, max = 0.0277775 (R_Elbow)
[2026-07-20 13:02:36.495] [info] Frame 130 (t = 1.3):	 total squared error = 0.00357296, marker error: RMS = 0.0115036, max = 0.027741 (R_Elbow)
[2026-07-20 13:02:36.511] [info] Frame 131 (t = 1.31):	 total squared error = 0.00365441, marker error: RMS = 0.0116339, max = 0.0276026 (R_Elbow)
[2026-07-20 13:02:36.533] [info] Frame 132 (t = 1.32):	 total squared error = 0.00372615, marker error: RMS = 0.0117476, max = 0.0275365 (R_Elbow)
[2026-07-20 13:02:36.546] [info] Frame 133 (t = 1.33):	 total squared error = 0.00377605, marker error: RMS = 0.011826, max = 0.0275115 (R_Elbow)
[2026-07-20 13:02:36.557] [info] Frame 134 (t = 1.34):	 total squared error = 0.00379667, marker error: RMS = 0.0118582, max = 0.0274832 (R_Elbow)
[2026-07-20 13:02:36.571] [info] Frame 135 (t = 1.35):	 total squared error = 0.00378529, marker error: RMS = 0.0118404, max = 0.0275532 (R_Elbow)
[2026-07-20 13:02:36.602] [info] Frame 136 (t = 1.36):	 total squared error = 0.00373498, marker error: RMS = 0.0117615, max = 0.0272554 (R_Elbow)
[2026-07-20 13:02:36.628] [info] Frame 137 (t = 1.37):	 total squared error = 0.00367039, marker error: RMS = 0.0116594, max = 0.0271511 (R_Elbow)
[2026-07-20 13:02:36.649] [info] Frame 138 (t = 1.38):	 total squared error = 0.00359447, marker error: RMS = 0.0115381, max = 0.0270392 (R_Elbow)
[2026-07-20 13:02:36.670] [info] Frame 139 (t = 1.39):	 total squared error = 0.00351314, marker error: RMS = 0.0114069, max = 0.0268844 (R_Elbow)
[2026-07-20 13:02:36.683] [info] Frame 140 (t = 1.4):	 total squared error = 0.00344092, marker error: RMS = 0.011289, max = 0.0268641 (R_Elbow)
[2026-07-20 13:02:36.717] [info] Frame 141 (t = 1.41):	 total squared error = 0.00335481, marker error: RMS = 0.0111469, max = 0.0264522 (R_Elbow)
[2026-07-20 13:02:36.735] [info] Frame 142 (t = 1.42):	 total squared error = 0.00328301, marker error: RMS = 0.0110269, max = 0.0262727 (R_Elbow)
[2026-07-20 13:02:36.767] [info] Frame 143 (t = 1.43):	 total squared error = 0.00320573, marker error: RMS = 0.0108964, max = 0.0259139 (R_Elbow)
[2026-07-20 13:02:36.783] [info] Frame 144 (t = 1.44):	 total squared error = 0.00314284, marker error: RMS = 0.0107890, max = 0.0256908 (R_Elbow)
[2026-07-20 13:02:36.809] [info] Frame 145 (t = 1.45):	 total squared error = 0.00307173, marker error: RMS = 0.0106662, max = 0.0252843 (R_Elbow)
[2026-07-20 13:02:36.827] [info] Frame 146 (t = 1.46):	 total squared error = 0.00301426, marker error: RMS = 0.0105660, max = 0.0249538 (R_Elbow)
[2026-07-20 13:02:36.845] [info] Frame 147 (t = 1.47):	 total squared error = 0.00296099, marker error: RMS = 0.0104722, max = 0.0246124 (R_Elbow)
[2026-07-20 13:02:36.868] [info] Frame 148 (t = 1.48):	 total squared error = 0.00290329, marker error: RMS = 0.0103696, max = 0.0241581 (R_Elbow)
[2026-07-20 13:02:36.882] [info] Frame 149 (t = 1.49):	 total squared error = 0.00286853, marker error: RMS = 0.0103074, max = 0.023838 (R_Elbow)
[2026-07-20 13:02:36.911] [info] Frame 150 (t = 1.5):	 total squared error = 0.00283333, marker error: RMS = 0.0102439, max = 0.0233934 (R_Elbow)
[2026-07-20 13:02:36.928] [info] Frame 151 (t = 1.51):	 total squared error = 0.00281847, marker error: RMS = 0.0102170, max = 0.0231144 (R_Elbow)
[2026-07-20 13:02:36.953] [info] Frame 152 (t = 1.52):	 total squared error = 0.00281176, marker error: RMS = 0.0102049, max = 0.0226977 (R_Elbow)
[2026-07-20 13:02:36.974] [info] Frame 153 (t = 1.53):	 total squared error = 0.00282236, marker error: RMS = 0.0102241, max = 0.0224245 (R_Elbow)
[2026-07-20 13:02:36.987] [info] Frame 154 (t = 1.54):	 total squared error = 0.00286653, marker error: RMS = 0.0103038, max = 0.0222479 (R_Elbow)
[2026-07-20 13:02:37.017] [info] Frame 155 (t = 1.55):	 total squared error = 0.00289070, marker error: RMS = 0.0103471, max = 0.0218763 (R_Elbow)
[2026-07-20 13:02:37.036] [info] Frame 156 (t = 1.56):	 total squared error = 0.00295490, marker error: RMS = 0.0104614, max = 0.0217942 (R_Elbow)
[2026-07-20 13:02:37.062] [info] Frame 157 (t = 1.57):	 total squared error = 0.00302157, marker error: RMS = 0.0105787, max = 0.0215149 (R_Elbow)
[2026-07-20 13:02:37.073] [info] Frame 158 (t = 1.58):	 total squared error = 0.00311445, marker error: RMS = 0.0107401, max = 0.0214519 (R_Elbow)
[2026-07-20 13:02:37.113] [info] Frame 159 (t = 1.59):	 total squared error = 0.00317045, marker error: RMS = 0.0108362, max = 0.0213162 (R_Elbow)
[2026-07-20 13:02:37.133] [info] Frame 160 (t = 1.6):	 total squared error = 0.00323226, marker error: RMS = 0.0109414, max = 0.0213523 (R_Elbow)
[2026-07-20 13:02:37.152] [info] Frame 161 (t = 1.61):	 total squared error = 0.00327040, marker error: RMS = 0.0110057, max = 0.0213974 (R_Elbow)
[2026-07-20 13:02:37.164] [info] Frame 162 (t = 1.62):	 total squared error = 0.00328181, marker error: RMS = 0.0110249, max = 0.0214861 (R_Elbow)
[2026-07-20 13:02:37.173] [info] Frame 163 (t = 1.63):	 total squared error = 0.00326622, marker error: RMS = 0.0109987, max = 0.0217697 (R_Elbow)
[2026-07-20 13:02:37.185] [info] Frame 164 (t = 1.64):	 total squared error = 0.00322129, marker error: RMS = 0.0109228, max = 0.0219201 (R_Elbow)
[2026-07-20 13:02:37.204] [info] Frame 165 (t = 1.65):	 total squared error = 0.00315201, marker error: RMS = 0.0108047, max = 0.0221579 (R_Elbow)
[2026-07-20 13:02:37.219] [info] Frame 166 (t = 1.66):	 total squared error = 0.00307834, marker error: RMS = 0.0106777, max = 0.0223469 (R_Elbow)
[2026-07-20 13:02:37.236] [info] Frame 167 (t = 1.67):	 total squared error = 0.00300217, marker error: RMS = 0.0105447, max = 0.0226733 (R_Elbow)
[2026-07-20 13:02:37.254] [info] Frame 168 (t = 1.68):	 total squared error = 0.00293352, marker error: RMS = 0.0104235, max = 0.0230979 (R_Elbow)
[2026-07-20 13:02:37.268] [info] Frame 169 (t = 1.69):	 total squared error = 0.00287768, marker error: RMS = 0.0103238, max = 0.0233903 (R_Elbow)
[2026-07-20 13:02:37.295] [info] Frame 170 (t = 1.7):	 total squared error = 0.00283149, marker error: RMS = 0.0102406, max = 0.0240624 (R_Elbow)
[2026-07-20 13:02:37.313] [info] Frame 171 (t = 1.71):	 total squared error = 0.00280374, marker error: RMS = 0.0101903, max = 0.0242887 (R_Elbow)
[2026-07-20 13:02:37.329] [info] Frame 172 (t = 1.72):	 total squared error = 0.00279873, marker error: RMS = 0.0101812, max = 0.0246209 (R_Elbow)
[2026-07-20 13:02:37.354] [info] Frame 173 (t = 1.73):	 total squared error = 0.00281388, marker error: RMS = 0.0102087, max = 0.0252167 (R_Elbow)
[2026-07-20 13:02:37.381] [info] Frame 174 (t = 1.74):	 total squared error = 0.00285814, marker error: RMS = 0.0102887, max = 0.0255581 (R_Elbow)
[2026-07-20 13:02:37.398] [info] Frame 175 (t = 1.75):	 total squared error = 0.00293499, marker error: RMS = 0.0104261, max = 0.0258137 (R_Elbow)
[2026-07-20 13:02:37.426] [info] Frame 176 (t = 1.76):	 total squared error = 0.00304337, marker error: RMS = 0.0106168, max = 0.0262615 (R_Elbow)
[2026-07-20 13:02:37.444] [info] Frame 177 (t = 1.77):	 total squared error = 0.00317734, marker error: RMS = 0.0108480, max = 0.0264822 (R_Elbow)
[2026-07-20 13:02:37.464] [info] Frame 178 (t = 1.78):	 total squared error = 0.00333296, marker error: RMS = 0.0111105, max = 0.0267105 (R_Elbow)
[2026-07-20 13:02:37.488] [info] Frame 179 (t = 1.79):	 total squared error = 0.00349307, marker error: RMS = 0.0113742, max = 0.0269877 (R_Elbow)
[2026-07-20 13:02:37.508] [info] Frame 180 (t = 1.8):	 total squared error = 0.00363986, marker error: RMS = 0.0116108, max = 0.0272209 (R_Elbow)
[2026-07-20 13:02:37.525] [info] Frame 181 (t = 1.81):	 total squared error = 0.00375983, marker error: RMS = 0.0118005, max = 0.0273511 (R_Elbow)
[2026-07-20 13:02:37.541] [info] Frame 182 (t = 1.82):	 total squared error = 0.00384096, marker error: RMS = 0.0119272, max = 0.0276584 (R_Elbow)
[2026-07-20 13:02:37.556] [info] Frame 183 (t = 1.83):	 total squared error = 0.00389343, marker error: RMS = 0.0120084, max = 0.0277115 (R_Elbow)
[2026-07-20 13:02:37.576] [info] Frame 184 (t = 1.84):	 total squared error = 0.00391647, marker error: RMS = 0.0120439, max = 0.027994 (R_Elbow)
[2026-07-20 13:02:37.590] [info] Frame 185 (t = 1.85):	 total squared error = 0.00393634, marker error: RMS = 0.0120744, max = 0.0280243 (R_Elbow)
[2026-07-20 13:02:37.605] [info] Frame 186 (t = 1.86):	 total squared error = 0.00395211, marker error: RMS = 0.0120985, max = 0.0281424 (R_Elbow)
[2026-07-20 13:02:37.628] [info] Frame 187 (t = 1.87):	 total squared error = 0.00397085, marker error: RMS = 0.0121272, max = 0.0284169 (R_Elbow)
[2026-07-20 13:02:37.641] [info] Frame 188 (t = 1.88):	 total squared error = 0.00398993, marker error: RMS = 0.0121563, max = 0.0282671 (R_Elbow)
[2026-07-20 13:02:37.660] [info] Frame 189 (t = 1.89):	 total squared error = 0.00400172, marker error: RMS = 0.0121742, max = 0.0286406 (R_Elbow)
[2026-07-20 13:02:37.681] [info] Frame 190 (t = 1.9):	 total squared error = 0.00400223, marker error: RMS = 0.012175, max = 0.0286676 (R_Elbow)
[2026-07-20 13:02:37.694] [info] Frame 191 (t = 1.91):	 total squared error = 0.00399277, marker error: RMS = 0.0121606, max = 0.0286212 (R_Elbow)
[2026-07-20 13:02:37.718] [info] Frame 192 (t = 1.92):	 total squared error = 0.00396850, marker error: RMS = 0.0121236, max = 0.0288325 (R_Elbow)
[2026-07-20 13:02:37.731] [info] Frame 193 (t = 1.93):	 total squared error = 0.00394390, marker error: RMS = 0.0120860, max = 0.0288496 (R_Elbow)
[2026-07-20 13:02:37.750] [info] Frame 194 (t = 1.94):	 total squared error = 0.00390163, marker error: RMS = 0.0120210, max = 0.0290659 (R_Elbow)
[2026-07-20 13:02:37.771] [info] Frame 195 (t = 1.95):	 total squared error = 0.00385232, marker error: RMS = 0.0119448, max = 0.0291756 (R_Elbow)
[2026-07-20 13:02:37.795] [info] Frame 196 (t = 1.96):	 total squared error = 0.00379193, marker error: RMS = 0.0118508, max = 0.0291828 (R_Elbow)
[2026-07-20 13:02:37.810] [info] Frame 197 (t = 1.97):	 total squared error = 0.00372602, marker error: RMS = 0.0117474, max = 0.0294385 (R_Elbow)
[2026-07-20 13:02:37.822] [info] Frame 198 (t = 1.98):	 total squared error = 0.00366170, marker error: RMS = 0.0116455, max = 0.029724 (R_Elbow)
[2026-07-20 13:02:37.840] [info] Frame 199 (t = 1.99):	 total squared error = 0.00357371, marker error: RMS = 0.0115048, max = 0.0299246 (R_Elbow)
[2026-07-20 13:02:37.855] [info] Frame 200 (t = 2.0):	 total squared error = 0.00351576, marker error: RMS = 0.0114111, max = 0.0301214 (R_Elbow)
[2026-07-20 13:02:37.878] [info] Frame 201 (t = 2.01):	 total squared error = 0.00345777, marker error: RMS = 0.0113166, max = 0.0301723 (R_Elbow)
[2026-07-20 13:02:37.917] [info] Frame 202 (t = 2.02):	 total squared error = 0.00343565, marker error: RMS = 0.0112804, max = 0.0303715 (R_Elbow)
[2026-07-20 13:02:37.935] [info] Frame 203 (t = 2.03):	 total squared error = 0.00345424, marker error: RMS = 0.0113108, max = 0.0308569 (R_Elbow)
[2026-07-20 13:02:37.970] [info] Frame 204 (t = 2.04):	 total squared error = 0.00347206, marker error: RMS = 0.01134, max = 0.0308822 (R_Elbow)
[2026-07-20 13:02:37.991] [info] Frame 205 (t = 2.05):	 total squared error = 0.00352063, marker error: RMS = 0.011419, max = 0.0312062 (R_Elbow)
[2026-07-20 13:02:38.006] [info] Frame 206 (t = 2.06):	 total squared error = 0.00358761, marker error: RMS = 0.0115271, max = 0.0315789 (R_Elbow)
[2026-07-20 13:02:38.043] [info] Frame 207 (t = 2.07):	 total squared error = 0.00363967, marker error: RMS = 0.0116104, max = 0.0316064 (R_Elbow)
[2026-07-20 13:02:38.053] [info] Frame 208 (t = 2.08):	 total squared error = 0.00372934, marker error: RMS = 0.0117526, max = 0.0319901 (R_Elbow)
[2026-07-20 13:02:38.075] [info] Frame 209 (t = 2.09):	 total squared error = 0.00377586, marker error: RMS = 0.0118257, max = 0.0320168 (R_Elbow)
[2026-07-20 13:02:38.089] [info] Frame 210 (t = 2.1):	 total squared error = 0.00382149, marker error: RMS = 0.0118969, max = 0.0321567 (R_Elbow)
[2026-07-20 13:02:38.107] [info] Frame 211 (t = 2.11):	 total squared error = 0.00384127, marker error: RMS = 0.0119277, max = 0.032224 (R_Elbow)
[2026-07-20 13:02:38.116] [info] Frame 212 (t = 2.12):	 total squared error = 0.00384248, marker error: RMS = 0.0119296, max = 0.0324228 (R_Elbow)
[2026-07-20 13:02:38.132] [info] Frame 213 (t = 2.13):	 total squared error = 0.00381155, marker error: RMS = 0.0118814, max = 0.0321921 (R_Elbow)
[2026-07-20 13:02:38.162] [info] Frame 214 (t = 2.14):	 total squared error = 0.00376277, marker error: RMS = 0.0118052, max = 0.032211 (R_Elbow)
[2026-07-20 13:02:38.180] [info] Frame 215 (t = 2.15):	 total squared error = 0.00371904, marker error: RMS = 0.0117364, max = 0.0319983 (R_Elbow)
[2026-07-20 13:02:38.191] [info] Frame 216 (t = 2.16):	 total squared error = 0.00368100, marker error: RMS = 0.0116762, max = 0.0317967 (R_Elbow)
[2026-07-20 13:02:38.215] [info] Frame 217 (t = 2.17):	 total squared error = 0.00362951, marker error: RMS = 0.0115942, max = 0.0317031 (R_Elbow)
[2026-07-20 13:02:38.243] [info] Frame 218 (t = 2.18):	 total squared error = 0.00358578, marker error: RMS = 0.0115242, max = 0.0314935 (R_Elbow)
[2026-07-20 13:02:38.261] [info] Frame 219 (t = 2.19):	 total squared error = 0.00355121, marker error: RMS = 0.0114685, max = 0.0311405 (R_Elbow)
[2026-07-20 13:02:38.278] [info] Frame 220 (t = 2.2):	 total squared error = 0.00351805, marker error: RMS = 0.0114148, max = 0.0308767 (R_Elbow)
[2026-07-20 13:02:38.294] [info] Frame 221 (t = 2.21):	 total squared error = 0.00348525, marker error: RMS = 0.0113615, max = 0.0305469 (R_Elbow)
[2026-07-20 13:02:38.308] [info] Frame 222 (t = 2.22):	 total squared error = 0.00344896, marker error: RMS = 0.0113022, max = 0.0301967 (R_Elbow)
[2026-07-20 13:02:38.337] [info] Frame 223 (t = 2.23):	 total squared error = 0.00340001, marker error: RMS = 0.0112217, max = 0.0301688 (R_Elbow)
[2026-07-20 13:02:38.359] [info] Frame 224 (t = 2.24):	 total squared error = 0.00335857, marker error: RMS = 0.0111531, max = 0.029883 (R_Elbow)
[2026-07-20 13:02:38.376] [info] Frame 225 (t = 2.25):	 total squared error = 0.00332846, marker error: RMS = 0.0111030, max = 0.029537 (R_Elbow)
[2026-07-20 13:02:38.397] [info] Frame 226 (t = 2.26):	 total squared error = 0.00331601, marker error: RMS = 0.0110822, max = 0.0292729 (R_Elbow)
[2026-07-20 13:02:38.414] [info] Frame 227 (t = 2.27):	 total squared error = 0.00332173, marker error: RMS = 0.0110918, max = 0.0290583 (R_Elbow)
[2026-07-20 13:02:38.433] [info] Frame 228 (t = 2.28):	 total squared error = 0.00333725, marker error: RMS = 0.0111176, max = 0.0288662 (R_Elbow)
[2026-07-20 13:02:38.462] [info] Frame 229 (t = 2.29):	 total squared error = 0.00334234, marker error: RMS = 0.0111261, max = 0.0288977 (R_Elbow)
[2026-07-20 13:02:38.481] [info] Frame 230 (t = 2.3):	 total squared error = 0.00339277, marker error: RMS = 0.0112097, max = 0.028657 (R_Elbow)
[2026-07-20 13:02:38.507] [info] Frame 231 (t = 2.31):	 total squared error = 0.00344182, marker error: RMS = 0.0112905, max = 0.028581 (R_Elbow)
[2026-07-20 13:02:38.522] [info] Frame 232 (t = 2.32):	 total squared error = 0.00350966, marker error: RMS = 0.0114012, max = 0.0283448 (R_Elbow)
[2026-07-20 13:02:38.537] [info] Frame 233 (t = 2.33):	 total squared error = 0.00356708, marker error: RMS = 0.0114941, max = 0.0282215 (R_Elbow)
[2026-07-20 13:02:38.553] [info] Frame 234 (t = 2.34):	 total squared error = 0.00361392, marker error: RMS = 0.0115693, max = 0.0281985 (R_Elbow)
[2026-07-20 13:02:38.568] [info] Frame 235 (t = 2.35):	 total squared error = 0.00364860, marker error: RMS = 0.0116247, max = 0.0281132 (R_Elbow)
[2026-07-20 13:02:38.584] [info] Frame 236 (t = 2.36):	 total squared error = 0.00366250, marker error: RMS = 0.0116468, max = 0.0279983 (R_Elbow)
[2026-07-20 13:02:38.594] [info] Frame 237 (t = 2.37):	 total squared error = 0.00366281, marker error: RMS = 0.0116473, max = 0.0279097 (R_Elbow)
[2026-07-20 13:02:38.621] [info] Frame 238 (t = 2.38):	 total squared error = 0.00362423, marker error: RMS = 0.0115858, max = 0.0275656 (R_Elbow)
[2026-07-20 13:02:38.632] [info] Frame 239 (t = 2.39):	 total squared error = 0.00358595, marker error: RMS = 0.0115245, max = 0.0274791 (R_Elbow)
[2026-07-20 13:02:38.651] [info] Frame 240 (t = 2.4):	 total squared error = 0.00352772, marker error: RMS = 0.0114305, max = 0.0271081 (R_Elbow)
[2026-07-20 13:02:38.660] [info] Frame 241 (t = 2.41):	 total squared error = 0.00348090, marker error: RMS = 0.0113544, max = 0.0268733 (R_Elbow)
[2026-07-20 13:02:38.677] [info] Frame 242 (t = 2.42):	 total squared error = 0.00340157, marker error: RMS = 0.0112243, max = 0.0266108 (R_Elbow)
[2026-07-20 13:02:38.710] [info] Frame 243 (t = 2.43):	 total squared error = 0.00331969, marker error: RMS = 0.0110883, max = 0.0260413 (R_Elbow)
[2026-07-20 13:02:38.731] [info] Frame 244 (t = 2.44):	 total squared error = 0.00324921, marker error: RMS = 0.0109700, max = 0.0256749 (R_Elbow)
[2026-07-20 13:02:38.754] [info] Frame 245 (t = 2.45):	 total squared error = 0.00317991, marker error: RMS = 0.0108524, max = 0.0251817 (R_Elbow)
[2026-07-20 13:02:38.767] [info] Frame 246 (t = 2.46):	 total squared error = 0.00313344, marker error: RMS = 0.0107728, max = 0.0248511 (R_Elbow)
[2026-07-20 13:02:38.797] [info] Frame 247 (t = 2.47):	 total squared error = 0.00304619, marker error: RMS = 0.0106218, max = 0.0242614 (R_Elbow)
[2026-07-20 13:02:38.823] [info] Frame 248 (t = 2.48):	 total squared error = 0.00298163, marker error: RMS = 0.0105086, max = 0.0238613 (R_Elbow)
[2026-07-20 13:02:38.844] [info] Frame 249 (t = 2.49):	 total squared error = 0.00291925, marker error: RMS = 0.0103981, max = 0.0234113 (R_Elbow)
[2026-07-20 13:02:38.870] [info] Frame 250 (t = 2.5):	 total squared error = 0.00285424, marker error: RMS = 0.0102817, max = 0.0229327 (R_Elbow)
[2026-07-20 13:02:38.874] [info] InverseKinematicsTool completed 211 frames in 4 second(s).
[2026-07-20 13:02:38.907] [info] Loaded model TCV04-scaled from file C:\Users\Lucia\Desktop\TFG\2_JMP\TVC04\Walk_3\TVC04_3_JMP_results\TVC04_3_NMSM_JMP_01_pelvis_thigh.osim
[2026-07-20 13:02:39.385] [warning] Coordinate.setValue:  coordinate pro_sup_r is locked. Unable to change its value.
[2026-07-20 13:02:39.419] [warning] Coordinate.setValue:  coordinate pro_sup_l is locked. Unable to change its value.
[2026-07-20 13:03:08.630] [info] Loaded model TCV04-scaled from file C:\Users\Lucia\Desktop\TFG\2_JMP\TVC04\Walk_3\TVC04_3_JMP_results\TVC04_3_NMSM_JMP_02_knee_ankle.osim
[2026-07-20 13:03:08.640] [cout] [info] 
               MODEL: TCV04-scaled
         coordinates: 41
              forces: 103
           actuators: 103
             muscles: 86
            analyses: 0
              probes: 0
              bodies: 24
              joints: 24
         constraints: 2
             markers: 27
         controllers: 0
  contact geometries: 0
misc modelcomponents: 0
[2026-07-20 13:03:08.640] [info] Running tool .
[2026-07-20 13:03:08.718] [info] Frame 40 (t = 0.4):	 total squared error = 0.00367662, marker error: RMS = 0.0116692, max = 0.0267782 (R_Elbow)
[2026-07-20 13:03:08.732] [info] Frame 41 (t = 0.41):	 total squared error = 0.00357363, marker error: RMS = 0.0115046, max = 0.0263766 (R_Elbow)
[2026-07-20 13:03:08.752] [info] Frame 42 (t = 0.42):	 total squared error = 0.00346657, marker error: RMS = 0.011331, max = 0.0259144 (R_Elbow)
[2026-07-20 13:03:08.782] [info] Frame 43 (t = 0.43):	 total squared error = 0.00336459, marker error: RMS = 0.0111631, max = 0.0253402 (R_Elbow)
[2026-07-20 13:03:08.795] [info] Frame 44 (t = 0.44):	 total squared error = 0.00328523, marker error: RMS = 0.0110306, max = 0.0248724 (R_Elbow)
[2026-07-20 13:03:08.814] [info] Frame 45 (t = 0.45):	 total squared error = 0.00318856, marker error: RMS = 0.0108671, max = 0.0243431 (R_Elbow)
[2026-07-20 13:03:08.848] [info] Frame 46 (t = 0.46):	 total squared error = 0.00309327, marker error: RMS = 0.0107035, max = 0.0236738 (R_Elbow)
[2026-07-20 13:03:08.873] [info] Frame 47 (t = 0.47):	 total squared error = 0.00301616, marker error: RMS = 0.0105693, max = 0.0231925 (R_Elbow)
[2026-07-20 13:03:08.904] [info] Frame 48 (t = 0.48):	 total squared error = 0.00294109, marker error: RMS = 0.0104369, max = 0.022621 (R_Elbow)
[2026-07-20 13:03:08.919] [info] Frame 49 (t = 0.49):	 total squared error = 0.00288084, marker error: RMS = 0.0103295, max = 0.022135 (R_Elbow)
[2026-07-20 13:03:08.946] [info] Frame 50 (t = 0.5):	 total squared error = 0.00281193, marker error: RMS = 0.0102052, max = 0.0215905 (R_Elbow)
[2026-07-20 13:03:08.960] [info] Frame 51 (t = 0.51):	 total squared error = 0.00277021, marker error: RMS = 0.0101292, max = 0.0212178 (R_Elbow)
[2026-07-20 13:03:08.991] [info] Frame 52 (t = 0.52):	 total squared error = 0.00272693, marker error: RMS = 0.0100498, max = 0.0207301 (R_Elbow)
[2026-07-20 13:03:09.015] [info] Frame 53 (t = 0.53):	 total squared error = 0.00271195, marker error: RMS = 0.0100221, max = 0.0203638 (R_Elbow)
[2026-07-20 13:03:09.032] [info] Frame 54 (t = 0.54):	 total squared error = 0.00272187, marker error: RMS = 0.0100404, max = 0.0202104 (R_Elbow)
[2026-07-20 13:03:09.064] [info] Frame 55 (t = 0.55):	 total squared error = 0.00275043, marker error: RMS = 0.0100930, max = 0.0198829 (Sternum)
[2026-07-20 13:03:09.105] [info] Frame 56 (t = 0.56):	 total squared error = 0.00280759, marker error: RMS = 0.0101973, max = 0.0198502 (Sternum)
[2026-07-20 13:03:09.131] [info] Frame 57 (t = 0.57):	 total squared error = 0.00288930, marker error: RMS = 0.0103446, max = 0.0198266 (Sternum)
[2026-07-20 13:03:09.153] [info] Frame 58 (t = 0.58):	 total squared error = 0.00299333, marker error: RMS = 0.0105292, max = 0.0197535 (Sternum)
[2026-07-20 13:03:09.185] [info] Frame 59 (t = 0.59):	 total squared error = 0.00308866, marker error: RMS = 0.0106956, max = 0.0197021 (Sternum)
[2026-07-20 13:03:09.193] [info] Frame 60 (t = 0.6):	 total squared error = 0.00319249, marker error: RMS = 0.0108738, max = 0.0196207 (R_Elbow)
[2026-07-20 13:03:09.222] [info] Frame 61 (t = 0.61):	 total squared error = 0.00324915, marker error: RMS = 0.0109699, max = 0.0195861 (R_Elbow)
[2026-07-20 13:03:09.231] [info] Frame 62 (t = 0.62):	 total squared error = 0.00328972, marker error: RMS = 0.0110382, max = 0.0199435 (R_Elbow)
[2026-07-20 13:03:09.244] [info] Frame 63 (t = 0.63):	 total squared error = 0.00329053, marker error: RMS = 0.0110395, max = 0.0201964 (R_Elbow)
[2026-07-20 13:03:09.259] [info] Frame 64 (t = 0.64):	 total squared error = 0.00325513, marker error: RMS = 0.0109800, max = 0.0205001 (R_Elbow)
[2026-07-20 13:03:09.277] [info] Frame 65 (t = 0.65):	 total squared error = 0.00319294, marker error: RMS = 0.0108746, max = 0.0208213 (R_Elbow)
[2026-07-20 13:03:09.292] [info] Frame 66 (t = 0.66):	 total squared error = 0.00311337, marker error: RMS = 0.0107383, max = 0.0211658 (R_Elbow)
[2026-07-20 13:03:09.313] [info] Frame 67 (t = 0.67):	 total squared error = 0.00302327, marker error: RMS = 0.0105817, max = 0.0216243 (R_Elbow)
[2026-07-20 13:03:09.333] [info] Frame 68 (t = 0.68):	 total squared error = 0.00293255, marker error: RMS = 0.0104217, max = 0.0220833 (R_Elbow)
[2026-07-20 13:03:09.351] [info] Frame 69 (t = 0.69):	 total squared error = 0.00284720, marker error: RMS = 0.0102690, max = 0.0225076 (R_Elbow)
[2026-07-20 13:03:09.366] [info] Frame 70 (t = 0.7):	 total squared error = 0.00278171, marker error: RMS = 0.0101502, max = 0.022853 (R_Elbow)
[2026-07-20 13:03:09.397] [info] Frame 71 (t = 0.71):	 total squared error = 0.00270653, marker error: RMS = 0.0100121, max = 0.0236812 (R_Elbow)
[2026-07-20 13:03:09.436] [info] Frame 72 (t = 0.72):	 total squared error = 0.00267936, marker error: RMS = 0.00996171, max = 0.0241129 (R_Elbow)
[2026-07-20 13:03:09.456] [info] Frame 73 (t = 0.73):	 total squared error = 0.00268360, marker error: RMS = 0.00996958, max = 0.0244639 (R_Elbow)
[2026-07-20 13:03:09.480] [info] Frame 74 (t = 0.74):	 total squared error = 0.00271958, marker error: RMS = 0.0100362, max = 0.0248944 (R_Elbow)
[2026-07-20 13:03:09.502] [info] Frame 75 (t = 0.75):	 total squared error = 0.00278876, marker error: RMS = 0.0101630, max = 0.0252536 (R_Elbow)
[2026-07-20 13:03:09.519] [info] Frame 76 (t = 0.76):	 total squared error = 0.00288755, marker error: RMS = 0.0103415, max = 0.0255465 (R_Elbow)
[2026-07-20 13:03:09.540] [info] Frame 77 (t = 0.77):	 total squared error = 0.00300402, marker error: RMS = 0.0105480, max = 0.0259854 (R_Elbow)
[2026-07-20 13:03:09.562] [info] Frame 78 (t = 0.78):	 total squared error = 0.00313429, marker error: RMS = 0.0107743, max = 0.0261404 (R_Elbow)
[2026-07-20 13:03:09.581] [info] Frame 79 (t = 0.79):	 total squared error = 0.00326028, marker error: RMS = 0.0109887, max = 0.026454 (R_Elbow)
[2026-07-20 13:03:09.604] [info] Frame 80 (t = 0.8):	 total squared error = 0.00336670, marker error: RMS = 0.0111666, max = 0.0267496 (R_Elbow)
[2026-07-20 13:03:09.622] [info] Frame 81 (t = 0.81):	 total squared error = 0.00345217, marker error: RMS = 0.0113074, max = 0.0268674 (R_Elbow)
[2026-07-20 13:03:09.638] [info] Frame 82 (t = 0.82):	 total squared error = 0.00350701, marker error: RMS = 0.0113969, max = 0.0271017 (R_Elbow)
[2026-07-20 13:03:09.655] [info] Frame 83 (t = 0.83):	 total squared error = 0.00353545, marker error: RMS = 0.011443, max = 0.027177 (R_Elbow)
[2026-07-20 13:03:09.684] [info] Frame 84 (t = 0.84):	 total squared error = 0.00354067, marker error: RMS = 0.0114515, max = 0.0274886 (R_Elbow)
[2026-07-20 13:03:09.700] [info] Frame 85 (t = 0.85):	 total squared error = 0.00353410, marker error: RMS = 0.0114408, max = 0.0275116 (R_Elbow)
[2026-07-20 13:03:09.713] [info] Frame 86 (t = 0.86):	 total squared error = 0.00352019, marker error: RMS = 0.0114183, max = 0.0276225 (R_Elbow)
[2026-07-20 13:03:09.736] [info] Frame 87 (t = 0.87):	 total squared error = 0.00349827, marker error: RMS = 0.0113827, max = 0.0279605 (R_Elbow)
[2026-07-20 13:03:09.749] [info] Frame 88 (t = 0.88):	 total squared error = 0.00347683, marker error: RMS = 0.0113477, max = 0.027825 (R_Elbow)
[2026-07-20 13:03:09.766] [info] Frame 89 (t = 0.89):	 total squared error = 0.00345521, marker error: RMS = 0.0113124, max = 0.0279678 (R_Elbow)
[2026-07-20 13:03:09.776] [info] Frame 90 (t = 0.9):	 total squared error = 0.00344058, marker error: RMS = 0.0112884, max = 0.0280599 (R_Elbow)
[2026-07-20 13:03:09.800] [info] Frame 91 (t = 0.91):	 total squared error = 0.00342072, marker error: RMS = 0.0112558, max = 0.0283428 (R_Elbow)
[2026-07-20 13:03:09.817] [info] Frame 92 (t = 0.92):	 total squared error = 0.00341589, marker error: RMS = 0.0112479, max = 0.028252 (R_Elbow)
[2026-07-20 13:03:09.839] [info] Frame 93 (t = 0.93):	 total squared error = 0.00341030, marker error: RMS = 0.0112387, max = 0.0283881 (R_Elbow)
[2026-07-20 13:03:09.865] [info] Frame 94 (t = 0.94):	 total squared error = 0.00340605, marker error: RMS = 0.0112317, max = 0.0284418 (R_Elbow)
[2026-07-20 13:03:09.883] [info] Frame 95 (t = 0.95):	 total squared error = 0.00340285, marker error: RMS = 0.0112264, max = 0.0284755 (R_Elbow)
[2026-07-20 13:03:09.913] [info] Frame 96 (t = 0.96):	 total squared error = 0.00338350, marker error: RMS = 0.0111944, max = 0.0284652 (R_Elbow)
[2026-07-20 13:03:09.923] [info] Frame 97 (t = 0.97):	 total squared error = 0.00338162, marker error: RMS = 0.0111913, max = 0.0286635 (R_Elbow)
[2026-07-20 13:03:09.949] [info] Frame 98 (t = 0.98):	 total squared error = 0.00332747, marker error: RMS = 0.0111013, max = 0.0286403 (R_Elbow)
[2026-07-20 13:03:09.966] [info] Frame 99 (t = 0.99):	 total squared error = 0.00329809, marker error: RMS = 0.0110522, max = 0.0288866 (R_Elbow)
[2026-07-20 13:03:09.982] [info] Frame 100 (t = 1.0):	 total squared error = 0.00326749, marker error: RMS = 0.0110008, max = 0.029173 (R_Elbow)
[2026-07-20 13:03:10.000] [info] Frame 101 (t = 1.01):	 total squared error = 0.00323863, marker error: RMS = 0.0109521, max = 0.0293615 (R_Elbow)
[2026-07-20 13:03:10.018] [info] Frame 102 (t = 1.02):	 total squared error = 0.00322002, marker error: RMS = 0.0109206, max = 0.0294864 (R_Elbow)
[2026-07-20 13:03:10.044] [info] Frame 103 (t = 1.03):	 total squared error = 0.00320815, marker error: RMS = 0.0109005, max = 0.0296068 (R_Elbow)
[2026-07-20 13:03:10.065] [info] Frame 104 (t = 1.04):	 total squared error = 0.00322689, marker error: RMS = 0.0109323, max = 0.0301064 (R_Elbow)
[2026-07-20 13:03:10.100] [info] Frame 105 (t = 1.05):	 total squared error = 0.00324317, marker error: RMS = 0.0109598, max = 0.0302028 (R_Elbow)
[2026-07-20 13:03:10.121] [info] Frame 106 (t = 1.06):	 total squared error = 0.00329653, marker error: RMS = 0.0110496, max = 0.0305895 (R_Elbow)
[2026-07-20 13:03:10.145] [info] Frame 107 (t = 1.07):	 total squared error = 0.00336433, marker error: RMS = 0.0111627, max = 0.0308139 (R_Elbow)
[2026-07-20 13:03:10.168] [info] Frame 108 (t = 1.08):	 total squared error = 0.00344914, marker error: RMS = 0.0113025, max = 0.0311127 (R_Elbow)
[2026-07-20 13:03:10.183] [info] Frame 109 (t = 1.09):	 total squared error = 0.00354049, marker error: RMS = 0.0114512, max = 0.031439 (R_Elbow)
[2026-07-20 13:03:10.189] [info] Frame 110 (t = 1.1):	 total squared error = 0.00362765, marker error: RMS = 0.0115913, max = 0.031688 (R_Elbow)
[2026-07-20 13:03:10.198] [info] Frame 111 (t = 1.11):	 total squared error = 0.00368937, marker error: RMS = 0.0116895, max = 0.0320409 (R_Elbow)
[2026-07-20 13:03:10.216] [info] Frame 112 (t = 1.12):	 total squared error = 0.00368902, marker error: RMS = 0.0116889, max = 0.0319593 (R_Elbow)
[2026-07-20 13:03:10.230] [info] Frame 113 (t = 1.13):	 total squared error = 0.00368137, marker error: RMS = 0.0116768, max = 0.0319643 (R_Elbow)
[2026-07-20 13:03:10.246] [info] Frame 114 (t = 1.14):	 total squared error = 0.00365673, marker error: RMS = 0.0116376, max = 0.0318382 (R_Elbow)
[2026-07-20 13:03:10.260] [info] Frame 115 (t = 1.15):	 total squared error = 0.00362439, marker error: RMS = 0.0115861, max = 0.0316704 (R_Elbow)
[2026-07-20 13:03:10.275] [info] Frame 116 (t = 1.16):	 total squared error = 0.00359140, marker error: RMS = 0.0115332, max = 0.0315317 (R_Elbow)
[2026-07-20 13:03:10.301] [info] Frame 117 (t = 1.17):	 total squared error = 0.00354716, marker error: RMS = 0.0114619, max = 0.0315942 (R_Elbow)
[2026-07-20 13:03:10.318] [info] Frame 118 (t = 1.18):	 total squared error = 0.00351691, marker error: RMS = 0.011413, max = 0.0311557 (R_Elbow)
[2026-07-20 13:03:10.342] [info] Frame 119 (t = 1.19):	 total squared error = 0.00348502, marker error: RMS = 0.0113611, max = 0.0310475 (R_Elbow)
[2026-07-20 13:03:10.367] [info] Frame 120 (t = 1.2):	 total squared error = 0.00346364, marker error: RMS = 0.0113262, max = 0.0306722 (R_Elbow)
[2026-07-20 13:03:10.393] [info] Frame 121 (t = 1.21):	 total squared error = 0.00345045, marker error: RMS = 0.0113046, max = 0.0302508 (R_Elbow)
[2026-07-20 13:03:10.418] [info] Frame 122 (t = 1.22):	 total squared error = 0.00343565, marker error: RMS = 0.0112804, max = 0.0299214 (R_Elbow)
[2026-07-20 13:03:10.451] [info] Frame 123 (t = 1.23):	 total squared error = 0.00340386, marker error: RMS = 0.011228, max = 0.0296186 (R_Elbow)
[2026-07-20 13:03:10.466] [info] Frame 124 (t = 1.24):	 total squared error = 0.00340040, marker error: RMS = 0.0112223, max = 0.0290770 (R_Elbow)
[2026-07-20 13:03:10.501] [info] Frame 125 (t = 1.25):	 total squared error = 0.00337419, marker error: RMS = 0.011179, max = 0.028953 (R_Elbow)
[2026-07-20 13:03:10.520] [info] Frame 126 (t = 1.26):	 total squared error = 0.00339221, marker error: RMS = 0.0112088, max = 0.0284576 (R_Elbow)
[2026-07-20 13:03:10.546] [info] Frame 127 (t = 1.27):	 total squared error = 0.00341028, marker error: RMS = 0.0112386, max = 0.0283321 (R_Elbow)
[2026-07-20 13:03:10.565] [info] Frame 128 (t = 1.28):	 total squared error = 0.00346730, marker error: RMS = 0.0113322, max = 0.0279605 (R_Elbow)
[2026-07-20 13:03:10.584] [info] Frame 129 (t = 1.29):	 total squared error = 0.00352962, marker error: RMS = 0.0114336, max = 0.0278336 (R_Elbow)
[2026-07-20 13:03:10.597] [info] Frame 130 (t = 1.3):	 total squared error = 0.00360396, marker error: RMS = 0.0115534, max = 0.0276094 (R_Elbow)
[2026-07-20 13:03:10.622] [info] Frame 131 (t = 1.31):	 total squared error = 0.00367586, marker error: RMS = 0.011668, max = 0.0276308 (R_Elbow)
[2026-07-20 13:03:10.639] [info] Frame 132 (t = 1.32):	 total squared error = 0.00374636, marker error: RMS = 0.0117794, max = 0.0275361 (R_Elbow)
[2026-07-20 13:03:10.656] [info] Frame 133 (t = 1.33):	 total squared error = 0.00379644, marker error: RMS = 0.0118579, max = 0.0274938 (R_Elbow)
[2026-07-20 13:03:10.673] [info] Frame 134 (t = 1.34):	 total squared error = 0.00381762, marker error: RMS = 0.0118909, max = 0.0274538 (R_Elbow)
[2026-07-20 13:03:10.686] [info] Frame 135 (t = 1.35):	 total squared error = 0.00380359, marker error: RMS = 0.011869, max = 0.0275281 (R_Elbow)
[2026-07-20 13:03:10.708] [info] Frame 136 (t = 1.36):	 total squared error = 0.00375870, marker error: RMS = 0.0117988, max = 0.0273075 (R_Elbow)
[2026-07-20 13:03:10.738] [info] Frame 137 (t = 1.37):	 total squared error = 0.00369171, marker error: RMS = 0.0116932, max = 0.0271623 (R_Elbow)
[2026-07-20 13:03:10.757] [info] Frame 138 (t = 1.38):	 total squared error = 0.00361695, marker error: RMS = 0.0115742, max = 0.0270804 (R_Elbow)
[2026-07-20 13:03:10.777] [info] Frame 139 (t = 1.39):	 total squared error = 0.00353499, marker error: RMS = 0.0114423, max = 0.0268823 (R_Elbow)
[2026-07-20 13:03:10.796] [info] Frame 140 (t = 1.4):	 total squared error = 0.00345619, marker error: RMS = 0.011314, max = 0.0267212 (R_Elbow)
[2026-07-20 13:03:10.819] [info] Frame 141 (t = 1.41):	 total squared error = 0.00337841, marker error: RMS = 0.011186, max = 0.0264847 (R_Elbow)
[2026-07-20 13:03:10.832] [info] Frame 142 (t = 1.42):	 total squared error = 0.00331427, marker error: RMS = 0.0110793, max = 0.0263778 (R_Elbow)
[2026-07-20 13:03:10.864] [info] Frame 143 (t = 1.43):	 total squared error = 0.00323159, marker error: RMS = 0.0109402, max = 0.0259518 (R_Elbow)
[2026-07-20 13:03:10.881] [info] Frame 144 (t = 1.44):	 total squared error = 0.00316840, marker error: RMS = 0.0108327, max = 0.0257051 (R_Elbow)
[2026-07-20 13:03:10.910] [info] Frame 145 (t = 1.45):	 total squared error = 0.00309548, marker error: RMS = 0.0107074, max = 0.0252963 (R_Elbow)
[2026-07-20 13:03:10.925] [info] Frame 146 (t = 1.46):	 total squared error = 0.00303873, marker error: RMS = 0.0106088, max = 0.0250062 (R_Elbow)
[2026-07-20 13:03:10.962] [info] Frame 147 (t = 1.47):	 total squared error = 0.00297024, marker error: RMS = 0.0104885, max = 0.0245445 (R_Elbow)
[2026-07-20 13:03:10.977] [info] Frame 148 (t = 1.48):	 total squared error = 0.00292351, marker error: RMS = 0.0104057, max = 0.024175 (R_Elbow)
[2026-07-20 13:03:10.995] [info] Frame 149 (t = 1.49):	 total squared error = 0.00288243, marker error: RMS = 0.0103323, max = 0.0238308 (R_Elbow)
[2026-07-20 13:03:11.022] [info] Frame 150 (t = 1.5):	 total squared error = 0.00284557, marker error: RMS = 0.0102660, max = 0.0233983 (R_Elbow)
[2026-07-20 13:03:11.040] [info] Frame 151 (t = 1.51):	 total squared error = 0.00282828, marker error: RMS = 0.0102348, max = 0.0231094 (R_Elbow)
[2026-07-20 13:03:11.080] [info] Frame 152 (t = 1.52):	 total squared error = 0.00281664, marker error: RMS = 0.0102137, max = 0.0226459 (R_Elbow)
[2026-07-20 13:03:11.105] [info] Frame 153 (t = 1.53):	 total squared error = 0.00282357, marker error: RMS = 0.0102263, max = 0.0223776 (R_Elbow)
[2026-07-20 13:03:11.126] [info] Frame 154 (t = 1.54):	 total squared error = 0.00285054, marker error: RMS = 0.0102750, max = 0.0222006 (R_Elbow)
[2026-07-20 13:03:11.151] [info] Frame 155 (t = 1.55):	 total squared error = 0.00288620, marker error: RMS = 0.0103391, max = 0.0218485 (R_Elbow)
[2026-07-20 13:03:11.175] [info] Frame 156 (t = 1.56):	 total squared error = 0.00294238, marker error: RMS = 0.0104392, max = 0.0217192 (R_Elbow)
[2026-07-20 13:03:11.205] [info] Frame 157 (t = 1.57):	 total squared error = 0.00300812, marker error: RMS = 0.0105552, max = 0.0214884 (R_Elbow)
[2026-07-20 13:03:11.251] [info] Frame 158 (t = 1.58):	 total squared error = 0.00308033, marker error: RMS = 0.0106811, max = 0.0213593 (R_Elbow)
[2026-07-20 13:03:11.264] [info] Frame 159 (t = 1.59):	 total squared error = 0.00315997, marker error: RMS = 0.0108183, max = 0.0213629 (R_Elbow)
[2026-07-20 13:03:11.280] [info] Frame 160 (t = 1.6):	 total squared error = 0.00321455, marker error: RMS = 0.0109114, max = 0.0214722 (R_Elbow)
[2026-07-20 13:03:11.296] [info] Frame 161 (t = 1.61):	 total squared error = 0.00324582, marker error: RMS = 0.0109643, max = 0.0214343 (R_Elbow)
[2026-07-20 13:03:11.306] [info] Frame 162 (t = 1.62):	 total squared error = 0.00325665, marker error: RMS = 0.0109826, max = 0.0215417 (R_Elbow)
[2026-07-20 13:03:11.315] [info] Frame 163 (t = 1.63):	 total squared error = 0.00323975, marker error: RMS = 0.0109540, max = 0.0218076 (R_Elbow)
[2026-07-20 13:03:11.325] [info] Frame 164 (t = 1.64):	 total squared error = 0.00319521, marker error: RMS = 0.0108785, max = 0.0219371 (R_Elbow)
[2026-07-20 13:03:11.358] [info] Frame 165 (t = 1.65):	 total squared error = 0.00311737, marker error: RMS = 0.0107452, max = 0.0221121 (R_Elbow)
[2026-07-20 13:03:11.371] [info] Frame 166 (t = 1.66):	 total squared error = 0.00304483, marker error: RMS = 0.0106194, max = 0.0223577 (R_Elbow)
[2026-07-20 13:03:11.386] [info] Frame 167 (t = 1.67):	 total squared error = 0.00296961, marker error: RMS = 0.0104874, max = 0.0226489 (R_Elbow)
[2026-07-20 13:03:11.406] [info] Frame 168 (t = 1.68):	 total squared error = 0.00290270, marker error: RMS = 0.0103686, max = 0.0230885 (R_Elbow)
[2026-07-20 13:03:11.416] [info] Frame 169 (t = 1.69):	 total squared error = 0.00285034, marker error: RMS = 0.0102746, max = 0.0234812 (R_Elbow)
[2026-07-20 13:03:11.449] [info] Frame 170 (t = 1.7):	 total squared error = 0.00280111, marker error: RMS = 0.0101855, max = 0.0239821 (R_Elbow)
[2026-07-20 13:03:11.468] [info] Frame 171 (t = 1.71):	 total squared error = 0.00277170, marker error: RMS = 0.0101319, max = 0.0243398 (R_Elbow)
[2026-07-20 13:03:11.484] [info] Frame 172 (t = 1.72):	 total squared error = 0.00276453, marker error: RMS = 0.0101188, max = 0.0246559 (R_Elbow)
[2026-07-20 13:03:11.505] [info] Frame 173 (t = 1.73):	 total squared error = 0.00277863, marker error: RMS = 0.0101446, max = 0.0250536 (R_Elbow)
[2026-07-20 13:03:11.526] [info] Frame 174 (t = 1.74):	 total squared error = 0.00282005, marker error: RMS = 0.0102199, max = 0.0254543 (R_Elbow)
[2026-07-20 13:03:11.544] [info] Frame 175 (t = 1.75):	 total squared error = 0.00289399, marker error: RMS = 0.0103530, max = 0.0257926 (R_Elbow)
[2026-07-20 13:03:11.565] [info] Frame 176 (t = 1.76):	 total squared error = 0.00299358, marker error: RMS = 0.0105296, max = 0.0261118 (R_Elbow)
[2026-07-20 13:03:11.581] [info] Frame 177 (t = 1.77):	 total squared error = 0.00312645, marker error: RMS = 0.0107608, max = 0.0263582 (R_Elbow)
[2026-07-20 13:03:11.600] [info] Frame 178 (t = 1.78):	 total squared error = 0.00327142, marker error: RMS = 0.0110074, max = 0.0266515 (R_Elbow)
[2026-07-20 13:03:11.621] [info] Frame 179 (t = 1.79):	 total squared error = 0.00342316, marker error: RMS = 0.0112598, max = 0.0269577 (R_Elbow)
[2026-07-20 13:03:11.635] [info] Frame 180 (t = 1.8):	 total squared error = 0.00356680, marker error: RMS = 0.0114936, max = 0.0270929 (R_Elbow)
[2026-07-20 13:03:11.653] [info] Frame 181 (t = 1.81):	 total squared error = 0.00367618, marker error: RMS = 0.0116685, max = 0.0274187 (R_Elbow)
[2026-07-20 13:03:11.673] [info] Frame 182 (t = 1.82):	 total squared error = 0.00375113, marker error: RMS = 0.0117869, max = 0.0276248 (R_Elbow)
[2026-07-20 13:03:11.691] [info] Frame 183 (t = 1.83):	 total squared error = 0.00379603, marker error: RMS = 0.0118572, max = 0.0277992 (R_Elbow)
[2026-07-20 13:03:11.705] [info] Frame 184 (t = 1.84):	 total squared error = 0.00382298, marker error: RMS = 0.0118992, max = 0.0278722 (R_Elbow)
[2026-07-20 13:03:11.720] [info] Frame 185 (t = 1.85):	 total squared error = 0.00383860, marker error: RMS = 0.0119235, max = 0.0280095 (R_Elbow)
[2026-07-20 13:03:11.735] [info] Frame 186 (t = 1.86):	 total squared error = 0.00385290, marker error: RMS = 0.0119457, max = 0.0281544 (R_Elbow)
[2026-07-20 13:03:11.757] [info] Frame 187 (t = 1.87):	 total squared error = 0.00386950, marker error: RMS = 0.0119714, max = 0.0284329 (R_Elbow)
[2026-07-20 13:03:11.772] [info] Frame 188 (t = 1.88):	 total squared error = 0.00388836, marker error: RMS = 0.0120006, max = 0.0283975 (R_Elbow)
[2026-07-20 13:03:11.789] [info] Frame 189 (t = 1.89):	 total squared error = 0.00390040, marker error: RMS = 0.0120191, max = 0.0286086 (R_Elbow)
[2026-07-20 13:03:11.799] [info] Frame 190 (t = 1.9):	 total squared error = 0.00390732, marker error: RMS = 0.0120298, max = 0.0285245 (R_Elbow)
[2026-07-20 13:03:11.813] [info] Frame 191 (t = 1.91):	 total squared error = 0.00389785, marker error: RMS = 0.0120152, max = 0.0286156 (R_Elbow)
[2026-07-20 13:03:11.839] [info] Frame 192 (t = 1.92):	 total squared error = 0.00387847, marker error: RMS = 0.0119853, max = 0.0288321 (R_Elbow)
[2026-07-20 13:03:11.853] [info] Frame 193 (t = 1.93):	 total squared error = 0.00385560, marker error: RMS = 0.0119499, max = 0.0288618 (R_Elbow)
[2026-07-20 13:03:11.883] [info] Frame 194 (t = 1.94):	 total squared error = 0.00381884, marker error: RMS = 0.0118928, max = 0.0289731 (R_Elbow)
[2026-07-20 13:03:11.900] [info] Frame 195 (t = 1.95):	 total squared error = 0.00377745, marker error: RMS = 0.0118282, max = 0.0291291 (R_Elbow)
[2026-07-20 13:03:11.925] [info] Frame 196 (t = 1.96):	 total squared error = 0.00372087, marker error: RMS = 0.0117392, max = 0.0291706 (R_Elbow)
[2026-07-20 13:03:11.940] [info] Frame 197 (t = 1.97):	 total squared error = 0.00366170, marker error: RMS = 0.0116455, max = 0.0294114 (R_Elbow)
[2026-07-20 13:03:11.956] [info] Frame 198 (t = 1.98):	 total squared error = 0.00358702, marker error: RMS = 0.0115262, max = 0.0296849 (R_Elbow)
[2026-07-20 13:03:11.966] [info] Frame 199 (t = 1.99):	 total squared error = 0.00354089, marker error: RMS = 0.0114518, max = 0.0300368 (R_Elbow)
[2026-07-20 13:03:11.995] [info] Frame 200 (t = 2.0):	 total squared error = 0.00344664, marker error: RMS = 0.0112984, max = 0.0298592 (R_Elbow)
[2026-07-20 13:03:12.011] [info] Frame 201 (t = 2.01):	 total squared error = 0.00341859, marker error: RMS = 0.0112523, max = 0.0302815 (R_Elbow)
[2026-07-20 13:03:12.030] [info] Frame 202 (t = 2.02):	 total squared error = 0.00340336, marker error: RMS = 0.0112272, max = 0.0305191 (R_Elbow)
[2026-07-20 13:03:12.048] [info] Frame 203 (t = 2.03):	 total squared error = 0.00341872, marker error: RMS = 0.0112525, max = 0.0308594 (R_Elbow)
[2026-07-20 13:03:12.089] [info] Frame 204 (t = 2.04):	 total squared error = 0.00343347, marker error: RMS = 0.0112768, max = 0.0308698 (R_Elbow)
[2026-07-20 13:03:12.122] [info] Frame 205 (t = 2.05):	 total squared error = 0.00348323, marker error: RMS = 0.0113582, max = 0.0311046 (R_Elbow)
[2026-07-20 13:03:12.155] [info] Frame 206 (t = 2.06):	 total squared error = 0.00354199, marker error: RMS = 0.0114536, max = 0.0313245 (R_Elbow)
[2026-07-20 13:03:12.178] [info] Frame 207 (t = 2.07):	 total squared error = 0.00361296, marker error: RMS = 0.0115678, max = 0.0316509 (R_Elbow)
[2026-07-20 13:03:12.194] [info] Frame 208 (t = 2.08):	 total squared error = 0.00369056, marker error: RMS = 0.0116913, max = 0.0319085 (R_Elbow)
[2026-07-20 13:03:12.203] [info] Frame 209 (t = 2.09):	 total squared error = 0.00377485, marker error: RMS = 0.0118241, max = 0.0322796 (R_Elbow)
[2026-07-20 13:03:12.222] [info] Frame 210 (t = 2.1):	 total squared error = 0.00379765, marker error: RMS = 0.0118598, max = 0.0320991 (R_Elbow)
[2026-07-20 13:03:12.233] [info] Frame 211 (t = 2.11):	 total squared error = 0.00382157, marker error: RMS = 0.011897, max = 0.0322224 (R_Elbow)
[2026-07-20 13:03:12.241] [info] Frame 212 (t = 2.12):	 total squared error = 0.00382617, marker error: RMS = 0.0119042, max = 0.032482 (R_Elbow)
[2026-07-20 13:03:12.256] [info] Frame 213 (t = 2.13):	 total squared error = 0.00378726, marker error: RMS = 0.0118435, max = 0.0321525 (R_Elbow)
[2026-07-20 13:03:12.269] [info] Frame 214 (t = 2.14):	 total squared error = 0.00374983, marker error: RMS = 0.0117848, max = 0.0321115 (R_Elbow)
[2026-07-20 13:03:12.295] [info] Frame 215 (t = 2.15):	 total squared error = 0.00368758, marker error: RMS = 0.0116866, max = 0.0320731 (R_Elbow)
[2026-07-20 13:03:12.310] [info] Frame 216 (t = 2.16):	 total squared error = 0.00364190, marker error: RMS = 0.011614, max = 0.0318367 (R_Elbow)
[2026-07-20 13:03:12.329] [info] Frame 217 (t = 2.17):	 total squared error = 0.00360124, marker error: RMS = 0.011549, max = 0.0315446 (R_Elbow)
[2026-07-20 13:03:12.354] [info] Frame 218 (t = 2.18):	 total squared error = 0.00355710, marker error: RMS = 0.011478, max = 0.0314702 (R_Elbow)
[2026-07-20 13:03:12.365] [info] Frame 219 (t = 2.19):	 total squared error = 0.00353312, marker error: RMS = 0.0114392, max = 0.0310721 (R_Elbow)
[2026-07-20 13:03:12.386] [info] Frame 220 (t = 2.2):	 total squared error = 0.00349657, marker error: RMS = 0.0113799, max = 0.0309040 (R_Elbow)
[2026-07-20 13:03:12.403] [info] Frame 221 (t = 2.21):	 total squared error = 0.00347035, marker error: RMS = 0.0113372, max = 0.0305736 (R_Elbow)
[2026-07-20 13:03:12.418] [info] Frame 222 (t = 2.22):	 total squared error = 0.00344194, marker error: RMS = 0.0112907, max = 0.0302118 (R_Elbow)
[2026-07-20 13:03:12.449] [info] Frame 223 (t = 2.23):	 total squared error = 0.00339990, marker error: RMS = 0.0112215, max = 0.0301515 (R_Elbow)
[2026-07-20 13:03:12.464] [info] Frame 224 (t = 2.24):	 total squared error = 0.00336745, marker error: RMS = 0.0111678, max = 0.0297809 (R_Elbow)
[2026-07-20 13:03:12.489] [info] Frame 225 (t = 2.25):	 total squared error = 0.00333220, marker error: RMS = 0.0111092, max = 0.0296508 (R_Elbow)
[2026-07-20 13:03:12.510] [info] Frame 226 (t = 2.26):	 total squared error = 0.00332144, marker error: RMS = 0.0110913, max = 0.0292907 (R_Elbow)
[2026-07-20 13:03:12.526] [info] Frame 227 (t = 2.27):	 total squared error = 0.00333377, marker error: RMS = 0.0111118, max = 0.0290630 (R_Elbow)
[2026-07-20 13:03:12.558] [info] Frame 228 (t = 2.28):	 total squared error = 0.00333050, marker error: RMS = 0.0111064, max = 0.0290851 (R_Elbow)
[2026-07-20 13:03:12.573] [info] Frame 229 (t = 2.29):	 total squared error = 0.00337205, marker error: RMS = 0.0111755, max = 0.0287549 (R_Elbow)
[2026-07-20 13:03:12.585] [info] Frame 230 (t = 2.3):	 total squared error = 0.00344919, marker error: RMS = 0.0113025, max = 0.0284402 (R_Elbow)
[2026-07-20 13:03:12.602] [info] Frame 231 (t = 2.31):	 total squared error = 0.00348844, marker error: RMS = 0.0113667, max = 0.0284161 (R_Elbow)
[2026-07-20 13:03:12.628] [info] Frame 232 (t = 2.32):	 total squared error = 0.00352000, marker error: RMS = 0.011418, max = 0.0284703 (R_Elbow)
[2026-07-20 13:03:12.642] [info] Frame 233 (t = 2.33):	 total squared error = 0.00358271, marker error: RMS = 0.0115192, max = 0.0283020 (R_Elbow)
[2026-07-20 13:03:12.665] [info] Frame 234 (t = 2.34):	 total squared error = 0.00362885, marker error: RMS = 0.0115932, max = 0.0282308 (R_Elbow)
[2026-07-20 13:03:12.679] [info] Frame 235 (t = 2.35):	 total squared error = 0.00366402, marker error: RMS = 0.0116492, max = 0.0281387 (R_Elbow)
[2026-07-20 13:03:12.700] [info] Frame 236 (t = 2.36):	 total squared error = 0.00367807, marker error: RMS = 0.0116715, max = 0.0280179 (R_Elbow)
[2026-07-20 13:03:12.711] [info] Frame 237 (t = 2.37):	 total squared error = 0.00367328, marker error: RMS = 0.0116639, max = 0.0279211 (R_Elbow)
[2026-07-20 13:03:12.721] [info] Frame 238 (t = 2.38):	 total squared error = 0.00365513, marker error: RMS = 0.0116351, max = 0.0278322 (R_Elbow)
[2026-07-20 13:03:12.739] [info] Frame 239 (t = 2.39):	 total squared error = 0.00360454, marker error: RMS = 0.0115543, max = 0.0273693 (R_Elbow)
[2026-07-20 13:03:12.750] [info] Frame 240 (t = 2.4):	 total squared error = 0.00356046, marker error: RMS = 0.0114834, max = 0.0272685 (R_Elbow)
[2026-07-20 13:03:12.774] [info] Frame 241 (t = 2.41):	 total squared error = 0.00348265, marker error: RMS = 0.0113572, max = 0.0267697 (R_Elbow)
[2026-07-20 13:03:12.784] [info] Frame 242 (t = 2.42):	 total squared error = 0.00342877, marker error: RMS = 0.011269, max = 0.0265628 (R_Elbow)
[2026-07-20 13:03:12.821] [info] Frame 243 (t = 2.43):	 total squared error = 0.00334141, marker error: RMS = 0.0111246, max = 0.0260458 (R_Elbow)
[2026-07-20 13:03:12.836] [info] Frame 244 (t = 2.44):	 total squared error = 0.00327953, marker error: RMS = 0.0110211, max = 0.0257296 (R_Elbow)
[2026-07-20 13:03:12.846] [info] Frame 245 (t = 2.45):	 total squared error = 0.00324009, marker error: RMS = 0.0109546, max = 0.0252131 (R_Elbow)
[2026-07-20 13:03:12.867] [info] Frame 246 (t = 2.46):	 total squared error = 0.00314561, marker error: RMS = 0.0107937, max = 0.0249164 (R_Elbow)
[2026-07-20 13:03:12.898] [info] Frame 247 (t = 2.47):	 total squared error = 0.00306971, marker error: RMS = 0.0106627, max = 0.0243111 (R_Elbow)
[2026-07-20 13:03:12.914] [info] Frame 248 (t = 2.48):	 total squared error = 0.00301447, marker error: RMS = 0.0105663, max = 0.0238372 (R_Elbow)
[2026-07-20 13:03:12.939] [info] Frame 249 (t = 2.49):	 total squared error = 0.00294154, marker error: RMS = 0.0104377, max = 0.0233988 (R_Elbow)
[2026-07-20 13:03:12.955] [info] Frame 250 (t = 2.5):	 total squared error = 0.00288879, marker error: RMS = 0.0103437, max = 0.0229997 (R_Elbow)
[2026-07-20 13:03:12.959] [info] InverseKinematicsTool completed 211 frames in 4 second(s).
[2026-07-20 13:03:12.991] [info] Loaded model TCV04-scaled from file C:\Users\Lucia\Desktop\TFG\2_JMP\TVC04\Walk_3\TVC04_3_JMP_results\TVC04_3_NMSM_JMP_02_knee_ankle.osim
[2026-07-20 13:03:13.456] [warning] Coordinate.setValue:  coordinate pro_sup_r is locked. Unable to change its value.
[2026-07-20 13:03:13.488] [warning] Coordinate.setValue:  coordinate pro_sup_l is locked. Unable to change its value.
[2026-07-20 13:03:42.719] [info] Loaded model TCV04-scaled from file C:\Users\Lucia\Desktop\TFG\2_JMP\TVC04\Walk_3\TVC04_3_JMP_results\TVC04_3_NMSM_JMP_02_knee_ankle.osim
[2026-07-20 13:03:42.731] [cout] [info] 
               MODEL: TCV04-scaled
         coordinates: 41
              forces: 103
           actuators: 103
             muscles: 86
            analyses: 0
              probes: 0
              bodies: 24
              joints: 24
         constraints: 2
             markers: 27
         controllers: 0
  contact geometries: 0
misc modelcomponents: 0
[2026-07-20 13:03:42.732] [info] Running tool .
[2026-07-20 13:03:42.815] [info] Frame 40 (t = 0.4):	 total squared error = 0.00367662, marker error: RMS = 0.0116692, max = 0.0267782 (R_Elbow)
[2026-07-20 13:03:42.831] [info] Frame 41 (t = 0.41):	 total squared error = 0.00357363, marker error: RMS = 0.0115046, max = 0.0263766 (R_Elbow)
[2026-07-20 13:03:42.853] [info] Frame 42 (t = 0.42):	 total squared error = 0.00346657, marker error: RMS = 0.011331, max = 0.0259144 (R_Elbow)
[2026-07-20 13:03:42.880] [info] Frame 43 (t = 0.43):	 total squared error = 0.00336459, marker error: RMS = 0.0111631, max = 0.0253402 (R_Elbow)
[2026-07-20 13:03:42.894] [info] Frame 44 (t = 0.44):	 total squared error = 0.00328523, marker error: RMS = 0.0110306, max = 0.0248724 (R_Elbow)
[2026-07-20 13:03:42.912] [info] Frame 45 (t = 0.45):	 total squared error = 0.00318856, marker error: RMS = 0.0108671, max = 0.0243431 (R_Elbow)
[2026-07-20 13:03:42.949] [info] Frame 46 (t = 0.46):	 total squared error = 0.00309327, marker error: RMS = 0.0107035, max = 0.0236738 (R_Elbow)
[2026-07-20 13:03:42.973] [info] Frame 47 (t = 0.47):	 total squared error = 0.00301616, marker error: RMS = 0.0105693, max = 0.0231925 (R_Elbow)
[2026-07-20 13:03:43.000] [info] Frame 48 (t = 0.48):	 total squared error = 0.00294109, marker error: RMS = 0.0104369, max = 0.022621 (R_Elbow)
[2026-07-20 13:03:43.015] [info] Frame 49 (t = 0.49):	 total squared error = 0.00288084, marker error: RMS = 0.0103295, max = 0.022135 (R_Elbow)
[2026-07-20 13:03:43.042] [info] Frame 50 (t = 0.5):	 total squared error = 0.00281193, marker error: RMS = 0.0102052, max = 0.0215905 (R_Elbow)
[2026-07-20 13:03:43.056] [info] Frame 51 (t = 0.51):	 total squared error = 0.00277021, marker error: RMS = 0.0101292, max = 0.0212178 (R_Elbow)
[2026-07-20 13:03:43.091] [info] Frame 52 (t = 0.52):	 total squared error = 0.00272693, marker error: RMS = 0.0100498, max = 0.0207301 (R_Elbow)
[2026-07-20 13:03:43.114] [info] Frame 53 (t = 0.53):	 total squared error = 0.00271195, marker error: RMS = 0.0100221, max = 0.0203638 (R_Elbow)
[2026-07-20 13:03:43.130] [info] Frame 54 (t = 0.54):	 total squared error = 0.00272187, marker error: RMS = 0.0100404, max = 0.0202104 (R_Elbow)
[2026-07-20 13:03:43.159] [info] Frame 55 (t = 0.55):	 total squared error = 0.00275043, marker error: RMS = 0.0100930, max = 0.0198829 (Sternum)
[2026-07-20 13:03:43.199] [info] Frame 56 (t = 0.56):	 total squared error = 0.00280759, marker error: RMS = 0.0101973, max = 0.0198502 (Sternum)
[2026-07-20 13:03:43.225] [info] Frame 57 (t = 0.57):	 total squared error = 0.00288930, marker error: RMS = 0.0103446, max = 0.0198266 (Sternum)
[2026-07-20 13:03:43.245] [info] Frame 58 (t = 0.58):	 total squared error = 0.00299333, marker error: RMS = 0.0105292, max = 0.0197535 (Sternum)
[2026-07-20 13:03:43.278] [info] Frame 59 (t = 0.59):	 total squared error = 0.00308866, marker error: RMS = 0.0106956, max = 0.0197021 (Sternum)
[2026-07-20 13:03:43.287] [info] Frame 60 (t = 0.6):	 total squared error = 0.00319249, marker error: RMS = 0.0108738, max = 0.0196207 (R_Elbow)
[2026-07-20 13:03:43.317] [info] Frame 61 (t = 0.61):	 total squared error = 0.00324915, marker error: RMS = 0.0109699, max = 0.0195861 (R_Elbow)
[2026-07-20 13:03:43.326] [info] Frame 62 (t = 0.62):	 total squared error = 0.00328972, marker error: RMS = 0.0110382, max = 0.0199435 (R_Elbow)
[2026-07-20 13:03:43.339] [info] Frame 63 (t = 0.63):	 total squared error = 0.00329053, marker error: RMS = 0.0110395, max = 0.0201964 (R_Elbow)
[2026-07-20 13:03:43.355] [info] Frame 64 (t = 0.64):	 total squared error = 0.00325513, marker error: RMS = 0.0109800, max = 0.0205001 (R_Elbow)
[2026-07-20 13:03:43.373] [info] Frame 65 (t = 0.65):	 total squared error = 0.00319294, marker error: RMS = 0.0108746, max = 0.0208213 (R_Elbow)
[2026-07-20 13:03:43.389] [info] Frame 66 (t = 0.66):	 total squared error = 0.00311337, marker error: RMS = 0.0107383, max = 0.0211658 (R_Elbow)
[2026-07-20 13:03:43.409] [info] Frame 67 (t = 0.67):	 total squared error = 0.00302327, marker error: RMS = 0.0105817, max = 0.0216243 (R_Elbow)
[2026-07-20 13:03:43.427] [info] Frame 68 (t = 0.68):	 total squared error = 0.00293255, marker error: RMS = 0.0104217, max = 0.0220833 (R_Elbow)
[2026-07-20 13:03:43.445] [info] Frame 69 (t = 0.69):	 total squared error = 0.00284720, marker error: RMS = 0.0102690, max = 0.0225076 (R_Elbow)
[2026-07-20 13:03:43.459] [info] Frame 70 (t = 0.7):	 total squared error = 0.00278171, marker error: RMS = 0.0101502, max = 0.022853 (R_Elbow)
[2026-07-20 13:03:43.492] [info] Frame 71 (t = 0.71):	 total squared error = 0.00270653, marker error: RMS = 0.0100121, max = 0.0236812 (R_Elbow)
[2026-07-20 13:03:43.531] [info] Frame 72 (t = 0.72):	 total squared error = 0.00267936, marker error: RMS = 0.00996171, max = 0.0241129 (R_Elbow)
[2026-07-20 13:03:43.552] [info] Frame 73 (t = 0.73):	 total squared error = 0.00268360, marker error: RMS = 0.00996958, max = 0.0244639 (R_Elbow)
[2026-07-20 13:03:43.578] [info] Frame 74 (t = 0.74):	 total squared error = 0.00271958, marker error: RMS = 0.0100362, max = 0.0248944 (R_Elbow)
[2026-07-20 13:03:43.599] [info] Frame 75 (t = 0.75):	 total squared error = 0.00278876, marker error: RMS = 0.0101630, max = 0.0252536 (R_Elbow)
[2026-07-20 13:03:43.616] [info] Frame 76 (t = 0.76):	 total squared error = 0.00288755, marker error: RMS = 0.0103415, max = 0.0255465 (R_Elbow)
[2026-07-20 13:03:43.636] [info] Frame 77 (t = 0.77):	 total squared error = 0.00300402, marker error: RMS = 0.0105480, max = 0.0259854 (R_Elbow)
[2026-07-20 13:03:43.655] [info] Frame 78 (t = 0.78):	 total squared error = 0.00313429, marker error: RMS = 0.0107743, max = 0.0261404 (R_Elbow)
[2026-07-20 13:03:43.676] [info] Frame 79 (t = 0.79):	 total squared error = 0.00326028, marker error: RMS = 0.0109887, max = 0.026454 (R_Elbow)
[2026-07-20 13:03:43.696] [info] Frame 80 (t = 0.8):	 total squared error = 0.00336670, marker error: RMS = 0.0111666, max = 0.0267496 (R_Elbow)
[2026-07-20 13:03:43.713] [info] Frame 81 (t = 0.81):	 total squared error = 0.00345217, marker error: RMS = 0.0113074, max = 0.0268674 (R_Elbow)
[2026-07-20 13:03:43.728] [info] Frame 82 (t = 0.82):	 total squared error = 0.00350701, marker error: RMS = 0.0113969, max = 0.0271017 (R_Elbow)
[2026-07-20 13:03:43.745] [info] Frame 83 (t = 0.83):	 total squared error = 0.00353545, marker error: RMS = 0.011443, max = 0.027177 (R_Elbow)
[2026-07-20 13:03:43.772] [info] Frame 84 (t = 0.84):	 total squared error = 0.00354067, marker error: RMS = 0.0114515, max = 0.0274886 (R_Elbow)
[2026-07-20 13:03:43.787] [info] Frame 85 (t = 0.85):	 total squared error = 0.00353410, marker error: RMS = 0.0114408, max = 0.0275116 (R_Elbow)
[2026-07-20 13:03:43.800] [info] Frame 86 (t = 0.86):	 total squared error = 0.00352019, marker error: RMS = 0.0114183, max = 0.0276225 (R_Elbow)
[2026-07-20 13:03:43.825] [info] Frame 87 (t = 0.87):	 total squared error = 0.00349827, marker error: RMS = 0.0113827, max = 0.0279605 (R_Elbow)
[2026-07-20 13:03:43.836] [info] Frame 88 (t = 0.88):	 total squared error = 0.00347683, marker error: RMS = 0.0113477, max = 0.027825 (R_Elbow)
[2026-07-20 13:03:43.850] [info] Frame 89 (t = 0.89):	 total squared error = 0.00345521, marker error: RMS = 0.0113124, max = 0.0279678 (R_Elbow)
[2026-07-20 13:03:43.861] [info] Frame 90 (t = 0.9):	 total squared error = 0.00344058, marker error: RMS = 0.0112884, max = 0.0280599 (R_Elbow)
[2026-07-20 13:03:43.884] [info] Frame 91 (t = 0.91):	 total squared error = 0.00342072, marker error: RMS = 0.0112558, max = 0.0283428 (R_Elbow)
[2026-07-20 13:03:43.900] [info] Frame 92 (t = 0.92):	 total squared error = 0.00341589, marker error: RMS = 0.0112479, max = 0.028252 (R_Elbow)
[2026-07-20 13:03:43.919] [info] Frame 93 (t = 0.93):	 total squared error = 0.00341030, marker error: RMS = 0.0112387, max = 0.0283881 (R_Elbow)
[2026-07-20 13:03:43.943] [info] Frame 94 (t = 0.94):	 total squared error = 0.00340605, marker error: RMS = 0.0112317, max = 0.0284418 (R_Elbow)
[2026-07-20 13:03:43.959] [info] Frame 95 (t = 0.95):	 total squared error = 0.00340285, marker error: RMS = 0.0112264, max = 0.0284755 (R_Elbow)
[2026-07-20 13:03:43.987] [info] Frame 96 (t = 0.96):	 total squared error = 0.00338350, marker error: RMS = 0.0111944, max = 0.0284652 (R_Elbow)
[2026-07-20 13:03:43.996] [info] Frame 97 (t = 0.97):	 total squared error = 0.00338162, marker error: RMS = 0.0111913, max = 0.0286635 (R_Elbow)
[2026-07-20 13:03:44.020] [info] Frame 98 (t = 0.98):	 total squared error = 0.00332747, marker error: RMS = 0.0111013, max = 0.0286403 (R_Elbow)
[2026-07-20 13:03:44.037] [info] Frame 99 (t = 0.99):	 total squared error = 0.00329809, marker error: RMS = 0.0110522, max = 0.0288866 (R_Elbow)
[2026-07-20 13:03:44.055] [info] Frame 100 (t = 1.0):	 total squared error = 0.00326749, marker error: RMS = 0.0110008, max = 0.029173 (R_Elbow)
[2026-07-20 13:03:44.071] [info] Frame 101 (t = 1.01):	 total squared error = 0.00323863, marker error: RMS = 0.0109521, max = 0.0293615 (R_Elbow)
[2026-07-20 13:03:44.087] [info] Frame 102 (t = 1.02):	 total squared error = 0.00322002, marker error: RMS = 0.0109206, max = 0.0294864 (R_Elbow)
[2026-07-20 13:03:44.111] [info] Frame 103 (t = 1.03):	 total squared error = 0.00320815, marker error: RMS = 0.0109005, max = 0.0296068 (R_Elbow)
[2026-07-20 13:03:44.138] [info] Frame 104 (t = 1.04):	 total squared error = 0.00322689, marker error: RMS = 0.0109323, max = 0.0301064 (R_Elbow)
[2026-07-20 13:03:44.171] [info] Frame 105 (t = 1.05):	 total squared error = 0.00324317, marker error: RMS = 0.0109598, max = 0.0302028 (R_Elbow)
[2026-07-20 13:03:44.192] [info] Frame 106 (t = 1.06):	 total squared error = 0.00329653, marker error: RMS = 0.0110496, max = 0.0305895 (R_Elbow)
[2026-07-20 13:03:44.215] [info] Frame 107 (t = 1.07):	 total squared error = 0.00336433, marker error: RMS = 0.0111627, max = 0.0308139 (R_Elbow)
[2026-07-20 13:03:44.237] [info] Frame 108 (t = 1.08):	 total squared error = 0.00344914, marker error: RMS = 0.0113025, max = 0.0311127 (R_Elbow)
[2026-07-20 13:03:44.252] [info] Frame 109 (t = 1.09):	 total squared error = 0.00354049, marker error: RMS = 0.0114512, max = 0.031439 (R_Elbow)
[2026-07-20 13:03:44.258] [info] Frame 110 (t = 1.1):	 total squared error = 0.00362765, marker error: RMS = 0.0115913, max = 0.031688 (R_Elbow)
[2026-07-20 13:03:44.267] [info] Frame 111 (t = 1.11):	 total squared error = 0.00368937, marker error: RMS = 0.0116895, max = 0.0320409 (R_Elbow)
[2026-07-20 13:03:44.286] [info] Frame 112 (t = 1.12):	 total squared error = 0.00368902, marker error: RMS = 0.0116889, max = 0.0319593 (R_Elbow)
[2026-07-20 13:03:44.301] [info] Frame 113 (t = 1.13):	 total squared error = 0.00368137, marker error: RMS = 0.0116768, max = 0.0319643 (R_Elbow)
[2026-07-20 13:03:44.316] [info] Frame 114 (t = 1.14):	 total squared error = 0.00365673, marker error: RMS = 0.0116376, max = 0.0318382 (R_Elbow)
[2026-07-20 13:03:44.330] [info] Frame 115 (t = 1.15):	 total squared error = 0.00362439, marker error: RMS = 0.0115861, max = 0.0316704 (R_Elbow)
[2026-07-20 13:03:44.344] [info] Frame 116 (t = 1.16):	 total squared error = 0.00359140, marker error: RMS = 0.0115332, max = 0.0315317 (R_Elbow)
[2026-07-20 13:03:44.370] [info] Frame 117 (t = 1.17):	 total squared error = 0.00354716, marker error: RMS = 0.0114619, max = 0.0315942 (R_Elbow)
[2026-07-20 13:03:44.386] [info] Frame 118 (t = 1.18):	 total squared error = 0.00351691, marker error: RMS = 0.011413, max = 0.0311557 (R_Elbow)
[2026-07-20 13:03:44.410] [info] Frame 119 (t = 1.19):	 total squared error = 0.00348502, marker error: RMS = 0.0113611, max = 0.0310475 (R_Elbow)
[2026-07-20 13:03:44.435] [info] Frame 120 (t = 1.2):	 total squared error = 0.00346364, marker error: RMS = 0.0113262, max = 0.0306722 (R_Elbow)
[2026-07-20 13:03:44.453] [info] Frame 121 (t = 1.21):	 total squared error = 0.00345045, marker error: RMS = 0.0113046, max = 0.0302508 (R_Elbow)
[2026-07-20 13:03:44.475] [info] Frame 122 (t = 1.22):	 total squared error = 0.00343565, marker error: RMS = 0.0112804, max = 0.0299214 (R_Elbow)
[2026-07-20 13:03:44.507] [info] Frame 123 (t = 1.23):	 total squared error = 0.00340386, marker error: RMS = 0.011228, max = 0.0296186 (R_Elbow)
[2026-07-20 13:03:44.521] [info] Frame 124 (t = 1.24):	 total squared error = 0.00340040, marker error: RMS = 0.0112223, max = 0.0290770 (R_Elbow)
[2026-07-20 13:03:44.554] [info] Frame 125 (t = 1.25):	 total squared error = 0.00337419, marker error: RMS = 0.011179, max = 0.028953 (R_Elbow)
[2026-07-20 13:03:44.571] [info] Frame 126 (t = 1.26):	 total squared error = 0.00339221, marker error: RMS = 0.0112088, max = 0.0284576 (R_Elbow)
[2026-07-20 13:03:44.596] [info] Frame 127 (t = 1.27):	 total squared error = 0.00341028, marker error: RMS = 0.0112386, max = 0.0283321 (R_Elbow)
[2026-07-20 13:03:44.614] [info] Frame 128 (t = 1.28):	 total squared error = 0.00346730, marker error: RMS = 0.0113322, max = 0.0279605 (R_Elbow)
[2026-07-20 13:03:44.632] [info] Frame 129 (t = 1.29):	 total squared error = 0.00352962, marker error: RMS = 0.0114336, max = 0.0278336 (R_Elbow)
[2026-07-20 13:03:44.645] [info] Frame 130 (t = 1.3):	 total squared error = 0.00360396, marker error: RMS = 0.0115534, max = 0.0276094 (R_Elbow)
[2026-07-20 13:03:44.671] [info] Frame 131 (t = 1.31):	 total squared error = 0.00367586, marker error: RMS = 0.011668, max = 0.0276308 (R_Elbow)
[2026-07-20 13:03:44.688] [info] Frame 132 (t = 1.32):	 total squared error = 0.00374636, marker error: RMS = 0.0117794, max = 0.0275361 (R_Elbow)
[2026-07-20 13:03:44.705] [info] Frame 133 (t = 1.33):	 total squared error = 0.00379644, marker error: RMS = 0.0118579, max = 0.0274938 (R_Elbow)
[2026-07-20 13:03:44.720] [info] Frame 134 (t = 1.34):	 total squared error = 0.00381762, marker error: RMS = 0.0118909, max = 0.0274538 (R_Elbow)
[2026-07-20 13:03:44.733] [info] Frame 135 (t = 1.35):	 total squared error = 0.00380359, marker error: RMS = 0.011869, max = 0.0275281 (R_Elbow)
[2026-07-20 13:03:44.754] [info] Frame 136 (t = 1.36):	 total squared error = 0.00375870, marker error: RMS = 0.0117988, max = 0.0273075 (R_Elbow)
[2026-07-20 13:03:44.784] [info] Frame 137 (t = 1.37):	 total squared error = 0.00369171, marker error: RMS = 0.0116932, max = 0.0271623 (R_Elbow)
[2026-07-20 13:03:44.800] [info] Frame 138 (t = 1.38):	 total squared error = 0.00361695, marker error: RMS = 0.0115742, max = 0.0270804 (R_Elbow)
[2026-07-20 13:03:44.819] [info] Frame 139 (t = 1.39):	 total squared error = 0.00353499, marker error: RMS = 0.0114423, max = 0.0268823 (R_Elbow)
[2026-07-20 13:03:44.840] [info] Frame 140 (t = 1.4):	 total squared error = 0.00345619, marker error: RMS = 0.011314, max = 0.0267212 (R_Elbow)
[2026-07-20 13:03:44.865] [info] Frame 141 (t = 1.41):	 total squared error = 0.00337841, marker error: RMS = 0.011186, max = 0.0264847 (R_Elbow)
[2026-07-20 13:03:44.878] [info] Frame 142 (t = 1.42):	 total squared error = 0.00331427, marker error: RMS = 0.0110793, max = 0.0263778 (R_Elbow)
[2026-07-20 13:03:44.907] [info] Frame 143 (t = 1.43):	 total squared error = 0.00323159, marker error: RMS = 0.0109402, max = 0.0259518 (R_Elbow)
[2026-07-20 13:03:44.923] [info] Frame 144 (t = 1.44):	 total squared error = 0.00316840, marker error: RMS = 0.0108327, max = 0.0257051 (R_Elbow)
[2026-07-20 13:03:44.948] [info] Frame 145 (t = 1.45):	 total squared error = 0.00309548, marker error: RMS = 0.0107074, max = 0.0252963 (R_Elbow)
[2026-07-20 13:03:44.962] [info] Frame 146 (t = 1.46):	 total squared error = 0.00303873, marker error: RMS = 0.0106088, max = 0.0250062 (R_Elbow)
[2026-07-20 13:03:44.999] [info] Frame 147 (t = 1.47):	 total squared error = 0.00297024, marker error: RMS = 0.0104885, max = 0.0245445 (R_Elbow)
[2026-07-20 13:03:45.016] [info] Frame 148 (t = 1.48):	 total squared error = 0.00292351, marker error: RMS = 0.0104057, max = 0.024175 (R_Elbow)
[2026-07-20 13:03:45.035] [info] Frame 149 (t = 1.49):	 total squared error = 0.00288243, marker error: RMS = 0.0103323, max = 0.0238308 (R_Elbow)
[2026-07-20 13:03:45.058] [info] Frame 150 (t = 1.5):	 total squared error = 0.00284557, marker error: RMS = 0.0102660, max = 0.0233983 (R_Elbow)
[2026-07-20 13:03:45.075] [info] Frame 151 (t = 1.51):	 total squared error = 0.00282828, marker error: RMS = 0.0102348, max = 0.0231094 (R_Elbow)
[2026-07-20 13:03:45.112] [info] Frame 152 (t = 1.52):	 total squared error = 0.00281664, marker error: RMS = 0.0102137, max = 0.0226459 (R_Elbow)
[2026-07-20 13:03:45.137] [info] Frame 153 (t = 1.53):	 total squared error = 0.00282357, marker error: RMS = 0.0102263, max = 0.0223776 (R_Elbow)
[2026-07-20 13:03:45.155] [info] Frame 154 (t = 1.54):	 total squared error = 0.00285054, marker error: RMS = 0.0102750, max = 0.0222006 (R_Elbow)
[2026-07-20 13:03:45.180] [info] Frame 155 (t = 1.55):	 total squared error = 0.00288620, marker error: RMS = 0.0103391, max = 0.0218485 (R_Elbow)
[2026-07-20 13:03:45.204] [info] Frame 156 (t = 1.56):	 total squared error = 0.00294238, marker error: RMS = 0.0104392, max = 0.0217192 (R_Elbow)
[2026-07-20 13:03:45.234] [info] Frame 157 (t = 1.57):	 total squared error = 0.00300812, marker error: RMS = 0.0105552, max = 0.0214884 (R_Elbow)
[2026-07-20 13:03:45.282] [info] Frame 158 (t = 1.58):	 total squared error = 0.00308033, marker error: RMS = 0.0106811, max = 0.0213593 (R_Elbow)
[2026-07-20 13:03:45.293] [info] Frame 159 (t = 1.59):	 total squared error = 0.00315997, marker error: RMS = 0.0108183, max = 0.0213629 (R_Elbow)
[2026-07-20 13:03:45.311] [info] Frame 160 (t = 1.6):	 total squared error = 0.00321455, marker error: RMS = 0.0109114, max = 0.0214722 (R_Elbow)
[2026-07-20 13:03:45.327] [info] Frame 161 (t = 1.61):	 total squared error = 0.00324582, marker error: RMS = 0.0109643, max = 0.0214343 (R_Elbow)
[2026-07-20 13:03:45.337] [info] Frame 162 (t = 1.62):	 total squared error = 0.00325665, marker error: RMS = 0.0109826, max = 0.0215417 (R_Elbow)
[2026-07-20 13:03:45.345] [info] Frame 163 (t = 1.63):	 total squared error = 0.00323975, marker error: RMS = 0.0109540, max = 0.0218076 (R_Elbow)
[2026-07-20 13:03:45.355] [info] Frame 164 (t = 1.64):	 total squared error = 0.00319521, marker error: RMS = 0.0108785, max = 0.0219371 (R_Elbow)
[2026-07-20 13:03:45.388] [info] Frame 165 (t = 1.65):	 total squared error = 0.00311737, marker error: RMS = 0.0107452, max = 0.0221121 (R_Elbow)
[2026-07-20 13:03:45.401] [info] Frame 166 (t = 1.66):	 total squared error = 0.00304483, marker error: RMS = 0.0106194, max = 0.0223577 (R_Elbow)
[2026-07-20 13:03:45.417] [info] Frame 167 (t = 1.67):	 total squared error = 0.00296961, marker error: RMS = 0.0104874, max = 0.0226489 (R_Elbow)
[2026-07-20 13:03:45.438] [info] Frame 168 (t = 1.68):	 total squared error = 0.00290270, marker error: RMS = 0.0103686, max = 0.0230885 (R_Elbow)
[2026-07-20 13:03:45.449] [info] Frame 169 (t = 1.69):	 total squared error = 0.00285034, marker error: RMS = 0.0102746, max = 0.0234812 (R_Elbow)
[2026-07-20 13:03:45.482] [info] Frame 170 (t = 1.7):	 total squared error = 0.00280111, marker error: RMS = 0.0101855, max = 0.0239821 (R_Elbow)
[2026-07-20 13:03:45.501] [info] Frame 171 (t = 1.71):	 total squared error = 0.00277170, marker error: RMS = 0.0101319, max = 0.0243398 (R_Elbow)
[2026-07-20 13:03:45.517] [info] Frame 172 (t = 1.72):	 total squared error = 0.00276453, marker error: RMS = 0.0101188, max = 0.0246559 (R_Elbow)
[2026-07-20 13:03:45.538] [info] Frame 173 (t = 1.73):	 total squared error = 0.00277863, marker error: RMS = 0.0101446, max = 0.0250536 (R_Elbow)
[2026-07-20 13:03:45.561] [info] Frame 174 (t = 1.74):	 total squared error = 0.00282005, marker error: RMS = 0.0102199, max = 0.0254543 (R_Elbow)
[2026-07-20 13:03:45.579] [info] Frame 175 (t = 1.75):	 total squared error = 0.00289399, marker error: RMS = 0.0103530, max = 0.0257926 (R_Elbow)
[2026-07-20 13:03:45.599] [info] Frame 176 (t = 1.76):	 total squared error = 0.00299358, marker error: RMS = 0.0105296, max = 0.0261118 (R_Elbow)
[2026-07-20 13:03:45.616] [info] Frame 177 (t = 1.77):	 total squared error = 0.00312645, marker error: RMS = 0.0107608, max = 0.0263582 (R_Elbow)
[2026-07-20 13:03:45.637] [info] Frame 178 (t = 1.78):	 total squared error = 0.00327142, marker error: RMS = 0.0110074, max = 0.0266515 (R_Elbow)
[2026-07-20 13:03:45.658] [info] Frame 179 (t = 1.79):	 total squared error = 0.00342316, marker error: RMS = 0.0112598, max = 0.0269577 (R_Elbow)
[2026-07-20 13:03:45.673] [info] Frame 180 (t = 1.8):	 total squared error = 0.00356680, marker error: RMS = 0.0114936, max = 0.0270929 (R_Elbow)
[2026-07-20 13:03:45.694] [info] Frame 181 (t = 1.81):	 total squared error = 0.00367618, marker error: RMS = 0.0116685, max = 0.0274187 (R_Elbow)
[2026-07-20 13:03:45.715] [info] Frame 182 (t = 1.82):	 total squared error = 0.00375113, marker error: RMS = 0.0117869, max = 0.0276248 (R_Elbow)
[2026-07-20 13:03:45.733] [info] Frame 183 (t = 1.83):	 total squared error = 0.00379603, marker error: RMS = 0.0118572, max = 0.0277992 (R_Elbow)
[2026-07-20 13:03:45.748] [info] Frame 184 (t = 1.84):	 total squared error = 0.00382298, marker error: RMS = 0.0118992, max = 0.0278722 (R_Elbow)
[2026-07-20 13:03:45.762] [info] Frame 185 (t = 1.85):	 total squared error = 0.00383860, marker error: RMS = 0.0119235, max = 0.0280095 (R_Elbow)
[2026-07-20 13:03:45.776] [info] Frame 186 (t = 1.86):	 total squared error = 0.00385290, marker error: RMS = 0.0119457, max = 0.0281544 (R_Elbow)
[2026-07-20 13:03:45.800] [info] Frame 187 (t = 1.87):	 total squared error = 0.00386950, marker error: RMS = 0.0119714, max = 0.0284329 (R_Elbow)
[2026-07-20 13:03:45.815] [info] Frame 188 (t = 1.88):	 total squared error = 0.00388836, marker error: RMS = 0.0120006, max = 0.0283975 (R_Elbow)
[2026-07-20 13:03:45.833] [info] Frame 189 (t = 1.89):	 total squared error = 0.00390040, marker error: RMS = 0.0120191, max = 0.0286086 (R_Elbow)
[2026-07-20 13:03:45.843] [info] Frame 190 (t = 1.9):	 total squared error = 0.00390732, marker error: RMS = 0.0120298, max = 0.0285245 (R_Elbow)
[2026-07-20 13:03:45.855] [info] Frame 191 (t = 1.91):	 total squared error = 0.00389785, marker error: RMS = 0.0120152, max = 0.0286156 (R_Elbow)
[2026-07-20 13:03:45.884] [info] Frame 192 (t = 1.92):	 total squared error = 0.00387847, marker error: RMS = 0.0119853, max = 0.0288321 (R_Elbow)
[2026-07-20 13:03:45.897] [info] Frame 193 (t = 1.93):	 total squared error = 0.00385560, marker error: RMS = 0.0119499, max = 0.0288618 (R_Elbow)
[2026-07-20 13:03:45.926] [info] Frame 194 (t = 1.94):	 total squared error = 0.00381884, marker error: RMS = 0.0118928, max = 0.0289731 (R_Elbow)
[2026-07-20 13:03:45.945] [info] Frame 195 (t = 1.95):	 total squared error = 0.00377745, marker error: RMS = 0.0118282, max = 0.0291291 (R_Elbow)
[2026-07-20 13:03:45.972] [info] Frame 196 (t = 1.96):	 total squared error = 0.00372087, marker error: RMS = 0.0117392, max = 0.0291706 (R_Elbow)
[2026-07-20 13:03:45.988] [info] Frame 197 (t = 1.97):	 total squared error = 0.00366170, marker error: RMS = 0.0116455, max = 0.0294114 (R_Elbow)
[2026-07-20 13:03:46.005] [info] Frame 198 (t = 1.98):	 total squared error = 0.00358702, marker error: RMS = 0.0115262, max = 0.0296849 (R_Elbow)
[2026-07-20 13:03:46.016] [info] Frame 199 (t = 1.99):	 total squared error = 0.00354089, marker error: RMS = 0.0114518, max = 0.0300368 (R_Elbow)
[2026-07-20 13:03:46.046] [info] Frame 200 (t = 2.0):	 total squared error = 0.00344664, marker error: RMS = 0.0112984, max = 0.0298592 (R_Elbow)
[2026-07-20 13:03:46.065] [info] Frame 201 (t = 2.01):	 total squared error = 0.00341859, marker error: RMS = 0.0112523, max = 0.0302815 (R_Elbow)
[2026-07-20 13:03:46.085] [info] Frame 202 (t = 2.02):	 total squared error = 0.00340336, marker error: RMS = 0.0112272, max = 0.0305191 (R_Elbow)
[2026-07-20 13:03:46.103] [info] Frame 203 (t = 2.03):	 total squared error = 0.00341872, marker error: RMS = 0.0112525, max = 0.0308594 (R_Elbow)
[2026-07-20 13:03:46.143] [info] Frame 204 (t = 2.04):	 total squared error = 0.00343347, marker error: RMS = 0.0112768, max = 0.0308698 (R_Elbow)
[2026-07-20 13:03:46.174] [info] Frame 205 (t = 2.05):	 total squared error = 0.00348323, marker error: RMS = 0.0113582, max = 0.0311046 (R_Elbow)
[2026-07-20 13:03:46.210] [info] Frame 206 (t = 2.06):	 total squared error = 0.00354199, marker error: RMS = 0.0114536, max = 0.0313245 (R_Elbow)
[2026-07-20 13:03:46.234] [info] Frame 207 (t = 2.07):	 total squared error = 0.00361296, marker error: RMS = 0.0115678, max = 0.0316509 (R_Elbow)
[2026-07-20 13:03:46.250] [info] Frame 208 (t = 2.08):	 total squared error = 0.00369056, marker error: RMS = 0.0116913, max = 0.0319085 (R_Elbow)
[2026-07-20 13:03:46.259] [info] Frame 209 (t = 2.09):	 total squared error = 0.00377485, marker error: RMS = 0.0118241, max = 0.0322796 (R_Elbow)
[2026-07-20 13:03:46.279] [info] Frame 210 (t = 2.1):	 total squared error = 0.00379765, marker error: RMS = 0.0118598, max = 0.0320991 (R_Elbow)
[2026-07-20 13:03:46.290] [info] Frame 211 (t = 2.11):	 total squared error = 0.00382157, marker error: RMS = 0.011897, max = 0.0322224 (R_Elbow)
[2026-07-20 13:03:46.298] [info] Frame 212 (t = 2.12):	 total squared error = 0.00382617, marker error: RMS = 0.0119042, max = 0.032482 (R_Elbow)
[2026-07-20 13:03:46.315] [info] Frame 213 (t = 2.13):	 total squared error = 0.00378726, marker error: RMS = 0.0118435, max = 0.0321525 (R_Elbow)
[2026-07-20 13:03:46.328] [info] Frame 214 (t = 2.14):	 total squared error = 0.00374983, marker error: RMS = 0.0117848, max = 0.0321115 (R_Elbow)
[2026-07-20 13:03:46.355] [info] Frame 215 (t = 2.15):	 total squared error = 0.00368758, marker error: RMS = 0.0116866, max = 0.0320731 (R_Elbow)
[2026-07-20 13:03:46.370] [info] Frame 216 (t = 2.16):	 total squared error = 0.00364190, marker error: RMS = 0.011614, max = 0.0318367 (R_Elbow)
[2026-07-20 13:03:46.386] [info] Frame 217 (t = 2.17):	 total squared error = 0.00360124, marker error: RMS = 0.011549, max = 0.0315446 (R_Elbow)
[2026-07-20 13:03:46.410] [info] Frame 218 (t = 2.18):	 total squared error = 0.00355710, marker error: RMS = 0.011478, max = 0.0314702 (R_Elbow)
[2026-07-20 13:03:46.421] [info] Frame 219 (t = 2.19):	 total squared error = 0.00353312, marker error: RMS = 0.0114392, max = 0.0310721 (R_Elbow)
[2026-07-20 13:03:46.440] [info] Frame 220 (t = 2.2):	 total squared error = 0.00349657, marker error: RMS = 0.0113799, max = 0.0309040 (R_Elbow)
[2026-07-20 13:03:46.456] [info] Frame 221 (t = 2.21):	 total squared error = 0.00347035, marker error: RMS = 0.0113372, max = 0.0305736 (R_Elbow)
[2026-07-20 13:03:46.469] [info] Frame 222 (t = 2.22):	 total squared error = 0.00344194, marker error: RMS = 0.0112907, max = 0.0302118 (R_Elbow)
[2026-07-20 13:03:46.502] [info] Frame 223 (t = 2.23):	 total squared error = 0.00339990, marker error: RMS = 0.0112215, max = 0.0301515 (R_Elbow)
[2026-07-20 13:03:46.516] [info] Frame 224 (t = 2.24):	 total squared error = 0.00336745, marker error: RMS = 0.0111678, max = 0.0297809 (R_Elbow)
[2026-07-20 13:03:46.541] [info] Frame 225 (t = 2.25):	 total squared error = 0.00333220, marker error: RMS = 0.0111092, max = 0.0296508 (R_Elbow)
[2026-07-20 13:03:46.561] [info] Frame 226 (t = 2.26):	 total squared error = 0.00332144, marker error: RMS = 0.0110913, max = 0.0292907 (R_Elbow)
[2026-07-20 13:03:46.578] [info] Frame 227 (t = 2.27):	 total squared error = 0.00333377, marker error: RMS = 0.0111118, max = 0.0290630 (R_Elbow)
[2026-07-20 13:03:46.613] [info] Frame 228 (t = 2.28):	 total squared error = 0.00333050, marker error: RMS = 0.0111064, max = 0.0290851 (R_Elbow)
[2026-07-20 13:03:46.630] [info] Frame 229 (t = 2.29):	 total squared error = 0.00337205, marker error: RMS = 0.0111755, max = 0.0287549 (R_Elbow)
[2026-07-20 13:03:46.643] [info] Frame 230 (t = 2.3):	 total squared error = 0.00344919, marker error: RMS = 0.0113025, max = 0.0284402 (R_Elbow)
[2026-07-20 13:03:46.662] [info] Frame 231 (t = 2.31):	 total squared error = 0.00348844, marker error: RMS = 0.0113667, max = 0.0284161 (R_Elbow)
[2026-07-20 13:03:46.688] [info] Frame 232 (t = 2.32):	 total squared error = 0.00352000, marker error: RMS = 0.011418, max = 0.0284703 (R_Elbow)
[2026-07-20 13:03:46.702] [info] Frame 233 (t = 2.33):	 total squared error = 0.00358271, marker error: RMS = 0.0115192, max = 0.0283020 (R_Elbow)
[2026-07-20 13:03:46.728] [info] Frame 234 (t = 2.34):	 total squared error = 0.00362885, marker error: RMS = 0.0115932, max = 0.0282308 (R_Elbow)
[2026-07-20 13:03:46.743] [info] Frame 235 (t = 2.35):	 total squared error = 0.00366402, marker error: RMS = 0.0116492, max = 0.0281387 (R_Elbow)
[2026-07-20 13:03:46.766] [info] Frame 236 (t = 2.36):	 total squared error = 0.00367807, marker error: RMS = 0.0116715, max = 0.0280179 (R_Elbow)
[2026-07-20 13:03:46.778] [info] Frame 237 (t = 2.37):	 total squared error = 0.00367328, marker error: RMS = 0.0116639, max = 0.0279211 (R_Elbow)
[2026-07-20 13:03:46.787] [info] Frame 238 (t = 2.38):	 total squared error = 0.00365513, marker error: RMS = 0.0116351, max = 0.0278322 (R_Elbow)
[2026-07-20 13:03:46.806] [info] Frame 239 (t = 2.39):	 total squared error = 0.00360454, marker error: RMS = 0.0115543, max = 0.0273693 (R_Elbow)
[2026-07-20 13:03:46.816] [info] Frame 240 (t = 2.4):	 total squared error = 0.00356046, marker error: RMS = 0.0114834, max = 0.0272685 (R_Elbow)
[2026-07-20 13:03:46.839] [info] Frame 241 (t = 2.41):	 total squared error = 0.00348265, marker error: RMS = 0.0113572, max = 0.0267697 (R_Elbow)
[2026-07-20 13:03:46.849] [info] Frame 242 (t = 2.42):	 total squared error = 0.00342877, marker error: RMS = 0.011269, max = 0.0265628 (R_Elbow)
[2026-07-20 13:03:46.884] [info] Frame 243 (t = 2.43):	 total squared error = 0.00334141, marker error: RMS = 0.0111246, max = 0.0260458 (R_Elbow)
[2026-07-20 13:03:46.898] [info] Frame 244 (t = 2.44):	 total squared error = 0.00327953, marker error: RMS = 0.0110211, max = 0.0257296 (R_Elbow)
[2026-07-20 13:03:46.908] [info] Frame 245 (t = 2.45):	 total squared error = 0.00324009, marker error: RMS = 0.0109546, max = 0.0252131 (R_Elbow)
[2026-07-20 13:03:46.928] [info] Frame 246 (t = 2.46):	 total squared error = 0.00314561, marker error: RMS = 0.0107937, max = 0.0249164 (R_Elbow)
[2026-07-20 13:03:46.959] [info] Frame 247 (t = 2.47):	 total squared error = 0.00306971, marker error: RMS = 0.0106627, max = 0.0243111 (R_Elbow)
[2026-07-20 13:03:46.976] [info] Frame 248 (t = 2.48):	 total squared error = 0.00301447, marker error: RMS = 0.0105663, max = 0.0238372 (R_Elbow)
[2026-07-20 13:03:47.003] [info] Frame 249 (t = 2.49):	 total squared error = 0.00294154, marker error: RMS = 0.0104377, max = 0.0233988 (R_Elbow)
[2026-07-20 13:03:47.019] [info] Frame 250 (t = 2.5):	 total squared error = 0.00288879, marker error: RMS = 0.0103437, max = 0.0229997 (R_Elbow)
[2026-07-20 13:03:47.023] [info] InverseKinematicsTool completed 211 frames in 4 second(s).
[2026-07-20 13:03:47.057] [info] Loaded model TCV04-scaled from file C:\Users\Lucia\Desktop\TFG\2_JMP\TVC04\Walk_3\TVC04_3_JMP_results\TVC04_3_NMSM_JMP_02_knee_ankle.osim
[2026-07-20 13:03:47.570] [warning] Coordinate.setValue:  coordinate pro_sup_r is locked. Unable to change its value.
[2026-07-20 13:03:47.602] [warning] Coordinate.setValue:  coordinate pro_sup_l is locked. Unable to change its value.
[2026-07-20 13:04:16.942] [info] Loaded model TCV04-scaled from file C:\Users\Lucia\Desktop\TFG\2_JMP\TVC04\Walk_3\TVC04_3_JMP_results\TVC04_3_NMSM_JMP_03_final.osim
[2026-07-20 13:04:16.952] [cout] [info] 
               MODEL: TCV04-scaled
         coordinates: 41
              forces: 103
           actuators: 103
             muscles: 86
            analyses: 0
              probes: 0
              bodies: 24
              joints: 24
         constraints: 2
             markers: 27
         controllers: 0
  contact geometries: 0
misc modelcomponents: 0
[2026-07-20 13:04:16.952] [info] Running tool .
[2026-07-20 13:04:17.016] [info] Frame 40 (t = 0.4):	 total squared error = 0.00340324, marker error: RMS = 0.011227, max = 0.0268759 (R_Elbow)
[2026-07-20 13:04:17.031] [info] Frame 41 (t = 0.41):	 total squared error = 0.00331895, marker error: RMS = 0.0110871, max = 0.0264781 (R_Elbow)
[2026-07-20 13:04:17.048] [info] Frame 42 (t = 0.42):	 total squared error = 0.00323035, marker error: RMS = 0.0109381, max = 0.0260162 (R_Elbow)
[2026-07-20 13:04:17.073] [info] Frame 43 (t = 0.43):	 total squared error = 0.00313784, marker error: RMS = 0.0107804, max = 0.0254698 (R_Elbow)
[2026-07-20 13:04:17.099] [info] Frame 44 (t = 0.44):	 total squared error = 0.00305981, marker error: RMS = 0.0106455, max = 0.0250010 (R_Elbow)
[2026-07-20 13:04:17.135] [info] Frame 45 (t = 0.45):	 total squared error = 0.00297957, marker error: RMS = 0.0105050, max = 0.0243753 (R_Elbow)
[2026-07-20 13:04:17.161] [info] Frame 46 (t = 0.46):	 total squared error = 0.00291294, marker error: RMS = 0.0103868, max = 0.0238687 (R_Elbow)
[2026-07-20 13:04:17.182] [info] Frame 47 (t = 0.47):	 total squared error = 0.00285094, marker error: RMS = 0.0102757, max = 0.0233508 (R_Elbow)
[2026-07-20 13:04:17.197] [info] Frame 48 (t = 0.48):	 total squared error = 0.00280189, marker error: RMS = 0.0101869, max = 0.0228701 (R_Elbow)
[2026-07-20 13:04:17.215] [info] Frame 49 (t = 0.49):	 total squared error = 0.00274974, marker error: RMS = 0.0100917, max = 0.0223247 (R_Elbow)
[2026-07-20 13:04:17.239] [info] Frame 50 (t = 0.5):	 total squared error = 0.00269857, marker error: RMS = 0.00999736, max = 0.0217716 (R_Elbow)
[2026-07-20 13:04:17.264] [info] Frame 51 (t = 0.51):	 total squared error = 0.00266291, marker error: RMS = 0.00993107, max = 0.0213028 (R_Elbow)
[2026-07-20 13:04:17.282] [info] Frame 52 (t = 0.52):	 total squared error = 0.00264191, marker error: RMS = 0.00989185, max = 0.0209805 (R_Elbow)
[2026-07-20 13:04:17.312] [info] Frame 53 (t = 0.53):	 total squared error = 0.00262585, marker error: RMS = 0.00986173, max = 0.0204910 (R_Elbow)
[2026-07-20 13:04:17.335] [info] Frame 54 (t = 0.54):	 total squared error = 0.00263116, marker error: RMS = 0.00987169, max = 0.0201850 (R_Elbow)
[2026-07-20 13:04:17.350] [info] Frame 55 (t = 0.55):	 total squared error = 0.00265893, marker error: RMS = 0.00992366, max = 0.0200172 (R_Elbow)
[2026-07-20 13:04:17.390] [info] Frame 56 (t = 0.56):	 total squared error = 0.00269529, marker error: RMS = 0.00999128, max = 0.0197056 (Sternum)
[2026-07-20 13:04:17.416] [info] Frame 57 (t = 0.57):	 total squared error = 0.00275825, marker error: RMS = 0.0101073, max = 0.0197086 (Sternum)
[2026-07-20 13:04:17.444] [info] Frame 58 (t = 0.58):	 total squared error = 0.00283785, marker error: RMS = 0.0102521, max = 0.01967 (Sternum)
[2026-07-20 13:04:17.470] [info] Frame 59 (t = 0.59):	 total squared error = 0.00292155, marker error: RMS = 0.0104022, max = 0.0196411 (Sternum)
[2026-07-20 13:04:17.479] [info] Frame 60 (t = 0.6):	 total squared error = 0.00301286, marker error: RMS = 0.0105635, max = 0.0196696 (R_Elbow)
[2026-07-20 13:04:17.511] [info] Frame 61 (t = 0.61):	 total squared error = 0.00306096, marker error: RMS = 0.0106475, max = 0.0196875 (R_Elbow)
[2026-07-20 13:04:17.523] [info] Frame 62 (t = 0.62):	 total squared error = 0.00309833, marker error: RMS = 0.0107123, max = 0.0200110 (R_Elbow)
[2026-07-20 13:04:17.536] [info] Frame 63 (t = 0.63):	 total squared error = 0.00310772, marker error: RMS = 0.0107285, max = 0.0203072 (R_Elbow)
[2026-07-20 13:04:17.568] [info] Frame 64 (t = 0.64):	 total squared error = 0.00308036, marker error: RMS = 0.0106812, max = 0.0205368 (R_Elbow)
[2026-07-20 13:04:17.583] [info] Frame 65 (t = 0.65):	 total squared error = 0.00303862, marker error: RMS = 0.0106086, max = 0.0209129 (R_Elbow)
[2026-07-20 13:04:17.607] [info] Frame 66 (t = 0.66):	 total squared error = 0.00298212, marker error: RMS = 0.0105095, max = 0.0213686 (R_Elbow)
[2026-07-20 13:04:17.617] [info] Frame 67 (t = 0.67):	 total squared error = 0.00292364, marker error: RMS = 0.0104059, max = 0.0218914 (R_Elbow)
[2026-07-20 13:04:17.638] [info] Frame 68 (t = 0.68):	 total squared error = 0.00284712, marker error: RMS = 0.0102688, max = 0.0222967 (R_Elbow)
[2026-07-20 13:04:17.654] [info] Frame 69 (t = 0.69):	 total squared error = 0.00278192, marker error: RMS = 0.0101506, max = 0.0227058 (R_Elbow)
[2026-07-20 13:04:17.685] [info] Frame 70 (t = 0.7):	 total squared error = 0.00271580, marker error: RMS = 0.0100292, max = 0.0233516 (R_Elbow)
[2026-07-20 13:04:17.700] [info] Frame 71 (t = 0.71):	 total squared error = 0.00267766, marker error: RMS = 0.00995854, max = 0.0236788 (R_Elbow)
[2026-07-20 13:04:17.732] [info] Frame 72 (t = 0.72):	 total squared error = 0.00265919, marker error: RMS = 0.00992415, max = 0.0242735 (R_Elbow)
[2026-07-20 13:04:17.757] [info] Frame 73 (t = 0.73):	 total squared error = 0.00266981, marker error: RMS = 0.00994393, max = 0.024651 (R_Elbow)
[2026-07-20 13:04:17.791] [info] Frame 74 (t = 0.74):	 total squared error = 0.00271371, marker error: RMS = 0.0100254, max = 0.0250527 (R_Elbow)
[2026-07-20 13:04:17.814] [info] Frame 75 (t = 0.75):	 total squared error = 0.00278022, marker error: RMS = 0.0101475, max = 0.0253871 (R_Elbow)
[2026-07-20 13:04:17.837] [info] Frame 76 (t = 0.76):	 total squared error = 0.00287098, marker error: RMS = 0.0103118, max = 0.0256756 (R_Elbow)
[2026-07-20 13:04:17.875] [info] Frame 77 (t = 0.77):	 total squared error = 0.00298288, marker error: RMS = 0.0105108, max = 0.025999 (R_Elbow)
[2026-07-20 13:04:17.889] [info] Frame 78 (t = 0.78):	 total squared error = 0.00310258, marker error: RMS = 0.0107196, max = 0.0259631 (R_Elbow)
[2026-07-20 13:04:17.915] [info] Frame 79 (t = 0.79):	 total squared error = 0.00320275, marker error: RMS = 0.0108913, max = 0.0265339 (R_Elbow)
[2026-07-20 13:04:17.933] [info] Frame 80 (t = 0.8):	 total squared error = 0.00329510, marker error: RMS = 0.0110472, max = 0.0266888 (R_Elbow)
[2026-07-20 13:04:17.948] [info] Frame 81 (t = 0.81):	 total squared error = 0.00336174, marker error: RMS = 0.0111584, max = 0.0268241 (R_Elbow)
[2026-07-20 13:04:17.986] [info] Frame 82 (t = 0.82):	 total squared error = 0.00339913, marker error: RMS = 0.0112202, max = 0.0271089 (R_Elbow)
[2026-07-20 13:04:18.003] [info] Frame 83 (t = 0.83):	 total squared error = 0.00341387, marker error: RMS = 0.0112445, max = 0.027198 (R_Elbow)
[2026-07-20 13:04:18.022] [info] Frame 84 (t = 0.84):	 total squared error = 0.00341028, marker error: RMS = 0.0112386, max = 0.0274833 (R_Elbow)
[2026-07-20 13:04:18.036] [info] Frame 85 (t = 0.85):	 total squared error = 0.00339806, marker error: RMS = 0.0112185, max = 0.0272723 (R_Elbow)
[2026-07-20 13:04:18.053] [info] Frame 86 (t = 0.86):	 total squared error = 0.00337099, marker error: RMS = 0.0111737, max = 0.0276614 (R_Elbow)
[2026-07-20 13:04:18.074] [info] Frame 87 (t = 0.87):	 total squared error = 0.00334074, marker error: RMS = 0.0111234, max = 0.0279575 (R_Elbow)
[2026-07-20 13:04:18.088] [info] Frame 88 (t = 0.88):	 total squared error = 0.00331253, marker error: RMS = 0.0110764, max = 0.0278223 (R_Elbow)
[2026-07-20 13:04:18.101] [info] Frame 89 (t = 0.89):	 total squared error = 0.00328551, marker error: RMS = 0.0110311, max = 0.0279326 (R_Elbow)
[2026-07-20 13:04:18.122] [info] Frame 90 (t = 0.9):	 total squared error = 0.00326131, marker error: RMS = 0.0109904, max = 0.028249 (R_Elbow)
[2026-07-20 13:04:18.138] [info] Frame 91 (t = 0.91):	 total squared error = 0.00325014, marker error: RMS = 0.0109716, max = 0.0281342 (R_Elbow)
[2026-07-20 13:04:18.161] [info] Frame 92 (t = 0.92):	 total squared error = 0.00324198, marker error: RMS = 0.0109578, max = 0.0283677 (R_Elbow)
[2026-07-20 13:04:18.176] [info] Frame 93 (t = 0.93):	 total squared error = 0.00324609, marker error: RMS = 0.0109647, max = 0.02833 (R_Elbow)
[2026-07-20 13:04:18.192] [info] Frame 94 (t = 0.94):	 total squared error = 0.00325105, marker error: RMS = 0.0109731, max = 0.0284054 (R_Elbow)
[2026-07-20 13:04:18.213] [info] Frame 95 (t = 0.95):	 total squared error = 0.00324910, marker error: RMS = 0.0109698, max = 0.0284343 (R_Elbow)
[2026-07-20 13:04:18.227] [info] Frame 96 (t = 0.96):	 total squared error = 0.00325165, marker error: RMS = 0.0109741, max = 0.0284768 (R_Elbow)
[2026-07-20 13:04:18.252] [info] Frame 97 (t = 0.97):	 total squared error = 0.00322914, marker error: RMS = 0.0109361, max = 0.02848 (R_Elbow)
[2026-07-20 13:04:18.271] [info] Frame 98 (t = 0.98):	 total squared error = 0.00321128, marker error: RMS = 0.0109058, max = 0.0286577 (R_Elbow)
[2026-07-20 13:04:18.287] [info] Frame 99 (t = 0.99):	 total squared error = 0.00319183, marker error: RMS = 0.0108727, max = 0.0289008 (R_Elbow)
[2026-07-20 13:04:18.314] [info] Frame 100 (t = 1.0):	 total squared error = 0.00315593, marker error: RMS = 0.0108114, max = 0.0288567 (R_Elbow)
[2026-07-20 13:04:18.328] [info] Frame 101 (t = 1.01):	 total squared error = 0.00314482, marker error: RMS = 0.0107924, max = 0.0292335 (R_Elbow)
[2026-07-20 13:04:18.357] [info] Frame 102 (t = 1.02):	 total squared error = 0.00312163, marker error: RMS = 0.0107525, max = 0.0292203 (R_Elbow)
[2026-07-20 13:04:18.390] [info] Frame 103 (t = 1.03):	 total squared error = 0.00311642, marker error: RMS = 0.0107435, max = 0.029489 (R_Elbow)
[2026-07-20 13:04:18.402] [info] Frame 104 (t = 1.04):	 total squared error = 0.00315567, marker error: RMS = 0.0108109, max = 0.0300179 (R_Elbow)
[2026-07-20 13:04:18.441] [info] Frame 105 (t = 1.05):	 total squared error = 0.00315097, marker error: RMS = 0.0108029, max = 0.0300279 (R_Elbow)
[2026-07-20 13:04:18.467] [info] Frame 106 (t = 1.06):	 total squared error = 0.00319850, marker error: RMS = 0.0108841, max = 0.0303331 (R_Elbow)
[2026-07-20 13:04:18.482] [info] Frame 107 (t = 1.07):	 total squared error = 0.00326988, marker error: RMS = 0.0110048, max = 0.0307482 (R_Elbow)
[2026-07-20 13:04:18.498] [info] Frame 108 (t = 1.08):	 total squared error = 0.00335247, marker error: RMS = 0.011143, max = 0.0311184 (R_Elbow)
[2026-07-20 13:04:18.533] [info] Frame 109 (t = 1.09):	 total squared error = 0.00341077, marker error: RMS = 0.0112394, max = 0.0311757 (R_Elbow)
[2026-07-20 13:04:18.546] [info] Frame 110 (t = 1.1):	 total squared error = 0.00348156, marker error: RMS = 0.0113555, max = 0.0314865 (R_Elbow)
[2026-07-20 13:04:18.555] [info] Frame 111 (t = 1.11):	 total squared error = 0.00353358, marker error: RMS = 0.01144, max = 0.0317609 (R_Elbow)
[2026-07-20 13:04:18.575] [info] Frame 112 (t = 1.12):	 total squared error = 0.00354265, marker error: RMS = 0.0114547, max = 0.0317175 (R_Elbow)
[2026-07-20 13:04:18.595] [info] Frame 113 (t = 1.13):	 total squared error = 0.00353380, marker error: RMS = 0.0114403, max = 0.0317131 (R_Elbow)
[2026-07-20 13:04:18.613] [info] Frame 114 (t = 1.14):	 total squared error = 0.00351057, marker error: RMS = 0.0114027, max = 0.0317103 (R_Elbow)
[2026-07-20 13:04:18.623] [info] Frame 115 (t = 1.15):	 total squared error = 0.00348559, marker error: RMS = 0.011362, max = 0.0316592 (R_Elbow)
[2026-07-20 13:04:18.645] [info] Frame 116 (t = 1.16):	 total squared error = 0.00345077, marker error: RMS = 0.0113052, max = 0.0315603 (R_Elbow)
[2026-07-20 13:04:18.659] [info] Frame 117 (t = 1.17):	 total squared error = 0.00342381, marker error: RMS = 0.0112609, max = 0.0313249 (R_Elbow)
[2026-07-20 13:04:18.678] [info] Frame 118 (t = 1.18):	 total squared error = 0.00339938, marker error: RMS = 0.0112207, max = 0.0310636 (R_Elbow)
[2026-07-20 13:04:18.702] [info] Frame 119 (t = 1.19):	 total squared error = 0.00337571, marker error: RMS = 0.0111815, max = 0.0309237 (R_Elbow)
[2026-07-20 13:04:18.715] [info] Frame 120 (t = 1.2):	 total squared error = 0.00336875, marker error: RMS = 0.01117, max = 0.0303243 (R_Elbow)
[2026-07-20 13:04:18.739] [info] Frame 121 (t = 1.21):	 total squared error = 0.00334645, marker error: RMS = 0.0111329, max = 0.0302878 (R_Elbow)
[2026-07-20 13:04:18.758] [info] Frame 122 (t = 1.22):	 total squared error = 0.00333005, marker error: RMS = 0.0111056, max = 0.0298076 (R_Elbow)
[2026-07-20 13:04:18.784] [info] Frame 123 (t = 1.23):	 total squared error = 0.00330172, marker error: RMS = 0.0110583, max = 0.029477 (R_Elbow)
[2026-07-20 13:04:18.807] [info] Frame 124 (t = 1.24):	 total squared error = 0.00327058, marker error: RMS = 0.0110060, max = 0.0291773 (R_Elbow)
[2026-07-20 13:04:18.823] [info] Frame 125 (t = 1.25):	 total squared error = 0.00325828, marker error: RMS = 0.0109853, max = 0.0286961 (R_Elbow)
[2026-07-20 13:04:18.856] [info] Frame 126 (t = 1.26):	 total squared error = 0.00323753, marker error: RMS = 0.0109503, max = 0.0285501 (R_Elbow)
[2026-07-20 13:04:18.870] [info] Frame 127 (t = 1.27):	 total squared error = 0.00326187, marker error: RMS = 0.0109914, max = 0.028139 (R_Elbow)
[2026-07-20 13:04:18.886] [info] Frame 128 (t = 1.28):	 total squared error = 0.00329863, marker error: RMS = 0.0110531, max = 0.027897 (R_Elbow)
[2026-07-20 13:04:18.919] [info] Frame 129 (t = 1.29):	 total squared error = 0.00333476, marker error: RMS = 0.0111135, max = 0.0278427 (R_Elbow)
[2026-07-20 13:04:18.936] [info] Frame 130 (t = 1.3):	 total squared error = 0.00339849, marker error: RMS = 0.0112192, max = 0.0276261 (R_Elbow)
[2026-07-20 13:04:18.959] [info] Frame 131 (t = 1.31):	 total squared error = 0.00345822, marker error: RMS = 0.0113173, max = 0.0275721 (R_Elbow)
[2026-07-20 13:04:18.979] [info] Frame 132 (t = 1.32):	 total squared error = 0.00351403, marker error: RMS = 0.0114083, max = 0.0275134 (R_Elbow)
[2026-07-20 13:04:18.998] [info] Frame 133 (t = 1.33):	 total squared error = 0.00355035, marker error: RMS = 0.0114671, max = 0.027474 (R_Elbow)
[2026-07-20 13:04:19.022] [info] Frame 134 (t = 1.34):	 total squared error = 0.00355882, marker error: RMS = 0.0114808, max = 0.0273811 (R_Elbow)
[2026-07-20 13:04:19.044] [info] Frame 135 (t = 1.35):	 total squared error = 0.00353915, marker error: RMS = 0.011449, max = 0.0273498 (R_Elbow)
[2026-07-20 13:04:19.058] [info] Frame 136 (t = 1.36):	 total squared error = 0.00349751, marker error: RMS = 0.0113815, max = 0.0274394 (R_Elbow)
[2026-07-20 13:04:19.079] [info] Frame 137 (t = 1.37):	 total squared error = 0.00343632, marker error: RMS = 0.0112814, max = 0.0272095 (R_Elbow)
[2026-07-20 13:04:19.093] [info] Frame 138 (t = 1.38):	 total squared error = 0.00336998, marker error: RMS = 0.011172, max = 0.0272003 (R_Elbow)
[2026-07-20 13:04:19.117] [info] Frame 139 (t = 1.39):	 total squared error = 0.00330025, marker error: RMS = 0.0110558, max = 0.0269628 (R_Elbow)
[2026-07-20 13:04:19.130] [info] Frame 140 (t = 1.4):	 total squared error = 0.00324332, marker error: RMS = 0.0109601, max = 0.0269422 (R_Elbow)
[2026-07-20 13:04:19.158] [info] Frame 141 (t = 1.41):	 total squared error = 0.00317275, marker error: RMS = 0.0108402, max = 0.0265616 (R_Elbow)
[2026-07-20 13:04:19.184] [info] Frame 142 (t = 1.42):	 total squared error = 0.00311303, marker error: RMS = 0.0107377, max = 0.026333 (R_Elbow)
[2026-07-20 13:04:19.201] [info] Frame 143 (t = 1.43):	 total squared error = 0.00305912, marker error: RMS = 0.0106443, max = 0.0261112 (R_Elbow)
[2026-07-20 13:04:19.216] [info] Frame 144 (t = 1.44):	 total squared error = 0.00301252, marker error: RMS = 0.0105629, max = 0.0258844 (R_Elbow)
[2026-07-20 13:04:19.231] [info] Frame 145 (t = 1.45):	 total squared error = 0.00296627, marker error: RMS = 0.0104815, max = 0.0256169 (R_Elbow)
[2026-07-20 13:04:19.267] [info] Frame 146 (t = 1.46):	 total squared error = 0.00289495, marker error: RMS = 0.0103547, max = 0.0250790 (R_Elbow)
[2026-07-20 13:04:19.282] [info] Frame 147 (t = 1.47):	 total squared error = 0.00285665, marker error: RMS = 0.0102860, max = 0.0247491 (R_Elbow)
[2026-07-20 13:04:19.299] [info] Frame 148 (t = 1.48):	 total squared error = 0.00281987, marker error: RMS = 0.0102196, max = 0.0243826 (R_Elbow)
[2026-07-20 13:04:19.320] [info] Frame 149 (t = 1.49):	 total squared error = 0.00278287, marker error: RMS = 0.0101523, max = 0.0239327 (R_Elbow)
[2026-07-20 13:04:19.346] [info] Frame 150 (t = 1.5):	 total squared error = 0.00275780, marker error: RMS = 0.0101065, max = 0.0235363 (R_Elbow)
[2026-07-20 13:04:19.369] [info] Frame 151 (t = 1.51):	 total squared error = 0.00274462, marker error: RMS = 0.0100823, max = 0.0231926 (R_Elbow)
[2026-07-20 13:04:19.387] [info] Frame 152 (t = 1.52):	 total squared error = 0.00274197, marker error: RMS = 0.0100774, max = 0.0228936 (R_Elbow)
[2026-07-20 13:04:19.418] [info] Frame 153 (t = 1.53):	 total squared error = 0.00274498, marker error: RMS = 0.0100830, max = 0.0225125 (R_Elbow)
[2026-07-20 13:04:19.431] [info] Frame 154 (t = 1.54):	 total squared error = 0.00276749, marker error: RMS = 0.0101242, max = 0.0223453 (R_Elbow)
[2026-07-20 13:04:19.450] [info] Frame 155 (t = 1.55):	 total squared error = 0.00279594, marker error: RMS = 0.0101761, max = 0.0221312 (R_Elbow)
[2026-07-20 13:04:19.484] [info] Frame 156 (t = 1.56):	 total squared error = 0.00282799, marker error: RMS = 0.0102343, max = 0.0216856 (R_Elbow)
[2026-07-20 13:04:19.502] [info] Frame 157 (t = 1.57):	 total squared error = 0.00288211, marker error: RMS = 0.0103317, max = 0.0217113 (R_Elbow)
[2026-07-20 13:04:19.530] [info] Frame 158 (t = 1.58):	 total squared error = 0.00293569, marker error: RMS = 0.0104273, max = 0.0214933 (R_Elbow)
[2026-07-20 13:04:19.541] [info] Frame 159 (t = 1.59):	 total squared error = 0.00300497, marker error: RMS = 0.0105496, max = 0.0214598 (R_Elbow)
[2026-07-20 13:04:19.558] [info] Frame 160 (t = 1.6):	 total squared error = 0.00304494, marker error: RMS = 0.0106196, max = 0.0215269 (R_Elbow)
[2026-07-20 13:04:19.590] [info] Frame 161 (t = 1.61):	 total squared error = 0.00306822, marker error: RMS = 0.0106601, max = 0.0214482 (R_Elbow)
[2026-07-20 13:04:19.600] [info] Frame 162 (t = 1.62):	 total squared error = 0.00308045, marker error: RMS = 0.0106813, max = 0.0215933 (R_Elbow)
[2026-07-20 13:04:19.607] [info] Frame 163 (t = 1.63):	 total squared error = 0.00307422, marker error: RMS = 0.0106705, max = 0.021918 (R_Elbow)
[2026-07-20 13:04:19.622] [info] Frame 164 (t = 1.64):	 total squared error = 0.00303647, marker error: RMS = 0.0106048, max = 0.0219928 (R_Elbow)
[2026-07-20 13:04:19.632] [info] Frame 165 (t = 1.65):	 total squared error = 0.00299572, marker error: RMS = 0.0105334, max = 0.022375 (R_Elbow)
[2026-07-20 13:04:19.643] [info] Frame 166 (t = 1.66):	 total squared error = 0.00294542, marker error: RMS = 0.0104446, max = 0.0226069 (R_Elbow)
[2026-07-20 13:04:19.658] [info] Frame 167 (t = 1.67):	 total squared error = 0.00288056, marker error: RMS = 0.0103290, max = 0.0227943 (R_Elbow)
[2026-07-20 13:04:19.675] [info] Frame 168 (t = 1.68):	 total squared error = 0.00283119, marker error: RMS = 0.0102401, max = 0.0232746 (R_Elbow)
[2026-07-20 13:04:19.688] [info] Frame 169 (t = 1.69):	 total squared error = 0.00279185, marker error: RMS = 0.0101687, max = 0.023671 (R_Elbow)
[2026-07-20 13:04:19.706] [info] Frame 170 (t = 1.7):	 total squared error = 0.00276191, marker error: RMS = 0.0101140, max = 0.0240041 (R_Elbow)
[2026-07-20 13:04:19.736] [info] Frame 171 (t = 1.71):	 total squared error = 0.00274598, marker error: RMS = 0.0100848, max = 0.0245697 (R_Elbow)
[2026-07-20 13:04:19.751] [info] Frame 172 (t = 1.72):	 total squared error = 0.00274326, marker error: RMS = 0.0100798, max = 0.0248504 (R_Elbow)
[2026-07-20 13:04:19.770] [info] Frame 173 (t = 1.73):	 total squared error = 0.00276366, marker error: RMS = 0.0101172, max = 0.0252499 (R_Elbow)
[2026-07-20 13:04:19.796] [info] Frame 174 (t = 1.74):	 total squared error = 0.00281053, marker error: RMS = 0.0102026, max = 0.0256962 (R_Elbow)
[2026-07-20 13:04:19.828] [info] Frame 175 (t = 1.75):	 total squared error = 0.00288552, marker error: RMS = 0.0103378, max = 0.0259933 (R_Elbow)
[2026-07-20 13:04:19.851] [info] Frame 176 (t = 1.76):	 total squared error = 0.00298153, marker error: RMS = 0.0105084, max = 0.0262313 (R_Elbow)
[2026-07-20 13:04:19.864] [info] Frame 177 (t = 1.77):	 total squared error = 0.00310802, marker error: RMS = 0.0107290, max = 0.0262408 (R_Elbow)
[2026-07-20 13:04:19.886] [info] Frame 178 (t = 1.78):	 total squared error = 0.00323603, marker error: RMS = 0.0109477, max = 0.0267957 (R_Elbow)
[2026-07-20 13:04:19.902] [info] Frame 179 (t = 1.79):	 total squared error = 0.00337210, marker error: RMS = 0.0111755, max = 0.0269494 (R_Elbow)
[2026-07-20 13:04:19.917] [info] Frame 180 (t = 1.8):	 total squared error = 0.00349054, marker error: RMS = 0.0113701, max = 0.0271695 (R_Elbow)
[2026-07-20 13:04:19.934] [info] Frame 181 (t = 1.81):	 total squared error = 0.00358066, marker error: RMS = 0.0115159, max = 0.0273794 (R_Elbow)
[2026-07-20 13:04:19.952] [info] Frame 182 (t = 1.82):	 total squared error = 0.00363631, marker error: RMS = 0.0116051, max = 0.0277621 (R_Elbow)
[2026-07-20 13:04:19.967] [info] Frame 183 (t = 1.83):	 total squared error = 0.00366294, marker error: RMS = 0.0116475, max = 0.027796 (R_Elbow)
[2026-07-20 13:04:19.979] [info] Frame 184 (t = 1.84):	 total squared error = 0.00367948, marker error: RMS = 0.0116738, max = 0.0276061 (R_Elbow)
[2026-07-20 13:04:19.993] [info] Frame 185 (t = 1.85):	 total squared error = 0.00367214, marker error: RMS = 0.0116621, max = 0.0279888 (R_Elbow)
[2026-07-20 13:04:20.015] [info] Frame 186 (t = 1.86):	 total squared error = 0.00366532, marker error: RMS = 0.0116513, max = 0.0283063 (R_Elbow)
[2026-07-20 13:04:20.035] [info] Frame 187 (t = 1.87):	 total squared error = 0.00366625, marker error: RMS = 0.0116528, max = 0.0284099 (R_Elbow)
[2026-07-20 13:04:20.059] [info] Frame 188 (t = 1.88):	 total squared error = 0.00366912, marker error: RMS = 0.0116573, max = 0.0285066 (R_Elbow)
[2026-07-20 13:04:20.074] [info] Frame 189 (t = 1.89):	 total squared error = 0.00366943, marker error: RMS = 0.0116578, max = 0.0285218 (R_Elbow)
[2026-07-20 13:04:20.084] [info] Frame 190 (t = 1.9):	 total squared error = 0.00368795, marker error: RMS = 0.0116872, max = 0.0284073 (R_Elbow)
[2026-07-20 13:04:20.119] [info] Frame 191 (t = 1.91):	 total squared error = 0.00365918, marker error: RMS = 0.0116415, max = 0.0286951 (R_Elbow)
[2026-07-20 13:04:20.134] [info] Frame 192 (t = 1.92):	 total squared error = 0.00364846, marker error: RMS = 0.0116245, max = 0.0287262 (R_Elbow)
[2026-07-20 13:04:20.151] [info] Frame 193 (t = 1.93):	 total squared error = 0.00363451, marker error: RMS = 0.0116022, max = 0.028888 (R_Elbow)
[2026-07-20 13:04:20.172] [info] Frame 194 (t = 1.94):	 total squared error = 0.00361523, marker error: RMS = 0.0115714, max = 0.0290387 (R_Elbow)
[2026-07-20 13:04:20.184] [info] Frame 195 (t = 1.95):	 total squared error = 0.00359976, marker error: RMS = 0.0115466, max = 0.0291503 (R_Elbow)
[2026-07-20 13:04:20.211] [info] Frame 196 (t = 1.96):	 total squared error = 0.00354830, marker error: RMS = 0.0114638, max = 0.0290965 (R_Elbow)
[2026-07-20 13:04:20.229] [info] Frame 197 (t = 1.97):	 total squared error = 0.00350198, marker error: RMS = 0.0113887, max = 0.0293325 (R_Elbow)
[2026-07-20 13:04:20.244] [info] Frame 198 (t = 1.98):	 total squared error = 0.00345264, marker error: RMS = 0.0113082, max = 0.0295589 (R_Elbow)
[2026-07-20 13:04:20.263] [info] Frame 199 (t = 1.99):	 total squared error = 0.00338788, marker error: RMS = 0.0112016, max = 0.0297359 (R_Elbow)
[2026-07-20 13:04:20.287] [info] Frame 200 (t = 2.0):	 total squared error = 0.00333313, marker error: RMS = 0.0111108, max = 0.0297741 (R_Elbow)
[2026-07-20 13:04:20.323] [info] Frame 201 (t = 2.01):	 total squared error = 0.00329850, marker error: RMS = 0.0110529, max = 0.0299943 (R_Elbow)
[2026-07-20 13:04:20.338] [info] Frame 202 (t = 2.02):	 total squared error = 0.00330602, marker error: RMS = 0.0110655, max = 0.0304487 (R_Elbow)
[2026-07-20 13:04:20.363] [info] Frame 203 (t = 2.03):	 total squared error = 0.00330654, marker error: RMS = 0.0110664, max = 0.0304267 (R_Elbow)
[2026-07-20 13:04:20.382] [info] Frame 204 (t = 2.04):	 total squared error = 0.00334343, marker error: RMS = 0.0111279, max = 0.0308483 (R_Elbow)
[2026-07-20 13:04:20.420] [info] Frame 205 (t = 2.05):	 total squared error = 0.00337458, marker error: RMS = 0.0111796, max = 0.0309250 (R_Elbow)
[2026-07-20 13:04:20.442] [info] Frame 206 (t = 2.06):	 total squared error = 0.00343465, marker error: RMS = 0.0112787, max = 0.0312211 (R_Elbow)
[2026-07-20 13:04:20.468] [info] Frame 207 (t = 2.07):	 total squared error = 0.00349673, marker error: RMS = 0.0113802, max = 0.0313929 (R_Elbow)
[2026-07-20 13:04:20.478] [info] Frame 208 (t = 2.08):	 total squared error = 0.00358762, marker error: RMS = 0.0115271, max = 0.0317591 (R_Elbow)
[2026-07-20 13:04:20.511] [info] Frame 209 (t = 2.09):	 total squared error = 0.00361802, marker error: RMS = 0.0115759, max = 0.0317599 (R_Elbow)
[2026-07-20 13:04:20.524] [info] Frame 210 (t = 2.1):	 total squared error = 0.00366419, marker error: RMS = 0.0116495, max = 0.0319183 (R_Elbow)
[2026-07-20 13:04:20.536] [info] Frame 211 (t = 2.11):	 total squared error = 0.00368729, marker error: RMS = 0.0116862, max = 0.0320372 (R_Elbow)
[2026-07-20 13:04:20.554] [info] Frame 212 (t = 2.12):	 total squared error = 0.00367847, marker error: RMS = 0.0116722, max = 0.0320164 (R_Elbow)
[2026-07-20 13:04:20.574] [info] Frame 213 (t = 2.13):	 total squared error = 0.00365038, marker error: RMS = 0.0116275, max = 0.0320370 (R_Elbow)
[2026-07-20 13:04:20.589] [info] Frame 214 (t = 2.14):	 total squared error = 0.00361669, marker error: RMS = 0.0115737, max = 0.0318984 (R_Elbow)
[2026-07-20 13:04:20.606] [info] Frame 215 (t = 2.15):	 total squared error = 0.00357319, marker error: RMS = 0.0115039, max = 0.0316934 (R_Elbow)
[2026-07-20 13:04:20.625] [info] Frame 216 (t = 2.16):	 total squared error = 0.00352777, marker error: RMS = 0.0114306, max = 0.0316424 (R_Elbow)
[2026-07-20 13:04:20.643] [info] Frame 217 (t = 2.17):	 total squared error = 0.00349196, marker error: RMS = 0.0113724, max = 0.0313675 (R_Elbow)
[2026-07-20 13:04:20.673] [info] Frame 218 (t = 2.18):	 total squared error = 0.00345141, marker error: RMS = 0.0113062, max = 0.0313478 (R_Elbow)
[2026-07-20 13:04:20.691] [info] Frame 219 (t = 2.19):	 total squared error = 0.00342747, marker error: RMS = 0.0112669, max = 0.0310068 (R_Elbow)
[2026-07-20 13:04:20.708] [info] Frame 220 (t = 2.2):	 total squared error = 0.00340697, marker error: RMS = 0.0112332, max = 0.0307490 (R_Elbow)
[2026-07-20 13:04:20.719] [info] Frame 221 (t = 2.21):	 total squared error = 0.00339707, marker error: RMS = 0.0112168, max = 0.0302875 (R_Elbow)
[2026-07-20 13:04:20.741] [info] Frame 222 (t = 2.22):	 total squared error = 0.00335701, marker error: RMS = 0.0111505, max = 0.0303122 (R_Elbow)
[2026-07-20 13:04:20.771] [info] Frame 223 (t = 2.23):	 total squared error = 0.00332032, marker error: RMS = 0.0110894, max = 0.0300692 (R_Elbow)
[2026-07-20 13:04:20.790] [info] Frame 224 (t = 2.24):	 total squared error = 0.00328005, marker error: RMS = 0.0110220, max = 0.0297648 (R_Elbow)
[2026-07-20 13:04:20.815] [info] Frame 225 (t = 2.25):	 total squared error = 0.00324121, marker error: RMS = 0.0109565, max = 0.0295432 (R_Elbow)
[2026-07-20 13:04:20.833] [info] Frame 226 (t = 2.26):	 total squared error = 0.00321872, marker error: RMS = 0.0109184, max = 0.0292469 (R_Elbow)
[2026-07-20 13:04:20.863] [info] Frame 227 (t = 2.27):	 total squared error = 0.00319946, marker error: RMS = 0.0108857, max = 0.0291902 (R_Elbow)
[2026-07-20 13:04:20.882] [info] Frame 228 (t = 2.28):	 total squared error = 0.00320916, marker error: RMS = 0.0109022, max = 0.0288845 (R_Elbow)
[2026-07-20 13:04:20.911] [info] Frame 229 (t = 2.29):	 total squared error = 0.00322068, marker error: RMS = 0.0109217, max = 0.0288266 (R_Elbow)
[2026-07-20 13:04:20.924] [info] Frame 230 (t = 2.3):	 total squared error = 0.00327084, marker error: RMS = 0.0110065, max = 0.0284904 (R_Elbow)
[2026-07-20 13:04:20.958] [info] Frame 231 (t = 2.31):	 total squared error = 0.00329206, marker error: RMS = 0.0110421, max = 0.0285582 (R_Elbow)
[2026-07-20 13:04:20.974] [info] Frame 232 (t = 2.32):	 total squared error = 0.00334478, marker error: RMS = 0.0111302, max = 0.0282951 (R_Elbow)
[2026-07-20 13:04:20.983] [info] Frame 233 (t = 2.33):	 total squared error = 0.00341465, marker error: RMS = 0.0112458, max = 0.0280858 (R_Elbow)
[2026-07-20 13:04:21.009] [info] Frame 234 (t = 2.34):	 total squared error = 0.00341602, marker error: RMS = 0.0112481, max = 0.0281963 (R_Elbow)
[2026-07-20 13:04:21.029] [info] Frame 235 (t = 2.35):	 total squared error = 0.00343666, marker error: RMS = 0.011282, max = 0.0280620 (R_Elbow)
[2026-07-20 13:04:21.046] [info] Frame 236 (t = 2.36):	 total squared error = 0.00344033, marker error: RMS = 0.011288, max = 0.0279609 (R_Elbow)
[2026-07-20 13:04:21.064] [info] Frame 237 (t = 2.37):	 total squared error = 0.00342635, marker error: RMS = 0.0112651, max = 0.0277782 (R_Elbow)
[2026-07-20 13:04:21.087] [info] Frame 238 (t = 2.38):	 total squared error = 0.00339611, marker error: RMS = 0.0112153, max = 0.027598 (R_Elbow)
[2026-07-20 13:04:21.102] [info] Frame 239 (t = 2.39):	 total squared error = 0.00335534, marker error: RMS = 0.0111477, max = 0.0273695 (R_Elbow)
[2026-07-20 13:04:21.113] [info] Frame 240 (t = 2.4):	 total squared error = 0.00331312, marker error: RMS = 0.0110774, max = 0.0272921 (R_Elbow)
[2026-07-20 13:04:21.134] [info] Frame 241 (t = 2.41):	 total squared error = 0.00325326, marker error: RMS = 0.0109768, max = 0.0268853 (R_Elbow)
[2026-07-20 13:04:21.146] [info] Frame 242 (t = 2.42):	 total squared error = 0.00320813, marker error: RMS = 0.0109004, max = 0.0266758 (R_Elbow)
[2026-07-20 13:04:21.163] [info] Frame 243 (t = 2.43):	 total squared error = 0.00314325, marker error: RMS = 0.0107897, max = 0.0262259 (R_Elbow)
[2026-07-20 13:04:21.187] [info] Frame 244 (t = 2.44):	 total squared error = 0.00308358, marker error: RMS = 0.0106868, max = 0.0257899 (R_Elbow)
[2026-07-20 13:04:21.203] [info] Frame 245 (t = 2.45):	 total squared error = 0.00303671, marker error: RMS = 0.0106052, max = 0.0254208 (R_Elbow)
[2026-07-20 13:04:21.224] [info] Frame 246 (t = 2.46):	 total squared error = 0.00297919, marker error: RMS = 0.0105043, max = 0.0249478 (R_Elbow)
[2026-07-20 13:04:21.252] [info] Frame 247 (t = 2.47):	 total squared error = 0.00292247, marker error: RMS = 0.0104038, max = 0.0244554 (R_Elbow)
[2026-07-20 13:04:21.268] [info] Frame 248 (t = 2.48):	 total squared error = 0.00288440, marker error: RMS = 0.0103358, max = 0.0240668 (R_Elbow)
[2026-07-20 13:04:21.291] [info] Frame 249 (t = 2.49):	 total squared error = 0.00282638, marker error: RMS = 0.0102314, max = 0.0235303 (R_Elbow)
[2026-07-20 13:04:21.313] [info] Frame 250 (t = 2.5):	 total squared error = 0.00278029, marker error: RMS = 0.0101476, max = 0.0231155 (R_Elbow)
[2026-07-20 13:04:21.317] [info] InverseKinematicsTool completed 211 frames in 4 second(s).
[2026-07-20 13:04:21.351] [info] Loaded model TCV04-scaled from file C:\Users\Lucia\Desktop\TFG\2_JMP\TVC04\Walk_3\TVC04_3_JMP_results\TVC04_3_NMSM_JMP_03_final.osim
[2026-07-20 13:04:21.794] [warning] Coordinate.setValue:  coordinate pro_sup_r is locked. Unable to change its value.
[2026-07-20 13:04:21.831] [warning] Coordinate.setValue:  coordinate pro_sup_l is locked. Unable to change its value.
[2026-07-20 13:04:51.054] [info] Loaded model TCV04-scaled from file C:\Users\Lucia\Desktop\TFG\2_JMP\TVC04\Walk_3\TVC04_3_JMP_results\TVC04_3_NMSM_JMP_03_final.osim
[2026-07-20 13:04:51.066] [cout] [info] 
               MODEL: TCV04-scaled
         coordinates: 41
              forces: 103
           actuators: 103
             muscles: 86
            analyses: 0
              probes: 0
              bodies: 24
              joints: 24
         constraints: 2
             markers: 27
         controllers: 0
  contact geometries: 0
misc modelcomponents: 0
[2026-07-20 13:04:51.066] [info] Running tool .
[2026-07-20 13:04:51.135] [info] Frame 40 (t = 0.4):	 total squared error = 0.00340324, marker error: RMS = 0.011227, max = 0.0268759 (R_Elbow)
[2026-07-20 13:04:51.149] [info] Frame 41 (t = 0.41):	 total squared error = 0.00331895, marker error: RMS = 0.0110871, max = 0.0264781 (R_Elbow)
[2026-07-20 13:04:51.164] [info] Frame 42 (t = 0.42):	 total squared error = 0.00323035, marker error: RMS = 0.0109381, max = 0.0260162 (R_Elbow)
[2026-07-20 13:04:51.187] [info] Frame 43 (t = 0.43):	 total squared error = 0.00313784, marker error: RMS = 0.0107804, max = 0.0254698 (R_Elbow)
[2026-07-20 13:04:51.206] [info] Frame 44 (t = 0.44):	 total squared error = 0.00305981, marker error: RMS = 0.0106455, max = 0.0250010 (R_Elbow)
[2026-07-20 13:04:51.245] [info] Frame 45 (t = 0.45):	 total squared error = 0.00297957, marker error: RMS = 0.0105050, max = 0.0243753 (R_Elbow)
[2026-07-20 13:04:51.268] [info] Frame 46 (t = 0.46):	 total squared error = 0.00291294, marker error: RMS = 0.0103868, max = 0.0238687 (R_Elbow)
[2026-07-20 13:04:51.289] [info] Frame 47 (t = 0.47):	 total squared error = 0.00285094, marker error: RMS = 0.0102757, max = 0.0233508 (R_Elbow)
[2026-07-20 13:04:51.303] [info] Frame 48 (t = 0.48):	 total squared error = 0.00280189, marker error: RMS = 0.0101869, max = 0.0228701 (R_Elbow)
[2026-07-20 13:04:51.319] [info] Frame 49 (t = 0.49):	 total squared error = 0.00274974, marker error: RMS = 0.0100917, max = 0.0223247 (R_Elbow)
[2026-07-20 13:04:51.343] [info] Frame 50 (t = 0.5):	 total squared error = 0.00269857, marker error: RMS = 0.00999736, max = 0.0217716 (R_Elbow)
[2026-07-20 13:04:51.367] [info] Frame 51 (t = 0.51):	 total squared error = 0.00266291, marker error: RMS = 0.00993107, max = 0.0213028 (R_Elbow)
[2026-07-20 13:04:51.384] [info] Frame 52 (t = 0.52):	 total squared error = 0.00264191, marker error: RMS = 0.00989185, max = 0.0209805 (R_Elbow)
[2026-07-20 13:04:51.416] [info] Frame 53 (t = 0.53):	 total squared error = 0.00262585, marker error: RMS = 0.00986173, max = 0.0204910 (R_Elbow)
[2026-07-20 13:04:51.441] [info] Frame 54 (t = 0.54):	 total squared error = 0.00263116, marker error: RMS = 0.00987169, max = 0.0201850 (R_Elbow)
[2026-07-20 13:04:51.456] [info] Frame 55 (t = 0.55):	 total squared error = 0.00265893, marker error: RMS = 0.00992366, max = 0.0200172 (R_Elbow)
[2026-07-20 13:04:51.496] [info] Frame 56 (t = 0.56):	 total squared error = 0.00269529, marker error: RMS = 0.00999128, max = 0.0197056 (Sternum)
[2026-07-20 13:04:51.522] [info] Frame 57 (t = 0.57):	 total squared error = 0.00275825, marker error: RMS = 0.0101073, max = 0.0197086 (Sternum)
[2026-07-20 13:04:51.548] [info] Frame 58 (t = 0.58):	 total squared error = 0.00283785, marker error: RMS = 0.0102521, max = 0.01967 (Sternum)
[2026-07-20 13:04:51.575] [info] Frame 59 (t = 0.59):	 total squared error = 0.00292155, marker error: RMS = 0.0104022, max = 0.0196411 (Sternum)
[2026-07-20 13:04:51.584] [info] Frame 60 (t = 0.6):	 total squared error = 0.00301286, marker error: RMS = 0.0105635, max = 0.0196696 (R_Elbow)
[2026-07-20 13:04:51.612] [info] Frame 61 (t = 0.61):	 total squared error = 0.00306096, marker error: RMS = 0.0106475, max = 0.0196875 (R_Elbow)
[2026-07-20 13:04:51.625] [info] Frame 62 (t = 0.62):	 total squared error = 0.00309833, marker error: RMS = 0.0107123, max = 0.0200110 (R_Elbow)
[2026-07-20 13:04:51.637] [info] Frame 63 (t = 0.63):	 total squared error = 0.00310772, marker error: RMS = 0.0107285, max = 0.0203072 (R_Elbow)
[2026-07-20 13:04:51.670] [info] Frame 64 (t = 0.64):	 total squared error = 0.00308036, marker error: RMS = 0.0106812, max = 0.0205368 (R_Elbow)
[2026-07-20 13:04:51.686] [info] Frame 65 (t = 0.65):	 total squared error = 0.00303862, marker error: RMS = 0.0106086, max = 0.0209129 (R_Elbow)
[2026-07-20 13:04:51.710] [info] Frame 66 (t = 0.66):	 total squared error = 0.00298212, marker error: RMS = 0.0105095, max = 0.0213686 (R_Elbow)
[2026-07-20 13:04:51.720] [info] Frame 67 (t = 0.67):	 total squared error = 0.00292364, marker error: RMS = 0.0104059, max = 0.0218914 (R_Elbow)
[2026-07-20 13:04:51.742] [info] Frame 68 (t = 0.68):	 total squared error = 0.00284712, marker error: RMS = 0.0102688, max = 0.0222967 (R_Elbow)
[2026-07-20 13:04:51.759] [info] Frame 69 (t = 0.69):	 total squared error = 0.00278192, marker error: RMS = 0.0101506, max = 0.0227058 (R_Elbow)
[2026-07-20 13:04:51.789] [info] Frame 70 (t = 0.7):	 total squared error = 0.00271580, marker error: RMS = 0.0100292, max = 0.0233516 (R_Elbow)
[2026-07-20 13:04:51.804] [info] Frame 71 (t = 0.71):	 total squared error = 0.00267766, marker error: RMS = 0.00995854, max = 0.0236788 (R_Elbow)
[2026-07-20 13:04:51.838] [info] Frame 72 (t = 0.72):	 total squared error = 0.00265919, marker error: RMS = 0.00992415, max = 0.0242735 (R_Elbow)
[2026-07-20 13:04:51.862] [info] Frame 73 (t = 0.73):	 total squared error = 0.00266981, marker error: RMS = 0.00994393, max = 0.024651 (R_Elbow)
[2026-07-20 13:04:51.897] [info] Frame 74 (t = 0.74):	 total squared error = 0.00271371, marker error: RMS = 0.0100254, max = 0.0250527 (R_Elbow)
[2026-07-20 13:04:51.920] [info] Frame 75 (t = 0.75):	 total squared error = 0.00278022, marker error: RMS = 0.0101475, max = 0.0253871 (R_Elbow)
[2026-07-20 13:04:51.944] [info] Frame 76 (t = 0.76):	 total squared error = 0.00287098, marker error: RMS = 0.0103118, max = 0.0256756 (R_Elbow)
[2026-07-20 13:04:51.983] [info] Frame 77 (t = 0.77):	 total squared error = 0.00298288, marker error: RMS = 0.0105108, max = 0.025999 (R_Elbow)
[2026-07-20 13:04:51.995] [info] Frame 78 (t = 0.78):	 total squared error = 0.00310258, marker error: RMS = 0.0107196, max = 0.0259631 (R_Elbow)
[2026-07-20 13:04:52.021] [info] Frame 79 (t = 0.79):	 total squared error = 0.00320275, marker error: RMS = 0.0108913, max = 0.0265339 (R_Elbow)
[2026-07-20 13:04:52.038] [info] Frame 80 (t = 0.8):	 total squared error = 0.00329510, marker error: RMS = 0.0110472, max = 0.0266888 (R_Elbow)
[2026-07-20 13:04:52.053] [info] Frame 81 (t = 0.81):	 total squared error = 0.00336174, marker error: RMS = 0.0111584, max = 0.0268241 (R_Elbow)
[2026-07-20 13:04:52.088] [info] Frame 82 (t = 0.82):	 total squared error = 0.00339913, marker error: RMS = 0.0112202, max = 0.0271089 (R_Elbow)
[2026-07-20 13:04:52.107] [info] Frame 83 (t = 0.83):	 total squared error = 0.00341387, marker error: RMS = 0.0112445, max = 0.027198 (R_Elbow)
[2026-07-20 13:04:52.127] [info] Frame 84 (t = 0.84):	 total squared error = 0.00341028, marker error: RMS = 0.0112386, max = 0.0274833 (R_Elbow)
[2026-07-20 13:04:52.141] [info] Frame 85 (t = 0.85):	 total squared error = 0.00339806, marker error: RMS = 0.0112185, max = 0.0272723 (R_Elbow)
[2026-07-20 13:04:52.159] [info] Frame 86 (t = 0.86):	 total squared error = 0.00337099, marker error: RMS = 0.0111737, max = 0.0276614 (R_Elbow)
[2026-07-20 13:04:52.182] [info] Frame 87 (t = 0.87):	 total squared error = 0.00334074, marker error: RMS = 0.0111234, max = 0.0279575 (R_Elbow)
[2026-07-20 13:04:52.195] [info] Frame 88 (t = 0.88):	 total squared error = 0.00331253, marker error: RMS = 0.0110764, max = 0.0278223 (R_Elbow)
[2026-07-20 13:04:52.208] [info] Frame 89 (t = 0.89):	 total squared error = 0.00328551, marker error: RMS = 0.0110311, max = 0.0279326 (R_Elbow)
[2026-07-20 13:04:52.230] [info] Frame 90 (t = 0.9):	 total squared error = 0.00326131, marker error: RMS = 0.0109904, max = 0.028249 (R_Elbow)
[2026-07-20 13:04:52.245] [info] Frame 91 (t = 0.91):	 total squared error = 0.00325014, marker error: RMS = 0.0109716, max = 0.0281342 (R_Elbow)
[2026-07-20 13:04:52.266] [info] Frame 92 (t = 0.92):	 total squared error = 0.00324198, marker error: RMS = 0.0109578, max = 0.0283677 (R_Elbow)
[2026-07-20 13:04:52.284] [info] Frame 93 (t = 0.93):	 total squared error = 0.00324609, marker error: RMS = 0.0109647, max = 0.02833 (R_Elbow)
[2026-07-20 13:04:52.299] [info] Frame 94 (t = 0.94):	 total squared error = 0.00325105, marker error: RMS = 0.0109731, max = 0.0284054 (R_Elbow)
[2026-07-20 13:04:52.319] [info] Frame 95 (t = 0.95):	 total squared error = 0.00324910, marker error: RMS = 0.0109698, max = 0.0284343 (R_Elbow)
[2026-07-20 13:04:52.332] [info] Frame 96 (t = 0.96):	 total squared error = 0.00325165, marker error: RMS = 0.0109741, max = 0.0284768 (R_Elbow)
[2026-07-20 13:04:52.360] [info] Frame 97 (t = 0.97):	 total squared error = 0.00322914, marker error: RMS = 0.0109361, max = 0.02848 (R_Elbow)
[2026-07-20 13:04:52.379] [info] Frame 98 (t = 0.98):	 total squared error = 0.00321128, marker error: RMS = 0.0109058, max = 0.0286577 (R_Elbow)
[2026-07-20 13:04:52.395] [info] Frame 99 (t = 0.99):	 total squared error = 0.00319183, marker error: RMS = 0.0108727, max = 0.0289008 (R_Elbow)
[2026-07-20 13:04:52.419] [info] Frame 100 (t = 1.0):	 total squared error = 0.00315593, marker error: RMS = 0.0108114, max = 0.0288567 (R_Elbow)
[2026-07-20 13:04:52.434] [info] Frame 101 (t = 1.01):	 total squared error = 0.00314482, marker error: RMS = 0.0107924, max = 0.0292335 (R_Elbow)
[2026-07-20 13:04:52.462] [info] Frame 102 (t = 1.02):	 total squared error = 0.00312163, marker error: RMS = 0.0107525, max = 0.0292203 (R_Elbow)
[2026-07-20 13:04:52.499] [info] Frame 103 (t = 1.03):	 total squared error = 0.00311642, marker error: RMS = 0.0107435, max = 0.029489 (R_Elbow)
[2026-07-20 13:04:52.511] [info] Frame 104 (t = 1.04):	 total squared error = 0.00315567, marker error: RMS = 0.0108109, max = 0.0300179 (R_Elbow)
[2026-07-20 13:04:52.552] [info] Frame 105 (t = 1.05):	 total squared error = 0.00315097, marker error: RMS = 0.0108029, max = 0.0300279 (R_Elbow)
[2026-07-20 13:04:52.579] [info] Frame 106 (t = 1.06):	 total squared error = 0.00319850, marker error: RMS = 0.0108841, max = 0.0303331 (R_Elbow)
[2026-07-20 13:04:52.595] [info] Frame 107 (t = 1.07):	 total squared error = 0.00326988, marker error: RMS = 0.0110048, max = 0.0307482 (R_Elbow)
[2026-07-20 13:04:52.610] [info] Frame 108 (t = 1.08):	 total squared error = 0.00335247, marker error: RMS = 0.011143, max = 0.0311184 (R_Elbow)
[2026-07-20 13:04:52.642] [info] Frame 109 (t = 1.09):	 total squared error = 0.00341077, marker error: RMS = 0.0112394, max = 0.0311757 (R_Elbow)
[2026-07-20 13:04:52.653] [info] Frame 110 (t = 1.1):	 total squared error = 0.00348156, marker error: RMS = 0.0113555, max = 0.0314865 (R_Elbow)
[2026-07-20 13:04:52.660] [info] Frame 111 (t = 1.11):	 total squared error = 0.00353358, marker error: RMS = 0.01144, max = 0.0317609 (R_Elbow)
[2026-07-20 13:04:52.677] [info] Frame 112 (t = 1.12):	 total squared error = 0.00354265, marker error: RMS = 0.0114547, max = 0.0317175 (R_Elbow)
[2026-07-20 13:04:52.696] [info] Frame 113 (t = 1.13):	 total squared error = 0.00353380, marker error: RMS = 0.0114403, max = 0.0317131 (R_Elbow)
[2026-07-20 13:04:52.715] [info] Frame 114 (t = 1.14):	 total squared error = 0.00351057, marker error: RMS = 0.0114027, max = 0.0317103 (R_Elbow)
[2026-07-20 13:04:52.725] [info] Frame 115 (t = 1.15):	 total squared error = 0.00348559, marker error: RMS = 0.011362, max = 0.0316592 (R_Elbow)
[2026-07-20 13:04:52.748] [info] Frame 116 (t = 1.16):	 total squared error = 0.00345077, marker error: RMS = 0.0113052, max = 0.0315603 (R_Elbow)
[2026-07-20 13:04:52.766] [info] Frame 117 (t = 1.17):	 total squared error = 0.00342381, marker error: RMS = 0.0112609, max = 0.0313249 (R_Elbow)
[2026-07-20 13:04:52.784] [info] Frame 118 (t = 1.18):	 total squared error = 0.00339938, marker error: RMS = 0.0112207, max = 0.0310636 (R_Elbow)
[2026-07-20 13:04:52.810] [info] Frame 119 (t = 1.19):	 total squared error = 0.00337571, marker error: RMS = 0.0111815, max = 0.0309237 (R_Elbow)
[2026-07-20 13:04:52.823] [info] Frame 120 (t = 1.2):	 total squared error = 0.00336875, marker error: RMS = 0.01117, max = 0.0303243 (R_Elbow)
[2026-07-20 13:04:52.847] [info] Frame 121 (t = 1.21):	 total squared error = 0.00334645, marker error: RMS = 0.0111329, max = 0.0302878 (R_Elbow)
[2026-07-20 13:04:52.868] [info] Frame 122 (t = 1.22):	 total squared error = 0.00333005, marker error: RMS = 0.0111056, max = 0.0298076 (R_Elbow)
[2026-07-20 13:04:52.893] [info] Frame 123 (t = 1.23):	 total squared error = 0.00330172, marker error: RMS = 0.0110583, max = 0.029477 (R_Elbow)
[2026-07-20 13:04:52.914] [info] Frame 124 (t = 1.24):	 total squared error = 0.00327058, marker error: RMS = 0.0110060, max = 0.0291773 (R_Elbow)
[2026-07-20 13:04:52.931] [info] Frame 125 (t = 1.25):	 total squared error = 0.00325828, marker error: RMS = 0.0109853, max = 0.0286961 (R_Elbow)
[2026-07-20 13:04:52.965] [info] Frame 126 (t = 1.26):	 total squared error = 0.00323753, marker error: RMS = 0.0109503, max = 0.0285501 (R_Elbow)
[2026-07-20 13:04:52.982] [info] Frame 127 (t = 1.27):	 total squared error = 0.00326187, marker error: RMS = 0.0109914, max = 0.028139 (R_Elbow)
[2026-07-20 13:04:52.998] [info] Frame 128 (t = 1.28):	 total squared error = 0.00329863, marker error: RMS = 0.0110531, max = 0.027897 (R_Elbow)
[2026-07-20 13:04:53.033] [info] Frame 129 (t = 1.29):	 total squared error = 0.00333476, marker error: RMS = 0.0111135, max = 0.0278427 (R_Elbow)
[2026-07-20 13:04:53.050] [info] Frame 130 (t = 1.3):	 total squared error = 0.00339849, marker error: RMS = 0.0112192, max = 0.0276261 (R_Elbow)
[2026-07-20 13:04:53.073] [info] Frame 131 (t = 1.31):	 total squared error = 0.00345822, marker error: RMS = 0.0113173, max = 0.0275721 (R_Elbow)
[2026-07-20 13:04:53.095] [info] Frame 132 (t = 1.32):	 total squared error = 0.00351403, marker error: RMS = 0.0114083, max = 0.0275134 (R_Elbow)
[2026-07-20 13:04:53.115] [info] Frame 133 (t = 1.33):	 total squared error = 0.00355035, marker error: RMS = 0.0114671, max = 0.027474 (R_Elbow)
[2026-07-20 13:04:53.139] [info] Frame 134 (t = 1.34):	 total squared error = 0.00355882, marker error: RMS = 0.0114808, max = 0.0273811 (R_Elbow)
[2026-07-20 13:04:53.162] [info] Frame 135 (t = 1.35):	 total squared error = 0.00353915, marker error: RMS = 0.011449, max = 0.0273498 (R_Elbow)
[2026-07-20 13:04:53.175] [info] Frame 136 (t = 1.36):	 total squared error = 0.00349751, marker error: RMS = 0.0113815, max = 0.0274394 (R_Elbow)
[2026-07-20 13:04:53.195] [info] Frame 137 (t = 1.37):	 total squared error = 0.00343632, marker error: RMS = 0.0112814, max = 0.0272095 (R_Elbow)
[2026-07-20 13:04:53.210] [info] Frame 138 (t = 1.38):	 total squared error = 0.00336998, marker error: RMS = 0.011172, max = 0.0272003 (R_Elbow)
[2026-07-20 13:04:53.233] [info] Frame 139 (t = 1.39):	 total squared error = 0.00330025, marker error: RMS = 0.0110558, max = 0.0269628 (R_Elbow)
[2026-07-20 13:04:53.244] [info] Frame 140 (t = 1.4):	 total squared error = 0.00324332, marker error: RMS = 0.0109601, max = 0.0269422 (R_Elbow)
[2026-07-20 13:04:53.271] [info] Frame 141 (t = 1.41):	 total squared error = 0.00317275, marker error: RMS = 0.0108402, max = 0.0265616 (R_Elbow)
[2026-07-20 13:04:53.298] [info] Frame 142 (t = 1.42):	 total squared error = 0.00311303, marker error: RMS = 0.0107377, max = 0.026333 (R_Elbow)
[2026-07-20 13:04:53.315] [info] Frame 143 (t = 1.43):	 total squared error = 0.00305912, marker error: RMS = 0.0106443, max = 0.0261112 (R_Elbow)
[2026-07-20 13:04:53.331] [info] Frame 144 (t = 1.44):	 total squared error = 0.00301252, marker error: RMS = 0.0105629, max = 0.0258844 (R_Elbow)
[2026-07-20 13:04:53.345] [info] Frame 145 (t = 1.45):	 total squared error = 0.00296627, marker error: RMS = 0.0104815, max = 0.0256169 (R_Elbow)
[2026-07-20 13:04:53.383] [info] Frame 146 (t = 1.46):	 total squared error = 0.00289495, marker error: RMS = 0.0103547, max = 0.0250790 (R_Elbow)
[2026-07-20 13:04:53.398] [info] Frame 147 (t = 1.47):	 total squared error = 0.00285665, marker error: RMS = 0.0102860, max = 0.0247491 (R_Elbow)
[2026-07-20 13:04:53.415] [info] Frame 148 (t = 1.48):	 total squared error = 0.00281987, marker error: RMS = 0.0102196, max = 0.0243826 (R_Elbow)
[2026-07-20 13:04:53.436] [info] Frame 149 (t = 1.49):	 total squared error = 0.00278287, marker error: RMS = 0.0101523, max = 0.0239327 (R_Elbow)
[2026-07-20 13:04:53.461] [info] Frame 150 (t = 1.5):	 total squared error = 0.00275780, marker error: RMS = 0.0101065, max = 0.0235363 (R_Elbow)
[2026-07-20 13:04:53.485] [info] Frame 151 (t = 1.51):	 total squared error = 0.00274462, marker error: RMS = 0.0100823, max = 0.0231926 (R_Elbow)
[2026-07-20 13:04:53.503] [info] Frame 152 (t = 1.52):	 total squared error = 0.00274197, marker error: RMS = 0.0100774, max = 0.0228936 (R_Elbow)
[2026-07-20 13:04:53.534] [info] Frame 153 (t = 1.53):	 total squared error = 0.00274498, marker error: RMS = 0.0100830, max = 0.0225125 (R_Elbow)
[2026-07-20 13:04:53.546] [info] Frame 154 (t = 1.54):	 total squared error = 0.00276749, marker error: RMS = 0.0101242, max = 0.0223453 (R_Elbow)
[2026-07-20 13:04:53.568] [info] Frame 155 (t = 1.55):	 total squared error = 0.00279594, marker error: RMS = 0.0101761, max = 0.0221312 (R_Elbow)
[2026-07-20 13:04:53.603] [info] Frame 156 (t = 1.56):	 total squared error = 0.00282799, marker error: RMS = 0.0102343, max = 0.0216856 (R_Elbow)
[2026-07-20 13:04:53.621] [info] Frame 157 (t = 1.57):	 total squared error = 0.00288211, marker error: RMS = 0.0103317, max = 0.0217113 (R_Elbow)
[2026-07-20 13:04:53.648] [info] Frame 158 (t = 1.58):	 total squared error = 0.00293569, marker error: RMS = 0.0104273, max = 0.0214933 (R_Elbow)
[2026-07-20 13:04:53.658] [info] Frame 159 (t = 1.59):	 total squared error = 0.00300497, marker error: RMS = 0.0105496, max = 0.0214598 (R_Elbow)
[2026-07-20 13:04:53.674] [info] Frame 160 (t = 1.6):	 total squared error = 0.00304494, marker error: RMS = 0.0106196, max = 0.0215269 (R_Elbow)
[2026-07-20 13:04:53.709] [info] Frame 161 (t = 1.61):	 total squared error = 0.00306822, marker error: RMS = 0.0106601, max = 0.0214482 (R_Elbow)
[2026-07-20 13:04:53.720] [info] Frame 162 (t = 1.62):	 total squared error = 0.00308045, marker error: RMS = 0.0106813, max = 0.0215933 (R_Elbow)
[2026-07-20 13:04:53.728] [info] Frame 163 (t = 1.63):	 total squared error = 0.00307422, marker error: RMS = 0.0106705, max = 0.021918 (R_Elbow)
[2026-07-20 13:04:53.745] [info] Frame 164 (t = 1.64):	 total squared error = 0.00303647, marker error: RMS = 0.0106048, max = 0.0219928 (R_Elbow)
[2026-07-20 13:04:53.754] [info] Frame 165 (t = 1.65):	 total squared error = 0.00299572, marker error: RMS = 0.0105334, max = 0.022375 (R_Elbow)
[2026-07-20 13:04:53.765] [info] Frame 166 (t = 1.66):	 total squared error = 0.00294542, marker error: RMS = 0.0104446, max = 0.0226069 (R_Elbow)
[2026-07-20 13:04:53.782] [info] Frame 167 (t = 1.67):	 total squared error = 0.00288056, marker error: RMS = 0.0103290, max = 0.0227943 (R_Elbow)
[2026-07-20 13:04:53.800] [info] Frame 168 (t = 1.68):	 total squared error = 0.00283119, marker error: RMS = 0.0102401, max = 0.0232746 (R_Elbow)
[2026-07-20 13:04:53.813] [info] Frame 169 (t = 1.69):	 total squared error = 0.00279185, marker error: RMS = 0.0101687, max = 0.023671 (R_Elbow)
[2026-07-20 13:04:53.830] [info] Frame 170 (t = 1.7):	 total squared error = 0.00276191, marker error: RMS = 0.0101140, max = 0.0240041 (R_Elbow)
[2026-07-20 13:04:53.858] [info] Frame 171 (t = 1.71):	 total squared error = 0.00274598, marker error: RMS = 0.0100848, max = 0.0245697 (R_Elbow)
[2026-07-20 13:04:53.873] [info] Frame 172 (t = 1.72):	 total squared error = 0.00274326, marker error: RMS = 0.0100798, max = 0.0248504 (R_Elbow)
[2026-07-20 13:04:53.893] [info] Frame 173 (t = 1.73):	 total squared error = 0.00276366, marker error: RMS = 0.0101172, max = 0.0252499 (R_Elbow)
[2026-07-20 13:04:53.921] [info] Frame 174 (t = 1.74):	 total squared error = 0.00281053, marker error: RMS = 0.0102026, max = 0.0256962 (R_Elbow)
[2026-07-20 13:04:53.951] [info] Frame 175 (t = 1.75):	 total squared error = 0.00288552, marker error: RMS = 0.0103378, max = 0.0259933 (R_Elbow)
[2026-07-20 13:04:53.974] [info] Frame 176 (t = 1.76):	 total squared error = 0.00298153, marker error: RMS = 0.0105084, max = 0.0262313 (R_Elbow)
[2026-07-20 13:04:53.988] [info] Frame 177 (t = 1.77):	 total squared error = 0.00310802, marker error: RMS = 0.0107290, max = 0.0262408 (R_Elbow)
[2026-07-20 13:04:54.010] [info] Frame 178 (t = 1.78):	 total squared error = 0.00323603, marker error: RMS = 0.0109477, max = 0.0267957 (R_Elbow)
[2026-07-20 13:04:54.027] [info] Frame 179 (t = 1.79):	 total squared error = 0.00337210, marker error: RMS = 0.0111755, max = 0.0269494 (R_Elbow)
[2026-07-20 13:04:54.042] [info] Frame 180 (t = 1.8):	 total squared error = 0.00349054, marker error: RMS = 0.0113701, max = 0.0271695 (R_Elbow)
[2026-07-20 13:04:54.061] [info] Frame 181 (t = 1.81):	 total squared error = 0.00358066, marker error: RMS = 0.0115159, max = 0.0273794 (R_Elbow)
[2026-07-20 13:04:54.081] [info] Frame 182 (t = 1.82):	 total squared error = 0.00363631, marker error: RMS = 0.0116051, max = 0.0277621 (R_Elbow)
[2026-07-20 13:04:54.096] [info] Frame 183 (t = 1.83):	 total squared error = 0.00366294, marker error: RMS = 0.0116475, max = 0.027796 (R_Elbow)
[2026-07-20 13:04:54.107] [info] Frame 184 (t = 1.84):	 total squared error = 0.00367948, marker error: RMS = 0.0116738, max = 0.0276061 (R_Elbow)
[2026-07-20 13:04:54.122] [info] Frame 185 (t = 1.85):	 total squared error = 0.00367214, marker error: RMS = 0.0116621, max = 0.0279888 (R_Elbow)
[2026-07-20 13:04:54.144] [info] Frame 186 (t = 1.86):	 total squared error = 0.00366532, marker error: RMS = 0.0116513, max = 0.0283063 (R_Elbow)
[2026-07-20 13:04:54.165] [info] Frame 187 (t = 1.87):	 total squared error = 0.00366625, marker error: RMS = 0.0116528, max = 0.0284099 (R_Elbow)
[2026-07-20 13:04:54.189] [info] Frame 188 (t = 1.88):	 total squared error = 0.00366912, marker error: RMS = 0.0116573, max = 0.0285066 (R_Elbow)
[2026-07-20 13:04:54.205] [info] Frame 189 (t = 1.89):	 total squared error = 0.00366943, marker error: RMS = 0.0116578, max = 0.0285218 (R_Elbow)
[2026-07-20 13:04:54.214] [info] Frame 190 (t = 1.9):	 total squared error = 0.00368795, marker error: RMS = 0.0116872, max = 0.0284073 (R_Elbow)
[2026-07-20 13:04:54.249] [info] Frame 191 (t = 1.91):	 total squared error = 0.00365918, marker error: RMS = 0.0116415, max = 0.0286951 (R_Elbow)
[2026-07-20 13:04:54.265] [info] Frame 192 (t = 1.92):	 total squared error = 0.00364846, marker error: RMS = 0.0116245, max = 0.0287262 (R_Elbow)
[2026-07-20 13:04:54.282] [info] Frame 193 (t = 1.93):	 total squared error = 0.00363451, marker error: RMS = 0.0116022, max = 0.028888 (R_Elbow)
[2026-07-20 13:04:54.300] [info] Frame 194 (t = 1.94):	 total squared error = 0.00361523, marker error: RMS = 0.0115714, max = 0.0290387 (R_Elbow)
[2026-07-20 13:04:54.312] [info] Frame 195 (t = 1.95):	 total squared error = 0.00359976, marker error: RMS = 0.0115466, max = 0.0291503 (R_Elbow)
[2026-07-20 13:04:54.342] [info] Frame 196 (t = 1.96):	 total squared error = 0.00354830, marker error: RMS = 0.0114638, max = 0.0290965 (R_Elbow)
[2026-07-20 13:04:54.360] [info] Frame 197 (t = 1.97):	 total squared error = 0.00350198, marker error: RMS = 0.0113887, max = 0.0293325 (R_Elbow)
[2026-07-20 13:04:54.376] [info] Frame 198 (t = 1.98):	 total squared error = 0.00345264, marker error: RMS = 0.0113082, max = 0.0295589 (R_Elbow)
[2026-07-20 13:04:54.395] [info] Frame 199 (t = 1.99):	 total squared error = 0.00338788, marker error: RMS = 0.0112016, max = 0.0297359 (R_Elbow)
[2026-07-20 13:04:54.420] [info] Frame 200 (t = 2.0):	 total squared error = 0.00333313, marker error: RMS = 0.0111108, max = 0.0297741 (R_Elbow)
[2026-07-20 13:04:54.459] [info] Frame 201 (t = 2.01):	 total squared error = 0.00329850, marker error: RMS = 0.0110529, max = 0.0299943 (R_Elbow)
[2026-07-20 13:04:54.474] [info] Frame 202 (t = 2.02):	 total squared error = 0.00330602, marker error: RMS = 0.0110655, max = 0.0304487 (R_Elbow)
[2026-07-20 13:04:54.498] [info] Frame 203 (t = 2.03):	 total squared error = 0.00330654, marker error: RMS = 0.0110664, max = 0.0304267 (R_Elbow)
[2026-07-20 13:04:54.518] [info] Frame 204 (t = 2.04):	 total squared error = 0.00334343, marker error: RMS = 0.0111279, max = 0.0308483 (R_Elbow)
[2026-07-20 13:04:54.555] [info] Frame 205 (t = 2.05):	 total squared error = 0.00337458, marker error: RMS = 0.0111796, max = 0.0309250 (R_Elbow)
[2026-07-20 13:04:54.576] [info] Frame 206 (t = 2.06):	 total squared error = 0.00343465, marker error: RMS = 0.0112787, max = 0.0312211 (R_Elbow)
[2026-07-20 13:04:54.602] [info] Frame 207 (t = 2.07):	 total squared error = 0.00349673, marker error: RMS = 0.0113802, max = 0.0313929 (R_Elbow)
[2026-07-20 13:04:54.614] [info] Frame 208 (t = 2.08):	 total squared error = 0.00358762, marker error: RMS = 0.0115271, max = 0.0317591 (R_Elbow)
[2026-07-20 13:04:54.645] [info] Frame 209 (t = 2.09):	 total squared error = 0.00361802, marker error: RMS = 0.0115759, max = 0.0317599 (R_Elbow)
[2026-07-20 13:04:54.656] [info] Frame 210 (t = 2.1):	 total squared error = 0.00366419, marker error: RMS = 0.0116495, max = 0.0319183 (R_Elbow)
[2026-07-20 13:04:54.668] [info] Frame 211 (t = 2.11):	 total squared error = 0.00368729, marker error: RMS = 0.0116862, max = 0.0320372 (R_Elbow)
[2026-07-20 13:04:54.686] [info] Frame 212 (t = 2.12):	 total squared error = 0.00367847, marker error: RMS = 0.0116722, max = 0.0320164 (R_Elbow)
[2026-07-20 13:04:54.707] [info] Frame 213 (t = 2.13):	 total squared error = 0.00365038, marker error: RMS = 0.0116275, max = 0.0320370 (R_Elbow)
[2026-07-20 13:04:54.721] [info] Frame 214 (t = 2.14):	 total squared error = 0.00361669, marker error: RMS = 0.0115737, max = 0.0318984 (R_Elbow)
[2026-07-20 13:04:54.738] [info] Frame 215 (t = 2.15):	 total squared error = 0.00357319, marker error: RMS = 0.0115039, max = 0.0316934 (R_Elbow)
[2026-07-20 13:04:54.756] [info] Frame 216 (t = 2.16):	 total squared error = 0.00352777, marker error: RMS = 0.0114306, max = 0.0316424 (R_Elbow)
[2026-07-20 13:04:54.774] [info] Frame 217 (t = 2.17):	 total squared error = 0.00349196, marker error: RMS = 0.0113724, max = 0.0313675 (R_Elbow)
[2026-07-20 13:04:54.806] [info] Frame 218 (t = 2.18):	 total squared error = 0.00345141, marker error: RMS = 0.0113062, max = 0.0313478 (R_Elbow)
[2026-07-20 13:04:54.824] [info] Frame 219 (t = 2.19):	 total squared error = 0.00342747, marker error: RMS = 0.0112669, max = 0.0310068 (R_Elbow)
[2026-07-20 13:04:54.841] [info] Frame 220 (t = 2.2):	 total squared error = 0.00340697, marker error: RMS = 0.0112332, max = 0.0307490 (R_Elbow)
[2026-07-20 13:04:54.850] [info] Frame 221 (t = 2.21):	 total squared error = 0.00339707, marker error: RMS = 0.0112168, max = 0.0302875 (R_Elbow)
[2026-07-20 13:04:54.872] [info] Frame 222 (t = 2.22):	 total squared error = 0.00335701, marker error: RMS = 0.0111505, max = 0.0303122 (R_Elbow)
[2026-07-20 13:04:54.902] [info] Frame 223 (t = 2.23):	 total squared error = 0.00332032, marker error: RMS = 0.0110894, max = 0.0300692 (R_Elbow)
[2026-07-20 13:04:54.924] [info] Frame 224 (t = 2.24):	 total squared error = 0.00328005, marker error: RMS = 0.0110220, max = 0.0297648 (R_Elbow)
[2026-07-20 13:04:54.952] [info] Frame 225 (t = 2.25):	 total squared error = 0.00324121, marker error: RMS = 0.0109565, max = 0.0295432 (R_Elbow)
[2026-07-20 13:04:54.972] [info] Frame 226 (t = 2.26):	 total squared error = 0.00321872, marker error: RMS = 0.0109184, max = 0.0292469 (R_Elbow)
[2026-07-20 13:04:55.004] [info] Frame 227 (t = 2.27):	 total squared error = 0.00319946, marker error: RMS = 0.0108857, max = 0.0291902 (R_Elbow)
[2026-07-20 13:04:55.023] [info] Frame 228 (t = 2.28):	 total squared error = 0.00320916, marker error: RMS = 0.0109022, max = 0.0288845 (R_Elbow)
[2026-07-20 13:04:55.052] [info] Frame 229 (t = 2.29):	 total squared error = 0.00322068, marker error: RMS = 0.0109217, max = 0.0288266 (R_Elbow)
[2026-07-20 13:04:55.065] [info] Frame 230 (t = 2.3):	 total squared error = 0.00327084, marker error: RMS = 0.0110065, max = 0.0284904 (R_Elbow)
[2026-07-20 13:04:55.095] [info] Frame 231 (t = 2.31):	 total squared error = 0.00329206, marker error: RMS = 0.0110421, max = 0.0285582 (R_Elbow)
[2026-07-20 13:04:55.111] [info] Frame 232 (t = 2.32):	 total squared error = 0.00334478, marker error: RMS = 0.0111302, max = 0.0282951 (R_Elbow)
[2026-07-20 13:04:55.120] [info] Frame 233 (t = 2.33):	 total squared error = 0.00341465, marker error: RMS = 0.0112458, max = 0.0280858 (R_Elbow)
[2026-07-20 13:04:55.149] [info] Frame 234 (t = 2.34):	 total squared error = 0.00341602, marker error: RMS = 0.0112481, max = 0.0281963 (R_Elbow)
[2026-07-20 13:04:55.170] [info] Frame 235 (t = 2.35):	 total squared error = 0.00343666, marker error: RMS = 0.011282, max = 0.0280620 (R_Elbow)
[2026-07-20 13:04:55.188] [info] Frame 236 (t = 2.36):	 total squared error = 0.00344033, marker error: RMS = 0.011288, max = 0.0279609 (R_Elbow)
[2026-07-20 13:04:55.208] [info] Frame 237 (t = 2.37):	 total squared error = 0.00342635, marker error: RMS = 0.0112651, max = 0.0277782 (R_Elbow)
[2026-07-20 13:04:55.229] [info] Frame 238 (t = 2.38):	 total squared error = 0.00339611, marker error: RMS = 0.0112153, max = 0.027598 (R_Elbow)
[2026-07-20 13:04:55.244] [info] Frame 239 (t = 2.39):	 total squared error = 0.00335534, marker error: RMS = 0.0111477, max = 0.0273695 (R_Elbow)
[2026-07-20 13:04:55.255] [info] Frame 240 (t = 2.4):	 total squared error = 0.00331312, marker error: RMS = 0.0110774, max = 0.0272921 (R_Elbow)
[2026-07-20 13:04:55.278] [info] Frame 241 (t = 2.41):	 total squared error = 0.00325326, marker error: RMS = 0.0109768, max = 0.0268853 (R_Elbow)
[2026-07-20 13:04:55.289] [info] Frame 242 (t = 2.42):	 total squared error = 0.00320813, marker error: RMS = 0.0109004, max = 0.0266758 (R_Elbow)
[2026-07-20 13:04:55.306] [info] Frame 243 (t = 2.43):	 total squared error = 0.00314325, marker error: RMS = 0.0107897, max = 0.0262259 (R_Elbow)
[2026-07-20 13:04:55.331] [info] Frame 244 (t = 2.44):	 total squared error = 0.00308358, marker error: RMS = 0.0106868, max = 0.0257899 (R_Elbow)
[2026-07-20 13:04:55.348] [info] Frame 245 (t = 2.45):	 total squared error = 0.00303671, marker error: RMS = 0.0106052, max = 0.0254208 (R_Elbow)
[2026-07-20 13:04:55.367] [info] Frame 246 (t = 2.46):	 total squared error = 0.00297919, marker error: RMS = 0.0105043, max = 0.0249478 (R_Elbow)
[2026-07-20 13:04:55.395] [info] Frame 247 (t = 2.47):	 total squared error = 0.00292247, marker error: RMS = 0.0104038, max = 0.0244554 (R_Elbow)
[2026-07-20 13:04:55.412] [info] Frame 248 (t = 2.48):	 total squared error = 0.00288440, marker error: RMS = 0.0103358, max = 0.0240668 (R_Elbow)
[2026-07-20 13:04:55.437] [info] Frame 249 (t = 2.49):	 total squared error = 0.00282638, marker error: RMS = 0.0102314, max = 0.0235303 (R_Elbow)
[2026-07-20 13:04:55.458] [info] Frame 250 (t = 2.5):	 total squared error = 0.00278029, marker error: RMS = 0.0101476, max = 0.0231155 (R_Elbow)
[2026-07-20 13:04:55.463] [info] InverseKinematicsTool completed 211 frames in 4 second(s).
[2026-07-20 13:04:55.496] [info] Loaded model TCV04-scaled from file C:\Users\Lucia\Desktop\TFG\2_JMP\TVC04\Walk_3\TVC04_3_JMP_results\TVC04_3_NMSM_JMP_03_final.osim
[2026-07-20 13:04:55.927] [warning] Coordinate.setValue:  coordinate pro_sup_r is locked. Unable to change its value.
[2026-07-20 13:04:55.961] [warning] Coordinate.setValue:  coordinate pro_sup_l is locked. Unable to change its value.
[2026-07-20 13:05:25.428] [info] Loaded model TCV04-scaled from file C:\Users\Lucia\Desktop\TFG\2_JMP\TVC04\Walk_3\TVC04_3_JMP_results\TVC04_3_NMSM_JMP_04_ankle_axis.osim
[2026-07-20 13:05:25.438] [cout] [info] 
               MODEL: TCV04-scaled
         coordinates: 41
              forces: 103
           actuators: 103
             muscles: 86
            analyses: 0
              probes: 0
              bodies: 24
              joints: 24
         constraints: 2
             markers: 27
         controllers: 0
  contact geometries: 0
misc modelcomponents: 0
[2026-07-20 13:05:25.439] [info] Running tool .
[2026-07-20 13:05:25.502] [info] Frame 40 (t = 0.4):	 total squared error = 0.00340324, marker error: RMS = 0.011227, max = 0.0268759 (R_Elbow)
[2026-07-20 13:05:25.517] [info] Frame 41 (t = 0.41):	 total squared error = 0.00331895, marker error: RMS = 0.0110871, max = 0.0264781 (R_Elbow)
[2026-07-20 13:05:25.535] [info] Frame 42 (t = 0.42):	 total squared error = 0.00323035, marker error: RMS = 0.0109381, max = 0.0260162 (R_Elbow)
[2026-07-20 13:05:25.560] [info] Frame 43 (t = 0.43):	 total squared error = 0.00313784, marker error: RMS = 0.0107804, max = 0.0254698 (R_Elbow)
[2026-07-20 13:05:25.582] [info] Frame 44 (t = 0.44):	 total squared error = 0.00305981, marker error: RMS = 0.0106455, max = 0.0250010 (R_Elbow)
[2026-07-20 13:05:25.619] [info] Frame 45 (t = 0.45):	 total squared error = 0.00297957, marker error: RMS = 0.0105050, max = 0.0243753 (R_Elbow)
[2026-07-20 13:05:25.645] [info] Frame 46 (t = 0.46):	 total squared error = 0.00291294, marker error: RMS = 0.0103868, max = 0.0238687 (R_Elbow)
[2026-07-20 13:05:25.665] [info] Frame 47 (t = 0.47):	 total squared error = 0.00285094, marker error: RMS = 0.0102757, max = 0.0233508 (R_Elbow)
[2026-07-20 13:05:25.680] [info] Frame 48 (t = 0.48):	 total squared error = 0.00280189, marker error: RMS = 0.0101869, max = 0.0228701 (R_Elbow)
[2026-07-20 13:05:25.696] [info] Frame 49 (t = 0.49):	 total squared error = 0.00274974, marker error: RMS = 0.0100917, max = 0.0223247 (R_Elbow)
[2026-07-20 13:05:25.720] [info] Frame 50 (t = 0.5):	 total squared error = 0.00269857, marker error: RMS = 0.00999736, max = 0.0217716 (R_Elbow)
[2026-07-20 13:05:25.744] [info] Frame 51 (t = 0.51):	 total squared error = 0.00266291, marker error: RMS = 0.00993107, max = 0.0213028 (R_Elbow)
[2026-07-20 13:05:25.763] [info] Frame 52 (t = 0.52):	 total squared error = 0.00264191, marker error: RMS = 0.00989185, max = 0.0209805 (R_Elbow)
[2026-07-20 13:05:25.793] [info] Frame 53 (t = 0.53):	 total squared error = 0.00262585, marker error: RMS = 0.00986173, max = 0.0204910 (R_Elbow)
[2026-07-20 13:05:25.816] [info] Frame 54 (t = 0.54):	 total squared error = 0.00263116, marker error: RMS = 0.00987169, max = 0.0201850 (R_Elbow)
[2026-07-20 13:05:25.831] [info] Frame 55 (t = 0.55):	 total squared error = 0.00265893, marker error: RMS = 0.00992366, max = 0.0200172 (R_Elbow)
[2026-07-20 13:05:25.871] [info] Frame 56 (t = 0.56):	 total squared error = 0.00269529, marker error: RMS = 0.00999128, max = 0.0197056 (Sternum)
[2026-07-20 13:05:25.899] [info] Frame 57 (t = 0.57):	 total squared error = 0.00275825, marker error: RMS = 0.0101073, max = 0.0197086 (Sternum)
[2026-07-20 13:05:25.926] [info] Frame 58 (t = 0.58):	 total squared error = 0.00283785, marker error: RMS = 0.0102521, max = 0.01967 (Sternum)
[2026-07-20 13:05:25.951] [info] Frame 59 (t = 0.59):	 total squared error = 0.00292155, marker error: RMS = 0.0104022, max = 0.0196411 (Sternum)
[2026-07-20 13:05:25.960] [info] Frame 60 (t = 0.6):	 total squared error = 0.00301286, marker error: RMS = 0.0105635, max = 0.0196696 (R_Elbow)
[2026-07-20 13:05:25.988] [info] Frame 61 (t = 0.61):	 total squared error = 0.00306096, marker error: RMS = 0.0106475, max = 0.0196875 (R_Elbow)
[2026-07-20 13:05:26.001] [info] Frame 62 (t = 0.62):	 total squared error = 0.00309833, marker error: RMS = 0.0107123, max = 0.0200110 (R_Elbow)
[2026-07-20 13:05:26.013] [info] Frame 63 (t = 0.63):	 total squared error = 0.00310772, marker error: RMS = 0.0107285, max = 0.0203072 (R_Elbow)
[2026-07-20 13:05:26.045] [info] Frame 64 (t = 0.64):	 total squared error = 0.00308036, marker error: RMS = 0.0106812, max = 0.0205368 (R_Elbow)
[2026-07-20 13:05:26.060] [info] Frame 65 (t = 0.65):	 total squared error = 0.00303862, marker error: RMS = 0.0106086, max = 0.0209129 (R_Elbow)
[2026-07-20 13:05:26.083] [info] Frame 66 (t = 0.66):	 total squared error = 0.00298212, marker error: RMS = 0.0105095, max = 0.0213686 (R_Elbow)
[2026-07-20 13:05:26.093] [info] Frame 67 (t = 0.67):	 total squared error = 0.00292364, marker error: RMS = 0.0104059, max = 0.0218914 (R_Elbow)
[2026-07-20 13:05:26.113] [info] Frame 68 (t = 0.68):	 total squared error = 0.00284712, marker error: RMS = 0.0102688, max = 0.0222967 (R_Elbow)
[2026-07-20 13:05:26.131] [info] Frame 69 (t = 0.69):	 total squared error = 0.00278192, marker error: RMS = 0.0101506, max = 0.0227058 (R_Elbow)
[2026-07-20 13:05:26.161] [info] Frame 70 (t = 0.7):	 total squared error = 0.00271580, marker error: RMS = 0.0100292, max = 0.0233516 (R_Elbow)
[2026-07-20 13:05:26.176] [info] Frame 71 (t = 0.71):	 total squared error = 0.00267766, marker error: RMS = 0.00995854, max = 0.0236788 (R_Elbow)
[2026-07-20 13:05:26.209] [info] Frame 72 (t = 0.72):	 total squared error = 0.00265919, marker error: RMS = 0.00992415, max = 0.0242735 (R_Elbow)
[2026-07-20 13:05:26.234] [info] Frame 73 (t = 0.73):	 total squared error = 0.00266981, marker error: RMS = 0.00994393, max = 0.024651 (R_Elbow)
[2026-07-20 13:05:26.268] [info] Frame 74 (t = 0.74):	 total squared error = 0.00271371, marker error: RMS = 0.0100254, max = 0.0250527 (R_Elbow)
[2026-07-20 13:05:26.292] [info] Frame 75 (t = 0.75):	 total squared error = 0.00278022, marker error: RMS = 0.0101475, max = 0.0253871 (R_Elbow)
[2026-07-20 13:05:26.314] [info] Frame 76 (t = 0.76):	 total squared error = 0.00287098, marker error: RMS = 0.0103118, max = 0.0256756 (R_Elbow)
[2026-07-20 13:05:26.353] [info] Frame 77 (t = 0.77):	 total squared error = 0.00298288, marker error: RMS = 0.0105108, max = 0.025999 (R_Elbow)
[2026-07-20 13:05:26.367] [info] Frame 78 (t = 0.78):	 total squared error = 0.00310258, marker error: RMS = 0.0107196, max = 0.0259631 (R_Elbow)
[2026-07-20 13:05:26.391] [info] Frame 79 (t = 0.79):	 total squared error = 0.00320275, marker error: RMS = 0.0108913, max = 0.0265339 (R_Elbow)
[2026-07-20 13:05:26.408] [info] Frame 80 (t = 0.8):	 total squared error = 0.00329510, marker error: RMS = 0.0110472, max = 0.0266888 (R_Elbow)
[2026-07-20 13:05:26.426] [info] Frame 81 (t = 0.81):	 total squared error = 0.00336174, marker error: RMS = 0.0111584, max = 0.0268241 (R_Elbow)
[2026-07-20 13:05:26.461] [info] Frame 82 (t = 0.82):	 total squared error = 0.00339913, marker error: RMS = 0.0112202, max = 0.0271089 (R_Elbow)
[2026-07-20 13:05:26.479] [info] Frame 83 (t = 0.83):	 total squared error = 0.00341387, marker error: RMS = 0.0112445, max = 0.027198 (R_Elbow)
[2026-07-20 13:05:26.499] [info] Frame 84 (t = 0.84):	 total squared error = 0.00341028, marker error: RMS = 0.0112386, max = 0.0274833 (R_Elbow)
[2026-07-20 13:05:26.513] [info] Frame 85 (t = 0.85):	 total squared error = 0.00339806, marker error: RMS = 0.0112185, max = 0.0272723 (R_Elbow)
[2026-07-20 13:05:26.530] [info] Frame 86 (t = 0.86):	 total squared error = 0.00337099, marker error: RMS = 0.0111737, max = 0.0276614 (R_Elbow)
[2026-07-20 13:05:26.553] [info] Frame 87 (t = 0.87):	 total squared error = 0.00334074, marker error: RMS = 0.0111234, max = 0.0279575 (R_Elbow)
[2026-07-20 13:05:26.566] [info] Frame 88 (t = 0.88):	 total squared error = 0.00331253, marker error: RMS = 0.0110764, max = 0.0278223 (R_Elbow)
[2026-07-20 13:05:26.579] [info] Frame 89 (t = 0.89):	 total squared error = 0.00328551, marker error: RMS = 0.0110311, max = 0.0279326 (R_Elbow)
[2026-07-20 13:05:26.599] [info] Frame 90 (t = 0.9):	 total squared error = 0.00326131, marker error: RMS = 0.0109904, max = 0.028249 (R_Elbow)
[2026-07-20 13:05:26.615] [info] Frame 91 (t = 0.91):	 total squared error = 0.00325014, marker error: RMS = 0.0109716, max = 0.0281342 (R_Elbow)
[2026-07-20 13:05:26.636] [info] Frame 92 (t = 0.92):	 total squared error = 0.00324198, marker error: RMS = 0.0109578, max = 0.0283677 (R_Elbow)
[2026-07-20 13:05:26.653] [info] Frame 93 (t = 0.93):	 total squared error = 0.00324609, marker error: RMS = 0.0109647, max = 0.02833 (R_Elbow)
[2026-07-20 13:05:26.669] [info] Frame 94 (t = 0.94):	 total squared error = 0.00325105, marker error: RMS = 0.0109731, max = 0.0284054 (R_Elbow)
[2026-07-20 13:05:26.688] [info] Frame 95 (t = 0.95):	 total squared error = 0.00324910, marker error: RMS = 0.0109698, max = 0.0284343 (R_Elbow)
[2026-07-20 13:05:26.703] [info] Frame 96 (t = 0.96):	 total squared error = 0.00325165, marker error: RMS = 0.0109741, max = 0.0284768 (R_Elbow)
[2026-07-20 13:05:26.729] [info] Frame 97 (t = 0.97):	 total squared error = 0.00322914, marker error: RMS = 0.0109361, max = 0.02848 (R_Elbow)
[2026-07-20 13:05:26.748] [info] Frame 98 (t = 0.98):	 total squared error = 0.00321128, marker error: RMS = 0.0109058, max = 0.0286577 (R_Elbow)
[2026-07-20 13:05:26.763] [info] Frame 99 (t = 0.99):	 total squared error = 0.00319183, marker error: RMS = 0.0108727, max = 0.0289008 (R_Elbow)
[2026-07-20 13:05:26.787] [info] Frame 100 (t = 1.0):	 total squared error = 0.00315593, marker error: RMS = 0.0108114, max = 0.0288567 (R_Elbow)
[2026-07-20 13:05:26.802] [info] Frame 101 (t = 1.01):	 total squared error = 0.00314482, marker error: RMS = 0.0107924, max = 0.0292335 (R_Elbow)
[2026-07-20 13:05:26.830] [info] Frame 102 (t = 1.02):	 total squared error = 0.00312163, marker error: RMS = 0.0107525, max = 0.0292203 (R_Elbow)
[2026-07-20 13:05:26.864] [info] Frame 103 (t = 1.03):	 total squared error = 0.00311642, marker error: RMS = 0.0107435, max = 0.029489 (R_Elbow)
[2026-07-20 13:05:26.877] [info] Frame 104 (t = 1.04):	 total squared error = 0.00315567, marker error: RMS = 0.0108109, max = 0.0300179 (R_Elbow)
[2026-07-20 13:05:26.917] [info] Frame 105 (t = 1.05):	 total squared error = 0.00315097, marker error: RMS = 0.0108029, max = 0.0300279 (R_Elbow)
[2026-07-20 13:05:26.943] [info] Frame 106 (t = 1.06):	 total squared error = 0.00319850, marker error: RMS = 0.0108841, max = 0.0303331 (R_Elbow)
[2026-07-20 13:05:26.960] [info] Frame 107 (t = 1.07):	 total squared error = 0.00326988, marker error: RMS = 0.0110048, max = 0.0307482 (R_Elbow)
[2026-07-20 13:05:26.976] [info] Frame 108 (t = 1.08):	 total squared error = 0.00335247, marker error: RMS = 0.011143, max = 0.0311184 (R_Elbow)
[2026-07-20 13:05:27.009] [info] Frame 109 (t = 1.09):	 total squared error = 0.00341077, marker error: RMS = 0.0112394, max = 0.0311757 (R_Elbow)
[2026-07-20 13:05:27.020] [info] Frame 110 (t = 1.1):	 total squared error = 0.00348156, marker error: RMS = 0.0113555, max = 0.0314865 (R_Elbow)
[2026-07-20 13:05:27.028] [info] Frame 111 (t = 1.11):	 total squared error = 0.00353358, marker error: RMS = 0.01144, max = 0.0317609 (R_Elbow)
[2026-07-20 13:05:27.046] [info] Frame 112 (t = 1.12):	 total squared error = 0.00354265, marker error: RMS = 0.0114547, max = 0.0317175 (R_Elbow)
[2026-07-20 13:05:27.064] [info] Frame 113 (t = 1.13):	 total squared error = 0.00353380, marker error: RMS = 0.0114403, max = 0.0317131 (R_Elbow)
[2026-07-20 13:05:27.083] [info] Frame 114 (t = 1.14):	 total squared error = 0.00351057, marker error: RMS = 0.0114027, max = 0.0317103 (R_Elbow)
[2026-07-20 13:05:27.093] [info] Frame 115 (t = 1.15):	 total squared error = 0.00348559, marker error: RMS = 0.011362, max = 0.0316592 (R_Elbow)
[2026-07-20 13:05:27.116] [info] Frame 116 (t = 1.16):	 total squared error = 0.00345077, marker error: RMS = 0.0113052, max = 0.0315603 (R_Elbow)
[2026-07-20 13:05:27.132] [info] Frame 117 (t = 1.17):	 total squared error = 0.00342381, marker error: RMS = 0.0112609, max = 0.0313249 (R_Elbow)
[2026-07-20 13:05:27.149] [info] Frame 118 (t = 1.18):	 total squared error = 0.00339938, marker error: RMS = 0.0112207, max = 0.0310636 (R_Elbow)
[2026-07-20 13:05:27.176] [info] Frame 119 (t = 1.19):	 total squared error = 0.00337571, marker error: RMS = 0.0111815, max = 0.0309237 (R_Elbow)
[2026-07-20 13:05:27.189] [info] Frame 120 (t = 1.2):	 total squared error = 0.00336875, marker error: RMS = 0.01117, max = 0.0303243 (R_Elbow)
[2026-07-20 13:05:27.213] [info] Frame 121 (t = 1.21):	 total squared error = 0.00334645, marker error: RMS = 0.0111329, max = 0.0302878 (R_Elbow)
[2026-07-20 13:05:27.233] [info] Frame 122 (t = 1.22):	 total squared error = 0.00333005, marker error: RMS = 0.0111056, max = 0.0298076 (R_Elbow)
[2026-07-20 13:05:27.259] [info] Frame 123 (t = 1.23):	 total squared error = 0.00330172, marker error: RMS = 0.0110583, max = 0.029477 (R_Elbow)
[2026-07-20 13:05:27.281] [info] Frame 124 (t = 1.24):	 total squared error = 0.00327058, marker error: RMS = 0.0110060, max = 0.0291773 (R_Elbow)
[2026-07-20 13:05:27.297] [info] Frame 125 (t = 1.25):	 total squared error = 0.00325828, marker error: RMS = 0.0109853, max = 0.0286961 (R_Elbow)
[2026-07-20 13:05:27.330] [info] Frame 126 (t = 1.26):	 total squared error = 0.00323753, marker error: RMS = 0.0109503, max = 0.0285501 (R_Elbow)
[2026-07-20 13:05:27.345] [info] Frame 127 (t = 1.27):	 total squared error = 0.00326187, marker error: RMS = 0.0109914, max = 0.028139 (R_Elbow)
[2026-07-20 13:05:27.361] [info] Frame 128 (t = 1.28):	 total squared error = 0.00329863, marker error: RMS = 0.0110531, max = 0.027897 (R_Elbow)
[2026-07-20 13:05:27.394] [info] Frame 129 (t = 1.29):	 total squared error = 0.00333476, marker error: RMS = 0.0111135, max = 0.0278427 (R_Elbow)
[2026-07-20 13:05:27.410] [info] Frame 130 (t = 1.3):	 total squared error = 0.00339849, marker error: RMS = 0.0112192, max = 0.0276261 (R_Elbow)
[2026-07-20 13:05:27.432] [info] Frame 131 (t = 1.31):	 total squared error = 0.00345822, marker error: RMS = 0.0113173, max = 0.0275721 (R_Elbow)
[2026-07-20 13:05:27.452] [info] Frame 132 (t = 1.32):	 total squared error = 0.00351403, marker error: RMS = 0.0114083, max = 0.0275134 (R_Elbow)
[2026-07-20 13:05:27.472] [info] Frame 133 (t = 1.33):	 total squared error = 0.00355035, marker error: RMS = 0.0114671, max = 0.027474 (R_Elbow)
[2026-07-20 13:05:27.496] [info] Frame 134 (t = 1.34):	 total squared error = 0.00355882, marker error: RMS = 0.0114808, max = 0.0273811 (R_Elbow)
[2026-07-20 13:05:27.517] [info] Frame 135 (t = 1.35):	 total squared error = 0.00353915, marker error: RMS = 0.011449, max = 0.0273498 (R_Elbow)
[2026-07-20 13:05:27.531] [info] Frame 136 (t = 1.36):	 total squared error = 0.00349751, marker error: RMS = 0.0113815, max = 0.0274394 (R_Elbow)
[2026-07-20 13:05:27.550] [info] Frame 137 (t = 1.37):	 total squared error = 0.00343632, marker error: RMS = 0.0112814, max = 0.0272095 (R_Elbow)
[2026-07-20 13:05:27.565] [info] Frame 138 (t = 1.38):	 total squared error = 0.00336998, marker error: RMS = 0.011172, max = 0.0272003 (R_Elbow)
[2026-07-20 13:05:27.586] [info] Frame 139 (t = 1.39):	 total squared error = 0.00330025, marker error: RMS = 0.0110558, max = 0.0269628 (R_Elbow)
[2026-07-20 13:05:27.598] [info] Frame 140 (t = 1.4):	 total squared error = 0.00324332, marker error: RMS = 0.0109601, max = 0.0269422 (R_Elbow)
[2026-07-20 13:05:27.625] [info] Frame 141 (t = 1.41):	 total squared error = 0.00317275, marker error: RMS = 0.0108402, max = 0.0265616 (R_Elbow)
[2026-07-20 13:05:27.651] [info] Frame 142 (t = 1.42):	 total squared error = 0.00311303, marker error: RMS = 0.0107377, max = 0.026333 (R_Elbow)
[2026-07-20 13:05:27.668] [info] Frame 143 (t = 1.43):	 total squared error = 0.00305912, marker error: RMS = 0.0106443, max = 0.0261112 (R_Elbow)
[2026-07-20 13:05:27.684] [info] Frame 144 (t = 1.44):	 total squared error = 0.00301252, marker error: RMS = 0.0105629, max = 0.0258844 (R_Elbow)
[2026-07-20 13:05:27.700] [info] Frame 145 (t = 1.45):	 total squared error = 0.00296627, marker error: RMS = 0.0104815, max = 0.0256169 (R_Elbow)
[2026-07-20 13:05:27.737] [info] Frame 146 (t = 1.46):	 total squared error = 0.00289495, marker error: RMS = 0.0103547, max = 0.0250790 (R_Elbow)
[2026-07-20 13:05:27.751] [info] Frame 147 (t = 1.47):	 total squared error = 0.00285665, marker error: RMS = 0.0102860, max = 0.0247491 (R_Elbow)
[2026-07-20 13:05:27.768] [info] Frame 148 (t = 1.48):	 total squared error = 0.00281987, marker error: RMS = 0.0102196, max = 0.0243826 (R_Elbow)
[2026-07-20 13:05:27.790] [info] Frame 149 (t = 1.49):	 total squared error = 0.00278287, marker error: RMS = 0.0101523, max = 0.0239327 (R_Elbow)
[2026-07-20 13:05:27.815] [info] Frame 150 (t = 1.5):	 total squared error = 0.00275780, marker error: RMS = 0.0101065, max = 0.0235363 (R_Elbow)
[2026-07-20 13:05:27.838] [info] Frame 151 (t = 1.51):	 total squared error = 0.00274462, marker error: RMS = 0.0100823, max = 0.0231926 (R_Elbow)
[2026-07-20 13:05:27.857] [info] Frame 152 (t = 1.52):	 total squared error = 0.00274197, marker error: RMS = 0.0100774, max = 0.0228936 (R_Elbow)
[2026-07-20 13:05:27.885] [info] Frame 153 (t = 1.53):	 total squared error = 0.00274498, marker error: RMS = 0.0100830, max = 0.0225125 (R_Elbow)
[2026-07-20 13:05:27.899] [info] Frame 154 (t = 1.54):	 total squared error = 0.00276749, marker error: RMS = 0.0101242, max = 0.0223453 (R_Elbow)
[2026-07-20 13:05:27.918] [info] Frame 155 (t = 1.55):	 total squared error = 0.00279594, marker error: RMS = 0.0101761, max = 0.0221312 (R_Elbow)
[2026-07-20 13:05:27.953] [info] Frame 156 (t = 1.56):	 total squared error = 0.00282799, marker error: RMS = 0.0102343, max = 0.0216856 (R_Elbow)
[2026-07-20 13:05:27.970] [info] Frame 157 (t = 1.57):	 total squared error = 0.00288211, marker error: RMS = 0.0103317, max = 0.0217113 (R_Elbow)
[2026-07-20 13:05:27.996] [info] Frame 158 (t = 1.58):	 total squared error = 0.00293569, marker error: RMS = 0.0104273, max = 0.0214933 (R_Elbow)
[2026-07-20 13:05:28.007] [info] Frame 159 (t = 1.59):	 total squared error = 0.00300497, marker error: RMS = 0.0105496, max = 0.0214598 (R_Elbow)
[2026-07-20 13:05:28.023] [info] Frame 160 (t = 1.6):	 total squared error = 0.00304494, marker error: RMS = 0.0106196, max = 0.0215269 (R_Elbow)
[2026-07-20 13:05:28.055] [info] Frame 161 (t = 1.61):	 total squared error = 0.00306822, marker error: RMS = 0.0106601, max = 0.0214482 (R_Elbow)
[2026-07-20 13:05:28.066] [info] Frame 162 (t = 1.62):	 total squared error = 0.00308045, marker error: RMS = 0.0106813, max = 0.0215933 (R_Elbow)
[2026-07-20 13:05:28.073] [info] Frame 163 (t = 1.63):	 total squared error = 0.00307422, marker error: RMS = 0.0106705, max = 0.021918 (R_Elbow)
[2026-07-20 13:05:28.088] [info] Frame 164 (t = 1.64):	 total squared error = 0.00303647, marker error: RMS = 0.0106048, max = 0.0219928 (R_Elbow)
[2026-07-20 13:05:28.097] [info] Frame 165 (t = 1.65):	 total squared error = 0.00299572, marker error: RMS = 0.0105334, max = 0.022375 (R_Elbow)
[2026-07-20 13:05:28.107] [info] Frame 166 (t = 1.66):	 total squared error = 0.00294542, marker error: RMS = 0.0104446, max = 0.0226069 (R_Elbow)
[2026-07-20 13:05:28.123] [info] Frame 167 (t = 1.67):	 total squared error = 0.00288056, marker error: RMS = 0.0103290, max = 0.0227943 (R_Elbow)
[2026-07-20 13:05:28.140] [info] Frame 168 (t = 1.68):	 total squared error = 0.00283119, marker error: RMS = 0.0102401, max = 0.0232746 (R_Elbow)
[2026-07-20 13:05:28.152] [info] Frame 169 (t = 1.69):	 total squared error = 0.00279185, marker error: RMS = 0.0101687, max = 0.023671 (R_Elbow)
[2026-07-20 13:05:28.171] [info] Frame 170 (t = 1.7):	 total squared error = 0.00276191, marker error: RMS = 0.0101140, max = 0.0240041 (R_Elbow)
[2026-07-20 13:05:28.201] [info] Frame 171 (t = 1.71):	 total squared error = 0.00274598, marker error: RMS = 0.0100848, max = 0.0245697 (R_Elbow)
[2026-07-20 13:05:28.218] [info] Frame 172 (t = 1.72):	 total squared error = 0.00274326, marker error: RMS = 0.0100798, max = 0.0248504 (R_Elbow)
[2026-07-20 13:05:28.239] [info] Frame 173 (t = 1.73):	 total squared error = 0.00276366, marker error: RMS = 0.0101172, max = 0.0252499 (R_Elbow)
[2026-07-20 13:05:28.264] [info] Frame 174 (t = 1.74):	 total squared error = 0.00281053, marker error: RMS = 0.0102026, max = 0.0256962 (R_Elbow)
[2026-07-20 13:05:28.295] [info] Frame 175 (t = 1.75):	 total squared error = 0.00288552, marker error: RMS = 0.0103378, max = 0.0259933 (R_Elbow)
[2026-07-20 13:05:28.319] [info] Frame 176 (t = 1.76):	 total squared error = 0.00298153, marker error: RMS = 0.0105084, max = 0.0262313 (R_Elbow)
[2026-07-20 13:05:28.332] [info] Frame 177 (t = 1.77):	 total squared error = 0.00310802, marker error: RMS = 0.0107290, max = 0.0262408 (R_Elbow)
[2026-07-20 13:05:28.357] [info] Frame 178 (t = 1.78):	 total squared error = 0.00323603, marker error: RMS = 0.0109477, max = 0.0267957 (R_Elbow)
[2026-07-20 13:05:28.374] [info] Frame 179 (t = 1.79):	 total squared error = 0.00337210, marker error: RMS = 0.0111755, max = 0.0269494 (R_Elbow)
[2026-07-20 13:05:28.391] [info] Frame 180 (t = 1.8):	 total squared error = 0.00349054, marker error: RMS = 0.0113701, max = 0.0271695 (R_Elbow)
[2026-07-20 13:05:28.409] [info] Frame 181 (t = 1.81):	 total squared error = 0.00358066, marker error: RMS = 0.0115159, max = 0.0273794 (R_Elbow)
[2026-07-20 13:05:28.425] [info] Frame 182 (t = 1.82):	 total squared error = 0.00363631, marker error: RMS = 0.0116051, max = 0.0277621 (R_Elbow)
[2026-07-20 13:05:28.441] [info] Frame 183 (t = 1.83):	 total squared error = 0.00366294, marker error: RMS = 0.0116475, max = 0.027796 (R_Elbow)
[2026-07-20 13:05:28.452] [info] Frame 184 (t = 1.84):	 total squared error = 0.00367948, marker error: RMS = 0.0116738, max = 0.0276061 (R_Elbow)
[2026-07-20 13:05:28.466] [info] Frame 185 (t = 1.85):	 total squared error = 0.00367214, marker error: RMS = 0.0116621, max = 0.0279888 (R_Elbow)
[2026-07-20 13:05:28.488] [info] Frame 186 (t = 1.86):	 total squared error = 0.00366532, marker error: RMS = 0.0116513, max = 0.0283063 (R_Elbow)
[2026-07-20 13:05:28.509] [info] Frame 187 (t = 1.87):	 total squared error = 0.00366625, marker error: RMS = 0.0116528, max = 0.0284099 (R_Elbow)
[2026-07-20 13:05:28.532] [info] Frame 188 (t = 1.88):	 total squared error = 0.00366912, marker error: RMS = 0.0116573, max = 0.0285066 (R_Elbow)
[2026-07-20 13:05:28.550] [info] Frame 189 (t = 1.89):	 total squared error = 0.00366943, marker error: RMS = 0.0116578, max = 0.0285218 (R_Elbow)
[2026-07-20 13:05:28.559] [info] Frame 190 (t = 1.9):	 total squared error = 0.00368795, marker error: RMS = 0.0116872, max = 0.0284073 (R_Elbow)
[2026-07-20 13:05:28.598] [info] Frame 191 (t = 1.91):	 total squared error = 0.00365918, marker error: RMS = 0.0116415, max = 0.0286951 (R_Elbow)
[2026-07-20 13:05:28.615] [info] Frame 192 (t = 1.92):	 total squared error = 0.00364846, marker error: RMS = 0.0116245, max = 0.0287262 (R_Elbow)
[2026-07-20 13:05:28.633] [info] Frame 193 (t = 1.93):	 total squared error = 0.00363451, marker error: RMS = 0.0116022, max = 0.028888 (R_Elbow)
[2026-07-20 13:05:28.653] [info] Frame 194 (t = 1.94):	 total squared error = 0.00361523, marker error: RMS = 0.0115714, max = 0.0290387 (R_Elbow)
[2026-07-20 13:05:28.664] [info] Frame 195 (t = 1.95):	 total squared error = 0.00359976, marker error: RMS = 0.0115466, max = 0.0291503 (R_Elbow)
[2026-07-20 13:05:28.693] [info] Frame 196 (t = 1.96):	 total squared error = 0.00354830, marker error: RMS = 0.0114638, max = 0.0290965 (R_Elbow)
[2026-07-20 13:05:28.712] [info] Frame 197 (t = 1.97):	 total squared error = 0.00350198, marker error: RMS = 0.0113887, max = 0.0293325 (R_Elbow)
[2026-07-20 13:05:28.729] [info] Frame 198 (t = 1.98):	 total squared error = 0.00345264, marker error: RMS = 0.0113082, max = 0.0295589 (R_Elbow)
[2026-07-20 13:05:28.748] [info] Frame 199 (t = 1.99):	 total squared error = 0.00338788, marker error: RMS = 0.0112016, max = 0.0297359 (R_Elbow)
[2026-07-20 13:05:28.773] [info] Frame 200 (t = 2.0):	 total squared error = 0.00333313, marker error: RMS = 0.0111108, max = 0.0297741 (R_Elbow)
[2026-07-20 13:05:28.810] [info] Frame 201 (t = 2.01):	 total squared error = 0.00329850, marker error: RMS = 0.0110529, max = 0.0299943 (R_Elbow)
[2026-07-20 13:05:28.826] [info] Frame 202 (t = 2.02):	 total squared error = 0.00330602, marker error: RMS = 0.0110655, max = 0.0304487 (R_Elbow)
[2026-07-20 13:05:28.852] [info] Frame 203 (t = 2.03):	 total squared error = 0.00330654, marker error: RMS = 0.0110664, max = 0.0304267 (R_Elbow)
[2026-07-20 13:05:28.869] [info] Frame 204 (t = 2.04):	 total squared error = 0.00334343, marker error: RMS = 0.0111279, max = 0.0308483 (R_Elbow)
[2026-07-20 13:05:28.905] [info] Frame 205 (t = 2.05):	 total squared error = 0.00337458, marker error: RMS = 0.0111796, max = 0.0309250 (R_Elbow)
[2026-07-20 13:05:28.926] [info] Frame 206 (t = 2.06):	 total squared error = 0.00343465, marker error: RMS = 0.0112787, max = 0.0312211 (R_Elbow)
[2026-07-20 13:05:28.951] [info] Frame 207 (t = 2.07):	 total squared error = 0.00349673, marker error: RMS = 0.0113802, max = 0.0313929 (R_Elbow)
[2026-07-20 13:05:28.960] [info] Frame 208 (t = 2.08):	 total squared error = 0.00358762, marker error: RMS = 0.0115271, max = 0.0317591 (R_Elbow)
[2026-07-20 13:05:28.992] [info] Frame 209 (t = 2.09):	 total squared error = 0.00361802, marker error: RMS = 0.0115759, max = 0.0317599 (R_Elbow)
[2026-07-20 13:05:29.003] [info] Frame 210 (t = 2.1):	 total squared error = 0.00366419, marker error: RMS = 0.0116495, max = 0.0319183 (R_Elbow)
[2026-07-20 13:05:29.015] [info] Frame 211 (t = 2.11):	 total squared error = 0.00368729, marker error: RMS = 0.0116862, max = 0.0320372 (R_Elbow)
[2026-07-20 13:05:29.034] [info] Frame 212 (t = 2.12):	 total squared error = 0.00367847, marker error: RMS = 0.0116722, max = 0.0320164 (R_Elbow)
[2026-07-20 13:05:29.055] [info] Frame 213 (t = 2.13):	 total squared error = 0.00365038, marker error: RMS = 0.0116275, max = 0.0320370 (R_Elbow)
[2026-07-20 13:05:29.068] [info] Frame 214 (t = 2.14):	 total squared error = 0.00361669, marker error: RMS = 0.0115737, max = 0.0318984 (R_Elbow)
[2026-07-20 13:05:29.084] [info] Frame 215 (t = 2.15):	 total squared error = 0.00357319, marker error: RMS = 0.0115039, max = 0.0316934 (R_Elbow)
[2026-07-20 13:05:29.101] [info] Frame 216 (t = 2.16):	 total squared error = 0.00352777, marker error: RMS = 0.0114306, max = 0.0316424 (R_Elbow)
[2026-07-20 13:05:29.118] [info] Frame 217 (t = 2.17):	 total squared error = 0.00349196, marker error: RMS = 0.0113724, max = 0.0313675 (R_Elbow)
[2026-07-20 13:05:29.149] [info] Frame 218 (t = 2.18):	 total squared error = 0.00345141, marker error: RMS = 0.0113062, max = 0.0313478 (R_Elbow)
[2026-07-20 13:05:29.167] [info] Frame 219 (t = 2.19):	 total squared error = 0.00342747, marker error: RMS = 0.0112669, max = 0.0310068 (R_Elbow)
[2026-07-20 13:05:29.183] [info] Frame 220 (t = 2.2):	 total squared error = 0.00340697, marker error: RMS = 0.0112332, max = 0.0307490 (R_Elbow)
[2026-07-20 13:05:29.193] [info] Frame 221 (t = 2.21):	 total squared error = 0.00339707, marker error: RMS = 0.0112168, max = 0.0302875 (R_Elbow)
[2026-07-20 13:05:29.215] [info] Frame 222 (t = 2.22):	 total squared error = 0.00335701, marker error: RMS = 0.0111505, max = 0.0303122 (R_Elbow)
[2026-07-20 13:05:29.246] [info] Frame 223 (t = 2.23):	 total squared error = 0.00332032, marker error: RMS = 0.0110894, max = 0.0300692 (R_Elbow)
[2026-07-20 13:05:29.265] [info] Frame 224 (t = 2.24):	 total squared error = 0.00328005, marker error: RMS = 0.0110220, max = 0.0297648 (R_Elbow)
[2026-07-20 13:05:29.290] [info] Frame 225 (t = 2.25):	 total squared error = 0.00324121, marker error: RMS = 0.0109565, max = 0.0295432 (R_Elbow)
[2026-07-20 13:05:29.309] [info] Frame 226 (t = 2.26):	 total squared error = 0.00321872, marker error: RMS = 0.0109184, max = 0.0292469 (R_Elbow)
[2026-07-20 13:05:29.339] [info] Frame 227 (t = 2.27):	 total squared error = 0.00319946, marker error: RMS = 0.0108857, max = 0.0291902 (R_Elbow)
[2026-07-20 13:05:29.358] [info] Frame 228 (t = 2.28):	 total squared error = 0.00320916, marker error: RMS = 0.0109022, max = 0.0288845 (R_Elbow)
[2026-07-20 13:05:29.384] [info] Frame 229 (t = 2.29):	 total squared error = 0.00322068, marker error: RMS = 0.0109217, max = 0.0288266 (R_Elbow)
[2026-07-20 13:05:29.397] [info] Frame 230 (t = 2.3):	 total squared error = 0.00327084, marker error: RMS = 0.0110065, max = 0.0284904 (R_Elbow)
[2026-07-20 13:05:29.423] [info] Frame 231 (t = 2.31):	 total squared error = 0.00329206, marker error: RMS = 0.0110421, max = 0.0285582 (R_Elbow)
[2026-07-20 13:05:29.438] [info] Frame 232 (t = 2.32):	 total squared error = 0.00334478, marker error: RMS = 0.0111302, max = 0.0282951 (R_Elbow)
[2026-07-20 13:05:29.448] [info] Frame 233 (t = 2.33):	 total squared error = 0.00341465, marker error: RMS = 0.0112458, max = 0.0280858 (R_Elbow)
[2026-07-20 13:05:29.476] [info] Frame 234 (t = 2.34):	 total squared error = 0.00341602, marker error: RMS = 0.0112481, max = 0.0281963 (R_Elbow)
[2026-07-20 13:05:29.496] [info] Frame 235 (t = 2.35):	 total squared error = 0.00343666, marker error: RMS = 0.011282, max = 0.0280620 (R_Elbow)
[2026-07-20 13:05:29.515] [info] Frame 236 (t = 2.36):	 total squared error = 0.00344033, marker error: RMS = 0.011288, max = 0.0279609 (R_Elbow)
[2026-07-20 13:05:29.533] [info] Frame 237 (t = 2.37):	 total squared error = 0.00342635, marker error: RMS = 0.0112651, max = 0.0277782 (R_Elbow)
[2026-07-20 13:05:29.554] [info] Frame 238 (t = 2.38):	 total squared error = 0.00339611, marker error: RMS = 0.0112153, max = 0.027598 (R_Elbow)
[2026-07-20 13:05:29.573] [info] Frame 239 (t = 2.39):	 total squared error = 0.00335534, marker error: RMS = 0.0111477, max = 0.0273695 (R_Elbow)
[2026-07-20 13:05:29.586] [info] Frame 240 (t = 2.4):	 total squared error = 0.00331312, marker error: RMS = 0.0110774, max = 0.0272921 (R_Elbow)
[2026-07-20 13:05:29.611] [info] Frame 241 (t = 2.41):	 total squared error = 0.00325326, marker error: RMS = 0.0109768, max = 0.0268853 (R_Elbow)
[2026-07-20 13:05:29.622] [info] Frame 242 (t = 2.42):	 total squared error = 0.00320813, marker error: RMS = 0.0109004, max = 0.0266758 (R_Elbow)
[2026-07-20 13:05:29.639] [info] Frame 243 (t = 2.43):	 total squared error = 0.00314325, marker error: RMS = 0.0107897, max = 0.0262259 (R_Elbow)
[2026-07-20 13:05:29.663] [info] Frame 244 (t = 2.44):	 total squared error = 0.00308358, marker error: RMS = 0.0106868, max = 0.0257899 (R_Elbow)
[2026-07-20 13:05:29.679] [info] Frame 245 (t = 2.45):	 total squared error = 0.00303671, marker error: RMS = 0.0106052, max = 0.0254208 (R_Elbow)
[2026-07-20 13:05:29.699] [info] Frame 246 (t = 2.46):	 total squared error = 0.00297919, marker error: RMS = 0.0105043, max = 0.0249478 (R_Elbow)
[2026-07-20 13:05:29.727] [info] Frame 247 (t = 2.47):	 total squared error = 0.00292247, marker error: RMS = 0.0104038, max = 0.0244554 (R_Elbow)
[2026-07-20 13:05:29.743] [info] Frame 248 (t = 2.48):	 total squared error = 0.00288440, marker error: RMS = 0.0103358, max = 0.0240668 (R_Elbow)
[2026-07-20 13:05:29.767] [info] Frame 249 (t = 2.49):	 total squared error = 0.00282638, marker error: RMS = 0.0102314, max = 0.0235303 (R_Elbow)
[2026-07-20 13:05:29.789] [info] Frame 250 (t = 2.5):	 total squared error = 0.00278029, marker error: RMS = 0.0101476, max = 0.0231155 (R_Elbow)
[2026-07-20 13:05:29.793] [info] InverseKinematicsTool completed 211 frames in 4 second(s).
[2026-07-20 13:05:29.826] [info] Loaded model TCV04-scaled from file C:\Users\Lucia\Desktop\TFG\2_JMP\TVC04\Walk_3\TVC04_3_JMP_results\TVC04_3_NMSM_JMP_04_ankle_axis.osim
[2026-07-20 13:05:30.262] [warning] Coordinate.setValue:  coordinate pro_sup_r is locked. Unable to change its value.
[2026-07-20 13:05:30.297] [warning] Coordinate.setValue:  coordinate pro_sup_l is locked. Unable to change its value.
[2026-07-20 13:05:59.541] [info] Loaded model TCV04-scaled from file C:\Users\Lucia\Desktop\TFG\2_JMP\TVC04\Walk_3\TVC04_3_JMP_results\TVC04_3_NMSM_JMP_04_ankle_axis.osim
[2026-07-20 13:05:59.551] [cout] [info] 
               MODEL: TCV04-scaled
         coordinates: 41
              forces: 103
           actuators: 103
             muscles: 86
            analyses: 0
              probes: 0
              bodies: 24
              joints: 24
         constraints: 2
             markers: 27
         controllers: 0
  contact geometries: 0
misc modelcomponents: 0
[2026-07-20 13:05:59.551] [info] Running tool .
[2026-07-20 13:05:59.620] [info] Frame 40 (t = 0.4):	 total squared error = 0.00340324, marker error: RMS = 0.011227, max = 0.0268759 (R_Elbow)
[2026-07-20 13:05:59.634] [info] Frame 41 (t = 0.41):	 total squared error = 0.00331895, marker error: RMS = 0.0110871, max = 0.0264781 (R_Elbow)
[2026-07-20 13:05:59.649] [info] Frame 42 (t = 0.42):	 total squared error = 0.00323035, marker error: RMS = 0.0109381, max = 0.0260162 (R_Elbow)
[2026-07-20 13:05:59.672] [info] Frame 43 (t = 0.43):	 total squared error = 0.00313784, marker error: RMS = 0.0107804, max = 0.0254698 (R_Elbow)
[2026-07-20 13:05:59.693] [info] Frame 44 (t = 0.44):	 total squared error = 0.00305981, marker error: RMS = 0.0106455, max = 0.0250010 (R_Elbow)
[2026-07-20 13:05:59.728] [info] Frame 45 (t = 0.45):	 total squared error = 0.00297957, marker error: RMS = 0.0105050, max = 0.0243753 (R_Elbow)
[2026-07-20 13:05:59.751] [info] Frame 46 (t = 0.46):	 total squared error = 0.00291294, marker error: RMS = 0.0103868, max = 0.0238687 (R_Elbow)
[2026-07-20 13:05:59.773] [info] Frame 47 (t = 0.47):	 total squared error = 0.00285094, marker error: RMS = 0.0102757, max = 0.0233508 (R_Elbow)
[2026-07-20 13:05:59.788] [info] Frame 48 (t = 0.48):	 total squared error = 0.00280189, marker error: RMS = 0.0101869, max = 0.0228701 (R_Elbow)
[2026-07-20 13:05:59.803] [info] Frame 49 (t = 0.49):	 total squared error = 0.00274974, marker error: RMS = 0.0100917, max = 0.0223247 (R_Elbow)
[2026-07-20 13:05:59.828] [info] Frame 50 (t = 0.5):	 total squared error = 0.00269857, marker error: RMS = 0.00999736, max = 0.0217716 (R_Elbow)
[2026-07-20 13:05:59.852] [info] Frame 51 (t = 0.51):	 total squared error = 0.00266291, marker error: RMS = 0.00993107, max = 0.0213028 (R_Elbow)
[2026-07-20 13:05:59.870] [info] Frame 52 (t = 0.52):	 total squared error = 0.00264191, marker error: RMS = 0.00989185, max = 0.0209805 (R_Elbow)
[2026-07-20 13:05:59.899] [info] Frame 53 (t = 0.53):	 total squared error = 0.00262585, marker error: RMS = 0.00986173, max = 0.0204910 (R_Elbow)
[2026-07-20 13:05:59.921] [info] Frame 54 (t = 0.54):	 total squared error = 0.00263116, marker error: RMS = 0.00987169, max = 0.0201850 (R_Elbow)
[2026-07-20 13:05:59.938] [info] Frame 55 (t = 0.55):	 total squared error = 0.00265893, marker error: RMS = 0.00992366, max = 0.0200172 (R_Elbow)
[2026-07-20 13:05:59.978] [info] Frame 56 (t = 0.56):	 total squared error = 0.00269529, marker error: RMS = 0.00999128, max = 0.0197056 (Sternum)
[2026-07-20 13:06:00.004] [info] Frame 57 (t = 0.57):	 total squared error = 0.00275825, marker error: RMS = 0.0101073, max = 0.0197086 (Sternum)
[2026-07-20 13:06:00.031] [info] Frame 58 (t = 0.58):	 total squared error = 0.00283785, marker error: RMS = 0.0102521, max = 0.01967 (Sternum)
[2026-07-20 13:06:00.055] [info] Frame 59 (t = 0.59):	 total squared error = 0.00292155, marker error: RMS = 0.0104022, max = 0.0196411 (Sternum)
[2026-07-20 13:06:00.065] [info] Frame 60 (t = 0.6):	 total squared error = 0.00301286, marker error: RMS = 0.0105635, max = 0.0196696 (R_Elbow)
[2026-07-20 13:06:00.092] [info] Frame 61 (t = 0.61):	 total squared error = 0.00306096, marker error: RMS = 0.0106475, max = 0.0196875 (R_Elbow)
[2026-07-20 13:06:00.105] [info] Frame 62 (t = 0.62):	 total squared error = 0.00309833, marker error: RMS = 0.0107123, max = 0.0200110 (R_Elbow)
[2026-07-20 13:06:00.117] [info] Frame 63 (t = 0.63):	 total squared error = 0.00310772, marker error: RMS = 0.0107285, max = 0.0203072 (R_Elbow)
[2026-07-20 13:06:00.148] [info] Frame 64 (t = 0.64):	 total squared error = 0.00308036, marker error: RMS = 0.0106812, max = 0.0205368 (R_Elbow)
[2026-07-20 13:06:00.164] [info] Frame 65 (t = 0.65):	 total squared error = 0.00303862, marker error: RMS = 0.0106086, max = 0.0209129 (R_Elbow)
[2026-07-20 13:06:00.187] [info] Frame 66 (t = 0.66):	 total squared error = 0.00298212, marker error: RMS = 0.0105095, max = 0.0213686 (R_Elbow)
[2026-07-20 13:06:00.197] [info] Frame 67 (t = 0.67):	 total squared error = 0.00292364, marker error: RMS = 0.0104059, max = 0.0218914 (R_Elbow)
[2026-07-20 13:06:00.217] [info] Frame 68 (t = 0.68):	 total squared error = 0.00284712, marker error: RMS = 0.0102688, max = 0.0222967 (R_Elbow)
[2026-07-20 13:06:00.233] [info] Frame 69 (t = 0.69):	 total squared error = 0.00278192, marker error: RMS = 0.0101506, max = 0.0227058 (R_Elbow)
[2026-07-20 13:06:00.263] [info] Frame 70 (t = 0.7):	 total squared error = 0.00271580, marker error: RMS = 0.0100292, max = 0.0233516 (R_Elbow)
[2026-07-20 13:06:00.279] [info] Frame 71 (t = 0.71):	 total squared error = 0.00267766, marker error: RMS = 0.00995854, max = 0.0236788 (R_Elbow)
[2026-07-20 13:06:00.310] [info] Frame 72 (t = 0.72):	 total squared error = 0.00265919, marker error: RMS = 0.00992415, max = 0.0242735 (R_Elbow)
[2026-07-20 13:06:00.336] [info] Frame 73 (t = 0.73):	 total squared error = 0.00266981, marker error: RMS = 0.00994393, max = 0.024651 (R_Elbow)
[2026-07-20 13:06:00.370] [info] Frame 74 (t = 0.74):	 total squared error = 0.00271371, marker error: RMS = 0.0100254, max = 0.0250527 (R_Elbow)
[2026-07-20 13:06:00.393] [info] Frame 75 (t = 0.75):	 total squared error = 0.00278022, marker error: RMS = 0.0101475, max = 0.0253871 (R_Elbow)
[2026-07-20 13:06:00.416] [info] Frame 76 (t = 0.76):	 total squared error = 0.00287098, marker error: RMS = 0.0103118, max = 0.0256756 (R_Elbow)
[2026-07-20 13:06:00.453] [info] Frame 77 (t = 0.77):	 total squared error = 0.00298288, marker error: RMS = 0.0105108, max = 0.025999 (R_Elbow)
[2026-07-20 13:06:00.466] [info] Frame 78 (t = 0.78):	 total squared error = 0.00310258, marker error: RMS = 0.0107196, max = 0.0259631 (R_Elbow)
[2026-07-20 13:06:00.490] [info] Frame 79 (t = 0.79):	 total squared error = 0.00320275, marker error: RMS = 0.0108913, max = 0.0265339 (R_Elbow)
[2026-07-20 13:06:00.508] [info] Frame 80 (t = 0.8):	 total squared error = 0.00329510, marker error: RMS = 0.0110472, max = 0.0266888 (R_Elbow)
[2026-07-20 13:06:00.522] [info] Frame 81 (t = 0.81):	 total squared error = 0.00336174, marker error: RMS = 0.0111584, max = 0.0268241 (R_Elbow)
[2026-07-20 13:06:00.559] [info] Frame 82 (t = 0.82):	 total squared error = 0.00339913, marker error: RMS = 0.0112202, max = 0.0271089 (R_Elbow)
[2026-07-20 13:06:00.576] [info] Frame 83 (t = 0.83):	 total squared error = 0.00341387, marker error: RMS = 0.0112445, max = 0.027198 (R_Elbow)
[2026-07-20 13:06:00.597] [info] Frame 84 (t = 0.84):	 total squared error = 0.00341028, marker error: RMS = 0.0112386, max = 0.0274833 (R_Elbow)
[2026-07-20 13:06:00.610] [info] Frame 85 (t = 0.85):	 total squared error = 0.00339806, marker error: RMS = 0.0112185, max = 0.0272723 (R_Elbow)
[2026-07-20 13:06:00.627] [info] Frame 86 (t = 0.86):	 total squared error = 0.00337099, marker error: RMS = 0.0111737, max = 0.0276614 (R_Elbow)
[2026-07-20 13:06:00.651] [info] Frame 87 (t = 0.87):	 total squared error = 0.00334074, marker error: RMS = 0.0111234, max = 0.0279575 (R_Elbow)
[2026-07-20 13:06:00.664] [info] Frame 88 (t = 0.88):	 total squared error = 0.00331253, marker error: RMS = 0.0110764, max = 0.0278223 (R_Elbow)
[2026-07-20 13:06:00.677] [info] Frame 89 (t = 0.89):	 total squared error = 0.00328551, marker error: RMS = 0.0110311, max = 0.0279326 (R_Elbow)
[2026-07-20 13:06:00.697] [info] Frame 90 (t = 0.9):	 total squared error = 0.00326131, marker error: RMS = 0.0109904, max = 0.028249 (R_Elbow)
[2026-07-20 13:06:00.713] [info] Frame 91 (t = 0.91):	 total squared error = 0.00325014, marker error: RMS = 0.0109716, max = 0.0281342 (R_Elbow)
[2026-07-20 13:06:00.733] [info] Frame 92 (t = 0.92):	 total squared error = 0.00324198, marker error: RMS = 0.0109578, max = 0.0283677 (R_Elbow)
[2026-07-20 13:06:00.749] [info] Frame 93 (t = 0.93):	 total squared error = 0.00324609, marker error: RMS = 0.0109647, max = 0.02833 (R_Elbow)
[2026-07-20 13:06:00.764] [info] Frame 94 (t = 0.94):	 total squared error = 0.00325105, marker error: RMS = 0.0109731, max = 0.0284054 (R_Elbow)
[2026-07-20 13:06:00.782] [info] Frame 95 (t = 0.95):	 total squared error = 0.00324910, marker error: RMS = 0.0109698, max = 0.0284343 (R_Elbow)
[2026-07-20 13:06:00.798] [info] Frame 96 (t = 0.96):	 total squared error = 0.00325165, marker error: RMS = 0.0109741, max = 0.0284768 (R_Elbow)
[2026-07-20 13:06:00.825] [info] Frame 97 (t = 0.97):	 total squared error = 0.00322914, marker error: RMS = 0.0109361, max = 0.02848 (R_Elbow)
[2026-07-20 13:06:00.844] [info] Frame 98 (t = 0.98):	 total squared error = 0.00321128, marker error: RMS = 0.0109058, max = 0.0286577 (R_Elbow)
[2026-07-20 13:06:00.860] [info] Frame 99 (t = 0.99):	 total squared error = 0.00319183, marker error: RMS = 0.0108727, max = 0.0289008 (R_Elbow)
[2026-07-20 13:06:00.884] [info] Frame 100 (t = 1.0):	 total squared error = 0.00315593, marker error: RMS = 0.0108114, max = 0.0288567 (R_Elbow)
[2026-07-20 13:06:00.899] [info] Frame 101 (t = 1.01):	 total squared error = 0.00314482, marker error: RMS = 0.0107924, max = 0.0292335 (R_Elbow)
[2026-07-20 13:06:00.927] [info] Frame 102 (t = 1.02):	 total squared error = 0.00312163, marker error: RMS = 0.0107525, max = 0.0292203 (R_Elbow)
[2026-07-20 13:06:00.960] [info] Frame 103 (t = 1.03):	 total squared error = 0.00311642, marker error: RMS = 0.0107435, max = 0.029489 (R_Elbow)
[2026-07-20 13:06:00.972] [info] Frame 104 (t = 1.04):	 total squared error = 0.00315567, marker error: RMS = 0.0108109, max = 0.0300179 (R_Elbow)
[2026-07-20 13:06:01.011] [info] Frame 105 (t = 1.05):	 total squared error = 0.00315097, marker error: RMS = 0.0108029, max = 0.0300279 (R_Elbow)
[2026-07-20 13:06:01.036] [info] Frame 106 (t = 1.06):	 total squared error = 0.00319850, marker error: RMS = 0.0108841, max = 0.0303331 (R_Elbow)
[2026-07-20 13:06:01.052] [info] Frame 107 (t = 1.07):	 total squared error = 0.00326988, marker error: RMS = 0.0110048, max = 0.0307482 (R_Elbow)
[2026-07-20 13:06:01.066] [info] Frame 108 (t = 1.08):	 total squared error = 0.00335247, marker error: RMS = 0.011143, max = 0.0311184 (R_Elbow)
[2026-07-20 13:06:01.100] [info] Frame 109 (t = 1.09):	 total squared error = 0.00341077, marker error: RMS = 0.0112394, max = 0.0311757 (R_Elbow)
[2026-07-20 13:06:01.111] [info] Frame 110 (t = 1.1):	 total squared error = 0.00348156, marker error: RMS = 0.0113555, max = 0.0314865 (R_Elbow)
[2026-07-20 13:06:01.118] [info] Frame 111 (t = 1.11):	 total squared error = 0.00353358, marker error: RMS = 0.01144, max = 0.0317609 (R_Elbow)
[2026-07-20 13:06:01.136] [info] Frame 112 (t = 1.12):	 total squared error = 0.00354265, marker error: RMS = 0.0114547, max = 0.0317175 (R_Elbow)
[2026-07-20 13:06:01.155] [info] Frame 113 (t = 1.13):	 total squared error = 0.00353380, marker error: RMS = 0.0114403, max = 0.0317131 (R_Elbow)
[2026-07-20 13:06:01.172] [info] Frame 114 (t = 1.14):	 total squared error = 0.00351057, marker error: RMS = 0.0114027, max = 0.0317103 (R_Elbow)
[2026-07-20 13:06:01.183] [info] Frame 115 (t = 1.15):	 total squared error = 0.00348559, marker error: RMS = 0.011362, max = 0.0316592 (R_Elbow)
[2026-07-20 13:06:01.205] [info] Frame 116 (t = 1.16):	 total squared error = 0.00345077, marker error: RMS = 0.0113052, max = 0.0315603 (R_Elbow)
[2026-07-20 13:06:01.219] [info] Frame 117 (t = 1.17):	 total squared error = 0.00342381, marker error: RMS = 0.0112609, max = 0.0313249 (R_Elbow)
[2026-07-20 13:06:01.236] [info] Frame 118 (t = 1.18):	 total squared error = 0.00339938, marker error: RMS = 0.0112207, max = 0.0310636 (R_Elbow)
[2026-07-20 13:06:01.263] [info] Frame 119 (t = 1.19):	 total squared error = 0.00337571, marker error: RMS = 0.0111815, max = 0.0309237 (R_Elbow)
[2026-07-20 13:06:01.277] [info] Frame 120 (t = 1.2):	 total squared error = 0.00336875, marker error: RMS = 0.01117, max = 0.0303243 (R_Elbow)
[2026-07-20 13:06:01.299] [info] Frame 121 (t = 1.21):	 total squared error = 0.00334645, marker error: RMS = 0.0111329, max = 0.0302878 (R_Elbow)
[2026-07-20 13:06:01.320] [info] Frame 122 (t = 1.22):	 total squared error = 0.00333005, marker error: RMS = 0.0111056, max = 0.0298076 (R_Elbow)
[2026-07-20 13:06:01.346] [info] Frame 123 (t = 1.23):	 total squared error = 0.00330172, marker error: RMS = 0.0110583, max = 0.029477 (R_Elbow)
[2026-07-20 13:06:01.368] [info] Frame 124 (t = 1.24):	 total squared error = 0.00327058, marker error: RMS = 0.0110060, max = 0.0291773 (R_Elbow)
[2026-07-20 13:06:01.386] [info] Frame 125 (t = 1.25):	 total squared error = 0.00325828, marker error: RMS = 0.0109853, max = 0.0286961 (R_Elbow)
[2026-07-20 13:06:01.421] [info] Frame 126 (t = 1.26):	 total squared error = 0.00323753, marker error: RMS = 0.0109503, max = 0.0285501 (R_Elbow)
[2026-07-20 13:06:01.436] [info] Frame 127 (t = 1.27):	 total squared error = 0.00326187, marker error: RMS = 0.0109914, max = 0.028139 (R_Elbow)
[2026-07-20 13:06:01.454] [info] Frame 128 (t = 1.28):	 total squared error = 0.00329863, marker error: RMS = 0.0110531, max = 0.027897 (R_Elbow)
[2026-07-20 13:06:01.490] [info] Frame 129 (t = 1.29):	 total squared error = 0.00333476, marker error: RMS = 0.0111135, max = 0.0278427 (R_Elbow)
[2026-07-20 13:06:01.507] [info] Frame 130 (t = 1.3):	 total squared error = 0.00339849, marker error: RMS = 0.0112192, max = 0.0276261 (R_Elbow)
[2026-07-20 13:06:01.532] [info] Frame 131 (t = 1.31):	 total squared error = 0.00345822, marker error: RMS = 0.0113173, max = 0.0275721 (R_Elbow)
[2026-07-20 13:06:01.553] [info] Frame 132 (t = 1.32):	 total squared error = 0.00351403, marker error: RMS = 0.0114083, max = 0.0275134 (R_Elbow)
[2026-07-20 13:06:01.574] [info] Frame 133 (t = 1.33):	 total squared error = 0.00355035, marker error: RMS = 0.0114671, max = 0.027474 (R_Elbow)
[2026-07-20 13:06:01.605] [info] Frame 134 (t = 1.34):	 total squared error = 0.00355882, marker error: RMS = 0.0114808, max = 0.0273811 (R_Elbow)
[2026-07-20 13:06:01.627] [info] Frame 135 (t = 1.35):	 total squared error = 0.00353915, marker error: RMS = 0.011449, max = 0.0273498 (R_Elbow)
[2026-07-20 13:06:01.640] [info] Frame 136 (t = 1.36):	 total squared error = 0.00349751, marker error: RMS = 0.0113815, max = 0.0274394 (R_Elbow)
[2026-07-20 13:06:01.669] [info] Frame 137 (t = 1.37):	 total squared error = 0.00343632, marker error: RMS = 0.0112814, max = 0.0272095 (R_Elbow)
[2026-07-20 13:06:01.686] [info] Frame 138 (t = 1.38):	 total squared error = 0.00336998, marker error: RMS = 0.011172, max = 0.0272003 (R_Elbow)
[2026-07-20 13:06:01.710] [info] Frame 139 (t = 1.39):	 total squared error = 0.00330025, marker error: RMS = 0.0110558, max = 0.0269628 (R_Elbow)
[2026-07-20 13:06:01.723] [info] Frame 140 (t = 1.4):	 total squared error = 0.00324332, marker error: RMS = 0.0109601, max = 0.0269422 (R_Elbow)
[2026-07-20 13:06:01.752] [info] Frame 141 (t = 1.41):	 total squared error = 0.00317275, marker error: RMS = 0.0108402, max = 0.0265616 (R_Elbow)
[2026-07-20 13:06:01.780] [info] Frame 142 (t = 1.42):	 total squared error = 0.00311303, marker error: RMS = 0.0107377, max = 0.026333 (R_Elbow)
[2026-07-20 13:06:01.799] [info] Frame 143 (t = 1.43):	 total squared error = 0.00305912, marker error: RMS = 0.0106443, max = 0.0261112 (R_Elbow)
[2026-07-20 13:06:01.816] [info] Frame 144 (t = 1.44):	 total squared error = 0.00301252, marker error: RMS = 0.0105629, max = 0.0258844 (R_Elbow)
[2026-07-20 13:06:01.832] [info] Frame 145 (t = 1.45):	 total squared error = 0.00296627, marker error: RMS = 0.0104815, max = 0.0256169 (R_Elbow)
[2026-07-20 13:06:01.877] [info] Frame 146 (t = 1.46):	 total squared error = 0.00289495, marker error: RMS = 0.0103547, max = 0.0250790 (R_Elbow)
[2026-07-20 13:06:01.893] [info] Frame 147 (t = 1.47):	 total squared error = 0.00285665, marker error: RMS = 0.0102860, max = 0.0247491 (R_Elbow)
[2026-07-20 13:06:01.912] [info] Frame 148 (t = 1.48):	 total squared error = 0.00281987, marker error: RMS = 0.0102196, max = 0.0243826 (R_Elbow)
[2026-07-20 13:06:01.941] [info] Frame 149 (t = 1.49):	 total squared error = 0.00278287, marker error: RMS = 0.0101523, max = 0.0239327 (R_Elbow)
[2026-07-20 13:06:01.967] [info] Frame 150 (t = 1.5):	 total squared error = 0.00275780, marker error: RMS = 0.0101065, max = 0.0235363 (R_Elbow)
[2026-07-20 13:06:01.994] [info] Frame 151 (t = 1.51):	 total squared error = 0.00274462, marker error: RMS = 0.0100823, max = 0.0231926 (R_Elbow)
[2026-07-20 13:06:02.015] [info] Frame 152 (t = 1.52):	 total squared error = 0.00274197, marker error: RMS = 0.0100774, max = 0.0228936 (R_Elbow)
[2026-07-20 13:06:02.054] [info] Frame 153 (t = 1.53):	 total squared error = 0.00274498, marker error: RMS = 0.0100830, max = 0.0225125 (R_Elbow)
[2026-07-20 13:06:02.068] [info] Frame 154 (t = 1.54):	 total squared error = 0.00276749, marker error: RMS = 0.0101242, max = 0.0223453 (R_Elbow)
[2026-07-20 13:06:02.090] [info] Frame 155 (t = 1.55):	 total squared error = 0.00279594, marker error: RMS = 0.0101761, max = 0.0221312 (R_Elbow)
[2026-07-20 13:06:02.127] [info] Frame 156 (t = 1.56):	 total squared error = 0.00282799, marker error: RMS = 0.0102343, max = 0.0216856 (R_Elbow)
[2026-07-20 13:06:02.145] [info] Frame 157 (t = 1.57):	 total squared error = 0.00288211, marker error: RMS = 0.0103317, max = 0.0217113 (R_Elbow)
[2026-07-20 13:06:02.173] [info] Frame 158 (t = 1.58):	 total squared error = 0.00293569, marker error: RMS = 0.0104273, max = 0.0214933 (R_Elbow)
[2026-07-20 13:06:02.184] [info] Frame 159 (t = 1.59):	 total squared error = 0.00300497, marker error: RMS = 0.0105496, max = 0.0214598 (R_Elbow)
[2026-07-20 13:06:02.200] [info] Frame 160 (t = 1.6):	 total squared error = 0.00304494, marker error: RMS = 0.0106196, max = 0.0215269 (R_Elbow)
[2026-07-20 13:06:02.239] [info] Frame 161 (t = 1.61):	 total squared error = 0.00306822, marker error: RMS = 0.0106601, max = 0.0214482 (R_Elbow)
[2026-07-20 13:06:02.250] [info] Frame 162 (t = 1.62):	 total squared error = 0.00308045, marker error: RMS = 0.0106813, max = 0.0215933 (R_Elbow)
[2026-07-20 13:06:02.258] [info] Frame 163 (t = 1.63):	 total squared error = 0.00307422, marker error: RMS = 0.0106705, max = 0.021918 (R_Elbow)
[2026-07-20 13:06:02.282] [info] Frame 164 (t = 1.64):	 total squared error = 0.00303647, marker error: RMS = 0.0106048, max = 0.0219928 (R_Elbow)
[2026-07-20 13:06:02.292] [info] Frame 165 (t = 1.65):	 total squared error = 0.00299572, marker error: RMS = 0.0105334, max = 0.022375 (R_Elbow)
[2026-07-20 13:06:02.303] [info] Frame 166 (t = 1.66):	 total squared error = 0.00294542, marker error: RMS = 0.0104446, max = 0.0226069 (R_Elbow)
[2026-07-20 13:06:02.319] [info] Frame 167 (t = 1.67):	 total squared error = 0.00288056, marker error: RMS = 0.0103290, max = 0.0227943 (R_Elbow)
[2026-07-20 13:06:02.339] [info] Frame 168 (t = 1.68):	 total squared error = 0.00283119, marker error: RMS = 0.0102401, max = 0.0232746 (R_Elbow)
[2026-07-20 13:06:02.354] [info] Frame 169 (t = 1.69):	 total squared error = 0.00279185, marker error: RMS = 0.0101687, max = 0.023671 (R_Elbow)
[2026-07-20 13:06:02.379] [info] Frame 170 (t = 1.7):	 total squared error = 0.00276191, marker error: RMS = 0.0101140, max = 0.0240041 (R_Elbow)
[2026-07-20 13:06:02.423] [info] Frame 171 (t = 1.71):	 total squared error = 0.00274598, marker error: RMS = 0.0100848, max = 0.0245697 (R_Elbow)
[2026-07-20 13:06:02.438] [info] Frame 172 (t = 1.72):	 total squared error = 0.00274326, marker error: RMS = 0.0100798, max = 0.0248504 (R_Elbow)
[2026-07-20 13:06:02.460] [info] Frame 173 (t = 1.73):	 total squared error = 0.00276366, marker error: RMS = 0.0101172, max = 0.0252499 (R_Elbow)
[2026-07-20 13:06:02.490] [info] Frame 174 (t = 1.74):	 total squared error = 0.00281053, marker error: RMS = 0.0102026, max = 0.0256962 (R_Elbow)
[2026-07-20 13:06:02.531] [info] Frame 175 (t = 1.75):	 total squared error = 0.00288552, marker error: RMS = 0.0103378, max = 0.0259933 (R_Elbow)
[2026-07-20 13:06:02.555] [info] Frame 176 (t = 1.76):	 total squared error = 0.00298153, marker error: RMS = 0.0105084, max = 0.0262313 (R_Elbow)
[2026-07-20 13:06:02.569] [info] Frame 177 (t = 1.77):	 total squared error = 0.00310802, marker error: RMS = 0.0107290, max = 0.0262408 (R_Elbow)
[2026-07-20 13:06:02.594] [info] Frame 178 (t = 1.78):	 total squared error = 0.00323603, marker error: RMS = 0.0109477, max = 0.0267957 (R_Elbow)
[2026-07-20 13:06:02.613] [info] Frame 179 (t = 1.79):	 total squared error = 0.00337210, marker error: RMS = 0.0111755, max = 0.0269494 (R_Elbow)
[2026-07-20 13:06:02.631] [info] Frame 180 (t = 1.8):	 total squared error = 0.00349054, marker error: RMS = 0.0113701, max = 0.0271695 (R_Elbow)
[2026-07-20 13:06:02.649] [info] Frame 181 (t = 1.81):	 total squared error = 0.00358066, marker error: RMS = 0.0115159, max = 0.0273794 (R_Elbow)
[2026-07-20 13:06:02.667] [info] Frame 182 (t = 1.82):	 total squared error = 0.00363631, marker error: RMS = 0.0116051, max = 0.0277621 (R_Elbow)
[2026-07-20 13:06:02.685] [info] Frame 183 (t = 1.83):	 total squared error = 0.00366294, marker error: RMS = 0.0116475, max = 0.027796 (R_Elbow)
[2026-07-20 13:06:02.698] [info] Frame 184 (t = 1.84):	 total squared error = 0.00367948, marker error: RMS = 0.0116738, max = 0.0276061 (R_Elbow)
[2026-07-20 13:06:02.714] [info] Frame 185 (t = 1.85):	 total squared error = 0.00367214, marker error: RMS = 0.0116621, max = 0.0279888 (R_Elbow)
[2026-07-20 13:06:02.738] [info] Frame 186 (t = 1.86):	 total squared error = 0.00366532, marker error: RMS = 0.0116513, max = 0.0283063 (R_Elbow)
[2026-07-20 13:06:02.767] [info] Frame 187 (t = 1.87):	 total squared error = 0.00366625, marker error: RMS = 0.0116528, max = 0.0284099 (R_Elbow)
[2026-07-20 13:06:02.795] [info] Frame 188 (t = 1.88):	 total squared error = 0.00366912, marker error: RMS = 0.0116573, max = 0.0285066 (R_Elbow)
[2026-07-20 13:06:02.811] [info] Frame 189 (t = 1.89):	 total squared error = 0.00366943, marker error: RMS = 0.0116578, max = 0.0285218 (R_Elbow)
[2026-07-20 13:06:02.827] [info] Frame 190 (t = 1.9):	 total squared error = 0.00368795, marker error: RMS = 0.0116872, max = 0.0284073 (R_Elbow)
[2026-07-20 13:06:02.866] [info] Frame 191 (t = 1.91):	 total squared error = 0.00365918, marker error: RMS = 0.0116415, max = 0.0286951 (R_Elbow)
[2026-07-20 13:06:02.884] [info] Frame 192 (t = 1.92):	 total squared error = 0.00364846, marker error: RMS = 0.0116245, max = 0.0287262 (R_Elbow)
[2026-07-20 13:06:02.904] [info] Frame 193 (t = 1.93):	 total squared error = 0.00363451, marker error: RMS = 0.0116022, max = 0.028888 (R_Elbow)
[2026-07-20 13:06:02.923] [info] Frame 194 (t = 1.94):	 total squared error = 0.00361523, marker error: RMS = 0.0115714, max = 0.0290387 (R_Elbow)
[2026-07-20 13:06:02.936] [info] Frame 195 (t = 1.95):	 total squared error = 0.00359976, marker error: RMS = 0.0115466, max = 0.0291503 (R_Elbow)
[2026-07-20 13:06:02.968] [info] Frame 196 (t = 1.96):	 total squared error = 0.00354830, marker error: RMS = 0.0114638, max = 0.0290965 (R_Elbow)
[2026-07-20 13:06:02.987] [info] Frame 197 (t = 1.97):	 total squared error = 0.00350198, marker error: RMS = 0.0113887, max = 0.0293325 (R_Elbow)
[2026-07-20 13:06:03.005] [info] Frame 198 (t = 1.98):	 total squared error = 0.00345264, marker error: RMS = 0.0113082, max = 0.0295589 (R_Elbow)
[2026-07-20 13:06:03.025] [info] Frame 199 (t = 1.99):	 total squared error = 0.00338788, marker error: RMS = 0.0112016, max = 0.0297359 (R_Elbow)
[2026-07-20 13:06:03.052] [info] Frame 200 (t = 2.0):	 total squared error = 0.00333313, marker error: RMS = 0.0111108, max = 0.0297741 (R_Elbow)
[2026-07-20 13:06:03.091] [info] Frame 201 (t = 2.01):	 total squared error = 0.00329850, marker error: RMS = 0.0110529, max = 0.0299943 (R_Elbow)
[2026-07-20 13:06:03.109] [info] Frame 202 (t = 2.02):	 total squared error = 0.00330602, marker error: RMS = 0.0110655, max = 0.0304487 (R_Elbow)
[2026-07-20 13:06:03.135] [info] Frame 203 (t = 2.03):	 total squared error = 0.00330654, marker error: RMS = 0.0110664, max = 0.0304267 (R_Elbow)
[2026-07-20 13:06:03.154] [info] Frame 204 (t = 2.04):	 total squared error = 0.00334343, marker error: RMS = 0.0111279, max = 0.0308483 (R_Elbow)
[2026-07-20 13:06:03.195] [info] Frame 205 (t = 2.05):	 total squared error = 0.00337458, marker error: RMS = 0.0111796, max = 0.0309250 (R_Elbow)
[2026-07-20 13:06:03.219] [info] Frame 206 (t = 2.06):	 total squared error = 0.00343465, marker error: RMS = 0.0112787, max = 0.0312211 (R_Elbow)
[2026-07-20 13:06:03.249] [info] Frame 207 (t = 2.07):	 total squared error = 0.00349673, marker error: RMS = 0.0113802, max = 0.0313929 (R_Elbow)
[2026-07-20 13:06:03.259] [info] Frame 208 (t = 2.08):	 total squared error = 0.00358762, marker error: RMS = 0.0115271, max = 0.0317591 (R_Elbow)
[2026-07-20 13:06:03.291] [info] Frame 209 (t = 2.09):	 total squared error = 0.00361802, marker error: RMS = 0.0115759, max = 0.0317599 (R_Elbow)
[2026-07-20 13:06:03.303] [info] Frame 210 (t = 2.1):	 total squared error = 0.00366419, marker error: RMS = 0.0116495, max = 0.0319183 (R_Elbow)
[2026-07-20 13:06:03.315] [info] Frame 211 (t = 2.11):	 total squared error = 0.00368729, marker error: RMS = 0.0116862, max = 0.0320372 (R_Elbow)
[2026-07-20 13:06:03.334] [info] Frame 212 (t = 2.12):	 total squared error = 0.00367847, marker error: RMS = 0.0116722, max = 0.0320164 (R_Elbow)
[2026-07-20 13:06:03.359] [info] Frame 213 (t = 2.13):	 total squared error = 0.00365038, marker error: RMS = 0.0116275, max = 0.0320370 (R_Elbow)
[2026-07-20 13:06:03.374] [info] Frame 214 (t = 2.14):	 total squared error = 0.00361669, marker error: RMS = 0.0115737, max = 0.0318984 (R_Elbow)
[2026-07-20 13:06:03.391] [info] Frame 215 (t = 2.15):	 total squared error = 0.00357319, marker error: RMS = 0.0115039, max = 0.0316934 (R_Elbow)
[2026-07-20 13:06:03.410] [info] Frame 216 (t = 2.16):	 total squared error = 0.00352777, marker error: RMS = 0.0114306, max = 0.0316424 (R_Elbow)
[2026-07-20 13:06:03.429] [info] Frame 217 (t = 2.17):	 total squared error = 0.00349196, marker error: RMS = 0.0113724, max = 0.0313675 (R_Elbow)
[2026-07-20 13:06:03.463] [info] Frame 218 (t = 2.18):	 total squared error = 0.00345141, marker error: RMS = 0.0113062, max = 0.0313478 (R_Elbow)
[2026-07-20 13:06:03.485] [info] Frame 219 (t = 2.19):	 total squared error = 0.00342747, marker error: RMS = 0.0112669, max = 0.0310068 (R_Elbow)
[2026-07-20 13:06:03.503] [info] Frame 220 (t = 2.2):	 total squared error = 0.00340697, marker error: RMS = 0.0112332, max = 0.0307490 (R_Elbow)
[2026-07-20 13:06:03.516] [info] Frame 221 (t = 2.21):	 total squared error = 0.00339707, marker error: RMS = 0.0112168, max = 0.0302875 (R_Elbow)
[2026-07-20 13:06:03.540] [info] Frame 222 (t = 2.22):	 total squared error = 0.00335701, marker error: RMS = 0.0111505, max = 0.0303122 (R_Elbow)
[2026-07-20 13:06:03.572] [info] Frame 223 (t = 2.23):	 total squared error = 0.00332032, marker error: RMS = 0.0110894, max = 0.0300692 (R_Elbow)
[2026-07-20 13:06:03.593] [info] Frame 224 (t = 2.24):	 total squared error = 0.00328005, marker error: RMS = 0.0110220, max = 0.0297648 (R_Elbow)
[2026-07-20 13:06:03.621] [info] Frame 225 (t = 2.25):	 total squared error = 0.00324121, marker error: RMS = 0.0109565, max = 0.0295432 (R_Elbow)
[2026-07-20 13:06:03.641] [info] Frame 226 (t = 2.26):	 total squared error = 0.00321872, marker error: RMS = 0.0109184, max = 0.0292469 (R_Elbow)
[2026-07-20 13:06:03.680] [info] Frame 227 (t = 2.27):	 total squared error = 0.00319946, marker error: RMS = 0.0108857, max = 0.0291902 (R_Elbow)
[2026-07-20 13:06:03.702] [info] Frame 228 (t = 2.28):	 total squared error = 0.00320916, marker error: RMS = 0.0109022, max = 0.0288845 (R_Elbow)
[2026-07-20 13:06:03.731] [info] Frame 229 (t = 2.29):	 total squared error = 0.00322068, marker error: RMS = 0.0109217, max = 0.0288266 (R_Elbow)
[2026-07-20 13:06:03.745] [info] Frame 230 (t = 2.3):	 total squared error = 0.00327084, marker error: RMS = 0.0110065, max = 0.0284904 (R_Elbow)
[2026-07-20 13:06:03.775] [info] Frame 231 (t = 2.31):	 total squared error = 0.00329206, marker error: RMS = 0.0110421, max = 0.0285582 (R_Elbow)
[2026-07-20 13:06:03.790] [info] Frame 232 (t = 2.32):	 total squared error = 0.00334478, marker error: RMS = 0.0111302, max = 0.0282951 (R_Elbow)
[2026-07-20 13:06:03.800] [info] Frame 233 (t = 2.33):	 total squared error = 0.00341465, marker error: RMS = 0.0112458, max = 0.0280858 (R_Elbow)
[2026-07-20 13:06:03.831] [info] Frame 234 (t = 2.34):	 total squared error = 0.00341602, marker error: RMS = 0.0112481, max = 0.0281963 (R_Elbow)
[2026-07-20 13:06:03.852] [info] Frame 235 (t = 2.35):	 total squared error = 0.00343666, marker error: RMS = 0.011282, max = 0.0280620 (R_Elbow)
[2026-07-20 13:06:03.872] [info] Frame 236 (t = 2.36):	 total squared error = 0.00344033, marker error: RMS = 0.011288, max = 0.0279609 (R_Elbow)
[2026-07-20 13:06:03.892] [info] Frame 237 (t = 2.37):	 total squared error = 0.00342635, marker error: RMS = 0.0112651, max = 0.0277782 (R_Elbow)
[2026-07-20 13:06:03.914] [info] Frame 238 (t = 2.38):	 total squared error = 0.00339611, marker error: RMS = 0.0112153, max = 0.027598 (R_Elbow)
[2026-07-20 13:06:03.932] [info] Frame 239 (t = 2.39):	 total squared error = 0.00335534, marker error: RMS = 0.0111477, max = 0.0273695 (R_Elbow)
[2026-07-20 13:06:03.944] [info] Frame 240 (t = 2.4):	 total squared error = 0.00331312, marker error: RMS = 0.0110774, max = 0.0272921 (R_Elbow)
[2026-07-20 13:06:03.969] [info] Frame 241 (t = 2.41):	 total squared error = 0.00325326, marker error: RMS = 0.0109768, max = 0.0268853 (R_Elbow)
[2026-07-20 13:06:03.981] [info] Frame 242 (t = 2.42):	 total squared error = 0.00320813, marker error: RMS = 0.0109004, max = 0.0266758 (R_Elbow)
[2026-07-20 13:06:04.000] [info] Frame 243 (t = 2.43):	 total squared error = 0.00314325, marker error: RMS = 0.0107897, max = 0.0262259 (R_Elbow)
[2026-07-20 13:06:04.026] [info] Frame 244 (t = 2.44):	 total squared error = 0.00308358, marker error: RMS = 0.0106868, max = 0.0257899 (R_Elbow)
[2026-07-20 13:06:04.045] [info] Frame 245 (t = 2.45):	 total squared error = 0.00303671, marker error: RMS = 0.0106052, max = 0.0254208 (R_Elbow)
[2026-07-20 13:06:04.067] [info] Frame 246 (t = 2.46):	 total squared error = 0.00297919, marker error: RMS = 0.0105043, max = 0.0249478 (R_Elbow)
[2026-07-20 13:06:04.098] [info] Frame 247 (t = 2.47):	 total squared error = 0.00292247, marker error: RMS = 0.0104038, max = 0.0244554 (R_Elbow)
[2026-07-20 13:06:04.114] [info] Frame 248 (t = 2.48):	 total squared error = 0.00288440, marker error: RMS = 0.0103358, max = 0.0240668 (R_Elbow)
[2026-07-20 13:06:04.139] [info] Frame 249 (t = 2.49):	 total squared error = 0.00282638, marker error: RMS = 0.0102314, max = 0.0235303 (R_Elbow)
[2026-07-20 13:06:04.162] [info] Frame 250 (t = 2.5):	 total squared error = 0.00278029, marker error: RMS = 0.0101476, max = 0.0231155 (R_Elbow)
[2026-07-20 13:06:04.166] [info] InverseKinematicsTool completed 211 frames in 5 second(s).
[2026-07-20 13:06:04.201] [info] Loaded model TCV04-scaled from file C:\Users\Lucia\Desktop\TFG\2_JMP\TVC04\Walk_3\TVC04_3_JMP_results\TVC04_3_NMSM_JMP_04_ankle_axis.osim
[2026-07-20 13:06:04.663] [warning] Coordinate.setValue:  coordinate pro_sup_r is locked. Unable to change its value.
[2026-07-20 13:06:04.699] [warning] Coordinate.setValue:  coordinate pro_sup_l is locked. Unable to change its value.
[2026-07-20 13:06:34.012] [info] Loaded model TCV04-scaled from file C:\Users\Lucia\Desktop\TFG\2_JMP\TVC04\Walk_3\TVC04_3_JMP_results\TVC04_3_NMSM_JMP_05_torso.osim
[2026-07-20 13:06:34.023] [cout] [info] 
               MODEL: TCV04-scaled
         coordinates: 41
              forces: 103
           actuators: 103
             muscles: 86
            analyses: 0
              probes: 0
              bodies: 24
              joints: 24
         constraints: 2
             markers: 27
         controllers: 0
  contact geometries: 0
misc modelcomponents: 0
[2026-07-20 13:06:34.023] [info] Running tool .
[2026-07-20 13:06:34.093] [info] Frame 40 (t = 0.4):	 total squared error = 0.000918945, marker error: RMS = 0.00583395, max = 0.0183683 (L_Shank_Lateral)
[2026-07-20 13:06:34.110] [info] Frame 41 (t = 0.41):	 total squared error = 0.000866491, marker error: RMS = 0.00566500, max = 0.0176264 (L_Shank_Lateral)
[2026-07-20 13:06:34.126] [info] Frame 42 (t = 0.42):	 total squared error = 0.000823024, marker error: RMS = 0.00552108, max = 0.0167301 (L_Shank_Lateral)
[2026-07-20 13:06:34.143] [info] Frame 43 (t = 0.43):	 total squared error = 0.000774879, marker error: RMS = 0.00535716, max = 0.0155047 (L_Shank_Lateral)
[2026-07-20 13:06:34.170] [info] Frame 44 (t = 0.44):	 total squared error = 0.000729732, marker error: RMS = 0.00519876, max = 0.0141155 (L_Thigh_Lateral)
[2026-07-20 13:06:34.196] [info] Frame 45 (t = 0.45):	 total squared error = 0.000693544, marker error: RMS = 0.00506821, max = 0.0138599 (L_Thigh_Lateral)
[2026-07-20 13:06:34.209] [info] Frame 46 (t = 0.46):	 total squared error = 0.000676728, marker error: RMS = 0.00500639, max = 0.0138985 (L_Thigh_Lateral)
[2026-07-20 13:06:34.237] [info] Frame 47 (t = 0.47):	 total squared error = 0.000635631, marker error: RMS = 0.00485200, max = 0.0133639 (L_Thigh_Lateral)
[2026-07-20 13:06:34.269] [info] Frame 48 (t = 0.48):	 total squared error = 0.000611244, marker error: RMS = 0.00475801, max = 0.0130439 (L_Thigh_Lateral)
[2026-07-20 13:06:34.286] [info] Frame 49 (t = 0.49):	 total squared error = 0.000595144, marker error: RMS = 0.00469493, max = 0.0127551 (L_Thigh_Lateral)
[2026-07-20 13:06:34.300] [info] Frame 50 (t = 0.5):	 total squared error = 0.000587082, marker error: RMS = 0.00466302, max = 0.0124699 (L_Thigh_Lateral)
[2026-07-20 13:06:34.325] [info] Frame 51 (t = 0.51):	 total squared error = 0.000562713, marker error: RMS = 0.00456522, max = 0.0117528 (L_Thigh_Lateral)
[2026-07-20 13:06:34.338] [info] Frame 52 (t = 0.52):	 total squared error = 0.000564279, marker error: RMS = 0.00457157, max = 0.0112505 (L_Thigh_Lateral)
[2026-07-20 13:06:34.355] [info] Frame 53 (t = 0.53):	 total squared error = 0.000570899, marker error: RMS = 0.00459831, max = 0.0106444 (L_Thigh_Lateral)
[2026-07-20 13:06:34.383] [info] Frame 54 (t = 0.54):	 total squared error = 0.000573443, marker error: RMS = 0.00460854, max = 0.00991850 (L_Thigh_Lateral)
[2026-07-20 13:06:34.419] [info] Frame 55 (t = 0.55):	 total squared error = 0.000601306, marker error: RMS = 0.00471917, max = 0.00986478 (R_Thigh_Lateral)
[2026-07-20 13:06:34.438] [info] Frame 56 (t = 0.56):	 total squared error = 0.000650666, marker error: RMS = 0.00490905, max = 0.0106237 (R_Thigh_Lateral)
[2026-07-20 13:06:34.464] [info] Frame 57 (t = 0.57):	 total squared error = 0.000708902, marker error: RMS = 0.00512403, max = 0.0110462 (R_Thigh_Lateral)
[2026-07-20 13:06:34.484] [info] Frame 58 (t = 0.58):	 total squared error = 0.000786178, marker error: RMS = 0.00539608, max = 0.0115623 (R_Thigh_Lateral)
[2026-07-20 13:06:34.494] [info] Frame 59 (t = 0.59):	 total squared error = 0.000879746, marker error: RMS = 0.00570817, max = 0.0123747 (L_Thigh_Lateral)
[2026-07-20 13:06:34.510] [info] Frame 60 (t = 0.6):	 total squared error = 0.000927522, marker error: RMS = 0.00586111, max = 0.0133834 (L_Thigh_Lateral)
[2026-07-20 13:06:34.518] [info] Frame 61 (t = 0.61):	 total squared error = 0.000979103, marker error: RMS = 0.00602188, max = 0.0142966 (L_Thigh_Lateral)
[2026-07-20 13:06:34.548] [info] Frame 62 (t = 0.62):	 total squared error = 0.000975195, marker error: RMS = 0.00600985, max = 0.0134033 (L_Thigh_Lateral)
[2026-07-20 13:06:34.567] [info] Frame 63 (t = 0.63):	 total squared error = 0.000955507, marker error: RMS = 0.00594888, max = 0.0135202 (L_Thigh_Lateral)
[2026-07-20 13:06:34.576] [info] Frame 64 (t = 0.64):	 total squared error = 0.000912073, marker error: RMS = 0.00581210, max = 0.01319 (L_Thigh_Lateral)
[2026-07-20 13:06:34.596] [info] Frame 65 (t = 0.65):	 total squared error = 0.000833653, marker error: RMS = 0.00555662, max = 0.0122285 (L_Thigh_Lateral)
[2026-07-20 13:06:34.609] [info] Frame 66 (t = 0.66):	 total squared error = 0.000747717, marker error: RMS = 0.00526244, max = 0.0114015 (L_Shank_Lateral)
[2026-07-20 13:06:34.622] [info] Frame 67 (t = 0.67):	 total squared error = 0.000652319, marker error: RMS = 0.00491528, max = 0.0112027 (L_Shank_Lateral)
[2026-07-20 13:06:34.647] [info] Frame 68 (t = 0.68):	 total squared error = 0.000542805, marker error: RMS = 0.00448374, max = 0.0102555 (L_Shank_Lateral)
[2026-07-20 13:06:34.657] [info] Frame 69 (t = 0.69):	 total squared error = 0.000462970, marker error: RMS = 0.00414090, max = 0.0102975 (L_Shank_Lateral)
[2026-07-20 13:06:34.682] [info] Frame 70 (t = 0.7):	 total squared error = 0.000365079, marker error: RMS = 0.00367715, max = 0.00892570 (L_Shank_Lateral)
[2026-07-20 13:06:34.697] [info] Frame 71 (t = 0.71):	 total squared error = 0.000305794, marker error: RMS = 0.00336537, max = 0.00904971 (L_Shank_Lateral)
[2026-07-20 13:06:34.717] [info] Frame 72 (t = 0.72):	 total squared error = 0.000273436, marker error: RMS = 0.00318234, max = 0.00877588 (L_Shank_Lateral)
[2026-07-20 13:06:34.748] [info] Frame 73 (t = 0.73):	 total squared error = 0.000263378, marker error: RMS = 0.00312326, max = 0.00720786 (L_Shank_Lateral)
[2026-07-20 13:06:34.774] [info] Frame 74 (t = 0.74):	 total squared error = 0.000290039, marker error: RMS = 0.00327753, max = 0.00722631 (R_Thigh_Lateral)
[2026-07-20 13:06:34.795] [info] Frame 75 (t = 0.75):	 total squared error = 0.000346011, marker error: RMS = 0.00357983, max = 0.00857096 (R_Thigh_Lateral)
[2026-07-20 13:06:34.812] [info] Frame 76 (t = 0.76):	 total squared error = 0.000429677, marker error: RMS = 0.00398923, max = 0.0105981 (R_Shank_Lateral)
[2026-07-20 13:06:34.837] [info] Frame 77 (t = 0.77):	 total squared error = 0.000523423, marker error: RMS = 0.00440296, max = 0.0129073 (R_Shank_Lateral)
[2026-07-20 13:06:34.857] [info] Frame 78 (t = 0.78):	 total squared error = 0.000624852, marker error: RMS = 0.00481068, max = 0.0148666 (R_Shank_Lateral)
[2026-07-20 13:06:34.871] [info] Frame 79 (t = 0.79):	 total squared error = 0.000723211, marker error: RMS = 0.00517548, max = 0.0163902 (R_Shank_Lateral)
[2026-07-20 13:06:34.885] [info] Frame 80 (t = 0.8):	 total squared error = 0.000799108, marker error: RMS = 0.00544028, max = 0.0174145 (R_Shank_Lateral)
[2026-07-20 13:06:34.903] [info] Frame 81 (t = 0.81):	 total squared error = 0.000845470, marker error: RMS = 0.00559586, max = 0.018385 (R_Shank_Lateral)
[2026-07-20 13:06:34.920] [info] Frame 82 (t = 0.82):	 total squared error = 0.000864504, marker error: RMS = 0.00565850, max = 0.0187753 (R_Shank_Lateral)
[2026-07-20 13:06:34.944] [info] Frame 83 (t = 0.83):	 total squared error = 0.000859519, marker error: RMS = 0.00564217, max = 0.0188169 (R_Shank_Lateral)
[2026-07-20 13:06:34.965] [info] Frame 84 (t = 0.84):	 total squared error = 0.000837518, marker error: RMS = 0.00556949, max = 0.0183732 (R_Shank_Lateral)
[2026-07-20 13:06:34.981] [info] Frame 85 (t = 0.85):	 total squared error = 0.000806479, marker error: RMS = 0.00546531, max = 0.0177217 (R_Shank_Lateral)
[2026-07-20 13:06:34.993] [info] Frame 86 (t = 0.86):	 total squared error = 0.000771220, marker error: RMS = 0.00534450, max = 0.0170356 (R_Shank_Lateral)
[2026-07-20 13:06:35.008] [info] Frame 87 (t = 0.87):	 total squared error = 0.000732682, marker error: RMS = 0.00520926, max = 0.0164099 (R_Shank_Lateral)
[2026-07-20 13:06:35.027] [info] Frame 88 (t = 0.88):	 total squared error = 0.000697822, marker error: RMS = 0.00508382, max = 0.0158448 (R_Shank_Lateral)
[2026-07-20 13:06:35.042] [info] Frame 89 (t = 0.89):	 total squared error = 0.000672126, marker error: RMS = 0.00498934, max = 0.0153667 (R_Shank_Lateral)
[2026-07-20 13:06:35.067] [info] Frame 90 (t = 0.9):	 total squared error = 0.000652801, marker error: RMS = 0.00491709, max = 0.0150052 (R_Shank_Lateral)
[2026-07-20 13:06:35.090] [info] Frame 91 (t = 0.91):	 total squared error = 0.000645293, marker error: RMS = 0.00488874, max = 0.0147931 (R_Shank_Lateral)
[2026-07-20 13:06:35.105] [info] Frame 92 (t = 0.92):	 total squared error = 0.000649745, marker error: RMS = 0.00490557, max = 0.014689 (R_Shank_Lateral)
[2026-07-20 13:06:35.130] [info] Frame 93 (t = 0.93):	 total squared error = 0.000657390, marker error: RMS = 0.00493435, max = 0.0146208 (R_Shank_Lateral)
[2026-07-20 13:06:35.149] [info] Frame 94 (t = 0.94):	 total squared error = 0.000670293, marker error: RMS = 0.00498254, max = 0.0144248 (R_Shank_Lateral)
[2026-07-20 13:06:35.169] [info] Frame 95 (t = 0.95):	 total squared error = 0.000680286, marker error: RMS = 0.00501954, max = 0.0146806 (R_Thigh_Lateral)
[2026-07-20 13:06:35.187] [info] Frame 96 (t = 0.96):	 total squared error = 0.000681201, marker error: RMS = 0.00502292, max = 0.0148023 (R_Thigh_Lateral)
[2026-07-20 13:06:35.200] [info] Frame 97 (t = 0.97):	 total squared error = 0.000680834, marker error: RMS = 0.00502156, max = 0.0151041 (R_Thigh_Lateral)
[2026-07-20 13:06:35.216] [info] Frame 98 (t = 0.98):	 total squared error = 0.000650658, marker error: RMS = 0.00490902, max = 0.0146131 (R_Thigh_Lateral)
[2026-07-20 13:06:35.232] [info] Frame 99 (t = 0.99):	 total squared error = 0.000614846, marker error: RMS = 0.00477201, max = 0.0140058 (R_Thigh_Lateral)
[2026-07-20 13:06:35.248] [info] Frame 100 (t = 1.0):	 total squared error = 0.000583066, marker error: RMS = 0.00464705, max = 0.0134045 (R_Thigh_Lateral)
[2026-07-20 13:06:35.275] [info] Frame 101 (t = 1.01):	 total squared error = 0.000534327, marker error: RMS = 0.00444858, max = 0.0121435 (R_Thigh_Lateral)
[2026-07-20 13:06:35.291] [info] Frame 102 (t = 1.02):	 total squared error = 0.000508655, marker error: RMS = 0.00434040, max = 0.0111564 (R_Thigh_Lateral)
[2026-07-20 13:06:35.312] [info] Frame 103 (t = 1.03):	 total squared error = 0.000477694, marker error: RMS = 0.00420623, max = 0.0100258 (L_Thigh_Lateral)
[2026-07-20 13:06:35.332] [info] Frame 104 (t = 1.04):	 total squared error = 0.000464864, marker error: RMS = 0.00414936, max = 0.0105012 (L_Thigh_Lateral)
[2026-07-20 13:06:35.348] [info] Frame 105 (t = 1.05):	 total squared error = 0.000470964, marker error: RMS = 0.00417650, max = 0.0108802 (L_Thigh_Lateral)
[2026-07-20 13:06:35.386] [info] Frame 106 (t = 1.06):	 total squared error = 0.000454967, marker error: RMS = 0.00410495, max = 0.0107555 (L_Thigh_Lateral)
[2026-07-20 13:06:35.401] [info] Frame 107 (t = 1.07):	 total squared error = 0.000491185, marker error: RMS = 0.00426521, max = 0.0110423 (L_Thigh_Lateral)
[2026-07-20 13:06:35.425] [info] Frame 108 (t = 1.08):	 total squared error = 0.000525483, marker error: RMS = 0.00441161, max = 0.0109767 (L_Thigh_Lateral)
[2026-07-20 13:06:35.445] [info] Frame 109 (t = 1.09):	 total squared error = 0.000567019, marker error: RMS = 0.00458265, max = 0.0109469 (L_Thigh_Lateral)
[2026-07-20 13:06:35.461] [info] Frame 110 (t = 1.1):	 total squared error = 0.000600733, marker error: RMS = 0.00471693, max = 0.0108433 (L_Thigh_Lateral)
[2026-07-20 13:06:35.469] [info] Frame 111 (t = 1.11):	 total squared error = 0.000620206, marker error: RMS = 0.00479277, max = 0.0105738 (L_Thigh_Lateral)
[2026-07-20 13:06:35.493] [info] Frame 112 (t = 1.12):	 total squared error = 0.000601510, marker error: RMS = 0.00471997, max = 0.0105329 (R_Thigh_Lateral)
[2026-07-20 13:06:35.506] [info] Frame 113 (t = 1.13):	 total squared error = 0.000576025, marker error: RMS = 0.00461890, max = 0.0104085 (R_Thigh_Lateral)
[2026-07-20 13:06:35.523] [info] Frame 114 (t = 1.14):	 total squared error = 0.000539054, marker error: RMS = 0.00446822, max = 0.00982459 (R_Thigh_Lateral)
[2026-07-20 13:06:35.533] [info] Frame 115 (t = 1.15):	 total squared error = 0.000504496, marker error: RMS = 0.00432262, max = 0.00941374 (L_Thigh_Lateral)
[2026-07-20 13:06:35.550] [info] Frame 116 (t = 1.16):	 total squared error = 0.000468256, marker error: RMS = 0.00416447, max = 0.00909246 (L_Thigh_Lateral)
[2026-07-20 13:06:35.571] [info] Frame 117 (t = 1.17):	 total squared error = 0.000438593, marker error: RMS = 0.00403041, max = 0.00883405 (L_Thigh_Lateral)
[2026-07-20 13:06:35.582] [info] Frame 118 (t = 1.18):	 total squared error = 0.000431897, marker error: RMS = 0.00399952, max = 0.00985482 (R_Shank_Lateral)
[2026-07-20 13:06:35.600] [info] Frame 119 (t = 1.19):	 total squared error = 0.000420940, marker error: RMS = 0.00394846, max = 0.0107074 (R_Shank_Lateral)
[2026-07-20 13:06:35.614] [info] Frame 120 (t = 1.2):	 total squared error = 0.000433611, marker error: RMS = 0.00400745, max = 0.0112292 (R_Shank_Lateral)
[2026-07-20 13:06:35.637] [info] Frame 121 (t = 1.21):	 total squared error = 0.000432281, marker error: RMS = 0.00400130, max = 0.0111157 (R_Shank_Lateral)
[2026-07-20 13:06:35.667] [info] Frame 122 (t = 1.22):	 total squared error = 0.000436018, marker error: RMS = 0.00401856, max = 0.0107094 (R_Shank_Lateral)
[2026-07-20 13:06:35.693] [info] Frame 123 (t = 1.23):	 total squared error = 0.000443833, marker error: RMS = 0.00405441, max = 0.0102115 (R_Shank_Lateral)
[2026-07-20 13:06:35.719] [info] Frame 124 (t = 1.24):	 total squared error = 0.000446155, marker error: RMS = 0.00406500, max = 0.00957834 (L_Shank_Lateral)
[2026-07-20 13:06:35.736] [info] Frame 125 (t = 1.25):	 total squared error = 0.000466784, marker error: RMS = 0.00415792, max = 0.0103413 (L_Shank_Lateral)
[2026-07-20 13:06:35.752] [info] Frame 126 (t = 1.26):	 total squared error = 0.000505922, marker error: RMS = 0.00432872, max = 0.0111576 (L_Shank_Lateral)
[2026-07-20 13:06:35.776] [info] Frame 127 (t = 1.27):	 total squared error = 0.000534598, marker error: RMS = 0.00444971, max = 0.013126 (L_Shank_Lateral)
[2026-07-20 13:06:35.790] [info] Frame 128 (t = 1.28):	 total squared error = 0.000601804, marker error: RMS = 0.00472113, max = 0.0131799 (L_Shank_Lateral)
[2026-07-20 13:06:35.816] [info] Frame 129 (t = 1.29):	 total squared error = 0.000659222, marker error: RMS = 0.00494122, max = 0.0144907 (L_Shank_Lateral)
[2026-07-20 13:06:35.834] [info] Frame 130 (t = 1.3):	 total squared error = 0.000738529, marker error: RMS = 0.00523000, max = 0.0146154 (L_Shank_Lateral)
[2026-07-20 13:06:35.849] [info] Frame 131 (t = 1.31):	 total squared error = 0.000813384, marker error: RMS = 0.00548866, max = 0.0148669 (L_Shank_Lateral)
[2026-07-20 13:06:35.870] [info] Frame 132 (t = 1.32):	 total squared error = 0.000873666, marker error: RMS = 0.00568841, max = 0.0156734 (L_Shank_Lateral)
[2026-07-20 13:06:35.881] [info] Frame 133 (t = 1.33):	 total squared error = 0.000918613, marker error: RMS = 0.00583290, max = 0.0161991 (L_Shank_Lateral)
[2026-07-20 13:06:35.898] [info] Frame 134 (t = 1.34):	 total squared error = 0.000930316, marker error: RMS = 0.00586994, max = 0.0165958 (L_Shank_Lateral)
[2026-07-20 13:06:35.912] [info] Frame 135 (t = 1.35):	 total squared error = 0.000917416, marker error: RMS = 0.00582910, max = 0.017236 (L_Shank_Lateral)
[2026-07-20 13:06:35.931] [info] Frame 136 (t = 1.36):	 total squared error = 0.000880274, marker error: RMS = 0.00570988, max = 0.0168194 (L_Shank_Lateral)
[2026-07-20 13:06:35.949] [info] Frame 137 (t = 1.37):	 total squared error = 0.000829492, marker error: RMS = 0.00554274, max = 0.0166581 (L_Shank_Lateral)
[2026-07-20 13:06:35.969] [info] Frame 138 (t = 1.38):	 total squared error = 0.000771444, marker error: RMS = 0.00534528, max = 0.0161241 (L_Shank_Lateral)
[2026-07-20 13:06:35.990] [info] Frame 139 (t = 1.39):	 total squared error = 0.000715670, marker error: RMS = 0.00514843, max = 0.0155806 (L_Shank_Lateral)
[2026-07-20 13:06:36.012] [info] Frame 140 (t = 1.4):	 total squared error = 0.000664614, marker error: RMS = 0.00496139, max = 0.0148164 (L_Shank_Lateral)
[2026-07-20 13:06:36.028] [info] Frame 141 (t = 1.41):	 total squared error = 0.000622576, marker error: RMS = 0.00480191, max = 0.0142492 (L_Shank_Lateral)
[2026-07-20 13:06:36.043] [info] Frame 142 (t = 1.42):	 total squared error = 0.000589390, marker error: RMS = 0.00467218, max = 0.0133793 (L_Shank_Lateral)
[2026-07-20 13:06:36.068] [info] Frame 143 (t = 1.43):	 total squared error = 0.000541863, marker error: RMS = 0.00447984, max = 0.0118784 (L_Shank_Lateral)
[2026-07-20 13:06:36.091] [info] Frame 144 (t = 1.44):	 total squared error = 0.000507700, marker error: RMS = 0.00433632, max = 0.0106851 (L_Shank_Lateral)
[2026-07-20 13:06:36.113] [info] Frame 145 (t = 1.45):	 total squared error = 0.000476931, marker error: RMS = 0.00420287, max = 0.0102334 (L_Thigh_Lateral)
[2026-07-20 13:06:36.140] [info] Frame 146 (t = 1.46):	 total squared error = 0.000448379, marker error: RMS = 0.00407512, max = 0.00988660 (L_Thigh_Lateral)
[2026-07-20 13:06:36.156] [info] Frame 147 (t = 1.47):	 total squared error = 0.000434921, marker error: RMS = 0.00401350, max = 0.00967687 (L_Thigh_Lateral)
[2026-07-20 13:06:36.181] [info] Frame 148 (t = 1.48):	 total squared error = 0.000412506, marker error: RMS = 0.00390871, max = 0.00933413 (L_Thigh_Lateral)
[2026-07-20 13:06:36.199] [info] Frame 149 (t = 1.49):	 total squared error = 0.000409288, marker error: RMS = 0.00389343, max = 0.00923138 (L_Thigh_Lateral)
[2026-07-20 13:06:36.225] [info] Frame 150 (t = 1.5):	 total squared error = 0.000404611, marker error: RMS = 0.00387112, max = 0.00909963 (L_Thigh_Lateral)
[2026-07-20 13:06:36.248] [info] Frame 151 (t = 1.51):	 total squared error = 0.000411469, marker error: RMS = 0.00390379, max = 0.00910020 (L_Thigh_Lateral)
[2026-07-20 13:06:36.262] [info] Frame 152 (t = 1.52):	 total squared error = 0.000432689, marker error: RMS = 0.00400319, max = 0.00921235 (L_Thigh_Lateral)
[2026-07-20 13:06:36.277] [info] Frame 153 (t = 1.53):	 total squared error = 0.000454924, marker error: RMS = 0.00410476, max = 0.00957883 (L_Thigh_Lateral)
[2026-07-20 13:06:36.298] [info] Frame 154 (t = 1.54):	 total squared error = 0.000480706, marker error: RMS = 0.00421947, max = 0.00992153 (L_Thigh_Lateral)
[2026-07-20 13:06:36.320] [info] Frame 155 (t = 1.55):	 total squared error = 0.000518046, marker error: RMS = 0.00438028, max = 0.0104064 (L_Thigh_Lateral)
[2026-07-20 13:06:36.352] [info] Frame 156 (t = 1.56):	 total squared error = 0.000565209, marker error: RMS = 0.00457533, max = 0.0110132 (L_Thigh_Lateral)
[2026-07-20 13:06:36.370] [info] Frame 157 (t = 1.57):	 total squared error = 0.000624886, marker error: RMS = 0.00481081, max = 0.0118866 (L_Thigh_Lateral)
[2026-07-20 13:06:36.412] [info] Frame 158 (t = 1.58):	 total squared error = 0.000678022, marker error: RMS = 0.00501118, max = 0.0122236 (L_Thigh_Lateral)
[2026-07-20 13:06:36.422] [info] Frame 159 (t = 1.59):	 total squared error = 0.000741946, marker error: RMS = 0.00524209, max = 0.0128897 (L_Thigh_Lateral)
[2026-07-20 13:06:36.439] [info] Frame 160 (t = 1.6):	 total squared error = 0.000777540, marker error: RMS = 0.00536635, max = 0.0134372 (L_Thigh_Lateral)
[2026-07-20 13:06:36.448] [info] Frame 161 (t = 1.61):	 total squared error = 0.000805282, marker error: RMS = 0.00546125, max = 0.0137179 (L_Thigh_Lateral)
[2026-07-20 13:06:36.457] [info] Frame 162 (t = 1.62):	 total squared error = 0.000806791, marker error: RMS = 0.00546637, max = 0.0138419 (L_Thigh_Lateral)
[2026-07-20 13:06:36.465] [info] Frame 163 (t = 1.63):	 total squared error = 0.000786927, marker error: RMS = 0.00539865, max = 0.0133252 (L_Thigh_Lateral)
[2026-07-20 13:06:36.490] [info] Frame 164 (t = 1.64):	 total squared error = 0.000720060, marker error: RMS = 0.00516419, max = 0.0120170 (L_Thigh_Lateral)
[2026-07-20 13:06:36.505] [info] Frame 165 (t = 1.65):	 total squared error = 0.000652665, marker error: RMS = 0.00491658, max = 0.0112949 (L_Shank_Lateral)
[2026-07-20 13:06:36.521] [info] Frame 166 (t = 1.66):	 total squared error = 0.000575853, marker error: RMS = 0.00461821, max = 0.0105501 (L_Shank_Lateral)
[2026-07-20 13:06:36.538] [info] Frame 167 (t = 1.67):	 total squared error = 0.000495352, marker error: RMS = 0.00428327, max = 0.00963822 (L_Shank_Lateral)
[2026-07-20 13:06:36.554] [info] Frame 168 (t = 1.68):	 total squared error = 0.000418740, marker error: RMS = 0.00393813, max = 0.00891554 (L_Shank_Lateral)
[2026-07-20 13:06:36.565] [info] Frame 169 (t = 1.69):	 total squared error = 0.000355244, marker error: RMS = 0.00362729, max = 0.00846519 (L_Shank_Lateral)
[2026-07-20 13:06:36.584] [info] Frame 170 (t = 1.7):	 total squared error = 0.000294076, marker error: RMS = 0.00330026, max = 0.00827978 (L_Shank_Lateral)
[2026-07-20 13:06:36.602] [info] Frame 171 (t = 1.71):	 total squared error = 0.000253500, marker error: RMS = 0.00306413, max = 0.00820075 (L_Shank_Lateral)
[2026-07-20 13:06:36.619] [info] Frame 172 (t = 1.72):	 total squared error = 0.000229142, marker error: RMS = 0.00291320, max = 0.00805856 (L_Shank_Lateral)
[2026-07-20 13:06:36.647] [info] Frame 173 (t = 1.73):	 total squared error = 0.000227136, marker error: RMS = 0.00290042, max = 0.00735612 (L_Shank_Lateral)
[2026-07-20 13:06:36.667] [info] Frame 174 (t = 1.74):	 total squared error = 0.000250768, marker error: RMS = 0.00304757, max = 0.00766540 (L_Shank_Lateral)
[2026-07-20 13:06:36.683] [info] Frame 175 (t = 1.75):	 total squared error = 0.000307040, marker error: RMS = 0.00337222, max = 0.00787181 (L_Shank_Lateral)
[2026-07-20 13:06:36.701] [info] Frame 176 (t = 1.76):	 total squared error = 0.000388524, marker error: RMS = 0.00379339, max = 0.00977778 (R_Shank_Lateral)
[2026-07-20 13:06:36.724] [info] Frame 177 (t = 1.77):	 total squared error = 0.000493125, marker error: RMS = 0.00427363, max = 0.0121045 (R_Shank_Lateral)
[2026-07-20 13:06:36.746] [info] Frame 178 (t = 1.78):	 total squared error = 0.000610628, marker error: RMS = 0.00475561, max = 0.0143924 (R_Shank_Lateral)
[2026-07-20 13:06:36.761] [info] Frame 179 (t = 1.79):	 total squared error = 0.000731131, marker error: RMS = 0.00520374, max = 0.016394 (R_Shank_Lateral)
[2026-07-20 13:06:36.782] [info] Frame 180 (t = 1.8):	 total squared error = 0.000831720, marker error: RMS = 0.00555017, max = 0.0181795 (R_Shank_Lateral)
[2026-07-20 13:06:36.797] [info] Frame 181 (t = 1.81):	 total squared error = 0.000905831, marker error: RMS = 0.00579217, max = 0.0189784 (R_Shank_Lateral)
[2026-07-20 13:06:36.813] [info] Frame 182 (t = 1.82):	 total squared error = 0.000944804, marker error: RMS = 0.00591547, max = 0.0194281 (R_Shank_Lateral)
[2026-07-20 13:06:36.830] [info] Frame 183 (t = 1.83):	 total squared error = 0.000951891, marker error: RMS = 0.00593761, max = 0.0198919 (R_Shank_Lateral)
[2026-07-20 13:06:36.847] [info] Frame 184 (t = 1.84):	 total squared error = 0.000943587, marker error: RMS = 0.00591166, max = 0.0196982 (R_Shank_Lateral)
[2026-07-20 13:06:36.866] [info] Frame 185 (t = 1.85):	 total squared error = 0.000930239, marker error: RMS = 0.00586969, max = 0.0195709 (R_Shank_Lateral)
[2026-07-20 13:06:36.887] [info] Frame 186 (t = 1.86):	 total squared error = 0.000921251, marker error: RMS = 0.00584127, max = 0.019396 (R_Shank_Lateral)
[2026-07-20 13:06:36.904] [info] Frame 187 (t = 1.87):	 total squared error = 0.000920334, marker error: RMS = 0.00583836, max = 0.0192647 (R_Shank_Lateral)
[2026-07-20 13:06:36.916] [info] Frame 188 (t = 1.88):	 total squared error = 0.000926758, marker error: RMS = 0.00585870, max = 0.019338 (R_Shank_Lateral)
[2026-07-20 13:06:36.933] [info] Frame 189 (t = 1.89):	 total squared error = 0.000931496, marker error: RMS = 0.00587366, max = 0.0192632 (R_Shank_Lateral)
[2026-07-20 13:06:36.956] [info] Frame 190 (t = 1.9):	 total squared error = 0.000937376, marker error: RMS = 0.00589217, max = 0.0191195 (R_Shank_Lateral)
[2026-07-20 13:06:36.971] [info] Frame 191 (t = 1.91):	 total squared error = 0.000940506, marker error: RMS = 0.00590200, max = 0.0192642 (R_Shank_Lateral)
[2026-07-20 13:06:36.998] [info] Frame 192 (t = 1.92):	 total squared error = 0.000938806, marker error: RMS = 0.00589666, max = 0.0189537 (R_Shank_Lateral)
[2026-07-20 13:06:37.017] [info] Frame 193 (t = 1.93):	 total squared error = 0.000936104, marker error: RMS = 0.00588817, max = 0.0189711 (R_Shank_Lateral)
[2026-07-20 13:06:37.036] [info] Frame 194 (t = 1.94):	 total squared error = 0.000926877, marker error: RMS = 0.00585908, max = 0.0186842 (R_Shank_Lateral)
[2026-07-20 13:06:37.061] [info] Frame 195 (t = 1.95):	 total squared error = 0.000904602, marker error: RMS = 0.00578825, max = 0.0179143 (R_Shank_Lateral)
[2026-07-20 13:06:37.078] [info] Frame 196 (t = 1.96):	 total squared error = 0.000873320, marker error: RMS = 0.00568728, max = 0.0170642 (R_Shank_Lateral)
[2026-07-20 13:06:37.095] [info] Frame 197 (t = 1.97):	 total squared error = 0.000822509, marker error: RMS = 0.00551936, max = 0.0158775 (R_Thigh_Lateral)
[2026-07-20 13:06:37.114] [info] Frame 198 (t = 1.98):	 total squared error = 0.000757495, marker error: RMS = 0.00529673, max = 0.0151834 (R_Thigh_Lateral)
[2026-07-20 13:06:37.130] [info] Frame 199 (t = 1.99):	 total squared error = 0.000693470, marker error: RMS = 0.00506795, max = 0.0143761 (R_Thigh_Lateral)
[2026-07-20 13:06:37.151] [info] Frame 200 (t = 2.0):	 total squared error = 0.000623033, marker error: RMS = 0.00480367, max = 0.0130511 (R_Thigh_Lateral)
[2026-07-20 13:06:37.184] [info] Frame 201 (t = 2.01):	 total squared error = 0.000567858, marker error: RMS = 0.00458604, max = 0.0116097 (R_Thigh_Lateral)
[2026-07-20 13:06:37.206] [info] Frame 202 (t = 2.02):	 total squared error = 0.000541381, marker error: RMS = 0.00447785, max = 0.0104374 (L_Thigh_Lateral)
[2026-07-20 13:06:37.221] [info] Frame 203 (t = 2.03):	 total squared error = 0.000539741, marker error: RMS = 0.00447106, max = 0.0111074 (L_Thigh_Lateral)
[2026-07-20 13:06:37.259] [info] Frame 204 (t = 2.04):	 total squared error = 0.000519600, marker error: RMS = 0.00438685, max = 0.0112141 (L_Thigh_Lateral)
[2026-07-20 13:06:37.280] [info] Frame 205 (t = 2.05):	 total squared error = 0.000543290, marker error: RMS = 0.00448574, max = 0.0117546 (L_Thigh_Lateral)
[2026-07-20 13:06:37.294] [info] Frame 206 (t = 2.06):	 total squared error = 0.000575764, marker error: RMS = 0.00461786, max = 0.0121405 (L_Thigh_Lateral)
[2026-07-20 13:06:37.328] [info] Frame 207 (t = 2.07):	 total squared error = 0.000586153, marker error: RMS = 0.00465933, max = 0.0119778 (L_Thigh_Lateral)
[2026-07-20 13:06:37.355] [info] Frame 208 (t = 2.08):	 total squared error = 0.000622932, marker error: RMS = 0.00480329, max = 0.0120972 (L_Thigh_Lateral)
[2026-07-20 13:06:37.371] [info] Frame 209 (t = 2.09):	 total squared error = 0.000658418, marker error: RMS = 0.00493821, max = 0.0121421 (L_Thigh_Lateral)
[2026-07-20 13:06:37.386] [info] Frame 210 (t = 2.1):	 total squared error = 0.000675524, marker error: RMS = 0.00500194, max = 0.0119908 (L_Thigh_Lateral)
[2026-07-20 13:06:37.404] [info] Frame 211 (t = 2.11):	 total squared error = 0.000672453, marker error: RMS = 0.00499056, max = 0.0117302 (L_Thigh_Lateral)
[2026-07-20 13:06:37.413] [info] Frame 212 (t = 2.12):	 total squared error = 0.000656658, marker error: RMS = 0.00493160, max = 0.0111993 (L_Thigh_Lateral)
[2026-07-20 13:06:37.430] [info] Frame 213 (t = 2.13):	 total squared error = 0.000615830, marker error: RMS = 0.00477582, max = 0.0110005 (L_Thigh_Lateral)
[2026-07-20 13:06:37.445] [info] Frame 214 (t = 2.14):	 total squared error = 0.000573906, marker error: RMS = 0.00461040, max = 0.0105992 (L_Thigh_Lateral)
[2026-07-20 13:06:37.461] [info] Frame 215 (t = 2.15):	 total squared error = 0.000530093, marker error: RMS = 0.00443092, max = 0.0102010 (L_Thigh_Lateral)
[2026-07-20 13:06:37.478] [info] Frame 216 (t = 2.16):	 total squared error = 0.000487880, marker error: RMS = 0.00425084, max = 0.00992604 (L_Thigh_Lateral)
[2026-07-20 13:06:37.490] [info] Frame 217 (t = 2.17):	 total squared error = 0.000466638, marker error: RMS = 0.00415727, max = 0.00953443 (L_Thigh_Lateral)
[2026-07-20 13:06:37.520] [info] Frame 218 (t = 2.18):	 total squared error = 0.000433275, marker error: RMS = 0.00400590, max = 0.00926732 (L_Thigh_Lateral)
[2026-07-20 13:06:37.542] [info] Frame 219 (t = 2.19):	 total squared error = 0.000424300, marker error: RMS = 0.00396419, max = 0.00884992 (L_Thigh_Lateral)
[2026-07-20 13:06:37.554] [info] Frame 220 (t = 2.2):	 total squared error = 0.000430452, marker error: RMS = 0.00399283, max = 0.00820583 (L_Thigh_Lateral)
[2026-07-20 13:06:37.579] [info] Frame 221 (t = 2.21):	 total squared error = 0.000423735, marker error: RMS = 0.00396155, max = 0.00801603 (L_Thigh_Lateral)
[2026-07-20 13:06:37.598] [info] Frame 222 (t = 2.22):	 total squared error = 0.000422134, marker error: RMS = 0.00395406, max = 0.00845872 (R_Shank_Lateral)
[2026-07-20 13:06:37.616] [info] Frame 223 (t = 2.23):	 total squared error = 0.000414517, marker error: RMS = 0.00391822, max = 0.00852197 (R_Shank_Lateral)
[2026-07-20 13:06:37.637] [info] Frame 224 (t = 2.24):	 total squared error = 0.000400661, marker error: RMS = 0.00385218, max = 0.00814290 (R_Shank_Lateral)
[2026-07-20 13:06:37.658] [info] Frame 225 (t = 2.25):	 total squared error = 0.000393397, marker error: RMS = 0.00381710, max = 0.00786155 (L_Knee_Lateral)
[2026-07-20 13:06:37.681] [info] Frame 226 (t = 2.26):	 total squared error = 0.000399107, marker error: RMS = 0.00384470, max = 0.00849694 (L_Knee_Lateral)
[2026-07-20 13:06:37.706] [info] Frame 227 (t = 2.27):	 total squared error = 0.000409561, marker error: RMS = 0.00389473, max = 0.00900698 (L_Shank_Lateral)
[2026-07-20 13:06:37.742] [info] Frame 228 (t = 2.28):	 total squared error = 0.000437952, marker error: RMS = 0.00402746, max = 0.0100971 (L_Shank_Lateral)
[2026-07-20 13:06:37.757] [info] Frame 229 (t = 2.29):	 total squared error = 0.000488336, marker error: RMS = 0.00425283, max = 0.0101444 (L_Shank_Lateral)
[2026-07-20 13:06:37.777] [info] Frame 230 (t = 2.3):	 total squared error = 0.000537571, marker error: RMS = 0.00446206, max = 0.0113597 (L_Shank_Lateral)
[2026-07-20 13:06:37.790] [info] Frame 231 (t = 2.31):	 total squared error = 0.000605390, marker error: RMS = 0.00473517, max = 0.0114184 (L_Shank_Lateral)
[2026-07-20 13:06:37.813] [info] Frame 232 (t = 2.32):	 total squared error = 0.000655460, marker error: RMS = 0.00492710, max = 0.0129201 (L_Shank_Lateral)
[2026-07-20 13:06:37.830] [info] Frame 233 (t = 2.33):	 total squared error = 0.000718980, marker error: RMS = 0.00516032, max = 0.0133155 (L_Shank_Lateral)
[2026-07-20 13:06:37.846] [info] Frame 234 (t = 2.34):	 total squared error = 0.000767746, marker error: RMS = 0.00533245, max = 0.0142547 (L_Shank_Lateral)
[2026-07-20 13:06:37.860] [info] Frame 235 (t = 2.35):	 total squared error = 0.000800636, marker error: RMS = 0.00544547, max = 0.0152303 (L_Shank_Lateral)
[2026-07-20 13:06:37.875] [info] Frame 236 (t = 2.36):	 total squared error = 0.000815898, marker error: RMS = 0.00549713, max = 0.016237 (L_Shank_Lateral)
[2026-07-20 13:06:37.893] [info] Frame 237 (t = 2.37):	 total squared error = 0.000814170, marker error: RMS = 0.00549131, max = 0.0167657 (L_Shank_Lateral)
[2026-07-20 13:06:37.905] [info] Frame 238 (t = 2.38):	 total squared error = 0.000805718, marker error: RMS = 0.00546273, max = 0.0174684 (L_Shank_Lateral)
[2026-07-20 13:06:37.919] [info] Frame 239 (t = 2.39):	 total squared error = 0.000786214, marker error: RMS = 0.00539621, max = 0.0177686 (L_Shank_Lateral)
[2026-07-20 13:06:37.940] [info] Frame 240 (t = 2.4):	 total squared error = 0.000753997, marker error: RMS = 0.00528449, max = 0.0168375 (L_Shank_Lateral)
[2026-07-20 13:06:37.953] [info] Frame 241 (t = 2.41):	 total squared error = 0.000730461, marker error: RMS = 0.00520136, max = 0.0166402 (L_Shank_Lateral)
[2026-07-20 13:06:37.971] [info] Frame 242 (t = 2.42):	 total squared error = 0.000698692, marker error: RMS = 0.00508699, max = 0.015957 (L_Shank_Lateral)
[2026-07-20 13:06:37.995] [info] Frame 243 (t = 2.43):	 total squared error = 0.000661637, marker error: RMS = 0.00495026, max = 0.01461 (L_Shank_Lateral)
[2026-07-20 13:06:38.014] [info] Frame 244 (t = 2.44):	 total squared error = 0.000636872, marker error: RMS = 0.00485673, max = 0.0138414 (L_Shank_Lateral)
[2026-07-20 13:06:38.036] [info] Frame 245 (t = 2.45):	 total squared error = 0.000608161, marker error: RMS = 0.00474600, max = 0.012834 (L_Shank_Lateral)
[2026-07-20 13:06:38.056] [info] Frame 246 (t = 2.46):	 total squared error = 0.000591264, marker error: RMS = 0.00467960, max = 0.0123339 (L_Thigh_Lateral)
[2026-07-20 13:06:38.083] [info] Frame 247 (t = 2.47):	 total squared error = 0.000561211, marker error: RMS = 0.00455912, max = 0.0122927 (L_Thigh_Lateral)
[2026-07-20 13:06:38.109] [info] Frame 248 (t = 2.48):	 total squared error = 0.000537944, marker error: RMS = 0.00446361, max = 0.0121979 (L_Thigh_Lateral)
[2026-07-20 13:06:38.132] [info] Frame 249 (t = 2.49):	 total squared error = 0.000516196, marker error: RMS = 0.00437246, max = 0.0120590 (L_Thigh_Lateral)
[2026-07-20 13:06:38.149] [info] Frame 250 (t = 2.5):	 total squared error = 0.000500305, marker error: RMS = 0.00430463, max = 0.0118666 (L_Thigh_Lateral)
[2026-07-20 13:06:38.153] [info] InverseKinematicsTool completed 211 frames in 4 second(s).
[2026-07-20 13:06:38.185] [info] Loaded model TCV04-scaled from file C:\Users\Lucia\Desktop\TFG\2_JMP\TVC04\Walk_3\TVC04_3_JMP_results\TVC04_3_NMSM_JMP_05_torso.osim
[2026-07-20 13:06:38.622] [warning] Coordinate.setValue:  coordinate pro_sup_r is locked. Unable to change its value.
[2026-07-20 13:06:38.659] [warning] Coordinate.setValue:  coordinate pro_sup_l is locked. Unable to change its value.
[2026-07-20 13:07:07.555] [info] Loaded model TCV04-scaled from file C:\Users\Lucia\Desktop\TFG\2_JMP\TVC04\Walk_3\TVC04_3_JMP_results\TVC04_3_NMSM_JMP_05_torso.osim
[2026-07-20 13:07:07.565] [cout] [info] 
               MODEL: TCV04-scaled
         coordinates: 41
              forces: 103
           actuators: 103
             muscles: 86
            analyses: 0
              probes: 0
              bodies: 24
              joints: 24
         constraints: 2
             markers: 27
         controllers: 0
  contact geometries: 0
misc modelcomponents: 0
[2026-07-20 13:07:07.565] [info] Running tool .
[2026-07-20 13:07:07.639] [info] Frame 40 (t = 0.4):	 total squared error = 0.000918945, marker error: RMS = 0.00583395, max = 0.0183683 (L_Shank_Lateral)
[2026-07-20 13:07:07.656] [info] Frame 41 (t = 0.41):	 total squared error = 0.000866491, marker error: RMS = 0.00566500, max = 0.0176264 (L_Shank_Lateral)
[2026-07-20 13:07:07.673] [info] Frame 42 (t = 0.42):	 total squared error = 0.000823024, marker error: RMS = 0.00552108, max = 0.0167301 (L_Shank_Lateral)
[2026-07-20 13:07:07.688] [info] Frame 43 (t = 0.43):	 total squared error = 0.000774879, marker error: RMS = 0.00535716, max = 0.0155047 (L_Shank_Lateral)
[2026-07-20 13:07:07.712] [info] Frame 44 (t = 0.44):	 total squared error = 0.000729732, marker error: RMS = 0.00519876, max = 0.0141155 (L_Thigh_Lateral)
[2026-07-20 13:07:07.737] [info] Frame 45 (t = 0.45):	 total squared error = 0.000693544, marker error: RMS = 0.00506821, max = 0.0138599 (L_Thigh_Lateral)
[2026-07-20 13:07:07.751] [info] Frame 46 (t = 0.46):	 total squared error = 0.000676728, marker error: RMS = 0.00500639, max = 0.0138985 (L_Thigh_Lateral)
[2026-07-20 13:07:07.781] [info] Frame 47 (t = 0.47):	 total squared error = 0.000635631, marker error: RMS = 0.00485200, max = 0.0133639 (L_Thigh_Lateral)
[2026-07-20 13:07:07.812] [info] Frame 48 (t = 0.48):	 total squared error = 0.000611244, marker error: RMS = 0.00475801, max = 0.0130439 (L_Thigh_Lateral)
[2026-07-20 13:07:07.830] [info] Frame 49 (t = 0.49):	 total squared error = 0.000595144, marker error: RMS = 0.00469493, max = 0.0127551 (L_Thigh_Lateral)
[2026-07-20 13:07:07.844] [info] Frame 50 (t = 0.5):	 total squared error = 0.000587082, marker error: RMS = 0.00466302, max = 0.0124699 (L_Thigh_Lateral)
[2026-07-20 13:07:07.873] [info] Frame 51 (t = 0.51):	 total squared error = 0.000562713, marker error: RMS = 0.00456522, max = 0.0117528 (L_Thigh_Lateral)
[2026-07-20 13:07:07.888] [info] Frame 52 (t = 0.52):	 total squared error = 0.000564279, marker error: RMS = 0.00457157, max = 0.0112505 (L_Thigh_Lateral)
[2026-07-20 13:07:07.905] [info] Frame 53 (t = 0.53):	 total squared error = 0.000570899, marker error: RMS = 0.00459831, max = 0.0106444 (L_Thigh_Lateral)
[2026-07-20 13:07:07.934] [info] Frame 54 (t = 0.54):	 total squared error = 0.000573443, marker error: RMS = 0.00460854, max = 0.00991850 (L_Thigh_Lateral)
[2026-07-20 13:07:07.973] [info] Frame 55 (t = 0.55):	 total squared error = 0.000601306, marker error: RMS = 0.00471917, max = 0.00986478 (R_Thigh_Lateral)
[2026-07-20 13:07:07.995] [info] Frame 56 (t = 0.56):	 total squared error = 0.000650666, marker error: RMS = 0.00490905, max = 0.0106237 (R_Thigh_Lateral)
[2026-07-20 13:07:08.021] [info] Frame 57 (t = 0.57):	 total squared error = 0.000708902, marker error: RMS = 0.00512403, max = 0.0110462 (R_Thigh_Lateral)
[2026-07-20 13:07:08.039] [info] Frame 58 (t = 0.58):	 total squared error = 0.000786178, marker error: RMS = 0.00539608, max = 0.0115623 (R_Thigh_Lateral)
[2026-07-20 13:07:08.049] [info] Frame 59 (t = 0.59):	 total squared error = 0.000879746, marker error: RMS = 0.00570817, max = 0.0123747 (L_Thigh_Lateral)
[2026-07-20 13:07:08.064] [info] Frame 60 (t = 0.6):	 total squared error = 0.000927522, marker error: RMS = 0.00586111, max = 0.0133834 (L_Thigh_Lateral)
[2026-07-20 13:07:08.073] [info] Frame 61 (t = 0.61):	 total squared error = 0.000979103, marker error: RMS = 0.00602188, max = 0.0142966 (L_Thigh_Lateral)
[2026-07-20 13:07:08.103] [info] Frame 62 (t = 0.62):	 total squared error = 0.000975195, marker error: RMS = 0.00600985, max = 0.0134033 (L_Thigh_Lateral)
[2026-07-20 13:07:08.121] [info] Frame 63 (t = 0.63):	 total squared error = 0.000955507, marker error: RMS = 0.00594888, max = 0.0135202 (L_Thigh_Lateral)
[2026-07-20 13:07:08.131] [info] Frame 64 (t = 0.64):	 total squared error = 0.000912073, marker error: RMS = 0.00581210, max = 0.01319 (L_Thigh_Lateral)
[2026-07-20 13:07:08.150] [info] Frame 65 (t = 0.65):	 total squared error = 0.000833653, marker error: RMS = 0.00555662, max = 0.0122285 (L_Thigh_Lateral)
[2026-07-20 13:07:08.162] [info] Frame 66 (t = 0.66):	 total squared error = 0.000747717, marker error: RMS = 0.00526244, max = 0.0114015 (L_Shank_Lateral)
[2026-07-20 13:07:08.176] [info] Frame 67 (t = 0.67):	 total squared error = 0.000652319, marker error: RMS = 0.00491528, max = 0.0112027 (L_Shank_Lateral)
[2026-07-20 13:07:08.201] [info] Frame 68 (t = 0.68):	 total squared error = 0.000542805, marker error: RMS = 0.00448374, max = 0.0102555 (L_Shank_Lateral)
[2026-07-20 13:07:08.211] [info] Frame 69 (t = 0.69):	 total squared error = 0.000462970, marker error: RMS = 0.00414090, max = 0.0102975 (L_Shank_Lateral)
[2026-07-20 13:07:08.237] [info] Frame 70 (t = 0.7):	 total squared error = 0.000365079, marker error: RMS = 0.00367715, max = 0.00892570 (L_Shank_Lateral)
[2026-07-20 13:07:08.254] [info] Frame 71 (t = 0.71):	 total squared error = 0.000305794, marker error: RMS = 0.00336537, max = 0.00904971 (L_Shank_Lateral)
[2026-07-20 13:07:08.274] [info] Frame 72 (t = 0.72):	 total squared error = 0.000273436, marker error: RMS = 0.00318234, max = 0.00877588 (L_Shank_Lateral)
[2026-07-20 13:07:08.305] [info] Frame 73 (t = 0.73):	 total squared error = 0.000263378, marker error: RMS = 0.00312326, max = 0.00720786 (L_Shank_Lateral)
[2026-07-20 13:07:08.331] [info] Frame 74 (t = 0.74):	 total squared error = 0.000290039, marker error: RMS = 0.00327753, max = 0.00722631 (R_Thigh_Lateral)
[2026-07-20 13:07:08.352] [info] Frame 75 (t = 0.75):	 total squared error = 0.000346011, marker error: RMS = 0.00357983, max = 0.00857096 (R_Thigh_Lateral)
[2026-07-20 13:07:08.368] [info] Frame 76 (t = 0.76):	 total squared error = 0.000429677, marker error: RMS = 0.00398923, max = 0.0105981 (R_Shank_Lateral)
[2026-07-20 13:07:08.395] [info] Frame 77 (t = 0.77):	 total squared error = 0.000523423, marker error: RMS = 0.00440296, max = 0.0129073 (R_Shank_Lateral)
[2026-07-20 13:07:08.416] [info] Frame 78 (t = 0.78):	 total squared error = 0.000624852, marker error: RMS = 0.00481068, max = 0.0148666 (R_Shank_Lateral)
[2026-07-20 13:07:08.431] [info] Frame 79 (t = 0.79):	 total squared error = 0.000723211, marker error: RMS = 0.00517548, max = 0.0163902 (R_Shank_Lateral)
[2026-07-20 13:07:08.446] [info] Frame 80 (t = 0.8):	 total squared error = 0.000799108, marker error: RMS = 0.00544028, max = 0.0174145 (R_Shank_Lateral)
[2026-07-20 13:07:08.463] [info] Frame 81 (t = 0.81):	 total squared error = 0.000845470, marker error: RMS = 0.00559586, max = 0.018385 (R_Shank_Lateral)
[2026-07-20 13:07:08.481] [info] Frame 82 (t = 0.82):	 total squared error = 0.000864504, marker error: RMS = 0.00565850, max = 0.0187753 (R_Shank_Lateral)
[2026-07-20 13:07:08.505] [info] Frame 83 (t = 0.83):	 total squared error = 0.000859519, marker error: RMS = 0.00564217, max = 0.0188169 (R_Shank_Lateral)
[2026-07-20 13:07:08.529] [info] Frame 84 (t = 0.84):	 total squared error = 0.000837518, marker error: RMS = 0.00556949, max = 0.0183732 (R_Shank_Lateral)
[2026-07-20 13:07:08.547] [info] Frame 85 (t = 0.85):	 total squared error = 0.000806479, marker error: RMS = 0.00546531, max = 0.0177217 (R_Shank_Lateral)
[2026-07-20 13:07:08.560] [info] Frame 86 (t = 0.86):	 total squared error = 0.000771220, marker error: RMS = 0.00534450, max = 0.0170356 (R_Shank_Lateral)
[2026-07-20 13:07:08.576] [info] Frame 87 (t = 0.87):	 total squared error = 0.000732682, marker error: RMS = 0.00520926, max = 0.0164099 (R_Shank_Lateral)
[2026-07-20 13:07:08.595] [info] Frame 88 (t = 0.88):	 total squared error = 0.000697822, marker error: RMS = 0.00508382, max = 0.0158448 (R_Shank_Lateral)
[2026-07-20 13:07:08.610] [info] Frame 89 (t = 0.89):	 total squared error = 0.000672126, marker error: RMS = 0.00498934, max = 0.0153667 (R_Shank_Lateral)
[2026-07-20 13:07:08.635] [info] Frame 90 (t = 0.9):	 total squared error = 0.000652801, marker error: RMS = 0.00491709, max = 0.0150052 (R_Shank_Lateral)
[2026-07-20 13:07:08.658] [info] Frame 91 (t = 0.91):	 total squared error = 0.000645293, marker error: RMS = 0.00488874, max = 0.0147931 (R_Shank_Lateral)
[2026-07-20 13:07:08.674] [info] Frame 92 (t = 0.92):	 total squared error = 0.000649745, marker error: RMS = 0.00490557, max = 0.014689 (R_Shank_Lateral)
[2026-07-20 13:07:08.700] [info] Frame 93 (t = 0.93):	 total squared error = 0.000657390, marker error: RMS = 0.00493435, max = 0.0146208 (R_Shank_Lateral)
[2026-07-20 13:07:08.720] [info] Frame 94 (t = 0.94):	 total squared error = 0.000670293, marker error: RMS = 0.00498254, max = 0.0144248 (R_Shank_Lateral)
[2026-07-20 13:07:08.740] [info] Frame 95 (t = 0.95):	 total squared error = 0.000680286, marker error: RMS = 0.00501954, max = 0.0146806 (R_Thigh_Lateral)
[2026-07-20 13:07:08.759] [info] Frame 96 (t = 0.96):	 total squared error = 0.000681201, marker error: RMS = 0.00502292, max = 0.0148023 (R_Thigh_Lateral)
[2026-07-20 13:07:08.772] [info] Frame 97 (t = 0.97):	 total squared error = 0.000680834, marker error: RMS = 0.00502156, max = 0.0151041 (R_Thigh_Lateral)
[2026-07-20 13:07:08.790] [info] Frame 98 (t = 0.98):	 total squared error = 0.000650658, marker error: RMS = 0.00490902, max = 0.0146131 (R_Thigh_Lateral)
[2026-07-20 13:07:08.807] [info] Frame 99 (t = 0.99):	 total squared error = 0.000614846, marker error: RMS = 0.00477201, max = 0.0140058 (R_Thigh_Lateral)
[2026-07-20 13:07:08.823] [info] Frame 100 (t = 1.0):	 total squared error = 0.000583066, marker error: RMS = 0.00464705, max = 0.0134045 (R_Thigh_Lateral)
[2026-07-20 13:07:08.850] [info] Frame 101 (t = 1.01):	 total squared error = 0.000534327, marker error: RMS = 0.00444858, max = 0.0121435 (R_Thigh_Lateral)
[2026-07-20 13:07:08.868] [info] Frame 102 (t = 1.02):	 total squared error = 0.000508655, marker error: RMS = 0.00434040, max = 0.0111564 (R_Thigh_Lateral)
[2026-07-20 13:07:08.889] [info] Frame 103 (t = 1.03):	 total squared error = 0.000477694, marker error: RMS = 0.00420623, max = 0.0100258 (L_Thigh_Lateral)
[2026-07-20 13:07:08.908] [info] Frame 104 (t = 1.04):	 total squared error = 0.000464864, marker error: RMS = 0.00414936, max = 0.0105012 (L_Thigh_Lateral)
[2026-07-20 13:07:08.924] [info] Frame 105 (t = 1.05):	 total squared error = 0.000470964, marker error: RMS = 0.00417650, max = 0.0108802 (L_Thigh_Lateral)
[2026-07-20 13:07:08.960] [info] Frame 106 (t = 1.06):	 total squared error = 0.000454967, marker error: RMS = 0.00410495, max = 0.0107555 (L_Thigh_Lateral)
[2026-07-20 13:07:08.975] [info] Frame 107 (t = 1.07):	 total squared error = 0.000491185, marker error: RMS = 0.00426521, max = 0.0110423 (L_Thigh_Lateral)
[2026-07-20 13:07:08.998] [info] Frame 108 (t = 1.08):	 total squared error = 0.000525483, marker error: RMS = 0.00441161, max = 0.0109767 (L_Thigh_Lateral)
[2026-07-20 13:07:09.019] [info] Frame 109 (t = 1.09):	 total squared error = 0.000567019, marker error: RMS = 0.00458265, max = 0.0109469 (L_Thigh_Lateral)
[2026-07-20 13:07:09.033] [info] Frame 110 (t = 1.1):	 total squared error = 0.000600733, marker error: RMS = 0.00471693, max = 0.0108433 (L_Thigh_Lateral)
[2026-07-20 13:07:09.041] [info] Frame 111 (t = 1.11):	 total squared error = 0.000620206, marker error: RMS = 0.00479277, max = 0.0105738 (L_Thigh_Lateral)
[2026-07-20 13:07:09.065] [info] Frame 112 (t = 1.12):	 total squared error = 0.000601510, marker error: RMS = 0.00471997, max = 0.0105329 (R_Thigh_Lateral)
[2026-07-20 13:07:09.078] [info] Frame 113 (t = 1.13):	 total squared error = 0.000576025, marker error: RMS = 0.00461890, max = 0.0104085 (R_Thigh_Lateral)
[2026-07-20 13:07:09.095] [info] Frame 114 (t = 1.14):	 total squared error = 0.000539054, marker error: RMS = 0.00446822, max = 0.00982459 (R_Thigh_Lateral)
[2026-07-20 13:07:09.106] [info] Frame 115 (t = 1.15):	 total squared error = 0.000504496, marker error: RMS = 0.00432262, max = 0.00941374 (L_Thigh_Lateral)
[2026-07-20 13:07:09.124] [info] Frame 116 (t = 1.16):	 total squared error = 0.000468256, marker error: RMS = 0.00416447, max = 0.00909246 (L_Thigh_Lateral)
[2026-07-20 13:07:09.148] [info] Frame 117 (t = 1.17):	 total squared error = 0.000438593, marker error: RMS = 0.00403041, max = 0.00883405 (L_Thigh_Lateral)
[2026-07-20 13:07:09.160] [info] Frame 118 (t = 1.18):	 total squared error = 0.000431897, marker error: RMS = 0.00399952, max = 0.00985482 (R_Shank_Lateral)
[2026-07-20 13:07:09.180] [info] Frame 119 (t = 1.19):	 total squared error = 0.000420940, marker error: RMS = 0.00394846, max = 0.0107074 (R_Shank_Lateral)
[2026-07-20 13:07:09.195] [info] Frame 120 (t = 1.2):	 total squared error = 0.000433611, marker error: RMS = 0.00400745, max = 0.0112292 (R_Shank_Lateral)
[2026-07-20 13:07:09.219] [info] Frame 121 (t = 1.21):	 total squared error = 0.000432281, marker error: RMS = 0.00400130, max = 0.0111157 (R_Shank_Lateral)
[2026-07-20 13:07:09.247] [info] Frame 122 (t = 1.22):	 total squared error = 0.000436018, marker error: RMS = 0.00401856, max = 0.0107094 (R_Shank_Lateral)
[2026-07-20 13:07:09.272] [info] Frame 123 (t = 1.23):	 total squared error = 0.000443833, marker error: RMS = 0.00405441, max = 0.0102115 (R_Shank_Lateral)
[2026-07-20 13:07:09.299] [info] Frame 124 (t = 1.24):	 total squared error = 0.000446155, marker error: RMS = 0.00406500, max = 0.00957834 (L_Shank_Lateral)
[2026-07-20 13:07:09.318] [info] Frame 125 (t = 1.25):	 total squared error = 0.000466784, marker error: RMS = 0.00415792, max = 0.0103413 (L_Shank_Lateral)
[2026-07-20 13:07:09.335] [info] Frame 126 (t = 1.26):	 total squared error = 0.000505922, marker error: RMS = 0.00432872, max = 0.0111576 (L_Shank_Lateral)
[2026-07-20 13:07:09.358] [info] Frame 127 (t = 1.27):	 total squared error = 0.000534598, marker error: RMS = 0.00444971, max = 0.013126 (L_Shank_Lateral)
[2026-07-20 13:07:09.373] [info] Frame 128 (t = 1.28):	 total squared error = 0.000601804, marker error: RMS = 0.00472113, max = 0.0131799 (L_Shank_Lateral)
[2026-07-20 13:07:09.399] [info] Frame 129 (t = 1.29):	 total squared error = 0.000659222, marker error: RMS = 0.00494122, max = 0.0144907 (L_Shank_Lateral)
[2026-07-20 13:07:09.418] [info] Frame 130 (t = 1.3):	 total squared error = 0.000738529, marker error: RMS = 0.00523000, max = 0.0146154 (L_Shank_Lateral)
[2026-07-20 13:07:09.433] [info] Frame 131 (t = 1.31):	 total squared error = 0.000813384, marker error: RMS = 0.00548866, max = 0.0148669 (L_Shank_Lateral)
[2026-07-20 13:07:09.454] [info] Frame 132 (t = 1.32):	 total squared error = 0.000873666, marker error: RMS = 0.00568841, max = 0.0156734 (L_Shank_Lateral)
[2026-07-20 13:07:09.465] [info] Frame 133 (t = 1.33):	 total squared error = 0.000918613, marker error: RMS = 0.00583290, max = 0.0161991 (L_Shank_Lateral)
[2026-07-20 13:07:09.483] [info] Frame 134 (t = 1.34):	 total squared error = 0.000930316, marker error: RMS = 0.00586994, max = 0.0165958 (L_Shank_Lateral)
[2026-07-20 13:07:09.496] [info] Frame 135 (t = 1.35):	 total squared error = 0.000917416, marker error: RMS = 0.00582910, max = 0.017236 (L_Shank_Lateral)
[2026-07-20 13:07:09.515] [info] Frame 136 (t = 1.36):	 total squared error = 0.000880274, marker error: RMS = 0.00570988, max = 0.0168194 (L_Shank_Lateral)
[2026-07-20 13:07:09.534] [info] Frame 137 (t = 1.37):	 total squared error = 0.000829492, marker error: RMS = 0.00554274, max = 0.0166581 (L_Shank_Lateral)
[2026-07-20 13:07:09.555] [info] Frame 138 (t = 1.38):	 total squared error = 0.000771444, marker error: RMS = 0.00534528, max = 0.0161241 (L_Shank_Lateral)
[2026-07-20 13:07:09.577] [info] Frame 139 (t = 1.39):	 total squared error = 0.000715670, marker error: RMS = 0.00514843, max = 0.0155806 (L_Shank_Lateral)
[2026-07-20 13:07:09.600] [info] Frame 140 (t = 1.4):	 total squared error = 0.000664614, marker error: RMS = 0.00496139, max = 0.0148164 (L_Shank_Lateral)
[2026-07-20 13:07:09.617] [info] Frame 141 (t = 1.41):	 total squared error = 0.000622576, marker error: RMS = 0.00480191, max = 0.0142492 (L_Shank_Lateral)
[2026-07-20 13:07:09.632] [info] Frame 142 (t = 1.42):	 total squared error = 0.000589390, marker error: RMS = 0.00467218, max = 0.0133793 (L_Shank_Lateral)
[2026-07-20 13:07:09.658] [info] Frame 143 (t = 1.43):	 total squared error = 0.000541863, marker error: RMS = 0.00447984, max = 0.0118784 (L_Shank_Lateral)
[2026-07-20 13:07:09.680] [info] Frame 144 (t = 1.44):	 total squared error = 0.000507700, marker error: RMS = 0.00433632, max = 0.0106851 (L_Shank_Lateral)
[2026-07-20 13:07:09.703] [info] Frame 145 (t = 1.45):	 total squared error = 0.000476931, marker error: RMS = 0.00420287, max = 0.0102334 (L_Thigh_Lateral)
[2026-07-20 13:07:09.729] [info] Frame 146 (t = 1.46):	 total squared error = 0.000448379, marker error: RMS = 0.00407512, max = 0.00988660 (L_Thigh_Lateral)
[2026-07-20 13:07:09.745] [info] Frame 147 (t = 1.47):	 total squared error = 0.000434921, marker error: RMS = 0.00401350, max = 0.00967687 (L_Thigh_Lateral)
[2026-07-20 13:07:09.771] [info] Frame 148 (t = 1.48):	 total squared error = 0.000412506, marker error: RMS = 0.00390871, max = 0.00933413 (L_Thigh_Lateral)
[2026-07-20 13:07:09.788] [info] Frame 149 (t = 1.49):	 total squared error = 0.000409288, marker error: RMS = 0.00389343, max = 0.00923138 (L_Thigh_Lateral)
[2026-07-20 13:07:09.814] [info] Frame 150 (t = 1.5):	 total squared error = 0.000404611, marker error: RMS = 0.00387112, max = 0.00909963 (L_Thigh_Lateral)
[2026-07-20 13:07:09.838] [info] Frame 151 (t = 1.51):	 total squared error = 0.000411469, marker error: RMS = 0.00390379, max = 0.00910020 (L_Thigh_Lateral)
[2026-07-20 13:07:09.850] [info] Frame 152 (t = 1.52):	 total squared error = 0.000432689, marker error: RMS = 0.00400319, max = 0.00921235 (L_Thigh_Lateral)
[2026-07-20 13:07:09.867] [info] Frame 153 (t = 1.53):	 total squared error = 0.000454924, marker error: RMS = 0.00410476, max = 0.00957883 (L_Thigh_Lateral)
[2026-07-20 13:07:09.888] [info] Frame 154 (t = 1.54):	 total squared error = 0.000480706, marker error: RMS = 0.00421947, max = 0.00992153 (L_Thigh_Lateral)
[2026-07-20 13:07:09.911] [info] Frame 155 (t = 1.55):	 total squared error = 0.000518046, marker error: RMS = 0.00438028, max = 0.0104064 (L_Thigh_Lateral)
[2026-07-20 13:07:09.943] [info] Frame 156 (t = 1.56):	 total squared error = 0.000565209, marker error: RMS = 0.00457533, max = 0.0110132 (L_Thigh_Lateral)
[2026-07-20 13:07:09.961] [info] Frame 157 (t = 1.57):	 total squared error = 0.000624886, marker error: RMS = 0.00481081, max = 0.0118866 (L_Thigh_Lateral)
[2026-07-20 13:07:10.002] [info] Frame 158 (t = 1.58):	 total squared error = 0.000678022, marker error: RMS = 0.00501118, max = 0.0122236 (L_Thigh_Lateral)
[2026-07-20 13:07:10.014] [info] Frame 159 (t = 1.59):	 total squared error = 0.000741946, marker error: RMS = 0.00524209, max = 0.0128897 (L_Thigh_Lateral)
[2026-07-20 13:07:10.030] [info] Frame 160 (t = 1.6):	 total squared error = 0.000777540, marker error: RMS = 0.00536635, max = 0.0134372 (L_Thigh_Lateral)
[2026-07-20 13:07:10.039] [info] Frame 161 (t = 1.61):	 total squared error = 0.000805282, marker error: RMS = 0.00546125, max = 0.0137179 (L_Thigh_Lateral)
[2026-07-20 13:07:10.048] [info] Frame 162 (t = 1.62):	 total squared error = 0.000806791, marker error: RMS = 0.00546637, max = 0.0138419 (L_Thigh_Lateral)
[2026-07-20 13:07:10.057] [info] Frame 163 (t = 1.63):	 total squared error = 0.000786927, marker error: RMS = 0.00539865, max = 0.0133252 (L_Thigh_Lateral)
[2026-07-20 13:07:10.082] [info] Frame 164 (t = 1.64):	 total squared error = 0.000720060, marker error: RMS = 0.00516419, max = 0.0120170 (L_Thigh_Lateral)
[2026-07-20 13:07:10.097] [info] Frame 165 (t = 1.65):	 total squared error = 0.000652665, marker error: RMS = 0.00491658, max = 0.0112949 (L_Shank_Lateral)
[2026-07-20 13:07:10.114] [info] Frame 166 (t = 1.66):	 total squared error = 0.000575853, marker error: RMS = 0.00461821, max = 0.0105501 (L_Shank_Lateral)
[2026-07-20 13:07:10.132] [info] Frame 167 (t = 1.67):	 total squared error = 0.000495352, marker error: RMS = 0.00428327, max = 0.00963822 (L_Shank_Lateral)
[2026-07-20 13:07:10.149] [info] Frame 168 (t = 1.68):	 total squared error = 0.000418740, marker error: RMS = 0.00393813, max = 0.00891554 (L_Shank_Lateral)
[2026-07-20 13:07:10.161] [info] Frame 169 (t = 1.69):	 total squared error = 0.000355244, marker error: RMS = 0.00362729, max = 0.00846519 (L_Shank_Lateral)
[2026-07-20 13:07:10.178] [info] Frame 170 (t = 1.7):	 total squared error = 0.000294076, marker error: RMS = 0.00330026, max = 0.00827978 (L_Shank_Lateral)
[2026-07-20 13:07:10.193] [info] Frame 171 (t = 1.71):	 total squared error = 0.000253500, marker error: RMS = 0.00306413, max = 0.00820075 (L_Shank_Lateral)
[2026-07-20 13:07:10.211] [info] Frame 172 (t = 1.72):	 total squared error = 0.000229142, marker error: RMS = 0.00291320, max = 0.00805856 (L_Shank_Lateral)
[2026-07-20 13:07:10.237] [info] Frame 173 (t = 1.73):	 total squared error = 0.000227136, marker error: RMS = 0.00290042, max = 0.00735612 (L_Shank_Lateral)
[2026-07-20 13:07:10.258] [info] Frame 174 (t = 1.74):	 total squared error = 0.000250768, marker error: RMS = 0.00304757, max = 0.00766540 (L_Shank_Lateral)
[2026-07-20 13:07:10.274] [info] Frame 175 (t = 1.75):	 total squared error = 0.000307040, marker error: RMS = 0.00337222, max = 0.00787181 (L_Shank_Lateral)
[2026-07-20 13:07:10.294] [info] Frame 176 (t = 1.76):	 total squared error = 0.000388524, marker error: RMS = 0.00379339, max = 0.00977778 (R_Shank_Lateral)
[2026-07-20 13:07:10.318] [info] Frame 177 (t = 1.77):	 total squared error = 0.000493125, marker error: RMS = 0.00427363, max = 0.0121045 (R_Shank_Lateral)
[2026-07-20 13:07:10.340] [info] Frame 178 (t = 1.78):	 total squared error = 0.000610628, marker error: RMS = 0.00475561, max = 0.0143924 (R_Shank_Lateral)
[2026-07-20 13:07:10.354] [info] Frame 179 (t = 1.79):	 total squared error = 0.000731131, marker error: RMS = 0.00520374, max = 0.016394 (R_Shank_Lateral)
[2026-07-20 13:07:10.377] [info] Frame 180 (t = 1.8):	 total squared error = 0.000831720, marker error: RMS = 0.00555017, max = 0.0181795 (R_Shank_Lateral)
[2026-07-20 13:07:10.393] [info] Frame 181 (t = 1.81):	 total squared error = 0.000905831, marker error: RMS = 0.00579217, max = 0.0189784 (R_Shank_Lateral)
[2026-07-20 13:07:10.409] [info] Frame 182 (t = 1.82):	 total squared error = 0.000944804, marker error: RMS = 0.00591547, max = 0.0194281 (R_Shank_Lateral)
[2026-07-20 13:07:10.426] [info] Frame 183 (t = 1.83):	 total squared error = 0.000951891, marker error: RMS = 0.00593761, max = 0.0198919 (R_Shank_Lateral)
[2026-07-20 13:07:10.443] [info] Frame 184 (t = 1.84):	 total squared error = 0.000943587, marker error: RMS = 0.00591166, max = 0.0196982 (R_Shank_Lateral)
[2026-07-20 13:07:10.462] [info] Frame 185 (t = 1.85):	 total squared error = 0.000930239, marker error: RMS = 0.00586969, max = 0.0195709 (R_Shank_Lateral)
[2026-07-20 13:07:10.483] [info] Frame 186 (t = 1.86):	 total squared error = 0.000921251, marker error: RMS = 0.00584127, max = 0.019396 (R_Shank_Lateral)
[2026-07-20 13:07:10.498] [info] Frame 187 (t = 1.87):	 total squared error = 0.000920334, marker error: RMS = 0.00583836, max = 0.0192647 (R_Shank_Lateral)
[2026-07-20 13:07:10.510] [info] Frame 188 (t = 1.88):	 total squared error = 0.000926758, marker error: RMS = 0.00585870, max = 0.019338 (R_Shank_Lateral)
[2026-07-20 13:07:10.526] [info] Frame 189 (t = 1.89):	 total squared error = 0.000931496, marker error: RMS = 0.00587366, max = 0.0192632 (R_Shank_Lateral)
[2026-07-20 13:07:10.550] [info] Frame 190 (t = 1.9):	 total squared error = 0.000937376, marker error: RMS = 0.00589217, max = 0.0191195 (R_Shank_Lateral)
[2026-07-20 13:07:10.565] [info] Frame 191 (t = 1.91):	 total squared error = 0.000940506, marker error: RMS = 0.00590200, max = 0.0192642 (R_Shank_Lateral)
[2026-07-20 13:07:10.591] [info] Frame 192 (t = 1.92):	 total squared error = 0.000938806, marker error: RMS = 0.00589666, max = 0.0189537 (R_Shank_Lateral)
[2026-07-20 13:07:10.610] [info] Frame 193 (t = 1.93):	 total squared error = 0.000936104, marker error: RMS = 0.00588817, max = 0.0189711 (R_Shank_Lateral)
[2026-07-20 13:07:10.629] [info] Frame 194 (t = 1.94):	 total squared error = 0.000926877, marker error: RMS = 0.00585908, max = 0.0186842 (R_Shank_Lateral)
[2026-07-20 13:07:10.656] [info] Frame 195 (t = 1.95):	 total squared error = 0.000904602, marker error: RMS = 0.00578825, max = 0.0179143 (R_Shank_Lateral)
[2026-07-20 13:07:10.673] [info] Frame 196 (t = 1.96):	 total squared error = 0.000873320, marker error: RMS = 0.00568728, max = 0.0170642 (R_Shank_Lateral)
[2026-07-20 13:07:10.691] [info] Frame 197 (t = 1.97):	 total squared error = 0.000822509, marker error: RMS = 0.00551936, max = 0.0158775 (R_Thigh_Lateral)
[2026-07-20 13:07:10.709] [info] Frame 198 (t = 1.98):	 total squared error = 0.000757495, marker error: RMS = 0.00529673, max = 0.0151834 (R_Thigh_Lateral)
[2026-07-20 13:07:10.728] [info] Frame 199 (t = 1.99):	 total squared error = 0.000693470, marker error: RMS = 0.00506795, max = 0.0143761 (R_Thigh_Lateral)
[2026-07-20 13:07:10.749] [info] Frame 200 (t = 2.0):	 total squared error = 0.000623033, marker error: RMS = 0.00480367, max = 0.0130511 (R_Thigh_Lateral)
[2026-07-20 13:07:10.782] [info] Frame 201 (t = 2.01):	 total squared error = 0.000567858, marker error: RMS = 0.00458604, max = 0.0116097 (R_Thigh_Lateral)
[2026-07-20 13:07:10.801] [info] Frame 202 (t = 2.02):	 total squared error = 0.000541381, marker error: RMS = 0.00447785, max = 0.0104374 (L_Thigh_Lateral)
[2026-07-20 13:07:10.816] [info] Frame 203 (t = 2.03):	 total squared error = 0.000539741, marker error: RMS = 0.00447106, max = 0.0111074 (L_Thigh_Lateral)
[2026-07-20 13:07:10.855] [info] Frame 204 (t = 2.04):	 total squared error = 0.000519600, marker error: RMS = 0.00438685, max = 0.0112141 (L_Thigh_Lateral)
[2026-07-20 13:07:10.872] [info] Frame 205 (t = 2.05):	 total squared error = 0.000543290, marker error: RMS = 0.00448574, max = 0.0117546 (L_Thigh_Lateral)
[2026-07-20 13:07:10.886] [info] Frame 206 (t = 2.06):	 total squared error = 0.000575764, marker error: RMS = 0.00461786, max = 0.0121405 (L_Thigh_Lateral)
[2026-07-20 13:07:10.919] [info] Frame 207 (t = 2.07):	 total squared error = 0.000586153, marker error: RMS = 0.00465933, max = 0.0119778 (L_Thigh_Lateral)
[2026-07-20 13:07:10.946] [info] Frame 208 (t = 2.08):	 total squared error = 0.000622932, marker error: RMS = 0.00480329, max = 0.0120972 (L_Thigh_Lateral)
[2026-07-20 13:07:10.962] [info] Frame 209 (t = 2.09):	 total squared error = 0.000658418, marker error: RMS = 0.00493821, max = 0.0121421 (L_Thigh_Lateral)
[2026-07-20 13:07:10.977] [info] Frame 210 (t = 2.1):	 total squared error = 0.000675524, marker error: RMS = 0.00500194, max = 0.0119908 (L_Thigh_Lateral)
[2026-07-20 13:07:10.995] [info] Frame 211 (t = 2.11):	 total squared error = 0.000672453, marker error: RMS = 0.00499056, max = 0.0117302 (L_Thigh_Lateral)
[2026-07-20 13:07:11.004] [info] Frame 212 (t = 2.12):	 total squared error = 0.000656658, marker error: RMS = 0.00493160, max = 0.0111993 (L_Thigh_Lateral)
[2026-07-20 13:07:11.021] [info] Frame 213 (t = 2.13):	 total squared error = 0.000615830, marker error: RMS = 0.00477582, max = 0.0110005 (L_Thigh_Lateral)
[2026-07-20 13:07:11.036] [info] Frame 214 (t = 2.14):	 total squared error = 0.000573906, marker error: RMS = 0.00461040, max = 0.0105992 (L_Thigh_Lateral)
[2026-07-20 13:07:11.052] [info] Frame 215 (t = 2.15):	 total squared error = 0.000530093, marker error: RMS = 0.00443092, max = 0.0102010 (L_Thigh_Lateral)
[2026-07-20 13:07:11.069] [info] Frame 216 (t = 2.16):	 total squared error = 0.000487880, marker error: RMS = 0.00425084, max = 0.00992604 (L_Thigh_Lateral)
[2026-07-20 13:07:11.083] [info] Frame 217 (t = 2.17):	 total squared error = 0.000466638, marker error: RMS = 0.00415727, max = 0.00953443 (L_Thigh_Lateral)
[2026-07-20 13:07:11.112] [info] Frame 218 (t = 2.18):	 total squared error = 0.000433275, marker error: RMS = 0.00400590, max = 0.00926732 (L_Thigh_Lateral)
[2026-07-20 13:07:11.135] [info] Frame 219 (t = 2.19):	 total squared error = 0.000424300, marker error: RMS = 0.00396419, max = 0.00884992 (L_Thigh_Lateral)
[2026-07-20 13:07:11.146] [info] Frame 220 (t = 2.2):	 total squared error = 0.000430452, marker error: RMS = 0.00399283, max = 0.00820583 (L_Thigh_Lateral)
[2026-07-20 13:07:11.169] [info] Frame 221 (t = 2.21):	 total squared error = 0.000423735, marker error: RMS = 0.00396155, max = 0.00801603 (L_Thigh_Lateral)
[2026-07-20 13:07:11.187] [info] Frame 222 (t = 2.22):	 total squared error = 0.000422134, marker error: RMS = 0.00395406, max = 0.00845872 (R_Shank_Lateral)
[2026-07-20 13:07:11.202] [info] Frame 223 (t = 2.23):	 total squared error = 0.000414517, marker error: RMS = 0.00391822, max = 0.00852197 (R_Shank_Lateral)
[2026-07-20 13:07:11.222] [info] Frame 224 (t = 2.24):	 total squared error = 0.000400661, marker error: RMS = 0.00385218, max = 0.00814290 (R_Shank_Lateral)
[2026-07-20 13:07:11.243] [info] Frame 225 (t = 2.25):	 total squared error = 0.000393397, marker error: RMS = 0.00381710, max = 0.00786155 (L_Knee_Lateral)
[2026-07-20 13:07:11.265] [info] Frame 226 (t = 2.26):	 total squared error = 0.000399107, marker error: RMS = 0.00384470, max = 0.00849694 (L_Knee_Lateral)
[2026-07-20 13:07:11.292] [info] Frame 227 (t = 2.27):	 total squared error = 0.000409561, marker error: RMS = 0.00389473, max = 0.00900698 (L_Shank_Lateral)
[2026-07-20 13:07:11.326] [info] Frame 228 (t = 2.28):	 total squared error = 0.000437952, marker error: RMS = 0.00402746, max = 0.0100971 (L_Shank_Lateral)
[2026-07-20 13:07:11.342] [info] Frame 229 (t = 2.29):	 total squared error = 0.000488336, marker error: RMS = 0.00425283, max = 0.0101444 (L_Shank_Lateral)
[2026-07-20 13:07:11.363] [info] Frame 230 (t = 2.3):	 total squared error = 0.000537571, marker error: RMS = 0.00446206, max = 0.0113597 (L_Shank_Lateral)
[2026-07-20 13:07:11.377] [info] Frame 231 (t = 2.31):	 total squared error = 0.000605390, marker error: RMS = 0.00473517, max = 0.0114184 (L_Shank_Lateral)
[2026-07-20 13:07:11.400] [info] Frame 232 (t = 2.32):	 total squared error = 0.000655460, marker error: RMS = 0.00492710, max = 0.0129201 (L_Shank_Lateral)
[2026-07-20 13:07:11.416] [info] Frame 233 (t = 2.33):	 total squared error = 0.000718980, marker error: RMS = 0.00516032, max = 0.0133155 (L_Shank_Lateral)
[2026-07-20 13:07:11.432] [info] Frame 234 (t = 2.34):	 total squared error = 0.000767746, marker error: RMS = 0.00533245, max = 0.0142547 (L_Shank_Lateral)
[2026-07-20 13:07:11.446] [info] Frame 235 (t = 2.35):	 total squared error = 0.000800636, marker error: RMS = 0.00544547, max = 0.0152303 (L_Shank_Lateral)
[2026-07-20 13:07:11.462] [info] Frame 236 (t = 2.36):	 total squared error = 0.000815898, marker error: RMS = 0.00549713, max = 0.016237 (L_Shank_Lateral)
[2026-07-20 13:07:11.480] [info] Frame 237 (t = 2.37):	 total squared error = 0.000814170, marker error: RMS = 0.00549131, max = 0.0167657 (L_Shank_Lateral)
[2026-07-20 13:07:11.492] [info] Frame 238 (t = 2.38):	 total squared error = 0.000805718, marker error: RMS = 0.00546273, max = 0.0174684 (L_Shank_Lateral)
[2026-07-20 13:07:11.507] [info] Frame 239 (t = 2.39):	 total squared error = 0.000786214, marker error: RMS = 0.00539621, max = 0.0177686 (L_Shank_Lateral)
[2026-07-20 13:07:11.528] [info] Frame 240 (t = 2.4):	 total squared error = 0.000753997, marker error: RMS = 0.00528449, max = 0.0168375 (L_Shank_Lateral)
[2026-07-20 13:07:11.542] [info] Frame 241 (t = 2.41):	 total squared error = 0.000730461, marker error: RMS = 0.00520136, max = 0.0166402 (L_Shank_Lateral)
[2026-07-20 13:07:11.560] [info] Frame 242 (t = 2.42):	 total squared error = 0.000698692, marker error: RMS = 0.00508699, max = 0.015957 (L_Shank_Lateral)
[2026-07-20 13:07:11.584] [info] Frame 243 (t = 2.43):	 total squared error = 0.000661637, marker error: RMS = 0.00495026, max = 0.01461 (L_Shank_Lateral)
[2026-07-20 13:07:11.605] [info] Frame 244 (t = 2.44):	 total squared error = 0.000636872, marker error: RMS = 0.00485673, max = 0.0138414 (L_Shank_Lateral)
[2026-07-20 13:07:11.628] [info] Frame 245 (t = 2.45):	 total squared error = 0.000608161, marker error: RMS = 0.00474600, max = 0.012834 (L_Shank_Lateral)
[2026-07-20 13:07:11.646] [info] Frame 246 (t = 2.46):	 total squared error = 0.000591264, marker error: RMS = 0.00467960, max = 0.0123339 (L_Thigh_Lateral)
[2026-07-20 13:07:11.673] [info] Frame 247 (t = 2.47):	 total squared error = 0.000561211, marker error: RMS = 0.00455912, max = 0.0122927 (L_Thigh_Lateral)
[2026-07-20 13:07:11.699] [info] Frame 248 (t = 2.48):	 total squared error = 0.000537944, marker error: RMS = 0.00446361, max = 0.0121979 (L_Thigh_Lateral)
[2026-07-20 13:07:11.721] [info] Frame 249 (t = 2.49):	 total squared error = 0.000516196, marker error: RMS = 0.00437246, max = 0.0120590 (L_Thigh_Lateral)
[2026-07-20 13:07:11.739] [info] Frame 250 (t = 2.5):	 total squared error = 0.000500305, marker error: RMS = 0.00430463, max = 0.0118666 (L_Thigh_Lateral)
[2026-07-20 13:07:11.742] [info] InverseKinematicsTool completed 211 frames in 4 second(s).
[2026-07-20 13:07:11.774] [info] Loaded model TCV04-scaled from file C:\Users\Lucia\Desktop\TFG\2_JMP\TVC04\Walk_3\TVC04_3_JMP_results\TVC04_3_NMSM_JMP_05_torso.osim
[2026-07-20 13:07:12.209] [warning] Coordinate.setValue:  coordinate pro_sup_r is locked. Unable to change its value.
[2026-07-20 13:07:12.241] [warning] Coordinate.setValue:  coordinate pro_sup_l is locked. Unable to change its value.
[2026-07-20 13:07:41.366] [info] Loaded model TCV04-scaled from file C:\Users\Lucia\Desktop\TFG\2_JMP\TVC04\Walk_3\TVC04_3_JMP_results\TVC04_3_NMSM_JMP_06_shoulder_elbow.osim
[2026-07-20 13:07:41.377] [cout] [info] 
               MODEL: TCV04-scaled
         coordinates: 41
              forces: 103
           actuators: 103
             muscles: 86
            analyses: 0
              probes: 0
              bodies: 24
              joints: 24
         constraints: 2
             markers: 27
         controllers: 0
  contact geometries: 0
misc modelcomponents: 0
[2026-07-20 13:07:41.377] [info] Running tool .
[2026-07-20 13:07:41.444] [info] Frame 40 (t = 0.4):	 total squared error = 0.000919340, marker error: RMS = 0.00583521, max = 0.0183683 (L_Shank_Lateral)
[2026-07-20 13:07:41.465] [info] Frame 41 (t = 0.41):	 total squared error = 0.000867074, marker error: RMS = 0.00566691, max = 0.017585 (L_Shank_Lateral)
[2026-07-20 13:07:41.482] [info] Frame 42 (t = 0.42):	 total squared error = 0.000823067, marker error: RMS = 0.00552123, max = 0.016714 (L_Shank_Lateral)
[2026-07-20 13:07:41.512] [info] Frame 43 (t = 0.43):	 total squared error = 0.000770805, marker error: RMS = 0.00534306, max = 0.0152703 (L_Shank_Lateral)
[2026-07-20 13:07:41.534] [info] Frame 44 (t = 0.44):	 total squared error = 0.000731747, marker error: RMS = 0.00520593, max = 0.0141529 (L_Thigh_Lateral)
[2026-07-20 13:07:41.562] [info] Frame 45 (t = 0.45):	 total squared error = 0.000694718, marker error: RMS = 0.00507250, max = 0.0138507 (L_Thigh_Lateral)
[2026-07-20 13:07:41.576] [info] Frame 46 (t = 0.46):	 total squared error = 0.000677810, marker error: RMS = 0.00501040, max = 0.0138961 (L_Thigh_Lateral)
[2026-07-20 13:07:41.607] [info] Frame 47 (t = 0.47):	 total squared error = 0.000635569, marker error: RMS = 0.00485176, max = 0.0133557 (L_Thigh_Lateral)
[2026-07-20 13:07:41.628] [info] Frame 48 (t = 0.48):	 total squared error = 0.000615621, marker error: RMS = 0.00477502, max = 0.0130608 (L_Thigh_Lateral)
[2026-07-20 13:07:41.641] [info] Frame 49 (t = 0.49):	 total squared error = 0.000605125, marker error: RMS = 0.00473413, max = 0.0129424 (L_Thigh_Lateral)
[2026-07-20 13:07:41.664] [info] Frame 50 (t = 0.5):	 total squared error = 0.000576611, marker error: RMS = 0.00462125, max = 0.0122673 (L_Thigh_Lateral)
[2026-07-20 13:07:41.679] [info] Frame 51 (t = 0.51):	 total squared error = 0.000572502, marker error: RMS = 0.00460476, max = 0.0118932 (L_Thigh_Lateral)
[2026-07-20 13:07:41.706] [info] Frame 52 (t = 0.52):	 total squared error = 0.000556127, marker error: RMS = 0.00453842, max = 0.0110427 (L_Thigh_Lateral)
[2026-07-20 13:07:41.729] [info] Frame 53 (t = 0.53):	 total squared error = 0.000558539, marker error: RMS = 0.00454826, max = 0.0104878 (L_Thigh_Lateral)
[2026-07-20 13:07:41.747] [info] Frame 54 (t = 0.54):	 total squared error = 0.000573808, marker error: RMS = 0.00461001, max = 0.00995171 (L_Thigh_Lateral)
[2026-07-20 13:07:41.774] [info] Frame 55 (t = 0.55):	 total squared error = 0.000602588, marker error: RMS = 0.00472420, max = 0.00986035 (R_Thigh_Lateral)
[2026-07-20 13:07:41.800] [info] Frame 56 (t = 0.56):	 total squared error = 0.000648360, marker error: RMS = 0.00490034, max = 0.0104971 (R_Thigh_Lateral)
[2026-07-20 13:07:41.831] [info] Frame 57 (t = 0.57):	 total squared error = 0.000708601, marker error: RMS = 0.00512294, max = 0.0110225 (R_Thigh_Lateral)
[2026-07-20 13:07:41.847] [info] Frame 58 (t = 0.58):	 total squared error = 0.000788891, marker error: RMS = 0.00540539, max = 0.0115503 (R_Thigh_Lateral)
[2026-07-20 13:07:41.886] [info] Frame 59 (t = 0.59):	 total squared error = 0.000855871, marker error: RMS = 0.00563018, max = 0.0118198 (R_Thigh_Lateral)
[2026-07-20 13:07:41.896] [info] Frame 60 (t = 0.6):	 total squared error = 0.000930888, marker error: RMS = 0.00587174, max = 0.0128905 (L_Thigh_Lateral)
[2026-07-20 13:07:41.930] [info] Frame 61 (t = 0.61):	 total squared error = 0.000962746, marker error: RMS = 0.00597137, max = 0.013175 (L_Thigh_Lateral)
[2026-07-20 13:07:41.944] [info] Frame 62 (t = 0.62):	 total squared error = 0.000976785, marker error: RMS = 0.00601475, max = 0.0137929 (L_Thigh_Lateral)
[2026-07-20 13:07:41.972] [info] Frame 63 (t = 0.63):	 total squared error = 0.000953933, marker error: RMS = 0.00594398, max = 0.0133494 (L_Thigh_Lateral)
[2026-07-20 13:07:41.981] [info] Frame 64 (t = 0.64):	 total squared error = 0.000910001, marker error: RMS = 0.00580549, max = 0.0129769 (L_Thigh_Lateral)
[2026-07-20 13:07:41.994] [info] Frame 65 (t = 0.65):	 total squared error = 0.000833186, marker error: RMS = 0.00555506, max = 0.012219 (L_Thigh_Lateral)
[2026-07-20 13:07:42.019] [info] Frame 66 (t = 0.66):	 total squared error = 0.000742775, marker error: RMS = 0.00524501, max = 0.0112286 (L_Shank_Lateral)
[2026-07-20 13:07:42.038] [info] Frame 67 (t = 0.67):	 total squared error = 0.000644628, marker error: RMS = 0.00488622, max = 0.0110453 (L_Shank_Lateral)
[2026-07-20 13:07:42.055] [info] Frame 68 (t = 0.68):	 total squared error = 0.000546126, marker error: RMS = 0.00449743, max = 0.0107031 (L_Shank_Lateral)
[2026-07-20 13:07:42.065] [info] Frame 69 (t = 0.69):	 total squared error = 0.000469417, marker error: RMS = 0.00416963, max = 0.0106923 (L_Shank_Lateral)
[2026-07-20 13:07:42.102] [info] Frame 70 (t = 0.7):	 total squared error = 0.000361260, marker error: RMS = 0.00365787, max = 0.00893417 (L_Shank_Lateral)
[2026-07-20 13:07:42.118] [info] Frame 71 (t = 0.71):	 total squared error = 0.000303305, marker error: RMS = 0.00335164, max = 0.00885853 (L_Shank_Lateral)
[2026-07-20 13:07:42.144] [info] Frame 72 (t = 0.72):	 total squared error = 0.000265722, marker error: RMS = 0.00313713, max = 0.00828221 (L_Shank_Lateral)
[2026-07-20 13:07:42.178] [info] Frame 73 (t = 0.73):	 total squared error = 0.000263609, marker error: RMS = 0.00312463, max = 0.00726740 (L_Shank_Lateral)
[2026-07-20 13:07:42.205] [info] Frame 74 (t = 0.74):	 total squared error = 0.000289913, marker error: RMS = 0.00327681, max = 0.00721825 (R_Thigh_Lateral)
[2026-07-20 13:07:42.229] [info] Frame 75 (t = 0.75):	 total squared error = 0.000346104, marker error: RMS = 0.00358032, max = 0.00858136 (R_Thigh_Lateral)
[2026-07-20 13:07:42.245] [info] Frame 76 (t = 0.76):	 total squared error = 0.000429535, marker error: RMS = 0.00398857, max = 0.0106048 (R_Shank_Lateral)
[2026-07-20 13:07:42.269] [info] Frame 77 (t = 0.77):	 total squared error = 0.000522886, marker error: RMS = 0.00440070, max = 0.0129154 (R_Shank_Lateral)
[2026-07-20 13:07:42.289] [info] Frame 78 (t = 0.78):	 total squared error = 0.000625594, marker error: RMS = 0.00481354, max = 0.0149408 (R_Shank_Lateral)
[2026-07-20 13:07:42.322] [info] Frame 79 (t = 0.79):	 total squared error = 0.000721836, marker error: RMS = 0.00517056, max = 0.0165447 (R_Shank_Lateral)
[2026-07-20 13:07:42.344] [info] Frame 80 (t = 0.8):	 total squared error = 0.000795335, marker error: RMS = 0.00542742, max = 0.0176632 (R_Shank_Lateral)
[2026-07-20 13:07:42.363] [info] Frame 81 (t = 0.81):	 total squared error = 0.000844093, marker error: RMS = 0.00559131, max = 0.0183624 (R_Shank_Lateral)
[2026-07-20 13:07:42.379] [info] Frame 82 (t = 0.82):	 total squared error = 0.000865092, marker error: RMS = 0.00566043, max = 0.0186046 (R_Shank_Lateral)
[2026-07-20 13:07:42.396] [info] Frame 83 (t = 0.83):	 total squared error = 0.000860652, marker error: RMS = 0.00564588, max = 0.0185419 (R_Shank_Lateral)
[2026-07-20 13:07:42.415] [info] Frame 84 (t = 0.84):	 total squared error = 0.000839174, marker error: RMS = 0.00557499, max = 0.0182399 (R_Shank_Lateral)
[2026-07-20 13:07:42.431] [info] Frame 85 (t = 0.85):	 total squared error = 0.000808213, marker error: RMS = 0.00547118, max = 0.0176491 (R_Shank_Lateral)
[2026-07-20 13:07:42.456] [info] Frame 86 (t = 0.86):	 total squared error = 0.000769363, marker error: RMS = 0.00533806, max = 0.0170695 (R_Shank_Lateral)
[2026-07-20 13:07:42.470] [info] Frame 87 (t = 0.87):	 total squared error = 0.000734949, marker error: RMS = 0.00521731, max = 0.0164223 (R_Shank_Lateral)
[2026-07-20 13:07:42.491] [info] Frame 88 (t = 0.88):	 total squared error = 0.000699080, marker error: RMS = 0.00508840, max = 0.0158586 (R_Shank_Lateral)
[2026-07-20 13:07:42.506] [info] Frame 89 (t = 0.89):	 total squared error = 0.000673930, marker error: RMS = 0.00499603, max = 0.0153643 (R_Shank_Lateral)
[2026-07-20 13:07:42.533] [info] Frame 90 (t = 0.9):	 total squared error = 0.000653756, marker error: RMS = 0.00492069, max = 0.0149845 (R_Shank_Lateral)
[2026-07-20 13:07:42.543] [info] Frame 91 (t = 0.91):	 total squared error = 0.000662045, marker error: RMS = 0.00495179, max = 0.014849 (R_Shank_Lateral)
[2026-07-20 13:07:42.557] [info] Frame 92 (t = 0.92):	 total squared error = 0.000660968, marker error: RMS = 0.00494776, max = 0.0146271 (R_Shank_Lateral)
[2026-07-20 13:07:42.588] [info] Frame 93 (t = 0.93):	 total squared error = 0.000657299, marker error: RMS = 0.00493401, max = 0.0145643 (R_Shank_Lateral)
[2026-07-20 13:07:42.601] [info] Frame 94 (t = 0.94):	 total squared error = 0.000676020, marker error: RMS = 0.00500377, max = 0.0145529 (R_Thigh_Lateral)
[2026-07-20 13:07:42.624] [info] Frame 95 (t = 0.95):	 total squared error = 0.000681235, marker error: RMS = 0.00502304, max = 0.0146825 (R_Thigh_Lateral)
[2026-07-20 13:07:42.635] [info] Frame 96 (t = 0.96):	 total squared error = 0.000693020, marker error: RMS = 0.00506630, max = 0.015156 (R_Thigh_Lateral)
[2026-07-20 13:07:42.650] [info] Frame 97 (t = 0.97):	 total squared error = 0.000678175, marker error: RMS = 0.00501174, max = 0.0149669 (R_Thigh_Lateral)
[2026-07-20 13:07:42.675] [info] Frame 98 (t = 0.98):	 total squared error = 0.000642704, marker error: RMS = 0.00487892, max = 0.0144376 (R_Thigh_Lateral)
[2026-07-20 13:07:42.692] [info] Frame 99 (t = 0.99):	 total squared error = 0.000614973, marker error: RMS = 0.00477250, max = 0.0140529 (R_Thigh_Lateral)
[2026-07-20 13:07:42.708] [info] Frame 100 (t = 1.0):	 total squared error = 0.000579432, marker error: RMS = 0.00463254, max = 0.0132822 (R_Thigh_Lateral)
[2026-07-20 13:07:42.725] [info] Frame 101 (t = 1.01):	 total squared error = 0.000547041, marker error: RMS = 0.00450120, max = 0.0124684 (R_Thigh_Lateral)
[2026-07-20 13:07:42.756] [info] Frame 102 (t = 1.02):	 total squared error = 0.000501174, marker error: RMS = 0.00430836, max = 0.0109556 (R_Thigh_Lateral)
[2026-07-20 13:07:42.766] [info] Frame 103 (t = 1.03):	 total squared error = 0.000506485, marker error: RMS = 0.00433113, max = 0.00999252 (R_Thigh_Lateral)
[2026-07-20 13:07:42.796] [info] Frame 104 (t = 1.04):	 total squared error = 0.000456458, marker error: RMS = 0.00411167, max = 0.0102487 (L_Thigh_Lateral)
[2026-07-20 13:07:42.815] [info] Frame 105 (t = 1.05):	 total squared error = 0.000457940, marker error: RMS = 0.00411834, max = 0.0107603 (L_Thigh_Lateral)
[2026-07-20 13:07:42.839] [info] Frame 106 (t = 1.06):	 total squared error = 0.000462786, marker error: RMS = 0.00414007, max = 0.0109403 (L_Thigh_Lateral)
[2026-07-20 13:07:42.866] [info] Frame 107 (t = 1.07):	 total squared error = 0.000485525, marker error: RMS = 0.00424056, max = 0.0108910 (L_Thigh_Lateral)
[2026-07-20 13:07:42.891] [info] Frame 108 (t = 1.08):	 total squared error = 0.000525513, marker error: RMS = 0.00441174, max = 0.0109865 (L_Thigh_Lateral)
[2026-07-20 13:07:42.913] [info] Frame 109 (t = 1.09):	 total squared error = 0.000567511, marker error: RMS = 0.00458464, max = 0.0109315 (L_Thigh_Lateral)
[2026-07-20 13:07:42.939] [info] Frame 110 (t = 1.1):	 total squared error = 0.000596822, marker error: RMS = 0.00470155, max = 0.0107488 (L_Thigh_Lateral)
[2026-07-20 13:07:42.948] [info] Frame 111 (t = 1.11):	 total squared error = 0.000615726, marker error: RMS = 0.00477542, max = 0.0104768 (L_Thigh_Lateral)
[2026-07-20 13:07:42.956] [info] Frame 112 (t = 1.12):	 total squared error = 0.000614955, marker error: RMS = 0.00477243, max = 0.0104245 (R_Thigh_Lateral)
[2026-07-20 13:07:42.973] [info] Frame 113 (t = 1.13):	 total squared error = 0.000578618, marker error: RMS = 0.00462929, max = 0.0102786 (R_Thigh_Lateral)
[2026-07-20 13:07:42.995] [info] Frame 114 (t = 1.14):	 total squared error = 0.000540977, marker error: RMS = 0.00447618, max = 0.00987675 (R_Thigh_Lateral)
[2026-07-20 13:07:43.014] [info] Frame 115 (t = 1.15):	 total squared error = 0.000502873, marker error: RMS = 0.00431566, max = 0.00943969 (L_Thigh_Lateral)
[2026-07-20 13:07:43.040] [info] Frame 116 (t = 1.16):	 total squared error = 0.000467124, marker error: RMS = 0.00415943, max = 0.00918524 (L_Thigh_Lateral)
[2026-07-20 13:07:43.052] [info] Frame 117 (t = 1.17):	 total squared error = 0.000447317, marker error: RMS = 0.00407030, max = 0.00899288 (R_Shank_Lateral)
[2026-07-20 13:07:43.077] [info] Frame 118 (t = 1.18):	 total squared error = 0.000422864, marker error: RMS = 0.00395748, max = 0.00964057 (R_Shank_Lateral)
[2026-07-20 13:07:43.106] [info] Frame 119 (t = 1.19):	 total squared error = 0.000414646, marker error: RMS = 0.00391883, max = 0.0101965 (R_Shank_Lateral)
[2026-07-20 13:07:43.130] [info] Frame 120 (t = 1.2):	 total squared error = 0.000418939, marker error: RMS = 0.00393907, max = 0.0107283 (R_Shank_Lateral)
[2026-07-20 13:07:43.157] [info] Frame 121 (t = 1.21):	 total squared error = 0.000428743, marker error: RMS = 0.00398489, max = 0.0109460 (R_Shank_Lateral)
[2026-07-20 13:07:43.180] [info] Frame 122 (t = 1.22):	 total squared error = 0.000441013, marker error: RMS = 0.00404151, max = 0.0108656 (R_Shank_Lateral)
[2026-07-20 13:07:43.210] [info] Frame 123 (t = 1.23):	 total squared error = 0.000441865, marker error: RMS = 0.00404541, max = 0.0100219 (R_Shank_Lateral)
[2026-07-20 13:07:43.238] [info] Frame 124 (t = 1.24):	 total squared error = 0.000447112, marker error: RMS = 0.00406936, max = 0.00959847 (L_Shank_Lateral)
[2026-07-20 13:07:43.257] [info] Frame 125 (t = 1.25):	 total squared error = 0.000468013, marker error: RMS = 0.00416339, max = 0.0103443 (L_Shank_Lateral)
[2026-07-20 13:07:43.273] [info] Frame 126 (t = 1.26):	 total squared error = 0.000507031, marker error: RMS = 0.00433346, max = 0.0111603 (L_Shank_Lateral)
[2026-07-20 13:07:43.300] [info] Frame 127 (t = 1.27):	 total squared error = 0.000533601, marker error: RMS = 0.00444556, max = 0.0133452 (L_Shank_Lateral)
[2026-07-20 13:07:43.314] [info] Frame 128 (t = 1.28):	 total squared error = 0.000601373, marker error: RMS = 0.00471944, max = 0.013171 (L_Shank_Lateral)
[2026-07-20 13:07:43.339] [info] Frame 129 (t = 1.29):	 total squared error = 0.000660356, marker error: RMS = 0.00494547, max = 0.014456 (L_Shank_Lateral)
[2026-07-20 13:07:43.361] [info] Frame 130 (t = 1.3):	 total squared error = 0.000738021, marker error: RMS = 0.00522821, max = 0.014755 (L_Shank_Lateral)
[2026-07-20 13:07:43.380] [info] Frame 131 (t = 1.31):	 total squared error = 0.000811443, marker error: RMS = 0.00548210, max = 0.0152451 (L_Shank_Lateral)
[2026-07-20 13:07:43.390] [info] Frame 132 (t = 1.32):	 total squared error = 0.000889954, marker error: RMS = 0.00574119, max = 0.0155449 (L_Shank_Lateral)
[2026-07-20 13:07:43.406] [info] Frame 133 (t = 1.33):	 total squared error = 0.000916069, marker error: RMS = 0.00582481, max = 0.0160854 (L_Shank_Lateral)
[2026-07-20 13:07:43.420] [info] Frame 134 (t = 1.34):	 total squared error = 0.000932899, marker error: RMS = 0.00587808, max = 0.0167595 (L_Shank_Lateral)
[2026-07-20 13:07:43.442] [info] Frame 135 (t = 1.35):	 total squared error = 0.000919030, marker error: RMS = 0.00583422, max = 0.0168388 (L_Shank_Lateral)
[2026-07-20 13:07:43.455] [info] Frame 136 (t = 1.36):	 total squared error = 0.000883845, marker error: RMS = 0.00572145, max = 0.0173465 (L_Shank_Lateral)
[2026-07-20 13:07:43.488] [info] Frame 137 (t = 1.37):	 total squared error = 0.000825802, marker error: RMS = 0.00553039, max = 0.0165243 (L_Shank_Lateral)
[2026-07-20 13:07:43.501] [info] Frame 138 (t = 1.38):	 total squared error = 0.000771210, marker error: RMS = 0.00534447, max = 0.0166663 (L_Shank_Lateral)
[2026-07-20 13:07:43.519] [info] Frame 139 (t = 1.39):	 total squared error = 0.000715921, marker error: RMS = 0.00514933, max = 0.0158657 (L_Shank_Lateral)
[2026-07-20 13:07:43.538] [info] Frame 140 (t = 1.4):	 total squared error = 0.000665341, marker error: RMS = 0.00496410, max = 0.0149434 (L_Shank_Lateral)
[2026-07-20 13:07:43.553] [info] Frame 141 (t = 1.41):	 total squared error = 0.000625136, marker error: RMS = 0.00481177, max = 0.0143156 (L_Shank_Lateral)
[2026-07-20 13:07:43.584] [info] Frame 142 (t = 1.42):	 total squared error = 0.000577717, marker error: RMS = 0.00462568, max = 0.0129284 (L_Shank_Lateral)
[2026-07-20 13:07:43.607] [info] Frame 143 (t = 1.43):	 total squared error = 0.000542066, marker error: RMS = 0.00448068, max = 0.0119334 (L_Shank_Lateral)
[2026-07-20 13:07:43.629] [info] Frame 144 (t = 1.44):	 total squared error = 0.000508470, marker error: RMS = 0.00433961, max = 0.0107114 (L_Shank_Lateral)
[2026-07-20 13:07:43.654] [info] Frame 145 (t = 1.45):	 total squared error = 0.000476502, marker error: RMS = 0.00420098, max = 0.0102042 (L_Thigh_Lateral)
[2026-07-20 13:07:43.670] [info] Frame 146 (t = 1.46):	 total squared error = 0.000456561, marker error: RMS = 0.00411214, max = 0.00995762 (L_Thigh_Lateral)
[2026-07-20 13:07:43.692] [info] Frame 147 (t = 1.47):	 total squared error = 0.000430517, marker error: RMS = 0.00399313, max = 0.00960239 (L_Thigh_Lateral)
[2026-07-20 13:07:43.713] [info] Frame 148 (t = 1.48):	 total squared error = 0.000414254, marker error: RMS = 0.00391698, max = 0.00935701 (L_Thigh_Lateral)
[2026-07-20 13:07:43.729] [info] Frame 149 (t = 1.49):	 total squared error = 0.000410533, marker error: RMS = 0.00389935, max = 0.00923231 (L_Thigh_Lateral)
[2026-07-20 13:07:43.753] [info] Frame 150 (t = 1.5):	 total squared error = 0.000406128, marker error: RMS = 0.00387837, max = 0.00910124 (L_Thigh_Lateral)
[2026-07-20 13:07:43.783] [info] Frame 151 (t = 1.51):	 total squared error = 0.000410866, marker error: RMS = 0.00390093, max = 0.00907799 (L_Thigh_Lateral)
[2026-07-20 13:07:43.807] [info] Frame 152 (t = 1.52):	 total squared error = 0.000425526, marker error: RMS = 0.00396992, max = 0.00921104 (L_Thigh_Lateral)
[2026-07-20 13:07:43.824] [info] Frame 153 (t = 1.53):	 total squared error = 0.000449058, marker error: RMS = 0.00407821, max = 0.00949913 (L_Thigh_Lateral)
[2026-07-20 13:07:43.861] [info] Frame 154 (t = 1.54):	 total squared error = 0.000476667, marker error: RMS = 0.00420171, max = 0.00979161 (L_Thigh_Lateral)
[2026-07-20 13:07:43.887] [info] Frame 155 (t = 1.55):	 total squared error = 0.000516183, marker error: RMS = 0.00437240, max = 0.0103503 (L_Thigh_Lateral)
[2026-07-20 13:07:43.910] [info] Frame 156 (t = 1.56):	 total squared error = 0.000564877, marker error: RMS = 0.00457399, max = 0.0110541 (L_Thigh_Lateral)
[2026-07-20 13:07:43.931] [info] Frame 157 (t = 1.57):	 total squared error = 0.000624945, marker error: RMS = 0.00481104, max = 0.0119113 (L_Thigh_Lateral)
[2026-07-20 13:07:43.957] [info] Frame 158 (t = 1.58):	 total squared error = 0.000680279, marker error: RMS = 0.00501951, max = 0.0125454 (L_Thigh_Lateral)
[2026-07-20 13:07:43.969] [info] Frame 159 (t = 1.59):	 total squared error = 0.000744007, marker error: RMS = 0.00524936, max = 0.0132806 (L_Thigh_Lateral)
[2026-07-20 13:07:43.978] [info] Frame 160 (t = 1.6):	 total squared error = 0.000794543, marker error: RMS = 0.00542471, max = 0.013858 (L_Thigh_Lateral)
[2026-07-20 13:07:44.009] [info] Frame 161 (t = 1.61):	 total squared error = 0.000798032, marker error: RMS = 0.00543661, max = 0.0131155 (L_Thigh_Lateral)
[2026-07-20 13:07:44.019] [info] Frame 162 (t = 1.62):	 total squared error = 0.000798580, marker error: RMS = 0.00543848, max = 0.0131338 (L_Thigh_Lateral)
[2026-07-20 13:07:44.033] [info] Frame 163 (t = 1.63):	 total squared error = 0.000772586, marker error: RMS = 0.00534923, max = 0.0128565 (L_Thigh_Lateral)
[2026-07-20 13:07:44.041] [info] Frame 164 (t = 1.64):	 total squared error = 0.000728764, marker error: RMS = 0.00519531, max = 0.0121937 (L_Shank_Lateral)
[2026-07-20 13:07:44.051] [info] Frame 165 (t = 1.65):	 total squared error = 0.000662285, marker error: RMS = 0.00495268, max = 0.0114769 (L_Thigh_Lateral)
[2026-07-20 13:07:44.068] [info] Frame 166 (t = 1.66):	 total squared error = 0.000578330, marker error: RMS = 0.00462813, max = 0.0103595 (L_Shank_Lateral)
[2026-07-20 13:07:44.088] [info] Frame 167 (t = 1.67):	 total squared error = 0.000497147, marker error: RMS = 0.00429102, max = 0.00952623 (L_Shank_Lateral)
[2026-07-20 13:07:44.101] [info] Frame 168 (t = 1.68):	 total squared error = 0.000422608, marker error: RMS = 0.00395628, max = 0.00886424 (L_Shank_Lateral)
[2026-07-20 13:07:44.121] [info] Frame 169 (t = 1.69):	 total squared error = 0.000351692, marker error: RMS = 0.00360910, max = 0.00836041 (L_Shank_Lateral)
[2026-07-20 13:07:44.149] [info] Frame 170 (t = 1.7):	 total squared error = 0.000294316, marker error: RMS = 0.00330161, max = 0.00763895 (L_Shank_Lateral)
[2026-07-20 13:07:44.171] [info] Frame 171 (t = 1.71):	 total squared error = 0.000250526, marker error: RMS = 0.00304610, max = 0.00770943 (L_Shank_Lateral)
[2026-07-20 13:07:44.189] [info] Frame 172 (t = 1.72):	 total squared error = 0.000227475, marker error: RMS = 0.00290259, max = 0.00787421 (L_Shank_Lateral)
[2026-07-20 13:07:44.215] [info] Frame 173 (t = 1.73):	 total squared error = 0.000226640, marker error: RMS = 0.00289725, max = 0.00747415 (L_Shank_Lateral)
[2026-07-20 13:07:44.244] [info] Frame 174 (t = 1.74):	 total squared error = 0.000253056, marker error: RMS = 0.00306145, max = 0.00745373 (L_Shank_Lateral)
[2026-07-20 13:07:44.264] [info] Frame 175 (t = 1.75):	 total squared error = 0.000305381, marker error: RMS = 0.00336310, max = 0.00771794 (L_Shank_Lateral)
[2026-07-20 13:07:44.288] [info] Frame 176 (t = 1.76):	 total squared error = 0.000387624, marker error: RMS = 0.00378899, max = 0.00951202 (R_Shank_Lateral)
[2026-07-20 13:07:44.308] [info] Frame 177 (t = 1.77):	 total squared error = 0.000492176, marker error: RMS = 0.00426951, max = 0.0120311 (R_Shank_Lateral)
[2026-07-20 13:07:44.328] [info] Frame 178 (t = 1.78):	 total squared error = 0.000611522, marker error: RMS = 0.00475909, max = 0.0145195 (R_Shank_Lateral)
[2026-07-20 13:07:44.348] [info] Frame 179 (t = 1.79):	 total squared error = 0.000729330, marker error: RMS = 0.00519733, max = 0.0165065 (R_Shank_Lateral)
[2026-07-20 13:07:44.363] [info] Frame 180 (t = 1.8):	 total squared error = 0.000833789, marker error: RMS = 0.00555707, max = 0.0179295 (R_Shank_Lateral)
[2026-07-20 13:07:44.381] [info] Frame 181 (t = 1.81):	 total squared error = 0.000905717, marker error: RMS = 0.00579181, max = 0.0190242 (R_Shank_Lateral)
[2026-07-20 13:07:44.401] [info] Frame 182 (t = 1.82):	 total squared error = 0.000942773, marker error: RMS = 0.00590911, max = 0.0198027 (R_Shank_Lateral)
[2026-07-20 13:07:44.415] [info] Frame 183 (t = 1.83):	 total squared error = 0.000953710, marker error: RMS = 0.00594328, max = 0.0197573 (R_Shank_Lateral)
[2026-07-20 13:07:44.445] [info] Frame 184 (t = 1.84):	 total squared error = 0.000943290, marker error: RMS = 0.00591072, max = 0.0199466 (R_Shank_Lateral)
[2026-07-20 13:07:44.464] [info] Frame 185 (t = 1.85):	 total squared error = 0.000930624, marker error: RMS = 0.00587091, max = 0.0196168 (R_Shank_Lateral)
[2026-07-20 13:07:44.481] [info] Frame 186 (t = 1.86):	 total squared error = 0.000921805, marker error: RMS = 0.00584302, max = 0.0193663 (R_Shank_Lateral)
[2026-07-20 13:07:44.496] [info] Frame 187 (t = 1.87):	 total squared error = 0.000921388, marker error: RMS = 0.00584170, max = 0.019317 (R_Shank_Lateral)
[2026-07-20 13:07:44.510] [info] Frame 188 (t = 1.88):	 total squared error = 0.000927821, marker error: RMS = 0.00586206, max = 0.0193591 (R_Shank_Lateral)
[2026-07-20 13:07:44.523] [info] Frame 189 (t = 1.89):	 total squared error = 0.000934123, marker error: RMS = 0.00588193, max = 0.0194436 (R_Shank_Lateral)
[2026-07-20 13:07:44.547] [info] Frame 190 (t = 1.9):	 total squared error = 0.000938018, marker error: RMS = 0.00589419, max = 0.0191277 (R_Shank_Lateral)
[2026-07-20 13:07:44.556] [info] Frame 191 (t = 1.91):	 total squared error = 0.000962442, marker error: RMS = 0.00597043, max = 0.0193941 (R_Shank_Lateral)
[2026-07-20 13:07:44.572] [info] Frame 192 (t = 1.92):	 total squared error = 0.000941866, marker error: RMS = 0.00590626, max = 0.0193382 (R_Shank_Lateral)
[2026-07-20 13:07:44.601] [info] Frame 193 (t = 1.93):	 total squared error = 0.000935202, marker error: RMS = 0.00588533, max = 0.0188363 (R_Shank_Lateral)
[2026-07-20 13:07:44.623] [info] Frame 194 (t = 1.94):	 total squared error = 0.000925802, marker error: RMS = 0.00585568, max = 0.0185861 (R_Shank_Lateral)
[2026-07-20 13:07:44.636] [info] Frame 195 (t = 1.95):	 total squared error = 0.000915056, marker error: RMS = 0.00582159, max = 0.0181576 (R_Shank_Lateral)
[2026-07-20 13:07:44.664] [info] Frame 196 (t = 1.96):	 total squared error = 0.000870748, marker error: RMS = 0.00567890, max = 0.0169704 (R_Shank_Lateral)
[2026-07-20 13:07:44.676] [info] Frame 197 (t = 1.97):	 total squared error = 0.000829583, marker error: RMS = 0.00554304, max = 0.0160981 (R_Thigh_Lateral)
[2026-07-20 13:07:44.692] [info] Frame 198 (t = 1.98):	 total squared error = 0.000767184, marker error: RMS = 0.00533050, max = 0.0153674 (R_Thigh_Lateral)
[2026-07-20 13:07:44.710] [info] Frame 199 (t = 1.99):	 total squared error = 0.000694958, marker error: RMS = 0.00507338, max = 0.0143663 (R_Thigh_Lateral)
[2026-07-20 13:07:44.746] [info] Frame 200 (t = 2.0):	 total squared error = 0.000619412, marker error: RMS = 0.00478970, max = 0.0129265 (R_Thigh_Lateral)
[2026-07-20 13:07:44.766] [info] Frame 201 (t = 2.01):	 total squared error = 0.000574004, marker error: RMS = 0.00461079, max = 0.0117304 (R_Thigh_Lateral)
[2026-07-20 13:07:44.783] [info] Frame 202 (t = 2.02):	 total squared error = 0.000550930, marker error: RMS = 0.00451717, max = 0.0105460 (L_Thigh_Lateral)
[2026-07-20 13:07:44.794] [info] Frame 203 (t = 2.03):	 total squared error = 0.000578399, marker error: RMS = 0.00462841, max = 0.0111097 (L_Thigh_Lateral)
[2026-07-20 13:07:44.819] [info] Frame 204 (t = 2.04):	 total squared error = 0.000533716, marker error: RMS = 0.00444604, max = 0.0113259 (L_Thigh_Lateral)
[2026-07-20 13:07:44.840] [info] Frame 205 (t = 2.05):	 total squared error = 0.000545158, marker error: RMS = 0.00449344, max = 0.0118505 (L_Thigh_Lateral)
[2026-07-20 13:07:44.864] [info] Frame 206 (t = 2.06):	 total squared error = 0.000561170, marker error: RMS = 0.00455896, max = 0.0118192 (L_Thigh_Lateral)
[2026-07-20 13:07:44.880] [info] Frame 207 (t = 2.07):	 total squared error = 0.000597595, marker error: RMS = 0.00470459, max = 0.0122135 (L_Thigh_Lateral)
[2026-07-20 13:07:44.903] [info] Frame 208 (t = 2.08):	 total squared error = 0.000629418, marker error: RMS = 0.00482823, max = 0.0121498 (L_Thigh_Lateral)
[2026-07-20 13:07:44.920] [info] Frame 209 (t = 2.09):	 total squared error = 0.000663227, marker error: RMS = 0.00495620, max = 0.0121981 (L_Thigh_Lateral)
[2026-07-20 13:07:44.944] [info] Frame 210 (t = 2.1):	 total squared error = 0.000673193, marker error: RMS = 0.00499330, max = 0.0118523 (L_Thigh_Lateral)
[2026-07-20 13:07:44.951] [info] Frame 211 (t = 2.11):	 total squared error = 0.000679805, marker error: RMS = 0.00501776, max = 0.0113963 (L_Thigh_Lateral)
[2026-07-20 13:07:44.970] [info] Frame 212 (t = 2.12):	 total squared error = 0.000651231, marker error: RMS = 0.00491118, max = 0.0114172 (L_Thigh_Lateral)
[2026-07-20 13:07:44.983] [info] Frame 213 (t = 2.13):	 total squared error = 0.000618103, marker error: RMS = 0.00478463, max = 0.0109944 (L_Thigh_Lateral)
[2026-07-20 13:07:44.997] [info] Frame 214 (t = 2.14):	 total squared error = 0.000574468, marker error: RMS = 0.00461265, max = 0.0105942 (L_Thigh_Lateral)
[2026-07-20 13:07:45.023] [info] Frame 215 (t = 2.15):	 total squared error = 0.000522149, marker error: RMS = 0.00439760, max = 0.0103126 (L_Thigh_Lateral)
[2026-07-20 13:07:45.039] [info] Frame 216 (t = 2.16):	 total squared error = 0.000485323, marker error: RMS = 0.00423968, max = 0.00985124 (L_Thigh_Lateral)
[2026-07-20 13:07:45.056] [info] Frame 217 (t = 2.17):	 total squared error = 0.000457844, marker error: RMS = 0.00411791, max = 0.00943925 (L_Thigh_Lateral)
[2026-07-20 13:07:45.072] [info] Frame 218 (t = 2.18):	 total squared error = 0.000441493, marker error: RMS = 0.00404371, max = 0.00903730 (L_Thigh_Lateral)
[2026-07-20 13:07:45.093] [info] Frame 219 (t = 2.19):	 total squared error = 0.000426480, marker error: RMS = 0.00397436, max = 0.00889100 (L_Thigh_Lateral)
[2026-07-20 13:07:45.119] [info] Frame 220 (t = 2.2):	 total squared error = 0.000423299, marker error: RMS = 0.00395951, max = 0.00851724 (L_Thigh_Lateral)
[2026-07-20 13:07:45.135] [info] Frame 221 (t = 2.21):	 total squared error = 0.000426238, marker error: RMS = 0.00397323, max = 0.00809750 (R_Shank_Lateral)
[2026-07-20 13:07:45.149] [info] Frame 222 (t = 2.22):	 total squared error = 0.000427611, marker error: RMS = 0.00397963, max = 0.00848915 (R_Shank_Lateral)
[2026-07-20 13:07:45.167] [info] Frame 223 (t = 2.23):	 total squared error = 0.000416933, marker error: RMS = 0.00392963, max = 0.00854794 (R_Shank_Lateral)
[2026-07-20 13:07:45.181] [info] Frame 224 (t = 2.24):	 total squared error = 0.000408308, marker error: RMS = 0.00388877, max = 0.00804633 (R_Shank_Lateral)
[2026-07-20 13:07:45.202] [info] Frame 225 (t = 2.25):	 total squared error = 0.000394686, marker error: RMS = 0.00382335, max = 0.00787503 (L_Knee_Lateral)
[2026-07-20 13:07:45.222] [info] Frame 226 (t = 2.26):	 total squared error = 0.000401871, marker error: RMS = 0.00385799, max = 0.00855700 (L_Knee_Lateral)
[2026-07-20 13:07:45.242] [info] Frame 227 (t = 2.27):	 total squared error = 0.000422414, marker error: RMS = 0.00395537, max = 0.00897506 (L_Knee_Lateral)
[2026-07-20 13:07:45.269] [info] Frame 228 (t = 2.28):	 total squared error = 0.000438712, marker error: RMS = 0.00403096, max = 0.0101199 (L_Shank_Lateral)
[2026-07-20 13:07:45.290] [info] Frame 229 (t = 2.29):	 total squared error = 0.000481402, marker error: RMS = 0.00422252, max = 0.0108399 (L_Shank_Lateral)
[2026-07-20 13:07:45.305] [info] Frame 230 (t = 2.3):	 total squared error = 0.000543347, marker error: RMS = 0.00448597, max = 0.0108498 (L_Shank_Lateral)
[2026-07-20 13:07:45.323] [info] Frame 231 (t = 2.31):	 total squared error = 0.000607969, marker error: RMS = 0.00474525, max = 0.0114237 (L_Shank_Lateral)
[2026-07-20 13:07:45.341] [info] Frame 232 (t = 2.32):	 total squared error = 0.000665291, marker error: RMS = 0.00496391, max = 0.0123908 (L_Shank_Lateral)
[2026-07-20 13:07:45.355] [info] Frame 233 (t = 2.33):	 total squared error = 0.000724057, marker error: RMS = 0.00517851, max = 0.0130853 (L_Shank_Lateral)
[2026-07-20 13:07:45.373] [info] Frame 234 (t = 2.34):	 total squared error = 0.000764811, marker error: RMS = 0.00532225, max = 0.0144148 (L_Shank_Lateral)
[2026-07-20 13:07:45.387] [info] Frame 235 (t = 2.35):	 total squared error = 0.000798757, marker error: RMS = 0.00543908, max = 0.015314 (L_Shank_Lateral)
[2026-07-20 13:07:45.407] [info] Frame 236 (t = 2.36):	 total squared error = 0.000814652, marker error: RMS = 0.00549293, max = 0.0162161 (L_Shank_Lateral)
[2026-07-20 13:07:45.435] [info] Frame 237 (t = 2.37):	 total squared error = 0.000811677, marker error: RMS = 0.00548289, max = 0.0166846 (L_Shank_Lateral)
[2026-07-20 13:07:45.448] [info] Frame 238 (t = 2.38):	 total squared error = 0.000800570, marker error: RMS = 0.00544525, max = 0.0174232 (L_Shank_Lateral)
[2026-07-20 13:07:45.461] [info] Frame 239 (t = 2.39):	 total squared error = 0.000785268, marker error: RMS = 0.00539296, max = 0.0177395 (L_Shank_Lateral)
[2026-07-20 13:07:45.482] [info] Frame 240 (t = 2.4):	 total squared error = 0.000752147, marker error: RMS = 0.00527800, max = 0.0168407 (L_Shank_Lateral)
[2026-07-20 13:07:45.502] [info] Frame 241 (t = 2.41):	 total squared error = 0.000720805, marker error: RMS = 0.00516687, max = 0.0162386 (L_Shank_Lateral)
[2026-07-20 13:07:45.517] [info] Frame 242 (t = 2.42):	 total squared error = 0.000695333, marker error: RMS = 0.00507475, max = 0.0158030 (L_Shank_Lateral)
[2026-07-20 13:07:45.531] [info] Frame 243 (t = 2.43):	 total squared error = 0.000674674, marker error: RMS = 0.00499879, max = 0.0150856 (L_Shank_Lateral)
[2026-07-20 13:07:45.542] [info] Frame 244 (t = 2.44):	 total squared error = 0.000674799, marker error: RMS = 0.00499925, max = 0.0144249 (L_Shank_Lateral)
[2026-07-20 13:07:45.561] [info] Frame 245 (t = 2.45):	 total squared error = 0.000622199, marker error: RMS = 0.00480046, max = 0.0130205 (L_Shank_Lateral)
[2026-07-20 13:07:45.598] [info] Frame 246 (t = 2.46):	 total squared error = 0.000579867, marker error: RMS = 0.00463428, max = 0.0122524 (L_Thigh_Lateral)
[2026-07-20 13:07:45.631] [info] Frame 247 (t = 2.47):	 total squared error = 0.000559213, marker error: RMS = 0.00455100, max = 0.0122771 (L_Thigh_Lateral)
[2026-07-20 13:07:45.662] [info] Frame 248 (t = 2.48):	 total squared error = 0.000536024, marker error: RMS = 0.00445564, max = 0.0122023 (L_Thigh_Lateral)
[2026-07-20 13:07:45.682] [info] Frame 249 (t = 2.49):	 total squared error = 0.000517812, marker error: RMS = 0.00437930, max = 0.0120627 (L_Thigh_Lateral)
[2026-07-20 13:07:45.708] [info] Frame 250 (t = 2.5):	 total squared error = 0.000490415, marker error: RMS = 0.00426187, max = 0.0117944 (L_Thigh_Lateral)
[2026-07-20 13:07:45.712] [info] InverseKinematicsTool completed 211 frames in 4 second(s).
[2026-07-20 13:07:45.744] [info] Loaded model TCV04-scaled from file C:\Users\Lucia\Desktop\TFG\2_JMP\TVC04\Walk_3\TVC04_3_JMP_results\TVC04_3_NMSM_JMP_06_shoulder_elbow.osim
[2026-07-20 13:07:46.177] [warning] Coordinate.setValue:  coordinate pro_sup_r is locked. Unable to change its value.
[2026-07-20 13:07:46.212] [warning] Coordinate.setValue:  coordinate pro_sup_l is locked. Unable to change its value.
[2026-07-20 13:08:15.334] [info] Loaded model TCV04-scaled from file C:\Users\Lucia\Desktop\TFG\2_JMP\TVC04\Walk_3\TVC04_3_JMP_results\TVC04_3_NMSM_JMP_06_shoulder_elbow.osim
[2026-07-20 13:08:15.343] [cout] [info] 
               MODEL: TCV04-scaled
         coordinates: 41
              forces: 103
           actuators: 103
             muscles: 86
            analyses: 0
              probes: 0
              bodies: 24
              joints: 24
         constraints: 2
             markers: 27
         controllers: 0
  contact geometries: 0
misc modelcomponents: 0
[2026-07-20 13:08:15.343] [info] Running tool .
[2026-07-20 13:08:15.418] [info] Frame 40 (t = 0.4):	 total squared error = 0.000919340, marker error: RMS = 0.00583521, max = 0.0183683 (L_Shank_Lateral)
[2026-07-20 13:08:15.437] [info] Frame 41 (t = 0.41):	 total squared error = 0.000867074, marker error: RMS = 0.00566691, max = 0.017585 (L_Shank_Lateral)
[2026-07-20 13:08:15.453] [info] Frame 42 (t = 0.42):	 total squared error = 0.000823067, marker error: RMS = 0.00552123, max = 0.016714 (L_Shank_Lateral)
[2026-07-20 13:08:15.478] [info] Frame 43 (t = 0.43):	 total squared error = 0.000770805, marker error: RMS = 0.00534306, max = 0.0152703 (L_Shank_Lateral)
[2026-07-20 13:08:15.497] [info] Frame 44 (t = 0.44):	 total squared error = 0.000731747, marker error: RMS = 0.00520593, max = 0.0141529 (L_Thigh_Lateral)
[2026-07-20 13:08:15.522] [info] Frame 45 (t = 0.45):	 total squared error = 0.000694718, marker error: RMS = 0.00507250, max = 0.0138507 (L_Thigh_Lateral)
[2026-07-20 13:08:15.535] [info] Frame 46 (t = 0.46):	 total squared error = 0.000677810, marker error: RMS = 0.00501040, max = 0.0138961 (L_Thigh_Lateral)
[2026-07-20 13:08:15.564] [info] Frame 47 (t = 0.47):	 total squared error = 0.000635569, marker error: RMS = 0.00485176, max = 0.0133557 (L_Thigh_Lateral)
[2026-07-20 13:08:15.584] [info] Frame 48 (t = 0.48):	 total squared error = 0.000615621, marker error: RMS = 0.00477502, max = 0.0130608 (L_Thigh_Lateral)
[2026-07-20 13:08:15.597] [info] Frame 49 (t = 0.49):	 total squared error = 0.000605125, marker error: RMS = 0.00473413, max = 0.0129424 (L_Thigh_Lateral)
[2026-07-20 13:08:15.620] [info] Frame 50 (t = 0.5):	 total squared error = 0.000576611, marker error: RMS = 0.00462125, max = 0.0122673 (L_Thigh_Lateral)
[2026-07-20 13:08:15.634] [info] Frame 51 (t = 0.51):	 total squared error = 0.000572502, marker error: RMS = 0.00460476, max = 0.0118932 (L_Thigh_Lateral)
[2026-07-20 13:08:15.662] [info] Frame 52 (t = 0.52):	 total squared error = 0.000556127, marker error: RMS = 0.00453842, max = 0.0110427 (L_Thigh_Lateral)
[2026-07-20 13:08:15.684] [info] Frame 53 (t = 0.53):	 total squared error = 0.000558539, marker error: RMS = 0.00454826, max = 0.0104878 (L_Thigh_Lateral)
[2026-07-20 13:08:15.703] [info] Frame 54 (t = 0.54):	 total squared error = 0.000573808, marker error: RMS = 0.00461001, max = 0.00995171 (L_Thigh_Lateral)
[2026-07-20 13:08:15.729] [info] Frame 55 (t = 0.55):	 total squared error = 0.000602588, marker error: RMS = 0.00472420, max = 0.00986035 (R_Thigh_Lateral)
[2026-07-20 13:08:15.751] [info] Frame 56 (t = 0.56):	 total squared error = 0.000648360, marker error: RMS = 0.00490034, max = 0.0104971 (R_Thigh_Lateral)
[2026-07-20 13:08:15.780] [info] Frame 57 (t = 0.57):	 total squared error = 0.000708601, marker error: RMS = 0.00512294, max = 0.0110225 (R_Thigh_Lateral)
[2026-07-20 13:08:15.794] [info] Frame 58 (t = 0.58):	 total squared error = 0.000788891, marker error: RMS = 0.00540539, max = 0.0115503 (R_Thigh_Lateral)
[2026-07-20 13:08:15.831] [info] Frame 59 (t = 0.59):	 total squared error = 0.000855871, marker error: RMS = 0.00563018, max = 0.0118198 (R_Thigh_Lateral)
[2026-07-20 13:08:15.840] [info] Frame 60 (t = 0.6):	 total squared error = 0.000930888, marker error: RMS = 0.00587174, max = 0.0128905 (L_Thigh_Lateral)
[2026-07-20 13:08:15.872] [info] Frame 61 (t = 0.61):	 total squared error = 0.000962746, marker error: RMS = 0.00597137, max = 0.013175 (L_Thigh_Lateral)
[2026-07-20 13:08:15.886] [info] Frame 62 (t = 0.62):	 total squared error = 0.000976785, marker error: RMS = 0.00601475, max = 0.0137929 (L_Thigh_Lateral)
[2026-07-20 13:08:15.913] [info] Frame 63 (t = 0.63):	 total squared error = 0.000953933, marker error: RMS = 0.00594398, max = 0.0133494 (L_Thigh_Lateral)
[2026-07-20 13:08:15.923] [info] Frame 64 (t = 0.64):	 total squared error = 0.000910001, marker error: RMS = 0.00580549, max = 0.0129769 (L_Thigh_Lateral)
[2026-07-20 13:08:15.936] [info] Frame 65 (t = 0.65):	 total squared error = 0.000833186, marker error: RMS = 0.00555506, max = 0.012219 (L_Thigh_Lateral)
[2026-07-20 13:08:15.959] [info] Frame 66 (t = 0.66):	 total squared error = 0.000742775, marker error: RMS = 0.00524501, max = 0.0112286 (L_Shank_Lateral)
[2026-07-20 13:08:15.979] [info] Frame 67 (t = 0.67):	 total squared error = 0.000644628, marker error: RMS = 0.00488622, max = 0.0110453 (L_Shank_Lateral)
[2026-07-20 13:08:15.995] [info] Frame 68 (t = 0.68):	 total squared error = 0.000546126, marker error: RMS = 0.00449743, max = 0.0107031 (L_Shank_Lateral)
[2026-07-20 13:08:16.006] [info] Frame 69 (t = 0.69):	 total squared error = 0.000469417, marker error: RMS = 0.00416963, max = 0.0106923 (L_Shank_Lateral)
[2026-07-20 13:08:16.041] [info] Frame 70 (t = 0.7):	 total squared error = 0.000361260, marker error: RMS = 0.00365787, max = 0.00893417 (L_Shank_Lateral)
[2026-07-20 13:08:16.057] [info] Frame 71 (t = 0.71):	 total squared error = 0.000303305, marker error: RMS = 0.00335164, max = 0.00885853 (L_Shank_Lateral)
[2026-07-20 13:08:16.082] [info] Frame 72 (t = 0.72):	 total squared error = 0.000265722, marker error: RMS = 0.00313713, max = 0.00828221 (L_Shank_Lateral)
[2026-07-20 13:08:16.117] [info] Frame 73 (t = 0.73):	 total squared error = 0.000263609, marker error: RMS = 0.00312463, max = 0.00726740 (L_Shank_Lateral)
[2026-07-20 13:08:16.141] [info] Frame 74 (t = 0.74):	 total squared error = 0.000289913, marker error: RMS = 0.00327681, max = 0.00721825 (R_Thigh_Lateral)
[2026-07-20 13:08:16.163] [info] Frame 75 (t = 0.75):	 total squared error = 0.000346104, marker error: RMS = 0.00358032, max = 0.00858136 (R_Thigh_Lateral)
[2026-07-20 13:08:16.179] [info] Frame 76 (t = 0.76):	 total squared error = 0.000429535, marker error: RMS = 0.00398857, max = 0.0106048 (R_Shank_Lateral)
[2026-07-20 13:08:16.203] [info] Frame 77 (t = 0.77):	 total squared error = 0.000522886, marker error: RMS = 0.00440070, max = 0.0129154 (R_Shank_Lateral)
[2026-07-20 13:08:16.223] [info] Frame 78 (t = 0.78):	 total squared error = 0.000625594, marker error: RMS = 0.00481354, max = 0.0149408 (R_Shank_Lateral)
[2026-07-20 13:08:16.253] [info] Frame 79 (t = 0.79):	 total squared error = 0.000721836, marker error: RMS = 0.00517056, max = 0.0165447 (R_Shank_Lateral)
[2026-07-20 13:08:16.274] [info] Frame 80 (t = 0.8):	 total squared error = 0.000795335, marker error: RMS = 0.00542742, max = 0.0176632 (R_Shank_Lateral)
[2026-07-20 13:08:16.291] [info] Frame 81 (t = 0.81):	 total squared error = 0.000844093, marker error: RMS = 0.00559131, max = 0.0183624 (R_Shank_Lateral)
[2026-07-20 13:08:16.306] [info] Frame 82 (t = 0.82):	 total squared error = 0.000865092, marker error: RMS = 0.00566043, max = 0.0186046 (R_Shank_Lateral)
[2026-07-20 13:08:16.324] [info] Frame 83 (t = 0.83):	 total squared error = 0.000860652, marker error: RMS = 0.00564588, max = 0.0185419 (R_Shank_Lateral)
[2026-07-20 13:08:16.341] [info] Frame 84 (t = 0.84):	 total squared error = 0.000839174, marker error: RMS = 0.00557499, max = 0.0182399 (R_Shank_Lateral)
[2026-07-20 13:08:16.356] [info] Frame 85 (t = 0.85):	 total squared error = 0.000808213, marker error: RMS = 0.00547118, max = 0.0176491 (R_Shank_Lateral)
[2026-07-20 13:08:16.380] [info] Frame 86 (t = 0.86):	 total squared error = 0.000769363, marker error: RMS = 0.00533806, max = 0.0170695 (R_Shank_Lateral)
[2026-07-20 13:08:16.392] [info] Frame 87 (t = 0.87):	 total squared error = 0.000734949, marker error: RMS = 0.00521731, max = 0.0164223 (R_Shank_Lateral)
[2026-07-20 13:08:16.413] [info] Frame 88 (t = 0.88):	 total squared error = 0.000699080, marker error: RMS = 0.00508840, max = 0.0158586 (R_Shank_Lateral)
[2026-07-20 13:08:16.426] [info] Frame 89 (t = 0.89):	 total squared error = 0.000673930, marker error: RMS = 0.00499603, max = 0.0153643 (R_Shank_Lateral)
[2026-07-20 13:08:16.452] [info] Frame 90 (t = 0.9):	 total squared error = 0.000653756, marker error: RMS = 0.00492069, max = 0.0149845 (R_Shank_Lateral)
[2026-07-20 13:08:16.461] [info] Frame 91 (t = 0.91):	 total squared error = 0.000662045, marker error: RMS = 0.00495179, max = 0.014849 (R_Shank_Lateral)
[2026-07-20 13:08:16.474] [info] Frame 92 (t = 0.92):	 total squared error = 0.000660968, marker error: RMS = 0.00494776, max = 0.0146271 (R_Shank_Lateral)
[2026-07-20 13:08:16.504] [info] Frame 93 (t = 0.93):	 total squared error = 0.000657299, marker error: RMS = 0.00493401, max = 0.0145643 (R_Shank_Lateral)
[2026-07-20 13:08:16.519] [info] Frame 94 (t = 0.94):	 total squared error = 0.000676020, marker error: RMS = 0.00500377, max = 0.0145529 (R_Thigh_Lateral)
[2026-07-20 13:08:16.541] [info] Frame 95 (t = 0.95):	 total squared error = 0.000681235, marker error: RMS = 0.00502304, max = 0.0146825 (R_Thigh_Lateral)
[2026-07-20 13:08:16.552] [info] Frame 96 (t = 0.96):	 total squared error = 0.000693020, marker error: RMS = 0.00506630, max = 0.015156 (R_Thigh_Lateral)
[2026-07-20 13:08:16.568] [info] Frame 97 (t = 0.97):	 total squared error = 0.000678175, marker error: RMS = 0.00501174, max = 0.0149669 (R_Thigh_Lateral)
[2026-07-20 13:08:16.592] [info] Frame 98 (t = 0.98):	 total squared error = 0.000642704, marker error: RMS = 0.00487892, max = 0.0144376 (R_Thigh_Lateral)
[2026-07-20 13:08:16.609] [info] Frame 99 (t = 0.99):	 total squared error = 0.000614973, marker error: RMS = 0.00477250, max = 0.0140529 (R_Thigh_Lateral)
[2026-07-20 13:08:16.626] [info] Frame 100 (t = 1.0):	 total squared error = 0.000579432, marker error: RMS = 0.00463254, max = 0.0132822 (R_Thigh_Lateral)
[2026-07-20 13:08:16.641] [info] Frame 101 (t = 1.01):	 total squared error = 0.000547041, marker error: RMS = 0.00450120, max = 0.0124684 (R_Thigh_Lateral)
[2026-07-20 13:08:16.670] [info] Frame 102 (t = 1.02):	 total squared error = 0.000501174, marker error: RMS = 0.00430836, max = 0.0109556 (R_Thigh_Lateral)
[2026-07-20 13:08:16.680] [info] Frame 103 (t = 1.03):	 total squared error = 0.000506485, marker error: RMS = 0.00433113, max = 0.00999252 (R_Thigh_Lateral)
[2026-07-20 13:08:16.710] [info] Frame 104 (t = 1.04):	 total squared error = 0.000456458, marker error: RMS = 0.00411167, max = 0.0102487 (L_Thigh_Lateral)
[2026-07-20 13:08:16.729] [info] Frame 105 (t = 1.05):	 total squared error = 0.000457940, marker error: RMS = 0.00411834, max = 0.0107603 (L_Thigh_Lateral)
[2026-07-20 13:08:16.754] [info] Frame 106 (t = 1.06):	 total squared error = 0.000462786, marker error: RMS = 0.00414007, max = 0.0109403 (L_Thigh_Lateral)
[2026-07-20 13:08:16.778] [info] Frame 107 (t = 1.07):	 total squared error = 0.000485525, marker error: RMS = 0.00424056, max = 0.0108910 (L_Thigh_Lateral)
[2026-07-20 13:08:16.803] [info] Frame 108 (t = 1.08):	 total squared error = 0.000525513, marker error: RMS = 0.00441174, max = 0.0109865 (L_Thigh_Lateral)
[2026-07-20 13:08:16.826] [info] Frame 109 (t = 1.09):	 total squared error = 0.000567511, marker error: RMS = 0.00458464, max = 0.0109315 (L_Thigh_Lateral)
[2026-07-20 13:08:16.849] [info] Frame 110 (t = 1.1):	 total squared error = 0.000596822, marker error: RMS = 0.00470155, max = 0.0107488 (L_Thigh_Lateral)
[2026-07-20 13:08:16.857] [info] Frame 111 (t = 1.11):	 total squared error = 0.000615726, marker error: RMS = 0.00477542, max = 0.0104768 (L_Thigh_Lateral)
[2026-07-20 13:08:16.865] [info] Frame 112 (t = 1.12):	 total squared error = 0.000614955, marker error: RMS = 0.00477243, max = 0.0104245 (R_Thigh_Lateral)
[2026-07-20 13:08:16.881] [info] Frame 113 (t = 1.13):	 total squared error = 0.000578618, marker error: RMS = 0.00462929, max = 0.0102786 (R_Thigh_Lateral)
[2026-07-20 13:08:16.900] [info] Frame 114 (t = 1.14):	 total squared error = 0.000540977, marker error: RMS = 0.00447618, max = 0.00987675 (R_Thigh_Lateral)
[2026-07-20 13:08:16.918] [info] Frame 115 (t = 1.15):	 total squared error = 0.000502873, marker error: RMS = 0.00431566, max = 0.00943969 (L_Thigh_Lateral)
[2026-07-20 13:08:16.940] [info] Frame 116 (t = 1.16):	 total squared error = 0.000467124, marker error: RMS = 0.00415943, max = 0.00918524 (L_Thigh_Lateral)
[2026-07-20 13:08:16.952] [info] Frame 117 (t = 1.17):	 total squared error = 0.000447317, marker error: RMS = 0.00407030, max = 0.00899288 (R_Shank_Lateral)
[2026-07-20 13:08:16.973] [info] Frame 118 (t = 1.18):	 total squared error = 0.000422864, marker error: RMS = 0.00395748, max = 0.00964057 (R_Shank_Lateral)
[2026-07-20 13:08:16.999] [info] Frame 119 (t = 1.19):	 total squared error = 0.000414646, marker error: RMS = 0.00391883, max = 0.0101965 (R_Shank_Lateral)
[2026-07-20 13:08:17.023] [info] Frame 120 (t = 1.2):	 total squared error = 0.000418939, marker error: RMS = 0.00393907, max = 0.0107283 (R_Shank_Lateral)
[2026-07-20 13:08:17.049] [info] Frame 121 (t = 1.21):	 total squared error = 0.000428743, marker error: RMS = 0.00398489, max = 0.0109460 (R_Shank_Lateral)
[2026-07-20 13:08:17.071] [info] Frame 122 (t = 1.22):	 total squared error = 0.000441013, marker error: RMS = 0.00404151, max = 0.0108656 (R_Shank_Lateral)
[2026-07-20 13:08:17.106] [info] Frame 123 (t = 1.23):	 total squared error = 0.000441865, marker error: RMS = 0.00404541, max = 0.0100219 (R_Shank_Lateral)
[2026-07-20 13:08:17.138] [info] Frame 124 (t = 1.24):	 total squared error = 0.000447112, marker error: RMS = 0.00406936, max = 0.00959847 (L_Shank_Lateral)
[2026-07-20 13:08:17.158] [info] Frame 125 (t = 1.25):	 total squared error = 0.000468013, marker error: RMS = 0.00416339, max = 0.0103443 (L_Shank_Lateral)
[2026-07-20 13:08:17.174] [info] Frame 126 (t = 1.26):	 total squared error = 0.000507031, marker error: RMS = 0.00433346, max = 0.0111603 (L_Shank_Lateral)
[2026-07-20 13:08:17.200] [info] Frame 127 (t = 1.27):	 total squared error = 0.000533601, marker error: RMS = 0.00444556, max = 0.0133452 (L_Shank_Lateral)
[2026-07-20 13:08:17.215] [info] Frame 128 (t = 1.28):	 total squared error = 0.000601373, marker error: RMS = 0.00471944, max = 0.013171 (L_Shank_Lateral)
[2026-07-20 13:08:17.238] [info] Frame 129 (t = 1.29):	 total squared error = 0.000660356, marker error: RMS = 0.00494547, max = 0.014456 (L_Shank_Lateral)
[2026-07-20 13:08:17.260] [info] Frame 130 (t = 1.3):	 total squared error = 0.000738021, marker error: RMS = 0.00522821, max = 0.014755 (L_Shank_Lateral)
[2026-07-20 13:08:17.280] [info] Frame 131 (t = 1.31):	 total squared error = 0.000811443, marker error: RMS = 0.00548210, max = 0.0152451 (L_Shank_Lateral)
[2026-07-20 13:08:17.289] [info] Frame 132 (t = 1.32):	 total squared error = 0.000889954, marker error: RMS = 0.00574119, max = 0.0155449 (L_Shank_Lateral)
[2026-07-20 13:08:17.303] [info] Frame 133 (t = 1.33):	 total squared error = 0.000916069, marker error: RMS = 0.00582481, max = 0.0160854 (L_Shank_Lateral)
[2026-07-20 13:08:17.316] [info] Frame 134 (t = 1.34):	 total squared error = 0.000932899, marker error: RMS = 0.00587808, max = 0.0167595 (L_Shank_Lateral)
[2026-07-20 13:08:17.336] [info] Frame 135 (t = 1.35):	 total squared error = 0.000919030, marker error: RMS = 0.00583422, max = 0.0168388 (L_Shank_Lateral)
[2026-07-20 13:08:17.348] [info] Frame 136 (t = 1.36):	 total squared error = 0.000883845, marker error: RMS = 0.00572145, max = 0.0173465 (L_Shank_Lateral)
[2026-07-20 13:08:17.379] [info] Frame 137 (t = 1.37):	 total squared error = 0.000825802, marker error: RMS = 0.00553039, max = 0.0165243 (L_Shank_Lateral)
[2026-07-20 13:08:17.391] [info] Frame 138 (t = 1.38):	 total squared error = 0.000771210, marker error: RMS = 0.00534447, max = 0.0166663 (L_Shank_Lateral)
[2026-07-20 13:08:17.407] [info] Frame 139 (t = 1.39):	 total squared error = 0.000715921, marker error: RMS = 0.00514933, max = 0.0158657 (L_Shank_Lateral)
[2026-07-20 13:08:17.426] [info] Frame 140 (t = 1.4):	 total squared error = 0.000665341, marker error: RMS = 0.00496410, max = 0.0149434 (L_Shank_Lateral)
[2026-07-20 13:08:17.441] [info] Frame 141 (t = 1.41):	 total squared error = 0.000625136, marker error: RMS = 0.00481177, max = 0.0143156 (L_Shank_Lateral)
[2026-07-20 13:08:17.472] [info] Frame 142 (t = 1.42):	 total squared error = 0.000577717, marker error: RMS = 0.00462568, max = 0.0129284 (L_Shank_Lateral)
[2026-07-20 13:08:17.492] [info] Frame 143 (t = 1.43):	 total squared error = 0.000542066, marker error: RMS = 0.00448068, max = 0.0119334 (L_Shank_Lateral)
[2026-07-20 13:08:17.515] [info] Frame 144 (t = 1.44):	 total squared error = 0.000508470, marker error: RMS = 0.00433961, max = 0.0107114 (L_Shank_Lateral)
[2026-07-20 13:08:17.539] [info] Frame 145 (t = 1.45):	 total squared error = 0.000476502, marker error: RMS = 0.00420098, max = 0.0102042 (L_Thigh_Lateral)
[2026-07-20 13:08:17.555] [info] Frame 146 (t = 1.46):	 total squared error = 0.000456561, marker error: RMS = 0.00411214, max = 0.00995762 (L_Thigh_Lateral)
[2026-07-20 13:08:17.576] [info] Frame 147 (t = 1.47):	 total squared error = 0.000430517, marker error: RMS = 0.00399313, max = 0.00960239 (L_Thigh_Lateral)
[2026-07-20 13:08:17.599] [info] Frame 148 (t = 1.48):	 total squared error = 0.000414254, marker error: RMS = 0.00391698, max = 0.00935701 (L_Thigh_Lateral)
[2026-07-20 13:08:17.616] [info] Frame 149 (t = 1.49):	 total squared error = 0.000410533, marker error: RMS = 0.00389935, max = 0.00923231 (L_Thigh_Lateral)
[2026-07-20 13:08:17.642] [info] Frame 150 (t = 1.5):	 total squared error = 0.000406128, marker error: RMS = 0.00387837, max = 0.00910124 (L_Thigh_Lateral)
[2026-07-20 13:08:17.669] [info] Frame 151 (t = 1.51):	 total squared error = 0.000410866, marker error: RMS = 0.00390093, max = 0.00907799 (L_Thigh_Lateral)
[2026-07-20 13:08:17.694] [info] Frame 152 (t = 1.52):	 total squared error = 0.000425526, marker error: RMS = 0.00396992, max = 0.00921104 (L_Thigh_Lateral)
[2026-07-20 13:08:17.713] [info] Frame 153 (t = 1.53):	 total squared error = 0.000449058, marker error: RMS = 0.00407821, max = 0.00949913 (L_Thigh_Lateral)
[2026-07-20 13:08:17.751] [info] Frame 154 (t = 1.54):	 total squared error = 0.000476667, marker error: RMS = 0.00420171, max = 0.00979161 (L_Thigh_Lateral)
[2026-07-20 13:08:17.775] [info] Frame 155 (t = 1.55):	 total squared error = 0.000516183, marker error: RMS = 0.00437240, max = 0.0103503 (L_Thigh_Lateral)
[2026-07-20 13:08:17.799] [info] Frame 156 (t = 1.56):	 total squared error = 0.000564877, marker error: RMS = 0.00457399, max = 0.0110541 (L_Thigh_Lateral)
[2026-07-20 13:08:17.817] [info] Frame 157 (t = 1.57):	 total squared error = 0.000624945, marker error: RMS = 0.00481104, max = 0.0119113 (L_Thigh_Lateral)
[2026-07-20 13:08:17.844] [info] Frame 158 (t = 1.58):	 total squared error = 0.000680279, marker error: RMS = 0.00501951, max = 0.0125454 (L_Thigh_Lateral)
[2026-07-20 13:08:17.856] [info] Frame 159 (t = 1.59):	 total squared error = 0.000744007, marker error: RMS = 0.00524936, max = 0.0132806 (L_Thigh_Lateral)
[2026-07-20 13:08:17.865] [info] Frame 160 (t = 1.6):	 total squared error = 0.000794543, marker error: RMS = 0.00542471, max = 0.013858 (L_Thigh_Lateral)
[2026-07-20 13:08:17.896] [info] Frame 161 (t = 1.61):	 total squared error = 0.000798032, marker error: RMS = 0.00543661, max = 0.0131155 (L_Thigh_Lateral)
[2026-07-20 13:08:17.907] [info] Frame 162 (t = 1.62):	 total squared error = 0.000798580, marker error: RMS = 0.00543848, max = 0.0131338 (L_Thigh_Lateral)
[2026-07-20 13:08:17.921] [info] Frame 163 (t = 1.63):	 total squared error = 0.000772586, marker error: RMS = 0.00534923, max = 0.0128565 (L_Thigh_Lateral)
[2026-07-20 13:08:17.930] [info] Frame 164 (t = 1.64):	 total squared error = 0.000728764, marker error: RMS = 0.00519531, max = 0.0121937 (L_Shank_Lateral)
[2026-07-20 13:08:17.941] [info] Frame 165 (t = 1.65):	 total squared error = 0.000662285, marker error: RMS = 0.00495268, max = 0.0114769 (L_Thigh_Lateral)
[2026-07-20 13:08:17.960] [info] Frame 166 (t = 1.66):	 total squared error = 0.000578330, marker error: RMS = 0.00462813, max = 0.0103595 (L_Shank_Lateral)
[2026-07-20 13:08:17.981] [info] Frame 167 (t = 1.67):	 total squared error = 0.000497147, marker error: RMS = 0.00429102, max = 0.00952623 (L_Shank_Lateral)
[2026-07-20 13:08:17.993] [info] Frame 168 (t = 1.68):	 total squared error = 0.000422608, marker error: RMS = 0.00395628, max = 0.00886424 (L_Shank_Lateral)
[2026-07-20 13:08:18.016] [info] Frame 169 (t = 1.69):	 total squared error = 0.000351692, marker error: RMS = 0.00360910, max = 0.00836041 (L_Shank_Lateral)
[2026-07-20 13:08:18.041] [info] Frame 170 (t = 1.7):	 total squared error = 0.000294316, marker error: RMS = 0.00330161, max = 0.00763895 (L_Shank_Lateral)
[2026-07-20 13:08:18.062] [info] Frame 171 (t = 1.71):	 total squared error = 0.000250526, marker error: RMS = 0.00304610, max = 0.00770943 (L_Shank_Lateral)
[2026-07-20 13:08:18.078] [info] Frame 172 (t = 1.72):	 total squared error = 0.000227475, marker error: RMS = 0.00290259, max = 0.00787421 (L_Shank_Lateral)
[2026-07-20 13:08:18.101] [info] Frame 173 (t = 1.73):	 total squared error = 0.000226640, marker error: RMS = 0.00289725, max = 0.00747415 (L_Shank_Lateral)
[2026-07-20 13:08:18.131] [info] Frame 174 (t = 1.74):	 total squared error = 0.000253056, marker error: RMS = 0.00306145, max = 0.00745373 (L_Shank_Lateral)
[2026-07-20 13:08:18.151] [info] Frame 175 (t = 1.75):	 total squared error = 0.000305381, marker error: RMS = 0.00336310, max = 0.00771794 (L_Shank_Lateral)
[2026-07-20 13:08:18.176] [info] Frame 176 (t = 1.76):	 total squared error = 0.000387624, marker error: RMS = 0.00378899, max = 0.00951202 (R_Shank_Lateral)
[2026-07-20 13:08:18.195] [info] Frame 177 (t = 1.77):	 total squared error = 0.000492176, marker error: RMS = 0.00426951, max = 0.0120311 (R_Shank_Lateral)
[2026-07-20 13:08:18.215] [info] Frame 178 (t = 1.78):	 total squared error = 0.000611522, marker error: RMS = 0.00475909, max = 0.0145195 (R_Shank_Lateral)
[2026-07-20 13:08:18.235] [info] Frame 179 (t = 1.79):	 total squared error = 0.000729330, marker error: RMS = 0.00519733, max = 0.0165065 (R_Shank_Lateral)
[2026-07-20 13:08:18.250] [info] Frame 180 (t = 1.8):	 total squared error = 0.000833789, marker error: RMS = 0.00555707, max = 0.0179295 (R_Shank_Lateral)
[2026-07-20 13:08:18.266] [info] Frame 181 (t = 1.81):	 total squared error = 0.000905717, marker error: RMS = 0.00579181, max = 0.0190242 (R_Shank_Lateral)
[2026-07-20 13:08:18.286] [info] Frame 182 (t = 1.82):	 total squared error = 0.000942773, marker error: RMS = 0.00590911, max = 0.0198027 (R_Shank_Lateral)
[2026-07-20 13:08:18.301] [info] Frame 183 (t = 1.83):	 total squared error = 0.000953710, marker error: RMS = 0.00594328, max = 0.0197573 (R_Shank_Lateral)
[2026-07-20 13:08:18.327] [info] Frame 184 (t = 1.84):	 total squared error = 0.000943290, marker error: RMS = 0.00591072, max = 0.0199466 (R_Shank_Lateral)
[2026-07-20 13:08:18.347] [info] Frame 185 (t = 1.85):	 total squared error = 0.000930624, marker error: RMS = 0.00587091, max = 0.0196168 (R_Shank_Lateral)
[2026-07-20 13:08:18.364] [info] Frame 186 (t = 1.86):	 total squared error = 0.000921805, marker error: RMS = 0.00584302, max = 0.0193663 (R_Shank_Lateral)
[2026-07-20 13:08:18.378] [info] Frame 187 (t = 1.87):	 total squared error = 0.000921388, marker error: RMS = 0.00584170, max = 0.019317 (R_Shank_Lateral)
[2026-07-20 13:08:18.391] [info] Frame 188 (t = 1.88):	 total squared error = 0.000927821, marker error: RMS = 0.00586206, max = 0.0193591 (R_Shank_Lateral)
[2026-07-20 13:08:18.404] [info] Frame 189 (t = 1.89):	 total squared error = 0.000934123, marker error: RMS = 0.00588193, max = 0.0194436 (R_Shank_Lateral)
[2026-07-20 13:08:18.428] [info] Frame 190 (t = 1.9):	 total squared error = 0.000938018, marker error: RMS = 0.00589419, max = 0.0191277 (R_Shank_Lateral)
[2026-07-20 13:08:18.437] [info] Frame 191 (t = 1.91):	 total squared error = 0.000962442, marker error: RMS = 0.00597043, max = 0.0193941 (R_Shank_Lateral)
[2026-07-20 13:08:18.452] [info] Frame 192 (t = 1.92):	 total squared error = 0.000941866, marker error: RMS = 0.00590626, max = 0.0193382 (R_Shank_Lateral)
[2026-07-20 13:08:18.480] [info] Frame 193 (t = 1.93):	 total squared error = 0.000935202, marker error: RMS = 0.00588533, max = 0.0188363 (R_Shank_Lateral)
[2026-07-20 13:08:18.503] [info] Frame 194 (t = 1.94):	 total squared error = 0.000925802, marker error: RMS = 0.00585568, max = 0.0185861 (R_Shank_Lateral)
[2026-07-20 13:08:18.514] [info] Frame 195 (t = 1.95):	 total squared error = 0.000915056, marker error: RMS = 0.00582159, max = 0.0181576 (R_Shank_Lateral)
[2026-07-20 13:08:18.541] [info] Frame 196 (t = 1.96):	 total squared error = 0.000870748, marker error: RMS = 0.00567890, max = 0.0169704 (R_Shank_Lateral)
[2026-07-20 13:08:18.554] [info] Frame 197 (t = 1.97):	 total squared error = 0.000829583, marker error: RMS = 0.00554304, max = 0.0160981 (R_Thigh_Lateral)
[2026-07-20 13:08:18.570] [info] Frame 198 (t = 1.98):	 total squared error = 0.000767184, marker error: RMS = 0.00533050, max = 0.0153674 (R_Thigh_Lateral)
[2026-07-20 13:08:18.588] [info] Frame 199 (t = 1.99):	 total squared error = 0.000694958, marker error: RMS = 0.00507338, max = 0.0143663 (R_Thigh_Lateral)
[2026-07-20 13:08:18.622] [info] Frame 200 (t = 2.0):	 total squared error = 0.000619412, marker error: RMS = 0.00478970, max = 0.0129265 (R_Thigh_Lateral)
[2026-07-20 13:08:18.641] [info] Frame 201 (t = 2.01):	 total squared error = 0.000574004, marker error: RMS = 0.00461079, max = 0.0117304 (R_Thigh_Lateral)
[2026-07-20 13:08:18.658] [info] Frame 202 (t = 2.02):	 total squared error = 0.000550930, marker error: RMS = 0.00451717, max = 0.0105460 (L_Thigh_Lateral)
[2026-07-20 13:08:18.671] [info] Frame 203 (t = 2.03):	 total squared error = 0.000578399, marker error: RMS = 0.00462841, max = 0.0111097 (L_Thigh_Lateral)
[2026-07-20 13:08:18.694] [info] Frame 204 (t = 2.04):	 total squared error = 0.000533716, marker error: RMS = 0.00444604, max = 0.0113259 (L_Thigh_Lateral)
[2026-07-20 13:08:18.715] [info] Frame 205 (t = 2.05):	 total squared error = 0.000545158, marker error: RMS = 0.00449344, max = 0.0118505 (L_Thigh_Lateral)
[2026-07-20 13:08:18.738] [info] Frame 206 (t = 2.06):	 total squared error = 0.000561170, marker error: RMS = 0.00455896, max = 0.0118192 (L_Thigh_Lateral)
[2026-07-20 13:08:18.753] [info] Frame 207 (t = 2.07):	 total squared error = 0.000597595, marker error: RMS = 0.00470459, max = 0.0122135 (L_Thigh_Lateral)
[2026-07-20 13:08:18.775] [info] Frame 208 (t = 2.08):	 total squared error = 0.000629418, marker error: RMS = 0.00482823, max = 0.0121498 (L_Thigh_Lateral)
[2026-07-20 13:08:18.791] [info] Frame 209 (t = 2.09):	 total squared error = 0.000663227, marker error: RMS = 0.00495620, max = 0.0121981 (L_Thigh_Lateral)
[2026-07-20 13:08:18.815] [info] Frame 210 (t = 2.1):	 total squared error = 0.000673193, marker error: RMS = 0.00499330, max = 0.0118523 (L_Thigh_Lateral)
[2026-07-20 13:08:18.822] [info] Frame 211 (t = 2.11):	 total squared error = 0.000679805, marker error: RMS = 0.00501776, max = 0.0113963 (L_Thigh_Lateral)
[2026-07-20 13:08:18.841] [info] Frame 212 (t = 2.12):	 total squared error = 0.000651231, marker error: RMS = 0.00491118, max = 0.0114172 (L_Thigh_Lateral)
[2026-07-20 13:08:18.854] [info] Frame 213 (t = 2.13):	 total squared error = 0.000618103, marker error: RMS = 0.00478463, max = 0.0109944 (L_Thigh_Lateral)
[2026-07-20 13:08:18.869] [info] Frame 214 (t = 2.14):	 total squared error = 0.000574468, marker error: RMS = 0.00461265, max = 0.0105942 (L_Thigh_Lateral)
[2026-07-20 13:08:18.894] [info] Frame 215 (t = 2.15):	 total squared error = 0.000522149, marker error: RMS = 0.00439760, max = 0.0103126 (L_Thigh_Lateral)
[2026-07-20 13:08:18.910] [info] Frame 216 (t = 2.16):	 total squared error = 0.000485323, marker error: RMS = 0.00423968, max = 0.00985124 (L_Thigh_Lateral)
[2026-07-20 13:08:18.927] [info] Frame 217 (t = 2.17):	 total squared error = 0.000457844, marker error: RMS = 0.00411791, max = 0.00943925 (L_Thigh_Lateral)
[2026-07-20 13:08:18.943] [info] Frame 218 (t = 2.18):	 total squared error = 0.000441493, marker error: RMS = 0.00404371, max = 0.00903730 (L_Thigh_Lateral)
[2026-07-20 13:08:18.968] [info] Frame 219 (t = 2.19):	 total squared error = 0.000426480, marker error: RMS = 0.00397436, max = 0.00889100 (L_Thigh_Lateral)
[2026-07-20 13:08:18.995] [info] Frame 220 (t = 2.2):	 total squared error = 0.000423299, marker error: RMS = 0.00395951, max = 0.00851724 (L_Thigh_Lateral)
[2026-07-20 13:08:19.010] [info] Frame 221 (t = 2.21):	 total squared error = 0.000426238, marker error: RMS = 0.00397323, max = 0.00809750 (R_Shank_Lateral)
[2026-07-20 13:08:19.023] [info] Frame 222 (t = 2.22):	 total squared error = 0.000427611, marker error: RMS = 0.00397963, max = 0.00848915 (R_Shank_Lateral)
[2026-07-20 13:08:19.041] [info] Frame 223 (t = 2.23):	 total squared error = 0.000416933, marker error: RMS = 0.00392963, max = 0.00854794 (R_Shank_Lateral)
[2026-07-20 13:08:19.055] [info] Frame 224 (t = 2.24):	 total squared error = 0.000408308, marker error: RMS = 0.00388877, max = 0.00804633 (R_Shank_Lateral)
[2026-07-20 13:08:19.076] [info] Frame 225 (t = 2.25):	 total squared error = 0.000394686, marker error: RMS = 0.00382335, max = 0.00787503 (L_Knee_Lateral)
[2026-07-20 13:08:19.098] [info] Frame 226 (t = 2.26):	 total squared error = 0.000401871, marker error: RMS = 0.00385799, max = 0.00855700 (L_Knee_Lateral)
[2026-07-20 13:08:19.118] [info] Frame 227 (t = 2.27):	 total squared error = 0.000422414, marker error: RMS = 0.00395537, max = 0.00897506 (L_Knee_Lateral)
[2026-07-20 13:08:19.144] [info] Frame 228 (t = 2.28):	 total squared error = 0.000438712, marker error: RMS = 0.00403096, max = 0.0101199 (L_Shank_Lateral)
[2026-07-20 13:08:19.164] [info] Frame 229 (t = 2.29):	 total squared error = 0.000481402, marker error: RMS = 0.00422252, max = 0.0108399 (L_Shank_Lateral)
[2026-07-20 13:08:19.181] [info] Frame 230 (t = 2.3):	 total squared error = 0.000543347, marker error: RMS = 0.00448597, max = 0.0108498 (L_Shank_Lateral)
[2026-07-20 13:08:19.199] [info] Frame 231 (t = 2.31):	 total squared error = 0.000607969, marker error: RMS = 0.00474525, max = 0.0114237 (L_Shank_Lateral)
[2026-07-20 13:08:19.216] [info] Frame 232 (t = 2.32):	 total squared error = 0.000665291, marker error: RMS = 0.00496391, max = 0.0123908 (L_Shank_Lateral)
[2026-07-20 13:08:19.231] [info] Frame 233 (t = 2.33):	 total squared error = 0.000724057, marker error: RMS = 0.00517851, max = 0.0130853 (L_Shank_Lateral)
[2026-07-20 13:08:19.250] [info] Frame 234 (t = 2.34):	 total squared error = 0.000764811, marker error: RMS = 0.00532225, max = 0.0144148 (L_Shank_Lateral)
[2026-07-20 13:08:19.264] [info] Frame 235 (t = 2.35):	 total squared error = 0.000798757, marker error: RMS = 0.00543908, max = 0.015314 (L_Shank_Lateral)
[2026-07-20 13:08:19.282] [info] Frame 236 (t = 2.36):	 total squared error = 0.000814652, marker error: RMS = 0.00549293, max = 0.0162161 (L_Shank_Lateral)
[2026-07-20 13:08:19.309] [info] Frame 237 (t = 2.37):	 total squared error = 0.000811677, marker error: RMS = 0.00548289, max = 0.0166846 (L_Shank_Lateral)
[2026-07-20 13:08:19.321] [info] Frame 238 (t = 2.38):	 total squared error = 0.000800570, marker error: RMS = 0.00544525, max = 0.0174232 (L_Shank_Lateral)
[2026-07-20 13:08:19.334] [info] Frame 239 (t = 2.39):	 total squared error = 0.000785268, marker error: RMS = 0.00539296, max = 0.0177395 (L_Shank_Lateral)
[2026-07-20 13:08:19.354] [info] Frame 240 (t = 2.4):	 total squared error = 0.000752147, marker error: RMS = 0.00527800, max = 0.0168407 (L_Shank_Lateral)
[2026-07-20 13:08:19.375] [info] Frame 241 (t = 2.41):	 total squared error = 0.000720805, marker error: RMS = 0.00516687, max = 0.0162386 (L_Shank_Lateral)
[2026-07-20 13:08:19.390] [info] Frame 242 (t = 2.42):	 total squared error = 0.000695333, marker error: RMS = 0.00507475, max = 0.0158030 (L_Shank_Lateral)
[2026-07-20 13:08:19.404] [info] Frame 243 (t = 2.43):	 total squared error = 0.000674674, marker error: RMS = 0.00499879, max = 0.0150856 (L_Shank_Lateral)
[2026-07-20 13:08:19.415] [info] Frame 244 (t = 2.44):	 total squared error = 0.000674799, marker error: RMS = 0.00499925, max = 0.0144249 (L_Shank_Lateral)
[2026-07-20 13:08:19.438] [info] Frame 245 (t = 2.45):	 total squared error = 0.000622199, marker error: RMS = 0.00480046, max = 0.0130205 (L_Shank_Lateral)
[2026-07-20 13:08:19.478] [info] Frame 246 (t = 2.46):	 total squared error = 0.000579867, marker error: RMS = 0.00463428, max = 0.0122524 (L_Thigh_Lateral)
[2026-07-20 13:08:19.509] [info] Frame 247 (t = 2.47):	 total squared error = 0.000559213, marker error: RMS = 0.00455100, max = 0.0122771 (L_Thigh_Lateral)
[2026-07-20 13:08:19.541] [info] Frame 248 (t = 2.48):	 total squared error = 0.000536024, marker error: RMS = 0.00445564, max = 0.0122023 (L_Thigh_Lateral)
[2026-07-20 13:08:19.562] [info] Frame 249 (t = 2.49):	 total squared error = 0.000517812, marker error: RMS = 0.00437930, max = 0.0120627 (L_Thigh_Lateral)
[2026-07-20 13:08:19.587] [info] Frame 250 (t = 2.5):	 total squared error = 0.000490415, marker error: RMS = 0.00426187, max = 0.0117944 (L_Thigh_Lateral)
[2026-07-20 13:08:19.590] [info] InverseKinematicsTool completed 211 frames in 4 second(s).
[2026-07-20 13:08:19.623] [info] Loaded model TCV04-scaled from file C:\Users\Lucia\Desktop\TFG\2_JMP\TVC04\Walk_3\TVC04_3_JMP_results\TVC04_3_NMSM_JMP_06_shoulder_elbow.osim
[2026-07-20 13:08:20.049] [warning] Coordinate.setValue:  coordinate pro_sup_r is locked. Unable to change its value.
[2026-07-20 13:08:20.081] [warning] Coordinate.setValue:  coordinate pro_sup_l is locked. Unable to change its value.
[2026-07-20 13:08:49.244] [info] Loaded model TCV04-scaled from file C:\Users\Lucia\Desktop\TFG\2_JMP\TVC04\Walk_3\TVC04_3_JMP_results\TVC04_3_NMSM_JMP_07_upper_limb_final.osim
[2026-07-20 13:08:49.254] [cout] [info] 
               MODEL: TCV04-scaled
         coordinates: 41
              forces: 103
           actuators: 103
             muscles: 86
            analyses: 0
              probes: 0
              bodies: 24
              joints: 24
         constraints: 2
             markers: 27
         controllers: 0
  contact geometries: 0
misc modelcomponents: 0
[2026-07-20 13:08:49.254] [info] Running tool .
[2026-07-20 13:08:49.329] [info] Frame 40 (t = 0.4):	 total squared error = 0.000898036, marker error: RMS = 0.00576720, max = 0.0183862 (L_Shank_Lateral)
[2026-07-20 13:08:49.341] [info] Frame 41 (t = 0.41):	 total squared error = 0.000848394, marker error: RMS = 0.00560553, max = 0.0177628 (L_Shank_Lateral)
[2026-07-20 13:08:49.368] [info] Frame 42 (t = 0.42):	 total squared error = 0.000795817, marker error: RMS = 0.00542906, max = 0.0164643 (L_Shank_Lateral)
[2026-07-20 13:08:49.387] [info] Frame 43 (t = 0.43):	 total squared error = 0.000750366, marker error: RMS = 0.00527175, max = 0.0153647 (L_Shank_Lateral)
[2026-07-20 13:08:49.399] [info] Frame 44 (t = 0.44):	 total squared error = 0.000721999, marker error: RMS = 0.00517114, max = 0.0142722 (L_Thigh_Lateral)
[2026-07-20 13:08:49.437] [info] Frame 45 (t = 0.45):	 total squared error = 0.000671761, marker error: RMS = 0.00498799, max = 0.0138101 (L_Thigh_Lateral)
[2026-07-20 13:08:49.460] [info] Frame 46 (t = 0.46):	 total squared error = 0.000643064, marker error: RMS = 0.00488029, max = 0.0135595 (L_Thigh_Lateral)
[2026-07-20 13:08:49.483] [info] Frame 47 (t = 0.47):	 total squared error = 0.000616228, marker error: RMS = 0.00477737, max = 0.0132633 (L_Thigh_Lateral)
[2026-07-20 13:08:49.507] [info] Frame 48 (t = 0.48):	 total squared error = 0.000593813, marker error: RMS = 0.00468968, max = 0.013 (L_Thigh_Lateral)
[2026-07-20 13:08:49.526] [info] Frame 49 (t = 0.49):	 total squared error = 0.000575666, marker error: RMS = 0.00461746, max = 0.0126494 (L_Thigh_Lateral)
[2026-07-20 13:08:49.541] [info] Frame 50 (t = 0.5):	 total squared error = 0.000568047, marker error: RMS = 0.00458680, max = 0.0123985 (L_Thigh_Lateral)
[2026-07-20 13:08:49.565] [info] Frame 51 (t = 0.51):	 total squared error = 0.000545569, marker error: RMS = 0.00449514, max = 0.0116885 (L_Thigh_Lateral)
[2026-07-20 13:08:49.578] [info] Frame 52 (t = 0.52):	 total squared error = 0.000547138, marker error: RMS = 0.00450160, max = 0.0111848 (L_Thigh_Lateral)
[2026-07-20 13:08:49.593] [info] Frame 53 (t = 0.53):	 total squared error = 0.000554022, marker error: RMS = 0.00452983, max = 0.0105706 (L_Thigh_Lateral)
[2026-07-20 13:08:49.626] [info] Frame 54 (t = 0.54):	 total squared error = 0.000554080, marker error: RMS = 0.00453007, max = 0.00986207 (L_Thigh_Lateral)
[2026-07-20 13:08:49.651] [info] Frame 55 (t = 0.55):	 total squared error = 0.000584831, marker error: RMS = 0.00465408, max = 0.00992352 (R_Thigh_Lateral)
[2026-07-20 13:08:49.677] [info] Frame 56 (t = 0.56):	 total squared error = 0.000630752, marker error: RMS = 0.00483334, max = 0.0105347 (R_Thigh_Lateral)
[2026-07-20 13:08:49.697] [info] Frame 57 (t = 0.57):	 total squared error = 0.000693369, marker error: RMS = 0.00506758, max = 0.0110507 (R_Thigh_Lateral)
[2026-07-20 13:08:49.714] [info] Frame 58 (t = 0.58):	 total squared error = 0.000769757, marker error: RMS = 0.00533943, max = 0.0115882 (R_Thigh_Lateral)
[2026-07-20 13:08:49.749] [info] Frame 59 (t = 0.59):	 total squared error = 0.000840263, marker error: RMS = 0.00557861, max = 0.0118295 (R_Thigh_Lateral)
[2026-07-20 13:08:49.758] [info] Frame 60 (t = 0.6):	 total squared error = 0.000914852, marker error: RMS = 0.00582094, max = 0.0128454 (L_Thigh_Lateral)
[2026-07-20 13:08:49.774] [info] Frame 61 (t = 0.61):	 total squared error = 0.000949941, marker error: RMS = 0.00593153, max = 0.013645 (L_Thigh_Lateral)
[2026-07-20 13:08:49.793] [info] Frame 62 (t = 0.62):	 total squared error = 0.000962410, marker error: RMS = 0.00597033, max = 0.0138579 (L_Thigh_Lateral)
[2026-07-20 13:08:49.805] [info] Frame 63 (t = 0.63):	 total squared error = 0.000945739, marker error: RMS = 0.00591839, max = 0.0141306 (L_Thigh_Lateral)
[2026-07-20 13:08:49.837] [info] Frame 64 (t = 0.64):	 total squared error = 0.000890115, marker error: RMS = 0.00574171, max = 0.0127519 (L_Thigh_Lateral)
[2026-07-20 13:08:49.855] [info] Frame 65 (t = 0.65):	 total squared error = 0.000817558, marker error: RMS = 0.00550272, max = 0.0119587 (L_Thigh_Lateral)
[2026-07-20 13:08:49.876] [info] Frame 66 (t = 0.66):	 total squared error = 0.000729529, marker error: RMS = 0.00519804, max = 0.0114173 (L_Shank_Lateral)
[2026-07-20 13:08:49.893] [info] Frame 67 (t = 0.67):	 total squared error = 0.000633178, marker error: RMS = 0.00484263, max = 0.0111843 (L_Shank_Lateral)
[2026-07-20 13:08:49.911] [info] Frame 68 (t = 0.68):	 total squared error = 0.000535150, marker error: RMS = 0.00445201, max = 0.0108542 (L_Shank_Lateral)
[2026-07-20 13:08:49.937] [info] Frame 69 (t = 0.69):	 total squared error = 0.000438149, marker error: RMS = 0.00402837, max = 0.00996131 (L_Shank_Lateral)
[2026-07-20 13:08:49.951] [info] Frame 70 (t = 0.7):	 total squared error = 0.000362989, marker error: RMS = 0.00366661, max = 0.00979297 (L_Shank_Lateral)
[2026-07-20 13:08:49.966] [info] Frame 71 (t = 0.71):	 total squared error = 0.000307162, marker error: RMS = 0.00337288, max = 0.00962027 (L_Shank_Lateral)
[2026-07-20 13:08:50.001] [info] Frame 72 (t = 0.72):	 total squared error = 0.000257630, marker error: RMS = 0.00308899, max = 0.00771948 (L_Shank_Lateral)
[2026-07-20 13:08:50.023] [info] Frame 73 (t = 0.73):	 total squared error = 0.000254824, marker error: RMS = 0.00307212, max = 0.00757887 (L_Shank_Lateral)
[2026-07-20 13:08:50.043] [info] Frame 74 (t = 0.74):	 total squared error = 0.000282610, marker error: RMS = 0.00323528, max = 0.00708169 (L_Shank_Lateral)
[2026-07-20 13:08:50.069] [info] Frame 75 (t = 0.75):	 total squared error = 0.000341779, marker error: RMS = 0.00355788, max = 0.00877963 (R_Thigh_Lateral)
[2026-07-20 13:08:50.093] [info] Frame 76 (t = 0.76):	 total squared error = 0.000421188, marker error: RMS = 0.00394963, max = 0.0104978 (R_Shank_Lateral)
[2026-07-20 13:08:50.112] [info] Frame 77 (t = 0.77):	 total squared error = 0.000517289, marker error: RMS = 0.00437708, max = 0.0128142 (R_Shank_Lateral)
[2026-07-20 13:08:50.141] [info] Frame 78 (t = 0.78):	 total squared error = 0.000622025, marker error: RMS = 0.00479979, max = 0.0147922 (R_Shank_Lateral)
[2026-07-20 13:08:50.157] [info] Frame 79 (t = 0.79):	 total squared error = 0.000717139, marker error: RMS = 0.00515371, max = 0.0162537 (R_Shank_Lateral)
[2026-07-20 13:08:50.172] [info] Frame 80 (t = 0.8):	 total squared error = 0.000792055, marker error: RMS = 0.00541621, max = 0.0174281 (R_Shank_Lateral)
[2026-07-20 13:08:50.192] [info] Frame 81 (t = 0.81):	 total squared error = 0.000839065, marker error: RMS = 0.00557463, max = 0.0183266 (R_Shank_Lateral)
[2026-07-20 13:08:50.206] [info] Frame 82 (t = 0.82):	 total squared error = 0.000864404, marker error: RMS = 0.00565818, max = 0.0183267 (R_Shank_Lateral)
[2026-07-20 13:08:50.221] [info] Frame 83 (t = 0.83):	 total squared error = 0.000861031, marker error: RMS = 0.00564713, max = 0.0182363 (R_Shank_Lateral)
[2026-07-20 13:08:50.235] [info] Frame 84 (t = 0.84):	 total squared error = 0.000836358, marker error: RMS = 0.00556563, max = 0.0180468 (R_Shank_Lateral)
[2026-07-20 13:08:50.252] [info] Frame 85 (t = 0.85):	 total squared error = 0.000800998, marker error: RMS = 0.00544671, max = 0.0176553 (R_Shank_Lateral)
[2026-07-20 13:08:50.271] [info] Frame 86 (t = 0.86):	 total squared error = 0.000762857, marker error: RMS = 0.00531544, max = 0.0170854 (R_Shank_Lateral)
[2026-07-20 13:08:50.284] [info] Frame 87 (t = 0.87):	 total squared error = 0.000726483, marker error: RMS = 0.00518718, max = 0.0163941 (R_Shank_Lateral)
[2026-07-20 13:08:50.297] [info] Frame 88 (t = 0.88):	 total squared error = 0.000692954, marker error: RMS = 0.00506606, max = 0.0158297 (R_Shank_Lateral)
[2026-07-20 13:08:50.311] [info] Frame 89 (t = 0.89):	 total squared error = 0.000664130, marker error: RMS = 0.00495958, max = 0.0153691 (R_Shank_Lateral)
[2026-07-20 13:08:50.325] [info] Frame 90 (t = 0.9):	 total squared error = 0.000646525, marker error: RMS = 0.00489340, max = 0.0150195 (R_Shank_Lateral)
[2026-07-20 13:08:50.345] [info] Frame 91 (t = 0.91):	 total squared error = 0.000635051, marker error: RMS = 0.00484978, max = 0.0147682 (R_Shank_Lateral)
[2026-07-20 13:08:50.363] [info] Frame 92 (t = 0.92):	 total squared error = 0.000636186, marker error: RMS = 0.00485411, max = 0.0146756 (R_Shank_Lateral)
[2026-07-20 13:08:50.384] [info] Frame 93 (t = 0.93):	 total squared error = 0.000644919, marker error: RMS = 0.00488732, max = 0.0145727 (R_Shank_Lateral)
[2026-07-20 13:08:50.398] [info] Frame 94 (t = 0.94):	 total squared error = 0.000659198, marker error: RMS = 0.00494113, max = 0.0144264 (R_Shank_Lateral)
[2026-07-20 13:08:50.416] [info] Frame 95 (t = 0.95):	 total squared error = 0.000666909, marker error: RMS = 0.00496994, max = 0.014653 (R_Thigh_Lateral)
[2026-07-20 13:08:50.428] [info] Frame 96 (t = 0.96):	 total squared error = 0.000678370, marker error: RMS = 0.00501247, max = 0.0151747 (R_Thigh_Lateral)
[2026-07-20 13:08:50.443] [info] Frame 97 (t = 0.97):	 total squared error = 0.000659005, marker error: RMS = 0.00494040, max = 0.0148855 (R_Thigh_Lateral)
[2026-07-20 13:08:50.464] [info] Frame 98 (t = 0.98):	 total squared error = 0.000627310, marker error: RMS = 0.00482013, max = 0.0144756 (R_Thigh_Lateral)
[2026-07-20 13:08:50.480] [info] Frame 99 (t = 0.99):	 total squared error = 0.000597299, marker error: RMS = 0.00470342, max = 0.0140007 (R_Thigh_Lateral)
[2026-07-20 13:08:50.498] [info] Frame 100 (t = 1.0):	 total squared error = 0.000558252, marker error: RMS = 0.00454709, max = 0.0131976 (R_Thigh_Lateral)
[2026-07-20 13:08:50.529] [info] Frame 101 (t = 1.01):	 total squared error = 0.000515345, marker error: RMS = 0.00436885, max = 0.0120747 (R_Thigh_Lateral)
[2026-07-20 13:08:50.539] [info] Frame 102 (t = 1.02):	 total squared error = 0.000506634, marker error: RMS = 0.00433177, max = 0.0112504 (R_Thigh_Lateral)
[2026-07-20 13:08:50.572] [info] Frame 103 (t = 1.03):	 total squared error = 0.000455269, marker error: RMS = 0.00410631, max = 0.00993136 (L_Thigh_Lateral)
[2026-07-20 13:08:50.589] [info] Frame 104 (t = 1.04):	 total squared error = 0.000448681, marker error: RMS = 0.00407650, max = 0.0104831 (L_Thigh_Lateral)
[2026-07-20 13:08:50.605] [info] Frame 105 (t = 1.05):	 total squared error = 0.000456267, marker error: RMS = 0.00411081, max = 0.0109275 (L_Thigh_Lateral)
[2026-07-20 13:08:50.624] [info] Frame 106 (t = 1.06):	 total squared error = 0.000452681, marker error: RMS = 0.00409463, max = 0.0110595 (L_Thigh_Lateral)
[2026-07-20 13:08:50.652] [info] Frame 107 (t = 1.07):	 total squared error = 0.000465385, marker error: RMS = 0.00415169, max = 0.0108730 (L_Thigh_Lateral)
[2026-07-20 13:08:50.666] [info] Frame 108 (t = 1.08):	 total squared error = 0.000512738, marker error: RMS = 0.00435779, max = 0.0110983 (L_Thigh_Lateral)
[2026-07-20 13:08:50.675] [info] Frame 109 (t = 1.09):	 total squared error = 0.000570202, marker error: RMS = 0.00459550, max = 0.0110137 (L_Thigh_Lateral)
[2026-07-20 13:08:50.698] [info] Frame 110 (t = 1.1):	 total squared error = 0.000580384, marker error: RMS = 0.00463635, max = 0.0107493 (L_Thigh_Lateral)
[2026-07-20 13:08:50.706] [info] Frame 111 (t = 1.11):	 total squared error = 0.000599462, marker error: RMS = 0.00471193, max = 0.0104727 (L_Thigh_Lateral)
[2026-07-20 13:08:50.714] [info] Frame 112 (t = 1.12):	 total squared error = 0.000598613, marker error: RMS = 0.00470859, max = 0.0103895 (R_Thigh_Lateral)
[2026-07-20 13:08:50.730] [info] Frame 113 (t = 1.13):	 total squared error = 0.000561760, marker error: RMS = 0.00456135, max = 0.0102276 (R_Thigh_Lateral)
[2026-07-20 13:08:50.742] [info] Frame 114 (t = 1.14):	 total squared error = 0.000527796, marker error: RMS = 0.00442131, max = 0.00989205 (R_Thigh_Lateral)
[2026-07-20 13:08:50.758] [info] Frame 115 (t = 1.15):	 total squared error = 0.000485879, marker error: RMS = 0.00424211, max = 0.00953306 (L_Thigh_Lateral)
[2026-07-20 13:08:50.773] [info] Frame 116 (t = 1.16):	 total squared error = 0.000451310, marker error: RMS = 0.00408842, max = 0.00916481 (L_Thigh_Lateral)
[2026-07-20 13:08:50.793] [info] Frame 117 (t = 1.17):	 total squared error = 0.000422463, marker error: RMS = 0.00395560, max = 0.00894475 (R_Shank_Lateral)
[2026-07-20 13:08:50.812] [info] Frame 118 (t = 1.18):	 total squared error = 0.000405106, marker error: RMS = 0.00387349, max = 0.00974106 (R_Shank_Lateral)
[2026-07-20 13:08:50.827] [info] Frame 119 (t = 1.19):	 total squared error = 0.000403214, marker error: RMS = 0.00386443, max = 0.0106690 (R_Shank_Lateral)
[2026-07-20 13:08:50.841] [info] Frame 120 (t = 1.2):	 total squared error = 0.000414042, marker error: RMS = 0.00391598, max = 0.0113102 (R_Shank_Lateral)
[2026-07-20 13:08:50.877] [info] Frame 121 (t = 1.21):	 total squared error = 0.000408733, marker error: RMS = 0.00389079, max = 0.0109955 (R_Shank_Lateral)
[2026-07-20 13:08:50.901] [info] Frame 122 (t = 1.22):	 total squared error = 0.000420367, marker error: RMS = 0.00394578, max = 0.0109401 (R_Shank_Lateral)
[2026-07-20 13:08:50.935] [info] Frame 123 (t = 1.23):	 total squared error = 0.000422552, marker error: RMS = 0.00395602, max = 0.0100929 (R_Shank_Lateral)
[2026-07-20 13:08:50.959] [info] Frame 124 (t = 1.24):	 total squared error = 0.000431734, marker error: RMS = 0.00399877, max = 0.00922080 (R_Shank_Lateral)
[2026-07-20 13:08:50.986] [info] Frame 125 (t = 1.25):	 total squared error = 0.000441038, marker error: RMS = 0.00404163, max = 0.0110607 (L_Shank_Lateral)
[2026-07-20 13:08:51.008] [info] Frame 126 (t = 1.26):	 total squared error = 0.000472992, marker error: RMS = 0.00418548, max = 0.0119013 (L_Shank_Lateral)
[2026-07-20 13:08:51.033] [info] Frame 127 (t = 1.27):	 total squared error = 0.000513636, marker error: RMS = 0.00436160, max = 0.0132315 (L_Shank_Lateral)
[2026-07-20 13:08:51.046] [info] Frame 128 (t = 1.28):	 total squared error = 0.000585852, marker error: RMS = 0.00465813, max = 0.0129234 (L_Shank_Lateral)
[2026-07-20 13:08:51.076] [info] Frame 129 (t = 1.29):	 total squared error = 0.000642867, marker error: RMS = 0.00487954, max = 0.0144633 (L_Shank_Lateral)
[2026-07-20 13:08:51.095] [info] Frame 130 (t = 1.3):	 total squared error = 0.000721384, marker error: RMS = 0.00516894, max = 0.0145637 (L_Shank_Lateral)
[2026-07-20 13:08:51.118] [info] Frame 131 (t = 1.31):	 total squared error = 0.000793812, marker error: RMS = 0.00542222, max = 0.0152797 (L_Shank_Lateral)
[2026-07-20 13:08:51.133] [info] Frame 132 (t = 1.32):	 total squared error = 0.000857809, marker error: RMS = 0.00563655, max = 0.0156118 (L_Shank_Lateral)
[2026-07-20 13:08:51.150] [info] Frame 133 (t = 1.33):	 total squared error = 0.000901312, marker error: RMS = 0.00577771, max = 0.0162033 (L_Shank_Lateral)
[2026-07-20 13:08:51.172] [info] Frame 134 (t = 1.34):	 total squared error = 0.000916874, marker error: RMS = 0.00582737, max = 0.0166064 (L_Shank_Lateral)
[2026-07-20 13:08:51.186] [info] Frame 135 (t = 1.35):	 total squared error = 0.000903973, marker error: RMS = 0.00578623, max = 0.017244 (L_Shank_Lateral)
[2026-07-20 13:08:51.208] [info] Frame 136 (t = 1.36):	 total squared error = 0.000867446, marker error: RMS = 0.00566812, max = 0.0168741 (L_Shank_Lateral)
[2026-07-20 13:08:51.230] [info] Frame 137 (t = 1.37):	 total squared error = 0.000816464, marker error: RMS = 0.00549904, max = 0.0165524 (L_Shank_Lateral)
[2026-07-20 13:08:51.241] [info] Frame 138 (t = 1.38):	 total squared error = 0.000768382, marker error: RMS = 0.00533466, max = 0.0167821 (L_Shank_Lateral)
[2026-07-20 13:08:51.259] [info] Frame 139 (t = 1.39):	 total squared error = 0.000706702, marker error: RMS = 0.00511607, max = 0.0156812 (L_Shank_Lateral)
[2026-07-20 13:08:51.271] [info] Frame 140 (t = 1.4):	 total squared error = 0.000658699, marker error: RMS = 0.00493926, max = 0.0153066 (L_Shank_Lateral)
[2026-07-20 13:08:51.293] [info] Frame 141 (t = 1.41):	 total squared error = 0.000610587, marker error: RMS = 0.00475545, max = 0.0139441 (L_Shank_Lateral)
[2026-07-20 13:08:51.308] [info] Frame 142 (t = 1.42):	 total squared error = 0.000577373, marker error: RMS = 0.00462431, max = 0.013257 (L_Shank_Lateral)
[2026-07-20 13:08:51.322] [info] Frame 143 (t = 1.43):	 total squared error = 0.000550862, marker error: RMS = 0.00451689, max = 0.0122306 (L_Shank_Lateral)
[2026-07-20 13:08:51.343] [info] Frame 144 (t = 1.44):	 total squared error = 0.000503562, marker error: RMS = 0.00431862, max = 0.0107650 (L_Shank_Lateral)
[2026-07-20 13:08:51.368] [info] Frame 145 (t = 1.45):	 total squared error = 0.000468642, marker error: RMS = 0.00416619, max = 0.0100895 (L_Thigh_Lateral)
[2026-07-20 13:08:51.395] [info] Frame 146 (t = 1.46):	 total squared error = 0.000442014, marker error: RMS = 0.00404609, max = 0.00981706 (L_Thigh_Lateral)
[2026-07-20 13:08:51.410] [info] Frame 147 (t = 1.47):	 total squared error = 0.000427907, marker error: RMS = 0.00398101, max = 0.00958197 (L_Thigh_Lateral)
[2026-07-20 13:08:51.432] [info] Frame 148 (t = 1.48):	 total squared error = 0.000406907, marker error: RMS = 0.00388209, max = 0.00929565 (L_Thigh_Lateral)
[2026-07-20 13:08:51.450] [info] Frame 149 (t = 1.49):	 total squared error = 0.000403144, marker error: RMS = 0.00386410, max = 0.00915640 (L_Thigh_Lateral)
[2026-07-20 13:08:51.466] [info] Frame 150 (t = 1.5):	 total squared error = 0.000406737, marker error: RMS = 0.00388128, max = 0.00904032 (L_Thigh_Lateral)
[2026-07-20 13:08:51.489] [info] Frame 151 (t = 1.51):	 total squared error = 0.000405786, marker error: RMS = 0.00387674, max = 0.00902223 (L_Thigh_Lateral)
[2026-07-20 13:08:51.520] [info] Frame 152 (t = 1.52):	 total squared error = 0.000416950, marker error: RMS = 0.00392971, max = 0.00912844 (L_Thigh_Lateral)
[2026-07-20 13:08:51.536] [info] Frame 153 (t = 1.53):	 total squared error = 0.000441493, marker error: RMS = 0.00404371, max = 0.00945949 (L_Thigh_Lateral)
[2026-07-20 13:08:51.552] [info] Frame 154 (t = 1.54):	 total squared error = 0.000476522, marker error: RMS = 0.00420107, max = 0.00987698 (L_Thigh_Lateral)
[2026-07-20 13:08:51.573] [info] Frame 155 (t = 1.55):	 total squared error = 0.000513289, marker error: RMS = 0.00436012, max = 0.0104838 (L_Thigh_Lateral)
[2026-07-20 13:08:51.599] [info] Frame 156 (t = 1.56):	 total squared error = 0.000558034, marker error: RMS = 0.00454620, max = 0.0110273 (L_Thigh_Lateral)
[2026-07-20 13:08:51.630] [info] Frame 157 (t = 1.57):	 total squared error = 0.000612775, marker error: RMS = 0.00476397, max = 0.0117295 (L_Thigh_Lateral)
[2026-07-20 13:08:51.660] [info] Frame 158 (t = 1.58):	 total squared error = 0.000671200, marker error: RMS = 0.00498591, max = 0.012417 (L_Thigh_Lateral)
[2026-07-20 13:08:51.679] [info] Frame 159 (t = 1.59):	 total squared error = 0.000725455, marker error: RMS = 0.00518350, max = 0.0130195 (L_Thigh_Lateral)
[2026-07-20 13:08:51.695] [info] Frame 160 (t = 1.6):	 total squared error = 0.000769460, marker error: RMS = 0.00533840, max = 0.0134263 (L_Thigh_Lateral)
[2026-07-20 13:08:51.707] [info] Frame 161 (t = 1.61):	 total squared error = 0.000796147, marker error: RMS = 0.00543019, max = 0.0137369 (L_Thigh_Lateral)
[2026-07-20 13:08:51.718] [info] Frame 162 (t = 1.62):	 total squared error = 0.000797889, marker error: RMS = 0.00543612, max = 0.0137978 (L_Thigh_Lateral)
[2026-07-20 13:08:51.729] [info] Frame 163 (t = 1.63):	 total squared error = 0.000772698, marker error: RMS = 0.00534962, max = 0.0135101 (L_Thigh_Lateral)
[2026-07-20 13:08:51.739] [info] Frame 164 (t = 1.64):	 total squared error = 0.000725081, marker error: RMS = 0.00518217, max = 0.0129086 (L_Thigh_Lateral)
[2026-07-20 13:08:51.750] [info] Frame 165 (t = 1.65):	 total squared error = 0.000658776, marker error: RMS = 0.00493955, max = 0.0120093 (L_Thigh_Lateral)
[2026-07-20 13:08:51.759] [info] Frame 166 (t = 1.66):	 total squared error = 0.000588950, marker error: RMS = 0.00467043, max = 0.0106841 (L_Thigh_Lateral)
[2026-07-20 13:08:51.774] [info] Frame 167 (t = 1.67):	 total squared error = 0.000495251, marker error: RMS = 0.00428283, max = 0.00947059 (L_Shank_Lateral)
[2026-07-20 13:08:51.797] [info] Frame 168 (t = 1.68):	 total squared error = 0.000415863, marker error: RMS = 0.00392458, max = 0.00865277 (L_Shank_Lateral)
[2026-07-20 13:08:51.810] [info] Frame 169 (t = 1.69):	 total squared error = 0.000349308, marker error: RMS = 0.00359685, max = 0.00810859 (L_Shank_Lateral)
[2026-07-20 13:08:51.833] [info] Frame 170 (t = 1.7):	 total squared error = 0.000288895, marker error: RMS = 0.00327106, max = 0.00802337 (L_Shank_Lateral)
[2026-07-20 13:08:51.849] [info] Frame 171 (t = 1.71):	 total squared error = 0.000248385, marker error: RMS = 0.00303306, max = 0.00797940 (L_Shank_Lateral)
[2026-07-20 13:08:51.865] [info] Frame 172 (t = 1.72):	 total squared error = 0.000226277, marker error: RMS = 0.00289493, max = 0.00809141 (L_Shank_Lateral)
[2026-07-20 13:08:51.898] [info] Frame 173 (t = 1.73):	 total squared error = 0.000225804, marker error: RMS = 0.00289191, max = 0.00731151 (L_Shank_Lateral)
[2026-07-20 13:08:51.922] [info] Frame 174 (t = 1.74):	 total squared error = 0.000249796, marker error: RMS = 0.00304166, max = 0.00770532 (L_Shank_Lateral)
[2026-07-20 13:08:51.944] [info] Frame 175 (t = 1.75):	 total squared error = 0.000304921, marker error: RMS = 0.00336056, max = 0.00769640 (L_Shank_Lateral)
[2026-07-20 13:08:51.961] [info] Frame 176 (t = 1.76):	 total squared error = 0.000389402, marker error: RMS = 0.00379767, max = 0.00959936 (R_Shank_Lateral)
[2026-07-20 13:08:51.981] [info] Frame 177 (t = 1.77):	 total squared error = 0.000493045, marker error: RMS = 0.00427328, max = 0.0121604 (R_Shank_Lateral)
[2026-07-20 13:08:52.002] [info] Frame 178 (t = 1.78):	 total squared error = 0.000611770, marker error: RMS = 0.00476006, max = 0.0145661 (R_Shank_Lateral)
[2026-07-20 13:08:52.017] [info] Frame 179 (t = 1.79):	 total squared error = 0.000732636, marker error: RMS = 0.00520909, max = 0.0164725 (R_Shank_Lateral)
[2026-07-20 13:08:52.035] [info] Frame 180 (t = 1.8):	 total squared error = 0.000834489, marker error: RMS = 0.00555940, max = 0.0179994 (R_Shank_Lateral)
[2026-07-20 13:08:52.054] [info] Frame 181 (t = 1.81):	 total squared error = 0.000907846, marker error: RMS = 0.00579861, max = 0.0190108 (R_Shank_Lateral)
[2026-07-20 13:08:52.076] [info] Frame 182 (t = 1.82):	 total squared error = 0.000945072, marker error: RMS = 0.00591631, max = 0.0197807 (R_Shank_Lateral)
[2026-07-20 13:08:52.091] [info] Frame 183 (t = 1.83):	 total squared error = 0.000955539, marker error: RMS = 0.00594898, max = 0.0196833 (R_Shank_Lateral)
[2026-07-20 13:08:52.114] [info] Frame 184 (t = 1.84):	 total squared error = 0.000945684, marker error: RMS = 0.00591822, max = 0.0198807 (R_Shank_Lateral)
[2026-07-20 13:08:52.133] [info] Frame 185 (t = 1.85):	 total squared error = 0.000932697, marker error: RMS = 0.00587744, max = 0.0195752 (R_Shank_Lateral)
[2026-07-20 13:08:52.155] [info] Frame 186 (t = 1.86):	 total squared error = 0.000923499, marker error: RMS = 0.00584839, max = 0.0193611 (R_Shank_Lateral)
[2026-07-20 13:08:52.173] [info] Frame 187 (t = 1.87):	 total squared error = 0.000922350, marker error: RMS = 0.00584475, max = 0.0192113 (R_Shank_Lateral)
[2026-07-20 13:08:52.186] [info] Frame 188 (t = 1.88):	 total squared error = 0.000926416, marker error: RMS = 0.00585762, max = 0.0193191 (R_Shank_Lateral)
[2026-07-20 13:08:52.204] [info] Frame 189 (t = 1.89):	 total squared error = 0.000931755, marker error: RMS = 0.00587447, max = 0.0191719 (R_Shank_Lateral)
[2026-07-20 13:08:52.228] [info] Frame 190 (t = 1.9):	 total squared error = 0.000935916, marker error: RMS = 0.00588758, max = 0.0190552 (R_Shank_Lateral)
[2026-07-20 13:08:52.238] [info] Frame 191 (t = 1.91):	 total squared error = 0.000958763, marker error: RMS = 0.00595901, max = 0.0193361 (R_Shank_Lateral)
[2026-07-20 13:08:52.266] [info] Frame 192 (t = 1.92):	 total squared error = 0.000935427, marker error: RMS = 0.00588604, max = 0.0190089 (R_Shank_Lateral)
[2026-07-20 13:08:52.292] [info] Frame 193 (t = 1.93):	 total squared error = 0.000930866, marker error: RMS = 0.00587167, max = 0.018818 (R_Shank_Lateral)
[2026-07-20 13:08:52.320] [info] Frame 194 (t = 1.94):	 total squared error = 0.000919331, marker error: RMS = 0.00583518, max = 0.0184895 (R_Shank_Lateral)
[2026-07-20 13:08:52.332] [info] Frame 195 (t = 1.95):	 total squared error = 0.000907170, marker error: RMS = 0.00579645, max = 0.0180802 (R_Shank_Lateral)
[2026-07-20 13:08:52.350] [info] Frame 196 (t = 1.96):	 total squared error = 0.000866855, marker error: RMS = 0.00566619, max = 0.0170908 (R_Shank_Lateral)
[2026-07-20 13:08:52.370] [info] Frame 197 (t = 1.97):	 total squared error = 0.000813867, marker error: RMS = 0.00549028, max = 0.0157945 (R_Thigh_Lateral)
[2026-07-20 13:08:52.385] [info] Frame 198 (t = 1.98):	 total squared error = 0.000759453, marker error: RMS = 0.00530357, max = 0.015381 (R_Thigh_Lateral)
[2026-07-20 13:08:52.406] [info] Frame 199 (t = 1.99):	 total squared error = 0.000681703, marker error: RMS = 0.00502476, max = 0.014271 (R_Thigh_Lateral)
[2026-07-20 13:08:52.434] [info] Frame 200 (t = 2.0):	 total squared error = 0.000612623, marker error: RMS = 0.00476338, max = 0.0129488 (R_Thigh_Lateral)
[2026-07-20 13:08:52.457] [info] Frame 201 (t = 2.01):	 total squared error = 0.000562607, marker error: RMS = 0.00456479, max = 0.0116652 (R_Thigh_Lateral)
[2026-07-20 13:08:52.479] [info] Frame 202 (t = 2.02):	 total squared error = 0.000530432, marker error: RMS = 0.00443234, max = 0.0104512 (L_Thigh_Lateral)
[2026-07-20 13:08:52.495] [info] Frame 203 (t = 2.03):	 total squared error = 0.000527319, marker error: RMS = 0.00441932, max = 0.0111272 (L_Thigh_Lateral)
[2026-07-20 13:08:52.533] [info] Frame 204 (t = 2.04):	 total squared error = 0.000511682, marker error: RMS = 0.00435330, max = 0.0112437 (L_Thigh_Lateral)
[2026-07-20 13:08:52.549] [info] Frame 205 (t = 2.05):	 total squared error = 0.000537836, marker error: RMS = 0.00446316, max = 0.0117935 (L_Thigh_Lateral)
[2026-07-20 13:08:52.572] [info] Frame 206 (t = 2.06):	 total squared error = 0.000553537, marker error: RMS = 0.00452784, max = 0.0119523 (L_Thigh_Lateral)
[2026-07-20 13:08:52.586] [info] Frame 207 (t = 2.07):	 total squared error = 0.000597236, marker error: RMS = 0.00470317, max = 0.0122327 (L_Thigh_Lateral)
[2026-07-20 13:08:52.624] [info] Frame 208 (t = 2.08):	 total squared error = 0.000614135, marker error: RMS = 0.00476925, max = 0.0121038 (L_Thigh_Lateral)
[2026-07-20 13:08:52.639] [info] Frame 209 (t = 2.09):	 total squared error = 0.000650714, marker error: RMS = 0.00490923, max = 0.0121914 (L_Thigh_Lateral)
[2026-07-20 13:08:52.649] [info] Frame 210 (t = 2.1):	 total squared error = 0.000674484, marker error: RMS = 0.00499809, max = 0.0120151 (L_Thigh_Lateral)
[2026-07-20 13:08:52.664] [info] Frame 211 (t = 2.11):	 total squared error = 0.000668509, marker error: RMS = 0.00497590, max = 0.0118674 (L_Thigh_Lateral)
[2026-07-20 13:08:52.672] [info] Frame 212 (t = 2.12):	 total squared error = 0.000653617, marker error: RMS = 0.00492017, max = 0.0112906 (L_Thigh_Lateral)
[2026-07-20 13:08:52.684] [info] Frame 213 (t = 2.13):	 total squared error = 0.000614933, marker error: RMS = 0.00477235, max = 0.0111214 (L_Thigh_Lateral)
[2026-07-20 13:08:52.699] [info] Frame 214 (t = 2.14):	 total squared error = 0.000568676, marker error: RMS = 0.00458934, max = 0.0106843 (L_Thigh_Lateral)
[2026-07-20 13:08:52.718] [info] Frame 215 (t = 2.15):	 total squared error = 0.000521267, marker error: RMS = 0.00439388, max = 0.0102959 (L_Thigh_Lateral)
[2026-07-20 13:08:52.747] [info] Frame 216 (t = 2.16):	 total squared error = 0.000469937, marker error: RMS = 0.00417194, max = 0.00993916 (L_Thigh_Lateral)
[2026-07-20 13:08:52.760] [info] Frame 217 (t = 2.17):	 total squared error = 0.000448334, marker error: RMS = 0.00407492, max = 0.00948310 (L_Thigh_Lateral)
[2026-07-20 13:08:52.787] [info] Frame 218 (t = 2.18):	 total squared error = 0.000422242, marker error: RMS = 0.00395457, max = 0.00916583 (L_Thigh_Lateral)
[2026-07-20 13:08:52.810] [info] Frame 219 (t = 2.19):	 total squared error = 0.000410956, marker error: RMS = 0.00390136, max = 0.00889080 (L_Thigh_Lateral)
[2026-07-20 13:08:52.823] [info] Frame 220 (t = 2.2):	 total squared error = 0.000416458, marker error: RMS = 0.00392739, max = 0.00823725 (L_Thigh_Lateral)
[2026-07-20 13:08:52.845] [info] Frame 221 (t = 2.21):	 total squared error = 0.000410601, marker error: RMS = 0.00389967, max = 0.00805831 (R_Shank_Lateral)
[2026-07-20 13:08:52.867] [info] Frame 222 (t = 2.22):	 total squared error = 0.000407446, marker error: RMS = 0.00388466, max = 0.00847974 (R_Shank_Lateral)
[2026-07-20 13:08:52.886] [info] Frame 223 (t = 2.23):	 total squared error = 0.000399879, marker error: RMS = 0.00384842, max = 0.00851745 (R_Shank_Lateral)
[2026-07-20 13:08:52.901] [info] Frame 224 (t = 2.24):	 total squared error = 0.000392064, marker error: RMS = 0.00381063, max = 0.00802646 (R_Shank_Lateral)
[2026-07-20 13:08:52.927] [info] Frame 225 (t = 2.25):	 total squared error = 0.000377009, marker error: RMS = 0.00373675, max = 0.00780969 (L_Knee_Lateral)
[2026-07-20 13:08:52.945] [info] Frame 226 (t = 2.26):	 total squared error = 0.000383934, marker error: RMS = 0.00377091, max = 0.00851124 (L_Knee_Lateral)
[2026-07-20 13:08:52.974] [info] Frame 227 (t = 2.27):	 total squared error = 0.000393607, marker error: RMS = 0.00381812, max = 0.00908762 (L_Shank_Lateral)
[2026-07-20 13:08:53.012] [info] Frame 228 (t = 2.28):	 total squared error = 0.000423226, marker error: RMS = 0.00395917, max = 0.0101090 (L_Shank_Lateral)
[2026-07-20 13:08:53.033] [info] Frame 229 (t = 2.29):	 total squared error = 0.000468073, marker error: RMS = 0.00416365, max = 0.0106107 (L_Shank_Lateral)
[2026-07-20 13:08:53.062] [info] Frame 230 (t = 2.3):	 total squared error = 0.000519025, marker error: RMS = 0.00438442, max = 0.011575 (L_Shank_Lateral)
[2026-07-20 13:08:53.080] [info] Frame 231 (t = 2.31):	 total squared error = 0.000584140, marker error: RMS = 0.00465132, max = 0.0118816 (L_Shank_Lateral)
[2026-07-20 13:08:53.099] [info] Frame 232 (t = 2.32):	 total squared error = 0.000646438, marker error: RMS = 0.00489307, max = 0.0127131 (L_Shank_Lateral)
[2026-07-20 13:08:53.112] [info] Frame 233 (t = 2.33):	 total squared error = 0.000724152, marker error: RMS = 0.00517885, max = 0.0128878 (L_Shank_Lateral)
[2026-07-20 13:08:53.136] [info] Frame 234 (t = 2.34):	 total squared error = 0.000749507, marker error: RMS = 0.00526873, max = 0.014497 (L_Shank_Lateral)
[2026-07-20 13:08:53.154] [info] Frame 235 (t = 2.35):	 total squared error = 0.000783922, marker error: RMS = 0.00538833, max = 0.0154123 (L_Shank_Lateral)
[2026-07-20 13:08:53.176] [info] Frame 236 (t = 2.36):	 total squared error = 0.000798798, marker error: RMS = 0.00543922, max = 0.0161602 (L_Shank_Lateral)
[2026-07-20 13:08:53.188] [info] Frame 237 (t = 2.37):	 total squared error = 0.000801311, marker error: RMS = 0.00544777, max = 0.0170674 (L_Shank_Lateral)
[2026-07-20 13:08:53.209] [info] Frame 238 (t = 2.38):	 total squared error = 0.000789115, marker error: RMS = 0.00540615, max = 0.0171828 (L_Shank_Lateral)
[2026-07-20 13:08:53.222] [info] Frame 239 (t = 2.39):	 total squared error = 0.000773599, marker error: RMS = 0.00535274, max = 0.0175703 (L_Shank_Lateral)
[2026-07-20 13:08:53.242] [info] Frame 240 (t = 2.4):	 total squared error = 0.000740000, marker error: RMS = 0.00523521, max = 0.0167643 (L_Shank_Lateral)
[2026-07-20 13:08:53.255] [info] Frame 241 (t = 2.41):	 total squared error = 0.000714772, marker error: RMS = 0.00514519, max = 0.0166307 (L_Shank_Lateral)
[2026-07-20 13:08:53.269] [info] Frame 242 (t = 2.42):	 total squared error = 0.000688113, marker error: RMS = 0.00504833, max = 0.0159974 (L_Shank_Lateral)
[2026-07-20 13:08:53.300] [info] Frame 243 (t = 2.43):	 total squared error = 0.000644729, marker error: RMS = 0.00488660, max = 0.0146613 (L_Shank_Lateral)
[2026-07-20 13:08:53.316] [info] Frame 244 (t = 2.44):	 total squared error = 0.000624290, marker error: RMS = 0.00480852, max = 0.0139021 (L_Shank_Lateral)
[2026-07-20 13:08:53.342] [info] Frame 245 (t = 2.45):	 total squared error = 0.000593903, marker error: RMS = 0.00469003, max = 0.0128091 (L_Shank_Lateral)
[2026-07-20 13:08:53.360] [info] Frame 246 (t = 2.46):	 total squared error = 0.000577189, marker error: RMS = 0.00462357, max = 0.0122892 (L_Thigh_Lateral)
[2026-07-20 13:08:53.391] [info] Frame 247 (t = 2.47):	 total squared error = 0.000546466, marker error: RMS = 0.00449883, max = 0.0122025 (L_Thigh_Lateral)
[2026-07-20 13:08:53.407] [info] Frame 248 (t = 2.48):	 total squared error = 0.000536272, marker error: RMS = 0.00445667, max = 0.0123046 (L_Thigh_Lateral)
[2026-07-20 13:08:53.431] [info] Frame 249 (t = 2.49):	 total squared error = 0.000502645, marker error: RMS = 0.00431468, max = 0.0119744 (L_Thigh_Lateral)
[2026-07-20 13:08:53.452] [info] Frame 250 (t = 2.5):	 total squared error = 0.000480355, marker error: RMS = 0.00421793, max = 0.0117188 (L_Thigh_Lateral)
[2026-07-20 13:08:53.456] [info] InverseKinematicsTool completed 211 frames in 4 second(s).
[2026-07-20 13:08:53.488] [info] Loaded model TCV04-scaled from file C:\Users\Lucia\Desktop\TFG\2_JMP\TVC04\Walk_3\TVC04_3_JMP_results\TVC04_3_NMSM_JMP_07_upper_limb_final.osim
[2026-07-20 13:08:53.942] [warning] Coordinate.setValue:  coordinate pro_sup_r is locked. Unable to change its value.
[2026-07-20 13:08:53.974] [warning] Coordinate.setValue:  coordinate pro_sup_l is locked. Unable to change its value.
[2026-07-20 13:09:22.841] [info] Loaded model TCV04-scaled from file C:\Users\Lucia\Desktop\TFG\2_JMP\TVC04\Walk_3\TVC04_3_JMP_results\TVC04_3_NMSM_JMP_07_upper_limb_final.osim
[2026-07-20 13:09:22.851] [cout] [info] 
               MODEL: TCV04-scaled
         coordinates: 41
              forces: 103
           actuators: 103
             muscles: 86
            analyses: 0
              probes: 0
              bodies: 24
              joints: 24
         constraints: 2
             markers: 27
         controllers: 0
  contact geometries: 0
misc modelcomponents: 0
[2026-07-20 13:09:22.851] [info] Running tool .
[2026-07-20 13:09:22.923] [info] Frame 40 (t = 0.4):	 total squared error = 0.000898036, marker error: RMS = 0.00576720, max = 0.0183862 (L_Shank_Lateral)
[2026-07-20 13:09:22.936] [info] Frame 41 (t = 0.41):	 total squared error = 0.000848394, marker error: RMS = 0.00560553, max = 0.0177628 (L_Shank_Lateral)
[2026-07-20 13:09:22.966] [info] Frame 42 (t = 0.42):	 total squared error = 0.000795817, marker error: RMS = 0.00542906, max = 0.0164643 (L_Shank_Lateral)
[2026-07-20 13:09:22.987] [info] Frame 43 (t = 0.43):	 total squared error = 0.000750366, marker error: RMS = 0.00527175, max = 0.0153647 (L_Shank_Lateral)
[2026-07-20 13:09:23.003] [info] Frame 44 (t = 0.44):	 total squared error = 0.000721999, marker error: RMS = 0.00517114, max = 0.0142722 (L_Thigh_Lateral)
[2026-07-20 13:09:23.039] [info] Frame 45 (t = 0.45):	 total squared error = 0.000671761, marker error: RMS = 0.00498799, max = 0.0138101 (L_Thigh_Lateral)
[2026-07-20 13:09:23.062] [info] Frame 46 (t = 0.46):	 total squared error = 0.000643064, marker error: RMS = 0.00488029, max = 0.0135595 (L_Thigh_Lateral)
[2026-07-20 13:09:23.086] [info] Frame 47 (t = 0.47):	 total squared error = 0.000616228, marker error: RMS = 0.00477737, max = 0.0132633 (L_Thigh_Lateral)
[2026-07-20 13:09:23.110] [info] Frame 48 (t = 0.48):	 total squared error = 0.000593813, marker error: RMS = 0.00468968, max = 0.013 (L_Thigh_Lateral)
[2026-07-20 13:09:23.127] [info] Frame 49 (t = 0.49):	 total squared error = 0.000575666, marker error: RMS = 0.00461746, max = 0.0126494 (L_Thigh_Lateral)
[2026-07-20 13:09:23.142] [info] Frame 50 (t = 0.5):	 total squared error = 0.000568047, marker error: RMS = 0.00458680, max = 0.0123985 (L_Thigh_Lateral)
[2026-07-20 13:09:23.167] [info] Frame 51 (t = 0.51):	 total squared error = 0.000545569, marker error: RMS = 0.00449514, max = 0.0116885 (L_Thigh_Lateral)
[2026-07-20 13:09:23.182] [info] Frame 52 (t = 0.52):	 total squared error = 0.000547138, marker error: RMS = 0.00450160, max = 0.0111848 (L_Thigh_Lateral)
[2026-07-20 13:09:23.199] [info] Frame 53 (t = 0.53):	 total squared error = 0.000554022, marker error: RMS = 0.00452983, max = 0.0105706 (L_Thigh_Lateral)
[2026-07-20 13:09:23.231] [info] Frame 54 (t = 0.54):	 total squared error = 0.000554080, marker error: RMS = 0.00453007, max = 0.00986207 (L_Thigh_Lateral)
[2026-07-20 13:09:23.255] [info] Frame 55 (t = 0.55):	 total squared error = 0.000584831, marker error: RMS = 0.00465408, max = 0.00992352 (R_Thigh_Lateral)
[2026-07-20 13:09:23.283] [info] Frame 56 (t = 0.56):	 total squared error = 0.000630752, marker error: RMS = 0.00483334, max = 0.0105347 (R_Thigh_Lateral)
[2026-07-20 13:09:23.304] [info] Frame 57 (t = 0.57):	 total squared error = 0.000693369, marker error: RMS = 0.00506758, max = 0.0110507 (R_Thigh_Lateral)
[2026-07-20 13:09:23.323] [info] Frame 58 (t = 0.58):	 total squared error = 0.000769757, marker error: RMS = 0.00533943, max = 0.0115882 (R_Thigh_Lateral)
[2026-07-20 13:09:23.359] [info] Frame 59 (t = 0.59):	 total squared error = 0.000840263, marker error: RMS = 0.00557861, max = 0.0118295 (R_Thigh_Lateral)
[2026-07-20 13:09:23.368] [info] Frame 60 (t = 0.6):	 total squared error = 0.000914852, marker error: RMS = 0.00582094, max = 0.0128454 (L_Thigh_Lateral)
[2026-07-20 13:09:23.383] [info] Frame 61 (t = 0.61):	 total squared error = 0.000949941, marker error: RMS = 0.00593153, max = 0.013645 (L_Thigh_Lateral)
[2026-07-20 13:09:23.402] [info] Frame 62 (t = 0.62):	 total squared error = 0.000962410, marker error: RMS = 0.00597033, max = 0.0138579 (L_Thigh_Lateral)
[2026-07-20 13:09:23.413] [info] Frame 63 (t = 0.63):	 total squared error = 0.000945739, marker error: RMS = 0.00591839, max = 0.0141306 (L_Thigh_Lateral)
[2026-07-20 13:09:23.445] [info] Frame 64 (t = 0.64):	 total squared error = 0.000890115, marker error: RMS = 0.00574171, max = 0.0127519 (L_Thigh_Lateral)
[2026-07-20 13:09:23.462] [info] Frame 65 (t = 0.65):	 total squared error = 0.000817558, marker error: RMS = 0.00550272, max = 0.0119587 (L_Thigh_Lateral)
[2026-07-20 13:09:23.482] [info] Frame 66 (t = 0.66):	 total squared error = 0.000729529, marker error: RMS = 0.00519804, max = 0.0114173 (L_Shank_Lateral)
[2026-07-20 13:09:23.501] [info] Frame 67 (t = 0.67):	 total squared error = 0.000633178, marker error: RMS = 0.00484263, max = 0.0111843 (L_Shank_Lateral)
[2026-07-20 13:09:23.520] [info] Frame 68 (t = 0.68):	 total squared error = 0.000535150, marker error: RMS = 0.00445201, max = 0.0108542 (L_Shank_Lateral)
[2026-07-20 13:09:23.543] [info] Frame 69 (t = 0.69):	 total squared error = 0.000438149, marker error: RMS = 0.00402837, max = 0.00996131 (L_Shank_Lateral)
[2026-07-20 13:09:23.558] [info] Frame 70 (t = 0.7):	 total squared error = 0.000362989, marker error: RMS = 0.00366661, max = 0.00979297 (L_Shank_Lateral)
[2026-07-20 13:09:23.574] [info] Frame 71 (t = 0.71):	 total squared error = 0.000307162, marker error: RMS = 0.00337288, max = 0.00962027 (L_Shank_Lateral)
[2026-07-20 13:09:23.610] [info] Frame 72 (t = 0.72):	 total squared error = 0.000257630, marker error: RMS = 0.00308899, max = 0.00771948 (L_Shank_Lateral)
[2026-07-20 13:09:23.632] [info] Frame 73 (t = 0.73):	 total squared error = 0.000254824, marker error: RMS = 0.00307212, max = 0.00757887 (L_Shank_Lateral)
[2026-07-20 13:09:23.653] [info] Frame 74 (t = 0.74):	 total squared error = 0.000282610, marker error: RMS = 0.00323528, max = 0.00708169 (L_Shank_Lateral)
[2026-07-20 13:09:23.680] [info] Frame 75 (t = 0.75):	 total squared error = 0.000341779, marker error: RMS = 0.00355788, max = 0.00877963 (R_Thigh_Lateral)
[2026-07-20 13:09:23.703] [info] Frame 76 (t = 0.76):	 total squared error = 0.000421188, marker error: RMS = 0.00394963, max = 0.0104978 (R_Shank_Lateral)
[2026-07-20 13:09:23.722] [info] Frame 77 (t = 0.77):	 total squared error = 0.000517289, marker error: RMS = 0.00437708, max = 0.0128142 (R_Shank_Lateral)
[2026-07-20 13:09:23.751] [info] Frame 78 (t = 0.78):	 total squared error = 0.000622025, marker error: RMS = 0.00479979, max = 0.0147922 (R_Shank_Lateral)
[2026-07-20 13:09:23.766] [info] Frame 79 (t = 0.79):	 total squared error = 0.000717139, marker error: RMS = 0.00515371, max = 0.0162537 (R_Shank_Lateral)
[2026-07-20 13:09:23.781] [info] Frame 80 (t = 0.8):	 total squared error = 0.000792055, marker error: RMS = 0.00541621, max = 0.0174281 (R_Shank_Lateral)
[2026-07-20 13:09:23.799] [info] Frame 81 (t = 0.81):	 total squared error = 0.000839065, marker error: RMS = 0.00557463, max = 0.0183266 (R_Shank_Lateral)
[2026-07-20 13:09:23.812] [info] Frame 82 (t = 0.82):	 total squared error = 0.000864404, marker error: RMS = 0.00565818, max = 0.0183267 (R_Shank_Lateral)
[2026-07-20 13:09:23.828] [info] Frame 83 (t = 0.83):	 total squared error = 0.000861031, marker error: RMS = 0.00564713, max = 0.0182363 (R_Shank_Lateral)
[2026-07-20 13:09:23.844] [info] Frame 84 (t = 0.84):	 total squared error = 0.000836358, marker error: RMS = 0.00556563, max = 0.0180468 (R_Shank_Lateral)
[2026-07-20 13:09:23.862] [info] Frame 85 (t = 0.85):	 total squared error = 0.000800998, marker error: RMS = 0.00544671, max = 0.0176553 (R_Shank_Lateral)
[2026-07-20 13:09:23.880] [info] Frame 86 (t = 0.86):	 total squared error = 0.000762857, marker error: RMS = 0.00531544, max = 0.0170854 (R_Shank_Lateral)
[2026-07-20 13:09:23.893] [info] Frame 87 (t = 0.87):	 total squared error = 0.000726483, marker error: RMS = 0.00518718, max = 0.0163941 (R_Shank_Lateral)
[2026-07-20 13:09:23.906] [info] Frame 88 (t = 0.88):	 total squared error = 0.000692954, marker error: RMS = 0.00506606, max = 0.0158297 (R_Shank_Lateral)
[2026-07-20 13:09:23.920] [info] Frame 89 (t = 0.89):	 total squared error = 0.000664130, marker error: RMS = 0.00495958, max = 0.0153691 (R_Shank_Lateral)
[2026-07-20 13:09:23.934] [info] Frame 90 (t = 0.9):	 total squared error = 0.000646525, marker error: RMS = 0.00489340, max = 0.0150195 (R_Shank_Lateral)
[2026-07-20 13:09:23.955] [info] Frame 91 (t = 0.91):	 total squared error = 0.000635051, marker error: RMS = 0.00484978, max = 0.0147682 (R_Shank_Lateral)
[2026-07-20 13:09:23.973] [info] Frame 92 (t = 0.92):	 total squared error = 0.000636186, marker error: RMS = 0.00485411, max = 0.0146756 (R_Shank_Lateral)
[2026-07-20 13:09:23.995] [info] Frame 93 (t = 0.93):	 total squared error = 0.000644919, marker error: RMS = 0.00488732, max = 0.0145727 (R_Shank_Lateral)
[2026-07-20 13:09:24.009] [info] Frame 94 (t = 0.94):	 total squared error = 0.000659198, marker error: RMS = 0.00494113, max = 0.0144264 (R_Shank_Lateral)
[2026-07-20 13:09:24.027] [info] Frame 95 (t = 0.95):	 total squared error = 0.000666909, marker error: RMS = 0.00496994, max = 0.014653 (R_Thigh_Lateral)
[2026-07-20 13:09:24.039] [info] Frame 96 (t = 0.96):	 total squared error = 0.000678370, marker error: RMS = 0.00501247, max = 0.0151747 (R_Thigh_Lateral)
[2026-07-20 13:09:24.054] [info] Frame 97 (t = 0.97):	 total squared error = 0.000659005, marker error: RMS = 0.00494040, max = 0.0148855 (R_Thigh_Lateral)
[2026-07-20 13:09:24.073] [info] Frame 98 (t = 0.98):	 total squared error = 0.000627310, marker error: RMS = 0.00482013, max = 0.0144756 (R_Thigh_Lateral)
[2026-07-20 13:09:24.090] [info] Frame 99 (t = 0.99):	 total squared error = 0.000597299, marker error: RMS = 0.00470342, max = 0.0140007 (R_Thigh_Lateral)
[2026-07-20 13:09:24.112] [info] Frame 100 (t = 1.0):	 total squared error = 0.000558252, marker error: RMS = 0.00454709, max = 0.0131976 (R_Thigh_Lateral)
[2026-07-20 13:09:24.142] [info] Frame 101 (t = 1.01):	 total squared error = 0.000515345, marker error: RMS = 0.00436885, max = 0.0120747 (R_Thigh_Lateral)
[2026-07-20 13:09:24.152] [info] Frame 102 (t = 1.02):	 total squared error = 0.000506634, marker error: RMS = 0.00433177, max = 0.0112504 (R_Thigh_Lateral)
[2026-07-20 13:09:24.183] [info] Frame 103 (t = 1.03):	 total squared error = 0.000455269, marker error: RMS = 0.00410631, max = 0.00993136 (L_Thigh_Lateral)
[2026-07-20 13:09:24.201] [info] Frame 104 (t = 1.04):	 total squared error = 0.000448681, marker error: RMS = 0.00407650, max = 0.0104831 (L_Thigh_Lateral)
[2026-07-20 13:09:24.216] [info] Frame 105 (t = 1.05):	 total squared error = 0.000456267, marker error: RMS = 0.00411081, max = 0.0109275 (L_Thigh_Lateral)
[2026-07-20 13:09:24.234] [info] Frame 106 (t = 1.06):	 total squared error = 0.000452681, marker error: RMS = 0.00409463, max = 0.0110595 (L_Thigh_Lateral)
[2026-07-20 13:09:24.261] [info] Frame 107 (t = 1.07):	 total squared error = 0.000465385, marker error: RMS = 0.00415169, max = 0.0108730 (L_Thigh_Lateral)
[2026-07-20 13:09:24.275] [info] Frame 108 (t = 1.08):	 total squared error = 0.000512738, marker error: RMS = 0.00435779, max = 0.0110983 (L_Thigh_Lateral)
[2026-07-20 13:09:24.284] [info] Frame 109 (t = 1.09):	 total squared error = 0.000570202, marker error: RMS = 0.00459550, max = 0.0110137 (L_Thigh_Lateral)
[2026-07-20 13:09:24.309] [info] Frame 110 (t = 1.1):	 total squared error = 0.000580384, marker error: RMS = 0.00463635, max = 0.0107493 (L_Thigh_Lateral)
[2026-07-20 13:09:24.317] [info] Frame 111 (t = 1.11):	 total squared error = 0.000599462, marker error: RMS = 0.00471193, max = 0.0104727 (L_Thigh_Lateral)
[2026-07-20 13:09:24.325] [info] Frame 112 (t = 1.12):	 total squared error = 0.000598613, marker error: RMS = 0.00470859, max = 0.0103895 (R_Thigh_Lateral)
[2026-07-20 13:09:24.340] [info] Frame 113 (t = 1.13):	 total squared error = 0.000561760, marker error: RMS = 0.00456135, max = 0.0102276 (R_Thigh_Lateral)
[2026-07-20 13:09:24.353] [info] Frame 114 (t = 1.14):	 total squared error = 0.000527796, marker error: RMS = 0.00442131, max = 0.00989205 (R_Thigh_Lateral)
[2026-07-20 13:09:24.369] [info] Frame 115 (t = 1.15):	 total squared error = 0.000485879, marker error: RMS = 0.00424211, max = 0.00953306 (L_Thigh_Lateral)
[2026-07-20 13:09:24.387] [info] Frame 116 (t = 1.16):	 total squared error = 0.000451310, marker error: RMS = 0.00408842, max = 0.00916481 (L_Thigh_Lateral)
[2026-07-20 13:09:24.407] [info] Frame 117 (t = 1.17):	 total squared error = 0.000422463, marker error: RMS = 0.00395560, max = 0.00894475 (R_Shank_Lateral)
[2026-07-20 13:09:24.425] [info] Frame 118 (t = 1.18):	 total squared error = 0.000405106, marker error: RMS = 0.00387349, max = 0.00974106 (R_Shank_Lateral)
[2026-07-20 13:09:24.441] [info] Frame 119 (t = 1.19):	 total squared error = 0.000403214, marker error: RMS = 0.00386443, max = 0.0106690 (R_Shank_Lateral)
[2026-07-20 13:09:24.455] [info] Frame 120 (t = 1.2):	 total squared error = 0.000414042, marker error: RMS = 0.00391598, max = 0.0113102 (R_Shank_Lateral)
[2026-07-20 13:09:24.492] [info] Frame 121 (t = 1.21):	 total squared error = 0.000408733, marker error: RMS = 0.00389079, max = 0.0109955 (R_Shank_Lateral)
[2026-07-20 13:09:24.515] [info] Frame 122 (t = 1.22):	 total squared error = 0.000420367, marker error: RMS = 0.00394578, max = 0.0109401 (R_Shank_Lateral)
[2026-07-20 13:09:24.548] [info] Frame 123 (t = 1.23):	 total squared error = 0.000422552, marker error: RMS = 0.00395602, max = 0.0100929 (R_Shank_Lateral)
[2026-07-20 13:09:24.573] [info] Frame 124 (t = 1.24):	 total squared error = 0.000431734, marker error: RMS = 0.00399877, max = 0.00922080 (R_Shank_Lateral)
[2026-07-20 13:09:24.601] [info] Frame 125 (t = 1.25):	 total squared error = 0.000441038, marker error: RMS = 0.00404163, max = 0.0110607 (L_Shank_Lateral)
[2026-07-20 13:09:24.623] [info] Frame 126 (t = 1.26):	 total squared error = 0.000472992, marker error: RMS = 0.00418548, max = 0.0119013 (L_Shank_Lateral)
[2026-07-20 13:09:24.647] [info] Frame 127 (t = 1.27):	 total squared error = 0.000513636, marker error: RMS = 0.00436160, max = 0.0132315 (L_Shank_Lateral)
[2026-07-20 13:09:24.659] [info] Frame 128 (t = 1.28):	 total squared error = 0.000585852, marker error: RMS = 0.00465813, max = 0.0129234 (L_Shank_Lateral)
[2026-07-20 13:09:24.685] [info] Frame 129 (t = 1.29):	 total squared error = 0.000642867, marker error: RMS = 0.00487954, max = 0.0144633 (L_Shank_Lateral)
[2026-07-20 13:09:24.706] [info] Frame 130 (t = 1.3):	 total squared error = 0.000721384, marker error: RMS = 0.00516894, max = 0.0145637 (L_Shank_Lateral)
[2026-07-20 13:09:24.730] [info] Frame 131 (t = 1.31):	 total squared error = 0.000793812, marker error: RMS = 0.00542222, max = 0.0152797 (L_Shank_Lateral)
[2026-07-20 13:09:24.744] [info] Frame 132 (t = 1.32):	 total squared error = 0.000857809, marker error: RMS = 0.00563655, max = 0.0156118 (L_Shank_Lateral)
[2026-07-20 13:09:24.763] [info] Frame 133 (t = 1.33):	 total squared error = 0.000901312, marker error: RMS = 0.00577771, max = 0.0162033 (L_Shank_Lateral)
[2026-07-20 13:09:24.783] [info] Frame 134 (t = 1.34):	 total squared error = 0.000916874, marker error: RMS = 0.00582737, max = 0.0166064 (L_Shank_Lateral)
[2026-07-20 13:09:24.796] [info] Frame 135 (t = 1.35):	 total squared error = 0.000903973, marker error: RMS = 0.00578623, max = 0.017244 (L_Shank_Lateral)
[2026-07-20 13:09:24.817] [info] Frame 136 (t = 1.36):	 total squared error = 0.000867446, marker error: RMS = 0.00566812, max = 0.0168741 (L_Shank_Lateral)
[2026-07-20 13:09:24.840] [info] Frame 137 (t = 1.37):	 total squared error = 0.000816464, marker error: RMS = 0.00549904, max = 0.0165524 (L_Shank_Lateral)
[2026-07-20 13:09:24.852] [info] Frame 138 (t = 1.38):	 total squared error = 0.000768382, marker error: RMS = 0.00533466, max = 0.0167821 (L_Shank_Lateral)
[2026-07-20 13:09:24.872] [info] Frame 139 (t = 1.39):	 total squared error = 0.000706702, marker error: RMS = 0.00511607, max = 0.0156812 (L_Shank_Lateral)
[2026-07-20 13:09:24.884] [info] Frame 140 (t = 1.4):	 total squared error = 0.000658699, marker error: RMS = 0.00493926, max = 0.0153066 (L_Shank_Lateral)
[2026-07-20 13:09:24.907] [info] Frame 141 (t = 1.41):	 total squared error = 0.000610587, marker error: RMS = 0.00475545, max = 0.0139441 (L_Shank_Lateral)
[2026-07-20 13:09:24.922] [info] Frame 142 (t = 1.42):	 total squared error = 0.000577373, marker error: RMS = 0.00462431, max = 0.013257 (L_Shank_Lateral)
[2026-07-20 13:09:24.934] [info] Frame 143 (t = 1.43):	 total squared error = 0.000550862, marker error: RMS = 0.00451689, max = 0.0122306 (L_Shank_Lateral)
[2026-07-20 13:09:24.955] [info] Frame 144 (t = 1.44):	 total squared error = 0.000503562, marker error: RMS = 0.00431862, max = 0.0107650 (L_Shank_Lateral)
[2026-07-20 13:09:24.985] [info] Frame 145 (t = 1.45):	 total squared error = 0.000468642, marker error: RMS = 0.00416619, max = 0.0100895 (L_Thigh_Lateral)
[2026-07-20 13:09:25.010] [info] Frame 146 (t = 1.46):	 total squared error = 0.000442014, marker error: RMS = 0.00404609, max = 0.00981706 (L_Thigh_Lateral)
[2026-07-20 13:09:25.024] [info] Frame 147 (t = 1.47):	 total squared error = 0.000427907, marker error: RMS = 0.00398101, max = 0.00958197 (L_Thigh_Lateral)
[2026-07-20 13:09:25.046] [info] Frame 148 (t = 1.48):	 total squared error = 0.000406907, marker error: RMS = 0.00388209, max = 0.00929565 (L_Thigh_Lateral)
[2026-07-20 13:09:25.062] [info] Frame 149 (t = 1.49):	 total squared error = 0.000403144, marker error: RMS = 0.00386410, max = 0.00915640 (L_Thigh_Lateral)
[2026-07-20 13:09:25.077] [info] Frame 150 (t = 1.5):	 total squared error = 0.000406737, marker error: RMS = 0.00388128, max = 0.00904032 (L_Thigh_Lateral)
[2026-07-20 13:09:25.101] [info] Frame 151 (t = 1.51):	 total squared error = 0.000405786, marker error: RMS = 0.00387674, max = 0.00902223 (L_Thigh_Lateral)
[2026-07-20 13:09:25.132] [info] Frame 152 (t = 1.52):	 total squared error = 0.000416950, marker error: RMS = 0.00392971, max = 0.00912844 (L_Thigh_Lateral)
[2026-07-20 13:09:25.148] [info] Frame 153 (t = 1.53):	 total squared error = 0.000441493, marker error: RMS = 0.00404371, max = 0.00945949 (L_Thigh_Lateral)
[2026-07-20 13:09:25.164] [info] Frame 154 (t = 1.54):	 total squared error = 0.000476522, marker error: RMS = 0.00420107, max = 0.00987698 (L_Thigh_Lateral)
[2026-07-20 13:09:25.184] [info] Frame 155 (t = 1.55):	 total squared error = 0.000513289, marker error: RMS = 0.00436012, max = 0.0104838 (L_Thigh_Lateral)
[2026-07-20 13:09:25.211] [info] Frame 156 (t = 1.56):	 total squared error = 0.000558034, marker error: RMS = 0.00454620, max = 0.0110273 (L_Thigh_Lateral)
[2026-07-20 13:09:25.240] [info] Frame 157 (t = 1.57):	 total squared error = 0.000612775, marker error: RMS = 0.00476397, max = 0.0117295 (L_Thigh_Lateral)
[2026-07-20 13:09:25.271] [info] Frame 158 (t = 1.58):	 total squared error = 0.000671200, marker error: RMS = 0.00498591, max = 0.012417 (L_Thigh_Lateral)
[2026-07-20 13:09:25.292] [info] Frame 159 (t = 1.59):	 total squared error = 0.000725455, marker error: RMS = 0.00518350, max = 0.0130195 (L_Thigh_Lateral)
[2026-07-20 13:09:25.308] [info] Frame 160 (t = 1.6):	 total squared error = 0.000769460, marker error: RMS = 0.00533840, max = 0.0134263 (L_Thigh_Lateral)
[2026-07-20 13:09:25.320] [info] Frame 161 (t = 1.61):	 total squared error = 0.000796147, marker error: RMS = 0.00543019, max = 0.0137369 (L_Thigh_Lateral)
[2026-07-20 13:09:25.331] [info] Frame 162 (t = 1.62):	 total squared error = 0.000797889, marker error: RMS = 0.00543612, max = 0.0137978 (L_Thigh_Lateral)
[2026-07-20 13:09:25.342] [info] Frame 163 (t = 1.63):	 total squared error = 0.000772698, marker error: RMS = 0.00534962, max = 0.0135101 (L_Thigh_Lateral)
[2026-07-20 13:09:25.352] [info] Frame 164 (t = 1.64):	 total squared error = 0.000725081, marker error: RMS = 0.00518217, max = 0.0129086 (L_Thigh_Lateral)
[2026-07-20 13:09:25.363] [info] Frame 165 (t = 1.65):	 total squared error = 0.000658776, marker error: RMS = 0.00493955, max = 0.0120093 (L_Thigh_Lateral)
[2026-07-20 13:09:25.374] [info] Frame 166 (t = 1.66):	 total squared error = 0.000588950, marker error: RMS = 0.00467043, max = 0.0106841 (L_Thigh_Lateral)
[2026-07-20 13:09:25.390] [info] Frame 167 (t = 1.67):	 total squared error = 0.000495251, marker error: RMS = 0.00428283, max = 0.00947059 (L_Shank_Lateral)
[2026-07-20 13:09:25.410] [info] Frame 168 (t = 1.68):	 total squared error = 0.000415863, marker error: RMS = 0.00392458, max = 0.00865277 (L_Shank_Lateral)
[2026-07-20 13:09:25.422] [info] Frame 169 (t = 1.69):	 total squared error = 0.000349308, marker error: RMS = 0.00359685, max = 0.00810859 (L_Shank_Lateral)
[2026-07-20 13:09:25.442] [info] Frame 170 (t = 1.7):	 total squared error = 0.000288895, marker error: RMS = 0.00327106, max = 0.00802337 (L_Shank_Lateral)
[2026-07-20 13:09:25.458] [info] Frame 171 (t = 1.71):	 total squared error = 0.000248385, marker error: RMS = 0.00303306, max = 0.00797940 (L_Shank_Lateral)
[2026-07-20 13:09:25.475] [info] Frame 172 (t = 1.72):	 total squared error = 0.000226277, marker error: RMS = 0.00289493, max = 0.00809141 (L_Shank_Lateral)
[2026-07-20 13:09:25.508] [info] Frame 173 (t = 1.73):	 total squared error = 0.000225804, marker error: RMS = 0.00289191, max = 0.00731151 (L_Shank_Lateral)
[2026-07-20 13:09:25.531] [info] Frame 174 (t = 1.74):	 total squared error = 0.000249796, marker error: RMS = 0.00304166, max = 0.00770532 (L_Shank_Lateral)
[2026-07-20 13:09:25.553] [info] Frame 175 (t = 1.75):	 total squared error = 0.000304921, marker error: RMS = 0.00336056, max = 0.00769640 (L_Shank_Lateral)
[2026-07-20 13:09:25.572] [info] Frame 176 (t = 1.76):	 total squared error = 0.000389402, marker error: RMS = 0.00379767, max = 0.00959936 (R_Shank_Lateral)
[2026-07-20 13:09:25.590] [info] Frame 177 (t = 1.77):	 total squared error = 0.000493045, marker error: RMS = 0.00427328, max = 0.0121604 (R_Shank_Lateral)
[2026-07-20 13:09:25.611] [info] Frame 178 (t = 1.78):	 total squared error = 0.000611770, marker error: RMS = 0.00476006, max = 0.0145661 (R_Shank_Lateral)
[2026-07-20 13:09:25.627] [info] Frame 179 (t = 1.79):	 total squared error = 0.000732636, marker error: RMS = 0.00520909, max = 0.0164725 (R_Shank_Lateral)
[2026-07-20 13:09:25.646] [info] Frame 180 (t = 1.8):	 total squared error = 0.000834489, marker error: RMS = 0.00555940, max = 0.0179994 (R_Shank_Lateral)
[2026-07-20 13:09:25.666] [info] Frame 181 (t = 1.81):	 total squared error = 0.000907846, marker error: RMS = 0.00579861, max = 0.0190108 (R_Shank_Lateral)
[2026-07-20 13:09:25.688] [info] Frame 182 (t = 1.82):	 total squared error = 0.000945072, marker error: RMS = 0.00591631, max = 0.0197807 (R_Shank_Lateral)
[2026-07-20 13:09:25.703] [info] Frame 183 (t = 1.83):	 total squared error = 0.000955539, marker error: RMS = 0.00594898, max = 0.0196833 (R_Shank_Lateral)
[2026-07-20 13:09:25.726] [info] Frame 184 (t = 1.84):	 total squared error = 0.000945684, marker error: RMS = 0.00591822, max = 0.0198807 (R_Shank_Lateral)
[2026-07-20 13:09:25.746] [info] Frame 185 (t = 1.85):	 total squared error = 0.000932697, marker error: RMS = 0.00587744, max = 0.0195752 (R_Shank_Lateral)
[2026-07-20 13:09:25.767] [info] Frame 186 (t = 1.86):	 total squared error = 0.000923499, marker error: RMS = 0.00584839, max = 0.0193611 (R_Shank_Lateral)
[2026-07-20 13:09:25.784] [info] Frame 187 (t = 1.87):	 total squared error = 0.000922350, marker error: RMS = 0.00584475, max = 0.0192113 (R_Shank_Lateral)
[2026-07-20 13:09:25.798] [info] Frame 188 (t = 1.88):	 total squared error = 0.000926416, marker error: RMS = 0.00585762, max = 0.0193191 (R_Shank_Lateral)
[2026-07-20 13:09:25.816] [info] Frame 189 (t = 1.89):	 total squared error = 0.000931755, marker error: RMS = 0.00587447, max = 0.0191719 (R_Shank_Lateral)
[2026-07-20 13:09:25.839] [info] Frame 190 (t = 1.9):	 total squared error = 0.000935916, marker error: RMS = 0.00588758, max = 0.0190552 (R_Shank_Lateral)
[2026-07-20 13:09:25.848] [info] Frame 191 (t = 1.91):	 total squared error = 0.000958763, marker error: RMS = 0.00595901, max = 0.0193361 (R_Shank_Lateral)
[2026-07-20 13:09:25.874] [info] Frame 192 (t = 1.92):	 total squared error = 0.000935427, marker error: RMS = 0.00588604, max = 0.0190089 (R_Shank_Lateral)
[2026-07-20 13:09:25.899] [info] Frame 193 (t = 1.93):	 total squared error = 0.000930866, marker error: RMS = 0.00587167, max = 0.018818 (R_Shank_Lateral)
[2026-07-20 13:09:25.930] [info] Frame 194 (t = 1.94):	 total squared error = 0.000919331, marker error: RMS = 0.00583518, max = 0.0184895 (R_Shank_Lateral)
[2026-07-20 13:09:25.942] [info] Frame 195 (t = 1.95):	 total squared error = 0.000907170, marker error: RMS = 0.00579645, max = 0.0180802 (R_Shank_Lateral)
[2026-07-20 13:09:25.960] [info] Frame 196 (t = 1.96):	 total squared error = 0.000866855, marker error: RMS = 0.00566619, max = 0.0170908 (R_Shank_Lateral)
[2026-07-20 13:09:25.981] [info] Frame 197 (t = 1.97):	 total squared error = 0.000813867, marker error: RMS = 0.00549028, max = 0.0157945 (R_Thigh_Lateral)
[2026-07-20 13:09:25.997] [info] Frame 198 (t = 1.98):	 total squared error = 0.000759453, marker error: RMS = 0.00530357, max = 0.015381 (R_Thigh_Lateral)
[2026-07-20 13:09:26.018] [info] Frame 199 (t = 1.99):	 total squared error = 0.000681703, marker error: RMS = 0.00502476, max = 0.014271 (R_Thigh_Lateral)
[2026-07-20 13:09:26.046] [info] Frame 200 (t = 2.0):	 total squared error = 0.000612623, marker error: RMS = 0.00476338, max = 0.0129488 (R_Thigh_Lateral)
[2026-07-20 13:09:26.067] [info] Frame 201 (t = 2.01):	 total squared error = 0.000562607, marker error: RMS = 0.00456479, max = 0.0116652 (R_Thigh_Lateral)
[2026-07-20 13:09:26.089] [info] Frame 202 (t = 2.02):	 total squared error = 0.000530432, marker error: RMS = 0.00443234, max = 0.0104512 (L_Thigh_Lateral)
[2026-07-20 13:09:26.105] [info] Frame 203 (t = 2.03):	 total squared error = 0.000527319, marker error: RMS = 0.00441932, max = 0.0111272 (L_Thigh_Lateral)
[2026-07-20 13:09:26.144] [info] Frame 204 (t = 2.04):	 total squared error = 0.000511682, marker error: RMS = 0.00435330, max = 0.0112437 (L_Thigh_Lateral)
[2026-07-20 13:09:26.162] [info] Frame 205 (t = 2.05):	 total squared error = 0.000537836, marker error: RMS = 0.00446316, max = 0.0117935 (L_Thigh_Lateral)
[2026-07-20 13:09:26.184] [info] Frame 206 (t = 2.06):	 total squared error = 0.000553537, marker error: RMS = 0.00452784, max = 0.0119523 (L_Thigh_Lateral)
[2026-07-20 13:09:26.196] [info] Frame 207 (t = 2.07):	 total squared error = 0.000597236, marker error: RMS = 0.00470317, max = 0.0122327 (L_Thigh_Lateral)
[2026-07-20 13:09:26.234] [info] Frame 208 (t = 2.08):	 total squared error = 0.000614135, marker error: RMS = 0.00476925, max = 0.0121038 (L_Thigh_Lateral)
[2026-07-20 13:09:26.249] [info] Frame 209 (t = 2.09):	 total squared error = 0.000650714, marker error: RMS = 0.00490923, max = 0.0121914 (L_Thigh_Lateral)
[2026-07-20 13:09:26.259] [info] Frame 210 (t = 2.1):	 total squared error = 0.000674484, marker error: RMS = 0.00499809, max = 0.0120151 (L_Thigh_Lateral)
[2026-07-20 13:09:26.275] [info] Frame 211 (t = 2.11):	 total squared error = 0.000668509, marker error: RMS = 0.00497590, max = 0.0118674 (L_Thigh_Lateral)
[2026-07-20 13:09:26.283] [info] Frame 212 (t = 2.12):	 total squared error = 0.000653617, marker error: RMS = 0.00492017, max = 0.0112906 (L_Thigh_Lateral)
[2026-07-20 13:09:26.296] [info] Frame 213 (t = 2.13):	 total squared error = 0.000614933, marker error: RMS = 0.00477235, max = 0.0111214 (L_Thigh_Lateral)
[2026-07-20 13:09:26.309] [info] Frame 214 (t = 2.14):	 total squared error = 0.000568676, marker error: RMS = 0.00458934, max = 0.0106843 (L_Thigh_Lateral)
[2026-07-20 13:09:26.327] [info] Frame 215 (t = 2.15):	 total squared error = 0.000521267, marker error: RMS = 0.00439388, max = 0.0102959 (L_Thigh_Lateral)
[2026-07-20 13:09:26.353] [info] Frame 216 (t = 2.16):	 total squared error = 0.000469937, marker error: RMS = 0.00417194, max = 0.00993916 (L_Thigh_Lateral)
[2026-07-20 13:09:26.365] [info] Frame 217 (t = 2.17):	 total squared error = 0.000448334, marker error: RMS = 0.00407492, max = 0.00948310 (L_Thigh_Lateral)
[2026-07-20 13:09:26.385] [info] Frame 218 (t = 2.18):	 total squared error = 0.000422242, marker error: RMS = 0.00395457, max = 0.00916583 (L_Thigh_Lateral)
[2026-07-20 13:09:26.406] [info] Frame 219 (t = 2.19):	 total squared error = 0.000410956, marker error: RMS = 0.00390136, max = 0.00889080 (L_Thigh_Lateral)
[2026-07-20 13:09:26.419] [info] Frame 220 (t = 2.2):	 total squared error = 0.000416458, marker error: RMS = 0.00392739, max = 0.00823725 (L_Thigh_Lateral)
[2026-07-20 13:09:26.440] [info] Frame 221 (t = 2.21):	 total squared error = 0.000410601, marker error: RMS = 0.00389967, max = 0.00805831 (R_Shank_Lateral)
[2026-07-20 13:09:26.461] [info] Frame 222 (t = 2.22):	 total squared error = 0.000407446, marker error: RMS = 0.00388466, max = 0.00847974 (R_Shank_Lateral)
[2026-07-20 13:09:26.480] [info] Frame 223 (t = 2.23):	 total squared error = 0.000399879, marker error: RMS = 0.00384842, max = 0.00851745 (R_Shank_Lateral)
[2026-07-20 13:09:26.495] [info] Frame 224 (t = 2.24):	 total squared error = 0.000392064, marker error: RMS = 0.00381063, max = 0.00802646 (R_Shank_Lateral)
[2026-07-20 13:09:26.522] [info] Frame 225 (t = 2.25):	 total squared error = 0.000377009, marker error: RMS = 0.00373675, max = 0.00780969 (L_Knee_Lateral)
[2026-07-20 13:09:26.541] [info] Frame 226 (t = 2.26):	 total squared error = 0.000383934, marker error: RMS = 0.00377091, max = 0.00851124 (L_Knee_Lateral)
[2026-07-20 13:09:26.573] [info] Frame 227 (t = 2.27):	 total squared error = 0.000393607, marker error: RMS = 0.00381812, max = 0.00908762 (L_Shank_Lateral)
[2026-07-20 13:09:26.611] [info] Frame 228 (t = 2.28):	 total squared error = 0.000423226, marker error: RMS = 0.00395917, max = 0.0101090 (L_Shank_Lateral)
[2026-07-20 13:09:26.632] [info] Frame 229 (t = 2.29):	 total squared error = 0.000468073, marker error: RMS = 0.00416365, max = 0.0106107 (L_Shank_Lateral)
[2026-07-20 13:09:26.660] [info] Frame 230 (t = 2.3):	 total squared error = 0.000519025, marker error: RMS = 0.00438442, max = 0.011575 (L_Shank_Lateral)
[2026-07-20 13:09:26.680] [info] Frame 231 (t = 2.31):	 total squared error = 0.000584140, marker error: RMS = 0.00465132, max = 0.0118816 (L_Shank_Lateral)
[2026-07-20 13:09:26.701] [info] Frame 232 (t = 2.32):	 total squared error = 0.000646438, marker error: RMS = 0.00489307, max = 0.0127131 (L_Shank_Lateral)
[2026-07-20 13:09:26.711] [info] Frame 233 (t = 2.33):	 total squared error = 0.000724152, marker error: RMS = 0.00517885, max = 0.0128878 (L_Shank_Lateral)
[2026-07-20 13:09:26.735] [info] Frame 234 (t = 2.34):	 total squared error = 0.000749507, marker error: RMS = 0.00526873, max = 0.014497 (L_Shank_Lateral)
[2026-07-20 13:09:26.753] [info] Frame 235 (t = 2.35):	 total squared error = 0.000783922, marker error: RMS = 0.00538833, max = 0.0154123 (L_Shank_Lateral)
[2026-07-20 13:09:26.777] [info] Frame 236 (t = 2.36):	 total squared error = 0.000798798, marker error: RMS = 0.00543922, max = 0.0161602 (L_Shank_Lateral)
[2026-07-20 13:09:26.790] [info] Frame 237 (t = 2.37):	 total squared error = 0.000801311, marker error: RMS = 0.00544777, max = 0.0170674 (L_Shank_Lateral)
[2026-07-20 13:09:26.811] [info] Frame 238 (t = 2.38):	 total squared error = 0.000789115, marker error: RMS = 0.00540615, max = 0.0171828 (L_Shank_Lateral)
[2026-07-20 13:09:26.823] [info] Frame 239 (t = 2.39):	 total squared error = 0.000773599, marker error: RMS = 0.00535274, max = 0.0175703 (L_Shank_Lateral)
[2026-07-20 13:09:26.844] [info] Frame 240 (t = 2.4):	 total squared error = 0.000740000, marker error: RMS = 0.00523521, max = 0.0167643 (L_Shank_Lateral)
[2026-07-20 13:09:26.857] [info] Frame 241 (t = 2.41):	 total squared error = 0.000714772, marker error: RMS = 0.00514519, max = 0.0166307 (L_Shank_Lateral)
[2026-07-20 13:09:26.874] [info] Frame 242 (t = 2.42):	 total squared error = 0.000688113, marker error: RMS = 0.00504833, max = 0.0159974 (L_Shank_Lateral)
[2026-07-20 13:09:26.906] [info] Frame 243 (t = 2.43):	 total squared error = 0.000644729, marker error: RMS = 0.00488660, max = 0.0146613 (L_Shank_Lateral)
[2026-07-20 13:09:26.923] [info] Frame 244 (t = 2.44):	 total squared error = 0.000624290, marker error: RMS = 0.00480852, max = 0.0139021 (L_Shank_Lateral)
[2026-07-20 13:09:26.949] [info] Frame 245 (t = 2.45):	 total squared error = 0.000593903, marker error: RMS = 0.00469003, max = 0.0128091 (L_Shank_Lateral)
[2026-07-20 13:09:26.965] [info] Frame 246 (t = 2.46):	 total squared error = 0.000577189, marker error: RMS = 0.00462357, max = 0.0122892 (L_Thigh_Lateral)
[2026-07-20 13:09:26.996] [info] Frame 247 (t = 2.47):	 total squared error = 0.000546466, marker error: RMS = 0.00449883, max = 0.0122025 (L_Thigh_Lateral)
[2026-07-20 13:09:27.013] [info] Frame 248 (t = 2.48):	 total squared error = 0.000536272, marker error: RMS = 0.00445667, max = 0.0123046 (L_Thigh_Lateral)
[2026-07-20 13:09:27.039] [info] Frame 249 (t = 2.49):	 total squared error = 0.000502645, marker error: RMS = 0.00431468, max = 0.0119744 (L_Thigh_Lateral)
[2026-07-20 13:09:27.060] [info] Frame 250 (t = 2.5):	 total squared error = 0.000480355, marker error: RMS = 0.00421793, max = 0.0117188 (L_Thigh_Lateral)
[2026-07-20 13:09:27.064] [info] InverseKinematicsTool completed 211 frames in 4 second(s).
[2026-07-20 13:09:27.100] [info] Loaded model TCV04-scaled from file C:\Users\Lucia\Desktop\TFG\2_JMP\TVC04\Walk_3\TVC04_3_JMP_results\TVC04_3_NMSM_JMP_07_upper_limb_final.osim
[2026-07-20 13:09:27.543] [warning] Coordinate.setValue:  coordinate pro_sup_r is locked. Unable to change its value.
[2026-07-20 13:09:27.577] [warning] Coordinate.setValue:  coordinate pro_sup_l is locked. Unable to change its value.
[2026-07-20 13:09:56.668] [info] Loaded model TCV04-scaled from file C:\Users\Lucia\Desktop\TFG\2_JMP\TVC04\Walk_3\TVC04_3_JMP_results\TVC04_3_NMSM_JMP_08_wrist_axis_FINAL.osim
[2026-07-20 13:09:56.678] [cout] [info] 
               MODEL: TCV04-scaled
         coordinates: 41
              forces: 103
           actuators: 103
             muscles: 86
            analyses: 0
              probes: 0
              bodies: 24
              joints: 24
         constraints: 2
             markers: 27
         controllers: 0
  contact geometries: 0
misc modelcomponents: 0
[2026-07-20 13:09:56.678] [info] Running tool .
[2026-07-20 13:09:56.750] [info] Frame 40 (t = 0.4):	 total squared error = 0.000897961, marker error: RMS = 0.00576696, max = 0.0183894 (L_Shank_Lateral)
[2026-07-20 13:09:56.761] [info] Frame 41 (t = 0.41):	 total squared error = 0.000851737, marker error: RMS = 0.00561657, max = 0.0177619 (L_Shank_Lateral)
[2026-07-20 13:09:56.782] [info] Frame 42 (t = 0.42):	 total squared error = 0.000796463, marker error: RMS = 0.00543126, max = 0.0165936 (L_Shank_Lateral)
[2026-07-20 13:09:56.809] [info] Frame 43 (t = 0.43):	 total squared error = 0.000749046, marker error: RMS = 0.00526711, max = 0.0152786 (L_Shank_Lateral)
[2026-07-20 13:09:56.841] [info] Frame 44 (t = 0.44):	 total squared error = 0.000708111, marker error: RMS = 0.00512117, max = 0.0140551 (L_Thigh_Lateral)
[2026-07-20 13:09:56.862] [info] Frame 45 (t = 0.45):	 total squared error = 0.000674686, marker error: RMS = 0.00499884, max = 0.0137965 (L_Thigh_Lateral)
[2026-07-20 13:09:56.877] [info] Frame 46 (t = 0.46):	 total squared error = 0.000656712, marker error: RMS = 0.00493180, max = 0.0138109 (L_Thigh_Lateral)
[2026-07-20 13:09:56.907] [info] Frame 47 (t = 0.47):	 total squared error = 0.000615302, marker error: RMS = 0.00477378, max = 0.0132885 (L_Thigh_Lateral)
[2026-07-20 13:09:56.931] [info] Frame 48 (t = 0.48):	 total squared error = 0.000595552, marker error: RMS = 0.00469654, max = 0.0129857 (L_Thigh_Lateral)
[2026-07-20 13:09:56.954] [info] Frame 49 (t = 0.49):	 total squared error = 0.000573020, marker error: RMS = 0.00460684, max = 0.0126374 (L_Thigh_Lateral)
[2026-07-20 13:09:56.971] [info] Frame 50 (t = 0.5):	 total squared error = 0.000564287, marker error: RMS = 0.00457160, max = 0.0123169 (L_Thigh_Lateral)
[2026-07-20 13:09:56.997] [info] Frame 51 (t = 0.51):	 total squared error = 0.000544383, marker error: RMS = 0.00449025, max = 0.0116818 (L_Thigh_Lateral)
[2026-07-20 13:09:57.011] [info] Frame 52 (t = 0.52):	 total squared error = 0.000546237, marker error: RMS = 0.00449789, max = 0.0111745 (L_Thigh_Lateral)
[2026-07-20 13:09:57.027] [info] Frame 53 (t = 0.53):	 total squared error = 0.000553389, marker error: RMS = 0.00452724, max = 0.0105709 (L_Thigh_Lateral)
[2026-07-20 13:09:57.051] [info] Frame 54 (t = 0.54):	 total squared error = 0.000557668, marker error: RMS = 0.00454471, max = 0.00989827 (L_Thigh_Lateral)
[2026-07-20 13:09:57.079] [info] Frame 55 (t = 0.55):	 total squared error = 0.000586245, marker error: RMS = 0.00465970, max = 0.00992678 (R_Thigh_Lateral)
[2026-07-20 13:09:57.111] [info] Frame 56 (t = 0.56):	 total squared error = 0.000631501, marker error: RMS = 0.00483621, max = 0.0105188 (R_Thigh_Lateral)
[2026-07-20 13:09:57.127] [info] Frame 57 (t = 0.57):	 total squared error = 0.000697642, marker error: RMS = 0.00508317, max = 0.0111636 (R_Thigh_Lateral)
[2026-07-20 13:09:57.149] [info] Frame 58 (t = 0.58):	 total squared error = 0.000769188, marker error: RMS = 0.00533746, max = 0.0115487 (R_Thigh_Lateral)
[2026-07-20 13:09:57.159] [info] Frame 59 (t = 0.59):	 total squared error = 0.000859819, marker error: RMS = 0.00564315, max = 0.0123393 (L_Thigh_Lateral)
[2026-07-20 13:09:57.196] [info] Frame 60 (t = 0.6):	 total squared error = 0.000905223, marker error: RMS = 0.00579023, max = 0.0125353 (L_Thigh_Lateral)
[2026-07-20 13:09:57.203] [info] Frame 61 (t = 0.61):	 total squared error = 0.000956483, marker error: RMS = 0.00595192, max = 0.0136134 (L_Thigh_Lateral)
[2026-07-20 13:09:57.219] [info] Frame 62 (t = 0.62):	 total squared error = 0.000965097, marker error: RMS = 0.00597866, max = 0.0140517 (L_Thigh_Lateral)
[2026-07-20 13:09:57.248] [info] Frame 63 (t = 0.63):	 total squared error = 0.000939441, marker error: RMS = 0.00589865, max = 0.0132404 (L_Thigh_Lateral)
[2026-07-20 13:09:57.259] [info] Frame 64 (t = 0.64):	 total squared error = 0.000895257, marker error: RMS = 0.00575827, max = 0.0129701 (L_Thigh_Lateral)
[2026-07-20 13:09:57.275] [info] Frame 65 (t = 0.65):	 total squared error = 0.000819079, marker error: RMS = 0.00550784, max = 0.0121105 (L_Thigh_Lateral)
[2026-07-20 13:09:57.293] [info] Frame 66 (t = 0.66):	 total squared error = 0.000730578, marker error: RMS = 0.00520177, max = 0.0113545 (L_Shank_Lateral)
[2026-07-20 13:09:57.319] [info] Frame 67 (t = 0.67):	 total squared error = 0.000632391, marker error: RMS = 0.00483962, max = 0.0108569 (L_Shank_Lateral)
[2026-07-20 13:09:57.338] [info] Frame 68 (t = 0.68):	 total squared error = 0.000533852, marker error: RMS = 0.00444661, max = 0.0106650 (L_Shank_Lateral)
[2026-07-20 13:09:57.363] [info] Frame 69 (t = 0.69):	 total squared error = 0.000437094, marker error: RMS = 0.00402351, max = 0.00977021 (L_Shank_Lateral)
[2026-07-20 13:09:57.378] [info] Frame 70 (t = 0.7):	 total squared error = 0.000360755, marker error: RMS = 0.00365531, max = 0.00967404 (L_Shank_Lateral)
[2026-07-20 13:09:57.411] [info] Frame 71 (t = 0.71):	 total squared error = 0.000290799, marker error: RMS = 0.00328182, max = 0.00844961 (L_Shank_Lateral)
[2026-07-20 13:09:57.429] [info] Frame 72 (t = 0.72):	 total squared error = 0.000257992, marker error: RMS = 0.00309116, max = 0.00824477 (L_Shank_Lateral)
[2026-07-20 13:09:57.451] [info] Frame 73 (t = 0.73):	 total squared error = 0.000253988, marker error: RMS = 0.00306708, max = 0.00771172 (L_Shank_Lateral)
[2026-07-20 13:09:57.480] [info] Frame 74 (t = 0.74):	 total squared error = 0.000284203, marker error: RMS = 0.00324438, max = 0.00729721 (R_Thigh_Lateral)
[2026-07-20 13:09:57.507] [info] Frame 75 (t = 0.75):	 total squared error = 0.000343181, marker error: RMS = 0.00356517, max = 0.00893311 (R_Thigh_Lateral)
[2026-07-20 13:09:57.528] [info] Frame 76 (t = 0.76):	 total squared error = 0.000421443, marker error: RMS = 0.00395082, max = 0.0104485 (R_Thigh_Lateral)
[2026-07-20 13:09:57.553] [info] Frame 77 (t = 0.77):	 total squared error = 0.000517503, marker error: RMS = 0.00437799, max = 0.0127678 (R_Shank_Lateral)
[2026-07-20 13:09:57.575] [info] Frame 78 (t = 0.78):	 total squared error = 0.000619723, marker error: RMS = 0.00479090, max = 0.0148478 (R_Shank_Lateral)
[2026-07-20 13:09:57.592] [info] Frame 79 (t = 0.79):	 total squared error = 0.000716621, marker error: RMS = 0.00515185, max = 0.0164207 (R_Shank_Lateral)
[2026-07-20 13:09:57.621] [info] Frame 80 (t = 0.8):	 total squared error = 0.000790121, marker error: RMS = 0.00540960, max = 0.0178649 (R_Shank_Lateral)
[2026-07-20 13:09:57.635] [info] Frame 81 (t = 0.81):	 total squared error = 0.000838751, marker error: RMS = 0.00557358, max = 0.0182825 (R_Shank_Lateral)
[2026-07-20 13:09:57.659] [info] Frame 82 (t = 0.82):	 total squared error = 0.000857444, marker error: RMS = 0.00563535, max = 0.0188437 (R_Shank_Lateral)
[2026-07-20 13:09:57.684] [info] Frame 83 (t = 0.83):	 total squared error = 0.000854040, marker error: RMS = 0.00562415, max = 0.01881 (R_Shank_Lateral)
[2026-07-20 13:09:57.700] [info] Frame 84 (t = 0.84):	 total squared error = 0.000832825, marker error: RMS = 0.00555386, max = 0.018253 (R_Shank_Lateral)
[2026-07-20 13:09:57.715] [info] Frame 85 (t = 0.85):	 total squared error = 0.000800972, marker error: RMS = 0.00544662, max = 0.0176861 (R_Shank_Lateral)
[2026-07-20 13:09:57.735] [info] Frame 86 (t = 0.86):	 total squared error = 0.000762211, marker error: RMS = 0.00531320, max = 0.0170872 (R_Shank_Lateral)
[2026-07-20 13:09:57.749] [info] Frame 87 (t = 0.87):	 total squared error = 0.000725853, marker error: RMS = 0.00518493, max = 0.0164336 (R_Shank_Lateral)
[2026-07-20 13:09:57.761] [info] Frame 88 (t = 0.88):	 total squared error = 0.000695852, marker error: RMS = 0.00507664, max = 0.0157912 (R_Shank_Lateral)
[2026-07-20 13:09:57.777] [info] Frame 89 (t = 0.89):	 total squared error = 0.000664241, marker error: RMS = 0.00495999, max = 0.0153828 (R_Shank_Lateral)
[2026-07-20 13:09:57.792] [info] Frame 90 (t = 0.9):	 total squared error = 0.000646838, marker error: RMS = 0.00489458, max = 0.0150311 (R_Shank_Lateral)
[2026-07-20 13:09:57.800] [info] Frame 91 (t = 0.91):	 total squared error = 0.000657574, marker error: RMS = 0.00493504, max = 0.0149112 (R_Shank_Lateral)
[2026-07-20 13:09:57.824] [info] Frame 92 (t = 0.92):	 total squared error = 0.000636323, marker error: RMS = 0.00485464, max = 0.0147131 (R_Shank_Lateral)
[2026-07-20 13:09:57.839] [info] Frame 93 (t = 0.93):	 total squared error = 0.000650644, marker error: RMS = 0.00490896, max = 0.0145569 (R_Shank_Lateral)
[2026-07-20 13:09:57.860] [info] Frame 94 (t = 0.94):	 total squared error = 0.000656415, marker error: RMS = 0.00493068, max = 0.0144149 (R_Shank_Lateral)
[2026-07-20 13:09:57.879] [info] Frame 95 (t = 0.95):	 total squared error = 0.000665409, marker error: RMS = 0.00496435, max = 0.0146318 (R_Thigh_Lateral)
[2026-07-20 13:09:57.893] [info] Frame 96 (t = 0.96):	 total squared error = 0.000671942, marker error: RMS = 0.00498866, max = 0.0149692 (R_Thigh_Lateral)
[2026-07-20 13:09:57.911] [info] Frame 97 (t = 0.97):	 total squared error = 0.000655751, marker error: RMS = 0.00492819, max = 0.0148034 (R_Thigh_Lateral)
[2026-07-20 13:09:57.924] [info] Frame 98 (t = 0.98):	 total squared error = 0.000642573, marker error: RMS = 0.00487842, max = 0.0148679 (R_Thigh_Lateral)
[2026-07-20 13:09:57.948] [info] Frame 99 (t = 0.99):	 total squared error = 0.000591697, marker error: RMS = 0.00468132, max = 0.013889 (R_Thigh_Lateral)
[2026-07-20 13:09:57.969] [info] Frame 100 (t = 1.0):	 total squared error = 0.000555155, marker error: RMS = 0.00453446, max = 0.0131515 (R_Thigh_Lateral)
[2026-07-20 13:09:57.990] [info] Frame 101 (t = 1.01):	 total squared error = 0.000518745, marker error: RMS = 0.00438324, max = 0.0121616 (R_Thigh_Lateral)
[2026-07-20 13:09:58.017] [info] Frame 102 (t = 1.02):	 total squared error = 0.000482614, marker error: RMS = 0.00422784, max = 0.0109112 (R_Thigh_Lateral)
[2026-07-20 13:09:58.034] [info] Frame 103 (t = 1.03):	 total squared error = 0.000467396, marker error: RMS = 0.00416064, max = 0.0101544 (L_Thigh_Lateral)
[2026-07-20 13:09:58.058] [info] Frame 104 (t = 1.04):	 total squared error = 0.000439531, marker error: RMS = 0.00403472, max = 0.0103144 (L_Thigh_Lateral)
[2026-07-20 13:09:58.084] [info] Frame 105 (t = 1.05):	 total squared error = 0.000431318, marker error: RMS = 0.00399684, max = 0.0105683 (L_Thigh_Lateral)
[2026-07-20 13:09:58.097] [info] Frame 106 (t = 1.06):	 total squared error = 0.000453315, marker error: RMS = 0.00409749, max = 0.0109673 (L_Thigh_Lateral)
[2026-07-20 13:09:58.121] [info] Frame 107 (t = 1.07):	 total squared error = 0.000468641, marker error: RMS = 0.00416618, max = 0.0109075 (L_Thigh_Lateral)
[2026-07-20 13:09:58.135] [info] Frame 108 (t = 1.08):	 total squared error = 0.000515440, marker error: RMS = 0.00436925, max = 0.0111256 (L_Thigh_Lateral)
[2026-07-20 13:09:58.156] [info] Frame 109 (t = 1.09):	 total squared error = 0.000551981, marker error: RMS = 0.00452148, max = 0.0110187 (L_Thigh_Lateral)
[2026-07-20 13:09:58.173] [info] Frame 110 (t = 1.1):	 total squared error = 0.000583935, marker error: RMS = 0.00465051, max = 0.0108621 (L_Thigh_Lateral)
[2026-07-20 13:09:58.182] [info] Frame 111 (t = 1.11):	 total squared error = 0.000603375, marker error: RMS = 0.00472729, max = 0.0105916 (L_Thigh_Lateral)
[2026-07-20 13:09:58.197] [info] Frame 112 (t = 1.12):	 total squared error = 0.000591475, marker error: RMS = 0.00468044, max = 0.0104579 (L_Thigh_Lateral)
[2026-07-20 13:09:58.217] [info] Frame 113 (t = 1.13):	 total squared error = 0.000561028, marker error: RMS = 0.00455838, max = 0.0102936 (R_Thigh_Lateral)
[2026-07-20 13:09:58.229] [info] Frame 114 (t = 1.14):	 total squared error = 0.000526055, marker error: RMS = 0.00441401, max = 0.00986162 (L_Thigh_Lateral)
[2026-07-20 13:09:58.243] [info] Frame 115 (t = 1.15):	 total squared error = 0.000485434, marker error: RMS = 0.00424017, max = 0.00953442 (L_Thigh_Lateral)
[2026-07-20 13:09:58.259] [info] Frame 116 (t = 1.16):	 total squared error = 0.000451000, marker error: RMS = 0.00408702, max = 0.00916355 (L_Thigh_Lateral)
[2026-07-20 13:09:58.279] [info] Frame 117 (t = 1.17):	 total squared error = 0.000422539, marker error: RMS = 0.00395596, max = 0.00895704 (R_Shank_Lateral)
[2026-07-20 13:09:58.297] [info] Frame 118 (t = 1.18):	 total squared error = 0.000404805, marker error: RMS = 0.00387205, max = 0.00972247 (R_Shank_Lateral)
[2026-07-20 13:09:58.323] [info] Frame 119 (t = 1.19):	 total squared error = 0.000396091, marker error: RMS = 0.00383015, max = 0.0102263 (R_Shank_Lateral)
[2026-07-20 13:09:58.348] [info] Frame 120 (t = 1.2):	 total squared error = 0.000399926, marker error: RMS = 0.00384864, max = 0.0107518 (R_Shank_Lateral)
[2026-07-20 13:09:58.375] [info] Frame 121 (t = 1.21):	 total squared error = 0.000409436, marker error: RMS = 0.00389413, max = 0.0109844 (R_Shank_Lateral)
[2026-07-20 13:09:58.397] [info] Frame 122 (t = 1.22):	 total squared error = 0.000420699, marker error: RMS = 0.00394733, max = 0.0109098 (R_Shank_Lateral)
[2026-07-20 13:09:58.420] [info] Frame 123 (t = 1.23):	 total squared error = 0.000430203, marker error: RMS = 0.00399167, max = 0.0101772 (R_Shank_Lateral)
[2026-07-20 13:09:58.443] [info] Frame 124 (t = 1.24):	 total squared error = 0.000431536, marker error: RMS = 0.00399785, max = 0.00916819 (L_Shank_Lateral)
[2026-07-20 13:09:58.465] [info] Frame 125 (t = 1.25):	 total squared error = 0.000443792, marker error: RMS = 0.00405422, max = 0.0108211 (L_Shank_Lateral)
[2026-07-20 13:09:58.487] [info] Frame 126 (t = 1.26):	 total squared error = 0.000475336, marker error: RMS = 0.00419584, max = 0.0117702 (L_Shank_Lateral)
[2026-07-20 13:09:58.503] [info] Frame 127 (t = 1.27):	 total squared error = 0.000526547, marker error: RMS = 0.00441608, max = 0.0123804 (L_Shank_Lateral)
[2026-07-20 13:09:58.528] [info] Frame 128 (t = 1.28):	 total squared error = 0.000571872, marker error: RMS = 0.00460222, max = 0.0139462 (L_Shank_Lateral)
[2026-07-20 13:09:58.549] [info] Frame 129 (t = 1.29):	 total squared error = 0.000643169, marker error: RMS = 0.00488068, max = 0.0144311 (L_Shank_Lateral)
[2026-07-20 13:09:58.569] [info] Frame 130 (t = 1.3):	 total squared error = 0.000720781, marker error: RMS = 0.00516678, max = 0.0147693 (L_Shank_Lateral)
[2026-07-20 13:09:58.583] [info] Frame 131 (t = 1.31):	 total squared error = 0.000796373, marker error: RMS = 0.00543096, max = 0.0149478 (L_Shank_Lateral)
[2026-07-20 13:09:58.601] [info] Frame 132 (t = 1.32):	 total squared error = 0.000858601, marker error: RMS = 0.00563915, max = 0.0156934 (L_Shank_Lateral)
[2026-07-20 13:09:58.612] [info] Frame 133 (t = 1.33):	 total squared error = 0.000901479, marker error: RMS = 0.00577824, max = 0.0162193 (L_Shank_Lateral)
[2026-07-20 13:09:58.631] [info] Frame 134 (t = 1.34):	 total squared error = 0.000916949, marker error: RMS = 0.00582761, max = 0.016633 (L_Shank_Lateral)
[2026-07-20 13:09:58.643] [info] Frame 135 (t = 1.35):	 total squared error = 0.000904923, marker error: RMS = 0.00578927, max = 0.0172489 (L_Shank_Lateral)
[2026-07-20 13:09:58.662] [info] Frame 136 (t = 1.36):	 total squared error = 0.000869756, marker error: RMS = 0.00567567, max = 0.0169075 (L_Shank_Lateral)
[2026-07-20 13:09:58.674] [info] Frame 137 (t = 1.37):	 total squared error = 0.000821710, marker error: RMS = 0.00551667, max = 0.0172417 (L_Shank_Lateral)
[2026-07-20 13:09:58.693] [info] Frame 138 (t = 1.38):	 total squared error = 0.000762623, marker error: RMS = 0.00531463, max = 0.0162109 (L_Shank_Lateral)
[2026-07-20 13:09:58.716] [info] Frame 139 (t = 1.39):	 total squared error = 0.000705845, marker error: RMS = 0.00511296, max = 0.0155228 (L_Shank_Lateral)
[2026-07-20 13:09:58.727] [info] Frame 140 (t = 1.4):	 total squared error = 0.000664969, marker error: RMS = 0.00496271, max = 0.0152765 (L_Shank_Lateral)
[2026-07-20 13:09:58.750] [info] Frame 141 (t = 1.41):	 total squared error = 0.000610611, marker error: RMS = 0.00475555, max = 0.0140096 (L_Shank_Lateral)
[2026-07-20 13:09:58.767] [info] Frame 142 (t = 1.42):	 total squared error = 0.000578144, marker error: RMS = 0.00462739, max = 0.0133053 (L_Shank_Lateral)
[2026-07-20 13:09:58.782] [info] Frame 143 (t = 1.43):	 total squared error = 0.000551899, marker error: RMS = 0.00452114, max = 0.0122644 (L_Shank_Lateral)
[2026-07-20 13:09:58.809] [info] Frame 144 (t = 1.44):	 total squared error = 0.000499759, marker error: RMS = 0.00430228, max = 0.0107047 (L_Shank_Lateral)
[2026-07-20 13:09:58.829] [info] Frame 145 (t = 1.45):	 total squared error = 0.000470181, marker error: RMS = 0.00417302, max = 0.0100969 (L_Thigh_Lateral)
[2026-07-20 13:09:58.853] [info] Frame 146 (t = 1.46):	 total squared error = 0.000442396, marker error: RMS = 0.00404784, max = 0.00985045 (L_Thigh_Lateral)
[2026-07-20 13:09:58.868] [info] Frame 147 (t = 1.47):	 total squared error = 0.000428189, marker error: RMS = 0.00398232, max = 0.00958246 (L_Thigh_Lateral)
[2026-07-20 13:09:58.891] [info] Frame 148 (t = 1.48):	 total squared error = 0.000407022, marker error: RMS = 0.00388264, max = 0.00928826 (L_Thigh_Lateral)
[2026-07-20 13:09:58.907] [info] Frame 149 (t = 1.49):	 total squared error = 0.000403233, marker error: RMS = 0.00386453, max = 0.00915446 (L_Thigh_Lateral)
[2026-07-20 13:09:58.931] [info] Frame 150 (t = 1.5):	 total squared error = 0.000397918, marker error: RMS = 0.00383897, max = 0.00903153 (L_Thigh_Lateral)
[2026-07-20 13:09:58.954] [info] Frame 151 (t = 1.51):	 total squared error = 0.000404320, marker error: RMS = 0.00386973, max = 0.00906726 (L_Thigh_Lateral)
[2026-07-20 13:09:58.981] [info] Frame 152 (t = 1.52):	 total squared error = 0.000417257, marker error: RMS = 0.00393115, max = 0.00914710 (L_Thigh_Lateral)
[2026-07-20 13:09:59.003] [info] Frame 153 (t = 1.53):	 total squared error = 0.000439443, marker error: RMS = 0.00403431, max = 0.00936417 (L_Thigh_Lateral)
[2026-07-20 13:09:59.040] [info] Frame 154 (t = 1.54):	 total squared error = 0.000468637, marker error: RMS = 0.00416616, max = 0.00974029 (L_Thigh_Lateral)
[2026-07-20 13:09:59.061] [info] Frame 155 (t = 1.55):	 total squared error = 0.000508573, marker error: RMS = 0.00434005, max = 0.0103670 (L_Thigh_Lateral)
[2026-07-20 13:09:59.091] [info] Frame 156 (t = 1.56):	 total squared error = 0.000556175, marker error: RMS = 0.00453862, max = 0.0109371 (L_Thigh_Lateral)
[2026-07-20 13:09:59.109] [info] Frame 157 (t = 1.57):	 total squared error = 0.000615982, marker error: RMS = 0.00477642, max = 0.0118203 (L_Thigh_Lateral)
[2026-07-20 13:09:59.137] [info] Frame 158 (t = 1.58):	 total squared error = 0.000670968, marker error: RMS = 0.00498504, max = 0.0124306 (L_Thigh_Lateral)
[2026-07-20 13:09:59.146] [info] Frame 159 (t = 1.59):	 total squared error = 0.000738203, marker error: RMS = 0.00522885, max = 0.0131969 (L_Thigh_Lateral)
[2026-07-20 13:09:59.177] [info] Frame 160 (t = 1.6):	 total squared error = 0.000766556, marker error: RMS = 0.00532832, max = 0.0130008 (L_Thigh_Lateral)
[2026-07-20 13:09:59.188] [info] Frame 161 (t = 1.61):	 total squared error = 0.000792038, marker error: RMS = 0.00541616, max = 0.0133473 (L_Thigh_Lateral)
[2026-07-20 13:09:59.199] [info] Frame 162 (t = 1.62):	 total squared error = 0.000793412, marker error: RMS = 0.00542085, max = 0.0133671 (L_Thigh_Lateral)
[2026-07-20 13:09:59.206] [info] Frame 163 (t = 1.63):	 total squared error = 0.000773005, marker error: RMS = 0.00535068, max = 0.012885 (L_Thigh_Lateral)
[2026-07-20 13:09:59.219] [info] Frame 164 (t = 1.64):	 total squared error = 0.000719782, marker error: RMS = 0.00516320, max = 0.0125021 (L_Thigh_Lateral)
[2026-07-20 13:09:59.246] [info] Frame 165 (t = 1.65):	 total squared error = 0.000645165, marker error: RMS = 0.00488825, max = 0.0112444 (L_Shank_Lateral)
[2026-07-20 13:09:59.264] [info] Frame 166 (t = 1.66):	 total squared error = 0.000567879, marker error: RMS = 0.00458613, max = 0.0104948 (L_Shank_Lateral)
[2026-07-20 13:09:59.282] [info] Frame 167 (t = 1.67):	 total squared error = 0.000488392, marker error: RMS = 0.00425307, max = 0.00972882 (L_Shank_Lateral)
[2026-07-20 13:09:59.292] [info] Frame 168 (t = 1.68):	 total squared error = 0.000418418, marker error: RMS = 0.00393662, max = 0.00914883 (L_Shank_Lateral)
[2026-07-20 13:09:59.307] [info] Frame 169 (t = 1.69):	 total squared error = 0.000348029, marker error: RMS = 0.00359026, max = 0.00860047 (L_Shank_Lateral)
[2026-07-20 13:09:59.337] [info] Frame 170 (t = 1.7):	 total squared error = 0.000289963, marker error: RMS = 0.00327710, max = 0.00757188 (L_Shank_Lateral)
[2026-07-20 13:09:59.354] [info] Frame 171 (t = 1.71):	 total squared error = 0.000247331, marker error: RMS = 0.00302662, max = 0.00770410 (L_Shank_Lateral)
[2026-07-20 13:09:59.372] [info] Frame 172 (t = 1.72):	 total squared error = 0.000224676, marker error: RMS = 0.00288467, max = 0.00795618 (L_Shank_Lateral)
[2026-07-20 13:09:59.394] [info] Frame 173 (t = 1.73):	 total squared error = 0.000224347, marker error: RMS = 0.00288256, max = 0.00789273 (L_Shank_Lateral)
[2026-07-20 13:09:59.424] [info] Frame 174 (t = 1.74):	 total squared error = 0.000251559, marker error: RMS = 0.00305238, max = 0.00753020 (L_Shank_Lateral)
[2026-07-20 13:09:59.438] [info] Frame 175 (t = 1.75):	 total squared error = 0.000310030, marker error: RMS = 0.00338860, max = 0.00760491 (L_Shank_Lateral)
[2026-07-20 13:09:59.456] [info] Frame 176 (t = 1.76):	 total squared error = 0.000390525, marker error: RMS = 0.00380314, max = 0.00968322 (R_Shank_Lateral)
[2026-07-20 13:09:59.472] [info] Frame 177 (t = 1.77):	 total squared error = 0.000497822, marker error: RMS = 0.00429393, max = 0.012217 (R_Shank_Lateral)
[2026-07-20 13:09:59.505] [info] Frame 178 (t = 1.78):	 total squared error = 0.000614365, marker error: RMS = 0.00477014, max = 0.0143114 (R_Shank_Lateral)
[2026-07-20 13:09:59.524] [info] Frame 179 (t = 1.79):	 total squared error = 0.000732428, marker error: RMS = 0.00520835, max = 0.0163191 (R_Shank_Lateral)
[2026-07-20 13:09:59.540] [info] Frame 180 (t = 1.8):	 total squared error = 0.000836011, marker error: RMS = 0.00556447, max = 0.0178681 (R_Shank_Lateral)
[2026-07-20 13:09:59.558] [info] Frame 181 (t = 1.81):	 total squared error = 0.000908613, marker error: RMS = 0.00580106, max = 0.0189030 (R_Shank_Lateral)
[2026-07-20 13:09:59.578] [info] Frame 182 (t = 1.82):	 total squared error = 0.000945329, marker error: RMS = 0.00591711, max = 0.0197716 (R_Shank_Lateral)
[2026-07-20 13:09:59.595] [info] Frame 183 (t = 1.83):	 total squared error = 0.000955138, marker error: RMS = 0.00594773, max = 0.019741 (R_Shank_Lateral)
[2026-07-20 13:09:59.613] [info] Frame 184 (t = 1.84):	 total squared error = 0.000946429, marker error: RMS = 0.00592055, max = 0.0196775 (R_Shank_Lateral)
[2026-07-20 13:09:59.631] [info] Frame 185 (t = 1.85):	 total squared error = 0.000933155, marker error: RMS = 0.00587889, max = 0.0194765 (R_Shank_Lateral)
[2026-07-20 13:09:59.647] [info] Frame 186 (t = 1.86):	 total squared error = 0.000924636, marker error: RMS = 0.00585199, max = 0.0192958 (R_Shank_Lateral)
[2026-07-20 13:09:59.660] [info] Frame 187 (t = 1.87):	 total squared error = 0.000925433, marker error: RMS = 0.00585451, max = 0.0192046 (R_Shank_Lateral)
[2026-07-20 13:09:59.684] [info] Frame 188 (t = 1.88):	 total squared error = 0.000925703, marker error: RMS = 0.00585536, max = 0.019117 (R_Shank_Lateral)
[2026-07-20 13:09:59.696] [info] Frame 189 (t = 1.89):	 total squared error = 0.000932962, marker error: RMS = 0.00587828, max = 0.0192899 (R_Shank_Lateral)
[2026-07-20 13:09:59.721] [info] Frame 190 (t = 1.9):	 total squared error = 0.000936008, marker error: RMS = 0.00588787, max = 0.0191059 (R_Shank_Lateral)
[2026-07-20 13:09:59.731] [info] Frame 191 (t = 1.91):	 total squared error = 0.000959105, marker error: RMS = 0.00596007, max = 0.019384 (R_Shank_Lateral)
[2026-07-20 13:09:59.758] [info] Frame 192 (t = 1.92):	 total squared error = 0.000935405, marker error: RMS = 0.00588597, max = 0.0190063 (R_Shank_Lateral)
[2026-07-20 13:09:59.781] [info] Frame 193 (t = 1.93):	 total squared error = 0.000930731, marker error: RMS = 0.00587124, max = 0.0189492 (R_Shank_Lateral)
[2026-07-20 13:09:59.799] [info] Frame 194 (t = 1.94):	 total squared error = 0.000921736, marker error: RMS = 0.00584281, max = 0.0186803 (R_Shank_Lateral)
[2026-07-20 13:09:59.824] [info] Frame 195 (t = 1.95):	 total squared error = 0.000898271, marker error: RMS = 0.00576795, max = 0.0178904 (R_Shank_Lateral)
[2026-07-20 13:09:59.842] [info] Frame 196 (t = 1.96):	 total squared error = 0.000865958, marker error: RMS = 0.00566326, max = 0.0170292 (R_Shank_Lateral)
[2026-07-20 13:09:59.861] [info] Frame 197 (t = 1.97):	 total squared error = 0.000814544, marker error: RMS = 0.00549257, max = 0.0158147 (R_Thigh_Lateral)
[2026-07-20 13:09:59.884] [info] Frame 198 (t = 1.98):	 total squared error = 0.000748874, marker error: RMS = 0.00526650, max = 0.0151317 (R_Thigh_Lateral)
[2026-07-20 13:09:59.902] [info] Frame 199 (t = 1.99):	 total squared error = 0.000684789, marker error: RMS = 0.00503613, max = 0.0143166 (R_Thigh_Lateral)
[2026-07-20 13:09:59.924] [info] Frame 200 (t = 2.0):	 total squared error = 0.000615286, marker error: RMS = 0.00477372, max = 0.0130037 (R_Thigh_Lateral)
[2026-07-20 13:09:59.949] [info] Frame 201 (t = 2.01):	 total squared error = 0.000560993, marker error: RMS = 0.00455824, max = 0.011551 (R_Thigh_Lateral)
[2026-07-20 13:09:59.981] [info] Frame 202 (t = 2.02):	 total squared error = 0.000526561, marker error: RMS = 0.00441614, max = 0.0102959 (L_Thigh_Lateral)
[2026-07-20 13:10:00.013] [info] Frame 203 (t = 2.03):	 total squared error = 0.000512288, marker error: RMS = 0.00435587, max = 0.0108142 (L_Thigh_Lateral)
[2026-07-20 13:10:00.030] [info] Frame 204 (t = 2.04):	 total squared error = 0.000524441, marker error: RMS = 0.00440724, max = 0.0114813 (L_Thigh_Lateral)
[2026-07-20 13:10:00.057] [info] Frame 205 (t = 2.05):	 total squared error = 0.000528935, marker error: RMS = 0.00442608, max = 0.0116149 (L_Thigh_Lateral)
[2026-07-20 13:10:00.080] [info] Frame 206 (t = 2.06):	 total squared error = 0.000552227, marker error: RMS = 0.00452248, max = 0.0119119 (L_Thigh_Lateral)
[2026-07-20 13:10:00.094] [info] Frame 207 (t = 2.07):	 total squared error = 0.000592669, marker error: RMS = 0.00468516, max = 0.0122135 (L_Thigh_Lateral)
[2026-07-20 13:10:00.108] [info] Frame 208 (t = 2.08):	 total squared error = 0.000633747, marker error: RMS = 0.00484480, max = 0.0124549 (L_Thigh_Lateral)
[2026-07-20 13:10:00.123] [info] Frame 209 (t = 2.09):	 total squared error = 0.000659295, marker error: RMS = 0.00494149, max = 0.0123347 (L_Thigh_Lateral)
[2026-07-20 13:10:00.140] [info] Frame 210 (t = 2.1):	 total squared error = 0.000670834, marker error: RMS = 0.00498455, max = 0.0120590 (L_Thigh_Lateral)
[2026-07-20 13:10:00.162] [info] Frame 211 (t = 2.11):	 total squared error = 0.000666814, marker error: RMS = 0.00496959, max = 0.0117789 (L_Thigh_Lateral)
[2026-07-20 13:10:00.170] [info] Frame 212 (t = 2.12):	 total squared error = 0.000650798, marker error: RMS = 0.00490954, max = 0.0112399 (L_Thigh_Lateral)
[2026-07-20 13:10:00.199] [info] Frame 213 (t = 2.13):	 total squared error = 0.000597310, marker error: RMS = 0.00470347, max = 0.0110373 (L_Thigh_Lateral)
[2026-07-20 13:10:00.214] [info] Frame 214 (t = 2.14):	 total squared error = 0.000553868, marker error: RMS = 0.00452920, max = 0.0105746 (L_Thigh_Lateral)
[2026-07-20 13:10:00.232] [info] Frame 215 (t = 2.15):	 total squared error = 0.000511450, marker error: RMS = 0.00435231, max = 0.0101507 (L_Thigh_Lateral)
[2026-07-20 13:10:00.248] [info] Frame 216 (t = 2.16):	 total squared error = 0.000473750, marker error: RMS = 0.00418883, max = 0.00982856 (L_Thigh_Lateral)
[2026-07-20 13:10:00.267] [info] Frame 217 (t = 2.17):	 total squared error = 0.000443476, marker error: RMS = 0.00405278, max = 0.00953847 (L_Thigh_Lateral)
[2026-07-20 13:10:00.286] [info] Frame 218 (t = 2.18):	 total squared error = 0.000424014, marker error: RMS = 0.00396286, max = 0.00916876 (L_Thigh_Lateral)
[2026-07-20 13:10:00.304] [info] Frame 219 (t = 2.19):	 total squared error = 0.000413940, marker error: RMS = 0.00391550, max = 0.00880026 (L_Thigh_Lateral)
[2026-07-20 13:10:00.321] [info] Frame 220 (t = 2.2):	 total squared error = 0.000411432, marker error: RMS = 0.00390362, max = 0.00840734 (L_Thigh_Lateral)
[2026-07-20 13:10:00.339] [info] Frame 221 (t = 2.21):	 total squared error = 0.000411740, marker error: RMS = 0.00390508, max = 0.00817071 (R_Shank_Lateral)
[2026-07-20 13:10:00.357] [info] Frame 222 (t = 2.22):	 total squared error = 0.000408636, marker error: RMS = 0.00389033, max = 0.00851178 (R_Shank_Lateral)
[2026-07-20 13:10:00.371] [info] Frame 223 (t = 2.23):	 total squared error = 0.000402266, marker error: RMS = 0.00385989, max = 0.00847156 (R_Shank_Lateral)
[2026-07-20 13:10:00.392] [info] Frame 224 (t = 2.24):	 total squared error = 0.000386667, marker error: RMS = 0.00378431, max = 0.00818835 (R_Shank_Lateral)
[2026-07-20 13:10:00.409] [info] Frame 225 (t = 2.25):	 total squared error = 0.000380750, marker error: RMS = 0.00375524, max = 0.00781317 (L_Knee_Lateral)
[2026-07-20 13:10:00.429] [info] Frame 226 (t = 2.26):	 total squared error = 0.000387242, marker error: RMS = 0.00378712, max = 0.00854552 (L_Knee_Lateral)
[2026-07-20 13:10:00.447] [info] Frame 227 (t = 2.27):	 total squared error = 0.000407899, marker error: RMS = 0.00388682, max = 0.00894363 (L_Knee_Lateral)
[2026-07-20 13:10:00.465] [info] Frame 228 (t = 2.28):	 total squared error = 0.000441902, marker error: RMS = 0.00404558, max = 0.00915486 (L_Knee_Lateral)
[2026-07-20 13:10:00.490] [info] Frame 229 (t = 2.29):	 total squared error = 0.000464587, marker error: RMS = 0.00414812, max = 0.0109986 (L_Shank_Lateral)
[2026-07-20 13:10:00.509] [info] Frame 230 (t = 2.3):	 total squared error = 0.000523853, marker error: RMS = 0.00440477, max = 0.0111466 (L_Shank_Lateral)
[2026-07-20 13:10:00.529] [info] Frame 231 (t = 2.31):	 total squared error = 0.000583248, marker error: RMS = 0.00464777, max = 0.0120471 (L_Shank_Lateral)
[2026-07-20 13:10:00.553] [info] Frame 232 (t = 2.32):	 total squared error = 0.000641350, marker error: RMS = 0.00487378, max = 0.0129008 (L_Shank_Lateral)
[2026-07-20 13:10:00.566] [info] Frame 233 (t = 2.33):	 total squared error = 0.000706276, marker error: RMS = 0.00511452, max = 0.013235 (L_Shank_Lateral)
[2026-07-20 13:10:00.575] [info] Frame 234 (t = 2.34):	 total squared error = 0.000774777, marker error: RMS = 0.00535681, max = 0.0139501 (L_Shank_Lateral)
[2026-07-20 13:10:00.587] [info] Frame 235 (t = 2.35):	 total squared error = 0.000799289, marker error: RMS = 0.00544089, max = 0.0149615 (L_Shank_Lateral)
[2026-07-20 13:10:00.604] [info] Frame 236 (t = 2.36):	 total squared error = 0.000804087, marker error: RMS = 0.00545720, max = 0.0162055 (L_Shank_Lateral)
[2026-07-20 13:10:00.615] [info] Frame 237 (t = 2.37):	 total squared error = 0.000805339, marker error: RMS = 0.00546145, max = 0.0171119 (L_Shank_Lateral)
[2026-07-20 13:10:00.639] [info] Frame 238 (t = 2.38):	 total squared error = 0.000789885, marker error: RMS = 0.00540879, max = 0.0170688 (L_Shank_Lateral)
[2026-07-20 13:10:00.652] [info] Frame 239 (t = 2.39):	 total squared error = 0.000772265, marker error: RMS = 0.00534812, max = 0.0175088 (L_Shank_Lateral)
[2026-07-20 13:10:00.673] [info] Frame 240 (t = 2.4):	 total squared error = 0.000738894, marker error: RMS = 0.00523130, max = 0.0167619 (L_Shank_Lateral)
[2026-07-20 13:10:00.684] [info] Frame 241 (t = 2.41):	 total squared error = 0.000714806, marker error: RMS = 0.00514532, max = 0.0165993 (L_Shank_Lateral)
[2026-07-20 13:10:00.704] [info] Frame 242 (t = 2.42):	 total squared error = 0.000679508, marker error: RMS = 0.00501667, max = 0.0156638 (L_Shank_Lateral)
[2026-07-20 13:10:00.714] [info] Frame 243 (t = 2.43):	 total squared error = 0.000666573, marker error: RMS = 0.00496869, max = 0.0150614 (L_Shank_Lateral)
[2026-07-20 13:10:00.751] [info] Frame 244 (t = 2.44):	 total squared error = 0.000617644, marker error: RMS = 0.00478285, max = 0.0137128 (L_Shank_Lateral)
[2026-07-20 13:10:00.768] [info] Frame 245 (t = 2.45):	 total squared error = 0.000599552, marker error: RMS = 0.00471229, max = 0.0129185 (L_Shank_Lateral)
[2026-07-20 13:10:00.793] [info] Frame 246 (t = 2.46):	 total squared error = 0.000574380, marker error: RMS = 0.00461230, max = 0.0122246 (L_Thigh_Lateral)
[2026-07-20 13:10:00.815] [info] Frame 247 (t = 2.47):	 total squared error = 0.000550559, marker error: RMS = 0.00451565, max = 0.0121832 (L_Thigh_Lateral)
[2026-07-20 13:10:00.847] [info] Frame 248 (t = 2.48):	 total squared error = 0.000523770, marker error: RMS = 0.00440442, max = 0.0121347 (L_Thigh_Lateral)
[2026-07-20 13:10:00.877] [info] Frame 249 (t = 2.49):	 total squared error = 0.000501416, marker error: RMS = 0.00430940, max = 0.0120073 (L_Thigh_Lateral)
[2026-07-20 13:10:00.894] [info] Frame 250 (t = 2.5):	 total squared error = 0.000486008, marker error: RMS = 0.00424267, max = 0.0117793 (L_Thigh_Lateral)
[2026-07-20 13:10:00.898] [info] InverseKinematicsTool completed 211 frames in 4 second(s).
[2026-07-20 13:10:00.930] [info] Loaded model TCV04-scaled from file C:\Users\Lucia\Desktop\TFG\2_JMP\TVC04\Walk_3\TVC04_3_JMP_results\TVC04_3_NMSM_JMP_08_wrist_axis_FINAL.osim
[2026-07-20 13:10:01.364] [warning] Coordinate.setValue:  coordinate pro_sup_r is locked. Unable to change its value.
[2026-07-20 13:10:01.397] [warning] Coordinate.setValue:  coordinate pro_sup_l is locked. Unable to change its value.
[2026-07-20 13:12:02.388] [info] Loaded model TCV04-scaled from file C:\Users\Lucia\Desktop\TFG\2_JMP\TVC04\Walk_3\TVC04_scaled.osim
[2026-07-20 13:12:02.398] [cout] [info] 
               MODEL: TCV04-scaled
         coordinates: 41
              forces: 103
           actuators: 103
             muscles: 86
            analyses: 0
              probes: 0
              bodies: 24
              joints: 24
         constraints: 2
             markers: 27
         controllers: 0
  contact geometries: 0
misc modelcomponents: 0
[2026-07-20 13:12:02.398] [info] Running tool .
[2026-07-20 13:12:02.483] [info] Frame 40 (t = 0.4):	 total squared error = 0.00778778, marker error: RMS = 0.0169834, max = 0.0351603 (L_Knee_Lateral)
[2026-07-20 13:12:02.491] [info] Frame 41 (t = 0.41):	 total squared error = 0.00776178, marker error: RMS = 0.016955, max = 0.0350541 (L_Knee_Lateral)
[2026-07-20 13:12:02.511] [info] Frame 42 (t = 0.42):	 total squared error = 0.00769460, marker error: RMS = 0.0168815, max = 0.035654 (L_Knee_Lateral)
[2026-07-20 13:12:02.537] [info] Frame 43 (t = 0.43):	 total squared error = 0.00761681, marker error: RMS = 0.016796, max = 0.0358628 (L_Knee_Lateral)
[2026-07-20 13:12:02.560] [info] Frame 44 (t = 0.44):	 total squared error = 0.00752642, marker error: RMS = 0.016696, max = 0.0357231 (L_Knee_Lateral)
[2026-07-20 13:12:02.572] [info] Frame 45 (t = 0.45):	 total squared error = 0.00743518, marker error: RMS = 0.0165945, max = 0.0352596 (L_Knee_Lateral)
[2026-07-20 13:12:02.596] [info] Frame 46 (t = 0.46):	 total squared error = 0.00731013, marker error: RMS = 0.0164543, max = 0.0349875 (L_Knee_Lateral)
[2026-07-20 13:12:02.623] [info] Frame 47 (t = 0.47):	 total squared error = 0.00717956, marker error: RMS = 0.0163067, max = 0.0341797 (L_Knee_Lateral)
[2026-07-20 13:12:02.639] [info] Frame 48 (t = 0.48):	 total squared error = 0.00703736, marker error: RMS = 0.0161444, max = 0.0330927 (L_Knee_Lateral)
[2026-07-20 13:12:02.653] [info] Frame 49 (t = 0.49):	 total squared error = 0.00686920, marker error: RMS = 0.0159504, max = 0.0318854 (L_Knee_Lateral)
[2026-07-20 13:12:02.676] [info] Frame 50 (t = 0.5):	 total squared error = 0.00666371, marker error: RMS = 0.01571, max = 0.0306421 (L_Knee_Lateral)
[2026-07-20 13:12:02.705] [info] Frame 51 (t = 0.51):	 total squared error = 0.00644143, marker error: RMS = 0.0154458, max = 0.0290352 (L_Knee_Lateral)
[2026-07-20 13:12:02.719] [info] Frame 52 (t = 0.52):	 total squared error = 0.00620949, marker error: RMS = 0.0151651, max = 0.0271152 (L_Knee_Lateral)
[2026-07-20 13:12:02.748] [info] Frame 53 (t = 0.53):	 total squared error = 0.00595537, marker error: RMS = 0.0148516, max = 0.0258266 (L_Knee_Lateral)
[2026-07-20 13:12:02.776] [info] Frame 54 (t = 0.54):	 total squared error = 0.00571570, marker error: RMS = 0.0145497, max = 0.0242547 (L_Knee_Lateral)
[2026-07-20 13:12:02.808] [info] Frame 55 (t = 0.55):	 total squared error = 0.00549829, marker error: RMS = 0.0142703, max = 0.0241875 (R_Knee_Lateral)
[2026-07-20 13:12:02.832] [info] Frame 56 (t = 0.56):	 total squared error = 0.00531543, marker error: RMS = 0.0140310, max = 0.0244444 (R_Knee_Lateral)
[2026-07-20 13:12:02.847] [info] Frame 57 (t = 0.57):	 total squared error = 0.00518207, marker error: RMS = 0.0138538, max = 0.0246758 (R_Knee_Lateral)
[2026-07-20 13:12:02.856] [info] Frame 58 (t = 0.58):	 total squared error = 0.00510108, marker error: RMS = 0.0137451, max = 0.0249176 (R_Knee_Lateral)
[2026-07-20 13:12:02.887] [info] Frame 59 (t = 0.59):	 total squared error = 0.00502880, marker error: RMS = 0.0136474, max = 0.0251809 (R_Knee_Lateral)
[2026-07-20 13:12:02.895] [info] Frame 60 (t = 0.6):	 total squared error = 0.00499648, marker error: RMS = 0.0136035, max = 0.0254388 (R_Knee_Lateral)
[2026-07-20 13:12:02.907] [info] Frame 61 (t = 0.61):	 total squared error = 0.00497798, marker error: RMS = 0.0135783, max = 0.0256321 (R_Knee_Lateral)
[2026-07-20 13:12:02.914] [info] Frame 62 (t = 0.62):	 total squared error = 0.00496308, marker error: RMS = 0.0135579, max = 0.0259804 (R_Knee_Lateral)
[2026-07-20 13:12:02.921] [info] Frame 63 (t = 0.63):	 total squared error = 0.00494659, marker error: RMS = 0.0135354, max = 0.0261494 (R_Knee_Lateral)
[2026-07-20 13:12:02.945] [info] Frame 64 (t = 0.64):	 total squared error = 0.00491711, marker error: RMS = 0.013495, max = 0.0263264 (R_Knee_Lateral)
[2026-07-20 13:12:02.955] [info] Frame 65 (t = 0.65):	 total squared error = 0.00490433, marker error: RMS = 0.0134775, max = 0.0265998 (R_Knee_Lateral)
[2026-07-20 13:12:02.976] [info] Frame 66 (t = 0.66):	 total squared error = 0.00488973, marker error: RMS = 0.0134574, max = 0.0270583 (R_Knee_Lateral)
[2026-07-20 13:12:03.000] [info] Frame 67 (t = 0.67):	 total squared error = 0.00488929, marker error: RMS = 0.0134568, max = 0.0276103 (R_Knee_Lateral)
[2026-07-20 13:12:03.020] [info] Frame 68 (t = 0.68):	 total squared error = 0.00492250, marker error: RMS = 0.0135024, max = 0.0281966 (R_Knee_Lateral)
[2026-07-20 13:12:03.047] [info] Frame 69 (t = 0.69):	 total squared error = 0.00498170, marker error: RMS = 0.0135834, max = 0.0289305 (R_Knee_Lateral)
[2026-07-20 13:12:03.064] [info] Frame 70 (t = 0.7):	 total squared error = 0.00508824, marker error: RMS = 0.0137278, max = 0.0297631 (R_Knee_Lateral)
[2026-07-20 13:12:03.079] [info] Frame 71 (t = 0.71):	 total squared error = 0.00522293, marker error: RMS = 0.0139083, max = 0.0307079 (R_Knee_Lateral)
[2026-07-20 13:12:03.105] [info] Frame 72 (t = 0.72):	 total squared error = 0.00536476, marker error: RMS = 0.0140959, max = 0.0317692 (R_Knee_Lateral)
[2026-07-20 13:12:03.125] [info] Frame 73 (t = 0.73):	 total squared error = 0.00553170, marker error: RMS = 0.0143136, max = 0.0327156 (R_Knee_Lateral)
[2026-07-20 13:12:03.148] [info] Frame 74 (t = 0.74):	 total squared error = 0.00569196, marker error: RMS = 0.0145194, max = 0.0335799 (R_Knee_Lateral)
[2026-07-20 13:12:03.171] [info] Frame 75 (t = 0.75):	 total squared error = 0.00585107, marker error: RMS = 0.0147209, max = 0.0342067 (R_Knee_Lateral)
[2026-07-20 13:12:03.190] [info] Frame 76 (t = 0.76):	 total squared error = 0.00599911, marker error: RMS = 0.0149060, max = 0.0346323 (R_Knee_Lateral)
[2026-07-20 13:12:03.203] [info] Frame 77 (t = 0.77):	 total squared error = 0.00614764, marker error: RMS = 0.0150894, max = 0.0347596 (R_Knee_Lateral)
[2026-07-20 13:12:03.222] [info] Frame 78 (t = 0.78):	 total squared error = 0.00624833, marker error: RMS = 0.0152125, max = 0.0348069 (R_Knee_Lateral)
[2026-07-20 13:12:03.243] [info] Frame 79 (t = 0.79):	 total squared error = 0.00632694, marker error: RMS = 0.0153079, max = 0.0346263 (R_Knee_Lateral)
[2026-07-20 13:12:03.266] [info] Frame 80 (t = 0.8):	 total squared error = 0.00636907, marker error: RMS = 0.0153588, max = 0.0343365 (R_Knee_Lateral)
[2026-07-20 13:12:03.288] [info] Frame 81 (t = 0.81):	 total squared error = 0.00637167, marker error: RMS = 0.0153619, max = 0.033987 (R_Knee_Lateral)
[2026-07-20 13:12:03.313] [info] Frame 82 (t = 0.82):	 total squared error = 0.00633579, marker error: RMS = 0.0153186, max = 0.033688 (R_Knee_Lateral)
[2026-07-20 13:12:03.326] [info] Frame 83 (t = 0.83):	 total squared error = 0.00628684, marker error: RMS = 0.0152593, max = 0.0334798 (R_Knee_Lateral)
[2026-07-20 13:12:03.340] [info] Frame 84 (t = 0.84):	 total squared error = 0.00623962, marker error: RMS = 0.0152019, max = 0.0334795 (R_Knee_Lateral)
[2026-07-20 13:12:03.357] [info] Frame 85 (t = 0.85):	 total squared error = 0.00620505, marker error: RMS = 0.0151597, max = 0.0334662 (R_Knee_Lateral)
[2026-07-20 13:12:03.373] [info] Frame 86 (t = 0.86):	 total squared error = 0.00619382, marker error: RMS = 0.015146, max = 0.0335667 (R_Knee_Lateral)
[2026-07-20 13:12:03.384] [info] Frame 87 (t = 0.87):	 total squared error = 0.00621105, marker error: RMS = 0.015167, max = 0.0337128 (R_Knee_Lateral)
[2026-07-20 13:12:03.398] [info] Frame 88 (t = 0.88):	 total squared error = 0.00625421, marker error: RMS = 0.0152196, max = 0.0341306 (R_Knee_Lateral)
[2026-07-20 13:12:03.417] [info] Frame 89 (t = 0.89):	 total squared error = 0.00630776, marker error: RMS = 0.0152847, max = 0.0346255 (R_Knee_Lateral)
[2026-07-20 13:12:03.425] [info] Frame 90 (t = 0.9):	 total squared error = 0.00638378, marker error: RMS = 0.0153765, max = 0.0348439 (R_Knee_Lateral)
[2026-07-20 13:12:03.441] [info] Frame 91 (t = 0.91):	 total squared error = 0.00644704, marker error: RMS = 0.0154525, max = 0.0352231 (R_Knee_Lateral)
[2026-07-20 13:12:03.451] [info] Frame 92 (t = 0.92):	 total squared error = 0.00653089, marker error: RMS = 0.0155526, max = 0.0355363 (R_Knee_Lateral)
[2026-07-20 13:12:03.480] [info] Frame 93 (t = 0.93):	 total squared error = 0.00656573, marker error: RMS = 0.0155941, max = 0.0360322 (R_Knee_Lateral)
[2026-07-20 13:12:03.492] [info] Frame 94 (t = 0.94):	 total squared error = 0.00661468, marker error: RMS = 0.0156521, max = 0.0360841 (R_Knee_Lateral)
[2026-07-20 13:12:03.507] [info] Frame 95 (t = 0.95):	 total squared error = 0.00663537, marker error: RMS = 0.0156766, max = 0.0359909 (R_Knee_Lateral)
[2026-07-20 13:12:03.524] [info] Frame 96 (t = 0.96):	 total squared error = 0.00662721, marker error: RMS = 0.0156669, max = 0.0358318 (R_Knee_Lateral)
[2026-07-20 13:12:03.543] [info] Frame 97 (t = 0.97):	 total squared error = 0.00659057, marker error: RMS = 0.0156236, max = 0.0353862 (R_Knee_Lateral)
[2026-07-20 13:12:03.572] [info] Frame 98 (t = 0.98):	 total squared error = 0.00652257, marker error: RMS = 0.0155427, max = 0.0346546 (R_Knee_Lateral)
[2026-07-20 13:12:03.594] [info] Frame 99 (t = 0.99):	 total squared error = 0.00642478, marker error: RMS = 0.0154258, max = 0.0336998 (R_Knee_Lateral)
[2026-07-20 13:12:03.611] [info] Frame 100 (t = 1.0):	 total squared error = 0.00630714, marker error: RMS = 0.0152839, max = 0.0323998 (R_Knee_Lateral)
[2026-07-20 13:12:03.634] [info] Frame 101 (t = 1.01):	 total squared error = 0.00616409, marker error: RMS = 0.0151096, max = 0.0312299 (R_Knee_Lateral)
[2026-07-20 13:12:03.647] [info] Frame 102 (t = 1.02):	 total squared error = 0.00602032, marker error: RMS = 0.0149323, max = 0.0294826 (R_Knee_Lateral)
[2026-07-20 13:12:03.671] [info] Frame 103 (t = 1.03):	 total squared error = 0.00585382, marker error: RMS = 0.0147244, max = 0.028384 (R_Knee_Lateral)
[2026-07-20 13:12:03.683] [info] Frame 104 (t = 1.04):	 total squared error = 0.00571447, marker error: RMS = 0.0145481, max = 0.0274814 (R_Elbow)
[2026-07-20 13:12:03.705] [info] Frame 105 (t = 1.05):	 total squared error = 0.00556707, marker error: RMS = 0.0143592, max = 0.0277453 (R_Elbow)
[2026-07-20 13:12:03.721] [info] Frame 106 (t = 1.06):	 total squared error = 0.00546408, marker error: RMS = 0.0142258, max = 0.0280642 (R_Elbow)
[2026-07-20 13:12:03.746] [info] Frame 107 (t = 1.07):	 total squared error = 0.00538530, marker error: RMS = 0.0141229, max = 0.0283664 (R_Elbow)
[2026-07-20 13:12:03.768] [info] Frame 108 (t = 1.08):	 total squared error = 0.00534913, marker error: RMS = 0.0140754, max = 0.0287236 (R_Elbow)
[2026-07-20 13:12:03.780] [info] Frame 109 (t = 1.09):	 total squared error = 0.00534613, marker error: RMS = 0.0140714, max = 0.0290883 (R_Elbow)
[2026-07-20 13:12:03.795] [info] Frame 110 (t = 1.1):	 total squared error = 0.00536299, marker error: RMS = 0.0140936, max = 0.0292914 (R_Elbow)
[2026-07-20 13:12:03.804] [info] Frame 111 (t = 1.11):	 total squared error = 0.00539413, marker error: RMS = 0.0141344, max = 0.0296141 (R_Elbow)
[2026-07-20 13:12:03.812] [info] Frame 112 (t = 1.12):	 total squared error = 0.00543907, marker error: RMS = 0.0141932, max = 0.029966 (R_Elbow)
[2026-07-20 13:12:03.832] [info] Frame 113 (t = 1.13):	 total squared error = 0.00547176, marker error: RMS = 0.0142358, max = 0.0298008 (R_Elbow)
[2026-07-20 13:12:03.847] [info] Frame 114 (t = 1.14):	 total squared error = 0.00552776, marker error: RMS = 0.0143085, max = 0.02981 (R_Elbow)
[2026-07-20 13:12:03.859] [info] Frame 115 (t = 1.15):	 total squared error = 0.00558951, marker error: RMS = 0.0143882, max = 0.0297476 (R_Elbow)
[2026-07-20 13:12:03.885] [info] Frame 116 (t = 1.16):	 total squared error = 0.00563910, marker error: RMS = 0.0144518, max = 0.0297861 (R_Elbow)
[2026-07-20 13:12:03.906] [info] Frame 117 (t = 1.17):	 total squared error = 0.00570228, marker error: RMS = 0.0145326, max = 0.0295759 (R_Elbow)
[2026-07-20 13:12:03.922] [info] Frame 118 (t = 1.18):	 total squared error = 0.00577938, marker error: RMS = 0.0146305, max = 0.0293053 (R_Elbow)
[2026-07-20 13:12:03.938] [info] Frame 119 (t = 1.19):	 total squared error = 0.00586308, marker error: RMS = 0.0147361, max = 0.0289053 (R_Elbow)
[2026-07-20 13:12:03.967] [info] Frame 120 (t = 1.2):	 total squared error = 0.00592935, marker error: RMS = 0.0148191, max = 0.0288653 (R_Elbow)
[2026-07-20 13:12:03.994] [info] Frame 121 (t = 1.21):	 total squared error = 0.00602439, marker error: RMS = 0.0149374, max = 0.0285030 (R_Elbow)
[2026-07-20 13:12:04.016] [info] Frame 122 (t = 1.22):	 total squared error = 0.00613231, marker error: RMS = 0.0150706, max = 0.0280607 (R_Elbow)
[2026-07-20 13:12:04.035] [info] Frame 123 (t = 1.23):	 total squared error = 0.00624152, marker error: RMS = 0.0152042, max = 0.0283103 (L_Knee_Lateral)
[2026-07-20 13:12:04.053] [info] Frame 124 (t = 1.24):	 total squared error = 0.00635680, marker error: RMS = 0.015344, max = 0.0295703 (L_Knee_Lateral)
[2026-07-20 13:12:04.068] [info] Frame 125 (t = 1.25):	 total squared error = 0.00648094, marker error: RMS = 0.0154931, max = 0.0304455 (L_Knee_Lateral)
[2026-07-20 13:12:04.095] [info] Frame 126 (t = 1.26):	 total squared error = 0.00659807, marker error: RMS = 0.0156324, max = 0.0308793 (L_Knee_Lateral)
[2026-07-20 13:12:04.109] [info] Frame 127 (t = 1.27):	 total squared error = 0.00672795, marker error: RMS = 0.0157855, max = 0.0312909 (L_Knee_Lateral)
[2026-07-20 13:12:04.132] [info] Frame 128 (t = 1.28):	 total squared error = 0.00682775, marker error: RMS = 0.0159022, max = 0.0308143 (L_Knee_Lateral)
[2026-07-20 13:12:04.148] [info] Frame 129 (t = 1.29):	 total squared error = 0.00692998, marker error: RMS = 0.0160208, max = 0.0307534 (L_Knee_Lateral)
[2026-07-20 13:12:04.164] [info] Frame 130 (t = 1.3):	 total squared error = 0.00702528, marker error: RMS = 0.0161306, max = 0.0306796 (L_Knee_Lateral)
[2026-07-20 13:12:04.180] [info] Frame 131 (t = 1.31):	 total squared error = 0.00711385, marker error: RMS = 0.0162319, max = 0.0304125 (L_Knee_Lateral)
[2026-07-20 13:12:04.197] [info] Frame 132 (t = 1.32):	 total squared error = 0.00720326, marker error: RMS = 0.0163336, max = 0.0304578 (L_Knee_Lateral)
[2026-07-20 13:12:04.209] [info] Frame 133 (t = 1.33):	 total squared error = 0.00728916, marker error: RMS = 0.0164307, max = 0.0306691 (L_Knee_Lateral)
[2026-07-20 13:12:04.222] [info] Frame 134 (t = 1.34):	 total squared error = 0.00736361, marker error: RMS = 0.0165144, max = 0.0310688 (L_Knee_Lateral)
[2026-07-20 13:12:04.236] [info] Frame 135 (t = 1.35):	 total squared error = 0.00742054, marker error: RMS = 0.0165781, max = 0.0315975 (L_Knee_Lateral)
[2026-07-20 13:12:04.257] [info] Frame 136 (t = 1.36):	 total squared error = 0.00744886, marker error: RMS = 0.0166098, max = 0.0325496 (L_Knee_Lateral)
[2026-07-20 13:12:04.277] [info] Frame 137 (t = 1.37):	 total squared error = 0.00745186, marker error: RMS = 0.0166131, max = 0.0334808 (L_Knee_Lateral)
[2026-07-20 13:12:04.297] [info] Frame 138 (t = 1.38):	 total squared error = 0.00742918, marker error: RMS = 0.0165878, max = 0.03427 (L_Knee_Lateral)
[2026-07-20 13:12:04.309] [info] Frame 139 (t = 1.39):	 total squared error = 0.00738355, marker error: RMS = 0.0165368, max = 0.0345932 (L_Knee_Lateral)
[2026-07-20 13:12:04.330] [info] Frame 140 (t = 1.4):	 total squared error = 0.00730308, marker error: RMS = 0.0164464, max = 0.0354388 (L_Knee_Lateral)
[2026-07-20 13:12:04.351] [info] Frame 141 (t = 1.41):	 total squared error = 0.00720502, marker error: RMS = 0.0163356, max = 0.0357385 (L_Knee_Lateral)
[2026-07-20 13:12:04.377] [info] Frame 142 (t = 1.42):	 total squared error = 0.00708839, marker error: RMS = 0.0162029, max = 0.0357591 (L_Knee_Lateral)
[2026-07-20 13:12:04.390] [info] Frame 143 (t = 1.43):	 total squared error = 0.00696305, marker error: RMS = 0.0160590, max = 0.0354011 (L_Knee_Lateral)
[2026-07-20 13:12:04.412] [info] Frame 144 (t = 1.44):	 total squared error = 0.00682322, marker error: RMS = 0.0158969, max = 0.0350413 (L_Knee_Lateral)
[2026-07-20 13:12:04.427] [info] Frame 145 (t = 1.45):	 total squared error = 0.00668720, marker error: RMS = 0.0157377, max = 0.0343204 (L_Knee_Lateral)
[2026-07-20 13:12:04.448] [info] Frame 146 (t = 1.46):	 total squared error = 0.00654275, marker error: RMS = 0.0155668, max = 0.033494 (L_Knee_Lateral)
[2026-07-20 13:12:04.472] [info] Frame 147 (t = 1.47):	 total squared error = 0.00639903, marker error: RMS = 0.0153948, max = 0.0324641 (L_Knee_Lateral)
[2026-07-20 13:12:04.498] [info] Frame 148 (t = 1.48):	 total squared error = 0.00625279, marker error: RMS = 0.0152179, max = 0.0312203 (L_Knee_Lateral)
[2026-07-20 13:12:04.527] [info] Frame 149 (t = 1.49):	 total squared error = 0.00610133, marker error: RMS = 0.0150325, max = 0.0297809 (L_Knee_Lateral)
[2026-07-20 13:12:04.539] [info] Frame 150 (t = 1.5):	 total squared error = 0.00594829, marker error: RMS = 0.0148427, max = 0.0280353 (L_Knee_Lateral)
[2026-07-20 13:12:04.565] [info] Frame 151 (t = 1.51):	 total squared error = 0.00577464, marker error: RMS = 0.0146245, max = 0.0267761 (L_Knee_Lateral)
[2026-07-20 13:12:04.589] [info] Frame 152 (t = 1.52):	 total squared error = 0.00560310, marker error: RMS = 0.0144056, max = 0.0251789 (L_Knee_Lateral)
[2026-07-20 13:12:04.609] [info] Frame 153 (t = 1.53):	 total squared error = 0.00543469, marker error: RMS = 0.0141875, max = 0.0239694 (R_Knee_Lateral)
[2026-07-20 13:12:04.632] [info] Frame 154 (t = 1.54):	 total squared error = 0.00527187, marker error: RMS = 0.0139733, max = 0.0241634 (R_Knee_Lateral)
[2026-07-20 13:12:04.657] [info] Frame 155 (t = 1.55):	 total squared error = 0.00512890, marker error: RMS = 0.0137826, max = 0.0243981 (R_Knee_Lateral)
[2026-07-20 13:12:04.676] [info] Frame 156 (t = 1.56):	 total squared error = 0.00501338, marker error: RMS = 0.0136265, max = 0.0246514 (R_Knee_Lateral)
[2026-07-20 13:12:04.701] [info] Frame 157 (t = 1.57):	 total squared error = 0.00492199, marker error: RMS = 0.0135017, max = 0.0249097 (R_Knee_Lateral)
[2026-07-20 13:12:04.712] [info] Frame 158 (t = 1.58):	 total squared error = 0.00485808, marker error: RMS = 0.0134138, max = 0.025129 (R_Knee_Lateral)
[2026-07-20 13:12:04.722] [info] Frame 159 (t = 1.59):	 total squared error = 0.00480896, marker error: RMS = 0.0133458, max = 0.0253748 (R_Knee_Lateral)
[2026-07-20 13:12:04.748] [info] Frame 160 (t = 1.6):	 total squared error = 0.00477226, marker error: RMS = 0.0132948, max = 0.025515 (R_Knee_Lateral)
[2026-07-20 13:12:04.757] [info] Frame 161 (t = 1.61):	 total squared error = 0.00473868, marker error: RMS = 0.0132479, max = 0.0257983 (R_Knee_Lateral)
[2026-07-20 13:12:04.782] [info] Frame 162 (t = 1.62):	 total squared error = 0.00470945, marker error: RMS = 0.0132070, max = 0.0258929 (R_Knee_Lateral)
[2026-07-20 13:12:04.793] [info] Frame 163 (t = 1.63):	 total squared error = 0.00468355, marker error: RMS = 0.0131706, max = 0.0261629 (R_Knee_Lateral)
[2026-07-20 13:12:04.806] [info] Frame 164 (t = 1.64):	 total squared error = 0.00466124, marker error: RMS = 0.0131392, max = 0.0263607 (R_Knee_Lateral)
[2026-07-20 13:12:04.829] [info] Frame 165 (t = 1.65):	 total squared error = 0.00464600, marker error: RMS = 0.0131177, max = 0.0266913 (R_Knee_Lateral)
[2026-07-20 13:12:04.838] [info] Frame 166 (t = 1.66):	 total squared error = 0.00464916, marker error: RMS = 0.0131222, max = 0.0270638 (R_Knee_Lateral)
[2026-07-20 13:12:04.853] [info] Frame 167 (t = 1.67):	 total squared error = 0.00466308, marker error: RMS = 0.0131418, max = 0.0275542 (R_Knee_Lateral)
[2026-07-20 13:12:04.872] [info] Frame 168 (t = 1.68):	 total squared error = 0.00469021, marker error: RMS = 0.01318, max = 0.0282654 (R_Knee_Lateral)
[2026-07-20 13:12:04.902] [info] Frame 169 (t = 1.69):	 total squared error = 0.00472107, marker error: RMS = 0.0132232, max = 0.0290986 (R_Knee_Lateral)
[2026-07-20 13:12:04.928] [info] Frame 170 (t = 1.7):	 total squared error = 0.00478765, marker error: RMS = 0.0133162, max = 0.0300086 (R_Knee_Lateral)
[2026-07-20 13:12:04.948] [info] Frame 171 (t = 1.71):	 total squared error = 0.00487470, marker error: RMS = 0.0134367, max = 0.0310199 (R_Knee_Lateral)
[2026-07-20 13:12:04.965] [info] Frame 172 (t = 1.72):	 total squared error = 0.00498603, marker error: RMS = 0.0135892, max = 0.0321107 (R_Knee_Lateral)
[2026-07-20 13:12:04.978] [info] Frame 173 (t = 1.73):	 total squared error = 0.00512901, marker error: RMS = 0.0137827, max = 0.033125 (R_Knee_Lateral)
[2026-07-20 13:12:04.999] [info] Frame 174 (t = 1.74):	 total squared error = 0.00528598, marker error: RMS = 0.013992, max = 0.0341094 (R_Knee_Lateral)
[2026-07-20 13:12:05.017] [info] Frame 175 (t = 1.75):	 total squared error = 0.00547296, marker error: RMS = 0.0142373, max = 0.0349328 (R_Knee_Lateral)
[2026-07-20 13:12:05.034] [info] Frame 176 (t = 1.76):	 total squared error = 0.00568060, marker error: RMS = 0.0145049, max = 0.0355606 (R_Knee_Lateral)
[2026-07-20 13:12:05.063] [info] Frame 177 (t = 1.77):	 total squared error = 0.00588369, marker error: RMS = 0.0147619, max = 0.0358629 (R_Knee_Lateral)
[2026-07-20 13:12:05.079] [info] Frame 178 (t = 1.78):	 total squared error = 0.00609920, marker error: RMS = 0.0150298, max = 0.0360055 (R_Knee_Lateral)
[2026-07-20 13:12:05.096] [info] Frame 179 (t = 1.79):	 total squared error = 0.00627986, marker error: RMS = 0.0152508, max = 0.0359435 (R_Knee_Lateral)
[2026-07-20 13:12:05.112] [info] Frame 180 (t = 1.8):	 total squared error = 0.00641094, marker error: RMS = 0.0154092, max = 0.0356479 (R_Knee_Lateral)
[2026-07-20 13:12:05.135] [info] Frame 181 (t = 1.81):	 total squared error = 0.00648512, marker error: RMS = 0.0154981, max = 0.0352173 (R_Knee_Lateral)
[2026-07-20 13:12:05.149] [info] Frame 182 (t = 1.82):	 total squared error = 0.00652154, marker error: RMS = 0.0155415, max = 0.0349386 (R_Knee_Lateral)
[2026-07-20 13:12:05.163] [info] Frame 183 (t = 1.83):	 total squared error = 0.00652520, marker error: RMS = 0.0155459, max = 0.0347357 (R_Knee_Lateral)
[2026-07-20 13:12:05.178] [info] Frame 184 (t = 1.84):	 total squared error = 0.00651874, marker error: RMS = 0.0155382, max = 0.0345812 (R_Knee_Lateral)
[2026-07-20 13:12:05.197] [info] Frame 185 (t = 1.85):	 total squared error = 0.00653408, marker error: RMS = 0.0155564, max = 0.0345034 (R_Knee_Lateral)
[2026-07-20 13:12:05.213] [info] Frame 186 (t = 1.86):	 total squared error = 0.00657793, marker error: RMS = 0.0156086, max = 0.0345080 (R_Knee_Lateral)
[2026-07-20 13:12:05.224] [info] Frame 187 (t = 1.87):	 total squared error = 0.00665680, marker error: RMS = 0.0157018, max = 0.0344781 (R_Knee_Lateral)
[2026-07-20 13:12:05.239] [info] Frame 188 (t = 1.88):	 total squared error = 0.00675362, marker error: RMS = 0.0158156, max = 0.034956 (R_Knee_Lateral)
[2026-07-20 13:12:05.250] [info] Frame 189 (t = 1.89):	 total squared error = 0.00685275, marker error: RMS = 0.0159313, max = 0.0352008 (R_Knee_Lateral)
[2026-07-20 13:12:05.276] [info] Frame 190 (t = 1.9):	 total squared error = 0.00693310, marker error: RMS = 0.0160244, max = 0.0357983 (R_Knee_Lateral)
[2026-07-20 13:12:05.291] [info] Frame 191 (t = 1.91):	 total squared error = 0.00700166, marker error: RMS = 0.0161034, max = 0.0360963 (R_Knee_Lateral)
[2026-07-20 13:12:05.316] [info] Frame 192 (t = 1.92):	 total squared error = 0.00704031, marker error: RMS = 0.0161478, max = 0.0366426 (R_Knee_Lateral)
[2026-07-20 13:12:05.346] [info] Frame 193 (t = 1.93):	 total squared error = 0.00705278, marker error: RMS = 0.0161621, max = 0.036948 (R_Knee_Lateral)
[2026-07-20 13:12:05.364] [info] Frame 194 (t = 1.94):	 total squared error = 0.00703566, marker error: RMS = 0.0161425, max = 0.0370878 (R_Knee_Lateral)
[2026-07-20 13:12:05.378] [info] Frame 195 (t = 1.95):	 total squared error = 0.00698821, marker error: RMS = 0.0160880, max = 0.0369868 (R_Knee_Lateral)
[2026-07-20 13:12:05.399] [info] Frame 196 (t = 1.96):	 total squared error = 0.00690177, marker error: RMS = 0.0159882, max = 0.0369853 (R_Knee_Lateral)
[2026-07-20 13:12:05.420] [info] Frame 197 (t = 1.97):	 total squared error = 0.00678309, marker error: RMS = 0.0158501, max = 0.0365090 (R_Knee_Lateral)
[2026-07-20 13:12:05.441] [info] Frame 198 (t = 1.98):	 total squared error = 0.00663274, marker error: RMS = 0.0156734, max = 0.0357872 (R_Knee_Lateral)
[2026-07-20 13:12:05.457] [info] Frame 199 (t = 1.99):	 total squared error = 0.00646686, marker error: RMS = 0.0154762, max = 0.0346661 (R_Knee_Lateral)
[2026-07-20 13:12:05.481] [info] Frame 200 (t = 2.0):	 total squared error = 0.00627936, marker error: RMS = 0.0152502, max = 0.03361 (R_Knee_Lateral)
[2026-07-20 13:12:05.508] [info] Frame 201 (t = 2.01):	 total squared error = 0.00610093, marker error: RMS = 0.0150320, max = 0.0321361 (R_Knee_Lateral)
[2026-07-20 13:12:05.530] [info] Frame 202 (t = 2.02):	 total squared error = 0.00593065, marker error: RMS = 0.0148207, max = 0.0306580 (R_Knee_Lateral)
[2026-07-20 13:12:05.546] [info] Frame 203 (t = 2.03):	 total squared error = 0.00578548, marker error: RMS = 0.0146382, max = 0.02886 (R_Knee_Lateral)
[2026-07-20 13:12:05.570] [info] Frame 204 (t = 2.04):	 total squared error = 0.00564323, marker error: RMS = 0.0144571, max = 0.0285558 (R_Elbow)
[2026-07-20 13:12:05.596] [info] Frame 205 (t = 2.05):	 total squared error = 0.00553528, marker error: RMS = 0.0143182, max = 0.0288935 (R_Elbow)
[2026-07-20 13:12:05.613] [info] Frame 206 (t = 2.06):	 total squared error = 0.00546544, marker error: RMS = 0.0142276, max = 0.0292709 (R_Elbow)
[2026-07-20 13:12:05.638] [info] Frame 207 (t = 2.07):	 total squared error = 0.00541387, marker error: RMS = 0.0141603, max = 0.0294522 (R_Elbow)
[2026-07-20 13:12:05.658] [info] Frame 208 (t = 2.08):	 total squared error = 0.00540231, marker error: RMS = 0.0141452, max = 0.0297385 (R_Elbow)
[2026-07-20 13:12:05.675] [info] Frame 209 (t = 2.09):	 total squared error = 0.00541178, marker error: RMS = 0.0141576, max = 0.0299766 (R_Elbow)
[2026-07-20 13:12:05.688] [info] Frame 210 (t = 2.1):	 total squared error = 0.00543387, marker error: RMS = 0.0141864, max = 0.0301443 (R_Elbow)
[2026-07-20 13:12:05.699] [info] Frame 211 (t = 2.11):	 total squared error = 0.00546434, marker error: RMS = 0.0142261, max = 0.0302861 (R_Elbow)
[2026-07-20 13:12:05.707] [info] Frame 212 (t = 2.12):	 total squared error = 0.00550893, marker error: RMS = 0.0142841, max = 0.0305536 (R_Elbow)
[2026-07-20 13:12:05.724] [info] Frame 213 (t = 2.13):	 total squared error = 0.00554151, marker error: RMS = 0.0143262, max = 0.0302749 (R_Elbow)
[2026-07-20 13:12:05.737] [info] Frame 214 (t = 2.14):	 total squared error = 0.00560217, marker error: RMS = 0.0144044, max = 0.0302404 (R_Elbow)
[2026-07-20 13:12:05.751] [info] Frame 215 (t = 2.15):	 total squared error = 0.00567185, marker error: RMS = 0.0144937, max = 0.0300788 (R_Elbow)
[2026-07-20 13:12:05.769] [info] Frame 216 (t = 2.16):	 total squared error = 0.00574101, marker error: RMS = 0.0145818, max = 0.0300224 (R_Elbow)
[2026-07-20 13:12:05.781] [info] Frame 217 (t = 2.17):	 total squared error = 0.00582601, marker error: RMS = 0.0146894, max = 0.0297939 (R_Elbow)
[2026-07-20 13:12:05.794] [info] Frame 218 (t = 2.18):	 total squared error = 0.00592083, marker error: RMS = 0.0148084, max = 0.0295589 (R_Elbow)
[2026-07-20 13:12:05.808] [info] Frame 219 (t = 2.19):	 total squared error = 0.00600171, marker error: RMS = 0.0149092, max = 0.029265 (R_Elbow)
[2026-07-20 13:12:05.837] [info] Frame 220 (t = 2.2):	 total squared error = 0.00605606, marker error: RMS = 0.0149766, max = 0.0293159 (R_Elbow)
[2026-07-20 13:12:05.853] [info] Frame 221 (t = 2.21):	 total squared error = 0.00612208, marker error: RMS = 0.0150580, max = 0.0289302 (R_Elbow)
[2026-07-20 13:12:05.876] [info] Frame 222 (t = 2.22):	 total squared error = 0.00616324, marker error: RMS = 0.0151085, max = 0.0287447 (R_Elbow)
[2026-07-20 13:12:05.897] [info] Frame 223 (t = 2.23):	 total squared error = 0.00618701, marker error: RMS = 0.0151377, max = 0.0284816 (R_Elbow)
[2026-07-20 13:12:05.920] [info] Frame 224 (t = 2.24):	 total squared error = 0.00618742, marker error: RMS = 0.0151382, max = 0.0282902 (R_Elbow)
[2026-07-20 13:12:05.938] [info] Frame 225 (t = 2.25):	 total squared error = 0.00619989, marker error: RMS = 0.0151534, max = 0.0279083 (R_Elbow)
[2026-07-20 13:12:05.962] [info] Frame 226 (t = 2.26):	 total squared error = 0.00619032, marker error: RMS = 0.0151417, max = 0.0289336 (L_Knee_Lateral)
[2026-07-20 13:12:05.984] [info] Frame 227 (t = 2.27):	 total squared error = 0.00620913, marker error: RMS = 0.0151647, max = 0.0299495 (L_Knee_Lateral)
[2026-07-20 13:12:05.999] [info] Frame 228 (t = 2.28):	 total squared error = 0.00625042, marker error: RMS = 0.015215, max = 0.0308224 (L_Knee_Lateral)
[2026-07-20 13:12:06.016] [info] Frame 229 (t = 2.29):	 total squared error = 0.00629084, marker error: RMS = 0.0152641, max = 0.0310031 (L_Knee_Lateral)
[2026-07-20 13:12:06.040] [info] Frame 230 (t = 2.3):	 total squared error = 0.00634545, marker error: RMS = 0.0153303, max = 0.0309785 (L_Knee_Lateral)
[2026-07-20 13:12:06.054] [info] Frame 231 (t = 2.31):	 total squared error = 0.00643398, marker error: RMS = 0.0154368, max = 0.0311296 (L_Knee_Lateral)
[2026-07-20 13:12:06.072] [info] Frame 232 (t = 2.32):	 total squared error = 0.00653701, marker error: RMS = 0.0155599, max = 0.0310004 (L_Knee_Lateral)
[2026-07-20 13:12:06.090] [info] Frame 233 (t = 2.33):	 total squared error = 0.00666209, marker error: RMS = 0.0157081, max = 0.0310092 (L_Knee_Lateral)
[2026-07-20 13:12:06.101] [info] Frame 234 (t = 2.34):	 total squared error = 0.00680552, marker error: RMS = 0.0158763, max = 0.0312915 (L_Knee_Lateral)
[2026-07-20 13:12:06.113] [info] Frame 235 (t = 2.35):	 total squared error = 0.00694950, marker error: RMS = 0.0160433, max = 0.0316377 (L_Knee_Lateral)
[2026-07-20 13:12:06.121] [info] Frame 236 (t = 2.36):	 total squared error = 0.00709853, marker error: RMS = 0.0162145, max = 0.0319319 (L_Knee_Lateral)
[2026-07-20 13:12:06.141] [info] Frame 237 (t = 2.37):	 total squared error = 0.00720515, marker error: RMS = 0.0163358, max = 0.0327346 (L_Knee_Lateral)
[2026-07-20 13:12:06.160] [info] Frame 238 (t = 2.38):	 total squared error = 0.00730068, marker error: RMS = 0.0164437, max = 0.0335536 (L_Knee_Lateral)
[2026-07-20 13:12:06.181] [info] Frame 239 (t = 2.39):	 total squared error = 0.00736789, marker error: RMS = 0.0165192, max = 0.0342837 (L_Knee_Lateral)
[2026-07-20 13:12:06.201] [info] Frame 240 (t = 2.4):	 total squared error = 0.00740189, marker error: RMS = 0.0165573, max = 0.0349852 (L_Knee_Lateral)
[2026-07-20 13:12:06.215] [info] Frame 241 (t = 2.41):	 total squared error = 0.00740996, marker error: RMS = 0.0165663, max = 0.0352734 (L_Knee_Lateral)
[2026-07-20 13:12:06.238] [info] Frame 242 (t = 2.42):	 total squared error = 0.00737724, marker error: RMS = 0.0165297, max = 0.0358743 (L_Knee_Lateral)
[2026-07-20 13:12:06.253] [info] Frame 243 (t = 2.43):	 total squared error = 0.00732574, marker error: RMS = 0.0164719, max = 0.0358732 (L_Knee_Lateral)
[2026-07-20 13:12:06.273] [info] Frame 244 (t = 2.44):	 total squared error = 0.00724859, marker error: RMS = 0.0163849, max = 0.035858 (L_Knee_Lateral)
[2026-07-20 13:12:06.296] [info] Frame 245 (t = 2.45):	 total squared error = 0.00715564, marker error: RMS = 0.0162795, max = 0.0355939 (L_Knee_Lateral)
[2026-07-20 13:12:06.317] [info] Frame 246 (t = 2.46):	 total squared error = 0.00704888, marker error: RMS = 0.0161576, max = 0.0349853 (L_Knee_Lateral)
[2026-07-20 13:12:06.330] [info] Frame 247 (t = 2.47):	 total squared error = 0.00693527, marker error: RMS = 0.0160269, max = 0.0340254 (L_Knee_Lateral)
[2026-07-20 13:12:06.363] [info] Frame 248 (t = 2.48):	 total squared error = 0.00678272, marker error: RMS = 0.0158497, max = 0.0330893 (L_Knee_Lateral)
[2026-07-20 13:12:06.376] [info] Frame 249 (t = 2.49):	 total squared error = 0.00662517, marker error: RMS = 0.0156645, max = 0.0316333 (L_Knee_Lateral)
[2026-07-20 13:12:06.405] [info] Frame 250 (t = 2.5):	 total squared error = 0.00642643, marker error: RMS = 0.0154278, max = 0.0302903 (L_Knee_Lateral)
[2026-07-20 13:12:06.410] [info] InverseKinematicsTool completed 211 frames in 4 second(s).
[2026-07-20 13:12:06.443] [info] Loaded model TCV04-scaled from file C:\Users\Lucia\Desktop\TFG\2_JMP\TVC04\Walk_3\TVC04_scaled.osim
[2026-07-20 13:12:06.914] [warning] Coordinate.setValue:  coordinate pro_sup_r is locked. Unable to change its value.
[2026-07-20 13:12:06.947] [warning] Coordinate.setValue:  coordinate pro_sup_l is locked. Unable to change its value.
[2026-07-20 13:12:39.412] [info] Loaded model TCV04-scaled from file C:\Users\Lucia\Desktop\TFG\2_JMP\TVC04\Walk_3\TVC04_3_JMP_results\TVC04_3_NMSM_JMP_08_wrist_axis_FINAL.osim
[2026-07-20 13:12:39.421] [cout] [info] 
               MODEL: TCV04-scaled
         coordinates: 41
              forces: 103
           actuators: 103
             muscles: 86
            analyses: 0
              probes: 0
              bodies: 24
              joints: 24
         constraints: 2
             markers: 27
         controllers: 0
  contact geometries: 0
misc modelcomponents: 0
[2026-07-20 13:12:39.421] [info] Running tool .
[2026-07-20 13:12:39.491] [info] Frame 40 (t = 0.4):	 total squared error = 0.000897961, marker error: RMS = 0.00576696, max = 0.0183894 (L_Shank_Lateral)
[2026-07-20 13:12:39.502] [info] Frame 41 (t = 0.41):	 total squared error = 0.000851737, marker error: RMS = 0.00561657, max = 0.0177619 (L_Shank_Lateral)
[2026-07-20 13:12:39.521] [info] Frame 42 (t = 0.42):	 total squared error = 0.000796463, marker error: RMS = 0.00543126, max = 0.0165936 (L_Shank_Lateral)
[2026-07-20 13:12:39.548] [info] Frame 43 (t = 0.43):	 total squared error = 0.000749046, marker error: RMS = 0.00526711, max = 0.0152786 (L_Shank_Lateral)
[2026-07-20 13:12:39.585] [info] Frame 44 (t = 0.44):	 total squared error = 0.000708111, marker error: RMS = 0.00512117, max = 0.0140551 (L_Thigh_Lateral)
[2026-07-20 13:12:39.607] [info] Frame 45 (t = 0.45):	 total squared error = 0.000674686, marker error: RMS = 0.00499884, max = 0.0137965 (L_Thigh_Lateral)
[2026-07-20 13:12:39.623] [info] Frame 46 (t = 0.46):	 total squared error = 0.000656712, marker error: RMS = 0.00493180, max = 0.0138109 (L_Thigh_Lateral)
[2026-07-20 13:12:39.655] [info] Frame 47 (t = 0.47):	 total squared error = 0.000615302, marker error: RMS = 0.00477378, max = 0.0132885 (L_Thigh_Lateral)
[2026-07-20 13:12:39.677] [info] Frame 48 (t = 0.48):	 total squared error = 0.000595552, marker error: RMS = 0.00469654, max = 0.0129857 (L_Thigh_Lateral)
[2026-07-20 13:12:39.699] [info] Frame 49 (t = 0.49):	 total squared error = 0.000573020, marker error: RMS = 0.00460684, max = 0.0126374 (L_Thigh_Lateral)
[2026-07-20 13:12:39.714] [info] Frame 50 (t = 0.5):	 total squared error = 0.000564287, marker error: RMS = 0.00457160, max = 0.0123169 (L_Thigh_Lateral)
[2026-07-20 13:12:39.742] [info] Frame 51 (t = 0.51):	 total squared error = 0.000544383, marker error: RMS = 0.00449025, max = 0.0116818 (L_Thigh_Lateral)
[2026-07-20 13:12:39.756] [info] Frame 52 (t = 0.52):	 total squared error = 0.000546237, marker error: RMS = 0.00449789, max = 0.0111745 (L_Thigh_Lateral)
[2026-07-20 13:12:39.771] [info] Frame 53 (t = 0.53):	 total squared error = 0.000553389, marker error: RMS = 0.00452724, max = 0.0105709 (L_Thigh_Lateral)
[2026-07-20 13:12:39.792] [info] Frame 54 (t = 0.54):	 total squared error = 0.000557668, marker error: RMS = 0.00454471, max = 0.00989827 (L_Thigh_Lateral)
[2026-07-20 13:12:39.818] [info] Frame 55 (t = 0.55):	 total squared error = 0.000586245, marker error: RMS = 0.00465970, max = 0.00992678 (R_Thigh_Lateral)
[2026-07-20 13:12:39.846] [info] Frame 56 (t = 0.56):	 total squared error = 0.000631501, marker error: RMS = 0.00483621, max = 0.0105188 (R_Thigh_Lateral)
[2026-07-20 13:12:39.862] [info] Frame 57 (t = 0.57):	 total squared error = 0.000697642, marker error: RMS = 0.00508317, max = 0.0111636 (R_Thigh_Lateral)
[2026-07-20 13:12:39.884] [info] Frame 58 (t = 0.58):	 total squared error = 0.000769188, marker error: RMS = 0.00533746, max = 0.0115487 (R_Thigh_Lateral)
[2026-07-20 13:12:39.894] [info] Frame 59 (t = 0.59):	 total squared error = 0.000859819, marker error: RMS = 0.00564315, max = 0.0123393 (L_Thigh_Lateral)
[2026-07-20 13:12:39.929] [info] Frame 60 (t = 0.6):	 total squared error = 0.000905223, marker error: RMS = 0.00579023, max = 0.0125353 (L_Thigh_Lateral)
[2026-07-20 13:12:39.936] [info] Frame 61 (t = 0.61):	 total squared error = 0.000956483, marker error: RMS = 0.00595192, max = 0.0136134 (L_Thigh_Lateral)
[2026-07-20 13:12:39.951] [info] Frame 62 (t = 0.62):	 total squared error = 0.000965097, marker error: RMS = 0.00597866, max = 0.0140517 (L_Thigh_Lateral)
[2026-07-20 13:12:39.978] [info] Frame 63 (t = 0.63):	 total squared error = 0.000939441, marker error: RMS = 0.00589865, max = 0.0132404 (L_Thigh_Lateral)
[2026-07-20 13:12:39.989] [info] Frame 64 (t = 0.64):	 total squared error = 0.000895257, marker error: RMS = 0.00575827, max = 0.0129701 (L_Thigh_Lateral)
[2026-07-20 13:12:40.005] [info] Frame 65 (t = 0.65):	 total squared error = 0.000819079, marker error: RMS = 0.00550784, max = 0.0121105 (L_Thigh_Lateral)
[2026-07-20 13:12:40.023] [info] Frame 66 (t = 0.66):	 total squared error = 0.000730578, marker error: RMS = 0.00520177, max = 0.0113545 (L_Shank_Lateral)
[2026-07-20 13:12:40.046] [info] Frame 67 (t = 0.67):	 total squared error = 0.000632391, marker error: RMS = 0.00483962, max = 0.0108569 (L_Shank_Lateral)
[2026-07-20 13:12:40.062] [info] Frame 68 (t = 0.68):	 total squared error = 0.000533852, marker error: RMS = 0.00444661, max = 0.0106650 (L_Shank_Lateral)
[2026-07-20 13:12:40.085] [info] Frame 69 (t = 0.69):	 total squared error = 0.000437094, marker error: RMS = 0.00402351, max = 0.00977021 (L_Shank_Lateral)
[2026-07-20 13:12:40.099] [info] Frame 70 (t = 0.7):	 total squared error = 0.000360755, marker error: RMS = 0.00365531, max = 0.00967404 (L_Shank_Lateral)
[2026-07-20 13:12:40.132] [info] Frame 71 (t = 0.71):	 total squared error = 0.000290799, marker error: RMS = 0.00328182, max = 0.00844961 (L_Shank_Lateral)
[2026-07-20 13:12:40.151] [info] Frame 72 (t = 0.72):	 total squared error = 0.000257992, marker error: RMS = 0.00309116, max = 0.00824477 (L_Shank_Lateral)
[2026-07-20 13:12:40.172] [info] Frame 73 (t = 0.73):	 total squared error = 0.000253988, marker error: RMS = 0.00306708, max = 0.00771172 (L_Shank_Lateral)
[2026-07-20 13:12:40.200] [info] Frame 74 (t = 0.74):	 total squared error = 0.000284203, marker error: RMS = 0.00324438, max = 0.00729721 (R_Thigh_Lateral)
[2026-07-20 13:12:40.226] [info] Frame 75 (t = 0.75):	 total squared error = 0.000343181, marker error: RMS = 0.00356517, max = 0.00893311 (R_Thigh_Lateral)
[2026-07-20 13:12:40.246] [info] Frame 76 (t = 0.76):	 total squared error = 0.000421443, marker error: RMS = 0.00395082, max = 0.0104485 (R_Thigh_Lateral)
[2026-07-20 13:12:40.271] [info] Frame 77 (t = 0.77):	 total squared error = 0.000517503, marker error: RMS = 0.00437799, max = 0.0127678 (R_Shank_Lateral)
[2026-07-20 13:12:40.292] [info] Frame 78 (t = 0.78):	 total squared error = 0.000619723, marker error: RMS = 0.00479090, max = 0.0148478 (R_Shank_Lateral)
[2026-07-20 13:12:40.309] [info] Frame 79 (t = 0.79):	 total squared error = 0.000716621, marker error: RMS = 0.00515185, max = 0.0164207 (R_Shank_Lateral)
[2026-07-20 13:12:40.338] [info] Frame 80 (t = 0.8):	 total squared error = 0.000790121, marker error: RMS = 0.00540960, max = 0.0178649 (R_Shank_Lateral)
[2026-07-20 13:12:40.354] [info] Frame 81 (t = 0.81):	 total squared error = 0.000838751, marker error: RMS = 0.00557358, max = 0.0182825 (R_Shank_Lateral)
[2026-07-20 13:12:40.378] [info] Frame 82 (t = 0.82):	 total squared error = 0.000857444, marker error: RMS = 0.00563535, max = 0.0188437 (R_Shank_Lateral)
[2026-07-20 13:12:40.402] [info] Frame 83 (t = 0.83):	 total squared error = 0.000854040, marker error: RMS = 0.00562415, max = 0.01881 (R_Shank_Lateral)
[2026-07-20 13:12:40.417] [info] Frame 84 (t = 0.84):	 total squared error = 0.000832825, marker error: RMS = 0.00555386, max = 0.018253 (R_Shank_Lateral)
[2026-07-20 13:12:40.430] [info] Frame 85 (t = 0.85):	 total squared error = 0.000800972, marker error: RMS = 0.00544662, max = 0.0176861 (R_Shank_Lateral)
[2026-07-20 13:12:40.450] [info] Frame 86 (t = 0.86):	 total squared error = 0.000762211, marker error: RMS = 0.00531320, max = 0.0170872 (R_Shank_Lateral)
[2026-07-20 13:12:40.464] [info] Frame 87 (t = 0.87):	 total squared error = 0.000725853, marker error: RMS = 0.00518493, max = 0.0164336 (R_Shank_Lateral)
[2026-07-20 13:12:40.477] [info] Frame 88 (t = 0.88):	 total squared error = 0.000695852, marker error: RMS = 0.00507664, max = 0.0157912 (R_Shank_Lateral)
[2026-07-20 13:12:40.492] [info] Frame 89 (t = 0.89):	 total squared error = 0.000664241, marker error: RMS = 0.00495999, max = 0.0153828 (R_Shank_Lateral)
[2026-07-20 13:12:40.507] [info] Frame 90 (t = 0.9):	 total squared error = 0.000646838, marker error: RMS = 0.00489458, max = 0.0150311 (R_Shank_Lateral)
[2026-07-20 13:12:40.515] [info] Frame 91 (t = 0.91):	 total squared error = 0.000657574, marker error: RMS = 0.00493504, max = 0.0149112 (R_Shank_Lateral)
[2026-07-20 13:12:40.539] [info] Frame 92 (t = 0.92):	 total squared error = 0.000636323, marker error: RMS = 0.00485464, max = 0.0147131 (R_Shank_Lateral)
[2026-07-20 13:12:40.553] [info] Frame 93 (t = 0.93):	 total squared error = 0.000650644, marker error: RMS = 0.00490896, max = 0.0145569 (R_Shank_Lateral)
[2026-07-20 13:12:40.575] [info] Frame 94 (t = 0.94):	 total squared error = 0.000656415, marker error: RMS = 0.00493068, max = 0.0144149 (R_Shank_Lateral)
[2026-07-20 13:12:40.595] [info] Frame 95 (t = 0.95):	 total squared error = 0.000665409, marker error: RMS = 0.00496435, max = 0.0146318 (R_Thigh_Lateral)
[2026-07-20 13:12:40.609] [info] Frame 96 (t = 0.96):	 total squared error = 0.000671942, marker error: RMS = 0.00498866, max = 0.0149692 (R_Thigh_Lateral)
[2026-07-20 13:12:40.627] [info] Frame 97 (t = 0.97):	 total squared error = 0.000655751, marker error: RMS = 0.00492819, max = 0.0148034 (R_Thigh_Lateral)
[2026-07-20 13:12:40.642] [info] Frame 98 (t = 0.98):	 total squared error = 0.000642573, marker error: RMS = 0.00487842, max = 0.0148679 (R_Thigh_Lateral)
[2026-07-20 13:12:40.666] [info] Frame 99 (t = 0.99):	 total squared error = 0.000591697, marker error: RMS = 0.00468132, max = 0.013889 (R_Thigh_Lateral)
[2026-07-20 13:12:40.687] [info] Frame 100 (t = 1.0):	 total squared error = 0.000555155, marker error: RMS = 0.00453446, max = 0.0131515 (R_Thigh_Lateral)
[2026-07-20 13:12:40.706] [info] Frame 101 (t = 1.01):	 total squared error = 0.000518745, marker error: RMS = 0.00438324, max = 0.0121616 (R_Thigh_Lateral)
[2026-07-20 13:12:40.732] [info] Frame 102 (t = 1.02):	 total squared error = 0.000482614, marker error: RMS = 0.00422784, max = 0.0109112 (R_Thigh_Lateral)
[2026-07-20 13:12:40.750] [info] Frame 103 (t = 1.03):	 total squared error = 0.000467396, marker error: RMS = 0.00416064, max = 0.0101544 (L_Thigh_Lateral)
[2026-07-20 13:12:40.773] [info] Frame 104 (t = 1.04):	 total squared error = 0.000439531, marker error: RMS = 0.00403472, max = 0.0103144 (L_Thigh_Lateral)
[2026-07-20 13:12:40.799] [info] Frame 105 (t = 1.05):	 total squared error = 0.000431318, marker error: RMS = 0.00399684, max = 0.0105683 (L_Thigh_Lateral)
[2026-07-20 13:12:40.811] [info] Frame 106 (t = 1.06):	 total squared error = 0.000453315, marker error: RMS = 0.00409749, max = 0.0109673 (L_Thigh_Lateral)
[2026-07-20 13:12:40.838] [info] Frame 107 (t = 1.07):	 total squared error = 0.000468641, marker error: RMS = 0.00416618, max = 0.0109075 (L_Thigh_Lateral)
[2026-07-20 13:12:40.851] [info] Frame 108 (t = 1.08):	 total squared error = 0.000515440, marker error: RMS = 0.00436925, max = 0.0111256 (L_Thigh_Lateral)
[2026-07-20 13:12:40.872] [info] Frame 109 (t = 1.09):	 total squared error = 0.000551981, marker error: RMS = 0.00452148, max = 0.0110187 (L_Thigh_Lateral)
[2026-07-20 13:12:40.890] [info] Frame 110 (t = 1.1):	 total squared error = 0.000583935, marker error: RMS = 0.00465051, max = 0.0108621 (L_Thigh_Lateral)
[2026-07-20 13:12:40.899] [info] Frame 111 (t = 1.11):	 total squared error = 0.000603375, marker error: RMS = 0.00472729, max = 0.0105916 (L_Thigh_Lateral)
[2026-07-20 13:12:40.915] [info] Frame 112 (t = 1.12):	 total squared error = 0.000591475, marker error: RMS = 0.00468044, max = 0.0104579 (L_Thigh_Lateral)
[2026-07-20 13:12:40.934] [info] Frame 113 (t = 1.13):	 total squared error = 0.000561028, marker error: RMS = 0.00455838, max = 0.0102936 (R_Thigh_Lateral)
[2026-07-20 13:12:40.947] [info] Frame 114 (t = 1.14):	 total squared error = 0.000526055, marker error: RMS = 0.00441401, max = 0.00986162 (L_Thigh_Lateral)
[2026-07-20 13:12:40.962] [info] Frame 115 (t = 1.15):	 total squared error = 0.000485434, marker error: RMS = 0.00424017, max = 0.00953442 (L_Thigh_Lateral)
[2026-07-20 13:12:40.979] [info] Frame 116 (t = 1.16):	 total squared error = 0.000451000, marker error: RMS = 0.00408702, max = 0.00916355 (L_Thigh_Lateral)
[2026-07-20 13:12:40.999] [info] Frame 117 (t = 1.17):	 total squared error = 0.000422539, marker error: RMS = 0.00395596, max = 0.00895704 (R_Shank_Lateral)
[2026-07-20 13:12:41.019] [info] Frame 118 (t = 1.18):	 total squared error = 0.000404805, marker error: RMS = 0.00387205, max = 0.00972247 (R_Shank_Lateral)
[2026-07-20 13:12:41.043] [info] Frame 119 (t = 1.19):	 total squared error = 0.000396091, marker error: RMS = 0.00383015, max = 0.0102263 (R_Shank_Lateral)
[2026-07-20 13:12:41.069] [info] Frame 120 (t = 1.2):	 total squared error = 0.000399926, marker error: RMS = 0.00384864, max = 0.0107518 (R_Shank_Lateral)
[2026-07-20 13:12:41.098] [info] Frame 121 (t = 1.21):	 total squared error = 0.000409436, marker error: RMS = 0.00389413, max = 0.0109844 (R_Shank_Lateral)
[2026-07-20 13:12:41.123] [info] Frame 122 (t = 1.22):	 total squared error = 0.000420699, marker error: RMS = 0.00394733, max = 0.0109098 (R_Shank_Lateral)
[2026-07-20 13:12:41.145] [info] Frame 123 (t = 1.23):	 total squared error = 0.000430203, marker error: RMS = 0.00399167, max = 0.0101772 (R_Shank_Lateral)
[2026-07-20 13:12:41.168] [info] Frame 124 (t = 1.24):	 total squared error = 0.000431536, marker error: RMS = 0.00399785, max = 0.00916819 (L_Shank_Lateral)
[2026-07-20 13:12:41.191] [info] Frame 125 (t = 1.25):	 total squared error = 0.000443792, marker error: RMS = 0.00405422, max = 0.0108211 (L_Shank_Lateral)
[2026-07-20 13:12:41.212] [info] Frame 126 (t = 1.26):	 total squared error = 0.000475336, marker error: RMS = 0.00419584, max = 0.0117702 (L_Shank_Lateral)
[2026-07-20 13:12:41.227] [info] Frame 127 (t = 1.27):	 total squared error = 0.000526547, marker error: RMS = 0.00441608, max = 0.0123804 (L_Shank_Lateral)
[2026-07-20 13:12:41.253] [info] Frame 128 (t = 1.28):	 total squared error = 0.000571872, marker error: RMS = 0.00460222, max = 0.0139462 (L_Shank_Lateral)
[2026-07-20 13:12:41.275] [info] Frame 129 (t = 1.29):	 total squared error = 0.000643169, marker error: RMS = 0.00488068, max = 0.0144311 (L_Shank_Lateral)
[2026-07-20 13:12:41.297] [info] Frame 130 (t = 1.3):	 total squared error = 0.000720781, marker error: RMS = 0.00516678, max = 0.0147693 (L_Shank_Lateral)
[2026-07-20 13:12:41.312] [info] Frame 131 (t = 1.31):	 total squared error = 0.000796373, marker error: RMS = 0.00543096, max = 0.0149478 (L_Shank_Lateral)
[2026-07-20 13:12:41.331] [info] Frame 132 (t = 1.32):	 total squared error = 0.000858601, marker error: RMS = 0.00563915, max = 0.0156934 (L_Shank_Lateral)
[2026-07-20 13:12:41.344] [info] Frame 133 (t = 1.33):	 total squared error = 0.000901479, marker error: RMS = 0.00577824, max = 0.0162193 (L_Shank_Lateral)
[2026-07-20 13:12:41.363] [info] Frame 134 (t = 1.34):	 total squared error = 0.000916949, marker error: RMS = 0.00582761, max = 0.016633 (L_Shank_Lateral)
[2026-07-20 13:12:41.375] [info] Frame 135 (t = 1.35):	 total squared error = 0.000904923, marker error: RMS = 0.00578927, max = 0.0172489 (L_Shank_Lateral)
[2026-07-20 13:12:41.396] [info] Frame 136 (t = 1.36):	 total squared error = 0.000869756, marker error: RMS = 0.00567567, max = 0.0169075 (L_Shank_Lateral)
[2026-07-20 13:12:41.409] [info] Frame 137 (t = 1.37):	 total squared error = 0.000821710, marker error: RMS = 0.00551667, max = 0.0172417 (L_Shank_Lateral)
[2026-07-20 13:12:41.429] [info] Frame 138 (t = 1.38):	 total squared error = 0.000762623, marker error: RMS = 0.00531463, max = 0.0162109 (L_Shank_Lateral)
[2026-07-20 13:12:41.451] [info] Frame 139 (t = 1.39):	 total squared error = 0.000705845, marker error: RMS = 0.00511296, max = 0.0155228 (L_Shank_Lateral)
[2026-07-20 13:12:41.463] [info] Frame 140 (t = 1.4):	 total squared error = 0.000664969, marker error: RMS = 0.00496271, max = 0.0152765 (L_Shank_Lateral)
[2026-07-20 13:12:41.485] [info] Frame 141 (t = 1.41):	 total squared error = 0.000610611, marker error: RMS = 0.00475555, max = 0.0140096 (L_Shank_Lateral)
[2026-07-20 13:12:41.501] [info] Frame 142 (t = 1.42):	 total squared error = 0.000578144, marker error: RMS = 0.00462739, max = 0.0133053 (L_Shank_Lateral)
[2026-07-20 13:12:41.514] [info] Frame 143 (t = 1.43):	 total squared error = 0.000551899, marker error: RMS = 0.00452114, max = 0.0122644 (L_Shank_Lateral)
[2026-07-20 13:12:41.543] [info] Frame 144 (t = 1.44):	 total squared error = 0.000499759, marker error: RMS = 0.00430228, max = 0.0107047 (L_Shank_Lateral)
[2026-07-20 13:12:41.565] [info] Frame 145 (t = 1.45):	 total squared error = 0.000470181, marker error: RMS = 0.00417302, max = 0.0100969 (L_Thigh_Lateral)
[2026-07-20 13:12:41.590] [info] Frame 146 (t = 1.46):	 total squared error = 0.000442396, marker error: RMS = 0.00404784, max = 0.00985045 (L_Thigh_Lateral)
[2026-07-20 13:12:41.605] [info] Frame 147 (t = 1.47):	 total squared error = 0.000428189, marker error: RMS = 0.00398232, max = 0.00958246 (L_Thigh_Lateral)
[2026-07-20 13:12:41.627] [info] Frame 148 (t = 1.48):	 total squared error = 0.000407022, marker error: RMS = 0.00388264, max = 0.00928826 (L_Thigh_Lateral)
[2026-07-20 13:12:41.643] [info] Frame 149 (t = 1.49):	 total squared error = 0.000403233, marker error: RMS = 0.00386453, max = 0.00915446 (L_Thigh_Lateral)
[2026-07-20 13:12:41.669] [info] Frame 150 (t = 1.5):	 total squared error = 0.000397918, marker error: RMS = 0.00383897, max = 0.00903153 (L_Thigh_Lateral)
[2026-07-20 13:12:41.694] [info] Frame 151 (t = 1.51):	 total squared error = 0.000404320, marker error: RMS = 0.00386973, max = 0.00906726 (L_Thigh_Lateral)
[2026-07-20 13:12:41.720] [info] Frame 152 (t = 1.52):	 total squared error = 0.000417257, marker error: RMS = 0.00393115, max = 0.00914710 (L_Thigh_Lateral)
[2026-07-20 13:12:41.741] [info] Frame 153 (t = 1.53):	 total squared error = 0.000439443, marker error: RMS = 0.00403431, max = 0.00936417 (L_Thigh_Lateral)
[2026-07-20 13:12:41.778] [info] Frame 154 (t = 1.54):	 total squared error = 0.000468637, marker error: RMS = 0.00416616, max = 0.00974029 (L_Thigh_Lateral)
[2026-07-20 13:12:41.797] [info] Frame 155 (t = 1.55):	 total squared error = 0.000508573, marker error: RMS = 0.00434005, max = 0.0103670 (L_Thigh_Lateral)
[2026-07-20 13:12:41.827] [info] Frame 156 (t = 1.56):	 total squared error = 0.000556175, marker error: RMS = 0.00453862, max = 0.0109371 (L_Thigh_Lateral)
[2026-07-20 13:12:41.844] [info] Frame 157 (t = 1.57):	 total squared error = 0.000615982, marker error: RMS = 0.00477642, max = 0.0118203 (L_Thigh_Lateral)
[2026-07-20 13:12:41.872] [info] Frame 158 (t = 1.58):	 total squared error = 0.000670968, marker error: RMS = 0.00498504, max = 0.0124306 (L_Thigh_Lateral)
[2026-07-20 13:12:41.880] [info] Frame 159 (t = 1.59):	 total squared error = 0.000738203, marker error: RMS = 0.00522885, max = 0.0131969 (L_Thigh_Lateral)
[2026-07-20 13:12:41.910] [info] Frame 160 (t = 1.6):	 total squared error = 0.000766556, marker error: RMS = 0.00532832, max = 0.0130008 (L_Thigh_Lateral)
[2026-07-20 13:12:41.922] [info] Frame 161 (t = 1.61):	 total squared error = 0.000792038, marker error: RMS = 0.00541616, max = 0.0133473 (L_Thigh_Lateral)
[2026-07-20 13:12:41.933] [info] Frame 162 (t = 1.62):	 total squared error = 0.000793412, marker error: RMS = 0.00542085, max = 0.0133671 (L_Thigh_Lateral)
[2026-07-20 13:12:41.941] [info] Frame 163 (t = 1.63):	 total squared error = 0.000773005, marker error: RMS = 0.00535068, max = 0.012885 (L_Thigh_Lateral)
[2026-07-20 13:12:41.954] [info] Frame 164 (t = 1.64):	 total squared error = 0.000719782, marker error: RMS = 0.00516320, max = 0.0125021 (L_Thigh_Lateral)
[2026-07-20 13:12:41.982] [info] Frame 165 (t = 1.65):	 total squared error = 0.000645165, marker error: RMS = 0.00488825, max = 0.0112444 (L_Shank_Lateral)
[2026-07-20 13:12:42.000] [info] Frame 166 (t = 1.66):	 total squared error = 0.000567879, marker error: RMS = 0.00458613, max = 0.0104948 (L_Shank_Lateral)
[2026-07-20 13:12:42.016] [info] Frame 167 (t = 1.67):	 total squared error = 0.000488392, marker error: RMS = 0.00425307, max = 0.00972882 (L_Shank_Lateral)
[2026-07-20 13:12:42.027] [info] Frame 168 (t = 1.68):	 total squared error = 0.000418418, marker error: RMS = 0.00393662, max = 0.00914883 (L_Shank_Lateral)
[2026-07-20 13:12:42.042] [info] Frame 169 (t = 1.69):	 total squared error = 0.000348029, marker error: RMS = 0.00359026, max = 0.00860047 (L_Shank_Lateral)
[2026-07-20 13:12:42.072] [info] Frame 170 (t = 1.7):	 total squared error = 0.000289963, marker error: RMS = 0.00327710, max = 0.00757188 (L_Shank_Lateral)
[2026-07-20 13:12:42.087] [info] Frame 171 (t = 1.71):	 total squared error = 0.000247331, marker error: RMS = 0.00302662, max = 0.00770410 (L_Shank_Lateral)
[2026-07-20 13:12:42.105] [info] Frame 172 (t = 1.72):	 total squared error = 0.000224676, marker error: RMS = 0.00288467, max = 0.00795618 (L_Shank_Lateral)
[2026-07-20 13:12:42.126] [info] Frame 173 (t = 1.73):	 total squared error = 0.000224347, marker error: RMS = 0.00288256, max = 0.00789273 (L_Shank_Lateral)
[2026-07-20 13:12:42.155] [info] Frame 174 (t = 1.74):	 total squared error = 0.000251559, marker error: RMS = 0.00305238, max = 0.00753020 (L_Shank_Lateral)
[2026-07-20 13:12:42.168] [info] Frame 175 (t = 1.75):	 total squared error = 0.000310030, marker error: RMS = 0.00338860, max = 0.00760491 (L_Shank_Lateral)
[2026-07-20 13:12:42.186] [info] Frame 176 (t = 1.76):	 total squared error = 0.000390525, marker error: RMS = 0.00380314, max = 0.00968322 (R_Shank_Lateral)
[2026-07-20 13:12:42.203] [info] Frame 177 (t = 1.77):	 total squared error = 0.000497822, marker error: RMS = 0.00429393, max = 0.012217 (R_Shank_Lateral)
[2026-07-20 13:12:42.240] [info] Frame 178 (t = 1.78):	 total squared error = 0.000614365, marker error: RMS = 0.00477014, max = 0.0143114 (R_Shank_Lateral)
[2026-07-20 13:12:42.258] [info] Frame 179 (t = 1.79):	 total squared error = 0.000732428, marker error: RMS = 0.00520835, max = 0.0163191 (R_Shank_Lateral)
[2026-07-20 13:12:42.274] [info] Frame 180 (t = 1.8):	 total squared error = 0.000836011, marker error: RMS = 0.00556447, max = 0.0178681 (R_Shank_Lateral)
[2026-07-20 13:12:42.292] [info] Frame 181 (t = 1.81):	 total squared error = 0.000908613, marker error: RMS = 0.00580106, max = 0.0189030 (R_Shank_Lateral)
[2026-07-20 13:12:42.314] [info] Frame 182 (t = 1.82):	 total squared error = 0.000945329, marker error: RMS = 0.00591711, max = 0.0197716 (R_Shank_Lateral)
[2026-07-20 13:12:42.332] [info] Frame 183 (t = 1.83):	 total squared error = 0.000955138, marker error: RMS = 0.00594773, max = 0.019741 (R_Shank_Lateral)
[2026-07-20 13:12:42.349] [info] Frame 184 (t = 1.84):	 total squared error = 0.000946429, marker error: RMS = 0.00592055, max = 0.0196775 (R_Shank_Lateral)
[2026-07-20 13:12:42.366] [info] Frame 185 (t = 1.85):	 total squared error = 0.000933155, marker error: RMS = 0.00587889, max = 0.0194765 (R_Shank_Lateral)
[2026-07-20 13:12:42.382] [info] Frame 186 (t = 1.86):	 total squared error = 0.000924636, marker error: RMS = 0.00585199, max = 0.0192958 (R_Shank_Lateral)
[2026-07-20 13:12:42.395] [info] Frame 187 (t = 1.87):	 total squared error = 0.000925433, marker error: RMS = 0.00585451, max = 0.0192046 (R_Shank_Lateral)
[2026-07-20 13:12:42.418] [info] Frame 188 (t = 1.88):	 total squared error = 0.000925703, marker error: RMS = 0.00585536, max = 0.019117 (R_Shank_Lateral)
[2026-07-20 13:12:42.431] [info] Frame 189 (t = 1.89):	 total squared error = 0.000932962, marker error: RMS = 0.00587828, max = 0.0192899 (R_Shank_Lateral)
[2026-07-20 13:12:42.454] [info] Frame 190 (t = 1.9):	 total squared error = 0.000936008, marker error: RMS = 0.00588787, max = 0.0191059 (R_Shank_Lateral)
[2026-07-20 13:12:42.463] [info] Frame 191 (t = 1.91):	 total squared error = 0.000959105, marker error: RMS = 0.00596007, max = 0.019384 (R_Shank_Lateral)
[2026-07-20 13:12:42.490] [info] Frame 192 (t = 1.92):	 total squared error = 0.000935405, marker error: RMS = 0.00588597, max = 0.0190063 (R_Shank_Lateral)
[2026-07-20 13:12:42.511] [info] Frame 193 (t = 1.93):	 total squared error = 0.000930731, marker error: RMS = 0.00587124, max = 0.0189492 (R_Shank_Lateral)
[2026-07-20 13:12:42.531] [info] Frame 194 (t = 1.94):	 total squared error = 0.000921736, marker error: RMS = 0.00584281, max = 0.0186803 (R_Shank_Lateral)
[2026-07-20 13:12:42.561] [info] Frame 195 (t = 1.95):	 total squared error = 0.000898271, marker error: RMS = 0.00576795, max = 0.0178904 (R_Shank_Lateral)
[2026-07-20 13:12:42.580] [info] Frame 196 (t = 1.96):	 total squared error = 0.000865958, marker error: RMS = 0.00566326, max = 0.0170292 (R_Shank_Lateral)
[2026-07-20 13:12:42.600] [info] Frame 197 (t = 1.97):	 total squared error = 0.000814544, marker error: RMS = 0.00549257, max = 0.0158147 (R_Thigh_Lateral)
[2026-07-20 13:12:42.622] [info] Frame 198 (t = 1.98):	 total squared error = 0.000748874, marker error: RMS = 0.00526650, max = 0.0151317 (R_Thigh_Lateral)
[2026-07-20 13:12:42.639] [info] Frame 199 (t = 1.99):	 total squared error = 0.000684789, marker error: RMS = 0.00503613, max = 0.0143166 (R_Thigh_Lateral)
[2026-07-20 13:12:42.664] [info] Frame 200 (t = 2.0):	 total squared error = 0.000615286, marker error: RMS = 0.00477372, max = 0.0130037 (R_Thigh_Lateral)
[2026-07-20 13:12:42.691] [info] Frame 201 (t = 2.01):	 total squared error = 0.000560993, marker error: RMS = 0.00455824, max = 0.011551 (R_Thigh_Lateral)
[2026-07-20 13:12:42.722] [info] Frame 202 (t = 2.02):	 total squared error = 0.000526561, marker error: RMS = 0.00441614, max = 0.0102959 (L_Thigh_Lateral)
[2026-07-20 13:12:42.751] [info] Frame 203 (t = 2.03):	 total squared error = 0.000512288, marker error: RMS = 0.00435587, max = 0.0108142 (L_Thigh_Lateral)
[2026-07-20 13:12:42.767] [info] Frame 204 (t = 2.04):	 total squared error = 0.000524441, marker error: RMS = 0.00440724, max = 0.0114813 (L_Thigh_Lateral)
[2026-07-20 13:12:42.793] [info] Frame 205 (t = 2.05):	 total squared error = 0.000528935, marker error: RMS = 0.00442608, max = 0.0116149 (L_Thigh_Lateral)
[2026-07-20 13:12:42.816] [info] Frame 206 (t = 2.06):	 total squared error = 0.000552227, marker error: RMS = 0.00452248, max = 0.0119119 (L_Thigh_Lateral)
[2026-07-20 13:12:42.829] [info] Frame 207 (t = 2.07):	 total squared error = 0.000592669, marker error: RMS = 0.00468516, max = 0.0122135 (L_Thigh_Lateral)
[2026-07-20 13:12:42.842] [info] Frame 208 (t = 2.08):	 total squared error = 0.000633747, marker error: RMS = 0.00484480, max = 0.0124549 (L_Thigh_Lateral)
[2026-07-20 13:12:42.858] [info] Frame 209 (t = 2.09):	 total squared error = 0.000659295, marker error: RMS = 0.00494149, max = 0.0123347 (L_Thigh_Lateral)
[2026-07-20 13:12:42.875] [info] Frame 210 (t = 2.1):	 total squared error = 0.000670834, marker error: RMS = 0.00498455, max = 0.0120590 (L_Thigh_Lateral)
[2026-07-20 13:12:42.895] [info] Frame 211 (t = 2.11):	 total squared error = 0.000666814, marker error: RMS = 0.00496959, max = 0.0117789 (L_Thigh_Lateral)
[2026-07-20 13:12:42.904] [info] Frame 212 (t = 2.12):	 total squared error = 0.000650798, marker error: RMS = 0.00490954, max = 0.0112399 (L_Thigh_Lateral)
[2026-07-20 13:12:42.933] [info] Frame 213 (t = 2.13):	 total squared error = 0.000597310, marker error: RMS = 0.00470347, max = 0.0110373 (L_Thigh_Lateral)
[2026-07-20 13:12:42.949] [info] Frame 214 (t = 2.14):	 total squared error = 0.000553868, marker error: RMS = 0.00452920, max = 0.0105746 (L_Thigh_Lateral)
[2026-07-20 13:12:42.965] [info] Frame 215 (t = 2.15):	 total squared error = 0.000511450, marker error: RMS = 0.00435231, max = 0.0101507 (L_Thigh_Lateral)
[2026-07-20 13:12:42.981] [info] Frame 216 (t = 2.16):	 total squared error = 0.000473750, marker error: RMS = 0.00418883, max = 0.00982856 (L_Thigh_Lateral)
[2026-07-20 13:12:42.999] [info] Frame 217 (t = 2.17):	 total squared error = 0.000443476, marker error: RMS = 0.00405278, max = 0.00953847 (L_Thigh_Lateral)
[2026-07-20 13:12:43.018] [info] Frame 218 (t = 2.18):	 total squared error = 0.000424014, marker error: RMS = 0.00396286, max = 0.00916876 (L_Thigh_Lateral)
[2026-07-20 13:12:43.036] [info] Frame 219 (t = 2.19):	 total squared error = 0.000413940, marker error: RMS = 0.00391550, max = 0.00880026 (L_Thigh_Lateral)
[2026-07-20 13:12:43.053] [info] Frame 220 (t = 2.2):	 total squared error = 0.000411432, marker error: RMS = 0.00390362, max = 0.00840734 (L_Thigh_Lateral)
[2026-07-20 13:12:43.071] [info] Frame 221 (t = 2.21):	 total squared error = 0.000411740, marker error: RMS = 0.00390508, max = 0.00817071 (R_Shank_Lateral)
[2026-07-20 13:12:43.090] [info] Frame 222 (t = 2.22):	 total squared error = 0.000408636, marker error: RMS = 0.00389033, max = 0.00851178 (R_Shank_Lateral)
[2026-07-20 13:12:43.103] [info] Frame 223 (t = 2.23):	 total squared error = 0.000402266, marker error: RMS = 0.00385989, max = 0.00847156 (R_Shank_Lateral)
[2026-07-20 13:12:43.123] [info] Frame 224 (t = 2.24):	 total squared error = 0.000386667, marker error: RMS = 0.00378431, max = 0.00818835 (R_Shank_Lateral)
[2026-07-20 13:12:43.141] [info] Frame 225 (t = 2.25):	 total squared error = 0.000380750, marker error: RMS = 0.00375524, max = 0.00781317 (L_Knee_Lateral)
[2026-07-20 13:12:43.161] [info] Frame 226 (t = 2.26):	 total squared error = 0.000387242, marker error: RMS = 0.00378712, max = 0.00854552 (L_Knee_Lateral)
[2026-07-20 13:12:43.179] [info] Frame 227 (t = 2.27):	 total squared error = 0.000407899, marker error: RMS = 0.00388682, max = 0.00894363 (L_Knee_Lateral)
[2026-07-20 13:12:43.196] [info] Frame 228 (t = 2.28):	 total squared error = 0.000441902, marker error: RMS = 0.00404558, max = 0.00915486 (L_Knee_Lateral)
[2026-07-20 13:12:43.222] [info] Frame 229 (t = 2.29):	 total squared error = 0.000464587, marker error: RMS = 0.00414812, max = 0.0109986 (L_Shank_Lateral)
[2026-07-20 13:12:43.240] [info] Frame 230 (t = 2.3):	 total squared error = 0.000523853, marker error: RMS = 0.00440477, max = 0.0111466 (L_Shank_Lateral)
[2026-07-20 13:12:43.261] [info] Frame 231 (t = 2.31):	 total squared error = 0.000583248, marker error: RMS = 0.00464777, max = 0.0120471 (L_Shank_Lateral)
[2026-07-20 13:12:43.285] [info] Frame 232 (t = 2.32):	 total squared error = 0.000641350, marker error: RMS = 0.00487378, max = 0.0129008 (L_Shank_Lateral)
[2026-07-20 13:12:43.298] [info] Frame 233 (t = 2.33):	 total squared error = 0.000706276, marker error: RMS = 0.00511452, max = 0.013235 (L_Shank_Lateral)
[2026-07-20 13:12:43.307] [info] Frame 234 (t = 2.34):	 total squared error = 0.000774777, marker error: RMS = 0.00535681, max = 0.0139501 (L_Shank_Lateral)
[2026-07-20 13:12:43.321] [info] Frame 235 (t = 2.35):	 total squared error = 0.000799289, marker error: RMS = 0.00544089, max = 0.0149615 (L_Shank_Lateral)
[2026-07-20 13:12:43.337] [info] Frame 236 (t = 2.36):	 total squared error = 0.000804087, marker error: RMS = 0.00545720, max = 0.0162055 (L_Shank_Lateral)
[2026-07-20 13:12:43.349] [info] Frame 237 (t = 2.37):	 total squared error = 0.000805339, marker error: RMS = 0.00546145, max = 0.0171119 (L_Shank_Lateral)
[2026-07-20 13:12:43.371] [info] Frame 238 (t = 2.38):	 total squared error = 0.000789885, marker error: RMS = 0.00540879, max = 0.0170688 (L_Shank_Lateral)
[2026-07-20 13:12:43.384] [info] Frame 239 (t = 2.39):	 total squared error = 0.000772265, marker error: RMS = 0.00534812, max = 0.0175088 (L_Shank_Lateral)
[2026-07-20 13:12:43.405] [info] Frame 240 (t = 2.4):	 total squared error = 0.000738894, marker error: RMS = 0.00523130, max = 0.0167619 (L_Shank_Lateral)
[2026-07-20 13:12:43.417] [info] Frame 241 (t = 2.41):	 total squared error = 0.000714806, marker error: RMS = 0.00514532, max = 0.0165993 (L_Shank_Lateral)
[2026-07-20 13:12:43.438] [info] Frame 242 (t = 2.42):	 total squared error = 0.000679508, marker error: RMS = 0.00501667, max = 0.0156638 (L_Shank_Lateral)
[2026-07-20 13:12:43.449] [info] Frame 243 (t = 2.43):	 total squared error = 0.000666573, marker error: RMS = 0.00496869, max = 0.0150614 (L_Shank_Lateral)
[2026-07-20 13:12:43.485] [info] Frame 244 (t = 2.44):	 total squared error = 0.000617644, marker error: RMS = 0.00478285, max = 0.0137128 (L_Shank_Lateral)
[2026-07-20 13:12:43.503] [info] Frame 245 (t = 2.45):	 total squared error = 0.000599552, marker error: RMS = 0.00471229, max = 0.0129185 (L_Shank_Lateral)
[2026-07-20 13:12:43.527] [info] Frame 246 (t = 2.46):	 total squared error = 0.000574380, marker error: RMS = 0.00461230, max = 0.0122246 (L_Thigh_Lateral)
[2026-07-20 13:12:43.548] [info] Frame 247 (t = 2.47):	 total squared error = 0.000550559, marker error: RMS = 0.00451565, max = 0.0121832 (L_Thigh_Lateral)
[2026-07-20 13:12:43.580] [info] Frame 248 (t = 2.48):	 total squared error = 0.000523770, marker error: RMS = 0.00440442, max = 0.0121347 (L_Thigh_Lateral)
[2026-07-20 13:12:43.609] [info] Frame 249 (t = 2.49):	 total squared error = 0.000501416, marker error: RMS = 0.00430940, max = 0.0120073 (L_Thigh_Lateral)
[2026-07-20 13:12:43.625] [info] Frame 250 (t = 2.5):	 total squared error = 0.000486008, marker error: RMS = 0.00424267, max = 0.0117793 (L_Thigh_Lateral)
[2026-07-20 13:12:43.634] [info] InverseKinematicsTool completed 211 frames in 4 second(s).
[2026-07-20 13:12:43.666] [info] Loaded model TCV04-scaled from file C:\Users\Lucia\Desktop\TFG\2_JMP\TVC04\Walk_3\TVC04_3_JMP_results\TVC04_3_NMSM_JMP_08_wrist_axis_FINAL.osim
[2026-07-20 13:12:44.112] [warning] Coordinate.setValue:  coordinate pro_sup_r is locked. Unable to change its value.
[2026-07-20 13:12:44.144] [warning] Coordinate.setValue:  coordinate pro_sup_l is locked. Unable to change its value.
