Coordinates
version=1
nRows=389
nColumns=42
inDegrees=yes

Units are S.I. units (second, meters, Newtons, ...)
If the header above contains a line with 'inDegrees', this indicates whether rotational values are in degrees (yes) or radians (no).

endheader
time	pelvis_tilt	pelvis_list	pelvis_rotation	pelvis_tx	pelvis_ty	pelvis_tz	hip_flexion_r	hip_adduction_r	hip_rotation_r	knee_angle_r	knee_adduction_r	knee_angle_r_beta	ankle_angle_r	subtalar_angle_r	mtp_angle_r	hip_flexion_l	hip_adduction_l	hip_rotation_l	knee_angle_l	knee_adduction_l	knee_angle_l_beta	ankle_angle_l	subtalar_angle_l	mtp_angle_l	lumbar_extension	lumbar_bending	lumbar_rotation	arm_flex_r	arm_add_r	arm_rot_r	elbow_flex_r	pro_sup_r	wrist_flex_r	wrist_dev_r	arm_flex_l	arm_add_l	arm_rot_l	elbow_flex_l	pro_sup_l	wrist_flex_l	wrist_dev_l
      0.00000000	     -6.12310700	     -2.31338385	      3.30476620	     -1.78509224	      0.96110034	     -0.10757991	     15.22665439	      2.04745980	     -8.00433462	     57.33715924	     -0.39616204	      1.00072221	      2.13245576	    -17.86778353	     -9.59089733	     13.28600818	      0.86277031	     10.36425179	      9.09812324	     -0.18042326	      0.15879221	      3.09235052	     -7.94692081	     -9.59089733	     -8.33691369	     -1.88082899	     -6.24121271	     -4.40209502	     -6.74635875	     -6.29396283	     20.77251159	     90.00000001	      0.00000000	      0.00000000	      4.22240682	    -14.45845977	     -7.64247383	     28.46043551	     90.00000001	      0.00000000	      0.00000000
      0.01000000	     -6.09718624	     -2.40640716	      3.42619053	     -1.77486589	      0.96211590	     -0.10870238	     16.66030731	      1.98518127	     -7.27703364	     57.21794709	      0.18388487	      0.99864157	      2.70798131	    -17.82207379	     -9.52793628	     12.17036022	      0.88415999	     10.51140516	      8.36240483	     -0.47217817	      0.14595150	      3.46955589	     -7.49871807	     -9.52793628	     -8.27100142	     -1.55387688	     -6.53345568	     -4.68767467	     -6.59509610	     -6.56900901	     20.06484993	     90.00000001	      0.00000000	      0.00000000	      4.73373592	    -14.59856854	     -7.06041867	     29.49340905	     90.00000001	      0.00000000	      0.00000000
      0.02000000	     -6.11806363	     -2.51109630	      3.53535145	     -1.76464041	      0.96285707	     -0.10969867	     18.10418661	      2.02482751	     -6.82058136	     56.78834327	      0.39216836	      0.99114357	      3.27347604	    -17.80135112	     -9.49783243	     11.19542218	      0.87710498	     10.50075500	      7.80875122	     -0.73884172	      0.13628842	      3.93775508	     -7.18776092	     -9.49783243	     -8.15584485	     -1.22339977	     -6.80566691	     -5.04446804	     -6.42900080	     -6.73380877	     19.48865189	     90.00000001	      0.00000000	      0.00000000	      5.30519959	    -14.68474517	     -6.73331833	     30.34925549	     90.00000001	      0.00000000	      0.00000000
      0.03000000	     -6.15588127	     -2.54876798	      3.68115048	     -1.75416448	      0.96335139	     -0.11077443	     19.43317582	      1.95089772	     -6.42799329	     56.02450476	      0.62263892	      0.97781207	      3.66174123	    -17.72556312	     -9.47351424	     10.24754890	      0.95292489	     10.41583571	      7.31213627	     -1.00078588	      0.12762085	      4.33193603	     -6.88344104	     -9.47351424	     -7.96448343	     -0.98761034	     -7.07542136	     -5.50903151	     -6.32815589	     -6.94931631	     19.01070959	     90.00000001	      0.00000000	      0.00000000	      5.84513869	    -14.77482049	     -6.41187101	     31.23155930	     90.00000001	      0.00000000	      0.00000000
      0.04000000	     -5.73989887	     -2.54297990	      3.71445231	     -1.74383848	      0.96436244	     -0.11140610	     20.12660900	      1.94940148	     -5.45419695	     54.89386923	      1.21650743	      0.95807876	      3.85035435	    -18.00144300	     -9.38200662	      8.39546654	      0.92592799	     10.92667325	      6.00032994	     -1.24060868	      0.10472551	      4.40541452	     -6.69614966	     -9.38200662	     -8.41203619	     -0.79840324	     -7.20289736	     -5.54837074	     -5.98546625	     -8.60507429	     18.21806539	     90.00000001	      0.00000000	      0.00000000	      6.21329425	    -15.28081025	     -4.90454664	     32.80229298	     90.00000001	      0.00000000	      0.00000000
      0.05000000	     -5.55707618	     -2.56076205	      3.86331182	     -1.73340991	      0.96476602	     -0.11224570	     21.02060218	      1.96508720	     -5.14053131	     53.51769556	      1.25116526	      0.93406000	      4.05855067	    -18.08802995	     -9.29377321	      7.04184504	      0.94433714	     11.20549768	      5.17046113	     -1.47520130	      0.09024157	      4.67530005	     -6.54529910	     -9.29377321	     -8.54494626	     -0.58397271	     -7.46549531	     -5.83563115	     -5.77945193	     -9.43617683	     17.72153373	     90.00000001	      0.00000000	      0.00000000	      6.71300937	    -15.53318017	     -4.32405712	     33.89153068	     90.00000001	      0.00000000	      0.00000000
      0.06000000	     -5.51077728	     -2.54823186	      4.01471611	     -1.72305607	      0.96470951	     -0.11302315	     22.01326139	      1.93906898	     -4.83374361	     51.96018955	      1.27953922	      0.90687639	      4.24718124	    -18.17991728	     -9.24508330	      5.89322972	      0.98910612	     11.42172901	      4.42649460	     -1.68229442	      0.07725691	      5.11893134	     -6.19049014	     -9.24508330	     -8.52392428	     -0.42312170	     -7.76076895	     -6.21961798	     -5.62007491	     -9.83133107	     17.38483299	     90.00000001	      0.00000000	      0.00000000	      7.17990516	    -15.77755845	     -3.91587763	     34.94965469	     90.00000001	      0.00000000	      0.00000000
      0.07000000	     -5.18526736	     -2.53212215	      4.18355097	     -1.71252941	      0.96485382	     -0.11381489	     22.52036483	      1.97397854	     -4.71474025	     49.99178229	      1.10070577	      0.87252120	      4.32631112	    -18.26232846	     -9.17665039	      4.40631831	      1.02694161	     11.57532275	      3.66386652	     -1.93223000	      0.06394653	      5.42019094	     -5.93466022	     -9.17665039	     -8.83829664	     -0.23603781	     -8.01252139	     -6.53856798	     -5.44619228	    -10.52571369	     17.08965430	     90.00000001	      0.00000000	      0.00000000	      7.69214127	    -16.07604778	     -3.21782639	     36.03375684	     90.00000001	      0.00000000	      0.00000000
      0.08000000	     -5.39796856	     -2.23837614	      4.32379890	     -1.70237472	      0.96387911	     -0.11471813	     23.73854755	      1.60183983	     -4.71455042	     48.19421779	      0.81445139	      0.84114778	      4.51075543	    -18.12086563	     -9.15989512	      3.82313655	      1.46870983	     11.30154133	      3.51785949	     -2.10556220	      0.06139823	      5.83155032	     -5.77483520	     -9.15989512	     -8.55495162	     -0.40615510	     -8.28118282	     -7.06873017	     -5.31795654	    -10.58764947	     16.99393276	     90.00000001	      0.00000000	      0.00000000	      8.30040954	    -16.22809260	     -3.12831287	     36.69664688	     90.00000001	      0.00000000	      0.00000000
      0.09000000	     -5.00572029	     -2.33497285	      4.52728916	     -1.69185287	      0.96371118	     -0.11528918	     23.88223401	      1.81871124	     -4.28823987	     45.56972893	      0.86960236	      0.79534181	      4.41331442	    -18.38734755	     -9.11404374	      2.13325833	      1.28884183	     11.88771553	      2.45362938	     -2.31661182	      0.04282391	      6.40079007	     -5.23365887	     -9.11404374	     -8.96581767	     -0.09665557	     -8.63900055	     -7.26698333	     -5.16517904	    -11.14255667	     16.74901306	     90.00000001	      0.00000000	      0.00000000	      8.63897837	    -16.65671313	     -2.23143627	     38.03064400	     90.00000001	      0.00000000	      0.00000000
      0.10000000	     -5.22466417	     -1.93474305	      4.62438410	     -1.68155762	      0.96225394	     -0.11608446	     24.92413726	      1.40685268	     -4.31876798	     43.37906495	      0.44498685	      0.75710751	      4.50293550	    -18.24935596	     -9.09671736	      1.52667830	      1.87101806	     11.61161051	      2.31734205	     -2.55755582	      0.04044525	      6.81795789	     -5.09016714	     -9.09671736	     -8.68698274	     -0.38565206	     -8.89625465	     -7.77280124	     -5.01477812	    -11.22683836	     16.70283355	     90.00000001	      0.00000000	      0.00000000	      9.17234323	    -16.81067279	     -2.06664991	     38.63971152	     90.00000001	      0.00000000	      0.00000000
      0.11000000	     -4.59406419	     -2.06094092	      4.83946637	     -1.67088548	      0.96201861	     -0.11659265	     24.49197474	      1.73996392	     -3.97015452	     40.07921699	      0.34201548	      0.69951430	      4.11879478	    -18.37194350	     -9.02730572	     -0.27485979	      1.61198860	     11.81223984	      1.59472598	     -2.68168789	      0.02783322	      7.39229057	     -4.56057929	     -9.02730572	     -9.37396492	     -0.00939606	     -9.13372671	     -7.94788500	     -4.90435971	    -11.84544793	     16.53318525	     90.00000001	      0.00000000	      0.00000000	      9.67432037	    -17.25002249	     -1.08415247	     39.78837741	     90.00000001	      0.00000000	      0.00000000
      0.12000000	     -4.51914125	     -1.83169275	      4.97036505	     -1.66052451	      0.96066011	     -0.11713692	     24.80794629	      1.59944245	     -3.48854932	     37.05492764	      0.23854251	      0.64673049	      3.83915554	    -18.34428247	     -8.97004894	     -1.23869694	      1.87557529	     11.68197291	      1.35172284	     -2.80608505	      0.02359201	      8.02733826	     -4.17084779	     -8.97004894	     -9.45893165	     -0.08957659	     -9.39325541	     -8.26359298	     -4.77596771	    -12.02716960	     16.46244123	     90.00000001	      0.00000000	      0.00000000	     10.15887224	    -17.55724057	     -0.56952759	     40.60106341	     90.00000001	      0.00000000	      0.00000000
      0.13000000	     -4.87131840	     -1.30832441	      5.05698620	     -1.65021805	      0.95835109	     -0.11785462	     25.73246760	      1.05928070	     -3.31182186	     34.33189450	     -0.09621978	      0.59920460	      3.77908067	    -18.00728091	     -8.95126540	     -1.69288136	      2.60103706	     11.59844484	      1.25307857	     -3.05536249	      0.02187035	      8.58255414	     -3.92436803	     -8.95126540	     -9.05334449	     -0.52040957	     -9.68416254	     -8.69288373	     -4.65638218	    -12.03669313	     16.50440146	     90.00000001	      0.00000000	      0.00000000	     10.55410858	    -17.79331556	     -0.35301835	     41.15783421	     90.00000001	      0.00000000	      0.00000000
      0.14000000	     -4.70182618	     -1.19304664	      5.19740234	     -1.63993715	      0.95685181	     -0.11833555	     25.53599417	      0.98307958	     -2.15225478	     30.50016441	      0.29154484	      0.53232829	      3.14745078	    -18.12389346	     -8.91114562	     -2.71204796	      2.65683407	     11.69068549	      1.06174179	     -3.03193386	      0.01853089	      9.34424525	     -3.56930319	     -8.91114562	     -9.29002188	     -0.44870391	     -9.89599537	     -8.88420234	     -4.59122102	    -12.03180808	     16.45323259	     90.00000001	      0.00000000	      0.00000000	     11.00884875	    -18.14887130	      0.40694267	     42.06233663	     90.00000001	      0.00000000	      0.00000000
      0.15000000	     -4.58059782	     -0.93159688	      5.19580989	     -1.62940129	      0.95500619	     -0.11864996	     25.42325997	      0.92074477	     -1.29210419	     26.76129892	      0.06047483	      0.46707278	      2.40180411	    -18.08548737	     -8.84908154	     -3.65165031	      2.93420712	     11.39643359	      0.99410594	     -3.08222302	      0.01735042	     10.07016839	     -3.06609653	     -8.84908154	     -9.45442879	     -0.55581621	     -9.97484143	     -9.14495109	     -4.52327734	    -12.00242398	     16.51192758	     90.00000001	      0.00000000	      0.00000000	     11.47021111	    -18.39329982	      0.87488776	     42.70442529	     90.00000001	      0.00000000	      0.00000000
      0.16000000	     -5.00959826	     -0.31590340	      5.25761210	     -1.61905674	      0.95202904	     -0.11917031	     26.18071091	      0.32172839	     -0.90512341	     23.63621152	     -0.34959650	      0.41252971	      2.27371132	    -17.27698654	     -8.82795945	     -3.95437753	      3.77444880	     11.49440555	      1.05303326	     -3.34022706	      0.01837890	     10.77239673	     -2.82810149	     -8.82795945	     -9.00156764	     -1.11085027	    -10.23571663	     -9.44640795	     -4.43373922	    -11.93811349	     16.58269932	     90.00000001	      0.00000000	      0.00000000	     11.76587191	    -18.68606146	      1.15127064	     43.22769526	     90.00000001	      0.00000000	      0.00000000
      0.17000000	     -4.80824124	     -0.11510952	      5.18964370	     -1.60857570	      0.95007309	     -0.11934251	     25.55971549	      0.28268504	      0.82917600	     19.19736654	     -0.30030271	      0.33505725	      1.16153665	    -17.60264888	     -8.77679533	     -4.96175708	      3.91277185	     11.64509494	      1.00442824	     -3.25156735	      0.01753058	     11.38245091	     -2.94653814	     -8.77679533	     -9.31588236	     -1.13285400	    -10.23248736	     -9.53297072	     -4.40219005	    -11.73030347	     16.54655915	     90.00000001	      0.00000000	      0.00000000	     12.16034866	    -18.94030827	      1.75271767	     43.96893364	     90.00000001	      0.00000000	      0.00000000
      0.18000000	     -5.00909093	      0.35456110	      5.13613207	     -1.59811396	      0.94722928	     -0.11963590	     25.66401753	     -0.09450310	      1.92879205	     15.46458525	     -0.66886233	      0.26990793	      0.41580248	    -17.17712370	     -8.72103459	     -5.50776631	      4.49939352	     11.97680811	      1.06903350	     -3.36329529	      0.01865815	     11.96616406	     -3.18218080	     -8.72103459	     -9.15851799	     -1.49681785	    -10.32162488	     -9.68886820	     -4.36405936	    -11.51157627	     16.57879409	     90.00000001	      0.00000000	      0.00000000	     12.44071127	    -19.16967929	      2.08451052	     44.51672292	     90.00000001	      0.00000000	      0.00000000
      0.19000000	     -5.30970330	      0.88868339	      5.07142568	     -1.58764017	      0.94409476	     -0.11993932	     25.92875457	     -0.55957301	      2.92297453	     12.00050313	     -1.13779742	      0.20944829	     -0.31754368	    -16.71831702	     -8.64801325	     -5.95084471	      5.17772557	     12.62958384	      1.16594299	     -3.49230769	      0.02034954	     12.42150194	     -3.85152931	     -8.64801325	     -8.89400930	     -1.93755833	    -10.41399216	     -9.81630545	     -4.33906326	    -11.25465056	     16.61725319	     90.00000001	      0.00000000	      0.00000000	     12.65143327	    -19.38704549	      2.39974113	     45.02395722	     90.00000001	      0.00000000	      0.00000000
      0.20000000	     -5.77910739	      1.51446563	      4.98911045	     -1.57701306	      0.94052507	     -0.12022561	     26.68762570	     -1.09712727	      3.11268933	      9.36111245	     -1.78613242	      0.16338223	     -0.37137451	    -15.10075447	     -8.62902383	     -6.14151627	      6.04453600	     13.09661988	      1.43764305	     -3.72970683	      0.02509160	     13.19842785	     -4.02954463	     -8.62902383	     -8.41115822	     -2.51357956	    -10.49369109	     -9.93672914	     -4.28995656	    -11.11669900	     16.59945736	     90.00000001	      0.00000000	      0.00000000	     12.77694297	    -19.59566617	      2.63921674	     45.48742761	     90.00000001	      0.00000000	      0.00000000
      0.21000000	     -5.88358654	      2.01724734	      4.91835030	     -1.56631867	      0.93752622	     -0.12041032	     26.86603591	     -1.49861114	      3.37051189	      6.63649095	     -2.34909739	      0.11582862	     -0.63352771	    -13.76944483	     -8.55546259	     -6.87604219	      6.62210192	     14.36738255	      1.49590019	     -3.81089854	      0.02610838	     13.06324363	     -5.95704942	     -8.55546259	     -8.38319741	     -2.91362615	    -10.53916315	     -9.94690149	     -4.27909206	    -10.72235332	     16.58726664	     90.00000001	      0.00000000	      0.00000000	     12.94296480	    -19.79824617	      2.96374163	     46.01877500	     90.00000001	      0.00000000	      0.00000000
      0.22000000	     -6.25396903	      2.55967063	      4.73496786	     -1.55552120	      0.93404610	     -0.12050067	     27.64820539	     -1.88892910	      3.20685413	      4.79107192	     -2.87395071	      0.08361998	     -0.65194307	    -12.11066547	     -8.53861699	     -7.13437156	      7.33735447	     14.86679528	      1.88196852	     -3.91096636	      0.03284655	     13.76280399	     -6.33332220	     -8.53861699	     -8.00878932	     -3.39002906	    -10.48378109	     -9.92588194	     -4.27851562	    -10.58368986	     16.49010517	     90.00000001	      0.00000000	      0.00000000	     13.00326953	    -19.91601360	      3.12846219	     46.41520203	     90.00000001	      0.00000000	      0.00000000
      0.23000000	     -6.24825550	      2.99972029	      4.75611872	     -1.54434355	      0.93119502	     -0.12068307	     28.38100260	     -2.22160354	      0.86216934	      3.99227357	     -3.35781764	      0.06967832	      0.91069203	     -7.44296237	     -8.45222577	     -8.03463125	      7.81487003	     16.35783406	      1.95506076	     -4.01503878	      0.03412225	     13.33289051	     -8.65176253	     -8.45222577	     -8.05733105	     -3.72349617	    -10.62828929	     -9.85354775	     -4.27505684	    -10.21320811	     16.44711300	     90.00000001	      0.00000000	      0.00000000	     13.02868002	    -20.07047447	      3.35001497	     46.84290228	     90.00000001	      0.00000000	      0.00000000
      0.24000000	     -6.34343836	      3.35367028	      4.64966186	     -1.53311931	      0.92831137	     -0.12061842	     29.16370585	     -2.41698999	     -0.91363960	      3.47894043	     -3.67655827	      0.06071896	      1.78840028	     -4.12616757	     -8.37900914	     -8.60560316	      8.19567229	     17.00259899	      2.34632286	     -3.96789356	      0.04095106	     13.68024823	     -9.45418766	     -8.37900914	     -7.97739386	     -3.97501804	    -10.62189479	     -9.68797806	     -4.28485875	    -10.10116348	     16.28813607	     90.00000001	      0.00000000	      0.00000000	     13.02827967	    -20.10443097	      3.40571149	     47.12283530	     90.00000001	      0.00000000	      0.00000000
      0.25000000	     -6.32037953	      3.54668033	      4.53371336	     -1.52168608	      0.92573690	     -0.12038827	     29.68913675	     -2.41905167	     -2.39078170	      3.18689119	     -3.92720973	      0.05562174	      2.23531756	     -1.81132522	     -8.32230312	     -9.29525635	      8.35149904	     17.44934727	      2.74177814	     -3.87241682	      0.04785306	     13.99203368	    -10.10434063	     -8.32230312	     -8.00290270	     -4.04502112	    -10.60787951	     -9.45049486	     -4.31848041	     -9.96661820	     16.11665533	     90.00000001	      0.00000000	      0.00000000	     12.96060520	    -20.10276484	      3.41755020	     47.32576636	     90.00000001	      0.00000000	      0.00000000
      0.26000000	     -6.34091043	      3.72724210	      4.27254576	     -1.51029575	      0.92328379	     -0.11984353	     30.10824034	     -2.33760629	     -2.74287462	      3.11157746	     -4.05508086	      0.05430727	      1.99309436	     -1.53198607	     -8.31475231	     -9.89531139	      8.50800949	     17.56235642	      3.16223365	     -3.76622252	      0.05519139	     14.45730564	    -10.26735678	     -8.31475231	     -7.98666027	     -4.12789981	    -10.41877420	     -9.17292983	     -4.34486919	     -9.85327466	     15.94530290	     90.00000001	      0.00000000	      0.00000000	     12.91773076	    -20.03198257	      3.40552571	     47.35673989	     90.00000001	      0.00000000	      0.00000000
      0.27000000	     -6.24784157	      3.75885415	      4.08766600	     -1.49875458	      0.92127418	     -0.11926871	     30.31974476	     -2.13951911	     -3.10699958	      3.38336994	     -4.15841433	      0.05905095	      1.61055822	     -1.29452681	     -8.30528014	    -10.52917235	      8.43871332	     17.62150350	      3.74345537	     -3.54482434	      0.06533562	     14.86949589	    -10.50778694	     -8.30528014	     -8.10122051	     -4.02072124	    -10.34642210	     -8.77041911	     -4.39198083	     -9.72300428	     15.68600580	     90.00000001	      0.00000000	      0.00000000	     12.77295949	    -19.93542720	      3.31405618	     47.32802014	     90.00000001	      0.00000000	      0.00000000
      0.28000000	     -6.02016053	      3.58725536	      3.99041951	     -1.48690842	      0.91981629	     -0.11863962	     30.28025890	     -1.76794685	     -3.50882366	      3.96461215	     -4.27020005	      0.06919554	      1.16058846	     -1.33876902	     -8.28344494	    -11.27275285	      8.06394815	     17.60759445	      4.35736961	     -3.22098579	      0.07605045	     15.04955808	    -10.73984085	     -8.28344494	     -8.34702397	     -3.66661151	    -10.36637317	     -8.29373230	     -4.46028339	     -9.70934440	     15.40608554	     90.00000001	      0.00000000	      0.00000000	     12.55623180	    -19.73416803	      3.00644324	     47.19377958	     90.00000001	      0.00000000	      0.00000000
      0.29000000	     -5.84344548	      3.46265523	      3.82427520	     -1.47511189	      0.91862549	     -0.11790362	     30.32393209	     -1.45816269	     -3.40342669	      5.00447093	     -4.28321985	      0.08734450	      0.66393604	     -1.60381459	     -8.27435512	    -11.91932011	      7.78388000	     17.55267708	      5.05907929	     -2.93535252	      0.08829759	     15.17241916	    -10.74553955	     -8.27435512	     -8.57314197	     -3.36904717	    -10.29218383	     -7.82525811	     -4.52156714	     -9.61637433	     15.22092239	     90.00000001	      0.00000000	      0.00000000	     12.31488564	    -19.54673034	      2.86886604	     46.98829712	     90.00000001	      0.00000000	      0.00000000
      0.30000000	     -5.54460832	      3.16818362	      3.63300375	     -1.46308123	      0.91804811	     -0.11702113	     30.24527174	     -0.99453113	     -3.30225460	      6.44733955	     -4.26755802	      0.11252730	      0.02608033	     -2.40778073	     -8.26402207	    -12.59693364	      7.24567452	     17.28131854	      5.89308393	     -2.50169166	      0.10285372	     15.15772717	    -10.83048644	     -8.26402207	     -8.90443353	     -2.86606143	    -10.21401863	     -7.22733621	     -4.62419851	     -9.54134708	     14.90314884	     90.00000001	      0.00000000	      0.00000000	     12.01483108	    -19.25211867	      2.53533425	     46.62569237	     90.00000001	      0.00000000	      0.00000000
      0.31000000	     -5.23086265	      2.72725576	      3.45829634	     -1.45080278	      0.91799314	     -0.11614008	     30.10049885	     -0.44719018	     -2.98928488	      8.11027502	     -4.14610459	      0.14155100	     -0.70329781	     -3.99518621	     -8.24987782	    -13.19344160	      6.53866915	     16.78516411	      6.88345580	     -2.01771978	      0.12013897	     14.92050208	    -10.95019353	     -8.24987782	     -9.23265248	     -2.17894134	    -10.18898054	     -6.56534132	     -4.75444248	     -9.61261830	     14.58457468	     90.00000001	      0.00000000	      0.00000000	     11.62045430	    -18.84796327	      1.97104841	     46.04734671	     90.00000001	      0.00000000	      0.00000000
      0.32000000	     -4.90002477	      2.31488842	      3.25953459	     -1.43849798	      0.91847509	     -0.11515592	     29.88736181	     -0.00251451	     -2.37182741	      9.88985981	     -3.81691282	      0.17261062	     -1.28441080	     -5.65496859	     -8.23671205	    -13.69238958	      5.84081937	     16.34438050	      8.06911248	     -1.40372240	      0.14083258	     14.44567784	    -11.03837453	     -8.23671205	     -9.60580155	     -1.52486162	    -10.12909395	     -5.87518059	     -4.89259599	     -9.71380771	     14.34543155	     90.00000001	      0.00000000	      0.00000000	     11.17820807	    -18.42348972	      1.48881194	     45.38960186	     90.00000001	      0.00000000	      0.00000000
      0.33000000	     -4.93818788	      1.93624250	      2.88152603	     -1.42655052	      0.91909902	     -0.11395948	     29.52697753	      0.42293589	      0.83748445	     10.76329773	     -2.97688975	      0.18785498	     -3.70832089	    -11.53837677	     -8.17126184	    -13.52405145	      5.26857489	     15.65428368	      9.70382783	     -0.71236025	      0.16936375	     13.74106753	    -11.30253659	     -8.17126184	     -9.59172664	     -0.93582306	     -9.87745318	     -5.01417113	     -4.94118841	    -10.91133496	     13.90469366	     90.00000001	      0.00000000	      0.00000000	     10.71446587	    -17.88570865	      0.86194928	     44.53007491	     90.00000001	      0.00000000	      0.00000000
      0.34000000	     -4.53283845	      1.48314997	      2.70274418	     -1.41377954	      0.92062609	     -0.11298591	     29.10858362	      0.75588450	      0.99735225	     12.51389571	     -2.36897420	      0.21840868	     -3.70399252	    -12.59414307	     -8.15407299	    -13.86880192	      4.49439132	     15.08335343	     11.30330562	      0.07762770	      0.19727990	     12.62821679	    -11.61424777	     -8.15407299	     -9.99988863	     -0.23147159	     -9.81537893	     -4.37297915	     -5.10979180	    -10.92083490	     13.84562612	     90.00000001	      0.00000000	      0.00000000	     10.18010761	    -17.40577794	      0.36908069	     43.67094860	     90.00000001	      0.00000000	      0.00000000
      0.35000000	     -4.12900480	      1.16871230	      2.51764829	     -1.40095871	      0.92257322	     -0.11193909	     28.48324109	      0.88065342	      1.32317460	     13.90371203	     -1.57144843	      0.24266555	     -3.40879918	    -13.09214885	     -8.14655877	    -14.18344311	      3.82451669	     14.78758318	     12.85774184	      1.01836804	      0.22440993	     11.32089995	    -11.63052197	     -8.14655877	    -10.41073798	      0.28925072	     -9.72800600	     -3.77880866	     -5.23714391	    -10.92392704	     13.94785210	     90.00000001	      0.00000000	      0.00000000	      9.55688328	    -17.04774275	      0.19892144	     42.90538251	     90.00000001	      0.00000000	      0.00000000
      0.36000000	     -4.08534288	      0.90813287	      2.28032628	     -1.38832038	      0.92443191	     -0.11098087	     28.09853216	      1.04255110	      1.65069325	     14.95092731	     -0.99902251	      0.26094291	     -3.46459672	    -14.68487065	     -8.12014996	    -13.55229093	      3.37389107	     13.79922614	     15.51237655	      1.83007496	      0.27074205	      9.20460136	    -12.96232494	     -8.12014996	    -10.40361836	      0.75594421	     -9.63476488	     -3.08718356	     -5.35812824	    -11.50642293	     13.92630958	     90.00000001	      0.00000000	      0.00000000	      8.96835923	    -16.42334184	     -0.52908323	     41.62620365	     90.00000001	      0.00000000	      0.00000000
      0.37000000	     -3.71879445	      0.73800101	      2.04180207	     -1.37539990	      0.92699921	     -0.10990862	     27.11989963	      1.12784299	      1.54450549	     15.58319790	     -0.48953427	      0.27197811	     -2.79823216	    -14.96775552	     -8.10954061	    -13.37925345	      2.91449810	     13.01966941	     17.81393814	      2.72134107	      0.31091187	      6.98589834	    -13.30290742	     -8.10954061	    -10.74793525	      1.08992009	     -9.46203384	     -2.54399733	     -5.48846635	    -11.67569767	     14.20548839	     90.00000001	      0.00000000	      0.00000000	      8.33232123	    -16.04144754	     -0.58909343	     40.61908319	     90.00000001	      0.00000000	      0.00000000
      0.38000000	     -3.57022017	      0.57158795	      1.78990794	     -1.36281340	      0.92953007	     -0.10873312	     26.19307679	      1.31210076	      1.49319749	     15.77551562	     -0.16325002	      0.27533469	     -2.29445325	    -14.93007582	     -8.09975230	    -12.62251078	      2.49027331	     12.22676903	     20.67632187	      3.61353204	      0.36086989	      4.43980988	    -14.24819857	     -8.09975230	    -10.85982339	      1.38893921	     -9.22565287	     -2.03043660	     -5.59812633	    -12.01973670	     14.58462163	     90.00000001	      0.00000000	      0.00000000	      7.73468127	    -15.60241861	     -0.73418767	     39.47396326	     90.00000001	      0.00000000	      0.00000000
      0.39000000	     -3.53535705	      0.49675193	      1.54078056	     -1.35044119	      0.93201725	     -0.10750088	     25.29715751	      1.47876547	      1.26689124	     15.74823134	     -0.03898557	      0.27485849	     -1.60643122	    -14.49820812	     -8.08843397	    -11.49612579	      2.14573212	     11.39661944	     23.85951376	      4.49893123	      0.41642707	      1.85850571	    -15.13409157	     -8.08843397	    -10.84796099	      1.55719449	     -8.94306561	     -1.56979945	     -5.69930139	    -12.38978541	     15.02609629	     90.00000001	      0.00000000	      0.00000000	      7.15951185	    -15.20626931	     -0.79761800	     38.28267688	     90.00000001	      0.00000000	      0.00000000
      0.40000000	     -3.47170893	      0.45426312	      1.33328616	     -1.33804946	      0.93463742	     -0.10626686	     24.22782473	      1.64638979	      0.85573147	     15.46142219	     -0.03287691	      0.26985272	     -0.73822374	    -13.87230652	     -8.07940531	    -10.27888557	      1.85541262	     10.55997846	     27.12286599	      5.18197401	      0.47338331	     -0.73093615	    -15.76833184	     -8.07940531	    -10.84636539	      1.67293712	     -8.65492372	     -1.18670757	     -5.76782903	    -12.66429799	     15.57933299	     90.00000001	      0.00000000	      0.00000000	      6.56852373	    -14.82236607	     -0.69099703	     37.09530735	     90.00000001	      0.00000000	      0.00000000
      0.41000000	     -3.78015614	      0.42718323	      1.15824102	     -1.32609644	      0.93660121	     -0.10476745	     23.74880700	      1.90012551	      0.05106390	     15.45582823	     -0.31955336	      0.26975509	      0.33825266	    -12.39229881	     -8.05565258	     -8.28346650	      1.50497101	      9.60535861	     30.93137981	      5.86106787	      0.53985442	     -2.65887035	    -16.30521147	     -8.05565258	    -10.42148592	      1.70478995	     -8.35730962	     -0.86945419	     -5.79485862	    -12.97431730	     16.13902770	     90.00000001	      0.00000000	      0.00000000	      5.95697187	    -14.48511298	     -0.69938002	     35.86572212	     90.00000001	      0.00000000	      0.00000000
      0.42000000	     -3.69928780	      0.38981686	      1.01365015	     -1.31399337	      0.93923883	     -0.10347149	     22.52340997	      2.15791957	     -0.43350907	     14.85811583	     -0.56679346	      0.25932304	      1.21456363	    -11.29733541	     -8.04393648	     -6.81773386	      1.21537059	      8.71002821	     34.33596422	      6.16025470	      0.59927563	     -4.57594337	    -16.83221891	     -8.04393648	    -10.43425624	      1.76676203	     -8.01926564	     -0.58307568	     -5.88279997	    -13.06328632	     16.84797676	     90.00000001	      0.00000000	      0.00000000	      5.40224634	    -14.18708777	     -0.44621998	     34.71140231	     90.00000001	      0.00000000	      0.00000000
      0.43000000	     -3.78379557	      0.32630404	      0.90883861	     -1.30214296	      0.94151583	     -0.10197183	     21.55499775	      2.47631924	     -0.99483827	     14.38052839	     -0.88108757	      0.25098757	      2.10194336	    -10.04078222	     -8.03024394	     -5.00788291	      0.84773827	      7.79180892	     37.84617710	      6.34529422	      0.66054040	     -5.77667101	    -17.26790797	     -8.03024394	    -10.25913427	      1.80541826	     -7.67077696	     -0.35923768	     -5.94350358	    -13.01922651	     17.58033431	     90.00000001	      0.00000000	      0.00000000	      4.82781106	    -13.90967820	     -0.28695700	     33.58777315	     90.00000001	      0.00000000	      0.00000000
      0.44000000	     -3.38767627	      0.64018609	      0.76559297	     -1.29049014	      0.94450345	     -0.10055622	     20.07582143	      2.28686008	     -1.26677015	     13.98645504	     -0.93328040	      0.24410969	      2.93075841	     -9.44917556	     -8.02346200	     -3.94250109	      0.99681107	      7.19140552	     40.62046986	      6.38267088	      0.70896094	     -6.23256846	    -17.49042160	     -8.02346200	    -10.70100877	      1.38332362	     -7.31441600	      0.02605866	     -5.90410305	    -12.98118815	     18.27183026	     90.00000001	      0.00000000	      0.00000000	      4.30795516	    -13.79325846	     -0.14623221	     32.75209841	     90.00000001	      0.00000000	      0.00000000
      0.45000000	     -3.86952650	      0.33625481	      0.80585206	     -1.27890318	      0.94603090	     -0.09928819	     19.51757538	      2.81728743	     -1.77180922	     13.38956061	     -1.24221951	      0.23369192	      3.81563683	     -8.05684579	     -8.00098584	     -1.38271453	      0.33730605	      5.82984252	     44.28733080	      5.98661119	      0.77295974	     -6.40659228	    -17.86000149	     -8.00098584	    -10.01118802	      1.68592069	     -7.03808266	      0.08512211	     -6.09475947	    -12.60504786	     19.14714764	     90.00000001	      0.00000000	      0.00000000	      3.65449157	    -13.42243097	     -0.12878213	     31.52805054	     90.00000001	      0.00000000	      0.00000000
      0.46000000	     -3.72174777	      0.51659634	      0.80504779	     -1.26743381	      0.94860537	     -0.09815937	     18.16653990	      2.70922997	     -1.83583859	     12.66723963	     -1.23943204	      0.22108504	      4.55861134	     -7.44141078	     -7.99182235	      0.14767879	      0.37319726	      4.93345984	     46.90284645	      5.48657160	      0.81860910	     -6.36075439	    -18.19691009	     -7.99182235	    -10.12441264	      1.40426975	     -6.75623118	      0.39215169	     -6.12559421	    -12.49627567	     19.87023448	     90.00000001	      0.00000000	      0.00000000	      3.07818201	    -13.24363316	     -0.02268463	     30.65172531	     90.00000001	      0.00000000	      0.00000000
      0.47000000	     -3.89109201	      0.57748787	      0.66114830	     -1.25645168	      0.95061377	     -0.09660690	     17.24735969	      2.92085495	     -1.64784118	     11.99285715	     -1.49252007	      0.20931484	      4.98463640	     -6.87082545	     -7.97709114	      2.17567761	      0.13584399	      3.89201418	     49.52285770	      5.14103728	      0.86433692	     -5.89733852	    -18.34466769	     -7.97709114	     -9.90895077	      1.18746662	     -6.31570965	      0.65832590	     -6.20125798	    -12.11441889	     20.64993063	     90.00000001	      0.00000000	      0.00000000	      2.48894379	    -13.04133379	     -0.18640288	     29.74302709	     90.00000001	      0.00000000	      0.00000000
      0.48000000	     -4.02516977	      0.77725687	      0.54604359	     -1.24569356	      0.95267403	     -0.09526635	     16.26038063	      2.90538797	     -1.36370643	     11.25322666	     -1.62547289	      0.19640586	      5.35587531	     -6.61303273	     -7.96209729	      4.12117159	      0.12013321	      3.10184981	     51.70293265	      4.80876622	      0.90238641	     -5.32245559	    -18.48554700	     -7.96209729	     -9.75231382	      0.80849840	     -5.93691750	      0.99407749	     -6.25888511	    -11.70395449	     21.39787891	     90.00000001	      0.00000000	      0.00000000	      1.89294397	    -12.85400094	     -0.45803917	     28.92105813	     90.00000001	      0.00000000	      0.00000000
      0.49000000	     -4.00779034	      1.13465077	      0.49742424	     -1.23502095	      0.95496235	     -0.09427305	     15.09594786	      2.62705475	     -1.28257355	     10.50736738	     -1.69123602	      0.18338816	      5.83547234	     -6.26945582	     -7.95494097	      5.80721218	      0.39936770	      2.64181120	     53.34075470	      4.52194371	      0.93097180	     -4.71817567	    -18.63979403	     -7.95494097	     -9.79092899	      0.26209187	     -5.65892048	      1.45502350	     -6.29439083	    -11.52637522	     22.06746062	     90.00000001	      0.00000000	      0.00000000	      1.25298882	    -12.75820323	     -0.57220997	     28.28218003	     90.00000001	      0.00000000	      0.00000000
      0.50000000	     -4.30757548	      1.40345411	      0.34312201	     -1.22454415	      0.95668846	     -0.09287919	     14.20195196	      2.58267781	     -0.97815476	      9.50292574	     -1.92011320	      0.16585734	      6.11027677	     -5.82171658	     -7.94504076	      7.89025460	      0.46218949	      2.26140840	     54.79564302	      4.52945053	      0.95636439	     -4.17668386	    -18.63319571	     -7.94504076	     -9.44943305	     -0.25623558	     -5.24036916	      1.80854582	     -6.32017226	    -11.10820937	     22.78425982	     90.00000001	      0.00000000	      0.00000000	      0.61506494	    -12.60097873	     -0.99913231	     27.57033457	     90.00000001	      0.00000000	      0.00000000
      0.51000000	     -4.71350202	      1.63127791	      0.17687743	     -1.21448341	      0.95815476	     -0.09153083	     13.48814007	      2.66173572	     -0.49000332	      8.60781592	     -2.31917253	      0.15023473	      6.04379134	     -5.99517461	     -7.92489448	     10.10480691	      0.48090190	      2.32098663	     55.95785191	      4.89063874	      0.97664876	     -3.52740124	    -18.62426461	     -7.92489448	     -9.02851964	     -0.73191578	     -4.86267708	      2.19932375	     -6.44198022	    -10.31502506	     23.55441750	     90.00000001	      0.00000000	      0.00000000	      0.05249277	    -12.34364959	     -2.10007867	     26.74291888	     90.00000001	      0.00000000	      0.00000000
      0.52000000	     -4.92885026	      2.06198651	      0.06691568	     -1.20416443	      0.95980054	     -0.09046529	     12.52894985	      2.39135976	     -0.39926208	      7.65377865	     -2.57610870	      0.13358364	      6.35308320	     -5.49468249	     -7.91737243	     11.94612432	      0.87712351	      2.45697475	     56.48304411	      5.11741333	      0.98581509	     -3.05343925	    -18.58972337	     -7.91737243	     -8.79595173	     -1.43008343	     -4.52255467	      2.66053496	     -6.45858318	    -10.14107294	     24.19201124	     90.00000001	      0.00000000	      0.00000000	     -0.66456487	    -12.30041842	     -2.39080861	     26.28476310	     90.00000001	      0.00000000	      0.00000000
      0.53000000	     -5.23861354	      2.39054675	     -0.02031944	     -1.19388991	      0.96110550	     -0.08936092	     11.63219499	      2.28340614	     -0.25457175	      6.60564917	     -2.93532261	      0.11529033	      6.55562671	     -4.92724577	     -7.90851331	     13.86605618	      1.12647659	      2.93911419	     56.71089641	      5.67363979	      0.98979186	     -2.64351104	    -18.56162544	     -7.90851331	     -8.44224658	     -2.02836137	     -4.20294682	      3.08630698	     -6.52991856	     -9.79020082	     24.85360826	     90.00000001	      0.00000000	      0.00000000	     -1.37643499	    -12.20568711	     -3.03985944	     25.78202786	     90.00000001	      0.00000000	      0.00000000
      0.54000000	     -5.53588481	      2.66693224	     -0.06663946	     -1.18347270	      0.96218324	     -0.08832101	     10.73813491	      2.25194248	     -0.21574429	      5.60878066	     -3.36605160	      0.09789169	      6.74957042	     -4.42404343	     -7.89921429	     15.68497743	      1.36073171	      3.57215973	     56.53998761	      6.27197079	      0.98680894	     -2.19172653	    -18.50425307	     -7.89921429	     -8.07492861	     -2.56172217	     -3.93138909	      3.49004431	     -6.63347166	     -9.40412594	     25.51654609	     90.00000001	      0.00000000	      0.00000000	     -2.10244635	    -12.09088133	     -3.86651990	     25.29612009	     90.00000001	      0.00000000	      0.00000000
      0.55000000	     -5.81242164	      2.93639861	     -0.13213395	     -1.17299973	      0.96304333	     -0.08725623	      9.89354616	      2.26525401	     -0.26307400	      4.76401251	     -3.87466295	      0.08314770	      7.03778078	     -3.92957600	     -7.89326488	     17.38795601	      1.64722557	      4.11262244	     55.96353794	      6.68251230	      0.97674800	     -1.77450156	    -18.45510803	     -7.89326488	     -7.71940124	     -3.09820143	     -3.61902079	      3.88295267	     -6.73143894	     -9.17914340	     26.15496483	     90.00000001	      0.00000000	      0.00000000	     -2.90144515	    -12.04538149	     -4.43802798	     24.94375210	     90.00000001	      0.00000000	      0.00000000
      0.56000000	     -6.05753791	      3.13224841	     -0.24264709	     -1.16229616	      0.96360901	     -0.08607285	      9.06448995	      2.34860766	     -0.45279415	      4.02761545	     -4.31059602	      0.07029515	      7.33499935	     -3.51157175	     -7.88828148	     18.96482548	      1.78189028	      4.57356349	     55.08696737	      7.12669651	      0.96144896	     -1.44776065	    -18.40952668	     -7.88828148	     -7.34156996	     -3.56050555	     -3.21363002	      4.21867375	     -6.84313055	     -8.96846577	     26.73225252	     90.00000001	      0.00000000	      0.00000000	     -3.72823100	    -12.01450560	     -4.99807913	     24.65467280	     90.00000001	      0.00000000	      0.00000000
      0.57000000	     -6.15189864	      3.24595118	     -0.20670229	     -1.15196250	      0.96419155	     -0.08534285	      7.90959591	      2.41060557	     -0.31224169	      2.96604342	     -4.61439661	      0.05176722	      7.47065005	     -2.91391596	     -7.86792874	     20.30995090	      1.91952038	      5.69928395	     53.85046694	      7.90686617	      0.93986795	     -1.22498048	    -18.53796719	     -7.86792874	     -7.25344259	     -3.87259460	     -3.10148929	      4.63163618	     -7.11330574	     -8.20004323	     27.54928827	     90.00000001	      0.00000000	      0.00000000	     -4.20974241	    -11.63906450	     -7.35015552	     23.91428389	     90.00000001	      0.00000000	      0.00000000
      0.58000000	     -6.38854714	      3.39028116	     -0.38228020	     -1.14164938	      0.96417895	     -0.08429446	      7.15769032	      2.50028840	     -0.21711362	      2.34591889	     -4.95843317	      0.04094401	      7.88365114	     -2.39784374	     -7.85962477	     21.72823219	      2.04144414	      6.19037982	     52.35338697	      8.24034310	      0.91373898	     -1.01529524	    -18.58435096	     -7.85962477	     -6.95101978	     -4.23954753	     -2.65503943	      5.01365034	     -7.30910154	     -8.04483174	     28.20573826	     90.00000001	      0.00000000	      0.00000000	     -4.99486123	    -11.57604316	     -7.97942660	     23.74421568	     90.00000001	      0.00000000	      0.00000000
      0.59000000	     -6.59210364	      3.29279946	     -0.55120835	     -1.13130838	      0.96385303	     -0.08321977	      6.56812954	      2.88242572	     -0.57844948	      2.12782472	     -5.31214455	      0.03713755	      8.23255822	     -2.26737411	     -7.85626990	     23.10876743	      1.88224198	      6.14604536	     50.82911264	      8.06556782	      0.88713537	     -0.84041542	    -18.54472946	     -7.85626990	     -6.68454460	     -4.31389840	     -2.19554104	      5.47044847	     -7.56921075	     -7.99642526	     28.72468747	     90.00000001	      0.00000000	      0.00000000	     -5.79575640	    -11.52339818	     -8.21043911	     23.60854604	     90.00000001	      0.00000000	      0.00000000
      0.60000000	     -6.45840800	      3.57049410	     -0.76829261	     -1.12079259	      0.96385421	     -0.08226089	      5.36081085	      2.75184152	     -0.39859228	      1.44952450	     -5.56258839	      0.02529898	      8.89888194	     -1.21393835	     -7.83869128	     23.74477497	      2.20888549	      6.83120262	     48.46975723	      8.35110817	      0.84595685	     -0.78451409	    -18.75912003	     -7.83869128	     -6.83704486	     -4.82243998	     -1.82175080	      5.81067920	     -7.84347284	     -7.33048860	     29.62346963	     90.00000001	      0.00000000	      0.00000000	     -6.26174162	    -11.25370910	    -10.39222898	     23.10747585	     90.00000001	      0.00000000	      0.00000000
      0.61000000	     -6.68308090	      3.29494809	     -0.90206749	     -1.11039604	      0.96283973	     -0.08126795	      4.81666415	      3.27426282	     -0.71058292	      1.28607172	     -5.80834027	      0.02244619	      9.30098107	     -1.09303568	     -7.83564185	     25.02747603	      1.88028375	      6.68656569	     46.64569126	      7.92918324	      0.81412089	     -0.67409422	    -18.76180889	     -7.83564185	     -6.53741451	     -4.67519454	     -1.38303393	      6.23340569	     -8.15227016	     -7.31995705	     30.12227943	     90.00000001	      0.00000000	      0.00000000	     -7.06137143	    -11.18290659	    -10.58003670	     23.01702813	     90.00000001	      0.00000000	      0.00000000
      0.62000000	     -6.39787252	      3.52850855	     -1.16495679	     -1.09973302	      0.96252167	     -0.08026646	      3.64441787	      3.15127511	     -0.90265676	      0.99989729	     -5.98212691	      0.01745150	     10.31305707	      0.21826929	     -7.81985020	     25.21843655	      2.15947328	      7.08446690	     43.71663059	      7.82228978	      0.76299914	     -0.77601355	    -18.91375009	     -7.81985020	     -6.86546981	     -5.13791360	     -0.93782782	      6.57147504	     -8.45690514	     -6.72777151	     30.98978974	     90.00000001	      0.00000000	      0.00000000	     -7.50722279	    -10.98675152	    -12.33547861	     22.67439345	     90.00000001	      0.00000000	      0.00000000
      0.63000000	     -6.56803165	      3.28727660	     -1.31876802	     -1.08924979	      0.96109509	     -0.07917146	      3.04181029	      3.63921258	     -0.97249289	      0.87959340	     -6.26722835	      0.01535180	     10.97643282	      0.71334138	     -7.81408270	     26.11872846	      1.85810118	      7.22127827	     41.21123673	      7.49438914	      0.71927177	     -0.76052119	    -18.94730487	     -7.81408270	     -6.64785066	     -5.04884183	     -0.48922561	      6.91716640	     -8.76165502	     -6.60444064	     31.62470999	     90.00000001	      0.00000000	      0.00000000	     -8.23960218	    -10.90390185	    -12.77071835	     22.64035214	     90.00000001	      0.00000000	      0.00000000
      0.64000000	     -6.65687981	      2.95369271	     -1.37525211	     -1.07850901	      0.95954659	     -0.07830104	      2.34489114	      4.19303715	     -1.21783865	      0.79037838	     -6.51196790	      0.01379471	     11.63819107	      1.10236257	     -7.80937608	     26.83700538	      1.58540122	      7.29339069	     38.58226147	      6.86817785	      0.67338750	     -0.80920245	    -18.93334057	     -7.80937608	     -6.50935654	     -4.83982678	     -0.09755461	      7.23576916	     -9.13603437	     -6.42155010	     32.18640657	     90.00000001	      0.00000000	      0.00000000	     -8.90636687	    -10.81464289	    -13.21447236	     22.55980383	     90.00000001	      0.00000000	      0.00000000
      0.65000000	     -6.03663636	      2.93274153	     -1.28785119	     -1.06687240	      0.95891603	     -0.07798546	      0.90517129	      4.08613047	     -2.90204277	      0.74330749	     -6.23347988	      0.01297316	     13.18176602	      3.90456004	     -7.78389837	     26.33380385	      1.83788778	      7.49507721	     35.15618632	      6.10213966	      0.61359120	     -1.13548703	    -19.01039538	     -7.78389837	     -7.15895313	     -4.96200125	     -0.05803930	      7.58408778	     -9.47493800	     -5.86165594	     32.84265085	     90.00000001	      0.00000000	      0.00000000	     -9.24047312	    -10.53308109	    -15.12675156	     21.96399093	     90.00000001	      0.00000000	      0.00000000
      0.66000000	     -6.13609189	      2.52986735	     -1.25770173	     -1.05602688	      0.95697050	     -0.07725721	      0.22308148	      4.64741982	     -3.02857668	      0.70211554	     -6.34541756	      0.01225423	     13.86730207	      4.15921342	     -7.77738662	     26.82679926	      1.51524382	      7.85584491	     32.05571101	      5.53308380	      0.55947770	     -1.30368387	    -19.00503772	     -7.77738662	     -7.01948270	     -4.67177154	      0.21541141	      7.86238942	     -9.83546817	     -5.60584448	     33.38276801	     90.00000001	      0.00000000	      0.00000000	     -9.88725406	    -10.44740979	    -15.39410074	     21.87685294	     90.00000001	      0.00000000	      0.00000000
      0.67000000	     -5.87420321	      2.25848439	     -1.11294058	     -1.04472495	      0.95538086	     -0.07692299	     -0.87692459	      4.95124606	     -3.60159665	      0.66091535	     -6.28827720	      0.01153515	     14.64252374	      4.74389570	     -7.76655111	     26.68828431	      1.53154597	      8.24167455	     28.59169960	      4.63253336	      0.49901930	     -1.73838240	    -19.01521293	     -7.76655111	     -7.28612577	     -4.51048614	      0.29861804	      8.18186994	    -10.19491625	     -5.21256432	     33.88584026	     90.00000001	      0.00000000	      0.00000000	    -10.38643822	    -10.30795936	    -16.12281728	     21.59835075	     90.00000001	      0.00000000	      0.00000000
      0.68000000	     -5.87621873	      1.85213961	     -1.01974722	     -1.03357968	      0.95322910	     -0.07644832	     -1.66135385	      5.45651266	     -3.84662726	      0.65121927	     -6.30107192	      0.01136592	     15.43913420	      5.26056801	     -7.75723906	     26.84360946	      1.29779227	      8.74951736	     25.14644359	      3.87651997	      0.43888824	     -2.09929631	    -18.99803442	     -7.75723906	     -7.24414485	     -4.20370720	      0.49429999	      8.42574829	    -10.56231347	     -4.89240828	     34.32844439	     90.00000001	      0.00000000	      0.00000000	    -10.89617036	    -10.16505466	    -16.70231951	     21.34206341	     90.00000001	      0.00000000	      0.00000000
      0.69000000	     -6.15873495	      1.23080920	     -1.04339612	     -1.02260918	      0.95042907	     -0.07579391	     -2.09462557	      6.34204741	     -3.78280107	      0.68468478	     -6.59079894	      0.01195000	     16.13427981	      5.45601236	     -7.75315168	     27.48215050	      0.78973785	      8.84870327	     22.14260291	      2.95710591	      0.38646133	     -2.15537335	    -18.74066125	     -7.75315168	     -6.87723948	     -3.66133373	      0.89195205	      8.60742882	    -10.96950069	     -4.69658933	     34.67265548	     90.00000001	      0.00000000	      0.00000000	    -11.47619838	    -10.00944080	    -16.93289955	     21.29139153	     90.00000001	      0.00000000	      0.00000000
      0.70000000	     -6.27578433	      0.83987699	     -0.98727795	     -1.01159372	      0.94788965	     -0.07531550	     -2.76539374	      6.82333555	     -3.45569562	      0.69944196	     -6.58157151	      0.01220757	     16.87935576	      5.57946476	     -7.74827393	     27.54136088	      0.45994680	      9.72491307	     18.34366623	      2.39826393	      0.32015737	     -2.68095926	    -18.70206073	     -7.74827393	     -6.73482851	     -3.38295842	      1.04067402	      8.84061865	    -11.29947827	     -4.30782573	     35.09987980	     90.00000001	      0.00000000	      0.00000000	    -11.96598555	     -9.88512605	    -17.36662923	     20.97616679	     90.00000001	      0.00000000	      0.00000000
      0.71000000	     -6.13802627	      0.49115559	     -0.79153694	     -1.00029895	      0.94557537	     -0.07535232	     -3.73060192	      7.17268660	     -3.54363887	      0.70252134	     -6.43770484	      0.01226131	     17.38490477	      5.32663302	     -7.73964588	     27.29924393	      0.43887880	     10.45406382	     14.74244800	      1.32606866	      0.25730426	     -3.63588010	    -18.68592744	     -7.73964588	     -6.88613946	     -3.12451146	      1.07379598	      9.07961054	    -11.65742214	     -3.96009092	     35.42433555	     90.00000001	      0.00000000	      0.00000000	    -12.27074832	     -9.69303191	    -18.21694639	     20.57981393	     90.00000001	      0.00000000	      0.00000000
      0.72000000	     -6.36679224	     -0.02941549	     -0.75130870	     -0.98925316	      0.94258271	     -0.07498372	     -4.25843424	      7.83252640	     -3.17042112	      0.75135968	     -6.50637637	      0.01311370	     17.98672099	      5.17200511	     -7.73197210	     27.66456419	      0.03710461	     10.82683372	     11.66510860	      0.47917147	      0.20359455	     -4.07247906	    -18.38193124	     -7.73197210	     -6.62254056	     -2.69827350	      1.29443228	      9.22438211	    -12.00832420	     -3.68889816	     35.73278018	     90.00000001	      0.00000000	      0.00000000	    -12.66632822	     -9.52554117	    -18.75701622	     20.28195560	     90.00000001	      0.00000000	      0.00000000
      0.73000000	     -6.58103481	     -0.53738453	     -0.68324275	     -0.97811299	      0.93954952	     -0.07469122	     -4.81237451	      8.48524811	     -2.74090650	      0.80952007	     -6.60603486	      0.01412879	     18.43941124	      4.65276339	     -7.72280839	     28.09409282	     -0.30629495	     10.89359969	      8.96579308	     -0.40258659	      0.15648261	     -4.51399333	    -17.84102435	     -7.72280839	     -6.37557952	     -2.28836300	      1.48762017	      9.32322594	    -12.33583670	     -3.44952942	     35.99006615	     90.00000001	      0.00000000	      0.00000000	    -12.98684594	     -9.35925991	    -19.36609233	     19.97389264	     90.00000001	      0.00000000	      0.00000000
      0.74000000	     -6.96315317	     -1.06912542	     -0.64796645	     -0.96692988	      0.93619961	     -0.07427502	     -5.13687933	      9.20179402	     -2.46700892	      0.93109055	     -6.77937223	      0.01625060	     19.07201479	      4.53901931	     -7.71958199	     28.96746504	     -0.72050220	     10.31468363	      6.99796298	     -1.07687847	      0.12213749	     -4.47630267	    -16.66100774	     -7.71958199	     -5.92377939	     -1.87070923	      1.72307622	      9.34703543	    -12.61100990	     -3.33955087	     36.17588003	     90.00000001	      0.00000000	      0.00000000	    -13.43068505	     -9.26728748	    -19.52546704	     19.85921862	     90.00000001	      0.00000000	      0.00000000
      0.75000000	     -7.23428143	     -1.54583254	     -0.59491110	     -0.95570031	      0.93305489	     -0.07399771	     -5.61577893	      9.79385253	     -2.06225200	      1.03993764	     -6.83984921	      0.01815034	     19.59131295	      4.31250839	     -7.71642896	     29.70671261	     -1.05519284	      9.61905820	      5.27962325	     -1.61408833	      0.09214681	     -4.41692142	    -15.21403297	     -7.71642896	     -5.62422131	     -1.51019370	      1.90889387	      9.34845394	    -12.87259444	     -3.23086990	     36.38529550	     90.00000001	      0.00000000	      0.00000000	    -13.76652566	     -9.17462222	    -19.72992817	     19.64298794	     90.00000001	      0.00000000	      0.00000000
      0.76000000	     -7.21581539	     -1.91409008	     -0.81794186	     -0.94412399	      0.93038877	     -0.07357105	     -6.59494621	     10.18743901	     -0.77889847	      1.00504659	     -6.83119522	      0.01754137	     19.54262550	      2.82693170	     -7.69976304	     30.53802772	     -1.42572718	      6.57489418	      4.72220038	     -1.88704188	      0.08241794	     -2.16116327	     -9.98526625	     -7.69976304	     -5.65090340	     -1.26334255	      2.33911995	      9.34023198	    -13.16291273	     -3.06604959	     36.62643963	     90.00000001	      0.00000000	      0.00000000	    -13.78431885	     -8.97390194	    -20.89195703	     19.05860508	     90.00000001	      0.00000000	      0.00000000
      0.77000000	     -7.29052846	     -2.19551737	     -0.96463767	     -0.93237135	      0.92764426	     -0.07317163	     -7.35515576	     10.48410369	     -0.26700929	      1.10327919	     -6.83807686	      0.01925585	     19.92174787	      2.61690160	     -7.68309164	     31.47151235	     -1.71964002	      3.72469292	      4.53864248	     -1.92830022	      0.07921425	     -0.34613476	     -5.27035739	     -7.68309164	     -5.55135989	     -1.13754834	      2.70864232	      9.25230612	    -13.32927524	     -3.14059089	     36.73828639	     90.00000001	      0.00000000	      0.00000000	    -14.01792174	     -8.93018258	    -21.05746572	     18.82723873	     90.00000001	      0.00000000	      0.00000000
      0.78000000	     -7.41029667	     -2.45950615	     -0.81666357	     -0.92088691	      0.92496463	     -0.07320954	     -7.95915555	     10.73969515	     -0.33526109	      1.28833754	     -6.76525562	      0.02248573	     20.10502800	      2.61176551	     -7.68222876	     32.15168404	     -1.73878200	      3.18869332	      4.22215782	     -2.02551765	      0.07369056	     -0.37400678	     -5.13602806	     -7.68222876	     -5.46453882	     -1.02906823	      2.75689965	      9.19213521	    -13.45466663	     -3.17964632	     36.74948736	     90.00000001	      0.00000000	      0.00000000	    -14.23955117	     -8.93622032	    -21.05892562	     18.75007469	     90.00000001	      0.00000000	      0.00000000
      0.79000000	     -7.22655189	     -2.42890420	     -1.27978894	     -0.90870003	      0.92295051	     -0.07267663	     -9.08967081	     10.56727560	      0.57655487	      1.33699709	     -6.71363930	      0.02333500	     20.59533247	      2.44981279	     -7.66808866	     32.59119738	     -1.94573699	      0.03600052	      4.64945960	     -1.81736010	      0.08114838	      1.28876038	      0.02371455	     -7.66808866	     -5.65510009	     -1.25484647	      3.42845701	      9.03995435	    -13.52075061	     -3.45119439	     36.79306654	     90.00000001	      0.00000000	      0.00000000	    -14.17704329	     -8.89717448	    -21.63840201	     18.22680889	     90.00000001	      0.00000000	      0.00000000
      0.80000000	     -7.30205136	     -2.51964130	     -1.33239104	     -0.89680922	      0.92066559	     -0.07259903	     -9.72919017	     10.57703383	      0.61153455	      1.62632195	     -6.65678388	      0.02838467	     20.71070453	      2.50546384	     -7.66721847	     32.97930998	     -1.90956765	      0.02700214	      4.84576736	     -1.77499906	      0.08457460	      1.15980077	      0.07843784	     -7.66721847	     -5.59059633	     -1.33988758	      3.63723940	      8.85913636	    -13.57021357	     -3.47269890	     36.71709783	     90.00000001	      0.00000000	      0.00000000	    -14.34383522	     -8.92517925	    -21.63406502	     18.16259641	     90.00000001	      0.00000000	      0.00000000
      0.81000000	     -7.22806583	     -2.43287786	     -1.42689541	     -0.88489350	      0.91881666	     -0.07264496	    -10.63857075	     10.32003759	      1.02776783	      1.73127964	     -6.52571119	      0.03021653	     21.13784540	      2.67195591	     -7.66546102	     33.22448700	     -1.70348442	      0.04765866	      5.56629444	     -1.69852129	      0.09715017	      0.65632084	     -0.06598560	     -7.66546102	     -5.72394002	     -1.61971933	      3.90141193	      8.71205673	    -13.53501644	     -3.68917924	     36.58671186	     90.00000001	      0.00000000	      0.00000000	    -14.23720699	     -8.98972189	    -21.57297835	     17.80426192	     90.00000001	      0.00000000	      0.00000000
      0.82000000	     -7.10183823	     -2.23506986	     -1.52047556	     -0.87262676	      0.91726057	     -0.07278503	    -11.58141740	      9.89197547	      1.28126670	      1.88841537	     -6.33014130	      0.03295907	     21.23039718	      2.75080213	     -7.66323040	     33.32684213	     -1.35272648	      0.34104040	      6.53483182	     -1.67936492	      0.11405433	      0.07842875	     -0.61779869	     -7.66323040	     -5.89342493	     -2.03053613	      4.15642907	      8.51298270	    -13.44352971	     -4.04207501	     36.36090437	     90.00000001	      0.00000000	      0.00000000	    -14.14547279	     -9.10152829	    -21.62191660	     17.44999939	     90.00000001	      0.00000000	      0.00000000
      0.83000000	     -7.08942427	     -1.98430583	     -1.48759284	     -0.86051741	      0.91592437	     -0.07311673	    -12.38829736	      9.43931205	      1.76817196	      2.06188523	     -6.15547977	      0.03598669	     20.90500777	      2.09371926	     -7.65117440	     33.17838817	     -0.82631897	      2.61638308	      7.10708019	     -1.62948703	      0.12404195	     -2.05041573	     -4.19705993	     -7.65117440	     -5.96910883	     -2.50664937	      4.26801452	      8.34534572	    -13.17519959	     -4.71635061	     35.92312855	     90.00000001	      0.00000000	      0.00000000	    -13.76151101	     -9.13937964	    -22.56821643	     16.85348200	     90.00000001	      0.00000000	      0.00000000
      0.84000000	     -6.99010738	     -1.64809633	     -1.39365498	     -0.84794822	      0.91483855	     -0.07372620	    -13.17989956	      8.85363788	      1.68913229	      2.41846822	     -5.90501710	      0.04221023	     20.74647142	      2.02313787	     -7.64855508	     33.37586838	     -0.24779753	      3.46770031	      8.78564091	     -1.47234719	      0.15333836	     -2.86910132	     -4.86072988	     -7.64855508	     -6.09917138	     -3.05708483	      4.28088244	      8.05465247	    -13.00674784	     -4.87640600	     35.57887471	     90.00000001	      0.00000000	      0.00000000	    -13.60728058	     -9.27202764	    -22.50367133	     16.57252945	     90.00000001	      0.00000000	      0.00000000
      0.85000000	     -6.88139193	     -1.22681407	     -1.23824802	     -0.83514601	      0.91409431	     -0.07442770	    -13.94293568	      8.17781357	      1.54684515	      2.85188798	     -5.63136752	      0.04977484	     20.35192289	      1.77875655	     -7.64564972	     33.50554466	      0.42105426	      4.67633605	     10.56768353	     -1.22454387	      0.18444087	     -3.98322768	     -6.16902886	     -7.64564972	     -6.22421821	     -3.70922461	      4.23757976	      7.75258432	    -12.71205633	     -5.26413899	     35.07735906	     90.00000001	      0.00000000	      0.00000000	    -13.39369537	     -9.43261606	    -22.55426443	     16.29089644	     90.00000001	      0.00000000	      0.00000000
      0.86000000	     -7.01366605	     -0.84753602	     -0.91711497	     -0.82269778	      0.91358373	     -0.07536195	    -14.35991454	      7.60510447	      1.88883202	      3.44102523	     -5.33263428	      0.06005722	     19.44737227	      0.58262393	     -7.63582403	     33.48758692	      1.10295006	      8.00491075	     11.62580785	     -0.66554422	      0.20290863	     -6.85778397	    -11.05723699	     -7.63582403	     -6.14205923	     -4.30402449	      3.99872334	      7.50879008	    -12.27103312	     -6.03229136	     34.37101893	     90.00000001	      0.00000000	      0.00000000	    -12.98749683	     -9.54682043	    -23.30946219	     15.82276172	     90.00000001	      0.00000000	      0.00000000
      0.87000000	     -6.78972177	     -0.36140649	     -0.74334989	     -0.80937847	      0.91371757	     -0.07631404	    -15.04181698	      6.80713995	      1.56124939	      4.27390836	     -4.89888730	      0.07459377	     18.70957729	      0.19579045	     -7.63324211	     33.46106360	      1.73801869	      8.97403923	     13.60428708	     -0.12441432	      0.23743960	     -7.33553364	    -11.81763622	     -7.63324211	     -6.37235788	     -5.00624295	      3.87927611	      7.10408646	    -11.98064921	     -6.11106834	     33.84947838	     90.00000001	      0.00000000	      0.00000000	    -12.74229531	     -9.70926149	    -23.26739546	     15.57591017	     90.00000001	      0.00000000	      0.00000000
      0.88000000	     -6.56158810	      0.09114605	     -0.53277739	     -0.79591577	      0.91426195	     -0.07741493	    -15.58492100	      6.01391589	      1.20648003	      5.36285165	     -4.36096836	      0.09359942	     17.64748102	     -0.34427217	     -7.63104930	     33.33853109	      2.29334263	     10.00285649	     15.45761331	      0.57243147	      0.26978625	     -7.65619957	    -12.90590762	     -7.63104930	     -6.61236564	     -5.65365120	      3.73066916	      6.67638324	    -11.63752678	     -6.37774803	     33.17259784	     90.00000001	      0.00000000	      0.00000000	    -12.46021778	     -9.83946417	    -23.27516170	     15.37216265	     90.00000001	      0.00000000	      0.00000000
      0.89000000	     -6.60433340	      0.45840854	     -0.24759420	     -0.78264187	      0.91498691	     -0.07839040	    -15.66450268	      5.42325016	      1.23381715	      6.76587725	     -3.92638476	      0.11808683	     16.11526300	     -1.89042154	     -7.62493716	     33.19858367	      2.73652466	     12.00238252	     16.66298985	      1.45707189	      0.29082404	     -8.97966763	    -15.71326503	     -7.62493716	     -6.54288347	     -6.21815119	      3.50658713	      6.28712990	    -11.11917428	     -7.07382422	     32.31730850	     90.00000001	      0.00000000	      0.00000000	    -12.07375395	     -9.96450211	    -23.80203225	     15.10497981	     90.00000001	      0.00000000	      0.00000000
      0.90000000	     -6.23465692	      0.79225317	     -0.09178716	     -0.76886969	      0.91652273	     -0.07945850	    -16.05885222	      4.71062864	      0.91666217	      8.35719801	     -3.27273189	      0.14586062	     14.55554453	     -2.31677090	     -7.62321146	     32.59381331	      3.04013560	     12.63043497	     17.96339410	      2.23879148	      0.31352037	     -8.39512312	    -16.23989931	     -7.62321146	     -6.90756254	     -6.70816549	      3.41320059	      5.75985974	    -10.83179697	     -7.09089309	     31.63859236	     90.00000001	      0.00000000	      0.00000000	    -11.72851582	    -10.07132640	    -23.76948238	     15.02541066	     90.00000001	      0.00000000	      0.00000000
      0.91000000	     -5.95357092	      1.09273329	      0.10388322	     -0.75522177	      0.91835719	     -0.08048506	    -16.01418893	      4.13010905	      0.37785353	     10.52923920	     -2.83002437	      0.18376989	     12.63434486	     -3.27338532	     -7.62101189	     31.93128291	      3.35699433	     13.14682446	     18.99064198	      2.85736745	      0.33144923	     -7.83571731	    -16.75974927	     -7.62101189	     -7.17742888	     -7.16115835	      3.27023786	      5.26038322	    -10.45490612	     -7.27064629	     30.81081791	     90.00000001	      0.00000000	      0.00000000	    -11.35033652	    -10.17018531	    -23.81310261	     14.99513796	     90.00000001	      0.00000000	      0.00000000
      0.92000000	     -5.69277307	      1.26675733	      0.31543259	     -0.74178325	      0.92056974	     -0.08149431	    -15.69305273	      3.65049943	     -0.04186337	     13.05656129	     -2.29585900	      0.22787998	     10.47349382	     -4.36220514	     -7.61945661	     31.08891064	      3.53559834	     13.56002430	     19.61053598	      3.40448889	      0.34226842	     -7.16193049	    -17.15454450	     -7.61945661	     -7.43885626	     -7.45156535	      3.10421248	      4.78079974	    -10.07364679	     -7.45518912	     29.93687009	     90.00000001	      0.00000000	      0.00000000	    -10.91569949	    -10.26430003	    -23.91808097	     15.00450101	     90.00000001	      0.00000000	      0.00000000
      0.93000000	     -5.77108884	      1.31696293	      0.49150286	     -0.72880082	      0.92261803	     -0.08239881	    -14.51996309	      3.32601128	     -0.52464844	     16.37656968	     -1.88891646	      0.28582506	      8.44400237	     -5.77349218	     -7.61475954	     30.58105152	      3.57666702	     13.72692163	     20.12091384	      3.83886019	      0.35117619	     -6.36365938	    -17.16397429	     -7.61475954	     -7.31960165	     -7.60139128	      2.96420954	      4.30976742	     -9.65444659	     -7.79882514	     28.97547723	     90.00000001	      0.00000000	      0.00000000	    -10.43787566	    -10.28858737	    -24.21381485	     14.96082837	     90.00000001	      0.00000000	      0.00000000
      0.94000000	     -5.59618691	      1.40187777	      0.65491791	     -0.71586990	      0.92523114	     -0.08343299	    -13.44838683	      2.92675280	     -1.20223189	     19.86437593	     -1.57309625	      0.34669876	      6.28753969	     -6.80337220	     -7.61220764	     29.55960257	      3.72539032	     13.60815179	     20.24458858	      3.97355301	      0.35333473	     -5.37463804	    -16.92061851	     -7.61220764	     -7.50294964	     -7.75325612	      2.78110709	      3.86455956	     -9.31048691	     -7.79641472	     28.06275299	     90.00000001	      0.00000000	      0.00000000	     -9.97479160	    -10.31704019	    -24.24389868	     15.10656590	     90.00000001	      0.00000000	      0.00000000
      0.95000000	     -5.11118378	      1.25139724	      0.93027553	     -0.70334579	      0.92848833	     -0.08466208	    -12.80020022	      2.81655986	     -1.25290391	     22.94797220	     -1.11784075	      0.40051767	      4.37099839	     -7.20083033	     -7.61142690	     28.17439323	      3.73746291	     13.63688088	     20.34036790	      3.99720984	      0.35500639	     -4.47318039	    -16.82751550	     -7.61142690	     -8.12834365	     -7.57741021	      2.40294638	      3.54167333	     -9.03474313	     -7.73160501	     27.32242652	     90.00000001	      0.00000000	      0.00000000	     -9.42861829	    -10.24777736	    -24.17526391	     15.34762158	     90.00000001	      0.00000000	      0.00000000
      0.96000000	     -5.63859112	      1.52652193	      0.85098998	     -0.69110565	      0.93029561	     -0.08540228	     -9.99777733	      2.13933100	     -2.62766816	     27.95427972	     -1.39809967	      0.48789422	      2.80213913	     -8.94279696	     -7.60889664	     27.69720973	      4.08319166	     12.98794885	     19.95642921	      3.70155127	      0.34830540	     -3.46291240	    -16.01571358	     -7.60889664	     -7.45004435	     -7.96045827	      2.43677351	      3.00758607	     -8.63825246	     -7.63943662	     26.24043596	     90.00000001	      0.00000000	      0.00000000	     -9.09145191	    -10.33363288	    -23.99555731	     15.68260576	     90.00000001	      0.00000000	      0.00000000
      0.97000000	     -5.85940091	      1.52769027	      0.87630006	     -0.67926613	      0.93253251	     -0.08646687	     -7.71425596	      1.74953754	     -3.49095632	     32.32722738	     -1.54731822	      0.56421656	      1.81079935	     -9.74245600	     -7.60630566	     26.96842902	      4.23072712	     12.56995062	     19.74191670	      3.42564734	      0.34456145	     -2.55755526	    -15.40472033	     -7.60630566	     -7.19557957	     -7.94549569	      2.31938049	      2.56496596	     -8.36286707	     -7.52823130	     25.33765556	     90.00000001	      0.00000000	      0.00000000	     -8.67494282	    -10.29151929	    -23.66611886	     16.13125686	     90.00000001	      0.00000000	      0.00000000
      0.98000000	     -6.15272205	      1.55511864	      0.90706732	     -0.66762965	      0.93462050	     -0.08757581	     -5.26338922	      1.31514436	     -4.26866122	     36.65348991	     -1.77563200	      0.63972408	      1.25788081	    -10.70691810	     -7.60297412	     26.30175505	      4.41971555	     12.14800669	     19.46724566	      3.12848980	      0.33976753	     -1.75444165	    -14.74968312	     -7.60297412	     -6.84851172	     -7.93502303	      2.12333954	      2.12653341	     -8.08362099	     -7.38894651	     24.51594364	     90.00000001	      0.00000000	      0.00000000	     -8.33717552	    -10.27546278	    -23.08675800	     16.68571503	     90.00000001	      0.00000000	      0.00000000
      0.99000000	     -6.17287006	      1.54698976	      0.97514843	     -0.65592108	      0.93719993	     -0.08857929	     -3.25775123	      1.00900596	     -5.02064403	     40.40592366	     -2.19552640	      0.70521641	      0.76368793	    -11.88834005	     -7.60010185	     25.16573639	      4.57108876	     11.88778390	     18.86710617	      2.79102795	      0.32929312	     -0.87536594	    -13.96741486	     -7.60010185	     -6.82393951	     -7.87898201	      1.87461776	      1.72993457	     -7.81457238	     -7.16748655	     23.70259182	     90.00000001	      0.00000000	      0.00000000	     -7.93419494	    -10.27738507	    -22.53092048	     17.28666531	     90.00000001	      0.00000000	      0.00000000
      1.00000000	     -6.46917776	      1.48908788	      1.03153587	     -0.64461467	      0.93935043	     -0.08961820	     -0.84504517	      0.69286886	     -5.45542797	     44.10848473	     -2.37747810	      0.76983829	      0.57992356	    -13.52978229	     -7.59450851	     24.43187338	      4.65625480	     11.78630048	     18.40257060	      2.55282198	      0.32118545	     -0.34658385	    -13.61919096	     -7.59450851	     -6.48452774	     -7.73979288	      1.63686429	      1.29341133	     -7.55448616	     -7.08190630	     22.96777518	     90.00000001	      0.00000000	      0.00000000	     -7.66032056	    -10.31308313	    -21.35188144	     18.09042133	     90.00000001	      0.00000000	      0.00000000
      1.01000000	     -6.25380536	      1.37956906	      1.20895033	     -0.63279195	      0.94228796	     -0.09061234	      0.74041919	      0.51480375	     -6.24896721	     47.00417750	     -2.83704826	      0.82037766	      0.56491129	    -14.64848981	     -7.59258905	     22.90075641	      4.66565149	     11.86966550	     17.52806496	      2.33986755	      0.30592245	      0.39655644	    -12.97933721	     -7.59258905	     -6.70537374	     -7.52911576	      1.21724607	      0.91034706	     -7.28340431	     -6.89918501	     22.26733491	     90.00000001	      0.00000000	      0.00000000	     -7.15933648	    -10.33508747	    -20.92007618	     18.62039769	     90.00000001	      0.00000000	      0.00000000
      1.02000000	     -6.43926522	      1.28144158	      1.42122594	     -0.62160627	      0.94461740	     -0.09189358	      2.89616987	      0.17297335	     -6.61388168	     49.88758473	     -2.79849686	      0.87070261	      0.63116656	    -15.98748691	     -7.58742498	     21.90740442	      4.77954968	     12.26358158	     16.75995696	      2.07286032	      0.29251643	      0.53426055	    -12.95688089	     -7.58742498	     -6.49627280	     -7.28797576	      0.80542894	      0.47096827	     -7.04159107	     -6.94700329	     21.66987959	     90.00000001	      0.00000000	      0.00000000	     -6.86282061	    -10.41446923	    -19.49644652	     19.53609714	     90.00000001	      0.00000000	      0.00000000
      1.03000000	     -6.16729180	      1.02152631	      1.70903073	     -0.60994460	      0.94757751	     -0.09298995	      4.30223361	      0.13452809	     -7.29556215	     51.96481893	     -3.06562287	      0.90695719	      0.98338992	    -16.58093187	     -7.58585112	     20.31184505	      4.61206348	     12.51686014	     15.83525074	      1.90993474	      0.27637726	      1.13703143	    -12.36538225	     -7.58585112	     -6.77705719	     -6.85989249	      0.28408017	      0.06933952	     -6.81773669	     -6.85876387	     21.14698807	     90.00000001	      0.00000000	      0.00000000	     -6.24846269	    -10.42855995	    -19.08238735	     20.01991589	     90.00000001	      0.00000000	      0.00000000
      1.04000000	     -6.01404902	      0.76358007	      2.03931289	     -0.59841872	      0.95034031	     -0.09417234	      5.82539373	      0.01847943	     -7.81419727	     53.72955758	     -3.06131250	      0.93775769	      1.34534858	    -17.00913700	     -7.58419068	     18.80512516	      4.48264337	     12.89949795	     14.80474143	      1.65705150	      0.25839148	      1.54409094	    -11.78689907	     -7.58419068	     -6.91074025	     -6.41639034	     -0.29053578	     -0.38604018	     -6.59814421	     -6.87808755	     20.71022646	     90.00000001	      0.00000000	      0.00000000	     -5.69868256	    -10.47222844	    -18.44858915	     20.58525828	     90.00000001	      0.00000000	      0.00000000
      1.05000000	     -5.87183521	      0.46989112	      2.41505579	     -0.58716529	      0.95298138	     -0.09548121	      7.32951545	     -0.07983010	     -8.12770797	     55.15640528	     -2.85531543	      0.96266088	      1.77307301	    -17.15015592	     -7.58207247	     17.31756096	      4.32618866	     13.33306839	     13.74285763	      1.36938605	      0.23985811	      1.77135146	    -11.33597769	     -7.58207247	     -7.05284882	     -5.89757207	     -0.87581224	     -0.82841048	     -6.41291681	     -7.04281622	     20.38764946	     90.00000001	      0.00000000	      0.00000000	     -5.15782374	    -10.54139695	    -17.48691959	     21.29981593	     90.00000001	      0.00000000	      0.00000000
      1.06000000	     -5.64961883	     -0.00942625	      2.78388140	     -0.57607562	      0.95556444	     -0.09678725	      8.69127184	      0.05777847	     -8.40914431	     56.10783902	     -2.59097965	      0.97926653	      2.24852332	    -16.94925700	     -7.58118525	     16.04669490	      3.93801466	     13.05329322	     13.25679028	      1.09922433	      0.23137464	      2.04102464	    -10.96077938	     -7.58118525	     -7.30551743	     -5.14489589	     -1.48986001	     -1.27863042	     -6.31369242	     -7.08638662	     20.23879462	     90.00000001	      0.00000000	      0.00000000	     -4.45027230	    -10.48222173	    -17.13999107	     21.80257975	     90.00000001	      0.00000000	      0.00000000
      1.07000000	     -5.65862926	     -0.22617686	      3.09534449	     -0.56505294	      0.95774015	     -0.09771436	     10.31798414	     -0.05141501	     -8.31250904	     56.85409521	     -2.16736119	      0.99229115	      2.79472539	    -17.07091428	     -7.57899235	     14.44986973	      3.75743343	     13.92651027	     11.54845160	      0.83065574	      0.20155850	      2.37474858	    -10.17848024	     -7.57899235	     -7.27480495	     -4.76432279	     -1.95520042	     -1.78616707	     -6.06673141	     -7.47752964	     19.98832005	     90.00000001	      0.00000000	      0.00000000	     -3.93077204	    -10.72372128	    -15.73402190	     22.64508959	     90.00000001	      0.00000000	      0.00000000
      1.08000000	     -5.57014060	     -0.65262167	      3.44490219	     -0.55432865	      0.95971704	     -0.09887943	     11.81694044	      0.06065291	     -8.43964881	     57.21722063	     -1.84249735	      0.99862889	      3.27136533	    -16.74754012	     -7.57809653	     13.35705007	      3.42444879	     13.56428015	     11.06428958	      0.50052917	      0.19310828	      2.62067952	     -9.83529756	     -7.57809653	     -7.40111313	     -4.07999438	     -2.52622411	     -2.26340356	     -5.98172041	     -7.57521713	     19.94334909	     90.00000001	      0.00000000	      0.00000000	     -3.20417675	    -10.75723612	    -15.36043993	     23.21318449	     90.00000001	      0.00000000	      0.00000000
      1.09000000	     -5.57751901	     -0.89785166	      3.69359868	     -0.54364313	      0.96143572	     -0.09967912	     13.34921200	      0.04162501	     -7.92519763	     57.25556566	     -1.13412012	      0.99929814	      3.79312146	    -16.75378918	     -7.57533718	     11.81050057	      3.17297977	     14.29004033	      9.40643065	      0.17664412	      0.16417319	      2.83872187	     -9.08724684	     -7.57533718	     -7.40950767	     -3.66819180	     -2.90582096	     -2.75989836	     -5.75400452	     -8.28511869	     19.88471875	     90.00000001	      0.00000000	      0.00000000	     -2.71227775	    -11.09055498	    -13.46126076	     24.30832951	     90.00000001	      0.00000000	      0.00000000
      1.10000000	     -5.54327304	     -1.09872545	      4.08297242	     -0.53341459	      0.96286929	     -0.10067658	     14.84434550	      0.01418102	     -7.93401402	     57.01388088	     -0.94684632	      0.99507994	      3.96085866	    -16.13736131	     -7.57467449	     11.03153470	      3.05889427	     13.75014393	      9.38914396	      0.01123624	      0.16387148	      2.97196823	     -8.83770256	     -7.57467449	     -7.55335547	     -3.29753874	     -3.47790336	     -3.24730694	     -5.61164516	     -8.30133319	     19.90757466	     90.00000001	      0.00000000	      0.00000000	     -1.79428553	    -11.20403800	    -13.33247006	     24.92095761	     90.00000001	      0.00000000	      0.00000000
      1.11000000	     -5.87432483	     -1.53745781	      4.23454024	     -0.52273107	      0.96346230	     -0.10140523	     16.71649243	      0.22703541	     -7.51688751	     56.56830908	     -0.35157921	      0.98730325	      4.83318717	    -16.53416890	     -7.57307092	      9.83686627	      2.57940512	     14.39229691	      7.64624987	     -0.37942972	      0.13345224	      3.62102092	     -7.76365313	     -7.57307092	     -7.12197722	     -2.66330687	     -3.81356859	     -3.88202608	     -5.50184977	     -8.80595382	     20.03203477	     90.00000001	      0.00000000	      0.00000000	     -1.26678965	    -11.37207697	    -12.20783059	     25.68354163	     90.00000001	      0.00000000	      0.00000000
      1.12000000	     -6.04715970	     -1.76325010	      4.52874640	     -0.51229974	      0.96403861	     -0.10236491	     18.30650812	      0.22688699	     -7.34022502	     55.76120989	     -0.03082215	      0.97321671	      5.22228029	    -16.53820988	     -7.57199763	      8.94464682	      2.48206037	     14.27428182	      6.94799988	     -0.82384944	      0.12126547	      3.97659704	     -7.22339863	     -7.57199763	     -6.95465362	     -2.27359168	     -4.27021235	     -4.43141156	     -5.37546705	     -9.07394717	     20.11689648	     90.00000001	      0.00000000	      0.00000000	     -0.53408552	    -11.55947226	    -11.60356257	     26.38028632	     90.00000001	      0.00000000	      0.00000000
      1.13000000	     -6.14820465	     -1.98101209	      4.79002513	     -0.50197230	      0.96441371	     -0.10312913	     19.77404720	      0.24156440	     -6.95667349	     54.76992933	      0.45469623	      0.95591560	      5.41891629	    -16.85923553	     -7.57048772	      7.82097426	      2.24721801	     14.58801822	      5.88324893	     -1.08093696	      0.10268206	      4.38919064	     -6.34298762	     -7.57048772	     -6.90559307	     -1.90382281	     -4.62734981	     -4.97748164	     -5.21122996	     -9.55909917	     20.22478524	     90.00000001	      0.00000000	      0.00000000	      0.20813111	    -11.83218726	    -10.53616542	     27.23036864	     90.00000001	      0.00000000	      0.00000000
      1.14000000	     -6.32899917	     -2.03493344	      5.05465455	     -0.49158177	      0.96440316	     -0.10411338	     21.25063832	      0.02055053	     -6.99992843	     53.53701505	      0.58283686	      0.93439718	      5.60003911	    -16.75902627	     -7.56969790	      7.08711018	      2.34070142	     14.15060763	      5.52557237	     -1.45066537	      0.09643943	      4.69876888	     -6.03536237	     -7.56969790	     -6.75210681	     -1.72036037	     -5.09086024	     -5.47943044	     -5.07305728	     -9.69757998	     20.27918404	     90.00000001	      0.00000000	      0.00000000	      1.00995277	    -12.01843865	    -10.18376367	     27.83097205	     90.00000001	      0.00000000	      0.00000000
      1.15000000	     -6.50207913	     -2.20701797	      5.28350217	     -0.48120769	      0.96415495	     -0.10484548	     22.63670783	      0.07785501	     -6.77705014	     52.03973227	      0.73653772	      0.90826467	      5.77152232	    -17.23530078	     -7.56872567	      6.03487706	      2.22916081	     14.40786663	      4.50625985	     -1.89753205	      0.07864907	      5.19054619	     -5.22103202	     -7.56872567	     -6.59702534	     -1.42348543	     -5.47516741	     -5.97324105	     -4.94938451	    -10.03946014	     20.39070776	     90.00000001	      0.00000000	      0.00000000	      1.80094199	    -12.27024777	     -9.40695849	     28.46479524	     90.00000001	      0.00000000	      0.00000000
      1.16000000	     -6.28496554	     -2.42903471	      5.50812612	     -0.47066151	      0.96425910	     -0.10548541	     23.40874895	      0.20786177	     -6.63106180	     50.15660281	      0.94499989	      0.87539786	      5.45540159	    -17.78488434	     -7.56700850	      4.48223307	      1.88571405	     14.62121627	      3.31235894	     -2.12777311	      0.05781157	      5.62419028	     -4.16819932	     -7.56700850	     -6.91262575	     -1.03315837	     -5.71299416	     -6.35740996	     -4.79004545	    -10.62448332	     20.41477882	     90.00000001	      0.00000000	      0.00000000	      2.65369041	    -12.63949662	     -8.05883484	     29.28390241	     90.00000001	      0.00000000	      0.00000000
      1.17000000	     -6.50776035	     -2.29890955	      5.69319626	     -0.46020858	      0.96339901	     -0.10638938	     24.71454495	     -0.11979689	     -6.80952375	     48.37584924	      0.76713622	      0.84431785	      5.56363771	    -17.69179676	     -7.56629647	      3.79110812	      2.17079654	     14.11365076	      3.01575551	     -2.45143800	      0.05263486	      5.97981682	     -3.90992545	     -7.56629647	     -6.70338603	     -1.07974335	     -6.08195463	     -6.80394963	     -4.64015519	    -10.70779883	     20.39497260	     90.00000001	      0.00000000	      0.00000000	      3.52342091	    -12.82422553	     -7.76257254	     29.80713922	     90.00000001	      0.00000000	      0.00000000
      1.18000000	     -5.90336496	     -2.69024317	      5.88277872	     -0.44922419	      0.96367197	     -0.10673196	     24.72792075	      0.44722570	     -7.00741703	     45.72594136	      0.51923741	      0.79806823	      5.16509851	    -18.01437872	     -7.56280618	      1.89986418	      1.52647884	     13.76381424	      1.98355130	     -2.58126869	      0.03461950	      6.81120083	     -2.11658234	     -7.56280618	     -7.42103818	     -0.47247222	     -6.22298077	     -7.02283592	     -4.47489759	    -11.42659417	     20.28857378	     90.00000001	      0.00000000	      0.00000000	      4.42230879	    -13.21157634	     -6.21276502	     30.55078875	     90.00000001	      0.00000000	      0.00000000
      1.19000000	     -6.19881317	     -2.63373519	      6.01969568	     -0.43890859	      0.96229903	     -0.10742796	     25.94378697	      0.30696822	     -6.92426047	     43.53005856	      0.43690251	      0.75974285	      5.12124724	    -17.96217219	     -7.56174250	      1.25138279	      1.69604931	     13.59227911	      1.57041033	     -2.92092859	      0.02740883	      7.37221659	     -1.43835827	     -7.56174250	     -7.13299139	     -0.43779956	     -6.49936799	     -7.35534388	     -4.34382866	    -11.46415416	     20.19473890	     90.00000001	      0.00000000	      0.00000000	      5.36627628	    -13.37020045	     -5.78193919	     30.89159375	     90.00000001	      0.00000000	      0.00000000
      1.20000000	     -5.83221850	     -2.77317946	      6.05976157	     -0.42800005	      0.96172887	     -0.10767200	     26.10126359	      0.62434644	     -6.93117118	     40.64861511	      0.22502259	      0.70945217	      4.68234607	    -18.06431219	     -7.55773310	     -0.00910023	      1.36265098	     12.26033922	      1.26512318	     -2.79706240	      0.02208056	      8.62771167	      0.78961622	     -7.55773310	     -7.57948957	     -0.13654930	     -6.58768930	     -7.56986361	     -4.21301932	    -11.85838828	     20.03964185	     90.00000001	      0.00000000	      0.00000000	      6.31374908	    -13.68759282	     -4.80233315	     31.41769910	     90.00000001	      0.00000000	      0.00000000
      1.21000000	     -6.21102028	     -2.38786653	      6.09686511	     -0.41750131	      0.95967926	     -0.10824847	     27.34045449	      0.11668362	     -7.04934667	     38.39756211	      0.03725035	      0.67016388	      4.71033130	    -17.72546320	     -7.55710696	     -0.46899500	      1.87759485	     11.86994682	      1.12024373	     -2.94361232	      0.01955194	      9.10819164	      0.99644764	     -7.55710696	     -7.19010157	     -0.49534021	     -6.83422366	     -7.91306105	     -4.05136931	    -11.80246520	     19.94699306	     90.00000001	      0.00000000	      0.00000000	      7.18053921	    -13.88409528	     -4.58717786	     31.78333763	     90.00000001	      0.00000000	      0.00000000
      1.22000000	     -5.91838176	     -2.63451930	      6.04757781	     -0.40694518	      0.95874872	     -0.10824901	     27.25370866	      0.68531685	     -6.01892946	     34.79925212	      0.31770555	      0.60736153	      3.92462706	    -18.03656440	     -7.55446860	     -1.58072720	      1.43677590	     11.14025301	      0.93203659	     -2.86380157	      0.01626711	     10.27821997	      2.51494799	     -7.55446860	     -7.57546170	     -0.04838551	     -6.83057899	     -7.93910248	     -3.98290312	    -12.04440909	     19.65918755	     90.00000001	      0.00000000	      0.00000000	      8.18768043	    -14.18014638	     -3.39591762	     32.13128993	     90.00000001	      0.00000000	      0.00000000
      1.23000000	     -5.96892054	     -2.47192387	      5.95969387	     -0.39636288	      0.95691484	     -0.10832719	     27.67738766	      0.67841577	     -5.26608035	     31.58582074	      0.44514496	      0.55127657	      3.51971676	    -17.91945712	     -7.55222936	     -2.30460849	      1.56301557	     10.63238764	      0.89063931	     -2.83835176	      0.01554459	     11.20241898	      3.37734000	     -7.55222936	     -7.55499985	     -0.10768827	     -6.91361811	     -8.04993404	     -3.86734229	    -12.10570508	     19.41083849	     90.00000001	      0.00000000	      0.00000000	      9.06476066	    -14.45269835	     -2.72999415	     32.49101671	     90.00000001	      0.00000000	      0.00000000
      1.24000000	     -6.01527595	     -2.25152861	      5.83251030	     -0.38577056	      0.95487235	     -0.10833740	     27.98828505	      0.66502879	     -4.33227243	     28.19430998	      0.53188692	      0.49208354	      3.00856453	    -17.76341728	     -7.55006905	     -3.04633817	      1.77679815	     10.40962167	      0.86402940	     -2.86787101	      0.01508016	     11.97829943	      3.79622511	     -7.55006905	     -7.53525368	     -0.21848999	     -6.98682094	     -8.12465322	     -3.76053474	    -12.14598316	     19.16685098	     90.00000001	      0.00000000	      0.00000000	      9.88447027	    -14.73752071	     -2.07053680	     32.88763945	     90.00000001	      0.00000000	      0.00000000
      1.25000000	     -6.09373194	     -1.96832513	      5.68272483	     -0.37517247	      0.95259513	     -0.10828810	     28.22808335	      0.60453920	     -3.20894585	     24.65100787	      0.59632671	      0.43024125	      2.44486889	    -17.57284699	     -7.54782495	     -3.74998376	      2.07260823	     10.50429625	      0.87341859	     -2.91119852	      0.01524403	     12.65123996	      3.77091375	     -7.54782495	     -7.47656391	     -0.39262068	     -7.07315589	     -8.16639727	     -3.66501732	    -12.17232322	     18.91892279	     90.00000001	      0.00000000	      0.00000000	     10.63734816	    -15.04203996	     -1.44007536	     33.31151776	     90.00000001	      0.00000000	      0.00000000
      1.26000000	     -6.17586878	     -1.61170475	      5.50664512	     -0.36454059	      0.95011790	     -0.10820383	     28.37342222	      0.49970382	     -1.96662748	     21.00599247	      0.54143096	      0.36662373	      1.92034584	    -17.22271175	     -7.54583765	     -4.45748390	      2.47046248	     10.89677954	      0.91625918	     -2.98945019	      0.01599174	     13.16977690	      3.21028086	     -7.54583765	     -7.41910705	     -0.64293730	     -7.15805320	     -8.17760644	     -3.57650861	    -12.17361008	     18.66288878	     90.00000001	      0.00000000	      0.00000000	     11.31981469	    -15.36497440	     -0.83383608	     33.80093641	     90.00000001	      0.00000000	      0.00000000
      1.27000000	     -6.33115732	     -1.18461185	      5.31466567	     -0.35387228	      0.94739973	     -0.10812278	     28.53200329	      0.33552613	     -0.68029587	     17.35473260	      0.33253924	      0.30289722	      1.21258060	    -16.82707623	     -7.54368821	     -5.10376490	      2.98611310	     11.64997267	      0.97786375	     -3.13474095	      0.01706694	     13.51190624	      2.17023994	     -7.54368821	     -7.28709355	     -0.98097511	     -7.24216287	     -8.18340894	     -3.49109422	    -12.20814080	     18.43733121	     90.00000001	      0.00000000	      0.00000000	     11.91380317	    -15.69753662	     -0.28270739	     34.34607112	     90.00000001	      0.00000000	      0.00000000
      1.28000000	     -6.75409053	     -0.59689331	      5.15641121	     -0.34302119	      0.94405142	     -0.10825165	     29.17081035	     -0.08102816	      0.01158132	     14.27758206	     -0.05741730	      0.24919082	      1.08645000	    -15.44110645	     -7.54280424	     -5.41151436	      3.75049495	     12.42687790	      1.17317588	     -3.31298282	      0.02047578	     14.19680319	      1.74152925	     -7.54280424	     -6.82404363	     -1.51992976	     -7.39799106	     -8.26953885	     -3.41359154	    -12.13549836	     18.23451558	     90.00000001	      0.00000000	      0.00000000	     12.38015647	    -15.99032007	      0.03884722	     34.86763735	     90.00000001	      0.00000000	      0.00000000
      1.29000000	     -6.77106875	     -0.12512931	      5.00241404	     -0.33206456	      0.94135013	     -0.10822012	     29.05678596	     -0.22029804	      1.08129296	     10.82110653	     -0.65487185	      0.18886394	      0.32458691	    -15.01343743	     -7.54080169	     -6.28057449	      4.29520792	     13.69934321	      1.20679338	     -3.47598121	      0.02106252	     13.92842858	     -0.53880151	     -7.54080169	     -6.88756044	     -1.90234639	     -7.51185379	     -8.21884082	     -3.32949394	    -12.29180073	     18.06069381	     90.00000001	      0.00000000	      0.00000000	     12.80833801	    -16.41258157	      0.71810992	     35.66588658	     90.00000001	      0.00000000	      0.00000000
      1.30000000	     -7.25907609	      0.57346203	      4.93126047	     -0.32113287	      0.93783193	     -0.10840981	     29.80318767	     -0.74028989	      1.39578694	      8.29560684	     -1.26181487	      0.14478565	      0.03636700	    -13.74381468	     -7.53700486	     -6.62785846	      5.17418180	     15.37636833	      1.32515306	     -3.70388619	      0.02312828	     13.70114201	     -2.82423072	     -7.53700486	     -6.39459871	     -2.59764743	     -7.73532084	     -8.27228868	     -3.22011732	    -12.43563445	     17.90132925	     90.00000001	      0.00000000	      0.00000000	     13.11589285	    -16.75730903	      1.02144211	     36.34355575	     90.00000001	      0.00000000	      0.00000000
      1.31000000	     -7.63176692	      1.16686695	      4.76963646	     -0.30968359	      0.93439597	     -0.10852650	     30.52664431	     -1.01225351	      1.15979091	      6.29287385	     -2.02760093	      0.10983137	     -0.03688378	    -12.21721428	     -7.53648174	     -6.95247899	      5.93892794	     15.80434851	      1.67713445	     -3.85260877	      0.02927152	     14.34542089	     -3.05026911	     -7.53648174	     -5.99089988	     -3.15280758	     -7.89180703	     -8.38289666	     -3.19849500	    -12.42294029	     17.87869700	     90.00000001	      0.00000000	      0.00000000	     13.31806785	    -17.05183434	      1.14367697	     36.95881067	     90.00000001	      0.00000000	      0.00000000
      1.32000000	     -7.87092430	      1.69842288	      4.66285925	     -0.29810118	      0.93121532	     -0.10859774	     31.04903186	     -1.26612715	      0.66142589	      4.49740045	     -2.62105260	      0.07849445	      0.00143969	    -10.50098798	     -7.53593265	     -7.40480608	      6.53622648	     16.33404894	      2.06230993	     -3.83288082	      0.03599410	     14.77214497	     -3.51230533	     -7.53593265	     -5.75192222	     -3.64016089	     -8.07488838	     -8.42732753	     -3.15769773	    -12.44888156	     17.83311455	     90.00000001	      0.00000000	      0.00000000	     13.42689489	    -17.36571511	      1.36321953	     37.80289173	     90.00000001	      0.00000000	      0.00000000
      1.33000000	     -7.78183891	      2.11785742	      4.84879320	     -0.28609066	      0.92858518	     -0.10883093	     31.72490503	     -1.54548286	     -2.68106929	      4.02791222	     -3.16470423	      0.07030033	      1.96732505	     -5.01686347	     -7.53275946	     -8.49754235	      6.88176040	     17.97413952	      2.02403013	     -3.89360457	      0.03532599	     14.11906475	     -5.79782295	     -7.53275946	     -5.90332960	     -3.98224533	     -8.47473199	     -8.41174833	     -3.06490853	    -12.83180452	     17.76249788	     90.00000001	      0.00000000	      0.00000000	     13.51518799	    -17.77403325	      1.87467726	     38.78761256	     90.00000001	      0.00000000	      0.00000000
      1.34000000	     -7.91599118	      2.49503458	      4.73836079	     -0.27402395	      0.92567602	     -0.10874254	     32.19940596	     -1.62306640	     -3.55148413	      3.13814864	     -3.51497008	      0.05477103	      1.98197777	     -4.03519791	     -7.53217615	     -9.03833798	      7.23637910	     18.16437322	      2.45532988	     -3.75452910	      0.04285359	     14.50758003	     -5.89334336	     -7.53217615	     -5.74204651	     -4.29084489	     -8.70142489	     -8.40915975	     -3.09731425	    -12.83724965	     17.72978661	     90.00000001	      0.00000000	      0.00000000	     13.38115832	    -18.07027287	      1.84477948	     39.68094783	     90.00000001	      0.00000000	      0.00000000
      1.35000000	     -8.02977704	      2.81987418	      4.52889131	     -0.26174366	      0.92287485	     -0.10830744	     32.68357274	     -1.57352353	     -4.24167461	      2.75566967	     -3.75392999	      0.04809551	      2.04199628	     -3.88678297	     -7.53199307	     -9.65574872	      7.49811054	     18.12474049	      2.76285348	     -3.61304395	      0.04822089	     14.67258378	     -5.89877554	     -7.53199307	     -5.57737304	     -4.56773780	     -8.69202592	     -8.48702460	     -3.11811166	    -12.85419717	     17.74963334	     90.00000001	      0.00000000	      0.00000000	     13.46642922	    -18.20105580	      1.78760228	     40.07726268	     90.00000001	      0.00000000	      0.00000000
      1.36000000	     -7.69442795	      2.82689642	      4.74575948	     -0.24877035	      0.92087957	     -0.10821871	     32.80004198	     -1.45972963	     -7.47401417	      3.00585356	     -3.97738152	      0.05246204	      3.54441018	      0.67597297	     -7.52879404	    -10.72771926	      7.26032738	     18.33988614	      3.17540516	     -3.39719612	      0.05542128	     15.07686106	     -5.70909851	     -7.52879404	     -5.91868050	     -4.42513112	     -9.30987050	     -8.33722084	     -3.14914544	    -13.16341996	     17.69976984	     90.00000001	      0.00000000	      0.00000000	     12.97917093	    -18.60774582	      1.88163766	     41.36033674	     90.00000001	      0.00000000	      0.00000000
      1.37000000	     -7.71234445	      3.02648948	      4.63731688	     -0.23616521	      0.91846879	     -0.10772553	     32.95617183	     -1.34557694	     -7.74847031	      3.07014730	     -4.07177806	      0.05358418	      3.38888412	      0.58371831	     -7.52853667	    -11.37350625	      7.31958474	     18.29638434	      3.62267040	     -3.17445572	      0.06322753	     15.25454433	     -5.70642766	     -7.52853667	     -5.86722481	     -4.55013463	     -9.44474570	     -8.35609258	     -3.18990456	    -13.19956613	     17.78644148	     90.00000001	      0.00000000	      0.00000000	     12.82378050	    -18.73998087	      1.72809315	     41.94978929	     90.00000001	      0.00000000	      0.00000000
      1.38000000	     -7.58591704	      3.04012260	      4.59246638	     -0.22331758	      0.91646432	     -0.10725008	     32.86904314	     -1.09551574	     -7.75240919	      3.44730299	     -4.09943310	      0.06016679	      3.09025981	      0.32322535	     -7.52816815	    -12.08245135	      7.11373775	     18.20515699	      4.22821800	     -2.84385726	      0.07379633	     15.39981572	     -5.66317401	     -7.52816815	     -5.98006767	     -4.42793068	     -9.74996191	     -8.25362576	     -3.27229781	    -13.25895971	     17.83370632	     90.00000001	      0.00000000	      0.00000000	     12.34868310	    -18.92487750	      1.48931896	     42.88112035	     90.00000001	      0.00000000	      0.00000000
      1.39000000	     -7.42564984	      2.99101496	      4.51010308	     -0.21018030	      0.91470929	     -0.10663700	     32.66402026	     -0.75923392	     -7.43933213	      4.02524343	     -4.11891250	      0.07025375	      2.67651910	     -0.18997441	     -7.52778811	    -12.81256608	      6.80117872	     18.05945283	      4.84754863	     -2.43886425	      0.08460568	     15.42460190	     -5.57511729	     -7.52778811	     -6.09417670	     -4.23164609	     -9.97499159	     -8.13446802	     -3.37893880	    -13.32293790	     17.81069323	     90.00000001	      0.00000000	      0.00000000	     11.87795948	    -19.03109387	      1.24490143	     43.60192129	     90.00000001	      0.00000000	      0.00000000
      1.40000000	     -7.31313359	      2.80848659	      4.27214798	     -0.19708384	      0.91322346	     -0.10574644	     31.99945340	     -0.16332204	     -4.64216023	      4.01688327	     -4.05073448	      0.07010784	      0.51108057	     -4.48897362	     -7.52538838	    -13.32054320	      6.36415448	     17.41905930	      5.71278832	     -1.95732204	      0.09970697	     15.58319621	     -4.96751316	     -7.52538838	     -6.15813260	     -3.87509234	    -10.03575147	     -7.90323679	     -3.49551104	    -13.72081379	     17.69554853	     90.00000001	      0.00000000	      0.00000000	     11.37205088	    -19.02815452	      0.90323063	     44.16279003	     90.00000001	      0.00000000	      0.00000000
      1.41000000	     -7.17534043	      2.64764539	      4.20095428	     -0.18372528	      0.91211316	     -0.10505413	     31.88844617	      0.13729631	     -3.99397687	      5.28852142	     -3.84851915	      0.09230211	      0.08119023	     -4.59102239	     -7.52509768	    -13.84668914	      5.90062532	     17.40585245	      6.62585712	     -1.40779168	      0.11564302	     15.30639754	     -4.92759207	     -7.52509768	     -6.23693811	     -3.53854637	    -10.17086532	     -7.82126408	     -3.61311793	    -13.72270053	     17.77486537	     90.00000001	      0.00000000	      0.00000000	     10.94182389	    -18.96694037	      0.69543382	     44.49347595	     90.00000001	      0.00000000	      0.00000000
      1.42000000	     -6.86480157	      2.27326264	      4.00196316	     -0.17005440	      0.91163953	     -0.10408797	     31.69275883	      0.71040329	     -3.42696808	      6.96669279	     -3.67506516	      0.12159173	     -0.74516024	     -5.88737393	     -7.52460344	    -14.36653554	      5.17746303	     16.79551521	      7.85843584	     -0.71233553	      0.13715558	     14.75211665	     -5.31121571	     -7.52460344	     -6.49283843	     -2.92785876	    -10.28056741	     -7.51993317	     -3.78499427	    -13.76154939	     17.61629899	     90.00000001	      0.00000000	      0.00000000	     10.21275025	    -18.83448311	      0.13255030	     45.05250463	     90.00000001	      0.00000000	      0.00000000
      1.43000000	     -6.60938155	      1.88061320	      3.82313627	     -0.15642031	      0.91164941	     -0.10317209	     31.47723728	      1.17182335	     -2.53698254	      8.63786572	     -3.28907971	      0.15075920	     -1.59537506	     -7.39426615	     -7.52409291	    -14.69035535	      4.42359885	     16.42903698	      9.28745735	      0.09751459	      0.16209671	     13.94237124	     -5.60459050	     -7.52409291	     -6.70283559	     -2.28668992	    -10.31321301	     -7.23815879	     -3.96216930	    -13.87811575	     17.47958367	     90.00000001	      0.00000000	      0.00000000	      9.61821800	    -18.57741998	     -0.33029441	     45.25452029	     90.00000001	      0.00000000	      0.00000000
      1.44000000	     -6.32890505	      1.46168486	      3.62025565	     -0.14274772	      0.91221068	     -0.10221623	     31.25398499	      1.56347594	     -1.72976538	     10.45288836	     -2.71463464	      0.18243732	     -2.27138661	     -9.09695999	     -7.52357706	    -14.84944894	      3.62659919	     15.94272034	     11.02203760	      1.02850450	      0.19237085	     12.78029596	     -5.99092887	     -7.52357706	     -6.93705634	     -1.61421604	    -10.27922145	     -6.89799529	     -4.14367563	    -14.03095972	     17.28943470	     90.00000001	      0.00000000	      0.00000000	      9.01293990	    -18.26651882	     -0.77759470	     45.33776356	     90.00000001	      0.00000000	      0.00000000
      1.45000000	     -5.99662920	      1.09724298	      3.40529125	     -0.12895860	      0.91336326	     -0.10128153	     30.88848324	      1.77460933	     -1.15880423	     12.18072591	     -1.93734656	      0.21259377	     -2.50976822	    -10.36165418	     -7.52318241	    -14.93858165	      2.82795594	     15.48871670	     12.90121874	      2.15355921	      0.22516874	     11.28096487	     -6.26913657	     -7.52318241	     -7.23956739	     -0.98376860	    -10.17833723	     -6.54347966	     -4.31875038	    -14.14443016	     17.11353747	     90.00000001	      0.00000000	      0.00000000	      8.39452118	    -17.93625165	     -1.10777411	     45.29673529	     90.00000001	      0.00000000	      0.00000000
      1.46000000	     -5.76585828	      0.67658425	      3.22738071	     -0.11523707	      0.91487831	     -0.10043790	     30.53078798	      2.00380725	     -0.71059058	     13.78583943	     -1.15471396	      0.24060829	     -2.64124250	    -11.95108816	     -7.52269817	    -14.61651538	      2.09419912	     14.78998490	     15.32318622	      3.03590884	      0.26744005	      9.38906122	     -6.83091660	     -7.52269817	     -7.42172396	     -0.29582503	    -10.09356689	     -6.10339543	     -4.49531958	    -14.36544404	     16.82504815	     90.00000001	      0.00000000	      0.00000000	      7.69152258	    -17.51834115	     -1.46649009	     45.18501747	     90.00000001	      0.00000000	      0.00000000
      1.47000000	     -5.89743363	      0.45347804	      2.97059579	     -0.10197038	      0.91629950	     -0.09948529	     30.35725451	      1.96443249	      0.37218796	     14.94050253	     -0.05775712	      0.26076096	     -3.05266426	    -14.20196314	     -7.52146909	    -13.52136216	      1.52596898	     13.96604894	     18.33525519	      4.18978065	      0.32001057	      7.36834207	     -7.27257109	     -7.52146909	     -7.23134365	      0.13471924	     -9.89405497	     -5.58698310	     -4.58318819	    -15.10982505	     16.37194938	     90.00000001	      0.00000000	      0.00000000	      6.98286914	    -17.09740138	     -1.77976342	     44.91222468	     90.00000001	      0.00000000	      0.00000000
      1.48000000	     -5.47792996	      0.12747357	      2.75647549	     -0.08833595	      0.91873980	     -0.09867340	     29.42056757	      2.09479825	      0.28010004	     15.86437316	      0.70377644	      0.27688555	     -2.37771632	    -14.45819453	     -7.52096338	    -13.07859069	      0.81300564	     13.10818450	     21.14078346	      5.13400823	      0.36897628	      4.80966743	     -7.49137781	     -7.52096338	     -7.64535483	      0.71973013	     -9.65427641	     -5.12615495	     -4.76391424	    -15.18577558	     16.14946764	     90.00000001	      0.00000000	      0.00000000	      6.29000523	    -16.71026309	     -1.84893587	     44.74237823	     90.00000001	      0.00000000	      0.00000000
      1.49000000	     -5.20136713	     -0.09418947	      2.56455752	     -0.07496470	      0.92117989	     -0.09784903	     28.45699449	      2.16621520	      0.17489628	     16.40222566	      1.33669805	      0.28627284	     -1.56920474	    -14.58401470	     -7.52063237	    -12.25273416	      0.21368556	     12.30330382	     24.23996719	      6.01589287	      0.42306724	      2.02492416	     -7.81112761	     -7.52063237	     -7.90266634	      1.15174867	     -9.39387380	     -4.65629879	     -4.91908032	    -15.34755913	     15.91337553	     90.00000001	      0.00000000	      0.00000000	      5.58866014	    -16.34924931	     -1.84319735	     44.48641467	     90.00000001	      0.00000000	      0.00000000
      1.50000000	     -5.23354581	     -0.23911594	      2.36783262	     -0.06208854	      0.92322736	     -0.09684794	     27.82899239	      2.26905004	     -0.09732055	     16.85351775	      1.71735319	      0.29414938	     -0.69947010	    -14.10680093	     -7.52012097	    -10.72666410	     -0.33973140	     11.32443463	     27.89433775	      6.86519686	      0.48684804	     -0.33507400	     -7.96523822	     -7.52012097	     -7.82420657	      1.43327699	     -9.06623545	     -4.20245176	     -5.01398108	    -15.66295006	     15.68386119	     90.00000001	      0.00000000	      0.00000000	      4.85557703	    -16.02283191	     -1.76897872	     44.19474641	     90.00000001	      0.00000000	      0.00000000
      1.51000000	     -5.07515840	     -0.28681930	      2.23190330	     -0.04923062	      0.92562968	     -0.09615117	     26.81354519	      2.31229549	     -0.49546837	     16.98056208	      1.93658754	      0.29636672	      0.43355504	    -13.62002215	     -7.51980155	     -9.44119916	     -0.69793759	     10.46410842	     31.30682188	      7.32068167	      0.54640712	     -2.80354981	     -7.91684517	     -7.51980155	     -7.95508833	      1.63533910	     -8.73335360	     -3.75764797	     -5.14204074	    -15.82936947	     15.54250497	     90.00000001	      0.00000000	      0.00000000	      4.16968316	    -15.68635945	     -1.55531008	     43.87232295	     90.00000001	      0.00000000	      0.00000000
      1.52000000	     -5.52805442	     -0.28417885	      2.12592009	     -0.03698260	      0.92683945	     -0.09510683	     26.84124365	      2.41308795	     -1.61036331	     17.73467510	      1.70441468	      0.30952847	      1.94752938	    -11.81090282	     -7.51862473	     -7.01912455	     -1.07690559	      9.19084449	     35.50451619	      7.61700035	      0.61967071	     -3.80948461	     -6.77363022	     -7.51862473	     -7.37360639	      1.67231605	     -8.40074027	     -3.36484895	     -5.15279358	    -16.38316151	     15.36098414	     90.00000001	      0.00000000	      0.00000000	      3.38056799	    -15.42953988	     -1.38769509	     43.47778030	     90.00000001	      0.00000000	      0.00000000
      1.53000000	     -5.43061321	     -0.31183804	      2.00407960	     -0.02466894	      0.92909411	     -0.09421049	     25.82108750	      2.65540799	     -2.01874439	     17.60717874	      1.48424393	      0.30730324	      2.96712880	    -10.80002357	     -7.51821848	     -5.44657206	     -1.41761167	      8.32294176	     38.96622403	      7.70903721	      0.68008891	     -5.24637240	     -7.11173348	     -7.51821848	     -7.44439320	      1.77939661	     -7.98197676	     -2.93628012	     -5.23735886	    -16.44512425	     15.36475408	     90.00000001	      0.00000000	      0.00000000	      2.70490145	    -15.15869003	     -1.12699950	     43.07308411	     90.00000001	      0.00000000	      0.00000000
      1.54000000	     -5.78262923	     -0.24570475	      2.00078649	     -0.01268465	      0.93044882	     -0.09332382	     25.63291196	      2.74391425	     -3.08365508	     18.10446473	      1.07058578	      0.31598252	      4.37527306	     -9.10510915	     -7.51730263	     -3.14110027	     -1.66128442	      7.35812016	     42.70757823	      7.58331555	      0.74538786	     -5.40547353	     -6.76185791	     -7.51730263	     -6.96425437	      1.72427176	     -7.61092579	     -2.63409999	     -5.28007111	    -16.62039080	     15.32677908	     90.00000001	      0.00000000	      0.00000000	      2.01189137	    -14.86883313	     -1.01192770	     42.56904828	     90.00000001	      0.00000000	      0.00000000
      1.55000000	     -5.85195183	     -0.18001007	      1.98516719	     -0.00073039	      0.93234013	     -0.09250182	     24.91229460	      2.87798056	     -3.71519947	     18.15105199	      0.70357552	      0.31679562	      5.51517475	     -7.77722438	     -7.51641116	     -1.24646408	     -1.84336937	      6.46498535	     45.99663536	      7.24105658	      0.80279273	     -5.46540689	     -7.20662871	     -7.51641116	     -6.81739284	      1.67839950	     -7.19548828	     -2.27596341	     -5.34843241	    -16.61142061	     15.35445206	     90.00000001	      0.00000000	      0.00000000	      1.37161836	    -14.56760501	     -0.92181132	     42.00700958	     90.00000001	      0.00000000	      0.00000000
      1.56000000	     -5.85439934	     -0.11984800	      1.96037639	      0.01110253	      0.93440689	     -0.09158213	     24.00789826	      3.04135958	     -3.95002370	     17.97711046	      0.42465390	      0.31375977	      6.38096559	     -6.91133782	     -7.51586091	      0.56566490	     -2.02241064	      5.61424091	     49.00561580	      6.80903311	      0.85530935	     -5.24664076	     -8.07946228	     -7.51586091	     -6.74523626	      1.60947276	     -6.74646152	     -1.87818679	     -5.40538239	    -16.52679490	     15.40130355	     90.00000001	      0.00000000	      0.00000000	      0.77840459	    -14.25948622	     -0.93063124	     41.35059051	     90.00000001	      0.00000000	      0.00000000
      1.57000000	     -5.63050862	      0.03896601	      1.99493829	      0.02289558	      0.93687511	     -0.09104342	     22.76630665	      2.98448805	     -4.04394507	     17.68394519	      0.35084502	      0.30864307	      7.20512794	     -6.45130051	     -7.51557483	      2.04382355	     -1.96291290	      4.90807056	     51.55629588	      6.19784997	      0.89982711	     -4.53629199	     -9.14126294	     -7.51557483	     -6.93826496	      1.46804459	     -6.38069672	     -1.38650201	     -5.50835334	    -16.38301371	     15.45334023	     90.00000001	      0.00000000	      0.00000000	      0.21259215	    -13.95749112	     -0.92010667	     40.62633040	     90.00000001	      0.00000000	      0.00000000
      1.58000000	     -5.84985729	      0.03176689	      1.95844504	      0.03430713	      0.93870842	     -0.09000376	     22.01661055	      3.27763591	     -3.96594418	     17.26154888	      0.02486523	      0.30127086	      7.74743299	     -5.89026596	     -7.51510004	      4.18110442	     -2.24309774	      4.31330390	     54.17298897	      5.90772343	      0.94549702	     -4.13176824	    -10.55670370	     -7.51510004	     -6.60732860	      1.42897549	     -5.90504446	     -0.96173642	     -5.59480708	    -16.17465265	     15.50614338	     90.00000001	      0.00000000	      0.00000000	     -0.34278754	    -13.53948855	     -1.32128817	     39.68906604	     90.00000001	      0.00000000	      0.00000000
      1.59000000	     -5.56440651	      0.33897606	      1.94066418	      0.04575113	      0.94136453	     -0.08924662	     20.68176056	      3.09419790	     -3.96826303	     16.91206507	     -0.07418447	      0.29517122	      8.27617054	     -5.64071453	     -7.51490284	      5.52827754	     -2.02600495	      3.95505406	     56.02649452	      5.57930798	      0.97784680	     -3.24983171	    -11.44365019	     -7.51490284	     -6.91040961	      1.05105689	     -5.45301165	     -0.42743905	     -5.62938309	    -15.97686638	     15.60085394	     90.00000001	      0.00000000	      0.00000000	     -0.86857907	    -13.32067510	     -1.40254697	     38.95715194	     90.00000001	      0.00000000	      0.00000000
      1.60000000	     -5.80522028	      0.24096531	      1.92477711	      0.05709354	      0.94330107	     -0.08841752	     19.64177260	      3.43842200	     -3.51082524	     15.86413814	     -0.22440673	      0.27688144	      8.57072370	     -5.45661170	     -7.51441401	      7.62661970	     -2.32707534	      3.91672685	     57.98779606	      5.56860348	      1.01207797	     -3.05190607	    -13.42653809	     -7.51441401	     -6.49590123	      1.10999211	     -5.04133362	      0.05316533	     -5.80774832	    -15.51071633	     15.63216312	     90.00000001	      0.00000000	      0.00000000	     -1.34682487	    -12.75547442	     -2.26087186	     37.62961189	     90.00000001	      0.00000000	      0.00000000
      1.61000000	     -5.64864320	      0.52671745	      1.89288583	      0.06833884	      0.94576209	     -0.08775846	     18.30863749	      3.29357440	     -3.41766113	     15.20051924	     -0.36571054	      0.26529911	      9.00678533	     -5.23284847	     -7.51421224	      9.08913108	     -2.03391731	      3.89939017	     59.26790785	      5.39753614	      1.03442013	     -2.19632053	    -14.18125546	     -7.51421224	     -6.62315691	      0.73338728	     -4.64223616	      0.65140760	     -5.89015304	    -15.22031749	     15.72085846	     90.00000001	      0.00000000	      0.00000000	     -1.89465286	    -12.53294520	     -2.42151446	     36.71489788	     90.00000001	      0.00000000	      0.00000000
      1.62000000	     -5.78730379	      0.51435003	      1.80347383	      0.07931299	      0.94794553	     -0.08692010	     16.86150360	      3.57829225	     -2.15904892	     13.56557603	     -0.40652985	      0.23676397	      8.45639372	     -6.50193206	     -7.51283538	     10.91999369	     -2.20691831	      4.61777145	     60.37822551	      6.07214737	      1.05379883	     -2.05735902	    -15.59401563	     -7.51283538	     -6.38455545	      0.66842154	     -4.20818559	      1.09322388	     -6.11124650	    -14.08828221	     16.03013800	     90.00000001	      0.00000000	      0.00000000	     -2.27444643	    -11.98287228	     -3.62132823	     35.28248197	     90.00000001	      0.00000000	      0.00000000
      1.63000000	     -5.68827437	      0.88680269	      1.58589019	      0.09036213	      0.95012829	     -0.08589540	     15.67642496	      3.42808849	     -2.35923742	     13.01922814	     -0.72618081	      0.22722840	      8.75544916	     -6.16225570	     -7.51269238	     12.31924430	     -1.88996919	      4.70406746	     60.97630768	      6.24568113	      1.06423733	     -1.43802911	    -15.57502891	     -7.51269238	     -6.44075666	      0.11172982	     -3.61683169	      1.65408111	     -6.16152299	    -13.91059880	     16.27289626	     90.00000001	      0.00000000	      0.00000000	     -2.88852772	    -11.90140324	     -3.75418264	     34.56031501	     90.00000001	      0.00000000	      0.00000000
      1.64000000	     -5.82563872	      1.02480246	      1.64906152	      0.10152624	      0.95205797	     -0.08569442	     14.25957130	      3.42668298	     -1.93297921	     11.46344331	     -0.91732513	      0.20007483	      9.16836334	     -5.29745476	     -7.51248357	     14.00170893	     -1.61345108	      5.57123258	     61.30292777	      6.67643011	      1.06993793	     -0.63478919	    -16.05202924	     -7.51248357	     -6.14540135	     -0.08926523	     -3.40390373	      2.18449101	     -6.37515293	    -13.52012172	     16.41621288	     90.00000001	      0.00000000	      0.00000000	     -3.36654190	    -11.52490150	     -4.41215648	     33.03657190	     90.00000001	      0.00000000	      0.00000000
      1.65000000	     -5.85938242	      1.29534062	      1.49722667	      0.11253047	      0.95384909	     -0.08485528	     12.99827027	      3.41659174	     -1.95139197	     10.41350616	     -1.33737426	      0.18174997	      9.31565865	     -4.86990620	     -7.51230796	     15.46201717	     -1.37487225	      6.22729297	     61.29641280	      7.33480414	      1.06982422	     -0.19270941	    -16.16990094	     -7.51230796	     -6.00539405	     -0.52554269	     -2.92845983	      2.66100514	     -6.48467185	    -13.17608388	     16.80499886	     90.00000001	      0.00000000	      0.00000000	     -3.89742471	    -11.32148974	     -5.09643660	     31.99856239	     90.00000001	      0.00000000	      0.00000000
      1.66000000	     -5.76174906	      1.28313322	      1.56709993	      0.12337248	      0.95579701	     -0.08452203	     11.26100822	      3.61616231	     -1.38888215	      8.69335739	     -1.55409872	      0.15172771	      8.94826195	     -4.80031350	     -7.51188576	     16.73742517	     -1.38320176	      7.85396287	     60.92734206	      8.59875537	      1.06338272	     -0.05526722	    -16.69040918	     -7.51188576	     -6.06173283	     -0.57667692	     -2.77086400	      3.07894193	     -6.76162066	    -12.16837918	     17.49853345	     90.00000001	      0.00000000	      0.00000000	     -4.15311290	    -10.74594879	     -7.20069011	     30.40492037	     90.00000001	      0.00000000	      0.00000000
      1.67000000	     -5.92880339	      1.58001678	      1.32272024	      0.13422501	      0.95694497	     -0.08370894	     10.35871129	      3.56908169	     -1.56700621	      8.03521809	     -1.99890224	      0.14024101	      9.16819571	     -4.58868482	     -7.51174504	     18.23984457	     -1.02835471	      8.06316669	     60.35048801	      8.78475308	      1.05331472	      0.42731423	    -16.53402433	     -7.51174504	     -5.76950254	     -1.04644824	     -2.25556423	      3.49034494	     -6.91376696	    -11.94676147	     17.98525399	     90.00000001	      0.00000000	      0.00000000	     -4.90802940	    -10.70707024	     -7.43635775	     29.66646619	     90.00000001	      0.00000000	      0.00000000
      1.68000000	     -6.09313686	      1.81605223	      1.31207831	      0.14466951	      0.95802066	     -0.08353881	      9.05961552	      3.43103775	     -0.85639157	      6.55533948	     -2.14014171	      0.11441226	      9.23450033	     -3.95924227	     -7.51151494	     19.71545571	     -0.57865288	      9.21571888	     59.46633148	      9.50923393	      1.03788328	      0.83035209	    -16.84952841	     -7.51151494	     -5.53147194	     -1.38230543	     -2.01458987	      3.83838906	     -7.16443592	    -11.37319921	     18.85199482	     90.00000001	      0.00000000	      0.00000000	     -5.29195093	    -10.45923610	     -8.49992133	     28.34231688	     90.00000001	      0.00000000	      0.00000000
      1.69000000	     -6.14685076	      1.97433320	      1.21754617	      0.15529063	      0.95895721	     -0.08307672	      7.78612160	      3.49513760	     -0.52337629	      5.37483136	     -2.52005005	      0.09380850	      9.17541267	     -3.81784964	     -7.51126070	     20.93180257	     -0.31484858	      9.95913210	     58.23116400	      9.99949494	      1.01632554	      0.95825599	    -17.27238676	     -7.51126070	     -5.41781378	     -1.65883459	     -1.72102186	      4.14620295	     -7.43037459	    -10.69162684	     19.80026466	     90.00000001	      0.00000000	      0.00000000	     -5.76958221	    -10.20520165	     -9.80547219	     27.23797263	     90.00000001	      0.00000000	      0.00000000
      1.70000000	     -6.31874221	      2.04546483	      1.00138239	      0.16598599	      0.95932696	     -0.08228227	      6.98247191	      3.73068070	     -0.74319149	      4.87018363	     -3.02640923	      0.08500074	      9.36292995	     -3.72666461	     -7.51112299	     22.24205525	     -0.19747446	     10.02728521	     56.88413576	      9.92027181	      0.99281546	      1.16843818	    -17.22248417	     -7.51112299	     -5.10984000	     -1.86766781	     -1.31872264	      4.50282766	     -7.66077169	    -10.44667617	     20.52514386	     90.00000001	      0.00000000	      0.00000000	     -6.54445371	    -10.14893248	    -10.26984434	     26.60561451	     90.00000001	      0.00000000	      0.00000000
      1.71000000	     -6.15052072	      2.24635736	      0.84412722	      0.17637962	      0.96010367	     -0.08210397	      5.25689217	      3.66395744	      0.51311255	      3.30873852	     -3.26831494	      0.05774838	      8.87666788	     -4.38918539	     -7.51028671	     23.00873334	      0.16580908	     10.48891237	     55.06745016	     10.07791328	      0.96110832	      1.06052082	    -17.81412198	     -7.51028671	     -5.31169373	     -2.14223136	     -1.09042695	      4.67086127	     -8.14771506	     -8.83095510	     21.98737515	     90.00000001	      0.00000000	      0.00000000	     -6.59405607	     -9.66819829	    -13.14649800	     24.98171180	     90.00000001	      0.00000000	      0.00000000
      1.72000000	     -6.20498256	      2.35178741	      0.70437437	      0.18682829	      0.96011376	     -0.08159217	      4.20761899	      3.77951567	      0.58818154	      2.54943608	     -3.66592442	      0.04449605	      9.07481722	     -4.06375713	     -7.50979866	     24.00564158	      0.38800492	     10.58135256	     53.19177440	      9.89238434	      0.92837160	      1.15811074	    -18.08643412	     -7.50979866	     -5.20184592	     -2.36259114	     -0.82743010	      4.97588378	     -8.44261495	     -8.42531847	     23.06200149	     90.00000001	      0.00000000	      0.00000000	     -7.15514353	     -9.58257001	    -14.11942983	     24.14028211	     90.00000001	      0.00000000	      0.00000000
      1.73000000	     -6.43105699	      2.39229167	      0.53638243	      0.19716810	      0.95953400	     -0.08099793	      3.46788081	      4.00216539	      0.62099086	      2.00697850	     -4.11234303	      0.03502838	      9.45516825	     -3.54447923	     -7.50961232	     25.14466348	      0.52371707	     10.57833135	     51.16703249	      9.59584865	      0.89303319	      1.28968942	    -18.24819346	     -7.50961232	     -4.88856084	     -2.51672431	     -0.54093584	      5.25856467	     -8.71007269	     -8.24830738	     24.15972303	     90.00000001	      0.00000000	      0.00000000	     -7.84175554	     -9.57556854	    -14.61912744	     23.47452848	     90.00000001	      0.00000000	      0.00000000
      1.74000000	     -6.50437523	      2.45987289	      0.34147760	      0.20744834	      0.95890684	     -0.08043962	      2.60817140	      4.16845104	      0.51052900	      1.54204115	     -4.51315564	      0.02691370	      9.91097616	     -2.92524140	     -7.50941129	     25.96740392	      0.68732097	     10.47602191	     48.82884764	      9.17753420	      0.85222416	      1.30086814	    -18.40409219	     -7.50941129	     -4.78102853	     -2.70378646	     -0.25995350	      5.55201271	     -9.03837258	     -7.83446720	     25.34365914	     90.00000001	      0.00000000	      0.00000000	     -8.39753581	     -9.52305497	    -15.46090144	     22.71361495	     90.00000001	      0.00000000	      0.00000000
      1.75000000	     -6.72550924	      2.17300152	      0.21868651	      0.21777594	      0.95764776	     -0.07988134	      2.03755851	      4.75902867	      0.09741390	      1.31949233	     -4.92418894	      0.02302949	     10.29600193	     -2.72051674	     -7.50931788	     27.04987281	      0.48499934	     10.10449823	     46.69759114	      8.43183910	      0.81502672	      1.36334620	    -18.42716194	     -7.50931788	     -4.45472261	     -2.47675113	     -0.07342680	      6.01261206	     -9.34784463	     -7.71737144	     26.09975115	     90.00000001	      0.00000000	      0.00000000	     -9.21402784	     -9.49322982	    -15.73815151	     22.27343015	     90.00000001	      0.00000000	      0.00000000
      1.76000000	     -6.26598826	      2.57877079	      0.02107854	      0.22853327	      0.95732837	     -0.07976424	      0.75687018	      4.38856890	     -1.24592734	      1.11953734	     -5.06939801	      0.01953961	     11.76334638	      0.30437548	     -7.50845275	     26.79584625	      1.15010662	      9.87512215	     43.44712315	      7.69007978	      0.75829535	      1.10738489	    -18.60356350	     -7.50845275	     -4.97359072	     -3.02808081	      0.05587953	      6.26022533	     -9.78483757	     -6.55135656	     27.56540202	     90.00000001	      0.00000000	      0.00000000	     -9.15657472	     -9.22699103	    -18.76787967	     20.76315577	     90.00000001	      0.00000000	      0.00000000
      1.77000000	     -6.49710736	      2.46040619	     -0.18617212	      0.23862757	      0.95559986	     -0.07915572	      0.23676091	      4.76205611	     -1.33142922	      0.95031302	     -5.43812980	      0.01658609	     12.32868390	      0.80814287	     -7.50829006	     27.55899230	      1.07920903	      9.83342271	     40.57993306	      7.16568497	      0.70825344	      1.01552238	    -18.62924285	     -7.50829006	     -4.68913462	     -3.01945990	      0.28880372	      6.63116951	    -10.08457346	     -6.30671806	     28.55853669	     90.00000001	      0.00000000	      0.00000000	     -9.82705702	     -9.24247904	    -19.03946160	     20.27324339	     90.00000001	      0.00000000	      0.00000000
      1.78000000	     -6.19888949	      2.51622073	     -0.30881185	      0.24930511	      0.95440254	     -0.07902475	     -0.80320688	      4.75937988	     -2.55968391	      0.86988961	     -5.50107666	      0.01518244	     13.50659114	      2.89653092	     -7.50769031	     27.44985717	      1.38161646	      9.67063742	     37.27406553	      6.26181457	      0.65055517	      0.68302045	    -18.67144795	     -7.50769031	     -5.00500108	     -3.18664986	      0.33661216	      7.05159337	    -10.47238678	     -5.62319648	     29.58488724	     90.00000001	      0.00000000	      0.00000000	    -10.16625485	     -9.12654436	    -20.59978037	     19.39600280	     90.00000001	      0.00000000	      0.00000000
      1.79000000	     -6.19419836	      2.41359241	     -0.44317640	      0.25964187	      0.95253386	     -0.07871506	     -1.52228766	      4.99594579	     -3.14044338	      0.80531762	     -5.66445378	      0.01405544	     14.37170228	      3.98448248	     -7.50724785	     27.66939331	      1.42655584	      9.81172024	     33.91035453	      5.57569449	      0.59184734	      0.33432474	    -18.67460517	     -7.50724785	     -5.00661422	     -3.19302406	      0.43415432	      7.44980576	    -10.81666947	     -5.17761214	     30.53191301	     90.00000001	      0.00000000	      0.00000000	    -10.65552278	     -9.08883997	    -21.34494260	     18.77715969	     90.00000001	      0.00000000	      0.00000000
      1.80000000	     -6.24551536	      2.24046929	     -0.57968198	      0.26994724	      0.95035409	     -0.07837518	     -2.18716000	      5.31233101	     -3.45487961	      0.75561124	     -5.83022452	      0.01318790	     15.18162065	      4.68860880	     -7.50695916	     27.87657611	      1.37115983	     10.11917028	     30.41899845	      4.91471181	      0.53091168	     -0.08326039	    -18.66747129	     -7.50695916	     -4.94874955	     -3.12228955	      0.53499627	      7.83511645	    -11.16482106	     -4.74167835	     31.45058236	     90.00000001	      0.00000000	      0.00000000	    -11.14174362	     -9.06164148	    -21.89738248	     18.18842878	     90.00000001	      0.00000000	      0.00000000
      1.81000000	     -6.58997135	      1.77583804	     -0.80104268	      0.28018874	      0.94745132	     -0.07774668	     -2.51900630	      6.07746774	     -3.42034169	      0.71873462	     -6.23449853	      0.01254429	     15.81706690	      5.05414732	     -7.50685734	     28.57437422	      0.94554151	     10.10488069	     27.34367303	      4.07515521	      0.47723712	     -0.17145353	    -18.32654641	     -7.50685734	     -4.53975098	     -2.73421093	      0.78691827	      8.16826763	    -11.50606137	     -4.53401264	     32.17905556	     90.00000001	      0.00000000	      0.00000000	    -11.79259134	     -9.00120624	    -22.07052838	     17.89437097	     90.00000001	      0.00000000	      0.00000000
      1.82000000	     -6.29124943	      1.77512383	     -0.85249376	      0.29094862	      0.94548703	     -0.07776074	     -3.56861684	      5.98027690	     -4.23705887	      0.72291559	     -6.02017333	      0.01261726	     17.00771654	      6.77570253	     -7.50626999	     27.97850507	      1.11788882	     10.88558764	     23.17715084	      3.39720881	      0.40451759	     -1.05011658	    -18.46277485	     -7.50626999	     -4.87981635	     -2.86443046	      0.68903068	      8.57939359	    -11.82260039	     -3.91880353	     33.12579315	     90.00000001	      0.00000000	      0.00000000	    -11.94465971	     -8.92043042	    -23.69498204	     16.95249604	     90.00000001	      0.00000000	      0.00000000
      1.83000000	     -6.43057109	      1.41907541	     -0.96888017	      0.30137041	      0.94267422	     -0.07745527	     -4.16788367	      6.45337112	     -4.16928125	      0.71017770	     -6.12874438	      0.01239494	     17.66375739	      6.94633418	     -7.50603042	     28.12034267	      0.83598285	     11.40815533	     19.58584912	      2.59837337	      0.34183755	     -1.64267191	    -18.26415100	     -7.50603042	     -4.73589877	     -2.59772422	      0.76393094	      8.90090014	    -12.16575140	     -3.49624991	     33.95563244	     90.00000001	      0.00000000	      0.00000000	    -12.40259461	     -8.88251989	    -23.99801289	     16.51376592	     90.00000001	      0.00000000	      0.00000000
      1.84000000	     -6.58655413	      1.01694267	     -1.09994825	      0.31187753	      0.93970575	     -0.07714581	     -4.75714905	      6.95692876	     -4.03173819	      0.70903902	     -6.21252499	      0.01237507	     18.34884476	      7.21009415	     -7.50581285	     28.28526233	      0.48380917	     11.76958702	     16.14719719	      1.73186019	      0.28182176	     -2.16210835	    -17.90841787	     -7.50581285	     -4.57110429	     -2.28041290	      0.84916815	      9.20648595	    -12.48729991	     -3.14657416	     34.72587272	     90.00000001	      0.00000000	      0.00000000	    -12.80018810	     -8.83251371	    -24.40877242	     16.05946875	     90.00000001	      0.00000000	      0.00000000
      1.85000000	     -6.99871866	      0.49154351	     -1.31045246	      0.32240827	      0.93626360	     -0.07666472	     -5.06111956	      7.67625158	     -3.75795302	      0.72417376	     -6.47115293	      0.01263922	     19.02930132	      7.45965353	     -7.50571035	     28.96623835	     -0.07546970	     11.52874763	     13.33999018	      0.89530026	      0.23282675	     -2.28918281	    -16.89237205	     -7.50571035	     -4.08852133	     -1.82147959	      1.04085351	      9.44243454	    -12.79741678	     -2.94551902	     35.37514599	     90.00000001	      0.00000000	      0.00000000	    -13.31186132	     -8.76257224	    -24.54859151	     15.82107765	     90.00000001	      0.00000000	      0.00000000
      1.86000000	     -7.29241790	      0.00799844	     -1.46575162	      0.33299445	      0.93302084	     -0.07632476	     -5.50978885	      8.26682629	     -3.48466673	      0.75620152	     -6.57442247	      0.01319821	     19.65944092	      7.60014919	     -7.50561524	     29.44282943	     -0.55838412	     11.27539499	     10.55308104	      0.09687979	      0.18418601	     -2.51005445	    -15.75552125	     -7.50561524	     -3.78025328	     -1.41053540	      1.16544149	      9.67110255	    -13.08412920	     -2.68750699	     36.03428409	     90.00000001	      0.00000000	      0.00000000	    -13.68595381	     -8.72758384	    -24.72601837	     15.45794437	     90.00000001	      0.00000000	      0.00000000
      1.87000000	     -7.30389662	     -0.37105077	     -1.57829611	      0.34383355	      0.93020017	     -0.07621257	     -6.32135295	      8.64394310	     -3.23654630	      0.74935532	     -6.51000078	      0.01307872	     20.12679486	      7.60702730	     -7.50543345	     29.59319578	     -0.85496433	     10.70870700	      8.02670671	     -0.72693222	      0.14009246	     -2.63949266	    -14.46955754	     -7.50543345	     -3.80693746	     -1.11607265	      1.20193830	      9.90494746	    -13.37162603	     -2.35936009	     36.71091942	     90.00000001	      0.00000000	      0.00000000	    -13.87102905	     -8.68664054	    -25.35285218	     14.94892427	     90.00000001	      0.00000000	      0.00000000
      1.88000000	     -7.69232841	     -0.82382215	     -1.73964018	      0.35455157	      0.92691460	     -0.07591706	     -6.65406390	      9.21101605	     -2.96475097	      0.82534550	     -6.65902916	      0.01440500	     20.68149745	      7.69828141	     -7.50534784	     30.39420806	     -1.32340207	      9.69110006	      6.17853335	     -1.25135719	      0.10783575	     -2.70611785	    -12.95087359	     -7.50534784	     -3.39566361	     -0.74547307	      1.31880140	     10.06404157	    -13.59059562	     -2.22810860	     37.19099815	     90.00000001	      0.00000000	      0.00000000	    -14.18093638	     -8.67216518	    -25.55065788	     14.67838222	     90.00000001	      0.00000000	      0.00000000
      1.89000000	     -7.96387860	     -1.19679019	     -1.90374015	      0.36543593	      0.92390423	     -0.07566286	     -7.13700332	      9.65978407	     -2.68950643	      0.88628819	     -6.75320017	      0.01546865	     21.13014677	      7.69060455	     -7.50527886	     31.09851652	     -1.70710683	      8.41186145	      4.74761077	     -1.61506510	      0.08286144	     -2.59545252	    -11.39315333	     -7.50527886	     -3.13011451	     -0.47835577	      1.43465814	     10.17522534	    -13.77764953	     -2.09684398	     37.63997312	     90.00000001	      0.00000000	      0.00000000	    -14.39046609	     -8.68271822	    -25.72854041	     14.38228890	     90.00000001	      0.00000000	      0.00000000
      1.90000000	     -7.79318007	     -1.37883999	     -2.38449746	      0.37706208	      0.92159122	     -0.07539580	     -8.25486738	      9.72657201	     -1.77055666	      0.86593652	     -6.67698891	      0.01511344	     21.25859051	      7.06933430	     -7.50482870	     31.90923400	     -2.08154077	      3.58998527	      4.91511772	     -1.70744474	      0.08578499	      0.74598101	     -3.69708981	     -7.50482870	     -3.31538240	     -0.39776301	      1.84281802	     10.28165581	    -14.01249037	     -1.89007887	     38.10233794	     90.00000001	      0.00000000	      0.00000000	    -14.26899214	     -8.64657599	    -27.10905738	     13.68629848	     90.00000001	      0.00000000	      0.00000000
      1.91000000	     -8.00079499	     -1.62993092	     -2.36382491	      0.38823099	      0.91893568	     -0.07556598	     -8.78989156	      9.97829372	     -1.76431812	      0.95564476	     -6.65958714	      0.01667915	     21.46923020	      7.06900731	     -7.50480133	     32.55217392	     -2.20616522	      2.77557147	      4.35707298	     -1.82052047	      0.07604527	      0.68579109	     -3.53030621	     -7.50480133	     -3.12989431	     -0.27401026	      1.72521745	     10.39348162	    -14.07355561	     -1.90449452	     38.31088083	     90.00000001	      0.00000000	      0.00000000	    -14.45269130	     -8.70607453	    -27.09284670	     13.52007010	     90.00000001	      0.00000000	      0.00000000
      1.92000000	     -7.99350165	     -1.61936587	     -2.89405742	      0.39984768	      0.91685105	     -0.07524953	     -9.64608350	      9.82857291	     -0.75869256	      1.05659983	     -6.63378714	      0.01844115	     21.64198157	      6.48975326	     -7.50440341	     33.07176859	     -2.46826273	     -0.32448575	      4.58441629	     -1.72905445	      0.08001316	      1.94051409	      0.51759318	     -7.50440341	     -3.14267688	     -0.43448174	      2.23179356	     10.31841664	    -14.19895660	     -1.85770609	     38.64391514	     90.00000001	      0.00000000	      0.00000000	    -14.35070739	     -8.78512108	    -27.53163531	     13.07389324	     90.00000001	      0.00000000	      0.00000000
      1.93000000	     -8.12940630	     -1.73703389	     -2.94901287	      0.41143508	      0.91467331	     -0.07537755	    -10.18937032	      9.87840707	     -0.74899343	      1.32366661	     -6.57294818	      0.02310234	     21.70581283	      6.48952538	     -7.50438421	     33.42974735	     -2.49067228	     -0.59901762	      4.61905724	     -1.77908625	      0.08061776	      1.83681741	      0.47716888	     -7.50438421	     -3.00419652	     -0.48359514	      2.20002870	     10.28292957	    -14.18089319	     -1.86380879	     38.71461030	     90.00000001	      0.00000000	      0.00000000	    -14.45478577	     -8.89394948	    -27.50862126	     13.02877421	     90.00000001	      0.00000000	      0.00000000
      1.94000000	     -8.14315139	     -1.55119243	     -3.17910483	      0.42316005	      0.91296055	     -0.07550258	    -10.91322116	      9.49918213	     -0.28708205	      1.50968928	     -6.45463919	      0.02634905	     21.94322513	      6.37776960	     -7.50432824	     33.68778098	     -2.30805374	     -1.27119004	      5.25480673	     -1.79391562	      0.09171368	      1.17386462	      0.05754848	     -7.50432824	     -3.00940443	     -0.87933657	      2.37606651	     10.13885104	    -14.15933786	     -1.95539921	     38.87809335	     90.00000001	      0.00000000	      0.00000000	    -14.29865753	     -9.08919783	    -27.38863717	     12.66675131	     90.00000001	      0.00000000	      0.00000000
      1.95000000	     -8.10156380	     -1.36501097	     -3.37537506	      0.43513550	      0.91156807	     -0.07567975	    -11.63521180	      9.06979491	      0.08584928	      1.84635304	     -6.24694625	      0.03222494	     21.85419091	      6.05498300	     -7.50426278	     33.81456920	     -2.08220277	     -1.40289718	      6.16883297	     -1.85873505	      0.10766645	      0.61908371	     -0.69915017	     -7.50426278	     -3.05547647	     -1.28943908	      2.50728181	      9.95052112	    -14.05252714	     -2.11892278	     38.90246910	     90.00000001	      0.00000000	      0.00000000	    -14.13683289	     -9.26520992	    -27.32350531	     12.46490406	     90.00000001	      0.00000000	      0.00000000
      1.96000000	     -8.07120900	     -1.13645843	     -3.53246089	      0.44719184	      0.91042470	     -0.07584374	    -12.23331348	      8.60927962	      0.38949061	      2.38723825	     -6.07657296	      0.04166517	     21.67088077	      5.82292089	     -7.50421533	     33.89587998	     -1.83443449	     -0.98842523	      7.28644625	     -1.82060131	      0.12717248	      0.02045011	     -1.32940609	     -7.50421533	     -3.08650109	     -1.77416055	      2.60354224	      9.72531590	    -13.91378514	     -2.23064629	     38.84739121	     90.00000001	      0.00000000	      0.00000000	    -13.96418851	     -9.46605241	    -27.25354214	     12.41234820	     90.00000001	      0.00000000	      0.00000000
      1.97000000	     -8.27735179	     -0.93905749	     -3.52853843	      0.45878444	      0.90950670	     -0.07618013	    -12.80964558	      8.21152277	      2.14077752	      2.54310046	     -5.84393507	      0.04438548	     20.40474866	      2.86216496	     -7.50388282	     33.88706964	     -1.45298895	      2.04987367	      8.00133226	     -1.73113164	      0.13964959	     -3.29747396	     -7.70133973	     -7.50388282	     -2.92007344	     -2.22755936	      2.54541816	      9.47451130	    -13.62247658	     -2.75880185	     38.59974710	     90.00000001	      0.00000000	      0.00000000	    -13.50328685	     -9.71475673	    -27.51075404	     12.03120819	     90.00000001	      0.00000000	      0.00000000
      1.98000000	     -8.26479095	     -0.60021843	     -3.49539583	      0.47104411	      0.90906907	     -0.07663509	    -13.30568751	      7.59045160	      2.59907911	      3.21069297	     -5.51919687	      0.05603716	     19.73183093	      1.86169363	     -7.50359582	     33.98140236	     -1.03435761	      3.53274149	      9.55536534	     -1.44844172	      0.16677259	     -5.02659826	    -10.53830101	     -7.50359582	     -2.93403708	     -2.86104333	      2.44842922	      9.13142964	    -13.32782475	     -3.09425991	     38.33838275	     90.00000001	      0.00000000	      0.00000000	    -13.13197228	     -9.98138233	    -27.46383818	     11.89726501	     90.00000001	      0.00000000	      0.00000000
      1.99000000	     -8.03999973	     -0.18840194	     -3.48886780	      0.48374635	      0.90919795	     -0.07717223	    -13.86746879	      6.79908061	      2.63722741	      4.17883397	     -5.04755270	      0.07293441	     19.18015677	      1.72288234	     -7.50355114	     33.92985325	     -0.64158866	      4.27946266	     11.38625972	     -0.99106214	      0.19872772	     -5.43538863	    -10.96898343	     -7.50355114	     -3.15971455	     -3.57546422	      2.31897176	      8.75968647	    -13.08943306	     -3.21689239	     38.11196134	     90.00000001	      0.00000000	      0.00000000	    -12.78147991	    -10.24384137	    -27.28958943	     11.87956300	     90.00000001	      0.00000000	      0.00000000
      2.00000000	     -7.77950296	      0.28491806	     -3.31772209	      0.49678673	      0.90968709	     -0.07814783	    -14.39999360	      5.97044994	      2.33875790	      5.22700690	     -4.63860037	      0.09122848	     18.18263275	      0.94139284	     -7.50347793	     33.96191009	     -0.04764997	      5.01768961	     13.60090877	     -0.53071750	      0.23738064	     -6.30467969	    -13.00311194	     -7.50347793	     -3.39665046	     -4.32443645	      2.11161799	      8.29116670	    -12.71463534	     -3.71676876	     37.65805517	     90.00000001	      0.00000000	      0.00000000	    -12.28821725	    -10.50118088	    -27.04156651	     11.72620997	     90.00000001	      0.00000000	      0.00000000
      2.01000000	     -7.80928652	      0.55832291	     -3.03926606	      0.50954160	      0.91037565	     -0.07887728	    -14.50451907	      5.40357291	      2.78542927	      6.53413843	     -4.04730392	      0.11404223	     16.73418929	     -0.68344828	     -7.50330556	     33.87545945	      0.30001328	      7.28024816	     14.87838865	      0.26782797	      0.25967687	     -8.13515266	    -16.31705974	     -7.50330556	     -3.33587004	     -4.88170737	      1.80577008	      7.77439190	    -12.24060075	     -4.33736234	     37.08524912	     90.00000001	      0.00000000	      0.00000000	    -11.79402061	    -10.79410575	    -26.78172002	     11.75519523	     90.00000001	      0.00000000	      0.00000000
      2.02000000	     -7.38406825	      0.88506623	     -2.86386027	      0.52295630	      0.91177941	     -0.07977782	    -14.96168217	      4.65265884	      2.51605147	      8.04974823	     -3.37951478	      0.14049461	     15.28156608	     -1.21703397	     -7.50325161	     33.40104376	      0.66643708	      8.02853764	     16.50532850	      0.94586892	      0.28807233	     -7.93186586	    -16.88803220	     -7.50325161	     -3.74204766	     -5.45865179	      1.57171478	      7.21557400	    -11.93523664	     -4.53122709	     36.54406305	     90.00000001	      0.00000000	      0.00000000	    -11.23379268	    -11.02466878	    -26.54289765	     11.78051704	     90.00000001	      0.00000000	      0.00000000
      2.03000000	     -7.01055665	      1.12417125	     -2.61620298	      0.53639039	      0.91348159	     -0.08080965	    -15.16482647	      3.99044799	      2.24453312	      9.89903264	     -2.62495509	      0.17277071	     13.53735969	     -1.86076044	     -7.50320482	     32.82715598	      0.99427744	      8.72036693	     17.82630855	      1.57617839	      0.31112778	     -7.60611036	    -17.33964779	     -7.50320482	     -4.08738267	     -5.90363332	      1.26400793	      6.63917127	    -11.58775632	     -4.83021095	     35.91239359	     90.00000001	      0.00000000	      0.00000000	    -10.64290187	    -11.21548821	    -26.28517325	     11.86670350	     90.00000001	      0.00000000	      0.00000000
      2.04000000	     -6.66203238	      1.34554869	     -2.33626111	      0.54972236	      0.91542837	     -0.08190333	    -15.20021414	      3.44468462	      2.16299179	     11.92709190	     -2.04568443	      0.20816702	     11.71404370	     -2.42209115	     -7.50316672	     32.13067576	      1.35526622	      9.40675248	     18.86776288	      2.13109674	      0.32930458	     -7.15548064	    -17.51566598	     -7.50316672	     -4.41798808	     -6.30147704	      0.94799224	      6.03302443	    -11.25996992	     -5.08630528	     35.22763127	     90.00000001	      0.00000000	      0.00000000	    -10.01267414	    -11.39190000	    -26.03813025	     12.03843621	     90.00000001	      0.00000000	      0.00000000
      2.05000000	     -6.27260960	      1.40850143	     -1.96278784	      0.56291433	      0.91778708	     -0.08313702	    -14.87582002	      3.04157859	      1.49832240	     14.64925558	     -1.39754465	      0.25567774	      9.16181923	     -3.78462792	     -7.50313670	     31.17339573	      1.67931559	      9.84655214	     19.49734477	      2.38277584	      0.34029286	     -6.55607380	    -17.89484390	     -7.50313670	     -4.80930631	     -6.48836806	      0.58744921	      5.52107037	    -10.90006067	     -5.51777612	     34.24455211	     90.00000001	      0.00000000	      0.00000000	     -9.21639551	    -11.53035452	    -25.74501152	     12.11920888	     90.00000001	      0.00000000	      0.00000000
      2.06000000	     -5.99645693	      1.44332548	     -1.60313217	      0.57581737	      0.92021114	     -0.08423558	    -14.17886123	      2.73306235	      0.94785617	     17.71682143	     -0.90680970	      0.30921687	      6.69065668	     -5.21609355	     -7.50310404	     30.20540546	      1.97571864	     10.08525494	     19.84490924	      2.49337057	      0.34635901	     -5.80643577	    -17.89416575	     -7.50310404	     -5.08307847	     -6.62396021	      0.25547222	      5.01149377	    -10.49768019	     -5.91607589	     33.16714855	     90.00000001	      0.00000000	      0.00000000	     -8.40431861	    -11.67562905	    -25.41531909	     12.31770570	     90.00000001	      0.00000000	      0.00000000
      2.07000000	     -6.04259866	      1.56642537	     -1.28668932	      0.58841745	      0.92239425	     -0.08510168	    -12.71655784	      2.44983247	      0.30566374	     21.46273271	     -0.76214137	      0.37459535	      4.39378132	     -7.07253996	     -7.50304690	     29.48844183	      2.32305619	     10.03034299	     19.98031543	      2.47387771	      0.34872229	     -5.02313473	    -17.63228629	     -7.50304690	     -4.95694727	     -6.87102450	     -0.02934758	      4.51103365	     -9.99777454	     -6.45567360	     31.92835867	     90.00000001	      0.00000000	      0.00000000	     -7.66059367	    -11.85623852	    -24.87412721	     12.58686125	     90.00000001	      0.00000000	      0.00000000
      2.08000000	     -6.04566161	      1.55376694	     -0.98892716	      0.60058740	      0.92471513	     -0.08636678	    -11.08344835	      2.15368966	     -0.35508562	     25.44076378	     -0.46896510	      0.44402509	      2.35657833	     -8.33370325	     -7.50297751	     28.67318573	      2.58545886	      9.84933793	     20.01702874	      2.32019598	      0.34936306	     -4.18296785	    -17.33385996	     -7.50297751	     -4.93541207	     -6.86545456	     -0.31856116	      4.10377629	     -9.63751555	     -6.89098057	     30.65119562	     90.00000001	      0.00000000	      0.00000000	     -6.87077702	    -11.87599835	    -24.17791220	     12.97217483	     90.00000001	      0.00000000	      0.00000000
      2.09000000	     -6.13189077	      1.61161518	     -0.74770717	      0.61249196	      0.92699752	     -0.08750119	     -9.12424174	      1.77664949	     -1.20060108	     29.67793390	     -0.39578540	      0.51797766	      0.76673880	     -9.37207848	     -7.50289629	     27.83672904	      2.91611238	      9.57362119	     19.84270422	      2.02225340	      0.34632052	     -3.39155660	    -16.91352596	     -7.50289629	     -4.81948036	     -6.92679014	     -0.55671245	      3.73669339	     -9.25642193	     -7.28124192	     29.29862365	     90.00000001	      0.00000000	      0.00000000	     -6.10348214	    -11.92810221	    -23.32758046	     13.45937415	     90.00000001	      0.00000000	      0.00000000
      2.10000000	     -5.88946407	      1.61816042	     -0.54615728	      0.62431486	      0.92985180	     -0.08845173	     -7.56112155	      1.54294598	     -2.04871561	     33.59825363	     -0.65785244	      0.58640015	     -0.58996986	    -10.34949992	     -7.50285158	     26.45472728	      3.07491911	      9.28455308	     19.30296232	      1.87648461	      0.33690025	     -2.46755348	    -16.51984204	     -7.50285158	     -5.11064634	     -6.92862910	     -0.82168719	      3.50088058	     -8.91809266	     -7.37556656	     27.87371080	     90.00000001	      0.00000000	      0.00000000	     -5.19380476	    -11.95370180	    -22.72206992	     13.88856828	     90.00000001	      0.00000000	      0.00000000
      2.11000000	     -6.31199378	      1.71683048	     -0.37430851	      0.63540141	      0.93170136	     -0.08968522	     -4.87173070	      1.03599797	     -2.90630456	     38.08346945	     -0.79927151	      0.66468193	     -0.98185059	    -11.28835500	     -7.50273026	     25.94567363	      3.42966086	      8.95655082	     18.95885023	      1.50836854	      0.33089436	     -1.91455106	    -16.04228697	     -7.50273026	     -4.65264212	     -6.96490842	     -1.01180320	      3.23967101	     -8.51939645	     -7.99792930	     26.39961814	     90.00000001	      0.00000000	      0.00000000	     -4.54761941	    -11.95732697	    -21.22779433	     14.68446179	     90.00000001	      0.00000000	      0.00000000
      2.12000000	     -6.07980213	      1.69902417	     -0.19840341	      0.64687584	      0.93464705	     -0.09071851	     -3.21251550	      0.78884485	     -3.75441629	     41.64462301	     -1.24615728	      0.72683579	     -1.44568983	    -12.45516865	     -7.50268552	     24.40122611	      3.58093606	      8.88748465	     18.04933815	      1.27794103	      0.31502038	     -1.20524314	    -15.52574768	     -7.50268552	     -4.95442868	     -6.86608380	     -1.28728962	      3.08271686	     -8.22154145	     -8.00951601	     24.91154175	     90.00000001	      0.00000000	      0.00000000	     -3.62594116	    -11.92463429	    -20.55969475	     15.22191785	     90.00000001	      0.00000000	      0.00000000
      2.13000000	     -6.36276359	      1.74209879	     -0.02483790	      0.65765856	      0.93681227	     -0.09188362	     -0.74417030	      0.35720895	     -4.36454668	     45.42134619	     -1.44668672	      0.79275204	     -1.28268115	    -13.74051006	     -7.50254773	     23.57901358	      3.84992270	      8.82269285	     17.35145482	      0.95892317	      0.30284002	     -0.84957488	    -15.20961019	     -7.50254773	     -4.69471849	     -6.79611906	     -1.52101066	      2.95387566	     -7.84315980	     -8.64254562	     23.39871536	     90.00000001	      0.00000000	      0.00000000	     -2.99942747	    -11.93057413	    -18.77394516	     16.22438430	     90.00000001	      0.00000000	      0.00000000
      2.14000000	     -6.06135725	      1.56698143	      0.16233118	      0.66881639	      0.93988385	     -0.09279805	      0.80271180	      0.31669912	     -5.16207994	     48.28190581	     -1.99410658	      0.84267823	     -0.96316047	    -14.71546778	     -7.50250030	     21.94724325	      3.76381686	      8.80026568	     16.35904333	      0.82647832	      0.28551917	     -0.13676825	    -14.61037387	     -7.50250030	     -5.10321634	     -6.47529661	     -1.83839630	      2.87140174	     -7.59108743	     -8.51068951	     21.97917508	     90.00000001	      0.00000000	      0.00000000	     -2.02195026	    -11.85401521	    -18.12847001	     16.82102179	     90.00000001	      0.00000000	      0.00000000
      2.15000000	     -5.99804390	      1.44927996	      0.35183464	      0.67968814	      0.94260408	     -0.09397467	      2.69745007	      0.09158939	     -5.77016845	     50.99569331	     -2.28169283	      0.89004275	     -0.55970981	    -15.69992793	     -7.50244806	     20.54929750	      3.84221321	      8.97131281	     15.27278048	      0.51307016	      0.26656031	      0.26051133	    -14.03151707	     -7.50244806	     -5.24000617	     -6.16628616	     -2.16989224	      2.78611016	     -7.33775741	     -8.63773102	     20.56882496	     90.00000001	      0.00000000	      0.00000000	     -1.19070929	    -11.76839254	    -17.22847471	     17.60329432	     90.00000001	      0.00000000	      0.00000000
      2.16000000	     -5.90580829	      1.22187407	      0.53761852	      0.69028417	      0.94534851	     -0.09502473	      4.52549811	      0.03630913	     -6.20942359	     53.27117870	     -2.51138090	      0.92975746	      0.07429102	    -16.40424217	     -7.50240145	     19.17891968	      3.76950358	      9.14628387	     14.27166896	      0.25436327	      0.24908761	      0.62528268	    -13.56948735	     -7.50240145	     -5.46026598	     -5.72079939	     -2.47290905	      2.72131394	     -7.09172570	     -8.76075195	     19.26584222	     90.00000001	      0.00000000	      0.00000000	     -0.31818365	    -11.66462413	    -16.28863536	     18.46588401	     90.00000001	      0.00000000	      0.00000000
      2.17000000	     -6.07910055	      1.09474980	      0.77907499	      0.70051953	      0.94763552	     -0.09628865	      6.70194793	     -0.26419766	     -6.34133319	     55.35803026	     -2.29974726	      0.96617990	      0.74049588	    -16.84419741	     -7.50224921	     18.06249689	      3.90916963	      9.70187285	     13.15154347	     -0.14342081	      0.22953774	      0.33730653	    -13.89192066	     -7.50224921	     -5.40355106	     -5.35843564	     -2.80522839	      2.72146760	     -6.75888842	     -9.94327641	     17.90249687	     90.00000001	      0.00000000	      0.00000000	      0.02047834	    -11.82532245	    -13.31121156	     20.19570800	     90.00000001	      0.00000000	      0.00000000
      2.18000000	     -5.88516286	      0.63905003	      0.98294865	      0.71084338	      0.95035578	     -0.09732455	      8.31665565	      0.00296256	     -6.61253691	     56.69495228	     -2.42813595	      0.98951359	      1.44758439	    -16.92122933	     -7.50221859	     16.70865240	      3.57228561	      9.66254302	     12.36730640	     -0.42315581	      0.21585022	      0.78506362	    -13.27967798	     -7.50221859	     -5.77367894	     -4.60761141	     -3.12882533	      2.56450876	     -6.63950452	     -9.76065520	     17.01687471	     90.00000001	      0.00000000	      0.00000000	      1.04121336	    -11.62636131	    -12.95873146	     20.96397919	     90.00000001	      0.00000000	      0.00000000
      2.19000000	     -5.92567363	      0.43506052	      1.19525841	      0.72129741	      0.95261328	     -0.09832484	     10.15904561	     -0.11662509	     -6.49666823	     57.76529579	     -2.08566003	      1.00819461	      2.09262919	    -17.01056258	     -7.50209191	     15.26434619	      3.54957000	     10.13140162	     10.87842829	     -0.83518049	      0.18986439	      0.84190273	    -12.88428553	     -7.50209191	     -5.80773040	     -4.15848955	     -3.46139726	      2.47026238	     -6.39120963	    -10.38147247	     15.86492157	     90.00000001	      0.00000000	      0.00000000	      1.52535000	    -11.78498976	    -10.94728997	     22.49786777	     90.00000001	      0.00000000	      0.00000000
      2.20000000	     -5.97152040	     -0.01686785	      1.39887963	      0.73149241	      0.95467879	     -0.09924369	     11.98060588	      0.15856668	     -6.47602946	     58.36448828	     -1.94935274	      1.01865249	      2.71792507	    -16.80400405	     -7.50205123	     14.10839662	      3.19249849	     10.19582854	      9.89569093	     -1.12077660	      0.17271239	      1.24673111	    -12.19802272	     -7.50205123	     -5.86279769	     -3.40943573	     -3.76763095	      2.20855076	     -6.28556368	    -10.33086734	     15.12655917	     90.00000001	      0.00000000	      0.00000000	      2.39933437	    -11.67504168	    -10.48380865	     23.45624028	     90.00000001	      0.00000000	      0.00000000
      2.21000000	     -6.06047545	     -0.42692186	      1.57755766	      0.74163582	      0.95645041	     -0.10011031	     13.81220062	      0.42062941	     -6.29928763	     58.62521053	     -1.71863678	      1.02320295	      3.37247938	    -16.53813538	     -7.50201815	     13.00115893	      2.90995426	     10.26196127	      8.93911831	     -1.49158663	      0.15601705	      1.64044965	    -11.51683939	     -7.50201815	     -5.87322174	     -2.71778266	     -4.03881490	      1.88340047	     -6.16380352	    -10.34775071	     14.56975715	     90.00000001	      0.00000000	      0.00000000	      3.23884209	    -11.57163045	     -9.91611569	     24.53683312	     90.00000001	      0.00000000	      0.00000000
      2.22000000	     -6.05714841	     -0.71324357	      1.78285875	      0.75183964	      0.95804998	     -0.10093430	     15.42312810	      0.47050906	     -5.76747886	     58.49378923	     -1.05780409	      1.02090921	      3.84020139	    -16.34938470	     -7.50189341	     11.63477257	      2.72637338	     10.62250436	      7.64489340	     -1.84528029	      0.13342856	      1.68403132	    -11.13704057	     -7.50189341	     -5.98205245	     -2.16617232	     -4.28771899	      1.58953857	     -5.96493486	    -11.22203818	     14.03975303	     90.00000001	      0.00000000	      0.00000000	      3.66171636	    -11.89305725	     -7.59570175	     26.38777528	     90.00000001	      0.00000000	      0.00000000
      2.23000000	     -6.25605676	     -1.07183786	      1.94837188	      0.76192012	      0.95907548	     -0.10176460	     17.26438021	      0.65104755	     -5.44900942	     58.06225005	     -0.68769572	      1.01337743	      4.41298718	    -16.00067006	     -7.50185197	     10.68966196	      2.42710004	     10.73375653	      6.71312352	     -2.08928429	      0.11716611	      2.10314375	    -10.46125040	     -7.50185197	     -5.84355739	     -1.52863035	     -4.51830448	      1.10205011	     -5.88190422	    -11.34072702	     13.79742783	     90.00000001	      0.00000000	      0.00000000	      4.43432465	    -11.86394991	     -7.09816320	     27.58059640	     90.00000001	      0.00000000	      0.00000000
      2.24000000	     -6.27840177	     -1.33923144	      2.12139101	      0.77212543	      0.96005762	     -0.10256006	     18.76387595	      0.72774705	     -4.89697661	     57.22944555	     -0.10612801	      0.99884225	      4.78122771	    -15.90507838	     -7.50177763	      9.49876325	      2.25221323	     10.84430132	      5.71518180	     -2.43701439	      0.09974874	      2.39060714	     -9.87354828	     -7.50177763	     -5.90706887	     -1.00126103	     -4.71754126	      0.60954547	     -5.76442520	    -11.78284184	     13.68446256	     90.00000001	      0.00000000	      0.00000000	      5.03651219	    -12.07795595	     -5.66020293	     29.16717959	     90.00000001	      0.00000000	      0.00000000
      2.25000000	     -6.37165831	     -1.59861442	      2.28013510	      0.78230479	      0.96059126	     -0.10326082	     20.28804542	      0.82252710	     -4.46082950	     56.11850507	      0.31630431	      0.97945268	      5.11191098	    -15.87517827	     -7.50170741	      8.45986955	      2.03540169	     10.91007360	      4.84221966	     -2.68018467	      0.08451268	      2.78972671	     -9.29618708	     -7.50170741	     -5.87919442	     -0.49420703	     -4.90026511	      0.05078477	     -5.65775792	    -12.16338401	     13.69436482	     90.00000001	      0.00000000	      0.00000000	      5.68503649	    -12.25323620	     -4.60867523	     30.65335431	     90.00000001	      0.00000000	      0.00000000
      2.26000000	     -6.60988854	     -1.72792927	      2.45503877	      0.79245899	      0.96060070	     -0.10413165	     21.92945098	      0.72065218	     -4.28114761	     54.79098617	      0.51072747	      0.95628311	      5.45280532	    -15.67637363	     -7.50168386	      7.76270771	      2.02069717	     10.72575339	      4.33180306	     -2.94140358	      0.07560423	      3.24592896	     -8.87182001	     -7.50168386	     -5.67401583	     -0.12935851	     -5.13204109	     -0.57947405	     -5.57654792	    -12.28831828	     13.82715490	     90.00000001	      0.00000000	      0.00000000	      6.45586609	    -12.28471351	     -4.29050870	     31.78120030	     90.00000001	      0.00000000	      0.00000000
      2.27000000	     -6.68208976	     -1.94655274	      2.55852571	      0.80276960	      0.96051391	     -0.10468753	     23.22839262	      0.78534655	     -3.65020589	     53.10684517	      1.02655736	      0.92688930	      5.63639559	    -15.98123910	     -7.50164671	      6.65003512	      1.74551578	     11.04745659	      3.35791010	     -3.04666184	      0.05860659	      3.80878015	     -8.09284840	     -7.50164671	     -5.65637297	      0.32406807	     -5.25220562	     -1.23880705	     -5.49757004	    -12.61022985	     14.10040264	     90.00000001	      0.00000000	      0.00000000	      6.97590431	    -12.53302712	     -3.17230452	     33.53106341	     90.00000001	      0.00000000	      0.00000000
      2.28000000	     -6.63597944	     -2.03368388	      2.69197401	      0.81320397	      0.96031321	     -0.10534551	     24.24388614	      0.69729153	     -3.24924648	     51.07145370	      1.29882918	      0.89136502	      5.55880623	    -16.34976370	     -7.50160823	      5.56003912	      1.67689051	     10.99729054	      2.73518017	     -3.21160366	      0.04773790	      4.32133716	     -7.54422328	     -7.50160823	     -5.76340821	      0.63622472	     -5.41503370	     -1.85107445	     -5.39597483	    -12.92546642	     14.36722905	     90.00000001	      0.00000000	      0.00000000	      7.57830414	    -12.82919469	     -2.07959593	     35.09076764	     90.00000001	      0.00000000	      0.00000000
      2.29000000	     -6.81967347	     -1.84459578	      2.81965321	      0.82368517	      0.95945010	     -0.10618153	     25.51528163	      0.26141190	     -3.21370023	     49.00082017	      1.20118645	      0.85522565	      5.59700525	    -16.21473870	     -7.50158935	      4.92031931	      1.99045326	     10.67305046	      2.54377737	     -3.36724465	      0.04439729	      4.77192697	     -7.29111512	     -7.50158935	     -5.57177432	      0.61832595	     -5.62040110	     -2.49207339	     -5.29220650	    -13.04683475	     14.53293678	     90.00000001	      0.00000000	      0.00000000	      8.31433027	    -12.93690877	     -1.74837958	     36.10808273	     90.00000001	      0.00000000	      0.00000000
      2.30000000	     -6.35264004	     -2.08561934	      2.91525131	      0.83436841	      0.95942274	     -0.10647987	     25.65813826	      0.48129071	     -2.66465727	     46.08293043	      1.44768612	      0.80429887	      5.11047310	    -17.03912884	     -7.50152808	      3.34084377	      1.59687635	     10.71432455	      1.85594796	     -3.35407443	      0.03239240	      5.51485395	     -6.51002420	     -7.50152808	     -6.19103823	      1.09831675	     -5.67313268	     -2.99028686	     -5.19363205	    -13.51297451	     14.86344618	     90.00000001	      0.00000000	      0.00000000	      8.82861331	    -13.45228128	     -0.07999771	     38.03908917	     90.00000001	      0.00000000	      0.00000000
      2.31000000	     -6.64716164	     -1.72547414	      2.97647711	      0.84494269	      0.95784852	     -0.10719403	     26.87126110	     -0.09323417	     -2.67372835	     43.60847089	      1.15888800	      0.76111140	      5.17330440	    -16.65049416	     -7.50150991	      2.86991978	      2.09785966	     10.47972754	      1.79743399	     -3.47485633	      0.03137114	      6.06276769	     -6.28158693	     -7.50150991	     -5.85388221	      0.87158371	     -5.82958912	     -3.62320119	     -5.06414095	    -13.60386947	     15.06941689	     90.00000001	      0.00000000	      0.00000000	      9.51111904	    -13.54852566	      0.06624269	     38.98939888	     90.00000001	      0.00000000	      0.00000000
      2.32000000	     -6.24502052	     -1.94295702	      3.07132457	      0.85558385	      0.95733543	     -0.10740478	     26.76602801	      0.13916169	     -1.92389487	     39.99612309	      1.36751527	      0.69806404	      4.64193521	    -17.11034197	     -7.50145138	      1.50415333	      1.75659147	     10.62603131	      1.41355460	     -3.48921079	      0.02467118	      6.90967715	     -5.78215097	     -7.50145138	     -6.40614966	      1.31416515	     -5.93561133	     -4.04535456	     -4.97314211	    -13.92445636	     15.36181426	     90.00000001	      0.00000000	      0.00000000	     10.07312830	    -13.98516942	      1.21364213	     40.68502176	     90.00000001	      0.00000000	      0.00000000
      2.33000000	     -6.20524827	     -1.79689995	      3.10186713	      0.86641469	      0.95597444	     -0.10782406	     27.06901016	     -0.06888554	     -1.34045914	     36.45234372	      1.30318644	      0.63621342	      4.31535988	    -17.02291496	     -7.50139190	      0.63085319	      1.89683729	     10.63514185	      1.27802513	     -3.47663220	      0.02230575	      7.66277988	     -5.49293423	     -7.50139190	     -6.48266359	      1.34664975	     -6.03758179	     -4.53051601	     -4.87602320	    -14.10403934	     15.54735659	     90.00000001	      0.00000000	      0.00000000	     10.63316056	    -14.22147004	      1.75097208	     41.89115058	     90.00000001	      0.00000000	      0.00000000
      2.34000000	     -6.18636564	     -1.60393815	      3.11767791	      0.87725233	      0.95439239	     -0.10809853	     27.25334813	     -0.30264584	     -0.55725386	     32.64566984	      1.23769617	      0.56977443	      3.89263365	    -16.82252667	     -7.50133340	     -0.20863029	      2.10920021	     10.76139189	      1.19673893	     -3.52286806	      0.02088703	      8.31559582	     -5.47029092	     -7.50133340	     -6.53635053	      1.30392501	     -6.12880722	     -4.97219784	     -4.75723006	    -14.21905391	     15.68525054	     90.00000001	      0.00000000	      0.00000000	     11.19598921	    -14.48800791	      2.26657550	     43.04252970	     90.00000001	      0.00000000	      0.00000000
      2.35000000	     -6.19916391	     -1.36244803	      3.13329174	      0.88812503	      0.95259048	     -0.10837662	     27.29737494	     -0.58059957	      0.47993931	     28.54782805	      1.15569041	      0.49825359	      3.34502241	    -16.53770901	     -7.50127265	     -1.01002499	      2.38473024	     11.02548955	      1.14324999	     -3.57367583	      0.01995348	      8.88587265	     -5.68081160	     -7.50127265	     -6.55369751	      1.20658119	     -6.21378235	     -5.37570890	     -4.64274381	    -14.30639610	     15.78298559	     90.00000001	      0.00000000	      0.00000000	     11.73884669	    -14.73559806	      2.73978774	     44.13880753	     90.00000001	      0.00000000	      0.00000000
      2.36000000	     -6.28195894	     -1.01794426	      3.12440808	      0.89916744	      0.95045707	     -0.10855671	     27.29375497	     -0.99632405	      1.64889266	     24.30156145	      1.03472732	      0.42414226	      2.95468755	    -15.92966858	     -7.50122511	     -1.73035551	      2.78441698	     11.37787364	      1.15060921	     -3.63980563	      0.02008192	      9.45969741	     -6.00529361	     -7.50122511	     -6.46927035	      0.97412214	     -6.29618207	     -5.76184181	     -4.51740688	    -14.33265317	     15.80368505	     90.00000001	      0.00000000	      0.00000000	     12.20331968	    -15.02363472	      3.21196658	     45.21589141	     90.00000001	      0.00000000	      0.00000000
      2.37000000	     -6.38501844	     -0.68185290	      3.12796038	      0.91018985	      0.94814994	     -0.10869651	     27.12213603	     -1.36453955	      3.25488763	     19.81470847	      0.79627342	      0.34583190	      1.89431435	    -15.94303722	     -7.50113901	     -2.46634149	      3.20948726	     11.97247871	      1.10195283	     -3.79770919	      0.01923271	      9.81206522	     -6.74461204	     -7.50113901	     -6.36774779	      0.74795449	     -6.36758812	     -6.10077576	     -4.37817064	    -14.41943780	     15.83868366	     90.00000001	      0.00000000	      0.00000000	     12.66929931	    -15.27074938	      3.59339279	     46.16322187	     90.00000001	      0.00000000	      0.00000000
      2.38000000	     -6.45016256	     -0.21753036	      3.11262721	      0.92150358	      0.94554837	     -0.10877802	     26.92861066	     -1.92249328	      4.53624093	     15.59195539	      0.37180064	      0.27213096	      1.39430785	    -15.00648553	     -7.50108699	     -3.24059982	      3.77598804	     12.40632496	      1.12226691	     -3.94318985	      0.01958725	     10.22580016	     -7.36374965	     -7.50108699	     -6.27645482	      0.36630910	     -6.43268623	     -6.42232526	     -4.23152648	    -14.43611545	     15.81665717	     90.00000001	      0.00000000	      0.00000000	     13.04119219	    -15.60247535	      4.07244548	     47.18029801	     90.00000001	      0.00000000	      0.00000000
      2.39000000	     -6.62527967	      0.33026150	      3.10690658	      0.93288698	      0.94256025	     -0.10887759	     26.92601968	     -2.57796068	      5.58129598	     11.76441297	     -0.22452521	      0.20532774	      0.90156596	    -13.90190254	     -7.50104028	     -3.87723178	      4.46438335	     12.93134558	      1.20703042	     -4.11554410	      0.02106666	     10.64679486	     -8.00477238	     -7.50104028	     -6.04419201	     -0.12030394	     -6.48176902	     -6.75188460	     -4.08194309	    -14.45045603	     15.77132201	     90.00000001	      0.00000000	      0.00000000	     13.36307069	    -15.91312200	      4.49302266	     48.15646398	     90.00000001	      0.00000000	      0.00000000
      2.40000000	     -7.05667327	      0.97681344	      3.09034053	      0.94434520	      0.93896892	     -0.10896240	     27.52120322	     -3.33390001	      5.93582642	      8.84521853	     -0.92011725	      0.15437819	      0.68367208	    -12.14256411	     -7.50102213	     -4.19783951	      5.30298348	     13.37417208	      1.37037486	     -4.32418224	      0.02391755	     11.42251371	     -8.16826662	     -7.50102213	     -5.48208657	     -0.73894393	     -6.53380799	     -7.12479221	     -3.93200766	    -14.44011454	     15.76522333	     90.00000001	      0.00000000	      0.00000000	     13.55963154	    -16.20876777	      4.81881284	     49.04521023	     90.00000001	      0.00000000	      0.00000000
      2.41000000	     -6.98225434	      1.47701196	      3.06272188	      0.95610743	      0.93600331	     -0.10885853	     27.47336784	     -3.85483552	      5.85351364	      6.15134203	     -1.66692456	      0.10736117	      0.66421997	    -10.22240766	     -7.50097882	     -5.16300262	      5.86227798	     13.98862844	      1.42828636	     -4.41975423	      0.02492830	     11.56024724	     -9.24078274	     -7.50097882	     -5.51107418	     -1.17261348	     -6.53932499	     -7.33663145	     -3.80472762	    -14.46625943	     15.67609032	     90.00000001	      0.00000000	      0.00000000	     13.80989853	    -16.54541406	      5.27797622	     49.98913485	     90.00000001	      0.00000000	      0.00000000
      2.42000000	     -7.27175491	      2.01919733	      2.94545913	      0.96781912	      0.93241490	     -0.10866350	     28.14715515	     -4.35404697	      5.44574588	      4.41869488	     -2.31077719	      0.07712077	      0.57170468	     -8.70388707	     -7.50096580	     -5.61997399	      6.55550124	     14.25313159	      1.67194603	     -4.59721927	      0.02918096	     12.33189787	     -9.51899882	     -7.50096580	     -5.08857623	     -1.67267582	     -6.48633402	     -7.57960485	     -3.70978985	    -14.44286785	     15.60187210	     90.00000001	      0.00000000	      0.00000000	     13.92666383	    -16.78707241	      5.51195374	     50.73784334	     90.00000001	      0.00000000	      0.00000000
      2.43000000	     -7.04011351	      2.36963362	      3.06299509	      0.98010509	      0.92952225	     -0.10857993	     28.71430841	     -4.70642988	      1.94897839	      3.98942071	     -2.86602304	      0.06962853	      2.64605378	     -2.64049242	     -7.50087679	     -6.79360727	      6.88597114	     15.26632937	      1.76337707	     -4.66105919	      0.03077674	     12.29780358	    -10.82716371	     -7.50087679	     -5.24698839	     -1.93925626	     -6.59131709	     -7.73751191	     -3.61272367	    -14.45113953	     15.47833170	     90.00000001	      0.00000000	      0.00000000	     14.06482027	    -17.04995837	      5.87523064	     51.62291373	     90.00000001	      0.00000000	      0.00000000
      2.44000000	     -7.13350890	      2.73074921	      2.83783608	      0.99205348	      0.92621544	     -0.10797495	     29.25949094	     -4.89205455	      1.24756278	      3.25674841	     -3.19117003	      0.05684098	      2.48163798	     -1.99635167	     -7.50086783	     -7.40440907	      7.28146481	     15.35366237	      2.12141931	     -4.66513069	      0.03702575	     13.04014545	    -11.04988578	     -7.50086783	     -5.03736686	     -2.24907642	     -6.42443030	     -7.83430133	     -3.56110050	    -14.40446095	     15.35822692	     90.00000001	      0.00000000	      0.00000000	     14.12987390	    -17.18691845	      5.97655055	     52.19347015	     90.00000001	      0.00000000	      0.00000000
      2.45000000	     -6.81128543	      2.82444896	      2.86451333	      1.00460886	      0.92359248	     -0.10737578	     29.62868681	     -4.89955456	     -1.97873773	      3.53898123	     -3.45564246	      0.06176687	      3.83038389	      2.49343836	     -7.50079251	     -8.49802205	      7.23119042	     15.83508283	      2.49993596	     -4.51353406	      0.04363211	     13.55737377	    -11.44850641	     -7.50079251	     -5.27244323	     -2.25071650	     -6.48964380	     -7.85493255	     -3.51167148	    -14.39129473	     15.19924993	     90.00000001	      0.00000000	      0.00000000	     14.11179179	    -17.39715342	      6.14259764	     52.89230943	     90.00000001	      0.00000000	      0.00000000
      2.46000000	     -6.85411464	      2.97039474	      2.63483367	      1.01687176	      0.92057334	     -0.10648006	     30.01408961	     -4.85116199	     -2.22926413	      3.60438366	     -3.47920939	      0.06290836	      3.78145099	      2.46888067	     -7.50078889	     -9.09607737	      7.29388867	     15.87952727	      2.98459095	     -4.35647299	      0.05209094	     13.68272120	    -11.31987128	     -7.50078889	     -5.07333393	     -2.32011166	     -6.34457719	     -7.92467999	     -3.53228887	    -14.37104802	     15.22840503	     90.00000001	      0.00000000	      0.00000000	     14.11991890	    -17.44198520	      6.09974755	     53.01799606	     90.00000001	      0.00000000	      0.00000000
      2.47000000	     -6.57788180	      2.95886653	      2.39150282	      1.02926669	      0.91817023	     -0.10538033	     29.99315472	     -4.54638045	     -2.92695589	      3.97005532	     -3.60465265	      0.06929054	      3.13733546	      2.49051081	     -7.50077729	     -9.96512991	      7.16389376	     15.99082753	      3.67495701	     -4.13631460	      0.06414010	     14.84622875	    -11.88654296	     -7.50077729	     -5.29384933	     -2.22589536	     -6.20867655	     -7.70933211	     -3.54239595	    -14.26185779	     14.87842968	     90.00000001	      0.00000000	      0.00000000	     13.88879643	    -17.51964994	      6.01256684	     53.70657349	     90.00000001	      0.00000000	      0.00000000
      2.48000000	     -6.59738500	      2.99054364	      2.27505097	      1.04217986	      0.91562560	     -0.10432843	     30.05470445	     -4.40616214	     -2.85946140	      4.37860823	     -3.54578045	      0.07642113	      3.00316809	      2.52432394	     -7.50077345	    -10.57921819	      7.07091079	     16.11420058	      4.25014920	     -3.97536577	      0.07417910	     14.89098320	    -11.69672015	     -7.50077345	     -5.05141869	     -2.22224731	     -6.13843945	     -7.81109558	     -3.51463356	    -14.24972449	     14.91192109	     90.00000001	      0.00000000	      0.00000000	     13.66733550	    -17.50208865	      5.98325802	     53.71709138	     90.00000001	      0.00000000	      0.00000000
      2.49000000	     -6.05301333	      2.65309201	      1.89216314	      1.05463769	      0.91416944	     -0.10275169	     29.83987279	     -3.64735080	     -2.96906060	      5.79278895	     -3.67885543	      0.10110324	      2.09274639	      1.99994630	     -7.50075964	    -11.57348752	      6.48714309	     15.85271694	      5.18937168	     -3.51028917	      0.09057162	     15.69552649	    -12.16834206	     -7.50075964	     -5.61778424	     -1.75037481	     -5.95765843	     -7.34590038	     -3.64139758	    -14.15624582	     14.50767348	     90.00000001	      0.00000000	      0.00000000	     13.38332555	    -17.37713821	      5.45405380	     54.06394938	     90.00000001	      0.00000000	      0.00000000
      2.50000000	     -5.67742654	      2.30135086	      1.56841417	      1.06750011	      0.91295136	     -0.10118513	     29.59024012	     -2.96488404	     -2.45082404	      7.13607328	     -3.66235258	      0.12454797	      1.38917047	      1.37235934	     -7.50074274	    -12.38422729	      5.88804478	     15.57645203	      6.14155412	     -3.03607659	      0.10719034	     15.84386404	    -12.20911660	     -7.50074274	     -5.91463637	     -1.28114076	     -5.81563965	     -7.04053850	     -3.75365105	    -14.21351394	     14.32344146	     90.00000001	      0.00000000	      0.00000000	     13.00514456	    -17.16115607	      4.93193919	     54.00785007	     90.00000001	      0.00000000	      0.00000000
      2.51000000	     -5.25924443	      1.98378636	      1.18983576	      1.08043379	      0.91221326	     -0.09942951	     29.37540051	     -2.36724209	     -1.69415738	      8.88884639	     -3.50337466	      0.15513964	      0.81972710	      0.81112332	     -7.50073083	    -13.16087690	      5.32189211	     15.19850872	      7.22666134	     -2.48159369	      0.12612903	     15.87021678	    -12.32035307	     -7.50073083	     -6.26324117	     -0.89889534	     -5.64885091	     -6.70392886	     -3.84856228	    -14.21395273	     14.16480463	     90.00000001	      0.00000000	      0.00000000	     12.59416132	    -16.95055539	      4.39441143	     53.78461224	     90.00000001	      0.00000000	      0.00000000
      2.52000000	     -4.87585793	      1.55083468	      0.74882955	      1.09360078	      0.91198283	     -0.09759203	     29.20014119	     -1.67872930	     -0.76733930	     10.85068304	     -3.21515354	      0.18938015	      0.45634097	     -0.18224844	     -7.50071508	    -13.74815174	      4.66966301	     14.51409047	      8.60341689	     -1.89708135	      0.15015795	     15.53963191	    -12.49437826	     -7.50071508	     -6.54755902	     -0.36099129	     -5.48436839	     -6.31822752	     -4.00031816	    -14.31293910	     14.00029355	     90.00000001	      0.00000000	      0.00000000	     12.02402213	    -16.60184623	      3.67528428	     53.35381519	     90.00000001	      0.00000000	      0.00000000
      2.53000000	     -4.42264056	      1.15903087	      0.32831952	      1.10681723	      0.91238427	     -0.09563904	     28.92113279	     -1.12953941	      0.24378483	     12.91967745	     -2.72796244	      0.22549091	      0.42861726	     -1.12878872	     -7.50070148	    -14.27232060	      4.02242788	     13.80636800	     10.19882708	     -1.16213183	      0.17800311	     14.93038959	    -12.73538857	     -7.50070148	     -6.92533593	      0.08493945	     -5.36248724	     -5.90466074	     -4.11208136	    -14.39937202	     13.87234216	     90.00000001	      0.00000000	      0.00000000	     11.44566797	    -16.28573782	      2.96030873	     52.76173274	     90.00000001	      0.00000000	      0.00000000
      2.54000000	     -3.95000176	      0.80406668	     -0.08501511	      1.12017463	      0.91336652	     -0.09369326	     28.52936998	     -0.69832033	      1.21550679	     14.89579518	     -2.08913083	      0.25998067	      0.74061001	     -2.05655365	     -7.50068911	    -14.64668246	      3.38383391	     13.06033800	     12.08066922	     -0.27135088	      0.21084745	     13.91265117	    -13.02341020	     -7.50068911	     -7.31060490	      0.47890482	     -5.25183974	     -5.48371381	     -4.23937454	    -14.49916327	     13.80297225	     90.00000001	      0.00000000	      0.00000000	     10.79066229	    -15.92011244	      2.24648252	     52.00873846	     90.00000001	      0.00000000	      0.00000000
      2.55000000	     -3.92476525	      0.55844566	     -0.59801148	      1.13313035	      0.91438299	     -0.09165616	     28.31713855	     -0.35431164	      3.63118094	     16.26452974	     -1.06107783	      0.28386960	      0.29456742	     -5.27063843	     -7.50061685	    -14.13666834	      2.97123246	     12.07093824	     14.67556636	      0.54827749	      0.25613695	     12.41402405	    -13.88074215	     -7.50061685	     -7.20610586	      0.73641725	     -5.09642579	     -4.90197850	     -4.30167164	    -15.55369851	     13.51780105	     90.00000001	      0.00000000	      0.00000000	     10.06868007	    -15.47671636	      1.39307110	     50.95405061	     90.00000001	      0.00000000	      0.00000000
      2.56000000	     -3.36439268	      0.21045461	     -0.92448849	      1.14675070	      0.91647726	     -0.08975506	     27.46712574	      0.02197620	      4.16315293	     17.65458641	     -0.45437284	      0.30813066	      1.24109789	     -5.67852595	     -7.50060368	    -14.23296614	      2.33334958	     11.15053218	     17.16263618	      1.43416342	      0.29954451	     10.53349224	    -14.33342970	     -7.50060368	     -7.65320475	      1.08770810	     -5.10199244	     -4.51531742	     -4.42533115	    -15.54407872	     13.60260787	     90.00000001	      0.00000000	      0.00000000	      9.36317949	    -15.10276714	      0.75624583	     49.81649077	     90.00000001	      0.00000000	      0.00000000
      2.57000000	     -2.91175792	     -0.04461575	     -1.21335456	      1.16025082	      0.91882747	     -0.08786736	     26.50560028	      0.31809209	      4.68985747	     18.57526429	      0.09260371	      0.32419952	      2.17064926	     -6.08086422	     -7.50059485	    -13.95163761	      1.75157480	     10.27782579	     20.02139637	      2.40136110	      0.34943929	      8.07873878	    -15.14213401	     -7.50059485	     -7.97470498	      1.31026231	     -5.13923465	     -4.15414420	     -4.51093624	    -15.67768926	     13.76102292	     90.00000001	      0.00000000	      0.00000000	      8.67215092	    -14.72829692	      0.15455610	     48.45375542	     90.00000001	      0.00000000	      0.00000000
      2.58000000	     -2.66157689	     -0.22371793	     -1.51651076	      1.17347343	      0.92118773	     -0.08602068	     25.60825373	      0.61478272	      5.13408939	     19.13607986	      0.44597420	      0.33398760	      2.95731759	     -6.25883153	     -7.50058347	    -13.14445791	      1.21522560	      9.39051938	     23.31905793	      3.42337000	      0.40699434	      5.47027624	    -15.98895655	     -7.50058347	     -8.06824981	      1.44628236	     -5.11036670	     -3.83440010	     -4.58849077	    -15.88237234	     13.98349985	     90.00000001	      0.00000000	      0.00000000	      8.02173410	    -14.31945775	     -0.40260045	     46.92419366	     90.00000001	      0.00000000	      0.00000000
      2.59000000	     -2.36761776	     -0.39246855	     -1.70977023	      1.18664440	      0.92375354	     -0.08424727	     24.47582880	      0.95008086	      5.32140898	     19.36976772	      0.55467139	      0.33806622	      3.90105952	     -6.26639567	     -7.50057384	    -12.22662222	      0.67574225	      8.48611037	     26.75036311	      4.24554690	      0.46688191	      2.65371192	    -16.59980714	     -7.50057384	     -8.19436317	      1.54508068	     -5.16604916	     -3.55958233	     -4.62950862	    -16.07303544	     14.33669403	     90.00000001	      0.00000000	      0.00000000	      7.42118843	    -13.98235830	     -0.76676461	     45.20884879	     90.00000001	      0.00000000	      0.00000000
      2.60000000	     -2.13733447	     -0.54285228	     -1.85877688	      1.19970249	      0.92628007	     -0.08244067	     23.28480944	      1.33914726	      5.27014599	     19.31425142	      0.43613980	      0.33709728	      4.81105756	     -6.03901982	     -7.50056530	    -11.07563739	      0.12722985	      7.57341811	     30.32176628	      4.91034015	      0.52921466	     -0.09291405	    -17.09214051	     -7.50056530	     -8.22688651	      1.60093968	     -5.17957001	     -3.36379979	     -4.66980306	    -16.23779674	     14.78842543	     90.00000001	      0.00000000	      0.00000000	      6.87893130	    -13.66007849	     -1.03872460	     43.36893473	     90.00000001	      0.00000000	      0.00000000
      2.61000000	     -2.30274589	     -0.64845679	     -2.00571132	      1.21226782	      0.92814235	     -0.08059004	     22.64243947	      1.84037890	      4.98818302	     19.40142868	     -0.03160333	      0.33861881	      5.61930075	     -5.45569453	     -7.50054235	     -9.17998325	     -0.46749319	      6.56799639	     34.28242675	      5.54077587	      0.59834122	     -2.08154469	    -17.36706097	     -7.50054235	     -7.80905156	      1.60357160	     -5.17432267	     -3.22951910	     -4.68080142	    -16.35731561	     15.28899904	     90.00000001	      0.00000000	      0.00000000	      6.34680546	    -13.25757199	     -1.51683204	     41.41371178	     90.00000001	      0.00000000	      0.00000000
      2.62000000	     -2.16595024	     -0.74814944	     -2.07264180	      1.22489877	      0.93044659	     -0.07886228	     21.46663873	      2.33350557	      4.69971087	     19.12194208	     -0.58319881	      0.33374085	      6.41570846	     -4.81883419	     -7.50052694	     -7.68745080	     -0.99987213	      5.65578268	     37.85507745	      5.84206243	      0.66069574	     -4.00337839	    -17.66290421	     -7.50052694	     -7.73729863	      1.57498208	     -5.14360701	     -3.13744721	     -4.69613732	    -16.35275672	     15.93576615	     90.00000001	      0.00000000	      0.00000000	      5.92649123	    -12.93829834	     -1.72507896	     39.42643080	     90.00000001	      0.00000000	      0.00000000
      2.63000000	     -1.93348278	     -0.73726327	     -2.02269398	      1.23747130	      0.93279703	     -0.07746128	     20.14294894	      2.62937862	      4.39589960	     18.75081985	     -1.09110420	      0.32726354	      7.35538959	     -4.30221259	     -7.50051513	     -6.27038157	     -1.32797549	      4.76559731	     41.19813846	      5.76237950	      0.71904316	     -5.38661162	    -17.83432547	     -7.50051513	     -7.76077739	      1.42486417	     -5.18226742	     -3.06433273	     -4.71463806	    -16.27493615	     16.63406593	     90.00000001	      0.00000000	      0.00000000	      5.53650317	    -12.67860362	     -1.78382849	     37.46393139	     90.00000001	      0.00000000	      0.00000000
      2.64000000	     -1.80439168	     -0.73909402	     -1.95014535	      1.24969842	      0.93490572	     -0.07599127	     18.97570507	      2.97252776	      4.17109846	     18.42382523	     -1.61058700	      0.32155641	      8.16048241	     -3.80444896	     -7.50050404	     -4.63760264	     -1.66796089	      3.86294666	     44.46484781	      5.49835368	      0.77605800	     -6.05052952	    -18.01576846	     -7.50050404	     -7.69350337	      1.26330295	     -5.19824904	     -2.99307315	     -4.71067180	    -16.11916534	     17.35804952	     90.00000001	      0.00000000	      0.00000000	      5.18287019	    -12.39751585	     -2.00871296	     35.47502121	     90.00000001	      0.00000000	      0.00000000
      2.65000000	     -2.00496543	     -0.72820089	     -1.90370545	      1.26145765	      0.93642523	     -0.07443170	     18.32179935	      3.37836109	      4.08476721	     18.33475904	     -2.20536023	      0.32000191	      8.76388185	     -3.49045184	     -7.50048279	     -2.49308228	     -2.05478401	      2.96078972	     47.72477387	      5.20910870	      0.83295444	     -5.87468129	    -18.05314919	     -7.50048279	     -7.27849214	      1.06805794	     -5.17125310	     -2.97478738	     -4.73890281	    -15.60903650	     18.12501189	     90.00000001	      0.00000000	      0.00000000	      4.85885475	    -11.99752599	     -2.83450130	     33.41333800	     90.00000001	      0.00000000	      0.00000000
      2.66000000	     -1.81604030	     -0.59682767	     -1.73166196	      1.27333694	      0.93855510	     -0.07325062	     17.03381031	      3.47212615	      4.14356823	     17.88656419	     -2.54699917	      0.31217944	      9.47105005	     -3.32810062	     -7.50047082	     -0.88911452	     -2.14438067	      2.13926617	     50.38658143	      4.57675713	      0.87941174	     -5.67806470	    -18.14706616	     -7.50047082	     -7.30876526	      0.72588560	     -5.21030589	     -2.84356862	     -4.72888917	    -15.34775478	     18.81680051	     90.00000001	      0.00000000	      0.00000000	      4.53389947	    -11.78376262	     -3.08786583	     31.55937393	     90.00000001	      0.00000000	      0.00000000
      2.67000000	     -1.40996184	     -0.23583801	     -1.64414788	      1.28487113	      0.94095514	     -0.07194512	     15.61323140	      3.32484640	      4.23767271	     17.62588061	     -2.90322766	      0.30762965	     10.03297084	     -3.22060444	     -7.50046499	      0.37888511	     -1.92700180	      1.64390260	     52.50223560	      4.18130606	      0.91633688	     -5.08955823	    -18.29785099	     -7.50046499	     -7.64951332	      0.06498709	     -5.19465769	     -2.52245205	     -4.64608723	    -15.17543835	     19.35100829	     90.00000001	      0.00000000	      0.00000000	      4.06956380	    -11.75478089	     -3.21428094	     30.29057923	     90.00000001	      0.00000000	      0.00000000
      2.68000000	     -1.83569016	     -0.35036379	     -1.46938724	      1.29604580	      0.94224454	     -0.07092019	     14.84755503	      3.65325945	      5.17044748	     16.82156536	     -2.96490958	      0.29359170	     10.08998382	     -4.37867360	     -7.50042568	      2.91960928	     -2.34149310	      0.98765591	     55.04439019	      3.65133925	      0.96070584	     -4.37999745	    -18.26250900	     -7.50042568	     -7.03430131	      0.02529203	     -5.20839373	     -2.55559903	     -4.82972685	    -14.04830358	     20.17152473	     90.00000001	      0.00000000	      0.00000000	      4.00297528	    -11.12136999	     -5.10482861	     27.72985588	     90.00000001	      0.00000000	      0.00000000
      2.69000000	     -1.67992187	     -0.09725399	     -1.26724757	      1.30739585	      0.94432828	     -0.07000642	     13.48873260	      3.47738733	      5.31980271	     16.10340381	     -3.11751006	      0.28105742	     10.63968430	     -4.23135961	     -7.50041671	      4.55815752	     -2.18590265	      0.77985226	     56.70794768	      3.31749462	      0.98974040	     -3.72236103	    -18.29320433	     -7.50041671	     -7.09006676	     -0.48987545	     -5.24209854	     -2.27959206	     -4.82463947	    -13.79492382	     20.67045578	     90.00000001	      0.00000000	      0.00000000	      3.55649156	    -11.04278131	     -5.33369863	     26.28374534	     90.00000001	      0.00000000	      0.00000000
      2.70000000	     -1.77855221	      0.04045471	     -1.11820400	      1.31833144	      0.94605119	     -0.06913585	     12.34224937	      3.48156717	      5.91058017	     15.23694020	     -3.29058278	      0.26593477	     10.69745291	     -4.84882183	     -7.50039139	      6.54092991	     -2.17977648	      0.96482825	     58.21718231	      3.41999486	      1.01608151	     -2.94011782	    -18.28744591	     -7.50039139	     -6.91067591	     -0.86936685	     -5.24430196	     -2.05970268	     -4.94407916	    -12.90240034	     21.28109785	     90.00000001	      0.00000000	      0.00000000	      3.32601488	    -10.67878071	     -7.02683150	     24.46030674	     90.00000001	      0.00000000	      0.00000000
      2.71000000	     -1.75640325	      0.37039302	     -0.98638787	      1.32937332	      0.94788315	     -0.06840236	     11.07248883	      3.19462778	      6.07723162	     14.34038589	     -3.44614801	      0.25028695	     11.14538416	     -4.55361794	     -7.50038421	      8.27084975	     -1.84029491	      1.22975908	     59.19860078	      3.52142912	      1.03321050	     -2.31606587	    -18.30039436	     -7.50038421	     -6.85768467	     -1.47686466	     -5.19638080	     -1.74225131	     -4.96968694	    -12.61363454	     21.72604848	     90.00000001	      0.00000000	      0.00000000	      2.77375141	    -10.65961746	     -7.19851112	     23.26955410	     90.00000001	      0.00000000	      0.00000000
      2.72000000	     -1.83621635	      0.65582083	     -0.84967401	      1.34021959	      0.94950063	     -0.06778463	      9.86680998	      2.97000221	      6.26179777	     13.32889748	     -3.65770754	      0.23263315	     11.46912502	     -4.25553592	     -7.50037675	     10.10437121	     -1.54856115	      1.85553527	     59.90675905	      3.99241006	      1.04557019	     -1.69985671	    -18.28052979	     -7.50037675	     -6.71327738	     -2.02482610	     -5.13973163	     -1.46160537	     -5.05408928	    -12.12181996	     22.22809723	     90.00000001	      0.00000000	      0.00000000	      2.24329380	    -10.57404024	     -7.72998017	     22.08146134	     90.00000001	      0.00000000	      0.00000000
      2.73000000	     -2.00034116	      0.77619708	     -0.75035623	      1.35073314	      0.95087477	     -0.06723353	      8.68891825	      2.97770404	      6.83891220	     12.19641565	     -3.91910676	      0.21286761	     11.24202397	     -4.87883972	     -7.50034930	     12.03969883	     -1.44617231	      2.84611063	     60.41352281	      4.82235124	      1.05441489	     -1.08913433	    -18.30770042	     -7.50034930	     -6.52339791	     -2.37300300	     -5.08184644	     -1.25641208	     -5.31700410	    -10.82122196	     22.93733818	     90.00000001	      0.00000000	      0.00000000	      2.04678691	    -10.18732933	    -10.32984732	     20.45372168	     90.00000001	      0.00000000	      0.00000000
      2.74000000	     -2.13184407	      1.08868127	     -0.70875603	      1.36146287	      0.95211659	     -0.06665445	      7.54807045	      2.71845394	      6.94010891	     11.14087130	     -4.15256140	      0.19444489	     11.56466451	     -4.41675159	     -7.50034132	     13.77894703	     -1.13556921	      3.64352313	     60.40752594	      5.62881803	      1.05431022	     -0.62048016	    -18.30388621	     -7.50034132	     -6.33193291	     -2.95588913	     -4.90555282	     -0.95932991	     -5.41447255	    -10.49204291	     23.45538558	     90.00000001	      0.00000000	      0.00000000	      1.35729639	    -10.20220187	    -10.62640558	     19.65975124	     90.00000001	      0.00000000	      0.00000000
      2.75000000	     -2.28085313	      1.35022855	     -0.64835707	      1.37206556	      0.95313941	     -0.06617624	      6.42544779	      2.53084715	      7.03172178	     10.08445779	     -4.43772377	      0.17600699	     11.83741374	     -3.97192289	     -7.50033428	     15.49267178	     -0.82633598	      4.52482928	     60.10546817	      6.41444891	      1.04903832	     -0.14498191	    -18.36853067	     -7.50033428	     -6.14930889	     -3.46451202	     -4.74834470	     -0.69772628	     -5.57058308	     -9.99669591	     24.04888939	     90.00000001	      0.00000000	      0.00000000	      0.65165453	    -10.20417750	    -11.17642587	     18.96874458	     90.00000001	      0.00000000	      0.00000000
      2.76000000	     -2.41655730	      1.58866497	     -0.73268391	      1.38266899	      0.95389712	     -0.06552238	      5.45788857	      2.47209055	      6.88786521	      9.34237779	     -4.90317156	      0.16305525	     12.11872376	     -3.68329464	     -7.50032975	     17.09268732	     -0.60869640	      4.94173110	     59.49507364	      6.94841109	      1.03838492	      0.28187622	    -18.42418864	     -7.50032975	     -5.97610602	     -3.94164607	     -4.41529382	     -0.43613546	     -5.74120852	     -9.66402089	     24.58281133	     90.00000001	      0.00000000	      0.00000000	     -0.15542467	    -10.23230168	    -11.57602907	     18.52155110	     90.00000001	      0.00000000	      0.00000000
      2.77000000	     -2.29347181	      1.70014899	     -0.60319294	      1.39328735	      0.95487747	     -0.06533294	      3.83641409	      2.36511012	      7.18692762	      7.92798044	     -5.06902316	      0.13836936	     12.01129019	     -3.55894639	     -7.50030959	     18.29843643	     -0.46728597	      6.03932578	     58.52893254	      7.87180990	      1.02152258	      0.58668057	    -18.59379935	     -7.50030959	     -6.14425160	     -4.25121770	     -4.39234692	     -0.26082070	     -6.09969197	     -8.25568116	     25.52968924	     90.00000001	      0.00000000	      0.00000000	     -0.53719879	    -10.01718822	    -14.07879760	     17.54900006	     90.00000001	      0.00000000	      0.00000000
      2.78000000	     -2.51958492	      1.90027762	     -0.70215223	      1.40365565	      0.95497478	     -0.06471184	      3.00959539	      2.31660859	      7.19065142	      7.24715248	     -5.45019146	      0.12648667	     12.37765491	     -3.19604429	     -7.50030512	     19.87542366	     -0.30420993	      6.29863906	     57.42854108	      8.21681655	      1.00231713	      0.89005222	    -18.65867449	     -7.50030512	     -5.90780152	     -4.67586633	     -4.00924229	      0.00293730	     -6.27653260	     -8.12135453	     26.09535616	     90.00000001	      0.00000000	      0.00000000	     -1.39105654	    -10.08017348	    -14.40295338	     17.35004404	     90.00000001	      0.00000000	      0.00000000
      2.79000000	     -2.51231908	      2.05723597	     -0.68475372	      1.41411054	      0.95521383	     -0.06441611	      1.73603678	      2.15097371	      7.31110310	      6.19381330	     -5.56802956	      0.10810244	     12.63380844	     -2.68806243	     -7.50029776	     21.03491838	     -0.14902234	      6.85937519	     55.92300837	      8.68856901	      0.97604062	      1.04899060	    -18.79699405	     -7.50029776	     -5.96196831	     -5.02222645	     -3.82189381	      0.25926479	     -6.52800435	     -7.58769908	     26.83649398	     90.00000001	      0.00000000	      0.00000000	     -2.20307868	    -10.09229016	    -15.24956070	     17.16907622	     90.00000001	      0.00000000	      0.00000000
      2.80000000	     -2.25869393	      2.22342784	     -0.76014689	      1.42470223	      0.95550477	     -0.06410773	      0.20679246	      2.01257545	      7.42790269	      5.20659289	     -5.78389785	      0.09087219	     12.74220908	     -2.50572368	     -7.50027608	     21.76611135	      0.02857715	      6.73247290	     54.11465991	      8.55697608	      0.94447899	      1.20325712	    -18.86065933	     -7.50027608	     -6.30258352	     -5.36518920	     -3.55897477	      0.53333062	     -6.84528173	     -6.84225874	     27.60652813	     90.00000001	      0.00000000	      0.00000000	     -2.71293891	     -9.99840471	    -17.16366193	     16.67673894	     90.00000001	      0.00000000	      0.00000000
      2.81000000	     -2.26744557	      2.28966614	     -0.75020886	      1.43500443	      0.95509797	     -0.06376643	     -0.87533930	      2.00994525	      7.34899068	      4.48772601	     -5.99675344	      0.07832559	     13.08431800	     -2.10666325	     -7.50026691	     22.78633499	      0.05442465	      6.83513601	     52.19994968	      8.56676203	      0.91106099	      1.29927502	    -18.94344165	     -7.50026691	     -6.36998431	     -5.60277872	     -3.35792500	      0.85553374	     -7.08929682	     -6.46313980	     28.22799021	     90.00000001	      0.00000000	      0.00000000	     -3.54929901	    -10.04053516	    -17.76400221	     16.67777194	     90.00000001	      0.00000000	      0.00000000
      2.82000000	     -2.11341910	      2.37400408	     -0.79200254	      1.44542153	      0.95465347	     -0.06352193	     -2.12871731	      1.94113631	      7.22241893	      3.77938951	     -6.14223018	      0.06596279	     13.43177202	     -1.66126618	     -7.50025435	     23.46979269	      0.14304724	      6.62483875	     49.97856538	      8.22128788	      0.87229052	      1.31740344	    -18.98826640	     -7.50025435	     -6.62590644	     -5.83970603	     -3.11916564	      1.18726171	     -7.38278479	     -5.96799403	     28.86972344	     90.00000001	      0.00000000	      0.00000000	     -4.27863130	    -10.04590456	    -18.60797398	     16.61272446	     90.00000001	      0.00000000	      0.00000000
      2.83000000	     -2.15494086	      2.34580737	     -0.81131662	      1.45554894	      0.95364914	     -0.06333719	     -3.05041212	      1.99429129	      7.09098624	      3.26089585	     -6.24688362	      0.05691337	     13.89203691	     -1.24925009	     -7.50024708	     24.33822090	      0.08385068	      6.57091118	     47.62285294	      7.94787665	      0.83117558	      1.28789068	    -19.02960651	     -7.50024708	     -6.69100763	     -5.93868693	     -2.87654900	      1.56044033	     -7.67258363	     -5.61113947	     29.40543439	     90.00000001	      0.00000000	      0.00000000	     -5.05930241	    -10.05075017	    -19.11648609	     16.66596542	     90.00000001	      0.00000000	      0.00000000
      2.84000000	     -2.04694126	      2.34060762	     -0.79099574	      1.46585340	      0.95261124	     -0.06319651	     -4.14948886	      2.03046266	      6.84721954	      2.76366549	     -6.36732496	      0.04823506	     14.37138422	     -0.76985602	     -7.50023873	     24.86434904	      0.08689044	      6.38998371	     44.91326697	      7.47221392	      0.78388439	      1.15558563	    -19.06464349	     -7.50023873	     -6.91928022	     -6.06748978	     -2.73830787	      1.96466120	     -7.95663178	     -5.12038110	     29.93276908	     90.00000001	      0.00000000	      0.00000000	     -5.78695888	    -10.07810610	    -19.73565614	     16.63684177	     90.00000001	      0.00000000	      0.00000000
      2.85000000	     -2.27956951	      2.11605331	     -0.80653935	      1.47580531	      0.95079338	     -0.06307608	     -4.72223171	      2.38000345	      6.71924186	      2.52139120	     -6.60999708	      0.04400658	     14.88422638	     -0.43779228	     -7.50023475	     25.81608575	     -0.19252123	      6.34444148	     42.25733209	      7.05240419	      0.73752958	      1.03372067	    -19.03353126	     -7.50023475	     -6.77451073	     -5.93111012	     -2.47468009	      2.36280381	     -8.25767599	     -4.85653541	     30.32684373	     90.00000001	      0.00000000	      0.00000000	     -6.51444459	    -10.04527357	    -20.01072456	     16.66887825	     90.00000001	      0.00000000	      0.00000000
      2.86000000	     -2.27866098	      2.00008581	     -0.77662073	      1.48587698	      0.94917191	     -0.06323622	     -5.60297774	      2.44783017	      6.53501101	      2.18264997	     -6.54976011	      0.03809443	     15.46652788	      0.00962197	     -7.50022965	     26.23895793	     -0.30244317	      6.50813489	     39.05976111	      6.67357997	      0.68172144	      0.75277807	    -19.04301265	     -7.50022965	     -6.91423618	     -5.90084030	     -2.35106814	      2.84686751	     -8.58137620	     -4.33833941	     30.67829506	     90.00000001	      0.00000000	      0.00000000	     -7.18564162	    -10.01326069	    -20.44442155	     16.64681160	     90.00000001	      0.00000000	      0.00000000
      2.87000000	     -2.52326775	      1.58334892	     -0.74284838	      1.49589308	      0.94685333	     -0.06342698	     -6.11947581	      2.98987239	      6.22377635	      2.03697222	     -6.75661900	      0.03555187	     15.98450789	      0.25601482	     -7.50022641	     27.05062942	     -0.68747760	      6.39180520	     36.13747117	      5.91159640	      0.63071786	      0.59599714	    -18.92211516	     -7.50022641	     -6.75678557	     -5.50014571	     -2.12991811	      3.28501960	     -8.92663964	     -4.05154902	     30.95651669	     90.00000001	      0.00000000	      0.00000000	     -7.82677443	     -9.91335470	    -20.65176154	     16.62534746	     90.00000001	      0.00000000	      0.00000000
      2.88000000	     -2.20292000	      1.66088081	     -0.60358444	      1.50611176	      0.94540294	     -0.06409597	     -7.32548107	      2.72843227	      5.57120519	      1.74246333	     -6.50417991	      0.03041172	     16.71786663	      1.05841663	     -7.50021780	     26.66467507	     -0.42163626	      6.93836141	     32.07765460	      5.35697876	      0.55986069	     -0.07285218	    -18.96580805	     -7.50021780	     -7.30090057	     -5.66832388	     -2.25127823	      3.89031114	     -9.24970806	     -3.28064915	     31.21199051	     90.00000001	      0.00000000	      0.00000000	     -8.30536666	     -9.85922074	    -21.40868899	     16.44085835	     90.00000001	      0.00000000	      0.00000000
      2.89000000	     -2.35707650	      1.37706600	     -0.55921960	      1.51619990	      0.94297990	     -0.06454656	     -7.87797192	      3.00137562	      4.98688690	      1.67843069	     -6.48712937	      0.02929414	     17.54179507	      2.05372113	     -7.50020658	     26.93846113	     -0.65075659	      7.35777382	     28.36800979	      4.71079024	      0.49511517	     -0.56651530	    -18.87959815	     -7.50020658	     -7.26398040	     -5.42574876	     -2.15147907	      4.41912325	     -9.56330842	     -2.83981700	     31.35712767	     90.00000001	      0.00000000	      0.00000000	     -8.78718046	     -9.73487918	    -22.03506437	     16.23572361	     90.00000001	      0.00000000	      0.00000000
      2.90000000	     -2.61621555	      0.96968560	     -0.49620860	      1.52614574	      0.94027198	     -0.06496816	     -8.31124759	      3.43382948	      4.62132369	      1.64662183	     -6.49826899	      0.02873897	     18.23661973	      2.56930997	     -7.50019809	     27.26307508	     -1.01851407	      7.97006584	     24.60197734	      4.03449882	      0.42938551	     -1.11246595	    -18.76440300	     -7.50019809	     -7.12178890	     -5.04682390	     -2.05173154	      4.95321425	     -9.87590174	     -2.40129921	     31.42508501	     90.00000001	      0.00000000	      0.00000000	     -9.27448780	     -9.62027997	    -22.34595058	     16.09493767	     90.00000001	      0.00000000	      0.00000000
      2.91000000	     -2.97683452	      0.45741561	     -0.51354571	      1.53604512	      0.93727474	     -0.06535221	     -8.62574556	      3.98151416	      4.49306397	      1.63836697	     -6.52629470	      0.02859490	     18.88521810	      2.94869454	     -7.50019255	     27.65446976	     -1.56403676	      8.52013098	     20.88436485	      3.31632443	      0.36450093	     -1.61538095	    -18.53492788	     -7.50019255	     -6.86913208	     -4.54551243	     -1.88833916	      5.49434172	    -10.19726530	     -1.98087239	     31.44803102	     90.00000001	      0.00000000	      0.00000000	     -9.76119452	     -9.46623958	    -22.51218991	     15.96461548	     90.00000001	      0.00000000	      0.00000000
      2.92000000	     -3.20724524	     -0.00571833	     -0.46402764	      1.54619502	      0.93436976	     -0.06587209	     -9.09781429	      4.46290858	      4.14128695	      1.63443726	     -6.53576881	      0.02852631	     19.48109157	      3.38948306	     -7.50018515	     27.80033407	     -1.96219674	      8.99065926	     17.20626353	      2.34859303	      0.30030595	     -2.36810671	    -18.30523860	     -7.50018515	     -6.74365196	     -4.10423288	     -1.82076690	      6.01121597	    -10.48045029	     -1.55979375	     31.47224695	     90.00000001	      0.00000000	      0.00000000	    -10.18677612	     -9.34167020	    -22.78487858	     15.81225832	     90.00000001	      0.00000000	      0.00000000
      2.93000000	     -3.54084254	     -0.56209273	     -0.51449480	      1.55631535	      0.93121456	     -0.06639486	     -9.43017268	      5.04882953	      3.92382104	      1.67804559	     -6.57508825	      0.02928742	     20.08803120	      3.86781633	     -7.50017720	     28.12152979	     -2.53013692	      9.14159871	     13.88748475	      1.39762666	      0.24238233	     -2.93251268	    -17.86623221	     -7.50017720	     -6.49903116	     -3.54563104	     -1.64522393	      6.50369292	    -10.79415909	     -1.17916351	     31.45634729	     90.00000001	      0.00000000	      0.00000000	    -10.58439360	     -9.16516103	    -23.03230967	     15.65941132	     90.00000001	      0.00000000	      0.00000000
      2.94000000	     -4.03642088	     -1.22503438	     -0.64959092	      1.56654697	      0.92777922	     -0.06667042	     -9.57623381	      5.81791032	      3.90233511	      1.77108067	     -6.73994201	      0.03091119	     20.60442612	      4.08819943	     -7.50017459	     28.87982479	     -3.28652304	      8.55032032	     11.37075567	      0.51105061	      0.19845712	     -3.04419984	    -16.76001532	     -7.50017459	     -6.04282726	     -2.89327647	     -1.35330933	      6.90956545	    -11.07007054	     -0.92832472	     31.37597925	     90.00000001	      0.00000000	      0.00000000	    -11.01873584	     -9.01625883	    -23.06532176	     15.58417812	     90.00000001	      0.00000000	      0.00000000
      2.95000000	     -4.32483796	     -1.81127429	     -0.77740339	      1.57681284	      0.92468016	     -0.06713849	     -9.93885300	      6.40572085	      3.95440392	      1.92865166	     -6.70950113	      0.03366132	     21.10124952	      4.32874885	     -7.50017096	     29.28222967	     -3.95846251	      7.92234015	      8.87640729	     -0.25555152	      0.15492253	     -3.11704337	    -15.46262088	     -7.50017096	     -5.85401342	     -2.30717394	     -1.17018903	      7.35723809	    -11.31750621	     -0.63039299	     31.36879156	     90.00000001	      0.00000000	      0.00000000	    -11.36180814	     -8.85099311	    -23.16489974	     15.43060942	     90.00000001	      0.00000000	      0.00000000
      2.96000000	     -4.43080660	     -2.25548118	     -0.96738188	      1.58749663	      0.92187927	     -0.06770271	    -10.54139320	      6.81204460	      3.87649936	      2.03746472	     -6.69904005	      0.03556047	     21.55878003	      4.68446299	     -7.50015897	     29.66891264	     -4.49334310	      6.13109874	      7.14565151	     -0.92181262	      0.12471515	     -2.38752025	    -12.68382604	     -7.50015897	     -5.84465285	     -1.88445272	     -0.91166784	      7.72353961	    -11.56387567	     -0.33417534	     31.40137289	     90.00000001	      0.00000000	      0.00000000	    -11.57590433	     -8.70208049	    -23.67503604	     15.18597877	     90.00000001	      0.00000000	      0.00000000
      2.97000000	     -4.60639670	     -2.69693740	     -1.23940717	      1.59827209	      0.91908287	     -0.06816239	    -11.03246162	      7.21846055	      4.00850330	      2.25465188	     -6.71027087	      0.03935110	     21.96109470	      4.78657017	     -7.50014649	     30.35163977	     -5.12962261	      3.49187136	      6.18764138	     -1.26990854	      0.10799472	     -0.90021660	     -8.58415779	     -7.50014649	     -5.74626560	     -1.47053241	     -0.55913578	      8.02327878	    -11.74326422	     -0.24811783	     31.39421253	     90.00000001	      0.00000000	      0.00000000	    -11.77985768	     -8.57910376	    -23.95468517	     14.97688404	     90.00000001	      0.00000000	      0.00000000
      2.98000000	     -4.75779266	     -3.02579511	     -1.51476968	      1.60908575	      0.91649505	     -0.06879617	    -11.51156376	      7.46306142	      4.19470426	      2.56233897	     -6.68591116	      0.04472125	     22.27866355	      4.77468974	     -7.50013563	     30.99205889	     -5.65554368	      0.79834394	      5.61344750	     -1.42968822	      0.09797314	      0.44524511	     -4.62284828	     -7.50013563	     -5.69249096	     -1.17604585	     -0.23107119	      8.29688736	    -11.87649760	     -0.25235950	     31.37698476	     90.00000001	      0.00000000	      0.00000000	    -11.95230047	     -8.47747831	    -24.13170617	     14.82029895	     90.00000001	      0.00000000	      0.00000000
      2.99000000	     -4.97904726	     -3.32444374	     -1.41517339	      1.61980875	      0.91390353	     -0.06998880	    -11.95436800	      7.68636588	      4.06297403	      2.73420907	     -6.58164042	      0.04772095	     22.39536007	      4.73464424	     -7.50013504	     31.56182942	     -5.82138860	      0.09544676	      5.12753700	     -1.58732897	      0.08949240	      0.41430175	     -4.48453012	     -7.50013504	     -5.58945429	     -0.90548064	     -0.28863743	      8.48154311	    -11.94500902	     -0.27590972	     31.43750015	     90.00000001	      0.00000000	      0.00000000	    -12.11680996	     -8.43316988	    -24.11380994	     14.75732664	     90.00000001	      0.00000000	      0.00000000
      3.00000000	     -4.96423028	     -3.39918775	     -1.92888520	      1.63115832	      0.91195621	     -0.07050453	    -12.62079184	      7.55010348	      4.54330947	      3.10747292	     -6.52155342	      0.05423563	     22.68252439	      4.63534279	     -7.50012382	     31.93979071	     -6.31446977	     -3.46552035	      5.40691027	     -1.38178283	      0.09436839	      2.22437138	      1.40791417	     -7.50012382	     -5.68082452	     -0.91972682	      0.28885475	      8.66424241	    -11.97694052	     -0.50325148	     31.27145068	     90.00000001	      0.00000000	      0.00000000	    -12.12786840	     -8.39948228	    -24.46944914	     14.49135785	     90.00000001	      0.00000000	      0.00000000
      3.01000000	     -5.14203998	     -3.51615571	     -1.92283369	      1.64221091	      0.90981762	     -0.07178779	    -13.03641602	      7.52507842	      4.54619937	      3.46222026	     -6.44058607	      0.06042714	     22.68403780	      4.64491027	     -7.50012331	     32.22776399	     -6.31693301	     -3.61609468	      5.42309441	     -1.38126930	      0.09465085	      2.15472042	      1.47397133	     -7.50012331	     -5.61166410	     -0.86095692	      0.30905725	      8.71333874	    -12.01472673	     -0.53333721	     31.32101192	     90.00000001	      0.00000000	      0.00000000	    -12.22573363	     -8.40780372	    -24.45383569	     14.50061050	     90.00000001	      0.00000000	      0.00000000
      3.02000000	     -5.22321721	     -3.52044286	     -2.06884763	      1.65327551	      0.90811350	     -0.07313747	    -13.42542392	      7.25608120	      4.62340877	      4.07504273	     -6.19836973	      0.07112291	     22.87178906	      4.47074409	     -7.50012172	     32.33250139	     -6.28031176	     -4.00433929	      5.73208320	     -1.33194780	      0.10004372	      1.61445950	      1.97464748	     -7.50012172	     -5.67840730	     -0.91400168	      0.47357194	      8.82610471	    -11.97354606	     -0.79397563	     31.26236854	     90.00000001	      0.00000000	      0.00000000	    -12.12264303	     -8.42021264	    -24.36769355	     14.30286315	     90.00000001	      0.00000000	      0.00000000
      3.03000000	     -5.28869153	     -3.42354089	     -2.09697105	      1.66479839	      0.90657527	     -0.07465834	    -13.89653570	      6.88714516	      4.65888625	      4.59787173	     -5.98736229	      0.08024800	     22.79563646	      4.38738313	     -7.50012028	     32.40394173	     -6.03211320	     -3.96589366	      6.37004970	     -1.31463151	      0.11117834	      1.31419388	      2.24196112	     -7.50012028	     -5.70845745	     -1.09521798	      0.53223127	      8.78351859	    -11.88286609	     -1.09743391	     31.23593734	     90.00000001	      0.00000000	      0.00000000	    -12.05342070	     -8.48975139	    -24.33609162	     14.20144073	     90.00000001	      0.00000000	      0.00000000
      3.04000000	     -5.30763377	     -3.26675507	     -2.05944729	      1.67648132	      0.90534186	     -0.07642389	    -14.38749729	      6.40923079	      4.66170953	      5.17798921	     -5.70183294	      0.09037296	     22.59721198	      4.29930712	     -7.50011895	     32.43151463	     -5.67925802	     -3.60877627	      7.29229522	     -1.26219178	      0.12727456	      0.77533371	      2.37431082	     -7.50011895	     -5.79053056	     -1.33290299	      0.51972483	      8.68660973	    -11.76533130	     -1.43227783	     31.20477673	     90.00000001	      0.00000000	      0.00000000	    -11.91878770	     -8.57190708	    -24.28659875	     14.10228509	     90.00000001	      0.00000000	      0.00000000
      3.05000000	     -5.27397439	     -2.99811029	     -1.88933695	      1.68846456	      0.90443811	     -0.07851527	    -14.90951311	      5.78135977	      4.44534100	      5.79824835	     -5.32857191	      0.10119852	     22.21539137	      4.06151752	     -7.50011717	     32.45515313	     -5.11865520	     -3.04278267	      8.51817784	     -1.23223236	      0.14867025	     -0.11670045	      2.15755972	     -7.50011717	     -5.90940514	     -1.69212459	      0.40354744	      8.51429766	    -11.57475387	     -1.98945590	     31.10989452	     90.00000001	      0.00000000	      0.00000000	    -11.67985863	     -8.70479691	    -24.22736253	     13.90271870	     90.00000001	      0.00000000	      0.00000000
      3.06000000	     -5.37345302	     -2.69083438	     -1.58543177	      1.70035554	      0.90375149	     -0.08076814	    -15.20463108	      5.15594840	      4.29232686	      6.56055590	     -4.95345518	      0.11450330	     21.59660673	      3.56114916	     -7.50010967	     32.34171464	     -4.40005126	     -0.84176624	      9.27863463	     -1.09994940	      0.16194272	     -2.09404722	     -0.55530331	     -7.50010967	     -5.89556245	     -2.09909273	      0.17505873	      8.38323608	    -11.17193015	     -3.24863101	     30.76042173	     90.00000001	      0.00000000	      0.00000000	    -11.28313879	     -8.85732106	    -24.56112381	     13.60324899	     90.00000001	      0.00000000	      0.00000000
      3.07000000	     -5.44815535	     -2.38858092	     -1.19060982	      1.71237757	      0.90341798	     -0.08329944	    -15.39514284	      4.52210856	      3.91941368	      7.56284064	     -4.49437586	      0.13199647	     20.81634914	      3.08625081	     -7.50010131	     32.30512837	     -3.68592600	      1.42670362	     10.31152381	     -0.84769080	      0.17997004	     -4.13859842	     -3.36910095	     -7.50010131	     -5.90593841	     -2.48177114	     -0.16299048	      8.07276813	    -10.95159266	     -3.61891266	     30.66140632	     90.00000001	      0.00000000	      0.00000000	    -10.87424475	     -9.01239730	    -24.68264676	     13.36365735	     90.00000001	      0.00000000	      0.00000000
      3.08000000	     -5.32009473	     -2.05061695	     -1.01041870	      1.72484253	      0.90371063	     -0.08561551	    -15.79617159	      3.80180267	      3.94731599	      8.59274881	     -4.01312450	      0.14997176	     20.01248660	      3.04726602	     -7.50010028	     32.15128171	     -3.22743240	      2.41728616	     11.68623167	     -0.39059275	      0.20396322	     -4.70432995	     -3.39588045	     -7.50010028	     -6.10334120	     -2.91173164	     -0.28663938	      7.67328822	    -10.78471264	     -3.76288086	     30.59858467	     90.00000001	      0.00000000	      0.00000000	    -10.54244005	     -9.15246837	    -24.56477750	     13.39080430	     90.00000001	      0.00000000	      0.00000000
      3.09000000	     -5.43565236	     -1.65923412	     -0.29735878	      1.73705233	      0.90410225	     -0.08891913	    -15.57603987	      3.06670349	      2.88145387	     10.26174369	     -3.36522643	      0.17910121	     18.55468598	      1.96526760	     -7.50009121	     32.05349002	     -2.25376156	      5.59656067	     12.57381193	      0.05858008	      0.21945442	     -7.61276701	     -8.78727969	     -7.50009121	     -6.05447923	     -3.34510418	     -0.88411454	      7.30932723	    -10.39862932	     -4.80468806	     30.26912405	     90.00000001	      0.00000000	      0.00000000	     -9.89336212	     -9.32704801	    -24.75566286	     12.91238876	     90.00000001	      0.00000000	      0.00000000
      3.10000000	     -5.17944021	     -1.27877952	      0.08956960	      1.74993323	      0.90526893	     -0.09182372	    -15.75849341	      2.27665412	      2.25223522	     11.94739816	     -2.71827539	      0.20852143	     16.92436199	      1.39558314	     -7.50008952	     31.75638639	     -1.64901263	      6.37323850	     14.05816997	      0.55706253	      0.24536135	     -7.80850731	     -9.46535290	     -7.50008952	     -6.35639881	     -3.77099428	     -1.17861453	      6.80740434	    -10.19138559	     -5.13972677	     30.11818979	     90.00000001	      0.00000000	      0.00000000	     -9.37058408	     -9.47045147	    -24.57823481	     12.75984285	     90.00000001	      0.00000000	      0.00000000
      3.11000000	     -5.28194896	     -0.97959011	      0.60662955	      1.76234271	      0.90648632	     -0.09478172	    -15.17734952	      1.64998722	      1.50888149	     14.25595312	     -2.09575199	      0.24881332	     15.11615237	      0.33154231	     -7.50008223	     31.50490802	     -1.06210700	      8.66821710	     14.78139524	      1.26842119	      0.25798401	     -9.33960752	    -13.05704154	     -7.50008223	     -6.27904660	     -4.11308486	     -1.56007437	      6.31687565	     -9.84033569	     -5.91580588	     29.75108559	     90.00000001	      0.00000000	      0.00000000	     -8.68502106	     -9.61015941	    -24.82335116	     12.49098683	     90.00000001	      0.00000000	      0.00000000
      3.12000000	     -5.01585457	     -0.63723855	      0.98017865	      1.77521300	      0.90844296	     -0.09762957	    -14.91446748	      0.95588889	      0.72634189	     16.66239528	     -1.55343971	      0.29081366	     12.82637789	     -0.57312085	     -7.50008040	     30.91337196	     -0.56054757	      9.21444688	     15.79948238	      1.81047633	      0.27575299	     -8.91030774	    -13.62644527	     -7.50008040	     -6.56267395	     -4.47843575	     -1.82612469	      5.75404385	     -9.60030133	     -6.23450238	     29.51241758	     90.00000001	      0.00000000	      0.00000000	     -8.05569912	     -9.73732314	    -24.66072626	     12.40086542	     90.00000001	      0.00000000	      0.00000000
      3.13000000	     -5.08407435	     -0.45242868	      1.36238348	      1.78754948	      0.91032644	     -0.10042733	    -13.85912090	      0.42036527	      0.03101160	     19.74729981	     -0.96572176	      0.34465540	     10.37746144	     -1.94508965	     -7.50007676	     30.54147487	     -0.22296717	     10.23259418	     16.44393467	      2.43563645	      0.28700080	     -8.89919086	    -15.01446530	     -7.50007676	     -6.48532219	     -4.67095914	     -2.06857894	      5.22005719	     -9.31173475	     -6.83455412	     29.09281794	     90.00000001	      0.00000000	      0.00000000	     -7.33314730	     -9.83057864	    -24.73593450	     12.28916251	     90.00000001	      0.00000000	      0.00000000
      3.14000000	     -4.97198960	     -0.21626451	      1.73669992	      1.79977813	      0.91272397	     -0.10321135	    -12.83964636	     -0.14662387	     -0.76147611	     22.99900380	     -0.53757758	      0.40140834	      7.61007140	     -3.22488157	     -7.50007455	     29.81932293	      0.18687630	     10.67241864	     16.84490372	      2.84217100	      0.29399903	     -8.32372996	    -15.45639287	     -7.50007455	     -6.63365192	     -4.89782466	     -2.33861184	      4.69369829	     -9.06962994	     -7.16832851	     28.73453516	     90.00000001	      0.00000000	      0.00000000	     -6.57064789	     -9.92392140	    -24.68337261	     12.29129749	     90.00000001	      0.00000000	      0.00000000
      3.15000000	     -4.73330584	     -0.01016131	      2.00945074	      1.81202162	      0.91550407	     -0.10570558	    -11.79080317	     -0.57684783	     -1.60276296	     26.38892396	     -0.47587624	      0.46057361	      4.56969148	     -4.39980647	     -7.50007342	     28.77952393	      0.50524686	     10.81314464	     16.96933397	      3.14406956	      0.29617075	     -7.42757665	    -15.63188240	     -7.50007342	     -6.88712541	     -5.09917056	     -2.55472566	      4.19764759	     -8.81205251	     -7.37600801	     28.33726601	     90.00000001	      0.00000000	      0.00000000	     -5.83518455	    -10.01507392	    -24.57578182	     12.36951156	     90.00000001	      0.00000000	      0.00000000
      3.16000000	     -5.04582583	      0.10985087	      2.23781227	      1.82336929	      0.91762551	     -0.10819824	     -9.68169335	     -1.05895000	     -2.27834118	     30.47336525	     -0.26089524	      0.53186056	      2.00585409	     -6.06072947	     -7.50007084	     28.40760855	      0.81968790	     10.82316471	     17.10605643	      3.24685326	      0.29855701	     -6.77690939	    -15.56608296	     -7.50007084	     -6.55301372	     -5.20051199	     -2.71700890	      3.71620219	     -8.54202305	     -7.74876062	     27.84357466	     90.00000001	      0.00000000	      0.00000000	     -5.09896814	    -10.06317065	    -24.40623485	     12.56507014	     90.00000001	      0.00000000	      0.00000000
      3.17000000	     -4.99410280	      0.26853665	      2.44206099	      1.83479736	      0.92038058	     -0.11048928	     -8.00224069	     -1.44572932	     -3.12448689	     34.28284239	     -0.47878781	      0.59834848	     -0.69591119	     -7.45770124	     -7.50006939	     27.37500880	      1.16969433	     10.61643352	     16.79613253	      3.15242399	      0.29314781	     -5.92521670	    -15.20015388	     -7.50006939	     -6.62672942	     -5.33642207	     -2.90266926	      3.27949195	     -8.28340594	     -7.85634356	     27.37060556	     90.00000001	      0.00000000	      0.00000000	     -4.32763750	    -10.13548091	    -24.20457038	     12.86733242	     90.00000001	      0.00000000	      0.00000000
      3.18000000	     -5.27581016	      0.34228491	      2.55824263	      1.84565081	      0.92263838	     -0.11277299	     -5.75227664	     -1.79050963	     -3.61669312	     38.26921350	     -0.62167942	      0.66792378	     -2.74963155	     -9.17626470	     -7.50006670	     26.82106615	      1.46746791	     10.16420404	     16.65300361	      2.94699751	      0.29064974	     -5.11956622	    -14.64932272	     -7.50006670	     -6.33095414	     -5.35508269	     -3.07366866	      2.89694572	     -8.07638512	     -8.02693490	     26.86546166	     90.00000001	      0.00000000	      0.00000000	     -3.67407143	    -10.15763553	    -23.75428282	     13.31996758	     90.00000001	      0.00000000	      0.00000000
      3.19000000	     -5.38291613	      0.42151351	      2.65227740	      1.85642088	      0.92519836	     -0.11491332	     -3.71682929	     -2.09911366	     -4.25464300	     41.95638099	     -0.96494879	      0.73227699	     -4.49452449	    -10.83330081	     -7.50006415	     25.92601714	      1.76862880	      9.67443734	     16.23545050	      2.63479799	      0.28336207	     -4.30083049	    -13.85633854	     -7.50006415	     -6.23042954	     -5.37274065	     -3.24766030	      2.55820890	     -7.86369652	     -8.06355306	     26.35788474	     90.00000001	      0.00000000	      0.00000000	     -3.01368140	    -10.19750200	    -23.19355755	     13.90264307	     90.00000001	      0.00000000	      0.00000000
      3.20000000	     -5.16696322	      0.43263120	      2.72834926	      1.86727611	      0.92826361	     -0.11688316	     -2.14134467	     -2.20283482	     -5.15603205	     45.14029298	     -1.69984773	      0.78784674	     -5.62260743	    -11.92923125	     -7.50006283	     24.53466389	      1.93328024	      9.21446829	     15.54746586	      2.36089067	      0.27135447	     -3.41028350	    -13.03563374	     -7.50006283	     -6.48752634	     -5.29410620	     -3.46634426	      2.29957303	     -7.67196749	     -7.95167748	     25.84701459	     90.00000001	      0.00000000	      0.00000000	     -2.28353072	    -10.23619965	    -22.80542724	     14.48477487	     90.00000001	      0.00000000	      0.00000000
      3.21000000	     -5.08771838	      0.46735017	      2.79016659	      1.87787726	      0.93110275	     -0.11895618	     -0.37755186	     -2.37965451	     -5.93825666	     48.15291679	     -2.33588069	      0.84042694	     -6.16632048	    -13.19660042	     -7.50006157	     23.29721988	      2.16316394	      8.84350718	     14.83559427	      2.04008487	      0.25892997	     -2.69255637	    -12.15423705	     -7.50006157	     -6.58072677	     -5.21736947	     -3.70346035	      2.05221968	     -7.52235888	     -7.87769862	     25.33921702	     90.00000001	      0.00000000	      0.00000000	     -1.60368693	    -10.25335657	    -22.32019962	     15.15211032	     90.00000001	      0.00000000	      0.00000000
      3.22000000	     -5.28983935	      0.45013545	      2.79841040	      1.88805774	      0.93346312	     -0.12088842	      1.78042587	     -2.59501088	     -6.24313389	     51.09971187	     -2.49889491	      0.89185822	     -6.33767348	    -14.86346071	     -7.50005798	     22.50215279	      2.36808953	      8.45220649	     14.33998567	      1.63939113	      0.25027996	     -2.13729204	    -11.29362027	     -7.50005798	     -6.35441787	     -5.10544413	     -3.87752807	      1.78163382	     -7.32050620	     -7.96536502	     24.82982702	     90.00000001	      0.00000000	      0.00000000	     -1.21673311	    -10.36011559	    -20.68414096	     16.29948658	     90.00000001	      0.00000000	      0.00000000
      3.23000000	     -4.98689197	      0.31559084	      2.87786977	      1.89866932	      0.93656017	     -0.12276592	      3.14732453	     -2.51627081	     -7.06925798	     53.26678359	     -3.13438171	      0.92968076	     -5.87641860	    -15.55706650	     -7.50005686	     20.93662724	      2.35894359	      8.35777570	     13.44494560	      1.39538175	      0.23465857	     -1.54533789	    -10.63692230	     -7.50005686	     -6.65998161	     -4.82017402	     -4.19030925	      1.60303788	     -7.18856059	     -7.84372365	     24.35773480	     90.00000001	      0.00000000	      0.00000000	     -0.50447158	    -10.41399122	    -20.24475604	     17.00693910	     90.00000001	      0.00000000	      0.00000000
      3.24000000	     -4.81991844	      0.31433045	      2.98232150	      1.90902222	      0.93935290	     -0.12474475	      4.67582807	     -2.66207747	     -7.65377789	     55.25884628	     -3.46787810	      0.96444881	     -5.09430742	    -16.11153315	     -7.50005237	     19.47160373	      2.56589983	      8.60932356	     12.42798016	      1.07209720	      0.21690917	     -1.33458880	    -10.33255512	     -7.50005237	     -6.84830584	     -4.69198085	     -4.51523989	      1.39704831	     -7.00295817	     -7.92046114	     23.87308410	     90.00000001	      0.00000000	      0.00000000	     -0.18829382	    -10.61665061	    -18.16692622	     18.37122481	     90.00000001	      0.00000000	      0.00000000
      3.25000000	     -4.48024259	     -0.00242885	      3.15075808	      1.91926877	      0.94230422	     -0.12668112	      5.90406647	     -2.36956592	     -8.13409971	     56.71115486	     -3.66322629	      0.98979637	     -4.20441603	    -16.35753042	     -7.50005175	     18.09047631	      2.35939997	      8.48779230	     11.91102862	      0.89158664	      0.20788667	     -0.89617361	     -9.89002199	     -7.50005175	     -7.23015531	     -4.17338579	     -4.91989070	      1.21538710	     -6.92131538	     -7.83380026	     23.55568917	     90.00000001	      0.00000000	      0.00000000	      0.63651016	    -10.62009795	    -17.96688071	     19.00011442	     90.00000001	      0.00000000	      0.00000000
      3.26000000	     -4.31161025	     -0.16040961	      3.25218856	      1.92965052	      0.94482169	     -0.12821463	      7.32863582	     -2.18672561	     -8.52892783	     57.96785215	     -3.93353859	      1.01172988	     -3.02394113	    -16.72841393	     -7.50005103	     16.63673567	      2.26741512	      8.70855148	     10.86796383	      0.71445839	      0.18968175	     -0.33574961	     -9.21480755	     -7.50005103	     -7.34643894	     -3.90351258	     -5.24196741	      0.99767679	     -6.76295100	     -7.74248694	     23.06573334	     90.00000001	      0.00000000	      0.00000000	      1.37982397	    -10.75067521	    -17.56728317	     19.73917537	     90.00000001	      0.00000000	      0.00000000
      3.27000000	     -4.17598531	     -0.34060901	      3.47122652	      1.94008553	      0.94711484	     -0.12993747	      8.69005598	     -2.03386761	     -8.75540625	     58.87121261	     -3.84831042	      1.02749649	     -1.91964711	    -16.79458617	     -7.50005028	     15.24219436	      2.21111621	      8.96594719	      9.85321603	      0.48454288	      0.17197106	      0.09919828	     -8.54450573	     -7.50005028	     -7.41153795	     -3.59028811	     -5.69385620	      0.75159327	     -6.61705934	     -7.73885344	     22.66988074	     90.00000001	      0.00000000	      0.00000000	      2.03829078	    -10.90082847	    -16.95830982	     20.53269560	     90.00000001	      0.00000000	      0.00000000
      3.28000000	     -3.85378402	     -0.38506361	      3.81082939	      1.95087912	      0.94943660	     -0.13173264	      9.65706059	     -2.10776311	     -8.75985154	     59.34715878	     -3.32595060	      1.03580332	     -0.83666394	    -16.48748194	     -7.50004813	     13.40492553	      2.35428260	      9.60058318	      8.41762415	      0.09393538	      0.14691526	      0.17451048	     -8.02907656	     -7.50004813	     -7.65562856	     -3.41887910	     -6.25899675	      0.48307707	     -6.39703114	     -8.12014051	     22.29686854	     90.00000001	      0.00000000	      0.00000000	      2.25210066	    -11.36530840	    -14.57174054	     22.05727381	     90.00000001	      0.00000000	      0.00000000
      3.29000000	     -3.61701690	     -0.62829312	      4.19666287	      1.96162225	      0.95138894	     -0.13320073	     10.68925615	     -1.79280115	     -8.93454896	     59.46926226	     -3.10274171	      1.03793443	      0.24047069	    -16.23581580	     -7.50004546	     11.96733310	      2.15740898	      9.89386025	      7.51261923	     -0.04309924	      0.13111994	      0.50993873	     -7.69447636	     -7.50004546	     -7.76833560	     -3.06384278	     -6.80970293	      0.13157293	     -6.21737934	     -8.35152878	     22.00791860	     90.00000001	      0.00000000	      0.00000000	      2.66412207	    -11.76328837	    -12.83814882	     23.23447780	     90.00000001	      0.00000000	      0.00000000
      3.30000000	     -3.42928476	     -0.87068959	      4.62388055	      1.97242449	      0.95303228	     -0.13455020	     11.72223913	     -1.50013700	     -8.98380997	     59.32193167	     -2.68535527	      1.03536303	      1.23206548	    -15.95182568	     -7.50004355	     10.60059726	      1.95787378	     10.16463645	      6.63556529	     -0.21236634	      0.11581246	      1.00707233	     -6.93485811	     -7.50004355	     -7.80483795	     -2.72608700	     -7.38472011	     -0.27645640	     -6.02304983	     -8.56355044	     21.77826918	     90.00000001	      0.00000000	      0.00000000	      3.24044280	    -12.11522584	    -11.80845310	     24.15981238	     90.00000001	      0.00000000	      0.00000000
      3.31000000	     -3.15729926	     -1.10985668	      5.08822844	      1.98340521	      0.95452286	     -0.13574773	     12.56468719	     -1.15696917	     -9.15231277	     58.82559389	     -2.38549200	      1.02670030	      2.20346890	    -15.61332285	     -7.50004151	      9.16863626	      1.70854704	     10.36924851	      5.80982170	     -0.32690566	      0.10140052	      1.56866279	     -6.11475197	     -7.50004151	     -7.90799728	     -2.40231931	     -7.95532563	     -0.72757686	     -5.80259595	     -8.88114576	     21.58772445	     90.00000001	      0.00000000	      0.00000000	      3.77885403	    -12.54338922	    -10.50714070	     25.15878128	     90.00000001	      0.00000000	      0.00000000
      3.32000000	     -3.22452826	     -1.31897700	      5.52262760	      1.99412556	      0.95530014	     -0.13691965	     13.82453032	     -0.90602899	     -9.20436676	     58.20494246	     -2.01677525	      1.01586789	      3.05761773	    -15.41117889	     -7.50004091	      8.28391181	      1.52599097	     10.41802550	      5.28902037	     -0.42190359	      0.09231082	      2.13526911	     -5.57368018	     -7.50004091	     -7.63198237	     -2.15514515	     -8.51852409	     -1.28059532	     -5.63483723	     -8.97875863	     21.50291560	     90.00000001	      0.00000000	      0.00000000	      4.49738635	    -12.82781774	    -10.09553732	     25.76935392	     90.00000001	      0.00000000	      0.00000000
      3.33000000	     -2.72178154	     -1.57902013	      6.01364714	      2.00502031	      0.95668421	     -0.13796638	     14.24869898	     -0.51440274	     -9.41445620	     57.06130348	     -1.70829196	      0.99590762	      3.73963617	    -15.14014616	     -7.50003891	      6.55519990	      1.15814501	     10.79946748	      4.32842082	     -0.50655787	      0.07554519	      2.73169484	     -4.52357737	     -7.50003891	     -8.02443472	     -1.78877085	     -9.01903221	     -1.70472839	     -5.38024137	     -9.58932570	     21.39989301	     90.00000001	      0.00000000	      0.00000000	      5.03327086	    -13.43658689	     -8.12037749	     27.02698628	     90.00000001	      0.00000000	      0.00000000
      3.34000000	     -2.84817136	     -1.68297830	      6.31625728	      2.01525937	      0.95695550	     -0.13923889	     15.55013479	     -0.41128906	     -9.38437599	     56.05512530	     -1.40502516	      0.97834650	      4.35628538	    -15.02802085	     -7.50003839	      5.82796188	      1.13062233	     10.79086611	      3.97842455	     -0.67041863	      0.06943661	      3.26614926	     -4.12785323	     -7.50003839	     -7.74193478	     -1.62171764	     -9.42795160	     -2.23366721	     -5.27456117	     -9.69824870	     21.38957266	     90.00000001	      0.00000000	      0.00000000	      5.83871003	    -13.68083919	     -7.73508048	     27.60176556	     90.00000001	      0.00000000	      0.00000000
      3.35000000	     -2.54479870	     -1.87407308	      6.53695199	      2.02525754	      0.95771247	     -0.14049975	     16.23550628	     -0.12592139	     -9.03674222	     54.60526547	     -0.87325724	      0.95304167	      4.60562459	    -15.44619159	     -7.50003673	      4.43701945	      0.90004470	     11.08107556	      3.20890600	     -0.82800272	      0.05600598	      3.77611922	     -3.44632646	     -7.50003673	     -8.02483486	     -1.28337691	     -9.60985943	     -2.61790444	     -5.15084728	    -10.28659328	     21.37197954	     90.00000001	      0.00000000	      0.00000000	      6.58131693	    -14.13226891	     -5.95794183	     28.69893008	     90.00000001	      0.00000000	      0.00000000
      3.36000000	     -2.73691067	     -1.91854501	      6.58873615	      2.03443473	      0.95753481	     -0.14195131	     17.64448347	     -0.12102149	     -8.70594293	     53.32060678	     -0.50487517	      0.93062015	      5.01228637	    -15.60785169	     -7.50003601	      3.81698273	      0.97253041	     11.17486960	      2.84616347	     -1.03199262	      0.04967492	      4.34498256	     -3.13036746	     -7.50003601	     -7.83249040	     -1.13292140	     -9.73541422	     -2.98970660	     -5.12274854	    -10.42689173	     21.42816074	     90.00000001	      0.00000000	      0.00000000	      7.55099916	    -14.29578351	     -5.44998597	     29.28169197	     90.00000001	      0.00000000	      0.00000000
      3.37000000	     -2.94632833	     -1.80730471	      6.53991031	      2.04345193	      0.95721336	     -0.14366060	     19.01303405	     -0.29912955	     -8.46940044	     51.81142180	     -0.31485595	      0.90427990	      5.17314968	    -15.64397259	     -7.50003558	      3.29802812	      1.31764082	     10.99747708	      2.72155383	     -1.33843987	      0.04750008	      4.74870393	     -3.00517670	     -7.50003558	     -7.66045404	     -1.12151840	     -9.80374098	     -3.32040196	     -5.14775670	    -10.49940768	     21.44679726	     90.00000001	      0.00000000	      0.00000000	      8.50199607	    -14.38350464	     -5.09615341	     29.87405898	     90.00000001	      0.00000000	      0.00000000
      3.38000000	     -3.04052582	     -1.82079383	      6.28438512	      2.05206664	      0.95692674	     -0.14517120	     20.14966798	     -0.25391012	     -7.26475049	     49.97640224	      0.54219255	      0.87225277	      4.99923596	    -16.63952822	     -7.50003473	      2.46693765	      1.43553902	     11.21940697	      2.17597863	     -1.60925893	      0.03797799	      5.21150787	     -2.89886645	     -7.50003473	     -7.69320862	     -0.92483642	     -9.50273776	     -3.57287295	     -5.22050135	    -10.82140059	     21.49175530	     90.00000001	      0.00000000	      0.00000000	      9.54415016	    -14.56040733	     -3.94437124	     30.57339984	     90.00000001	      0.00000000	      0.00000000
      3.39000000	     -3.15784918	     -1.69582266	      6.06180514	      2.06078439	      0.95641631	     -0.14667425	     21.23576199	     -0.33084206	     -6.59404624	     47.96851431	      0.88345474	      0.83720851	      4.69786097	    -17.25995745	     -7.50003389	      1.79730790	      1.77211244	     11.14366452	      1.94705945	     -1.93601464	      0.03398260	      5.51167490	     -3.00880071	     -7.50003389	     -7.70461350	     -0.90785817	     -9.34539493	     -3.76800428	     -5.26430284	    -11.01110635	     21.46190173	     90.00000001	      0.00000000	      0.00000000	     10.48388930	    -14.71661268	     -3.22764629	     31.29856667	     90.00000001	      0.00000000	      0.00000000
      3.40000000	     -3.18353732	     -1.55463002	      5.86490248	      2.06976891	      0.95586224	     -0.14815604	     22.06827875	     -0.37272351	     -6.07616773	     45.64319492	      1.05817483	      0.79662403	      4.36834184	    -17.74946001	     -7.50003247	      1.01477679	      2.09246299	     11.09519090	      1.72772801	     -2.19119518	      0.03015454	      5.78308006	     -3.20671919	     -7.50003247	     -7.79820918	     -0.90603022	     -9.18410776	     -3.97091970	     -5.29937673	    -11.22163301	     21.39873161	     90.00000001	      0.00000000	      0.00000000	     11.37726693	    -14.87790709	     -2.48552746	     32.05662678	     90.00000001	      0.00000000	      0.00000000
      3.41000000	     -3.27065088	     -1.38000724	      5.74069630	      2.07901946	      0.95502135	     -0.14953993	     22.82413545	     -0.45794611	     -5.68944003	     43.06867997	      1.17356239	      0.75169027	      4.15783312	    -17.91322293	     -7.50003152	      0.31061620	      2.41912889	     11.11916327	      1.54298776	     -2.37550617	      0.02693022	      6.24512233	     -3.22032763	     -7.50003152	     -7.78296769	     -0.97142784	     -9.12034853	     -4.19556333	     -5.32312237	    -11.29080734	     21.30057761	     90.00000001	      0.00000000	      0.00000000	     12.18976285	    -15.02081105	     -1.96522556	     32.75816918	     90.00000001	      0.00000000	      0.00000000
      3.42000000	     -3.59460175	     -0.90588356	      5.61358777	      2.08864718	      0.95347935	     -0.15078651	     23.92753994	     -0.91838518	     -5.92670996	     40.76680357	      0.84212203	      0.71151495	      4.19278460	    -17.68387648	     -7.50003120	     -0.07377395	      3.12229788	     10.84881697	      1.56518402	     -2.55106787	      0.02731761	      6.64863810	     -3.16224846	     -7.50003120	     -7.44897749	     -1.45554872	     -9.03767540	     -4.60528894	     -5.27849991	    -11.26085637	     21.22047944	     90.00000001	      0.00000000	      0.00000000	     12.94763394	    -15.13217176	     -1.86353918	     33.38650266	     90.00000001	      0.00000000	      0.00000000
      3.43000000	     -3.22549936	     -1.02679104	      5.52744370	      2.09833124	      0.95313379	     -0.15159298	     23.63166725	     -0.40214676	     -5.07861458	     37.05662881	      1.04423398	      0.64676018	      3.46524039	    -18.12657600	     -7.50002999	     -1.33389580	      2.98536101	     10.99590929	      1.26338803	     -2.72186250	      0.02205028	      7.21711450	     -3.15968671	     -7.50002999	     -7.93524791	     -1.18439392	     -9.01530079	     -4.65084731	     -5.27104744	    -11.41657301	     21.03940044	     90.00000001	      0.00000000	      0.00000000	     13.55075188	    -15.47204850	     -0.92253595	     34.39160176	     90.00000001	      0.00000000	      0.00000000
      3.44000000	     -3.28759119	     -0.79103730	      5.48014022	      2.10821723	      0.95179592	     -0.15244897	     23.92558439	     -0.44054633	     -4.63010185	     33.70865215	      1.04200337	      0.58832697	      3.14201464	    -18.08709784	     -7.50002907	     -2.03044489	      3.27630160	     11.01456693	      1.19275065	     -2.76484126	      0.02081743	      7.83923528	     -3.05377785	     -7.50002907	     -7.88790935	     -1.39724552	     -9.06758779	     -4.87820061	     -5.20942685	    -11.44313316	     20.85840666	     90.00000001	      0.00000000	      0.00000000	     14.05803986	    -15.73803102	     -0.51597228	     35.27627092	     90.00000001	      0.00000000	      0.00000000
      3.45000000	     -3.26755223	     -0.55755689	      5.39114316	      2.11823409	      0.95041770	     -0.15310495	     23.97914978	     -0.37382679	     -4.08068342	     30.08466229	      0.90598031	      0.52507641	      2.66264868	    -18.02222630	     -7.50002803	     -2.82584868	      3.55033784	     10.95560040	      1.13507481	     -2.82764123	      0.01981079	      8.41951131	     -2.98034725	     -7.50002803	     -7.93575878	     -1.61772293	     -9.07459540	     -5.08918499	     -5.13698114	    -11.49467195	     20.71079030	     90.00000001	      0.00000000	      0.00000000	     14.50307371	    -16.03951592	     -0.09278566	     36.23316348	     90.00000001	      0.00000000	      0.00000000
      3.46000000	     -3.31767366	     -0.27183705	      5.31422678	      2.12832216	      0.94874145	     -0.15369731	     23.99319039	     -0.36677602	     -3.35448398	     26.29781921	      0.76964568	      0.45898353	      2.10701074	    -17.92452513	     -7.50002696	     -3.52958144	      3.87147141	     10.99516061	      1.11086274	     -2.85619101	      0.01938821	      9.00463503	     -2.98774680	     -7.50002696	     -7.90082077	     -1.91262201	     -9.12238050	     -5.30185913	     -5.05492033	    -11.53614010	     20.55751245	     90.00000001	      0.00000000	      0.00000000	     14.84321226	    -16.35950568	      0.26160542	     37.22761537	     90.00000001	      0.00000000	      0.00000000
      3.47000000	     -3.43379440	      0.04664879	      5.24788736	      2.13843750	      0.94681719	     -0.15422817	     23.96845446	     -0.39180739	     -2.50164019	     22.38804258	      0.56811159	      0.39074506	      1.51477095	    -17.78061923	     -7.50002582	     -4.14683670	      4.23543982	     11.16921650	      1.12944442	     -2.88956519	      0.01971252	      9.57945748	     -3.09944449	     -7.50002582	     -7.78681611	     -2.26436429	     -9.20595871	     -5.52137816	     -4.95867271	    -11.58588970	     20.41486163	     90.00000001	      0.00000000	      0.00000000	     15.08214488	    -16.70778423	      0.57893220	     38.26526549	     90.00000001	      0.00000000	      0.00000000
      3.48000000	     -3.62643219	      0.44711647	      5.18587773	      2.14859137	      0.94459053	     -0.15475292	     23.98036070	     -0.50979373	     -1.63258327	     18.52012813	      0.22930291	      0.32323721	      0.89183280	    -17.54074605	     -7.50002473	     -4.67150818	      4.70403374	     11.46654662	      1.18698125	     -2.92627665	      0.02071673	     10.11374114	     -3.38057947	     -7.50002473	     -7.58931065	     -2.71712129	     -9.31223910	     -5.73528537	     -4.86242085	    -11.63342019	     20.27624517	     90.00000001	      0.00000000	      0.00000000	     15.22787922	    -17.07398283	      0.85161345	     39.34478224	     90.00000001	      0.00000000	      0.00000000
      3.49000000	     -3.88138416	      0.89757856	      5.13973620	      2.15878537	      0.94209602	     -0.15536023	     24.01813510	     -0.68879662	     -0.78853506	     14.74704915	     -0.25151014	      0.25738456	      0.16586385	    -17.22862059	     -7.50002358	     -5.13221001	      5.24818783	     11.97191231	      1.26462533	     -2.98671312	      0.02207188	     10.55787887	     -3.88620226	     -7.50002358	     -7.32536202	     -3.21834317	     -9.45702414	     -5.97097387	     -4.78348728	    -11.71829382	     20.18815550	     90.00000001	      0.00000000	      0.00000000	     15.28078212	    -17.44575633	      1.09564692	     40.42852352	     90.00000001	      0.00000000	      0.00000000
      3.50000000	     -4.42295205	      1.51318622	      5.12099701	      2.16899156	      0.93896673	     -0.15601488	     24.69797306	     -1.08786568	     -0.73376484	     11.83161629	     -0.96191120	      0.20650066	      0.03664485	    -16.02108165	     -7.50002318	     -5.19630200	      6.08602808	     12.39567280	      1.54003097	     -3.17186549	      0.02687861	     11.24294079	     -3.99900804	     -7.50002318	     -6.71937003	     -3.95190845	     -9.63742634	     -6.29616930	     -4.67005591	    -11.74026202	     20.20490280	     90.00000001	      0.00000000	      0.00000000	     15.24693360	    -17.78451598	      1.15617712	     41.39041533	     90.00000001	      0.00000000	      0.00000000
      3.51000000	     -4.50617578	      1.95125626	      5.09511026	      2.17936258	      0.93647753	     -0.15655873	     24.51316521	     -1.23123038	     -0.19437772	      8.46369111	     -1.61836738	      0.14771928	     -0.79739234	    -15.71157445	     -7.50002200	     -5.86393999	      6.55213133	     13.25071207	      1.63621295	     -3.14140612	      0.02855730	     11.35601899	     -5.26431393	     -7.50002200	     -6.66318442	     -4.42899373	     -9.77857769	     -6.44361713	     -4.59579432	    -11.88196791	     20.06034228	     90.00000001	      0.00000000	      0.00000000	     15.16291858	    -18.19729116	      1.47625118	     42.63310670	     90.00000001	      0.00000000	      0.00000000
      3.52000000	     -4.98561620	      2.53856949	      5.05067042	      2.18978655	      0.93326196	     -0.15720564	     25.23444331	     -1.57127248	     -0.57934086	      6.27007921	     -2.34878558	      0.10943353	     -0.88886739	    -14.38101176	     -7.50002163	     -5.95567417	      7.32586732	     13.69814973	      2.02676097	     -3.22430538	      0.03537365	     12.03087670	     -5.52935186	     -7.50002163	     -6.11794598	     -5.10502496	     -9.92354558	     -6.73389820	     -4.53405830	    -11.91592567	     20.07764896	     90.00000001	      0.00000000	      0.00000000	     14.97641219	    -18.49178194	      1.47979512	     43.61099500	     90.00000001	      0.00000000	      0.00000000
      3.53000000	     -5.28640822	      3.06370240	      4.97585064	      2.20046424	      0.93023402	     -0.15781243	     25.86063110	     -1.78168038	     -1.29047747	      4.58854093	     -3.08099015	      0.08008515	     -0.93805478	    -13.34694848	     -7.50002139	     -6.26604840	      7.99530767	     13.95595462	      2.38872002	     -3.27250351	      0.04169103	     12.60487780	     -5.87363677	     -7.50002139	     -5.75147911	     -5.68006784	    -10.02370814	     -6.99117724	     -4.51490592	    -11.96531758	     20.08394359	     90.00000001	      0.00000000	      0.00000000	     14.78122172	    -18.75685941	      1.48857962	     44.46000187	     90.00000001	      0.00000000	      0.00000000
      3.54000000	     -5.28213303	      3.46067593	      5.19607920	      2.21134839	      0.92770589	     -0.15855383	     26.36001901	     -2.05101145	     -3.91972418	      3.59374254	     -3.57504204	      0.06272264	      0.46557011	     -9.06011803	     -7.50001961	     -7.08153798	      8.38242378	     15.51658635	      2.53735020	     -3.25353004	      0.04428512	     12.40376881	     -7.79565302	     -7.50001961	     -5.78846816	     -6.09841721	    -10.42731893	     -7.11685410	     -4.44724847	    -12.12480169	     19.99935951	     90.00000001	      0.00000000	      0.00000000	     14.46122134	    -19.18269357	      1.72169577	     45.71005526	     90.00000001	      0.00000000	      0.00000000
      3.55000000	     -5.52650858	      3.83510295	      5.11696591	      2.22223658	      0.92477888	     -0.15901907	     26.98893985	     -2.14159764	     -4.77148444	      2.66903688	     -3.96839062	      0.04658348	      0.40142033	     -8.21631905	     -7.50001935	     -7.41641291	      8.84263225	     15.80399038	      3.00192020	     -3.21848818	      0.05239339	     13.06378215	     -8.00587068	     -7.50001935	     -5.47981905	     -6.49199477	    -10.52889939	     -7.32742211	     -4.46366224	    -12.16212425	     20.04863828	     90.00000001	      0.00000000	      0.00000000	     14.11857745	    -19.37073119	      1.60098678	     46.52509475	     90.00000001	      0.00000000	      0.00000000
      3.56000000	     -5.40761023	      4.03933772	      5.28366242	      2.23376442	      0.92242352	     -0.15956347	     27.54585081	     -2.22860519	     -7.95732700	      2.71841298	     -4.22403019	      0.04744526	      2.11675613	     -3.88037275	     -7.50001763	     -8.24828347	      8.95338142	     16.36286862	      3.32212150	     -3.06296111	      0.05798196	     13.42972167	     -8.44038691	     -7.50001763	     -5.55154746	     -6.67550525	    -10.83093481	     -7.49357261	     -4.47971045	    -12.15003801	     19.99218453	     90.00000001	      0.00000000	      0.00000000	     13.76584589	    -19.55831195	      1.57748578	     47.31645583	     90.00000001	      0.00000000	      0.00000000
      3.57000000	     -5.47177790	      4.26482978	      5.13104354	      2.24506159	      0.91986384	     -0.15967379	     27.92017266	     -2.15503790	     -8.46298074	      2.47822099	     -4.36857766	      0.04325312	      2.06631752	     -3.88208242	     -7.50001754	     -8.85622388	      9.14413789	     16.42341348	      3.61402173	     -2.93476039	      0.06307658	     13.74371085	     -8.49312201	     -7.50001754	     -5.40151060	     -6.89660786	    -10.73610343	     -7.68532276	     -4.52498186	    -12.18200038	     19.97661424	     90.00000001	      0.00000000	      0.00000000	     13.56146567	    -19.58672915	      1.48894823	     47.64434679	     90.00000001	      0.00000000	      0.00000000
      3.58000000	     -5.37370015	      4.29017622	      5.19352860	      2.25655140	      0.91768473	     -0.15986318	     27.99295097	     -1.97450334	     -9.13263572	      2.43581884	     -4.46742020	      0.04251306	      1.81393463	     -3.65074148	     -7.50001727	     -9.58651654	      9.03098256	     16.71267074	      4.03703775	     -2.72489970	      0.07045960	     14.46408011	     -8.65458816	     -7.50001727	     -5.47318254	     -6.86664463	    -11.00000031	     -7.73133031	     -4.54807969	    -12.25542896	     19.99241686	     90.00000001	      0.00000000	      0.00000000	     12.92866532	    -19.72162821	      1.27250753	     48.54838728	     90.00000001	      0.00000000	      0.00000000
      3.59000000	     -5.41847243	      4.38180074	      5.15046157	      2.26823348	      0.91546892	     -0.15996940	     28.18073938	     -1.87529848	     -9.16440457	      2.70910121	     -4.46254227	      0.04728274	      1.76076517	     -3.61190313	     -7.50001719	    -10.17712295	      9.02881426	     16.74850558	      4.43448215	     -2.54981262	      0.07739631	     14.51439801	     -8.53928016	     -7.50001719	     -5.30978899	     -6.92228083	    -10.97618728	     -7.90652385	     -4.59606842	    -12.27465531	     19.99449615	     90.00000001	      0.00000000	      0.00000000	     12.62422271	    -19.66672808	      1.26254469	     48.55316720	     90.00000001	      0.00000000	      0.00000000
      3.60000000	     -5.44975512	      4.41852363	      5.16974963	      2.28013892	      0.91350200	     -0.15991706	     28.25457579	     -1.75305231	     -9.06639485	      3.13676017	     -4.44145030	      0.05474679	      1.64554462	     -3.56629424	     -7.50001711	    -10.77848137	      8.93817630	     16.78415995	      4.85690904	     -2.39109539	      0.08476905	     14.58826572	     -8.42970094	     -7.50001711	     -5.15120372	     -6.93741129	    -10.96937010	     -8.08392662	     -4.61123907	    -12.29612545	     19.99754252	     90.00000001	      0.00000000	      0.00000000	     12.23351302	    -19.57323962	      1.24571493	     48.55624752	     90.00000001	      0.00000000	      0.00000000
      3.61000000	     -4.59076194	      3.86521118	      4.90797773	      2.29228480	      0.91297588	     -0.15932751	     27.24397016	     -0.72733723	     -8.48214798	      3.70056549	     -4.64940019	      0.06458705	      0.19572950	     -5.61012101	     -7.50001624	    -12.37411794	      7.96072896	     16.34019667	      5.02027555	     -1.93004490	      0.08762034	     15.44076795	     -8.05880857	     -7.50001624	     -6.05029140	     -6.13231245	    -10.92233109	     -7.73188537	     -4.75037074	    -12.62949704	     19.71972636	     90.00000001	      0.00000000	      0.00000000	     11.57825541	    -19.35253972	      0.49281755	     49.18633607	     90.00000001	      0.00000000	      0.00000000
      3.62000000	     -4.44439104	      3.67083354	      4.82713216	      2.30425469	      0.91190269	     -0.15901081	     27.21914936	     -0.39136807	     -7.96189406	      4.91881211	     -4.62289144	      0.08584947	     -0.21967521	     -5.88667594	     -7.50001606	    -13.01057837	      7.55814094	     16.19020631	      5.64268122	     -1.60874392	      0.09848337	     15.47870089	     -7.98770332	     -7.50001606	     -6.12280996	     -5.83502187	    -10.82906348	     -7.71994347	     -4.82020012	    -12.63936420	     19.66120789	     90.00000001	      0.00000000	      0.00000000	     11.06807311	    -19.16530901	      0.31806666	     49.09819357	     90.00000001	      0.00000000	      0.00000000
      3.63000000	     -4.19561609	      3.23112486	      4.36772864	      2.31620273	      0.91142955	     -0.15807622	     26.68246922	      0.45570473	     -5.25685066	      5.64216134	     -4.54706738	      0.09847429	     -2.70604357	    -10.74132652	     -7.50001460	    -13.59663317	      6.87687678	     15.13516040	      6.44648718	     -1.10413500	      0.11251243	     15.67035621	     -7.55184673	     -7.50001460	     -6.29645247	     -5.24260223	    -10.38270145	     -7.43717037	     -4.90320798	    -13.08473481	     19.28470664	     90.00000001	      0.00000000	      0.00000000	     10.57129666	    -18.67608722	     -0.30769200	     48.76095669	     90.00000001	      0.00000000	      0.00000000
      3.64000000	     -3.84101129	      2.85745775	      4.14794161	      2.32844713	      0.91157037	     -0.15748890	     26.51285224	      0.92452433	     -4.88430783	      7.40421043	     -4.38025966	      0.12922785	     -3.01910404	    -11.29905775	     -7.50001438	    -14.29427695	      6.23372514	     14.72926179	      7.32487545	     -0.58202640	      0.12784319	     15.32375701	     -7.68261222	     -7.50001438	     -6.60409724	     -4.70870310	    -10.14016296	     -7.25524972	     -5.01420889	    -13.04281098	     19.07937388	     90.00000001	      0.00000000	      0.00000000	     10.01940170	    -18.25981680	     -0.70426709	     48.34342092	     90.00000001	      0.00000000	      0.00000000
      3.65000000	     -3.48077902	      2.39422390	      3.92267164	      2.34093327	      0.91223870	     -0.15687953	     26.25910126	      1.43595744	     -4.42800308	      9.18361995	     -4.13031567	      0.16028441	     -3.32086207	    -12.36622830	     -7.50001413	    -14.87827836	      5.51082294	     14.13406589	      8.42199937	     -0.05762695	      0.14699162	     14.65771987	     -7.92943355	     -7.50001413	     -6.89321646	     -4.07138819	     -9.90564832	     -7.02186804	     -5.13874942	    -13.08692112	     18.81601760	     90.00000001	      0.00000000	      0.00000000	      9.41737355	    -17.73343479	     -1.29778647	     47.67635974	     90.00000001	      0.00000000	      0.00000000
      3.66000000	     -3.41698693	      2.01407733	      3.62258803	      2.35311591	      0.91314921	     -0.15622417	     26.03019451	      1.84305261	     -2.73048751	     10.49045532	     -3.63199096	      0.18309299	     -4.45686204	    -15.07250155	     -7.50001331	    -14.84464881	      4.95284304	     13.48176247	     10.04211710	      0.55511938	      0.17526801	     13.74918185	     -8.40436600	     -7.50001331	     -6.88173212	     -3.54213421	     -9.60732730	     -6.67334318	     -5.21774350	    -13.49023671	     18.44284563	     90.00000001	      0.00000000	      0.00000000	      8.79329844	    -17.07381646	     -2.13818865	     46.74052834	     90.00000001	      0.00000000	      0.00000000
      3.67000000	     -2.97157954	      1.62252268	      3.40331319	      2.36583511	      0.91494371	     -0.15559377	     25.40246402	      2.20596295	     -2.36563910	     11.91073072	     -3.20791995	      0.20788147	     -4.21214136	    -15.70958308	     -7.50001306	    -15.22871621	      4.28258701	     12.88739419	     11.63779491	      1.23963463	      0.20311784	     12.43046720	     -8.70818767	     -7.50001306	     -7.27790544	     -2.99642026	     -9.37502319	     -6.38818513	     -5.32993898	    -13.45904054	     18.20166116	     90.00000001	      0.00000000	      0.00000000	      8.10120822	    -16.56106684	     -2.57805779	     45.85820012	     90.00000001	      0.00000000	      0.00000000
      3.68000000	     -2.60732089	      1.32114998	      3.19303245	      2.37854157	      0.91706649	     -0.15493267	     24.66869242	      2.47037876	     -1.94686977	     12.98755448	     -2.75352510	      0.22667559	     -3.80283377	    -16.19140986	     -7.50001284	    -15.28395416	      3.68372781	     12.25201164	     13.63814870	      2.04418979	      0.23803060	     10.73398745	     -9.13319619	     -7.50001284	     -7.58282933	     -2.57922592	     -9.17152036	     -6.08063283	     -5.40097400	    -13.43493455	     17.96298685	     90.00000001	      0.00000000	      0.00000000	      7.40126315	    -16.02364334	     -3.13556053	     44.75801035	     90.00000001	      0.00000000	      0.00000000
      3.69000000	     -2.54894812	      1.10027671	      2.92975070	      2.39091105	      0.91917673	     -0.15423896	     24.06591695	      2.71899722	     -1.20218777	     13.59755282	     -2.34667177	      0.23732207	     -3.65310869	    -16.74010087	     -7.50001238	    -14.64077992	      3.23868698	     11.57933256	     16.26288303	      2.85716574	      0.28384085	      8.79330046	    -10.06856470	     -7.50001238	     -7.55725146	     -2.29049204	     -8.94243733	     -5.74329139	     -5.45885909	    -13.55107963	     17.75460002	     90.00000001	      0.00000000	      0.00000000	      6.70289711	    -15.34955198	     -4.00854961	     43.38913546	     90.00000001	      0.00000000	      0.00000000
      3.70000000	     -2.41620784	      0.96315695	      2.69062804	      2.40331995	      0.92158424	     -0.15349093	     23.21836533	      2.93027680	     -0.72775366	     13.91010628	     -2.06552159	      0.24277715	     -3.13272253	    -16.94060024	     -7.50001188	    -13.94019241	      2.83264580	     10.97748674	     19.03242352	      3.68722339	      0.33217846	      6.55084014	    -10.76719470	     -7.50001188	     -7.60931163	     -2.11905967	     -8.71860168	     -5.44077882	     -5.48419296	    -13.58862657	     17.60842173	     90.00000001	      0.00000000	      0.00000000	      6.00659649	    -14.79360730	     -4.61637228	     41.96581304	     90.00000001	      0.00000000	      0.00000000
      3.71000000	     -2.21993895	      0.86265728	      2.47185050	      2.41565442	      0.92419947	     -0.15276584	     22.13692490	      3.17573741	     -0.54502671	     13.87831538	     -1.98563571	      0.24222230	     -2.40638466	    -16.71396576	     -7.50001159	    -13.12322408	      2.45127495	     10.35993474	     22.02518143	      4.44447281	      0.38441193	      4.17009484	    -11.29712879	     -7.50001159	     -7.74440419	     -2.00320740	     -8.50172332	     -5.17161308	     -5.51762862	    -13.52086137	     17.60466244	     90.00000001	      0.00000000	      0.00000000	      5.34057144	    -14.29010158	     -5.06435117	     40.47017966	     90.00000001	      0.00000000	      0.00000000
      3.72000000	     -2.13354803	      0.80984350	      2.28570073	      2.42787515	      0.92669681	     -0.15202561	     21.05675634	      3.41665093	     -0.47793786	     13.59053134	     -2.02658592	      0.23719952	     -1.61928679	    -16.37435098	     -7.50001134	    -11.97220951	      2.09512716	      9.76523744	     25.26635837	      5.16335432	      0.44098114	      1.75211316	    -11.81636622	     -7.50001134	     -7.73912404	     -1.96541179	     -8.31092239	     -4.93916164	     -5.52646260	    -13.42525562	     17.69697622	     90.00000001	      0.00000000	      0.00000000	      4.67779543	    -13.79177757	     -5.51904214	     38.82520781	     90.00000001	      0.00000000	      0.00000000
      3.73000000	     -2.25233013	      0.77105958	      2.06578651	      2.43971506	      0.92884294	     -0.15104512	     20.16828325	      3.76483687	     -0.47071770	     13.15267866	     -2.30822791	      0.22955755	     -1.01138777	    -15.84589907	     -7.50001105	    -10.33235494	      1.72075579	      9.13806206	     28.82363975	      5.85986261	      0.50306742	     -0.30274475	    -12.48776744	     -7.50001105	     -7.52503989	     -2.00196829	     -8.05017286	     -4.76897691	     -5.51683854	    -13.29467408	     17.90992533	     90.00000001	      0.00000000	      0.00000000	      4.08798599	    -13.28070012	     -6.18366944	     37.07501643	     90.00000001	      0.00000000	      0.00000000
      3.74000000	     -2.59220723	      0.76852204	      1.87943786	      2.45115946	      0.93055412	     -0.15000944	     19.58927040	      4.09240374	     -0.47939499	     12.80802373	     -2.65647410	      0.22354218	     -0.43321489	    -15.40281060	     -7.50001059	     -8.24422890	      1.35788556	      8.54827852	     32.55781588	      6.48142130	      0.56824108	     -1.95007574	    -13.10599129	     -7.50001059	     -7.06883685	     -2.10579020	     -7.83628794	     -4.62352611	     -5.49065355	    -13.06705514	     18.22070052	     90.00000001	      0.00000000	      0.00000000	      3.54274639	    -12.75706345	     -7.10434497	     35.16645617	     90.00000001	      0.00000000	      0.00000000
      3.75000000	     -2.79542612	      0.77647005	      1.76583756	      2.46256284	      0.93232877	     -0.14909603	     18.78311899	      4.38029198	     -0.67109537	     12.30961751	     -3.03135635	      0.21484336	      0.28377183	    -14.73961961	     -7.50001008	     -6.27469829	      1.02967698	      7.93434264	     36.13746173	      6.82085849	      0.63071769	     -3.20795437	    -13.72469699	     -7.50001008	     -6.75788603	     -2.22270838	     -7.62920150	     -4.50894270	     -5.47665080	    -12.79867396	     18.62405284	     90.00000001	      0.00000000	      0.00000000	      3.06787393	    -12.26923198	     -7.87334356	     33.24139758	     90.00000001	      0.00000000	      0.00000000
      3.76000000	     -2.91537794	      0.78041127	      1.67677889	      2.47381598	      0.93411442	     -0.14812781	     17.84234316	      4.67439718	     -0.88535017	     11.70092260	     -3.42362619	      0.20421962	      0.95575465	    -13.99657373	     -7.50000963	     -4.36898926	      0.69705944	      7.28342404	     39.52697004	      6.95082023	      0.68987577	     -4.04272908	    -14.51587652	     -7.50000963	     -6.54359460	     -2.34733374	     -7.39358070	     -4.39426796	     -5.45590384	    -12.53510672	     19.09314282	     90.00000001	      0.00000000	      0.00000000	      2.65846768	    -11.82765827	     -8.60967746	     31.30450250	     90.00000001	      0.00000000	      0.00000000
      3.77000000	     -2.90917241	      0.82829207	      1.60889773	      2.48492500	      0.93598212	     -0.14704860	     16.70898987	      4.91548353	     -1.01425381	     10.98930159	     -3.78741790	      0.19179950	      1.59117290	    -13.24487081	     -7.50000936	     -2.61189565	      0.41646726	      6.53825401	     42.63352198	      6.83964377	      0.74409533	     -4.55553662	    -15.38192185	     -7.50000936	     -6.48356113	     -2.54677813	     -7.15425854	     -4.24823681	     -5.38732287	    -12.31415191	     19.59825670	     90.00000001	      0.00000000	      0.00000000	      2.28251296	    -11.49099133	     -9.17465673	     29.40561622	     90.00000001	      0.00000000	      0.00000000
      3.78000000	     -2.92967476	      0.90503859	      1.58808328	      2.49587885	      0.93771688	     -0.14597945	     15.62057263	      5.07222926	     -1.07362757	     10.30770777	     -4.06511646	      0.17990344	      2.21824009	    -12.66114805	     -7.50000910	     -0.78852821	      0.17769861	      5.70894101	     45.52908035	      6.53077392	      0.79463236	     -4.67277447	    -16.27410501	     -7.50000910	     -6.38581686	     -2.80327603	     -6.92448008	     -4.08377579	     -5.33698677	    -12.01980571	     20.07908493	     90.00000001	      0.00000000	      0.00000000	      1.96157793	    -11.17675899	     -9.92558018	     27.46903391	     90.00000001	      0.00000000	      0.00000000
      3.79000000	     -2.94464370	      1.02464887	      1.53832750	      2.50665233	      0.93941172	     -0.14483668	     14.54860869	      5.16884518	     -0.98237874	      9.67174579	     -4.28640840	      0.16880381	      2.77322635	    -12.22645951	     -7.50000884	      1.01626955	     -0.00027516	      4.84434116	     48.10737047	      6.08527616	      0.83963201	     -4.45871524	    -17.02589387	     -7.50000884	     -6.31557839	     -3.13003828	     -6.67884129	     -3.86868144	     -5.26425473	    -11.62917160	     20.53226228	     90.00000001	      0.00000000	      0.00000000	      1.66862696	    -10.88355944	    -10.87877713	     25.54985669	     90.00000001	      0.00000000	      0.00000000
      3.80000000	     -2.63771263	      1.45973771	      1.45407517	      2.51720499	      0.94153094	     -0.14368720	     13.19745639	      4.90479306	     -1.08377797	      9.18198569	     -4.52807644	      0.16025588	      3.36153195	    -11.94879430	     -7.50000874	      2.30403606	      0.15178129	      4.17147687	     50.02067231	      5.82368135	      0.87302543	     -3.90305485	    -17.58812541	     -7.50000874	     -6.68622940	     -3.83888735	     -6.44462546	     -3.44044981	     -5.09828894	    -11.41945583	     20.84104958	     90.00000001	      0.00000000	      0.00000000	      1.19103384	    -10.82087875	    -11.05322494	     24.30182073	     90.00000001	      0.00000000	      0.00000000
      3.81000000	     -2.96729831	      1.38435188	      1.27798272	      2.52777540	      0.94261850	     -0.14245443	     12.34722963	      5.25846418	     -0.46826801	      8.24119141	     -4.76810017	      0.14383592	      3.64309541	    -11.64169849	     -7.50000833	      4.51873939	     -0.28487549	      3.07865413	     52.20796044	      5.25247182	      0.91120081	     -3.44547100	    -17.93525087	     -7.50000833	     -6.21145776	     -3.95918714	     -6.11240002	     -3.26436078	     -5.21918125	    -10.47966557	     21.37625500	     90.00000001	      0.00000000	      0.00000000	      1.20462827	    -10.29845155	    -13.59545189	     21.74732572	     90.00000001	      0.00000000	      0.00000000
      3.82000000	     -2.82498523	      1.76706912	      1.23192021	      2.53822518	      0.94444276	     -0.14148629	     11.07113754	      4.99001416	     -0.43346073	      7.52960573	     -4.92934157	      0.13141641	      4.20848246	    -11.28049711	     -7.50000822	      5.96750496	     -0.06208844	      2.65347899	     53.51457592	      4.89909202	      0.93400555	     -2.90094647	    -18.21394770	     -7.50000822	     -6.38733235	     -4.62066297	     -5.95536205	     -2.75853594	     -5.11084965	    -10.20261345	     21.56564720	     90.00000001	      0.00000000	      0.00000000	      0.68555470	    -10.30248993	    -13.77042338	     20.46396354	     90.00000001	      0.00000000	      0.00000000
      3.83000000	     -2.88508582	      2.02458979	      0.99023458	      2.54873715	      0.94584462	     -0.14016811	      9.87920735	      4.95232370	     -0.06399769	      6.49617295	     -5.18508241	      0.11337961	      4.51909710	    -10.65184719	     -7.50000800	      7.60704453	     -0.12182384	      2.21113140	     54.58188341	      4.87744644	      0.95263358	     -2.48028996	    -18.28236698	     -7.50000800	     -6.27630446	     -5.17487612	     -5.57560921	     -2.35617564	     -5.09122681	     -9.54900934	     21.85439641	     90.00000001	      0.00000000	      0.00000000	      0.32806442	    -10.16734695	    -14.96859936	     18.87024339	     90.00000001	      0.00000000	      0.00000000
      3.84000000	     -2.86799632	      2.30726662	      0.75876977	      2.55900582	      0.94726920	     -0.13903818	      8.69329584	      4.86365105	      0.22240310	      5.64237860	     -5.43124305	      0.09847808	      4.71531085	    -10.50406793	     -7.50000744	      9.09530252	     -0.07184235	      2.06427250	     55.21845494	      4.99858994	      0.96374385	     -1.82897103	    -18.32330690	     -7.50000744	     -6.30287148	     -5.74427208	     -5.34212436	     -1.88053508	     -5.12690912	     -8.45059857	     22.22263937	     90.00000001	      0.00000000	      0.00000000	      0.28122325	     -9.89180720	    -18.10266667	     16.95625524	     90.00000001	      0.00000000	      0.00000000
      3.85000000	     -2.87136806	      2.69160014	      0.45795377	      2.56925287	      0.94845190	     -0.13772842	      7.73587548	      4.66436487	     -0.02554290	      5.14641758	     -5.68846528	      0.08982193	      5.10794161	    -10.17141985	     -7.50000737	     10.53703803	      0.07686643	      1.97052547	     55.49415123	      5.24723283	      0.96855565	     -1.39747187	    -18.37244072	     -7.50000737	     -6.31569808	     -6.44872032	     -4.94186710	     -1.30124268	     -5.01998080	     -8.24808726	     22.38522524	     90.00000001	      0.00000000	      0.00000000	     -0.49794961	     -9.97227580	    -18.18398372	     16.32256413	     90.00000001	      0.00000000	      0.00000000
      3.86000000	     -3.02583696	      2.93895083	      0.29931279	      2.57948996	      0.94928894	     -0.13691325	      6.60699746	      4.55118823	      0.29974722	      3.98500194	     -5.91937317	      0.06955140	      5.50123652	     -9.09910376	     -7.50000707	     12.11165469	      0.17046683	      2.64106183	     55.46064074	      5.92613907	      0.96797079	     -1.03847725	    -18.38000079	     -7.50000707	     -6.15025739	     -6.93799865	     -4.79420228	     -0.74383685	     -5.10356251	     -7.39738483	     22.60570066	     90.00000001	      0.00000000	      0.00000000	     -1.02040015	     -9.85930060	    -19.74159387	     15.18390092	     90.00000001	      0.00000000	      0.00000000
      3.87000000	     -3.16138851	      3.22502797	      0.00782490	      2.58961037	      0.94987015	     -0.13599144	      5.79353226	      4.41043354	      0.12671646	      3.45438992	     -6.15415824	      0.06029048	      5.96237698	     -8.69385683	     -7.50000698	     13.62616493	      0.30365052	      2.76947604	     55.14309682	      6.24501666	      0.96242860	     -0.61093687	    -18.30326219	     -7.50000698	     -6.01047883	     -7.46044212	     -4.41792027	     -0.10722640	     -5.13184312	     -7.11673342	     22.77352545	     90.00000001	      0.00000000	      0.00000000	     -1.81310497	     -9.83880610	    -20.03422905	     14.67499519	     90.00000001	      0.00000000	      0.00000000
      3.88000000	     -3.38220556	      3.47893400	     -0.27922409	      2.59975592	      0.95011760	     -0.13493927	      4.95506779	      4.30099871	      0.27573379	      2.66386321	     -6.35637585	      0.04649318	      6.49061202	     -7.93551839	     -7.50000688	     15.15322013	      0.42565495	      3.38170263	     54.49352518	      6.88820297	      0.95109144	     -0.22477318	    -18.28672040	     -7.50000688	     -5.77084777	     -7.96472631	     -4.09306637	      0.47645386	     -5.12194273	     -6.63780506	     22.89066122	     90.00000001	      0.00000000	      0.00000000	     -2.65597261	     -9.81816129	    -20.64954450	     14.21277069	     90.00000001	      0.00000000	      0.00000000
