[2026-08-11 13:54:50.717] [info] Loaded model SUBJ59-scaled from file SUBJ59_scaled.osim
[2026-08-11 13:54:59.419] [info] Loaded model SUBJ59-scaled from file SUBJ59_scaled_jmp_temp.osim
[2026-08-11 13:56:26.410] [info] Loaded model SUBJ59-scaled from file SUBJ59_scaled_jmp_temp.osim
[2026-08-11 13:56:26.424] [info] Loaded model SUBJ59-scaled from file SUBJ59_scaled_jmp_temp.osim
[2026-08-11 13:56:26.429] [info] Loaded model SUBJ59-scaled from file SUBJ59_scaled_jmp_temp.osim
[2026-08-11 13:56:26.438] [info] Loaded model SUBJ59-scaled from file SUBJ59_scaled_jmp_temp.osim
[2026-08-11 13:56:26.447] [info] Loaded model SUBJ59-scaled from file SUBJ59_scaled_jmp_temp.osim
[2026-08-11 13:56:26.462] [info] Loaded model SUBJ59-scaled from file SUBJ59_scaled_jmp_temp.osim
[2026-08-11 22:06:39.299] [info] Loaded model SUBJ59-scaled from file SUBJ59_scaled_jmp_temp.osim
[2026-08-11 22:06:39.966] [info] Loaded model SUBJ59-scaled from file SUBJ59_1_JMP_results\SUBJ59_1_NMSM_JMP_01_pelvis_thigh.osim
[2026-08-11 22:06:40.736] [info] Loaded model SUBJ59-scaled from file SUBJ59_1_NMSM_JMP_01_pelvis_thigh_jmp_temp.osim
[2026-08-11 22:06:48.965] [info] Loaded model SUBJ59-scaled from file SUBJ59_1_NMSM_JMP_01_pelvis_thigh_jmp_temp.osim
[2026-08-11 22:06:48.967] [info] Loaded model SUBJ59-scaled from file SUBJ59_1_NMSM_JMP_01_pelvis_thigh_jmp_temp.osim
[2026-08-11 22:06:48.967] [info] Loaded model SUBJ59-scaled from file SUBJ59_1_NMSM_JMP_01_pelvis_thigh_jmp_temp.osim
[2026-08-11 22:06:48.973] [info] Loaded model SUBJ59-scaled from file SUBJ59_1_NMSM_JMP_01_pelvis_thigh_jmp_temp.osim
[2026-08-11 22:06:48.975] [info] Loaded model SUBJ59-scaled from file SUBJ59_1_NMSM_JMP_01_pelvis_thigh_jmp_temp.osim
[2026-08-11 22:06:48.976] [info] Loaded model SUBJ59-scaled from file SUBJ59_1_NMSM_JMP_01_pelvis_thigh_jmp_temp.osim
[2026-08-11 22:50:12.098] [info] Loaded model SUBJ59-scaled from file SUBJ59_1_NMSM_JMP_01_pelvis_thigh_jmp_temp.osim
[2026-08-11 22:50:12.465] [info] Loaded model SUBJ59-scaled from file SUBJ59_1_JMP_results\SUBJ59_1_NMSM_JMP_02_knee_ankle.osim
[2026-08-11 22:50:13.456] [info] Loaded model SUBJ59-scaled from file SUBJ59_1_NMSM_JMP_02_knee_ankle_jmp_temp.osim
[2026-08-11 22:50:20.765] [info] Loaded model SUBJ59-scaled from file SUBJ59_1_NMSM_JMP_02_knee_ankle_jmp_temp.osim
[2026-08-11 22:50:20.771] [info] Loaded model SUBJ59-scaled from file SUBJ59_1_NMSM_JMP_02_knee_ankle_jmp_temp.osim
[2026-08-11 22:50:20.779] [info] Loaded model SUBJ59-scaled from file SUBJ59_1_NMSM_JMP_02_knee_ankle_jmp_temp.osim
[2026-08-11 22:50:20.779] [info] Loaded model SUBJ59-scaled from file SUBJ59_1_NMSM_JMP_02_knee_ankle_jmp_temp.osim
[2026-08-11 22:50:20.779] [info] Loaded model SUBJ59-scaled from file SUBJ59_1_NMSM_JMP_02_knee_ankle_jmp_temp.osim
[2026-08-11 22:50:20.785] [info] Loaded model SUBJ59-scaled from file SUBJ59_1_NMSM_JMP_02_knee_ankle_jmp_temp.osim
[2026-08-12 00:27:46.928] [info] Loaded model SUBJ59-scaled from file SUBJ59_1_NMSM_JMP_02_knee_ankle_jmp_temp.osim
[2026-08-12 00:27:47.412] [info] Loaded model SUBJ59-scaled from file SUBJ59_1_JMP_results\SUBJ59_1_NMSM_JMP_03_final.osim
[2026-08-12 00:27:47.856] [info] Loaded model SUBJ59-scaled from file SUBJ59_1_NMSM_JMP_03_final_jmp_temp.osim
[2026-08-12 00:27:53.084] [info] Loaded model SUBJ59-scaled from file SUBJ59_1_NMSM_JMP_03_final_jmp_temp.osim
[2026-08-12 00:27:53.095] [info] Loaded model SUBJ59-scaled from file SUBJ59_1_NMSM_JMP_03_final_jmp_temp.osim
[2026-08-12 00:27:53.095] [info] Loaded model SUBJ59-scaled from file SUBJ59_1_NMSM_JMP_03_final_jmp_temp.osim
[2026-08-12 00:27:53.099] [info] Loaded model SUBJ59-scaled from file SUBJ59_1_NMSM_JMP_03_final_jmp_temp.osim
[2026-08-12 00:28:08.707] [info] Loaded model SUBJ59-scaled from file SUBJ59_1_NMSM_JMP_03_final_jmp_temp.osim
[2026-08-12 00:28:08.914] [info] Loaded model SUBJ59-scaled from file SUBJ59_1_JMP_results\SUBJ59_1_NMSM_JMP_04_ankle_axis.osim
[2026-08-12 00:28:09.505] [info] Loaded model SUBJ59-scaled from file SUBJ59_1_NMSM_JMP_04_ankle_axis_jmp_temp.osim
[2026-08-12 00:28:13.463] [info] Loaded model SUBJ59-scaled from file SUBJ59_1_NMSM_JMP_04_ankle_axis_jmp_temp.osim
[2026-08-12 00:28:13.469] [info] Loaded model SUBJ59-scaled from file SUBJ59_1_NMSM_JMP_04_ankle_axis_jmp_temp.osim
[2026-08-12 00:28:13.475] [info] Loaded model SUBJ59-scaled from file SUBJ59_1_NMSM_JMP_04_ankle_axis_jmp_temp.osim
[2026-08-12 00:28:13.484] [info] Loaded model SUBJ59-scaled from file SUBJ59_1_NMSM_JMP_04_ankle_axis_jmp_temp.osim
[2026-08-12 00:28:13.488] [info] Loaded model SUBJ59-scaled from file SUBJ59_1_NMSM_JMP_04_ankle_axis_jmp_temp.osim
[2026-08-12 00:59:44.079] [info] Loaded model SUBJ59-scaled from file SUBJ59_1_NMSM_JMP_04_ankle_axis_jmp_temp.osim
[2026-08-12 00:59:44.356] [info] Loaded model SUBJ59-scaled from file SUBJ59_1_JMP_results\SUBJ59_1_NMSM_JMP_05_torso.osim
[2026-08-12 00:59:44.980] [info] Loaded model SUBJ59-scaled from file SUBJ59_1_NMSM_JMP_05_torso_jmp_temp.osim
[2026-08-12 00:59:48.599] [info] Loaded model SUBJ59-scaled from file SUBJ59_1_NMSM_JMP_05_torso_jmp_temp.osim
[2026-08-12 00:59:48.607] [info] Loaded model SUBJ59-scaled from file SUBJ59_1_NMSM_JMP_05_torso_jmp_temp.osim
[2026-08-12 00:59:48.607] [info] Loaded model SUBJ59-scaled from file SUBJ59_1_NMSM_JMP_05_torso_jmp_temp.osim
[2026-08-12 00:59:48.613] [info] Loaded model SUBJ59-scaled from file SUBJ59_1_NMSM_JMP_05_torso_jmp_temp.osim
[2026-08-12 00:59:48.618] [info] Loaded model SUBJ59-scaled from file SUBJ59_1_NMSM_JMP_05_torso_jmp_temp.osim
[2026-08-12 00:59:48.619] [info] Loaded model SUBJ59-scaled from file SUBJ59_1_NMSM_JMP_05_torso_jmp_temp.osim
[2026-08-12 01:05:25.551] [info] Loaded model SUBJ59-scaled from file SUBJ59_1_NMSM_JMP_05_torso_jmp_temp.osim
[2026-08-12 01:05:25.897] [info] Loaded model SUBJ59-scaled from file SUBJ59_1_JMP_results\SUBJ59_1_NMSM_JMP_06_shoulder_elbow.osim
[2026-08-12 01:05:26.962] [info] Loaded model SUBJ59-scaled from file SUBJ59_1_NMSM_JMP_06_shoulder_elbow_jmp_temp.osim
[2026-08-12 01:05:31.860] [info] Loaded model SUBJ59-scaled from file SUBJ59_1_NMSM_JMP_06_shoulder_elbow_jmp_temp.osim
[2026-08-12 01:05:31.866] [info] Loaded model SUBJ59-scaled from file SUBJ59_1_NMSM_JMP_06_shoulder_elbow_jmp_temp.osim
[2026-08-12 01:05:31.868] [info] Loaded model SUBJ59-scaled from file SUBJ59_1_NMSM_JMP_06_shoulder_elbow_jmp_temp.osim
[2026-08-12 01:05:31.879] [info] Loaded model SUBJ59-scaled from file SUBJ59_1_NMSM_JMP_06_shoulder_elbow_jmp_temp.osim
[2026-08-12 01:05:31.879] [info] Loaded model SUBJ59-scaled from file SUBJ59_1_NMSM_JMP_06_shoulder_elbow_jmp_temp.osim
[2026-08-12 01:05:31.881] [info] Loaded model SUBJ59-scaled from file SUBJ59_1_NMSM_JMP_06_shoulder_elbow_jmp_temp.osim
[2026-08-12 01:41:49.417] [info] Loaded model SUBJ59-scaled from file SUBJ59_1_NMSM_JMP_06_shoulder_elbow_jmp_temp.osim
[2026-08-12 01:41:49.994] [info] Loaded model SUBJ59-scaled from file SUBJ59_1_JMP_results\SUBJ59_1_NMSM_JMP_07_upper_limb_final.osim
[2026-08-12 01:41:50.539] [info] Loaded model SUBJ59-scaled from file SUBJ59_1_NMSM_JMP_07_upper_limb_final_jmp_temp.osim
[2026-08-12 01:41:54.930] [info] Loaded model SUBJ59-scaled from file SUBJ59_1_NMSM_JMP_07_upper_limb_final_jmp_temp.osim
[2026-08-12 01:41:54.936] [info] Loaded model SUBJ59-scaled from file SUBJ59_1_NMSM_JMP_07_upper_limb_final_jmp_temp.osim
[2026-08-12 01:41:54.936] [info] Loaded model SUBJ59-scaled from file SUBJ59_1_NMSM_JMP_07_upper_limb_final_jmp_temp.osim
[2026-08-12 01:41:54.938] [info] Loaded model SUBJ59-scaled from file SUBJ59_1_NMSM_JMP_07_upper_limb_final_jmp_temp.osim
[2026-08-12 01:41:54.941] [info] Loaded model SUBJ59-scaled from file SUBJ59_1_NMSM_JMP_07_upper_limb_final_jmp_temp.osim
[2026-08-12 01:41:54.951] [info] Loaded model SUBJ59-scaled from file SUBJ59_1_NMSM_JMP_07_upper_limb_final_jmp_temp.osim
[2026-08-12 01:47:40.169] [info] Loaded model SUBJ59-scaled from file SUBJ59_1_NMSM_JMP_07_upper_limb_final_jmp_temp.osim
[2026-08-14 12:07:20.642] [info] Loaded model SUBJ59-scaled from file C:\Users\migue\Downloads\TFG\2_JMP\SUBJ59\Walk_1\SUBJ59_scaled.osim
[2026-08-14 12:07:23.206] [cout] [info] 
               MODEL: SUBJ59-scaled
         coordinates: 41
              forces: 103
           actuators: 103
             muscles: 86
            analyses: 0
              probes: 0
              bodies: 24
              joints: 24
         constraints: 2
             markers: 25
         controllers: 0
  contact geometries: 0
misc modelcomponents: 0
[2026-08-14 12:07:23.208] [info] Running tool .
[2026-08-14 12:07:23.415] [info] Frame 0 (t = 0.0):	 total squared error = 0.00111884, marker error: RMS = 0.00668980, max = 0.0142867 (R_Thigh_Lateral)
[2026-08-14 12:07:23.426] [info] Frame 1 (t = 0.01):	 total squared error = 0.00113869, marker error: RMS = 0.00674891, max = 0.0143612 (R_Thigh_Lateral)
[2026-08-14 12:07:23.456] [info] Frame 2 (t = 0.02):	 total squared error = 0.00115139, marker error: RMS = 0.00678643, max = 0.0144819 (R_Thigh_Lateral)
[2026-08-14 12:07:23.472] [info] Frame 3 (t = 0.03):	 total squared error = 0.00117868, marker error: RMS = 0.00686639, max = 0.0146267 (R_Thigh_Lateral)
[2026-08-14 12:07:23.513] [info] Frame 4 (t = 0.04):	 total squared error = 0.00118219, marker error: RMS = 0.00687661, max = 0.0148247 (R_Thigh_Lateral)
[2026-08-14 12:07:23.551] [info] Frame 5 (t = 0.05):	 total squared error = 0.00118950, marker error: RMS = 0.00689784, max = 0.0149534 (R_Thigh_Lateral)
[2026-08-14 12:07:23.590] [info] Frame 6 (t = 0.06):	 total squared error = 0.00118875, marker error: RMS = 0.00689566, max = 0.0149688 (R_Thigh_Lateral)
[2026-08-14 12:07:23.612] [info] Frame 7 (t = 0.07):	 total squared error = 0.00118502, marker error: RMS = 0.00688481, max = 0.0149531 (R_Thigh_Lateral)
[2026-08-14 12:07:23.637] [info] Frame 8 (t = 0.08):	 total squared error = 0.00117080, marker error: RMS = 0.00684340, max = 0.0148361 (R_Thigh_Lateral)
[2026-08-14 12:07:23.668] [info] Frame 9 (t = 0.09):	 total squared error = 0.00114914, marker error: RMS = 0.00677978, max = 0.0145057 (R_Thigh_Lateral)
[2026-08-14 12:07:23.706] [info] Frame 10 (t = 0.1):	 total squared error = 0.00113617, marker error: RMS = 0.00674143, max = 0.0144558 (R_Thigh_Lateral)
[2026-08-14 12:07:23.732] [info] Frame 11 (t = 0.11):	 total squared error = 0.00113385, marker error: RMS = 0.00673454, max = 0.0146369 (R_Thigh_Lateral)
[2026-08-14 12:07:23.758] [info] Frame 12 (t = 0.12):	 total squared error = 0.00114080, marker error: RMS = 0.00675515, max = 0.0149795 (R_Thigh_Lateral)
[2026-08-14 12:07:23.782] [info] Frame 13 (t = 0.13):	 total squared error = 0.00115679, marker error: RMS = 0.00680232, max = 0.0154882 (R_Thigh_Lateral)
[2026-08-14 12:07:23.802] [info] Frame 14 (t = 0.14):	 total squared error = 0.00117878, marker error: RMS = 0.00686667, max = 0.0160186 (R_Thigh_Lateral)
[2026-08-14 12:07:23.826] [info] Frame 15 (t = 0.15):	 total squared error = 0.00120044, marker error: RMS = 0.00692949, max = 0.0164075 (R_Thigh_Lateral)
[2026-08-14 12:07:23.851] [info] Frame 16 (t = 0.16):	 total squared error = 0.00121891, marker error: RMS = 0.00698258, max = 0.0166421 (R_Thigh_Lateral)
[2026-08-14 12:07:23.862] [info] Frame 17 (t = 0.17):	 total squared error = 0.00123301, marker error: RMS = 0.00702285, max = 0.0167741 (R_Thigh_Lateral)
[2026-08-14 12:07:23.889] [info] Frame 18 (t = 0.18):	 total squared error = 0.00121879, marker error: RMS = 0.00698225, max = 0.0161631 (R_Thigh_Lateral)
[2026-08-14 12:07:23.901] [info] Frame 19 (t = 0.19):	 total squared error = 0.00120136, marker error: RMS = 0.00693213, max = 0.0154381 (R_Thigh_Lateral)
[2026-08-14 12:07:23.921] [info] Frame 20 (t = 0.2):	 total squared error = 0.00116786, marker error: RMS = 0.00683478, max = 0.0144982 (R_Thigh_Lateral)
[2026-08-14 12:07:23.946] [info] Frame 21 (t = 0.21):	 total squared error = 0.00112820, marker error: RMS = 0.00671775, max = 0.0133973 (R_Thigh_Lateral)
[2026-08-14 12:07:23.990] [info] Frame 22 (t = 0.22):	 total squared error = 0.00108592, marker error: RMS = 0.00659065, max = 0.0123002 (R_Thigh_Lateral)
[2026-08-14 12:07:24.019] [info] Frame 23 (t = 0.23):	 total squared error = 0.00105329, marker error: RMS = 0.00649089, max = 0.0117163 (L_Elbow)
[2026-08-14 12:07:24.053] [info] Frame 24 (t = 0.24):	 total squared error = 0.00102688, marker error: RMS = 0.00640900, max = 0.0114194 (L_Elbow)
[2026-08-14 12:07:24.102] [info] Frame 25 (t = 0.25):	 total squared error = 0.00100306, marker error: RMS = 0.00633422, max = 0.0109979 (L_Elbow)
[2026-08-14 12:07:24.122] [info] Frame 26 (t = 0.26):	 total squared error = 0.000997936, marker error: RMS = 0.00631802, max = 0.0107807 (L_Elbow)
[2026-08-14 12:07:24.172] [info] Frame 27 (t = 0.27):	 total squared error = 0.000999534, marker error: RMS = 0.00632308, max = 0.0102964 (L_Elbow)
[2026-08-14 12:07:24.223] [info] Frame 28 (t = 0.28):	 total squared error = 0.00100908, marker error: RMS = 0.00635321, max = 0.0101188 (L_Elbow)
[2026-08-14 12:07:24.260] [info] Frame 29 (t = 0.29):	 total squared error = 0.00101796, marker error: RMS = 0.00638111, max = 0.0100587 (L_Elbow)
[2026-08-14 12:07:24.313] [info] Frame 30 (t = 0.3):	 total squared error = 0.00101489, marker error: RMS = 0.00637148, max = 0.00971864 (L_Elbow)
[2026-08-14 12:07:24.345] [info] Frame 31 (t = 0.31):	 total squared error = 0.00100966, marker error: RMS = 0.00635503, max = 0.00979892 (L_Elbow)
[2026-08-14 12:07:24.369] [info] Frame 32 (t = 0.32):	 total squared error = 0.00100289, marker error: RMS = 0.00633369, max = 0.00983199 (L_Elbow)
[2026-08-14 12:07:24.390] [info] Frame 33 (t = 0.33):	 total squared error = 0.00100344, marker error: RMS = 0.00633544, max = 0.0101697 (L_Elbow)
[2026-08-14 12:07:24.435] [info] Frame 34 (t = 0.34):	 total squared error = 0.000982323, marker error: RMS = 0.00626841, max = 0.00963588 (L_Elbow)
[2026-08-14 12:07:24.465] [info] Frame 35 (t = 0.35):	 total squared error = 0.000968581, marker error: RMS = 0.00622441, max = 0.00954466 (L_Elbow)
[2026-08-14 12:07:24.500] [info] Frame 36 (t = 0.36):	 total squared error = 0.000950798, marker error: RMS = 0.00616700, max = 0.00940039 (L_Elbow)
[2026-08-14 12:07:24.536] [info] Frame 37 (t = 0.37):	 total squared error = 0.000931569, marker error: RMS = 0.00610432, max = 0.0103529 (L_Thigh_Lateral)
[2026-08-14 12:07:24.555] [info] Frame 38 (t = 0.38):	 total squared error = 0.000925651, marker error: RMS = 0.00608490, max = 0.0119524 (L_Thigh_Lateral)
[2026-08-14 12:07:24.585] [info] Frame 39 (t = 0.39):	 total squared error = 0.000899452, marker error: RMS = 0.00599817, max = 0.0129457 (L_Thigh_Lateral)
[2026-08-14 12:07:24.617] [info] Frame 40 (t = 0.4):	 total squared error = 0.000886440, marker error: RMS = 0.00595463, max = 0.0139383 (L_Thigh_Lateral)
[2026-08-14 12:07:24.658] [info] Frame 41 (t = 0.41):	 total squared error = 0.000885551, marker error: RMS = 0.00595164, max = 0.0147377 (L_Thigh_Lateral)
[2026-08-14 12:07:24.675] [info] Frame 42 (t = 0.42):	 total squared error = 0.000908440, marker error: RMS = 0.00602807, max = 0.0156254 (L_Thigh_Lateral)
[2026-08-14 12:07:24.694] [info] Frame 43 (t = 0.43):	 total squared error = 0.000939913, marker error: RMS = 0.00613160, max = 0.016167 (L_Thigh_Lateral)
[2026-08-14 12:07:24.729] [info] Frame 44 (t = 0.44):	 total squared error = 0.000973726, marker error: RMS = 0.00624092, max = 0.0165174 (L_Thigh_Lateral)
[2026-08-14 12:07:24.756] [info] Frame 45 (t = 0.45):	 total squared error = 0.00102886, marker error: RMS = 0.00641516, max = 0.016914 (L_Thigh_Lateral)
[2026-08-14 12:07:24.784] [info] Frame 46 (t = 0.46):	 total squared error = 0.00108695, marker error: RMS = 0.00659379, max = 0.0173114 (L_Thigh_Lateral)
[2026-08-14 12:07:24.809] [info] Frame 47 (t = 0.47):	 total squared error = 0.00113956, marker error: RMS = 0.00675147, max = 0.0175112 (L_Thigh_Lateral)
[2026-08-14 12:07:24.827] [info] Frame 48 (t = 0.48):	 total squared error = 0.00118432, marker error: RMS = 0.00688278, max = 0.0186319 (L_Shank_Lateral)
[2026-08-14 12:07:24.850] [info] Frame 49 (t = 0.49):	 total squared error = 0.00120551, marker error: RMS = 0.00694409, max = 0.0189379 (L_Shank_Lateral)
[2026-08-14 12:07:24.862] [info] Frame 50 (t = 0.5):	 total squared error = 0.00122227, marker error: RMS = 0.00699220, max = 0.0193374 (L_Shank_Lateral)
[2026-08-14 12:07:24.903] [info] Frame 51 (t = 0.51):	 total squared error = 0.00120391, marker error: RMS = 0.00693948, max = 0.0181545 (L_Shank_Lateral)
[2026-08-14 12:07:24.929] [info] Frame 52 (t = 0.52):	 total squared error = 0.00119034, marker error: RMS = 0.00690027, max = 0.0177618 (L_Shank_Lateral)
[2026-08-14 12:07:24.951] [info] Frame 53 (t = 0.53):	 total squared error = 0.00117363, marker error: RMS = 0.00685166, max = 0.0172455 (L_Thigh_Lateral)
[2026-08-14 12:07:24.976] [info] Frame 54 (t = 0.54):	 total squared error = 0.00115748, marker error: RMS = 0.00680434, max = 0.0169659 (L_Thigh_Lateral)
[2026-08-14 12:07:25.006] [info] Frame 55 (t = 0.55):	 total squared error = 0.00114367, marker error: RMS = 0.00676363, max = 0.016728 (L_Thigh_Lateral)
[2026-08-14 12:07:25.022] [info] Frame 56 (t = 0.56):	 total squared error = 0.00114539, marker error: RMS = 0.00676872, max = 0.0167889 (L_Thigh_Lateral)
[2026-08-14 12:07:25.051] [info] Frame 57 (t = 0.57):	 total squared error = 0.00114485, marker error: RMS = 0.00676713, max = 0.0165064 (L_Thigh_Lateral)
[2026-08-14 12:07:25.083] [info] Frame 58 (t = 0.58):	 total squared error = 0.00115921, marker error: RMS = 0.00680944, max = 0.0165316 (L_Thigh_Lateral)
[2026-08-14 12:07:25.109] [info] Frame 59 (t = 0.59):	 total squared error = 0.00118644, marker error: RMS = 0.00688895, max = 0.016824 (L_Shank_Lateral)
[2026-08-14 12:07:25.144] [info] Frame 60 (t = 0.6):	 total squared error = 0.00121677, marker error: RMS = 0.00697646, max = 0.0172926 (L_Shank_Lateral)
[2026-08-14 12:07:25.184] [info] Frame 61 (t = 0.61):	 total squared error = 0.00124994, marker error: RMS = 0.00707091, max = 0.0175206 (L_Shank_Lateral)
[2026-08-14 12:07:25.219] [info] Frame 62 (t = 0.62):	 total squared error = 0.00128056, marker error: RMS = 0.00715699, max = 0.0176986 (L_Shank_Lateral)
[2026-08-14 12:07:25.248] [info] Frame 63 (t = 0.63):	 total squared error = 0.00130288, marker error: RMS = 0.00721908, max = 0.0176432 (L_Shank_Lateral)
[2026-08-14 12:07:25.269] [info] Frame 64 (t = 0.64):	 total squared error = 0.00131444, marker error: RMS = 0.00725103, max = 0.0173906 (L_Shank_Lateral)
[2026-08-14 12:07:25.291] [info] Frame 65 (t = 0.65):	 total squared error = 0.00130937, marker error: RMS = 0.00723704, max = 0.0167108 (L_Shank_Lateral)
[2026-08-14 12:07:25.321] [info] Frame 66 (t = 0.66):	 total squared error = 0.00127836, marker error: RMS = 0.00715083, max = 0.0152953 (L_Thigh_Lateral)
[2026-08-14 12:07:25.355] [info] Frame 67 (t = 0.67):	 total squared error = 0.00124889, marker error: RMS = 0.00706793, max = 0.014681 (L_Thigh_Lateral)
[2026-08-14 12:07:25.381] [info] Frame 68 (t = 0.68):	 total squared error = 0.00122352, marker error: RMS = 0.00699578, max = 0.0141812 (L_Thigh_Lateral)
[2026-08-14 12:07:25.416] [info] Frame 69 (t = 0.69):	 total squared error = 0.00119631, marker error: RMS = 0.00691754, max = 0.0139114 (L_Thigh_Lateral)
[2026-08-14 12:07:25.438] [info] Frame 70 (t = 0.7):	 total squared error = 0.00119026, marker error: RMS = 0.00690003, max = 0.0141325 (L_Thigh_Lateral)
[2026-08-14 12:07:25.457] [info] Frame 71 (t = 0.71):	 total squared error = 0.00119990, marker error: RMS = 0.00692791, max = 0.0147865 (L_Thigh_Lateral)
[2026-08-14 12:07:25.476] [info] Frame 72 (t = 0.72):	 total squared error = 0.00122126, marker error: RMS = 0.00698930, max = 0.0156998 (L_Thigh_Lateral)
[2026-08-14 12:07:25.495] [info] Frame 73 (t = 0.73):	 total squared error = 0.00125150, marker error: RMS = 0.00707531, max = 0.0166666 (L_Thigh_Lateral)
[2026-08-14 12:07:25.522] [info] Frame 74 (t = 0.74):	 total squared error = 0.00126862, marker error: RMS = 0.00712355, max = 0.0169938 (L_Thigh_Lateral)
[2026-08-14 12:07:25.541] [info] Frame 75 (t = 0.75):	 total squared error = 0.00129882, marker error: RMS = 0.00720782, max = 0.0177316 (L_Thigh_Lateral)
[2026-08-14 12:07:25.553] [info] Frame 76 (t = 0.76):	 total squared error = 0.00131882, marker error: RMS = 0.00726311, max = 0.0182611 (L_Thigh_Lateral)
[2026-08-14 12:07:25.564] [info] Frame 77 (t = 0.77):	 total squared error = 0.00131355, marker error: RMS = 0.00724858, max = 0.0181011 (L_Thigh_Lateral)
[2026-08-14 12:07:25.597] [info] Frame 78 (t = 0.78):	 total squared error = 0.00126467, marker error: RMS = 0.00711245, max = 0.0170044 (L_Thigh_Lateral)
[2026-08-14 12:07:25.611] [info] Frame 79 (t = 0.79):	 total squared error = 0.00121143, marker error: RMS = 0.00696112, max = 0.0157526 (L_Thigh_Lateral)
[2026-08-14 12:07:25.629] [info] Frame 80 (t = 0.8):	 total squared error = 0.00114975, marker error: RMS = 0.00678160, max = 0.0143663 (L_Thigh_Lateral)
[2026-08-14 12:07:25.651] [info] Frame 81 (t = 0.81):	 total squared error = 0.00108452, marker error: RMS = 0.00658642, max = 0.0136146 (Sternum)
[2026-08-14 12:07:25.671] [info] Frame 82 (t = 0.82):	 total squared error = 0.00103161, marker error: RMS = 0.00642372, max = 0.0136268 (Sternum)
[2026-08-14 12:07:25.690] [info] Frame 83 (t = 0.83):	 total squared error = 0.000984598, marker error: RMS = 0.00627566, max = 0.0135351 (Sternum)
[2026-08-14 12:07:25.707] [info] Frame 84 (t = 0.84):	 total squared error = 0.000943167, marker error: RMS = 0.00614220, max = 0.0133503 (Sternum)
[2026-08-14 12:07:25.730] [info] Frame 85 (t = 0.85):	 total squared error = 0.000891757, marker error: RMS = 0.00597246, max = 0.0133524 (Sternum)
[2026-08-14 12:07:25.773] [info] Frame 86 (t = 0.86):	 total squared error = 0.000830796, marker error: RMS = 0.00576471, max = 0.0130864 (Sternum)
[2026-08-14 12:07:25.796] [info] Frame 87 (t = 0.87):	 total squared error = 0.000800815, marker error: RMS = 0.00565973, max = 0.012781 (Sternum)
[2026-08-14 12:07:25.841] [info] Frame 88 (t = 0.88):	 total squared error = 0.000782294, marker error: RMS = 0.00559391, max = 0.0125339 (Sternum)
[2026-08-14 12:07:25.890] [info] Frame 89 (t = 0.89):	 total squared error = 0.000774191, marker error: RMS = 0.00556486, max = 0.0122077 (Sternum)
[2026-08-14 12:07:25.917] [info] Frame 90 (t = 0.9):	 total squared error = 0.000780271, marker error: RMS = 0.00558667, max = 0.0117948 (Sternum)
[2026-08-14 12:07:25.957] [info] Frame 91 (t = 0.91):	 total squared error = 0.000792398, marker error: RMS = 0.00562991, max = 0.0114214 (Sternum)
[2026-08-14 12:07:25.990] [info] Frame 92 (t = 0.92):	 total squared error = 0.000817708, marker error: RMS = 0.00571912, max = 0.0110415 (Sternum)
[2026-08-14 12:07:26.019] [info] Frame 93 (t = 0.93):	 total squared error = 0.000849362, marker error: RMS = 0.00582876, max = 0.0106525 (Sternum)
[2026-08-14 12:07:26.060] [info] Frame 94 (t = 0.94):	 total squared error = 0.000880161, marker error: RMS = 0.00593350, max = 0.0102567 (Sternum)
[2026-08-14 12:07:26.111] [info] Frame 95 (t = 0.95):	 total squared error = 0.000904645, marker error: RMS = 0.00601546, max = 0.0100638 (R_Shank_Lateral)
[2026-08-14 12:07:26.149] [info] Frame 96 (t = 0.96):	 total squared error = 0.000918218, marker error: RMS = 0.00606042, max = 0.0102650 (R_Knee_Lateral)
[2026-08-14 12:07:26.190] [info] Frame 97 (t = 0.97):	 total squared error = 0.000919805, marker error: RMS = 0.00606566, max = 0.0108739 (R_Knee_Lateral)
[2026-08-14 12:07:26.220] [info] Frame 98 (t = 0.98):	 total squared error = 0.000913135, marker error: RMS = 0.00604363, max = 0.0115207 (R_Knee_Lateral)
[2026-08-14 12:07:26.238] [info] Frame 99 (t = 0.99):	 total squared error = 0.000910942, marker error: RMS = 0.00603636, max = 0.0124946 (R_Knee_Lateral)
[2026-08-14 12:07:26.302] [info] Frame 100 (t = 1.0):	 total squared error = 0.000869035, marker error: RMS = 0.00589588, max = 0.011684 (R_Knee_Lateral)
[2026-08-14 12:07:26.355] [info] Frame 101 (t = 1.01):	 total squared error = 0.000840594, marker error: RMS = 0.00579860, max = 0.0116053 (R_Knee_Lateral)
[2026-08-14 12:07:26.377] [info] Frame 102 (t = 1.02):	 total squared error = 0.000815513, marker error: RMS = 0.00571144, max = 0.0118662 (R_Knee_Lateral)
[2026-08-14 12:07:26.405] [info] Frame 103 (t = 1.03):	 total squared error = 0.000786950, marker error: RMS = 0.00561053, max = 0.0116466 (R_Knee_Lateral)
[2026-08-14 12:07:26.425] [info] Frame 104 (t = 1.04):	 total squared error = 0.000768534, marker error: RMS = 0.00554449, max = 0.0117197 (R_Knee_Lateral)
[2026-08-14 12:07:26.448] [info] Frame 105 (t = 1.05):	 total squared error = 0.000750078, marker error: RMS = 0.00547751, max = 0.0116364 (R_Knee_Lateral)
[2026-08-14 12:07:26.468] [info] Frame 106 (t = 1.06):	 total squared error = 0.000742086, marker error: RMS = 0.00544825, max = 0.0119028 (R_Thigh_Lateral)
[2026-08-14 12:07:26.491] [info] Frame 107 (t = 1.07):	 total squared error = 0.000735223, marker error: RMS = 0.00542300, max = 0.0120554 (R_Thigh_Lateral)
[2026-08-14 12:07:26.532] [info] Frame 108 (t = 1.08):	 total squared error = 0.000728071, marker error: RMS = 0.00539656, max = 0.0120175 (R_Thigh_Lateral)
[2026-08-14 12:07:26.557] [info] Frame 109 (t = 1.09):	 total squared error = 0.000735457, marker error: RMS = 0.00542386, max = 0.012256 (R_Thigh_Lateral)
[2026-08-14 12:07:26.571] [info] Frame 110 (t = 1.1):	 total squared error = 0.000757035, marker error: RMS = 0.00550285, max = 0.012481 (R_Thigh_Lateral)
[2026-08-14 12:07:26.612] [info] Frame 111 (t = 1.11):	 total squared error = 0.000757548, marker error: RMS = 0.00550472, max = 0.0125289 (R_Knee_Lateral)
[2026-08-14 12:07:26.646] [info] Frame 112 (t = 1.12):	 total squared error = 0.000773275, marker error: RMS = 0.00556157, max = 0.0125837 (R_Knee_Lateral)
[2026-08-14 12:07:26.687] [info] Frame 113 (t = 1.13):	 total squared error = 0.000788631, marker error: RMS = 0.00561651, max = 0.0128046 (R_Knee_Lateral)
[2026-08-14 12:07:26.719] [info] Frame 114 (t = 1.14):	 total squared error = 0.000804569, marker error: RMS = 0.00567298, max = 0.0129006 (R_Knee_Lateral)
[2026-08-14 12:07:26.780] [info] Frame 115 (t = 1.15):	 total squared error = 0.000821176, marker error: RMS = 0.00573124, max = 0.0129714 (R_Knee_Lateral)
[2026-08-14 12:07:26.812] [info] Frame 116 (t = 1.16):	 total squared error = 0.000843570, marker error: RMS = 0.00580885, max = 0.0127887 (R_Knee_Lateral)
[2026-08-14 12:07:26.844] [info] Frame 117 (t = 1.17):	 total squared error = 0.000855470, marker error: RMS = 0.00584968, max = 0.0129826 (R_Knee_Lateral)
[2026-08-14 12:07:26.878] [info] Frame 118 (t = 1.18):	 total squared error = 0.000876441, marker error: RMS = 0.00592095, max = 0.0129988 (R_Knee_Lateral)
[2026-08-14 12:07:26.894] [info] Frame 119 (t = 1.19):	 total squared error = 0.000911400, marker error: RMS = 0.00603788, max = 0.0124355 (R_Knee_Lateral)
[2026-08-14 12:07:26.931] [info] Frame 120 (t = 1.2):	 total squared error = 0.000937157, marker error: RMS = 0.00612260, max = 0.01279 (R_Knee_Lateral)
[2026-08-14 12:07:26.969] [info] Frame 121 (t = 1.21):	 total squared error = 0.000976911, marker error: RMS = 0.00625112, max = 0.0126835 (R_Knee_Lateral)
[2026-08-14 12:07:26.988] [info] Frame 122 (t = 1.22):	 total squared error = 0.00103028, marker error: RMS = 0.00641959, max = 0.0130446 (R_Thigh_Lateral)
[2026-08-14 12:07:27.031] [info] Frame 123 (t = 1.23):	 total squared error = 0.00106162, marker error: RMS = 0.00651649, max = 0.0132247 (R_Thigh_Lateral)
[2026-08-14 12:07:27.052] [info] Frame 124 (t = 1.24):	 total squared error = 0.00110685, marker error: RMS = 0.00665387, max = 0.0135202 (R_Thigh_Lateral)
[2026-08-14 12:07:27.098] [info] Frame 125 (t = 1.25):	 total squared error = 0.00111804, marker error: RMS = 0.00668741, max = 0.0134726 (R_Thigh_Lateral)
[2026-08-14 12:07:27.126] [info] Frame 126 (t = 1.26):	 total squared error = 0.00113424, marker error: RMS = 0.00673569, max = 0.0133662 (R_Thigh_Lateral)
[2026-08-14 12:07:27.153] [info] Frame 127 (t = 1.27):	 total squared error = 0.00113571, marker error: RMS = 0.00674007, max = 0.0132761 (R_Thigh_Lateral)
[2026-08-14 12:07:27.177] [info] Frame 128 (t = 1.28):	 total squared error = 0.00113010, marker error: RMS = 0.00672339, max = 0.0132526 (R_Thigh_Lateral)
[2026-08-14 12:07:27.209] [info] Frame 129 (t = 1.29):	 total squared error = 0.00111944, marker error: RMS = 0.00669161, max = 0.0131785 (R_Thigh_Lateral)
[2026-08-14 12:07:27.250] [info] Frame 130 (t = 1.3):	 total squared error = 0.00113580, marker error: RMS = 0.00674034, max = 0.0135654 (R_Thigh_Lateral)
[2026-08-14 12:07:27.276] [info] Frame 131 (t = 1.31):	 total squared error = 0.00117389, marker error: RMS = 0.00685241, max = 0.014392 (R_Thigh_Lateral)
[2026-08-14 12:07:27.295] [info] Frame 132 (t = 1.32):	 total squared error = 0.00122487, marker error: RMS = 0.00699964, max = 0.0152887 (R_Thigh_Lateral)
[2026-08-14 12:07:27.323] [info] Frame 133 (t = 1.33):	 total squared error = 0.00127559, marker error: RMS = 0.00714307, max = 0.0159967 (R_Thigh_Lateral)
[2026-08-14 12:07:27.351] [info] Frame 134 (t = 1.34):	 total squared error = 0.00131419, marker error: RMS = 0.00725036, max = 0.0163487 (R_Thigh_Lateral)
[2026-08-14 12:07:27.379] [info] Frame 135 (t = 1.35):	 total squared error = 0.00133003, marker error: RMS = 0.00729391, max = 0.016153 (R_Thigh_Lateral)
[2026-08-14 12:07:27.398] [info] Frame 136 (t = 1.36):	 total squared error = 0.00132494, marker error: RMS = 0.00727996, max = 0.0154462 (R_Thigh_Lateral)
[2026-08-14 12:07:27.425] [info] Frame 137 (t = 1.37):	 total squared error = 0.00129401, marker error: RMS = 0.00719447, max = 0.0143419 (R_Thigh_Lateral)
[2026-08-14 12:07:27.454] [info] Frame 138 (t = 1.38):	 total squared error = 0.00126205, marker error: RMS = 0.00710506, max = 0.0127971 (R_Thigh_Lateral)
[2026-08-14 12:07:27.494] [info] Frame 139 (t = 1.39):	 total squared error = 0.00121841, marker error: RMS = 0.00698116, max = 0.0121054 (L_Elbow)
[2026-08-14 12:07:27.522] [info] Frame 140 (t = 1.4):	 total squared error = 0.00119085, marker error: RMS = 0.00690174, max = 0.0119501 (L_Elbow)
[2026-08-14 12:07:27.544] [info] Frame 141 (t = 1.41):	 total squared error = 0.00117530, marker error: RMS = 0.00685653, max = 0.011848 (Sternum)
[2026-08-14 12:07:27.569] [info] Frame 142 (t = 1.42):	 total squared error = 0.00117065, marker error: RMS = 0.00684294, max = 0.0117505 (Sternum)
[2026-08-14 12:07:27.588] [info] Frame 143 (t = 1.43):	 total squared error = 0.00117972, marker error: RMS = 0.00686940, max = 0.0116428 (Sternum)
[2026-08-14 12:07:27.634] [info] Frame 144 (t = 1.44):	 total squared error = 0.00118081, marker error: RMS = 0.00687259, max = 0.0116301 (Sternum)
[2026-08-14 12:07:27.663] [info] Frame 145 (t = 1.45):	 total squared error = 0.00121444, marker error: RMS = 0.00696976, max = 0.0115048 (Sternum)
[2026-08-14 12:07:27.686] [info] Frame 146 (t = 1.46):	 total squared error = 0.00125770, marker error: RMS = 0.00709280, max = 0.0113227 (Sternum)
[2026-08-14 12:07:27.727] [info] Frame 147 (t = 1.47):	 total squared error = 0.00129947, marker error: RMS = 0.00720964, max = 0.0111193 (Sternum)
[2026-08-14 12:07:27.769] [info] Frame 148 (t = 1.48):	 total squared error = 0.00134071, marker error: RMS = 0.00732314, max = 0.0108611 (L_Elbow)
[2026-08-14 12:07:27.790] [info] Frame 149 (t = 1.49):	 total squared error = 0.00138498, marker error: RMS = 0.00744306, max = 0.0111993 (L_Elbow)
[2026-08-14 12:07:27.822] [info] Frame 150 (t = 1.5):	 total squared error = 0.00140007, marker error: RMS = 0.00748350, max = 0.0111436 (L_Shoulder)
[2026-08-14 12:07:27.855] [info] Frame 151 (t = 1.51):	 total squared error = 0.00140684, marker error: RMS = 0.00750156, max = 0.0113442 (L_Shoulder)
[2026-08-14 12:07:27.891] [info] Frame 152 (t = 1.52):	 total squared error = 0.00139605, marker error: RMS = 0.00747276, max = 0.011511 (L_Shoulder)
[2026-08-14 12:07:27.929] [info] Frame 153 (t = 1.53):	 total squared error = 0.00137064, marker error: RMS = 0.00740444, max = 0.0115321 (L_Shoulder)
[2026-08-14 12:07:27.965] [info] Frame 154 (t = 1.54):	 total squared error = 0.00133618, marker error: RMS = 0.00731075, max = 0.0116363 (L_Shoulder)
[2026-08-14 12:07:28.016] [info] Frame 155 (t = 1.55):	 total squared error = 0.00129616, marker error: RMS = 0.00720043, max = 0.0122108 (L_Thigh_Lateral)
[2026-08-14 12:07:28.078] [info] Frame 156 (t = 1.56):	 total squared error = 0.00125928, marker error: RMS = 0.00709727, max = 0.0132689 (L_Thigh_Lateral)
[2026-08-14 12:07:28.158] [info] Frame 157 (t = 1.57):	 total squared error = 0.00122499, marker error: RMS = 0.00699998, max = 0.0138949 (L_Thigh_Lateral)
[2026-08-14 12:07:28.206] [info] Frame 158 (t = 1.58):	 total squared error = 0.00120440, marker error: RMS = 0.00694090, max = 0.0145172 (L_Thigh_Lateral)
[2026-08-14 12:07:28.241] [info] Frame 159 (t = 1.59):	 total squared error = 0.00119713, marker error: RMS = 0.00691992, max = 0.0149481 (L_Thigh_Lateral)
[2026-08-14 12:07:28.312] [info] Frame 160 (t = 1.6):	 total squared error = 0.00120005, marker error: RMS = 0.00692835, max = 0.0151657 (L_Thigh_Lateral)
[2026-08-14 12:07:28.346] [info] Frame 161 (t = 1.61):	 total squared error = 0.00121376, marker error: RMS = 0.00696780, max = 0.0154696 (L_Thigh_Lateral)
[2026-08-14 12:07:28.375] [info] Frame 162 (t = 1.62):	 total squared error = 0.00123362, marker error: RMS = 0.00702459, max = 0.0157287 (L_Thigh_Lateral)
[2026-08-14 12:07:28.427] [info] Frame 163 (t = 1.63):	 total squared error = 0.00125404, marker error: RMS = 0.00708249, max = 0.0160648 (L_Thigh_Lateral)
[2026-08-14 12:07:28.450] [info] Frame 164 (t = 1.64):	 total squared error = 0.00127712, marker error: RMS = 0.00714736, max = 0.016374 (L_Thigh_Lateral)
[2026-08-14 12:07:28.473] [info] Frame 165 (t = 1.65):	 total squared error = 0.00130200, marker error: RMS = 0.00721664, max = 0.0166418 (L_Thigh_Lateral)
[2026-08-14 12:07:28.494] [info] Frame 166 (t = 1.66):	 total squared error = 0.00133374, marker error: RMS = 0.00730409, max = 0.0170178 (L_Thigh_Lateral)
[2026-08-14 12:07:28.574] [info] Frame 167 (t = 1.67):	 total squared error = 0.00135399, marker error: RMS = 0.00735932, max = 0.0175583 (L_Thigh_Lateral)
[2026-08-14 12:07:28.612] [info] Frame 168 (t = 1.68):	 total squared error = 0.00139289, marker error: RMS = 0.00746429, max = 0.0178573 (L_Thigh_Lateral)
[2026-08-14 12:07:28.638] [info] Frame 169 (t = 1.69):	 total squared error = 0.00143925, marker error: RMS = 0.00758748, max = 0.0184894 (L_Shank_Lateral)
[2026-08-14 12:07:28.698] [info] Frame 170 (t = 1.7):	 total squared error = 0.00146663, marker error: RMS = 0.00765932, max = 0.0189369 (L_Shank_Lateral)
[2026-08-14 12:07:28.727] [info] Frame 171 (t = 1.71):	 total squared error = 0.00150470, marker error: RMS = 0.00775808, max = 0.0195325 (L_Shank_Lateral)
[2026-08-14 12:07:28.779] [info] Frame 172 (t = 1.72):	 total squared error = 0.00151639, marker error: RMS = 0.00778816, max = 0.0196816 (L_Shank_Lateral)
[2026-08-14 12:07:28.804] [info] Frame 173 (t = 1.73):	 total squared error = 0.00153423, marker error: RMS = 0.00783385, max = 0.0198424 (L_Shank_Lateral)
[2026-08-14 12:07:28.846] [info] Frame 174 (t = 1.74):	 total squared error = 0.00153425, marker error: RMS = 0.00783390, max = 0.0199406 (L_Shank_Lateral)
[2026-08-14 12:07:28.868] [info] Frame 175 (t = 1.75):	 total squared error = 0.00153979, marker error: RMS = 0.00784802, max = 0.0196204 (L_Shank_Lateral)
[2026-08-14 12:07:28.891] [info] Frame 176 (t = 1.76):	 total squared error = 0.00153806, marker error: RMS = 0.00784362, max = 0.0191507 (L_Shank_Lateral)
[2026-08-14 12:07:28.969] [info] Frame 177 (t = 1.77):	 total squared error = 0.00150610, marker error: RMS = 0.00776171, max = 0.018485 (L_Shank_Lateral)
[2026-08-14 12:07:29.010] [info] Frame 178 (t = 1.78):	 total squared error = 0.00149733, marker error: RMS = 0.00773906, max = 0.0178908 (L_Shank_Lateral)
[2026-08-14 12:07:29.050] [info] Frame 179 (t = 1.79):	 total squared error = 0.00148957, marker error: RMS = 0.00771899, max = 0.0175161 (L_Thigh_Lateral)
[2026-08-14 12:07:29.081] [info] Frame 180 (t = 1.8):	 total squared error = 0.00148618, marker error: RMS = 0.00771021, max = 0.0171308 (L_Thigh_Lateral)
[2026-08-14 12:07:29.110] [info] Frame 181 (t = 1.81):	 total squared error = 0.00147845, marker error: RMS = 0.00769013, max = 0.0168968 (L_Thigh_Lateral)
[2026-08-14 12:07:29.140] [info] Frame 182 (t = 1.82):	 total squared error = 0.00146859, marker error: RMS = 0.00766444, max = 0.0166932 (L_Thigh_Lateral)
[2026-08-14 12:07:29.204] [info] Frame 183 (t = 1.83):	 total squared error = 0.00144540, marker error: RMS = 0.00760368, max = 0.0163522 (L_Thigh_Lateral)
[2026-08-14 12:07:29.239] [info] Frame 184 (t = 1.84):	 total squared error = 0.00144494, marker error: RMS = 0.00760249, max = 0.0162281 (L_Thigh_Lateral)
[2026-08-14 12:07:29.300] [info] Frame 185 (t = 1.85):	 total squared error = 0.00143287, marker error: RMS = 0.00757064, max = 0.0164184 (L_Thigh_Lateral)
[2026-08-14 12:07:29.342] [info] Frame 186 (t = 1.86):	 total squared error = 0.00143967, marker error: RMS = 0.00758860, max = 0.0168675 (L_Thigh_Lateral)
[2026-08-14 12:07:29.399] [info] Frame 187 (t = 1.87):	 total squared error = 0.00145010, marker error: RMS = 0.00761604, max = 0.0172427 (L_Thigh_Lateral)
[2026-08-14 12:07:29.439] [info] Frame 188 (t = 1.88):	 total squared error = 0.00147886, marker error: RMS = 0.00769118, max = 0.0181867 (L_Thigh_Lateral)
[2026-08-14 12:07:29.477] [info] Frame 189 (t = 1.89):	 total squared error = 0.00151418, marker error: RMS = 0.00778248, max = 0.0190804 (L_Thigh_Lateral)
[2026-08-14 12:07:29.512] [info] Frame 190 (t = 1.9):	 total squared error = 0.00154704, marker error: RMS = 0.00786649, max = 0.0198763 (L_Thigh_Lateral)
[2026-08-14 12:07:29.540] [info] Frame 191 (t = 1.91):	 total squared error = 0.00157215, marker error: RMS = 0.00793008, max = 0.0204424 (L_Thigh_Lateral)
[2026-08-14 12:07:29.576] [info] Frame 192 (t = 1.92):	 total squared error = 0.00157857, marker error: RMS = 0.00794624, max = 0.0206421 (L_Thigh_Lateral)
[2026-08-14 12:07:29.598] [info] Frame 193 (t = 1.93):	 total squared error = 0.00157395, marker error: RMS = 0.00793461, max = 0.0207784 (L_Thigh_Lateral)
[2026-08-14 12:07:29.672] [info] Frame 194 (t = 1.94):	 total squared error = 0.00151690, marker error: RMS = 0.00778948, max = 0.0194322 (L_Thigh_Lateral)
[2026-08-14 12:07:29.694] [info] Frame 195 (t = 1.95):	 total squared error = 0.00146300, marker error: RMS = 0.00764983, max = 0.0186378 (L_Thigh_Lateral)
[2026-08-14 12:07:29.713] [info] Frame 196 (t = 1.96):	 total squared error = 0.00139752, marker error: RMS = 0.00747668, max = 0.0173488 (L_Thigh_Lateral)
[2026-08-14 12:07:29.756] [info] Frame 197 (t = 1.97):	 total squared error = 0.00130541, marker error: RMS = 0.00722608, max = 0.0161468 (L_Thigh_Lateral)
[2026-08-14 12:07:29.791] [info] Frame 198 (t = 1.98):	 total squared error = 0.00121135, marker error: RMS = 0.00696090, max = 0.0145922 (L_Thigh_Lateral)
[2026-08-14 12:07:29.836] [info] Frame 199 (t = 1.99):	 total squared error = 0.00111237, marker error: RMS = 0.00667045, max = 0.0132801 (L_Thigh_Lateral)
[2026-08-14 12:07:29.888] [info] Frame 200 (t = 2.0):	 total squared error = 0.00101774, marker error: RMS = 0.00638041, max = 0.011842 (Sternum)
[2026-08-14 12:07:29.966] [info] Frame 201 (t = 2.01):	 total squared error = 0.000926830, marker error: RMS = 0.00608878, max = 0.0115843 (Sternum)
[2026-08-14 12:07:30.007] [info] Frame 202 (t = 2.02):	 total squared error = 0.000848565, marker error: RMS = 0.00582603, max = 0.0111506 (Sternum)
[2026-08-14 12:07:30.047] [info] Frame 203 (t = 2.03):	 total squared error = 0.000787761, marker error: RMS = 0.00561342, max = 0.0107823 (Sternum)
[2026-08-14 12:07:30.085] [info] Frame 204 (t = 2.04):	 total squared error = 0.000749637, marker error: RMS = 0.00547590, max = 0.0102482 (Sternum)
[2026-08-14 12:07:30.159] [info] Frame 205 (t = 2.05):	 total squared error = 0.000715598, marker error: RMS = 0.00535013, max = 0.0100504 (Sternum)
[2026-08-14 12:07:30.225] [info] Frame 206 (t = 2.06):	 total squared error = 0.000718112, marker error: RMS = 0.00535952, max = 0.00968185 (Sternum)
[2026-08-14 12:07:30.272] [info] Frame 207 (t = 2.07):	 total squared error = 0.000742022, marker error: RMS = 0.00544802, max = 0.00935054 (Sternum)
[2026-08-14 12:07:30.324] [info] Frame 208 (t = 2.08):	 total squared error = 0.000778235, marker error: RMS = 0.00557937, max = 0.00891403 (Sternum)
[2026-08-14 12:07:30.380] [info] Frame 209 (t = 2.09):	 total squared error = 0.000815172, marker error: RMS = 0.00571024, max = 0.00892299 (R_Knee_Lateral)
[2026-08-14 12:07:30.425] [info] Frame 210 (t = 2.1):	 total squared error = 0.000846498, marker error: RMS = 0.00581893, max = 0.00997405 (R_Knee_Lateral)
[2026-08-14 12:07:30.471] [info] Frame 211 (t = 2.11):	 total squared error = 0.000862780, marker error: RMS = 0.00587462, max = 0.0106489 (R_Knee_Lateral)
[2026-08-14 12:07:30.528] [info] Frame 212 (t = 2.12):	 total squared error = 0.000869608, marker error: RMS = 0.00589782, max = 0.0112242 (R_Knee_Lateral)
[2026-08-14 12:07:30.565] [info] Frame 213 (t = 2.13):	 total squared error = 0.000879726, marker error: RMS = 0.00593203, max = 0.0122583 (R_Knee_Lateral)
[2026-08-14 12:07:30.629] [info] Frame 214 (t = 2.14):	 total squared error = 0.000867747, marker error: RMS = 0.00589151, max = 0.0121275 (R_Knee_Lateral)
[2026-08-14 12:07:30.666] [info] Frame 215 (t = 2.15):	 total squared error = 0.000862855, marker error: RMS = 0.00587488, max = 0.0124948 (R_Knee_Lateral)
[2026-08-14 12:07:30.694] [info] Frame 216 (t = 2.16):	 total squared error = 0.000852506, marker error: RMS = 0.00583954, max = 0.012679 (R_Knee_Lateral)
[2026-08-14 12:07:30.721] [info] Frame 217 (t = 2.17):	 total squared error = 0.000844357, marker error: RMS = 0.00581156, max = 0.0131199 (R_Knee_Lateral)
[2026-08-14 12:07:30.760] [info] Frame 218 (t = 2.18):	 total squared error = 0.000828559, marker error: RMS = 0.00575694, max = 0.0130831 (R_Knee_Lateral)
[2026-08-14 12:07:30.827] [info] Frame 219 (t = 2.19):	 total squared error = 0.000801452, marker error: RMS = 0.00566199, max = 0.0124471 (R_Knee_Lateral)
[2026-08-14 12:07:30.866] [info] Frame 220 (t = 2.2):	 total squared error = 0.000797411, marker error: RMS = 0.00564769, max = 0.0126236 (R_Knee_Lateral)
[2026-08-14 12:07:30.929] [info] Frame 221 (t = 2.21):	 total squared error = 0.000792551, marker error: RMS = 0.00563045, max = 0.0126521 (R_Knee_Lateral)
[2026-08-14 12:07:31.002] [info] Frame 222 (t = 2.22):	 total squared error = 0.000798806, marker error: RMS = 0.00565263, max = 0.0126889 (R_Knee_Lateral)
[2026-08-14 12:07:31.034] [info] Frame 223 (t = 2.23):	 total squared error = 0.000815430, marker error: RMS = 0.00571115, max = 0.0130836 (R_Thigh_Lateral)
[2026-08-14 12:07:31.070] [info] Frame 224 (t = 2.24):	 total squared error = 0.000831246, marker error: RMS = 0.00576627, max = 0.0134050 (R_Thigh_Lateral)
[2026-08-14 12:07:31.087] [info] Frame 225 (t = 2.25):	 total squared error = 0.000863205, marker error: RMS = 0.00587607, max = 0.013784 (R_Thigh_Lateral)
[2026-08-14 12:07:31.126] [info] Frame 226 (t = 2.26):	 total squared error = 0.000874523, marker error: RMS = 0.00591447, max = 0.0139547 (R_Thigh_Lateral)
[2026-08-14 12:07:31.149] [info] Frame 227 (t = 2.27):	 total squared error = 0.000908961, marker error: RMS = 0.00602980, max = 0.014129 (R_Thigh_Lateral)
[2026-08-14 12:07:31.214] [info] Frame 228 (t = 2.28):	 total squared error = 0.000902995, marker error: RMS = 0.00600997, max = 0.0139348 (R_Thigh_Lateral)
[2026-08-14 12:07:31.256] [info] Frame 229 (t = 2.29):	 total squared error = 0.000922561, marker error: RMS = 0.00607474, max = 0.013941 (R_Thigh_Lateral)
[2026-08-14 12:07:31.296] [info] Frame 230 (t = 2.3):	 total squared error = 0.000941112, marker error: RMS = 0.00613551, max = 0.013795 (R_Thigh_Lateral)
[2026-08-14 12:07:31.313] [info] Frame 231 (t = 2.31):	 total squared error = 0.000969561, marker error: RMS = 0.00622755, max = 0.0137332 (R_Thigh_Lateral)
[2026-08-14 12:07:31.329] [info] Frame 232 (t = 2.32):	 total squared error = 0.00100209, marker error: RMS = 0.00633116, max = 0.0137484 (R_Thigh_Lateral)
[2026-08-14 12:07:31.378] [info] Frame 233 (t = 2.33):	 total squared error = 0.00100639, marker error: RMS = 0.00634473, max = 0.0134958 (R_Knee_Lateral)
[2026-08-14 12:07:31.400] [info] Frame 234 (t = 2.34):	 total squared error = 0.00104439, marker error: RMS = 0.00646341, max = 0.0135090 (R_Thigh_Lateral)
[2026-08-14 12:07:31.428] [info] Frame 235 (t = 2.35):	 total squared error = 0.00109240, marker error: RMS = 0.00661029, max = 0.0137076 (R_Thigh_Lateral)
[2026-08-14 12:07:31.480] [info] Frame 236 (t = 2.36):	 total squared error = 0.00111141, marker error: RMS = 0.00666756, max = 0.0136317 (R_Thigh_Lateral)
[2026-08-14 12:07:31.558] [info] Frame 237 (t = 2.37):	 total squared error = 0.00114861, marker error: RMS = 0.00677822, max = 0.013825 (R_Thigh_Lateral)
[2026-08-14 12:07:31.612] [info] Frame 238 (t = 2.38):	 total squared error = 0.00119221, marker error: RMS = 0.00690567, max = 0.0141060 (R_Thigh_Lateral)
[2026-08-14 12:07:31.668] [info] Frame 239 (t = 2.39):	 total squared error = 0.00123200, marker error: RMS = 0.00701998, max = 0.0144451 (R_Thigh_Lateral)
[2026-08-14 12:07:31.716] [info] Frame 240 (t = 2.4):	 total squared error = 0.00126354, marker error: RMS = 0.00710926, max = 0.0146293 (R_Thigh_Lateral)
[2026-08-14 12:07:31.787] [info] Frame 241 (t = 2.41):	 total squared error = 0.00127638, marker error: RMS = 0.00714529, max = 0.0145699 (R_Thigh_Lateral)
[2026-08-14 12:07:31.826] [info] Frame 242 (t = 2.42):	 total squared error = 0.00128033, marker error: RMS = 0.00715633, max = 0.0144967 (R_Thigh_Lateral)
[2026-08-14 12:07:31.870] [info] Frame 243 (t = 2.43):	 total squared error = 0.00127120, marker error: RMS = 0.00713079, max = 0.0143199 (R_Thigh_Lateral)
[2026-08-14 12:07:31.893] [info] Frame 244 (t = 2.44):	 total squared error = 0.00125804, marker error: RMS = 0.00709377, max = 0.0142157 (R_Thigh_Lateral)
[2026-08-14 12:07:31.917] [info] Frame 245 (t = 2.45):	 total squared error = 0.00124179, marker error: RMS = 0.00704780, max = 0.0141323 (R_Thigh_Lateral)
[2026-08-14 12:07:31.969] [info] Frame 246 (t = 2.46):	 total squared error = 0.00122239, marker error: RMS = 0.00699254, max = 0.0140094 (R_Thigh_Lateral)
[2026-08-14 12:07:31.989] [info] Frame 247 (t = 2.47):	 total squared error = 0.00122361, marker error: RMS = 0.00699603, max = 0.0143507 (R_Thigh_Lateral)
[2026-08-14 12:07:32.007] [info] Frame 248 (t = 2.48):	 total squared error = 0.00123337, marker error: RMS = 0.00702387, max = 0.0147843 (R_Thigh_Lateral)
[2026-08-14 12:07:32.022] [info] Frame 249 (t = 2.49):	 total squared error = 0.00125748, marker error: RMS = 0.00709218, max = 0.0153076 (R_Thigh_Lateral)
[2026-08-14 12:07:32.042] [info] Frame 250 (t = 2.5):	 total squared error = 0.00125993, marker error: RMS = 0.00709909, max = 0.0154567 (R_Thigh_Lateral)
[2026-08-14 12:07:32.056] [info] Frame 251 (t = 2.51):	 total squared error = 0.00126710, marker error: RMS = 0.00711928, max = 0.0155708 (R_Thigh_Lateral)
[2026-08-14 12:07:32.076] [info] Frame 252 (t = 2.52):	 total squared error = 0.00124223, marker error: RMS = 0.00704906, max = 0.0148086 (R_Thigh_Lateral)
[2026-08-14 12:07:32.100] [info] Frame 253 (t = 2.53):	 total squared error = 0.00120703, marker error: RMS = 0.00694846, max = 0.0138155 (R_Thigh_Lateral)
[2026-08-14 12:07:32.112] [info] Frame 254 (t = 2.54):	 total squared error = 0.00117430, marker error: RMS = 0.00685360, max = 0.0125286 (R_Thigh_Lateral)
[2026-08-14 12:07:32.141] [info] Frame 255 (t = 2.55):	 total squared error = 0.00112795, marker error: RMS = 0.00671700, max = 0.0124147 (L_Elbow)
[2026-08-14 12:07:32.157] [info] Frame 256 (t = 2.56):	 total squared error = 0.00110338, marker error: RMS = 0.00664342, max = 0.0119481 (L_Elbow)
[2026-08-14 12:07:32.182] [info] Frame 257 (t = 2.57):	 total squared error = 0.00108383, marker error: RMS = 0.00658431, max = 0.0122705 (L_Elbow)
[2026-08-14 12:07:32.233] [info] Frame 258 (t = 2.58):	 total squared error = 0.00107626, marker error: RMS = 0.00656129, max = 0.0120840 (L_Elbow)
[2026-08-14 12:07:32.282] [info] Frame 259 (t = 2.59):	 total squared error = 0.00106787, marker error: RMS = 0.00653565, max = 0.011713 (L_Elbow)
[2026-08-14 12:07:32.322] [info] Frame 260 (t = 2.6):	 total squared error = 0.00108501, marker error: RMS = 0.00658790, max = 0.0116913 (L_Elbow)
[2026-08-14 12:07:32.353] [info] Frame 261 (t = 2.61):	 total squared error = 0.00111858, marker error: RMS = 0.00668904, max = 0.0116606 (L_Elbow)
[2026-08-14 12:07:32.405] [info] Frame 262 (t = 2.62):	 total squared error = 0.00114351, marker error: RMS = 0.00676318, max = 0.0115551 (L_Elbow)
[2026-08-14 12:07:32.461] [info] Frame 263 (t = 2.63):	 total squared error = 0.00118269, marker error: RMS = 0.00687806, max = 0.0118090 (L_Elbow)
[2026-08-14 12:07:32.511] [info] Frame 264 (t = 2.64):	 total squared error = 0.00122414, marker error: RMS = 0.00699755, max = 0.0118762 (L_Elbow)
[2026-08-14 12:07:32.533] [info] Frame 265 (t = 2.65):	 total squared error = 0.00127508, marker error: RMS = 0.00714165, max = 0.0122222 (L_Elbow)
[2026-08-14 12:07:32.585] [info] Frame 266 (t = 2.66):	 total squared error = 0.00130861, marker error: RMS = 0.00723495, max = 0.0120093 (L_Elbow)
[2026-08-14 12:07:32.620] [info] Frame 267 (t = 2.67):	 total squared error = 0.00134379, marker error: RMS = 0.00733156, max = 0.0121919 (L_Elbow)
[2026-08-14 12:07:32.652] [info] Frame 268 (t = 2.68):	 total squared error = 0.00136481, marker error: RMS = 0.00738867, max = 0.0122805 (L_Elbow)
[2026-08-14 12:07:32.689] [info] Frame 269 (t = 2.69):	 total squared error = 0.00136620, marker error: RMS = 0.00739242, max = 0.0122403 (L_Elbow)
[2026-08-14 12:07:32.742] [info] Frame 270 (t = 2.7):	 total squared error = 0.00134399, marker error: RMS = 0.00733209, max = 0.0119143 (L_Elbow)
[2026-08-14 12:07:32.785] [info] Frame 271 (t = 2.71):	 total squared error = 0.00130334, marker error: RMS = 0.00722035, max = 0.0131371 (L_Thigh_Lateral)
[2026-08-14 12:07:32.837] [info] Frame 272 (t = 2.72):	 total squared error = 0.00124663, marker error: RMS = 0.00706154, max = 0.0139203 (L_Thigh_Lateral)
[2026-08-14 12:07:32.904] [info] Frame 273 (t = 2.73):	 total squared error = 0.00118233, marker error: RMS = 0.00687699, max = 0.0144669 (L_Thigh_Lateral)
[2026-08-14 12:07:32.952] [info] Frame 274 (t = 2.74):	 total squared error = 0.00111989, marker error: RMS = 0.00669294, max = 0.0147424 (L_Thigh_Lateral)
[2026-08-14 12:07:33.014] [info] Frame 275 (t = 2.75):	 total squared error = 0.00106162, marker error: RMS = 0.00651650, max = 0.0148018 (L_Thigh_Lateral)
[2026-08-14 12:07:33.051] [info] Frame 276 (t = 2.76):	 total squared error = 0.00101907, marker error: RMS = 0.00638458, max = 0.0149727 (L_Thigh_Lateral)
[2026-08-14 12:07:33.087] [info] Frame 277 (t = 2.77):	 total squared error = 0.000978679, marker error: RMS = 0.00625677, max = 0.0146508 (L_Thigh_Lateral)
[2026-08-14 12:07:33.133] [info] Frame 278 (t = 2.78):	 total squared error = 0.000948576, marker error: RMS = 0.00615979, max = 0.0145837 (L_Thigh_Lateral)
[2026-08-14 12:07:33.170] [info] Frame 279 (t = 2.79):	 total squared error = 0.000930772, marker error: RMS = 0.00610171, max = 0.0145621 (L_Thigh_Lateral)
[2026-08-14 12:07:33.194] [info] Frame 280 (t = 2.8):	 total squared error = 0.000925318, marker error: RMS = 0.00608381, max = 0.0146972 (L_Thigh_Lateral)
[2026-08-14 12:07:33.228] [info] Frame 281 (t = 2.81):	 total squared error = 0.000926144, marker error: RMS = 0.00608652, max = 0.0147455 (L_Thigh_Lateral)
[2026-08-14 12:07:33.289] [info] Frame 282 (t = 2.82):	 total squared error = 0.000937222, marker error: RMS = 0.00612282, max = 0.0149985 (L_Thigh_Lateral)
[2026-08-14 12:07:33.332] [info] Frame 283 (t = 2.83):	 total squared error = 0.000966976, marker error: RMS = 0.00621925, max = 0.0152482 (L_Thigh_Lateral)
[2026-08-14 12:07:33.370] [info] Frame 284 (t = 2.84):	 total squared error = 0.00101284, marker error: RMS = 0.00636504, max = 0.0155972 (L_Thigh_Lateral)
[2026-08-14 12:07:33.414] [info] Frame 285 (t = 2.85):	 total squared error = 0.00106650, marker error: RMS = 0.00653145, max = 0.0159809 (L_Thigh_Lateral)
[2026-08-14 12:07:33.458] [info] Frame 286 (t = 2.86):	 total squared error = 0.00113314, marker error: RMS = 0.00673244, max = 0.01641 (L_Thigh_Lateral)
[2026-08-14 12:07:33.489] [info] Frame 287 (t = 2.87):	 total squared error = 0.00121914, marker error: RMS = 0.00698324, max = 0.0169377 (L_Thigh_Lateral)
[2026-08-14 12:07:33.532] [info] Frame 288 (t = 2.88):	 total squared error = 0.00127411, marker error: RMS = 0.00713894, max = 0.0172817 (L_Thigh_Lateral)
[2026-08-14 12:07:33.551] [info] Frame 289 (t = 2.89):	 total squared error = 0.00136028, marker error: RMS = 0.00737641, max = 0.0177861 (L_Thigh_Lateral)
[2026-08-14 12:07:33.598] [info] Frame 290 (t = 2.9):	 total squared error = 0.00141476, marker error: RMS = 0.00752266, max = 0.0181345 (L_Shank_Lateral)
[2026-08-14 12:07:33.636] [info] Frame 291 (t = 2.91):	 total squared error = 0.00148397, marker error: RMS = 0.00770445, max = 0.0185722 (L_Shank_Lateral)
[2026-08-14 12:07:33.708] [info] InverseKinematicsTool completed 292 frames in 10 second(s).
[2026-08-14 12:07:33.773] [info] Loaded model SUBJ59-scaled from file C:\Users\migue\Downloads\TFG\2_JMP\SUBJ59\Walk_1\SUBJ59_scaled.osim
[2026-08-14 12:07:38.423] [warning] Coordinate.setValue:  coordinate pro_sup_r is locked. Unable to change its value.
[2026-08-14 12:07:38.471] [warning] Coordinate.setValue:  coordinate pro_sup_l is locked. Unable to change its value.
[2026-08-14 12:08:34.344] [info] Loaded model SUBJ59-scaled from file C:\Users\migue\Downloads\TFG\2_JMP\SUBJ59\Walk_1\SUBJ59_1_JMP_results\SUBJ59_1_NMSM_JMP_01_pelvis_thigh.osim
[2026-08-14 12:08:34.366] [cout] [info] 
               MODEL: SUBJ59-scaled
         coordinates: 41
              forces: 103
           actuators: 103
             muscles: 86
            analyses: 0
              probes: 0
              bodies: 24
              joints: 24
         constraints: 2
             markers: 25
         controllers: 0
  contact geometries: 0
misc modelcomponents: 0
[2026-08-14 12:08:34.366] [info] Running tool .
[2026-08-14 12:08:34.478] [info] Frame 0 (t = 0.0):	 total squared error = 0.000720113, marker error: RMS = 0.00536698, max = 0.0120006 (R_Shank_Lateral)
[2026-08-14 12:08:34.496] [info] Frame 1 (t = 0.01):	 total squared error = 0.000739996, marker error: RMS = 0.00544057, max = 0.0123777 (R_Shank_Lateral)
[2026-08-14 12:08:34.556] [info] Frame 2 (t = 0.02):	 total squared error = 0.000756247, marker error: RMS = 0.00549999, max = 0.0125239 (R_Shank_Lateral)
[2026-08-14 12:08:34.577] [info] Frame 3 (t = 0.03):	 total squared error = 0.000782522, marker error: RMS = 0.00559472, max = 0.012841 (R_Shank_Lateral)
[2026-08-14 12:08:34.606] [info] Frame 4 (t = 0.04):	 total squared error = 0.000789712, marker error: RMS = 0.00562036, max = 0.0127013 (R_Shank_Lateral)
[2026-08-14 12:08:34.631] [info] Frame 5 (t = 0.05):	 total squared error = 0.000799199, marker error: RMS = 0.00565402, max = 0.0125684 (R_Shank_Lateral)
[2026-08-14 12:08:34.669] [info] Frame 6 (t = 0.06):	 total squared error = 0.000791633, marker error: RMS = 0.00562720, max = 0.0118402 (R_Shank_Lateral)
[2026-08-14 12:08:34.692] [info] Frame 7 (t = 0.07):	 total squared error = 0.000783125, marker error: RMS = 0.00559687, max = 0.0114721 (R_Thigh_Lateral)
[2026-08-14 12:08:34.727] [info] Frame 8 (t = 0.08):	 total squared error = 0.000757298, marker error: RMS = 0.00550381, max = 0.0107534 (R_Thigh_Lateral)
[2026-08-14 12:08:34.759] [info] Frame 9 (t = 0.09):	 total squared error = 0.000738125, marker error: RMS = 0.00543369, max = 0.0100140 (R_Thigh_Lateral)
[2026-08-14 12:08:34.784] [info] Frame 10 (t = 0.1):	 total squared error = 0.000724309, marker error: RMS = 0.00538260, max = 0.00989051 (C7)
[2026-08-14 12:08:34.821] [info] Frame 11 (t = 0.11):	 total squared error = 0.000710665, marker error: RMS = 0.00533166, max = 0.00994951 (C7)
[2026-08-14 12:08:34.844] [info] Frame 12 (t = 0.12):	 total squared error = 0.000718710, marker error: RMS = 0.00536175, max = 0.0100292 (C7)
[2026-08-14 12:08:34.876] [info] Frame 13 (t = 0.13):	 total squared error = 0.000733912, marker error: RMS = 0.00541816, max = 0.0100164 (C7)
[2026-08-14 12:08:34.897] [info] Frame 14 (t = 0.14):	 total squared error = 0.000762680, marker error: RMS = 0.00552333, max = 0.0100828 (C7)
[2026-08-14 12:08:34.918] [info] Frame 15 (t = 0.15):	 total squared error = 0.000794354, marker error: RMS = 0.00563686, max = 0.0106071 (R_Thigh_Lateral)
[2026-08-14 12:08:34.932] [info] Frame 16 (t = 0.16):	 total squared error = 0.000827103, marker error: RMS = 0.00575188, max = 0.0109845 (R_Thigh_Lateral)
[2026-08-14 12:08:34.956] [info] Frame 17 (t = 0.17):	 total squared error = 0.000843379, marker error: RMS = 0.00580820, max = 0.0110833 (R_Thigh_Lateral)
[2026-08-14 12:08:34.968] [info] Frame 18 (t = 0.18):	 total squared error = 0.000856432, marker error: RMS = 0.00585297, max = 0.0107852 (R_Thigh_Lateral)
[2026-08-14 12:08:35.020] [info] Frame 19 (t = 0.19):	 total squared error = 0.000836832, marker error: RMS = 0.00578561, max = 0.0100894 (R_Thigh_Lateral)
[2026-08-14 12:08:35.033] [info] Frame 20 (t = 0.2):	 total squared error = 0.000825554, marker error: RMS = 0.00574649, max = 0.0101016 (C7)
[2026-08-14 12:08:35.059] [info] Frame 21 (t = 0.21):	 total squared error = 0.000804333, marker error: RMS = 0.00567215, max = 0.00980667 (C7)
[2026-08-14 12:08:35.083] [info] Frame 22 (t = 0.22):	 total squared error = 0.000787795, marker error: RMS = 0.00561354, max = 0.00972198 (C7)
[2026-08-14 12:08:35.094] [info] Frame 23 (t = 0.23):	 total squared error = 0.000787135, marker error: RMS = 0.00561118, max = 0.00978425 (C7)
[2026-08-14 12:08:35.119] [info] Frame 24 (t = 0.24):	 total squared error = 0.000775316, marker error: RMS = 0.00556890, max = 0.00952581 (C7)
[2026-08-14 12:08:35.152] [info] Frame 25 (t = 0.25):	 total squared error = 0.000765767, marker error: RMS = 0.00553450, max = 0.00944640 (C7)
[2026-08-14 12:08:35.175] [info] Frame 26 (t = 0.26):	 total squared error = 0.000770696, marker error: RMS = 0.00555228, max = 0.00928260 (C7)
[2026-08-14 12:08:35.197] [info] Frame 27 (t = 0.27):	 total squared error = 0.000779256, marker error: RMS = 0.00558303, max = 0.00911908 (C7)
[2026-08-14 12:08:35.229] [info] Frame 28 (t = 0.28):	 total squared error = 0.000770209, marker error: RMS = 0.00555053, max = 0.00903414 (C7)
[2026-08-14 12:08:35.255] [info] Frame 29 (t = 0.29):	 total squared error = 0.000761175, marker error: RMS = 0.00551788, max = 0.00886000 (C7)
[2026-08-14 12:08:35.277] [info] Frame 30 (t = 0.3):	 total squared error = 0.000740612, marker error: RMS = 0.00544284, max = 0.00866321 (C7)
[2026-08-14 12:08:35.303] [info] Frame 31 (t = 0.31):	 total squared error = 0.000708707, marker error: RMS = 0.00532431, max = 0.00855812 (C7)
[2026-08-14 12:08:35.325] [info] Frame 32 (t = 0.32):	 total squared error = 0.000679142, marker error: RMS = 0.00521207, max = 0.00832023 (C7)
[2026-08-14 12:08:35.359] [info] Frame 33 (t = 0.33):	 total squared error = 0.000638672, marker error: RMS = 0.00505439, max = 0.00817948 (C7)
[2026-08-14 12:08:35.388] [info] Frame 34 (t = 0.34):	 total squared error = 0.000606030, marker error: RMS = 0.00492353, max = 0.00796213 (C7)
[2026-08-14 12:08:35.428] [info] Frame 35 (t = 0.35):	 total squared error = 0.000574775, marker error: RMS = 0.00479489, max = 0.00776404 (C7)
[2026-08-14 12:08:35.456] [info] Frame 36 (t = 0.36):	 total squared error = 0.000546906, marker error: RMS = 0.00467720, max = 0.00743257 (C7)
[2026-08-14 12:08:35.497] [info] Frame 37 (t = 0.37):	 total squared error = 0.000516143, marker error: RMS = 0.00454375, max = 0.00725649 (C7)
[2026-08-14 12:08:35.522] [info] Frame 38 (t = 0.38):	 total squared error = 0.000494513, marker error: RMS = 0.00444753, max = 0.00694527 (C7)
[2026-08-14 12:08:35.562] [info] Frame 39 (t = 0.39):	 total squared error = 0.000473678, marker error: RMS = 0.00435283, max = 0.00740343 (L_Thigh_Lateral)
[2026-08-14 12:08:35.584] [info] Frame 40 (t = 0.4):	 total squared error = 0.000465281, marker error: RMS = 0.00431408, max = 0.00852252 (L_Thigh_Lateral)
[2026-08-14 12:08:35.614] [info] Frame 41 (t = 0.41):	 total squared error = 0.000464496, marker error: RMS = 0.00431043, max = 0.00942796 (L_Thigh_Lateral)
[2026-08-14 12:08:35.643] [info] Frame 42 (t = 0.42):	 total squared error = 0.000476903, marker error: RMS = 0.00436762, max = 0.0101355 (L_Thigh_Lateral)
[2026-08-14 12:08:35.660] [info] Frame 43 (t = 0.43):	 total squared error = 0.000513911, marker error: RMS = 0.00453392, max = 0.0107227 (L_Thigh_Lateral)
[2026-08-14 12:08:35.704] [info] Frame 44 (t = 0.44):	 total squared error = 0.000546310, marker error: RMS = 0.00467465, max = 0.0112297 (L_Thigh_Lateral)
[2026-08-14 12:08:35.726] [info] Frame 45 (t = 0.45):	 total squared error = 0.000596418, marker error: RMS = 0.00488433, max = 0.0126087 (L_Shank_Lateral)
[2026-08-14 12:08:35.755] [info] Frame 46 (t = 0.46):	 total squared error = 0.000649121, marker error: RMS = 0.00509557, max = 0.0141806 (L_Shank_Lateral)
[2026-08-14 12:08:35.783] [info] Frame 47 (t = 0.47):	 total squared error = 0.000694828, marker error: RMS = 0.00527192, max = 0.0153606 (L_Shank_Lateral)
[2026-08-14 12:08:35.801] [info] Frame 48 (t = 0.48):	 total squared error = 0.000732842, marker error: RMS = 0.00541421, max = 0.0165848 (L_Shank_Lateral)
[2026-08-14 12:08:35.838] [info] Frame 49 (t = 0.49):	 total squared error = 0.000747182, marker error: RMS = 0.00546693, max = 0.0165927 (L_Shank_Lateral)
[2026-08-14 12:08:35.850] [info] Frame 50 (t = 0.5):	 total squared error = 0.000763523, marker error: RMS = 0.00552638, max = 0.0171181 (L_Shank_Lateral)
[2026-08-14 12:08:35.871] [info] Frame 51 (t = 0.51):	 total squared error = 0.000750485, marker error: RMS = 0.00547900, max = 0.0168892 (L_Shank_Lateral)
[2026-08-14 12:08:35.907] [info] Frame 52 (t = 0.52):	 total squared error = 0.000733074, marker error: RMS = 0.00541507, max = 0.0160207 (L_Shank_Lateral)
[2026-08-14 12:08:35.923] [info] Frame 53 (t = 0.53):	 total squared error = 0.000723903, marker error: RMS = 0.00538109, max = 0.0154826 (L_Shank_Lateral)
[2026-08-14 12:08:35.965] [info] Frame 54 (t = 0.54):	 total squared error = 0.000706413, marker error: RMS = 0.00531569, max = 0.0150464 (L_Shank_Lateral)
[2026-08-14 12:08:35.983] [info] Frame 55 (t = 0.55):	 total squared error = 0.000709899, marker error: RMS = 0.00532878, max = 0.0145763 (L_Shank_Lateral)
[2026-08-14 12:08:36.011] [info] Frame 56 (t = 0.56):	 total squared error = 0.000714570, marker error: RMS = 0.00534629, max = 0.0146329 (L_Shank_Lateral)
[2026-08-14 12:08:36.026] [info] Frame 57 (t = 0.57):	 total squared error = 0.000742613, marker error: RMS = 0.00545018, max = 0.0145625 (L_Shank_Lateral)
[2026-08-14 12:08:36.059] [info] Frame 58 (t = 0.58):	 total squared error = 0.000749182, marker error: RMS = 0.00547424, max = 0.0147939 (L_Shank_Lateral)
[2026-08-14 12:08:36.079] [info] Frame 59 (t = 0.59):	 total squared error = 0.000788232, marker error: RMS = 0.00561509, max = 0.0152407 (L_Shank_Lateral)
[2026-08-14 12:08:36.124] [info] Frame 60 (t = 0.6):	 total squared error = 0.000814499, marker error: RMS = 0.00570788, max = 0.0156196 (L_Shank_Lateral)
[2026-08-14 12:08:36.163] [info] Frame 61 (t = 0.61):	 total squared error = 0.000845706, marker error: RMS = 0.00581621, max = 0.0158924 (L_Shank_Lateral)
[2026-08-14 12:08:36.200] [info] Frame 62 (t = 0.62):	 total squared error = 0.000867448, marker error: RMS = 0.00589049, max = 0.0158931 (L_Shank_Lateral)
[2026-08-14 12:08:36.236] [info] Frame 63 (t = 0.63):	 total squared error = 0.000874066, marker error: RMS = 0.00591292, max = 0.0156045 (L_Shank_Lateral)
[2026-08-14 12:08:36.263] [info] Frame 64 (t = 0.64):	 total squared error = 0.000866257, marker error: RMS = 0.00588645, max = 0.0152639 (L_Shank_Lateral)
[2026-08-14 12:08:36.287] [info] Frame 65 (t = 0.65):	 total squared error = 0.000844950, marker error: RMS = 0.00581360, max = 0.0143204 (L_Shank_Lateral)
[2026-08-14 12:08:36.337] [info] Frame 66 (t = 0.66):	 total squared error = 0.000790637, marker error: RMS = 0.00562365, max = 0.0124128 (L_Shank_Lateral)
[2026-08-14 12:08:36.362] [info] Frame 67 (t = 0.67):	 total squared error = 0.000748763, marker error: RMS = 0.00547271, max = 0.0109045 (L_Shank_Lateral)
[2026-08-14 12:08:36.387] [info] Frame 68 (t = 0.68):	 total squared error = 0.000709644, marker error: RMS = 0.00532783, max = 0.0108521 (Sternum)
[2026-08-14 12:08:36.429] [info] Frame 69 (t = 0.69):	 total squared error = 0.000678146, marker error: RMS = 0.00520825, max = 0.0110264 (Sternum)
[2026-08-14 12:08:36.456] [info] Frame 70 (t = 0.7):	 total squared error = 0.000677738, marker error: RMS = 0.00520668, max = 0.0115072 (Sternum)
[2026-08-14 12:08:36.481] [info] Frame 71 (t = 0.71):	 total squared error = 0.000701354, marker error: RMS = 0.00529662, max = 0.0118652 (Sternum)
[2026-08-14 12:08:36.539] [info] Frame 72 (t = 0.72):	 total squared error = 0.000734646, marker error: RMS = 0.00542087, max = 0.0119716 (Sternum)
[2026-08-14 12:08:36.562] [info] Frame 73 (t = 0.73):	 total squared error = 0.000796715, marker error: RMS = 0.00564523, max = 0.0123663 (Sternum)
[2026-08-14 12:08:36.582] [info] Frame 74 (t = 0.74):	 total squared error = 0.000865164, marker error: RMS = 0.00588274, max = 0.0126831 (Sternum)
[2026-08-14 12:08:36.603] [info] Frame 75 (t = 0.75):	 total squared error = 0.000925549, marker error: RMS = 0.00608457, max = 0.0129857 (Sternum)
[2026-08-14 12:08:36.623] [info] Frame 76 (t = 0.76):	 total squared error = 0.000964078, marker error: RMS = 0.00620992, max = 0.0132061 (Sternum)
[2026-08-14 12:08:36.633] [info] Frame 77 (t = 0.77):	 total squared error = 0.000978804, marker error: RMS = 0.00625717, max = 0.0135502 (Sternum)
[2026-08-14 12:08:36.656] [info] Frame 78 (t = 0.78):	 total squared error = 0.000963217, marker error: RMS = 0.00620715, max = 0.0138096 (Sternum)
[2026-08-14 12:08:36.688] [info] Frame 79 (t = 0.79):	 total squared error = 0.000909046, marker error: RMS = 0.00603008, max = 0.0138493 (Sternum)
[2026-08-14 12:08:36.707] [info] Frame 80 (t = 0.8):	 total squared error = 0.000860475, marker error: RMS = 0.00586677, max = 0.0140284 (Sternum)
[2026-08-14 12:08:36.730] [info] Frame 81 (t = 0.81):	 total squared error = 0.000816599, marker error: RMS = 0.00571524, max = 0.0140496 (Sternum)
[2026-08-14 12:08:36.756] [info] Frame 82 (t = 0.82):	 total squared error = 0.000785587, marker error: RMS = 0.00560567, max = 0.0140825 (Sternum)
[2026-08-14 12:08:36.773] [info] Frame 83 (t = 0.83):	 total squared error = 0.000780830, marker error: RMS = 0.00558867, max = 0.0139588 (Sternum)
[2026-08-14 12:08:36.806] [info] Frame 84 (t = 0.84):	 total squared error = 0.000765676, marker error: RMS = 0.00553417, max = 0.0139393 (Sternum)
[2026-08-14 12:08:36.845] [info] Frame 85 (t = 0.85):	 total squared error = 0.000765542, marker error: RMS = 0.00553369, max = 0.0136685 (Sternum)
[2026-08-14 12:08:36.869] [info] Frame 86 (t = 0.86):	 total squared error = 0.000773345, marker error: RMS = 0.00556182, max = 0.013391 (Sternum)
[2026-08-14 12:08:36.891] [info] Frame 87 (t = 0.87):	 total squared error = 0.000784693, marker error: RMS = 0.00560247, max = 0.0131235 (Sternum)
[2026-08-14 12:08:36.912] [info] Frame 88 (t = 0.88):	 total squared error = 0.000796548, marker error: RMS = 0.00564464, max = 0.0126976 (Sternum)
[2026-08-14 12:08:36.941] [info] Frame 89 (t = 0.89):	 total squared error = 0.000791849, marker error: RMS = 0.00562796, max = 0.012615 (Sternum)
[2026-08-14 12:08:36.966] [info] Frame 90 (t = 0.9):	 total squared error = 0.000785861, marker error: RMS = 0.00560664, max = 0.012226 (Sternum)
[2026-08-14 12:08:37.002] [info] Frame 91 (t = 0.91):	 total squared error = 0.000775035, marker error: RMS = 0.00556789, max = 0.0119668 (Sternum)
[2026-08-14 12:08:37.026] [info] Frame 92 (t = 0.92):	 total squared error = 0.000770591, marker error: RMS = 0.00555190, max = 0.0114699 (Sternum)
[2026-08-14 12:08:37.055] [info] Frame 93 (t = 0.93):	 total squared error = 0.000757135, marker error: RMS = 0.00550322, max = 0.0112418 (Sternum)
[2026-08-14 12:08:37.081] [info] Frame 94 (t = 0.94):	 total squared error = 0.000746957, marker error: RMS = 0.00546610, max = 0.0108834 (Sternum)
[2026-08-14 12:08:37.107] [info] Frame 95 (t = 0.95):	 total squared error = 0.000732285, marker error: RMS = 0.00541215, max = 0.0105018 (Sternum)
[2026-08-14 12:08:37.131] [info] Frame 96 (t = 0.96):	 total squared error = 0.000712097, marker error: RMS = 0.00533703, max = 0.0100997 (Sternum)
[2026-08-14 12:08:37.159] [info] Frame 97 (t = 0.97):	 total squared error = 0.000684691, marker error: RMS = 0.00523332, max = 0.00973867 (Sternum)
[2026-08-14 12:08:37.186] [info] Frame 98 (t = 0.98):	 total squared error = 0.000656474, marker error: RMS = 0.00512435, max = 0.00923064 (Sternum)
[2026-08-14 12:08:37.230] [info] Frame 99 (t = 0.99):	 total squared error = 0.000627608, marker error: RMS = 0.00501042, max = 0.00880700 (Sternum)
[2026-08-14 12:08:37.253] [info] Frame 100 (t = 1.0):	 total squared error = 0.000599508, marker error: RMS = 0.00489697, max = 0.00830161 (Sternum)
[2026-08-14 12:08:37.270] [info] Frame 101 (t = 1.01):	 total squared error = 0.000578793, marker error: RMS = 0.00481162, max = 0.00776867 (Sacral)
[2026-08-14 12:08:37.310] [info] Frame 102 (t = 1.02):	 total squared error = 0.000542129, marker error: RMS = 0.00465673, max = 0.00747002 (Sacral)
[2026-08-14 12:08:37.338] [info] Frame 103 (t = 1.03):	 total squared error = 0.000515711, marker error: RMS = 0.00454186, max = 0.00739145 (L_Shoulder)
[2026-08-14 12:08:37.355] [info] Frame 104 (t = 1.04):	 total squared error = 0.000497860, marker error: RMS = 0.00446256, max = 0.00757049 (L_Shoulder)
[2026-08-14 12:08:37.378] [info] Frame 105 (t = 1.05):	 total squared error = 0.000471567, marker error: RMS = 0.00434312, max = 0.00742896 (L_Shoulder)
[2026-08-14 12:08:37.397] [info] Frame 106 (t = 1.06):	 total squared error = 0.000456681, marker error: RMS = 0.00427402, max = 0.00748942 (L_Shoulder)
[2026-08-14 12:08:37.437] [info] Frame 107 (t = 1.07):	 total squared error = 0.000429963, marker error: RMS = 0.00414711, max = 0.00708587 (L_Shoulder)
[2026-08-14 12:08:37.457] [info] Frame 108 (t = 1.08):	 total squared error = 0.000417387, marker error: RMS = 0.00408601, max = 0.00706046 (L_Shoulder)
[2026-08-14 12:08:37.478] [info] Frame 109 (t = 1.09):	 total squared error = 0.000410091, marker error: RMS = 0.00405014, max = 0.00692552 (L_Shoulder)
[2026-08-14 12:08:37.491] [info] Frame 110 (t = 1.1):	 total squared error = 0.000420296, marker error: RMS = 0.00410022, max = 0.00699993 (L_Shoulder)
[2026-08-14 12:08:37.529] [info] Frame 111 (t = 1.11):	 total squared error = 0.000404565, marker error: RMS = 0.00402276, max = 0.00642879 (R_Thigh_Lateral)
[2026-08-14 12:08:37.546] [info] Frame 112 (t = 1.12):	 total squared error = 0.000415937, marker error: RMS = 0.00407890, max = 0.00666565 (C7)
[2026-08-14 12:08:37.580] [info] Frame 113 (t = 1.13):	 total squared error = 0.000422047, marker error: RMS = 0.00410876, max = 0.00697062 (C7)
[2026-08-14 12:08:37.611] [info] Frame 114 (t = 1.14):	 total squared error = 0.000435344, marker error: RMS = 0.00417298, max = 0.00726337 (C7)
[2026-08-14 12:08:37.632] [info] Frame 115 (t = 1.15):	 total squared error = 0.000458464, marker error: RMS = 0.00428236, max = 0.00755627 (C7)
[2026-08-14 12:08:37.654] [info] Frame 116 (t = 1.16):	 total squared error = 0.000488976, marker error: RMS = 0.00442256, max = 0.00788455 (C7)
[2026-08-14 12:08:37.679] [info] Frame 117 (t = 1.17):	 total squared error = 0.000498071, marker error: RMS = 0.00446350, max = 0.00852239 (R_Shank_Lateral)
[2026-08-14 12:08:37.707] [info] Frame 118 (t = 1.18):	 total squared error = 0.000514104, marker error: RMS = 0.00453477, max = 0.00900805 (R_Shank_Lateral)
[2026-08-14 12:08:37.722] [info] Frame 119 (t = 1.19):	 total squared error = 0.000554321, marker error: RMS = 0.00470881, max = 0.00948191 (R_Shank_Lateral)
[2026-08-14 12:08:37.761] [info] Frame 120 (t = 1.2):	 total squared error = 0.000579910, marker error: RMS = 0.00481626, max = 0.0101372 (R_Shank_Lateral)
[2026-08-14 12:08:37.783] [info] Frame 121 (t = 1.21):	 total squared error = 0.000624709, marker error: RMS = 0.00499884, max = 0.0107259 (R_Shank_Lateral)
[2026-08-14 12:08:37.813] [info] Frame 122 (t = 1.22):	 total squared error = 0.000663935, marker error: RMS = 0.00515339, max = 0.0109841 (R_Shank_Lateral)
[2026-08-14 12:08:37.838] [info] Frame 123 (t = 1.23):	 total squared error = 0.000706503, marker error: RMS = 0.00531602, max = 0.0113276 (R_Shank_Lateral)
[2026-08-14 12:08:37.856] [info] Frame 124 (t = 1.24):	 total squared error = 0.000750568, marker error: RMS = 0.00547930, max = 0.011259 (R_Shank_Lateral)
[2026-08-14 12:08:37.902] [info] Frame 125 (t = 1.25):	 total squared error = 0.000751210, marker error: RMS = 0.00548164, max = 0.0104672 (R_Shank_Lateral)
[2026-08-14 12:08:37.956] [info] Frame 126 (t = 1.26):	 total squared error = 0.000754690, marker error: RMS = 0.00549432, max = 0.0102598 (C7)
[2026-08-14 12:08:37.985] [info] Frame 127 (t = 1.27):	 total squared error = 0.000751979, marker error: RMS = 0.00548445, max = 0.0104656 (C7)
[2026-08-14 12:08:38.018] [info] Frame 128 (t = 1.28):	 total squared error = 0.000740261, marker error: RMS = 0.00544155, max = 0.0106857 (C7)
[2026-08-14 12:08:38.066] [info] Frame 129 (t = 1.29):	 total squared error = 0.000738417, marker error: RMS = 0.00543476, max = 0.0108595 (C7)
[2026-08-14 12:08:38.124] [info] Frame 130 (t = 1.3):	 total squared error = 0.000756033, marker error: RMS = 0.00549921, max = 0.0110248 (C7)
[2026-08-14 12:08:38.147] [info] Frame 131 (t = 1.31):	 total squared error = 0.000796720, marker error: RMS = 0.00564525, max = 0.0111721 (C7)
[2026-08-14 12:08:38.162] [info] Frame 132 (t = 1.32):	 total squared error = 0.000863530, marker error: RMS = 0.00587718, max = 0.0112673 (C7)
[2026-08-14 12:08:38.198] [info] Frame 133 (t = 1.33):	 total squared error = 0.000911781, marker error: RMS = 0.00603914, max = 0.0112556 (C7)
[2026-08-14 12:08:38.245] [info] Frame 134 (t = 1.34):	 total squared error = 0.000956135, marker error: RMS = 0.00618429, max = 0.0112413 (C7)
[2026-08-14 12:08:38.264] [info] Frame 135 (t = 1.35):	 total squared error = 0.000988988, marker error: RMS = 0.00628964, max = 0.0112701 (R_Thigh_Lateral)
[2026-08-14 12:08:38.302] [info] Frame 136 (t = 1.36):	 total squared error = 0.000989519, marker error: RMS = 0.00629132, max = 0.0112552 (Sternum)
[2026-08-14 12:08:38.342] [info] Frame 137 (t = 1.37):	 total squared error = 0.000973420, marker error: RMS = 0.00623994, max = 0.0113198 (C7)
[2026-08-14 12:08:38.362] [info] Frame 138 (t = 1.38):	 total squared error = 0.000955421, marker error: RMS = 0.00618198, max = 0.0113692 (Sternum)
[2026-08-14 12:08:38.387] [info] Frame 139 (t = 1.39):	 total squared error = 0.000938471, marker error: RMS = 0.00612689, max = 0.0115006 (Sternum)
[2026-08-14 12:08:38.425] [info] Frame 140 (t = 1.4):	 total squared error = 0.000925347, marker error: RMS = 0.00608390, max = 0.0114847 (Sternum)
[2026-08-14 12:08:38.455] [info] Frame 141 (t = 1.41):	 total squared error = 0.000925825, marker error: RMS = 0.00608547, max = 0.0114002 (Sternum)
[2026-08-14 12:08:38.475] [info] Frame 142 (t = 1.42):	 total squared error = 0.000934377, marker error: RMS = 0.00611351, max = 0.0111915 (Sternum)
[2026-08-14 12:08:38.525] [info] Frame 143 (t = 1.43):	 total squared error = 0.000920631, marker error: RMS = 0.00606838, max = 0.011115 (Sternum)
[2026-08-14 12:08:38.548] [info] Frame 144 (t = 1.44):	 total squared error = 0.000932386, marker error: RMS = 0.00610700, max = 0.0108867 (Sternum)
[2026-08-14 12:08:38.571] [info] Frame 145 (t = 1.45):	 total squared error = 0.000951361, marker error: RMS = 0.00616883, max = 0.0106522 (Sternum)
[2026-08-14 12:08:38.616] [info] Frame 146 (t = 1.46):	 total squared error = 0.000954404, marker error: RMS = 0.00617869, max = 0.0105436 (Sternum)
[2026-08-14 12:08:38.638] [info] Frame 147 (t = 1.47):	 total squared error = 0.000968627, marker error: RMS = 0.00622455, max = 0.0103529 (Sternum)
[2026-08-14 12:08:38.668] [info] Frame 148 (t = 1.48):	 total squared error = 0.000978874, marker error: RMS = 0.00625739, max = 0.0100669 (Sternum)
[2026-08-14 12:08:38.704] [info] Frame 149 (t = 1.49):	 total squared error = 0.000980218, marker error: RMS = 0.00626169, max = 0.00984818 (Sternum)
[2026-08-14 12:08:38.732] [info] Frame 150 (t = 1.5):	 total squared error = 0.000975435, marker error: RMS = 0.00624639, max = 0.00953981 (Sternum)
[2026-08-14 12:08:38.773] [info] Frame 151 (t = 1.51):	 total squared error = 0.000960029, marker error: RMS = 0.00619687, max = 0.00929534 (Sternum)
[2026-08-14 12:08:38.799] [info] Frame 152 (t = 1.52):	 total squared error = 0.000935121, marker error: RMS = 0.00611595, max = 0.00902329 (C7)
[2026-08-14 12:08:38.839] [info] Frame 153 (t = 1.53):	 total squared error = 0.000898996, marker error: RMS = 0.00599665, max = 0.00885404 (L_Shoulder)
[2026-08-14 12:08:38.876] [info] Frame 154 (t = 1.54):	 total squared error = 0.000859470, marker error: RMS = 0.00586334, max = 0.00888101 (L_Shoulder)
[2026-08-14 12:08:38.907] [info] Frame 155 (t = 1.55):	 total squared error = 0.000819598, marker error: RMS = 0.00572573, max = 0.00885401 (L_Shoulder)
[2026-08-14 12:08:38.931] [info] Frame 156 (t = 1.56):	 total squared error = 0.000784300, marker error: RMS = 0.00560107, max = 0.00881168 (L_Shoulder)
[2026-08-14 12:08:38.956] [info] Frame 157 (t = 1.57):	 total squared error = 0.000755728, marker error: RMS = 0.00549810, max = 0.00864712 (L_Shoulder)
[2026-08-14 12:08:38.974] [info] Frame 158 (t = 1.58):	 total squared error = 0.000745435, marker error: RMS = 0.00546053, max = 0.00916275 (L_Thigh_Lateral)
[2026-08-14 12:08:39.008] [info] Frame 159 (t = 1.59):	 total squared error = 0.000725974, marker error: RMS = 0.00538878, max = 0.00908685 (L_Thigh_Lateral)
[2026-08-14 12:08:39.025] [info] Frame 160 (t = 1.6):	 total squared error = 0.000732812, marker error: RMS = 0.00541410, max = 0.00938331 (L_Thigh_Lateral)
[2026-08-14 12:08:39.047] [info] Frame 161 (t = 1.61):	 total squared error = 0.000737513, marker error: RMS = 0.00543144, max = 0.00944670 (L_Thigh_Lateral)
[2026-08-14 12:08:39.068] [info] Frame 162 (t = 1.62):	 total squared error = 0.000749067, marker error: RMS = 0.00547382, max = 0.0103784 (L_Shank_Lateral)
[2026-08-14 12:08:39.117] [info] Frame 163 (t = 1.63):	 total squared error = 0.000754201, marker error: RMS = 0.00549255, max = 0.0111572 (L_Shank_Lateral)
[2026-08-14 12:08:39.135] [info] Frame 164 (t = 1.64):	 total squared error = 0.000768588, marker error: RMS = 0.00554468, max = 0.0124783 (L_Shank_Lateral)
[2026-08-14 12:08:39.156] [info] Frame 165 (t = 1.65):	 total squared error = 0.000783446, marker error: RMS = 0.00559802, max = 0.0136203 (L_Shank_Lateral)
[2026-08-14 12:08:39.196] [info] Frame 166 (t = 1.66):	 total squared error = 0.000794609, marker error: RMS = 0.00563776, max = 0.0141347 (L_Shank_Lateral)
[2026-08-14 12:08:39.216] [info] Frame 167 (t = 1.67):	 total squared error = 0.000824278, marker error: RMS = 0.00574205, max = 0.015218 (L_Shank_Lateral)
[2026-08-14 12:08:39.241] [info] Frame 168 (t = 1.68):	 total squared error = 0.000858329, marker error: RMS = 0.00585945, max = 0.0162207 (L_Shank_Lateral)
[2026-08-14 12:08:39.271] [info] Frame 169 (t = 1.69):	 total squared error = 0.000893853, marker error: RMS = 0.00597947, max = 0.0167365 (L_Shank_Lateral)
[2026-08-14 12:08:39.298] [info] Frame 170 (t = 1.7):	 total squared error = 0.000933286, marker error: RMS = 0.00610995, max = 0.0174958 (L_Shank_Lateral)
[2026-08-14 12:08:39.317] [info] Frame 171 (t = 1.71):	 total squared error = 0.000977033, marker error: RMS = 0.00625151, max = 0.018127 (L_Shank_Lateral)
[2026-08-14 12:08:39.350] [info] Frame 172 (t = 1.72):	 total squared error = 0.000993933, marker error: RMS = 0.00630534, max = 0.018393 (L_Shank_Lateral)
[2026-08-14 12:08:39.383] [info] Frame 173 (t = 1.73):	 total squared error = 0.00100858, marker error: RMS = 0.00635163, max = 0.0185435 (L_Shank_Lateral)
[2026-08-14 12:08:39.401] [info] Frame 174 (t = 1.74):	 total squared error = 0.00102002, marker error: RMS = 0.00638754, max = 0.0184915 (L_Shank_Lateral)
[2026-08-14 12:08:39.419] [info] Frame 175 (t = 1.75):	 total squared error = 0.00102440, marker error: RMS = 0.00640125, max = 0.0182308 (L_Shank_Lateral)
[2026-08-14 12:08:39.457] [info] Frame 176 (t = 1.76):	 total squared error = 0.000987980, marker error: RMS = 0.00628643, max = 0.0177126 (L_Shank_Lateral)
[2026-08-14 12:08:39.497] [info] Frame 177 (t = 1.77):	 total squared error = 0.000964271, marker error: RMS = 0.00621054, max = 0.0171052 (L_Shank_Lateral)
[2026-08-14 12:08:39.519] [info] Frame 178 (t = 1.78):	 total squared error = 0.000939489, marker error: RMS = 0.00613022, max = 0.0164511 (L_Shank_Lateral)
[2026-08-14 12:08:39.550] [info] Frame 179 (t = 1.79):	 total squared error = 0.000903477, marker error: RMS = 0.00601158, max = 0.0152687 (L_Shank_Lateral)
[2026-08-14 12:08:39.574] [info] Frame 180 (t = 1.8):	 total squared error = 0.000872576, marker error: RMS = 0.00590788, max = 0.0143050 (L_Shank_Lateral)
[2026-08-14 12:08:39.593] [info] Frame 181 (t = 1.81):	 total squared error = 0.000843854, marker error: RMS = 0.00580983, max = 0.0129258 (L_Shank_Lateral)
[2026-08-14 12:08:39.615] [info] Frame 182 (t = 1.82):	 total squared error = 0.000811210, marker error: RMS = 0.00569635, max = 0.01156 (L_Shank_Lateral)
[2026-08-14 12:08:39.653] [info] Frame 183 (t = 1.83):	 total squared error = 0.000766070, marker error: RMS = 0.00553559, max = 0.00942638 (L_Shank_Lateral)
[2026-08-14 12:08:39.680] [info] Frame 184 (t = 1.84):	 total squared error = 0.000743290, marker error: RMS = 0.00545267, max = 0.00875135 (L_Shoulder)
[2026-08-14 12:08:39.703] [info] Frame 185 (t = 1.85):	 total squared error = 0.000733401, marker error: RMS = 0.00541628, max = 0.00915292 (Sternum)
[2026-08-14 12:08:39.735] [info] Frame 186 (t = 1.86):	 total squared error = 0.000728244, marker error: RMS = 0.00539720, max = 0.00928962 (Sternum)
[2026-08-14 12:08:39.758] [info] Frame 187 (t = 1.87):	 total squared error = 0.000753037, marker error: RMS = 0.00548830, max = 0.00980987 (Sternum)
[2026-08-14 12:08:39.783] [info] Frame 188 (t = 1.88):	 total squared error = 0.000791080, marker error: RMS = 0.00562523, max = 0.0103160 (L_Thigh_Lateral)
[2026-08-14 12:08:39.803] [info] Frame 189 (t = 1.89):	 total squared error = 0.000849687, marker error: RMS = 0.00582988, max = 0.0117348 (L_Thigh_Lateral)
[2026-08-14 12:08:39.836] [info] Frame 190 (t = 1.9):	 total squared error = 0.000907277, marker error: RMS = 0.00602421, max = 0.0127984 (L_Thigh_Lateral)
[2026-08-14 12:08:39.860] [info] Frame 191 (t = 1.91):	 total squared error = 0.000965298, marker error: RMS = 0.00621385, max = 0.0138164 (L_Thigh_Lateral)
[2026-08-14 12:08:39.880] [info] Frame 192 (t = 1.92):	 total squared error = 0.00100725, marker error: RMS = 0.00634743, max = 0.0143727 (L_Thigh_Lateral)
[2026-08-14 12:08:39.918] [info] Frame 193 (t = 1.93):	 total squared error = 0.00102190, marker error: RMS = 0.00639344, max = 0.0141526 (L_Thigh_Lateral)
[2026-08-14 12:08:39.931] [info] Frame 194 (t = 1.94):	 total squared error = 0.00101993, marker error: RMS = 0.00638728, max = 0.013854 (L_Thigh_Lateral)
[2026-08-14 12:08:39.950] [info] Frame 195 (t = 1.95):	 total squared error = 0.000990560, marker error: RMS = 0.00629463, max = 0.0128497 (L_Thigh_Lateral)
[2026-08-14 12:08:39.963] [info] Frame 196 (t = 1.96):	 total squared error = 0.000952661, marker error: RMS = 0.00617304, max = 0.0126216 (Sternum)
[2026-08-14 12:08:39.984] [info] Frame 197 (t = 1.97):	 total squared error = 0.000900472, marker error: RMS = 0.00600157, max = 0.0126355 (Sternum)
[2026-08-14 12:08:40.016] [info] Frame 198 (t = 1.98):	 total squared error = 0.000843497, marker error: RMS = 0.00580860, max = 0.0125582 (Sternum)
[2026-08-14 12:08:40.036] [info] Frame 199 (t = 1.99):	 total squared error = 0.000796990, marker error: RMS = 0.00564620, max = 0.0123518 (Sternum)
[2026-08-14 12:08:40.085] [info] Frame 200 (t = 2.0):	 total squared error = 0.000746610, marker error: RMS = 0.00546483, max = 0.0120434 (Sternum)
[2026-08-14 12:08:40.110] [info] Frame 201 (t = 2.01):	 total squared error = 0.000705292, marker error: RMS = 0.00531147, max = 0.0117161 (Sternum)
[2026-08-14 12:08:40.150] [info] Frame 202 (t = 2.02):	 total squared error = 0.000662830, marker error: RMS = 0.00514910, max = 0.0113692 (Sternum)
[2026-08-14 12:08:40.185] [info] Frame 203 (t = 2.03):	 total squared error = 0.000626565, marker error: RMS = 0.00500625, max = 0.0109405 (Sternum)
[2026-08-14 12:08:40.204] [info] Frame 204 (t = 2.04):	 total squared error = 0.000598598, marker error: RMS = 0.00489325, max = 0.0104417 (Sternum)
[2026-08-14 12:08:40.228] [info] Frame 205 (t = 2.05):	 total squared error = 0.000577775, marker error: RMS = 0.00480739, max = 0.0101352 (Sternum)
[2026-08-14 12:08:40.255] [info] Frame 206 (t = 2.06):	 total squared error = 0.000569117, marker error: RMS = 0.00477124, max = 0.00977569 (Sternum)
[2026-08-14 12:08:40.297] [info] Frame 207 (t = 2.07):	 total squared error = 0.000567645, marker error: RMS = 0.00476506, max = 0.00955743 (Sternum)
[2026-08-14 12:08:40.320] [info] Frame 208 (t = 2.08):	 total squared error = 0.000578026, marker error: RMS = 0.00480843, max = 0.00911784 (Sternum)
[2026-08-14 12:08:40.356] [info] Frame 209 (t = 2.09):	 total squared error = 0.000587298, marker error: RMS = 0.00484685, max = 0.00887352 (Sternum)
[2026-08-14 12:08:40.382] [info] Frame 210 (t = 2.1):	 total squared error = 0.000590436, marker error: RMS = 0.00485978, max = 0.00870333 (R_Shank_Lateral)
[2026-08-14 12:08:40.407] [info] Frame 211 (t = 2.11):	 total squared error = 0.000584296, marker error: RMS = 0.00483444, max = 0.00857499 (R_Shank_Lateral)
[2026-08-14 12:08:40.454] [info] Frame 212 (t = 2.12):	 total squared error = 0.000570738, marker error: RMS = 0.00477802, max = 0.00826922 (R_Shank_Lateral)
[2026-08-14 12:08:40.480] [info] Frame 213 (t = 2.13):	 total squared error = 0.000556520, marker error: RMS = 0.00471813, max = 0.00769553 (R_Shank_Lateral)
[2026-08-14 12:08:40.508] [info] Frame 214 (t = 2.14):	 total squared error = 0.000542314, marker error: RMS = 0.00465753, max = 0.00720342 (R_Shank_Lateral)
[2026-08-14 12:08:40.531] [info] Frame 215 (t = 2.15):	 total squared error = 0.000530632, marker error: RMS = 0.00460709, max = 0.00693135 (L_Shoulder)
[2026-08-14 12:08:40.554] [info] Frame 216 (t = 2.16):	 total squared error = 0.000515860, marker error: RMS = 0.00454251, max = 0.00678008 (L_Shoulder)
[2026-08-14 12:08:40.580] [info] Frame 217 (t = 2.17):	 total squared error = 0.000499214, marker error: RMS = 0.00446862, max = 0.00684155 (L_Thigh_Lateral)
[2026-08-14 12:08:40.621] [info] Frame 218 (t = 2.18):	 total squared error = 0.000480595, marker error: RMS = 0.00438449, max = 0.00684558 (L_Thigh_Lateral)
[2026-08-14 12:08:40.651] [info] Frame 219 (t = 2.19):	 total squared error = 0.000466383, marker error: RMS = 0.00431918, max = 0.00691170 (L_Thigh_Lateral)
[2026-08-14 12:08:40.676] [info] Frame 220 (t = 2.2):	 total squared error = 0.000457583, marker error: RMS = 0.00427824, max = 0.00689697 (L_Thigh_Lateral)
[2026-08-14 12:08:40.712] [info] Frame 221 (t = 2.21):	 total squared error = 0.000452160, marker error: RMS = 0.00425281, max = 0.00688705 (R_Thigh_Lateral)
[2026-08-14 12:08:40.737] [info] Frame 222 (t = 2.22):	 total squared error = 0.000452722, marker error: RMS = 0.00425545, max = 0.00714438 (R_Thigh_Lateral)
[2026-08-14 12:08:40.758] [info] Frame 223 (t = 2.23):	 total squared error = 0.000462105, marker error: RMS = 0.00429933, max = 0.00748203 (R_Thigh_Lateral)
[2026-08-14 12:08:40.770] [info] Frame 224 (t = 2.24):	 total squared error = 0.000483415, marker error: RMS = 0.00439734, max = 0.00775028 (R_Thigh_Lateral)
[2026-08-14 12:08:40.813] [info] Frame 225 (t = 2.25):	 total squared error = 0.000463790, marker error: RMS = 0.00430716, max = 0.00805514 (R_Thigh_Lateral)
[2026-08-14 12:08:40.824] [info] Frame 226 (t = 2.26):	 total squared error = 0.000481723, marker error: RMS = 0.00438964, max = 0.00819927 (R_Thigh_Lateral)
[2026-08-14 12:08:40.852] [info] Frame 227 (t = 2.27):	 total squared error = 0.000480095, marker error: RMS = 0.00438221, max = 0.00830110 (R_Thigh_Lateral)
[2026-08-14 12:08:40.875] [info] Frame 228 (t = 2.28):	 total squared error = 0.000491517, marker error: RMS = 0.00443404, max = 0.00838026 (R_Thigh_Lateral)
[2026-08-14 12:08:40.921] [info] Frame 229 (t = 2.29):	 total squared error = 0.000495619, marker error: RMS = 0.00445250, max = 0.00831568 (R_Thigh_Lateral)
[2026-08-14 12:08:40.943] [info] Frame 230 (t = 2.3):	 total squared error = 0.000517204, marker error: RMS = 0.00454843, max = 0.00837202 (R_Thigh_Lateral)
[2026-08-14 12:08:40.962] [info] Frame 231 (t = 2.31):	 total squared error = 0.000547464, marker error: RMS = 0.00467959, max = 0.00856404 (C7)
[2026-08-14 12:08:41.001] [info] Frame 232 (t = 2.32):	 total squared error = 0.000547480, marker error: RMS = 0.00467966, max = 0.00881396 (C7)
[2026-08-14 12:08:41.026] [info] Frame 233 (t = 2.33):	 total squared error = 0.000584416, marker error: RMS = 0.00483494, max = 0.00915109 (C7)
[2026-08-14 12:08:41.078] [info] Frame 234 (t = 2.34):	 total squared error = 0.000606981, marker error: RMS = 0.00492740, max = 0.00931777 (C7)
[2026-08-14 12:08:41.126] [info] Frame 235 (t = 2.35):	 total squared error = 0.000645785, marker error: RMS = 0.00508246, max = 0.00954069 (C7)
[2026-08-14 12:08:41.182] [info] Frame 236 (t = 2.36):	 total squared error = 0.000689283, marker error: RMS = 0.00525084, max = 0.00987362 (R_Shank_Lateral)
[2026-08-14 12:08:41.216] [info] Frame 237 (t = 2.37):	 total squared error = 0.000743209, marker error: RMS = 0.00545237, max = 0.0104308 (R_Shank_Lateral)
[2026-08-14 12:08:41.240] [info] Frame 238 (t = 2.38):	 total squared error = 0.000798258, marker error: RMS = 0.00565069, max = 0.0108155 (R_Shank_Lateral)
[2026-08-14 12:08:41.288] [info] Frame 239 (t = 2.39):	 total squared error = 0.000821328, marker error: RMS = 0.00573177, max = 0.0108841 (R_Thigh_Lateral)
[2026-08-14 12:08:41.326] [info] Frame 240 (t = 2.4):	 total squared error = 0.000852585, marker error: RMS = 0.00583981, max = 0.0110429 (R_Thigh_Lateral)
[2026-08-14 12:08:41.348] [info] Frame 241 (t = 2.41):	 total squared error = 0.000882642, marker error: RMS = 0.00594186, max = 0.0109995 (R_Thigh_Lateral)
[2026-08-14 12:08:41.385] [info] Frame 242 (t = 2.42):	 total squared error = 0.000874317, marker error: RMS = 0.00591377, max = 0.0108922 (C7)
[2026-08-14 12:08:41.420] [info] Frame 243 (t = 2.43):	 total squared error = 0.000865428, marker error: RMS = 0.00588363, max = 0.0110158 (C7)
[2026-08-14 12:08:41.458] [info] Frame 244 (t = 2.44):	 total squared error = 0.000849869, marker error: RMS = 0.00583050, max = 0.0110662 (C7)
[2026-08-14 12:08:41.481] [info] Frame 245 (t = 2.45):	 total squared error = 0.000838741, marker error: RMS = 0.00579220, max = 0.0111091 (C7)
[2026-08-14 12:08:41.501] [info] Frame 246 (t = 2.46):	 total squared error = 0.000833857, marker error: RMS = 0.00577532, max = 0.0110659 (C7)
[2026-08-14 12:08:41.528] [info] Frame 247 (t = 2.47):	 total squared error = 0.000836848, marker error: RMS = 0.00578566, max = 0.0110295 (C7)
[2026-08-14 12:08:41.546] [info] Frame 248 (t = 2.48):	 total squared error = 0.000858525, marker error: RMS = 0.00586012, max = 0.0110585 (C7)
[2026-08-14 12:08:41.573] [info] Frame 249 (t = 2.49):	 total squared error = 0.000885634, marker error: RMS = 0.00595192, max = 0.0109509 (C7)
[2026-08-14 12:08:41.587] [info] Frame 250 (t = 2.5):	 total squared error = 0.000919584, marker error: RMS = 0.00606493, max = 0.0111996 (C7)
[2026-08-14 12:08:41.614] [info] Frame 251 (t = 2.51):	 total squared error = 0.000928545, marker error: RMS = 0.00609441, max = 0.0109179 (C7)
[2026-08-14 12:08:41.646] [info] Frame 252 (t = 2.52):	 total squared error = 0.000927041, marker error: RMS = 0.00608947, max = 0.0108771 (Sternum)
[2026-08-14 12:08:41.672] [info] Frame 253 (t = 2.53):	 total squared error = 0.000913542, marker error: RMS = 0.00604497, max = 0.0109077 (Sternum)
[2026-08-14 12:08:41.683] [info] Frame 254 (t = 2.54):	 total squared error = 0.000900737, marker error: RMS = 0.00600246, max = 0.0110876 (C7)
[2026-08-14 12:08:41.705] [info] Frame 255 (t = 2.55):	 total squared error = 0.000880046, marker error: RMS = 0.00593312, max = 0.0109319 (Sternum)
[2026-08-14 12:08:41.727] [info] Frame 256 (t = 2.56):	 total squared error = 0.000871972, marker error: RMS = 0.00590583, max = 0.0108518 (Sternum)
[2026-08-14 12:08:41.782] [info] Frame 257 (t = 2.57):	 total squared error = 0.000856565, marker error: RMS = 0.00585342, max = 0.0107547 (Sternum)
[2026-08-14 12:08:41.817] [info] Frame 258 (t = 2.58):	 total squared error = 0.000862953, marker error: RMS = 0.00587521, max = 0.0106158 (C7)
[2026-08-14 12:08:41.858] [info] Frame 259 (t = 2.59):	 total squared error = 0.000872711, marker error: RMS = 0.00590834, max = 0.0104908 (C7)
[2026-08-14 12:08:41.912] [info] Frame 260 (t = 2.6):	 total squared error = 0.000873189, marker error: RMS = 0.00590995, max = 0.0103413 (C7)
[2026-08-14 12:08:41.945] [info] Frame 261 (t = 2.61):	 total squared error = 0.000882656, marker error: RMS = 0.00594191, max = 0.0102210 (C7)
[2026-08-14 12:08:42.026] [info] Frame 262 (t = 2.62):	 total squared error = 0.000876878, marker error: RMS = 0.00592242, max = 0.00999364 (C7)
[2026-08-14 12:08:42.057] [info] Frame 263 (t = 2.63):	 total squared error = 0.000881694, marker error: RMS = 0.00593867, max = 0.00973190 (C7)
[2026-08-14 12:08:42.098] [info] Frame 264 (t = 2.64):	 total squared error = 0.000887417, marker error: RMS = 0.00595791, max = 0.00945072 (C7)
[2026-08-14 12:08:42.133] [info] Frame 265 (t = 2.65):	 total squared error = 0.000895709, marker error: RMS = 0.00598568, max = 0.00950093 (L_Elbow)
[2026-08-14 12:08:42.174] [info] Frame 266 (t = 2.66):	 total squared error = 0.000904721, marker error: RMS = 0.00601572, max = 0.00964687 (L_Elbow)
[2026-08-14 12:08:42.209] [info] Frame 267 (t = 2.67):	 total squared error = 0.000909660, marker error: RMS = 0.00603211, max = 0.00974114 (L_Elbow)
[2026-08-14 12:08:42.243] [info] Frame 268 (t = 2.68):	 total squared error = 0.000906533, marker error: RMS = 0.00602174, max = 0.00984034 (L_Elbow)
[2026-08-14 12:08:42.285] [info] Frame 269 (t = 2.69):	 total squared error = 0.000886366, marker error: RMS = 0.00595438, max = 0.00964922 (L_Elbow)
[2026-08-14 12:08:42.325] [info] Frame 270 (t = 2.7):	 total squared error = 0.000854187, marker error: RMS = 0.00584530, max = 0.00953455 (L_Elbow)
[2026-08-14 12:08:42.372] [info] Frame 271 (t = 2.71):	 total squared error = 0.000806209, marker error: RMS = 0.00567876, max = 0.00912725 (L_Elbow)
[2026-08-14 12:08:42.402] [info] Frame 272 (t = 2.72):	 total squared error = 0.000761340, marker error: RMS = 0.00551848, max = 0.00888339 (L_Elbow)
[2026-08-14 12:08:42.444] [info] Frame 273 (t = 2.73):	 total squared error = 0.000691518, marker error: RMS = 0.00525934, max = 0.00819237 (L_Thigh_Lateral)
[2026-08-14 12:08:42.484] [info] Frame 274 (t = 2.74):	 total squared error = 0.000637619, marker error: RMS = 0.00505022, max = 0.00825965 (L_Thigh_Lateral)
[2026-08-14 12:08:42.531] [info] Frame 275 (t = 2.75):	 total squared error = 0.000589087, marker error: RMS = 0.00485422, max = 0.00796248 (L_Thigh_Lateral)
[2026-08-14 12:08:42.581] [info] Frame 276 (t = 2.76):	 total squared error = 0.000551021, marker error: RMS = 0.00469477, max = 0.00776458 (L_Thigh_Lateral)
[2026-08-14 12:08:42.615] [info] Frame 277 (t = 2.77):	 total squared error = 0.000526411, marker error: RMS = 0.00458873, max = 0.00761031 (L_Thigh_Lateral)
[2026-08-14 12:08:42.658] [info] Frame 278 (t = 2.78):	 total squared error = 0.000502505, marker error: RMS = 0.00448333, max = 0.00730503 (L_Thigh_Lateral)
[2026-08-14 12:08:42.732] [info] Frame 279 (t = 2.79):	 total squared error = 0.000490725, marker error: RMS = 0.00443046, max = 0.00726311 (L_Thigh_Lateral)
[2026-08-14 12:08:42.772] [info] Frame 280 (t = 2.8):	 total squared error = 0.000489898, marker error: RMS = 0.00442673, max = 0.00731983 (L_Thigh_Lateral)
[2026-08-14 12:08:42.814] [info] Frame 281 (t = 2.81):	 total squared error = 0.000494486, marker error: RMS = 0.00444741, max = 0.00825777 (L_Shank_Lateral)
[2026-08-14 12:08:42.839] [info] Frame 282 (t = 2.82):	 total squared error = 0.000522915, marker error: RMS = 0.00457347, max = 0.00946383 (L_Shank_Lateral)
[2026-08-14 12:08:42.875] [info] Frame 283 (t = 2.83):	 total squared error = 0.000543654, marker error: RMS = 0.00466328, max = 0.0106082 (L_Shank_Lateral)
[2026-08-14 12:08:42.949] [info] Frame 284 (t = 2.84):	 total squared error = 0.000567022, marker error: RMS = 0.00476245, max = 0.0114191 (L_Shank_Lateral)
[2026-08-14 12:08:42.993] [info] Frame 285 (t = 2.85):	 total squared error = 0.000619160, marker error: RMS = 0.00497659, max = 0.0126013 (L_Shank_Lateral)
[2026-08-14 12:08:43.017] [info] Frame 286 (t = 2.86):	 total squared error = 0.000693763, marker error: RMS = 0.00526787, max = 0.0138363 (L_Shank_Lateral)
[2026-08-14 12:08:43.061] [info] Frame 287 (t = 2.87):	 total squared error = 0.000746773, marker error: RMS = 0.00546543, max = 0.0145324 (L_Shank_Lateral)
[2026-08-14 12:08:43.086] [info] Frame 288 (t = 2.88):	 total squared error = 0.000833710, marker error: RMS = 0.00577481, max = 0.0155326 (L_Shank_Lateral)
[2026-08-14 12:08:43.135] [info] Frame 289 (t = 2.89):	 total squared error = 0.000887733, marker error: RMS = 0.00595897, max = 0.0161234 (L_Shank_Lateral)
[2026-08-14 12:08:43.203] [info] Frame 290 (t = 2.9):	 total squared error = 0.000953492, marker error: RMS = 0.00617573, max = 0.0168365 (L_Shank_Lateral)
[2026-08-14 12:08:43.237] [info] Frame 291 (t = 2.91):	 total squared error = 0.00102212, marker error: RMS = 0.00639413, max = 0.0173711 (L_Shank_Lateral)
[2026-08-14 12:08:43.244] [info] InverseKinematicsTool completed 292 frames in 9 second(s).
[2026-08-14 12:08:43.318] [info] Loaded model SUBJ59-scaled from file C:\Users\migue\Downloads\TFG\2_JMP\SUBJ59\Walk_1\SUBJ59_1_JMP_results\SUBJ59_1_NMSM_JMP_01_pelvis_thigh.osim
[2026-08-14 12:08:44.325] [warning] Coordinate.setValue:  coordinate pro_sup_r is locked. Unable to change its value.
[2026-08-14 12:08:44.396] [warning] Coordinate.setValue:  coordinate pro_sup_l is locked. Unable to change its value.
[2026-08-14 12:09:41.681] [info] Loaded model SUBJ59-scaled from file C:\Users\migue\Downloads\TFG\2_JMP\SUBJ59\Walk_1\SUBJ59_1_JMP_results\SUBJ59_1_NMSM_JMP_01_pelvis_thigh.osim
[2026-08-14 12:09:41.703] [cout] [info] 
               MODEL: SUBJ59-scaled
         coordinates: 41
              forces: 103
           actuators: 103
             muscles: 86
            analyses: 0
              probes: 0
              bodies: 24
              joints: 24
         constraints: 2
             markers: 25
         controllers: 0
  contact geometries: 0
misc modelcomponents: 0
[2026-08-14 12:09:41.704] [info] Running tool .
[2026-08-14 12:09:41.808] [info] Frame 0 (t = 0.0):	 total squared error = 0.000720113, marker error: RMS = 0.00536698, max = 0.0120006 (R_Shank_Lateral)
[2026-08-14 12:09:41.832] [info] Frame 1 (t = 0.01):	 total squared error = 0.000739996, marker error: RMS = 0.00544057, max = 0.0123777 (R_Shank_Lateral)
[2026-08-14 12:09:41.892] [info] Frame 2 (t = 0.02):	 total squared error = 0.000756247, marker error: RMS = 0.00549999, max = 0.0125239 (R_Shank_Lateral)
[2026-08-14 12:09:41.917] [info] Frame 3 (t = 0.03):	 total squared error = 0.000782522, marker error: RMS = 0.00559472, max = 0.012841 (R_Shank_Lateral)
[2026-08-14 12:09:41.948] [info] Frame 4 (t = 0.04):	 total squared error = 0.000789712, marker error: RMS = 0.00562036, max = 0.0127013 (R_Shank_Lateral)
[2026-08-14 12:09:41.974] [info] Frame 5 (t = 0.05):	 total squared error = 0.000799199, marker error: RMS = 0.00565402, max = 0.0125684 (R_Shank_Lateral)
[2026-08-14 12:09:42.017] [info] Frame 6 (t = 0.06):	 total squared error = 0.000791633, marker error: RMS = 0.00562720, max = 0.0118402 (R_Shank_Lateral)
[2026-08-14 12:09:42.053] [info] Frame 7 (t = 0.07):	 total squared error = 0.000783125, marker error: RMS = 0.00559687, max = 0.0114721 (R_Thigh_Lateral)
[2026-08-14 12:09:42.088] [info] Frame 8 (t = 0.08):	 total squared error = 0.000757298, marker error: RMS = 0.00550381, max = 0.0107534 (R_Thigh_Lateral)
[2026-08-14 12:09:42.120] [info] Frame 9 (t = 0.09):	 total squared error = 0.000738125, marker error: RMS = 0.00543369, max = 0.0100140 (R_Thigh_Lateral)
[2026-08-14 12:09:42.146] [info] Frame 10 (t = 0.1):	 total squared error = 0.000724309, marker error: RMS = 0.00538260, max = 0.00989051 (C7)
[2026-08-14 12:09:42.183] [info] Frame 11 (t = 0.11):	 total squared error = 0.000710665, marker error: RMS = 0.00533166, max = 0.00994951 (C7)
[2026-08-14 12:09:42.205] [info] Frame 12 (t = 0.12):	 total squared error = 0.000718710, marker error: RMS = 0.00536175, max = 0.0100292 (C7)
[2026-08-14 12:09:42.238] [info] Frame 13 (t = 0.13):	 total squared error = 0.000733912, marker error: RMS = 0.00541816, max = 0.0100164 (C7)
[2026-08-14 12:09:42.258] [info] Frame 14 (t = 0.14):	 total squared error = 0.000762680, marker error: RMS = 0.00552333, max = 0.0100828 (C7)
[2026-08-14 12:09:42.279] [info] Frame 15 (t = 0.15):	 total squared error = 0.000794354, marker error: RMS = 0.00563686, max = 0.0106071 (R_Thigh_Lateral)
[2026-08-14 12:09:42.293] [info] Frame 16 (t = 0.16):	 total squared error = 0.000827103, marker error: RMS = 0.00575188, max = 0.0109845 (R_Thigh_Lateral)
[2026-08-14 12:09:42.315] [info] Frame 17 (t = 0.17):	 total squared error = 0.000843379, marker error: RMS = 0.00580820, max = 0.0110833 (R_Thigh_Lateral)
[2026-08-14 12:09:42.327] [info] Frame 18 (t = 0.18):	 total squared error = 0.000856432, marker error: RMS = 0.00585297, max = 0.0107852 (R_Thigh_Lateral)
[2026-08-14 12:09:42.376] [info] Frame 19 (t = 0.19):	 total squared error = 0.000836832, marker error: RMS = 0.00578561, max = 0.0100894 (R_Thigh_Lateral)
[2026-08-14 12:09:42.388] [info] Frame 20 (t = 0.2):	 total squared error = 0.000825554, marker error: RMS = 0.00574649, max = 0.0101016 (C7)
[2026-08-14 12:09:42.410] [info] Frame 21 (t = 0.21):	 total squared error = 0.000804333, marker error: RMS = 0.00567215, max = 0.00980667 (C7)
[2026-08-14 12:09:42.432] [info] Frame 22 (t = 0.22):	 total squared error = 0.000787795, marker error: RMS = 0.00561354, max = 0.00972198 (C7)
[2026-08-14 12:09:42.443] [info] Frame 23 (t = 0.23):	 total squared error = 0.000787135, marker error: RMS = 0.00561118, max = 0.00978425 (C7)
[2026-08-14 12:09:42.467] [info] Frame 24 (t = 0.24):	 total squared error = 0.000775316, marker error: RMS = 0.00556890, max = 0.00952581 (C7)
[2026-08-14 12:09:42.495] [info] Frame 25 (t = 0.25):	 total squared error = 0.000765767, marker error: RMS = 0.00553450, max = 0.00944640 (C7)
[2026-08-14 12:09:42.518] [info] Frame 26 (t = 0.26):	 total squared error = 0.000770696, marker error: RMS = 0.00555228, max = 0.00928260 (C7)
[2026-08-14 12:09:42.540] [info] Frame 27 (t = 0.27):	 total squared error = 0.000779256, marker error: RMS = 0.00558303, max = 0.00911908 (C7)
[2026-08-14 12:09:42.571] [info] Frame 28 (t = 0.28):	 total squared error = 0.000770209, marker error: RMS = 0.00555053, max = 0.00903414 (C7)
[2026-08-14 12:09:42.595] [info] Frame 29 (t = 0.29):	 total squared error = 0.000761175, marker error: RMS = 0.00551788, max = 0.00886000 (C7)
[2026-08-14 12:09:42.622] [info] Frame 30 (t = 0.3):	 total squared error = 0.000740612, marker error: RMS = 0.00544284, max = 0.00866321 (C7)
[2026-08-14 12:09:42.656] [info] Frame 31 (t = 0.31):	 total squared error = 0.000708707, marker error: RMS = 0.00532431, max = 0.00855812 (C7)
[2026-08-14 12:09:42.676] [info] Frame 32 (t = 0.32):	 total squared error = 0.000679142, marker error: RMS = 0.00521207, max = 0.00832023 (C7)
[2026-08-14 12:09:42.709] [info] Frame 33 (t = 0.33):	 total squared error = 0.000638672, marker error: RMS = 0.00505439, max = 0.00817948 (C7)
[2026-08-14 12:09:42.735] [info] Frame 34 (t = 0.34):	 total squared error = 0.000606030, marker error: RMS = 0.00492353, max = 0.00796213 (C7)
[2026-08-14 12:09:42.770] [info] Frame 35 (t = 0.35):	 total squared error = 0.000574775, marker error: RMS = 0.00479489, max = 0.00776404 (C7)
[2026-08-14 12:09:42.800] [info] Frame 36 (t = 0.36):	 total squared error = 0.000546906, marker error: RMS = 0.00467720, max = 0.00743257 (C7)
[2026-08-14 12:09:42.845] [info] Frame 37 (t = 0.37):	 total squared error = 0.000516143, marker error: RMS = 0.00454375, max = 0.00725649 (C7)
[2026-08-14 12:09:42.885] [info] Frame 38 (t = 0.38):	 total squared error = 0.000494513, marker error: RMS = 0.00444753, max = 0.00694527 (C7)
[2026-08-14 12:09:42.947] [info] Frame 39 (t = 0.39):	 total squared error = 0.000473678, marker error: RMS = 0.00435283, max = 0.00740343 (L_Thigh_Lateral)
[2026-08-14 12:09:42.984] [info] Frame 40 (t = 0.4):	 total squared error = 0.000465281, marker error: RMS = 0.00431408, max = 0.00852252 (L_Thigh_Lateral)
[2026-08-14 12:09:43.014] [info] Frame 41 (t = 0.41):	 total squared error = 0.000464496, marker error: RMS = 0.00431043, max = 0.00942796 (L_Thigh_Lateral)
[2026-08-14 12:09:43.040] [info] Frame 42 (t = 0.42):	 total squared error = 0.000476903, marker error: RMS = 0.00436762, max = 0.0101355 (L_Thigh_Lateral)
[2026-08-14 12:09:43.060] [info] Frame 43 (t = 0.43):	 total squared error = 0.000513911, marker error: RMS = 0.00453392, max = 0.0107227 (L_Thigh_Lateral)
[2026-08-14 12:09:43.119] [info] Frame 44 (t = 0.44):	 total squared error = 0.000546310, marker error: RMS = 0.00467465, max = 0.0112297 (L_Thigh_Lateral)
[2026-08-14 12:09:43.149] [info] Frame 45 (t = 0.45):	 total squared error = 0.000596418, marker error: RMS = 0.00488433, max = 0.0126087 (L_Shank_Lateral)
[2026-08-14 12:09:43.180] [info] Frame 46 (t = 0.46):	 total squared error = 0.000649121, marker error: RMS = 0.00509557, max = 0.0141806 (L_Shank_Lateral)
[2026-08-14 12:09:43.211] [info] Frame 47 (t = 0.47):	 total squared error = 0.000694828, marker error: RMS = 0.00527192, max = 0.0153606 (L_Shank_Lateral)
[2026-08-14 12:09:43.231] [info] Frame 48 (t = 0.48):	 total squared error = 0.000732842, marker error: RMS = 0.00541421, max = 0.0165848 (L_Shank_Lateral)
[2026-08-14 12:09:43.271] [info] Frame 49 (t = 0.49):	 total squared error = 0.000747182, marker error: RMS = 0.00546693, max = 0.0165927 (L_Shank_Lateral)
[2026-08-14 12:09:43.283] [info] Frame 50 (t = 0.5):	 total squared error = 0.000763523, marker error: RMS = 0.00552638, max = 0.0171181 (L_Shank_Lateral)
[2026-08-14 12:09:43.304] [info] Frame 51 (t = 0.51):	 total squared error = 0.000750485, marker error: RMS = 0.00547900, max = 0.0168892 (L_Shank_Lateral)
[2026-08-14 12:09:43.342] [info] Frame 52 (t = 0.52):	 total squared error = 0.000733074, marker error: RMS = 0.00541507, max = 0.0160207 (L_Shank_Lateral)
[2026-08-14 12:09:43.359] [info] Frame 53 (t = 0.53):	 total squared error = 0.000723903, marker error: RMS = 0.00538109, max = 0.0154826 (L_Shank_Lateral)
[2026-08-14 12:09:43.402] [info] Frame 54 (t = 0.54):	 total squared error = 0.000706413, marker error: RMS = 0.00531569, max = 0.0150464 (L_Shank_Lateral)
[2026-08-14 12:09:43.421] [info] Frame 55 (t = 0.55):	 total squared error = 0.000709899, marker error: RMS = 0.00532878, max = 0.0145763 (L_Shank_Lateral)
[2026-08-14 12:09:43.456] [info] Frame 56 (t = 0.56):	 total squared error = 0.000714570, marker error: RMS = 0.00534629, max = 0.0146329 (L_Shank_Lateral)
[2026-08-14 12:09:43.484] [info] Frame 57 (t = 0.57):	 total squared error = 0.000742613, marker error: RMS = 0.00545018, max = 0.0145625 (L_Shank_Lateral)
[2026-08-14 12:09:43.543] [info] Frame 58 (t = 0.58):	 total squared error = 0.000749182, marker error: RMS = 0.00547424, max = 0.0147939 (L_Shank_Lateral)
[2026-08-14 12:09:43.578] [info] Frame 59 (t = 0.59):	 total squared error = 0.000788232, marker error: RMS = 0.00561509, max = 0.0152407 (L_Shank_Lateral)
[2026-08-14 12:09:43.649] [info] Frame 60 (t = 0.6):	 total squared error = 0.000814499, marker error: RMS = 0.00570788, max = 0.0156196 (L_Shank_Lateral)
[2026-08-14 12:09:43.714] [info] Frame 61 (t = 0.61):	 total squared error = 0.000845706, marker error: RMS = 0.00581621, max = 0.0158924 (L_Shank_Lateral)
[2026-08-14 12:09:43.757] [info] Frame 62 (t = 0.62):	 total squared error = 0.000867448, marker error: RMS = 0.00589049, max = 0.0158931 (L_Shank_Lateral)
[2026-08-14 12:09:43.792] [info] Frame 63 (t = 0.63):	 total squared error = 0.000874066, marker error: RMS = 0.00591292, max = 0.0156045 (L_Shank_Lateral)
[2026-08-14 12:09:43.817] [info] Frame 64 (t = 0.64):	 total squared error = 0.000866257, marker error: RMS = 0.00588645, max = 0.0152639 (L_Shank_Lateral)
[2026-08-14 12:09:43.836] [info] Frame 65 (t = 0.65):	 total squared error = 0.000844950, marker error: RMS = 0.00581360, max = 0.0143204 (L_Shank_Lateral)
[2026-08-14 12:09:43.880] [info] Frame 66 (t = 0.66):	 total squared error = 0.000790637, marker error: RMS = 0.00562365, max = 0.0124128 (L_Shank_Lateral)
[2026-08-14 12:09:43.921] [info] Frame 67 (t = 0.67):	 total squared error = 0.000748763, marker error: RMS = 0.00547271, max = 0.0109045 (L_Shank_Lateral)
[2026-08-14 12:09:43.955] [info] Frame 68 (t = 0.68):	 total squared error = 0.000709644, marker error: RMS = 0.00532783, max = 0.0108521 (Sternum)
[2026-08-14 12:09:43.998] [info] Frame 69 (t = 0.69):	 total squared error = 0.000678146, marker error: RMS = 0.00520825, max = 0.0110264 (Sternum)
[2026-08-14 12:09:44.025] [info] Frame 70 (t = 0.7):	 total squared error = 0.000677738, marker error: RMS = 0.00520668, max = 0.0115072 (Sternum)
[2026-08-14 12:09:44.050] [info] Frame 71 (t = 0.71):	 total squared error = 0.000701354, marker error: RMS = 0.00529662, max = 0.0118652 (Sternum)
[2026-08-14 12:09:44.103] [info] Frame 72 (t = 0.72):	 total squared error = 0.000734646, marker error: RMS = 0.00542087, max = 0.0119716 (Sternum)
[2026-08-14 12:09:44.127] [info] Frame 73 (t = 0.73):	 total squared error = 0.000796715, marker error: RMS = 0.00564523, max = 0.0123663 (Sternum)
[2026-08-14 12:09:44.149] [info] Frame 74 (t = 0.74):	 total squared error = 0.000865164, marker error: RMS = 0.00588274, max = 0.0126831 (Sternum)
[2026-08-14 12:09:44.169] [info] Frame 75 (t = 0.75):	 total squared error = 0.000925549, marker error: RMS = 0.00608457, max = 0.0129857 (Sternum)
[2026-08-14 12:09:44.191] [info] Frame 76 (t = 0.76):	 total squared error = 0.000964078, marker error: RMS = 0.00620992, max = 0.0132061 (Sternum)
[2026-08-14 12:09:44.203] [info] Frame 77 (t = 0.77):	 total squared error = 0.000978804, marker error: RMS = 0.00625717, max = 0.0135502 (Sternum)
[2026-08-14 12:09:44.217] [info] Frame 78 (t = 0.78):	 total squared error = 0.000963217, marker error: RMS = 0.00620715, max = 0.0138096 (Sternum)
[2026-08-14 12:09:44.246] [info] Frame 79 (t = 0.79):	 total squared error = 0.000909046, marker error: RMS = 0.00603008, max = 0.0138493 (Sternum)
[2026-08-14 12:09:44.265] [info] Frame 80 (t = 0.8):	 total squared error = 0.000860475, marker error: RMS = 0.00586677, max = 0.0140284 (Sternum)
[2026-08-14 12:09:44.288] [info] Frame 81 (t = 0.81):	 total squared error = 0.000816599, marker error: RMS = 0.00571524, max = 0.0140496 (Sternum)
[2026-08-14 12:09:44.315] [info] Frame 82 (t = 0.82):	 total squared error = 0.000785587, marker error: RMS = 0.00560567, max = 0.0140825 (Sternum)
[2026-08-14 12:09:44.333] [info] Frame 83 (t = 0.83):	 total squared error = 0.000780830, marker error: RMS = 0.00558867, max = 0.0139588 (Sternum)
[2026-08-14 12:09:44.367] [info] Frame 84 (t = 0.84):	 total squared error = 0.000765676, marker error: RMS = 0.00553417, max = 0.0139393 (Sternum)
[2026-08-14 12:09:44.407] [info] Frame 85 (t = 0.85):	 total squared error = 0.000765542, marker error: RMS = 0.00553369, max = 0.0136685 (Sternum)
[2026-08-14 12:09:44.436] [info] Frame 86 (t = 0.86):	 total squared error = 0.000773345, marker error: RMS = 0.00556182, max = 0.013391 (Sternum)
[2026-08-14 12:09:44.459] [info] Frame 87 (t = 0.87):	 total squared error = 0.000784693, marker error: RMS = 0.00560247, max = 0.0131235 (Sternum)
[2026-08-14 12:09:44.482] [info] Frame 88 (t = 0.88):	 total squared error = 0.000796548, marker error: RMS = 0.00564464, max = 0.0126976 (Sternum)
[2026-08-14 12:09:44.512] [info] Frame 89 (t = 0.89):	 total squared error = 0.000791849, marker error: RMS = 0.00562796, max = 0.012615 (Sternum)
[2026-08-14 12:09:44.538] [info] Frame 90 (t = 0.9):	 total squared error = 0.000785861, marker error: RMS = 0.00560664, max = 0.012226 (Sternum)
[2026-08-14 12:09:44.574] [info] Frame 91 (t = 0.91):	 total squared error = 0.000775035, marker error: RMS = 0.00556789, max = 0.0119668 (Sternum)
[2026-08-14 12:09:44.595] [info] Frame 92 (t = 0.92):	 total squared error = 0.000770591, marker error: RMS = 0.00555190, max = 0.0114699 (Sternum)
[2026-08-14 12:09:44.627] [info] Frame 93 (t = 0.93):	 total squared error = 0.000757135, marker error: RMS = 0.00550322, max = 0.0112418 (Sternum)
[2026-08-14 12:09:44.654] [info] Frame 94 (t = 0.94):	 total squared error = 0.000746957, marker error: RMS = 0.00546610, max = 0.0108834 (Sternum)
[2026-08-14 12:09:44.679] [info] Frame 95 (t = 0.95):	 total squared error = 0.000732285, marker error: RMS = 0.00541215, max = 0.0105018 (Sternum)
[2026-08-14 12:09:44.704] [info] Frame 96 (t = 0.96):	 total squared error = 0.000712097, marker error: RMS = 0.00533703, max = 0.0100997 (Sternum)
[2026-08-14 12:09:44.733] [info] Frame 97 (t = 0.97):	 total squared error = 0.000684691, marker error: RMS = 0.00523332, max = 0.00973867 (Sternum)
[2026-08-14 12:09:44.761] [info] Frame 98 (t = 0.98):	 total squared error = 0.000656474, marker error: RMS = 0.00512435, max = 0.00923064 (Sternum)
[2026-08-14 12:09:44.802] [info] Frame 99 (t = 0.99):	 total squared error = 0.000627608, marker error: RMS = 0.00501042, max = 0.00880700 (Sternum)
[2026-08-14 12:09:44.826] [info] Frame 100 (t = 1.0):	 total squared error = 0.000599508, marker error: RMS = 0.00489697, max = 0.00830161 (Sternum)
[2026-08-14 12:09:44.843] [info] Frame 101 (t = 1.01):	 total squared error = 0.000578793, marker error: RMS = 0.00481162, max = 0.00776867 (Sacral)
[2026-08-14 12:09:44.881] [info] Frame 102 (t = 1.02):	 total squared error = 0.000542129, marker error: RMS = 0.00465673, max = 0.00747002 (Sacral)
[2026-08-14 12:09:44.907] [info] Frame 103 (t = 1.03):	 total squared error = 0.000515711, marker error: RMS = 0.00454186, max = 0.00739145 (L_Shoulder)
[2026-08-14 12:09:44.924] [info] Frame 104 (t = 1.04):	 total squared error = 0.000497860, marker error: RMS = 0.00446256, max = 0.00757049 (L_Shoulder)
[2026-08-14 12:09:44.946] [info] Frame 105 (t = 1.05):	 total squared error = 0.000471567, marker error: RMS = 0.00434312, max = 0.00742896 (L_Shoulder)
[2026-08-14 12:09:44.964] [info] Frame 106 (t = 1.06):	 total squared error = 0.000456681, marker error: RMS = 0.00427402, max = 0.00748942 (L_Shoulder)
[2026-08-14 12:09:45.000] [info] Frame 107 (t = 1.07):	 total squared error = 0.000429963, marker error: RMS = 0.00414711, max = 0.00708587 (L_Shoulder)
[2026-08-14 12:09:45.019] [info] Frame 108 (t = 1.08):	 total squared error = 0.000417387, marker error: RMS = 0.00408601, max = 0.00706046 (L_Shoulder)
[2026-08-14 12:09:45.038] [info] Frame 109 (t = 1.09):	 total squared error = 0.000410091, marker error: RMS = 0.00405014, max = 0.00692552 (L_Shoulder)
[2026-08-14 12:09:45.050] [info] Frame 110 (t = 1.1):	 total squared error = 0.000420296, marker error: RMS = 0.00410022, max = 0.00699993 (L_Shoulder)
[2026-08-14 12:09:45.087] [info] Frame 111 (t = 1.11):	 total squared error = 0.000404565, marker error: RMS = 0.00402276, max = 0.00642879 (R_Thigh_Lateral)
[2026-08-14 12:09:45.104] [info] Frame 112 (t = 1.12):	 total squared error = 0.000415937, marker error: RMS = 0.00407890, max = 0.00666565 (C7)
[2026-08-14 12:09:45.137] [info] Frame 113 (t = 1.13):	 total squared error = 0.000422047, marker error: RMS = 0.00410876, max = 0.00697062 (C7)
[2026-08-14 12:09:45.167] [info] Frame 114 (t = 1.14):	 total squared error = 0.000435344, marker error: RMS = 0.00417298, max = 0.00726337 (C7)
[2026-08-14 12:09:45.184] [info] Frame 115 (t = 1.15):	 total squared error = 0.000458464, marker error: RMS = 0.00428236, max = 0.00755627 (C7)
[2026-08-14 12:09:45.201] [info] Frame 116 (t = 1.16):	 total squared error = 0.000488976, marker error: RMS = 0.00442256, max = 0.00788455 (C7)
[2026-08-14 12:09:45.225] [info] Frame 117 (t = 1.17):	 total squared error = 0.000498071, marker error: RMS = 0.00446350, max = 0.00852239 (R_Shank_Lateral)
[2026-08-14 12:09:45.253] [info] Frame 118 (t = 1.18):	 total squared error = 0.000514104, marker error: RMS = 0.00453477, max = 0.00900805 (R_Shank_Lateral)
[2026-08-14 12:09:45.270] [info] Frame 119 (t = 1.19):	 total squared error = 0.000554321, marker error: RMS = 0.00470881, max = 0.00948191 (R_Shank_Lateral)
[2026-08-14 12:09:45.309] [info] Frame 120 (t = 1.2):	 total squared error = 0.000579910, marker error: RMS = 0.00481626, max = 0.0101372 (R_Shank_Lateral)
[2026-08-14 12:09:45.331] [info] Frame 121 (t = 1.21):	 total squared error = 0.000624709, marker error: RMS = 0.00499884, max = 0.0107259 (R_Shank_Lateral)
[2026-08-14 12:09:45.361] [info] Frame 122 (t = 1.22):	 total squared error = 0.000663935, marker error: RMS = 0.00515339, max = 0.0109841 (R_Shank_Lateral)
[2026-08-14 12:09:45.389] [info] Frame 123 (t = 1.23):	 total squared error = 0.000706503, marker error: RMS = 0.00531602, max = 0.0113276 (R_Shank_Lateral)
[2026-08-14 12:09:45.407] [info] Frame 124 (t = 1.24):	 total squared error = 0.000750568, marker error: RMS = 0.00547930, max = 0.011259 (R_Shank_Lateral)
[2026-08-14 12:09:45.447] [info] Frame 125 (t = 1.25):	 total squared error = 0.000751210, marker error: RMS = 0.00548164, max = 0.0104672 (R_Shank_Lateral)
[2026-08-14 12:09:45.480] [info] Frame 126 (t = 1.26):	 total squared error = 0.000754690, marker error: RMS = 0.00549432, max = 0.0102598 (C7)
[2026-08-14 12:09:45.505] [info] Frame 127 (t = 1.27):	 total squared error = 0.000751979, marker error: RMS = 0.00548445, max = 0.0104656 (C7)
[2026-08-14 12:09:45.534] [info] Frame 128 (t = 1.28):	 total squared error = 0.000740261, marker error: RMS = 0.00544155, max = 0.0106857 (C7)
[2026-08-14 12:09:45.571] [info] Frame 129 (t = 1.29):	 total squared error = 0.000738417, marker error: RMS = 0.00543476, max = 0.0108595 (C7)
[2026-08-14 12:09:45.602] [info] Frame 130 (t = 1.3):	 total squared error = 0.000756033, marker error: RMS = 0.00549921, max = 0.0110248 (C7)
[2026-08-14 12:09:45.621] [info] Frame 131 (t = 1.31):	 total squared error = 0.000796720, marker error: RMS = 0.00564525, max = 0.0111721 (C7)
[2026-08-14 12:09:45.634] [info] Frame 132 (t = 1.32):	 total squared error = 0.000863530, marker error: RMS = 0.00587718, max = 0.0112673 (C7)
[2026-08-14 12:09:45.656] [info] Frame 133 (t = 1.33):	 total squared error = 0.000911781, marker error: RMS = 0.00603914, max = 0.0112556 (C7)
[2026-08-14 12:09:45.687] [info] Frame 134 (t = 1.34):	 total squared error = 0.000956135, marker error: RMS = 0.00618429, max = 0.0112413 (C7)
[2026-08-14 12:09:45.699] [info] Frame 135 (t = 1.35):	 total squared error = 0.000988988, marker error: RMS = 0.00628964, max = 0.0112701 (R_Thigh_Lateral)
[2026-08-14 12:09:45.727] [info] Frame 136 (t = 1.36):	 total squared error = 0.000989519, marker error: RMS = 0.00629132, max = 0.0112552 (Sternum)
[2026-08-14 12:09:45.777] [info] Frame 137 (t = 1.37):	 total squared error = 0.000973420, marker error: RMS = 0.00623994, max = 0.0113198 (C7)
[2026-08-14 12:09:45.810] [info] Frame 138 (t = 1.38):	 total squared error = 0.000955421, marker error: RMS = 0.00618198, max = 0.0113692 (Sternum)
[2026-08-14 12:09:45.850] [info] Frame 139 (t = 1.39):	 total squared error = 0.000938471, marker error: RMS = 0.00612689, max = 0.0115006 (Sternum)
[2026-08-14 12:09:45.887] [info] Frame 140 (t = 1.4):	 total squared error = 0.000925347, marker error: RMS = 0.00608390, max = 0.0114847 (Sternum)
[2026-08-14 12:09:45.915] [info] Frame 141 (t = 1.41):	 total squared error = 0.000925825, marker error: RMS = 0.00608547, max = 0.0114002 (Sternum)
[2026-08-14 12:09:45.933] [info] Frame 142 (t = 1.42):	 total squared error = 0.000934377, marker error: RMS = 0.00611351, max = 0.0111915 (Sternum)
[2026-08-14 12:09:45.981] [info] Frame 143 (t = 1.43):	 total squared error = 0.000920631, marker error: RMS = 0.00606838, max = 0.011115 (Sternum)
[2026-08-14 12:09:46.006] [info] Frame 144 (t = 1.44):	 total squared error = 0.000932386, marker error: RMS = 0.00610700, max = 0.0108867 (Sternum)
[2026-08-14 12:09:46.041] [info] Frame 145 (t = 1.45):	 total squared error = 0.000951361, marker error: RMS = 0.00616883, max = 0.0106522 (Sternum)
[2026-08-14 12:09:46.089] [info] Frame 146 (t = 1.46):	 total squared error = 0.000954404, marker error: RMS = 0.00617869, max = 0.0105436 (Sternum)
[2026-08-14 12:09:46.110] [info] Frame 147 (t = 1.47):	 total squared error = 0.000968627, marker error: RMS = 0.00622455, max = 0.0103529 (Sternum)
[2026-08-14 12:09:46.137] [info] Frame 148 (t = 1.48):	 total squared error = 0.000978874, marker error: RMS = 0.00625739, max = 0.0100669 (Sternum)
[2026-08-14 12:09:46.172] [info] Frame 149 (t = 1.49):	 total squared error = 0.000980218, marker error: RMS = 0.00626169, max = 0.00984818 (Sternum)
[2026-08-14 12:09:46.201] [info] Frame 150 (t = 1.5):	 total squared error = 0.000975435, marker error: RMS = 0.00624639, max = 0.00953981 (Sternum)
[2026-08-14 12:09:46.240] [info] Frame 151 (t = 1.51):	 total squared error = 0.000960029, marker error: RMS = 0.00619687, max = 0.00929534 (Sternum)
[2026-08-14 12:09:46.266] [info] Frame 152 (t = 1.52):	 total squared error = 0.000935121, marker error: RMS = 0.00611595, max = 0.00902329 (C7)
[2026-08-14 12:09:46.313] [info] Frame 153 (t = 1.53):	 total squared error = 0.000898996, marker error: RMS = 0.00599665, max = 0.00885404 (L_Shoulder)
[2026-08-14 12:09:46.351] [info] Frame 154 (t = 1.54):	 total squared error = 0.000859470, marker error: RMS = 0.00586334, max = 0.00888101 (L_Shoulder)
[2026-08-14 12:09:46.383] [info] Frame 155 (t = 1.55):	 total squared error = 0.000819598, marker error: RMS = 0.00572573, max = 0.00885401 (L_Shoulder)
[2026-08-14 12:09:46.408] [info] Frame 156 (t = 1.56):	 total squared error = 0.000784300, marker error: RMS = 0.00560107, max = 0.00881168 (L_Shoulder)
[2026-08-14 12:09:46.432] [info] Frame 157 (t = 1.57):	 total squared error = 0.000755728, marker error: RMS = 0.00549810, max = 0.00864712 (L_Shoulder)
[2026-08-14 12:09:46.450] [info] Frame 158 (t = 1.58):	 total squared error = 0.000745435, marker error: RMS = 0.00546053, max = 0.00916275 (L_Thigh_Lateral)
[2026-08-14 12:09:46.482] [info] Frame 159 (t = 1.59):	 total squared error = 0.000725974, marker error: RMS = 0.00538878, max = 0.00908685 (L_Thigh_Lateral)
[2026-08-14 12:09:46.499] [info] Frame 160 (t = 1.6):	 total squared error = 0.000732812, marker error: RMS = 0.00541410, max = 0.00938331 (L_Thigh_Lateral)
[2026-08-14 12:09:46.520] [info] Frame 161 (t = 1.61):	 total squared error = 0.000737513, marker error: RMS = 0.00543144, max = 0.00944670 (L_Thigh_Lateral)
[2026-08-14 12:09:46.542] [info] Frame 162 (t = 1.62):	 total squared error = 0.000749067, marker error: RMS = 0.00547382, max = 0.0103784 (L_Shank_Lateral)
[2026-08-14 12:09:46.593] [info] Frame 163 (t = 1.63):	 total squared error = 0.000754201, marker error: RMS = 0.00549255, max = 0.0111572 (L_Shank_Lateral)
[2026-08-14 12:09:46.612] [info] Frame 164 (t = 1.64):	 total squared error = 0.000768588, marker error: RMS = 0.00554468, max = 0.0124783 (L_Shank_Lateral)
[2026-08-14 12:09:46.635] [info] Frame 165 (t = 1.65):	 total squared error = 0.000783446, marker error: RMS = 0.00559802, max = 0.0136203 (L_Shank_Lateral)
[2026-08-14 12:09:46.683] [info] Frame 166 (t = 1.66):	 total squared error = 0.000794609, marker error: RMS = 0.00563776, max = 0.0141347 (L_Shank_Lateral)
[2026-08-14 12:09:46.709] [info] Frame 167 (t = 1.67):	 total squared error = 0.000824278, marker error: RMS = 0.00574205, max = 0.015218 (L_Shank_Lateral)
[2026-08-14 12:09:46.741] [info] Frame 168 (t = 1.68):	 total squared error = 0.000858329, marker error: RMS = 0.00585945, max = 0.0162207 (L_Shank_Lateral)
[2026-08-14 12:09:46.782] [info] Frame 169 (t = 1.69):	 total squared error = 0.000893853, marker error: RMS = 0.00597947, max = 0.0167365 (L_Shank_Lateral)
[2026-08-14 12:09:46.824] [info] Frame 170 (t = 1.7):	 total squared error = 0.000933286, marker error: RMS = 0.00610995, max = 0.0174958 (L_Shank_Lateral)
[2026-08-14 12:09:46.851] [info] Frame 171 (t = 1.71):	 total squared error = 0.000977033, marker error: RMS = 0.00625151, max = 0.018127 (L_Shank_Lateral)
[2026-08-14 12:09:46.892] [info] Frame 172 (t = 1.72):	 total squared error = 0.000993933, marker error: RMS = 0.00630534, max = 0.018393 (L_Shank_Lateral)
[2026-08-14 12:09:46.931] [info] Frame 173 (t = 1.73):	 total squared error = 0.00100858, marker error: RMS = 0.00635163, max = 0.0185435 (L_Shank_Lateral)
[2026-08-14 12:09:46.952] [info] Frame 174 (t = 1.74):	 total squared error = 0.00102002, marker error: RMS = 0.00638754, max = 0.0184915 (L_Shank_Lateral)
[2026-08-14 12:09:46.977] [info] Frame 175 (t = 1.75):	 total squared error = 0.00102440, marker error: RMS = 0.00640125, max = 0.0182308 (L_Shank_Lateral)
[2026-08-14 12:09:47.028] [info] Frame 176 (t = 1.76):	 total squared error = 0.000987980, marker error: RMS = 0.00628643, max = 0.0177126 (L_Shank_Lateral)
[2026-08-14 12:09:47.074] [info] Frame 177 (t = 1.77):	 total squared error = 0.000964271, marker error: RMS = 0.00621054, max = 0.0171052 (L_Shank_Lateral)
[2026-08-14 12:09:47.100] [info] Frame 178 (t = 1.78):	 total squared error = 0.000939489, marker error: RMS = 0.00613022, max = 0.0164511 (L_Shank_Lateral)
[2026-08-14 12:09:47.130] [info] Frame 179 (t = 1.79):	 total squared error = 0.000903477, marker error: RMS = 0.00601158, max = 0.0152687 (L_Shank_Lateral)
[2026-08-14 12:09:47.155] [info] Frame 180 (t = 1.8):	 total squared error = 0.000872576, marker error: RMS = 0.00590788, max = 0.0143050 (L_Shank_Lateral)
[2026-08-14 12:09:47.179] [info] Frame 181 (t = 1.81):	 total squared error = 0.000843854, marker error: RMS = 0.00580983, max = 0.0129258 (L_Shank_Lateral)
[2026-08-14 12:09:47.204] [info] Frame 182 (t = 1.82):	 total squared error = 0.000811210, marker error: RMS = 0.00569635, max = 0.01156 (L_Shank_Lateral)
[2026-08-14 12:09:47.243] [info] Frame 183 (t = 1.83):	 total squared error = 0.000766070, marker error: RMS = 0.00553559, max = 0.00942638 (L_Shank_Lateral)
[2026-08-14 12:09:47.278] [info] Frame 184 (t = 1.84):	 total squared error = 0.000743290, marker error: RMS = 0.00545267, max = 0.00875135 (L_Shoulder)
[2026-08-14 12:09:47.304] [info] Frame 185 (t = 1.85):	 total squared error = 0.000733401, marker error: RMS = 0.00541628, max = 0.00915292 (Sternum)
[2026-08-14 12:09:47.347] [info] Frame 186 (t = 1.86):	 total squared error = 0.000728244, marker error: RMS = 0.00539720, max = 0.00928962 (Sternum)
[2026-08-14 12:09:47.377] [info] Frame 187 (t = 1.87):	 total squared error = 0.000753037, marker error: RMS = 0.00548830, max = 0.00980987 (Sternum)
[2026-08-14 12:09:47.419] [info] Frame 188 (t = 1.88):	 total squared error = 0.000791080, marker error: RMS = 0.00562523, max = 0.0103160 (L_Thigh_Lateral)
[2026-08-14 12:09:47.450] [info] Frame 189 (t = 1.89):	 total squared error = 0.000849687, marker error: RMS = 0.00582988, max = 0.0117348 (L_Thigh_Lateral)
[2026-08-14 12:09:47.504] [info] Frame 190 (t = 1.9):	 total squared error = 0.000907277, marker error: RMS = 0.00602421, max = 0.0127984 (L_Thigh_Lateral)
[2026-08-14 12:09:47.534] [info] Frame 191 (t = 1.91):	 total squared error = 0.000965298, marker error: RMS = 0.00621385, max = 0.0138164 (L_Thigh_Lateral)
[2026-08-14 12:09:47.557] [info] Frame 192 (t = 1.92):	 total squared error = 0.00100725, marker error: RMS = 0.00634743, max = 0.0143727 (L_Thigh_Lateral)
[2026-08-14 12:09:47.609] [info] Frame 193 (t = 1.93):	 total squared error = 0.00102190, marker error: RMS = 0.00639344, max = 0.0141526 (L_Thigh_Lateral)
[2026-08-14 12:09:47.627] [info] Frame 194 (t = 1.94):	 total squared error = 0.00101993, marker error: RMS = 0.00638728, max = 0.013854 (L_Thigh_Lateral)
[2026-08-14 12:09:47.652] [info] Frame 195 (t = 1.95):	 total squared error = 0.000990560, marker error: RMS = 0.00629463, max = 0.0128497 (L_Thigh_Lateral)
[2026-08-14 12:09:47.670] [info] Frame 196 (t = 1.96):	 total squared error = 0.000952661, marker error: RMS = 0.00617304, max = 0.0126216 (Sternum)
[2026-08-14 12:09:47.695] [info] Frame 197 (t = 1.97):	 total squared error = 0.000900472, marker error: RMS = 0.00600157, max = 0.0126355 (Sternum)
[2026-08-14 12:09:47.732] [info] Frame 198 (t = 1.98):	 total squared error = 0.000843497, marker error: RMS = 0.00580860, max = 0.0125582 (Sternum)
[2026-08-14 12:09:47.753] [info] Frame 199 (t = 1.99):	 total squared error = 0.000796990, marker error: RMS = 0.00564620, max = 0.0123518 (Sternum)
[2026-08-14 12:09:47.812] [info] Frame 200 (t = 2.0):	 total squared error = 0.000746610, marker error: RMS = 0.00546483, max = 0.0120434 (Sternum)
[2026-08-14 12:09:47.845] [info] Frame 201 (t = 2.01):	 total squared error = 0.000705292, marker error: RMS = 0.00531147, max = 0.0117161 (Sternum)
[2026-08-14 12:09:47.896] [info] Frame 202 (t = 2.02):	 total squared error = 0.000662830, marker error: RMS = 0.00514910, max = 0.0113692 (Sternum)
[2026-08-14 12:09:47.942] [info] Frame 203 (t = 2.03):	 total squared error = 0.000626565, marker error: RMS = 0.00500625, max = 0.0109405 (Sternum)
[2026-08-14 12:09:47.974] [info] Frame 204 (t = 2.04):	 total squared error = 0.000598598, marker error: RMS = 0.00489325, max = 0.0104417 (Sternum)
[2026-08-14 12:09:48.004] [info] Frame 205 (t = 2.05):	 total squared error = 0.000577775, marker error: RMS = 0.00480739, max = 0.0101352 (Sternum)
[2026-08-14 12:09:48.045] [info] Frame 206 (t = 2.06):	 total squared error = 0.000569117, marker error: RMS = 0.00477124, max = 0.00977569 (Sternum)
[2026-08-14 12:09:48.103] [info] Frame 207 (t = 2.07):	 total squared error = 0.000567645, marker error: RMS = 0.00476506, max = 0.00955743 (Sternum)
[2026-08-14 12:09:48.139] [info] Frame 208 (t = 2.08):	 total squared error = 0.000578026, marker error: RMS = 0.00480843, max = 0.00911784 (Sternum)
[2026-08-14 12:09:48.192] [info] Frame 209 (t = 2.09):	 total squared error = 0.000587298, marker error: RMS = 0.00484685, max = 0.00887352 (Sternum)
[2026-08-14 12:09:48.231] [info] Frame 210 (t = 2.1):	 total squared error = 0.000590436, marker error: RMS = 0.00485978, max = 0.00870333 (R_Shank_Lateral)
[2026-08-14 12:09:48.265] [info] Frame 211 (t = 2.11):	 total squared error = 0.000584296, marker error: RMS = 0.00483444, max = 0.00857499 (R_Shank_Lateral)
[2026-08-14 12:09:48.312] [info] Frame 212 (t = 2.12):	 total squared error = 0.000570738, marker error: RMS = 0.00477802, max = 0.00826922 (R_Shank_Lateral)
[2026-08-14 12:09:48.337] [info] Frame 213 (t = 2.13):	 total squared error = 0.000556520, marker error: RMS = 0.00471813, max = 0.00769553 (R_Shank_Lateral)
[2026-08-14 12:09:48.366] [info] Frame 214 (t = 2.14):	 total squared error = 0.000542314, marker error: RMS = 0.00465753, max = 0.00720342 (R_Shank_Lateral)
[2026-08-14 12:09:48.389] [info] Frame 215 (t = 2.15):	 total squared error = 0.000530632, marker error: RMS = 0.00460709, max = 0.00693135 (L_Shoulder)
[2026-08-14 12:09:48.416] [info] Frame 216 (t = 2.16):	 total squared error = 0.000515860, marker error: RMS = 0.00454251, max = 0.00678008 (L_Shoulder)
[2026-08-14 12:09:48.448] [info] Frame 217 (t = 2.17):	 total squared error = 0.000499214, marker error: RMS = 0.00446862, max = 0.00684155 (L_Thigh_Lateral)
[2026-08-14 12:09:48.487] [info] Frame 218 (t = 2.18):	 total squared error = 0.000480595, marker error: RMS = 0.00438449, max = 0.00684558 (L_Thigh_Lateral)
[2026-08-14 12:09:48.513] [info] Frame 219 (t = 2.19):	 total squared error = 0.000466383, marker error: RMS = 0.00431918, max = 0.00691170 (L_Thigh_Lateral)
[2026-08-14 12:09:48.537] [info] Frame 220 (t = 2.2):	 total squared error = 0.000457583, marker error: RMS = 0.00427824, max = 0.00689697 (L_Thigh_Lateral)
[2026-08-14 12:09:48.573] [info] Frame 221 (t = 2.21):	 total squared error = 0.000452160, marker error: RMS = 0.00425281, max = 0.00688705 (R_Thigh_Lateral)
[2026-08-14 12:09:48.598] [info] Frame 222 (t = 2.22):	 total squared error = 0.000452722, marker error: RMS = 0.00425545, max = 0.00714438 (R_Thigh_Lateral)
[2026-08-14 12:09:48.616] [info] Frame 223 (t = 2.23):	 total squared error = 0.000462105, marker error: RMS = 0.00429933, max = 0.00748203 (R_Thigh_Lateral)
[2026-08-14 12:09:48.628] [info] Frame 224 (t = 2.24):	 total squared error = 0.000483415, marker error: RMS = 0.00439734, max = 0.00775028 (R_Thigh_Lateral)
[2026-08-14 12:09:48.670] [info] Frame 225 (t = 2.25):	 total squared error = 0.000463790, marker error: RMS = 0.00430716, max = 0.00805514 (R_Thigh_Lateral)
[2026-08-14 12:09:48.682] [info] Frame 226 (t = 2.26):	 total squared error = 0.000481723, marker error: RMS = 0.00438964, max = 0.00819927 (R_Thigh_Lateral)
[2026-08-14 12:09:48.709] [info] Frame 227 (t = 2.27):	 total squared error = 0.000480095, marker error: RMS = 0.00438221, max = 0.00830110 (R_Thigh_Lateral)
[2026-08-14 12:09:48.731] [info] Frame 228 (t = 2.28):	 total squared error = 0.000491517, marker error: RMS = 0.00443404, max = 0.00838026 (R_Thigh_Lateral)
[2026-08-14 12:09:48.774] [info] Frame 229 (t = 2.29):	 total squared error = 0.000495619, marker error: RMS = 0.00445250, max = 0.00831568 (R_Thigh_Lateral)
[2026-08-14 12:09:48.792] [info] Frame 230 (t = 2.3):	 total squared error = 0.000517204, marker error: RMS = 0.00454843, max = 0.00837202 (R_Thigh_Lateral)
[2026-08-14 12:09:48.809] [info] Frame 231 (t = 2.31):	 total squared error = 0.000547464, marker error: RMS = 0.00467959, max = 0.00856404 (C7)
[2026-08-14 12:09:48.847] [info] Frame 232 (t = 2.32):	 total squared error = 0.000547480, marker error: RMS = 0.00467966, max = 0.00881396 (C7)
[2026-08-14 12:09:48.864] [info] Frame 233 (t = 2.33):	 total squared error = 0.000584416, marker error: RMS = 0.00483494, max = 0.00915109 (C7)
[2026-08-14 12:09:48.917] [info] Frame 234 (t = 2.34):	 total squared error = 0.000606981, marker error: RMS = 0.00492740, max = 0.00931777 (C7)
[2026-08-14 12:09:48.950] [info] Frame 235 (t = 2.35):	 total squared error = 0.000645785, marker error: RMS = 0.00508246, max = 0.00954069 (C7)
[2026-08-14 12:09:48.986] [info] Frame 236 (t = 2.36):	 total squared error = 0.000689283, marker error: RMS = 0.00525084, max = 0.00987362 (R_Shank_Lateral)
[2026-08-14 12:09:49.007] [info] Frame 237 (t = 2.37):	 total squared error = 0.000743209, marker error: RMS = 0.00545237, max = 0.0104308 (R_Shank_Lateral)
[2026-08-14 12:09:49.027] [info] Frame 238 (t = 2.38):	 total squared error = 0.000798258, marker error: RMS = 0.00565069, max = 0.0108155 (R_Shank_Lateral)
[2026-08-14 12:09:49.067] [info] Frame 239 (t = 2.39):	 total squared error = 0.000821328, marker error: RMS = 0.00573177, max = 0.0108841 (R_Thigh_Lateral)
[2026-08-14 12:09:49.104] [info] Frame 240 (t = 2.4):	 total squared error = 0.000852585, marker error: RMS = 0.00583981, max = 0.0110429 (R_Thigh_Lateral)
[2026-08-14 12:09:49.122] [info] Frame 241 (t = 2.41):	 total squared error = 0.000882642, marker error: RMS = 0.00594186, max = 0.0109995 (R_Thigh_Lateral)
[2026-08-14 12:09:49.157] [info] Frame 242 (t = 2.42):	 total squared error = 0.000874317, marker error: RMS = 0.00591377, max = 0.0108922 (C7)
[2026-08-14 12:09:49.190] [info] Frame 243 (t = 2.43):	 total squared error = 0.000865428, marker error: RMS = 0.00588363, max = 0.0110158 (C7)
[2026-08-14 12:09:49.227] [info] Frame 244 (t = 2.44):	 total squared error = 0.000849869, marker error: RMS = 0.00583050, max = 0.0110662 (C7)
[2026-08-14 12:09:49.249] [info] Frame 245 (t = 2.45):	 total squared error = 0.000838741, marker error: RMS = 0.00579220, max = 0.0111091 (C7)
[2026-08-14 12:09:49.267] [info] Frame 246 (t = 2.46):	 total squared error = 0.000833857, marker error: RMS = 0.00577532, max = 0.0110659 (C7)
[2026-08-14 12:09:49.294] [info] Frame 247 (t = 2.47):	 total squared error = 0.000836848, marker error: RMS = 0.00578566, max = 0.0110295 (C7)
[2026-08-14 12:09:49.310] [info] Frame 248 (t = 2.48):	 total squared error = 0.000858525, marker error: RMS = 0.00586012, max = 0.0110585 (C7)
[2026-08-14 12:09:49.331] [info] Frame 249 (t = 2.49):	 total squared error = 0.000885634, marker error: RMS = 0.00595192, max = 0.0109509 (C7)
[2026-08-14 12:09:49.345] [info] Frame 250 (t = 2.5):	 total squared error = 0.000919584, marker error: RMS = 0.00606493, max = 0.0111996 (C7)
[2026-08-14 12:09:49.366] [info] Frame 251 (t = 2.51):	 total squared error = 0.000928545, marker error: RMS = 0.00609441, max = 0.0109179 (C7)
[2026-08-14 12:09:49.391] [info] Frame 252 (t = 2.52):	 total squared error = 0.000927041, marker error: RMS = 0.00608947, max = 0.0108771 (Sternum)
[2026-08-14 12:09:49.423] [info] Frame 253 (t = 2.53):	 total squared error = 0.000913542, marker error: RMS = 0.00604497, max = 0.0109077 (Sternum)
[2026-08-14 12:09:49.435] [info] Frame 254 (t = 2.54):	 total squared error = 0.000900737, marker error: RMS = 0.00600246, max = 0.0110876 (C7)
[2026-08-14 12:09:49.456] [info] Frame 255 (t = 2.55):	 total squared error = 0.000880046, marker error: RMS = 0.00593312, max = 0.0109319 (Sternum)
[2026-08-14 12:09:49.484] [info] Frame 256 (t = 2.56):	 total squared error = 0.000871972, marker error: RMS = 0.00590583, max = 0.0108518 (Sternum)
[2026-08-14 12:09:49.529] [info] Frame 257 (t = 2.57):	 total squared error = 0.000856565, marker error: RMS = 0.00585342, max = 0.0107547 (Sternum)
[2026-08-14 12:09:49.553] [info] Frame 258 (t = 2.58):	 total squared error = 0.000862953, marker error: RMS = 0.00587521, max = 0.0106158 (C7)
[2026-08-14 12:09:49.579] [info] Frame 259 (t = 2.59):	 total squared error = 0.000872711, marker error: RMS = 0.00590834, max = 0.0104908 (C7)
[2026-08-14 12:09:49.610] [info] Frame 260 (t = 2.6):	 total squared error = 0.000873189, marker error: RMS = 0.00590995, max = 0.0103413 (C7)
[2026-08-14 12:09:49.630] [info] Frame 261 (t = 2.61):	 total squared error = 0.000882656, marker error: RMS = 0.00594191, max = 0.0102210 (C7)
[2026-08-14 12:09:49.679] [info] Frame 262 (t = 2.62):	 total squared error = 0.000876878, marker error: RMS = 0.00592242, max = 0.00999364 (C7)
[2026-08-14 12:09:49.704] [info] Frame 263 (t = 2.63):	 total squared error = 0.000881694, marker error: RMS = 0.00593867, max = 0.00973190 (C7)
[2026-08-14 12:09:49.728] [info] Frame 264 (t = 2.64):	 total squared error = 0.000887417, marker error: RMS = 0.00595791, max = 0.00945072 (C7)
[2026-08-14 12:09:49.753] [info] Frame 265 (t = 2.65):	 total squared error = 0.000895709, marker error: RMS = 0.00598568, max = 0.00950093 (L_Elbow)
[2026-08-14 12:09:49.777] [info] Frame 266 (t = 2.66):	 total squared error = 0.000904721, marker error: RMS = 0.00601572, max = 0.00964687 (L_Elbow)
[2026-08-14 12:09:49.805] [info] Frame 267 (t = 2.67):	 total squared error = 0.000909660, marker error: RMS = 0.00603211, max = 0.00974114 (L_Elbow)
[2026-08-14 12:09:49.834] [info] Frame 268 (t = 2.68):	 total squared error = 0.000906533, marker error: RMS = 0.00602174, max = 0.00984034 (L_Elbow)
[2026-08-14 12:09:49.871] [info] Frame 269 (t = 2.69):	 total squared error = 0.000886366, marker error: RMS = 0.00595438, max = 0.00964922 (L_Elbow)
[2026-08-14 12:09:49.895] [info] Frame 270 (t = 2.7):	 total squared error = 0.000854187, marker error: RMS = 0.00584530, max = 0.00953455 (L_Elbow)
[2026-08-14 12:09:49.920] [info] Frame 271 (t = 2.71):	 total squared error = 0.000806209, marker error: RMS = 0.00567876, max = 0.00912725 (L_Elbow)
[2026-08-14 12:09:49.941] [info] Frame 272 (t = 2.72):	 total squared error = 0.000761340, marker error: RMS = 0.00551848, max = 0.00888339 (L_Elbow)
[2026-08-14 12:09:49.969] [info] Frame 273 (t = 2.73):	 total squared error = 0.000691518, marker error: RMS = 0.00525934, max = 0.00819237 (L_Thigh_Lateral)
[2026-08-14 12:09:49.991] [info] Frame 274 (t = 2.74):	 total squared error = 0.000637619, marker error: RMS = 0.00505022, max = 0.00825965 (L_Thigh_Lateral)
[2026-08-14 12:09:50.017] [info] Frame 275 (t = 2.75):	 total squared error = 0.000589087, marker error: RMS = 0.00485422, max = 0.00796248 (L_Thigh_Lateral)
[2026-08-14 12:09:50.046] [info] Frame 276 (t = 2.76):	 total squared error = 0.000551021, marker error: RMS = 0.00469477, max = 0.00776458 (L_Thigh_Lateral)
[2026-08-14 12:09:50.064] [info] Frame 277 (t = 2.77):	 total squared error = 0.000526411, marker error: RMS = 0.00458873, max = 0.00761031 (L_Thigh_Lateral)
[2026-08-14 12:09:50.090] [info] Frame 278 (t = 2.78):	 total squared error = 0.000502505, marker error: RMS = 0.00448333, max = 0.00730503 (L_Thigh_Lateral)
[2026-08-14 12:09:50.128] [info] Frame 279 (t = 2.79):	 total squared error = 0.000490725, marker error: RMS = 0.00443046, max = 0.00726311 (L_Thigh_Lateral)
[2026-08-14 12:09:50.148] [info] Frame 280 (t = 2.8):	 total squared error = 0.000489898, marker error: RMS = 0.00442673, max = 0.00731983 (L_Thigh_Lateral)
[2026-08-14 12:09:50.169] [info] Frame 281 (t = 2.81):	 total squared error = 0.000494486, marker error: RMS = 0.00444741, max = 0.00825777 (L_Shank_Lateral)
[2026-08-14 12:09:50.184] [info] Frame 282 (t = 2.82):	 total squared error = 0.000522915, marker error: RMS = 0.00457347, max = 0.00946383 (L_Shank_Lateral)
[2026-08-14 12:09:50.205] [info] Frame 283 (t = 2.83):	 total squared error = 0.000543654, marker error: RMS = 0.00466328, max = 0.0106082 (L_Shank_Lateral)
[2026-08-14 12:09:50.250] [info] Frame 284 (t = 2.84):	 total squared error = 0.000567022, marker error: RMS = 0.00476245, max = 0.0114191 (L_Shank_Lateral)
[2026-08-14 12:09:50.280] [info] Frame 285 (t = 2.85):	 total squared error = 0.000619160, marker error: RMS = 0.00497659, max = 0.0126013 (L_Shank_Lateral)
[2026-08-14 12:09:50.297] [info] Frame 286 (t = 2.86):	 total squared error = 0.000693763, marker error: RMS = 0.00526787, max = 0.0138363 (L_Shank_Lateral)
[2026-08-14 12:09:50.336] [info] Frame 287 (t = 2.87):	 total squared error = 0.000746773, marker error: RMS = 0.00546543, max = 0.0145324 (L_Shank_Lateral)
[2026-08-14 12:09:50.353] [info] Frame 288 (t = 2.88):	 total squared error = 0.000833710, marker error: RMS = 0.00577481, max = 0.0155326 (L_Shank_Lateral)
[2026-08-14 12:09:50.392] [info] Frame 289 (t = 2.89):	 total squared error = 0.000887733, marker error: RMS = 0.00595897, max = 0.0161234 (L_Shank_Lateral)
[2026-08-14 12:09:50.441] [info] Frame 290 (t = 2.9):	 total squared error = 0.000953492, marker error: RMS = 0.00617573, max = 0.0168365 (L_Shank_Lateral)
[2026-08-14 12:09:50.471] [info] Frame 291 (t = 2.91):	 total squared error = 0.00102212, marker error: RMS = 0.00639413, max = 0.0173711 (L_Shank_Lateral)
[2026-08-14 12:09:50.477] [info] InverseKinematicsTool completed 292 frames in 9 second(s).
[2026-08-14 12:09:50.530] [info] Loaded model SUBJ59-scaled from file C:\Users\migue\Downloads\TFG\2_JMP\SUBJ59\Walk_1\SUBJ59_1_JMP_results\SUBJ59_1_NMSM_JMP_01_pelvis_thigh.osim
[2026-08-14 12:09:51.258] [warning] Coordinate.setValue:  coordinate pro_sup_r is locked. Unable to change its value.
[2026-08-14 12:09:51.300] [warning] Coordinate.setValue:  coordinate pro_sup_l is locked. Unable to change its value.
[2026-08-14 12:10:45.829] [info] Loaded model SUBJ59-scaled from file C:\Users\migue\Downloads\TFG\2_JMP\SUBJ59\Walk_1\SUBJ59_1_JMP_results\SUBJ59_1_NMSM_JMP_02_knee_ankle.osim
[2026-08-14 12:10:45.853] [cout] [info] 
               MODEL: SUBJ59-scaled
         coordinates: 41
              forces: 103
           actuators: 103
             muscles: 86
            analyses: 0
              probes: 0
              bodies: 24
              joints: 24
         constraints: 2
             markers: 25
         controllers: 0
  contact geometries: 0
misc modelcomponents: 0
[2026-08-14 12:10:45.853] [info] Running tool .
[2026-08-14 12:10:45.968] [info] Frame 0 (t = 0.0):	 total squared error = 0.000760670, marker error: RMS = 0.00551605, max = 0.0117036 (R_Shank_Lateral)
[2026-08-14 12:10:45.982] [info] Frame 1 (t = 0.01):	 total squared error = 0.000781049, marker error: RMS = 0.00558945, max = 0.0121286 (R_Shank_Lateral)
[2026-08-14 12:10:46.001] [info] Frame 2 (t = 0.02):	 total squared error = 0.000805489, marker error: RMS = 0.00567623, max = 0.0125133 (R_Shank_Lateral)
[2026-08-14 12:10:46.041] [info] Frame 3 (t = 0.03):	 total squared error = 0.000814412, marker error: RMS = 0.00570758, max = 0.0124799 (R_Shank_Lateral)
[2026-08-14 12:10:46.060] [info] Frame 4 (t = 0.04):	 total squared error = 0.000836994, marker error: RMS = 0.00578617, max = 0.012657 (R_Shank_Lateral)
[2026-08-14 12:10:46.099] [info] Frame 5 (t = 0.05):	 total squared error = 0.000835690, marker error: RMS = 0.00578166, max = 0.012249 (R_Shank_Lateral)
[2026-08-14 12:10:46.125] [info] Frame 6 (t = 0.06):	 total squared error = 0.000837272, marker error: RMS = 0.00578713, max = 0.011983 (R_Thigh_Lateral)
[2026-08-14 12:10:46.163] [info] Frame 7 (t = 0.07):	 total squared error = 0.000819259, marker error: RMS = 0.00572454, max = 0.0115188 (R_Thigh_Lateral)
[2026-08-14 12:10:46.189] [info] Frame 8 (t = 0.08):	 total squared error = 0.000803129, marker error: RMS = 0.00566791, max = 0.0108967 (R_Thigh_Lateral)
[2026-08-14 12:10:46.213] [info] Frame 9 (t = 0.09):	 total squared error = 0.000786252, marker error: RMS = 0.00560804, max = 0.0102029 (R_Thigh_Lateral)
[2026-08-14 12:10:46.242] [info] Frame 10 (t = 0.1):	 total squared error = 0.000768115, marker error: RMS = 0.00554298, max = 0.00988393 (C7)
[2026-08-14 12:10:46.268] [info] Frame 11 (t = 0.11):	 total squared error = 0.000760054, marker error: RMS = 0.00551382, max = 0.00994474 (C7)
[2026-08-14 12:10:46.302] [info] Frame 12 (t = 0.12):	 total squared error = 0.000756611, marker error: RMS = 0.00550131, max = 0.00999070 (C7)
[2026-08-14 12:10:46.323] [info] Frame 13 (t = 0.13):	 total squared error = 0.000774572, marker error: RMS = 0.00556623, max = 0.0101019 (C7)
[2026-08-14 12:10:46.343] [info] Frame 14 (t = 0.14):	 total squared error = 0.000800208, marker error: RMS = 0.00565759, max = 0.0100598 (C7)
[2026-08-14 12:10:46.365] [info] Frame 15 (t = 0.15):	 total squared error = 0.000828205, marker error: RMS = 0.00575571, max = 0.0104583 (R_Thigh_Lateral)
[2026-08-14 12:10:46.384] [info] Frame 16 (t = 0.16):	 total squared error = 0.000854628, marker error: RMS = 0.00584680, max = 0.0109426 (R_Thigh_Lateral)
[2026-08-14 12:10:46.427] [info] Frame 17 (t = 0.17):	 total squared error = 0.000868917, marker error: RMS = 0.00589548, max = 0.0109502 (R_Thigh_Lateral)
[2026-08-14 12:10:46.439] [info] Frame 18 (t = 0.18):	 total squared error = 0.000879537, marker error: RMS = 0.00593140, max = 0.0106354 (R_Thigh_Lateral)
[2026-08-14 12:10:46.475] [info] Frame 19 (t = 0.19):	 total squared error = 0.000864860, marker error: RMS = 0.00588170, max = 0.00989489 (C7)
[2026-08-14 12:10:46.494] [info] Frame 20 (t = 0.2):	 total squared error = 0.000850059, marker error: RMS = 0.00583116, max = 0.00989772 (C7)
[2026-08-14 12:10:46.517] [info] Frame 21 (t = 0.21):	 total squared error = 0.000828870, marker error: RMS = 0.00575802, max = 0.00984692 (L_Elbow)
[2026-08-14 12:10:46.540] [info] Frame 22 (t = 0.22):	 total squared error = 0.000810118, marker error: RMS = 0.00569251, max = 0.00968859 (C7)
[2026-08-14 12:10:46.556] [info] Frame 23 (t = 0.23):	 total squared error = 0.000798941, marker error: RMS = 0.00565311, max = 0.00962029 (C7)
[2026-08-14 12:10:46.578] [info] Frame 24 (t = 0.24):	 total squared error = 0.000789374, marker error: RMS = 0.00561916, max = 0.00956674 (C7)
[2026-08-14 12:10:46.649] [info] Frame 25 (t = 0.25):	 total squared error = 0.000770539, marker error: RMS = 0.00555172, max = 0.00945541 (C7)
[2026-08-14 12:10:46.669] [info] Frame 26 (t = 0.26):	 total squared error = 0.000769464, marker error: RMS = 0.00554784, max = 0.00932286 (C7)
[2026-08-14 12:10:46.695] [info] Frame 27 (t = 0.27):	 total squared error = 0.000769587, marker error: RMS = 0.00554829, max = 0.00915366 (C7)
[2026-08-14 12:10:46.746] [info] Frame 28 (t = 0.28):	 total squared error = 0.000759203, marker error: RMS = 0.00551073, max = 0.00902680 (C7)
[2026-08-14 12:10:46.792] [info] Frame 29 (t = 0.29):	 total squared error = 0.000745359, marker error: RMS = 0.00546025, max = 0.00887970 (C7)
[2026-08-14 12:10:46.840] [info] Frame 30 (t = 0.3):	 total squared error = 0.000719041, marker error: RMS = 0.00536299, max = 0.00870244 (C7)
[2026-08-14 12:10:46.868] [info] Frame 31 (t = 0.31):	 total squared error = 0.000683048, marker error: RMS = 0.00522704, max = 0.00857834 (C7)
[2026-08-14 12:10:46.914] [info] Frame 32 (t = 0.32):	 total squared error = 0.000644136, marker error: RMS = 0.00507597, max = 0.00838231 (C7)
[2026-08-14 12:10:46.948] [info] Frame 33 (t = 0.33):	 total squared error = 0.000607835, marker error: RMS = 0.00493086, max = 0.00816773 (C7)
[2026-08-14 12:10:46.978] [info] Frame 34 (t = 0.34):	 total squared error = 0.000574488, marker error: RMS = 0.00479370, max = 0.00795987 (C7)
[2026-08-14 12:10:47.003] [info] Frame 35 (t = 0.35):	 total squared error = 0.000546799, marker error: RMS = 0.00467675, max = 0.00773095 (C7)
[2026-08-14 12:10:47.054] [info] Frame 36 (t = 0.36):	 total squared error = 0.000518408, marker error: RMS = 0.00455372, max = 0.00747588 (C7)
[2026-08-14 12:10:47.082] [info] Frame 37 (t = 0.37):	 total squared error = 0.000497062, marker error: RMS = 0.00445898, max = 0.00720146 (C7)
[2026-08-14 12:10:47.123] [info] Frame 38 (t = 0.38):	 total squared error = 0.000476689, marker error: RMS = 0.00436664, max = 0.00699653 (C7)
[2026-08-14 12:10:47.158] [info] Frame 39 (t = 0.39):	 total squared error = 0.000462064, marker error: RMS = 0.00429913, max = 0.00704801 (L_Thigh_Lateral)
[2026-08-14 12:10:47.180] [info] Frame 40 (t = 0.4):	 total squared error = 0.000454339, marker error: RMS = 0.00426304, max = 0.00801763 (L_Thigh_Lateral)
[2026-08-14 12:10:47.218] [info] Frame 41 (t = 0.41):	 total squared error = 0.000446539, marker error: RMS = 0.00422629, max = 0.00855410 (L_Thigh_Lateral)
[2026-08-14 12:10:47.245] [info] Frame 42 (t = 0.42):	 total squared error = 0.000450826, marker error: RMS = 0.00424653, max = 0.00931784 (L_Thigh_Lateral)
[2026-08-14 12:10:47.272] [info] Frame 43 (t = 0.43):	 total squared error = 0.000467112, marker error: RMS = 0.00432256, max = 0.00990453 (L_Thigh_Lateral)
[2026-08-14 12:10:47.292] [info] Frame 44 (t = 0.44):	 total squared error = 0.000495686, marker error: RMS = 0.00445280, max = 0.0103655 (L_Thigh_Lateral)
[2026-08-14 12:10:47.308] [info] Frame 45 (t = 0.45):	 total squared error = 0.000541740, marker error: RMS = 0.00465506, max = 0.0106736 (L_Thigh_Lateral)
[2026-08-14 12:10:47.343] [info] Frame 46 (t = 0.46):	 total squared error = 0.000572730, marker error: RMS = 0.00478635, max = 0.0114439 (L_Thigh_Lateral)
[2026-08-14 12:10:47.357] [info] Frame 47 (t = 0.47):	 total squared error = 0.000616204, marker error: RMS = 0.00496469, max = 0.0128118 (L_Shank_Lateral)
[2026-08-14 12:10:47.379] [info] Frame 48 (t = 0.48):	 total squared error = 0.000640027, marker error: RMS = 0.00505975, max = 0.0137694 (L_Shank_Lateral)
[2026-08-14 12:10:47.392] [info] Frame 49 (t = 0.49):	 total squared error = 0.000672888, marker error: RMS = 0.00518802, max = 0.0147407 (L_Shank_Lateral)
[2026-08-14 12:10:47.413] [info] Frame 50 (t = 0.5):	 total squared error = 0.000666192, marker error: RMS = 0.00516214, max = 0.0146080 (L_Shank_Lateral)
[2026-08-14 12:10:47.426] [info] Frame 51 (t = 0.51):	 total squared error = 0.000672759, marker error: RMS = 0.00518752, max = 0.0145476 (L_Shank_Lateral)
[2026-08-14 12:10:47.462] [info] Frame 52 (t = 0.52):	 total squared error = 0.000642732, marker error: RMS = 0.00507043, max = 0.0131036 (L_Shank_Lateral)
[2026-08-14 12:10:47.480] [info] Frame 53 (t = 0.53):	 total squared error = 0.000635506, marker error: RMS = 0.00504185, max = 0.0125528 (L_Shank_Lateral)
[2026-08-14 12:10:47.521] [info] Frame 54 (t = 0.54):	 total squared error = 0.000623185, marker error: RMS = 0.00499273, max = 0.0121297 (L_Shank_Lateral)
[2026-08-14 12:10:47.542] [info] Frame 55 (t = 0.55):	 total squared error = 0.000625606, marker error: RMS = 0.00500242, max = 0.0118926 (L_Shank_Lateral)
[2026-08-14 12:10:47.560] [info] Frame 56 (t = 0.56):	 total squared error = 0.000641908, marker error: RMS = 0.00506718, max = 0.0115655 (L_Shank_Lateral)
[2026-08-14 12:10:47.574] [info] Frame 57 (t = 0.57):	 total squared error = 0.000671669, marker error: RMS = 0.00518331, max = 0.0118527 (L_Thigh_Lateral)
[2026-08-14 12:10:47.602] [info] Frame 58 (t = 0.58):	 total squared error = 0.000677902, marker error: RMS = 0.00520731, max = 0.0122338 (L_Shank_Lateral)
[2026-08-14 12:10:47.638] [info] Frame 59 (t = 0.59):	 total squared error = 0.000697148, marker error: RMS = 0.00528071, max = 0.0124627 (L_Shank_Lateral)
[2026-08-14 12:10:47.660] [info] Frame 60 (t = 0.6):	 total squared error = 0.000739215, marker error: RMS = 0.00543770, max = 0.0128685 (L_Shank_Lateral)
[2026-08-14 12:10:47.705] [info] Frame 61 (t = 0.61):	 total squared error = 0.000757520, marker error: RMS = 0.00550462, max = 0.0131642 (L_Shank_Lateral)
[2026-08-14 12:10:47.725] [info] Frame 62 (t = 0.62):	 total squared error = 0.000783940, marker error: RMS = 0.00559978, max = 0.0135231 (L_Shank_Lateral)
[2026-08-14 12:10:47.761] [info] Frame 63 (t = 0.63):	 total squared error = 0.000786721, marker error: RMS = 0.00560971, max = 0.0130716 (L_Shank_Lateral)
[2026-08-14 12:10:47.801] [info] Frame 64 (t = 0.64):	 total squared error = 0.000778904, marker error: RMS = 0.00558177, max = 0.0124146 (L_Shank_Lateral)
[2026-08-14 12:10:47.839] [info] Frame 65 (t = 0.65):	 total squared error = 0.000756230, marker error: RMS = 0.00549993, max = 0.0113671 (L_Shank_Lateral)
[2026-08-14 12:10:47.864] [info] Frame 66 (t = 0.66):	 total squared error = 0.000727860, marker error: RMS = 0.00539578, max = 0.0102623 (L_Shank_Lateral)
[2026-08-14 12:10:47.903] [info] Frame 67 (t = 0.67):	 total squared error = 0.000688716, marker error: RMS = 0.00524868, max = 0.0103698 (Sternum)
[2026-08-14 12:10:47.927] [info] Frame 68 (t = 0.68):	 total squared error = 0.000665093, marker error: RMS = 0.00515788, max = 0.0108414 (Sternum)
[2026-08-14 12:10:47.962] [info] Frame 69 (t = 0.69):	 total squared error = 0.000648656, marker error: RMS = 0.00509374, max = 0.0110026 (Sternum)
[2026-08-14 12:10:47.988] [info] Frame 70 (t = 0.7):	 total squared error = 0.000661781, marker error: RMS = 0.00514502, max = 0.0114967 (Sternum)
[2026-08-14 12:10:48.013] [info] Frame 71 (t = 0.71):	 total squared error = 0.000698563, marker error: RMS = 0.00528607, max = 0.0118565 (Sternum)
[2026-08-14 12:10:48.047] [info] Frame 72 (t = 0.72):	 total squared error = 0.000746003, marker error: RMS = 0.00546261, max = 0.0119099 (Sternum)
[2026-08-14 12:10:48.067] [info] Frame 73 (t = 0.73):	 total squared error = 0.000819642, marker error: RMS = 0.00572588, max = 0.0123291 (Sternum)
[2026-08-14 12:10:48.088] [info] Frame 74 (t = 0.74):	 total squared error = 0.000898213, marker error: RMS = 0.00599404, max = 0.0126374 (Sternum)
[2026-08-14 12:10:48.124] [info] Frame 75 (t = 0.75):	 total squared error = 0.000959372, marker error: RMS = 0.00619475, max = 0.0129397 (L_Thigh_Lateral)
[2026-08-14 12:10:48.145] [info] Frame 76 (t = 0.76):	 total squared error = 0.00100438, marker error: RMS = 0.00633839, max = 0.0136284 (L_Thigh_Lateral)
[2026-08-14 12:10:48.156] [info] Frame 77 (t = 0.77):	 total squared error = 0.00101911, marker error: RMS = 0.00638471, max = 0.0135833 (L_Thigh_Lateral)
[2026-08-14 12:10:48.169] [info] Frame 78 (t = 0.78):	 total squared error = 0.000999660, marker error: RMS = 0.00632348, max = 0.0137626 (Sternum)
[2026-08-14 12:10:48.196] [info] Frame 79 (t = 0.79):	 total squared error = 0.000940799, marker error: RMS = 0.00613449, max = 0.0138236 (Sternum)
[2026-08-14 12:10:48.227] [info] Frame 80 (t = 0.8):	 total squared error = 0.000879011, marker error: RMS = 0.00592962, max = 0.0139552 (Sternum)
[2026-08-14 12:10:48.259] [info] Frame 81 (t = 0.81):	 total squared error = 0.000823715, marker error: RMS = 0.00574009, max = 0.0140071 (Sternum)
[2026-08-14 12:10:48.280] [info] Frame 82 (t = 0.82):	 total squared error = 0.000789672, marker error: RMS = 0.00562022, max = 0.0140355 (Sternum)
[2026-08-14 12:10:48.304] [info] Frame 83 (t = 0.83):	 total squared error = 0.000772313, marker error: RMS = 0.00555810, max = 0.0139792 (Sternum)
[2026-08-14 12:10:48.360] [info] Frame 84 (t = 0.84):	 total squared error = 0.000755159, marker error: RMS = 0.00549603, max = 0.0138052 (Sternum)
[2026-08-14 12:10:48.386] [info] Frame 85 (t = 0.85):	 total squared error = 0.000762565, marker error: RMS = 0.00552291, max = 0.0136304 (Sternum)
[2026-08-14 12:10:48.413] [info] Frame 86 (t = 0.86):	 total squared error = 0.000778636, marker error: RMS = 0.00558081, max = 0.0134003 (Sternum)
[2026-08-14 12:10:48.456] [info] Frame 87 (t = 0.87):	 total squared error = 0.000792558, marker error: RMS = 0.00563048, max = 0.0131484 (Sternum)
[2026-08-14 12:10:48.482] [info] Frame 88 (t = 0.88):	 total squared error = 0.000808623, marker error: RMS = 0.00568726, max = 0.012794 (Sternum)
[2026-08-14 12:10:48.506] [info] Frame 89 (t = 0.89):	 total squared error = 0.000816177, marker error: RMS = 0.00571376, max = 0.0125202 (Sternum)
[2026-08-14 12:10:48.537] [info] Frame 90 (t = 0.9):	 total squared error = 0.000812594, marker error: RMS = 0.00570121, max = 0.0122371 (Sternum)
[2026-08-14 12:10:48.567] [info] Frame 91 (t = 0.91):	 total squared error = 0.000803148, marker error: RMS = 0.00566797, max = 0.0118789 (Sternum)
[2026-08-14 12:10:48.589] [info] Frame 92 (t = 0.92):	 total squared error = 0.000793424, marker error: RMS = 0.00563355, max = 0.0115313 (Sternum)
[2026-08-14 12:10:48.621] [info] Frame 93 (t = 0.93):	 total squared error = 0.000778061, marker error: RMS = 0.00557875, max = 0.0112629 (Sternum)
[2026-08-14 12:10:48.649] [info] Frame 94 (t = 0.94):	 total squared error = 0.000763455, marker error: RMS = 0.00552614, max = 0.0109693 (Sternum)
[2026-08-14 12:10:48.686] [info] Frame 95 (t = 0.95):	 total squared error = 0.000745080, marker error: RMS = 0.00545923, max = 0.0105908 (Sternum)
[2026-08-14 12:10:48.713] [info] Frame 96 (t = 0.96):	 total squared error = 0.000722255, marker error: RMS = 0.00537496, max = 0.0101438 (Sternum)
[2026-08-14 12:10:48.738] [info] Frame 97 (t = 0.97):	 total squared error = 0.000696139, marker error: RMS = 0.00527689, max = 0.00965758 (Sternum)
[2026-08-14 12:10:48.775] [info] Frame 98 (t = 0.98):	 total squared error = 0.000669002, marker error: RMS = 0.00517301, max = 0.00927044 (Sternum)
[2026-08-14 12:10:48.817] [info] Frame 99 (t = 0.99):	 total squared error = 0.000642852, marker error: RMS = 0.00507091, max = 0.00870038 (Sternum)
[2026-08-14 12:10:48.883] [info] Frame 100 (t = 1.0):	 total squared error = 0.000617430, marker error: RMS = 0.00496963, max = 0.00831943 (Sternum)
[2026-08-14 12:10:48.923] [info] Frame 101 (t = 1.01):	 total squared error = 0.000592052, marker error: RMS = 0.00486643, max = 0.00784162 (Sternum)
[2026-08-14 12:10:48.948] [info] Frame 102 (t = 1.02):	 total squared error = 0.000570715, marker error: RMS = 0.00477793, max = 0.00773350 (Sacral)
[2026-08-14 12:10:48.975] [info] Frame 103 (t = 1.03):	 total squared error = 0.000544388, marker error: RMS = 0.00466643, max = 0.00752564 (L_Thigh_Lateral)
[2026-08-14 12:10:49.011] [info] Frame 104 (t = 1.04):	 total squared error = 0.000519799, marker error: RMS = 0.00455982, max = 0.00747445 (L_Thigh_Lateral)
[2026-08-14 12:10:49.028] [info] Frame 105 (t = 1.05):	 total squared error = 0.000501908, marker error: RMS = 0.00448066, max = 0.00746698 (L_Thigh_Lateral)
[2026-08-14 12:10:49.049] [info] Frame 106 (t = 1.06):	 total squared error = 0.000479513, marker error: RMS = 0.00437956, max = 0.00736463 (L_Shoulder)
[2026-08-14 12:10:49.067] [info] Frame 107 (t = 1.07):	 total squared error = 0.000464615, marker error: RMS = 0.00431098, max = 0.00738001 (L_Shoulder)
[2026-08-14 12:10:49.085] [info] Frame 108 (t = 1.08):	 total squared error = 0.000450610, marker error: RMS = 0.00424552, max = 0.00724781 (L_Shoulder)
[2026-08-14 12:10:49.106] [info] Frame 109 (t = 1.09):	 total squared error = 0.000441445, marker error: RMS = 0.00420212, max = 0.00712075 (L_Shoulder)
[2026-08-14 12:10:49.142] [info] Frame 110 (t = 1.1):	 total squared error = 0.000430606, marker error: RMS = 0.00415021, max = 0.00653168 (L_Shoulder)
[2026-08-14 12:10:49.160] [info] Frame 111 (t = 1.11):	 total squared error = 0.000436036, marker error: RMS = 0.00417630, max = 0.00652924 (R_Thigh_Lateral)
[2026-08-14 12:10:49.179] [info] Frame 112 (t = 1.12):	 total squared error = 0.000447637, marker error: RMS = 0.00423149, max = 0.00668703 (R_Thigh_Lateral)
[2026-08-14 12:10:49.202] [info] Frame 113 (t = 1.13):	 total squared error = 0.000459607, marker error: RMS = 0.00428769, max = 0.00690230 (C7)
[2026-08-14 12:10:49.223] [info] Frame 114 (t = 1.14):	 total squared error = 0.000482442, marker error: RMS = 0.00439291, max = 0.00724341 (C7)
[2026-08-14 12:10:49.254] [info] Frame 115 (t = 1.15):	 total squared error = 0.000487079, marker error: RMS = 0.00441397, max = 0.00748702 (C7)
[2026-08-14 12:10:49.276] [info] Frame 116 (t = 1.16):	 total squared error = 0.000508117, marker error: RMS = 0.00450829, max = 0.00777231 (C7)
[2026-08-14 12:10:49.319] [info] Frame 117 (t = 1.17):	 total squared error = 0.000525445, marker error: RMS = 0.00458452, max = 0.00822650 (R_Shank_Lateral)
[2026-08-14 12:10:49.339] [info] Frame 118 (t = 1.18):	 total squared error = 0.000556937, marker error: RMS = 0.00471990, max = 0.00875160 (R_Shank_Lateral)
[2026-08-14 12:10:49.355] [info] Frame 119 (t = 1.19):	 total squared error = 0.000603364, marker error: RMS = 0.00491269, max = 0.00927160 (R_Shank_Lateral)
[2026-08-14 12:10:49.397] [info] Frame 120 (t = 1.2):	 total squared error = 0.000618074, marker error: RMS = 0.00497222, max = 0.00989162 (R_Shank_Lateral)
[2026-08-14 12:10:49.412] [info] Frame 121 (t = 1.21):	 total squared error = 0.000673685, marker error: RMS = 0.00519109, max = 0.0104312 (R_Shank_Lateral)
[2026-08-14 12:10:49.440] [info] Frame 122 (t = 1.22):	 total squared error = 0.000703491, marker error: RMS = 0.00530468, max = 0.0108387 (R_Shank_Lateral)
[2026-08-14 12:10:49.477] [info] Frame 123 (t = 1.23):	 total squared error = 0.000741766, marker error: RMS = 0.00544708, max = 0.0110148 (R_Shank_Lateral)
[2026-08-14 12:10:49.508] [info] Frame 124 (t = 1.24):	 total squared error = 0.000776916, marker error: RMS = 0.00557464, max = 0.0110811 (R_Shank_Lateral)
[2026-08-14 12:10:49.542] [info] Frame 125 (t = 1.25):	 total squared error = 0.000791313, marker error: RMS = 0.00562606, max = 0.0105707 (R_Thigh_Lateral)
[2026-08-14 12:10:49.576] [info] Frame 126 (t = 1.26):	 total squared error = 0.000794791, marker error: RMS = 0.00563841, max = 0.0102177 (C7)
[2026-08-14 12:10:49.600] [info] Frame 127 (t = 1.27):	 total squared error = 0.000792631, marker error: RMS = 0.00563074, max = 0.0104735 (C7)
[2026-08-14 12:10:49.635] [info] Frame 128 (t = 1.28):	 total squared error = 0.000778219, marker error: RMS = 0.00557932, max = 0.0106898 (C7)
[2026-08-14 12:10:49.657] [info] Frame 129 (t = 1.29):	 total squared error = 0.000779858, marker error: RMS = 0.00558519, max = 0.0108719 (C7)
[2026-08-14 12:10:49.693] [info] Frame 130 (t = 1.3):	 total squared error = 0.000791438, marker error: RMS = 0.00562650, max = 0.0110116 (C7)
[2026-08-14 12:10:49.712] [info] Frame 131 (t = 1.31):	 total squared error = 0.000829313, marker error: RMS = 0.00575956, max = 0.0111718 (C7)
[2026-08-14 12:10:49.724] [info] Frame 132 (t = 1.32):	 total squared error = 0.000892984, marker error: RMS = 0.00597657, max = 0.0112557 (C7)
[2026-08-14 12:10:49.757] [info] Frame 133 (t = 1.33):	 total squared error = 0.000932518, marker error: RMS = 0.00610743, max = 0.0112568 (C7)
[2026-08-14 12:10:49.772] [info] Frame 134 (t = 1.34):	 total squared error = 0.000981475, marker error: RMS = 0.00626570, max = 0.0113655 (C7)
[2026-08-14 12:10:49.785] [info] Frame 135 (t = 1.35):	 total squared error = 0.00101419, marker error: RMS = 0.00636927, max = 0.0113332 (C7)
[2026-08-14 12:10:49.806] [info] Frame 136 (t = 1.36):	 total squared error = 0.00101075, marker error: RMS = 0.00635845, max = 0.0112722 (Sternum)
[2026-08-14 12:10:49.839] [info] Frame 137 (t = 1.37):	 total squared error = 0.000993604, marker error: RMS = 0.00630430, max = 0.0114058 (Sternum)
[2026-08-14 12:10:49.868] [info] Frame 138 (t = 1.38):	 total squared error = 0.000971290, marker error: RMS = 0.00623311, max = 0.011472 (Sternum)
[2026-08-14 12:10:49.880] [info] Frame 139 (t = 1.39):	 total squared error = 0.000960261, marker error: RMS = 0.00619762, max = 0.0114588 (Sternum)
[2026-08-14 12:10:49.902] [info] Frame 140 (t = 1.4):	 total squared error = 0.000947143, marker error: RMS = 0.00615514, max = 0.0114222 (Sternum)
[2026-08-14 12:10:49.945] [info] Frame 141 (t = 1.41):	 total squared error = 0.000927441, marker error: RMS = 0.00609078, max = 0.0114601 (Sternum)
[2026-08-14 12:10:49.968] [info] Frame 142 (t = 1.42):	 total squared error = 0.000927549, marker error: RMS = 0.00609114, max = 0.0112416 (Sternum)
[2026-08-14 12:10:49.992] [info] Frame 143 (t = 1.43):	 total squared error = 0.000930927, marker error: RMS = 0.00610222, max = 0.0111925 (Sternum)
[2026-08-14 12:10:50.042] [info] Frame 144 (t = 1.44):	 total squared error = 0.000918126, marker error: RMS = 0.00606012, max = 0.0110327 (Sternum)
[2026-08-14 12:10:50.064] [info] Frame 145 (t = 1.45):	 total squared error = 0.000927048, marker error: RMS = 0.00608949, max = 0.0107878 (Sternum)
[2026-08-14 12:10:50.094] [info] Frame 146 (t = 1.46):	 total squared error = 0.000934700, marker error: RMS = 0.00611457, max = 0.0105653 (Sternum)
[2026-08-14 12:10:50.142] [info] Frame 147 (t = 1.47):	 total squared error = 0.000935193, marker error: RMS = 0.00611618, max = 0.0103739 (Sternum)
[2026-08-14 12:10:50.174] [info] Frame 148 (t = 1.48):	 total squared error = 0.000937234, marker error: RMS = 0.00612285, max = 0.0100874 (Sternum)
[2026-08-14 12:10:50.218] [info] Frame 149 (t = 1.49):	 total squared error = 0.000934512, marker error: RMS = 0.00611396, max = 0.00989724 (Sternum)
[2026-08-14 12:10:50.246] [info] Frame 150 (t = 1.5):	 total squared error = 0.000923922, marker error: RMS = 0.00607922, max = 0.00954279 (Sternum)
[2026-08-14 12:10:50.284] [info] Frame 151 (t = 1.51):	 total squared error = 0.000904467, marker error: RMS = 0.00601487, max = 0.00930593 (Sternum)
[2026-08-14 12:10:50.312] [info] Frame 152 (t = 1.52):	 total squared error = 0.000877461, marker error: RMS = 0.00592439, max = 0.00901315 (C7)
[2026-08-14 12:10:50.340] [info] Frame 153 (t = 1.53):	 total squared error = 0.000843745, marker error: RMS = 0.00580946, max = 0.00892377 (L_Shoulder)
[2026-08-14 12:10:50.374] [info] Frame 154 (t = 1.54):	 total squared error = 0.000806779, marker error: RMS = 0.00568077, max = 0.00888405 (L_Shoulder)
[2026-08-14 12:10:50.415] [info] Frame 155 (t = 1.55):	 total squared error = 0.000771698, marker error: RMS = 0.00555589, max = 0.00885216 (L_Shoulder)
[2026-08-14 12:10:50.435] [info] Frame 156 (t = 1.56):	 total squared error = 0.000750842, marker error: RMS = 0.00548030, max = 0.00902235 (L_Shoulder)
[2026-08-14 12:10:50.484] [info] Frame 157 (t = 1.57):	 total squared error = 0.000714966, marker error: RMS = 0.00534777, max = 0.00860556 (L_Shoulder)
[2026-08-14 12:10:50.502] [info] Frame 158 (t = 1.58):	 total squared error = 0.000702854, marker error: RMS = 0.00530228, max = 0.00859902 (L_Shoulder)
[2026-08-14 12:10:50.526] [info] Frame 159 (t = 1.59):	 total squared error = 0.000685921, marker error: RMS = 0.00523802, max = 0.00856538 (L_Thigh_Lateral)
[2026-08-14 12:10:50.544] [info] Frame 160 (t = 1.6):	 total squared error = 0.000688034, marker error: RMS = 0.00524608, max = 0.00886804 (L_Thigh_Lateral)
[2026-08-14 12:10:50.579] [info] Frame 161 (t = 1.61):	 total squared error = 0.000679902, marker error: RMS = 0.00521499, max = 0.00887559 (L_Thigh_Lateral)
[2026-08-14 12:10:50.601] [info] Frame 162 (t = 1.62):	 total squared error = 0.000684287, marker error: RMS = 0.00523178, max = 0.00898823 (L_Thigh_Lateral)
[2026-08-14 12:10:50.632] [info] Frame 163 (t = 1.63):	 total squared error = 0.000685260, marker error: RMS = 0.00523550, max = 0.00924717 (L_Thigh_Lateral)
[2026-08-14 12:10:50.652] [info] Frame 164 (t = 1.64):	 total squared error = 0.000691668, marker error: RMS = 0.00525992, max = 0.00961818 (L_Shank_Lateral)
[2026-08-14 12:10:50.670] [info] Frame 165 (t = 1.65):	 total squared error = 0.000703430, marker error: RMS = 0.00530445, max = 0.0107441 (L_Shank_Lateral)
[2026-08-14 12:10:50.684] [info] Frame 166 (t = 1.66):	 total squared error = 0.000728864, marker error: RMS = 0.00539950, max = 0.0119253 (L_Shank_Lateral)
[2026-08-14 12:10:50.704] [info] Frame 167 (t = 1.67):	 total squared error = 0.000742866, marker error: RMS = 0.00545111, max = 0.0128495 (L_Shank_Lateral)
[2026-08-14 12:10:50.746] [info] Frame 168 (t = 1.68):	 total squared error = 0.000752132, marker error: RMS = 0.00548500, max = 0.0128166 (L_Shank_Lateral)
[2026-08-14 12:10:50.791] [info] Frame 169 (t = 1.69):	 total squared error = 0.000783335, marker error: RMS = 0.00559762, max = 0.0137785 (L_Shank_Lateral)
[2026-08-14 12:10:50.810] [info] Frame 170 (t = 1.7):	 total squared error = 0.000824132, marker error: RMS = 0.00574154, max = 0.0146481 (L_Shank_Lateral)
[2026-08-14 12:10:50.831] [info] Frame 171 (t = 1.71):	 total squared error = 0.000868059, marker error: RMS = 0.00589257, max = 0.0153055 (L_Shank_Lateral)
[2026-08-14 12:10:50.875] [info] Frame 172 (t = 1.72):	 total squared error = 0.000873521, marker error: RMS = 0.00591108, max = 0.0155016 (L_Shank_Lateral)
[2026-08-14 12:10:50.893] [info] Frame 173 (t = 1.73):	 total squared error = 0.000897101, marker error: RMS = 0.00599033, max = 0.0157116 (L_Shank_Lateral)
[2026-08-14 12:10:50.910] [info] Frame 174 (t = 1.74):	 total squared error = 0.000911363, marker error: RMS = 0.00603776, max = 0.0157328 (L_Shank_Lateral)
[2026-08-14 12:10:50.945] [info] Frame 175 (t = 1.75):	 total squared error = 0.000886968, marker error: RMS = 0.00595640, max = 0.0154552 (L_Shank_Lateral)
[2026-08-14 12:10:50.964] [info] Frame 176 (t = 1.76):	 total squared error = 0.000880449, marker error: RMS = 0.00593447, max = 0.0150204 (L_Shank_Lateral)
[2026-08-14 12:10:50.999] [info] Frame 177 (t = 1.77):	 total squared error = 0.000853047, marker error: RMS = 0.00584139, max = 0.0144958 (L_Shank_Lateral)
[2026-08-14 12:10:51.025] [info] Frame 178 (t = 1.78):	 total squared error = 0.000832383, marker error: RMS = 0.00577021, max = 0.0138674 (L_Shank_Lateral)
[2026-08-14 12:10:51.049] [info] Frame 179 (t = 1.79):	 total squared error = 0.000808560, marker error: RMS = 0.00568704, max = 0.0130044 (L_Shank_Lateral)
[2026-08-14 12:10:51.069] [info] Frame 180 (t = 1.8):	 total squared error = 0.000785537, marker error: RMS = 0.00560548, max = 0.0119539 (L_Shank_Lateral)
[2026-08-14 12:10:51.096] [info] Frame 181 (t = 1.81):	 total squared error = 0.000755090, marker error: RMS = 0.00549578, max = 0.0105839 (L_Shank_Lateral)
[2026-08-14 12:10:51.122] [info] Frame 182 (t = 1.82):	 total squared error = 0.000730149, marker error: RMS = 0.00540425, max = 0.00929030 (L_Thigh_Lateral)
[2026-08-14 12:10:51.164] [info] Frame 183 (t = 1.83):	 total squared error = 0.000703279, marker error: RMS = 0.00530388, max = 0.00873638 (L_Shoulder)
[2026-08-14 12:10:51.202] [info] Frame 184 (t = 1.84):	 total squared error = 0.000689678, marker error: RMS = 0.00525234, max = 0.00882726 (L_Shoulder)
[2026-08-14 12:10:51.225] [info] Frame 185 (t = 1.85):	 total squared error = 0.000692484, marker error: RMS = 0.00526302, max = 0.00905749 (Sternum)
[2026-08-14 12:10:51.269] [info] Frame 186 (t = 1.86):	 total squared error = 0.000702832, marker error: RMS = 0.00530220, max = 0.00925137 (Sternum)
[2026-08-14 12:10:51.299] [info] Frame 187 (t = 1.87):	 total squared error = 0.000737869, marker error: RMS = 0.00543275, max = 0.00966440 (Sternum)
[2026-08-14 12:10:51.328] [info] Frame 188 (t = 1.88):	 total squared error = 0.000791496, marker error: RMS = 0.00562671, max = 0.0108161 (L_Thigh_Lateral)
[2026-08-14 12:10:51.348] [info] Frame 189 (t = 1.89):	 total squared error = 0.000860915, marker error: RMS = 0.00586827, max = 0.0123855 (L_Thigh_Lateral)
[2026-08-14 12:10:51.369] [info] Frame 190 (t = 1.9):	 total squared error = 0.000932713, marker error: RMS = 0.00610807, max = 0.0137028 (L_Thigh_Lateral)
[2026-08-14 12:10:51.391] [info] Frame 191 (t = 1.91):	 total squared error = 0.000995879, marker error: RMS = 0.00631151, max = 0.0147087 (L_Thigh_Lateral)
[2026-08-14 12:10:51.405] [info] Frame 192 (t = 1.92):	 total squared error = 0.00104944, marker error: RMS = 0.00647900, max = 0.0153781 (L_Thigh_Lateral)
[2026-08-14 12:10:51.441] [info] Frame 193 (t = 1.93):	 total squared error = 0.00105438, marker error: RMS = 0.00649424, max = 0.0151069 (L_Thigh_Lateral)
[2026-08-14 12:10:51.450] [info] Frame 194 (t = 1.94):	 total squared error = 0.00105358, marker error: RMS = 0.00649177, max = 0.0151276 (L_Thigh_Lateral)
[2026-08-14 12:10:51.482] [info] Frame 195 (t = 1.95):	 total squared error = 0.00101324, marker error: RMS = 0.00636629, max = 0.0136807 (L_Thigh_Lateral)
[2026-08-14 12:10:51.497] [info] Frame 196 (t = 1.96):	 total squared error = 0.000966887, marker error: RMS = 0.00621896, max = 0.012567 (Sternum)
[2026-08-14 12:10:51.526] [info] Frame 197 (t = 1.97):	 total squared error = 0.000908243, marker error: RMS = 0.00602741, max = 0.0125858 (Sternum)
[2026-08-14 12:10:51.550] [info] Frame 198 (t = 1.98):	 total squared error = 0.000851972, marker error: RMS = 0.00583771, max = 0.0124988 (Sternum)
[2026-08-14 12:10:51.573] [info] Frame 199 (t = 1.99):	 total squared error = 0.000800038, marker error: RMS = 0.00565699, max = 0.0123182 (Sternum)
[2026-08-14 12:10:51.598] [info] Frame 200 (t = 2.0):	 total squared error = 0.000754408, marker error: RMS = 0.00549330, max = 0.0120913 (Sternum)
[2026-08-14 12:10:51.634] [info] Frame 201 (t = 2.01):	 total squared error = 0.000705216, marker error: RMS = 0.00531118, max = 0.0117202 (Sternum)
[2026-08-14 12:10:51.657] [info] Frame 202 (t = 2.02):	 total squared error = 0.000670572, marker error: RMS = 0.00517908, max = 0.0113166 (Sternum)
[2026-08-14 12:10:51.679] [info] Frame 203 (t = 2.03):	 total squared error = 0.000642261, marker error: RMS = 0.00506858, max = 0.0108962 (Sternum)
[2026-08-14 12:10:51.705] [info] Frame 204 (t = 2.04):	 total squared error = 0.000617205, marker error: RMS = 0.00496872, max = 0.0105541 (Sternum)
[2026-08-14 12:10:51.724] [info] Frame 205 (t = 2.05):	 total squared error = 0.000601222, marker error: RMS = 0.00490397, max = 0.0101778 (Sternum)
[2026-08-14 12:10:51.743] [info] Frame 206 (t = 2.06):	 total squared error = 0.000594853, marker error: RMS = 0.00487792, max = 0.00975064 (Sternum)
[2026-08-14 12:10:51.773] [info] Frame 207 (t = 2.07):	 total squared error = 0.000588280, marker error: RMS = 0.00485090, max = 0.00954470 (Sternum)
[2026-08-14 12:10:51.804] [info] Frame 208 (t = 2.08):	 total squared error = 0.000594760, marker error: RMS = 0.00487754, max = 0.00916559 (Sternum)
[2026-08-14 12:10:51.856] [info] Frame 209 (t = 2.09):	 total squared error = 0.000599858, marker error: RMS = 0.00489840, max = 0.00891122 (Sternum)
[2026-08-14 12:10:51.882] [info] Frame 210 (t = 2.1):	 total squared error = 0.000603583, marker error: RMS = 0.00491358, max = 0.00851834 (R_Shank_Lateral)
[2026-08-14 12:10:51.921] [info] Frame 211 (t = 2.11):	 total squared error = 0.000598316, marker error: RMS = 0.00489210, max = 0.00852294 (R_Shank_Lateral)
[2026-08-14 12:10:51.939] [info] Frame 212 (t = 2.12):	 total squared error = 0.000598115, marker error: RMS = 0.00489128, max = 0.00798961 (R_Shank_Lateral)
[2026-08-14 12:10:51.975] [info] Frame 213 (t = 2.13):	 total squared error = 0.000575463, marker error: RMS = 0.00479776, max = 0.00756634 (R_Shank_Lateral)
[2026-08-14 12:10:51.996] [info] Frame 214 (t = 2.14):	 total squared error = 0.000566103, marker error: RMS = 0.00475858, max = 0.00718397 (L_Thigh_Lateral)
[2026-08-14 12:10:52.019] [info] Frame 215 (t = 2.15):	 total squared error = 0.000555080, marker error: RMS = 0.00471203, max = 0.00735248 (L_Thigh_Lateral)
[2026-08-14 12:10:52.039] [info] Frame 216 (t = 2.16):	 total squared error = 0.000549177, marker error: RMS = 0.00468691, max = 0.00782905 (L_Thigh_Lateral)
[2026-08-14 12:10:52.068] [info] Frame 217 (t = 2.17):	 total squared error = 0.000527004, marker error: RMS = 0.00459131, max = 0.00765956 (L_Thigh_Lateral)
[2026-08-14 12:10:52.109] [info] Frame 218 (t = 2.18):	 total squared error = 0.000510394, marker error: RMS = 0.00451838, max = 0.00771391 (L_Thigh_Lateral)
[2026-08-14 12:10:52.129] [info] Frame 219 (t = 2.19):	 total squared error = 0.000499001, marker error: RMS = 0.00446767, max = 0.00782601 (L_Thigh_Lateral)
[2026-08-14 12:10:52.166] [info] Frame 220 (t = 2.2):	 total squared error = 0.000487785, marker error: RMS = 0.00441717, max = 0.00771160 (L_Thigh_Lateral)
[2026-08-14 12:10:52.197] [info] Frame 221 (t = 2.21):	 total squared error = 0.000484357, marker error: RMS = 0.00440162, max = 0.00773491 (L_Thigh_Lateral)
[2026-08-14 12:10:52.216] [info] Frame 222 (t = 2.22):	 total squared error = 0.000489444, marker error: RMS = 0.00442468, max = 0.00764789 (L_Thigh_Lateral)
[2026-08-14 12:10:52.251] [info] Frame 223 (t = 2.23):	 total squared error = 0.000485263, marker error: RMS = 0.00440574, max = 0.00762816 (L_Thigh_Lateral)
[2026-08-14 12:10:52.263] [info] Frame 224 (t = 2.24):	 total squared error = 0.000500171, marker error: RMS = 0.00447290, max = 0.00786579 (R_Thigh_Lateral)
[2026-08-14 12:10:52.287] [info] Frame 225 (t = 2.25):	 total squared error = 0.000498423, marker error: RMS = 0.00446508, max = 0.00802522 (R_Thigh_Lateral)
[2026-08-14 12:10:52.309] [info] Frame 226 (t = 2.26):	 total squared error = 0.000504189, marker error: RMS = 0.00449083, max = 0.00823088 (R_Thigh_Lateral)
[2026-08-14 12:10:52.323] [info] Frame 227 (t = 2.27):	 total squared error = 0.000526359, marker error: RMS = 0.00458850, max = 0.00831219 (R_Thigh_Lateral)
[2026-08-14 12:10:52.359] [info] Frame 228 (t = 2.28):	 total squared error = 0.000515015, marker error: RMS = 0.00453879, max = 0.00844577 (R_Thigh_Lateral)
[2026-08-14 12:10:52.387] [info] Frame 229 (t = 2.29):	 total squared error = 0.000527346, marker error: RMS = 0.00459280, max = 0.00841078 (R_Thigh_Lateral)
[2026-08-14 12:10:52.427] [info] Frame 230 (t = 2.3):	 total squared error = 0.000540370, marker error: RMS = 0.00464917, max = 0.00832125 (R_Thigh_Lateral)
[2026-08-14 12:10:52.462] [info] Frame 231 (t = 2.31):	 total squared error = 0.000558745, marker error: RMS = 0.00472756, max = 0.00857488 (C7)
[2026-08-14 12:10:52.489] [info] Frame 232 (t = 2.32):	 total squared error = 0.000583338, marker error: RMS = 0.00483048, max = 0.00883765 (C7)
[2026-08-14 12:10:52.514] [info] Frame 233 (t = 2.33):	 total squared error = 0.000613415, marker error: RMS = 0.00495344, max = 0.00907953 (C7)
[2026-08-14 12:10:52.533] [info] Frame 234 (t = 2.34):	 total squared error = 0.000661646, marker error: RMS = 0.00514450, max = 0.00942523 (C7)
[2026-08-14 12:10:52.581] [info] Frame 235 (t = 2.35):	 total squared error = 0.000684167, marker error: RMS = 0.00523132, max = 0.00954718 (C7)
[2026-08-14 12:10:52.615] [info] Frame 236 (t = 2.36):	 total squared error = 0.000728587, marker error: RMS = 0.00539847, max = 0.00975447 (C7)
[2026-08-14 12:10:52.638] [info] Frame 237 (t = 2.37):	 total squared error = 0.000780340, marker error: RMS = 0.00558691, max = 0.0101995 (R_Shank_Lateral)
[2026-08-14 12:10:52.659] [info] Frame 238 (t = 2.38):	 total squared error = 0.000842491, marker error: RMS = 0.00580514, max = 0.0108582 (R_Thigh_Lateral)
[2026-08-14 12:10:52.695] [info] Frame 239 (t = 2.39):	 total squared error = 0.000862329, marker error: RMS = 0.00587309, max = 0.0109771 (R_Thigh_Lateral)
[2026-08-14 12:10:52.715] [info] Frame 240 (t = 2.4):	 total squared error = 0.000905315, marker error: RMS = 0.00601769, max = 0.0112333 (R_Thigh_Lateral)
[2026-08-14 12:10:52.753] [info] Frame 241 (t = 2.41):	 total squared error = 0.000911980, marker error: RMS = 0.00603980, max = 0.0111207 (R_Thigh_Lateral)
[2026-08-14 12:10:52.780] [info] Frame 242 (t = 2.42):	 total squared error = 0.000919876, marker error: RMS = 0.00606589, max = 0.0109285 (C7)
[2026-08-14 12:10:52.841] [info] Frame 243 (t = 2.43):	 total squared error = 0.000905997, marker error: RMS = 0.00601996, max = 0.0110010 (C7)
[2026-08-14 12:10:52.886] [info] Frame 244 (t = 2.44):	 total squared error = 0.000889608, marker error: RMS = 0.00596526, max = 0.0110572 (C7)
[2026-08-14 12:10:52.910] [info] Frame 245 (t = 2.45):	 total squared error = 0.000877077, marker error: RMS = 0.00592310, max = 0.0111129 (C7)
[2026-08-14 12:10:52.932] [info] Frame 246 (t = 2.46):	 total squared error = 0.000870573, marker error: RMS = 0.00590109, max = 0.0110672 (C7)
[2026-08-14 12:10:52.967] [info] Frame 247 (t = 2.47):	 total squared error = 0.000870257, marker error: RMS = 0.00590002, max = 0.0110426 (C7)
[2026-08-14 12:10:52.985] [info] Frame 248 (t = 2.48):	 total squared error = 0.000888952, marker error: RMS = 0.00596306, max = 0.0110505 (C7)
[2026-08-14 12:10:53.018] [info] Frame 249 (t = 2.49):	 total squared error = 0.000911733, marker error: RMS = 0.00603898, max = 0.0110007 (C7)
[2026-08-14 12:10:53.039] [info] Frame 250 (t = 2.5):	 total squared error = 0.000935748, marker error: RMS = 0.00611800, max = 0.0109641 (C7)
[2026-08-14 12:10:53.062] [info] Frame 251 (t = 2.51):	 total squared error = 0.000950377, marker error: RMS = 0.00616564, max = 0.0109901 (C7)
[2026-08-14 12:10:53.083] [info] Frame 252 (t = 2.52):	 total squared error = 0.000949301, marker error: RMS = 0.00616215, max = 0.0109037 (C7)
[2026-08-14 12:10:53.094] [info] Frame 253 (t = 2.53):	 total squared error = 0.000941403, marker error: RMS = 0.00613646, max = 0.0111306 (C7)
[2026-08-14 12:10:53.142] [info] Frame 254 (t = 2.54):	 total squared error = 0.000909976, marker error: RMS = 0.00603316, max = 0.0110441 (Sternum)
[2026-08-14 12:10:53.153] [info] Frame 255 (t = 2.55):	 total squared error = 0.000897994, marker error: RMS = 0.00599331, max = 0.0110608 (C7)
[2026-08-14 12:10:53.197] [info] Frame 256 (t = 2.56):	 total squared error = 0.000878230, marker error: RMS = 0.00592699, max = 0.0110250 (Sternum)
[2026-08-14 12:10:53.240] [info] Frame 257 (t = 2.57):	 total squared error = 0.000865565, marker error: RMS = 0.00588410, max = 0.0107851 (Sternum)
[2026-08-14 12:10:53.253] [info] Frame 258 (t = 2.58):	 total squared error = 0.000870944, marker error: RMS = 0.00590235, max = 0.0107713 (C7)
[2026-08-14 12:10:53.275] [info] Frame 259 (t = 2.59):	 total squared error = 0.000868977, marker error: RMS = 0.00589568, max = 0.0104741 (C7)
[2026-08-14 12:10:53.314] [info] Frame 260 (t = 2.6):	 total squared error = 0.000857031, marker error: RMS = 0.00585502, max = 0.0103677 (C7)
[2026-08-14 12:10:53.334] [info] Frame 261 (t = 2.61):	 total squared error = 0.000858475, marker error: RMS = 0.00585995, max = 0.0101798 (C7)
[2026-08-14 12:10:53.371] [info] Frame 262 (t = 2.62):	 total squared error = 0.000853833, marker error: RMS = 0.00584408, max = 0.00990249 (C7)
[2026-08-14 12:10:53.398] [info] Frame 263 (t = 2.63):	 total squared error = 0.000848895, marker error: RMS = 0.00582716, max = 0.00971243 (C7)
[2026-08-14 12:10:53.435] [info] Frame 264 (t = 2.64):	 total squared error = 0.000840391, marker error: RMS = 0.00579790, max = 0.00947530 (C7)
[2026-08-14 12:10:53.472] [info] Frame 265 (t = 2.65):	 total squared error = 0.000836272, marker error: RMS = 0.00578367, max = 0.00939171 (L_Elbow)
[2026-08-14 12:10:53.495] [info] Frame 266 (t = 2.66):	 total squared error = 0.000837843, marker error: RMS = 0.00578910, max = 0.00967729 (L_Elbow)
[2026-08-14 12:10:53.525] [info] Frame 267 (t = 2.67):	 total squared error = 0.000835866, marker error: RMS = 0.00578227, max = 0.00973153 (L_Elbow)
[2026-08-14 12:10:53.553] [info] Frame 268 (t = 2.68):	 total squared error = 0.000830331, marker error: RMS = 0.00576309, max = 0.00981432 (L_Elbow)
[2026-08-14 12:10:53.590] [info] Frame 269 (t = 2.69):	 total squared error = 0.000813248, marker error: RMS = 0.00570350, max = 0.00967051 (L_Elbow)
[2026-08-14 12:10:53.607] [info] Frame 270 (t = 2.7):	 total squared error = 0.000801253, marker error: RMS = 0.00566128, max = 0.00965053 (L_Elbow)
[2026-08-14 12:10:53.655] [info] Frame 271 (t = 2.71):	 total squared error = 0.000750291, marker error: RMS = 0.00547829, max = 0.00910801 (L_Elbow)
[2026-08-14 12:10:53.677] [info] Frame 272 (t = 2.72):	 total squared error = 0.000708107, marker error: RMS = 0.00532206, max = 0.00868392 (L_Elbow)
[2026-08-14 12:10:53.703] [info] Frame 273 (t = 2.73):	 total squared error = 0.000662173, marker error: RMS = 0.00514654, max = 0.00803709 (L_Elbow)
[2026-08-14 12:10:53.728] [info] Frame 274 (t = 2.74):	 total squared error = 0.000623098, marker error: RMS = 0.00499239, max = 0.00821602 (L_Thigh_Lateral)
[2026-08-14 12:10:53.750] [info] Frame 275 (t = 2.75):	 total squared error = 0.000577215, marker error: RMS = 0.00480506, max = 0.00788446 (L_Thigh_Lateral)
[2026-08-14 12:10:53.791] [info] Frame 276 (t = 2.76):	 total squared error = 0.000539219, marker error: RMS = 0.00464422, max = 0.00750583 (L_Thigh_Lateral)
[2026-08-14 12:10:53.820] [info] Frame 277 (t = 2.77):	 total squared error = 0.000508712, marker error: RMS = 0.00451093, max = 0.00723099 (L_Thigh_Lateral)
[2026-08-14 12:10:53.845] [info] Frame 278 (t = 2.78):	 total squared error = 0.000484569, marker error: RMS = 0.00440259, max = 0.00699503 (L_Thigh_Lateral)
[2026-08-14 12:10:53.874] [info] Frame 279 (t = 2.79):	 total squared error = 0.000466107, marker error: RMS = 0.00431790, max = 0.00685338 (L_Thigh_Lateral)
[2026-08-14 12:10:53.892] [info] Frame 280 (t = 2.8):	 total squared error = 0.000461725, marker error: RMS = 0.00429756, max = 0.00694425 (L_Thigh_Lateral)
[2026-08-14 12:10:53.930] [info] Frame 281 (t = 2.81):	 total squared error = 0.000450070, marker error: RMS = 0.00424297, max = 0.00698640 (L_Thigh_Lateral)
[2026-08-14 12:10:53.952] [info] Frame 282 (t = 2.82):	 total squared error = 0.000457263, marker error: RMS = 0.00427674, max = 0.00721867 (L_Thigh_Lateral)
[2026-08-14 12:10:53.990] [info] Frame 283 (t = 2.83):	 total squared error = 0.000472851, marker error: RMS = 0.00434903, max = 0.00768370 (L_Thigh_Lateral)
[2026-08-14 12:10:54.010] [info] Frame 284 (t = 2.84):	 total squared error = 0.000508931, marker error: RMS = 0.00451190, max = 0.00851684 (L_Shank_Lateral)
[2026-08-14 12:10:54.032] [info] Frame 285 (t = 2.85):	 total squared error = 0.000554803, marker error: RMS = 0.00471085, max = 0.00985518 (L_Shank_Lateral)
[2026-08-14 12:10:54.080] [info] Frame 286 (t = 2.86):	 total squared error = 0.000597003, marker error: RMS = 0.00488673, max = 0.0106524 (L_Shank_Lateral)
[2026-08-14 12:10:54.097] [info] Frame 287 (t = 2.87):	 total squared error = 0.000670122, marker error: RMS = 0.00517734, max = 0.0118038 (L_Shank_Lateral)
[2026-08-14 12:10:54.146] [info] Frame 288 (t = 2.88):	 total squared error = 0.000720246, marker error: RMS = 0.00536748, max = 0.0125821 (L_Shank_Lateral)
[2026-08-14 12:10:54.165] [info] Frame 289 (t = 2.89):	 total squared error = 0.000801135, marker error: RMS = 0.00566087, max = 0.01337 (L_Shank_Lateral)
[2026-08-14 12:10:54.216] [info] Frame 290 (t = 2.9):	 total squared error = 0.000848241, marker error: RMS = 0.00582492, max = 0.0141030 (L_Shank_Lateral)
[2026-08-14 12:10:54.255] [info] Frame 291 (t = 2.91):	 total squared error = 0.000909706, marker error: RMS = 0.00603227, max = 0.0144651 (L_Shank_Lateral)
[2026-08-14 12:10:54.266] [info] InverseKinematicsTool completed 292 frames in 8 second(s).
[2026-08-14 12:10:54.337] [info] Loaded model SUBJ59-scaled from file C:\Users\migue\Downloads\TFG\2_JMP\SUBJ59\Walk_1\SUBJ59_1_JMP_results\SUBJ59_1_NMSM_JMP_02_knee_ankle.osim
[2026-08-14 12:10:55.061] [warning] Coordinate.setValue:  coordinate pro_sup_r is locked. Unable to change its value.
[2026-08-14 12:10:55.103] [warning] Coordinate.setValue:  coordinate pro_sup_l is locked. Unable to change its value.
[2026-08-14 12:11:49.513] [info] Loaded model SUBJ59-scaled from file C:\Users\migue\Downloads\TFG\2_JMP\SUBJ59\Walk_1\SUBJ59_1_JMP_results\SUBJ59_1_NMSM_JMP_02_knee_ankle.osim
[2026-08-14 12:11:49.534] [cout] [info] 
               MODEL: SUBJ59-scaled
         coordinates: 41
              forces: 103
           actuators: 103
             muscles: 86
            analyses: 0
              probes: 0
              bodies: 24
              joints: 24
         constraints: 2
             markers: 25
         controllers: 0
  contact geometries: 0
misc modelcomponents: 0
[2026-08-14 12:11:49.534] [info] Running tool .
[2026-08-14 12:11:49.644] [info] Frame 0 (t = 0.0):	 total squared error = 0.000760670, marker error: RMS = 0.00551605, max = 0.0117036 (R_Shank_Lateral)
[2026-08-14 12:11:49.659] [info] Frame 1 (t = 0.01):	 total squared error = 0.000781049, marker error: RMS = 0.00558945, max = 0.0121286 (R_Shank_Lateral)
[2026-08-14 12:11:49.682] [info] Frame 2 (t = 0.02):	 total squared error = 0.000805489, marker error: RMS = 0.00567623, max = 0.0125133 (R_Shank_Lateral)
[2026-08-14 12:11:49.720] [info] Frame 3 (t = 0.03):	 total squared error = 0.000814412, marker error: RMS = 0.00570758, max = 0.0124799 (R_Shank_Lateral)
[2026-08-14 12:11:49.739] [info] Frame 4 (t = 0.04):	 total squared error = 0.000836994, marker error: RMS = 0.00578617, max = 0.012657 (R_Shank_Lateral)
[2026-08-14 12:11:49.777] [info] Frame 5 (t = 0.05):	 total squared error = 0.000835690, marker error: RMS = 0.00578166, max = 0.012249 (R_Shank_Lateral)
[2026-08-14 12:11:49.801] [info] Frame 6 (t = 0.06):	 total squared error = 0.000837272, marker error: RMS = 0.00578713, max = 0.011983 (R_Thigh_Lateral)
[2026-08-14 12:11:49.839] [info] Frame 7 (t = 0.07):	 total squared error = 0.000819259, marker error: RMS = 0.00572454, max = 0.0115188 (R_Thigh_Lateral)
[2026-08-14 12:11:49.864] [info] Frame 8 (t = 0.08):	 total squared error = 0.000803129, marker error: RMS = 0.00566791, max = 0.0108967 (R_Thigh_Lateral)
[2026-08-14 12:11:49.887] [info] Frame 9 (t = 0.09):	 total squared error = 0.000786252, marker error: RMS = 0.00560804, max = 0.0102029 (R_Thigh_Lateral)
[2026-08-14 12:11:49.914] [info] Frame 10 (t = 0.1):	 total squared error = 0.000768115, marker error: RMS = 0.00554298, max = 0.00988393 (C7)
[2026-08-14 12:11:49.940] [info] Frame 11 (t = 0.11):	 total squared error = 0.000760054, marker error: RMS = 0.00551382, max = 0.00994474 (C7)
[2026-08-14 12:11:49.975] [info] Frame 12 (t = 0.12):	 total squared error = 0.000756611, marker error: RMS = 0.00550131, max = 0.00999070 (C7)
[2026-08-14 12:11:49.997] [info] Frame 13 (t = 0.13):	 total squared error = 0.000774572, marker error: RMS = 0.00556623, max = 0.0101019 (C7)
[2026-08-14 12:11:50.017] [info] Frame 14 (t = 0.14):	 total squared error = 0.000800208, marker error: RMS = 0.00565759, max = 0.0100598 (C7)
[2026-08-14 12:11:50.039] [info] Frame 15 (t = 0.15):	 total squared error = 0.000828205, marker error: RMS = 0.00575571, max = 0.0104583 (R_Thigh_Lateral)
[2026-08-14 12:11:50.057] [info] Frame 16 (t = 0.16):	 total squared error = 0.000854628, marker error: RMS = 0.00584680, max = 0.0109426 (R_Thigh_Lateral)
[2026-08-14 12:11:50.106] [info] Frame 17 (t = 0.17):	 total squared error = 0.000868917, marker error: RMS = 0.00589548, max = 0.0109502 (R_Thigh_Lateral)
[2026-08-14 12:11:50.119] [info] Frame 18 (t = 0.18):	 total squared error = 0.000879537, marker error: RMS = 0.00593140, max = 0.0106354 (R_Thigh_Lateral)
[2026-08-14 12:11:50.156] [info] Frame 19 (t = 0.19):	 total squared error = 0.000864860, marker error: RMS = 0.00588170, max = 0.00989489 (C7)
[2026-08-14 12:11:50.174] [info] Frame 20 (t = 0.2):	 total squared error = 0.000850059, marker error: RMS = 0.00583116, max = 0.00989772 (C7)
[2026-08-14 12:11:50.197] [info] Frame 21 (t = 0.21):	 total squared error = 0.000828870, marker error: RMS = 0.00575802, max = 0.00984692 (L_Elbow)
[2026-08-14 12:11:50.220] [info] Frame 22 (t = 0.22):	 total squared error = 0.000810118, marker error: RMS = 0.00569251, max = 0.00968859 (C7)
[2026-08-14 12:11:50.236] [info] Frame 23 (t = 0.23):	 total squared error = 0.000798941, marker error: RMS = 0.00565311, max = 0.00962029 (C7)
[2026-08-14 12:11:50.257] [info] Frame 24 (t = 0.24):	 total squared error = 0.000789374, marker error: RMS = 0.00561916, max = 0.00956674 (C7)
[2026-08-14 12:11:50.306] [info] Frame 25 (t = 0.25):	 total squared error = 0.000770539, marker error: RMS = 0.00555172, max = 0.00945541 (C7)
[2026-08-14 12:11:50.327] [info] Frame 26 (t = 0.26):	 total squared error = 0.000769464, marker error: RMS = 0.00554784, max = 0.00932286 (C7)
[2026-08-14 12:11:50.354] [info] Frame 27 (t = 0.27):	 total squared error = 0.000769587, marker error: RMS = 0.00554829, max = 0.00915366 (C7)
[2026-08-14 12:11:50.397] [info] Frame 28 (t = 0.28):	 total squared error = 0.000759203, marker error: RMS = 0.00551073, max = 0.00902680 (C7)
[2026-08-14 12:11:50.420] [info] Frame 29 (t = 0.29):	 total squared error = 0.000745359, marker error: RMS = 0.00546025, max = 0.00887970 (C7)
[2026-08-14 12:11:50.449] [info] Frame 30 (t = 0.3):	 total squared error = 0.000719041, marker error: RMS = 0.00536299, max = 0.00870244 (C7)
[2026-08-14 12:11:50.477] [info] Frame 31 (t = 0.31):	 total squared error = 0.000683048, marker error: RMS = 0.00522704, max = 0.00857834 (C7)
[2026-08-14 12:11:50.511] [info] Frame 32 (t = 0.32):	 total squared error = 0.000644136, marker error: RMS = 0.00507597, max = 0.00838231 (C7)
[2026-08-14 12:11:50.541] [info] Frame 33 (t = 0.33):	 total squared error = 0.000607835, marker error: RMS = 0.00493086, max = 0.00816773 (C7)
[2026-08-14 12:11:50.576] [info] Frame 34 (t = 0.34):	 total squared error = 0.000574488, marker error: RMS = 0.00479370, max = 0.00795987 (C7)
[2026-08-14 12:11:50.600] [info] Frame 35 (t = 0.35):	 total squared error = 0.000546799, marker error: RMS = 0.00467675, max = 0.00773095 (C7)
[2026-08-14 12:11:50.643] [info] Frame 36 (t = 0.36):	 total squared error = 0.000518408, marker error: RMS = 0.00455372, max = 0.00747588 (C7)
[2026-08-14 12:11:50.671] [info] Frame 37 (t = 0.37):	 total squared error = 0.000497062, marker error: RMS = 0.00445898, max = 0.00720146 (C7)
[2026-08-14 12:11:50.711] [info] Frame 38 (t = 0.38):	 total squared error = 0.000476689, marker error: RMS = 0.00436664, max = 0.00699653 (C7)
[2026-08-14 12:11:50.744] [info] Frame 39 (t = 0.39):	 total squared error = 0.000462064, marker error: RMS = 0.00429913, max = 0.00704801 (L_Thigh_Lateral)
[2026-08-14 12:11:50.776] [info] Frame 40 (t = 0.4):	 total squared error = 0.000454339, marker error: RMS = 0.00426304, max = 0.00801763 (L_Thigh_Lateral)
[2026-08-14 12:11:50.826] [info] Frame 41 (t = 0.41):	 total squared error = 0.000446539, marker error: RMS = 0.00422629, max = 0.00855410 (L_Thigh_Lateral)
[2026-08-14 12:11:50.873] [info] Frame 42 (t = 0.42):	 total squared error = 0.000450826, marker error: RMS = 0.00424653, max = 0.00931784 (L_Thigh_Lateral)
[2026-08-14 12:11:50.916] [info] Frame 43 (t = 0.43):	 total squared error = 0.000467112, marker error: RMS = 0.00432256, max = 0.00990453 (L_Thigh_Lateral)
[2026-08-14 12:11:50.949] [info] Frame 44 (t = 0.44):	 total squared error = 0.000495686, marker error: RMS = 0.00445280, max = 0.0103655 (L_Thigh_Lateral)
[2026-08-14 12:11:50.970] [info] Frame 45 (t = 0.45):	 total squared error = 0.000541740, marker error: RMS = 0.00465506, max = 0.0106736 (L_Thigh_Lateral)
[2026-08-14 12:11:51.026] [info] Frame 46 (t = 0.46):	 total squared error = 0.000572730, marker error: RMS = 0.00478635, max = 0.0114439 (L_Thigh_Lateral)
[2026-08-14 12:11:51.041] [info] Frame 47 (t = 0.47):	 total squared error = 0.000616204, marker error: RMS = 0.00496469, max = 0.0128118 (L_Shank_Lateral)
[2026-08-14 12:11:51.073] [info] Frame 48 (t = 0.48):	 total squared error = 0.000640027, marker error: RMS = 0.00505975, max = 0.0137694 (L_Shank_Lateral)
[2026-08-14 12:11:51.092] [info] Frame 49 (t = 0.49):	 total squared error = 0.000672888, marker error: RMS = 0.00518802, max = 0.0147407 (L_Shank_Lateral)
[2026-08-14 12:11:51.127] [info] Frame 50 (t = 0.5):	 total squared error = 0.000666192, marker error: RMS = 0.00516214, max = 0.0146080 (L_Shank_Lateral)
[2026-08-14 12:11:51.149] [info] Frame 51 (t = 0.51):	 total squared error = 0.000672759, marker error: RMS = 0.00518752, max = 0.0145476 (L_Shank_Lateral)
[2026-08-14 12:11:51.194] [info] Frame 52 (t = 0.52):	 total squared error = 0.000642732, marker error: RMS = 0.00507043, max = 0.0131036 (L_Shank_Lateral)
[2026-08-14 12:11:51.212] [info] Frame 53 (t = 0.53):	 total squared error = 0.000635506, marker error: RMS = 0.00504185, max = 0.0125528 (L_Shank_Lateral)
[2026-08-14 12:11:51.255] [info] Frame 54 (t = 0.54):	 total squared error = 0.000623185, marker error: RMS = 0.00499273, max = 0.0121297 (L_Shank_Lateral)
[2026-08-14 12:11:51.276] [info] Frame 55 (t = 0.55):	 total squared error = 0.000625606, marker error: RMS = 0.00500242, max = 0.0118926 (L_Shank_Lateral)
[2026-08-14 12:11:51.294] [info] Frame 56 (t = 0.56):	 total squared error = 0.000641908, marker error: RMS = 0.00506718, max = 0.0115655 (L_Shank_Lateral)
[2026-08-14 12:11:51.308] [info] Frame 57 (t = 0.57):	 total squared error = 0.000671669, marker error: RMS = 0.00518331, max = 0.0118527 (L_Thigh_Lateral)
[2026-08-14 12:11:51.336] [info] Frame 58 (t = 0.58):	 total squared error = 0.000677902, marker error: RMS = 0.00520731, max = 0.0122338 (L_Shank_Lateral)
[2026-08-14 12:11:51.367] [info] Frame 59 (t = 0.59):	 total squared error = 0.000697148, marker error: RMS = 0.00528071, max = 0.0124627 (L_Shank_Lateral)
[2026-08-14 12:11:51.384] [info] Frame 60 (t = 0.6):	 total squared error = 0.000739215, marker error: RMS = 0.00543770, max = 0.0128685 (L_Shank_Lateral)
[2026-08-14 12:11:51.430] [info] Frame 61 (t = 0.61):	 total squared error = 0.000757520, marker error: RMS = 0.00550462, max = 0.0131642 (L_Shank_Lateral)
[2026-08-14 12:11:51.450] [info] Frame 62 (t = 0.62):	 total squared error = 0.000783940, marker error: RMS = 0.00559978, max = 0.0135231 (L_Shank_Lateral)
[2026-08-14 12:11:51.484] [info] Frame 63 (t = 0.63):	 total squared error = 0.000786721, marker error: RMS = 0.00560971, max = 0.0130716 (L_Shank_Lateral)
[2026-08-14 12:11:51.523] [info] Frame 64 (t = 0.64):	 total squared error = 0.000778904, marker error: RMS = 0.00558177, max = 0.0124146 (L_Shank_Lateral)
[2026-08-14 12:11:51.560] [info] Frame 65 (t = 0.65):	 total squared error = 0.000756230, marker error: RMS = 0.00549993, max = 0.0113671 (L_Shank_Lateral)
[2026-08-14 12:11:51.585] [info] Frame 66 (t = 0.66):	 total squared error = 0.000727860, marker error: RMS = 0.00539578, max = 0.0102623 (L_Shank_Lateral)
[2026-08-14 12:11:51.625] [info] Frame 67 (t = 0.67):	 total squared error = 0.000688716, marker error: RMS = 0.00524868, max = 0.0103698 (Sternum)
[2026-08-14 12:11:51.654] [info] Frame 68 (t = 0.68):	 total squared error = 0.000665093, marker error: RMS = 0.00515788, max = 0.0108414 (Sternum)
[2026-08-14 12:11:51.688] [info] Frame 69 (t = 0.69):	 total squared error = 0.000648656, marker error: RMS = 0.00509374, max = 0.0110026 (Sternum)
[2026-08-14 12:11:51.714] [info] Frame 70 (t = 0.7):	 total squared error = 0.000661781, marker error: RMS = 0.00514502, max = 0.0114967 (Sternum)
[2026-08-14 12:11:51.739] [info] Frame 71 (t = 0.71):	 total squared error = 0.000698563, marker error: RMS = 0.00528607, max = 0.0118565 (Sternum)
[2026-08-14 12:11:51.773] [info] Frame 72 (t = 0.72):	 total squared error = 0.000746003, marker error: RMS = 0.00546261, max = 0.0119099 (Sternum)
[2026-08-14 12:11:51.792] [info] Frame 73 (t = 0.73):	 total squared error = 0.000819642, marker error: RMS = 0.00572588, max = 0.0123291 (Sternum)
[2026-08-14 12:11:51.811] [info] Frame 74 (t = 0.74):	 total squared error = 0.000898213, marker error: RMS = 0.00599404, max = 0.0126374 (Sternum)
[2026-08-14 12:11:51.845] [info] Frame 75 (t = 0.75):	 total squared error = 0.000959372, marker error: RMS = 0.00619475, max = 0.0129397 (L_Thigh_Lateral)
[2026-08-14 12:11:51.865] [info] Frame 76 (t = 0.76):	 total squared error = 0.00100438, marker error: RMS = 0.00633839, max = 0.0136284 (L_Thigh_Lateral)
[2026-08-14 12:11:51.875] [info] Frame 77 (t = 0.77):	 total squared error = 0.00101911, marker error: RMS = 0.00638471, max = 0.0135833 (L_Thigh_Lateral)
[2026-08-14 12:11:51.889] [info] Frame 78 (t = 0.78):	 total squared error = 0.000999660, marker error: RMS = 0.00632348, max = 0.0137626 (Sternum)
[2026-08-14 12:11:51.916] [info] Frame 79 (t = 0.79):	 total squared error = 0.000940799, marker error: RMS = 0.00613449, max = 0.0138236 (Sternum)
[2026-08-14 12:11:51.944] [info] Frame 80 (t = 0.8):	 total squared error = 0.000879011, marker error: RMS = 0.00592962, max = 0.0139552 (Sternum)
[2026-08-14 12:11:51.972] [info] Frame 81 (t = 0.81):	 total squared error = 0.000823715, marker error: RMS = 0.00574009, max = 0.0140071 (Sternum)
[2026-08-14 12:11:51.992] [info] Frame 82 (t = 0.82):	 total squared error = 0.000789672, marker error: RMS = 0.00562022, max = 0.0140355 (Sternum)
[2026-08-14 12:11:52.018] [info] Frame 83 (t = 0.83):	 total squared error = 0.000772313, marker error: RMS = 0.00555810, max = 0.0139792 (Sternum)
[2026-08-14 12:11:52.072] [info] Frame 84 (t = 0.84):	 total squared error = 0.000755159, marker error: RMS = 0.00549603, max = 0.0138052 (Sternum)
[2026-08-14 12:11:52.097] [info] Frame 85 (t = 0.85):	 total squared error = 0.000762565, marker error: RMS = 0.00552291, max = 0.0136304 (Sternum)
[2026-08-14 12:11:52.124] [info] Frame 86 (t = 0.86):	 total squared error = 0.000778636, marker error: RMS = 0.00558081, max = 0.0134003 (Sternum)
[2026-08-14 12:11:52.165] [info] Frame 87 (t = 0.87):	 total squared error = 0.000792558, marker error: RMS = 0.00563048, max = 0.0131484 (Sternum)
[2026-08-14 12:11:52.192] [info] Frame 88 (t = 0.88):	 total squared error = 0.000808623, marker error: RMS = 0.00568726, max = 0.012794 (Sternum)
[2026-08-14 12:11:52.215] [info] Frame 89 (t = 0.89):	 total squared error = 0.000816177, marker error: RMS = 0.00571376, max = 0.0125202 (Sternum)
[2026-08-14 12:11:52.246] [info] Frame 90 (t = 0.9):	 total squared error = 0.000812594, marker error: RMS = 0.00570121, max = 0.0122371 (Sternum)
[2026-08-14 12:11:52.276] [info] Frame 91 (t = 0.91):	 total squared error = 0.000803148, marker error: RMS = 0.00566797, max = 0.0118789 (Sternum)
[2026-08-14 12:11:52.297] [info] Frame 92 (t = 0.92):	 total squared error = 0.000793424, marker error: RMS = 0.00563355, max = 0.0115313 (Sternum)
[2026-08-14 12:11:52.327] [info] Frame 93 (t = 0.93):	 total squared error = 0.000778061, marker error: RMS = 0.00557875, max = 0.0112629 (Sternum)
[2026-08-14 12:11:52.355] [info] Frame 94 (t = 0.94):	 total squared error = 0.000763455, marker error: RMS = 0.00552614, max = 0.0109693 (Sternum)
[2026-08-14 12:11:52.392] [info] Frame 95 (t = 0.95):	 total squared error = 0.000745080, marker error: RMS = 0.00545923, max = 0.0105908 (Sternum)
[2026-08-14 12:11:52.422] [info] Frame 96 (t = 0.96):	 total squared error = 0.000722255, marker error: RMS = 0.00537496, max = 0.0101438 (Sternum)
[2026-08-14 12:11:52.448] [info] Frame 97 (t = 0.97):	 total squared error = 0.000696139, marker error: RMS = 0.00527689, max = 0.00965758 (Sternum)
[2026-08-14 12:11:52.485] [info] Frame 98 (t = 0.98):	 total squared error = 0.000669002, marker error: RMS = 0.00517301, max = 0.00927044 (Sternum)
[2026-08-14 12:11:52.511] [info] Frame 99 (t = 0.99):	 total squared error = 0.000642852, marker error: RMS = 0.00507091, max = 0.00870038 (Sternum)
[2026-08-14 12:11:52.551] [info] Frame 100 (t = 1.0):	 total squared error = 0.000617430, marker error: RMS = 0.00496963, max = 0.00831943 (Sternum)
[2026-08-14 12:11:52.575] [info] Frame 101 (t = 1.01):	 total squared error = 0.000592052, marker error: RMS = 0.00486643, max = 0.00784162 (Sternum)
[2026-08-14 12:11:52.594] [info] Frame 102 (t = 1.02):	 total squared error = 0.000570715, marker error: RMS = 0.00477793, max = 0.00773350 (Sacral)
[2026-08-14 12:11:52.620] [info] Frame 103 (t = 1.03):	 total squared error = 0.000544388, marker error: RMS = 0.00466643, max = 0.00752564 (L_Thigh_Lateral)
[2026-08-14 12:11:52.666] [info] Frame 104 (t = 1.04):	 total squared error = 0.000519799, marker error: RMS = 0.00455982, max = 0.00747445 (L_Thigh_Lateral)
[2026-08-14 12:11:52.684] [info] Frame 105 (t = 1.05):	 total squared error = 0.000501908, marker error: RMS = 0.00448066, max = 0.00746698 (L_Thigh_Lateral)
[2026-08-14 12:11:52.705] [info] Frame 106 (t = 1.06):	 total squared error = 0.000479513, marker error: RMS = 0.00437956, max = 0.00736463 (L_Shoulder)
[2026-08-14 12:11:52.725] [info] Frame 107 (t = 1.07):	 total squared error = 0.000464615, marker error: RMS = 0.00431098, max = 0.00738001 (L_Shoulder)
[2026-08-14 12:11:52.743] [info] Frame 108 (t = 1.08):	 total squared error = 0.000450610, marker error: RMS = 0.00424552, max = 0.00724781 (L_Shoulder)
[2026-08-14 12:11:52.763] [info] Frame 109 (t = 1.09):	 total squared error = 0.000441445, marker error: RMS = 0.00420212, max = 0.00712075 (L_Shoulder)
[2026-08-14 12:11:52.800] [info] Frame 110 (t = 1.1):	 total squared error = 0.000430606, marker error: RMS = 0.00415021, max = 0.00653168 (L_Shoulder)
[2026-08-14 12:11:52.818] [info] Frame 111 (t = 1.11):	 total squared error = 0.000436036, marker error: RMS = 0.00417630, max = 0.00652924 (R_Thigh_Lateral)
[2026-08-14 12:11:52.837] [info] Frame 112 (t = 1.12):	 total squared error = 0.000447637, marker error: RMS = 0.00423149, max = 0.00668703 (R_Thigh_Lateral)
[2026-08-14 12:11:52.861] [info] Frame 113 (t = 1.13):	 total squared error = 0.000459607, marker error: RMS = 0.00428769, max = 0.00690230 (C7)
[2026-08-14 12:11:52.881] [info] Frame 114 (t = 1.14):	 total squared error = 0.000482442, marker error: RMS = 0.00439291, max = 0.00724341 (C7)
[2026-08-14 12:11:52.914] [info] Frame 115 (t = 1.15):	 total squared error = 0.000487079, marker error: RMS = 0.00441397, max = 0.00748702 (C7)
[2026-08-14 12:11:52.936] [info] Frame 116 (t = 1.16):	 total squared error = 0.000508117, marker error: RMS = 0.00450829, max = 0.00777231 (C7)
[2026-08-14 12:11:52.979] [info] Frame 117 (t = 1.17):	 total squared error = 0.000525445, marker error: RMS = 0.00458452, max = 0.00822650 (R_Shank_Lateral)
[2026-08-14 12:11:52.999] [info] Frame 118 (t = 1.18):	 total squared error = 0.000556937, marker error: RMS = 0.00471990, max = 0.00875160 (R_Shank_Lateral)
[2026-08-14 12:11:53.016] [info] Frame 119 (t = 1.19):	 total squared error = 0.000603364, marker error: RMS = 0.00491269, max = 0.00927160 (R_Shank_Lateral)
[2026-08-14 12:11:53.057] [info] Frame 120 (t = 1.2):	 total squared error = 0.000618074, marker error: RMS = 0.00497222, max = 0.00989162 (R_Shank_Lateral)
[2026-08-14 12:11:53.072] [info] Frame 121 (t = 1.21):	 total squared error = 0.000673685, marker error: RMS = 0.00519109, max = 0.0104312 (R_Shank_Lateral)
[2026-08-14 12:11:53.100] [info] Frame 122 (t = 1.22):	 total squared error = 0.000703491, marker error: RMS = 0.00530468, max = 0.0108387 (R_Shank_Lateral)
[2026-08-14 12:11:53.137] [info] Frame 123 (t = 1.23):	 total squared error = 0.000741766, marker error: RMS = 0.00544708, max = 0.0110148 (R_Shank_Lateral)
[2026-08-14 12:11:53.162] [info] Frame 124 (t = 1.24):	 total squared error = 0.000776916, marker error: RMS = 0.00557464, max = 0.0110811 (R_Shank_Lateral)
[2026-08-14 12:11:53.196] [info] Frame 125 (t = 1.25):	 total squared error = 0.000791313, marker error: RMS = 0.00562606, max = 0.0105707 (R_Thigh_Lateral)
[2026-08-14 12:11:53.229] [info] Frame 126 (t = 1.26):	 total squared error = 0.000794791, marker error: RMS = 0.00563841, max = 0.0102177 (C7)
[2026-08-14 12:11:53.252] [info] Frame 127 (t = 1.27):	 total squared error = 0.000792631, marker error: RMS = 0.00563074, max = 0.0104735 (C7)
[2026-08-14 12:11:53.286] [info] Frame 128 (t = 1.28):	 total squared error = 0.000778219, marker error: RMS = 0.00557932, max = 0.0106898 (C7)
[2026-08-14 12:11:53.308] [info] Frame 129 (t = 1.29):	 total squared error = 0.000779858, marker error: RMS = 0.00558519, max = 0.0108719 (C7)
[2026-08-14 12:11:53.344] [info] Frame 130 (t = 1.3):	 total squared error = 0.000791438, marker error: RMS = 0.00562650, max = 0.0110116 (C7)
[2026-08-14 12:11:53.363] [info] Frame 131 (t = 1.31):	 total squared error = 0.000829313, marker error: RMS = 0.00575956, max = 0.0111718 (C7)
[2026-08-14 12:11:53.375] [info] Frame 132 (t = 1.32):	 total squared error = 0.000892984, marker error: RMS = 0.00597657, max = 0.0112557 (C7)
[2026-08-14 12:11:53.408] [info] Frame 133 (t = 1.33):	 total squared error = 0.000932518, marker error: RMS = 0.00610743, max = 0.0112568 (C7)
[2026-08-14 12:11:53.425] [info] Frame 134 (t = 1.34):	 total squared error = 0.000981475, marker error: RMS = 0.00626570, max = 0.0113655 (C7)
[2026-08-14 12:11:53.437] [info] Frame 135 (t = 1.35):	 total squared error = 0.00101419, marker error: RMS = 0.00636927, max = 0.0113332 (C7)
[2026-08-14 12:11:53.458] [info] Frame 136 (t = 1.36):	 total squared error = 0.00101075, marker error: RMS = 0.00635845, max = 0.0112722 (Sternum)
[2026-08-14 12:11:53.488] [info] Frame 137 (t = 1.37):	 total squared error = 0.000993604, marker error: RMS = 0.00630430, max = 0.0114058 (Sternum)
[2026-08-14 12:11:53.514] [info] Frame 138 (t = 1.38):	 total squared error = 0.000971290, marker error: RMS = 0.00623311, max = 0.011472 (Sternum)
[2026-08-14 12:11:53.526] [info] Frame 139 (t = 1.39):	 total squared error = 0.000960261, marker error: RMS = 0.00619762, max = 0.0114588 (Sternum)
[2026-08-14 12:11:53.546] [info] Frame 140 (t = 1.4):	 total squared error = 0.000947143, marker error: RMS = 0.00615514, max = 0.0114222 (Sternum)
[2026-08-14 12:11:53.583] [info] Frame 141 (t = 1.41):	 total squared error = 0.000927441, marker error: RMS = 0.00609078, max = 0.0114601 (Sternum)
[2026-08-14 12:11:53.605] [info] Frame 142 (t = 1.42):	 total squared error = 0.000927549, marker error: RMS = 0.00609114, max = 0.0112416 (Sternum)
[2026-08-14 12:11:53.629] [info] Frame 143 (t = 1.43):	 total squared error = 0.000930927, marker error: RMS = 0.00610222, max = 0.0111925 (Sternum)
[2026-08-14 12:11:53.682] [info] Frame 144 (t = 1.44):	 total squared error = 0.000918126, marker error: RMS = 0.00606012, max = 0.0110327 (Sternum)
[2026-08-14 12:11:53.704] [info] Frame 145 (t = 1.45):	 total squared error = 0.000927048, marker error: RMS = 0.00608949, max = 0.0107878 (Sternum)
[2026-08-14 12:11:53.734] [info] Frame 146 (t = 1.46):	 total squared error = 0.000934700, marker error: RMS = 0.00611457, max = 0.0105653 (Sternum)
[2026-08-14 12:11:53.776] [info] Frame 147 (t = 1.47):	 total squared error = 0.000935193, marker error: RMS = 0.00611618, max = 0.0103739 (Sternum)
[2026-08-14 12:11:53.809] [info] Frame 148 (t = 1.48):	 total squared error = 0.000937234, marker error: RMS = 0.00612285, max = 0.0100874 (Sternum)
[2026-08-14 12:11:53.844] [info] Frame 149 (t = 1.49):	 total squared error = 0.000934512, marker error: RMS = 0.00611396, max = 0.00989724 (Sternum)
[2026-08-14 12:11:53.870] [info] Frame 150 (t = 1.5):	 total squared error = 0.000923922, marker error: RMS = 0.00607922, max = 0.00954279 (Sternum)
[2026-08-14 12:11:53.910] [info] Frame 151 (t = 1.51):	 total squared error = 0.000904467, marker error: RMS = 0.00601487, max = 0.00930593 (Sternum)
[2026-08-14 12:11:53.936] [info] Frame 152 (t = 1.52):	 total squared error = 0.000877461, marker error: RMS = 0.00592439, max = 0.00901315 (C7)
[2026-08-14 12:11:53.964] [info] Frame 153 (t = 1.53):	 total squared error = 0.000843745, marker error: RMS = 0.00580946, max = 0.00892377 (L_Shoulder)
[2026-08-14 12:11:53.999] [info] Frame 154 (t = 1.54):	 total squared error = 0.000806779, marker error: RMS = 0.00568077, max = 0.00888405 (L_Shoulder)
[2026-08-14 12:11:54.036] [info] Frame 155 (t = 1.55):	 total squared error = 0.000771698, marker error: RMS = 0.00555589, max = 0.00885216 (L_Shoulder)
[2026-08-14 12:11:54.055] [info] Frame 156 (t = 1.56):	 total squared error = 0.000750842, marker error: RMS = 0.00548030, max = 0.00902235 (L_Shoulder)
[2026-08-14 12:11:54.105] [info] Frame 157 (t = 1.57):	 total squared error = 0.000714966, marker error: RMS = 0.00534777, max = 0.00860556 (L_Shoulder)
[2026-08-14 12:11:54.122] [info] Frame 158 (t = 1.58):	 total squared error = 0.000702854, marker error: RMS = 0.00530228, max = 0.00859902 (L_Shoulder)
[2026-08-14 12:11:54.144] [info] Frame 159 (t = 1.59):	 total squared error = 0.000685921, marker error: RMS = 0.00523802, max = 0.00856538 (L_Thigh_Lateral)
[2026-08-14 12:11:54.161] [info] Frame 160 (t = 1.6):	 total squared error = 0.000688034, marker error: RMS = 0.00524608, max = 0.00886804 (L_Thigh_Lateral)
[2026-08-14 12:11:54.197] [info] Frame 161 (t = 1.61):	 total squared error = 0.000679902, marker error: RMS = 0.00521499, max = 0.00887559 (L_Thigh_Lateral)
[2026-08-14 12:11:54.221] [info] Frame 162 (t = 1.62):	 total squared error = 0.000684287, marker error: RMS = 0.00523178, max = 0.00898823 (L_Thigh_Lateral)
[2026-08-14 12:11:54.272] [info] Frame 163 (t = 1.63):	 total squared error = 0.000685260, marker error: RMS = 0.00523550, max = 0.00924717 (L_Thigh_Lateral)
[2026-08-14 12:11:54.292] [info] Frame 164 (t = 1.64):	 total squared error = 0.000691668, marker error: RMS = 0.00525992, max = 0.00961818 (L_Shank_Lateral)
[2026-08-14 12:11:54.312] [info] Frame 165 (t = 1.65):	 total squared error = 0.000703430, marker error: RMS = 0.00530445, max = 0.0107441 (L_Shank_Lateral)
[2026-08-14 12:11:54.329] [info] Frame 166 (t = 1.66):	 total squared error = 0.000728864, marker error: RMS = 0.00539950, max = 0.0119253 (L_Shank_Lateral)
[2026-08-14 12:11:54.361] [info] Frame 167 (t = 1.67):	 total squared error = 0.000742866, marker error: RMS = 0.00545111, max = 0.0128495 (L_Shank_Lateral)
[2026-08-14 12:11:54.423] [info] Frame 168 (t = 1.68):	 total squared error = 0.000752132, marker error: RMS = 0.00548500, max = 0.0128166 (L_Shank_Lateral)
[2026-08-14 12:11:54.500] [info] Frame 169 (t = 1.69):	 total squared error = 0.000783335, marker error: RMS = 0.00559762, max = 0.0137785 (L_Shank_Lateral)
[2026-08-14 12:11:54.530] [info] Frame 170 (t = 1.7):	 total squared error = 0.000824132, marker error: RMS = 0.00574154, max = 0.0146481 (L_Shank_Lateral)
[2026-08-14 12:11:54.560] [info] Frame 171 (t = 1.71):	 total squared error = 0.000868059, marker error: RMS = 0.00589257, max = 0.0153055 (L_Shank_Lateral)
[2026-08-14 12:11:54.613] [info] Frame 172 (t = 1.72):	 total squared error = 0.000873521, marker error: RMS = 0.00591108, max = 0.0155016 (L_Shank_Lateral)
[2026-08-14 12:11:54.643] [info] Frame 173 (t = 1.73):	 total squared error = 0.000897101, marker error: RMS = 0.00599033, max = 0.0157116 (L_Shank_Lateral)
[2026-08-14 12:11:54.671] [info] Frame 174 (t = 1.74):	 total squared error = 0.000911363, marker error: RMS = 0.00603776, max = 0.0157328 (L_Shank_Lateral)
[2026-08-14 12:11:54.724] [info] Frame 175 (t = 1.75):	 total squared error = 0.000886968, marker error: RMS = 0.00595640, max = 0.0154552 (L_Shank_Lateral)
[2026-08-14 12:11:54.743] [info] Frame 176 (t = 1.76):	 total squared error = 0.000880449, marker error: RMS = 0.00593447, max = 0.0150204 (L_Shank_Lateral)
[2026-08-14 12:11:54.776] [info] Frame 177 (t = 1.77):	 total squared error = 0.000853047, marker error: RMS = 0.00584139, max = 0.0144958 (L_Shank_Lateral)
[2026-08-14 12:11:54.800] [info] Frame 178 (t = 1.78):	 total squared error = 0.000832383, marker error: RMS = 0.00577021, max = 0.0138674 (L_Shank_Lateral)
[2026-08-14 12:11:54.824] [info] Frame 179 (t = 1.79):	 total squared error = 0.000808560, marker error: RMS = 0.00568704, max = 0.0130044 (L_Shank_Lateral)
[2026-08-14 12:11:54.846] [info] Frame 180 (t = 1.8):	 total squared error = 0.000785537, marker error: RMS = 0.00560548, max = 0.0119539 (L_Shank_Lateral)
[2026-08-14 12:11:54.873] [info] Frame 181 (t = 1.81):	 total squared error = 0.000755090, marker error: RMS = 0.00549578, max = 0.0105839 (L_Shank_Lateral)
[2026-08-14 12:11:54.896] [info] Frame 182 (t = 1.82):	 total squared error = 0.000730149, marker error: RMS = 0.00540425, max = 0.00929030 (L_Thigh_Lateral)
[2026-08-14 12:11:54.940] [info] Frame 183 (t = 1.83):	 total squared error = 0.000703279, marker error: RMS = 0.00530388, max = 0.00873638 (L_Shoulder)
[2026-08-14 12:11:54.979] [info] Frame 184 (t = 1.84):	 total squared error = 0.000689678, marker error: RMS = 0.00525234, max = 0.00882726 (L_Shoulder)
[2026-08-14 12:11:55.002] [info] Frame 185 (t = 1.85):	 total squared error = 0.000692484, marker error: RMS = 0.00526302, max = 0.00905749 (Sternum)
[2026-08-14 12:11:55.041] [info] Frame 186 (t = 1.86):	 total squared error = 0.000702832, marker error: RMS = 0.00530220, max = 0.00925137 (Sternum)
[2026-08-14 12:11:55.073] [info] Frame 187 (t = 1.87):	 total squared error = 0.000737869, marker error: RMS = 0.00543275, max = 0.00966440 (Sternum)
[2026-08-14 12:11:55.102] [info] Frame 188 (t = 1.88):	 total squared error = 0.000791496, marker error: RMS = 0.00562671, max = 0.0108161 (L_Thigh_Lateral)
[2026-08-14 12:11:55.124] [info] Frame 189 (t = 1.89):	 total squared error = 0.000860915, marker error: RMS = 0.00586827, max = 0.0123855 (L_Thigh_Lateral)
[2026-08-14 12:11:55.145] [info] Frame 190 (t = 1.9):	 total squared error = 0.000932713, marker error: RMS = 0.00610807, max = 0.0137028 (L_Thigh_Lateral)
[2026-08-14 12:11:55.167] [info] Frame 191 (t = 1.91):	 total squared error = 0.000995879, marker error: RMS = 0.00631151, max = 0.0147087 (L_Thigh_Lateral)
[2026-08-14 12:11:55.182] [info] Frame 192 (t = 1.92):	 total squared error = 0.00104944, marker error: RMS = 0.00647900, max = 0.0153781 (L_Thigh_Lateral)
[2026-08-14 12:11:55.217] [info] Frame 193 (t = 1.93):	 total squared error = 0.00105438, marker error: RMS = 0.00649424, max = 0.0151069 (L_Thigh_Lateral)
[2026-08-14 12:11:55.227] [info] Frame 194 (t = 1.94):	 total squared error = 0.00105358, marker error: RMS = 0.00649177, max = 0.0151276 (L_Thigh_Lateral)
[2026-08-14 12:11:55.259] [info] Frame 195 (t = 1.95):	 total squared error = 0.00101324, marker error: RMS = 0.00636629, max = 0.0136807 (L_Thigh_Lateral)
[2026-08-14 12:11:55.275] [info] Frame 196 (t = 1.96):	 total squared error = 0.000966887, marker error: RMS = 0.00621896, max = 0.012567 (Sternum)
[2026-08-14 12:11:55.303] [info] Frame 197 (t = 1.97):	 total squared error = 0.000908243, marker error: RMS = 0.00602741, max = 0.0125858 (Sternum)
[2026-08-14 12:11:55.326] [info] Frame 198 (t = 1.98):	 total squared error = 0.000851972, marker error: RMS = 0.00583771, max = 0.0124988 (Sternum)
[2026-08-14 12:11:55.347] [info] Frame 199 (t = 1.99):	 total squared error = 0.000800038, marker error: RMS = 0.00565699, max = 0.0123182 (Sternum)
[2026-08-14 12:11:55.372] [info] Frame 200 (t = 2.0):	 total squared error = 0.000754408, marker error: RMS = 0.00549330, max = 0.0120913 (Sternum)
[2026-08-14 12:11:55.406] [info] Frame 201 (t = 2.01):	 total squared error = 0.000705216, marker error: RMS = 0.00531118, max = 0.0117202 (Sternum)
[2026-08-14 12:11:55.429] [info] Frame 202 (t = 2.02):	 total squared error = 0.000670572, marker error: RMS = 0.00517908, max = 0.0113166 (Sternum)
[2026-08-14 12:11:55.451] [info] Frame 203 (t = 2.03):	 total squared error = 0.000642261, marker error: RMS = 0.00506858, max = 0.0108962 (Sternum)
[2026-08-14 12:11:55.479] [info] Frame 204 (t = 2.04):	 total squared error = 0.000617205, marker error: RMS = 0.00496872, max = 0.0105541 (Sternum)
[2026-08-14 12:11:55.497] [info] Frame 205 (t = 2.05):	 total squared error = 0.000601222, marker error: RMS = 0.00490397, max = 0.0101778 (Sternum)
[2026-08-14 12:11:55.518] [info] Frame 206 (t = 2.06):	 total squared error = 0.000594853, marker error: RMS = 0.00487792, max = 0.00975064 (Sternum)
[2026-08-14 12:11:55.548] [info] Frame 207 (t = 2.07):	 total squared error = 0.000588280, marker error: RMS = 0.00485090, max = 0.00954470 (Sternum)
[2026-08-14 12:11:55.577] [info] Frame 208 (t = 2.08):	 total squared error = 0.000594760, marker error: RMS = 0.00487754, max = 0.00916559 (Sternum)
[2026-08-14 12:11:55.627] [info] Frame 209 (t = 2.09):	 total squared error = 0.000599858, marker error: RMS = 0.00489840, max = 0.00891122 (Sternum)
[2026-08-14 12:11:55.665] [info] Frame 210 (t = 2.1):	 total squared error = 0.000603583, marker error: RMS = 0.00491358, max = 0.00851834 (R_Shank_Lateral)
[2026-08-14 12:11:55.705] [info] Frame 211 (t = 2.11):	 total squared error = 0.000598316, marker error: RMS = 0.00489210, max = 0.00852294 (R_Shank_Lateral)
[2026-08-14 12:11:55.723] [info] Frame 212 (t = 2.12):	 total squared error = 0.000598115, marker error: RMS = 0.00489128, max = 0.00798961 (R_Shank_Lateral)
[2026-08-14 12:11:55.760] [info] Frame 213 (t = 2.13):	 total squared error = 0.000575463, marker error: RMS = 0.00479776, max = 0.00756634 (R_Shank_Lateral)
[2026-08-14 12:11:55.782] [info] Frame 214 (t = 2.14):	 total squared error = 0.000566103, marker error: RMS = 0.00475858, max = 0.00718397 (L_Thigh_Lateral)
[2026-08-14 12:11:55.805] [info] Frame 215 (t = 2.15):	 total squared error = 0.000555080, marker error: RMS = 0.00471203, max = 0.00735248 (L_Thigh_Lateral)
[2026-08-14 12:11:55.826] [info] Frame 216 (t = 2.16):	 total squared error = 0.000549177, marker error: RMS = 0.00468691, max = 0.00782905 (L_Thigh_Lateral)
[2026-08-14 12:11:55.854] [info] Frame 217 (t = 2.17):	 total squared error = 0.000527004, marker error: RMS = 0.00459131, max = 0.00765956 (L_Thigh_Lateral)
[2026-08-14 12:11:55.893] [info] Frame 218 (t = 2.18):	 total squared error = 0.000510394, marker error: RMS = 0.00451838, max = 0.00771391 (L_Thigh_Lateral)
[2026-08-14 12:11:55.914] [info] Frame 219 (t = 2.19):	 total squared error = 0.000499001, marker error: RMS = 0.00446767, max = 0.00782601 (L_Thigh_Lateral)
[2026-08-14 12:11:55.951] [info] Frame 220 (t = 2.2):	 total squared error = 0.000487785, marker error: RMS = 0.00441717, max = 0.00771160 (L_Thigh_Lateral)
[2026-08-14 12:11:55.980] [info] Frame 221 (t = 2.21):	 total squared error = 0.000484357, marker error: RMS = 0.00440162, max = 0.00773491 (L_Thigh_Lateral)
[2026-08-14 12:11:55.999] [info] Frame 222 (t = 2.22):	 total squared error = 0.000489444, marker error: RMS = 0.00442468, max = 0.00764789 (L_Thigh_Lateral)
[2026-08-14 12:11:56.042] [info] Frame 223 (t = 2.23):	 total squared error = 0.000485263, marker error: RMS = 0.00440574, max = 0.00762816 (L_Thigh_Lateral)
[2026-08-14 12:11:56.054] [info] Frame 224 (t = 2.24):	 total squared error = 0.000500171, marker error: RMS = 0.00447290, max = 0.00786579 (R_Thigh_Lateral)
[2026-08-14 12:11:56.079] [info] Frame 225 (t = 2.25):	 total squared error = 0.000498423, marker error: RMS = 0.00446508, max = 0.00802522 (R_Thigh_Lateral)
[2026-08-14 12:11:56.103] [info] Frame 226 (t = 2.26):	 total squared error = 0.000504189, marker error: RMS = 0.00449083, max = 0.00823088 (R_Thigh_Lateral)
[2026-08-14 12:11:56.115] [info] Frame 227 (t = 2.27):	 total squared error = 0.000526359, marker error: RMS = 0.00458850, max = 0.00831219 (R_Thigh_Lateral)
[2026-08-14 12:11:56.153] [info] Frame 228 (t = 2.28):	 total squared error = 0.000515015, marker error: RMS = 0.00453879, max = 0.00844577 (R_Thigh_Lateral)
[2026-08-14 12:11:56.182] [info] Frame 229 (t = 2.29):	 total squared error = 0.000527346, marker error: RMS = 0.00459280, max = 0.00841078 (R_Thigh_Lateral)
[2026-08-14 12:11:56.225] [info] Frame 230 (t = 2.3):	 total squared error = 0.000540370, marker error: RMS = 0.00464917, max = 0.00832125 (R_Thigh_Lateral)
[2026-08-14 12:11:56.262] [info] Frame 231 (t = 2.31):	 total squared error = 0.000558745, marker error: RMS = 0.00472756, max = 0.00857488 (C7)
[2026-08-14 12:11:56.289] [info] Frame 232 (t = 2.32):	 total squared error = 0.000583338, marker error: RMS = 0.00483048, max = 0.00883765 (C7)
[2026-08-14 12:11:56.314] [info] Frame 233 (t = 2.33):	 total squared error = 0.000613415, marker error: RMS = 0.00495344, max = 0.00907953 (C7)
[2026-08-14 12:11:56.332] [info] Frame 234 (t = 2.34):	 total squared error = 0.000661646, marker error: RMS = 0.00514450, max = 0.00942523 (C7)
[2026-08-14 12:11:56.374] [info] Frame 235 (t = 2.35):	 total squared error = 0.000684167, marker error: RMS = 0.00523132, max = 0.00954718 (C7)
[2026-08-14 12:11:56.407] [info] Frame 236 (t = 2.36):	 total squared error = 0.000728587, marker error: RMS = 0.00539847, max = 0.00975447 (C7)
[2026-08-14 12:11:56.433] [info] Frame 237 (t = 2.37):	 total squared error = 0.000780340, marker error: RMS = 0.00558691, max = 0.0101995 (R_Shank_Lateral)
[2026-08-14 12:11:56.454] [info] Frame 238 (t = 2.38):	 total squared error = 0.000842491, marker error: RMS = 0.00580514, max = 0.0108582 (R_Thigh_Lateral)
[2026-08-14 12:11:56.493] [info] Frame 239 (t = 2.39):	 total squared error = 0.000862329, marker error: RMS = 0.00587309, max = 0.0109771 (R_Thigh_Lateral)
[2026-08-14 12:11:56.512] [info] Frame 240 (t = 2.4):	 total squared error = 0.000905315, marker error: RMS = 0.00601769, max = 0.0112333 (R_Thigh_Lateral)
[2026-08-14 12:11:56.550] [info] Frame 241 (t = 2.41):	 total squared error = 0.000911980, marker error: RMS = 0.00603980, max = 0.0111207 (R_Thigh_Lateral)
[2026-08-14 12:11:56.578] [info] Frame 242 (t = 2.42):	 total squared error = 0.000919876, marker error: RMS = 0.00606589, max = 0.0109285 (C7)
[2026-08-14 12:11:56.616] [info] Frame 243 (t = 2.43):	 total squared error = 0.000905997, marker error: RMS = 0.00601996, max = 0.0110010 (C7)
[2026-08-14 12:11:56.657] [info] Frame 244 (t = 2.44):	 total squared error = 0.000889608, marker error: RMS = 0.00596526, max = 0.0110572 (C7)
[2026-08-14 12:11:56.680] [info] Frame 245 (t = 2.45):	 total squared error = 0.000877077, marker error: RMS = 0.00592310, max = 0.0111129 (C7)
[2026-08-14 12:11:56.703] [info] Frame 246 (t = 2.46):	 total squared error = 0.000870573, marker error: RMS = 0.00590109, max = 0.0110672 (C7)
[2026-08-14 12:11:56.739] [info] Frame 247 (t = 2.47):	 total squared error = 0.000870257, marker error: RMS = 0.00590002, max = 0.0110426 (C7)
[2026-08-14 12:11:56.758] [info] Frame 248 (t = 2.48):	 total squared error = 0.000888952, marker error: RMS = 0.00596306, max = 0.0110505 (C7)
[2026-08-14 12:11:56.792] [info] Frame 249 (t = 2.49):	 total squared error = 0.000911733, marker error: RMS = 0.00603898, max = 0.0110007 (C7)
[2026-08-14 12:11:56.814] [info] Frame 250 (t = 2.5):	 total squared error = 0.000935748, marker error: RMS = 0.00611800, max = 0.0109641 (C7)
[2026-08-14 12:11:56.835] [info] Frame 251 (t = 2.51):	 total squared error = 0.000950377, marker error: RMS = 0.00616564, max = 0.0109901 (C7)
[2026-08-14 12:11:56.856] [info] Frame 252 (t = 2.52):	 total squared error = 0.000949301, marker error: RMS = 0.00616215, max = 0.0109037 (C7)
[2026-08-14 12:11:56.869] [info] Frame 253 (t = 2.53):	 total squared error = 0.000941403, marker error: RMS = 0.00613646, max = 0.0111306 (C7)
[2026-08-14 12:11:56.903] [info] Frame 254 (t = 2.54):	 total squared error = 0.000909976, marker error: RMS = 0.00603316, max = 0.0110441 (Sternum)
[2026-08-14 12:11:56.915] [info] Frame 255 (t = 2.55):	 total squared error = 0.000897994, marker error: RMS = 0.00599331, max = 0.0110608 (C7)
[2026-08-14 12:11:56.945] [info] Frame 256 (t = 2.56):	 total squared error = 0.000878230, marker error: RMS = 0.00592699, max = 0.0110250 (Sternum)
[2026-08-14 12:11:56.988] [info] Frame 257 (t = 2.57):	 total squared error = 0.000865565, marker error: RMS = 0.00588410, max = 0.0107851 (Sternum)
[2026-08-14 12:11:57.002] [info] Frame 258 (t = 2.58):	 total squared error = 0.000870944, marker error: RMS = 0.00590235, max = 0.0107713 (C7)
[2026-08-14 12:11:57.025] [info] Frame 259 (t = 2.59):	 total squared error = 0.000868977, marker error: RMS = 0.00589568, max = 0.0104741 (C7)
[2026-08-14 12:11:57.063] [info] Frame 260 (t = 2.6):	 total squared error = 0.000857031, marker error: RMS = 0.00585502, max = 0.0103677 (C7)
[2026-08-14 12:11:57.083] [info] Frame 261 (t = 2.61):	 total squared error = 0.000858475, marker error: RMS = 0.00585995, max = 0.0101798 (C7)
[2026-08-14 12:11:57.120] [info] Frame 262 (t = 2.62):	 total squared error = 0.000853833, marker error: RMS = 0.00584408, max = 0.00990249 (C7)
[2026-08-14 12:11:57.146] [info] Frame 263 (t = 2.63):	 total squared error = 0.000848895, marker error: RMS = 0.00582716, max = 0.00971243 (C7)
[2026-08-14 12:11:57.186] [info] Frame 264 (t = 2.64):	 total squared error = 0.000840391, marker error: RMS = 0.00579790, max = 0.00947530 (C7)
[2026-08-14 12:11:57.226] [info] Frame 265 (t = 2.65):	 total squared error = 0.000836272, marker error: RMS = 0.00578367, max = 0.00939171 (L_Elbow)
[2026-08-14 12:11:57.249] [info] Frame 266 (t = 2.66):	 total squared error = 0.000837843, marker error: RMS = 0.00578910, max = 0.00967729 (L_Elbow)
[2026-08-14 12:11:57.282] [info] Frame 267 (t = 2.67):	 total squared error = 0.000835866, marker error: RMS = 0.00578227, max = 0.00973153 (L_Elbow)
[2026-08-14 12:11:57.312] [info] Frame 268 (t = 2.68):	 total squared error = 0.000830331, marker error: RMS = 0.00576309, max = 0.00981432 (L_Elbow)
[2026-08-14 12:11:57.351] [info] Frame 269 (t = 2.69):	 total squared error = 0.000813248, marker error: RMS = 0.00570350, max = 0.00967051 (L_Elbow)
[2026-08-14 12:11:57.367] [info] Frame 270 (t = 2.7):	 total squared error = 0.000801253, marker error: RMS = 0.00566128, max = 0.00965053 (L_Elbow)
[2026-08-14 12:11:57.399] [info] Frame 271 (t = 2.71):	 total squared error = 0.000750291, marker error: RMS = 0.00547829, max = 0.00910801 (L_Elbow)
[2026-08-14 12:11:57.422] [info] Frame 272 (t = 2.72):	 total squared error = 0.000708107, marker error: RMS = 0.00532206, max = 0.00868392 (L_Elbow)
[2026-08-14 12:11:57.450] [info] Frame 273 (t = 2.73):	 total squared error = 0.000662173, marker error: RMS = 0.00514654, max = 0.00803709 (L_Elbow)
[2026-08-14 12:11:57.472] [info] Frame 274 (t = 2.74):	 total squared error = 0.000623098, marker error: RMS = 0.00499239, max = 0.00821602 (L_Thigh_Lateral)
[2026-08-14 12:11:57.494] [info] Frame 275 (t = 2.75):	 total squared error = 0.000577215, marker error: RMS = 0.00480506, max = 0.00788446 (L_Thigh_Lateral)
[2026-08-14 12:11:57.536] [info] Frame 276 (t = 2.76):	 total squared error = 0.000539219, marker error: RMS = 0.00464422, max = 0.00750583 (L_Thigh_Lateral)
[2026-08-14 12:11:57.560] [info] Frame 277 (t = 2.77):	 total squared error = 0.000508712, marker error: RMS = 0.00451093, max = 0.00723099 (L_Thigh_Lateral)
[2026-08-14 12:11:57.584] [info] Frame 278 (t = 2.78):	 total squared error = 0.000484569, marker error: RMS = 0.00440259, max = 0.00699503 (L_Thigh_Lateral)
[2026-08-14 12:11:57.616] [info] Frame 279 (t = 2.79):	 total squared error = 0.000466107, marker error: RMS = 0.00431790, max = 0.00685338 (L_Thigh_Lateral)
[2026-08-14 12:11:57.634] [info] Frame 280 (t = 2.8):	 total squared error = 0.000461725, marker error: RMS = 0.00429756, max = 0.00694425 (L_Thigh_Lateral)
[2026-08-14 12:11:57.674] [info] Frame 281 (t = 2.81):	 total squared error = 0.000450070, marker error: RMS = 0.00424297, max = 0.00698640 (L_Thigh_Lateral)
[2026-08-14 12:11:57.697] [info] Frame 282 (t = 2.82):	 total squared error = 0.000457263, marker error: RMS = 0.00427674, max = 0.00721867 (L_Thigh_Lateral)
[2026-08-14 12:11:57.738] [info] Frame 283 (t = 2.83):	 total squared error = 0.000472851, marker error: RMS = 0.00434903, max = 0.00768370 (L_Thigh_Lateral)
[2026-08-14 12:11:57.760] [info] Frame 284 (t = 2.84):	 total squared error = 0.000508931, marker error: RMS = 0.00451190, max = 0.00851684 (L_Shank_Lateral)
[2026-08-14 12:11:57.782] [info] Frame 285 (t = 2.85):	 total squared error = 0.000554803, marker error: RMS = 0.00471085, max = 0.00985518 (L_Shank_Lateral)
[2026-08-14 12:11:57.826] [info] Frame 286 (t = 2.86):	 total squared error = 0.000597003, marker error: RMS = 0.00488673, max = 0.0106524 (L_Shank_Lateral)
[2026-08-14 12:11:57.843] [info] Frame 287 (t = 2.87):	 total squared error = 0.000670122, marker error: RMS = 0.00517734, max = 0.0118038 (L_Shank_Lateral)
[2026-08-14 12:11:57.893] [info] Frame 288 (t = 2.88):	 total squared error = 0.000720246, marker error: RMS = 0.00536748, max = 0.0125821 (L_Shank_Lateral)
[2026-08-14 12:11:57.912] [info] Frame 289 (t = 2.89):	 total squared error = 0.000801135, marker error: RMS = 0.00566087, max = 0.01337 (L_Shank_Lateral)
[2026-08-14 12:11:57.960] [info] Frame 290 (t = 2.9):	 total squared error = 0.000848241, marker error: RMS = 0.00582492, max = 0.0141030 (L_Shank_Lateral)
[2026-08-14 12:11:57.995] [info] Frame 291 (t = 2.91):	 total squared error = 0.000909706, marker error: RMS = 0.00603227, max = 0.0144651 (L_Shank_Lateral)
[2026-08-14 12:11:58.001] [info] InverseKinematicsTool completed 292 frames in 8 second(s).
[2026-08-14 12:11:58.057] [info] Loaded model SUBJ59-scaled from file C:\Users\migue\Downloads\TFG\2_JMP\SUBJ59\Walk_1\SUBJ59_1_JMP_results\SUBJ59_1_NMSM_JMP_02_knee_ankle.osim
[2026-08-14 12:11:58.831] [warning] Coordinate.setValue:  coordinate pro_sup_r is locked. Unable to change its value.
[2026-08-14 12:11:58.881] [warning] Coordinate.setValue:  coordinate pro_sup_l is locked. Unable to change its value.
[2026-08-14 12:13:04.952] [info] Loaded model SUBJ59-scaled from file C:\Users\migue\Downloads\TFG\2_JMP\SUBJ59\Walk_1\SUBJ59_1_JMP_results\SUBJ59_1_NMSM_JMP_03_final.osim
[2026-08-14 12:13:04.977] [cout] [info] 
               MODEL: SUBJ59-scaled
         coordinates: 41
              forces: 103
           actuators: 103
             muscles: 86
            analyses: 0
              probes: 0
              bodies: 24
              joints: 24
         constraints: 2
             markers: 25
         controllers: 0
  contact geometries: 0
misc modelcomponents: 0
[2026-08-14 12:13:04.977] [info] Running tool .
[2026-08-14 12:13:05.108] [info] Frame 0 (t = 0.0):	 total squared error = 0.000679179, marker error: RMS = 0.00521221, max = 0.0110821 (R_Thigh_Lateral)
[2026-08-14 12:13:05.129] [info] Frame 1 (t = 0.01):	 total squared error = 0.000695715, marker error: RMS = 0.00527528, max = 0.0113235 (R_Thigh_Lateral)
[2026-08-14 12:13:05.147] [info] Frame 2 (t = 0.02):	 total squared error = 0.000721053, marker error: RMS = 0.00537049, max = 0.011671 (R_Thigh_Lateral)
[2026-08-14 12:13:05.165] [info] Frame 3 (t = 0.03):	 total squared error = 0.000748837, marker error: RMS = 0.00547298, max = 0.0120186 (R_Thigh_Lateral)
[2026-08-14 12:13:05.202] [info] Frame 4 (t = 0.04):	 total squared error = 0.000748978, marker error: RMS = 0.00547349, max = 0.0122355 (R_Thigh_Lateral)
[2026-08-14 12:13:05.226] [info] Frame 5 (t = 0.05):	 total squared error = 0.000763248, marker error: RMS = 0.00552539, max = 0.0123621 (R_Thigh_Lateral)
[2026-08-14 12:13:05.241] [info] Frame 6 (t = 0.06):	 total squared error = 0.000786692, marker error: RMS = 0.00560961, max = 0.0120437 (R_Thigh_Lateral)
[2026-08-14 12:13:05.276] [info] Frame 7 (t = 0.07):	 total squared error = 0.000748103, marker error: RMS = 0.00547029, max = 0.0116925 (R_Thigh_Lateral)
[2026-08-14 12:13:05.302] [info] Frame 8 (t = 0.08):	 total squared error = 0.000735284, marker error: RMS = 0.00542322, max = 0.0110938 (R_Thigh_Lateral)
[2026-08-14 12:13:05.325] [info] Frame 9 (t = 0.09):	 total squared error = 0.000721618, marker error: RMS = 0.00537259, max = 0.0103222 (R_Thigh_Lateral)
[2026-08-14 12:13:05.382] [info] Frame 10 (t = 0.1):	 total squared error = 0.000697435, marker error: RMS = 0.00528180, max = 0.00989220 (C7)
[2026-08-14 12:13:05.407] [info] Frame 11 (t = 0.11):	 total squared error = 0.000694676, marker error: RMS = 0.00527134, max = 0.0100183 (C7)
[2026-08-14 12:13:05.439] [info] Frame 12 (t = 0.12):	 total squared error = 0.000696913, marker error: RMS = 0.00527982, max = 0.0100223 (C7)
[2026-08-14 12:13:05.458] [info] Frame 13 (t = 0.13):	 total squared error = 0.000721916, marker error: RMS = 0.00537370, max = 0.0102946 (C7)
[2026-08-14 12:13:05.478] [info] Frame 14 (t = 0.14):	 total squared error = 0.000746182, marker error: RMS = 0.00546326, max = 0.0100990 (C7)
[2026-08-14 12:13:05.491] [info] Frame 15 (t = 0.15):	 total squared error = 0.000788155, marker error: RMS = 0.00561482, max = 0.0103154 (C7)
[2026-08-14 12:13:05.520] [info] Frame 16 (t = 0.16):	 total squared error = 0.000799995, marker error: RMS = 0.00565684, max = 0.0105070 (R_Thigh_Lateral)
[2026-08-14 12:13:05.537] [info] Frame 17 (t = 0.17):	 total squared error = 0.000819990, marker error: RMS = 0.00572709, max = 0.0105117 (R_Thigh_Lateral)
[2026-08-14 12:13:05.559] [info] Frame 18 (t = 0.18):	 total squared error = 0.000824182, marker error: RMS = 0.00574171, max = 0.0101768 (R_Thigh_Lateral)
[2026-08-14 12:13:05.581] [info] Frame 19 (t = 0.19):	 total squared error = 0.000815749, marker error: RMS = 0.00571227, max = 0.00999524 (L_Elbow)
[2026-08-14 12:13:05.593] [info] Frame 20 (t = 0.2):	 total squared error = 0.000804647, marker error: RMS = 0.00567326, max = 0.0100831 (C7)
[2026-08-14 12:13:05.613] [info] Frame 21 (t = 0.21):	 total squared error = 0.000783512, marker error: RMS = 0.00559826, max = 0.00982216 (L_Elbow)
[2026-08-14 12:13:05.624] [info] Frame 22 (t = 0.22):	 total squared error = 0.000777228, marker error: RMS = 0.00557576, max = 0.00990923 (C7)
[2026-08-14 12:13:05.669] [info] Frame 23 (t = 0.23):	 total squared error = 0.000742064, marker error: RMS = 0.00544817, max = 0.00970572 (C7)
[2026-08-14 12:13:05.694] [info] Frame 24 (t = 0.24):	 total squared error = 0.000737158, marker error: RMS = 0.00543013, max = 0.00957112 (C7)
[2026-08-14 12:13:05.735] [info] Frame 25 (t = 0.25):	 total squared error = 0.000732560, marker error: RMS = 0.00541317, max = 0.00947917 (C7)
[2026-08-14 12:13:05.761] [info] Frame 26 (t = 0.26):	 total squared error = 0.000736662, marker error: RMS = 0.00542830, max = 0.00931127 (C7)
[2026-08-14 12:13:05.806] [info] Frame 27 (t = 0.27):	 total squared error = 0.000730270, marker error: RMS = 0.00540470, max = 0.00916309 (C7)
[2026-08-14 12:13:05.828] [info] Frame 28 (t = 0.28):	 total squared error = 0.000730559, marker error: RMS = 0.00540577, max = 0.00903373 (C7)
[2026-08-14 12:13:05.851] [info] Frame 29 (t = 0.29):	 total squared error = 0.000718621, marker error: RMS = 0.00536142, max = 0.00888382 (C7)
[2026-08-14 12:13:05.877] [info] Frame 30 (t = 0.3):	 total squared error = 0.000692037, marker error: RMS = 0.00526132, max = 0.00873454 (C7)
[2026-08-14 12:13:05.911] [info] Frame 31 (t = 0.31):	 total squared error = 0.000653583, marker error: RMS = 0.00511305, max = 0.00853609 (C7)
[2026-08-14 12:13:05.935] [info] Frame 32 (t = 0.32):	 total squared error = 0.000614216, marker error: RMS = 0.00495668, max = 0.00834035 (C7)
[2026-08-14 12:13:05.965] [info] Frame 33 (t = 0.33):	 total squared error = 0.000576272, marker error: RMS = 0.00480113, max = 0.00816703 (C7)
[2026-08-14 12:13:05.992] [info] Frame 34 (t = 0.34):	 total squared error = 0.000542645, marker error: RMS = 0.00465895, max = 0.00800322 (C7)
[2026-08-14 12:13:06.022] [info] Frame 35 (t = 0.35):	 total squared error = 0.000514311, marker error: RMS = 0.00453568, max = 0.00773480 (C7)
[2026-08-14 12:13:06.055] [info] Frame 36 (t = 0.36):	 total squared error = 0.000491290, marker error: RMS = 0.00443301, max = 0.00750575 (C7)
[2026-08-14 12:13:06.097] [info] Frame 37 (t = 0.37):	 total squared error = 0.000473126, marker error: RMS = 0.00435029, max = 0.00725841 (C7)
[2026-08-14 12:13:06.122] [info] Frame 38 (t = 0.38):	 total squared error = 0.000458657, marker error: RMS = 0.00428325, max = 0.00699642 (C7)
[2026-08-14 12:13:06.163] [info] Frame 39 (t = 0.39):	 total squared error = 0.000448259, marker error: RMS = 0.00423442, max = 0.00737887 (L_Thigh_Lateral)
[2026-08-14 12:13:06.183] [info] Frame 40 (t = 0.4):	 total squared error = 0.000439915, marker error: RMS = 0.00419483, max = 0.00842049 (L_Thigh_Lateral)
[2026-08-14 12:13:06.219] [info] Frame 41 (t = 0.41):	 total squared error = 0.000431362, marker error: RMS = 0.00415385, max = 0.00899252 (L_Thigh_Lateral)
[2026-08-14 12:13:06.240] [info] Frame 42 (t = 0.42):	 total squared error = 0.000432442, marker error: RMS = 0.00415905, max = 0.00971210 (L_Thigh_Lateral)
[2026-08-14 12:13:06.266] [info] Frame 43 (t = 0.43):	 total squared error = 0.000437983, marker error: RMS = 0.00418561, max = 0.0103700 (L_Thigh_Lateral)
[2026-08-14 12:13:06.291] [info] Frame 44 (t = 0.44):	 total squared error = 0.000458533, marker error: RMS = 0.00428268, max = 0.0108925 (L_Thigh_Lateral)
[2026-08-14 12:13:06.327] [info] Frame 45 (t = 0.45):	 total squared error = 0.000488139, marker error: RMS = 0.00441877, max = 0.0116012 (L_Thigh_Lateral)
[2026-08-14 12:13:06.356] [info] Frame 46 (t = 0.46):	 total squared error = 0.000520666, marker error: RMS = 0.00456362, max = 0.0118741 (L_Thigh_Lateral)
[2026-08-14 12:13:06.385] [info] Frame 47 (t = 0.47):	 total squared error = 0.000550379, marker error: RMS = 0.00469203, max = 0.0124736 (L_Thigh_Lateral)
[2026-08-14 12:13:06.409] [info] Frame 48 (t = 0.48):	 total squared error = 0.000574288, marker error: RMS = 0.00479286, max = 0.012347 (L_Thigh_Lateral)
[2026-08-14 12:13:06.431] [info] Frame 49 (t = 0.49):	 total squared error = 0.000588797, marker error: RMS = 0.00485303, max = 0.0124181 (L_Shank_Lateral)
[2026-08-14 12:13:06.456] [info] Frame 50 (t = 0.5):	 total squared error = 0.000592915, marker error: RMS = 0.00486997, max = 0.0125182 (L_Shank_Lateral)
[2026-08-14 12:13:06.478] [info] Frame 51 (t = 0.51):	 total squared error = 0.000589842, marker error: RMS = 0.00485733, max = 0.0123285 (L_Shank_Lateral)
[2026-08-14 12:13:06.504] [info] Frame 52 (t = 0.52):	 total squared error = 0.000577505, marker error: RMS = 0.00480627, max = 0.01196 (L_Thigh_Lateral)
[2026-08-14 12:13:06.530] [info] Frame 53 (t = 0.53):	 total squared error = 0.000567264, marker error: RMS = 0.00476346, max = 0.0117896 (L_Thigh_Lateral)
[2026-08-14 12:13:06.545] [info] Frame 54 (t = 0.54):	 total squared error = 0.000570353, marker error: RMS = 0.00477641, max = 0.0118637 (L_Thigh_Lateral)
[2026-08-14 12:13:06.574] [info] Frame 55 (t = 0.55):	 total squared error = 0.000561974, marker error: RMS = 0.00474120, max = 0.0114703 (L_Thigh_Lateral)
[2026-08-14 12:13:06.587] [info] Frame 56 (t = 0.56):	 total squared error = 0.000581288, marker error: RMS = 0.00482198, max = 0.0119844 (L_Thigh_Lateral)
[2026-08-14 12:13:06.608] [info] Frame 57 (t = 0.57):	 total squared error = 0.000601582, marker error: RMS = 0.00490543, max = 0.0122755 (L_Thigh_Lateral)
[2026-08-14 12:13:06.635] [info] Frame 58 (t = 0.58):	 total squared error = 0.000606224, marker error: RMS = 0.00492432, max = 0.0120578 (L_Thigh_Lateral)
[2026-08-14 12:13:06.660] [info] Frame 59 (t = 0.59):	 total squared error = 0.000636899, marker error: RMS = 0.00504737, max = 0.0124869 (L_Thigh_Lateral)
[2026-08-14 12:13:06.698] [info] Frame 60 (t = 0.6):	 total squared error = 0.000667895, marker error: RMS = 0.00516873, max = 0.0128453 (L_Thigh_Lateral)
[2026-08-14 12:13:06.717] [info] Frame 61 (t = 0.61):	 total squared error = 0.000710774, marker error: RMS = 0.00533207, max = 0.0133809 (L_Thigh_Lateral)
[2026-08-14 12:13:06.750] [info] Frame 62 (t = 0.62):	 total squared error = 0.000730789, marker error: RMS = 0.00540662, max = 0.0132522 (L_Thigh_Lateral)
[2026-08-14 12:13:06.772] [info] Frame 63 (t = 0.63):	 total squared error = 0.000754131, marker error: RMS = 0.00549229, max = 0.0131265 (L_Thigh_Lateral)
[2026-08-14 12:13:06.798] [info] Frame 64 (t = 0.64):	 total squared error = 0.000757467, marker error: RMS = 0.00550442, max = 0.0125301 (L_Thigh_Lateral)
[2026-08-14 12:13:06.834] [info] Frame 65 (t = 0.65):	 total squared error = 0.000739698, marker error: RMS = 0.00543948, max = 0.011661 (L_Thigh_Lateral)
[2026-08-14 12:13:06.867] [info] Frame 66 (t = 0.66):	 total squared error = 0.000717201, marker error: RMS = 0.00535612, max = 0.0104574 (L_Thigh_Lateral)
[2026-08-14 12:13:06.888] [info] Frame 67 (t = 0.67):	 total squared error = 0.000693628, marker error: RMS = 0.00526737, max = 0.0103220 (Sternum)
[2026-08-14 12:13:06.935] [info] Frame 68 (t = 0.68):	 total squared error = 0.000665791, marker error: RMS = 0.00516058, max = 0.0105419 (Sternum)
[2026-08-14 12:13:06.975] [info] Frame 69 (t = 0.69):	 total squared error = 0.000652709, marker error: RMS = 0.00510964, max = 0.0109303 (Sternum)
[2026-08-14 12:13:07.008] [info] Frame 70 (t = 0.7):	 total squared error = 0.000660240, marker error: RMS = 0.00513903, max = 0.0113299 (Sternum)
[2026-08-14 12:13:07.035] [info] Frame 71 (t = 0.71):	 total squared error = 0.000686862, marker error: RMS = 0.00524161, max = 0.0116921 (Sternum)
[2026-08-14 12:13:07.090] [info] Frame 72 (t = 0.72):	 total squared error = 0.000720360, marker error: RMS = 0.00536790, max = 0.0117914 (Sternum)
[2026-08-14 12:13:07.112] [info] Frame 73 (t = 0.73):	 total squared error = 0.000778070, marker error: RMS = 0.00557878, max = 0.0121743 (Sternum)
[2026-08-14 12:13:07.135] [info] Frame 74 (t = 0.74):	 total squared error = 0.000840677, marker error: RMS = 0.00579889, max = 0.0124925 (Sternum)
[2026-08-14 12:13:07.161] [info] Frame 75 (t = 0.75):	 total squared error = 0.000895257, marker error: RMS = 0.00598417, max = 0.0127781 (Sternum)
[2026-08-14 12:13:07.175] [info] Frame 76 (t = 0.76):	 total squared error = 0.000937474, marker error: RMS = 0.00612364, max = 0.0131191 (Sternum)
[2026-08-14 12:13:07.210] [info] Frame 77 (t = 0.77):	 total squared error = 0.000933496, marker error: RMS = 0.00611063, max = 0.0131751 (Sternum)
[2026-08-14 12:13:07.224] [info] Frame 78 (t = 0.78):	 total squared error = 0.000914062, marker error: RMS = 0.00604669, max = 0.0135095 (Sternum)
[2026-08-14 12:13:07.246] [info] Frame 79 (t = 0.79):	 total squared error = 0.000869544, marker error: RMS = 0.00589761, max = 0.0136571 (Sternum)
[2026-08-14 12:13:07.274] [info] Frame 80 (t = 0.8):	 total squared error = 0.000816893, marker error: RMS = 0.00571627, max = 0.0137982 (Sternum)
[2026-08-14 12:13:07.295] [info] Frame 81 (t = 0.81):	 total squared error = 0.000775230, marker error: RMS = 0.00556859, max = 0.0139066 (Sternum)
[2026-08-14 12:13:07.341] [info] Frame 82 (t = 0.82):	 total squared error = 0.000735005, marker error: RMS = 0.00542219, max = 0.0137889 (Sternum)
[2026-08-14 12:13:07.359] [info] Frame 83 (t = 0.83):	 total squared error = 0.000725226, marker error: RMS = 0.00538600, max = 0.0137335 (Sternum)
[2026-08-14 12:13:07.380] [info] Frame 84 (t = 0.84):	 total squared error = 0.000723713, marker error: RMS = 0.00538038, max = 0.0136327 (Sternum)
[2026-08-14 12:13:07.405] [info] Frame 85 (t = 0.85):	 total squared error = 0.000726085, marker error: RMS = 0.00538919, max = 0.0135662 (Sternum)
[2026-08-14 12:13:07.451] [info] Frame 86 (t = 0.86):	 total squared error = 0.000718104, marker error: RMS = 0.00535949, max = 0.0132948 (Sternum)
[2026-08-14 12:13:07.474] [info] Frame 87 (t = 0.87):	 total squared error = 0.000730887, marker error: RMS = 0.00540698, max = 0.0129819 (Sternum)
[2026-08-14 12:13:07.500] [info] Frame 88 (t = 0.88):	 total squared error = 0.000742439, marker error: RMS = 0.00544955, max = 0.0127166 (Sternum)
[2026-08-14 12:13:07.525] [info] Frame 89 (t = 0.89):	 total squared error = 0.000747739, marker error: RMS = 0.00546896, max = 0.0124329 (Sternum)
[2026-08-14 12:13:07.552] [info] Frame 90 (t = 0.9):	 total squared error = 0.000745819, marker error: RMS = 0.00546194, max = 0.0121665 (Sternum)
[2026-08-14 12:13:07.588] [info] Frame 91 (t = 0.91):	 total squared error = 0.000738045, marker error: RMS = 0.00543340, max = 0.0119080 (Sternum)
[2026-08-14 12:13:07.611] [info] Frame 92 (t = 0.92):	 total squared error = 0.000729557, marker error: RMS = 0.00540206, max = 0.0115648 (Sternum)
[2026-08-14 12:13:07.637] [info] Frame 93 (t = 0.93):	 total squared error = 0.000720328, marker error: RMS = 0.00536779, max = 0.0112529 (Sternum)
[2026-08-14 12:13:07.662] [info] Frame 94 (t = 0.94):	 total squared error = 0.000708828, marker error: RMS = 0.00532477, max = 0.0108565 (Sternum)
[2026-08-14 12:13:07.695] [info] Frame 95 (t = 0.95):	 total squared error = 0.000692329, marker error: RMS = 0.00526243, max = 0.0106197 (Sternum)
[2026-08-14 12:13:07.720] [info] Frame 96 (t = 0.96):	 total squared error = 0.000668910, marker error: RMS = 0.00517266, max = 0.0101678 (Sternum)
[2026-08-14 12:13:07.744] [info] Frame 97 (t = 0.97):	 total squared error = 0.000643840, marker error: RMS = 0.00507480, max = 0.00972635 (Sternum)
[2026-08-14 12:13:07.772] [info] Frame 98 (t = 0.98):	 total squared error = 0.000612236, marker error: RMS = 0.00494868, max = 0.00922136 (Sternum)
[2026-08-14 12:13:07.808] [info] Frame 99 (t = 0.99):	 total squared error = 0.000582295, marker error: RMS = 0.00482616, max = 0.00886656 (Sternum)
[2026-08-14 12:13:07.833] [info] Frame 100 (t = 1.0):	 total squared error = 0.000552502, marker error: RMS = 0.00470107, max = 0.00835846 (Sternum)
[2026-08-14 12:13:07.859] [info] Frame 101 (t = 1.01):	 total squared error = 0.000523787, marker error: RMS = 0.00457728, max = 0.00793135 (Sternum)
[2026-08-14 12:13:07.877] [info] Frame 102 (t = 1.02):	 total squared error = 0.000502432, marker error: RMS = 0.00448300, max = 0.00763788 (L_Shoulder)
[2026-08-14 12:13:07.923] [info] Frame 103 (t = 1.03):	 total squared error = 0.000471090, marker error: RMS = 0.00434092, max = 0.00737717 (L_Shoulder)
[2026-08-14 12:13:07.946] [info] Frame 104 (t = 1.04):	 total squared error = 0.000446999, marker error: RMS = 0.00422847, max = 0.00736212 (L_Shoulder)
[2026-08-14 12:13:07.971] [info] Frame 105 (t = 1.05):	 total squared error = 0.000426236, marker error: RMS = 0.00412910, max = 0.00741768 (L_Shoulder)
[2026-08-14 12:13:07.987] [info] Frame 106 (t = 1.06):	 total squared error = 0.000412824, marker error: RMS = 0.00406361, max = 0.00752458 (L_Shoulder)
[2026-08-14 12:13:08.006] [info] Frame 107 (t = 1.07):	 total squared error = 0.000397504, marker error: RMS = 0.00398750, max = 0.00747820 (L_Shoulder)
[2026-08-14 12:13:08.028] [info] Frame 108 (t = 1.08):	 total squared error = 0.000383385, marker error: RMS = 0.00391605, max = 0.00728257 (L_Shoulder)
[2026-08-14 12:13:08.048] [info] Frame 109 (t = 1.09):	 total squared error = 0.000376356, marker error: RMS = 0.00387998, max = 0.00714570 (L_Shoulder)
[2026-08-14 12:13:08.081] [info] Frame 110 (t = 1.1):	 total squared error = 0.000367859, marker error: RMS = 0.00383593, max = 0.00657172 (L_Shoulder)
[2026-08-14 12:13:08.107] [info] Frame 111 (t = 1.11):	 total squared error = 0.000371579, marker error: RMS = 0.00385528, max = 0.00637704 (L_Shoulder)
[2026-08-14 12:13:08.133] [info] Frame 112 (t = 1.12):	 total squared error = 0.000379466, marker error: RMS = 0.00389598, max = 0.00668609 (C7)
[2026-08-14 12:13:08.162] [info] Frame 113 (t = 1.13):	 total squared error = 0.000390120, marker error: RMS = 0.00395029, max = 0.00697579 (C7)
[2026-08-14 12:13:08.195] [info] Frame 114 (t = 1.14):	 total squared error = 0.000403381, marker error: RMS = 0.00401687, max = 0.00725691 (C7)
[2026-08-14 12:13:08.222] [info] Frame 115 (t = 1.15):	 total squared error = 0.000418116, marker error: RMS = 0.00408958, max = 0.00751890 (C7)
[2026-08-14 12:13:08.249] [info] Frame 116 (t = 1.16):	 total squared error = 0.000436066, marker error: RMS = 0.00417644, max = 0.00777646 (C7)
[2026-08-14 12:13:08.279] [info] Frame 117 (t = 1.17):	 total squared error = 0.000457106, marker error: RMS = 0.00427601, max = 0.00801118 (C7)
[2026-08-14 12:13:08.296] [info] Frame 118 (t = 1.18):	 total squared error = 0.000491995, marker error: RMS = 0.00443619, max = 0.00833836 (C7)
[2026-08-14 12:13:08.312] [info] Frame 119 (t = 1.19):	 total squared error = 0.000541525, marker error: RMS = 0.00465414, max = 0.00901969 (R_Thigh_Lateral)
[2026-08-14 12:13:08.355] [info] Frame 120 (t = 1.2):	 total squared error = 0.000549496, marker error: RMS = 0.00468827, max = 0.00925340 (R_Thigh_Lateral)
[2026-08-14 12:13:08.379] [info] Frame 121 (t = 1.21):	 total squared error = 0.000596900, marker error: RMS = 0.00488631, max = 0.00999795 (R_Thigh_Lateral)
[2026-08-14 12:13:08.397] [info] Frame 122 (t = 1.22):	 total squared error = 0.000657072, marker error: RMS = 0.00512668, max = 0.0107187 (R_Thigh_Lateral)
[2026-08-14 12:13:08.422] [info] Frame 123 (t = 1.23):	 total squared error = 0.000687769, marker error: RMS = 0.00524507, max = 0.0111188 (R_Thigh_Lateral)
[2026-08-14 12:13:08.454] [info] Frame 124 (t = 1.24):	 total squared error = 0.000709487, marker error: RMS = 0.00532724, max = 0.0110676 (R_Thigh_Lateral)
[2026-08-14 12:13:08.486] [info] Frame 125 (t = 1.25):	 total squared error = 0.000727926, marker error: RMS = 0.00539602, max = 0.0108173 (R_Thigh_Lateral)
[2026-08-14 12:13:08.513] [info] Frame 126 (t = 1.26):	 total squared error = 0.000736657, marker error: RMS = 0.00542829, max = 0.0102499 (C7)
[2026-08-14 12:13:08.553] [info] Frame 127 (t = 1.27):	 total squared error = 0.000727760, marker error: RMS = 0.00539541, max = 0.0105083 (C7)
[2026-08-14 12:13:08.574] [info] Frame 128 (t = 1.28):	 total squared error = 0.000724552, marker error: RMS = 0.00538350, max = 0.0107128 (C7)
[2026-08-14 12:13:08.590] [info] Frame 129 (t = 1.29):	 total squared error = 0.000738340, marker error: RMS = 0.00543448, max = 0.0110690 (C7)
[2026-08-14 12:13:08.617] [info] Frame 130 (t = 1.3):	 total squared error = 0.000738739, marker error: RMS = 0.00543595, max = 0.0110225 (C7)
[2026-08-14 12:13:08.650] [info] Frame 131 (t = 1.31):	 total squared error = 0.000775353, marker error: RMS = 0.00556903, max = 0.0111913 (C7)
[2026-08-14 12:13:08.664] [info] Frame 132 (t = 1.32):	 total squared error = 0.000839071, marker error: RMS = 0.00579335, max = 0.0113017 (C7)
[2026-08-14 12:13:08.684] [info] Frame 133 (t = 1.33):	 total squared error = 0.000889077, marker error: RMS = 0.00596348, max = 0.0113265 (C7)
[2026-08-14 12:13:08.707] [info] Frame 134 (t = 1.34):	 total squared error = 0.000934649, marker error: RMS = 0.00611440, max = 0.011298 (C7)
[2026-08-14 12:13:08.716] [info] Frame 135 (t = 1.35):	 total squared error = 0.000968850, marker error: RMS = 0.00622527, max = 0.0112465 (C7)
[2026-08-14 12:13:08.737] [info] Frame 136 (t = 1.36):	 total squared error = 0.000969709, marker error: RMS = 0.00622803, max = 0.0112932 (C7)
[2026-08-14 12:13:08.764] [info] Frame 137 (t = 1.37):	 total squared error = 0.000953662, marker error: RMS = 0.00617628, max = 0.0113011 (Sternum)
[2026-08-14 12:13:08.802] [info] Frame 138 (t = 1.38):	 total squared error = 0.000931200, marker error: RMS = 0.00610311, max = 0.0113258 (Sternum)
[2026-08-14 12:13:08.819] [info] Frame 139 (t = 1.39):	 total squared error = 0.000919428, marker error: RMS = 0.00606441, max = 0.0113326 (Sternum)
[2026-08-14 12:13:08.843] [info] Frame 140 (t = 1.4):	 total squared error = 0.000911038, marker error: RMS = 0.00603668, max = 0.0113821 (Sternum)
[2026-08-14 12:13:08.868] [info] Frame 141 (t = 1.41):	 total squared error = 0.000908734, marker error: RMS = 0.00602904, max = 0.0114017 (Sternum)
[2026-08-14 12:13:08.905] [info] Frame 142 (t = 1.42):	 total squared error = 0.000897052, marker error: RMS = 0.00599017, max = 0.0113193 (Sternum)
[2026-08-14 12:13:08.945] [info] Frame 143 (t = 1.43):	 total squared error = 0.000892023, marker error: RMS = 0.00597335, max = 0.0110434 (Sternum)
[2026-08-14 12:13:08.967] [info] Frame 144 (t = 1.44):	 total squared error = 0.000898717, marker error: RMS = 0.00599572, max = 0.0108597 (Sternum)
[2026-08-14 12:13:08.991] [info] Frame 145 (t = 1.45):	 total squared error = 0.000908299, marker error: RMS = 0.00602760, max = 0.0107880 (Sternum)
[2026-08-14 12:13:09.015] [info] Frame 146 (t = 1.46):	 total squared error = 0.000913811, marker error: RMS = 0.00604586, max = 0.0105878 (Sternum)
[2026-08-14 12:13:09.054] [info] Frame 147 (t = 1.47):	 total squared error = 0.000902569, marker error: RMS = 0.00600856, max = 0.0103303 (R_Shoulder)
[2026-08-14 12:13:09.081] [info] Frame 148 (t = 1.48):	 total squared error = 0.000899655, marker error: RMS = 0.00599885, max = 0.0101064 (Sternum)
[2026-08-14 12:13:09.102] [info] Frame 149 (t = 1.49):	 total squared error = 0.000893908, marker error: RMS = 0.00597966, max = 0.00986553 (Sternum)
[2026-08-14 12:13:09.128] [info] Frame 150 (t = 1.5):	 total squared error = 0.000879220, marker error: RMS = 0.00593033, max = 0.00960487 (Sternum)
[2026-08-14 12:13:09.164] [info] Frame 151 (t = 1.51):	 total squared error = 0.000857549, marker error: RMS = 0.00585679, max = 0.00939155 (Sternum)
[2026-08-14 12:13:09.192] [info] Frame 152 (t = 1.52):	 total squared error = 0.000830612, marker error: RMS = 0.00576407, max = 0.00910593 (Sternum)
[2026-08-14 12:13:09.219] [info] Frame 153 (t = 1.53):	 total squared error = 0.000802389, marker error: RMS = 0.00566529, max = 0.00899020 (L_Shoulder)
[2026-08-14 12:13:09.243] [info] Frame 154 (t = 1.54):	 total squared error = 0.000772670, marker error: RMS = 0.00555939, max = 0.00898962 (L_Shoulder)
[2026-08-14 12:13:09.266] [info] Frame 155 (t = 1.55):	 total squared error = 0.000742856, marker error: RMS = 0.00545108, max = 0.00892494 (L_Shoulder)
[2026-08-14 12:13:09.291] [info] Frame 156 (t = 1.56):	 total squared error = 0.000717124, marker error: RMS = 0.00535583, max = 0.00887197 (L_Shoulder)
[2026-08-14 12:13:09.317] [info] Frame 157 (t = 1.57):	 total squared error = 0.000691756, marker error: RMS = 0.00526025, max = 0.00864231 (L_Shoulder)
[2026-08-14 12:13:09.341] [info] Frame 158 (t = 1.58):	 total squared error = 0.000671117, marker error: RMS = 0.00518118, max = 0.00875127 (L_Thigh_Lateral)
[2026-08-14 12:13:09.371] [info] Frame 159 (t = 1.59):	 total squared error = 0.000653801, marker error: RMS = 0.00511391, max = 0.00887137 (L_Thigh_Lateral)
[2026-08-14 12:13:09.397] [info] Frame 160 (t = 1.6):	 total squared error = 0.000642328, marker error: RMS = 0.00506884, max = 0.00907977 (L_Thigh_Lateral)
[2026-08-14 12:13:09.427] [info] Frame 161 (t = 1.61):	 total squared error = 0.000634658, marker error: RMS = 0.00503849, max = 0.00922826 (L_Thigh_Lateral)
[2026-08-14 12:13:09.446] [info] Frame 162 (t = 1.62):	 total squared error = 0.000634927, marker error: RMS = 0.00503955, max = 0.00938720 (L_Thigh_Lateral)
[2026-08-14 12:13:09.468] [info] Frame 163 (t = 1.63):	 total squared error = 0.000632441, marker error: RMS = 0.00502968, max = 0.00951553 (L_Thigh_Lateral)
[2026-08-14 12:13:09.487] [info] Frame 164 (t = 1.64):	 total squared error = 0.000632541, marker error: RMS = 0.00503008, max = 0.00975088 (L_Thigh_Lateral)
[2026-08-14 12:13:09.504] [info] Frame 165 (t = 1.65):	 total squared error = 0.000640231, marker error: RMS = 0.00506056, max = 0.0100576 (L_Thigh_Lateral)
[2026-08-14 12:13:09.537] [info] Frame 166 (t = 1.66):	 total squared error = 0.000629487, marker error: RMS = 0.00501792, max = 0.0113294 (L_Thigh_Lateral)
[2026-08-14 12:13:09.556] [info] Frame 167 (t = 1.67):	 total squared error = 0.000647777, marker error: RMS = 0.00509029, max = 0.0114817 (L_Thigh_Lateral)
[2026-08-14 12:13:09.587] [info] Frame 168 (t = 1.68):	 total squared error = 0.000668449, marker error: RMS = 0.00517088, max = 0.0121073 (L_Thigh_Lateral)
[2026-08-14 12:13:09.605] [info] Frame 169 (t = 1.69):	 total squared error = 0.000704675, marker error: RMS = 0.00530914, max = 0.0126042 (L_Thigh_Lateral)
[2026-08-14 12:13:09.642] [info] Frame 170 (t = 1.7):	 total squared error = 0.000726444, marker error: RMS = 0.00539053, max = 0.0131445 (L_Thigh_Lateral)
[2026-08-14 12:13:09.679] [info] Frame 171 (t = 1.71):	 total squared error = 0.000753756, marker error: RMS = 0.00549093, max = 0.0136614 (L_Thigh_Lateral)
[2026-08-14 12:13:09.708] [info] Frame 172 (t = 1.72):	 total squared error = 0.000777238, marker error: RMS = 0.00557580, max = 0.0141145 (L_Shank_Lateral)
[2026-08-14 12:13:09.724] [info] Frame 173 (t = 1.73):	 total squared error = 0.000804353, marker error: RMS = 0.00567222, max = 0.014393 (L_Thigh_Lateral)
[2026-08-14 12:13:09.757] [info] Frame 174 (t = 1.74):	 total squared error = 0.000795893, marker error: RMS = 0.00564231, max = 0.0143117 (L_Shank_Lateral)
[2026-08-14 12:13:09.773] [info] Frame 175 (t = 1.75):	 total squared error = 0.000801503, marker error: RMS = 0.00566216, max = 0.0144027 (L_Thigh_Lateral)
[2026-08-14 12:13:09.814] [info] Frame 176 (t = 1.76):	 total squared error = 0.000788545, marker error: RMS = 0.00561621, max = 0.0139861 (L_Shank_Lateral)
[2026-08-14 12:13:09.832] [info] Frame 177 (t = 1.77):	 total squared error = 0.000783296, marker error: RMS = 0.00559749, max = 0.0137478 (L_Thigh_Lateral)
[2026-08-14 12:13:09.861] [info] Frame 178 (t = 1.78):	 total squared error = 0.000752529, marker error: RMS = 0.00548645, max = 0.0129252 (L_Thigh_Lateral)
[2026-08-14 12:13:09.880] [info] Frame 179 (t = 1.79):	 total squared error = 0.000740740, marker error: RMS = 0.00544331, max = 0.0123898 (L_Thigh_Lateral)
[2026-08-14 12:13:09.900] [info] Frame 180 (t = 1.8):	 total squared error = 0.000726651, marker error: RMS = 0.00539129, max = 0.0116316 (L_Thigh_Lateral)
[2026-08-14 12:13:09.919] [info] Frame 181 (t = 1.81):	 total squared error = 0.000710657, marker error: RMS = 0.00533163, max = 0.0108005 (L_Thigh_Lateral)
[2026-08-14 12:13:09.959] [info] Frame 182 (t = 1.82):	 total squared error = 0.000683876, marker error: RMS = 0.00523020, max = 0.00988320 (L_Thigh_Lateral)
[2026-08-14 12:13:09.979] [info] Frame 183 (t = 1.83):	 total squared error = 0.000676490, marker error: RMS = 0.00520188, max = 0.00908112 (L_Thigh_Lateral)
[2026-08-14 12:13:10.010] [info] Frame 184 (t = 1.84):	 total squared error = 0.000664674, marker error: RMS = 0.00515625, max = 0.00893898 (L_Shoulder)
[2026-08-14 12:13:10.033] [info] Frame 185 (t = 1.85):	 total squared error = 0.000670895, marker error: RMS = 0.00518033, max = 0.00892481 (Sternum)
[2026-08-14 12:13:10.053] [info] Frame 186 (t = 1.86):	 total squared error = 0.000688664, marker error: RMS = 0.00524848, max = 0.00938835 (Sternum)
[2026-08-14 12:13:10.088] [info] Frame 187 (t = 1.87):	 total squared error = 0.000711919, marker error: RMS = 0.00533636, max = 0.00950206 (Sternum)
[2026-08-14 12:13:10.112] [info] Frame 188 (t = 1.88):	 total squared error = 0.000760104, marker error: RMS = 0.00551400, max = 0.0101441 (L_Thigh_Lateral)
[2026-08-14 12:13:10.141] [info] Frame 189 (t = 1.89):	 total squared error = 0.000816795, marker error: RMS = 0.00571592, max = 0.0113877 (L_Thigh_Lateral)
[2026-08-14 12:13:10.163] [info] Frame 190 (t = 1.9):	 total squared error = 0.000880107, marker error: RMS = 0.00593332, max = 0.0126037 (L_Thigh_Lateral)
[2026-08-14 12:13:10.185] [info] Frame 191 (t = 1.91):	 total squared error = 0.000934981, marker error: RMS = 0.00611549, max = 0.0135036 (L_Thigh_Lateral)
[2026-08-14 12:13:10.208] [info] Frame 192 (t = 1.92):	 total squared error = 0.000972929, marker error: RMS = 0.00623836, max = 0.0140238 (L_Thigh_Lateral)
[2026-08-14 12:13:10.221] [info] Frame 193 (t = 1.93):	 total squared error = 0.000996433, marker error: RMS = 0.00631327, max = 0.0141924 (L_Thigh_Lateral)
[2026-08-14 12:13:10.240] [info] Frame 194 (t = 1.94):	 total squared error = 0.000980164, marker error: RMS = 0.00626151, max = 0.0136121 (L_Thigh_Lateral)
[2026-08-14 12:13:10.263] [info] Frame 195 (t = 1.95):	 total squared error = 0.000946079, marker error: RMS = 0.00615168, max = 0.012688 (L_Thigh_Lateral)
[2026-08-14 12:13:10.276] [info] Frame 196 (t = 1.96):	 total squared error = 0.000904546, marker error: RMS = 0.00601514, max = 0.0124739 (Sternum)
[2026-08-14 12:13:10.309] [info] Frame 197 (t = 1.97):	 total squared error = 0.000848745, marker error: RMS = 0.00582664, max = 0.0124968 (Sternum)
[2026-08-14 12:13:10.331] [info] Frame 198 (t = 1.98):	 total squared error = 0.000799236, marker error: RMS = 0.00565415, max = 0.0123928 (Sternum)
[2026-08-14 12:13:10.365] [info] Frame 199 (t = 1.99):	 total squared error = 0.000747802, marker error: RMS = 0.00546919, max = 0.0122289 (Sternum)
[2026-08-14 12:13:10.385] [info] Frame 200 (t = 2.0):	 total squared error = 0.000707241, marker error: RMS = 0.00531880, max = 0.0118959 (Sternum)
[2026-08-14 12:13:10.415] [info] Frame 201 (t = 2.01):	 total squared error = 0.000670827, marker error: RMS = 0.00518006, max = 0.0116094 (Sternum)
[2026-08-14 12:13:10.449] [info] Frame 202 (t = 2.02):	 total squared error = 0.000628909, marker error: RMS = 0.00501561, max = 0.0112816 (Sternum)
[2026-08-14 12:13:10.475] [info] Frame 203 (t = 2.03):	 total squared error = 0.000600514, marker error: RMS = 0.00490108, max = 0.0108083 (Sternum)
[2026-08-14 12:13:10.498] [info] Frame 204 (t = 2.04):	 total squared error = 0.000579264, marker error: RMS = 0.00481358, max = 0.0104347 (Sternum)
[2026-08-14 12:13:10.525] [info] Frame 205 (t = 2.05):	 total squared error = 0.000562699, marker error: RMS = 0.00474426, max = 0.0100823 (Sternum)
[2026-08-14 12:13:10.549] [info] Frame 206 (t = 2.06):	 total squared error = 0.000556534, marker error: RMS = 0.00471819, max = 0.00973988 (Sternum)
[2026-08-14 12:13:10.589] [info] Frame 207 (t = 2.07):	 total squared error = 0.000553957, marker error: RMS = 0.00470726, max = 0.00948056 (Sternum)
[2026-08-14 12:13:10.616] [info] Frame 208 (t = 2.08):	 total squared error = 0.000561954, marker error: RMS = 0.00474111, max = 0.00916612 (Sternum)
[2026-08-14 12:13:10.641] [info] Frame 209 (t = 2.09):	 total squared error = 0.000569194, marker error: RMS = 0.00477156, max = 0.00883893 (Sternum)
[2026-08-14 12:13:10.666] [info] Frame 210 (t = 2.1):	 total squared error = 0.000568638, marker error: RMS = 0.00476923, max = 0.00847712 (Sternum)
[2026-08-14 12:13:10.703] [info] Frame 211 (t = 2.11):	 total squared error = 0.000557497, marker error: RMS = 0.00472227, max = 0.00827615 (Sternum)
[2026-08-14 12:13:10.741] [info] Frame 212 (t = 2.12):	 total squared error = 0.000539578, marker error: RMS = 0.00464576, max = 0.00777195 (Sternum)
[2026-08-14 12:13:10.776] [info] Frame 213 (t = 2.13):	 total squared error = 0.000520299, marker error: RMS = 0.00456201, max = 0.00736032 (Sternum)
[2026-08-14 12:13:10.798] [info] Frame 214 (t = 2.14):	 total squared error = 0.000503902, marker error: RMS = 0.00448955, max = 0.00708604 (L_Shoulder)
[2026-08-14 12:13:10.819] [info] Frame 215 (t = 2.15):	 total squared error = 0.000495385, marker error: RMS = 0.00445145, max = 0.00704834 (L_Shoulder)
[2026-08-14 12:13:10.866] [info] Frame 216 (t = 2.16):	 total squared error = 0.000469169, marker error: RMS = 0.00433206, max = 0.00667492 (L_Shoulder)
[2026-08-14 12:13:10.886] [info] Frame 217 (t = 2.17):	 total squared error = 0.000452740, marker error: RMS = 0.00425554, max = 0.00669095 (L_Shoulder)
[2026-08-14 12:13:10.920] [info] Frame 218 (t = 2.18):	 total squared error = 0.000432577, marker error: RMS = 0.00415970, max = 0.00660149 (L_Thigh_Lateral)
[2026-08-14 12:13:10.939] [info] Frame 219 (t = 2.19):	 total squared error = 0.000420375, marker error: RMS = 0.00410061, max = 0.00671536 (L_Thigh_Lateral)
[2026-08-14 12:13:10.970] [info] Frame 220 (t = 2.2):	 total squared error = 0.000407735, marker error: RMS = 0.00403849, max = 0.00668081 (L_Thigh_Lateral)
[2026-08-14 12:13:10.988] [info] Frame 221 (t = 2.21):	 total squared error = 0.000409500, marker error: RMS = 0.00404722, max = 0.00689947 (R_Thigh_Lateral)
[2026-08-14 12:13:11.025] [info] Frame 222 (t = 2.22):	 total squared error = 0.000403713, marker error: RMS = 0.00401852, max = 0.00710470 (R_Thigh_Lateral)
[2026-08-14 12:13:11.052] [info] Frame 223 (t = 2.23):	 total squared error = 0.000407681, marker error: RMS = 0.00403822, max = 0.00736587 (R_Thigh_Lateral)
[2026-08-14 12:13:11.078] [info] Frame 224 (t = 2.24):	 total squared error = 0.000413528, marker error: RMS = 0.00406708, max = 0.00765550 (R_Thigh_Lateral)
[2026-08-14 12:13:11.089] [info] Frame 225 (t = 2.25):	 total squared error = 0.000432454, marker error: RMS = 0.00415911, max = 0.00787602 (R_Thigh_Lateral)
[2026-08-14 12:13:11.128] [info] Frame 226 (t = 2.26):	 total squared error = 0.000427980, marker error: RMS = 0.00413754, max = 0.00812545 (R_Thigh_Lateral)
[2026-08-14 12:13:11.146] [info] Frame 227 (t = 2.27):	 total squared error = 0.000441567, marker error: RMS = 0.00420270, max = 0.00825774 (R_Thigh_Lateral)
[2026-08-14 12:13:11.182] [info] Frame 228 (t = 2.28):	 total squared error = 0.000448189, marker error: RMS = 0.00423410, max = 0.00826025 (R_Thigh_Lateral)
[2026-08-14 12:13:11.198] [info] Frame 229 (t = 2.29):	 total squared error = 0.000468779, marker error: RMS = 0.00433026, max = 0.00833643 (R_Thigh_Lateral)
[2026-08-14 12:13:11.231] [info] Frame 230 (t = 2.3):	 total squared error = 0.000476075, marker error: RMS = 0.00436383, max = 0.00827898 (C7)
[2026-08-14 12:13:11.247] [info] Frame 231 (t = 2.31):	 total squared error = 0.000503782, marker error: RMS = 0.00448902, max = 0.00854511 (C7)
[2026-08-14 12:13:11.285] [info] Frame 232 (t = 2.32):	 total squared error = 0.000515901, marker error: RMS = 0.00454269, max = 0.00884815 (C7)
[2026-08-14 12:13:11.302] [info] Frame 233 (t = 2.33):	 total squared error = 0.000554622, marker error: RMS = 0.00471008, max = 0.00918858 (C7)
[2026-08-14 12:13:11.339] [info] Frame 234 (t = 2.34):	 total squared error = 0.000576129, marker error: RMS = 0.00480054, max = 0.00931577 (C7)
[2026-08-14 12:13:11.375] [info] Frame 235 (t = 2.35):	 total squared error = 0.000614324, marker error: RMS = 0.00495711, max = 0.00952052 (C7)
[2026-08-14 12:13:11.410] [info] Frame 236 (t = 2.36):	 total squared error = 0.000658217, marker error: RMS = 0.00513115, max = 0.00977845 (C7)
[2026-08-14 12:13:11.438] [info] Frame 237 (t = 2.37):	 total squared error = 0.000706550, marker error: RMS = 0.00531620, max = 0.0101929 (R_Thigh_Lateral)
[2026-08-14 12:13:11.465] [info] Frame 238 (t = 2.38):	 total squared error = 0.000757933, marker error: RMS = 0.00550612, max = 0.0108320 (R_Thigh_Lateral)
[2026-08-14 12:13:11.500] [info] Frame 239 (t = 2.39):	 total squared error = 0.000794764, marker error: RMS = 0.00563831, max = 0.0111696 (R_Thigh_Lateral)
[2026-08-14 12:13:11.526] [info] Frame 240 (t = 2.4):	 total squared error = 0.000834136, marker error: RMS = 0.00577628, max = 0.0114984 (R_Thigh_Lateral)
[2026-08-14 12:13:11.565] [info] Frame 241 (t = 2.41):	 total squared error = 0.000849246, marker error: RMS = 0.00582837, max = 0.0113147 (R_Thigh_Lateral)
[2026-08-14 12:13:11.602] [info] Frame 242 (t = 2.42):	 total squared error = 0.000857025, marker error: RMS = 0.00585500, max = 0.0109411 (C7)
[2026-08-14 12:13:11.626] [info] Frame 243 (t = 2.43):	 total squared error = 0.000856817, marker error: RMS = 0.00585429, max = 0.0110510 (C7)
[2026-08-14 12:13:11.647] [info] Frame 244 (t = 2.44):	 total squared error = 0.000853761, marker error: RMS = 0.00584384, max = 0.0112727 (C7)
[2026-08-14 12:13:11.684] [info] Frame 245 (t = 2.45):	 total squared error = 0.000827348, marker error: RMS = 0.00575273, max = 0.0111338 (C7)
[2026-08-14 12:13:11.704] [info] Frame 246 (t = 2.46):	 total squared error = 0.000825962, marker error: RMS = 0.00574791, max = 0.011153 (C7)
[2026-08-14 12:13:11.724] [info] Frame 247 (t = 2.47):	 total squared error = 0.000835559, marker error: RMS = 0.00578121, max = 0.0111124 (C7)
[2026-08-14 12:13:11.745] [info] Frame 248 (t = 2.48):	 total squared error = 0.000852839, marker error: RMS = 0.00584068, max = 0.0110998 (C7)
[2026-08-14 12:13:11.767] [info] Frame 249 (t = 2.49):	 total squared error = 0.000880606, marker error: RMS = 0.00593500, max = 0.0110381 (C7)
[2026-08-14 12:13:11.786] [info] Frame 250 (t = 2.5):	 total squared error = 0.000905838, marker error: RMS = 0.00601943, max = 0.0109719 (C7)
[2026-08-14 12:13:11.798] [info] Frame 251 (t = 2.51):	 total squared error = 0.000928464, marker error: RMS = 0.00609414, max = 0.0111885 (C7)
[2026-08-14 12:13:11.839] [info] Frame 252 (t = 2.52):	 total squared error = 0.000917994, marker error: RMS = 0.00605968, max = 0.0109616 (C7)
[2026-08-14 12:13:11.864] [info] Frame 253 (t = 2.53):	 total squared error = 0.000905162, marker error: RMS = 0.00601718, max = 0.0109615 (C7)
[2026-08-14 12:13:11.875] [info] Frame 254 (t = 2.54):	 total squared error = 0.000891681, marker error: RMS = 0.00597221, max = 0.0111521 (C7)
[2026-08-14 12:13:11.906] [info] Frame 255 (t = 2.55):	 total squared error = 0.000862045, marker error: RMS = 0.00587212, max = 0.0109369 (Sternum)
[2026-08-14 12:13:11.918] [info] Frame 256 (t = 2.56):	 total squared error = 0.000859229, marker error: RMS = 0.00586252, max = 0.0110198 (C7)
[2026-08-14 12:13:11.940] [info] Frame 257 (t = 2.57):	 total squared error = 0.000853529, marker error: RMS = 0.00584304, max = 0.0107209 (C7)
[2026-08-14 12:13:11.964] [info] Frame 258 (t = 2.58):	 total squared error = 0.000854710, marker error: RMS = 0.00584709, max = 0.0106242 (C7)
[2026-08-14 12:13:11.987] [info] Frame 259 (t = 2.59):	 total squared error = 0.000857969, marker error: RMS = 0.00585822, max = 0.0104374 (C7)
[2026-08-14 12:13:12.029] [info] Frame 260 (t = 2.6):	 total squared error = 0.000832046, marker error: RMS = 0.00576904, max = 0.0104054 (C7)
[2026-08-14 12:13:12.052] [info] Frame 261 (t = 2.61):	 total squared error = 0.000833411, marker error: RMS = 0.00577377, max = 0.0101845 (C7)
[2026-08-14 12:13:12.072] [info] Frame 262 (t = 2.62):	 total squared error = 0.000832488, marker error: RMS = 0.00577057, max = 0.00995041 (C7)
[2026-08-14 12:13:12.095] [info] Frame 263 (t = 2.63):	 total squared error = 0.000826043, marker error: RMS = 0.00574819, max = 0.00968004 (C7)
[2026-08-14 12:13:12.143] [info] Frame 264 (t = 2.64):	 total squared error = 0.000805855, marker error: RMS = 0.00567752, max = 0.00948055 (C7)
[2026-08-14 12:13:12.169] [info] Frame 265 (t = 2.65):	 total squared error = 0.000799403, marker error: RMS = 0.00565474, max = 0.00943257 (L_Elbow)
[2026-08-14 12:13:12.194] [info] Frame 266 (t = 2.66):	 total squared error = 0.000796252, marker error: RMS = 0.00564359, max = 0.00967322 (L_Elbow)
[2026-08-14 12:13:12.224] [info] Frame 267 (t = 2.67):	 total squared error = 0.000791153, marker error: RMS = 0.00562549, max = 0.00968106 (L_Elbow)
[2026-08-14 12:13:12.251] [info] Frame 268 (t = 2.68):	 total squared error = 0.000783936, marker error: RMS = 0.00559977, max = 0.00973441 (L_Elbow)
[2026-08-14 12:13:12.288] [info] Frame 269 (t = 2.69):	 total squared error = 0.000769282, marker error: RMS = 0.00554719, max = 0.00958958 (L_Elbow)
[2026-08-14 12:13:12.308] [info] Frame 270 (t = 2.7):	 total squared error = 0.000753309, marker error: RMS = 0.00548929, max = 0.00950768 (L_Elbow)
[2026-08-14 12:13:12.347] [info] Frame 271 (t = 2.71):	 total squared error = 0.000717759, marker error: RMS = 0.00535820, max = 0.00908447 (L_Elbow)
[2026-08-14 12:13:12.370] [info] Frame 272 (t = 2.72):	 total squared error = 0.000682266, marker error: RMS = 0.00522404, max = 0.00864128 (L_Elbow)
[2026-08-14 12:13:12.396] [info] Frame 273 (t = 2.73):	 total squared error = 0.000640848, marker error: RMS = 0.00506300, max = 0.00830035 (L_Thigh_Lateral)
[2026-08-14 12:13:12.425] [info] Frame 274 (t = 2.74):	 total squared error = 0.000597824, marker error: RMS = 0.00489009, max = 0.00816025 (L_Thigh_Lateral)
[2026-08-14 12:13:12.450] [info] Frame 275 (t = 2.75):	 total squared error = 0.000554630, marker error: RMS = 0.00471011, max = 0.00799193 (L_Thigh_Lateral)
[2026-08-14 12:13:12.466] [info] Frame 276 (t = 2.76):	 total squared error = 0.000518684, marker error: RMS = 0.00455492, max = 0.00798172 (L_Thigh_Lateral)
[2026-08-14 12:13:12.489] [info] Frame 277 (t = 2.77):	 total squared error = 0.000474643, marker error: RMS = 0.00435726, max = 0.00745459 (L_Thigh_Lateral)
[2026-08-14 12:13:12.509] [info] Frame 278 (t = 2.78):	 total squared error = 0.000444355, marker error: RMS = 0.00421595, max = 0.00723999 (L_Thigh_Lateral)
[2026-08-14 12:13:12.551] [info] Frame 279 (t = 2.79):	 total squared error = 0.000414351, marker error: RMS = 0.00407112, max = 0.00712560 (L_Thigh_Lateral)
[2026-08-14 12:13:12.588] [info] Frame 280 (t = 2.8):	 total squared error = 0.000395867, marker error: RMS = 0.00397928, max = 0.00713171 (L_Thigh_Lateral)
[2026-08-14 12:13:12.608] [info] Frame 281 (t = 2.81):	 total squared error = 0.000391520, marker error: RMS = 0.00395737, max = 0.00729008 (L_Thigh_Lateral)
[2026-08-14 12:13:12.627] [info] Frame 282 (t = 2.82):	 total squared error = 0.000398517, marker error: RMS = 0.00399258, max = 0.00752996 (L_Thigh_Lateral)
[2026-08-14 12:13:12.647] [info] Frame 283 (t = 2.83):	 total squared error = 0.000412987, marker error: RMS = 0.00406442, max = 0.00788105 (L_Thigh_Lateral)
[2026-08-14 12:13:12.668] [info] Frame 284 (t = 2.84):	 total squared error = 0.000442032, marker error: RMS = 0.00420491, max = 0.00844986 (L_Thigh_Lateral)
[2026-08-14 12:13:12.703] [info] Frame 285 (t = 2.85):	 total squared error = 0.000468522, marker error: RMS = 0.00432908, max = 0.00935499 (L_Thigh_Lateral)
[2026-08-14 12:13:12.739] [info] Frame 286 (t = 2.86):	 total squared error = 0.000514269, marker error: RMS = 0.00453550, max = 0.0100271 (L_Thigh_Lateral)
[2026-08-14 12:13:12.769] [info] Frame 287 (t = 2.87):	 total squared error = 0.000574129, marker error: RMS = 0.00479220, max = 0.0106533 (L_Thigh_Lateral)
[2026-08-14 12:13:12.802] [info] Frame 288 (t = 2.88):	 total squared error = 0.000633404, marker error: RMS = 0.00503350, max = 0.0114648 (L_Thigh_Lateral)
[2026-08-14 12:13:12.831] [info] Frame 289 (t = 2.89):	 total squared error = 0.000701506, marker error: RMS = 0.00529719, max = 0.0121434 (L_Thigh_Lateral)
[2026-08-14 12:13:12.849] [info] Frame 290 (t = 2.9):	 total squared error = 0.000787614, marker error: RMS = 0.00561289, max = 0.0131361 (L_Thigh_Lateral)
[2026-08-14 12:13:12.880] [info] Frame 291 (t = 2.91):	 total squared error = 0.000825000, marker error: RMS = 0.00574456, max = 0.0134329 (L_Thigh_Lateral)
[2026-08-14 12:13:12.887] [info] InverseKinematicsTool completed 292 frames in 8 second(s).
[2026-08-14 12:13:12.946] [info] Loaded model SUBJ59-scaled from file C:\Users\migue\Downloads\TFG\2_JMP\SUBJ59\Walk_1\SUBJ59_1_JMP_results\SUBJ59_1_NMSM_JMP_03_final.osim
[2026-08-14 12:13:13.595] [warning] Coordinate.setValue:  coordinate pro_sup_r is locked. Unable to change its value.
[2026-08-14 12:13:13.637] [warning] Coordinate.setValue:  coordinate pro_sup_l is locked. Unable to change its value.
[2026-08-14 12:14:06.431] [info] Loaded model SUBJ59-scaled from file C:\Users\migue\Downloads\TFG\2_JMP\SUBJ59\Walk_1\SUBJ59_1_JMP_results\SUBJ59_1_NMSM_JMP_03_final.osim
[2026-08-14 12:14:06.452] [cout] [info] 
               MODEL: SUBJ59-scaled
         coordinates: 41
              forces: 103
           actuators: 103
             muscles: 86
            analyses: 0
              probes: 0
              bodies: 24
              joints: 24
         constraints: 2
             markers: 25
         controllers: 0
  contact geometries: 0
misc modelcomponents: 0
[2026-08-14 12:14:06.452] [info] Running tool .
[2026-08-14 12:14:06.554] [info] Frame 0 (t = 0.0):	 total squared error = 0.000679179, marker error: RMS = 0.00521221, max = 0.0110821 (R_Thigh_Lateral)
[2026-08-14 12:14:06.575] [info] Frame 1 (t = 0.01):	 total squared error = 0.000695715, marker error: RMS = 0.00527528, max = 0.0113235 (R_Thigh_Lateral)
[2026-08-14 12:14:06.592] [info] Frame 2 (t = 0.02):	 total squared error = 0.000721053, marker error: RMS = 0.00537049, max = 0.011671 (R_Thigh_Lateral)
[2026-08-14 12:14:06.609] [info] Frame 3 (t = 0.03):	 total squared error = 0.000748837, marker error: RMS = 0.00547298, max = 0.0120186 (R_Thigh_Lateral)
[2026-08-14 12:14:06.647] [info] Frame 4 (t = 0.04):	 total squared error = 0.000748978, marker error: RMS = 0.00547349, max = 0.0122355 (R_Thigh_Lateral)
[2026-08-14 12:14:06.674] [info] Frame 5 (t = 0.05):	 total squared error = 0.000763248, marker error: RMS = 0.00552539, max = 0.0123621 (R_Thigh_Lateral)
[2026-08-14 12:14:06.690] [info] Frame 6 (t = 0.06):	 total squared error = 0.000786692, marker error: RMS = 0.00560961, max = 0.0120437 (R_Thigh_Lateral)
[2026-08-14 12:14:06.724] [info] Frame 7 (t = 0.07):	 total squared error = 0.000748103, marker error: RMS = 0.00547029, max = 0.0116925 (R_Thigh_Lateral)
[2026-08-14 12:14:06.751] [info] Frame 8 (t = 0.08):	 total squared error = 0.000735284, marker error: RMS = 0.00542322, max = 0.0110938 (R_Thigh_Lateral)
[2026-08-14 12:14:06.775] [info] Frame 9 (t = 0.09):	 total squared error = 0.000721618, marker error: RMS = 0.00537259, max = 0.0103222 (R_Thigh_Lateral)
[2026-08-14 12:14:06.817] [info] Frame 10 (t = 0.1):	 total squared error = 0.000697435, marker error: RMS = 0.00528180, max = 0.00989220 (C7)
[2026-08-14 12:14:06.841] [info] Frame 11 (t = 0.11):	 total squared error = 0.000694676, marker error: RMS = 0.00527134, max = 0.0100183 (C7)
[2026-08-14 12:14:06.873] [info] Frame 12 (t = 0.12):	 total squared error = 0.000696913, marker error: RMS = 0.00527982, max = 0.0100223 (C7)
[2026-08-14 12:14:06.889] [info] Frame 13 (t = 0.13):	 total squared error = 0.000721916, marker error: RMS = 0.00537370, max = 0.0102946 (C7)
[2026-08-14 12:14:06.907] [info] Frame 14 (t = 0.14):	 total squared error = 0.000746182, marker error: RMS = 0.00546326, max = 0.0100990 (C7)
[2026-08-14 12:14:06.920] [info] Frame 15 (t = 0.15):	 total squared error = 0.000788155, marker error: RMS = 0.00561482, max = 0.0103154 (C7)
[2026-08-14 12:14:06.947] [info] Frame 16 (t = 0.16):	 total squared error = 0.000799995, marker error: RMS = 0.00565684, max = 0.0105070 (R_Thigh_Lateral)
[2026-08-14 12:14:06.964] [info] Frame 17 (t = 0.17):	 total squared error = 0.000819990, marker error: RMS = 0.00572709, max = 0.0105117 (R_Thigh_Lateral)
[2026-08-14 12:14:06.987] [info] Frame 18 (t = 0.18):	 total squared error = 0.000824182, marker error: RMS = 0.00574171, max = 0.0101768 (R_Thigh_Lateral)
[2026-08-14 12:14:07.008] [info] Frame 19 (t = 0.19):	 total squared error = 0.000815749, marker error: RMS = 0.00571227, max = 0.00999524 (L_Elbow)
[2026-08-14 12:14:07.022] [info] Frame 20 (t = 0.2):	 total squared error = 0.000804647, marker error: RMS = 0.00567326, max = 0.0100831 (C7)
[2026-08-14 12:14:07.042] [info] Frame 21 (t = 0.21):	 total squared error = 0.000783512, marker error: RMS = 0.00559826, max = 0.00982216 (L_Elbow)
[2026-08-14 12:14:07.053] [info] Frame 22 (t = 0.22):	 total squared error = 0.000777228, marker error: RMS = 0.00557576, max = 0.00990923 (C7)
[2026-08-14 12:14:07.097] [info] Frame 23 (t = 0.23):	 total squared error = 0.000742064, marker error: RMS = 0.00544817, max = 0.00970572 (C7)
[2026-08-14 12:14:07.120] [info] Frame 24 (t = 0.24):	 total squared error = 0.000737158, marker error: RMS = 0.00543013, max = 0.00957112 (C7)
[2026-08-14 12:14:07.152] [info] Frame 25 (t = 0.25):	 total squared error = 0.000732560, marker error: RMS = 0.00541317, max = 0.00947917 (C7)
[2026-08-14 12:14:07.176] [info] Frame 26 (t = 0.26):	 total squared error = 0.000736662, marker error: RMS = 0.00542830, max = 0.00931127 (C7)
[2026-08-14 12:14:07.221] [info] Frame 27 (t = 0.27):	 total squared error = 0.000730270, marker error: RMS = 0.00540470, max = 0.00916309 (C7)
[2026-08-14 12:14:07.245] [info] Frame 28 (t = 0.28):	 total squared error = 0.000730559, marker error: RMS = 0.00540577, max = 0.00903373 (C7)
[2026-08-14 12:14:07.267] [info] Frame 29 (t = 0.29):	 total squared error = 0.000718621, marker error: RMS = 0.00536142, max = 0.00888382 (C7)
[2026-08-14 12:14:07.293] [info] Frame 30 (t = 0.3):	 total squared error = 0.000692037, marker error: RMS = 0.00526132, max = 0.00873454 (C7)
[2026-08-14 12:14:07.328] [info] Frame 31 (t = 0.31):	 total squared error = 0.000653583, marker error: RMS = 0.00511305, max = 0.00853609 (C7)
[2026-08-14 12:14:07.352] [info] Frame 32 (t = 0.32):	 total squared error = 0.000614216, marker error: RMS = 0.00495668, max = 0.00834035 (C7)
[2026-08-14 12:14:07.387] [info] Frame 33 (t = 0.33):	 total squared error = 0.000576272, marker error: RMS = 0.00480113, max = 0.00816703 (C7)
[2026-08-14 12:14:07.415] [info] Frame 34 (t = 0.34):	 total squared error = 0.000542645, marker error: RMS = 0.00465895, max = 0.00800322 (C7)
[2026-08-14 12:14:07.444] [info] Frame 35 (t = 0.35):	 total squared error = 0.000514311, marker error: RMS = 0.00453568, max = 0.00773480 (C7)
[2026-08-14 12:14:07.478] [info] Frame 36 (t = 0.36):	 total squared error = 0.000491290, marker error: RMS = 0.00443301, max = 0.00750575 (C7)
[2026-08-14 12:14:07.520] [info] Frame 37 (t = 0.37):	 total squared error = 0.000473126, marker error: RMS = 0.00435029, max = 0.00725841 (C7)
[2026-08-14 12:14:07.545] [info] Frame 38 (t = 0.38):	 total squared error = 0.000458657, marker error: RMS = 0.00428325, max = 0.00699642 (C7)
[2026-08-14 12:14:07.585] [info] Frame 39 (t = 0.39):	 total squared error = 0.000448259, marker error: RMS = 0.00423442, max = 0.00737887 (L_Thigh_Lateral)
[2026-08-14 12:14:07.605] [info] Frame 40 (t = 0.4):	 total squared error = 0.000439915, marker error: RMS = 0.00419483, max = 0.00842049 (L_Thigh_Lateral)
[2026-08-14 12:14:07.639] [info] Frame 41 (t = 0.41):	 total squared error = 0.000431362, marker error: RMS = 0.00415385, max = 0.00899252 (L_Thigh_Lateral)
[2026-08-14 12:14:07.658] [info] Frame 42 (t = 0.42):	 total squared error = 0.000432442, marker error: RMS = 0.00415905, max = 0.00971210 (L_Thigh_Lateral)
[2026-08-14 12:14:07.683] [info] Frame 43 (t = 0.43):	 total squared error = 0.000437983, marker error: RMS = 0.00418561, max = 0.0103700 (L_Thigh_Lateral)
[2026-08-14 12:14:07.708] [info] Frame 44 (t = 0.44):	 total squared error = 0.000458533, marker error: RMS = 0.00428268, max = 0.0108925 (L_Thigh_Lateral)
[2026-08-14 12:14:07.745] [info] Frame 45 (t = 0.45):	 total squared error = 0.000488139, marker error: RMS = 0.00441877, max = 0.0116012 (L_Thigh_Lateral)
[2026-08-14 12:14:07.774] [info] Frame 46 (t = 0.46):	 total squared error = 0.000520666, marker error: RMS = 0.00456362, max = 0.0118741 (L_Thigh_Lateral)
[2026-08-14 12:14:07.803] [info] Frame 47 (t = 0.47):	 total squared error = 0.000550379, marker error: RMS = 0.00469203, max = 0.0124736 (L_Thigh_Lateral)
[2026-08-14 12:14:07.826] [info] Frame 48 (t = 0.48):	 total squared error = 0.000574288, marker error: RMS = 0.00479286, max = 0.012347 (L_Thigh_Lateral)
[2026-08-14 12:14:07.854] [info] Frame 49 (t = 0.49):	 total squared error = 0.000588797, marker error: RMS = 0.00485303, max = 0.0124181 (L_Shank_Lateral)
[2026-08-14 12:14:07.878] [info] Frame 50 (t = 0.5):	 total squared error = 0.000592915, marker error: RMS = 0.00486997, max = 0.0125182 (L_Shank_Lateral)
[2026-08-14 12:14:07.900] [info] Frame 51 (t = 0.51):	 total squared error = 0.000589842, marker error: RMS = 0.00485733, max = 0.0123285 (L_Shank_Lateral)
[2026-08-14 12:14:07.925] [info] Frame 52 (t = 0.52):	 total squared error = 0.000577505, marker error: RMS = 0.00480627, max = 0.01196 (L_Thigh_Lateral)
[2026-08-14 12:14:07.951] [info] Frame 53 (t = 0.53):	 total squared error = 0.000567264, marker error: RMS = 0.00476346, max = 0.0117896 (L_Thigh_Lateral)
[2026-08-14 12:14:07.967] [info] Frame 54 (t = 0.54):	 total squared error = 0.000570353, marker error: RMS = 0.00477641, max = 0.0118637 (L_Thigh_Lateral)
[2026-08-14 12:14:07.995] [info] Frame 55 (t = 0.55):	 total squared error = 0.000561974, marker error: RMS = 0.00474120, max = 0.0114703 (L_Thigh_Lateral)
[2026-08-14 12:14:08.009] [info] Frame 56 (t = 0.56):	 total squared error = 0.000581288, marker error: RMS = 0.00482198, max = 0.0119844 (L_Thigh_Lateral)
[2026-08-14 12:14:08.032] [info] Frame 57 (t = 0.57):	 total squared error = 0.000601582, marker error: RMS = 0.00490543, max = 0.0122755 (L_Thigh_Lateral)
[2026-08-14 12:14:08.058] [info] Frame 58 (t = 0.58):	 total squared error = 0.000606224, marker error: RMS = 0.00492432, max = 0.0120578 (L_Thigh_Lateral)
[2026-08-14 12:14:08.083] [info] Frame 59 (t = 0.59):	 total squared error = 0.000636899, marker error: RMS = 0.00504737, max = 0.0124869 (L_Thigh_Lateral)
[2026-08-14 12:14:08.121] [info] Frame 60 (t = 0.6):	 total squared error = 0.000667895, marker error: RMS = 0.00516873, max = 0.0128453 (L_Thigh_Lateral)
[2026-08-14 12:14:08.140] [info] Frame 61 (t = 0.61):	 total squared error = 0.000710774, marker error: RMS = 0.00533207, max = 0.0133809 (L_Thigh_Lateral)
[2026-08-14 12:14:08.174] [info] Frame 62 (t = 0.62):	 total squared error = 0.000730789, marker error: RMS = 0.00540662, max = 0.0132522 (L_Thigh_Lateral)
[2026-08-14 12:14:08.194] [info] Frame 63 (t = 0.63):	 total squared error = 0.000754131, marker error: RMS = 0.00549229, max = 0.0131265 (L_Thigh_Lateral)
[2026-08-14 12:14:08.219] [info] Frame 64 (t = 0.64):	 total squared error = 0.000757467, marker error: RMS = 0.00550442, max = 0.0125301 (L_Thigh_Lateral)
[2026-08-14 12:14:08.256] [info] Frame 65 (t = 0.65):	 total squared error = 0.000739698, marker error: RMS = 0.00543948, max = 0.011661 (L_Thigh_Lateral)
[2026-08-14 12:14:08.290] [info] Frame 66 (t = 0.66):	 total squared error = 0.000717201, marker error: RMS = 0.00535612, max = 0.0104574 (L_Thigh_Lateral)
[2026-08-14 12:14:08.311] [info] Frame 67 (t = 0.67):	 total squared error = 0.000693628, marker error: RMS = 0.00526737, max = 0.0103220 (Sternum)
[2026-08-14 12:14:08.355] [info] Frame 68 (t = 0.68):	 total squared error = 0.000665791, marker error: RMS = 0.00516058, max = 0.0105419 (Sternum)
[2026-08-14 12:14:08.395] [info] Frame 69 (t = 0.69):	 total squared error = 0.000652709, marker error: RMS = 0.00510964, max = 0.0109303 (Sternum)
[2026-08-14 12:14:08.421] [info] Frame 70 (t = 0.7):	 total squared error = 0.000660240, marker error: RMS = 0.00513903, max = 0.0113299 (Sternum)
[2026-08-14 12:14:08.444] [info] Frame 71 (t = 0.71):	 total squared error = 0.000686862, marker error: RMS = 0.00524161, max = 0.0116921 (Sternum)
[2026-08-14 12:14:08.499] [info] Frame 72 (t = 0.72):	 total squared error = 0.000720360, marker error: RMS = 0.00536790, max = 0.0117914 (Sternum)
[2026-08-14 12:14:08.522] [info] Frame 73 (t = 0.73):	 total squared error = 0.000778070, marker error: RMS = 0.00557878, max = 0.0121743 (Sternum)
[2026-08-14 12:14:08.542] [info] Frame 74 (t = 0.74):	 total squared error = 0.000840677, marker error: RMS = 0.00579889, max = 0.0124925 (Sternum)
[2026-08-14 12:14:08.564] [info] Frame 75 (t = 0.75):	 total squared error = 0.000895257, marker error: RMS = 0.00598417, max = 0.0127781 (Sternum)
[2026-08-14 12:14:08.575] [info] Frame 76 (t = 0.76):	 total squared error = 0.000937474, marker error: RMS = 0.00612364, max = 0.0131191 (Sternum)
[2026-08-14 12:14:08.608] [info] Frame 77 (t = 0.77):	 total squared error = 0.000933496, marker error: RMS = 0.00611063, max = 0.0131751 (Sternum)
[2026-08-14 12:14:08.622] [info] Frame 78 (t = 0.78):	 total squared error = 0.000914062, marker error: RMS = 0.00604669, max = 0.0135095 (Sternum)
[2026-08-14 12:14:08.644] [info] Frame 79 (t = 0.79):	 total squared error = 0.000869544, marker error: RMS = 0.00589761, max = 0.0136571 (Sternum)
[2026-08-14 12:14:08.668] [info] Frame 80 (t = 0.8):	 total squared error = 0.000816893, marker error: RMS = 0.00571627, max = 0.0137982 (Sternum)
[2026-08-14 12:14:08.690] [info] Frame 81 (t = 0.81):	 total squared error = 0.000775230, marker error: RMS = 0.00556859, max = 0.0139066 (Sternum)
[2026-08-14 12:14:08.737] [info] Frame 82 (t = 0.82):	 total squared error = 0.000735005, marker error: RMS = 0.00542219, max = 0.0137889 (Sternum)
[2026-08-14 12:14:08.756] [info] Frame 83 (t = 0.83):	 total squared error = 0.000725226, marker error: RMS = 0.00538600, max = 0.0137335 (Sternum)
[2026-08-14 12:14:08.777] [info] Frame 84 (t = 0.84):	 total squared error = 0.000723713, marker error: RMS = 0.00538038, max = 0.0136327 (Sternum)
[2026-08-14 12:14:08.801] [info] Frame 85 (t = 0.85):	 total squared error = 0.000726085, marker error: RMS = 0.00538919, max = 0.0135662 (Sternum)
[2026-08-14 12:14:08.846] [info] Frame 86 (t = 0.86):	 total squared error = 0.000718104, marker error: RMS = 0.00535949, max = 0.0132948 (Sternum)
[2026-08-14 12:14:08.869] [info] Frame 87 (t = 0.87):	 total squared error = 0.000730887, marker error: RMS = 0.00540698, max = 0.0129819 (Sternum)
[2026-08-14 12:14:08.895] [info] Frame 88 (t = 0.88):	 total squared error = 0.000742439, marker error: RMS = 0.00544955, max = 0.0127166 (Sternum)
[2026-08-14 12:14:08.920] [info] Frame 89 (t = 0.89):	 total squared error = 0.000747739, marker error: RMS = 0.00546896, max = 0.0124329 (Sternum)
[2026-08-14 12:14:08.948] [info] Frame 90 (t = 0.9):	 total squared error = 0.000745819, marker error: RMS = 0.00546194, max = 0.0121665 (Sternum)
[2026-08-14 12:14:08.985] [info] Frame 91 (t = 0.91):	 total squared error = 0.000738045, marker error: RMS = 0.00543340, max = 0.0119080 (Sternum)
[2026-08-14 12:14:09.009] [info] Frame 92 (t = 0.92):	 total squared error = 0.000729557, marker error: RMS = 0.00540206, max = 0.0115648 (Sternum)
[2026-08-14 12:14:09.036] [info] Frame 93 (t = 0.93):	 total squared error = 0.000720328, marker error: RMS = 0.00536779, max = 0.0112529 (Sternum)
[2026-08-14 12:14:09.061] [info] Frame 94 (t = 0.94):	 total squared error = 0.000708828, marker error: RMS = 0.00532477, max = 0.0108565 (Sternum)
[2026-08-14 12:14:09.094] [info] Frame 95 (t = 0.95):	 total squared error = 0.000692329, marker error: RMS = 0.00526243, max = 0.0106197 (Sternum)
[2026-08-14 12:14:09.120] [info] Frame 96 (t = 0.96):	 total squared error = 0.000668910, marker error: RMS = 0.00517266, max = 0.0101678 (Sternum)
[2026-08-14 12:14:09.142] [info] Frame 97 (t = 0.97):	 total squared error = 0.000643840, marker error: RMS = 0.00507480, max = 0.00972635 (Sternum)
[2026-08-14 12:14:09.164] [info] Frame 98 (t = 0.98):	 total squared error = 0.000612236, marker error: RMS = 0.00494868, max = 0.00922136 (Sternum)
[2026-08-14 12:14:09.197] [info] Frame 99 (t = 0.99):	 total squared error = 0.000582295, marker error: RMS = 0.00482616, max = 0.00886656 (Sternum)
[2026-08-14 12:14:09.221] [info] Frame 100 (t = 1.0):	 total squared error = 0.000552502, marker error: RMS = 0.00470107, max = 0.00835846 (Sternum)
[2026-08-14 12:14:09.247] [info] Frame 101 (t = 1.01):	 total squared error = 0.000523787, marker error: RMS = 0.00457728, max = 0.00793135 (Sternum)
[2026-08-14 12:14:09.265] [info] Frame 102 (t = 1.02):	 total squared error = 0.000502432, marker error: RMS = 0.00448300, max = 0.00763788 (L_Shoulder)
[2026-08-14 12:14:09.315] [info] Frame 103 (t = 1.03):	 total squared error = 0.000471090, marker error: RMS = 0.00434092, max = 0.00737717 (L_Shoulder)
[2026-08-14 12:14:09.338] [info] Frame 104 (t = 1.04):	 total squared error = 0.000446999, marker error: RMS = 0.00422847, max = 0.00736212 (L_Shoulder)
[2026-08-14 12:14:09.365] [info] Frame 105 (t = 1.05):	 total squared error = 0.000426236, marker error: RMS = 0.00412910, max = 0.00741768 (L_Shoulder)
[2026-08-14 12:14:09.381] [info] Frame 106 (t = 1.06):	 total squared error = 0.000412824, marker error: RMS = 0.00406361, max = 0.00752458 (L_Shoulder)
[2026-08-14 12:14:09.399] [info] Frame 107 (t = 1.07):	 total squared error = 0.000397504, marker error: RMS = 0.00398750, max = 0.00747820 (L_Shoulder)
[2026-08-14 12:14:09.421] [info] Frame 108 (t = 1.08):	 total squared error = 0.000383385, marker error: RMS = 0.00391605, max = 0.00728257 (L_Shoulder)
[2026-08-14 12:14:09.440] [info] Frame 109 (t = 1.09):	 total squared error = 0.000376356, marker error: RMS = 0.00387998, max = 0.00714570 (L_Shoulder)
[2026-08-14 12:14:09.475] [info] Frame 110 (t = 1.1):	 total squared error = 0.000367859, marker error: RMS = 0.00383593, max = 0.00657172 (L_Shoulder)
[2026-08-14 12:14:09.502] [info] Frame 111 (t = 1.11):	 total squared error = 0.000371579, marker error: RMS = 0.00385528, max = 0.00637704 (L_Shoulder)
[2026-08-14 12:14:09.528] [info] Frame 112 (t = 1.12):	 total squared error = 0.000379466, marker error: RMS = 0.00389598, max = 0.00668609 (C7)
[2026-08-14 12:14:09.558] [info] Frame 113 (t = 1.13):	 total squared error = 0.000390120, marker error: RMS = 0.00395029, max = 0.00697579 (C7)
[2026-08-14 12:14:09.591] [info] Frame 114 (t = 1.14):	 total squared error = 0.000403381, marker error: RMS = 0.00401687, max = 0.00725691 (C7)
[2026-08-14 12:14:09.618] [info] Frame 115 (t = 1.15):	 total squared error = 0.000418116, marker error: RMS = 0.00408958, max = 0.00751890 (C7)
[2026-08-14 12:14:09.643] [info] Frame 116 (t = 1.16):	 total squared error = 0.000436066, marker error: RMS = 0.00417644, max = 0.00777646 (C7)
[2026-08-14 12:14:09.671] [info] Frame 117 (t = 1.17):	 total squared error = 0.000457106, marker error: RMS = 0.00427601, max = 0.00801118 (C7)
[2026-08-14 12:14:09.689] [info] Frame 118 (t = 1.18):	 total squared error = 0.000491995, marker error: RMS = 0.00443619, max = 0.00833836 (C7)
[2026-08-14 12:14:09.704] [info] Frame 119 (t = 1.19):	 total squared error = 0.000541525, marker error: RMS = 0.00465414, max = 0.00901969 (R_Thigh_Lateral)
[2026-08-14 12:14:09.747] [info] Frame 120 (t = 1.2):	 total squared error = 0.000549496, marker error: RMS = 0.00468827, max = 0.00925340 (R_Thigh_Lateral)
[2026-08-14 12:14:09.771] [info] Frame 121 (t = 1.21):	 total squared error = 0.000596900, marker error: RMS = 0.00488631, max = 0.00999795 (R_Thigh_Lateral)
[2026-08-14 12:14:09.788] [info] Frame 122 (t = 1.22):	 total squared error = 0.000657072, marker error: RMS = 0.00512668, max = 0.0107187 (R_Thigh_Lateral)
[2026-08-14 12:14:09.813] [info] Frame 123 (t = 1.23):	 total squared error = 0.000687769, marker error: RMS = 0.00524507, max = 0.0111188 (R_Thigh_Lateral)
[2026-08-14 12:14:09.844] [info] Frame 124 (t = 1.24):	 total squared error = 0.000709487, marker error: RMS = 0.00532724, max = 0.0110676 (R_Thigh_Lateral)
[2026-08-14 12:14:09.877] [info] Frame 125 (t = 1.25):	 total squared error = 0.000727926, marker error: RMS = 0.00539602, max = 0.0108173 (R_Thigh_Lateral)
[2026-08-14 12:14:09.904] [info] Frame 126 (t = 1.26):	 total squared error = 0.000736657, marker error: RMS = 0.00542829, max = 0.0102499 (C7)
[2026-08-14 12:14:09.944] [info] Frame 127 (t = 1.27):	 total squared error = 0.000727760, marker error: RMS = 0.00539541, max = 0.0105083 (C7)
[2026-08-14 12:14:09.965] [info] Frame 128 (t = 1.28):	 total squared error = 0.000724552, marker error: RMS = 0.00538350, max = 0.0107128 (C7)
[2026-08-14 12:14:09.982] [info] Frame 129 (t = 1.29):	 total squared error = 0.000738340, marker error: RMS = 0.00543448, max = 0.0110690 (C7)
[2026-08-14 12:14:10.009] [info] Frame 130 (t = 1.3):	 total squared error = 0.000738739, marker error: RMS = 0.00543595, max = 0.0110225 (C7)
[2026-08-14 12:14:10.043] [info] Frame 131 (t = 1.31):	 total squared error = 0.000775353, marker error: RMS = 0.00556903, max = 0.0111913 (C7)
[2026-08-14 12:14:10.055] [info] Frame 132 (t = 1.32):	 total squared error = 0.000839071, marker error: RMS = 0.00579335, max = 0.0113017 (C7)
[2026-08-14 12:14:10.074] [info] Frame 133 (t = 1.33):	 total squared error = 0.000889077, marker error: RMS = 0.00596348, max = 0.0113265 (C7)
[2026-08-14 12:14:10.096] [info] Frame 134 (t = 1.34):	 total squared error = 0.000934649, marker error: RMS = 0.00611440, max = 0.011298 (C7)
[2026-08-14 12:14:10.106] [info] Frame 135 (t = 1.35):	 total squared error = 0.000968850, marker error: RMS = 0.00622527, max = 0.0112465 (C7)
[2026-08-14 12:14:10.126] [info] Frame 136 (t = 1.36):	 total squared error = 0.000969709, marker error: RMS = 0.00622803, max = 0.0112932 (C7)
[2026-08-14 12:14:10.153] [info] Frame 137 (t = 1.37):	 total squared error = 0.000953662, marker error: RMS = 0.00617628, max = 0.0113011 (Sternum)
[2026-08-14 12:14:10.190] [info] Frame 138 (t = 1.38):	 total squared error = 0.000931200, marker error: RMS = 0.00610311, max = 0.0113258 (Sternum)
[2026-08-14 12:14:10.206] [info] Frame 139 (t = 1.39):	 total squared error = 0.000919428, marker error: RMS = 0.00606441, max = 0.0113326 (Sternum)
[2026-08-14 12:14:10.230] [info] Frame 140 (t = 1.4):	 total squared error = 0.000911038, marker error: RMS = 0.00603668, max = 0.0113821 (Sternum)
[2026-08-14 12:14:10.256] [info] Frame 141 (t = 1.41):	 total squared error = 0.000908734, marker error: RMS = 0.00602904, max = 0.0114017 (Sternum)
[2026-08-14 12:14:10.292] [info] Frame 142 (t = 1.42):	 total squared error = 0.000897052, marker error: RMS = 0.00599017, max = 0.0113193 (Sternum)
[2026-08-14 12:14:10.331] [info] Frame 143 (t = 1.43):	 total squared error = 0.000892023, marker error: RMS = 0.00597335, max = 0.0110434 (Sternum)
[2026-08-14 12:14:10.353] [info] Frame 144 (t = 1.44):	 total squared error = 0.000898717, marker error: RMS = 0.00599572, max = 0.0108597 (Sternum)
[2026-08-14 12:14:10.376] [info] Frame 145 (t = 1.45):	 total squared error = 0.000908299, marker error: RMS = 0.00602760, max = 0.0107880 (Sternum)
[2026-08-14 12:14:10.400] [info] Frame 146 (t = 1.46):	 total squared error = 0.000913811, marker error: RMS = 0.00604586, max = 0.0105878 (Sternum)
[2026-08-14 12:14:10.438] [info] Frame 147 (t = 1.47):	 total squared error = 0.000902569, marker error: RMS = 0.00600856, max = 0.0103303 (R_Shoulder)
[2026-08-14 12:14:10.466] [info] Frame 148 (t = 1.48):	 total squared error = 0.000899655, marker error: RMS = 0.00599885, max = 0.0101064 (Sternum)
[2026-08-14 12:14:10.486] [info] Frame 149 (t = 1.49):	 total squared error = 0.000893908, marker error: RMS = 0.00597966, max = 0.00986553 (Sternum)
[2026-08-14 12:14:10.512] [info] Frame 150 (t = 1.5):	 total squared error = 0.000879220, marker error: RMS = 0.00593033, max = 0.00960487 (Sternum)
[2026-08-14 12:14:10.549] [info] Frame 151 (t = 1.51):	 total squared error = 0.000857549, marker error: RMS = 0.00585679, max = 0.00939155 (Sternum)
[2026-08-14 12:14:10.575] [info] Frame 152 (t = 1.52):	 total squared error = 0.000830612, marker error: RMS = 0.00576407, max = 0.00910593 (Sternum)
[2026-08-14 12:14:10.600] [info] Frame 153 (t = 1.53):	 total squared error = 0.000802389, marker error: RMS = 0.00566529, max = 0.00899020 (L_Shoulder)
[2026-08-14 12:14:10.624] [info] Frame 154 (t = 1.54):	 total squared error = 0.000772670, marker error: RMS = 0.00555939, max = 0.00898962 (L_Shoulder)
[2026-08-14 12:14:10.646] [info] Frame 155 (t = 1.55):	 total squared error = 0.000742856, marker error: RMS = 0.00545108, max = 0.00892494 (L_Shoulder)
[2026-08-14 12:14:10.671] [info] Frame 156 (t = 1.56):	 total squared error = 0.000717124, marker error: RMS = 0.00535583, max = 0.00887197 (L_Shoulder)
[2026-08-14 12:14:10.697] [info] Frame 157 (t = 1.57):	 total squared error = 0.000691756, marker error: RMS = 0.00526025, max = 0.00864231 (L_Shoulder)
[2026-08-14 12:14:10.721] [info] Frame 158 (t = 1.58):	 total squared error = 0.000671117, marker error: RMS = 0.00518118, max = 0.00875127 (L_Thigh_Lateral)
[2026-08-14 12:14:10.751] [info] Frame 159 (t = 1.59):	 total squared error = 0.000653801, marker error: RMS = 0.00511391, max = 0.00887137 (L_Thigh_Lateral)
[2026-08-14 12:14:10.776] [info] Frame 160 (t = 1.6):	 total squared error = 0.000642328, marker error: RMS = 0.00506884, max = 0.00907977 (L_Thigh_Lateral)
[2026-08-14 12:14:10.804] [info] Frame 161 (t = 1.61):	 total squared error = 0.000634658, marker error: RMS = 0.00503849, max = 0.00922826 (L_Thigh_Lateral)
[2026-08-14 12:14:10.822] [info] Frame 162 (t = 1.62):	 total squared error = 0.000634927, marker error: RMS = 0.00503955, max = 0.00938720 (L_Thigh_Lateral)
[2026-08-14 12:14:10.843] [info] Frame 163 (t = 1.63):	 total squared error = 0.000632441, marker error: RMS = 0.00502968, max = 0.00951553 (L_Thigh_Lateral)
[2026-08-14 12:14:10.863] [info] Frame 164 (t = 1.64):	 total squared error = 0.000632541, marker error: RMS = 0.00503008, max = 0.00975088 (L_Thigh_Lateral)
[2026-08-14 12:14:10.880] [info] Frame 165 (t = 1.65):	 total squared error = 0.000640231, marker error: RMS = 0.00506056, max = 0.0100576 (L_Thigh_Lateral)
[2026-08-14 12:14:10.914] [info] Frame 166 (t = 1.66):	 total squared error = 0.000629487, marker error: RMS = 0.00501792, max = 0.0113294 (L_Thigh_Lateral)
[2026-08-14 12:14:10.933] [info] Frame 167 (t = 1.67):	 total squared error = 0.000647777, marker error: RMS = 0.00509029, max = 0.0114817 (L_Thigh_Lateral)
[2026-08-14 12:14:10.966] [info] Frame 168 (t = 1.68):	 total squared error = 0.000668449, marker error: RMS = 0.00517088, max = 0.0121073 (L_Thigh_Lateral)
[2026-08-14 12:14:10.986] [info] Frame 169 (t = 1.69):	 total squared error = 0.000704675, marker error: RMS = 0.00530914, max = 0.0126042 (L_Thigh_Lateral)
[2026-08-14 12:14:11.024] [info] Frame 170 (t = 1.7):	 total squared error = 0.000726444, marker error: RMS = 0.00539053, max = 0.0131445 (L_Thigh_Lateral)
[2026-08-14 12:14:11.062] [info] Frame 171 (t = 1.71):	 total squared error = 0.000753756, marker error: RMS = 0.00549093, max = 0.0136614 (L_Thigh_Lateral)
[2026-08-14 12:14:11.092] [info] Frame 172 (t = 1.72):	 total squared error = 0.000777238, marker error: RMS = 0.00557580, max = 0.0141145 (L_Shank_Lateral)
[2026-08-14 12:14:11.108] [info] Frame 173 (t = 1.73):	 total squared error = 0.000804353, marker error: RMS = 0.00567222, max = 0.014393 (L_Thigh_Lateral)
[2026-08-14 12:14:11.140] [info] Frame 174 (t = 1.74):	 total squared error = 0.000795893, marker error: RMS = 0.00564231, max = 0.0143117 (L_Shank_Lateral)
[2026-08-14 12:14:11.156] [info] Frame 175 (t = 1.75):	 total squared error = 0.000801503, marker error: RMS = 0.00566216, max = 0.0144027 (L_Thigh_Lateral)
[2026-08-14 12:14:11.183] [info] Frame 176 (t = 1.76):	 total squared error = 0.000788545, marker error: RMS = 0.00561621, max = 0.0139861 (L_Shank_Lateral)
[2026-08-14 12:14:11.201] [info] Frame 177 (t = 1.77):	 total squared error = 0.000783296, marker error: RMS = 0.00559749, max = 0.0137478 (L_Thigh_Lateral)
[2026-08-14 12:14:11.230] [info] Frame 178 (t = 1.78):	 total squared error = 0.000752529, marker error: RMS = 0.00548645, max = 0.0129252 (L_Thigh_Lateral)
[2026-08-14 12:14:11.249] [info] Frame 179 (t = 1.79):	 total squared error = 0.000740740, marker error: RMS = 0.00544331, max = 0.0123898 (L_Thigh_Lateral)
[2026-08-14 12:14:11.269] [info] Frame 180 (t = 1.8):	 total squared error = 0.000726651, marker error: RMS = 0.00539129, max = 0.0116316 (L_Thigh_Lateral)
[2026-08-14 12:14:11.289] [info] Frame 181 (t = 1.81):	 total squared error = 0.000710657, marker error: RMS = 0.00533163, max = 0.0108005 (L_Thigh_Lateral)
[2026-08-14 12:14:11.328] [info] Frame 182 (t = 1.82):	 total squared error = 0.000683876, marker error: RMS = 0.00523020, max = 0.00988320 (L_Thigh_Lateral)
[2026-08-14 12:14:11.348] [info] Frame 183 (t = 1.83):	 total squared error = 0.000676490, marker error: RMS = 0.00520188, max = 0.00908112 (L_Thigh_Lateral)
[2026-08-14 12:14:11.379] [info] Frame 184 (t = 1.84):	 total squared error = 0.000664674, marker error: RMS = 0.00515625, max = 0.00893898 (L_Shoulder)
[2026-08-14 12:14:11.402] [info] Frame 185 (t = 1.85):	 total squared error = 0.000670895, marker error: RMS = 0.00518033, max = 0.00892481 (Sternum)
[2026-08-14 12:14:11.423] [info] Frame 186 (t = 1.86):	 total squared error = 0.000688664, marker error: RMS = 0.00524848, max = 0.00938835 (Sternum)
[2026-08-14 12:14:11.457] [info] Frame 187 (t = 1.87):	 total squared error = 0.000711919, marker error: RMS = 0.00533636, max = 0.00950206 (Sternum)
[2026-08-14 12:14:11.483] [info] Frame 188 (t = 1.88):	 total squared error = 0.000760104, marker error: RMS = 0.00551400, max = 0.0101441 (L_Thigh_Lateral)
[2026-08-14 12:14:11.514] [info] Frame 189 (t = 1.89):	 total squared error = 0.000816795, marker error: RMS = 0.00571592, max = 0.0113877 (L_Thigh_Lateral)
[2026-08-14 12:14:11.536] [info] Frame 190 (t = 1.9):	 total squared error = 0.000880107, marker error: RMS = 0.00593332, max = 0.0126037 (L_Thigh_Lateral)
[2026-08-14 12:14:11.558] [info] Frame 191 (t = 1.91):	 total squared error = 0.000934981, marker error: RMS = 0.00611549, max = 0.0135036 (L_Thigh_Lateral)
[2026-08-14 12:14:11.581] [info] Frame 192 (t = 1.92):	 total squared error = 0.000972929, marker error: RMS = 0.00623836, max = 0.0140238 (L_Thigh_Lateral)
[2026-08-14 12:14:11.594] [info] Frame 193 (t = 1.93):	 total squared error = 0.000996433, marker error: RMS = 0.00631327, max = 0.0141924 (L_Thigh_Lateral)
[2026-08-14 12:14:11.613] [info] Frame 194 (t = 1.94):	 total squared error = 0.000980164, marker error: RMS = 0.00626151, max = 0.0136121 (L_Thigh_Lateral)
[2026-08-14 12:14:11.635] [info] Frame 195 (t = 1.95):	 total squared error = 0.000946079, marker error: RMS = 0.00615168, max = 0.012688 (L_Thigh_Lateral)
[2026-08-14 12:14:11.649] [info] Frame 196 (t = 1.96):	 total squared error = 0.000904546, marker error: RMS = 0.00601514, max = 0.0124739 (Sternum)
[2026-08-14 12:14:11.682] [info] Frame 197 (t = 1.97):	 total squared error = 0.000848745, marker error: RMS = 0.00582664, max = 0.0124968 (Sternum)
[2026-08-14 12:14:11.703] [info] Frame 198 (t = 1.98):	 total squared error = 0.000799236, marker error: RMS = 0.00565415, max = 0.0123928 (Sternum)
[2026-08-14 12:14:11.738] [info] Frame 199 (t = 1.99):	 total squared error = 0.000747802, marker error: RMS = 0.00546919, max = 0.0122289 (Sternum)
[2026-08-14 12:14:11.759] [info] Frame 200 (t = 2.0):	 total squared error = 0.000707241, marker error: RMS = 0.00531880, max = 0.0118959 (Sternum)
[2026-08-14 12:14:11.785] [info] Frame 201 (t = 2.01):	 total squared error = 0.000670827, marker error: RMS = 0.00518006, max = 0.0116094 (Sternum)
[2026-08-14 12:14:11.820] [info] Frame 202 (t = 2.02):	 total squared error = 0.000628909, marker error: RMS = 0.00501561, max = 0.0112816 (Sternum)
[2026-08-14 12:14:11.846] [info] Frame 203 (t = 2.03):	 total squared error = 0.000600514, marker error: RMS = 0.00490108, max = 0.0108083 (Sternum)
[2026-08-14 12:14:11.870] [info] Frame 204 (t = 2.04):	 total squared error = 0.000579264, marker error: RMS = 0.00481358, max = 0.0104347 (Sternum)
[2026-08-14 12:14:11.896] [info] Frame 205 (t = 2.05):	 total squared error = 0.000562699, marker error: RMS = 0.00474426, max = 0.0100823 (Sternum)
[2026-08-14 12:14:11.921] [info] Frame 206 (t = 2.06):	 total squared error = 0.000556534, marker error: RMS = 0.00471819, max = 0.00973988 (Sternum)
[2026-08-14 12:14:11.963] [info] Frame 207 (t = 2.07):	 total squared error = 0.000553957, marker error: RMS = 0.00470726, max = 0.00948056 (Sternum)
[2026-08-14 12:14:11.990] [info] Frame 208 (t = 2.08):	 total squared error = 0.000561954, marker error: RMS = 0.00474111, max = 0.00916612 (Sternum)
[2026-08-14 12:14:12.017] [info] Frame 209 (t = 2.09):	 total squared error = 0.000569194, marker error: RMS = 0.00477156, max = 0.00883893 (Sternum)
[2026-08-14 12:14:12.045] [info] Frame 210 (t = 2.1):	 total squared error = 0.000568638, marker error: RMS = 0.00476923, max = 0.00847712 (Sternum)
[2026-08-14 12:14:12.083] [info] Frame 211 (t = 2.11):	 total squared error = 0.000557497, marker error: RMS = 0.00472227, max = 0.00827615 (Sternum)
[2026-08-14 12:14:12.122] [info] Frame 212 (t = 2.12):	 total squared error = 0.000539578, marker error: RMS = 0.00464576, max = 0.00777195 (Sternum)
[2026-08-14 12:14:12.157] [info] Frame 213 (t = 2.13):	 total squared error = 0.000520299, marker error: RMS = 0.00456201, max = 0.00736032 (Sternum)
[2026-08-14 12:14:12.179] [info] Frame 214 (t = 2.14):	 total squared error = 0.000503902, marker error: RMS = 0.00448955, max = 0.00708604 (L_Shoulder)
[2026-08-14 12:14:12.200] [info] Frame 215 (t = 2.15):	 total squared error = 0.000495385, marker error: RMS = 0.00445145, max = 0.00704834 (L_Shoulder)
[2026-08-14 12:14:12.246] [info] Frame 216 (t = 2.16):	 total squared error = 0.000469169, marker error: RMS = 0.00433206, max = 0.00667492 (L_Shoulder)
[2026-08-14 12:14:12.267] [info] Frame 217 (t = 2.17):	 total squared error = 0.000452740, marker error: RMS = 0.00425554, max = 0.00669095 (L_Shoulder)
[2026-08-14 12:14:12.302] [info] Frame 218 (t = 2.18):	 total squared error = 0.000432577, marker error: RMS = 0.00415970, max = 0.00660149 (L_Thigh_Lateral)
[2026-08-14 12:14:12.320] [info] Frame 219 (t = 2.19):	 total squared error = 0.000420375, marker error: RMS = 0.00410061, max = 0.00671536 (L_Thigh_Lateral)
[2026-08-14 12:14:12.352] [info] Frame 220 (t = 2.2):	 total squared error = 0.000407735, marker error: RMS = 0.00403849, max = 0.00668081 (L_Thigh_Lateral)
[2026-08-14 12:14:12.369] [info] Frame 221 (t = 2.21):	 total squared error = 0.000409500, marker error: RMS = 0.00404722, max = 0.00689947 (R_Thigh_Lateral)
[2026-08-14 12:14:12.406] [info] Frame 222 (t = 2.22):	 total squared error = 0.000403713, marker error: RMS = 0.00401852, max = 0.00710470 (R_Thigh_Lateral)
[2026-08-14 12:14:12.433] [info] Frame 223 (t = 2.23):	 total squared error = 0.000407681, marker error: RMS = 0.00403822, max = 0.00736587 (R_Thigh_Lateral)
[2026-08-14 12:14:12.459] [info] Frame 224 (t = 2.24):	 total squared error = 0.000413528, marker error: RMS = 0.00406708, max = 0.00765550 (R_Thigh_Lateral)
[2026-08-14 12:14:12.471] [info] Frame 225 (t = 2.25):	 total squared error = 0.000432454, marker error: RMS = 0.00415911, max = 0.00787602 (R_Thigh_Lateral)
[2026-08-14 12:14:12.511] [info] Frame 226 (t = 2.26):	 total squared error = 0.000427980, marker error: RMS = 0.00413754, max = 0.00812545 (R_Thigh_Lateral)
[2026-08-14 12:14:12.530] [info] Frame 227 (t = 2.27):	 total squared error = 0.000441567, marker error: RMS = 0.00420270, max = 0.00825774 (R_Thigh_Lateral)
[2026-08-14 12:14:12.568] [info] Frame 228 (t = 2.28):	 total squared error = 0.000448189, marker error: RMS = 0.00423410, max = 0.00826025 (R_Thigh_Lateral)
[2026-08-14 12:14:12.584] [info] Frame 229 (t = 2.29):	 total squared error = 0.000468779, marker error: RMS = 0.00433026, max = 0.00833643 (R_Thigh_Lateral)
[2026-08-14 12:14:12.618] [info] Frame 230 (t = 2.3):	 total squared error = 0.000476075, marker error: RMS = 0.00436383, max = 0.00827898 (C7)
[2026-08-14 12:14:12.633] [info] Frame 231 (t = 2.31):	 total squared error = 0.000503782, marker error: RMS = 0.00448902, max = 0.00854511 (C7)
[2026-08-14 12:14:12.671] [info] Frame 232 (t = 2.32):	 total squared error = 0.000515901, marker error: RMS = 0.00454269, max = 0.00884815 (C7)
[2026-08-14 12:14:12.687] [info] Frame 233 (t = 2.33):	 total squared error = 0.000554622, marker error: RMS = 0.00471008, max = 0.00918858 (C7)
[2026-08-14 12:14:12.723] [info] Frame 234 (t = 2.34):	 total squared error = 0.000576129, marker error: RMS = 0.00480054, max = 0.00931577 (C7)
[2026-08-14 12:14:12.759] [info] Frame 235 (t = 2.35):	 total squared error = 0.000614324, marker error: RMS = 0.00495711, max = 0.00952052 (C7)
[2026-08-14 12:14:12.794] [info] Frame 236 (t = 2.36):	 total squared error = 0.000658217, marker error: RMS = 0.00513115, max = 0.00977845 (C7)
[2026-08-14 12:14:12.822] [info] Frame 237 (t = 2.37):	 total squared error = 0.000706550, marker error: RMS = 0.00531620, max = 0.0101929 (R_Thigh_Lateral)
[2026-08-14 12:14:12.848] [info] Frame 238 (t = 2.38):	 total squared error = 0.000757933, marker error: RMS = 0.00550612, max = 0.0108320 (R_Thigh_Lateral)
[2026-08-14 12:14:12.883] [info] Frame 239 (t = 2.39):	 total squared error = 0.000794764, marker error: RMS = 0.00563831, max = 0.0111696 (R_Thigh_Lateral)
[2026-08-14 12:14:12.909] [info] Frame 240 (t = 2.4):	 total squared error = 0.000834136, marker error: RMS = 0.00577628, max = 0.0114984 (R_Thigh_Lateral)
[2026-08-14 12:14:12.948] [info] Frame 241 (t = 2.41):	 total squared error = 0.000849246, marker error: RMS = 0.00582837, max = 0.0113147 (R_Thigh_Lateral)
[2026-08-14 12:14:12.985] [info] Frame 242 (t = 2.42):	 total squared error = 0.000857025, marker error: RMS = 0.00585500, max = 0.0109411 (C7)
[2026-08-14 12:14:13.009] [info] Frame 243 (t = 2.43):	 total squared error = 0.000856817, marker error: RMS = 0.00585429, max = 0.0110510 (C7)
[2026-08-14 12:14:13.029] [info] Frame 244 (t = 2.44):	 total squared error = 0.000853761, marker error: RMS = 0.00584384, max = 0.0112727 (C7)
[2026-08-14 12:14:13.068] [info] Frame 245 (t = 2.45):	 total squared error = 0.000827348, marker error: RMS = 0.00575273, max = 0.0111338 (C7)
[2026-08-14 12:14:13.089] [info] Frame 246 (t = 2.46):	 total squared error = 0.000825962, marker error: RMS = 0.00574791, max = 0.011153 (C7)
[2026-08-14 12:14:13.109] [info] Frame 247 (t = 2.47):	 total squared error = 0.000835559, marker error: RMS = 0.00578121, max = 0.0111124 (C7)
[2026-08-14 12:14:13.131] [info] Frame 248 (t = 2.48):	 total squared error = 0.000852839, marker error: RMS = 0.00584068, max = 0.0110998 (C7)
[2026-08-14 12:14:13.153] [info] Frame 249 (t = 2.49):	 total squared error = 0.000880606, marker error: RMS = 0.00593500, max = 0.0110381 (C7)
[2026-08-14 12:14:13.173] [info] Frame 250 (t = 2.5):	 total squared error = 0.000905838, marker error: RMS = 0.00601943, max = 0.0109719 (C7)
[2026-08-14 12:14:13.184] [info] Frame 251 (t = 2.51):	 total squared error = 0.000928464, marker error: RMS = 0.00609414, max = 0.0111885 (C7)
[2026-08-14 12:14:13.221] [info] Frame 252 (t = 2.52):	 total squared error = 0.000917994, marker error: RMS = 0.00605968, max = 0.0109616 (C7)
[2026-08-14 12:14:13.241] [info] Frame 253 (t = 2.53):	 total squared error = 0.000905162, marker error: RMS = 0.00601718, max = 0.0109615 (C7)
[2026-08-14 12:14:13.252] [info] Frame 254 (t = 2.54):	 total squared error = 0.000891681, marker error: RMS = 0.00597221, max = 0.0111521 (C7)
[2026-08-14 12:14:13.283] [info] Frame 255 (t = 2.55):	 total squared error = 0.000862045, marker error: RMS = 0.00587212, max = 0.0109369 (Sternum)
[2026-08-14 12:14:13.295] [info] Frame 256 (t = 2.56):	 total squared error = 0.000859229, marker error: RMS = 0.00586252, max = 0.0110198 (C7)
[2026-08-14 12:14:13.317] [info] Frame 257 (t = 2.57):	 total squared error = 0.000853529, marker error: RMS = 0.00584304, max = 0.0107209 (C7)
[2026-08-14 12:14:13.339] [info] Frame 258 (t = 2.58):	 total squared error = 0.000854710, marker error: RMS = 0.00584709, max = 0.0106242 (C7)
[2026-08-14 12:14:13.361] [info] Frame 259 (t = 2.59):	 total squared error = 0.000857969, marker error: RMS = 0.00585822, max = 0.0104374 (C7)
[2026-08-14 12:14:13.404] [info] Frame 260 (t = 2.6):	 total squared error = 0.000832046, marker error: RMS = 0.00576904, max = 0.0104054 (C7)
[2026-08-14 12:14:13.426] [info] Frame 261 (t = 2.61):	 total squared error = 0.000833411, marker error: RMS = 0.00577377, max = 0.0101845 (C7)
[2026-08-14 12:14:13.447] [info] Frame 262 (t = 2.62):	 total squared error = 0.000832488, marker error: RMS = 0.00577057, max = 0.00995041 (C7)
[2026-08-14 12:14:13.470] [info] Frame 263 (t = 2.63):	 total squared error = 0.000826043, marker error: RMS = 0.00574819, max = 0.00968004 (C7)
[2026-08-14 12:14:13.517] [info] Frame 264 (t = 2.64):	 total squared error = 0.000805855, marker error: RMS = 0.00567752, max = 0.00948055 (C7)
[2026-08-14 12:14:13.543] [info] Frame 265 (t = 2.65):	 total squared error = 0.000799403, marker error: RMS = 0.00565474, max = 0.00943257 (L_Elbow)
[2026-08-14 12:14:13.568] [info] Frame 266 (t = 2.66):	 total squared error = 0.000796252, marker error: RMS = 0.00564359, max = 0.00967322 (L_Elbow)
[2026-08-14 12:14:13.599] [info] Frame 267 (t = 2.67):	 total squared error = 0.000791153, marker error: RMS = 0.00562549, max = 0.00968106 (L_Elbow)
[2026-08-14 12:14:13.627] [info] Frame 268 (t = 2.68):	 total squared error = 0.000783936, marker error: RMS = 0.00559977, max = 0.00973441 (L_Elbow)
[2026-08-14 12:14:13.666] [info] Frame 269 (t = 2.69):	 total squared error = 0.000769282, marker error: RMS = 0.00554719, max = 0.00958958 (L_Elbow)
[2026-08-14 12:14:13.685] [info] Frame 270 (t = 2.7):	 total squared error = 0.000753309, marker error: RMS = 0.00548929, max = 0.00950768 (L_Elbow)
[2026-08-14 12:14:13.723] [info] Frame 271 (t = 2.71):	 total squared error = 0.000717759, marker error: RMS = 0.00535820, max = 0.00908447 (L_Elbow)
[2026-08-14 12:14:13.745] [info] Frame 272 (t = 2.72):	 total squared error = 0.000682266, marker error: RMS = 0.00522404, max = 0.00864128 (L_Elbow)
[2026-08-14 12:14:13.770] [info] Frame 273 (t = 2.73):	 total squared error = 0.000640848, marker error: RMS = 0.00506300, max = 0.00830035 (L_Thigh_Lateral)
[2026-08-14 12:14:13.798] [info] Frame 274 (t = 2.74):	 total squared error = 0.000597824, marker error: RMS = 0.00489009, max = 0.00816025 (L_Thigh_Lateral)
[2026-08-14 12:14:13.821] [info] Frame 275 (t = 2.75):	 total squared error = 0.000554630, marker error: RMS = 0.00471011, max = 0.00799193 (L_Thigh_Lateral)
[2026-08-14 12:14:13.837] [info] Frame 276 (t = 2.76):	 total squared error = 0.000518684, marker error: RMS = 0.00455492, max = 0.00798172 (L_Thigh_Lateral)
[2026-08-14 12:14:13.859] [info] Frame 277 (t = 2.77):	 total squared error = 0.000474643, marker error: RMS = 0.00435726, max = 0.00745459 (L_Thigh_Lateral)
[2026-08-14 12:14:13.879] [info] Frame 278 (t = 2.78):	 total squared error = 0.000444355, marker error: RMS = 0.00421595, max = 0.00723999 (L_Thigh_Lateral)
[2026-08-14 12:14:13.915] [info] Frame 279 (t = 2.79):	 total squared error = 0.000414351, marker error: RMS = 0.00407112, max = 0.00712560 (L_Thigh_Lateral)
[2026-08-14 12:14:13.943] [info] Frame 280 (t = 2.8):	 total squared error = 0.000395867, marker error: RMS = 0.00397928, max = 0.00713171 (L_Thigh_Lateral)
[2026-08-14 12:14:13.962] [info] Frame 281 (t = 2.81):	 total squared error = 0.000391520, marker error: RMS = 0.00395737, max = 0.00729008 (L_Thigh_Lateral)
[2026-08-14 12:14:13.980] [info] Frame 282 (t = 2.82):	 total squared error = 0.000398517, marker error: RMS = 0.00399258, max = 0.00752996 (L_Thigh_Lateral)
[2026-08-14 12:14:13.999] [info] Frame 283 (t = 2.83):	 total squared error = 0.000412987, marker error: RMS = 0.00406442, max = 0.00788105 (L_Thigh_Lateral)
[2026-08-14 12:14:14.019] [info] Frame 284 (t = 2.84):	 total squared error = 0.000442032, marker error: RMS = 0.00420491, max = 0.00844986 (L_Thigh_Lateral)
[2026-08-14 12:14:14.055] [info] Frame 285 (t = 2.85):	 total squared error = 0.000468522, marker error: RMS = 0.00432908, max = 0.00935499 (L_Thigh_Lateral)
[2026-08-14 12:14:14.090] [info] Frame 286 (t = 2.86):	 total squared error = 0.000514269, marker error: RMS = 0.00453550, max = 0.0100271 (L_Thigh_Lateral)
[2026-08-14 12:14:14.120] [info] Frame 287 (t = 2.87):	 total squared error = 0.000574129, marker error: RMS = 0.00479220, max = 0.0106533 (L_Thigh_Lateral)
[2026-08-14 12:14:14.154] [info] Frame 288 (t = 2.88):	 total squared error = 0.000633404, marker error: RMS = 0.00503350, max = 0.0114648 (L_Thigh_Lateral)
[2026-08-14 12:14:14.183] [info] Frame 289 (t = 2.89):	 total squared error = 0.000701506, marker error: RMS = 0.00529719, max = 0.0121434 (L_Thigh_Lateral)
[2026-08-14 12:14:14.201] [info] Frame 290 (t = 2.9):	 total squared error = 0.000787614, marker error: RMS = 0.00561289, max = 0.0131361 (L_Thigh_Lateral)
[2026-08-14 12:14:14.233] [info] Frame 291 (t = 2.91):	 total squared error = 0.000825000, marker error: RMS = 0.00574456, max = 0.0134329 (L_Thigh_Lateral)
[2026-08-14 12:14:14.239] [info] InverseKinematicsTool completed 292 frames in 8 second(s).
[2026-08-14 12:14:14.292] [info] Loaded model SUBJ59-scaled from file C:\Users\migue\Downloads\TFG\2_JMP\SUBJ59\Walk_1\SUBJ59_1_JMP_results\SUBJ59_1_NMSM_JMP_03_final.osim
[2026-08-14 12:14:14.924] [warning] Coordinate.setValue:  coordinate pro_sup_r is locked. Unable to change its value.
[2026-08-14 12:14:14.965] [warning] Coordinate.setValue:  coordinate pro_sup_l is locked. Unable to change its value.
[2026-08-14 12:15:06.259] [info] Loaded model SUBJ59-scaled from file C:\Users\migue\Downloads\TFG\2_JMP\SUBJ59\Walk_1\SUBJ59_1_JMP_results\SUBJ59_1_NMSM_JMP_04_ankle_axis.osim
[2026-08-14 12:15:06.280] [cout] [info] 
               MODEL: SUBJ59-scaled
         coordinates: 41
              forces: 103
           actuators: 103
             muscles: 86
            analyses: 0
              probes: 0
              bodies: 24
              joints: 24
         constraints: 2
             markers: 25
         controllers: 0
  contact geometries: 0
misc modelcomponents: 0
[2026-08-14 12:15:06.280] [info] Running tool .
[2026-08-14 12:15:06.383] [info] Frame 0 (t = 0.0):	 total squared error = 0.000679179, marker error: RMS = 0.00521221, max = 0.0110821 (R_Thigh_Lateral)
[2026-08-14 12:15:06.405] [info] Frame 1 (t = 0.01):	 total squared error = 0.000695715, marker error: RMS = 0.00527528, max = 0.0113235 (R_Thigh_Lateral)
[2026-08-14 12:15:06.422] [info] Frame 2 (t = 0.02):	 total squared error = 0.000721053, marker error: RMS = 0.00537049, max = 0.011671 (R_Thigh_Lateral)
[2026-08-14 12:15:06.441] [info] Frame 3 (t = 0.03):	 total squared error = 0.000748837, marker error: RMS = 0.00547298, max = 0.0120186 (R_Thigh_Lateral)
[2026-08-14 12:15:06.481] [info] Frame 4 (t = 0.04):	 total squared error = 0.000748978, marker error: RMS = 0.00547349, max = 0.0122355 (R_Thigh_Lateral)
[2026-08-14 12:15:06.506] [info] Frame 5 (t = 0.05):	 total squared error = 0.000763248, marker error: RMS = 0.00552539, max = 0.0123621 (R_Thigh_Lateral)
[2026-08-14 12:15:06.521] [info] Frame 6 (t = 0.06):	 total squared error = 0.000786692, marker error: RMS = 0.00560961, max = 0.0120437 (R_Thigh_Lateral)
[2026-08-14 12:15:06.554] [info] Frame 7 (t = 0.07):	 total squared error = 0.000748103, marker error: RMS = 0.00547029, max = 0.0116925 (R_Thigh_Lateral)
[2026-08-14 12:15:06.580] [info] Frame 8 (t = 0.08):	 total squared error = 0.000735284, marker error: RMS = 0.00542322, max = 0.0110938 (R_Thigh_Lateral)
[2026-08-14 12:15:06.603] [info] Frame 9 (t = 0.09):	 total squared error = 0.000721618, marker error: RMS = 0.00537259, max = 0.0103222 (R_Thigh_Lateral)
[2026-08-14 12:15:06.644] [info] Frame 10 (t = 0.1):	 total squared error = 0.000697435, marker error: RMS = 0.00528180, max = 0.00989220 (C7)
[2026-08-14 12:15:06.668] [info] Frame 11 (t = 0.11):	 total squared error = 0.000694676, marker error: RMS = 0.00527134, max = 0.0100183 (C7)
[2026-08-14 12:15:06.700] [info] Frame 12 (t = 0.12):	 total squared error = 0.000696913, marker error: RMS = 0.00527982, max = 0.0100223 (C7)
[2026-08-14 12:15:06.715] [info] Frame 13 (t = 0.13):	 total squared error = 0.000721916, marker error: RMS = 0.00537370, max = 0.0102946 (C7)
[2026-08-14 12:15:06.733] [info] Frame 14 (t = 0.14):	 total squared error = 0.000746182, marker error: RMS = 0.00546326, max = 0.0100990 (C7)
[2026-08-14 12:15:06.746] [info] Frame 15 (t = 0.15):	 total squared error = 0.000788155, marker error: RMS = 0.00561482, max = 0.0103154 (C7)
[2026-08-14 12:15:06.774] [info] Frame 16 (t = 0.16):	 total squared error = 0.000799995, marker error: RMS = 0.00565684, max = 0.0105070 (R_Thigh_Lateral)
[2026-08-14 12:15:06.791] [info] Frame 17 (t = 0.17):	 total squared error = 0.000819990, marker error: RMS = 0.00572709, max = 0.0105117 (R_Thigh_Lateral)
[2026-08-14 12:15:06.813] [info] Frame 18 (t = 0.18):	 total squared error = 0.000824182, marker error: RMS = 0.00574171, max = 0.0101768 (R_Thigh_Lateral)
[2026-08-14 12:15:06.834] [info] Frame 19 (t = 0.19):	 total squared error = 0.000815749, marker error: RMS = 0.00571227, max = 0.00999524 (L_Elbow)
[2026-08-14 12:15:06.845] [info] Frame 20 (t = 0.2):	 total squared error = 0.000804647, marker error: RMS = 0.00567326, max = 0.0100831 (C7)
[2026-08-14 12:15:06.865] [info] Frame 21 (t = 0.21):	 total squared error = 0.000783512, marker error: RMS = 0.00559826, max = 0.00982216 (L_Elbow)
[2026-08-14 12:15:06.876] [info] Frame 22 (t = 0.22):	 total squared error = 0.000777228, marker error: RMS = 0.00557576, max = 0.00990923 (C7)
[2026-08-14 12:15:06.921] [info] Frame 23 (t = 0.23):	 total squared error = 0.000742064, marker error: RMS = 0.00544817, max = 0.00970572 (C7)
[2026-08-14 12:15:06.945] [info] Frame 24 (t = 0.24):	 total squared error = 0.000737158, marker error: RMS = 0.00543013, max = 0.00957112 (C7)
[2026-08-14 12:15:06.978] [info] Frame 25 (t = 0.25):	 total squared error = 0.000732560, marker error: RMS = 0.00541317, max = 0.00947917 (C7)
[2026-08-14 12:15:07.001] [info] Frame 26 (t = 0.26):	 total squared error = 0.000736662, marker error: RMS = 0.00542830, max = 0.00931127 (C7)
[2026-08-14 12:15:07.047] [info] Frame 27 (t = 0.27):	 total squared error = 0.000730270, marker error: RMS = 0.00540470, max = 0.00916309 (C7)
[2026-08-14 12:15:07.071] [info] Frame 28 (t = 0.28):	 total squared error = 0.000730559, marker error: RMS = 0.00540577, max = 0.00903373 (C7)
[2026-08-14 12:15:07.093] [info] Frame 29 (t = 0.29):	 total squared error = 0.000718621, marker error: RMS = 0.00536142, max = 0.00888382 (C7)
[2026-08-14 12:15:07.119] [info] Frame 30 (t = 0.3):	 total squared error = 0.000692037, marker error: RMS = 0.00526132, max = 0.00873454 (C7)
[2026-08-14 12:15:07.155] [info] Frame 31 (t = 0.31):	 total squared error = 0.000653583, marker error: RMS = 0.00511305, max = 0.00853609 (C7)
[2026-08-14 12:15:07.179] [info] Frame 32 (t = 0.32):	 total squared error = 0.000614216, marker error: RMS = 0.00495668, max = 0.00834035 (C7)
[2026-08-14 12:15:07.210] [info] Frame 33 (t = 0.33):	 total squared error = 0.000576272, marker error: RMS = 0.00480113, max = 0.00816703 (C7)
[2026-08-14 12:15:07.237] [info] Frame 34 (t = 0.34):	 total squared error = 0.000542645, marker error: RMS = 0.00465895, max = 0.00800322 (C7)
[2026-08-14 12:15:07.266] [info] Frame 35 (t = 0.35):	 total squared error = 0.000514311, marker error: RMS = 0.00453568, max = 0.00773480 (C7)
[2026-08-14 12:15:07.298] [info] Frame 36 (t = 0.36):	 total squared error = 0.000491290, marker error: RMS = 0.00443301, max = 0.00750575 (C7)
[2026-08-14 12:15:07.340] [info] Frame 37 (t = 0.37):	 total squared error = 0.000473126, marker error: RMS = 0.00435029, max = 0.00725841 (C7)
[2026-08-14 12:15:07.364] [info] Frame 38 (t = 0.38):	 total squared error = 0.000458657, marker error: RMS = 0.00428325, max = 0.00699642 (C7)
[2026-08-14 12:15:07.403] [info] Frame 39 (t = 0.39):	 total squared error = 0.000448259, marker error: RMS = 0.00423442, max = 0.00737887 (L_Thigh_Lateral)
[2026-08-14 12:15:07.423] [info] Frame 40 (t = 0.4):	 total squared error = 0.000439915, marker error: RMS = 0.00419483, max = 0.00842049 (L_Thigh_Lateral)
[2026-08-14 12:15:07.456] [info] Frame 41 (t = 0.41):	 total squared error = 0.000431362, marker error: RMS = 0.00415385, max = 0.00899252 (L_Thigh_Lateral)
[2026-08-14 12:15:07.475] [info] Frame 42 (t = 0.42):	 total squared error = 0.000432442, marker error: RMS = 0.00415905, max = 0.00971210 (L_Thigh_Lateral)
[2026-08-14 12:15:07.499] [info] Frame 43 (t = 0.43):	 total squared error = 0.000437983, marker error: RMS = 0.00418561, max = 0.0103700 (L_Thigh_Lateral)
[2026-08-14 12:15:07.523] [info] Frame 44 (t = 0.44):	 total squared error = 0.000458533, marker error: RMS = 0.00428268, max = 0.0108925 (L_Thigh_Lateral)
[2026-08-14 12:15:07.559] [info] Frame 45 (t = 0.45):	 total squared error = 0.000488139, marker error: RMS = 0.00441877, max = 0.0116012 (L_Thigh_Lateral)
[2026-08-14 12:15:07.587] [info] Frame 46 (t = 0.46):	 total squared error = 0.000520666, marker error: RMS = 0.00456362, max = 0.0118741 (L_Thigh_Lateral)
[2026-08-14 12:15:07.617] [info] Frame 47 (t = 0.47):	 total squared error = 0.000550379, marker error: RMS = 0.00469203, max = 0.0124736 (L_Thigh_Lateral)
[2026-08-14 12:15:07.639] [info] Frame 48 (t = 0.48):	 total squared error = 0.000574288, marker error: RMS = 0.00479286, max = 0.012347 (L_Thigh_Lateral)
[2026-08-14 12:15:07.663] [info] Frame 49 (t = 0.49):	 total squared error = 0.000588797, marker error: RMS = 0.00485303, max = 0.0124181 (L_Shank_Lateral)
[2026-08-14 12:15:07.686] [info] Frame 50 (t = 0.5):	 total squared error = 0.000592915, marker error: RMS = 0.00486997, max = 0.0125182 (L_Shank_Lateral)
[2026-08-14 12:15:07.709] [info] Frame 51 (t = 0.51):	 total squared error = 0.000589842, marker error: RMS = 0.00485733, max = 0.0123285 (L_Shank_Lateral)
[2026-08-14 12:15:07.734] [info] Frame 52 (t = 0.52):	 total squared error = 0.000577505, marker error: RMS = 0.00480627, max = 0.01196 (L_Thigh_Lateral)
[2026-08-14 12:15:07.760] [info] Frame 53 (t = 0.53):	 total squared error = 0.000567264, marker error: RMS = 0.00476346, max = 0.0117896 (L_Thigh_Lateral)
[2026-08-14 12:15:07.776] [info] Frame 54 (t = 0.54):	 total squared error = 0.000570353, marker error: RMS = 0.00477641, max = 0.0118637 (L_Thigh_Lateral)
[2026-08-14 12:15:07.804] [info] Frame 55 (t = 0.55):	 total squared error = 0.000561974, marker error: RMS = 0.00474120, max = 0.0114703 (L_Thigh_Lateral)
[2026-08-14 12:15:07.823] [info] Frame 56 (t = 0.56):	 total squared error = 0.000581288, marker error: RMS = 0.00482198, max = 0.0119844 (L_Thigh_Lateral)
[2026-08-14 12:15:07.843] [info] Frame 57 (t = 0.57):	 total squared error = 0.000601582, marker error: RMS = 0.00490543, max = 0.0122755 (L_Thigh_Lateral)
[2026-08-14 12:15:07.869] [info] Frame 58 (t = 0.58):	 total squared error = 0.000606224, marker error: RMS = 0.00492432, max = 0.0120578 (L_Thigh_Lateral)
[2026-08-14 12:15:07.894] [info] Frame 59 (t = 0.59):	 total squared error = 0.000636899, marker error: RMS = 0.00504737, max = 0.0124869 (L_Thigh_Lateral)
[2026-08-14 12:15:07.933] [info] Frame 60 (t = 0.6):	 total squared error = 0.000667895, marker error: RMS = 0.00516873, max = 0.0128453 (L_Thigh_Lateral)
[2026-08-14 12:15:07.951] [info] Frame 61 (t = 0.61):	 total squared error = 0.000710774, marker error: RMS = 0.00533207, max = 0.0133809 (L_Thigh_Lateral)
[2026-08-14 12:15:07.984] [info] Frame 62 (t = 0.62):	 total squared error = 0.000730789, marker error: RMS = 0.00540662, max = 0.0132522 (L_Thigh_Lateral)
[2026-08-14 12:15:08.004] [info] Frame 63 (t = 0.63):	 total squared error = 0.000754131, marker error: RMS = 0.00549229, max = 0.0131265 (L_Thigh_Lateral)
[2026-08-14 12:15:08.030] [info] Frame 64 (t = 0.64):	 total squared error = 0.000757467, marker error: RMS = 0.00550442, max = 0.0125301 (L_Thigh_Lateral)
[2026-08-14 12:15:08.066] [info] Frame 65 (t = 0.65):	 total squared error = 0.000739698, marker error: RMS = 0.00543948, max = 0.011661 (L_Thigh_Lateral)
[2026-08-14 12:15:08.098] [info] Frame 66 (t = 0.66):	 total squared error = 0.000717201, marker error: RMS = 0.00535612, max = 0.0104574 (L_Thigh_Lateral)
[2026-08-14 12:15:08.119] [info] Frame 67 (t = 0.67):	 total squared error = 0.000693628, marker error: RMS = 0.00526737, max = 0.0103220 (Sternum)
[2026-08-14 12:15:08.162] [info] Frame 68 (t = 0.68):	 total squared error = 0.000665791, marker error: RMS = 0.00516058, max = 0.0105419 (Sternum)
[2026-08-14 12:15:08.203] [info] Frame 69 (t = 0.69):	 total squared error = 0.000652709, marker error: RMS = 0.00510964, max = 0.0109303 (Sternum)
[2026-08-14 12:15:08.229] [info] Frame 70 (t = 0.7):	 total squared error = 0.000660240, marker error: RMS = 0.00513903, max = 0.0113299 (Sternum)
[2026-08-14 12:15:08.252] [info] Frame 71 (t = 0.71):	 total squared error = 0.000686862, marker error: RMS = 0.00524161, max = 0.0116921 (Sternum)
[2026-08-14 12:15:08.305] [info] Frame 72 (t = 0.72):	 total squared error = 0.000720360, marker error: RMS = 0.00536790, max = 0.0117914 (Sternum)
[2026-08-14 12:15:08.325] [info] Frame 73 (t = 0.73):	 total squared error = 0.000778070, marker error: RMS = 0.00557878, max = 0.0121743 (Sternum)
[2026-08-14 12:15:08.346] [info] Frame 74 (t = 0.74):	 total squared error = 0.000840677, marker error: RMS = 0.00579889, max = 0.0124925 (Sternum)
[2026-08-14 12:15:08.368] [info] Frame 75 (t = 0.75):	 total squared error = 0.000895257, marker error: RMS = 0.00598417, max = 0.0127781 (Sternum)
[2026-08-14 12:15:08.379] [info] Frame 76 (t = 0.76):	 total squared error = 0.000937474, marker error: RMS = 0.00612364, max = 0.0131191 (Sternum)
[2026-08-14 12:15:08.411] [info] Frame 77 (t = 0.77):	 total squared error = 0.000933496, marker error: RMS = 0.00611063, max = 0.0131751 (Sternum)
[2026-08-14 12:15:08.425] [info] Frame 78 (t = 0.78):	 total squared error = 0.000914062, marker error: RMS = 0.00604669, max = 0.0135095 (Sternum)
[2026-08-14 12:15:08.447] [info] Frame 79 (t = 0.79):	 total squared error = 0.000869544, marker error: RMS = 0.00589761, max = 0.0136571 (Sternum)
[2026-08-14 12:15:08.471] [info] Frame 80 (t = 0.8):	 total squared error = 0.000816893, marker error: RMS = 0.00571627, max = 0.0137982 (Sternum)
[2026-08-14 12:15:08.492] [info] Frame 81 (t = 0.81):	 total squared error = 0.000775230, marker error: RMS = 0.00556859, max = 0.0139066 (Sternum)
[2026-08-14 12:15:08.538] [info] Frame 82 (t = 0.82):	 total squared error = 0.000735005, marker error: RMS = 0.00542219, max = 0.0137889 (Sternum)
[2026-08-14 12:15:08.557] [info] Frame 83 (t = 0.83):	 total squared error = 0.000725226, marker error: RMS = 0.00538600, max = 0.0137335 (Sternum)
[2026-08-14 12:15:08.578] [info] Frame 84 (t = 0.84):	 total squared error = 0.000723713, marker error: RMS = 0.00538038, max = 0.0136327 (Sternum)
[2026-08-14 12:15:08.603] [info] Frame 85 (t = 0.85):	 total squared error = 0.000726085, marker error: RMS = 0.00538919, max = 0.0135662 (Sternum)
[2026-08-14 12:15:08.646] [info] Frame 86 (t = 0.86):	 total squared error = 0.000718104, marker error: RMS = 0.00535949, max = 0.0132948 (Sternum)
[2026-08-14 12:15:08.669] [info] Frame 87 (t = 0.87):	 total squared error = 0.000730887, marker error: RMS = 0.00540698, max = 0.0129819 (Sternum)
[2026-08-14 12:15:08.694] [info] Frame 88 (t = 0.88):	 total squared error = 0.000742439, marker error: RMS = 0.00544955, max = 0.0127166 (Sternum)
[2026-08-14 12:15:08.722] [info] Frame 89 (t = 0.89):	 total squared error = 0.000747739, marker error: RMS = 0.00546896, max = 0.0124329 (Sternum)
[2026-08-14 12:15:08.749] [info] Frame 90 (t = 0.9):	 total squared error = 0.000745819, marker error: RMS = 0.00546194, max = 0.0121665 (Sternum)
[2026-08-14 12:15:08.786] [info] Frame 91 (t = 0.91):	 total squared error = 0.000738045, marker error: RMS = 0.00543340, max = 0.0119080 (Sternum)
[2026-08-14 12:15:08.809] [info] Frame 92 (t = 0.92):	 total squared error = 0.000729557, marker error: RMS = 0.00540206, max = 0.0115648 (Sternum)
[2026-08-14 12:15:08.835] [info] Frame 93 (t = 0.93):	 total squared error = 0.000720328, marker error: RMS = 0.00536779, max = 0.0112529 (Sternum)
[2026-08-14 12:15:08.859] [info] Frame 94 (t = 0.94):	 total squared error = 0.000708828, marker error: RMS = 0.00532477, max = 0.0108565 (Sternum)
[2026-08-14 12:15:08.891] [info] Frame 95 (t = 0.95):	 total squared error = 0.000692329, marker error: RMS = 0.00526243, max = 0.0106197 (Sternum)
[2026-08-14 12:15:08.917] [info] Frame 96 (t = 0.96):	 total squared error = 0.000668910, marker error: RMS = 0.00517266, max = 0.0101678 (Sternum)
[2026-08-14 12:15:08.939] [info] Frame 97 (t = 0.97):	 total squared error = 0.000643840, marker error: RMS = 0.00507480, max = 0.00972635 (Sternum)
[2026-08-14 12:15:08.961] [info] Frame 98 (t = 0.98):	 total squared error = 0.000612236, marker error: RMS = 0.00494868, max = 0.00922136 (Sternum)
[2026-08-14 12:15:08.993] [info] Frame 99 (t = 0.99):	 total squared error = 0.000582295, marker error: RMS = 0.00482616, max = 0.00886656 (Sternum)
[2026-08-14 12:15:09.017] [info] Frame 100 (t = 1.0):	 total squared error = 0.000552502, marker error: RMS = 0.00470107, max = 0.00835846 (Sternum)
[2026-08-14 12:15:09.042] [info] Frame 101 (t = 1.01):	 total squared error = 0.000523787, marker error: RMS = 0.00457728, max = 0.00793135 (Sternum)
[2026-08-14 12:15:09.060] [info] Frame 102 (t = 1.02):	 total squared error = 0.000502432, marker error: RMS = 0.00448300, max = 0.00763788 (L_Shoulder)
[2026-08-14 12:15:09.104] [info] Frame 103 (t = 1.03):	 total squared error = 0.000471090, marker error: RMS = 0.00434092, max = 0.00737717 (L_Shoulder)
[2026-08-14 12:15:09.127] [info] Frame 104 (t = 1.04):	 total squared error = 0.000446999, marker error: RMS = 0.00422847, max = 0.00736212 (L_Shoulder)
[2026-08-14 12:15:09.152] [info] Frame 105 (t = 1.05):	 total squared error = 0.000426236, marker error: RMS = 0.00412910, max = 0.00741768 (L_Shoulder)
[2026-08-14 12:15:09.166] [info] Frame 106 (t = 1.06):	 total squared error = 0.000412824, marker error: RMS = 0.00406361, max = 0.00752458 (L_Shoulder)
[2026-08-14 12:15:09.184] [info] Frame 107 (t = 1.07):	 total squared error = 0.000397504, marker error: RMS = 0.00398750, max = 0.00747820 (L_Shoulder)
[2026-08-14 12:15:09.205] [info] Frame 108 (t = 1.08):	 total squared error = 0.000383385, marker error: RMS = 0.00391605, max = 0.00728257 (L_Shoulder)
[2026-08-14 12:15:09.224] [info] Frame 109 (t = 1.09):	 total squared error = 0.000376356, marker error: RMS = 0.00387998, max = 0.00714570 (L_Shoulder)
[2026-08-14 12:15:09.260] [info] Frame 110 (t = 1.1):	 total squared error = 0.000367859, marker error: RMS = 0.00383593, max = 0.00657172 (L_Shoulder)
[2026-08-14 12:15:09.287] [info] Frame 111 (t = 1.11):	 total squared error = 0.000371579, marker error: RMS = 0.00385528, max = 0.00637704 (L_Shoulder)
[2026-08-14 12:15:09.313] [info] Frame 112 (t = 1.12):	 total squared error = 0.000379466, marker error: RMS = 0.00389598, max = 0.00668609 (C7)
[2026-08-14 12:15:09.342] [info] Frame 113 (t = 1.13):	 total squared error = 0.000390120, marker error: RMS = 0.00395029, max = 0.00697579 (C7)
[2026-08-14 12:15:09.375] [info] Frame 114 (t = 1.14):	 total squared error = 0.000403381, marker error: RMS = 0.00401687, max = 0.00725691 (C7)
[2026-08-14 12:15:09.404] [info] Frame 115 (t = 1.15):	 total squared error = 0.000418116, marker error: RMS = 0.00408958, max = 0.00751890 (C7)
[2026-08-14 12:15:09.429] [info] Frame 116 (t = 1.16):	 total squared error = 0.000436066, marker error: RMS = 0.00417644, max = 0.00777646 (C7)
[2026-08-14 12:15:09.457] [info] Frame 117 (t = 1.17):	 total squared error = 0.000457106, marker error: RMS = 0.00427601, max = 0.00801118 (C7)
[2026-08-14 12:15:09.474] [info] Frame 118 (t = 1.18):	 total squared error = 0.000491995, marker error: RMS = 0.00443619, max = 0.00833836 (C7)
[2026-08-14 12:15:09.490] [info] Frame 119 (t = 1.19):	 total squared error = 0.000541525, marker error: RMS = 0.00465414, max = 0.00901969 (R_Thigh_Lateral)
[2026-08-14 12:15:09.533] [info] Frame 120 (t = 1.2):	 total squared error = 0.000549496, marker error: RMS = 0.00468827, max = 0.00925340 (R_Thigh_Lateral)
[2026-08-14 12:15:09.557] [info] Frame 121 (t = 1.21):	 total squared error = 0.000596900, marker error: RMS = 0.00488631, max = 0.00999795 (R_Thigh_Lateral)
[2026-08-14 12:15:09.575] [info] Frame 122 (t = 1.22):	 total squared error = 0.000657072, marker error: RMS = 0.00512668, max = 0.0107187 (R_Thigh_Lateral)
[2026-08-14 12:15:09.602] [info] Frame 123 (t = 1.23):	 total squared error = 0.000687769, marker error: RMS = 0.00524507, max = 0.0111188 (R_Thigh_Lateral)
[2026-08-14 12:15:09.633] [info] Frame 124 (t = 1.24):	 total squared error = 0.000709487, marker error: RMS = 0.00532724, max = 0.0110676 (R_Thigh_Lateral)
[2026-08-14 12:15:09.667] [info] Frame 125 (t = 1.25):	 total squared error = 0.000727926, marker error: RMS = 0.00539602, max = 0.0108173 (R_Thigh_Lateral)
[2026-08-14 12:15:09.693] [info] Frame 126 (t = 1.26):	 total squared error = 0.000736657, marker error: RMS = 0.00542829, max = 0.0102499 (C7)
[2026-08-14 12:15:09.733] [info] Frame 127 (t = 1.27):	 total squared error = 0.000727760, marker error: RMS = 0.00539541, max = 0.0105083 (C7)
[2026-08-14 12:15:09.755] [info] Frame 128 (t = 1.28):	 total squared error = 0.000724552, marker error: RMS = 0.00538350, max = 0.0107128 (C7)
[2026-08-14 12:15:09.772] [info] Frame 129 (t = 1.29):	 total squared error = 0.000738340, marker error: RMS = 0.00543448, max = 0.0110690 (C7)
[2026-08-14 12:15:09.800] [info] Frame 130 (t = 1.3):	 total squared error = 0.000738739, marker error: RMS = 0.00543595, max = 0.0110225 (C7)
[2026-08-14 12:15:09.837] [info] Frame 131 (t = 1.31):	 total squared error = 0.000775353, marker error: RMS = 0.00556903, max = 0.0111913 (C7)
[2026-08-14 12:15:09.849] [info] Frame 132 (t = 1.32):	 total squared error = 0.000839071, marker error: RMS = 0.00579335, max = 0.0113017 (C7)
[2026-08-14 12:15:09.868] [info] Frame 133 (t = 1.33):	 total squared error = 0.000889077, marker error: RMS = 0.00596348, max = 0.0113265 (C7)
[2026-08-14 12:15:09.890] [info] Frame 134 (t = 1.34):	 total squared error = 0.000934649, marker error: RMS = 0.00611440, max = 0.011298 (C7)
[2026-08-14 12:15:09.899] [info] Frame 135 (t = 1.35):	 total squared error = 0.000968850, marker error: RMS = 0.00622527, max = 0.0112465 (C7)
[2026-08-14 12:15:09.920] [info] Frame 136 (t = 1.36):	 total squared error = 0.000969709, marker error: RMS = 0.00622803, max = 0.0112932 (C7)
[2026-08-14 12:15:09.947] [info] Frame 137 (t = 1.37):	 total squared error = 0.000953662, marker error: RMS = 0.00617628, max = 0.0113011 (Sternum)
[2026-08-14 12:15:09.985] [info] Frame 138 (t = 1.38):	 total squared error = 0.000931200, marker error: RMS = 0.00610311, max = 0.0113258 (Sternum)
[2026-08-14 12:15:10.002] [info] Frame 139 (t = 1.39):	 total squared error = 0.000919428, marker error: RMS = 0.00606441, max = 0.0113326 (Sternum)
[2026-08-14 12:15:10.026] [info] Frame 140 (t = 1.4):	 total squared error = 0.000911038, marker error: RMS = 0.00603668, max = 0.0113821 (Sternum)
[2026-08-14 12:15:10.051] [info] Frame 141 (t = 1.41):	 total squared error = 0.000908734, marker error: RMS = 0.00602904, max = 0.0114017 (Sternum)
[2026-08-14 12:15:10.088] [info] Frame 142 (t = 1.42):	 total squared error = 0.000897052, marker error: RMS = 0.00599017, max = 0.0113193 (Sternum)
[2026-08-14 12:15:10.127] [info] Frame 143 (t = 1.43):	 total squared error = 0.000892023, marker error: RMS = 0.00597335, max = 0.0110434 (Sternum)
[2026-08-14 12:15:10.149] [info] Frame 144 (t = 1.44):	 total squared error = 0.000898717, marker error: RMS = 0.00599572, max = 0.0108597 (Sternum)
[2026-08-14 12:15:10.173] [info] Frame 145 (t = 1.45):	 total squared error = 0.000908299, marker error: RMS = 0.00602760, max = 0.0107880 (Sternum)
[2026-08-14 12:15:10.197] [info] Frame 146 (t = 1.46):	 total squared error = 0.000913811, marker error: RMS = 0.00604586, max = 0.0105878 (Sternum)
[2026-08-14 12:15:10.235] [info] Frame 147 (t = 1.47):	 total squared error = 0.000902569, marker error: RMS = 0.00600856, max = 0.0103303 (R_Shoulder)
[2026-08-14 12:15:10.263] [info] Frame 148 (t = 1.48):	 total squared error = 0.000899655, marker error: RMS = 0.00599885, max = 0.0101064 (Sternum)
[2026-08-14 12:15:10.284] [info] Frame 149 (t = 1.49):	 total squared error = 0.000893908, marker error: RMS = 0.00597966, max = 0.00986553 (Sternum)
[2026-08-14 12:15:10.312] [info] Frame 150 (t = 1.5):	 total squared error = 0.000879220, marker error: RMS = 0.00593033, max = 0.00960487 (Sternum)
[2026-08-14 12:15:10.349] [info] Frame 151 (t = 1.51):	 total squared error = 0.000857549, marker error: RMS = 0.00585679, max = 0.00939155 (Sternum)
[2026-08-14 12:15:10.376] [info] Frame 152 (t = 1.52):	 total squared error = 0.000830612, marker error: RMS = 0.00576407, max = 0.00910593 (Sternum)
[2026-08-14 12:15:10.402] [info] Frame 153 (t = 1.53):	 total squared error = 0.000802389, marker error: RMS = 0.00566529, max = 0.00899020 (L_Shoulder)
[2026-08-14 12:15:10.426] [info] Frame 154 (t = 1.54):	 total squared error = 0.000772670, marker error: RMS = 0.00555939, max = 0.00898962 (L_Shoulder)
[2026-08-14 12:15:10.448] [info] Frame 155 (t = 1.55):	 total squared error = 0.000742856, marker error: RMS = 0.00545108, max = 0.00892494 (L_Shoulder)
[2026-08-14 12:15:10.475] [info] Frame 156 (t = 1.56):	 total squared error = 0.000717124, marker error: RMS = 0.00535583, max = 0.00887197 (L_Shoulder)
[2026-08-14 12:15:10.501] [info] Frame 157 (t = 1.57):	 total squared error = 0.000691756, marker error: RMS = 0.00526025, max = 0.00864231 (L_Shoulder)
[2026-08-14 12:15:10.525] [info] Frame 158 (t = 1.58):	 total squared error = 0.000671117, marker error: RMS = 0.00518118, max = 0.00875127 (L_Thigh_Lateral)
[2026-08-14 12:15:10.555] [info] Frame 159 (t = 1.59):	 total squared error = 0.000653801, marker error: RMS = 0.00511391, max = 0.00887137 (L_Thigh_Lateral)
[2026-08-14 12:15:10.580] [info] Frame 160 (t = 1.6):	 total squared error = 0.000642328, marker error: RMS = 0.00506884, max = 0.00907977 (L_Thigh_Lateral)
[2026-08-14 12:15:10.611] [info] Frame 161 (t = 1.61):	 total squared error = 0.000634658, marker error: RMS = 0.00503849, max = 0.00922826 (L_Thigh_Lateral)
[2026-08-14 12:15:10.628] [info] Frame 162 (t = 1.62):	 total squared error = 0.000634927, marker error: RMS = 0.00503955, max = 0.00938720 (L_Thigh_Lateral)
[2026-08-14 12:15:10.649] [info] Frame 163 (t = 1.63):	 total squared error = 0.000632441, marker error: RMS = 0.00502968, max = 0.00951553 (L_Thigh_Lateral)
[2026-08-14 12:15:10.670] [info] Frame 164 (t = 1.64):	 total squared error = 0.000632541, marker error: RMS = 0.00503008, max = 0.00975088 (L_Thigh_Lateral)
[2026-08-14 12:15:10.686] [info] Frame 165 (t = 1.65):	 total squared error = 0.000640231, marker error: RMS = 0.00506056, max = 0.0100576 (L_Thigh_Lateral)
[2026-08-14 12:15:10.720] [info] Frame 166 (t = 1.66):	 total squared error = 0.000629487, marker error: RMS = 0.00501792, max = 0.0113294 (L_Thigh_Lateral)
[2026-08-14 12:15:10.740] [info] Frame 167 (t = 1.67):	 total squared error = 0.000647777, marker error: RMS = 0.00509029, max = 0.0114817 (L_Thigh_Lateral)
[2026-08-14 12:15:10.771] [info] Frame 168 (t = 1.68):	 total squared error = 0.000668449, marker error: RMS = 0.00517088, max = 0.0121073 (L_Thigh_Lateral)
[2026-08-14 12:15:10.789] [info] Frame 169 (t = 1.69):	 total squared error = 0.000704675, marker error: RMS = 0.00530914, max = 0.0126042 (L_Thigh_Lateral)
[2026-08-14 12:15:10.827] [info] Frame 170 (t = 1.7):	 total squared error = 0.000726444, marker error: RMS = 0.00539053, max = 0.0131445 (L_Thigh_Lateral)
[2026-08-14 12:15:10.866] [info] Frame 171 (t = 1.71):	 total squared error = 0.000753756, marker error: RMS = 0.00549093, max = 0.0136614 (L_Thigh_Lateral)
[2026-08-14 12:15:10.896] [info] Frame 172 (t = 1.72):	 total squared error = 0.000777238, marker error: RMS = 0.00557580, max = 0.0141145 (L_Shank_Lateral)
[2026-08-14 12:15:10.912] [info] Frame 173 (t = 1.73):	 total squared error = 0.000804353, marker error: RMS = 0.00567222, max = 0.014393 (L_Thigh_Lateral)
[2026-08-14 12:15:10.945] [info] Frame 174 (t = 1.74):	 total squared error = 0.000795893, marker error: RMS = 0.00564231, max = 0.0143117 (L_Shank_Lateral)
[2026-08-14 12:15:10.960] [info] Frame 175 (t = 1.75):	 total squared error = 0.000801503, marker error: RMS = 0.00566216, max = 0.0144027 (L_Thigh_Lateral)
[2026-08-14 12:15:10.986] [info] Frame 176 (t = 1.76):	 total squared error = 0.000788545, marker error: RMS = 0.00561621, max = 0.0139861 (L_Shank_Lateral)
[2026-08-14 12:15:11.004] [info] Frame 177 (t = 1.77):	 total squared error = 0.000783296, marker error: RMS = 0.00559749, max = 0.0137478 (L_Thigh_Lateral)
[2026-08-14 12:15:11.033] [info] Frame 178 (t = 1.78):	 total squared error = 0.000752529, marker error: RMS = 0.00548645, max = 0.0129252 (L_Thigh_Lateral)
[2026-08-14 12:15:11.052] [info] Frame 179 (t = 1.79):	 total squared error = 0.000740740, marker error: RMS = 0.00544331, max = 0.0123898 (L_Thigh_Lateral)
[2026-08-14 12:15:11.071] [info] Frame 180 (t = 1.8):	 total squared error = 0.000726651, marker error: RMS = 0.00539129, max = 0.0116316 (L_Thigh_Lateral)
[2026-08-14 12:15:11.091] [info] Frame 181 (t = 1.81):	 total squared error = 0.000710657, marker error: RMS = 0.00533163, max = 0.0108005 (L_Thigh_Lateral)
[2026-08-14 12:15:11.129] [info] Frame 182 (t = 1.82):	 total squared error = 0.000683876, marker error: RMS = 0.00523020, max = 0.00988320 (L_Thigh_Lateral)
[2026-08-14 12:15:11.150] [info] Frame 183 (t = 1.83):	 total squared error = 0.000676490, marker error: RMS = 0.00520188, max = 0.00908112 (L_Thigh_Lateral)
[2026-08-14 12:15:11.180] [info] Frame 184 (t = 1.84):	 total squared error = 0.000664674, marker error: RMS = 0.00515625, max = 0.00893898 (L_Shoulder)
[2026-08-14 12:15:11.202] [info] Frame 185 (t = 1.85):	 total squared error = 0.000670895, marker error: RMS = 0.00518033, max = 0.00892481 (Sternum)
[2026-08-14 12:15:11.222] [info] Frame 186 (t = 1.86):	 total squared error = 0.000688664, marker error: RMS = 0.00524848, max = 0.00938835 (Sternum)
[2026-08-14 12:15:11.256] [info] Frame 187 (t = 1.87):	 total squared error = 0.000711919, marker error: RMS = 0.00533636, max = 0.00950206 (Sternum)
[2026-08-14 12:15:11.280] [info] Frame 188 (t = 1.88):	 total squared error = 0.000760104, marker error: RMS = 0.00551400, max = 0.0101441 (L_Thigh_Lateral)
[2026-08-14 12:15:11.309] [info] Frame 189 (t = 1.89):	 total squared error = 0.000816795, marker error: RMS = 0.00571592, max = 0.0113877 (L_Thigh_Lateral)
[2026-08-14 12:15:11.329] [info] Frame 190 (t = 1.9):	 total squared error = 0.000880107, marker error: RMS = 0.00593332, max = 0.0126037 (L_Thigh_Lateral)
[2026-08-14 12:15:11.351] [info] Frame 191 (t = 1.91):	 total squared error = 0.000934981, marker error: RMS = 0.00611549, max = 0.0135036 (L_Thigh_Lateral)
[2026-08-14 12:15:11.375] [info] Frame 192 (t = 1.92):	 total squared error = 0.000972929, marker error: RMS = 0.00623836, max = 0.0140238 (L_Thigh_Lateral)
[2026-08-14 12:15:11.389] [info] Frame 193 (t = 1.93):	 total squared error = 0.000996433, marker error: RMS = 0.00631327, max = 0.0141924 (L_Thigh_Lateral)
[2026-08-14 12:15:11.407] [info] Frame 194 (t = 1.94):	 total squared error = 0.000980164, marker error: RMS = 0.00626151, max = 0.0136121 (L_Thigh_Lateral)
[2026-08-14 12:15:11.429] [info] Frame 195 (t = 1.95):	 total squared error = 0.000946079, marker error: RMS = 0.00615168, max = 0.012688 (L_Thigh_Lateral)
[2026-08-14 12:15:11.441] [info] Frame 196 (t = 1.96):	 total squared error = 0.000904546, marker error: RMS = 0.00601514, max = 0.0124739 (Sternum)
[2026-08-14 12:15:11.473] [info] Frame 197 (t = 1.97):	 total squared error = 0.000848745, marker error: RMS = 0.00582664, max = 0.0124968 (Sternum)
[2026-08-14 12:15:11.494] [info] Frame 198 (t = 1.98):	 total squared error = 0.000799236, marker error: RMS = 0.00565415, max = 0.0123928 (Sternum)
[2026-08-14 12:15:11.527] [info] Frame 199 (t = 1.99):	 total squared error = 0.000747802, marker error: RMS = 0.00546919, max = 0.0122289 (Sternum)
[2026-08-14 12:15:11.547] [info] Frame 200 (t = 2.0):	 total squared error = 0.000707241, marker error: RMS = 0.00531880, max = 0.0118959 (Sternum)
[2026-08-14 12:15:11.573] [info] Frame 201 (t = 2.01):	 total squared error = 0.000670827, marker error: RMS = 0.00518006, max = 0.0116094 (Sternum)
[2026-08-14 12:15:11.610] [info] Frame 202 (t = 2.02):	 total squared error = 0.000628909, marker error: RMS = 0.00501561, max = 0.0112816 (Sternum)
[2026-08-14 12:15:11.636] [info] Frame 203 (t = 2.03):	 total squared error = 0.000600514, marker error: RMS = 0.00490108, max = 0.0108083 (Sternum)
[2026-08-14 12:15:11.659] [info] Frame 204 (t = 2.04):	 total squared error = 0.000579264, marker error: RMS = 0.00481358, max = 0.0104347 (Sternum)
[2026-08-14 12:15:11.685] [info] Frame 205 (t = 2.05):	 total squared error = 0.000562699, marker error: RMS = 0.00474426, max = 0.0100823 (Sternum)
[2026-08-14 12:15:11.709] [info] Frame 206 (t = 2.06):	 total squared error = 0.000556534, marker error: RMS = 0.00471819, max = 0.00973988 (Sternum)
[2026-08-14 12:15:11.750] [info] Frame 207 (t = 2.07):	 total squared error = 0.000553957, marker error: RMS = 0.00470726, max = 0.00948056 (Sternum)
[2026-08-14 12:15:11.776] [info] Frame 208 (t = 2.08):	 total squared error = 0.000561954, marker error: RMS = 0.00474111, max = 0.00916612 (Sternum)
[2026-08-14 12:15:11.802] [info] Frame 209 (t = 2.09):	 total squared error = 0.000569194, marker error: RMS = 0.00477156, max = 0.00883893 (Sternum)
[2026-08-14 12:15:11.828] [info] Frame 210 (t = 2.1):	 total squared error = 0.000568638, marker error: RMS = 0.00476923, max = 0.00847712 (Sternum)
[2026-08-14 12:15:11.865] [info] Frame 211 (t = 2.11):	 total squared error = 0.000557497, marker error: RMS = 0.00472227, max = 0.00827615 (Sternum)
[2026-08-14 12:15:11.905] [info] Frame 212 (t = 2.12):	 total squared error = 0.000539578, marker error: RMS = 0.00464576, max = 0.00777195 (Sternum)
[2026-08-14 12:15:11.941] [info] Frame 213 (t = 2.13):	 total squared error = 0.000520299, marker error: RMS = 0.00456201, max = 0.00736032 (Sternum)
[2026-08-14 12:15:11.962] [info] Frame 214 (t = 2.14):	 total squared error = 0.000503902, marker error: RMS = 0.00448955, max = 0.00708604 (L_Shoulder)
[2026-08-14 12:15:11.985] [info] Frame 215 (t = 2.15):	 total squared error = 0.000495385, marker error: RMS = 0.00445145, max = 0.00704834 (L_Shoulder)
[2026-08-14 12:15:12.031] [info] Frame 216 (t = 2.16):	 total squared error = 0.000469169, marker error: RMS = 0.00433206, max = 0.00667492 (L_Shoulder)
[2026-08-14 12:15:12.050] [info] Frame 217 (t = 2.17):	 total squared error = 0.000452740, marker error: RMS = 0.00425554, max = 0.00669095 (L_Shoulder)
[2026-08-14 12:15:12.085] [info] Frame 218 (t = 2.18):	 total squared error = 0.000432577, marker error: RMS = 0.00415970, max = 0.00660149 (L_Thigh_Lateral)
[2026-08-14 12:15:12.103] [info] Frame 219 (t = 2.19):	 total squared error = 0.000420375, marker error: RMS = 0.00410061, max = 0.00671536 (L_Thigh_Lateral)
[2026-08-14 12:15:12.134] [info] Frame 220 (t = 2.2):	 total squared error = 0.000407735, marker error: RMS = 0.00403849, max = 0.00668081 (L_Thigh_Lateral)
[2026-08-14 12:15:12.151] [info] Frame 221 (t = 2.21):	 total squared error = 0.000409500, marker error: RMS = 0.00404722, max = 0.00689947 (R_Thigh_Lateral)
[2026-08-14 12:15:12.187] [info] Frame 222 (t = 2.22):	 total squared error = 0.000403713, marker error: RMS = 0.00401852, max = 0.00710470 (R_Thigh_Lateral)
[2026-08-14 12:15:12.214] [info] Frame 223 (t = 2.23):	 total squared error = 0.000407681, marker error: RMS = 0.00403822, max = 0.00736587 (R_Thigh_Lateral)
[2026-08-14 12:15:12.240] [info] Frame 224 (t = 2.24):	 total squared error = 0.000413528, marker error: RMS = 0.00406708, max = 0.00765550 (R_Thigh_Lateral)
[2026-08-14 12:15:12.251] [info] Frame 225 (t = 2.25):	 total squared error = 0.000432454, marker error: RMS = 0.00415911, max = 0.00787602 (R_Thigh_Lateral)
[2026-08-14 12:15:12.290] [info] Frame 226 (t = 2.26):	 total squared error = 0.000427980, marker error: RMS = 0.00413754, max = 0.00812545 (R_Thigh_Lateral)
[2026-08-14 12:15:12.307] [info] Frame 227 (t = 2.27):	 total squared error = 0.000441567, marker error: RMS = 0.00420270, max = 0.00825774 (R_Thigh_Lateral)
[2026-08-14 12:15:12.344] [info] Frame 228 (t = 2.28):	 total squared error = 0.000448189, marker error: RMS = 0.00423410, max = 0.00826025 (R_Thigh_Lateral)
[2026-08-14 12:15:12.360] [info] Frame 229 (t = 2.29):	 total squared error = 0.000468779, marker error: RMS = 0.00433026, max = 0.00833643 (R_Thigh_Lateral)
[2026-08-14 12:15:12.393] [info] Frame 230 (t = 2.3):	 total squared error = 0.000476075, marker error: RMS = 0.00436383, max = 0.00827898 (C7)
[2026-08-14 12:15:12.408] [info] Frame 231 (t = 2.31):	 total squared error = 0.000503782, marker error: RMS = 0.00448902, max = 0.00854511 (C7)
[2026-08-14 12:15:12.447] [info] Frame 232 (t = 2.32):	 total squared error = 0.000515901, marker error: RMS = 0.00454269, max = 0.00884815 (C7)
[2026-08-14 12:15:12.463] [info] Frame 233 (t = 2.33):	 total squared error = 0.000554622, marker error: RMS = 0.00471008, max = 0.00918858 (C7)
[2026-08-14 12:15:12.499] [info] Frame 234 (t = 2.34):	 total squared error = 0.000576129, marker error: RMS = 0.00480054, max = 0.00931577 (C7)
[2026-08-14 12:15:12.536] [info] Frame 235 (t = 2.35):	 total squared error = 0.000614324, marker error: RMS = 0.00495711, max = 0.00952052 (C7)
[2026-08-14 12:15:12.571] [info] Frame 236 (t = 2.36):	 total squared error = 0.000658217, marker error: RMS = 0.00513115, max = 0.00977845 (C7)
[2026-08-14 12:15:12.600] [info] Frame 237 (t = 2.37):	 total squared error = 0.000706550, marker error: RMS = 0.00531620, max = 0.0101929 (R_Thigh_Lateral)
[2026-08-14 12:15:12.626] [info] Frame 238 (t = 2.38):	 total squared error = 0.000757933, marker error: RMS = 0.00550612, max = 0.0108320 (R_Thigh_Lateral)
[2026-08-14 12:15:12.661] [info] Frame 239 (t = 2.39):	 total squared error = 0.000794764, marker error: RMS = 0.00563831, max = 0.0111696 (R_Thigh_Lateral)
[2026-08-14 12:15:12.688] [info] Frame 240 (t = 2.4):	 total squared error = 0.000834136, marker error: RMS = 0.00577628, max = 0.0114984 (R_Thigh_Lateral)
[2026-08-14 12:15:12.727] [info] Frame 241 (t = 2.41):	 total squared error = 0.000849246, marker error: RMS = 0.00582837, max = 0.0113147 (R_Thigh_Lateral)
[2026-08-14 12:15:12.764] [info] Frame 242 (t = 2.42):	 total squared error = 0.000857025, marker error: RMS = 0.00585500, max = 0.0109411 (C7)
[2026-08-14 12:15:12.788] [info] Frame 243 (t = 2.43):	 total squared error = 0.000856817, marker error: RMS = 0.00585429, max = 0.0110510 (C7)
[2026-08-14 12:15:12.808] [info] Frame 244 (t = 2.44):	 total squared error = 0.000853761, marker error: RMS = 0.00584384, max = 0.0112727 (C7)
[2026-08-14 12:15:12.846] [info] Frame 245 (t = 2.45):	 total squared error = 0.000827348, marker error: RMS = 0.00575273, max = 0.0111338 (C7)
[2026-08-14 12:15:12.866] [info] Frame 246 (t = 2.46):	 total squared error = 0.000825962, marker error: RMS = 0.00574791, max = 0.011153 (C7)
[2026-08-14 12:15:12.885] [info] Frame 247 (t = 2.47):	 total squared error = 0.000835559, marker error: RMS = 0.00578121, max = 0.0111124 (C7)
[2026-08-14 12:15:12.906] [info] Frame 248 (t = 2.48):	 total squared error = 0.000852839, marker error: RMS = 0.00584068, max = 0.0110998 (C7)
[2026-08-14 12:15:12.929] [info] Frame 249 (t = 2.49):	 total squared error = 0.000880606, marker error: RMS = 0.00593500, max = 0.0110381 (C7)
[2026-08-14 12:15:12.949] [info] Frame 250 (t = 2.5):	 total squared error = 0.000905838, marker error: RMS = 0.00601943, max = 0.0109719 (C7)
[2026-08-14 12:15:12.962] [info] Frame 251 (t = 2.51):	 total squared error = 0.000928464, marker error: RMS = 0.00609414, max = 0.0111885 (C7)
[2026-08-14 12:15:12.998] [info] Frame 252 (t = 2.52):	 total squared error = 0.000917994, marker error: RMS = 0.00605968, max = 0.0109616 (C7)
[2026-08-14 12:15:13.019] [info] Frame 253 (t = 2.53):	 total squared error = 0.000905162, marker error: RMS = 0.00601718, max = 0.0109615 (C7)
[2026-08-14 12:15:13.030] [info] Frame 254 (t = 2.54):	 total squared error = 0.000891681, marker error: RMS = 0.00597221, max = 0.0111521 (C7)
[2026-08-14 12:15:13.061] [info] Frame 255 (t = 2.55):	 total squared error = 0.000862045, marker error: RMS = 0.00587212, max = 0.0109369 (Sternum)
[2026-08-14 12:15:13.074] [info] Frame 256 (t = 2.56):	 total squared error = 0.000859229, marker error: RMS = 0.00586252, max = 0.0110198 (C7)
[2026-08-14 12:15:13.095] [info] Frame 257 (t = 2.57):	 total squared error = 0.000853529, marker error: RMS = 0.00584304, max = 0.0107209 (C7)
[2026-08-14 12:15:13.117] [info] Frame 258 (t = 2.58):	 total squared error = 0.000854710, marker error: RMS = 0.00584709, max = 0.0106242 (C7)
[2026-08-14 12:15:13.140] [info] Frame 259 (t = 2.59):	 total squared error = 0.000857969, marker error: RMS = 0.00585822, max = 0.0104374 (C7)
[2026-08-14 12:15:13.182] [info] Frame 260 (t = 2.6):	 total squared error = 0.000832046, marker error: RMS = 0.00576904, max = 0.0104054 (C7)
[2026-08-14 12:15:13.204] [info] Frame 261 (t = 2.61):	 total squared error = 0.000833411, marker error: RMS = 0.00577377, max = 0.0101845 (C7)
[2026-08-14 12:15:13.224] [info] Frame 262 (t = 2.62):	 total squared error = 0.000832488, marker error: RMS = 0.00577057, max = 0.00995041 (C7)
[2026-08-14 12:15:13.247] [info] Frame 263 (t = 2.63):	 total squared error = 0.000826043, marker error: RMS = 0.00574819, max = 0.00968004 (C7)
[2026-08-14 12:15:13.295] [info] Frame 264 (t = 2.64):	 total squared error = 0.000805855, marker error: RMS = 0.00567752, max = 0.00948055 (C7)
[2026-08-14 12:15:13.321] [info] Frame 265 (t = 2.65):	 total squared error = 0.000799403, marker error: RMS = 0.00565474, max = 0.00943257 (L_Elbow)
[2026-08-14 12:15:13.346] [info] Frame 266 (t = 2.66):	 total squared error = 0.000796252, marker error: RMS = 0.00564359, max = 0.00967322 (L_Elbow)
[2026-08-14 12:15:13.376] [info] Frame 267 (t = 2.67):	 total squared error = 0.000791153, marker error: RMS = 0.00562549, max = 0.00968106 (L_Elbow)
[2026-08-14 12:15:13.403] [info] Frame 268 (t = 2.68):	 total squared error = 0.000783936, marker error: RMS = 0.00559977, max = 0.00973441 (L_Elbow)
[2026-08-14 12:15:13.441] [info] Frame 269 (t = 2.69):	 total squared error = 0.000769282, marker error: RMS = 0.00554719, max = 0.00958958 (L_Elbow)
[2026-08-14 12:15:13.459] [info] Frame 270 (t = 2.7):	 total squared error = 0.000753309, marker error: RMS = 0.00548929, max = 0.00950768 (L_Elbow)
[2026-08-14 12:15:13.497] [info] Frame 271 (t = 2.71):	 total squared error = 0.000717759, marker error: RMS = 0.00535820, max = 0.00908447 (L_Elbow)
[2026-08-14 12:15:13.519] [info] Frame 272 (t = 2.72):	 total squared error = 0.000682266, marker error: RMS = 0.00522404, max = 0.00864128 (L_Elbow)
[2026-08-14 12:15:13.544] [info] Frame 273 (t = 2.73):	 total squared error = 0.000640848, marker error: RMS = 0.00506300, max = 0.00830035 (L_Thigh_Lateral)
[2026-08-14 12:15:13.573] [info] Frame 274 (t = 2.74):	 total squared error = 0.000597824, marker error: RMS = 0.00489009, max = 0.00816025 (L_Thigh_Lateral)
[2026-08-14 12:15:13.596] [info] Frame 275 (t = 2.75):	 total squared error = 0.000554630, marker error: RMS = 0.00471011, max = 0.00799193 (L_Thigh_Lateral)
[2026-08-14 12:15:13.612] [info] Frame 276 (t = 2.76):	 total squared error = 0.000518684, marker error: RMS = 0.00455492, max = 0.00798172 (L_Thigh_Lateral)
[2026-08-14 12:15:13.635] [info] Frame 277 (t = 2.77):	 total squared error = 0.000474643, marker error: RMS = 0.00435726, max = 0.00745459 (L_Thigh_Lateral)
[2026-08-14 12:15:13.656] [info] Frame 278 (t = 2.78):	 total squared error = 0.000444355, marker error: RMS = 0.00421595, max = 0.00723999 (L_Thigh_Lateral)
[2026-08-14 12:15:13.692] [info] Frame 279 (t = 2.79):	 total squared error = 0.000414351, marker error: RMS = 0.00407112, max = 0.00712560 (L_Thigh_Lateral)
[2026-08-14 12:15:13.721] [info] Frame 280 (t = 2.8):	 total squared error = 0.000395867, marker error: RMS = 0.00397928, max = 0.00713171 (L_Thigh_Lateral)
[2026-08-14 12:15:13.740] [info] Frame 281 (t = 2.81):	 total squared error = 0.000391520, marker error: RMS = 0.00395737, max = 0.00729008 (L_Thigh_Lateral)
[2026-08-14 12:15:13.758] [info] Frame 282 (t = 2.82):	 total squared error = 0.000398517, marker error: RMS = 0.00399258, max = 0.00752996 (L_Thigh_Lateral)
[2026-08-14 12:15:13.778] [info] Frame 283 (t = 2.83):	 total squared error = 0.000412987, marker error: RMS = 0.00406442, max = 0.00788105 (L_Thigh_Lateral)
[2026-08-14 12:15:13.798] [info] Frame 284 (t = 2.84):	 total squared error = 0.000442032, marker error: RMS = 0.00420491, max = 0.00844986 (L_Thigh_Lateral)
[2026-08-14 12:15:13.834] [info] Frame 285 (t = 2.85):	 total squared error = 0.000468522, marker error: RMS = 0.00432908, max = 0.00935499 (L_Thigh_Lateral)
[2026-08-14 12:15:13.870] [info] Frame 286 (t = 2.86):	 total squared error = 0.000514269, marker error: RMS = 0.00453550, max = 0.0100271 (L_Thigh_Lateral)
[2026-08-14 12:15:13.899] [info] Frame 287 (t = 2.87):	 total squared error = 0.000574129, marker error: RMS = 0.00479220, max = 0.0106533 (L_Thigh_Lateral)
[2026-08-14 12:15:13.933] [info] Frame 288 (t = 2.88):	 total squared error = 0.000633404, marker error: RMS = 0.00503350, max = 0.0114648 (L_Thigh_Lateral)
[2026-08-14 12:15:13.963] [info] Frame 289 (t = 2.89):	 total squared error = 0.000701506, marker error: RMS = 0.00529719, max = 0.0121434 (L_Thigh_Lateral)
[2026-08-14 12:15:13.981] [info] Frame 290 (t = 2.9):	 total squared error = 0.000787614, marker error: RMS = 0.00561289, max = 0.0131361 (L_Thigh_Lateral)
[2026-08-14 12:15:14.013] [info] Frame 291 (t = 2.91):	 total squared error = 0.000825000, marker error: RMS = 0.00574456, max = 0.0134329 (L_Thigh_Lateral)
[2026-08-14 12:15:14.019] [info] InverseKinematicsTool completed 292 frames in 8 second(s).
[2026-08-14 12:15:14.075] [info] Loaded model SUBJ59-scaled from file C:\Users\migue\Downloads\TFG\2_JMP\SUBJ59\Walk_1\SUBJ59_1_JMP_results\SUBJ59_1_NMSM_JMP_04_ankle_axis.osim
[2026-08-14 12:15:14.706] [warning] Coordinate.setValue:  coordinate pro_sup_r is locked. Unable to change its value.
[2026-08-14 12:15:14.749] [warning] Coordinate.setValue:  coordinate pro_sup_l is locked. Unable to change its value.
[2026-08-14 12:16:05.662] [info] Loaded model SUBJ59-scaled from file C:\Users\migue\Downloads\TFG\2_JMP\SUBJ59\Walk_1\SUBJ59_1_JMP_results\SUBJ59_1_NMSM_JMP_04_ankle_axis.osim
[2026-08-14 12:16:05.683] [cout] [info] 
               MODEL: SUBJ59-scaled
         coordinates: 41
              forces: 103
           actuators: 103
             muscles: 86
            analyses: 0
              probes: 0
              bodies: 24
              joints: 24
         constraints: 2
             markers: 25
         controllers: 0
  contact geometries: 0
misc modelcomponents: 0
[2026-08-14 12:16:05.683] [info] Running tool .
[2026-08-14 12:16:05.789] [info] Frame 0 (t = 0.0):	 total squared error = 0.000679179, marker error: RMS = 0.00521221, max = 0.0110821 (R_Thigh_Lateral)
[2026-08-14 12:16:05.811] [info] Frame 1 (t = 0.01):	 total squared error = 0.000695715, marker error: RMS = 0.00527528, max = 0.0113235 (R_Thigh_Lateral)
[2026-08-14 12:16:05.834] [info] Frame 2 (t = 0.02):	 total squared error = 0.000721053, marker error: RMS = 0.00537049, max = 0.011671 (R_Thigh_Lateral)
[2026-08-14 12:16:05.852] [info] Frame 3 (t = 0.03):	 total squared error = 0.000748837, marker error: RMS = 0.00547298, max = 0.0120186 (R_Thigh_Lateral)
[2026-08-14 12:16:05.888] [info] Frame 4 (t = 0.04):	 total squared error = 0.000748978, marker error: RMS = 0.00547349, max = 0.0122355 (R_Thigh_Lateral)
[2026-08-14 12:16:05.912] [info] Frame 5 (t = 0.05):	 total squared error = 0.000763248, marker error: RMS = 0.00552539, max = 0.0123621 (R_Thigh_Lateral)
[2026-08-14 12:16:05.928] [info] Frame 6 (t = 0.06):	 total squared error = 0.000786692, marker error: RMS = 0.00560961, max = 0.0120437 (R_Thigh_Lateral)
[2026-08-14 12:16:05.962] [info] Frame 7 (t = 0.07):	 total squared error = 0.000748103, marker error: RMS = 0.00547029, max = 0.0116925 (R_Thigh_Lateral)
[2026-08-14 12:16:05.990] [info] Frame 8 (t = 0.08):	 total squared error = 0.000735284, marker error: RMS = 0.00542322, max = 0.0110938 (R_Thigh_Lateral)
[2026-08-14 12:16:06.012] [info] Frame 9 (t = 0.09):	 total squared error = 0.000721618, marker error: RMS = 0.00537259, max = 0.0103222 (R_Thigh_Lateral)
[2026-08-14 12:16:06.051] [info] Frame 10 (t = 0.1):	 total squared error = 0.000697435, marker error: RMS = 0.00528180, max = 0.00989220 (C7)
[2026-08-14 12:16:06.075] [info] Frame 11 (t = 0.11):	 total squared error = 0.000694676, marker error: RMS = 0.00527134, max = 0.0100183 (C7)
[2026-08-14 12:16:06.107] [info] Frame 12 (t = 0.12):	 total squared error = 0.000696913, marker error: RMS = 0.00527982, max = 0.0100223 (C7)
[2026-08-14 12:16:06.124] [info] Frame 13 (t = 0.13):	 total squared error = 0.000721916, marker error: RMS = 0.00537370, max = 0.0102946 (C7)
[2026-08-14 12:16:06.144] [info] Frame 14 (t = 0.14):	 total squared error = 0.000746182, marker error: RMS = 0.00546326, max = 0.0100990 (C7)
[2026-08-14 12:16:06.157] [info] Frame 15 (t = 0.15):	 total squared error = 0.000788155, marker error: RMS = 0.00561482, max = 0.0103154 (C7)
[2026-08-14 12:16:06.187] [info] Frame 16 (t = 0.16):	 total squared error = 0.000799995, marker error: RMS = 0.00565684, max = 0.0105070 (R_Thigh_Lateral)
[2026-08-14 12:16:06.204] [info] Frame 17 (t = 0.17):	 total squared error = 0.000819990, marker error: RMS = 0.00572709, max = 0.0105117 (R_Thigh_Lateral)
[2026-08-14 12:16:06.226] [info] Frame 18 (t = 0.18):	 total squared error = 0.000824182, marker error: RMS = 0.00574171, max = 0.0101768 (R_Thigh_Lateral)
[2026-08-14 12:16:06.247] [info] Frame 19 (t = 0.19):	 total squared error = 0.000815749, marker error: RMS = 0.00571227, max = 0.00999524 (L_Elbow)
[2026-08-14 12:16:06.259] [info] Frame 20 (t = 0.2):	 total squared error = 0.000804647, marker error: RMS = 0.00567326, max = 0.0100831 (C7)
[2026-08-14 12:16:06.279] [info] Frame 21 (t = 0.21):	 total squared error = 0.000783512, marker error: RMS = 0.00559826, max = 0.00982216 (L_Elbow)
[2026-08-14 12:16:06.290] [info] Frame 22 (t = 0.22):	 total squared error = 0.000777228, marker error: RMS = 0.00557576, max = 0.00990923 (C7)
[2026-08-14 12:16:06.334] [info] Frame 23 (t = 0.23):	 total squared error = 0.000742064, marker error: RMS = 0.00544817, max = 0.00970572 (C7)
[2026-08-14 12:16:06.358] [info] Frame 24 (t = 0.24):	 total squared error = 0.000737158, marker error: RMS = 0.00543013, max = 0.00957112 (C7)
[2026-08-14 12:16:06.390] [info] Frame 25 (t = 0.25):	 total squared error = 0.000732560, marker error: RMS = 0.00541317, max = 0.00947917 (C7)
[2026-08-14 12:16:06.413] [info] Frame 26 (t = 0.26):	 total squared error = 0.000736662, marker error: RMS = 0.00542830, max = 0.00931127 (C7)
[2026-08-14 12:16:06.458] [info] Frame 27 (t = 0.27):	 total squared error = 0.000730270, marker error: RMS = 0.00540470, max = 0.00916309 (C7)
[2026-08-14 12:16:06.480] [info] Frame 28 (t = 0.28):	 total squared error = 0.000730559, marker error: RMS = 0.00540577, max = 0.00903373 (C7)
[2026-08-14 12:16:06.504] [info] Frame 29 (t = 0.29):	 total squared error = 0.000718621, marker error: RMS = 0.00536142, max = 0.00888382 (C7)
[2026-08-14 12:16:06.530] [info] Frame 30 (t = 0.3):	 total squared error = 0.000692037, marker error: RMS = 0.00526132, max = 0.00873454 (C7)
[2026-08-14 12:16:06.565] [info] Frame 31 (t = 0.31):	 total squared error = 0.000653583, marker error: RMS = 0.00511305, max = 0.00853609 (C7)
[2026-08-14 12:16:06.589] [info] Frame 32 (t = 0.32):	 total squared error = 0.000614216, marker error: RMS = 0.00495668, max = 0.00834035 (C7)
[2026-08-14 12:16:06.622] [info] Frame 33 (t = 0.33):	 total squared error = 0.000576272, marker error: RMS = 0.00480113, max = 0.00816703 (C7)
[2026-08-14 12:16:06.650] [info] Frame 34 (t = 0.34):	 total squared error = 0.000542645, marker error: RMS = 0.00465895, max = 0.00800322 (C7)
[2026-08-14 12:16:06.679] [info] Frame 35 (t = 0.35):	 total squared error = 0.000514311, marker error: RMS = 0.00453568, max = 0.00773480 (C7)
[2026-08-14 12:16:06.711] [info] Frame 36 (t = 0.36):	 total squared error = 0.000491290, marker error: RMS = 0.00443301, max = 0.00750575 (C7)
[2026-08-14 12:16:06.753] [info] Frame 37 (t = 0.37):	 total squared error = 0.000473126, marker error: RMS = 0.00435029, max = 0.00725841 (C7)
[2026-08-14 12:16:06.778] [info] Frame 38 (t = 0.38):	 total squared error = 0.000458657, marker error: RMS = 0.00428325, max = 0.00699642 (C7)
[2026-08-14 12:16:06.817] [info] Frame 39 (t = 0.39):	 total squared error = 0.000448259, marker error: RMS = 0.00423442, max = 0.00737887 (L_Thigh_Lateral)
[2026-08-14 12:16:06.837] [info] Frame 40 (t = 0.4):	 total squared error = 0.000439915, marker error: RMS = 0.00419483, max = 0.00842049 (L_Thigh_Lateral)
[2026-08-14 12:16:06.871] [info] Frame 41 (t = 0.41):	 total squared error = 0.000431362, marker error: RMS = 0.00415385, max = 0.00899252 (L_Thigh_Lateral)
[2026-08-14 12:16:06.890] [info] Frame 42 (t = 0.42):	 total squared error = 0.000432442, marker error: RMS = 0.00415905, max = 0.00971210 (L_Thigh_Lateral)
[2026-08-14 12:16:06.913] [info] Frame 43 (t = 0.43):	 total squared error = 0.000437983, marker error: RMS = 0.00418561, max = 0.0103700 (L_Thigh_Lateral)
[2026-08-14 12:16:06.938] [info] Frame 44 (t = 0.44):	 total squared error = 0.000458533, marker error: RMS = 0.00428268, max = 0.0108925 (L_Thigh_Lateral)
[2026-08-14 12:16:06.974] [info] Frame 45 (t = 0.45):	 total squared error = 0.000488139, marker error: RMS = 0.00441877, max = 0.0116012 (L_Thigh_Lateral)
[2026-08-14 12:16:07.002] [info] Frame 46 (t = 0.46):	 total squared error = 0.000520666, marker error: RMS = 0.00456362, max = 0.0118741 (L_Thigh_Lateral)
[2026-08-14 12:16:07.031] [info] Frame 47 (t = 0.47):	 total squared error = 0.000550379, marker error: RMS = 0.00469203, max = 0.0124736 (L_Thigh_Lateral)
[2026-08-14 12:16:07.054] [info] Frame 48 (t = 0.48):	 total squared error = 0.000574288, marker error: RMS = 0.00479286, max = 0.012347 (L_Thigh_Lateral)
[2026-08-14 12:16:07.076] [info] Frame 49 (t = 0.49):	 total squared error = 0.000588797, marker error: RMS = 0.00485303, max = 0.0124181 (L_Shank_Lateral)
[2026-08-14 12:16:07.099] [info] Frame 50 (t = 0.5):	 total squared error = 0.000592915, marker error: RMS = 0.00486997, max = 0.0125182 (L_Shank_Lateral)
[2026-08-14 12:16:07.122] [info] Frame 51 (t = 0.51):	 total squared error = 0.000589842, marker error: RMS = 0.00485733, max = 0.0123285 (L_Shank_Lateral)
[2026-08-14 12:16:07.149] [info] Frame 52 (t = 0.52):	 total squared error = 0.000577505, marker error: RMS = 0.00480627, max = 0.01196 (L_Thigh_Lateral)
[2026-08-14 12:16:07.175] [info] Frame 53 (t = 0.53):	 total squared error = 0.000567264, marker error: RMS = 0.00476346, max = 0.0117896 (L_Thigh_Lateral)
[2026-08-14 12:16:07.192] [info] Frame 54 (t = 0.54):	 total squared error = 0.000570353, marker error: RMS = 0.00477641, max = 0.0118637 (L_Thigh_Lateral)
[2026-08-14 12:16:07.221] [info] Frame 55 (t = 0.55):	 total squared error = 0.000561974, marker error: RMS = 0.00474120, max = 0.0114703 (L_Thigh_Lateral)
[2026-08-14 12:16:07.235] [info] Frame 56 (t = 0.56):	 total squared error = 0.000581288, marker error: RMS = 0.00482198, max = 0.0119844 (L_Thigh_Lateral)
[2026-08-14 12:16:07.255] [info] Frame 57 (t = 0.57):	 total squared error = 0.000601582, marker error: RMS = 0.00490543, max = 0.0122755 (L_Thigh_Lateral)
[2026-08-14 12:16:07.284] [info] Frame 58 (t = 0.58):	 total squared error = 0.000606224, marker error: RMS = 0.00492432, max = 0.0120578 (L_Thigh_Lateral)
[2026-08-14 12:16:07.310] [info] Frame 59 (t = 0.59):	 total squared error = 0.000636899, marker error: RMS = 0.00504737, max = 0.0124869 (L_Thigh_Lateral)
[2026-08-14 12:16:07.351] [info] Frame 60 (t = 0.6):	 total squared error = 0.000667895, marker error: RMS = 0.00516873, max = 0.0128453 (L_Thigh_Lateral)
[2026-08-14 12:16:07.370] [info] Frame 61 (t = 0.61):	 total squared error = 0.000710774, marker error: RMS = 0.00533207, max = 0.0133809 (L_Thigh_Lateral)
[2026-08-14 12:16:07.405] [info] Frame 62 (t = 0.62):	 total squared error = 0.000730789, marker error: RMS = 0.00540662, max = 0.0132522 (L_Thigh_Lateral)
[2026-08-14 12:16:07.426] [info] Frame 63 (t = 0.63):	 total squared error = 0.000754131, marker error: RMS = 0.00549229, max = 0.0131265 (L_Thigh_Lateral)
[2026-08-14 12:16:07.452] [info] Frame 64 (t = 0.64):	 total squared error = 0.000757467, marker error: RMS = 0.00550442, max = 0.0125301 (L_Thigh_Lateral)
[2026-08-14 12:16:07.491] [info] Frame 65 (t = 0.65):	 total squared error = 0.000739698, marker error: RMS = 0.00543948, max = 0.011661 (L_Thigh_Lateral)
[2026-08-14 12:16:07.525] [info] Frame 66 (t = 0.66):	 total squared error = 0.000717201, marker error: RMS = 0.00535612, max = 0.0104574 (L_Thigh_Lateral)
[2026-08-14 12:16:07.546] [info] Frame 67 (t = 0.67):	 total squared error = 0.000693628, marker error: RMS = 0.00526737, max = 0.0103220 (Sternum)
[2026-08-14 12:16:07.592] [info] Frame 68 (t = 0.68):	 total squared error = 0.000665791, marker error: RMS = 0.00516058, max = 0.0105419 (Sternum)
[2026-08-14 12:16:07.631] [info] Frame 69 (t = 0.69):	 total squared error = 0.000652709, marker error: RMS = 0.00510964, max = 0.0109303 (Sternum)
[2026-08-14 12:16:07.656] [info] Frame 70 (t = 0.7):	 total squared error = 0.000660240, marker error: RMS = 0.00513903, max = 0.0113299 (Sternum)
[2026-08-14 12:16:07.679] [info] Frame 71 (t = 0.71):	 total squared error = 0.000686862, marker error: RMS = 0.00524161, max = 0.0116921 (Sternum)
[2026-08-14 12:16:07.731] [info] Frame 72 (t = 0.72):	 total squared error = 0.000720360, marker error: RMS = 0.00536790, max = 0.0117914 (Sternum)
[2026-08-14 12:16:07.752] [info] Frame 73 (t = 0.73):	 total squared error = 0.000778070, marker error: RMS = 0.00557878, max = 0.0121743 (Sternum)
[2026-08-14 12:16:07.773] [info] Frame 74 (t = 0.74):	 total squared error = 0.000840677, marker error: RMS = 0.00579889, max = 0.0124925 (Sternum)
[2026-08-14 12:16:07.795] [info] Frame 75 (t = 0.75):	 total squared error = 0.000895257, marker error: RMS = 0.00598417, max = 0.0127781 (Sternum)
[2026-08-14 12:16:07.806] [info] Frame 76 (t = 0.76):	 total squared error = 0.000937474, marker error: RMS = 0.00612364, max = 0.0131191 (Sternum)
[2026-08-14 12:16:07.839] [info] Frame 77 (t = 0.77):	 total squared error = 0.000933496, marker error: RMS = 0.00611063, max = 0.0131751 (Sternum)
[2026-08-14 12:16:07.853] [info] Frame 78 (t = 0.78):	 total squared error = 0.000914062, marker error: RMS = 0.00604669, max = 0.0135095 (Sternum)
[2026-08-14 12:16:07.874] [info] Frame 79 (t = 0.79):	 total squared error = 0.000869544, marker error: RMS = 0.00589761, max = 0.0136571 (Sternum)
[2026-08-14 12:16:07.899] [info] Frame 80 (t = 0.8):	 total squared error = 0.000816893, marker error: RMS = 0.00571627, max = 0.0137982 (Sternum)
[2026-08-14 12:16:07.920] [info] Frame 81 (t = 0.81):	 total squared error = 0.000775230, marker error: RMS = 0.00556859, max = 0.0139066 (Sternum)
[2026-08-14 12:16:07.967] [info] Frame 82 (t = 0.82):	 total squared error = 0.000735005, marker error: RMS = 0.00542219, max = 0.0137889 (Sternum)
[2026-08-14 12:16:07.985] [info] Frame 83 (t = 0.83):	 total squared error = 0.000725226, marker error: RMS = 0.00538600, max = 0.0137335 (Sternum)
[2026-08-14 12:16:08.006] [info] Frame 84 (t = 0.84):	 total squared error = 0.000723713, marker error: RMS = 0.00538038, max = 0.0136327 (Sternum)
[2026-08-14 12:16:08.029] [info] Frame 85 (t = 0.85):	 total squared error = 0.000726085, marker error: RMS = 0.00538919, max = 0.0135662 (Sternum)
[2026-08-14 12:16:08.074] [info] Frame 86 (t = 0.86):	 total squared error = 0.000718104, marker error: RMS = 0.00535949, max = 0.0132948 (Sternum)
[2026-08-14 12:16:08.097] [info] Frame 87 (t = 0.87):	 total squared error = 0.000730887, marker error: RMS = 0.00540698, max = 0.0129819 (Sternum)
[2026-08-14 12:16:08.123] [info] Frame 88 (t = 0.88):	 total squared error = 0.000742439, marker error: RMS = 0.00544955, max = 0.0127166 (Sternum)
[2026-08-14 12:16:08.151] [info] Frame 89 (t = 0.89):	 total squared error = 0.000747739, marker error: RMS = 0.00546896, max = 0.0124329 (Sternum)
[2026-08-14 12:16:08.179] [info] Frame 90 (t = 0.9):	 total squared error = 0.000745819, marker error: RMS = 0.00546194, max = 0.0121665 (Sternum)
[2026-08-14 12:16:08.216] [info] Frame 91 (t = 0.91):	 total squared error = 0.000738045, marker error: RMS = 0.00543340, max = 0.0119080 (Sternum)
[2026-08-14 12:16:08.239] [info] Frame 92 (t = 0.92):	 total squared error = 0.000729557, marker error: RMS = 0.00540206, max = 0.0115648 (Sternum)
[2026-08-14 12:16:08.265] [info] Frame 93 (t = 0.93):	 total squared error = 0.000720328, marker error: RMS = 0.00536779, max = 0.0112529 (Sternum)
[2026-08-14 12:16:08.289] [info] Frame 94 (t = 0.94):	 total squared error = 0.000708828, marker error: RMS = 0.00532477, max = 0.0108565 (Sternum)
[2026-08-14 12:16:08.322] [info] Frame 95 (t = 0.95):	 total squared error = 0.000692329, marker error: RMS = 0.00526243, max = 0.0106197 (Sternum)
[2026-08-14 12:16:08.348] [info] Frame 96 (t = 0.96):	 total squared error = 0.000668910, marker error: RMS = 0.00517266, max = 0.0101678 (Sternum)
[2026-08-14 12:16:08.370] [info] Frame 97 (t = 0.97):	 total squared error = 0.000643840, marker error: RMS = 0.00507480, max = 0.00972635 (Sternum)
[2026-08-14 12:16:08.392] [info] Frame 98 (t = 0.98):	 total squared error = 0.000612236, marker error: RMS = 0.00494868, max = 0.00922136 (Sternum)
[2026-08-14 12:16:08.425] [info] Frame 99 (t = 0.99):	 total squared error = 0.000582295, marker error: RMS = 0.00482616, max = 0.00886656 (Sternum)
[2026-08-14 12:16:08.449] [info] Frame 100 (t = 1.0):	 total squared error = 0.000552502, marker error: RMS = 0.00470107, max = 0.00835846 (Sternum)
[2026-08-14 12:16:08.475] [info] Frame 101 (t = 1.01):	 total squared error = 0.000523787, marker error: RMS = 0.00457728, max = 0.00793135 (Sternum)
[2026-08-14 12:16:08.493] [info] Frame 102 (t = 1.02):	 total squared error = 0.000502432, marker error: RMS = 0.00448300, max = 0.00763788 (L_Shoulder)
[2026-08-14 12:16:08.537] [info] Frame 103 (t = 1.03):	 total squared error = 0.000471090, marker error: RMS = 0.00434092, max = 0.00737717 (L_Shoulder)
[2026-08-14 12:16:08.561] [info] Frame 104 (t = 1.04):	 total squared error = 0.000446999, marker error: RMS = 0.00422847, max = 0.00736212 (L_Shoulder)
[2026-08-14 12:16:08.586] [info] Frame 105 (t = 1.05):	 total squared error = 0.000426236, marker error: RMS = 0.00412910, max = 0.00741768 (L_Shoulder)
[2026-08-14 12:16:08.602] [info] Frame 106 (t = 1.06):	 total squared error = 0.000412824, marker error: RMS = 0.00406361, max = 0.00752458 (L_Shoulder)
[2026-08-14 12:16:08.620] [info] Frame 107 (t = 1.07):	 total squared error = 0.000397504, marker error: RMS = 0.00398750, max = 0.00747820 (L_Shoulder)
[2026-08-14 12:16:08.643] [info] Frame 108 (t = 1.08):	 total squared error = 0.000383385, marker error: RMS = 0.00391605, max = 0.00728257 (L_Shoulder)
[2026-08-14 12:16:08.662] [info] Frame 109 (t = 1.09):	 total squared error = 0.000376356, marker error: RMS = 0.00387998, max = 0.00714570 (L_Shoulder)
[2026-08-14 12:16:08.696] [info] Frame 110 (t = 1.1):	 total squared error = 0.000367859, marker error: RMS = 0.00383593, max = 0.00657172 (L_Shoulder)
[2026-08-14 12:16:08.722] [info] Frame 111 (t = 1.11):	 total squared error = 0.000371579, marker error: RMS = 0.00385528, max = 0.00637704 (L_Shoulder)
[2026-08-14 12:16:08.747] [info] Frame 112 (t = 1.12):	 total squared error = 0.000379466, marker error: RMS = 0.00389598, max = 0.00668609 (C7)
[2026-08-14 12:16:08.776] [info] Frame 113 (t = 1.13):	 total squared error = 0.000390120, marker error: RMS = 0.00395029, max = 0.00697579 (C7)
[2026-08-14 12:16:08.809] [info] Frame 114 (t = 1.14):	 total squared error = 0.000403381, marker error: RMS = 0.00401687, max = 0.00725691 (C7)
[2026-08-14 12:16:08.836] [info] Frame 115 (t = 1.15):	 total squared error = 0.000418116, marker error: RMS = 0.00408958, max = 0.00751890 (C7)
[2026-08-14 12:16:08.861] [info] Frame 116 (t = 1.16):	 total squared error = 0.000436066, marker error: RMS = 0.00417644, max = 0.00777646 (C7)
[2026-08-14 12:16:08.888] [info] Frame 117 (t = 1.17):	 total squared error = 0.000457106, marker error: RMS = 0.00427601, max = 0.00801118 (C7)
[2026-08-14 12:16:08.905] [info] Frame 118 (t = 1.18):	 total squared error = 0.000491995, marker error: RMS = 0.00443619, max = 0.00833836 (C7)
[2026-08-14 12:16:08.921] [info] Frame 119 (t = 1.19):	 total squared error = 0.000541525, marker error: RMS = 0.00465414, max = 0.00901969 (R_Thigh_Lateral)
[2026-08-14 12:16:08.963] [info] Frame 120 (t = 1.2):	 total squared error = 0.000549496, marker error: RMS = 0.00468827, max = 0.00925340 (R_Thigh_Lateral)
[2026-08-14 12:16:08.987] [info] Frame 121 (t = 1.21):	 total squared error = 0.000596900, marker error: RMS = 0.00488631, max = 0.00999795 (R_Thigh_Lateral)
[2026-08-14 12:16:09.004] [info] Frame 122 (t = 1.22):	 total squared error = 0.000657072, marker error: RMS = 0.00512668, max = 0.0107187 (R_Thigh_Lateral)
[2026-08-14 12:16:09.028] [info] Frame 123 (t = 1.23):	 total squared error = 0.000687769, marker error: RMS = 0.00524507, max = 0.0111188 (R_Thigh_Lateral)
[2026-08-14 12:16:09.059] [info] Frame 124 (t = 1.24):	 total squared error = 0.000709487, marker error: RMS = 0.00532724, max = 0.0110676 (R_Thigh_Lateral)
[2026-08-14 12:16:09.091] [info] Frame 125 (t = 1.25):	 total squared error = 0.000727926, marker error: RMS = 0.00539602, max = 0.0108173 (R_Thigh_Lateral)
[2026-08-14 12:16:09.117] [info] Frame 126 (t = 1.26):	 total squared error = 0.000736657, marker error: RMS = 0.00542829, max = 0.0102499 (C7)
[2026-08-14 12:16:09.159] [info] Frame 127 (t = 1.27):	 total squared error = 0.000727760, marker error: RMS = 0.00539541, max = 0.0105083 (C7)
[2026-08-14 12:16:09.181] [info] Frame 128 (t = 1.28):	 total squared error = 0.000724552, marker error: RMS = 0.00538350, max = 0.0107128 (C7)
[2026-08-14 12:16:09.197] [info] Frame 129 (t = 1.29):	 total squared error = 0.000738340, marker error: RMS = 0.00543448, max = 0.0110690 (C7)
[2026-08-14 12:16:09.224] [info] Frame 130 (t = 1.3):	 total squared error = 0.000738739, marker error: RMS = 0.00543595, max = 0.0110225 (C7)
[2026-08-14 12:16:09.257] [info] Frame 131 (t = 1.31):	 total squared error = 0.000775353, marker error: RMS = 0.00556903, max = 0.0111913 (C7)
[2026-08-14 12:16:09.269] [info] Frame 132 (t = 1.32):	 total squared error = 0.000839071, marker error: RMS = 0.00579335, max = 0.0113017 (C7)
[2026-08-14 12:16:09.287] [info] Frame 133 (t = 1.33):	 total squared error = 0.000889077, marker error: RMS = 0.00596348, max = 0.0113265 (C7)
[2026-08-14 12:16:09.310] [info] Frame 134 (t = 1.34):	 total squared error = 0.000934649, marker error: RMS = 0.00611440, max = 0.011298 (C7)
[2026-08-14 12:16:09.319] [info] Frame 135 (t = 1.35):	 total squared error = 0.000968850, marker error: RMS = 0.00622527, max = 0.0112465 (C7)
[2026-08-14 12:16:09.340] [info] Frame 136 (t = 1.36):	 total squared error = 0.000969709, marker error: RMS = 0.00622803, max = 0.0112932 (C7)
[2026-08-14 12:16:09.367] [info] Frame 137 (t = 1.37):	 total squared error = 0.000953662, marker error: RMS = 0.00617628, max = 0.0113011 (Sternum)
[2026-08-14 12:16:09.404] [info] Frame 138 (t = 1.38):	 total squared error = 0.000931200, marker error: RMS = 0.00610311, max = 0.0113258 (Sternum)
[2026-08-14 12:16:09.421] [info] Frame 139 (t = 1.39):	 total squared error = 0.000919428, marker error: RMS = 0.00606441, max = 0.0113326 (Sternum)
[2026-08-14 12:16:09.445] [info] Frame 140 (t = 1.4):	 total squared error = 0.000911038, marker error: RMS = 0.00603668, max = 0.0113821 (Sternum)
[2026-08-14 12:16:09.470] [info] Frame 141 (t = 1.41):	 total squared error = 0.000908734, marker error: RMS = 0.00602904, max = 0.0114017 (Sternum)
[2026-08-14 12:16:09.508] [info] Frame 142 (t = 1.42):	 total squared error = 0.000897052, marker error: RMS = 0.00599017, max = 0.0113193 (Sternum)
[2026-08-14 12:16:09.554] [info] Frame 143 (t = 1.43):	 total squared error = 0.000892023, marker error: RMS = 0.00597335, max = 0.0110434 (Sternum)
[2026-08-14 12:16:09.577] [info] Frame 144 (t = 1.44):	 total squared error = 0.000898717, marker error: RMS = 0.00599572, max = 0.0108597 (Sternum)
[2026-08-14 12:16:09.600] [info] Frame 145 (t = 1.45):	 total squared error = 0.000908299, marker error: RMS = 0.00602760, max = 0.0107880 (Sternum)
[2026-08-14 12:16:09.624] [info] Frame 146 (t = 1.46):	 total squared error = 0.000913811, marker error: RMS = 0.00604586, max = 0.0105878 (Sternum)
[2026-08-14 12:16:09.661] [info] Frame 147 (t = 1.47):	 total squared error = 0.000902569, marker error: RMS = 0.00600856, max = 0.0103303 (R_Shoulder)
[2026-08-14 12:16:09.690] [info] Frame 148 (t = 1.48):	 total squared error = 0.000899655, marker error: RMS = 0.00599885, max = 0.0101064 (Sternum)
[2026-08-14 12:16:09.711] [info] Frame 149 (t = 1.49):	 total squared error = 0.000893908, marker error: RMS = 0.00597966, max = 0.00986553 (Sternum)
[2026-08-14 12:16:09.738] [info] Frame 150 (t = 1.5):	 total squared error = 0.000879220, marker error: RMS = 0.00593033, max = 0.00960487 (Sternum)
[2026-08-14 12:16:09.775] [info] Frame 151 (t = 1.51):	 total squared error = 0.000857549, marker error: RMS = 0.00585679, max = 0.00939155 (Sternum)
[2026-08-14 12:16:09.802] [info] Frame 152 (t = 1.52):	 total squared error = 0.000830612, marker error: RMS = 0.00576407, max = 0.00910593 (Sternum)
[2026-08-14 12:16:09.827] [info] Frame 153 (t = 1.53):	 total squared error = 0.000802389, marker error: RMS = 0.00566529, max = 0.00899020 (L_Shoulder)
[2026-08-14 12:16:09.852] [info] Frame 154 (t = 1.54):	 total squared error = 0.000772670, marker error: RMS = 0.00555939, max = 0.00898962 (L_Shoulder)
[2026-08-14 12:16:09.874] [info] Frame 155 (t = 1.55):	 total squared error = 0.000742856, marker error: RMS = 0.00545108, max = 0.00892494 (L_Shoulder)
[2026-08-14 12:16:09.900] [info] Frame 156 (t = 1.56):	 total squared error = 0.000717124, marker error: RMS = 0.00535583, max = 0.00887197 (L_Shoulder)
[2026-08-14 12:16:09.925] [info] Frame 157 (t = 1.57):	 total squared error = 0.000691756, marker error: RMS = 0.00526025, max = 0.00864231 (L_Shoulder)
[2026-08-14 12:16:09.948] [info] Frame 158 (t = 1.58):	 total squared error = 0.000671117, marker error: RMS = 0.00518118, max = 0.00875127 (L_Thigh_Lateral)
[2026-08-14 12:16:09.977] [info] Frame 159 (t = 1.59):	 total squared error = 0.000653801, marker error: RMS = 0.00511391, max = 0.00887137 (L_Thigh_Lateral)
[2026-08-14 12:16:10.002] [info] Frame 160 (t = 1.6):	 total squared error = 0.000642328, marker error: RMS = 0.00506884, max = 0.00907977 (L_Thigh_Lateral)
[2026-08-14 12:16:10.030] [info] Frame 161 (t = 1.61):	 total squared error = 0.000634658, marker error: RMS = 0.00503849, max = 0.00922826 (L_Thigh_Lateral)
[2026-08-14 12:16:10.047] [info] Frame 162 (t = 1.62):	 total squared error = 0.000634927, marker error: RMS = 0.00503955, max = 0.00938720 (L_Thigh_Lateral)
[2026-08-14 12:16:10.069] [info] Frame 163 (t = 1.63):	 total squared error = 0.000632441, marker error: RMS = 0.00502968, max = 0.00951553 (L_Thigh_Lateral)
[2026-08-14 12:16:10.088] [info] Frame 164 (t = 1.64):	 total squared error = 0.000632541, marker error: RMS = 0.00503008, max = 0.00975088 (L_Thigh_Lateral)
[2026-08-14 12:16:10.105] [info] Frame 165 (t = 1.65):	 total squared error = 0.000640231, marker error: RMS = 0.00506056, max = 0.0100576 (L_Thigh_Lateral)
[2026-08-14 12:16:10.138] [info] Frame 166 (t = 1.66):	 total squared error = 0.000629487, marker error: RMS = 0.00501792, max = 0.0113294 (L_Thigh_Lateral)
[2026-08-14 12:16:10.158] [info] Frame 167 (t = 1.67):	 total squared error = 0.000647777, marker error: RMS = 0.00509029, max = 0.0114817 (L_Thigh_Lateral)
[2026-08-14 12:16:10.189] [info] Frame 168 (t = 1.68):	 total squared error = 0.000668449, marker error: RMS = 0.00517088, max = 0.0121073 (L_Thigh_Lateral)
[2026-08-14 12:16:10.209] [info] Frame 169 (t = 1.69):	 total squared error = 0.000704675, marker error: RMS = 0.00530914, max = 0.0126042 (L_Thigh_Lateral)
[2026-08-14 12:16:10.248] [info] Frame 170 (t = 1.7):	 total squared error = 0.000726444, marker error: RMS = 0.00539053, max = 0.0131445 (L_Thigh_Lateral)
[2026-08-14 12:16:10.284] [info] Frame 171 (t = 1.71):	 total squared error = 0.000753756, marker error: RMS = 0.00549093, max = 0.0136614 (L_Thigh_Lateral)
[2026-08-14 12:16:10.314] [info] Frame 172 (t = 1.72):	 total squared error = 0.000777238, marker error: RMS = 0.00557580, max = 0.0141145 (L_Shank_Lateral)
[2026-08-14 12:16:10.330] [info] Frame 173 (t = 1.73):	 total squared error = 0.000804353, marker error: RMS = 0.00567222, max = 0.014393 (L_Thigh_Lateral)
[2026-08-14 12:16:10.362] [info] Frame 174 (t = 1.74):	 total squared error = 0.000795893, marker error: RMS = 0.00564231, max = 0.0143117 (L_Shank_Lateral)
[2026-08-14 12:16:10.379] [info] Frame 175 (t = 1.75):	 total squared error = 0.000801503, marker error: RMS = 0.00566216, max = 0.0144027 (L_Thigh_Lateral)
[2026-08-14 12:16:10.406] [info] Frame 176 (t = 1.76):	 total squared error = 0.000788545, marker error: RMS = 0.00561621, max = 0.0139861 (L_Shank_Lateral)
[2026-08-14 12:16:10.424] [info] Frame 177 (t = 1.77):	 total squared error = 0.000783296, marker error: RMS = 0.00559749, max = 0.0137478 (L_Thigh_Lateral)
[2026-08-14 12:16:10.453] [info] Frame 178 (t = 1.78):	 total squared error = 0.000752529, marker error: RMS = 0.00548645, max = 0.0129252 (L_Thigh_Lateral)
[2026-08-14 12:16:10.472] [info] Frame 179 (t = 1.79):	 total squared error = 0.000740740, marker error: RMS = 0.00544331, max = 0.0123898 (L_Thigh_Lateral)
[2026-08-14 12:16:10.491] [info] Frame 180 (t = 1.8):	 total squared error = 0.000726651, marker error: RMS = 0.00539129, max = 0.0116316 (L_Thigh_Lateral)
[2026-08-14 12:16:10.511] [info] Frame 181 (t = 1.81):	 total squared error = 0.000710657, marker error: RMS = 0.00533163, max = 0.0108005 (L_Thigh_Lateral)
[2026-08-14 12:16:10.553] [info] Frame 182 (t = 1.82):	 total squared error = 0.000683876, marker error: RMS = 0.00523020, max = 0.00988320 (L_Thigh_Lateral)
[2026-08-14 12:16:10.572] [info] Frame 183 (t = 1.83):	 total squared error = 0.000676490, marker error: RMS = 0.00520188, max = 0.00908112 (L_Thigh_Lateral)
[2026-08-14 12:16:10.603] [info] Frame 184 (t = 1.84):	 total squared error = 0.000664674, marker error: RMS = 0.00515625, max = 0.00893898 (L_Shoulder)
[2026-08-14 12:16:10.626] [info] Frame 185 (t = 1.85):	 total squared error = 0.000670895, marker error: RMS = 0.00518033, max = 0.00892481 (Sternum)
[2026-08-14 12:16:10.646] [info] Frame 186 (t = 1.86):	 total squared error = 0.000688664, marker error: RMS = 0.00524848, max = 0.00938835 (Sternum)
[2026-08-14 12:16:10.681] [info] Frame 187 (t = 1.87):	 total squared error = 0.000711919, marker error: RMS = 0.00533636, max = 0.00950206 (Sternum)
[2026-08-14 12:16:10.705] [info] Frame 188 (t = 1.88):	 total squared error = 0.000760104, marker error: RMS = 0.00551400, max = 0.0101441 (L_Thigh_Lateral)
[2026-08-14 12:16:10.736] [info] Frame 189 (t = 1.89):	 total squared error = 0.000816795, marker error: RMS = 0.00571592, max = 0.0113877 (L_Thigh_Lateral)
[2026-08-14 12:16:10.758] [info] Frame 190 (t = 1.9):	 total squared error = 0.000880107, marker error: RMS = 0.00593332, max = 0.0126037 (L_Thigh_Lateral)
[2026-08-14 12:16:10.780] [info] Frame 191 (t = 1.91):	 total squared error = 0.000934981, marker error: RMS = 0.00611549, max = 0.0135036 (L_Thigh_Lateral)
[2026-08-14 12:16:10.803] [info] Frame 192 (t = 1.92):	 total squared error = 0.000972929, marker error: RMS = 0.00623836, max = 0.0140238 (L_Thigh_Lateral)
[2026-08-14 12:16:10.816] [info] Frame 193 (t = 1.93):	 total squared error = 0.000996433, marker error: RMS = 0.00631327, max = 0.0141924 (L_Thigh_Lateral)
[2026-08-14 12:16:10.835] [info] Frame 194 (t = 1.94):	 total squared error = 0.000980164, marker error: RMS = 0.00626151, max = 0.0136121 (L_Thigh_Lateral)
[2026-08-14 12:16:10.857] [info] Frame 195 (t = 1.95):	 total squared error = 0.000946079, marker error: RMS = 0.00615168, max = 0.012688 (L_Thigh_Lateral)
[2026-08-14 12:16:10.869] [info] Frame 196 (t = 1.96):	 total squared error = 0.000904546, marker error: RMS = 0.00601514, max = 0.0124739 (Sternum)
[2026-08-14 12:16:10.901] [info] Frame 197 (t = 1.97):	 total squared error = 0.000848745, marker error: RMS = 0.00582664, max = 0.0124968 (Sternum)
[2026-08-14 12:16:10.923] [info] Frame 198 (t = 1.98):	 total squared error = 0.000799236, marker error: RMS = 0.00565415, max = 0.0123928 (Sternum)
[2026-08-14 12:16:10.957] [info] Frame 199 (t = 1.99):	 total squared error = 0.000747802, marker error: RMS = 0.00546919, max = 0.0122289 (Sternum)
[2026-08-14 12:16:10.977] [info] Frame 200 (t = 2.0):	 total squared error = 0.000707241, marker error: RMS = 0.00531880, max = 0.0118959 (Sternum)
[2026-08-14 12:16:11.003] [info] Frame 201 (t = 2.01):	 total squared error = 0.000670827, marker error: RMS = 0.00518006, max = 0.0116094 (Sternum)
[2026-08-14 12:16:11.037] [info] Frame 202 (t = 2.02):	 total squared error = 0.000628909, marker error: RMS = 0.00501561, max = 0.0112816 (Sternum)
[2026-08-14 12:16:11.062] [info] Frame 203 (t = 2.03):	 total squared error = 0.000600514, marker error: RMS = 0.00490108, max = 0.0108083 (Sternum)
[2026-08-14 12:16:11.086] [info] Frame 204 (t = 2.04):	 total squared error = 0.000579264, marker error: RMS = 0.00481358, max = 0.0104347 (Sternum)
[2026-08-14 12:16:11.112] [info] Frame 205 (t = 2.05):	 total squared error = 0.000562699, marker error: RMS = 0.00474426, max = 0.0100823 (Sternum)
[2026-08-14 12:16:11.136] [info] Frame 206 (t = 2.06):	 total squared error = 0.000556534, marker error: RMS = 0.00471819, max = 0.00973988 (Sternum)
[2026-08-14 12:16:11.177] [info] Frame 207 (t = 2.07):	 total squared error = 0.000553957, marker error: RMS = 0.00470726, max = 0.00948056 (Sternum)
[2026-08-14 12:16:11.206] [info] Frame 208 (t = 2.08):	 total squared error = 0.000561954, marker error: RMS = 0.00474111, max = 0.00916612 (Sternum)
[2026-08-14 12:16:11.232] [info] Frame 209 (t = 2.09):	 total squared error = 0.000569194, marker error: RMS = 0.00477156, max = 0.00883893 (Sternum)
[2026-08-14 12:16:11.258] [info] Frame 210 (t = 2.1):	 total squared error = 0.000568638, marker error: RMS = 0.00476923, max = 0.00847712 (Sternum)
[2026-08-14 12:16:11.296] [info] Frame 211 (t = 2.11):	 total squared error = 0.000557497, marker error: RMS = 0.00472227, max = 0.00827615 (Sternum)
[2026-08-14 12:16:11.335] [info] Frame 212 (t = 2.12):	 total squared error = 0.000539578, marker error: RMS = 0.00464576, max = 0.00777195 (Sternum)
[2026-08-14 12:16:11.370] [info] Frame 213 (t = 2.13):	 total squared error = 0.000520299, marker error: RMS = 0.00456201, max = 0.00736032 (Sternum)
[2026-08-14 12:16:11.391] [info] Frame 214 (t = 2.14):	 total squared error = 0.000503902, marker error: RMS = 0.00448955, max = 0.00708604 (L_Shoulder)
[2026-08-14 12:16:11.412] [info] Frame 215 (t = 2.15):	 total squared error = 0.000495385, marker error: RMS = 0.00445145, max = 0.00704834 (L_Shoulder)
[2026-08-14 12:16:11.458] [info] Frame 216 (t = 2.16):	 total squared error = 0.000469169, marker error: RMS = 0.00433206, max = 0.00667492 (L_Shoulder)
[2026-08-14 12:16:11.479] [info] Frame 217 (t = 2.17):	 total squared error = 0.000452740, marker error: RMS = 0.00425554, max = 0.00669095 (L_Shoulder)
[2026-08-14 12:16:11.514] [info] Frame 218 (t = 2.18):	 total squared error = 0.000432577, marker error: RMS = 0.00415970, max = 0.00660149 (L_Thigh_Lateral)
[2026-08-14 12:16:11.532] [info] Frame 219 (t = 2.19):	 total squared error = 0.000420375, marker error: RMS = 0.00410061, max = 0.00671536 (L_Thigh_Lateral)
[2026-08-14 12:16:11.563] [info] Frame 220 (t = 2.2):	 total squared error = 0.000407735, marker error: RMS = 0.00403849, max = 0.00668081 (L_Thigh_Lateral)
[2026-08-14 12:16:11.580] [info] Frame 221 (t = 2.21):	 total squared error = 0.000409500, marker error: RMS = 0.00404722, max = 0.00689947 (R_Thigh_Lateral)
[2026-08-14 12:16:11.616] [info] Frame 222 (t = 2.22):	 total squared error = 0.000403713, marker error: RMS = 0.00401852, max = 0.00710470 (R_Thigh_Lateral)
[2026-08-14 12:16:11.644] [info] Frame 223 (t = 2.23):	 total squared error = 0.000407681, marker error: RMS = 0.00403822, max = 0.00736587 (R_Thigh_Lateral)
[2026-08-14 12:16:11.670] [info] Frame 224 (t = 2.24):	 total squared error = 0.000413528, marker error: RMS = 0.00406708, max = 0.00765550 (R_Thigh_Lateral)
[2026-08-14 12:16:11.681] [info] Frame 225 (t = 2.25):	 total squared error = 0.000432454, marker error: RMS = 0.00415911, max = 0.00787602 (R_Thigh_Lateral)
[2026-08-14 12:16:11.721] [info] Frame 226 (t = 2.26):	 total squared error = 0.000427980, marker error: RMS = 0.00413754, max = 0.00812545 (R_Thigh_Lateral)
[2026-08-14 12:16:11.739] [info] Frame 227 (t = 2.27):	 total squared error = 0.000441567, marker error: RMS = 0.00420270, max = 0.00825774 (R_Thigh_Lateral)
[2026-08-14 12:16:11.775] [info] Frame 228 (t = 2.28):	 total squared error = 0.000448189, marker error: RMS = 0.00423410, max = 0.00826025 (R_Thigh_Lateral)
[2026-08-14 12:16:11.792] [info] Frame 229 (t = 2.29):	 total squared error = 0.000468779, marker error: RMS = 0.00433026, max = 0.00833643 (R_Thigh_Lateral)
[2026-08-14 12:16:11.825] [info] Frame 230 (t = 2.3):	 total squared error = 0.000476075, marker error: RMS = 0.00436383, max = 0.00827898 (C7)
[2026-08-14 12:16:11.841] [info] Frame 231 (t = 2.31):	 total squared error = 0.000503782, marker error: RMS = 0.00448902, max = 0.00854511 (C7)
[2026-08-14 12:16:11.878] [info] Frame 232 (t = 2.32):	 total squared error = 0.000515901, marker error: RMS = 0.00454269, max = 0.00884815 (C7)
[2026-08-14 12:16:11.894] [info] Frame 233 (t = 2.33):	 total squared error = 0.000554622, marker error: RMS = 0.00471008, max = 0.00918858 (C7)
[2026-08-14 12:16:11.930] [info] Frame 234 (t = 2.34):	 total squared error = 0.000576129, marker error: RMS = 0.00480054, max = 0.00931577 (C7)
[2026-08-14 12:16:11.967] [info] Frame 235 (t = 2.35):	 total squared error = 0.000614324, marker error: RMS = 0.00495711, max = 0.00952052 (C7)
[2026-08-14 12:16:12.002] [info] Frame 236 (t = 2.36):	 total squared error = 0.000658217, marker error: RMS = 0.00513115, max = 0.00977845 (C7)
[2026-08-14 12:16:12.030] [info] Frame 237 (t = 2.37):	 total squared error = 0.000706550, marker error: RMS = 0.00531620, max = 0.0101929 (R_Thigh_Lateral)
[2026-08-14 12:16:12.056] [info] Frame 238 (t = 2.38):	 total squared error = 0.000757933, marker error: RMS = 0.00550612, max = 0.0108320 (R_Thigh_Lateral)
[2026-08-14 12:16:12.091] [info] Frame 239 (t = 2.39):	 total squared error = 0.000794764, marker error: RMS = 0.00563831, max = 0.0111696 (R_Thigh_Lateral)
[2026-08-14 12:16:12.117] [info] Frame 240 (t = 2.4):	 total squared error = 0.000834136, marker error: RMS = 0.00577628, max = 0.0114984 (R_Thigh_Lateral)
[2026-08-14 12:16:12.157] [info] Frame 241 (t = 2.41):	 total squared error = 0.000849246, marker error: RMS = 0.00582837, max = 0.0113147 (R_Thigh_Lateral)
[2026-08-14 12:16:12.196] [info] Frame 242 (t = 2.42):	 total squared error = 0.000857025, marker error: RMS = 0.00585500, max = 0.0109411 (C7)
[2026-08-14 12:16:12.221] [info] Frame 243 (t = 2.43):	 total squared error = 0.000856817, marker error: RMS = 0.00585429, max = 0.0110510 (C7)
[2026-08-14 12:16:12.241] [info] Frame 244 (t = 2.44):	 total squared error = 0.000853761, marker error: RMS = 0.00584384, max = 0.0112727 (C7)
[2026-08-14 12:16:12.279] [info] Frame 245 (t = 2.45):	 total squared error = 0.000827348, marker error: RMS = 0.00575273, max = 0.0111338 (C7)
[2026-08-14 12:16:12.299] [info] Frame 246 (t = 2.46):	 total squared error = 0.000825962, marker error: RMS = 0.00574791, max = 0.011153 (C7)
[2026-08-14 12:16:12.320] [info] Frame 247 (t = 2.47):	 total squared error = 0.000835559, marker error: RMS = 0.00578121, max = 0.0111124 (C7)
[2026-08-14 12:16:12.342] [info] Frame 248 (t = 2.48):	 total squared error = 0.000852839, marker error: RMS = 0.00584068, max = 0.0110998 (C7)
[2026-08-14 12:16:12.364] [info] Frame 249 (t = 2.49):	 total squared error = 0.000880606, marker error: RMS = 0.00593500, max = 0.0110381 (C7)
[2026-08-14 12:16:12.384] [info] Frame 250 (t = 2.5):	 total squared error = 0.000905838, marker error: RMS = 0.00601943, max = 0.0109719 (C7)
[2026-08-14 12:16:12.395] [info] Frame 251 (t = 2.51):	 total squared error = 0.000928464, marker error: RMS = 0.00609414, max = 0.0111885 (C7)
[2026-08-14 12:16:12.432] [info] Frame 252 (t = 2.52):	 total squared error = 0.000917994, marker error: RMS = 0.00605968, max = 0.0109616 (C7)
[2026-08-14 12:16:12.452] [info] Frame 253 (t = 2.53):	 total squared error = 0.000905162, marker error: RMS = 0.00601718, max = 0.0109615 (C7)
[2026-08-14 12:16:12.463] [info] Frame 254 (t = 2.54):	 total squared error = 0.000891681, marker error: RMS = 0.00597221, max = 0.0111521 (C7)
[2026-08-14 12:16:12.494] [info] Frame 255 (t = 2.55):	 total squared error = 0.000862045, marker error: RMS = 0.00587212, max = 0.0109369 (Sternum)
[2026-08-14 12:16:12.506] [info] Frame 256 (t = 2.56):	 total squared error = 0.000859229, marker error: RMS = 0.00586252, max = 0.0110198 (C7)
[2026-08-14 12:16:12.528] [info] Frame 257 (t = 2.57):	 total squared error = 0.000853529, marker error: RMS = 0.00584304, max = 0.0107209 (C7)
[2026-08-14 12:16:12.550] [info] Frame 258 (t = 2.58):	 total squared error = 0.000854710, marker error: RMS = 0.00584709, max = 0.0106242 (C7)
[2026-08-14 12:16:12.572] [info] Frame 259 (t = 2.59):	 total squared error = 0.000857969, marker error: RMS = 0.00585822, max = 0.0104374 (C7)
[2026-08-14 12:16:12.615] [info] Frame 260 (t = 2.6):	 total squared error = 0.000832046, marker error: RMS = 0.00576904, max = 0.0104054 (C7)
[2026-08-14 12:16:12.637] [info] Frame 261 (t = 2.61):	 total squared error = 0.000833411, marker error: RMS = 0.00577377, max = 0.0101845 (C7)
[2026-08-14 12:16:12.658] [info] Frame 262 (t = 2.62):	 total squared error = 0.000832488, marker error: RMS = 0.00577057, max = 0.00995041 (C7)
[2026-08-14 12:16:12.681] [info] Frame 263 (t = 2.63):	 total squared error = 0.000826043, marker error: RMS = 0.00574819, max = 0.00968004 (C7)
[2026-08-14 12:16:12.728] [info] Frame 264 (t = 2.64):	 total squared error = 0.000805855, marker error: RMS = 0.00567752, max = 0.00948055 (C7)
[2026-08-14 12:16:12.754] [info] Frame 265 (t = 2.65):	 total squared error = 0.000799403, marker error: RMS = 0.00565474, max = 0.00943257 (L_Elbow)
[2026-08-14 12:16:12.778] [info] Frame 266 (t = 2.66):	 total squared error = 0.000796252, marker error: RMS = 0.00564359, max = 0.00967322 (L_Elbow)
[2026-08-14 12:16:12.808] [info] Frame 267 (t = 2.67):	 total squared error = 0.000791153, marker error: RMS = 0.00562549, max = 0.00968106 (L_Elbow)
[2026-08-14 12:16:12.835] [info] Frame 268 (t = 2.68):	 total squared error = 0.000783936, marker error: RMS = 0.00559977, max = 0.00973441 (L_Elbow)
[2026-08-14 12:16:12.875] [info] Frame 269 (t = 2.69):	 total squared error = 0.000769282, marker error: RMS = 0.00554719, max = 0.00958958 (L_Elbow)
[2026-08-14 12:16:12.894] [info] Frame 270 (t = 2.7):	 total squared error = 0.000753309, marker error: RMS = 0.00548929, max = 0.00950768 (L_Elbow)
[2026-08-14 12:16:12.930] [info] Frame 271 (t = 2.71):	 total squared error = 0.000717759, marker error: RMS = 0.00535820, max = 0.00908447 (L_Elbow)
[2026-08-14 12:16:12.953] [info] Frame 272 (t = 2.72):	 total squared error = 0.000682266, marker error: RMS = 0.00522404, max = 0.00864128 (L_Elbow)
[2026-08-14 12:16:12.979] [info] Frame 273 (t = 2.73):	 total squared error = 0.000640848, marker error: RMS = 0.00506300, max = 0.00830035 (L_Thigh_Lateral)
[2026-08-14 12:16:13.009] [info] Frame 274 (t = 2.74):	 total squared error = 0.000597824, marker error: RMS = 0.00489009, max = 0.00816025 (L_Thigh_Lateral)
[2026-08-14 12:16:13.033] [info] Frame 275 (t = 2.75):	 total squared error = 0.000554630, marker error: RMS = 0.00471011, max = 0.00799193 (L_Thigh_Lateral)
[2026-08-14 12:16:13.049] [info] Frame 276 (t = 2.76):	 total squared error = 0.000518684, marker error: RMS = 0.00455492, max = 0.00798172 (L_Thigh_Lateral)
[2026-08-14 12:16:13.071] [info] Frame 277 (t = 2.77):	 total squared error = 0.000474643, marker error: RMS = 0.00435726, max = 0.00745459 (L_Thigh_Lateral)
[2026-08-14 12:16:13.091] [info] Frame 278 (t = 2.78):	 total squared error = 0.000444355, marker error: RMS = 0.00421595, max = 0.00723999 (L_Thigh_Lateral)
[2026-08-14 12:16:13.128] [info] Frame 279 (t = 2.79):	 total squared error = 0.000414351, marker error: RMS = 0.00407112, max = 0.00712560 (L_Thigh_Lateral)
[2026-08-14 12:16:13.157] [info] Frame 280 (t = 2.8):	 total squared error = 0.000395867, marker error: RMS = 0.00397928, max = 0.00713171 (L_Thigh_Lateral)
[2026-08-14 12:16:13.175] [info] Frame 281 (t = 2.81):	 total squared error = 0.000391520, marker error: RMS = 0.00395737, max = 0.00729008 (L_Thigh_Lateral)
[2026-08-14 12:16:13.194] [info] Frame 282 (t = 2.82):	 total squared error = 0.000398517, marker error: RMS = 0.00399258, max = 0.00752996 (L_Thigh_Lateral)
[2026-08-14 12:16:13.214] [info] Frame 283 (t = 2.83):	 total squared error = 0.000412987, marker error: RMS = 0.00406442, max = 0.00788105 (L_Thigh_Lateral)
[2026-08-14 12:16:13.235] [info] Frame 284 (t = 2.84):	 total squared error = 0.000442032, marker error: RMS = 0.00420491, max = 0.00844986 (L_Thigh_Lateral)
[2026-08-14 12:16:13.277] [info] Frame 285 (t = 2.85):	 total squared error = 0.000468522, marker error: RMS = 0.00432908, max = 0.00935499 (L_Thigh_Lateral)
[2026-08-14 12:16:13.312] [info] Frame 286 (t = 2.86):	 total squared error = 0.000514269, marker error: RMS = 0.00453550, max = 0.0100271 (L_Thigh_Lateral)
[2026-08-14 12:16:13.342] [info] Frame 287 (t = 2.87):	 total squared error = 0.000574129, marker error: RMS = 0.00479220, max = 0.0106533 (L_Thigh_Lateral)
[2026-08-14 12:16:13.377] [info] Frame 288 (t = 2.88):	 total squared error = 0.000633404, marker error: RMS = 0.00503350, max = 0.0114648 (L_Thigh_Lateral)
[2026-08-14 12:16:13.407] [info] Frame 289 (t = 2.89):	 total squared error = 0.000701506, marker error: RMS = 0.00529719, max = 0.0121434 (L_Thigh_Lateral)
[2026-08-14 12:16:13.425] [info] Frame 290 (t = 2.9):	 total squared error = 0.000787614, marker error: RMS = 0.00561289, max = 0.0131361 (L_Thigh_Lateral)
[2026-08-14 12:16:13.457] [info] Frame 291 (t = 2.91):	 total squared error = 0.000825000, marker error: RMS = 0.00574456, max = 0.0134329 (L_Thigh_Lateral)
[2026-08-14 12:16:13.463] [info] InverseKinematicsTool completed 292 frames in 8 second(s).
[2026-08-14 12:16:13.516] [info] Loaded model SUBJ59-scaled from file C:\Users\migue\Downloads\TFG\2_JMP\SUBJ59\Walk_1\SUBJ59_1_JMP_results\SUBJ59_1_NMSM_JMP_04_ankle_axis.osim
[2026-08-14 12:16:14.135] [warning] Coordinate.setValue:  coordinate pro_sup_r is locked. Unable to change its value.
[2026-08-14 12:16:14.177] [warning] Coordinate.setValue:  coordinate pro_sup_l is locked. Unable to change its value.
[2026-08-14 12:17:05.064] [info] Loaded model SUBJ59-scaled from file C:\Users\migue\Downloads\TFG\2_JMP\SUBJ59\Walk_1\SUBJ59_1_JMP_results\SUBJ59_1_NMSM_JMP_05_torso.osim
[2026-08-14 12:17:05.085] [cout] [info] 
               MODEL: SUBJ59-scaled
         coordinates: 41
              forces: 103
           actuators: 103
             muscles: 86
            analyses: 0
              probes: 0
              bodies: 24
              joints: 24
         constraints: 2
             markers: 25
         controllers: 0
  contact geometries: 0
misc modelcomponents: 0
[2026-08-14 12:17:05.085] [info] Running tool .
[2026-08-14 12:17:05.182] [info] Frame 0 (t = 0.0):	 total squared error = 0.000422394, marker error: RMS = 0.00411044, max = 0.0108303 (R_Thigh_Lateral)
[2026-08-14 12:17:05.197] [info] Frame 1 (t = 0.01):	 total squared error = 0.000436101, marker error: RMS = 0.00417660, max = 0.0110951 (R_Thigh_Lateral)
[2026-08-14 12:17:05.230] [info] Frame 2 (t = 0.02):	 total squared error = 0.000444482, marker error: RMS = 0.00421655, max = 0.0114331 (R_Thigh_Lateral)
[2026-08-14 12:17:05.249] [info] Frame 3 (t = 0.03):	 total squared error = 0.000463159, marker error: RMS = 0.00430423, max = 0.0117375 (R_Thigh_Lateral)
[2026-08-14 12:17:05.282] [info] Frame 4 (t = 0.04):	 total squared error = 0.000462823, marker error: RMS = 0.00430266, max = 0.0119476 (R_Thigh_Lateral)
[2026-08-14 12:17:05.304] [info] Frame 5 (t = 0.05):	 total squared error = 0.000469478, marker error: RMS = 0.00433349, max = 0.0120643 (R_Thigh_Lateral)
[2026-08-14 12:17:05.336] [info] Frame 6 (t = 0.06):	 total squared error = 0.000454631, marker error: RMS = 0.00426442, max = 0.0117735 (R_Thigh_Lateral)
[2026-08-14 12:17:05.360] [info] Frame 7 (t = 0.07):	 total squared error = 0.000441613, marker error: RMS = 0.00420292, max = 0.0113678 (R_Thigh_Lateral)
[2026-08-14 12:17:05.385] [info] Frame 8 (t = 0.08):	 total squared error = 0.000418648, marker error: RMS = 0.00409218, max = 0.0107150 (R_Thigh_Lateral)
[2026-08-14 12:17:05.421] [info] Frame 9 (t = 0.09):	 total squared error = 0.000383354, marker error: RMS = 0.00391589, max = 0.00967844 (R_Thigh_Lateral)
[2026-08-14 12:17:05.447] [info] Frame 10 (t = 0.1):	 total squared error = 0.000364188, marker error: RMS = 0.00381674, max = 0.00884200 (R_Thigh_Lateral)
[2026-08-14 12:17:05.479] [info] Frame 11 (t = 0.11):	 total squared error = 0.000348801, marker error: RMS = 0.00373525, max = 0.00818787 (R_Thigh_Lateral)
[2026-08-14 12:17:05.503] [info] Frame 12 (t = 0.12):	 total squared error = 0.000350151, marker error: RMS = 0.00374246, max = 0.00802960 (R_Thigh_Lateral)
[2026-08-14 12:17:05.528] [info] Frame 13 (t = 0.13):	 total squared error = 0.000361393, marker error: RMS = 0.00380207, max = 0.00833320 (R_Thigh_Lateral)
[2026-08-14 12:17:05.547] [info] Frame 14 (t = 0.14):	 total squared error = 0.000384772, marker error: RMS = 0.00392312, max = 0.00894765 (R_Thigh_Lateral)
[2026-08-14 12:17:05.578] [info] Frame 15 (t = 0.15):	 total squared error = 0.000409327, marker error: RMS = 0.00404636, max = 0.00961270 (R_Thigh_Lateral)
[2026-08-14 12:17:05.599] [info] Frame 16 (t = 0.16):	 total squared error = 0.000434472, marker error: RMS = 0.00416880, max = 0.0100136 (R_Thigh_Lateral)
[2026-08-14 12:17:05.611] [info] Frame 17 (t = 0.17):	 total squared error = 0.000458586, marker error: RMS = 0.00428293, max = 0.0103036 (R_Thigh_Lateral)
[2026-08-14 12:17:05.632] [info] Frame 18 (t = 0.18):	 total squared error = 0.000455358, marker error: RMS = 0.00426782, max = 0.00980532 (R_Thigh_Lateral)
[2026-08-14 12:17:05.666] [info] Frame 19 (t = 0.19):	 total squared error = 0.000439051, marker error: RMS = 0.00419071, max = 0.00914599 (R_Thigh_Lateral)
[2026-08-14 12:17:05.679] [info] Frame 20 (t = 0.2):	 total squared error = 0.000424975, marker error: RMS = 0.00412299, max = 0.00804707 (R_Thigh_Lateral)
[2026-08-14 12:17:05.700] [info] Frame 21 (t = 0.21):	 total squared error = 0.000404661, marker error: RMS = 0.00402324, max = 0.00705181 (Sternum)
[2026-08-14 12:17:05.730] [info] Frame 22 (t = 0.22):	 total squared error = 0.000382759, marker error: RMS = 0.00391285, max = 0.00716616 (Sternum)
[2026-08-14 12:17:05.755] [info] Frame 23 (t = 0.23):	 total squared error = 0.000375602, marker error: RMS = 0.00387609, max = 0.00708195 (Sternum)
[2026-08-14 12:17:05.788] [info] Frame 24 (t = 0.24):	 total squared error = 0.000367713, marker error: RMS = 0.00383517, max = 0.00698475 (Sternum)
[2026-08-14 12:17:05.809] [info] Frame 25 (t = 0.25):	 total squared error = 0.000374056, marker error: RMS = 0.00386811, max = 0.00675423 (Sternum)
[2026-08-14 12:17:05.833] [info] Frame 26 (t = 0.26):	 total squared error = 0.000382951, marker error: RMS = 0.00391383, max = 0.00662342 (Sternum)
[2026-08-14 12:17:05.855] [info] Frame 27 (t = 0.27):	 total squared error = 0.000395077, marker error: RMS = 0.00397531, max = 0.00658406 (Sacral)
[2026-08-14 12:17:05.881] [info] Frame 28 (t = 0.28):	 total squared error = 0.000398068, marker error: RMS = 0.00399033, max = 0.00655656 (Sacral)
[2026-08-14 12:17:05.902] [info] Frame 29 (t = 0.29):	 total squared error = 0.000394462, marker error: RMS = 0.00397221, max = 0.00648183 (Sacral)
[2026-08-14 12:17:05.934] [info] Frame 30 (t = 0.3):	 total squared error = 0.000362325, marker error: RMS = 0.00380697, max = 0.00709830 (L_Asis)
[2026-08-14 12:17:05.960] [info] Frame 31 (t = 0.31):	 total squared error = 0.000332586, marker error: RMS = 0.00364739, max = 0.00651950 (L_Asis)
[2026-08-14 12:17:05.997] [info] Frame 32 (t = 0.32):	 total squared error = 0.000301083, marker error: RMS = 0.00347035, max = 0.00670508 (L_Asis)
[2026-08-14 12:17:06.021] [info] Frame 33 (t = 0.33):	 total squared error = 0.000275040, marker error: RMS = 0.00331687, max = 0.00605318 (L_Asis)
[2026-08-14 12:17:06.047] [info] Frame 34 (t = 0.34):	 total squared error = 0.000253890, marker error: RMS = 0.00318678, max = 0.00594437 (L_Asis)
[2026-08-14 12:17:06.084] [info] Frame 35 (t = 0.35):	 total squared error = 0.000240128, marker error: RMS = 0.00309921, max = 0.00627833 (L_Asis)
[2026-08-14 12:17:06.112] [info] Frame 36 (t = 0.36):	 total squared error = 0.000231683, marker error: RMS = 0.00304422, max = 0.00575211 (L_Asis)
[2026-08-14 12:17:06.150] [info] Frame 37 (t = 0.37):	 total squared error = 0.000230634, marker error: RMS = 0.00303733, max = 0.00592451 (L_Asis)
[2026-08-14 12:17:06.173] [info] Frame 38 (t = 0.38):	 total squared error = 0.000236053, marker error: RMS = 0.00307280, max = 0.00676496 (L_Thigh_Lateral)
[2026-08-14 12:17:06.215] [info] Frame 39 (t = 0.39):	 total squared error = 0.000240304, marker error: RMS = 0.00310035, max = 0.00752882 (L_Thigh_Lateral)
[2026-08-14 12:17:06.256] [info] Frame 40 (t = 0.4):	 total squared error = 0.000247023, marker error: RMS = 0.00314339, max = 0.00831341 (L_Thigh_Lateral)
[2026-08-14 12:17:06.278] [info] Frame 41 (t = 0.41):	 total squared error = 0.000254218, marker error: RMS = 0.00318884, max = 0.00911084 (L_Thigh_Lateral)
[2026-08-14 12:17:06.297] [info] Frame 42 (t = 0.42):	 total squared error = 0.000269259, marker error: RMS = 0.00328182, max = 0.00981775 (L_Thigh_Lateral)
[2026-08-14 12:17:06.320] [info] Frame 43 (t = 0.43):	 total squared error = 0.000279202, marker error: RMS = 0.00334187, max = 0.0103725 (L_Thigh_Lateral)
[2026-08-14 12:17:06.349] [info] Frame 44 (t = 0.44):	 total squared error = 0.000304764, marker error: RMS = 0.00349150, max = 0.0108786 (L_Thigh_Lateral)
[2026-08-14 12:17:06.391] [info] Frame 45 (t = 0.45):	 total squared error = 0.000336150, marker error: RMS = 0.00366688, max = 0.011538 (L_Thigh_Lateral)
[2026-08-14 12:17:06.416] [info] Frame 46 (t = 0.46):	 total squared error = 0.000368216, marker error: RMS = 0.00383779, max = 0.0117785 (L_Thigh_Lateral)
[2026-08-14 12:17:06.432] [info] Frame 47 (t = 0.47):	 total squared error = 0.000401611, marker error: RMS = 0.00400805, max = 0.0117366 (L_Thigh_Lateral)
[2026-08-14 12:17:06.450] [info] Frame 48 (t = 0.48):	 total squared error = 0.000426971, marker error: RMS = 0.00413266, max = 0.0121983 (L_Shank_Lateral)
[2026-08-14 12:17:06.486] [info] Frame 49 (t = 0.49):	 total squared error = 0.000425596, marker error: RMS = 0.00412600, max = 0.0126299 (L_Thigh_Lateral)
[2026-08-14 12:17:06.506] [info] Frame 50 (t = 0.5):	 total squared error = 0.000427871, marker error: RMS = 0.00413701, max = 0.0123462 (L_Shank_Lateral)
[2026-08-14 12:17:06.527] [info] Frame 51 (t = 0.51):	 total squared error = 0.000424682, marker error: RMS = 0.00412156, max = 0.0122591 (L_Shank_Lateral)
[2026-08-14 12:17:06.545] [info] Frame 52 (t = 0.52):	 total squared error = 0.000420304, marker error: RMS = 0.00410026, max = 0.0118613 (L_Shank_Lateral)
[2026-08-14 12:17:06.574] [info] Frame 53 (t = 0.53):	 total squared error = 0.000403113, marker error: RMS = 0.00401553, max = 0.0116533 (L_Thigh_Lateral)
[2026-08-14 12:17:06.603] [info] Frame 54 (t = 0.54):	 total squared error = 0.000400686, marker error: RMS = 0.00400343, max = 0.0114528 (L_Thigh_Lateral)
[2026-08-14 12:17:06.641] [info] Frame 55 (t = 0.55):	 total squared error = 0.000400967, marker error: RMS = 0.00400483, max = 0.0112918 (L_Thigh_Lateral)
[2026-08-14 12:17:06.660] [info] Frame 56 (t = 0.56):	 total squared error = 0.000420372, marker error: RMS = 0.00410060, max = 0.011719 (L_Thigh_Lateral)
[2026-08-14 12:17:06.680] [info] Frame 57 (t = 0.57):	 total squared error = 0.000444555, marker error: RMS = 0.00421689, max = 0.0118594 (L_Thigh_Lateral)
[2026-08-14 12:17:06.705] [info] Frame 58 (t = 0.58):	 total squared error = 0.000463513, marker error: RMS = 0.00430587, max = 0.0118784 (L_Thigh_Lateral)
[2026-08-14 12:17:06.722] [info] Frame 59 (t = 0.59):	 total squared error = 0.000505948, marker error: RMS = 0.00449866, max = 0.0127727 (L_Thigh_Lateral)
[2026-08-14 12:17:06.763] [info] Frame 60 (t = 0.6):	 total squared error = 0.000528132, marker error: RMS = 0.00459622, max = 0.0127299 (L_Thigh_Lateral)
[2026-08-14 12:17:06.780] [info] Frame 61 (t = 0.61):	 total squared error = 0.000570374, marker error: RMS = 0.00477650, max = 0.0132758 (L_Thigh_Lateral)
[2026-08-14 12:17:06.812] [info] Frame 62 (t = 0.62):	 total squared error = 0.000587448, marker error: RMS = 0.00484747, max = 0.0131502 (L_Thigh_Lateral)
[2026-08-14 12:17:06.834] [info] Frame 63 (t = 0.63):	 total squared error = 0.000605990, marker error: RMS = 0.00492337, max = 0.0130247 (L_Thigh_Lateral)
[2026-08-14 12:17:06.873] [info] Frame 64 (t = 0.64):	 total squared error = 0.000597885, marker error: RMS = 0.00489034, max = 0.0124495 (L_Thigh_Lateral)
[2026-08-14 12:17:06.896] [info] Frame 65 (t = 0.65):	 total squared error = 0.000584438, marker error: RMS = 0.00483503, max = 0.0115298 (L_Thigh_Lateral)
[2026-08-14 12:17:06.935] [info] Frame 66 (t = 0.66):	 total squared error = 0.000552991, marker error: RMS = 0.00470315, max = 0.0103034 (L_Thigh_Lateral)
[2026-08-14 12:17:06.953] [info] Frame 67 (t = 0.67):	 total squared error = 0.000525502, marker error: RMS = 0.00458476, max = 0.00882249 (Sternum)
[2026-08-14 12:17:06.975] [info] Frame 68 (t = 0.68):	 total squared error = 0.000501509, marker error: RMS = 0.00447888, max = 0.00926424 (Sternum)
[2026-08-14 12:17:06.998] [info] Frame 69 (t = 0.69):	 total squared error = 0.000488248, marker error: RMS = 0.00441927, max = 0.00961940 (Sternum)
[2026-08-14 12:17:07.021] [info] Frame 70 (t = 0.7):	 total squared error = 0.000493362, marker error: RMS = 0.00444235, max = 0.00994763 (Sternum)
[2026-08-14 12:17:07.056] [info] Frame 71 (t = 0.71):	 total squared error = 0.000506358, marker error: RMS = 0.00450048, max = 0.00999588 (Sternum)
[2026-08-14 12:17:07.079] [info] Frame 72 (t = 0.72):	 total squared error = 0.000553251, marker error: RMS = 0.00470426, max = 0.0104105 (Sternum)
[2026-08-14 12:17:07.124] [info] Frame 73 (t = 0.73):	 total squared error = 0.000607528, marker error: RMS = 0.00492962, max = 0.0106626 (Sternum)
[2026-08-14 12:17:07.147] [info] Frame 74 (t = 0.74):	 total squared error = 0.000673507, marker error: RMS = 0.00519040, max = 0.0110170 (Sternum)
[2026-08-14 12:17:07.180] [info] Frame 75 (t = 0.75):	 total squared error = 0.000729545, marker error: RMS = 0.00540202, max = 0.0114749 (L_Thigh_Lateral)
[2026-08-14 12:17:07.200] [info] Frame 76 (t = 0.76):	 total squared error = 0.000767825, marker error: RMS = 0.00554193, max = 0.012126 (L_Thigh_Lateral)
[2026-08-14 12:17:07.210] [info] Frame 77 (t = 0.77):	 total squared error = 0.000781918, marker error: RMS = 0.00559256, max = 0.0121037 (L_Thigh_Lateral)
[2026-08-14 12:17:07.223] [info] Frame 78 (t = 0.78):	 total squared error = 0.000766027, marker error: RMS = 0.00553544, max = 0.0121819 (Sternum)
[2026-08-14 12:17:07.252] [info] Frame 79 (t = 0.79):	 total squared error = 0.000711477, marker error: RMS = 0.00533471, max = 0.012265 (Sternum)
[2026-08-14 12:17:07.265] [info] Frame 80 (t = 0.8):	 total squared error = 0.000665159, marker error: RMS = 0.00515813, max = 0.01238 (Sternum)
[2026-08-14 12:17:07.289] [info] Frame 81 (t = 0.81):	 total squared error = 0.000619379, marker error: RMS = 0.00497746, max = 0.0123978 (Sternum)
[2026-08-14 12:17:07.321] [info] Frame 82 (t = 0.82):	 total squared error = 0.000582239, marker error: RMS = 0.00482593, max = 0.0123815 (Sternum)
[2026-08-14 12:17:07.344] [info] Frame 83 (t = 0.83):	 total squared error = 0.000572779, marker error: RMS = 0.00478656, max = 0.0122836 (Sternum)
[2026-08-14 12:17:07.366] [info] Frame 84 (t = 0.84):	 total squared error = 0.000577582, marker error: RMS = 0.00480659, max = 0.0121028 (Sternum)
[2026-08-14 12:17:07.410] [info] Frame 85 (t = 0.85):	 total squared error = 0.000568612, marker error: RMS = 0.00476912, max = 0.0118683 (Sternum)
[2026-08-14 12:17:07.432] [info] Frame 86 (t = 0.86):	 total squared error = 0.000582375, marker error: RMS = 0.00482649, max = 0.0116468 (Sternum)
[2026-08-14 12:17:07.455] [info] Frame 87 (t = 0.87):	 total squared error = 0.000599607, marker error: RMS = 0.00489738, max = 0.0113564 (Sternum)
[2026-08-14 12:17:07.478] [info] Frame 88 (t = 0.88):	 total squared error = 0.000614981, marker error: RMS = 0.00495976, max = 0.0110785 (Sternum)
[2026-08-14 12:17:07.496] [info] Frame 89 (t = 0.89):	 total squared error = 0.000624868, marker error: RMS = 0.00499947, max = 0.0106343 (Sternum)
[2026-08-14 12:17:07.536] [info] Frame 90 (t = 0.9):	 total squared error = 0.000614091, marker error: RMS = 0.00495617, max = 0.0104940 (Sternum)
[2026-08-14 12:17:07.563] [info] Frame 91 (t = 0.91):	 total squared error = 0.000606615, marker error: RMS = 0.00492591, max = 0.0101018 (Sternum)
[2026-08-14 12:17:07.589] [info] Frame 92 (t = 0.92):	 total squared error = 0.000597959, marker error: RMS = 0.00489064, max = 0.00984680 (Sternum)
[2026-08-14 12:17:07.626] [info] Frame 93 (t = 0.93):	 total squared error = 0.000589251, marker error: RMS = 0.00485490, max = 0.00954489 (Sternum)
[2026-08-14 12:17:07.652] [info] Frame 94 (t = 0.94):	 total squared error = 0.000578665, marker error: RMS = 0.00481109, max = 0.00913113 (Sternum)
[2026-08-14 12:17:07.682] [info] Frame 95 (t = 0.95):	 total squared error = 0.000564480, marker error: RMS = 0.00475176, max = 0.00876353 (Sternum)
[2026-08-14 12:17:07.716] [info] Frame 96 (t = 0.96):	 total squared error = 0.000547053, marker error: RMS = 0.00467783, max = 0.00840237 (Sternum)
[2026-08-14 12:17:07.750] [info] Frame 97 (t = 0.97):	 total squared error = 0.000526323, marker error: RMS = 0.00458835, max = 0.00799851 (R_Asis)
[2026-08-14 12:17:07.774] [info] Frame 98 (t = 0.98):	 total squared error = 0.000505055, marker error: RMS = 0.00449469, max = 0.00780705 (R_Asis)
[2026-08-14 12:17:07.810] [info] Frame 99 (t = 0.99):	 total squared error = 0.000485609, marker error: RMS = 0.00440731, max = 0.00817497 (R_Asis)
[2026-08-14 12:17:07.831] [info] Frame 100 (t = 1.0):	 total squared error = 0.000467239, marker error: RMS = 0.00432314, max = 0.00788397 (Sacral)
[2026-08-14 12:17:07.876] [info] Frame 101 (t = 1.01):	 total squared error = 0.000447305, marker error: RMS = 0.00422992, max = 0.00765957 (Sacral)
[2026-08-14 12:17:07.892] [info] Frame 102 (t = 1.02):	 total squared error = 0.000432716, marker error: RMS = 0.00416037, max = 0.00773412 (Sacral)
[2026-08-14 12:17:07.926] [info] Frame 103 (t = 1.03):	 total squared error = 0.000406044, marker error: RMS = 0.00403011, max = 0.00753219 (Sacral)
[2026-08-14 12:17:07.946] [info] Frame 104 (t = 1.04):	 total squared error = 0.000384170, marker error: RMS = 0.00392005, max = 0.00732258 (Sacral)
[2026-08-14 12:17:07.985] [info] Frame 105 (t = 1.05):	 total squared error = 0.000358600, marker error: RMS = 0.00378735, max = 0.00717312 (Sacral)
[2026-08-14 12:17:08.009] [info] Frame 106 (t = 1.06):	 total squared error = 0.000332540, marker error: RMS = 0.00364714, max = 0.00669630 (Sacral)
[2026-08-14 12:17:08.025] [info] Frame 107 (t = 1.07):	 total squared error = 0.000309918, marker error: RMS = 0.00352090, max = 0.00628492 (L_Thigh_Lateral)
[2026-08-14 12:17:08.047] [info] Frame 108 (t = 1.08):	 total squared error = 0.000284527, marker error: RMS = 0.00337359, max = 0.00610956 (L_Thigh_Lateral)
[2026-08-14 12:17:08.059] [info] Frame 109 (t = 1.09):	 total squared error = 0.000276300, marker error: RMS = 0.00332446, max = 0.00579457 (L_Thigh_Lateral)
[2026-08-14 12:17:08.080] [info] Frame 110 (t = 1.1):	 total squared error = 0.000251674, marker error: RMS = 0.00317284, max = 0.00585589 (L_Thigh_Lateral)
[2026-08-14 12:17:08.091] [info] Frame 111 (t = 1.11):	 total squared error = 0.000255471, marker error: RMS = 0.00319669, max = 0.00570516 (L_Thigh_Lateral)
[2026-08-14 12:17:08.121] [info] Frame 112 (t = 1.12):	 total squared error = 0.000226226, marker error: RMS = 0.00300816, max = 0.00572931 (R_Thigh_Lateral)
[2026-08-14 12:17:08.139] [info] Frame 113 (t = 1.13):	 total squared error = 0.000229104, marker error: RMS = 0.00302723, max = 0.00605686 (R_Thigh_Lateral)
[2026-08-14 12:17:08.200] [info] Frame 114 (t = 1.14):	 total squared error = 0.000223164, marker error: RMS = 0.00298774, max = 0.00616784 (R_Thigh_Lateral)
[2026-08-14 12:17:08.238] [info] Frame 115 (t = 1.15):	 total squared error = 0.000228886, marker error: RMS = 0.00302580, max = 0.00642355 (R_Thigh_Lateral)
[2026-08-14 12:17:08.267] [info] Frame 116 (t = 1.16):	 total squared error = 0.000235899, marker error: RMS = 0.00307180, max = 0.00671921 (R_Thigh_Lateral)
[2026-08-14 12:17:08.298] [info] Frame 117 (t = 1.17):	 total squared error = 0.000247805, marker error: RMS = 0.00314837, max = 0.00719442 (R_Thigh_Lateral)
[2026-08-14 12:17:08.322] [info] Frame 118 (t = 1.18):	 total squared error = 0.000262324, marker error: RMS = 0.00323929, max = 0.00766815 (R_Thigh_Lateral)
[2026-08-14 12:17:08.346] [info] Frame 119 (t = 1.19):	 total squared error = 0.000284393, marker error: RMS = 0.00337279, max = 0.00835781 (R_Thigh_Lateral)
[2026-08-14 12:17:08.371] [info] Frame 120 (t = 1.2):	 total squared error = 0.000311185, marker error: RMS = 0.00352809, max = 0.00908137 (R_Thigh_Lateral)
[2026-08-14 12:17:08.403] [info] Frame 121 (t = 1.21):	 total squared error = 0.000334249, marker error: RMS = 0.00365650, max = 0.00965479 (R_Thigh_Lateral)
[2026-08-14 12:17:08.418] [info] Frame 122 (t = 1.22):	 total squared error = 0.000378554, marker error: RMS = 0.00389129, max = 0.0104180 (R_Thigh_Lateral)
[2026-08-14 12:17:08.448] [info] Frame 123 (t = 1.23):	 total squared error = 0.000389396, marker error: RMS = 0.00394663, max = 0.0106969 (R_Thigh_Lateral)
[2026-08-14 12:17:08.482] [info] Frame 124 (t = 1.24):	 total squared error = 0.000404455, marker error: RMS = 0.00402221, max = 0.0107608 (R_Thigh_Lateral)
[2026-08-14 12:17:08.509] [info] Frame 125 (t = 1.25):	 total squared error = 0.000411958, marker error: RMS = 0.00405935, max = 0.0105778 (R_Thigh_Lateral)
[2026-08-14 12:17:08.538] [info] Frame 126 (t = 1.26):	 total squared error = 0.000400235, marker error: RMS = 0.00400117, max = 0.00984868 (R_Thigh_Lateral)
[2026-08-14 12:17:08.576] [info] Frame 127 (t = 1.27):	 total squared error = 0.000377030, marker error: RMS = 0.00388345, max = 0.00879532 (R_Thigh_Lateral)
[2026-08-14 12:17:08.608] [info] Frame 128 (t = 1.28):	 total squared error = 0.000356483, marker error: RMS = 0.00377615, max = 0.00766447 (R_Thigh_Lateral)
[2026-08-14 12:17:08.632] [info] Frame 129 (t = 1.29):	 total squared error = 0.000348331, marker error: RMS = 0.00373272, max = 0.00738412 (Sternum)
[2026-08-14 12:17:08.662] [info] Frame 130 (t = 1.3):	 total squared error = 0.000352662, marker error: RMS = 0.00375586, max = 0.00785203 (Sternum)
[2026-08-14 12:17:08.692] [info] Frame 131 (t = 1.31):	 total squared error = 0.000381171, marker error: RMS = 0.00390472, max = 0.00826442 (Sternum)
[2026-08-14 12:17:08.704] [info] Frame 132 (t = 1.32):	 total squared error = 0.000436469, marker error: RMS = 0.00417837, max = 0.00866485 (R_Thigh_Lateral)
[2026-08-14 12:17:08.722] [info] Frame 133 (t = 1.33):	 total squared error = 0.000478195, marker error: RMS = 0.00437353, max = 0.00961975 (R_Thigh_Lateral)
[2026-08-14 12:17:08.745] [info] Frame 134 (t = 1.34):	 total squared error = 0.000515953, marker error: RMS = 0.00454292, max = 0.0102322 (R_Thigh_Lateral)
[2026-08-14 12:17:08.754] [info] Frame 135 (t = 1.35):	 total squared error = 0.000542137, marker error: RMS = 0.00465677, max = 0.0102938 (R_Thigh_Lateral)
[2026-08-14 12:17:08.785] [info] Frame 136 (t = 1.36):	 total squared error = 0.000532869, marker error: RMS = 0.00461679, max = 0.00989703 (Sternum)
[2026-08-14 12:17:08.804] [info] Frame 137 (t = 1.37):	 total squared error = 0.000516197, marker error: RMS = 0.00454399, max = 0.00997717 (Sternum)
[2026-08-14 12:17:08.824] [info] Frame 138 (t = 1.38):	 total squared error = 0.000490833, marker error: RMS = 0.00443095, max = 0.0100497 (Sternum)
[2026-08-14 12:17:08.852] [info] Frame 139 (t = 1.39):	 total squared error = 0.000465709, marker error: RMS = 0.00431606, max = 0.0100812 (Sternum)
[2026-08-14 12:17:08.878] [info] Frame 140 (t = 1.4):	 total squared error = 0.000457567, marker error: RMS = 0.00427816, max = 0.0100208 (Sternum)
[2026-08-14 12:17:08.915] [info] Frame 141 (t = 1.41):	 total squared error = 0.000450025, marker error: RMS = 0.00424276, max = 0.00976372 (Sternum)
[2026-08-14 12:17:08.938] [info] Frame 142 (t = 1.42):	 total squared error = 0.000457527, marker error: RMS = 0.00427797, max = 0.00973999 (Sternum)
[2026-08-14 12:17:08.983] [info] Frame 143 (t = 1.43):	 total squared error = 0.000454406, marker error: RMS = 0.00426336, max = 0.00957570 (Sternum)
[2026-08-14 12:17:09.009] [info] Frame 144 (t = 1.44):	 total squared error = 0.000467395, marker error: RMS = 0.00432386, max = 0.00939909 (Sternum)
[2026-08-14 12:17:09.029] [info] Frame 145 (t = 1.45):	 total squared error = 0.000487524, marker error: RMS = 0.00441599, max = 0.00904165 (Sternum)
[2026-08-14 12:17:09.075] [info] Frame 146 (t = 1.46):	 total squared error = 0.000484097, marker error: RMS = 0.00440044, max = 0.00901878 (Sternum)
[2026-08-14 12:17:09.100] [info] Frame 147 (t = 1.47):	 total squared error = 0.000491165, marker error: RMS = 0.00443245, max = 0.00880033 (Sternum)
[2026-08-14 12:17:09.127] [info] Frame 148 (t = 1.48):	 total squared error = 0.000494645, marker error: RMS = 0.00444812, max = 0.00851567 (Sternum)
[2026-08-14 12:17:09.150] [info] Frame 149 (t = 1.49):	 total squared error = 0.000495117, marker error: RMS = 0.00445025, max = 0.00831480 (Sternum)
[2026-08-14 12:17:09.184] [info] Frame 150 (t = 1.5):	 total squared error = 0.000485862, marker error: RMS = 0.00440845, max = 0.00806581 (Sternum)
[2026-08-14 12:17:09.208] [info] Frame 151 (t = 1.51):	 total squared error = 0.000476041, marker error: RMS = 0.00436367, max = 0.00770889 (Sternum)
[2026-08-14 12:17:09.238] [info] Frame 152 (t = 1.52):	 total squared error = 0.000461403, marker error: RMS = 0.00429606, max = 0.00737862 (Sternum)
[2026-08-14 12:17:09.273] [info] Frame 153 (t = 1.53):	 total squared error = 0.000445363, marker error: RMS = 0.00422072, max = 0.00704177 (Sternum)
[2026-08-14 12:17:09.301] [info] Frame 154 (t = 1.54):	 total squared error = 0.000430148, marker error: RMS = 0.00414800, max = 0.00678083 (Sacral)
[2026-08-14 12:17:09.335] [info] Frame 155 (t = 1.55):	 total squared error = 0.000417009, marker error: RMS = 0.00408416, max = 0.00719501 (L_Thigh_Lateral)
[2026-08-14 12:17:09.370] [info] Frame 156 (t = 1.56):	 total squared error = 0.000405078, marker error: RMS = 0.00402531, max = 0.00789557 (L_Thigh_Lateral)
[2026-08-14 12:17:09.394] [info] Frame 157 (t = 1.57):	 total squared error = 0.000395446, marker error: RMS = 0.00397716, max = 0.00853097 (L_Thigh_Lateral)
[2026-08-14 12:17:09.427] [info] Frame 158 (t = 1.58):	 total squared error = 0.000386464, marker error: RMS = 0.00393174, max = 0.00873604 (L_Thigh_Lateral)
[2026-08-14 12:17:09.444] [info] Frame 159 (t = 1.59):	 total squared error = 0.000384728, marker error: RMS = 0.00392290, max = 0.00900379 (L_Thigh_Lateral)
[2026-08-14 12:17:09.468] [info] Frame 160 (t = 1.6):	 total squared error = 0.000377209, marker error: RMS = 0.00388437, max = 0.00912251 (L_Thigh_Lateral)
[2026-08-14 12:17:09.487] [info] Frame 161 (t = 1.61):	 total squared error = 0.000379271, marker error: RMS = 0.00389498, max = 0.00921074 (L_Thigh_Lateral)
[2026-08-14 12:17:09.514] [info] Frame 162 (t = 1.62):	 total squared error = 0.000375658, marker error: RMS = 0.00387638, max = 0.00939474 (L_Thigh_Lateral)
[2026-08-14 12:17:09.560] [info] Frame 163 (t = 1.63):	 total squared error = 0.000370371, marker error: RMS = 0.00384900, max = 0.0100181 (L_Thigh_Lateral)
[2026-08-14 12:17:09.579] [info] Frame 164 (t = 1.64):	 total squared error = 0.000372012, marker error: RMS = 0.00385752, max = 0.0100699 (L_Thigh_Lateral)
[2026-08-14 12:17:09.599] [info] Frame 165 (t = 1.65):	 total squared error = 0.000379359, marker error: RMS = 0.00389543, max = 0.0102102 (L_Thigh_Lateral)
[2026-08-14 12:17:09.621] [info] Frame 166 (t = 1.66):	 total squared error = 0.000387372, marker error: RMS = 0.00393635, max = 0.0105022 (L_Thigh_Lateral)
[2026-08-14 12:17:09.662] [info] Frame 167 (t = 1.67):	 total squared error = 0.000395749, marker error: RMS = 0.00397869, max = 0.0115907 (L_Thigh_Lateral)
[2026-08-14 12:17:09.679] [info] Frame 168 (t = 1.68):	 total squared error = 0.000431658, marker error: RMS = 0.00415528, max = 0.0119384 (L_Thigh_Lateral)
[2026-08-14 12:17:09.717] [info] Frame 169 (t = 1.69):	 total squared error = 0.000459547, marker error: RMS = 0.00428741, max = 0.0125159 (L_Thigh_Lateral)
[2026-08-14 12:17:09.740] [info] Frame 170 (t = 1.7):	 total squared error = 0.000499220, marker error: RMS = 0.00446865, max = 0.0130949 (L_Shank_Lateral)
[2026-08-14 12:17:09.757] [info] Frame 171 (t = 1.71):	 total squared error = 0.000548098, marker error: RMS = 0.00468230, max = 0.0137663 (L_Shank_Lateral)
[2026-08-14 12:17:09.799] [info] Frame 172 (t = 1.72):	 total squared error = 0.000562062, marker error: RMS = 0.00474157, max = 0.0140990 (L_Shank_Lateral)
[2026-08-14 12:17:09.816] [info] Frame 173 (t = 1.73):	 total squared error = 0.000593331, marker error: RMS = 0.00487168, max = 0.0142498 (L_Shank_Lateral)
[2026-08-14 12:17:09.852] [info] Frame 174 (t = 1.74):	 total squared error = 0.000593258, marker error: RMS = 0.00487138, max = 0.0143254 (L_Shank_Lateral)
[2026-08-14 12:17:09.885] [info] Frame 175 (t = 1.75):	 total squared error = 0.000593765, marker error: RMS = 0.00487346, max = 0.0142007 (L_Shank_Lateral)
[2026-08-14 12:17:09.908] [info] Frame 176 (t = 1.76):	 total squared error = 0.000590636, marker error: RMS = 0.00486060, max = 0.0139134 (L_Shank_Lateral)
[2026-08-14 12:17:09.928] [info] Frame 177 (t = 1.77):	 total squared error = 0.000581450, marker error: RMS = 0.00482265, max = 0.0135327 (L_Thigh_Lateral)
[2026-08-14 12:17:09.963] [info] Frame 178 (t = 1.78):	 total squared error = 0.000553713, marker error: RMS = 0.00470622, max = 0.0127667 (L_Thigh_Lateral)
[2026-08-14 12:17:09.980] [info] Frame 179 (t = 1.79):	 total squared error = 0.000542406, marker error: RMS = 0.00465792, max = 0.0122353 (L_Thigh_Lateral)
[2026-08-14 12:17:10.010] [info] Frame 180 (t = 1.8):	 total squared error = 0.000512106, marker error: RMS = 0.00452595, max = 0.0113118 (L_Thigh_Lateral)
[2026-08-14 12:17:10.035] [info] Frame 181 (t = 1.81):	 total squared error = 0.000494630, marker error: RMS = 0.00444806, max = 0.0105398 (L_Thigh_Lateral)
[2026-08-14 12:17:10.064] [info] Frame 182 (t = 1.82):	 total squared error = 0.000473922, marker error: RMS = 0.00435395, max = 0.00962188 (L_Thigh_Lateral)
[2026-08-14 12:17:10.090] [info] Frame 183 (t = 1.83):	 total squared error = 0.000461839, marker error: RMS = 0.00429809, max = 0.00884100 (L_Thigh_Lateral)
[2026-08-14 12:17:10.128] [info] Frame 184 (t = 1.84):	 total squared error = 0.000443980, marker error: RMS = 0.00421417, max = 0.00806955 (L_Thigh_Lateral)
[2026-08-14 12:17:10.152] [info] Frame 185 (t = 1.85):	 total squared error = 0.000448370, marker error: RMS = 0.00423495, max = 0.00775020 (Sternum)
[2026-08-14 12:17:10.178] [info] Frame 186 (t = 1.86):	 total squared error = 0.000464584, marker error: RMS = 0.00431084, max = 0.00820045 (Sternum)
[2026-08-14 12:17:10.213] [info] Frame 187 (t = 1.87):	 total squared error = 0.000488773, marker error: RMS = 0.00442164, max = 0.00870978 (L_Thigh_Lateral)
[2026-08-14 12:17:10.237] [info] Frame 188 (t = 1.88):	 total squared error = 0.000538349, marker error: RMS = 0.00464047, max = 0.00990291 (L_Thigh_Lateral)
[2026-08-14 12:17:10.252] [info] Frame 189 (t = 1.89):	 total squared error = 0.000600921, marker error: RMS = 0.00490274, max = 0.0112721 (L_Thigh_Lateral)
[2026-08-14 12:17:10.281] [info] Frame 190 (t = 1.9):	 total squared error = 0.000658277, marker error: RMS = 0.00513138, max = 0.0123721 (L_Thigh_Lateral)
[2026-08-14 12:17:10.303] [info] Frame 191 (t = 1.91):	 total squared error = 0.000715202, marker error: RMS = 0.00534865, max = 0.0133259 (L_Thigh_Lateral)
[2026-08-14 12:17:10.337] [info] Frame 192 (t = 1.92):	 total squared error = 0.000751387, marker error: RMS = 0.00548229, max = 0.0136758 (L_Thigh_Lateral)
[2026-08-14 12:17:10.350] [info] Frame 193 (t = 1.93):	 total squared error = 0.000773003, marker error: RMS = 0.00556059, max = 0.0138613 (L_Thigh_Lateral)
[2026-08-14 12:17:10.363] [info] Frame 194 (t = 1.94):	 total squared error = 0.000766587, marker error: RMS = 0.00553746, max = 0.0133833 (L_Thigh_Lateral)
[2026-08-14 12:17:10.380] [info] Frame 195 (t = 1.95):	 total squared error = 0.000731628, marker error: RMS = 0.00540973, max = 0.012462 (L_Thigh_Lateral)
[2026-08-14 12:17:10.402] [info] Frame 196 (t = 1.96):	 total squared error = 0.000685932, marker error: RMS = 0.00523806, max = 0.0113153 (Sternum)
[2026-08-14 12:17:10.432] [info] Frame 197 (t = 1.97):	 total squared error = 0.000631938, marker error: RMS = 0.00502768, max = 0.0112609 (Sternum)
[2026-08-14 12:17:10.456] [info] Frame 198 (t = 1.98):	 total squared error = 0.000583569, marker error: RMS = 0.00483144, max = 0.0111322 (Sternum)
[2026-08-14 12:17:10.480] [info] Frame 199 (t = 1.99):	 total squared error = 0.000539188, marker error: RMS = 0.00464408, max = 0.0108900 (Sternum)
[2026-08-14 12:17:10.501] [info] Frame 200 (t = 2.0):	 total squared error = 0.000504338, marker error: RMS = 0.00449149, max = 0.0105363 (Sternum)
[2026-08-14 12:17:10.541] [info] Frame 201 (t = 2.01):	 total squared error = 0.000462627, marker error: RMS = 0.00430175, max = 0.0101799 (Sternum)
[2026-08-14 12:17:10.565] [info] Frame 202 (t = 2.02):	 total squared error = 0.000436651, marker error: RMS = 0.00417924, max = 0.00972415 (Sternum)
[2026-08-14 12:17:10.585] [info] Frame 203 (t = 2.03):	 total squared error = 0.000417494, marker error: RMS = 0.00408653, max = 0.00927765 (Sternum)
[2026-08-14 12:17:10.607] [info] Frame 204 (t = 2.04):	 total squared error = 0.000402313, marker error: RMS = 0.00401155, max = 0.00889919 (Sternum)
[2026-08-14 12:17:10.638] [info] Frame 205 (t = 2.05):	 total squared error = 0.000388698, marker error: RMS = 0.00394308, max = 0.00854146 (Sternum)
[2026-08-14 12:17:10.679] [info] Frame 206 (t = 2.06):	 total squared error = 0.000373342, marker error: RMS = 0.00386441, max = 0.00820689 (Sternum)
[2026-08-14 12:17:10.706] [info] Frame 207 (t = 2.07):	 total squared error = 0.000377138, marker error: RMS = 0.00388401, max = 0.00791599 (Sternum)
[2026-08-14 12:17:10.734] [info] Frame 208 (t = 2.08):	 total squared error = 0.000386689, marker error: RMS = 0.00393288, max = 0.00761062 (Sternum)
[2026-08-14 12:17:10.761] [info] Frame 209 (t = 2.09):	 total squared error = 0.000394062, marker error: RMS = 0.00397020, max = 0.00748339 (R_Shank_Lateral)
[2026-08-14 12:17:10.787] [info] Frame 210 (t = 2.1):	 total squared error = 0.000393966, marker error: RMS = 0.00396972, max = 0.00762088 (R_Shank_Lateral)
[2026-08-14 12:17:10.824] [info] Frame 211 (t = 2.11):	 total squared error = 0.000385502, marker error: RMS = 0.00392684, max = 0.00741113 (R_Shank_Lateral)
[2026-08-14 12:17:10.862] [info] Frame 212 (t = 2.12):	 total squared error = 0.000371252, marker error: RMS = 0.00385358, max = 0.00677749 (R_Asis)
[2026-08-14 12:17:10.879] [info] Frame 213 (t = 2.13):	 total squared error = 0.000370675, marker error: RMS = 0.00385058, max = 0.00609926 (Sacral)
[2026-08-14 12:17:10.911] [info] Frame 214 (t = 2.14):	 total squared error = 0.000346474, marker error: RMS = 0.00372276, max = 0.00695153 (R_Asis)
[2026-08-14 12:17:10.927] [info] Frame 215 (t = 2.15):	 total squared error = 0.000348351, marker error: RMS = 0.00373283, max = 0.00655773 (L_Thigh_Lateral)
[2026-08-14 12:17:10.961] [info] Frame 216 (t = 2.16):	 total squared error = 0.000328354, marker error: RMS = 0.00362411, max = 0.00656172 (L_Thigh_Lateral)
[2026-08-14 12:17:10.979] [info] Frame 217 (t = 2.17):	 total squared error = 0.000321445, marker error: RMS = 0.00358578, max = 0.00682542 (L_Thigh_Lateral)
[2026-08-14 12:17:11.024] [info] Frame 218 (t = 2.18):	 total squared error = 0.000305245, marker error: RMS = 0.00349425, max = 0.00673469 (L_Thigh_Lateral)
[2026-08-14 12:17:11.061] [info] Frame 219 (t = 2.19):	 total squared error = 0.000293540, marker error: RMS = 0.00342660, max = 0.00676273 (L_Thigh_Lateral)
[2026-08-14 12:17:11.084] [info] Frame 220 (t = 2.2):	 total squared error = 0.000284715, marker error: RMS = 0.00337470, max = 0.00678168 (L_Thigh_Lateral)
[2026-08-14 12:17:11.113] [info] Frame 221 (t = 2.21):	 total squared error = 0.000276685, marker error: RMS = 0.00332677, max = 0.00678956 (L_Thigh_Lateral)
[2026-08-14 12:17:11.130] [info] Frame 222 (t = 2.22):	 total squared error = 0.000276959, marker error: RMS = 0.00332842, max = 0.00672868 (L_Thigh_Lateral)
[2026-08-14 12:17:11.150] [info] Frame 223 (t = 2.23):	 total squared error = 0.000268751, marker error: RMS = 0.00327872, max = 0.00663773 (L_Thigh_Lateral)
[2026-08-14 12:17:11.174] [info] Frame 224 (t = 2.24):	 total squared error = 0.000257528, marker error: RMS = 0.00320954, max = 0.00691869 (R_Thigh_Lateral)
[2026-08-14 12:17:11.185] [info] Frame 225 (t = 2.25):	 total squared error = 0.000261266, marker error: RMS = 0.00323275, max = 0.00708673 (R_Thigh_Lateral)
[2026-08-14 12:17:11.220] [info] Frame 226 (t = 2.26):	 total squared error = 0.000238680, marker error: RMS = 0.00308986, max = 0.00747299 (R_Thigh_Lateral)
[2026-08-14 12:17:11.240] [info] Frame 227 (t = 2.27):	 total squared error = 0.000233925, marker error: RMS = 0.00305892, max = 0.00760750 (R_Thigh_Lateral)
[2026-08-14 12:17:11.250] [info] Frame 228 (t = 2.28):	 total squared error = 0.000247631, marker error: RMS = 0.00314726, max = 0.00753100 (R_Thigh_Lateral)
[2026-08-14 12:17:11.275] [info] Frame 229 (t = 2.29):	 total squared error = 0.000229337, marker error: RMS = 0.00302878, max = 0.00753667 (R_Thigh_Lateral)
[2026-08-14 12:17:11.293] [info] Frame 230 (t = 2.3):	 total squared error = 0.000239327, marker error: RMS = 0.00309404, max = 0.00771071 (R_Thigh_Lateral)
[2026-08-14 12:17:11.330] [info] Frame 231 (t = 2.31):	 total squared error = 0.000230286, marker error: RMS = 0.00303504, max = 0.00758161 (R_Thigh_Lateral)
[2026-08-14 12:17:11.345] [info] Frame 232 (t = 2.32):	 total squared error = 0.000249827, marker error: RMS = 0.00316119, max = 0.00785347 (R_Thigh_Lateral)
[2026-08-14 12:17:11.362] [info] Frame 233 (t = 2.33):	 total squared error = 0.000280472, marker error: RMS = 0.00334946, max = 0.00823740 (R_Thigh_Lateral)
[2026-08-14 12:17:11.401] [info] Frame 234 (t = 2.34):	 total squared error = 0.000279232, marker error: RMS = 0.00334205, max = 0.00816216 (R_Thigh_Lateral)
[2026-08-14 12:17:11.426] [info] Frame 235 (t = 2.35):	 total squared error = 0.000310202, marker error: RMS = 0.00352251, max = 0.00864807 (R_Thigh_Lateral)
[2026-08-14 12:17:11.462] [info] Frame 236 (t = 2.36):	 total squared error = 0.000342015, marker error: RMS = 0.00369873, max = 0.00917121 (R_Thigh_Lateral)
[2026-08-14 12:17:11.488] [info] Frame 237 (t = 2.37):	 total squared error = 0.000384184, marker error: RMS = 0.00392012, max = 0.00989419 (R_Thigh_Lateral)
[2026-08-14 12:17:11.523] [info] Frame 238 (t = 2.38):	 total squared error = 0.000416600, marker error: RMS = 0.00408216, max = 0.0103544 (R_Thigh_Lateral)
[2026-08-14 12:17:11.539] [info] Frame 239 (t = 2.39):	 total squared error = 0.000464950, marker error: RMS = 0.00431254, max = 0.0109085 (R_Thigh_Lateral)
[2026-08-14 12:17:11.588] [info] Frame 240 (t = 2.4):	 total squared error = 0.000473480, marker error: RMS = 0.00435192, max = 0.0109880 (R_Thigh_Lateral)
[2026-08-14 12:17:11.618] [info] Frame 241 (t = 2.41):	 total squared error = 0.000487159, marker error: RMS = 0.00441433, max = 0.0108744 (R_Thigh_Lateral)
[2026-08-14 12:17:11.654] [info] Frame 242 (t = 2.42):	 total squared error = 0.000485679, marker error: RMS = 0.00440763, max = 0.0104537 (R_Thigh_Lateral)
[2026-08-14 12:17:11.674] [info] Frame 243 (t = 2.43):	 total squared error = 0.000478643, marker error: RMS = 0.00437558, max = 0.00978922 (R_Thigh_Lateral)
[2026-08-14 12:17:11.705] [info] Frame 244 (t = 2.44):	 total squared error = 0.000458425, marker error: RMS = 0.00428217, max = 0.00881668 (R_Thigh_Lateral)
[2026-08-14 12:17:11.723] [info] Frame 245 (t = 2.45):	 total squared error = 0.000451096, marker error: RMS = 0.00424781, max = 0.00844662 (Sternum)
[2026-08-14 12:17:11.754] [info] Frame 246 (t = 2.46):	 total squared error = 0.000436748, marker error: RMS = 0.00417970, max = 0.00898376 (Sternum)
[2026-08-14 12:17:11.773] [info] Frame 247 (t = 2.47):	 total squared error = 0.000446109, marker error: RMS = 0.00422426, max = 0.00916701 (Sternum)
[2026-08-14 12:17:11.789] [info] Frame 248 (t = 2.48):	 total squared error = 0.000467672, marker error: RMS = 0.00432514, max = 0.00945927 (Sternum)
[2026-08-14 12:17:11.812] [info] Frame 249 (t = 2.49):	 total squared error = 0.000493231, marker error: RMS = 0.00444176, max = 0.00969484 (Sternum)
[2026-08-14 12:17:11.825] [info] Frame 250 (t = 2.5):	 total squared error = 0.000524976, marker error: RMS = 0.00458247, max = 0.00946007 (Sternum)
[2026-08-14 12:17:11.846] [info] Frame 251 (t = 2.51):	 total squared error = 0.000533824, marker error: RMS = 0.00462093, max = 0.00984763 (Sternum)
[2026-08-14 12:17:11.870] [info] Frame 252 (t = 2.52):	 total squared error = 0.000530653, marker error: RMS = 0.00460718, max = 0.0100313 (Sternum)
[2026-08-14 12:17:11.881] [info] Frame 253 (t = 2.53):	 total squared error = 0.000520051, marker error: RMS = 0.00456093, max = 0.00978405 (Sternum)
[2026-08-14 12:17:11.913] [info] Frame 254 (t = 2.54):	 total squared error = 0.000487648, marker error: RMS = 0.00441655, max = 0.00994420 (Sternum)
[2026-08-14 12:17:11.945] [info] Frame 255 (t = 2.55):	 total squared error = 0.000466384, marker error: RMS = 0.00431918, max = 0.00990851 (Sternum)
[2026-08-14 12:17:11.957] [info] Frame 256 (t = 2.56):	 total squared error = 0.000463076, marker error: RMS = 0.00430384, max = 0.00958408 (Sternum)
[2026-08-14 12:17:11.982] [info] Frame 257 (t = 2.57):	 total squared error = 0.000458210, marker error: RMS = 0.00428117, max = 0.00963853 (Sternum)
[2026-08-14 12:17:12.022] [info] Frame 258 (t = 2.58):	 total squared error = 0.000445945, marker error: RMS = 0.00422348, max = 0.00945271 (Sternum)
[2026-08-14 12:17:12.044] [info] Frame 259 (t = 2.59):	 total squared error = 0.000453201, marker error: RMS = 0.00425770, max = 0.00913382 (Sternum)
[2026-08-14 12:17:12.093] [info] Frame 260 (t = 2.6):	 total squared error = 0.000449586, marker error: RMS = 0.00424069, max = 0.00882376 (Sternum)
[2026-08-14 12:17:12.115] [info] Frame 261 (t = 2.61):	 total squared error = 0.000455737, marker error: RMS = 0.00426960, max = 0.00856054 (Sternum)
[2026-08-14 12:17:12.138] [info] Frame 262 (t = 2.62):	 total squared error = 0.000459751, marker error: RMS = 0.00428836, max = 0.00828838 (Sternum)
[2026-08-14 12:17:12.158] [info] Frame 263 (t = 2.63):	 total squared error = 0.000461864, marker error: RMS = 0.00429821, max = 0.00800700 (Sternum)
[2026-08-14 12:17:12.213] [info] Frame 264 (t = 2.64):	 total squared error = 0.000447103, marker error: RMS = 0.00422896, max = 0.00760738 (Sternum)
[2026-08-14 12:17:12.238] [info] Frame 265 (t = 2.65):	 total squared error = 0.000449359, marker error: RMS = 0.00423962, max = 0.00739939 (Sternum)
[2026-08-14 12:17:12.266] [info] Frame 266 (t = 2.66):	 total squared error = 0.000454104, marker error: RMS = 0.00426194, max = 0.00714062 (Sternum)
[2026-08-14 12:17:12.292] [info] Frame 267 (t = 2.67):	 total squared error = 0.000460801, marker error: RMS = 0.00429326, max = 0.00687709 (Sternum)
[2026-08-14 12:17:12.320] [info] Frame 268 (t = 2.68):	 total squared error = 0.000464234, marker error: RMS = 0.00430922, max = 0.00667912 (Sternum)
[2026-08-14 12:17:12.345] [info] Frame 269 (t = 2.69):	 total squared error = 0.000463399, marker error: RMS = 0.00430534, max = 0.00642983 (Sternum)
[2026-08-14 12:17:12.368] [info] Frame 270 (t = 2.7):	 total squared error = 0.000454155, marker error: RMS = 0.00426218, max = 0.00707371 (L_Thigh_Lateral)
[2026-08-14 12:17:12.383] [info] Frame 271 (t = 2.71):	 total squared error = 0.000452549, marker error: RMS = 0.00425464, max = 0.00827644 (L_Thigh_Lateral)
[2026-08-14 12:17:12.411] [info] Frame 272 (t = 2.72):	 total squared error = 0.000415344, marker error: RMS = 0.00407600, max = 0.00828360 (L_Thigh_Lateral)
[2026-08-14 12:17:12.432] [info] Frame 273 (t = 2.73):	 total squared error = 0.000391514, marker error: RMS = 0.00395734, max = 0.00854876 (L_Thigh_Lateral)
[2026-08-14 12:17:12.456] [info] Frame 274 (t = 2.74):	 total squared error = 0.000363821, marker error: RMS = 0.00381482, max = 0.00845014 (L_Thigh_Lateral)
[2026-08-14 12:17:12.492] [info] Frame 275 (t = 2.75):	 total squared error = 0.000336075, marker error: RMS = 0.00366647, max = 0.00809968 (L_Thigh_Lateral)
[2026-08-14 12:17:12.512] [info] Frame 276 (t = 2.76):	 total squared error = 0.000310875, marker error: RMS = 0.00352633, max = 0.00781106 (L_Thigh_Lateral)
[2026-08-14 12:17:12.542] [info] Frame 277 (t = 2.77):	 total squared error = 0.000284853, marker error: RMS = 0.00337552, max = 0.00746137 (L_Thigh_Lateral)
[2026-08-14 12:17:12.561] [info] Frame 278 (t = 2.78):	 total squared error = 0.000267402, marker error: RMS = 0.00327049, max = 0.00716362 (L_Thigh_Lateral)
[2026-08-14 12:17:12.600] [info] Frame 279 (t = 2.79):	 total squared error = 0.000250764, marker error: RMS = 0.00316711, max = 0.00703583 (L_Thigh_Lateral)
[2026-08-14 12:17:12.627] [info] Frame 280 (t = 2.8):	 total squared error = 0.000242465, marker error: RMS = 0.00311426, max = 0.00699435 (L_Thigh_Lateral)
[2026-08-14 12:17:12.654] [info] Frame 281 (t = 2.81):	 total squared error = 0.000241869, marker error: RMS = 0.00311042, max = 0.00711354 (L_Thigh_Lateral)
[2026-08-14 12:17:12.677] [info] Frame 282 (t = 2.82):	 total squared error = 0.000249648, marker error: RMS = 0.00316005, max = 0.00739349 (L_Thigh_Lateral)
[2026-08-14 12:17:12.700] [info] Frame 283 (t = 2.83):	 total squared error = 0.000271175, marker error: RMS = 0.00329348, max = 0.00764993 (L_Thigh_Lateral)
[2026-08-14 12:17:12.751] [info] Frame 284 (t = 2.84):	 total squared error = 0.000290742, marker error: RMS = 0.00341023, max = 0.00845080 (L_Thigh_Lateral)
[2026-08-14 12:17:12.771] [info] Frame 285 (t = 2.85):	 total squared error = 0.000336931, marker error: RMS = 0.00367113, max = 0.00900074 (L_Thigh_Lateral)
[2026-08-14 12:17:12.804] [info] Frame 286 (t = 2.86):	 total squared error = 0.000381860, marker error: RMS = 0.00390825, max = 0.00979744 (L_Thigh_Lateral)
[2026-08-14 12:17:12.841] [info] Frame 287 (t = 2.87):	 total squared error = 0.000438702, marker error: RMS = 0.00418904, max = 0.0104658 (L_Thigh_Lateral)
[2026-08-14 12:17:12.883] [info] Frame 288 (t = 2.88):	 total squared error = 0.000500366, marker error: RMS = 0.00447377, max = 0.011217 (L_Thigh_Lateral)
[2026-08-14 12:17:12.927] [info] Frame 289 (t = 2.89):	 total squared error = 0.000564876, marker error: RMS = 0.00475342, max = 0.0120185 (L_Shank_Lateral)
[2026-08-14 12:17:12.973] [info] Frame 290 (t = 2.9):	 total squared error = 0.000629951, marker error: RMS = 0.00501976, max = 0.0126563 (L_Shank_Lateral)
[2026-08-14 12:17:12.988] [info] Frame 291 (t = 2.91):	 total squared error = 0.000708001, marker error: RMS = 0.00532166, max = 0.0134983 (L_Thigh_Lateral)
[2026-08-14 12:17:12.994] [info] InverseKinematicsTool completed 292 frames in 8 second(s).
[2026-08-14 12:17:13.050] [info] Loaded model SUBJ59-scaled from file C:\Users\migue\Downloads\TFG\2_JMP\SUBJ59\Walk_1\SUBJ59_1_JMP_results\SUBJ59_1_NMSM_JMP_05_torso.osim
[2026-08-14 12:17:13.682] [warning] Coordinate.setValue:  coordinate pro_sup_r is locked. Unable to change its value.
[2026-08-14 12:17:13.723] [warning] Coordinate.setValue:  coordinate pro_sup_l is locked. Unable to change its value.
[2026-08-14 12:18:06.871] [info] Loaded model SUBJ59-scaled from file C:\Users\migue\Downloads\TFG\2_JMP\SUBJ59\Walk_1\SUBJ59_1_JMP_results\SUBJ59_1_NMSM_JMP_05_torso.osim
[2026-08-14 12:18:06.903] [cout] [info] 
               MODEL: SUBJ59-scaled
         coordinates: 41
              forces: 103
           actuators: 103
             muscles: 86
            analyses: 0
              probes: 0
              bodies: 24
              joints: 24
         constraints: 2
             markers: 25
         controllers: 0
  contact geometries: 0
misc modelcomponents: 0
[2026-08-14 12:18:06.903] [info] Running tool .
[2026-08-14 12:18:07.017] [info] Frame 0 (t = 0.0):	 total squared error = 0.000422394, marker error: RMS = 0.00411044, max = 0.0108303 (R_Thigh_Lateral)
[2026-08-14 12:18:07.037] [info] Frame 1 (t = 0.01):	 total squared error = 0.000436101, marker error: RMS = 0.00417660, max = 0.0110951 (R_Thigh_Lateral)
[2026-08-14 12:18:07.069] [info] Frame 2 (t = 0.02):	 total squared error = 0.000444482, marker error: RMS = 0.00421655, max = 0.0114331 (R_Thigh_Lateral)
[2026-08-14 12:18:07.088] [info] Frame 3 (t = 0.03):	 total squared error = 0.000463159, marker error: RMS = 0.00430423, max = 0.0117375 (R_Thigh_Lateral)
[2026-08-14 12:18:07.141] [info] Frame 4 (t = 0.04):	 total squared error = 0.000462823, marker error: RMS = 0.00430266, max = 0.0119476 (R_Thigh_Lateral)
[2026-08-14 12:18:07.184] [info] Frame 5 (t = 0.05):	 total squared error = 0.000469478, marker error: RMS = 0.00433349, max = 0.0120643 (R_Thigh_Lateral)
[2026-08-14 12:18:07.236] [info] Frame 6 (t = 0.06):	 total squared error = 0.000454631, marker error: RMS = 0.00426442, max = 0.0117735 (R_Thigh_Lateral)
[2026-08-14 12:18:07.266] [info] Frame 7 (t = 0.07):	 total squared error = 0.000441613, marker error: RMS = 0.00420292, max = 0.0113678 (R_Thigh_Lateral)
[2026-08-14 12:18:07.293] [info] Frame 8 (t = 0.08):	 total squared error = 0.000418648, marker error: RMS = 0.00409218, max = 0.0107150 (R_Thigh_Lateral)
[2026-08-14 12:18:07.345] [info] Frame 9 (t = 0.09):	 total squared error = 0.000383354, marker error: RMS = 0.00391589, max = 0.00967844 (R_Thigh_Lateral)
[2026-08-14 12:18:07.390] [info] Frame 10 (t = 0.1):	 total squared error = 0.000364188, marker error: RMS = 0.00381674, max = 0.00884200 (R_Thigh_Lateral)
[2026-08-14 12:18:07.444] [info] Frame 11 (t = 0.11):	 total squared error = 0.000348801, marker error: RMS = 0.00373525, max = 0.00818787 (R_Thigh_Lateral)
[2026-08-14 12:18:07.485] [info] Frame 12 (t = 0.12):	 total squared error = 0.000350151, marker error: RMS = 0.00374246, max = 0.00802960 (R_Thigh_Lateral)
[2026-08-14 12:18:07.528] [info] Frame 13 (t = 0.13):	 total squared error = 0.000361393, marker error: RMS = 0.00380207, max = 0.00833320 (R_Thigh_Lateral)
[2026-08-14 12:18:07.557] [info] Frame 14 (t = 0.14):	 total squared error = 0.000384772, marker error: RMS = 0.00392312, max = 0.00894765 (R_Thigh_Lateral)
[2026-08-14 12:18:07.604] [info] Frame 15 (t = 0.15):	 total squared error = 0.000409327, marker error: RMS = 0.00404636, max = 0.00961270 (R_Thigh_Lateral)
[2026-08-14 12:18:07.629] [info] Frame 16 (t = 0.16):	 total squared error = 0.000434472, marker error: RMS = 0.00416880, max = 0.0100136 (R_Thigh_Lateral)
[2026-08-14 12:18:07.641] [info] Frame 17 (t = 0.17):	 total squared error = 0.000458586, marker error: RMS = 0.00428293, max = 0.0103036 (R_Thigh_Lateral)
[2026-08-14 12:18:07.664] [info] Frame 18 (t = 0.18):	 total squared error = 0.000455358, marker error: RMS = 0.00426782, max = 0.00980532 (R_Thigh_Lateral)
[2026-08-14 12:18:07.699] [info] Frame 19 (t = 0.19):	 total squared error = 0.000439051, marker error: RMS = 0.00419071, max = 0.00914599 (R_Thigh_Lateral)
[2026-08-14 12:18:07.713] [info] Frame 20 (t = 0.2):	 total squared error = 0.000424975, marker error: RMS = 0.00412299, max = 0.00804707 (R_Thigh_Lateral)
[2026-08-14 12:18:07.737] [info] Frame 21 (t = 0.21):	 total squared error = 0.000404661, marker error: RMS = 0.00402324, max = 0.00705181 (Sternum)
[2026-08-14 12:18:07.783] [info] Frame 22 (t = 0.22):	 total squared error = 0.000382759, marker error: RMS = 0.00391285, max = 0.00716616 (Sternum)
[2026-08-14 12:18:07.814] [info] Frame 23 (t = 0.23):	 total squared error = 0.000375602, marker error: RMS = 0.00387609, max = 0.00708195 (Sternum)
[2026-08-14 12:18:07.850] [info] Frame 24 (t = 0.24):	 total squared error = 0.000367713, marker error: RMS = 0.00383517, max = 0.00698475 (Sternum)
[2026-08-14 12:18:07.872] [info] Frame 25 (t = 0.25):	 total squared error = 0.000374056, marker error: RMS = 0.00386811, max = 0.00675423 (Sternum)
[2026-08-14 12:18:07.897] [info] Frame 26 (t = 0.26):	 total squared error = 0.000382951, marker error: RMS = 0.00391383, max = 0.00662342 (Sternum)
[2026-08-14 12:18:07.930] [info] Frame 27 (t = 0.27):	 total squared error = 0.000395077, marker error: RMS = 0.00397531, max = 0.00658406 (Sacral)
[2026-08-14 12:18:07.968] [info] Frame 28 (t = 0.28):	 total squared error = 0.000398068, marker error: RMS = 0.00399033, max = 0.00655656 (Sacral)
[2026-08-14 12:18:07.989] [info] Frame 29 (t = 0.29):	 total squared error = 0.000394462, marker error: RMS = 0.00397221, max = 0.00648183 (Sacral)
[2026-08-14 12:18:08.024] [info] Frame 30 (t = 0.3):	 total squared error = 0.000362325, marker error: RMS = 0.00380697, max = 0.00709830 (L_Asis)
[2026-08-14 12:18:08.051] [info] Frame 31 (t = 0.31):	 total squared error = 0.000332586, marker error: RMS = 0.00364739, max = 0.00651950 (L_Asis)
[2026-08-14 12:18:08.086] [info] Frame 32 (t = 0.32):	 total squared error = 0.000301083, marker error: RMS = 0.00347035, max = 0.00670508 (L_Asis)
[2026-08-14 12:18:08.112] [info] Frame 33 (t = 0.33):	 total squared error = 0.000275040, marker error: RMS = 0.00331687, max = 0.00605318 (L_Asis)
[2026-08-14 12:18:08.139] [info] Frame 34 (t = 0.34):	 total squared error = 0.000253890, marker error: RMS = 0.00318678, max = 0.00594437 (L_Asis)
[2026-08-14 12:18:08.176] [info] Frame 35 (t = 0.35):	 total squared error = 0.000240128, marker error: RMS = 0.00309921, max = 0.00627833 (L_Asis)
[2026-08-14 12:18:08.210] [info] Frame 36 (t = 0.36):	 total squared error = 0.000231683, marker error: RMS = 0.00304422, max = 0.00575211 (L_Asis)
[2026-08-14 12:18:08.252] [info] Frame 37 (t = 0.37):	 total squared error = 0.000230634, marker error: RMS = 0.00303733, max = 0.00592451 (L_Asis)
[2026-08-14 12:18:08.276] [info] Frame 38 (t = 0.38):	 total squared error = 0.000236053, marker error: RMS = 0.00307280, max = 0.00676496 (L_Thigh_Lateral)
[2026-08-14 12:18:08.325] [info] Frame 39 (t = 0.39):	 total squared error = 0.000240304, marker error: RMS = 0.00310035, max = 0.00752882 (L_Thigh_Lateral)
[2026-08-14 12:18:08.376] [info] Frame 40 (t = 0.4):	 total squared error = 0.000247023, marker error: RMS = 0.00314339, max = 0.00831341 (L_Thigh_Lateral)
[2026-08-14 12:18:08.399] [info] Frame 41 (t = 0.41):	 total squared error = 0.000254218, marker error: RMS = 0.00318884, max = 0.00911084 (L_Thigh_Lateral)
[2026-08-14 12:18:08.419] [info] Frame 42 (t = 0.42):	 total squared error = 0.000269259, marker error: RMS = 0.00328182, max = 0.00981775 (L_Thigh_Lateral)
[2026-08-14 12:18:08.451] [info] Frame 43 (t = 0.43):	 total squared error = 0.000279202, marker error: RMS = 0.00334187, max = 0.0103725 (L_Thigh_Lateral)
[2026-08-14 12:18:08.505] [info] Frame 44 (t = 0.44):	 total squared error = 0.000304764, marker error: RMS = 0.00349150, max = 0.0108786 (L_Thigh_Lateral)
[2026-08-14 12:18:08.570] [info] Frame 45 (t = 0.45):	 total squared error = 0.000336150, marker error: RMS = 0.00366688, max = 0.011538 (L_Thigh_Lateral)
[2026-08-14 12:18:08.600] [info] Frame 46 (t = 0.46):	 total squared error = 0.000368216, marker error: RMS = 0.00383779, max = 0.0117785 (L_Thigh_Lateral)
[2026-08-14 12:18:08.625] [info] Frame 47 (t = 0.47):	 total squared error = 0.000401611, marker error: RMS = 0.00400805, max = 0.0117366 (L_Thigh_Lateral)
[2026-08-14 12:18:08.648] [info] Frame 48 (t = 0.48):	 total squared error = 0.000426971, marker error: RMS = 0.00413266, max = 0.0121983 (L_Shank_Lateral)
[2026-08-14 12:18:08.713] [info] Frame 49 (t = 0.49):	 total squared error = 0.000425596, marker error: RMS = 0.00412600, max = 0.0126299 (L_Thigh_Lateral)
[2026-08-14 12:18:08.751] [info] Frame 50 (t = 0.5):	 total squared error = 0.000427871, marker error: RMS = 0.00413701, max = 0.0123462 (L_Shank_Lateral)
[2026-08-14 12:18:08.790] [info] Frame 51 (t = 0.51):	 total squared error = 0.000424682, marker error: RMS = 0.00412156, max = 0.0122591 (L_Shank_Lateral)
[2026-08-14 12:18:08.822] [info] Frame 52 (t = 0.52):	 total squared error = 0.000420304, marker error: RMS = 0.00410026, max = 0.0118613 (L_Shank_Lateral)
[2026-08-14 12:18:08.877] [info] Frame 53 (t = 0.53):	 total squared error = 0.000403113, marker error: RMS = 0.00401553, max = 0.0116533 (L_Thigh_Lateral)
[2026-08-14 12:18:08.912] [info] Frame 54 (t = 0.54):	 total squared error = 0.000400686, marker error: RMS = 0.00400343, max = 0.0114528 (L_Thigh_Lateral)
[2026-08-14 12:18:08.953] [info] Frame 55 (t = 0.55):	 total squared error = 0.000400967, marker error: RMS = 0.00400483, max = 0.0112918 (L_Thigh_Lateral)
[2026-08-14 12:18:08.979] [info] Frame 56 (t = 0.56):	 total squared error = 0.000420372, marker error: RMS = 0.00410060, max = 0.011719 (L_Thigh_Lateral)
[2026-08-14 12:18:09.004] [info] Frame 57 (t = 0.57):	 total squared error = 0.000444555, marker error: RMS = 0.00421689, max = 0.0118594 (L_Thigh_Lateral)
[2026-08-14 12:18:09.030] [info] Frame 58 (t = 0.58):	 total squared error = 0.000463513, marker error: RMS = 0.00430587, max = 0.0118784 (L_Thigh_Lateral)
[2026-08-14 12:18:09.047] [info] Frame 59 (t = 0.59):	 total squared error = 0.000505948, marker error: RMS = 0.00449866, max = 0.0127727 (L_Thigh_Lateral)
[2026-08-14 12:18:09.088] [info] Frame 60 (t = 0.6):	 total squared error = 0.000528132, marker error: RMS = 0.00459622, max = 0.0127299 (L_Thigh_Lateral)
[2026-08-14 12:18:09.111] [info] Frame 61 (t = 0.61):	 total squared error = 0.000570374, marker error: RMS = 0.00477650, max = 0.0132758 (L_Thigh_Lateral)
[2026-08-14 12:18:09.145] [info] Frame 62 (t = 0.62):	 total squared error = 0.000587448, marker error: RMS = 0.00484747, max = 0.0131502 (L_Thigh_Lateral)
[2026-08-14 12:18:09.176] [info] Frame 63 (t = 0.63):	 total squared error = 0.000605990, marker error: RMS = 0.00492337, max = 0.0130247 (L_Thigh_Lateral)
[2026-08-14 12:18:09.249] [info] Frame 64 (t = 0.64):	 total squared error = 0.000597885, marker error: RMS = 0.00489034, max = 0.0124495 (L_Thigh_Lateral)
[2026-08-14 12:18:09.291] [info] Frame 65 (t = 0.65):	 total squared error = 0.000584438, marker error: RMS = 0.00483503, max = 0.0115298 (L_Thigh_Lateral)
[2026-08-14 12:18:09.348] [info] Frame 66 (t = 0.66):	 total squared error = 0.000552991, marker error: RMS = 0.00470315, max = 0.0103034 (L_Thigh_Lateral)
[2026-08-14 12:18:09.383] [info] Frame 67 (t = 0.67):	 total squared error = 0.000525502, marker error: RMS = 0.00458476, max = 0.00882249 (Sternum)
[2026-08-14 12:18:09.421] [info] Frame 68 (t = 0.68):	 total squared error = 0.000501509, marker error: RMS = 0.00447888, max = 0.00926424 (Sternum)
[2026-08-14 12:18:09.451] [info] Frame 69 (t = 0.69):	 total squared error = 0.000488248, marker error: RMS = 0.00441927, max = 0.00961940 (Sternum)
[2026-08-14 12:18:09.493] [info] Frame 70 (t = 0.7):	 total squared error = 0.000493362, marker error: RMS = 0.00444235, max = 0.00994763 (Sternum)
[2026-08-14 12:18:09.554] [info] Frame 71 (t = 0.71):	 total squared error = 0.000506358, marker error: RMS = 0.00450048, max = 0.00999588 (Sternum)
[2026-08-14 12:18:09.577] [info] Frame 72 (t = 0.72):	 total squared error = 0.000553251, marker error: RMS = 0.00470426, max = 0.0104105 (Sternum)
[2026-08-14 12:18:09.634] [info] Frame 73 (t = 0.73):	 total squared error = 0.000607528, marker error: RMS = 0.00492962, max = 0.0106626 (Sternum)
[2026-08-14 12:18:09.675] [info] Frame 74 (t = 0.74):	 total squared error = 0.000673507, marker error: RMS = 0.00519040, max = 0.0110170 (Sternum)
[2026-08-14 12:18:09.721] [info] Frame 75 (t = 0.75):	 total squared error = 0.000729545, marker error: RMS = 0.00540202, max = 0.0114749 (L_Thigh_Lateral)
[2026-08-14 12:18:09.742] [info] Frame 76 (t = 0.76):	 total squared error = 0.000767825, marker error: RMS = 0.00554193, max = 0.012126 (L_Thigh_Lateral)
[2026-08-14 12:18:09.753] [info] Frame 77 (t = 0.77):	 total squared error = 0.000781918, marker error: RMS = 0.00559256, max = 0.0121037 (L_Thigh_Lateral)
[2026-08-14 12:18:09.765] [info] Frame 78 (t = 0.78):	 total squared error = 0.000766027, marker error: RMS = 0.00553544, max = 0.0121819 (Sternum)
[2026-08-14 12:18:09.796] [info] Frame 79 (t = 0.79):	 total squared error = 0.000711477, marker error: RMS = 0.00533471, max = 0.012265 (Sternum)
[2026-08-14 12:18:09.810] [info] Frame 80 (t = 0.8):	 total squared error = 0.000665159, marker error: RMS = 0.00515813, max = 0.01238 (Sternum)
[2026-08-14 12:18:09.836] [info] Frame 81 (t = 0.81):	 total squared error = 0.000619379, marker error: RMS = 0.00497746, max = 0.0123978 (Sternum)
[2026-08-14 12:18:09.867] [info] Frame 82 (t = 0.82):	 total squared error = 0.000582239, marker error: RMS = 0.00482593, max = 0.0123815 (Sternum)
[2026-08-14 12:18:09.892] [info] Frame 83 (t = 0.83):	 total squared error = 0.000572779, marker error: RMS = 0.00478656, max = 0.0122836 (Sternum)
[2026-08-14 12:18:09.926] [info] Frame 84 (t = 0.84):	 total squared error = 0.000577582, marker error: RMS = 0.00480659, max = 0.0121028 (Sternum)
[2026-08-14 12:18:09.990] [info] Frame 85 (t = 0.85):	 total squared error = 0.000568612, marker error: RMS = 0.00476912, max = 0.0118683 (Sternum)
[2026-08-14 12:18:10.028] [info] Frame 86 (t = 0.86):	 total squared error = 0.000582375, marker error: RMS = 0.00482649, max = 0.0116468 (Sternum)
[2026-08-14 12:18:10.059] [info] Frame 87 (t = 0.87):	 total squared error = 0.000599607, marker error: RMS = 0.00489738, max = 0.0113564 (Sternum)
[2026-08-14 12:18:10.086] [info] Frame 88 (t = 0.88):	 total squared error = 0.000614981, marker error: RMS = 0.00495976, max = 0.0110785 (Sternum)
[2026-08-14 12:18:10.112] [info] Frame 89 (t = 0.89):	 total squared error = 0.000624868, marker error: RMS = 0.00499947, max = 0.0106343 (Sternum)
[2026-08-14 12:18:10.185] [info] Frame 90 (t = 0.9):	 total squared error = 0.000614091, marker error: RMS = 0.00495617, max = 0.0104940 (Sternum)
[2026-08-14 12:18:10.222] [info] Frame 91 (t = 0.91):	 total squared error = 0.000606615, marker error: RMS = 0.00492591, max = 0.0101018 (Sternum)
[2026-08-14 12:18:10.250] [info] Frame 92 (t = 0.92):	 total squared error = 0.000597959, marker error: RMS = 0.00489064, max = 0.00984680 (Sternum)
[2026-08-14 12:18:10.288] [info] Frame 93 (t = 0.93):	 total squared error = 0.000589251, marker error: RMS = 0.00485490, max = 0.00954489 (Sternum)
[2026-08-14 12:18:10.316] [info] Frame 94 (t = 0.94):	 total squared error = 0.000578665, marker error: RMS = 0.00481109, max = 0.00913113 (Sternum)
[2026-08-14 12:18:10.347] [info] Frame 95 (t = 0.95):	 total squared error = 0.000564480, marker error: RMS = 0.00475176, max = 0.00876353 (Sternum)
[2026-08-14 12:18:10.389] [info] Frame 96 (t = 0.96):	 total squared error = 0.000547053, marker error: RMS = 0.00467783, max = 0.00840237 (Sternum)
[2026-08-14 12:18:10.442] [info] Frame 97 (t = 0.97):	 total squared error = 0.000526323, marker error: RMS = 0.00458835, max = 0.00799851 (R_Asis)
[2026-08-14 12:18:10.475] [info] Frame 98 (t = 0.98):	 total squared error = 0.000505055, marker error: RMS = 0.00449469, max = 0.00780705 (R_Asis)
[2026-08-14 12:18:10.513] [info] Frame 99 (t = 0.99):	 total squared error = 0.000485609, marker error: RMS = 0.00440731, max = 0.00817497 (R_Asis)
[2026-08-14 12:18:10.536] [info] Frame 100 (t = 1.0):	 total squared error = 0.000467239, marker error: RMS = 0.00432314, max = 0.00788397 (Sacral)
[2026-08-14 12:18:10.592] [info] Frame 101 (t = 1.01):	 total squared error = 0.000447305, marker error: RMS = 0.00422992, max = 0.00765957 (Sacral)
[2026-08-14 12:18:10.620] [info] Frame 102 (t = 1.02):	 total squared error = 0.000432716, marker error: RMS = 0.00416037, max = 0.00773412 (Sacral)
[2026-08-14 12:18:10.678] [info] Frame 103 (t = 1.03):	 total squared error = 0.000406044, marker error: RMS = 0.00403011, max = 0.00753219 (Sacral)
[2026-08-14 12:18:10.708] [info] Frame 104 (t = 1.04):	 total squared error = 0.000384170, marker error: RMS = 0.00392005, max = 0.00732258 (Sacral)
[2026-08-14 12:18:10.766] [info] Frame 105 (t = 1.05):	 total squared error = 0.000358600, marker error: RMS = 0.00378735, max = 0.00717312 (Sacral)
[2026-08-14 12:18:10.807] [info] Frame 106 (t = 1.06):	 total squared error = 0.000332540, marker error: RMS = 0.00364714, max = 0.00669630 (Sacral)
[2026-08-14 12:18:10.835] [info] Frame 107 (t = 1.07):	 total squared error = 0.000309918, marker error: RMS = 0.00352090, max = 0.00628492 (L_Thigh_Lateral)
[2026-08-14 12:18:10.873] [info] Frame 108 (t = 1.08):	 total squared error = 0.000284527, marker error: RMS = 0.00337359, max = 0.00610956 (L_Thigh_Lateral)
[2026-08-14 12:18:10.892] [info] Frame 109 (t = 1.09):	 total squared error = 0.000276300, marker error: RMS = 0.00332446, max = 0.00579457 (L_Thigh_Lateral)
[2026-08-14 12:18:10.930] [info] Frame 110 (t = 1.1):	 total squared error = 0.000251674, marker error: RMS = 0.00317284, max = 0.00585589 (L_Thigh_Lateral)
[2026-08-14 12:18:10.948] [info] Frame 111 (t = 1.11):	 total squared error = 0.000255471, marker error: RMS = 0.00319669, max = 0.00570516 (L_Thigh_Lateral)
[2026-08-14 12:18:11.000] [info] Frame 112 (t = 1.12):	 total squared error = 0.000226226, marker error: RMS = 0.00300816, max = 0.00572931 (R_Thigh_Lateral)
[2026-08-14 12:18:11.032] [info] Frame 113 (t = 1.13):	 total squared error = 0.000229104, marker error: RMS = 0.00302723, max = 0.00605686 (R_Thigh_Lateral)
[2026-08-14 12:18:11.110] [info] Frame 114 (t = 1.14):	 total squared error = 0.000223164, marker error: RMS = 0.00298774, max = 0.00616784 (R_Thigh_Lateral)
[2026-08-14 12:18:11.153] [info] Frame 115 (t = 1.15):	 total squared error = 0.000228886, marker error: RMS = 0.00302580, max = 0.00642355 (R_Thigh_Lateral)
[2026-08-14 12:18:11.203] [info] Frame 116 (t = 1.16):	 total squared error = 0.000235899, marker error: RMS = 0.00307180, max = 0.00671921 (R_Thigh_Lateral)
[2026-08-14 12:18:11.258] [info] Frame 117 (t = 1.17):	 total squared error = 0.000247805, marker error: RMS = 0.00314837, max = 0.00719442 (R_Thigh_Lateral)
[2026-08-14 12:18:11.300] [info] Frame 118 (t = 1.18):	 total squared error = 0.000262324, marker error: RMS = 0.00323929, max = 0.00766815 (R_Thigh_Lateral)
[2026-08-14 12:18:11.343] [info] Frame 119 (t = 1.19):	 total squared error = 0.000284393, marker error: RMS = 0.00337279, max = 0.00835781 (R_Thigh_Lateral)
[2026-08-14 12:18:11.386] [info] Frame 120 (t = 1.2):	 total squared error = 0.000311185, marker error: RMS = 0.00352809, max = 0.00908137 (R_Thigh_Lateral)
[2026-08-14 12:18:11.441] [info] Frame 121 (t = 1.21):	 total squared error = 0.000334249, marker error: RMS = 0.00365650, max = 0.00965479 (R_Thigh_Lateral)
[2026-08-14 12:18:11.467] [info] Frame 122 (t = 1.22):	 total squared error = 0.000378554, marker error: RMS = 0.00389129, max = 0.0104180 (R_Thigh_Lateral)
[2026-08-14 12:18:11.522] [info] Frame 123 (t = 1.23):	 total squared error = 0.000389396, marker error: RMS = 0.00394663, max = 0.0106969 (R_Thigh_Lateral)
[2026-08-14 12:18:11.579] [info] Frame 124 (t = 1.24):	 total squared error = 0.000404455, marker error: RMS = 0.00402221, max = 0.0107608 (R_Thigh_Lateral)
[2026-08-14 12:18:11.626] [info] Frame 125 (t = 1.25):	 total squared error = 0.000411958, marker error: RMS = 0.00405935, max = 0.0105778 (R_Thigh_Lateral)
[2026-08-14 12:18:11.677] [info] Frame 126 (t = 1.26):	 total squared error = 0.000400235, marker error: RMS = 0.00400117, max = 0.00984868 (R_Thigh_Lateral)
[2026-08-14 12:18:11.743] [info] Frame 127 (t = 1.27):	 total squared error = 0.000377030, marker error: RMS = 0.00388345, max = 0.00879532 (R_Thigh_Lateral)
[2026-08-14 12:18:11.797] [info] Frame 128 (t = 1.28):	 total squared error = 0.000356483, marker error: RMS = 0.00377615, max = 0.00766447 (R_Thigh_Lateral)
[2026-08-14 12:18:11.832] [info] Frame 129 (t = 1.29):	 total squared error = 0.000348331, marker error: RMS = 0.00373272, max = 0.00738412 (Sternum)
[2026-08-14 12:18:11.864] [info] Frame 130 (t = 1.3):	 total squared error = 0.000352662, marker error: RMS = 0.00375586, max = 0.00785203 (Sternum)
[2026-08-14 12:18:11.898] [info] Frame 131 (t = 1.31):	 total squared error = 0.000381171, marker error: RMS = 0.00390472, max = 0.00826442 (Sternum)
[2026-08-14 12:18:11.910] [info] Frame 132 (t = 1.32):	 total squared error = 0.000436469, marker error: RMS = 0.00417837, max = 0.00866485 (R_Thigh_Lateral)
[2026-08-14 12:18:11.928] [info] Frame 133 (t = 1.33):	 total squared error = 0.000478195, marker error: RMS = 0.00437353, max = 0.00961975 (R_Thigh_Lateral)
[2026-08-14 12:18:11.953] [info] Frame 134 (t = 1.34):	 total squared error = 0.000515953, marker error: RMS = 0.00454292, max = 0.0102322 (R_Thigh_Lateral)
[2026-08-14 12:18:11.962] [info] Frame 135 (t = 1.35):	 total squared error = 0.000542137, marker error: RMS = 0.00465677, max = 0.0102938 (R_Thigh_Lateral)
[2026-08-14 12:18:11.994] [info] Frame 136 (t = 1.36):	 total squared error = 0.000532869, marker error: RMS = 0.00461679, max = 0.00989703 (Sternum)
[2026-08-14 12:18:12.013] [info] Frame 137 (t = 1.37):	 total squared error = 0.000516197, marker error: RMS = 0.00454399, max = 0.00997717 (Sternum)
[2026-08-14 12:18:12.033] [info] Frame 138 (t = 1.38):	 total squared error = 0.000490833, marker error: RMS = 0.00443095, max = 0.0100497 (Sternum)
[2026-08-14 12:18:12.062] [info] Frame 139 (t = 1.39):	 total squared error = 0.000465709, marker error: RMS = 0.00431606, max = 0.0100812 (Sternum)
[2026-08-14 12:18:12.089] [info] Frame 140 (t = 1.4):	 total squared error = 0.000457567, marker error: RMS = 0.00427816, max = 0.0100208 (Sternum)
[2026-08-14 12:18:12.132] [info] Frame 141 (t = 1.41):	 total squared error = 0.000450025, marker error: RMS = 0.00424276, max = 0.00976372 (Sternum)
[2026-08-14 12:18:12.160] [info] Frame 142 (t = 1.42):	 total squared error = 0.000457527, marker error: RMS = 0.00427797, max = 0.00973999 (Sternum)
[2026-08-14 12:18:12.207] [info] Frame 143 (t = 1.43):	 total squared error = 0.000454406, marker error: RMS = 0.00426336, max = 0.00957570 (Sternum)
[2026-08-14 12:18:12.233] [info] Frame 144 (t = 1.44):	 total squared error = 0.000467395, marker error: RMS = 0.00432386, max = 0.00939909 (Sternum)
[2026-08-14 12:18:12.252] [info] Frame 145 (t = 1.45):	 total squared error = 0.000487524, marker error: RMS = 0.00441599, max = 0.00904165 (Sternum)
[2026-08-14 12:18:12.301] [info] Frame 146 (t = 1.46):	 total squared error = 0.000484097, marker error: RMS = 0.00440044, max = 0.00901878 (Sternum)
[2026-08-14 12:18:12.328] [info] Frame 147 (t = 1.47):	 total squared error = 0.000491165, marker error: RMS = 0.00443245, max = 0.00880033 (Sternum)
[2026-08-14 12:18:12.355] [info] Frame 148 (t = 1.48):	 total squared error = 0.000494645, marker error: RMS = 0.00444812, max = 0.00851567 (Sternum)
[2026-08-14 12:18:12.394] [info] Frame 149 (t = 1.49):	 total squared error = 0.000495117, marker error: RMS = 0.00445025, max = 0.00831480 (Sternum)
[2026-08-14 12:18:12.439] [info] Frame 150 (t = 1.5):	 total squared error = 0.000485862, marker error: RMS = 0.00440845, max = 0.00806581 (Sternum)
[2026-08-14 12:18:12.464] [info] Frame 151 (t = 1.51):	 total squared error = 0.000476041, marker error: RMS = 0.00436367, max = 0.00770889 (Sternum)
[2026-08-14 12:18:12.504] [info] Frame 152 (t = 1.52):	 total squared error = 0.000461403, marker error: RMS = 0.00429606, max = 0.00737862 (Sternum)
[2026-08-14 12:18:12.567] [info] Frame 153 (t = 1.53):	 total squared error = 0.000445363, marker error: RMS = 0.00422072, max = 0.00704177 (Sternum)
[2026-08-14 12:18:12.610] [info] Frame 154 (t = 1.54):	 total squared error = 0.000430148, marker error: RMS = 0.00414800, max = 0.00678083 (Sacral)
[2026-08-14 12:18:12.663] [info] Frame 155 (t = 1.55):	 total squared error = 0.000417009, marker error: RMS = 0.00408416, max = 0.00719501 (L_Thigh_Lateral)
[2026-08-14 12:18:12.726] [info] Frame 156 (t = 1.56):	 total squared error = 0.000405078, marker error: RMS = 0.00402531, max = 0.00789557 (L_Thigh_Lateral)
[2026-08-14 12:18:12.769] [info] Frame 157 (t = 1.57):	 total squared error = 0.000395446, marker error: RMS = 0.00397716, max = 0.00853097 (L_Thigh_Lateral)
[2026-08-14 12:18:12.826] [info] Frame 158 (t = 1.58):	 total squared error = 0.000386464, marker error: RMS = 0.00393174, max = 0.00873604 (L_Thigh_Lateral)
[2026-08-14 12:18:12.856] [info] Frame 159 (t = 1.59):	 total squared error = 0.000384728, marker error: RMS = 0.00392290, max = 0.00900379 (L_Thigh_Lateral)
[2026-08-14 12:18:12.898] [info] Frame 160 (t = 1.6):	 total squared error = 0.000377209, marker error: RMS = 0.00388437, max = 0.00912251 (L_Thigh_Lateral)
[2026-08-14 12:18:12.933] [info] Frame 161 (t = 1.61):	 total squared error = 0.000379271, marker error: RMS = 0.00389498, max = 0.00921074 (L_Thigh_Lateral)
[2026-08-14 12:18:12.978] [info] Frame 162 (t = 1.62):	 total squared error = 0.000375658, marker error: RMS = 0.00387638, max = 0.00939474 (L_Thigh_Lateral)
[2026-08-14 12:18:13.044] [info] Frame 163 (t = 1.63):	 total squared error = 0.000370371, marker error: RMS = 0.00384900, max = 0.0100181 (L_Thigh_Lateral)
[2026-08-14 12:18:13.078] [info] Frame 164 (t = 1.64):	 total squared error = 0.000372012, marker error: RMS = 0.00385752, max = 0.0100699 (L_Thigh_Lateral)
[2026-08-14 12:18:13.112] [info] Frame 165 (t = 1.65):	 total squared error = 0.000379359, marker error: RMS = 0.00389543, max = 0.0102102 (L_Thigh_Lateral)
[2026-08-14 12:18:13.149] [info] Frame 166 (t = 1.66):	 total squared error = 0.000387372, marker error: RMS = 0.00393635, max = 0.0105022 (L_Thigh_Lateral)
[2026-08-14 12:18:13.207] [info] Frame 167 (t = 1.67):	 total squared error = 0.000395749, marker error: RMS = 0.00397869, max = 0.0115907 (L_Thigh_Lateral)
[2026-08-14 12:18:13.225] [info] Frame 168 (t = 1.68):	 total squared error = 0.000431658, marker error: RMS = 0.00415528, max = 0.0119384 (L_Thigh_Lateral)
[2026-08-14 12:18:13.264] [info] Frame 169 (t = 1.69):	 total squared error = 0.000459547, marker error: RMS = 0.00428741, max = 0.0125159 (L_Thigh_Lateral)
[2026-08-14 12:18:13.288] [info] Frame 170 (t = 1.7):	 total squared error = 0.000499220, marker error: RMS = 0.00446865, max = 0.0130949 (L_Shank_Lateral)
[2026-08-14 12:18:13.305] [info] Frame 171 (t = 1.71):	 total squared error = 0.000548098, marker error: RMS = 0.00468230, max = 0.0137663 (L_Shank_Lateral)
[2026-08-14 12:18:13.348] [info] Frame 172 (t = 1.72):	 total squared error = 0.000562062, marker error: RMS = 0.00474157, max = 0.0140990 (L_Shank_Lateral)
[2026-08-14 12:18:13.365] [info] Frame 173 (t = 1.73):	 total squared error = 0.000593331, marker error: RMS = 0.00487168, max = 0.0142498 (L_Shank_Lateral)
[2026-08-14 12:18:13.402] [info] Frame 174 (t = 1.74):	 total squared error = 0.000593258, marker error: RMS = 0.00487138, max = 0.0143254 (L_Shank_Lateral)
[2026-08-14 12:18:13.448] [info] Frame 175 (t = 1.75):	 total squared error = 0.000593765, marker error: RMS = 0.00487346, max = 0.0142007 (L_Shank_Lateral)
[2026-08-14 12:18:13.485] [info] Frame 176 (t = 1.76):	 total squared error = 0.000590636, marker error: RMS = 0.00486060, max = 0.0139134 (L_Shank_Lateral)
[2026-08-14 12:18:13.517] [info] Frame 177 (t = 1.77):	 total squared error = 0.000581450, marker error: RMS = 0.00482265, max = 0.0135327 (L_Thigh_Lateral)
[2026-08-14 12:18:13.577] [info] Frame 178 (t = 1.78):	 total squared error = 0.000553713, marker error: RMS = 0.00470622, max = 0.0127667 (L_Thigh_Lateral)
[2026-08-14 12:18:13.608] [info] Frame 179 (t = 1.79):	 total squared error = 0.000542406, marker error: RMS = 0.00465792, max = 0.0122353 (L_Thigh_Lateral)
[2026-08-14 12:18:13.662] [info] Frame 180 (t = 1.8):	 total squared error = 0.000512106, marker error: RMS = 0.00452595, max = 0.0113118 (L_Thigh_Lateral)
[2026-08-14 12:18:13.705] [info] Frame 181 (t = 1.81):	 total squared error = 0.000494630, marker error: RMS = 0.00444806, max = 0.0105398 (L_Thigh_Lateral)
[2026-08-14 12:18:13.755] [info] Frame 182 (t = 1.82):	 total squared error = 0.000473922, marker error: RMS = 0.00435395, max = 0.00962188 (L_Thigh_Lateral)
[2026-08-14 12:18:13.800] [info] Frame 183 (t = 1.83):	 total squared error = 0.000461839, marker error: RMS = 0.00429809, max = 0.00884100 (L_Thigh_Lateral)
[2026-08-14 12:18:13.864] [info] Frame 184 (t = 1.84):	 total squared error = 0.000443980, marker error: RMS = 0.00421417, max = 0.00806955 (L_Thigh_Lateral)
[2026-08-14 12:18:13.904] [info] Frame 185 (t = 1.85):	 total squared error = 0.000448370, marker error: RMS = 0.00423495, max = 0.00775020 (Sternum)
[2026-08-14 12:18:13.950] [info] Frame 186 (t = 1.86):	 total squared error = 0.000464584, marker error: RMS = 0.00431084, max = 0.00820045 (Sternum)
[2026-08-14 12:18:14.011] [info] Frame 187 (t = 1.87):	 total squared error = 0.000488773, marker error: RMS = 0.00442164, max = 0.00870978 (L_Thigh_Lateral)
[2026-08-14 12:18:14.053] [info] Frame 188 (t = 1.88):	 total squared error = 0.000538349, marker error: RMS = 0.00464047, max = 0.00990291 (L_Thigh_Lateral)
[2026-08-14 12:18:14.081] [info] Frame 189 (t = 1.89):	 total squared error = 0.000600921, marker error: RMS = 0.00490274, max = 0.0112721 (L_Thigh_Lateral)
[2026-08-14 12:18:14.133] [info] Frame 190 (t = 1.9):	 total squared error = 0.000658277, marker error: RMS = 0.00513138, max = 0.0123721 (L_Thigh_Lateral)
[2026-08-14 12:18:14.174] [info] Frame 191 (t = 1.91):	 total squared error = 0.000715202, marker error: RMS = 0.00534865, max = 0.0133259 (L_Thigh_Lateral)
[2026-08-14 12:18:14.237] [info] Frame 192 (t = 1.92):	 total squared error = 0.000751387, marker error: RMS = 0.00548229, max = 0.0136758 (L_Thigh_Lateral)
[2026-08-14 12:18:14.260] [info] Frame 193 (t = 1.93):	 total squared error = 0.000773003, marker error: RMS = 0.00556059, max = 0.0138613 (L_Thigh_Lateral)
[2026-08-14 12:18:14.282] [info] Frame 194 (t = 1.94):	 total squared error = 0.000766587, marker error: RMS = 0.00553746, max = 0.0133833 (L_Thigh_Lateral)
[2026-08-14 12:18:14.313] [info] Frame 195 (t = 1.95):	 total squared error = 0.000731628, marker error: RMS = 0.00540973, max = 0.012462 (L_Thigh_Lateral)
[2026-08-14 12:18:14.352] [info] Frame 196 (t = 1.96):	 total squared error = 0.000685932, marker error: RMS = 0.00523806, max = 0.0113153 (Sternum)
[2026-08-14 12:18:14.404] [info] Frame 197 (t = 1.97):	 total squared error = 0.000631938, marker error: RMS = 0.00502768, max = 0.0112609 (Sternum)
[2026-08-14 12:18:14.445] [info] Frame 198 (t = 1.98):	 total squared error = 0.000583569, marker error: RMS = 0.00483144, max = 0.0111322 (Sternum)
[2026-08-14 12:18:14.488] [info] Frame 199 (t = 1.99):	 total squared error = 0.000539188, marker error: RMS = 0.00464408, max = 0.0108900 (Sternum)
[2026-08-14 12:18:14.524] [info] Frame 200 (t = 2.0):	 total squared error = 0.000504338, marker error: RMS = 0.00449149, max = 0.0105363 (Sternum)
[2026-08-14 12:18:14.577] [info] Frame 201 (t = 2.01):	 total squared error = 0.000462627, marker error: RMS = 0.00430175, max = 0.0101799 (Sternum)
[2026-08-14 12:18:14.601] [info] Frame 202 (t = 2.02):	 total squared error = 0.000436651, marker error: RMS = 0.00417924, max = 0.00972415 (Sternum)
[2026-08-14 12:18:14.622] [info] Frame 203 (t = 2.03):	 total squared error = 0.000417494, marker error: RMS = 0.00408653, max = 0.00927765 (Sternum)
[2026-08-14 12:18:14.651] [info] Frame 204 (t = 2.04):	 total squared error = 0.000402313, marker error: RMS = 0.00401155, max = 0.00889919 (Sternum)
[2026-08-14 12:18:14.679] [info] Frame 205 (t = 2.05):	 total squared error = 0.000388698, marker error: RMS = 0.00394308, max = 0.00854146 (Sternum)
[2026-08-14 12:18:14.720] [info] Frame 206 (t = 2.06):	 total squared error = 0.000373342, marker error: RMS = 0.00386441, max = 0.00820689 (Sternum)
[2026-08-14 12:18:14.748] [info] Frame 207 (t = 2.07):	 total squared error = 0.000377138, marker error: RMS = 0.00388401, max = 0.00791599 (Sternum)
[2026-08-14 12:18:14.776] [info] Frame 208 (t = 2.08):	 total squared error = 0.000386689, marker error: RMS = 0.00393288, max = 0.00761062 (Sternum)
[2026-08-14 12:18:14.804] [info] Frame 209 (t = 2.09):	 total squared error = 0.000394062, marker error: RMS = 0.00397020, max = 0.00748339 (R_Shank_Lateral)
[2026-08-14 12:18:14.831] [info] Frame 210 (t = 2.1):	 total squared error = 0.000393966, marker error: RMS = 0.00396972, max = 0.00762088 (R_Shank_Lateral)
[2026-08-14 12:18:14.869] [info] Frame 211 (t = 2.11):	 total squared error = 0.000385502, marker error: RMS = 0.00392684, max = 0.00741113 (R_Shank_Lateral)
[2026-08-14 12:18:14.907] [info] Frame 212 (t = 2.12):	 total squared error = 0.000371252, marker error: RMS = 0.00385358, max = 0.00677749 (R_Asis)
[2026-08-14 12:18:14.938] [info] Frame 213 (t = 2.13):	 total squared error = 0.000370675, marker error: RMS = 0.00385058, max = 0.00609926 (Sacral)
[2026-08-14 12:18:14.995] [info] Frame 214 (t = 2.14):	 total squared error = 0.000346474, marker error: RMS = 0.00372276, max = 0.00695153 (R_Asis)
[2026-08-14 12:18:15.013] [info] Frame 215 (t = 2.15):	 total squared error = 0.000348351, marker error: RMS = 0.00373283, max = 0.00655773 (L_Thigh_Lateral)
[2026-08-14 12:18:15.063] [info] Frame 216 (t = 2.16):	 total squared error = 0.000328354, marker error: RMS = 0.00362411, max = 0.00656172 (L_Thigh_Lateral)
[2026-08-14 12:18:15.096] [info] Frame 217 (t = 2.17):	 total squared error = 0.000321445, marker error: RMS = 0.00358578, max = 0.00682542 (L_Thigh_Lateral)
[2026-08-14 12:18:15.165] [info] Frame 218 (t = 2.18):	 total squared error = 0.000305245, marker error: RMS = 0.00349425, max = 0.00673469 (L_Thigh_Lateral)
[2026-08-14 12:18:15.229] [info] Frame 219 (t = 2.19):	 total squared error = 0.000293540, marker error: RMS = 0.00342660, max = 0.00676273 (L_Thigh_Lateral)
[2026-08-14 12:18:15.268] [info] Frame 220 (t = 2.2):	 total squared error = 0.000284715, marker error: RMS = 0.00337470, max = 0.00678168 (L_Thigh_Lateral)
[2026-08-14 12:18:15.321] [info] Frame 221 (t = 2.21):	 total squared error = 0.000276685, marker error: RMS = 0.00332677, max = 0.00678956 (L_Thigh_Lateral)
[2026-08-14 12:18:15.355] [info] Frame 222 (t = 2.22):	 total squared error = 0.000276959, marker error: RMS = 0.00332842, max = 0.00672868 (L_Thigh_Lateral)
[2026-08-14 12:18:15.392] [info] Frame 223 (t = 2.23):	 total squared error = 0.000268751, marker error: RMS = 0.00327872, max = 0.00663773 (L_Thigh_Lateral)
[2026-08-14 12:18:15.438] [info] Frame 224 (t = 2.24):	 total squared error = 0.000257528, marker error: RMS = 0.00320954, max = 0.00691869 (R_Thigh_Lateral)
[2026-08-14 12:18:15.458] [info] Frame 225 (t = 2.25):	 total squared error = 0.000261266, marker error: RMS = 0.00323275, max = 0.00708673 (R_Thigh_Lateral)
[2026-08-14 12:18:15.518] [info] Frame 226 (t = 2.26):	 total squared error = 0.000238680, marker error: RMS = 0.00308986, max = 0.00747299 (R_Thigh_Lateral)
[2026-08-14 12:18:15.551] [info] Frame 227 (t = 2.27):	 total squared error = 0.000233925, marker error: RMS = 0.00305892, max = 0.00760750 (R_Thigh_Lateral)
[2026-08-14 12:18:15.567] [info] Frame 228 (t = 2.28):	 total squared error = 0.000247631, marker error: RMS = 0.00314726, max = 0.00753100 (R_Thigh_Lateral)
[2026-08-14 12:18:15.609] [info] Frame 229 (t = 2.29):	 total squared error = 0.000229337, marker error: RMS = 0.00302878, max = 0.00753667 (R_Thigh_Lateral)
[2026-08-14 12:18:15.641] [info] Frame 230 (t = 2.3):	 total squared error = 0.000239327, marker error: RMS = 0.00309404, max = 0.00771071 (R_Thigh_Lateral)
[2026-08-14 12:18:15.704] [info] Frame 231 (t = 2.31):	 total squared error = 0.000230286, marker error: RMS = 0.00303504, max = 0.00758161 (R_Thigh_Lateral)
[2026-08-14 12:18:15.731] [info] Frame 232 (t = 2.32):	 total squared error = 0.000249827, marker error: RMS = 0.00316119, max = 0.00785347 (R_Thigh_Lateral)
[2026-08-14 12:18:15.758] [info] Frame 233 (t = 2.33):	 total squared error = 0.000280472, marker error: RMS = 0.00334946, max = 0.00823740 (R_Thigh_Lateral)
[2026-08-14 12:18:15.823] [info] Frame 234 (t = 2.34):	 total squared error = 0.000279232, marker error: RMS = 0.00334205, max = 0.00816216 (R_Thigh_Lateral)
[2026-08-14 12:18:15.868] [info] Frame 235 (t = 2.35):	 total squared error = 0.000310202, marker error: RMS = 0.00352251, max = 0.00864807 (R_Thigh_Lateral)
[2026-08-14 12:18:15.924] [info] Frame 236 (t = 2.36):	 total squared error = 0.000342015, marker error: RMS = 0.00369873, max = 0.00917121 (R_Thigh_Lateral)
[2026-08-14 12:18:15.950] [info] Frame 237 (t = 2.37):	 total squared error = 0.000384184, marker error: RMS = 0.00392012, max = 0.00989419 (R_Thigh_Lateral)
[2026-08-14 12:18:15.986] [info] Frame 238 (t = 2.38):	 total squared error = 0.000416600, marker error: RMS = 0.00408216, max = 0.0103544 (R_Thigh_Lateral)
[2026-08-14 12:18:16.004] [info] Frame 239 (t = 2.39):	 total squared error = 0.000464950, marker error: RMS = 0.00431254, max = 0.0109085 (R_Thigh_Lateral)
[2026-08-14 12:18:16.053] [info] Frame 240 (t = 2.4):	 total squared error = 0.000473480, marker error: RMS = 0.00435192, max = 0.0109880 (R_Thigh_Lateral)
[2026-08-14 12:18:16.083] [info] Frame 241 (t = 2.41):	 total squared error = 0.000487159, marker error: RMS = 0.00441433, max = 0.0108744 (R_Thigh_Lateral)
[2026-08-14 12:18:16.118] [info] Frame 242 (t = 2.42):	 total squared error = 0.000485679, marker error: RMS = 0.00440763, max = 0.0104537 (R_Thigh_Lateral)
[2026-08-14 12:18:16.139] [info] Frame 243 (t = 2.43):	 total squared error = 0.000478643, marker error: RMS = 0.00437558, max = 0.00978922 (R_Thigh_Lateral)
[2026-08-14 12:18:16.169] [info] Frame 244 (t = 2.44):	 total squared error = 0.000458425, marker error: RMS = 0.00428217, max = 0.00881668 (R_Thigh_Lateral)
[2026-08-14 12:18:16.187] [info] Frame 245 (t = 2.45):	 total squared error = 0.000451096, marker error: RMS = 0.00424781, max = 0.00844662 (Sternum)
[2026-08-14 12:18:16.221] [info] Frame 246 (t = 2.46):	 total squared error = 0.000436748, marker error: RMS = 0.00417970, max = 0.00898376 (Sternum)
[2026-08-14 12:18:16.241] [info] Frame 247 (t = 2.47):	 total squared error = 0.000446109, marker error: RMS = 0.00422426, max = 0.00916701 (Sternum)
[2026-08-14 12:18:16.266] [info] Frame 248 (t = 2.48):	 total squared error = 0.000467672, marker error: RMS = 0.00432514, max = 0.00945927 (Sternum)
[2026-08-14 12:18:16.301] [info] Frame 249 (t = 2.49):	 total squared error = 0.000493231, marker error: RMS = 0.00444176, max = 0.00969484 (Sternum)
[2026-08-14 12:18:16.317] [info] Frame 250 (t = 2.5):	 total squared error = 0.000524976, marker error: RMS = 0.00458247, max = 0.00946007 (Sternum)
[2026-08-14 12:18:16.339] [info] Frame 251 (t = 2.51):	 total squared error = 0.000533824, marker error: RMS = 0.00462093, max = 0.00984763 (Sternum)
[2026-08-14 12:18:16.365] [info] Frame 252 (t = 2.52):	 total squared error = 0.000530653, marker error: RMS = 0.00460718, max = 0.0100313 (Sternum)
[2026-08-14 12:18:16.376] [info] Frame 253 (t = 2.53):	 total squared error = 0.000520051, marker error: RMS = 0.00456093, max = 0.00978405 (Sternum)
[2026-08-14 12:18:16.408] [info] Frame 254 (t = 2.54):	 total squared error = 0.000487648, marker error: RMS = 0.00441655, max = 0.00994420 (Sternum)
[2026-08-14 12:18:16.453] [info] Frame 255 (t = 2.55):	 total squared error = 0.000466384, marker error: RMS = 0.00431918, max = 0.00990851 (Sternum)
[2026-08-14 12:18:16.473] [info] Frame 256 (t = 2.56):	 total squared error = 0.000463076, marker error: RMS = 0.00430384, max = 0.00958408 (Sternum)
[2026-08-14 12:18:16.517] [info] Frame 257 (t = 2.57):	 total squared error = 0.000458210, marker error: RMS = 0.00428117, max = 0.00963853 (Sternum)
[2026-08-14 12:18:16.583] [info] Frame 258 (t = 2.58):	 total squared error = 0.000445945, marker error: RMS = 0.00422348, max = 0.00945271 (Sternum)
[2026-08-14 12:18:16.623] [info] Frame 259 (t = 2.59):	 total squared error = 0.000453201, marker error: RMS = 0.00425770, max = 0.00913382 (Sternum)
[2026-08-14 12:18:16.706] [info] Frame 260 (t = 2.6):	 total squared error = 0.000449586, marker error: RMS = 0.00424069, max = 0.00882376 (Sternum)
[2026-08-14 12:18:16.745] [info] Frame 261 (t = 2.61):	 total squared error = 0.000455737, marker error: RMS = 0.00426960, max = 0.00856054 (Sternum)
[2026-08-14 12:18:16.783] [info] Frame 262 (t = 2.62):	 total squared error = 0.000459751, marker error: RMS = 0.00428836, max = 0.00828838 (Sternum)
[2026-08-14 12:18:16.819] [info] Frame 263 (t = 2.63):	 total squared error = 0.000461864, marker error: RMS = 0.00429821, max = 0.00800700 (Sternum)
[2026-08-14 12:18:16.915] [info] Frame 264 (t = 2.64):	 total squared error = 0.000447103, marker error: RMS = 0.00422896, max = 0.00760738 (Sternum)
[2026-08-14 12:18:16.959] [info] Frame 265 (t = 2.65):	 total squared error = 0.000449359, marker error: RMS = 0.00423962, max = 0.00739939 (Sternum)
[2026-08-14 12:18:17.009] [info] Frame 266 (t = 2.66):	 total squared error = 0.000454104, marker error: RMS = 0.00426194, max = 0.00714062 (Sternum)
[2026-08-14 12:18:17.054] [info] Frame 267 (t = 2.67):	 total squared error = 0.000460801, marker error: RMS = 0.00429326, max = 0.00687709 (Sternum)
[2026-08-14 12:18:17.101] [info] Frame 268 (t = 2.68):	 total squared error = 0.000464234, marker error: RMS = 0.00430922, max = 0.00667912 (Sternum)
[2026-08-14 12:18:17.146] [info] Frame 269 (t = 2.69):	 total squared error = 0.000463399, marker error: RMS = 0.00430534, max = 0.00642983 (Sternum)
[2026-08-14 12:18:17.187] [info] Frame 270 (t = 2.7):	 total squared error = 0.000454155, marker error: RMS = 0.00426218, max = 0.00707371 (L_Thigh_Lateral)
[2026-08-14 12:18:17.213] [info] Frame 271 (t = 2.71):	 total squared error = 0.000452549, marker error: RMS = 0.00425464, max = 0.00827644 (L_Thigh_Lateral)
[2026-08-14 12:18:17.261] [info] Frame 272 (t = 2.72):	 total squared error = 0.000415344, marker error: RMS = 0.00407600, max = 0.00828360 (L_Thigh_Lateral)
[2026-08-14 12:18:17.292] [info] Frame 273 (t = 2.73):	 total squared error = 0.000391514, marker error: RMS = 0.00395734, max = 0.00854876 (L_Thigh_Lateral)
[2026-08-14 12:18:17.319] [info] Frame 274 (t = 2.74):	 total squared error = 0.000363821, marker error: RMS = 0.00381482, max = 0.00845014 (L_Thigh_Lateral)
[2026-08-14 12:18:17.368] [info] Frame 275 (t = 2.75):	 total squared error = 0.000336075, marker error: RMS = 0.00366647, max = 0.00809968 (L_Thigh_Lateral)
[2026-08-14 12:18:17.389] [info] Frame 276 (t = 2.76):	 total squared error = 0.000310875, marker error: RMS = 0.00352633, max = 0.00781106 (L_Thigh_Lateral)
[2026-08-14 12:18:17.420] [info] Frame 277 (t = 2.77):	 total squared error = 0.000284853, marker error: RMS = 0.00337552, max = 0.00746137 (L_Thigh_Lateral)
[2026-08-14 12:18:17.440] [info] Frame 278 (t = 2.78):	 total squared error = 0.000267402, marker error: RMS = 0.00327049, max = 0.00716362 (L_Thigh_Lateral)
[2026-08-14 12:18:17.478] [info] Frame 279 (t = 2.79):	 total squared error = 0.000250764, marker error: RMS = 0.00316711, max = 0.00703583 (L_Thigh_Lateral)
[2026-08-14 12:18:17.506] [info] Frame 280 (t = 2.8):	 total squared error = 0.000242465, marker error: RMS = 0.00311426, max = 0.00699435 (L_Thigh_Lateral)
[2026-08-14 12:18:17.531] [info] Frame 281 (t = 2.81):	 total squared error = 0.000241869, marker error: RMS = 0.00311042, max = 0.00711354 (L_Thigh_Lateral)
[2026-08-14 12:18:17.555] [info] Frame 282 (t = 2.82):	 total squared error = 0.000249648, marker error: RMS = 0.00316005, max = 0.00739349 (L_Thigh_Lateral)
[2026-08-14 12:18:17.591] [info] Frame 283 (t = 2.83):	 total squared error = 0.000271175, marker error: RMS = 0.00329348, max = 0.00764993 (L_Thigh_Lateral)
[2026-08-14 12:18:17.680] [info] Frame 284 (t = 2.84):	 total squared error = 0.000290742, marker error: RMS = 0.00341023, max = 0.00845080 (L_Thigh_Lateral)
[2026-08-14 12:18:17.716] [info] Frame 285 (t = 2.85):	 total squared error = 0.000336931, marker error: RMS = 0.00367113, max = 0.00900074 (L_Thigh_Lateral)
[2026-08-14 12:18:17.772] [info] Frame 286 (t = 2.86):	 total squared error = 0.000381860, marker error: RMS = 0.00390825, max = 0.00979744 (L_Thigh_Lateral)
[2026-08-14 12:18:17.837] [info] Frame 287 (t = 2.87):	 total squared error = 0.000438702, marker error: RMS = 0.00418904, max = 0.0104658 (L_Thigh_Lateral)
[2026-08-14 12:18:17.910] [info] Frame 288 (t = 2.88):	 total squared error = 0.000500366, marker error: RMS = 0.00447377, max = 0.011217 (L_Thigh_Lateral)
[2026-08-14 12:18:17.981] [info] Frame 289 (t = 2.89):	 total squared error = 0.000564876, marker error: RMS = 0.00475342, max = 0.0120185 (L_Shank_Lateral)
[2026-08-14 12:18:18.059] [info] Frame 290 (t = 2.9):	 total squared error = 0.000629951, marker error: RMS = 0.00501976, max = 0.0126563 (L_Shank_Lateral)
[2026-08-14 12:18:18.084] [info] Frame 291 (t = 2.91):	 total squared error = 0.000708001, marker error: RMS = 0.00532166, max = 0.0134983 (L_Thigh_Lateral)
[2026-08-14 12:18:18.093] [info] InverseKinematicsTool completed 292 frames in 11 second(s).
[2026-08-14 12:18:18.173] [info] Loaded model SUBJ59-scaled from file C:\Users\migue\Downloads\TFG\2_JMP\SUBJ59\Walk_1\SUBJ59_1_JMP_results\SUBJ59_1_NMSM_JMP_05_torso.osim
[2026-08-14 12:18:19.040] [warning] Coordinate.setValue:  coordinate pro_sup_r is locked. Unable to change its value.
[2026-08-14 12:18:19.112] [warning] Coordinate.setValue:  coordinate pro_sup_l is locked. Unable to change its value.
[2026-08-14 12:19:17.969] [info] Loaded model SUBJ59-scaled from file C:\Users\migue\Downloads\TFG\2_JMP\SUBJ59\Walk_1\SUBJ59_1_JMP_results\SUBJ59_1_NMSM_JMP_06_shoulder_elbow.osim
[2026-08-14 12:19:17.992] [cout] [info] 
               MODEL: SUBJ59-scaled
         coordinates: 41
              forces: 103
           actuators: 103
             muscles: 86
            analyses: 0
              probes: 0
              bodies: 24
              joints: 24
         constraints: 2
             markers: 25
         controllers: 0
  contact geometries: 0
misc modelcomponents: 0
[2026-08-14 12:19:17.992] [info] Running tool .
[2026-08-14 12:19:18.124] [info] Frame 0 (t = 0.0):	 total squared error = 0.000421820, marker error: RMS = 0.00410765, max = 0.0107986 (R_Thigh_Lateral)
[2026-08-14 12:19:18.140] [info] Frame 1 (t = 0.01):	 total squared error = 0.000435597, marker error: RMS = 0.00417419, max = 0.0110836 (R_Thigh_Lateral)
[2026-08-14 12:19:18.176] [info] Frame 2 (t = 0.02):	 total squared error = 0.000443745, marker error: RMS = 0.00421305, max = 0.0113805 (R_Thigh_Lateral)
[2026-08-14 12:19:18.196] [info] Frame 3 (t = 0.03):	 total squared error = 0.000463068, marker error: RMS = 0.00430381, max = 0.0117313 (R_Thigh_Lateral)
[2026-08-14 12:19:18.220] [info] Frame 4 (t = 0.04):	 total squared error = 0.000470118, marker error: RMS = 0.00433644, max = 0.0119257 (R_Thigh_Lateral)
[2026-08-14 12:19:18.261] [info] Frame 5 (t = 0.05):	 total squared error = 0.000463118, marker error: RMS = 0.00430404, max = 0.0119881 (R_Thigh_Lateral)
[2026-08-14 12:19:18.297] [info] Frame 6 (t = 0.06):	 total squared error = 0.000454230, marker error: RMS = 0.00426254, max = 0.0118006 (R_Thigh_Lateral)
[2026-08-14 12:19:18.322] [info] Frame 7 (t = 0.07):	 total squared error = 0.000441443, marker error: RMS = 0.00420211, max = 0.0113521 (R_Thigh_Lateral)
[2026-08-14 12:19:18.351] [info] Frame 8 (t = 0.08):	 total squared error = 0.000415233, marker error: RMS = 0.00407546, max = 0.0106245 (R_Thigh_Lateral)
[2026-08-14 12:19:18.376] [info] Frame 9 (t = 0.09):	 total squared error = 0.000390823, marker error: RMS = 0.00395385, max = 0.00980221 (R_Thigh_Lateral)
[2026-08-14 12:19:18.414] [info] Frame 10 (t = 0.1):	 total squared error = 0.000361683, marker error: RMS = 0.00380359, max = 0.00879011 (R_Thigh_Lateral)
[2026-08-14 12:19:18.449] [info] Frame 11 (t = 0.11):	 total squared error = 0.000347652, marker error: RMS = 0.00372908, max = 0.00817110 (R_Thigh_Lateral)
[2026-08-14 12:19:18.486] [info] Frame 12 (t = 0.12):	 total squared error = 0.000347499, marker error: RMS = 0.00372827, max = 0.00802438 (R_Thigh_Lateral)
[2026-08-14 12:19:18.518] [info] Frame 13 (t = 0.13):	 total squared error = 0.000359567, marker error: RMS = 0.00379245, max = 0.00835219 (R_Thigh_Lateral)
[2026-08-14 12:19:18.539] [info] Frame 14 (t = 0.14):	 total squared error = 0.000383527, marker error: RMS = 0.00391677, max = 0.00896750 (R_Thigh_Lateral)
[2026-08-14 12:19:18.561] [info] Frame 15 (t = 0.15):	 total squared error = 0.000411572, marker error: RMS = 0.00405745, max = 0.00958106 (R_Thigh_Lateral)
[2026-08-14 12:19:18.583] [info] Frame 16 (t = 0.16):	 total squared error = 0.000435500, marker error: RMS = 0.00417373, max = 0.0100103 (R_Thigh_Lateral)
[2026-08-14 12:19:18.605] [info] Frame 17 (t = 0.17):	 total squared error = 0.000450516, marker error: RMS = 0.00424507, max = 0.0101126 (R_Thigh_Lateral)
[2026-08-14 12:19:18.618] [info] Frame 18 (t = 0.18):	 total squared error = 0.000459894, marker error: RMS = 0.00428903, max = 0.00983320 (R_Thigh_Lateral)
[2026-08-14 12:19:18.651] [info] Frame 19 (t = 0.19):	 total squared error = 0.000439707, marker error: RMS = 0.00419384, max = 0.00911749 (R_Thigh_Lateral)
[2026-08-14 12:19:18.673] [info] Frame 20 (t = 0.2):	 total squared error = 0.000422770, marker error: RMS = 0.00411228, max = 0.00809079 (R_Thigh_Lateral)
[2026-08-14 12:19:18.696] [info] Frame 21 (t = 0.21):	 total squared error = 0.000403393, marker error: RMS = 0.00401693, max = 0.00719578 (Sternum)
[2026-08-14 12:19:18.717] [info] Frame 22 (t = 0.22):	 total squared error = 0.000387529, marker error: RMS = 0.00393715, max = 0.00710838 (Sternum)
[2026-08-14 12:19:18.730] [info] Frame 23 (t = 0.23):	 total squared error = 0.000389306, marker error: RMS = 0.00394617, max = 0.00703064 (Sternum)
[2026-08-14 12:19:18.768] [info] Frame 24 (t = 0.24):	 total squared error = 0.000367995, marker error: RMS = 0.00383664, max = 0.00705190 (Sternum)
[2026-08-14 12:19:18.806] [info] Frame 25 (t = 0.25):	 total squared error = 0.000370056, marker error: RMS = 0.00384737, max = 0.00682332 (Sternum)
[2026-08-14 12:19:18.820] [info] Frame 26 (t = 0.26):	 total squared error = 0.000386791, marker error: RMS = 0.00393340, max = 0.00656585 (Sternum)
[2026-08-14 12:19:18.853] [info] Frame 27 (t = 0.27):	 total squared error = 0.000383553, marker error: RMS = 0.00391690, max = 0.00642058 (Sternum)
[2026-08-14 12:19:18.882] [info] Frame 28 (t = 0.28):	 total squared error = 0.000389731, marker error: RMS = 0.00394832, max = 0.00653748 (Sacral)
[2026-08-14 12:19:18.919] [info] Frame 29 (t = 0.29):	 total squared error = 0.000379192, marker error: RMS = 0.00389457, max = 0.00683828 (L_Asis)
[2026-08-14 12:19:18.947] [info] Frame 30 (t = 0.3):	 total squared error = 0.000359975, marker error: RMS = 0.00379460, max = 0.00657633 (L_Asis)
[2026-08-14 12:19:18.977] [info] Frame 31 (t = 0.31):	 total squared error = 0.000332109, marker error: RMS = 0.00364477, max = 0.00640985 (L_Asis)
[2026-08-14 12:19:19.009] [info] Frame 32 (t = 0.32):	 total squared error = 0.000301619, marker error: RMS = 0.00347344, max = 0.00629782 (L_Asis)
[2026-08-14 12:19:19.040] [info] Frame 33 (t = 0.33):	 total squared error = 0.000275120, marker error: RMS = 0.00331735, max = 0.00603143 (L_Asis)
[2026-08-14 12:19:19.079] [info] Frame 34 (t = 0.34):	 total squared error = 0.000253619, marker error: RMS = 0.00318508, max = 0.00635146 (L_Asis)
[2026-08-14 12:19:19.100] [info] Frame 35 (t = 0.35):	 total squared error = 0.000240547, marker error: RMS = 0.00310191, max = 0.00565765 (L_Asis)
[2026-08-14 12:19:19.134] [info] Frame 36 (t = 0.36):	 total squared error = 0.000231528, marker error: RMS = 0.00304321, max = 0.00609258 (L_Asis)
[2026-08-14 12:19:19.169] [info] Frame 37 (t = 0.37):	 total squared error = 0.000229656, marker error: RMS = 0.00303088, max = 0.00591059 (L_Asis)
[2026-08-14 12:19:19.205] [info] Frame 38 (t = 0.38):	 total squared error = 0.000233451, marker error: RMS = 0.00305582, max = 0.00658613 (L_Thigh_Lateral)
[2026-08-14 12:19:19.238] [info] Frame 39 (t = 0.39):	 total squared error = 0.000239251, marker error: RMS = 0.00309355, max = 0.00755601 (L_Thigh_Lateral)
[2026-08-14 12:19:19.271] [info] Frame 40 (t = 0.4):	 total squared error = 0.000246046, marker error: RMS = 0.00313717, max = 0.00831474 (L_Thigh_Lateral)
[2026-08-14 12:19:19.293] [info] Frame 41 (t = 0.41):	 total squared error = 0.000254141, marker error: RMS = 0.00318836, max = 0.00909919 (L_Thigh_Lateral)
[2026-08-14 12:19:19.324] [info] Frame 42 (t = 0.42):	 total squared error = 0.000262190, marker error: RMS = 0.00323846, max = 0.00974457 (L_Thigh_Lateral)
[2026-08-14 12:19:19.352] [info] Frame 43 (t = 0.43):	 total squared error = 0.000279147, marker error: RMS = 0.00334154, max = 0.0102922 (L_Thigh_Lateral)
[2026-08-14 12:19:19.392] [info] Frame 44 (t = 0.44):	 total squared error = 0.000305421, marker error: RMS = 0.00349526, max = 0.0109349 (L_Thigh_Lateral)
[2026-08-14 12:19:19.415] [info] Frame 45 (t = 0.45):	 total squared error = 0.000338754, marker error: RMS = 0.00368106, max = 0.0111308 (L_Thigh_Lateral)
[2026-08-14 12:19:19.451] [info] Frame 46 (t = 0.46):	 total squared error = 0.000368434, marker error: RMS = 0.00383892, max = 0.0120110 (L_Thigh_Lateral)
[2026-08-14 12:19:19.465] [info] Frame 47 (t = 0.47):	 total squared error = 0.000408053, marker error: RMS = 0.00404006, max = 0.0118112 (L_Thigh_Lateral)
[2026-08-14 12:19:19.483] [info] Frame 48 (t = 0.48):	 total squared error = 0.000429283, marker error: RMS = 0.00414383, max = 0.0122002 (L_Shank_Lateral)
[2026-08-14 12:19:19.514] [info] Frame 49 (t = 0.49):	 total squared error = 0.000427973, marker error: RMS = 0.00413750, max = 0.0124754 (L_Thigh_Lateral)
[2026-08-14 12:19:19.526] [info] Frame 50 (t = 0.5):	 total squared error = 0.000440812, marker error: RMS = 0.00419911, max = 0.0126372 (L_Shank_Lateral)
[2026-08-14 12:19:19.566] [info] Frame 51 (t = 0.51):	 total squared error = 0.000420383, marker error: RMS = 0.00410065, max = 0.0122269 (L_Thigh_Lateral)
[2026-08-14 12:19:19.579] [info] Frame 52 (t = 0.52):	 total squared error = 0.000423667, marker error: RMS = 0.00411664, max = 0.0118038 (L_Thigh_Lateral)
[2026-08-14 12:19:19.597] [info] Frame 53 (t = 0.53):	 total squared error = 0.000412538, marker error: RMS = 0.00406220, max = 0.0116989 (L_Thigh_Lateral)
[2026-08-14 12:19:19.642] [info] Frame 54 (t = 0.54):	 total squared error = 0.000395599, marker error: RMS = 0.00397793, max = 0.0113796 (L_Thigh_Lateral)
[2026-08-14 12:19:19.660] [info] Frame 55 (t = 0.55):	 total squared error = 0.000408207, marker error: RMS = 0.00404083, max = 0.0116277 (L_Thigh_Lateral)
[2026-08-14 12:19:19.707] [info] Frame 56 (t = 0.56):	 total squared error = 0.000411139, marker error: RMS = 0.00405531, max = 0.0113256 (L_Thigh_Lateral)
[2026-08-14 12:19:19.725] [info] Frame 57 (t = 0.57):	 total squared error = 0.000439089, marker error: RMS = 0.00419089, max = 0.0119149 (L_Thigh_Lateral)
[2026-08-14 12:19:19.764] [info] Frame 58 (t = 0.58):	 total squared error = 0.000458488, marker error: RMS = 0.00428246, max = 0.0119049 (L_Thigh_Lateral)
[2026-08-14 12:19:19.784] [info] Frame 59 (t = 0.59):	 total squared error = 0.000499213, marker error: RMS = 0.00446862, max = 0.0126149 (L_Thigh_Lateral)
[2026-08-14 12:19:19.822] [info] Frame 60 (t = 0.6):	 total squared error = 0.000527126, marker error: RMS = 0.00459184, max = 0.0127479 (L_Thigh_Lateral)
[2026-08-14 12:19:19.840] [info] Frame 61 (t = 0.61):	 total squared error = 0.000570033, marker error: RMS = 0.00477507, max = 0.013311 (L_Thigh_Lateral)
[2026-08-14 12:19:19.876] [info] Frame 62 (t = 0.62):	 total squared error = 0.000586347, marker error: RMS = 0.00484292, max = 0.0131553 (L_Thigh_Lateral)
[2026-08-14 12:19:19.904] [info] Frame 63 (t = 0.63):	 total squared error = 0.000602599, marker error: RMS = 0.00490958, max = 0.0129665 (L_Thigh_Lateral)
[2026-08-14 12:19:19.941] [info] Frame 64 (t = 0.64):	 total squared error = 0.000596832, marker error: RMS = 0.00488603, max = 0.0124873 (L_Thigh_Lateral)
[2026-08-14 12:19:19.969] [info] Frame 65 (t = 0.65):	 total squared error = 0.000580466, marker error: RMS = 0.00481857, max = 0.0116065 (L_Thigh_Lateral)
[2026-08-14 12:19:19.995] [info] Frame 66 (t = 0.66):	 total squared error = 0.000555345, marker error: RMS = 0.00471315, max = 0.0103005 (L_Thigh_Lateral)
[2026-08-14 12:19:20.017] [info] Frame 67 (t = 0.67):	 total squared error = 0.000526832, marker error: RMS = 0.00459056, max = 0.00889218 (L_Shank_Lateral)
[2026-08-14 12:19:20.041] [info] Frame 68 (t = 0.68):	 total squared error = 0.000500151, marker error: RMS = 0.00447281, max = 0.00925415 (Sternum)
[2026-08-14 12:19:20.077] [info] Frame 69 (t = 0.69):	 total squared error = 0.000476236, marker error: RMS = 0.00436457, max = 0.00931430 (Sternum)
[2026-08-14 12:19:20.102] [info] Frame 70 (t = 0.7):	 total squared error = 0.000483114, marker error: RMS = 0.00439597, max = 0.00982411 (Sternum)
[2026-08-14 12:19:20.125] [info] Frame 71 (t = 0.71):	 total squared error = 0.000511071, marker error: RMS = 0.00452138, max = 0.0101665 (Sternum)
[2026-08-14 12:19:20.172] [info] Frame 72 (t = 0.72):	 total squared error = 0.000546369, marker error: RMS = 0.00467491, max = 0.0102997 (Sternum)
[2026-08-14 12:19:20.195] [info] Frame 73 (t = 0.73):	 total squared error = 0.000607985, marker error: RMS = 0.00493147, max = 0.0107143 (Sternum)
[2026-08-14 12:19:20.228] [info] Frame 74 (t = 0.74):	 total squared error = 0.000669278, marker error: RMS = 0.00517408, max = 0.0109637 (Sternum)
[2026-08-14 12:19:20.248] [info] Frame 75 (t = 0.75):	 total squared error = 0.000728654, marker error: RMS = 0.00539872, max = 0.0116254 (L_Thigh_Lateral)
[2026-08-14 12:19:20.284] [info] Frame 76 (t = 0.76):	 total squared error = 0.000764632, marker error: RMS = 0.00553039, max = 0.0120041 (L_Thigh_Lateral)
[2026-08-14 12:19:20.294] [info] Frame 77 (t = 0.77):	 total squared error = 0.000777905, marker error: RMS = 0.00557819, max = 0.0119969 (L_Thigh_Lateral)
[2026-08-14 12:19:20.306] [info] Frame 78 (t = 0.78):	 total squared error = 0.000761452, marker error: RMS = 0.00551888, max = 0.0121401 (Sternum)
[2026-08-14 12:19:20.336] [info] Frame 79 (t = 0.79):	 total squared error = 0.000708890, marker error: RMS = 0.00532500, max = 0.0122021 (Sternum)
[2026-08-14 12:19:20.351] [info] Frame 80 (t = 0.8):	 total squared error = 0.000663616, marker error: RMS = 0.00515215, max = 0.0123773 (Sternum)
[2026-08-14 12:19:20.373] [info] Frame 81 (t = 0.81):	 total squared error = 0.000619460, marker error: RMS = 0.00497779, max = 0.0124052 (Sternum)
[2026-08-14 12:19:20.406] [info] Frame 82 (t = 0.82):	 total squared error = 0.000582185, marker error: RMS = 0.00482570, max = 0.0123644 (Sternum)
[2026-08-14 12:19:20.430] [info] Frame 83 (t = 0.83):	 total squared error = 0.000573649, marker error: RMS = 0.00479019, max = 0.0122891 (Sternum)
[2026-08-14 12:19:20.481] [info] Frame 84 (t = 0.84):	 total squared error = 0.000562723, marker error: RMS = 0.00474436, max = 0.0121042 (Sternum)
[2026-08-14 12:19:20.504] [info] Frame 85 (t = 0.85):	 total squared error = 0.000571089, marker error: RMS = 0.00477949, max = 0.0118671 (Sternum)
[2026-08-14 12:19:20.537] [info] Frame 86 (t = 0.86):	 total squared error = 0.000579451, marker error: RMS = 0.00481436, max = 0.0117247 (Sternum)
[2026-08-14 12:19:20.579] [info] Frame 87 (t = 0.87):	 total squared error = 0.000593940, marker error: RMS = 0.00487418, max = 0.0113154 (Sternum)
[2026-08-14 12:19:20.602] [info] Frame 88 (t = 0.88):	 total squared error = 0.000607873, marker error: RMS = 0.00493102, max = 0.0110451 (Sternum)
[2026-08-14 12:19:20.629] [info] Frame 89 (t = 0.89):	 total squared error = 0.000614753, marker error: RMS = 0.00495884, max = 0.0106937 (Sternum)
[2026-08-14 12:19:20.654] [info] Frame 90 (t = 0.9):	 total squared error = 0.000613817, marker error: RMS = 0.00495507, max = 0.0103895 (Sternum)
[2026-08-14 12:19:20.680] [info] Frame 91 (t = 0.91):	 total squared error = 0.000607641, marker error: RMS = 0.00493008, max = 0.0101209 (Sternum)
[2026-08-14 12:19:20.708] [info] Frame 92 (t = 0.92):	 total squared error = 0.000598391, marker error: RMS = 0.00489241, max = 0.00979875 (Sternum)
[2026-08-14 12:19:20.738] [info] Frame 93 (t = 0.93):	 total squared error = 0.000588440, marker error: RMS = 0.00485156, max = 0.00945872 (Sternum)
[2026-08-14 12:19:20.768] [info] Frame 94 (t = 0.94):	 total squared error = 0.000577058, marker error: RMS = 0.00480441, max = 0.00919507 (Sternum)
[2026-08-14 12:19:20.793] [info] Frame 95 (t = 0.95):	 total squared error = 0.000563767, marker error: RMS = 0.00474876, max = 0.00872199 (Sternum)
[2026-08-14 12:19:20.827] [info] Frame 96 (t = 0.96):	 total squared error = 0.000544937, marker error: RMS = 0.00466878, max = 0.00839248 (Sternum)
[2026-08-14 12:19:20.854] [info] Frame 97 (t = 0.97):	 total squared error = 0.000524081, marker error: RMS = 0.00457856, max = 0.00792254 (Sternum)
[2026-08-14 12:19:20.889] [info] Frame 98 (t = 0.98):	 total squared error = 0.000503445, marker error: RMS = 0.00448751, max = 0.00817452 (R_Asis)
[2026-08-14 12:19:20.923] [info] Frame 99 (t = 0.99):	 total squared error = 0.000483788, marker error: RMS = 0.00439904, max = 0.00819445 (R_Asis)
[2026-08-14 12:19:20.946] [info] Frame 100 (t = 1.0):	 total squared error = 0.000465109, marker error: RMS = 0.00431328, max = 0.00778429 (Sacral)
[2026-08-14 12:19:20.967] [info] Frame 101 (t = 1.01):	 total squared error = 0.000451504, marker error: RMS = 0.00424972, max = 0.00800871 (Sacral)
[2026-08-14 12:19:21.006] [info] Frame 102 (t = 1.02):	 total squared error = 0.000425930, marker error: RMS = 0.00412762, max = 0.00756404 (Sacral)
[2026-08-14 12:19:21.035] [info] Frame 103 (t = 1.03):	 total squared error = 0.000404604, marker error: RMS = 0.00402296, max = 0.00747500 (Sacral)
[2026-08-14 12:19:21.064] [info] Frame 104 (t = 1.04):	 total squared error = 0.000382131, marker error: RMS = 0.00390963, max = 0.00727802 (Sacral)
[2026-08-14 12:19:21.083] [info] Frame 105 (t = 1.05):	 total squared error = 0.000362353, marker error: RMS = 0.00380711, max = 0.00690082 (Sacral)
[2026-08-14 12:19:21.118] [info] Frame 106 (t = 1.06):	 total squared error = 0.000331832, marker error: RMS = 0.00364325, max = 0.00685570 (Sacral)
[2026-08-14 12:19:21.135] [info] Frame 107 (t = 1.07):	 total squared error = 0.000308380, marker error: RMS = 0.00351215, max = 0.00632937 (L_Thigh_Lateral)
[2026-08-14 12:19:21.157] [info] Frame 108 (t = 1.08):	 total squared error = 0.000283062, marker error: RMS = 0.00336489, max = 0.00614046 (L_Thigh_Lateral)
[2026-08-14 12:19:21.190] [info] Frame 109 (t = 1.09):	 total squared error = 0.000259104, marker error: RMS = 0.00321934, max = 0.00601904 (L_Thigh_Lateral)
[2026-08-14 12:19:21.202] [info] Frame 110 (t = 1.1):	 total squared error = 0.000253731, marker error: RMS = 0.00318578, max = 0.00574363 (L_Thigh_Lateral)
[2026-08-14 12:19:21.220] [info] Frame 111 (t = 1.11):	 total squared error = 0.000237037, marker error: RMS = 0.00307920, max = 0.00576863 (L_Thigh_Lateral)
[2026-08-14 12:19:21.248] [info] Frame 112 (t = 1.12):	 total squared error = 0.000226028, marker error: RMS = 0.00300685, max = 0.00577096 (L_Thigh_Lateral)
[2026-08-14 12:19:21.294] [info] Frame 113 (t = 1.13):	 total squared error = 0.000220883, marker error: RMS = 0.00297243, max = 0.00591584 (R_Thigh_Lateral)
[2026-08-14 12:19:21.317] [info] Frame 114 (t = 1.14):	 total squared error = 0.000226459, marker error: RMS = 0.00300971, max = 0.00627739 (R_Thigh_Lateral)
[2026-08-14 12:19:21.352] [info] Frame 115 (t = 1.15):	 total squared error = 0.000226761, marker error: RMS = 0.00301172, max = 0.00645386 (R_Thigh_Lateral)
[2026-08-14 12:19:21.369] [info] Frame 116 (t = 1.16):	 total squared error = 0.000242177, marker error: RMS = 0.00311241, max = 0.00700281 (R_Thigh_Lateral)
[2026-08-14 12:19:21.396] [info] Frame 117 (t = 1.17):	 total squared error = 0.000250638, marker error: RMS = 0.00316631, max = 0.00718829 (R_Thigh_Lateral)
[2026-08-14 12:19:21.412] [info] Frame 118 (t = 1.18):	 total squared error = 0.000278891, marker error: RMS = 0.00334001, max = 0.00805361 (R_Thigh_Lateral)
[2026-08-14 12:19:21.446] [info] Frame 119 (t = 1.19):	 total squared error = 0.000280761, marker error: RMS = 0.00335118, max = 0.00831051 (R_Thigh_Lateral)
[2026-08-14 12:19:21.464] [info] Frame 120 (t = 1.2):	 total squared error = 0.000314065, marker error: RMS = 0.00354438, max = 0.00921239 (R_Thigh_Lateral)
[2026-08-14 12:19:21.507] [info] Frame 121 (t = 1.21):	 total squared error = 0.000333660, marker error: RMS = 0.00365327, max = 0.00965518 (R_Thigh_Lateral)
[2026-08-14 12:19:21.530] [info] Frame 122 (t = 1.22):	 total squared error = 0.000368315, marker error: RMS = 0.00383831, max = 0.0103740 (R_Thigh_Lateral)
[2026-08-14 12:19:21.571] [info] Frame 123 (t = 1.23):	 total squared error = 0.000388557, marker error: RMS = 0.00394237, max = 0.0106593 (R_Thigh_Lateral)
[2026-08-14 12:19:21.587] [info] Frame 124 (t = 1.24):	 total squared error = 0.000420919, marker error: RMS = 0.00410326, max = 0.0107961 (R_Thigh_Lateral)
[2026-08-14 12:19:21.625] [info] Frame 125 (t = 1.25):	 total squared error = 0.000407846, marker error: RMS = 0.00403904, max = 0.0105074 (R_Thigh_Lateral)
[2026-08-14 12:19:21.646] [info] Frame 126 (t = 1.26):	 total squared error = 0.000403536, marker error: RMS = 0.00401764, max = 0.00986388 (R_Thigh_Lateral)
[2026-08-14 12:19:21.684] [info] Frame 127 (t = 1.27):	 total squared error = 0.000377518, marker error: RMS = 0.00388597, max = 0.00879017 (R_Thigh_Lateral)
[2026-08-14 12:19:21.705] [info] Frame 128 (t = 1.28):	 total squared error = 0.000361238, marker error: RMS = 0.00380125, max = 0.00767168 (R_Thigh_Lateral)
[2026-08-14 12:19:21.741] [info] Frame 129 (t = 1.29):	 total squared error = 0.000346048, marker error: RMS = 0.00372047, max = 0.00740896 (Sternum)
[2026-08-14 12:19:21.759] [info] Frame 130 (t = 1.3):	 total squared error = 0.000357689, marker error: RMS = 0.00378253, max = 0.00778207 (Sternum)
[2026-08-14 12:19:21.781] [info] Frame 131 (t = 1.31):	 total squared error = 0.000386055, marker error: RMS = 0.00392966, max = 0.00828819 (Sternum)
[2026-08-14 12:19:21.809] [info] Frame 132 (t = 1.32):	 total squared error = 0.000426646, marker error: RMS = 0.00413108, max = 0.00868237 (Sternum)
[2026-08-14 12:19:21.822] [info] Frame 133 (t = 1.33):	 total squared error = 0.000482991, marker error: RMS = 0.00439541, max = 0.00969547 (R_Thigh_Lateral)
[2026-08-14 12:19:21.838] [info] Frame 134 (t = 1.34):	 total squared error = 0.000518930, marker error: RMS = 0.00455601, max = 0.0102257 (R_Thigh_Lateral)
[2026-08-14 12:19:21.861] [info] Frame 135 (t = 1.35):	 total squared error = 0.000537797, marker error: RMS = 0.00463809, max = 0.0102534 (R_Thigh_Lateral)
[2026-08-14 12:19:21.873] [info] Frame 136 (t = 1.36):	 total squared error = 0.000539973, marker error: RMS = 0.00464747, max = 0.00984356 (Sternum)
[2026-08-14 12:19:21.899] [info] Frame 137 (t = 1.37):	 total squared error = 0.000517141, marker error: RMS = 0.00454815, max = 0.0100445 (Sternum)
[2026-08-14 12:19:21.913] [info] Frame 138 (t = 1.38):	 total squared error = 0.000497317, marker error: RMS = 0.00446012, max = 0.0100457 (Sternum)
[2026-08-14 12:19:21.938] [info] Frame 139 (t = 1.39):	 total squared error = 0.000473116, marker error: RMS = 0.00435025, max = 0.0101217 (Sternum)
[2026-08-14 12:19:21.966] [info] Frame 140 (t = 1.4):	 total squared error = 0.000458939, marker error: RMS = 0.00428457, max = 0.0100521 (Sternum)
[2026-08-14 12:19:22.007] [info] Frame 141 (t = 1.41):	 total squared error = 0.000450594, marker error: RMS = 0.00424544, max = 0.00981923 (Sternum)
[2026-08-14 12:19:22.033] [info] Frame 142 (t = 1.42):	 total squared error = 0.000457455, marker error: RMS = 0.00427764, max = 0.00974049 (Sternum)
[2026-08-14 12:19:22.077] [info] Frame 143 (t = 1.43):	 total squared error = 0.000456061, marker error: RMS = 0.00427111, max = 0.00959247 (Sternum)
[2026-08-14 12:19:22.102] [info] Frame 144 (t = 1.44):	 total squared error = 0.000469552, marker error: RMS = 0.00433383, max = 0.00940771 (Sternum)
[2026-08-14 12:19:22.132] [info] Frame 145 (t = 1.45):	 total squared error = 0.000480812, marker error: RMS = 0.00438549, max = 0.00928195 (Sternum)
[2026-08-14 12:19:22.149] [info] Frame 146 (t = 1.46):	 total squared error = 0.000498461, marker error: RMS = 0.00446525, max = 0.00885916 (Sternum)
[2026-08-14 12:19:22.184] [info] Frame 147 (t = 1.47):	 total squared error = 0.000493055, marker error: RMS = 0.00444097, max = 0.00873728 (Sternum)
[2026-08-14 12:19:22.210] [info] Frame 148 (t = 1.48):	 total squared error = 0.000495097, marker error: RMS = 0.00445015, max = 0.00856251 (Sternum)
[2026-08-14 12:19:22.229] [info] Frame 149 (t = 1.49):	 total squared error = 0.000503416, marker error: RMS = 0.00448739, max = 0.00809718 (Sternum)
[2026-08-14 12:19:22.250] [info] Frame 150 (t = 1.5):	 total squared error = 0.000497916, marker error: RMS = 0.00446281, max = 0.00800506 (Sternum)
[2026-08-14 12:19:22.281] [info] Frame 151 (t = 1.51):	 total squared error = 0.000478975, marker error: RMS = 0.00437710, max = 0.00767229 (Sternum)
[2026-08-14 12:19:22.309] [info] Frame 152 (t = 1.52):	 total squared error = 0.000464201, marker error: RMS = 0.00430906, max = 0.00735606 (Sternum)
[2026-08-14 12:19:22.349] [info] Frame 153 (t = 1.53):	 total squared error = 0.000446079, marker error: RMS = 0.00422412, max = 0.00709792 (Sternum)
[2026-08-14 12:19:22.392] [info] Frame 154 (t = 1.54):	 total squared error = 0.000430320, marker error: RMS = 0.00414883, max = 0.00679101 (Sacral)
[2026-08-14 12:19:22.415] [info] Frame 155 (t = 1.55):	 total squared error = 0.000417974, marker error: RMS = 0.00408888, max = 0.00742523 (L_Thigh_Lateral)
[2026-08-14 12:19:22.456] [info] Frame 156 (t = 1.56):	 total squared error = 0.000405562, marker error: RMS = 0.00402771, max = 0.00786418 (L_Thigh_Lateral)
[2026-08-14 12:19:22.484] [info] Frame 157 (t = 1.57):	 total squared error = 0.000395607, marker error: RMS = 0.00397798, max = 0.00848689 (L_Thigh_Lateral)
[2026-08-14 12:19:22.509] [info] Frame 158 (t = 1.58):	 total squared error = 0.000387217, marker error: RMS = 0.00393556, max = 0.00882610 (L_Thigh_Lateral)
[2026-08-14 12:19:22.526] [info] Frame 159 (t = 1.59):	 total squared error = 0.000387700, marker error: RMS = 0.00393802, max = 0.00910212 (L_Thigh_Lateral)
[2026-08-14 12:19:22.550] [info] Frame 160 (t = 1.6):	 total squared error = 0.000378173, marker error: RMS = 0.00388933, max = 0.00916502 (L_Thigh_Lateral)
[2026-08-14 12:19:22.571] [info] Frame 161 (t = 1.61):	 total squared error = 0.000378182, marker error: RMS = 0.00388938, max = 0.00919987 (L_Thigh_Lateral)
[2026-08-14 12:19:22.621] [info] Frame 162 (t = 1.62):	 total squared error = 0.000372369, marker error: RMS = 0.00385937, max = 0.00965906 (L_Thigh_Lateral)
[2026-08-14 12:19:22.640] [info] Frame 163 (t = 1.63):	 total squared error = 0.000373687, marker error: RMS = 0.00386619, max = 0.00969524 (L_Thigh_Lateral)
[2026-08-14 12:19:22.700] [info] Frame 164 (t = 1.64):	 total squared error = 0.000367935, marker error: RMS = 0.00383632, max = 0.0103356 (L_Thigh_Lateral)
[2026-08-14 12:19:22.730] [info] Frame 165 (t = 1.65):	 total squared error = 0.000376559, marker error: RMS = 0.00388103, max = 0.0104281 (L_Thigh_Lateral)
[2026-08-14 12:19:22.772] [info] Frame 166 (t = 1.66):	 total squared error = 0.000379163, marker error: RMS = 0.00389442, max = 0.0110928 (L_Thigh_Lateral)
[2026-08-14 12:19:22.804] [info] Frame 167 (t = 1.67):	 total squared error = 0.000397788, marker error: RMS = 0.00398893, max = 0.0115651 (L_Thigh_Lateral)
[2026-08-14 12:19:22.816] [info] Frame 168 (t = 1.68):	 total squared error = 0.000441973, marker error: RMS = 0.00420463, max = 0.0117842 (L_Shank_Lateral)
[2026-08-14 12:19:22.833] [info] Frame 169 (t = 1.69):	 total squared error = 0.000481382, marker error: RMS = 0.00438808, max = 0.0126334 (L_Shank_Lateral)
[2026-08-14 12:19:22.867] [info] Frame 170 (t = 1.7):	 total squared error = 0.000498903, marker error: RMS = 0.00446723, max = 0.0129858 (L_Shank_Lateral)
[2026-08-14 12:19:22.904] [info] Frame 171 (t = 1.71):	 total squared error = 0.000532433, marker error: RMS = 0.00461490, max = 0.0135876 (L_Shank_Lateral)
[2026-08-14 12:19:22.934] [info] Frame 172 (t = 1.72):	 total squared error = 0.000563156, marker error: RMS = 0.00474618, max = 0.0141182 (L_Shank_Lateral)
[2026-08-14 12:19:22.977] [info] Frame 173 (t = 1.73):	 total squared error = 0.000582123, marker error: RMS = 0.00482545, max = 0.0142981 (L_Shank_Lateral)
[2026-08-14 12:19:22.997] [info] Frame 174 (t = 1.74):	 total squared error = 0.000599417, marker error: RMS = 0.00489660, max = 0.0143261 (L_Shank_Lateral)
[2026-08-14 12:19:23.033] [info] Frame 175 (t = 1.75):	 total squared error = 0.000594045, marker error: RMS = 0.00487461, max = 0.0141005 (L_Shank_Lateral)
[2026-08-14 12:19:23.066] [info] Frame 176 (t = 1.76):	 total squared error = 0.000590435, marker error: RMS = 0.00485977, max = 0.0138789 (L_Thigh_Lateral)
[2026-08-14 12:19:23.096] [info] Frame 177 (t = 1.77):	 total squared error = 0.000575191, marker error: RMS = 0.00479663, max = 0.0134904 (L_Shank_Lateral)
[2026-08-14 12:19:23.115] [info] Frame 178 (t = 1.78):	 total squared error = 0.000566610, marker error: RMS = 0.00476071, max = 0.0129839 (L_Thigh_Lateral)
[2026-08-14 12:19:23.135] [info] Frame 179 (t = 1.79):	 total squared error = 0.000548800, marker error: RMS = 0.00468530, max = 0.0123362 (L_Thigh_Lateral)
[2026-08-14 12:19:23.175] [info] Frame 180 (t = 1.8):	 total squared error = 0.000510833, marker error: RMS = 0.00452032, max = 0.0113514 (L_Thigh_Lateral)
[2026-08-14 12:19:23.206] [info] Frame 181 (t = 1.81):	 total squared error = 0.000491076, marker error: RMS = 0.00443205, max = 0.0105010 (L_Thigh_Lateral)
[2026-08-14 12:19:23.242] [info] Frame 182 (t = 1.82):	 total squared error = 0.000469924, marker error: RMS = 0.00433555, max = 0.00961547 (L_Thigh_Lateral)
[2026-08-14 12:19:23.267] [info] Frame 183 (t = 1.83):	 total squared error = 0.000458156, marker error: RMS = 0.00428092, max = 0.00879628 (L_Thigh_Lateral)
[2026-08-14 12:19:23.304] [info] Frame 184 (t = 1.84):	 total squared error = 0.000442584, marker error: RMS = 0.00420754, max = 0.00805887 (L_Thigh_Lateral)
[2026-08-14 12:19:23.330] [info] Frame 185 (t = 1.85):	 total squared error = 0.000446733, marker error: RMS = 0.00422721, max = 0.00775679 (Sternum)
[2026-08-14 12:19:23.376] [info] Frame 186 (t = 1.86):	 total squared error = 0.000455381, marker error: RMS = 0.00426793, max = 0.00805204 (Sternum)
[2026-08-14 12:19:23.402] [info] Frame 187 (t = 1.87):	 total squared error = 0.000489182, marker error: RMS = 0.00442349, max = 0.00869094 (L_Thigh_Lateral)
[2026-08-14 12:19:23.431] [info] Frame 188 (t = 1.88):	 total squared error = 0.000534481, marker error: RMS = 0.00462377, max = 0.00985848 (L_Thigh_Lateral)
[2026-08-14 12:19:23.452] [info] Frame 189 (t = 1.89):	 total squared error = 0.000595509, marker error: RMS = 0.00488061, max = 0.011194 (L_Thigh_Lateral)
[2026-08-14 12:19:23.481] [info] Frame 190 (t = 1.9):	 total squared error = 0.000655467, marker error: RMS = 0.00512042, max = 0.012332 (L_Thigh_Lateral)
[2026-08-14 12:19:23.503] [info] Frame 191 (t = 1.91):	 total squared error = 0.000712029, marker error: RMS = 0.00533677, max = 0.0132748 (L_Thigh_Lateral)
[2026-08-14 12:19:23.516] [info] Frame 192 (t = 1.92):	 total squared error = 0.000762476, marker error: RMS = 0.00552259, max = 0.0140240 (L_Thigh_Lateral)
[2026-08-14 12:19:23.540] [info] Frame 193 (t = 1.93):	 total squared error = 0.000767499, marker error: RMS = 0.00554075, max = 0.0138391 (L_Thigh_Lateral)
[2026-08-14 12:19:23.554] [info] Frame 194 (t = 1.94):	 total squared error = 0.000762421, marker error: RMS = 0.00552239, max = 0.0133938 (L_Thigh_Lateral)
[2026-08-14 12:19:23.574] [info] Frame 195 (t = 1.95):	 total squared error = 0.000728368, marker error: RMS = 0.00539766, max = 0.0125078 (L_Thigh_Lateral)
[2026-08-14 12:19:23.596] [info] Frame 196 (t = 1.96):	 total squared error = 0.000682772, marker error: RMS = 0.00522598, max = 0.0113353 (Sternum)
[2026-08-14 12:19:23.610] [info] Frame 197 (t = 1.97):	 total squared error = 0.000637487, marker error: RMS = 0.00504970, max = 0.011324 (Sternum)
[2026-08-14 12:19:23.646] [info] Frame 198 (t = 1.98):	 total squared error = 0.000579475, marker error: RMS = 0.00481446, max = 0.0111567 (Sternum)
[2026-08-14 12:19:23.666] [info] Frame 199 (t = 1.99):	 total squared error = 0.000537570, marker error: RMS = 0.00463711, max = 0.0109119 (Sternum)
[2026-08-14 12:19:23.688] [info] Frame 200 (t = 2.0):	 total squared error = 0.000502750, marker error: RMS = 0.00448442, max = 0.0105691 (Sternum)
[2026-08-14 12:19:23.717] [info] Frame 201 (t = 2.01):	 total squared error = 0.000471152, marker error: RMS = 0.00434121, max = 0.0102302 (Sternum)
[2026-08-14 12:19:23.740] [info] Frame 202 (t = 2.02):	 total squared error = 0.000446399, marker error: RMS = 0.00422563, max = 0.00980224 (Sternum)
[2026-08-14 12:19:23.775] [info] Frame 203 (t = 2.03):	 total squared error = 0.000408889, marker error: RMS = 0.00404420, max = 0.00935924 (Sternum)
[2026-08-14 12:19:23.798] [info] Frame 204 (t = 2.04):	 total squared error = 0.000390497, marker error: RMS = 0.00395220, max = 0.00893955 (Sternum)
[2026-08-14 12:19:23.827] [info] Frame 205 (t = 2.05):	 total squared error = 0.000378289, marker error: RMS = 0.00388993, max = 0.00858789 (Sternum)
[2026-08-14 12:19:23.852] [info] Frame 206 (t = 2.06):	 total squared error = 0.000374922, marker error: RMS = 0.00387258, max = 0.00823872 (Sternum)
[2026-08-14 12:19:23.879] [info] Frame 207 (t = 2.07):	 total squared error = 0.000379031, marker error: RMS = 0.00389374, max = 0.00789279 (Sternum)
[2026-08-14 12:19:23.909] [info] Frame 208 (t = 2.08):	 total squared error = 0.000387540, marker error: RMS = 0.00393721, max = 0.00760952 (Sternum)
[2026-08-14 12:19:23.949] [info] Frame 209 (t = 2.09):	 total squared error = 0.000393341, marker error: RMS = 0.00396656, max = 0.00745953 (R_Shank_Lateral)
[2026-08-14 12:19:23.981] [info] Frame 210 (t = 2.1):	 total squared error = 0.000392427, marker error: RMS = 0.00396195, max = 0.00764325 (R_Shank_Lateral)
[2026-08-14 12:19:24.000] [info] Frame 211 (t = 2.11):	 total squared error = 0.000392489, marker error: RMS = 0.00396226, max = 0.00724143 (R_Shank_Lateral)
[2026-08-14 12:19:24.039] [info] Frame 212 (t = 2.12):	 total squared error = 0.000369532, marker error: RMS = 0.00384464, max = 0.00678906 (R_Asis)
[2026-08-14 12:19:24.066] [info] Frame 213 (t = 2.13):	 total squared error = 0.000356106, marker error: RMS = 0.00377415, max = 0.00646746 (R_Asis)
[2026-08-14 12:19:24.096] [info] Frame 214 (t = 2.14):	 total squared error = 0.000344619, marker error: RMS = 0.00371278, max = 0.00688920 (R_Asis)
[2026-08-14 12:19:24.119] [info] Frame 215 (t = 2.15):	 total squared error = 0.000337010, marker error: RMS = 0.00367156, max = 0.00648362 (L_Thigh_Lateral)
[2026-08-14 12:19:24.142] [info] Frame 216 (t = 2.16):	 total squared error = 0.000329279, marker error: RMS = 0.00362921, max = 0.00670625 (L_Thigh_Lateral)
[2026-08-14 12:19:24.162] [info] Frame 217 (t = 2.17):	 total squared error = 0.000322673, marker error: RMS = 0.00359262, max = 0.00694111 (L_Thigh_Lateral)
[2026-08-14 12:19:24.185] [info] Frame 218 (t = 2.18):	 total squared error = 0.000309767, marker error: RMS = 0.00352004, max = 0.00691195 (L_Thigh_Lateral)
[2026-08-14 12:19:24.219] [info] Frame 219 (t = 2.19):	 total squared error = 0.000293489, marker error: RMS = 0.00342630, max = 0.00678759 (L_Thigh_Lateral)
[2026-08-14 12:19:24.239] [info] Frame 220 (t = 2.2):	 total squared error = 0.000287655, marker error: RMS = 0.00339208, max = 0.00683550 (L_Thigh_Lateral)
[2026-08-14 12:19:24.276] [info] Frame 221 (t = 2.21):	 total squared error = 0.000275647, marker error: RMS = 0.00332053, max = 0.00680520 (L_Thigh_Lateral)
[2026-08-14 12:19:24.293] [info] Frame 222 (t = 2.22):	 total squared error = 0.000273892, marker error: RMS = 0.00330994, max = 0.00675507 (L_Thigh_Lateral)
[2026-08-14 12:19:24.317] [info] Frame 223 (t = 2.23):	 total squared error = 0.000263790, marker error: RMS = 0.00324832, max = 0.00663665 (L_Thigh_Lateral)
[2026-08-14 12:19:24.329] [info] Frame 224 (t = 2.24):	 total squared error = 0.000269718, marker error: RMS = 0.00328462, max = 0.00685248 (R_Thigh_Lateral)
[2026-08-14 12:19:24.351] [info] Frame 225 (t = 2.25):	 total squared error = 0.000253682, marker error: RMS = 0.00318548, max = 0.00701207 (R_Thigh_Lateral)
[2026-08-14 12:19:24.361] [info] Frame 226 (t = 2.26):	 total squared error = 0.000261568, marker error: RMS = 0.00323461, max = 0.00717574 (R_Thigh_Lateral)
[2026-08-14 12:19:24.400] [info] Frame 227 (t = 2.27):	 total squared error = 0.000231793, marker error: RMS = 0.00304495, max = 0.00761697 (R_Thigh_Lateral)
[2026-08-14 12:19:24.411] [info] Frame 228 (t = 2.28):	 total squared error = 0.000241219, marker error: RMS = 0.00310624, max = 0.00752627 (R_Thigh_Lateral)
[2026-08-14 12:19:24.438] [info] Frame 229 (t = 2.29):	 total squared error = 0.000227455, marker error: RMS = 0.00301632, max = 0.00757066 (R_Thigh_Lateral)
[2026-08-14 12:19:24.470] [info] Frame 230 (t = 2.3):	 total squared error = 0.000225320, marker error: RMS = 0.00300213, max = 0.00747376 (R_Thigh_Lateral)
[2026-08-14 12:19:24.503] [info] Frame 231 (t = 2.31):	 total squared error = 0.000230325, marker error: RMS = 0.00303529, max = 0.00751199 (R_Thigh_Lateral)
[2026-08-14 12:19:24.521] [info] Frame 232 (t = 2.32):	 total squared error = 0.000249918, marker error: RMS = 0.00316176, max = 0.00780735 (R_Thigh_Lateral)
[2026-08-14 12:19:24.546] [info] Frame 233 (t = 2.33):	 total squared error = 0.000261147, marker error: RMS = 0.00323201, max = 0.00782022 (R_Thigh_Lateral)
[2026-08-14 12:19:24.564] [info] Frame 234 (t = 2.34):	 total squared error = 0.000298118, marker error: RMS = 0.00345322, max = 0.00846230 (R_Thigh_Lateral)
[2026-08-14 12:19:24.605] [info] Frame 235 (t = 2.35):	 total squared error = 0.000308250, marker error: RMS = 0.00351141, max = 0.00859926 (R_Thigh_Lateral)
[2026-08-14 12:19:24.624] [info] Frame 236 (t = 2.36):	 total squared error = 0.000356205, marker error: RMS = 0.00377468, max = 0.00940824 (R_Thigh_Lateral)
[2026-08-14 12:19:24.663] [info] Frame 237 (t = 2.37):	 total squared error = 0.000380119, marker error: RMS = 0.00389933, max = 0.00977601 (R_Thigh_Lateral)
[2026-08-14 12:19:24.693] [info] Frame 238 (t = 2.38):	 total squared error = 0.000420698, marker error: RMS = 0.00410218, max = 0.0104140 (R_Thigh_Lateral)
[2026-08-14 12:19:24.719] [info] Frame 239 (t = 2.39):	 total squared error = 0.000456835, marker error: RMS = 0.00427474, max = 0.0109427 (R_Thigh_Lateral)
[2026-08-14 12:19:24.755] [info] Frame 240 (t = 2.4):	 total squared error = 0.000475214, marker error: RMS = 0.00435988, max = 0.0110006 (R_Thigh_Lateral)
[2026-08-14 12:19:24.792] [info] Frame 241 (t = 2.41):	 total squared error = 0.000487465, marker error: RMS = 0.00441572, max = 0.0108787 (R_Thigh_Lateral)
[2026-08-14 12:19:24.811] [info] Frame 242 (t = 2.42):	 total squared error = 0.000497178, marker error: RMS = 0.00445950, max = 0.0104835 (R_Thigh_Lateral)
[2026-08-14 12:19:24.829] [info] Frame 243 (t = 2.43):	 total squared error = 0.000493884, marker error: RMS = 0.00444470, max = 0.00977779 (R_Thigh_Lateral)
[2026-08-14 12:19:24.870] [info] Frame 244 (t = 2.44):	 total squared error = 0.000457827, marker error: RMS = 0.00427938, max = 0.00883193 (R_Thigh_Lateral)
[2026-08-14 12:19:24.888] [info] Frame 245 (t = 2.45):	 total squared error = 0.000450567, marker error: RMS = 0.00424531, max = 0.00843031 (Sternum)
[2026-08-14 12:19:24.904] [info] Frame 246 (t = 2.46):	 total squared error = 0.000449862, marker error: RMS = 0.00424199, max = 0.00865221 (Sternum)
[2026-08-14 12:19:24.936] [info] Frame 247 (t = 2.47):	 total squared error = 0.000445068, marker error: RMS = 0.00421932, max = 0.00926139 (Sternum)
[2026-08-14 12:19:24.953] [info] Frame 248 (t = 2.48):	 total squared error = 0.000467335, marker error: RMS = 0.00432359, max = 0.00940935 (Sternum)
[2026-08-14 12:19:24.968] [info] Frame 249 (t = 2.49):	 total squared error = 0.000501045, marker error: RMS = 0.00447681, max = 0.00929341 (Sternum)
[2026-08-14 12:19:24.985] [info] Frame 250 (t = 2.5):	 total squared error = 0.000521562, marker error: RMS = 0.00456754, max = 0.00975258 (Sternum)
[2026-08-14 12:19:24.997] [info] Frame 251 (t = 2.51):	 total squared error = 0.000545027, marker error: RMS = 0.00466916, max = 0.00956527 (Sternum)
[2026-08-14 12:19:25.027] [info] Frame 252 (t = 2.52):	 total squared error = 0.000529190, marker error: RMS = 0.00460082, max = 0.0100476 (Sternum)
[2026-08-14 12:19:25.040] [info] Frame 253 (t = 2.53):	 total squared error = 0.000517951, marker error: RMS = 0.00455171, max = 0.00979935 (Sternum)
[2026-08-14 12:19:25.068] [info] Frame 254 (t = 2.54):	 total squared error = 0.000490984, marker error: RMS = 0.00443163, max = 0.0100245 (Sternum)
[2026-08-14 12:19:25.103] [info] Frame 255 (t = 2.55):	 total squared error = 0.000467298, marker error: RMS = 0.00432341, max = 0.00990266 (Sternum)
[2026-08-14 12:19:25.117] [info] Frame 256 (t = 2.56):	 total squared error = 0.000464307, marker error: RMS = 0.00430956, max = 0.00957504 (Sternum)
[2026-08-14 12:19:25.145] [info] Frame 257 (t = 2.57):	 total squared error = 0.000459387, marker error: RMS = 0.00428666, max = 0.00964426 (Sternum)
[2026-08-14 12:19:25.186] [info] Frame 258 (t = 2.58):	 total squared error = 0.000446365, marker error: RMS = 0.00422547, max = 0.00937036 (Sternum)
[2026-08-14 12:19:25.212] [info] Frame 259 (t = 2.59):	 total squared error = 0.000453079, marker error: RMS = 0.00425713, max = 0.00916697 (Sternum)
[2026-08-14 12:19:25.233] [info] Frame 260 (t = 2.6):	 total squared error = 0.000462364, marker error: RMS = 0.00430053, max = 0.00886789 (Sternum)
[2026-08-14 12:19:25.282] [info] Frame 261 (t = 2.61):	 total squared error = 0.000453044, marker error: RMS = 0.00425697, max = 0.00854186 (Sternum)
[2026-08-14 12:19:25.310] [info] Frame 262 (t = 2.62):	 total squared error = 0.000455351, marker error: RMS = 0.00426779, max = 0.00827511 (Sternum)
[2026-08-14 12:19:25.335] [info] Frame 263 (t = 2.63):	 total squared error = 0.000454851, marker error: RMS = 0.00426544, max = 0.00796125 (Sternum)
[2026-08-14 12:19:25.364] [info] Frame 264 (t = 2.64):	 total squared error = 0.000453341, marker error: RMS = 0.00425836, max = 0.00768196 (Sternum)
[2026-08-14 12:19:25.396] [info] Frame 265 (t = 2.65):	 total squared error = 0.000452198, marker error: RMS = 0.00425299, max = 0.00730707 (Sternum)
[2026-08-14 12:19:25.425] [info] Frame 266 (t = 2.66):	 total squared error = 0.000456129, marker error: RMS = 0.00427144, max = 0.00710426 (Sternum)
[2026-08-14 12:19:25.453] [info] Frame 267 (t = 2.67):	 total squared error = 0.000460902, marker error: RMS = 0.00429373, max = 0.00696190 (Sternum)
[2026-08-14 12:19:25.478] [info] Frame 268 (t = 2.68):	 total squared error = 0.000464839, marker error: RMS = 0.00431203, max = 0.00667768 (Sternum)
[2026-08-14 12:19:25.507] [info] Frame 269 (t = 2.69):	 total squared error = 0.000462523, marker error: RMS = 0.00430127, max = 0.00646381 (Sternum)
[2026-08-14 12:19:25.531] [info] Frame 270 (t = 2.7):	 total squared error = 0.000454133, marker error: RMS = 0.00426208, max = 0.00706448 (L_Thigh_Lateral)
[2026-08-14 12:19:25.560] [info] Frame 271 (t = 2.71):	 total squared error = 0.000436635, marker error: RMS = 0.00417916, max = 0.00775334 (L_Thigh_Lateral)
[2026-08-14 12:19:25.585] [info] Frame 272 (t = 2.72):	 total squared error = 0.000415051, marker error: RMS = 0.00407456, max = 0.00828392 (L_Thigh_Lateral)
[2026-08-14 12:19:25.609] [info] Frame 273 (t = 2.73):	 total squared error = 0.000390050, marker error: RMS = 0.00394993, max = 0.00848840 (L_Thigh_Lateral)
[2026-08-14 12:19:25.640] [info] Frame 274 (t = 2.74):	 total squared error = 0.000362382, marker error: RMS = 0.00380727, max = 0.00834787 (L_Thigh_Lateral)
[2026-08-14 12:19:25.667] [info] Frame 275 (t = 2.75):	 total squared error = 0.000335173, marker error: RMS = 0.00366155, max = 0.00812964 (L_Thigh_Lateral)
[2026-08-14 12:19:25.690] [info] Frame 276 (t = 2.76):	 total squared error = 0.000308802, marker error: RMS = 0.00351455, max = 0.00779718 (L_Thigh_Lateral)
[2026-08-14 12:19:25.722] [info] Frame 277 (t = 2.77):	 total squared error = 0.000285258, marker error: RMS = 0.00337792, max = 0.00742839 (L_Thigh_Lateral)
[2026-08-14 12:19:25.740] [info] Frame 278 (t = 2.78):	 total squared error = 0.000268097, marker error: RMS = 0.00327473, max = 0.00715778 (L_Thigh_Lateral)
[2026-08-14 12:19:25.768] [info] Frame 279 (t = 2.79):	 total squared error = 0.000252360, marker error: RMS = 0.00317717, max = 0.00699272 (L_Thigh_Lateral)
[2026-08-14 12:19:25.807] [info] Frame 280 (t = 2.8):	 total squared error = 0.000243106, marker error: RMS = 0.00311837, max = 0.00699824 (L_Thigh_Lateral)
[2026-08-14 12:19:25.825] [info] Frame 281 (t = 2.81):	 total squared error = 0.000246605, marker error: RMS = 0.00314073, max = 0.00711229 (L_Thigh_Lateral)
[2026-08-14 12:19:25.841] [info] Frame 282 (t = 2.82):	 total squared error = 0.000262457, marker error: RMS = 0.00324010, max = 0.00737326 (L_Thigh_Lateral)
[2026-08-14 12:19:25.861] [info] Frame 283 (t = 2.83):	 total squared error = 0.000278058, marker error: RMS = 0.00333502, max = 0.00764055 (L_Thigh_Lateral)
[2026-08-14 12:19:25.894] [info] Frame 284 (t = 2.84):	 total squared error = 0.000295974, marker error: RMS = 0.00344078, max = 0.00845822 (L_Thigh_Lateral)
[2026-08-14 12:19:25.915] [info] Frame 285 (t = 2.85):	 total squared error = 0.000341678, marker error: RMS = 0.00369691, max = 0.00898837 (L_Thigh_Lateral)
[2026-08-14 12:19:25.959] [info] Frame 286 (t = 2.86):	 total squared error = 0.000383680, marker error: RMS = 0.00391755, max = 0.00980872 (L_Thigh_Lateral)
[2026-08-14 12:19:25.993] [info] Frame 287 (t = 2.87):	 total squared error = 0.000445854, marker error: RMS = 0.00422305, max = 0.0104486 (L_Thigh_Lateral)
[2026-08-14 12:19:26.024] [info] Frame 288 (t = 2.88):	 total squared error = 0.000531866, marker error: RMS = 0.00461244, max = 0.0114109 (L_Thigh_Lateral)
[2026-08-14 12:19:26.101] [info] Frame 289 (t = 2.89):	 total squared error = 0.000564879, marker error: RMS = 0.00475344, max = 0.0119834 (L_Shank_Lateral)
[2026-08-14 12:19:26.149] [info] Frame 290 (t = 2.9):	 total squared error = 0.000629164, marker error: RMS = 0.00501663, max = 0.0126844 (L_Shank_Lateral)
[2026-08-14 12:19:26.165] [info] Frame 291 (t = 2.91):	 total squared error = 0.000708522, marker error: RMS = 0.00532362, max = 0.0134715 (L_Thigh_Lateral)
[2026-08-14 12:19:26.171] [info] InverseKinematicsTool completed 292 frames in 8 second(s).
[2026-08-14 12:19:26.236] [info] Loaded model SUBJ59-scaled from file C:\Users\migue\Downloads\TFG\2_JMP\SUBJ59\Walk_1\SUBJ59_1_JMP_results\SUBJ59_1_NMSM_JMP_06_shoulder_elbow.osim
[2026-08-14 12:19:27.264] [warning] Coordinate.setValue:  coordinate pro_sup_r is locked. Unable to change its value.
[2026-08-14 12:19:27.336] [warning] Coordinate.setValue:  coordinate pro_sup_l is locked. Unable to change its value.
[2026-08-14 12:20:29.547] [info] Loaded model SUBJ59-scaled from file C:\Users\migue\Downloads\TFG\2_JMP\SUBJ59\Walk_1\SUBJ59_1_JMP_results\SUBJ59_1_NMSM_JMP_06_shoulder_elbow.osim
[2026-08-14 12:20:29.568] [cout] [info] 
               MODEL: SUBJ59-scaled
         coordinates: 41
              forces: 103
           actuators: 103
             muscles: 86
            analyses: 0
              probes: 0
              bodies: 24
              joints: 24
         constraints: 2
             markers: 25
         controllers: 0
  contact geometries: 0
misc modelcomponents: 0
[2026-08-14 12:20:29.568] [info] Running tool .
[2026-08-14 12:20:29.690] [info] Frame 0 (t = 0.0):	 total squared error = 0.000421820, marker error: RMS = 0.00410765, max = 0.0107986 (R_Thigh_Lateral)
[2026-08-14 12:20:29.707] [info] Frame 1 (t = 0.01):	 total squared error = 0.000435597, marker error: RMS = 0.00417419, max = 0.0110836 (R_Thigh_Lateral)
[2026-08-14 12:20:29.741] [info] Frame 2 (t = 0.02):	 total squared error = 0.000443745, marker error: RMS = 0.00421305, max = 0.0113805 (R_Thigh_Lateral)
[2026-08-14 12:20:29.759] [info] Frame 3 (t = 0.03):	 total squared error = 0.000463068, marker error: RMS = 0.00430381, max = 0.0117313 (R_Thigh_Lateral)
[2026-08-14 12:20:29.784] [info] Frame 4 (t = 0.04):	 total squared error = 0.000470118, marker error: RMS = 0.00433644, max = 0.0119257 (R_Thigh_Lateral)
[2026-08-14 12:20:29.830] [info] Frame 5 (t = 0.05):	 total squared error = 0.000463118, marker error: RMS = 0.00430404, max = 0.0119881 (R_Thigh_Lateral)
[2026-08-14 12:20:29.865] [info] Frame 6 (t = 0.06):	 total squared error = 0.000454230, marker error: RMS = 0.00426254, max = 0.0118006 (R_Thigh_Lateral)
[2026-08-14 12:20:29.890] [info] Frame 7 (t = 0.07):	 total squared error = 0.000441443, marker error: RMS = 0.00420211, max = 0.0113521 (R_Thigh_Lateral)
[2026-08-14 12:20:29.917] [info] Frame 8 (t = 0.08):	 total squared error = 0.000415233, marker error: RMS = 0.00407546, max = 0.0106245 (R_Thigh_Lateral)
[2026-08-14 12:20:29.941] [info] Frame 9 (t = 0.09):	 total squared error = 0.000390823, marker error: RMS = 0.00395385, max = 0.00980221 (R_Thigh_Lateral)
[2026-08-14 12:20:29.977] [info] Frame 10 (t = 0.1):	 total squared error = 0.000361683, marker error: RMS = 0.00380359, max = 0.00879011 (R_Thigh_Lateral)
[2026-08-14 12:20:30.014] [info] Frame 11 (t = 0.11):	 total squared error = 0.000347652, marker error: RMS = 0.00372908, max = 0.00817110 (R_Thigh_Lateral)
[2026-08-14 12:20:30.048] [info] Frame 12 (t = 0.12):	 total squared error = 0.000347499, marker error: RMS = 0.00372827, max = 0.00802438 (R_Thigh_Lateral)
[2026-08-14 12:20:30.080] [info] Frame 13 (t = 0.13):	 total squared error = 0.000359567, marker error: RMS = 0.00379245, max = 0.00835219 (R_Thigh_Lateral)
[2026-08-14 12:20:30.101] [info] Frame 14 (t = 0.14):	 total squared error = 0.000383527, marker error: RMS = 0.00391677, max = 0.00896750 (R_Thigh_Lateral)
[2026-08-14 12:20:30.122] [info] Frame 15 (t = 0.15):	 total squared error = 0.000411572, marker error: RMS = 0.00405745, max = 0.00958106 (R_Thigh_Lateral)
[2026-08-14 12:20:30.143] [info] Frame 16 (t = 0.16):	 total squared error = 0.000435500, marker error: RMS = 0.00417373, max = 0.0100103 (R_Thigh_Lateral)
[2026-08-14 12:20:30.166] [info] Frame 17 (t = 0.17):	 total squared error = 0.000450516, marker error: RMS = 0.00424507, max = 0.0101126 (R_Thigh_Lateral)
[2026-08-14 12:20:30.179] [info] Frame 18 (t = 0.18):	 total squared error = 0.000459894, marker error: RMS = 0.00428903, max = 0.00983320 (R_Thigh_Lateral)
[2026-08-14 12:20:30.211] [info] Frame 19 (t = 0.19):	 total squared error = 0.000439707, marker error: RMS = 0.00419384, max = 0.00911749 (R_Thigh_Lateral)
[2026-08-14 12:20:30.232] [info] Frame 20 (t = 0.2):	 total squared error = 0.000422770, marker error: RMS = 0.00411228, max = 0.00809079 (R_Thigh_Lateral)
[2026-08-14 12:20:30.256] [info] Frame 21 (t = 0.21):	 total squared error = 0.000403393, marker error: RMS = 0.00401693, max = 0.00719578 (Sternum)
[2026-08-14 12:20:30.277] [info] Frame 22 (t = 0.22):	 total squared error = 0.000387529, marker error: RMS = 0.00393715, max = 0.00710838 (Sternum)
[2026-08-14 12:20:30.290] [info] Frame 23 (t = 0.23):	 total squared error = 0.000389306, marker error: RMS = 0.00394617, max = 0.00703064 (Sternum)
[2026-08-14 12:20:30.336] [info] Frame 24 (t = 0.24):	 total squared error = 0.000367995, marker error: RMS = 0.00383664, max = 0.00705190 (Sternum)
[2026-08-14 12:20:30.401] [info] Frame 25 (t = 0.25):	 total squared error = 0.000370056, marker error: RMS = 0.00384737, max = 0.00682332 (Sternum)
[2026-08-14 12:20:30.416] [info] Frame 26 (t = 0.26):	 total squared error = 0.000386791, marker error: RMS = 0.00393340, max = 0.00656585 (Sternum)
[2026-08-14 12:20:30.451] [info] Frame 27 (t = 0.27):	 total squared error = 0.000383553, marker error: RMS = 0.00391690, max = 0.00642058 (Sternum)
[2026-08-14 12:20:30.478] [info] Frame 28 (t = 0.28):	 total squared error = 0.000389731, marker error: RMS = 0.00394832, max = 0.00653748 (Sacral)
[2026-08-14 12:20:30.521] [info] Frame 29 (t = 0.29):	 total squared error = 0.000379192, marker error: RMS = 0.00389457, max = 0.00683828 (L_Asis)
[2026-08-14 12:20:30.546] [info] Frame 30 (t = 0.3):	 total squared error = 0.000359975, marker error: RMS = 0.00379460, max = 0.00657633 (L_Asis)
[2026-08-14 12:20:30.570] [info] Frame 31 (t = 0.31):	 total squared error = 0.000332109, marker error: RMS = 0.00364477, max = 0.00640985 (L_Asis)
[2026-08-14 12:20:30.597] [info] Frame 32 (t = 0.32):	 total squared error = 0.000301619, marker error: RMS = 0.00347344, max = 0.00629782 (L_Asis)
[2026-08-14 12:20:30.627] [info] Frame 33 (t = 0.33):	 total squared error = 0.000275120, marker error: RMS = 0.00331735, max = 0.00603143 (L_Asis)
[2026-08-14 12:20:30.664] [info] Frame 34 (t = 0.34):	 total squared error = 0.000253619, marker error: RMS = 0.00318508, max = 0.00635146 (L_Asis)
[2026-08-14 12:20:30.685] [info] Frame 35 (t = 0.35):	 total squared error = 0.000240547, marker error: RMS = 0.00310191, max = 0.00565765 (L_Asis)
[2026-08-14 12:20:30.718] [info] Frame 36 (t = 0.36):	 total squared error = 0.000231528, marker error: RMS = 0.00304321, max = 0.00609258 (L_Asis)
[2026-08-14 12:20:30.751] [info] Frame 37 (t = 0.37):	 total squared error = 0.000229656, marker error: RMS = 0.00303088, max = 0.00591059 (L_Asis)
[2026-08-14 12:20:30.788] [info] Frame 38 (t = 0.38):	 total squared error = 0.000233451, marker error: RMS = 0.00305582, max = 0.00658613 (L_Thigh_Lateral)
[2026-08-14 12:20:30.821] [info] Frame 39 (t = 0.39):	 total squared error = 0.000239251, marker error: RMS = 0.00309355, max = 0.00755601 (L_Thigh_Lateral)
[2026-08-14 12:20:30.854] [info] Frame 40 (t = 0.4):	 total squared error = 0.000246046, marker error: RMS = 0.00313717, max = 0.00831474 (L_Thigh_Lateral)
[2026-08-14 12:20:30.876] [info] Frame 41 (t = 0.41):	 total squared error = 0.000254141, marker error: RMS = 0.00318836, max = 0.00909919 (L_Thigh_Lateral)
[2026-08-14 12:20:30.904] [info] Frame 42 (t = 0.42):	 total squared error = 0.000262190, marker error: RMS = 0.00323846, max = 0.00974457 (L_Thigh_Lateral)
[2026-08-14 12:20:30.933] [info] Frame 43 (t = 0.43):	 total squared error = 0.000279147, marker error: RMS = 0.00334154, max = 0.0102922 (L_Thigh_Lateral)
[2026-08-14 12:20:30.973] [info] Frame 44 (t = 0.44):	 total squared error = 0.000305421, marker error: RMS = 0.00349526, max = 0.0109349 (L_Thigh_Lateral)
[2026-08-14 12:20:30.994] [info] Frame 45 (t = 0.45):	 total squared error = 0.000338754, marker error: RMS = 0.00368106, max = 0.0111308 (L_Thigh_Lateral)
[2026-08-14 12:20:31.029] [info] Frame 46 (t = 0.46):	 total squared error = 0.000368434, marker error: RMS = 0.00383892, max = 0.0120110 (L_Thigh_Lateral)
[2026-08-14 12:20:31.042] [info] Frame 47 (t = 0.47):	 total squared error = 0.000408053, marker error: RMS = 0.00404006, max = 0.0118112 (L_Thigh_Lateral)
[2026-08-14 12:20:31.059] [info] Frame 48 (t = 0.48):	 total squared error = 0.000429283, marker error: RMS = 0.00414383, max = 0.0122002 (L_Shank_Lateral)
[2026-08-14 12:20:31.088] [info] Frame 49 (t = 0.49):	 total squared error = 0.000427973, marker error: RMS = 0.00413750, max = 0.0124754 (L_Thigh_Lateral)
[2026-08-14 12:20:31.100] [info] Frame 50 (t = 0.5):	 total squared error = 0.000440812, marker error: RMS = 0.00419911, max = 0.0126372 (L_Shank_Lateral)
[2026-08-14 12:20:31.138] [info] Frame 51 (t = 0.51):	 total squared error = 0.000420383, marker error: RMS = 0.00410065, max = 0.0122269 (L_Thigh_Lateral)
[2026-08-14 12:20:31.150] [info] Frame 52 (t = 0.52):	 total squared error = 0.000423667, marker error: RMS = 0.00411664, max = 0.0118038 (L_Thigh_Lateral)
[2026-08-14 12:20:31.169] [info] Frame 53 (t = 0.53):	 total squared error = 0.000412538, marker error: RMS = 0.00406220, max = 0.0116989 (L_Thigh_Lateral)
[2026-08-14 12:20:31.214] [info] Frame 54 (t = 0.54):	 total squared error = 0.000395599, marker error: RMS = 0.00397793, max = 0.0113796 (L_Thigh_Lateral)
[2026-08-14 12:20:31.232] [info] Frame 55 (t = 0.55):	 total squared error = 0.000408207, marker error: RMS = 0.00404083, max = 0.0116277 (L_Thigh_Lateral)
[2026-08-14 12:20:31.279] [info] Frame 56 (t = 0.56):	 total squared error = 0.000411139, marker error: RMS = 0.00405531, max = 0.0113256 (L_Thigh_Lateral)
[2026-08-14 12:20:31.297] [info] Frame 57 (t = 0.57):	 total squared error = 0.000439089, marker error: RMS = 0.00419089, max = 0.0119149 (L_Thigh_Lateral)
[2026-08-14 12:20:31.335] [info] Frame 58 (t = 0.58):	 total squared error = 0.000458488, marker error: RMS = 0.00428246, max = 0.0119049 (L_Thigh_Lateral)
[2026-08-14 12:20:31.357] [info] Frame 59 (t = 0.59):	 total squared error = 0.000499213, marker error: RMS = 0.00446862, max = 0.0126149 (L_Thigh_Lateral)
[2026-08-14 12:20:31.395] [info] Frame 60 (t = 0.6):	 total squared error = 0.000527126, marker error: RMS = 0.00459184, max = 0.0127479 (L_Thigh_Lateral)
[2026-08-14 12:20:31.413] [info] Frame 61 (t = 0.61):	 total squared error = 0.000570033, marker error: RMS = 0.00477507, max = 0.013311 (L_Thigh_Lateral)
[2026-08-14 12:20:31.448] [info] Frame 62 (t = 0.62):	 total squared error = 0.000586347, marker error: RMS = 0.00484292, max = 0.0131553 (L_Thigh_Lateral)
[2026-08-14 12:20:31.475] [info] Frame 63 (t = 0.63):	 total squared error = 0.000602599, marker error: RMS = 0.00490958, max = 0.0129665 (L_Thigh_Lateral)
[2026-08-14 12:20:31.513] [info] Frame 64 (t = 0.64):	 total squared error = 0.000596832, marker error: RMS = 0.00488603, max = 0.0124873 (L_Thigh_Lateral)
[2026-08-14 12:20:31.540] [info] Frame 65 (t = 0.65):	 total squared error = 0.000580466, marker error: RMS = 0.00481857, max = 0.0116065 (L_Thigh_Lateral)
[2026-08-14 12:20:31.564] [info] Frame 66 (t = 0.66):	 total squared error = 0.000555345, marker error: RMS = 0.00471315, max = 0.0103005 (L_Thigh_Lateral)
[2026-08-14 12:20:31.587] [info] Frame 67 (t = 0.67):	 total squared error = 0.000526832, marker error: RMS = 0.00459056, max = 0.00889218 (L_Shank_Lateral)
[2026-08-14 12:20:31.610] [info] Frame 68 (t = 0.68):	 total squared error = 0.000500151, marker error: RMS = 0.00447281, max = 0.00925415 (Sternum)
[2026-08-14 12:20:31.644] [info] Frame 69 (t = 0.69):	 total squared error = 0.000476236, marker error: RMS = 0.00436457, max = 0.00931430 (Sternum)
[2026-08-14 12:20:31.670] [info] Frame 70 (t = 0.7):	 total squared error = 0.000483114, marker error: RMS = 0.00439597, max = 0.00982411 (Sternum)
[2026-08-14 12:20:31.692] [info] Frame 71 (t = 0.71):	 total squared error = 0.000511071, marker error: RMS = 0.00452138, max = 0.0101665 (Sternum)
[2026-08-14 12:20:31.738] [info] Frame 72 (t = 0.72):	 total squared error = 0.000546369, marker error: RMS = 0.00467491, max = 0.0102997 (Sternum)
[2026-08-14 12:20:31.761] [info] Frame 73 (t = 0.73):	 total squared error = 0.000607985, marker error: RMS = 0.00493147, max = 0.0107143 (Sternum)
[2026-08-14 12:20:31.793] [info] Frame 74 (t = 0.74):	 total squared error = 0.000669278, marker error: RMS = 0.00517408, max = 0.0109637 (Sternum)
[2026-08-14 12:20:31.813] [info] Frame 75 (t = 0.75):	 total squared error = 0.000728654, marker error: RMS = 0.00539872, max = 0.0116254 (L_Thigh_Lateral)
[2026-08-14 12:20:31.853] [info] Frame 76 (t = 0.76):	 total squared error = 0.000764632, marker error: RMS = 0.00553039, max = 0.0120041 (L_Thigh_Lateral)
[2026-08-14 12:20:31.864] [info] Frame 77 (t = 0.77):	 total squared error = 0.000777905, marker error: RMS = 0.00557819, max = 0.0119969 (L_Thigh_Lateral)
[2026-08-14 12:20:31.876] [info] Frame 78 (t = 0.78):	 total squared error = 0.000761452, marker error: RMS = 0.00551888, max = 0.0121401 (Sternum)
[2026-08-14 12:20:31.906] [info] Frame 79 (t = 0.79):	 total squared error = 0.000708890, marker error: RMS = 0.00532500, max = 0.0122021 (Sternum)
[2026-08-14 12:20:31.919] [info] Frame 80 (t = 0.8):	 total squared error = 0.000663616, marker error: RMS = 0.00515215, max = 0.0123773 (Sternum)
[2026-08-14 12:20:31.941] [info] Frame 81 (t = 0.81):	 total squared error = 0.000619460, marker error: RMS = 0.00497779, max = 0.0124052 (Sternum)
[2026-08-14 12:20:31.974] [info] Frame 82 (t = 0.82):	 total squared error = 0.000582185, marker error: RMS = 0.00482570, max = 0.0123644 (Sternum)
[2026-08-14 12:20:31.996] [info] Frame 83 (t = 0.83):	 total squared error = 0.000573649, marker error: RMS = 0.00479019, max = 0.0122891 (Sternum)
[2026-08-14 12:20:32.047] [info] Frame 84 (t = 0.84):	 total squared error = 0.000562723, marker error: RMS = 0.00474436, max = 0.0121042 (Sternum)
[2026-08-14 12:20:32.069] [info] Frame 85 (t = 0.85):	 total squared error = 0.000571089, marker error: RMS = 0.00477949, max = 0.0118671 (Sternum)
[2026-08-14 12:20:32.101] [info] Frame 86 (t = 0.86):	 total squared error = 0.000579451, marker error: RMS = 0.00481436, max = 0.0117247 (Sternum)
[2026-08-14 12:20:32.141] [info] Frame 87 (t = 0.87):	 total squared error = 0.000593940, marker error: RMS = 0.00487418, max = 0.0113154 (Sternum)
[2026-08-14 12:20:32.164] [info] Frame 88 (t = 0.88):	 total squared error = 0.000607873, marker error: RMS = 0.00493102, max = 0.0110451 (Sternum)
[2026-08-14 12:20:32.191] [info] Frame 89 (t = 0.89):	 total squared error = 0.000614753, marker error: RMS = 0.00495884, max = 0.0106937 (Sternum)
[2026-08-14 12:20:32.216] [info] Frame 90 (t = 0.9):	 total squared error = 0.000613817, marker error: RMS = 0.00495507, max = 0.0103895 (Sternum)
[2026-08-14 12:20:32.242] [info] Frame 91 (t = 0.91):	 total squared error = 0.000607641, marker error: RMS = 0.00493008, max = 0.0101209 (Sternum)
[2026-08-14 12:20:32.269] [info] Frame 92 (t = 0.92):	 total squared error = 0.000598391, marker error: RMS = 0.00489241, max = 0.00979875 (Sternum)
[2026-08-14 12:20:32.298] [info] Frame 93 (t = 0.93):	 total squared error = 0.000588440, marker error: RMS = 0.00485156, max = 0.00945872 (Sternum)
[2026-08-14 12:20:32.326] [info] Frame 94 (t = 0.94):	 total squared error = 0.000577058, marker error: RMS = 0.00480441, max = 0.00919507 (Sternum)
[2026-08-14 12:20:32.351] [info] Frame 95 (t = 0.95):	 total squared error = 0.000563767, marker error: RMS = 0.00474876, max = 0.00872199 (Sternum)
[2026-08-14 12:20:32.384] [info] Frame 96 (t = 0.96):	 total squared error = 0.000544937, marker error: RMS = 0.00466878, max = 0.00839248 (Sternum)
[2026-08-14 12:20:32.412] [info] Frame 97 (t = 0.97):	 total squared error = 0.000524081, marker error: RMS = 0.00457856, max = 0.00792254 (Sternum)
[2026-08-14 12:20:32.447] [info] Frame 98 (t = 0.98):	 total squared error = 0.000503445, marker error: RMS = 0.00448751, max = 0.00817452 (R_Asis)
[2026-08-14 12:20:32.480] [info] Frame 99 (t = 0.99):	 total squared error = 0.000483788, marker error: RMS = 0.00439904, max = 0.00819445 (R_Asis)
[2026-08-14 12:20:32.504] [info] Frame 100 (t = 1.0):	 total squared error = 0.000465109, marker error: RMS = 0.00431328, max = 0.00778429 (Sacral)
[2026-08-14 12:20:32.523] [info] Frame 101 (t = 1.01):	 total squared error = 0.000451504, marker error: RMS = 0.00424972, max = 0.00800871 (Sacral)
[2026-08-14 12:20:32.558] [info] Frame 102 (t = 1.02):	 total squared error = 0.000425930, marker error: RMS = 0.00412762, max = 0.00756404 (Sacral)
[2026-08-14 12:20:32.584] [info] Frame 103 (t = 1.03):	 total squared error = 0.000404604, marker error: RMS = 0.00402296, max = 0.00747500 (Sacral)
[2026-08-14 12:20:32.613] [info] Frame 104 (t = 1.04):	 total squared error = 0.000382131, marker error: RMS = 0.00390963, max = 0.00727802 (Sacral)
[2026-08-14 12:20:32.631] [info] Frame 105 (t = 1.05):	 total squared error = 0.000362353, marker error: RMS = 0.00380711, max = 0.00690082 (Sacral)
[2026-08-14 12:20:32.666] [info] Frame 106 (t = 1.06):	 total squared error = 0.000331832, marker error: RMS = 0.00364325, max = 0.00685570 (Sacral)
[2026-08-14 12:20:32.683] [info] Frame 107 (t = 1.07):	 total squared error = 0.000308380, marker error: RMS = 0.00351215, max = 0.00632937 (L_Thigh_Lateral)
[2026-08-14 12:20:32.705] [info] Frame 108 (t = 1.08):	 total squared error = 0.000283062, marker error: RMS = 0.00336489, max = 0.00614046 (L_Thigh_Lateral)
[2026-08-14 12:20:32.738] [info] Frame 109 (t = 1.09):	 total squared error = 0.000259104, marker error: RMS = 0.00321934, max = 0.00601904 (L_Thigh_Lateral)
[2026-08-14 12:20:32.750] [info] Frame 110 (t = 1.1):	 total squared error = 0.000253731, marker error: RMS = 0.00318578, max = 0.00574363 (L_Thigh_Lateral)
[2026-08-14 12:20:32.768] [info] Frame 111 (t = 1.11):	 total squared error = 0.000237037, marker error: RMS = 0.00307920, max = 0.00576863 (L_Thigh_Lateral)
[2026-08-14 12:20:32.795] [info] Frame 112 (t = 1.12):	 total squared error = 0.000226028, marker error: RMS = 0.00300685, max = 0.00577096 (L_Thigh_Lateral)
[2026-08-14 12:20:32.845] [info] Frame 113 (t = 1.13):	 total squared error = 0.000220883, marker error: RMS = 0.00297243, max = 0.00591584 (R_Thigh_Lateral)
[2026-08-14 12:20:32.868] [info] Frame 114 (t = 1.14):	 total squared error = 0.000226459, marker error: RMS = 0.00300971, max = 0.00627739 (R_Thigh_Lateral)
[2026-08-14 12:20:32.903] [info] Frame 115 (t = 1.15):	 total squared error = 0.000226761, marker error: RMS = 0.00301172, max = 0.00645386 (R_Thigh_Lateral)
[2026-08-14 12:20:32.920] [info] Frame 116 (t = 1.16):	 total squared error = 0.000242177, marker error: RMS = 0.00311241, max = 0.00700281 (R_Thigh_Lateral)
[2026-08-14 12:20:32.947] [info] Frame 117 (t = 1.17):	 total squared error = 0.000250638, marker error: RMS = 0.00316631, max = 0.00718829 (R_Thigh_Lateral)
[2026-08-14 12:20:32.962] [info] Frame 118 (t = 1.18):	 total squared error = 0.000278891, marker error: RMS = 0.00334001, max = 0.00805361 (R_Thigh_Lateral)
[2026-08-14 12:20:32.997] [info] Frame 119 (t = 1.19):	 total squared error = 0.000280761, marker error: RMS = 0.00335118, max = 0.00831051 (R_Thigh_Lateral)
[2026-08-14 12:20:33.014] [info] Frame 120 (t = 1.2):	 total squared error = 0.000314065, marker error: RMS = 0.00354438, max = 0.00921239 (R_Thigh_Lateral)
[2026-08-14 12:20:33.057] [info] Frame 121 (t = 1.21):	 total squared error = 0.000333660, marker error: RMS = 0.00365327, max = 0.00965518 (R_Thigh_Lateral)
[2026-08-14 12:20:33.080] [info] Frame 122 (t = 1.22):	 total squared error = 0.000368315, marker error: RMS = 0.00383831, max = 0.0103740 (R_Thigh_Lateral)
[2026-08-14 12:20:33.119] [info] Frame 123 (t = 1.23):	 total squared error = 0.000388557, marker error: RMS = 0.00394237, max = 0.0106593 (R_Thigh_Lateral)
[2026-08-14 12:20:33.135] [info] Frame 124 (t = 1.24):	 total squared error = 0.000420919, marker error: RMS = 0.00410326, max = 0.0107961 (R_Thigh_Lateral)
[2026-08-14 12:20:33.173] [info] Frame 125 (t = 1.25):	 total squared error = 0.000407846, marker error: RMS = 0.00403904, max = 0.0105074 (R_Thigh_Lateral)
[2026-08-14 12:20:33.194] [info] Frame 126 (t = 1.26):	 total squared error = 0.000403536, marker error: RMS = 0.00401764, max = 0.00986388 (R_Thigh_Lateral)
[2026-08-14 12:20:33.233] [info] Frame 127 (t = 1.27):	 total squared error = 0.000377518, marker error: RMS = 0.00388597, max = 0.00879017 (R_Thigh_Lateral)
[2026-08-14 12:20:33.254] [info] Frame 128 (t = 1.28):	 total squared error = 0.000361238, marker error: RMS = 0.00380125, max = 0.00767168 (R_Thigh_Lateral)
[2026-08-14 12:20:33.289] [info] Frame 129 (t = 1.29):	 total squared error = 0.000346048, marker error: RMS = 0.00372047, max = 0.00740896 (Sternum)
[2026-08-14 12:20:33.307] [info] Frame 130 (t = 1.3):	 total squared error = 0.000357689, marker error: RMS = 0.00378253, max = 0.00778207 (Sternum)
[2026-08-14 12:20:33.330] [info] Frame 131 (t = 1.31):	 total squared error = 0.000386055, marker error: RMS = 0.00392966, max = 0.00828819 (Sternum)
[2026-08-14 12:20:33.357] [info] Frame 132 (t = 1.32):	 total squared error = 0.000426646, marker error: RMS = 0.00413108, max = 0.00868237 (Sternum)
[2026-08-14 12:20:33.369] [info] Frame 133 (t = 1.33):	 total squared error = 0.000482991, marker error: RMS = 0.00439541, max = 0.00969547 (R_Thigh_Lateral)
[2026-08-14 12:20:33.386] [info] Frame 134 (t = 1.34):	 total squared error = 0.000518930, marker error: RMS = 0.00455601, max = 0.0102257 (R_Thigh_Lateral)
[2026-08-14 12:20:33.409] [info] Frame 135 (t = 1.35):	 total squared error = 0.000537797, marker error: RMS = 0.00463809, max = 0.0102534 (R_Thigh_Lateral)
[2026-08-14 12:20:33.421] [info] Frame 136 (t = 1.36):	 total squared error = 0.000539973, marker error: RMS = 0.00464747, max = 0.00984356 (Sternum)
[2026-08-14 12:20:33.446] [info] Frame 137 (t = 1.37):	 total squared error = 0.000517141, marker error: RMS = 0.00454815, max = 0.0100445 (Sternum)
[2026-08-14 12:20:33.461] [info] Frame 138 (t = 1.38):	 total squared error = 0.000497317, marker error: RMS = 0.00446012, max = 0.0100457 (Sternum)
[2026-08-14 12:20:33.489] [info] Frame 139 (t = 1.39):	 total squared error = 0.000473116, marker error: RMS = 0.00435025, max = 0.0101217 (Sternum)
[2026-08-14 12:20:33.517] [info] Frame 140 (t = 1.4):	 total squared error = 0.000458939, marker error: RMS = 0.00428457, max = 0.0100521 (Sternum)
[2026-08-14 12:20:33.558] [info] Frame 141 (t = 1.41):	 total squared error = 0.000450594, marker error: RMS = 0.00424544, max = 0.00981923 (Sternum)
[2026-08-14 12:20:33.584] [info] Frame 142 (t = 1.42):	 total squared error = 0.000457455, marker error: RMS = 0.00427764, max = 0.00974049 (Sternum)
[2026-08-14 12:20:33.628] [info] Frame 143 (t = 1.43):	 total squared error = 0.000456061, marker error: RMS = 0.00427111, max = 0.00959247 (Sternum)
[2026-08-14 12:20:33.653] [info] Frame 144 (t = 1.44):	 total squared error = 0.000469552, marker error: RMS = 0.00433383, max = 0.00940771 (Sternum)
[2026-08-14 12:20:33.684] [info] Frame 145 (t = 1.45):	 total squared error = 0.000480812, marker error: RMS = 0.00438549, max = 0.00928195 (Sternum)
[2026-08-14 12:20:33.702] [info] Frame 146 (t = 1.46):	 total squared error = 0.000498461, marker error: RMS = 0.00446525, max = 0.00885916 (Sternum)
[2026-08-14 12:20:33.736] [info] Frame 147 (t = 1.47):	 total squared error = 0.000493055, marker error: RMS = 0.00444097, max = 0.00873728 (Sternum)
[2026-08-14 12:20:33.761] [info] Frame 148 (t = 1.48):	 total squared error = 0.000495097, marker error: RMS = 0.00445015, max = 0.00856251 (Sternum)
[2026-08-14 12:20:33.781] [info] Frame 149 (t = 1.49):	 total squared error = 0.000503416, marker error: RMS = 0.00448739, max = 0.00809718 (Sternum)
[2026-08-14 12:20:33.804] [info] Frame 150 (t = 1.5):	 total squared error = 0.000497916, marker error: RMS = 0.00446281, max = 0.00800506 (Sternum)
[2026-08-14 12:20:33.834] [info] Frame 151 (t = 1.51):	 total squared error = 0.000478975, marker error: RMS = 0.00437710, max = 0.00767229 (Sternum)
[2026-08-14 12:20:33.872] [info] Frame 152 (t = 1.52):	 total squared error = 0.000464201, marker error: RMS = 0.00430906, max = 0.00735606 (Sternum)
[2026-08-14 12:20:33.915] [info] Frame 153 (t = 1.53):	 total squared error = 0.000446079, marker error: RMS = 0.00422412, max = 0.00709792 (Sternum)
[2026-08-14 12:20:33.958] [info] Frame 154 (t = 1.54):	 total squared error = 0.000430320, marker error: RMS = 0.00414883, max = 0.00679101 (Sacral)
[2026-08-14 12:20:33.981] [info] Frame 155 (t = 1.55):	 total squared error = 0.000417974, marker error: RMS = 0.00408888, max = 0.00742523 (L_Thigh_Lateral)
[2026-08-14 12:20:34.022] [info] Frame 156 (t = 1.56):	 total squared error = 0.000405562, marker error: RMS = 0.00402771, max = 0.00786418 (L_Thigh_Lateral)
[2026-08-14 12:20:34.050] [info] Frame 157 (t = 1.57):	 total squared error = 0.000395607, marker error: RMS = 0.00397798, max = 0.00848689 (L_Thigh_Lateral)
[2026-08-14 12:20:34.081] [info] Frame 158 (t = 1.58):	 total squared error = 0.000387217, marker error: RMS = 0.00393556, max = 0.00882610 (L_Thigh_Lateral)
[2026-08-14 12:20:34.098] [info] Frame 159 (t = 1.59):	 total squared error = 0.000387700, marker error: RMS = 0.00393802, max = 0.00910212 (L_Thigh_Lateral)
[2026-08-14 12:20:34.123] [info] Frame 160 (t = 1.6):	 total squared error = 0.000378173, marker error: RMS = 0.00388933, max = 0.00916502 (L_Thigh_Lateral)
[2026-08-14 12:20:34.146] [info] Frame 161 (t = 1.61):	 total squared error = 0.000378182, marker error: RMS = 0.00388938, max = 0.00919987 (L_Thigh_Lateral)
[2026-08-14 12:20:34.196] [info] Frame 162 (t = 1.62):	 total squared error = 0.000372369, marker error: RMS = 0.00385937, max = 0.00965906 (L_Thigh_Lateral)
[2026-08-14 12:20:34.214] [info] Frame 163 (t = 1.63):	 total squared error = 0.000373687, marker error: RMS = 0.00386619, max = 0.00969524 (L_Thigh_Lateral)
[2026-08-14 12:20:34.253] [info] Frame 164 (t = 1.64):	 total squared error = 0.000367935, marker error: RMS = 0.00383632, max = 0.0103356 (L_Thigh_Lateral)
[2026-08-14 12:20:34.271] [info] Frame 165 (t = 1.65):	 total squared error = 0.000376559, marker error: RMS = 0.00388103, max = 0.0104281 (L_Thigh_Lateral)
[2026-08-14 12:20:34.300] [info] Frame 166 (t = 1.66):	 total squared error = 0.000379163, marker error: RMS = 0.00389442, max = 0.0110928 (L_Thigh_Lateral)
[2026-08-14 12:20:34.329] [info] Frame 167 (t = 1.67):	 total squared error = 0.000397788, marker error: RMS = 0.00398893, max = 0.0115651 (L_Thigh_Lateral)
[2026-08-14 12:20:34.341] [info] Frame 168 (t = 1.68):	 total squared error = 0.000441973, marker error: RMS = 0.00420463, max = 0.0117842 (L_Shank_Lateral)
[2026-08-14 12:20:34.359] [info] Frame 169 (t = 1.69):	 total squared error = 0.000481382, marker error: RMS = 0.00438808, max = 0.0126334 (L_Shank_Lateral)
[2026-08-14 12:20:34.392] [info] Frame 170 (t = 1.7):	 total squared error = 0.000498903, marker error: RMS = 0.00446723, max = 0.0129858 (L_Shank_Lateral)
[2026-08-14 12:20:34.429] [info] Frame 171 (t = 1.71):	 total squared error = 0.000532433, marker error: RMS = 0.00461490, max = 0.0135876 (L_Shank_Lateral)
[2026-08-14 12:20:34.459] [info] Frame 172 (t = 1.72):	 total squared error = 0.000563156, marker error: RMS = 0.00474618, max = 0.0141182 (L_Shank_Lateral)
[2026-08-14 12:20:34.503] [info] Frame 173 (t = 1.73):	 total squared error = 0.000582123, marker error: RMS = 0.00482545, max = 0.0142981 (L_Shank_Lateral)
[2026-08-14 12:20:34.524] [info] Frame 174 (t = 1.74):	 total squared error = 0.000599417, marker error: RMS = 0.00489660, max = 0.0143261 (L_Shank_Lateral)
[2026-08-14 12:20:34.560] [info] Frame 175 (t = 1.75):	 total squared error = 0.000594045, marker error: RMS = 0.00487461, max = 0.0141005 (L_Shank_Lateral)
[2026-08-14 12:20:34.585] [info] Frame 176 (t = 1.76):	 total squared error = 0.000590435, marker error: RMS = 0.00485977, max = 0.0138789 (L_Thigh_Lateral)
[2026-08-14 12:20:34.612] [info] Frame 177 (t = 1.77):	 total squared error = 0.000575191, marker error: RMS = 0.00479663, max = 0.0134904 (L_Shank_Lateral)
[2026-08-14 12:20:34.630] [info] Frame 178 (t = 1.78):	 total squared error = 0.000566610, marker error: RMS = 0.00476071, max = 0.0129839 (L_Thigh_Lateral)
[2026-08-14 12:20:34.649] [info] Frame 179 (t = 1.79):	 total squared error = 0.000548800, marker error: RMS = 0.00468530, max = 0.0123362 (L_Thigh_Lateral)
[2026-08-14 12:20:34.690] [info] Frame 180 (t = 1.8):	 total squared error = 0.000510833, marker error: RMS = 0.00452032, max = 0.0113514 (L_Thigh_Lateral)
[2026-08-14 12:20:34.720] [info] Frame 181 (t = 1.81):	 total squared error = 0.000491076, marker error: RMS = 0.00443205, max = 0.0105010 (L_Thigh_Lateral)
[2026-08-14 12:20:34.756] [info] Frame 182 (t = 1.82):	 total squared error = 0.000469924, marker error: RMS = 0.00433555, max = 0.00961547 (L_Thigh_Lateral)
[2026-08-14 12:20:34.781] [info] Frame 183 (t = 1.83):	 total squared error = 0.000458156, marker error: RMS = 0.00428092, max = 0.00879628 (L_Thigh_Lateral)
[2026-08-14 12:20:34.818] [info] Frame 184 (t = 1.84):	 total squared error = 0.000442584, marker error: RMS = 0.00420754, max = 0.00805887 (L_Thigh_Lateral)
[2026-08-14 12:20:34.844] [info] Frame 185 (t = 1.85):	 total squared error = 0.000446733, marker error: RMS = 0.00422721, max = 0.00775679 (Sternum)
[2026-08-14 12:20:34.890] [info] Frame 186 (t = 1.86):	 total squared error = 0.000455381, marker error: RMS = 0.00426793, max = 0.00805204 (Sternum)
[2026-08-14 12:20:34.917] [info] Frame 187 (t = 1.87):	 total squared error = 0.000489182, marker error: RMS = 0.00442349, max = 0.00869094 (L_Thigh_Lateral)
[2026-08-14 12:20:34.946] [info] Frame 188 (t = 1.88):	 total squared error = 0.000534481, marker error: RMS = 0.00462377, max = 0.00985848 (L_Thigh_Lateral)
[2026-08-14 12:20:34.967] [info] Frame 189 (t = 1.89):	 total squared error = 0.000595509, marker error: RMS = 0.00488061, max = 0.011194 (L_Thigh_Lateral)
[2026-08-14 12:20:34.998] [info] Frame 190 (t = 1.9):	 total squared error = 0.000655467, marker error: RMS = 0.00512042, max = 0.012332 (L_Thigh_Lateral)
[2026-08-14 12:20:35.019] [info] Frame 191 (t = 1.91):	 total squared error = 0.000712029, marker error: RMS = 0.00533677, max = 0.0132748 (L_Thigh_Lateral)
[2026-08-14 12:20:35.033] [info] Frame 192 (t = 1.92):	 total squared error = 0.000762476, marker error: RMS = 0.00552259, max = 0.0140240 (L_Thigh_Lateral)
[2026-08-14 12:20:35.058] [info] Frame 193 (t = 1.93):	 total squared error = 0.000767499, marker error: RMS = 0.00554075, max = 0.0138391 (L_Thigh_Lateral)
[2026-08-14 12:20:35.071] [info] Frame 194 (t = 1.94):	 total squared error = 0.000762421, marker error: RMS = 0.00552239, max = 0.0133938 (L_Thigh_Lateral)
[2026-08-14 12:20:35.090] [info] Frame 195 (t = 1.95):	 total squared error = 0.000728368, marker error: RMS = 0.00539766, max = 0.0125078 (L_Thigh_Lateral)
[2026-08-14 12:20:35.113] [info] Frame 196 (t = 1.96):	 total squared error = 0.000682772, marker error: RMS = 0.00522598, max = 0.0113353 (Sternum)
[2026-08-14 12:20:35.128] [info] Frame 197 (t = 1.97):	 total squared error = 0.000637487, marker error: RMS = 0.00504970, max = 0.011324 (Sternum)
[2026-08-14 12:20:35.162] [info] Frame 198 (t = 1.98):	 total squared error = 0.000579475, marker error: RMS = 0.00481446, max = 0.0111567 (Sternum)
[2026-08-14 12:20:35.182] [info] Frame 199 (t = 1.99):	 total squared error = 0.000537570, marker error: RMS = 0.00463711, max = 0.0109119 (Sternum)
[2026-08-14 12:20:35.205] [info] Frame 200 (t = 2.0):	 total squared error = 0.000502750, marker error: RMS = 0.00448442, max = 0.0105691 (Sternum)
[2026-08-14 12:20:35.235] [info] Frame 201 (t = 2.01):	 total squared error = 0.000471152, marker error: RMS = 0.00434121, max = 0.0102302 (Sternum)
[2026-08-14 12:20:35.258] [info] Frame 202 (t = 2.02):	 total squared error = 0.000446399, marker error: RMS = 0.00422563, max = 0.00980224 (Sternum)
[2026-08-14 12:20:35.294] [info] Frame 203 (t = 2.03):	 total squared error = 0.000408889, marker error: RMS = 0.00404420, max = 0.00935924 (Sternum)
[2026-08-14 12:20:35.317] [info] Frame 204 (t = 2.04):	 total squared error = 0.000390497, marker error: RMS = 0.00395220, max = 0.00893955 (Sternum)
[2026-08-14 12:20:35.345] [info] Frame 205 (t = 2.05):	 total squared error = 0.000378289, marker error: RMS = 0.00388993, max = 0.00858789 (Sternum)
[2026-08-14 12:20:35.371] [info] Frame 206 (t = 2.06):	 total squared error = 0.000374922, marker error: RMS = 0.00387258, max = 0.00823872 (Sternum)
[2026-08-14 12:20:35.402] [info] Frame 207 (t = 2.07):	 total squared error = 0.000379031, marker error: RMS = 0.00389374, max = 0.00789279 (Sternum)
[2026-08-14 12:20:35.431] [info] Frame 208 (t = 2.08):	 total squared error = 0.000387540, marker error: RMS = 0.00393721, max = 0.00760952 (Sternum)
[2026-08-14 12:20:35.470] [info] Frame 209 (t = 2.09):	 total squared error = 0.000393341, marker error: RMS = 0.00396656, max = 0.00745953 (R_Shank_Lateral)
[2026-08-14 12:20:35.504] [info] Frame 210 (t = 2.1):	 total squared error = 0.000392427, marker error: RMS = 0.00396195, max = 0.00764325 (R_Shank_Lateral)
[2026-08-14 12:20:35.524] [info] Frame 211 (t = 2.11):	 total squared error = 0.000392489, marker error: RMS = 0.00396226, max = 0.00724143 (R_Shank_Lateral)
[2026-08-14 12:20:35.564] [info] Frame 212 (t = 2.12):	 total squared error = 0.000369532, marker error: RMS = 0.00384464, max = 0.00678906 (R_Asis)
[2026-08-14 12:20:35.591] [info] Frame 213 (t = 2.13):	 total squared error = 0.000356106, marker error: RMS = 0.00377415, max = 0.00646746 (R_Asis)
[2026-08-14 12:20:35.620] [info] Frame 214 (t = 2.14):	 total squared error = 0.000344619, marker error: RMS = 0.00371278, max = 0.00688920 (R_Asis)
[2026-08-14 12:20:35.643] [info] Frame 215 (t = 2.15):	 total squared error = 0.000337010, marker error: RMS = 0.00367156, max = 0.00648362 (L_Thigh_Lateral)
[2026-08-14 12:20:35.669] [info] Frame 216 (t = 2.16):	 total squared error = 0.000329279, marker error: RMS = 0.00362921, max = 0.00670625 (L_Thigh_Lateral)
[2026-08-14 12:20:35.690] [info] Frame 217 (t = 2.17):	 total squared error = 0.000322673, marker error: RMS = 0.00359262, max = 0.00694111 (L_Thigh_Lateral)
[2026-08-14 12:20:35.711] [info] Frame 218 (t = 2.18):	 total squared error = 0.000309767, marker error: RMS = 0.00352004, max = 0.00691195 (L_Thigh_Lateral)
[2026-08-14 12:20:35.746] [info] Frame 219 (t = 2.19):	 total squared error = 0.000293489, marker error: RMS = 0.00342630, max = 0.00678759 (L_Thigh_Lateral)
[2026-08-14 12:20:35.768] [info] Frame 220 (t = 2.2):	 total squared error = 0.000287655, marker error: RMS = 0.00339208, max = 0.00683550 (L_Thigh_Lateral)
[2026-08-14 12:20:35.807] [info] Frame 221 (t = 2.21):	 total squared error = 0.000275647, marker error: RMS = 0.00332053, max = 0.00680520 (L_Thigh_Lateral)
[2026-08-14 12:20:35.824] [info] Frame 222 (t = 2.22):	 total squared error = 0.000273892, marker error: RMS = 0.00330994, max = 0.00675507 (L_Thigh_Lateral)
[2026-08-14 12:20:35.848] [info] Frame 223 (t = 2.23):	 total squared error = 0.000263790, marker error: RMS = 0.00324832, max = 0.00663665 (L_Thigh_Lateral)
[2026-08-14 12:20:35.859] [info] Frame 224 (t = 2.24):	 total squared error = 0.000269718, marker error: RMS = 0.00328462, max = 0.00685248 (R_Thigh_Lateral)
[2026-08-14 12:20:35.884] [info] Frame 225 (t = 2.25):	 total squared error = 0.000253682, marker error: RMS = 0.00318548, max = 0.00701207 (R_Thigh_Lateral)
[2026-08-14 12:20:35.897] [info] Frame 226 (t = 2.26):	 total squared error = 0.000261568, marker error: RMS = 0.00323461, max = 0.00717574 (R_Thigh_Lateral)
[2026-08-14 12:20:35.939] [info] Frame 227 (t = 2.27):	 total squared error = 0.000231793, marker error: RMS = 0.00304495, max = 0.00761697 (R_Thigh_Lateral)
[2026-08-14 12:20:35.949] [info] Frame 228 (t = 2.28):	 total squared error = 0.000241219, marker error: RMS = 0.00310624, max = 0.00752627 (R_Thigh_Lateral)
[2026-08-14 12:20:35.978] [info] Frame 229 (t = 2.29):	 total squared error = 0.000227455, marker error: RMS = 0.00301632, max = 0.00757066 (R_Thigh_Lateral)
[2026-08-14 12:20:36.009] [info] Frame 230 (t = 2.3):	 total squared error = 0.000225320, marker error: RMS = 0.00300213, max = 0.00747376 (R_Thigh_Lateral)
[2026-08-14 12:20:36.042] [info] Frame 231 (t = 2.31):	 total squared error = 0.000230325, marker error: RMS = 0.00303529, max = 0.00751199 (R_Thigh_Lateral)
[2026-08-14 12:20:36.060] [info] Frame 232 (t = 2.32):	 total squared error = 0.000249918, marker error: RMS = 0.00316176, max = 0.00780735 (R_Thigh_Lateral)
[2026-08-14 12:20:36.084] [info] Frame 233 (t = 2.33):	 total squared error = 0.000261147, marker error: RMS = 0.00323201, max = 0.00782022 (R_Thigh_Lateral)
[2026-08-14 12:20:36.101] [info] Frame 234 (t = 2.34):	 total squared error = 0.000298118, marker error: RMS = 0.00345322, max = 0.00846230 (R_Thigh_Lateral)
[2026-08-14 12:20:36.142] [info] Frame 235 (t = 2.35):	 total squared error = 0.000308250, marker error: RMS = 0.00351141, max = 0.00859926 (R_Thigh_Lateral)
[2026-08-14 12:20:36.161] [info] Frame 236 (t = 2.36):	 total squared error = 0.000356205, marker error: RMS = 0.00377468, max = 0.00940824 (R_Thigh_Lateral)
[2026-08-14 12:20:36.201] [info] Frame 237 (t = 2.37):	 total squared error = 0.000380119, marker error: RMS = 0.00389933, max = 0.00977601 (R_Thigh_Lateral)
[2026-08-14 12:20:36.231] [info] Frame 238 (t = 2.38):	 total squared error = 0.000420698, marker error: RMS = 0.00410218, max = 0.0104140 (R_Thigh_Lateral)
[2026-08-14 12:20:36.257] [info] Frame 239 (t = 2.39):	 total squared error = 0.000456835, marker error: RMS = 0.00427474, max = 0.0109427 (R_Thigh_Lateral)
[2026-08-14 12:20:36.294] [info] Frame 240 (t = 2.4):	 total squared error = 0.000475214, marker error: RMS = 0.00435988, max = 0.0110006 (R_Thigh_Lateral)
[2026-08-14 12:20:36.328] [info] Frame 241 (t = 2.41):	 total squared error = 0.000487465, marker error: RMS = 0.00441572, max = 0.0108787 (R_Thigh_Lateral)
[2026-08-14 12:20:36.347] [info] Frame 242 (t = 2.42):	 total squared error = 0.000497178, marker error: RMS = 0.00445950, max = 0.0104835 (R_Thigh_Lateral)
[2026-08-14 12:20:36.365] [info] Frame 243 (t = 2.43):	 total squared error = 0.000493884, marker error: RMS = 0.00444470, max = 0.00977779 (R_Thigh_Lateral)
[2026-08-14 12:20:36.407] [info] Frame 244 (t = 2.44):	 total squared error = 0.000457827, marker error: RMS = 0.00427938, max = 0.00883193 (R_Thigh_Lateral)
[2026-08-14 12:20:36.425] [info] Frame 245 (t = 2.45):	 total squared error = 0.000450567, marker error: RMS = 0.00424531, max = 0.00843031 (Sternum)
[2026-08-14 12:20:36.441] [info] Frame 246 (t = 2.46):	 total squared error = 0.000449862, marker error: RMS = 0.00424199, max = 0.00865221 (Sternum)
[2026-08-14 12:20:36.473] [info] Frame 247 (t = 2.47):	 total squared error = 0.000445068, marker error: RMS = 0.00421932, max = 0.00926139 (Sternum)
[2026-08-14 12:20:36.489] [info] Frame 248 (t = 2.48):	 total squared error = 0.000467335, marker error: RMS = 0.00432359, max = 0.00940935 (Sternum)
[2026-08-14 12:20:36.507] [info] Frame 249 (t = 2.49):	 total squared error = 0.000501045, marker error: RMS = 0.00447681, max = 0.00929341 (Sternum)
[2026-08-14 12:20:36.524] [info] Frame 250 (t = 2.5):	 total squared error = 0.000521562, marker error: RMS = 0.00456754, max = 0.00975258 (Sternum)
[2026-08-14 12:20:36.535] [info] Frame 251 (t = 2.51):	 total squared error = 0.000545027, marker error: RMS = 0.00466916, max = 0.00956527 (Sternum)
[2026-08-14 12:20:36.565] [info] Frame 252 (t = 2.52):	 total squared error = 0.000529190, marker error: RMS = 0.00460082, max = 0.0100476 (Sternum)
[2026-08-14 12:20:36.579] [info] Frame 253 (t = 2.53):	 total squared error = 0.000517951, marker error: RMS = 0.00455171, max = 0.00979935 (Sternum)
[2026-08-14 12:20:36.607] [info] Frame 254 (t = 2.54):	 total squared error = 0.000490984, marker error: RMS = 0.00443163, max = 0.0100245 (Sternum)
[2026-08-14 12:20:36.639] [info] Frame 255 (t = 2.55):	 total squared error = 0.000467298, marker error: RMS = 0.00432341, max = 0.00990266 (Sternum)
[2026-08-14 12:20:36.651] [info] Frame 256 (t = 2.56):	 total squared error = 0.000464307, marker error: RMS = 0.00430956, max = 0.00957504 (Sternum)
[2026-08-14 12:20:36.677] [info] Frame 257 (t = 2.57):	 total squared error = 0.000459387, marker error: RMS = 0.00428666, max = 0.00964426 (Sternum)
[2026-08-14 12:20:36.718] [info] Frame 258 (t = 2.58):	 total squared error = 0.000446365, marker error: RMS = 0.00422547, max = 0.00937036 (Sternum)
[2026-08-14 12:20:36.743] [info] Frame 259 (t = 2.59):	 total squared error = 0.000453079, marker error: RMS = 0.00425713, max = 0.00916697 (Sternum)
[2026-08-14 12:20:36.764] [info] Frame 260 (t = 2.6):	 total squared error = 0.000462364, marker error: RMS = 0.00430053, max = 0.00886789 (Sternum)
[2026-08-14 12:20:36.815] [info] Frame 261 (t = 2.61):	 total squared error = 0.000453044, marker error: RMS = 0.00425697, max = 0.00854186 (Sternum)
[2026-08-14 12:20:36.842] [info] Frame 262 (t = 2.62):	 total squared error = 0.000455351, marker error: RMS = 0.00426779, max = 0.00827511 (Sternum)
[2026-08-14 12:20:36.868] [info] Frame 263 (t = 2.63):	 total squared error = 0.000454851, marker error: RMS = 0.00426544, max = 0.00796125 (Sternum)
[2026-08-14 12:20:36.898] [info] Frame 264 (t = 2.64):	 total squared error = 0.000453341, marker error: RMS = 0.00425836, max = 0.00768196 (Sternum)
[2026-08-14 12:20:36.929] [info] Frame 265 (t = 2.65):	 total squared error = 0.000452198, marker error: RMS = 0.00425299, max = 0.00730707 (Sternum)
[2026-08-14 12:20:36.958] [info] Frame 266 (t = 2.66):	 total squared error = 0.000456129, marker error: RMS = 0.00427144, max = 0.00710426 (Sternum)
[2026-08-14 12:20:36.986] [info] Frame 267 (t = 2.67):	 total squared error = 0.000460902, marker error: RMS = 0.00429373, max = 0.00696190 (Sternum)
[2026-08-14 12:20:37.010] [info] Frame 268 (t = 2.68):	 total squared error = 0.000464839, marker error: RMS = 0.00431203, max = 0.00667768 (Sternum)
[2026-08-14 12:20:37.039] [info] Frame 269 (t = 2.69):	 total squared error = 0.000462523, marker error: RMS = 0.00430127, max = 0.00646381 (Sternum)
[2026-08-14 12:20:37.067] [info] Frame 270 (t = 2.7):	 total squared error = 0.000454133, marker error: RMS = 0.00426208, max = 0.00706448 (L_Thigh_Lateral)
[2026-08-14 12:20:37.103] [info] Frame 271 (t = 2.71):	 total squared error = 0.000436635, marker error: RMS = 0.00417916, max = 0.00775334 (L_Thigh_Lateral)
[2026-08-14 12:20:37.148] [info] Frame 272 (t = 2.72):	 total squared error = 0.000415051, marker error: RMS = 0.00407456, max = 0.00828392 (L_Thigh_Lateral)
[2026-08-14 12:20:37.191] [info] Frame 273 (t = 2.73):	 total squared error = 0.000390050, marker error: RMS = 0.00394993, max = 0.00848840 (L_Thigh_Lateral)
[2026-08-14 12:20:37.236] [info] Frame 274 (t = 2.74):	 total squared error = 0.000362382, marker error: RMS = 0.00380727, max = 0.00834787 (L_Thigh_Lateral)
[2026-08-14 12:20:37.262] [info] Frame 275 (t = 2.75):	 total squared error = 0.000335173, marker error: RMS = 0.00366155, max = 0.00812964 (L_Thigh_Lateral)
[2026-08-14 12:20:37.285] [info] Frame 276 (t = 2.76):	 total squared error = 0.000308802, marker error: RMS = 0.00351455, max = 0.00779718 (L_Thigh_Lateral)
[2026-08-14 12:20:37.319] [info] Frame 277 (t = 2.77):	 total squared error = 0.000285258, marker error: RMS = 0.00337792, max = 0.00742839 (L_Thigh_Lateral)
[2026-08-14 12:20:37.338] [info] Frame 278 (t = 2.78):	 total squared error = 0.000268097, marker error: RMS = 0.00327473, max = 0.00715778 (L_Thigh_Lateral)
[2026-08-14 12:20:37.365] [info] Frame 279 (t = 2.79):	 total squared error = 0.000252360, marker error: RMS = 0.00317717, max = 0.00699272 (L_Thigh_Lateral)
[2026-08-14 12:20:37.403] [info] Frame 280 (t = 2.8):	 total squared error = 0.000243106, marker error: RMS = 0.00311837, max = 0.00699824 (L_Thigh_Lateral)
[2026-08-14 12:20:37.422] [info] Frame 281 (t = 2.81):	 total squared error = 0.000246605, marker error: RMS = 0.00314073, max = 0.00711229 (L_Thigh_Lateral)
[2026-08-14 12:20:37.438] [info] Frame 282 (t = 2.82):	 total squared error = 0.000262457, marker error: RMS = 0.00324010, max = 0.00737326 (L_Thigh_Lateral)
[2026-08-14 12:20:37.458] [info] Frame 283 (t = 2.83):	 total squared error = 0.000278058, marker error: RMS = 0.00333502, max = 0.00764055 (L_Thigh_Lateral)
[2026-08-14 12:20:37.490] [info] Frame 284 (t = 2.84):	 total squared error = 0.000295974, marker error: RMS = 0.00344078, max = 0.00845822 (L_Thigh_Lateral)
[2026-08-14 12:20:37.515] [info] Frame 285 (t = 2.85):	 total squared error = 0.000341678, marker error: RMS = 0.00369691, max = 0.00898837 (L_Thigh_Lateral)
[2026-08-14 12:20:37.556] [info] Frame 286 (t = 2.86):	 total squared error = 0.000383680, marker error: RMS = 0.00391755, max = 0.00980872 (L_Thigh_Lateral)
[2026-08-14 12:20:37.580] [info] Frame 287 (t = 2.87):	 total squared error = 0.000445854, marker error: RMS = 0.00422305, max = 0.0104486 (L_Thigh_Lateral)
[2026-08-14 12:20:37.597] [info] Frame 288 (t = 2.88):	 total squared error = 0.000531866, marker error: RMS = 0.00461244, max = 0.0114109 (L_Thigh_Lateral)
[2026-08-14 12:20:37.645] [info] Frame 289 (t = 2.89):	 total squared error = 0.000564879, marker error: RMS = 0.00475344, max = 0.0119834 (L_Shank_Lateral)
[2026-08-14 12:20:37.693] [info] Frame 290 (t = 2.9):	 total squared error = 0.000629164, marker error: RMS = 0.00501663, max = 0.0126844 (L_Shank_Lateral)
[2026-08-14 12:20:37.709] [info] Frame 291 (t = 2.91):	 total squared error = 0.000708522, marker error: RMS = 0.00532362, max = 0.0134715 (L_Thigh_Lateral)
[2026-08-14 12:20:37.715] [info] InverseKinematicsTool completed 292 frames in 8 second(s).
[2026-08-14 12:20:37.769] [info] Loaded model SUBJ59-scaled from file C:\Users\migue\Downloads\TFG\2_JMP\SUBJ59\Walk_1\SUBJ59_1_JMP_results\SUBJ59_1_NMSM_JMP_06_shoulder_elbow.osim
[2026-08-14 12:20:38.431] [warning] Coordinate.setValue:  coordinate pro_sup_r is locked. Unable to change its value.
[2026-08-14 12:20:38.472] [warning] Coordinate.setValue:  coordinate pro_sup_l is locked. Unable to change its value.
[2026-08-14 12:21:30.731] [info] Loaded model SUBJ59-scaled from file C:\Users\migue\Downloads\TFG\2_JMP\SUBJ59\Walk_1\SUBJ59_1_JMP_results\SUBJ59_1_NMSM_JMP_07_upper_limb_final.osim
[2026-08-14 12:21:30.753] [cout] [info] 
               MODEL: SUBJ59-scaled
         coordinates: 41
              forces: 103
           actuators: 103
             muscles: 86
            analyses: 0
              probes: 0
              bodies: 24
              joints: 24
         constraints: 2
             markers: 25
         controllers: 0
  contact geometries: 0
misc modelcomponents: 0
[2026-08-14 12:21:30.753] [info] Running tool .
[2026-08-14 12:21:30.862] [info] Frame 0 (t = 0.0):	 total squared error = 0.000414377, marker error: RMS = 0.00407125, max = 0.0108486 (R_Shank_Lateral)
[2026-08-14 12:21:30.878] [info] Frame 1 (t = 0.01):	 total squared error = 0.000427248, marker error: RMS = 0.00413399, max = 0.0111941 (R_Shank_Lateral)
[2026-08-14 12:21:30.907] [info] Frame 2 (t = 0.02):	 total squared error = 0.000438136, marker error: RMS = 0.00418634, max = 0.0115403 (R_Shank_Lateral)
[2026-08-14 12:21:30.947] [info] Frame 3 (t = 0.03):	 total squared error = 0.000445940, marker error: RMS = 0.00422346, max = 0.0116717 (R_Thigh_Lateral)
[2026-08-14 12:21:30.965] [info] Frame 4 (t = 0.04):	 total squared error = 0.000464801, marker error: RMS = 0.00431185, max = 0.0118811 (R_Thigh_Lateral)
[2026-08-14 12:21:31.014] [info] Frame 5 (t = 0.05):	 total squared error = 0.000452475, marker error: RMS = 0.00425429, max = 0.0119899 (R_Thigh_Lateral)
[2026-08-14 12:21:31.040] [info] Frame 6 (t = 0.06):	 total squared error = 0.000446831, marker error: RMS = 0.00422768, max = 0.0118338 (R_Thigh_Lateral)
[2026-08-14 12:21:31.064] [info] Frame 7 (t = 0.07):	 total squared error = 0.000432143, marker error: RMS = 0.00415761, max = 0.0113406 (R_Thigh_Lateral)
[2026-08-14 12:21:31.089] [info] Frame 8 (t = 0.08):	 total squared error = 0.000406614, marker error: RMS = 0.00403294, max = 0.0106811 (R_Thigh_Lateral)
[2026-08-14 12:21:31.126] [info] Frame 9 (t = 0.09):	 total squared error = 0.000368109, marker error: RMS = 0.00383723, max = 0.00963827 (R_Thigh_Lateral)
[2026-08-14 12:21:31.151] [info] Frame 10 (t = 0.1):	 total squared error = 0.000348544, marker error: RMS = 0.00373387, max = 0.00881665 (R_Thigh_Lateral)
[2026-08-14 12:21:31.177] [info] Frame 11 (t = 0.11):	 total squared error = 0.000336070, marker error: RMS = 0.00366644, max = 0.00820322 (R_Thigh_Lateral)
[2026-08-14 12:21:31.213] [info] Frame 12 (t = 0.12):	 total squared error = 0.000328011, marker error: RMS = 0.00362221, max = 0.00796983 (R_Thigh_Lateral)
[2026-08-14 12:21:31.232] [info] Frame 13 (t = 0.13):	 total squared error = 0.000341160, marker error: RMS = 0.00369410, max = 0.00829524 (R_Thigh_Lateral)
[2026-08-14 12:21:31.259] [info] Frame 14 (t = 0.14):	 total squared error = 0.000360619, marker error: RMS = 0.00379800, max = 0.00893314 (R_Thigh_Lateral)
[2026-08-14 12:21:31.279] [info] Frame 15 (t = 0.15):	 total squared error = 0.000387220, marker error: RMS = 0.00393558, max = 0.00956548 (R_Thigh_Lateral)
[2026-08-14 12:21:31.299] [info] Frame 16 (t = 0.16):	 total squared error = 0.000410556, marker error: RMS = 0.00405244, max = 0.00999882 (R_Thigh_Lateral)
[2026-08-14 12:21:31.321] [info] Frame 17 (t = 0.17):	 total squared error = 0.000424188, marker error: RMS = 0.00411916, max = 0.0100954 (R_Thigh_Lateral)
[2026-08-14 12:21:31.333] [info] Frame 18 (t = 0.18):	 total squared error = 0.000432082, marker error: RMS = 0.00415732, max = 0.00980561 (R_Thigh_Lateral)
[2026-08-14 12:21:31.372] [info] Frame 19 (t = 0.19):	 total squared error = 0.000410632, marker error: RMS = 0.00405281, max = 0.00912594 (R_Thigh_Lateral)
[2026-08-14 12:21:31.383] [info] Frame 20 (t = 0.2):	 total squared error = 0.000396869, marker error: RMS = 0.00398431, max = 0.00789836 (R_Thigh_Lateral)
[2026-08-14 12:21:31.407] [info] Frame 21 (t = 0.21):	 total squared error = 0.000374322, marker error: RMS = 0.00386948, max = 0.00697016 (L_Thigh_Lateral)
[2026-08-14 12:21:31.453] [info] Frame 22 (t = 0.22):	 total squared error = 0.000351082, marker error: RMS = 0.00374744, max = 0.00686699 (Sternum)
[2026-08-14 12:21:31.474] [info] Frame 23 (t = 0.23):	 total squared error = 0.000344439, marker error: RMS = 0.00371181, max = 0.00680525 (Sternum)
[2026-08-14 12:21:31.511] [info] Frame 24 (t = 0.24):	 total squared error = 0.000337952, marker error: RMS = 0.00367669, max = 0.00674216 (Sternum)
[2026-08-14 12:21:31.530] [info] Frame 25 (t = 0.25):	 total squared error = 0.000345692, marker error: RMS = 0.00371856, max = 0.00652789 (Sternum)
[2026-08-14 12:21:31.552] [info] Frame 26 (t = 0.26):	 total squared error = 0.000357229, marker error: RMS = 0.00378010, max = 0.00638576 (Sternum)
[2026-08-14 12:21:31.594] [info] Frame 27 (t = 0.27):	 total squared error = 0.000355558, marker error: RMS = 0.00377125, max = 0.00636454 (Sacral)
[2026-08-14 12:21:31.616] [info] Frame 28 (t = 0.28):	 total squared error = 0.000363322, marker error: RMS = 0.00381220, max = 0.00646315 (Sacral)
[2026-08-14 12:21:31.640] [info] Frame 29 (t = 0.29):	 total squared error = 0.000358991, marker error: RMS = 0.00378941, max = 0.00641567 (L_Asis)
[2026-08-14 12:21:31.662] [info] Frame 30 (t = 0.3):	 total squared error = 0.000341774, marker error: RMS = 0.00369743, max = 0.00634457 (L_Asis)
[2026-08-14 12:21:31.709] [info] Frame 31 (t = 0.31):	 total squared error = 0.000309305, marker error: RMS = 0.00351741, max = 0.00687046 (L_Asis)
[2026-08-14 12:21:31.735] [info] Frame 32 (t = 0.32):	 total squared error = 0.000280566, marker error: RMS = 0.00335002, max = 0.00644485 (L_Asis)
[2026-08-14 12:21:31.760] [info] Frame 33 (t = 0.33):	 total squared error = 0.000256678, marker error: RMS = 0.00320424, max = 0.00598221 (L_Asis)
[2026-08-14 12:21:31.789] [info] Frame 34 (t = 0.34):	 total squared error = 0.000236676, marker error: RMS = 0.00307685, max = 0.00604831 (L_Asis)
[2026-08-14 12:21:31.812] [info] Frame 35 (t = 0.35):	 total squared error = 0.000228091, marker error: RMS = 0.00302053, max = 0.00544513 (L_Asis)
[2026-08-14 12:21:31.848] [info] Frame 36 (t = 0.36):	 total squared error = 0.000218808, marker error: RMS = 0.00295843, max = 0.00601500 (L_Asis)
[2026-08-14 12:21:31.873] [info] Frame 37 (t = 0.37):	 total squared error = 0.000219736, marker error: RMS = 0.00296470, max = 0.00572046 (L_Thigh_Lateral)
[2026-08-14 12:21:31.909] [info] Frame 38 (t = 0.38):	 total squared error = 0.000223719, marker error: RMS = 0.00299145, max = 0.00662410 (L_Thigh_Lateral)
[2026-08-14 12:21:31.936] [info] Frame 39 (t = 0.39):	 total squared error = 0.000230783, marker error: RMS = 0.00303831, max = 0.00770806 (L_Thigh_Lateral)
[2026-08-14 12:21:31.975] [info] Frame 40 (t = 0.4):	 total squared error = 0.000239110, marker error: RMS = 0.00309264, max = 0.00835626 (L_Thigh_Lateral)
[2026-08-14 12:21:31.994] [info] Frame 41 (t = 0.41):	 total squared error = 0.000249830, marker error: RMS = 0.00316120, max = 0.00909335 (L_Thigh_Lateral)
[2026-08-14 12:21:32.011] [info] Frame 42 (t = 0.42):	 total squared error = 0.000265951, marker error: RMS = 0.00326160, max = 0.00982147 (L_Thigh_Lateral)
[2026-08-14 12:21:32.047] [info] Frame 43 (t = 0.43):	 total squared error = 0.000274957, marker error: RMS = 0.00331637, max = 0.0102895 (L_Thigh_Lateral)
[2026-08-14 12:21:32.073] [info] Frame 44 (t = 0.44):	 total squared error = 0.000300638, marker error: RMS = 0.00346778, max = 0.0107450 (L_Thigh_Lateral)
[2026-08-14 12:21:32.111] [info] Frame 45 (t = 0.45):	 total squared error = 0.000332795, marker error: RMS = 0.00364853, max = 0.0115276 (L_Thigh_Lateral)
[2026-08-14 12:21:32.130] [info] Frame 46 (t = 0.46):	 total squared error = 0.000368110, marker error: RMS = 0.00383724, max = 0.0115061 (L_Thigh_Lateral)
[2026-08-14 12:21:32.155] [info] Frame 47 (t = 0.47):	 total squared error = 0.000394849, marker error: RMS = 0.00397416, max = 0.0117592 (L_Thigh_Lateral)
[2026-08-14 12:21:32.190] [info] Frame 48 (t = 0.48):	 total squared error = 0.000410718, marker error: RMS = 0.00405323, max = 0.0124848 (L_Thigh_Lateral)
[2026-08-14 12:21:32.201] [info] Frame 49 (t = 0.49):	 total squared error = 0.000434952, marker error: RMS = 0.00417110, max = 0.0125658 (L_Shank_Lateral)
[2026-08-14 12:21:32.222] [info] Frame 50 (t = 0.5):	 total squared error = 0.000424597, marker error: RMS = 0.00412115, max = 0.0126959 (L_Shank_Lateral)
[2026-08-14 12:21:32.244] [info] Frame 51 (t = 0.51):	 total squared error = 0.000414351, marker error: RMS = 0.00407112, max = 0.0124509 (L_Shank_Lateral)
[2026-08-14 12:21:32.255] [info] Frame 52 (t = 0.52):	 total squared error = 0.000417007, marker error: RMS = 0.00408415, max = 0.0121688 (L_Shank_Lateral)
[2026-08-14 12:21:32.292] [info] Frame 53 (t = 0.53):	 total squared error = 0.000387034, marker error: RMS = 0.00393463, max = 0.0116335 (L_Thigh_Lateral)
[2026-08-14 12:21:32.334] [info] Frame 54 (t = 0.54):	 total squared error = 0.000379517, marker error: RMS = 0.00389624, max = 0.0113166 (L_Thigh_Lateral)
[2026-08-14 12:21:32.361] [info] Frame 55 (t = 0.55):	 total squared error = 0.000384771, marker error: RMS = 0.00392312, max = 0.0112892 (L_Thigh_Lateral)
[2026-08-14 12:21:32.395] [info] Frame 56 (t = 0.56):	 total squared error = 0.000394051, marker error: RMS = 0.00397015, max = 0.0112709 (L_Thigh_Lateral)
[2026-08-14 12:21:32.410] [info] Frame 57 (t = 0.57):	 total squared error = 0.000424420, marker error: RMS = 0.00412029, max = 0.0120045 (L_Thigh_Lateral)
[2026-08-14 12:21:32.427] [info] Frame 58 (t = 0.58):	 total squared error = 0.000466058, marker error: RMS = 0.00431768, max = 0.0126914 (L_Thigh_Lateral)
[2026-08-14 12:21:32.463] [info] Frame 59 (t = 0.59):	 total squared error = 0.000471667, marker error: RMS = 0.00434358, max = 0.0123579 (L_Thigh_Lateral)
[2026-08-14 12:21:32.478] [info] Frame 60 (t = 0.6):	 total squared error = 0.000517559, marker error: RMS = 0.00454998, max = 0.0130986 (L_Thigh_Lateral)
[2026-08-14 12:21:32.517] [info] Frame 61 (t = 0.61):	 total squared error = 0.000538687, marker error: RMS = 0.00464193, max = 0.0130577 (L_Thigh_Lateral)
[2026-08-14 12:21:32.538] [info] Frame 62 (t = 0.62):	 total squared error = 0.000570272, marker error: RMS = 0.00477607, max = 0.013321 (L_Thigh_Lateral)
[2026-08-14 12:21:32.559] [info] Frame 63 (t = 0.63):	 total squared error = 0.000587981, marker error: RMS = 0.00484966, max = 0.0131148 (L_Thigh_Lateral)
[2026-08-14 12:21:32.595] [info] Frame 64 (t = 0.64):	 total squared error = 0.000569309, marker error: RMS = 0.00477204, max = 0.0124653 (L_Thigh_Lateral)
[2026-08-14 12:21:32.628] [info] Frame 65 (t = 0.65):	 total squared error = 0.000550009, marker error: RMS = 0.00469045, max = 0.0115188 (L_Thigh_Lateral)
[2026-08-14 12:21:32.656] [info] Frame 66 (t = 0.66):	 total squared error = 0.000523404, marker error: RMS = 0.00457561, max = 0.0102597 (L_Thigh_Lateral)
[2026-08-14 12:21:32.690] [info] Frame 67 (t = 0.67):	 total squared error = 0.000485405, marker error: RMS = 0.00440638, max = 0.00876581 (L_Thigh_Lateral)
[2026-08-14 12:21:32.730] [info] Frame 68 (t = 0.68):	 total squared error = 0.000455375, marker error: RMS = 0.00426790, max = 0.00891532 (Sternum)
[2026-08-14 12:21:32.758] [info] Frame 69 (t = 0.69):	 total squared error = 0.000441528, marker error: RMS = 0.00420251, max = 0.00931937 (Sternum)
[2026-08-14 12:21:32.784] [info] Frame 70 (t = 0.7):	 total squared error = 0.000447081, marker error: RMS = 0.00422886, max = 0.00974638 (Sternum)
[2026-08-14 12:21:32.829] [info] Frame 71 (t = 0.71):	 total squared error = 0.000461807, marker error: RMS = 0.00429794, max = 0.00984479 (Sternum)
[2026-08-14 12:21:32.852] [info] Frame 72 (t = 0.72):	 total squared error = 0.000508004, marker error: RMS = 0.00450779, max = 0.0102842 (Sternum)
[2026-08-14 12:21:32.884] [info] Frame 73 (t = 0.73):	 total squared error = 0.000562833, marker error: RMS = 0.00474482, max = 0.0105090 (Sternum)
[2026-08-14 12:21:32.902] [info] Frame 74 (t = 0.74):	 total squared error = 0.000628827, marker error: RMS = 0.00501529, max = 0.0108583 (Sternum)
[2026-08-14 12:21:32.924] [info] Frame 75 (t = 0.75):	 total squared error = 0.000687106, marker error: RMS = 0.00524254, max = 0.0117104 (L_Thigh_Lateral)
[2026-08-14 12:21:32.936] [info] Frame 76 (t = 0.76):	 total squared error = 0.000731901, marker error: RMS = 0.00541074, max = 0.0125354 (L_Thigh_Lateral)
[2026-08-14 12:21:32.947] [info] Frame 77 (t = 0.77):	 total squared error = 0.000747161, marker error: RMS = 0.00546685, max = 0.0125674 (L_Thigh_Lateral)
[2026-08-14 12:21:32.959] [info] Frame 78 (t = 0.78):	 total squared error = 0.000730367, marker error: RMS = 0.00540506, max = 0.0121468 (Sternum)
[2026-08-14 12:21:32.984] [info] Frame 79 (t = 0.79):	 total squared error = 0.000673281, marker error: RMS = 0.00518953, max = 0.0121521 (Sternum)
[2026-08-14 12:21:33.017] [info] Frame 80 (t = 0.8):	 total squared error = 0.000614192, marker error: RMS = 0.00495658, max = 0.0122213 (Sternum)
[2026-08-14 12:21:33.050] [info] Frame 81 (t = 0.81):	 total squared error = 0.000572378, marker error: RMS = 0.00478488, max = 0.012272 (Sternum)
[2026-08-14 12:21:33.085] [info] Frame 82 (t = 0.82):	 total squared error = 0.000538932, marker error: RMS = 0.00464298, max = 0.0122292 (Sternum)
[2026-08-14 12:21:33.110] [info] Frame 83 (t = 0.83):	 total squared error = 0.000530906, marker error: RMS = 0.00460828, max = 0.0121469 (Sternum)
[2026-08-14 12:21:33.158] [info] Frame 84 (t = 0.84):	 total squared error = 0.000523940, marker error: RMS = 0.00457795, max = 0.0119544 (Sternum)
[2026-08-14 12:21:33.182] [info] Frame 85 (t = 0.85):	 total squared error = 0.000533531, marker error: RMS = 0.00461966, max = 0.0117625 (Sternum)
[2026-08-14 12:21:33.207] [info] Frame 86 (t = 0.86):	 total squared error = 0.000549310, marker error: RMS = 0.00468747, max = 0.0115301 (Sternum)
[2026-08-14 12:21:33.234] [info] Frame 87 (t = 0.87):	 total squared error = 0.000566847, marker error: RMS = 0.00476171, max = 0.0112445 (Sternum)
[2026-08-14 12:21:33.256] [info] Frame 88 (t = 0.88):	 total squared error = 0.000584463, marker error: RMS = 0.00483513, max = 0.0109516 (Sternum)
[2026-08-14 12:21:33.283] [info] Frame 89 (t = 0.89):	 total squared error = 0.000589062, marker error: RMS = 0.00485412, max = 0.0106835 (Sternum)
[2026-08-14 12:21:33.327] [info] Frame 90 (t = 0.9):	 total squared error = 0.000582740, marker error: RMS = 0.00482800, max = 0.0103540 (Sternum)
[2026-08-14 12:21:33.367] [info] Frame 91 (t = 0.91):	 total squared error = 0.000576110, marker error: RMS = 0.00480046, max = 0.0100415 (Sternum)
[2026-08-14 12:21:33.395] [info] Frame 92 (t = 0.92):	 total squared error = 0.000568110, marker error: RMS = 0.00476701, max = 0.00970221 (Sternum)
[2026-08-14 12:21:33.436] [info] Frame 93 (t = 0.93):	 total squared error = 0.000560255, marker error: RMS = 0.00473394, max = 0.00942589 (Sternum)
[2026-08-14 12:21:33.456] [info] Frame 94 (t = 0.94):	 total squared error = 0.000556486, marker error: RMS = 0.00471799, max = 0.00897150 (Sternum)
[2026-08-14 12:21:33.490] [info] Frame 95 (t = 0.95):	 total squared error = 0.000537819, marker error: RMS = 0.00463819, max = 0.00873592 (Sternum)
[2026-08-14 12:21:33.518] [info] Frame 96 (t = 0.96):	 total squared error = 0.000520798, marker error: RMS = 0.00456420, max = 0.00827200 (Sternum)
[2026-08-14 12:21:33.545] [info] Frame 97 (t = 0.97):	 total squared error = 0.000501970, marker error: RMS = 0.00448094, max = 0.00778859 (Sternum)
[2026-08-14 12:21:33.579] [info] Frame 98 (t = 0.98):	 total squared error = 0.000483526, marker error: RMS = 0.00439785, max = 0.00814116 (R_Asis)
[2026-08-14 12:21:33.599] [info] Frame 99 (t = 0.99):	 total squared error = 0.000471233, marker error: RMS = 0.00434158, max = 0.00777451 (Sacral)
[2026-08-14 12:21:33.625] [info] Frame 100 (t = 1.0):	 total squared error = 0.000448317, marker error: RMS = 0.00423470, max = 0.00753413 (Sacral)
[2026-08-14 12:21:33.651] [info] Frame 101 (t = 1.01):	 total squared error = 0.000430796, marker error: RMS = 0.00415112, max = 0.00750787 (Sacral)
[2026-08-14 12:21:33.669] [info] Frame 102 (t = 1.02):	 total squared error = 0.000422403, marker error: RMS = 0.00411049, max = 0.00750491 (Sacral)
[2026-08-14 12:21:33.705] [info] Frame 103 (t = 1.03):	 total squared error = 0.000395911, marker error: RMS = 0.00397950, max = 0.00730894 (Sacral)
[2026-08-14 12:21:33.723] [info] Frame 104 (t = 1.04):	 total squared error = 0.000379459, marker error: RMS = 0.00389594, max = 0.00705407 (Sacral)
[2026-08-14 12:21:33.745] [info] Frame 105 (t = 1.05):	 total squared error = 0.000355998, marker error: RMS = 0.00377358, max = 0.00675602 (Sacral)
[2026-08-14 12:21:33.768] [info] Frame 106 (t = 1.06):	 total squared error = 0.000329755, marker error: RMS = 0.00363183, max = 0.00650627 (L_Thigh_Lateral)
[2026-08-14 12:21:33.799] [info] Frame 107 (t = 1.07):	 total squared error = 0.000302160, marker error: RMS = 0.00347655, max = 0.00635871 (L_Thigh_Lateral)
[2026-08-14 12:21:33.820] [info] Frame 108 (t = 1.08):	 total squared error = 0.000280061, marker error: RMS = 0.00334700, max = 0.00617306 (L_Thigh_Lateral)
[2026-08-14 12:21:33.840] [info] Frame 109 (t = 1.09):	 total squared error = 0.000259756, marker error: RMS = 0.00322339, max = 0.00601073 (L_Thigh_Lateral)
[2026-08-14 12:21:33.863] [info] Frame 110 (t = 1.1):	 total squared error = 0.000242464, marker error: RMS = 0.00311425, max = 0.00590826 (L_Thigh_Lateral)
[2026-08-14 12:21:33.874] [info] Frame 111 (t = 1.11):	 total squared error = 0.000243185, marker error: RMS = 0.00311888, max = 0.00574565 (L_Thigh_Lateral)
[2026-08-14 12:21:33.895] [info] Frame 112 (t = 1.12):	 total squared error = 0.000228565, marker error: RMS = 0.00302367, max = 0.00578658 (L_Thigh_Lateral)
[2026-08-14 12:21:33.926] [info] Frame 113 (t = 1.13):	 total squared error = 0.000217596, marker error: RMS = 0.00295023, max = 0.00588501 (R_Thigh_Lateral)
[2026-08-14 12:21:33.964] [info] Frame 114 (t = 1.14):	 total squared error = 0.000215186, marker error: RMS = 0.00293385, max = 0.00614954 (R_Thigh_Lateral)
[2026-08-14 12:21:33.983] [info] Frame 115 (t = 1.15):	 total squared error = 0.000226334, marker error: RMS = 0.00300888, max = 0.00659461 (R_Thigh_Lateral)
[2026-08-14 12:21:34.009] [info] Frame 116 (t = 1.16):	 total squared error = 0.000231059, marker error: RMS = 0.00304012, max = 0.00680080 (R_Thigh_Lateral)
[2026-08-14 12:21:34.037] [info] Frame 117 (t = 1.17):	 total squared error = 0.000236459, marker error: RMS = 0.00307545, max = 0.00714937 (R_Thigh_Lateral)
[2026-08-14 12:21:34.050] [info] Frame 118 (t = 1.18):	 total squared error = 0.000263437, marker error: RMS = 0.00324615, max = 0.00792183 (R_Thigh_Lateral)
[2026-08-14 12:21:34.067] [info] Frame 119 (t = 1.19):	 total squared error = 0.000297516, marker error: RMS = 0.00344973, max = 0.00884660 (R_Thigh_Lateral)
[2026-08-14 12:21:34.108] [info] Frame 120 (t = 1.2):	 total squared error = 0.000294691, marker error: RMS = 0.00343332, max = 0.00900163 (R_Thigh_Lateral)
[2026-08-14 12:21:34.127] [info] Frame 121 (t = 1.21):	 total squared error = 0.000328824, marker error: RMS = 0.00362670, max = 0.00981864 (R_Thigh_Lateral)
[2026-08-14 12:21:34.164] [info] Frame 122 (t = 1.22):	 total squared error = 0.000350798, marker error: RMS = 0.00374592, max = 0.0102559 (R_Thigh_Lateral)
[2026-08-14 12:21:34.178] [info] Frame 123 (t = 1.23):	 total squared error = 0.000394200, marker error: RMS = 0.00397090, max = 0.0106424 (R_Thigh_Lateral)
[2026-08-14 12:21:34.212] [info] Frame 124 (t = 1.24):	 total squared error = 0.000391005, marker error: RMS = 0.00395477, max = 0.0107624 (R_Thigh_Lateral)
[2026-08-14 12:21:34.238] [info] Frame 125 (t = 1.25):	 total squared error = 0.000398224, marker error: RMS = 0.00399111, max = 0.0105873 (R_Thigh_Lateral)
[2026-08-14 12:21:34.271] [info] Frame 126 (t = 1.26):	 total squared error = 0.000381818, marker error: RMS = 0.00390803, max = 0.00976233 (R_Thigh_Lateral)
[2026-08-14 12:21:34.301] [info] Frame 127 (t = 1.27):	 total squared error = 0.000363839, marker error: RMS = 0.00381491, max = 0.00879005 (R_Thigh_Lateral)
[2026-08-14 12:21:34.333] [info] Frame 128 (t = 1.28):	 total squared error = 0.000339086, marker error: RMS = 0.00368286, max = 0.00760197 (R_Thigh_Lateral)
[2026-08-14 12:21:34.355] [info] Frame 129 (t = 1.29):	 total squared error = 0.000330717, marker error: RMS = 0.00363713, max = 0.00723879 (Sternum)
[2026-08-14 12:21:34.374] [info] Frame 130 (t = 1.3):	 total squared error = 0.000339666, marker error: RMS = 0.00368601, max = 0.00768616 (Sternum)
[2026-08-14 12:21:34.404] [info] Frame 131 (t = 1.31):	 total squared error = 0.000360869, marker error: RMS = 0.00379931, max = 0.00809609 (Sternum)
[2026-08-14 12:21:34.416] [info] Frame 132 (t = 1.32):	 total squared error = 0.000415194, marker error: RMS = 0.00407526, max = 0.00864305 (R_Thigh_Lateral)
[2026-08-14 12:21:34.440] [info] Frame 133 (t = 1.33):	 total squared error = 0.000454269, marker error: RMS = 0.00426272, max = 0.00953265 (R_Thigh_Lateral)
[2026-08-14 12:21:34.459] [info] Frame 134 (t = 1.34):	 total squared error = 0.000492982, marker error: RMS = 0.00444064, max = 0.0102378 (R_Thigh_Lateral)
[2026-08-14 12:21:34.469] [info] Frame 135 (t = 1.35):	 total squared error = 0.000519197, marker error: RMS = 0.00455718, max = 0.0102659 (R_Thigh_Lateral)
[2026-08-14 12:21:34.495] [info] Frame 136 (t = 1.36):	 total squared error = 0.000509475, marker error: RMS = 0.00451431, max = 0.00975564 (Sternum)
[2026-08-14 12:21:34.507] [info] Frame 137 (t = 1.37):	 total squared error = 0.000494228, marker error: RMS = 0.00444625, max = 0.00978535 (Sternum)
[2026-08-14 12:21:34.530] [info] Frame 138 (t = 1.38):	 total squared error = 0.000465641, marker error: RMS = 0.00431574, max = 0.00988496 (Sternum)
[2026-08-14 12:21:34.543] [info] Frame 139 (t = 1.39):	 total squared error = 0.000454307, marker error: RMS = 0.00426289, max = 0.00979014 (Sternum)
[2026-08-14 12:21:34.604] [info] Frame 140 (t = 1.4):	 total squared error = 0.000426914, marker error: RMS = 0.00413238, max = 0.00972685 (Sternum)
[2026-08-14 12:21:34.628] [info] Frame 141 (t = 1.41):	 total squared error = 0.000429384, marker error: RMS = 0.00414432, max = 0.00964545 (Sternum)
[2026-08-14 12:21:34.652] [info] Frame 142 (t = 1.42):	 total squared error = 0.000437658, marker error: RMS = 0.00418406, max = 0.00954677 (Sternum)
[2026-08-14 12:21:34.675] [info] Frame 143 (t = 1.43):	 total squared error = 0.000451127, marker error: RMS = 0.00424795, max = 0.00936082 (Sternum)
[2026-08-14 12:21:34.719] [info] Frame 144 (t = 1.44):	 total squared error = 0.000440887, marker error: RMS = 0.00419946, max = 0.00922673 (Sternum)
[2026-08-14 12:21:34.742] [info] Frame 145 (t = 1.45):	 total squared error = 0.000456282, marker error: RMS = 0.00427215, max = 0.00905835 (Sternum)
[2026-08-14 12:21:34.775] [info] Frame 146 (t = 1.46):	 total squared error = 0.000466769, marker error: RMS = 0.00432097, max = 0.00891632 (Sternum)
[2026-08-14 12:21:34.799] [info] Frame 147 (t = 1.47):	 total squared error = 0.000474719, marker error: RMS = 0.00435761, max = 0.00868481 (Sternum)
[2026-08-14 12:21:34.823] [info] Frame 148 (t = 1.48):	 total squared error = 0.000480203, marker error: RMS = 0.00438271, max = 0.00850967 (Sternum)
[2026-08-14 12:21:34.863] [info] Frame 149 (t = 1.49):	 total squared error = 0.000474452, marker error: RMS = 0.00435638, max = 0.00811510 (Sternum)
[2026-08-14 12:21:34.894] [info] Frame 150 (t = 1.5):	 total squared error = 0.000468162, marker error: RMS = 0.00432741, max = 0.00786802 (Sternum)
[2026-08-14 12:21:34.919] [info] Frame 151 (t = 1.51):	 total squared error = 0.000460340, marker error: RMS = 0.00429111, max = 0.00768593 (Sternum)
[2026-08-14 12:21:34.946] [info] Frame 152 (t = 1.52):	 total squared error = 0.000447941, marker error: RMS = 0.00423293, max = 0.00723951 (Sternum)
[2026-08-14 12:21:34.974] [info] Frame 153 (t = 1.53):	 total squared error = 0.000433959, marker error: RMS = 0.00416633, max = 0.00693830 (Sternum)
[2026-08-14 12:21:35.001] [info] Frame 154 (t = 1.54):	 total squared error = 0.000421736, marker error: RMS = 0.00410724, max = 0.00670617 (L_Thigh_Lateral)
[2026-08-14 12:21:35.035] [info] Frame 155 (t = 1.55):	 total squared error = 0.000407771, marker error: RMS = 0.00403867, max = 0.00729567 (L_Thigh_Lateral)
[2026-08-14 12:21:35.066] [info] Frame 156 (t = 1.56):	 total squared error = 0.000397441, marker error: RMS = 0.00398718, max = 0.00797503 (L_Thigh_Lateral)
[2026-08-14 12:21:35.104] [info] Frame 157 (t = 1.57):	 total squared error = 0.000389267, marker error: RMS = 0.00394597, max = 0.00856245 (L_Thigh_Lateral)
[2026-08-14 12:21:35.136] [info] Frame 158 (t = 1.58):	 total squared error = 0.000382279, marker error: RMS = 0.00391039, max = 0.00873069 (L_Thigh_Lateral)
[2026-08-14 12:21:35.155] [info] Frame 159 (t = 1.59):	 total squared error = 0.000380897, marker error: RMS = 0.00390332, max = 0.00896364 (L_Thigh_Lateral)
[2026-08-14 12:21:35.180] [info] Frame 160 (t = 1.6):	 total squared error = 0.000375962, marker error: RMS = 0.00387795, max = 0.00912928 (L_Thigh_Lateral)
[2026-08-14 12:21:35.200] [info] Frame 161 (t = 1.61):	 total squared error = 0.000376464, marker error: RMS = 0.00388053, max = 0.00920791 (L_Thigh_Lateral)
[2026-08-14 12:21:35.219] [info] Frame 162 (t = 1.62):	 total squared error = 0.000381625, marker error: RMS = 0.00390705, max = 0.00928011 (L_Thigh_Lateral)
[2026-08-14 12:21:35.259] [info] Frame 163 (t = 1.63):	 total squared error = 0.000371627, marker error: RMS = 0.00385553, max = 0.00997993 (L_Thigh_Lateral)
[2026-08-14 12:21:35.278] [info] Frame 164 (t = 1.64):	 total squared error = 0.000373422, marker error: RMS = 0.00386483, max = 0.0100272 (L_Thigh_Lateral)
[2026-08-14 12:21:35.298] [info] Frame 165 (t = 1.65):	 total squared error = 0.000378818, marker error: RMS = 0.00389265, max = 0.0101655 (L_Thigh_Lateral)
[2026-08-14 12:21:35.312] [info] Frame 166 (t = 1.66):	 total squared error = 0.000401861, marker error: RMS = 0.00400929, max = 0.0104359 (L_Thigh_Lateral)
[2026-08-14 12:21:35.348] [info] Frame 167 (t = 1.67):	 total squared error = 0.000396237, marker error: RMS = 0.00398114, max = 0.0115498 (L_Thigh_Lateral)
[2026-08-14 12:21:35.360] [info] Frame 168 (t = 1.68):	 total squared error = 0.000438730, marker error: RMS = 0.00418918, max = 0.0117908 (L_Thigh_Lateral)
[2026-08-14 12:21:35.383] [info] Frame 169 (t = 1.69):	 total squared error = 0.000463972, marker error: RMS = 0.00430800, max = 0.0126059 (L_Shank_Lateral)
[2026-08-14 12:21:35.413] [info] Frame 170 (t = 1.7):	 total squared error = 0.000493716, marker error: RMS = 0.00444394, max = 0.0130811 (L_Shank_Lateral)
[2026-08-14 12:21:35.431] [info] Frame 171 (t = 1.71):	 total squared error = 0.000538777, marker error: RMS = 0.00464231, max = 0.0137439 (L_Shank_Lateral)
[2026-08-14 12:21:35.458] [info] Frame 172 (t = 1.72):	 total squared error = 0.000561418, marker error: RMS = 0.00473885, max = 0.0142253 (L_Shank_Lateral)
[2026-08-14 12:21:35.477] [info] Frame 173 (t = 1.73):	 total squared error = 0.000592369, marker error: RMS = 0.00486773, max = 0.0143753 (L_Shank_Lateral)
[2026-08-14 12:21:35.514] [info] Frame 174 (t = 1.74):	 total squared error = 0.000583967, marker error: RMS = 0.00483308, max = 0.0143004 (L_Shank_Lateral)
[2026-08-14 12:21:35.530] [info] Frame 175 (t = 1.75):	 total squared error = 0.000592316, marker error: RMS = 0.00486751, max = 0.014239 (L_Thigh_Lateral)
[2026-08-14 12:21:35.557] [info] Frame 176 (t = 1.76):	 total squared error = 0.000580013, marker error: RMS = 0.00481669, max = 0.0139912 (L_Shank_Lateral)
[2026-08-14 12:21:35.578] [info] Frame 177 (t = 1.77):	 total squared error = 0.000569672, marker error: RMS = 0.00477356, max = 0.0135392 (L_Thigh_Lateral)
[2026-08-14 12:21:35.603] [info] Frame 178 (t = 1.78):	 total squared error = 0.000547988, marker error: RMS = 0.00468183, max = 0.0128824 (L_Shank_Lateral)
[2026-08-14 12:21:35.641] [info] Frame 179 (t = 1.79):	 total squared error = 0.000516452, marker error: RMS = 0.00454512, max = 0.0120740 (L_Thigh_Lateral)
[2026-08-14 12:21:35.667] [info] Frame 180 (t = 1.8):	 total squared error = 0.000495899, marker error: RMS = 0.00445376, max = 0.0113133 (L_Thigh_Lateral)
[2026-08-14 12:21:35.688] [info] Frame 181 (t = 1.81):	 total squared error = 0.000478525, marker error: RMS = 0.00437504, max = 0.0105179 (L_Thigh_Lateral)
[2026-08-14 12:21:35.726] [info] Frame 182 (t = 1.82):	 total squared error = 0.000448315, marker error: RMS = 0.00423469, max = 0.00954516 (L_Thigh_Lateral)
[2026-08-14 12:21:35.752] [info] Frame 183 (t = 1.83):	 total squared error = 0.000434543, marker error: RMS = 0.00416914, max = 0.00872776 (L_Thigh_Lateral)
[2026-08-14 12:21:35.787] [info] Frame 184 (t = 1.84):	 total squared error = 0.000418385, marker error: RMS = 0.00409089, max = 0.00796649 (L_Thigh_Lateral)
[2026-08-14 12:21:35.813] [info] Frame 185 (t = 1.85):	 total squared error = 0.000420734, marker error: RMS = 0.00410236, max = 0.00778326 (Sternum)
[2026-08-14 12:21:35.849] [info] Frame 186 (t = 1.86):	 total squared error = 0.000427870, marker error: RMS = 0.00413701, max = 0.00804153 (Sternum)
[2026-08-14 12:21:35.877] [info] Frame 187 (t = 1.87):	 total squared error = 0.000459519, marker error: RMS = 0.00428728, max = 0.00860187 (L_Thigh_Lateral)
[2026-08-14 12:21:35.899] [info] Frame 188 (t = 1.88):	 total squared error = 0.000506178, marker error: RMS = 0.00449968, max = 0.00980028 (L_Thigh_Lateral)
[2026-08-14 12:21:35.938] [info] Frame 189 (t = 1.89):	 total squared error = 0.000561130, marker error: RMS = 0.00473764, max = 0.0110632 (L_Thigh_Lateral)
[2026-08-14 12:21:35.970] [info] Frame 190 (t = 1.9):	 total squared error = 0.000622686, marker error: RMS = 0.00499073, max = 0.012165 (L_Thigh_Lateral)
[2026-08-14 12:21:35.993] [info] Frame 191 (t = 1.91):	 total squared error = 0.000678758, marker error: RMS = 0.00521060, max = 0.0131778 (L_Thigh_Lateral)
[2026-08-14 12:21:36.016] [info] Frame 192 (t = 1.92):	 total squared error = 0.000717325, marker error: RMS = 0.00535658, max = 0.0136853 (L_Thigh_Lateral)
[2026-08-14 12:21:36.029] [info] Frame 193 (t = 1.93):	 total squared error = 0.000740007, marker error: RMS = 0.00544061, max = 0.0139011 (L_Thigh_Lateral)
[2026-08-14 12:21:36.043] [info] Frame 194 (t = 1.94):	 total squared error = 0.000733354, marker error: RMS = 0.00541610, max = 0.0133743 (L_Thigh_Lateral)
[2026-08-14 12:21:36.064] [info] Frame 195 (t = 1.95):	 total squared error = 0.000694919, marker error: RMS = 0.00527226, max = 0.0124288 (L_Thigh_Lateral)
[2026-08-14 12:21:36.091] [info] Frame 196 (t = 1.96):	 total squared error = 0.000645312, marker error: RMS = 0.00508060, max = 0.0112671 (Sternum)
[2026-08-14 12:21:36.105] [info] Frame 197 (t = 1.97):	 total squared error = 0.000599234, marker error: RMS = 0.00489585, max = 0.0112537 (Sternum)
[2026-08-14 12:21:36.130] [info] Frame 198 (t = 1.98):	 total squared error = 0.000549930, marker error: RMS = 0.00469012, max = 0.0111228 (Sternum)
[2026-08-14 12:21:36.154] [info] Frame 199 (t = 1.99):	 total squared error = 0.000506842, marker error: RMS = 0.00450263, max = 0.0108736 (Sternum)
[2026-08-14 12:21:36.176] [info] Frame 200 (t = 2.0):	 total squared error = 0.000472907, marker error: RMS = 0.00434928, max = 0.0105354 (Sternum)
[2026-08-14 12:21:36.199] [info] Frame 201 (t = 2.01):	 total squared error = 0.000445946, marker error: RMS = 0.00422349, max = 0.0101601 (Sternum)
[2026-08-14 12:21:36.220] [info] Frame 202 (t = 2.02):	 total squared error = 0.000423403, marker error: RMS = 0.00411535, max = 0.00977350 (Sternum)
[2026-08-14 12:21:36.261] [info] Frame 203 (t = 2.03):	 total squared error = 0.000385214, marker error: RMS = 0.00392538, max = 0.00929470 (Sternum)
[2026-08-14 12:21:36.280] [info] Frame 204 (t = 2.04):	 total squared error = 0.000371037, marker error: RMS = 0.00385246, max = 0.00883594 (Sternum)
[2026-08-14 12:21:36.319] [info] Frame 205 (t = 2.05):	 total squared error = 0.000356986, marker error: RMS = 0.00377881, max = 0.00859256 (Sternum)
[2026-08-14 12:21:36.345] [info] Frame 206 (t = 2.06):	 total squared error = 0.000353899, marker error: RMS = 0.00376244, max = 0.00821405 (Sternum)
[2026-08-14 12:21:36.375] [info] Frame 207 (t = 2.07):	 total squared error = 0.000359718, marker error: RMS = 0.00379325, max = 0.00795630 (Sternum)
[2026-08-14 12:21:36.404] [info] Frame 208 (t = 2.08):	 total squared error = 0.000370047, marker error: RMS = 0.00384732, max = 0.00764644 (Sternum)
[2026-08-14 12:21:36.432] [info] Frame 209 (t = 2.09):	 total squared error = 0.000378207, marker error: RMS = 0.00388951, max = 0.00756256 (R_Shank_Lateral)
[2026-08-14 12:21:36.455] [info] Frame 210 (t = 2.1):	 total squared error = 0.000379210, marker error: RMS = 0.00389466, max = 0.00769991 (R_Shank_Lateral)
[2026-08-14 12:21:36.492] [info] Frame 211 (t = 2.11):	 total squared error = 0.000371507, marker error: RMS = 0.00385490, max = 0.00739434 (R_Shank_Lateral)
[2026-08-14 12:21:36.522] [info] Frame 212 (t = 2.12):	 total squared error = 0.000358761, marker error: RMS = 0.00378820, max = 0.00671021 (R_Shank_Lateral)
[2026-08-14 12:21:36.562] [info] Frame 213 (t = 2.13):	 total squared error = 0.000346396, marker error: RMS = 0.00372234, max = 0.00683353 (R_Asis)
[2026-08-14 12:21:36.583] [info] Frame 214 (t = 2.14):	 total squared error = 0.000339081, marker error: RMS = 0.00368283, max = 0.00628445 (L_Thigh_Lateral)
[2026-08-14 12:21:36.618] [info] Frame 215 (t = 2.15):	 total squared error = 0.000330200, marker error: RMS = 0.00363428, max = 0.00659991 (R_Asis)
[2026-08-14 12:21:36.644] [info] Frame 216 (t = 2.16):	 total squared error = 0.000323870, marker error: RMS = 0.00359928, max = 0.00664864 (L_Thigh_Lateral)
[2026-08-14 12:21:36.684] [info] Frame 217 (t = 2.17):	 total squared error = 0.000314980, marker error: RMS = 0.00354954, max = 0.00668186 (L_Thigh_Lateral)
[2026-08-14 12:21:36.709] [info] Frame 218 (t = 2.18):	 total squared error = 0.000305605, marker error: RMS = 0.00349631, max = 0.00684038 (L_Thigh_Lateral)
[2026-08-14 12:21:36.747] [info] Frame 219 (t = 2.19):	 total squared error = 0.000294592, marker error: RMS = 0.00343274, max = 0.00682023 (L_Thigh_Lateral)
[2026-08-14 12:21:36.762] [info] Frame 220 (t = 2.2):	 total squared error = 0.000293357, marker error: RMS = 0.00342554, max = 0.00678366 (L_Thigh_Lateral)
[2026-08-14 12:21:36.805] [info] Frame 221 (t = 2.21):	 total squared error = 0.000278963, marker error: RMS = 0.00334044, max = 0.00680528 (L_Thigh_Lateral)
[2026-08-14 12:21:36.823] [info] Frame 222 (t = 2.22):	 total squared error = 0.000277598, marker error: RMS = 0.00333225, max = 0.00677489 (L_Thigh_Lateral)
[2026-08-14 12:21:36.845] [info] Frame 223 (t = 2.23):	 total squared error = 0.000268913, marker error: RMS = 0.00327971, max = 0.00668864 (L_Thigh_Lateral)
[2026-08-14 12:21:36.882] [info] Frame 224 (t = 2.24):	 total squared error = 0.000257290, marker error: RMS = 0.00320805, max = 0.00702213 (R_Thigh_Lateral)
[2026-08-14 12:21:36.903] [info] Frame 225 (t = 2.25):	 total squared error = 0.000249954, marker error: RMS = 0.00316198, max = 0.00720272 (R_Thigh_Lateral)
[2026-08-14 12:21:36.914] [info] Frame 226 (t = 2.26):	 total squared error = 0.000255754, marker error: RMS = 0.00319846, max = 0.00728919 (R_Thigh_Lateral)
[2026-08-14 12:21:36.954] [info] Frame 227 (t = 2.27):	 total squared error = 0.000232456, marker error: RMS = 0.00304930, max = 0.00753108 (R_Thigh_Lateral)
[2026-08-14 12:21:36.972] [info] Frame 228 (t = 2.28):	 total squared error = 0.000231139, marker error: RMS = 0.00304065, max = 0.00762853 (R_Thigh_Lateral)
[2026-08-14 12:21:37.015] [info] Frame 229 (t = 2.29):	 total squared error = 0.000222362, marker error: RMS = 0.00298236, max = 0.00752821 (R_Thigh_Lateral)
[2026-08-14 12:21:37.035] [info] Frame 230 (t = 2.3):	 total squared error = 0.000228176, marker error: RMS = 0.00302110, max = 0.00764870 (R_Thigh_Lateral)
[2026-08-14 12:21:37.066] [info] Frame 231 (t = 2.31):	 total squared error = 0.000227417, marker error: RMS = 0.00301607, max = 0.00756149 (R_Thigh_Lateral)
[2026-08-14 12:21:37.081] [info] Frame 232 (t = 2.32):	 total squared error = 0.000247297, marker error: RMS = 0.00314513, max = 0.00782715 (R_Thigh_Lateral)
[2026-08-14 12:21:37.100] [info] Frame 233 (t = 2.33):	 total squared error = 0.000277298, marker error: RMS = 0.00333045, max = 0.00822693 (R_Thigh_Lateral)
[2026-08-14 12:21:37.143] [info] Frame 234 (t = 2.34):	 total squared error = 0.000273536, marker error: RMS = 0.00330779, max = 0.00816652 (R_Thigh_Lateral)
[2026-08-14 12:21:37.168] [info] Frame 235 (t = 2.35):	 total squared error = 0.000305912, marker error: RMS = 0.00349807, max = 0.00872987 (R_Thigh_Lateral)
[2026-08-14 12:21:37.203] [info] Frame 236 (t = 2.36):	 total squared error = 0.000335266, marker error: RMS = 0.00366205, max = 0.00914943 (R_Thigh_Lateral)
[2026-08-14 12:21:37.245] [info] Frame 237 (t = 2.37):	 total squared error = 0.000371447, marker error: RMS = 0.00385459, max = 0.00971155 (R_Thigh_Lateral)
[2026-08-14 12:21:37.270] [info] Frame 238 (t = 2.38):	 total squared error = 0.000413232, marker error: RMS = 0.00406562, max = 0.0104500 (R_Thigh_Lateral)
[2026-08-14 12:21:37.307] [info] Frame 239 (t = 2.39):	 total squared error = 0.000439962, marker error: RMS = 0.00419505, max = 0.0107396 (R_Thigh_Lateral)
[2026-08-14 12:21:37.340] [info] Frame 240 (t = 2.4):	 total squared error = 0.000463812, marker error: RMS = 0.00430726, max = 0.0109194 (R_Thigh_Lateral)
[2026-08-14 12:21:37.360] [info] Frame 241 (t = 2.41):	 total squared error = 0.000484468, marker error: RMS = 0.00440213, max = 0.0108701 (R_Thigh_Lateral)
[2026-08-14 12:21:37.394] [info] Frame 242 (t = 2.42):	 total squared error = 0.000473189, marker error: RMS = 0.00435058, max = 0.0104079 (R_Thigh_Lateral)
[2026-08-14 12:21:37.418] [info] Frame 243 (t = 2.43):	 total squared error = 0.000464066, marker error: RMS = 0.00430844, max = 0.00975646 (R_Thigh_Lateral)
[2026-08-14 12:21:37.453] [info] Frame 244 (t = 2.44):	 total squared error = 0.000440446, marker error: RMS = 0.00419736, max = 0.00875995 (R_Thigh_Lateral)
[2026-08-14 12:21:37.474] [info] Frame 245 (t = 2.45):	 total squared error = 0.000427273, marker error: RMS = 0.00413412, max = 0.00856238 (Sternum)
[2026-08-14 12:21:37.499] [info] Frame 246 (t = 2.46):	 total squared error = 0.000418712, marker error: RMS = 0.00409249, max = 0.00893350 (Sternum)
[2026-08-14 12:21:37.520] [info] Frame 247 (t = 2.47):	 total squared error = 0.000425186, marker error: RMS = 0.00412401, max = 0.00914085 (Sternum)
[2026-08-14 12:21:37.537] [info] Frame 248 (t = 2.48):	 total squared error = 0.000444290, marker error: RMS = 0.00421564, max = 0.00939412 (Sternum)
[2026-08-14 12:21:37.570] [info] Frame 249 (t = 2.49):	 total squared error = 0.000465380, marker error: RMS = 0.00431453, max = 0.00958086 (Sternum)
[2026-08-14 12:21:37.591] [info] Frame 250 (t = 2.5):	 total squared error = 0.000489266, marker error: RMS = 0.00442387, max = 0.00965399 (Sternum)
[2026-08-14 12:21:37.604] [info] Frame 251 (t = 2.51):	 total squared error = 0.000510442, marker error: RMS = 0.00451859, max = 0.00945968 (Sternum)
[2026-08-14 12:21:37.633] [info] Frame 252 (t = 2.52):	 total squared error = 0.000497972, marker error: RMS = 0.00446306, max = 0.00986778 (Sternum)
[2026-08-14 12:21:37.653] [info] Frame 253 (t = 2.53):	 total squared error = 0.000481994, marker error: RMS = 0.00439087, max = 0.00984547 (Sternum)
[2026-08-14 12:21:37.665] [info] Frame 254 (t = 2.54):	 total squared error = 0.000465653, marker error: RMS = 0.00431580, max = 0.00956263 (Sternum)
[2026-08-14 12:21:37.687] [info] Frame 255 (t = 2.55):	 total squared error = 0.000443402, marker error: RMS = 0.00421142, max = 0.00970580 (Sternum)
[2026-08-14 12:21:37.724] [info] Frame 256 (t = 2.56):	 total squared error = 0.000418954, marker error: RMS = 0.00409367, max = 0.00961315 (Sternum)
[2026-08-14 12:21:37.752] [info] Frame 257 (t = 2.57):	 total squared error = 0.000418841, marker error: RMS = 0.00409312, max = 0.00950303 (Sternum)
[2026-08-14 12:21:37.778] [info] Frame 258 (t = 2.58):	 total squared error = 0.000424334, marker error: RMS = 0.00411988, max = 0.00932670 (Sternum)
[2026-08-14 12:21:37.819] [info] Frame 259 (t = 2.59):	 total squared error = 0.000414964, marker error: RMS = 0.00407413, max = 0.00899326 (Sternum)
[2026-08-14 12:21:37.844] [info] Frame 260 (t = 2.6):	 total squared error = 0.000423166, marker error: RMS = 0.00411420, max = 0.00875790 (Sternum)
[2026-08-14 12:21:37.869] [info] Frame 261 (t = 2.61):	 total squared error = 0.000430189, marker error: RMS = 0.00414820, max = 0.00848221 (Sternum)
[2026-08-14 12:21:37.917] [info] Frame 262 (t = 2.62):	 total squared error = 0.000422695, marker error: RMS = 0.00411191, max = 0.00818068 (Sternum)
[2026-08-14 12:21:37.941] [info] Frame 263 (t = 2.63):	 total squared error = 0.000422710, marker error: RMS = 0.00411198, max = 0.00784146 (Sternum)
[2026-08-14 12:21:37.967] [info] Frame 264 (t = 2.64):	 total squared error = 0.000424657, marker error: RMS = 0.00412144, max = 0.00766844 (Sternum)
[2026-08-14 12:21:37.990] [info] Frame 265 (t = 2.65):	 total squared error = 0.000427437, marker error: RMS = 0.00413491, max = 0.00732992 (Sternum)
[2026-08-14 12:21:38.020] [info] Frame 266 (t = 2.66):	 total squared error = 0.000432354, marker error: RMS = 0.00415862, max = 0.00707619 (Sternum)
[2026-08-14 12:21:38.045] [info] Frame 267 (t = 2.67):	 total squared error = 0.000440057, marker error: RMS = 0.00419551, max = 0.00679844 (Sternum)
[2026-08-14 12:21:38.098] [info] Frame 268 (t = 2.68):	 total squared error = 0.000439451, marker error: RMS = 0.00419262, max = 0.00657510 (Sternum)
[2026-08-14 12:21:38.124] [info] Frame 269 (t = 2.69):	 total squared error = 0.000440251, marker error: RMS = 0.00419643, max = 0.00634113 (Sternum)
[2026-08-14 12:21:38.150] [info] Frame 270 (t = 2.7):	 total squared error = 0.000434394, marker error: RMS = 0.00416842, max = 0.00717872 (L_Thigh_Lateral)
[2026-08-14 12:21:38.181] [info] Frame 271 (t = 2.71):	 total squared error = 0.000419835, marker error: RMS = 0.00409798, max = 0.00783781 (L_Thigh_Lateral)
[2026-08-14 12:21:38.197] [info] Frame 272 (t = 2.72):	 total squared error = 0.000409860, marker error: RMS = 0.00404900, max = 0.00869857 (L_Thigh_Lateral)
[2026-08-14 12:21:38.227] [info] Frame 273 (t = 2.73):	 total squared error = 0.000378878, marker error: RMS = 0.00389296, max = 0.00862684 (L_Thigh_Lateral)
[2026-08-14 12:21:38.266] [info] Frame 274 (t = 2.74):	 total squared error = 0.000352241, marker error: RMS = 0.00375361, max = 0.00844024 (L_Thigh_Lateral)
[2026-08-14 12:21:38.298] [info] Frame 275 (t = 2.75):	 total squared error = 0.000327573, marker error: RMS = 0.00361980, max = 0.00813855 (L_Thigh_Lateral)
[2026-08-14 12:21:38.345] [info] Frame 276 (t = 2.76):	 total squared error = 0.000303358, marker error: RMS = 0.00348344, max = 0.00780473 (L_Thigh_Lateral)
[2026-08-14 12:21:38.366] [info] Frame 277 (t = 2.77):	 total squared error = 0.000284032, marker error: RMS = 0.00337065, max = 0.00746839 (L_Thigh_Lateral)
[2026-08-14 12:21:38.389] [info] Frame 278 (t = 2.78):	 total squared error = 0.000264634, marker error: RMS = 0.00325351, max = 0.00716108 (L_Thigh_Lateral)
[2026-08-14 12:21:38.412] [info] Frame 279 (t = 2.79):	 total squared error = 0.000253005, marker error: RMS = 0.00318123, max = 0.00693500 (L_Thigh_Lateral)
[2026-08-14 12:21:38.431] [info] Frame 280 (t = 2.8):	 total squared error = 0.000252756, marker error: RMS = 0.00317966, max = 0.00700779 (L_Thigh_Lateral)
[2026-08-14 12:21:38.453] [info] Frame 281 (t = 2.81):	 total squared error = 0.000248172, marker error: RMS = 0.00315070, max = 0.00696771 (L_Thigh_Lateral)
[2026-08-14 12:21:38.469] [info] Frame 282 (t = 2.82):	 total squared error = 0.000269852, marker error: RMS = 0.00328544, max = 0.00728825 (L_Thigh_Lateral)
[2026-08-14 12:21:38.488] [info] Frame 283 (t = 2.83):	 total squared error = 0.000280879, marker error: RMS = 0.00335189, max = 0.00755541 (L_Thigh_Lateral)
[2026-08-14 12:21:38.510] [info] Frame 284 (t = 2.84):	 total squared error = 0.000308024, marker error: RMS = 0.00351012, max = 0.00812054 (L_Thigh_Lateral)
[2026-08-14 12:21:38.548] [info] Frame 285 (t = 2.85):	 total squared error = 0.000328588, marker error: RMS = 0.00362540, max = 0.00904279 (L_Thigh_Lateral)
[2026-08-14 12:21:38.577] [info] Frame 286 (t = 2.86):	 total squared error = 0.000378285, marker error: RMS = 0.00388991, max = 0.00959254 (L_Thigh_Lateral)
[2026-08-14 12:21:38.622] [info] Frame 287 (t = 2.87):	 total squared error = 0.000426846, marker error: RMS = 0.00413205, max = 0.0104222 (L_Thigh_Lateral)
[2026-08-14 12:21:38.667] [info] Frame 288 (t = 2.88):	 total squared error = 0.000486029, marker error: RMS = 0.00440921, max = 0.0111713 (L_Shank_Lateral)
[2026-08-14 12:21:38.713] [info] Frame 289 (t = 2.89):	 total squared error = 0.000547867, marker error: RMS = 0.00468131, max = 0.0119618 (L_Shank_Lateral)
[2026-08-14 12:21:38.729] [info] Frame 290 (t = 2.9):	 total squared error = 0.000625447, marker error: RMS = 0.00500179, max = 0.0128619 (L_Thigh_Lateral)
[2026-08-14 12:21:38.774] [info] Frame 291 (t = 2.91):	 total squared error = 0.000670862, marker error: RMS = 0.00518020, max = 0.0131813 (L_Shank_Lateral)
[2026-08-14 12:21:38.780] [info] InverseKinematicsTool completed 292 frames in 8 second(s).
[2026-08-14 12:21:38.835] [info] Loaded model SUBJ59-scaled from file C:\Users\migue\Downloads\TFG\2_JMP\SUBJ59\Walk_1\SUBJ59_1_JMP_results\SUBJ59_1_NMSM_JMP_07_upper_limb_final.osim
[2026-08-14 12:21:39.486] [warning] Coordinate.setValue:  coordinate pro_sup_r is locked. Unable to change its value.
[2026-08-14 12:21:39.526] [warning] Coordinate.setValue:  coordinate pro_sup_l is locked. Unable to change its value.
[2026-08-14 12:22:32.455] [info] Loaded model SUBJ59-scaled from file C:\Users\migue\Downloads\TFG\2_JMP\SUBJ59\Walk_1\SUBJ59_1_JMP_results\SUBJ59_1_NMSM_JMP_07_upper_limb_final.osim
[2026-08-14 12:22:32.477] [cout] [info] 
               MODEL: SUBJ59-scaled
         coordinates: 41
              forces: 103
           actuators: 103
             muscles: 86
            analyses: 0
              probes: 0
              bodies: 24
              joints: 24
         constraints: 2
             markers: 25
         controllers: 0
  contact geometries: 0
misc modelcomponents: 0
[2026-08-14 12:22:32.477] [info] Running tool .
[2026-08-14 12:22:32.649] [info] Frame 0 (t = 0.0):	 total squared error = 0.000414377, marker error: RMS = 0.00407125, max = 0.0108486 (R_Shank_Lateral)
[2026-08-14 12:22:32.678] [info] Frame 1 (t = 0.01):	 total squared error = 0.000427248, marker error: RMS = 0.00413399, max = 0.0111941 (R_Shank_Lateral)
[2026-08-14 12:22:32.718] [info] Frame 2 (t = 0.02):	 total squared error = 0.000438136, marker error: RMS = 0.00418634, max = 0.0115403 (R_Shank_Lateral)
[2026-08-14 12:22:32.776] [info] Frame 3 (t = 0.03):	 total squared error = 0.000445940, marker error: RMS = 0.00422346, max = 0.0116717 (R_Thigh_Lateral)
[2026-08-14 12:22:32.809] [info] Frame 4 (t = 0.04):	 total squared error = 0.000464801, marker error: RMS = 0.00431185, max = 0.0118811 (R_Thigh_Lateral)
[2026-08-14 12:22:32.865] [info] Frame 5 (t = 0.05):	 total squared error = 0.000452475, marker error: RMS = 0.00425429, max = 0.0119899 (R_Thigh_Lateral)
[2026-08-14 12:22:32.890] [info] Frame 6 (t = 0.06):	 total squared error = 0.000446831, marker error: RMS = 0.00422768, max = 0.0118338 (R_Thigh_Lateral)
[2026-08-14 12:22:32.915] [info] Frame 7 (t = 0.07):	 total squared error = 0.000432143, marker error: RMS = 0.00415761, max = 0.0113406 (R_Thigh_Lateral)
[2026-08-14 12:22:32.953] [info] Frame 8 (t = 0.08):	 total squared error = 0.000406614, marker error: RMS = 0.00403294, max = 0.0106811 (R_Thigh_Lateral)
[2026-08-14 12:22:33.010] [info] Frame 9 (t = 0.09):	 total squared error = 0.000368109, marker error: RMS = 0.00383723, max = 0.00963827 (R_Thigh_Lateral)
[2026-08-14 12:22:33.048] [info] Frame 10 (t = 0.1):	 total squared error = 0.000348544, marker error: RMS = 0.00373387, max = 0.00881665 (R_Thigh_Lateral)
[2026-08-14 12:22:33.088] [info] Frame 11 (t = 0.11):	 total squared error = 0.000336070, marker error: RMS = 0.00366644, max = 0.00820322 (R_Thigh_Lateral)
[2026-08-14 12:22:33.146] [info] Frame 12 (t = 0.12):	 total squared error = 0.000328011, marker error: RMS = 0.00362221, max = 0.00796983 (R_Thigh_Lateral)
[2026-08-14 12:22:33.172] [info] Frame 13 (t = 0.13):	 total squared error = 0.000341160, marker error: RMS = 0.00369410, max = 0.00829524 (R_Thigh_Lateral)
[2026-08-14 12:22:33.203] [info] Frame 14 (t = 0.14):	 total squared error = 0.000360619, marker error: RMS = 0.00379800, max = 0.00893314 (R_Thigh_Lateral)
[2026-08-14 12:22:33.224] [info] Frame 15 (t = 0.15):	 total squared error = 0.000387220, marker error: RMS = 0.00393558, max = 0.00956548 (R_Thigh_Lateral)
[2026-08-14 12:22:33.244] [info] Frame 16 (t = 0.16):	 total squared error = 0.000410556, marker error: RMS = 0.00405244, max = 0.00999882 (R_Thigh_Lateral)
[2026-08-14 12:22:33.267] [info] Frame 17 (t = 0.17):	 total squared error = 0.000424188, marker error: RMS = 0.00411916, max = 0.0100954 (R_Thigh_Lateral)
[2026-08-14 12:22:33.280] [info] Frame 18 (t = 0.18):	 total squared error = 0.000432082, marker error: RMS = 0.00415732, max = 0.00980561 (R_Thigh_Lateral)
[2026-08-14 12:22:33.317] [info] Frame 19 (t = 0.19):	 total squared error = 0.000410632, marker error: RMS = 0.00405281, max = 0.00912594 (R_Thigh_Lateral)
[2026-08-14 12:22:33.328] [info] Frame 20 (t = 0.2):	 total squared error = 0.000396869, marker error: RMS = 0.00398431, max = 0.00789836 (R_Thigh_Lateral)
[2026-08-14 12:22:33.353] [info] Frame 21 (t = 0.21):	 total squared error = 0.000374322, marker error: RMS = 0.00386948, max = 0.00697016 (L_Thigh_Lateral)
[2026-08-14 12:22:33.407] [info] Frame 22 (t = 0.22):	 total squared error = 0.000351082, marker error: RMS = 0.00374744, max = 0.00686699 (Sternum)
[2026-08-14 12:22:33.429] [info] Frame 23 (t = 0.23):	 total squared error = 0.000344439, marker error: RMS = 0.00371181, max = 0.00680525 (Sternum)
[2026-08-14 12:22:33.468] [info] Frame 24 (t = 0.24):	 total squared error = 0.000337952, marker error: RMS = 0.00367669, max = 0.00674216 (Sternum)
[2026-08-14 12:22:33.488] [info] Frame 25 (t = 0.25):	 total squared error = 0.000345692, marker error: RMS = 0.00371856, max = 0.00652789 (Sternum)
[2026-08-14 12:22:33.509] [info] Frame 26 (t = 0.26):	 total squared error = 0.000357229, marker error: RMS = 0.00378010, max = 0.00638576 (Sternum)
[2026-08-14 12:22:33.554] [info] Frame 27 (t = 0.27):	 total squared error = 0.000355558, marker error: RMS = 0.00377125, max = 0.00636454 (Sacral)
[2026-08-14 12:22:33.578] [info] Frame 28 (t = 0.28):	 total squared error = 0.000363322, marker error: RMS = 0.00381220, max = 0.00646315 (Sacral)
[2026-08-14 12:22:33.602] [info] Frame 29 (t = 0.29):	 total squared error = 0.000358991, marker error: RMS = 0.00378941, max = 0.00641567 (L_Asis)
[2026-08-14 12:22:33.624] [info] Frame 30 (t = 0.3):	 total squared error = 0.000341774, marker error: RMS = 0.00369743, max = 0.00634457 (L_Asis)
[2026-08-14 12:22:33.674] [info] Frame 31 (t = 0.31):	 total squared error = 0.000309305, marker error: RMS = 0.00351741, max = 0.00687046 (L_Asis)
[2026-08-14 12:22:33.700] [info] Frame 32 (t = 0.32):	 total squared error = 0.000280566, marker error: RMS = 0.00335002, max = 0.00644485 (L_Asis)
[2026-08-14 12:22:33.726] [info] Frame 33 (t = 0.33):	 total squared error = 0.000256678, marker error: RMS = 0.00320424, max = 0.00598221 (L_Asis)
[2026-08-14 12:22:33.754] [info] Frame 34 (t = 0.34):	 total squared error = 0.000236676, marker error: RMS = 0.00307685, max = 0.00604831 (L_Asis)
[2026-08-14 12:22:33.779] [info] Frame 35 (t = 0.35):	 total squared error = 0.000228091, marker error: RMS = 0.00302053, max = 0.00544513 (L_Asis)
[2026-08-14 12:22:33.817] [info] Frame 36 (t = 0.36):	 total squared error = 0.000218808, marker error: RMS = 0.00295843, max = 0.00601500 (L_Asis)
[2026-08-14 12:22:33.843] [info] Frame 37 (t = 0.37):	 total squared error = 0.000219736, marker error: RMS = 0.00296470, max = 0.00572046 (L_Thigh_Lateral)
[2026-08-14 12:22:33.878] [info] Frame 38 (t = 0.38):	 total squared error = 0.000223719, marker error: RMS = 0.00299145, max = 0.00662410 (L_Thigh_Lateral)
[2026-08-14 12:22:33.905] [info] Frame 39 (t = 0.39):	 total squared error = 0.000230783, marker error: RMS = 0.00303831, max = 0.00770806 (L_Thigh_Lateral)
[2026-08-14 12:22:33.945] [info] Frame 40 (t = 0.4):	 total squared error = 0.000239110, marker error: RMS = 0.00309264, max = 0.00835626 (L_Thigh_Lateral)
[2026-08-14 12:22:33.965] [info] Frame 41 (t = 0.41):	 total squared error = 0.000249830, marker error: RMS = 0.00316120, max = 0.00909335 (L_Thigh_Lateral)
[2026-08-14 12:22:33.982] [info] Frame 42 (t = 0.42):	 total squared error = 0.000265951, marker error: RMS = 0.00326160, max = 0.00982147 (L_Thigh_Lateral)
[2026-08-14 12:22:34.017] [info] Frame 43 (t = 0.43):	 total squared error = 0.000274957, marker error: RMS = 0.00331637, max = 0.0102895 (L_Thigh_Lateral)
[2026-08-14 12:22:34.043] [info] Frame 44 (t = 0.44):	 total squared error = 0.000300638, marker error: RMS = 0.00346778, max = 0.0107450 (L_Thigh_Lateral)
[2026-08-14 12:22:34.080] [info] Frame 45 (t = 0.45):	 total squared error = 0.000332795, marker error: RMS = 0.00364853, max = 0.0115276 (L_Thigh_Lateral)
[2026-08-14 12:22:34.099] [info] Frame 46 (t = 0.46):	 total squared error = 0.000368110, marker error: RMS = 0.00383724, max = 0.0115061 (L_Thigh_Lateral)
[2026-08-14 12:22:34.125] [info] Frame 47 (t = 0.47):	 total squared error = 0.000394849, marker error: RMS = 0.00397416, max = 0.0117592 (L_Thigh_Lateral)
[2026-08-14 12:22:34.160] [info] Frame 48 (t = 0.48):	 total squared error = 0.000410718, marker error: RMS = 0.00405323, max = 0.0124848 (L_Thigh_Lateral)
[2026-08-14 12:22:34.172] [info] Frame 49 (t = 0.49):	 total squared error = 0.000434952, marker error: RMS = 0.00417110, max = 0.0125658 (L_Shank_Lateral)
[2026-08-14 12:22:34.194] [info] Frame 50 (t = 0.5):	 total squared error = 0.000424597, marker error: RMS = 0.00412115, max = 0.0126959 (L_Shank_Lateral)
[2026-08-14 12:22:34.223] [info] Frame 51 (t = 0.51):	 total squared error = 0.000414351, marker error: RMS = 0.00407112, max = 0.0124509 (L_Shank_Lateral)
[2026-08-14 12:22:34.236] [info] Frame 52 (t = 0.52):	 total squared error = 0.000417007, marker error: RMS = 0.00408415, max = 0.0121688 (L_Shank_Lateral)
[2026-08-14 12:22:34.276] [info] Frame 53 (t = 0.53):	 total squared error = 0.000387034, marker error: RMS = 0.00393463, max = 0.0116335 (L_Thigh_Lateral)
[2026-08-14 12:22:34.318] [info] Frame 54 (t = 0.54):	 total squared error = 0.000379517, marker error: RMS = 0.00389624, max = 0.0113166 (L_Thigh_Lateral)
[2026-08-14 12:22:34.345] [info] Frame 55 (t = 0.55):	 total squared error = 0.000384771, marker error: RMS = 0.00392312, max = 0.0112892 (L_Thigh_Lateral)
[2026-08-14 12:22:34.379] [info] Frame 56 (t = 0.56):	 total squared error = 0.000394051, marker error: RMS = 0.00397015, max = 0.0112709 (L_Thigh_Lateral)
[2026-08-14 12:22:34.394] [info] Frame 57 (t = 0.57):	 total squared error = 0.000424420, marker error: RMS = 0.00412029, max = 0.0120045 (L_Thigh_Lateral)
[2026-08-14 12:22:34.411] [info] Frame 58 (t = 0.58):	 total squared error = 0.000466058, marker error: RMS = 0.00431768, max = 0.0126914 (L_Thigh_Lateral)
[2026-08-14 12:22:34.466] [info] Frame 59 (t = 0.59):	 total squared error = 0.000471667, marker error: RMS = 0.00434358, max = 0.0123579 (L_Thigh_Lateral)
[2026-08-14 12:22:34.484] [info] Frame 60 (t = 0.6):	 total squared error = 0.000517559, marker error: RMS = 0.00454998, max = 0.0130986 (L_Thigh_Lateral)
[2026-08-14 12:22:34.529] [info] Frame 61 (t = 0.61):	 total squared error = 0.000538687, marker error: RMS = 0.00464193, max = 0.0130577 (L_Thigh_Lateral)
[2026-08-14 12:22:34.560] [info] Frame 62 (t = 0.62):	 total squared error = 0.000570272, marker error: RMS = 0.00477607, max = 0.013321 (L_Thigh_Lateral)
[2026-08-14 12:22:34.592] [info] Frame 63 (t = 0.63):	 total squared error = 0.000587981, marker error: RMS = 0.00484966, max = 0.0131148 (L_Thigh_Lateral)
[2026-08-14 12:22:34.629] [info] Frame 64 (t = 0.64):	 total squared error = 0.000569309, marker error: RMS = 0.00477204, max = 0.0124653 (L_Thigh_Lateral)
[2026-08-14 12:22:34.663] [info] Frame 65 (t = 0.65):	 total squared error = 0.000550009, marker error: RMS = 0.00469045, max = 0.0115188 (L_Thigh_Lateral)
[2026-08-14 12:22:34.689] [info] Frame 66 (t = 0.66):	 total squared error = 0.000523404, marker error: RMS = 0.00457561, max = 0.0102597 (L_Thigh_Lateral)
[2026-08-14 12:22:34.723] [info] Frame 67 (t = 0.67):	 total squared error = 0.000485405, marker error: RMS = 0.00440638, max = 0.00876581 (L_Thigh_Lateral)
[2026-08-14 12:22:34.763] [info] Frame 68 (t = 0.68):	 total squared error = 0.000455375, marker error: RMS = 0.00426790, max = 0.00891532 (Sternum)
[2026-08-14 12:22:34.790] [info] Frame 69 (t = 0.69):	 total squared error = 0.000441528, marker error: RMS = 0.00420251, max = 0.00931937 (Sternum)
[2026-08-14 12:22:34.814] [info] Frame 70 (t = 0.7):	 total squared error = 0.000447081, marker error: RMS = 0.00422886, max = 0.00974638 (Sternum)
[2026-08-14 12:22:34.859] [info] Frame 71 (t = 0.71):	 total squared error = 0.000461807, marker error: RMS = 0.00429794, max = 0.00984479 (Sternum)
[2026-08-14 12:22:34.882] [info] Frame 72 (t = 0.72):	 total squared error = 0.000508004, marker error: RMS = 0.00450779, max = 0.0102842 (Sternum)
[2026-08-14 12:22:34.914] [info] Frame 73 (t = 0.73):	 total squared error = 0.000562833, marker error: RMS = 0.00474482, max = 0.0105090 (Sternum)
[2026-08-14 12:22:34.932] [info] Frame 74 (t = 0.74):	 total squared error = 0.000628827, marker error: RMS = 0.00501529, max = 0.0108583 (Sternum)
[2026-08-14 12:22:34.955] [info] Frame 75 (t = 0.75):	 total squared error = 0.000687106, marker error: RMS = 0.00524254, max = 0.0117104 (L_Thigh_Lateral)
[2026-08-14 12:22:34.967] [info] Frame 76 (t = 0.76):	 total squared error = 0.000731901, marker error: RMS = 0.00541074, max = 0.0125354 (L_Thigh_Lateral)
[2026-08-14 12:22:34.979] [info] Frame 77 (t = 0.77):	 total squared error = 0.000747161, marker error: RMS = 0.00546685, max = 0.0125674 (L_Thigh_Lateral)
[2026-08-14 12:22:34.991] [info] Frame 78 (t = 0.78):	 total squared error = 0.000730367, marker error: RMS = 0.00540506, max = 0.0121468 (Sternum)
[2026-08-14 12:22:35.015] [info] Frame 79 (t = 0.79):	 total squared error = 0.000673281, marker error: RMS = 0.00518953, max = 0.0121521 (Sternum)
[2026-08-14 12:22:35.044] [info] Frame 80 (t = 0.8):	 total squared error = 0.000614192, marker error: RMS = 0.00495658, max = 0.0122213 (Sternum)
[2026-08-14 12:22:35.066] [info] Frame 81 (t = 0.81):	 total squared error = 0.000572378, marker error: RMS = 0.00478488, max = 0.012272 (Sternum)
[2026-08-14 12:22:35.099] [info] Frame 82 (t = 0.82):	 total squared error = 0.000538932, marker error: RMS = 0.00464298, max = 0.0122292 (Sternum)
[2026-08-14 12:22:35.124] [info] Frame 83 (t = 0.83):	 total squared error = 0.000530906, marker error: RMS = 0.00460828, max = 0.0121469 (Sternum)
[2026-08-14 12:22:35.173] [info] Frame 84 (t = 0.84):	 total squared error = 0.000523940, marker error: RMS = 0.00457795, max = 0.0119544 (Sternum)
[2026-08-14 12:22:35.195] [info] Frame 85 (t = 0.85):	 total squared error = 0.000533531, marker error: RMS = 0.00461966, max = 0.0117625 (Sternum)
[2026-08-14 12:22:35.221] [info] Frame 86 (t = 0.86):	 total squared error = 0.000549310, marker error: RMS = 0.00468747, max = 0.0115301 (Sternum)
[2026-08-14 12:22:35.249] [info] Frame 87 (t = 0.87):	 total squared error = 0.000566847, marker error: RMS = 0.00476171, max = 0.0112445 (Sternum)
[2026-08-14 12:22:35.271] [info] Frame 88 (t = 0.88):	 total squared error = 0.000584463, marker error: RMS = 0.00483513, max = 0.0109516 (Sternum)
[2026-08-14 12:22:35.298] [info] Frame 89 (t = 0.89):	 total squared error = 0.000589062, marker error: RMS = 0.00485412, max = 0.0106835 (Sternum)
[2026-08-14 12:22:35.343] [info] Frame 90 (t = 0.9):	 total squared error = 0.000582740, marker error: RMS = 0.00482800, max = 0.0103540 (Sternum)
[2026-08-14 12:22:35.383] [info] Frame 91 (t = 0.91):	 total squared error = 0.000576110, marker error: RMS = 0.00480046, max = 0.0100415 (Sternum)
[2026-08-14 12:22:35.409] [info] Frame 92 (t = 0.92):	 total squared error = 0.000568110, marker error: RMS = 0.00476701, max = 0.00970221 (Sternum)
[2026-08-14 12:22:35.448] [info] Frame 93 (t = 0.93):	 total squared error = 0.000560255, marker error: RMS = 0.00473394, max = 0.00942589 (Sternum)
[2026-08-14 12:22:35.468] [info] Frame 94 (t = 0.94):	 total squared error = 0.000556486, marker error: RMS = 0.00471799, max = 0.00897150 (Sternum)
[2026-08-14 12:22:35.502] [info] Frame 95 (t = 0.95):	 total squared error = 0.000537819, marker error: RMS = 0.00463819, max = 0.00873592 (Sternum)
[2026-08-14 12:22:35.531] [info] Frame 96 (t = 0.96):	 total squared error = 0.000520798, marker error: RMS = 0.00456420, max = 0.00827200 (Sternum)
[2026-08-14 12:22:35.557] [info] Frame 97 (t = 0.97):	 total squared error = 0.000501970, marker error: RMS = 0.00448094, max = 0.00778859 (Sternum)
[2026-08-14 12:22:35.591] [info] Frame 98 (t = 0.98):	 total squared error = 0.000483526, marker error: RMS = 0.00439785, max = 0.00814116 (R_Asis)
[2026-08-14 12:22:35.611] [info] Frame 99 (t = 0.99):	 total squared error = 0.000471233, marker error: RMS = 0.00434158, max = 0.00777451 (Sacral)
[2026-08-14 12:22:35.639] [info] Frame 100 (t = 1.0):	 total squared error = 0.000448317, marker error: RMS = 0.00423470, max = 0.00753413 (Sacral)
[2026-08-14 12:22:35.665] [info] Frame 101 (t = 1.01):	 total squared error = 0.000430796, marker error: RMS = 0.00415112, max = 0.00750787 (Sacral)
[2026-08-14 12:22:35.683] [info] Frame 102 (t = 1.02):	 total squared error = 0.000422403, marker error: RMS = 0.00411049, max = 0.00750491 (Sacral)
[2026-08-14 12:22:35.718] [info] Frame 103 (t = 1.03):	 total squared error = 0.000395911, marker error: RMS = 0.00397950, max = 0.00730894 (Sacral)
[2026-08-14 12:22:35.736] [info] Frame 104 (t = 1.04):	 total squared error = 0.000379459, marker error: RMS = 0.00389594, max = 0.00705407 (Sacral)
[2026-08-14 12:22:35.758] [info] Frame 105 (t = 1.05):	 total squared error = 0.000355998, marker error: RMS = 0.00377358, max = 0.00675602 (Sacral)
[2026-08-14 12:22:35.781] [info] Frame 106 (t = 1.06):	 total squared error = 0.000329755, marker error: RMS = 0.00363183, max = 0.00650627 (L_Thigh_Lateral)
[2026-08-14 12:22:35.811] [info] Frame 107 (t = 1.07):	 total squared error = 0.000302160, marker error: RMS = 0.00347655, max = 0.00635871 (L_Thigh_Lateral)
[2026-08-14 12:22:35.832] [info] Frame 108 (t = 1.08):	 total squared error = 0.000280061, marker error: RMS = 0.00334700, max = 0.00617306 (L_Thigh_Lateral)
[2026-08-14 12:22:35.852] [info] Frame 109 (t = 1.09):	 total squared error = 0.000259756, marker error: RMS = 0.00322339, max = 0.00601073 (L_Thigh_Lateral)
[2026-08-14 12:22:35.874] [info] Frame 110 (t = 1.1):	 total squared error = 0.000242464, marker error: RMS = 0.00311425, max = 0.00590826 (L_Thigh_Lateral)
[2026-08-14 12:22:35.886] [info] Frame 111 (t = 1.11):	 total squared error = 0.000243185, marker error: RMS = 0.00311888, max = 0.00574565 (L_Thigh_Lateral)
[2026-08-14 12:22:35.906] [info] Frame 112 (t = 1.12):	 total squared error = 0.000228565, marker error: RMS = 0.00302367, max = 0.00578658 (L_Thigh_Lateral)
[2026-08-14 12:22:35.938] [info] Frame 113 (t = 1.13):	 total squared error = 0.000217596, marker error: RMS = 0.00295023, max = 0.00588501 (R_Thigh_Lateral)
[2026-08-14 12:22:35.975] [info] Frame 114 (t = 1.14):	 total squared error = 0.000215186, marker error: RMS = 0.00293385, max = 0.00614954 (R_Thigh_Lateral)
[2026-08-14 12:22:35.992] [info] Frame 115 (t = 1.15):	 total squared error = 0.000226334, marker error: RMS = 0.00300888, max = 0.00659461 (R_Thigh_Lateral)
[2026-08-14 12:22:36.020] [info] Frame 116 (t = 1.16):	 total squared error = 0.000231059, marker error: RMS = 0.00304012, max = 0.00680080 (R_Thigh_Lateral)
[2026-08-14 12:22:36.045] [info] Frame 117 (t = 1.17):	 total squared error = 0.000236459, marker error: RMS = 0.00307545, max = 0.00714937 (R_Thigh_Lateral)
[2026-08-14 12:22:36.058] [info] Frame 118 (t = 1.18):	 total squared error = 0.000263437, marker error: RMS = 0.00324615, max = 0.00792183 (R_Thigh_Lateral)
[2026-08-14 12:22:36.075] [info] Frame 119 (t = 1.19):	 total squared error = 0.000297516, marker error: RMS = 0.00344973, max = 0.00884660 (R_Thigh_Lateral)
[2026-08-14 12:22:36.115] [info] Frame 120 (t = 1.2):	 total squared error = 0.000294691, marker error: RMS = 0.00343332, max = 0.00900163 (R_Thigh_Lateral)
[2026-08-14 12:22:36.134] [info] Frame 121 (t = 1.21):	 total squared error = 0.000328824, marker error: RMS = 0.00362670, max = 0.00981864 (R_Thigh_Lateral)
[2026-08-14 12:22:36.172] [info] Frame 122 (t = 1.22):	 total squared error = 0.000350798, marker error: RMS = 0.00374592, max = 0.0102559 (R_Thigh_Lateral)
[2026-08-14 12:22:36.186] [info] Frame 123 (t = 1.23):	 total squared error = 0.000394200, marker error: RMS = 0.00397090, max = 0.0106424 (R_Thigh_Lateral)
[2026-08-14 12:22:36.222] [info] Frame 124 (t = 1.24):	 total squared error = 0.000391005, marker error: RMS = 0.00395477, max = 0.0107624 (R_Thigh_Lateral)
[2026-08-14 12:22:36.250] [info] Frame 125 (t = 1.25):	 total squared error = 0.000398224, marker error: RMS = 0.00399111, max = 0.0105873 (R_Thigh_Lateral)
[2026-08-14 12:22:36.286] [info] Frame 126 (t = 1.26):	 total squared error = 0.000381818, marker error: RMS = 0.00390803, max = 0.00976233 (R_Thigh_Lateral)
[2026-08-14 12:22:36.317] [info] Frame 127 (t = 1.27):	 total squared error = 0.000363839, marker error: RMS = 0.00381491, max = 0.00879005 (R_Thigh_Lateral)
[2026-08-14 12:22:36.348] [info] Frame 128 (t = 1.28):	 total squared error = 0.000339086, marker error: RMS = 0.00368286, max = 0.00760197 (R_Thigh_Lateral)
[2026-08-14 12:22:36.370] [info] Frame 129 (t = 1.29):	 total squared error = 0.000330717, marker error: RMS = 0.00363713, max = 0.00723879 (Sternum)
[2026-08-14 12:22:36.388] [info] Frame 130 (t = 1.3):	 total squared error = 0.000339666, marker error: RMS = 0.00368601, max = 0.00768616 (Sternum)
[2026-08-14 12:22:36.419] [info] Frame 131 (t = 1.31):	 total squared error = 0.000360869, marker error: RMS = 0.00379931, max = 0.00809609 (Sternum)
[2026-08-14 12:22:36.431] [info] Frame 132 (t = 1.32):	 total squared error = 0.000415194, marker error: RMS = 0.00407526, max = 0.00864305 (R_Thigh_Lateral)
[2026-08-14 12:22:36.454] [info] Frame 133 (t = 1.33):	 total squared error = 0.000454269, marker error: RMS = 0.00426272, max = 0.00953265 (R_Thigh_Lateral)
[2026-08-14 12:22:36.473] [info] Frame 134 (t = 1.34):	 total squared error = 0.000492982, marker error: RMS = 0.00444064, max = 0.0102378 (R_Thigh_Lateral)
[2026-08-14 12:22:36.483] [info] Frame 135 (t = 1.35):	 total squared error = 0.000519197, marker error: RMS = 0.00455718, max = 0.0102659 (R_Thigh_Lateral)
[2026-08-14 12:22:36.508] [info] Frame 136 (t = 1.36):	 total squared error = 0.000509475, marker error: RMS = 0.00451431, max = 0.00975564 (Sternum)
[2026-08-14 12:22:36.520] [info] Frame 137 (t = 1.37):	 total squared error = 0.000494228, marker error: RMS = 0.00444625, max = 0.00978535 (Sternum)
[2026-08-14 12:22:36.543] [info] Frame 138 (t = 1.38):	 total squared error = 0.000465641, marker error: RMS = 0.00431574, max = 0.00988496 (Sternum)
[2026-08-14 12:22:36.557] [info] Frame 139 (t = 1.39):	 total squared error = 0.000454307, marker error: RMS = 0.00426289, max = 0.00979014 (Sternum)
[2026-08-14 12:22:36.610] [info] Frame 140 (t = 1.4):	 total squared error = 0.000426914, marker error: RMS = 0.00413238, max = 0.00972685 (Sternum)
[2026-08-14 12:22:36.635] [info] Frame 141 (t = 1.41):	 total squared error = 0.000429384, marker error: RMS = 0.00414432, max = 0.00964545 (Sternum)
[2026-08-14 12:22:36.658] [info] Frame 142 (t = 1.42):	 total squared error = 0.000437658, marker error: RMS = 0.00418406, max = 0.00954677 (Sternum)
[2026-08-14 12:22:36.682] [info] Frame 143 (t = 1.43):	 total squared error = 0.000451127, marker error: RMS = 0.00424795, max = 0.00936082 (Sternum)
[2026-08-14 12:22:36.728] [info] Frame 144 (t = 1.44):	 total squared error = 0.000440887, marker error: RMS = 0.00419946, max = 0.00922673 (Sternum)
[2026-08-14 12:22:36.750] [info] Frame 145 (t = 1.45):	 total squared error = 0.000456282, marker error: RMS = 0.00427215, max = 0.00905835 (Sternum)
[2026-08-14 12:22:36.783] [info] Frame 146 (t = 1.46):	 total squared error = 0.000466769, marker error: RMS = 0.00432097, max = 0.00891632 (Sternum)
[2026-08-14 12:22:36.809] [info] Frame 147 (t = 1.47):	 total squared error = 0.000474719, marker error: RMS = 0.00435761, max = 0.00868481 (Sternum)
[2026-08-14 12:22:36.832] [info] Frame 148 (t = 1.48):	 total squared error = 0.000480203, marker error: RMS = 0.00438271, max = 0.00850967 (Sternum)
[2026-08-14 12:22:36.873] [info] Frame 149 (t = 1.49):	 total squared error = 0.000474452, marker error: RMS = 0.00435638, max = 0.00811510 (Sternum)
[2026-08-14 12:22:36.904] [info] Frame 150 (t = 1.5):	 total squared error = 0.000468162, marker error: RMS = 0.00432741, max = 0.00786802 (Sternum)
[2026-08-14 12:22:36.929] [info] Frame 151 (t = 1.51):	 total squared error = 0.000460340, marker error: RMS = 0.00429111, max = 0.00768593 (Sternum)
[2026-08-14 12:22:36.957] [info] Frame 152 (t = 1.52):	 total squared error = 0.000447941, marker error: RMS = 0.00423293, max = 0.00723951 (Sternum)
[2026-08-14 12:22:36.985] [info] Frame 153 (t = 1.53):	 total squared error = 0.000433959, marker error: RMS = 0.00416633, max = 0.00693830 (Sternum)
[2026-08-14 12:22:37.012] [info] Frame 154 (t = 1.54):	 total squared error = 0.000421736, marker error: RMS = 0.00410724, max = 0.00670617 (L_Thigh_Lateral)
[2026-08-14 12:22:37.047] [info] Frame 155 (t = 1.55):	 total squared error = 0.000407771, marker error: RMS = 0.00403867, max = 0.00729567 (L_Thigh_Lateral)
[2026-08-14 12:22:37.079] [info] Frame 156 (t = 1.56):	 total squared error = 0.000397441, marker error: RMS = 0.00398718, max = 0.00797503 (L_Thigh_Lateral)
[2026-08-14 12:22:37.105] [info] Frame 157 (t = 1.57):	 total squared error = 0.000389267, marker error: RMS = 0.00394597, max = 0.00856245 (L_Thigh_Lateral)
[2026-08-14 12:22:37.139] [info] Frame 158 (t = 1.58):	 total squared error = 0.000382279, marker error: RMS = 0.00391039, max = 0.00873069 (L_Thigh_Lateral)
[2026-08-14 12:22:37.158] [info] Frame 159 (t = 1.59):	 total squared error = 0.000380897, marker error: RMS = 0.00390332, max = 0.00896364 (L_Thigh_Lateral)
[2026-08-14 12:22:37.184] [info] Frame 160 (t = 1.6):	 total squared error = 0.000375962, marker error: RMS = 0.00387795, max = 0.00912928 (L_Thigh_Lateral)
[2026-08-14 12:22:37.205] [info] Frame 161 (t = 1.61):	 total squared error = 0.000376464, marker error: RMS = 0.00388053, max = 0.00920791 (L_Thigh_Lateral)
[2026-08-14 12:22:37.224] [info] Frame 162 (t = 1.62):	 total squared error = 0.000381625, marker error: RMS = 0.00390705, max = 0.00928011 (L_Thigh_Lateral)
[2026-08-14 12:22:37.264] [info] Frame 163 (t = 1.63):	 total squared error = 0.000371627, marker error: RMS = 0.00385553, max = 0.00997993 (L_Thigh_Lateral)
[2026-08-14 12:22:37.283] [info] Frame 164 (t = 1.64):	 total squared error = 0.000373422, marker error: RMS = 0.00386483, max = 0.0100272 (L_Thigh_Lateral)
[2026-08-14 12:22:37.303] [info] Frame 165 (t = 1.65):	 total squared error = 0.000378818, marker error: RMS = 0.00389265, max = 0.0101655 (L_Thigh_Lateral)
[2026-08-14 12:22:37.318] [info] Frame 166 (t = 1.66):	 total squared error = 0.000401861, marker error: RMS = 0.00400929, max = 0.0104359 (L_Thigh_Lateral)
[2026-08-14 12:22:37.355] [info] Frame 167 (t = 1.67):	 total squared error = 0.000396237, marker error: RMS = 0.00398114, max = 0.0115498 (L_Thigh_Lateral)
[2026-08-14 12:22:37.367] [info] Frame 168 (t = 1.68):	 total squared error = 0.000438730, marker error: RMS = 0.00418918, max = 0.0117908 (L_Thigh_Lateral)
[2026-08-14 12:22:37.392] [info] Frame 169 (t = 1.69):	 total squared error = 0.000463972, marker error: RMS = 0.00430800, max = 0.0126059 (L_Shank_Lateral)
[2026-08-14 12:22:37.421] [info] Frame 170 (t = 1.7):	 total squared error = 0.000493716, marker error: RMS = 0.00444394, max = 0.0130811 (L_Shank_Lateral)
[2026-08-14 12:22:37.439] [info] Frame 171 (t = 1.71):	 total squared error = 0.000538777, marker error: RMS = 0.00464231, max = 0.0137439 (L_Shank_Lateral)
[2026-08-14 12:22:37.466] [info] Frame 172 (t = 1.72):	 total squared error = 0.000561418, marker error: RMS = 0.00473885, max = 0.0142253 (L_Shank_Lateral)
[2026-08-14 12:22:37.484] [info] Frame 173 (t = 1.73):	 total squared error = 0.000592369, marker error: RMS = 0.00486773, max = 0.0143753 (L_Shank_Lateral)
[2026-08-14 12:22:37.519] [info] Frame 174 (t = 1.74):	 total squared error = 0.000583967, marker error: RMS = 0.00483308, max = 0.0143004 (L_Shank_Lateral)
[2026-08-14 12:22:37.536] [info] Frame 175 (t = 1.75):	 total squared error = 0.000592316, marker error: RMS = 0.00486751, max = 0.014239 (L_Thigh_Lateral)
[2026-08-14 12:22:37.564] [info] Frame 176 (t = 1.76):	 total squared error = 0.000580013, marker error: RMS = 0.00481669, max = 0.0139912 (L_Shank_Lateral)
[2026-08-14 12:22:37.583] [info] Frame 177 (t = 1.77):	 total squared error = 0.000569672, marker error: RMS = 0.00477356, max = 0.0135392 (L_Thigh_Lateral)
[2026-08-14 12:22:37.609] [info] Frame 178 (t = 1.78):	 total squared error = 0.000547988, marker error: RMS = 0.00468183, max = 0.0128824 (L_Shank_Lateral)
[2026-08-14 12:22:37.646] [info] Frame 179 (t = 1.79):	 total squared error = 0.000516452, marker error: RMS = 0.00454512, max = 0.0120740 (L_Thigh_Lateral)
[2026-08-14 12:22:37.672] [info] Frame 180 (t = 1.8):	 total squared error = 0.000495899, marker error: RMS = 0.00445376, max = 0.0113133 (L_Thigh_Lateral)
[2026-08-14 12:22:37.694] [info] Frame 181 (t = 1.81):	 total squared error = 0.000478525, marker error: RMS = 0.00437504, max = 0.0105179 (L_Thigh_Lateral)
[2026-08-14 12:22:37.732] [info] Frame 182 (t = 1.82):	 total squared error = 0.000448315, marker error: RMS = 0.00423469, max = 0.00954516 (L_Thigh_Lateral)
[2026-08-14 12:22:37.758] [info] Frame 183 (t = 1.83):	 total squared error = 0.000434543, marker error: RMS = 0.00416914, max = 0.00872776 (L_Thigh_Lateral)
[2026-08-14 12:22:37.793] [info] Frame 184 (t = 1.84):	 total squared error = 0.000418385, marker error: RMS = 0.00409089, max = 0.00796649 (L_Thigh_Lateral)
[2026-08-14 12:22:37.818] [info] Frame 185 (t = 1.85):	 total squared error = 0.000420734, marker error: RMS = 0.00410236, max = 0.00778326 (Sternum)
[2026-08-14 12:22:37.854] [info] Frame 186 (t = 1.86):	 total squared error = 0.000427870, marker error: RMS = 0.00413701, max = 0.00804153 (Sternum)
[2026-08-14 12:22:37.881] [info] Frame 187 (t = 1.87):	 total squared error = 0.000459519, marker error: RMS = 0.00428728, max = 0.00860187 (L_Thigh_Lateral)
[2026-08-14 12:22:37.905] [info] Frame 188 (t = 1.88):	 total squared error = 0.000506178, marker error: RMS = 0.00449968, max = 0.00980028 (L_Thigh_Lateral)
[2026-08-14 12:22:37.940] [info] Frame 189 (t = 1.89):	 total squared error = 0.000561130, marker error: RMS = 0.00473764, max = 0.0110632 (L_Thigh_Lateral)
[2026-08-14 12:22:37.972] [info] Frame 190 (t = 1.9):	 total squared error = 0.000622686, marker error: RMS = 0.00499073, max = 0.012165 (L_Thigh_Lateral)
[2026-08-14 12:22:37.994] [info] Frame 191 (t = 1.91):	 total squared error = 0.000678758, marker error: RMS = 0.00521060, max = 0.0131778 (L_Thigh_Lateral)
[2026-08-14 12:22:38.017] [info] Frame 192 (t = 1.92):	 total squared error = 0.000717325, marker error: RMS = 0.00535658, max = 0.0136853 (L_Thigh_Lateral)
[2026-08-14 12:22:38.031] [info] Frame 193 (t = 1.93):	 total squared error = 0.000740007, marker error: RMS = 0.00544061, max = 0.0139011 (L_Thigh_Lateral)
[2026-08-14 12:22:38.044] [info] Frame 194 (t = 1.94):	 total squared error = 0.000733354, marker error: RMS = 0.00541610, max = 0.0133743 (L_Thigh_Lateral)
[2026-08-14 12:22:38.065] [info] Frame 195 (t = 1.95):	 total squared error = 0.000694919, marker error: RMS = 0.00527226, max = 0.0124288 (L_Thigh_Lateral)
[2026-08-14 12:22:38.093] [info] Frame 196 (t = 1.96):	 total squared error = 0.000645312, marker error: RMS = 0.00508060, max = 0.0112671 (Sternum)
[2026-08-14 12:22:38.106] [info] Frame 197 (t = 1.97):	 total squared error = 0.000599234, marker error: RMS = 0.00489585, max = 0.0112537 (Sternum)
[2026-08-14 12:22:38.132] [info] Frame 198 (t = 1.98):	 total squared error = 0.000549930, marker error: RMS = 0.00469012, max = 0.0111228 (Sternum)
[2026-08-14 12:22:38.157] [info] Frame 199 (t = 1.99):	 total squared error = 0.000506842, marker error: RMS = 0.00450263, max = 0.0108736 (Sternum)
[2026-08-14 12:22:38.179] [info] Frame 200 (t = 2.0):	 total squared error = 0.000472907, marker error: RMS = 0.00434928, max = 0.0105354 (Sternum)
[2026-08-14 12:22:38.203] [info] Frame 201 (t = 2.01):	 total squared error = 0.000445946, marker error: RMS = 0.00422349, max = 0.0101601 (Sternum)
[2026-08-14 12:22:38.224] [info] Frame 202 (t = 2.02):	 total squared error = 0.000423403, marker error: RMS = 0.00411535, max = 0.00977350 (Sternum)
[2026-08-14 12:22:38.266] [info] Frame 203 (t = 2.03):	 total squared error = 0.000385214, marker error: RMS = 0.00392538, max = 0.00929470 (Sternum)
[2026-08-14 12:22:38.287] [info] Frame 204 (t = 2.04):	 total squared error = 0.000371037, marker error: RMS = 0.00385246, max = 0.00883594 (Sternum)
[2026-08-14 12:22:38.337] [info] Frame 205 (t = 2.05):	 total squared error = 0.000356986, marker error: RMS = 0.00377881, max = 0.00859256 (Sternum)
[2026-08-14 12:22:38.364] [info] Frame 206 (t = 2.06):	 total squared error = 0.000353899, marker error: RMS = 0.00376244, max = 0.00821405 (Sternum)
[2026-08-14 12:22:38.394] [info] Frame 207 (t = 2.07):	 total squared error = 0.000359718, marker error: RMS = 0.00379325, max = 0.00795630 (Sternum)
[2026-08-14 12:22:38.423] [info] Frame 208 (t = 2.08):	 total squared error = 0.000370047, marker error: RMS = 0.00384732, max = 0.00764644 (Sternum)
[2026-08-14 12:22:38.452] [info] Frame 209 (t = 2.09):	 total squared error = 0.000378207, marker error: RMS = 0.00388951, max = 0.00756256 (R_Shank_Lateral)
[2026-08-14 12:22:38.475] [info] Frame 210 (t = 2.1):	 total squared error = 0.000379210, marker error: RMS = 0.00389466, max = 0.00769991 (R_Shank_Lateral)
[2026-08-14 12:22:38.512] [info] Frame 211 (t = 2.11):	 total squared error = 0.000371507, marker error: RMS = 0.00385490, max = 0.00739434 (R_Shank_Lateral)
[2026-08-14 12:22:38.539] [info] Frame 212 (t = 2.12):	 total squared error = 0.000358761, marker error: RMS = 0.00378820, max = 0.00671021 (R_Shank_Lateral)
[2026-08-14 12:22:38.578] [info] Frame 213 (t = 2.13):	 total squared error = 0.000346396, marker error: RMS = 0.00372234, max = 0.00683353 (R_Asis)
[2026-08-14 12:22:38.599] [info] Frame 214 (t = 2.14):	 total squared error = 0.000339081, marker error: RMS = 0.00368283, max = 0.00628445 (L_Thigh_Lateral)
[2026-08-14 12:22:38.633] [info] Frame 215 (t = 2.15):	 total squared error = 0.000330200, marker error: RMS = 0.00363428, max = 0.00659991 (R_Asis)
[2026-08-14 12:22:38.660] [info] Frame 216 (t = 2.16):	 total squared error = 0.000323870, marker error: RMS = 0.00359928, max = 0.00664864 (L_Thigh_Lateral)
[2026-08-14 12:22:38.700] [info] Frame 217 (t = 2.17):	 total squared error = 0.000314980, marker error: RMS = 0.00354954, max = 0.00668186 (L_Thigh_Lateral)
[2026-08-14 12:22:38.724] [info] Frame 218 (t = 2.18):	 total squared error = 0.000305605, marker error: RMS = 0.00349631, max = 0.00684038 (L_Thigh_Lateral)
[2026-08-14 12:22:38.762] [info] Frame 219 (t = 2.19):	 total squared error = 0.000294592, marker error: RMS = 0.00343274, max = 0.00682023 (L_Thigh_Lateral)
[2026-08-14 12:22:38.778] [info] Frame 220 (t = 2.2):	 total squared error = 0.000293357, marker error: RMS = 0.00342554, max = 0.00678366 (L_Thigh_Lateral)
[2026-08-14 12:22:38.821] [info] Frame 221 (t = 2.21):	 total squared error = 0.000278963, marker error: RMS = 0.00334044, max = 0.00680528 (L_Thigh_Lateral)
[2026-08-14 12:22:38.839] [info] Frame 222 (t = 2.22):	 total squared error = 0.000277598, marker error: RMS = 0.00333225, max = 0.00677489 (L_Thigh_Lateral)
[2026-08-14 12:22:38.860] [info] Frame 223 (t = 2.23):	 total squared error = 0.000268913, marker error: RMS = 0.00327971, max = 0.00668864 (L_Thigh_Lateral)
[2026-08-14 12:22:38.897] [info] Frame 224 (t = 2.24):	 total squared error = 0.000257290, marker error: RMS = 0.00320805, max = 0.00702213 (R_Thigh_Lateral)
[2026-08-14 12:22:38.917] [info] Frame 225 (t = 2.25):	 total squared error = 0.000249954, marker error: RMS = 0.00316198, max = 0.00720272 (R_Thigh_Lateral)
[2026-08-14 12:22:38.928] [info] Frame 226 (t = 2.26):	 total squared error = 0.000255754, marker error: RMS = 0.00319846, max = 0.00728919 (R_Thigh_Lateral)
[2026-08-14 12:22:38.970] [info] Frame 227 (t = 2.27):	 total squared error = 0.000232456, marker error: RMS = 0.00304930, max = 0.00753108 (R_Thigh_Lateral)
[2026-08-14 12:22:38.991] [info] Frame 228 (t = 2.28):	 total squared error = 0.000231139, marker error: RMS = 0.00304065, max = 0.00762853 (R_Thigh_Lateral)
[2026-08-14 12:22:39.033] [info] Frame 229 (t = 2.29):	 total squared error = 0.000222362, marker error: RMS = 0.00298236, max = 0.00752821 (R_Thigh_Lateral)
[2026-08-14 12:22:39.054] [info] Frame 230 (t = 2.3):	 total squared error = 0.000228176, marker error: RMS = 0.00302110, max = 0.00764870 (R_Thigh_Lateral)
[2026-08-14 12:22:39.083] [info] Frame 231 (t = 2.31):	 total squared error = 0.000227417, marker error: RMS = 0.00301607, max = 0.00756149 (R_Thigh_Lateral)
[2026-08-14 12:22:39.100] [info] Frame 232 (t = 2.32):	 total squared error = 0.000247297, marker error: RMS = 0.00314513, max = 0.00782715 (R_Thigh_Lateral)
[2026-08-14 12:22:39.116] [info] Frame 233 (t = 2.33):	 total squared error = 0.000277298, marker error: RMS = 0.00333045, max = 0.00822693 (R_Thigh_Lateral)
[2026-08-14 12:22:39.154] [info] Frame 234 (t = 2.34):	 total squared error = 0.000273536, marker error: RMS = 0.00330779, max = 0.00816652 (R_Thigh_Lateral)
[2026-08-14 12:22:39.177] [info] Frame 235 (t = 2.35):	 total squared error = 0.000305912, marker error: RMS = 0.00349807, max = 0.00872987 (R_Thigh_Lateral)
[2026-08-14 12:22:39.213] [info] Frame 236 (t = 2.36):	 total squared error = 0.000335266, marker error: RMS = 0.00366205, max = 0.00914943 (R_Thigh_Lateral)
[2026-08-14 12:22:39.255] [info] Frame 237 (t = 2.37):	 total squared error = 0.000371447, marker error: RMS = 0.00385459, max = 0.00971155 (R_Thigh_Lateral)
[2026-08-14 12:22:39.283] [info] Frame 238 (t = 2.38):	 total squared error = 0.000413232, marker error: RMS = 0.00406562, max = 0.0104500 (R_Thigh_Lateral)
[2026-08-14 12:22:39.321] [info] Frame 239 (t = 2.39):	 total squared error = 0.000439962, marker error: RMS = 0.00419505, max = 0.0107396 (R_Thigh_Lateral)
[2026-08-14 12:22:39.354] [info] Frame 240 (t = 2.4):	 total squared error = 0.000463812, marker error: RMS = 0.00430726, max = 0.0109194 (R_Thigh_Lateral)
[2026-08-14 12:22:39.375] [info] Frame 241 (t = 2.41):	 total squared error = 0.000484468, marker error: RMS = 0.00440213, max = 0.0108701 (R_Thigh_Lateral)
[2026-08-14 12:22:39.409] [info] Frame 242 (t = 2.42):	 total squared error = 0.000473189, marker error: RMS = 0.00435058, max = 0.0104079 (R_Thigh_Lateral)
[2026-08-14 12:22:39.433] [info] Frame 243 (t = 2.43):	 total squared error = 0.000464066, marker error: RMS = 0.00430844, max = 0.00975646 (R_Thigh_Lateral)
[2026-08-14 12:22:39.468] [info] Frame 244 (t = 2.44):	 total squared error = 0.000440446, marker error: RMS = 0.00419736, max = 0.00875995 (R_Thigh_Lateral)
[2026-08-14 12:22:39.489] [info] Frame 245 (t = 2.45):	 total squared error = 0.000427273, marker error: RMS = 0.00413412, max = 0.00856238 (Sternum)
[2026-08-14 12:22:39.514] [info] Frame 246 (t = 2.46):	 total squared error = 0.000418712, marker error: RMS = 0.00409249, max = 0.00893350 (Sternum)
[2026-08-14 12:22:39.536] [info] Frame 247 (t = 2.47):	 total squared error = 0.000425186, marker error: RMS = 0.00412401, max = 0.00914085 (Sternum)
[2026-08-14 12:22:39.551] [info] Frame 248 (t = 2.48):	 total squared error = 0.000444290, marker error: RMS = 0.00421564, max = 0.00939412 (Sternum)
[2026-08-14 12:22:39.585] [info] Frame 249 (t = 2.49):	 total squared error = 0.000465380, marker error: RMS = 0.00431453, max = 0.00958086 (Sternum)
[2026-08-14 12:22:39.605] [info] Frame 250 (t = 2.5):	 total squared error = 0.000489266, marker error: RMS = 0.00442387, max = 0.00965399 (Sternum)
[2026-08-14 12:22:39.616] [info] Frame 251 (t = 2.51):	 total squared error = 0.000510442, marker error: RMS = 0.00451859, max = 0.00945968 (Sternum)
[2026-08-14 12:22:39.646] [info] Frame 252 (t = 2.52):	 total squared error = 0.000497972, marker error: RMS = 0.00446306, max = 0.00986778 (Sternum)
[2026-08-14 12:22:39.665] [info] Frame 253 (t = 2.53):	 total squared error = 0.000481994, marker error: RMS = 0.00439087, max = 0.00984547 (Sternum)
[2026-08-14 12:22:39.676] [info] Frame 254 (t = 2.54):	 total squared error = 0.000465653, marker error: RMS = 0.00431580, max = 0.00956263 (Sternum)
[2026-08-14 12:22:39.694] [info] Frame 255 (t = 2.55):	 total squared error = 0.000443402, marker error: RMS = 0.00421142, max = 0.00970580 (Sternum)
[2026-08-14 12:22:39.732] [info] Frame 256 (t = 2.56):	 total squared error = 0.000418954, marker error: RMS = 0.00409367, max = 0.00961315 (Sternum)
[2026-08-14 12:22:39.759] [info] Frame 257 (t = 2.57):	 total squared error = 0.000418841, marker error: RMS = 0.00409312, max = 0.00950303 (Sternum)
[2026-08-14 12:22:39.784] [info] Frame 258 (t = 2.58):	 total squared error = 0.000424334, marker error: RMS = 0.00411988, max = 0.00932670 (Sternum)
[2026-08-14 12:22:39.825] [info] Frame 259 (t = 2.59):	 total squared error = 0.000414964, marker error: RMS = 0.00407413, max = 0.00899326 (Sternum)
[2026-08-14 12:22:39.849] [info] Frame 260 (t = 2.6):	 total squared error = 0.000423166, marker error: RMS = 0.00411420, max = 0.00875790 (Sternum)
[2026-08-14 12:22:39.873] [info] Frame 261 (t = 2.61):	 total squared error = 0.000430189, marker error: RMS = 0.00414820, max = 0.00848221 (Sternum)
[2026-08-14 12:22:39.923] [info] Frame 262 (t = 2.62):	 total squared error = 0.000422695, marker error: RMS = 0.00411191, max = 0.00818068 (Sternum)
[2026-08-14 12:22:39.949] [info] Frame 263 (t = 2.63):	 total squared error = 0.000422710, marker error: RMS = 0.00411198, max = 0.00784146 (Sternum)
[2026-08-14 12:22:39.973] [info] Frame 264 (t = 2.64):	 total squared error = 0.000424657, marker error: RMS = 0.00412144, max = 0.00766844 (Sternum)
[2026-08-14 12:22:39.997] [info] Frame 265 (t = 2.65):	 total squared error = 0.000427437, marker error: RMS = 0.00413491, max = 0.00732992 (Sternum)
[2026-08-14 12:22:40.026] [info] Frame 266 (t = 2.66):	 total squared error = 0.000432354, marker error: RMS = 0.00415862, max = 0.00707619 (Sternum)
[2026-08-14 12:22:40.052] [info] Frame 267 (t = 2.67):	 total squared error = 0.000440057, marker error: RMS = 0.00419551, max = 0.00679844 (Sternum)
[2026-08-14 12:22:40.104] [info] Frame 268 (t = 2.68):	 total squared error = 0.000439451, marker error: RMS = 0.00419262, max = 0.00657510 (Sternum)
[2026-08-14 12:22:40.129] [info] Frame 269 (t = 2.69):	 total squared error = 0.000440251, marker error: RMS = 0.00419643, max = 0.00634113 (Sternum)
[2026-08-14 12:22:40.156] [info] Frame 270 (t = 2.7):	 total squared error = 0.000434394, marker error: RMS = 0.00416842, max = 0.00717872 (L_Thigh_Lateral)
[2026-08-14 12:22:40.185] [info] Frame 271 (t = 2.71):	 total squared error = 0.000419835, marker error: RMS = 0.00409798, max = 0.00783781 (L_Thigh_Lateral)
[2026-08-14 12:22:40.203] [info] Frame 272 (t = 2.72):	 total squared error = 0.000409860, marker error: RMS = 0.00404900, max = 0.00869857 (L_Thigh_Lateral)
[2026-08-14 12:22:40.228] [info] Frame 273 (t = 2.73):	 total squared error = 0.000378878, marker error: RMS = 0.00389296, max = 0.00862684 (L_Thigh_Lateral)
[2026-08-14 12:22:40.257] [info] Frame 274 (t = 2.74):	 total squared error = 0.000352241, marker error: RMS = 0.00375361, max = 0.00844024 (L_Thigh_Lateral)
[2026-08-14 12:22:40.290] [info] Frame 275 (t = 2.75):	 total squared error = 0.000327573, marker error: RMS = 0.00361980, max = 0.00813855 (L_Thigh_Lateral)
[2026-08-14 12:22:40.328] [info] Frame 276 (t = 2.76):	 total squared error = 0.000303358, marker error: RMS = 0.00348344, max = 0.00780473 (L_Thigh_Lateral)
[2026-08-14 12:22:40.356] [info] Frame 277 (t = 2.77):	 total squared error = 0.000284032, marker error: RMS = 0.00337065, max = 0.00746839 (L_Thigh_Lateral)
[2026-08-14 12:22:40.381] [info] Frame 278 (t = 2.78):	 total squared error = 0.000264634, marker error: RMS = 0.00325351, max = 0.00716108 (L_Thigh_Lateral)
[2026-08-14 12:22:40.404] [info] Frame 279 (t = 2.79):	 total squared error = 0.000253005, marker error: RMS = 0.00318123, max = 0.00693500 (L_Thigh_Lateral)
[2026-08-14 12:22:40.422] [info] Frame 280 (t = 2.8):	 total squared error = 0.000252756, marker error: RMS = 0.00317966, max = 0.00700779 (L_Thigh_Lateral)
[2026-08-14 12:22:40.444] [info] Frame 281 (t = 2.81):	 total squared error = 0.000248172, marker error: RMS = 0.00315070, max = 0.00696771 (L_Thigh_Lateral)
[2026-08-14 12:22:40.459] [info] Frame 282 (t = 2.82):	 total squared error = 0.000269852, marker error: RMS = 0.00328544, max = 0.00728825 (L_Thigh_Lateral)
[2026-08-14 12:22:40.480] [info] Frame 283 (t = 2.83):	 total squared error = 0.000280879, marker error: RMS = 0.00335189, max = 0.00755541 (L_Thigh_Lateral)
[2026-08-14 12:22:40.502] [info] Frame 284 (t = 2.84):	 total squared error = 0.000308024, marker error: RMS = 0.00351012, max = 0.00812054 (L_Thigh_Lateral)
[2026-08-14 12:22:40.542] [info] Frame 285 (t = 2.85):	 total squared error = 0.000328588, marker error: RMS = 0.00362540, max = 0.00904279 (L_Thigh_Lateral)
[2026-08-14 12:22:40.572] [info] Frame 286 (t = 2.86):	 total squared error = 0.000378285, marker error: RMS = 0.00388991, max = 0.00959254 (L_Thigh_Lateral)
[2026-08-14 12:22:40.619] [info] Frame 287 (t = 2.87):	 total squared error = 0.000426846, marker error: RMS = 0.00413205, max = 0.0104222 (L_Thigh_Lateral)
[2026-08-14 12:22:40.663] [info] Frame 288 (t = 2.88):	 total squared error = 0.000486029, marker error: RMS = 0.00440921, max = 0.0111713 (L_Shank_Lateral)
[2026-08-14 12:22:40.711] [info] Frame 289 (t = 2.89):	 total squared error = 0.000547867, marker error: RMS = 0.00468131, max = 0.0119618 (L_Shank_Lateral)
[2026-08-14 12:22:40.728] [info] Frame 290 (t = 2.9):	 total squared error = 0.000625447, marker error: RMS = 0.00500179, max = 0.0128619 (L_Thigh_Lateral)
[2026-08-14 12:22:40.773] [info] Frame 291 (t = 2.91):	 total squared error = 0.000670862, marker error: RMS = 0.00518020, max = 0.0131813 (L_Shank_Lateral)
[2026-08-14 12:22:40.780] [info] InverseKinematicsTool completed 292 frames in 8 second(s).
[2026-08-14 12:22:40.831] [info] Loaded model SUBJ59-scaled from file C:\Users\migue\Downloads\TFG\2_JMP\SUBJ59\Walk_1\SUBJ59_1_JMP_results\SUBJ59_1_NMSM_JMP_07_upper_limb_final.osim
[2026-08-14 12:22:41.472] [warning] Coordinate.setValue:  coordinate pro_sup_r is locked. Unable to change its value.
[2026-08-14 12:22:41.518] [warning] Coordinate.setValue:  coordinate pro_sup_l is locked. Unable to change its value.
[2026-08-14 12:23:34.496] [info] Loaded model SUBJ59-scaled from file C:\Users\migue\Downloads\TFG\2_JMP\SUBJ59\Walk_1\SUBJ59_1_JMP_results\SUBJ59_1_NMSM_JMP_08_wrist_axis_FINAL.osim
[2026-08-14 12:23:34.521] [cout] [info] 
               MODEL: SUBJ59-scaled
         coordinates: 41
              forces: 103
           actuators: 103
             muscles: 86
            analyses: 0
              probes: 0
              bodies: 24
              joints: 24
         constraints: 2
             markers: 25
         controllers: 0
  contact geometries: 0
misc modelcomponents: 0
[2026-08-14 12:23:34.521] [info] Running tool .
[2026-08-14 12:23:34.637] [info] Frame 0 (t = 0.0):	 total squared error = 0.000414349, marker error: RMS = 0.00407111, max = 0.0108457 (R_Shank_Lateral)
[2026-08-14 12:23:34.653] [info] Frame 1 (t = 0.01):	 total squared error = 0.000427235, marker error: RMS = 0.00413393, max = 0.0111947 (R_Shank_Lateral)
[2026-08-14 12:23:34.679] [info] Frame 2 (t = 0.02):	 total squared error = 0.000438131, marker error: RMS = 0.00418632, max = 0.0115406 (R_Shank_Lateral)
[2026-08-14 12:23:34.714] [info] Frame 3 (t = 0.03):	 total squared error = 0.000445957, marker error: RMS = 0.00422354, max = 0.0116683 (R_Thigh_Lateral)
[2026-08-14 12:23:34.730] [info] Frame 4 (t = 0.04):	 total squared error = 0.000467478, marker error: RMS = 0.00432425, max = 0.0118251 (R_Thigh_Lateral)
[2026-08-14 12:23:34.773] [info] Frame 5 (t = 0.05):	 total squared error = 0.000452555, marker error: RMS = 0.00425467, max = 0.0119435 (R_Thigh_Lateral)
[2026-08-14 12:23:34.797] [info] Frame 6 (t = 0.06):	 total squared error = 0.000447452, marker error: RMS = 0.00423061, max = 0.0118653 (R_Thigh_Lateral)
[2026-08-14 12:23:34.821] [info] Frame 7 (t = 0.07):	 total squared error = 0.000432417, marker error: RMS = 0.00415893, max = 0.0113426 (R_Thigh_Lateral)
[2026-08-14 12:23:34.856] [info] Frame 8 (t = 0.08):	 total squared error = 0.000396666, marker error: RMS = 0.00398329, max = 0.0105426 (R_Thigh_Lateral)
[2026-08-14 12:23:34.878] [info] Frame 9 (t = 0.09):	 total squared error = 0.000372887, marker error: RMS = 0.00386206, max = 0.00972817 (R_Thigh_Lateral)
[2026-08-14 12:23:34.905] [info] Frame 10 (t = 0.1):	 total squared error = 0.000349712, marker error: RMS = 0.00374012, max = 0.00880624 (R_Thigh_Lateral)
[2026-08-14 12:23:34.941] [info] Frame 11 (t = 0.11):	 total squared error = 0.000329955, marker error: RMS = 0.00363293, max = 0.00813036 (R_Thigh_Lateral)
[2026-08-14 12:23:34.967] [info] Frame 12 (t = 0.12):	 total squared error = 0.000330483, marker error: RMS = 0.00363584, max = 0.00797606 (R_Thigh_Lateral)
[2026-08-14 12:23:34.997] [info] Frame 13 (t = 0.13):	 total squared error = 0.000339646, marker error: RMS = 0.00368590, max = 0.00829729 (R_Thigh_Lateral)
[2026-08-14 12:23:35.017] [info] Frame 14 (t = 0.14):	 total squared error = 0.000362247, marker error: RMS = 0.00380656, max = 0.00892494 (R_Thigh_Lateral)
[2026-08-14 12:23:35.047] [info] Frame 15 (t = 0.15):	 total squared error = 0.000386113, marker error: RMS = 0.00392995, max = 0.00958580 (R_Thigh_Lateral)
[2026-08-14 12:23:35.068] [info] Frame 16 (t = 0.16):	 total squared error = 0.000409489, marker error: RMS = 0.00404716, max = 0.00999626 (R_Thigh_Lateral)
[2026-08-14 12:23:35.082] [info] Frame 17 (t = 0.17):	 total squared error = 0.000431349, marker error: RMS = 0.00415379, max = 0.0102839 (R_Thigh_Lateral)
[2026-08-14 12:23:35.107] [info] Frame 18 (t = 0.18):	 total squared error = 0.000426525, marker error: RMS = 0.00413050, max = 0.00973799 (R_Thigh_Lateral)
[2026-08-14 12:23:35.122] [info] Frame 19 (t = 0.19):	 total squared error = 0.000422211, marker error: RMS = 0.00410955, max = 0.00895394 (R_Thigh_Lateral)
[2026-08-14 12:23:35.152] [info] Frame 20 (t = 0.2):	 total squared error = 0.000392442, marker error: RMS = 0.00396203, max = 0.00815270 (R_Thigh_Lateral)
[2026-08-14 12:23:35.175] [info] Frame 21 (t = 0.21):	 total squared error = 0.000372630, marker error: RMS = 0.00386072, max = 0.00696730 (L_Thigh_Lateral)
[2026-08-14 12:23:35.187] [info] Frame 22 (t = 0.22):	 total squared error = 0.000365756, marker error: RMS = 0.00382495, max = 0.00681696 (Sternum)
[2026-08-14 12:23:35.216] [info] Frame 23 (t = 0.23):	 total squared error = 0.000346065, marker error: RMS = 0.00372056, max = 0.00687365 (Sternum)
[2026-08-14 12:23:35.253] [info] Frame 24 (t = 0.24):	 total squared error = 0.000338125, marker error: RMS = 0.00367764, max = 0.00673793 (Sternum)
[2026-08-14 12:23:35.280] [info] Frame 25 (t = 0.25):	 total squared error = 0.000344878, marker error: RMS = 0.00371418, max = 0.00658623 (Sternum)
[2026-08-14 12:23:35.303] [info] Frame 26 (t = 0.26):	 total squared error = 0.000356442, marker error: RMS = 0.00377593, max = 0.00638192 (Sternum)
[2026-08-14 12:23:35.325] [info] Frame 27 (t = 0.27):	 total squared error = 0.000370156, marker error: RMS = 0.00384789, max = 0.00648316 (Sacral)
[2026-08-14 12:23:35.370] [info] Frame 28 (t = 0.28):	 total squared error = 0.000361757, marker error: RMS = 0.00380398, max = 0.00651246 (L_Asis)
[2026-08-14 12:23:35.403] [info] Frame 29 (t = 0.29):	 total squared error = 0.000357433, marker error: RMS = 0.00378118, max = 0.00645091 (L_Asis)
[2026-08-14 12:23:35.446] [info] Frame 30 (t = 0.3):	 total squared error = 0.000339890, marker error: RMS = 0.00368722, max = 0.00649995 (L_Asis)
[2026-08-14 12:23:35.482] [info] Frame 31 (t = 0.31):	 total squared error = 0.000311322, marker error: RMS = 0.00352887, max = 0.00691795 (L_Asis)
[2026-08-14 12:23:35.512] [info] Frame 32 (t = 0.32):	 total squared error = 0.000281897, marker error: RMS = 0.00335795, max = 0.00650857 (L_Asis)
[2026-08-14 12:23:35.549] [info] Frame 33 (t = 0.33):	 total squared error = 0.000256492, marker error: RMS = 0.00320307, max = 0.00651147 (L_Asis)
[2026-08-14 12:23:35.575] [info] Frame 34 (t = 0.34):	 total squared error = 0.000237277, marker error: RMS = 0.00308076, max = 0.00602144 (L_Asis)
[2026-08-14 12:23:35.606] [info] Frame 35 (t = 0.35):	 total squared error = 0.000224910, marker error: RMS = 0.00299940, max = 0.00581957 (L_Asis)
[2026-08-14 12:23:35.654] [info] Frame 36 (t = 0.36):	 total squared error = 0.000218675, marker error: RMS = 0.00295753, max = 0.00578317 (L_Asis)
[2026-08-14 12:23:35.692] [info] Frame 37 (t = 0.37):	 total squared error = 0.000217708, marker error: RMS = 0.00295099, max = 0.00568394 (L_Thigh_Lateral)
[2026-08-14 12:23:35.729] [info] Frame 38 (t = 0.38):	 total squared error = 0.000223911, marker error: RMS = 0.00299273, max = 0.00664772 (L_Thigh_Lateral)
[2026-08-14 12:23:35.758] [info] Frame 39 (t = 0.39):	 total squared error = 0.000232244, marker error: RMS = 0.00304791, max = 0.00772593 (L_Thigh_Lateral)
[2026-08-14 12:23:35.788] [info] Frame 40 (t = 0.4):	 total squared error = 0.000238864, marker error: RMS = 0.00309105, max = 0.00834881 (L_Thigh_Lateral)
[2026-08-14 12:23:35.828] [info] Frame 41 (t = 0.41):	 total squared error = 0.000246468, marker error: RMS = 0.00313986, max = 0.00903151 (L_Thigh_Lateral)
[2026-08-14 12:23:35.850] [info] Frame 42 (t = 0.42):	 total squared error = 0.000260098, marker error: RMS = 0.00322551, max = 0.00965585 (L_Thigh_Lateral)
[2026-08-14 12:23:35.876] [info] Frame 43 (t = 0.43):	 total squared error = 0.000274629, marker error: RMS = 0.00331439, max = 0.0103015 (L_Thigh_Lateral)
[2026-08-14 12:23:35.909] [info] Frame 44 (t = 0.44):	 total squared error = 0.000300844, marker error: RMS = 0.00346897, max = 0.0108393 (L_Thigh_Lateral)
[2026-08-14 12:23:35.935] [info] Frame 45 (t = 0.45):	 total squared error = 0.000333082, marker error: RMS = 0.00365011, max = 0.0111841 (L_Thigh_Lateral)
[2026-08-14 12:23:35.968] [info] Frame 46 (t = 0.46):	 total squared error = 0.000364714, marker error: RMS = 0.00381950, max = 0.0119185 (L_Thigh_Lateral)
[2026-08-14 12:23:35.986] [info] Frame 47 (t = 0.47):	 total squared error = 0.000397612, marker error: RMS = 0.00398804, max = 0.0117667 (L_Thigh_Lateral)
[2026-08-14 12:23:36.028] [info] Frame 48 (t = 0.48):	 total squared error = 0.000410085, marker error: RMS = 0.00405011, max = 0.0125392 (L_Thigh_Lateral)
[2026-08-14 12:23:36.050] [info] Frame 49 (t = 0.49):	 total squared error = 0.000419644, marker error: RMS = 0.00409704, max = 0.0122436 (L_Shank_Lateral)
[2026-08-14 12:23:36.073] [info] Frame 50 (t = 0.5):	 total squared error = 0.000421117, marker error: RMS = 0.00410423, max = 0.0125575 (L_Shank_Lateral)
[2026-08-14 12:23:36.094] [info] Frame 51 (t = 0.51):	 total squared error = 0.000415074, marker error: RMS = 0.00407467, max = 0.0124033 (L_Shank_Lateral)
[2026-08-14 12:23:36.133] [info] Frame 52 (t = 0.52):	 total squared error = 0.000396651, marker error: RMS = 0.00398322, max = 0.0119413 (L_Thigh_Lateral)
[2026-08-14 12:23:36.149] [info] Frame 53 (t = 0.53):	 total squared error = 0.000393640, marker error: RMS = 0.00396807, max = 0.0118079 (L_Thigh_Lateral)
[2026-08-14 12:23:36.191] [info] Frame 54 (t = 0.54):	 total squared error = 0.000380610, marker error: RMS = 0.00390184, max = 0.0113483 (L_Thigh_Lateral)
[2026-08-14 12:23:36.219] [info] Frame 55 (t = 0.55):	 total squared error = 0.000385575, marker error: RMS = 0.00392721, max = 0.0113232 (L_Thigh_Lateral)
[2026-08-14 12:23:36.268] [info] Frame 56 (t = 0.56):	 total squared error = 0.000392461, marker error: RMS = 0.00396213, max = 0.011226 (L_Thigh_Lateral)
[2026-08-14 12:23:36.286] [info] Frame 57 (t = 0.57):	 total squared error = 0.000420153, marker error: RMS = 0.00409953, max = 0.0119026 (L_Thigh_Lateral)
[2026-08-14 12:23:36.316] [info] Frame 58 (t = 0.58):	 total squared error = 0.000442175, marker error: RMS = 0.00420559, max = 0.0118598 (L_Thigh_Lateral)
[2026-08-14 12:23:36.335] [info] Frame 59 (t = 0.59):	 total squared error = 0.000486005, marker error: RMS = 0.00440910, max = 0.0127529 (L_Thigh_Lateral)
[2026-08-14 12:23:36.352] [info] Frame 60 (t = 0.6):	 total squared error = 0.000536999, marker error: RMS = 0.00463465, max = 0.0134335 (L_Thigh_Lateral)
[2026-08-14 12:23:36.399] [info] Frame 61 (t = 0.61):	 total squared error = 0.000538596, marker error: RMS = 0.00464153, max = 0.0130546 (L_Thigh_Lateral)
[2026-08-14 12:23:36.417] [info] Frame 62 (t = 0.62):	 total squared error = 0.000570524, marker error: RMS = 0.00477713, max = 0.0132946 (L_Thigh_Lateral)
[2026-08-14 12:23:36.445] [info] Frame 63 (t = 0.63):	 total squared error = 0.000582881, marker error: RMS = 0.00482858, max = 0.0129766 (L_Thigh_Lateral)
[2026-08-14 12:23:36.473] [info] Frame 64 (t = 0.64):	 total squared error = 0.000572794, marker error: RMS = 0.00478662, max = 0.0124635 (L_Thigh_Lateral)
[2026-08-14 12:23:36.495] [info] Frame 65 (t = 0.65):	 total squared error = 0.000557482, marker error: RMS = 0.00472221, max = 0.0115392 (L_Thigh_Lateral)
[2026-08-14 12:23:36.522] [info] Frame 66 (t = 0.66):	 total squared error = 0.000528261, marker error: RMS = 0.00459679, max = 0.0104398 (L_Shank_Lateral)
[2026-08-14 12:23:36.547] [info] Frame 67 (t = 0.67):	 total squared error = 0.000493922, marker error: RMS = 0.00444487, max = 0.00894759 (L_Shank_Lateral)
[2026-08-14 12:23:36.587] [info] Frame 68 (t = 0.68):	 total squared error = 0.000454738, marker error: RMS = 0.00426492, max = 0.00892025 (Sternum)
[2026-08-14 12:23:36.624] [info] Frame 69 (t = 0.69):	 total squared error = 0.000438290, marker error: RMS = 0.00418707, max = 0.00925220 (Sternum)
[2026-08-14 12:23:36.649] [info] Frame 70 (t = 0.7):	 total squared error = 0.000443650, marker error: RMS = 0.00421260, max = 0.00968217 (Sternum)
[2026-08-14 12:23:36.692] [info] Frame 71 (t = 0.71):	 total squared error = 0.000462018, marker error: RMS = 0.00429892, max = 0.00989842 (Sternum)
[2026-08-14 12:23:36.727] [info] Frame 72 (t = 0.72):	 total squared error = 0.000508153, marker error: RMS = 0.00450845, max = 0.0102756 (Sternum)
[2026-08-14 12:23:36.757] [info] Frame 73 (t = 0.73):	 total squared error = 0.000568612, marker error: RMS = 0.00476912, max = 0.0106635 (Sternum)
[2026-08-14 12:23:36.782] [info] Frame 74 (t = 0.74):	 total squared error = 0.000634598, marker error: RMS = 0.00503825, max = 0.0109634 (Sternum)
[2026-08-14 12:23:36.818] [info] Frame 75 (t = 0.75):	 total squared error = 0.000683537, marker error: RMS = 0.00522891, max = 0.0114892 (L_Thigh_Lateral)
[2026-08-14 12:23:36.838] [info] Frame 76 (t = 0.76):	 total squared error = 0.000722408, marker error: RMS = 0.00537553, max = 0.0121233 (L_Thigh_Lateral)
[2026-08-14 12:23:36.848] [info] Frame 77 (t = 0.77):	 total squared error = 0.000736363, marker error: RMS = 0.00542720, max = 0.0121032 (L_Thigh_Lateral)
[2026-08-14 12:23:36.861] [info] Frame 78 (t = 0.78):	 total squared error = 0.000720264, marker error: RMS = 0.00536755, max = 0.0120345 (Sternum)
[2026-08-14 12:23:36.885] [info] Frame 79 (t = 0.79):	 total squared error = 0.000671881, marker error: RMS = 0.00518413, max = 0.0121533 (Sternum)
[2026-08-14 12:23:36.905] [info] Frame 80 (t = 0.8):	 total squared error = 0.000621492, marker error: RMS = 0.00498595, max = 0.0123384 (Sternum)
[2026-08-14 12:23:36.942] [info] Frame 81 (t = 0.81):	 total squared error = 0.000567911, marker error: RMS = 0.00476618, max = 0.0122272 (Sternum)
[2026-08-14 12:23:36.966] [info] Frame 82 (t = 0.82):	 total squared error = 0.000542672, marker error: RMS = 0.00465906, max = 0.0122219 (Sternum)
[2026-08-14 12:23:36.994] [info] Frame 83 (t = 0.83):	 total squared error = 0.000531798, marker error: RMS = 0.00461215, max = 0.0121515 (Sternum)
[2026-08-14 12:23:37.036] [info] Frame 84 (t = 0.84):	 total squared error = 0.000523551, marker error: RMS = 0.00457625, max = 0.0119529 (Sternum)
[2026-08-14 12:23:37.058] [info] Frame 85 (t = 0.85):	 total squared error = 0.000534240, marker error: RMS = 0.00462273, max = 0.0117534 (Sternum)
[2026-08-14 12:23:37.086] [info] Frame 86 (t = 0.86):	 total squared error = 0.000549293, marker error: RMS = 0.00468740, max = 0.0115385 (Sternum)
[2026-08-14 12:23:37.116] [info] Frame 87 (t = 0.87):	 total squared error = 0.000565417, marker error: RMS = 0.00475570, max = 0.0112547 (Sternum)
[2026-08-14 12:23:37.139] [info] Frame 88 (t = 0.88):	 total squared error = 0.000581739, marker error: RMS = 0.00482385, max = 0.0109464 (Sternum)
[2026-08-14 12:23:37.162] [info] Frame 89 (t = 0.89):	 total squared error = 0.000590290, marker error: RMS = 0.00485918, max = 0.0106857 (Sternum)
[2026-08-14 12:23:37.201] [info] Frame 90 (t = 0.9):	 total squared error = 0.000583844, marker error: RMS = 0.00483257, max = 0.0104020 (Sternum)
[2026-08-14 12:23:37.232] [info] Frame 91 (t = 0.91):	 total squared error = 0.000576652, marker error: RMS = 0.00480272, max = 0.0100155 (Sternum)
[2026-08-14 12:23:37.261] [info] Frame 92 (t = 0.92):	 total squared error = 0.000568751, marker error: RMS = 0.00476970, max = 0.00968041 (Sternum)
[2026-08-14 12:23:37.291] [info] Frame 93 (t = 0.93):	 total squared error = 0.000560401, marker error: RMS = 0.00473456, max = 0.00936833 (Sternum)
[2026-08-14 12:23:37.327] [info] Frame 94 (t = 0.94):	 total squared error = 0.000550537, marker error: RMS = 0.00469270, max = 0.00909150 (Sternum)
[2026-08-14 12:23:37.368] [info] Frame 95 (t = 0.95):	 total squared error = 0.000537748, marker error: RMS = 0.00463788, max = 0.00872054 (Sternum)
[2026-08-14 12:23:37.396] [info] Frame 96 (t = 0.96):	 total squared error = 0.000521692, marker error: RMS = 0.00456812, max = 0.00826227 (Sternum)
[2026-08-14 12:23:37.422] [info] Frame 97 (t = 0.97):	 total squared error = 0.000509192, marker error: RMS = 0.00451306, max = 0.00780205 (Sacral)
[2026-08-14 12:23:37.467] [info] Frame 98 (t = 0.98):	 total squared error = 0.000483044, marker error: RMS = 0.00439565, max = 0.00812886 (R_Asis)
[2026-08-14 12:23:37.507] [info] Frame 99 (t = 0.99):	 total squared error = 0.000465250, marker error: RMS = 0.00431393, max = 0.00755714 (R_Asis)
[2026-08-14 12:23:37.536] [info] Frame 100 (t = 1.0):	 total squared error = 0.000454503, marker error: RMS = 0.00426381, max = 0.00782587 (Sacral)
[2026-08-14 12:23:37.591] [info] Frame 101 (t = 1.01):	 total squared error = 0.000431877, marker error: RMS = 0.00415633, max = 0.00768929 (R_Asis)
[2026-08-14 12:23:37.624] [info] Frame 102 (t = 1.02):	 total squared error = 0.000419006, marker error: RMS = 0.00409393, max = 0.00746202 (Sacral)
[2026-08-14 12:23:37.650] [info] Frame 103 (t = 1.03):	 total squared error = 0.000402153, marker error: RMS = 0.00401075, max = 0.00742272 (Sacral)
[2026-08-14 12:23:37.687] [info] Frame 104 (t = 1.04):	 total squared error = 0.000375533, marker error: RMS = 0.00387574, max = 0.00720424 (Sacral)
[2026-08-14 12:23:37.706] [info] Frame 105 (t = 1.05):	 total squared error = 0.000355899, marker error: RMS = 0.00377306, max = 0.00678646 (Sacral)
[2026-08-14 12:23:37.734] [info] Frame 106 (t = 1.06):	 total squared error = 0.000328298, marker error: RMS = 0.00362380, max = 0.00656980 (Sacral)
[2026-08-14 12:23:37.753] [info] Frame 107 (t = 1.07):	 total squared error = 0.000305820, marker error: RMS = 0.00349754, max = 0.00636703 (L_Thigh_Lateral)
[2026-08-14 12:23:37.777] [info] Frame 108 (t = 1.08):	 total squared error = 0.000280990, marker error: RMS = 0.00335255, max = 0.00616060 (L_Thigh_Lateral)
[2026-08-14 12:23:37.789] [info] Frame 109 (t = 1.09):	 total squared error = 0.000272194, marker error: RMS = 0.00329966, max = 0.00584561 (L_Thigh_Lateral)
[2026-08-14 12:23:37.829] [info] Frame 110 (t = 1.1):	 total squared error = 0.000237938, marker error: RMS = 0.00308505, max = 0.00587779 (L_Thigh_Lateral)
[2026-08-14 12:23:37.856] [info] Frame 111 (t = 1.11):	 total squared error = 0.000226271, marker error: RMS = 0.00300846, max = 0.00581704 (L_Thigh_Lateral)
[2026-08-14 12:23:37.875] [info] Frame 112 (t = 1.12):	 total squared error = 0.000223340, marker error: RMS = 0.00298891, max = 0.00575910 (R_Thigh_Lateral)
[2026-08-14 12:23:37.919] [info] Frame 113 (t = 1.13):	 total squared error = 0.000213925, marker error: RMS = 0.00292524, max = 0.00593683 (R_Thigh_Lateral)
[2026-08-14 12:23:37.940] [info] Frame 114 (t = 1.14):	 total squared error = 0.000219471, marker error: RMS = 0.00296291, max = 0.00629959 (R_Thigh_Lateral)
[2026-08-14 12:23:37.959] [info] Frame 115 (t = 1.15):	 total squared error = 0.000230502, marker error: RMS = 0.00303646, max = 0.00671824 (R_Thigh_Lateral)
[2026-08-14 12:23:38.003] [info] Frame 116 (t = 1.16):	 total squared error = 0.000224889, marker error: RMS = 0.00299926, max = 0.00673621 (R_Thigh_Lateral)
[2026-08-14 12:23:38.022] [info] Frame 117 (t = 1.17):	 total squared error = 0.000243992, marker error: RMS = 0.00312405, max = 0.00738190 (R_Thigh_Lateral)
[2026-08-14 12:23:38.062] [info] Frame 118 (t = 1.18):	 total squared error = 0.000249697, marker error: RMS = 0.00316036, max = 0.00763035 (R_Thigh_Lateral)
[2026-08-14 12:23:38.085] [info] Frame 119 (t = 1.19):	 total squared error = 0.000272601, marker error: RMS = 0.00330212, max = 0.00835579 (R_Thigh_Lateral)
[2026-08-14 12:23:38.124] [info] Frame 120 (t = 1.2):	 total squared error = 0.000293610, marker error: RMS = 0.00342701, max = 0.00893256 (R_Thigh_Lateral)
[2026-08-14 12:23:38.148] [info] Frame 121 (t = 1.21):	 total squared error = 0.000326096, marker error: RMS = 0.00361163, max = 0.00971550 (R_Thigh_Lateral)
[2026-08-14 12:23:38.182] [info] Frame 122 (t = 1.22):	 total squared error = 0.000351023, marker error: RMS = 0.00374712, max = 0.0102653 (R_Thigh_Lateral)
[2026-08-14 12:23:38.199] [info] Frame 123 (t = 1.23):	 total squared error = 0.000392108, marker error: RMS = 0.00396035, max = 0.0107261 (R_Thigh_Lateral)
[2026-08-14 12:23:38.236] [info] Frame 124 (t = 1.24):	 total squared error = 0.000390952, marker error: RMS = 0.00395450, max = 0.0107847 (R_Thigh_Lateral)
[2026-08-14 12:23:38.276] [info] Frame 125 (t = 1.25):	 total squared error = 0.000392979, marker error: RMS = 0.00396474, max = 0.0104479 (R_Thigh_Lateral)
[2026-08-14 12:23:38.311] [info] Frame 126 (t = 1.26):	 total squared error = 0.000381957, marker error: RMS = 0.00390874, max = 0.00975234 (R_Thigh_Lateral)
[2026-08-14 12:23:38.343] [info] Frame 127 (t = 1.27):	 total squared error = 0.000364283, marker error: RMS = 0.00381724, max = 0.00879857 (R_Thigh_Lateral)
[2026-08-14 12:23:38.367] [info] Frame 128 (t = 1.28):	 total squared error = 0.000345403, marker error: RMS = 0.00371700, max = 0.00765169 (R_Thigh_Lateral)
[2026-08-14 12:23:38.393] [info] Frame 129 (t = 1.29):	 total squared error = 0.000332676, marker error: RMS = 0.00364788, max = 0.00729106 (Sternum)
[2026-08-14 12:23:38.410] [info] Frame 130 (t = 1.3):	 total squared error = 0.000340888, marker error: RMS = 0.00369263, max = 0.00771486 (Sternum)
[2026-08-14 12:23:38.440] [info] Frame 131 (t = 1.31):	 total squared error = 0.000360893, marker error: RMS = 0.00379944, max = 0.00810898 (Sternum)
[2026-08-14 12:23:38.453] [info] Frame 132 (t = 1.32):	 total squared error = 0.000415195, marker error: RMS = 0.00407527, max = 0.00864421 (R_Thigh_Lateral)
[2026-08-14 12:23:38.474] [info] Frame 133 (t = 1.33):	 total squared error = 0.000455220, marker error: RMS = 0.00426718, max = 0.00959520 (R_Thigh_Lateral)
[2026-08-14 12:23:38.502] [info] Frame 134 (t = 1.34):	 total squared error = 0.000491233, marker error: RMS = 0.00443275, max = 0.0101288 (R_Thigh_Lateral)
[2026-08-14 12:23:38.516] [info] Frame 135 (t = 1.35):	 total squared error = 0.000515035, marker error: RMS = 0.00453888, max = 0.0102608 (R_Thigh_Lateral)
[2026-08-14 12:23:38.528] [info] Frame 136 (t = 1.36):	 total squared error = 0.000518238, marker error: RMS = 0.00455297, max = 0.00956547 (R_Thigh_Lateral)
[2026-08-14 12:23:38.560] [info] Frame 137 (t = 1.37):	 total squared error = 0.000487640, marker error: RMS = 0.00441651, max = 0.00982315 (Sternum)
[2026-08-14 12:23:38.578] [info] Frame 138 (t = 1.38):	 total squared error = 0.000465470, marker error: RMS = 0.00431495, max = 0.00984798 (Sternum)
[2026-08-14 12:23:38.597] [info] Frame 139 (t = 1.39):	 total squared error = 0.000447624, marker error: RMS = 0.00423142, max = 0.00980745 (Sternum)
[2026-08-14 12:23:38.618] [info] Frame 140 (t = 1.4):	 total squared error = 0.000438667, marker error: RMS = 0.00418888, max = 0.00978640 (Sternum)
[2026-08-14 12:23:38.650] [info] Frame 141 (t = 1.41):	 total squared error = 0.000434305, marker error: RMS = 0.00416800, max = 0.00979435 (Sternum)
[2026-08-14 12:23:38.690] [info] Frame 142 (t = 1.42):	 total squared error = 0.000427070, marker error: RMS = 0.00413314, max = 0.00953299 (Sternum)
[2026-08-14 12:23:38.713] [info] Frame 143 (t = 1.43):	 total squared error = 0.000438367, marker error: RMS = 0.00418744, max = 0.00938328 (Sternum)
[2026-08-14 12:23:38.758] [info] Frame 144 (t = 1.44):	 total squared error = 0.000440621, marker error: RMS = 0.00419819, max = 0.00924952 (Sternum)
[2026-08-14 12:23:38.781] [info] Frame 145 (t = 1.45):	 total squared error = 0.000455695, marker error: RMS = 0.00426940, max = 0.00902822 (Sternum)
[2026-08-14 12:23:38.816] [info] Frame 146 (t = 1.46):	 total squared error = 0.000465860, marker error: RMS = 0.00431676, max = 0.00882479 (Sternum)
[2026-08-14 12:23:38.836] [info] Frame 147 (t = 1.47):	 total squared error = 0.000477092, marker error: RMS = 0.00436849, max = 0.00852517 (Sternum)
[2026-08-14 12:23:38.879] [info] Frame 148 (t = 1.48):	 total squared error = 0.000474581, marker error: RMS = 0.00435698, max = 0.00837147 (Sternum)
[2026-08-14 12:23:38.906] [info] Frame 149 (t = 1.49):	 total squared error = 0.000473607, marker error: RMS = 0.00435250, max = 0.00812041 (Sternum)
[2026-08-14 12:23:38.931] [info] Frame 150 (t = 1.5):	 total squared error = 0.000469664, marker error: RMS = 0.00433435, max = 0.00781294 (Sternum)
[2026-08-14 12:23:38.971] [info] Frame 151 (t = 1.51):	 total squared error = 0.000459584, marker error: RMS = 0.00428758, max = 0.00755469 (Sternum)
[2026-08-14 12:23:39.001] [info] Frame 152 (t = 1.52):	 total squared error = 0.000447986, marker error: RMS = 0.00423314, max = 0.00731110 (Sternum)
[2026-08-14 12:23:39.034] [info] Frame 153 (t = 1.53):	 total squared error = 0.000434123, marker error: RMS = 0.00416712, max = 0.00694574 (Sternum)
[2026-08-14 12:23:39.064] [info] Frame 154 (t = 1.54):	 total squared error = 0.000421101, marker error: RMS = 0.00410415, max = 0.00666871 (L_Thigh_Lateral)
[2026-08-14 12:23:39.121] [info] Frame 155 (t = 1.55):	 total squared error = 0.000407739, marker error: RMS = 0.00403851, max = 0.00725807 (L_Thigh_Lateral)
[2026-08-14 12:23:39.156] [info] Frame 156 (t = 1.56):	 total squared error = 0.000398299, marker error: RMS = 0.00399148, max = 0.00812950 (L_Thigh_Lateral)
[2026-08-14 12:23:39.185] [info] Frame 157 (t = 1.57):	 total squared error = 0.000400732, marker error: RMS = 0.00400366, max = 0.00878687 (L_Thigh_Lateral)
[2026-08-14 12:23:39.224] [info] Frame 158 (t = 1.58):	 total squared error = 0.000382235, marker error: RMS = 0.00391017, max = 0.00881474 (L_Thigh_Lateral)
[2026-08-14 12:23:39.252] [info] Frame 159 (t = 1.59):	 total squared error = 0.000380918, marker error: RMS = 0.00390342, max = 0.00904937 (L_Thigh_Lateral)
[2026-08-14 12:23:39.298] [info] Frame 160 (t = 1.6):	 total squared error = 0.000375915, marker error: RMS = 0.00387770, max = 0.00916440 (L_Thigh_Lateral)
[2026-08-14 12:23:39.323] [info] Frame 161 (t = 1.61):	 total squared error = 0.000375228, marker error: RMS = 0.00387416, max = 0.00925739 (L_Thigh_Lateral)
[2026-08-14 12:23:39.352] [info] Frame 162 (t = 1.62):	 total squared error = 0.000376708, marker error: RMS = 0.00388179, max = 0.00938506 (L_Thigh_Lateral)
[2026-08-14 12:23:39.418] [info] Frame 163 (t = 1.63):	 total squared error = 0.000371276, marker error: RMS = 0.00385371, max = 0.00998336 (L_Thigh_Lateral)
[2026-08-14 12:23:39.452] [info] Frame 164 (t = 1.64):	 total squared error = 0.000370438, marker error: RMS = 0.00384935, max = 0.0100543 (L_Thigh_Lateral)
[2026-08-14 12:23:39.497] [info] Frame 165 (t = 1.65):	 total squared error = 0.000368894, marker error: RMS = 0.00384132, max = 0.0107783 (L_Thigh_Lateral)
[2026-08-14 12:23:39.529] [info] Frame 166 (t = 1.66):	 total squared error = 0.000380085, marker error: RMS = 0.00389916, max = 0.0108927 (L_Thigh_Lateral)
[2026-08-14 12:23:39.552] [info] Frame 167 (t = 1.67):	 total squared error = 0.000401387, marker error: RMS = 0.00400693, max = 0.0111523 (L_Thigh_Lateral)
[2026-08-14 12:23:39.566] [info] Frame 168 (t = 1.68):	 total squared error = 0.000448824, marker error: RMS = 0.00423709, max = 0.0121758 (L_Shank_Lateral)
[2026-08-14 12:23:39.644] [info] Frame 169 (t = 1.69):	 total squared error = 0.000455943, marker error: RMS = 0.00427057, max = 0.0124448 (L_Thigh_Lateral)
[2026-08-14 12:23:39.682] [info] Frame 170 (t = 1.7):	 total squared error = 0.000499064, marker error: RMS = 0.00446795, max = 0.0131228 (L_Shank_Lateral)
[2026-08-14 12:23:39.744] [info] Frame 171 (t = 1.71):	 total squared error = 0.000527492, marker error: RMS = 0.00459344, max = 0.0137196 (L_Shank_Lateral)
[2026-08-14 12:23:39.811] [info] Frame 172 (t = 1.72):	 total squared error = 0.000554129, marker error: RMS = 0.00470799, max = 0.0140899 (L_Shank_Lateral)
[2026-08-14 12:23:39.834] [info] Frame 173 (t = 1.73):	 total squared error = 0.000584496, marker error: RMS = 0.00483527, max = 0.0142533 (L_Shank_Lateral)
[2026-08-14 12:23:39.874] [info] Frame 174 (t = 1.74):	 total squared error = 0.000584084, marker error: RMS = 0.00483357, max = 0.0143012 (L_Shank_Lateral)
[2026-08-14 12:23:39.894] [info] Frame 175 (t = 1.75):	 total squared error = 0.000592658, marker error: RMS = 0.00486891, max = 0.0142572 (L_Thigh_Lateral)
[2026-08-14 12:23:39.915] [info] Frame 176 (t = 1.76):	 total squared error = 0.000593866, marker error: RMS = 0.00487387, max = 0.0141881 (L_Thigh_Lateral)
[2026-08-14 12:23:39.956] [info] Frame 177 (t = 1.77):	 total squared error = 0.000558495, marker error: RMS = 0.00472650, max = 0.013324 (L_Shank_Lateral)
[2026-08-14 12:23:39.978] [info] Frame 178 (t = 1.78):	 total squared error = 0.000546600, marker error: RMS = 0.00467589, max = 0.0129202 (L_Thigh_Lateral)
[2026-08-14 12:23:39.998] [info] Frame 179 (t = 1.79):	 total squared error = 0.000527690, marker error: RMS = 0.00459430, max = 0.0122336 (L_Thigh_Lateral)
[2026-08-14 12:23:40.062] [info] Frame 180 (t = 1.8):	 total squared error = 0.000493155, marker error: RMS = 0.00444142, max = 0.0113013 (L_Thigh_Lateral)
[2026-08-14 12:23:40.104] [info] Frame 181 (t = 1.81):	 total squared error = 0.000473305, marker error: RMS = 0.00435111, max = 0.0104673 (L_Thigh_Lateral)
[2026-08-14 12:23:40.131] [info] Frame 182 (t = 1.82):	 total squared error = 0.000457009, marker error: RMS = 0.00427555, max = 0.00955111 (L_Thigh_Lateral)
[2026-08-14 12:23:40.157] [info] Frame 183 (t = 1.83):	 total squared error = 0.000438718, marker error: RMS = 0.00418912, max = 0.00876264 (L_Thigh_Lateral)
[2026-08-14 12:23:40.182] [info] Frame 184 (t = 1.84):	 total squared error = 0.000424713, marker error: RMS = 0.00412171, max = 0.00804589 (L_Thigh_Lateral)
[2026-08-14 12:23:40.221] [info] Frame 185 (t = 1.85):	 total squared error = 0.000415342, marker error: RMS = 0.00407599, max = 0.00762737 (Sternum)
[2026-08-14 12:23:40.241] [info] Frame 186 (t = 1.86):	 total squared error = 0.000431883, marker error: RMS = 0.00415636, max = 0.00820459 (Sternum)
[2026-08-14 12:23:40.265] [info] Frame 187 (t = 1.87):	 total squared error = 0.000464546, marker error: RMS = 0.00431066, max = 0.00864910 (Sternum)
[2026-08-14 12:23:40.307] [info] Frame 188 (t = 1.88):	 total squared error = 0.000502905, marker error: RMS = 0.00448511, max = 0.00975713 (L_Thigh_Lateral)
[2026-08-14 12:23:40.333] [info] Frame 189 (t = 1.89):	 total squared error = 0.000563285, marker error: RMS = 0.00474673, max = 0.0111263 (L_Thigh_Lateral)
[2026-08-14 12:23:40.356] [info] Frame 190 (t = 1.9):	 total squared error = 0.000626447, marker error: RMS = 0.00500579, max = 0.0123577 (L_Thigh_Lateral)
[2026-08-14 12:23:40.381] [info] Frame 191 (t = 1.91):	 total squared error = 0.000680589, marker error: RMS = 0.00521762, max = 0.0132722 (L_Thigh_Lateral)
[2026-08-14 12:23:40.394] [info] Frame 192 (t = 1.92):	 total squared error = 0.000730170, marker error: RMS = 0.00540433, max = 0.0140312 (L_Thigh_Lateral)
[2026-08-14 12:23:40.416] [info] Frame 193 (t = 1.93):	 total squared error = 0.000734875, marker error: RMS = 0.00542172, max = 0.013858 (L_Thigh_Lateral)
[2026-08-14 12:23:40.430] [info] Frame 194 (t = 1.94):	 total squared error = 0.000729958, marker error: RMS = 0.00540355, max = 0.0134557 (L_Thigh_Lateral)
[2026-08-14 12:23:40.461] [info] Frame 195 (t = 1.95):	 total squared error = 0.000688987, marker error: RMS = 0.00524971, max = 0.0123871 (L_Thigh_Lateral)
[2026-08-14 12:23:40.479] [info] Frame 196 (t = 1.96):	 total squared error = 0.000646979, marker error: RMS = 0.00508716, max = 0.0112833 (Sternum)
[2026-08-14 12:23:40.493] [info] Frame 197 (t = 1.97):	 total squared error = 0.000604581, marker error: RMS = 0.00491765, max = 0.0112528 (Sternum)
[2026-08-14 12:23:40.530] [info] Frame 198 (t = 1.98):	 total squared error = 0.000545976, marker error: RMS = 0.00467323, max = 0.0110934 (Sternum)
[2026-08-14 12:23:40.555] [info] Frame 199 (t = 1.99):	 total squared error = 0.000504710, marker error: RMS = 0.00449315, max = 0.0108328 (Sternum)
[2026-08-14 12:23:40.576] [info] Frame 200 (t = 2.0):	 total squared error = 0.000471997, marker error: RMS = 0.00434510, max = 0.0105057 (Sternum)
[2026-08-14 12:23:40.617] [info] Frame 201 (t = 2.01):	 total squared error = 0.000433269, marker error: RMS = 0.00416303, max = 0.0101213 (Sternum)
[2026-08-14 12:23:40.637] [info] Frame 202 (t = 2.02):	 total squared error = 0.000410229, marker error: RMS = 0.00405082, max = 0.00972897 (Sternum)
[2026-08-14 12:23:40.662] [info] Frame 203 (t = 2.03):	 total squared error = 0.000392185, marker error: RMS = 0.00396073, max = 0.00928695 (Sternum)
[2026-08-14 12:23:40.681] [info] Frame 204 (t = 2.04):	 total squared error = 0.000382439, marker error: RMS = 0.00391121, max = 0.00880630 (Sternum)
[2026-08-14 12:23:40.720] [info] Frame 205 (t = 2.05):	 total squared error = 0.000357116, marker error: RMS = 0.00377950, max = 0.00860847 (Sternum)
[2026-08-14 12:23:40.746] [info] Frame 206 (t = 2.06):	 total squared error = 0.000354084, marker error: RMS = 0.00376342, max = 0.00826819 (Sternum)
[2026-08-14 12:23:40.773] [info] Frame 207 (t = 2.07):	 total squared error = 0.000359869, marker error: RMS = 0.00379404, max = 0.00794267 (Sternum)
[2026-08-14 12:23:40.800] [info] Frame 208 (t = 2.08):	 total squared error = 0.000370303, marker error: RMS = 0.00384865, max = 0.00765740 (Sternum)
[2026-08-14 12:23:40.839] [info] Frame 209 (t = 2.09):	 total squared error = 0.000378127, marker error: RMS = 0.00388910, max = 0.00753510 (R_Shank_Lateral)
[2026-08-14 12:23:40.870] [info] Frame 210 (t = 2.1):	 total squared error = 0.000378536, marker error: RMS = 0.00389120, max = 0.00757032 (R_Shank_Lateral)
[2026-08-14 12:23:40.906] [info] Frame 211 (t = 2.11):	 total squared error = 0.000371359, marker error: RMS = 0.00385414, max = 0.00738881 (R_Shank_Lateral)
[2026-08-14 12:23:40.934] [info] Frame 212 (t = 2.12):	 total squared error = 0.000358388, marker error: RMS = 0.00378623, max = 0.00671833 (R_Shank_Lateral)
[2026-08-14 12:23:40.971] [info] Frame 213 (t = 2.13):	 total squared error = 0.000346323, marker error: RMS = 0.00372195, max = 0.00682101 (R_Asis)
[2026-08-14 12:23:40.993] [info] Frame 214 (t = 2.14):	 total squared error = 0.000339116, marker error: RMS = 0.00368302, max = 0.00629189 (L_Thigh_Lateral)
[2026-08-14 12:23:41.018] [info] Frame 215 (t = 2.15):	 total squared error = 0.000332635, marker error: RMS = 0.00364766, max = 0.00652890 (L_Thigh_Lateral)
[2026-08-14 12:23:41.059] [info] Frame 216 (t = 2.16):	 total squared error = 0.000323254, marker error: RMS = 0.00359585, max = 0.00657844 (L_Thigh_Lateral)
[2026-08-14 12:23:41.105] [info] Frame 217 (t = 2.17):	 total squared error = 0.000314386, marker error: RMS = 0.00354618, max = 0.00667143 (L_Thigh_Lateral)
[2026-08-14 12:23:41.129] [info] Frame 218 (t = 2.18):	 total squared error = 0.000305323, marker error: RMS = 0.00349470, max = 0.00683412 (L_Thigh_Lateral)
[2026-08-14 12:23:41.155] [info] Frame 219 (t = 2.19):	 total squared error = 0.000294907, marker error: RMS = 0.00343457, max = 0.00675942 (L_Thigh_Lateral)
[2026-08-14 12:23:41.174] [info] Frame 220 (t = 2.2):	 total squared error = 0.000295298, marker error: RMS = 0.00343685, max = 0.00684524 (L_Thigh_Lateral)
[2026-08-14 12:23:41.209] [info] Frame 221 (t = 2.21):	 total squared error = 0.000279111, marker error: RMS = 0.00334132, max = 0.00680425 (L_Thigh_Lateral)
[2026-08-14 12:23:41.228] [info] Frame 222 (t = 2.22):	 total squared error = 0.000277853, marker error: RMS = 0.00333378, max = 0.00677010 (L_Thigh_Lateral)
[2026-08-14 12:23:41.252] [info] Frame 223 (t = 2.23):	 total squared error = 0.000268030, marker error: RMS = 0.00327432, max = 0.00667738 (L_Thigh_Lateral)
[2026-08-14 12:23:41.264] [info] Frame 224 (t = 2.24):	 total squared error = 0.000276422, marker error: RMS = 0.00332519, max = 0.00682314 (R_Thigh_Lateral)
[2026-08-14 12:23:41.287] [info] Frame 225 (t = 2.25):	 total squared error = 0.000257543, marker error: RMS = 0.00320963, max = 0.00703345 (R_Thigh_Lateral)
[2026-08-14 12:23:41.298] [info] Frame 226 (t = 2.26):	 total squared error = 0.000264591, marker error: RMS = 0.00325325, max = 0.00715526 (R_Thigh_Lateral)
[2026-08-14 12:23:41.336] [info] Frame 227 (t = 2.27):	 total squared error = 0.000233375, marker error: RMS = 0.00305532, max = 0.00757389 (R_Thigh_Lateral)
[2026-08-14 12:23:41.354] [info] Frame 228 (t = 2.28):	 total squared error = 0.000231216, marker error: RMS = 0.00304115, max = 0.00764258 (R_Thigh_Lateral)
[2026-08-14 12:23:41.384] [info] Frame 229 (t = 2.29):	 total squared error = 0.000225514, marker error: RMS = 0.00300343, max = 0.00752247 (R_Thigh_Lateral)
[2026-08-14 12:23:41.401] [info] Frame 230 (t = 2.3):	 total squared error = 0.000236081, marker error: RMS = 0.00307299, max = 0.00764519 (R_Thigh_Lateral)
[2026-08-14 12:23:41.434] [info] Frame 231 (t = 2.31):	 total squared error = 0.000227346, marker error: RMS = 0.00301560, max = 0.00751867 (R_Thigh_Lateral)
[2026-08-14 12:23:41.475] [info] Frame 232 (t = 2.32):	 total squared error = 0.000236158, marker error: RMS = 0.00307349, max = 0.00755042 (R_Thigh_Lateral)
[2026-08-14 12:23:41.491] [info] Frame 233 (t = 2.33):	 total squared error = 0.000262217, marker error: RMS = 0.00323863, max = 0.00797838 (R_Thigh_Lateral)
[2026-08-14 12:23:41.533] [info] Frame 234 (t = 2.34):	 total squared error = 0.000273314, marker error: RMS = 0.00330644, max = 0.00809362 (R_Thigh_Lateral)
[2026-08-14 12:23:41.549] [info] Frame 235 (t = 2.35):	 total squared error = 0.000313523, marker error: RMS = 0.00354132, max = 0.00882813 (R_Thigh_Lateral)
[2026-08-14 12:23:41.572] [info] Frame 236 (t = 2.36):	 total squared error = 0.000356704, marker error: RMS = 0.00377732, max = 0.00970741 (R_Thigh_Lateral)
[2026-08-14 12:23:41.613] [info] Frame 237 (t = 2.37):	 total squared error = 0.000371894, marker error: RMS = 0.00385691, max = 0.00980164 (R_Thigh_Lateral)
[2026-08-14 12:23:41.664] [info] Frame 238 (t = 2.38):	 total squared error = 0.000408137, marker error: RMS = 0.00404048, max = 0.0102895 (R_Thigh_Lateral)
[2026-08-14 12:23:41.688] [info] Frame 239 (t = 2.39):	 total squared error = 0.000445576, marker error: RMS = 0.00422174, max = 0.0108572 (R_Thigh_Lateral)
[2026-08-14 12:23:41.718] [info] Frame 240 (t = 2.4):	 total squared error = 0.000465018, marker error: RMS = 0.00431285, max = 0.0109669 (R_Thigh_Lateral)
[2026-08-14 12:23:41.738] [info] Frame 241 (t = 2.41):	 total squared error = 0.000490783, marker error: RMS = 0.00443073, max = 0.0108464 (R_Thigh_Lateral)
[2026-08-14 12:23:41.777] [info] Frame 242 (t = 2.42):	 total squared error = 0.000472880, marker error: RMS = 0.00434916, max = 0.0104267 (R_Thigh_Lateral)
[2026-08-14 12:23:41.802] [info] Frame 243 (t = 2.43):	 total squared error = 0.000464185, marker error: RMS = 0.00430899, max = 0.00975271 (R_Thigh_Lateral)
[2026-08-14 12:23:41.833] [info] Frame 244 (t = 2.44):	 total squared error = 0.000441063, marker error: RMS = 0.00420030, max = 0.00873760 (R_Thigh_Lateral)
[2026-08-14 12:23:41.856] [info] Frame 245 (t = 2.45):	 total squared error = 0.000427441, marker error: RMS = 0.00413493, max = 0.00856538 (Sternum)
[2026-08-14 12:23:41.892] [info] Frame 246 (t = 2.46):	 total squared error = 0.000415665, marker error: RMS = 0.00407757, max = 0.00891318 (Sternum)
[2026-08-14 12:23:41.924] [info] Frame 247 (t = 2.47):	 total squared error = 0.000421294, marker error: RMS = 0.00410509, max = 0.00917852 (Sternum)
[2026-08-14 12:23:41.940] [info] Frame 248 (t = 2.48):	 total squared error = 0.000441791, marker error: RMS = 0.00420376, max = 0.00931547 (Sternum)
[2026-08-14 12:23:41.956] [info] Frame 249 (t = 2.49):	 total squared error = 0.000476537, marker error: RMS = 0.00436595, max = 0.00912478 (Sternum)
[2026-08-14 12:23:41.990] [info] Frame 250 (t = 2.5):	 total squared error = 0.000488290, marker error: RMS = 0.00441946, max = 0.00970030 (Sternum)
[2026-08-14 12:23:42.002] [info] Frame 251 (t = 2.51):	 total squared error = 0.000508211, marker error: RMS = 0.00450871, max = 0.00950071 (Sternum)
[2026-08-14 12:23:42.024] [info] Frame 252 (t = 2.52):	 total squared error = 0.000500307, marker error: RMS = 0.00447351, max = 0.00974398 (Sternum)
[2026-08-14 12:23:42.043] [info] Frame 253 (t = 2.53):	 total squared error = 0.000484069, marker error: RMS = 0.00440031, max = 0.00982130 (Sternum)
[2026-08-14 12:23:42.055] [info] Frame 254 (t = 2.54):	 total squared error = 0.000468528, marker error: RMS = 0.00432910, max = 0.00954829 (Sternum)
[2026-08-14 12:23:42.074] [info] Frame 255 (t = 2.55):	 total squared error = 0.000444383, marker error: RMS = 0.00421608, max = 0.00972659 (Sternum)
[2026-08-14 12:23:42.099] [info] Frame 256 (t = 2.56):	 total squared error = 0.000428243, marker error: RMS = 0.00413881, max = 0.00976828 (Sternum)
[2026-08-14 12:23:42.111] [info] Frame 257 (t = 2.57):	 total squared error = 0.000436260, marker error: RMS = 0.00417737, max = 0.00941989 (Sternum)
[2026-08-14 12:23:42.161] [info] Frame 258 (t = 2.58):	 total squared error = 0.000412199, marker error: RMS = 0.00406054, max = 0.00922916 (Sternum)
[2026-08-14 12:23:42.215] [info] Frame 259 (t = 2.59):	 total squared error = 0.000414762, marker error: RMS = 0.00407314, max = 0.00900169 (Sternum)
[2026-08-14 12:23:42.242] [info] Frame 260 (t = 2.6):	 total squared error = 0.000422581, marker error: RMS = 0.00411136, max = 0.00874246 (Sternum)
[2026-08-14 12:23:42.291] [info] Frame 261 (t = 2.61):	 total squared error = 0.000421764, marker error: RMS = 0.00410738, max = 0.00842415 (Sternum)
[2026-08-14 12:23:42.314] [info] Frame 262 (t = 2.62):	 total squared error = 0.000425304, marker error: RMS = 0.00412458, max = 0.00817818 (Sternum)
[2026-08-14 12:23:42.340] [info] Frame 263 (t = 2.63):	 total squared error = 0.000426223, marker error: RMS = 0.00412904, max = 0.00789115 (Sternum)
[2026-08-14 12:23:42.362] [info] Frame 264 (t = 2.64):	 total squared error = 0.000431985, marker error: RMS = 0.00415685, max = 0.00759510 (Sternum)
[2026-08-14 12:23:42.382] [info] Frame 265 (t = 2.65):	 total squared error = 0.000436469, marker error: RMS = 0.00417837, max = 0.00739576 (Sternum)
[2026-08-14 12:23:42.430] [info] Frame 266 (t = 2.66):	 total squared error = 0.000427724, marker error: RMS = 0.00413630, max = 0.00698667 (Sternum)
[2026-08-14 12:23:42.457] [info] Frame 267 (t = 2.67):	 total squared error = 0.000435549, marker error: RMS = 0.00417396, max = 0.00678859 (Sternum)
[2026-08-14 12:23:42.484] [info] Frame 268 (t = 2.68):	 total squared error = 0.000441624, marker error: RMS = 0.00420297, max = 0.00659515 (Sternum)
[2026-08-14 12:23:42.519] [info] Frame 269 (t = 2.69):	 total squared error = 0.000441264, marker error: RMS = 0.00420126, max = 0.00634132 (L_Asis)
[2026-08-14 12:23:42.548] [info] Frame 270 (t = 2.7):	 total squared error = 0.000434393, marker error: RMS = 0.00416842, max = 0.00711011 (L_Thigh_Lateral)
[2026-08-14 12:23:42.565] [info] Frame 271 (t = 2.71):	 total squared error = 0.000432508, marker error: RMS = 0.00415936, max = 0.00826638 (L_Thigh_Lateral)
[2026-08-14 12:23:42.591] [info] Frame 272 (t = 2.72):	 total squared error = 0.000400502, marker error: RMS = 0.00400251, max = 0.00834054 (L_Thigh_Lateral)
[2026-08-14 12:23:42.614] [info] Frame 273 (t = 2.73):	 total squared error = 0.000378500, marker error: RMS = 0.00389101, max = 0.00858674 (L_Thigh_Lateral)
[2026-08-14 12:23:42.643] [info] Frame 274 (t = 2.74):	 total squared error = 0.000352795, marker error: RMS = 0.00375657, max = 0.00846293 (L_Thigh_Lateral)
[2026-08-14 12:23:42.677] [info] Frame 275 (t = 2.75):	 total squared error = 0.000328085, marker error: RMS = 0.00362262, max = 0.00813166 (L_Thigh_Lateral)
[2026-08-14 12:23:42.697] [info] Frame 276 (t = 2.76):	 total squared error = 0.000307023, marker error: RMS = 0.00350442, max = 0.00791301 (L_Thigh_Lateral)
[2026-08-14 12:23:42.718] [info] Frame 277 (t = 2.77):	 total squared error = 0.000283572, marker error: RMS = 0.00336792, max = 0.00744202 (L_Thigh_Lateral)
[2026-08-14 12:23:42.739] [info] Frame 278 (t = 2.78):	 total squared error = 0.000266062, marker error: RMS = 0.00326228, max = 0.00713435 (L_Thigh_Lateral)
[2026-08-14 12:23:42.774] [info] Frame 279 (t = 2.79):	 total squared error = 0.000251857, marker error: RMS = 0.00317400, max = 0.00700335 (L_Thigh_Lateral)
[2026-08-14 12:23:42.793] [info] Frame 280 (t = 2.8):	 total squared error = 0.000250332, marker error: RMS = 0.00316438, max = 0.00699833 (L_Thigh_Lateral)
[2026-08-14 12:23:42.814] [info] Frame 281 (t = 2.81):	 total squared error = 0.000249820, marker error: RMS = 0.00316114, max = 0.00703878 (L_Thigh_Lateral)
[2026-08-14 12:23:42.852] [info] Frame 282 (t = 2.82):	 total squared error = 0.000247933, marker error: RMS = 0.00314918, max = 0.00745083 (L_Thigh_Lateral)
[2026-08-14 12:23:42.872] [info] Frame 283 (t = 2.83):	 total squared error = 0.000268511, marker error: RMS = 0.00327726, max = 0.00778209 (L_Thigh_Lateral)
[2026-08-14 12:23:42.890] [info] Frame 284 (t = 2.84):	 total squared error = 0.000302916, marker error: RMS = 0.00348090, max = 0.00820925 (L_Thigh_Lateral)
[2026-08-14 12:23:42.927] [info] Frame 285 (t = 2.85):	 total squared error = 0.000329129, marker error: RMS = 0.00362838, max = 0.00903906 (L_Thigh_Lateral)
[2026-08-14 12:23:42.968] [info] Frame 286 (t = 2.86):	 total squared error = 0.000373444, marker error: RMS = 0.00386494, max = 0.00972110 (L_Thigh_Lateral)
[2026-08-14 12:23:42.998] [info] Frame 287 (t = 2.87):	 total squared error = 0.000428544, marker error: RMS = 0.00414026, max = 0.0103483 (L_Thigh_Lateral)
[2026-08-14 12:23:43.016] [info] Frame 288 (t = 2.88):	 total squared error = 0.000505986, marker error: RMS = 0.00449883, max = 0.0114017 (L_Thigh_Lateral)
[2026-08-14 12:23:43.042] [info] Frame 289 (t = 2.89):	 total squared error = 0.000561908, marker error: RMS = 0.00474092, max = 0.012176 (L_Shank_Lateral)
[2026-08-14 12:23:43.091] [info] Frame 290 (t = 2.9):	 total squared error = 0.000609172, marker error: RMS = 0.00493628, max = 0.0127069 (L_Shank_Lateral)
[2026-08-14 12:23:43.128] [info] Frame 291 (t = 2.91):	 total squared error = 0.000670513, marker error: RMS = 0.00517885, max = 0.0132002 (L_Shank_Lateral)
[2026-08-14 12:23:43.134] [info] InverseKinematicsTool completed 292 frames in 9 second(s).
[2026-08-14 12:23:43.189] [info] Loaded model SUBJ59-scaled from file C:\Users\migue\Downloads\TFG\2_JMP\SUBJ59\Walk_1\SUBJ59_1_JMP_results\SUBJ59_1_NMSM_JMP_08_wrist_axis_FINAL.osim
[2026-08-14 12:23:43.910] [warning] Coordinate.setValue:  coordinate pro_sup_r is locked. Unable to change its value.
[2026-08-14 12:23:43.953] [warning] Coordinate.setValue:  coordinate pro_sup_l is locked. Unable to change its value.
[2026-08-14 12:26:40.839] [info] Loaded model SUBJ59-scaled from file C:\Users\migue\Downloads\TFG\2_JMP\SUBJ59\Walk_1\SUBJ59_scaled.osim
[2026-08-14 12:26:40.870] [cout] [info] 
               MODEL: SUBJ59-scaled
         coordinates: 41
              forces: 103
           actuators: 103
             muscles: 86
            analyses: 0
              probes: 0
              bodies: 24
              joints: 24
         constraints: 2
             markers: 25
         controllers: 0
  contact geometries: 0
misc modelcomponents: 0
[2026-08-14 12:26:40.870] [info] Running tool .
[2026-08-14 12:26:41.026] [info] Frame 0 (t = 0.0):	 total squared error = 0.00111884, marker error: RMS = 0.00668980, max = 0.0142867 (R_Thigh_Lateral)
[2026-08-14 12:26:41.036] [info] Frame 1 (t = 0.01):	 total squared error = 0.00113869, marker error: RMS = 0.00674891, max = 0.0143612 (R_Thigh_Lateral)
[2026-08-14 12:26:41.066] [info] Frame 2 (t = 0.02):	 total squared error = 0.00115139, marker error: RMS = 0.00678643, max = 0.0144819 (R_Thigh_Lateral)
[2026-08-14 12:26:41.081] [info] Frame 3 (t = 0.03):	 total squared error = 0.00117868, marker error: RMS = 0.00686639, max = 0.0146267 (R_Thigh_Lateral)
[2026-08-14 12:26:41.124] [info] Frame 4 (t = 0.04):	 total squared error = 0.00118219, marker error: RMS = 0.00687661, max = 0.0148247 (R_Thigh_Lateral)
[2026-08-14 12:26:41.163] [info] Frame 5 (t = 0.05):	 total squared error = 0.00118950, marker error: RMS = 0.00689784, max = 0.0149534 (R_Thigh_Lateral)
[2026-08-14 12:26:41.204] [info] Frame 6 (t = 0.06):	 total squared error = 0.00118875, marker error: RMS = 0.00689566, max = 0.0149688 (R_Thigh_Lateral)
[2026-08-14 12:26:41.225] [info] Frame 7 (t = 0.07):	 total squared error = 0.00118502, marker error: RMS = 0.00688481, max = 0.0149531 (R_Thigh_Lateral)
[2026-08-14 12:26:41.250] [info] Frame 8 (t = 0.08):	 total squared error = 0.00117080, marker error: RMS = 0.00684340, max = 0.0148361 (R_Thigh_Lateral)
[2026-08-14 12:26:41.282] [info] Frame 9 (t = 0.09):	 total squared error = 0.00114914, marker error: RMS = 0.00677978, max = 0.0145057 (R_Thigh_Lateral)
[2026-08-14 12:26:41.322] [info] Frame 10 (t = 0.1):	 total squared error = 0.00113617, marker error: RMS = 0.00674143, max = 0.0144558 (R_Thigh_Lateral)
[2026-08-14 12:26:41.348] [info] Frame 11 (t = 0.11):	 total squared error = 0.00113385, marker error: RMS = 0.00673454, max = 0.0146369 (R_Thigh_Lateral)
[2026-08-14 12:26:41.370] [info] Frame 12 (t = 0.12):	 total squared error = 0.00114080, marker error: RMS = 0.00675515, max = 0.0149795 (R_Thigh_Lateral)
[2026-08-14 12:26:41.390] [info] Frame 13 (t = 0.13):	 total squared error = 0.00115679, marker error: RMS = 0.00680232, max = 0.0154882 (R_Thigh_Lateral)
[2026-08-14 12:26:41.410] [info] Frame 14 (t = 0.14):	 total squared error = 0.00117878, marker error: RMS = 0.00686667, max = 0.0160186 (R_Thigh_Lateral)
[2026-08-14 12:26:41.435] [info] Frame 15 (t = 0.15):	 total squared error = 0.00120044, marker error: RMS = 0.00692949, max = 0.0164075 (R_Thigh_Lateral)
[2026-08-14 12:26:41.459] [info] Frame 16 (t = 0.16):	 total squared error = 0.00121891, marker error: RMS = 0.00698258, max = 0.0166421 (R_Thigh_Lateral)
[2026-08-14 12:26:41.470] [info] Frame 17 (t = 0.17):	 total squared error = 0.00123301, marker error: RMS = 0.00702285, max = 0.0167741 (R_Thigh_Lateral)
[2026-08-14 12:26:41.497] [info] Frame 18 (t = 0.18):	 total squared error = 0.00121879, marker error: RMS = 0.00698225, max = 0.0161631 (R_Thigh_Lateral)
[2026-08-14 12:26:41.509] [info] Frame 19 (t = 0.19):	 total squared error = 0.00120136, marker error: RMS = 0.00693213, max = 0.0154381 (R_Thigh_Lateral)
[2026-08-14 12:26:41.528] [info] Frame 20 (t = 0.2):	 total squared error = 0.00116786, marker error: RMS = 0.00683478, max = 0.0144982 (R_Thigh_Lateral)
[2026-08-14 12:26:41.552] [info] Frame 21 (t = 0.21):	 total squared error = 0.00112820, marker error: RMS = 0.00671775, max = 0.0133973 (R_Thigh_Lateral)
[2026-08-14 12:26:41.591] [info] Frame 22 (t = 0.22):	 total squared error = 0.00108592, marker error: RMS = 0.00659065, max = 0.0123002 (R_Thigh_Lateral)
[2026-08-14 12:26:41.616] [info] Frame 23 (t = 0.23):	 total squared error = 0.00105329, marker error: RMS = 0.00649089, max = 0.0117163 (L_Elbow)
[2026-08-14 12:26:41.643] [info] Frame 24 (t = 0.24):	 total squared error = 0.00102688, marker error: RMS = 0.00640900, max = 0.0114194 (L_Elbow)
[2026-08-14 12:26:41.688] [info] Frame 25 (t = 0.25):	 total squared error = 0.00100306, marker error: RMS = 0.00633422, max = 0.0109979 (L_Elbow)
[2026-08-14 12:26:41.707] [info] Frame 26 (t = 0.26):	 total squared error = 0.000997936, marker error: RMS = 0.00631802, max = 0.0107807 (L_Elbow)
[2026-08-14 12:26:41.741] [info] Frame 27 (t = 0.27):	 total squared error = 0.000999534, marker error: RMS = 0.00632308, max = 0.0102964 (L_Elbow)
[2026-08-14 12:26:41.768] [info] Frame 28 (t = 0.28):	 total squared error = 0.00100908, marker error: RMS = 0.00635321, max = 0.0101188 (L_Elbow)
[2026-08-14 12:26:41.787] [info] Frame 29 (t = 0.29):	 total squared error = 0.00101796, marker error: RMS = 0.00638111, max = 0.0100587 (L_Elbow)
[2026-08-14 12:26:41.827] [info] Frame 30 (t = 0.3):	 total squared error = 0.00101489, marker error: RMS = 0.00637148, max = 0.00971864 (L_Elbow)
[2026-08-14 12:26:41.852] [info] Frame 31 (t = 0.31):	 total squared error = 0.00100966, marker error: RMS = 0.00635503, max = 0.00979892 (L_Elbow)
[2026-08-14 12:26:41.876] [info] Frame 32 (t = 0.32):	 total squared error = 0.00100289, marker error: RMS = 0.00633369, max = 0.00983199 (L_Elbow)
[2026-08-14 12:26:41.897] [info] Frame 33 (t = 0.33):	 total squared error = 0.00100344, marker error: RMS = 0.00633544, max = 0.0101697 (L_Elbow)
[2026-08-14 12:26:41.941] [info] Frame 34 (t = 0.34):	 total squared error = 0.000982323, marker error: RMS = 0.00626841, max = 0.00963588 (L_Elbow)
[2026-08-14 12:26:41.968] [info] Frame 35 (t = 0.35):	 total squared error = 0.000968581, marker error: RMS = 0.00622441, max = 0.00954466 (L_Elbow)
[2026-08-14 12:26:42.002] [info] Frame 36 (t = 0.36):	 total squared error = 0.000950798, marker error: RMS = 0.00616700, max = 0.00940039 (L_Elbow)
[2026-08-14 12:26:42.035] [info] Frame 37 (t = 0.37):	 total squared error = 0.000931569, marker error: RMS = 0.00610432, max = 0.0103529 (L_Thigh_Lateral)
[2026-08-14 12:26:42.053] [info] Frame 38 (t = 0.38):	 total squared error = 0.000925651, marker error: RMS = 0.00608490, max = 0.0119524 (L_Thigh_Lateral)
[2026-08-14 12:26:42.081] [info] Frame 39 (t = 0.39):	 total squared error = 0.000899452, marker error: RMS = 0.00599817, max = 0.0129457 (L_Thigh_Lateral)
[2026-08-14 12:26:42.111] [info] Frame 40 (t = 0.4):	 total squared error = 0.000886440, marker error: RMS = 0.00595463, max = 0.0139383 (L_Thigh_Lateral)
[2026-08-14 12:26:42.150] [info] Frame 41 (t = 0.41):	 total squared error = 0.000885551, marker error: RMS = 0.00595164, max = 0.0147377 (L_Thigh_Lateral)
[2026-08-14 12:26:42.167] [info] Frame 42 (t = 0.42):	 total squared error = 0.000908440, marker error: RMS = 0.00602807, max = 0.0156254 (L_Thigh_Lateral)
[2026-08-14 12:26:42.183] [info] Frame 43 (t = 0.43):	 total squared error = 0.000939913, marker error: RMS = 0.00613160, max = 0.016167 (L_Thigh_Lateral)
[2026-08-14 12:26:42.216] [info] Frame 44 (t = 0.44):	 total squared error = 0.000973726, marker error: RMS = 0.00624092, max = 0.0165174 (L_Thigh_Lateral)
[2026-08-14 12:26:42.242] [info] Frame 45 (t = 0.45):	 total squared error = 0.00102886, marker error: RMS = 0.00641516, max = 0.016914 (L_Thigh_Lateral)
[2026-08-14 12:26:42.269] [info] Frame 46 (t = 0.46):	 total squared error = 0.00108695, marker error: RMS = 0.00659379, max = 0.0173114 (L_Thigh_Lateral)
[2026-08-14 12:26:42.293] [info] Frame 47 (t = 0.47):	 total squared error = 0.00113956, marker error: RMS = 0.00675147, max = 0.0175112 (L_Thigh_Lateral)
[2026-08-14 12:26:42.311] [info] Frame 48 (t = 0.48):	 total squared error = 0.00118432, marker error: RMS = 0.00688278, max = 0.0186319 (L_Shank_Lateral)
[2026-08-14 12:26:42.334] [info] Frame 49 (t = 0.49):	 total squared error = 0.00120551, marker error: RMS = 0.00694409, max = 0.0189379 (L_Shank_Lateral)
[2026-08-14 12:26:42.346] [info] Frame 50 (t = 0.5):	 total squared error = 0.00122227, marker error: RMS = 0.00699220, max = 0.0193374 (L_Shank_Lateral)
[2026-08-14 12:26:42.389] [info] Frame 51 (t = 0.51):	 total squared error = 0.00120391, marker error: RMS = 0.00693948, max = 0.0181545 (L_Shank_Lateral)
[2026-08-14 12:26:42.415] [info] Frame 52 (t = 0.52):	 total squared error = 0.00119034, marker error: RMS = 0.00690027, max = 0.0177618 (L_Shank_Lateral)
[2026-08-14 12:26:42.437] [info] Frame 53 (t = 0.53):	 total squared error = 0.00117363, marker error: RMS = 0.00685166, max = 0.0172455 (L_Thigh_Lateral)
[2026-08-14 12:26:42.462] [info] Frame 54 (t = 0.54):	 total squared error = 0.00115748, marker error: RMS = 0.00680434, max = 0.0169659 (L_Thigh_Lateral)
[2026-08-14 12:26:42.495] [info] Frame 55 (t = 0.55):	 total squared error = 0.00114367, marker error: RMS = 0.00676363, max = 0.016728 (L_Thigh_Lateral)
[2026-08-14 12:26:42.512] [info] Frame 56 (t = 0.56):	 total squared error = 0.00114539, marker error: RMS = 0.00676872, max = 0.0167889 (L_Thigh_Lateral)
[2026-08-14 12:26:42.541] [info] Frame 57 (t = 0.57):	 total squared error = 0.00114485, marker error: RMS = 0.00676713, max = 0.0165064 (L_Thigh_Lateral)
[2026-08-14 12:26:42.574] [info] Frame 58 (t = 0.58):	 total squared error = 0.00115921, marker error: RMS = 0.00680944, max = 0.0165316 (L_Thigh_Lateral)
[2026-08-14 12:26:42.600] [info] Frame 59 (t = 0.59):	 total squared error = 0.00118644, marker error: RMS = 0.00688895, max = 0.016824 (L_Shank_Lateral)
[2026-08-14 12:26:42.635] [info] Frame 60 (t = 0.6):	 total squared error = 0.00121677, marker error: RMS = 0.00697646, max = 0.0172926 (L_Shank_Lateral)
[2026-08-14 12:26:42.674] [info] Frame 61 (t = 0.61):	 total squared error = 0.00124994, marker error: RMS = 0.00707091, max = 0.0175206 (L_Shank_Lateral)
[2026-08-14 12:26:42.707] [info] Frame 62 (t = 0.62):	 total squared error = 0.00128056, marker error: RMS = 0.00715699, max = 0.0176986 (L_Shank_Lateral)
[2026-08-14 12:26:42.738] [info] Frame 63 (t = 0.63):	 total squared error = 0.00130288, marker error: RMS = 0.00721908, max = 0.0176432 (L_Shank_Lateral)
[2026-08-14 12:26:42.759] [info] Frame 64 (t = 0.64):	 total squared error = 0.00131444, marker error: RMS = 0.00725103, max = 0.0173906 (L_Shank_Lateral)
[2026-08-14 12:26:42.781] [info] Frame 65 (t = 0.65):	 total squared error = 0.00130937, marker error: RMS = 0.00723704, max = 0.0167108 (L_Shank_Lateral)
[2026-08-14 12:26:42.811] [info] Frame 66 (t = 0.66):	 total squared error = 0.00127836, marker error: RMS = 0.00715083, max = 0.0152953 (L_Thigh_Lateral)
[2026-08-14 12:26:42.846] [info] Frame 67 (t = 0.67):	 total squared error = 0.00124889, marker error: RMS = 0.00706793, max = 0.014681 (L_Thigh_Lateral)
[2026-08-14 12:26:42.873] [info] Frame 68 (t = 0.68):	 total squared error = 0.00122352, marker error: RMS = 0.00699578, max = 0.0141812 (L_Thigh_Lateral)
[2026-08-14 12:26:42.909] [info] Frame 69 (t = 0.69):	 total squared error = 0.00119631, marker error: RMS = 0.00691754, max = 0.0139114 (L_Thigh_Lateral)
[2026-08-14 12:26:42.931] [info] Frame 70 (t = 0.7):	 total squared error = 0.00119026, marker error: RMS = 0.00690003, max = 0.0141325 (L_Thigh_Lateral)
[2026-08-14 12:26:42.950] [info] Frame 71 (t = 0.71):	 total squared error = 0.00119990, marker error: RMS = 0.00692791, max = 0.0147865 (L_Thigh_Lateral)
[2026-08-14 12:26:42.969] [info] Frame 72 (t = 0.72):	 total squared error = 0.00122126, marker error: RMS = 0.00698930, max = 0.0156998 (L_Thigh_Lateral)
[2026-08-14 12:26:42.987] [info] Frame 73 (t = 0.73):	 total squared error = 0.00125150, marker error: RMS = 0.00707531, max = 0.0166666 (L_Thigh_Lateral)
[2026-08-14 12:26:43.014] [info] Frame 74 (t = 0.74):	 total squared error = 0.00126862, marker error: RMS = 0.00712355, max = 0.0169938 (L_Thigh_Lateral)
[2026-08-14 12:26:43.034] [info] Frame 75 (t = 0.75):	 total squared error = 0.00129882, marker error: RMS = 0.00720782, max = 0.0177316 (L_Thigh_Lateral)
[2026-08-14 12:26:43.046] [info] Frame 76 (t = 0.76):	 total squared error = 0.00131882, marker error: RMS = 0.00726311, max = 0.0182611 (L_Thigh_Lateral)
[2026-08-14 12:26:43.058] [info] Frame 77 (t = 0.77):	 total squared error = 0.00131355, marker error: RMS = 0.00724858, max = 0.0181011 (L_Thigh_Lateral)
[2026-08-14 12:26:43.091] [info] Frame 78 (t = 0.78):	 total squared error = 0.00126467, marker error: RMS = 0.00711245, max = 0.0170044 (L_Thigh_Lateral)
[2026-08-14 12:26:43.104] [info] Frame 79 (t = 0.79):	 total squared error = 0.00121143, marker error: RMS = 0.00696112, max = 0.0157526 (L_Thigh_Lateral)
[2026-08-14 12:26:43.122] [info] Frame 80 (t = 0.8):	 total squared error = 0.00114975, marker error: RMS = 0.00678160, max = 0.0143663 (L_Thigh_Lateral)
[2026-08-14 12:26:43.144] [info] Frame 81 (t = 0.81):	 total squared error = 0.00108452, marker error: RMS = 0.00658642, max = 0.0136146 (Sternum)
[2026-08-14 12:26:43.164] [info] Frame 82 (t = 0.82):	 total squared error = 0.00103161, marker error: RMS = 0.00642372, max = 0.0136268 (Sternum)
[2026-08-14 12:26:43.183] [info] Frame 83 (t = 0.83):	 total squared error = 0.000984598, marker error: RMS = 0.00627566, max = 0.0135351 (Sternum)
[2026-08-14 12:26:43.200] [info] Frame 84 (t = 0.84):	 total squared error = 0.000943167, marker error: RMS = 0.00614220, max = 0.0133503 (Sternum)
[2026-08-14 12:26:43.222] [info] Frame 85 (t = 0.85):	 total squared error = 0.000891757, marker error: RMS = 0.00597246, max = 0.0133524 (Sternum)
[2026-08-14 12:26:43.264] [info] Frame 86 (t = 0.86):	 total squared error = 0.000830796, marker error: RMS = 0.00576471, max = 0.0130864 (Sternum)
[2026-08-14 12:26:43.284] [info] Frame 87 (t = 0.87):	 total squared error = 0.000800815, marker error: RMS = 0.00565973, max = 0.012781 (Sternum)
[2026-08-14 12:26:43.312] [info] Frame 88 (t = 0.88):	 total squared error = 0.000782294, marker error: RMS = 0.00559391, max = 0.0125339 (Sternum)
[2026-08-14 12:26:43.347] [info] Frame 89 (t = 0.89):	 total squared error = 0.000774191, marker error: RMS = 0.00556486, max = 0.0122077 (Sternum)
[2026-08-14 12:26:43.368] [info] Frame 90 (t = 0.9):	 total squared error = 0.000780271, marker error: RMS = 0.00558667, max = 0.0117948 (Sternum)
[2026-08-14 12:26:43.401] [info] Frame 91 (t = 0.91):	 total squared error = 0.000792398, marker error: RMS = 0.00562991, max = 0.0114214 (Sternum)
[2026-08-14 12:26:43.427] [info] Frame 92 (t = 0.92):	 total squared error = 0.000817708, marker error: RMS = 0.00571912, max = 0.0110415 (Sternum)
[2026-08-14 12:26:43.455] [info] Frame 93 (t = 0.93):	 total squared error = 0.000849362, marker error: RMS = 0.00582876, max = 0.0106525 (Sternum)
[2026-08-14 12:26:43.492] [info] Frame 94 (t = 0.94):	 total squared error = 0.000880161, marker error: RMS = 0.00593350, max = 0.0102567 (Sternum)
[2026-08-14 12:26:43.530] [info] Frame 95 (t = 0.95):	 total squared error = 0.000904645, marker error: RMS = 0.00601546, max = 0.0100638 (R_Shank_Lateral)
[2026-08-14 12:26:43.558] [info] Frame 96 (t = 0.96):	 total squared error = 0.000918218, marker error: RMS = 0.00606042, max = 0.0102650 (R_Knee_Lateral)
[2026-08-14 12:26:43.589] [info] Frame 97 (t = 0.97):	 total squared error = 0.000919805, marker error: RMS = 0.00606566, max = 0.0108739 (R_Knee_Lateral)
[2026-08-14 12:26:43.613] [info] Frame 98 (t = 0.98):	 total squared error = 0.000913135, marker error: RMS = 0.00604363, max = 0.0115207 (R_Knee_Lateral)
[2026-08-14 12:26:43.630] [info] Frame 99 (t = 0.99):	 total squared error = 0.000910942, marker error: RMS = 0.00603636, max = 0.0124946 (R_Knee_Lateral)
[2026-08-14 12:26:43.683] [info] Frame 100 (t = 1.0):	 total squared error = 0.000869035, marker error: RMS = 0.00589588, max = 0.011684 (R_Knee_Lateral)
[2026-08-14 12:26:43.718] [info] Frame 101 (t = 1.01):	 total squared error = 0.000840594, marker error: RMS = 0.00579860, max = 0.0116053 (R_Knee_Lateral)
[2026-08-14 12:26:43.735] [info] Frame 102 (t = 1.02):	 total squared error = 0.000815513, marker error: RMS = 0.00571144, max = 0.0118662 (R_Knee_Lateral)
[2026-08-14 12:26:43.758] [info] Frame 103 (t = 1.03):	 total squared error = 0.000786950, marker error: RMS = 0.00561053, max = 0.0116466 (R_Knee_Lateral)
[2026-08-14 12:26:43.777] [info] Frame 104 (t = 1.04):	 total squared error = 0.000768534, marker error: RMS = 0.00554449, max = 0.0117197 (R_Knee_Lateral)
[2026-08-14 12:26:43.799] [info] Frame 105 (t = 1.05):	 total squared error = 0.000750078, marker error: RMS = 0.00547751, max = 0.0116364 (R_Knee_Lateral)
[2026-08-14 12:26:43.817] [info] Frame 106 (t = 1.06):	 total squared error = 0.000742086, marker error: RMS = 0.00544825, max = 0.0119028 (R_Thigh_Lateral)
[2026-08-14 12:26:43.838] [info] Frame 107 (t = 1.07):	 total squared error = 0.000735223, marker error: RMS = 0.00542300, max = 0.0120554 (R_Thigh_Lateral)
[2026-08-14 12:26:43.870] [info] Frame 108 (t = 1.08):	 total squared error = 0.000728071, marker error: RMS = 0.00539656, max = 0.0120175 (R_Thigh_Lateral)
[2026-08-14 12:26:43.890] [info] Frame 109 (t = 1.09):	 total squared error = 0.000735457, marker error: RMS = 0.00542386, max = 0.012256 (R_Thigh_Lateral)
[2026-08-14 12:26:43.901] [info] Frame 110 (t = 1.1):	 total squared error = 0.000757035, marker error: RMS = 0.00550285, max = 0.012481 (R_Thigh_Lateral)
[2026-08-14 12:26:43.938] [info] Frame 111 (t = 1.11):	 total squared error = 0.000757548, marker error: RMS = 0.00550472, max = 0.0125289 (R_Knee_Lateral)
[2026-08-14 12:26:43.962] [info] Frame 112 (t = 1.12):	 total squared error = 0.000773275, marker error: RMS = 0.00556157, max = 0.0125837 (R_Knee_Lateral)
[2026-08-14 12:26:43.996] [info] Frame 113 (t = 1.13):	 total squared error = 0.000788631, marker error: RMS = 0.00561651, max = 0.0128046 (R_Knee_Lateral)
[2026-08-14 12:26:44.022] [info] Frame 114 (t = 1.14):	 total squared error = 0.000804569, marker error: RMS = 0.00567298, max = 0.0129006 (R_Knee_Lateral)
[2026-08-14 12:26:44.051] [info] Frame 115 (t = 1.15):	 total squared error = 0.000821176, marker error: RMS = 0.00573124, max = 0.0129714 (R_Knee_Lateral)
[2026-08-14 12:26:44.070] [info] Frame 116 (t = 1.16):	 total squared error = 0.000843570, marker error: RMS = 0.00580885, max = 0.0127887 (R_Knee_Lateral)
[2026-08-14 12:26:44.098] [info] Frame 117 (t = 1.17):	 total squared error = 0.000855470, marker error: RMS = 0.00584968, max = 0.0129826 (R_Knee_Lateral)
[2026-08-14 12:26:44.132] [info] Frame 118 (t = 1.18):	 total squared error = 0.000876441, marker error: RMS = 0.00592095, max = 0.0129988 (R_Knee_Lateral)
[2026-08-14 12:26:44.148] [info] Frame 119 (t = 1.19):	 total squared error = 0.000911400, marker error: RMS = 0.00603788, max = 0.0124355 (R_Knee_Lateral)
[2026-08-14 12:26:44.184] [info] Frame 120 (t = 1.2):	 total squared error = 0.000937157, marker error: RMS = 0.00612260, max = 0.01279 (R_Knee_Lateral)
[2026-08-14 12:26:44.221] [info] Frame 121 (t = 1.21):	 total squared error = 0.000976911, marker error: RMS = 0.00625112, max = 0.0126835 (R_Knee_Lateral)
[2026-08-14 12:26:44.239] [info] Frame 122 (t = 1.22):	 total squared error = 0.00103028, marker error: RMS = 0.00641959, max = 0.0130446 (R_Thigh_Lateral)
[2026-08-14 12:26:44.280] [info] Frame 123 (t = 1.23):	 total squared error = 0.00106162, marker error: RMS = 0.00651649, max = 0.0132247 (R_Thigh_Lateral)
[2026-08-14 12:26:44.302] [info] Frame 124 (t = 1.24):	 total squared error = 0.00110685, marker error: RMS = 0.00665387, max = 0.0135202 (R_Thigh_Lateral)
[2026-08-14 12:26:44.340] [info] Frame 125 (t = 1.25):	 total squared error = 0.00111804, marker error: RMS = 0.00668741, max = 0.0134726 (R_Thigh_Lateral)
[2026-08-14 12:26:44.376] [info] Frame 126 (t = 1.26):	 total squared error = 0.00113424, marker error: RMS = 0.00673569, max = 0.0133662 (R_Thigh_Lateral)
[2026-08-14 12:26:44.417] [info] Frame 127 (t = 1.27):	 total squared error = 0.00113571, marker error: RMS = 0.00674007, max = 0.0132761 (R_Thigh_Lateral)
[2026-08-14 12:26:44.444] [info] Frame 128 (t = 1.28):	 total squared error = 0.00113010, marker error: RMS = 0.00672339, max = 0.0132526 (R_Thigh_Lateral)
[2026-08-14 12:26:44.475] [info] Frame 129 (t = 1.29):	 total squared error = 0.00111944, marker error: RMS = 0.00669161, max = 0.0131785 (R_Thigh_Lateral)
[2026-08-14 12:26:44.513] [info] Frame 130 (t = 1.3):	 total squared error = 0.00113580, marker error: RMS = 0.00674034, max = 0.0135654 (R_Thigh_Lateral)
[2026-08-14 12:26:44.538] [info] Frame 131 (t = 1.31):	 total squared error = 0.00117389, marker error: RMS = 0.00685241, max = 0.014392 (R_Thigh_Lateral)
[2026-08-14 12:26:44.555] [info] Frame 132 (t = 1.32):	 total squared error = 0.00122487, marker error: RMS = 0.00699964, max = 0.0152887 (R_Thigh_Lateral)
[2026-08-14 12:26:44.581] [info] Frame 133 (t = 1.33):	 total squared error = 0.00127559, marker error: RMS = 0.00714307, max = 0.0159967 (R_Thigh_Lateral)
[2026-08-14 12:26:44.609] [info] Frame 134 (t = 1.34):	 total squared error = 0.00131419, marker error: RMS = 0.00725036, max = 0.0163487 (R_Thigh_Lateral)
[2026-08-14 12:26:44.632] [info] Frame 135 (t = 1.35):	 total squared error = 0.00133003, marker error: RMS = 0.00729391, max = 0.016153 (R_Thigh_Lateral)
[2026-08-14 12:26:44.644] [info] Frame 136 (t = 1.36):	 total squared error = 0.00132494, marker error: RMS = 0.00727996, max = 0.0154462 (R_Thigh_Lateral)
[2026-08-14 12:26:44.672] [info] Frame 137 (t = 1.37):	 total squared error = 0.00129401, marker error: RMS = 0.00719447, max = 0.0143419 (R_Thigh_Lateral)
[2026-08-14 12:26:44.687] [info] Frame 138 (t = 1.38):	 total squared error = 0.00126205, marker error: RMS = 0.00710506, max = 0.0127971 (R_Thigh_Lateral)
[2026-08-14 12:26:44.725] [info] Frame 139 (t = 1.39):	 total squared error = 0.00121841, marker error: RMS = 0.00698116, max = 0.0121054 (L_Elbow)
[2026-08-14 12:26:44.756] [info] Frame 140 (t = 1.4):	 total squared error = 0.00119085, marker error: RMS = 0.00690174, max = 0.0119501 (L_Elbow)
[2026-08-14 12:26:44.780] [info] Frame 141 (t = 1.41):	 total squared error = 0.00117530, marker error: RMS = 0.00685653, max = 0.011848 (Sternum)
[2026-08-14 12:26:44.800] [info] Frame 142 (t = 1.42):	 total squared error = 0.00117065, marker error: RMS = 0.00684294, max = 0.0117505 (Sternum)
[2026-08-14 12:26:44.822] [info] Frame 143 (t = 1.43):	 total squared error = 0.00117972, marker error: RMS = 0.00686940, max = 0.0116428 (Sternum)
[2026-08-14 12:26:44.872] [info] Frame 144 (t = 1.44):	 total squared error = 0.00118081, marker error: RMS = 0.00687259, max = 0.0116301 (Sternum)
[2026-08-14 12:26:44.905] [info] Frame 145 (t = 1.45):	 total squared error = 0.00121444, marker error: RMS = 0.00696976, max = 0.0115048 (Sternum)
[2026-08-14 12:26:44.935] [info] Frame 146 (t = 1.46):	 total squared error = 0.00125770, marker error: RMS = 0.00709280, max = 0.0113227 (Sternum)
[2026-08-14 12:26:44.996] [info] Frame 147 (t = 1.47):	 total squared error = 0.00129947, marker error: RMS = 0.00720964, max = 0.0111193 (Sternum)
[2026-08-14 12:26:45.044] [info] Frame 148 (t = 1.48):	 total squared error = 0.00134071, marker error: RMS = 0.00732314, max = 0.0108611 (L_Elbow)
[2026-08-14 12:26:45.067] [info] Frame 149 (t = 1.49):	 total squared error = 0.00138498, marker error: RMS = 0.00744306, max = 0.0111993 (L_Elbow)
[2026-08-14 12:26:45.104] [info] Frame 150 (t = 1.5):	 total squared error = 0.00140007, marker error: RMS = 0.00748350, max = 0.0111436 (L_Shoulder)
[2026-08-14 12:26:45.143] [info] Frame 151 (t = 1.51):	 total squared error = 0.00140684, marker error: RMS = 0.00750156, max = 0.0113442 (L_Shoulder)
[2026-08-14 12:26:45.183] [info] Frame 152 (t = 1.52):	 total squared error = 0.00139605, marker error: RMS = 0.00747276, max = 0.011511 (L_Shoulder)
[2026-08-14 12:26:45.227] [info] Frame 153 (t = 1.53):	 total squared error = 0.00137064, marker error: RMS = 0.00740444, max = 0.0115321 (L_Shoulder)
[2026-08-14 12:26:45.257] [info] Frame 154 (t = 1.54):	 total squared error = 0.00133618, marker error: RMS = 0.00731075, max = 0.0116363 (L_Shoulder)
[2026-08-14 12:26:45.291] [info] Frame 155 (t = 1.55):	 total squared error = 0.00129616, marker error: RMS = 0.00720043, max = 0.0122108 (L_Thigh_Lateral)
[2026-08-14 12:26:45.321] [info] Frame 156 (t = 1.56):	 total squared error = 0.00125928, marker error: RMS = 0.00709727, max = 0.0132689 (L_Thigh_Lateral)
[2026-08-14 12:26:45.374] [info] Frame 157 (t = 1.57):	 total squared error = 0.00122499, marker error: RMS = 0.00699998, max = 0.0138949 (L_Thigh_Lateral)
[2026-08-14 12:26:45.406] [info] Frame 158 (t = 1.58):	 total squared error = 0.00120440, marker error: RMS = 0.00694090, max = 0.0145172 (L_Thigh_Lateral)
[2026-08-14 12:26:45.432] [info] Frame 159 (t = 1.59):	 total squared error = 0.00119713, marker error: RMS = 0.00691992, max = 0.0149481 (L_Thigh_Lateral)
[2026-08-14 12:26:45.476] [info] Frame 160 (t = 1.6):	 total squared error = 0.00120005, marker error: RMS = 0.00692835, max = 0.0151657 (L_Thigh_Lateral)
[2026-08-14 12:26:45.498] [info] Frame 161 (t = 1.61):	 total squared error = 0.00121376, marker error: RMS = 0.00696780, max = 0.0154696 (L_Thigh_Lateral)
[2026-08-14 12:26:45.522] [info] Frame 162 (t = 1.62):	 total squared error = 0.00123362, marker error: RMS = 0.00702459, max = 0.0157287 (L_Thigh_Lateral)
[2026-08-14 12:26:45.562] [info] Frame 163 (t = 1.63):	 total squared error = 0.00125404, marker error: RMS = 0.00708249, max = 0.0160648 (L_Thigh_Lateral)
[2026-08-14 12:26:45.590] [info] Frame 164 (t = 1.64):	 total squared error = 0.00127712, marker error: RMS = 0.00714736, max = 0.016374 (L_Thigh_Lateral)
[2026-08-14 12:26:45.612] [info] Frame 165 (t = 1.65):	 total squared error = 0.00130200, marker error: RMS = 0.00721664, max = 0.0166418 (L_Thigh_Lateral)
[2026-08-14 12:26:45.631] [info] Frame 166 (t = 1.66):	 total squared error = 0.00133374, marker error: RMS = 0.00730409, max = 0.0170178 (L_Thigh_Lateral)
[2026-08-14 12:26:45.705] [info] Frame 167 (t = 1.67):	 total squared error = 0.00135399, marker error: RMS = 0.00735932, max = 0.0175583 (L_Thigh_Lateral)
[2026-08-14 12:26:45.728] [info] Frame 168 (t = 1.68):	 total squared error = 0.00139289, marker error: RMS = 0.00746429, max = 0.0178573 (L_Thigh_Lateral)
[2026-08-14 12:26:45.748] [info] Frame 169 (t = 1.69):	 total squared error = 0.00143925, marker error: RMS = 0.00758748, max = 0.0184894 (L_Shank_Lateral)
[2026-08-14 12:26:45.787] [info] Frame 170 (t = 1.7):	 total squared error = 0.00146663, marker error: RMS = 0.00765932, max = 0.0189369 (L_Shank_Lateral)
[2026-08-14 12:26:45.806] [info] Frame 171 (t = 1.71):	 total squared error = 0.00150470, marker error: RMS = 0.00775808, max = 0.0195325 (L_Shank_Lateral)
[2026-08-14 12:26:45.845] [info] Frame 172 (t = 1.72):	 total squared error = 0.00151639, marker error: RMS = 0.00778816, max = 0.0196816 (L_Shank_Lateral)
[2026-08-14 12:26:45.864] [info] Frame 173 (t = 1.73):	 total squared error = 0.00153423, marker error: RMS = 0.00783385, max = 0.0198424 (L_Shank_Lateral)
[2026-08-14 12:26:45.898] [info] Frame 174 (t = 1.74):	 total squared error = 0.00153425, marker error: RMS = 0.00783390, max = 0.0199406 (L_Shank_Lateral)
[2026-08-14 12:26:45.913] [info] Frame 175 (t = 1.75):	 total squared error = 0.00153979, marker error: RMS = 0.00784802, max = 0.0196204 (L_Shank_Lateral)
[2026-08-14 12:26:45.937] [info] Frame 176 (t = 1.76):	 total squared error = 0.00153806, marker error: RMS = 0.00784362, max = 0.0191507 (L_Shank_Lateral)
[2026-08-14 12:26:45.989] [info] Frame 177 (t = 1.77):	 total squared error = 0.00150610, marker error: RMS = 0.00776171, max = 0.018485 (L_Shank_Lateral)
[2026-08-14 12:26:46.014] [info] Frame 178 (t = 1.78):	 total squared error = 0.00149733, marker error: RMS = 0.00773906, max = 0.0178908 (L_Shank_Lateral)
[2026-08-14 12:26:46.042] [info] Frame 179 (t = 1.79):	 total squared error = 0.00148957, marker error: RMS = 0.00771899, max = 0.0175161 (L_Thigh_Lateral)
[2026-08-14 12:26:46.062] [info] Frame 180 (t = 1.8):	 total squared error = 0.00148618, marker error: RMS = 0.00771021, max = 0.0171308 (L_Thigh_Lateral)
[2026-08-14 12:26:46.082] [info] Frame 181 (t = 1.81):	 total squared error = 0.00147845, marker error: RMS = 0.00769013, max = 0.0168968 (L_Thigh_Lateral)
[2026-08-14 12:26:46.104] [info] Frame 182 (t = 1.82):	 total squared error = 0.00146859, marker error: RMS = 0.00766444, max = 0.0166932 (L_Thigh_Lateral)
[2026-08-14 12:26:46.142] [info] Frame 183 (t = 1.83):	 total squared error = 0.00144540, marker error: RMS = 0.00760368, max = 0.0163522 (L_Thigh_Lateral)
[2026-08-14 12:26:46.161] [info] Frame 184 (t = 1.84):	 total squared error = 0.00144494, marker error: RMS = 0.00760249, max = 0.0162281 (L_Thigh_Lateral)
[2026-08-14 12:26:46.198] [info] Frame 185 (t = 1.85):	 total squared error = 0.00143287, marker error: RMS = 0.00757064, max = 0.0164184 (L_Thigh_Lateral)
[2026-08-14 12:26:46.221] [info] Frame 186 (t = 1.86):	 total squared error = 0.00143967, marker error: RMS = 0.00758860, max = 0.0168675 (L_Thigh_Lateral)
[2026-08-14 12:26:46.259] [info] Frame 187 (t = 1.87):	 total squared error = 0.00145010, marker error: RMS = 0.00761604, max = 0.0172427 (L_Thigh_Lateral)
[2026-08-14 12:26:46.288] [info] Frame 188 (t = 1.88):	 total squared error = 0.00147886, marker error: RMS = 0.00769118, max = 0.0181867 (L_Thigh_Lateral)
[2026-08-14 12:26:46.311] [info] Frame 189 (t = 1.89):	 total squared error = 0.00151418, marker error: RMS = 0.00778248, max = 0.0190804 (L_Thigh_Lateral)
[2026-08-14 12:26:46.337] [info] Frame 190 (t = 1.9):	 total squared error = 0.00154704, marker error: RMS = 0.00786649, max = 0.0198763 (L_Thigh_Lateral)
[2026-08-14 12:26:46.364] [info] Frame 191 (t = 1.91):	 total squared error = 0.00157215, marker error: RMS = 0.00793008, max = 0.0204424 (L_Thigh_Lateral)
[2026-08-14 12:26:46.388] [info] Frame 192 (t = 1.92):	 total squared error = 0.00157857, marker error: RMS = 0.00794624, max = 0.0206421 (L_Thigh_Lateral)
[2026-08-14 12:26:46.400] [info] Frame 193 (t = 1.93):	 total squared error = 0.00157395, marker error: RMS = 0.00793461, max = 0.0207784 (L_Thigh_Lateral)
[2026-08-14 12:26:46.452] [info] Frame 194 (t = 1.94):	 total squared error = 0.00151690, marker error: RMS = 0.00778948, max = 0.0194322 (L_Thigh_Lateral)
[2026-08-14 12:26:46.478] [info] Frame 195 (t = 1.95):	 total squared error = 0.00146300, marker error: RMS = 0.00764983, max = 0.0186378 (L_Thigh_Lateral)
[2026-08-14 12:26:46.498] [info] Frame 196 (t = 1.96):	 total squared error = 0.00139752, marker error: RMS = 0.00747668, max = 0.0173488 (L_Thigh_Lateral)
[2026-08-14 12:26:46.535] [info] Frame 197 (t = 1.97):	 total squared error = 0.00130541, marker error: RMS = 0.00722608, max = 0.0161468 (L_Thigh_Lateral)
[2026-08-14 12:26:46.563] [info] Frame 198 (t = 1.98):	 total squared error = 0.00121135, marker error: RMS = 0.00696090, max = 0.0145922 (L_Thigh_Lateral)
[2026-08-14 12:26:46.624] [info] Frame 199 (t = 1.99):	 total squared error = 0.00111237, marker error: RMS = 0.00667045, max = 0.0132801 (L_Thigh_Lateral)
[2026-08-14 12:26:46.665] [info] Frame 200 (t = 2.0):	 total squared error = 0.00101774, marker error: RMS = 0.00638041, max = 0.011842 (Sternum)
[2026-08-14 12:26:46.733] [info] Frame 201 (t = 2.01):	 total squared error = 0.000926830, marker error: RMS = 0.00608878, max = 0.0115843 (Sternum)
[2026-08-14 12:26:46.760] [info] Frame 202 (t = 2.02):	 total squared error = 0.000848565, marker error: RMS = 0.00582603, max = 0.0111506 (Sternum)
[2026-08-14 12:26:46.786] [info] Frame 203 (t = 2.03):	 total squared error = 0.000787761, marker error: RMS = 0.00561342, max = 0.0107823 (Sternum)
[2026-08-14 12:26:46.806] [info] Frame 204 (t = 2.04):	 total squared error = 0.000749637, marker error: RMS = 0.00547590, max = 0.0102482 (Sternum)
[2026-08-14 12:26:46.858] [info] Frame 205 (t = 2.05):	 total squared error = 0.000715598, marker error: RMS = 0.00535013, max = 0.0100504 (Sternum)
[2026-08-14 12:26:46.898] [info] Frame 206 (t = 2.06):	 total squared error = 0.000718112, marker error: RMS = 0.00535952, max = 0.00968185 (Sternum)
[2026-08-14 12:26:46.926] [info] Frame 207 (t = 2.07):	 total squared error = 0.000742022, marker error: RMS = 0.00544802, max = 0.00935054 (Sternum)
[2026-08-14 12:26:46.957] [info] Frame 208 (t = 2.08):	 total squared error = 0.000778235, marker error: RMS = 0.00557937, max = 0.00891403 (Sternum)
[2026-08-14 12:26:46.990] [info] Frame 209 (t = 2.09):	 total squared error = 0.000815172, marker error: RMS = 0.00571024, max = 0.00892299 (R_Knee_Lateral)
[2026-08-14 12:26:47.012] [info] Frame 210 (t = 2.1):	 total squared error = 0.000846498, marker error: RMS = 0.00581893, max = 0.00997405 (R_Knee_Lateral)
[2026-08-14 12:26:47.039] [info] Frame 211 (t = 2.11):	 total squared error = 0.000862780, marker error: RMS = 0.00587462, max = 0.0106489 (R_Knee_Lateral)
[2026-08-14 12:26:47.068] [info] Frame 212 (t = 2.12):	 total squared error = 0.000869608, marker error: RMS = 0.00589782, max = 0.0112242 (R_Knee_Lateral)
[2026-08-14 12:26:47.089] [info] Frame 213 (t = 2.13):	 total squared error = 0.000879726, marker error: RMS = 0.00593203, max = 0.0122583 (R_Knee_Lateral)
[2026-08-14 12:26:47.130] [info] Frame 214 (t = 2.14):	 total squared error = 0.000867747, marker error: RMS = 0.00589151, max = 0.0121275 (R_Knee_Lateral)
[2026-08-14 12:26:47.157] [info] Frame 215 (t = 2.15):	 total squared error = 0.000862855, marker error: RMS = 0.00587488, max = 0.0124948 (R_Knee_Lateral)
[2026-08-14 12:26:47.180] [info] Frame 216 (t = 2.16):	 total squared error = 0.000852506, marker error: RMS = 0.00583954, max = 0.012679 (R_Knee_Lateral)
[2026-08-14 12:26:47.197] [info] Frame 217 (t = 2.17):	 total squared error = 0.000844357, marker error: RMS = 0.00581156, max = 0.0131199 (R_Knee_Lateral)
[2026-08-14 12:26:47.215] [info] Frame 218 (t = 2.18):	 total squared error = 0.000828559, marker error: RMS = 0.00575694, max = 0.0130831 (R_Knee_Lateral)
[2026-08-14 12:26:47.248] [info] Frame 219 (t = 2.19):	 total squared error = 0.000801452, marker error: RMS = 0.00566199, max = 0.0124471 (R_Knee_Lateral)
[2026-08-14 12:26:47.266] [info] Frame 220 (t = 2.2):	 total squared error = 0.000797411, marker error: RMS = 0.00564769, max = 0.0126236 (R_Knee_Lateral)
[2026-08-14 12:26:47.297] [info] Frame 221 (t = 2.21):	 total squared error = 0.000792551, marker error: RMS = 0.00563045, max = 0.0126521 (R_Knee_Lateral)
[2026-08-14 12:26:47.340] [info] Frame 222 (t = 2.22):	 total squared error = 0.000798806, marker error: RMS = 0.00565263, max = 0.0126889 (R_Knee_Lateral)
[2026-08-14 12:26:47.358] [info] Frame 223 (t = 2.23):	 total squared error = 0.000815430, marker error: RMS = 0.00571115, max = 0.0130836 (R_Thigh_Lateral)
[2026-08-14 12:26:47.377] [info] Frame 224 (t = 2.24):	 total squared error = 0.000831246, marker error: RMS = 0.00576627, max = 0.0134050 (R_Thigh_Lateral)
[2026-08-14 12:26:47.387] [info] Frame 225 (t = 2.25):	 total squared error = 0.000863205, marker error: RMS = 0.00587607, max = 0.013784 (R_Thigh_Lateral)
[2026-08-14 12:26:47.408] [info] Frame 226 (t = 2.26):	 total squared error = 0.000874523, marker error: RMS = 0.00591447, max = 0.0139547 (R_Thigh_Lateral)
[2026-08-14 12:26:47.420] [info] Frame 227 (t = 2.27):	 total squared error = 0.000908961, marker error: RMS = 0.00602980, max = 0.014129 (R_Thigh_Lateral)
[2026-08-14 12:26:47.469] [info] Frame 228 (t = 2.28):	 total squared error = 0.000902995, marker error: RMS = 0.00600997, max = 0.0139348 (R_Thigh_Lateral)
[2026-08-14 12:26:47.496] [info] Frame 229 (t = 2.29):	 total squared error = 0.000922561, marker error: RMS = 0.00607474, max = 0.013941 (R_Thigh_Lateral)
[2026-08-14 12:26:47.523] [info] Frame 230 (t = 2.3):	 total squared error = 0.000941112, marker error: RMS = 0.00613551, max = 0.013795 (R_Thigh_Lateral)
[2026-08-14 12:26:47.537] [info] Frame 231 (t = 2.31):	 total squared error = 0.000969561, marker error: RMS = 0.00622755, max = 0.0137332 (R_Thigh_Lateral)
[2026-08-14 12:26:47.553] [info] Frame 232 (t = 2.32):	 total squared error = 0.00100209, marker error: RMS = 0.00633116, max = 0.0137484 (R_Thigh_Lateral)
[2026-08-14 12:26:47.588] [info] Frame 233 (t = 2.33):	 total squared error = 0.00100639, marker error: RMS = 0.00634473, max = 0.0134958 (R_Knee_Lateral)
[2026-08-14 12:26:47.604] [info] Frame 234 (t = 2.34):	 total squared error = 0.00104439, marker error: RMS = 0.00646341, max = 0.0135090 (R_Thigh_Lateral)
[2026-08-14 12:26:47.619] [info] Frame 235 (t = 2.35):	 total squared error = 0.00109240, marker error: RMS = 0.00661029, max = 0.0137076 (R_Thigh_Lateral)
[2026-08-14 12:26:47.652] [info] Frame 236 (t = 2.36):	 total squared error = 0.00111141, marker error: RMS = 0.00666756, max = 0.0136317 (R_Thigh_Lateral)
[2026-08-14 12:26:47.694] [info] Frame 237 (t = 2.37):	 total squared error = 0.00114861, marker error: RMS = 0.00677822, max = 0.013825 (R_Thigh_Lateral)
[2026-08-14 12:26:47.723] [info] Frame 238 (t = 2.38):	 total squared error = 0.00119221, marker error: RMS = 0.00690567, max = 0.0141060 (R_Thigh_Lateral)
[2026-08-14 12:26:47.754] [info] Frame 239 (t = 2.39):	 total squared error = 0.00123200, marker error: RMS = 0.00701998, max = 0.0144451 (R_Thigh_Lateral)
[2026-08-14 12:26:47.783] [info] Frame 240 (t = 2.4):	 total squared error = 0.00126354, marker error: RMS = 0.00710926, max = 0.0146293 (R_Thigh_Lateral)
[2026-08-14 12:26:47.826] [info] Frame 241 (t = 2.41):	 total squared error = 0.00127638, marker error: RMS = 0.00714529, max = 0.0145699 (R_Thigh_Lateral)
[2026-08-14 12:26:47.860] [info] Frame 242 (t = 2.42):	 total squared error = 0.00128033, marker error: RMS = 0.00715633, max = 0.0144967 (R_Thigh_Lateral)
[2026-08-14 12:26:47.896] [info] Frame 243 (t = 2.43):	 total squared error = 0.00127120, marker error: RMS = 0.00713079, max = 0.0143199 (R_Thigh_Lateral)
[2026-08-14 12:26:47.918] [info] Frame 244 (t = 2.44):	 total squared error = 0.00125804, marker error: RMS = 0.00709377, max = 0.0142157 (R_Thigh_Lateral)
[2026-08-14 12:26:47.941] [info] Frame 245 (t = 2.45):	 total squared error = 0.00124179, marker error: RMS = 0.00704780, max = 0.0141323 (R_Thigh_Lateral)
[2026-08-14 12:26:47.986] [info] Frame 246 (t = 2.46):	 total squared error = 0.00122239, marker error: RMS = 0.00699254, max = 0.0140094 (R_Thigh_Lateral)
[2026-08-14 12:26:48.005] [info] Frame 247 (t = 2.47):	 total squared error = 0.00122361, marker error: RMS = 0.00699603, max = 0.0143507 (R_Thigh_Lateral)
[2026-08-14 12:26:48.021] [info] Frame 248 (t = 2.48):	 total squared error = 0.00123337, marker error: RMS = 0.00702387, max = 0.0147843 (R_Thigh_Lateral)
[2026-08-14 12:26:48.035] [info] Frame 249 (t = 2.49):	 total squared error = 0.00125748, marker error: RMS = 0.00709218, max = 0.0153076 (R_Thigh_Lateral)
[2026-08-14 12:26:48.055] [info] Frame 250 (t = 2.5):	 total squared error = 0.00125993, marker error: RMS = 0.00709909, max = 0.0154567 (R_Thigh_Lateral)
[2026-08-14 12:26:48.068] [info] Frame 251 (t = 2.51):	 total squared error = 0.00126710, marker error: RMS = 0.00711928, max = 0.0155708 (R_Thigh_Lateral)
[2026-08-14 12:26:48.088] [info] Frame 252 (t = 2.52):	 total squared error = 0.00124223, marker error: RMS = 0.00704906, max = 0.0148086 (R_Thigh_Lateral)
[2026-08-14 12:26:48.110] [info] Frame 253 (t = 2.53):	 total squared error = 0.00120703, marker error: RMS = 0.00694846, max = 0.0138155 (R_Thigh_Lateral)
[2026-08-14 12:26:48.121] [info] Frame 254 (t = 2.54):	 total squared error = 0.00117430, marker error: RMS = 0.00685360, max = 0.0125286 (R_Thigh_Lateral)
[2026-08-14 12:26:48.150] [info] Frame 255 (t = 2.55):	 total squared error = 0.00112795, marker error: RMS = 0.00671700, max = 0.0124147 (L_Elbow)
[2026-08-14 12:26:48.166] [info] Frame 256 (t = 2.56):	 total squared error = 0.00110338, marker error: RMS = 0.00664342, max = 0.0119481 (L_Elbow)
[2026-08-14 12:26:48.191] [info] Frame 257 (t = 2.57):	 total squared error = 0.00108383, marker error: RMS = 0.00658431, max = 0.0122705 (L_Elbow)
[2026-08-14 12:26:48.214] [info] Frame 258 (t = 2.58):	 total squared error = 0.00107626, marker error: RMS = 0.00656129, max = 0.0120840 (L_Elbow)
[2026-08-14 12:26:48.250] [info] Frame 259 (t = 2.59):	 total squared error = 0.00106787, marker error: RMS = 0.00653565, max = 0.011713 (L_Elbow)
[2026-08-14 12:26:48.274] [info] Frame 260 (t = 2.6):	 total squared error = 0.00108501, marker error: RMS = 0.00658790, max = 0.0116913 (L_Elbow)
[2026-08-14 12:26:48.291] [info] Frame 261 (t = 2.61):	 total squared error = 0.00111858, marker error: RMS = 0.00668904, max = 0.0116606 (L_Elbow)
[2026-08-14 12:26:48.326] [info] Frame 262 (t = 2.62):	 total squared error = 0.00114351, marker error: RMS = 0.00676318, max = 0.0115551 (L_Elbow)
[2026-08-14 12:26:48.352] [info] Frame 263 (t = 2.63):	 total squared error = 0.00118269, marker error: RMS = 0.00687806, max = 0.0118090 (L_Elbow)
[2026-08-14 12:26:48.380] [info] Frame 264 (t = 2.64):	 total squared error = 0.00122414, marker error: RMS = 0.00699755, max = 0.0118762 (L_Elbow)
[2026-08-14 12:26:48.400] [info] Frame 265 (t = 2.65):	 total squared error = 0.00127508, marker error: RMS = 0.00714165, max = 0.0122222 (L_Elbow)
[2026-08-14 12:26:48.440] [info] Frame 266 (t = 2.66):	 total squared error = 0.00130861, marker error: RMS = 0.00723495, max = 0.0120093 (L_Elbow)
[2026-08-14 12:26:48.470] [info] Frame 267 (t = 2.67):	 total squared error = 0.00134379, marker error: RMS = 0.00733156, max = 0.0121919 (L_Elbow)
[2026-08-14 12:26:48.501] [info] Frame 268 (t = 2.68):	 total squared error = 0.00136481, marker error: RMS = 0.00738867, max = 0.0122805 (L_Elbow)
[2026-08-14 12:26:48.525] [info] Frame 269 (t = 2.69):	 total squared error = 0.00136620, marker error: RMS = 0.00739242, max = 0.0122403 (L_Elbow)
[2026-08-14 12:26:48.555] [info] Frame 270 (t = 2.7):	 total squared error = 0.00134399, marker error: RMS = 0.00733209, max = 0.0119143 (L_Elbow)
[2026-08-14 12:26:48.579] [info] Frame 271 (t = 2.71):	 total squared error = 0.00130334, marker error: RMS = 0.00722035, max = 0.0131371 (L_Thigh_Lateral)
[2026-08-14 12:26:48.605] [info] Frame 272 (t = 2.72):	 total squared error = 0.00124663, marker error: RMS = 0.00706154, max = 0.0139203 (L_Thigh_Lateral)
[2026-08-14 12:26:48.646] [info] Frame 273 (t = 2.73):	 total squared error = 0.00118233, marker error: RMS = 0.00687699, max = 0.0144669 (L_Thigh_Lateral)
[2026-08-14 12:26:48.672] [info] Frame 274 (t = 2.74):	 total squared error = 0.00111989, marker error: RMS = 0.00669294, max = 0.0147424 (L_Thigh_Lateral)
[2026-08-14 12:26:48.709] [info] Frame 275 (t = 2.75):	 total squared error = 0.00106162, marker error: RMS = 0.00651650, max = 0.0148018 (L_Thigh_Lateral)
[2026-08-14 12:26:48.726] [info] Frame 276 (t = 2.76):	 total squared error = 0.00101907, marker error: RMS = 0.00638458, max = 0.0149727 (L_Thigh_Lateral)
[2026-08-14 12:26:48.745] [info] Frame 277 (t = 2.77):	 total squared error = 0.000978679, marker error: RMS = 0.00625677, max = 0.0146508 (L_Thigh_Lateral)
[2026-08-14 12:26:48.768] [info] Frame 278 (t = 2.78):	 total squared error = 0.000948576, marker error: RMS = 0.00615979, max = 0.0145837 (L_Thigh_Lateral)
[2026-08-14 12:26:48.793] [info] Frame 279 (t = 2.79):	 total squared error = 0.000930772, marker error: RMS = 0.00610171, max = 0.0145621 (L_Thigh_Lateral)
[2026-08-14 12:26:48.813] [info] Frame 280 (t = 2.8):	 total squared error = 0.000925318, marker error: RMS = 0.00608381, max = 0.0146972 (L_Thigh_Lateral)
[2026-08-14 12:26:48.834] [info] Frame 281 (t = 2.81):	 total squared error = 0.000926144, marker error: RMS = 0.00608652, max = 0.0147455 (L_Thigh_Lateral)
[2026-08-14 12:26:48.869] [info] Frame 282 (t = 2.82):	 total squared error = 0.000937222, marker error: RMS = 0.00612282, max = 0.0149985 (L_Thigh_Lateral)
[2026-08-14 12:26:48.893] [info] Frame 283 (t = 2.83):	 total squared error = 0.000966976, marker error: RMS = 0.00621925, max = 0.0152482 (L_Thigh_Lateral)
[2026-08-14 12:26:48.916] [info] Frame 284 (t = 2.84):	 total squared error = 0.00101284, marker error: RMS = 0.00636504, max = 0.0155972 (L_Thigh_Lateral)
[2026-08-14 12:26:48.945] [info] Frame 285 (t = 2.85):	 total squared error = 0.00106650, marker error: RMS = 0.00653145, max = 0.0159809 (L_Thigh_Lateral)
[2026-08-14 12:26:48.969] [info] Frame 286 (t = 2.86):	 total squared error = 0.00113314, marker error: RMS = 0.00673244, max = 0.01641 (L_Thigh_Lateral)
[2026-08-14 12:26:48.987] [info] Frame 287 (t = 2.87):	 total squared error = 0.00121914, marker error: RMS = 0.00698324, max = 0.0169377 (L_Thigh_Lateral)
[2026-08-14 12:26:49.024] [info] Frame 288 (t = 2.88):	 total squared error = 0.00127411, marker error: RMS = 0.00713894, max = 0.0172817 (L_Thigh_Lateral)
[2026-08-14 12:26:49.042] [info] Frame 289 (t = 2.89):	 total squared error = 0.00136028, marker error: RMS = 0.00737641, max = 0.0177861 (L_Thigh_Lateral)
[2026-08-14 12:26:49.088] [info] Frame 290 (t = 2.9):	 total squared error = 0.00141476, marker error: RMS = 0.00752266, max = 0.0181345 (L_Shank_Lateral)
[2026-08-14 12:26:49.125] [info] Frame 291 (t = 2.91):	 total squared error = 0.00148397, marker error: RMS = 0.00770445, max = 0.0185722 (L_Shank_Lateral)
[2026-08-14 12:26:49.131] [info] InverseKinematicsTool completed 292 frames in 8 second(s).
[2026-08-14 12:26:49.183] [info] Loaded model SUBJ59-scaled from file C:\Users\migue\Downloads\TFG\2_JMP\SUBJ59\Walk_1\SUBJ59_scaled.osim
[2026-08-14 12:26:49.876] [warning] Coordinate.setValue:  coordinate pro_sup_r is locked. Unable to change its value.
[2026-08-14 12:26:49.918] [warning] Coordinate.setValue:  coordinate pro_sup_l is locked. Unable to change its value.
[2026-08-14 12:27:39.770] [info] Loaded model SUBJ59-scaled from file C:\Users\migue\Downloads\TFG\2_JMP\SUBJ59\Walk_1\SUBJ59_1_JMP_results\SUBJ59_1_NMSM_JMP_08_wrist_axis_FINAL.osim
[2026-08-14 12:27:39.788] [cout] [info] 
               MODEL: SUBJ59-scaled
         coordinates: 41
              forces: 103
           actuators: 103
             muscles: 86
            analyses: 0
              probes: 0
              bodies: 24
              joints: 24
         constraints: 2
             markers: 25
         controllers: 0
  contact geometries: 0
misc modelcomponents: 0
[2026-08-14 12:27:39.788] [info] Running tool .
[2026-08-14 12:27:39.893] [info] Frame 0 (t = 0.0):	 total squared error = 0.000414349, marker error: RMS = 0.00407111, max = 0.0108457 (R_Shank_Lateral)
[2026-08-14 12:27:39.909] [info] Frame 1 (t = 0.01):	 total squared error = 0.000427235, marker error: RMS = 0.00413393, max = 0.0111947 (R_Shank_Lateral)
[2026-08-14 12:27:39.937] [info] Frame 2 (t = 0.02):	 total squared error = 0.000438131, marker error: RMS = 0.00418632, max = 0.0115406 (R_Shank_Lateral)
[2026-08-14 12:27:39.979] [info] Frame 3 (t = 0.03):	 total squared error = 0.000445957, marker error: RMS = 0.00422354, max = 0.0116683 (R_Thigh_Lateral)
[2026-08-14 12:27:39.994] [info] Frame 4 (t = 0.04):	 total squared error = 0.000467478, marker error: RMS = 0.00432425, max = 0.0118251 (R_Thigh_Lateral)
[2026-08-14 12:27:40.037] [info] Frame 5 (t = 0.05):	 total squared error = 0.000452555, marker error: RMS = 0.00425467, max = 0.0119435 (R_Thigh_Lateral)
[2026-08-14 12:27:40.059] [info] Frame 6 (t = 0.06):	 total squared error = 0.000447452, marker error: RMS = 0.00423061, max = 0.0118653 (R_Thigh_Lateral)
[2026-08-14 12:27:40.083] [info] Frame 7 (t = 0.07):	 total squared error = 0.000432417, marker error: RMS = 0.00415893, max = 0.0113426 (R_Thigh_Lateral)
[2026-08-14 12:27:40.119] [info] Frame 8 (t = 0.08):	 total squared error = 0.000396666, marker error: RMS = 0.00398329, max = 0.0105426 (R_Thigh_Lateral)
[2026-08-14 12:27:40.142] [info] Frame 9 (t = 0.09):	 total squared error = 0.000372887, marker error: RMS = 0.00386206, max = 0.00972817 (R_Thigh_Lateral)
[2026-08-14 12:27:40.168] [info] Frame 10 (t = 0.1):	 total squared error = 0.000349712, marker error: RMS = 0.00374012, max = 0.00880624 (R_Thigh_Lateral)
[2026-08-14 12:27:40.203] [info] Frame 11 (t = 0.11):	 total squared error = 0.000329955, marker error: RMS = 0.00363293, max = 0.00813036 (R_Thigh_Lateral)
[2026-08-14 12:27:40.228] [info] Frame 12 (t = 0.12):	 total squared error = 0.000330483, marker error: RMS = 0.00363584, max = 0.00797606 (R_Thigh_Lateral)
[2026-08-14 12:27:40.256] [info] Frame 13 (t = 0.13):	 total squared error = 0.000339646, marker error: RMS = 0.00368590, max = 0.00829729 (R_Thigh_Lateral)
[2026-08-14 12:27:40.275] [info] Frame 14 (t = 0.14):	 total squared error = 0.000362247, marker error: RMS = 0.00380656, max = 0.00892494 (R_Thigh_Lateral)
[2026-08-14 12:27:40.308] [info] Frame 15 (t = 0.15):	 total squared error = 0.000386113, marker error: RMS = 0.00392995, max = 0.00958580 (R_Thigh_Lateral)
[2026-08-14 12:27:40.328] [info] Frame 16 (t = 0.16):	 total squared error = 0.000409489, marker error: RMS = 0.00404716, max = 0.00999626 (R_Thigh_Lateral)
[2026-08-14 12:27:40.340] [info] Frame 17 (t = 0.17):	 total squared error = 0.000431349, marker error: RMS = 0.00415379, max = 0.0102839 (R_Thigh_Lateral)
[2026-08-14 12:27:40.362] [info] Frame 18 (t = 0.18):	 total squared error = 0.000426525, marker error: RMS = 0.00413050, max = 0.00973799 (R_Thigh_Lateral)
[2026-08-14 12:27:40.376] [info] Frame 19 (t = 0.19):	 total squared error = 0.000422211, marker error: RMS = 0.00410955, max = 0.00895394 (R_Thigh_Lateral)
[2026-08-14 12:27:40.405] [info] Frame 20 (t = 0.2):	 total squared error = 0.000392442, marker error: RMS = 0.00396203, max = 0.00815270 (R_Thigh_Lateral)
[2026-08-14 12:27:40.427] [info] Frame 21 (t = 0.21):	 total squared error = 0.000372630, marker error: RMS = 0.00386072, max = 0.00696730 (L_Thigh_Lateral)
[2026-08-14 12:27:40.439] [info] Frame 22 (t = 0.22):	 total squared error = 0.000365756, marker error: RMS = 0.00382495, max = 0.00681696 (Sternum)
[2026-08-14 12:27:40.466] [info] Frame 23 (t = 0.23):	 total squared error = 0.000346065, marker error: RMS = 0.00372056, max = 0.00687365 (Sternum)
[2026-08-14 12:27:40.502] [info] Frame 24 (t = 0.24):	 total squared error = 0.000338125, marker error: RMS = 0.00367764, max = 0.00673793 (Sternum)
[2026-08-14 12:27:40.525] [info] Frame 25 (t = 0.25):	 total squared error = 0.000344878, marker error: RMS = 0.00371418, max = 0.00658623 (Sternum)
[2026-08-14 12:27:40.547] [info] Frame 26 (t = 0.26):	 total squared error = 0.000356442, marker error: RMS = 0.00377593, max = 0.00638192 (Sternum)
[2026-08-14 12:27:40.569] [info] Frame 27 (t = 0.27):	 total squared error = 0.000370156, marker error: RMS = 0.00384789, max = 0.00648316 (Sacral)
[2026-08-14 12:27:40.608] [info] Frame 28 (t = 0.28):	 total squared error = 0.000361757, marker error: RMS = 0.00380398, max = 0.00651246 (L_Asis)
[2026-08-14 12:27:40.636] [info] Frame 29 (t = 0.29):	 total squared error = 0.000357433, marker error: RMS = 0.00378118, max = 0.00645091 (L_Asis)
[2026-08-14 12:27:40.663] [info] Frame 30 (t = 0.3):	 total squared error = 0.000339890, marker error: RMS = 0.00368722, max = 0.00649995 (L_Asis)
[2026-08-14 12:27:40.696] [info] Frame 31 (t = 0.31):	 total squared error = 0.000311322, marker error: RMS = 0.00352887, max = 0.00691795 (L_Asis)
[2026-08-14 12:27:40.722] [info] Frame 32 (t = 0.32):	 total squared error = 0.000281897, marker error: RMS = 0.00335795, max = 0.00650857 (L_Asis)
[2026-08-14 12:27:40.756] [info] Frame 33 (t = 0.33):	 total squared error = 0.000256492, marker error: RMS = 0.00320307, max = 0.00651147 (L_Asis)
[2026-08-14 12:27:40.779] [info] Frame 34 (t = 0.34):	 total squared error = 0.000237277, marker error: RMS = 0.00308076, max = 0.00602144 (L_Asis)
[2026-08-14 12:27:40.807] [info] Frame 35 (t = 0.35):	 total squared error = 0.000224910, marker error: RMS = 0.00299940, max = 0.00581957 (L_Asis)
[2026-08-14 12:27:40.850] [info] Frame 36 (t = 0.36):	 total squared error = 0.000218675, marker error: RMS = 0.00295753, max = 0.00578317 (L_Asis)
[2026-08-14 12:27:40.880] [info] Frame 37 (t = 0.37):	 total squared error = 0.000217708, marker error: RMS = 0.00295099, max = 0.00568394 (L_Thigh_Lateral)
[2026-08-14 12:27:40.914] [info] Frame 38 (t = 0.38):	 total squared error = 0.000223911, marker error: RMS = 0.00299273, max = 0.00664772 (L_Thigh_Lateral)
[2026-08-14 12:27:40.940] [info] Frame 39 (t = 0.39):	 total squared error = 0.000232244, marker error: RMS = 0.00304791, max = 0.00772593 (L_Thigh_Lateral)
[2026-08-14 12:27:40.968] [info] Frame 40 (t = 0.4):	 total squared error = 0.000238864, marker error: RMS = 0.00309105, max = 0.00834881 (L_Thigh_Lateral)
[2026-08-14 12:27:41.006] [info] Frame 41 (t = 0.41):	 total squared error = 0.000246468, marker error: RMS = 0.00313986, max = 0.00903151 (L_Thigh_Lateral)
[2026-08-14 12:27:41.025] [info] Frame 42 (t = 0.42):	 total squared error = 0.000260098, marker error: RMS = 0.00322551, max = 0.00965585 (L_Thigh_Lateral)
[2026-08-14 12:27:41.050] [info] Frame 43 (t = 0.43):	 total squared error = 0.000274629, marker error: RMS = 0.00331439, max = 0.0103015 (L_Thigh_Lateral)
[2026-08-14 12:27:41.080] [info] Frame 44 (t = 0.44):	 total squared error = 0.000300844, marker error: RMS = 0.00346897, max = 0.0108393 (L_Thigh_Lateral)
[2026-08-14 12:27:41.106] [info] Frame 45 (t = 0.45):	 total squared error = 0.000333082, marker error: RMS = 0.00365011, max = 0.0111841 (L_Thigh_Lateral)
[2026-08-14 12:27:41.139] [info] Frame 46 (t = 0.46):	 total squared error = 0.000364714, marker error: RMS = 0.00381950, max = 0.0119185 (L_Thigh_Lateral)
[2026-08-14 12:27:41.156] [info] Frame 47 (t = 0.47):	 total squared error = 0.000397612, marker error: RMS = 0.00398804, max = 0.0117667 (L_Thigh_Lateral)
[2026-08-14 12:27:41.198] [info] Frame 48 (t = 0.48):	 total squared error = 0.000410085, marker error: RMS = 0.00405011, max = 0.0125392 (L_Thigh_Lateral)
[2026-08-14 12:27:41.220] [info] Frame 49 (t = 0.49):	 total squared error = 0.000419644, marker error: RMS = 0.00409704, max = 0.0122436 (L_Shank_Lateral)
[2026-08-14 12:27:41.242] [info] Frame 50 (t = 0.5):	 total squared error = 0.000421117, marker error: RMS = 0.00410423, max = 0.0125575 (L_Shank_Lateral)
[2026-08-14 12:27:41.263] [info] Frame 51 (t = 0.51):	 total squared error = 0.000415074, marker error: RMS = 0.00407467, max = 0.0124033 (L_Shank_Lateral)
[2026-08-14 12:27:41.303] [info] Frame 52 (t = 0.52):	 total squared error = 0.000396651, marker error: RMS = 0.00398322, max = 0.0119413 (L_Thigh_Lateral)
[2026-08-14 12:27:41.318] [info] Frame 53 (t = 0.53):	 total squared error = 0.000393640, marker error: RMS = 0.00396807, max = 0.0118079 (L_Thigh_Lateral)
[2026-08-14 12:27:41.359] [info] Frame 54 (t = 0.54):	 total squared error = 0.000380610, marker error: RMS = 0.00390184, max = 0.0113483 (L_Thigh_Lateral)
[2026-08-14 12:27:41.383] [info] Frame 55 (t = 0.55):	 total squared error = 0.000385575, marker error: RMS = 0.00392721, max = 0.0113232 (L_Thigh_Lateral)
[2026-08-14 12:27:41.429] [info] Frame 56 (t = 0.56):	 total squared error = 0.000392461, marker error: RMS = 0.00396213, max = 0.011226 (L_Thigh_Lateral)
[2026-08-14 12:27:41.447] [info] Frame 57 (t = 0.57):	 total squared error = 0.000420153, marker error: RMS = 0.00409953, max = 0.0119026 (L_Thigh_Lateral)
[2026-08-14 12:27:41.473] [info] Frame 58 (t = 0.58):	 total squared error = 0.000442175, marker error: RMS = 0.00420559, max = 0.0118598 (L_Thigh_Lateral)
[2026-08-14 12:27:41.491] [info] Frame 59 (t = 0.59):	 total squared error = 0.000486005, marker error: RMS = 0.00440910, max = 0.0127529 (L_Thigh_Lateral)
[2026-08-14 12:27:41.507] [info] Frame 60 (t = 0.6):	 total squared error = 0.000536999, marker error: RMS = 0.00463465, max = 0.0134335 (L_Thigh_Lateral)
[2026-08-14 12:27:41.553] [info] Frame 61 (t = 0.61):	 total squared error = 0.000538596, marker error: RMS = 0.00464153, max = 0.0130546 (L_Thigh_Lateral)
[2026-08-14 12:27:41.570] [info] Frame 62 (t = 0.62):	 total squared error = 0.000570524, marker error: RMS = 0.00477713, max = 0.0132946 (L_Thigh_Lateral)
[2026-08-14 12:27:41.597] [info] Frame 63 (t = 0.63):	 total squared error = 0.000582881, marker error: RMS = 0.00482858, max = 0.0129766 (L_Thigh_Lateral)
[2026-08-14 12:27:41.624] [info] Frame 64 (t = 0.64):	 total squared error = 0.000572794, marker error: RMS = 0.00478662, max = 0.0124635 (L_Thigh_Lateral)
[2026-08-14 12:27:41.647] [info] Frame 65 (t = 0.65):	 total squared error = 0.000557482, marker error: RMS = 0.00472221, max = 0.0115392 (L_Thigh_Lateral)
[2026-08-14 12:27:41.672] [info] Frame 66 (t = 0.66):	 total squared error = 0.000528261, marker error: RMS = 0.00459679, max = 0.0104398 (L_Shank_Lateral)
[2026-08-14 12:27:41.698] [info] Frame 67 (t = 0.67):	 total squared error = 0.000493922, marker error: RMS = 0.00444487, max = 0.00894759 (L_Shank_Lateral)
[2026-08-14 12:27:41.737] [info] Frame 68 (t = 0.68):	 total squared error = 0.000454738, marker error: RMS = 0.00426492, max = 0.00892025 (Sternum)
[2026-08-14 12:27:41.776] [info] Frame 69 (t = 0.69):	 total squared error = 0.000438290, marker error: RMS = 0.00418707, max = 0.00925220 (Sternum)
[2026-08-14 12:27:41.799] [info] Frame 70 (t = 0.7):	 total squared error = 0.000443650, marker error: RMS = 0.00421260, max = 0.00968217 (Sternum)
[2026-08-14 12:27:41.839] [info] Frame 71 (t = 0.71):	 total squared error = 0.000462018, marker error: RMS = 0.00429892, max = 0.00989842 (Sternum)
[2026-08-14 12:27:41.861] [info] Frame 72 (t = 0.72):	 total squared error = 0.000508153, marker error: RMS = 0.00450845, max = 0.0102756 (Sternum)
[2026-08-14 12:27:41.881] [info] Frame 73 (t = 0.73):	 total squared error = 0.000568612, marker error: RMS = 0.00476912, max = 0.0106635 (Sternum)
[2026-08-14 12:27:41.900] [info] Frame 74 (t = 0.74):	 total squared error = 0.000634598, marker error: RMS = 0.00503825, max = 0.0109634 (Sternum)
[2026-08-14 12:27:41.933] [info] Frame 75 (t = 0.75):	 total squared error = 0.000683537, marker error: RMS = 0.00522891, max = 0.0114892 (L_Thigh_Lateral)
[2026-08-14 12:27:41.952] [info] Frame 76 (t = 0.76):	 total squared error = 0.000722408, marker error: RMS = 0.00537553, max = 0.0121233 (L_Thigh_Lateral)
[2026-08-14 12:27:41.963] [info] Frame 77 (t = 0.77):	 total squared error = 0.000736363, marker error: RMS = 0.00542720, max = 0.0121032 (L_Thigh_Lateral)
[2026-08-14 12:27:41.975] [info] Frame 78 (t = 0.78):	 total squared error = 0.000720264, marker error: RMS = 0.00536755, max = 0.0120345 (Sternum)
[2026-08-14 12:27:41.997] [info] Frame 79 (t = 0.79):	 total squared error = 0.000671881, marker error: RMS = 0.00518413, max = 0.0121533 (Sternum)
[2026-08-14 12:27:42.017] [info] Frame 80 (t = 0.8):	 total squared error = 0.000621492, marker error: RMS = 0.00498595, max = 0.0123384 (Sternum)
[2026-08-14 12:27:42.053] [info] Frame 81 (t = 0.81):	 total squared error = 0.000567911, marker error: RMS = 0.00476618, max = 0.0122272 (Sternum)
[2026-08-14 12:27:42.077] [info] Frame 82 (t = 0.82):	 total squared error = 0.000542672, marker error: RMS = 0.00465906, max = 0.0122219 (Sternum)
[2026-08-14 12:27:42.104] [info] Frame 83 (t = 0.83):	 total squared error = 0.000531798, marker error: RMS = 0.00461215, max = 0.0121515 (Sternum)
[2026-08-14 12:27:42.143] [info] Frame 84 (t = 0.84):	 total squared error = 0.000523551, marker error: RMS = 0.00457625, max = 0.0119529 (Sternum)
[2026-08-14 12:27:42.165] [info] Frame 85 (t = 0.85):	 total squared error = 0.000534240, marker error: RMS = 0.00462273, max = 0.0117534 (Sternum)
[2026-08-14 12:27:42.192] [info] Frame 86 (t = 0.86):	 total squared error = 0.000549293, marker error: RMS = 0.00468740, max = 0.0115385 (Sternum)
[2026-08-14 12:27:42.221] [info] Frame 87 (t = 0.87):	 total squared error = 0.000565417, marker error: RMS = 0.00475570, max = 0.0112547 (Sternum)
[2026-08-14 12:27:42.244] [info] Frame 88 (t = 0.88):	 total squared error = 0.000581739, marker error: RMS = 0.00482385, max = 0.0109464 (Sternum)
[2026-08-14 12:27:42.266] [info] Frame 89 (t = 0.89):	 total squared error = 0.000590290, marker error: RMS = 0.00485918, max = 0.0106857 (Sternum)
[2026-08-14 12:27:42.306] [info] Frame 90 (t = 0.9):	 total squared error = 0.000583844, marker error: RMS = 0.00483257, max = 0.0104020 (Sternum)
[2026-08-14 12:27:42.334] [info] Frame 91 (t = 0.91):	 total squared error = 0.000576652, marker error: RMS = 0.00480272, max = 0.0100155 (Sternum)
[2026-08-14 12:27:42.361] [info] Frame 92 (t = 0.92):	 total squared error = 0.000568751, marker error: RMS = 0.00476970, max = 0.00968041 (Sternum)
[2026-08-14 12:27:42.389] [info] Frame 93 (t = 0.93):	 total squared error = 0.000560401, marker error: RMS = 0.00473456, max = 0.00936833 (Sternum)
[2026-08-14 12:27:42.418] [info] Frame 94 (t = 0.94):	 total squared error = 0.000550537, marker error: RMS = 0.00469270, max = 0.00909150 (Sternum)
[2026-08-14 12:27:42.451] [info] Frame 95 (t = 0.95):	 total squared error = 0.000537748, marker error: RMS = 0.00463788, max = 0.00872054 (Sternum)
[2026-08-14 12:27:42.473] [info] Frame 96 (t = 0.96):	 total squared error = 0.000521692, marker error: RMS = 0.00456812, max = 0.00826227 (Sternum)
[2026-08-14 12:27:42.494] [info] Frame 97 (t = 0.97):	 total squared error = 0.000509192, marker error: RMS = 0.00451306, max = 0.00780205 (Sacral)
[2026-08-14 12:27:42.527] [info] Frame 98 (t = 0.98):	 total squared error = 0.000483044, marker error: RMS = 0.00439565, max = 0.00812886 (R_Asis)
[2026-08-14 12:27:42.550] [info] Frame 99 (t = 0.99):	 total squared error = 0.000465250, marker error: RMS = 0.00431393, max = 0.00755714 (R_Asis)
[2026-08-14 12:27:42.570] [info] Frame 100 (t = 1.0):	 total squared error = 0.000454503, marker error: RMS = 0.00426381, max = 0.00782587 (Sacral)
[2026-08-14 12:27:42.606] [info] Frame 101 (t = 1.01):	 total squared error = 0.000431877, marker error: RMS = 0.00415633, max = 0.00768929 (R_Asis)
[2026-08-14 12:27:42.624] [info] Frame 102 (t = 1.02):	 total squared error = 0.000419006, marker error: RMS = 0.00409393, max = 0.00746202 (Sacral)
[2026-08-14 12:27:42.642] [info] Frame 103 (t = 1.03):	 total squared error = 0.000402153, marker error: RMS = 0.00401075, max = 0.00742272 (Sacral)
[2026-08-14 12:27:42.675] [info] Frame 104 (t = 1.04):	 total squared error = 0.000375533, marker error: RMS = 0.00387574, max = 0.00720424 (Sacral)
[2026-08-14 12:27:42.694] [info] Frame 105 (t = 1.05):	 total squared error = 0.000355899, marker error: RMS = 0.00377306, max = 0.00678646 (Sacral)
[2026-08-14 12:27:42.722] [info] Frame 106 (t = 1.06):	 total squared error = 0.000328298, marker error: RMS = 0.00362380, max = 0.00656980 (Sacral)
[2026-08-14 12:27:42.740] [info] Frame 107 (t = 1.07):	 total squared error = 0.000305820, marker error: RMS = 0.00349754, max = 0.00636703 (L_Thigh_Lateral)
[2026-08-14 12:27:42.763] [info] Frame 108 (t = 1.08):	 total squared error = 0.000280990, marker error: RMS = 0.00335255, max = 0.00616060 (L_Thigh_Lateral)
[2026-08-14 12:27:42.775] [info] Frame 109 (t = 1.09):	 total squared error = 0.000272194, marker error: RMS = 0.00329966, max = 0.00584561 (L_Thigh_Lateral)
[2026-08-14 12:27:42.815] [info] Frame 110 (t = 1.1):	 total squared error = 0.000237938, marker error: RMS = 0.00308505, max = 0.00587779 (L_Thigh_Lateral)
[2026-08-14 12:27:42.840] [info] Frame 111 (t = 1.11):	 total squared error = 0.000226271, marker error: RMS = 0.00300846, max = 0.00581704 (L_Thigh_Lateral)
[2026-08-14 12:27:42.859] [info] Frame 112 (t = 1.12):	 total squared error = 0.000223340, marker error: RMS = 0.00298891, max = 0.00575910 (R_Thigh_Lateral)
[2026-08-14 12:27:42.905] [info] Frame 113 (t = 1.13):	 total squared error = 0.000213925, marker error: RMS = 0.00292524, max = 0.00593683 (R_Thigh_Lateral)
[2026-08-14 12:27:42.926] [info] Frame 114 (t = 1.14):	 total squared error = 0.000219471, marker error: RMS = 0.00296291, max = 0.00629959 (R_Thigh_Lateral)
[2026-08-14 12:27:42.943] [info] Frame 115 (t = 1.15):	 total squared error = 0.000230502, marker error: RMS = 0.00303646, max = 0.00671824 (R_Thigh_Lateral)
[2026-08-14 12:27:42.987] [info] Frame 116 (t = 1.16):	 total squared error = 0.000224889, marker error: RMS = 0.00299926, max = 0.00673621 (R_Thigh_Lateral)
[2026-08-14 12:27:43.006] [info] Frame 117 (t = 1.17):	 total squared error = 0.000243992, marker error: RMS = 0.00312405, max = 0.00738190 (R_Thigh_Lateral)
[2026-08-14 12:27:43.047] [info] Frame 118 (t = 1.18):	 total squared error = 0.000249697, marker error: RMS = 0.00316036, max = 0.00763035 (R_Thigh_Lateral)
[2026-08-14 12:27:43.069] [info] Frame 119 (t = 1.19):	 total squared error = 0.000272601, marker error: RMS = 0.00330212, max = 0.00835579 (R_Thigh_Lateral)
[2026-08-14 12:27:43.107] [info] Frame 120 (t = 1.2):	 total squared error = 0.000293610, marker error: RMS = 0.00342701, max = 0.00893256 (R_Thigh_Lateral)
[2026-08-14 12:27:43.129] [info] Frame 121 (t = 1.21):	 total squared error = 0.000326096, marker error: RMS = 0.00361163, max = 0.00971550 (R_Thigh_Lateral)
[2026-08-14 12:27:43.163] [info] Frame 122 (t = 1.22):	 total squared error = 0.000351023, marker error: RMS = 0.00374712, max = 0.0102653 (R_Thigh_Lateral)
[2026-08-14 12:27:43.179] [info] Frame 123 (t = 1.23):	 total squared error = 0.000392108, marker error: RMS = 0.00396035, max = 0.0107261 (R_Thigh_Lateral)
[2026-08-14 12:27:43.215] [info] Frame 124 (t = 1.24):	 total squared error = 0.000390952, marker error: RMS = 0.00395450, max = 0.0107847 (R_Thigh_Lateral)
[2026-08-14 12:27:43.254] [info] Frame 125 (t = 1.25):	 total squared error = 0.000392979, marker error: RMS = 0.00396474, max = 0.0104479 (R_Thigh_Lateral)
[2026-08-14 12:27:43.287] [info] Frame 126 (t = 1.26):	 total squared error = 0.000381957, marker error: RMS = 0.00390874, max = 0.00975234 (R_Thigh_Lateral)
[2026-08-14 12:27:43.318] [info] Frame 127 (t = 1.27):	 total squared error = 0.000364283, marker error: RMS = 0.00381724, max = 0.00879857 (R_Thigh_Lateral)
[2026-08-14 12:27:43.340] [info] Frame 128 (t = 1.28):	 total squared error = 0.000345403, marker error: RMS = 0.00371700, max = 0.00765169 (R_Thigh_Lateral)
[2026-08-14 12:27:43.365] [info] Frame 129 (t = 1.29):	 total squared error = 0.000332676, marker error: RMS = 0.00364788, max = 0.00729106 (Sternum)
[2026-08-14 12:27:43.382] [info] Frame 130 (t = 1.3):	 total squared error = 0.000340888, marker error: RMS = 0.00369263, max = 0.00771486 (Sternum)
[2026-08-14 12:27:43.412] [info] Frame 131 (t = 1.31):	 total squared error = 0.000360893, marker error: RMS = 0.00379944, max = 0.00810898 (Sternum)
[2026-08-14 12:27:43.424] [info] Frame 132 (t = 1.32):	 total squared error = 0.000415195, marker error: RMS = 0.00407527, max = 0.00864421 (R_Thigh_Lateral)
[2026-08-14 12:27:43.446] [info] Frame 133 (t = 1.33):	 total squared error = 0.000455220, marker error: RMS = 0.00426718, max = 0.00959520 (R_Thigh_Lateral)
[2026-08-14 12:27:43.478] [info] Frame 134 (t = 1.34):	 total squared error = 0.000491233, marker error: RMS = 0.00443275, max = 0.0101288 (R_Thigh_Lateral)
[2026-08-14 12:27:43.491] [info] Frame 135 (t = 1.35):	 total squared error = 0.000515035, marker error: RMS = 0.00453888, max = 0.0102608 (R_Thigh_Lateral)
[2026-08-14 12:27:43.503] [info] Frame 136 (t = 1.36):	 total squared error = 0.000518238, marker error: RMS = 0.00455297, max = 0.00956547 (R_Thigh_Lateral)
[2026-08-14 12:27:43.536] [info] Frame 137 (t = 1.37):	 total squared error = 0.000487640, marker error: RMS = 0.00441651, max = 0.00982315 (Sternum)
[2026-08-14 12:27:43.553] [info] Frame 138 (t = 1.38):	 total squared error = 0.000465470, marker error: RMS = 0.00431495, max = 0.00984798 (Sternum)
[2026-08-14 12:27:43.570] [info] Frame 139 (t = 1.39):	 total squared error = 0.000447624, marker error: RMS = 0.00423142, max = 0.00980745 (Sternum)
[2026-08-14 12:27:43.591] [info] Frame 140 (t = 1.4):	 total squared error = 0.000438667, marker error: RMS = 0.00418888, max = 0.00978640 (Sternum)
[2026-08-14 12:27:43.621] [info] Frame 141 (t = 1.41):	 total squared error = 0.000434305, marker error: RMS = 0.00416800, max = 0.00979435 (Sternum)
[2026-08-14 12:27:43.662] [info] Frame 142 (t = 1.42):	 total squared error = 0.000427070, marker error: RMS = 0.00413314, max = 0.00953299 (Sternum)
[2026-08-14 12:27:43.684] [info] Frame 143 (t = 1.43):	 total squared error = 0.000438367, marker error: RMS = 0.00418744, max = 0.00938328 (Sternum)
[2026-08-14 12:27:43.728] [info] Frame 144 (t = 1.44):	 total squared error = 0.000440621, marker error: RMS = 0.00419819, max = 0.00924952 (Sternum)
[2026-08-14 12:27:43.752] [info] Frame 145 (t = 1.45):	 total squared error = 0.000455695, marker error: RMS = 0.00426940, max = 0.00902822 (Sternum)
[2026-08-14 12:27:43.786] [info] Frame 146 (t = 1.46):	 total squared error = 0.000465860, marker error: RMS = 0.00431676, max = 0.00882479 (Sternum)
[2026-08-14 12:27:43.804] [info] Frame 147 (t = 1.47):	 total squared error = 0.000477092, marker error: RMS = 0.00436849, max = 0.00852517 (Sternum)
[2026-08-14 12:27:43.847] [info] Frame 148 (t = 1.48):	 total squared error = 0.000474581, marker error: RMS = 0.00435698, max = 0.00837147 (Sternum)
[2026-08-14 12:27:43.875] [info] Frame 149 (t = 1.49):	 total squared error = 0.000473607, marker error: RMS = 0.00435250, max = 0.00812041 (Sternum)
[2026-08-14 12:27:43.898] [info] Frame 150 (t = 1.5):	 total squared error = 0.000469664, marker error: RMS = 0.00433435, max = 0.00781294 (Sternum)
[2026-08-14 12:27:43.933] [info] Frame 151 (t = 1.51):	 total squared error = 0.000459584, marker error: RMS = 0.00428758, max = 0.00755469 (Sternum)
[2026-08-14 12:27:43.959] [info] Frame 152 (t = 1.52):	 total squared error = 0.000447986, marker error: RMS = 0.00423314, max = 0.00731110 (Sternum)
[2026-08-14 12:27:43.988] [info] Frame 153 (t = 1.53):	 total squared error = 0.000434123, marker error: RMS = 0.00416712, max = 0.00694574 (Sternum)
[2026-08-14 12:27:44.013] [info] Frame 154 (t = 1.54):	 total squared error = 0.000421101, marker error: RMS = 0.00410415, max = 0.00666871 (L_Thigh_Lateral)
[2026-08-14 12:27:44.053] [info] Frame 155 (t = 1.55):	 total squared error = 0.000407739, marker error: RMS = 0.00403851, max = 0.00725807 (L_Thigh_Lateral)
[2026-08-14 12:27:44.075] [info] Frame 156 (t = 1.56):	 total squared error = 0.000398299, marker error: RMS = 0.00399148, max = 0.00812950 (L_Thigh_Lateral)
[2026-08-14 12:27:44.092] [info] Frame 157 (t = 1.57):	 total squared error = 0.000400732, marker error: RMS = 0.00400366, max = 0.00878687 (L_Thigh_Lateral)
[2026-08-14 12:27:44.118] [info] Frame 158 (t = 1.58):	 total squared error = 0.000382235, marker error: RMS = 0.00391017, max = 0.00881474 (L_Thigh_Lateral)
[2026-08-14 12:27:44.137] [info] Frame 159 (t = 1.59):	 total squared error = 0.000380918, marker error: RMS = 0.00390342, max = 0.00904937 (L_Thigh_Lateral)
[2026-08-14 12:27:44.177] [info] Frame 160 (t = 1.6):	 total squared error = 0.000375915, marker error: RMS = 0.00387770, max = 0.00916440 (L_Thigh_Lateral)
[2026-08-14 12:27:44.201] [info] Frame 161 (t = 1.61):	 total squared error = 0.000375228, marker error: RMS = 0.00387416, max = 0.00925739 (L_Thigh_Lateral)
[2026-08-14 12:27:44.220] [info] Frame 162 (t = 1.62):	 total squared error = 0.000376708, marker error: RMS = 0.00388179, max = 0.00938506 (L_Thigh_Lateral)
[2026-08-14 12:27:44.256] [info] Frame 163 (t = 1.63):	 total squared error = 0.000371276, marker error: RMS = 0.00385371, max = 0.00998336 (L_Thigh_Lateral)
[2026-08-14 12:27:44.280] [info] Frame 164 (t = 1.64):	 total squared error = 0.000370438, marker error: RMS = 0.00384935, max = 0.0100543 (L_Thigh_Lateral)
[2026-08-14 12:27:44.316] [info] Frame 165 (t = 1.65):	 total squared error = 0.000368894, marker error: RMS = 0.00384132, max = 0.0107783 (L_Thigh_Lateral)
[2026-08-14 12:27:44.337] [info] Frame 166 (t = 1.66):	 total squared error = 0.000380085, marker error: RMS = 0.00389916, max = 0.0108927 (L_Thigh_Lateral)
[2026-08-14 12:27:44.358] [info] Frame 167 (t = 1.67):	 total squared error = 0.000401387, marker error: RMS = 0.00400693, max = 0.0111523 (L_Thigh_Lateral)
[2026-08-14 12:27:44.370] [info] Frame 168 (t = 1.68):	 total squared error = 0.000448824, marker error: RMS = 0.00423709, max = 0.0121758 (L_Shank_Lateral)
[2026-08-14 12:27:44.411] [info] Frame 169 (t = 1.69):	 total squared error = 0.000455943, marker error: RMS = 0.00427057, max = 0.0124448 (L_Thigh_Lateral)
[2026-08-14 12:27:44.430] [info] Frame 170 (t = 1.7):	 total squared error = 0.000499064, marker error: RMS = 0.00446795, max = 0.0131228 (L_Shank_Lateral)
[2026-08-14 12:27:44.462] [info] Frame 171 (t = 1.71):	 total squared error = 0.000527492, marker error: RMS = 0.00459344, max = 0.0137196 (L_Shank_Lateral)
[2026-08-14 12:27:44.496] [info] Frame 172 (t = 1.72):	 total squared error = 0.000554129, marker error: RMS = 0.00470799, max = 0.0140899 (L_Shank_Lateral)
[2026-08-14 12:27:44.514] [info] Frame 173 (t = 1.73):	 total squared error = 0.000584496, marker error: RMS = 0.00483527, max = 0.0142533 (L_Shank_Lateral)
[2026-08-14 12:27:44.541] [info] Frame 174 (t = 1.74):	 total squared error = 0.000584084, marker error: RMS = 0.00483357, max = 0.0143012 (L_Shank_Lateral)
[2026-08-14 12:27:44.558] [info] Frame 175 (t = 1.75):	 total squared error = 0.000592658, marker error: RMS = 0.00486891, max = 0.0142572 (L_Thigh_Lateral)
[2026-08-14 12:27:44.576] [info] Frame 176 (t = 1.76):	 total squared error = 0.000593866, marker error: RMS = 0.00487387, max = 0.0141881 (L_Thigh_Lateral)
[2026-08-14 12:27:44.614] [info] Frame 177 (t = 1.77):	 total squared error = 0.000558495, marker error: RMS = 0.00472650, max = 0.013324 (L_Shank_Lateral)
[2026-08-14 12:27:44.631] [info] Frame 178 (t = 1.78):	 total squared error = 0.000546600, marker error: RMS = 0.00467589, max = 0.0129202 (L_Thigh_Lateral)
[2026-08-14 12:27:44.650] [info] Frame 179 (t = 1.79):	 total squared error = 0.000527690, marker error: RMS = 0.00459430, max = 0.0122336 (L_Thigh_Lateral)
[2026-08-14 12:27:44.688] [info] Frame 180 (t = 1.8):	 total squared error = 0.000493155, marker error: RMS = 0.00444142, max = 0.0113013 (L_Thigh_Lateral)
[2026-08-14 12:27:44.714] [info] Frame 181 (t = 1.81):	 total squared error = 0.000473305, marker error: RMS = 0.00435111, max = 0.0104673 (L_Thigh_Lateral)
[2026-08-14 12:27:44.734] [info] Frame 182 (t = 1.82):	 total squared error = 0.000457009, marker error: RMS = 0.00427555, max = 0.00955111 (L_Thigh_Lateral)
[2026-08-14 12:27:44.759] [info] Frame 183 (t = 1.83):	 total squared error = 0.000438718, marker error: RMS = 0.00418912, max = 0.00876264 (L_Thigh_Lateral)
[2026-08-14 12:27:44.783] [info] Frame 184 (t = 1.84):	 total squared error = 0.000424713, marker error: RMS = 0.00412171, max = 0.00804589 (L_Thigh_Lateral)
[2026-08-14 12:27:44.820] [info] Frame 185 (t = 1.85):	 total squared error = 0.000415342, marker error: RMS = 0.00407599, max = 0.00762737 (Sternum)
[2026-08-14 12:27:44.840] [info] Frame 186 (t = 1.86):	 total squared error = 0.000431883, marker error: RMS = 0.00415636, max = 0.00820459 (Sternum)
[2026-08-14 12:27:44.863] [info] Frame 187 (t = 1.87):	 total squared error = 0.000464546, marker error: RMS = 0.00431066, max = 0.00864910 (Sternum)
[2026-08-14 12:27:44.895] [info] Frame 188 (t = 1.88):	 total squared error = 0.000502905, marker error: RMS = 0.00448511, max = 0.00975713 (L_Thigh_Lateral)
[2026-08-14 12:27:44.921] [info] Frame 189 (t = 1.89):	 total squared error = 0.000563285, marker error: RMS = 0.00474673, max = 0.0111263 (L_Thigh_Lateral)
[2026-08-14 12:27:44.943] [info] Frame 190 (t = 1.9):	 total squared error = 0.000626447, marker error: RMS = 0.00500579, max = 0.0123577 (L_Thigh_Lateral)
[2026-08-14 12:27:44.966] [info] Frame 191 (t = 1.91):	 total squared error = 0.000680589, marker error: RMS = 0.00521762, max = 0.0132722 (L_Thigh_Lateral)
[2026-08-14 12:27:44.978] [info] Frame 192 (t = 1.92):	 total squared error = 0.000730170, marker error: RMS = 0.00540433, max = 0.0140312 (L_Thigh_Lateral)
[2026-08-14 12:27:45.000] [info] Frame 193 (t = 1.93):	 total squared error = 0.000734875, marker error: RMS = 0.00542172, max = 0.013858 (L_Thigh_Lateral)
[2026-08-14 12:27:45.014] [info] Frame 194 (t = 1.94):	 total squared error = 0.000729958, marker error: RMS = 0.00540355, max = 0.0134557 (L_Thigh_Lateral)
[2026-08-14 12:27:45.045] [info] Frame 195 (t = 1.95):	 total squared error = 0.000688987, marker error: RMS = 0.00524971, max = 0.0123871 (L_Thigh_Lateral)
[2026-08-14 12:27:45.062] [info] Frame 196 (t = 1.96):	 total squared error = 0.000646979, marker error: RMS = 0.00508716, max = 0.0112833 (Sternum)
[2026-08-14 12:27:45.075] [info] Frame 197 (t = 1.97):	 total squared error = 0.000604581, marker error: RMS = 0.00491765, max = 0.0112528 (Sternum)
[2026-08-14 12:27:45.111] [info] Frame 198 (t = 1.98):	 total squared error = 0.000545976, marker error: RMS = 0.00467323, max = 0.0110934 (Sternum)
[2026-08-14 12:27:45.136] [info] Frame 199 (t = 1.99):	 total squared error = 0.000504710, marker error: RMS = 0.00449315, max = 0.0108328 (Sternum)
[2026-08-14 12:27:45.157] [info] Frame 200 (t = 2.0):	 total squared error = 0.000471997, marker error: RMS = 0.00434510, max = 0.0105057 (Sternum)
[2026-08-14 12:27:45.196] [info] Frame 201 (t = 2.01):	 total squared error = 0.000433269, marker error: RMS = 0.00416303, max = 0.0101213 (Sternum)
[2026-08-14 12:27:45.214] [info] Frame 202 (t = 2.02):	 total squared error = 0.000410229, marker error: RMS = 0.00405082, max = 0.00972897 (Sternum)
[2026-08-14 12:27:45.238] [info] Frame 203 (t = 2.03):	 total squared error = 0.000392185, marker error: RMS = 0.00396073, max = 0.00928695 (Sternum)
[2026-08-14 12:27:45.257] [info] Frame 204 (t = 2.04):	 total squared error = 0.000382439, marker error: RMS = 0.00391121, max = 0.00880630 (Sternum)
[2026-08-14 12:27:45.296] [info] Frame 205 (t = 2.05):	 total squared error = 0.000357116, marker error: RMS = 0.00377950, max = 0.00860847 (Sternum)
[2026-08-14 12:27:45.321] [info] Frame 206 (t = 2.06):	 total squared error = 0.000354084, marker error: RMS = 0.00376342, max = 0.00826819 (Sternum)
[2026-08-14 12:27:45.349] [info] Frame 207 (t = 2.07):	 total squared error = 0.000359869, marker error: RMS = 0.00379404, max = 0.00794267 (Sternum)
[2026-08-14 12:27:45.375] [info] Frame 208 (t = 2.08):	 total squared error = 0.000370303, marker error: RMS = 0.00384865, max = 0.00765740 (Sternum)
[2026-08-14 12:27:45.416] [info] Frame 209 (t = 2.09):	 total squared error = 0.000378127, marker error: RMS = 0.00388910, max = 0.00753510 (R_Shank_Lateral)
[2026-08-14 12:27:45.445] [info] Frame 210 (t = 2.1):	 total squared error = 0.000378536, marker error: RMS = 0.00389120, max = 0.00757032 (R_Shank_Lateral)
[2026-08-14 12:27:45.483] [info] Frame 211 (t = 2.11):	 total squared error = 0.000371359, marker error: RMS = 0.00385414, max = 0.00738881 (R_Shank_Lateral)
[2026-08-14 12:27:45.511] [info] Frame 212 (t = 2.12):	 total squared error = 0.000358388, marker error: RMS = 0.00378623, max = 0.00671833 (R_Shank_Lateral)
[2026-08-14 12:27:45.549] [info] Frame 213 (t = 2.13):	 total squared error = 0.000346323, marker error: RMS = 0.00372195, max = 0.00682101 (R_Asis)
[2026-08-14 12:27:45.570] [info] Frame 214 (t = 2.14):	 total squared error = 0.000339116, marker error: RMS = 0.00368302, max = 0.00629189 (L_Thigh_Lateral)
[2026-08-14 12:27:45.596] [info] Frame 215 (t = 2.15):	 total squared error = 0.000332635, marker error: RMS = 0.00364766, max = 0.00652890 (L_Thigh_Lateral)
[2026-08-14 12:27:45.630] [info] Frame 216 (t = 2.16):	 total squared error = 0.000323254, marker error: RMS = 0.00359585, max = 0.00657844 (L_Thigh_Lateral)
[2026-08-14 12:27:45.665] [info] Frame 217 (t = 2.17):	 total squared error = 0.000314386, marker error: RMS = 0.00354618, max = 0.00667143 (L_Thigh_Lateral)
[2026-08-14 12:27:45.687] [info] Frame 218 (t = 2.18):	 total squared error = 0.000305323, marker error: RMS = 0.00349470, max = 0.00683412 (L_Thigh_Lateral)
[2026-08-14 12:27:45.713] [info] Frame 219 (t = 2.19):	 total squared error = 0.000294907, marker error: RMS = 0.00343457, max = 0.00675942 (L_Thigh_Lateral)
[2026-08-14 12:27:45.731] [info] Frame 220 (t = 2.2):	 total squared error = 0.000295298, marker error: RMS = 0.00343685, max = 0.00684524 (L_Thigh_Lateral)
[2026-08-14 12:27:45.765] [info] Frame 221 (t = 2.21):	 total squared error = 0.000279111, marker error: RMS = 0.00334132, max = 0.00680425 (L_Thigh_Lateral)
[2026-08-14 12:27:45.783] [info] Frame 222 (t = 2.22):	 total squared error = 0.000277853, marker error: RMS = 0.00333378, max = 0.00677010 (L_Thigh_Lateral)
[2026-08-14 12:27:45.805] [info] Frame 223 (t = 2.23):	 total squared error = 0.000268030, marker error: RMS = 0.00327432, max = 0.00667738 (L_Thigh_Lateral)
[2026-08-14 12:27:45.815] [info] Frame 224 (t = 2.24):	 total squared error = 0.000276422, marker error: RMS = 0.00332519, max = 0.00682314 (R_Thigh_Lateral)
[2026-08-14 12:27:45.838] [info] Frame 225 (t = 2.25):	 total squared error = 0.000257543, marker error: RMS = 0.00320963, max = 0.00703345 (R_Thigh_Lateral)
[2026-08-14 12:27:45.848] [info] Frame 226 (t = 2.26):	 total squared error = 0.000264591, marker error: RMS = 0.00325325, max = 0.00715526 (R_Thigh_Lateral)
[2026-08-14 12:27:45.884] [info] Frame 227 (t = 2.27):	 total squared error = 0.000233375, marker error: RMS = 0.00305532, max = 0.00757389 (R_Thigh_Lateral)
[2026-08-14 12:27:45.902] [info] Frame 228 (t = 2.28):	 total squared error = 0.000231216, marker error: RMS = 0.00304115, max = 0.00764258 (R_Thigh_Lateral)
[2026-08-14 12:27:45.931] [info] Frame 229 (t = 2.29):	 total squared error = 0.000225514, marker error: RMS = 0.00300343, max = 0.00752247 (R_Thigh_Lateral)
[2026-08-14 12:27:45.948] [info] Frame 230 (t = 2.3):	 total squared error = 0.000236081, marker error: RMS = 0.00307299, max = 0.00764519 (R_Thigh_Lateral)
[2026-08-14 12:27:45.980] [info] Frame 231 (t = 2.31):	 total squared error = 0.000227346, marker error: RMS = 0.00301560, max = 0.00751867 (R_Thigh_Lateral)
[2026-08-14 12:27:46.019] [info] Frame 232 (t = 2.32):	 total squared error = 0.000236158, marker error: RMS = 0.00307349, max = 0.00755042 (R_Thigh_Lateral)
[2026-08-14 12:27:46.035] [info] Frame 233 (t = 2.33):	 total squared error = 0.000262217, marker error: RMS = 0.00323863, max = 0.00797838 (R_Thigh_Lateral)
[2026-08-14 12:27:46.075] [info] Frame 234 (t = 2.34):	 total squared error = 0.000273314, marker error: RMS = 0.00330644, max = 0.00809362 (R_Thigh_Lateral)
[2026-08-14 12:27:46.091] [info] Frame 235 (t = 2.35):	 total squared error = 0.000313523, marker error: RMS = 0.00354132, max = 0.00882813 (R_Thigh_Lateral)
[2026-08-14 12:27:46.110] [info] Frame 236 (t = 2.36):	 total squared error = 0.000356704, marker error: RMS = 0.00377732, max = 0.00970741 (R_Thigh_Lateral)
[2026-08-14 12:27:46.147] [info] Frame 237 (t = 2.37):	 total squared error = 0.000371894, marker error: RMS = 0.00385691, max = 0.00980164 (R_Thigh_Lateral)
[2026-08-14 12:27:46.184] [info] Frame 238 (t = 2.38):	 total squared error = 0.000408137, marker error: RMS = 0.00404048, max = 0.0102895 (R_Thigh_Lateral)
[2026-08-14 12:27:46.206] [info] Frame 239 (t = 2.39):	 total squared error = 0.000445576, marker error: RMS = 0.00422174, max = 0.0108572 (R_Thigh_Lateral)
[2026-08-14 12:27:46.234] [info] Frame 240 (t = 2.4):	 total squared error = 0.000465018, marker error: RMS = 0.00431285, max = 0.0109669 (R_Thigh_Lateral)
[2026-08-14 12:27:46.253] [info] Frame 241 (t = 2.41):	 total squared error = 0.000490783, marker error: RMS = 0.00443073, max = 0.0108464 (R_Thigh_Lateral)
[2026-08-14 12:27:46.289] [info] Frame 242 (t = 2.42):	 total squared error = 0.000472880, marker error: RMS = 0.00434916, max = 0.0104267 (R_Thigh_Lateral)
[2026-08-14 12:27:46.311] [info] Frame 243 (t = 2.43):	 total squared error = 0.000464185, marker error: RMS = 0.00430899, max = 0.00975271 (R_Thigh_Lateral)
[2026-08-14 12:27:46.344] [info] Frame 244 (t = 2.44):	 total squared error = 0.000441063, marker error: RMS = 0.00420030, max = 0.00873760 (R_Thigh_Lateral)
[2026-08-14 12:27:46.365] [info] Frame 245 (t = 2.45):	 total squared error = 0.000427441, marker error: RMS = 0.00413493, max = 0.00856538 (Sternum)
[2026-08-14 12:27:46.398] [info] Frame 246 (t = 2.46):	 total squared error = 0.000415665, marker error: RMS = 0.00407757, max = 0.00891318 (Sternum)
[2026-08-14 12:27:46.429] [info] Frame 247 (t = 2.47):	 total squared error = 0.000421294, marker error: RMS = 0.00410509, max = 0.00917852 (Sternum)
[2026-08-14 12:27:46.445] [info] Frame 248 (t = 2.48):	 total squared error = 0.000441791, marker error: RMS = 0.00420376, max = 0.00931547 (Sternum)
[2026-08-14 12:27:46.461] [info] Frame 249 (t = 2.49):	 total squared error = 0.000476537, marker error: RMS = 0.00436595, max = 0.00912478 (Sternum)
[2026-08-14 12:27:46.495] [info] Frame 250 (t = 2.5):	 total squared error = 0.000488290, marker error: RMS = 0.00441946, max = 0.00970030 (Sternum)
[2026-08-14 12:27:46.506] [info] Frame 251 (t = 2.51):	 total squared error = 0.000508211, marker error: RMS = 0.00450871, max = 0.00950071 (Sternum)
[2026-08-14 12:27:46.527] [info] Frame 252 (t = 2.52):	 total squared error = 0.000500307, marker error: RMS = 0.00447351, max = 0.00974398 (Sternum)
[2026-08-14 12:27:46.546] [info] Frame 253 (t = 2.53):	 total squared error = 0.000484069, marker error: RMS = 0.00440031, max = 0.00982130 (Sternum)
[2026-08-14 12:27:46.557] [info] Frame 254 (t = 2.54):	 total squared error = 0.000468528, marker error: RMS = 0.00432910, max = 0.00954829 (Sternum)
[2026-08-14 12:27:46.575] [info] Frame 255 (t = 2.55):	 total squared error = 0.000444383, marker error: RMS = 0.00421608, max = 0.00972659 (Sternum)
[2026-08-14 12:27:46.599] [info] Frame 256 (t = 2.56):	 total squared error = 0.000428243, marker error: RMS = 0.00413881, max = 0.00976828 (Sternum)
[2026-08-14 12:27:46.610] [info] Frame 257 (t = 2.57):	 total squared error = 0.000436260, marker error: RMS = 0.00417737, max = 0.00941989 (Sternum)
[2026-08-14 12:27:46.658] [info] Frame 258 (t = 2.58):	 total squared error = 0.000412199, marker error: RMS = 0.00406054, max = 0.00922916 (Sternum)
[2026-08-14 12:27:46.705] [info] Frame 259 (t = 2.59):	 total squared error = 0.000414762, marker error: RMS = 0.00407314, max = 0.00900169 (Sternum)
[2026-08-14 12:27:46.731] [info] Frame 260 (t = 2.6):	 total squared error = 0.000422581, marker error: RMS = 0.00411136, max = 0.00874246 (Sternum)
[2026-08-14 12:27:46.777] [info] Frame 261 (t = 2.61):	 total squared error = 0.000421764, marker error: RMS = 0.00410738, max = 0.00842415 (Sternum)
[2026-08-14 12:27:46.801] [info] Frame 262 (t = 2.62):	 total squared error = 0.000425304, marker error: RMS = 0.00412458, max = 0.00817818 (Sternum)
[2026-08-14 12:27:46.826] [info] Frame 263 (t = 2.63):	 total squared error = 0.000426223, marker error: RMS = 0.00412904, max = 0.00789115 (Sternum)
[2026-08-14 12:27:46.845] [info] Frame 264 (t = 2.64):	 total squared error = 0.000431985, marker error: RMS = 0.00415685, max = 0.00759510 (Sternum)
[2026-08-14 12:27:46.864] [info] Frame 265 (t = 2.65):	 total squared error = 0.000436469, marker error: RMS = 0.00417837, max = 0.00739576 (Sternum)
[2026-08-14 12:27:46.910] [info] Frame 266 (t = 2.66):	 total squared error = 0.000427724, marker error: RMS = 0.00413630, max = 0.00698667 (Sternum)
[2026-08-14 12:27:46.936] [info] Frame 267 (t = 2.67):	 total squared error = 0.000435549, marker error: RMS = 0.00417396, max = 0.00678859 (Sternum)
[2026-08-14 12:27:46.960] [info] Frame 268 (t = 2.68):	 total squared error = 0.000441624, marker error: RMS = 0.00420297, max = 0.00659515 (Sternum)
[2026-08-14 12:27:46.996] [info] Frame 269 (t = 2.69):	 total squared error = 0.000441264, marker error: RMS = 0.00420126, max = 0.00634132 (L_Asis)
[2026-08-14 12:27:47.023] [info] Frame 270 (t = 2.7):	 total squared error = 0.000434393, marker error: RMS = 0.00416842, max = 0.00711011 (L_Thigh_Lateral)
[2026-08-14 12:27:47.040] [info] Frame 271 (t = 2.71):	 total squared error = 0.000432508, marker error: RMS = 0.00415936, max = 0.00826638 (L_Thigh_Lateral)
[2026-08-14 12:27:47.067] [info] Frame 272 (t = 2.72):	 total squared error = 0.000400502, marker error: RMS = 0.00400251, max = 0.00834054 (L_Thigh_Lateral)
[2026-08-14 12:27:47.090] [info] Frame 273 (t = 2.73):	 total squared error = 0.000378500, marker error: RMS = 0.00389101, max = 0.00858674 (L_Thigh_Lateral)
[2026-08-14 12:27:47.117] [info] Frame 274 (t = 2.74):	 total squared error = 0.000352795, marker error: RMS = 0.00375657, max = 0.00846293 (L_Thigh_Lateral)
[2026-08-14 12:27:47.150] [info] Frame 275 (t = 2.75):	 total squared error = 0.000328085, marker error: RMS = 0.00362262, max = 0.00813166 (L_Thigh_Lateral)
[2026-08-14 12:27:47.170] [info] Frame 276 (t = 2.76):	 total squared error = 0.000307023, marker error: RMS = 0.00350442, max = 0.00791301 (L_Thigh_Lateral)
[2026-08-14 12:27:47.189] [info] Frame 277 (t = 2.77):	 total squared error = 0.000283572, marker error: RMS = 0.00336792, max = 0.00744202 (L_Thigh_Lateral)
[2026-08-14 12:27:47.209] [info] Frame 278 (t = 2.78):	 total squared error = 0.000266062, marker error: RMS = 0.00326228, max = 0.00713435 (L_Thigh_Lateral)
[2026-08-14 12:27:47.238] [info] Frame 279 (t = 2.79):	 total squared error = 0.000251857, marker error: RMS = 0.00317400, max = 0.00700335 (L_Thigh_Lateral)
[2026-08-14 12:27:47.256] [info] Frame 280 (t = 2.8):	 total squared error = 0.000250332, marker error: RMS = 0.00316438, max = 0.00699833 (L_Thigh_Lateral)
[2026-08-14 12:27:47.275] [info] Frame 281 (t = 2.81):	 total squared error = 0.000249820, marker error: RMS = 0.00316114, max = 0.00703878 (L_Thigh_Lateral)
[2026-08-14 12:27:47.313] [info] Frame 282 (t = 2.82):	 total squared error = 0.000247933, marker error: RMS = 0.00314918, max = 0.00745083 (L_Thigh_Lateral)
[2026-08-14 12:27:47.334] [info] Frame 283 (t = 2.83):	 total squared error = 0.000268511, marker error: RMS = 0.00327726, max = 0.00778209 (L_Thigh_Lateral)
[2026-08-14 12:27:47.354] [info] Frame 284 (t = 2.84):	 total squared error = 0.000302916, marker error: RMS = 0.00348090, max = 0.00820925 (L_Thigh_Lateral)
[2026-08-14 12:27:47.388] [info] Frame 285 (t = 2.85):	 total squared error = 0.000329129, marker error: RMS = 0.00362838, max = 0.00903906 (L_Thigh_Lateral)
[2026-08-14 12:27:47.429] [info] Frame 286 (t = 2.86):	 total squared error = 0.000373444, marker error: RMS = 0.00386494, max = 0.00972110 (L_Thigh_Lateral)
[2026-08-14 12:27:47.459] [info] Frame 287 (t = 2.87):	 total squared error = 0.000428544, marker error: RMS = 0.00414026, max = 0.0103483 (L_Thigh_Lateral)
[2026-08-14 12:27:47.475] [info] Frame 288 (t = 2.88):	 total squared error = 0.000505986, marker error: RMS = 0.00449883, max = 0.0114017 (L_Thigh_Lateral)
[2026-08-14 12:27:47.501] [info] Frame 289 (t = 2.89):	 total squared error = 0.000561908, marker error: RMS = 0.00474092, max = 0.012176 (L_Shank_Lateral)
[2026-08-14 12:27:47.549] [info] Frame 290 (t = 2.9):	 total squared error = 0.000609172, marker error: RMS = 0.00493628, max = 0.0127069 (L_Shank_Lateral)
[2026-08-14 12:27:47.585] [info] Frame 291 (t = 2.91):	 total squared error = 0.000670513, marker error: RMS = 0.00517885, max = 0.0132002 (L_Shank_Lateral)
[2026-08-14 12:27:47.592] [info] InverseKinematicsTool completed 292 frames in 8 second(s).
[2026-08-14 12:27:47.646] [info] Loaded model SUBJ59-scaled from file C:\Users\migue\Downloads\TFG\2_JMP\SUBJ59\Walk_1\SUBJ59_1_JMP_results\SUBJ59_1_NMSM_JMP_08_wrist_axis_FINAL.osim
[2026-08-14 12:27:48.304] [warning] Coordinate.setValue:  coordinate pro_sup_r is locked. Unable to change its value.
[2026-08-14 12:27:48.347] [warning] Coordinate.setValue:  coordinate pro_sup_l is locked. Unable to change its value.
