Coordinates
version=1
nRows=355
nColumns=42
inDegrees=yes

Units are S.I. units (second, meters, Newtons, ...)
If the header above contains a line with 'inDegrees', this indicates whether rotational values are in degrees (yes) or radians (no).

endheader
time	pelvis_tilt	pelvis_list	pelvis_rotation	pelvis_tx	pelvis_ty	pelvis_tz	hip_flexion_r	hip_adduction_r	hip_rotation_r	knee_angle_r	knee_adduction_r	knee_angle_r_beta	ankle_angle_r	subtalar_angle_r	mtp_angle_r	hip_flexion_l	hip_adduction_l	hip_rotation_l	knee_angle_l	knee_adduction_l	knee_angle_l_beta	ankle_angle_l	subtalar_angle_l	mtp_angle_l	lumbar_extension	lumbar_bending	lumbar_rotation	arm_flex_r	arm_add_r	arm_rot_r	elbow_flex_r	pro_sup_r	wrist_flex_r	wrist_dev_r	arm_flex_l	arm_add_l	arm_rot_l	elbow_flex_l	pro_sup_l	wrist_flex_l	wrist_dev_l
      0.00000000	     22.96758633	     -1.73960696	      7.44081355	     -2.59093722	      0.90915628	      0.16840714	    -29.77409870	      9.64438306	    -39.62467484	     14.43233311	     -4.02484959	      0.25189173	     35.05967008	     38.29038326	     -9.45782673	      5.51911491	     -3.21262088	    -16.15118472	     31.56099765	    -10.07490950	      0.55084332	     22.67972909	     23.99642418	     -9.45782673	    -50.32520864	      7.79482006	      2.49483972	     11.97469990	    -18.69291140	      8.34973886	     45.91040407	     90.00000001	      0.00000000	      0.00000000	      3.40870581	    -10.93683864	     -2.93638736	     44.49410905	     90.00000001	      0.00000000	      0.00000000
      0.01000000	     22.39638769	     -2.33928657	      7.66565073	     -2.58010946	      0.90612848	      0.16767910	    -29.80010991	     10.49737420	    -39.65453143	     14.35687440	     -4.30353747	      0.25057473	     35.45840008	     38.31677708	     -9.42978122	      7.24897253	     -3.51350021	    -15.35104517	     29.68345860	     -9.18355002	      0.51807409	     21.79335526	     24.84526808	     -9.42978122	    -49.73474970	      8.35001669	      2.86011545	     12.48939986	    -19.00693647	      7.99478049	     46.21554694	     90.00000001	      0.00000000	      0.00000000	      2.85157970	    -10.66777519	     -3.20035020	     43.99320241	     90.00000001	      0.00000000	      0.00000000
      0.02000000	     21.83111895	     -2.90284217	      7.92637456	     -2.56903831	      0.90307592	      0.16682567	    -29.81854138	     11.33235948	    -39.67364309	     14.33171087	     -4.61567537	      0.25013554	     35.76287876	     38.22838629	     -9.39869768	      8.87864872	     -3.77460856	    -14.56607723	     27.86766065	     -8.29307837	      0.48638243	     20.93915351	     25.94483258	     -9.39869768	    -49.11359490	      8.90322301	      3.12069508	     12.94617775	    -19.21490926	      7.39439981	     46.54239233	     90.00000001	      0.00000000	      0.00000000	      2.31261146	    -10.33542881	     -3.68908677	     43.32894064	     90.00000001	      0.00000000	      0.00000000
      0.03000000	     21.30586900	     -3.47667907	      8.13015396	     -2.55782698	      0.90005536	      0.16594610	    -29.83340134	     12.09900878	    -39.68835536	     14.44494758	     -4.95578997	      0.25211190	     36.00613241	     38.11436734	     -9.36518701	     10.37615631	     -4.04585032	    -13.91382990	     26.14443191	     -7.48540411	      0.45630642	     20.28663859	     27.01410216	     -9.36518701	    -48.51752825	      9.44411308	      3.39251404	     13.33941671	    -19.38628108	      6.70366888	     46.86601246	     90.00000001	      0.00000000	      0.00000000	      1.79669044	     -9.98940417	     -4.22306717	     42.65116913	     90.00000001	      0.00000000	      0.00000000
      0.04000000	     20.81893453	     -3.96617995	      8.26333975	     -2.54639221	      0.89716896	      0.16510160	    -29.84514309	     12.71568019	    -39.70292893	     14.71157092	     -5.35968724	      0.25676535	     36.18547010	     38.00559346	     -9.32614859	     11.68082630	     -4.22525979	    -13.42151072	     24.48877187	     -6.78988887	      0.42740970	     19.76976540	     28.36334693	     -9.32614859	    -47.94275243	      9.86352961	      3.62157918	     13.64199578	    -19.45931168	      5.79491256	     47.20470240	     90.00000001	      0.00000000	      0.00000000	      1.31911968	     -9.59675182	     -4.93795579	     41.85556559	     90.00000001	      0.00000000	      0.00000000
      0.05000000	     20.39820018	     -4.42691456	      8.29536147	     -2.53479432	      0.89445972	      0.16432229	    -29.85375233	     13.20652252	    -39.71320113	     15.18107706	     -5.85500132	      0.26495978	     36.36686194	     37.95247531	     -9.28406737	     12.79743567	     -4.38543801	    -13.03899471	     23.01678307	     -6.20330776	      0.40171865	     19.45857496	     29.47948688	     -9.28406737	    -47.43208119	     10.19740923	      3.90440421	     13.84933305	    -19.54112210	      5.03079074	     47.50233166	     90.00000001	      0.00000000	      0.00000000	      0.85555497	     -9.23594378	     -5.52014176	     41.12446517	     90.00000001	      0.00000000	      0.00000000
      0.06000000	     20.03352425	     -4.85298718	      8.21752588	     -2.52310087	      0.89196007	      0.16359956	    -29.85996616	     13.53184169	    -39.71856341	     15.86715055	     -6.36880835	      0.27693402	     36.50151069	     37.89550381	     -9.25526044	     13.75298917	     -4.52745829	    -12.82277267	     21.81545102	     -5.78037267	      0.38075145	     19.29732816	     30.51492473	     -9.25526044	    -46.99558444	     10.44694354	      4.20359558	     14.01587363	    -19.65699350	      4.35517506	     47.77502917	     90.00000001	      0.00000000	      0.00000000	      0.41515583	     -8.90395838	     -6.01508973	     40.41816505	     90.00000001	      0.00000000	      0.00000000
      0.07000000	     19.68901426	     -5.07143207	      7.94818255	     -2.51102900	      0.88972413	      0.16287865	    -29.86587320	     13.45894577	    -39.72572224	     16.77767545	     -6.91238554	      0.29282568	     36.65962618	     37.87525935	     -9.21223480	     14.49039541	     -4.44804764	    -13.01209736	     20.80696131	     -5.59856930	      0.36314998	     19.22745973	     31.81588702	     -9.21223480	    -46.57029619	     10.41830903	      4.43822304	     14.06533942	    -19.62385290	      3.42644401	     48.13506084	     90.00000001	      0.00000000	      0.00000000	      0.02162266	     -8.46830193	     -6.82494760	     39.51946088	     90.00000001	      0.00000000	      0.00000000
      0.08000000	     19.40753591	     -5.30834264	      7.66789603	     -2.49879485	      0.88764014	      0.16239138	    -29.87067101	     13.36962491	    -39.72979872	     17.85907923	     -7.51328267	      0.31169973	     36.72482067	     37.92863064	     -9.17063438	     15.13694414	     -4.44882206	    -13.21206376	     20.25473049	     -5.52840987	      0.35351174	     19.29013605	     32.57992958	     -9.17063438	    -46.18264168	     10.36868851	      4.67922760	     14.06451352	    -19.64527319	      2.87384002	     48.37815108	     90.00000001	      0.00000000	      0.00000000	     -0.38758547	     -8.21742396	     -7.39511132	     38.80755099	     90.00000001	      0.00000000	      0.00000000
      0.09000000	     19.13149966	     -5.51425798	      7.37259585	     -2.48629907	      0.88572967	      0.16179564	    -29.87410671	     13.18273188	    -39.73266154	     19.00115767	     -8.09280745	      0.33163276	     36.60212634	     38.01552129	     -9.14173197	     15.67330016	     -4.39643815	    -13.17426609	     20.04444297	     -5.54375370	      0.34984153	     19.35851090	     32.98247771	     -9.14173197	    -45.78378211	     10.28291764	      4.88815143	     13.98135253	    -19.67237927	      2.50491157	     48.54840213	     90.00000001	      0.00000000	      0.00000000	     -0.80549359	     -7.99781482	     -7.75151698	     38.12691302	     90.00000001	      0.00000000	      0.00000000
      0.10000000	     18.87539217	     -5.65870340	      7.14571885	     -2.47363959	      0.88395832	      0.16120043	    -29.87832439	     13.08136287	    -39.73316679	     20.01129512	     -8.89911032	      0.34926299	     36.34307090	     38.03138611	     -9.13006415	     16.14446146	     -4.23155648	    -12.90836676	     20.22606985	     -5.73697324	      0.35301151	     19.31501035	     33.06473164	     -9.13006415	    -45.38462383	     10.17057146	      4.91525122	     13.91771092	    -19.63244631	      2.32788355	     48.65632069	     90.00000001	      0.00000000	      0.00000000	     -1.28778771	     -7.90231835	     -7.91369648	     37.64413070	     90.00000001	      0.00000000	      0.00000000
      0.11000000	     18.63315930	     -5.56707152	      6.59116661	     -2.46033611	      0.88252342	      0.16052285	    -29.88342470	     12.27444732	    -39.73516336	     21.52717403	     -9.42018390	      0.37572007	     36.01668878	     38.17981469	     -9.09458324	     16.36939446	     -3.86153932	    -13.34544260	     20.61929449	     -6.18515926	      0.35987458	     19.34139328	     33.28985785	     -9.09458324	    -44.97305863	      9.71436341	      5.09986839	     13.58529837	    -19.57867012	      1.78319882	     48.81345697	     90.00000001	      0.00000000	      0.00000000	     -1.56879887	     -7.61136429	     -8.60111657	     36.64361870	     90.00000001	      0.00000000	      0.00000000
      0.12000000	     18.38623341	     -5.50115491	      6.23460074	     -2.44688838	      0.88116026	      0.15968210	    -29.88763958	     11.67933593	    -39.73691814	     22.85642476	    -10.01994041	      0.39891987	     35.45945553	     38.26943127	     -9.06183463	     16.62791015	     -3.48425463	    -13.38120936	     21.40546136	     -6.68151970	      0.37359578	     19.17733221	     33.28035259	     -9.06183463	    -44.51475677	      9.37361899	      5.07763074	     13.27501306	    -19.48872508	      1.49625307	     48.79082865	     90.00000001	      0.00000000	      0.00000000	     -1.93565220	     -7.45154662	     -9.09012149	     35.93164150	     90.00000001	      0.00000000	      0.00000000
      0.13000000	     18.13850747	     -5.37014239	      5.97512585	     -2.43318558	      0.87994696	      0.15869395	    -29.89187071	     11.08515690	    -39.73840348	     24.14294203	    -10.60780931	      0.42137383	     34.62690204	     38.32382926	     -9.04005998	     16.84961456	     -3.00185288	    -13.21946339	     22.47931951	     -7.25984441	      0.39233814	     18.91763812	     33.02780370	     -9.04005998	    -44.02165711	      9.03057448	      4.93056104	     12.89426122	    -19.35150618	      1.30642042	     48.69728884	     90.00000001	      0.00000000	      0.00000000	     -2.29295622	     -7.37273755	     -9.38378205	     35.26884061	     90.00000001	      0.00000000	      0.00000000
      0.14000000	     17.90499406	     -5.13013413	      5.73496607	     -2.41920833	      0.87898709	      0.15764647	    -29.89565903	     10.38625747	    -39.74026135	     25.45899606	    -11.17657043	      0.44434331	     33.51130665	     38.36217410	     -9.02048968	     17.01063131	     -2.41340490	    -13.13665859	     23.78032996	     -7.92664618	      0.41504505	     18.61602737	     32.60345829	     -9.02048968	    -43.51972957	      8.59195668	      4.70155721	     12.41776673	    -19.16157063	      1.10907680	     48.53063286	     90.00000001	      0.00000000	      0.00000000	     -2.59378203	     -7.34309200	     -9.67500194	     34.57034183	     90.00000001	      0.00000000	      0.00000000
      0.15000000	     17.71673179	     -4.77162951	      5.40390911	     -2.40502468	      0.87841505	      0.15658952	    -29.89909441	      9.51986048	    -39.74192832	     26.81858022	    -11.80828865	      0.46807253	     32.00206201	     38.39211493	     -8.99589992	     17.04260003	     -1.73234003	    -13.26160423	     25.20169982	     -8.67790624	      0.43985264	     18.34834372	     32.05502111	     -8.99589992	    -43.07752759	      8.00248668	      4.49345851	     11.88417277	    -18.94050104	      0.82119929	     48.28032463	     90.00000001	      0.00000000	      0.00000000	     -2.78943111	     -7.28716064	    -10.11822184	     33.81564570	     90.00000001	      0.00000000	      0.00000000
      0.16000000	     17.54110922	     -4.31475790	      5.23448682	     -2.39073401	      0.87803910	      0.15532424	    -29.90146731	      8.62635009	    -39.74620391	     28.20370351	    -12.29591787	      0.49224749	     30.29340891	     38.35768516	     -8.97971626	     17.05480689	     -0.96055042	    -13.19405838	     26.76677544	     -9.33608864	      0.46716836	     18.16681817	     31.46607395	     -8.97971626	    -42.62871343	      7.41042896	      4.08613931	     11.28687260	    -18.65291743	      0.64140797	     48.00034718	     90.00000001	      0.00000000	      0.00000000	     -2.97544467	     -7.34305427	    -10.39521544	     33.18324581	     90.00000001	      0.00000000	      0.00000000
      0.17000000	     17.48483414	     -3.72277817	      4.89007657	     -2.37648644	      0.87828009	      0.15421126	    -29.90347630	      7.51153361	    -39.75013718	     29.68602095	    -12.91006044	      0.51811881	     27.88131722	     38.25942982	     -8.95433291	     16.76770288	     -0.10435720	    -13.26956532	     28.17791652	     -9.96903571	      0.49179742	     18.07754772	     30.45206265	     -8.95433291	    -42.36819526	      6.58978522	      3.76892894	     10.68226775	    -18.36687250	      0.37067729	     47.66290692	     90.00000001	      0.00000000	      0.00000000	     -3.02715656	     -7.37707192	    -10.79726015	     32.54527865	     90.00000001	      0.00000000	      0.00000000
      0.18000000	     17.49603051	     -2.99918894	      4.57454464	     -2.36230559	      0.87886453	      0.15304489	    -29.90452121	      6.24621473	    -39.75569768	     31.28468589	    -13.44318667	      0.54602077	     25.17941671	     38.07366192	     -8.92774347	     16.28669415	      0.86327449	    -13.19293893	     29.44259792	    -10.42070161	      0.51387027	     18.07721155	     29.29380533	     -8.92774347	    -42.20589815	      5.66897601	      3.34302380	     10.05918653	    -18.05190977	      0.18354677	     47.32460209	     90.00000001	      0.00000000	      0.00000000	     -3.02677885	     -7.49151483	    -11.14393822	     32.02851292	     90.00000001	      0.00000000	      0.00000000
      0.19000000	     17.61382172	     -2.16000546	      4.23196533	     -2.34828180	      0.87988144	      0.15176949	    -29.90466259	      4.78634726	    -39.76101469	     33.04427528	    -13.90372351	      0.57673140	     22.07754371	     37.71578920	     -8.90448823	     15.56118724	      1.92485564	    -13.12262062	     30.50517988	    -10.74837190	      0.53241583	     18.22383398	     28.04309783	     -8.90448823	    -42.19720025	      4.64940243	      2.87990448	      9.42331155	    -17.74354970	      0.08171023	     46.96923845	     90.00000001	      0.00000000	      0.00000000	     -2.95952559	     -7.63920634	    -11.38111028	     31.64546243	     90.00000001	      0.00000000	      0.00000000
      0.20000000	     17.85662463	     -1.01266357	      3.77791540	     -2.33453738	      0.88150310	      0.15051249	    -29.90322202	      2.89771536	    -39.76777208	     35.03676256	    -14.32834480	      0.61150687	     18.76314833	     37.21585071	     -8.84769364	     14.32210904	      3.38188730	    -12.63462247	     30.89967153	    -10.76788704	      0.53930101	     18.05962432	     26.07484721	     -8.84769364	    -42.39778548	      3.29432649	      2.29703131	      8.82202535	    -17.41244183	      0.05954788	     46.66042324	     90.00000001	      0.00000000	      0.00000000	     -2.77897787	     -7.82913068	    -11.73536068	     31.33802933	     90.00000001	      0.00000000	      0.00000000
      0.21000000	     18.19654805	      0.13020139	      3.34034612	     -2.32082693	      0.88330923	      0.14924607	    -29.90038109	      1.01737494	    -39.76978635	     37.08796420	    -14.74947385	      0.64730709	     15.15814859	     36.31328937	     -8.79784030	     12.95979579	      4.75905648	    -12.61704064	     31.15653336	    -10.84808190	      0.54378409	     18.29213862	     24.89970580	     -8.79784030	    -42.70244901	      1.97388358	      1.72050522	      8.17918240	    -17.11711433	      0.15570039	     46.35601831	     90.00000001	      0.00000000	      0.00000000	     -2.60162966	     -8.08552987	    -11.79087487	     31.23049187	     90.00000001	      0.00000000	      0.00000000
      0.22000000	     18.62695583	      1.25885484	      2.95470820	     -2.30718949	      0.88533632	      0.14795053	    -29.89617705	     -0.81634092	    -39.76884589	     39.15424680	    -15.15565924	      0.68337052	     11.33275898	     35.12429467	     -8.77277550	     11.42145324	      6.10280070	    -12.91956727	     31.14754147	    -11.00587975	      0.54362715	     18.92236003	     24.36479742	     -8.77277550	    -43.10944167	      0.71354448	      1.12933137	      7.51423427	    -16.82810847	      0.28843204	     46.07774979	     90.00000001	      0.00000000	      0.00000000	     -2.39650901	     -8.37498517	    -11.73408231	     31.29812274	     90.00000001	      0.00000000	      0.00000000
      0.23000000	     19.12880700	      2.42944823	      2.61273490	     -2.29363635	      0.88748595	      0.14657255	    -29.88826681	     -2.74885008	    -39.76297199	     41.37587254	    -15.40611970	      0.72214521	      7.71325500	     33.83536588	     -8.75456322	      9.67452710	      7.45054089	    -13.22382213	     30.86544348	    -10.98678607	      0.53870361	     19.61580036	     24.24428009	     -8.75456322	    -43.59514498	     -0.53442464	      0.50243854	      6.80937062	    -16.58353984	      0.48343254	     45.81322003	     90.00000001	      0.00000000	      0.00000000	     -2.14333033	     -8.68807913	    -11.61870464	     31.50071218	     90.00000001	      0.00000000	      0.00000000
      0.24000000	     19.74886292	      3.77045082	      2.17858589	     -2.28019298	      0.88997167	      0.14499190	    -29.87967259	     -4.93201547	    -39.75480008	     43.72130663	    -15.67273668	      0.76308075	      4.49059918	     32.04589849	     -8.72345217	      7.51988661	      9.22170388	    -13.77360182	     29.80248639	    -11.37996332	      0.52015151	     19.74362954	     24.41749811	     -8.72345217	    -44.23355339	     -1.90827045	     -0.20425479	      6.10161774	    -16.38642451	      0.90308112	     45.62040458	     90.00000001	      0.00000000	      0.00000000	     -1.88441377	     -9.02233320	    -11.28426964	     31.86861924	     90.00000001	      0.00000000	      0.00000000
      0.25000000	     20.41216813	      4.90652750	      1.92460820	     -2.26687359	      0.89240632	      0.14343435	    -29.86409598	     -6.79220346	    -39.73983565	     46.03651149	    -15.85499751	      0.80348870	      1.86972241	     30.62906492	     -8.68992720	      5.37276918	     10.64066861	    -14.24869622	     28.88311576	    -11.56493593	      0.50410547	     20.27763172	     25.02456750	     -8.68992720	    -44.92355952	     -2.98463181	     -0.91102489	      5.41089783	    -16.22229212	      1.37793819	     45.44427652	     90.00000001	      0.00000000	      0.00000000	     -1.61963649	     -9.38535158	    -10.85880418	     32.37623421	     90.00000001	      0.00000000	      0.00000000
      0.26000000	     21.12793183	      5.83031767	      1.79508786	     -2.25360220	      0.89488411	      0.14189434	    -29.84189521	     -8.30627803	    -39.72076558	     48.18505528	    -16.07228165	      0.84098786	     -0.32698140	     29.82266578	     -8.67204352	      3.13533224	     11.75271948	    -14.56553656	     27.95714514	    -11.59887461	      0.48794423	     21.30118683	     25.84170104	     -8.67204352	    -45.63806229	     -3.76782264	     -1.58863593	      4.71751755	    -16.02755735	      1.78682669	     45.26590229	     90.00000001	      0.00000000	      0.00000000	     -1.32759951	     -9.70203045	    -10.55859083	     32.97708008	     90.00000001	      0.00000000	      0.00000000
      0.27000000	     21.93376938	      6.72770486	      1.65395312	     -2.24050357	      0.89746447	      0.14034318	    -29.81182960	     -9.84524490	    -39.69711096	     50.41367419	    -16.17536433	      0.87988460	     -1.58646927	     29.10234315	     -8.63893127	      0.75208528	     12.86967839	    -15.22011296	     26.77980961	    -11.86503270	      0.46739585	     21.57726939	     27.17252660	     -8.63893127	    -46.46551997	     -4.48546729	     -2.28834280	      4.05328742	    -15.94021739	      2.59067177	     45.14774435	     90.00000001	      0.00000000	      0.00000000	     -1.04886010	    -10.08932665	     -9.86871140	     33.71974282	     90.00000001	      0.00000000	      0.00000000
      0.28000000	     22.79930739	      7.30569969	      1.67686825	     -2.22771821	      0.90026699	      0.13900745	    -29.76068271	    -10.80946756	    -39.67180343	     52.31799016	    -16.39156789	      0.91312119	     -2.25425247	     29.13505645	     -8.62178278	     -1.69695279	     13.47002330	    -15.39084026	     25.78608651	    -11.73805387	      0.45005211	     22.51991877	     28.23815912	     -8.62178278	    -47.38825076	     -4.82011008	     -2.86767556	      3.45419900	    -15.76486094	      3.13967541	     44.98228160	     90.00000001	      0.00000000	      0.00000000	     -0.61672117	    -10.39998749	     -9.48474536	     34.46646303	     90.00000001	      0.00000000	      0.00000000
      0.29000000	     23.71251399	      7.86846862	      1.66128630	     -2.21500729	      0.90307728	      0.13756347	    -29.67616847	    -11.82751267	    -39.65009239	     54.17118291	    -16.51572214	      0.94546550	     -2.12980841	     29.62104040	     -8.59791497	     -4.22845954	     14.09043407	    -15.66935132	     24.65668758	    -11.73205833	      0.43034038	     23.05185808	     29.52984872	     -8.59791497	    -48.35255888	     -5.09974501	     -3.46811179	      2.89536658	    -15.70543453	      3.98111888	     44.84946551	     90.00000001	      0.00000000	      0.00000000	     -0.22164878	    -10.74634951	     -8.86736485	     35.31838270	     90.00000001	      0.00000000	      0.00000000
      0.30000000	     24.66710977	      8.15071856	      1.70479713	     -2.20258734	      0.90603188	      0.13654423	    -29.49305699	    -12.39589176	    -39.62278738	     55.77789584	    -16.73475585	      0.97350793	     -1.44781417	     30.32825228	     -8.57837318	     -6.76542100	     14.22848339	    -15.65332847	     23.71869886	    -11.39272059	      0.41396939	     23.72874394	     30.50626574	     -8.57837318	    -49.36925391	     -5.12406224	     -3.88738088	      2.37426989	    -15.58784803	      4.72797853	     44.66105340	     90.00000001	      0.00000000	      0.00000000	      0.31210326	    -11.04940010	     -8.36527315	     36.10812281	     90.00000001	      0.00000000	      0.00000000
      0.31000000	     25.46822797	      8.43164026	      1.68493001	     -2.19040461	      0.90864087	      0.13543636	    -28.97975717	    -13.09479995	    -39.60247251	     57.41641608	    -16.94471935	      1.00210551	     -0.00720904	     31.68184420	     -8.54046272	     -9.04273374	     14.42606556	    -15.70693193	     22.85787188	    -11.16405789	      0.39894512	     24.06265695	     31.43659208	     -8.54046272	    -50.24118316	     -5.14738704	     -4.32043899	      1.92107463	    -15.61336399	      5.93337714	     44.55166148	     90.00000001	      0.00000000	      0.00000000	      0.79678101	    -11.41629214	     -7.46105761	     37.02440096	     90.00000001	      0.00000000	      0.00000000
      0.32000000	     25.90990946	      8.40885494	      1.65412407	     -2.17889553	      0.91088514	      0.13478876	    -27.66458146	    -13.39600562	    -39.58236736	     59.01930963	    -17.51198873	      1.03008128	      1.32503444	     32.00850583	     -8.52274765	    -10.81540529	     14.24937534	    -15.34825381	     22.18998863	    -10.69006962	      0.38728836	     24.78237316	     31.71075251	     -8.52274765	    -50.82304232	     -4.98766470	     -4.45514316	      1.61037392	    -15.43533751	      6.46529763	     44.21809637	     90.00000001	      0.00000000	      0.00000000	      1.59365422	    -11.58194424	     -7.17989504	     37.63167014	     90.00000001	      0.00000000	      0.00000000
      0.33000000	     25.95423930	      8.58063499	      1.53985821	     -2.16766681	      0.91226356	      0.13385803	    -25.70241279	    -14.14665499	    -39.56080184	     60.94090674	    -18.04689985	      1.06361947	      3.94024513	     32.69528320	     -8.48926941	    -12.05973464	     14.48638020	    -14.93067092	     21.55633153	    -10.45092584	      0.37622896	     25.07195836	     31.70149366	     -8.48926941	    -51.02825554	     -5.04207764	     -4.72986964	      1.36357038	    -15.37481345	      7.52021356	     43.91204349	     90.00000001	      0.00000000	      0.00000000	      2.33634244	    -11.80733760	     -6.58383554	     38.34231157	     90.00000001	      0.00000000	      0.00000000
      0.34000000	     25.93811532	      8.48918774	      1.37938767	     -2.15668698	      0.91368770	      0.13336295	    -23.47220798	    -14.47275493	    -39.54348071	     62.44471619	    -18.80275159	      1.08986590	      5.98066184	     32.66871424	     -8.46936397	    -13.22395034	     14.41280868	    -14.42041071	     20.92187967	    -10.10273919	      0.36515569	     25.60732981	     31.59800084	     -8.46936397	    -51.18549273	     -4.94482173	     -4.76435833	      1.19957333	    -15.20304572	      8.13577144	     43.57012218	     90.00000001	      0.00000000	      0.00000000	      3.23014854	    -11.91238293	     -6.26857520	     38.92275811	     90.00000001	      0.00000000	      0.00000000
      0.35000000	     25.84328548	      8.35079343	      1.25413679	     -2.14573773	      0.91490184	      0.13294856	    -21.11514806	    -14.67674538	    -39.52396048	     63.68787476	    -19.49532061	      1.11156311	      7.92295911	     32.35363534	     -8.45432252	    -14.28201721	     14.23343771	    -13.87667492	     20.33132722	     -9.63970809	      0.35484860	     25.98336057	     31.46302795	     -8.45432252	    -51.25395365	     -4.80782852	     -4.71765902	      0.97939056	    -15.02204857	      8.65834892	     43.28102915	     90.00000001	      0.00000000	      0.00000000	      4.17524780	    -12.00646781	     -6.00598233	     39.56322464	     90.00000001	      0.00000000	      0.00000000
      0.36000000	     25.63539129	      8.52915289	      1.20301678	     -2.13480361	      0.91562137	      0.13193519	    -18.71147799	    -15.34982936	    -39.48489417	     65.00305395	    -19.78750241	      1.13451732	     11.13837839	     31.73606443	     -8.42591784	    -15.19714315	     14.62977165	    -13.11508939	     19.74504787	     -9.59902775	      0.34461610	     26.14546289	     30.80664670	     -8.42591784	    -51.20469052	     -4.81863856	     -5.06818604	      0.84780107	    -14.87981602	      9.53081762	     42.96931196	     90.00000001	      0.00000000	      0.00000000	      5.02101120	    -12.24060690	     -5.43948019	     40.17316472	     90.00000001	      0.00000000	      0.00000000
      0.37000000	     25.49231747	      8.46281459	      1.13139130	     -2.12385763	      0.91647680	      0.13129225	    -16.33546589	    -15.56637827	    -39.44383802	     65.74401726	    -20.21785963	      1.14744956	     13.40153976	     30.85425974	     -8.40055280	    -16.25564366	     14.67616820	    -12.33604550	     19.03024007	     -9.37213704	      0.33214035	     26.41623616	     30.29968285	     -8.40055280	    -51.20220189	     -4.67681404	     -5.16968801	      0.68575482	    -14.67664324	     10.09223903	     42.73011971	     90.00000001	      0.00000000	      0.00000000	      5.93841964	    -12.40046901	     -5.01555548	     40.82990081	     90.00000001	      0.00000000	      0.00000000
      0.38000000	     25.31706931	      8.24725497	      1.08452861	     -2.11290118	      0.91719788	      0.13078753	    -13.92455155	    -15.48701877	    -39.43250425	     66.03322462	    -20.72151378	      1.15249719	     15.05121873	     29.98168079	     -8.38467521	    -17.24175031	     14.51395702	    -11.69129917	     18.36053443	     -9.13306437	      0.32045178	     26.73203948	     30.08445376	     -8.38467521	    -51.14891905	     -4.40995765	     -5.14885415	      0.50460520	    -14.45281678	     10.42371352	     42.57657213	     90.00000001	      0.00000000	      0.00000000	      6.87747564	    -12.49740427	     -4.75399438	     41.52469569	     90.00000001	      0.00000000	      0.00000000
      0.39000000	     25.17988978	      8.12280201	      1.11526532	     -2.10186000	      0.91777891	      0.13003592	    -11.68088223	    -15.47633640	    -39.44395683	     66.04947559	    -21.02538484	      1.15278082	     16.95077575	     29.01301412	     -8.37060447	    -18.28074986	     14.49255324	    -11.08273771	     17.67378084	     -9.05508864	      0.30846567	     27.05056802	     29.91118578	     -8.37060447	    -51.12518808	     -4.14340276	     -5.25819184	      0.31547231	    -14.21780798	     10.75725657	     42.41082320	     90.00000001	      0.00000000	      0.00000000	      7.79323826	    -12.61658573	     -4.44480196	     42.20884707	     90.00000001	      0.00000000	      0.00000000
      0.40000000	     25.08910904	      8.15798527	      1.27159226	     -2.09072477	      0.91817430	      0.12899297	     -9.69008624	    -15.70917161	    -39.34893102	     65.95043521	    -20.78285340	      1.15105224	     19.41686868	     27.41045697	     -8.33600036	    -19.51079324	     14.67399838	     -9.90355804	     16.80909699	     -8.99491391	      0.29337409	     27.02748473	     29.12706804	     -8.33600036	    -51.12223890	     -3.91392802	     -5.59242593	      0.11826366	    -14.01103658	     11.34778773	     42.27579490	     90.00000001	      0.00000000	      0.00000000	      8.62431961	    -12.93874106	     -3.63163508	     43.07341220	     90.00000001	      0.00000000	      0.00000000
      0.41000000	     24.88867478	      7.95815563	      1.33702297	     -2.07970698	      0.91830718	      0.12824797	     -7.48325473	    -15.53912654	    -39.37302336	     65.29742679	    -20.98504361	      1.13965509	     20.57204657	     26.62902006	     -8.32319827	    -20.38658627	     14.57033207	     -9.46216733	     16.25813073	     -9.04058381	      0.28375791	     27.39993905	     28.99708026	     -8.32319827	    -51.01032139	     -3.57482275	     -5.65593094	     -0.07147010	    -13.75890679	     11.52679338	     42.17277143	     90.00000001	      0.00000000	      0.00000000	      9.58029865	    -13.02643432	     -3.46102231	     43.75530797	     90.00000001	      0.00000000	      0.00000000
      0.42000000	     24.89589575	      7.83975802	      1.47225545	     -2.06842730	      0.91851437	      0.12746295	     -5.74352292	    -15.45980494	    -39.32056657	     64.44557676	    -20.75199973	      1.12478750	     22.47700109	     25.63600841	     -8.30331470	    -21.70251059	     14.47469477	     -8.69381292	     15.39022047	     -8.92153963	      0.26861002	     27.70341461	     28.90072743	     -8.30331470	    -51.07920672	     -3.24501100	     -5.85645047	     -0.24301123	    -13.49958338	     11.78935741	     42.01221544	     90.00000001	      0.00000000	      0.00000000	     10.44962305	    -13.24188588	     -3.01195387	     44.58844277	     90.00000001	      0.00000000	      0.00000000
      0.43000000	     24.81584727	      7.68763088	      1.61191610	     -2.05727982	      0.91841726	      0.12671169	     -3.94564457	    -15.31145038	    -39.33063279	     63.25612902	    -20.56931123	      1.10402772	     23.77283655	     24.95325833	     -8.28355598	    -22.81532276	     14.36195535	     -8.05235888	     14.68517454	     -8.92219812	      0.25630465	     27.97734777	     28.76658501	     -8.28355598	    -51.06368321	     -2.89698670	     -6.01760714	     -0.39577771	    -13.25660008	     11.96836975	     41.91358747	     90.00000001	      0.00000000	      0.00000000	     11.34738651	    -13.44413425	     -2.61839718	     45.39988477	     90.00000001	      0.00000000	      0.00000000
      0.44000000	     24.78098869	      7.54909161	      1.76810111	     -2.04613873	      0.91821651	      0.12596539	     -2.32149628	    -15.14364280	    -39.35159437	     61.76989359	    -20.28684109	      1.07808802	     24.94951445	     24.58336785	     -8.25934069	    -23.97730798	     14.23299973	     -7.43775278	     13.98194431	     -8.93809310	      0.24403096	     28.19899406	     28.66648229	     -8.25934069	    -51.10847937	     -2.54466423	     -6.21352186	     -0.52262881	    -13.00256805	     12.08030851	     41.82368690	     90.00000001	      0.00000000	      0.00000000	     12.23895392	    -13.65985250	     -2.19105133	     46.21456014	     90.00000001	      0.00000000	      0.00000000
      0.45000000	     24.52024506	      7.47800587	      1.82921274	     -2.03511984	      0.91738513	      0.12535683	     -0.38229340	    -15.07197057	    -39.39288258	     60.19117053	    -20.10979625	      1.05053411	     25.76021670	     24.32992941	     -8.24631650	    -24.73401637	     14.22389785	     -7.17366683	     13.49812771	     -9.04160095	      0.23558677	     28.61142047	     28.68484017	     -8.24631650	    -50.93715438	     -2.33890794	     -6.38319563	     -0.61398919	    -12.74562331	     12.14302200	     41.71349226	     90.00000001	      0.00000000	      0.00000000	     13.18744652	    -13.79546196	     -2.01807896	     46.89283897	     90.00000001	      0.00000000	      0.00000000
      0.46000000	     24.53813119	      7.33856993	      1.93270548	     -2.02387907	      0.91685289	      0.12483445	      0.98071894	    -14.88872729	    -39.41380809	     58.24604707	    -19.60849469	      1.01658530	     26.78264275	     24.80284958	     -8.22360722	    -25.98942608	     14.00570255	     -6.80898589	     12.69821338	     -8.94129426	      0.22162563	     28.85624423	     28.97096850	     -8.22360722	    -51.01594498	     -2.03523041	     -6.54284701	     -0.67697922	    -12.47619779	     12.10880856	     41.56781037	     90.00000001	      0.00000000	      0.00000000	     14.07488073	    -14.02092368	     -1.60821524	     47.70163596	     90.00000001	      0.00000000	      0.00000000
      0.47000000	     24.21087106	      7.38557188	      1.91503765	     -2.01299512	      0.91547195	      0.12441643	      2.89998385	    -14.93072370	    -39.44731154	     56.37458469	    -19.31854963	      0.98392212	     27.29555357	     24.91200610	     -8.21239196	    -26.63859047	     14.12759024	     -6.77439387	     12.23983210	     -9.07942177	      0.21362537	     29.33386081	     29.13036999	     -8.21239196	    -50.80369750	     -1.99906333	     -6.76666360	     -0.67661369	    -12.21823972	     12.12164259	     41.45744119	     90.00000001	      0.00000000	      0.00000000	     15.05636435	    -14.18867616	     -1.46692884	     48.30896785	     90.00000001	      0.00000000	      0.00000000
      0.48000000	     24.09493898	      7.30286997	      1.89404986	     -2.00161833	      0.91428496	      0.12411606	      4.28962720	    -14.84007111	    -39.48246342	     54.17027783	    -18.65038372	      0.94544970	     27.83175411	     26.36544642	     -8.19023075	    -27.68750029	     13.94477598	     -6.88444697	     11.50356582	     -8.90496794	      0.20077510	     29.59991765	     29.84638540	     -8.19023075	    -50.73600565	     -1.84569320	     -6.85428425	     -0.73662856	    -11.96067944	     11.97609368	     41.29573505	     90.00000001	      0.00000000	      0.00000000	     15.91522231	    -14.37128709	     -1.06814445	     49.03437191	     90.00000001	      0.00000000	      0.00000000
      0.49000000	     23.70462864	      7.41389892	      1.80695607	     -1.99053452	      0.91237724	      0.12390708	      6.12133844	    -14.97008877	    -39.49658482	     52.13313849	    -18.09639139	      0.90989492	     27.95607942	     27.32352337	     -8.17522061	    -28.31522540	     14.06454451	     -7.18202900	     10.93171914	     -8.89446445	      0.19079449	     30.12866891	     30.50839444	     -8.17522061	    -50.44396427	     -1.93234811	     -7.05399960	     -0.71930542	    -11.67829373	     11.90734808	     41.13479892	     90.00000001	      0.00000000	      0.00000000	     16.86098668	    -14.55103771	     -0.86178435	     49.62685895	     90.00000001	      0.00000000	      0.00000000
      0.50000000	     23.28747362	      7.57744676	      1.66021616	     -1.97939853	      0.91022729	      0.12377036	      7.91819491	    -15.18138819	    -39.52923636	     50.03687475	    -17.44742129	      0.87330821	     27.77251548	     29.05000764	     -8.15382134	    -28.77987730	     14.20648219	     -7.98760679	     10.58685560	     -8.85366775	      0.18477549	     30.58382598	     31.59610347	     -8.15382134	    -50.12262959	     -2.10022055	     -7.23946452	     -0.71100092	    -11.41168045	     11.72145073	     41.01246522	     90.00000001	      0.00000000	      0.00000000	     17.78081433	    -14.73336527	     -0.56977837	     50.19507795	     90.00000001	      0.00000000	      0.00000000
      0.51000000	     22.74695952	      7.80663456	      1.47151990	     -1.96824258	      0.90760131	      0.12369833	      9.85671137	    -15.46625393	    -39.54978624	     48.05810205	    -16.73573587	      0.83877211	     27.34583810	     30.56392403	     -8.11983929	    -29.03633991	     14.43331560	     -9.05503503	     10.33701432	     -8.83791606	      0.18041493	     31.27999452	     33.02613755	     -8.11983929	    -49.67744355	     -2.37388273	     -7.41207735	     -0.70566463	    -11.16451749	     11.53213632	     40.94541436	     90.00000001	      0.00000000	      0.00000000	     18.70526099	    -14.88447649	     -0.34011338	     50.72353239	     90.00000001	      0.00000000	      0.00000000
      0.52000000	     22.13794563	      8.14220974	      1.27989781	     -1.95703278	      0.90471180	      0.12367909	     11.81569933	    -15.87991588	    -39.55985737	     46.15969019	    -15.90514637	      0.80563858	     26.41016462	     32.01999695	     -8.09969316	    -29.23836914	     14.79835115	     -9.92578653	     10.11768961	     -8.84944638	      0.17658700	     31.79710599	     34.02238568	     -8.09969316	    -49.15622381	     -2.76037128	     -7.68334821	     -0.68021366	    -10.88871531	     11.39266626	     40.85799371	     90.00000001	      0.00000000	      0.00000000	     19.57426051	    -15.08547703	     -0.09922926	     51.22191720	     90.00000001	      0.00000000	      0.00000000
      0.53000000	     21.50556286	      8.52011473	      1.07447166	     -1.94577309	      0.90162066	      0.12359856	     13.74864968	    -16.33519504	    -39.57421101	     44.37901906	    -15.03389563	      0.77456000	     25.28543898	     33.44541295	     -8.08226305	    -29.37199563	     15.21545214	    -10.82636240	      9.99331629	     -8.86173591	      0.17441627	     32.36837786	     35.01839999	     -8.08226305	    -48.62475370	     -3.17220000	     -7.94297702	     -0.64585626	    -10.68025967	     11.21797424	     40.84909087	     90.00000001	      0.00000000	      0.00000000	     20.42426280	    -15.25001583	      0.14952416	     51.70168452	     90.00000001	      0.00000000	      0.00000000
      0.54000000	     20.85308996	      8.96889559	      0.98921215	     -1.93434901	      0.89836465	      0.12335038	     15.53110663	    -16.90355440	    -39.56958243	     42.85731697	    -13.88488167	      0.74800129	     24.99964485	     33.41718871	     -8.07797983	    -29.47161374	     15.64393354	    -11.40334223	     10.05820374	     -8.81187333	      0.17554877	     32.60572927	     34.98544660	     -8.07797983	    -48.05226563	     -3.58137659	     -8.27162910	     -0.69926868	    -10.51029678	     11.22765241	     40.92263510	     90.00000001	      0.00000000	      0.00000000	     21.30481004	    -15.30367255	      0.18726768	     52.11584874	     90.00000001	      0.00000000	      0.00000000
      0.55000000	     20.19302753	      9.34947156	      0.70255790	     -1.92297383	      0.89501682	      0.12351285	     17.36203504	    -17.25566328	    -39.59433658	     41.15571939	    -13.13685449	      0.71830281	     22.53899076	     35.59521600	     -8.06470287	    -29.52927613	     16.18035911	    -12.12999693	      9.99459718	     -8.99977941	      0.17443863	     33.42606997	     36.27869085	     -8.06470287	    -47.49045079	     -4.07334737	     -8.46278550	     -0.60823611	    -10.31684512	     10.95284202	     40.93606627	     90.00000001	      0.00000000	      0.00000000	     22.00790620	    -15.55777194	      0.62669786	     52.65509736	     90.00000001	      0.00000000	      0.00000000
      0.56000000	     19.59416893	      9.80569511	      0.53278655	     -1.91133997	      0.89169871	      0.12352864	     18.89723214	    -17.68889446	    -39.59993707	     39.77072505	    -12.18203204	      0.69413010	     22.09010523	     35.66261648	     -8.05807684	    -29.58356849	     16.72225713	    -12.64338506	     10.25680301	     -9.17062706	      0.17901498	     33.66929769	     36.29239841	     -8.05807684	    -46.96270626	     -4.55184946	     -8.74311678	     -0.58305721	    -10.16923196	     10.90732012	     41.07646728	     90.00000001	      0.00000000	      0.00000000	     22.76670066	    -15.66829403	      0.69016650	     53.01369183	     90.00000001	      0.00000000	      0.00000000
      0.57000000	     19.04399414	     10.13771231	      0.24926083	     -1.89951641	      0.88840227	      0.12373732	     20.31983942	    -17.89627603	    -39.63228828	     38.41737195	    -11.49915766	      0.67050963	     20.32835105	     37.06016820	     -8.04421801	    -29.59039864	     17.13344078	    -13.52550809	     10.63335571	     -9.31549451	      0.18558707	     34.32849599	     37.06073944	     -8.04421801	    -46.46725183	     -4.98140014	     -8.82864660	     -0.58590038	    -10.07445612	     10.67503932	     41.20728897	     90.00000001	      0.00000000	      0.00000000	     23.39122136	    -15.79382898	      1.07650303	     53.52054149	     90.00000001	      0.00000000	      0.00000000
      0.58000000	     18.50333785	     10.51880179	      0.07254020	     -1.88750173	      0.88516840	      0.12380367	     21.53600922	    -18.12126726	    -39.64868080	     37.32306648	    -10.84888061	      0.65141040	     19.96029697	     37.25730118	     -8.03789915	    -29.61920280	     17.61624370	    -13.94963201	     11.10184921	     -9.58139725	      0.19376382	     34.58796121	     37.19934993	     -8.03789915	    -45.96266178	     -5.38634640	     -9.01258976	     -0.56802877	    -10.00560925	     10.63392378	     41.33491037	     90.00000001	      0.00000000	      0.00000000	     23.99404781	    -15.84590516	      1.14932803	     53.88789592	     90.00000001	      0.00000000	      0.00000000
      0.59000000	     17.93767860	     10.80358329	     -0.10423676	     -1.87503103	      0.88196633	      0.12384960	     22.63733054	    -18.26545389	    -39.66866791	     36.55412946	    -10.22251233	      0.63798991	     19.85913886	     37.22948791	     -8.03505949	    -29.63894430	     17.95665731	    -14.21122222	     11.64193464	     -9.71260760	      0.20319009	     34.66046247	     37.18879444	     -8.03505949	    -45.36794672	     -5.69629910	     -9.07414493	     -0.60104968	    -10.02579374	     10.62064807	     41.37633471	     90.00000001	      0.00000000	      0.00000000	     24.43818657	    -15.79716387	      1.17823223	     54.18703510	     90.00000001	      0.00000000	      0.00000000
      0.60000000	     17.48843274	     11.12733499	     -0.28867460	     -1.86265634	      0.87910442	      0.12408001	     23.53283301	    -18.28484736	    -39.68892206	     35.80732355	    -10.06963306	      0.62495569	     19.03369341	     37.58627751	     -8.02768409	    -29.64769479	     18.36355049	    -14.66579330	     12.34387574	    -10.07901140	      0.21544127	     35.19087707	     37.33650439	     -8.02768409	    -44.96669658	     -6.04450685	     -9.20750203	     -0.55782729	    -10.02347442	     10.55301456	     41.52101612	     90.00000001	      0.00000000	      0.00000000	     24.84243227	    -15.90865960	      1.36902669	     54.71718681	     90.00000001	      0.00000000	      0.00000000
      0.61000000	     16.97281308	     11.28490436	     -0.37287505	     -1.84966161	      0.87631599	      0.12419659	     24.28976253	    -18.19973758	    -39.69684264	     35.46102910	     -9.85366799	      0.61891171	     18.97167211	     37.43894942	     -8.02552908	    -29.68509151	     18.54491025	    -14.74702456	     13.01514920	    -10.34846428	      0.22715721	     35.15798853	     37.27563978	     -8.02552908	    -44.36729831	     -6.18626533	     -9.21532518	     -0.57244337	    -10.03865144	     10.55125482	     41.52997302	     90.00000001	      0.00000000	      0.00000000	     25.10459370	    -15.80166931	      1.39664286	     54.93424204	     90.00000001	      0.00000000	      0.00000000
      0.62000000	     16.59530235	     11.50503890	     -0.47699786	     -1.83672253	      0.87399740	      0.12452972	     24.90279480	    -18.06762015	    -39.71217051	     35.32283760	    -10.15871989	      0.61649982	     18.56408142	     37.42707128	     -8.02000869	    -29.69130749	     18.72004317	    -15.07923594	     14.00302544	    -10.64997136	      0.24439890	     35.24102538	     37.25792908	     -8.02000869	    -43.99152186	     -6.39918828	     -9.25518702	     -0.51194991	    -10.05598010	     10.53620020	     41.57456694	     90.00000001	      0.00000000	      0.00000000	     25.35386270	    -15.79533782	      1.43511036	     55.35202584	     90.00000001	      0.00000000	      0.00000000
      0.63000000	     16.12681501	     11.51363505	     -0.44839320	     -1.82317757	      0.87187853	      0.12457098	     25.38712291	    -17.78462103	    -39.71657282	     35.45496972	    -10.44626241	      0.61880596	     18.38461307	     37.29103538	     -8.01808840	    -29.71157507	     18.71298154	    -15.01683756	     14.84420748	    -11.04372717	      0.25908030	     35.12680098	     37.23253901	     -8.01808840	    -43.41731105	     -6.31275659	     -9.21769979	     -0.50975983	    -10.15698327	     10.50949201	     41.53682393	     90.00000001	      0.00000000	      0.00000000	     25.38315549	    -15.65208088	      1.46326528	     55.51365039	     90.00000001	      0.00000000	      0.00000000
      0.64000000	     15.83039334	     11.48509513	     -0.50338350	     -1.80953654	      0.87026826	      0.12502928	     25.78151543	    -17.41981695	    -39.72666174	     36.00919097	    -11.17382392	      0.62847894	     17.75087101	     37.17935961	     -8.01175714	    -29.72438315	     18.50569007	    -15.36665211	     16.07662116	    -11.22635959	      0.28058997	     34.75157639	     37.13344021	     -8.01175714	    -43.04670424	     -6.24429171	     -9.14313913	     -0.42727015	    -10.24470591	     10.46792784	     41.51232060	     90.00000001	      0.00000000	      0.00000000	     25.34386593	    -15.56849616	      1.38768962	     55.88659836	     90.00000001	      0.00000000	      0.00000000
      0.65000000	     15.50441948	     11.31531287	     -0.46522130	     -1.79548296	      0.86905758	      0.12534948	     26.07123409	    -16.94276948	    -39.72722578	     36.73423705	    -12.01474617	      0.64113338	     17.25115303	     37.02037584	     -8.00683199	    -29.74367346	     18.16258220	    -15.43784817	     17.26591855	    -11.46841133	      0.30134713	     34.21698403	     37.04452916	     -8.00683199	    -42.59131453	     -5.97925355	     -9.02241693	     -0.36605279	    -10.37949722	     10.40828039	     41.44806272	     90.00000001	      0.00000000	      0.00000000	     25.14663191	    -15.39961646	      1.30965247	     56.05999002	     90.00000001	      0.00000000	      0.00000000
      0.66000000	     15.23425305	     11.01219963	     -0.40495195	     -1.78111648	      0.86834343	      0.12573813	     26.25409331	    -16.36736763	    -39.72523525	     37.69083442	    -12.98252823	      0.65782916	     16.75685599	     36.83275157	     -8.00167088	    -29.75799362	     17.63961621	    -15.54216292	     18.58448609	    -11.69515627	      0.32436047	     33.36691124	     36.90291385	     -8.00167088	    -42.16209276	     -5.57147179	     -8.85097718	     -0.28068034	    -10.54136218	     10.31470298	     41.36703560	     90.00000001	      0.00000000	      0.00000000	     24.81653928	    -15.20893962	      1.17954999	     56.19118836	     90.00000001	      0.00000000	      0.00000000
      0.67000000	     15.03347175	     10.56624444	     -0.30937015	     -1.76645252	      0.86819474	      0.12622253	     26.27713203	    -15.68243242	    -39.71739445	     38.80168755	    -13.99278999	      0.67721720	     16.40560606	     36.58673646	     -7.99638522	    -29.77118397	     16.91376052	    -15.66390903	     20.03770956	    -11.90045703	      0.34972401	     32.19387739	     36.72992727	     -7.99638522	    -41.78052300	     -5.00474341	     -8.63399211	     -0.17321657	    -10.72859424	     10.18871383	     41.27196852	     90.00000001	      0.00000000	      0.00000000	     24.35639812	    -14.99570445	      1.01100273	     56.25962591	     90.00000001	      0.00000000	      0.00000000
      0.68000000	     14.97441212	      9.85270107	     -0.11903466	     -1.75154108	      0.86888564	      0.12681495	     25.89403854	    -14.70052080	    -39.70532210	     39.77236749	    -14.88795444	      0.69415876	     16.44633740	     36.08255557	     -7.98714290	    -29.78483466	     15.80771701	    -16.05414646	     21.72318227	    -12.19984780	      0.37914105	     30.32014483	     36.55692698	     -7.98714290	    -41.54658809	     -4.12103959	     -8.37759544	     -0.01027239	    -10.92697661	      9.99288553	     41.17213480	     90.00000001	      0.00000000	      0.00000000	     23.77216342	    -14.72429391	      0.68550389	     56.30298065	     90.00000001	      0.00000000	      0.00000000
      0.69000000	     14.91924931	      9.14492251	      0.01066148	     -1.73632091	      0.86980243	      0.12764585	     25.56369815	    -13.88071203	    -39.69137620	     41.10284705	    -15.63726361	      0.71738001	     16.52260324	     35.79974109	     -7.98346873	    -29.79956563	     14.64949218	    -16.15725968	     23.44925935	    -12.18529484	      0.40926678	     28.86234678	     36.41918269	     -7.98346873	    -41.26131839	     -3.32200163	     -8.04511422	      0.10623716	    -11.14323133	      9.86176296	     41.03002243	     90.00000001	      0.00000000	      0.00000000	     23.11528689	    -14.51032678	      0.56894552	     56.19425258	     90.00000001	      0.00000000	      0.00000000
      0.70000000	     15.16839378	      7.75399631	      0.41042770	     -1.72103061	      0.87206432	      0.12878936	     24.24733037	    -12.06087886	    -39.66094064	     41.56146086	    -15.96910113	      0.72538433	     17.40890167	     34.02605437	     -7.96303955	    -29.81104923	     12.49046713	    -16.92421084	     25.69846259	    -12.34953771	      0.44852278	     26.56877802	     36.31539184	     -7.96303955	    -41.33212994	     -1.74330743	     -7.58097138	      0.36045984	    -11.37138730	      9.62024938	     40.91199113	     90.00000001	      0.00000000	      0.00000000	     22.39182117	    -14.18349555	      0.19640407	     56.02685337	     90.00000001	      0.00000000	      0.00000000
      0.71000000	     15.35335669	      6.91765002	      0.59987620	     -1.70563888	      0.87421253	      0.12978737	     23.25178508	    -11.22586729	    -39.62974120	     42.61193685	    -16.07095830	      0.74371860	     18.01043221	     33.74836680	     -7.95867082	    -29.80963154	     11.07376893	    -17.07557434	     27.79236052	    -12.34825863	      0.48506820	     24.14908844	     35.89472483	     -7.95867082	    -41.29877012	     -0.79864759	     -7.26963713	      0.53974572	    -11.57619898	      9.51514653	     40.82138503	     90.00000001	      0.00000000	      0.00000000	     21.59591178	    -13.99140917	      0.14269601	     55.80881998	     90.00000001	      0.00000000	      0.00000000
      0.72000000	     15.78529429	      5.36526090	      1.06178470	     -1.69044430	      0.87752716	      0.13127093	     21.39696273	     -9.12733596	    -39.59913887	     42.49957877	    -15.98421665	      0.74175758	     19.16210157	     31.87838969	     -7.94078281	    -29.82200700	      8.67196173	    -17.45492310	     30.19523565	    -12.43677048	      0.52700628	     21.59902846	     35.29340992	     -7.94078281	    -41.59364921	      0.90672145	     -6.74131042	      0.82640061	    -11.82271431	      9.40158073	     40.73804565	     90.00000001	      0.00000000	      0.00000000	     20.84973944	    -13.74469256	     -0.05258420	     55.48505014	     90.00000001	      0.00000000	      0.00000000
      0.73000000	     16.21595102	      4.33528827	      1.33201974	     -1.67540932	      0.88087101	      0.13245011	     19.65398211	     -7.87080435	    -39.57930940	     42.62853863	    -15.71288258	      0.74400835	     20.29953058	     31.52549969	     -7.93306019	    -29.82094592	      7.04158011	    -17.41802547	     32.37302225	    -12.53820468	      0.56501583	     18.78878844	     34.56932864	     -7.93306019	    -41.89275292	      2.03851025	     -6.38391927	      1.08970760	    -12.05375098	      9.35633216	     40.75810727	     90.00000001	      0.00000000	      0.00000000	     20.07429185	    -13.56913657	     -0.07836461	     55.15255440	     90.00000001	      0.00000000	      0.00000000
      0.74000000	     16.77592057	      3.21519823	      1.54854773	     -1.66061334	      0.88465713	      0.13393663	     17.59030835	     -6.36900048	    -39.57507458	     42.27480713	    -15.32623881	      0.73783458	     21.35574257	     31.05497531	     -7.92421920	    -29.81302067	      5.27038957	    -17.34846844	     34.64845211	    -12.48118661	      0.60472957	     16.58916949	     33.61716541	     -7.92421920	    -42.36331259	      3.18408819	     -5.89712959	      1.38178791	    -12.31483475	      9.36276443	     40.81769078	     90.00000001	      0.00000000	      0.00000000	     19.35245692	    -13.39698876	     -0.11311859	     54.73609387	     90.00000001	      0.00000000	      0.00000000
      0.75000000	     17.43014831	      2.58438336	      1.66649899	     -1.64618213	      0.88854749	      0.13509213	     15.46007941	     -5.62211017	    -39.58072905	     42.10271538	    -14.76252827	      0.73483101	     22.21947742	     31.14483362	     -7.92021604	    -29.79344892	      4.16253998	    -17.22668398	     36.74173566	    -12.60893178	      0.64126426	     14.92440887	     32.92609226	     -7.92021604	    -42.96585803	      3.82084131	     -5.60313493	      1.66193712	    -12.52723815	      9.36174805	     40.96597529	     90.00000001	      0.00000000	      0.00000000	     18.70159813	    -13.27747507	     -0.12638691	     54.28935448	     90.00000001	      0.00000000	      0.00000000
      0.76000000	     18.18508462	      1.31247332	      1.91913528	     -1.63186089	      0.89296756	      0.13672984	     12.84980870	     -3.57873985	    -39.60137254	     40.68650633	    -14.45480998	      0.71011350	     23.37668483	     31.01450578	     -7.91074438	    -29.77600317	      2.27794655	    -16.85981267	     38.87456077	    -12.42711069	      0.67848908	     13.64328690	     31.50936430	     -7.91074438	    -43.71895690	      5.06622348	     -4.94303360	      1.98047893	    -12.87100289	      9.47100381	     41.24555067	     90.00000001	      0.00000000	      0.00000000	     18.03133790	    -13.06327033	     -0.08268807	     53.83745883	     90.00000001	      0.00000000	      0.00000000
      0.77000000	     19.05453090	      0.49988809	      2.10484807	     -1.61789782	      0.89741371	      0.13806207	     10.15415230	     -2.24668219	    -39.62723626	     39.44329558	    -13.94554661	      0.68841538	     24.05686464	     31.13234051	     -7.89781747	    -29.73581465	      0.94105290	    -16.60211308	     40.85833468	    -12.37210348	      0.71311247	     13.13426504	     30.39564672	     -7.89781747	    -44.61994664	      5.84124938	     -4.50245898	      2.31254502	    -13.16400710	      9.56469066	     41.62358457	     90.00000001	      0.00000000	      0.00000000	     17.44216074	    -12.96054685	     -0.04748512	     53.35193267	     90.00000001	      0.00000000	      0.00000000
      0.78000000	     19.88643852	      0.58008543	      1.84283137	     -1.60433412	      0.90156900	      0.13902742	      7.79901093	     -2.25432938	    -39.65062691	     38.90340309	    -13.57180306	      0.67899247	     24.58341433	     31.28314139	     -7.89521668	    -29.65755562	      1.05334937	    -16.51183841	     42.21381063	    -12.77618018	      0.73676999	     12.99231178	     30.01287984	     -7.89521668	    -45.51220590	      5.58383334	     -4.26154289	      2.66693829	    -13.39970083	      9.51730558	     41.88254154	     90.00000001	      0.00000000	      0.00000000	     16.93355719	    -12.80507605	     -0.04425599	     52.98181377	     90.00000001	      0.00000000	      0.00000000
      0.79000000	     20.98922579	     -0.44157144	      2.46537866	     -1.59040953	      0.90631631	      0.14009782	      4.39735420	     -0.39816831	    -39.67674410	     36.70743022	    -12.82649863	      0.64066552	     25.97813122	     32.31107143	     -7.88494594	    -29.57095062	     -0.81246397	    -16.02010432	     44.17727219	    -12.47092330	      0.77103885	     12.97748076	     28.20218633	     -7.88494594	    -46.62448889	      6.74316073	     -3.87942330	      2.84828780	    -13.73866908	      9.59265007	     42.68694927	     90.00000001	      0.00000000	      0.00000000	     16.32727015	    -12.75323642	      0.03585398	     52.42832829	     90.00000001	      0.00000000	      0.00000000
      0.80000000	     22.03915637	     -0.79072572	      2.73163512	     -1.57692704	      0.91074934	      0.14096950	      1.33880165	      0.47686239	    -39.70089434	     35.03050540	    -12.22351497	      0.61139766	     26.40042215	     32.87066834	     -7.87287615	    -29.37801906	     -1.58950792	    -15.85097596	     45.61488825	    -12.59617597	      0.79612999	     13.51224303	     27.07660974	     -7.87287615	    -47.72580020	      7.11078520	     -3.63626898	      3.13016042	    -14.01200566	      9.60559613	     43.26912875	     90.00000001	      0.00000000	      0.00000000	     15.81591221	    -12.68068933	      0.11352306	     51.96180559	     90.00000001	      0.00000000	      0.00000000
      0.81000000	     23.00450427	     -0.87955566	      2.98050395	     -1.56361289	      0.91484055	      0.14159778	     -1.58128306	      0.96915582	    -39.71479768	     33.54695805	    -11.54429763	      0.58550487	     27.13608909	     33.42018025	     -7.86351856	    -28.96698372	     -2.03048438	    -15.80644607	     46.86276219	    -12.86933154	      0.81790950	     14.21121755	     26.10024977	     -7.86351856	    -48.73446575	      7.25046254	     -3.52774972	      3.38473950	    -14.26794883	      9.57488230	     43.87803944	     90.00000001	      0.00000000	      0.00000000	     15.31537696	    -12.61237856	      0.13826447	     51.47249529	     90.00000001	      0.00000000	      0.00000000
      0.82000000	     23.71503537	     -0.81563137	      3.21889243	     -1.55064602	      0.91833823	      0.14209868	     -4.10918019	      1.23223771	    -39.72677090	     32.23334099	    -10.87537913	      0.56257793	     27.71599775	     33.87179267	     -7.85582139	    -28.05517573	     -2.26354496	    -15.91832345	     48.12220025	    -13.31781623	      0.83989084	     15.12122903	     25.16941337	     -7.85582139	    -49.50952216	      7.25512899	     -3.52169887	      3.69313993	    -14.47605322	      9.54707628	     44.40666359	     90.00000001	      0.00000000	      0.00000000	     14.83217528	    -12.54090257	      0.15540803	     50.94218639	     90.00000001	      0.00000000	      0.00000000
      0.83000000	     24.13017368	     -0.51465744	      3.43305543	     -1.53815885	      0.92119999	      0.14249339	     -6.13664781	      1.16493356	    -39.73720024	     31.22197853	    -10.29685539	      0.54492632	     28.18123096	     34.07389689	     -7.85088639	    -26.60993432	     -2.17927139	    -16.11741581	     49.34710201	    -13.91300965	      0.86126941	     15.98850132	     24.42623971	     -7.85088639	    -50.03970412	      7.04849247	     -3.69684908	      4.07941243	    -14.63556011	      9.50956891	     44.88687860	     90.00000001	      0.00000000	      0.00000000	     14.37706448	    -12.54017004	      0.13944078	     50.41155107	     90.00000001	      0.00000000	      0.00000000
      0.84000000	     24.53434311	     -0.40516502	      3.72334042	     -1.52565434	      0.92379219	      0.14304599	     -8.18647584	      1.43531382	    -39.73828630	     30.00861882	     -9.74640906	      0.52374920	     28.84289161	     34.49347101	     -7.84395638	    -25.09102017	     -2.39230502	    -16.17087081	     50.50142425	    -14.19597155	      0.88141613	     17.18755953	     23.40944830	     -7.84395638	    -50.55040947	      7.01917535	     -3.68645442	      4.38630884	    -14.85890034	      9.55186511	     45.40218508	     90.00000001	      0.00000000	      0.00000000	     13.94327771	    -12.47068900	      0.09638885	     49.86572855	     90.00000001	      0.00000000	      0.00000000
      0.85000000	     24.79171189	     -0.10711503	      3.96402429	     -1.51334219	      0.92594336	      0.14344509	     -9.94344985	      1.39104271	    -39.73962743	     29.10087516	     -9.20853391	      0.50790609	     29.28212176	     34.62174201	     -7.83840709	    -23.37278242	     -2.26016346	    -16.23977658	     51.36590488	    -14.57950485	      0.89650416	     18.17607207	     22.60615102	     -7.83840709	    -50.92550659	      6.82442752	     -3.82332921	      4.76481000	    -15.03607217	      9.59022764	     45.87090521	     90.00000001	      0.00000000	      0.00000000	     13.47246604	    -12.44599821	      0.05884886	     49.37877495	     90.00000001	      0.00000000	      0.00000000
      0.86000000	     25.10482859	      0.07351497	      4.18127893	     -1.50098995	      0.92790247	      0.14410003	    -11.74642390	      1.55956890	    -39.73800685	     28.09932428	     -8.77597819	      0.49042573	     29.84891504	     34.90462192	     -7.82959071	    -21.75036472	     -2.29624234	    -16.10793756	     52.05070413	    -14.56768440	      0.90845617	     19.31671072	     21.54827897	     -7.82959071	    -51.36108971	      6.68475287	     -3.80631144	      5.10130051	    -15.28397302	      9.78096808	     46.38096594	     90.00000001	      0.00000000	      0.00000000	     12.99741685	    -12.39491224	     -0.03607879	     48.92980351	     90.00000001	      0.00000000	      0.00000000
      0.87000000	     25.26117169	      0.39810015	      4.36788140	     -1.48878788	      0.92937970	      0.14446275	    -13.28720775	      1.42220103	    -39.73407661	     27.40883279	     -8.23851817	      0.47837438	     30.28665396	     34.91779308	     -7.82391466	    -19.92941507	     -1.99542484	    -16.16526924	     52.42274387	    -14.85242252	      0.91494948	     20.24491565	     20.79631593	     -7.82391466	    -51.64081182	      6.44345075	     -3.91512771	      5.48791477	    -15.49692229	      9.86003182	     46.82628280	     90.00000001	      0.00000000	      0.00000000	     12.47392502	    -12.37945497	     -0.08576844	     48.53368515	     90.00000001	      0.00000000	      0.00000000
      0.88000000	     25.47943351	      0.62218878	      4.48964552	     -1.47643588	      0.93064208	      0.14500881	    -14.88596427	      1.43310530	    -39.72636123	     26.67357805	     -7.78658727	      0.46554176	     30.89188751	     35.08846565	     -7.81757381	    -18.26918894	     -1.79405899	    -16.17217415	     52.51258166	    -14.88912699	      0.91651745	     21.24545071	     19.95445843	     -7.81757381	    -51.96786054	      6.22893344	     -3.88024083	      5.84187213	    -15.78183733	     10.04122936	     47.32249709	     90.00000001	      0.00000000	      0.00000000	     11.90514101	    -12.33190113	     -0.18331235	     48.18839770	     90.00000001	      0.00000000	      0.00000000
      0.89000000	     25.52840882	      0.87762390	      4.39440359	     -1.46422283	      0.93140313	      0.14586468	    -16.12453331	      1.29765986	    -39.71448785	     26.17977878	     -7.48592901	      0.45692334	     31.11931995	     34.82422533	     -7.81428512	    -16.44227300	     -1.51964768	    -16.37812615	     52.44956939	    -14.75583507	      0.91541768	     21.75605919	     19.49723774	     -7.81428512	    -52.13755588	      5.82451418	     -3.74213494	      6.27229586	    -16.00872486	     10.05421144	     47.69880452	     90.00000001	      0.00000000	      0.00000000	     11.30314909	    -12.31017924	     -0.21848438	     47.92445746	     90.00000001	      0.00000000	      0.00000000
      0.90000000	     25.83696200	      0.99496167	      4.56113444	     -1.45169726	      0.93220103	      0.14620660	    -17.87004612	      1.48092840	    -39.70438725	     25.32097332	     -7.03010576	      0.44193435	     31.97099780	     35.23220715	     -7.80950587	    -15.00159772	     -1.31893560	    -16.51451740	     51.93415954	    -14.96395846	      0.90642208	     22.90080929	     18.61733319	     -7.80950587	    -52.51043282	      5.76282104	     -3.65277343	      6.57464645	    -16.36053077	     10.28098653	     48.24890552	     90.00000001	      0.00000000	      0.00000000	     10.66197304	    -12.23868392	     -0.35970699	     47.62822517	     90.00000001	      0.00000000	      0.00000000
      0.91000000	     26.28491909	      1.06861834	      4.49012370	     -1.43894695	      0.93299166	      0.14700344	    -19.75937604	      1.67593654	    -39.68841477	     24.39435697	     -6.69081903	      0.42576185	     32.34960448	     35.85226297	     -7.79993246	    -13.91458633	     -1.24775856	    -16.70122717	     51.05470763	    -14.65257504	      0.89107275	     23.44391603	     18.08983656	     -7.79993246	    -53.00175863	      5.54466964	     -3.36217694	      6.87724415	    -16.83349355	     10.74840013	     48.86932488	     90.00000001	      0.00000000	      0.00000000	      9.90534995	    -12.14636750	     -0.60182678	     47.57574839	     90.00000001	      0.00000000	      0.00000000
      0.92000000	     26.56611745	      1.13045809	      4.38676370	     -1.42625358	      0.93323650	      0.14778625	    -21.38412086	      1.81411296	    -39.66871900	     23.63262464	     -6.36229641	      0.41246711	     32.83247537	     36.13752922	     -7.79126892	    -12.62854759	     -1.12559130	    -17.14475766	     50.02849594	    -14.56785847	      0.87316197	     24.02017593	     17.71997918	     -7.79126892	    -53.31444315	      5.30765400	     -3.05042270	      7.20217754	    -17.19738110	     10.93711281	     49.32463064	     90.00000001	      0.00000000	      0.00000000	      9.16248688	    -12.05365583	     -0.77825148	     47.43211443	     90.00000001	      0.00000000	      0.00000000
      0.93000000	     26.80590433	      1.17673015	      4.28452096	     -1.41365851	      0.93317289	      0.14845336	    -22.93880413	      1.96803933	    -39.64643256	     22.89059566	     -6.07437676	      0.39951626	     33.33419372	     36.35392146	     -7.78415099	    -11.33136796	     -1.02218907	    -17.69276972	     48.79992329	    -14.47243429	      0.85171934	     24.52001213	     17.42915653	     -7.78415099	    -53.58384855	      5.10068858	     -2.72084712	      7.54786553	    -17.57738328	     11.02353326	     49.71992973	     90.00000001	      0.00000000	      0.00000000	      8.44454651	    -11.95185911	     -0.96295873	     47.29048071	     90.00000001	      0.00000000	      0.00000000
      0.94000000	     26.96493231	      1.18162473	      4.17803271	     -1.40104045	      0.93271740	      0.14918074	    -24.39010524	      2.18263170	    -39.61868058	     22.12472211	     -5.85010606	      0.38614925	     33.90086811	     36.58061173	     -7.77912255	     -9.99259008	     -0.93207812	    -18.25226666	     47.39455317	    -14.39554184	      0.82719100	     24.96178766	     17.12499059	     -7.77912255	    -53.75670022	      4.89642846	     -2.34526361	      7.89454479	    -17.90507967	     11.05151780	     50.03939010	     90.00000001	      0.00000000	      0.00000000	      7.73431146	    -11.84678970	     -1.15144825	     47.11265654	     90.00000001	      0.00000000	      0.00000000
      0.95000000	     27.20951462	      1.19521479	      4.02086489	     -1.38828789	      0.93219748	      0.14988848	    -25.98932143	      2.32645404	    -39.59234386	     21.32954501	     -5.52972137	      0.37227079	     34.34199512	     36.90500347	     -7.77314912	     -8.88600508	     -0.86664996	    -18.89127500	     45.67209811	    -14.15478502	      0.79712849	     25.18946584	     17.25458182	     -7.77314912	    -54.00166352	      4.66908519	     -1.97655086	      8.20556078	    -18.26792481	     11.09955542	     50.41581873	     90.00000001	      0.00000000	      0.00000000	      6.97322210	    -11.72495769	     -1.47506270	     47.01567710	     90.00000001	      0.00000000	      0.00000000
      0.96000000	     27.30252004	      1.14568299	      3.87692081	     -1.37569468	      0.93124792	      0.15052495	    -27.36001430	      2.51381399	    -39.56168854	     20.61084893	     -5.24593068	      0.35972718	     34.74093749	     37.17323117	     -7.76711559	     -7.62802968	     -0.84444693	    -19.52025066	     43.81983775	    -13.89421516	      0.76480045	     25.33785866	     17.64297741	     -7.76711559	    -54.10890136	      4.49290228	     -1.56361094	      8.56321464	    -18.61231718	     11.09898791	     50.70193987	     90.00000001	      0.00000000	      0.00000000	      6.24999737	    -11.56868042	     -1.82741410	     46.89265743	     90.00000001	      0.00000000	      0.00000000
      0.97000000	     26.99134693	      0.83417513	      3.81205432	     -1.36345195	      0.92942756	      0.15119329	    -28.06741048	      2.93589779	    -39.54215115	     20.24153060	     -5.08253186	      0.35328135	     35.13041370	     37.06066600	     -7.76431191	     -5.81242731	     -1.10215291	    -19.79742291	     42.13929184	    -13.46876954	      0.73546939	     25.34842627	     17.58419319	     -7.76431191	    -53.83548656	      4.54877077	     -1.01217562	      8.98027852	    -18.94312673	     10.99611986	     50.84250213	     90.00000001	      0.00000000	      0.00000000	      5.57246752	    -11.44981895	     -1.97925081	     46.68880503	     90.00000001	      0.00000000	      0.00000000
      0.98000000	     26.84046545	      0.69791878	      3.71727035	     -1.35128212	      0.92778927	      0.15167774	    -29.04158202	      3.31187779	    -39.52574437	     19.50922764	     -5.12072656	      0.34050026	     35.74970099	     37.39288712	     -7.76094577	     -4.33705964	     -1.14179490	    -20.08437924	     40.08290629	    -12.94189542	      0.69957869	     25.27130769	     18.15189822	     -7.76094577	    -53.76188355	      4.47917701	     -0.57256545	      9.38959395	    -19.25165439	     10.87976305	     51.01737136	     90.00000001	      0.00000000	      0.00000000	      5.00736750	    -11.22536597	     -2.36870428	     46.42084834	     90.00000001	      0.00000000	      0.00000000
      0.99000000	     26.31243647	      0.35012339	      3.62879835	     -1.33931146	      0.92536282	      0.15222481	    -29.37918304	      3.77539827	    -39.53515946	     19.23710755	     -5.21683060	      0.33575087	     36.25030275	     37.51000208	     -7.75736324	     -2.42181037	     -1.41788459	    -20.20297776	     38.05449058	    -12.29147107	      0.66417616	     25.01519443	     18.91004938	     -7.75736324	    -53.32257393	      4.55411177	     -0.01690275	      9.81804932	    -19.55241213	     10.70527411	     51.11855067	     90.00000001	      0.00000000	      0.00000000	      4.45003198	    -11.00177770	     -2.80637432	     46.09832724	     90.00000001	      0.00000000	      0.00000000
      1.00000000	     25.68602217	     -0.10097473	      3.58665062	     -1.32746998	      0.92260793	      0.15267897	    -29.54893145	      4.37263065	    -39.55088643	     19.03710486	     -5.37761048	      0.33226016	     36.79382076	     37.54734905	     -7.75388653	     -0.42346915	     -1.81857205	    -20.15100658	     35.99170179	    -11.53944334	      0.62817370	     24.62361468	     19.83689967	     -7.75388653	    -52.79141040	      4.75107943	      0.57687174	     10.26635351	    -19.84442261	     10.48111902	     51.18097373	     90.00000001	      0.00000000	      0.00000000	      3.95893550	    -10.72234382	     -3.26096531	     45.70624025	     90.00000001	      0.00000000	      0.00000000
      1.01000000	     24.98605923	     -0.59347589	      3.58884915	     -1.31558061	      0.91958450	      0.15309714	    -29.64451779	      5.02444020	    -39.57500660	     18.84982994	     -5.50494060	      0.32899160	     37.35905980	     37.58270823	     -7.74892797	      1.59559832	     -2.32825884	    -20.09622996	     33.85498056	    -10.67020916	      0.59088088	     24.11396529	     21.45704915	     -7.74892797	    -52.16970247	      5.00784805	      1.12989638	     10.71514669	    -20.04066951	     10.13237677	     51.22218967	     90.00000001	      0.00000000	      0.00000000	      3.53545288	    -10.40873363	     -4.00092217	     45.13587979	     90.00000001	      0.00000000	      0.00000000
      1.02000000	     24.28044159	     -1.21861163	      3.63078886	     -1.30348279	      0.91636743	      0.15327027	    -29.70694238	      5.81336796	    -39.60360466	     18.70882555	     -5.64849268	      0.32653060	     37.74455078	     37.52965635	     -7.74161632	      3.57062388	     -2.95769971	    -20.10374737	     31.71102131	     -9.93984882	      0.55346173	     23.61271202	     23.42833076	     -7.74161632	    -51.50965806	      5.42692600	      1.75270523	     11.04526299	    -20.28269882	      9.67481460	     51.21000735	     90.00000001	      0.00000000	      0.00000000	      3.07332412	    -10.00167068	     -4.82017500	     44.58828029	     90.00000001	      0.00000000	      0.00000000
      1.03000000	     23.58571127	     -1.87871864	      3.70555250	     -1.29147374	      0.91311852	      0.15350458	    -29.74937257	      6.72342364	    -39.63268614	     18.52908065	     -5.93370746	      0.32339346	     38.10991063	     37.44015086	     -7.73617215	      5.39478150	     -3.60350985	    -19.69292978	     29.48093036	     -9.01992623	      0.51453930	     22.96427707	     24.88398894	     -7.73617215	    -50.88021704	      5.89757838	      2.34655405	     11.38599334	    -20.52070058	      9.34807113	     51.30223404	     90.00000001	      0.00000000	      0.00000000	      2.62567619	     -9.74378170	     -5.28706212	     44.10004445	     90.00000001	      0.00000000	      0.00000000
      1.04000000	     22.90600780	     -2.62064077	      3.77966024	     -1.27937470	      0.90980604	      0.15355767	    -29.77410540	      7.69826889	    -39.65226412	     18.42841559	     -6.26009047	      0.32163653	     38.44887653	     37.28344417	     -7.73297546	      7.08882598	     -4.29036338	    -19.12185740	     27.25018649	     -8.12650174	      0.47560548	     22.33287634	     26.05333258	     -7.73297546	    -50.24861967	      6.46643605	      3.00600040	     11.67701000	    -20.84268282	      9.04070641	     51.35868731	     90.00000001	      0.00000000	      0.00000000	      2.15602512	     -9.47913356	     -5.63088057	     43.65880897	     90.00000001	      0.00000000	      0.00000000
      1.05000000	     22.21099106	     -3.29445225	      3.94400962	     -1.26722436	      0.90650343	      0.15346638	    -29.80007323	      8.65063529	    -39.68129385	     18.29454763	     -6.55416694	      0.31930009	     38.60228874	     37.13604464	     -7.72957204	      8.71713400	     -4.88919577	    -18.49949263	     25.09466462	     -7.25788162	      0.43798452	     21.70267300	     27.62622071	     -7.72957204	    -49.60709885	      7.04466946	      3.47130455	     11.94986329	    -20.99481844	      8.61682292	     51.45450890	     90.00000001	      0.00000000	      0.00000000	      1.77125398	     -9.21980976	     -6.15912154	     43.04370814	     90.00000001	      0.00000000	      0.00000000
      1.06000000	     21.50562932	     -4.03104804	      4.10785373	     -1.25469700	      0.90312944	      0.15326239	    -29.82151261	      9.64054125	    -39.69818492	     18.17657154	     -6.86345671	      0.31724102	     38.36776071	     36.87489981	     -7.71919905	     10.41042780	     -5.62615905	    -18.49983847	     23.38530089	     -6.64722219	      0.40815050	     21.35778290	     29.99323074	     -7.71919905	    -48.90218173	      7.69468864	      3.92713344	     12.16340824	    -21.01189125	      7.80772136	     51.48622335	     90.00000001	      0.00000000	      0.00000000	      1.41051389	     -8.76691141	     -7.32852768	     42.28290571	     90.00000001	      0.00000000	      0.00000000
      1.07000000	     20.87007184	     -4.72866784	      4.19989281	     -1.24216674	      0.89992005	      0.15298220	    -29.83612094	     10.49027080	    -39.71424730	     18.29953268	     -7.24753739	      0.31938710	     38.52512145	     36.72066768	     -7.71625287	     11.80101625	     -6.18331989	    -17.96228186	     21.71862553	     -6.04307054	      0.37906152	     21.02021998	     30.98868126	     -7.71625287	    -48.27754609	      8.30105461	      4.40615423	     12.35240617	    -21.24880416	      7.56568140	     51.55500579	     90.00000001	      0.00000000	      0.00000000	      0.97343525	     -8.56201758	     -7.54532118	     41.75582789	     90.00000001	      0.00000000	      0.00000000
      1.08000000	     20.23742669	     -5.33413326	      4.36111299	     -1.22939233	      0.89680830	      0.15255678	    -29.84989115	     11.28493764	    -39.73039277	     18.40658716	     -7.68819348	      0.32125555	     38.38046539	     36.55239875	     -7.71305724	     13.12797593	     -6.61513261	    -17.50105047	     20.38396788	     -5.57443218	      0.35576735	     20.70008764	     32.31317915	     -7.71305724	    -47.62470879	      8.86534928	      4.71316540	     12.46505746	    -21.32766104	      7.12558634	     51.61482833	     90.00000001	      0.00000000	      0.00000000	      0.61409868	     -8.34026759	     -8.03263492	     40.99077061	     90.00000001	      0.00000000	      0.00000000
      1.09000000	     19.65434875	     -5.91517185	      4.44872275	     -1.21635197	      0.89384064	      0.15202038	    -29.86066605	     11.91605174	    -39.74070399	     18.73066968	     -8.14063595	      0.32691186	     38.14631648	     36.42817634	     -7.71044368	     14.35873532	     -7.00740769	    -17.25441955	     19.54430537	     -5.30463808	      0.34111248	     20.52308100	     33.40854004	     -7.71044368	    -46.99286174	      9.40523460	      5.03362476	     12.55299796	    -21.41560336	      6.64957050	     51.61250349	     90.00000001	      0.00000000	      0.00000000	      0.25732970	     -8.09364246	     -8.52980088	     40.26496404	     90.00000001	      0.00000000	      0.00000000
      1.10000000	     19.08989399	     -6.37816743	      4.52301164	     -1.20290153	      0.89095754	      0.15151780	    -29.86975481	     12.43355671	    -39.74898325	     19.08378608	     -8.72174292	      0.33307490	     37.61399869	     36.28980175	     -7.70401544	     15.61414653	     -7.32085747	    -17.50437404	     19.38697667	     -5.23535808	      0.33836657	     20.51390978	     34.80204742	     -7.70401544	    -46.32910911	      9.82542738	      5.23935490	     12.52073630	    -21.31459363	      5.89437895	     51.63761217	     90.00000001	      0.00000000	      0.00000000	     -0.03815206	     -7.77879910	     -9.58280474	     39.41126940	     90.00000001	      0.00000000	      0.00000000
      1.11000000	     18.59111674	     -6.60195183	      4.39787669	     -1.18919046	      0.88841107	      0.15104143	    -29.87950149	     12.52120769	    -39.75491603	     19.69460432	     -9.37511953	      0.34373569	     37.40140264	     36.11565300	     -7.70311286	     16.43761422	     -7.27681845	    -17.29052126	     19.29898422	     -5.19675813	      0.33683082	     20.40117045	     34.72131657	     -7.70311286	    -45.72637652	      9.91951014	      5.34954433	     12.47945139	    -21.37554003	      5.81302866	     51.64545154	     90.00000001	      0.00000000	      0.00000000	     -0.61559801	     -7.75354984	     -9.64290874	     39.13093950	     90.00000001	      0.00000000	      0.00000000
      1.12000000	     18.17746041	     -6.92892792	      4.36503754	     -1.17526521	      0.88608199	      0.15009466	    -29.88433247	     12.51410874	    -39.76152429	     20.71999233	     -9.86202803	      0.36163209	     36.81382608	     36.52135601	     -7.69574809	     17.32613734	     -7.34391818	    -17.48297794	     19.91046024	     -5.49646459	      0.34750309	     20.28996212	     36.09880391	     -7.69574809	    -45.17275829	     10.23435170	      5.52472788	     12.37404948	    -21.26884819	      4.97487285	     51.58743924	     90.00000001	      0.00000000	      0.00000000	     -0.66897493	     -7.37473885	    -10.80173730	     37.82013946	     90.00000001	      0.00000000	      0.00000000
      1.13000000	     17.81518920	     -6.97588112	      4.27615408	     -1.16115538	      0.88405676	      0.14917198	    -29.89054726	     12.25802228	    -39.76635710	     21.76383971	    -10.54810490	      0.37985066	     36.30777318	     36.60437347	     -7.69429130	     17.85869804	     -6.96261719	    -16.98126703	     20.56176285	     -5.84788396	      0.35887046	     20.00164043	     36.17037348	     -7.69429130	    -44.66783330	     10.24315465	      5.47739006	     12.27673391	    -21.24807200	      4.81356619	     51.53133579	     90.00000001	      0.00000000	      0.00000000	     -1.04961113	     -7.33560486	    -10.95578395	     37.28710979	     90.00000001	      0.00000000	      0.00000000
      1.14000000	     17.47151187	     -6.83334900	      3.95539938	     -1.14650224	      0.88233058	      0.14824657	    -29.89622460	     11.50162560	    -39.76925925	     23.09341556	    -11.08887554	      0.40305614	     35.45377571	     36.95595203	     -7.68787507	     18.31445216	     -6.46703190	    -17.24347288	     21.68330032	     -6.48111848	      0.37844498	     19.54661003	     36.54528874	     -7.68787507	    -44.13926303	      9.98283179	      5.51577253	     11.97914877	    -21.11613384	      4.20837450	     51.41947029	     90.00000001	      0.00000000	      0.00000000	     -1.18546304	     -7.10162687	    -11.91729174	     36.24770769	     90.00000001	      0.00000000	      0.00000000
      1.15000000	     17.17121221	     -6.58374406	      3.84101177	     -1.13182638	      0.88079712	      0.14701282	    -29.90023475	     10.77149846	    -39.77261518	     24.42485550	    -11.64254605	      0.42629415	     34.44947642	     37.12244832	     -7.68572413	     18.67084636	     -5.70005629	    -16.69062180	     22.99416174	     -7.15612796	      0.40132383	     19.01536527	     36.38920180	     -7.68572413	    -43.63679799	      9.75014439	      5.26951892	     11.73670018	    -20.99523775	      4.00983233	     51.31175126	     90.00000001	      0.00000000	      0.00000000	     -1.47380637	     -7.11015640	    -12.16673982	     35.58985718	     90.00000001	      0.00000000	      0.00000000
      1.16000000	     16.94794933	     -6.15233266	      3.52932718	     -1.11691126	      0.87977125	      0.14585648	    -29.90451151	      9.71637846	    -39.77270177	     25.89338887	    -12.30772061	      0.45192489	     33.05725551	     37.36404515	     -7.68296441	     18.84081375	     -4.79472605	    -16.45131789	     24.50973666	     -7.98034183	      0.42777560	     18.43771113	     36.19251014	     -7.68296441	    -43.22178158	      9.23523929	      5.09641094	     11.39557927	    -20.80409925	      3.67050639	     51.14545724	     90.00000001	      0.00000000	      0.00000000	     -1.58898978	     -7.01421115	    -12.65970959	     34.78958448	     90.00000001	      0.00000000	      0.00000000
      1.17000000	     16.75464227	     -5.58539535	      3.32242001	     -1.10182881	      0.87893734	      0.14450470	    -29.90744566	      8.53698460	    -39.77405294	     27.44645163	    -12.84833218	      0.47903095	     31.41424419	     37.52734940	     -7.68088072	     18.97158278	     -3.72868340	    -15.94821086	     26.23114511	     -8.76752675	      0.45781985	     17.99744772	     35.81438882	     -7.68088072	    -42.80789235	      8.65494784	      4.76374202	     11.02542628	    -20.63351186	      3.39607932	     50.98101944	     90.00000001	      0.00000000	      0.00000000	     -1.72286364	     -7.07114232	    -13.07581528	     34.08297987	     90.00000001	      0.00000000	      0.00000000
      1.18000000	     16.61822649	     -4.89568764	      3.09996937	     -1.08658422	      0.87849326	      0.14316244	    -29.90973832	      7.22059226	    -39.77637071	     29.07110045	    -13.37145426	      0.50738642	     29.42973835	     37.60310678	     -7.67921359	     18.98267940	     -2.60572403	    -15.38940104	     28.06754031	     -9.40627942	      0.48987099	     17.73820693	     35.18943899	     -7.67921359	    -42.45268425	      7.94365938	      4.34164039	     10.59433858	    -20.37885453	      3.18083777	     50.81762595	     90.00000001	      0.00000000	      0.00000000	     -1.82642764	     -7.14893395	    -13.43072099	     33.41267468	     90.00000001	      0.00000000	      0.00000000
      1.19000000	     16.63819632	     -3.89862762	      2.61399912	     -1.07137777	      0.87884750	      0.14178945	    -29.91116320	      5.37380653	    -39.77775391	     30.93383594	    -13.94439265	      0.53989729	     26.52712430	     37.53010246	     -7.67338946	     18.44983138	     -1.07811085	    -14.61129494	     29.40579330	     -9.95062682	      0.51322791	     17.48133224	     33.29244490	     -7.67338946	    -42.32711281	      6.82488087	      4.03290534	     10.12151241	    -20.12147131	      2.79026039	     50.61084603	     90.00000001	      0.00000000	      0.00000000	     -1.66558534	     -7.09730628	    -14.39196849	     32.64587580	     90.00000001	      0.00000000	      0.00000000
      1.20000000	     16.69765119	     -2.90448155	      2.30820588	     -1.05610185	      0.87935148	      0.14027683	    -29.91048886	      3.63723928	    -39.78004793	     32.80113652	    -14.39594285	      0.57248783	     23.49285450	     37.30816341	     -7.66844177	     17.92918658	      0.35740193	    -13.72223004	     30.91074049	    -10.23024169	      0.53949420	     17.55228779	     31.33578413	     -7.66844177	    -42.21220809	      5.79876294	      3.57385507	      9.62996651	    -19.88796758	      2.66267188	     50.40143482	     90.00000001	      0.00000000	      0.00000000	     -1.58899281	     -7.20656723	    -14.81163782	     32.10955207	     90.00000001	      0.00000000	      0.00000000
      1.21000000	     16.79251828	     -1.94112994	      2.12036509	     -1.04069343	      0.87993839	      0.13882940	    -29.90668311	      1.98509065	    -39.78099983	     34.74425304	    -14.71128283	      0.60640161	     20.42726542	     36.96540198	     -7.66655714	     17.40147087	      1.58294812	    -13.10023742	     32.50067953	    -10.28187926	      0.56724387	     17.99302196	     30.10993009	     -7.66655714	    -42.10346247	      4.83459375	      3.05996678	      9.07719411	    -19.61684434	      2.61378792	     50.19933604	     90.00000001	      0.00000000	      0.00000000	     -1.55265553	     -7.45102025	    -14.94310569	     31.72406518	     90.00000001	      0.00000000	      0.00000000
      1.22000000	     17.12149640	     -0.50321774	      1.56058733	     -1.02563553	      0.88166416	      0.13728788	    -29.90565896	     -0.42517254	    -39.78275185	     36.91759280	    -15.10474019	      0.64433355	     16.27184984	     36.16658401	     -7.66189000	     15.94796197	      3.60638613	    -12.07213002	     32.80680479	    -10.28268305	      0.57258676	     18.06063074	     27.16920356	     -7.66189000	    -42.35504937	      3.28803633	      2.57797117	      8.56339861	    -19.36921366	      2.56723463	     50.00994521	     90.00000001	      0.00000000	      0.00000000	     -1.32670511	     -7.61490707	    -15.13724534	     31.42192924	     90.00000001	      0.00000000	      0.00000000
      1.23000000	     17.48851541	      0.86431170	      1.22830041	     -1.01065384	      0.88343094	      0.13570743	    -29.89999387	     -2.65094474	    -39.78133809	     39.19784040	    -15.28834325	      0.68413137	     12.67177221	     35.07268689	     -7.65717066	     14.50867219	      5.42012237	    -11.39188788	     33.11392865	    -10.18093954	      0.57794708	     18.38773075	     25.21230985	     -7.65717066	    -42.62664327	      1.91132003	      1.98116270	      8.03040647	    -19.10374590	      2.61562641	     49.77880749	     90.00000001	      0.00000000	      0.00000000	     -1.10249688	     -7.89573379	    -15.15034490	     31.32441784	     90.00000001	      0.00000000	      0.00000000
      1.24000000	     17.95491765	      2.28702027	      0.88444775	     -0.99581009	      0.88550799	      0.13416448	    -29.89054868	     -4.97540786	    -39.77485232	     41.61405918	    -15.34479413	      0.72630235	      9.34824826	     33.50318484	     -7.65053739	     12.78951785	      7.34359445	    -10.98125772	     32.94869832	    -10.22570359	      0.57506327	     18.72018604	     23.75534215	     -7.65053739	    -43.01558946	      0.48733459	      1.31261262	      7.53445718	    -18.79269981	      2.72700699	     49.55431734	     90.00000001	      0.00000000	      0.00000000	     -0.89093736	     -8.23622063	    -14.94315717	     31.39092957	     90.00000001	      0.00000000	      0.00000000
      1.25000000	     18.52931056	      3.54488876	      0.59797736	     -0.98108345	      0.88788299	      0.13283763	    -29.87873287	     -7.01521050	    -39.76441665	     43.94106399	    -15.46818183	      0.76691624	      6.06078970	     31.75427154	     -7.64610943	     10.87526634	      9.00741086	    -11.17317534	     32.47543022	    -10.45725602	      0.56680318	     19.33173981	     23.53567327	     -7.64610943	    -43.52803527	     -0.75476822	      0.71517993	      7.03908709	    -18.49312978	      2.84101585	     49.28845127	     90.00000001	      0.00000000	      0.00000000	     -0.65422928	     -8.59798644	    -14.64277562	     31.65419642	     90.00000001	      0.00000000	      0.00000000
      1.26000000	     19.18603869	      4.70976126	      0.38085140	     -0.96650497	      0.89047560	      0.13154994	    -29.86134122	     -8.91295708	    -39.74835031	     46.30948022	    -15.50714464	      0.80825290	      3.44862324	     29.93388124	     -7.64238791	      8.76463917	     10.58808611	    -11.57040182	     31.69885825	    -10.83635088	      0.55324945	     20.03186839	     23.90551514	     -7.64238791	    -44.13196166	     -1.85437652	      0.08170818	      6.58325428	    -18.16610285	      2.96359977	     48.98450304	     90.00000001	      0.00000000	      0.00000000	     -0.42411823	     -8.98853053	    -14.23292056	     32.08270660	     90.00000001	      0.00000000	      0.00000000
      1.27000000	     19.92879549	      5.65822346	      0.27040401	     -0.95214986	      0.89329486	      0.13046463	    -29.83522992	    -10.43660353	    -39.72948424	     48.56727407	    -15.58627150	      0.84765884	      1.53135500	     28.47749916	     -7.64002549	      6.48334007	     11.86780684	    -11.94589872	     30.77587518	    -11.14158183	      0.53714035	     21.01291605	     24.72320171	     -7.64002549	    -44.84055155	     -2.70033462	     -0.53069222	      6.18566516	    -17.79351497	      3.06229876	     48.62422751	     90.00000001	      0.00000000	      0.00000000	     -0.15607386	     -9.38776383	    -13.85379314	     32.64520885	     90.00000001	      0.00000000	      0.00000000
      1.28000000	     20.75541216	      6.51728578	      0.17859182	     -0.93795954	      0.89630782	      0.12942043	    -29.79722275	    -11.87233898	    -39.69705469	     50.87581932	    -15.51518188	      0.88795056	      0.70882487	     26.63150869	     -7.63562371	      4.06491904	     13.03245644	    -12.80918231	     29.61903057	    -11.68120513	      0.51694960	     21.33193084	     26.25089369	     -7.63562371	    -45.65113622	     -3.40843597	     -1.14687656	      5.80236159	    -17.45692357	      3.17678229	     48.28202824	     90.00000001	      0.00000000	      0.00000000	      0.06353179	     -9.86822506	    -13.00456644	     33.37889137	     90.00000001	      0.00000000	      0.00000000
      1.29000000	     21.67227224	      6.99711652	      0.20448552	     -0.92405131	      0.89966599	      0.12868963	    -29.73739610	    -12.66791159	    -39.67088362	     52.80839673	    -15.65472766	      0.92168040	      0.37685691	     25.84819050	     -7.63310268	      1.45559779	     13.68681290	    -13.13901429	     28.43346602	    -11.89974643	      0.49625760	     22.27874663	     27.54135904	     -7.63310268	    -46.57751778	     -3.71526565	     -1.64988559	      5.52947965	    -17.07082360	      3.22043338	     47.84326086	     90.00000001	      0.00000000	      0.00000000	      0.38415826	    -10.26203686	    -12.54408869	     34.13287668	     90.00000001	      0.00000000	      0.00000000
      1.30000000	     22.61433557	      7.43722060	      0.20586869	     -0.91019048	      0.90297949	      0.12798398	    -29.62365948	    -13.50671005	    -39.63128415	     54.76496175	    -15.59077960	      0.95582890	      0.90234386	     25.20031687	     -7.62901684	     -1.13150218	     14.23850732	    -13.91942001	     27.25441472	    -12.23063631	      0.47567927	     22.71153118	     29.44653431	     -7.62901684	    -47.51162879	     -3.96382632	     -2.16020582	      5.24338549	    -16.69402040	      3.26433490	     47.44676509	     90.00000001	      0.00000000	      0.00000000	      0.64996809	    -10.72759924	    -11.67511428	     35.03683520	     90.00000001	      0.00000000	      0.00000000
      1.31000000	     23.59295282	      7.56740807	      0.22488254	     -0.89662732	      0.90650990	      0.12764092	    -29.38520178	    -13.87331475	    -39.60097840	     56.40216237	    -15.72103580	      0.98440344	      1.92884332	     25.10565406	     -7.62524644	     -3.78988482	     14.34803255	    -14.28720997	     26.11717960	    -12.24533717	      0.45583078	     23.39050493	     30.97454776	     -7.62524644	    -48.49621560	     -3.93894458	     -2.49899524	      5.02815713	    -16.31793996	      3.29424906	     47.01680422	     90.00000001	      0.00000000	      0.00000000	      1.00969939	    -11.13320100	    -10.97325495	     35.90979038	     90.00000001	      0.00000000	      0.00000000
      1.32000000	     24.42462996	      7.40933957	      0.22567914	     -0.88358057	      0.90995824	      0.12758724	    -28.71646744	    -13.89526182	    -39.57415706	     57.89452810	    -16.06172268	      1.01045013	      3.08310649	     24.99728786	     -7.62344987	     -6.21625146	     14.05721940	    -14.25945938	     25.18325179	    -11.94138843	      0.43953066	     24.10447518	     31.61079954	     -7.62344987	    -49.37916605	     -3.69203952	     -2.63002191	      4.89528387	    -15.98390394	      3.34024603	     46.54100406	     90.00000001	      0.00000000	      0.00000000	      1.57144026	    -11.38407452	    -10.68946459	     36.56906003	     90.00000001	      0.00000000	      0.00000000
      1.33000000	     24.88966600	      7.42056407	      0.15144213	     -0.87079207	      0.91264998	      0.12738246	    -27.43972745	    -14.28127452	    -39.55622651	     59.63017288	    -16.35892916	      1.04074285	      5.29927818	     25.11537288	     -7.62044991	     -8.15634144	     14.10900578	    -14.29881014	     24.21035484	    -11.88830688	      0.42255041	     24.55341578	     32.54346304	     -7.62044991	    -49.90641610	     -3.63300371	     -2.89488553	      4.81290063	    -15.59340957	      3.35815459	     46.05554302	     90.00000001	      0.00000000	      0.00000000	      2.02679119	    -11.73408479	    -10.06379721	     37.44075377	     90.00000001	      0.00000000	      0.00000000
      1.34000000	     25.09744106	      7.09630821	      0.00755908	     -0.85857874	      0.91507848	      0.12761175	    -25.53892189	    -14.25076913	    -39.54099733	     61.15103924	    -17.01822306	      1.06728698	      6.88890101	     24.95656293	     -7.61857875	     -9.68359226	     13.69625619	    -14.03737416	     23.52728067	    -11.49437858	      0.41062851	     25.03707371	     32.74904726	     -7.61857875	    -50.21970218	     -3.38001469	     -2.82354690	      4.76272593	    -15.28879211	      3.42332657	     45.65131005	     90.00000001	      0.00000000	      0.00000000	      2.71035716	    -11.90910568	     -9.74876461	     38.10995344	     90.00000001	      0.00000000	      0.00000000
      1.35000000	     25.18608049	      7.01058891	     -0.12017653	     -0.84635925	      0.91700108	      0.12750753	    -23.53165714	    -14.57267842	    -39.52805690	     62.73056315	    -17.38013722	      1.09485487	      9.77754368	     24.75500347	     -7.61560558	    -11.03714920	     13.68484697	    -13.72545302	     22.85446590	    -11.33887090	      0.39888568	     25.49588249	     32.83989220	     -7.61560558	    -50.39689984	     -3.28659898	     -3.00400695	      4.75670701	    -14.94392768	      3.44796572	     45.17201908	     90.00000001	      0.00000000	      0.00000000	      3.28913695	    -12.21654832	     -9.17732390	     38.83632702	     90.00000001	      0.00000000	      0.00000000
      1.36000000	     25.23914980	      6.63779016	     -0.28236017	     -0.83439047	      0.91897466	      0.12784012	    -21.33766654	    -14.41215782	    -39.51694785	     63.78519769	    -17.98788511	      1.11326171	     11.42519923	     24.32019650	     -7.61388987	    -12.34610800	     13.27256127	    -13.22685604	     22.23705472	    -10.93372519	      0.38810982	     25.91479044	     32.71859280	     -7.61388987	    -50.55403497	     -3.01990432	     -2.90516429	      4.69551429	    -14.67455249	      3.52920144	     44.90782194	     90.00000001	      0.00000000	      0.00000000	      4.04452695	    -12.37184435	     -8.92801719	     39.49538375	     90.00000001	      0.00000000	      0.00000000
      1.37000000	     25.24492405	      6.30764721	     -0.42354766	     -0.82252146	      0.92065891	      0.12800658	    -19.09738690	    -14.28924390	    -39.50563852	     64.65166242	    -18.45090076	      1.12838438	     13.37728874	     23.69168790	     -7.61229607	    -13.58407638	     12.96949321	    -12.64775039	     21.61921267	    -10.61634977	      0.37732644	     26.35150277	     32.47562758	     -7.61229607	    -50.66092359	     -2.75273556	     -2.87910323	      4.65602285	    -14.43840478	      3.60562946	     44.67807283	     90.00000001	      0.00000000	      0.00000000	      4.78545350	    -12.55018147	     -8.68487338	     40.15778999	     90.00000001	      0.00000000	      0.00000000
      1.38000000	     25.11333712	      6.33084821	     -0.43905181	     -0.81069457	      0.92179821	      0.12773012	    -16.80517892	    -14.59498687	    -39.48755072	     65.50506431	    -18.53491864	      1.14327905	     16.15591218	     22.53695371	     -7.60777447	    -14.70936953	     13.19925027	    -11.44060043	     20.98197056	    -10.45944928	      0.36620447	     26.52588964	     31.31510842	     -7.60777447	    -50.60404951	     -2.69245290	     -3.21175849	      4.56117661	    -14.09628847	      3.62315179	     44.44766419	     90.00000001	      0.00000000	      0.00000000	      5.46324095	    -12.92173968	     -7.96638499	     40.92083741	     90.00000001	      0.00000000	      0.00000000
      1.39000000	     25.06184920	      6.13539464	     -0.47929620	     -0.79887695	      0.92300150	      0.12774002	    -14.60133255	    -14.51300471	    -39.48282232	     65.79651768	    -18.75379226	      1.14836587	     18.06360890	     21.52669982	     -7.60427546	    -15.93545614	     13.09745095	    -10.51230522	     20.28706865	    -10.23441657	      0.35407614	     26.87617956	     30.55556872	     -7.60427546	    -50.62226272	     -2.48387499	     -3.32933920	      4.43133170	    -13.85011528	      3.67029282	     44.34792964	     90.00000001	      0.00000000	      0.00000000	      6.25624770	    -13.14018415	     -7.65051806	     41.60193441	     90.00000001	      0.00000000	      0.00000000
      1.40000000	     24.95162462	      5.91584385	     -0.53308970	     -0.78710896	      0.92387130	      0.12772234	    -12.33027959	    -14.38555782	    -39.47540150	     65.79449456	    -18.97343029	      1.14833056	     19.62249390	     20.58437155	     -7.60124902	    -17.08155956	     12.99169736	     -9.59880362	     19.61039064	    -10.06204457	      0.34226588	     27.19008175	     29.90370238	     -7.60124902	    -50.57338857	     -2.26422271	     -3.44215167	      4.29805699	    -13.65968429	      3.69917757	     44.32389358	     90.00000001	      0.00000000	      0.00000000	      7.02960225	    -13.36206221	     -7.37521612	     42.29204354	     90.00000001	      0.00000000	      0.00000000
      1.41000000	     24.75537746	      5.64653649	     -0.55698240	     -0.77550443	      0.92441858	      0.12769633	     -9.97896995	    -14.13358069	    -39.49823816	     65.43248772	    -19.22692588	      1.14201235	     20.65724237	     19.96340904	     -7.59981911	    -18.01265170	     12.80582993	     -9.02168450	     19.07774214	    -10.00251426	      0.33296941	     27.52742885	     29.64011828	     -7.59981911	    -50.44792984	     -1.98679815	     -3.53335957	      4.18155727	    -13.50387126	      3.74281386	     44.36419301	     90.00000001	      0.00000000	      0.00000000	      7.86252620	    -13.52950529	     -7.25031445	     42.94137676	     90.00000001	      0.00000000	      0.00000000
      1.42000000	     24.57463819	      5.46971570	     -0.56611353	     -0.76376052	      0.92469379	      0.12768717	     -7.75577699	    -13.96564383	    -39.50455011	     64.82642354	    -19.32562560	      1.13143453	     21.99589456	     19.23087368	     -7.59831879	    -19.04059743	     12.72676515	     -8.33155958	     18.42003058	     -9.94516695	      0.32149018	     27.96162032	     29.31916341	     -7.59831879	    -50.30840676	     -1.78259010	     -3.69076717	      4.02113141	    -13.35261015	      3.75811115	     44.38865755	     90.00000001	      0.00000000	      0.00000000	      8.67108488	    -13.74232116	     -7.06122810	     43.61042070	     90.00000001	      0.00000000	      0.00000000
      1.43000000	     24.60276075	      5.43505085	     -0.44034241	     -0.75193647	      0.92507923	      0.12738784	     -6.01248118	    -14.01978348	    -39.48210102	     63.93611239	    -18.93889883	      1.11589567	     23.52484692	     18.50320456	     -7.59454342	    -20.54034430	     12.80571035	     -6.84855671	     17.43239271	     -9.79406379	      0.30425265	     28.02537391	     28.11437023	     -7.59454342	    -50.37182077	     -1.59164612	     -4.04140269	      3.84007608	    -13.15314198	      3.61010558	     44.45078505	     90.00000001	      0.00000000	      0.00000000	      9.46915934	    -14.10651482	     -6.43277124	     44.39775349	     90.00000001	      0.00000000	      0.00000000
      1.44000000	     24.28259781	      5.30382136	     -0.42201649	     -0.74048009	      0.92471648	      0.12737126	     -3.72042787	    -13.86120013	    -39.50222379	     62.76337109	    -18.95299485	      1.09542748	     24.19672622	     18.24136397	     -7.59311280	    -21.27256384	     12.75819989	     -6.40466808	     16.96728122	     -9.86624549	      0.29613492	     28.39572690	     27.87070336	     -7.59311280	    -50.12949438	     -1.41830732	     -4.26111297	      3.74863775	    -13.03291317	      3.61801479	     44.50821546	     90.00000001	      0.00000000	      0.00000000	     10.37057154	    -14.31129518	     -6.32999209	     44.96706671	     90.00000001	      0.00000000	      0.00000000
      1.45000000	     24.28294304	      5.20173198	     -0.36195012	     -0.72857902	      0.92463046	      0.12735990	     -2.09380214	    -13.75339919	    -39.50262440	     61.18828523	    -18.58277596	      1.06793704	     25.34204171	     18.57441928	     -7.59015214	    -22.70268306	     12.68513379	     -5.45555829	     15.96593935	     -9.74133605	      0.27865821	     28.68724419	     27.38415940	     -7.59015214	    -50.14533340	     -1.23461166	     -4.50503835	      3.59180698	    -12.89354528	      3.47963557	     44.52847453	     90.00000001	      0.00000000	      0.00000000	     11.23065426	    -14.59952280	     -5.94296132	     45.59531096	     90.00000001	      0.00000000	      0.00000000
      1.46000000	     24.09752959	      5.13940470	     -0.32351640	     -0.71691268	      0.92405370	      0.12739653	     -0.25078250	    -13.65827772	    -39.52899498	     59.41052098	    -18.27821297	      1.03690920	     26.06165819	     19.19760104	     -7.58718806	    -23.75984545	     12.65770336	     -4.85052719	     15.21507770	     -9.73441821	      0.26555320	     28.95092005	     27.07413046	     -7.58718806	    -50.01259488	     -1.09940725	     -4.77514283	      3.49218304	    -12.77798829	      3.39477955	     44.58019216	     90.00000001	      0.00000000	      0.00000000	     12.14769390	    -14.84841666	     -5.65203987	     46.13799748	     90.00000001	      0.00000000	      0.00000000
      1.47000000	     23.85591155	      5.10700929	     -0.30711284	     -0.70525562	      0.92313232	      0.12747012	      1.58607622	    -13.60335474	    -39.53611173	     57.44211464	    -17.87057292	      1.00255403	     26.65277478	     20.03481713	     -7.58474572	    -24.73481590	     12.62913917	     -4.47440900	     14.45351410	     -9.69728385	      0.25226141	     29.32665881	     27.08203120	     -7.58474572	    -49.81016415	     -1.01314735	     -5.03371686	      3.40700433	    -12.69749457	      3.33575791	     44.58855197	     90.00000001	      0.00000000	      0.00000000	     13.08787168	    -15.08882802	     -5.41165676	     46.62601388	     90.00000001	      0.00000000	      0.00000000
      1.48000000	     23.67456847	      5.11395935	     -0.28175463	     -0.69357870	      0.92212487	      0.12757380	      3.20408252	    -13.57619054	    -39.56170491	     55.20584277	    -17.32269125	      0.96352372	     27.14010187	     21.58850312	     -7.58156555	    -25.75237969	     12.61473485	     -4.31642829	     13.72586395	     -9.69899076	      0.23956152	     29.52540809	     27.26210653	     -7.58156555	    -49.68238859	     -0.94715679	     -5.32523560	      3.32129154	    -12.62650038	      3.26308578	     44.67548341	     90.00000001	      0.00000000	      0.00000000	     14.05253506	    -15.35166594	     -5.09673931	     47.07491194	     90.00000001	      0.00000000	      0.00000000
      1.49000000	     23.39672063	      5.19300535	     -0.29178630	     -0.68196684	      0.92074466	      0.12773903	      4.88727513	    -13.63537917	    -39.57805877	     52.88303469	    -16.68554353	      0.92298307	     27.37023352	     23.20473872	     -7.57890042	    -26.62443298	     12.65654851	     -4.36590637	     13.03153437	     -9.66791537	      0.22744318	     29.85648622	     27.70459840	     -7.57890042	    -49.46391460	     -0.97163780	     -5.63361206	      3.27862723	    -12.56661595	      3.23100317	     44.69110823	     90.00000001	      0.00000000	      0.00000000	     15.04873719	    -15.59378961	     -4.80972179	     47.43566798	     90.00000001	      0.00000000	      0.00000000
      1.50000000	     22.99547426	      5.34814722	     -0.32697745	     -0.67043194	      0.91895871	      0.12794148	      6.67351595	    -13.77950583	    -39.59041914	     50.52332297	    -15.97440360	      0.88179833	     27.30332411	     24.72120217	     -7.57720900	    -27.33278176	     12.79942541	     -4.48946850	     12.36780141	     -9.67062903	      0.21585886	     30.31427460	     28.27155597	     -7.57720900	    -49.13352477	     -1.08336705	     -5.94943845	      3.25730676	    -12.51990599	      3.22953302	     44.65515063	     90.00000001	      0.00000000	      0.00000000	     16.07020791	    -15.81313357	     -4.53991779	     47.74317110	     90.00000001	      0.00000000	      0.00000000
      1.51000000	     22.64789896	      5.55283527	     -0.36907616	     -0.65888222	      0.91711517	      0.12818459	      8.25356577	    -13.98061397	    -39.60443918	     48.04071242	    -15.11918774	      0.83846861	     27.02238930	     27.03173908	     -7.57536250	    -28.00625063	     12.93327122	     -4.97651582	     11.85918867	     -9.61094390	      0.20698189	     30.55159680	     29.06069173	     -7.57536250	    -48.86139306	     -1.24218456	     -6.27589937	      3.22843771	    -12.48307039	      3.22520676	     44.69296935	     90.00000001	      0.00000000	      0.00000000	     17.11010522	    -16.04895660	     -4.15766885	     48.00851767	     90.00000001	      0.00000000	      0.00000000
      1.52000000	     22.18892089	      5.85399424	     -0.44655182	     -0.64740276	      0.91488999	      0.12842171	      9.93289762	    -14.30786124	    -39.61700698	     45.64973986	    -14.20406632	      0.79673826	     26.54068478	     29.15560152	     -7.57378914	    -28.46598703	     13.20360549	     -5.58617786	     11.50486573	     -9.60448400	      0.20079779	     30.89197040	     29.91359850	     -7.57378914	    -48.49113263	     -1.50622254	     -6.62329644	      3.20691436	    -12.46603153	      3.24048198	     44.71558484	     90.00000001	      0.00000000	      0.00000000	     18.14605880	    -16.26962999	     -3.78979945	     48.24264239	     90.00000001	      0.00000000	      0.00000000
      1.53000000	     21.70932950	      6.21427617	     -0.58540156	     -0.63593731	      0.91248106	      0.12883763	     11.57787451	    -14.67547507	    -39.63180325	     43.33891393	    -13.29944261	      0.75640674	     25.82321916	     31.53711684	     -7.57204739	    -28.77439477	     13.51103663	     -6.54204367	     11.37149920	     -9.55423259	      0.19847010	     31.18805952	     30.90798730	     -7.57204739	    -48.11811190	     -1.87615092	     -6.93824886	      3.19604569	    -12.45262937	      3.26077393	     44.76171875	     90.00000001	      0.00000000	      0.00000000	     19.20816916	    -16.49369306	     -3.34852506	     48.46271507	     90.00000001	      0.00000000	      0.00000000
      1.54000000	     21.18542778	      6.64859598	     -0.73745772	     -0.62440384	      0.90982867	      0.12927561	     13.20768353	    -15.12092433	    -39.64827597	     41.20175702	    -12.37526890	      0.71910632	     24.97986273	     33.51121114	     -7.57030646	    -28.96268117	     13.90591917	     -7.53081812	     11.37907592	     -9.54361153	      0.19860234	     31.56316799	     31.88582404	     -7.57030646	    -47.68767770	     -2.33134844	     -7.24133708	      3.16957801	    -12.44723233	      3.27576044	     44.77809963	     90.00000001	      0.00000000	      0.00000000	     20.22989380	    -16.68325761	     -2.90479002	     48.67648515	     90.00000001	      0.00000000	      0.00000000
      1.55000000	     20.64011591	      7.13119779	     -0.86532407	     -0.61283037	      0.90706075	      0.12966383	     14.75957012	    -15.58840205	    -39.65665285	     39.24040862	    -11.45964516	      0.68487433	     24.17975579	     34.96037605	     -7.56885227	    -29.10335554	     14.39372119	     -8.29281921	     11.47809517	     -9.63008088	      0.20033055	     31.90512897	     32.67139030	     -7.56885227	    -47.24510755	     -2.79923214	     -7.58313651	      3.16764679	    -12.45931624	      3.27378049	     44.79943159	     90.00000001	      0.00000000	      0.00000000	     21.22639474	    -16.86298168	     -2.50449161	     48.90048505	     90.00000001	      0.00000000	      0.00000000
      1.56000000	     20.15991312	      7.57806977	     -1.12733763	     -0.60101623	      0.90421941	      0.13043872	     16.20393853	    -15.94523547	    -39.66976711	     37.52854068	    -10.71647300	      0.65499660	     23.35886959	     36.25471190	     -7.56616085	    -29.17658238	     14.79992306	     -9.53716924	     11.83108213	     -9.63238520	      0.20649134	     32.24372090	     33.61966598	     -7.56616085	    -46.83782778	     -3.35334396	     -7.75326449	      3.10377136	    -12.49020546	      3.22419552	     44.84010631	     90.00000001	      0.00000000	      0.00000000	     22.16447704	    -17.03336163	     -1.95046251	     49.17051445	     90.00000001	      0.00000000	      0.00000000
      1.57000000	     19.62159404	      8.07492430	     -1.26480566	     -0.58914545	      0.90132564	      0.13101288	     17.56157887	    -16.36363321	    -39.67990325	     36.08919728	     -9.95401261	      0.62987532	     22.66392593	     36.85595928	     -7.56471981	    -29.26460122	     15.29338333	     -9.96909497	     12.14291372	     -9.71835994	      0.21193383	     32.55034353	     34.07507222	     -7.56471981	    -46.37798205	     -3.86348402	     -8.02894805	      3.07675855	    -12.51026199	      3.20441417	     44.80779386	     90.00000001	      0.00000000	      0.00000000	     23.05333541	    -17.15097890	     -1.57632378	     49.43784345	     90.00000001	      0.00000000	      0.00000000
      1.58000000	     19.15396697	      8.56767137	     -1.48425747	     -0.57700072	      0.89837933	      0.13183505	     18.81134790	    -16.68538942	    -39.69273427	     34.97023082	     -9.50620175	      0.61034567	     22.11713194	     37.28617658	     -7.56279382	    -29.32110170	     15.77985901	    -10.65111389	     12.67514936	     -9.84414864	      0.22122309	     32.77061840	     34.46415591	     -7.56279382	    -45.95309985	     -4.44218859	     -8.18849443	      2.99700382	    -12.53741210	      3.11295130	     44.79797869	     90.00000001	      0.00000000	      0.00000000	     23.86258067	    -17.26342073	     -1.09053948	     49.77470281	     90.00000001	      0.00000000	      0.00000000
      1.59000000	     18.69084868	      9.02660680	     -1.60754227	     -0.56464042	      0.89550336	      0.13258089	     19.91359893	    -16.93468279	    -39.70545073	     34.15072451	     -9.22005860	      0.59604258	     21.90212303	     37.36860819	     -7.56205684	    -29.38602691	     16.21629860	    -10.91764668	     13.29428737	    -10.01653179	      0.23202909	     32.89789883	     34.52586811	     -7.56205684	    -45.51674743	     -4.92418847	     -8.38161170	      2.92078953	    -12.59061924	      3.07328926	     44.76592655	     90.00000001	      0.00000000	      0.00000000	     24.58378743	    -17.27650805	     -0.91234700	     50.12725119	     90.00000001	      0.00000000	      0.00000000
      1.60000000	     18.23208264	      9.35948036	     -1.69226599	     -0.55186496	      0.89268060	      0.13329048	     20.85465820	    -17.04193330	    -39.71437772	     33.64304642	     -9.03590801	      0.58718193	     21.76859129	     37.30060573	     -7.56169610	    -29.45508552	     16.49224500	    -11.06050199	     13.98915170	    -10.15547713	      0.24415676	     32.92333066	     34.49813499	     -7.56169610	    -45.03509740	     -5.26679858	     -8.46762240	      2.78442006	    -12.70043894	      3.03827744	     44.67973518	     90.00000001	      0.00000000	      0.00000000	     25.18657814	    -17.16631741	     -0.79463816	     50.49673314	     90.00000001	      0.00000000	      0.00000000
      1.61000000	     17.86330674	      9.76086300	     -1.78348056	     -0.53898006	      0.88997135	      0.13422458	     21.73308192	    -17.18250732	    -39.72645630	     33.54064229	     -9.28066482	      0.58539464	     21.06382686	     37.56281541	     -7.56070207	    -29.47851129	     16.78885701	    -11.39357484	     14.95283466	    -10.35753092	      0.26097620	     33.19918418	     34.68392287	     -7.56070207	    -44.65159281	     -5.68762990	     -8.59841247	      2.71241680	    -12.71379170	      2.80878051	     44.59088809	     90.00000001	      0.00000000	      0.00000000	     25.70368675	    -17.30859648	     -0.22038544	     51.01800716	     90.00000001	      0.00000000	      0.00000000
      1.62000000	     17.50522684	      9.95842471	     -1.74779991	     -0.52566234	      0.88749626	      0.13503318	     22.37594714	    -17.07770276	    -39.73208696	     33.64592629	     -9.62570474	      0.58723219	     20.69902185	     37.48559839	     -7.55997629	    -29.53590681	     16.82655313	    -11.50026916	     15.98220034	    -10.55930742	      0.27894202	     33.17661910	     34.71404707	     -7.55997629	    -44.23126426	     -5.83646705	     -8.63236472	      2.56528040	    -12.79577229	      2.63618477	     44.47632229	     90.00000001	      0.00000000	      0.00000000	     26.08961074	    -17.23041574	      0.05374417	     51.47392603	     90.00000001	      0.00000000	      0.00000000
      1.63000000	     17.14281611	      9.99314196	     -1.59616675	     -0.51203286	      0.88523831	      0.13569937	     22.86474760	    -16.80292416	    -39.73256824	     33.99692931	    -10.13939590	      0.59335835	     20.37630285	     37.38719237	     -7.55966766	    -29.60033190	     16.69963272	    -11.40774280	     17.03436435	    -10.86263346	      0.29730574	     33.06058464	     34.71192948	     -7.55966766	    -43.77825300	     -5.74927777	     -8.61062651	      2.41668021	    -12.95967490	      2.52778958	     44.31708951	     90.00000001	      0.00000000	      0.00000000	     26.38001766	    -17.04842968	      0.16561100	     51.85516486	     90.00000001	      0.00000000	      0.00000000
      1.64000000	     16.89335673	      9.99912372	     -1.51113111	     -0.49810337	      0.88325970	      0.13669905	     23.23900292	    -16.52804032	    -39.73073438	     34.71254068	    -10.84024576	      0.60584813	     19.55893127	     37.36643120	     -7.55905192	    -29.63948867	     16.37025518	    -11.71603598	     18.41557834	    -10.90561721	      0.32141248	     32.84224428	     34.54694907	     -7.55905192	    -43.41972689	     -5.69626082	     -8.56141911	      2.28538840	    -13.05919052	      2.26900164	     44.14895590	     90.00000001	      0.00000000	      0.00000000	     26.46675331	    -16.97563898	      0.35108057	     52.48520186	     90.00000001	      0.00000000	      0.00000000
      1.65000000	     16.51764567	      9.81640346	     -1.20788074	     -0.48382585	      0.88150110	      0.13726082	     23.53350355	    -16.03209050	    -39.72587535	     35.45058274	    -11.68322992	      0.61872939	     19.12271049	     37.28879684	     -7.55881553	    -29.67539456	     16.02291923	    -11.49620351	     19.51719444	    -11.37889484	      0.34063930	     32.57124239	     34.53415286	     -7.55881553	    -42.88992465	     -5.30425488	     -8.48754227	      2.11223286	    -13.23162705	      2.15795308	     43.95752609	     90.00000001	      0.00000000	      0.00000000	     26.46162800	    -16.72814447	      0.43260313	     52.78788510	     90.00000001	      0.00000000	      0.00000000
      1.66000000	     16.40708756	      9.41449380	     -1.20136850	     -0.46954090	      0.88034235	      0.13860553	     23.67605552	    -15.28496230	    -39.71976669	     36.50815847	    -12.72508470	      0.63718757	     17.53658556	     37.40183043	     -7.55737155	    -29.70207521	     15.22565211	    -12.18899027	     21.16689201	    -11.35798237	      0.36943196	     31.70027712	     34.31242731	     -7.55737155	    -42.68710679	     -4.88994971	     -8.17990797	      2.12808788	    -13.32772867	      1.65648402	     43.73263146	     90.00000001	      0.00000000	      0.00000000	     26.18994786	    -16.61307632	      0.48223465	     53.79670608	     90.00000001	      0.00000000	      0.00000000
      1.67000000	     16.22835859	      8.98756741	     -1.02439739	     -0.45483113	      0.87941526	      0.13962036	     23.77970496	    -14.59598367	    -39.70764856	     37.76246106	    -13.77892384	      0.65907928	     16.94123965	     37.29855263	     -7.55657690	    -29.72240453	     14.45229775	    -12.43954548	     22.71748694	    -11.51079144	      0.39649494	     30.78334499	     34.07236515	     -7.55657690	    -42.34185190	     -4.34408957	     -7.92131177	      2.05491472	    -13.52254480	      1.47632449	     43.46910968	     90.00000001	      0.00000000	      0.00000000	     25.87875763	    -16.33595435	      0.41953984	     54.26386701	     90.00000001	      0.00000000	      0.00000000
      1.68000000	     16.09440807	      8.45420323	     -0.86392730	     -0.43991461	      0.87891420	      0.14073505	     23.79725715	    -13.85086733	    -39.69137438	     39.16657472	    -14.81527706	      0.68358569	     16.55584169	     37.25303332	     -7.55617302	    -29.74740281	     13.57486579	    -12.62809112	     24.31583372	    -11.62164647	      0.42439136	     29.70959885	     33.91154908	     -7.55617302	    -42.02549594	     -3.69358405	     -7.59907036	      2.01854568	    -13.72085737	      1.34419711	     43.18891410	     90.00000001	      0.00000000	      0.00000000	     25.43950620	    -16.04830985	      0.34787429	     54.69094464	     90.00000001	      0.00000000	      0.00000000
      1.69000000	     16.14027767	      7.53506676	     -0.60446054	     -0.42479127	      0.87929645	      0.14202077	     23.27488053	    -12.58658240	    -39.67100259	     40.19985249	    -15.68358401	      0.70161978	     16.61708401	     36.78346602	     -7.55511305	    -29.76481444	     12.20003350	    -13.19638437	     26.22506041	    -11.87488207	      0.45771365	     27.75471098	     33.46921502	     -7.55511305	    -41.91260134	     -2.62406150	     -7.23797561	      2.09601920	    -13.93398916	      1.20250562	     42.86844081	     90.00000001	      0.00000000	      0.00000000	     24.74395514	    -15.76249137	      0.04780872	     55.37599857	     90.00000001	      0.00000000	      0.00000000
      1.70000000	     16.27592726	      6.50716335	     -0.32106676	     -0.40956404	      0.88024070	      0.14350526	     22.50514364	    -11.26349543	    -39.64217325	     41.21415967	    -16.27222855	      0.71932278	     17.09390108	     36.14119593	     -7.55378623	    -29.77840511	     10.61996787	    -13.67430059	     28.29338705	    -11.96835833	      0.49381276	     25.88051736	     33.07296755	     -7.55378623	    -41.88066436	     -1.47204475	     -6.80390135	      2.19377553	    -14.15437469	      1.18792785	     42.52770049	     90.00000001	      0.00000000	      0.00000000	     24.03992194	    -15.43913105	     -0.18815644	     55.79243268	     90.00000001	      0.00000000	      0.00000000
      1.71000000	     16.53750902	      5.34817230	     -0.00491694	     -0.39430002	      0.88183106	      0.14513874	     21.37529379	     -9.80393100	    -39.61267824	     42.00916096	    -16.56048306	      0.73319817	     17.91795409	     35.31711788	     -7.55233291	    -29.78597845	      8.86671550	    -14.11659310	     30.53172670	    -12.10359941	      0.53287916	     23.65306198	     32.51152276	     -7.55233291	    -41.99268539	     -0.19578908	     -6.33456766	      2.33379098	    -14.38100156	      1.24655670	     42.20675440	     90.00000001	      0.00000000	      0.00000000	     23.25896475	    -15.14896993	     -0.37804899	     56.13908610	     90.00000001	      0.00000000	      0.00000000
      1.72000000	     16.91670192	      4.21309964	      0.31199795	     -0.37916233	      0.88406355	      0.14667588	     19.91616811	     -8.42257720	    -39.58700906	     42.54884300	    -16.52652860	      0.74261740	     18.96574126	     34.63906117	     -7.55130169	    -29.78704706	      7.17266512	    -14.45291157	     32.84303183	    -12.30189375	      0.57321904	     21.03900577	     31.76505886	     -7.55130169	    -42.24649864	      1.06018299	     -5.89756565	      2.52537599	    -14.60078616	      1.31937974	     41.95227268	     90.00000001	      0.00000000	      0.00000000	     22.43397998	    -14.87196937	     -0.47721378	     56.40920597	     90.00000001	      0.00000000	      0.00000000
      1.73000000	     17.42544500	      2.91468940	      0.62235101	     -0.36425725	      0.88690279	      0.14854267	     18.08666912	     -6.73312124	    -39.56414588	     42.60430286	    -16.29123886	      0.74358536	     20.06819281	     33.71135306	     -7.54990576	    -29.78136509	      5.24378299	    -14.69013013	     35.30663772	    -12.35876398	      0.61621708	     18.71042429	     30.82810541	     -7.54990576	    -42.67142965	      2.41119735	     -5.33133828	      2.76665686	    -14.83635503	      1.51576285	     41.73584888	     90.00000001	      0.00000000	      0.00000000	     21.64454787	    -14.58928613	     -0.58562212	     56.53592885	     90.00000001	      0.00000000	      0.00000000
      1.74000000	     18.02201932	      1.84281792	      0.90368699	     -0.34957425	      0.89022148	      0.15008924	     16.01616977	     -5.37532082	    -39.56449062	     42.41369791	    -15.83938000	      0.74025868	     21.27138021	     33.43012237	     -7.54901456	    -29.76844289	      3.69362217	    -14.75801587	     37.64681686	    -12.59863179	      0.65706091	     16.23584791	     29.95494237	     -7.54901456	    -43.20968798	      3.55429835	     -4.86168794	      3.01012348	    -15.06555435	      1.65948023	     41.64990592	     90.00000001	      0.00000000	      0.00000000	     20.84619904	    -14.32428503	     -0.58404295	     56.59539380	     90.00000001	      0.00000000	      0.00000000
      1.75000000	     18.74419889	      0.59309405	      1.13265416	     -0.33531173	      0.89404584	      0.15206733	     13.63977568	     -3.61664105	    -39.57333223	     41.66292991	    -15.34771194	      0.72715530	     22.27471936	     32.97232102	     -7.54762325	    -29.74126068	      1.90219470	    -14.75513777	     40.09650864	    -12.60147445	      0.69981609	     14.55264324	     28.90397095	     -7.54762325	    -43.94897582	      4.75925466	     -4.21808775	      3.34073180	    -15.30675707	      1.94801051	     41.67170526	     90.00000001	      0.00000000	      0.00000000	     20.11883610	    -14.09033881	     -0.57183810	     56.50477911	     90.00000001	      0.00000000	      0.00000000
      1.76000000	     19.55219142	     -0.14393715	      1.39691644	     -0.32116940	      0.89810630	      0.15336136	     11.07408500	     -2.64321418	    -39.59973209	     40.93820475	    -14.61446756	      0.71450646	     23.42174353	     33.22776765	     -7.54694072	    -29.69191429	      0.76893988	    -14.68054300	     42.29924635	    -12.91113322	      0.73826112	     12.93552456	     28.20737844	     -7.54694072	    -44.74808476	      5.54553660	     -3.85445382	      3.56039266	    -15.49852249	      2.08880524	     41.82233550	     90.00000001	      0.00000000	      0.00000000	     19.39840593	    -13.87037911	     -0.48718828	     56.35210932	     90.00000001	      0.00000000	      0.00000000
      1.77000000	     20.46070225	     -1.00476113	      1.66075324	     -0.30736472	      0.90248141	      0.15508731	      8.26093091	     -1.22992093	    -39.63264400	     39.57079383	    -14.06069989	      0.69064064	     24.43721861	     33.43287596	     -7.54600299	    -29.62706311	     -0.57045313	    -14.53271728	     44.47950885	    -12.97170117	      0.77631388	     12.10485997	     27.30687267	     -7.54600299	    -45.70105328	      6.34917080	     -3.30433765	      3.76791270	    -15.67867203	      2.34585021	     42.09326971	     90.00000001	      0.00000000	      0.00000000	     18.78004841	    -13.65901847	     -0.34335804	     56.15679649	     90.00000001	      0.00000000	      0.00000000
      1.78000000	     21.45493004	     -1.64390474	      2.04284633	     -0.29379237	      0.90701788	      0.15649080	      5.25975984	     -0.07867183	    -39.65389972	     38.06296183	    -13.33209719	      0.66432401	     25.29396094	     33.79465132	     -7.54499461	    -29.48626209	     -1.68101775	    -14.38563832	     46.52639043	    -13.21728216	      0.81203870	     11.72304316	     26.54191555	     -7.54499461	    -46.73849601	      7.00793376	     -2.93591912	      3.93265096	    -15.82547964	      2.58526134	     42.51097553	     90.00000001	      0.00000000	      0.00000000	     18.19021075	    -13.52954235	     -0.16376180	     55.85300446	     90.00000001	      0.00000000	      0.00000000
      1.79000000	     22.40433424	     -2.05812174	      2.31061804	     -0.28053345	      0.91142387	      0.15765933	      2.38653136	      0.80380966	    -39.67818476	     36.55925196	    -12.71048692	      0.63807932	     25.91286231	     34.13914929	     -7.54392888	    -29.19676835	     -2.42670133	    -14.33011028	     48.34512760	    -13.51653886	      0.84378165	     11.81723193	     25.91202578	     -7.54392888	    -47.75549986	      7.43417102	     -2.63477990	      4.17342373	    -15.97475001	      2.78330563	     43.00844272	     90.00000001	      0.00000000	      0.00000000	     17.62851514	    -13.39586382	      0.06236277	     55.49099240	     90.00000001	      0.00000000	      0.00000000
      1.80000000	     23.26170439	     -2.30289287	      2.68737210	     -0.26756264	      0.91559374	      0.15879349	     -0.38013140	      1.56711705	    -39.69773876	     34.98461791	    -12.10524097	      0.61059677	     26.47861543	     34.51660562	     -7.54269105	    -28.59505941	     -3.08516052	    -14.34903162	     50.08974224	    -13.90152432	      0.87423092	     12.20334267	     25.30812650	     -7.54269105	    -48.68174764	      7.73136622	     -2.42881611	      4.33120799	    -16.06839006	      2.97268924	     43.55835973	     90.00000001	      0.00000000	      0.00000000	     17.12966211	    -13.30950274	      0.31665690	     55.07685201	     90.00000001	      0.00000000	      0.00000000
      1.81000000	     23.79167672	     -2.11728499	      3.03121474	     -0.25507147	      0.91913290	      0.15944766	     -2.61603666	      1.65454463	    -39.71175299	     33.87136270	    -11.41157625	      0.59116680	     27.03437346	     34.73569502	     -7.54192423	    -27.38335373	     -3.13613099	    -14.51668120	     51.74652777	    -14.66963565	      0.90314729	     12.77552029	     24.76979201	     -7.54192423	    -49.29946803	      7.68839913	     -2.52092922	      4.54806380	    -16.07765434	      3.05663773	     44.05023441	     90.00000001	      0.00000000	      0.00000000	     16.67461975	    -13.22227550	      0.48754087	     54.56078533	     90.00000001	      0.00000000	      0.00000000
      1.82000000	     24.25439934	     -2.02608546	      3.43138015	     -0.24275063	      0.92237597	      0.16038223	     -4.74612423	      2.03850681	    -39.72041679	     32.56924133	    -10.91660676	      0.56844050	     27.66732794	     35.01935085	     -7.54092180	    -25.97939802	     -3.42081547	    -14.63422451	     53.33854456	    -15.14145850	      0.93093322	     13.61995847	     24.07876660	     -7.54092180	    -49.86105622	      7.70733014	     -2.48991680	      4.69775468	    -16.11343824	      3.19358806	     44.64671405	     90.00000001	      0.00000000	      0.00000000	     16.27446578	    -13.16527570	      0.73134963	     53.99893443	     90.00000001	      0.00000000	      0.00000000
      1.83000000	     24.58809914	     -1.72662773	      3.82607876	     -0.23064202	      0.92528829	      0.16114181	     -6.65355397	      2.14995285	    -39.72436111	     31.42922495	    -10.43115248	      0.54854346	     28.11982703	     35.14042112	     -7.53973015	    -24.36060606	     -3.37425901	    -14.68433649	     54.65254207	    -15.65967805	      0.95386680	     14.50309065	     23.39160591	     -7.53973015	    -50.30571036	      7.56345177	     -2.62523510	      4.87189997	    -16.09752593	      3.32436515	     45.26693517	     90.00000001	      0.00000000	      0.00000000	     15.86975652	    -13.15031650	      0.94300230	     53.40827795	     90.00000001	      0.00000000	      0.00000000
      1.84000000	     24.84590064	     -1.32143373	      4.19448702	     -0.21862113	      0.92785971	      0.16178629	     -8.41654853	      2.07662524	    -39.72717691	     30.48332161	     -9.90087945	      0.53203433	     28.64051779	     35.20799407	     -7.53852614	    -22.64100525	     -3.13171438	    -14.71875039	     55.67639111	    -16.12337696	      0.97173634	     15.44087554	     22.65209719	     -7.53852614	    -50.67212430	      7.32723005	     -2.79837012	      5.03164246	    -16.10319583	      3.45137238	     45.88881879	     90.00000001	      0.00000000	      0.00000000	     15.45868110	    -13.12836099	      1.10585079	     52.80606614	     90.00000001	      0.00000000	      0.00000000
      1.85000000	     25.06646589	     -0.88491308	      4.51036467	     -0.20660874	      0.93012356	      0.16244478	    -10.08165386	      1.94520761	    -39.72492010	     29.66287903	     -9.39684130	      0.51771490	     29.22740525	     35.23645530	     -7.53759051	    -20.90782889	     -2.80643428	    -14.78034181	     56.39167048	    -16.45135870	      0.98422032	     16.46777030	     21.90363791	     -7.53759051	    -50.99496219	      7.03803740	     -2.94989573	      5.18068341	    -16.13107114	      3.58555044	     46.53881779	     90.00000001	      0.00000000	      0.00000000	     15.02476024	    -13.09796620	      1.22273409	     52.18580895	     90.00000001	      0.00000000	      0.00000000
      1.86000000	     25.15669380	     -0.38007116	      4.69403571	     -0.19475130	      0.93197233	      0.16331103	    -11.47912913	      1.69581741	    -39.71866065	     29.01168771	     -9.01336202	      0.50634947	     29.51621070	     35.00708110	     -7.53716255	    -19.04339736	     -2.34035301	    -14.96015765	     56.83268004	    -16.66460443	      0.99191739	     17.19357934	     21.43276738	     -7.53716255	    -51.22080170	      6.58593379	     -3.09411189	      5.40338806	    -16.10777907	      3.65496416	     47.08381018	     90.00000001	      0.00000000	      0.00000000	     14.53552365	    -13.10760292	      1.26318474	     51.70021990	     90.00000001	      0.00000000	      0.00000000
      1.87000000	     25.46890903	     -0.08502596	      5.03656830	     -0.18244603	      0.93378144	      0.16389037	    -13.30085430	      1.78825467	    -39.71480406	     28.06995226	     -8.50225771	      0.48991309	     30.35583550	     35.35025549	     -7.53622325	    -17.56851971	     -2.10203163	    -14.78455771	     56.87664632	    -16.63243482	      0.99268475	     18.55916333	     20.42264591	     -7.53622325	    -51.57454678	      6.45857926	     -3.09759483	      5.38099861	    -16.32764868	      3.92834934	     48.03482420	     90.00000001	      0.00000000	      0.00000000	     14.04668877	    -13.06237146	      1.39037560	     51.00826062	     90.00000001	      0.00000000	      0.00000000
      1.88000000	     25.69361053	      0.22937388	      5.22827092	     -0.17029542	      0.93521660	      0.16475152	    -14.91970139	      1.80585421	    -39.70487567	     27.25410276	     -8.07045902	      0.47567383	     30.83702704	     35.46624443	     -7.53529315	    -16.03821668	     -1.80553803	    -14.76182415	     56.65144115	    -16.48188869	      0.98875417	     19.56880230	     19.63934124	     -7.53529315	    -51.87274280	      6.19567301	     -3.05019925	      5.47021191	    -16.47033212	      4.14531469	     48.85115904	     90.00000001	      0.00000000	      0.00000000	     13.49106449	    -13.02803105	      1.47488598	     50.47039292	     90.00000001	      0.00000000	      0.00000000
      1.89000000	     25.78119910	      0.53274177	      5.37076996	     -0.15822866	      0.93614169	      0.16563685	    -16.30289116	      1.82214635	    -39.69380693	     26.53980495	     -7.74971050	      0.46320698	     31.26925629	     35.40438485	     -7.53478064	    -14.36476008	     -1.46129973	    -14.88512345	     56.20324966	    -16.39166940	      0.98093176	     20.48626476	     19.02883713	     -7.53478064	    -52.03862247	      5.90927185	     -2.99770414	      5.61685831	    -16.58400635	      4.25769441	     49.56346481	     90.00000001	      0.00000000	      0.00000000	     12.90316841	    -13.01778576	      1.50628265	     49.95693113	     90.00000001	      0.00000000	      0.00000000
      1.90000000	     26.20551660	      0.68480822	      5.41633242	     -0.14566553	      0.93722442	      0.16666175	    -18.18274768	      2.01610017	    -39.67545221	     25.62164077	     -7.34955422	      0.44718199	     31.83932419	     35.83764005	     -7.53397401	    -13.31882454	     -1.34849488	    -14.97157362	     55.26084610	    -15.93525382	      0.96448371	     21.45936923	     18.33801319	     -7.53397401	    -52.47699009	      5.70236405	     -2.69168627	      5.57020312	    -16.89562891	      4.51242337	     50.55594154	     90.00000001	      0.00000000	      0.00000000	     12.24759662	    -12.94663598	      1.57773227	     49.43400831	     90.00000001	      0.00000000	      0.00000000
      1.91000000	     26.50701166	      0.82931616	      5.41769373	     -0.13320415	      0.93785302	      0.16773134	    -19.86629047	      2.20334207	    -39.65515232	     24.74712267	     -7.02989231	      0.43191877	     32.27343250	     36.09383093	     -7.53319029	    -12.15151728	     -1.18386695	    -15.20235210	     54.12250422	    -15.59196863	      0.94461590	     22.27376715	     17.76913086	     -7.53319029	    -52.79978155	      5.47153111	     -2.39920849	      5.61924338	    -17.15700061	      4.70697504	     51.41366302	     90.00000001	      0.00000000	      0.00000000	     11.56038731	    -12.91703748	      1.64160390	     48.95205271	     90.00000001	      0.00000000	      0.00000000
      1.92000000	     26.82894076	      0.94222846	      5.35045282	     -0.12068392	      0.93821702	      0.16883590	    -21.57022139	      2.39974037	    -39.63038416	     23.85460108	     -6.73788175	      0.41634133	     32.66833231	     36.45228797	     -7.53235281	    -11.10752983	     -1.04161201	    -15.55380280	     52.67755040	    -15.21882588	      0.91939670	     22.94625378	     17.35333424	     -7.53235281	    -53.13346817	      5.22764841	     -2.05062959	      5.67078688	    -17.45644023	      4.89008384	     52.26646512	     90.00000001	      0.00000000	      0.00000000	     10.82746183	    -12.88861423	      1.69940523	     48.50525569	     90.00000001	      0.00000000	      0.00000000
      1.93000000	     27.01477510	      0.98768001	      5.27600201	     -0.10822874	      0.93808513	      0.16996357	    -23.05495328	      2.67762874	    -39.60221789	     23.01705953	     -6.57154012	      0.40172347	     33.20339190	     36.63425674	     -7.53178524	     -9.93043301	     -0.94120115	    -15.97909508	     51.08717076	    -14.89391002	      0.89163934	     23.63534342	     16.87039716	     -7.53178524	    -53.32296010	      5.02456330	     -1.65957921	      5.78436061	    -17.71669090	      5.00953585	     52.93431426	     90.00000001	      0.00000000	      0.00000000	     10.10201982	    -12.82814478	      1.71260295	     47.99504452	     90.00000001	      0.00000000	      0.00000000
      1.94000000	     27.33157726	      1.00938354	      5.13605697	     -0.09562471	      0.93790315	      0.17104655	    -24.76686239	      2.90066531	    -39.56812883	     22.11874075	     -6.23456394	      0.38604485	     33.65053638	     37.02673825	     -7.53117832	     -9.04223770	     -0.89255245	    -16.52093517	     49.17338835	    -14.46781669	      0.85823753	     24.11390706	     16.65265619	     -7.53117832	    -53.62731684	      4.82019093	     -1.21656490	      5.88110368	    -18.04372007	      5.15408345	     53.66653914	     90.00000001	      0.00000000	      0.00000000	      9.34036188	    -12.75499420	      1.69628192	     47.53836065	     90.00000001	      0.00000000	      0.00000000
      1.95000000	     27.62387918	      1.03573902	      4.97402822	     -0.08302621	      0.93747217	      0.17197389	    -26.46098200	      3.03632367	    -39.52921065	     21.26621615	     -5.80357196	      0.37116549	     33.84720719	     37.35868759	     -7.53034859	     -8.21650071	     -0.80971988	    -17.23641226	     46.97203164	    -14.10364560	      0.81981661	     24.41302791	     16.96859536	     -7.53034859	    -53.91379465	      4.61789475	     -0.79572216	      6.01581774	    -18.39707503	      5.31819370	     54.36907236	     90.00000001	      0.00000000	      0.00000000	      8.53108151	    -12.67007836	      1.62964566	     47.18300834	     90.00000001	      0.00000000	      0.00000000
      1.96000000	     27.70009786	      0.94104667	      4.82578457	     -0.07060270	      0.93646964	      0.17292363	    -27.80086554	      3.30511771	    -39.50558725	     20.52599569	     -5.55117418	      0.35824621	     34.12481072	     37.57108371	     -7.52932486	     -7.13028831	     -0.83806005	    -18.02692803	     44.71607720	    -13.79292662	      0.78044278	     24.71528125	     17.59790810	     -7.52932486	    -53.99246278	      4.50140443	     -0.32091245	      6.23794124	    -18.71862445	      5.45189117	     54.85693200	     90.00000001	      0.00000000	      0.00000000	      7.72788611	    -12.53406036	      1.44599041	     46.78119069	     90.00000001	      0.00000000	      0.00000000
      1.97000000	     27.47153411	      0.64632392	      4.76123915	     -0.05857955	      0.93478961	      0.17391705	    -28.66245874	      3.85131318	    -39.48149628	     19.86795690	     -5.51141387	      0.34676126	     34.72962615	     37.67220072	     -7.52892361	     -5.60817488	     -1.08453938	    -18.40120361	     42.64403373	    -13.23234561	      0.74427879	     24.90931003	     17.61317148	     -7.52892361	    -53.81356705	      4.56701321	      0.23877162	      6.60042828	    -18.98614789	      5.48905470	     55.09783920	     90.00000001	      0.00000000	      0.00000000	      7.03214829	    -12.39487293	      1.29519326	     46.25203227	     90.00000001	      0.00000000	      0.00000000
      1.98000000	     27.05749062	      0.29985820	      4.68793576	     -0.04680724	      0.93270768	      0.17482172	    -29.22996683	      4.36075496	    -39.47622765	     19.37666607	     -5.46659417	      0.33818662	     35.15966171	     37.84210136	     -7.52858971	     -3.90452721	     -1.36402371	    -18.65393828	     40.49957365	    -12.54728430	      0.70685091	     24.90663575	     17.96997020	     -7.52858971	    -53.49161895	      4.67002651	      0.81493679	      7.01187308	    -19.26526266	      5.52441852	     55.32575375	     90.00000001	      0.00000000	      0.00000000	      6.35224904	    -12.21029946	      1.05785889	     45.78431677	     90.00000001	      0.00000000	      0.00000000
      1.99000000	     26.45429371	     -0.17420937	      4.65089422	     -0.03528391	      0.93014290	      0.17564109	    -29.47517889	      4.97141112	    -39.48862810	     19.08066359	     -5.47943534	      0.33302040	     35.58046099	     37.92872684	     -7.52830703	     -1.96313827	     -1.75951750	    -18.74398390	     38.39801795	    -11.81242102	      0.67017184	     24.77111986	     18.44948968	     -7.52830703	    -53.01063453	      4.90045903	      1.41995139	      7.51105020	    -19.53541330	      5.53904524	     55.46186785	     90.00000001	      0.00000000	      0.00000000	      5.70012924	    -11.98321338	      0.79338576	     45.31816702	     90.00000001	      0.00000000	      0.00000000
      2.00000000	     25.77679063	     -0.67954666	      4.68766872	     -0.02374602	      0.92733313	      0.17635598	    -29.61135036	      5.73888786	    -39.52039836	     18.69811476	     -5.71583126	      0.32634367	     36.11484611	     38.02881730	     -7.52792418	     -0.02260606	     -2.16776175	    -18.58877928	     36.15304155	    -10.98532213	      0.63098961	     24.47501890	     19.62935926	     -7.52792418	    -52.44386563	      5.20885419	      1.97742520	      8.02123297	    -19.78505475	      5.60730717	     55.46113755	     90.00000001	      0.00000000	      0.00000000	      5.10343693	    -11.71642403	      0.24544841	     44.62884595	     90.00000001	      0.00000000	      0.00000000
      2.01000000	     25.05301854	     -1.32507867	      4.78717090	     -0.01226866	      0.92424815	      0.17687685	    -29.68250914	      6.59291406	    -39.55483355	     18.42502852	     -5.78986881	      0.32157741	     36.54972600	     38.04192906	     -7.52758107	      1.99946499	     -2.73590400	    -18.37616327	     34.03351166	    -10.17142750	      0.59399683	     24.09052231	     20.76715759	     -7.52758107	    -51.83126663	      5.68530762	      2.58125747	      8.56383052	    -20.04539865	      5.61424328	     55.40636554	     90.00000001	      0.00000000	      0.00000000	      4.49400033	    -11.41078824	     -0.23749855	     44.07551643	     90.00000001	      0.00000000	      0.00000000
      2.02000000	     24.29248581	     -2.06534761	      4.97581880	     -0.00054574	      0.92088650	      0.17735769	    -29.73235701	      7.63600404	    -39.58460329	     18.04823321	     -5.91951580	      0.31500109	     36.72319155	     38.03514494	     -7.52638085	      4.15303113	     -3.56725335	    -18.77749260	     32.13104126	     -9.50232987	      0.56079246	     23.92099617	     23.85861651	     -7.52638085	    -51.12713921	      6.29865726	      3.03296110	      9.19552958	    -20.19049917	      5.68498804	     55.19780643	     90.00000001	      0.00000000	      0.00000000	      3.87013975	    -10.89657798	     -1.74818088	     43.28145709	     90.00000001	      0.00000000	      0.00000000
      2.03000000	     23.56538607	     -2.72134078	      5.18645515	      0.01094392	      0.91758989	      0.17766706	    -29.76803208	      8.59686131	    -39.61935181	     17.77077731	     -6.08718160	      0.31015857	     37.14238194	     38.03713723	     -7.52596732	      6.03819713	     -4.06554922	    -18.09202330	     30.05336316	     -8.57951495	      0.52453014	     23.22843108	     25.05794102	     -7.52596732	    -50.49922571	      6.86757094	      3.53762009	      9.68591296	    -20.39122566	      5.64338049	     55.13603578	     90.00000001	      0.00000000	      0.00000000	      3.28803931	    -10.71213051	     -1.94359504	     42.74324787	     90.00000001	      0.00000000	      0.00000000
      2.04000000	     22.82721582	     -3.46193294	      5.54042203	      0.02266942	      0.91413065	      0.17767986	    -29.79462350	      9.71905326	    -39.64655090	     17.44873739	     -6.26974231	      0.30453792	     37.11852838	     37.93193443	     -7.52492805	      8.00657954	     -4.69430146	    -17.78567548	     28.25911431	     -7.88135451	      0.49321459	     22.65660772	     27.20139983	     -7.52492805	    -49.79744018	      7.62505756	      3.92544026	     10.22455786	    -20.48145237	      5.47799569	     54.85865229	     90.00000001	      0.00000000	      0.00000000	      2.73106804	    -10.36764654	     -2.73483775	     42.04879728	     90.00000001	      0.00000000	      0.00000000
      2.05000000	     22.14036097	     -4.09875522	      5.84834419	      0.03442225	      0.91078712	      0.17764819	    -29.81408122	     10.68761589	    -39.67173581	     17.29211126	     -6.52015910	      0.30180428	     37.41000871	     37.89160591	     -7.52445674	      9.70627278	     -5.09538938	    -17.12793214	     26.41354999	     -7.13001187	      0.46100341	     21.98525641	     28.56898150	     -7.52445674	    -49.15524477	      8.27069327	      4.28445835	     10.65818664	    -20.60462792	      5.37286380	     54.70843426	     90.00000001	      0.00000000	      0.00000000	      2.17829462	    -10.17598731	     -3.00931483	     41.45836875	     90.00000001	      0.00000000	      0.00000000
      2.06000000	     21.47632634	     -4.79304850	      6.21989074	      0.04644884	      0.90739410	      0.17740771	    -29.83039595	     11.71841461	    -39.68907572	     17.18014117	     -6.80658336	      0.29985003	     37.25922987	     37.77478020	     -7.52344542	     11.44785409	     -5.56180431	    -16.97272622	     24.98707406	     -6.69250576	      0.43610671	     21.51025769	     30.64985450	     -7.52344542	    -48.47303800	      9.01635888	      4.60901847	     11.08219117	    -20.64149580	      5.09461719	     54.36326367	     90.00000001	      0.00000000	      0.00000000	      1.66577602	     -9.83700915	     -3.79472819	     40.77448997	     90.00000001	      0.00000000	      0.00000000
      2.07000000	     20.85635242	     -5.33245325	      6.54675828	      0.05867560	      0.90414288	      0.17706269	    -29.84377697	     12.51204387	    -39.70690136	     17.26980827	     -7.12883134	      0.30141502	     37.32877346	     37.69623665	     -7.52282418	     12.93591796	     -5.77903593	    -16.61174509	     23.67933740	     -6.24544421	      0.41328240	     21.07590860	     31.98324449	     -7.52282418	    -47.81425355	      9.62183414	      4.82217564	     11.42361544	    -20.67143629	      4.90776160	     54.11417976	     90.00000001	      0.00000000	      0.00000000	      1.13098797	     -9.63962475	     -4.14331094	     40.12914759	     90.00000001	      0.00000000	      0.00000000
      2.08000000	     20.31220877	     -5.85524253	      6.81851817	      0.07111069	      0.90106077	      0.17665680	    -29.85314359	     13.19451887	    -39.72000547	     17.59611893	     -7.52777865	      0.30711021	     37.36398906	     37.70382501	     -7.52250184	     14.23442009	     -5.92564993	    -16.28153771	     22.66426728	     -5.96214766	      0.39556609	     20.78890233	     32.98406901	     -7.52250184	    -47.20307313	     10.18840851	      5.09308777	     11.69749697	    -20.72986197	      4.69690965	     53.79753397	     90.00000001	      0.00000000	      0.00000000	      0.62072467	     -9.44475629	     -4.40351171	     39.52842362	     90.00000001	      0.00000000	      0.00000000
      2.09000000	     19.80271006	     -6.26303083	      7.01614728	      0.08391349	      0.89812079	      0.17612353	    -29.86484675	     13.63350493	    -39.72978026	     18.11577728	     -7.92005073	      0.31617996	     37.23165340	     37.68362971	     -7.52230160	     15.40293035	     -5.94215583	    -16.19928347	     22.06518367	     -5.83151342	      0.38511011	     20.61901177	     33.52455817	     -7.52230160	    -46.58906824	     10.63787343	      5.23958520	     11.91553719	    -20.71715223	      4.49284507	     53.57729943	     90.00000001	      0.00000000	      0.00000000	      0.04023070	     -9.28510106	     -4.61580288	     38.99634180	     90.00000001	      0.00000000	      0.00000000
      2.10000000	     19.31868435	     -6.56840413	      7.20141899	      0.09717918	      0.89535702	      0.17571280	    -29.87325214	     13.99521669	    -39.73647868	     18.68576059	     -8.44832237	      0.32612805	     36.84493620	     37.63954143	     -7.52148277	     16.48050344	     -5.88589392	    -16.37816192	     21.89734890	     -5.84846580	      0.38218084	     20.53825325	     35.04469447	     -7.52148277	    -45.92651619	     10.93493811	      5.39409684	     12.00800363	    -20.54301688	      3.92898032	     52.98948469	     90.00000001	      0.00000000	      0.00000000	     -0.31943303	     -8.91904258	     -5.77690496	     38.10471364	     90.00000001	      0.00000000	      0.00000000
      2.11000000	     18.92975780	     -6.79426227	      7.28903893	      0.11054004	      0.89286443	      0.17510669	    -29.88108554	     14.09862013	    -39.74375787	     19.58204859	     -9.00185851	      0.34177122	     36.61346545	     37.67649725	     -7.52130237	     17.23608427	     -5.65122760	    -16.09304402	     21.91539499	     -5.92720684	      0.38249580	     20.44194806	     35.14250238	     -7.52130237	    -45.38854867	     11.16365445	      5.44558205	     12.11035846	    -20.51791860	      3.79519391	     52.79156447	     90.00000001	      0.00000000	      0.00000000	     -0.90225133	     -8.83280334	     -5.87925530	     37.61649851	     90.00000001	      0.00000000	      0.00000000
      2.12000000	     18.54013707	     -6.82731141	      7.21517445	      0.12441729	      0.89063201	      0.17455995	    -29.88775208	     13.83869434	    -39.74724701	     20.66556996	     -9.52226942	      0.36068224	     36.23531266	     37.79654198	     -7.52085476	     17.82091166	     -5.22969281	    -16.09361707	     22.22206096	     -6.18889814	      0.38784813	     20.32460881	     35.43403231	     -7.52085476	    -44.77699339	     11.11609359	      5.52919451	     12.11889983	    -20.35280943	      3.39689252	     52.22214371	     90.00000001	      0.00000000	      0.00000000	     -1.30279667	     -8.63076042	     -6.44119683	     36.79885406	     90.00000001	      0.00000000	      0.00000000
      2.13000000	     18.19764196	     -6.83665545	      7.17818214	      0.13843642	      0.88857880	      0.17386742	    -29.89411742	     13.54128735	    -39.75089940	     21.84638578	    -10.06474019	      0.38129136	     35.74165445	     37.89200771	     -7.52064758	     18.27954246	     -4.74081984	    -15.71052131	     22.84022873	     -6.52608185	      0.39863719	     20.09249360	     35.42782437	     -7.52064758	    -44.21918309	     11.08133842	      5.53712176	     12.03116220	    -20.26203366	      3.17513884	     51.92141861	     90.00000001	      0.00000000	      0.00000000	     -1.80451535	     -8.54122150	     -6.70401965	     36.29343927	     90.00000001	      0.00000000	      0.00000000
      2.14000000	     17.87315455	     -6.66579969	      6.94143114	      0.15281247	      0.88686858	      0.17324531	    -29.89916517	     12.89849974	    -39.75258677	     23.16586418	    -10.64369149	      0.40432060	     35.03429904	     38.02567238	     -7.52032759	     18.58000162	     -4.08808287	    -15.59600305	     23.71082881	     -7.07637373	      0.41383203	     19.73591499	     35.31356502	     -7.52032759	    -43.66124405	     10.77240937	      5.58896395	     11.88876966	    -20.09167381	      2.78337096	     51.41930102	     90.00000001	      0.00000000	      0.00000000	     -2.19255517	     -8.38720595	     -7.23379616	     35.62819777	     90.00000001	      0.00000000	      0.00000000
      2.15000000	     17.58712580	     -6.34462296	      6.58893880	      0.16745445	      0.88546753	      0.17266642	    -29.90503626	     11.99015353	    -39.75323930	     24.64334821	    -11.23478026	      0.43010757	     34.20457407	     38.16579454	     -7.51962286	     18.71062155	     -3.30036289	    -15.54061292	     24.72757249	     -7.75602704	      0.43157756	     19.27108219	     35.21770087	     -7.51962286	    -43.13507778	     10.25398137	      5.63053828	     11.65153310	    -19.84071716	      2.24609341	     50.93628047	     90.00000001	      0.00000000	      0.00000000	     -2.49076243	     -8.13979251	     -8.29633480	     34.92879982	     90.00000001	      0.00000000	      0.00000000
      2.16000000	     17.31095568	     -6.04623849	      6.42081376	      0.18205062	      0.88421341	      0.17196201	    -29.90880769	     11.27686673	    -39.75478400	     25.94871807	    -11.83996929	      0.45289057	     33.16780421	     38.21963649	     -7.51944302	     18.91622361	     -2.52213899	    -14.93373443	     26.14470503	     -8.39537450	      0.45631118	     18.90775705	     34.88504918	     -7.51944302	    -42.62537947	      9.86057345	      5.48091640	     11.40409170	    -19.66002963	      2.08192354	     50.61448834	     90.00000001	      0.00000000	      0.00000000	     -2.87150200	     -8.15528510	     -8.49960781	     34.46608291	     90.00000001	      0.00000000	      0.00000000
      2.17000000	     17.07257907	     -5.59125467	      6.00270695	      0.19700201	      0.88336630	      0.17128753	    -29.91167206	     10.12958111	    -39.75521304	     27.47915008	    -12.34305862	      0.47960164	     31.37637961	     38.32765671	     -7.51915841	     19.01618051	     -1.68910976	    -14.89559383	     27.76303365	     -9.20036333	      0.48455635	     18.54658408	     34.03734531	     -7.51915841	    -42.14259645	      9.19133526	      5.48788848	     11.09950601	    -19.40134726	      1.63059572	     50.05598501	     90.00000001	      0.00000000	      0.00000000	     -3.12864960	     -8.06011409	     -9.06043236	     33.82917273	     90.00000001	      0.00000000	      0.00000000
      2.18000000	     16.90068442	     -4.96372506	      5.56982469	      0.21187677	      0.88304352	      0.17058655	    -29.91428997	      8.80308142	    -39.75781031	     29.05070181	    -12.84303443	      0.50703040	     29.28467542	     38.38485648	     -7.51836668	     18.86360214	     -0.67651964	    -14.34402967	     29.25745465	     -9.77456887	      0.51063891	     18.25822762	     32.52219964	     -7.51836668	    -41.77897246	      8.34840042	      5.40320933	     10.75032646	    -19.06072957	      1.01595222	     49.60689919	     90.00000001	      0.00000000	      0.00000000	     -3.20848453	     -7.86812869	    -10.30087441	     33.16214225	     90.00000001	      0.00000000	      0.00000000
      2.19000000	     16.78746029	     -4.32991515	      5.10784623	      0.22690830	      0.88299847	      0.17000440	    -29.91567244	      7.46911159	    -39.75967964	     30.61604568	    -13.36075829	      0.53435080	     26.78174755	     38.37005160	     -7.51798801	     18.70155704	      0.16252010	    -14.06938215	     31.00006981	    -10.23820443	      0.54105329	     18.33016421	     30.95552899	     -7.51798801	    -41.46879776	      7.47168520	      5.33323907	     10.34638100	    -18.80444282	      0.73019200	     49.18821695	     90.00000001	      0.00000000	      0.00000000	     -3.36376347	     -7.88013206	    -10.75200804	     32.68137247	     90.00000001	      0.00000000	      0.00000000
      2.20000000	     16.76242858	     -3.48023033	      4.62117728	      0.24177462	      0.88357716	      0.16922434	    -29.91614408	      5.80779498	    -39.76447347	     32.37363901	    -13.72402634	      0.56502659	     23.85754380	     38.31647874	     -7.51723361	     18.13691554	      1.29526862	    -13.07155170	     32.34679615	    -10.27642924	      0.56455810	     18.24483602	     28.17856909	     -7.51723361	    -41.31264475	      6.39268552	      5.17997137	      9.91670835	    -18.48670545	      0.32696587	     48.81274492	     90.00000001	      0.00000000	      0.00000000	     -3.33328363	     -7.81288864	    -11.63652263	     32.17135837	     90.00000001	      0.00000000	      0.00000000
      2.21000000	     16.83788804	     -2.66732798	      4.04985880	      0.25682078	      0.88442928	      0.16864878	    -29.91554296	      4.14723125	    -39.76632710	     34.16731439	    -14.14588742	      0.59633213	     20.60545034	     38.13419743	     -7.51694863	     17.50917067	      2.16330697	    -12.98505542	     33.74929286	    -10.39934904	      0.58903628	     18.80022598	     26.40764767	     -7.51694863	    -41.24344653	      5.29125790	      5.12761808	      9.42661704	    -18.24885868	      0.14587746	     48.45781080	     90.00000001	      0.00000000	      0.00000000	     -3.36868353	     -7.86994497	    -11.95832914	     31.87493412	     90.00000001	      0.00000000	      0.00000000
      2.22000000	     17.04035402	     -1.40739309	      3.38529333	      0.27153321	      0.88609366	      0.16797038	    -29.91362257	      1.89882867	    -39.77319865	     36.23385744	    -14.44734150	      0.63240011	     17.22683734	     37.89651305	     -7.51604622	     16.21856294	      3.67109218	    -12.05084165	     34.25780297	    -10.00481548	      0.59791146	     18.74000647	     23.10453714	     -7.51604622	    -41.39837870	      3.72034446	      4.85066460	      8.95783282	    -17.90690425	     -0.02324967	     48.18236375	     90.00000001	      0.00000000	      0.00000000	     -3.18195567	     -7.90459454	    -12.83735809	     31.54294211	     90.00000001	      0.00000000	      0.00000000
      2.23000000	     17.37532534	     -0.37639950	      2.69946399	      0.28630822	      0.88800558	      0.16741483	    -29.91062911	     -0.08857609	    -39.77385075	     38.22054963	    -14.87858408	      0.66707443	     13.38178943	     37.37556342	     -7.51573013	     14.84018429	      4.76547583	    -12.20427474	     34.67500093	     -9.90610247	      0.60519293	     19.44540343	     21.96841350	     -7.51573013	    -41.67447966	      2.38143551	      4.69323442	      8.49608630	    -17.66223596	     -0.06563849	     47.98835052	     90.00000001	      0.00000000	      0.00000000	     -3.12113197	     -7.99485008	    -13.06832052	     31.46681393	     90.00000001	      0.00000000	      0.00000000
      2.24000000	     17.84058217	      0.89383163	      1.94739184	      0.30088141	      0.89039813	      0.16677313	    -29.90528039	     -2.42777095	    -39.77425972	     40.44470981	    -15.22162165	      0.70589335	      9.81274523	     36.65842870	     -7.51534018	     13.02849011	      6.23731752	    -12.47850226	     34.39545927	     -9.85538792	      0.60031401	     19.82281673	     20.98472047	     -7.51534018	    -42.12593000	      0.79687269	      4.42316087	      8.02324082	    -17.43922150	      0.00746294	     47.80996767	     90.00000001	      0.00000000	      0.00000000	     -2.95908724	     -8.11415738	    -13.38726964	     31.49707386	     90.00000001	      0.00000000	      0.00000000
      2.25000000	     18.41472303	      2.10525466	      1.27904961	      0.31532154	      0.89304863	      0.16620876	    -29.89756846	     -4.64443441	    -39.76924179	     42.72597881	    -15.51948866	      0.74570901	      6.66590591	     35.52645221	     -7.51495660	     10.99705228	      7.68776518	    -13.01996722	     33.75446035	     -9.96269245	      0.58912647	     20.35293219	     20.71979516	     -7.51495660	    -42.69186122	     -0.68942235	      4.06010176	      7.57588540	    -17.18898641	      0.21177745	     47.67440724	     90.00000001	      0.00000000	      0.00000000	     -2.80064000	     -8.26897427	    -13.63695013	     31.69153891	     90.00000001	      0.00000000	      0.00000000
      2.26000000	     19.08909574	      3.22322396	      0.70933813	      0.32959114	      0.89589728	      0.16559410	    -29.88778589	     -6.69822742	    -39.75925421	     45.05114740	    -15.76412168	      0.78629085	      3.97075587	     33.99038005	     -7.51458452	      8.76309446	      9.07736914	    -13.83750044	     32.76264591	    -10.22556079	      0.57181604	     20.96417310	     21.21505522	     -7.51458452	    -43.36634187	     -2.00525352	      3.59279931	      7.17685641	    -16.94509074	      0.52198308	     47.57951733	     90.00000001	      0.00000000	      0.00000000	     -2.64447637	     -8.44537328	    -13.78047849	     32.05424655	     90.00000001	      0.00000000	      0.00000000
      2.27000000	     19.85967308	      4.07232999	      0.29398508	      0.34366241	      0.89897406	      0.16523983	    -29.87286094	     -8.25722067	    -39.74451349	     47.21692765	    -16.08712928	      0.82409085	      1.83456883	     32.40502241	     -7.51436407	      6.37043476	     10.09742501	    -14.51649006	     31.68814238	    -10.31669668	      0.55306242	     21.98272322	     22.13925640	     -7.51436407	    -44.15815160	     -3.01914617	      3.14482445	      6.80344671	    -16.70089439	      0.82751337	     47.46474025	     90.00000001	      0.00000000	      0.00000000	     -2.49166084	     -8.67387773	    -13.83444659	     32.59158893	     90.00000001	      0.00000000	      0.00000000
      2.28000000	     20.71495370	      4.82641103	     -0.03542033	      0.35757025	      0.90220005	      0.16466301	    -29.85304306	     -9.70135810	    -39.72535683	     49.42935524	    -16.27263939	      0.86270500	      0.42844983	     30.49616900	     -7.51415028	      3.79059327	     11.10919311	    -15.38798325	     30.27843115	    -10.64123222	      0.52845832	     22.62227983	     23.64241795	     -7.51415028	    -45.04513378	     -3.82860880	      2.59022206	      6.49062134	    -16.48359755	      1.24286555	     47.35911405	     90.00000001	      0.00000000	      0.00000000	     -2.35166045	     -8.87956249	    -13.79927574	     33.25176530	     90.00000001	      0.00000000	      0.00000000
      2.29000000	     21.59111308	      5.44644794	     -0.15919002	      0.37138768	      0.90532188	      0.16392957	    -29.82125877	    -10.85527178	    -39.70027143	     51.61950673	    -16.27929690	      0.90093035	      0.11096598	     27.84289962	     -7.51354678	      1.35026687	     11.89965336	    -16.89910351	     29.05839904	    -11.28462373	      0.50716474	     23.04014455	     26.43010531	     -7.51354678	    -45.94396024	     -4.36866647	      1.84961704	      6.21628575	    -16.31648879	      1.94809716	     47.31751488	     90.00000001	      0.00000000	      0.00000000	     -2.26799716	     -9.18168446	    -13.47628150	     33.95020146	     90.00000001	      0.00000000	      0.00000000
      2.30000000	     22.55275867	      5.74932740	     -0.16562839	      0.38493292	      0.90871379	      0.16341034	    -29.77576583	    -11.48916727	    -39.67409856	     53.48595542	    -16.38924727	      0.93350603	      0.02091712	     26.06370139	     -7.51272357	     -1.26672132	     12.24348139	    -17.79649391	     27.84515732	    -11.50097889	      0.48598968	     23.82362733	     28.77615193	     -7.51272357	    -46.95894122	     -4.55961059	      1.24244212	      5.97386473	    -16.11043086	      2.42958789	     47.19948012	     90.00000001	      0.00000000	      0.00000000	     -2.13083739	     -9.47351539	    -13.10811256	     34.78797071	     90.00000001	      0.00000000	      0.00000000
      2.31000000	     23.55581287	      5.94835799	     -0.14071869	      0.39829282	      0.91219872	      0.16290452	    -29.69664692	    -11.97950230	    -39.65236777	     55.18969128	    -16.44107870	      0.96324183	      0.58110233	     24.67258065	     -7.51208697	     -3.99529382	     12.46645916	    -18.26521079	     26.56915492	    -11.50257692	      0.46371923	     24.37923780	     30.53981811	     -7.51208697	    -48.01680808	     -4.60868429	      0.65566611	      5.76682655	    -15.90802358	      2.86638999	     47.03359454	     90.00000001	      0.00000000	      0.00000000	     -1.94406787	     -9.74804829	    -12.75479341	     35.66693583	     90.00000001	      0.00000000	      0.00000000
      2.32000000	     24.57789920	      5.85198617	     -0.00210422	      0.41138243	      0.91582929	      0.16253995	    -29.53882624	    -11.98908066	    -39.63123948	     56.52441155	    -16.59003742	      0.98653709	      1.36494274	     24.06629758	     -7.51193460	     -6.74575808	     12.25489161	    -18.13984959	     25.47680704	    -11.14994795	      0.44465417	     24.99794918	     31.33869384	     -7.51193460	    -49.10799913	     -4.32452917	      0.18091723	      5.60432693	    -15.63180374	      3.04958199	     46.83799911	     90.00000001	      0.00000000	      0.00000000	     -1.60430265	     -9.94823447	    -12.63791541	     36.37412855	     90.00000001	      0.00000000	      0.00000000
      2.33000000	     25.44151996	      6.05394575	      0.11606756	      0.42437067	      0.91888981	      0.16182234	    -29.13579109	    -12.49276071	    -39.62600784	     58.09886252	    -16.41715382	      1.01401644	      3.09513865	     22.86832796	     -7.51155438	     -9.28081853	     12.51617664	    -18.13505090	     24.22763738	    -11.10559512	      0.42285204	     25.23219777	     32.86699907	     -7.51155438	    -50.03286775	     -4.27372009	     -0.51962369	      5.40662625	    -15.45914793	      3.53000004	     46.66533706	     90.00000001	      0.00000000	      0.00000000	     -1.43049142	    -10.31778381	    -12.01625538	     37.47897187	     90.00000001	      0.00000000	      0.00000000
      2.34000000	     25.96854932	      5.75639737	      0.22022531	      0.43658482	      0.92159741	      0.16142473	    -27.94126821	    -12.36925233	    -39.62431035	     59.45031077	    -16.81954449	      1.03760366	      4.21847281	     22.40979092	     -7.51140707	    -11.21054085	     12.06556561	    -17.79229705	     23.55257332	    -10.65406729	      0.41106995	     25.73801511	     33.10585372	     -7.51140707	    -50.68844066	     -3.82188171	     -0.80493707	      5.32912262	    -15.27434403	      3.64309906	     46.41251049	     90.00000001	      0.00000000	      0.00000000	     -0.88884023	    -10.44868705	    -11.81983853	     38.04547481	     90.00000001	      0.00000000	      0.00000000
      2.35000000	     26.15802435	      5.63167519	      0.25331860	      0.44865836	      0.92360661	      0.16126918	    -26.21070584	    -12.44212383	    -39.61085530	     60.86550139	    -17.30467385	      1.06230340	      6.41748812	     21.74291784	     -7.51122543	    -12.80878394	     11.94559719	    -17.14478876	     22.63389506	    -10.31157896	      0.39503599	     26.27713602	     33.50272288	     -7.51122543	    -51.00707332	     -3.62922126	     -1.10948731	      5.19079787	    -15.00418618	      3.82975172	     46.07781943	     90.00000001	      0.00000000	      0.00000000	     -0.35525780	    -10.69957878	    -11.46169912	     38.85353547	     90.00000001	      0.00000000	      0.00000000
      2.36000000	     26.14643577	      5.70073022	      0.35124896	      0.46043383	      0.92498514	      0.16042057	    -24.22198430	    -12.92177487	    -39.59879122	     62.39038794	    -17.41369299	      1.08891769	      9.07541308	     21.15801248	     -7.51092469	    -13.98172671	     12.13934731	    -16.50480210	     22.04264009	    -10.22764483	      0.38471665	     26.52409700	     33.35674792	     -7.51092469	    -51.13900706	     -3.46461628	     -1.66950396	      5.14539505	    -14.78855147	      3.95336056	     45.75033699	     90.00000001	      0.00000000	      0.00000000	      0.18092953	    -11.02662314	    -10.73621579	     39.60205204	     90.00000001	      0.00000000	      0.00000000
      2.37000000	     26.05232684	      5.60654574	      0.41372629	      0.47193212	      0.92622777	      0.15990739	    -21.97825875	    -13.09123016	    -39.59010177	     63.53752256	    -17.81971342	      1.10893897	     11.17409611	     20.81756152	     -7.51057772	    -15.06782875	     12.13994262	    -15.55837034	     21.48011123	     -9.97285131	      0.37489866	     26.81655403	     32.82791806	     -7.51057772	    -51.21873485	     -3.22431104	     -2.02398847	      5.05800725	    -14.54621164	      3.95906679	     45.48812741	     90.00000001	      0.00000000	      0.00000000	      0.87650599	    -11.29979959	    -10.08170732	     40.26891166	     90.00000001	      0.00000000	      0.00000000
      2.38000000	     25.99635431	      5.31882689	      0.51387717	      0.48342545	      0.92743039	      0.15944327	    -19.75248918	    -12.91112947	    -39.58520755	     64.19101226	    -18.31477370	      1.12034451	     12.50069765	     20.47988852	     -7.51043596	    -16.15035576	     11.83052500	    -14.86663801	     20.99345090	     -9.67153526	      0.36640484	     27.17438500	     32.61532147	     -7.51043596	    -51.33165711	     -2.77929109	     -2.23313203	      4.93402718	    -14.40398925	      3.97964323	     45.33050213	     90.00000001	      0.00000000	      0.00000000	      1.66277651	    -11.44667763	     -9.84378178	     40.85568338	     90.00000001	      0.00000000	      0.00000000
      2.39000000	     25.84881411	      5.44397389	      0.67501256	      0.49508019	      0.92809076	      0.15870033	    -17.56801742	    -13.25886435	    -39.57581921	     64.81590207	    -18.44930044	      1.13125090	     15.29296683	     20.16208603	     -7.51012664	    -17.22159050	     12.13234301	    -13.62338697	     20.36394871	     -9.56643785	      0.35541795	     27.50477870	     31.71970765	     -7.51012664	    -51.31200414	     -2.66050007	     -2.76526446	      4.76390167	    -14.13030683	      3.87652109	     45.04466902	     90.00000001	      0.00000000	      0.00000000	      2.38315569	    -11.84272186	     -9.06395097	     41.51158317	     90.00000001	      0.00000000	      0.00000000
      2.40000000	     25.70481292	      5.22388218	      0.81798764	      0.50642733	      0.92871883	      0.15817536	    -15.25160465	    -13.05840823	    -39.59624337	     64.87679724	    -18.92484427	      1.13231372	     16.40632566	     19.87405026	     -7.50998870	    -18.15262132	     11.94888640	    -12.86829191	     19.94093305	     -9.43338493	      0.34803494	     27.79092051	     31.41476336	     -7.50998870	    -51.32029158	     -2.25412929	     -3.03851710	      4.60786766	    -14.00289293	      3.87248164	     44.97757152	     90.00000001	      0.00000000	      0.00000000	      3.22735282	    -12.02590928	     -8.80499210	     42.09286155	     90.00000001	      0.00000000	      0.00000000
      2.41000000	     25.54328526	      5.45083028	      0.98718328	      0.51792791	      0.92900299	      0.15740703	    -13.07737952	    -13.50269827	    -39.57292548	     64.93852587	    -18.97880203	      1.13339109	     18.81021397	     20.04943466	     -7.50934790	    -19.43937858	     12.44188344	    -10.78078905	     18.96987067	     -9.23898403	      0.33108670	     27.77475737	     29.33362565	     -7.50934790	    -51.29400334	     -2.20652247	     -3.55236272	      4.37379407	    -13.72986054	      3.53480146	     44.79718055	     90.00000001	      0.00000000	      0.00000000	      4.05061370	    -12.55529636	     -7.49907444	     42.80221645	     90.00000001	      0.00000000	      0.00000000
      2.42000000	     25.34680171	      5.32010333	      1.19511194	      0.52932444	      0.92906704	      0.15688936	    -10.81782920	    -13.31497033	    -39.57817268	     64.43317534	    -19.29862323	      1.12457106	     19.98902877	     19.68692370	     -7.50920917	    -20.29360513	     12.33547970	    -10.16338766	     18.56616249	     -9.26237905	      0.32404066	     28.18566164	     29.21985854	     -7.50920917	    -51.22902560	     -1.86022946	     -3.89646401	      4.18275750	    -13.61190063	      3.55625560	     44.75002220	     90.00000001	      0.00000000	      0.00000000	      4.96477180	    -12.77188736	     -7.35505432	     43.34462191	     90.00000001	      0.00000000	      0.00000000
      2.43000000	     25.26930393	      5.37200553	      1.43055621	      0.54096883	      0.92899783	      0.15628195	     -8.85622502	    -13.40247465	    -39.54974234	     63.78305377	    -19.29978715	      1.11322430	     21.92259829	     19.66792696	     -7.50896533	    -21.49917467	     12.41657633	     -9.15932202	     17.82275652	     -9.17955365	      0.31106578	     28.58808695	     28.79914941	     -7.50896533	    -51.24517866	     -1.63594839	     -4.32706331	      3.91157870	    -13.45184098	      3.44311229	     44.63984309	     90.00000001	      0.00000000	      0.00000000	      5.87122102	    -13.12134051	     -6.76788259	     43.94877375	     90.00000001	      0.00000000	      0.00000000
      2.44000000	     25.07480427	      5.36146336	      1.61141003	      0.55244886	      0.92856258	      0.15577412	     -6.71298361	    -13.38429520	    -39.54135463	     62.84042050	    -19.44157911	      1.09677224	     23.21059031	     19.80302828	     -7.50875310	    -22.50843077	     12.45056130	     -8.31966112	     17.15604065	     -9.17003242	      0.29942940	     28.94050197	     28.45314271	     -7.50875310	    -51.14214694	     -1.41394114	     -4.66267241	      3.66295952	    -13.34760566	      3.33533832	     44.60079121	     90.00000001	      0.00000000	      0.00000000	      6.81579417	    -13.42748783	     -6.27444235	     44.51660663	     90.00000001	      0.00000000	      0.00000000
      2.45000000	     24.94689151	      5.47057011	      1.80789874	      0.56393756	      0.92806921	      0.15524404	     -4.77029268	    -13.49816012	    -39.54262911	     61.59413407	    -19.47739142	      1.07502044	     24.47253363	     20.67479458	     -7.50829337	    -23.68707315	     12.62587064	     -7.22124301	     16.35956975	     -9.18672564	      0.28552836	     28.97982188	     27.69258541	     -7.50829337	    -51.11495685	     -1.26846985	     -5.07290644	      3.36821500	    -13.21210508	      3.08016466	     44.64725902	     90.00000001	      0.00000000	      0.00000000	      7.78806852	    -13.84533720	     -5.46592160	     45.08457055	     90.00000001	      0.00000000	      0.00000000
      2.46000000	     24.61046220	      5.57275090	      1.99561841	      0.57526735	      0.92700418	      0.15482916	     -2.55490006	    -13.57218720	    -39.54750332	     60.20223921	    -19.51016644	      1.05072729	     25.07713834	     20.55411038	     -7.50818279	    -24.30040195	     12.73248472	     -7.01973667	     16.09291577	     -9.37760515	      0.28087437	     29.33120500	     27.65830276	     -7.50818279	    -50.88547051	     -1.15722197	     -5.51392682	      3.13618341	    -13.11710072	      3.09427136	     44.63105089	     90.00000001	      0.00000000	      0.00000000	      8.79590953	    -14.10446710	     -5.36791546	     45.50846766	     90.00000001	      0.00000000	      0.00000000
      2.47000000	     24.45670056	      5.59080042	      2.07332505	      0.58689852	      0.92605918	      0.15469479	     -0.64271731	    -13.52165020	    -39.51417817	     58.59435445	    -19.49750951	      1.02266441	     26.31493170	     21.52938951	     -7.50800193	    -25.56524096	     12.72606003	     -6.43554441	     14.93857406	     -9.29458726	      0.26072730	     29.91435590	     28.08924894	     -7.50800193	    -50.78834383	     -1.05974107	     -5.72012848	      2.88475556	    -13.04040378	      2.98594483	     44.52553000	     90.00000001	      0.00000000	      0.00000000	      9.87999554	    -14.35893172	     -4.88721590	     45.92091260	     90.00000001	      0.00000000	      0.00000000
      2.48000000	     24.32546299	      5.71538905	      2.16344801	      0.59845157	      0.92499012	      0.15447469	      1.11655130	    -13.61541529	    -39.52846104	     56.70149584	    -19.37732337	      0.98962779	     27.15007790	     23.67235188	     -7.50762789	    -26.66677389	     12.80418535	     -6.29866626	     14.15487114	     -9.32827197	      0.24704911	     29.98592050	     28.46846085	     -7.50762789	    -50.73295433	     -1.02267035	     -6.02344464	      2.57860927	    -12.96582626	      2.78110593	     44.63370177	     90.00000001	      0.00000000	      0.00000000	     10.93308423	    -14.71660480	     -4.23074559	     46.35670203	     90.00000001	      0.00000000	      0.00000000
      2.49000000	     24.02827627	      5.87602267	      2.21810982	      0.60991552	      0.92350787	      0.15437450	      3.07312843	    -13.75052607	    -39.51803198	     54.80520829	    -19.15689210	      0.95653133	     27.61995543	     25.05989901	     -7.50741056	    -27.56177293	     12.91495402	     -6.34306534	     13.35607674	     -9.34384071	      0.23310751	     30.31123641	     29.14059246	     -7.50741056	    -50.51585641	     -1.06767856	     -6.33201211	      2.36113171	    -12.89158468	      2.70928954	     44.56593532	     90.00000001	      0.00000000	      0.00000000	     12.04461747	    -14.96829965	     -3.89970029	     46.66362839	     90.00000001	      0.00000000	      0.00000000
      2.50000000	     23.66014808	      6.06592479	      2.16447282	      0.62136024	      0.92171253	      0.15443392	      5.10552996	    -13.93365002	    -39.52652041	     52.84168572	    -18.93709837	      0.92226140	     27.93993961	     27.23537238	     -7.50708106	    -28.23135539	     13.05719426	     -6.99022718	     12.77144410	     -9.37292841	      0.22290375	     30.67797670	     30.19195016	     -7.50708106	    -50.23671917	     -1.21210156	     -6.56446289	      2.14113101	    -12.83619048	      2.58350116	     44.56423966	     90.00000001	      0.00000000	      0.00000000	     13.13342124	    -15.21877890	     -3.49392525	     46.99384517	     90.00000001	      0.00000000	      0.00000000
      2.51000000	     23.19111424	      6.30934632	      2.11492454	      0.63272542	      0.91965298	      0.15449364	      7.19256186	    -14.19128243	    -39.52583978	     50.87919248	    -18.54555194	      0.88800943	     27.87614237	     29.28240687	     -7.50682247	    -28.74149254	     13.24326423	     -7.75337261	     12.25693263	     -9.37918436	      0.21392383	     31.02151197	     31.39502972	     -7.50682247	    -49.86162195	     -1.41327255	     -6.82609834	      1.97612926	    -12.76652715	      2.47159045	     44.46631691	     90.00000001	      0.00000000	      0.00000000	     14.25366006	    -15.43238521	     -3.17389852	     47.25806417	     90.00000001	      0.00000000	      0.00000000
      2.52000000	     22.64146088	      6.60001282	      1.99894870	      0.64406159	      0.91731567	      0.15465526	      9.35232866	    -14.48060910	    -39.52007724	     48.93739013	    -18.11376269	      0.85411859	     27.49729189	     31.42987942	     -7.50659200	    -29.06818080	     13.50188323	     -8.76173521	     11.90138589	     -9.40817584	      0.20771837	     31.44346908	     32.73503473	     -7.50659200	    -49.41375449	     -1.70440819	     -7.08700954	      1.86089513	    -12.70127418	      2.33068252	     44.34583412	     90.00000001	      0.00000000	      0.00000000	     15.34306252	    -15.64220798	     -2.87432607	     47.50690492	     90.00000001	      0.00000000	      0.00000000
      2.53000000	     22.02417196	      6.98715973	      1.96103408	      0.65524147	      0.91484665	      0.15479929	     11.46842699	    -14.84834082	    -39.50147916	     47.05323428	    -17.44940111	      0.82123386	     27.11204125	     32.23581757	     -7.50651682	    -29.29827791	     13.87808564	     -9.35955516	     11.66190308	     -9.48926432	      0.20353861	     31.82320115	     33.29535895	     -7.50651682	    -48.93868749	     -2.04748014	     -7.47533282	      1.80135790	    -12.60291742	      2.29759577	     44.26031710	     90.00000001	      0.00000000	      0.00000000	     16.42680169	    -15.86293305	     -2.76484483	     47.83134706	     90.00000001	      0.00000000	      0.00000000
      2.54000000	     21.35808538	      7.30194372	      1.78437678	      0.66668354	      0.91219321	      0.15505992	     13.57567345	    -15.16248591	    -39.50400508	     45.19114109	    -16.74505325	      0.78873420	     25.93030277	     34.45684339	     -7.50641378	    -29.43884952	     14.20595665	    -10.36570454	     11.42157122	     -9.50638800	      0.19934402	     32.20224942	     34.51832555	     -7.50641378	    -48.37196943	     -2.42126044	     -7.62885067	      1.73653479	    -12.53180530	      2.12178966	     43.99749294	     90.00000001	      0.00000000	      0.00000000	     17.47797062	    -16.01115192	     -2.46469693	     48.11623453	     90.00000001	      0.00000000	      0.00000000
      2.55000000	     20.78525477	      7.63195575	      1.50848697	      0.67835839	      0.90952489	      0.15555956	     15.48738573	    -15.48486537	    -39.51885475	     43.47904344	    -15.90388356	      0.75885246	     24.64637890	     36.31555099	     -7.50627773	    -29.48907917	     14.47347623	    -11.79644003	     11.61640111	     -9.42992837	      0.20274445	     32.56257589	     35.61296098	     -7.50627773	    -47.85551629	     -2.87278561	     -7.72586270	      1.64442523	    -12.46368163	      1.85559789	     43.82185357	     90.00000001	      0.00000000	      0.00000000	     18.42292728	    -16.14902680	     -2.18552694	     48.47207611	     90.00000001	      0.00000000	      0.00000000
      2.56000000	     20.18174533	      8.04221853	      1.41817055	      0.69008571	      0.90683011	      0.15577974	     17.19833682	    -15.92349859	    -39.52151317	     42.04426117	    -14.76679791	      0.73381079	     24.39784869	     36.44683575	     -7.50623016	    -29.55846231	     14.82150170	    -12.42723480	     11.86058126	     -9.42131994	      0.20700619	     32.69309635	     35.67318814	     -7.50623016	    -47.33262880	     -3.27589713	     -7.97684633	      1.52076423	    -12.43899686	      1.82121514	     43.76449028	     90.00000001	      0.00000000	      0.00000000	     19.33239260	    -16.24479378	     -2.15914689	     48.87159976	     90.00000001	      0.00000000	      0.00000000
      2.57000000	     19.66988599	      8.22648525	      1.10452875	      0.70189362	      0.90432907	      0.15654841	     18.70989322	    -15.87028123	    -39.54224378	     40.31374553	    -13.92817428	      0.70360759	     22.38590446	     37.82541212	     -7.50605168	    -29.58965677	     14.98911243	    -13.66371103	     12.19420965	     -9.49149300	      0.21282911	     33.14109203	     36.79042276	     -7.50605168	    -46.87482458	     -3.63249629	     -7.94920051	      1.57153427	    -12.32558242	      1.41439088	     43.45227140	     90.00000001	      0.00000000	      0.00000000	     20.15703438	    -16.38816160	     -1.84410654	     49.31499421	     90.00000001	      0.00000000	      0.00000000
      2.58000000	     19.19426936	      8.41575063	      0.89571293	      0.71395385	      0.90186384	      0.15718914	     19.92931662	    -15.82015696	    -39.56123888	     38.82405457	    -12.94660683	      0.67760758	     21.43957307	     38.08231742	     -7.50580633	    -29.62276731	     15.12327127	    -14.52754650	     12.72928012	     -9.60008960	      0.22216785	     33.43772883	     37.20387581	     -7.50580633	    -46.43158901	     -3.91578938	     -7.95095559	      1.54580806	    -12.25965764	      1.08585272	     43.27160728	     90.00000001	      0.00000000	      0.00000000	     20.90427798	    -16.46099129	     -1.68536216	     49.79567981	     90.00000001	      0.00000000	      0.00000000
      2.59000000	     18.67540168	      8.74885194	      0.70500025	      0.72622633	      0.89930146	      0.15766147	     21.08944788	    -15.96207210	    -39.58386482	     37.67943077	    -12.02148328	      0.65763013	     21.18141533	     38.18390862	     -7.50573643	    -29.64981883	     15.48867779	    -14.84751337	     13.25288283	     -9.81999815	      0.23130644	     33.50464952	     37.23480452	     -7.50573643	    -45.93323548	     -4.30479427	     -8.04263998	      1.47769028	    -12.25626172	      1.00671404	     43.14692586	     90.00000001	      0.00000000	      0.00000000	     21.57657678	    -16.50329479	     -1.66437013	     50.25410071	     90.00000001	      0.00000000	      0.00000000
      2.60000000	     18.22980645	      8.95117055	      0.54735944	      0.73876101	      0.89692525	      0.15824012	     21.93399603	    -15.85158125	    -39.61189558	     36.54163542	    -11.22596943	      0.63777185	     20.64098328	     38.30603205	     -7.50564923	    -29.66780782	     15.65992953	    -15.18035443	     13.98649115	    -10.05266154	      0.24411032	     33.64520973	     37.31117460	     -7.50564923	    -45.46417657	     -4.55458634	     -8.09219378	      1.49639631	    -12.20750219	      0.76030733	     42.88491040	     90.00000001	      0.00000000	      0.00000000	     22.07093460	    -16.58037423	     -1.58176184	     50.83129910	     90.00000001	      0.00000000	      0.00000000
      2.61000000	     17.70299422	      9.15736443	      0.35337234	      0.75185861	      0.89425689	      0.15869884	     22.80833285	    -15.81422669	    -39.64014492	     35.91806986	    -10.51091072	      0.62688858	     20.61621447	     38.19014728	     -7.50561549	    -29.67900096	     15.86862284	    -15.25425069	     14.67317295	    -10.20262412	      0.25609518	     33.56297441	     37.19712466	     -7.50561549	    -44.80324401	     -4.80868562	     -8.05597231	      1.34807547	    -12.27488497	      0.70581984	     42.79121830	     90.00000001	      0.00000000	      0.00000000	     22.48443367	    -16.55455360	     -1.58177611	     51.17401326	     90.00000001	      0.00000000	      0.00000000
      2.62000000	     17.51838953	      9.07595584	      0.37000838	      0.76472468	      0.89273461	      0.15964682	     22.75107813	    -15.10371504	    -39.66128503	     34.55075694	    -10.00819540	      0.60302447	     20.25202301	     38.22483593	     -7.50540797	    -29.71223906	     15.44237521	    -15.93368322	     15.97866605	    -10.35563756	      0.27888033	     33.79937138	     37.41748446	     -7.50540797	    -44.62556767	     -4.73222278	     -7.92630071	      1.46136674	    -12.04746115	     -0.13236962	     42.32652279	     90.00000001	      0.00000000	      0.00000000	     22.88562710	    -16.58587825	     -1.39661477	     52.03575418	     90.00000001	      0.00000000	      0.00000000
      2.63000000	     17.18611928	      9.17871460	      0.39316523	      0.77817605	      0.89073528	      0.16007979	     22.95994811	    -14.80342074	    -39.68070420	     33.99415727	     -9.67940287	      0.59330997	     20.37391953	     38.12159045	     -7.50528576	    -29.73062219	     15.34694583	    -16.00801764	     17.12979509	    -10.57877985	      0.29897132	     33.58891429	     37.34639162	     -7.50528576	    -44.17662212	     -4.75753046	     -7.93952897	      1.40678165	    -12.02863146	     -0.41027556	     42.11064492	     90.00000001	      0.00000000	      0.00000000	     23.09153699	    -16.56159897	     -1.38608101	     52.64269429	     90.00000001	      0.00000000	      0.00000000
      2.64000000	     16.89682341	      9.21236329	      0.45675068	      0.79196694	      0.88888410	      0.16061237	     23.01756391	    -14.38159105	    -39.69643132	     33.62949423	     -9.61117377	      0.58694540	     20.38610652	     37.98396024	     -7.50517218	    -29.74854288	     15.12316930	    -16.08354917	     18.42018485	    -10.79419749	      0.32149287	     33.25761775	     37.24579146	     -7.50517218	    -43.73227214	     -4.70253779	     -7.90113741	      1.32913746	    -12.00502325	     -0.70967968	     41.87218909	     90.00000001	      0.00000000	      0.00000000	     23.19679496	    -16.52503958	     -1.38939006	     53.21397728	     90.00000001	      0.00000000	      0.00000000
      2.65000000	     16.62144878	      9.27347696	      0.53661586	      0.80612029	      0.88712405	      0.16111312	     23.05323065	    -14.01341936	    -39.70791506	     33.58538522	     -9.81332519	      0.58617555	     20.22489847	     37.83532094	     -7.50509687	    -29.76085677	     14.86273079	    -16.13032741	     19.82337185	    -10.92712623	      0.34598311	     32.73385839	     37.08140205	     -7.50509687	    -43.24842579	     -4.65514193	     -7.88584485	      1.23044037	    -12.00105454	     -0.92705556	     41.67609294	     90.00000001	      0.00000000	      0.00000000	     23.17104110	    -16.43298949	     -1.41172488	     53.68727377	     90.00000001	      0.00000000	      0.00000000
      2.66000000	     16.37153520	      9.27883201	      0.62506330	      0.82043739	      0.88551238	      0.16166409	     23.10749131	    -13.58452700	    -39.71733012	     33.87303185	    -10.34047938	      0.59119593	     19.91923947	     37.67745766	     -7.50504986	    -29.77061084	     14.59789974	    -16.02669654	     21.25666966	    -11.15459359	      0.37099887	     32.10729079	     36.94640953	     -7.50504986	    -42.78371704	     -4.54228266	     -7.77578198	      1.10074034	    -12.03702600	     -1.07802783	     41.47129242	     90.00000001	      0.00000000	      0.00000000	     23.12892577	    -16.34112184	     -1.46174353	     54.07688900	     90.00000001	      0.00000000	      0.00000000
      2.67000000	     16.22420332	      9.08238402	      0.78523961	      0.83498483	      0.88438628	      0.16216994	     22.95659630	    -12.91444801	    -39.72188642	     34.19570170	    -11.07705044	      0.59682758	     19.26287417	     37.55473972	     -7.50494777	    -29.78518693	     14.01980289	    -16.11160715	     22.88859757	    -11.36231598	      0.39948139	     30.85378685	     36.74106664	     -7.50494777	    -42.41036566	     -4.17878621	     -7.64663268	      1.07550303	    -12.07735064	     -1.38591768	     41.19977965	     90.00000001	      0.00000000	      0.00000000	     22.85321697	    -16.20803615	     -1.56425649	     54.61986940	     90.00000001	      0.00000000	      0.00000000
      2.68000000	     16.05805933	      8.96836291	      0.94638633	      0.84972588	      0.88330831	      0.16261967	     23.03181877	    -12.43731432	    -39.72846797	     35.10175041	    -12.14019821	      0.61264112	     18.82252077	     37.39174215	     -7.50491766	    -29.79027194	     13.63259849	    -15.84831897	     24.46300004	    -11.70736986	      0.42695990	     30.01590014	     36.61756549	     -7.50491766	    -41.98850823	     -3.88514309	     -7.50382232	      0.97587052	    -12.17469473	     -1.46474924	     41.01805625	     90.00000001	      0.00000000	      0.00000000	     22.59291752	    -16.00949178	     -1.60426844	     54.78410657	     90.00000001	      0.00000000	      0.00000000
      2.69000000	     16.07307514	      8.77758562	      0.99279802	      0.86475189	      0.88274753	      0.16343706	     22.91051645	    -11.97449890	    -39.72420264	     36.26489648	    -13.16453774	      0.63294185	     18.20088862	     37.29560079	     -7.50487703	    -29.79163301	     12.91305080	    -16.05313641	     26.49553994	    -11.65022651	      0.46243441	     27.89831526	     36.33751964	     -7.50487703	    -41.71859243	     -3.58706851	     -7.29836500	      0.93913682	    -12.24336388	     -1.57307492	     40.79554073	     90.00000001	      0.00000000	      0.00000000	     22.13994986	    -15.84684529	     -1.77248580	     55.16305838	     90.00000001	      0.00000000	      0.00000000
      2.70000000	     16.16126364	      8.36787578	      1.21705201	      0.87978075	      0.88282518	      0.16395463	     22.59100535	    -11.28738411	    -39.72012397	     37.39262856	    -14.22677120	      0.65262448	     17.77142588	     36.93806789	     -7.50480577	    -29.79975315	     12.10802902	    -15.96342698	     28.46592334	    -12.02837148	      0.49682409	     25.06995356	     35.85750186	     -7.50480577	    -41.56288731	     -2.94317995	     -7.12117515	      0.98039182	    -12.37876117	     -1.63439318	     40.58628968	     90.00000001	      0.00000000	      0.00000000	     21.58037007	    -15.62648493	     -2.02095328	     55.51691646	     90.00000001	      0.00000000	      0.00000000
      2.71000000	     16.38418275	      7.88399246	      1.46242956	      0.89493794	      0.88336793	      0.16466258	     22.07330103	    -10.64373384	    -39.71039467	     38.75624071	    -15.11261767	      0.67642401	     17.73077805	     36.49652543	     -7.50473858	    -29.80263897	     11.09256132	    -15.81367092	     30.67952992	    -12.23364605	      0.53545881	     22.38475109	     35.37823562	     -7.50473858	    -41.52626355	     -2.23894909	     -6.90850082	      1.03186274	    -12.52994082	     -1.58728816	     40.40523119	     90.00000001	      0.00000000	      0.00000000	     21.00236988	    -15.40445506	     -2.23522250	     55.68368581	     90.00000001	      0.00000000	      0.00000000
      2.72000000	     16.76615703	      7.15419814	      1.82647431	      0.91010650	      0.88459868	      0.16542457	     21.14510012	     -9.72480785	    -39.69421767	     39.91487088	    -15.71514037	      0.69664592	     18.14050976	     35.62472188	     -7.50463237	    -29.80592186	      9.72051744	    -15.59096357	     33.10013520	    -12.40079073	      0.57770634	     19.43308306	     34.71644301	     -7.50463237	    -41.66893631	     -1.24236756	     -6.66486888	      1.14240141	    -12.74150989	     -1.38278203	     40.25708383	     90.00000001	      0.00000000	      0.00000000	     20.34847654	    -15.15391385	     -2.47455361	     55.79405902	     90.00000001	      0.00000000	      0.00000000
      2.73000000	     17.31595018	      6.26186461	      2.27314916	      0.92517050	      0.88646187	      0.16630555	     19.79469833	     -8.67406747	    -39.67334792	     40.89976880	    -15.90359959	      0.71383563	     18.83073071	     34.67139930	     -7.50453270	    -29.80599073	      8.08283185	    -15.37648830	     35.66954749	    -12.57040172	      0.62255105	     16.55356135	     34.10542621	     -7.50453270	    -42.00080699	     -0.06505360	     -6.37700148	      1.29266040	    -12.97113489	     -1.12422438	     40.20712620	     90.00000001	      0.00000000	      0.00000000	     19.68433866	    -14.92829696	     -2.64787973	     55.83632101	     90.00000001	      0.00000000	      0.00000000
      2.74000000	     18.04560803	      5.07000873	      2.82269445	      0.93998382	      0.88897197	      0.16734638	     17.95657546	     -7.20649942	    -39.64895962	     41.42485459	    -15.69476861	      0.72300010	     19.58900800	     33.22159629	     -7.50434039	    -29.80035047	      5.99557177	    -15.21091406	     38.37803330	    -12.65654125	      0.66982304	     14.25311718	     33.56581504	     -7.50434039	    -42.55123207	      1.42425847	     -5.97437501	      1.50250997	    -13.27332360	     -0.64862034	     40.25641994	     90.00000001	      0.00000000	      0.00000000	     19.03584699	    -14.68208905	     -2.81098179	     55.78303973	     90.00000001	      0.00000000	      0.00000000
      2.75000000	     18.84207850	      4.13349238	      3.32274625	      0.95450115	      0.89184331	      0.16810781	     15.92616710	     -6.13693222	    -39.63457444	     41.83000385	    -15.21928245	      0.73007129	     20.71662044	     32.82781464	     -7.50426788	    -29.78861304	      4.31614024	    -14.84352759	     40.86615243	    -12.83459788	      0.71324891	     11.92614434	     33.05762350	     -7.50426788	    -43.21106266	      2.67089041	     -5.67558360	      1.72976973	    -13.52688155	     -0.42128322	     40.46418668	     90.00000001	      0.00000000	      0.00000000	     18.38047688	    -14.46668064	     -2.86921952	     55.71531225	     90.00000001	      0.00000000	      0.00000000
      2.76000000	     19.81541227	      2.75835638	      3.87748981	      0.96876638	      0.89520076	      0.16945698	     13.44478761	     -4.22588918	    -39.62513419	     41.43380648	    -14.64123951	      0.72315634	     21.44345838	     31.56441918	     -7.50409043	    -29.76917371	      1.93489497	    -14.77211721	     43.51530914	    -12.76204865	      0.75948542	     10.90562141	     32.52125554	     -7.50409043	    -44.06171893	      4.24960365	     -5.04840057	      1.95774157	    -13.90764220	      0.21706899	     40.72354748	     90.00000001	      0.00000000	      0.00000000	     17.78354834	    -14.21604188	     -2.94937059	     55.53122963	     90.00000001	      0.00000000	      0.00000000
      2.77000000	     20.82691749	      1.90603948	      4.28092454	      0.98241851	      0.89887580	      0.17028344	     10.86151929	     -3.04222543	    -39.63680231	     40.95273674	    -13.95478648	      0.71476009	     22.79993491	     31.60576688	     -7.50400710	    -29.73362348	      0.41256739	    -14.50160485	     45.75567900	    -12.91310646	      0.79858725	      9.87047782	     31.99120421	     -7.50400710	    -45.04500791	      5.33241685	     -4.66227547	      2.30438916	    -14.19989248	      0.49730335	     41.25026232	     90.00000001	      0.00000000	      0.00000000	     17.21177247	    -14.00675741	     -2.96481574	     55.36932091	     90.00000001	      0.00000000	      0.00000000
      2.78000000	     21.92091231	      0.91113404	      4.73053869	      0.99585575	      0.90278430	      0.17138752	      8.06615946	     -1.46015573	    -39.64898940	     39.97439400	    -13.33252666	      0.69768479	     23.64411483	     31.53514608	     -7.50389080	    -29.66899644	     -1.37930652	    -14.47762996	     47.85497960	    -13.00401603	      0.83522696	      9.87150803	     31.29759085	     -7.50389080	    -46.13131485	      6.49262802	     -4.11577659	      2.58640436	    -14.54322280	      0.95708132	     41.80805609	     90.00000001	      0.00000000	      0.00000000	     16.68417910	    -13.83112347	     -2.95424327	     55.10240386	     90.00000001	      0.00000000	      0.00000000
      2.79000000	     23.00188620	      0.60908855	      5.03305523	      1.00892785	      0.90683881	      0.17166853	      5.22068448	     -0.97559643	    -39.66656030	     39.23315689	    -12.37958449	      0.68474776	     24.52586137	     31.83542851	     -7.50383986	    -29.54589018	     -2.07295888	    -14.63658275	     49.45035396	    -13.68098951	      0.86307149	     10.17750666	     30.59521598	     -7.50383986	    -47.21467608	      7.02837596	     -3.94155716	      2.91305782	    -14.79329835	      1.09733104	     42.35476289	     90.00000001	      0.00000000	      0.00000000	     16.16988583	    -13.63625758	     -2.91540681	     54.77132393	     90.00000001	      0.00000000	      0.00000000
      2.80000000	     24.16867136	     -0.35393060	      5.46542616	      1.02181983	      0.91104365	      0.17306990	      2.16171294	      0.96770009	    -39.68877474	     37.30809727	    -12.01562844	      0.65114914	     25.21926200	     32.25509363	     -7.50370437	    -29.32369432	     -3.89626821	    -14.87414882	     51.22337492	    -13.68002237	      0.89401655	     11.07659730	     29.63510159	     -7.50370437	    -48.40803716	      8.05492961	     -3.23839390	      3.15594748	    -15.15769436	      1.64319752	     43.15597044	     90.00000001	      0.00000000	      0.00000000	     15.68915939	    -13.46302347	     -2.80043825	     54.48200293	     90.00000001	      0.00000000	      0.00000000
      2.81000000	     25.04252604	     -0.36439731	      5.72454263	      1.03426040	      0.91488980	      0.17333319	     -0.46698720	      1.26930272	    -39.70698297	     36.27723943	    -11.25144367	      0.63315727	     26.01169419	     32.58041930	     -7.50364915	    -28.68647715	     -4.20024669	    -15.39945311	     52.46955408	    -14.62481338	      0.91576648	     12.13700981	     28.63436003	     -7.50364915	    -49.31560072	      8.26870710	     -3.19136416	      3.53915019	    -15.32750536	      1.73279518	     43.72826279	     90.00000001	      0.00000000	      0.00000000	     15.20039408	    -13.31205136	     -2.71570996	     54.01704306	     90.00000001	      0.00000000	      0.00000000
      2.82000000	     25.82640965	     -0.77276960	      6.04372062	      1.04642407	      0.91856660	      0.17455467	     -2.99311096	      2.48911125	    -39.71852236	     34.50909822	    -10.98600021	      0.60229739	     26.58313283	     33.29881394	     -7.50353472	    -27.76371879	     -5.22564789	    -15.71973078	     53.87324935	    -14.85873516	      0.94026558	     13.50573397	     27.39700274	     -7.50353472	    -50.17572884	      8.70715377	     -2.75205499	      3.80492839	    -15.55037808	      2.05806601	     44.48849641	     90.00000001	      0.00000000	      0.00000000	     14.77799817	    -13.18957456	     -2.52853216	     53.60084721	     90.00000001	      0.00000000	      0.00000000
      2.83000000	     26.27331317	     -0.72311501	      6.31101382	      1.05818413	      0.92175173	      0.17518254	     -5.02791867	      2.88966573	    -39.72774408	     33.28623816	    -10.51927152	      0.58095445	     27.10613809	     33.68050302	     -7.50343725	    -26.31869975	     -5.48026106	    -16.12820883	     55.02474050	    -15.55937790	      0.96036289	     14.96796707	     26.08525725	     -7.50343725	    -50.70758152	      8.78064236	     -2.68559670	      4.19651911	    -15.66982547	      2.19074904	     45.04231898	     90.00000001	      0.00000000	      0.00000000	     14.35404697	    -13.07830632	     -2.34517631	     53.05096192	     90.00000001	      0.00000000	      0.00000000
      2.84000000	     26.52602057	     -0.43199379	      6.55156536	      1.06967596	      0.92466974	      0.17562439	     -6.78454013	      2.90000130	    -39.73589905	     32.30563622	     -9.98054154	      0.56383972	     27.55908664	     33.85173476	     -7.50338305	    -24.60500821	     -5.29600952	    -16.44988316	     55.86780921	    -16.35391764	      0.97507722	     16.29565366	     24.94551106	     -7.50338305	    -51.06859855	      8.64515633	     -2.82119770	      4.63575723	    -15.70527217	      2.25090618	     45.54009156	     90.00000001	      0.00000000	      0.00000000	     13.89275158	    -12.97424677	     -2.17854378	     52.48134025	     90.00000001	      0.00000000	      0.00000000
      2.85000000	     26.91906732	     -0.32676983	      6.81836965	      1.08134881	      0.92765659	      0.17642994	     -8.76004028	      3.33842722	    -39.73790232	     30.93555719	     -9.62541443	      0.53992733	     28.00484068	     34.50702713	     -7.50327208	    -23.11963303	     -5.38658424	    -16.26693234	     56.47458170	    -16.45537738	      0.98566739	     17.79598512	     23.24317923	     -7.50327208	    -51.52174728	      8.63406047	     -2.74800008	      4.95441300	    -15.84754973	      2.44033560	     46.18055741	     90.00000001	      0.00000000	      0.00000000	     13.45666657	    -12.93599822	     -1.85793495	     51.90790935	     90.00000001	      0.00000000	      0.00000000
      2.86000000	     27.05904696	      0.05108480	      7.01964455	      1.09275159	      0.93021162	      0.17679735	    -10.35296857	      3.21667947	    -39.73965035	     30.03486541	     -9.08260358	      0.52420729	     28.36738248	     34.57159275	     -7.50322314	    -21.32415326	     -4.92035016	    -16.37267196	     56.70118977	    -16.99715711	      0.98962245	     19.03582413	     22.25918031	     -7.50322314	    -51.74640912	      8.40885643	     -2.94816491	      5.40313514	    -15.90338004	      2.48451185	     46.66884027	     90.00000001	      0.00000000	      0.00000000	     12.93109495	    -12.86671883	     -1.67388692	     51.33741967	     90.00000001	      0.00000000	      0.00000000
      2.87000000	     27.46824859	      0.30264513	      7.21031127	      1.10451483	      0.93302765	      0.17751019	    -12.38055967	      3.38559340	    -39.73608574	     28.76413974	     -8.55250090	      0.50202894	     28.68540792	     35.23965689	     -7.50310013	    -20.01611213	     -4.64713763	    -15.92780759	     56.56147548	    -16.82084479	      0.98718398	     20.24235933	     20.77087896	     -7.50310013	    -52.18544006	      8.24474924	     -2.93478503	      5.67699936	    -16.05146002	      2.70786991	     47.35475663	     90.00000001	      0.00000000	      0.00000000	     12.37822268	    -12.86495005	     -1.26639201	     50.83793412	     90.00000001	      0.00000000	      0.00000000
      2.88000000	     27.69798944	      0.60532718	      7.31400597	      1.11622444	      0.93534576	      0.17807022	    -14.11765395	      3.34900678	    -39.73023073	     27.77931643	     -7.97400255	      0.48484054	     29.08756261	     35.53158705	     -7.50302279	    -18.52823214	     -4.18151634	    -15.81619710	     56.11817692	    -16.87520226	      0.97944696	     21.40814230	     19.91860992	     -7.50302279	    -52.43961084	      8.00499454	     -2.97138100	      6.01390513	    -16.18721678	      2.82329275	     47.93746803	     90.00000001	      0.00000000	      0.00000000	     11.76535850	    -12.79491164	     -1.01618447	     50.30657600	     90.00000001	      0.00000000	      0.00000000
      2.89000000	     27.95841506	      0.85571841	      7.38312987	      1.12804907	      0.93749882	      0.17868845	    -15.92206044	      3.38441813	    -39.72070750	     26.69261959	     -7.38618812	      0.46587410	     29.36707475	     35.94536058	     -7.50294302	    -17.17782635	     -3.72889503	    -15.62501490	     55.35041477	    -16.76804796	      0.96604698	     22.34238363	     19.28425765	     -7.50294302	    -52.70653008	      7.78531987	     -2.95362436	      6.30516165	    -16.37111446	      2.98761506	     48.62857774	     90.00000001	      0.00000000	      0.00000000	     11.07065547	    -12.74927809	     -0.72967032	     49.86920216	     90.00000001	      0.00000000	      0.00000000
      2.90000000	     27.85715852	      1.04241515	      7.37200436	      1.13964337	      0.93882611	      0.17948868	    -17.13187618	      3.39868381	    -39.70832698	     25.88452952	     -6.94183288	      0.45177027	     29.59459348	     35.87305430	     -7.50290619	    -15.37356760	     -3.27169491	    -15.57301476	     54.50651589	    -16.65949684	      0.95131817	     22.99271007	     18.88701708	     -7.50290619	    -52.64777044	      7.51674031	     -2.90006767	      6.66389098	    -16.50157261	      3.04537101	     49.19001492	     90.00000001	      0.00000000	      0.00000000	     10.33581111	    -12.65809216	     -0.58627294	     49.47394475	     90.00000001	      0.00000000	      0.00000000
      2.91000000	     28.22964856	      1.17469300	      7.41608963	      1.15159293	      0.94055777	      0.17997348	    -19.13545923	      3.59155995	    -39.69247075	     24.61026434	     -6.30865206	      0.42953014	     30.08906005	     36.49182980	     -7.50285701	    -14.34035386	     -2.83178161	    -15.34564606	     53.12668133	    -16.46820405	      0.92723551	     24.01803608	     18.52426193	     -7.50285701	    -52.99328080	      7.41893547	     -2.77122306	      6.93174588	    -16.80216097	      3.23791045	     50.00941658	     90.00000001	      0.00000000	      0.00000000	      9.60502286	    -12.56933566	     -0.35684655	     49.00039248	     90.00000001	      0.00000000	      0.00000000
      2.92000000	     28.62063931	      1.21830021	      7.32748092	      1.16376307	      0.94198568	      0.18083627	    -21.11483763	      3.83031993	    -39.67866573	     23.37594178	     -5.71941110	      0.40798715	     30.18387601	     37.13506965	     -7.50279826	    -13.45121917	     -2.61534044	    -15.26200953	     51.49232209	    -15.94115062	      0.89871056	     24.51045859	     18.55910941	     -7.50279826	    -53.33630251	      7.25901528	     -2.47983005	      7.11778625	    -17.11948324	      3.48328084	     50.84714976	     90.00000001	      0.00000000	      0.00000000	      8.74041504	    -12.48500826	     -0.11158891	     48.78274210	     90.00000001	      0.00000000	      0.00000000
      2.93000000	     28.88574744	      1.16896718	      7.21214217	      1.17582536	      0.94288034	      0.18171613	    -22.89123850	      4.12424172	    -39.65364060	     22.20061238	     -5.14747090	      0.38747378	     30.05637793	     37.52396690	     -7.50271180	    -12.45188188	     -2.42537953	    -15.31603468	     49.66119014	    -15.52843839	      0.86675128	     24.88110411	     18.94315841	     -7.50271180	    -53.57304644	      7.14568923	     -2.14777592	      7.35530357	    -17.46549131	      3.72700292	     51.66142853	     90.00000001	      0.00000000	      0.00000000	      7.82298202	    -12.40362482	      0.10361419	     48.65942543	     90.00000001	      0.00000000	      0.00000000
      2.94000000	     28.96834991	      1.09055138	      7.09782533	      1.18778881	      0.94310557	      0.18259991	    -24.36462468	      4.45211335	    -39.62367456	     21.15655478	     -4.74409907	      0.36925154	     30.43141752	     37.81082416	     -7.50265084	    -11.24605720	     -2.25851520	    -15.35757603	     47.79445643	    -15.02273115	      0.83417063	     25.31282772	     19.08897186	     -7.50265084	    -53.62021400	      7.03901520	     -1.81976693	      7.63313556	    -17.77902700	      3.87440162	     52.34805918	     90.00000001	      0.00000000	      0.00000000	      6.96564058	    -12.25299565	      0.14175262	     48.33339903	     90.00000001	      0.00000000	      0.00000000
      2.95000000	     29.11672984	      0.96875387	      6.96103458	      1.19980785	      0.94312842	      0.18338429	    -25.92155118	      4.76679493	    -39.58763987	     20.13022137	     -4.24346245	      0.35133864	     30.46124210	     38.06903686	     -7.50257325	    -10.23557206	     -2.11464681	    -15.52759170	     45.60987156	    -14.55102010	      0.79604243	     25.50208802	     19.73839734	     -7.50257325	    -53.74174549	      6.96500626	     -1.45235737	      7.90108533	    -18.14899703	      4.08406425	     53.09414788	     90.00000001	      0.00000000	      0.00000000	      6.02417201	    -12.09476312	      0.13714989	     48.21343263	     90.00000001	      0.00000000	      0.00000000
      2.96000000	     28.97797622	      0.72497898	      6.84583723	      1.21146469	      0.94236969	      0.18425114	    -26.94794333	      5.27124764	    -39.55665409	     19.26044438	     -4.13612277	      0.33615817	     30.98134130	     38.30227537	     -7.50253168	     -8.84822537	     -2.06399999	    -15.57408194	     43.48202430	    -13.99436279	      0.75890449	     25.66117880	     19.95881017	     -7.50253168	    -53.61432404	      6.97173412	     -1.02719685	      8.28925146	    -18.48240103	      4.18723142	     53.62941252	     90.00000001	      0.00000000	      0.00000000	      5.20822312	    -11.88345349	      0.07610569	     47.87815279	     90.00000001	      0.00000000	      0.00000000
      2.97000000	     28.88264885	      0.47457401	      6.74920677	      1.22317610	      0.94137000	      0.18499050	    -28.05645794	      5.73248764	    -39.52565268	     18.41495008	     -3.88402466	      0.32140151	     31.38560308	     38.47873663	     -7.50249335	     -7.59669847	     -2.07045101	    -15.67261471	     41.20655069	    -13.31181781	      0.71918998	     25.64311314	     20.49070948	     -7.50249335	    -53.52702236	      7.00933710	     -0.61151063	      8.66854475	    -18.86116029	      4.31909972	     54.18127372	     90.00000001	      0.00000000	      0.00000000	      4.35495947	    -11.65993389	     -0.06420699	     47.60476752	     90.00000001	      0.00000000	      0.00000000
      2.98000000	     28.61325784	      0.14025519	      6.61117762	      1.23470605	      0.93981581	      0.18591791	    -28.83343080	      6.23573998	    -39.48358182	     17.76925848	     -3.76927659	      0.31013207	     31.75172348	     38.57426672	     -7.50245784	     -6.15222112	     -2.14002431	    -15.80827312	     38.87566857	    -12.62543951	      0.67850842	     25.49215468	     21.22555528	     -7.50245784	    -53.29504021	      7.04634781	     -0.14947470	      9.08888816	    -19.18122452	      4.48514692	     54.66162818	     90.00000001	      0.00000000	      0.00000000	      3.52609630	    -11.43688838	     -0.26967442	     47.31293536	     90.00000001	      0.00000000	      0.00000000
      2.99000000	     28.15259774	     -0.30267042	      6.41669153	      1.24608288	      0.93767103	      0.18668087	    -29.23754938	      6.71495698	    -39.46518131	     17.43426965	     -3.75623526	      0.30428541	     32.23959788	     38.65813851	     -7.50234779	     -4.45727271	     -2.34983060	    -16.49591160	     36.53774183	    -12.08889267	      0.63770390	     25.38209115	     23.11099917	     -7.50234779	    -52.90673461	      7.15579138	      0.35227994	      9.62058481	    -19.61008951	      4.83289143	     55.00994105	     90.00000001	      0.00000000	      0.00000000	      2.73352536	    -11.02443937	     -0.86332017	     46.94180802	     90.00000001	      0.00000000	      0.00000000
      3.00000000	     27.58558937	     -0.89083452	      6.38965118	      1.25712761	      0.93512446	      0.18741225	    -29.44577279	      7.51398740	    -39.45722804	     17.03570676	     -3.94140546	      0.29732917	     32.81641059	     38.73899353	     -7.50232030	     -2.63532493	     -2.68061505	    -16.33860021	     34.34930222	    -11.20903989	      0.59950842	     25.02172342	     23.51421194	     -7.50232030	    -52.43878700	      7.47922092	      0.94049649	     10.15673390	    -19.97041163	      4.85546026	     55.25561842	     90.00000001	      0.00000000	      0.00000000	      2.04488836	    -10.73203174	     -0.95842708	     46.55200183	     90.00000001	      0.00000000	      0.00000000
      3.01000000	     26.95867738	     -1.43301581	      6.38241355	      1.26812174	      0.93232121	      0.18815387	    -29.57801289	      8.27456846	    -39.46722533	     16.67008695	     -4.14338054	      0.29094790	     33.48053778	     38.80594930	     -7.50228321	     -0.82546006	     -2.99446004	    -16.14781426	     32.09429113	    -10.20468486	      0.56015105	     24.48060408	     24.51129710	     -7.50228321	    -51.91925739	      7.77258585	      1.39993147	     10.74822977	    -20.26830715	      5.01187661	     55.45415055	     90.00000001	      0.00000000	      0.00000000	      1.42756992	    -10.42922011	     -1.30560724	     45.94711099	     90.00000001	      0.00000000	      0.00000000
      3.02000000	     26.30738664	     -2.04350077	      6.40260007	      1.27905606	      0.92925233	      0.18868771	    -29.66056777	      9.01883870	    -39.48612514	     16.44607966	     -4.21103138	      0.28703824	     34.12248676	     38.83354216	     -7.50222595	      1.02322424	     -3.37984050	    -16.20467621	     29.91675041	     -9.34431015	      0.52214580	     23.93441524	     25.92987956	     -7.50222595	    -51.38333432	      8.16423702	      1.88358656	     11.39579070	    -20.61293921	      5.22608347	     55.49767750	     90.00000001	      0.00000000	      0.00000000	      0.86921160	    -10.02472418	     -1.89947462	     45.31574619	     90.00000001	      0.00000000	      0.00000000
      3.03000000	     25.67043393	     -2.71649157	      6.44538760	      1.29005802	      0.92602804	      0.18920032	    -29.71697722	      9.91321587	    -39.51057117	     16.20904470	     -4.48242420	      0.28290120	     34.74127561	     38.86826175	     -7.50217319	      2.77813802	     -3.81859390	    -16.16235382	     27.77905252	     -8.46118125	      0.48483593	     23.38440779	     27.20986300	     -7.50217319	    -50.84224929	      8.62583926	      2.38772643	     12.00788572	    -20.93571844	      5.36905747	     55.50274437	     90.00000001	      0.00000000	      0.00000000	      0.30871933	     -9.63738171	     -2.32824074	     44.69144473	     90.00000001	      0.00000000	      0.00000000
      3.04000000	     25.03622098	     -3.38539277	      6.44494336	      1.30112746	      0.92265987	      0.18970515	    -29.75575466	     10.72648281	    -39.54342402	     16.09645726	     -4.69974263	      0.28093618	     35.34394301	     38.87709017	     -7.50205750	      4.53473192	     -4.31205530	    -16.59089978	     25.86430486	     -7.69733388	      0.45141728	     22.95242156	     29.16996917	     -7.50205750	    -50.30114823	      9.05901247	      2.87195569	     12.65332594	    -21.24983535	      5.57619517	     55.41377846	     90.00000001	      0.00000000	      0.00000000	     -0.20026768	     -9.17994324	     -3.12527880	     44.00620858	     90.00000001	      0.00000000	      0.00000000
      3.05000000	     24.43210994	     -4.10085261	      6.55962176	      1.31208430	      0.91922409	      0.19005338	    -29.78398414	     11.65235710	    -39.56838964	     16.02284192	     -4.95887817	      0.27965135	     35.86541896	     38.89162381	     -7.50202710	      6.17068228	     -4.74229017	    -16.39720490	     24.03128672	     -6.92285741	      0.41942508	     22.45741058	     29.77686869	     -7.50202710	    -49.80142501	      9.61488968	      3.39999262	     13.21128175	    -21.53938185	      5.55053771	     55.34742261	     90.00000001	      0.00000000	      0.00000000	     -0.66772375	     -8.91811659	     -3.19059511	     43.43543483	     90.00000001	      0.00000000	      0.00000000
      3.06000000	     23.83516618	     -4.70082780	      6.73675346	      1.32314516	      0.91577399	      0.19029033	    -29.80557116	     12.52663532	    -39.59982178	     15.97267953	     -5.28589522	      0.27877585	     36.47718309	     38.88511879	     -7.50199021	      7.68620464	     -5.02619466	    -16.16424119	     22.29949025	     -6.18108464	      0.38919953	     21.88947001	     30.88245270	     -7.50199021	    -49.27961692	     10.11662226	      3.73788526	     13.77745751	    -21.72326989	      5.55757122	     55.17669068	     90.00000001	      0.00000000	      0.00000000	     -1.02507201	     -8.65183444	     -3.46120187	     42.60493369	     90.00000001	      0.00000000	      0.00000000
      3.07000000	     23.26898471	     -5.25461553	      6.80693138	      1.33454171	      0.91228599	      0.19040295	    -29.82374421	     13.17444619	    -39.63086522	     16.20899059	     -5.53160629	      0.28290025	     37.02948352	     38.83539432	     -7.50189256	      9.22547727	     -5.31449684	    -16.86546945	     21.06708416	     -5.78170140	      0.36768998	     21.57743522	     32.92213384	     -7.50189256	    -48.75803029	     10.53819684	      4.03764751	     14.32039755	    -21.87989912	      5.52662632	     54.94891855	     90.00000001	      0.00000000	      0.00000000	     -1.39376959	     -8.21685536	     -4.39533112	     41.73105924	     90.00000001	      0.00000000	      0.00000000
      3.08000000	     22.73591404	     -5.80712256	      6.96248896	      1.34594257	      0.90884182	      0.19046459	    -29.83691218	     13.92913604	    -39.65056599	     16.41071552	     -5.92152450	      0.28642102	     37.55845238	     38.81213645	     -7.50185726	     10.58155884	     -5.49720212	    -16.78358324	     19.98204230	     -5.34857613	      0.34875243	     21.31674450	     33.63136678	     -7.50185726	    -48.25627497	     11.00426782	      4.34899058	     14.75358117	    -22.04130177	      5.41208764	     54.75649818	     90.00000001	      0.00000000	      0.00000000	     -1.72974236	     -8.02241534	     -4.50701636	     40.95027455	     90.00000001	      0.00000000	      0.00000000
      3.09000000	     22.24574015	     -6.28214964	      7.08986488	      1.35759444	      0.90551342	      0.19044846	    -29.84719998	     14.53747498	    -39.67046091	     16.80142440	     -6.32581506	      0.29324017	     38.01756775	     38.76280512	     -7.50182627	     11.82374174	     -5.56527720	    -16.84259608	     19.25365299	     -5.12030119	      0.33603964	     21.15631263	     34.27359100	     -7.50182627	    -47.77310137	     11.38697292	      4.61800267	     15.08983538	    -22.14751879	      5.21686879	     54.52260137	     90.00000001	      0.00000000	      0.00000000	     -2.02073969	     -7.81583701	     -4.72370772	     40.16176489	     90.00000001	      0.00000000	      0.00000000
      3.10000000	     21.78831934	     -6.68906141	      7.16450105	      1.36948739	      0.90230011	      0.19036042	    -29.85649959	     14.99056911	    -39.68508356	     17.36001912	     -6.74192203	      0.30298949	     38.40005937	     38.70965132	     -7.50180050	     12.94731283	     -5.53432710	    -16.92276631	     18.87732962	     -5.05854340	      0.32947156	     21.09254763	     34.73928947	     -7.50180050	    -47.30145598	     11.69276702	      4.84256056	     15.36797323	    -22.22130968	      4.96012026	     54.31210456	     90.00000001	      0.00000000	      0.00000000	     -2.31180780	     -7.62967109	     -4.96913958	     39.38414134	     90.00000001	      0.00000000	      0.00000000
      3.11000000	     21.35192127	     -6.94543797	      7.15728428	      1.38180584	      0.89925721	      0.19040326	    -29.86691135	     15.27022958	    -39.69811629	     17.98051273	     -7.30753399	      0.31381915	     38.35120692	     38.64652988	     -7.50179033	     13.85547379	     -5.35304041	    -16.86741638	     18.75744967	     -5.01290784	      0.32737926	     21.01974401	     34.66056674	     -7.50179033	    -46.81701369	     11.78368753	      4.96590051	     15.42577885	    -22.26965945	      4.84369171	     54.27091438	     90.00000001	      0.00000000	      0.00000000	     -2.77052673	     -7.58321908	     -5.04246959	     39.03573665	     90.00000001	      0.00000000	      0.00000000
      3.12000000	     20.93943966	     -7.18825151	      7.10778044	      1.39429504	      0.89640628	      0.19018664	    -29.87086335	     15.34261994	    -39.70884357	     18.93341600	     -7.68269850	      0.33045045	     39.17096937	     38.61264060	     -7.50175809	     14.73347269	     -5.13600512	    -17.02724520	     19.05748037	     -5.24116246	      0.33261578	     21.17619709	     35.32075688	     -7.50175809	    -46.31937473	     11.89378335	      5.17159351	     15.55755482	    -22.18870106	      4.20493583	     53.85962429	     90.00000001	      0.00000000	      0.00000000	     -2.76497768	     -7.31823123	     -5.65276140	     37.63088184	     90.00000001	      0.00000000	      0.00000000
      3.13000000	     20.57754970	     -7.32713417	      6.96000679	      1.40712510	      0.89383188	      0.19009653	    -29.87728625	     15.25709743	    -39.71688269	     19.99493837	     -8.21893051	      0.34897751	     39.27424646	     38.59353960	     -7.50173166	     15.34600593	     -4.80093744	    -16.99403349	     19.50099287	     -5.54005714	      0.34035653	     21.14698643	     35.37270929	     -7.50173166	    -45.87147224	     11.82463376	      5.32444939	     15.49964655	    -22.14893118	      3.80335806	     53.72423069	     90.00000001	      0.00000000	      0.00000000	     -3.02676116	     -7.19107835	     -6.09378264	     36.99835588	     90.00000001	      0.00000000	      0.00000000
      3.14000000	     20.25398970	     -7.40100064	      6.79092836	      1.42011144	      0.89155603	      0.19011216	    -29.88375770	     15.15047653	    -39.72072086	     21.03198834	     -8.93550389	      0.36707744	     39.19228460	     38.58058911	     -7.50171744	     15.75701198	     -4.36803942	    -16.58368814	     20.06433929	     -5.89538784	      0.35018878	     20.99559682	     35.29726426	     -7.50171744	    -45.45934512	     11.66064968	      5.41453721	     15.38004341	    -22.09051592	      3.56288326	     53.59119564	     90.00000001	      0.00000000	      0.00000000	     -3.28901165	     -7.16875176	     -6.32918359	     36.47662540	     90.00000001	      0.00000000	      0.00000000
      3.15000000	     19.91603032	     -7.23793168	      6.35327667	      1.43368231	      0.88960448	      0.19001490	    -29.88855184	     14.43572650	    -39.72635893	     22.46603863	     -9.43960285	      0.39210634	     39.40339213	     38.59980069	     -7.50165815	     15.95751041	     -3.71642107	    -16.65040217	     20.71931460	     -6.39939555	      0.36162026	     20.66479411	     35.08949149	     -7.50165815	    -44.98426227	     11.18414963	      5.55610411	     15.08584549	    -21.91137733	      2.85050135	     53.41103493	     90.00000001	      0.00000000	      0.00000000	     -3.39089128	     -6.94093921	     -7.34307296	     35.55883311	     90.00000001	      0.00000000	      0.00000000
      3.16000000	     19.61368423	     -7.07150426	      6.01203361	      1.44731099	      0.88794724	      0.18996894	    -29.89303053	     13.82267311	    -39.72838446	     23.81414863	    -10.03918931	      0.41563530	     39.06427415	     38.61813059	     -7.50160692	     16.09662806	     -3.03831411	    -16.29918018	     21.56720262	     -6.97083330	      0.37641870	     20.12028019	     34.71856819	     -7.50160692	    -44.54259865	     10.72599244	      5.57240669	     14.79083253	    -21.74241337	      2.51804448	     53.24114962	     90.00000001	      0.00000000	      0.00000000	     -3.56301641	     -6.91102180	     -7.90074639	     34.90088211	     90.00000001	      0.00000000	      0.00000000
      3.17000000	     19.31683139	     -6.86310215	      5.76533700	      1.46114585	      0.88652929	      0.18977962	    -29.89682076	     13.19836714	    -39.72879673	     25.14419053	    -10.60610918	      0.43884891	     38.39846697	     38.63372945	     -7.50158513	     16.24760402	     -2.31782413	    -15.81959515	     22.66410591	     -7.61427211	      0.39556327	     19.50536352	     34.32711022	     -7.50158513	    -44.07120050	     10.28775728	      5.48165095	     14.41092356	    -21.56261938	      2.30614923	     53.06516148	     90.00000001	      0.00000000	      0.00000000	     -3.75610727	     -6.98355100	     -8.17167411	     34.38216218	     90.00000001	      0.00000000	      0.00000000
      3.18000000	     19.08975743	     -6.43537472	      5.30542391	      1.47513538	      0.88570684	      0.18969931	    -29.90019169	     12.18980914	    -39.72896862	     26.66605098	    -11.24831238	      0.46541039	     37.56535053	     38.67919861	     -7.50154318	     16.16420336	     -1.40109538	    -15.53575848	     23.70806035	     -8.32557131	      0.41378371	     18.68820350	     33.67356449	     -7.50154318	    -43.70625674	      9.53297733	      5.41692959	     13.96189733	    -21.28913684	      1.90608031	     52.88702577	     90.00000001	      0.00000000	      0.00000000	     -3.81403130	     -6.98091673	     -8.83571000	     33.72199193	     90.00000001	      0.00000000	      0.00000000
      3.19000000	     18.87009728	     -6.02864994	      4.96904364	      1.48923297	      0.88512036	      0.18941146	    -29.90252557	     11.21898361	    -39.72779071	     28.16382411	    -11.77437994	      0.49155146	     36.24784985	     38.68863343	     -7.50151629	     16.20057449	     -0.51294082	    -15.19972256	     25.08157308	     -9.15872308	      0.43775603	     18.00953107	     32.94483085	     -7.50151629	    -43.32070183	      8.86733506	      5.30186796	     13.47040318	    -21.10097145	      1.66827411	     52.64572229	     90.00000001	      0.00000000	      0.00000000	     -3.85509498	     -7.06957212	     -9.30633314	     33.22373258	     90.00000001	      0.00000000	      0.00000000
      3.20000000	     18.67267483	     -5.53755904	      4.75441414	      1.50350093	      0.88482812	      0.18909721	    -29.90453139	     10.22530173	    -39.72593475	     29.65150189	    -12.22381014	      0.51751634	     34.73354299	     38.72035257	     -7.50149992	     16.21543703	      0.34222379	    -14.66152838	     26.62057712	     -9.72102091	      0.46461672	     17.55398733	     32.30663697	     -7.50149992	    -42.93729383	      8.17139394	      4.95187718	     12.93774205	    -20.78309124	      1.55077728	     52.49929214	     90.00000001	      0.00000000	      0.00000000	     -3.94473980	     -7.27680480	     -9.64769032	     32.76477261	     90.00000001	      0.00000000	      0.00000000
      3.21000000	     18.58441199	     -4.88140400	      4.35496373	      1.51763854	      0.88528205	      0.18867104	    -29.90536601	      8.88003040	    -39.72462604	     31.28141032	    -12.71360749	      0.54596360	     32.42200043	     38.73700759	     -7.50143592	     15.84451430	      1.45968374	    -13.69715032	     27.81457016	    -10.17671968	      0.48545583	     16.95590350	     30.18384717	     -7.50143592	    -42.74395368	      7.25593567	      4.70954934	     12.40053765	    -20.47383307	      1.31311016	     52.31241712	     90.00000001	      0.00000000	      0.00000000	     -3.79299684	     -7.29254160	    -10.63485385	     32.22833648	     90.00000001	      0.00000000	      0.00000000
      3.22000000	     18.55355801	     -4.24082754	      4.05671340	      1.53198259	      0.88595883	      0.18838029	    -29.90554955	      7.60703670	    -39.72297623	     32.92894901	    -13.18604475	      0.57471858	     29.63965954	     38.73416520	     -7.50140267	     15.51544267	      2.34926566	    -13.20904987	     29.24300551	    -10.52837528	      0.51038673	     16.82922831	     28.71152871	     -7.50140267	    -42.57362565	      6.36885574	      4.46339845	     11.73874529	    -20.20424806	      1.27816787	     52.11662105	     90.00000001	      0.00000000	      0.00000000	     -3.68181843	     -7.54891068	    -10.96996498	     31.92720266	     90.00000001	      0.00000000	      0.00000000
      3.23000000	     18.56277857	     -3.60566021	      3.90383154	      1.54630922	      0.88677214	      0.18784419	    -29.90457201	      6.37393517	    -39.71883178	     34.61384283	    -13.53151160	      0.60412552	     27.31005154	     38.71798623	     -7.50139199	     15.16221771	      3.11522545	    -12.58259733	     30.78106039	    -10.56018737	      0.53723085	     16.94330500	     28.02443114	     -7.50139199	    -42.44193315	      5.58837200	      4.05765567	     11.08984600	    -19.89663284	      1.29220316	     51.96403316	     90.00000001	      0.00000000	      0.00000000	     -3.59672526	     -7.84016403	    -11.12455013	     31.73026750	     90.00000001	      0.00000000	      0.00000000
      3.24000000	     18.71398197	     -2.73310003	      3.49757532	      1.56065959	      0.88822595	      0.18716780	    -29.90103540	      4.50448933	    -39.71756886	     36.64721562	    -13.67431694	      0.63961457	     23.12497117	     38.65942754	     -7.50137631	     14.32288493	      4.16452168	    -12.23905895	     31.72549478	    -10.57317117	      0.55371434	     17.29353435	     26.34964624	     -7.50137631	    -42.48757388	      4.49595837	      3.78182707	     10.38537116	    -19.64746824	      1.27288715	     51.84968349	     90.00000001	      0.00000000	      0.00000000	     -3.42489490	     -8.06644334	    -11.33255135	     31.62581440	     90.00000001	      0.00000000	      0.00000000
      3.25000000	     19.02218482	     -1.53627066	      3.03144083	      1.57445435	      0.89046770	      0.18617374	    -29.89922617	      2.32701633	    -39.72071000	     38.64888406	    -14.03496251	      0.67455028	     18.73144312	     38.63680981	     -7.50129466	     12.71093872	      5.94338834	    -10.51809202	     31.58474567	    -10.33761558	      0.55125781	     16.80995773	     22.41033272	     -7.50129466	    -42.82506773	      3.12260111	      3.36638557	      9.75921544	    -19.44050255	      1.34892337	     51.70550659	     90.00000001	      0.00000000	      0.00000000	     -3.03150448	     -8.26304369	    -11.83475447	     31.58820081	     90.00000001	      0.00000000	      0.00000000
      3.26000000	     19.38891646	     -0.51694117	      2.62663612	      1.58851763	      0.89250832	      0.18538247	    -29.89425640	      0.32559424	    -39.71651943	     40.66807222	    -14.32675304	      0.70979176	     14.26126875	     38.55773510	     -7.50126834	     11.30514624	      7.15357708	    -10.48717438	     31.75681003	    -10.32623499	      0.55426090	     17.38020294	     21.78295965	     -7.50126834	    -43.14911888	      1.93377692	      3.01115661	      9.05411389	    -19.21445967	      1.41878810	     51.65782735	     90.00000001	      0.00000000	      0.00000000	     -2.76829832	     -8.56758107	    -11.83178842	     31.81222968	     90.00000001	      0.00000000	      0.00000000
      3.27000000	     19.85988258	      0.69133660	      2.18602736	      1.60239060	      0.89480831	      0.18436706	    -29.88627020	     -1.97672734	    -39.71339278	     42.84307113	    -14.54666784	      0.74775265	      9.96370602	     38.49166318	     -7.50120938	      9.53474509	      8.65980522	    -10.35955268	     31.39379359	    -10.27577227	      0.54792506	     17.59400001	     20.89863744	     -7.50120938	    -43.61021849	      0.59543437	      2.57451474	      8.35953042	    -19.03432813	      1.58936827	     51.59708897	     90.00000001	      0.00000000	      0.00000000	     -2.45927414	     -8.90144080	    -11.64951287	     32.13761121	     90.00000001	      0.00000000	      0.00000000
      3.28000000	     20.40863674	      1.76661774	      1.84907836	      1.61616375	      0.89711775	      0.18339000	    -29.87474454	     -4.02702031	    -39.70506480	     44.90932977	    -14.82583191	      0.78381567	      5.82101839	     38.33023253	     -7.50118429	      7.66351710	      9.97258252	    -10.60376980	     30.89467974	    -10.35730180	      0.53921388	     18.35565330	     20.94154018	     -7.50118429	    -44.14910816	     -0.55120958	      2.12859610	      7.66788613	    -18.82127983	      1.70412959	     51.59528554	     90.00000001	      0.00000000	      0.00000000	     -2.15681853	     -9.24037979	    -11.47982022	     32.68399012	     90.00000001	      0.00000000	      0.00000000
      3.29000000	     21.04391914	      2.84741431	      1.52178632	      1.62972576	      0.89954864	      0.18238987	    -29.85802438	     -6.08866781	    -39.69318281	     47.01307159	    -15.08131948	      0.82053289	      2.36036606	     38.17233421	     -7.50115600	      5.59178736	     11.29803529	    -11.01093340	     30.10027244	    -10.48460565	      0.52534886	     18.86811783	     21.34318073	     -7.50115600	    -44.80207820	     -1.66580009	      1.66379555	      7.00866441	    -18.65197172	      1.90518365	     51.58344289	     90.00000001	      0.00000000	      0.00000000	     -1.80152021	     -9.62398158	    -11.11456868	     33.33878545	     90.00000001	      0.00000000	      0.00000000
      3.30000000	     21.73377361	      3.76244057	      1.33578985	      1.64317296	      0.90194796	      0.18136090	    -29.83215779	     -7.83956391	    -39.68096756	     49.05863449	    -15.35221096	      0.85623470	     -0.13104509	     37.86722810	     -7.50113490	      3.42110642	     12.42734119	    -11.39643374	     29.22662010	    -10.64512568	      0.51010075	     19.68746737	     22.06969040	     -7.50113490	    -45.49780213	     -2.53031396	      1.14551366	      6.38046435	    -18.45259717	      2.09679962	     51.59628542	     90.00000001	      0.00000000	      0.00000000	     -1.48475219	    -10.01572846	    -10.74107251	     34.10334717	     90.00000001	      0.00000000	      0.00000000
      3.31000000	     22.51402832	      4.59472389	      1.14694868	      1.65638564	      0.90453382	      0.18037185	    -29.79502199	     -9.48174302	    -39.65986452	     51.08039974	    -15.62650334	      0.89152116	     -1.59226819	     37.54301384	     -7.50110300	      1.10940314	     13.41169272	    -12.04901446	     28.19050646	    -10.82468548	      0.49201716	     20.16914603	     23.33675001	     -7.50110300	    -46.31170477	     -3.28269130	      0.66502241	      5.80365819	    -18.31254593	      2.38676280	     51.57233476	     90.00000001	      0.00000000	      0.00000000	     -1.12517984	    -10.44706231	    -10.04261840	     34.98107441	     90.00000001	      0.00000000	      0.00000000
      3.32000000	     23.34700606	      5.15220449	      1.11841987	      1.66930010	      0.90727933	      0.17945582	    -29.73219235	    -10.62803525	    -39.64634540	     52.89740770	    -15.94170567	      0.92323393	     -2.06088218	     37.03720780	     -7.50108549	     -1.30078440	     14.03394829	    -12.41958038	     27.13590316	    -10.87223016	      0.47361086	     21.05587280	     24.51312703	     -7.50108549	    -47.20385746	     -3.68897968	      0.22367109	      5.31619997	    -18.12814661	      2.60454655	     51.53204150	     90.00000001	      0.00000000	      0.00000000	     -0.67570305	    -10.82356575	     -9.61762126	     35.90409670	     90.00000001	      0.00000000	      0.00000000
      3.33000000	     24.19307648	      5.67855177	      1.10515178	      1.68206587	      0.90999423	      0.17850958	    -29.60557096	    -11.76607567	    -39.62811733	     54.75158553	    -16.10937739	      0.95559544	     -1.36747755	     36.29402873	     -7.50104572	     -3.67330579	     14.55727475	    -13.22518973	     26.08343442	    -11.02896841	      0.45524181	     21.49424649	     26.43604591	     -7.50104572	    -48.10255482	     -4.02766870	     -0.24272537	      4.87468894	    -18.00471095	      2.98249772	     51.46017521	     90.00000001	      0.00000000	      0.00000000	     -0.26063082	    -11.31676462	     -8.64861021	     36.92304590	     90.00000001	      0.00000000	      0.00000000
      3.34000000	     25.05915069	      5.90570779	      1.14879633	      1.69450605	      0.91296726	      0.17777153	    -29.34584263	    -12.38857491	    -39.62143976	     56.28241059	    -16.48548107	      0.98231338	     -0.23062440	     35.38960239	     -7.50102484	     -6.15161682	     14.69651305	    -13.40978039	     24.99788538	    -10.87871724	      0.43629541	     22.31077733	     27.64412310	     -7.50102484	    -49.04269774	     -4.06926985	     -0.55177645	      4.53063652	    -17.84834347	      3.21734090	     51.28709378	     90.00000001	      0.00000000	      0.00000000	      0.30353840	    -11.64517971	     -8.22711612	     37.83993847	     90.00000001	      0.00000000	      0.00000000
      3.35000000	     25.63982870	      5.80839680	      1.39164973	      1.70596119	      0.91567260	      0.17676755	    -28.50430916	    -12.63370158	    -39.61782509	     57.79448662	    -16.84287585	      1.00870408	      0.48840641	     34.67281809	     -7.50101410	     -7.92905001	     14.35906602	    -13.54155391	     24.65972911	    -10.64932397	      0.43039347	     22.62818395	     27.98169211	     -7.50101410	    -49.80104333	     -3.67650966	     -0.79458460	      4.42515070	    -17.68311825	      3.35814926	     51.05913583	     90.00000001	      0.00000000	      0.00000000	      1.14267575	    -11.80821471	     -8.02131357	     38.42350304	     90.00000001	      0.00000000	      0.00000000
      3.36000000	     25.85231293	      6.23335464	      1.24181053	      1.71785514	      0.91751126	      0.17617543	    -27.05855589	    -13.69188684	    -39.60230723	     59.82201435	    -17.29093236	      1.04409112	      4.24354425	     32.52107613	     -7.50098700	     -9.65988405	     14.85185802	    -13.74336407	     23.30967688	    -10.56767838	      0.40683061	     23.31724554	     29.78422762	     -7.50098700	    -50.10584460	     -4.05542775	     -1.13967078	      4.17405644	    -17.50731576	      3.85110589	     50.65076842	     90.00000001	      0.00000000	      0.00000000	      1.70449096	    -12.26528091	     -7.14147898	     39.54603156	     90.00000001	      0.00000000	      0.00000000
      3.37000000	     25.83275131	      6.09271963	      1.22653798	      1.72877791	      0.91935518	      0.17583933	    -25.01341681	    -13.92090388	    -39.59675929	     61.35316920	    -18.13544175	      1.07081481	      6.10120195	     31.13377033	     -7.50097034	    -10.80351438	     14.52978523	    -13.65414603	     22.68887366	    -10.13242728	      0.39599555	     23.79543107	     30.33970577	     -7.50097034	    -50.28245260	     -3.90925198	     -1.12083798	      4.09443878	    -17.34538061	      4.09690750	     50.24398583	     90.00000001	      0.00000000	      0.00000000	      2.61983876	    -12.46626989	     -6.73493164	     40.28098593	     90.00000001	      0.00000000	      0.00000000
      3.38000000	     25.70686259	      6.18984523	      1.32188824	      1.73972773	      0.92075757	      0.17492490	    -22.92379543	    -14.44326671	    -39.58780272	     62.92090498	    -18.58047095	      1.09817696	      9.08130999	     29.02915137	     -7.50094736	    -11.77331201	     14.61177918	    -13.56727759	     22.12643572	    -10.04932170	      0.38617915	     24.23744756	     30.93848819	     -7.50094736	    -50.31927709	     -3.83173469	     -1.43537056	      4.10465311	    -17.15449207	      4.37547489	     49.75969275	     90.00000001	      0.00000000	      0.00000000	      3.46581705	    -12.76434458	     -6.15206724	     40.98091788	     90.00000001	      0.00000000	      0.00000000
      3.39000000	     25.58643506	      6.01105058	      1.37735875	      1.75047838	      0.92235037	      0.17443875	    -20.71211759	    -14.52699306	    -39.57197354	     63.91659834	    -19.22670215	      1.11555509	     10.83429006	     27.71705908	     -7.50093229	    -12.77476871	     14.29757238	    -13.22484763	     21.54482379	     -9.67000507	      0.37602811	     24.58896654	     31.17932994	     -7.50093229	    -50.37902615	     -3.58604156	     -1.45742045	      4.06920439	    -16.99260192	      4.55326132	     49.40355483	     90.00000001	      0.00000000	      0.00000000	      4.42267436	    -12.92031875	     -5.83883602	     41.68815992	     90.00000001	      0.00000000	      0.00000000
      3.40000000	     25.42251354	      5.97216818	      1.48785871	      1.76133204	      0.92367577	      0.17376821	    -18.50584080	    -14.66989303	    -39.57057656	     64.68595232	    -19.78461987	      1.12898285	     13.05780024	     26.21135704	     -7.50091709	    -13.74776660	     14.22174915	    -12.78709987	     20.91509591	     -9.47682142	      0.36503729	     24.97630923	     31.42031638	     -7.50091709	    -50.36002933	     -3.41709719	     -1.66180162	      4.04608419	    -16.77802371	      4.73536530	     49.02451934	     90.00000001	      0.00000000	      0.00000000	      5.35547408	    -13.14380344	     -5.47753275	     42.36587690	     90.00000001	      0.00000000	      0.00000000
      3.41000000	     25.20902866	      5.97473205	      1.68244711	      1.77221282	      0.92479247	      0.17301571	    -16.31379260	    -14.80178235	    -39.55714345	     65.15683620	    -20.15185828	      1.13720132	     15.11622887	     24.79001872	     -7.50090136	    -14.65335531	     14.18308967	    -12.27696462	     20.32029771	     -9.32163115	      0.35465610	     25.27682259	     31.55987984	     -7.50090136	    -50.27352485	     -3.24596665	     -1.94094433	      3.97152136	    -16.54471039	      4.88385865	     48.71469606	     90.00000001	      0.00000000	      0.00000000	      6.28283535	    -13.38532379	     -5.08534882	     43.05852865	     90.00000001	      0.00000000	      0.00000000
      3.42000000	     25.00149246	      5.96377510	      1.91811723	      1.78311254	      0.92575570	      0.17216907	    -14.16533380	    -14.86899570	    -39.54356651	     65.30555850	    -20.43909051	      1.13979702	     16.80651076	     23.66788670	     -7.50088622	    -15.56536123	     14.13255366	    -11.73230744	     19.73415648	     -9.20165613	      0.34442601	     25.53621743	     31.61321798	     -7.50088622	    -50.17311198	     -3.03023400	     -2.23869465	      3.86586328	    -16.32935718	      4.97611060	     48.49454428	     90.00000001	      0.00000000	      0.00000000	      7.21393102	    -13.62412084	     -4.70842942	     43.74130279	     90.00000001	      0.00000000	      0.00000000
      3.43000000	     24.79132525	      5.95211744	      2.20689643	      1.79404059	      0.92655901	      0.17126424	    -12.07020146	    -14.83498349	    -39.55991916	     65.04942888	    -20.74562026	      1.13532671	     18.03793176	     22.93469947	     -7.50087449	    -16.43472806	     14.07302722	    -11.23594671	     19.23577930	     -9.16541163	      0.33572768	     25.75977117	     31.63961276	     -7.50087449	    -50.05415892	     -2.77967909	     -2.57480490	      3.72068580	    -16.12330288	      5.03843942	     48.39706235	     90.00000001	      0.00000000	      0.00000000	      8.15044702	    -13.84024379	     -4.44251709	     44.37343469	     90.00000001	      0.00000000	      0.00000000
      3.44000000	     24.62852061	      6.11603694	      2.52490049	      1.80507457	      0.92715349	      0.17030966	    -10.15441514	    -15.03951923	    -39.50512287	     64.69765357	    -20.70335111	      1.12918707	     20.10601752	     22.10143958	     -7.50085142	    -17.57040436	     14.23016538	    -10.36385945	     18.33620093	     -9.07499627	      0.32002708	     26.01051034	     31.76728139	     -7.50085142	    -49.95800657	     -2.66571706	     -3.02105596	      3.53793277	    -15.86626660	      4.98720414	     48.26226233	     90.00000001	      0.00000000	      0.00000000	      9.06471571	    -14.24733481	     -3.69905377	     45.16358039	     90.00000001	      0.00000000	      0.00000000
      3.45000000	     24.32668370	      6.11159590	      2.87129596	      1.81594046	      0.92743767	      0.16936182	     -8.05372462	    -14.91797472	    -39.51905359	     63.84241265	    -20.91176648	      1.11426030	     20.91871663	     21.78966748	     -7.50083991	    -18.30430836	     14.17201798	     -9.87678701	     17.88219103	     -9.10192491	      0.31210311	     26.23216096	     31.74742731	     -7.50083991	    -49.72997294	     -2.40847355	     -3.37921281	      3.34795133	    -15.67083757	      5.01734840	     48.31511501	     90.00000001	      0.00000000	      0.00000000	     10.03207464	    -14.42993699	     -3.48554781	     45.78794163	     90.00000001	      0.00000000	      0.00000000
      3.46000000	     24.29163614	      6.22233729	      3.22080405	      1.82716171	      0.92783583	      0.16843797	     -6.45499304	    -14.94710333	    -39.50396129	     62.79148835	    -20.82192216	      1.09591821	     22.59087081	     22.26008105	     -7.50080725	    -19.69079112	     14.23370210	     -8.83671041	     16.83014789	     -9.00694304	      0.29374149	     26.44344098	     31.87944075	     -7.50080725	    -49.72387004	     -2.22805079	     -3.76275479	      3.05984764	    -15.44982533	      4.83108441	     48.40859945	     90.00000001	      0.00000000	      0.00000000	     10.91761949	    -14.84993980	     -2.58840165	     46.59318668	     90.00000001	      0.00000000	      0.00000000
      3.47000000	     23.94081420	      6.32038191	      3.59702574	      1.83806279	      0.92756423	      0.16748572	     -4.44901307	    -14.93518797	    -39.50624085	     61.50532133	    -20.76826000	      1.07347036	     23.15673253	     22.11280477	     -7.50079691	    -20.28549355	     14.24913180	     -8.51790883	     16.56555621	     -9.09574542	      0.28912350	     26.68438371	     31.78749847	     -7.50079691	    -49.42710980	     -2.06251542	     -4.20027766	      2.83273857	    -15.26847575	      4.87635728	     48.50289042	     90.00000001	      0.00000000	      0.00000000	     11.89338218	    -15.02981381	     -2.48476795	     47.14741290	     90.00000001	      0.00000000	      0.00000000
      3.48000000	     23.97310155	      6.38087859	      3.92946670	      1.84930871	      0.92764770	      0.16672081	     -3.07262852	    -14.81232286	    -39.50559242	     59.88124498	    -20.59261840	      1.04512489	     24.63501932	     23.53731057	     -7.50076751	    -21.77514913	     14.21649112	     -7.51920747	     15.43757915	     -9.02501499	      0.26943658	     27.06383864	     32.19864184	     -7.50076751	    -49.48128865	     -1.86715283	     -4.53611250	      2.55391600	    -15.08960562	      4.73222231	     48.70950157	     90.00000001	      0.00000000	      0.00000000	     12.80000766	    -15.39505516	     -1.75914044	     47.93224719	     90.00000001	      0.00000000	      0.00000000
      3.49000000	     23.80184019	      6.51339991	      4.24334349	      1.86039586	      0.92722978	      0.16596070	     -1.47040301	    -14.78538642	    -39.51031947	     58.09977912	    -20.35324973	      1.01403244	     25.46006695	     24.57493471	     -7.50074273	    -22.78973125	     14.25637501	     -6.92232664	     14.77549913	     -9.05010835	      0.25788111	     27.43147343	     32.37333186	     -7.50074273	    -49.35187579	     -1.76613118	     -4.92636312	      2.32102523	    -14.93602516	      4.69657753	     48.89028427	     90.00000001	      0.00000000	      0.00000000	     13.74056301	    -15.64920138	     -1.38047306	     48.56346450	     90.00000001	      0.00000000	      0.00000000
      3.50000000	     23.56265866	      6.64028983	      4.52840032	      1.87136515	      0.92648204	      0.16530298	      0.18681029	    -14.74797961	    -39.50753753	     56.20611358	    -20.03170910	      0.98098174	     26.07953130	     25.63069334	     -7.50072358	    -23.69630391	     14.28642980	     -6.39773223	     14.14657655	     -9.07499268	      0.24690434	     27.83212618	     32.61263932	     -7.50072358	    -49.16959242	     -1.69957286	     -5.28865291	      2.11355723	    -14.79519063	      4.68923190	     49.06873175	     90.00000001	      0.00000000	      0.00000000	     14.70432954	    -15.88132541	     -1.07401871	     49.17596006	     90.00000001	      0.00000000	      0.00000000
      3.51000000	     23.33762377	      6.79332364	      4.76712544	      1.88236773	      0.92558454	      0.16469043	      1.74685187	    -14.75134454	    -39.51517202	     54.15549424	    -19.57796920	      0.94519168	     26.54268813	     27.01163463	     -7.50070609	    -24.62681523	     14.34668301	     -5.96398274	     13.50666121	     -9.09651938	      0.23573571	     28.18888189	     32.90656915	     -7.50070609	    -49.00254210	     -1.68042739	     -5.63227297	      1.92507986	    -14.67089846	      4.68590017	     49.25725733	     90.00000001	      0.00000000	      0.00000000	     15.67060074	    -16.08452422	     -0.72566783	     49.74835076	     90.00000001	      0.00000000	      0.00000000
      3.52000000	     23.19705902	      6.99870488	      4.92112765	      1.89335451	      0.92463131	      0.16421842	      3.13148365	    -14.81957669	    -39.53578257	     51.96704998	    -19.00673563	      0.90699612	     26.82304326	     29.05754097	     -7.50068319	    -25.59884785	     14.43979520	     -5.81779561	     12.95435728	     -9.09570494	      0.22609619	     28.32298058	     33.14081826	     -7.50068319	    -48.93165299	     -1.75235861	     -5.95804698	      1.74649559	    -14.56152827	      4.68680815	     49.50882698	     90.00000001	      0.00000000	      0.00000000	     16.67715180	    -16.32087676	     -0.27668839	     50.24851072	     90.00000001	      0.00000000	      0.00000000
      3.53000000	     22.86761959	      7.22441841	      5.05239511	      1.90416690	      0.92322060	      0.16377569	      4.74493763	    -14.91804974	    -39.54390297	     49.82523079	    -18.34722756	      0.86961433	     26.82353592	     30.63201798	     -7.50066651	    -26.34512865	     14.60508705	     -5.65697315	     12.39199467	     -9.12135161	      0.21628111	     28.71868636	     33.52627515	     -7.50066651	    -48.70551465	     -1.87942202	     -6.26698261	      1.64884569	    -14.46785076	      4.72015636	     49.64518058	     90.00000001	      0.00000000	      0.00000000	     17.72483622	    -16.49935455	      0.09169120	     50.66505068	     90.00000001	      0.00000000	      0.00000000
      3.54000000	     22.53880253	      7.47204389	      5.10227579	      1.91500421	      0.92164854	      0.16339529	      6.29155679	    -15.05814028	    -39.54871369	     47.67877072	    -17.55023718	      0.83215153	     26.58869943	     32.29317875	     -7.50065243	    -27.03554651	     14.82252919	     -5.64261100	     11.92611717	     -9.14701659	      0.20815001	     29.02587078	     33.93313065	     -7.50065243	    -48.46875464	     -2.07242808	     -6.55614272	      1.57910850	    -14.39227232	      4.75980121	     49.77708930	     90.00000001	      0.00000000	      0.00000000	     18.74935383	    -16.66385898	      0.50366175	     51.00368045	     90.00000001	      0.00000000	      0.00000000
