[2026-07-19 11:08:38.260] [info] Loaded model TCV09-scaled from file TVC09_scaled.osim
[2026-07-19 11:08:44.911] [info] Loaded model TCV09-scaled from file TVC09_scaled_jmp_temp.osim
[2026-07-19 11:09:48.330] [info] Loaded model TCV09-scaled from file TVC09_scaled_jmp_temp.osim
[2026-07-19 11:09:48.336] [info] Loaded model TCV09-scaled from file TVC09_scaled_jmp_temp.osim
[2026-07-19 11:09:48.340] [info] Loaded model TCV09-scaled from file TVC09_scaled_jmp_temp.osim
[2026-07-19 11:09:48.341] [info] Loaded model TCV09-scaled from file TVC09_scaled_jmp_temp.osim
[2026-07-19 11:09:48.347] [info] Loaded model TCV09-scaled from file TVC09_scaled_jmp_temp.osim
[2026-07-19 11:09:48.371] [info] Loaded model TCV09-scaled from file TVC09_scaled_jmp_temp.osim
[2026-07-19 15:47:14.420] [info] Loaded model TCV09-scaled from file TVC09_scaled_jmp_temp.osim
[2026-07-19 15:47:15.763] [info] Loaded model TCV09-scaled from file TVC09_2_JMP_results\TVC09_2_NMSM_JMP_01_pelvis_thigh.osim
[2026-07-19 15:47:17.792] [info] Loaded model TCV09-scaled from file TVC09_2_NMSM_JMP_01_pelvis_thigh_jmp_temp.osim
[2026-07-19 15:47:32.211] [info] Loaded model TCV09-scaled from file TVC09_2_NMSM_JMP_01_pelvis_thigh_jmp_temp.osim
[2026-07-19 15:47:32.212] [info] Loaded model TCV09-scaled from file TVC09_2_NMSM_JMP_01_pelvis_thigh_jmp_temp.osim
[2026-07-19 15:47:32.220] [info] Loaded model TCV09-scaled from file TVC09_2_NMSM_JMP_01_pelvis_thigh_jmp_temp.osim
[2026-07-19 15:47:32.222] [info] Loaded model TCV09-scaled from file TVC09_2_NMSM_JMP_01_pelvis_thigh_jmp_temp.osim
[2026-07-19 15:47:32.232] [info] Loaded model TCV09-scaled from file TVC09_2_NMSM_JMP_01_pelvis_thigh_jmp_temp.osim
[2026-07-19 15:47:32.235] [info] Loaded model TCV09-scaled from file TVC09_2_NMSM_JMP_01_pelvis_thigh_jmp_temp.osim
[2026-07-19 17:44:23.220] [info] Loaded model TCV09-scaled from file TVC09_2_NMSM_JMP_01_pelvis_thigh_jmp_temp.osim
[2026-07-19 17:44:24.050] [info] Loaded model TCV09-scaled from file TVC09_2_JMP_results\TVC09_2_NMSM_JMP_02_knee_ankle.osim
[2026-07-19 17:44:26.349] [info] Loaded model TCV09-scaled from file TVC09_2_NMSM_JMP_02_knee_ankle_jmp_temp.osim
[2026-07-19 17:44:40.470] [info] Loaded model TCV09-scaled from file TVC09_2_NMSM_JMP_02_knee_ankle_jmp_temp.osim
[2026-07-19 17:44:40.471] [info] Loaded model TCV09-scaled from file TVC09_2_NMSM_JMP_02_knee_ankle_jmp_temp.osim
[2026-07-19 17:44:40.478] [info] Loaded model TCV09-scaled from file TVC09_2_NMSM_JMP_02_knee_ankle_jmp_temp.osim
[2026-07-19 17:44:40.485] [info] Loaded model TCV09-scaled from file TVC09_2_NMSM_JMP_02_knee_ankle_jmp_temp.osim
[2026-07-19 17:44:40.488] [info] Loaded model TCV09-scaled from file TVC09_2_NMSM_JMP_02_knee_ankle_jmp_temp.osim
[2026-07-20 02:15:10.110] [info] Loaded model TCV09-scaled from file TVC09_2_NMSM_JMP_02_knee_ankle_jmp_temp.osim
[2026-07-20 02:15:10.772] [info] Loaded model TCV09-scaled from file TVC09_2_JMP_results\TVC09_2_NMSM_JMP_03_final.osim
[2026-07-20 02:15:11.399] [info] Loaded model TCV09-scaled from file TVC09_2_NMSM_JMP_03_final_jmp_temp.osim
[2026-07-20 02:15:16.382] [info] Loaded model TCV09-scaled from file TVC09_2_NMSM_JMP_03_final_jmp_temp.osim
[2026-07-20 02:15:16.404] [info] Loaded model TCV09-scaled from file TVC09_2_NMSM_JMP_03_final_jmp_temp.osim
[2026-07-20 02:15:16.408] [info] Loaded model TCV09-scaled from file TVC09_2_NMSM_JMP_03_final_jmp_temp.osim
[2026-07-20 02:15:16.419] [info] Loaded model TCV09-scaled from file TVC09_2_NMSM_JMP_03_final_jmp_temp.osim
[2026-07-20 02:15:32.593] [info] Loaded model TCV09-scaled from file TVC09_2_NMSM_JMP_03_final_jmp_temp.osim
[2026-07-20 02:15:32.831] [info] Loaded model TCV09-scaled from file TVC09_2_JMP_results\TVC09_2_NMSM_JMP_04_ankle_axis.osim
[2026-07-20 02:15:33.513] [info] Loaded model TCV09-scaled from file TVC09_2_NMSM_JMP_04_ankle_axis_jmp_temp.osim
[2026-07-20 02:15:37.169] [info] Loaded model TCV09-scaled from file TVC09_2_NMSM_JMP_04_ankle_axis_jmp_temp.osim
[2026-07-20 02:15:37.172] [info] Loaded model TCV09-scaled from file TVC09_2_NMSM_JMP_04_ankle_axis_jmp_temp.osim
[2026-07-20 02:15:37.176] [info] Loaded model TCV09-scaled from file TVC09_2_NMSM_JMP_04_ankle_axis_jmp_temp.osim
[2026-07-20 02:15:37.177] [info] Loaded model TCV09-scaled from file TVC09_2_NMSM_JMP_04_ankle_axis_jmp_temp.osim
[2026-07-20 02:15:37.180] [info] Loaded model TCV09-scaled from file TVC09_2_NMSM_JMP_04_ankle_axis_jmp_temp.osim
[2026-07-20 02:15:37.191] [info] Loaded model TCV09-scaled from file TVC09_2_NMSM_JMP_04_ankle_axis_jmp_temp.osim
[2026-07-20 02:41:21.424] [info] Loaded model TCV09-scaled from file TVC09_2_NMSM_JMP_04_ankle_axis_jmp_temp.osim
[2026-07-20 02:41:21.698] [info] Loaded model TCV09-scaled from file TVC09_2_JMP_results\TVC09_2_NMSM_JMP_05_torso.osim
[2026-07-20 02:41:22.398] [info] Loaded model TCV09-scaled from file TVC09_2_NMSM_JMP_05_torso_jmp_temp.osim
[2026-07-20 02:41:25.503] [info] Loaded model TCV09-scaled from file TVC09_2_NMSM_JMP_05_torso_jmp_temp.osim
[2026-07-20 02:41:25.505] [info] Loaded model TCV09-scaled from file TVC09_2_NMSM_JMP_05_torso_jmp_temp.osim
[2026-07-20 02:41:25.505] [info] Loaded model TCV09-scaled from file TVC09_2_NMSM_JMP_05_torso_jmp_temp.osim
[2026-07-20 02:41:25.520] [info] Loaded model TCV09-scaled from file TVC09_2_NMSM_JMP_05_torso_jmp_temp.osim
[2026-07-20 02:41:25.521] [info] Loaded model TCV09-scaled from file TVC09_2_NMSM_JMP_05_torso_jmp_temp.osim
[2026-07-20 02:41:25.526] [info] Loaded model TCV09-scaled from file TVC09_2_NMSM_JMP_05_torso_jmp_temp.osim
[2026-07-20 02:46:04.569] [info] Loaded model TCV09-scaled from file TVC09_2_NMSM_JMP_05_torso_jmp_temp.osim
[2026-07-20 02:46:04.925] [info] Loaded model TCV09-scaled from file TVC09_2_JMP_results\TVC09_2_NMSM_JMP_06_shoulder_elbow.osim
[2026-07-20 02:46:06.003] [info] Loaded model TCV09-scaled from file TVC09_2_NMSM_JMP_06_shoulder_elbow_jmp_temp.osim
[2026-07-20 02:46:09.982] [info] Loaded model TCV09-scaled from file TVC09_2_NMSM_JMP_06_shoulder_elbow_jmp_temp.osim
[2026-07-20 02:46:09.990] [info] Loaded model TCV09-scaled from file TVC09_2_NMSM_JMP_06_shoulder_elbow_jmp_temp.osim
[2026-07-20 02:46:09.991] [info] Loaded model TCV09-scaled from file TVC09_2_NMSM_JMP_06_shoulder_elbow_jmp_temp.osim
[2026-07-20 02:46:09.993] [info] Loaded model TCV09-scaled from file TVC09_2_NMSM_JMP_06_shoulder_elbow_jmp_temp.osim
[2026-07-20 02:46:09.997] [info] Loaded model TCV09-scaled from file TVC09_2_NMSM_JMP_06_shoulder_elbow_jmp_temp.osim
[2026-07-20 02:46:09.998] [info] Loaded model TCV09-scaled from file TVC09_2_NMSM_JMP_06_shoulder_elbow_jmp_temp.osim
[2026-07-20 03:17:03.189] [info] Loaded model TCV09-scaled from file TVC09_2_NMSM_JMP_06_shoulder_elbow_jmp_temp.osim
[2026-07-20 03:17:03.925] [info] Loaded model TCV09-scaled from file TVC09_2_JMP_results\TVC09_2_NMSM_JMP_07_upper_limb_final.osim
[2026-07-20 03:17:04.623] [info] Loaded model TCV09-scaled from file TVC09_2_NMSM_JMP_07_upper_limb_final_jmp_temp.osim
[2026-07-20 03:17:10.817] [info] Loaded model TCV09-scaled from file TVC09_2_NMSM_JMP_07_upper_limb_final_jmp_temp.osim
[2026-07-20 03:17:10.822] [info] Loaded model TCV09-scaled from file TVC09_2_NMSM_JMP_07_upper_limb_final_jmp_temp.osim
[2026-07-20 03:17:10.827] [info] Loaded model TCV09-scaled from file TVC09_2_NMSM_JMP_07_upper_limb_final_jmp_temp.osim
[2026-07-20 03:17:10.829] [info] Loaded model TCV09-scaled from file TVC09_2_NMSM_JMP_07_upper_limb_final_jmp_temp.osim
[2026-07-20 03:17:10.829] [info] Loaded model TCV09-scaled from file TVC09_2_NMSM_JMP_07_upper_limb_final_jmp_temp.osim
[2026-07-20 03:17:10.830] [info] Loaded model TCV09-scaled from file TVC09_2_NMSM_JMP_07_upper_limb_final_jmp_temp.osim
[2026-07-20 03:24:32.873] [info] Loaded model TCV09-scaled from file TVC09_2_NMSM_JMP_07_upper_limb_final_jmp_temp.osim
[2026-07-21 00:06:34.443] [info] Loaded model TCV09-scaled from file C:\Users\migue\Downloads\TFG\2_JMP\TVC09\Walk_2\TVC09_scaled.osim
[2026-07-21 00:06:35.788] [cout] [info] 
               MODEL: TCV09-scaled
         coordinates: 41
              forces: 103
           actuators: 103
             muscles: 86
            analyses: 0
              probes: 0
              bodies: 24
              joints: 24
         constraints: 2
             markers: 27
         controllers: 0
  contact geometries: 0
misc modelcomponents: 0
[2026-07-21 00:06:35.791] [info] Running tool .
[2026-07-21 00:06:36.196] [info] Frame 40 (t = 0.4):	 total squared error = 0.00624225, marker error: RMS = 0.0152051, max = 0.0350006 (R_Heel)
[2026-07-21 00:06:36.218] [info] Frame 41 (t = 0.41):	 total squared error = 0.00623045, marker error: RMS = 0.0151907, max = 0.0349409 (R_Heel)
[2026-07-21 00:06:36.256] [info] Frame 42 (t = 0.42):	 total squared error = 0.00617949, marker error: RMS = 0.0151285, max = 0.0348459 (R_Ankle_Lateral)
[2026-07-21 00:06:36.310] [info] Frame 43 (t = 0.43):	 total squared error = 0.00610994, marker error: RMS = 0.0150431, max = 0.0351075 (R_Ankle_Lateral)
[2026-07-21 00:06:36.387] [info] Frame 44 (t = 0.44):	 total squared error = 0.00603355, marker error: RMS = 0.0149487, max = 0.0353009 (R_Ankle_Lateral)
[2026-07-21 00:06:36.443] [info] Frame 45 (t = 0.45):	 total squared error = 0.00595091, marker error: RMS = 0.014846, max = 0.0356064 (R_Ankle_Lateral)
[2026-07-21 00:06:36.490] [info] Frame 46 (t = 0.46):	 total squared error = 0.00586746, marker error: RMS = 0.0147416, max = 0.0359274 (R_Ankle_Lateral)
[2026-07-21 00:06:36.544] [info] Frame 47 (t = 0.47):	 total squared error = 0.00579084, marker error: RMS = 0.014645, max = 0.0362326 (R_Ankle_Lateral)
[2026-07-21 00:06:36.605] [info] Frame 48 (t = 0.48):	 total squared error = 0.00571864, marker error: RMS = 0.0145534, max = 0.0363628 (R_Ankle_Lateral)
[2026-07-21 00:06:36.658] [info] Frame 49 (t = 0.49):	 total squared error = 0.00567342, marker error: RMS = 0.0144958, max = 0.0367223 (R_Ankle_Lateral)
[2026-07-21 00:06:36.700] [info] Frame 50 (t = 0.5):	 total squared error = 0.00564750, marker error: RMS = 0.0144626, max = 0.0369786 (R_Ankle_Lateral)
[2026-07-21 00:06:36.750] [info] Frame 51 (t = 0.51):	 total squared error = 0.00563462, marker error: RMS = 0.0144461, max = 0.037233 (R_Ankle_Lateral)
[2026-07-21 00:06:36.812] [info] Frame 52 (t = 0.52):	 total squared error = 0.00563031, marker error: RMS = 0.0144406, max = 0.0375432 (R_Ankle_Lateral)
[2026-07-21 00:06:36.885] [info] Frame 53 (t = 0.53):	 total squared error = 0.00564017, marker error: RMS = 0.0144532, max = 0.0378749 (R_Ankle_Lateral)
[2026-07-21 00:06:36.983] [info] Frame 54 (t = 0.54):	 total squared error = 0.00566351, marker error: RMS = 0.0144831, max = 0.0380724 (R_Ankle_Lateral)
[2026-07-21 00:06:37.035] [info] Frame 55 (t = 0.55):	 total squared error = 0.00571564, marker error: RMS = 0.0145496, max = 0.038316 (R_Ankle_Lateral)
[2026-07-21 00:06:37.091] [info] Frame 56 (t = 0.56):	 total squared error = 0.00578889, marker error: RMS = 0.0146425, max = 0.0385363 (R_Ankle_Lateral)
[2026-07-21 00:06:37.153] [info] Frame 57 (t = 0.57):	 total squared error = 0.00589174, marker error: RMS = 0.014772, max = 0.0386235 (R_Ankle_Lateral)
[2026-07-21 00:06:37.239] [info] Frame 58 (t = 0.58):	 total squared error = 0.00601372, marker error: RMS = 0.0149241, max = 0.03871 (R_Ankle_Lateral)
[2026-07-21 00:06:37.289] [info] Frame 59 (t = 0.59):	 total squared error = 0.00617100, marker error: RMS = 0.0151181, max = 0.0389329 (R_Ankle_Lateral)
[2026-07-21 00:06:37.349] [info] Frame 60 (t = 0.6):	 total squared error = 0.00633898, marker error: RMS = 0.0153224, max = 0.0387986 (R_Ankle_Lateral)
[2026-07-21 00:06:37.415] [info] Frame 61 (t = 0.61):	 total squared error = 0.00651805, marker error: RMS = 0.0155374, max = 0.0396771 (R_Knee_Lateral)
[2026-07-21 00:06:37.468] [info] Frame 62 (t = 0.62):	 total squared error = 0.00671000, marker error: RMS = 0.0157645, max = 0.0416905 (R_Knee_Lateral)
[2026-07-21 00:06:37.527] [info] Frame 63 (t = 0.63):	 total squared error = 0.00692069, marker error: RMS = 0.0160101, max = 0.0436991 (R_Knee_Lateral)
[2026-07-21 00:06:37.583] [info] Frame 64 (t = 0.64):	 total squared error = 0.00715358, marker error: RMS = 0.0162772, max = 0.0457187 (R_Knee_Lateral)
[2026-07-21 00:06:37.701] [info] Frame 65 (t = 0.65):	 total squared error = 0.00742107, marker error: RMS = 0.0165787, max = 0.0475883 (R_Knee_Lateral)
[2026-07-21 00:06:37.787] [info] Frame 66 (t = 0.66):	 total squared error = 0.00769123, marker error: RMS = 0.0168778, max = 0.0493277 (R_Knee_Lateral)
[2026-07-21 00:06:37.870] [info] Frame 67 (t = 0.67):	 total squared error = 0.00796810, marker error: RMS = 0.0171789, max = 0.0509347 (R_Knee_Lateral)
[2026-07-21 00:06:37.951] [info] Frame 68 (t = 0.68):	 total squared error = 0.00824763, marker error: RMS = 0.0174776, max = 0.0524631 (R_Knee_Lateral)
[2026-07-21 00:06:38.002] [info] Frame 69 (t = 0.69):	 total squared error = 0.00852883, marker error: RMS = 0.0177731, max = 0.0539154 (R_Knee_Lateral)
[2026-07-21 00:06:38.040] [info] Frame 70 (t = 0.7):	 total squared error = 0.00882886, marker error: RMS = 0.0180830, max = 0.0553386 (R_Knee_Lateral)
[2026-07-21 00:06:38.110] [info] Frame 71 (t = 0.71):	 total squared error = 0.00910488, marker error: RMS = 0.0183635, max = 0.0566010 (R_Knee_Lateral)
[2026-07-21 00:06:38.188] [info] Frame 72 (t = 0.72):	 total squared error = 0.00939393, marker error: RMS = 0.0186527, max = 0.0577152 (R_Knee_Lateral)
[2026-07-21 00:06:38.250] [info] Frame 73 (t = 0.73):	 total squared error = 0.00968327, marker error: RMS = 0.0189378, max = 0.0588423 (R_Knee_Lateral)
[2026-07-21 00:06:38.300] [info] Frame 74 (t = 0.74):	 total squared error = 0.00996751, marker error: RMS = 0.0192137, max = 0.0597854 (R_Knee_Lateral)
[2026-07-21 00:06:38.364] [info] Frame 75 (t = 0.75):	 total squared error = 0.0102334, marker error: RMS = 0.0194683, max = 0.0606155 (R_Knee_Lateral)
[2026-07-21 00:06:38.428] [info] Frame 76 (t = 0.76):	 total squared error = 0.0104776, marker error: RMS = 0.0196992, max = 0.0612746 (R_Knee_Lateral)
[2026-07-21 00:06:38.484] [info] Frame 77 (t = 0.77):	 total squared error = 0.0106918, marker error: RMS = 0.0198996, max = 0.0617506 (R_Knee_Lateral)
[2026-07-21 00:06:38.540] [info] Frame 78 (t = 0.78):	 total squared error = 0.0108619, marker error: RMS = 0.0200572, max = 0.0620351 (R_Knee_Lateral)
[2026-07-21 00:06:38.588] [info] Frame 79 (t = 0.79):	 total squared error = 0.0109867, marker error: RMS = 0.0201721, max = 0.0621142 (R_Knee_Lateral)
[2026-07-21 00:06:38.642] [info] Frame 80 (t = 0.8):	 total squared error = 0.0110551, marker error: RMS = 0.0202348, max = 0.0620850 (R_Knee_Lateral)
[2026-07-21 00:06:38.668] [info] Frame 81 (t = 0.81):	 total squared error = 0.0110853, marker error: RMS = 0.0202625, max = 0.0617876 (R_Knee_Lateral)
[2026-07-21 00:06:38.717] [info] Frame 82 (t = 0.82):	 total squared error = 0.0110410, marker error: RMS = 0.0202219, max = 0.0617355 (R_Knee_Lateral)
[2026-07-21 00:06:38.776] [info] Frame 83 (t = 0.83):	 total squared error = 0.0109564, marker error: RMS = 0.0201443, max = 0.0614265 (R_Knee_Lateral)
[2026-07-21 00:06:38.818] [info] Frame 84 (t = 0.84):	 total squared error = 0.0108494, marker error: RMS = 0.0200457, max = 0.0609828 (R_Knee_Lateral)
[2026-07-21 00:06:38.896] [info] Frame 85 (t = 0.85):	 total squared error = 0.0107038, marker error: RMS = 0.0199107, max = 0.0604224 (R_Knee_Lateral)
[2026-07-21 00:06:38.946] [info] Frame 86 (t = 0.86):	 total squared error = 0.0105598, marker error: RMS = 0.0197764, max = 0.0598164 (R_Knee_Lateral)
[2026-07-21 00:06:39.026] [info] Frame 87 (t = 0.87):	 total squared error = 0.0104056, marker error: RMS = 0.0196314, max = 0.0591971 (R_Knee_Lateral)
[2026-07-21 00:06:39.070] [info] Frame 88 (t = 0.88):	 total squared error = 0.0102613, marker error: RMS = 0.0194948, max = 0.0584864 (R_Knee_Lateral)
[2026-07-21 00:06:39.174] [info] Frame 89 (t = 0.89):	 total squared error = 0.0101082, marker error: RMS = 0.0193488, max = 0.0577448 (R_Knee_Lateral)
[2026-07-21 00:06:39.250] [info] Frame 90 (t = 0.9):	 total squared error = 0.00996149, marker error: RMS = 0.0192079, max = 0.0569318 (R_Knee_Lateral)
[2026-07-21 00:06:39.394] [info] Frame 91 (t = 0.91):	 total squared error = 0.00980495, marker error: RMS = 0.0190564, max = 0.0561396 (R_Knee_Lateral)
[2026-07-21 00:06:39.451] [info] Frame 92 (t = 0.92):	 total squared error = 0.00964646, marker error: RMS = 0.0189018, max = 0.05525 (R_Knee_Lateral)
[2026-07-21 00:06:39.534] [info] Frame 93 (t = 0.93):	 total squared error = 0.00945489, marker error: RMS = 0.0187131, max = 0.0542849 (R_Knee_Lateral)
[2026-07-21 00:06:39.579] [info] Frame 94 (t = 0.94):	 total squared error = 0.00926109, marker error: RMS = 0.0185204, max = 0.0532973 (R_Knee_Lateral)
[2026-07-21 00:06:39.682] [info] Frame 95 (t = 0.95):	 total squared error = 0.00901181, marker error: RMS = 0.0182694, max = 0.0520361 (R_Knee_Lateral)
[2026-07-21 00:06:39.774] [info] Frame 96 (t = 0.96):	 total squared error = 0.00875803, marker error: RMS = 0.0180103, max = 0.0506527 (R_Knee_Lateral)
[2026-07-21 00:06:39.850] [info] Frame 97 (t = 0.97):	 total squared error = 0.00850229, marker error: RMS = 0.0177454, max = 0.0492411 (R_Knee_Lateral)
[2026-07-21 00:06:39.969] [info] Frame 98 (t = 0.98):	 total squared error = 0.00821547, marker error: RMS = 0.0174435, max = 0.0475026 (R_Knee_Lateral)
[2026-07-21 00:06:40.037] [info] Frame 99 (t = 0.99):	 total squared error = 0.00796498, marker error: RMS = 0.0171755, max = 0.0458581 (R_Knee_Lateral)
[2026-07-21 00:06:40.102] [info] Frame 100 (t = 1.0):	 total squared error = 0.00773354, marker error: RMS = 0.0169242, max = 0.0441011 (R_Knee_Lateral)
[2026-07-21 00:06:40.169] [info] Frame 101 (t = 1.01):	 total squared error = 0.00755074, marker error: RMS = 0.0167229, max = 0.0423659 (R_Knee_Lateral)
[2026-07-21 00:06:40.204] [info] Frame 102 (t = 1.02):	 total squared error = 0.00743299, marker error: RMS = 0.016592, max = 0.0405665 (R_Knee_Lateral)
[2026-07-21 00:06:40.268] [info] Frame 103 (t = 1.03):	 total squared error = 0.00735246, marker error: RMS = 0.0165019, max = 0.0391844 (R_Knee_Lateral)
[2026-07-21 00:06:40.299] [info] Frame 104 (t = 1.04):	 total squared error = 0.00735687, marker error: RMS = 0.0165069, max = 0.0376189 (R_Knee_Lateral)
[2026-07-21 00:06:40.361] [info] Frame 105 (t = 1.05):	 total squared error = 0.00739794, marker error: RMS = 0.0165529, max = 0.0366105 (R_Knee_Lateral)
[2026-07-21 00:06:40.406] [info] Frame 106 (t = 1.06):	 total squared error = 0.00750881, marker error: RMS = 0.0166764, max = 0.0356918 (R_Knee_Lateral)
[2026-07-21 00:06:40.475] [info] Frame 107 (t = 1.07):	 total squared error = 0.00766137, marker error: RMS = 0.016845, max = 0.0377317 (R_Thigh_Lateral)
[2026-07-21 00:06:40.533] [info] Frame 108 (t = 1.08):	 total squared error = 0.00784052, marker error: RMS = 0.0170408, max = 0.0395444 (R_Thigh_Lateral)
[2026-07-21 00:06:40.590] [info] Frame 109 (t = 1.09):	 total squared error = 0.00800952, marker error: RMS = 0.0172235, max = 0.0411579 (R_Thigh_Lateral)
[2026-07-21 00:06:40.614] [info] Frame 110 (t = 1.1):	 total squared error = 0.00813823, marker error: RMS = 0.0173613, max = 0.0420985 (R_Thigh_Lateral)
[2026-07-21 00:06:40.675] [info] Frame 111 (t = 1.11):	 total squared error = 0.00817822, marker error: RMS = 0.0174039, max = 0.0422617 (R_Thigh_Lateral)
[2026-07-21 00:06:40.743] [info] Frame 112 (t = 1.12):	 total squared error = 0.00811157, marker error: RMS = 0.0173329, max = 0.0417276 (R_Thigh_Lateral)
[2026-07-21 00:06:40.782] [info] Frame 113 (t = 1.13):	 total squared error = 0.00793655, marker error: RMS = 0.0171449, max = 0.03971 (R_Thigh_Lateral)
[2026-07-21 00:06:40.829] [info] Frame 114 (t = 1.14):	 total squared error = 0.00766650, marker error: RMS = 0.0168507, max = 0.0369801 (R_Thigh_Lateral)
[2026-07-21 00:06:40.891] [info] Frame 115 (t = 1.15):	 total squared error = 0.00734398, marker error: RMS = 0.0164924, max = 0.0336716 (R_Thigh_Lateral)
[2026-07-21 00:06:40.930] [info] Frame 116 (t = 1.16):	 total squared error = 0.00703250, marker error: RMS = 0.0161389, max = 0.0327172 (R_Ankle_Lateral)
[2026-07-21 00:06:40.969] [info] Frame 117 (t = 1.17):	 total squared error = 0.00677878, marker error: RMS = 0.0158451, max = 0.0332561 (R_Ankle_Lateral)
[2026-07-21 00:06:41.059] [info] Frame 118 (t = 1.18):	 total squared error = 0.00660586, marker error: RMS = 0.0156417, max = 0.0333852 (R_Ankle_Lateral)
[2026-07-21 00:06:41.125] [info] Frame 119 (t = 1.19):	 total squared error = 0.00654454, marker error: RMS = 0.0155689, max = 0.0337575 (R_Ankle_Lateral)
[2026-07-21 00:06:41.199] [info] Frame 120 (t = 1.2):	 total squared error = 0.00658414, marker error: RMS = 0.0156159, max = 0.0340973 (R_Ankle_Lateral)
[2026-07-21 00:06:41.261] [info] Frame 121 (t = 1.21):	 total squared error = 0.00670446, marker error: RMS = 0.015758, max = 0.0343773 (R_Ankle_Lateral)
[2026-07-21 00:06:41.314] [info] Frame 122 (t = 1.22):	 total squared error = 0.00688587, marker error: RMS = 0.0159697, max = 0.0346735 (R_Ankle_Lateral)
[2026-07-21 00:06:41.371] [info] Frame 123 (t = 1.23):	 total squared error = 0.00709499, marker error: RMS = 0.0162104, max = 0.0347808 (R_Ankle_Lateral)
[2026-07-21 00:06:41.444] [info] Frame 124 (t = 1.24):	 total squared error = 0.00729364, marker error: RMS = 0.0164358, max = 0.034826 (R_Ankle_Lateral)
[2026-07-21 00:06:41.514] [info] Frame 125 (t = 1.25):	 total squared error = 0.00748348, marker error: RMS = 0.0166483, max = 0.0348246 (R_Ankle_Lateral)
[2026-07-21 00:06:41.620] [info] Frame 126 (t = 1.26):	 total squared error = 0.00763930, marker error: RMS = 0.0168207, max = 0.0347424 (R_Ankle_Lateral)
[2026-07-21 00:06:41.707] [info] Frame 127 (t = 1.27):	 total squared error = 0.00775594, marker error: RMS = 0.0169487, max = 0.0346701 (R_Ankle_Lateral)
[2026-07-21 00:06:41.774] [info] Frame 128 (t = 1.28):	 total squared error = 0.00783107, marker error: RMS = 0.0170305, max = 0.0346274 (R_Ankle_Lateral)
[2026-07-21 00:06:41.841] [info] Frame 129 (t = 1.29):	 total squared error = 0.00787562, marker error: RMS = 0.0170789, max = 0.0345037 (R_Ankle_Lateral)
[2026-07-21 00:06:41.912] [info] Frame 130 (t = 1.3):	 total squared error = 0.00789716, marker error: RMS = 0.0171023, max = 0.0344395 (R_Ankle_Lateral)
[2026-07-21 00:06:41.958] [info] Frame 131 (t = 1.31):	 total squared error = 0.00791678, marker error: RMS = 0.0171235, max = 0.0342897 (R_Ankle_Lateral)
[2026-07-21 00:06:42.022] [info] Frame 132 (t = 1.32):	 total squared error = 0.00791588, marker error: RMS = 0.0171225, max = 0.0342884 (R_Ankle_Lateral)
[2026-07-21 00:06:42.069] [info] Frame 133 (t = 1.33):	 total squared error = 0.00792394, marker error: RMS = 0.0171312, max = 0.0341241 (R_Ankle_Lateral)
[2026-07-21 00:06:42.112] [info] Frame 134 (t = 1.34):	 total squared error = 0.00792945, marker error: RMS = 0.0171372, max = 0.0340851 (R_Ankle_Lateral)
[2026-07-21 00:06:42.143] [info] Frame 135 (t = 1.35):	 total squared error = 0.00795306, marker error: RMS = 0.0171627, max = 0.0341216 (R_Ankle_Lateral)
[2026-07-21 00:06:42.183] [info] Frame 136 (t = 1.36):	 total squared error = 0.00795231, marker error: RMS = 0.0171619, max = 0.0338448 (R_Ankle_Lateral)
[2026-07-21 00:06:42.244] [info] Frame 137 (t = 1.37):	 total squared error = 0.00794341, marker error: RMS = 0.0171523, max = 0.0338031 (R_Ankle_Lateral)
[2026-07-21 00:06:42.278] [info] Frame 138 (t = 1.38):	 total squared error = 0.00795683, marker error: RMS = 0.0171667, max = 0.0339025 (R_Ankle_Lateral)
[2026-07-21 00:06:42.325] [info] Frame 139 (t = 1.39):	 total squared error = 0.00794676, marker error: RMS = 0.0171559, max = 0.0337778 (R_Ankle_Lateral)
[2026-07-21 00:06:42.382] [info] Frame 140 (t = 1.4):	 total squared error = 0.00792113, marker error: RMS = 0.0171282, max = 0.0338706 (R_Ankle_Lateral)
[2026-07-21 00:06:42.418] [info] Frame 141 (t = 1.41):	 total squared error = 0.00789636, marker error: RMS = 0.0171014, max = 0.0340585 (R_Ankle_Lateral)
[2026-07-21 00:06:42.495] [info] Frame 142 (t = 1.42):	 total squared error = 0.00781540, marker error: RMS = 0.0170135, max = 0.03391 (R_Ankle_Lateral)
[2026-07-21 00:06:42.571] [info] Frame 143 (t = 1.43):	 total squared error = 0.00773573, marker error: RMS = 0.0169266, max = 0.0340449 (R_Ankle_Lateral)
[2026-07-21 00:06:42.651] [info] Frame 144 (t = 1.44):	 total squared error = 0.00763338, marker error: RMS = 0.0168142, max = 0.0340783 (R_Ankle_Lateral)
[2026-07-21 00:06:42.723] [info] Frame 145 (t = 1.45):	 total squared error = 0.00751117, marker error: RMS = 0.0166791, max = 0.0342915 (R_Ankle_Lateral)
[2026-07-21 00:06:42.801] [info] Frame 146 (t = 1.46):	 total squared error = 0.00735927, marker error: RMS = 0.0165096, max = 0.0344654 (R_Ankle_Lateral)
[2026-07-21 00:06:42.875] [info] Frame 147 (t = 1.47):	 total squared error = 0.00718248, marker error: RMS = 0.01631, max = 0.0346121 (R_Ankle_Lateral)
[2026-07-21 00:06:42.938] [info] Frame 148 (t = 1.48):	 total squared error = 0.00697918, marker error: RMS = 0.0160776, max = 0.0347571 (R_Ankle_Lateral)
[2026-07-21 00:06:43.018] [info] Frame 149 (t = 1.49):	 total squared error = 0.00675813, marker error: RMS = 0.0158209, max = 0.0348442 (R_Ankle_Lateral)
[2026-07-21 00:06:43.071] [info] Frame 150 (t = 1.5):	 total squared error = 0.00653523, marker error: RMS = 0.0155578, max = 0.034869 (R_Ankle_Lateral)
[2026-07-21 00:06:43.122] [info] Frame 151 (t = 1.51):	 total squared error = 0.00632404, marker error: RMS = 0.0153044, max = 0.034963 (R_Ankle_Lateral)
[2026-07-21 00:06:43.212] [info] Frame 152 (t = 1.52):	 total squared error = 0.00614418, marker error: RMS = 0.0150852, max = 0.0351562 (R_Ankle_Lateral)
[2026-07-21 00:06:43.253] [info] Frame 153 (t = 1.53):	 total squared error = 0.00603282, marker error: RMS = 0.0149478, max = 0.0352365 (R_Ankle_Lateral)
[2026-07-21 00:06:43.329] [info] Frame 154 (t = 1.54):	 total squared error = 0.00596499, marker error: RMS = 0.0148636, max = 0.0353814 (R_Ankle_Lateral)
[2026-07-21 00:06:43.378] [info] Frame 155 (t = 1.55):	 total squared error = 0.00596514, marker error: RMS = 0.0148638, max = 0.0354576 (R_Ankle_Lateral)
[2026-07-21 00:06:43.474] [info] Frame 156 (t = 1.56):	 total squared error = 0.00599311, marker error: RMS = 0.0148986, max = 0.0356331 (R_Ankle_Lateral)
[2026-07-21 00:06:43.553] [info] Frame 157 (t = 1.57):	 total squared error = 0.00604252, marker error: RMS = 0.0149598, max = 0.0357669 (R_Ankle_Lateral)
[2026-07-21 00:06:43.625] [info] Frame 158 (t = 1.58):	 total squared error = 0.00608418, marker error: RMS = 0.0150113, max = 0.0360093 (R_Ankle_Lateral)
[2026-07-21 00:06:43.693] [info] Frame 159 (t = 1.59):	 total squared error = 0.00610164, marker error: RMS = 0.0150329, max = 0.0361825 (R_Ankle_Lateral)
[2026-07-21 00:06:43.750] [info] Frame 160 (t = 1.6):	 total squared error = 0.00608674, marker error: RMS = 0.0150145, max = 0.0363995 (R_Ankle_Lateral)
[2026-07-21 00:06:43.787] [info] Frame 161 (t = 1.61):	 total squared error = 0.00604725, marker error: RMS = 0.0149657, max = 0.0365616 (R_Ankle_Lateral)
[2026-07-21 00:06:43.842] [info] Frame 162 (t = 1.62):	 total squared error = 0.00597812, marker error: RMS = 0.0148799, max = 0.0368091 (R_Ankle_Lateral)
[2026-07-21 00:06:43.896] [info] Frame 163 (t = 1.63):	 total squared error = 0.00589844, marker error: RMS = 0.0147804, max = 0.0370332 (R_Ankle_Lateral)
[2026-07-21 00:06:43.923] [info] Frame 164 (t = 1.64):	 total squared error = 0.00583328, marker error: RMS = 0.0146985, max = 0.0370201 (R_Ankle_Lateral)
[2026-07-21 00:06:43.971] [info] Frame 165 (t = 1.65):	 total squared error = 0.00577613, marker error: RMS = 0.0146264, max = 0.0373259 (R_Ankle_Lateral)
[2026-07-21 00:06:44.022] [info] Frame 166 (t = 1.66):	 total squared error = 0.00574813, marker error: RMS = 0.0145909, max = 0.0374866 (R_Ankle_Lateral)
[2026-07-21 00:06:44.054] [info] Frame 167 (t = 1.67):	 total squared error = 0.00575214, marker error: RMS = 0.014596, max = 0.0376168 (R_Ankle_Lateral)
[2026-07-21 00:06:44.093] [info] Frame 168 (t = 1.68):	 total squared error = 0.00577858, marker error: RMS = 0.0146295, max = 0.0377711 (R_Ankle_Lateral)
[2026-07-21 00:06:44.150] [info] Frame 169 (t = 1.69):	 total squared error = 0.00582799, marker error: RMS = 0.0146919, max = 0.0379049 (R_Ankle_Lateral)
[2026-07-21 00:06:44.197] [info] Frame 170 (t = 1.7):	 total squared error = 0.00589287, marker error: RMS = 0.0147734, max = 0.0380695 (R_Ankle_Lateral)
[2026-07-21 00:06:44.250] [info] Frame 171 (t = 1.71):	 total squared error = 0.00596164, marker error: RMS = 0.0148594, max = 0.038225 (R_Ankle_Lateral)
[2026-07-21 00:06:44.289] [info] Frame 172 (t = 1.72):	 total squared error = 0.00602440, marker error: RMS = 0.0149374, max = 0.0384218 (R_Ankle_Lateral)
[2026-07-21 00:06:44.342] [info] Frame 173 (t = 1.73):	 total squared error = 0.00607079, marker error: RMS = 0.0149948, max = 0.0385553 (R_Ankle_Lateral)
[2026-07-21 00:06:44.431] [info] Frame 174 (t = 1.74):	 total squared error = 0.00609343, marker error: RMS = 0.0150227, max = 0.0385966 (R_Ankle_Lateral)
[2026-07-21 00:06:44.488] [info] Frame 175 (t = 1.75):	 total squared error = 0.00610413, marker error: RMS = 0.0150359, max = 0.0387234 (R_Ankle_Lateral)
[2026-07-21 00:06:44.579] [info] Frame 176 (t = 1.76):	 total squared error = 0.00610239, marker error: RMS = 0.0150338, max = 0.0388418 (R_Ankle_Lateral)
[2026-07-21 00:06:44.621] [info] Frame 177 (t = 1.77):	 total squared error = 0.00612212, marker error: RMS = 0.0150581, max = 0.0389891 (R_Ankle_Lateral)
[2026-07-21 00:06:44.691] [info] Frame 178 (t = 1.78):	 total squared error = 0.00614000, marker error: RMS = 0.0150800, max = 0.0389872 (R_Ankle_Lateral)
[2026-07-21 00:06:44.727] [info] Frame 179 (t = 1.79):	 total squared error = 0.00621126, marker error: RMS = 0.0151673, max = 0.0388392 (R_Ankle_Lateral)
[2026-07-21 00:06:44.787] [info] Frame 180 (t = 1.8):	 total squared error = 0.00626872, marker error: RMS = 0.0152373, max = 0.0388447 (R_Ankle_Lateral)
[2026-07-21 00:06:44.846] [info] Frame 181 (t = 1.81):	 total squared error = 0.00633979, marker error: RMS = 0.0153234, max = 0.0384594 (R_Ankle_Lateral)
[2026-07-21 00:06:44.904] [info] Frame 182 (t = 1.82):	 total squared error = 0.00643649, marker error: RMS = 0.0154398, max = 0.0383117 (R_Ankle_Lateral)
[2026-07-21 00:06:44.961] [info] Frame 183 (t = 1.83):	 total squared error = 0.00656079, marker error: RMS = 0.0155882, max = 0.0389368 (R_Knee_Lateral)
[2026-07-21 00:06:45.012] [info] Frame 184 (t = 1.84):	 total squared error = 0.00672773, marker error: RMS = 0.0157853, max = 0.0413197 (R_Knee_Lateral)
[2026-07-21 00:06:45.085] [info] Frame 185 (t = 1.85):	 total squared error = 0.00695583, marker error: RMS = 0.0160506, max = 0.04371 (R_Knee_Lateral)
[2026-07-21 00:06:45.163] [info] Frame 186 (t = 1.86):	 total squared error = 0.00723349, marker error: RMS = 0.0163679, max = 0.0459727 (R_Knee_Lateral)
[2026-07-21 00:06:45.239] [info] Frame 187 (t = 1.87):	 total squared error = 0.00754132, marker error: RMS = 0.0167125, max = 0.0481572 (R_Knee_Lateral)
[2026-07-21 00:06:45.290] [info] Frame 188 (t = 1.88):	 total squared error = 0.00785238, marker error: RMS = 0.0170537, max = 0.0502013 (R_Knee_Lateral)
[2026-07-21 00:06:45.382] [info] Frame 189 (t = 1.89):	 total squared error = 0.00814983, marker error: RMS = 0.0173737, max = 0.0520549 (R_Knee_Lateral)
[2026-07-21 00:06:45.470] [info] Frame 190 (t = 1.9):	 total squared error = 0.00843118, marker error: RMS = 0.017671, max = 0.05375 (R_Knee_Lateral)
[2026-07-21 00:06:45.525] [info] Frame 191 (t = 1.91):	 total squared error = 0.00870533, marker error: RMS = 0.017956, max = 0.0554306 (R_Knee_Lateral)
[2026-07-21 00:06:45.613] [info] Frame 192 (t = 1.92):	 total squared error = 0.00896919, marker error: RMS = 0.0182261, max = 0.0568838 (R_Knee_Lateral)
[2026-07-21 00:06:45.667] [info] Frame 193 (t = 1.93):	 total squared error = 0.00923479, marker error: RMS = 0.018494, max = 0.0583708 (R_Knee_Lateral)
[2026-07-21 00:06:45.717] [info] Frame 194 (t = 1.94):	 total squared error = 0.00949680, marker error: RMS = 0.0187546, max = 0.0596577 (R_Knee_Lateral)
[2026-07-21 00:06:45.775] [info] Frame 195 (t = 1.95):	 total squared error = 0.00973821, marker error: RMS = 0.0189914, max = 0.0608117 (R_Knee_Lateral)
[2026-07-21 00:06:45.822] [info] Frame 196 (t = 1.96):	 total squared error = 0.00995751, marker error: RMS = 0.0192041, max = 0.061735 (R_Knee_Lateral)
[2026-07-21 00:06:45.880] [info] Frame 197 (t = 1.97):	 total squared error = 0.0101374, marker error: RMS = 0.0193767, max = 0.0624021 (R_Knee_Lateral)
[2026-07-21 00:06:45.964] [info] Frame 198 (t = 1.98):	 total squared error = 0.0102790, marker error: RMS = 0.0195116, max = 0.0627484 (R_Knee_Lateral)
[2026-07-21 00:06:46.015] [info] Frame 199 (t = 1.99):	 total squared error = 0.0103833, marker error: RMS = 0.0196103, max = 0.0630222 (R_Knee_Lateral)
[2026-07-21 00:06:46.055] [info] Frame 200 (t = 2.0):	 total squared error = 0.0104528, marker error: RMS = 0.0196759, max = 0.0631783 (R_Knee_Lateral)
[2026-07-21 00:06:46.135] [info] Frame 201 (t = 2.01):	 total squared error = 0.0104878, marker error: RMS = 0.0197088, max = 0.0630209 (R_Knee_Lateral)
[2026-07-21 00:06:46.171] [info] Frame 202 (t = 2.02):	 total squared error = 0.0105101, marker error: RMS = 0.0197297, max = 0.0630105 (R_Knee_Lateral)
[2026-07-21 00:06:46.234] [info] Frame 203 (t = 2.03):	 total squared error = 0.0105010, marker error: RMS = 0.0197212, max = 0.0625937 (R_Knee_Lateral)
[2026-07-21 00:06:46.294] [info] Frame 204 (t = 2.04):	 total squared error = 0.0104799, marker error: RMS = 0.0197014, max = 0.0621446 (R_Knee_Lateral)
[2026-07-21 00:06:46.388] [info] Frame 205 (t = 2.05):	 total squared error = 0.0104388, marker error: RMS = 0.0196627, max = 0.0617962 (R_Knee_Lateral)
[2026-07-21 00:06:46.437] [info] Frame 206 (t = 2.06):	 total squared error = 0.0103812, marker error: RMS = 0.0196084, max = 0.06126 (R_Knee_Lateral)
[2026-07-21 00:06:46.507] [info] Frame 207 (t = 2.07):	 total squared error = 0.0102958, marker error: RMS = 0.0195276, max = 0.0604994 (R_Knee_Lateral)
[2026-07-21 00:06:46.573] [info] Frame 208 (t = 2.08):	 total squared error = 0.0101811, marker error: RMS = 0.0194185, max = 0.0597723 (R_Knee_Lateral)
[2026-07-21 00:06:46.672] [info] Frame 209 (t = 2.09):	 total squared error = 0.0100273, marker error: RMS = 0.0192713, max = 0.0588428 (R_Knee_Lateral)
[2026-07-21 00:06:46.716] [info] Frame 210 (t = 2.1):	 total squared error = 0.00984286, marker error: RMS = 0.0190932, max = 0.0576325 (R_Knee_Lateral)
[2026-07-21 00:06:46.828] [info] Frame 211 (t = 2.11):	 total squared error = 0.00958169, marker error: RMS = 0.0188382, max = 0.0560913 (R_Knee_Lateral)
[2026-07-21 00:06:46.865] [info] Frame 212 (t = 2.12):	 total squared error = 0.00929370, marker error: RMS = 0.0185529, max = 0.0542769 (R_Knee_Lateral)
[2026-07-21 00:06:46.967] [info] Frame 213 (t = 2.13):	 total squared error = 0.00891254, marker error: RMS = 0.0181685, max = 0.0521881 (R_Knee_Lateral)
[2026-07-21 00:06:47.055] [info] Frame 214 (t = 2.14):	 total squared error = 0.00849622, marker error: RMS = 0.0177391, max = 0.0497256 (R_Knee_Lateral)
[2026-07-21 00:06:47.152] [info] Frame 215 (t = 2.15):	 total squared error = 0.00804371, marker error: RMS = 0.0172602, max = 0.047218 (R_Knee_Lateral)
[2026-07-21 00:06:47.278] [info] Frame 216 (t = 2.16):	 total squared error = 0.00757748, marker error: RMS = 0.0167525, max = 0.0445018 (R_Knee_Lateral)
[2026-07-21 00:06:47.381] [info] Frame 217 (t = 2.17):	 total squared error = 0.00712867, marker error: RMS = 0.0162488, max = 0.0417975 (R_Knee_Lateral)
[2026-07-21 00:06:47.485] [info] Frame 218 (t = 2.18):	 total squared error = 0.00672489, marker error: RMS = 0.015782, max = 0.0396070 (R_Ankle_Lateral)
[2026-07-21 00:06:47.576] [info] Frame 219 (t = 2.19):	 total squared error = 0.00640010, marker error: RMS = 0.0153961, max = 0.0394579 (R_Ankle_Lateral)
[2026-07-21 00:06:47.645] [info] Frame 220 (t = 2.2):	 total squared error = 0.00618858, marker error: RMS = 0.0151396, max = 0.0391406 (R_Ankle_Lateral)
[2026-07-21 00:06:47.680] [info] Frame 221 (t = 2.21):	 total squared error = 0.00612265, marker error: RMS = 0.0150587, max = 0.0390347 (R_Ankle_Lateral)
[2026-07-21 00:06:47.743] [info] Frame 222 (t = 2.22):	 total squared error = 0.00613364, marker error: RMS = 0.0150722, max = 0.0383814 (R_Ankle_Lateral)
[2026-07-21 00:06:47.779] [info] Frame 223 (t = 2.23):	 total squared error = 0.00624041, marker error: RMS = 0.0152028, max = 0.0381856 (R_Ankle_Lateral)
[2026-07-21 00:06:47.828] [info] Frame 224 (t = 2.24):	 total squared error = 0.00635663, marker error: RMS = 0.0153438, max = 0.0375047 (R_Ankle_Lateral)
[2026-07-21 00:06:47.871] [info] Frame 225 (t = 2.25):	 total squared error = 0.00642459, marker error: RMS = 0.0154256, max = 0.0366882 (R_Ankle_Lateral)
[2026-07-21 00:06:47.899] [info] Frame 226 (t = 2.26):	 total squared error = 0.00641111, marker error: RMS = 0.0154094, max = 0.0363066 (R_Ankle_Lateral)
[2026-07-21 00:06:47.953] [info] Frame 227 (t = 2.27):	 total squared error = 0.00631084, marker error: RMS = 0.0152884, max = 0.0357325 (R_Ankle_Lateral)
[2026-07-21 00:06:47.997] [info] Frame 228 (t = 2.28):	 total squared error = 0.00615458, marker error: RMS = 0.0150979, max = 0.0353242 (R_Ankle_Lateral)
[2026-07-21 00:06:48.030] [info] Frame 229 (t = 2.29):	 total squared error = 0.00599006, marker error: RMS = 0.0148948, max = 0.0347382 (R_Ankle_Lateral)
[2026-07-21 00:06:48.091] [info] Frame 230 (t = 2.3):	 total squared error = 0.00583651, marker error: RMS = 0.0147026, max = 0.0349111 (R_Ankle_Lateral)
[2026-07-21 00:06:48.133] [info] Frame 231 (t = 2.31):	 total squared error = 0.00572603, marker error: RMS = 0.0145628, max = 0.0350277 (R_Ankle_Lateral)
[2026-07-21 00:06:48.192] [info] Frame 232 (t = 2.32):	 total squared error = 0.00565817, marker error: RMS = 0.0144763, max = 0.0350735 (R_Ankle_Lateral)
[2026-07-21 00:06:48.249] [info] Frame 233 (t = 2.33):	 total squared error = 0.00561999, marker error: RMS = 0.0144273, max = 0.0354090 (R_Ankle_Lateral)
[2026-07-21 00:06:48.289] [info] Frame 234 (t = 2.34):	 total squared error = 0.00561060, marker error: RMS = 0.0144153, max = 0.0359375 (R_Ankle_Lateral)
[2026-07-21 00:06:48.342] [info] Frame 235 (t = 2.35):	 total squared error = 0.00562305, marker error: RMS = 0.0144313, max = 0.0361876 (R_Ankle_Lateral)
[2026-07-21 00:06:48.393] [info] Frame 236 (t = 2.36):	 total squared error = 0.00567191, marker error: RMS = 0.0144938, max = 0.0365923 (R_Ankle_Lateral)
[2026-07-21 00:06:48.466] [info] Frame 237 (t = 2.37):	 total squared error = 0.00575966, marker error: RMS = 0.0146055, max = 0.0368892 (R_Ankle_Lateral)
[2026-07-21 00:06:48.525] [info] Frame 238 (t = 2.38):	 total squared error = 0.00589197, marker error: RMS = 0.0147723, max = 0.0372137 (R_Ankle_Lateral)
[2026-07-21 00:06:48.594] [info] Frame 239 (t = 2.39):	 total squared error = 0.00606424, marker error: RMS = 0.0149867, max = 0.0374329 (R_Ankle_Lateral)
[2026-07-21 00:06:48.691] [info] Frame 240 (t = 2.4):	 total squared error = 0.00627135, marker error: RMS = 0.0152405, max = 0.0375445 (R_Ankle_Lateral)
[2026-07-21 00:06:48.796] [info] Frame 241 (t = 2.41):	 total squared error = 0.00650326, marker error: RMS = 0.0155197, max = 0.0376944 (R_Ankle_Lateral)
[2026-07-21 00:06:48.868] [info] Frame 242 (t = 2.42):	 total squared error = 0.00675176, marker error: RMS = 0.0158134, max = 0.0378301 (R_Ankle_Lateral)
[2026-07-21 00:06:48.914] [info] Frame 243 (t = 2.43):	 total squared error = 0.00700921, marker error: RMS = 0.0161121, max = 0.0378607 (R_Ankle_Lateral)
[2026-07-21 00:06:48.982] [info] Frame 244 (t = 2.44):	 total squared error = 0.00722717, marker error: RMS = 0.0163607, max = 0.0379172 (R_Ankle_Lateral)
[2026-07-21 00:06:49.081] [info] Frame 245 (t = 2.45):	 total squared error = 0.00744571, marker error: RMS = 0.0166062, max = 0.0380396 (R_Ankle_Lateral)
[2026-07-21 00:06:49.132] [info] Frame 246 (t = 2.46):	 total squared error = 0.00765963, marker error: RMS = 0.0168431, max = 0.0380066 (R_Ankle_Lateral)
[2026-07-21 00:06:49.181] [info] Frame 247 (t = 2.47):	 total squared error = 0.00784893, marker error: RMS = 0.0170500, max = 0.038166 (R_Ankle_Lateral)
[2026-07-21 00:06:49.241] [info] Frame 248 (t = 2.48):	 total squared error = 0.00802465, marker error: RMS = 0.0172398, max = 0.0382995 (R_Ankle_Lateral)
[2026-07-21 00:06:49.276] [info] Frame 249 (t = 2.49):	 total squared error = 0.00820443, marker error: RMS = 0.0174318, max = 0.0382328 (R_Ankle_Lateral)
[2026-07-21 00:06:49.340] [info] Frame 250 (t = 2.5):	 total squared error = 0.00831307, marker error: RMS = 0.0175468, max = 0.038337 (R_Ankle_Lateral)
[2026-07-21 00:06:49.386] [info] Frame 251 (t = 2.51):	 total squared error = 0.00839362, marker error: RMS = 0.0176316, max = 0.0381692 (R_Ankle_Lateral)
[2026-07-21 00:06:49.452] [info] Frame 252 (t = 2.52):	 total squared error = 0.00838872, marker error: RMS = 0.0176265, max = 0.0384030 (R_Ankle_Lateral)
[2026-07-21 00:06:49.491] [info] Frame 253 (t = 2.53):	 total squared error = 0.00832645, marker error: RMS = 0.017561, max = 0.0381056 (R_Ankle_Lateral)
[2026-07-21 00:06:49.563] [info] Frame 254 (t = 2.54):	 total squared error = 0.00817694, marker error: RMS = 0.0174026, max = 0.0382838 (R_Ankle_Lateral)
[2026-07-21 00:06:49.600] [info] Frame 255 (t = 2.55):	 total squared error = 0.00800317, marker error: RMS = 0.0172167, max = 0.0379665 (R_Ankle_Lateral)
[2026-07-21 00:06:49.696] [info] Frame 256 (t = 2.56):	 total squared error = 0.00777522, marker error: RMS = 0.0169697, max = 0.0380787 (R_Ankle_Lateral)
[2026-07-21 00:06:49.752] [info] Frame 257 (t = 2.57):	 total squared error = 0.00756076, marker error: RMS = 0.016734, max = 0.0379563 (R_Ankle_Lateral)
[2026-07-21 00:06:49.820] [info] Frame 258 (t = 2.58):	 total squared error = 0.00734477, marker error: RMS = 0.0164933, max = 0.0378552 (R_Ankle_Lateral)
[2026-07-21 00:06:49.896] [info] Frame 259 (t = 2.59):	 total squared error = 0.00714481, marker error: RMS = 0.0162672, max = 0.0377147 (R_Ankle_Lateral)
[2026-07-21 00:06:49.963] [info] Frame 260 (t = 2.6):	 total squared error = 0.00695765, marker error: RMS = 0.0160527, max = 0.0375587 (R_Ankle_Lateral)
[2026-07-21 00:06:50.034] [info] Frame 261 (t = 2.61):	 total squared error = 0.00679088, marker error: RMS = 0.0158592, max = 0.0374164 (R_Ankle_Lateral)
[2026-07-21 00:06:50.103] [info] Frame 262 (t = 2.62):	 total squared error = 0.00663717, marker error: RMS = 0.0156787, max = 0.0372798 (R_Ankle_Lateral)
[2026-07-21 00:06:50.158] [info] Frame 263 (t = 2.63):	 total squared error = 0.00649911, marker error: RMS = 0.0155148, max = 0.0371148 (R_Ankle_Lateral)
[2026-07-21 00:06:50.215] [info] Frame 264 (t = 2.64):	 total squared error = 0.00637168, marker error: RMS = 0.0153619, max = 0.0369964 (R_Ankle_Lateral)
[2026-07-21 00:06:50.301] [info] Frame 265 (t = 2.65):	 total squared error = 0.00625206, marker error: RMS = 0.015217, max = 0.0369443 (R_Ankle_Lateral)
[2026-07-21 00:06:50.365] [info] Frame 266 (t = 2.66):	 total squared error = 0.00613901, marker error: RMS = 0.0150788, max = 0.0369338 (R_Ankle_Lateral)
[2026-07-21 00:06:50.407] [info] Frame 267 (t = 2.67):	 total squared error = 0.00605025, marker error: RMS = 0.0149694, max = 0.0369088 (R_Ankle_Lateral)
[2026-07-21 00:06:50.494] [info] Frame 268 (t = 2.68):	 total squared error = 0.00594942, marker error: RMS = 0.0148442, max = 0.0368123 (R_Ankle_Lateral)
[2026-07-21 00:06:50.565] [info] Frame 269 (t = 2.69):	 total squared error = 0.00588148, marker error: RMS = 0.0147592, max = 0.0368674 (R_Ankle_Lateral)
[2026-07-21 00:06:50.652] [info] Frame 270 (t = 2.7):	 total squared error = 0.00583851, marker error: RMS = 0.0147051, max = 0.036937 (R_Ankle_Lateral)
[2026-07-21 00:06:50.692] [info] Frame 271 (t = 2.71):	 total squared error = 0.00582884, marker error: RMS = 0.014693, max = 0.0370052 (R_Ankle_Lateral)
[2026-07-21 00:06:50.756] [info] Frame 272 (t = 2.72):	 total squared error = 0.00584311, marker error: RMS = 0.0147109, max = 0.0370584 (R_Ankle_Lateral)
[2026-07-21 00:06:50.850] [info] Frame 273 (t = 2.73):	 total squared error = 0.00588175, marker error: RMS = 0.0147595, max = 0.0371774 (R_Ankle_Lateral)
[2026-07-21 00:06:50.916] [info] Frame 274 (t = 2.74):	 total squared error = 0.00593293, marker error: RMS = 0.0148236, max = 0.0372977 (R_Ankle_Lateral)
[2026-07-21 00:06:51.011] [info] Frame 275 (t = 2.75):	 total squared error = 0.00598283, marker error: RMS = 0.0148858, max = 0.0374060 (R_Ankle_Lateral)
[2026-07-21 00:06:51.058] [info] Frame 276 (t = 2.76):	 total squared error = 0.00602111, marker error: RMS = 0.0149333, max = 0.0375299 (R_Ankle_Lateral)
[2026-07-21 00:06:51.122] [info] Frame 277 (t = 2.77):	 total squared error = 0.00603979, marker error: RMS = 0.0149565, max = 0.0375968 (R_Ankle_Lateral)
[2026-07-21 00:06:51.160] [info] Frame 278 (t = 2.78):	 total squared error = 0.00603969, marker error: RMS = 0.0149563, max = 0.0377030 (R_Ankle_Lateral)
[2026-07-21 00:06:51.224] [info] Frame 279 (t = 2.79):	 total squared error = 0.00602078, marker error: RMS = 0.0149329, max = 0.0376853 (R_Ankle_Lateral)
[2026-07-21 00:06:51.246] [info] Frame 280 (t = 2.8):	 total squared error = 0.00599781, marker error: RMS = 0.0149044, max = 0.0376308 (R_Ankle_Lateral)
[2026-07-21 00:06:51.310] [info] Frame 281 (t = 2.81):	 total squared error = 0.00596331, marker error: RMS = 0.0148615, max = 0.0378691 (R_Ankle_Lateral)
[2026-07-21 00:06:51.349] [info] Frame 282 (t = 2.82):	 total squared error = 0.00594282, marker error: RMS = 0.0148359, max = 0.0380621 (R_Ankle_Lateral)
[2026-07-21 00:06:51.379] [info] Frame 283 (t = 2.83):	 total squared error = 0.00594310, marker error: RMS = 0.0148363, max = 0.0381223 (R_Ankle_Lateral)
[2026-07-21 00:06:51.462] [info] Frame 284 (t = 2.84):	 total squared error = 0.00595488, marker error: RMS = 0.014851, max = 0.0381424 (R_Ankle_Lateral)
[2026-07-21 00:06:51.497] [info] Frame 285 (t = 2.85):	 total squared error = 0.00599172, marker error: RMS = 0.0148968, max = 0.0382923 (R_Ankle_Lateral)
[2026-07-21 00:06:51.524] [info] Frame 286 (t = 2.86):	 total squared error = 0.00604897, marker error: RMS = 0.0149678, max = 0.0384967 (R_Ankle_Lateral)
[2026-07-21 00:06:51.567] [info] Frame 287 (t = 2.87):	 total squared error = 0.00610324, marker error: RMS = 0.0150348, max = 0.0385867 (R_Ankle_Lateral)
[2026-07-21 00:06:51.594] [info] Frame 288 (t = 2.88):	 total squared error = 0.00616859, marker error: RMS = 0.0151151, max = 0.0388247 (R_Ankle_Lateral)
[2026-07-21 00:06:51.659] [info] Frame 289 (t = 2.89):	 total squared error = 0.00620965, marker error: RMS = 0.0151653, max = 0.0388458 (R_Ankle_Lateral)
[2026-07-21 00:06:51.692] [info] Frame 290 (t = 2.9):	 total squared error = 0.00624574, marker error: RMS = 0.0152093, max = 0.0389606 (R_Ankle_Lateral)
[2026-07-21 00:06:51.731] [info] Frame 291 (t = 2.91):	 total squared error = 0.00626364, marker error: RMS = 0.0152311, max = 0.0390594 (R_Ankle_Lateral)
[2026-07-21 00:06:51.781] [info] Frame 292 (t = 2.92):	 total squared error = 0.00626817, marker error: RMS = 0.0152366, max = 0.0393621 (R_Ankle_Lateral)
[2026-07-21 00:06:51.828] [info] Frame 293 (t = 2.93):	 total squared error = 0.00627513, marker error: RMS = 0.0152451, max = 0.0395802 (R_Ankle_Lateral)
[2026-07-21 00:06:51.919] [info] Frame 294 (t = 2.94):	 total squared error = 0.00628021, marker error: RMS = 0.0152512, max = 0.0396976 (R_Ankle_Lateral)
[2026-07-21 00:06:51.970] [info] Frame 295 (t = 2.95):	 total squared error = 0.00631828, marker error: RMS = 0.0152974, max = 0.0396485 (R_Ankle_Lateral)
[2026-07-21 00:06:51.983] [info] InverseKinematicsTool completed 256 frames in 16 second(s).
[2026-07-21 00:06:52.093] [info] Loaded model TCV09-scaled from file C:\Users\migue\Downloads\TFG\2_JMP\TVC09\Walk_2\TVC09_scaled.osim
[2026-07-21 00:06:57.175] [warning] Coordinate.setValue:  coordinate pro_sup_r is locked. Unable to change its value.
[2026-07-21 00:06:57.276] [warning] Coordinate.setValue:  coordinate pro_sup_l is locked. Unable to change its value.
[2026-07-21 00:08:52.052] [info] Loaded model TCV09-scaled from file C:\Users\migue\Downloads\TFG\2_JMP\TVC09\Walk_2\TVC09_2_JMP_results\TVC09_2_NMSM_JMP_01_pelvis_thigh.osim
[2026-07-21 00:08:52.097] [cout] [info] 
               MODEL: TCV09-scaled
         coordinates: 41
              forces: 103
           actuators: 103
             muscles: 86
            analyses: 0
              probes: 0
              bodies: 24
              joints: 24
         constraints: 2
             markers: 27
         controllers: 0
  contact geometries: 0
misc modelcomponents: 0
[2026-07-21 00:08:52.097] [info] Running tool .
[2026-07-21 00:08:52.387] [info] Frame 40 (t = 0.4):	 total squared error = 0.00192781, marker error: RMS = 0.00844986, max = 0.0211985 (R_Heel)
[2026-07-21 00:08:52.421] [info] Frame 41 (t = 0.41):	 total squared error = 0.00194879, marker error: RMS = 0.00849572, max = 0.0210868 (R_Heel)
[2026-07-21 00:08:52.512] [info] Frame 42 (t = 0.42):	 total squared error = 0.00193782, marker error: RMS = 0.00847178, max = 0.0210895 (R_Heel)
[2026-07-21 00:08:52.547] [info] Frame 43 (t = 0.43):	 total squared error = 0.00190677, marker error: RMS = 0.00840364, max = 0.0208546 (R_Heel)
[2026-07-21 00:08:52.623] [info] Frame 44 (t = 0.44):	 total squared error = 0.00186367, marker error: RMS = 0.00830811, max = 0.0208628 (R_Heel)
[2026-07-21 00:08:52.701] [info] Frame 45 (t = 0.45):	 total squared error = 0.00180823, marker error: RMS = 0.00818362, max = 0.0207416 (R_Heel)
[2026-07-21 00:08:52.788] [info] Frame 46 (t = 0.46):	 total squared error = 0.00174503, marker error: RMS = 0.00803933, max = 0.0205711 (R_Heel)
[2026-07-21 00:08:52.849] [info] Frame 47 (t = 0.47):	 total squared error = 0.00168425, marker error: RMS = 0.00789808, max = 0.0203527 (R_Heel)
[2026-07-21 00:08:52.914] [info] Frame 48 (t = 0.48):	 total squared error = 0.00163374, marker error: RMS = 0.00777874, max = 0.0201202 (R_Heel)
[2026-07-21 00:08:53.038] [info] Frame 49 (t = 0.49):	 total squared error = 0.00159338, marker error: RMS = 0.00768206, max = 0.0199848 (R_Heel)
[2026-07-21 00:08:53.078] [info] Frame 50 (t = 0.5):	 total squared error = 0.00157238, marker error: RMS = 0.00763127, max = 0.0197251 (R_Heel)
[2026-07-21 00:08:53.142] [info] Frame 51 (t = 0.51):	 total squared error = 0.00155731, marker error: RMS = 0.00759462, max = 0.0192029 (R_Heel)
[2026-07-21 00:08:53.197] [info] Frame 52 (t = 0.52):	 total squared error = 0.00154072, marker error: RMS = 0.00755405, max = 0.0188712 (R_Heel)
[2026-07-21 00:08:53.272] [info] Frame 53 (t = 0.53):	 total squared error = 0.00151712, marker error: RMS = 0.00749598, max = 0.0185597 (R_Heel)
[2026-07-21 00:08:53.328] [info] Frame 54 (t = 0.54):	 total squared error = 0.00149853, marker error: RMS = 0.00744991, max = 0.018134 (R_Heel)
[2026-07-21 00:08:53.382] [info] Frame 55 (t = 0.55):	 total squared error = 0.00147787, marker error: RMS = 0.00739838, max = 0.0177352 (R_Heel)
[2026-07-21 00:08:53.428] [info] Frame 56 (t = 0.56):	 total squared error = 0.00146055, marker error: RMS = 0.00735488, max = 0.0172872 (R_Heel)
[2026-07-21 00:08:53.485] [info] Frame 57 (t = 0.57):	 total squared error = 0.00144975, marker error: RMS = 0.00732765, max = 0.0165828 (R_Heel)
[2026-07-21 00:08:53.539] [info] Frame 58 (t = 0.58):	 total squared error = 0.00144184, marker error: RMS = 0.00730763, max = 0.0161576 (R_Heel)
[2026-07-21 00:08:53.618] [info] Frame 59 (t = 0.59):	 total squared error = 0.00144189, marker error: RMS = 0.00730775, max = 0.0161714 (R_Ankle_Lateral)
[2026-07-21 00:08:53.703] [info] Frame 60 (t = 0.6):	 total squared error = 0.00145290, marker error: RMS = 0.00733560, max = 0.0161703 (R_Ankle_Lateral)
[2026-07-21 00:08:53.791] [info] Frame 61 (t = 0.61):	 total squared error = 0.00147317, marker error: RMS = 0.00738659, max = 0.0161364 (R_Ankle_Lateral)
[2026-07-21 00:08:53.883] [info] Frame 62 (t = 0.62):	 total squared error = 0.00150405, marker error: RMS = 0.00746361, max = 0.0161979 (R_Ankle_Lateral)
[2026-07-21 00:08:53.973] [info] Frame 63 (t = 0.63):	 total squared error = 0.00154771, marker error: RMS = 0.00757116, max = 0.0167376 (R_Shank_Lateral)
[2026-07-21 00:08:54.041] [info] Frame 64 (t = 0.64):	 total squared error = 0.00161049, marker error: RMS = 0.00772319, max = 0.017567 (R_Shank_Lateral)
[2026-07-21 00:08:54.105] [info] Frame 65 (t = 0.65):	 total squared error = 0.00168663, marker error: RMS = 0.00790367, max = 0.0184485 (R_Shank_Lateral)
[2026-07-21 00:08:54.179] [info] Frame 66 (t = 0.66):	 total squared error = 0.00177458, marker error: RMS = 0.00810712, max = 0.0192943 (R_Shank_Lateral)
[2026-07-21 00:08:54.306] [info] Frame 67 (t = 0.67):	 total squared error = 0.00187066, marker error: RMS = 0.00832369, max = 0.0202074 (R_Shank_Lateral)
[2026-07-21 00:08:54.390] [info] Frame 68 (t = 0.68):	 total squared error = 0.00196903, marker error: RMS = 0.00853974, max = 0.0210316 (R_Shank_Lateral)
[2026-07-21 00:08:54.470] [info] Frame 69 (t = 0.69):	 total squared error = 0.00207308, marker error: RMS = 0.00876246, max = 0.0219153 (R_Shank_Lateral)
[2026-07-21 00:08:54.562] [info] Frame 70 (t = 0.7):	 total squared error = 0.00218285, marker error: RMS = 0.00899145, max = 0.0228951 (R_Shank_Lateral)
[2026-07-21 00:08:54.655] [info] Frame 71 (t = 0.71):	 total squared error = 0.00230025, marker error: RMS = 0.00923007, max = 0.0240049 (R_Shank_Lateral)
[2026-07-21 00:08:54.745] [info] Frame 72 (t = 0.72):	 total squared error = 0.00242855, marker error: RMS = 0.00948400, max = 0.0252378 (R_Shank_Lateral)
[2026-07-21 00:08:54.828] [info] Frame 73 (t = 0.73):	 total squared error = 0.00256624, marker error: RMS = 0.00974914, max = 0.0265545 (R_Shank_Lateral)
[2026-07-21 00:08:54.890] [info] Frame 74 (t = 0.74):	 total squared error = 0.00271216, marker error: RMS = 0.0100225, max = 0.0279969 (R_Shank_Lateral)
[2026-07-21 00:08:54.941] [info] Frame 75 (t = 0.75):	 total squared error = 0.00286042, marker error: RMS = 0.0102928, max = 0.0294214 (R_Shank_Lateral)
[2026-07-21 00:08:54.998] [info] Frame 76 (t = 0.76):	 total squared error = 0.00300733, marker error: RMS = 0.0105538, max = 0.0308260 (R_Shank_Lateral)
[2026-07-21 00:08:55.044] [info] Frame 77 (t = 0.77):	 total squared error = 0.00314547, marker error: RMS = 0.0107935, max = 0.0321312 (R_Shank_Lateral)
[2026-07-21 00:08:55.091] [info] Frame 78 (t = 0.78):	 total squared error = 0.00326703, marker error: RMS = 0.011, max = 0.0331812 (R_Shank_Lateral)
[2026-07-21 00:08:55.142] [info] Frame 79 (t = 0.79):	 total squared error = 0.00336435, marker error: RMS = 0.0111627, max = 0.0339735 (R_Shank_Lateral)
[2026-07-21 00:08:55.178] [info] Frame 80 (t = 0.8):	 total squared error = 0.00343939, marker error: RMS = 0.0112865, max = 0.0343717 (R_Shank_Lateral)
[2026-07-21 00:08:55.239] [info] Frame 81 (t = 0.81):	 total squared error = 0.00346844, marker error: RMS = 0.011334, max = 0.0345941 (R_Shank_Lateral)
[2026-07-21 00:08:55.265] [info] Frame 82 (t = 0.82):	 total squared error = 0.00348867, marker error: RMS = 0.0113671, max = 0.0347345 (R_Shank_Lateral)
[2026-07-21 00:08:55.312] [info] Frame 83 (t = 0.83):	 total squared error = 0.00346005, marker error: RMS = 0.0113203, max = 0.0341975 (R_Shank_Lateral)
[2026-07-21 00:08:55.359] [info] Frame 84 (t = 0.84):	 total squared error = 0.00342069, marker error: RMS = 0.0112558, max = 0.0335599 (R_Shank_Lateral)
[2026-07-21 00:08:55.400] [info] Frame 85 (t = 0.85):	 total squared error = 0.00337469, marker error: RMS = 0.0111798, max = 0.0328831 (R_Shank_Lateral)
[2026-07-21 00:08:55.462] [info] Frame 86 (t = 0.86):	 total squared error = 0.00331521, marker error: RMS = 0.0110809, max = 0.0319364 (R_Shank_Lateral)
[2026-07-21 00:08:55.501] [info] Frame 87 (t = 0.87):	 total squared error = 0.00326369, marker error: RMS = 0.0109944, max = 0.0312392 (R_Shank_Lateral)
[2026-07-21 00:08:55.535] [info] Frame 88 (t = 0.88):	 total squared error = 0.00321792, marker error: RMS = 0.0109171, max = 0.0305335 (R_Shank_Lateral)
[2026-07-21 00:08:55.596] [info] Frame 89 (t = 0.89):	 total squared error = 0.00315665, marker error: RMS = 0.0108126, max = 0.0296292 (R_Shank_Lateral)
[2026-07-21 00:08:55.631] [info] Frame 90 (t = 0.9):	 total squared error = 0.00311051, marker error: RMS = 0.0107333, max = 0.0290009 (R_Shank_Lateral)
[2026-07-21 00:08:55.717] [info] Frame 91 (t = 0.91):	 total squared error = 0.00303410, marker error: RMS = 0.0106007, max = 0.0275401 (R_Shank_Lateral)
[2026-07-21 00:08:55.754] [info] Frame 92 (t = 0.92):	 total squared error = 0.00296801, marker error: RMS = 0.0104846, max = 0.0268719 (R_Shank_Lateral)
[2026-07-21 00:08:55.830] [info] Frame 93 (t = 0.93):	 total squared error = 0.00286703, marker error: RMS = 0.0103047, max = 0.0252626 (R_Shank_Lateral)
[2026-07-21 00:08:55.929] [info] Frame 94 (t = 0.94):	 total squared error = 0.00275780, marker error: RMS = 0.0101065, max = 0.0239136 (R_Shank_Lateral)
[2026-07-21 00:08:55.988] [info] Frame 95 (t = 0.95):	 total squared error = 0.00264252, marker error: RMS = 0.00989298, max = 0.0227033 (R_Shank_Lateral)
[2026-07-21 00:08:56.066] [info] Frame 96 (t = 0.96):	 total squared error = 0.00251408, marker error: RMS = 0.00964956, max = 0.0210691 (R_Shank_Lateral)
[2026-07-21 00:08:56.188] [info] Frame 97 (t = 0.97):	 total squared error = 0.00236745, marker error: RMS = 0.00936393, max = 0.0193686 (R_Shank_Lateral)
[2026-07-21 00:08:56.281] [info] Frame 98 (t = 0.98):	 total squared error = 0.00224007, marker error: RMS = 0.00910853, max = 0.0177874 (R_Shank_Lateral)
[2026-07-21 00:08:56.377] [info] Frame 99 (t = 0.99):	 total squared error = 0.00212542, marker error: RMS = 0.00887239, max = 0.0163915 (R_Shank_Lateral)
[2026-07-21 00:08:56.455] [info] Frame 100 (t = 1.0):	 total squared error = 0.00204011, marker error: RMS = 0.00869250, max = 0.0158055 (R_Heel)
[2026-07-21 00:08:56.546] [info] Frame 101 (t = 1.01):	 total squared error = 0.00197107, marker error: RMS = 0.00854416, max = 0.0153559 (R_Ankle_Lateral)
[2026-07-21 00:08:56.633] [info] Frame 102 (t = 1.02):	 total squared error = 0.00193827, marker error: RMS = 0.00847276, max = 0.0151818 (R_Heel)
[2026-07-21 00:08:56.683] [info] Frame 103 (t = 1.03):	 total squared error = 0.00194204, marker error: RMS = 0.00848099, max = 0.0156195 (R_Heel)
[2026-07-21 00:08:56.735] [info] Frame 104 (t = 1.04):	 total squared error = 0.00197064, marker error: RMS = 0.00854322, max = 0.0159573 (R_Heel)
[2026-07-21 00:08:56.794] [info] Frame 105 (t = 1.05):	 total squared error = 0.00202185, marker error: RMS = 0.00865351, max = 0.0158214 (R_Heel)
[2026-07-21 00:08:56.840] [info] Frame 106 (t = 1.06):	 total squared error = 0.00209670, marker error: RMS = 0.00881224, max = 0.0164239 (R_Heel)
[2026-07-21 00:08:56.895] [info] Frame 107 (t = 1.07):	 total squared error = 0.00217809, marker error: RMS = 0.00898164, max = 0.0167566 (R_Heel)
[2026-07-21 00:08:56.949] [info] Frame 108 (t = 1.08):	 total squared error = 0.00226141, marker error: RMS = 0.00915182, max = 0.0181501 (R_Thigh_Lateral)
[2026-07-21 00:08:57.006] [info] Frame 109 (t = 1.09):	 total squared error = 0.00233090, marker error: RMS = 0.00929138, max = 0.0195103 (R_Thigh_Lateral)
[2026-07-21 00:08:57.030] [info] Frame 110 (t = 1.1):	 total squared error = 0.00238934, marker error: RMS = 0.00940713, max = 0.0203489 (R_Thigh_Lateral)
[2026-07-21 00:08:57.075] [info] Frame 111 (t = 1.11):	 total squared error = 0.00237351, marker error: RMS = 0.00937592, max = 0.0202911 (R_Thigh_Lateral)
[2026-07-21 00:08:57.099] [info] Frame 112 (t = 1.12):	 total squared error = 0.00234637, marker error: RMS = 0.00932217, max = 0.019261 (R_Thigh_Lateral)
[2026-07-21 00:08:57.166] [info] Frame 113 (t = 1.13):	 total squared error = 0.00223605, marker error: RMS = 0.00910037, max = 0.018229 (R_Heel)
[2026-07-21 00:08:57.217] [info] Frame 114 (t = 1.14):	 total squared error = 0.00211447, marker error: RMS = 0.00884951, max = 0.0181845 (R_Heel)
[2026-07-21 00:08:57.282] [info] Frame 115 (t = 1.15):	 total squared error = 0.00198833, marker error: RMS = 0.00858149, max = 0.017966 (R_Heel)
[2026-07-21 00:08:57.323] [info] Frame 116 (t = 1.16):	 total squared error = 0.00188257, marker error: RMS = 0.00835014, max = 0.0174905 (R_Heel)
[2026-07-21 00:08:57.380] [info] Frame 117 (t = 1.17):	 total squared error = 0.00182386, marker error: RMS = 0.00821889, max = 0.0175245 (R_Heel)
[2026-07-21 00:08:57.450] [info] Frame 118 (t = 1.18):	 total squared error = 0.00182275, marker error: RMS = 0.00821639, max = 0.0176309 (R_Heel)
[2026-07-21 00:08:57.497] [info] Frame 119 (t = 1.19):	 total squared error = 0.00186439, marker error: RMS = 0.00830972, max = 0.0169138 (R_Heel)
[2026-07-21 00:08:57.565] [info] Frame 120 (t = 1.2):	 total squared error = 0.00195120, marker error: RMS = 0.00850097, max = 0.0173388 (R_Heel)
[2026-07-21 00:08:57.618] [info] Frame 121 (t = 1.21):	 total squared error = 0.00206243, marker error: RMS = 0.00873992, max = 0.017374 (R_Heel)
[2026-07-21 00:08:57.689] [info] Frame 122 (t = 1.22):	 total squared error = 0.00218662, marker error: RMS = 0.00899923, max = 0.0175697 (R_Heel)
[2026-07-21 00:08:57.759] [info] Frame 123 (t = 1.23):	 total squared error = 0.00230748, marker error: RMS = 0.00924459, max = 0.0177997 (R_Heel)
[2026-07-21 00:08:57.822] [info] Frame 124 (t = 1.24):	 total squared error = 0.00240978, marker error: RMS = 0.00944729, max = 0.0177901 (R_Heel)
[2026-07-21 00:08:57.884] [info] Frame 125 (t = 1.25):	 total squared error = 0.00249102, marker error: RMS = 0.00960521, max = 0.0180928 (R_Heel)
[2026-07-21 00:08:57.969] [info] Frame 126 (t = 1.26):	 total squared error = 0.00252305, marker error: RMS = 0.00966676, max = 0.0196416 (L_Shank_Lateral)
[2026-07-21 00:08:58.051] [info] Frame 127 (t = 1.27):	 total squared error = 0.00254000, marker error: RMS = 0.00969918, max = 0.0202843 (L_Shank_Lateral)
[2026-07-21 00:08:58.111] [info] Frame 128 (t = 1.28):	 total squared error = 0.00254081, marker error: RMS = 0.00970073, max = 0.0202411 (L_Shank_Lateral)
[2026-07-21 00:08:58.171] [info] Frame 129 (t = 1.29):	 total squared error = 0.00252406, marker error: RMS = 0.00966869, max = 0.0209237 (L_Shank_Lateral)
[2026-07-21 00:08:58.235] [info] Frame 130 (t = 1.3):	 total squared error = 0.00251025, marker error: RMS = 0.00964220, max = 0.0211352 (L_Shank_Lateral)
[2026-07-21 00:08:58.292] [info] Frame 131 (t = 1.31):	 total squared error = 0.00250723, marker error: RMS = 0.00963640, max = 0.0207379 (L_Shank_Lateral)
[2026-07-21 00:08:58.327] [info] Frame 132 (t = 1.32):	 total squared error = 0.00251401, marker error: RMS = 0.00964943, max = 0.0204541 (L_Shank_Lateral)
[2026-07-21 00:08:58.416] [info] Frame 133 (t = 1.33):	 total squared error = 0.00250009, marker error: RMS = 0.00962267, max = 0.0213867 (L_Shank_Lateral)
[2026-07-21 00:08:58.456] [info] Frame 134 (t = 1.34):	 total squared error = 0.00251722, marker error: RMS = 0.00965559, max = 0.0207650 (L_Shank_Lateral)
[2026-07-21 00:08:58.524] [info] Frame 135 (t = 1.35):	 total squared error = 0.00249653, marker error: RMS = 0.00961583, max = 0.0210680 (L_Shank_Lateral)
[2026-07-21 00:08:58.572] [info] Frame 136 (t = 1.36):	 total squared error = 0.00249849, marker error: RMS = 0.00961959, max = 0.0207095 (L_Shank_Lateral)
[2026-07-21 00:08:58.616] [info] Frame 137 (t = 1.37):	 total squared error = 0.00250132, marker error: RMS = 0.00962505, max = 0.0205526 (L_Shank_Lateral)
[2026-07-21 00:08:58.665] [info] Frame 138 (t = 1.38):	 total squared error = 0.00250312, marker error: RMS = 0.00962850, max = 0.0206196 (L_Shank_Lateral)
[2026-07-21 00:08:58.714] [info] Frame 139 (t = 1.39):	 total squared error = 0.00250034, marker error: RMS = 0.00962316, max = 0.0209460 (L_Shank_Lateral)
[2026-07-21 00:08:58.765] [info] Frame 140 (t = 1.4):	 total squared error = 0.00250258, marker error: RMS = 0.00962748, max = 0.0213557 (L_Shank_Lateral)
[2026-07-21 00:08:58.809] [info] Frame 141 (t = 1.41):	 total squared error = 0.00250939, marker error: RMS = 0.00964055, max = 0.0218655 (L_Shank_Lateral)
[2026-07-21 00:08:58.882] [info] Frame 142 (t = 1.42):	 total squared error = 0.00250851, marker error: RMS = 0.00963886, max = 0.0221829 (L_Shank_Lateral)
[2026-07-21 00:08:58.943] [info] Frame 143 (t = 1.43):	 total squared error = 0.00251098, marker error: RMS = 0.00964362, max = 0.0227387 (L_Shank_Lateral)
[2026-07-21 00:08:59.038] [info] Frame 144 (t = 1.44):	 total squared error = 0.00250429, marker error: RMS = 0.00963075, max = 0.0226875 (L_Shank_Lateral)
[2026-07-21 00:08:59.101] [info] Frame 145 (t = 1.45):	 total squared error = 0.00249109, marker error: RMS = 0.00960534, max = 0.0229988 (L_Shank_Lateral)
[2026-07-21 00:08:59.193] [info] Frame 146 (t = 1.46):	 total squared error = 0.00245370, marker error: RMS = 0.00953299, max = 0.0222574 (L_Shank_Lateral)
[2026-07-21 00:08:59.258] [info] Frame 147 (t = 1.47):	 total squared error = 0.00239970, marker error: RMS = 0.00942750, max = 0.0218782 (L_Shank_Lateral)
[2026-07-21 00:08:59.345] [info] Frame 148 (t = 1.48):	 total squared error = 0.00230894, marker error: RMS = 0.00924751, max = 0.0199794 (L_Shank_Lateral)
[2026-07-21 00:08:59.440] [info] Frame 149 (t = 1.49):	 total squared error = 0.00219704, marker error: RMS = 0.00902063, max = 0.0187701 (R_Heel)
[2026-07-21 00:08:59.520] [info] Frame 150 (t = 1.5):	 total squared error = 0.00206544, marker error: RMS = 0.00874630, max = 0.0189957 (R_Heel)
[2026-07-21 00:08:59.632] [info] Frame 151 (t = 1.51):	 total squared error = 0.00193395, marker error: RMS = 0.00846332, max = 0.0192851 (R_Heel)
[2026-07-21 00:08:59.697] [info] Frame 152 (t = 1.52):	 total squared error = 0.00181976, marker error: RMS = 0.00820966, max = 0.0194974 (R_Heel)
[2026-07-21 00:08:59.762] [info] Frame 153 (t = 1.53):	 total squared error = 0.00174031, marker error: RMS = 0.00802844, max = 0.0196776 (R_Heel)
[2026-07-21 00:08:59.847] [info] Frame 154 (t = 1.54):	 total squared error = 0.00170433, marker error: RMS = 0.00794503, max = 0.0198368 (R_Heel)
[2026-07-21 00:08:59.899] [info] Frame 155 (t = 1.55):	 total squared error = 0.00171621, marker error: RMS = 0.00797266, max = 0.0200716 (R_Heel)
[2026-07-21 00:08:59.952] [info] Frame 156 (t = 1.56):	 total squared error = 0.00175967, marker error: RMS = 0.00807298, max = 0.0201949 (R_Heel)
[2026-07-21 00:09:00.028] [info] Frame 157 (t = 1.57):	 total squared error = 0.00181861, marker error: RMS = 0.00820706, max = 0.0202595 (R_Heel)
[2026-07-21 00:09:00.077] [info] Frame 158 (t = 1.58):	 total squared error = 0.00188610, marker error: RMS = 0.00835795, max = 0.0202765 (R_Heel)
[2026-07-21 00:09:00.160] [info] Frame 159 (t = 1.59):	 total squared error = 0.00193705, marker error: RMS = 0.00847010, max = 0.0203253 (R_Heel)
[2026-07-21 00:09:00.201] [info] Frame 160 (t = 1.6):	 total squared error = 0.00197829, marker error: RMS = 0.00855980, max = 0.0203008 (R_Heel)
[2026-07-21 00:09:00.288] [info] Frame 161 (t = 1.61):	 total squared error = 0.00199423, marker error: RMS = 0.00859420, max = 0.0203367 (R_Heel)
[2026-07-21 00:09:00.332] [info] Frame 162 (t = 1.62):	 total squared error = 0.00199867, marker error: RMS = 0.00860376, max = 0.0202096 (R_Heel)
[2026-07-21 00:09:00.365] [info] Frame 163 (t = 1.63):	 total squared error = 0.00199672, marker error: RMS = 0.00859956, max = 0.0201720 (R_Heel)
[2026-07-21 00:09:00.395] [info] Frame 164 (t = 1.64):	 total squared error = 0.00198995, marker error: RMS = 0.00858497, max = 0.0200627 (R_Heel)
[2026-07-21 00:09:00.438] [info] Frame 165 (t = 1.65):	 total squared error = 0.00196867, marker error: RMS = 0.00853894, max = 0.0200624 (R_Heel)
[2026-07-21 00:09:00.467] [info] Frame 166 (t = 1.66):	 total squared error = 0.00196493, marker error: RMS = 0.00853084, max = 0.0200117 (R_Heel)
[2026-07-21 00:09:00.548] [info] Frame 167 (t = 1.67):	 total squared error = 0.00194822, marker error: RMS = 0.00849449, max = 0.019942 (R_Heel)
[2026-07-21 00:09:00.588] [info] Frame 168 (t = 1.68):	 total squared error = 0.00195449, marker error: RMS = 0.00850815, max = 0.0198176 (R_Heel)
[2026-07-21 00:09:00.631] [info] Frame 169 (t = 1.69):	 total squared error = 0.00197209, marker error: RMS = 0.00854636, max = 0.0197427 (R_Heel)
[2026-07-21 00:09:00.684] [info] Frame 170 (t = 1.7):	 total squared error = 0.00199810, marker error: RMS = 0.00860255, max = 0.0195447 (R_Heel)
[2026-07-21 00:09:00.733] [info] Frame 171 (t = 1.71):	 total squared error = 0.00202373, marker error: RMS = 0.00865753, max = 0.0193647 (R_Heel)
[2026-07-21 00:09:00.780] [info] Frame 172 (t = 1.72):	 total squared error = 0.00204279, marker error: RMS = 0.00869821, max = 0.0191926 (R_Heel)
[2026-07-21 00:09:00.832] [info] Frame 173 (t = 1.73):	 total squared error = 0.00204773, marker error: RMS = 0.00870872, max = 0.018893 (R_Heel)
[2026-07-21 00:09:00.870] [info] Frame 174 (t = 1.74):	 total squared error = 0.00203292, marker error: RMS = 0.00867718, max = 0.0187732 (R_Heel)
[2026-07-21 00:09:00.964] [info] Frame 175 (t = 1.75):	 total squared error = 0.00198469, marker error: RMS = 0.00857363, max = 0.0180740 (R_Heel)
[2026-07-21 00:09:01.014] [info] Frame 176 (t = 1.76):	 total squared error = 0.00192528, marker error: RMS = 0.00844432, max = 0.0179519 (R_Heel)
[2026-07-21 00:09:01.065] [info] Frame 177 (t = 1.77):	 total squared error = 0.00186078, marker error: RMS = 0.00830167, max = 0.0172289 (R_Heel)
[2026-07-21 00:09:01.179] [info] Frame 178 (t = 1.78):	 total squared error = 0.00176642, marker error: RMS = 0.00808844, max = 0.0166632 (R_Heel)
[2026-07-21 00:09:01.229] [info] Frame 179 (t = 1.79):	 total squared error = 0.00169867, marker error: RMS = 0.00793182, max = 0.0163089 (R_Heel)
[2026-07-21 00:09:01.287] [info] Frame 180 (t = 1.8):	 total squared error = 0.00162090, marker error: RMS = 0.00774811, max = 0.0155048 (R_Heel)
[2026-07-21 00:09:01.329] [info] Frame 181 (t = 1.81):	 total squared error = 0.00156634, marker error: RMS = 0.00761660, max = 0.0154339 (R_Heel)
[2026-07-21 00:09:01.416] [info] Frame 182 (t = 1.82):	 total squared error = 0.00150800, marker error: RMS = 0.00747342, max = 0.0152267 (R_Ankle_Lateral)
[2026-07-21 00:09:01.474] [info] Frame 183 (t = 1.83):	 total squared error = 0.00149404, marker error: RMS = 0.00743875, max = 0.0153038 (R_Shank_Lateral)
[2026-07-21 00:09:01.532] [info] Frame 184 (t = 1.84):	 total squared error = 0.00151009, marker error: RMS = 0.00747858, max = 0.0161584 (R_Shank_Lateral)
[2026-07-21 00:09:01.585] [info] Frame 185 (t = 1.85):	 total squared error = 0.00156675, marker error: RMS = 0.00761759, max = 0.0172065 (R_Shank_Lateral)
[2026-07-21 00:09:01.651] [info] Frame 186 (t = 1.86):	 total squared error = 0.00165219, marker error: RMS = 0.00782255, max = 0.0184026 (R_Shank_Lateral)
[2026-07-21 00:09:01.714] [info] Frame 187 (t = 1.87):	 total squared error = 0.00175855, marker error: RMS = 0.00807041, max = 0.0196131 (R_Shank_Lateral)
[2026-07-21 00:09:01.791] [info] Frame 188 (t = 1.88):	 total squared error = 0.00186717, marker error: RMS = 0.00831592, max = 0.0208345 (R_Shank_Lateral)
[2026-07-21 00:09:01.842] [info] Frame 189 (t = 1.89):	 total squared error = 0.00196528, marker error: RMS = 0.00853161, max = 0.0218356 (R_Shank_Lateral)
[2026-07-21 00:09:01.929] [info] Frame 190 (t = 1.9):	 total squared error = 0.00204780, marker error: RMS = 0.00870886, max = 0.0230156 (R_Shank_Lateral)
[2026-07-21 00:09:01.975] [info] Frame 191 (t = 1.91):	 total squared error = 0.00212249, marker error: RMS = 0.00886627, max = 0.0237949 (R_Shank_Lateral)
[2026-07-21 00:09:02.029] [info] Frame 192 (t = 1.92):	 total squared error = 0.00219717, marker error: RMS = 0.00902090, max = 0.0246925 (R_Shank_Lateral)
[2026-07-21 00:09:02.124] [info] Frame 193 (t = 1.93):	 total squared error = 0.00227877, marker error: RMS = 0.00918690, max = 0.025759 (R_Shank_Lateral)
[2026-07-21 00:09:02.197] [info] Frame 194 (t = 1.94):	 total squared error = 0.00236995, marker error: RMS = 0.00936889, max = 0.0267667 (R_Shank_Lateral)
[2026-07-21 00:09:02.244] [info] Frame 195 (t = 1.95):	 total squared error = 0.00246868, marker error: RMS = 0.00956205, max = 0.0277073 (R_Shank_Lateral)
[2026-07-21 00:09:02.290] [info] Frame 196 (t = 1.96):	 total squared error = 0.00256946, marker error: RMS = 0.00975526, max = 0.028693 (R_Shank_Lateral)
[2026-07-21 00:09:02.330] [info] Frame 197 (t = 1.97):	 total squared error = 0.00267267, marker error: RMS = 0.00994926, max = 0.0296797 (R_Shank_Lateral)
[2026-07-21 00:09:02.419] [info] Frame 198 (t = 1.98):	 total squared error = 0.00275545, marker error: RMS = 0.0101022, max = 0.0306662 (R_Shank_Lateral)
[2026-07-21 00:09:02.459] [info] Frame 199 (t = 1.99):	 total squared error = 0.00283740, marker error: RMS = 0.0102513, max = 0.0313425 (R_Shank_Lateral)
[2026-07-21 00:09:02.501] [info] Frame 200 (t = 2.0):	 total squared error = 0.00290816, marker error: RMS = 0.0103783, max = 0.0318821 (R_Shank_Lateral)
[2026-07-21 00:09:02.561] [info] Frame 201 (t = 2.01):	 total squared error = 0.00296695, marker error: RMS = 0.0104827, max = 0.0323201 (R_Shank_Lateral)
[2026-07-21 00:09:02.647] [info] Frame 202 (t = 2.02):	 total squared error = 0.00301852, marker error: RMS = 0.0105734, max = 0.0327687 (R_Shank_Lateral)
[2026-07-21 00:09:02.701] [info] Frame 203 (t = 2.03):	 total squared error = 0.00306426, marker error: RMS = 0.0106532, max = 0.0330251 (R_Shank_Lateral)
[2026-07-21 00:09:02.760] [info] Frame 204 (t = 2.04):	 total squared error = 0.00310187, marker error: RMS = 0.0107184, max = 0.0332106 (R_Shank_Lateral)
[2026-07-21 00:09:02.829] [info] Frame 205 (t = 2.05):	 total squared error = 0.00312992, marker error: RMS = 0.0107667, max = 0.0332144 (R_Shank_Lateral)
[2026-07-21 00:09:02.866] [info] Frame 206 (t = 2.06):	 total squared error = 0.00315626, marker error: RMS = 0.0108120, max = 0.0334705 (R_Shank_Lateral)
[2026-07-21 00:09:02.959] [info] Frame 207 (t = 2.07):	 total squared error = 0.00315941, marker error: RMS = 0.0108174, max = 0.0331428 (R_Shank_Lateral)
[2026-07-21 00:09:02.993] [info] Frame 208 (t = 2.08):	 total squared error = 0.00316582, marker error: RMS = 0.0108283, max = 0.0333314 (R_Shank_Lateral)
[2026-07-21 00:09:03.055] [info] Frame 209 (t = 2.09):	 total squared error = 0.00313694, marker error: RMS = 0.0107788, max = 0.0329266 (R_Shank_Lateral)
[2026-07-21 00:09:03.115] [info] Frame 210 (t = 2.1):	 total squared error = 0.00308704, marker error: RMS = 0.0106927, max = 0.0322106 (R_Shank_Lateral)
[2026-07-21 00:09:03.205] [info] Frame 211 (t = 2.11):	 total squared error = 0.00300662, marker error: RMS = 0.0105525, max = 0.0311785 (R_Shank_Lateral)
[2026-07-21 00:09:03.273] [info] Frame 212 (t = 2.12):	 total squared error = 0.00289678, marker error: RMS = 0.0103580, max = 0.0302536 (R_Shank_Lateral)
[2026-07-21 00:09:03.335] [info] Frame 213 (t = 2.13):	 total squared error = 0.00274716, marker error: RMS = 0.0100870, max = 0.0286867 (R_Shank_Lateral)
[2026-07-21 00:09:03.456] [info] Frame 214 (t = 2.14):	 total squared error = 0.00254487, marker error: RMS = 0.00970846, max = 0.0261075 (R_Shank_Lateral)
[2026-07-21 00:09:03.570] [info] Frame 215 (t = 2.15):	 total squared error = 0.00232289, marker error: RMS = 0.00927540, max = 0.0235205 (R_Shank_Lateral)
[2026-07-21 00:09:03.670] [info] Frame 216 (t = 2.16):	 total squared error = 0.00209044, marker error: RMS = 0.00879907, max = 0.0206269 (R_Shank_Lateral)
[2026-07-21 00:09:03.755] [info] Frame 217 (t = 2.17):	 total squared error = 0.00186853, marker error: RMS = 0.00831894, max = 0.0176231 (R_Shank_Lateral)
[2026-07-21 00:09:03.855] [info] Frame 218 (t = 2.18):	 total squared error = 0.00168072, marker error: RMS = 0.00788980, max = 0.0159611 (R_Heel)
[2026-07-21 00:09:03.936] [info] Frame 219 (t = 2.19):	 total squared error = 0.00155840, marker error: RMS = 0.00759726, max = 0.0150664 (R_Heel)
[2026-07-21 00:09:04.009] [info] Frame 220 (t = 2.2):	 total squared error = 0.00151119, marker error: RMS = 0.00748131, max = 0.0144069 (R_Heel)
[2026-07-21 00:09:04.067] [info] Frame 221 (t = 2.21):	 total squared error = 0.00154817, marker error: RMS = 0.00757231, max = 0.0142871 (R_Heel)
[2026-07-21 00:09:04.128] [info] Frame 222 (t = 2.22):	 total squared error = 0.00164952, marker error: RMS = 0.00781622, max = 0.014427 (R_Heel)
[2026-07-21 00:09:04.197] [info] Frame 223 (t = 2.23):	 total squared error = 0.00178511, marker error: RMS = 0.00813112, max = 0.0150301 (R_Thigh_Lateral)
[2026-07-21 00:09:04.261] [info] Frame 224 (t = 2.24):	 total squared error = 0.00190787, marker error: RMS = 0.00840606, max = 0.017376 (R_Thigh_Lateral)
[2026-07-21 00:09:04.301] [info] Frame 225 (t = 2.25):	 total squared error = 0.00197241, marker error: RMS = 0.00854706, max = 0.018374 (R_Thigh_Lateral)
[2026-07-21 00:09:04.343] [info] Frame 226 (t = 2.26):	 total squared error = 0.00195823, marker error: RMS = 0.00851629, max = 0.0179506 (R_Thigh_Lateral)
[2026-07-21 00:09:04.391] [info] Frame 227 (t = 2.27):	 total squared error = 0.00187490, marker error: RMS = 0.00833310, max = 0.016349 (R_Thigh_Lateral)
[2026-07-21 00:09:04.441] [info] Frame 228 (t = 2.28):	 total squared error = 0.00176083, marker error: RMS = 0.00807564, max = 0.0159441 (R_Heel)
[2026-07-21 00:09:04.495] [info] Frame 229 (t = 2.29):	 total squared error = 0.00165425, marker error: RMS = 0.00782741, max = 0.0161042 (R_Heel)
[2026-07-21 00:09:04.564] [info] Frame 230 (t = 2.3):	 total squared error = 0.00158338, marker error: RMS = 0.00765793, max = 0.0163606 (R_Heel)
[2026-07-21 00:09:04.603] [info] Frame 231 (t = 2.31):	 total squared error = 0.00155219, marker error: RMS = 0.00758212, max = 0.0163174 (R_Heel)
[2026-07-21 00:09:04.654] [info] Frame 232 (t = 2.32):	 total squared error = 0.00154798, marker error: RMS = 0.00757184, max = 0.0169028 (R_Heel)
[2026-07-21 00:09:04.699] [info] Frame 233 (t = 2.33):	 total squared error = 0.00155201, marker error: RMS = 0.00758167, max = 0.0168953 (R_Heel)
[2026-07-21 00:09:04.754] [info] Frame 234 (t = 2.34):	 total squared error = 0.00155389, marker error: RMS = 0.00758627, max = 0.017137 (R_Heel)
[2026-07-21 00:09:04.794] [info] Frame 235 (t = 2.35):	 total squared error = 0.00155812, marker error: RMS = 0.00759659, max = 0.0168749 (R_Heel)
[2026-07-21 00:09:04.853] [info] Frame 236 (t = 2.36):	 total squared error = 0.00156165, marker error: RMS = 0.00760518, max = 0.0174256 (R_Heel)
[2026-07-21 00:09:04.915] [info] Frame 237 (t = 2.37):	 total squared error = 0.00158020, marker error: RMS = 0.00765023, max = 0.0174551 (R_Heel)
[2026-07-21 00:09:04.970] [info] Frame 238 (t = 2.38):	 total squared error = 0.00161625, marker error: RMS = 0.00773698, max = 0.0174546 (R_Heel)
[2026-07-21 00:09:05.023] [info] Frame 239 (t = 2.39):	 total squared error = 0.00167088, marker error: RMS = 0.00786666, max = 0.0174708 (R_Heel)
[2026-07-21 00:09:05.076] [info] Frame 240 (t = 2.4):	 total squared error = 0.00174803, marker error: RMS = 0.00804624, max = 0.0174465 (R_Heel)
[2026-07-21 00:09:05.122] [info] Frame 241 (t = 2.41):	 total squared error = 0.00185003, marker error: RMS = 0.00827766, max = 0.0176693 (R_Heel)
[2026-07-21 00:09:05.168] [info] Frame 242 (t = 2.42):	 total squared error = 0.00197138, marker error: RMS = 0.00854483, max = 0.0178732 (R_Heel)
[2026-07-21 00:09:05.240] [info] Frame 243 (t = 2.43):	 total squared error = 0.00208726, marker error: RMS = 0.00879239, max = 0.0175662 (R_Heel)
[2026-07-21 00:09:05.283] [info] Frame 244 (t = 2.44):	 total squared error = 0.00222457, marker error: RMS = 0.00907697, max = 0.0178987 (R_Heel)
[2026-07-21 00:09:05.359] [info] Frame 245 (t = 2.45):	 total squared error = 0.00234688, marker error: RMS = 0.00932318, max = 0.0181145 (R_Shank_Lateral)
[2026-07-21 00:09:05.416] [info] Frame 246 (t = 2.46):	 total squared error = 0.00247925, marker error: RMS = 0.00958250, max = 0.0189556 (L_Shank_Lateral)
[2026-07-21 00:09:05.491] [info] Frame 247 (t = 2.47):	 total squared error = 0.00260642, marker error: RMS = 0.00982518, max = 0.0210670 (L_Shank_Lateral)
[2026-07-21 00:09:05.536] [info] Frame 248 (t = 2.48):	 total squared error = 0.00273154, marker error: RMS = 0.0100582, max = 0.0223772 (L_Shank_Lateral)
[2026-07-21 00:09:05.591] [info] Frame 249 (t = 2.49):	 total squared error = 0.00284667, marker error: RMS = 0.0102680, max = 0.0240367 (L_Shank_Lateral)
[2026-07-21 00:09:05.637] [info] Frame 250 (t = 2.5):	 total squared error = 0.00294068, marker error: RMS = 0.0104362, max = 0.0255438 (L_Shank_Lateral)
[2026-07-21 00:09:05.684] [info] Frame 251 (t = 2.51):	 total squared error = 0.00300006, marker error: RMS = 0.0105410, max = 0.0266129 (L_Shank_Lateral)
[2026-07-21 00:09:05.756] [info] Frame 252 (t = 2.52):	 total squared error = 0.00300675, marker error: RMS = 0.0105528, max = 0.0277356 (L_Shank_Lateral)
[2026-07-21 00:09:05.809] [info] Frame 253 (t = 2.53):	 total squared error = 0.00296605, marker error: RMS = 0.0104811, max = 0.0274521 (L_Shank_Lateral)
[2026-07-21 00:09:05.848] [info] Frame 254 (t = 2.54):	 total squared error = 0.00288307, marker error: RMS = 0.0103335, max = 0.0266165 (L_Shank_Lateral)
[2026-07-21 00:09:05.889] [info] Frame 255 (t = 2.55):	 total squared error = 0.00276664, marker error: RMS = 0.0101227, max = 0.0253869 (L_Shank_Lateral)
[2026-07-21 00:09:05.934] [info] Frame 256 (t = 2.56):	 total squared error = 0.00263536, marker error: RMS = 0.00987956, max = 0.0239416 (L_Shank_Lateral)
[2026-07-21 00:09:05.978] [info] Frame 257 (t = 2.57):	 total squared error = 0.00250289, marker error: RMS = 0.00962807, max = 0.0224849 (L_Shank_Lateral)
[2026-07-21 00:09:06.033] [info] Frame 258 (t = 2.58):	 total squared error = 0.00237507, marker error: RMS = 0.00937900, max = 0.0212021 (L_Shank_Lateral)
[2026-07-21 00:09:06.115] [info] Frame 259 (t = 2.59):	 total squared error = 0.00226261, marker error: RMS = 0.00915424, max = 0.0200235 (L_Shank_Lateral)
[2026-07-21 00:09:06.193] [info] Frame 260 (t = 2.6):	 total squared error = 0.00217254, marker error: RMS = 0.00897019, max = 0.0190942 (L_Shank_Lateral)
[2026-07-21 00:09:06.251] [info] Frame 261 (t = 2.61):	 total squared error = 0.00210154, marker error: RMS = 0.00882240, max = 0.0188541 (R_Heel)
[2026-07-21 00:09:06.318] [info] Frame 262 (t = 2.62):	 total squared error = 0.00203693, marker error: RMS = 0.00868573, max = 0.0185638 (R_Heel)
[2026-07-21 00:09:06.408] [info] Frame 263 (t = 2.63):	 total squared error = 0.00198308, marker error: RMS = 0.00857014, max = 0.0182633 (R_Heel)
[2026-07-21 00:09:06.463] [info] Frame 264 (t = 2.64):	 total squared error = 0.00194300, marker error: RMS = 0.00848310, max = 0.0186627 (R_Heel)
[2026-07-21 00:09:06.528] [info] Frame 265 (t = 2.65):	 total squared error = 0.00189850, marker error: RMS = 0.00838538, max = 0.018536 (R_Heel)
[2026-07-21 00:09:06.584] [info] Frame 266 (t = 2.66):	 total squared error = 0.00185803, marker error: RMS = 0.00829555, max = 0.0187367 (R_Heel)
[2026-07-21 00:09:06.674] [info] Frame 267 (t = 2.67):	 total squared error = 0.00180611, marker error: RMS = 0.00817881, max = 0.0185092 (R_Heel)
[2026-07-21 00:09:06.733] [info] Frame 268 (t = 2.68):	 total squared error = 0.00175963, marker error: RMS = 0.00807289, max = 0.0187991 (R_Heel)
[2026-07-21 00:09:06.816] [info] Frame 269 (t = 2.69):	 total squared error = 0.00171454, marker error: RMS = 0.00796879, max = 0.0187975 (R_Heel)
[2026-07-21 00:09:06.905] [info] Frame 270 (t = 2.7):	 total squared error = 0.00168422, marker error: RMS = 0.00789801, max = 0.0190293 (R_Heel)
[2026-07-21 00:09:06.985] [info] Frame 271 (t = 2.71):	 total squared error = 0.00167290, marker error: RMS = 0.00787141, max = 0.0192050 (R_Heel)
[2026-07-21 00:09:07.039] [info] Frame 272 (t = 2.72):	 total squared error = 0.00168521, marker error: RMS = 0.00790033, max = 0.019534 (R_Heel)
[2026-07-21 00:09:07.114] [info] Frame 273 (t = 2.73):	 total squared error = 0.00171679, marker error: RMS = 0.00797402, max = 0.0196881 (R_Heel)
[2026-07-21 00:09:07.166] [info] Frame 274 (t = 2.74):	 total squared error = 0.00176332, marker error: RMS = 0.00808135, max = 0.0198642 (R_Heel)
[2026-07-21 00:09:07.207] [info] Frame 275 (t = 2.75):	 total squared error = 0.00181957, marker error: RMS = 0.00820923, max = 0.0200227 (R_Heel)
[2026-07-21 00:09:07.257] [info] Frame 276 (t = 2.76):	 total squared error = 0.00186676, marker error: RMS = 0.00831501, max = 0.0201389 (R_Heel)
[2026-07-21 00:09:07.327] [info] Frame 277 (t = 2.77):	 total squared error = 0.00190236, marker error: RMS = 0.00839392, max = 0.0202885 (R_Heel)
[2026-07-21 00:09:07.353] [info] Frame 278 (t = 2.78):	 total squared error = 0.00193175, marker error: RMS = 0.00845850, max = 0.0203410 (R_Heel)
[2026-07-21 00:09:07.388] [info] Frame 279 (t = 2.79):	 total squared error = 0.00194561, marker error: RMS = 0.00848879, max = 0.0202405 (R_Heel)
[2026-07-21 00:09:07.487] [info] Frame 280 (t = 2.8):	 total squared error = 0.00194264, marker error: RMS = 0.00848232, max = 0.0203373 (R_Heel)
[2026-07-21 00:09:07.513] [info] Frame 281 (t = 2.81):	 total squared error = 0.00194848, marker error: RMS = 0.00849505, max = 0.0204510 (R_Heel)
[2026-07-21 00:09:07.588] [info] Frame 282 (t = 2.82):	 total squared error = 0.00194298, marker error: RMS = 0.00848306, max = 0.0202751 (R_Heel)
[2026-07-21 00:09:07.622] [info] Frame 283 (t = 2.83):	 total squared error = 0.00195540, marker error: RMS = 0.00851014, max = 0.0202627 (R_Heel)
[2026-07-21 00:09:07.651] [info] Frame 284 (t = 2.84):	 total squared error = 0.00197797, marker error: RMS = 0.00855909, max = 0.0200826 (R_Heel)
[2026-07-21 00:09:07.706] [info] Frame 285 (t = 2.85):	 total squared error = 0.00200982, marker error: RMS = 0.00862774, max = 0.0200281 (R_Heel)
[2026-07-21 00:09:07.803] [info] Frame 286 (t = 2.86):	 total squared error = 0.00204516, marker error: RMS = 0.00870326, max = 0.0199483 (R_Heel)
[2026-07-21 00:09:07.851] [info] Frame 287 (t = 2.87):	 total squared error = 0.00208656, marker error: RMS = 0.00879091, max = 0.0198369 (R_Heel)
[2026-07-21 00:09:07.915] [info] Frame 288 (t = 2.88):	 total squared error = 0.00211875, marker error: RMS = 0.00885845, max = 0.0196148 (R_Heel)
[2026-07-21 00:09:07.983] [info] Frame 289 (t = 2.89):	 total squared error = 0.00213198, marker error: RMS = 0.00888607, max = 0.0194294 (R_Heel)
[2026-07-21 00:09:08.050] [info] Frame 290 (t = 2.9):	 total squared error = 0.00212154, marker error: RMS = 0.00886429, max = 0.0192040 (R_Heel)
[2026-07-21 00:09:08.122] [info] Frame 291 (t = 2.91):	 total squared error = 0.00207717, marker error: RMS = 0.00877110, max = 0.0186685 (R_Heel)
[2026-07-21 00:09:08.236] [info] Frame 292 (t = 2.92):	 total squared error = 0.00200325, marker error: RMS = 0.00861362, max = 0.0182218 (R_Heel)
[2026-07-21 00:09:08.296] [info] Frame 293 (t = 2.93):	 total squared error = 0.00191458, marker error: RMS = 0.00842082, max = 0.0179062 (R_Heel)
[2026-07-21 00:09:08.369] [info] Frame 294 (t = 2.94):	 total squared error = 0.00181045, marker error: RMS = 0.00818863, max = 0.0170163 (R_Heel)
[2026-07-21 00:09:08.406] [info] Frame 295 (t = 2.95):	 total squared error = 0.00171681, marker error: RMS = 0.00797406, max = 0.0170231 (R_Heel)
[2026-07-21 00:09:08.418] [info] InverseKinematicsTool completed 256 frames in 16 second(s).
[2026-07-21 00:09:08.525] [info] Loaded model TCV09-scaled from file C:\Users\migue\Downloads\TFG\2_JMP\TVC09\Walk_2\TVC09_2_JMP_results\TVC09_2_NMSM_JMP_01_pelvis_thigh.osim
[2026-07-21 00:09:10.467] [warning] Coordinate.setValue:  coordinate pro_sup_r is locked. Unable to change its value.
[2026-07-21 00:09:10.573] [warning] Coordinate.setValue:  coordinate pro_sup_l is locked. Unable to change its value.
[2026-07-21 00:11:03.107] [info] Loaded model TCV09-scaled from file C:\Users\migue\Downloads\TFG\2_JMP\TVC09\Walk_2\TVC09_2_JMP_results\TVC09_2_NMSM_JMP_01_pelvis_thigh.osim
[2026-07-21 00:11:03.156] [cout] [info] 
               MODEL: TCV09-scaled
         coordinates: 41
              forces: 103
           actuators: 103
             muscles: 86
            analyses: 0
              probes: 0
              bodies: 24
              joints: 24
         constraints: 2
             markers: 27
         controllers: 0
  contact geometries: 0
misc modelcomponents: 0
[2026-07-21 00:11:03.156] [info] Running tool .
[2026-07-21 00:11:03.384] [info] Frame 40 (t = 0.4):	 total squared error = 0.00192781, marker error: RMS = 0.00844986, max = 0.0211985 (R_Heel)
[2026-07-21 00:11:03.412] [info] Frame 41 (t = 0.41):	 total squared error = 0.00194879, marker error: RMS = 0.00849572, max = 0.0210868 (R_Heel)
[2026-07-21 00:11:03.475] [info] Frame 42 (t = 0.42):	 total squared error = 0.00193782, marker error: RMS = 0.00847178, max = 0.0210895 (R_Heel)
[2026-07-21 00:11:03.507] [info] Frame 43 (t = 0.43):	 total squared error = 0.00190677, marker error: RMS = 0.00840364, max = 0.0208546 (R_Heel)
[2026-07-21 00:11:03.578] [info] Frame 44 (t = 0.44):	 total squared error = 0.00186367, marker error: RMS = 0.00830811, max = 0.0208628 (R_Heel)
[2026-07-21 00:11:03.648] [info] Frame 45 (t = 0.45):	 total squared error = 0.00180823, marker error: RMS = 0.00818362, max = 0.0207416 (R_Heel)
[2026-07-21 00:11:03.708] [info] Frame 46 (t = 0.46):	 total squared error = 0.00174503, marker error: RMS = 0.00803933, max = 0.0205711 (R_Heel)
[2026-07-21 00:11:03.757] [info] Frame 47 (t = 0.47):	 total squared error = 0.00168425, marker error: RMS = 0.00789808, max = 0.0203527 (R_Heel)
[2026-07-21 00:11:03.806] [info] Frame 48 (t = 0.48):	 total squared error = 0.00163374, marker error: RMS = 0.00777874, max = 0.0201202 (R_Heel)
[2026-07-21 00:11:03.884] [info] Frame 49 (t = 0.49):	 total squared error = 0.00159338, marker error: RMS = 0.00768206, max = 0.0199848 (R_Heel)
[2026-07-21 00:11:03.913] [info] Frame 50 (t = 0.5):	 total squared error = 0.00157238, marker error: RMS = 0.00763127, max = 0.0197251 (R_Heel)
[2026-07-21 00:11:03.976] [info] Frame 51 (t = 0.51):	 total squared error = 0.00155731, marker error: RMS = 0.00759462, max = 0.0192029 (R_Heel)
[2026-07-21 00:11:04.044] [info] Frame 52 (t = 0.52):	 total squared error = 0.00154072, marker error: RMS = 0.00755405, max = 0.0188712 (R_Heel)
[2026-07-21 00:11:04.117] [info] Frame 53 (t = 0.53):	 total squared error = 0.00151712, marker error: RMS = 0.00749598, max = 0.0185597 (R_Heel)
[2026-07-21 00:11:04.177] [info] Frame 54 (t = 0.54):	 total squared error = 0.00149853, marker error: RMS = 0.00744991, max = 0.018134 (R_Heel)
[2026-07-21 00:11:04.229] [info] Frame 55 (t = 0.55):	 total squared error = 0.00147787, marker error: RMS = 0.00739838, max = 0.0177352 (R_Heel)
[2026-07-21 00:11:04.276] [info] Frame 56 (t = 0.56):	 total squared error = 0.00146055, marker error: RMS = 0.00735488, max = 0.0172872 (R_Heel)
[2026-07-21 00:11:04.326] [info] Frame 57 (t = 0.57):	 total squared error = 0.00144975, marker error: RMS = 0.00732765, max = 0.0165828 (R_Heel)
[2026-07-21 00:11:04.373] [info] Frame 58 (t = 0.58):	 total squared error = 0.00144184, marker error: RMS = 0.00730763, max = 0.0161576 (R_Heel)
[2026-07-21 00:11:04.435] [info] Frame 59 (t = 0.59):	 total squared error = 0.00144189, marker error: RMS = 0.00730775, max = 0.0161714 (R_Ankle_Lateral)
[2026-07-21 00:11:04.491] [info] Frame 60 (t = 0.6):	 total squared error = 0.00145290, marker error: RMS = 0.00733560, max = 0.0161703 (R_Ankle_Lateral)
[2026-07-21 00:11:04.553] [info] Frame 61 (t = 0.61):	 total squared error = 0.00147317, marker error: RMS = 0.00738659, max = 0.0161364 (R_Ankle_Lateral)
[2026-07-21 00:11:04.610] [info] Frame 62 (t = 0.62):	 total squared error = 0.00150405, marker error: RMS = 0.00746361, max = 0.0161979 (R_Ankle_Lateral)
[2026-07-21 00:11:04.663] [info] Frame 63 (t = 0.63):	 total squared error = 0.00154771, marker error: RMS = 0.00757116, max = 0.0167376 (R_Shank_Lateral)
[2026-07-21 00:11:04.713] [info] Frame 64 (t = 0.64):	 total squared error = 0.00161049, marker error: RMS = 0.00772319, max = 0.017567 (R_Shank_Lateral)
[2026-07-21 00:11:04.767] [info] Frame 65 (t = 0.65):	 total squared error = 0.00168663, marker error: RMS = 0.00790367, max = 0.0184485 (R_Shank_Lateral)
[2026-07-21 00:11:04.823] [info] Frame 66 (t = 0.66):	 total squared error = 0.00177458, marker error: RMS = 0.00810712, max = 0.0192943 (R_Shank_Lateral)
[2026-07-21 00:11:04.912] [info] Frame 67 (t = 0.67):	 total squared error = 0.00187066, marker error: RMS = 0.00832369, max = 0.0202074 (R_Shank_Lateral)
[2026-07-21 00:11:04.970] [info] Frame 68 (t = 0.68):	 total squared error = 0.00196903, marker error: RMS = 0.00853974, max = 0.0210316 (R_Shank_Lateral)
[2026-07-21 00:11:05.024] [info] Frame 69 (t = 0.69):	 total squared error = 0.00207308, marker error: RMS = 0.00876246, max = 0.0219153 (R_Shank_Lateral)
[2026-07-21 00:11:05.075] [info] Frame 70 (t = 0.7):	 total squared error = 0.00218285, marker error: RMS = 0.00899145, max = 0.0228951 (R_Shank_Lateral)
[2026-07-21 00:11:05.130] [info] Frame 71 (t = 0.71):	 total squared error = 0.00230025, marker error: RMS = 0.00923007, max = 0.0240049 (R_Shank_Lateral)
[2026-07-21 00:11:05.188] [info] Frame 72 (t = 0.72):	 total squared error = 0.00242855, marker error: RMS = 0.00948400, max = 0.0252378 (R_Shank_Lateral)
[2026-07-21 00:11:05.235] [info] Frame 73 (t = 0.73):	 total squared error = 0.00256624, marker error: RMS = 0.00974914, max = 0.0265545 (R_Shank_Lateral)
[2026-07-21 00:11:05.275] [info] Frame 74 (t = 0.74):	 total squared error = 0.00271216, marker error: RMS = 0.0100225, max = 0.0279969 (R_Shank_Lateral)
[2026-07-21 00:11:05.316] [info] Frame 75 (t = 0.75):	 total squared error = 0.00286042, marker error: RMS = 0.0102928, max = 0.0294214 (R_Shank_Lateral)
[2026-07-21 00:11:05.368] [info] Frame 76 (t = 0.76):	 total squared error = 0.00300733, marker error: RMS = 0.0105538, max = 0.0308260 (R_Shank_Lateral)
[2026-07-21 00:11:05.414] [info] Frame 77 (t = 0.77):	 total squared error = 0.00314547, marker error: RMS = 0.0107935, max = 0.0321312 (R_Shank_Lateral)
[2026-07-21 00:11:05.458] [info] Frame 78 (t = 0.78):	 total squared error = 0.00326703, marker error: RMS = 0.011, max = 0.0331812 (R_Shank_Lateral)
[2026-07-21 00:11:05.507] [info] Frame 79 (t = 0.79):	 total squared error = 0.00336435, marker error: RMS = 0.0111627, max = 0.0339735 (R_Shank_Lateral)
[2026-07-21 00:11:05.543] [info] Frame 80 (t = 0.8):	 total squared error = 0.00343939, marker error: RMS = 0.0112865, max = 0.0343717 (R_Shank_Lateral)
[2026-07-21 00:11:05.601] [info] Frame 81 (t = 0.81):	 total squared error = 0.00346844, marker error: RMS = 0.011334, max = 0.0345941 (R_Shank_Lateral)
[2026-07-21 00:11:05.624] [info] Frame 82 (t = 0.82):	 total squared error = 0.00348867, marker error: RMS = 0.0113671, max = 0.0347345 (R_Shank_Lateral)
[2026-07-21 00:11:05.670] [info] Frame 83 (t = 0.83):	 total squared error = 0.00346005, marker error: RMS = 0.0113203, max = 0.0341975 (R_Shank_Lateral)
[2026-07-21 00:11:05.716] [info] Frame 84 (t = 0.84):	 total squared error = 0.00342069, marker error: RMS = 0.0112558, max = 0.0335599 (R_Shank_Lateral)
[2026-07-21 00:11:05.756] [info] Frame 85 (t = 0.85):	 total squared error = 0.00337469, marker error: RMS = 0.0111798, max = 0.0328831 (R_Shank_Lateral)
[2026-07-21 00:11:05.811] [info] Frame 86 (t = 0.86):	 total squared error = 0.00331521, marker error: RMS = 0.0110809, max = 0.0319364 (R_Shank_Lateral)
[2026-07-21 00:11:05.845] [info] Frame 87 (t = 0.87):	 total squared error = 0.00326369, marker error: RMS = 0.0109944, max = 0.0312392 (R_Shank_Lateral)
[2026-07-21 00:11:05.878] [info] Frame 88 (t = 0.88):	 total squared error = 0.00321792, marker error: RMS = 0.0109171, max = 0.0305335 (R_Shank_Lateral)
[2026-07-21 00:11:05.933] [info] Frame 89 (t = 0.89):	 total squared error = 0.00315665, marker error: RMS = 0.0108126, max = 0.0296292 (R_Shank_Lateral)
[2026-07-21 00:11:05.972] [info] Frame 90 (t = 0.9):	 total squared error = 0.00311051, marker error: RMS = 0.0107333, max = 0.0290009 (R_Shank_Lateral)
[2026-07-21 00:11:06.058] [info] Frame 91 (t = 0.91):	 total squared error = 0.00303410, marker error: RMS = 0.0106007, max = 0.0275401 (R_Shank_Lateral)
[2026-07-21 00:11:06.095] [info] Frame 92 (t = 0.92):	 total squared error = 0.00296801, marker error: RMS = 0.0104846, max = 0.0268719 (R_Shank_Lateral)
[2026-07-21 00:11:06.173] [info] Frame 93 (t = 0.93):	 total squared error = 0.00286703, marker error: RMS = 0.0103047, max = 0.0252626 (R_Shank_Lateral)
[2026-07-21 00:11:06.271] [info] Frame 94 (t = 0.94):	 total squared error = 0.00275780, marker error: RMS = 0.0101065, max = 0.0239136 (R_Shank_Lateral)
[2026-07-21 00:11:06.329] [info] Frame 95 (t = 0.95):	 total squared error = 0.00264252, marker error: RMS = 0.00989298, max = 0.0227033 (R_Shank_Lateral)
[2026-07-21 00:11:06.391] [info] Frame 96 (t = 0.96):	 total squared error = 0.00251408, marker error: RMS = 0.00964956, max = 0.0210691 (R_Shank_Lateral)
[2026-07-21 00:11:06.499] [info] Frame 97 (t = 0.97):	 total squared error = 0.00236745, marker error: RMS = 0.00936393, max = 0.0193686 (R_Shank_Lateral)
[2026-07-21 00:11:06.590] [info] Frame 98 (t = 0.98):	 total squared error = 0.00224007, marker error: RMS = 0.00910853, max = 0.0177874 (R_Shank_Lateral)
[2026-07-21 00:11:06.679] [info] Frame 99 (t = 0.99):	 total squared error = 0.00212542, marker error: RMS = 0.00887239, max = 0.0163915 (R_Shank_Lateral)
[2026-07-21 00:11:06.743] [info] Frame 100 (t = 1.0):	 total squared error = 0.00204011, marker error: RMS = 0.00869250, max = 0.0158055 (R_Heel)
[2026-07-21 00:11:06.831] [info] Frame 101 (t = 1.01):	 total squared error = 0.00197107, marker error: RMS = 0.00854416, max = 0.0153559 (R_Ankle_Lateral)
[2026-07-21 00:11:06.916] [info] Frame 102 (t = 1.02):	 total squared error = 0.00193827, marker error: RMS = 0.00847276, max = 0.0151818 (R_Heel)
[2026-07-21 00:11:06.962] [info] Frame 103 (t = 1.03):	 total squared error = 0.00194204, marker error: RMS = 0.00848099, max = 0.0156195 (R_Heel)
[2026-07-21 00:11:07.004] [info] Frame 104 (t = 1.04):	 total squared error = 0.00197064, marker error: RMS = 0.00854322, max = 0.0159573 (R_Heel)
[2026-07-21 00:11:07.062] [info] Frame 105 (t = 1.05):	 total squared error = 0.00202185, marker error: RMS = 0.00865351, max = 0.0158214 (R_Heel)
[2026-07-21 00:11:07.108] [info] Frame 106 (t = 1.06):	 total squared error = 0.00209670, marker error: RMS = 0.00881224, max = 0.0164239 (R_Heel)
[2026-07-21 00:11:07.168] [info] Frame 107 (t = 1.07):	 total squared error = 0.00217809, marker error: RMS = 0.00898164, max = 0.0167566 (R_Heel)
[2026-07-21 00:11:07.228] [info] Frame 108 (t = 1.08):	 total squared error = 0.00226141, marker error: RMS = 0.00915182, max = 0.0181501 (R_Thigh_Lateral)
[2026-07-21 00:11:07.288] [info] Frame 109 (t = 1.09):	 total squared error = 0.00233090, marker error: RMS = 0.00929138, max = 0.0195103 (R_Thigh_Lateral)
[2026-07-21 00:11:07.311] [info] Frame 110 (t = 1.1):	 total squared error = 0.00238934, marker error: RMS = 0.00940713, max = 0.0203489 (R_Thigh_Lateral)
[2026-07-21 00:11:07.353] [info] Frame 111 (t = 1.11):	 total squared error = 0.00237351, marker error: RMS = 0.00937592, max = 0.0202911 (R_Thigh_Lateral)
[2026-07-21 00:11:07.377] [info] Frame 112 (t = 1.12):	 total squared error = 0.00234637, marker error: RMS = 0.00932217, max = 0.019261 (R_Thigh_Lateral)
[2026-07-21 00:11:07.450] [info] Frame 113 (t = 1.13):	 total squared error = 0.00223605, marker error: RMS = 0.00910037, max = 0.018229 (R_Heel)
[2026-07-21 00:11:07.501] [info] Frame 114 (t = 1.14):	 total squared error = 0.00211447, marker error: RMS = 0.00884951, max = 0.0181845 (R_Heel)
[2026-07-21 00:11:07.554] [info] Frame 115 (t = 1.15):	 total squared error = 0.00198833, marker error: RMS = 0.00858149, max = 0.017966 (R_Heel)
[2026-07-21 00:11:07.595] [info] Frame 116 (t = 1.16):	 total squared error = 0.00188257, marker error: RMS = 0.00835014, max = 0.0174905 (R_Heel)
[2026-07-21 00:11:07.650] [info] Frame 117 (t = 1.17):	 total squared error = 0.00182386, marker error: RMS = 0.00821889, max = 0.0175245 (R_Heel)
[2026-07-21 00:11:07.714] [info] Frame 118 (t = 1.18):	 total squared error = 0.00182275, marker error: RMS = 0.00821639, max = 0.0176309 (R_Heel)
[2026-07-21 00:11:07.760] [info] Frame 119 (t = 1.19):	 total squared error = 0.00186439, marker error: RMS = 0.00830972, max = 0.0169138 (R_Heel)
[2026-07-21 00:11:07.824] [info] Frame 120 (t = 1.2):	 total squared error = 0.00195120, marker error: RMS = 0.00850097, max = 0.0173388 (R_Heel)
[2026-07-21 00:11:07.875] [info] Frame 121 (t = 1.21):	 total squared error = 0.00206243, marker error: RMS = 0.00873992, max = 0.017374 (R_Heel)
[2026-07-21 00:11:07.942] [info] Frame 122 (t = 1.22):	 total squared error = 0.00218662, marker error: RMS = 0.00899923, max = 0.0175697 (R_Heel)
[2026-07-21 00:11:08.013] [info] Frame 123 (t = 1.23):	 total squared error = 0.00230748, marker error: RMS = 0.00924459, max = 0.0177997 (R_Heel)
[2026-07-21 00:11:08.077] [info] Frame 124 (t = 1.24):	 total squared error = 0.00240978, marker error: RMS = 0.00944729, max = 0.0177901 (R_Heel)
[2026-07-21 00:11:08.129] [info] Frame 125 (t = 1.25):	 total squared error = 0.00249102, marker error: RMS = 0.00960521, max = 0.0180928 (R_Heel)
[2026-07-21 00:11:08.219] [info] Frame 126 (t = 1.26):	 total squared error = 0.00252305, marker error: RMS = 0.00966676, max = 0.0196416 (L_Shank_Lateral)
[2026-07-21 00:11:08.299] [info] Frame 127 (t = 1.27):	 total squared error = 0.00254000, marker error: RMS = 0.00969918, max = 0.0202843 (L_Shank_Lateral)
[2026-07-21 00:11:08.358] [info] Frame 128 (t = 1.28):	 total squared error = 0.00254081, marker error: RMS = 0.00970073, max = 0.0202411 (L_Shank_Lateral)
[2026-07-21 00:11:08.419] [info] Frame 129 (t = 1.29):	 total squared error = 0.00252406, marker error: RMS = 0.00966869, max = 0.0209237 (L_Shank_Lateral)
[2026-07-21 00:11:08.484] [info] Frame 130 (t = 1.3):	 total squared error = 0.00251025, marker error: RMS = 0.00964220, max = 0.0211352 (L_Shank_Lateral)
[2026-07-21 00:11:08.540] [info] Frame 131 (t = 1.31):	 total squared error = 0.00250723, marker error: RMS = 0.00963640, max = 0.0207379 (L_Shank_Lateral)
[2026-07-21 00:11:08.577] [info] Frame 132 (t = 1.32):	 total squared error = 0.00251401, marker error: RMS = 0.00964943, max = 0.0204541 (L_Shank_Lateral)
[2026-07-21 00:11:08.663] [info] Frame 133 (t = 1.33):	 total squared error = 0.00250009, marker error: RMS = 0.00962267, max = 0.0213867 (L_Shank_Lateral)
[2026-07-21 00:11:08.696] [info] Frame 134 (t = 1.34):	 total squared error = 0.00251722, marker error: RMS = 0.00965559, max = 0.0207650 (L_Shank_Lateral)
[2026-07-21 00:11:08.761] [info] Frame 135 (t = 1.35):	 total squared error = 0.00249653, marker error: RMS = 0.00961583, max = 0.0210680 (L_Shank_Lateral)
[2026-07-21 00:11:08.808] [info] Frame 136 (t = 1.36):	 total squared error = 0.00249849, marker error: RMS = 0.00961959, max = 0.0207095 (L_Shank_Lateral)
[2026-07-21 00:11:08.855] [info] Frame 137 (t = 1.37):	 total squared error = 0.00250132, marker error: RMS = 0.00962505, max = 0.0205526 (L_Shank_Lateral)
[2026-07-21 00:11:08.898] [info] Frame 138 (t = 1.38):	 total squared error = 0.00250312, marker error: RMS = 0.00962850, max = 0.0206196 (L_Shank_Lateral)
[2026-07-21 00:11:08.945] [info] Frame 139 (t = 1.39):	 total squared error = 0.00250034, marker error: RMS = 0.00962316, max = 0.0209460 (L_Shank_Lateral)
[2026-07-21 00:11:08.996] [info] Frame 140 (t = 1.4):	 total squared error = 0.00250258, marker error: RMS = 0.00962748, max = 0.0213557 (L_Shank_Lateral)
[2026-07-21 00:11:09.045] [info] Frame 141 (t = 1.41):	 total squared error = 0.00250939, marker error: RMS = 0.00964055, max = 0.0218655 (L_Shank_Lateral)
[2026-07-21 00:11:09.118] [info] Frame 142 (t = 1.42):	 total squared error = 0.00250851, marker error: RMS = 0.00963886, max = 0.0221829 (L_Shank_Lateral)
[2026-07-21 00:11:09.180] [info] Frame 143 (t = 1.43):	 total squared error = 0.00251098, marker error: RMS = 0.00964362, max = 0.0227387 (L_Shank_Lateral)
[2026-07-21 00:11:09.276] [info] Frame 144 (t = 1.44):	 total squared error = 0.00250429, marker error: RMS = 0.00963075, max = 0.0226875 (L_Shank_Lateral)
[2026-07-21 00:11:09.338] [info] Frame 145 (t = 1.45):	 total squared error = 0.00249109, marker error: RMS = 0.00960534, max = 0.0229988 (L_Shank_Lateral)
[2026-07-21 00:11:09.428] [info] Frame 146 (t = 1.46):	 total squared error = 0.00245370, marker error: RMS = 0.00953299, max = 0.0222574 (L_Shank_Lateral)
[2026-07-21 00:11:09.490] [info] Frame 147 (t = 1.47):	 total squared error = 0.00239970, marker error: RMS = 0.00942750, max = 0.0218782 (L_Shank_Lateral)
[2026-07-21 00:11:09.576] [info] Frame 148 (t = 1.48):	 total squared error = 0.00230894, marker error: RMS = 0.00924751, max = 0.0199794 (L_Shank_Lateral)
[2026-07-21 00:11:09.677] [info] Frame 149 (t = 1.49):	 total squared error = 0.00219704, marker error: RMS = 0.00902063, max = 0.0187701 (R_Heel)
[2026-07-21 00:11:09.758] [info] Frame 150 (t = 1.5):	 total squared error = 0.00206544, marker error: RMS = 0.00874630, max = 0.0189957 (R_Heel)
[2026-07-21 00:11:09.873] [info] Frame 151 (t = 1.51):	 total squared error = 0.00193395, marker error: RMS = 0.00846332, max = 0.0192851 (R_Heel)
[2026-07-21 00:11:09.936] [info] Frame 152 (t = 1.52):	 total squared error = 0.00181976, marker error: RMS = 0.00820966, max = 0.0194974 (R_Heel)
[2026-07-21 00:11:09.998] [info] Frame 153 (t = 1.53):	 total squared error = 0.00174031, marker error: RMS = 0.00802844, max = 0.0196776 (R_Heel)
[2026-07-21 00:11:10.069] [info] Frame 154 (t = 1.54):	 total squared error = 0.00170433, marker error: RMS = 0.00794503, max = 0.0198368 (R_Heel)
[2026-07-21 00:11:10.122] [info] Frame 155 (t = 1.55):	 total squared error = 0.00171621, marker error: RMS = 0.00797266, max = 0.0200716 (R_Heel)
[2026-07-21 00:11:10.176] [info] Frame 156 (t = 1.56):	 total squared error = 0.00175967, marker error: RMS = 0.00807298, max = 0.0201949 (R_Heel)
[2026-07-21 00:11:10.253] [info] Frame 157 (t = 1.57):	 total squared error = 0.00181861, marker error: RMS = 0.00820706, max = 0.0202595 (R_Heel)
[2026-07-21 00:11:10.303] [info] Frame 158 (t = 1.58):	 total squared error = 0.00188610, marker error: RMS = 0.00835795, max = 0.0202765 (R_Heel)
[2026-07-21 00:11:10.388] [info] Frame 159 (t = 1.59):	 total squared error = 0.00193705, marker error: RMS = 0.00847010, max = 0.0203253 (R_Heel)
[2026-07-21 00:11:10.431] [info] Frame 160 (t = 1.6):	 total squared error = 0.00197829, marker error: RMS = 0.00855980, max = 0.0203008 (R_Heel)
[2026-07-21 00:11:10.510] [info] Frame 161 (t = 1.61):	 total squared error = 0.00199423, marker error: RMS = 0.00859420, max = 0.0203367 (R_Heel)
[2026-07-21 00:11:10.550] [info] Frame 162 (t = 1.62):	 total squared error = 0.00199867, marker error: RMS = 0.00860376, max = 0.0202096 (R_Heel)
[2026-07-21 00:11:10.582] [info] Frame 163 (t = 1.63):	 total squared error = 0.00199672, marker error: RMS = 0.00859956, max = 0.0201720 (R_Heel)
[2026-07-21 00:11:10.610] [info] Frame 164 (t = 1.64):	 total squared error = 0.00198995, marker error: RMS = 0.00858497, max = 0.0200627 (R_Heel)
[2026-07-21 00:11:10.656] [info] Frame 165 (t = 1.65):	 total squared error = 0.00196867, marker error: RMS = 0.00853894, max = 0.0200624 (R_Heel)
[2026-07-21 00:11:10.687] [info] Frame 166 (t = 1.66):	 total squared error = 0.00196493, marker error: RMS = 0.00853084, max = 0.0200117 (R_Heel)
[2026-07-21 00:11:10.765] [info] Frame 167 (t = 1.67):	 total squared error = 0.00194822, marker error: RMS = 0.00849449, max = 0.019942 (R_Heel)
[2026-07-21 00:11:10.804] [info] Frame 168 (t = 1.68):	 total squared error = 0.00195449, marker error: RMS = 0.00850815, max = 0.0198176 (R_Heel)
[2026-07-21 00:11:10.848] [info] Frame 169 (t = 1.69):	 total squared error = 0.00197209, marker error: RMS = 0.00854636, max = 0.0197427 (R_Heel)
[2026-07-21 00:11:10.901] [info] Frame 170 (t = 1.7):	 total squared error = 0.00199810, marker error: RMS = 0.00860255, max = 0.0195447 (R_Heel)
[2026-07-21 00:11:10.948] [info] Frame 171 (t = 1.71):	 total squared error = 0.00202373, marker error: RMS = 0.00865753, max = 0.0193647 (R_Heel)
[2026-07-21 00:11:10.991] [info] Frame 172 (t = 1.72):	 total squared error = 0.00204279, marker error: RMS = 0.00869821, max = 0.0191926 (R_Heel)
[2026-07-21 00:11:11.043] [info] Frame 173 (t = 1.73):	 total squared error = 0.00204773, marker error: RMS = 0.00870872, max = 0.018893 (R_Heel)
[2026-07-21 00:11:11.081] [info] Frame 174 (t = 1.74):	 total squared error = 0.00203292, marker error: RMS = 0.00867718, max = 0.0187732 (R_Heel)
[2026-07-21 00:11:11.172] [info] Frame 175 (t = 1.75):	 total squared error = 0.00198469, marker error: RMS = 0.00857363, max = 0.0180740 (R_Heel)
[2026-07-21 00:11:11.215] [info] Frame 176 (t = 1.76):	 total squared error = 0.00192528, marker error: RMS = 0.00844432, max = 0.0179519 (R_Heel)
[2026-07-21 00:11:11.261] [info] Frame 177 (t = 1.77):	 total squared error = 0.00186078, marker error: RMS = 0.00830167, max = 0.0172289 (R_Heel)
[2026-07-21 00:11:11.356] [info] Frame 178 (t = 1.78):	 total squared error = 0.00176642, marker error: RMS = 0.00808844, max = 0.0166632 (R_Heel)
[2026-07-21 00:11:11.404] [info] Frame 179 (t = 1.79):	 total squared error = 0.00169867, marker error: RMS = 0.00793182, max = 0.0163089 (R_Heel)
[2026-07-21 00:11:11.472] [info] Frame 180 (t = 1.8):	 total squared error = 0.00162090, marker error: RMS = 0.00774811, max = 0.0155048 (R_Heel)
[2026-07-21 00:11:11.510] [info] Frame 181 (t = 1.81):	 total squared error = 0.00156634, marker error: RMS = 0.00761660, max = 0.0154339 (R_Heel)
[2026-07-21 00:11:11.594] [info] Frame 182 (t = 1.82):	 total squared error = 0.00150800, marker error: RMS = 0.00747342, max = 0.0152267 (R_Ankle_Lateral)
[2026-07-21 00:11:11.656] [info] Frame 183 (t = 1.83):	 total squared error = 0.00149404, marker error: RMS = 0.00743875, max = 0.0153038 (R_Shank_Lateral)
[2026-07-21 00:11:11.713] [info] Frame 184 (t = 1.84):	 total squared error = 0.00151009, marker error: RMS = 0.00747858, max = 0.0161584 (R_Shank_Lateral)
[2026-07-21 00:11:11.766] [info] Frame 185 (t = 1.85):	 total squared error = 0.00156675, marker error: RMS = 0.00761759, max = 0.0172065 (R_Shank_Lateral)
[2026-07-21 00:11:11.832] [info] Frame 186 (t = 1.86):	 total squared error = 0.00165219, marker error: RMS = 0.00782255, max = 0.0184026 (R_Shank_Lateral)
[2026-07-21 00:11:11.892] [info] Frame 187 (t = 1.87):	 total squared error = 0.00175855, marker error: RMS = 0.00807041, max = 0.0196131 (R_Shank_Lateral)
[2026-07-21 00:11:11.969] [info] Frame 188 (t = 1.88):	 total squared error = 0.00186717, marker error: RMS = 0.00831592, max = 0.0208345 (R_Shank_Lateral)
[2026-07-21 00:11:12.018] [info] Frame 189 (t = 1.89):	 total squared error = 0.00196528, marker error: RMS = 0.00853161, max = 0.0218356 (R_Shank_Lateral)
[2026-07-21 00:11:12.106] [info] Frame 190 (t = 1.9):	 total squared error = 0.00204780, marker error: RMS = 0.00870886, max = 0.0230156 (R_Shank_Lateral)
[2026-07-21 00:11:12.152] [info] Frame 191 (t = 1.91):	 total squared error = 0.00212249, marker error: RMS = 0.00886627, max = 0.0237949 (R_Shank_Lateral)
[2026-07-21 00:11:12.207] [info] Frame 192 (t = 1.92):	 total squared error = 0.00219717, marker error: RMS = 0.00902090, max = 0.0246925 (R_Shank_Lateral)
[2026-07-21 00:11:12.285] [info] Frame 193 (t = 1.93):	 total squared error = 0.00227877, marker error: RMS = 0.00918690, max = 0.025759 (R_Shank_Lateral)
[2026-07-21 00:11:12.354] [info] Frame 194 (t = 1.94):	 total squared error = 0.00236995, marker error: RMS = 0.00936889, max = 0.0267667 (R_Shank_Lateral)
[2026-07-21 00:11:12.399] [info] Frame 195 (t = 1.95):	 total squared error = 0.00246868, marker error: RMS = 0.00956205, max = 0.0277073 (R_Shank_Lateral)
[2026-07-21 00:11:12.442] [info] Frame 196 (t = 1.96):	 total squared error = 0.00256946, marker error: RMS = 0.00975526, max = 0.028693 (R_Shank_Lateral)
[2026-07-21 00:11:12.481] [info] Frame 197 (t = 1.97):	 total squared error = 0.00267267, marker error: RMS = 0.00994926, max = 0.0296797 (R_Shank_Lateral)
[2026-07-21 00:11:12.563] [info] Frame 198 (t = 1.98):	 total squared error = 0.00275545, marker error: RMS = 0.0101022, max = 0.0306662 (R_Shank_Lateral)
[2026-07-21 00:11:12.603] [info] Frame 199 (t = 1.99):	 total squared error = 0.00283740, marker error: RMS = 0.0102513, max = 0.0313425 (R_Shank_Lateral)
[2026-07-21 00:11:12.642] [info] Frame 200 (t = 2.0):	 total squared error = 0.00290816, marker error: RMS = 0.0103783, max = 0.0318821 (R_Shank_Lateral)
[2026-07-21 00:11:12.703] [info] Frame 201 (t = 2.01):	 total squared error = 0.00296695, marker error: RMS = 0.0104827, max = 0.0323201 (R_Shank_Lateral)
[2026-07-21 00:11:12.790] [info] Frame 202 (t = 2.02):	 total squared error = 0.00301852, marker error: RMS = 0.0105734, max = 0.0327687 (R_Shank_Lateral)
[2026-07-21 00:11:12.839] [info] Frame 203 (t = 2.03):	 total squared error = 0.00306426, marker error: RMS = 0.0106532, max = 0.0330251 (R_Shank_Lateral)
[2026-07-21 00:11:12.888] [info] Frame 204 (t = 2.04):	 total squared error = 0.00310187, marker error: RMS = 0.0107184, max = 0.0332106 (R_Shank_Lateral)
[2026-07-21 00:11:12.956] [info] Frame 205 (t = 2.05):	 total squared error = 0.00312992, marker error: RMS = 0.0107667, max = 0.0332144 (R_Shank_Lateral)
[2026-07-21 00:11:12.993] [info] Frame 206 (t = 2.06):	 total squared error = 0.00315626, marker error: RMS = 0.0108120, max = 0.0334705 (R_Shank_Lateral)
[2026-07-21 00:11:13.077] [info] Frame 207 (t = 2.07):	 total squared error = 0.00315941, marker error: RMS = 0.0108174, max = 0.0331428 (R_Shank_Lateral)
[2026-07-21 00:11:13.108] [info] Frame 208 (t = 2.08):	 total squared error = 0.00316582, marker error: RMS = 0.0108283, max = 0.0333314 (R_Shank_Lateral)
[2026-07-21 00:11:13.166] [info] Frame 209 (t = 2.09):	 total squared error = 0.00313694, marker error: RMS = 0.0107788, max = 0.0329266 (R_Shank_Lateral)
[2026-07-21 00:11:13.227] [info] Frame 210 (t = 2.1):	 total squared error = 0.00308704, marker error: RMS = 0.0106927, max = 0.0322106 (R_Shank_Lateral)
[2026-07-21 00:11:13.330] [info] Frame 211 (t = 2.11):	 total squared error = 0.00300662, marker error: RMS = 0.0105525, max = 0.0311785 (R_Shank_Lateral)
[2026-07-21 00:11:13.399] [info] Frame 212 (t = 2.12):	 total squared error = 0.00289678, marker error: RMS = 0.0103580, max = 0.0302536 (R_Shank_Lateral)
[2026-07-21 00:11:13.457] [info] Frame 213 (t = 2.13):	 total squared error = 0.00274716, marker error: RMS = 0.0100870, max = 0.0286867 (R_Shank_Lateral)
[2026-07-21 00:11:13.572] [info] Frame 214 (t = 2.14):	 total squared error = 0.00254487, marker error: RMS = 0.00970846, max = 0.0261075 (R_Shank_Lateral)
[2026-07-21 00:11:13.681] [info] Frame 215 (t = 2.15):	 total squared error = 0.00232289, marker error: RMS = 0.00927540, max = 0.0235205 (R_Shank_Lateral)
[2026-07-21 00:11:13.778] [info] Frame 216 (t = 2.16):	 total squared error = 0.00209044, marker error: RMS = 0.00879907, max = 0.0206269 (R_Shank_Lateral)
[2026-07-21 00:11:13.865] [info] Frame 217 (t = 2.17):	 total squared error = 0.00186853, marker error: RMS = 0.00831894, max = 0.0176231 (R_Shank_Lateral)
[2026-07-21 00:11:13.967] [info] Frame 218 (t = 2.18):	 total squared error = 0.00168072, marker error: RMS = 0.00788980, max = 0.0159611 (R_Heel)
[2026-07-21 00:11:14.046] [info] Frame 219 (t = 2.19):	 total squared error = 0.00155840, marker error: RMS = 0.00759726, max = 0.0150664 (R_Heel)
[2026-07-21 00:11:14.113] [info] Frame 220 (t = 2.2):	 total squared error = 0.00151119, marker error: RMS = 0.00748131, max = 0.0144069 (R_Heel)
[2026-07-21 00:11:14.171] [info] Frame 221 (t = 2.21):	 total squared error = 0.00154817, marker error: RMS = 0.00757231, max = 0.0142871 (R_Heel)
[2026-07-21 00:11:14.231] [info] Frame 222 (t = 2.22):	 total squared error = 0.00164952, marker error: RMS = 0.00781622, max = 0.014427 (R_Heel)
[2026-07-21 00:11:14.300] [info] Frame 223 (t = 2.23):	 total squared error = 0.00178511, marker error: RMS = 0.00813112, max = 0.0150301 (R_Thigh_Lateral)
[2026-07-21 00:11:14.369] [info] Frame 224 (t = 2.24):	 total squared error = 0.00190787, marker error: RMS = 0.00840606, max = 0.017376 (R_Thigh_Lateral)
[2026-07-21 00:11:14.410] [info] Frame 225 (t = 2.25):	 total squared error = 0.00197241, marker error: RMS = 0.00854706, max = 0.018374 (R_Thigh_Lateral)
[2026-07-21 00:11:14.453] [info] Frame 226 (t = 2.26):	 total squared error = 0.00195823, marker error: RMS = 0.00851629, max = 0.0179506 (R_Thigh_Lateral)
[2026-07-21 00:11:14.504] [info] Frame 227 (t = 2.27):	 total squared error = 0.00187490, marker error: RMS = 0.00833310, max = 0.016349 (R_Thigh_Lateral)
[2026-07-21 00:11:14.554] [info] Frame 228 (t = 2.28):	 total squared error = 0.00176083, marker error: RMS = 0.00807564, max = 0.0159441 (R_Heel)
[2026-07-21 00:11:14.607] [info] Frame 229 (t = 2.29):	 total squared error = 0.00165425, marker error: RMS = 0.00782741, max = 0.0161042 (R_Heel)
[2026-07-21 00:11:14.670] [info] Frame 230 (t = 2.3):	 total squared error = 0.00158338, marker error: RMS = 0.00765793, max = 0.0163606 (R_Heel)
[2026-07-21 00:11:14.708] [info] Frame 231 (t = 2.31):	 total squared error = 0.00155219, marker error: RMS = 0.00758212, max = 0.0163174 (R_Heel)
[2026-07-21 00:11:14.759] [info] Frame 232 (t = 2.32):	 total squared error = 0.00154798, marker error: RMS = 0.00757184, max = 0.0169028 (R_Heel)
[2026-07-21 00:11:14.804] [info] Frame 233 (t = 2.33):	 total squared error = 0.00155201, marker error: RMS = 0.00758167, max = 0.0168953 (R_Heel)
[2026-07-21 00:11:14.855] [info] Frame 234 (t = 2.34):	 total squared error = 0.00155389, marker error: RMS = 0.00758627, max = 0.017137 (R_Heel)
[2026-07-21 00:11:14.899] [info] Frame 235 (t = 2.35):	 total squared error = 0.00155812, marker error: RMS = 0.00759659, max = 0.0168749 (R_Heel)
[2026-07-21 00:11:14.958] [info] Frame 236 (t = 2.36):	 total squared error = 0.00156165, marker error: RMS = 0.00760518, max = 0.0174256 (R_Heel)
[2026-07-21 00:11:15.017] [info] Frame 237 (t = 2.37):	 total squared error = 0.00158020, marker error: RMS = 0.00765023, max = 0.0174551 (R_Heel)
[2026-07-21 00:11:15.072] [info] Frame 238 (t = 2.38):	 total squared error = 0.00161625, marker error: RMS = 0.00773698, max = 0.0174546 (R_Heel)
[2026-07-21 00:11:15.126] [info] Frame 239 (t = 2.39):	 total squared error = 0.00167088, marker error: RMS = 0.00786666, max = 0.0174708 (R_Heel)
[2026-07-21 00:11:15.178] [info] Frame 240 (t = 2.4):	 total squared error = 0.00174803, marker error: RMS = 0.00804624, max = 0.0174465 (R_Heel)
[2026-07-21 00:11:15.224] [info] Frame 241 (t = 2.41):	 total squared error = 0.00185003, marker error: RMS = 0.00827766, max = 0.0176693 (R_Heel)
[2026-07-21 00:11:15.270] [info] Frame 242 (t = 2.42):	 total squared error = 0.00197138, marker error: RMS = 0.00854483, max = 0.0178732 (R_Heel)
[2026-07-21 00:11:15.343] [info] Frame 243 (t = 2.43):	 total squared error = 0.00208726, marker error: RMS = 0.00879239, max = 0.0175662 (R_Heel)
[2026-07-21 00:11:15.386] [info] Frame 244 (t = 2.44):	 total squared error = 0.00222457, marker error: RMS = 0.00907697, max = 0.0178987 (R_Heel)
[2026-07-21 00:11:15.464] [info] Frame 245 (t = 2.45):	 total squared error = 0.00234688, marker error: RMS = 0.00932318, max = 0.0181145 (R_Shank_Lateral)
[2026-07-21 00:11:15.519] [info] Frame 246 (t = 2.46):	 total squared error = 0.00247925, marker error: RMS = 0.00958250, max = 0.0189556 (L_Shank_Lateral)
[2026-07-21 00:11:15.593] [info] Frame 247 (t = 2.47):	 total squared error = 0.00260642, marker error: RMS = 0.00982518, max = 0.0210670 (L_Shank_Lateral)
[2026-07-21 00:11:15.638] [info] Frame 248 (t = 2.48):	 total squared error = 0.00273154, marker error: RMS = 0.0100582, max = 0.0223772 (L_Shank_Lateral)
[2026-07-21 00:11:15.692] [info] Frame 249 (t = 2.49):	 total squared error = 0.00284667, marker error: RMS = 0.0102680, max = 0.0240367 (L_Shank_Lateral)
[2026-07-21 00:11:15.739] [info] Frame 250 (t = 2.5):	 total squared error = 0.00294068, marker error: RMS = 0.0104362, max = 0.0255438 (L_Shank_Lateral)
[2026-07-21 00:11:15.786] [info] Frame 251 (t = 2.51):	 total squared error = 0.00300006, marker error: RMS = 0.0105410, max = 0.0266129 (L_Shank_Lateral)
[2026-07-21 00:11:15.857] [info] Frame 252 (t = 2.52):	 total squared error = 0.00300675, marker error: RMS = 0.0105528, max = 0.0277356 (L_Shank_Lateral)
[2026-07-21 00:11:15.908] [info] Frame 253 (t = 2.53):	 total squared error = 0.00296605, marker error: RMS = 0.0104811, max = 0.0274521 (L_Shank_Lateral)
[2026-07-21 00:11:15.949] [info] Frame 254 (t = 2.54):	 total squared error = 0.00288307, marker error: RMS = 0.0103335, max = 0.0266165 (L_Shank_Lateral)
[2026-07-21 00:11:15.990] [info] Frame 255 (t = 2.55):	 total squared error = 0.00276664, marker error: RMS = 0.0101227, max = 0.0253869 (L_Shank_Lateral)
[2026-07-21 00:11:16.033] [info] Frame 256 (t = 2.56):	 total squared error = 0.00263536, marker error: RMS = 0.00987956, max = 0.0239416 (L_Shank_Lateral)
[2026-07-21 00:11:16.077] [info] Frame 257 (t = 2.57):	 total squared error = 0.00250289, marker error: RMS = 0.00962807, max = 0.0224849 (L_Shank_Lateral)
[2026-07-21 00:11:16.134] [info] Frame 258 (t = 2.58):	 total squared error = 0.00237507, marker error: RMS = 0.00937900, max = 0.0212021 (L_Shank_Lateral)
[2026-07-21 00:11:16.214] [info] Frame 259 (t = 2.59):	 total squared error = 0.00226261, marker error: RMS = 0.00915424, max = 0.0200235 (L_Shank_Lateral)
[2026-07-21 00:11:16.290] [info] Frame 260 (t = 2.6):	 total squared error = 0.00217254, marker error: RMS = 0.00897019, max = 0.0190942 (L_Shank_Lateral)
[2026-07-21 00:11:16.352] [info] Frame 261 (t = 2.61):	 total squared error = 0.00210154, marker error: RMS = 0.00882240, max = 0.0188541 (R_Heel)
[2026-07-21 00:11:16.423] [info] Frame 262 (t = 2.62):	 total squared error = 0.00203693, marker error: RMS = 0.00868573, max = 0.0185638 (R_Heel)
[2026-07-21 00:11:16.515] [info] Frame 263 (t = 2.63):	 total squared error = 0.00198308, marker error: RMS = 0.00857014, max = 0.0182633 (R_Heel)
[2026-07-21 00:11:16.569] [info] Frame 264 (t = 2.64):	 total squared error = 0.00194300, marker error: RMS = 0.00848310, max = 0.0186627 (R_Heel)
[2026-07-21 00:11:16.633] [info] Frame 265 (t = 2.65):	 total squared error = 0.00189850, marker error: RMS = 0.00838538, max = 0.018536 (R_Heel)
[2026-07-21 00:11:16.688] [info] Frame 266 (t = 2.66):	 total squared error = 0.00185803, marker error: RMS = 0.00829555, max = 0.0187367 (R_Heel)
[2026-07-21 00:11:16.773] [info] Frame 267 (t = 2.67):	 total squared error = 0.00180611, marker error: RMS = 0.00817881, max = 0.0185092 (R_Heel)
[2026-07-21 00:11:16.829] [info] Frame 268 (t = 2.68):	 total squared error = 0.00175963, marker error: RMS = 0.00807289, max = 0.0187991 (R_Heel)
[2026-07-21 00:11:16.916] [info] Frame 269 (t = 2.69):	 total squared error = 0.00171454, marker error: RMS = 0.00796879, max = 0.0187975 (R_Heel)
[2026-07-21 00:11:17.008] [info] Frame 270 (t = 2.7):	 total squared error = 0.00168422, marker error: RMS = 0.00789801, max = 0.0190293 (R_Heel)
[2026-07-21 00:11:17.081] [info] Frame 271 (t = 2.71):	 total squared error = 0.00167290, marker error: RMS = 0.00787141, max = 0.0192050 (R_Heel)
[2026-07-21 00:11:17.133] [info] Frame 272 (t = 2.72):	 total squared error = 0.00168521, marker error: RMS = 0.00790033, max = 0.019534 (R_Heel)
[2026-07-21 00:11:17.209] [info] Frame 273 (t = 2.73):	 total squared error = 0.00171679, marker error: RMS = 0.00797402, max = 0.0196881 (R_Heel)
[2026-07-21 00:11:17.254] [info] Frame 274 (t = 2.74):	 total squared error = 0.00176332, marker error: RMS = 0.00808135, max = 0.0198642 (R_Heel)
[2026-07-21 00:11:17.295] [info] Frame 275 (t = 2.75):	 total squared error = 0.00181957, marker error: RMS = 0.00820923, max = 0.0200227 (R_Heel)
[2026-07-21 00:11:17.343] [info] Frame 276 (t = 2.76):	 total squared error = 0.00186676, marker error: RMS = 0.00831501, max = 0.0201389 (R_Heel)
[2026-07-21 00:11:17.416] [info] Frame 277 (t = 2.77):	 total squared error = 0.00190236, marker error: RMS = 0.00839392, max = 0.0202885 (R_Heel)
[2026-07-21 00:11:17.445] [info] Frame 278 (t = 2.78):	 total squared error = 0.00193175, marker error: RMS = 0.00845850, max = 0.0203410 (R_Heel)
[2026-07-21 00:11:17.477] [info] Frame 279 (t = 2.79):	 total squared error = 0.00194561, marker error: RMS = 0.00848879, max = 0.0202405 (R_Heel)
[2026-07-21 00:11:17.567] [info] Frame 280 (t = 2.8):	 total squared error = 0.00194264, marker error: RMS = 0.00848232, max = 0.0203373 (R_Heel)
[2026-07-21 00:11:17.590] [info] Frame 281 (t = 2.81):	 total squared error = 0.00194848, marker error: RMS = 0.00849505, max = 0.0204510 (R_Heel)
[2026-07-21 00:11:17.654] [info] Frame 282 (t = 2.82):	 total squared error = 0.00194298, marker error: RMS = 0.00848306, max = 0.0202751 (R_Heel)
[2026-07-21 00:11:17.683] [info] Frame 283 (t = 2.83):	 total squared error = 0.00195540, marker error: RMS = 0.00851014, max = 0.0202627 (R_Heel)
[2026-07-21 00:11:17.713] [info] Frame 284 (t = 2.84):	 total squared error = 0.00197797, marker error: RMS = 0.00855909, max = 0.0200826 (R_Heel)
[2026-07-21 00:11:17.766] [info] Frame 285 (t = 2.85):	 total squared error = 0.00200982, marker error: RMS = 0.00862774, max = 0.0200281 (R_Heel)
[2026-07-21 00:11:17.846] [info] Frame 286 (t = 2.86):	 total squared error = 0.00204516, marker error: RMS = 0.00870326, max = 0.0199483 (R_Heel)
[2026-07-21 00:11:17.888] [info] Frame 287 (t = 2.87):	 total squared error = 0.00208656, marker error: RMS = 0.00879091, max = 0.0198369 (R_Heel)
[2026-07-21 00:11:17.946] [info] Frame 288 (t = 2.88):	 total squared error = 0.00211875, marker error: RMS = 0.00885845, max = 0.0196148 (R_Heel)
[2026-07-21 00:11:17.995] [info] Frame 289 (t = 2.89):	 total squared error = 0.00213198, marker error: RMS = 0.00888607, max = 0.0194294 (R_Heel)
[2026-07-21 00:11:18.042] [info] Frame 290 (t = 2.9):	 total squared error = 0.00212154, marker error: RMS = 0.00886429, max = 0.0192040 (R_Heel)
[2026-07-21 00:11:18.104] [info] Frame 291 (t = 2.91):	 total squared error = 0.00207717, marker error: RMS = 0.00877110, max = 0.0186685 (R_Heel)
[2026-07-21 00:11:18.178] [info] Frame 292 (t = 2.92):	 total squared error = 0.00200325, marker error: RMS = 0.00861362, max = 0.0182218 (R_Heel)
[2026-07-21 00:11:18.224] [info] Frame 293 (t = 2.93):	 total squared error = 0.00191458, marker error: RMS = 0.00842082, max = 0.0179062 (R_Heel)
[2026-07-21 00:11:18.292] [info] Frame 294 (t = 2.94):	 total squared error = 0.00181045, marker error: RMS = 0.00818863, max = 0.0170163 (R_Heel)
[2026-07-21 00:11:18.327] [info] Frame 295 (t = 2.95):	 total squared error = 0.00171681, marker error: RMS = 0.00797406, max = 0.0170231 (R_Heel)
[2026-07-21 00:11:18.340] [info] InverseKinematicsTool completed 256 frames in 15 second(s).
[2026-07-21 00:11:18.438] [info] Loaded model TCV09-scaled from file C:\Users\migue\Downloads\TFG\2_JMP\TVC09\Walk_2\TVC09_2_JMP_results\TVC09_2_NMSM_JMP_01_pelvis_thigh.osim
[2026-07-21 00:11:20.011] [warning] Coordinate.setValue:  coordinate pro_sup_r is locked. Unable to change its value.
[2026-07-21 00:11:20.101] [warning] Coordinate.setValue:  coordinate pro_sup_l is locked. Unable to change its value.
[2026-07-21 00:13:10.076] [info] Loaded model TCV09-scaled from file C:\Users\migue\Downloads\TFG\2_JMP\TVC09\Walk_2\TVC09_2_JMP_results\TVC09_2_NMSM_JMP_02_knee_ankle.osim
[2026-07-21 00:13:10.116] [cout] [info] 
               MODEL: TCV09-scaled
         coordinates: 41
              forces: 103
           actuators: 103
             muscles: 86
            analyses: 0
              probes: 0
              bodies: 24
              joints: 24
         constraints: 2
             markers: 27
         controllers: 0
  contact geometries: 0
misc modelcomponents: 0
[2026-07-21 00:13:10.116] [info] Running tool .
[2026-07-21 00:13:10.392] [info] Frame 40 (t = 0.4):	 total squared error = 0.00213279, marker error: RMS = 0.00888775, max = 0.0215362 (R_Heel)
[2026-07-21 00:13:10.427] [info] Frame 41 (t = 0.41):	 total squared error = 0.00215707, marker error: RMS = 0.00893820, max = 0.021426 (R_Heel)
[2026-07-21 00:13:10.464] [info] Frame 42 (t = 0.42):	 total squared error = 0.00214713, marker error: RMS = 0.00891759, max = 0.0212175 (R_Heel)
[2026-07-21 00:13:10.502] [info] Frame 43 (t = 0.43):	 total squared error = 0.00211281, marker error: RMS = 0.00884602, max = 0.0211412 (R_Heel)
[2026-07-21 00:13:10.550] [info] Frame 44 (t = 0.44):	 total squared error = 0.00205965, marker error: RMS = 0.00873403, max = 0.021197 (R_Heel)
[2026-07-21 00:13:10.597] [info] Frame 45 (t = 0.45):	 total squared error = 0.00199476, marker error: RMS = 0.00859535, max = 0.0211443 (R_Heel)
[2026-07-21 00:13:10.625] [info] Frame 46 (t = 0.46):	 total squared error = 0.00192264, marker error: RMS = 0.00843853, max = 0.0208131 (R_Heel)
[2026-07-21 00:13:10.715] [info] Frame 47 (t = 0.47):	 total squared error = 0.00183687, marker error: RMS = 0.00824816, max = 0.0207857 (R_Heel)
[2026-07-21 00:13:10.761] [info] Frame 48 (t = 0.48):	 total squared error = 0.00176811, marker error: RMS = 0.00809230, max = 0.0205087 (R_Heel)
[2026-07-21 00:13:10.808] [info] Frame 49 (t = 0.49):	 total squared error = 0.00171750, marker error: RMS = 0.00797565, max = 0.0203142 (R_Heel)
[2026-07-21 00:13:10.849] [info] Frame 50 (t = 0.5):	 total squared error = 0.00167954, marker error: RMS = 0.00788703, max = 0.0199892 (R_Heel)
[2026-07-21 00:13:10.907] [info] Frame 51 (t = 0.51):	 total squared error = 0.00164903, marker error: RMS = 0.00781507, max = 0.0197614 (R_Heel)
[2026-07-21 00:13:10.960] [info] Frame 52 (t = 0.52):	 total squared error = 0.00162206, marker error: RMS = 0.00775088, max = 0.0194315 (R_Heel)
[2026-07-21 00:13:11.019] [info] Frame 53 (t = 0.53):	 total squared error = 0.00159357, marker error: RMS = 0.00768251, max = 0.0190813 (R_Heel)
[2026-07-21 00:13:11.083] [info] Frame 54 (t = 0.54):	 total squared error = 0.00156332, marker error: RMS = 0.00760926, max = 0.018686 (R_Heel)
[2026-07-21 00:13:11.130] [info] Frame 55 (t = 0.55):	 total squared error = 0.00153550, marker error: RMS = 0.00754124, max = 0.0182918 (R_Heel)
[2026-07-21 00:13:11.199] [info] Frame 56 (t = 0.56):	 total squared error = 0.00150623, marker error: RMS = 0.00746903, max = 0.0177587 (R_Heel)
[2026-07-21 00:13:11.250] [info] Frame 57 (t = 0.57):	 total squared error = 0.00148969, marker error: RMS = 0.00742791, max = 0.0176611 (R_Ankle_Lateral)
[2026-07-21 00:13:11.305] [info] Frame 58 (t = 0.58):	 total squared error = 0.00148418, marker error: RMS = 0.00741416, max = 0.0178702 (R_Ankle_Lateral)
[2026-07-21 00:13:11.368] [info] Frame 59 (t = 0.59):	 total squared error = 0.00148851, marker error: RMS = 0.00742497, max = 0.0179311 (R_Ankle_Lateral)
[2026-07-21 00:13:11.428] [info] Frame 60 (t = 0.6):	 total squared error = 0.00149665, marker error: RMS = 0.00744523, max = 0.0180347 (R_Ankle_Lateral)
[2026-07-21 00:13:11.512] [info] Frame 61 (t = 0.61):	 total squared error = 0.00151310, marker error: RMS = 0.00748603, max = 0.0181445 (R_Ankle_Lateral)
[2026-07-21 00:13:11.571] [info] Frame 62 (t = 0.62):	 total squared error = 0.00153663, marker error: RMS = 0.00754401, max = 0.0182819 (R_Ankle_Lateral)
[2026-07-21 00:13:11.629] [info] Frame 63 (t = 0.63):	 total squared error = 0.00156813, marker error: RMS = 0.00762096, max = 0.0184728 (R_Ankle_Lateral)
[2026-07-21 00:13:11.676] [info] Frame 64 (t = 0.64):	 total squared error = 0.00161344, marker error: RMS = 0.00773028, max = 0.0187235 (R_Ankle_Lateral)
[2026-07-21 00:13:11.765] [info] Frame 65 (t = 0.65):	 total squared error = 0.00166828, marker error: RMS = 0.00786054, max = 0.0185976 (R_Ankle_Lateral)
[2026-07-21 00:13:11.814] [info] Frame 66 (t = 0.66):	 total squared error = 0.00173080, marker error: RMS = 0.00800647, max = 0.0189667 (R_Ankle_Lateral)
[2026-07-21 00:13:11.869] [info] Frame 67 (t = 0.67):	 total squared error = 0.00179979, marker error: RMS = 0.00816449, max = 0.0191658 (R_Ankle_Lateral)
[2026-07-21 00:13:11.927] [info] Frame 68 (t = 0.68):	 total squared error = 0.00187116, marker error: RMS = 0.00832480, max = 0.0190494 (R_Ankle_Lateral)
[2026-07-21 00:13:11.962] [info] Frame 69 (t = 0.69):	 total squared error = 0.00195798, marker error: RMS = 0.00851573, max = 0.0193928 (R_Ankle_Lateral)
[2026-07-21 00:13:12.027] [info] Frame 70 (t = 0.7):	 total squared error = 0.00202913, marker error: RMS = 0.00866908, max = 0.0190847 (R_Ankle_Lateral)
[2026-07-21 00:13:12.079] [info] Frame 71 (t = 0.71):	 total squared error = 0.00211940, marker error: RMS = 0.00885980, max = 0.0192327 (R_Ankle_Lateral)
[2026-07-21 00:13:12.138] [info] Frame 72 (t = 0.72):	 total squared error = 0.00221793, marker error: RMS = 0.00906341, max = 0.0195816 (R_Shank_Lateral)
[2026-07-21 00:13:12.187] [info] Frame 73 (t = 0.73):	 total squared error = 0.00232558, marker error: RMS = 0.00928077, max = 0.0207380 (R_Shank_Lateral)
[2026-07-21 00:13:12.237] [info] Frame 74 (t = 0.74):	 total squared error = 0.00244018, marker error: RMS = 0.00950669, max = 0.0220406 (R_Shank_Lateral)
[2026-07-21 00:13:12.286] [info] Frame 75 (t = 0.75):	 total squared error = 0.00255937, marker error: RMS = 0.00973609, max = 0.0233849 (R_Shank_Lateral)
[2026-07-21 00:13:12.334] [info] Frame 76 (t = 0.76):	 total squared error = 0.00267915, marker error: RMS = 0.00996132, max = 0.0246733 (R_Shank_Lateral)
[2026-07-21 00:13:12.395] [info] Frame 77 (t = 0.77):	 total squared error = 0.00279340, marker error: RMS = 0.0101715, max = 0.0258934 (R_Shank_Lateral)
[2026-07-21 00:13:12.434] [info] Frame 78 (t = 0.78):	 total squared error = 0.00290097, marker error: RMS = 0.0103655, max = 0.0268678 (R_Shank_Lateral)
[2026-07-21 00:13:12.481] [info] Frame 79 (t = 0.79):	 total squared error = 0.00298250, marker error: RMS = 0.0105101, max = 0.0277055 (R_Shank_Lateral)
[2026-07-21 00:13:12.535] [info] Frame 80 (t = 0.8):	 total squared error = 0.00304221, marker error: RMS = 0.0106148, max = 0.0281869 (R_Shank_Lateral)
[2026-07-21 00:13:12.576] [info] Frame 81 (t = 0.81):	 total squared error = 0.00307922, marker error: RMS = 0.0106792, max = 0.0282957 (R_Shank_Lateral)
[2026-07-21 00:13:12.602] [info] Frame 82 (t = 0.82):	 total squared error = 0.00310414, marker error: RMS = 0.0107223, max = 0.0284577 (R_Shank_Lateral)
[2026-07-21 00:13:12.649] [info] Frame 83 (t = 0.83):	 total squared error = 0.00308090, marker error: RMS = 0.0106821, max = 0.0279598 (R_Shank_Lateral)
[2026-07-21 00:13:12.694] [info] Frame 84 (t = 0.84):	 total squared error = 0.00305198, marker error: RMS = 0.0106318, max = 0.0274622 (R_Shank_Lateral)
[2026-07-21 00:13:12.750] [info] Frame 85 (t = 0.85):	 total squared error = 0.00301654, marker error: RMS = 0.0105699, max = 0.0267351 (R_Shank_Lateral)
[2026-07-21 00:13:12.799] [info] Frame 86 (t = 0.86):	 total squared error = 0.00298021, marker error: RMS = 0.0105061, max = 0.0260576 (R_Shank_Lateral)
[2026-07-21 00:13:12.851] [info] Frame 87 (t = 0.87):	 total squared error = 0.00294278, marker error: RMS = 0.0104399, max = 0.0252787 (R_Shank_Lateral)
[2026-07-21 00:13:12.921] [info] Frame 88 (t = 0.88):	 total squared error = 0.00290799, marker error: RMS = 0.0103780, max = 0.0244627 (R_Shank_Lateral)
[2026-07-21 00:13:12.953] [info] Frame 89 (t = 0.89):	 total squared error = 0.00288127, marker error: RMS = 0.0103302, max = 0.0239389 (R_Shank_Lateral)
[2026-07-21 00:13:12.993] [info] Frame 90 (t = 0.9):	 total squared error = 0.00285138, marker error: RMS = 0.0102765, max = 0.0232821 (R_Shank_Lateral)
[2026-07-21 00:13:13.078] [info] Frame 91 (t = 0.91):	 total squared error = 0.00280073, marker error: RMS = 0.0101848, max = 0.0221492 (R_Shank_Lateral)
[2026-07-21 00:13:13.134] [info] Frame 92 (t = 0.92):	 total squared error = 0.00275423, marker error: RMS = 0.0100999, max = 0.0214113 (R_Shank_Lateral)
[2026-07-21 00:13:13.248] [info] Frame 93 (t = 0.93):	 total squared error = 0.00268720, marker error: RMS = 0.00997627, max = 0.0202749 (R_Shank_Lateral)
[2026-07-21 00:13:13.332] [info] Frame 94 (t = 0.94):	 total squared error = 0.00261193, marker error: RMS = 0.00983556, max = 0.0199647 (R_Heel)
[2026-07-21 00:13:13.389] [info] Frame 95 (t = 0.95):	 total squared error = 0.00253078, marker error: RMS = 0.00968155, max = 0.019952 (R_Heel)
[2026-07-21 00:13:13.515] [info] Frame 96 (t = 0.96):	 total squared error = 0.00242840, marker error: RMS = 0.00948371, max = 0.0188106 (R_Heel)
[2026-07-21 00:13:13.600] [info] Frame 97 (t = 0.97):	 total squared error = 0.00233401, marker error: RMS = 0.00929758, max = 0.0184488 (R_Heel)
[2026-07-21 00:13:13.654] [info] Frame 98 (t = 0.98):	 total squared error = 0.00225571, marker error: RMS = 0.00914028, max = 0.0185817 (R_Heel)
[2026-07-21 00:13:13.753] [info] Frame 99 (t = 0.99):	 total squared error = 0.00217052, marker error: RMS = 0.00896603, max = 0.0179034 (R_Ankle_Lateral)
[2026-07-21 00:13:13.824] [info] Frame 100 (t = 1.0):	 total squared error = 0.00211885, marker error: RMS = 0.00885867, max = 0.0175973 (R_Ankle_Lateral)
[2026-07-21 00:13:13.909] [info] Frame 101 (t = 1.01):	 total squared error = 0.00208799, marker error: RMS = 0.00879391, max = 0.0173663 (R_Ankle_Lateral)
[2026-07-21 00:13:13.993] [info] Frame 102 (t = 1.02):	 total squared error = 0.00208853, marker error: RMS = 0.00879506, max = 0.0170028 (R_Ankle_Lateral)
[2026-07-21 00:13:14.054] [info] Frame 103 (t = 1.03):	 total squared error = 0.00212126, marker error: RMS = 0.00886370, max = 0.0168704 (R_Heel)
[2026-07-21 00:13:14.133] [info] Frame 104 (t = 1.04):	 total squared error = 0.00216006, marker error: RMS = 0.00894439, max = 0.0165193 (R_Ankle_Lateral)
[2026-07-21 00:13:14.186] [info] Frame 105 (t = 1.05):	 total squared error = 0.00223620, marker error: RMS = 0.00910068, max = 0.0170735 (R_Heel)
[2026-07-21 00:13:14.252] [info] Frame 106 (t = 1.06):	 total squared error = 0.00231632, marker error: RMS = 0.00926227, max = 0.0169703 (R_Heel)
[2026-07-21 00:13:14.316] [info] Frame 107 (t = 1.07):	 total squared error = 0.00241187, marker error: RMS = 0.00945139, max = 0.0176123 (R_Heel)
[2026-07-21 00:13:14.396] [info] Frame 108 (t = 1.08):	 total squared error = 0.00250674, marker error: RMS = 0.00963547, max = 0.0192448 (R_Thigh_Lateral)
[2026-07-21 00:13:14.447] [info] Frame 109 (t = 1.09):	 total squared error = 0.00258262, marker error: RMS = 0.00978022, max = 0.0204741 (R_Thigh_Lateral)
[2026-07-21 00:13:14.481] [info] Frame 110 (t = 1.1):	 total squared error = 0.00264548, marker error: RMS = 0.00989852, max = 0.0213259 (R_Thigh_Lateral)
[2026-07-21 00:13:14.537] [info] Frame 111 (t = 1.11):	 total squared error = 0.00263009, marker error: RMS = 0.00986969, max = 0.0213361 (R_Thigh_Lateral)
[2026-07-21 00:13:14.601] [info] Frame 112 (t = 1.12):	 total squared error = 0.00258026, marker error: RMS = 0.00977575, max = 0.0204560 (R_Thigh_Lateral)
[2026-07-21 00:13:14.650] [info] Frame 113 (t = 1.13):	 total squared error = 0.00247848, marker error: RMS = 0.00958099, max = 0.0189428 (R_Heel)
[2026-07-21 00:13:14.710] [info] Frame 114 (t = 1.14):	 total squared error = 0.00234110, marker error: RMS = 0.00931168, max = 0.0187345 (R_Heel)
[2026-07-21 00:13:14.772] [info] Frame 115 (t = 1.15):	 total squared error = 0.00219508, marker error: RMS = 0.00901661, max = 0.0185304 (R_Heel)
[2026-07-21 00:13:14.817] [info] Frame 116 (t = 1.16):	 total squared error = 0.00206524, marker error: RMS = 0.00874588, max = 0.0180607 (R_Heel)
[2026-07-21 00:13:14.868] [info] Frame 117 (t = 1.17):	 total squared error = 0.00197915, marker error: RMS = 0.00856165, max = 0.0178171 (R_Heel)
[2026-07-21 00:13:14.974] [info] Frame 118 (t = 1.18):	 total squared error = 0.00195450, marker error: RMS = 0.00850816, max = 0.0180877 (R_Heel)
[2026-07-21 00:13:15.065] [info] Frame 119 (t = 1.19):	 total squared error = 0.00197454, marker error: RMS = 0.00855168, max = 0.0181367 (R_Heel)
[2026-07-21 00:13:15.138] [info] Frame 120 (t = 1.2):	 total squared error = 0.00202852, marker error: RMS = 0.00866777, max = 0.0183048 (R_Heel)
[2026-07-21 00:13:15.249] [info] Frame 121 (t = 1.21):	 total squared error = 0.00211816, marker error: RMS = 0.00885722, max = 0.0187822 (R_Heel)
[2026-07-21 00:13:15.345] [info] Frame 122 (t = 1.22):	 total squared error = 0.00221652, marker error: RMS = 0.00906053, max = 0.0186676 (R_Heel)
[2026-07-21 00:13:15.466] [info] Frame 123 (t = 1.23):	 total squared error = 0.00232012, marker error: RMS = 0.00926986, max = 0.0187061 (R_Heel)
[2026-07-21 00:13:15.517] [info] Frame 124 (t = 1.24):	 total squared error = 0.00241683, marker error: RMS = 0.00946108, max = 0.0190123 (R_Heel)
[2026-07-21 00:13:15.600] [info] Frame 125 (t = 1.25):	 total squared error = 0.00247726, marker error: RMS = 0.00957864, max = 0.0186585 (R_Heel)
[2026-07-21 00:13:15.680] [info] Frame 126 (t = 1.26):	 total squared error = 0.00251189, marker error: RMS = 0.00964536, max = 0.0184076 (R_Heel)
[2026-07-21 00:13:15.756] [info] Frame 127 (t = 1.27):	 total squared error = 0.00252611, marker error: RMS = 0.00967262, max = 0.0187598 (R_Heel)
[2026-07-21 00:13:15.824] [info] Frame 128 (t = 1.28):	 total squared error = 0.00251832, marker error: RMS = 0.00965769, max = 0.0187676 (R_Heel)
[2026-07-21 00:13:15.878] [info] Frame 129 (t = 1.29):	 total squared error = 0.00250490, marker error: RMS = 0.00963192, max = 0.0188998 (R_Heel)
[2026-07-21 00:13:15.985] [info] Frame 130 (t = 1.3):	 total squared error = 0.00247552, marker error: RMS = 0.00957529, max = 0.0190845 (L_Shank_Lateral)
[2026-07-21 00:13:16.040] [info] Frame 131 (t = 1.31):	 total squared error = 0.00247010, marker error: RMS = 0.00956478, max = 0.0187751 (R_Heel)
[2026-07-21 00:13:16.087] [info] Frame 132 (t = 1.32):	 total squared error = 0.00247025, marker error: RMS = 0.00956508, max = 0.018963 (R_Heel)
[2026-07-21 00:13:16.154] [info] Frame 133 (t = 1.33):	 total squared error = 0.00246171, marker error: RMS = 0.00954852, max = 0.0189024 (R_Heel)
[2026-07-21 00:13:16.210] [info] Frame 134 (t = 1.34):	 total squared error = 0.00246506, marker error: RMS = 0.00955502, max = 0.0191396 (R_Heel)
[2026-07-21 00:13:16.294] [info] Frame 135 (t = 1.35):	 total squared error = 0.00245959, marker error: RMS = 0.00954442, max = 0.0189641 (R_Heel)
[2026-07-21 00:13:16.339] [info] Frame 136 (t = 1.36):	 total squared error = 0.00246736, marker error: RMS = 0.00955948, max = 0.0194022 (R_Heel)
[2026-07-21 00:13:16.386] [info] Frame 137 (t = 1.37):	 total squared error = 0.00247437, marker error: RMS = 0.00957305, max = 0.0196227 (R_Heel)
[2026-07-21 00:13:16.448] [info] Frame 138 (t = 1.38):	 total squared error = 0.00247750, marker error: RMS = 0.00957910, max = 0.0194444 (R_Heel)
[2026-07-21 00:13:16.509] [info] Frame 139 (t = 1.39):	 total squared error = 0.00248214, marker error: RMS = 0.00958807, max = 0.0193723 (R_Heel)
[2026-07-21 00:13:16.574] [info] Frame 140 (t = 1.4):	 total squared error = 0.00248979, marker error: RMS = 0.00960283, max = 0.019338 (R_Heel)
[2026-07-21 00:13:16.631] [info] Frame 141 (t = 1.41):	 total squared error = 0.00250094, marker error: RMS = 0.00962431, max = 0.0194959 (R_Heel)
[2026-07-21 00:13:16.710] [info] Frame 142 (t = 1.42):	 total squared error = 0.00250147, marker error: RMS = 0.00962533, max = 0.0197021 (L_Shank_Lateral)
[2026-07-21 00:13:16.763] [info] Frame 143 (t = 1.43):	 total squared error = 0.00251420, marker error: RMS = 0.00964979, max = 0.0204164 (L_Shank_Lateral)
[2026-07-21 00:13:16.855] [info] Frame 144 (t = 1.44):	 total squared error = 0.00250528, marker error: RMS = 0.00963266, max = 0.0204314 (L_Shank_Lateral)
[2026-07-21 00:13:16.944] [info] Frame 145 (t = 1.45):	 total squared error = 0.00249575, marker error: RMS = 0.00961432, max = 0.0204497 (L_Shank_Lateral)
[2026-07-21 00:13:16.987] [info] Frame 146 (t = 1.46):	 total squared error = 0.00249617, marker error: RMS = 0.00961513, max = 0.0208789 (L_Shank_Lateral)
[2026-07-21 00:13:17.067] [info] Frame 147 (t = 1.47):	 total squared error = 0.00242075, marker error: RMS = 0.00946876, max = 0.0194954 (L_Shank_Lateral)
[2026-07-21 00:13:17.133] [info] Frame 148 (t = 1.48):	 total squared error = 0.00234807, marker error: RMS = 0.00932554, max = 0.0193768 (R_Heel)
[2026-07-21 00:13:17.217] [info] Frame 149 (t = 1.49):	 total squared error = 0.00224904, marker error: RMS = 0.00912676, max = 0.0194848 (R_Heel)
[2026-07-21 00:13:17.326] [info] Frame 150 (t = 1.5):	 total squared error = 0.00213661, marker error: RMS = 0.00889570, max = 0.0197216 (R_Heel)
[2026-07-21 00:13:17.409] [info] Frame 151 (t = 1.51):	 total squared error = 0.00202159, marker error: RMS = 0.00865297, max = 0.0199122 (R_Heel)
[2026-07-21 00:13:17.497] [info] Frame 152 (t = 1.52):	 total squared error = 0.00192600, marker error: RMS = 0.00844591, max = 0.0201222 (R_Heel)
[2026-07-21 00:13:17.548] [info] Frame 153 (t = 1.53):	 total squared error = 0.00187798, marker error: RMS = 0.00833995, max = 0.0205317 (R_Heel)
[2026-07-21 00:13:17.599] [info] Frame 154 (t = 1.54):	 total squared error = 0.00185705, marker error: RMS = 0.00829336, max = 0.0206596 (R_Heel)
[2026-07-21 00:13:17.698] [info] Frame 155 (t = 1.55):	 total squared error = 0.00187138, marker error: RMS = 0.00832528, max = 0.0206912 (R_Heel)
[2026-07-21 00:13:17.743] [info] Frame 156 (t = 1.56):	 total squared error = 0.00193046, marker error: RMS = 0.00845568, max = 0.0208764 (R_Heel)
[2026-07-21 00:13:17.804] [info] Frame 157 (t = 1.57):	 total squared error = 0.00199780, marker error: RMS = 0.00860189, max = 0.0208441 (R_Heel)
[2026-07-21 00:13:17.853] [info] Frame 158 (t = 1.58):	 total squared error = 0.00207088, marker error: RMS = 0.00875781, max = 0.0209430 (R_Heel)
[2026-07-21 00:13:17.926] [info] Frame 159 (t = 1.59):	 total squared error = 0.00212850, marker error: RMS = 0.00887881, max = 0.0210029 (R_Heel)
[2026-07-21 00:13:17.976] [info] Frame 160 (t = 1.6):	 total squared error = 0.00217120, marker error: RMS = 0.00896743, max = 0.0209398 (R_Heel)
[2026-07-21 00:13:18.064] [info] Frame 161 (t = 1.61):	 total squared error = 0.00219128, marker error: RMS = 0.00900879, max = 0.0209690 (R_Heel)
[2026-07-21 00:13:18.107] [info] Frame 162 (t = 1.62):	 total squared error = 0.00219765, marker error: RMS = 0.00902189, max = 0.0207983 (R_Heel)
[2026-07-21 00:13:18.159] [info] Frame 163 (t = 1.63):	 total squared error = 0.00219105, marker error: RMS = 0.00900834, max = 0.0208283 (R_Heel)
[2026-07-21 00:13:18.189] [info] Frame 164 (t = 1.64):	 total squared error = 0.00218757, marker error: RMS = 0.00900117, max = 0.0209293 (R_Heel)
[2026-07-21 00:13:18.240] [info] Frame 165 (t = 1.65):	 total squared error = 0.00216555, marker error: RMS = 0.00895575, max = 0.0206247 (R_Heel)
[2026-07-21 00:13:18.281] [info] Frame 166 (t = 1.66):	 total squared error = 0.00215626, marker error: RMS = 0.00893653, max = 0.0204153 (R_Heel)
[2026-07-21 00:13:18.323] [info] Frame 167 (t = 1.67):	 total squared error = 0.00214992, marker error: RMS = 0.00892338, max = 0.0204664 (R_Heel)
[2026-07-21 00:13:18.412] [info] Frame 168 (t = 1.68):	 total squared error = 0.00214546, marker error: RMS = 0.00891411, max = 0.0203690 (R_Heel)
[2026-07-21 00:13:18.443] [info] Frame 169 (t = 1.69):	 total squared error = 0.00215478, marker error: RMS = 0.00893345, max = 0.0200980 (R_Heel)
[2026-07-21 00:13:18.498] [info] Frame 170 (t = 1.7):	 total squared error = 0.00217290, marker error: RMS = 0.00897094, max = 0.0201519 (R_Heel)
[2026-07-21 00:13:18.560] [info] Frame 171 (t = 1.71):	 total squared error = 0.00218945, marker error: RMS = 0.00900504, max = 0.0199831 (R_Heel)
[2026-07-21 00:13:18.603] [info] Frame 172 (t = 1.72):	 total squared error = 0.00219666, marker error: RMS = 0.00901985, max = 0.0197913 (R_Heel)
[2026-07-21 00:13:18.637] [info] Frame 173 (t = 1.73):	 total squared error = 0.00219116, marker error: RMS = 0.00900857, max = 0.0195936 (R_Heel)
[2026-07-21 00:13:18.730] [info] Frame 174 (t = 1.74):	 total squared error = 0.00215838, marker error: RMS = 0.00894092, max = 0.0190750 (R_Heel)
[2026-07-21 00:13:18.757] [info] Frame 175 (t = 1.75):	 total squared error = 0.00210490, marker error: RMS = 0.00882945, max = 0.0190747 (R_Heel)
[2026-07-21 00:13:18.804] [info] Frame 176 (t = 1.76):	 total squared error = 0.00204186, marker error: RMS = 0.00869622, max = 0.0185808 (R_Heel)
[2026-07-21 00:13:18.838] [info] Frame 177 (t = 1.77):	 total squared error = 0.00196951, marker error: RMS = 0.00854078, max = 0.0185284 (R_Heel)
[2026-07-21 00:13:18.912] [info] Frame 178 (t = 1.78):	 total squared error = 0.00185173, marker error: RMS = 0.00828146, max = 0.0174007 (R_Heel)
[2026-07-21 00:13:18.952] [info] Frame 179 (t = 1.79):	 total squared error = 0.00178182, marker error: RMS = 0.00812362, max = 0.017361 (R_Ankle_Lateral)
[2026-07-21 00:13:19.012] [info] Frame 180 (t = 1.8):	 total squared error = 0.00170453, marker error: RMS = 0.00794548, max = 0.0173605 (R_Ankle_Lateral)
[2026-07-21 00:13:19.068] [info] Frame 181 (t = 1.81):	 total squared error = 0.00164808, marker error: RMS = 0.00781281, max = 0.0173851 (R_Ankle_Lateral)
[2026-07-21 00:13:19.142] [info] Frame 182 (t = 1.82):	 total squared error = 0.00159927, marker error: RMS = 0.00769625, max = 0.0173751 (R_Ankle_Lateral)
[2026-07-21 00:13:19.209] [info] Frame 183 (t = 1.83):	 total squared error = 0.00157678, marker error: RMS = 0.00764195, max = 0.0174649 (R_Ankle_Lateral)
[2026-07-21 00:13:19.284] [info] Frame 184 (t = 1.84):	 total squared error = 0.00157814, marker error: RMS = 0.00764523, max = 0.0175622 (R_Ankle_Lateral)
[2026-07-21 00:13:19.344] [info] Frame 185 (t = 1.85):	 total squared error = 0.00161122, marker error: RMS = 0.00772494, max = 0.0177302 (R_Ankle_Lateral)
[2026-07-21 00:13:19.399] [info] Frame 186 (t = 1.86):	 total squared error = 0.00166905, marker error: RMS = 0.00786236, max = 0.0179181 (R_Ankle_Lateral)
[2026-07-21 00:13:19.463] [info] Frame 187 (t = 1.87):	 total squared error = 0.00174055, marker error: RMS = 0.00802900, max = 0.0181996 (R_Ankle_Lateral)
[2026-07-21 00:13:19.510] [info] Frame 188 (t = 1.88):	 total squared error = 0.00181641, marker error: RMS = 0.00820211, max = 0.0187365 (R_Ankle_Lateral)
[2026-07-21 00:13:19.602] [info] Frame 189 (t = 1.89):	 total squared error = 0.00187338, marker error: RMS = 0.00832972, max = 0.0183979 (R_Heel)
[2026-07-21 00:13:19.663] [info] Frame 190 (t = 1.9):	 total squared error = 0.00192264, marker error: RMS = 0.00843854, max = 0.0187481 (R_Ankle_Lateral)
[2026-07-21 00:13:19.737] [info] Frame 191 (t = 1.91):	 total squared error = 0.00196741, marker error: RMS = 0.00853621, max = 0.0191219 (R_Heel)
[2026-07-21 00:13:19.782] [info] Frame 192 (t = 1.92):	 total squared error = 0.00201573, marker error: RMS = 0.00864041, max = 0.0192404 (R_Shank_Lateral)
[2026-07-21 00:13:19.831] [info] Frame 193 (t = 1.93):	 total squared error = 0.00207002, marker error: RMS = 0.00875599, max = 0.0199432 (R_Shank_Lateral)
[2026-07-21 00:13:19.884] [info] Frame 194 (t = 1.94):	 total squared error = 0.00213497, marker error: RMS = 0.00889230, max = 0.0207464 (R_Shank_Lateral)
[2026-07-21 00:13:19.971] [info] Frame 195 (t = 1.95):	 total squared error = 0.00220759, marker error: RMS = 0.00904227, max = 0.0216118 (R_Shank_Lateral)
[2026-07-21 00:13:20.079] [info] Frame 196 (t = 1.96):	 total squared error = 0.00228259, marker error: RMS = 0.00919458, max = 0.0225907 (R_Shank_Lateral)
[2026-07-21 00:13:20.127] [info] Frame 197 (t = 1.97):	 total squared error = 0.00235885, marker error: RMS = 0.00934691, max = 0.0234221 (R_Shank_Lateral)
[2026-07-21 00:13:20.164] [info] Frame 198 (t = 1.98):	 total squared error = 0.00243652, marker error: RMS = 0.00949956, max = 0.0241443 (R_Shank_Lateral)
[2026-07-21 00:13:20.206] [info] Frame 199 (t = 1.99):	 total squared error = 0.00249624, marker error: RMS = 0.00961527, max = 0.0247513 (R_Shank_Lateral)
[2026-07-21 00:13:20.250] [info] Frame 200 (t = 2.0):	 total squared error = 0.00255361, marker error: RMS = 0.00972513, max = 0.0253103 (R_Shank_Lateral)
[2026-07-21 00:13:20.315] [info] Frame 201 (t = 2.01):	 total squared error = 0.00260290, marker error: RMS = 0.00981854, max = 0.0257549 (R_Shank_Lateral)
[2026-07-21 00:13:20.358] [info] Frame 202 (t = 2.02):	 total squared error = 0.00264899, marker error: RMS = 0.00990508, max = 0.0260423 (R_Shank_Lateral)
[2026-07-21 00:13:20.450] [info] Frame 203 (t = 2.03):	 total squared error = 0.00268422, marker error: RMS = 0.00997074, max = 0.026279 (R_Shank_Lateral)
[2026-07-21 00:13:20.502] [info] Frame 204 (t = 2.04):	 total squared error = 0.00272014, marker error: RMS = 0.0100372, max = 0.0266274 (R_Shank_Lateral)
[2026-07-21 00:13:20.585] [info] Frame 205 (t = 2.05):	 total squared error = 0.00274746, marker error: RMS = 0.0100875, max = 0.0266922 (R_Shank_Lateral)
[2026-07-21 00:13:20.643] [info] Frame 206 (t = 2.06):	 total squared error = 0.00277177, marker error: RMS = 0.0101320, max = 0.0269411 (R_Shank_Lateral)
[2026-07-21 00:13:20.672] [info] Frame 207 (t = 2.07):	 total squared error = 0.00279777, marker error: RMS = 0.0101795, max = 0.0272321 (R_Shank_Lateral)
[2026-07-21 00:13:20.757] [info] Frame 208 (t = 2.08):	 total squared error = 0.00278754, marker error: RMS = 0.0101608, max = 0.0268531 (R_Shank_Lateral)
[2026-07-21 00:13:20.845] [info] Frame 209 (t = 2.09):	 total squared error = 0.00277596, marker error: RMS = 0.0101397, max = 0.0266627 (R_Shank_Lateral)
[2026-07-21 00:13:20.911] [info] Frame 210 (t = 2.1):	 total squared error = 0.00274645, marker error: RMS = 0.0100856, max = 0.0263799 (R_Shank_Lateral)
[2026-07-21 00:13:21.005] [info] Frame 211 (t = 2.11):	 total squared error = 0.00269120, marker error: RMS = 0.00998370, max = 0.0257724 (R_Shank_Lateral)
[2026-07-21 00:13:21.077] [info] Frame 212 (t = 2.12):	 total squared error = 0.00260901, marker error: RMS = 0.00983005, max = 0.0248133 (R_Shank_Lateral)
[2026-07-21 00:13:21.169] [info] Frame 213 (t = 2.13):	 total squared error = 0.00249011, marker error: RMS = 0.00960346, max = 0.0231242 (R_Shank_Lateral)
[2026-07-21 00:13:21.226] [info] Frame 214 (t = 2.14):	 total squared error = 0.00235125, marker error: RMS = 0.00933184, max = 0.021476 (R_Shank_Lateral)
[2026-07-21 00:13:21.296] [info] Frame 215 (t = 2.15):	 total squared error = 0.00218776, marker error: RMS = 0.00900157, max = 0.0207761 (R_Heel)
[2026-07-21 00:13:21.397] [info] Frame 216 (t = 2.16):	 total squared error = 0.00200258, marker error: RMS = 0.00861219, max = 0.0196868 (R_Heel)
[2026-07-21 00:13:21.445] [info] Frame 217 (t = 2.17):	 total squared error = 0.00186666, marker error: RMS = 0.00831477, max = 0.0202853 (R_Heel)
[2026-07-21 00:13:21.557] [info] Frame 218 (t = 2.18):	 total squared error = 0.00171748, marker error: RMS = 0.00797562, max = 0.0172917 (R_Heel)
[2026-07-21 00:13:21.637] [info] Frame 219 (t = 2.19):	 total squared error = 0.00165445, marker error: RMS = 0.00782789, max = 0.0165465 (R_Ankle_Lateral)
[2026-07-21 00:13:21.741] [info] Frame 220 (t = 2.2):	 total squared error = 0.00165259, marker error: RMS = 0.00782349, max = 0.0164282 (R_Ankle_Lateral)
[2026-07-21 00:13:21.835] [info] Frame 221 (t = 2.21):	 total squared error = 0.00172537, marker error: RMS = 0.00799390, max = 0.0161437 (R_Ankle_Lateral)
[2026-07-21 00:13:21.904] [info] Frame 222 (t = 2.22):	 total squared error = 0.00185531, marker error: RMS = 0.00828946, max = 0.0158382 (R_Ankle_Lateral)
[2026-07-21 00:13:21.955] [info] Frame 223 (t = 2.23):	 total squared error = 0.00200995, marker error: RMS = 0.00862802, max = 0.0160198 (R_Thigh_Lateral)
[2026-07-21 00:13:22.022] [info] Frame 224 (t = 2.24):	 total squared error = 0.00213976, marker error: RMS = 0.00890227, max = 0.0180879 (R_Thigh_Lateral)
[2026-07-21 00:13:22.048] [info] Frame 225 (t = 2.25):	 total squared error = 0.00222270, marker error: RMS = 0.00907316, max = 0.0192601 (R_Thigh_Lateral)
[2026-07-21 00:13:22.103] [info] Frame 226 (t = 2.26):	 total squared error = 0.00219215, marker error: RMS = 0.00901059, max = 0.0188831 (R_Thigh_Lateral)
[2026-07-21 00:13:22.150] [info] Frame 227 (t = 2.27):	 total squared error = 0.00210340, marker error: RMS = 0.00882632, max = 0.017246 (R_Thigh_Lateral)
[2026-07-21 00:13:22.211] [info] Frame 228 (t = 2.28):	 total squared error = 0.00197799, marker error: RMS = 0.00855915, max = 0.0168829 (R_Heel)
[2026-07-21 00:13:22.259] [info] Frame 229 (t = 2.29):	 total squared error = 0.00185994, marker error: RMS = 0.00829980, max = 0.0166288 (R_Heel)
[2026-07-21 00:13:22.290] [info] Frame 230 (t = 2.3):	 total squared error = 0.00177518, marker error: RMS = 0.00810849, max = 0.0163542 (R_Heel)
[2026-07-21 00:13:22.336] [info] Frame 231 (t = 2.31):	 total squared error = 0.00171994, marker error: RMS = 0.00798133, max = 0.0170069 (R_Heel)
[2026-07-21 00:13:22.375] [info] Frame 232 (t = 2.32):	 total squared error = 0.00169598, marker error: RMS = 0.00792552, max = 0.0169289 (R_Heel)
[2026-07-21 00:13:22.437] [info] Frame 233 (t = 2.33):	 total squared error = 0.00168447, marker error: RMS = 0.00789859, max = 0.0176281 (R_Heel)
[2026-07-21 00:13:22.496] [info] Frame 234 (t = 2.34):	 total squared error = 0.00167466, marker error: RMS = 0.00787555, max = 0.0178813 (R_Heel)
[2026-07-21 00:13:22.553] [info] Frame 235 (t = 2.35):	 total squared error = 0.00166407, marker error: RMS = 0.00785062, max = 0.0180300 (R_Heel)
[2026-07-21 00:13:22.619] [info] Frame 236 (t = 2.36):	 total squared error = 0.00165977, marker error: RMS = 0.00784047, max = 0.0180995 (R_Heel)
[2026-07-21 00:13:22.679] [info] Frame 237 (t = 2.37):	 total squared error = 0.00166623, marker error: RMS = 0.00785572, max = 0.0181243 (R_Heel)
[2026-07-21 00:13:22.730] [info] Frame 238 (t = 2.38):	 total squared error = 0.00168790, marker error: RMS = 0.00790663, max = 0.0181034 (R_Heel)
[2026-07-21 00:13:22.778] [info] Frame 239 (t = 2.39):	 total squared error = 0.00172716, marker error: RMS = 0.00799805, max = 0.0181527 (R_Heel)
[2026-07-21 00:13:22.835] [info] Frame 240 (t = 2.4):	 total squared error = 0.00178615, marker error: RMS = 0.00813349, max = 0.0181588 (R_Heel)
[2026-07-21 00:13:22.887] [info] Frame 241 (t = 2.41):	 total squared error = 0.00186792, marker error: RMS = 0.00831759, max = 0.0183536 (R_Heel)
[2026-07-21 00:13:22.983] [info] Frame 242 (t = 2.42):	 total squared error = 0.00195927, marker error: RMS = 0.00851853, max = 0.0183097 (R_Heel)
[2026-07-21 00:13:23.030] [info] Frame 243 (t = 2.43):	 total squared error = 0.00207163, marker error: RMS = 0.00875939, max = 0.0186089 (R_Heel)
[2026-07-21 00:13:23.105] [info] Frame 244 (t = 2.44):	 total squared error = 0.00218163, marker error: RMS = 0.00898893, max = 0.0185593 (R_Heel)
[2026-07-21 00:13:23.179] [info] Frame 245 (t = 2.45):	 total squared error = 0.00229696, marker error: RMS = 0.00922348, max = 0.0186532 (R_Heel)
[2026-07-21 00:13:23.238] [info] Frame 246 (t = 2.46):	 total squared error = 0.00241285, marker error: RMS = 0.00945330, max = 0.0187684 (R_Heel)
[2026-07-21 00:13:23.302] [info] Frame 247 (t = 2.47):	 total squared error = 0.00252547, marker error: RMS = 0.00967140, max = 0.0191385 (L_Shank_Lateral)
[2026-07-21 00:13:23.356] [info] Frame 248 (t = 2.48):	 total squared error = 0.00263482, marker error: RMS = 0.00987856, max = 0.0205235 (L_Shank_Lateral)
[2026-07-21 00:13:23.434] [info] Frame 249 (t = 2.49):	 total squared error = 0.00273482, marker error: RMS = 0.0100643, max = 0.0225143 (L_Shank_Lateral)
[2026-07-21 00:13:23.518] [info] Frame 250 (t = 2.5):	 total squared error = 0.00281647, marker error: RMS = 0.0102134, max = 0.0240019 (L_Shank_Lateral)
[2026-07-21 00:13:23.561] [info] Frame 251 (t = 2.51):	 total squared error = 0.00286802, marker error: RMS = 0.0103065, max = 0.0246965 (L_Shank_Lateral)
[2026-07-21 00:13:23.612] [info] Frame 252 (t = 2.52):	 total squared error = 0.00287654, marker error: RMS = 0.0103217, max = 0.0251809 (L_Shank_Lateral)
[2026-07-21 00:13:23.654] [info] Frame 253 (t = 2.53):	 total squared error = 0.00283903, marker error: RMS = 0.0102542, max = 0.024994 (L_Shank_Lateral)
[2026-07-21 00:13:23.710] [info] Frame 254 (t = 2.54):	 total squared error = 0.00275606, marker error: RMS = 0.0101033, max = 0.0245297 (L_Shank_Lateral)
[2026-07-21 00:13:23.752] [info] Frame 255 (t = 2.55):	 total squared error = 0.00265304, marker error: RMS = 0.00991265, max = 0.0231383 (L_Shank_Lateral)
[2026-07-21 00:13:23.832] [info] Frame 256 (t = 2.56):	 total squared error = 0.00252820, marker error: RMS = 0.00967663, max = 0.0219014 (L_Shank_Lateral)
[2026-07-21 00:13:23.886] [info] Frame 257 (t = 2.57):	 total squared error = 0.00241257, marker error: RMS = 0.00945274, max = 0.0203172 (L_Shank_Lateral)
[2026-07-21 00:13:23.942] [info] Frame 258 (t = 2.58):	 total squared error = 0.00230628, marker error: RMS = 0.00924218, max = 0.0198010 (R_Heel)
[2026-07-21 00:13:24.008] [info] Frame 259 (t = 2.59):	 total squared error = 0.00221405, marker error: RMS = 0.00905549, max = 0.0195827 (R_Heel)
[2026-07-21 00:13:24.057] [info] Frame 260 (t = 2.6):	 total squared error = 0.00214554, marker error: RMS = 0.00891429, max = 0.0199975 (R_Heel)
[2026-07-21 00:13:24.146] [info] Frame 261 (t = 2.61):	 total squared error = 0.00207897, marker error: RMS = 0.00877490, max = 0.01934 (R_Heel)
[2026-07-21 00:13:24.235] [info] Frame 262 (t = 2.62):	 total squared error = 0.00203387, marker error: RMS = 0.00867921, max = 0.0192445 (R_Heel)
[2026-07-21 00:13:24.327] [info] Frame 263 (t = 2.63):	 total squared error = 0.00199970, marker error: RMS = 0.00860597, max = 0.0192008 (R_Heel)
[2026-07-21 00:13:24.412] [info] Frame 264 (t = 2.64):	 total squared error = 0.00197257, marker error: RMS = 0.00854741, max = 0.0192013 (R_Heel)
[2026-07-21 00:13:24.483] [info] Frame 265 (t = 2.65):	 total squared error = 0.00194768, marker error: RMS = 0.00849331, max = 0.0192038 (R_Heel)
[2026-07-21 00:13:24.530] [info] Frame 266 (t = 2.66):	 total squared error = 0.00193426, marker error: RMS = 0.00846400, max = 0.0196851 (R_Heel)
[2026-07-21 00:13:24.581] [info] Frame 267 (t = 2.67):	 total squared error = 0.00189813, marker error: RMS = 0.00838459, max = 0.0196458 (R_Heel)
[2026-07-21 00:13:24.681] [info] Frame 268 (t = 2.68):	 total squared error = 0.00185999, marker error: RMS = 0.00829991, max = 0.0194915 (R_Heel)
[2026-07-21 00:13:24.761] [info] Frame 269 (t = 2.69):	 total squared error = 0.00183202, marker error: RMS = 0.00823727, max = 0.019592 (R_Heel)
[2026-07-21 00:13:24.850] [info] Frame 270 (t = 2.7):	 total squared error = 0.00181515, marker error: RMS = 0.00819924, max = 0.0197894 (R_Heel)
[2026-07-21 00:13:24.905] [info] Frame 271 (t = 2.71):	 total squared error = 0.00181666, marker error: RMS = 0.00820267, max = 0.0200652 (R_Heel)
[2026-07-21 00:13:24.982] [info] Frame 272 (t = 2.72):	 total squared error = 0.00183687, marker error: RMS = 0.00824817, max = 0.0202526 (R_Heel)
[2026-07-21 00:13:25.018] [info] Frame 273 (t = 2.73):	 total squared error = 0.00188855, marker error: RMS = 0.00836339, max = 0.0207583 (R_Heel)
[2026-07-21 00:13:25.070] [info] Frame 274 (t = 2.74):	 total squared error = 0.00193292, marker error: RMS = 0.00846107, max = 0.0206594 (R_Heel)
[2026-07-21 00:13:25.116] [info] Frame 275 (t = 2.75):	 total squared error = 0.00199398, marker error: RMS = 0.00859366, max = 0.0207517 (R_Heel)
[2026-07-21 00:13:25.143] [info] Frame 276 (t = 2.76):	 total squared error = 0.00206070, marker error: RMS = 0.00873626, max = 0.0210565 (R_Heel)
[2026-07-21 00:13:25.234] [info] Frame 277 (t = 2.77):	 total squared error = 0.00208364, marker error: RMS = 0.00878474, max = 0.0209737 (R_Heel)
[2026-07-21 00:13:25.274] [info] Frame 278 (t = 2.78):	 total squared error = 0.00211303, marker error: RMS = 0.00884648, max = 0.0209514 (R_Heel)
[2026-07-21 00:13:25.313] [info] Frame 279 (t = 2.79):	 total squared error = 0.00213099, marker error: RMS = 0.00888400, max = 0.0209446 (R_Heel)
[2026-07-21 00:13:25.348] [info] Frame 280 (t = 2.8):	 total squared error = 0.00213601, marker error: RMS = 0.00889447, max = 0.0208626 (R_Heel)
[2026-07-21 00:13:25.393] [info] Frame 281 (t = 2.81):	 total squared error = 0.00213051, marker error: RMS = 0.00888301, max = 0.0208378 (R_Heel)
[2026-07-21 00:13:25.419] [info] Frame 282 (t = 2.82):	 total squared error = 0.00213689, marker error: RMS = 0.00889629, max = 0.0209575 (R_Heel)
[2026-07-21 00:13:25.470] [info] Frame 283 (t = 2.83):	 total squared error = 0.00213421, marker error: RMS = 0.00889072, max = 0.0208541 (R_Heel)
[2026-07-21 00:13:25.502] [info] Frame 284 (t = 2.84):	 total squared error = 0.00214955, marker error: RMS = 0.00892261, max = 0.0208006 (R_Heel)
[2026-07-21 00:13:25.544] [info] Frame 285 (t = 2.85):	 total squared error = 0.00217733, marker error: RMS = 0.00898007, max = 0.0208047 (R_Heel)
[2026-07-21 00:13:25.571] [info] Frame 286 (t = 2.86):	 total squared error = 0.00221065, marker error: RMS = 0.00904854, max = 0.0207392 (R_Heel)
[2026-07-21 00:13:25.616] [info] Frame 287 (t = 2.87):	 total squared error = 0.00224701, marker error: RMS = 0.00912264, max = 0.0205848 (R_Heel)
[2026-07-21 00:13:25.664] [info] Frame 288 (t = 2.88):	 total squared error = 0.00226963, marker error: RMS = 0.00916845, max = 0.0204535 (R_Heel)
[2026-07-21 00:13:25.710] [info] Frame 289 (t = 2.89):	 total squared error = 0.00227711, marker error: RMS = 0.00918354, max = 0.0202362 (R_Heel)
[2026-07-21 00:13:25.746] [info] Frame 290 (t = 2.9):	 total squared error = 0.00225762, marker error: RMS = 0.00914415, max = 0.019995 (R_Heel)
[2026-07-21 00:13:25.795] [info] Frame 291 (t = 2.91):	 total squared error = 0.00220996, marker error: RMS = 0.00904711, max = 0.0196353 (R_Heel)
[2026-07-21 00:13:25.842] [info] Frame 292 (t = 2.92):	 total squared error = 0.00213442, marker error: RMS = 0.00889115, max = 0.0192372 (R_Heel)
[2026-07-21 00:13:25.888] [info] Frame 293 (t = 2.93):	 total squared error = 0.00204336, marker error: RMS = 0.00869942, max = 0.0187411 (R_Heel)
[2026-07-21 00:13:25.985] [info] Frame 294 (t = 2.94):	 total squared error = 0.00192646, marker error: RMS = 0.00844692, max = 0.0181081 (R_Heel)
[2026-07-21 00:13:26.035] [info] Frame 295 (t = 2.95):	 total squared error = 0.00182812, marker error: RMS = 0.00822850, max = 0.0179095 (R_Ankle_Lateral)
[2026-07-21 00:13:26.047] [info] InverseKinematicsTool completed 256 frames in 16 second(s).
[2026-07-21 00:13:26.145] [info] Loaded model TCV09-scaled from file C:\Users\migue\Downloads\TFG\2_JMP\TVC09\Walk_2\TVC09_2_JMP_results\TVC09_2_NMSM_JMP_02_knee_ankle.osim
[2026-07-21 00:13:27.701] [warning] Coordinate.setValue:  coordinate pro_sup_r is locked. Unable to change its value.
[2026-07-21 00:13:27.792] [warning] Coordinate.setValue:  coordinate pro_sup_l is locked. Unable to change its value.
[2026-07-21 00:15:15.355] [info] Loaded model TCV09-scaled from file C:\Users\migue\Downloads\TFG\2_JMP\TVC09\Walk_2\TVC09_2_JMP_results\TVC09_2_NMSM_JMP_02_knee_ankle.osim
[2026-07-21 00:15:15.393] [cout] [info] 
               MODEL: TCV09-scaled
         coordinates: 41
              forces: 103
           actuators: 103
             muscles: 86
            analyses: 0
              probes: 0
              bodies: 24
              joints: 24
         constraints: 2
             markers: 27
         controllers: 0
  contact geometries: 0
misc modelcomponents: 0
[2026-07-21 00:15:15.393] [info] Running tool .
[2026-07-21 00:15:15.664] [info] Frame 40 (t = 0.4):	 total squared error = 0.00213279, marker error: RMS = 0.00888775, max = 0.0215362 (R_Heel)
[2026-07-21 00:15:15.693] [info] Frame 41 (t = 0.41):	 total squared error = 0.00215707, marker error: RMS = 0.00893820, max = 0.021426 (R_Heel)
[2026-07-21 00:15:15.729] [info] Frame 42 (t = 0.42):	 total squared error = 0.00214713, marker error: RMS = 0.00891759, max = 0.0212175 (R_Heel)
[2026-07-21 00:15:15.769] [info] Frame 43 (t = 0.43):	 total squared error = 0.00211281, marker error: RMS = 0.00884602, max = 0.0211412 (R_Heel)
[2026-07-21 00:15:15.818] [info] Frame 44 (t = 0.44):	 total squared error = 0.00205965, marker error: RMS = 0.00873403, max = 0.021197 (R_Heel)
[2026-07-21 00:15:15.864] [info] Frame 45 (t = 0.45):	 total squared error = 0.00199476, marker error: RMS = 0.00859535, max = 0.0211443 (R_Heel)
[2026-07-21 00:15:15.890] [info] Frame 46 (t = 0.46):	 total squared error = 0.00192264, marker error: RMS = 0.00843853, max = 0.0208131 (R_Heel)
[2026-07-21 00:15:15.983] [info] Frame 47 (t = 0.47):	 total squared error = 0.00183687, marker error: RMS = 0.00824816, max = 0.0207857 (R_Heel)
[2026-07-21 00:15:16.032] [info] Frame 48 (t = 0.48):	 total squared error = 0.00176811, marker error: RMS = 0.00809230, max = 0.0205087 (R_Heel)
[2026-07-21 00:15:16.078] [info] Frame 49 (t = 0.49):	 total squared error = 0.00171750, marker error: RMS = 0.00797565, max = 0.0203142 (R_Heel)
[2026-07-21 00:15:16.119] [info] Frame 50 (t = 0.5):	 total squared error = 0.00167954, marker error: RMS = 0.00788703, max = 0.0199892 (R_Heel)
[2026-07-21 00:15:16.176] [info] Frame 51 (t = 0.51):	 total squared error = 0.00164903, marker error: RMS = 0.00781507, max = 0.0197614 (R_Heel)
[2026-07-21 00:15:16.236] [info] Frame 52 (t = 0.52):	 total squared error = 0.00162206, marker error: RMS = 0.00775088, max = 0.0194315 (R_Heel)
[2026-07-21 00:15:16.299] [info] Frame 53 (t = 0.53):	 total squared error = 0.00159357, marker error: RMS = 0.00768251, max = 0.0190813 (R_Heel)
[2026-07-21 00:15:16.361] [info] Frame 54 (t = 0.54):	 total squared error = 0.00156332, marker error: RMS = 0.00760926, max = 0.018686 (R_Heel)
[2026-07-21 00:15:16.416] [info] Frame 55 (t = 0.55):	 total squared error = 0.00153550, marker error: RMS = 0.00754124, max = 0.0182918 (R_Heel)
[2026-07-21 00:15:16.486] [info] Frame 56 (t = 0.56):	 total squared error = 0.00150623, marker error: RMS = 0.00746903, max = 0.0177587 (R_Heel)
[2026-07-21 00:15:16.530] [info] Frame 57 (t = 0.57):	 total squared error = 0.00148969, marker error: RMS = 0.00742791, max = 0.0176611 (R_Ankle_Lateral)
[2026-07-21 00:15:16.573] [info] Frame 58 (t = 0.58):	 total squared error = 0.00148418, marker error: RMS = 0.00741416, max = 0.0178702 (R_Ankle_Lateral)
[2026-07-21 00:15:16.633] [info] Frame 59 (t = 0.59):	 total squared error = 0.00148851, marker error: RMS = 0.00742497, max = 0.0179311 (R_Ankle_Lateral)
[2026-07-21 00:15:16.692] [info] Frame 60 (t = 0.6):	 total squared error = 0.00149665, marker error: RMS = 0.00744523, max = 0.0180347 (R_Ankle_Lateral)
[2026-07-21 00:15:16.773] [info] Frame 61 (t = 0.61):	 total squared error = 0.00151310, marker error: RMS = 0.00748603, max = 0.0181445 (R_Ankle_Lateral)
[2026-07-21 00:15:16.832] [info] Frame 62 (t = 0.62):	 total squared error = 0.00153663, marker error: RMS = 0.00754401, max = 0.0182819 (R_Ankle_Lateral)
[2026-07-21 00:15:16.890] [info] Frame 63 (t = 0.63):	 total squared error = 0.00156813, marker error: RMS = 0.00762096, max = 0.0184728 (R_Ankle_Lateral)
[2026-07-21 00:15:16.936] [info] Frame 64 (t = 0.64):	 total squared error = 0.00161344, marker error: RMS = 0.00773028, max = 0.0187235 (R_Ankle_Lateral)
[2026-07-21 00:15:17.030] [info] Frame 65 (t = 0.65):	 total squared error = 0.00166828, marker error: RMS = 0.00786054, max = 0.0185976 (R_Ankle_Lateral)
[2026-07-21 00:15:17.083] [info] Frame 66 (t = 0.66):	 total squared error = 0.00173080, marker error: RMS = 0.00800647, max = 0.0189667 (R_Ankle_Lateral)
[2026-07-21 00:15:17.134] [info] Frame 67 (t = 0.67):	 total squared error = 0.00179979, marker error: RMS = 0.00816449, max = 0.0191658 (R_Ankle_Lateral)
[2026-07-21 00:15:17.194] [info] Frame 68 (t = 0.68):	 total squared error = 0.00187116, marker error: RMS = 0.00832480, max = 0.0190494 (R_Ankle_Lateral)
[2026-07-21 00:15:17.230] [info] Frame 69 (t = 0.69):	 total squared error = 0.00195798, marker error: RMS = 0.00851573, max = 0.0193928 (R_Ankle_Lateral)
[2026-07-21 00:15:17.292] [info] Frame 70 (t = 0.7):	 total squared error = 0.00202913, marker error: RMS = 0.00866908, max = 0.0190847 (R_Ankle_Lateral)
[2026-07-21 00:15:17.343] [info] Frame 71 (t = 0.71):	 total squared error = 0.00211940, marker error: RMS = 0.00885980, max = 0.0192327 (R_Ankle_Lateral)
[2026-07-21 00:15:17.401] [info] Frame 72 (t = 0.72):	 total squared error = 0.00221793, marker error: RMS = 0.00906341, max = 0.0195816 (R_Shank_Lateral)
[2026-07-21 00:15:17.449] [info] Frame 73 (t = 0.73):	 total squared error = 0.00232558, marker error: RMS = 0.00928077, max = 0.0207380 (R_Shank_Lateral)
[2026-07-21 00:15:17.497] [info] Frame 74 (t = 0.74):	 total squared error = 0.00244018, marker error: RMS = 0.00950669, max = 0.0220406 (R_Shank_Lateral)
[2026-07-21 00:15:17.547] [info] Frame 75 (t = 0.75):	 total squared error = 0.00255937, marker error: RMS = 0.00973609, max = 0.0233849 (R_Shank_Lateral)
[2026-07-21 00:15:17.596] [info] Frame 76 (t = 0.76):	 total squared error = 0.00267915, marker error: RMS = 0.00996132, max = 0.0246733 (R_Shank_Lateral)
[2026-07-21 00:15:17.679] [info] Frame 77 (t = 0.77):	 total squared error = 0.00279340, marker error: RMS = 0.0101715, max = 0.0258934 (R_Shank_Lateral)
[2026-07-21 00:15:17.717] [info] Frame 78 (t = 0.78):	 total squared error = 0.00290097, marker error: RMS = 0.0103655, max = 0.0268678 (R_Shank_Lateral)
[2026-07-21 00:15:17.761] [info] Frame 79 (t = 0.79):	 total squared error = 0.00298250, marker error: RMS = 0.0105101, max = 0.0277055 (R_Shank_Lateral)
[2026-07-21 00:15:17.814] [info] Frame 80 (t = 0.8):	 total squared error = 0.00304221, marker error: RMS = 0.0106148, max = 0.0281869 (R_Shank_Lateral)
[2026-07-21 00:15:17.855] [info] Frame 81 (t = 0.81):	 total squared error = 0.00307922, marker error: RMS = 0.0106792, max = 0.0282957 (R_Shank_Lateral)
[2026-07-21 00:15:17.880] [info] Frame 82 (t = 0.82):	 total squared error = 0.00310414, marker error: RMS = 0.0107223, max = 0.0284577 (R_Shank_Lateral)
[2026-07-21 00:15:17.924] [info] Frame 83 (t = 0.83):	 total squared error = 0.00308090, marker error: RMS = 0.0106821, max = 0.0279598 (R_Shank_Lateral)
[2026-07-21 00:15:17.977] [info] Frame 84 (t = 0.84):	 total squared error = 0.00305198, marker error: RMS = 0.0106318, max = 0.0274622 (R_Shank_Lateral)
[2026-07-21 00:15:18.034] [info] Frame 85 (t = 0.85):	 total squared error = 0.00301654, marker error: RMS = 0.0105699, max = 0.0267351 (R_Shank_Lateral)
[2026-07-21 00:15:18.087] [info] Frame 86 (t = 0.86):	 total squared error = 0.00298021, marker error: RMS = 0.0105061, max = 0.0260576 (R_Shank_Lateral)
[2026-07-21 00:15:18.154] [info] Frame 87 (t = 0.87):	 total squared error = 0.00294278, marker error: RMS = 0.0104399, max = 0.0252787 (R_Shank_Lateral)
[2026-07-21 00:15:18.228] [info] Frame 88 (t = 0.88):	 total squared error = 0.00290799, marker error: RMS = 0.0103780, max = 0.0244627 (R_Shank_Lateral)
[2026-07-21 00:15:18.262] [info] Frame 89 (t = 0.89):	 total squared error = 0.00288127, marker error: RMS = 0.0103302, max = 0.0239389 (R_Shank_Lateral)
[2026-07-21 00:15:18.304] [info] Frame 90 (t = 0.9):	 total squared error = 0.00285138, marker error: RMS = 0.0102765, max = 0.0232821 (R_Shank_Lateral)
[2026-07-21 00:15:18.387] [info] Frame 91 (t = 0.91):	 total squared error = 0.00280073, marker error: RMS = 0.0101848, max = 0.0221492 (R_Shank_Lateral)
[2026-07-21 00:15:18.441] [info] Frame 92 (t = 0.92):	 total squared error = 0.00275423, marker error: RMS = 0.0100999, max = 0.0214113 (R_Shank_Lateral)
[2026-07-21 00:15:18.560] [info] Frame 93 (t = 0.93):	 total squared error = 0.00268720, marker error: RMS = 0.00997627, max = 0.0202749 (R_Shank_Lateral)
[2026-07-21 00:15:18.644] [info] Frame 94 (t = 0.94):	 total squared error = 0.00261193, marker error: RMS = 0.00983556, max = 0.0199647 (R_Heel)
[2026-07-21 00:15:18.717] [info] Frame 95 (t = 0.95):	 total squared error = 0.00253078, marker error: RMS = 0.00968155, max = 0.019952 (R_Heel)
[2026-07-21 00:15:18.848] [info] Frame 96 (t = 0.96):	 total squared error = 0.00242840, marker error: RMS = 0.00948371, max = 0.0188106 (R_Heel)
[2026-07-21 00:15:18.934] [info] Frame 97 (t = 0.97):	 total squared error = 0.00233401, marker error: RMS = 0.00929758, max = 0.0184488 (R_Heel)
[2026-07-21 00:15:18.989] [info] Frame 98 (t = 0.98):	 total squared error = 0.00225571, marker error: RMS = 0.00914028, max = 0.0185817 (R_Heel)
[2026-07-21 00:15:19.088] [info] Frame 99 (t = 0.99):	 total squared error = 0.00217052, marker error: RMS = 0.00896603, max = 0.0179034 (R_Ankle_Lateral)
[2026-07-21 00:15:19.159] [info] Frame 100 (t = 1.0):	 total squared error = 0.00211885, marker error: RMS = 0.00885867, max = 0.0175973 (R_Ankle_Lateral)
[2026-07-21 00:15:19.248] [info] Frame 101 (t = 1.01):	 total squared error = 0.00208799, marker error: RMS = 0.00879391, max = 0.0173663 (R_Ankle_Lateral)
[2026-07-21 00:15:19.313] [info] Frame 102 (t = 1.02):	 total squared error = 0.00208853, marker error: RMS = 0.00879506, max = 0.0170028 (R_Ankle_Lateral)
[2026-07-21 00:15:19.355] [info] Frame 103 (t = 1.03):	 total squared error = 0.00212126, marker error: RMS = 0.00886370, max = 0.0168704 (R_Heel)
[2026-07-21 00:15:19.425] [info] Frame 104 (t = 1.04):	 total squared error = 0.00216006, marker error: RMS = 0.00894439, max = 0.0165193 (R_Ankle_Lateral)
[2026-07-21 00:15:19.478] [info] Frame 105 (t = 1.05):	 total squared error = 0.00223620, marker error: RMS = 0.00910068, max = 0.0170735 (R_Heel)
[2026-07-21 00:15:19.533] [info] Frame 106 (t = 1.06):	 total squared error = 0.00231632, marker error: RMS = 0.00926227, max = 0.0169703 (R_Heel)
[2026-07-21 00:15:19.584] [info] Frame 107 (t = 1.07):	 total squared error = 0.00241187, marker error: RMS = 0.00945139, max = 0.0176123 (R_Heel)
[2026-07-21 00:15:19.664] [info] Frame 108 (t = 1.08):	 total squared error = 0.00250674, marker error: RMS = 0.00963547, max = 0.0192448 (R_Thigh_Lateral)
[2026-07-21 00:15:19.713] [info] Frame 109 (t = 1.09):	 total squared error = 0.00258262, marker error: RMS = 0.00978022, max = 0.0204741 (R_Thigh_Lateral)
[2026-07-21 00:15:19.743] [info] Frame 110 (t = 1.1):	 total squared error = 0.00264548, marker error: RMS = 0.00989852, max = 0.0213259 (R_Thigh_Lateral)
[2026-07-21 00:15:19.797] [info] Frame 111 (t = 1.11):	 total squared error = 0.00263009, marker error: RMS = 0.00986969, max = 0.0213361 (R_Thigh_Lateral)
[2026-07-21 00:15:19.856] [info] Frame 112 (t = 1.12):	 total squared error = 0.00258026, marker error: RMS = 0.00977575, max = 0.0204560 (R_Thigh_Lateral)
[2026-07-21 00:15:19.900] [info] Frame 113 (t = 1.13):	 total squared error = 0.00247848, marker error: RMS = 0.00958099, max = 0.0189428 (R_Heel)
[2026-07-21 00:15:19.949] [info] Frame 114 (t = 1.14):	 total squared error = 0.00234110, marker error: RMS = 0.00931168, max = 0.0187345 (R_Heel)
[2026-07-21 00:15:20.011] [info] Frame 115 (t = 1.15):	 total squared error = 0.00219508, marker error: RMS = 0.00901661, max = 0.0185304 (R_Heel)
[2026-07-21 00:15:20.061] [info] Frame 116 (t = 1.16):	 total squared error = 0.00206524, marker error: RMS = 0.00874588, max = 0.0180607 (R_Heel)
[2026-07-21 00:15:20.113] [info] Frame 117 (t = 1.17):	 total squared error = 0.00197915, marker error: RMS = 0.00856165, max = 0.0178171 (R_Heel)
[2026-07-21 00:15:20.185] [info] Frame 118 (t = 1.18):	 total squared error = 0.00195450, marker error: RMS = 0.00850816, max = 0.0180877 (R_Heel)
[2026-07-21 00:15:20.269] [info] Frame 119 (t = 1.19):	 total squared error = 0.00197454, marker error: RMS = 0.00855168, max = 0.0181367 (R_Heel)
[2026-07-21 00:15:20.342] [info] Frame 120 (t = 1.2):	 total squared error = 0.00202852, marker error: RMS = 0.00866777, max = 0.0183048 (R_Heel)
[2026-07-21 00:15:20.444] [info] Frame 121 (t = 1.21):	 total squared error = 0.00211816, marker error: RMS = 0.00885722, max = 0.0187822 (R_Heel)
[2026-07-21 00:15:20.520] [info] Frame 122 (t = 1.22):	 total squared error = 0.00221652, marker error: RMS = 0.00906053, max = 0.0186676 (R_Heel)
[2026-07-21 00:15:20.592] [info] Frame 123 (t = 1.23):	 total squared error = 0.00232012, marker error: RMS = 0.00926986, max = 0.0187061 (R_Heel)
[2026-07-21 00:15:20.642] [info] Frame 124 (t = 1.24):	 total squared error = 0.00241683, marker error: RMS = 0.00946108, max = 0.0190123 (R_Heel)
[2026-07-21 00:15:20.719] [info] Frame 125 (t = 1.25):	 total squared error = 0.00247726, marker error: RMS = 0.00957864, max = 0.0186585 (R_Heel)
[2026-07-21 00:15:20.802] [info] Frame 126 (t = 1.26):	 total squared error = 0.00251189, marker error: RMS = 0.00964536, max = 0.0184076 (R_Heel)
[2026-07-21 00:15:20.861] [info] Frame 127 (t = 1.27):	 total squared error = 0.00252611, marker error: RMS = 0.00967262, max = 0.0187598 (R_Heel)
[2026-07-21 00:15:20.919] [info] Frame 128 (t = 1.28):	 total squared error = 0.00251832, marker error: RMS = 0.00965769, max = 0.0187676 (R_Heel)
[2026-07-21 00:15:20.969] [info] Frame 129 (t = 1.29):	 total squared error = 0.00250490, marker error: RMS = 0.00963192, max = 0.0188998 (R_Heel)
[2026-07-21 00:15:21.072] [info] Frame 130 (t = 1.3):	 total squared error = 0.00247552, marker error: RMS = 0.00957529, max = 0.0190845 (L_Shank_Lateral)
[2026-07-21 00:15:21.119] [info] Frame 131 (t = 1.31):	 total squared error = 0.00247010, marker error: RMS = 0.00956478, max = 0.0187751 (R_Heel)
[2026-07-21 00:15:21.163] [info] Frame 132 (t = 1.32):	 total squared error = 0.00247025, marker error: RMS = 0.00956508, max = 0.018963 (R_Heel)
[2026-07-21 00:15:21.223] [info] Frame 133 (t = 1.33):	 total squared error = 0.00246171, marker error: RMS = 0.00954852, max = 0.0189024 (R_Heel)
[2026-07-21 00:15:21.274] [info] Frame 134 (t = 1.34):	 total squared error = 0.00246506, marker error: RMS = 0.00955502, max = 0.0191396 (R_Heel)
[2026-07-21 00:15:21.352] [info] Frame 135 (t = 1.35):	 total squared error = 0.00245959, marker error: RMS = 0.00954442, max = 0.0189641 (R_Heel)
[2026-07-21 00:15:21.395] [info] Frame 136 (t = 1.36):	 total squared error = 0.00246736, marker error: RMS = 0.00955948, max = 0.0194022 (R_Heel)
[2026-07-21 00:15:21.439] [info] Frame 137 (t = 1.37):	 total squared error = 0.00247437, marker error: RMS = 0.00957305, max = 0.0196227 (R_Heel)
[2026-07-21 00:15:21.496] [info] Frame 138 (t = 1.38):	 total squared error = 0.00247750, marker error: RMS = 0.00957910, max = 0.0194444 (R_Heel)
[2026-07-21 00:15:21.565] [info] Frame 139 (t = 1.39):	 total squared error = 0.00248214, marker error: RMS = 0.00958807, max = 0.0193723 (R_Heel)
[2026-07-21 00:15:21.630] [info] Frame 140 (t = 1.4):	 total squared error = 0.00248979, marker error: RMS = 0.00960283, max = 0.019338 (R_Heel)
[2026-07-21 00:15:21.703] [info] Frame 141 (t = 1.41):	 total squared error = 0.00250094, marker error: RMS = 0.00962431, max = 0.0194959 (R_Heel)
[2026-07-21 00:15:21.785] [info] Frame 142 (t = 1.42):	 total squared error = 0.00250147, marker error: RMS = 0.00962533, max = 0.0197021 (L_Shank_Lateral)
[2026-07-21 00:15:21.849] [info] Frame 143 (t = 1.43):	 total squared error = 0.00251420, marker error: RMS = 0.00964979, max = 0.0204164 (L_Shank_Lateral)
[2026-07-21 00:15:21.944] [info] Frame 144 (t = 1.44):	 total squared error = 0.00250528, marker error: RMS = 0.00963266, max = 0.0204314 (L_Shank_Lateral)
[2026-07-21 00:15:22.041] [info] Frame 145 (t = 1.45):	 total squared error = 0.00249575, marker error: RMS = 0.00961432, max = 0.0204497 (L_Shank_Lateral)
[2026-07-21 00:15:22.084] [info] Frame 146 (t = 1.46):	 total squared error = 0.00249617, marker error: RMS = 0.00961513, max = 0.0208789 (L_Shank_Lateral)
[2026-07-21 00:15:22.165] [info] Frame 147 (t = 1.47):	 total squared error = 0.00242075, marker error: RMS = 0.00946876, max = 0.0194954 (L_Shank_Lateral)
[2026-07-21 00:15:22.231] [info] Frame 148 (t = 1.48):	 total squared error = 0.00234807, marker error: RMS = 0.00932554, max = 0.0193768 (R_Heel)
[2026-07-21 00:15:22.318] [info] Frame 149 (t = 1.49):	 total squared error = 0.00224904, marker error: RMS = 0.00912676, max = 0.0194848 (R_Heel)
[2026-07-21 00:15:22.426] [info] Frame 150 (t = 1.5):	 total squared error = 0.00213661, marker error: RMS = 0.00889570, max = 0.0197216 (R_Heel)
[2026-07-21 00:15:22.514] [info] Frame 151 (t = 1.51):	 total squared error = 0.00202159, marker error: RMS = 0.00865297, max = 0.0199122 (R_Heel)
[2026-07-21 00:15:22.600] [info] Frame 152 (t = 1.52):	 total squared error = 0.00192600, marker error: RMS = 0.00844591, max = 0.0201222 (R_Heel)
[2026-07-21 00:15:22.653] [info] Frame 153 (t = 1.53):	 total squared error = 0.00187798, marker error: RMS = 0.00833995, max = 0.0205317 (R_Heel)
[2026-07-21 00:15:22.706] [info] Frame 154 (t = 1.54):	 total squared error = 0.00185705, marker error: RMS = 0.00829336, max = 0.0206596 (R_Heel)
[2026-07-21 00:15:22.802] [info] Frame 155 (t = 1.55):	 total squared error = 0.00187138, marker error: RMS = 0.00832528, max = 0.0206912 (R_Heel)
[2026-07-21 00:15:22.847] [info] Frame 156 (t = 1.56):	 total squared error = 0.00193046, marker error: RMS = 0.00845568, max = 0.0208764 (R_Heel)
[2026-07-21 00:15:22.909] [info] Frame 157 (t = 1.57):	 total squared error = 0.00199780, marker error: RMS = 0.00860189, max = 0.0208441 (R_Heel)
[2026-07-21 00:15:22.961] [info] Frame 158 (t = 1.58):	 total squared error = 0.00207088, marker error: RMS = 0.00875781, max = 0.0209430 (R_Heel)
[2026-07-21 00:15:23.034] [info] Frame 159 (t = 1.59):	 total squared error = 0.00212850, marker error: RMS = 0.00887881, max = 0.0210029 (R_Heel)
[2026-07-21 00:15:23.093] [info] Frame 160 (t = 1.6):	 total squared error = 0.00217120, marker error: RMS = 0.00896743, max = 0.0209398 (R_Heel)
[2026-07-21 00:15:23.183] [info] Frame 161 (t = 1.61):	 total squared error = 0.00219128, marker error: RMS = 0.00900879, max = 0.0209690 (R_Heel)
[2026-07-21 00:15:23.224] [info] Frame 162 (t = 1.62):	 total squared error = 0.00219765, marker error: RMS = 0.00902189, max = 0.0207983 (R_Heel)
[2026-07-21 00:15:23.288] [info] Frame 163 (t = 1.63):	 total squared error = 0.00219105, marker error: RMS = 0.00900834, max = 0.0208283 (R_Heel)
[2026-07-21 00:15:23.320] [info] Frame 164 (t = 1.64):	 total squared error = 0.00218757, marker error: RMS = 0.00900117, max = 0.0209293 (R_Heel)
[2026-07-21 00:15:23.375] [info] Frame 165 (t = 1.65):	 total squared error = 0.00216555, marker error: RMS = 0.00895575, max = 0.0206247 (R_Heel)
[2026-07-21 00:15:23.426] [info] Frame 166 (t = 1.66):	 total squared error = 0.00215626, marker error: RMS = 0.00893653, max = 0.0204153 (R_Heel)
[2026-07-21 00:15:23.477] [info] Frame 167 (t = 1.67):	 total squared error = 0.00214992, marker error: RMS = 0.00892338, max = 0.0204664 (R_Heel)
[2026-07-21 00:15:23.568] [info] Frame 168 (t = 1.68):	 total squared error = 0.00214546, marker error: RMS = 0.00891411, max = 0.0203690 (R_Heel)
[2026-07-21 00:15:23.600] [info] Frame 169 (t = 1.69):	 total squared error = 0.00215478, marker error: RMS = 0.00893345, max = 0.0200980 (R_Heel)
[2026-07-21 00:15:23.661] [info] Frame 170 (t = 1.7):	 total squared error = 0.00217290, marker error: RMS = 0.00897094, max = 0.0201519 (R_Heel)
[2026-07-21 00:15:23.732] [info] Frame 171 (t = 1.71):	 total squared error = 0.00218945, marker error: RMS = 0.00900504, max = 0.0199831 (R_Heel)
[2026-07-21 00:15:23.786] [info] Frame 172 (t = 1.72):	 total squared error = 0.00219666, marker error: RMS = 0.00901985, max = 0.0197913 (R_Heel)
[2026-07-21 00:15:23.820] [info] Frame 173 (t = 1.73):	 total squared error = 0.00219116, marker error: RMS = 0.00900857, max = 0.0195936 (R_Heel)
[2026-07-21 00:15:23.912] [info] Frame 174 (t = 1.74):	 total squared error = 0.00215838, marker error: RMS = 0.00894092, max = 0.0190750 (R_Heel)
[2026-07-21 00:15:23.939] [info] Frame 175 (t = 1.75):	 total squared error = 0.00210490, marker error: RMS = 0.00882945, max = 0.0190747 (R_Heel)
[2026-07-21 00:15:23.998] [info] Frame 176 (t = 1.76):	 total squared error = 0.00204186, marker error: RMS = 0.00869622, max = 0.0185808 (R_Heel)
[2026-07-21 00:15:24.034] [info] Frame 177 (t = 1.77):	 total squared error = 0.00196951, marker error: RMS = 0.00854078, max = 0.0185284 (R_Heel)
[2026-07-21 00:15:24.134] [info] Frame 178 (t = 1.78):	 total squared error = 0.00185173, marker error: RMS = 0.00828146, max = 0.0174007 (R_Heel)
[2026-07-21 00:15:24.187] [info] Frame 179 (t = 1.79):	 total squared error = 0.00178182, marker error: RMS = 0.00812362, max = 0.017361 (R_Ankle_Lateral)
[2026-07-21 00:15:24.273] [info] Frame 180 (t = 1.8):	 total squared error = 0.00170453, marker error: RMS = 0.00794548, max = 0.0173605 (R_Ankle_Lateral)
[2026-07-21 00:15:24.343] [info] Frame 181 (t = 1.81):	 total squared error = 0.00164808, marker error: RMS = 0.00781281, max = 0.0173851 (R_Ankle_Lateral)
[2026-07-21 00:15:24.418] [info] Frame 182 (t = 1.82):	 total squared error = 0.00159927, marker error: RMS = 0.00769625, max = 0.0173751 (R_Ankle_Lateral)
[2026-07-21 00:15:24.481] [info] Frame 183 (t = 1.83):	 total squared error = 0.00157678, marker error: RMS = 0.00764195, max = 0.0174649 (R_Ankle_Lateral)
[2026-07-21 00:15:24.559] [info] Frame 184 (t = 1.84):	 total squared error = 0.00157814, marker error: RMS = 0.00764523, max = 0.0175622 (R_Ankle_Lateral)
[2026-07-21 00:15:24.620] [info] Frame 185 (t = 1.85):	 total squared error = 0.00161122, marker error: RMS = 0.00772494, max = 0.0177302 (R_Ankle_Lateral)
[2026-07-21 00:15:24.688] [info] Frame 186 (t = 1.86):	 total squared error = 0.00166905, marker error: RMS = 0.00786236, max = 0.0179181 (R_Ankle_Lateral)
[2026-07-21 00:15:24.769] [info] Frame 187 (t = 1.87):	 total squared error = 0.00174055, marker error: RMS = 0.00802900, max = 0.0181996 (R_Ankle_Lateral)
[2026-07-21 00:15:24.817] [info] Frame 188 (t = 1.88):	 total squared error = 0.00181641, marker error: RMS = 0.00820211, max = 0.0187365 (R_Ankle_Lateral)
[2026-07-21 00:15:24.926] [info] Frame 189 (t = 1.89):	 total squared error = 0.00187338, marker error: RMS = 0.00832972, max = 0.0183979 (R_Heel)
[2026-07-21 00:15:25.013] [info] Frame 190 (t = 1.9):	 total squared error = 0.00192264, marker error: RMS = 0.00843854, max = 0.0187481 (R_Ankle_Lateral)
[2026-07-21 00:15:25.106] [info] Frame 191 (t = 1.91):	 total squared error = 0.00196741, marker error: RMS = 0.00853621, max = 0.0191219 (R_Heel)
[2026-07-21 00:15:25.146] [info] Frame 192 (t = 1.92):	 total squared error = 0.00201573, marker error: RMS = 0.00864041, max = 0.0192404 (R_Shank_Lateral)
[2026-07-21 00:15:25.199] [info] Frame 193 (t = 1.93):	 total squared error = 0.00207002, marker error: RMS = 0.00875599, max = 0.0199432 (R_Shank_Lateral)
[2026-07-21 00:15:25.245] [info] Frame 194 (t = 1.94):	 total squared error = 0.00213497, marker error: RMS = 0.00889230, max = 0.0207464 (R_Shank_Lateral)
[2026-07-21 00:15:25.301] [info] Frame 195 (t = 1.95):	 total squared error = 0.00220759, marker error: RMS = 0.00904227, max = 0.0216118 (R_Shank_Lateral)
[2026-07-21 00:15:25.388] [info] Frame 196 (t = 1.96):	 total squared error = 0.00228259, marker error: RMS = 0.00919458, max = 0.0225907 (R_Shank_Lateral)
[2026-07-21 00:15:25.438] [info] Frame 197 (t = 1.97):	 total squared error = 0.00235885, marker error: RMS = 0.00934691, max = 0.0234221 (R_Shank_Lateral)
[2026-07-21 00:15:25.471] [info] Frame 198 (t = 1.98):	 total squared error = 0.00243652, marker error: RMS = 0.00949956, max = 0.0241443 (R_Shank_Lateral)
[2026-07-21 00:15:25.521] [info] Frame 199 (t = 1.99):	 total squared error = 0.00249624, marker error: RMS = 0.00961527, max = 0.0247513 (R_Shank_Lateral)
[2026-07-21 00:15:25.562] [info] Frame 200 (t = 2.0):	 total squared error = 0.00255361, marker error: RMS = 0.00972513, max = 0.0253103 (R_Shank_Lateral)
[2026-07-21 00:15:25.620] [info] Frame 201 (t = 2.01):	 total squared error = 0.00260290, marker error: RMS = 0.00981854, max = 0.0257549 (R_Shank_Lateral)
[2026-07-21 00:15:25.661] [info] Frame 202 (t = 2.02):	 total squared error = 0.00264899, marker error: RMS = 0.00990508, max = 0.0260423 (R_Shank_Lateral)
[2026-07-21 00:15:25.741] [info] Frame 203 (t = 2.03):	 total squared error = 0.00268422, marker error: RMS = 0.00997074, max = 0.026279 (R_Shank_Lateral)
[2026-07-21 00:15:25.798] [info] Frame 204 (t = 2.04):	 total squared error = 0.00272014, marker error: RMS = 0.0100372, max = 0.0266274 (R_Shank_Lateral)
[2026-07-21 00:15:25.910] [info] Frame 205 (t = 2.05):	 total squared error = 0.00274746, marker error: RMS = 0.0100875, max = 0.0266922 (R_Shank_Lateral)
[2026-07-21 00:15:25.974] [info] Frame 206 (t = 2.06):	 total squared error = 0.00277177, marker error: RMS = 0.0101320, max = 0.0269411 (R_Shank_Lateral)
[2026-07-21 00:15:26.008] [info] Frame 207 (t = 2.07):	 total squared error = 0.00279777, marker error: RMS = 0.0101795, max = 0.0272321 (R_Shank_Lateral)
[2026-07-21 00:15:26.111] [info] Frame 208 (t = 2.08):	 total squared error = 0.00278754, marker error: RMS = 0.0101608, max = 0.0268531 (R_Shank_Lateral)
[2026-07-21 00:15:26.198] [info] Frame 209 (t = 2.09):	 total squared error = 0.00277596, marker error: RMS = 0.0101397, max = 0.0266627 (R_Shank_Lateral)
[2026-07-21 00:15:26.267] [info] Frame 210 (t = 2.1):	 total squared error = 0.00274645, marker error: RMS = 0.0100856, max = 0.0263799 (R_Shank_Lateral)
[2026-07-21 00:15:26.366] [info] Frame 211 (t = 2.11):	 total squared error = 0.00269120, marker error: RMS = 0.00998370, max = 0.0257724 (R_Shank_Lateral)
[2026-07-21 00:15:26.442] [info] Frame 212 (t = 2.12):	 total squared error = 0.00260901, marker error: RMS = 0.00983005, max = 0.0248133 (R_Shank_Lateral)
[2026-07-21 00:15:26.535] [info] Frame 213 (t = 2.13):	 total squared error = 0.00249011, marker error: RMS = 0.00960346, max = 0.0231242 (R_Shank_Lateral)
[2026-07-21 00:15:26.593] [info] Frame 214 (t = 2.14):	 total squared error = 0.00235125, marker error: RMS = 0.00933184, max = 0.021476 (R_Shank_Lateral)
[2026-07-21 00:15:26.667] [info] Frame 215 (t = 2.15):	 total squared error = 0.00218776, marker error: RMS = 0.00900157, max = 0.0207761 (R_Heel)
[2026-07-21 00:15:26.776] [info] Frame 216 (t = 2.16):	 total squared error = 0.00200258, marker error: RMS = 0.00861219, max = 0.0196868 (R_Heel)
[2026-07-21 00:15:26.826] [info] Frame 217 (t = 2.17):	 total squared error = 0.00186666, marker error: RMS = 0.00831477, max = 0.0202853 (R_Heel)
[2026-07-21 00:15:26.942] [info] Frame 218 (t = 2.18):	 total squared error = 0.00171748, marker error: RMS = 0.00797562, max = 0.0172917 (R_Heel)
[2026-07-21 00:15:27.023] [info] Frame 219 (t = 2.19):	 total squared error = 0.00165445, marker error: RMS = 0.00782789, max = 0.0165465 (R_Ankle_Lateral)
[2026-07-21 00:15:27.127] [info] Frame 220 (t = 2.2):	 total squared error = 0.00165259, marker error: RMS = 0.00782349, max = 0.0164282 (R_Ankle_Lateral)
[2026-07-21 00:15:27.225] [info] Frame 221 (t = 2.21):	 total squared error = 0.00172537, marker error: RMS = 0.00799390, max = 0.0161437 (R_Ankle_Lateral)
[2026-07-21 00:15:27.291] [info] Frame 222 (t = 2.22):	 total squared error = 0.00185531, marker error: RMS = 0.00828946, max = 0.0158382 (R_Ankle_Lateral)
[2026-07-21 00:15:27.343] [info] Frame 223 (t = 2.23):	 total squared error = 0.00200995, marker error: RMS = 0.00862802, max = 0.0160198 (R_Thigh_Lateral)
[2026-07-21 00:15:27.413] [info] Frame 224 (t = 2.24):	 total squared error = 0.00213976, marker error: RMS = 0.00890227, max = 0.0180879 (R_Thigh_Lateral)
[2026-07-21 00:15:27.441] [info] Frame 225 (t = 2.25):	 total squared error = 0.00222270, marker error: RMS = 0.00907316, max = 0.0192601 (R_Thigh_Lateral)
[2026-07-21 00:15:27.496] [info] Frame 226 (t = 2.26):	 total squared error = 0.00219215, marker error: RMS = 0.00901059, max = 0.0188831 (R_Thigh_Lateral)
[2026-07-21 00:15:27.543] [info] Frame 227 (t = 2.27):	 total squared error = 0.00210340, marker error: RMS = 0.00882632, max = 0.017246 (R_Thigh_Lateral)
[2026-07-21 00:15:27.596] [info] Frame 228 (t = 2.28):	 total squared error = 0.00197799, marker error: RMS = 0.00855915, max = 0.0168829 (R_Heel)
[2026-07-21 00:15:27.639] [info] Frame 229 (t = 2.29):	 total squared error = 0.00185994, marker error: RMS = 0.00829980, max = 0.0166288 (R_Heel)
[2026-07-21 00:15:27.669] [info] Frame 230 (t = 2.3):	 total squared error = 0.00177518, marker error: RMS = 0.00810849, max = 0.0163542 (R_Heel)
[2026-07-21 00:15:27.717] [info] Frame 231 (t = 2.31):	 total squared error = 0.00171994, marker error: RMS = 0.00798133, max = 0.0170069 (R_Heel)
[2026-07-21 00:15:27.754] [info] Frame 232 (t = 2.32):	 total squared error = 0.00169598, marker error: RMS = 0.00792552, max = 0.0169289 (R_Heel)
[2026-07-21 00:15:27.815] [info] Frame 233 (t = 2.33):	 total squared error = 0.00168447, marker error: RMS = 0.00789859, max = 0.0176281 (R_Heel)
[2026-07-21 00:15:27.870] [info] Frame 234 (t = 2.34):	 total squared error = 0.00167466, marker error: RMS = 0.00787555, max = 0.0178813 (R_Heel)
[2026-07-21 00:15:27.934] [info] Frame 235 (t = 2.35):	 total squared error = 0.00166407, marker error: RMS = 0.00785062, max = 0.0180300 (R_Heel)
[2026-07-21 00:15:27.998] [info] Frame 236 (t = 2.36):	 total squared error = 0.00165977, marker error: RMS = 0.00784047, max = 0.0180995 (R_Heel)
[2026-07-21 00:15:28.058] [info] Frame 237 (t = 2.37):	 total squared error = 0.00166623, marker error: RMS = 0.00785572, max = 0.0181243 (R_Heel)
[2026-07-21 00:15:28.109] [info] Frame 238 (t = 2.38):	 total squared error = 0.00168790, marker error: RMS = 0.00790663, max = 0.0181034 (R_Heel)
[2026-07-21 00:15:28.158] [info] Frame 239 (t = 2.39):	 total squared error = 0.00172716, marker error: RMS = 0.00799805, max = 0.0181527 (R_Heel)
[2026-07-21 00:15:28.210] [info] Frame 240 (t = 2.4):	 total squared error = 0.00178615, marker error: RMS = 0.00813349, max = 0.0181588 (R_Heel)
[2026-07-21 00:15:28.276] [info] Frame 241 (t = 2.41):	 total squared error = 0.00186792, marker error: RMS = 0.00831759, max = 0.0183536 (R_Heel)
[2026-07-21 00:15:28.382] [info] Frame 242 (t = 2.42):	 total squared error = 0.00195927, marker error: RMS = 0.00851853, max = 0.0183097 (R_Heel)
[2026-07-21 00:15:28.429] [info] Frame 243 (t = 2.43):	 total squared error = 0.00207163, marker error: RMS = 0.00875939, max = 0.0186089 (R_Heel)
[2026-07-21 00:15:28.504] [info] Frame 244 (t = 2.44):	 total squared error = 0.00218163, marker error: RMS = 0.00898893, max = 0.0185593 (R_Heel)
[2026-07-21 00:15:28.577] [info] Frame 245 (t = 2.45):	 total squared error = 0.00229696, marker error: RMS = 0.00922348, max = 0.0186532 (R_Heel)
[2026-07-21 00:15:28.636] [info] Frame 246 (t = 2.46):	 total squared error = 0.00241285, marker error: RMS = 0.00945330, max = 0.0187684 (R_Heel)
[2026-07-21 00:15:28.700] [info] Frame 247 (t = 2.47):	 total squared error = 0.00252547, marker error: RMS = 0.00967140, max = 0.0191385 (L_Shank_Lateral)
[2026-07-21 00:15:28.761] [info] Frame 248 (t = 2.48):	 total squared error = 0.00263482, marker error: RMS = 0.00987856, max = 0.0205235 (L_Shank_Lateral)
[2026-07-21 00:15:28.835] [info] Frame 249 (t = 2.49):	 total squared error = 0.00273482, marker error: RMS = 0.0100643, max = 0.0225143 (L_Shank_Lateral)
[2026-07-21 00:15:28.911] [info] Frame 250 (t = 2.5):	 total squared error = 0.00281647, marker error: RMS = 0.0102134, max = 0.0240019 (L_Shank_Lateral)
[2026-07-21 00:15:28.953] [info] Frame 251 (t = 2.51):	 total squared error = 0.00286802, marker error: RMS = 0.0103065, max = 0.0246965 (L_Shank_Lateral)
[2026-07-21 00:15:29.003] [info] Frame 252 (t = 2.52):	 total squared error = 0.00287654, marker error: RMS = 0.0103217, max = 0.0251809 (L_Shank_Lateral)
[2026-07-21 00:15:29.043] [info] Frame 253 (t = 2.53):	 total squared error = 0.00283903, marker error: RMS = 0.0102542, max = 0.024994 (L_Shank_Lateral)
[2026-07-21 00:15:29.100] [info] Frame 254 (t = 2.54):	 total squared error = 0.00275606, marker error: RMS = 0.0101033, max = 0.0245297 (L_Shank_Lateral)
[2026-07-21 00:15:29.142] [info] Frame 255 (t = 2.55):	 total squared error = 0.00265304, marker error: RMS = 0.00991265, max = 0.0231383 (L_Shank_Lateral)
[2026-07-21 00:15:29.227] [info] Frame 256 (t = 2.56):	 total squared error = 0.00252820, marker error: RMS = 0.00967663, max = 0.0219014 (L_Shank_Lateral)
[2026-07-21 00:15:29.288] [info] Frame 257 (t = 2.57):	 total squared error = 0.00241257, marker error: RMS = 0.00945274, max = 0.0203172 (L_Shank_Lateral)
[2026-07-21 00:15:29.347] [info] Frame 258 (t = 2.58):	 total squared error = 0.00230628, marker error: RMS = 0.00924218, max = 0.0198010 (R_Heel)
[2026-07-21 00:15:29.411] [info] Frame 259 (t = 2.59):	 total squared error = 0.00221405, marker error: RMS = 0.00905549, max = 0.0195827 (R_Heel)
[2026-07-21 00:15:29.459] [info] Frame 260 (t = 2.6):	 total squared error = 0.00214554, marker error: RMS = 0.00891429, max = 0.0199975 (R_Heel)
[2026-07-21 00:15:29.548] [info] Frame 261 (t = 2.61):	 total squared error = 0.00207897, marker error: RMS = 0.00877490, max = 0.01934 (R_Heel)
[2026-07-21 00:15:29.634] [info] Frame 262 (t = 2.62):	 total squared error = 0.00203387, marker error: RMS = 0.00867921, max = 0.0192445 (R_Heel)
[2026-07-21 00:15:29.725] [info] Frame 263 (t = 2.63):	 total squared error = 0.00199970, marker error: RMS = 0.00860597, max = 0.0192008 (R_Heel)
[2026-07-21 00:15:29.814] [info] Frame 264 (t = 2.64):	 total squared error = 0.00197257, marker error: RMS = 0.00854741, max = 0.0192013 (R_Heel)
[2026-07-21 00:15:29.886] [info] Frame 265 (t = 2.65):	 total squared error = 0.00194768, marker error: RMS = 0.00849331, max = 0.0192038 (R_Heel)
[2026-07-21 00:15:29.934] [info] Frame 266 (t = 2.66):	 total squared error = 0.00193426, marker error: RMS = 0.00846400, max = 0.0196851 (R_Heel)
[2026-07-21 00:15:29.992] [info] Frame 267 (t = 2.67):	 total squared error = 0.00189813, marker error: RMS = 0.00838459, max = 0.0196458 (R_Heel)
[2026-07-21 00:15:30.094] [info] Frame 268 (t = 2.68):	 total squared error = 0.00185999, marker error: RMS = 0.00829991, max = 0.0194915 (R_Heel)
[2026-07-21 00:15:30.175] [info] Frame 269 (t = 2.69):	 total squared error = 0.00183202, marker error: RMS = 0.00823727, max = 0.019592 (R_Heel)
[2026-07-21 00:15:30.264] [info] Frame 270 (t = 2.7):	 total squared error = 0.00181515, marker error: RMS = 0.00819924, max = 0.0197894 (R_Heel)
[2026-07-21 00:15:30.320] [info] Frame 271 (t = 2.71):	 total squared error = 0.00181666, marker error: RMS = 0.00820267, max = 0.0200652 (R_Heel)
[2026-07-21 00:15:30.404] [info] Frame 272 (t = 2.72):	 total squared error = 0.00183687, marker error: RMS = 0.00824817, max = 0.0202526 (R_Heel)
[2026-07-21 00:15:30.440] [info] Frame 273 (t = 2.73):	 total squared error = 0.00188855, marker error: RMS = 0.00836339, max = 0.0207583 (R_Heel)
[2026-07-21 00:15:30.492] [info] Frame 274 (t = 2.74):	 total squared error = 0.00193292, marker error: RMS = 0.00846107, max = 0.0206594 (R_Heel)
[2026-07-21 00:15:30.537] [info] Frame 275 (t = 2.75):	 total squared error = 0.00199398, marker error: RMS = 0.00859366, max = 0.0207517 (R_Heel)
[2026-07-21 00:15:30.567] [info] Frame 276 (t = 2.76):	 total squared error = 0.00206070, marker error: RMS = 0.00873626, max = 0.0210565 (R_Heel)
[2026-07-21 00:15:30.649] [info] Frame 277 (t = 2.77):	 total squared error = 0.00208364, marker error: RMS = 0.00878474, max = 0.0209737 (R_Heel)
[2026-07-21 00:15:30.687] [info] Frame 278 (t = 2.78):	 total squared error = 0.00211303, marker error: RMS = 0.00884648, max = 0.0209514 (R_Heel)
[2026-07-21 00:15:30.723] [info] Frame 279 (t = 2.79):	 total squared error = 0.00213099, marker error: RMS = 0.00888400, max = 0.0209446 (R_Heel)
[2026-07-21 00:15:30.757] [info] Frame 280 (t = 2.8):	 total squared error = 0.00213601, marker error: RMS = 0.00889447, max = 0.0208626 (R_Heel)
[2026-07-21 00:15:30.803] [info] Frame 281 (t = 2.81):	 total squared error = 0.00213051, marker error: RMS = 0.00888301, max = 0.0208378 (R_Heel)
[2026-07-21 00:15:30.827] [info] Frame 282 (t = 2.82):	 total squared error = 0.00213689, marker error: RMS = 0.00889629, max = 0.0209575 (R_Heel)
[2026-07-21 00:15:30.881] [info] Frame 283 (t = 2.83):	 total squared error = 0.00213421, marker error: RMS = 0.00889072, max = 0.0208541 (R_Heel)
[2026-07-21 00:15:30.911] [info] Frame 284 (t = 2.84):	 total squared error = 0.00214955, marker error: RMS = 0.00892261, max = 0.0208006 (R_Heel)
[2026-07-21 00:15:30.953] [info] Frame 285 (t = 2.85):	 total squared error = 0.00217733, marker error: RMS = 0.00898007, max = 0.0208047 (R_Heel)
[2026-07-21 00:15:30.978] [info] Frame 286 (t = 2.86):	 total squared error = 0.00221065, marker error: RMS = 0.00904854, max = 0.0207392 (R_Heel)
[2026-07-21 00:15:31.031] [info] Frame 287 (t = 2.87):	 total squared error = 0.00224701, marker error: RMS = 0.00912264, max = 0.0205848 (R_Heel)
[2026-07-21 00:15:31.077] [info] Frame 288 (t = 2.88):	 total squared error = 0.00226963, marker error: RMS = 0.00916845, max = 0.0204535 (R_Heel)
[2026-07-21 00:15:31.121] [info] Frame 289 (t = 2.89):	 total squared error = 0.00227711, marker error: RMS = 0.00918354, max = 0.0202362 (R_Heel)
[2026-07-21 00:15:31.158] [info] Frame 290 (t = 2.9):	 total squared error = 0.00225762, marker error: RMS = 0.00914415, max = 0.019995 (R_Heel)
[2026-07-21 00:15:31.209] [info] Frame 291 (t = 2.91):	 total squared error = 0.00220996, marker error: RMS = 0.00904711, max = 0.0196353 (R_Heel)
[2026-07-21 00:15:31.253] [info] Frame 292 (t = 2.92):	 total squared error = 0.00213442, marker error: RMS = 0.00889115, max = 0.0192372 (R_Heel)
[2026-07-21 00:15:31.297] [info] Frame 293 (t = 2.93):	 total squared error = 0.00204336, marker error: RMS = 0.00869942, max = 0.0187411 (R_Heel)
[2026-07-21 00:15:31.400] [info] Frame 294 (t = 2.94):	 total squared error = 0.00192646, marker error: RMS = 0.00844692, max = 0.0181081 (R_Heel)
[2026-07-21 00:15:31.450] [info] Frame 295 (t = 2.95):	 total squared error = 0.00182812, marker error: RMS = 0.00822850, max = 0.0179095 (R_Ankle_Lateral)
[2026-07-21 00:15:31.462] [info] InverseKinematicsTool completed 256 frames in 16 second(s).
[2026-07-21 00:15:31.556] [info] Loaded model TCV09-scaled from file C:\Users\migue\Downloads\TFG\2_JMP\TVC09\Walk_2\TVC09_2_JMP_results\TVC09_2_NMSM_JMP_02_knee_ankle.osim
[2026-07-21 00:15:33.223] [warning] Coordinate.setValue:  coordinate pro_sup_r is locked. Unable to change its value.
[2026-07-21 00:15:33.337] [warning] Coordinate.setValue:  coordinate pro_sup_l is locked. Unable to change its value.
[2026-07-21 00:17:20.531] [info] Loaded model TCV09-scaled from file C:\Users\migue\Downloads\TFG\2_JMP\TVC09\Walk_2\TVC09_2_JMP_results\TVC09_2_NMSM_JMP_03_final.osim
[2026-07-21 00:17:20.581] [cout] [info] 
               MODEL: TCV09-scaled
         coordinates: 41
              forces: 103
           actuators: 103
             muscles: 86
            analyses: 0
              probes: 0
              bodies: 24
              joints: 24
         constraints: 2
             markers: 27
         controllers: 0
  contact geometries: 0
misc modelcomponents: 0
[2026-07-21 00:17:20.581] [info] Running tool .
[2026-07-21 00:17:20.838] [info] Frame 40 (t = 0.4):	 total squared error = 0.00112356, marker error: RMS = 0.00645084, max = 0.0135796 (L_Thigh_Lateral)
[2026-07-21 00:17:20.864] [info] Frame 41 (t = 0.41):	 total squared error = 0.00115565, marker error: RMS = 0.00654230, max = 0.0138423 (L_Thigh_Lateral)
[2026-07-21 00:17:20.921] [info] Frame 42 (t = 0.42):	 total squared error = 0.00116550, marker error: RMS = 0.00657013, max = 0.01335 (L_Thigh_Lateral)
[2026-07-21 00:17:20.976] [info] Frame 43 (t = 0.43):	 total squared error = 0.00116129, marker error: RMS = 0.00655825, max = 0.0134087 (L_Elbow)
[2026-07-21 00:17:21.020] [info] Frame 44 (t = 0.44):	 total squared error = 0.00114641, marker error: RMS = 0.00651610, max = 0.0135126 (L_Elbow)
[2026-07-21 00:17:21.074] [info] Frame 45 (t = 0.45):	 total squared error = 0.00112004, marker error: RMS = 0.00644073, max = 0.0136336 (L_Elbow)
[2026-07-21 00:17:21.130] [info] Frame 46 (t = 0.46):	 total squared error = 0.00108239, marker error: RMS = 0.00633156, max = 0.0137619 (L_Elbow)
[2026-07-21 00:17:21.212] [info] Frame 47 (t = 0.47):	 total squared error = 0.00103451, marker error: RMS = 0.00618992, max = 0.0138176 (L_Elbow)
[2026-07-21 00:17:21.264] [info] Frame 48 (t = 0.48):	 total squared error = 0.00100139, marker error: RMS = 0.00609002, max = 0.0139489 (L_Elbow)
[2026-07-21 00:17:21.313] [info] Frame 49 (t = 0.49):	 total squared error = 0.000979652, marker error: RMS = 0.00602357, max = 0.0140970 (L_Elbow)
[2026-07-21 00:17:21.377] [info] Frame 50 (t = 0.5):	 total squared error = 0.000962716, marker error: RMS = 0.00597128, max = 0.0141682 (L_Elbow)
[2026-07-21 00:17:21.422] [info] Frame 51 (t = 0.51):	 total squared error = 0.000954186, marker error: RMS = 0.00594476, max = 0.0142656 (L_Elbow)
[2026-07-21 00:17:21.488] [info] Frame 52 (t = 0.52):	 total squared error = 0.000944885, marker error: RMS = 0.00591572, max = 0.0142461 (L_Elbow)
[2026-07-21 00:17:21.550] [info] Frame 53 (t = 0.53):	 total squared error = 0.000930297, marker error: RMS = 0.00586988, max = 0.0141772 (L_Elbow)
[2026-07-21 00:17:21.585] [info] Frame 54 (t = 0.54):	 total squared error = 0.000912211, marker error: RMS = 0.00581254, max = 0.0140744 (L_Elbow)
[2026-07-21 00:17:21.646] [info] Frame 55 (t = 0.55):	 total squared error = 0.000891627, marker error: RMS = 0.00574658, max = 0.0138202 (L_Elbow)
[2026-07-21 00:17:21.688] [info] Frame 56 (t = 0.56):	 total squared error = 0.000867884, marker error: RMS = 0.00566956, max = 0.013484 (L_Elbow)
[2026-07-21 00:17:21.738] [info] Frame 57 (t = 0.57):	 total squared error = 0.000845849, marker error: RMS = 0.00559712, max = 0.0130434 (L_Elbow)
[2026-07-21 00:17:21.781] [info] Frame 58 (t = 0.58):	 total squared error = 0.000825442, marker error: RMS = 0.00552919, max = 0.0125421 (L_Elbow)
[2026-07-21 00:17:21.845] [info] Frame 59 (t = 0.59):	 total squared error = 0.000804201, marker error: RMS = 0.00545758, max = 0.0119832 (L_Elbow)
[2026-07-21 00:17:21.897] [info] Frame 60 (t = 0.6):	 total squared error = 0.000792353, marker error: RMS = 0.00541723, max = 0.0114277 (R_Shoulder)
[2026-07-21 00:17:21.954] [info] Frame 61 (t = 0.61):	 total squared error = 0.000790043, marker error: RMS = 0.00540933, max = 0.0114965 (R_Shoulder)
[2026-07-21 00:17:22.030] [info] Frame 62 (t = 0.62):	 total squared error = 0.000799247, marker error: RMS = 0.00544075, max = 0.0115709 (R_Shoulder)
[2026-07-21 00:17:22.086] [info] Frame 63 (t = 0.63):	 total squared error = 0.000819599, marker error: RMS = 0.00550958, max = 0.0116399 (R_Shoulder)
[2026-07-21 00:17:22.145] [info] Frame 64 (t = 0.64):	 total squared error = 0.000853201, marker error: RMS = 0.00562139, max = 0.0117030 (R_Shoulder)
[2026-07-21 00:17:22.227] [info] Frame 65 (t = 0.65):	 total squared error = 0.000897162, marker error: RMS = 0.00576439, max = 0.0117034 (R_Shoulder)
[2026-07-21 00:17:22.297] [info] Frame 66 (t = 0.66):	 total squared error = 0.000950061, marker error: RMS = 0.00593190, max = 0.0117274 (R_Shoulder)
[2026-07-21 00:17:22.344] [info] Frame 67 (t = 0.67):	 total squared error = 0.00101001, marker error: RMS = 0.00611618, max = 0.0116747 (R_Shoulder)
[2026-07-21 00:17:22.394] [info] Frame 68 (t = 0.68):	 total squared error = 0.00107255, marker error: RMS = 0.00630270, max = 0.0117329 (R_Shank_Lateral)
[2026-07-21 00:17:22.466] [info] Frame 69 (t = 0.69):	 total squared error = 0.00113827, marker error: RMS = 0.00649294, max = 0.0126591 (R_Shank_Lateral)
[2026-07-21 00:17:22.521] [info] Frame 70 (t = 0.7):	 total squared error = 0.00121014, marker error: RMS = 0.00669478, max = 0.0134801 (R_Shank_Lateral)
[2026-07-21 00:17:22.578] [info] Frame 71 (t = 0.71):	 total squared error = 0.00128904, marker error: RMS = 0.00690958, max = 0.0145133 (R_Shank_Lateral)
[2026-07-21 00:17:22.622] [info] Frame 72 (t = 0.72):	 total squared error = 0.00137720, marker error: RMS = 0.00714194, max = 0.0158013 (R_Shank_Lateral)
[2026-07-21 00:17:22.669] [info] Frame 73 (t = 0.73):	 total squared error = 0.00147359, marker error: RMS = 0.00738766, max = 0.0172147 (R_Shank_Lateral)
[2026-07-21 00:17:22.727] [info] Frame 74 (t = 0.74):	 total squared error = 0.00157710, marker error: RMS = 0.00764271, max = 0.0187952 (R_Shank_Lateral)
[2026-07-21 00:17:22.782] [info] Frame 75 (t = 0.75):	 total squared error = 0.00168826, marker error: RMS = 0.00790748, max = 0.0204265 (R_Shank_Lateral)
[2026-07-21 00:17:22.831] [info] Frame 76 (t = 0.76):	 total squared error = 0.00180348, marker error: RMS = 0.00817285, max = 0.0220176 (R_Shank_Lateral)
[2026-07-21 00:17:22.877] [info] Frame 77 (t = 0.77):	 total squared error = 0.00191514, marker error: RMS = 0.00842206, max = 0.0234856 (R_Shank_Lateral)
[2026-07-21 00:17:22.920] [info] Frame 78 (t = 0.78):	 total squared error = 0.00201832, marker error: RMS = 0.00864595, max = 0.0247025 (R_Shank_Lateral)
[2026-07-21 00:17:22.956] [info] Frame 79 (t = 0.79):	 total squared error = 0.00210805, marker error: RMS = 0.00883607, max = 0.0255475 (R_Shank_Lateral)
[2026-07-21 00:17:23.009] [info] Frame 80 (t = 0.8):	 total squared error = 0.00216623, marker error: RMS = 0.00895716, max = 0.0262904 (R_Shank_Lateral)
[2026-07-21 00:17:23.049] [info] Frame 81 (t = 0.81):	 total squared error = 0.00220602, marker error: RMS = 0.00903905, max = 0.026638 (R_Shank_Lateral)
[2026-07-21 00:17:23.089] [info] Frame 82 (t = 0.82):	 total squared error = 0.00221947, marker error: RMS = 0.00906657, max = 0.026635 (R_Shank_Lateral)
[2026-07-21 00:17:23.155] [info] Frame 83 (t = 0.83):	 total squared error = 0.00220684, marker error: RMS = 0.00904073, max = 0.0262825 (R_Shank_Lateral)
[2026-07-21 00:17:23.190] [info] Frame 84 (t = 0.84):	 total squared error = 0.00218551, marker error: RMS = 0.00899694, max = 0.0257666 (R_Shank_Lateral)
[2026-07-21 00:17:23.237] [info] Frame 85 (t = 0.85):	 total squared error = 0.00214589, marker error: RMS = 0.00891501, max = 0.0252252 (R_Shank_Lateral)
[2026-07-21 00:17:23.275] [info] Frame 86 (t = 0.86):	 total squared error = 0.00210857, marker error: RMS = 0.00883715, max = 0.024359 (R_Shank_Lateral)
[2026-07-21 00:17:23.309] [info] Frame 87 (t = 0.87):	 total squared error = 0.00207433, marker error: RMS = 0.00876510, max = 0.0235834 (R_Shank_Lateral)
[2026-07-21 00:17:23.372] [info] Frame 88 (t = 0.88):	 total squared error = 0.00202530, marker error: RMS = 0.00866089, max = 0.0226553 (R_Shank_Lateral)
[2026-07-21 00:17:23.400] [info] Frame 89 (t = 0.89):	 total squared error = 0.00199721, marker error: RMS = 0.00860064, max = 0.0220528 (R_Shank_Lateral)
[2026-07-21 00:17:23.455] [info] Frame 90 (t = 0.9):	 total squared error = 0.00195843, marker error: RMS = 0.00851671, max = 0.0211727 (R_Shank_Lateral)
[2026-07-21 00:17:23.494] [info] Frame 91 (t = 0.91):	 total squared error = 0.00192964, marker error: RMS = 0.00845387, max = 0.0205873 (R_Shank_Lateral)
[2026-07-21 00:17:23.562] [info] Frame 92 (t = 0.92):	 total squared error = 0.00187969, marker error: RMS = 0.00834375, max = 0.019374 (R_Shank_Lateral)
[2026-07-21 00:17:23.636] [info] Frame 93 (t = 0.93):	 total squared error = 0.00182696, marker error: RMS = 0.00822588, max = 0.0183449 (R_Shank_Lateral)
[2026-07-21 00:17:23.686] [info] Frame 94 (t = 0.94):	 total squared error = 0.00176906, marker error: RMS = 0.00809448, max = 0.0173475 (R_Shank_Lateral)
[2026-07-21 00:17:23.765] [info] Frame 95 (t = 0.95):	 total squared error = 0.00168867, marker error: RMS = 0.00790842, max = 0.0154523 (R_Shank_Lateral)
[2026-07-21 00:17:23.842] [info] Frame 96 (t = 0.96):	 total squared error = 0.00160573, marker error: RMS = 0.00771176, max = 0.0143865 (Sternum)
[2026-07-21 00:17:23.935] [info] Frame 97 (t = 0.97):	 total squared error = 0.00152037, marker error: RMS = 0.00750401, max = 0.01445 (Sternum)
[2026-07-21 00:17:23.999] [info] Frame 98 (t = 0.98):	 total squared error = 0.00144548, marker error: RMS = 0.00731686, max = 0.014441 (Sternum)
[2026-07-21 00:17:24.117] [info] Frame 99 (t = 0.99):	 total squared error = 0.00136705, marker error: RMS = 0.00711557, max = 0.0144738 (Sternum)
[2026-07-21 00:17:24.203] [info] Frame 100 (t = 1.0):	 total squared error = 0.00131331, marker error: RMS = 0.00697433, max = 0.0145137 (Sternum)
[2026-07-21 00:17:24.281] [info] Frame 101 (t = 1.01):	 total squared error = 0.00127849, marker error: RMS = 0.00688125, max = 0.0144892 (Sternum)
[2026-07-21 00:17:24.330] [info] Frame 102 (t = 1.02):	 total squared error = 0.00127339, marker error: RMS = 0.00686751, max = 0.0146763 (Sternum)
[2026-07-21 00:17:24.407] [info] Frame 103 (t = 1.03):	 total squared error = 0.00127190, marker error: RMS = 0.00686348, max = 0.0146228 (Sternum)
[2026-07-21 00:17:24.491] [info] Frame 104 (t = 1.04):	 total squared error = 0.00129606, marker error: RMS = 0.00692837, max = 0.0147017 (Sternum)
[2026-07-21 00:17:24.563] [info] Frame 105 (t = 1.05):	 total squared error = 0.00133716, marker error: RMS = 0.00703737, max = 0.0147403 (Sternum)
[2026-07-21 00:17:24.617] [info] Frame 106 (t = 1.06):	 total squared error = 0.00139193, marker error: RMS = 0.00718003, max = 0.0148707 (Sternum)
[2026-07-21 00:17:24.686] [info] Frame 107 (t = 1.07):	 total squared error = 0.00144823, marker error: RMS = 0.00732382, max = 0.014921 (Sternum)
[2026-07-21 00:17:24.744] [info] Frame 108 (t = 1.08):	 total squared error = 0.00150553, marker error: RMS = 0.00746728, max = 0.0149242 (Sternum)
[2026-07-21 00:17:24.794] [info] Frame 109 (t = 1.09):	 total squared error = 0.00154948, marker error: RMS = 0.00757551, max = 0.0156267 (R_Thigh_Lateral)
[2026-07-21 00:17:24.820] [info] Frame 110 (t = 1.1):	 total squared error = 0.00158915, marker error: RMS = 0.00767187, max = 0.0164017 (R_Thigh_Lateral)
[2026-07-21 00:17:24.868] [info] Frame 111 (t = 1.11):	 total squared error = 0.00156196, marker error: RMS = 0.00760595, max = 0.0158986 (R_Thigh_Lateral)
[2026-07-21 00:17:24.892] [info] Frame 112 (t = 1.12):	 total squared error = 0.00152891, marker error: RMS = 0.00752506, max = 0.0149342 (R_Thigh_Lateral)
[2026-07-21 00:17:24.960] [info] Frame 113 (t = 1.13):	 total squared error = 0.00143448, marker error: RMS = 0.00728895, max = 0.0147089 (Sternum)
[2026-07-21 00:17:25.015] [info] Frame 114 (t = 1.14):	 total squared error = 0.00133950, marker error: RMS = 0.00704353, max = 0.0146205 (Sternum)
[2026-07-21 00:17:25.053] [info] Frame 115 (t = 1.15):	 total squared error = 0.00124253, marker error: RMS = 0.00678379, max = 0.0144664 (Sternum)
[2026-07-21 00:17:25.150] [info] Frame 116 (t = 1.16):	 total squared error = 0.00117778, marker error: RMS = 0.00660466, max = 0.0144193 (R_Wrist)
[2026-07-21 00:17:25.182] [info] Frame 117 (t = 1.17):	 total squared error = 0.00113853, marker error: RMS = 0.00649367, max = 0.0147027 (R_Wrist)
[2026-07-21 00:17:25.244] [info] Frame 118 (t = 1.18):	 total squared error = 0.00113694, marker error: RMS = 0.00648913, max = 0.0146903 (R_Wrist)
[2026-07-21 00:17:25.292] [info] Frame 119 (t = 1.19):	 total squared error = 0.00117952, marker error: RMS = 0.00660953, max = 0.0147263 (R_Wrist)
[2026-07-21 00:17:25.353] [info] Frame 120 (t = 1.2):	 total squared error = 0.00124593, marker error: RMS = 0.00679305, max = 0.0147345 (R_Wrist)
[2026-07-21 00:17:25.439] [info] Frame 121 (t = 1.21):	 total squared error = 0.00132204, marker error: RMS = 0.00699746, max = 0.0146455 (R_Wrist)
[2026-07-21 00:17:25.502] [info] Frame 122 (t = 1.22):	 total squared error = 0.00140478, marker error: RMS = 0.00721311, max = 0.0144843 (R_Wrist)
[2026-07-21 00:17:25.560] [info] Frame 123 (t = 1.23):	 total squared error = 0.00148559, marker error: RMS = 0.00741768, max = 0.0143083 (R_Wrist)
[2026-07-21 00:17:25.609] [info] Frame 124 (t = 1.24):	 total squared error = 0.00155143, marker error: RMS = 0.00758027, max = 0.0141033 (R_Wrist)
[2026-07-21 00:17:25.669] [info] Frame 125 (t = 1.25):	 total squared error = 0.00159079, marker error: RMS = 0.00767582, max = 0.0152085 (L_Shank_Lateral)
[2026-07-21 00:17:25.730] [info] Frame 126 (t = 1.26):	 total squared error = 0.00160159, marker error: RMS = 0.00770182, max = 0.0160601 (L_Shank_Lateral)
[2026-07-21 00:17:25.818] [info] Frame 127 (t = 1.27):	 total squared error = 0.00158365, marker error: RMS = 0.00765857, max = 0.016468 (L_Shank_Lateral)
[2026-07-21 00:17:25.876] [info] Frame 128 (t = 1.28):	 total squared error = 0.00156056, marker error: RMS = 0.00760254, max = 0.0159488 (L_Shank_Lateral)
[2026-07-21 00:17:25.956] [info] Frame 129 (t = 1.29):	 total squared error = 0.00152396, marker error: RMS = 0.00751286, max = 0.0163181 (L_Shank_Lateral)
[2026-07-21 00:17:26.007] [info] Frame 130 (t = 1.3):	 total squared error = 0.00149860, marker error: RMS = 0.00745008, max = 0.0156287 (L_Shank_Lateral)
[2026-07-21 00:17:26.053] [info] Frame 131 (t = 1.31):	 total squared error = 0.00148039, marker error: RMS = 0.00740469, max = 0.0153881 (L_Shank_Lateral)
[2026-07-21 00:17:26.119] [info] Frame 132 (t = 1.32):	 total squared error = 0.00146111, marker error: RMS = 0.00735631, max = 0.0157587 (L_Shank_Lateral)
[2026-07-21 00:17:26.169] [info] Frame 133 (t = 1.33):	 total squared error = 0.00145583, marker error: RMS = 0.00734300, max = 0.0153083 (L_Shank_Lateral)
[2026-07-21 00:17:26.227] [info] Frame 134 (t = 1.34):	 total squared error = 0.00145204, marker error: RMS = 0.00733342, max = 0.0151105 (L_Shank_Lateral)
[2026-07-21 00:17:26.275] [info] Frame 135 (t = 1.35):	 total squared error = 0.00145194, marker error: RMS = 0.00733318, max = 0.0148205 (L_Shank_Lateral)
[2026-07-21 00:17:26.311] [info] Frame 136 (t = 1.36):	 total squared error = 0.00145919, marker error: RMS = 0.00735148, max = 0.0144783 (L_Shank_Lateral)
[2026-07-21 00:17:26.377] [info] Frame 137 (t = 1.37):	 total squared error = 0.00144589, marker error: RMS = 0.00731788, max = 0.0150708 (L_Shank_Lateral)
[2026-07-21 00:17:26.422] [info] Frame 138 (t = 1.38):	 total squared error = 0.00145318, marker error: RMS = 0.00733631, max = 0.0150605 (L_Shank_Lateral)
[2026-07-21 00:17:26.476] [info] Frame 139 (t = 1.39):	 total squared error = 0.00145792, marker error: RMS = 0.00734828, max = 0.0153895 (L_Shank_Lateral)
[2026-07-21 00:17:26.527] [info] Frame 140 (t = 1.4):	 total squared error = 0.00146498, marker error: RMS = 0.00736605, max = 0.0158953 (L_Shank_Lateral)
[2026-07-21 00:17:26.582] [info] Frame 141 (t = 1.41):	 total squared error = 0.00147120, marker error: RMS = 0.00738165, max = 0.0165338 (L_Shank_Lateral)
[2026-07-21 00:17:26.635] [info] Frame 142 (t = 1.42):	 total squared error = 0.00147683, marker error: RMS = 0.00739577, max = 0.0172669 (L_Shank_Lateral)
[2026-07-21 00:17:26.696] [info] Frame 143 (t = 1.43):	 total squared error = 0.00147861, marker error: RMS = 0.00740022, max = 0.0177888 (L_Shank_Lateral)
[2026-07-21 00:17:26.768] [info] Frame 144 (t = 1.44):	 total squared error = 0.00147649, marker error: RMS = 0.00739491, max = 0.0181874 (L_Shank_Lateral)
[2026-07-21 00:17:26.857] [info] Frame 145 (t = 1.45):	 total squared error = 0.00146788, marker error: RMS = 0.00737332, max = 0.0181684 (L_Shank_Lateral)
[2026-07-21 00:17:26.962] [info] Frame 146 (t = 1.46):	 total squared error = 0.00144680, marker error: RMS = 0.00732018, max = 0.0179603 (L_Shank_Lateral)
[2026-07-21 00:17:27.019] [info] Frame 147 (t = 1.47):	 total squared error = 0.00140731, marker error: RMS = 0.00721961, max = 0.0177684 (L_Shank_Lateral)
[2026-07-21 00:17:27.109] [info] Frame 148 (t = 1.48):	 total squared error = 0.00133980, marker error: RMS = 0.00704432, max = 0.0163239 (L_Shank_Lateral)
[2026-07-21 00:17:27.167] [info] Frame 149 (t = 1.49):	 total squared error = 0.00125362, marker error: RMS = 0.00681398, max = 0.0149983 (L_Shank_Lateral)
[2026-07-21 00:17:27.233] [info] Frame 150 (t = 1.5):	 total squared error = 0.00114989, marker error: RMS = 0.00652599, max = 0.0127724 (L_Shank_Lateral)
[2026-07-21 00:17:27.304] [info] Frame 151 (t = 1.51):	 total squared error = 0.00104664, marker error: RMS = 0.00622611, max = 0.011291 (L_Elbow)
[2026-07-21 00:17:27.374] [info] Frame 152 (t = 1.52):	 total squared error = 0.000960398, marker error: RMS = 0.00596408, max = 0.0114217 (L_Elbow)
[2026-07-21 00:17:27.465] [info] Frame 153 (t = 1.53):	 total squared error = 0.000902405, marker error: RMS = 0.00578121, max = 0.0115104 (L_Elbow)
[2026-07-21 00:17:27.523] [info] Frame 154 (t = 1.54):	 total squared error = 0.000886288, marker error: RMS = 0.00572935, max = 0.0116336 (L_Elbow)
[2026-07-21 00:17:27.599] [info] Frame 155 (t = 1.55):	 total squared error = 0.000900264, marker error: RMS = 0.00577435, max = 0.0116443 (L_Elbow)
[2026-07-21 00:17:27.666] [info] Frame 156 (t = 1.56):	 total squared error = 0.000945079, marker error: RMS = 0.00591633, max = 0.0116854 (L_Elbow)
[2026-07-21 00:17:27.718] [info] Frame 157 (t = 1.57):	 total squared error = 0.00100520, marker error: RMS = 0.00610160, max = 0.0117259 (L_Elbow)
[2026-07-21 00:17:27.768] [info] Frame 158 (t = 1.58):	 total squared error = 0.00106251, marker error: RMS = 0.00627314, max = 0.0117205 (L_Elbow)
[2026-07-21 00:17:27.838] [info] Frame 159 (t = 1.59):	 total squared error = 0.00110801, marker error: RMS = 0.00640603, max = 0.0116926 (L_Elbow)
[2026-07-21 00:17:27.888] [info] Frame 160 (t = 1.6):	 total squared error = 0.00114296, marker error: RMS = 0.00650629, max = 0.0117104 (L_Elbow)
[2026-07-21 00:17:27.943] [info] Frame 161 (t = 1.61):	 total squared error = 0.00116233, marker error: RMS = 0.00656119, max = 0.0118368 (L_Thigh_Lateral)
[2026-07-21 00:17:27.992] [info] Frame 162 (t = 1.62):	 total squared error = 0.00117061, marker error: RMS = 0.00658452, max = 0.011896 (L_Thigh_Lateral)
[2026-07-21 00:17:28.026] [info] Frame 163 (t = 1.63):	 total squared error = 0.00117478, marker error: RMS = 0.00659623, max = 0.0118261 (L_Thigh_Lateral)
[2026-07-21 00:17:28.101] [info] Frame 164 (t = 1.64):	 total squared error = 0.00116795, marker error: RMS = 0.00657703, max = 0.0117236 (L_Elbow)
[2026-07-21 00:17:28.147] [info] Frame 165 (t = 1.65):	 total squared error = 0.00117062, marker error: RMS = 0.00658454, max = 0.0117452 (L_Elbow)
[2026-07-21 00:17:28.178] [info] Frame 166 (t = 1.66):	 total squared error = 0.00118286, marker error: RMS = 0.00661890, max = 0.011871 (L_Elbow)
[2026-07-21 00:17:28.208] [info] Frame 167 (t = 1.67):	 total squared error = 0.00120831, marker error: RMS = 0.00668970, max = 0.0120354 (L_Elbow)
[2026-07-21 00:17:28.253] [info] Frame 168 (t = 1.68):	 total squared error = 0.00123663, marker error: RMS = 0.00676764, max = 0.0120914 (L_Elbow)
[2026-07-21 00:17:28.289] [info] Frame 169 (t = 1.69):	 total squared error = 0.00127991, marker error: RMS = 0.00688506, max = 0.01228 (L_Elbow)
[2026-07-21 00:17:28.340] [info] Frame 170 (t = 1.7):	 total squared error = 0.00132351, marker error: RMS = 0.00700135, max = 0.0124481 (L_Elbow)
[2026-07-21 00:17:28.409] [info] Frame 171 (t = 1.71):	 total squared error = 0.00135559, marker error: RMS = 0.00708568, max = 0.0125226 (L_Elbow)
[2026-07-21 00:17:28.453] [info] Frame 172 (t = 1.72):	 total squared error = 0.00139511, marker error: RMS = 0.00718823, max = 0.0129291 (L_Asis)
[2026-07-21 00:17:28.483] [info] Frame 173 (t = 1.73):	 total squared error = 0.00142586, marker error: RMS = 0.00726704, max = 0.0132503 (L_Asis)
[2026-07-21 00:17:28.533] [info] Frame 174 (t = 1.74):	 total squared error = 0.00142567, marker error: RMS = 0.00726655, max = 0.0139811 (L_Asis)
[2026-07-21 00:17:28.622] [info] Frame 175 (t = 1.75):	 total squared error = 0.00138556, marker error: RMS = 0.00716358, max = 0.0137356 (L_Asis)
[2026-07-21 00:17:28.670] [info] Frame 176 (t = 1.76):	 total squared error = 0.00133543, marker error: RMS = 0.00703281, max = 0.0137448 (L_Asis)
[2026-07-21 00:17:28.725] [info] Frame 177 (t = 1.77):	 total squared error = 0.00126460, marker error: RMS = 0.00684376, max = 0.0131235 (L_Elbow)
[2026-07-21 00:17:28.777] [info] Frame 178 (t = 1.78):	 total squared error = 0.00118871, marker error: RMS = 0.00663523, max = 0.0130122 (L_Elbow)
[2026-07-21 00:17:28.855] [info] Frame 179 (t = 1.79):	 total squared error = 0.00109010, marker error: RMS = 0.00635405, max = 0.0128539 (L_Elbow)
[2026-07-21 00:17:28.901] [info] Frame 180 (t = 1.8):	 total squared error = 0.00101182, marker error: RMS = 0.00612167, max = 0.0126239 (L_Elbow)
[2026-07-21 00:17:28.946] [info] Frame 181 (t = 1.81):	 total squared error = 0.000934435, marker error: RMS = 0.00588292, max = 0.012318 (L_Elbow)
[2026-07-21 00:17:29.005] [info] Frame 182 (t = 1.82):	 total squared error = 0.000868081, marker error: RMS = 0.00567020, max = 0.0119474 (L_Elbow)
[2026-07-21 00:17:29.062] [info] Frame 183 (t = 1.83):	 total squared error = 0.000826363, marker error: RMS = 0.00553227, max = 0.0115493 (L_Elbow)
[2026-07-21 00:17:29.120] [info] Frame 184 (t = 1.84):	 total squared error = 0.000819027, marker error: RMS = 0.00550766, max = 0.0113774 (Sternum)
[2026-07-21 00:17:29.203] [info] Frame 185 (t = 1.85):	 total squared error = 0.000843593, marker error: RMS = 0.00558965, max = 0.0116895 (Sternum)
[2026-07-21 00:17:29.278] [info] Frame 186 (t = 1.86):	 total squared error = 0.000888749, marker error: RMS = 0.00573730, max = 0.011988 (Sternum)
[2026-07-21 00:17:29.349] [info] Frame 187 (t = 1.87):	 total squared error = 0.000944025, marker error: RMS = 0.00591303, max = 0.0122476 (Sternum)
[2026-07-21 00:17:29.416] [info] Frame 188 (t = 1.88):	 total squared error = 0.000995830, marker error: RMS = 0.00607310, max = 0.0124436 (Sternum)
[2026-07-21 00:17:29.468] [info] Frame 189 (t = 1.89):	 total squared error = 0.00104082, marker error: RMS = 0.00620879, max = 0.0125998 (Sternum)
[2026-07-21 00:17:29.527] [info] Frame 190 (t = 1.9):	 total squared error = 0.00107377, marker error: RMS = 0.00630628, max = 0.0131806 (R_Shank_Lateral)
[2026-07-21 00:17:29.606] [info] Frame 191 (t = 1.91):	 total squared error = 0.00110339, marker error: RMS = 0.00639268, max = 0.0142078 (R_Shank_Lateral)
[2026-07-21 00:17:29.652] [info] Frame 192 (t = 1.92):	 total squared error = 0.00114185, marker error: RMS = 0.00650313, max = 0.0148212 (R_Shank_Lateral)
[2026-07-21 00:17:29.723] [info] Frame 193 (t = 1.93):	 total squared error = 0.00118751, marker error: RMS = 0.00663187, max = 0.0159492 (R_Shank_Lateral)
[2026-07-21 00:17:29.786] [info] Frame 194 (t = 1.94):	 total squared error = 0.00124841, marker error: RMS = 0.00679981, max = 0.0168889 (R_Shank_Lateral)
[2026-07-21 00:17:29.830] [info] Frame 195 (t = 1.95):	 total squared error = 0.00132226, marker error: RMS = 0.00699805, max = 0.0179229 (R_Shank_Lateral)
[2026-07-21 00:17:29.868] [info] Frame 196 (t = 1.96):	 total squared error = 0.00140485, marker error: RMS = 0.00721327, max = 0.0189694 (R_Shank_Lateral)
[2026-07-21 00:17:29.920] [info] Frame 197 (t = 1.97):	 total squared error = 0.00147829, marker error: RMS = 0.00739942, max = 0.0200812 (R_Shank_Lateral)
[2026-07-21 00:17:29.975] [info] Frame 198 (t = 1.98):	 total squared error = 0.00155079, marker error: RMS = 0.00757870, max = 0.0210652 (R_Shank_Lateral)
[2026-07-21 00:17:30.032] [info] Frame 199 (t = 1.99):	 total squared error = 0.00161548, marker error: RMS = 0.00773515, max = 0.0219151 (R_Shank_Lateral)
[2026-07-21 00:17:30.081] [info] Frame 200 (t = 2.0):	 total squared error = 0.00167485, marker error: RMS = 0.00787601, max = 0.0225863 (R_Shank_Lateral)
[2026-07-21 00:17:30.128] [info] Frame 201 (t = 2.01):	 total squared error = 0.00172471, marker error: RMS = 0.00799237, max = 0.0231764 (R_Shank_Lateral)
[2026-07-21 00:17:30.166] [info] Frame 202 (t = 2.02):	 total squared error = 0.00176862, marker error: RMS = 0.00809349, max = 0.0236414 (R_Shank_Lateral)
[2026-07-21 00:17:30.242] [info] Frame 203 (t = 2.03):	 total squared error = 0.00179805, marker error: RMS = 0.00816053, max = 0.0241026 (R_Shank_Lateral)
[2026-07-21 00:17:30.300] [info] Frame 204 (t = 2.04):	 total squared error = 0.00182840, marker error: RMS = 0.00822914, max = 0.0245377 (R_Shank_Lateral)
[2026-07-21 00:17:30.351] [info] Frame 205 (t = 2.05):	 total squared error = 0.00185365, marker error: RMS = 0.00828575, max = 0.0249090 (R_Shank_Lateral)
[2026-07-21 00:17:30.409] [info] Frame 206 (t = 2.06):	 total squared error = 0.00187188, marker error: RMS = 0.00832639, max = 0.0251535 (R_Shank_Lateral)
[2026-07-21 00:17:30.483] [info] Frame 207 (t = 2.07):	 total squared error = 0.00188390, marker error: RMS = 0.00835308, max = 0.0253788 (R_Shank_Lateral)
[2026-07-21 00:17:30.540] [info] Frame 208 (t = 2.08):	 total squared error = 0.00189125, marker error: RMS = 0.00836937, max = 0.0256426 (R_Shank_Lateral)
[2026-07-21 00:17:30.570] [info] Frame 209 (t = 2.09):	 total squared error = 0.00189978, marker error: RMS = 0.00838823, max = 0.0259113 (R_Shank_Lateral)
[2026-07-21 00:17:30.669] [info] Frame 210 (t = 2.1):	 total squared error = 0.00186516, marker error: RMS = 0.00831144, max = 0.0253684 (R_Shank_Lateral)
[2026-07-21 00:17:30.767] [info] Frame 211 (t = 2.11):	 total squared error = 0.00182490, marker error: RMS = 0.00822124, max = 0.0248524 (R_Shank_Lateral)
[2026-07-21 00:17:30.820] [info] Frame 212 (t = 2.12):	 total squared error = 0.00176402, marker error: RMS = 0.00808295, max = 0.0242316 (R_Shank_Lateral)
[2026-07-21 00:17:30.873] [info] Frame 213 (t = 2.13):	 total squared error = 0.00167385, marker error: RMS = 0.00787366, max = 0.0229861 (R_Shank_Lateral)
[2026-07-21 00:17:31.002] [info] Frame 214 (t = 2.14):	 total squared error = 0.00153698, marker error: RMS = 0.00754487, max = 0.0204144 (R_Shank_Lateral)
[2026-07-21 00:17:31.063] [info] Frame 215 (t = 2.15):	 total squared error = 0.00139373, marker error: RMS = 0.00718469, max = 0.0181514 (R_Shank_Lateral)
[2026-07-21 00:17:31.130] [info] Frame 216 (t = 2.16):	 total squared error = 0.00123919, marker error: RMS = 0.00677467, max = 0.0150521 (R_Shank_Lateral)
[2026-07-21 00:17:31.219] [info] Frame 217 (t = 2.17):	 total squared error = 0.00108563, marker error: RMS = 0.00634102, max = 0.012959 (Sternum)
[2026-07-21 00:17:31.267] [info] Frame 218 (t = 2.18):	 total squared error = 0.000980740, marker error: RMS = 0.00602692, max = 0.0129202 (Sternum)
[2026-07-21 00:17:31.399] [info] Frame 219 (t = 2.19):	 total squared error = 0.000900652, marker error: RMS = 0.00577560, max = 0.0128555 (Sternum)
[2026-07-21 00:17:31.478] [info] Frame 220 (t = 2.2):	 total squared error = 0.000898643, marker error: RMS = 0.00576915, max = 0.0128007 (Sternum)
[2026-07-21 00:17:31.531] [info] Frame 221 (t = 2.21):	 total squared error = 0.000965314, marker error: RMS = 0.00597933, max = 0.0127814 (Sternum)
[2026-07-21 00:17:31.618] [info] Frame 222 (t = 2.22):	 total squared error = 0.00105549, marker error: RMS = 0.00625237, max = 0.0127222 (Sternum)
[2026-07-21 00:17:31.683] [info] Frame 223 (t = 2.23):	 total squared error = 0.00117359, marker error: RMS = 0.00659291, max = 0.0131839 (R_Thigh_Lateral)
[2026-07-21 00:17:31.720] [info] Frame 224 (t = 2.24):	 total squared error = 0.00128565, marker error: RMS = 0.00690049, max = 0.0152267 (R_Thigh_Lateral)
[2026-07-21 00:17:31.757] [info] Frame 225 (t = 2.25):	 total squared error = 0.00132981, marker error: RMS = 0.00701799, max = 0.0157834 (R_Thigh_Lateral)
[2026-07-21 00:17:31.798] [info] Frame 226 (t = 2.26):	 total squared error = 0.00128832, marker error: RMS = 0.00690764, max = 0.0152131 (R_Thigh_Lateral)
[2026-07-21 00:17:31.844] [info] Frame 227 (t = 2.27):	 total squared error = 0.00120195, marker error: RMS = 0.00667207, max = 0.0135923 (R_Thigh_Lateral)
[2026-07-21 00:17:31.875] [info] Frame 228 (t = 2.28):	 total squared error = 0.00109839, marker error: RMS = 0.00637818, max = 0.0129775 (L_Thigh_Lateral)
[2026-07-21 00:17:31.922] [info] Frame 229 (t = 2.29):	 total squared error = 0.000991393, marker error: RMS = 0.00605956, max = 0.0127071 (L_Thigh_Lateral)
[2026-07-21 00:17:31.967] [info] Frame 230 (t = 2.3):	 total squared error = 0.000921071, marker error: RMS = 0.00584070, max = 0.0124689 (L_Thigh_Lateral)
[2026-07-21 00:17:32.013] [info] Frame 231 (t = 2.31):	 total squared error = 0.000883979, marker error: RMS = 0.00572188, max = 0.0121882 (L_Thigh_Lateral)
[2026-07-21 00:17:32.063] [info] Frame 232 (t = 2.32):	 total squared error = 0.000868265, marker error: RMS = 0.00567080, max = 0.0118369 (L_Thigh_Lateral)
[2026-07-21 00:17:32.145] [info] Frame 233 (t = 2.33):	 total squared error = 0.000861049, marker error: RMS = 0.00564719, max = 0.0114255 (L_Thigh_Lateral)
[2026-07-21 00:17:32.199] [info] Frame 234 (t = 2.34):	 total squared error = 0.000850563, marker error: RMS = 0.00561270, max = 0.0108159 (L_Thigh_Lateral)
[2026-07-21 00:17:32.260] [info] Frame 235 (t = 2.35):	 total squared error = 0.000842530, marker error: RMS = 0.00558613, max = 0.0108885 (R_Wrist)
[2026-07-21 00:17:32.319] [info] Frame 236 (t = 2.36):	 total squared error = 0.000839711, marker error: RMS = 0.00557677, max = 0.0113271 (R_Wrist)
[2026-07-21 00:17:32.378] [info] Frame 237 (t = 2.37):	 total squared error = 0.000846949, marker error: RMS = 0.00560076, max = 0.0117303 (R_Wrist)
[2026-07-21 00:17:32.430] [info] Frame 238 (t = 2.38):	 total squared error = 0.000867745, marker error: RMS = 0.00566910, max = 0.0120937 (R_Wrist)
[2026-07-21 00:17:32.496] [info] Frame 239 (t = 2.39):	 total squared error = 0.000901718, marker error: RMS = 0.00577901, max = 0.0124183 (R_Wrist)
[2026-07-21 00:17:32.558] [info] Frame 240 (t = 2.4):	 total squared error = 0.000949806, marker error: RMS = 0.00593110, max = 0.0127355 (R_Wrist)
[2026-07-21 00:17:32.620] [info] Frame 241 (t = 2.41):	 total squared error = 0.00101351, marker error: RMS = 0.00612677, max = 0.0129374 (R_Wrist)
[2026-07-21 00:17:32.681] [info] Frame 242 (t = 2.42):	 total squared error = 0.00108734, marker error: RMS = 0.00634600, max = 0.0130441 (R_Wrist)
[2026-07-21 00:17:32.741] [info] Frame 243 (t = 2.43):	 total squared error = 0.00116778, marker error: RMS = 0.00657655, max = 0.0130840 (R_Wrist)
[2026-07-21 00:17:32.831] [info] Frame 244 (t = 2.44):	 total squared error = 0.00124948, marker error: RMS = 0.00680272, max = 0.0132174 (R_Wrist)
[2026-07-21 00:17:32.878] [info] Frame 245 (t = 2.45):	 total squared error = 0.00133709, marker error: RMS = 0.00703718, max = 0.0131759 (L_Shank_Lateral)
[2026-07-21 00:17:32.930] [info] Frame 246 (t = 2.46):	 total squared error = 0.00142096, marker error: RMS = 0.00725452, max = 0.0145535 (L_Shank_Lateral)
[2026-07-21 00:17:32.984] [info] Frame 247 (t = 2.47):	 total squared error = 0.00150251, marker error: RMS = 0.00745980, max = 0.0158348 (L_Shank_Lateral)
[2026-07-21 00:17:33.039] [info] Frame 248 (t = 2.48):	 total squared error = 0.00157736, marker error: RMS = 0.00764333, max = 0.0176436 (L_Shank_Lateral)
[2026-07-21 00:17:33.088] [info] Frame 249 (t = 2.49):	 total squared error = 0.00164985, marker error: RMS = 0.00781700, max = 0.0189936 (L_Shank_Lateral)
[2026-07-21 00:17:33.136] [info] Frame 250 (t = 2.5):	 total squared error = 0.00170963, marker error: RMS = 0.00795736, max = 0.0203059 (L_Shank_Lateral)
[2026-07-21 00:17:33.219] [info] Frame 251 (t = 2.51):	 total squared error = 0.00173938, marker error: RMS = 0.00802629, max = 0.0218832 (L_Shank_Lateral)
[2026-07-21 00:17:33.271] [info] Frame 252 (t = 2.52):	 total squared error = 0.00174009, marker error: RMS = 0.00802795, max = 0.0220310 (L_Shank_Lateral)
[2026-07-21 00:17:33.320] [info] Frame 253 (t = 2.53):	 total squared error = 0.00170377, marker error: RMS = 0.00794371, max = 0.0217922 (L_Shank_Lateral)
[2026-07-21 00:17:33.362] [info] Frame 254 (t = 2.54):	 total squared error = 0.00163387, marker error: RMS = 0.00777905, max = 0.0210307 (L_Shank_Lateral)
[2026-07-21 00:17:33.409] [info] Frame 255 (t = 2.55):	 total squared error = 0.00154070, marker error: RMS = 0.00755401, max = 0.0198637 (L_Shank_Lateral)
[2026-07-21 00:17:33.468] [info] Frame 256 (t = 2.56):	 total squared error = 0.00143457, marker error: RMS = 0.00728918, max = 0.0186225 (L_Shank_Lateral)
[2026-07-21 00:17:33.527] [info] Frame 257 (t = 2.57):	 total squared error = 0.00133343, marker error: RMS = 0.00702754, max = 0.0171817 (L_Shank_Lateral)
[2026-07-21 00:17:33.580] [info] Frame 258 (t = 2.58):	 total squared error = 0.00124019, marker error: RMS = 0.00677738, max = 0.0159113 (L_Shank_Lateral)
[2026-07-21 00:17:33.628] [info] Frame 259 (t = 2.59):	 total squared error = 0.00116306, marker error: RMS = 0.00656325, max = 0.0148068 (L_Shank_Lateral)
[2026-07-21 00:17:33.687] [info] Frame 260 (t = 2.6):	 total squared error = 0.00109231, marker error: RMS = 0.00636049, max = 0.0140600 (L_Shank_Lateral)
[2026-07-21 00:17:33.727] [info] Frame 261 (t = 2.61):	 total squared error = 0.00105320, marker error: RMS = 0.00624560, max = 0.0135885 (L_Shank_Lateral)
[2026-07-21 00:17:33.810] [info] Frame 262 (t = 2.62):	 total squared error = 0.000997311, marker error: RMS = 0.00607762, max = 0.0129848 (L_Shank_Lateral)
[2026-07-21 00:17:33.893] [info] Frame 263 (t = 2.63):	 total squared error = 0.000968640, marker error: RMS = 0.00598962, max = 0.012669 (L_Shank_Lateral)
[2026-07-21 00:17:33.971] [info] Frame 264 (t = 2.64):	 total squared error = 0.000948538, marker error: RMS = 0.00592714, max = 0.0124090 (L_Shank_Lateral)
[2026-07-21 00:17:34.031] [info] Frame 265 (t = 2.65):	 total squared error = 0.000933967, marker error: RMS = 0.00588144, max = 0.0120459 (L_Shank_Lateral)
[2026-07-21 00:17:34.082] [info] Frame 266 (t = 2.66):	 total squared error = 0.000919496, marker error: RMS = 0.00583570, max = 0.0116664 (L_Elbow)
[2026-07-21 00:17:34.155] [info] Frame 267 (t = 2.67):	 total squared error = 0.000896340, marker error: RMS = 0.00576175, max = 0.0116759 (L_Elbow)
[2026-07-21 00:17:34.216] [info] Frame 268 (t = 2.68):	 total squared error = 0.000876093, marker error: RMS = 0.00569630, max = 0.0117579 (L_Elbow)
[2026-07-21 00:17:34.273] [info] Frame 269 (t = 2.69):	 total squared error = 0.000855095, marker error: RMS = 0.00562763, max = 0.0118697 (L_Elbow)
[2026-07-21 00:17:34.359] [info] Frame 270 (t = 2.7):	 total squared error = 0.000837558, marker error: RMS = 0.00556962, max = 0.011929 (L_Elbow)
[2026-07-21 00:17:34.423] [info] Frame 271 (t = 2.71):	 total squared error = 0.000836113, marker error: RMS = 0.00556481, max = 0.0120783 (L_Elbow)
[2026-07-21 00:17:34.498] [info] Frame 272 (t = 2.72):	 total squared error = 0.000849173, marker error: RMS = 0.00560811, max = 0.012149 (L_Elbow)
[2026-07-21 00:17:34.546] [info] Frame 273 (t = 2.73):	 total squared error = 0.000881454, marker error: RMS = 0.00571371, max = 0.0123439 (L_Elbow)
[2026-07-21 00:17:34.575] [info] Frame 274 (t = 2.74):	 total squared error = 0.000940726, marker error: RMS = 0.00590269, max = 0.0124595 (L_Elbow)
[2026-07-21 00:17:34.637] [info] Frame 275 (t = 2.75):	 total squared error = 0.000973382, marker error: RMS = 0.00600426, max = 0.0125334 (L_Elbow)
[2026-07-21 00:17:34.685] [info] Frame 276 (t = 2.76):	 total squared error = 0.00102050, marker error: RMS = 0.00614787, max = 0.0126504 (L_Elbow)
[2026-07-21 00:17:34.722] [info] Frame 277 (t = 2.77):	 total squared error = 0.00106711, marker error: RMS = 0.00628670, max = 0.0128246 (L_Elbow)
[2026-07-21 00:17:34.807] [info] Frame 278 (t = 2.78):	 total squared error = 0.00108996, marker error: RMS = 0.00635366, max = 0.0128227 (L_Elbow)
[2026-07-21 00:17:34.840] [info] Frame 279 (t = 2.79):	 total squared error = 0.00111382, marker error: RMS = 0.00642281, max = 0.0130553 (L_Elbow)
[2026-07-21 00:17:34.885] [info] Frame 280 (t = 2.8):	 total squared error = 0.00113072, marker error: RMS = 0.00647135, max = 0.013157 (L_Elbow)
[2026-07-21 00:17:34.911] [info] Frame 281 (t = 2.81):	 total squared error = 0.00115225, marker error: RMS = 0.00653269, max = 0.0133269 (L_Elbow)
[2026-07-21 00:17:34.979] [info] Frame 282 (t = 2.82):	 total squared error = 0.00116665, marker error: RMS = 0.00657337, max = 0.0134604 (L_Elbow)
[2026-07-21 00:17:35.033] [info] Frame 283 (t = 2.83):	 total squared error = 0.00119475, marker error: RMS = 0.00665206, max = 0.0136018 (L_Elbow)
[2026-07-21 00:17:35.066] [info] Frame 284 (t = 2.84):	 total squared error = 0.00123616, marker error: RMS = 0.00676637, max = 0.0137575 (L_Elbow)
[2026-07-21 00:17:35.108] [info] Frame 285 (t = 2.85):	 total squared error = 0.00128709, marker error: RMS = 0.00690436, max = 0.0138843 (L_Elbow)
[2026-07-21 00:17:35.142] [info] Frame 286 (t = 2.86):	 total squared error = 0.00134576, marker error: RMS = 0.00705996, max = 0.0141847 (L_Asis)
[2026-07-21 00:17:35.186] [info] Frame 287 (t = 2.87):	 total squared error = 0.00139595, marker error: RMS = 0.00719039, max = 0.0149717 (L_Asis)
[2026-07-21 00:17:35.234] [info] Frame 288 (t = 2.88):	 total squared error = 0.00143536, marker error: RMS = 0.00729118, max = 0.0156523 (L_Asis)
[2026-07-21 00:17:35.301] [info] Frame 289 (t = 2.89):	 total squared error = 0.00144615, marker error: RMS = 0.00731855, max = 0.0160519 (L_Asis)
[2026-07-21 00:17:35.344] [info] Frame 290 (t = 2.9):	 total squared error = 0.00144119, marker error: RMS = 0.00730599, max = 0.0161711 (L_Asis)
[2026-07-21 00:17:35.392] [info] Frame 291 (t = 2.91):	 total squared error = 0.00140322, marker error: RMS = 0.00720910, max = 0.0160424 (L_Asis)
[2026-07-21 00:17:35.445] [info] Frame 292 (t = 2.92):	 total squared error = 0.00133542, marker error: RMS = 0.00703278, max = 0.0155848 (L_Asis)
[2026-07-21 00:17:35.477] [info] Frame 293 (t = 2.93):	 total squared error = 0.00124804, marker error: RMS = 0.00679880, max = 0.0152725 (L_Asis)
[2026-07-21 00:17:35.526] [info] Frame 294 (t = 2.94):	 total squared error = 0.00114360, marker error: RMS = 0.00650811, max = 0.0138778 (L_Asis)
[2026-07-21 00:17:35.623] [info] Frame 295 (t = 2.95):	 total squared error = 0.00101561, marker error: RMS = 0.00613312, max = 0.0132963 (R_Asis)
[2026-07-21 00:17:35.636] [info] InverseKinematicsTool completed 256 frames in 15 second(s).
[2026-07-21 00:17:35.731] [info] Loaded model TCV09-scaled from file C:\Users\migue\Downloads\TFG\2_JMP\TVC09\Walk_2\TVC09_2_JMP_results\TVC09_2_NMSM_JMP_03_final.osim
[2026-07-21 00:17:37.205] [warning] Coordinate.setValue:  coordinate pro_sup_r is locked. Unable to change its value.
[2026-07-21 00:17:37.304] [warning] Coordinate.setValue:  coordinate pro_sup_l is locked. Unable to change its value.
[2026-07-21 00:19:23.597] [info] Loaded model TCV09-scaled from file C:\Users\migue\Downloads\TFG\2_JMP\TVC09\Walk_2\TVC09_2_JMP_results\TVC09_2_NMSM_JMP_03_final.osim
[2026-07-21 00:19:23.646] [cout] [info] 
               MODEL: TCV09-scaled
         coordinates: 41
              forces: 103
           actuators: 103
             muscles: 86
            analyses: 0
              probes: 0
              bodies: 24
              joints: 24
         constraints: 2
             markers: 27
         controllers: 0
  contact geometries: 0
misc modelcomponents: 0
[2026-07-21 00:19:23.647] [info] Running tool .
[2026-07-21 00:19:23.905] [info] Frame 40 (t = 0.4):	 total squared error = 0.00112356, marker error: RMS = 0.00645084, max = 0.0135796 (L_Thigh_Lateral)
[2026-07-21 00:19:23.933] [info] Frame 41 (t = 0.41):	 total squared error = 0.00115565, marker error: RMS = 0.00654230, max = 0.0138423 (L_Thigh_Lateral)
[2026-07-21 00:19:23.993] [info] Frame 42 (t = 0.42):	 total squared error = 0.00116550, marker error: RMS = 0.00657013, max = 0.01335 (L_Thigh_Lateral)
[2026-07-21 00:19:24.049] [info] Frame 43 (t = 0.43):	 total squared error = 0.00116129, marker error: RMS = 0.00655825, max = 0.0134087 (L_Elbow)
[2026-07-21 00:19:24.090] [info] Frame 44 (t = 0.44):	 total squared error = 0.00114641, marker error: RMS = 0.00651610, max = 0.0135126 (L_Elbow)
[2026-07-21 00:19:24.149] [info] Frame 45 (t = 0.45):	 total squared error = 0.00112004, marker error: RMS = 0.00644073, max = 0.0136336 (L_Elbow)
[2026-07-21 00:19:24.204] [info] Frame 46 (t = 0.46):	 total squared error = 0.00108239, marker error: RMS = 0.00633156, max = 0.0137619 (L_Elbow)
[2026-07-21 00:19:24.283] [info] Frame 47 (t = 0.47):	 total squared error = 0.00103451, marker error: RMS = 0.00618992, max = 0.0138176 (L_Elbow)
[2026-07-21 00:19:24.334] [info] Frame 48 (t = 0.48):	 total squared error = 0.00100139, marker error: RMS = 0.00609002, max = 0.0139489 (L_Elbow)
[2026-07-21 00:19:24.383] [info] Frame 49 (t = 0.49):	 total squared error = 0.000979652, marker error: RMS = 0.00602357, max = 0.0140970 (L_Elbow)
[2026-07-21 00:19:24.450] [info] Frame 50 (t = 0.5):	 total squared error = 0.000962716, marker error: RMS = 0.00597128, max = 0.0141682 (L_Elbow)
[2026-07-21 00:19:24.497] [info] Frame 51 (t = 0.51):	 total squared error = 0.000954186, marker error: RMS = 0.00594476, max = 0.0142656 (L_Elbow)
[2026-07-21 00:19:24.556] [info] Frame 52 (t = 0.52):	 total squared error = 0.000944885, marker error: RMS = 0.00591572, max = 0.0142461 (L_Elbow)
[2026-07-21 00:19:24.618] [info] Frame 53 (t = 0.53):	 total squared error = 0.000930297, marker error: RMS = 0.00586988, max = 0.0141772 (L_Elbow)
[2026-07-21 00:19:24.656] [info] Frame 54 (t = 0.54):	 total squared error = 0.000912211, marker error: RMS = 0.00581254, max = 0.0140744 (L_Elbow)
[2026-07-21 00:19:24.716] [info] Frame 55 (t = 0.55):	 total squared error = 0.000891627, marker error: RMS = 0.00574658, max = 0.0138202 (L_Elbow)
[2026-07-21 00:19:24.758] [info] Frame 56 (t = 0.56):	 total squared error = 0.000867884, marker error: RMS = 0.00566956, max = 0.013484 (L_Elbow)
[2026-07-21 00:19:24.807] [info] Frame 57 (t = 0.57):	 total squared error = 0.000845849, marker error: RMS = 0.00559712, max = 0.0130434 (L_Elbow)
[2026-07-21 00:19:24.849] [info] Frame 58 (t = 0.58):	 total squared error = 0.000825442, marker error: RMS = 0.00552919, max = 0.0125421 (L_Elbow)
[2026-07-21 00:19:24.911] [info] Frame 59 (t = 0.59):	 total squared error = 0.000804201, marker error: RMS = 0.00545758, max = 0.0119832 (L_Elbow)
[2026-07-21 00:19:24.966] [info] Frame 60 (t = 0.6):	 total squared error = 0.000792353, marker error: RMS = 0.00541723, max = 0.0114277 (R_Shoulder)
[2026-07-21 00:19:25.023] [info] Frame 61 (t = 0.61):	 total squared error = 0.000790043, marker error: RMS = 0.00540933, max = 0.0114965 (R_Shoulder)
[2026-07-21 00:19:25.101] [info] Frame 62 (t = 0.62):	 total squared error = 0.000799247, marker error: RMS = 0.00544075, max = 0.0115709 (R_Shoulder)
[2026-07-21 00:19:25.158] [info] Frame 63 (t = 0.63):	 total squared error = 0.000819599, marker error: RMS = 0.00550958, max = 0.0116399 (R_Shoulder)
[2026-07-21 00:19:25.213] [info] Frame 64 (t = 0.64):	 total squared error = 0.000853201, marker error: RMS = 0.00562139, max = 0.0117030 (R_Shoulder)
[2026-07-21 00:19:25.290] [info] Frame 65 (t = 0.65):	 total squared error = 0.000897162, marker error: RMS = 0.00576439, max = 0.0117034 (R_Shoulder)
[2026-07-21 00:19:25.360] [info] Frame 66 (t = 0.66):	 total squared error = 0.000950061, marker error: RMS = 0.00593190, max = 0.0117274 (R_Shoulder)
[2026-07-21 00:19:25.408] [info] Frame 67 (t = 0.67):	 total squared error = 0.00101001, marker error: RMS = 0.00611618, max = 0.0116747 (R_Shoulder)
[2026-07-21 00:19:25.457] [info] Frame 68 (t = 0.68):	 total squared error = 0.00107255, marker error: RMS = 0.00630270, max = 0.0117329 (R_Shank_Lateral)
[2026-07-21 00:19:25.529] [info] Frame 69 (t = 0.69):	 total squared error = 0.00113827, marker error: RMS = 0.00649294, max = 0.0126591 (R_Shank_Lateral)
[2026-07-21 00:19:25.584] [info] Frame 70 (t = 0.7):	 total squared error = 0.00121014, marker error: RMS = 0.00669478, max = 0.0134801 (R_Shank_Lateral)
[2026-07-21 00:19:25.641] [info] Frame 71 (t = 0.71):	 total squared error = 0.00128904, marker error: RMS = 0.00690958, max = 0.0145133 (R_Shank_Lateral)
[2026-07-21 00:19:25.690] [info] Frame 72 (t = 0.72):	 total squared error = 0.00137720, marker error: RMS = 0.00714194, max = 0.0158013 (R_Shank_Lateral)
[2026-07-21 00:19:25.738] [info] Frame 73 (t = 0.73):	 total squared error = 0.00147359, marker error: RMS = 0.00738766, max = 0.0172147 (R_Shank_Lateral)
[2026-07-21 00:19:25.792] [info] Frame 74 (t = 0.74):	 total squared error = 0.00157710, marker error: RMS = 0.00764271, max = 0.0187952 (R_Shank_Lateral)
[2026-07-21 00:19:25.849] [info] Frame 75 (t = 0.75):	 total squared error = 0.00168826, marker error: RMS = 0.00790748, max = 0.0204265 (R_Shank_Lateral)
[2026-07-21 00:19:25.896] [info] Frame 76 (t = 0.76):	 total squared error = 0.00180348, marker error: RMS = 0.00817285, max = 0.0220176 (R_Shank_Lateral)
[2026-07-21 00:19:25.941] [info] Frame 77 (t = 0.77):	 total squared error = 0.00191514, marker error: RMS = 0.00842206, max = 0.0234856 (R_Shank_Lateral)
[2026-07-21 00:19:25.984] [info] Frame 78 (t = 0.78):	 total squared error = 0.00201832, marker error: RMS = 0.00864595, max = 0.0247025 (R_Shank_Lateral)
[2026-07-21 00:19:26.022] [info] Frame 79 (t = 0.79):	 total squared error = 0.00210805, marker error: RMS = 0.00883607, max = 0.0255475 (R_Shank_Lateral)
[2026-07-21 00:19:26.073] [info] Frame 80 (t = 0.8):	 total squared error = 0.00216623, marker error: RMS = 0.00895716, max = 0.0262904 (R_Shank_Lateral)
[2026-07-21 00:19:26.112] [info] Frame 81 (t = 0.81):	 total squared error = 0.00220602, marker error: RMS = 0.00903905, max = 0.026638 (R_Shank_Lateral)
[2026-07-21 00:19:26.151] [info] Frame 82 (t = 0.82):	 total squared error = 0.00221947, marker error: RMS = 0.00906657, max = 0.026635 (R_Shank_Lateral)
[2026-07-21 00:19:26.217] [info] Frame 83 (t = 0.83):	 total squared error = 0.00220684, marker error: RMS = 0.00904073, max = 0.0262825 (R_Shank_Lateral)
[2026-07-21 00:19:26.254] [info] Frame 84 (t = 0.84):	 total squared error = 0.00218551, marker error: RMS = 0.00899694, max = 0.0257666 (R_Shank_Lateral)
[2026-07-21 00:19:26.301] [info] Frame 85 (t = 0.85):	 total squared error = 0.00214589, marker error: RMS = 0.00891501, max = 0.0252252 (R_Shank_Lateral)
[2026-07-21 00:19:26.337] [info] Frame 86 (t = 0.86):	 total squared error = 0.00210857, marker error: RMS = 0.00883715, max = 0.024359 (R_Shank_Lateral)
[2026-07-21 00:19:26.371] [info] Frame 87 (t = 0.87):	 total squared error = 0.00207433, marker error: RMS = 0.00876510, max = 0.0235834 (R_Shank_Lateral)
[2026-07-21 00:19:26.433] [info] Frame 88 (t = 0.88):	 total squared error = 0.00202530, marker error: RMS = 0.00866089, max = 0.0226553 (R_Shank_Lateral)
[2026-07-21 00:19:26.463] [info] Frame 89 (t = 0.89):	 total squared error = 0.00199721, marker error: RMS = 0.00860064, max = 0.0220528 (R_Shank_Lateral)
[2026-07-21 00:19:26.514] [info] Frame 90 (t = 0.9):	 total squared error = 0.00195843, marker error: RMS = 0.00851671, max = 0.0211727 (R_Shank_Lateral)
[2026-07-21 00:19:26.551] [info] Frame 91 (t = 0.91):	 total squared error = 0.00192964, marker error: RMS = 0.00845387, max = 0.0205873 (R_Shank_Lateral)
[2026-07-21 00:19:26.617] [info] Frame 92 (t = 0.92):	 total squared error = 0.00187969, marker error: RMS = 0.00834375, max = 0.019374 (R_Shank_Lateral)
[2026-07-21 00:19:26.685] [info] Frame 93 (t = 0.93):	 total squared error = 0.00182696, marker error: RMS = 0.00822588, max = 0.0183449 (R_Shank_Lateral)
[2026-07-21 00:19:26.738] [info] Frame 94 (t = 0.94):	 total squared error = 0.00176906, marker error: RMS = 0.00809448, max = 0.0173475 (R_Shank_Lateral)
[2026-07-21 00:19:26.816] [info] Frame 95 (t = 0.95):	 total squared error = 0.00168867, marker error: RMS = 0.00790842, max = 0.0154523 (R_Shank_Lateral)
[2026-07-21 00:19:26.897] [info] Frame 96 (t = 0.96):	 total squared error = 0.00160573, marker error: RMS = 0.00771176, max = 0.0143865 (Sternum)
[2026-07-21 00:19:26.987] [info] Frame 97 (t = 0.97):	 total squared error = 0.00152037, marker error: RMS = 0.00750401, max = 0.01445 (Sternum)
[2026-07-21 00:19:27.052] [info] Frame 98 (t = 0.98):	 total squared error = 0.00144548, marker error: RMS = 0.00731686, max = 0.014441 (Sternum)
[2026-07-21 00:19:27.163] [info] Frame 99 (t = 0.99):	 total squared error = 0.00136705, marker error: RMS = 0.00711557, max = 0.0144738 (Sternum)
[2026-07-21 00:19:27.251] [info] Frame 100 (t = 1.0):	 total squared error = 0.00131331, marker error: RMS = 0.00697433, max = 0.0145137 (Sternum)
[2026-07-21 00:19:27.326] [info] Frame 101 (t = 1.01):	 total squared error = 0.00127849, marker error: RMS = 0.00688125, max = 0.0144892 (Sternum)
[2026-07-21 00:19:27.374] [info] Frame 102 (t = 1.02):	 total squared error = 0.00127339, marker error: RMS = 0.00686751, max = 0.0146763 (Sternum)
[2026-07-21 00:19:27.450] [info] Frame 103 (t = 1.03):	 total squared error = 0.00127190, marker error: RMS = 0.00686348, max = 0.0146228 (Sternum)
[2026-07-21 00:19:27.535] [info] Frame 104 (t = 1.04):	 total squared error = 0.00129606, marker error: RMS = 0.00692837, max = 0.0147017 (Sternum)
[2026-07-21 00:19:27.604] [info] Frame 105 (t = 1.05):	 total squared error = 0.00133716, marker error: RMS = 0.00703737, max = 0.0147403 (Sternum)
[2026-07-21 00:19:27.659] [info] Frame 106 (t = 1.06):	 total squared error = 0.00139193, marker error: RMS = 0.00718003, max = 0.0148707 (Sternum)
[2026-07-21 00:19:27.723] [info] Frame 107 (t = 1.07):	 total squared error = 0.00144823, marker error: RMS = 0.00732382, max = 0.014921 (Sternum)
[2026-07-21 00:19:27.785] [info] Frame 108 (t = 1.08):	 total squared error = 0.00150553, marker error: RMS = 0.00746728, max = 0.0149242 (Sternum)
[2026-07-21 00:19:27.836] [info] Frame 109 (t = 1.09):	 total squared error = 0.00154948, marker error: RMS = 0.00757551, max = 0.0156267 (R_Thigh_Lateral)
[2026-07-21 00:19:27.861] [info] Frame 110 (t = 1.1):	 total squared error = 0.00158915, marker error: RMS = 0.00767187, max = 0.0164017 (R_Thigh_Lateral)
[2026-07-21 00:19:27.908] [info] Frame 111 (t = 1.11):	 total squared error = 0.00156196, marker error: RMS = 0.00760595, max = 0.0158986 (R_Thigh_Lateral)
[2026-07-21 00:19:27.932] [info] Frame 112 (t = 1.12):	 total squared error = 0.00152891, marker error: RMS = 0.00752506, max = 0.0149342 (R_Thigh_Lateral)
[2026-07-21 00:19:28.003] [info] Frame 113 (t = 1.13):	 total squared error = 0.00143448, marker error: RMS = 0.00728895, max = 0.0147089 (Sternum)
[2026-07-21 00:19:28.060] [info] Frame 114 (t = 1.14):	 total squared error = 0.00133950, marker error: RMS = 0.00704353, max = 0.0146205 (Sternum)
[2026-07-21 00:19:28.101] [info] Frame 115 (t = 1.15):	 total squared error = 0.00124253, marker error: RMS = 0.00678379, max = 0.0144664 (Sternum)
[2026-07-21 00:19:28.196] [info] Frame 116 (t = 1.16):	 total squared error = 0.00117778, marker error: RMS = 0.00660466, max = 0.0144193 (R_Wrist)
[2026-07-21 00:19:28.227] [info] Frame 117 (t = 1.17):	 total squared error = 0.00113853, marker error: RMS = 0.00649367, max = 0.0147027 (R_Wrist)
[2026-07-21 00:19:28.290] [info] Frame 118 (t = 1.18):	 total squared error = 0.00113694, marker error: RMS = 0.00648913, max = 0.0146903 (R_Wrist)
[2026-07-21 00:19:28.339] [info] Frame 119 (t = 1.19):	 total squared error = 0.00117952, marker error: RMS = 0.00660953, max = 0.0147263 (R_Wrist)
[2026-07-21 00:19:28.397] [info] Frame 120 (t = 1.2):	 total squared error = 0.00124593, marker error: RMS = 0.00679305, max = 0.0147345 (R_Wrist)
[2026-07-21 00:19:28.483] [info] Frame 121 (t = 1.21):	 total squared error = 0.00132204, marker error: RMS = 0.00699746, max = 0.0146455 (R_Wrist)
[2026-07-21 00:19:28.546] [info] Frame 122 (t = 1.22):	 total squared error = 0.00140478, marker error: RMS = 0.00721311, max = 0.0144843 (R_Wrist)
[2026-07-21 00:19:28.602] [info] Frame 123 (t = 1.23):	 total squared error = 0.00148559, marker error: RMS = 0.00741768, max = 0.0143083 (R_Wrist)
[2026-07-21 00:19:28.651] [info] Frame 124 (t = 1.24):	 total squared error = 0.00155143, marker error: RMS = 0.00758027, max = 0.0141033 (R_Wrist)
[2026-07-21 00:19:28.712] [info] Frame 125 (t = 1.25):	 total squared error = 0.00159079, marker error: RMS = 0.00767582, max = 0.0152085 (L_Shank_Lateral)
[2026-07-21 00:19:28.774] [info] Frame 126 (t = 1.26):	 total squared error = 0.00160159, marker error: RMS = 0.00770182, max = 0.0160601 (L_Shank_Lateral)
[2026-07-21 00:19:28.863] [info] Frame 127 (t = 1.27):	 total squared error = 0.00158365, marker error: RMS = 0.00765857, max = 0.016468 (L_Shank_Lateral)
[2026-07-21 00:19:28.918] [info] Frame 128 (t = 1.28):	 total squared error = 0.00156056, marker error: RMS = 0.00760254, max = 0.0159488 (L_Shank_Lateral)
[2026-07-21 00:19:29.000] [info] Frame 129 (t = 1.29):	 total squared error = 0.00152396, marker error: RMS = 0.00751286, max = 0.0163181 (L_Shank_Lateral)
[2026-07-21 00:19:29.051] [info] Frame 130 (t = 1.3):	 total squared error = 0.00149860, marker error: RMS = 0.00745008, max = 0.0156287 (L_Shank_Lateral)
[2026-07-21 00:19:29.098] [info] Frame 131 (t = 1.31):	 total squared error = 0.00148039, marker error: RMS = 0.00740469, max = 0.0153881 (L_Shank_Lateral)
[2026-07-21 00:19:29.163] [info] Frame 132 (t = 1.32):	 total squared error = 0.00146111, marker error: RMS = 0.00735631, max = 0.0157587 (L_Shank_Lateral)
[2026-07-21 00:19:29.212] [info] Frame 133 (t = 1.33):	 total squared error = 0.00145583, marker error: RMS = 0.00734300, max = 0.0153083 (L_Shank_Lateral)
[2026-07-21 00:19:29.268] [info] Frame 134 (t = 1.34):	 total squared error = 0.00145204, marker error: RMS = 0.00733342, max = 0.0151105 (L_Shank_Lateral)
[2026-07-21 00:19:29.321] [info] Frame 135 (t = 1.35):	 total squared error = 0.00145194, marker error: RMS = 0.00733318, max = 0.0148205 (L_Shank_Lateral)
[2026-07-21 00:19:29.359] [info] Frame 136 (t = 1.36):	 total squared error = 0.00145919, marker error: RMS = 0.00735148, max = 0.0144783 (L_Shank_Lateral)
[2026-07-21 00:19:29.428] [info] Frame 137 (t = 1.37):	 total squared error = 0.00144589, marker error: RMS = 0.00731788, max = 0.0150708 (L_Shank_Lateral)
[2026-07-21 00:19:29.469] [info] Frame 138 (t = 1.38):	 total squared error = 0.00145318, marker error: RMS = 0.00733631, max = 0.0150605 (L_Shank_Lateral)
[2026-07-21 00:19:29.521] [info] Frame 139 (t = 1.39):	 total squared error = 0.00145792, marker error: RMS = 0.00734828, max = 0.0153895 (L_Shank_Lateral)
[2026-07-21 00:19:29.571] [info] Frame 140 (t = 1.4):	 total squared error = 0.00146498, marker error: RMS = 0.00736605, max = 0.0158953 (L_Shank_Lateral)
[2026-07-21 00:19:29.626] [info] Frame 141 (t = 1.41):	 total squared error = 0.00147120, marker error: RMS = 0.00738165, max = 0.0165338 (L_Shank_Lateral)
[2026-07-21 00:19:29.678] [info] Frame 142 (t = 1.42):	 total squared error = 0.00147683, marker error: RMS = 0.00739577, max = 0.0172669 (L_Shank_Lateral)
[2026-07-21 00:19:29.738] [info] Frame 143 (t = 1.43):	 total squared error = 0.00147861, marker error: RMS = 0.00740022, max = 0.0177888 (L_Shank_Lateral)
[2026-07-21 00:19:29.810] [info] Frame 144 (t = 1.44):	 total squared error = 0.00147649, marker error: RMS = 0.00739491, max = 0.0181874 (L_Shank_Lateral)
[2026-07-21 00:19:29.898] [info] Frame 145 (t = 1.45):	 total squared error = 0.00146788, marker error: RMS = 0.00737332, max = 0.0181684 (L_Shank_Lateral)
[2026-07-21 00:19:30.016] [info] Frame 146 (t = 1.46):	 total squared error = 0.00144680, marker error: RMS = 0.00732018, max = 0.0179603 (L_Shank_Lateral)
[2026-07-21 00:19:30.073] [info] Frame 147 (t = 1.47):	 total squared error = 0.00140731, marker error: RMS = 0.00721961, max = 0.0177684 (L_Shank_Lateral)
[2026-07-21 00:19:30.162] [info] Frame 148 (t = 1.48):	 total squared error = 0.00133980, marker error: RMS = 0.00704432, max = 0.0163239 (L_Shank_Lateral)
[2026-07-21 00:19:30.218] [info] Frame 149 (t = 1.49):	 total squared error = 0.00125362, marker error: RMS = 0.00681398, max = 0.0149983 (L_Shank_Lateral)
[2026-07-21 00:19:30.280] [info] Frame 150 (t = 1.5):	 total squared error = 0.00114989, marker error: RMS = 0.00652599, max = 0.0127724 (L_Shank_Lateral)
[2026-07-21 00:19:30.347] [info] Frame 151 (t = 1.51):	 total squared error = 0.00104664, marker error: RMS = 0.00622611, max = 0.011291 (L_Elbow)
[2026-07-21 00:19:30.422] [info] Frame 152 (t = 1.52):	 total squared error = 0.000960398, marker error: RMS = 0.00596408, max = 0.0114217 (L_Elbow)
[2026-07-21 00:19:30.511] [info] Frame 153 (t = 1.53):	 total squared error = 0.000902405, marker error: RMS = 0.00578121, max = 0.0115104 (L_Elbow)
[2026-07-21 00:19:30.570] [info] Frame 154 (t = 1.54):	 total squared error = 0.000886288, marker error: RMS = 0.00572935, max = 0.0116336 (L_Elbow)
[2026-07-21 00:19:30.647] [info] Frame 155 (t = 1.55):	 total squared error = 0.000900264, marker error: RMS = 0.00577435, max = 0.0116443 (L_Elbow)
[2026-07-21 00:19:30.711] [info] Frame 156 (t = 1.56):	 total squared error = 0.000945079, marker error: RMS = 0.00591633, max = 0.0116854 (L_Elbow)
[2026-07-21 00:19:30.761] [info] Frame 157 (t = 1.57):	 total squared error = 0.00100520, marker error: RMS = 0.00610160, max = 0.0117259 (L_Elbow)
[2026-07-21 00:19:30.811] [info] Frame 158 (t = 1.58):	 total squared error = 0.00106251, marker error: RMS = 0.00627314, max = 0.0117205 (L_Elbow)
[2026-07-21 00:19:30.881] [info] Frame 159 (t = 1.59):	 total squared error = 0.00110801, marker error: RMS = 0.00640603, max = 0.0116926 (L_Elbow)
[2026-07-21 00:19:30.930] [info] Frame 160 (t = 1.6):	 total squared error = 0.00114296, marker error: RMS = 0.00650629, max = 0.0117104 (L_Elbow)
[2026-07-21 00:19:30.991] [info] Frame 161 (t = 1.61):	 total squared error = 0.00116233, marker error: RMS = 0.00656119, max = 0.0118368 (L_Thigh_Lateral)
[2026-07-21 00:19:31.037] [info] Frame 162 (t = 1.62):	 total squared error = 0.00117061, marker error: RMS = 0.00658452, max = 0.011896 (L_Thigh_Lateral)
[2026-07-21 00:19:31.069] [info] Frame 163 (t = 1.63):	 total squared error = 0.00117478, marker error: RMS = 0.00659623, max = 0.0118261 (L_Thigh_Lateral)
[2026-07-21 00:19:31.150] [info] Frame 164 (t = 1.64):	 total squared error = 0.00116795, marker error: RMS = 0.00657703, max = 0.0117236 (L_Elbow)
[2026-07-21 00:19:31.196] [info] Frame 165 (t = 1.65):	 total squared error = 0.00117062, marker error: RMS = 0.00658454, max = 0.0117452 (L_Elbow)
[2026-07-21 00:19:31.227] [info] Frame 166 (t = 1.66):	 total squared error = 0.00118286, marker error: RMS = 0.00661890, max = 0.011871 (L_Elbow)
[2026-07-21 00:19:31.256] [info] Frame 167 (t = 1.67):	 total squared error = 0.00120831, marker error: RMS = 0.00668970, max = 0.0120354 (L_Elbow)
[2026-07-21 00:19:31.303] [info] Frame 168 (t = 1.68):	 total squared error = 0.00123663, marker error: RMS = 0.00676764, max = 0.0120914 (L_Elbow)
[2026-07-21 00:19:31.337] [info] Frame 169 (t = 1.69):	 total squared error = 0.00127991, marker error: RMS = 0.00688506, max = 0.01228 (L_Elbow)
[2026-07-21 00:19:31.388] [info] Frame 170 (t = 1.7):	 total squared error = 0.00132351, marker error: RMS = 0.00700135, max = 0.0124481 (L_Elbow)
[2026-07-21 00:19:31.460] [info] Frame 171 (t = 1.71):	 total squared error = 0.00135559, marker error: RMS = 0.00708568, max = 0.0125226 (L_Elbow)
[2026-07-21 00:19:31.507] [info] Frame 172 (t = 1.72):	 total squared error = 0.00139511, marker error: RMS = 0.00718823, max = 0.0129291 (L_Asis)
[2026-07-21 00:19:31.536] [info] Frame 173 (t = 1.73):	 total squared error = 0.00142586, marker error: RMS = 0.00726704, max = 0.0132503 (L_Asis)
[2026-07-21 00:19:31.582] [info] Frame 174 (t = 1.74):	 total squared error = 0.00142567, marker error: RMS = 0.00726655, max = 0.0139811 (L_Asis)
[2026-07-21 00:19:31.671] [info] Frame 175 (t = 1.75):	 total squared error = 0.00138556, marker error: RMS = 0.00716358, max = 0.0137356 (L_Asis)
[2026-07-21 00:19:31.719] [info] Frame 176 (t = 1.76):	 total squared error = 0.00133543, marker error: RMS = 0.00703281, max = 0.0137448 (L_Asis)
[2026-07-21 00:19:31.783] [info] Frame 177 (t = 1.77):	 total squared error = 0.00126460, marker error: RMS = 0.00684376, max = 0.0131235 (L_Elbow)
[2026-07-21 00:19:31.836] [info] Frame 178 (t = 1.78):	 total squared error = 0.00118871, marker error: RMS = 0.00663523, max = 0.0130122 (L_Elbow)
[2026-07-21 00:19:31.916] [info] Frame 179 (t = 1.79):	 total squared error = 0.00109010, marker error: RMS = 0.00635405, max = 0.0128539 (L_Elbow)
[2026-07-21 00:19:31.964] [info] Frame 180 (t = 1.8):	 total squared error = 0.00101182, marker error: RMS = 0.00612167, max = 0.0126239 (L_Elbow)
[2026-07-21 00:19:32.008] [info] Frame 181 (t = 1.81):	 total squared error = 0.000934435, marker error: RMS = 0.00588292, max = 0.012318 (L_Elbow)
[2026-07-21 00:19:32.072] [info] Frame 182 (t = 1.82):	 total squared error = 0.000868081, marker error: RMS = 0.00567020, max = 0.0119474 (L_Elbow)
[2026-07-21 00:19:32.128] [info] Frame 183 (t = 1.83):	 total squared error = 0.000826363, marker error: RMS = 0.00553227, max = 0.0115493 (L_Elbow)
[2026-07-21 00:19:32.184] [info] Frame 184 (t = 1.84):	 total squared error = 0.000819027, marker error: RMS = 0.00550766, max = 0.0113774 (Sternum)
[2026-07-21 00:19:32.268] [info] Frame 185 (t = 1.85):	 total squared error = 0.000843593, marker error: RMS = 0.00558965, max = 0.0116895 (Sternum)
[2026-07-21 00:19:32.345] [info] Frame 186 (t = 1.86):	 total squared error = 0.000888749, marker error: RMS = 0.00573730, max = 0.011988 (Sternum)
[2026-07-21 00:19:32.422] [info] Frame 187 (t = 1.87):	 total squared error = 0.000944025, marker error: RMS = 0.00591303, max = 0.0122476 (Sternum)
[2026-07-21 00:19:32.487] [info] Frame 188 (t = 1.88):	 total squared error = 0.000995830, marker error: RMS = 0.00607310, max = 0.0124436 (Sternum)
[2026-07-21 00:19:32.542] [info] Frame 189 (t = 1.89):	 total squared error = 0.00104082, marker error: RMS = 0.00620879, max = 0.0125998 (Sternum)
[2026-07-21 00:19:32.598] [info] Frame 190 (t = 1.9):	 total squared error = 0.00107377, marker error: RMS = 0.00630628, max = 0.0131806 (R_Shank_Lateral)
[2026-07-21 00:19:32.674] [info] Frame 191 (t = 1.91):	 total squared error = 0.00110339, marker error: RMS = 0.00639268, max = 0.0142078 (R_Shank_Lateral)
[2026-07-21 00:19:32.720] [info] Frame 192 (t = 1.92):	 total squared error = 0.00114185, marker error: RMS = 0.00650313, max = 0.0148212 (R_Shank_Lateral)
[2026-07-21 00:19:32.789] [info] Frame 193 (t = 1.93):	 total squared error = 0.00118751, marker error: RMS = 0.00663187, max = 0.0159492 (R_Shank_Lateral)
[2026-07-21 00:19:32.849] [info] Frame 194 (t = 1.94):	 total squared error = 0.00124841, marker error: RMS = 0.00679981, max = 0.0168889 (R_Shank_Lateral)
[2026-07-21 00:19:32.893] [info] Frame 195 (t = 1.95):	 total squared error = 0.00132226, marker error: RMS = 0.00699805, max = 0.0179229 (R_Shank_Lateral)
[2026-07-21 00:19:32.931] [info] Frame 196 (t = 1.96):	 total squared error = 0.00140485, marker error: RMS = 0.00721327, max = 0.0189694 (R_Shank_Lateral)
[2026-07-21 00:19:32.991] [info] Frame 197 (t = 1.97):	 total squared error = 0.00147829, marker error: RMS = 0.00739942, max = 0.0200812 (R_Shank_Lateral)
[2026-07-21 00:19:33.043] [info] Frame 198 (t = 1.98):	 total squared error = 0.00155079, marker error: RMS = 0.00757870, max = 0.0210652 (R_Shank_Lateral)
[2026-07-21 00:19:33.103] [info] Frame 199 (t = 1.99):	 total squared error = 0.00161548, marker error: RMS = 0.00773515, max = 0.0219151 (R_Shank_Lateral)
[2026-07-21 00:19:33.148] [info] Frame 200 (t = 2.0):	 total squared error = 0.00167485, marker error: RMS = 0.00787601, max = 0.0225863 (R_Shank_Lateral)
[2026-07-21 00:19:33.192] [info] Frame 201 (t = 2.01):	 total squared error = 0.00172471, marker error: RMS = 0.00799237, max = 0.0231764 (R_Shank_Lateral)
[2026-07-21 00:19:33.228] [info] Frame 202 (t = 2.02):	 total squared error = 0.00176862, marker error: RMS = 0.00809349, max = 0.0236414 (R_Shank_Lateral)
[2026-07-21 00:19:33.302] [info] Frame 203 (t = 2.03):	 total squared error = 0.00179805, marker error: RMS = 0.00816053, max = 0.0241026 (R_Shank_Lateral)
[2026-07-21 00:19:33.357] [info] Frame 204 (t = 2.04):	 total squared error = 0.00182840, marker error: RMS = 0.00822914, max = 0.0245377 (R_Shank_Lateral)
[2026-07-21 00:19:33.407] [info] Frame 205 (t = 2.05):	 total squared error = 0.00185365, marker error: RMS = 0.00828575, max = 0.0249090 (R_Shank_Lateral)
[2026-07-21 00:19:33.467] [info] Frame 206 (t = 2.06):	 total squared error = 0.00187188, marker error: RMS = 0.00832639, max = 0.0251535 (R_Shank_Lateral)
[2026-07-21 00:19:33.541] [info] Frame 207 (t = 2.07):	 total squared error = 0.00188390, marker error: RMS = 0.00835308, max = 0.0253788 (R_Shank_Lateral)
[2026-07-21 00:19:33.602] [info] Frame 208 (t = 2.08):	 total squared error = 0.00189125, marker error: RMS = 0.00836937, max = 0.0256426 (R_Shank_Lateral)
[2026-07-21 00:19:33.633] [info] Frame 209 (t = 2.09):	 total squared error = 0.00189978, marker error: RMS = 0.00838823, max = 0.0259113 (R_Shank_Lateral)
[2026-07-21 00:19:33.728] [info] Frame 210 (t = 2.1):	 total squared error = 0.00186516, marker error: RMS = 0.00831144, max = 0.0253684 (R_Shank_Lateral)
[2026-07-21 00:19:33.822] [info] Frame 211 (t = 2.11):	 total squared error = 0.00182490, marker error: RMS = 0.00822124, max = 0.0248524 (R_Shank_Lateral)
[2026-07-21 00:19:33.874] [info] Frame 212 (t = 2.12):	 total squared error = 0.00176402, marker error: RMS = 0.00808295, max = 0.0242316 (R_Shank_Lateral)
[2026-07-21 00:19:33.925] [info] Frame 213 (t = 2.13):	 total squared error = 0.00167385, marker error: RMS = 0.00787366, max = 0.0229861 (R_Shank_Lateral)
[2026-07-21 00:19:34.054] [info] Frame 214 (t = 2.14):	 total squared error = 0.00153698, marker error: RMS = 0.00754487, max = 0.0204144 (R_Shank_Lateral)
[2026-07-21 00:19:34.116] [info] Frame 215 (t = 2.15):	 total squared error = 0.00139373, marker error: RMS = 0.00718469, max = 0.0181514 (R_Shank_Lateral)
[2026-07-21 00:19:34.195] [info] Frame 216 (t = 2.16):	 total squared error = 0.00123919, marker error: RMS = 0.00677467, max = 0.0150521 (R_Shank_Lateral)
[2026-07-21 00:19:34.281] [info] Frame 217 (t = 2.17):	 total squared error = 0.00108563, marker error: RMS = 0.00634102, max = 0.012959 (Sternum)
[2026-07-21 00:19:34.327] [info] Frame 218 (t = 2.18):	 total squared error = 0.000980740, marker error: RMS = 0.00602692, max = 0.0129202 (Sternum)
[2026-07-21 00:19:34.450] [info] Frame 219 (t = 2.19):	 total squared error = 0.000900652, marker error: RMS = 0.00577560, max = 0.0128555 (Sternum)
[2026-07-21 00:19:34.528] [info] Frame 220 (t = 2.2):	 total squared error = 0.000898643, marker error: RMS = 0.00576915, max = 0.0128007 (Sternum)
[2026-07-21 00:19:34.581] [info] Frame 221 (t = 2.21):	 total squared error = 0.000965314, marker error: RMS = 0.00597933, max = 0.0127814 (Sternum)
[2026-07-21 00:19:34.668] [info] Frame 222 (t = 2.22):	 total squared error = 0.00105549, marker error: RMS = 0.00625237, max = 0.0127222 (Sternum)
[2026-07-21 00:19:34.732] [info] Frame 223 (t = 2.23):	 total squared error = 0.00117359, marker error: RMS = 0.00659291, max = 0.0131839 (R_Thigh_Lateral)
[2026-07-21 00:19:34.767] [info] Frame 224 (t = 2.24):	 total squared error = 0.00128565, marker error: RMS = 0.00690049, max = 0.0152267 (R_Thigh_Lateral)
[2026-07-21 00:19:34.805] [info] Frame 225 (t = 2.25):	 total squared error = 0.00132981, marker error: RMS = 0.00701799, max = 0.0157834 (R_Thigh_Lateral)
[2026-07-21 00:19:34.847] [info] Frame 226 (t = 2.26):	 total squared error = 0.00128832, marker error: RMS = 0.00690764, max = 0.0152131 (R_Thigh_Lateral)
[2026-07-21 00:19:34.894] [info] Frame 227 (t = 2.27):	 total squared error = 0.00120195, marker error: RMS = 0.00667207, max = 0.0135923 (R_Thigh_Lateral)
[2026-07-21 00:19:34.923] [info] Frame 228 (t = 2.28):	 total squared error = 0.00109839, marker error: RMS = 0.00637818, max = 0.0129775 (L_Thigh_Lateral)
[2026-07-21 00:19:34.971] [info] Frame 229 (t = 2.29):	 total squared error = 0.000991393, marker error: RMS = 0.00605956, max = 0.0127071 (L_Thigh_Lateral)
[2026-07-21 00:19:35.012] [info] Frame 230 (t = 2.3):	 total squared error = 0.000921071, marker error: RMS = 0.00584070, max = 0.0124689 (L_Thigh_Lateral)
[2026-07-21 00:19:35.058] [info] Frame 231 (t = 2.31):	 total squared error = 0.000883979, marker error: RMS = 0.00572188, max = 0.0121882 (L_Thigh_Lateral)
[2026-07-21 00:19:35.109] [info] Frame 232 (t = 2.32):	 total squared error = 0.000868265, marker error: RMS = 0.00567080, max = 0.0118369 (L_Thigh_Lateral)
[2026-07-21 00:19:35.190] [info] Frame 233 (t = 2.33):	 total squared error = 0.000861049, marker error: RMS = 0.00564719, max = 0.0114255 (L_Thigh_Lateral)
[2026-07-21 00:19:35.242] [info] Frame 234 (t = 2.34):	 total squared error = 0.000850563, marker error: RMS = 0.00561270, max = 0.0108159 (L_Thigh_Lateral)
[2026-07-21 00:19:35.300] [info] Frame 235 (t = 2.35):	 total squared error = 0.000842530, marker error: RMS = 0.00558613, max = 0.0108885 (R_Wrist)
[2026-07-21 00:19:35.360] [info] Frame 236 (t = 2.36):	 total squared error = 0.000839711, marker error: RMS = 0.00557677, max = 0.0113271 (R_Wrist)
[2026-07-21 00:19:35.422] [info] Frame 237 (t = 2.37):	 total squared error = 0.000846949, marker error: RMS = 0.00560076, max = 0.0117303 (R_Wrist)
[2026-07-21 00:19:35.475] [info] Frame 238 (t = 2.38):	 total squared error = 0.000867745, marker error: RMS = 0.00566910, max = 0.0120937 (R_Wrist)
[2026-07-21 00:19:35.540] [info] Frame 239 (t = 2.39):	 total squared error = 0.000901718, marker error: RMS = 0.00577901, max = 0.0124183 (R_Wrist)
[2026-07-21 00:19:35.600] [info] Frame 240 (t = 2.4):	 total squared error = 0.000949806, marker error: RMS = 0.00593110, max = 0.0127355 (R_Wrist)
[2026-07-21 00:19:35.660] [info] Frame 241 (t = 2.41):	 total squared error = 0.00101351, marker error: RMS = 0.00612677, max = 0.0129374 (R_Wrist)
[2026-07-21 00:19:35.721] [info] Frame 242 (t = 2.42):	 total squared error = 0.00108734, marker error: RMS = 0.00634600, max = 0.0130441 (R_Wrist)
[2026-07-21 00:19:35.780] [info] Frame 243 (t = 2.43):	 total squared error = 0.00116778, marker error: RMS = 0.00657655, max = 0.0130840 (R_Wrist)
[2026-07-21 00:19:35.869] [info] Frame 244 (t = 2.44):	 total squared error = 0.00124948, marker error: RMS = 0.00680272, max = 0.0132174 (R_Wrist)
[2026-07-21 00:19:35.915] [info] Frame 245 (t = 2.45):	 total squared error = 0.00133709, marker error: RMS = 0.00703718, max = 0.0131759 (L_Shank_Lateral)
[2026-07-21 00:19:35.967] [info] Frame 246 (t = 2.46):	 total squared error = 0.00142096, marker error: RMS = 0.00725452, max = 0.0145535 (L_Shank_Lateral)
[2026-07-21 00:19:36.026] [info] Frame 247 (t = 2.47):	 total squared error = 0.00150251, marker error: RMS = 0.00745980, max = 0.0158348 (L_Shank_Lateral)
[2026-07-21 00:19:36.086] [info] Frame 248 (t = 2.48):	 total squared error = 0.00157736, marker error: RMS = 0.00764333, max = 0.0176436 (L_Shank_Lateral)
[2026-07-21 00:19:36.136] [info] Frame 249 (t = 2.49):	 total squared error = 0.00164985, marker error: RMS = 0.00781700, max = 0.0189936 (L_Shank_Lateral)
[2026-07-21 00:19:36.182] [info] Frame 250 (t = 2.5):	 total squared error = 0.00170963, marker error: RMS = 0.00795736, max = 0.0203059 (L_Shank_Lateral)
[2026-07-21 00:19:36.261] [info] Frame 251 (t = 2.51):	 total squared error = 0.00173938, marker error: RMS = 0.00802629, max = 0.0218832 (L_Shank_Lateral)
[2026-07-21 00:19:36.309] [info] Frame 252 (t = 2.52):	 total squared error = 0.00174009, marker error: RMS = 0.00802795, max = 0.0220310 (L_Shank_Lateral)
[2026-07-21 00:19:36.351] [info] Frame 253 (t = 2.53):	 total squared error = 0.00170377, marker error: RMS = 0.00794371, max = 0.0217922 (L_Shank_Lateral)
[2026-07-21 00:19:36.393] [info] Frame 254 (t = 2.54):	 total squared error = 0.00163387, marker error: RMS = 0.00777905, max = 0.0210307 (L_Shank_Lateral)
[2026-07-21 00:19:36.439] [info] Frame 255 (t = 2.55):	 total squared error = 0.00154070, marker error: RMS = 0.00755401, max = 0.0198637 (L_Shank_Lateral)
[2026-07-21 00:19:36.500] [info] Frame 256 (t = 2.56):	 total squared error = 0.00143457, marker error: RMS = 0.00728918, max = 0.0186225 (L_Shank_Lateral)
[2026-07-21 00:19:36.558] [info] Frame 257 (t = 2.57):	 total squared error = 0.00133343, marker error: RMS = 0.00702754, max = 0.0171817 (L_Shank_Lateral)
[2026-07-21 00:19:36.611] [info] Frame 258 (t = 2.58):	 total squared error = 0.00124019, marker error: RMS = 0.00677738, max = 0.0159113 (L_Shank_Lateral)
[2026-07-21 00:19:36.661] [info] Frame 259 (t = 2.59):	 total squared error = 0.00116306, marker error: RMS = 0.00656325, max = 0.0148068 (L_Shank_Lateral)
[2026-07-21 00:19:36.720] [info] Frame 260 (t = 2.6):	 total squared error = 0.00109231, marker error: RMS = 0.00636049, max = 0.0140600 (L_Shank_Lateral)
[2026-07-21 00:19:36.762] [info] Frame 261 (t = 2.61):	 total squared error = 0.00105320, marker error: RMS = 0.00624560, max = 0.0135885 (L_Shank_Lateral)
[2026-07-21 00:19:36.843] [info] Frame 262 (t = 2.62):	 total squared error = 0.000997311, marker error: RMS = 0.00607762, max = 0.0129848 (L_Shank_Lateral)
[2026-07-21 00:19:36.925] [info] Frame 263 (t = 2.63):	 total squared error = 0.000968640, marker error: RMS = 0.00598962, max = 0.012669 (L_Shank_Lateral)
[2026-07-21 00:19:37.000] [info] Frame 264 (t = 2.64):	 total squared error = 0.000948538, marker error: RMS = 0.00592714, max = 0.0124090 (L_Shank_Lateral)
[2026-07-21 00:19:37.061] [info] Frame 265 (t = 2.65):	 total squared error = 0.000933967, marker error: RMS = 0.00588144, max = 0.0120459 (L_Shank_Lateral)
[2026-07-21 00:19:37.117] [info] Frame 266 (t = 2.66):	 total squared error = 0.000919496, marker error: RMS = 0.00583570, max = 0.0116664 (L_Elbow)
[2026-07-21 00:19:37.189] [info] Frame 267 (t = 2.67):	 total squared error = 0.000896340, marker error: RMS = 0.00576175, max = 0.0116759 (L_Elbow)
[2026-07-21 00:19:37.254] [info] Frame 268 (t = 2.68):	 total squared error = 0.000876093, marker error: RMS = 0.00569630, max = 0.0117579 (L_Elbow)
[2026-07-21 00:19:37.311] [info] Frame 269 (t = 2.69):	 total squared error = 0.000855095, marker error: RMS = 0.00562763, max = 0.0118697 (L_Elbow)
[2026-07-21 00:19:37.396] [info] Frame 270 (t = 2.7):	 total squared error = 0.000837558, marker error: RMS = 0.00556962, max = 0.011929 (L_Elbow)
[2026-07-21 00:19:37.458] [info] Frame 271 (t = 2.71):	 total squared error = 0.000836113, marker error: RMS = 0.00556481, max = 0.0120783 (L_Elbow)
[2026-07-21 00:19:37.533] [info] Frame 272 (t = 2.72):	 total squared error = 0.000849173, marker error: RMS = 0.00560811, max = 0.012149 (L_Elbow)
[2026-07-21 00:19:37.579] [info] Frame 273 (t = 2.73):	 total squared error = 0.000881454, marker error: RMS = 0.00571371, max = 0.0123439 (L_Elbow)
[2026-07-21 00:19:37.607] [info] Frame 274 (t = 2.74):	 total squared error = 0.000940726, marker error: RMS = 0.00590269, max = 0.0124595 (L_Elbow)
[2026-07-21 00:19:37.665] [info] Frame 275 (t = 2.75):	 total squared error = 0.000973382, marker error: RMS = 0.00600426, max = 0.0125334 (L_Elbow)
[2026-07-21 00:19:37.714] [info] Frame 276 (t = 2.76):	 total squared error = 0.00102050, marker error: RMS = 0.00614787, max = 0.0126504 (L_Elbow)
[2026-07-21 00:19:37.750] [info] Frame 277 (t = 2.77):	 total squared error = 0.00106711, marker error: RMS = 0.00628670, max = 0.0128246 (L_Elbow)
[2026-07-21 00:19:37.836] [info] Frame 278 (t = 2.78):	 total squared error = 0.00108996, marker error: RMS = 0.00635366, max = 0.0128227 (L_Elbow)
[2026-07-21 00:19:37.872] [info] Frame 279 (t = 2.79):	 total squared error = 0.00111382, marker error: RMS = 0.00642281, max = 0.0130553 (L_Elbow)
[2026-07-21 00:19:37.916] [info] Frame 280 (t = 2.8):	 total squared error = 0.00113072, marker error: RMS = 0.00647135, max = 0.013157 (L_Elbow)
[2026-07-21 00:19:37.941] [info] Frame 281 (t = 2.81):	 total squared error = 0.00115225, marker error: RMS = 0.00653269, max = 0.0133269 (L_Elbow)
[2026-07-21 00:19:38.007] [info] Frame 282 (t = 2.82):	 total squared error = 0.00116665, marker error: RMS = 0.00657337, max = 0.0134604 (L_Elbow)
[2026-07-21 00:19:38.063] [info] Frame 283 (t = 2.83):	 total squared error = 0.00119475, marker error: RMS = 0.00665206, max = 0.0136018 (L_Elbow)
[2026-07-21 00:19:38.099] [info] Frame 284 (t = 2.84):	 total squared error = 0.00123616, marker error: RMS = 0.00676637, max = 0.0137575 (L_Elbow)
[2026-07-21 00:19:38.143] [info] Frame 285 (t = 2.85):	 total squared error = 0.00128709, marker error: RMS = 0.00690436, max = 0.0138843 (L_Elbow)
[2026-07-21 00:19:38.175] [info] Frame 286 (t = 2.86):	 total squared error = 0.00134576, marker error: RMS = 0.00705996, max = 0.0141847 (L_Asis)
[2026-07-21 00:19:38.218] [info] Frame 287 (t = 2.87):	 total squared error = 0.00139595, marker error: RMS = 0.00719039, max = 0.0149717 (L_Asis)
[2026-07-21 00:19:38.266] [info] Frame 288 (t = 2.88):	 total squared error = 0.00143536, marker error: RMS = 0.00729118, max = 0.0156523 (L_Asis)
[2026-07-21 00:19:38.332] [info] Frame 289 (t = 2.89):	 total squared error = 0.00144615, marker error: RMS = 0.00731855, max = 0.0160519 (L_Asis)
[2026-07-21 00:19:38.379] [info] Frame 290 (t = 2.9):	 total squared error = 0.00144119, marker error: RMS = 0.00730599, max = 0.0161711 (L_Asis)
[2026-07-21 00:19:38.431] [info] Frame 291 (t = 2.91):	 total squared error = 0.00140322, marker error: RMS = 0.00720910, max = 0.0160424 (L_Asis)
[2026-07-21 00:19:38.484] [info] Frame 292 (t = 2.92):	 total squared error = 0.00133542, marker error: RMS = 0.00703278, max = 0.0155848 (L_Asis)
[2026-07-21 00:19:38.517] [info] Frame 293 (t = 2.93):	 total squared error = 0.00124804, marker error: RMS = 0.00679880, max = 0.0152725 (L_Asis)
[2026-07-21 00:19:38.567] [info] Frame 294 (t = 2.94):	 total squared error = 0.00114360, marker error: RMS = 0.00650811, max = 0.0138778 (L_Asis)
[2026-07-21 00:19:38.662] [info] Frame 295 (t = 2.95):	 total squared error = 0.00101561, marker error: RMS = 0.00613312, max = 0.0132963 (R_Asis)
[2026-07-21 00:19:38.674] [info] InverseKinematicsTool completed 256 frames in 15 second(s).
[2026-07-21 00:19:38.765] [info] Loaded model TCV09-scaled from file C:\Users\migue\Downloads\TFG\2_JMP\TVC09\Walk_2\TVC09_2_JMP_results\TVC09_2_NMSM_JMP_03_final.osim
[2026-07-21 00:19:40.239] [warning] Coordinate.setValue:  coordinate pro_sup_r is locked. Unable to change its value.
[2026-07-21 00:19:40.334] [warning] Coordinate.setValue:  coordinate pro_sup_l is locked. Unable to change its value.
[2026-07-21 00:21:27.549] [info] Loaded model TCV09-scaled from file C:\Users\migue\Downloads\TFG\2_JMP\TVC09\Walk_2\TVC09_2_JMP_results\TVC09_2_NMSM_JMP_04_ankle_axis.osim
[2026-07-21 00:21:27.586] [cout] [info] 
               MODEL: TCV09-scaled
         coordinates: 41
              forces: 103
           actuators: 103
             muscles: 86
            analyses: 0
              probes: 0
              bodies: 24
              joints: 24
         constraints: 2
             markers: 27
         controllers: 0
  contact geometries: 0
misc modelcomponents: 0
[2026-07-21 00:21:27.586] [info] Running tool .
[2026-07-21 00:21:27.839] [info] Frame 40 (t = 0.4):	 total squared error = 0.00112356, marker error: RMS = 0.00645084, max = 0.0135796 (L_Thigh_Lateral)
[2026-07-21 00:21:27.868] [info] Frame 41 (t = 0.41):	 total squared error = 0.00115565, marker error: RMS = 0.00654230, max = 0.0138423 (L_Thigh_Lateral)
[2026-07-21 00:21:27.933] [info] Frame 42 (t = 0.42):	 total squared error = 0.00116550, marker error: RMS = 0.00657013, max = 0.01335 (L_Thigh_Lateral)
[2026-07-21 00:21:27.988] [info] Frame 43 (t = 0.43):	 total squared error = 0.00116129, marker error: RMS = 0.00655825, max = 0.0134087 (L_Elbow)
[2026-07-21 00:21:28.028] [info] Frame 44 (t = 0.44):	 total squared error = 0.00114641, marker error: RMS = 0.00651610, max = 0.0135126 (L_Elbow)
[2026-07-21 00:21:28.081] [info] Frame 45 (t = 0.45):	 total squared error = 0.00112004, marker error: RMS = 0.00644073, max = 0.0136336 (L_Elbow)
[2026-07-21 00:21:28.136] [info] Frame 46 (t = 0.46):	 total squared error = 0.00108239, marker error: RMS = 0.00633156, max = 0.0137619 (L_Elbow)
[2026-07-21 00:21:28.213] [info] Frame 47 (t = 0.47):	 total squared error = 0.00103451, marker error: RMS = 0.00618992, max = 0.0138176 (L_Elbow)
[2026-07-21 00:21:28.264] [info] Frame 48 (t = 0.48):	 total squared error = 0.00100139, marker error: RMS = 0.00609002, max = 0.0139489 (L_Elbow)
[2026-07-21 00:21:28.312] [info] Frame 49 (t = 0.49):	 total squared error = 0.000979652, marker error: RMS = 0.00602357, max = 0.0140970 (L_Elbow)
[2026-07-21 00:21:28.376] [info] Frame 50 (t = 0.5):	 total squared error = 0.000962716, marker error: RMS = 0.00597128, max = 0.0141682 (L_Elbow)
[2026-07-21 00:21:28.423] [info] Frame 51 (t = 0.51):	 total squared error = 0.000954186, marker error: RMS = 0.00594476, max = 0.0142656 (L_Elbow)
[2026-07-21 00:21:28.484] [info] Frame 52 (t = 0.52):	 total squared error = 0.000944885, marker error: RMS = 0.00591572, max = 0.0142461 (L_Elbow)
[2026-07-21 00:21:28.544] [info] Frame 53 (t = 0.53):	 total squared error = 0.000930297, marker error: RMS = 0.00586988, max = 0.0141772 (L_Elbow)
[2026-07-21 00:21:28.581] [info] Frame 54 (t = 0.54):	 total squared error = 0.000912211, marker error: RMS = 0.00581254, max = 0.0140744 (L_Elbow)
[2026-07-21 00:21:28.646] [info] Frame 55 (t = 0.55):	 total squared error = 0.000891627, marker error: RMS = 0.00574658, max = 0.0138202 (L_Elbow)
[2026-07-21 00:21:28.690] [info] Frame 56 (t = 0.56):	 total squared error = 0.000867884, marker error: RMS = 0.00566956, max = 0.013484 (L_Elbow)
[2026-07-21 00:21:28.741] [info] Frame 57 (t = 0.57):	 total squared error = 0.000845849, marker error: RMS = 0.00559712, max = 0.0130434 (L_Elbow)
[2026-07-21 00:21:28.783] [info] Frame 58 (t = 0.58):	 total squared error = 0.000825442, marker error: RMS = 0.00552919, max = 0.0125421 (L_Elbow)
[2026-07-21 00:21:28.844] [info] Frame 59 (t = 0.59):	 total squared error = 0.000804201, marker error: RMS = 0.00545758, max = 0.0119832 (L_Elbow)
[2026-07-21 00:21:28.899] [info] Frame 60 (t = 0.6):	 total squared error = 0.000792353, marker error: RMS = 0.00541723, max = 0.0114277 (R_Shoulder)
[2026-07-21 00:21:28.957] [info] Frame 61 (t = 0.61):	 total squared error = 0.000790043, marker error: RMS = 0.00540933, max = 0.0114965 (R_Shoulder)
[2026-07-21 00:21:29.032] [info] Frame 62 (t = 0.62):	 total squared error = 0.000799247, marker error: RMS = 0.00544075, max = 0.0115709 (R_Shoulder)
[2026-07-21 00:21:29.088] [info] Frame 63 (t = 0.63):	 total squared error = 0.000819599, marker error: RMS = 0.00550958, max = 0.0116399 (R_Shoulder)
[2026-07-21 00:21:29.150] [info] Frame 64 (t = 0.64):	 total squared error = 0.000853201, marker error: RMS = 0.00562139, max = 0.0117030 (R_Shoulder)
[2026-07-21 00:21:29.228] [info] Frame 65 (t = 0.65):	 total squared error = 0.000897162, marker error: RMS = 0.00576439, max = 0.0117034 (R_Shoulder)
[2026-07-21 00:21:29.300] [info] Frame 66 (t = 0.66):	 total squared error = 0.000950061, marker error: RMS = 0.00593190, max = 0.0117274 (R_Shoulder)
[2026-07-21 00:21:29.355] [info] Frame 67 (t = 0.67):	 total squared error = 0.00101001, marker error: RMS = 0.00611618, max = 0.0116747 (R_Shoulder)
[2026-07-21 00:21:29.405] [info] Frame 68 (t = 0.68):	 total squared error = 0.00107255, marker error: RMS = 0.00630270, max = 0.0117329 (R_Shank_Lateral)
[2026-07-21 00:21:29.477] [info] Frame 69 (t = 0.69):	 total squared error = 0.00113827, marker error: RMS = 0.00649294, max = 0.0126591 (R_Shank_Lateral)
[2026-07-21 00:21:29.533] [info] Frame 70 (t = 0.7):	 total squared error = 0.00121014, marker error: RMS = 0.00669478, max = 0.0134801 (R_Shank_Lateral)
[2026-07-21 00:21:29.588] [info] Frame 71 (t = 0.71):	 total squared error = 0.00128904, marker error: RMS = 0.00690958, max = 0.0145133 (R_Shank_Lateral)
[2026-07-21 00:21:29.632] [info] Frame 72 (t = 0.72):	 total squared error = 0.00137720, marker error: RMS = 0.00714194, max = 0.0158013 (R_Shank_Lateral)
[2026-07-21 00:21:29.684] [info] Frame 73 (t = 0.73):	 total squared error = 0.00147359, marker error: RMS = 0.00738766, max = 0.0172147 (R_Shank_Lateral)
[2026-07-21 00:21:29.743] [info] Frame 74 (t = 0.74):	 total squared error = 0.00157710, marker error: RMS = 0.00764271, max = 0.0187952 (R_Shank_Lateral)
[2026-07-21 00:21:29.799] [info] Frame 75 (t = 0.75):	 total squared error = 0.00168826, marker error: RMS = 0.00790748, max = 0.0204265 (R_Shank_Lateral)
[2026-07-21 00:21:29.847] [info] Frame 76 (t = 0.76):	 total squared error = 0.00180348, marker error: RMS = 0.00817285, max = 0.0220176 (R_Shank_Lateral)
[2026-07-21 00:21:29.895] [info] Frame 77 (t = 0.77):	 total squared error = 0.00191514, marker error: RMS = 0.00842206, max = 0.0234856 (R_Shank_Lateral)
[2026-07-21 00:21:29.939] [info] Frame 78 (t = 0.78):	 total squared error = 0.00201832, marker error: RMS = 0.00864595, max = 0.0247025 (R_Shank_Lateral)
[2026-07-21 00:21:29.975] [info] Frame 79 (t = 0.79):	 total squared error = 0.00210805, marker error: RMS = 0.00883607, max = 0.0255475 (R_Shank_Lateral)
[2026-07-21 00:21:30.029] [info] Frame 80 (t = 0.8):	 total squared error = 0.00216623, marker error: RMS = 0.00895716, max = 0.0262904 (R_Shank_Lateral)
[2026-07-21 00:21:30.068] [info] Frame 81 (t = 0.81):	 total squared error = 0.00220602, marker error: RMS = 0.00903905, max = 0.026638 (R_Shank_Lateral)
[2026-07-21 00:21:30.109] [info] Frame 82 (t = 0.82):	 total squared error = 0.00221947, marker error: RMS = 0.00906657, max = 0.026635 (R_Shank_Lateral)
[2026-07-21 00:21:30.181] [info] Frame 83 (t = 0.83):	 total squared error = 0.00220684, marker error: RMS = 0.00904073, max = 0.0262825 (R_Shank_Lateral)
[2026-07-21 00:21:30.217] [info] Frame 84 (t = 0.84):	 total squared error = 0.00218551, marker error: RMS = 0.00899694, max = 0.0257666 (R_Shank_Lateral)
[2026-07-21 00:21:30.264] [info] Frame 85 (t = 0.85):	 total squared error = 0.00214589, marker error: RMS = 0.00891501, max = 0.0252252 (R_Shank_Lateral)
[2026-07-21 00:21:30.302] [info] Frame 86 (t = 0.86):	 total squared error = 0.00210857, marker error: RMS = 0.00883715, max = 0.024359 (R_Shank_Lateral)
[2026-07-21 00:21:30.349] [info] Frame 87 (t = 0.87):	 total squared error = 0.00207433, marker error: RMS = 0.00876510, max = 0.0235834 (R_Shank_Lateral)
[2026-07-21 00:21:30.428] [info] Frame 88 (t = 0.88):	 total squared error = 0.00202530, marker error: RMS = 0.00866089, max = 0.0226553 (R_Shank_Lateral)
[2026-07-21 00:21:30.494] [info] Frame 89 (t = 0.89):	 total squared error = 0.00199721, marker error: RMS = 0.00860064, max = 0.0220528 (R_Shank_Lateral)
[2026-07-21 00:21:30.592] [info] Frame 90 (t = 0.9):	 total squared error = 0.00195843, marker error: RMS = 0.00851671, max = 0.0211727 (R_Shank_Lateral)
[2026-07-21 00:21:30.667] [info] Frame 91 (t = 0.91):	 total squared error = 0.00192964, marker error: RMS = 0.00845387, max = 0.0205873 (R_Shank_Lateral)
[2026-07-21 00:21:30.777] [info] Frame 92 (t = 0.92):	 total squared error = 0.00187969, marker error: RMS = 0.00834375, max = 0.019374 (R_Shank_Lateral)
[2026-07-21 00:21:30.874] [info] Frame 93 (t = 0.93):	 total squared error = 0.00182696, marker error: RMS = 0.00822588, max = 0.0183449 (R_Shank_Lateral)
[2026-07-21 00:21:30.922] [info] Frame 94 (t = 0.94):	 total squared error = 0.00176906, marker error: RMS = 0.00809448, max = 0.0173475 (R_Shank_Lateral)
[2026-07-21 00:21:31.001] [info] Frame 95 (t = 0.95):	 total squared error = 0.00168867, marker error: RMS = 0.00790842, max = 0.0154523 (R_Shank_Lateral)
[2026-07-21 00:21:31.073] [info] Frame 96 (t = 0.96):	 total squared error = 0.00160573, marker error: RMS = 0.00771176, max = 0.0143865 (Sternum)
[2026-07-21 00:21:31.157] [info] Frame 97 (t = 0.97):	 total squared error = 0.00152037, marker error: RMS = 0.00750401, max = 0.01445 (Sternum)
[2026-07-21 00:21:31.224] [info] Frame 98 (t = 0.98):	 total squared error = 0.00144548, marker error: RMS = 0.00731686, max = 0.014441 (Sternum)
[2026-07-21 00:21:31.336] [info] Frame 99 (t = 0.99):	 total squared error = 0.00136705, marker error: RMS = 0.00711557, max = 0.0144738 (Sternum)
[2026-07-21 00:21:31.419] [info] Frame 100 (t = 1.0):	 total squared error = 0.00131331, marker error: RMS = 0.00697433, max = 0.0145137 (Sternum)
[2026-07-21 00:21:31.489] [info] Frame 101 (t = 1.01):	 total squared error = 0.00127849, marker error: RMS = 0.00688125, max = 0.0144892 (Sternum)
[2026-07-21 00:21:31.534] [info] Frame 102 (t = 1.02):	 total squared error = 0.00127339, marker error: RMS = 0.00686751, max = 0.0146763 (Sternum)
[2026-07-21 00:21:31.608] [info] Frame 103 (t = 1.03):	 total squared error = 0.00127190, marker error: RMS = 0.00686348, max = 0.0146228 (Sternum)
[2026-07-21 00:21:31.685] [info] Frame 104 (t = 1.04):	 total squared error = 0.00129606, marker error: RMS = 0.00692837, max = 0.0147017 (Sternum)
[2026-07-21 00:21:31.752] [info] Frame 105 (t = 1.05):	 total squared error = 0.00133716, marker error: RMS = 0.00703737, max = 0.0147403 (Sternum)
[2026-07-21 00:21:31.805] [info] Frame 106 (t = 1.06):	 total squared error = 0.00139193, marker error: RMS = 0.00718003, max = 0.0148707 (Sternum)
[2026-07-21 00:21:31.876] [info] Frame 107 (t = 1.07):	 total squared error = 0.00144823, marker error: RMS = 0.00732382, max = 0.014921 (Sternum)
[2026-07-21 00:21:31.940] [info] Frame 108 (t = 1.08):	 total squared error = 0.00150553, marker error: RMS = 0.00746728, max = 0.0149242 (Sternum)
[2026-07-21 00:21:31.992] [info] Frame 109 (t = 1.09):	 total squared error = 0.00154948, marker error: RMS = 0.00757551, max = 0.0156267 (R_Thigh_Lateral)
[2026-07-21 00:21:32.029] [info] Frame 110 (t = 1.1):	 total squared error = 0.00158915, marker error: RMS = 0.00767187, max = 0.0164017 (R_Thigh_Lateral)
[2026-07-21 00:21:32.083] [info] Frame 111 (t = 1.11):	 total squared error = 0.00156196, marker error: RMS = 0.00760595, max = 0.0158986 (R_Thigh_Lateral)
[2026-07-21 00:21:32.113] [info] Frame 112 (t = 1.12):	 total squared error = 0.00152891, marker error: RMS = 0.00752506, max = 0.0149342 (R_Thigh_Lateral)
[2026-07-21 00:21:32.196] [info] Frame 113 (t = 1.13):	 total squared error = 0.00143448, marker error: RMS = 0.00728895, max = 0.0147089 (Sternum)
[2026-07-21 00:21:32.268] [info] Frame 114 (t = 1.14):	 total squared error = 0.00133950, marker error: RMS = 0.00704353, max = 0.0146205 (Sternum)
[2026-07-21 00:21:32.313] [info] Frame 115 (t = 1.15):	 total squared error = 0.00124253, marker error: RMS = 0.00678379, max = 0.0144664 (Sternum)
[2026-07-21 00:21:32.426] [info] Frame 116 (t = 1.16):	 total squared error = 0.00117778, marker error: RMS = 0.00660466, max = 0.0144193 (R_Wrist)
[2026-07-21 00:21:32.465] [info] Frame 117 (t = 1.17):	 total squared error = 0.00113853, marker error: RMS = 0.00649367, max = 0.0147027 (R_Wrist)
[2026-07-21 00:21:32.549] [info] Frame 118 (t = 1.18):	 total squared error = 0.00113694, marker error: RMS = 0.00648913, max = 0.0146903 (R_Wrist)
[2026-07-21 00:21:32.620] [info] Frame 119 (t = 1.19):	 total squared error = 0.00117952, marker error: RMS = 0.00660953, max = 0.0147263 (R_Wrist)
[2026-07-21 00:21:32.689] [info] Frame 120 (t = 1.2):	 total squared error = 0.00124593, marker error: RMS = 0.00679305, max = 0.0147345 (R_Wrist)
[2026-07-21 00:21:32.785] [info] Frame 121 (t = 1.21):	 total squared error = 0.00132204, marker error: RMS = 0.00699746, max = 0.0146455 (R_Wrist)
[2026-07-21 00:21:32.854] [info] Frame 122 (t = 1.22):	 total squared error = 0.00140478, marker error: RMS = 0.00721311, max = 0.0144843 (R_Wrist)
[2026-07-21 00:21:32.916] [info] Frame 123 (t = 1.23):	 total squared error = 0.00148559, marker error: RMS = 0.00741768, max = 0.0143083 (R_Wrist)
[2026-07-21 00:21:32.991] [info] Frame 124 (t = 1.24):	 total squared error = 0.00155143, marker error: RMS = 0.00758027, max = 0.0141033 (R_Wrist)
[2026-07-21 00:21:33.096] [info] Frame 125 (t = 1.25):	 total squared error = 0.00159079, marker error: RMS = 0.00767582, max = 0.0152085 (L_Shank_Lateral)
[2026-07-21 00:21:33.246] [info] Frame 126 (t = 1.26):	 total squared error = 0.00160159, marker error: RMS = 0.00770182, max = 0.0160601 (L_Shank_Lateral)
[2026-07-21 00:21:33.408] [info] Frame 127 (t = 1.27):	 total squared error = 0.00158365, marker error: RMS = 0.00765857, max = 0.016468 (L_Shank_Lateral)
[2026-07-21 00:21:33.515] [info] Frame 128 (t = 1.28):	 total squared error = 0.00156056, marker error: RMS = 0.00760254, max = 0.0159488 (L_Shank_Lateral)
[2026-07-21 00:21:33.662] [info] Frame 129 (t = 1.29):	 total squared error = 0.00152396, marker error: RMS = 0.00751286, max = 0.0163181 (L_Shank_Lateral)
[2026-07-21 00:21:33.768] [info] Frame 130 (t = 1.3):	 total squared error = 0.00149860, marker error: RMS = 0.00745008, max = 0.0156287 (L_Shank_Lateral)
[2026-07-21 00:21:33.867] [info] Frame 131 (t = 1.31):	 total squared error = 0.00148039, marker error: RMS = 0.00740469, max = 0.0153881 (L_Shank_Lateral)
[2026-07-21 00:21:33.987] [info] Frame 132 (t = 1.32):	 total squared error = 0.00146111, marker error: RMS = 0.00735631, max = 0.0157587 (L_Shank_Lateral)
[2026-07-21 00:21:34.071] [info] Frame 133 (t = 1.33):	 total squared error = 0.00145583, marker error: RMS = 0.00734300, max = 0.0153083 (L_Shank_Lateral)
[2026-07-21 00:21:34.163] [info] Frame 134 (t = 1.34):	 total squared error = 0.00145204, marker error: RMS = 0.00733342, max = 0.0151105 (L_Shank_Lateral)
[2026-07-21 00:21:34.249] [info] Frame 135 (t = 1.35):	 total squared error = 0.00145194, marker error: RMS = 0.00733318, max = 0.0148205 (L_Shank_Lateral)
[2026-07-21 00:21:34.317] [info] Frame 136 (t = 1.36):	 total squared error = 0.00145919, marker error: RMS = 0.00735148, max = 0.0144783 (L_Shank_Lateral)
[2026-07-21 00:21:34.433] [info] Frame 137 (t = 1.37):	 total squared error = 0.00144589, marker error: RMS = 0.00731788, max = 0.0150708 (L_Shank_Lateral)
[2026-07-21 00:21:34.490] [info] Frame 138 (t = 1.38):	 total squared error = 0.00145318, marker error: RMS = 0.00733631, max = 0.0150605 (L_Shank_Lateral)
[2026-07-21 00:21:34.566] [info] Frame 139 (t = 1.39):	 total squared error = 0.00145792, marker error: RMS = 0.00734828, max = 0.0153895 (L_Shank_Lateral)
[2026-07-21 00:21:34.649] [info] Frame 140 (t = 1.4):	 total squared error = 0.00146498, marker error: RMS = 0.00736605, max = 0.0158953 (L_Shank_Lateral)
[2026-07-21 00:21:34.717] [info] Frame 141 (t = 1.41):	 total squared error = 0.00147120, marker error: RMS = 0.00738165, max = 0.0165338 (L_Shank_Lateral)
[2026-07-21 00:21:34.791] [info] Frame 142 (t = 1.42):	 total squared error = 0.00147683, marker error: RMS = 0.00739577, max = 0.0172669 (L_Shank_Lateral)
[2026-07-21 00:21:34.869] [info] Frame 143 (t = 1.43):	 total squared error = 0.00147861, marker error: RMS = 0.00740022, max = 0.0177888 (L_Shank_Lateral)
[2026-07-21 00:21:34.982] [info] Frame 144 (t = 1.44):	 total squared error = 0.00147649, marker error: RMS = 0.00739491, max = 0.0181874 (L_Shank_Lateral)
[2026-07-21 00:21:35.137] [info] Frame 145 (t = 1.45):	 total squared error = 0.00146788, marker error: RMS = 0.00737332, max = 0.0181684 (L_Shank_Lateral)
[2026-07-21 00:21:35.282] [info] Frame 146 (t = 1.46):	 total squared error = 0.00144680, marker error: RMS = 0.00732018, max = 0.0179603 (L_Shank_Lateral)
[2026-07-21 00:21:35.363] [info] Frame 147 (t = 1.47):	 total squared error = 0.00140731, marker error: RMS = 0.00721961, max = 0.0177684 (L_Shank_Lateral)
[2026-07-21 00:21:35.563] [info] Frame 148 (t = 1.48):	 total squared error = 0.00133980, marker error: RMS = 0.00704432, max = 0.0163239 (L_Shank_Lateral)
[2026-07-21 00:21:35.642] [info] Frame 149 (t = 1.49):	 total squared error = 0.00125362, marker error: RMS = 0.00681398, max = 0.0149983 (L_Shank_Lateral)
[2026-07-21 00:21:35.748] [info] Frame 150 (t = 1.5):	 total squared error = 0.00114989, marker error: RMS = 0.00652599, max = 0.0127724 (L_Shank_Lateral)
[2026-07-21 00:21:35.843] [info] Frame 151 (t = 1.51):	 total squared error = 0.00104664, marker error: RMS = 0.00622611, max = 0.011291 (L_Elbow)
[2026-07-21 00:21:35.928] [info] Frame 152 (t = 1.52):	 total squared error = 0.000960398, marker error: RMS = 0.00596408, max = 0.0114217 (L_Elbow)
[2026-07-21 00:21:36.020] [info] Frame 153 (t = 1.53):	 total squared error = 0.000902405, marker error: RMS = 0.00578121, max = 0.0115104 (L_Elbow)
[2026-07-21 00:21:36.084] [info] Frame 154 (t = 1.54):	 total squared error = 0.000886288, marker error: RMS = 0.00572935, max = 0.0116336 (L_Elbow)
[2026-07-21 00:21:36.185] [info] Frame 155 (t = 1.55):	 total squared error = 0.000900264, marker error: RMS = 0.00577435, max = 0.0116443 (L_Elbow)
[2026-07-21 00:21:36.274] [info] Frame 156 (t = 1.56):	 total squared error = 0.000945079, marker error: RMS = 0.00591633, max = 0.0116854 (L_Elbow)
[2026-07-21 00:21:36.353] [info] Frame 157 (t = 1.57):	 total squared error = 0.00100520, marker error: RMS = 0.00610160, max = 0.0117259 (L_Elbow)
[2026-07-21 00:21:36.422] [info] Frame 158 (t = 1.58):	 total squared error = 0.00106251, marker error: RMS = 0.00627314, max = 0.0117205 (L_Elbow)
[2026-07-21 00:21:36.519] [info] Frame 159 (t = 1.59):	 total squared error = 0.00110801, marker error: RMS = 0.00640603, max = 0.0116926 (L_Elbow)
[2026-07-21 00:21:36.584] [info] Frame 160 (t = 1.6):	 total squared error = 0.00114296, marker error: RMS = 0.00650629, max = 0.0117104 (L_Elbow)
[2026-07-21 00:21:36.641] [info] Frame 161 (t = 1.61):	 total squared error = 0.00116233, marker error: RMS = 0.00656119, max = 0.0118368 (L_Thigh_Lateral)
[2026-07-21 00:21:36.689] [info] Frame 162 (t = 1.62):	 total squared error = 0.00117061, marker error: RMS = 0.00658452, max = 0.011896 (L_Thigh_Lateral)
[2026-07-21 00:21:36.730] [info] Frame 163 (t = 1.63):	 total squared error = 0.00117478, marker error: RMS = 0.00659623, max = 0.0118261 (L_Thigh_Lateral)
[2026-07-21 00:21:36.811] [info] Frame 164 (t = 1.64):	 total squared error = 0.00116795, marker error: RMS = 0.00657703, max = 0.0117236 (L_Elbow)
[2026-07-21 00:21:36.860] [info] Frame 165 (t = 1.65):	 total squared error = 0.00117062, marker error: RMS = 0.00658454, max = 0.0117452 (L_Elbow)
[2026-07-21 00:21:36.895] [info] Frame 166 (t = 1.66):	 total squared error = 0.00118286, marker error: RMS = 0.00661890, max = 0.011871 (L_Elbow)
[2026-07-21 00:21:36.925] [info] Frame 167 (t = 1.67):	 total squared error = 0.00120831, marker error: RMS = 0.00668970, max = 0.0120354 (L_Elbow)
[2026-07-21 00:21:36.991] [info] Frame 168 (t = 1.68):	 total squared error = 0.00123663, marker error: RMS = 0.00676764, max = 0.0120914 (L_Elbow)
[2026-07-21 00:21:37.030] [info] Frame 169 (t = 1.69):	 total squared error = 0.00127991, marker error: RMS = 0.00688506, max = 0.01228 (L_Elbow)
[2026-07-21 00:21:37.089] [info] Frame 170 (t = 1.7):	 total squared error = 0.00132351, marker error: RMS = 0.00700135, max = 0.0124481 (L_Elbow)
[2026-07-21 00:21:37.172] [info] Frame 171 (t = 1.71):	 total squared error = 0.00135559, marker error: RMS = 0.00708568, max = 0.0125226 (L_Elbow)
[2026-07-21 00:21:37.222] [info] Frame 172 (t = 1.72):	 total squared error = 0.00139511, marker error: RMS = 0.00718823, max = 0.0129291 (L_Asis)
[2026-07-21 00:21:37.262] [info] Frame 173 (t = 1.73):	 total squared error = 0.00142586, marker error: RMS = 0.00726704, max = 0.0132503 (L_Asis)
[2026-07-21 00:21:37.346] [info] Frame 174 (t = 1.74):	 total squared error = 0.00142567, marker error: RMS = 0.00726655, max = 0.0139811 (L_Asis)
[2026-07-21 00:21:37.482] [info] Frame 175 (t = 1.75):	 total squared error = 0.00138556, marker error: RMS = 0.00716358, max = 0.0137356 (L_Asis)
[2026-07-21 00:21:37.546] [info] Frame 176 (t = 1.76):	 total squared error = 0.00133543, marker error: RMS = 0.00703281, max = 0.0137448 (L_Asis)
[2026-07-21 00:21:37.606] [info] Frame 177 (t = 1.77):	 total squared error = 0.00126460, marker error: RMS = 0.00684376, max = 0.0131235 (L_Elbow)
[2026-07-21 00:21:37.667] [info] Frame 178 (t = 1.78):	 total squared error = 0.00118871, marker error: RMS = 0.00663523, max = 0.0130122 (L_Elbow)
[2026-07-21 00:21:37.761] [info] Frame 179 (t = 1.79):	 total squared error = 0.00109010, marker error: RMS = 0.00635405, max = 0.0128539 (L_Elbow)
[2026-07-21 00:21:37.817] [info] Frame 180 (t = 1.8):	 total squared error = 0.00101182, marker error: RMS = 0.00612167, max = 0.0126239 (L_Elbow)
[2026-07-21 00:21:37.862] [info] Frame 181 (t = 1.81):	 total squared error = 0.000934435, marker error: RMS = 0.00588292, max = 0.012318 (L_Elbow)
[2026-07-21 00:21:37.954] [info] Frame 182 (t = 1.82):	 total squared error = 0.000868081, marker error: RMS = 0.00567020, max = 0.0119474 (L_Elbow)
[2026-07-21 00:21:38.032] [info] Frame 183 (t = 1.83):	 total squared error = 0.000826363, marker error: RMS = 0.00553227, max = 0.0115493 (L_Elbow)
[2026-07-21 00:21:38.105] [info] Frame 184 (t = 1.84):	 total squared error = 0.000819027, marker error: RMS = 0.00550766, max = 0.0113774 (Sternum)
[2026-07-21 00:21:38.221] [info] Frame 185 (t = 1.85):	 total squared error = 0.000843593, marker error: RMS = 0.00558965, max = 0.0116895 (Sternum)
[2026-07-21 00:21:38.310] [info] Frame 186 (t = 1.86):	 total squared error = 0.000888749, marker error: RMS = 0.00573730, max = 0.011988 (Sternum)
[2026-07-21 00:21:38.415] [info] Frame 187 (t = 1.87):	 total squared error = 0.000944025, marker error: RMS = 0.00591303, max = 0.0122476 (Sternum)
[2026-07-21 00:21:38.491] [info] Frame 188 (t = 1.88):	 total squared error = 0.000995830, marker error: RMS = 0.00607310, max = 0.0124436 (Sternum)
[2026-07-21 00:21:38.546] [info] Frame 189 (t = 1.89):	 total squared error = 0.00104082, marker error: RMS = 0.00620879, max = 0.0125998 (Sternum)
[2026-07-21 00:21:38.601] [info] Frame 190 (t = 1.9):	 total squared error = 0.00107377, marker error: RMS = 0.00630628, max = 0.0131806 (R_Shank_Lateral)
[2026-07-21 00:21:38.689] [info] Frame 191 (t = 1.91):	 total squared error = 0.00110339, marker error: RMS = 0.00639268, max = 0.0142078 (R_Shank_Lateral)
[2026-07-21 00:21:38.738] [info] Frame 192 (t = 1.92):	 total squared error = 0.00114185, marker error: RMS = 0.00650313, max = 0.0148212 (R_Shank_Lateral)
[2026-07-21 00:21:38.830] [info] Frame 193 (t = 1.93):	 total squared error = 0.00118751, marker error: RMS = 0.00663187, max = 0.0159492 (R_Shank_Lateral)
[2026-07-21 00:21:38.901] [info] Frame 194 (t = 1.94):	 total squared error = 0.00124841, marker error: RMS = 0.00679981, max = 0.0168889 (R_Shank_Lateral)
[2026-07-21 00:21:38.950] [info] Frame 195 (t = 1.95):	 total squared error = 0.00132226, marker error: RMS = 0.00699805, max = 0.0179229 (R_Shank_Lateral)
[2026-07-21 00:21:38.990] [info] Frame 196 (t = 1.96):	 total squared error = 0.00140485, marker error: RMS = 0.00721327, max = 0.0189694 (R_Shank_Lateral)
[2026-07-21 00:21:39.048] [info] Frame 197 (t = 1.97):	 total squared error = 0.00147829, marker error: RMS = 0.00739942, max = 0.0200812 (R_Shank_Lateral)
[2026-07-21 00:21:39.138] [info] Frame 198 (t = 1.98):	 total squared error = 0.00155079, marker error: RMS = 0.00757870, max = 0.0210652 (R_Shank_Lateral)
[2026-07-21 00:21:39.222] [info] Frame 199 (t = 1.99):	 total squared error = 0.00161548, marker error: RMS = 0.00773515, max = 0.0219151 (R_Shank_Lateral)
[2026-07-21 00:21:39.291] [info] Frame 200 (t = 2.0):	 total squared error = 0.00167485, marker error: RMS = 0.00787601, max = 0.0225863 (R_Shank_Lateral)
[2026-07-21 00:21:39.353] [info] Frame 201 (t = 2.01):	 total squared error = 0.00172471, marker error: RMS = 0.00799237, max = 0.0231764 (R_Shank_Lateral)
[2026-07-21 00:21:39.407] [info] Frame 202 (t = 2.02):	 total squared error = 0.00176862, marker error: RMS = 0.00809349, max = 0.0236414 (R_Shank_Lateral)
[2026-07-21 00:21:39.505] [info] Frame 203 (t = 2.03):	 total squared error = 0.00179805, marker error: RMS = 0.00816053, max = 0.0241026 (R_Shank_Lateral)
[2026-07-21 00:21:39.578] [info] Frame 204 (t = 2.04):	 total squared error = 0.00182840, marker error: RMS = 0.00822914, max = 0.0245377 (R_Shank_Lateral)
[2026-07-21 00:21:39.651] [info] Frame 205 (t = 2.05):	 total squared error = 0.00185365, marker error: RMS = 0.00828575, max = 0.0249090 (R_Shank_Lateral)
[2026-07-21 00:21:39.742] [info] Frame 206 (t = 2.06):	 total squared error = 0.00187188, marker error: RMS = 0.00832639, max = 0.0251535 (R_Shank_Lateral)
[2026-07-21 00:21:39.873] [info] Frame 207 (t = 2.07):	 total squared error = 0.00188390, marker error: RMS = 0.00835308, max = 0.0253788 (R_Shank_Lateral)
[2026-07-21 00:21:39.932] [info] Frame 208 (t = 2.08):	 total squared error = 0.00189125, marker error: RMS = 0.00836937, max = 0.0256426 (R_Shank_Lateral)
[2026-07-21 00:21:39.964] [info] Frame 209 (t = 2.09):	 total squared error = 0.00189978, marker error: RMS = 0.00838823, max = 0.0259113 (R_Shank_Lateral)
[2026-07-21 00:21:40.083] [info] Frame 210 (t = 2.1):	 total squared error = 0.00186516, marker error: RMS = 0.00831144, max = 0.0253684 (R_Shank_Lateral)
[2026-07-21 00:21:40.182] [info] Frame 211 (t = 2.11):	 total squared error = 0.00182490, marker error: RMS = 0.00822124, max = 0.0248524 (R_Shank_Lateral)
[2026-07-21 00:21:40.245] [info] Frame 212 (t = 2.12):	 total squared error = 0.00176402, marker error: RMS = 0.00808295, max = 0.0242316 (R_Shank_Lateral)
[2026-07-21 00:21:40.312] [info] Frame 213 (t = 2.13):	 total squared error = 0.00167385, marker error: RMS = 0.00787366, max = 0.0229861 (R_Shank_Lateral)
[2026-07-21 00:21:40.442] [info] Frame 214 (t = 2.14):	 total squared error = 0.00153698, marker error: RMS = 0.00754487, max = 0.0204144 (R_Shank_Lateral)
[2026-07-21 00:21:40.518] [info] Frame 215 (t = 2.15):	 total squared error = 0.00139373, marker error: RMS = 0.00718469, max = 0.0181514 (R_Shank_Lateral)
[2026-07-21 00:21:40.587] [info] Frame 216 (t = 2.16):	 total squared error = 0.00123919, marker error: RMS = 0.00677467, max = 0.0150521 (R_Shank_Lateral)
[2026-07-21 00:21:40.676] [info] Frame 217 (t = 2.17):	 total squared error = 0.00108563, marker error: RMS = 0.00634102, max = 0.012959 (Sternum)
[2026-07-21 00:21:40.724] [info] Frame 218 (t = 2.18):	 total squared error = 0.000980740, marker error: RMS = 0.00602692, max = 0.0129202 (Sternum)
[2026-07-21 00:21:40.866] [info] Frame 219 (t = 2.19):	 total squared error = 0.000900652, marker error: RMS = 0.00577560, max = 0.0128555 (Sternum)
[2026-07-21 00:21:40.955] [info] Frame 220 (t = 2.2):	 total squared error = 0.000898643, marker error: RMS = 0.00576915, max = 0.0128007 (Sternum)
[2026-07-21 00:21:41.025] [info] Frame 221 (t = 2.21):	 total squared error = 0.000965314, marker error: RMS = 0.00597933, max = 0.0127814 (Sternum)
[2026-07-21 00:21:41.113] [info] Frame 222 (t = 2.22):	 total squared error = 0.00105549, marker error: RMS = 0.00625237, max = 0.0127222 (Sternum)
[2026-07-21 00:21:41.184] [info] Frame 223 (t = 2.23):	 total squared error = 0.00117359, marker error: RMS = 0.00659291, max = 0.0131839 (R_Thigh_Lateral)
[2026-07-21 00:21:41.226] [info] Frame 224 (t = 2.24):	 total squared error = 0.00128565, marker error: RMS = 0.00690049, max = 0.0152267 (R_Thigh_Lateral)
[2026-07-21 00:21:41.273] [info] Frame 225 (t = 2.25):	 total squared error = 0.00132981, marker error: RMS = 0.00701799, max = 0.0157834 (R_Thigh_Lateral)
[2026-07-21 00:21:41.314] [info] Frame 226 (t = 2.26):	 total squared error = 0.00128832, marker error: RMS = 0.00690764, max = 0.0152131 (R_Thigh_Lateral)
[2026-07-21 00:21:41.362] [info] Frame 227 (t = 2.27):	 total squared error = 0.00120195, marker error: RMS = 0.00667207, max = 0.0135923 (R_Thigh_Lateral)
[2026-07-21 00:21:41.393] [info] Frame 228 (t = 2.28):	 total squared error = 0.00109839, marker error: RMS = 0.00637818, max = 0.0129775 (L_Thigh_Lateral)
[2026-07-21 00:21:41.441] [info] Frame 229 (t = 2.29):	 total squared error = 0.000991393, marker error: RMS = 0.00605956, max = 0.0127071 (L_Thigh_Lateral)
[2026-07-21 00:21:41.483] [info] Frame 230 (t = 2.3):	 total squared error = 0.000921071, marker error: RMS = 0.00584070, max = 0.0124689 (L_Thigh_Lateral)
[2026-07-21 00:21:41.541] [info] Frame 231 (t = 2.31):	 total squared error = 0.000883979, marker error: RMS = 0.00572188, max = 0.0121882 (L_Thigh_Lateral)
[2026-07-21 00:21:41.595] [info] Frame 232 (t = 2.32):	 total squared error = 0.000868265, marker error: RMS = 0.00567080, max = 0.0118369 (L_Thigh_Lateral)
[2026-07-21 00:21:41.677] [info] Frame 233 (t = 2.33):	 total squared error = 0.000861049, marker error: RMS = 0.00564719, max = 0.0114255 (L_Thigh_Lateral)
[2026-07-21 00:21:41.733] [info] Frame 234 (t = 2.34):	 total squared error = 0.000850563, marker error: RMS = 0.00561270, max = 0.0108159 (L_Thigh_Lateral)
[2026-07-21 00:21:41.807] [info] Frame 235 (t = 2.35):	 total squared error = 0.000842530, marker error: RMS = 0.00558613, max = 0.0108885 (R_Wrist)
[2026-07-21 00:21:41.870] [info] Frame 236 (t = 2.36):	 total squared error = 0.000839711, marker error: RMS = 0.00557677, max = 0.0113271 (R_Wrist)
[2026-07-21 00:21:41.936] [info] Frame 237 (t = 2.37):	 total squared error = 0.000846949, marker error: RMS = 0.00560076, max = 0.0117303 (R_Wrist)
[2026-07-21 00:21:41.999] [info] Frame 238 (t = 2.38):	 total squared error = 0.000867745, marker error: RMS = 0.00566910, max = 0.0120937 (R_Wrist)
[2026-07-21 00:21:42.071] [info] Frame 239 (t = 2.39):	 total squared error = 0.000901718, marker error: RMS = 0.00577901, max = 0.0124183 (R_Wrist)
[2026-07-21 00:21:42.136] [info] Frame 240 (t = 2.4):	 total squared error = 0.000949806, marker error: RMS = 0.00593110, max = 0.0127355 (R_Wrist)
[2026-07-21 00:21:42.200] [info] Frame 241 (t = 2.41):	 total squared error = 0.00101351, marker error: RMS = 0.00612677, max = 0.0129374 (R_Wrist)
[2026-07-21 00:21:42.262] [info] Frame 242 (t = 2.42):	 total squared error = 0.00108734, marker error: RMS = 0.00634600, max = 0.0130441 (R_Wrist)
[2026-07-21 00:21:42.323] [info] Frame 243 (t = 2.43):	 total squared error = 0.00116778, marker error: RMS = 0.00657655, max = 0.0130840 (R_Wrist)
[2026-07-21 00:21:42.423] [info] Frame 244 (t = 2.44):	 total squared error = 0.00124948, marker error: RMS = 0.00680272, max = 0.0132174 (R_Wrist)
[2026-07-21 00:21:42.479] [info] Frame 245 (t = 2.45):	 total squared error = 0.00133709, marker error: RMS = 0.00703718, max = 0.0131759 (L_Shank_Lateral)
[2026-07-21 00:21:42.534] [info] Frame 246 (t = 2.46):	 total squared error = 0.00142096, marker error: RMS = 0.00725452, max = 0.0145535 (L_Shank_Lateral)
[2026-07-21 00:21:42.620] [info] Frame 247 (t = 2.47):	 total squared error = 0.00150251, marker error: RMS = 0.00745980, max = 0.0158348 (L_Shank_Lateral)
[2026-07-21 00:21:42.744] [info] Frame 248 (t = 2.48):	 total squared error = 0.00157736, marker error: RMS = 0.00764333, max = 0.0176436 (L_Shank_Lateral)
[2026-07-21 00:21:42.809] [info] Frame 249 (t = 2.49):	 total squared error = 0.00164985, marker error: RMS = 0.00781700, max = 0.0189936 (L_Shank_Lateral)
[2026-07-21 00:21:42.870] [info] Frame 250 (t = 2.5):	 total squared error = 0.00170963, marker error: RMS = 0.00795736, max = 0.0203059 (L_Shank_Lateral)
[2026-07-21 00:21:42.975] [info] Frame 251 (t = 2.51):	 total squared error = 0.00173938, marker error: RMS = 0.00802629, max = 0.0218832 (L_Shank_Lateral)
[2026-07-21 00:21:43.023] [info] Frame 252 (t = 2.52):	 total squared error = 0.00174009, marker error: RMS = 0.00802795, max = 0.0220310 (L_Shank_Lateral)
[2026-07-21 00:21:43.076] [info] Frame 253 (t = 2.53):	 total squared error = 0.00170377, marker error: RMS = 0.00794371, max = 0.0217922 (L_Shank_Lateral)
[2026-07-21 00:21:43.125] [info] Frame 254 (t = 2.54):	 total squared error = 0.00163387, marker error: RMS = 0.00777905, max = 0.0210307 (L_Shank_Lateral)
[2026-07-21 00:21:43.183] [info] Frame 255 (t = 2.55):	 total squared error = 0.00154070, marker error: RMS = 0.00755401, max = 0.0198637 (L_Shank_Lateral)
[2026-07-21 00:21:43.263] [info] Frame 256 (t = 2.56):	 total squared error = 0.00143457, marker error: RMS = 0.00728918, max = 0.0186225 (L_Shank_Lateral)
[2026-07-21 00:21:43.361] [info] Frame 257 (t = 2.57):	 total squared error = 0.00133343, marker error: RMS = 0.00702754, max = 0.0171817 (L_Shank_Lateral)
[2026-07-21 00:21:43.423] [info] Frame 258 (t = 2.58):	 total squared error = 0.00124019, marker error: RMS = 0.00677738, max = 0.0159113 (L_Shank_Lateral)
[2026-07-21 00:21:43.495] [info] Frame 259 (t = 2.59):	 total squared error = 0.00116306, marker error: RMS = 0.00656325, max = 0.0148068 (L_Shank_Lateral)
[2026-07-21 00:21:43.595] [info] Frame 260 (t = 2.6):	 total squared error = 0.00109231, marker error: RMS = 0.00636049, max = 0.0140600 (L_Shank_Lateral)
[2026-07-21 00:21:43.663] [info] Frame 261 (t = 2.61):	 total squared error = 0.00105320, marker error: RMS = 0.00624560, max = 0.0135885 (L_Shank_Lateral)
[2026-07-21 00:21:43.773] [info] Frame 262 (t = 2.62):	 total squared error = 0.000997311, marker error: RMS = 0.00607762, max = 0.0129848 (L_Shank_Lateral)
[2026-07-21 00:21:43.869] [info] Frame 263 (t = 2.63):	 total squared error = 0.000968640, marker error: RMS = 0.00598962, max = 0.012669 (L_Shank_Lateral)
[2026-07-21 00:21:43.979] [info] Frame 264 (t = 2.64):	 total squared error = 0.000948538, marker error: RMS = 0.00592714, max = 0.0124090 (L_Shank_Lateral)
[2026-07-21 00:21:44.081] [info] Frame 265 (t = 2.65):	 total squared error = 0.000933967, marker error: RMS = 0.00588144, max = 0.0120459 (L_Shank_Lateral)
[2026-07-21 00:21:44.173] [info] Frame 266 (t = 2.66):	 total squared error = 0.000919496, marker error: RMS = 0.00583570, max = 0.0116664 (L_Elbow)
[2026-07-21 00:21:44.263] [info] Frame 267 (t = 2.67):	 total squared error = 0.000896340, marker error: RMS = 0.00576175, max = 0.0116759 (L_Elbow)
[2026-07-21 00:21:44.360] [info] Frame 268 (t = 2.68):	 total squared error = 0.000876093, marker error: RMS = 0.00569630, max = 0.0117579 (L_Elbow)
[2026-07-21 00:21:44.423] [info] Frame 269 (t = 2.69):	 total squared error = 0.000855095, marker error: RMS = 0.00562763, max = 0.0118697 (L_Elbow)
[2026-07-21 00:21:44.549] [info] Frame 270 (t = 2.7):	 total squared error = 0.000837558, marker error: RMS = 0.00556962, max = 0.011929 (L_Elbow)
[2026-07-21 00:21:44.625] [info] Frame 271 (t = 2.71):	 total squared error = 0.000836113, marker error: RMS = 0.00556481, max = 0.0120783 (L_Elbow)
[2026-07-21 00:21:44.719] [info] Frame 272 (t = 2.72):	 total squared error = 0.000849173, marker error: RMS = 0.00560811, max = 0.012149 (L_Elbow)
[2026-07-21 00:21:44.776] [info] Frame 273 (t = 2.73):	 total squared error = 0.000881454, marker error: RMS = 0.00571371, max = 0.0123439 (L_Elbow)
[2026-07-21 00:21:44.814] [info] Frame 274 (t = 2.74):	 total squared error = 0.000940726, marker error: RMS = 0.00590269, max = 0.0124595 (L_Elbow)
[2026-07-21 00:21:44.888] [info] Frame 275 (t = 2.75):	 total squared error = 0.000973382, marker error: RMS = 0.00600426, max = 0.0125334 (L_Elbow)
[2026-07-21 00:21:44.948] [info] Frame 276 (t = 2.76):	 total squared error = 0.00102050, marker error: RMS = 0.00614787, max = 0.0126504 (L_Elbow)
[2026-07-21 00:21:44.990] [info] Frame 277 (t = 2.77):	 total squared error = 0.00106711, marker error: RMS = 0.00628670, max = 0.0128246 (L_Elbow)
[2026-07-21 00:21:45.086] [info] Frame 278 (t = 2.78):	 total squared error = 0.00108996, marker error: RMS = 0.00635366, max = 0.0128227 (L_Elbow)
[2026-07-21 00:21:45.123] [info] Frame 279 (t = 2.79):	 total squared error = 0.00111382, marker error: RMS = 0.00642281, max = 0.0130553 (L_Elbow)
[2026-07-21 00:21:45.168] [info] Frame 280 (t = 2.8):	 total squared error = 0.00113072, marker error: RMS = 0.00647135, max = 0.013157 (L_Elbow)
[2026-07-21 00:21:45.194] [info] Frame 281 (t = 2.81):	 total squared error = 0.00115225, marker error: RMS = 0.00653269, max = 0.0133269 (L_Elbow)
[2026-07-21 00:21:45.262] [info] Frame 282 (t = 2.82):	 total squared error = 0.00116665, marker error: RMS = 0.00657337, max = 0.0134604 (L_Elbow)
[2026-07-21 00:21:45.318] [info] Frame 283 (t = 2.83):	 total squared error = 0.00119475, marker error: RMS = 0.00665206, max = 0.0136018 (L_Elbow)
[2026-07-21 00:21:45.359] [info] Frame 284 (t = 2.84):	 total squared error = 0.00123616, marker error: RMS = 0.00676637, max = 0.0137575 (L_Elbow)
[2026-07-21 00:21:45.411] [info] Frame 285 (t = 2.85):	 total squared error = 0.00128709, marker error: RMS = 0.00690436, max = 0.0138843 (L_Elbow)
[2026-07-21 00:21:45.455] [info] Frame 286 (t = 2.86):	 total squared error = 0.00134576, marker error: RMS = 0.00705996, max = 0.0141847 (L_Asis)
[2026-07-21 00:21:45.514] [info] Frame 287 (t = 2.87):	 total squared error = 0.00139595, marker error: RMS = 0.00719039, max = 0.0149717 (L_Asis)
[2026-07-21 00:21:45.587] [info] Frame 288 (t = 2.88):	 total squared error = 0.00143536, marker error: RMS = 0.00729118, max = 0.0156523 (L_Asis)
[2026-07-21 00:21:45.711] [info] Frame 289 (t = 2.89):	 total squared error = 0.00144615, marker error: RMS = 0.00731855, max = 0.0160519 (L_Asis)
[2026-07-21 00:21:45.769] [info] Frame 290 (t = 2.9):	 total squared error = 0.00144119, marker error: RMS = 0.00730599, max = 0.0161711 (L_Asis)
[2026-07-21 00:21:45.831] [info] Frame 291 (t = 2.91):	 total squared error = 0.00140322, marker error: RMS = 0.00720910, max = 0.0160424 (L_Asis)
[2026-07-21 00:21:45.886] [info] Frame 292 (t = 2.92):	 total squared error = 0.00133542, marker error: RMS = 0.00703278, max = 0.0155848 (L_Asis)
[2026-07-21 00:21:45.937] [info] Frame 293 (t = 2.93):	 total squared error = 0.00124804, marker error: RMS = 0.00679880, max = 0.0152725 (L_Asis)
[2026-07-21 00:21:45.996] [info] Frame 294 (t = 2.94):	 total squared error = 0.00114360, marker error: RMS = 0.00650811, max = 0.0138778 (L_Asis)
[2026-07-21 00:21:46.104] [info] Frame 295 (t = 2.95):	 total squared error = 0.00101561, marker error: RMS = 0.00613312, max = 0.0132963 (R_Asis)
[2026-07-21 00:21:46.118] [info] InverseKinematicsTool completed 256 frames in 18 second(s).
[2026-07-21 00:21:46.225] [info] Loaded model TCV09-scaled from file C:\Users\migue\Downloads\TFG\2_JMP\TVC09\Walk_2\TVC09_2_JMP_results\TVC09_2_NMSM_JMP_04_ankle_axis.osim
[2026-07-21 00:21:47.947] [warning] Coordinate.setValue:  coordinate pro_sup_r is locked. Unable to change its value.
[2026-07-21 00:21:48.040] [warning] Coordinate.setValue:  coordinate pro_sup_l is locked. Unable to change its value.
[2026-07-21 00:23:59.501] [info] Loaded model TCV09-scaled from file C:\Users\migue\Downloads\TFG\2_JMP\TVC09\Walk_2\TVC09_2_JMP_results\TVC09_2_NMSM_JMP_04_ankle_axis.osim
[2026-07-21 00:23:59.548] [cout] [info] 
               MODEL: TCV09-scaled
         coordinates: 41
              forces: 103
           actuators: 103
             muscles: 86
            analyses: 0
              probes: 0
              bodies: 24
              joints: 24
         constraints: 2
             markers: 27
         controllers: 0
  contact geometries: 0
misc modelcomponents: 0
[2026-07-21 00:23:59.548] [info] Running tool .
[2026-07-21 00:23:59.915] [info] Frame 40 (t = 0.4):	 total squared error = 0.00112356, marker error: RMS = 0.00645084, max = 0.0135796 (L_Thigh_Lateral)
[2026-07-21 00:23:59.946] [info] Frame 41 (t = 0.41):	 total squared error = 0.00115565, marker error: RMS = 0.00654230, max = 0.0138423 (L_Thigh_Lateral)
[2026-07-21 00:24:00.031] [info] Frame 42 (t = 0.42):	 total squared error = 0.00116550, marker error: RMS = 0.00657013, max = 0.01335 (L_Thigh_Lateral)
[2026-07-21 00:24:00.103] [info] Frame 43 (t = 0.43):	 total squared error = 0.00116129, marker error: RMS = 0.00655825, max = 0.0134087 (L_Elbow)
[2026-07-21 00:24:00.144] [info] Frame 44 (t = 0.44):	 total squared error = 0.00114641, marker error: RMS = 0.00651610, max = 0.0135126 (L_Elbow)
[2026-07-21 00:24:00.216] [info] Frame 45 (t = 0.45):	 total squared error = 0.00112004, marker error: RMS = 0.00644073, max = 0.0136336 (L_Elbow)
[2026-07-21 00:24:00.301] [info] Frame 46 (t = 0.46):	 total squared error = 0.00108239, marker error: RMS = 0.00633156, max = 0.0137619 (L_Elbow)
[2026-07-21 00:24:00.435] [info] Frame 47 (t = 0.47):	 total squared error = 0.00103451, marker error: RMS = 0.00618992, max = 0.0138176 (L_Elbow)
[2026-07-21 00:24:00.500] [info] Frame 48 (t = 0.48):	 total squared error = 0.00100139, marker error: RMS = 0.00609002, max = 0.0139489 (L_Elbow)
[2026-07-21 00:24:00.557] [info] Frame 49 (t = 0.49):	 total squared error = 0.000979652, marker error: RMS = 0.00602357, max = 0.0140970 (L_Elbow)
[2026-07-21 00:24:00.627] [info] Frame 50 (t = 0.5):	 total squared error = 0.000962716, marker error: RMS = 0.00597128, max = 0.0141682 (L_Elbow)
[2026-07-21 00:24:00.673] [info] Frame 51 (t = 0.51):	 total squared error = 0.000954186, marker error: RMS = 0.00594476, max = 0.0142656 (L_Elbow)
[2026-07-21 00:24:00.733] [info] Frame 52 (t = 0.52):	 total squared error = 0.000944885, marker error: RMS = 0.00591572, max = 0.0142461 (L_Elbow)
[2026-07-21 00:24:00.801] [info] Frame 53 (t = 0.53):	 total squared error = 0.000930297, marker error: RMS = 0.00586988, max = 0.0141772 (L_Elbow)
[2026-07-21 00:24:00.843] [info] Frame 54 (t = 0.54):	 total squared error = 0.000912211, marker error: RMS = 0.00581254, max = 0.0140744 (L_Elbow)
[2026-07-21 00:24:00.913] [info] Frame 55 (t = 0.55):	 total squared error = 0.000891627, marker error: RMS = 0.00574658, max = 0.0138202 (L_Elbow)
[2026-07-21 00:24:00.970] [info] Frame 56 (t = 0.56):	 total squared error = 0.000867884, marker error: RMS = 0.00566956, max = 0.013484 (L_Elbow)
[2026-07-21 00:24:01.041] [info] Frame 57 (t = 0.57):	 total squared error = 0.000845849, marker error: RMS = 0.00559712, max = 0.0130434 (L_Elbow)
[2026-07-21 00:24:01.093] [info] Frame 58 (t = 0.58):	 total squared error = 0.000825442, marker error: RMS = 0.00552919, max = 0.0125421 (L_Elbow)
[2026-07-21 00:24:01.166] [info] Frame 59 (t = 0.59):	 total squared error = 0.000804201, marker error: RMS = 0.00545758, max = 0.0119832 (L_Elbow)
[2026-07-21 00:24:01.219] [info] Frame 60 (t = 0.6):	 total squared error = 0.000792353, marker error: RMS = 0.00541723, max = 0.0114277 (R_Shoulder)
[2026-07-21 00:24:01.275] [info] Frame 61 (t = 0.61):	 total squared error = 0.000790043, marker error: RMS = 0.00540933, max = 0.0114965 (R_Shoulder)
[2026-07-21 00:24:01.367] [info] Frame 62 (t = 0.62):	 total squared error = 0.000799247, marker error: RMS = 0.00544075, max = 0.0115709 (R_Shoulder)
[2026-07-21 00:24:01.451] [info] Frame 63 (t = 0.63):	 total squared error = 0.000819599, marker error: RMS = 0.00550958, max = 0.0116399 (R_Shoulder)
[2026-07-21 00:24:01.533] [info] Frame 64 (t = 0.64):	 total squared error = 0.000853201, marker error: RMS = 0.00562139, max = 0.0117030 (R_Shoulder)
[2026-07-21 00:24:01.633] [info] Frame 65 (t = 0.65):	 total squared error = 0.000897162, marker error: RMS = 0.00576439, max = 0.0117034 (R_Shoulder)
[2026-07-21 00:24:01.708] [info] Frame 66 (t = 0.66):	 total squared error = 0.000950061, marker error: RMS = 0.00593190, max = 0.0117274 (R_Shoulder)
[2026-07-21 00:24:01.759] [info] Frame 67 (t = 0.67):	 total squared error = 0.00101001, marker error: RMS = 0.00611618, max = 0.0116747 (R_Shoulder)
[2026-07-21 00:24:01.821] [info] Frame 68 (t = 0.68):	 total squared error = 0.00107255, marker error: RMS = 0.00630270, max = 0.0117329 (R_Shank_Lateral)
[2026-07-21 00:24:01.930] [info] Frame 69 (t = 0.69):	 total squared error = 0.00113827, marker error: RMS = 0.00649294, max = 0.0126591 (R_Shank_Lateral)
[2026-07-21 00:24:02.003] [info] Frame 70 (t = 0.7):	 total squared error = 0.00121014, marker error: RMS = 0.00669478, max = 0.0134801 (R_Shank_Lateral)
[2026-07-21 00:24:02.075] [info] Frame 71 (t = 0.71):	 total squared error = 0.00128904, marker error: RMS = 0.00690958, max = 0.0145133 (R_Shank_Lateral)
[2026-07-21 00:24:02.128] [info] Frame 72 (t = 0.72):	 total squared error = 0.00137720, marker error: RMS = 0.00714194, max = 0.0158013 (R_Shank_Lateral)
[2026-07-21 00:24:02.181] [info] Frame 73 (t = 0.73):	 total squared error = 0.00147359, marker error: RMS = 0.00738766, max = 0.0172147 (R_Shank_Lateral)
[2026-07-21 00:24:02.244] [info] Frame 74 (t = 0.74):	 total squared error = 0.00157710, marker error: RMS = 0.00764271, max = 0.0187952 (R_Shank_Lateral)
[2026-07-21 00:24:02.300] [info] Frame 75 (t = 0.75):	 total squared error = 0.00168826, marker error: RMS = 0.00790748, max = 0.0204265 (R_Shank_Lateral)
[2026-07-21 00:24:02.349] [info] Frame 76 (t = 0.76):	 total squared error = 0.00180348, marker error: RMS = 0.00817285, max = 0.0220176 (R_Shank_Lateral)
[2026-07-21 00:24:02.397] [info] Frame 77 (t = 0.77):	 total squared error = 0.00191514, marker error: RMS = 0.00842206, max = 0.0234856 (R_Shank_Lateral)
[2026-07-21 00:24:02.443] [info] Frame 78 (t = 0.78):	 total squared error = 0.00201832, marker error: RMS = 0.00864595, max = 0.0247025 (R_Shank_Lateral)
[2026-07-21 00:24:02.481] [info] Frame 79 (t = 0.79):	 total squared error = 0.00210805, marker error: RMS = 0.00883607, max = 0.0255475 (R_Shank_Lateral)
[2026-07-21 00:24:02.552] [info] Frame 80 (t = 0.8):	 total squared error = 0.00216623, marker error: RMS = 0.00895716, max = 0.0262904 (R_Shank_Lateral)
[2026-07-21 00:24:02.606] [info] Frame 81 (t = 0.81):	 total squared error = 0.00220602, marker error: RMS = 0.00903905, max = 0.026638 (R_Shank_Lateral)
[2026-07-21 00:24:02.659] [info] Frame 82 (t = 0.82):	 total squared error = 0.00221947, marker error: RMS = 0.00906657, max = 0.026635 (R_Shank_Lateral)
[2026-07-21 00:24:02.733] [info] Frame 83 (t = 0.83):	 total squared error = 0.00220684, marker error: RMS = 0.00904073, max = 0.0262825 (R_Shank_Lateral)
[2026-07-21 00:24:02.771] [info] Frame 84 (t = 0.84):	 total squared error = 0.00218551, marker error: RMS = 0.00899694, max = 0.0257666 (R_Shank_Lateral)
[2026-07-21 00:24:02.819] [info] Frame 85 (t = 0.85):	 total squared error = 0.00214589, marker error: RMS = 0.00891501, max = 0.0252252 (R_Shank_Lateral)
[2026-07-21 00:24:02.859] [info] Frame 86 (t = 0.86):	 total squared error = 0.00210857, marker error: RMS = 0.00883715, max = 0.024359 (R_Shank_Lateral)
[2026-07-21 00:24:02.893] [info] Frame 87 (t = 0.87):	 total squared error = 0.00207433, marker error: RMS = 0.00876510, max = 0.0235834 (R_Shank_Lateral)
[2026-07-21 00:24:02.958] [info] Frame 88 (t = 0.88):	 total squared error = 0.00202530, marker error: RMS = 0.00866089, max = 0.0226553 (R_Shank_Lateral)
[2026-07-21 00:24:02.989] [info] Frame 89 (t = 0.89):	 total squared error = 0.00199721, marker error: RMS = 0.00860064, max = 0.0220528 (R_Shank_Lateral)
[2026-07-21 00:24:03.052] [info] Frame 90 (t = 0.9):	 total squared error = 0.00195843, marker error: RMS = 0.00851671, max = 0.0211727 (R_Shank_Lateral)
[2026-07-21 00:24:03.111] [info] Frame 91 (t = 0.91):	 total squared error = 0.00192964, marker error: RMS = 0.00845387, max = 0.0205873 (R_Shank_Lateral)
[2026-07-21 00:24:03.192] [info] Frame 92 (t = 0.92):	 total squared error = 0.00187969, marker error: RMS = 0.00834375, max = 0.019374 (R_Shank_Lateral)
[2026-07-21 00:24:03.263] [info] Frame 93 (t = 0.93):	 total squared error = 0.00182696, marker error: RMS = 0.00822588, max = 0.0183449 (R_Shank_Lateral)
[2026-07-21 00:24:03.313] [info] Frame 94 (t = 0.94):	 total squared error = 0.00176906, marker error: RMS = 0.00809448, max = 0.0173475 (R_Shank_Lateral)
[2026-07-21 00:24:03.395] [info] Frame 95 (t = 0.95):	 total squared error = 0.00168867, marker error: RMS = 0.00790842, max = 0.0154523 (R_Shank_Lateral)
[2026-07-21 00:24:03.476] [info] Frame 96 (t = 0.96):	 total squared error = 0.00160573, marker error: RMS = 0.00771176, max = 0.0143865 (Sternum)
[2026-07-21 00:24:03.579] [info] Frame 97 (t = 0.97):	 total squared error = 0.00152037, marker error: RMS = 0.00750401, max = 0.01445 (Sternum)
[2026-07-21 00:24:03.649] [info] Frame 98 (t = 0.98):	 total squared error = 0.00144548, marker error: RMS = 0.00731686, max = 0.014441 (Sternum)
[2026-07-21 00:24:03.794] [info] Frame 99 (t = 0.99):	 total squared error = 0.00136705, marker error: RMS = 0.00711557, max = 0.0144738 (Sternum)
[2026-07-21 00:24:03.896] [info] Frame 100 (t = 1.0):	 total squared error = 0.00131331, marker error: RMS = 0.00697433, max = 0.0145137 (Sternum)
[2026-07-21 00:24:03.975] [info] Frame 101 (t = 1.01):	 total squared error = 0.00127849, marker error: RMS = 0.00688125, max = 0.0144892 (Sternum)
[2026-07-21 00:24:04.030] [info] Frame 102 (t = 1.02):	 total squared error = 0.00127339, marker error: RMS = 0.00686751, max = 0.0146763 (Sternum)
[2026-07-21 00:24:04.163] [info] Frame 103 (t = 1.03):	 total squared error = 0.00127190, marker error: RMS = 0.00686348, max = 0.0146228 (Sternum)
[2026-07-21 00:24:04.248] [info] Frame 104 (t = 1.04):	 total squared error = 0.00129606, marker error: RMS = 0.00692837, max = 0.0147017 (Sternum)
[2026-07-21 00:24:04.318] [info] Frame 105 (t = 1.05):	 total squared error = 0.00133716, marker error: RMS = 0.00703737, max = 0.0147403 (Sternum)
[2026-07-21 00:24:04.371] [info] Frame 106 (t = 1.06):	 total squared error = 0.00139193, marker error: RMS = 0.00718003, max = 0.0148707 (Sternum)
[2026-07-21 00:24:04.440] [info] Frame 107 (t = 1.07):	 total squared error = 0.00144823, marker error: RMS = 0.00732382, max = 0.014921 (Sternum)
[2026-07-21 00:24:04.508] [info] Frame 108 (t = 1.08):	 total squared error = 0.00150553, marker error: RMS = 0.00746728, max = 0.0149242 (Sternum)
[2026-07-21 00:24:04.576] [info] Frame 109 (t = 1.09):	 total squared error = 0.00154948, marker error: RMS = 0.00757551, max = 0.0156267 (R_Thigh_Lateral)
[2026-07-21 00:24:04.614] [info] Frame 110 (t = 1.1):	 total squared error = 0.00158915, marker error: RMS = 0.00767187, max = 0.0164017 (R_Thigh_Lateral)
[2026-07-21 00:24:04.674] [info] Frame 111 (t = 1.11):	 total squared error = 0.00156196, marker error: RMS = 0.00760595, max = 0.0158986 (R_Thigh_Lateral)
[2026-07-21 00:24:04.700] [info] Frame 112 (t = 1.12):	 total squared error = 0.00152891, marker error: RMS = 0.00752506, max = 0.0149342 (R_Thigh_Lateral)
[2026-07-21 00:24:04.788] [info] Frame 113 (t = 1.13):	 total squared error = 0.00143448, marker error: RMS = 0.00728895, max = 0.0147089 (Sternum)
[2026-07-21 00:24:04.851] [info] Frame 114 (t = 1.14):	 total squared error = 0.00133950, marker error: RMS = 0.00704353, max = 0.0146205 (Sternum)
[2026-07-21 00:24:04.891] [info] Frame 115 (t = 1.15):	 total squared error = 0.00124253, marker error: RMS = 0.00678379, max = 0.0144664 (Sternum)
[2026-07-21 00:24:04.995] [info] Frame 116 (t = 1.16):	 total squared error = 0.00117778, marker error: RMS = 0.00660466, max = 0.0144193 (R_Wrist)
[2026-07-21 00:24:05.029] [info] Frame 117 (t = 1.17):	 total squared error = 0.00113853, marker error: RMS = 0.00649367, max = 0.0147027 (R_Wrist)
[2026-07-21 00:24:05.095] [info] Frame 118 (t = 1.18):	 total squared error = 0.00113694, marker error: RMS = 0.00648913, max = 0.0146903 (R_Wrist)
[2026-07-21 00:24:05.147] [info] Frame 119 (t = 1.19):	 total squared error = 0.00117952, marker error: RMS = 0.00660953, max = 0.0147263 (R_Wrist)
[2026-07-21 00:24:05.227] [info] Frame 120 (t = 1.2):	 total squared error = 0.00124593, marker error: RMS = 0.00679305, max = 0.0147345 (R_Wrist)
[2026-07-21 00:24:05.332] [info] Frame 121 (t = 1.21):	 total squared error = 0.00132204, marker error: RMS = 0.00699746, max = 0.0146455 (R_Wrist)
[2026-07-21 00:24:05.398] [info] Frame 122 (t = 1.22):	 total squared error = 0.00140478, marker error: RMS = 0.00721311, max = 0.0144843 (R_Wrist)
[2026-07-21 00:24:05.465] [info] Frame 123 (t = 1.23):	 total squared error = 0.00148559, marker error: RMS = 0.00741768, max = 0.0143083 (R_Wrist)
[2026-07-21 00:24:05.530] [info] Frame 124 (t = 1.24):	 total squared error = 0.00155143, marker error: RMS = 0.00758027, max = 0.0141033 (R_Wrist)
[2026-07-21 00:24:05.613] [info] Frame 125 (t = 1.25):	 total squared error = 0.00159079, marker error: RMS = 0.00767582, max = 0.0152085 (L_Shank_Lateral)
[2026-07-21 00:24:05.695] [info] Frame 126 (t = 1.26):	 total squared error = 0.00160159, marker error: RMS = 0.00770182, max = 0.0160601 (L_Shank_Lateral)
[2026-07-21 00:24:05.792] [info] Frame 127 (t = 1.27):	 total squared error = 0.00158365, marker error: RMS = 0.00765857, max = 0.016468 (L_Shank_Lateral)
[2026-07-21 00:24:05.848] [info] Frame 128 (t = 1.28):	 total squared error = 0.00156056, marker error: RMS = 0.00760254, max = 0.0159488 (L_Shank_Lateral)
[2026-07-21 00:24:05.933] [info] Frame 129 (t = 1.29):	 total squared error = 0.00152396, marker error: RMS = 0.00751286, max = 0.0163181 (L_Shank_Lateral)
[2026-07-21 00:24:05.992] [info] Frame 130 (t = 1.3):	 total squared error = 0.00149860, marker error: RMS = 0.00745008, max = 0.0156287 (L_Shank_Lateral)
[2026-07-21 00:24:06.059] [info] Frame 131 (t = 1.31):	 total squared error = 0.00148039, marker error: RMS = 0.00740469, max = 0.0153881 (L_Shank_Lateral)
[2026-07-21 00:24:06.141] [info] Frame 132 (t = 1.32):	 total squared error = 0.00146111, marker error: RMS = 0.00735631, max = 0.0157587 (L_Shank_Lateral)
[2026-07-21 00:24:06.196] [info] Frame 133 (t = 1.33):	 total squared error = 0.00145583, marker error: RMS = 0.00734300, max = 0.0153083 (L_Shank_Lateral)
[2026-07-21 00:24:06.256] [info] Frame 134 (t = 1.34):	 total squared error = 0.00145204, marker error: RMS = 0.00733342, max = 0.0151105 (L_Shank_Lateral)
[2026-07-21 00:24:06.307] [info] Frame 135 (t = 1.35):	 total squared error = 0.00145194, marker error: RMS = 0.00733318, max = 0.0148205 (L_Shank_Lateral)
[2026-07-21 00:24:06.343] [info] Frame 136 (t = 1.36):	 total squared error = 0.00145919, marker error: RMS = 0.00735148, max = 0.0144783 (L_Shank_Lateral)
[2026-07-21 00:24:06.442] [info] Frame 137 (t = 1.37):	 total squared error = 0.00144589, marker error: RMS = 0.00731788, max = 0.0150708 (L_Shank_Lateral)
[2026-07-21 00:24:06.503] [info] Frame 138 (t = 1.38):	 total squared error = 0.00145318, marker error: RMS = 0.00733631, max = 0.0150605 (L_Shank_Lateral)
[2026-07-21 00:24:06.564] [info] Frame 139 (t = 1.39):	 total squared error = 0.00145792, marker error: RMS = 0.00734828, max = 0.0153895 (L_Shank_Lateral)
[2026-07-21 00:24:06.620] [info] Frame 140 (t = 1.4):	 total squared error = 0.00146498, marker error: RMS = 0.00736605, max = 0.0158953 (L_Shank_Lateral)
[2026-07-21 00:24:06.689] [info] Frame 141 (t = 1.41):	 total squared error = 0.00147120, marker error: RMS = 0.00738165, max = 0.0165338 (L_Shank_Lateral)
[2026-07-21 00:24:06.744] [info] Frame 142 (t = 1.42):	 total squared error = 0.00147683, marker error: RMS = 0.00739577, max = 0.0172669 (L_Shank_Lateral)
[2026-07-21 00:24:06.807] [info] Frame 143 (t = 1.43):	 total squared error = 0.00147861, marker error: RMS = 0.00740022, max = 0.0177888 (L_Shank_Lateral)
[2026-07-21 00:24:06.892] [info] Frame 144 (t = 1.44):	 total squared error = 0.00147649, marker error: RMS = 0.00739491, max = 0.0181874 (L_Shank_Lateral)
[2026-07-21 00:24:06.995] [info] Frame 145 (t = 1.45):	 total squared error = 0.00146788, marker error: RMS = 0.00737332, max = 0.0181684 (L_Shank_Lateral)
[2026-07-21 00:24:07.110] [info] Frame 146 (t = 1.46):	 total squared error = 0.00144680, marker error: RMS = 0.00732018, max = 0.0179603 (L_Shank_Lateral)
[2026-07-21 00:24:07.176] [info] Frame 147 (t = 1.47):	 total squared error = 0.00140731, marker error: RMS = 0.00721961, max = 0.0177684 (L_Shank_Lateral)
[2026-07-21 00:24:07.283] [info] Frame 148 (t = 1.48):	 total squared error = 0.00133980, marker error: RMS = 0.00704432, max = 0.0163239 (L_Shank_Lateral)
[2026-07-21 00:24:07.351] [info] Frame 149 (t = 1.49):	 total squared error = 0.00125362, marker error: RMS = 0.00681398, max = 0.0149983 (L_Shank_Lateral)
[2026-07-21 00:24:07.427] [info] Frame 150 (t = 1.5):	 total squared error = 0.00114989, marker error: RMS = 0.00652599, max = 0.0127724 (L_Shank_Lateral)
[2026-07-21 00:24:07.519] [info] Frame 151 (t = 1.51):	 total squared error = 0.00104664, marker error: RMS = 0.00622611, max = 0.011291 (L_Elbow)
[2026-07-21 00:24:07.610] [info] Frame 152 (t = 1.52):	 total squared error = 0.000960398, marker error: RMS = 0.00596408, max = 0.0114217 (L_Elbow)
[2026-07-21 00:24:07.712] [info] Frame 153 (t = 1.53):	 total squared error = 0.000902405, marker error: RMS = 0.00578121, max = 0.0115104 (L_Elbow)
[2026-07-21 00:24:07.775] [info] Frame 154 (t = 1.54):	 total squared error = 0.000886288, marker error: RMS = 0.00572935, max = 0.0116336 (L_Elbow)
[2026-07-21 00:24:07.877] [info] Frame 155 (t = 1.55):	 total squared error = 0.000900264, marker error: RMS = 0.00577435, max = 0.0116443 (L_Elbow)
[2026-07-21 00:24:07.957] [info] Frame 156 (t = 1.56):	 total squared error = 0.000945079, marker error: RMS = 0.00591633, max = 0.0116854 (L_Elbow)
[2026-07-21 00:24:08.015] [info] Frame 157 (t = 1.57):	 total squared error = 0.00100520, marker error: RMS = 0.00610160, max = 0.0117259 (L_Elbow)
[2026-07-21 00:24:08.072] [info] Frame 158 (t = 1.58):	 total squared error = 0.00106251, marker error: RMS = 0.00627314, max = 0.0117205 (L_Elbow)
[2026-07-21 00:24:08.173] [info] Frame 159 (t = 1.59):	 total squared error = 0.00110801, marker error: RMS = 0.00640603, max = 0.0116926 (L_Elbow)
[2026-07-21 00:24:08.234] [info] Frame 160 (t = 1.6):	 total squared error = 0.00114296, marker error: RMS = 0.00650629, max = 0.0117104 (L_Elbow)
[2026-07-21 00:24:08.293] [info] Frame 161 (t = 1.61):	 total squared error = 0.00116233, marker error: RMS = 0.00656119, max = 0.0118368 (L_Thigh_Lateral)
[2026-07-21 00:24:08.340] [info] Frame 162 (t = 1.62):	 total squared error = 0.00117061, marker error: RMS = 0.00658452, max = 0.011896 (L_Thigh_Lateral)
[2026-07-21 00:24:08.373] [info] Frame 163 (t = 1.63):	 total squared error = 0.00117478, marker error: RMS = 0.00659623, max = 0.0118261 (L_Thigh_Lateral)
[2026-07-21 00:24:08.453] [info] Frame 164 (t = 1.64):	 total squared error = 0.00116795, marker error: RMS = 0.00657703, max = 0.0117236 (L_Elbow)
[2026-07-21 00:24:08.502] [info] Frame 165 (t = 1.65):	 total squared error = 0.00117062, marker error: RMS = 0.00658454, max = 0.0117452 (L_Elbow)
[2026-07-21 00:24:08.544] [info] Frame 166 (t = 1.66):	 total squared error = 0.00118286, marker error: RMS = 0.00661890, max = 0.011871 (L_Elbow)
[2026-07-21 00:24:08.587] [info] Frame 167 (t = 1.67):	 total squared error = 0.00120831, marker error: RMS = 0.00668970, max = 0.0120354 (L_Elbow)
[2026-07-21 00:24:08.660] [info] Frame 168 (t = 1.68):	 total squared error = 0.00123663, marker error: RMS = 0.00676764, max = 0.0120914 (L_Elbow)
[2026-07-21 00:24:08.712] [info] Frame 169 (t = 1.69):	 total squared error = 0.00127991, marker error: RMS = 0.00688506, max = 0.01228 (L_Elbow)
[2026-07-21 00:24:08.813] [info] Frame 170 (t = 1.7):	 total squared error = 0.00132351, marker error: RMS = 0.00700135, max = 0.0124481 (L_Elbow)
[2026-07-21 00:24:08.988] [info] Frame 171 (t = 1.71):	 total squared error = 0.00135559, marker error: RMS = 0.00708568, max = 0.0125226 (L_Elbow)
[2026-07-21 00:24:09.038] [info] Frame 172 (t = 1.72):	 total squared error = 0.00139511, marker error: RMS = 0.00718823, max = 0.0129291 (L_Asis)
[2026-07-21 00:24:09.072] [info] Frame 173 (t = 1.73):	 total squared error = 0.00142586, marker error: RMS = 0.00726704, max = 0.0132503 (L_Asis)
[2026-07-21 00:24:09.129] [info] Frame 174 (t = 1.74):	 total squared error = 0.00142567, marker error: RMS = 0.00726655, max = 0.0139811 (L_Asis)
[2026-07-21 00:24:09.241] [info] Frame 175 (t = 1.75):	 total squared error = 0.00138556, marker error: RMS = 0.00716358, max = 0.0137356 (L_Asis)
[2026-07-21 00:24:09.299] [info] Frame 176 (t = 1.76):	 total squared error = 0.00133543, marker error: RMS = 0.00703281, max = 0.0137448 (L_Asis)
[2026-07-21 00:24:09.363] [info] Frame 177 (t = 1.77):	 total squared error = 0.00126460, marker error: RMS = 0.00684376, max = 0.0131235 (L_Elbow)
[2026-07-21 00:24:09.427] [info] Frame 178 (t = 1.78):	 total squared error = 0.00118871, marker error: RMS = 0.00663523, max = 0.0130122 (L_Elbow)
[2026-07-21 00:24:09.513] [info] Frame 179 (t = 1.79):	 total squared error = 0.00109010, marker error: RMS = 0.00635405, max = 0.0128539 (L_Elbow)
[2026-07-21 00:24:09.563] [info] Frame 180 (t = 1.8):	 total squared error = 0.00101182, marker error: RMS = 0.00612167, max = 0.0126239 (L_Elbow)
[2026-07-21 00:24:09.615] [info] Frame 181 (t = 1.81):	 total squared error = 0.000934435, marker error: RMS = 0.00588292, max = 0.012318 (L_Elbow)
[2026-07-21 00:24:09.685] [info] Frame 182 (t = 1.82):	 total squared error = 0.000868081, marker error: RMS = 0.00567020, max = 0.0119474 (L_Elbow)
[2026-07-21 00:24:09.747] [info] Frame 183 (t = 1.83):	 total squared error = 0.000826363, marker error: RMS = 0.00553227, max = 0.0115493 (L_Elbow)
[2026-07-21 00:24:09.813] [info] Frame 184 (t = 1.84):	 total squared error = 0.000819027, marker error: RMS = 0.00550766, max = 0.0113774 (Sternum)
[2026-07-21 00:24:09.909] [info] Frame 185 (t = 1.85):	 total squared error = 0.000843593, marker error: RMS = 0.00558965, max = 0.0116895 (Sternum)
[2026-07-21 00:24:09.999] [info] Frame 186 (t = 1.86):	 total squared error = 0.000888749, marker error: RMS = 0.00573730, max = 0.011988 (Sternum)
[2026-07-21 00:24:10.091] [info] Frame 187 (t = 1.87):	 total squared error = 0.000944025, marker error: RMS = 0.00591303, max = 0.0122476 (Sternum)
[2026-07-21 00:24:10.186] [info] Frame 188 (t = 1.88):	 total squared error = 0.000995830, marker error: RMS = 0.00607310, max = 0.0124436 (Sternum)
[2026-07-21 00:24:10.264] [info] Frame 189 (t = 1.89):	 total squared error = 0.00104082, marker error: RMS = 0.00620879, max = 0.0125998 (Sternum)
[2026-07-21 00:24:10.335] [info] Frame 190 (t = 1.9):	 total squared error = 0.00107377, marker error: RMS = 0.00630628, max = 0.0131806 (R_Shank_Lateral)
[2026-07-21 00:24:10.430] [info] Frame 191 (t = 1.91):	 total squared error = 0.00110339, marker error: RMS = 0.00639268, max = 0.0142078 (R_Shank_Lateral)
[2026-07-21 00:24:10.495] [info] Frame 192 (t = 1.92):	 total squared error = 0.00114185, marker error: RMS = 0.00650313, max = 0.0148212 (R_Shank_Lateral)
[2026-07-21 00:24:10.590] [info] Frame 193 (t = 1.93):	 total squared error = 0.00118751, marker error: RMS = 0.00663187, max = 0.0159492 (R_Shank_Lateral)
[2026-07-21 00:24:10.668] [info] Frame 194 (t = 1.94):	 total squared error = 0.00124841, marker error: RMS = 0.00679981, max = 0.0168889 (R_Shank_Lateral)
[2026-07-21 00:24:10.728] [info] Frame 195 (t = 1.95):	 total squared error = 0.00132226, marker error: RMS = 0.00699805, max = 0.0179229 (R_Shank_Lateral)
[2026-07-21 00:24:10.773] [info] Frame 196 (t = 1.96):	 total squared error = 0.00140485, marker error: RMS = 0.00721327, max = 0.0189694 (R_Shank_Lateral)
[2026-07-21 00:24:10.838] [info] Frame 197 (t = 1.97):	 total squared error = 0.00147829, marker error: RMS = 0.00739942, max = 0.0200812 (R_Shank_Lateral)
[2026-07-21 00:24:10.898] [info] Frame 198 (t = 1.98):	 total squared error = 0.00155079, marker error: RMS = 0.00757870, max = 0.0210652 (R_Shank_Lateral)
[2026-07-21 00:24:10.965] [info] Frame 199 (t = 1.99):	 total squared error = 0.00161548, marker error: RMS = 0.00773515, max = 0.0219151 (R_Shank_Lateral)
[2026-07-21 00:24:11.063] [info] Frame 200 (t = 2.0):	 total squared error = 0.00167485, marker error: RMS = 0.00787601, max = 0.0225863 (R_Shank_Lateral)
[2026-07-21 00:24:11.125] [info] Frame 201 (t = 2.01):	 total squared error = 0.00172471, marker error: RMS = 0.00799237, max = 0.0231764 (R_Shank_Lateral)
[2026-07-21 00:24:11.166] [info] Frame 202 (t = 2.02):	 total squared error = 0.00176862, marker error: RMS = 0.00809349, max = 0.0236414 (R_Shank_Lateral)
[2026-07-21 00:24:11.254] [info] Frame 203 (t = 2.03):	 total squared error = 0.00179805, marker error: RMS = 0.00816053, max = 0.0241026 (R_Shank_Lateral)
[2026-07-21 00:24:11.312] [info] Frame 204 (t = 2.04):	 total squared error = 0.00182840, marker error: RMS = 0.00822914, max = 0.0245377 (R_Shank_Lateral)
[2026-07-21 00:24:11.369] [info] Frame 205 (t = 2.05):	 total squared error = 0.00185365, marker error: RMS = 0.00828575, max = 0.0249090 (R_Shank_Lateral)
[2026-07-21 00:24:11.440] [info] Frame 206 (t = 2.06):	 total squared error = 0.00187188, marker error: RMS = 0.00832639, max = 0.0251535 (R_Shank_Lateral)
[2026-07-21 00:24:11.530] [info] Frame 207 (t = 2.07):	 total squared error = 0.00188390, marker error: RMS = 0.00835308, max = 0.0253788 (R_Shank_Lateral)
[2026-07-21 00:24:11.596] [info] Frame 208 (t = 2.08):	 total squared error = 0.00189125, marker error: RMS = 0.00836937, max = 0.0256426 (R_Shank_Lateral)
[2026-07-21 00:24:11.635] [info] Frame 209 (t = 2.09):	 total squared error = 0.00189978, marker error: RMS = 0.00838823, max = 0.0259113 (R_Shank_Lateral)
[2026-07-21 00:24:11.770] [info] Frame 210 (t = 2.1):	 total squared error = 0.00186516, marker error: RMS = 0.00831144, max = 0.0253684 (R_Shank_Lateral)
[2026-07-21 00:24:11.894] [info] Frame 211 (t = 2.11):	 total squared error = 0.00182490, marker error: RMS = 0.00822124, max = 0.0248524 (R_Shank_Lateral)
[2026-07-21 00:24:11.964] [info] Frame 212 (t = 2.12):	 total squared error = 0.00176402, marker error: RMS = 0.00808295, max = 0.0242316 (R_Shank_Lateral)
[2026-07-21 00:24:12.039] [info] Frame 213 (t = 2.13):	 total squared error = 0.00167385, marker error: RMS = 0.00787366, max = 0.0229861 (R_Shank_Lateral)
[2026-07-21 00:24:12.209] [info] Frame 214 (t = 2.14):	 total squared error = 0.00153698, marker error: RMS = 0.00754487, max = 0.0204144 (R_Shank_Lateral)
[2026-07-21 00:24:12.279] [info] Frame 215 (t = 2.15):	 total squared error = 0.00139373, marker error: RMS = 0.00718469, max = 0.0181514 (R_Shank_Lateral)
[2026-07-21 00:24:12.350] [info] Frame 216 (t = 2.16):	 total squared error = 0.00123919, marker error: RMS = 0.00677467, max = 0.0150521 (R_Shank_Lateral)
[2026-07-21 00:24:12.457] [info] Frame 217 (t = 2.17):	 total squared error = 0.00108563, marker error: RMS = 0.00634102, max = 0.012959 (Sternum)
[2026-07-21 00:24:12.515] [info] Frame 218 (t = 2.18):	 total squared error = 0.000980740, marker error: RMS = 0.00602692, max = 0.0129202 (Sternum)
[2026-07-21 00:24:12.676] [info] Frame 219 (t = 2.19):	 total squared error = 0.000900652, marker error: RMS = 0.00577560, max = 0.0128555 (Sternum)
[2026-07-21 00:24:12.773] [info] Frame 220 (t = 2.2):	 total squared error = 0.000898643, marker error: RMS = 0.00576915, max = 0.0128007 (Sternum)
[2026-07-21 00:24:12.838] [info] Frame 221 (t = 2.21):	 total squared error = 0.000965314, marker error: RMS = 0.00597933, max = 0.0127814 (Sternum)
[2026-07-21 00:24:12.939] [info] Frame 222 (t = 2.22):	 total squared error = 0.00105549, marker error: RMS = 0.00625237, max = 0.0127222 (Sternum)
[2026-07-21 00:24:13.016] [info] Frame 223 (t = 2.23):	 total squared error = 0.00117359, marker error: RMS = 0.00659291, max = 0.0131839 (R_Thigh_Lateral)
[2026-07-21 00:24:13.054] [info] Frame 224 (t = 2.24):	 total squared error = 0.00128565, marker error: RMS = 0.00690049, max = 0.0152267 (R_Thigh_Lateral)
[2026-07-21 00:24:13.092] [info] Frame 225 (t = 2.25):	 total squared error = 0.00132981, marker error: RMS = 0.00701799, max = 0.0157834 (R_Thigh_Lateral)
[2026-07-21 00:24:13.136] [info] Frame 226 (t = 2.26):	 total squared error = 0.00128832, marker error: RMS = 0.00690764, max = 0.0152131 (R_Thigh_Lateral)
[2026-07-21 00:24:13.186] [info] Frame 227 (t = 2.27):	 total squared error = 0.00120195, marker error: RMS = 0.00667207, max = 0.0135923 (R_Thigh_Lateral)
[2026-07-21 00:24:13.221] [info] Frame 228 (t = 2.28):	 total squared error = 0.00109839, marker error: RMS = 0.00637818, max = 0.0129775 (L_Thigh_Lateral)
[2026-07-21 00:24:13.279] [info] Frame 229 (t = 2.29):	 total squared error = 0.000991393, marker error: RMS = 0.00605956, max = 0.0127071 (L_Thigh_Lateral)
[2026-07-21 00:24:13.332] [info] Frame 230 (t = 2.3):	 total squared error = 0.000921071, marker error: RMS = 0.00584070, max = 0.0124689 (L_Thigh_Lateral)
[2026-07-21 00:24:13.388] [info] Frame 231 (t = 2.31):	 total squared error = 0.000883979, marker error: RMS = 0.00572188, max = 0.0121882 (L_Thigh_Lateral)
[2026-07-21 00:24:13.451] [info] Frame 232 (t = 2.32):	 total squared error = 0.000868265, marker error: RMS = 0.00567080, max = 0.0118369 (L_Thigh_Lateral)
[2026-07-21 00:24:13.549] [info] Frame 233 (t = 2.33):	 total squared error = 0.000861049, marker error: RMS = 0.00564719, max = 0.0114255 (L_Thigh_Lateral)
[2026-07-21 00:24:13.613] [info] Frame 234 (t = 2.34):	 total squared error = 0.000850563, marker error: RMS = 0.00561270, max = 0.0108159 (L_Thigh_Lateral)
[2026-07-21 00:24:13.689] [info] Frame 235 (t = 2.35):	 total squared error = 0.000842530, marker error: RMS = 0.00558613, max = 0.0108885 (R_Wrist)
[2026-07-21 00:24:13.761] [info] Frame 236 (t = 2.36):	 total squared error = 0.000839711, marker error: RMS = 0.00557677, max = 0.0113271 (R_Wrist)
[2026-07-21 00:24:13.844] [info] Frame 237 (t = 2.37):	 total squared error = 0.000846949, marker error: RMS = 0.00560076, max = 0.0117303 (R_Wrist)
[2026-07-21 00:24:13.915] [info] Frame 238 (t = 2.38):	 total squared error = 0.000867745, marker error: RMS = 0.00566910, max = 0.0120937 (R_Wrist)
[2026-07-21 00:24:14.017] [info] Frame 239 (t = 2.39):	 total squared error = 0.000901718, marker error: RMS = 0.00577901, max = 0.0124183 (R_Wrist)
[2026-07-21 00:24:14.099] [info] Frame 240 (t = 2.4):	 total squared error = 0.000949806, marker error: RMS = 0.00593110, max = 0.0127355 (R_Wrist)
[2026-07-21 00:24:14.174] [info] Frame 241 (t = 2.41):	 total squared error = 0.00101351, marker error: RMS = 0.00612677, max = 0.0129374 (R_Wrist)
[2026-07-21 00:24:14.242] [info] Frame 242 (t = 2.42):	 total squared error = 0.00108734, marker error: RMS = 0.00634600, max = 0.0130441 (R_Wrist)
[2026-07-21 00:24:14.307] [info] Frame 243 (t = 2.43):	 total squared error = 0.00116778, marker error: RMS = 0.00657655, max = 0.0130840 (R_Wrist)
[2026-07-21 00:24:14.447] [info] Frame 244 (t = 2.44):	 total squared error = 0.00124948, marker error: RMS = 0.00680272, max = 0.0132174 (R_Wrist)
[2026-07-21 00:24:14.538] [info] Frame 245 (t = 2.45):	 total squared error = 0.00133709, marker error: RMS = 0.00703718, max = 0.0131759 (L_Shank_Lateral)
[2026-07-21 00:24:14.601] [info] Frame 246 (t = 2.46):	 total squared error = 0.00142096, marker error: RMS = 0.00725452, max = 0.0145535 (L_Shank_Lateral)
[2026-07-21 00:24:14.664] [info] Frame 247 (t = 2.47):	 total squared error = 0.00150251, marker error: RMS = 0.00745980, max = 0.0158348 (L_Shank_Lateral)
[2026-07-21 00:24:14.741] [info] Frame 248 (t = 2.48):	 total squared error = 0.00157736, marker error: RMS = 0.00764333, max = 0.0176436 (L_Shank_Lateral)
[2026-07-21 00:24:14.810] [info] Frame 249 (t = 2.49):	 total squared error = 0.00164985, marker error: RMS = 0.00781700, max = 0.0189936 (L_Shank_Lateral)
[2026-07-21 00:24:14.874] [info] Frame 250 (t = 2.5):	 total squared error = 0.00170963, marker error: RMS = 0.00795736, max = 0.0203059 (L_Shank_Lateral)
[2026-07-21 00:24:14.967] [info] Frame 251 (t = 2.51):	 total squared error = 0.00173938, marker error: RMS = 0.00802629, max = 0.0218832 (L_Shank_Lateral)
[2026-07-21 00:24:15.019] [info] Frame 252 (t = 2.52):	 total squared error = 0.00174009, marker error: RMS = 0.00802795, max = 0.0220310 (L_Shank_Lateral)
[2026-07-21 00:24:15.066] [info] Frame 253 (t = 2.53):	 total squared error = 0.00170377, marker error: RMS = 0.00794371, max = 0.0217922 (L_Shank_Lateral)
[2026-07-21 00:24:15.123] [info] Frame 254 (t = 2.54):	 total squared error = 0.00163387, marker error: RMS = 0.00777905, max = 0.0210307 (L_Shank_Lateral)
[2026-07-21 00:24:15.176] [info] Frame 255 (t = 2.55):	 total squared error = 0.00154070, marker error: RMS = 0.00755401, max = 0.0198637 (L_Shank_Lateral)
[2026-07-21 00:24:15.254] [info] Frame 256 (t = 2.56):	 total squared error = 0.00143457, marker error: RMS = 0.00728918, max = 0.0186225 (L_Shank_Lateral)
[2026-07-21 00:24:15.319] [info] Frame 257 (t = 2.57):	 total squared error = 0.00133343, marker error: RMS = 0.00702754, max = 0.0171817 (L_Shank_Lateral)
[2026-07-21 00:24:15.378] [info] Frame 258 (t = 2.58):	 total squared error = 0.00124019, marker error: RMS = 0.00677738, max = 0.0159113 (L_Shank_Lateral)
[2026-07-21 00:24:15.437] [info] Frame 259 (t = 2.59):	 total squared error = 0.00116306, marker error: RMS = 0.00656325, max = 0.0148068 (L_Shank_Lateral)
[2026-07-21 00:24:15.509] [info] Frame 260 (t = 2.6):	 total squared error = 0.00109231, marker error: RMS = 0.00636049, max = 0.0140600 (L_Shank_Lateral)
[2026-07-21 00:24:15.556] [info] Frame 261 (t = 2.61):	 total squared error = 0.00105320, marker error: RMS = 0.00624560, max = 0.0135885 (L_Shank_Lateral)
[2026-07-21 00:24:15.638] [info] Frame 262 (t = 2.62):	 total squared error = 0.000997311, marker error: RMS = 0.00607762, max = 0.0129848 (L_Shank_Lateral)
[2026-07-21 00:24:15.722] [info] Frame 263 (t = 2.63):	 total squared error = 0.000968640, marker error: RMS = 0.00598962, max = 0.012669 (L_Shank_Lateral)
[2026-07-21 00:24:15.809] [info] Frame 264 (t = 2.64):	 total squared error = 0.000948538, marker error: RMS = 0.00592714, max = 0.0124090 (L_Shank_Lateral)
[2026-07-21 00:24:15.878] [info] Frame 265 (t = 2.65):	 total squared error = 0.000933967, marker error: RMS = 0.00588144, max = 0.0120459 (L_Shank_Lateral)
[2026-07-21 00:24:15.937] [info] Frame 266 (t = 2.66):	 total squared error = 0.000919496, marker error: RMS = 0.00583570, max = 0.0116664 (L_Elbow)
[2026-07-21 00:24:16.024] [info] Frame 267 (t = 2.67):	 total squared error = 0.000896340, marker error: RMS = 0.00576175, max = 0.0116759 (L_Elbow)
[2026-07-21 00:24:16.101] [info] Frame 268 (t = 2.68):	 total squared error = 0.000876093, marker error: RMS = 0.00569630, max = 0.0117579 (L_Elbow)
[2026-07-21 00:24:16.169] [info] Frame 269 (t = 2.69):	 total squared error = 0.000855095, marker error: RMS = 0.00562763, max = 0.0118697 (L_Elbow)
[2026-07-21 00:24:16.270] [info] Frame 270 (t = 2.7):	 total squared error = 0.000837558, marker error: RMS = 0.00556962, max = 0.011929 (L_Elbow)
[2026-07-21 00:24:16.352] [info] Frame 271 (t = 2.71):	 total squared error = 0.000836113, marker error: RMS = 0.00556481, max = 0.0120783 (L_Elbow)
[2026-07-21 00:24:16.442] [info] Frame 272 (t = 2.72):	 total squared error = 0.000849173, marker error: RMS = 0.00560811, max = 0.012149 (L_Elbow)
[2026-07-21 00:24:16.499] [info] Frame 273 (t = 2.73):	 total squared error = 0.000881454, marker error: RMS = 0.00571371, max = 0.0123439 (L_Elbow)
[2026-07-21 00:24:16.534] [info] Frame 274 (t = 2.74):	 total squared error = 0.000940726, marker error: RMS = 0.00590269, max = 0.0124595 (L_Elbow)
[2026-07-21 00:24:16.605] [info] Frame 275 (t = 2.75):	 total squared error = 0.000973382, marker error: RMS = 0.00600426, max = 0.0125334 (L_Elbow)
[2026-07-21 00:24:16.662] [info] Frame 276 (t = 2.76):	 total squared error = 0.00102050, marker error: RMS = 0.00614787, max = 0.0126504 (L_Elbow)
[2026-07-21 00:24:16.703] [info] Frame 277 (t = 2.77):	 total squared error = 0.00106711, marker error: RMS = 0.00628670, max = 0.0128246 (L_Elbow)
[2026-07-21 00:24:16.811] [info] Frame 278 (t = 2.78):	 total squared error = 0.00108996, marker error: RMS = 0.00635366, max = 0.0128227 (L_Elbow)
[2026-07-21 00:24:16.852] [info] Frame 279 (t = 2.79):	 total squared error = 0.00111382, marker error: RMS = 0.00642281, max = 0.0130553 (L_Elbow)
[2026-07-21 00:24:16.902] [info] Frame 280 (t = 2.8):	 total squared error = 0.00113072, marker error: RMS = 0.00647135, max = 0.013157 (L_Elbow)
[2026-07-21 00:24:16.931] [info] Frame 281 (t = 2.81):	 total squared error = 0.00115225, marker error: RMS = 0.00653269, max = 0.0133269 (L_Elbow)
[2026-07-21 00:24:17.011] [info] Frame 282 (t = 2.82):	 total squared error = 0.00116665, marker error: RMS = 0.00657337, max = 0.0134604 (L_Elbow)
[2026-07-21 00:24:17.077] [info] Frame 283 (t = 2.83):	 total squared error = 0.00119475, marker error: RMS = 0.00665206, max = 0.0136018 (L_Elbow)
[2026-07-21 00:24:17.120] [info] Frame 284 (t = 2.84):	 total squared error = 0.00123616, marker error: RMS = 0.00676637, max = 0.0137575 (L_Elbow)
[2026-07-21 00:24:17.173] [info] Frame 285 (t = 2.85):	 total squared error = 0.00128709, marker error: RMS = 0.00690436, max = 0.0138843 (L_Elbow)
[2026-07-21 00:24:17.214] [info] Frame 286 (t = 2.86):	 total squared error = 0.00134576, marker error: RMS = 0.00705996, max = 0.0141847 (L_Asis)
[2026-07-21 00:24:17.269] [info] Frame 287 (t = 2.87):	 total squared error = 0.00139595, marker error: RMS = 0.00719039, max = 0.0149717 (L_Asis)
[2026-07-21 00:24:17.328] [info] Frame 288 (t = 2.88):	 total squared error = 0.00143536, marker error: RMS = 0.00729118, max = 0.0156523 (L_Asis)
[2026-07-21 00:24:17.411] [info] Frame 289 (t = 2.89):	 total squared error = 0.00144615, marker error: RMS = 0.00731855, max = 0.0160519 (L_Asis)
[2026-07-21 00:24:17.467] [info] Frame 290 (t = 2.9):	 total squared error = 0.00144119, marker error: RMS = 0.00730599, max = 0.0161711 (L_Asis)
[2026-07-21 00:24:17.527] [info] Frame 291 (t = 2.91):	 total squared error = 0.00140322, marker error: RMS = 0.00720910, max = 0.0160424 (L_Asis)
[2026-07-21 00:24:17.586] [info] Frame 292 (t = 2.92):	 total squared error = 0.00133542, marker error: RMS = 0.00703278, max = 0.0155848 (L_Asis)
[2026-07-21 00:24:17.622] [info] Frame 293 (t = 2.93):	 total squared error = 0.00124804, marker error: RMS = 0.00679880, max = 0.0152725 (L_Asis)
[2026-07-21 00:24:17.679] [info] Frame 294 (t = 2.94):	 total squared error = 0.00114360, marker error: RMS = 0.00650811, max = 0.0138778 (L_Asis)
[2026-07-21 00:24:17.786] [info] Frame 295 (t = 2.95):	 total squared error = 0.00101561, marker error: RMS = 0.00613312, max = 0.0132963 (R_Asis)
[2026-07-21 00:24:17.801] [info] InverseKinematicsTool completed 256 frames in 18 second(s).
[2026-07-21 00:24:17.915] [info] Loaded model TCV09-scaled from file C:\Users\migue\Downloads\TFG\2_JMP\TVC09\Walk_2\TVC09_2_JMP_results\TVC09_2_NMSM_JMP_04_ankle_axis.osim
[2026-07-21 00:24:19.742] [warning] Coordinate.setValue:  coordinate pro_sup_r is locked. Unable to change its value.
[2026-07-21 00:24:19.849] [warning] Coordinate.setValue:  coordinate pro_sup_l is locked. Unable to change its value.
[2026-07-21 00:26:31.065] [info] Loaded model TCV09-scaled from file C:\Users\migue\Downloads\TFG\2_JMP\TVC09\Walk_2\TVC09_2_JMP_results\TVC09_2_NMSM_JMP_05_torso.osim
[2026-07-21 00:26:31.108] [cout] [info] 
               MODEL: TCV09-scaled
         coordinates: 41
              forces: 103
           actuators: 103
             muscles: 86
            analyses: 0
              probes: 0
              bodies: 24
              joints: 24
         constraints: 2
             markers: 27
         controllers: 0
  contact geometries: 0
misc modelcomponents: 0
[2026-07-21 00:26:31.108] [info] Running tool .
[2026-07-21 00:26:31.438] [info] Frame 40 (t = 0.4):	 total squared error = 0.000891006, marker error: RMS = 0.00574458, max = 0.0142969 (L_Thigh_Lateral)
[2026-07-21 00:26:31.472] [info] Frame 41 (t = 0.41):	 total squared error = 0.000916663, marker error: RMS = 0.00582670, max = 0.0145188 (L_Thigh_Lateral)
[2026-07-21 00:26:31.515] [info] Frame 42 (t = 0.42):	 total squared error = 0.000910863, marker error: RMS = 0.00580824, max = 0.0141888 (L_Thigh_Lateral)
[2026-07-21 00:26:31.576] [info] Frame 43 (t = 0.43):	 total squared error = 0.000884237, marker error: RMS = 0.00572272, max = 0.0130969 (L_Thigh_Lateral)
[2026-07-21 00:26:31.631] [info] Frame 44 (t = 0.44):	 total squared error = 0.000841599, marker error: RMS = 0.00558304, max = 0.0116584 (L_Thigh_Lateral)
[2026-07-21 00:26:31.702] [info] Frame 45 (t = 0.45):	 total squared error = 0.000794355, marker error: RMS = 0.00542407, max = 0.0100298 (L_Thigh_Lateral)
[2026-07-21 00:26:31.815] [info] Frame 46 (t = 0.46):	 total squared error = 0.000740427, marker error: RMS = 0.00523672, max = 0.00992841 (Sternum)
[2026-07-21 00:26:31.876] [info] Frame 47 (t = 0.47):	 total squared error = 0.000697860, marker error: RMS = 0.00508396, max = 0.00992536 (Sternum)
[2026-07-21 00:26:31.942] [info] Frame 48 (t = 0.48):	 total squared error = 0.000665689, marker error: RMS = 0.00496539, max = 0.00991003 (Sternum)
[2026-07-21 00:26:32.001] [info] Frame 49 (t = 0.49):	 total squared error = 0.000646323, marker error: RMS = 0.00489264, max = 0.00982898 (Sternum)
[2026-07-21 00:26:32.057] [info] Frame 50 (t = 0.5):	 total squared error = 0.000630152, marker error: RMS = 0.00483104, max = 0.00966043 (Sternum)
[2026-07-21 00:26:32.124] [info] Frame 51 (t = 0.51):	 total squared error = 0.000614711, marker error: RMS = 0.00477148, max = 0.00939160 (Sternum)
[2026-07-21 00:26:32.186] [info] Frame 52 (t = 0.52):	 total squared error = 0.000593481, marker error: RMS = 0.00468837, max = 0.00899663 (Sternum)
[2026-07-21 00:26:32.257] [info] Frame 53 (t = 0.53):	 total squared error = 0.000568397, marker error: RMS = 0.00458822, max = 0.00864045 (L_Asis)
[2026-07-21 00:26:32.306] [info] Frame 54 (t = 0.54):	 total squared error = 0.000536926, marker error: RMS = 0.00445939, max = 0.00853339 (L_Asis)
[2026-07-21 00:26:32.382] [info] Frame 55 (t = 0.55):	 total squared error = 0.000503538, marker error: RMS = 0.00431851, max = 0.00786457 (L_Asis)
[2026-07-21 00:26:32.436] [info] Frame 56 (t = 0.56):	 total squared error = 0.000467462, marker error: RMS = 0.00416094, max = 0.00783251 (R_Asis)
[2026-07-21 00:26:32.482] [info] Frame 57 (t = 0.57):	 total squared error = 0.000436646, marker error: RMS = 0.00402145, max = 0.00767545 (R_Asis)
[2026-07-21 00:26:32.544] [info] Frame 58 (t = 0.58):	 total squared error = 0.000408741, marker error: RMS = 0.00389083, max = 0.00785936 (R_Ankle_Lateral)
[2026-07-21 00:26:32.610] [info] Frame 59 (t = 0.59):	 total squared error = 0.000384133, marker error: RMS = 0.00377189, max = 0.00792364 (R_Ankle_Lateral)
[2026-07-21 00:26:32.681] [info] Frame 60 (t = 0.6):	 total squared error = 0.000371286, marker error: RMS = 0.00370828, max = 0.00799825 (R_Ankle_Lateral)
[2026-07-21 00:26:32.758] [info] Frame 61 (t = 0.61):	 total squared error = 0.000363880, marker error: RMS = 0.00367111, max = 0.00801693 (R_Ankle_Lateral)
[2026-07-21 00:26:32.814] [info] Frame 62 (t = 0.62):	 total squared error = 0.000367002, marker error: RMS = 0.00368683, max = 0.00794781 (R_Ankle_Lateral)
[2026-07-21 00:26:32.911] [info] Frame 63 (t = 0.63):	 total squared error = 0.000372209, marker error: RMS = 0.00371288, max = 0.00802889 (R_Shank_Lateral)
[2026-07-21 00:26:33.004] [info] Frame 64 (t = 0.64):	 total squared error = 0.000390248, marker error: RMS = 0.00380179, max = 0.00885838 (R_Shank_Lateral)
[2026-07-21 00:26:33.066] [info] Frame 65 (t = 0.65):	 total squared error = 0.000418798, marker error: RMS = 0.00393840, max = 0.00960440 (R_Shank_Lateral)
[2026-07-21 00:26:33.176] [info] Frame 66 (t = 0.66):	 total squared error = 0.000455816, marker error: RMS = 0.00410878, max = 0.0104581 (R_Shank_Lateral)
[2026-07-21 00:26:33.235] [info] Frame 67 (t = 0.67):	 total squared error = 0.000498425, marker error: RMS = 0.00429653, max = 0.0110635 (R_Shank_Lateral)
[2026-07-21 00:26:33.277] [info] Frame 68 (t = 0.68):	 total squared error = 0.000558852, marker error: RMS = 0.00454953, max = 0.0111985 (R_Shank_Lateral)
[2026-07-21 00:26:33.333] [info] Frame 69 (t = 0.69):	 total squared error = 0.000598952, marker error: RMS = 0.00470993, max = 0.0125068 (R_Shank_Lateral)
[2026-07-21 00:26:33.388] [info] Frame 70 (t = 0.7):	 total squared error = 0.000652312, marker error: RMS = 0.00491525, max = 0.0134419 (R_Shank_Lateral)
[2026-07-21 00:26:33.482] [info] Frame 71 (t = 0.71):	 total squared error = 0.000711450, marker error: RMS = 0.00513322, max = 0.0147 (R_Shank_Lateral)
[2026-07-21 00:26:33.556] [info] Frame 72 (t = 0.72):	 total squared error = 0.000782093, marker error: RMS = 0.00538204, max = 0.0158032 (R_Shank_Lateral)
[2026-07-21 00:26:33.615] [info] Frame 73 (t = 0.73):	 total squared error = 0.000861718, marker error: RMS = 0.00564938, max = 0.0171734 (R_Shank_Lateral)
[2026-07-21 00:26:33.673] [info] Frame 74 (t = 0.74):	 total squared error = 0.000950170, marker error: RMS = 0.00593224, max = 0.0187871 (R_Shank_Lateral)
[2026-07-21 00:26:33.722] [info] Frame 75 (t = 0.75):	 total squared error = 0.00104503, marker error: RMS = 0.00622131, max = 0.0204141 (R_Shank_Lateral)
[2026-07-21 00:26:33.766] [info] Frame 76 (t = 0.76):	 total squared error = 0.00114515, marker error: RMS = 0.00651253, max = 0.0219379 (R_Shank_Lateral)
[2026-07-21 00:26:33.802] [info] Frame 77 (t = 0.77):	 total squared error = 0.00124759, marker error: RMS = 0.00679756, max = 0.0232941 (R_Shank_Lateral)
[2026-07-21 00:26:33.847] [info] Frame 78 (t = 0.78):	 total squared error = 0.00132942, marker error: RMS = 0.00701698, max = 0.0246422 (R_Shank_Lateral)
[2026-07-21 00:26:33.898] [info] Frame 79 (t = 0.79):	 total squared error = 0.00140077, marker error: RMS = 0.00720281, max = 0.0256155 (R_Shank_Lateral)
[2026-07-21 00:26:33.951] [info] Frame 80 (t = 0.8):	 total squared error = 0.00145090, marker error: RMS = 0.00733056, max = 0.0262606 (R_Shank_Lateral)
[2026-07-21 00:26:33.981] [info] Frame 81 (t = 0.81):	 total squared error = 0.00149147, marker error: RMS = 0.00743233, max = 0.0266741 (R_Shank_Lateral)
[2026-07-21 00:26:34.034] [info] Frame 82 (t = 0.82):	 total squared error = 0.00148342, marker error: RMS = 0.00741226, max = 0.0265564 (R_Shank_Lateral)
[2026-07-21 00:26:34.066] [info] Frame 83 (t = 0.83):	 total squared error = 0.00147625, marker error: RMS = 0.00739433, max = 0.0263327 (R_Shank_Lateral)
[2026-07-21 00:26:34.141] [info] Frame 84 (t = 0.84):	 total squared error = 0.00142962, marker error: RMS = 0.00727660, max = 0.0256909 (R_Shank_Lateral)
[2026-07-21 00:26:34.205] [info] Frame 85 (t = 0.85):	 total squared error = 0.00138825, marker error: RMS = 0.00717055, max = 0.0250211 (R_Shank_Lateral)
[2026-07-21 00:26:34.248] [info] Frame 86 (t = 0.86):	 total squared error = 0.00134903, marker error: RMS = 0.00706852, max = 0.0242235 (R_Shank_Lateral)
[2026-07-21 00:26:34.291] [info] Frame 87 (t = 0.87):	 total squared error = 0.00131360, marker error: RMS = 0.00697508, max = 0.0234799 (R_Shank_Lateral)
[2026-07-21 00:26:34.358] [info] Frame 88 (t = 0.88):	 total squared error = 0.00126725, marker error: RMS = 0.00685092, max = 0.0225714 (R_Shank_Lateral)
[2026-07-21 00:26:34.424] [info] Frame 89 (t = 0.89):	 total squared error = 0.00123556, marker error: RMS = 0.00676472, max = 0.0218526 (R_Shank_Lateral)
[2026-07-21 00:26:34.464] [info] Frame 90 (t = 0.9):	 total squared error = 0.00121311, marker error: RMS = 0.00670300, max = 0.0212676 (R_Shank_Lateral)
[2026-07-21 00:26:34.559] [info] Frame 91 (t = 0.91):	 total squared error = 0.00117397, marker error: RMS = 0.00659397, max = 0.0202103 (R_Shank_Lateral)
[2026-07-21 00:26:34.631] [info] Frame 92 (t = 0.92):	 total squared error = 0.00113834, marker error: RMS = 0.00649313, max = 0.0193642 (R_Shank_Lateral)
[2026-07-21 00:26:34.710] [info] Frame 93 (t = 0.93):	 total squared error = 0.00109430, marker error: RMS = 0.00636628, max = 0.0183513 (R_Shank_Lateral)
[2026-07-21 00:26:34.779] [info] Frame 94 (t = 0.94):	 total squared error = 0.00103987, marker error: RMS = 0.00620594, max = 0.0171182 (R_Shank_Lateral)
[2026-07-21 00:26:34.865] [info] Frame 95 (t = 0.95):	 total squared error = 0.000973899, marker error: RMS = 0.00600586, max = 0.0157243 (R_Shank_Lateral)
[2026-07-21 00:26:34.908] [info] Frame 96 (t = 0.96):	 total squared error = 0.000921136, marker error: RMS = 0.00584090, max = 0.0147997 (R_Shank_Lateral)
[2026-07-21 00:26:35.037] [info] Frame 97 (t = 0.97):	 total squared error = 0.000813892, marker error: RMS = 0.00549037, max = 0.011941 (R_Shank_Lateral)
[2026-07-21 00:26:35.108] [info] Frame 98 (t = 0.98):	 total squared error = 0.000746449, marker error: RMS = 0.00525797, max = 0.0105804 (R_Thigh_Lateral)
[2026-07-21 00:26:35.178] [info] Frame 99 (t = 0.99):	 total squared error = 0.000686593, marker error: RMS = 0.00504275, max = 0.0102813 (L_Thigh_Lateral)
[2026-07-21 00:26:35.290] [info] Frame 100 (t = 1.0):	 total squared error = 0.000626064, marker error: RMS = 0.00481535, max = 0.0102181 (L_Thigh_Lateral)
[2026-07-21 00:26:35.362] [info] Frame 101 (t = 1.01):	 total squared error = 0.000598009, marker error: RMS = 0.00470622, max = 0.0103820 (L_Thigh_Lateral)
[2026-07-21 00:26:35.451] [info] Frame 102 (t = 1.02):	 total squared error = 0.000581408, marker error: RMS = 0.00464044, max = 0.0104028 (L_Thigh_Lateral)
[2026-07-21 00:26:35.520] [info] Frame 103 (t = 1.03):	 total squared error = 0.000594350, marker error: RMS = 0.00469180, max = 0.0105964 (L_Thigh_Lateral)
[2026-07-21 00:26:35.607] [info] Frame 104 (t = 1.04):	 total squared error = 0.000615597, marker error: RMS = 0.00477492, max = 0.0109594 (R_Thigh_Lateral)
[2026-07-21 00:26:35.684] [info] Frame 105 (t = 1.05):	 total squared error = 0.000655956, marker error: RMS = 0.00492896, max = 0.011793 (R_Thigh_Lateral)
[2026-07-21 00:26:35.764] [info] Frame 106 (t = 1.06):	 total squared error = 0.000706044, marker error: RMS = 0.00511368, max = 0.0127642 (R_Thigh_Lateral)
[2026-07-21 00:26:35.836] [info] Frame 107 (t = 1.07):	 total squared error = 0.000764949, marker error: RMS = 0.00532273, max = 0.0138506 (R_Thigh_Lateral)
[2026-07-21 00:26:35.900] [info] Frame 108 (t = 1.08):	 total squared error = 0.000839843, marker error: RMS = 0.00557721, max = 0.0150562 (R_Thigh_Lateral)
[2026-07-21 00:26:36.008] [info] Frame 109 (t = 1.09):	 total squared error = 0.000853799, marker error: RMS = 0.00562336, max = 0.0156149 (R_Thigh_Lateral)
[2026-07-21 00:26:36.080] [info] Frame 110 (t = 1.1):	 total squared error = 0.000871359, marker error: RMS = 0.00568089, max = 0.0160829 (R_Thigh_Lateral)
[2026-07-21 00:26:36.108] [info] Frame 111 (t = 1.11):	 total squared error = 0.000869597, marker error: RMS = 0.00567515, max = 0.0162043 (R_Thigh_Lateral)
[2026-07-21 00:26:36.174] [info] Frame 112 (t = 1.12):	 total squared error = 0.000801112, marker error: RMS = 0.00544709, max = 0.0150644 (R_Thigh_Lateral)
[2026-07-21 00:26:36.206] [info] Frame 113 (t = 1.13):	 total squared error = 0.000721585, marker error: RMS = 0.00516966, max = 0.0131138 (R_Thigh_Lateral)
[2026-07-21 00:26:36.280] [info] Frame 114 (t = 1.14):	 total squared error = 0.000613747, marker error: RMS = 0.00476774, max = 0.0113042 (R_Thigh_Lateral)
[2026-07-21 00:26:36.364] [info] Frame 115 (t = 1.15):	 total squared error = 0.000508830, marker error: RMS = 0.00434115, max = 0.00988365 (L_Thigh_Lateral)
[2026-07-21 00:26:36.489] [info] Frame 116 (t = 1.16):	 total squared error = 0.000434221, marker error: RMS = 0.00401027, max = 0.00950398 (L_Thigh_Lateral)
[2026-07-21 00:26:36.551] [info] Frame 117 (t = 1.17):	 total squared error = 0.000382063, marker error: RMS = 0.00376171, max = 0.00902877 (L_Thigh_Lateral)
[2026-07-21 00:26:36.623] [info] Frame 118 (t = 1.18):	 total squared error = 0.000379035, marker error: RMS = 0.00374678, max = 0.00884570 (L_Thigh_Lateral)
[2026-07-21 00:26:36.680] [info] Frame 119 (t = 1.19):	 total squared error = 0.000409548, marker error: RMS = 0.00389467, max = 0.00846019 (L_Thigh_Lateral)
[2026-07-21 00:26:36.791] [info] Frame 120 (t = 1.2):	 total squared error = 0.000465271, marker error: RMS = 0.00415117, max = 0.00931789 (L_Thigh_Lateral)
[2026-07-21 00:26:36.865] [info] Frame 121 (t = 1.21):	 total squared error = 0.000538025, marker error: RMS = 0.00446395, max = 0.0100805 (L_Thigh_Lateral)
[2026-07-21 00:26:36.934] [info] Frame 122 (t = 1.22):	 total squared error = 0.000621197, marker error: RMS = 0.00479659, max = 0.0111007 (L_Shank_Lateral)
[2026-07-21 00:26:37.012] [info] Frame 123 (t = 1.23):	 total squared error = 0.000697919, marker error: RMS = 0.00508418, max = 0.0130194 (L_Shank_Lateral)
[2026-07-21 00:26:37.090] [info] Frame 124 (t = 1.24):	 total squared error = 0.000759699, marker error: RMS = 0.00530443, max = 0.0143443 (L_Shank_Lateral)
[2026-07-21 00:26:37.135] [info] Frame 125 (t = 1.25):	 total squared error = 0.000816110, marker error: RMS = 0.00549785, max = 0.0141944 (L_Shank_Lateral)
[2026-07-21 00:26:37.225] [info] Frame 126 (t = 1.26):	 total squared error = 0.000810327, marker error: RMS = 0.00547833, max = 0.0159906 (L_Shank_Lateral)
[2026-07-21 00:26:37.291] [info] Frame 127 (t = 1.27):	 total squared error = 0.000802460, marker error: RMS = 0.00545167, max = 0.0157996 (L_Shank_Lateral)
[2026-07-21 00:26:37.396] [info] Frame 128 (t = 1.28):	 total squared error = 0.000766718, marker error: RMS = 0.00532888, max = 0.016311 (L_Shank_Lateral)
[2026-07-21 00:26:37.495] [info] Frame 129 (t = 1.29):	 total squared error = 0.000738760, marker error: RMS = 0.00523082, max = 0.0156605 (L_Shank_Lateral)
[2026-07-21 00:26:37.557] [info] Frame 130 (t = 1.3):	 total squared error = 0.000714377, marker error: RMS = 0.00514377, max = 0.015292 (L_Shank_Lateral)
[2026-07-21 00:26:37.616] [info] Frame 131 (t = 1.31):	 total squared error = 0.000698296, marker error: RMS = 0.00508555, max = 0.0149783 (L_Shank_Lateral)
[2026-07-21 00:26:37.679] [info] Frame 132 (t = 1.32):	 total squared error = 0.000687950, marker error: RMS = 0.00504774, max = 0.0148569 (L_Shank_Lateral)
[2026-07-21 00:26:37.759] [info] Frame 133 (t = 1.33):	 total squared error = 0.000679405, marker error: RMS = 0.00501629, max = 0.0152042 (L_Shank_Lateral)
[2026-07-21 00:26:37.801] [info] Frame 134 (t = 1.34):	 total squared error = 0.000690051, marker error: RMS = 0.00505544, max = 0.014484 (L_Shank_Lateral)
[2026-07-21 00:26:37.855] [info] Frame 135 (t = 1.35):	 total squared error = 0.000694114, marker error: RMS = 0.00507030, max = 0.0142629 (L_Shank_Lateral)
[2026-07-21 00:26:37.950] [info] Frame 136 (t = 1.36):	 total squared error = 0.000696002, marker error: RMS = 0.00507719, max = 0.0146043 (L_Shank_Lateral)
[2026-07-21 00:26:38.043] [info] Frame 137 (t = 1.37):	 total squared error = 0.000710572, marker error: RMS = 0.00513006, max = 0.0145016 (L_Shank_Lateral)
[2026-07-21 00:26:38.077] [info] Frame 138 (t = 1.38):	 total squared error = 0.000754044, marker error: RMS = 0.00528465, max = 0.0145357 (L_Shank_Lateral)
[2026-07-21 00:26:38.149] [info] Frame 139 (t = 1.39):	 total squared error = 0.000757753, marker error: RMS = 0.00529763, max = 0.0147295 (L_Shank_Lateral)
[2026-07-21 00:26:38.216] [info] Frame 140 (t = 1.4):	 total squared error = 0.000778979, marker error: RMS = 0.00537132, max = 0.0152894 (L_Shank_Lateral)
[2026-07-21 00:26:38.320] [info] Frame 141 (t = 1.41):	 total squared error = 0.000794701, marker error: RMS = 0.00542525, max = 0.0158834 (L_Shank_Lateral)
[2026-07-21 00:26:38.389] [info] Frame 142 (t = 1.42):	 total squared error = 0.000819379, marker error: RMS = 0.00550884, max = 0.0165783 (L_Shank_Lateral)
[2026-07-21 00:26:38.463] [info] Frame 143 (t = 1.43):	 total squared error = 0.000843314, marker error: RMS = 0.00558873, max = 0.0172188 (L_Shank_Lateral)
[2026-07-21 00:26:38.570] [info] Frame 144 (t = 1.44):	 total squared error = 0.000861063, marker error: RMS = 0.00564723, max = 0.0174647 (L_Shank_Lateral)
[2026-07-21 00:26:38.648] [info] Frame 145 (t = 1.45):	 total squared error = 0.000872986, marker error: RMS = 0.00568620, max = 0.0179061 (L_Shank_Lateral)
[2026-07-21 00:26:38.750] [info] Frame 146 (t = 1.46):	 total squared error = 0.000869938, marker error: RMS = 0.00567626, max = 0.0175831 (L_Shank_Lateral)
[2026-07-21 00:26:38.811] [info] Frame 147 (t = 1.47):	 total squared error = 0.000851912, marker error: RMS = 0.00561714, max = 0.0174082 (L_Shank_Lateral)
[2026-07-21 00:26:38.890] [info] Frame 148 (t = 1.48):	 total squared error = 0.000803204, marker error: RMS = 0.00545420, max = 0.0162996 (L_Shank_Lateral)
[2026-07-21 00:26:38.958] [info] Frame 149 (t = 1.49):	 total squared error = 0.000736053, marker error: RMS = 0.00522123, max = 0.0147299 (L_Shank_Lateral)
[2026-07-21 00:26:39.070] [info] Frame 150 (t = 1.5):	 total squared error = 0.000654362, marker error: RMS = 0.00492297, max = 0.0121665 (L_Shank_Lateral)
[2026-07-21 00:26:39.146] [info] Frame 151 (t = 1.51):	 total squared error = 0.000571105, marker error: RMS = 0.00459914, max = 0.0102209 (R_Shank_Lateral)
[2026-07-21 00:26:39.228] [info] Frame 152 (t = 1.52):	 total squared error = 0.000501572, marker error: RMS = 0.00431007, max = 0.0103297 (R_Shank_Lateral)
[2026-07-21 00:26:39.345] [info] Frame 153 (t = 1.53):	 total squared error = 0.000459851, marker error: RMS = 0.00412693, max = 0.0105271 (R_Shank_Lateral)
[2026-07-21 00:26:39.424] [info] Frame 154 (t = 1.54):	 total squared error = 0.000456950, marker error: RMS = 0.00411389, max = 0.0105915 (R_Shank_Lateral)
[2026-07-21 00:26:39.488] [info] Frame 155 (t = 1.55):	 total squared error = 0.000491535, marker error: RMS = 0.00426673, max = 0.0106488 (R_Shank_Lateral)
[2026-07-21 00:26:39.580] [info] Frame 156 (t = 1.56):	 total squared error = 0.000545502, marker error: RMS = 0.00449486, max = 0.0109194 (R_Shank_Lateral)
[2026-07-21 00:26:39.651] [info] Frame 157 (t = 1.57):	 total squared error = 0.000614498, marker error: RMS = 0.00477066, max = 0.0109971 (R_Shank_Lateral)
[2026-07-21 00:26:39.726] [info] Frame 158 (t = 1.58):	 total squared error = 0.000678558, marker error: RMS = 0.00501316, max = 0.0111859 (R_Shank_Lateral)
[2026-07-21 00:26:39.789] [info] Frame 159 (t = 1.59):	 total squared error = 0.000732334, marker error: RMS = 0.00520802, max = 0.0117543 (L_Thigh_Lateral)
[2026-07-21 00:26:39.859] [info] Frame 160 (t = 1.6):	 total squared error = 0.000766857, marker error: RMS = 0.00532936, max = 0.0121815 (L_Thigh_Lateral)
[2026-07-21 00:26:39.895] [info] Frame 161 (t = 1.61):	 total squared error = 0.000792646, marker error: RMS = 0.00541824, max = 0.0124997 (L_Thigh_Lateral)
[2026-07-21 00:26:39.945] [info] Frame 162 (t = 1.62):	 total squared error = 0.000794238, marker error: RMS = 0.00542367, max = 0.0126636 (L_Thigh_Lateral)
[2026-07-21 00:26:39.973] [info] Frame 163 (t = 1.63):	 total squared error = 0.000800315, marker error: RMS = 0.00544438, max = 0.0126996 (L_Thigh_Lateral)
[2026-07-21 00:26:40.055] [info] Frame 164 (t = 1.64):	 total squared error = 0.000783901, marker error: RMS = 0.00538826, max = 0.0115853 (L_Thigh_Lateral)
[2026-07-21 00:26:40.088] [info] Frame 165 (t = 1.65):	 total squared error = 0.000782061, marker error: RMS = 0.00538194, max = 0.0116151 (L_Thigh_Lateral)
[2026-07-21 00:26:40.130] [info] Frame 166 (t = 1.66):	 total squared error = 0.000784576, marker error: RMS = 0.00539058, max = 0.0118202 (L_Thigh_Lateral)
[2026-07-21 00:26:40.186] [info] Frame 167 (t = 1.67):	 total squared error = 0.000797810, marker error: RMS = 0.00543586, max = 0.0117062 (L_Thigh_Lateral)
[2026-07-21 00:26:40.232] [info] Frame 168 (t = 1.68):	 total squared error = 0.000819896, marker error: RMS = 0.00551058, max = 0.0118601 (L_Thigh_Lateral)
[2026-07-21 00:26:40.287] [info] Frame 169 (t = 1.69):	 total squared error = 0.000850094, marker error: RMS = 0.00561115, max = 0.0118777 (L_Thigh_Lateral)
[2026-07-21 00:26:40.380] [info] Frame 170 (t = 1.7):	 total squared error = 0.000878089, marker error: RMS = 0.00570279, max = 0.0112445 (L_Thigh_Lateral)
[2026-07-21 00:26:40.432] [info] Frame 171 (t = 1.71):	 total squared error = 0.000915399, marker error: RMS = 0.00582268, max = 0.011451 (L_Thigh_Lateral)
[2026-07-21 00:26:40.465] [info] Frame 172 (t = 1.72):	 total squared error = 0.000947395, marker error: RMS = 0.00592357, max = 0.0113642 (L_Thigh_Lateral)
[2026-07-21 00:26:40.532] [info] Frame 173 (t = 1.73):	 total squared error = 0.000961564, marker error: RMS = 0.00596770, max = 0.012293 (L_Asis)
[2026-07-21 00:26:40.593] [info] Frame 174 (t = 1.74):	 total squared error = 0.000950650, marker error: RMS = 0.00593374, max = 0.0126806 (L_Asis)
[2026-07-21 00:26:40.641] [info] Frame 175 (t = 1.75):	 total squared error = 0.000914211, marker error: RMS = 0.00581891, max = 0.012772 (L_Asis)
[2026-07-21 00:26:40.720] [info] Frame 176 (t = 1.76):	 total squared error = 0.000843319, marker error: RMS = 0.00558874, max = 0.0120560 (L_Asis)
[2026-07-21 00:26:40.775] [info] Frame 177 (t = 1.77):	 total squared error = 0.000772062, marker error: RMS = 0.00534742, max = 0.0118781 (L_Asis)
[2026-07-21 00:26:40.843] [info] Frame 178 (t = 1.78):	 total squared error = 0.000693546, marker error: RMS = 0.00506822, max = 0.0108438 (L_Asis)
[2026-07-21 00:26:40.942] [info] Frame 179 (t = 1.79):	 total squared error = 0.000605080, marker error: RMS = 0.00473396, max = 0.0105451 (R_Asis)
[2026-07-21 00:26:41.013] [info] Frame 180 (t = 1.8):	 total squared error = 0.000535964, marker error: RMS = 0.00445539, max = 0.0100221 (R_Asis)
[2026-07-21 00:26:41.084] [info] Frame 181 (t = 1.81):	 total squared error = 0.000473526, marker error: RMS = 0.00418784, max = 0.00938301 (R_Asis)
[2026-07-21 00:26:41.146] [info] Frame 182 (t = 1.82):	 total squared error = 0.000425540, marker error: RMS = 0.00396998, max = 0.00856028 (R_Asis)
[2026-07-21 00:26:41.215] [info] Frame 183 (t = 1.83):	 total squared error = 0.000398364, marker error: RMS = 0.00384112, max = 0.00788286 (R_Asis)
[2026-07-21 00:26:41.282] [info] Frame 184 (t = 1.84):	 total squared error = 0.000400514, marker error: RMS = 0.00385148, max = 0.00722641 (R_Elbow)
[2026-07-21 00:26:41.391] [info] Frame 185 (t = 1.85):	 total squared error = 0.000428981, marker error: RMS = 0.00398600, max = 0.00766128 (R_Shank_Lateral)
[2026-07-21 00:26:41.474] [info] Frame 186 (t = 1.86):	 total squared error = 0.000475625, marker error: RMS = 0.00419711, max = 0.00899070 (R_Shank_Lateral)
[2026-07-21 00:26:41.532] [info] Frame 187 (t = 1.87):	 total squared error = 0.000531384, marker error: RMS = 0.00443631, max = 0.0102703 (R_Shank_Lateral)
[2026-07-21 00:26:41.612] [info] Frame 188 (t = 1.88):	 total squared error = 0.000582488, marker error: RMS = 0.00464474, max = 0.0114732 (R_Shank_Lateral)
[2026-07-21 00:26:41.687] [info] Frame 189 (t = 1.89):	 total squared error = 0.000621626, marker error: RMS = 0.00479825, max = 0.0126026 (R_Shank_Lateral)
[2026-07-21 00:26:41.756] [info] Frame 190 (t = 1.9):	 total squared error = 0.000650160, marker error: RMS = 0.00490714, max = 0.0132509 (R_Shank_Lateral)
[2026-07-21 00:26:41.827] [info] Frame 191 (t = 1.91):	 total squared error = 0.000673772, marker error: RMS = 0.00499545, max = 0.0141045 (R_Shank_Lateral)
[2026-07-21 00:26:41.936] [info] Frame 192 (t = 1.92):	 total squared error = 0.000699527, marker error: RMS = 0.00509003, max = 0.0149834 (R_Shank_Lateral)
[2026-07-21 00:26:41.991] [info] Frame 193 (t = 1.93):	 total squared error = 0.000738138, marker error: RMS = 0.00522862, max = 0.0157089 (R_Shank_Lateral)
[2026-07-21 00:26:42.039] [info] Frame 194 (t = 1.94):	 total squared error = 0.000790784, marker error: RMS = 0.00541187, max = 0.0166625 (R_Shank_Lateral)
[2026-07-21 00:26:42.113] [info] Frame 195 (t = 1.95):	 total squared error = 0.000845419, marker error: RMS = 0.00559569, max = 0.017871 (R_Shank_Lateral)
[2026-07-21 00:26:42.179] [info] Frame 196 (t = 1.96):	 total squared error = 0.000909094, marker error: RMS = 0.00580260, max = 0.0189146 (R_Shank_Lateral)
[2026-07-21 00:26:42.222] [info] Frame 197 (t = 1.97):	 total squared error = 0.000980957, marker error: RMS = 0.00602758, max = 0.0198517 (R_Shank_Lateral)
[2026-07-21 00:26:42.287] [info] Frame 198 (t = 1.98):	 total squared error = 0.00103374, marker error: RMS = 0.00618764, max = 0.0208962 (R_Shank_Lateral)
[2026-07-21 00:26:42.353] [info] Frame 199 (t = 1.99):	 total squared error = 0.00108654, marker error: RMS = 0.00634368, max = 0.0217901 (R_Shank_Lateral)
[2026-07-21 00:26:42.400] [info] Frame 200 (t = 2.0):	 total squared error = 0.00113584, marker error: RMS = 0.00648600, max = 0.0224312 (R_Shank_Lateral)
[2026-07-21 00:26:42.509] [info] Frame 201 (t = 2.01):	 total squared error = 0.00117443, marker error: RMS = 0.00659527, max = 0.0230692 (R_Shank_Lateral)
[2026-07-21 00:26:42.562] [info] Frame 202 (t = 2.02):	 total squared error = 0.00121183, marker error: RMS = 0.00669945, max = 0.0235333 (R_Shank_Lateral)
[2026-07-21 00:26:42.632] [info] Frame 203 (t = 2.03):	 total squared error = 0.00124182, marker error: RMS = 0.00678184, max = 0.0239386 (R_Shank_Lateral)
[2026-07-21 00:26:42.693] [info] Frame 204 (t = 2.04):	 total squared error = 0.00127025, marker error: RMS = 0.00685903, max = 0.0243422 (R_Shank_Lateral)
[2026-07-21 00:26:42.750] [info] Frame 205 (t = 2.05):	 total squared error = 0.00129396, marker error: RMS = 0.00692275, max = 0.0246941 (R_Shank_Lateral)
[2026-07-21 00:26:42.786] [info] Frame 206 (t = 2.06):	 total squared error = 0.00132301, marker error: RMS = 0.00700004, max = 0.0251259 (R_Shank_Lateral)
[2026-07-21 00:26:42.874] [info] Frame 207 (t = 2.07):	 total squared error = 0.00132743, marker error: RMS = 0.00701171, max = 0.0251849 (R_Shank_Lateral)
[2026-07-21 00:26:42.933] [info] Frame 208 (t = 2.08):	 total squared error = 0.00133979, marker error: RMS = 0.00704427, max = 0.025488 (R_Shank_Lateral)
[2026-07-21 00:26:43.015] [info] Frame 209 (t = 2.09):	 total squared error = 0.00133851, marker error: RMS = 0.00704092, max = 0.0253364 (R_Shank_Lateral)
[2026-07-21 00:26:43.084] [info] Frame 210 (t = 2.1):	 total squared error = 0.00132740, marker error: RMS = 0.00701162, max = 0.0253324 (R_Shank_Lateral)
[2026-07-21 00:26:43.154] [info] Frame 211 (t = 2.11):	 total squared error = 0.00129644, marker error: RMS = 0.00692938, max = 0.0248497 (R_Shank_Lateral)
[2026-07-21 00:26:43.308] [info] Frame 212 (t = 2.12):	 total squared error = 0.00123872, marker error: RMS = 0.00677337, max = 0.0238666 (R_Shank_Lateral)
[2026-07-21 00:26:43.365] [info] Frame 213 (t = 2.13):	 total squared error = 0.00115863, marker error: RMS = 0.00655075, max = 0.0228439 (R_Shank_Lateral)
[2026-07-21 00:26:43.471] [info] Frame 214 (t = 2.14):	 total squared error = 0.00103664, marker error: RMS = 0.00619631, max = 0.0204467 (R_Shank_Lateral)
[2026-07-21 00:26:43.528] [info] Frame 215 (t = 2.15):	 total squared error = 0.000906651, marker error: RMS = 0.00579480, max = 0.0183285 (R_Shank_Lateral)
[2026-07-21 00:26:43.641] [info] Frame 216 (t = 2.16):	 total squared error = 0.000753821, marker error: RMS = 0.00528387, max = 0.0147135 (R_Shank_Lateral)
[2026-07-21 00:26:43.706] [info] Frame 217 (t = 2.17):	 total squared error = 0.000625339, marker error: RMS = 0.00481256, max = 0.011526 (R_Shank_Lateral)
[2026-07-21 00:26:43.808] [info] Frame 218 (t = 2.18):	 total squared error = 0.000511666, marker error: RMS = 0.00435323, max = 0.0106721 (L_Thigh_Lateral)
[2026-07-21 00:26:43.879] [info] Frame 219 (t = 2.19):	 total squared error = 0.000464915, marker error: RMS = 0.00414959, max = 0.0109644 (L_Thigh_Lateral)
[2026-07-21 00:26:43.965] [info] Frame 220 (t = 2.2):	 total squared error = 0.000463921, marker error: RMS = 0.00414515, max = 0.0111245 (L_Thigh_Lateral)
[2026-07-21 00:26:44.026] [info] Frame 221 (t = 2.21):	 total squared error = 0.000540317, marker error: RMS = 0.00447345, max = 0.0114024 (L_Thigh_Lateral)
[2026-07-21 00:26:44.137] [info] Frame 222 (t = 2.22):	 total squared error = 0.000635002, marker error: RMS = 0.00484960, max = 0.0116356 (L_Thigh_Lateral)
[2026-07-21 00:26:44.240] [info] Frame 223 (t = 2.23):	 total squared error = 0.000756774, marker error: RMS = 0.00529421, max = 0.0131583 (R_Thigh_Lateral)
[2026-07-21 00:26:44.307] [info] Frame 224 (t = 2.24):	 total squared error = 0.000858351, marker error: RMS = 0.00563833, max = 0.0148404 (R_Thigh_Lateral)
[2026-07-21 00:26:44.334] [info] Frame 225 (t = 2.25):	 total squared error = 0.000920248, marker error: RMS = 0.00583809, max = 0.0157224 (R_Thigh_Lateral)
[2026-07-21 00:26:44.363] [info] Frame 226 (t = 2.26):	 total squared error = 0.000911460, marker error: RMS = 0.00581015, max = 0.015283 (R_Thigh_Lateral)
[2026-07-21 00:26:44.421] [info] Frame 227 (t = 2.27):	 total squared error = 0.000803900, marker error: RMS = 0.00545656, max = 0.0136496 (R_Thigh_Lateral)
[2026-07-21 00:26:44.452] [info] Frame 228 (t = 2.28):	 total squared error = 0.000702203, marker error: RMS = 0.00509976, max = 0.0121607 (L_Thigh_Lateral)
[2026-07-21 00:26:44.512] [info] Frame 229 (t = 2.29):	 total squared error = 0.000590908, marker error: RMS = 0.00467819, max = 0.0118344 (L_Thigh_Lateral)
[2026-07-21 00:26:44.566] [info] Frame 230 (t = 2.3):	 total squared error = 0.000516498, marker error: RMS = 0.00437374, max = 0.0115884 (L_Thigh_Lateral)
[2026-07-21 00:26:44.661] [info] Frame 231 (t = 2.31):	 total squared error = 0.000473057, marker error: RMS = 0.00418577, max = 0.0113673 (L_Thigh_Lateral)
[2026-07-21 00:26:44.714] [info] Frame 232 (t = 2.32):	 total squared error = 0.000445180, marker error: RMS = 0.00406056, max = 0.0109593 (L_Thigh_Lateral)
[2026-07-21 00:26:44.765] [info] Frame 233 (t = 2.33):	 total squared error = 0.000428659, marker error: RMS = 0.00398450, max = 0.0105481 (L_Thigh_Lateral)
[2026-07-21 00:26:44.848] [info] Frame 234 (t = 2.34):	 total squared error = 0.000401948, marker error: RMS = 0.00385836, max = 0.00992315 (L_Thigh_Lateral)
[2026-07-21 00:26:44.895] [info] Frame 235 (t = 2.35):	 total squared error = 0.000377362, marker error: RMS = 0.00373850, max = 0.00920145 (L_Thigh_Lateral)
[2026-07-21 00:26:44.938] [info] Frame 236 (t = 2.36):	 total squared error = 0.000365416, marker error: RMS = 0.00367885, max = 0.00821138 (L_Thigh_Lateral)
[2026-07-21 00:26:45.023] [info] Frame 237 (t = 2.37):	 total squared error = 0.000347591, marker error: RMS = 0.00358800, max = 0.00738118 (L_Thigh_Lateral)
[2026-07-21 00:26:45.075] [info] Frame 238 (t = 2.38):	 total squared error = 0.000350555, marker error: RMS = 0.00360326, max = 0.00810890 (L_Wrist)
[2026-07-21 00:26:45.143] [info] Frame 239 (t = 2.39):	 total squared error = 0.000366202, marker error: RMS = 0.00368280, max = 0.00811654 (L_Wrist)
[2026-07-21 00:26:45.214] [info] Frame 240 (t = 2.4):	 total squared error = 0.000398012, marker error: RMS = 0.00383943, max = 0.00850104 (L_Wrist)
[2026-07-21 00:26:45.296] [info] Frame 241 (t = 2.41):	 total squared error = 0.000446122, marker error: RMS = 0.00406485, max = 0.00875198 (L_Wrist)
[2026-07-21 00:26:45.368] [info] Frame 242 (t = 2.42):	 total squared error = 0.000507718, marker error: RMS = 0.00433640, max = 0.00898022 (L_Wrist)
[2026-07-21 00:26:45.442] [info] Frame 243 (t = 2.43):	 total squared error = 0.000577112, marker error: RMS = 0.00462326, max = 0.0103694 (L_Shank_Lateral)
[2026-07-21 00:26:45.570] [info] Frame 244 (t = 2.44):	 total squared error = 0.000645849, marker error: RMS = 0.00489084, max = 0.0121191 (L_Shank_Lateral)
[2026-07-21 00:26:45.629] [info] Frame 245 (t = 2.45):	 total squared error = 0.000725802, marker error: RMS = 0.00518474, max = 0.0130617 (L_Shank_Lateral)
[2026-07-21 00:26:45.725] [info] Frame 246 (t = 2.46):	 total squared error = 0.000800530, marker error: RMS = 0.00544511, max = 0.0146828 (L_Shank_Lateral)
[2026-07-21 00:26:45.817] [info] Frame 247 (t = 2.47):	 total squared error = 0.000875586, marker error: RMS = 0.00569466, max = 0.0161767 (L_Shank_Lateral)
[2026-07-21 00:26:45.880] [info] Frame 248 (t = 2.48):	 total squared error = 0.000952371, marker error: RMS = 0.00593911, max = 0.0172604 (L_Shank_Lateral)
[2026-07-21 00:26:45.945] [info] Frame 249 (t = 2.49):	 total squared error = 0.00102516, marker error: RMS = 0.00616190, max = 0.0187371 (L_Shank_Lateral)
[2026-07-21 00:26:46.029] [info] Frame 250 (t = 2.5):	 total squared error = 0.00108399, marker error: RMS = 0.00633623, max = 0.0205071 (L_Shank_Lateral)
[2026-07-21 00:26:46.095] [info] Frame 251 (t = 2.51):	 total squared error = 0.00112396, marker error: RMS = 0.00645200, max = 0.0211398 (L_Shank_Lateral)
[2026-07-21 00:26:46.191] [info] Frame 252 (t = 2.52):	 total squared error = 0.00113162, marker error: RMS = 0.00647394, max = 0.0216717 (L_Shank_Lateral)
[2026-07-21 00:26:46.250] [info] Frame 253 (t = 2.53):	 total squared error = 0.00110676, marker error: RMS = 0.00640243, max = 0.0214091 (L_Shank_Lateral)
[2026-07-21 00:26:46.307] [info] Frame 254 (t = 2.54):	 total squared error = 0.00105296, marker error: RMS = 0.00624488, max = 0.0205689 (L_Shank_Lateral)
[2026-07-21 00:26:46.367] [info] Frame 255 (t = 2.55):	 total squared error = 0.000976865, marker error: RMS = 0.00601500, max = 0.0194175 (L_Shank_Lateral)
[2026-07-21 00:26:46.462] [info] Frame 256 (t = 2.56):	 total squared error = 0.000890755, marker error: RMS = 0.00574377, max = 0.0182527 (L_Shank_Lateral)
[2026-07-21 00:26:46.526] [info] Frame 257 (t = 2.57):	 total squared error = 0.000814220, marker error: RMS = 0.00549147, max = 0.0167721 (L_Shank_Lateral)
[2026-07-21 00:26:46.644] [info] Frame 258 (t = 2.58):	 total squared error = 0.000744263, marker error: RMS = 0.00525027, max = 0.0154553 (L_Shank_Lateral)
[2026-07-21 00:26:46.741] [info] Frame 259 (t = 2.59):	 total squared error = 0.000686535, marker error: RMS = 0.00504254, max = 0.0143543 (L_Shank_Lateral)
[2026-07-21 00:26:46.806] [info] Frame 260 (t = 2.6):	 total squared error = 0.000647931, marker error: RMS = 0.00489872, max = 0.0135647 (L_Shank_Lateral)
[2026-07-21 00:26:46.857] [info] Frame 261 (t = 2.61):	 total squared error = 0.000642767, marker error: RMS = 0.00487916, max = 0.0132328 (L_Shank_Lateral)
[2026-07-21 00:26:46.948] [info] Frame 262 (t = 2.62):	 total squared error = 0.000597991, marker error: RMS = 0.00470615, max = 0.0126485 (L_Shank_Lateral)
[2026-07-21 00:26:47.074] [info] Frame 263 (t = 2.63):	 total squared error = 0.000589555, marker error: RMS = 0.00467283, max = 0.0123072 (L_Shank_Lateral)
[2026-07-21 00:26:47.145] [info] Frame 264 (t = 2.64):	 total squared error = 0.000590868, marker error: RMS = 0.00467803, max = 0.0121938 (L_Shank_Lateral)
[2026-07-21 00:26:47.235] [info] Frame 265 (t = 2.65):	 total squared error = 0.000591028, marker error: RMS = 0.00467867, max = 0.0118009 (L_Shank_Lateral)
[2026-07-21 00:26:47.320] [info] Frame 266 (t = 2.66):	 total squared error = 0.000588626, marker error: RMS = 0.00466915, max = 0.0110978 (L_Shank_Lateral)
[2026-07-21 00:26:47.418] [info] Frame 267 (t = 2.67):	 total squared error = 0.000581456, marker error: RMS = 0.00464063, max = 0.0100490 (L_Shank_Lateral)
[2026-07-21 00:26:47.482] [info] Frame 268 (t = 2.68):	 total squared error = 0.000580294, marker error: RMS = 0.00463599, max = 0.00960132 (R_Shank_Lateral)
[2026-07-21 00:26:47.568] [info] Frame 269 (t = 2.69):	 total squared error = 0.000561844, marker error: RMS = 0.00456169, max = 0.0103298 (R_Shank_Lateral)
[2026-07-21 00:26:47.660] [info] Frame 270 (t = 2.7):	 total squared error = 0.000559548, marker error: RMS = 0.00455236, max = 0.0104918 (R_Shank_Lateral)
[2026-07-21 00:26:47.739] [info] Frame 271 (t = 2.71):	 total squared error = 0.000563452, marker error: RMS = 0.00456821, max = 0.0108905 (R_Shank_Lateral)
[2026-07-21 00:26:47.803] [info] Frame 272 (t = 2.72):	 total squared error = 0.000585582, marker error: RMS = 0.00465706, max = 0.0110920 (R_Shank_Lateral)
[2026-07-21 00:26:47.915] [info] Frame 273 (t = 2.73):	 total squared error = 0.000617158, marker error: RMS = 0.00478097, max = 0.0114063 (R_Shank_Lateral)
[2026-07-21 00:26:47.975] [info] Frame 274 (t = 2.74):	 total squared error = 0.000663929, marker error: RMS = 0.00495883, max = 0.0114952 (R_Shank_Lateral)
[2026-07-21 00:26:48.048] [info] Frame 275 (t = 2.75):	 total squared error = 0.000713974, marker error: RMS = 0.00514232, max = 0.0115835 (R_Shank_Lateral)
[2026-07-21 00:26:48.086] [info] Frame 276 (t = 2.76):	 total squared error = 0.000767138, marker error: RMS = 0.00533034, max = 0.0116189 (R_Shank_Lateral)
[2026-07-21 00:26:48.210] [info] Frame 277 (t = 2.77):	 total squared error = 0.000793368, marker error: RMS = 0.00542070, max = 0.0116527 (L_Thigh_Lateral)
[2026-07-21 00:26:48.254] [info] Frame 278 (t = 2.78):	 total squared error = 0.000820179, marker error: RMS = 0.00551153, max = 0.0120115 (L_Thigh_Lateral)
[2026-07-21 00:26:48.311] [info] Frame 279 (t = 2.79):	 total squared error = 0.000835116, marker error: RMS = 0.00556149, max = 0.0121965 (L_Thigh_Lateral)
[2026-07-21 00:26:48.388] [info] Frame 280 (t = 2.8):	 total squared error = 0.000836874, marker error: RMS = 0.00556735, max = 0.0119305 (L_Thigh_Lateral)
[2026-07-21 00:26:48.486] [info] Frame 281 (t = 2.81):	 total squared error = 0.000838164, marker error: RMS = 0.00557163, max = 0.0115196 (L_Thigh_Lateral)
[2026-07-21 00:26:48.531] [info] Frame 282 (t = 2.82):	 total squared error = 0.000847001, marker error: RMS = 0.00560093, max = 0.0112309 (L_Thigh_Lateral)
[2026-07-21 00:26:48.636] [info] Frame 283 (t = 2.83):	 total squared error = 0.000852777, marker error: RMS = 0.00562000, max = 0.0104928 (L_Asis)
[2026-07-21 00:26:48.677] [info] Frame 284 (t = 2.84):	 total squared error = 0.000876606, marker error: RMS = 0.00569797, max = 0.0112058 (L_Asis)
[2026-07-21 00:26:48.749] [info] Frame 285 (t = 2.85):	 total squared error = 0.000911574, marker error: RMS = 0.00581051, max = 0.0121966 (L_Asis)
[2026-07-21 00:26:48.805] [info] Frame 286 (t = 2.86):	 total squared error = 0.000955939, marker error: RMS = 0.00595022, max = 0.0129579 (L_Asis)
[2026-07-21 00:26:48.863] [info] Frame 287 (t = 2.87):	 total squared error = 0.00100079, marker error: RMS = 0.00608822, max = 0.0136862 (L_Asis)
[2026-07-21 00:26:48.971] [info] Frame 288 (t = 2.88):	 total squared error = 0.00103067, marker error: RMS = 0.00617843, max = 0.0143101 (L_Asis)
[2026-07-21 00:26:49.030] [info] Frame 289 (t = 2.89):	 total squared error = 0.00105009, marker error: RMS = 0.00623637, max = 0.014544 (L_Asis)
[2026-07-21 00:26:49.096] [info] Frame 290 (t = 2.9):	 total squared error = 0.00104888, marker error: RMS = 0.00623278, max = 0.0147214 (L_Asis)
[2026-07-21 00:26:49.165] [info] Frame 291 (t = 2.91):	 total squared error = 0.00101666, marker error: RMS = 0.00613628, max = 0.0146474 (L_Asis)
[2026-07-21 00:26:49.224] [info] Frame 292 (t = 2.92):	 total squared error = 0.000957766, marker error: RMS = 0.00595590, max = 0.0142811 (L_Asis)
[2026-07-21 00:26:49.295] [info] Frame 293 (t = 2.93):	 total squared error = 0.000880891, marker error: RMS = 0.00571188, max = 0.0135577 (L_Asis)
[2026-07-21 00:26:49.404] [info] Frame 294 (t = 2.94):	 total squared error = 0.000780456, marker error: RMS = 0.00537641, max = 0.0126399 (R_Asis)
[2026-07-21 00:26:49.468] [info] Frame 295 (t = 2.95):	 total squared error = 0.000696887, marker error: RMS = 0.00508041, max = 0.0120360 (R_Asis)
[2026-07-21 00:26:49.481] [info] InverseKinematicsTool completed 256 frames in 18 second(s).
[2026-07-21 00:26:49.592] [info] Loaded model TCV09-scaled from file C:\Users\migue\Downloads\TFG\2_JMP\TVC09\Walk_2\TVC09_2_JMP_results\TVC09_2_NMSM_JMP_05_torso.osim
[2026-07-21 00:26:51.317] [warning] Coordinate.setValue:  coordinate pro_sup_r is locked. Unable to change its value.
[2026-07-21 00:26:51.430] [warning] Coordinate.setValue:  coordinate pro_sup_l is locked. Unable to change its value.
[2026-07-21 00:28:55.210] [info] Loaded model TCV09-scaled from file C:\Users\migue\Downloads\TFG\2_JMP\TVC09\Walk_2\TVC09_2_JMP_results\TVC09_2_NMSM_JMP_05_torso.osim
[2026-07-21 00:28:55.262] [cout] [info] 
               MODEL: TCV09-scaled
         coordinates: 41
              forces: 103
           actuators: 103
             muscles: 86
            analyses: 0
              probes: 0
              bodies: 24
              joints: 24
         constraints: 2
             markers: 27
         controllers: 0
  contact geometries: 0
misc modelcomponents: 0
[2026-07-21 00:28:55.263] [info] Running tool .
[2026-07-21 00:28:55.571] [info] Frame 40 (t = 0.4):	 total squared error = 0.000891006, marker error: RMS = 0.00574458, max = 0.0142969 (L_Thigh_Lateral)
[2026-07-21 00:28:55.605] [info] Frame 41 (t = 0.41):	 total squared error = 0.000916663, marker error: RMS = 0.00582670, max = 0.0145188 (L_Thigh_Lateral)
[2026-07-21 00:28:55.644] [info] Frame 42 (t = 0.42):	 total squared error = 0.000910863, marker error: RMS = 0.00580824, max = 0.0141888 (L_Thigh_Lateral)
[2026-07-21 00:28:55.702] [info] Frame 43 (t = 0.43):	 total squared error = 0.000884237, marker error: RMS = 0.00572272, max = 0.0130969 (L_Thigh_Lateral)
[2026-07-21 00:28:55.752] [info] Frame 44 (t = 0.44):	 total squared error = 0.000841599, marker error: RMS = 0.00558304, max = 0.0116584 (L_Thigh_Lateral)
[2026-07-21 00:28:55.814] [info] Frame 45 (t = 0.45):	 total squared error = 0.000794355, marker error: RMS = 0.00542407, max = 0.0100298 (L_Thigh_Lateral)
[2026-07-21 00:28:55.905] [info] Frame 46 (t = 0.46):	 total squared error = 0.000740427, marker error: RMS = 0.00523672, max = 0.00992841 (Sternum)
[2026-07-21 00:28:55.955] [info] Frame 47 (t = 0.47):	 total squared error = 0.000697860, marker error: RMS = 0.00508396, max = 0.00992536 (Sternum)
[2026-07-21 00:28:56.009] [info] Frame 48 (t = 0.48):	 total squared error = 0.000665689, marker error: RMS = 0.00496539, max = 0.00991003 (Sternum)
[2026-07-21 00:28:56.059] [info] Frame 49 (t = 0.49):	 total squared error = 0.000646323, marker error: RMS = 0.00489264, max = 0.00982898 (Sternum)
[2026-07-21 00:28:56.122] [info] Frame 50 (t = 0.5):	 total squared error = 0.000630152, marker error: RMS = 0.00483104, max = 0.00966043 (Sternum)
[2026-07-21 00:28:56.190] [info] Frame 51 (t = 0.51):	 total squared error = 0.000614711, marker error: RMS = 0.00477148, max = 0.00939160 (Sternum)
[2026-07-21 00:28:56.262] [info] Frame 52 (t = 0.52):	 total squared error = 0.000593481, marker error: RMS = 0.00468837, max = 0.00899663 (Sternum)
[2026-07-21 00:28:56.344] [info] Frame 53 (t = 0.53):	 total squared error = 0.000568397, marker error: RMS = 0.00458822, max = 0.00864045 (L_Asis)
[2026-07-21 00:28:56.384] [info] Frame 54 (t = 0.54):	 total squared error = 0.000536926, marker error: RMS = 0.00445939, max = 0.00853339 (L_Asis)
[2026-07-21 00:28:56.457] [info] Frame 55 (t = 0.55):	 total squared error = 0.000503538, marker error: RMS = 0.00431851, max = 0.00786457 (L_Asis)
[2026-07-21 00:28:56.508] [info] Frame 56 (t = 0.56):	 total squared error = 0.000467462, marker error: RMS = 0.00416094, max = 0.00783251 (R_Asis)
[2026-07-21 00:28:56.553] [info] Frame 57 (t = 0.57):	 total squared error = 0.000436646, marker error: RMS = 0.00402145, max = 0.00767545 (R_Asis)
[2026-07-21 00:28:56.613] [info] Frame 58 (t = 0.58):	 total squared error = 0.000408741, marker error: RMS = 0.00389083, max = 0.00785936 (R_Ankle_Lateral)
[2026-07-21 00:28:56.680] [info] Frame 59 (t = 0.59):	 total squared error = 0.000384133, marker error: RMS = 0.00377189, max = 0.00792364 (R_Ankle_Lateral)
[2026-07-21 00:28:56.747] [info] Frame 60 (t = 0.6):	 total squared error = 0.000371286, marker error: RMS = 0.00370828, max = 0.00799825 (R_Ankle_Lateral)
[2026-07-21 00:28:56.822] [info] Frame 61 (t = 0.61):	 total squared error = 0.000363880, marker error: RMS = 0.00367111, max = 0.00801693 (R_Ankle_Lateral)
[2026-07-21 00:28:56.871] [info] Frame 62 (t = 0.62):	 total squared error = 0.000367002, marker error: RMS = 0.00368683, max = 0.00794781 (R_Ankle_Lateral)
[2026-07-21 00:28:56.959] [info] Frame 63 (t = 0.63):	 total squared error = 0.000372209, marker error: RMS = 0.00371288, max = 0.00802889 (R_Shank_Lateral)
[2026-07-21 00:28:57.053] [info] Frame 64 (t = 0.64):	 total squared error = 0.000390248, marker error: RMS = 0.00380179, max = 0.00885838 (R_Shank_Lateral)
[2026-07-21 00:28:57.111] [info] Frame 65 (t = 0.65):	 total squared error = 0.000418798, marker error: RMS = 0.00393840, max = 0.00960440 (R_Shank_Lateral)
[2026-07-21 00:28:57.215] [info] Frame 66 (t = 0.66):	 total squared error = 0.000455816, marker error: RMS = 0.00410878, max = 0.0104581 (R_Shank_Lateral)
[2026-07-21 00:28:57.276] [info] Frame 67 (t = 0.67):	 total squared error = 0.000498425, marker error: RMS = 0.00429653, max = 0.0110635 (R_Shank_Lateral)
[2026-07-21 00:28:57.317] [info] Frame 68 (t = 0.68):	 total squared error = 0.000558852, marker error: RMS = 0.00454953, max = 0.0111985 (R_Shank_Lateral)
[2026-07-21 00:28:57.378] [info] Frame 69 (t = 0.69):	 total squared error = 0.000598952, marker error: RMS = 0.00470993, max = 0.0125068 (R_Shank_Lateral)
[2026-07-21 00:28:57.436] [info] Frame 70 (t = 0.7):	 total squared error = 0.000652312, marker error: RMS = 0.00491525, max = 0.0134419 (R_Shank_Lateral)
[2026-07-21 00:28:57.537] [info] Frame 71 (t = 0.71):	 total squared error = 0.000711450, marker error: RMS = 0.00513322, max = 0.0147 (R_Shank_Lateral)
[2026-07-21 00:28:57.588] [info] Frame 72 (t = 0.72):	 total squared error = 0.000782093, marker error: RMS = 0.00538204, max = 0.0158032 (R_Shank_Lateral)
[2026-07-21 00:28:57.643] [info] Frame 73 (t = 0.73):	 total squared error = 0.000861718, marker error: RMS = 0.00564938, max = 0.0171734 (R_Shank_Lateral)
[2026-07-21 00:28:57.700] [info] Frame 74 (t = 0.74):	 total squared error = 0.000950170, marker error: RMS = 0.00593224, max = 0.0187871 (R_Shank_Lateral)
[2026-07-21 00:28:57.755] [info] Frame 75 (t = 0.75):	 total squared error = 0.00104503, marker error: RMS = 0.00622131, max = 0.0204141 (R_Shank_Lateral)
[2026-07-21 00:28:57.808] [info] Frame 76 (t = 0.76):	 total squared error = 0.00114515, marker error: RMS = 0.00651253, max = 0.0219379 (R_Shank_Lateral)
[2026-07-21 00:28:57.902] [info] Frame 77 (t = 0.77):	 total squared error = 0.00124759, marker error: RMS = 0.00679756, max = 0.0232941 (R_Shank_Lateral)
[2026-07-21 00:28:57.945] [info] Frame 78 (t = 0.78):	 total squared error = 0.00132942, marker error: RMS = 0.00701698, max = 0.0246422 (R_Shank_Lateral)
[2026-07-21 00:28:57.994] [info] Frame 79 (t = 0.79):	 total squared error = 0.00140077, marker error: RMS = 0.00720281, max = 0.0256155 (R_Shank_Lateral)
[2026-07-21 00:28:58.043] [info] Frame 80 (t = 0.8):	 total squared error = 0.00145090, marker error: RMS = 0.00733056, max = 0.0262606 (R_Shank_Lateral)
[2026-07-21 00:28:58.070] [info] Frame 81 (t = 0.81):	 total squared error = 0.00149147, marker error: RMS = 0.00743233, max = 0.0266741 (R_Shank_Lateral)
[2026-07-21 00:28:58.115] [info] Frame 82 (t = 0.82):	 total squared error = 0.00148342, marker error: RMS = 0.00741226, max = 0.0265564 (R_Shank_Lateral)
[2026-07-21 00:28:58.143] [info] Frame 83 (t = 0.83):	 total squared error = 0.00147625, marker error: RMS = 0.00739433, max = 0.0263327 (R_Shank_Lateral)
[2026-07-21 00:28:58.210] [info] Frame 84 (t = 0.84):	 total squared error = 0.00142962, marker error: RMS = 0.00727660, max = 0.0256909 (R_Shank_Lateral)
[2026-07-21 00:28:58.274] [info] Frame 85 (t = 0.85):	 total squared error = 0.00138825, marker error: RMS = 0.00717055, max = 0.0250211 (R_Shank_Lateral)
[2026-07-21 00:28:58.318] [info] Frame 86 (t = 0.86):	 total squared error = 0.00134903, marker error: RMS = 0.00706852, max = 0.0242235 (R_Shank_Lateral)
[2026-07-21 00:28:58.358] [info] Frame 87 (t = 0.87):	 total squared error = 0.00131360, marker error: RMS = 0.00697508, max = 0.0234799 (R_Shank_Lateral)
[2026-07-21 00:28:58.421] [info] Frame 88 (t = 0.88):	 total squared error = 0.00126725, marker error: RMS = 0.00685092, max = 0.0225714 (R_Shank_Lateral)
[2026-07-21 00:28:58.492] [info] Frame 89 (t = 0.89):	 total squared error = 0.00123556, marker error: RMS = 0.00676472, max = 0.0218526 (R_Shank_Lateral)
[2026-07-21 00:28:58.530] [info] Frame 90 (t = 0.9):	 total squared error = 0.00121311, marker error: RMS = 0.00670300, max = 0.0212676 (R_Shank_Lateral)
[2026-07-21 00:28:58.613] [info] Frame 91 (t = 0.91):	 total squared error = 0.00117397, marker error: RMS = 0.00659397, max = 0.0202103 (R_Shank_Lateral)
[2026-07-21 00:28:58.684] [info] Frame 92 (t = 0.92):	 total squared error = 0.00113834, marker error: RMS = 0.00649313, max = 0.0193642 (R_Shank_Lateral)
[2026-07-21 00:28:58.760] [info] Frame 93 (t = 0.93):	 total squared error = 0.00109430, marker error: RMS = 0.00636628, max = 0.0183513 (R_Shank_Lateral)
[2026-07-21 00:28:58.851] [info] Frame 94 (t = 0.94):	 total squared error = 0.00103987, marker error: RMS = 0.00620594, max = 0.0171182 (R_Shank_Lateral)
[2026-07-21 00:28:58.953] [info] Frame 95 (t = 0.95):	 total squared error = 0.000973899, marker error: RMS = 0.00600586, max = 0.0157243 (R_Shank_Lateral)
[2026-07-21 00:28:58.995] [info] Frame 96 (t = 0.96):	 total squared error = 0.000921136, marker error: RMS = 0.00584090, max = 0.0147997 (R_Shank_Lateral)
[2026-07-21 00:28:59.117] [info] Frame 97 (t = 0.97):	 total squared error = 0.000813892, marker error: RMS = 0.00549037, max = 0.011941 (R_Shank_Lateral)
[2026-07-21 00:28:59.173] [info] Frame 98 (t = 0.98):	 total squared error = 0.000746449, marker error: RMS = 0.00525797, max = 0.0105804 (R_Thigh_Lateral)
[2026-07-21 00:28:59.317] [info] Frame 99 (t = 0.99):	 total squared error = 0.000686593, marker error: RMS = 0.00504275, max = 0.0102813 (L_Thigh_Lateral)
[2026-07-21 00:28:59.421] [info] Frame 100 (t = 1.0):	 total squared error = 0.000626064, marker error: RMS = 0.00481535, max = 0.0102181 (L_Thigh_Lateral)
[2026-07-21 00:28:59.491] [info] Frame 101 (t = 1.01):	 total squared error = 0.000598009, marker error: RMS = 0.00470622, max = 0.0103820 (L_Thigh_Lateral)
[2026-07-21 00:28:59.582] [info] Frame 102 (t = 1.02):	 total squared error = 0.000581408, marker error: RMS = 0.00464044, max = 0.0104028 (L_Thigh_Lateral)
[2026-07-21 00:28:59.649] [info] Frame 103 (t = 1.03):	 total squared error = 0.000594350, marker error: RMS = 0.00469180, max = 0.0105964 (L_Thigh_Lateral)
[2026-07-21 00:28:59.752] [info] Frame 104 (t = 1.04):	 total squared error = 0.000615597, marker error: RMS = 0.00477492, max = 0.0109594 (R_Thigh_Lateral)
[2026-07-21 00:28:59.830] [info] Frame 105 (t = 1.05):	 total squared error = 0.000655956, marker error: RMS = 0.00492896, max = 0.011793 (R_Thigh_Lateral)
[2026-07-21 00:28:59.921] [info] Frame 106 (t = 1.06):	 total squared error = 0.000706044, marker error: RMS = 0.00511368, max = 0.0127642 (R_Thigh_Lateral)
[2026-07-21 00:28:59.990] [info] Frame 107 (t = 1.07):	 total squared error = 0.000764949, marker error: RMS = 0.00532273, max = 0.0138506 (R_Thigh_Lateral)
[2026-07-21 00:29:00.042] [info] Frame 108 (t = 1.08):	 total squared error = 0.000839843, marker error: RMS = 0.00557721, max = 0.0150562 (R_Thigh_Lateral)
[2026-07-21 00:29:00.124] [info] Frame 109 (t = 1.09):	 total squared error = 0.000853799, marker error: RMS = 0.00562336, max = 0.0156149 (R_Thigh_Lateral)
[2026-07-21 00:29:00.197] [info] Frame 110 (t = 1.1):	 total squared error = 0.000871359, marker error: RMS = 0.00568089, max = 0.0160829 (R_Thigh_Lateral)
[2026-07-21 00:29:00.225] [info] Frame 111 (t = 1.11):	 total squared error = 0.000869597, marker error: RMS = 0.00567515, max = 0.0162043 (R_Thigh_Lateral)
[2026-07-21 00:29:00.296] [info] Frame 112 (t = 1.12):	 total squared error = 0.000801112, marker error: RMS = 0.00544709, max = 0.0150644 (R_Thigh_Lateral)
[2026-07-21 00:29:00.329] [info] Frame 113 (t = 1.13):	 total squared error = 0.000721585, marker error: RMS = 0.00516966, max = 0.0131138 (R_Thigh_Lateral)
[2026-07-21 00:29:00.400] [info] Frame 114 (t = 1.14):	 total squared error = 0.000613747, marker error: RMS = 0.00476774, max = 0.0113042 (R_Thigh_Lateral)
[2026-07-21 00:29:00.465] [info] Frame 115 (t = 1.15):	 total squared error = 0.000508830, marker error: RMS = 0.00434115, max = 0.00988365 (L_Thigh_Lateral)
[2026-07-21 00:29:00.568] [info] Frame 116 (t = 1.16):	 total squared error = 0.000434221, marker error: RMS = 0.00401027, max = 0.00950398 (L_Thigh_Lateral)
[2026-07-21 00:29:00.645] [info] Frame 117 (t = 1.17):	 total squared error = 0.000382063, marker error: RMS = 0.00376171, max = 0.00902877 (L_Thigh_Lateral)
[2026-07-21 00:29:00.723] [info] Frame 118 (t = 1.18):	 total squared error = 0.000379035, marker error: RMS = 0.00374678, max = 0.00884570 (L_Thigh_Lateral)
[2026-07-21 00:29:00.774] [info] Frame 119 (t = 1.19):	 total squared error = 0.000409548, marker error: RMS = 0.00389467, max = 0.00846019 (L_Thigh_Lateral)
[2026-07-21 00:29:00.888] [info] Frame 120 (t = 1.2):	 total squared error = 0.000465271, marker error: RMS = 0.00415117, max = 0.00931789 (L_Thigh_Lateral)
[2026-07-21 00:29:00.957] [info] Frame 121 (t = 1.21):	 total squared error = 0.000538025, marker error: RMS = 0.00446395, max = 0.0100805 (L_Thigh_Lateral)
[2026-07-21 00:29:01.020] [info] Frame 122 (t = 1.22):	 total squared error = 0.000621197, marker error: RMS = 0.00479659, max = 0.0111007 (L_Shank_Lateral)
[2026-07-21 00:29:01.091] [info] Frame 123 (t = 1.23):	 total squared error = 0.000697919, marker error: RMS = 0.00508418, max = 0.0130194 (L_Shank_Lateral)
[2026-07-21 00:29:01.160] [info] Frame 124 (t = 1.24):	 total squared error = 0.000759699, marker error: RMS = 0.00530443, max = 0.0143443 (L_Shank_Lateral)
[2026-07-21 00:29:01.202] [info] Frame 125 (t = 1.25):	 total squared error = 0.000816110, marker error: RMS = 0.00549785, max = 0.0141944 (L_Shank_Lateral)
[2026-07-21 00:29:01.284] [info] Frame 126 (t = 1.26):	 total squared error = 0.000810327, marker error: RMS = 0.00547833, max = 0.0159906 (L_Shank_Lateral)
[2026-07-21 00:29:01.354] [info] Frame 127 (t = 1.27):	 total squared error = 0.000802460, marker error: RMS = 0.00545167, max = 0.0157996 (L_Shank_Lateral)
[2026-07-21 00:29:01.467] [info] Frame 128 (t = 1.28):	 total squared error = 0.000766718, marker error: RMS = 0.00532888, max = 0.016311 (L_Shank_Lateral)
[2026-07-21 00:29:01.543] [info] Frame 129 (t = 1.29):	 total squared error = 0.000738760, marker error: RMS = 0.00523082, max = 0.0156605 (L_Shank_Lateral)
[2026-07-21 00:29:01.615] [info] Frame 130 (t = 1.3):	 total squared error = 0.000714377, marker error: RMS = 0.00514377, max = 0.015292 (L_Shank_Lateral)
[2026-07-21 00:29:01.679] [info] Frame 131 (t = 1.31):	 total squared error = 0.000698296, marker error: RMS = 0.00508555, max = 0.0149783 (L_Shank_Lateral)
[2026-07-21 00:29:01.751] [info] Frame 132 (t = 1.32):	 total squared error = 0.000687950, marker error: RMS = 0.00504774, max = 0.0148569 (L_Shank_Lateral)
[2026-07-21 00:29:01.833] [info] Frame 133 (t = 1.33):	 total squared error = 0.000679405, marker error: RMS = 0.00501629, max = 0.0152042 (L_Shank_Lateral)
[2026-07-21 00:29:01.876] [info] Frame 134 (t = 1.34):	 total squared error = 0.000690051, marker error: RMS = 0.00505544, max = 0.014484 (L_Shank_Lateral)
[2026-07-21 00:29:01.926] [info] Frame 135 (t = 1.35):	 total squared error = 0.000694114, marker error: RMS = 0.00507030, max = 0.0142629 (L_Shank_Lateral)
[2026-07-21 00:29:02.013] [info] Frame 136 (t = 1.36):	 total squared error = 0.000696002, marker error: RMS = 0.00507719, max = 0.0146043 (L_Shank_Lateral)
[2026-07-21 00:29:02.083] [info] Frame 137 (t = 1.37):	 total squared error = 0.000710572, marker error: RMS = 0.00513006, max = 0.0145016 (L_Shank_Lateral)
[2026-07-21 00:29:02.112] [info] Frame 138 (t = 1.38):	 total squared error = 0.000754044, marker error: RMS = 0.00528465, max = 0.0145357 (L_Shank_Lateral)
[2026-07-21 00:29:02.163] [info] Frame 139 (t = 1.39):	 total squared error = 0.000757753, marker error: RMS = 0.00529763, max = 0.0147295 (L_Shank_Lateral)
[2026-07-21 00:29:02.216] [info] Frame 140 (t = 1.4):	 total squared error = 0.000778979, marker error: RMS = 0.00537132, max = 0.0152894 (L_Shank_Lateral)
[2026-07-21 00:29:02.315] [info] Frame 141 (t = 1.41):	 total squared error = 0.000794701, marker error: RMS = 0.00542525, max = 0.0158834 (L_Shank_Lateral)
[2026-07-21 00:29:02.384] [info] Frame 142 (t = 1.42):	 total squared error = 0.000819379, marker error: RMS = 0.00550884, max = 0.0165783 (L_Shank_Lateral)
[2026-07-21 00:29:02.455] [info] Frame 143 (t = 1.43):	 total squared error = 0.000843314, marker error: RMS = 0.00558873, max = 0.0172188 (L_Shank_Lateral)
[2026-07-21 00:29:02.561] [info] Frame 144 (t = 1.44):	 total squared error = 0.000861063, marker error: RMS = 0.00564723, max = 0.0174647 (L_Shank_Lateral)
[2026-07-21 00:29:02.646] [info] Frame 145 (t = 1.45):	 total squared error = 0.000872986, marker error: RMS = 0.00568620, max = 0.0179061 (L_Shank_Lateral)
[2026-07-21 00:29:02.764] [info] Frame 146 (t = 1.46):	 total squared error = 0.000869938, marker error: RMS = 0.00567626, max = 0.0175831 (L_Shank_Lateral)
[2026-07-21 00:29:02.835] [info] Frame 147 (t = 1.47):	 total squared error = 0.000851912, marker error: RMS = 0.00561714, max = 0.0174082 (L_Shank_Lateral)
[2026-07-21 00:29:02.925] [info] Frame 148 (t = 1.48):	 total squared error = 0.000803204, marker error: RMS = 0.00545420, max = 0.0162996 (L_Shank_Lateral)
[2026-07-21 00:29:02.997] [info] Frame 149 (t = 1.49):	 total squared error = 0.000736053, marker error: RMS = 0.00522123, max = 0.0147299 (L_Shank_Lateral)
[2026-07-21 00:29:03.113] [info] Frame 150 (t = 1.5):	 total squared error = 0.000654362, marker error: RMS = 0.00492297, max = 0.0121665 (L_Shank_Lateral)
[2026-07-21 00:29:03.186] [info] Frame 151 (t = 1.51):	 total squared error = 0.000571105, marker error: RMS = 0.00459914, max = 0.0102209 (R_Shank_Lateral)
[2026-07-21 00:29:03.266] [info] Frame 152 (t = 1.52):	 total squared error = 0.000501572, marker error: RMS = 0.00431007, max = 0.0103297 (R_Shank_Lateral)
[2026-07-21 00:29:03.377] [info] Frame 153 (t = 1.53):	 total squared error = 0.000459851, marker error: RMS = 0.00412693, max = 0.0105271 (R_Shank_Lateral)
[2026-07-21 00:29:03.462] [info] Frame 154 (t = 1.54):	 total squared error = 0.000456950, marker error: RMS = 0.00411389, max = 0.0105915 (R_Shank_Lateral)
[2026-07-21 00:29:03.532] [info] Frame 155 (t = 1.55):	 total squared error = 0.000491535, marker error: RMS = 0.00426673, max = 0.0106488 (R_Shank_Lateral)
[2026-07-21 00:29:03.631] [info] Frame 156 (t = 1.56):	 total squared error = 0.000545502, marker error: RMS = 0.00449486, max = 0.0109194 (R_Shank_Lateral)
[2026-07-21 00:29:03.716] [info] Frame 157 (t = 1.57):	 total squared error = 0.000614498, marker error: RMS = 0.00477066, max = 0.0109971 (R_Shank_Lateral)
[2026-07-21 00:29:03.787] [info] Frame 158 (t = 1.58):	 total squared error = 0.000678558, marker error: RMS = 0.00501316, max = 0.0111859 (R_Shank_Lateral)
[2026-07-21 00:29:03.848] [info] Frame 159 (t = 1.59):	 total squared error = 0.000732334, marker error: RMS = 0.00520802, max = 0.0117543 (L_Thigh_Lateral)
[2026-07-21 00:29:03.914] [info] Frame 160 (t = 1.6):	 total squared error = 0.000766857, marker error: RMS = 0.00532936, max = 0.0121815 (L_Thigh_Lateral)
[2026-07-21 00:29:03.949] [info] Frame 161 (t = 1.61):	 total squared error = 0.000792646, marker error: RMS = 0.00541824, max = 0.0124997 (L_Thigh_Lateral)
[2026-07-21 00:29:04.003] [info] Frame 162 (t = 1.62):	 total squared error = 0.000794238, marker error: RMS = 0.00542367, max = 0.0126636 (L_Thigh_Lateral)
[2026-07-21 00:29:04.032] [info] Frame 163 (t = 1.63):	 total squared error = 0.000800315, marker error: RMS = 0.00544438, max = 0.0126996 (L_Thigh_Lateral)
[2026-07-21 00:29:04.127] [info] Frame 164 (t = 1.64):	 total squared error = 0.000783901, marker error: RMS = 0.00538826, max = 0.0115853 (L_Thigh_Lateral)
[2026-07-21 00:29:04.164] [info] Frame 165 (t = 1.65):	 total squared error = 0.000782061, marker error: RMS = 0.00538194, max = 0.0116151 (L_Thigh_Lateral)
[2026-07-21 00:29:04.213] [info] Frame 166 (t = 1.66):	 total squared error = 0.000784576, marker error: RMS = 0.00539058, max = 0.0118202 (L_Thigh_Lateral)
[2026-07-21 00:29:04.276] [info] Frame 167 (t = 1.67):	 total squared error = 0.000797810, marker error: RMS = 0.00543586, max = 0.0117062 (L_Thigh_Lateral)
[2026-07-21 00:29:04.337] [info] Frame 168 (t = 1.68):	 total squared error = 0.000819896, marker error: RMS = 0.00551058, max = 0.0118601 (L_Thigh_Lateral)
[2026-07-21 00:29:04.390] [info] Frame 169 (t = 1.69):	 total squared error = 0.000850094, marker error: RMS = 0.00561115, max = 0.0118777 (L_Thigh_Lateral)
[2026-07-21 00:29:04.485] [info] Frame 170 (t = 1.7):	 total squared error = 0.000878089, marker error: RMS = 0.00570279, max = 0.0112445 (L_Thigh_Lateral)
[2026-07-21 00:29:04.536] [info] Frame 171 (t = 1.71):	 total squared error = 0.000915399, marker error: RMS = 0.00582268, max = 0.011451 (L_Thigh_Lateral)
[2026-07-21 00:29:04.569] [info] Frame 172 (t = 1.72):	 total squared error = 0.000947395, marker error: RMS = 0.00592357, max = 0.0113642 (L_Thigh_Lateral)
[2026-07-21 00:29:04.630] [info] Frame 173 (t = 1.73):	 total squared error = 0.000961564, marker error: RMS = 0.00596770, max = 0.012293 (L_Asis)
[2026-07-21 00:29:04.685] [info] Frame 174 (t = 1.74):	 total squared error = 0.000950650, marker error: RMS = 0.00593374, max = 0.0126806 (L_Asis)
[2026-07-21 00:29:04.736] [info] Frame 175 (t = 1.75):	 total squared error = 0.000914211, marker error: RMS = 0.00581891, max = 0.012772 (L_Asis)
[2026-07-21 00:29:04.818] [info] Frame 176 (t = 1.76):	 total squared error = 0.000843319, marker error: RMS = 0.00558874, max = 0.0120560 (L_Asis)
[2026-07-21 00:29:04.880] [info] Frame 177 (t = 1.77):	 total squared error = 0.000772062, marker error: RMS = 0.00534742, max = 0.0118781 (L_Asis)
[2026-07-21 00:29:04.945] [info] Frame 178 (t = 1.78):	 total squared error = 0.000693546, marker error: RMS = 0.00506822, max = 0.0108438 (L_Asis)
[2026-07-21 00:29:05.034] [info] Frame 179 (t = 1.79):	 total squared error = 0.000605080, marker error: RMS = 0.00473396, max = 0.0105451 (R_Asis)
[2026-07-21 00:29:05.102] [info] Frame 180 (t = 1.8):	 total squared error = 0.000535964, marker error: RMS = 0.00445539, max = 0.0100221 (R_Asis)
[2026-07-21 00:29:05.170] [info] Frame 181 (t = 1.81):	 total squared error = 0.000473526, marker error: RMS = 0.00418784, max = 0.00938301 (R_Asis)
[2026-07-21 00:29:05.240] [info] Frame 182 (t = 1.82):	 total squared error = 0.000425540, marker error: RMS = 0.00396998, max = 0.00856028 (R_Asis)
[2026-07-21 00:29:05.300] [info] Frame 183 (t = 1.83):	 total squared error = 0.000398364, marker error: RMS = 0.00384112, max = 0.00788286 (R_Asis)
[2026-07-21 00:29:05.368] [info] Frame 184 (t = 1.84):	 total squared error = 0.000400514, marker error: RMS = 0.00385148, max = 0.00722641 (R_Elbow)
[2026-07-21 00:29:05.483] [info] Frame 185 (t = 1.85):	 total squared error = 0.000428981, marker error: RMS = 0.00398600, max = 0.00766128 (R_Shank_Lateral)
[2026-07-21 00:29:05.564] [info] Frame 186 (t = 1.86):	 total squared error = 0.000475625, marker error: RMS = 0.00419711, max = 0.00899070 (R_Shank_Lateral)
[2026-07-21 00:29:05.619] [info] Frame 187 (t = 1.87):	 total squared error = 0.000531384, marker error: RMS = 0.00443631, max = 0.0102703 (R_Shank_Lateral)
[2026-07-21 00:29:05.702] [info] Frame 188 (t = 1.88):	 total squared error = 0.000582488, marker error: RMS = 0.00464474, max = 0.0114732 (R_Shank_Lateral)
[2026-07-21 00:29:05.781] [info] Frame 189 (t = 1.89):	 total squared error = 0.000621626, marker error: RMS = 0.00479825, max = 0.0126026 (R_Shank_Lateral)
[2026-07-21 00:29:05.847] [info] Frame 190 (t = 1.9):	 total squared error = 0.000650160, marker error: RMS = 0.00490714, max = 0.0132509 (R_Shank_Lateral)
[2026-07-21 00:29:05.919] [info] Frame 191 (t = 1.91):	 total squared error = 0.000673772, marker error: RMS = 0.00499545, max = 0.0141045 (R_Shank_Lateral)
[2026-07-21 00:29:06.028] [info] Frame 192 (t = 1.92):	 total squared error = 0.000699527, marker error: RMS = 0.00509003, max = 0.0149834 (R_Shank_Lateral)
[2026-07-21 00:29:06.101] [info] Frame 193 (t = 1.93):	 total squared error = 0.000738138, marker error: RMS = 0.00522862, max = 0.0157089 (R_Shank_Lateral)
[2026-07-21 00:29:06.164] [info] Frame 194 (t = 1.94):	 total squared error = 0.000790784, marker error: RMS = 0.00541187, max = 0.0166625 (R_Shank_Lateral)
[2026-07-21 00:29:06.261] [info] Frame 195 (t = 1.95):	 total squared error = 0.000845419, marker error: RMS = 0.00559569, max = 0.017871 (R_Shank_Lateral)
[2026-07-21 00:29:06.408] [info] Frame 196 (t = 1.96):	 total squared error = 0.000909094, marker error: RMS = 0.00580260, max = 0.0189146 (R_Shank_Lateral)
[2026-07-21 00:29:06.451] [info] Frame 197 (t = 1.97):	 total squared error = 0.000980957, marker error: RMS = 0.00602758, max = 0.0198517 (R_Shank_Lateral)
[2026-07-21 00:29:06.523] [info] Frame 198 (t = 1.98):	 total squared error = 0.00103374, marker error: RMS = 0.00618764, max = 0.0208962 (R_Shank_Lateral)
[2026-07-21 00:29:06.594] [info] Frame 199 (t = 1.99):	 total squared error = 0.00108654, marker error: RMS = 0.00634368, max = 0.0217901 (R_Shank_Lateral)
[2026-07-21 00:29:06.652] [info] Frame 200 (t = 2.0):	 total squared error = 0.00113584, marker error: RMS = 0.00648600, max = 0.0224312 (R_Shank_Lateral)
[2026-07-21 00:29:06.760] [info] Frame 201 (t = 2.01):	 total squared error = 0.00117443, marker error: RMS = 0.00659527, max = 0.0230692 (R_Shank_Lateral)
[2026-07-21 00:29:06.808] [info] Frame 202 (t = 2.02):	 total squared error = 0.00121183, marker error: RMS = 0.00669945, max = 0.0235333 (R_Shank_Lateral)
[2026-07-21 00:29:06.873] [info] Frame 203 (t = 2.03):	 total squared error = 0.00124182, marker error: RMS = 0.00678184, max = 0.0239386 (R_Shank_Lateral)
[2026-07-21 00:29:06.927] [info] Frame 204 (t = 2.04):	 total squared error = 0.00127025, marker error: RMS = 0.00685903, max = 0.0243422 (R_Shank_Lateral)
[2026-07-21 00:29:06.985] [info] Frame 205 (t = 2.05):	 total squared error = 0.00129396, marker error: RMS = 0.00692275, max = 0.0246941 (R_Shank_Lateral)
[2026-07-21 00:29:07.018] [info] Frame 206 (t = 2.06):	 total squared error = 0.00132301, marker error: RMS = 0.00700004, max = 0.0251259 (R_Shank_Lateral)
[2026-07-21 00:29:07.104] [info] Frame 207 (t = 2.07):	 total squared error = 0.00132743, marker error: RMS = 0.00701171, max = 0.0251849 (R_Shank_Lateral)
[2026-07-21 00:29:07.162] [info] Frame 208 (t = 2.08):	 total squared error = 0.00133979, marker error: RMS = 0.00704427, max = 0.025488 (R_Shank_Lateral)
[2026-07-21 00:29:07.238] [info] Frame 209 (t = 2.09):	 total squared error = 0.00133851, marker error: RMS = 0.00704092, max = 0.0253364 (R_Shank_Lateral)
[2026-07-21 00:29:07.301] [info] Frame 210 (t = 2.1):	 total squared error = 0.00132740, marker error: RMS = 0.00701162, max = 0.0253324 (R_Shank_Lateral)
[2026-07-21 00:29:07.366] [info] Frame 211 (t = 2.11):	 total squared error = 0.00129644, marker error: RMS = 0.00692938, max = 0.0248497 (R_Shank_Lateral)
[2026-07-21 00:29:07.440] [info] Frame 212 (t = 2.12):	 total squared error = 0.00123872, marker error: RMS = 0.00677337, max = 0.0238666 (R_Shank_Lateral)
[2026-07-21 00:29:07.500] [info] Frame 213 (t = 2.13):	 total squared error = 0.00115863, marker error: RMS = 0.00655075, max = 0.0228439 (R_Shank_Lateral)
[2026-07-21 00:29:07.626] [info] Frame 214 (t = 2.14):	 total squared error = 0.00103664, marker error: RMS = 0.00619631, max = 0.0204467 (R_Shank_Lateral)
[2026-07-21 00:29:07.702] [info] Frame 215 (t = 2.15):	 total squared error = 0.000906651, marker error: RMS = 0.00579480, max = 0.0183285 (R_Shank_Lateral)
[2026-07-21 00:29:07.819] [info] Frame 216 (t = 2.16):	 total squared error = 0.000753821, marker error: RMS = 0.00528387, max = 0.0147135 (R_Shank_Lateral)
[2026-07-21 00:29:07.884] [info] Frame 217 (t = 2.17):	 total squared error = 0.000625339, marker error: RMS = 0.00481256, max = 0.011526 (R_Shank_Lateral)
[2026-07-21 00:29:07.982] [info] Frame 218 (t = 2.18):	 total squared error = 0.000511666, marker error: RMS = 0.00435323, max = 0.0106721 (L_Thigh_Lateral)
[2026-07-21 00:29:08.053] [info] Frame 219 (t = 2.19):	 total squared error = 0.000464915, marker error: RMS = 0.00414959, max = 0.0109644 (L_Thigh_Lateral)
[2026-07-21 00:29:08.145] [info] Frame 220 (t = 2.2):	 total squared error = 0.000463921, marker error: RMS = 0.00414515, max = 0.0111245 (L_Thigh_Lateral)
[2026-07-21 00:29:08.201] [info] Frame 221 (t = 2.21):	 total squared error = 0.000540317, marker error: RMS = 0.00447345, max = 0.0114024 (L_Thigh_Lateral)
[2026-07-21 00:29:08.297] [info] Frame 222 (t = 2.22):	 total squared error = 0.000635002, marker error: RMS = 0.00484960, max = 0.0116356 (L_Thigh_Lateral)
[2026-07-21 00:29:08.391] [info] Frame 223 (t = 2.23):	 total squared error = 0.000756774, marker error: RMS = 0.00529421, max = 0.0131583 (R_Thigh_Lateral)
[2026-07-21 00:29:08.458] [info] Frame 224 (t = 2.24):	 total squared error = 0.000858351, marker error: RMS = 0.00563833, max = 0.0148404 (R_Thigh_Lateral)
[2026-07-21 00:29:08.490] [info] Frame 225 (t = 2.25):	 total squared error = 0.000920248, marker error: RMS = 0.00583809, max = 0.0157224 (R_Thigh_Lateral)
[2026-07-21 00:29:08.520] [info] Frame 226 (t = 2.26):	 total squared error = 0.000911460, marker error: RMS = 0.00581015, max = 0.015283 (R_Thigh_Lateral)
[2026-07-21 00:29:08.586] [info] Frame 227 (t = 2.27):	 total squared error = 0.000803900, marker error: RMS = 0.00545656, max = 0.0136496 (R_Thigh_Lateral)
[2026-07-21 00:29:08.620] [info] Frame 228 (t = 2.28):	 total squared error = 0.000702203, marker error: RMS = 0.00509976, max = 0.0121607 (L_Thigh_Lateral)
[2026-07-21 00:29:08.691] [info] Frame 229 (t = 2.29):	 total squared error = 0.000590908, marker error: RMS = 0.00467819, max = 0.0118344 (L_Thigh_Lateral)
[2026-07-21 00:29:08.750] [info] Frame 230 (t = 2.3):	 total squared error = 0.000516498, marker error: RMS = 0.00437374, max = 0.0115884 (L_Thigh_Lateral)
[2026-07-21 00:29:08.841] [info] Frame 231 (t = 2.31):	 total squared error = 0.000473057, marker error: RMS = 0.00418577, max = 0.0113673 (L_Thigh_Lateral)
[2026-07-21 00:29:08.889] [info] Frame 232 (t = 2.32):	 total squared error = 0.000445180, marker error: RMS = 0.00406056, max = 0.0109593 (L_Thigh_Lateral)
[2026-07-21 00:29:08.941] [info] Frame 233 (t = 2.33):	 total squared error = 0.000428659, marker error: RMS = 0.00398450, max = 0.0105481 (L_Thigh_Lateral)
[2026-07-21 00:29:09.020] [info] Frame 234 (t = 2.34):	 total squared error = 0.000401948, marker error: RMS = 0.00385836, max = 0.00992315 (L_Thigh_Lateral)
[2026-07-21 00:29:09.081] [info] Frame 235 (t = 2.35):	 total squared error = 0.000377362, marker error: RMS = 0.00373850, max = 0.00920145 (L_Thigh_Lateral)
[2026-07-21 00:29:09.126] [info] Frame 236 (t = 2.36):	 total squared error = 0.000365416, marker error: RMS = 0.00367885, max = 0.00821138 (L_Thigh_Lateral)
[2026-07-21 00:29:09.227] [info] Frame 237 (t = 2.37):	 total squared error = 0.000347591, marker error: RMS = 0.00358800, max = 0.00738118 (L_Thigh_Lateral)
[2026-07-21 00:29:09.288] [info] Frame 238 (t = 2.38):	 total squared error = 0.000350555, marker error: RMS = 0.00360326, max = 0.00810890 (L_Wrist)
[2026-07-21 00:29:09.365] [info] Frame 239 (t = 2.39):	 total squared error = 0.000366202, marker error: RMS = 0.00368280, max = 0.00811654 (L_Wrist)
[2026-07-21 00:29:09.424] [info] Frame 240 (t = 2.4):	 total squared error = 0.000398012, marker error: RMS = 0.00383943, max = 0.00850104 (L_Wrist)
[2026-07-21 00:29:09.490] [info] Frame 241 (t = 2.41):	 total squared error = 0.000446122, marker error: RMS = 0.00406485, max = 0.00875198 (L_Wrist)
[2026-07-21 00:29:09.549] [info] Frame 242 (t = 2.42):	 total squared error = 0.000507718, marker error: RMS = 0.00433640, max = 0.00898022 (L_Wrist)
[2026-07-21 00:29:09.619] [info] Frame 243 (t = 2.43):	 total squared error = 0.000577112, marker error: RMS = 0.00462326, max = 0.0103694 (L_Shank_Lateral)
[2026-07-21 00:29:09.731] [info] Frame 244 (t = 2.44):	 total squared error = 0.000645849, marker error: RMS = 0.00489084, max = 0.0121191 (L_Shank_Lateral)
[2026-07-21 00:29:09.791] [info] Frame 245 (t = 2.45):	 total squared error = 0.000725802, marker error: RMS = 0.00518474, max = 0.0130617 (L_Shank_Lateral)
[2026-07-21 00:29:09.877] [info] Frame 246 (t = 2.46):	 total squared error = 0.000800530, marker error: RMS = 0.00544511, max = 0.0146828 (L_Shank_Lateral)
[2026-07-21 00:29:09.964] [info] Frame 247 (t = 2.47):	 total squared error = 0.000875586, marker error: RMS = 0.00569466, max = 0.0161767 (L_Shank_Lateral)
[2026-07-21 00:29:10.027] [info] Frame 248 (t = 2.48):	 total squared error = 0.000952371, marker error: RMS = 0.00593911, max = 0.0172604 (L_Shank_Lateral)
[2026-07-21 00:29:10.087] [info] Frame 249 (t = 2.49):	 total squared error = 0.00102516, marker error: RMS = 0.00616190, max = 0.0187371 (L_Shank_Lateral)
[2026-07-21 00:29:10.163] [info] Frame 250 (t = 2.5):	 total squared error = 0.00108399, marker error: RMS = 0.00633623, max = 0.0205071 (L_Shank_Lateral)
[2026-07-21 00:29:10.215] [info] Frame 251 (t = 2.51):	 total squared error = 0.00112396, marker error: RMS = 0.00645200, max = 0.0211398 (L_Shank_Lateral)
[2026-07-21 00:29:10.287] [info] Frame 252 (t = 2.52):	 total squared error = 0.00113162, marker error: RMS = 0.00647394, max = 0.0216717 (L_Shank_Lateral)
[2026-07-21 00:29:10.333] [info] Frame 253 (t = 2.53):	 total squared error = 0.00110676, marker error: RMS = 0.00640243, max = 0.0214091 (L_Shank_Lateral)
[2026-07-21 00:29:10.380] [info] Frame 254 (t = 2.54):	 total squared error = 0.00105296, marker error: RMS = 0.00624488, max = 0.0205689 (L_Shank_Lateral)
[2026-07-21 00:29:10.444] [info] Frame 255 (t = 2.55):	 total squared error = 0.000976865, marker error: RMS = 0.00601500, max = 0.0194175 (L_Shank_Lateral)
[2026-07-21 00:29:10.536] [info] Frame 256 (t = 2.56):	 total squared error = 0.000890755, marker error: RMS = 0.00574377, max = 0.0182527 (L_Shank_Lateral)
[2026-07-21 00:29:10.595] [info] Frame 257 (t = 2.57):	 total squared error = 0.000814220, marker error: RMS = 0.00549147, max = 0.0167721 (L_Shank_Lateral)
[2026-07-21 00:29:10.659] [info] Frame 258 (t = 2.58):	 total squared error = 0.000744263, marker error: RMS = 0.00525027, max = 0.0154553 (L_Shank_Lateral)
[2026-07-21 00:29:10.745] [info] Frame 259 (t = 2.59):	 total squared error = 0.000686535, marker error: RMS = 0.00504254, max = 0.0143543 (L_Shank_Lateral)
[2026-07-21 00:29:10.810] [info] Frame 260 (t = 2.6):	 total squared error = 0.000647931, marker error: RMS = 0.00489872, max = 0.0135647 (L_Shank_Lateral)
[2026-07-21 00:29:10.856] [info] Frame 261 (t = 2.61):	 total squared error = 0.000642767, marker error: RMS = 0.00487916, max = 0.0132328 (L_Shank_Lateral)
[2026-07-21 00:29:10.945] [info] Frame 262 (t = 2.62):	 total squared error = 0.000597991, marker error: RMS = 0.00470615, max = 0.0126485 (L_Shank_Lateral)
[2026-07-21 00:29:11.060] [info] Frame 263 (t = 2.63):	 total squared error = 0.000589555, marker error: RMS = 0.00467283, max = 0.0123072 (L_Shank_Lateral)
[2026-07-21 00:29:11.125] [info] Frame 264 (t = 2.64):	 total squared error = 0.000590868, marker error: RMS = 0.00467803, max = 0.0121938 (L_Shank_Lateral)
[2026-07-21 00:29:11.209] [info] Frame 265 (t = 2.65):	 total squared error = 0.000591028, marker error: RMS = 0.00467867, max = 0.0118009 (L_Shank_Lateral)
[2026-07-21 00:29:11.282] [info] Frame 266 (t = 2.66):	 total squared error = 0.000588626, marker error: RMS = 0.00466915, max = 0.0110978 (L_Shank_Lateral)
[2026-07-21 00:29:11.360] [info] Frame 267 (t = 2.67):	 total squared error = 0.000581456, marker error: RMS = 0.00464063, max = 0.0100490 (L_Shank_Lateral)
[2026-07-21 00:29:11.411] [info] Frame 268 (t = 2.68):	 total squared error = 0.000580294, marker error: RMS = 0.00463599, max = 0.00960132 (R_Shank_Lateral)
[2026-07-21 00:29:11.486] [info] Frame 269 (t = 2.69):	 total squared error = 0.000561844, marker error: RMS = 0.00456169, max = 0.0103298 (R_Shank_Lateral)
[2026-07-21 00:29:11.547] [info] Frame 270 (t = 2.7):	 total squared error = 0.000559548, marker error: RMS = 0.00455236, max = 0.0104918 (R_Shank_Lateral)
[2026-07-21 00:29:11.603] [info] Frame 271 (t = 2.71):	 total squared error = 0.000563452, marker error: RMS = 0.00456821, max = 0.0108905 (R_Shank_Lateral)
[2026-07-21 00:29:11.656] [info] Frame 272 (t = 2.72):	 total squared error = 0.000585582, marker error: RMS = 0.00465706, max = 0.0110920 (R_Shank_Lateral)
[2026-07-21 00:29:11.743] [info] Frame 273 (t = 2.73):	 total squared error = 0.000617158, marker error: RMS = 0.00478097, max = 0.0114063 (R_Shank_Lateral)
[2026-07-21 00:29:11.803] [info] Frame 274 (t = 2.74):	 total squared error = 0.000663929, marker error: RMS = 0.00495883, max = 0.0114952 (R_Shank_Lateral)
[2026-07-21 00:29:11.870] [info] Frame 275 (t = 2.75):	 total squared error = 0.000713974, marker error: RMS = 0.00514232, max = 0.0115835 (R_Shank_Lateral)
[2026-07-21 00:29:11.908] [info] Frame 276 (t = 2.76):	 total squared error = 0.000767138, marker error: RMS = 0.00533034, max = 0.0116189 (R_Shank_Lateral)
[2026-07-21 00:29:11.992] [info] Frame 277 (t = 2.77):	 total squared error = 0.000793368, marker error: RMS = 0.00542070, max = 0.0116527 (L_Thigh_Lateral)
[2026-07-21 00:29:12.027] [info] Frame 278 (t = 2.78):	 total squared error = 0.000820179, marker error: RMS = 0.00551153, max = 0.0120115 (L_Thigh_Lateral)
[2026-07-21 00:29:12.064] [info] Frame 279 (t = 2.79):	 total squared error = 0.000835116, marker error: RMS = 0.00556149, max = 0.0121965 (L_Thigh_Lateral)
[2026-07-21 00:29:12.120] [info] Frame 280 (t = 2.8):	 total squared error = 0.000836874, marker error: RMS = 0.00556735, max = 0.0119305 (L_Thigh_Lateral)
[2026-07-21 00:29:12.175] [info] Frame 281 (t = 2.81):	 total squared error = 0.000838164, marker error: RMS = 0.00557163, max = 0.0115196 (L_Thigh_Lateral)
[2026-07-21 00:29:12.207] [info] Frame 282 (t = 2.82):	 total squared error = 0.000847001, marker error: RMS = 0.00560093, max = 0.0112309 (L_Thigh_Lateral)
[2026-07-21 00:29:12.279] [info] Frame 283 (t = 2.83):	 total squared error = 0.000852777, marker error: RMS = 0.00562000, max = 0.0104928 (L_Asis)
[2026-07-21 00:29:12.312] [info] Frame 284 (t = 2.84):	 total squared error = 0.000876606, marker error: RMS = 0.00569797, max = 0.0112058 (L_Asis)
[2026-07-21 00:29:12.380] [info] Frame 285 (t = 2.85):	 total squared error = 0.000911574, marker error: RMS = 0.00581051, max = 0.0121966 (L_Asis)
[2026-07-21 00:29:12.434] [info] Frame 286 (t = 2.86):	 total squared error = 0.000955939, marker error: RMS = 0.00595022, max = 0.0129579 (L_Asis)
[2026-07-21 00:29:12.487] [info] Frame 287 (t = 2.87):	 total squared error = 0.00100079, marker error: RMS = 0.00608822, max = 0.0136862 (L_Asis)
[2026-07-21 00:29:12.578] [info] Frame 288 (t = 2.88):	 total squared error = 0.00103067, marker error: RMS = 0.00617843, max = 0.0143101 (L_Asis)
[2026-07-21 00:29:12.617] [info] Frame 289 (t = 2.89):	 total squared error = 0.00105009, marker error: RMS = 0.00623637, max = 0.014544 (L_Asis)
[2026-07-21 00:29:12.662] [info] Frame 290 (t = 2.9):	 total squared error = 0.00104888, marker error: RMS = 0.00623278, max = 0.0147214 (L_Asis)
[2026-07-21 00:29:12.713] [info] Frame 291 (t = 2.91):	 total squared error = 0.00101666, marker error: RMS = 0.00613628, max = 0.0146474 (L_Asis)
[2026-07-21 00:29:12.757] [info] Frame 292 (t = 2.92):	 total squared error = 0.000957766, marker error: RMS = 0.00595590, max = 0.0142811 (L_Asis)
[2026-07-21 00:29:12.810] [info] Frame 293 (t = 2.93):	 total squared error = 0.000880891, marker error: RMS = 0.00571188, max = 0.0135577 (L_Asis)
[2026-07-21 00:29:12.897] [info] Frame 294 (t = 2.94):	 total squared error = 0.000780456, marker error: RMS = 0.00537641, max = 0.0126399 (R_Asis)
[2026-07-21 00:29:12.952] [info] Frame 295 (t = 2.95):	 total squared error = 0.000696887, marker error: RMS = 0.00508041, max = 0.0120360 (R_Asis)
[2026-07-21 00:29:12.966] [info] InverseKinematicsTool completed 256 frames in 17 second(s).
[2026-07-21 00:29:13.076] [info] Loaded model TCV09-scaled from file C:\Users\migue\Downloads\TFG\2_JMP\TVC09\Walk_2\TVC09_2_JMP_results\TVC09_2_NMSM_JMP_05_torso.osim
[2026-07-21 00:29:14.804] [warning] Coordinate.setValue:  coordinate pro_sup_r is locked. Unable to change its value.
[2026-07-21 00:29:14.923] [warning] Coordinate.setValue:  coordinate pro_sup_l is locked. Unable to change its value.
[2026-07-21 00:31:19.439] [info] Loaded model TCV09-scaled from file C:\Users\migue\Downloads\TFG\2_JMP\TVC09\Walk_2\TVC09_2_JMP_results\TVC09_2_NMSM_JMP_06_shoulder_elbow.osim
[2026-07-21 00:31:19.488] [cout] [info] 
               MODEL: TCV09-scaled
         coordinates: 41
              forces: 103
           actuators: 103
             muscles: 86
            analyses: 0
              probes: 0
              bodies: 24
              joints: 24
         constraints: 2
             markers: 27
         controllers: 0
  contact geometries: 0
misc modelcomponents: 0
[2026-07-21 00:31:19.488] [info] Running tool .
[2026-07-21 00:31:19.777] [info] Frame 40 (t = 0.4):	 total squared error = 0.000891508, marker error: RMS = 0.00574620, max = 0.0141042 (L_Thigh_Lateral)
[2026-07-21 00:31:19.807] [info] Frame 41 (t = 0.41):	 total squared error = 0.000917562, marker error: RMS = 0.00582956, max = 0.0143431 (L_Thigh_Lateral)
[2026-07-21 00:31:19.849] [info] Frame 42 (t = 0.42):	 total squared error = 0.000911137, marker error: RMS = 0.00580911, max = 0.0140026 (L_Thigh_Lateral)
[2026-07-21 00:31:19.890] [info] Frame 43 (t = 0.43):	 total squared error = 0.000883660, marker error: RMS = 0.00572085, max = 0.0130732 (L_Thigh_Lateral)
[2026-07-21 00:31:19.944] [info] Frame 44 (t = 0.44):	 total squared error = 0.000843364, marker error: RMS = 0.00558889, max = 0.0115237 (L_Thigh_Lateral)
[2026-07-21 00:31:19.986] [info] Frame 45 (t = 0.45):	 total squared error = 0.000794228, marker error: RMS = 0.00542364, max = 0.0100199 (L_Thigh_Lateral)
[2026-07-21 00:31:20.079] [info] Frame 46 (t = 0.46):	 total squared error = 0.000740342, marker error: RMS = 0.00523642, max = 0.00989867 (Sternum)
[2026-07-21 00:31:20.129] [info] Frame 47 (t = 0.47):	 total squared error = 0.000697693, marker error: RMS = 0.00508335, max = 0.00992729 (Sternum)
[2026-07-21 00:31:20.206] [info] Frame 48 (t = 0.48):	 total squared error = 0.000662741, marker error: RMS = 0.00495439, max = 0.00982476 (Sternum)
[2026-07-21 00:31:20.252] [info] Frame 49 (t = 0.49):	 total squared error = 0.000641824, marker error: RMS = 0.00487558, max = 0.00977972 (Sternum)
[2026-07-21 00:31:20.308] [info] Frame 50 (t = 0.5):	 total squared error = 0.000629229, marker error: RMS = 0.00482750, max = 0.00960701 (Sternum)
[2026-07-21 00:31:20.368] [info] Frame 51 (t = 0.51):	 total squared error = 0.000612767, marker error: RMS = 0.00476393, max = 0.00937481 (Sternum)
[2026-07-21 00:31:20.410] [info] Frame 52 (t = 0.52):	 total squared error = 0.000593143, marker error: RMS = 0.00468703, max = 0.00895169 (Sternum)
[2026-07-21 00:31:20.456] [info] Frame 53 (t = 0.53):	 total squared error = 0.000568641, marker error: RMS = 0.00458920, max = 0.00871120 (L_Asis)
[2026-07-21 00:31:20.503] [info] Frame 54 (t = 0.54):	 total squared error = 0.000538391, marker error: RMS = 0.00446547, max = 0.00840590 (L_Asis)
[2026-07-21 00:31:20.553] [info] Frame 55 (t = 0.55):	 total squared error = 0.000504155, marker error: RMS = 0.00432116, max = 0.00791337 (L_Asis)
[2026-07-21 00:31:20.609] [info] Frame 56 (t = 0.56):	 total squared error = 0.000467340, marker error: RMS = 0.00416039, max = 0.00796299 (R_Asis)
[2026-07-21 00:31:20.650] [info] Frame 57 (t = 0.57):	 total squared error = 0.000434713, marker error: RMS = 0.00401254, max = 0.00771410 (R_Asis)
[2026-07-21 00:31:20.701] [info] Frame 58 (t = 0.58):	 total squared error = 0.000408551, marker error: RMS = 0.00388993, max = 0.00783684 (R_Ankle_Lateral)
[2026-07-21 00:31:20.743] [info] Frame 59 (t = 0.59):	 total squared error = 0.000387328, marker error: RMS = 0.00378754, max = 0.00796767 (R_Ankle_Lateral)
[2026-07-21 00:31:20.798] [info] Frame 60 (t = 0.6):	 total squared error = 0.000371562, marker error: RMS = 0.00370966, max = 0.00799324 (R_Ankle_Lateral)
[2026-07-21 00:31:20.860] [info] Frame 61 (t = 0.61):	 total squared error = 0.000365226, marker error: RMS = 0.00367789, max = 0.00799437 (R_Ankle_Lateral)
[2026-07-21 00:31:20.928] [info] Frame 62 (t = 0.62):	 total squared error = 0.000364366, marker error: RMS = 0.00367356, max = 0.00798686 (R_Ankle_Lateral)
[2026-07-21 00:31:20.995] [info] Frame 63 (t = 0.63):	 total squared error = 0.000372150, marker error: RMS = 0.00371259, max = 0.00814929 (R_Shank_Lateral)
[2026-07-21 00:31:21.048] [info] Frame 64 (t = 0.64):	 total squared error = 0.000390509, marker error: RMS = 0.00380306, max = 0.00889621 (R_Shank_Lateral)
[2026-07-21 00:31:21.107] [info] Frame 65 (t = 0.65):	 total squared error = 0.000418640, marker error: RMS = 0.00393766, max = 0.00960859 (R_Shank_Lateral)
[2026-07-21 00:31:21.196] [info] Frame 66 (t = 0.66):	 total squared error = 0.000455839, marker error: RMS = 0.00410889, max = 0.0104392 (R_Shank_Lateral)
[2026-07-21 00:31:21.261] [info] Frame 67 (t = 0.67):	 total squared error = 0.000498488, marker error: RMS = 0.00429680, max = 0.0111435 (R_Shank_Lateral)
[2026-07-21 00:31:21.309] [info] Frame 68 (t = 0.68):	 total squared error = 0.000546194, marker error: RMS = 0.00449771, max = 0.011825 (R_Shank_Lateral)
[2026-07-21 00:31:21.379] [info] Frame 69 (t = 0.69):	 total squared error = 0.000595687, marker error: RMS = 0.00469707, max = 0.0127412 (R_Shank_Lateral)
[2026-07-21 00:31:21.429] [info] Frame 70 (t = 0.7):	 total squared error = 0.000651767, marker error: RMS = 0.00491320, max = 0.0135107 (R_Shank_Lateral)
[2026-07-21 00:31:21.492] [info] Frame 71 (t = 0.71):	 total squared error = 0.000713288, marker error: RMS = 0.00513985, max = 0.0145421 (R_Shank_Lateral)
[2026-07-21 00:31:21.538] [info] Frame 72 (t = 0.72):	 total squared error = 0.000784552, marker error: RMS = 0.00539050, max = 0.0157727 (R_Shank_Lateral)
[2026-07-21 00:31:21.599] [info] Frame 73 (t = 0.73):	 total squared error = 0.000860838, marker error: RMS = 0.00564649, max = 0.0172993 (R_Shank_Lateral)
[2026-07-21 00:31:21.645] [info] Frame 74 (t = 0.74):	 total squared error = 0.000950499, marker error: RMS = 0.00593327, max = 0.0188148 (R_Shank_Lateral)
[2026-07-21 00:31:21.688] [info] Frame 75 (t = 0.75):	 total squared error = 0.00104680, marker error: RMS = 0.00622658, max = 0.0203506 (R_Shank_Lateral)
[2026-07-21 00:31:21.739] [info] Frame 76 (t = 0.76):	 total squared error = 0.00114298, marker error: RMS = 0.00650635, max = 0.0219494 (R_Shank_Lateral)
[2026-07-21 00:31:21.795] [info] Frame 77 (t = 0.77):	 total squared error = 0.00123896, marker error: RMS = 0.00677403, max = 0.0234345 (R_Shank_Lateral)
[2026-07-21 00:31:21.848] [info] Frame 78 (t = 0.78):	 total squared error = 0.00132777, marker error: RMS = 0.00701261, max = 0.0246664 (R_Shank_Lateral)
[2026-07-21 00:31:21.894] [info] Frame 79 (t = 0.79):	 total squared error = 0.00140033, marker error: RMS = 0.00720167, max = 0.0256193 (R_Shank_Lateral)
[2026-07-21 00:31:21.956] [info] Frame 80 (t = 0.8):	 total squared error = 0.00144982, marker error: RMS = 0.00732784, max = 0.0262255 (R_Shank_Lateral)
[2026-07-21 00:31:22.008] [info] Frame 81 (t = 0.81):	 total squared error = 0.00147782, marker error: RMS = 0.00739826, max = 0.0265776 (R_Shank_Lateral)
[2026-07-21 00:31:22.054] [info] Frame 82 (t = 0.82):	 total squared error = 0.00148128, marker error: RMS = 0.00740691, max = 0.0265495 (R_Shank_Lateral)
[2026-07-21 00:31:22.102] [info] Frame 83 (t = 0.83):	 total squared error = 0.00146305, marker error: RMS = 0.00736119, max = 0.0262376 (R_Shank_Lateral)
[2026-07-21 00:31:22.144] [info] Frame 84 (t = 0.84):	 total squared error = 0.00143291, marker error: RMS = 0.00728496, max = 0.0257387 (R_Shank_Lateral)
[2026-07-21 00:31:22.205] [info] Frame 85 (t = 0.85):	 total squared error = 0.00138894, marker error: RMS = 0.00717231, max = 0.0249937 (R_Shank_Lateral)
[2026-07-21 00:31:22.237] [info] Frame 86 (t = 0.86):	 total squared error = 0.00134997, marker error: RMS = 0.00707098, max = 0.0242134 (R_Shank_Lateral)
[2026-07-21 00:31:22.295] [info] Frame 87 (t = 0.87):	 total squared error = 0.00130433, marker error: RMS = 0.00695043, max = 0.0234068 (R_Shank_Lateral)
[2026-07-21 00:31:22.332] [info] Frame 88 (t = 0.88):	 total squared error = 0.00127241, marker error: RMS = 0.00686486, max = 0.022713 (R_Shank_Lateral)
[2026-07-21 00:31:22.393] [info] Frame 89 (t = 0.89):	 total squared error = 0.00123565, marker error: RMS = 0.00676496, max = 0.0218274 (R_Shank_Lateral)
[2026-07-21 00:31:22.480] [info] Frame 90 (t = 0.9):	 total squared error = 0.00120530, marker error: RMS = 0.00668137, max = 0.0209831 (R_Shank_Lateral)
[2026-07-21 00:31:22.527] [info] Frame 91 (t = 0.91):	 total squared error = 0.00117710, marker error: RMS = 0.00660274, max = 0.0203998 (R_Shank_Lateral)
[2026-07-21 00:31:22.599] [info] Frame 92 (t = 0.92):	 total squared error = 0.00113745, marker error: RMS = 0.00649059, max = 0.0192115 (R_Shank_Lateral)
[2026-07-21 00:31:22.654] [info] Frame 93 (t = 0.93):	 total squared error = 0.00109392, marker error: RMS = 0.00636517, max = 0.0183117 (R_Shank_Lateral)
[2026-07-21 00:31:22.775] [info] Frame 94 (t = 0.94):	 total squared error = 0.00103495, marker error: RMS = 0.00619125, max = 0.0169273 (R_Shank_Lateral)
[2026-07-21 00:31:22.836] [info] Frame 95 (t = 0.95):	 total squared error = 0.000973452, marker error: RMS = 0.00600448, max = 0.0158501 (R_Shank_Lateral)
[2026-07-21 00:31:22.929] [info] Frame 96 (t = 0.96):	 total squared error = 0.000893175, marker error: RMS = 0.00575157, max = 0.0138048 (R_Shank_Lateral)
[2026-07-21 00:31:23.036] [info] Frame 97 (t = 0.97):	 total squared error = 0.000813308, marker error: RMS = 0.00548840, max = 0.0119298 (R_Shank_Lateral)
[2026-07-21 00:31:23.109] [info] Frame 98 (t = 0.98):	 total squared error = 0.000744662, marker error: RMS = 0.00525167, max = 0.0106676 (R_Thigh_Lateral)
[2026-07-21 00:31:23.200] [info] Frame 99 (t = 0.99):	 total squared error = 0.000676057, marker error: RMS = 0.00500391, max = 0.0102402 (R_Thigh_Lateral)
[2026-07-21 00:31:23.280] [info] Frame 100 (t = 1.0):	 total squared error = 0.000624783, marker error: RMS = 0.00481042, max = 0.0102262 (L_Thigh_Lateral)
[2026-07-21 00:31:23.390] [info] Frame 101 (t = 1.01):	 total squared error = 0.000589785, marker error: RMS = 0.00467375, max = 0.0103845 (L_Thigh_Lateral)
[2026-07-21 00:31:23.466] [info] Frame 102 (t = 1.02):	 total squared error = 0.000579582, marker error: RMS = 0.00463314, max = 0.0104435 (L_Thigh_Lateral)
[2026-07-21 00:31:23.526] [info] Frame 103 (t = 1.03):	 total squared error = 0.000594368, marker error: RMS = 0.00469187, max = 0.0106061 (L_Thigh_Lateral)
[2026-07-21 00:31:23.598] [info] Frame 104 (t = 1.04):	 total squared error = 0.000615723, marker error: RMS = 0.00477541, max = 0.0109360 (R_Thigh_Lateral)
[2026-07-21 00:31:23.662] [info] Frame 105 (t = 1.05):	 total squared error = 0.000656998, marker error: RMS = 0.00493288, max = 0.0118499 (R_Thigh_Lateral)
[2026-07-21 00:31:23.724] [info] Frame 106 (t = 1.06):	 total squared error = 0.000706259, marker error: RMS = 0.00511446, max = 0.0127944 (R_Thigh_Lateral)
[2026-07-21 00:31:23.787] [info] Frame 107 (t = 1.07):	 total squared error = 0.000761489, marker error: RMS = 0.00531068, max = 0.0138334 (R_Thigh_Lateral)
[2026-07-21 00:31:23.820] [info] Frame 108 (t = 1.08):	 total squared error = 0.000834320, marker error: RMS = 0.00555885, max = 0.0150581 (R_Thigh_Lateral)
[2026-07-21 00:31:23.872] [info] Frame 109 (t = 1.09):	 total squared error = 0.000855441, marker error: RMS = 0.00562877, max = 0.0156019 (R_Thigh_Lateral)
[2026-07-21 00:31:23.938] [info] Frame 110 (t = 1.1):	 total squared error = 0.000869811, marker error: RMS = 0.00567585, max = 0.0160422 (R_Thigh_Lateral)
[2026-07-21 00:31:24.004] [info] Frame 111 (t = 1.11):	 total squared error = 0.000855647, marker error: RMS = 0.00562944, max = 0.0159647 (R_Thigh_Lateral)
[2026-07-21 00:31:24.034] [info] Frame 112 (t = 1.12):	 total squared error = 0.000811609, marker error: RMS = 0.00548266, max = 0.0149523 (R_Thigh_Lateral)
[2026-07-21 00:31:24.074] [info] Frame 113 (t = 1.13):	 total squared error = 0.000721776, marker error: RMS = 0.00517034, max = 0.0136109 (R_Thigh_Lateral)
[2026-07-21 00:31:24.142] [info] Frame 114 (t = 1.14):	 total squared error = 0.000613605, marker error: RMS = 0.00476719, max = 0.0113291 (R_Thigh_Lateral)
[2026-07-21 00:31:24.208] [info] Frame 115 (t = 1.15):	 total squared error = 0.000510570, marker error: RMS = 0.00434856, max = 0.00986909 (L_Thigh_Lateral)
[2026-07-21 00:31:24.245] [info] Frame 116 (t = 1.16):	 total squared error = 0.000428554, marker error: RMS = 0.00398401, max = 0.00960442 (L_Thigh_Lateral)
[2026-07-21 00:31:24.313] [info] Frame 117 (t = 1.17):	 total squared error = 0.000387456, marker error: RMS = 0.00378817, max = 0.00913658 (L_Thigh_Lateral)
[2026-07-21 00:31:24.412] [info] Frame 118 (t = 1.18):	 total squared error = 0.000380983, marker error: RMS = 0.00375639, max = 0.00879706 (L_Thigh_Lateral)
[2026-07-21 00:31:24.513] [info] Frame 119 (t = 1.19):	 total squared error = 0.000408323, marker error: RMS = 0.00388884, max = 0.00885704 (L_Thigh_Lateral)
[2026-07-21 00:31:24.599] [info] Frame 120 (t = 1.2):	 total squared error = 0.000464517, marker error: RMS = 0.00414781, max = 0.00926320 (L_Thigh_Lateral)
[2026-07-21 00:31:24.667] [info] Frame 121 (t = 1.21):	 total squared error = 0.000538095, marker error: RMS = 0.00446424, max = 0.0100333 (L_Thigh_Lateral)
[2026-07-21 00:31:24.729] [info] Frame 122 (t = 1.22):	 total squared error = 0.000620582, marker error: RMS = 0.00479422, max = 0.0112785 (L_Shank_Lateral)
[2026-07-21 00:31:24.783] [info] Frame 123 (t = 1.23):	 total squared error = 0.000698204, marker error: RMS = 0.00508522, max = 0.0129326 (L_Shank_Lateral)
[2026-07-21 00:31:24.838] [info] Frame 124 (t = 1.24):	 total squared error = 0.000761657, marker error: RMS = 0.00531126, max = 0.0143702 (L_Shank_Lateral)
[2026-07-21 00:31:24.900] [info] Frame 125 (t = 1.25):	 total squared error = 0.000798687, marker error: RMS = 0.00543884, max = 0.0153758 (L_Shank_Lateral)
[2026-07-21 00:31:24.954] [info] Frame 126 (t = 1.26):	 total squared error = 0.000815547, marker error: RMS = 0.00549595, max = 0.015612 (L_Shank_Lateral)
[2026-07-21 00:31:25.029] [info] Frame 127 (t = 1.27):	 total squared error = 0.000796894, marker error: RMS = 0.00543273, max = 0.0163079 (L_Shank_Lateral)
[2026-07-21 00:31:25.182] [info] Frame 128 (t = 1.28):	 total squared error = 0.000769474, marker error: RMS = 0.00533845, max = 0.0161977 (L_Shank_Lateral)
[2026-07-21 00:31:25.240] [info] Frame 129 (t = 1.29):	 total squared error = 0.000741347, marker error: RMS = 0.00523997, max = 0.0155885 (L_Shank_Lateral)
[2026-07-21 00:31:25.315] [info] Frame 130 (t = 1.3):	 total squared error = 0.000711756, marker error: RMS = 0.00513433, max = 0.0157888 (L_Shank_Lateral)
[2026-07-21 00:31:25.364] [info] Frame 131 (t = 1.31):	 total squared error = 0.000695773, marker error: RMS = 0.00507635, max = 0.0151427 (L_Shank_Lateral)
[2026-07-21 00:31:25.410] [info] Frame 132 (t = 1.32):	 total squared error = 0.000688766, marker error: RMS = 0.00505073, max = 0.0148819 (L_Shank_Lateral)
[2026-07-21 00:31:25.457] [info] Frame 133 (t = 1.33):	 total squared error = 0.000687452, marker error: RMS = 0.00504591, max = 0.0145822 (L_Shank_Lateral)
[2026-07-21 00:31:25.523] [info] Frame 134 (t = 1.34):	 total squared error = 0.000682152, marker error: RMS = 0.00502642, max = 0.0149059 (L_Shank_Lateral)
[2026-07-21 00:31:25.567] [info] Frame 135 (t = 1.35):	 total squared error = 0.000691272, marker error: RMS = 0.00505991, max = 0.0144381 (L_Shank_Lateral)
[2026-07-21 00:31:25.621] [info] Frame 136 (t = 1.36):	 total squared error = 0.000703219, marker error: RMS = 0.00510345, max = 0.0142125 (L_Shank_Lateral)
[2026-07-21 00:31:25.656] [info] Frame 137 (t = 1.37):	 total squared error = 0.000724164, marker error: RMS = 0.00517889, max = 0.0140431 (L_Shank_Lateral)
[2026-07-21 00:31:25.697] [info] Frame 138 (t = 1.38):	 total squared error = 0.000739000, marker error: RMS = 0.00523167, max = 0.0142301 (L_Shank_Lateral)
[2026-07-21 00:31:25.746] [info] Frame 139 (t = 1.39):	 total squared error = 0.000755714, marker error: RMS = 0.00529050, max = 0.0147378 (L_Shank_Lateral)
[2026-07-21 00:31:25.794] [info] Frame 140 (t = 1.4):	 total squared error = 0.000778346, marker error: RMS = 0.00536914, max = 0.0152565 (L_Shank_Lateral)
[2026-07-21 00:31:25.880] [info] Frame 141 (t = 1.41):	 total squared error = 0.000795179, marker error: RMS = 0.00542688, max = 0.0158809 (L_Shank_Lateral)
[2026-07-21 00:31:25.937] [info] Frame 142 (t = 1.42):	 total squared error = 0.000822607, marker error: RMS = 0.00551969, max = 0.0166503 (L_Shank_Lateral)
[2026-07-21 00:31:25.973] [info] Frame 143 (t = 1.43):	 total squared error = 0.000869854, marker error: RMS = 0.00567599, max = 0.0176417 (L_Shank_Lateral)
[2026-07-21 00:31:26.044] [info] Frame 144 (t = 1.44):	 total squared error = 0.000862911, marker error: RMS = 0.00565329, max = 0.017837 (L_Shank_Lateral)
[2026-07-21 00:31:26.114] [info] Frame 145 (t = 1.45):	 total squared error = 0.000871347, marker error: RMS = 0.00568085, max = 0.0178756 (L_Shank_Lateral)
[2026-07-21 00:31:26.175] [info] Frame 146 (t = 1.46):	 total squared error = 0.000871257, marker error: RMS = 0.00568056, max = 0.0179118 (L_Shank_Lateral)
[2026-07-21 00:31:26.234] [info] Frame 147 (t = 1.47):	 total squared error = 0.000849413, marker error: RMS = 0.00560890, max = 0.0174197 (L_Shank_Lateral)
[2026-07-21 00:31:26.329] [info] Frame 148 (t = 1.48):	 total squared error = 0.000802732, marker error: RMS = 0.00545260, max = 0.0160190 (L_Shank_Lateral)
[2026-07-21 00:31:26.396] [info] Frame 149 (t = 1.49):	 total squared error = 0.000735043, marker error: RMS = 0.00521765, max = 0.0145020 (L_Shank_Lateral)
[2026-07-21 00:31:26.467] [info] Frame 150 (t = 1.5):	 total squared error = 0.000652459, marker error: RMS = 0.00491580, max = 0.0123609 (L_Shank_Lateral)
[2026-07-21 00:31:26.556] [info] Frame 151 (t = 1.51):	 total squared error = 0.000568583, marker error: RMS = 0.00458897, max = 0.0103043 (R_Shank_Lateral)
[2026-07-21 00:31:26.612] [info] Frame 152 (t = 1.52):	 total squared error = 0.000502383, marker error: RMS = 0.00431356, max = 0.0102539 (R_Shank_Lateral)
[2026-07-21 00:31:26.712] [info] Frame 153 (t = 1.53):	 total squared error = 0.000459278, marker error: RMS = 0.00412436, max = 0.0104967 (R_Shank_Lateral)
[2026-07-21 00:31:26.812] [info] Frame 154 (t = 1.54):	 total squared error = 0.000455864, marker error: RMS = 0.00410900, max = 0.0106202 (R_Shank_Lateral)
[2026-07-21 00:31:26.865] [info] Frame 155 (t = 1.55):	 total squared error = 0.000490263, marker error: RMS = 0.00426121, max = 0.0106487 (R_Shank_Lateral)
[2026-07-21 00:31:26.895] [info] Frame 156 (t = 1.56):	 total squared error = 0.000585050, marker error: RMS = 0.00465495, max = 0.0107872 (R_Shank_Lateral)
[2026-07-21 00:31:26.986] [info] Frame 157 (t = 1.57):	 total squared error = 0.000611851, marker error: RMS = 0.00476037, max = 0.0110647 (R_Shank_Lateral)
[2026-07-21 00:31:27.044] [info] Frame 158 (t = 1.58):	 total squared error = 0.000677379, marker error: RMS = 0.00500880, max = 0.0111665 (R_Shank_Lateral)
[2026-07-21 00:31:27.097] [info] Frame 159 (t = 1.59):	 total squared error = 0.000730822, marker error: RMS = 0.00520264, max = 0.0117699 (L_Thigh_Lateral)
[2026-07-21 00:31:27.142] [info] Frame 160 (t = 1.6):	 total squared error = 0.000766581, marker error: RMS = 0.00532840, max = 0.0123237 (L_Thigh_Lateral)
[2026-07-21 00:31:27.187] [info] Frame 161 (t = 1.61):	 total squared error = 0.000787005, marker error: RMS = 0.00539892, max = 0.0126233 (L_Thigh_Lateral)
[2026-07-21 00:31:27.220] [info] Frame 162 (t = 1.62):	 total squared error = 0.000798386, marker error: RMS = 0.00543782, max = 0.01269 (L_Thigh_Lateral)
[2026-07-21 00:31:27.267] [info] Frame 163 (t = 1.63):	 total squared error = 0.000791325, marker error: RMS = 0.00541372, max = 0.0126345 (L_Thigh_Lateral)
[2026-07-21 00:31:27.299] [info] Frame 164 (t = 1.64):	 total squared error = 0.000791756, marker error: RMS = 0.00541519, max = 0.0125633 (L_Thigh_Lateral)
[2026-07-21 00:31:27.334] [info] Frame 165 (t = 1.65):	 total squared error = 0.000793519, marker error: RMS = 0.00542122, max = 0.012577 (L_Thigh_Lateral)
[2026-07-21 00:31:27.387] [info] Frame 166 (t = 1.66):	 total squared error = 0.000791460, marker error: RMS = 0.00541418, max = 0.0123535 (L_Thigh_Lateral)
[2026-07-21 00:31:27.417] [info] Frame 167 (t = 1.67):	 total squared error = 0.000808998, marker error: RMS = 0.00547384, max = 0.0125469 (L_Thigh_Lateral)
[2026-07-21 00:31:27.486] [info] Frame 168 (t = 1.68):	 total squared error = 0.000811468, marker error: RMS = 0.00548219, max = 0.0110516 (L_Thigh_Lateral)
[2026-07-21 00:31:27.517] [info] Frame 169 (t = 1.69):	 total squared error = 0.000839912, marker error: RMS = 0.00557744, max = 0.0114527 (L_Thigh_Lateral)
[2026-07-21 00:31:27.568] [info] Frame 170 (t = 1.7):	 total squared error = 0.000879210, marker error: RMS = 0.00570643, max = 0.0117524 (L_Thigh_Lateral)
[2026-07-21 00:31:27.645] [info] Frame 171 (t = 1.71):	 total squared error = 0.000912419, marker error: RMS = 0.00581320, max = 0.0113796 (L_Thigh_Lateral)
[2026-07-21 00:31:27.687] [info] Frame 172 (t = 1.72):	 total squared error = 0.000943407, marker error: RMS = 0.00591109, max = 0.0113359 (L_Thigh_Lateral)
[2026-07-21 00:31:27.737] [info] Frame 173 (t = 1.73):	 total squared error = 0.000958111, marker error: RMS = 0.00595698, max = 0.0121504 (L_Asis)
[2026-07-21 00:31:27.789] [info] Frame 174 (t = 1.74):	 total squared error = 0.000949447, marker error: RMS = 0.00592998, max = 0.0125089 (L_Asis)
[2026-07-21 00:31:27.851] [info] Frame 175 (t = 1.75):	 total squared error = 0.000916684, marker error: RMS = 0.00582677, max = 0.0128845 (L_Asis)
[2026-07-21 00:31:27.901] [info] Frame 176 (t = 1.76):	 total squared error = 0.000860836, marker error: RMS = 0.00564649, max = 0.0127806 (L_Asis)
[2026-07-21 00:31:27.993] [info] Frame 177 (t = 1.77):	 total squared error = 0.000764586, marker error: RMS = 0.00532146, max = 0.0113241 (L_Asis)
[2026-07-21 00:31:28.060] [info] Frame 178 (t = 1.78):	 total squared error = 0.000687595, marker error: RMS = 0.00504643, max = 0.0107174 (L_Asis)
[2026-07-21 00:31:28.160] [info] Frame 179 (t = 1.79):	 total squared error = 0.000604666, marker error: RMS = 0.00473234, max = 0.0105051 (R_Asis)
[2026-07-21 00:31:28.238] [info] Frame 180 (t = 1.8):	 total squared error = 0.000531896, marker error: RMS = 0.00443845, max = 0.0100793 (R_Asis)
[2026-07-21 00:31:28.311] [info] Frame 181 (t = 1.81):	 total squared error = 0.000466480, marker error: RMS = 0.00415657, max = 0.00952498 (R_Asis)
[2026-07-21 00:31:28.368] [info] Frame 182 (t = 1.82):	 total squared error = 0.000420443, marker error: RMS = 0.00394613, max = 0.00870993 (R_Asis)
[2026-07-21 00:31:28.434] [info] Frame 183 (t = 1.83):	 total squared error = 0.000395650, marker error: RMS = 0.00382802, max = 0.00793457 (R_Asis)
[2026-07-21 00:31:28.498] [info] Frame 184 (t = 1.84):	 total squared error = 0.000398701, marker error: RMS = 0.00384275, max = 0.00722773 (R_Asis)
[2026-07-21 00:31:28.606] [info] Frame 185 (t = 1.85):	 total squared error = 0.000427597, marker error: RMS = 0.00397956, max = 0.00764113 (R_Shank_Lateral)
[2026-07-21 00:31:28.673] [info] Frame 186 (t = 1.86):	 total squared error = 0.000474825, marker error: RMS = 0.00419358, max = 0.00900616 (R_Shank_Lateral)
[2026-07-21 00:31:28.748] [info] Frame 187 (t = 1.87):	 total squared error = 0.000529522, marker error: RMS = 0.00442854, max = 0.0103292 (R_Shank_Lateral)
[2026-07-21 00:31:28.832] [info] Frame 188 (t = 1.88):	 total squared error = 0.000580919, marker error: RMS = 0.00463848, max = 0.0115093 (R_Shank_Lateral)
[2026-07-21 00:31:28.885] [info] Frame 189 (t = 1.89):	 total squared error = 0.000622835, marker error: RMS = 0.00480291, max = 0.0123658 (R_Shank_Lateral)
[2026-07-21 00:31:28.977] [info] Frame 190 (t = 1.9):	 total squared error = 0.000649064, marker error: RMS = 0.00490300, max = 0.0134831 (R_Shank_Lateral)
[2026-07-21 00:31:29.044] [info] Frame 191 (t = 1.91):	 total squared error = 0.000673750, marker error: RMS = 0.00499537, max = 0.0139948 (R_Shank_Lateral)
[2026-07-21 00:31:29.098] [info] Frame 192 (t = 1.92):	 total squared error = 0.000703468, marker error: RMS = 0.00510435, max = 0.0147599 (R_Shank_Lateral)
[2026-07-21 00:31:29.171] [info] Frame 193 (t = 1.93):	 total squared error = 0.000737723, marker error: RMS = 0.00522715, max = 0.0158293 (R_Shank_Lateral)
[2026-07-21 00:31:29.233] [info] Frame 194 (t = 1.94):	 total squared error = 0.000788635, marker error: RMS = 0.00540451, max = 0.0167444 (R_Shank_Lateral)
[2026-07-21 00:31:29.326] [info] Frame 195 (t = 1.95):	 total squared error = 0.000843811, marker error: RMS = 0.00559037, max = 0.0178814 (R_Shank_Lateral)
[2026-07-21 00:31:29.396] [info] Frame 196 (t = 1.96):	 total squared error = 0.000908014, marker error: RMS = 0.00579915, max = 0.0189116 (R_Shank_Lateral)
[2026-07-21 00:31:29.461] [info] Frame 197 (t = 1.97):	 total squared error = 0.000972898, marker error: RMS = 0.00600277, max = 0.0199272 (R_Shank_Lateral)
[2026-07-21 00:31:29.523] [info] Frame 198 (t = 1.98):	 total squared error = 0.00103294, marker error: RMS = 0.00618522, max = 0.0208631 (R_Shank_Lateral)
[2026-07-21 00:31:29.573] [info] Frame 199 (t = 1.99):	 total squared error = 0.00108750, marker error: RMS = 0.00634648, max = 0.0216858 (R_Shank_Lateral)
[2026-07-21 00:31:29.632] [info] Frame 200 (t = 2.0):	 total squared error = 0.00113505, marker error: RMS = 0.00648374, max = 0.0223881 (R_Shank_Lateral)
[2026-07-21 00:31:29.677] [info] Frame 201 (t = 2.01):	 total squared error = 0.00118037, marker error: RMS = 0.00661190, max = 0.0229296 (R_Shank_Lateral)
[2026-07-21 00:31:29.724] [info] Frame 202 (t = 2.02):	 total squared error = 0.00121402, marker error: RMS = 0.00670550, max = 0.0234533 (R_Shank_Lateral)
[2026-07-21 00:31:29.780] [info] Frame 203 (t = 2.03):	 total squared error = 0.00124460, marker error: RMS = 0.00678942, max = 0.0238808 (R_Shank_Lateral)
[2026-07-21 00:31:29.840] [info] Frame 204 (t = 2.04):	 total squared error = 0.00127133, marker error: RMS = 0.00686195, max = 0.0242813 (R_Shank_Lateral)
[2026-07-21 00:31:29.872] [info] Frame 205 (t = 2.05):	 total squared error = 0.00130453, marker error: RMS = 0.00695097, max = 0.0246868 (R_Shank_Lateral)
[2026-07-21 00:31:29.962] [info] Frame 206 (t = 2.06):	 total squared error = 0.00131249, marker error: RMS = 0.00697215, max = 0.024931 (R_Shank_Lateral)
[2026-07-21 00:31:30.000] [info] Frame 207 (t = 2.07):	 total squared error = 0.00133652, marker error: RMS = 0.00703569, max = 0.0253487 (R_Shank_Lateral)
[2026-07-21 00:31:30.066] [info] Frame 208 (t = 2.08):	 total squared error = 0.00133968, marker error: RMS = 0.00704400, max = 0.0254389 (R_Shank_Lateral)
[2026-07-21 00:31:30.128] [info] Frame 209 (t = 2.09):	 total squared error = 0.00134065, marker error: RMS = 0.00704653, max = 0.025427 (R_Shank_Lateral)
[2026-07-21 00:31:30.180] [info] Frame 210 (t = 2.1):	 total squared error = 0.00133139, marker error: RMS = 0.00702217, max = 0.0254859 (R_Shank_Lateral)
[2026-07-21 00:31:30.256] [info] Frame 211 (t = 2.11):	 total squared error = 0.00129535, marker error: RMS = 0.00692646, max = 0.0247793 (R_Shank_Lateral)
[2026-07-21 00:31:30.347] [info] Frame 212 (t = 2.12):	 total squared error = 0.00123762, marker error: RMS = 0.00677036, max = 0.0238342 (R_Shank_Lateral)
[2026-07-21 00:31:30.399] [info] Frame 213 (t = 2.13):	 total squared error = 0.00115874, marker error: RMS = 0.00655105, max = 0.022818 (R_Shank_Lateral)
[2026-07-21 00:31:30.482] [info] Frame 214 (t = 2.14):	 total squared error = 0.00103802, marker error: RMS = 0.00620042, max = 0.0204904 (R_Shank_Lateral)
[2026-07-21 00:31:30.560] [info] Frame 215 (t = 2.15):	 total squared error = 0.000900067, marker error: RMS = 0.00577372, max = 0.0178476 (R_Shank_Lateral)
[2026-07-21 00:31:30.631] [info] Frame 216 (t = 2.16):	 total squared error = 0.000759066, marker error: RMS = 0.00530222, max = 0.0149959 (R_Shank_Lateral)
[2026-07-21 00:31:30.709] [info] Frame 217 (t = 2.17):	 total squared error = 0.000619886, marker error: RMS = 0.00479153, max = 0.0112091 (R_Shank_Lateral)
[2026-07-21 00:31:30.834] [info] Frame 218 (t = 2.18):	 total squared error = 0.000510014, marker error: RMS = 0.00434619, max = 0.0107498 (L_Thigh_Lateral)
[2026-07-21 00:31:30.932] [info] Frame 219 (t = 2.19):	 total squared error = 0.000456184, marker error: RMS = 0.00411044, max = 0.0109334 (L_Thigh_Lateral)
[2026-07-21 00:31:30.980] [info] Frame 220 (t = 2.2):	 total squared error = 0.000475025, marker error: RMS = 0.00419446, max = 0.0112048 (L_Thigh_Lateral)
[2026-07-21 00:31:31.069] [info] Frame 221 (t = 2.21):	 total squared error = 0.000526049, marker error: RMS = 0.00441399, max = 0.01141 (L_Thigh_Lateral)
[2026-07-21 00:31:31.150] [info] Frame 222 (t = 2.22):	 total squared error = 0.000635322, marker error: RMS = 0.00485082, max = 0.0116353 (L_Thigh_Lateral)
[2026-07-21 00:31:31.206] [info] Frame 223 (t = 2.23):	 total squared error = 0.000764165, marker error: RMS = 0.00532000, max = 0.0135332 (R_Thigh_Lateral)
[2026-07-21 00:31:31.281] [info] Frame 224 (t = 2.24):	 total squared error = 0.000858908, marker error: RMS = 0.00564016, max = 0.0149276 (R_Thigh_Lateral)
[2026-07-21 00:31:31.309] [info] Frame 225 (t = 2.25):	 total squared error = 0.000919965, marker error: RMS = 0.00583719, max = 0.0157427 (R_Thigh_Lateral)
[2026-07-21 00:31:31.358] [info] Frame 226 (t = 2.26):	 total squared error = 0.000885693, marker error: RMS = 0.00572743, max = 0.0152694 (R_Thigh_Lateral)
[2026-07-21 00:31:31.389] [info] Frame 227 (t = 2.27):	 total squared error = 0.000813760, marker error: RMS = 0.00548992, max = 0.0135166 (R_Thigh_Lateral)
[2026-07-21 00:31:31.446] [info] Frame 228 (t = 2.28):	 total squared error = 0.000693049, marker error: RMS = 0.00506641, max = 0.0120562 (L_Thigh_Lateral)
[2026-07-21 00:31:31.499] [info] Frame 229 (t = 2.29):	 total squared error = 0.000589209, marker error: RMS = 0.00467146, max = 0.0119026 (L_Thigh_Lateral)
[2026-07-21 00:31:31.577] [info] Frame 230 (t = 2.3):	 total squared error = 0.000515638, marker error: RMS = 0.00437009, max = 0.0116725 (L_Thigh_Lateral)
[2026-07-21 00:31:31.641] [info] Frame 231 (t = 2.31):	 total squared error = 0.000470182, marker error: RMS = 0.00417303, max = 0.0113334 (L_Thigh_Lateral)
[2026-07-21 00:31:31.693] [info] Frame 232 (t = 2.32):	 total squared error = 0.000445475, marker error: RMS = 0.00406190, max = 0.0109589 (L_Thigh_Lateral)
[2026-07-21 00:31:31.751] [info] Frame 233 (t = 2.33):	 total squared error = 0.000425902, marker error: RMS = 0.00397167, max = 0.0105377 (L_Thigh_Lateral)
[2026-07-21 00:31:31.806] [info] Frame 234 (t = 2.34):	 total squared error = 0.000402937, marker error: RMS = 0.00386311, max = 0.00995557 (L_Thigh_Lateral)
[2026-07-21 00:31:31.851] [info] Frame 235 (t = 2.35):	 total squared error = 0.000377819, marker error: RMS = 0.00374076, max = 0.00923090 (L_Thigh_Lateral)
[2026-07-21 00:31:31.915] [info] Frame 236 (t = 2.36):	 total squared error = 0.000357374, marker error: RMS = 0.00363814, max = 0.00835350 (L_Thigh_Lateral)
[2026-07-21 00:31:31.988] [info] Frame 237 (t = 2.37):	 total squared error = 0.000346776, marker error: RMS = 0.00358379, max = 0.00733296 (L_Thigh_Lateral)
[2026-07-21 00:31:32.044] [info] Frame 238 (t = 2.38):	 total squared error = 0.000349137, marker error: RMS = 0.00359597, max = 0.00792108 (L_Wrist)
[2026-07-21 00:31:32.102] [info] Frame 239 (t = 2.39):	 total squared error = 0.000366318, marker error: RMS = 0.00368339, max = 0.00812429 (L_Wrist)
[2026-07-21 00:31:32.171] [info] Frame 240 (t = 2.4):	 total squared error = 0.000397968, marker error: RMS = 0.00383921, max = 0.00841993 (L_Wrist)
[2026-07-21 00:31:32.231] [info] Frame 241 (t = 2.41):	 total squared error = 0.000446299, marker error: RMS = 0.00406566, max = 0.00873874 (L_Wrist)
[2026-07-21 00:31:32.285] [info] Frame 242 (t = 2.42):	 total squared error = 0.000507957, marker error: RMS = 0.00433742, max = 0.00895736 (L_Wrist)
[2026-07-21 00:31:32.354] [info] Frame 243 (t = 2.43):	 total squared error = 0.000575115, marker error: RMS = 0.00461525, max = 0.0104966 (L_Shank_Lateral)
[2026-07-21 00:31:32.413] [info] Frame 244 (t = 2.44):	 total squared error = 0.000652301, marker error: RMS = 0.00491521, max = 0.011699 (L_Shank_Lateral)
[2026-07-21 00:31:32.463] [info] Frame 245 (t = 2.45):	 total squared error = 0.000731808, marker error: RMS = 0.00520615, max = 0.0129508 (L_Shank_Lateral)
[2026-07-21 00:31:32.571] [info] Frame 246 (t = 2.46):	 total squared error = 0.000798948, marker error: RMS = 0.00543973, max = 0.0147797 (L_Shank_Lateral)
[2026-07-21 00:31:32.666] [info] Frame 247 (t = 2.47):	 total squared error = 0.000875647, marker error: RMS = 0.00569486, max = 0.0161588 (L_Shank_Lateral)
[2026-07-21 00:31:32.713] [info] Frame 248 (t = 2.48):	 total squared error = 0.000969896, marker error: RMS = 0.00599350, max = 0.0166372 (L_Shank_Lateral)
[2026-07-21 00:31:32.823] [info] Frame 249 (t = 2.49):	 total squared error = 0.00102274, marker error: RMS = 0.00615461, max = 0.0191198 (L_Shank_Lateral)
[2026-07-21 00:31:32.867] [info] Frame 250 (t = 2.5):	 total squared error = 0.00108581, marker error: RMS = 0.00634155, max = 0.0200323 (L_Shank_Lateral)
[2026-07-21 00:31:32.937] [info] Frame 251 (t = 2.51):	 total squared error = 0.00112374, marker error: RMS = 0.00645136, max = 0.0211936 (L_Shank_Lateral)
[2026-07-21 00:31:32.998] [info] Frame 252 (t = 2.52):	 total squared error = 0.00113282, marker error: RMS = 0.00647737, max = 0.0215949 (L_Shank_Lateral)
[2026-07-21 00:31:33.048] [info] Frame 253 (t = 2.53):	 total squared error = 0.00110877, marker error: RMS = 0.00640825, max = 0.0213016 (L_Shank_Lateral)
[2026-07-21 00:31:33.094] [info] Frame 254 (t = 2.54):	 total squared error = 0.00105636, marker error: RMS = 0.00625496, max = 0.0204232 (L_Shank_Lateral)
[2026-07-21 00:31:33.142] [info] Frame 255 (t = 2.55):	 total squared error = 0.000980748, marker error: RMS = 0.00602694, max = 0.0193015 (L_Shank_Lateral)
[2026-07-21 00:31:33.222] [info] Frame 256 (t = 2.56):	 total squared error = 0.000892010, marker error: RMS = 0.00574782, max = 0.0181683 (L_Shank_Lateral)
[2026-07-21 00:31:33.288] [info] Frame 257 (t = 2.57):	 total squared error = 0.000812875, marker error: RMS = 0.00548694, max = 0.0167634 (L_Shank_Lateral)
[2026-07-21 00:31:33.356] [info] Frame 258 (t = 2.58):	 total squared error = 0.000744357, marker error: RMS = 0.00525060, max = 0.0154515 (L_Shank_Lateral)
[2026-07-21 00:31:33.460] [info] Frame 259 (t = 2.59):	 total squared error = 0.000686514, marker error: RMS = 0.00504246, max = 0.0143533 (L_Shank_Lateral)
[2026-07-21 00:31:33.540] [info] Frame 260 (t = 2.6):	 total squared error = 0.000645266, marker error: RMS = 0.00488863, max = 0.0135566 (L_Shank_Lateral)
[2026-07-21 00:31:33.609] [info] Frame 261 (t = 2.61):	 total squared error = 0.000616747, marker error: RMS = 0.00477938, max = 0.0130512 (L_Shank_Lateral)
[2026-07-21 00:31:33.718] [info] Frame 262 (t = 2.62):	 total squared error = 0.000596596, marker error: RMS = 0.00470066, max = 0.0125609 (L_Shank_Lateral)
[2026-07-21 00:31:33.788] [info] Frame 263 (t = 2.63):	 total squared error = 0.000590722, marker error: RMS = 0.00467745, max = 0.0124287 (L_Shank_Lateral)
[2026-07-21 00:31:33.860] [info] Frame 264 (t = 2.64):	 total squared error = 0.000588922, marker error: RMS = 0.00467032, max = 0.0121268 (L_Shank_Lateral)
[2026-07-21 00:31:33.916] [info] Frame 265 (t = 2.65):	 total squared error = 0.000591016, marker error: RMS = 0.00467862, max = 0.0118248 (L_Shank_Lateral)
[2026-07-21 00:31:33.977] [info] Frame 266 (t = 2.66):	 total squared error = 0.000588704, marker error: RMS = 0.00466946, max = 0.0111586 (L_Shank_Lateral)
[2026-07-21 00:31:34.058] [info] Frame 267 (t = 2.67):	 total squared error = 0.000582103, marker error: RMS = 0.00464321, max = 0.0101607 (L_Shank_Lateral)
[2026-07-21 00:31:34.186] [info] Frame 268 (t = 2.68):	 total squared error = 0.000569687, marker error: RMS = 0.00459342, max = 0.0100732 (R_Shank_Lateral)
[2026-07-21 00:31:34.257] [info] Frame 269 (t = 2.69):	 total squared error = 0.000559570, marker error: RMS = 0.00455245, max = 0.0103677 (R_Shank_Lateral)
[2026-07-21 00:31:34.323] [info] Frame 270 (t = 2.7):	 total squared error = 0.000557022, marker error: RMS = 0.00454208, max = 0.0105212 (R_Shank_Lateral)
[2026-07-21 00:31:34.417] [info] Frame 271 (t = 2.71):	 total squared error = 0.000557975, marker error: RMS = 0.00454596, max = 0.0110244 (R_Shank_Lateral)
[2026-07-21 00:31:34.512] [info] Frame 272 (t = 2.72):	 total squared error = 0.000579073, marker error: RMS = 0.00463111, max = 0.0112362 (R_Shank_Lateral)
[2026-07-21 00:31:34.581] [info] Frame 273 (t = 2.73):	 total squared error = 0.000617534, marker error: RMS = 0.00478243, max = 0.0114013 (R_Shank_Lateral)
[2026-07-21 00:31:34.619] [info] Frame 274 (t = 2.74):	 total squared error = 0.000676783, marker error: RMS = 0.00500660, max = 0.0114538 (R_Shank_Lateral)
[2026-07-21 00:31:34.716] [info] Frame 275 (t = 2.75):	 total squared error = 0.000709677, marker error: RMS = 0.00512682, max = 0.0116617 (R_Shank_Lateral)
[2026-07-21 00:31:34.791] [info] Frame 276 (t = 2.76):	 total squared error = 0.000756075, marker error: RMS = 0.00529177, max = 0.0115544 (R_Shank_Lateral)
[2026-07-21 00:31:34.906] [info] Frame 277 (t = 2.77):	 total squared error = 0.000791309, marker error: RMS = 0.00541366, max = 0.0116202 (L_Thigh_Lateral)
[2026-07-21 00:31:34.957] [info] Frame 278 (t = 2.78):	 total squared error = 0.000818556, marker error: RMS = 0.00550608, max = 0.0120219 (L_Thigh_Lateral)
[2026-07-21 00:31:34.998] [info] Frame 279 (t = 2.79):	 total squared error = 0.000832775, marker error: RMS = 0.00555369, max = 0.0121584 (L_Thigh_Lateral)
[2026-07-21 00:31:35.049] [info] Frame 280 (t = 2.8):	 total squared error = 0.000835160, marker error: RMS = 0.00556164, max = 0.0120907 (L_Thigh_Lateral)
[2026-07-21 00:31:35.097] [info] Frame 281 (t = 2.81):	 total squared error = 0.000838342, marker error: RMS = 0.00557223, max = 0.0117302 (L_Thigh_Lateral)
[2026-07-21 00:31:35.123] [info] Frame 282 (t = 2.82):	 total squared error = 0.000851434, marker error: RMS = 0.00561557, max = 0.0114722 (L_Thigh_Lateral)
[2026-07-21 00:31:35.171] [info] Frame 283 (t = 2.83):	 total squared error = 0.000860435, marker error: RMS = 0.00564517, max = 0.0111555 (L_Thigh_Lateral)
[2026-07-21 00:31:35.310] [info] Frame 284 (t = 2.84):	 total squared error = 0.000873459, marker error: RMS = 0.00568773, max = 0.0114513 (L_Asis)
[2026-07-21 00:31:35.348] [info] Frame 285 (t = 2.85):	 total squared error = 0.000909212, marker error: RMS = 0.00580297, max = 0.0121336 (L_Asis)
[2026-07-21 00:31:35.408] [info] Frame 286 (t = 2.86):	 total squared error = 0.000954317, marker error: RMS = 0.00594517, max = 0.0130341 (L_Asis)
[2026-07-21 00:31:35.466] [info] Frame 287 (t = 2.87):	 total squared error = 0.000996642, marker error: RMS = 0.00607558, max = 0.0137991 (L_Asis)
[2026-07-21 00:31:35.519] [info] Frame 288 (t = 2.88):	 total squared error = 0.00103251, marker error: RMS = 0.00618395, max = 0.0142332 (L_Asis)
[2026-07-21 00:31:35.577] [info] Frame 289 (t = 2.89):	 total squared error = 0.00105297, marker error: RMS = 0.00624490, max = 0.0146301 (L_Asis)
[2026-07-21 00:31:35.664] [info] Frame 290 (t = 2.9):	 total squared error = 0.00104236, marker error: RMS = 0.00621337, max = 0.0146857 (L_Asis)
[2026-07-21 00:31:35.734] [info] Frame 291 (t = 2.91):	 total squared error = 0.00101058, marker error: RMS = 0.00611790, max = 0.0145395 (L_Asis)
[2026-07-21 00:31:35.791] [info] Frame 292 (t = 2.92):	 total squared error = 0.000952321, marker error: RMS = 0.00593895, max = 0.0141952 (L_Asis)
[2026-07-21 00:31:35.870] [info] Frame 293 (t = 2.93):	 total squared error = 0.000875987, marker error: RMS = 0.00569596, max = 0.0135169 (L_Asis)
[2026-07-21 00:31:36.006] [info] Frame 294 (t = 2.94):	 total squared error = 0.000777204, marker error: RMS = 0.00536520, max = 0.0126269 (R_Asis)
[2026-07-21 00:31:36.065] [info] Frame 295 (t = 2.95):	 total squared error = 0.000693903, marker error: RMS = 0.00506953, max = 0.0120558 (R_Asis)
[2026-07-21 00:31:36.079] [info] InverseKinematicsTool completed 256 frames in 16 second(s).
[2026-07-21 00:31:36.196] [info] Loaded model TCV09-scaled from file C:\Users\migue\Downloads\TFG\2_JMP\TVC09\Walk_2\TVC09_2_JMP_results\TVC09_2_NMSM_JMP_06_shoulder_elbow.osim
[2026-07-21 00:31:38.034] [warning] Coordinate.setValue:  coordinate pro_sup_r is locked. Unable to change its value.
[2026-07-21 00:31:38.161] [warning] Coordinate.setValue:  coordinate pro_sup_l is locked. Unable to change its value.
[2026-07-21 00:33:44.648] [info] Loaded model TCV09-scaled from file C:\Users\migue\Downloads\TFG\2_JMP\TVC09\Walk_2\TVC09_2_JMP_results\TVC09_2_NMSM_JMP_06_shoulder_elbow.osim
[2026-07-21 00:33:44.695] [cout] [info] 
               MODEL: TCV09-scaled
         coordinates: 41
              forces: 103
           actuators: 103
             muscles: 86
            analyses: 0
              probes: 0
              bodies: 24
              joints: 24
         constraints: 2
             markers: 27
         controllers: 0
  contact geometries: 0
misc modelcomponents: 0
[2026-07-21 00:33:44.695] [info] Running tool .
[2026-07-21 00:33:44.995] [info] Frame 40 (t = 0.4):	 total squared error = 0.000891508, marker error: RMS = 0.00574620, max = 0.0141042 (L_Thigh_Lateral)
[2026-07-21 00:33:45.025] [info] Frame 41 (t = 0.41):	 total squared error = 0.000917562, marker error: RMS = 0.00582956, max = 0.0143431 (L_Thigh_Lateral)
[2026-07-21 00:33:45.066] [info] Frame 42 (t = 0.42):	 total squared error = 0.000911137, marker error: RMS = 0.00580911, max = 0.0140026 (L_Thigh_Lateral)
[2026-07-21 00:33:45.110] [info] Frame 43 (t = 0.43):	 total squared error = 0.000883660, marker error: RMS = 0.00572085, max = 0.0130732 (L_Thigh_Lateral)
[2026-07-21 00:33:45.164] [info] Frame 44 (t = 0.44):	 total squared error = 0.000843364, marker error: RMS = 0.00558889, max = 0.0115237 (L_Thigh_Lateral)
[2026-07-21 00:33:45.209] [info] Frame 45 (t = 0.45):	 total squared error = 0.000794228, marker error: RMS = 0.00542364, max = 0.0100199 (L_Thigh_Lateral)
[2026-07-21 00:33:45.309] [info] Frame 46 (t = 0.46):	 total squared error = 0.000740342, marker error: RMS = 0.00523642, max = 0.00989867 (Sternum)
[2026-07-21 00:33:45.360] [info] Frame 47 (t = 0.47):	 total squared error = 0.000697693, marker error: RMS = 0.00508335, max = 0.00992729 (Sternum)
[2026-07-21 00:33:45.441] [info] Frame 48 (t = 0.48):	 total squared error = 0.000662741, marker error: RMS = 0.00495439, max = 0.00982476 (Sternum)
[2026-07-21 00:33:45.492] [info] Frame 49 (t = 0.49):	 total squared error = 0.000641824, marker error: RMS = 0.00487558, max = 0.00977972 (Sternum)
[2026-07-21 00:33:45.538] [info] Frame 50 (t = 0.5):	 total squared error = 0.000629229, marker error: RMS = 0.00482750, max = 0.00960701 (Sternum)
[2026-07-21 00:33:45.602] [info] Frame 51 (t = 0.51):	 total squared error = 0.000612767, marker error: RMS = 0.00476393, max = 0.00937481 (Sternum)
[2026-07-21 00:33:45.643] [info] Frame 52 (t = 0.52):	 total squared error = 0.000593143, marker error: RMS = 0.00468703, max = 0.00895169 (Sternum)
[2026-07-21 00:33:45.691] [info] Frame 53 (t = 0.53):	 total squared error = 0.000568641, marker error: RMS = 0.00458920, max = 0.00871120 (L_Asis)
[2026-07-21 00:33:45.740] [info] Frame 54 (t = 0.54):	 total squared error = 0.000538391, marker error: RMS = 0.00446547, max = 0.00840590 (L_Asis)
[2026-07-21 00:33:45.796] [info] Frame 55 (t = 0.55):	 total squared error = 0.000504155, marker error: RMS = 0.00432116, max = 0.00791337 (L_Asis)
[2026-07-21 00:33:45.867] [info] Frame 56 (t = 0.56):	 total squared error = 0.000467340, marker error: RMS = 0.00416039, max = 0.00796299 (R_Asis)
[2026-07-21 00:33:45.911] [info] Frame 57 (t = 0.57):	 total squared error = 0.000434713, marker error: RMS = 0.00401254, max = 0.00771410 (R_Asis)
[2026-07-21 00:33:45.996] [info] Frame 58 (t = 0.58):	 total squared error = 0.000408551, marker error: RMS = 0.00388993, max = 0.00783684 (R_Ankle_Lateral)
[2026-07-21 00:33:46.049] [info] Frame 59 (t = 0.59):	 total squared error = 0.000387328, marker error: RMS = 0.00378754, max = 0.00796767 (R_Ankle_Lateral)
[2026-07-21 00:33:46.114] [info] Frame 60 (t = 0.6):	 total squared error = 0.000371562, marker error: RMS = 0.00370966, max = 0.00799324 (R_Ankle_Lateral)
[2026-07-21 00:33:46.183] [info] Frame 61 (t = 0.61):	 total squared error = 0.000365226, marker error: RMS = 0.00367789, max = 0.00799437 (R_Ankle_Lateral)
[2026-07-21 00:33:46.258] [info] Frame 62 (t = 0.62):	 total squared error = 0.000364366, marker error: RMS = 0.00367356, max = 0.00798686 (R_Ankle_Lateral)
[2026-07-21 00:33:46.327] [info] Frame 63 (t = 0.63):	 total squared error = 0.000372150, marker error: RMS = 0.00371259, max = 0.00814929 (R_Shank_Lateral)
[2026-07-21 00:33:46.385] [info] Frame 64 (t = 0.64):	 total squared error = 0.000390509, marker error: RMS = 0.00380306, max = 0.00889621 (R_Shank_Lateral)
[2026-07-21 00:33:46.450] [info] Frame 65 (t = 0.65):	 total squared error = 0.000418640, marker error: RMS = 0.00393766, max = 0.00960859 (R_Shank_Lateral)
[2026-07-21 00:33:46.545] [info] Frame 66 (t = 0.66):	 total squared error = 0.000455839, marker error: RMS = 0.00410889, max = 0.0104392 (R_Shank_Lateral)
[2026-07-21 00:33:46.617] [info] Frame 67 (t = 0.67):	 total squared error = 0.000498488, marker error: RMS = 0.00429680, max = 0.0111435 (R_Shank_Lateral)
[2026-07-21 00:33:46.670] [info] Frame 68 (t = 0.68):	 total squared error = 0.000546194, marker error: RMS = 0.00449771, max = 0.011825 (R_Shank_Lateral)
[2026-07-21 00:33:46.743] [info] Frame 69 (t = 0.69):	 total squared error = 0.000595687, marker error: RMS = 0.00469707, max = 0.0127412 (R_Shank_Lateral)
[2026-07-21 00:33:46.800] [info] Frame 70 (t = 0.7):	 total squared error = 0.000651767, marker error: RMS = 0.00491320, max = 0.0135107 (R_Shank_Lateral)
[2026-07-21 00:33:46.866] [info] Frame 71 (t = 0.71):	 total squared error = 0.000713288, marker error: RMS = 0.00513985, max = 0.0145421 (R_Shank_Lateral)
[2026-07-21 00:33:46.916] [info] Frame 72 (t = 0.72):	 total squared error = 0.000784552, marker error: RMS = 0.00539050, max = 0.0157727 (R_Shank_Lateral)
[2026-07-21 00:33:46.980] [info] Frame 73 (t = 0.73):	 total squared error = 0.000860838, marker error: RMS = 0.00564649, max = 0.0172993 (R_Shank_Lateral)
[2026-07-21 00:33:47.031] [info] Frame 74 (t = 0.74):	 total squared error = 0.000950499, marker error: RMS = 0.00593327, max = 0.0188148 (R_Shank_Lateral)
[2026-07-21 00:33:47.076] [info] Frame 75 (t = 0.75):	 total squared error = 0.00104680, marker error: RMS = 0.00622658, max = 0.0203506 (R_Shank_Lateral)
[2026-07-21 00:33:47.131] [info] Frame 76 (t = 0.76):	 total squared error = 0.00114298, marker error: RMS = 0.00650635, max = 0.0219494 (R_Shank_Lateral)
[2026-07-21 00:33:47.193] [info] Frame 77 (t = 0.77):	 total squared error = 0.00123896, marker error: RMS = 0.00677403, max = 0.0234345 (R_Shank_Lateral)
[2026-07-21 00:33:47.248] [info] Frame 78 (t = 0.78):	 total squared error = 0.00132777, marker error: RMS = 0.00701261, max = 0.0246664 (R_Shank_Lateral)
[2026-07-21 00:33:47.305] [info] Frame 79 (t = 0.79):	 total squared error = 0.00140033, marker error: RMS = 0.00720167, max = 0.0256193 (R_Shank_Lateral)
[2026-07-21 00:33:47.419] [info] Frame 80 (t = 0.8):	 total squared error = 0.00144982, marker error: RMS = 0.00732784, max = 0.0262255 (R_Shank_Lateral)
[2026-07-21 00:33:47.470] [info] Frame 81 (t = 0.81):	 total squared error = 0.00147782, marker error: RMS = 0.00739826, max = 0.0265776 (R_Shank_Lateral)
[2026-07-21 00:33:47.526] [info] Frame 82 (t = 0.82):	 total squared error = 0.00148128, marker error: RMS = 0.00740691, max = 0.0265495 (R_Shank_Lateral)
[2026-07-21 00:33:47.576] [info] Frame 83 (t = 0.83):	 total squared error = 0.00146305, marker error: RMS = 0.00736119, max = 0.0262376 (R_Shank_Lateral)
[2026-07-21 00:33:47.625] [info] Frame 84 (t = 0.84):	 total squared error = 0.00143291, marker error: RMS = 0.00728496, max = 0.0257387 (R_Shank_Lateral)
[2026-07-21 00:33:47.697] [info] Frame 85 (t = 0.85):	 total squared error = 0.00138894, marker error: RMS = 0.00717231, max = 0.0249937 (R_Shank_Lateral)
[2026-07-21 00:33:47.735] [info] Frame 86 (t = 0.86):	 total squared error = 0.00134997, marker error: RMS = 0.00707098, max = 0.0242134 (R_Shank_Lateral)
[2026-07-21 00:33:47.801] [info] Frame 87 (t = 0.87):	 total squared error = 0.00130433, marker error: RMS = 0.00695043, max = 0.0234068 (R_Shank_Lateral)
[2026-07-21 00:33:47.841] [info] Frame 88 (t = 0.88):	 total squared error = 0.00127241, marker error: RMS = 0.00686486, max = 0.022713 (R_Shank_Lateral)
[2026-07-21 00:33:47.903] [info] Frame 89 (t = 0.89):	 total squared error = 0.00123565, marker error: RMS = 0.00676496, max = 0.0218274 (R_Shank_Lateral)
[2026-07-21 00:33:48.000] [info] Frame 90 (t = 0.9):	 total squared error = 0.00120530, marker error: RMS = 0.00668137, max = 0.0209831 (R_Shank_Lateral)
[2026-07-21 00:33:48.066] [info] Frame 91 (t = 0.91):	 total squared error = 0.00117710, marker error: RMS = 0.00660274, max = 0.0203998 (R_Shank_Lateral)
[2026-07-21 00:33:48.151] [info] Frame 92 (t = 0.92):	 total squared error = 0.00113745, marker error: RMS = 0.00649059, max = 0.0192115 (R_Shank_Lateral)
[2026-07-21 00:33:48.218] [info] Frame 93 (t = 0.93):	 total squared error = 0.00109392, marker error: RMS = 0.00636517, max = 0.0183117 (R_Shank_Lateral)
[2026-07-21 00:33:48.313] [info] Frame 94 (t = 0.94):	 total squared error = 0.00103495, marker error: RMS = 0.00619125, max = 0.0169273 (R_Shank_Lateral)
[2026-07-21 00:33:48.378] [info] Frame 95 (t = 0.95):	 total squared error = 0.000973452, marker error: RMS = 0.00600448, max = 0.0158501 (R_Shank_Lateral)
[2026-07-21 00:33:48.487] [info] Frame 96 (t = 0.96):	 total squared error = 0.000893175, marker error: RMS = 0.00575157, max = 0.0138048 (R_Shank_Lateral)
[2026-07-21 00:33:48.609] [info] Frame 97 (t = 0.97):	 total squared error = 0.000813308, marker error: RMS = 0.00548840, max = 0.0119298 (R_Shank_Lateral)
[2026-07-21 00:33:48.694] [info] Frame 98 (t = 0.98):	 total squared error = 0.000744662, marker error: RMS = 0.00525167, max = 0.0106676 (R_Thigh_Lateral)
[2026-07-21 00:33:48.794] [info] Frame 99 (t = 0.99):	 total squared error = 0.000676057, marker error: RMS = 0.00500391, max = 0.0102402 (R_Thigh_Lateral)
[2026-07-21 00:33:48.877] [info] Frame 100 (t = 1.0):	 total squared error = 0.000624783, marker error: RMS = 0.00481042, max = 0.0102262 (L_Thigh_Lateral)
[2026-07-21 00:33:49.004] [info] Frame 101 (t = 1.01):	 total squared error = 0.000589785, marker error: RMS = 0.00467375, max = 0.0103845 (L_Thigh_Lateral)
[2026-07-21 00:33:49.106] [info] Frame 102 (t = 1.02):	 total squared error = 0.000579582, marker error: RMS = 0.00463314, max = 0.0104435 (L_Thigh_Lateral)
[2026-07-21 00:33:49.167] [info] Frame 103 (t = 1.03):	 total squared error = 0.000594368, marker error: RMS = 0.00469187, max = 0.0106061 (L_Thigh_Lateral)
[2026-07-21 00:33:49.255] [info] Frame 104 (t = 1.04):	 total squared error = 0.000615723, marker error: RMS = 0.00477541, max = 0.0109360 (R_Thigh_Lateral)
[2026-07-21 00:33:49.332] [info] Frame 105 (t = 1.05):	 total squared error = 0.000656998, marker error: RMS = 0.00493288, max = 0.0118499 (R_Thigh_Lateral)
[2026-07-21 00:33:49.405] [info] Frame 106 (t = 1.06):	 total squared error = 0.000706259, marker error: RMS = 0.00511446, max = 0.0127944 (R_Thigh_Lateral)
[2026-07-21 00:33:49.475] [info] Frame 107 (t = 1.07):	 total squared error = 0.000761489, marker error: RMS = 0.00531068, max = 0.0138334 (R_Thigh_Lateral)
[2026-07-21 00:33:49.510] [info] Frame 108 (t = 1.08):	 total squared error = 0.000834320, marker error: RMS = 0.00555885, max = 0.0150581 (R_Thigh_Lateral)
[2026-07-21 00:33:49.565] [info] Frame 109 (t = 1.09):	 total squared error = 0.000855441, marker error: RMS = 0.00562877, max = 0.0156019 (R_Thigh_Lateral)
[2026-07-21 00:33:49.630] [info] Frame 110 (t = 1.1):	 total squared error = 0.000869811, marker error: RMS = 0.00567585, max = 0.0160422 (R_Thigh_Lateral)
[2026-07-21 00:33:49.712] [info] Frame 111 (t = 1.11):	 total squared error = 0.000855647, marker error: RMS = 0.00562944, max = 0.0159647 (R_Thigh_Lateral)
[2026-07-21 00:33:49.745] [info] Frame 112 (t = 1.12):	 total squared error = 0.000811609, marker error: RMS = 0.00548266, max = 0.0149523 (R_Thigh_Lateral)
[2026-07-21 00:33:49.790] [info] Frame 113 (t = 1.13):	 total squared error = 0.000721776, marker error: RMS = 0.00517034, max = 0.0136109 (R_Thigh_Lateral)
[2026-07-21 00:33:49.879] [info] Frame 114 (t = 1.14):	 total squared error = 0.000613605, marker error: RMS = 0.00476719, max = 0.0113291 (R_Thigh_Lateral)
[2026-07-21 00:33:49.956] [info] Frame 115 (t = 1.15):	 total squared error = 0.000510570, marker error: RMS = 0.00434856, max = 0.00986909 (L_Thigh_Lateral)
[2026-07-21 00:33:49.997] [info] Frame 116 (t = 1.16):	 total squared error = 0.000428554, marker error: RMS = 0.00398401, max = 0.00960442 (L_Thigh_Lateral)
[2026-07-21 00:33:50.072] [info] Frame 117 (t = 1.17):	 total squared error = 0.000387456, marker error: RMS = 0.00378817, max = 0.00913658 (L_Thigh_Lateral)
[2026-07-21 00:33:50.170] [info] Frame 118 (t = 1.18):	 total squared error = 0.000380983, marker error: RMS = 0.00375639, max = 0.00879706 (L_Thigh_Lateral)
[2026-07-21 00:33:50.273] [info] Frame 119 (t = 1.19):	 total squared error = 0.000408323, marker error: RMS = 0.00388884, max = 0.00885704 (L_Thigh_Lateral)
[2026-07-21 00:33:50.364] [info] Frame 120 (t = 1.2):	 total squared error = 0.000464517, marker error: RMS = 0.00414781, max = 0.00926320 (L_Thigh_Lateral)
[2026-07-21 00:33:50.449] [info] Frame 121 (t = 1.21):	 total squared error = 0.000538095, marker error: RMS = 0.00446424, max = 0.0100333 (L_Thigh_Lateral)
[2026-07-21 00:33:50.544] [info] Frame 122 (t = 1.22):	 total squared error = 0.000620582, marker error: RMS = 0.00479422, max = 0.0112785 (L_Shank_Lateral)
[2026-07-21 00:33:50.605] [info] Frame 123 (t = 1.23):	 total squared error = 0.000698204, marker error: RMS = 0.00508522, max = 0.0129326 (L_Shank_Lateral)
[2026-07-21 00:33:50.663] [info] Frame 124 (t = 1.24):	 total squared error = 0.000761657, marker error: RMS = 0.00531126, max = 0.0143702 (L_Shank_Lateral)
[2026-07-21 00:33:50.727] [info] Frame 125 (t = 1.25):	 total squared error = 0.000798687, marker error: RMS = 0.00543884, max = 0.0153758 (L_Shank_Lateral)
[2026-07-21 00:33:50.779] [info] Frame 126 (t = 1.26):	 total squared error = 0.000815547, marker error: RMS = 0.00549595, max = 0.015612 (L_Shank_Lateral)
[2026-07-21 00:33:50.871] [info] Frame 127 (t = 1.27):	 total squared error = 0.000796894, marker error: RMS = 0.00543273, max = 0.0163079 (L_Shank_Lateral)
[2026-07-21 00:33:50.967] [info] Frame 128 (t = 1.28):	 total squared error = 0.000769474, marker error: RMS = 0.00533845, max = 0.0161977 (L_Shank_Lateral)
[2026-07-21 00:33:51.027] [info] Frame 129 (t = 1.29):	 total squared error = 0.000741347, marker error: RMS = 0.00523997, max = 0.0155885 (L_Shank_Lateral)
[2026-07-21 00:33:51.103] [info] Frame 130 (t = 1.3):	 total squared error = 0.000711756, marker error: RMS = 0.00513433, max = 0.0157888 (L_Shank_Lateral)
[2026-07-21 00:33:51.161] [info] Frame 131 (t = 1.31):	 total squared error = 0.000695773, marker error: RMS = 0.00507635, max = 0.0151427 (L_Shank_Lateral)
[2026-07-21 00:33:51.220] [info] Frame 132 (t = 1.32):	 total squared error = 0.000688766, marker error: RMS = 0.00505073, max = 0.0148819 (L_Shank_Lateral)
[2026-07-21 00:33:51.275] [info] Frame 133 (t = 1.33):	 total squared error = 0.000687452, marker error: RMS = 0.00504591, max = 0.0145822 (L_Shank_Lateral)
[2026-07-21 00:33:51.352] [info] Frame 134 (t = 1.34):	 total squared error = 0.000682152, marker error: RMS = 0.00502642, max = 0.0149059 (L_Shank_Lateral)
[2026-07-21 00:33:51.398] [info] Frame 135 (t = 1.35):	 total squared error = 0.000691272, marker error: RMS = 0.00505991, max = 0.0144381 (L_Shank_Lateral)
[2026-07-21 00:33:51.456] [info] Frame 136 (t = 1.36):	 total squared error = 0.000703219, marker error: RMS = 0.00510345, max = 0.0142125 (L_Shank_Lateral)
[2026-07-21 00:33:51.496] [info] Frame 137 (t = 1.37):	 total squared error = 0.000724164, marker error: RMS = 0.00517889, max = 0.0140431 (L_Shank_Lateral)
[2026-07-21 00:33:51.541] [info] Frame 138 (t = 1.38):	 total squared error = 0.000739000, marker error: RMS = 0.00523167, max = 0.0142301 (L_Shank_Lateral)
[2026-07-21 00:33:51.589] [info] Frame 139 (t = 1.39):	 total squared error = 0.000755714, marker error: RMS = 0.00529050, max = 0.0147378 (L_Shank_Lateral)
[2026-07-21 00:33:51.637] [info] Frame 140 (t = 1.4):	 total squared error = 0.000778346, marker error: RMS = 0.00536914, max = 0.0152565 (L_Shank_Lateral)
[2026-07-21 00:33:51.724] [info] Frame 141 (t = 1.41):	 total squared error = 0.000795179, marker error: RMS = 0.00542688, max = 0.0158809 (L_Shank_Lateral)
[2026-07-21 00:33:51.781] [info] Frame 142 (t = 1.42):	 total squared error = 0.000822607, marker error: RMS = 0.00551969, max = 0.0166503 (L_Shank_Lateral)
[2026-07-21 00:33:51.819] [info] Frame 143 (t = 1.43):	 total squared error = 0.000869854, marker error: RMS = 0.00567599, max = 0.0176417 (L_Shank_Lateral)
[2026-07-21 00:33:51.900] [info] Frame 144 (t = 1.44):	 total squared error = 0.000862911, marker error: RMS = 0.00565329, max = 0.017837 (L_Shank_Lateral)
[2026-07-21 00:33:51.983] [info] Frame 145 (t = 1.45):	 total squared error = 0.000871347, marker error: RMS = 0.00568085, max = 0.0178756 (L_Shank_Lateral)
[2026-07-21 00:33:52.091] [info] Frame 146 (t = 1.46):	 total squared error = 0.000871257, marker error: RMS = 0.00568056, max = 0.0179118 (L_Shank_Lateral)
[2026-07-21 00:33:52.167] [info] Frame 147 (t = 1.47):	 total squared error = 0.000849413, marker error: RMS = 0.00560890, max = 0.0174197 (L_Shank_Lateral)
[2026-07-21 00:33:52.315] [info] Frame 148 (t = 1.48):	 total squared error = 0.000802732, marker error: RMS = 0.00545260, max = 0.0160190 (L_Shank_Lateral)
[2026-07-21 00:33:52.438] [info] Frame 149 (t = 1.49):	 total squared error = 0.000735043, marker error: RMS = 0.00521765, max = 0.0145020 (L_Shank_Lateral)
[2026-07-21 00:33:52.537] [info] Frame 150 (t = 1.5):	 total squared error = 0.000652459, marker error: RMS = 0.00491580, max = 0.0123609 (L_Shank_Lateral)
[2026-07-21 00:33:52.662] [info] Frame 151 (t = 1.51):	 total squared error = 0.000568583, marker error: RMS = 0.00458897, max = 0.0103043 (R_Shank_Lateral)
[2026-07-21 00:33:52.739] [info] Frame 152 (t = 1.52):	 total squared error = 0.000502383, marker error: RMS = 0.00431356, max = 0.0102539 (R_Shank_Lateral)
[2026-07-21 00:33:52.897] [info] Frame 153 (t = 1.53):	 total squared error = 0.000459278, marker error: RMS = 0.00412436, max = 0.0104967 (R_Shank_Lateral)
[2026-07-21 00:33:53.063] [info] Frame 154 (t = 1.54):	 total squared error = 0.000455864, marker error: RMS = 0.00410900, max = 0.0106202 (R_Shank_Lateral)
[2026-07-21 00:33:53.160] [info] Frame 155 (t = 1.55):	 total squared error = 0.000490263, marker error: RMS = 0.00426121, max = 0.0106487 (R_Shank_Lateral)
[2026-07-21 00:33:53.221] [info] Frame 156 (t = 1.56):	 total squared error = 0.000585050, marker error: RMS = 0.00465495, max = 0.0107872 (R_Shank_Lateral)
[2026-07-21 00:33:53.383] [info] Frame 157 (t = 1.57):	 total squared error = 0.000611851, marker error: RMS = 0.00476037, max = 0.0110647 (R_Shank_Lateral)
[2026-07-21 00:33:53.482] [info] Frame 158 (t = 1.58):	 total squared error = 0.000677379, marker error: RMS = 0.00500880, max = 0.0111665 (R_Shank_Lateral)
[2026-07-21 00:33:53.579] [info] Frame 159 (t = 1.59):	 total squared error = 0.000730822, marker error: RMS = 0.00520264, max = 0.0117699 (L_Thigh_Lateral)
[2026-07-21 00:33:53.652] [info] Frame 160 (t = 1.6):	 total squared error = 0.000766581, marker error: RMS = 0.00532840, max = 0.0123237 (L_Thigh_Lateral)
[2026-07-21 00:33:53.732] [info] Frame 161 (t = 1.61):	 total squared error = 0.000787005, marker error: RMS = 0.00539892, max = 0.0126233 (L_Thigh_Lateral)
[2026-07-21 00:33:53.770] [info] Frame 162 (t = 1.62):	 total squared error = 0.000798386, marker error: RMS = 0.00543782, max = 0.01269 (L_Thigh_Lateral)
[2026-07-21 00:33:53.826] [info] Frame 163 (t = 1.63):	 total squared error = 0.000791325, marker error: RMS = 0.00541372, max = 0.0126345 (L_Thigh_Lateral)
[2026-07-21 00:33:53.871] [info] Frame 164 (t = 1.64):	 total squared error = 0.000791756, marker error: RMS = 0.00541519, max = 0.0125633 (L_Thigh_Lateral)
[2026-07-21 00:33:53.909] [info] Frame 165 (t = 1.65):	 total squared error = 0.000793519, marker error: RMS = 0.00542122, max = 0.012577 (L_Thigh_Lateral)
[2026-07-21 00:33:53.975] [info] Frame 166 (t = 1.66):	 total squared error = 0.000791460, marker error: RMS = 0.00541418, max = 0.0123535 (L_Thigh_Lateral)
[2026-07-21 00:33:54.010] [info] Frame 167 (t = 1.67):	 total squared error = 0.000808998, marker error: RMS = 0.00547384, max = 0.0125469 (L_Thigh_Lateral)
[2026-07-21 00:33:54.093] [info] Frame 168 (t = 1.68):	 total squared error = 0.000811468, marker error: RMS = 0.00548219, max = 0.0110516 (L_Thigh_Lateral)
[2026-07-21 00:33:54.127] [info] Frame 169 (t = 1.69):	 total squared error = 0.000839912, marker error: RMS = 0.00557744, max = 0.0114527 (L_Thigh_Lateral)
[2026-07-21 00:33:54.192] [info] Frame 170 (t = 1.7):	 total squared error = 0.000879210, marker error: RMS = 0.00570643, max = 0.0117524 (L_Thigh_Lateral)
[2026-07-21 00:33:54.276] [info] Frame 171 (t = 1.71):	 total squared error = 0.000912419, marker error: RMS = 0.00581320, max = 0.0113796 (L_Thigh_Lateral)
[2026-07-21 00:33:54.314] [info] Frame 172 (t = 1.72):	 total squared error = 0.000943407, marker error: RMS = 0.00591109, max = 0.0113359 (L_Thigh_Lateral)
[2026-07-21 00:33:54.364] [info] Frame 173 (t = 1.73):	 total squared error = 0.000958111, marker error: RMS = 0.00595698, max = 0.0121504 (L_Asis)
[2026-07-21 00:33:54.411] [info] Frame 174 (t = 1.74):	 total squared error = 0.000949447, marker error: RMS = 0.00592998, max = 0.0125089 (L_Asis)
[2026-07-21 00:33:54.471] [info] Frame 175 (t = 1.75):	 total squared error = 0.000916684, marker error: RMS = 0.00582677, max = 0.0128845 (L_Asis)
[2026-07-21 00:33:54.529] [info] Frame 176 (t = 1.76):	 total squared error = 0.000860836, marker error: RMS = 0.00564649, max = 0.0127806 (L_Asis)
[2026-07-21 00:33:54.642] [info] Frame 177 (t = 1.77):	 total squared error = 0.000764586, marker error: RMS = 0.00532146, max = 0.0113241 (L_Asis)
[2026-07-21 00:33:54.730] [info] Frame 178 (t = 1.78):	 total squared error = 0.000687595, marker error: RMS = 0.00504643, max = 0.0107174 (L_Asis)
[2026-07-21 00:33:54.837] [info] Frame 179 (t = 1.79):	 total squared error = 0.000604666, marker error: RMS = 0.00473234, max = 0.0105051 (R_Asis)
[2026-07-21 00:33:54.898] [info] Frame 180 (t = 1.8):	 total squared error = 0.000531896, marker error: RMS = 0.00443845, max = 0.0100793 (R_Asis)
[2026-07-21 00:33:54.966] [info] Frame 181 (t = 1.81):	 total squared error = 0.000466480, marker error: RMS = 0.00415657, max = 0.00952498 (R_Asis)
[2026-07-21 00:33:55.023] [info] Frame 182 (t = 1.82):	 total squared error = 0.000420443, marker error: RMS = 0.00394613, max = 0.00870993 (R_Asis)
[2026-07-21 00:33:55.093] [info] Frame 183 (t = 1.83):	 total squared error = 0.000395650, marker error: RMS = 0.00382802, max = 0.00793457 (R_Asis)
[2026-07-21 00:33:55.164] [info] Frame 184 (t = 1.84):	 total squared error = 0.000398701, marker error: RMS = 0.00384275, max = 0.00722773 (R_Asis)
[2026-07-21 00:33:55.260] [info] Frame 185 (t = 1.85):	 total squared error = 0.000427597, marker error: RMS = 0.00397956, max = 0.00764113 (R_Shank_Lateral)
[2026-07-21 00:33:55.328] [info] Frame 186 (t = 1.86):	 total squared error = 0.000474825, marker error: RMS = 0.00419358, max = 0.00900616 (R_Shank_Lateral)
[2026-07-21 00:33:55.397] [info] Frame 187 (t = 1.87):	 total squared error = 0.000529522, marker error: RMS = 0.00442854, max = 0.0103292 (R_Shank_Lateral)
[2026-07-21 00:33:55.481] [info] Frame 188 (t = 1.88):	 total squared error = 0.000580919, marker error: RMS = 0.00463848, max = 0.0115093 (R_Shank_Lateral)
[2026-07-21 00:33:55.541] [info] Frame 189 (t = 1.89):	 total squared error = 0.000622835, marker error: RMS = 0.00480291, max = 0.0123658 (R_Shank_Lateral)
[2026-07-21 00:33:55.622] [info] Frame 190 (t = 1.9):	 total squared error = 0.000649064, marker error: RMS = 0.00490300, max = 0.0134831 (R_Shank_Lateral)
[2026-07-21 00:33:55.680] [info] Frame 191 (t = 1.91):	 total squared error = 0.000673750, marker error: RMS = 0.00499537, max = 0.0139948 (R_Shank_Lateral)
[2026-07-21 00:33:55.728] [info] Frame 192 (t = 1.92):	 total squared error = 0.000703468, marker error: RMS = 0.00510435, max = 0.0147599 (R_Shank_Lateral)
[2026-07-21 00:33:55.799] [info] Frame 193 (t = 1.93):	 total squared error = 0.000737723, marker error: RMS = 0.00522715, max = 0.0158293 (R_Shank_Lateral)
[2026-07-21 00:33:55.852] [info] Frame 194 (t = 1.94):	 total squared error = 0.000788635, marker error: RMS = 0.00540451, max = 0.0167444 (R_Shank_Lateral)
[2026-07-21 00:33:55.942] [info] Frame 195 (t = 1.95):	 total squared error = 0.000843811, marker error: RMS = 0.00559037, max = 0.0178814 (R_Shank_Lateral)
[2026-07-21 00:33:56.008] [info] Frame 196 (t = 1.96):	 total squared error = 0.000908014, marker error: RMS = 0.00579915, max = 0.0189116 (R_Shank_Lateral)
[2026-07-21 00:33:56.065] [info] Frame 197 (t = 1.97):	 total squared error = 0.000972898, marker error: RMS = 0.00600277, max = 0.0199272 (R_Shank_Lateral)
[2026-07-21 00:33:56.131] [info] Frame 198 (t = 1.98):	 total squared error = 0.00103294, marker error: RMS = 0.00618522, max = 0.0208631 (R_Shank_Lateral)
[2026-07-21 00:33:56.189] [info] Frame 199 (t = 1.99):	 total squared error = 0.00108750, marker error: RMS = 0.00634648, max = 0.0216858 (R_Shank_Lateral)
[2026-07-21 00:33:56.269] [info] Frame 200 (t = 2.0):	 total squared error = 0.00113505, marker error: RMS = 0.00648374, max = 0.0223881 (R_Shank_Lateral)
[2026-07-21 00:33:56.320] [info] Frame 201 (t = 2.01):	 total squared error = 0.00118037, marker error: RMS = 0.00661190, max = 0.0229296 (R_Shank_Lateral)
[2026-07-21 00:33:56.385] [info] Frame 202 (t = 2.02):	 total squared error = 0.00121402, marker error: RMS = 0.00670550, max = 0.0234533 (R_Shank_Lateral)
[2026-07-21 00:33:56.443] [info] Frame 203 (t = 2.03):	 total squared error = 0.00124460, marker error: RMS = 0.00678942, max = 0.0238808 (R_Shank_Lateral)
[2026-07-21 00:33:56.509] [info] Frame 204 (t = 2.04):	 total squared error = 0.00127133, marker error: RMS = 0.00686195, max = 0.0242813 (R_Shank_Lateral)
[2026-07-21 00:33:56.547] [info] Frame 205 (t = 2.05):	 total squared error = 0.00130453, marker error: RMS = 0.00695097, max = 0.0246868 (R_Shank_Lateral)
[2026-07-21 00:33:56.651] [info] Frame 206 (t = 2.06):	 total squared error = 0.00131249, marker error: RMS = 0.00697215, max = 0.024931 (R_Shank_Lateral)
[2026-07-21 00:33:56.693] [info] Frame 207 (t = 2.07):	 total squared error = 0.00133652, marker error: RMS = 0.00703569, max = 0.0253487 (R_Shank_Lateral)
[2026-07-21 00:33:56.773] [info] Frame 208 (t = 2.08):	 total squared error = 0.00133968, marker error: RMS = 0.00704400, max = 0.0254389 (R_Shank_Lateral)
[2026-07-21 00:33:56.852] [info] Frame 209 (t = 2.09):	 total squared error = 0.00134065, marker error: RMS = 0.00704653, max = 0.025427 (R_Shank_Lateral)
[2026-07-21 00:33:56.942] [info] Frame 210 (t = 2.1):	 total squared error = 0.00133139, marker error: RMS = 0.00702217, max = 0.0254859 (R_Shank_Lateral)
[2026-07-21 00:33:57.059] [info] Frame 211 (t = 2.11):	 total squared error = 0.00129535, marker error: RMS = 0.00692646, max = 0.0247793 (R_Shank_Lateral)
[2026-07-21 00:33:57.169] [info] Frame 212 (t = 2.12):	 total squared error = 0.00123762, marker error: RMS = 0.00677036, max = 0.0238342 (R_Shank_Lateral)
[2026-07-21 00:33:57.234] [info] Frame 213 (t = 2.13):	 total squared error = 0.00115874, marker error: RMS = 0.00655105, max = 0.022818 (R_Shank_Lateral)
[2026-07-21 00:33:57.328] [info] Frame 214 (t = 2.14):	 total squared error = 0.00103802, marker error: RMS = 0.00620042, max = 0.0204904 (R_Shank_Lateral)
[2026-07-21 00:33:57.424] [info] Frame 215 (t = 2.15):	 total squared error = 0.000900067, marker error: RMS = 0.00577372, max = 0.0178476 (R_Shank_Lateral)
[2026-07-21 00:33:57.504] [info] Frame 216 (t = 2.16):	 total squared error = 0.000759066, marker error: RMS = 0.00530222, max = 0.0149959 (R_Shank_Lateral)
[2026-07-21 00:33:57.613] [info] Frame 217 (t = 2.17):	 total squared error = 0.000619886, marker error: RMS = 0.00479153, max = 0.0112091 (R_Shank_Lateral)
[2026-07-21 00:33:57.768] [info] Frame 218 (t = 2.18):	 total squared error = 0.000510014, marker error: RMS = 0.00434619, max = 0.0107498 (L_Thigh_Lateral)
[2026-07-21 00:33:57.883] [info] Frame 219 (t = 2.19):	 total squared error = 0.000456184, marker error: RMS = 0.00411044, max = 0.0109334 (L_Thigh_Lateral)
[2026-07-21 00:33:57.940] [info] Frame 220 (t = 2.2):	 total squared error = 0.000475025, marker error: RMS = 0.00419446, max = 0.0112048 (L_Thigh_Lateral)
[2026-07-21 00:33:58.049] [info] Frame 221 (t = 2.21):	 total squared error = 0.000526049, marker error: RMS = 0.00441399, max = 0.01141 (L_Thigh_Lateral)
[2026-07-21 00:33:58.144] [info] Frame 222 (t = 2.22):	 total squared error = 0.000635322, marker error: RMS = 0.00485082, max = 0.0116353 (L_Thigh_Lateral)
[2026-07-21 00:33:58.207] [info] Frame 223 (t = 2.23):	 total squared error = 0.000764165, marker error: RMS = 0.00532000, max = 0.0135332 (R_Thigh_Lateral)
[2026-07-21 00:33:58.290] [info] Frame 224 (t = 2.24):	 total squared error = 0.000858908, marker error: RMS = 0.00564016, max = 0.0149276 (R_Thigh_Lateral)
[2026-07-21 00:33:58.323] [info] Frame 225 (t = 2.25):	 total squared error = 0.000919965, marker error: RMS = 0.00583719, max = 0.0157427 (R_Thigh_Lateral)
[2026-07-21 00:33:58.375] [info] Frame 226 (t = 2.26):	 total squared error = 0.000885693, marker error: RMS = 0.00572743, max = 0.0152694 (R_Thigh_Lateral)
[2026-07-21 00:33:58.409] [info] Frame 227 (t = 2.27):	 total squared error = 0.000813760, marker error: RMS = 0.00548992, max = 0.0135166 (R_Thigh_Lateral)
[2026-07-21 00:33:58.473] [info] Frame 228 (t = 2.28):	 total squared error = 0.000693049, marker error: RMS = 0.00506641, max = 0.0120562 (L_Thigh_Lateral)
[2026-07-21 00:33:58.536] [info] Frame 229 (t = 2.29):	 total squared error = 0.000589209, marker error: RMS = 0.00467146, max = 0.0119026 (L_Thigh_Lateral)
[2026-07-21 00:33:58.634] [info] Frame 230 (t = 2.3):	 total squared error = 0.000515638, marker error: RMS = 0.00437009, max = 0.0116725 (L_Thigh_Lateral)
[2026-07-21 00:33:58.705] [info] Frame 231 (t = 2.31):	 total squared error = 0.000470182, marker error: RMS = 0.00417303, max = 0.0113334 (L_Thigh_Lateral)
[2026-07-21 00:33:58.763] [info] Frame 232 (t = 2.32):	 total squared error = 0.000445475, marker error: RMS = 0.00406190, max = 0.0109589 (L_Thigh_Lateral)
[2026-07-21 00:33:58.838] [info] Frame 233 (t = 2.33):	 total squared error = 0.000425902, marker error: RMS = 0.00397167, max = 0.0105377 (L_Thigh_Lateral)
[2026-07-21 00:33:58.905] [info] Frame 234 (t = 2.34):	 total squared error = 0.000402937, marker error: RMS = 0.00386311, max = 0.00995557 (L_Thigh_Lateral)
[2026-07-21 00:33:58.956] [info] Frame 235 (t = 2.35):	 total squared error = 0.000377819, marker error: RMS = 0.00374076, max = 0.00923090 (L_Thigh_Lateral)
[2026-07-21 00:33:59.023] [info] Frame 236 (t = 2.36):	 total squared error = 0.000357374, marker error: RMS = 0.00363814, max = 0.00835350 (L_Thigh_Lateral)
[2026-07-21 00:33:59.088] [info] Frame 237 (t = 2.37):	 total squared error = 0.000346776, marker error: RMS = 0.00358379, max = 0.00733296 (L_Thigh_Lateral)
[2026-07-21 00:33:59.166] [info] Frame 238 (t = 2.38):	 total squared error = 0.000349137, marker error: RMS = 0.00359597, max = 0.00792108 (L_Wrist)
[2026-07-21 00:33:59.254] [info] Frame 239 (t = 2.39):	 total squared error = 0.000366318, marker error: RMS = 0.00368339, max = 0.00812429 (L_Wrist)
[2026-07-21 00:33:59.367] [info] Frame 240 (t = 2.4):	 total squared error = 0.000397968, marker error: RMS = 0.00383921, max = 0.00841993 (L_Wrist)
[2026-07-21 00:33:59.454] [info] Frame 241 (t = 2.41):	 total squared error = 0.000446299, marker error: RMS = 0.00406566, max = 0.00873874 (L_Wrist)
[2026-07-21 00:33:59.514] [info] Frame 242 (t = 2.42):	 total squared error = 0.000507957, marker error: RMS = 0.00433742, max = 0.00895736 (L_Wrist)
[2026-07-21 00:33:59.595] [info] Frame 243 (t = 2.43):	 total squared error = 0.000575115, marker error: RMS = 0.00461525, max = 0.0104966 (L_Shank_Lateral)
[2026-07-21 00:33:59.660] [info] Frame 244 (t = 2.44):	 total squared error = 0.000652301, marker error: RMS = 0.00491521, max = 0.011699 (L_Shank_Lateral)
[2026-07-21 00:33:59.715] [info] Frame 245 (t = 2.45):	 total squared error = 0.000731808, marker error: RMS = 0.00520615, max = 0.0129508 (L_Shank_Lateral)
[2026-07-21 00:33:59.840] [info] Frame 246 (t = 2.46):	 total squared error = 0.000798948, marker error: RMS = 0.00543973, max = 0.0147797 (L_Shank_Lateral)
[2026-07-21 00:33:59.939] [info] Frame 247 (t = 2.47):	 total squared error = 0.000875647, marker error: RMS = 0.00569486, max = 0.0161588 (L_Shank_Lateral)
[2026-07-21 00:33:59.977] [info] Frame 248 (t = 2.48):	 total squared error = 0.000969896, marker error: RMS = 0.00599350, max = 0.0166372 (L_Shank_Lateral)
[2026-07-21 00:34:00.102] [info] Frame 249 (t = 2.49):	 total squared error = 0.00102274, marker error: RMS = 0.00615461, max = 0.0191198 (L_Shank_Lateral)
[2026-07-21 00:34:00.148] [info] Frame 250 (t = 2.5):	 total squared error = 0.00108581, marker error: RMS = 0.00634155, max = 0.0200323 (L_Shank_Lateral)
[2026-07-21 00:34:00.213] [info] Frame 251 (t = 2.51):	 total squared error = 0.00112374, marker error: RMS = 0.00645136, max = 0.0211936 (L_Shank_Lateral)
[2026-07-21 00:34:00.274] [info] Frame 252 (t = 2.52):	 total squared error = 0.00113282, marker error: RMS = 0.00647737, max = 0.0215949 (L_Shank_Lateral)
[2026-07-21 00:34:00.316] [info] Frame 253 (t = 2.53):	 total squared error = 0.00110877, marker error: RMS = 0.00640825, max = 0.0213016 (L_Shank_Lateral)
[2026-07-21 00:34:00.406] [info] Frame 254 (t = 2.54):	 total squared error = 0.00105636, marker error: RMS = 0.00625496, max = 0.0204232 (L_Shank_Lateral)
[2026-07-21 00:34:00.468] [info] Frame 255 (t = 2.55):	 total squared error = 0.000980748, marker error: RMS = 0.00602694, max = 0.0193015 (L_Shank_Lateral)
[2026-07-21 00:34:00.556] [info] Frame 256 (t = 2.56):	 total squared error = 0.000892010, marker error: RMS = 0.00574782, max = 0.0181683 (L_Shank_Lateral)
[2026-07-21 00:34:00.621] [info] Frame 257 (t = 2.57):	 total squared error = 0.000812875, marker error: RMS = 0.00548694, max = 0.0167634 (L_Shank_Lateral)
[2026-07-21 00:34:00.691] [info] Frame 258 (t = 2.58):	 total squared error = 0.000744357, marker error: RMS = 0.00525060, max = 0.0154515 (L_Shank_Lateral)
[2026-07-21 00:34:00.777] [info] Frame 259 (t = 2.59):	 total squared error = 0.000686514, marker error: RMS = 0.00504246, max = 0.0143533 (L_Shank_Lateral)
[2026-07-21 00:34:00.849] [info] Frame 260 (t = 2.6):	 total squared error = 0.000645266, marker error: RMS = 0.00488863, max = 0.0135566 (L_Shank_Lateral)
[2026-07-21 00:34:00.923] [info] Frame 261 (t = 2.61):	 total squared error = 0.000616747, marker error: RMS = 0.00477938, max = 0.0130512 (L_Shank_Lateral)
[2026-07-21 00:34:01.033] [info] Frame 262 (t = 2.62):	 total squared error = 0.000596596, marker error: RMS = 0.00470066, max = 0.0125609 (L_Shank_Lateral)
[2026-07-21 00:34:01.107] [info] Frame 263 (t = 2.63):	 total squared error = 0.000590722, marker error: RMS = 0.00467745, max = 0.0124287 (L_Shank_Lateral)
[2026-07-21 00:34:01.180] [info] Frame 264 (t = 2.64):	 total squared error = 0.000588922, marker error: RMS = 0.00467032, max = 0.0121268 (L_Shank_Lateral)
[2026-07-21 00:34:01.240] [info] Frame 265 (t = 2.65):	 total squared error = 0.000591016, marker error: RMS = 0.00467862, max = 0.0118248 (L_Shank_Lateral)
[2026-07-21 00:34:01.303] [info] Frame 266 (t = 2.66):	 total squared error = 0.000588704, marker error: RMS = 0.00466946, max = 0.0111586 (L_Shank_Lateral)
[2026-07-21 00:34:01.389] [info] Frame 267 (t = 2.67):	 total squared error = 0.000582103, marker error: RMS = 0.00464321, max = 0.0101607 (L_Shank_Lateral)
[2026-07-21 00:34:01.464] [info] Frame 268 (t = 2.68):	 total squared error = 0.000569687, marker error: RMS = 0.00459342, max = 0.0100732 (R_Shank_Lateral)
[2026-07-21 00:34:01.532] [info] Frame 269 (t = 2.69):	 total squared error = 0.000559570, marker error: RMS = 0.00455245, max = 0.0103677 (R_Shank_Lateral)
[2026-07-21 00:34:01.593] [info] Frame 270 (t = 2.7):	 total squared error = 0.000557022, marker error: RMS = 0.00454208, max = 0.0105212 (R_Shank_Lateral)
[2026-07-21 00:34:01.688] [info] Frame 271 (t = 2.71):	 total squared error = 0.000557975, marker error: RMS = 0.00454596, max = 0.0110244 (R_Shank_Lateral)
[2026-07-21 00:34:01.774] [info] Frame 272 (t = 2.72):	 total squared error = 0.000579073, marker error: RMS = 0.00463111, max = 0.0112362 (R_Shank_Lateral)
[2026-07-21 00:34:01.831] [info] Frame 273 (t = 2.73):	 total squared error = 0.000617534, marker error: RMS = 0.00478243, max = 0.0114013 (R_Shank_Lateral)
[2026-07-21 00:34:01.866] [info] Frame 274 (t = 2.74):	 total squared error = 0.000676783, marker error: RMS = 0.00500660, max = 0.0114538 (R_Shank_Lateral)
[2026-07-21 00:34:01.962] [info] Frame 275 (t = 2.75):	 total squared error = 0.000709677, marker error: RMS = 0.00512682, max = 0.0116617 (R_Shank_Lateral)
[2026-07-21 00:34:02.044] [info] Frame 276 (t = 2.76):	 total squared error = 0.000756075, marker error: RMS = 0.00529177, max = 0.0115544 (R_Shank_Lateral)
[2026-07-21 00:34:02.155] [info] Frame 277 (t = 2.77):	 total squared error = 0.000791309, marker error: RMS = 0.00541366, max = 0.0116202 (L_Thigh_Lateral)
[2026-07-21 00:34:02.194] [info] Frame 278 (t = 2.78):	 total squared error = 0.000818556, marker error: RMS = 0.00550608, max = 0.0120219 (L_Thigh_Lateral)
[2026-07-21 00:34:02.235] [info] Frame 279 (t = 2.79):	 total squared error = 0.000832775, marker error: RMS = 0.00555369, max = 0.0121584 (L_Thigh_Lateral)
[2026-07-21 00:34:02.297] [info] Frame 280 (t = 2.8):	 total squared error = 0.000835160, marker error: RMS = 0.00556164, max = 0.0120907 (L_Thigh_Lateral)
[2026-07-21 00:34:02.343] [info] Frame 281 (t = 2.81):	 total squared error = 0.000838342, marker error: RMS = 0.00557223, max = 0.0117302 (L_Thigh_Lateral)
[2026-07-21 00:34:02.374] [info] Frame 282 (t = 2.82):	 total squared error = 0.000851434, marker error: RMS = 0.00561557, max = 0.0114722 (L_Thigh_Lateral)
[2026-07-21 00:34:02.428] [info] Frame 283 (t = 2.83):	 total squared error = 0.000860435, marker error: RMS = 0.00564517, max = 0.0111555 (L_Thigh_Lateral)
[2026-07-21 00:34:02.547] [info] Frame 284 (t = 2.84):	 total squared error = 0.000873459, marker error: RMS = 0.00568773, max = 0.0114513 (L_Asis)
[2026-07-21 00:34:02.588] [info] Frame 285 (t = 2.85):	 total squared error = 0.000909212, marker error: RMS = 0.00580297, max = 0.0121336 (L_Asis)
[2026-07-21 00:34:02.660] [info] Frame 286 (t = 2.86):	 total squared error = 0.000954317, marker error: RMS = 0.00594517, max = 0.0130341 (L_Asis)
[2026-07-21 00:34:02.738] [info] Frame 287 (t = 2.87):	 total squared error = 0.000996642, marker error: RMS = 0.00607558, max = 0.0137991 (L_Asis)
[2026-07-21 00:34:02.802] [info] Frame 288 (t = 2.88):	 total squared error = 0.00103251, marker error: RMS = 0.00618395, max = 0.0142332 (L_Asis)
[2026-07-21 00:34:02.865] [info] Frame 289 (t = 2.89):	 total squared error = 0.00105297, marker error: RMS = 0.00624490, max = 0.0146301 (L_Asis)
[2026-07-21 00:34:02.955] [info] Frame 290 (t = 2.9):	 total squared error = 0.00104236, marker error: RMS = 0.00621337, max = 0.0146857 (L_Asis)
[2026-07-21 00:34:03.027] [info] Frame 291 (t = 2.91):	 total squared error = 0.00101058, marker error: RMS = 0.00611790, max = 0.0145395 (L_Asis)
[2026-07-21 00:34:03.074] [info] Frame 292 (t = 2.92):	 total squared error = 0.000952321, marker error: RMS = 0.00593895, max = 0.0141952 (L_Asis)
[2026-07-21 00:34:03.125] [info] Frame 293 (t = 2.93):	 total squared error = 0.000875987, marker error: RMS = 0.00569596, max = 0.0135169 (L_Asis)
[2026-07-21 00:34:03.215] [info] Frame 294 (t = 2.94):	 total squared error = 0.000777204, marker error: RMS = 0.00536520, max = 0.0126269 (R_Asis)
[2026-07-21 00:34:03.265] [info] Frame 295 (t = 2.95):	 total squared error = 0.000693903, marker error: RMS = 0.00506953, max = 0.0120558 (R_Asis)
[2026-07-21 00:34:03.278] [info] InverseKinematicsTool completed 256 frames in 18 second(s).
[2026-07-21 00:34:03.389] [info] Loaded model TCV09-scaled from file C:\Users\migue\Downloads\TFG\2_JMP\TVC09\Walk_2\TVC09_2_JMP_results\TVC09_2_NMSM_JMP_06_shoulder_elbow.osim
[2026-07-21 00:34:05.079] [warning] Coordinate.setValue:  coordinate pro_sup_r is locked. Unable to change its value.
[2026-07-21 00:34:05.192] [warning] Coordinate.setValue:  coordinate pro_sup_l is locked. Unable to change its value.
[2026-07-21 00:36:10.163] [info] Loaded model TCV09-scaled from file C:\Users\migue\Downloads\TFG\2_JMP\TVC09\Walk_2\TVC09_2_JMP_results\TVC09_2_NMSM_JMP_07_upper_limb_final.osim
[2026-07-21 00:36:10.222] [cout] [info] 
               MODEL: TCV09-scaled
         coordinates: 41
              forces: 103
           actuators: 103
             muscles: 86
            analyses: 0
              probes: 0
              bodies: 24
              joints: 24
         constraints: 2
             markers: 27
         controllers: 0
  contact geometries: 0
misc modelcomponents: 0
[2026-07-21 00:36:10.222] [info] Running tool .
[2026-07-21 00:36:10.523] [info] Frame 40 (t = 0.4):	 total squared error = 0.000871133, marker error: RMS = 0.00568016, max = 0.0141151 (L_Thigh_Lateral)
[2026-07-21 00:36:10.556] [info] Frame 41 (t = 0.41):	 total squared error = 0.000897315, marker error: RMS = 0.00576488, max = 0.0143641 (L_Thigh_Lateral)
[2026-07-21 00:36:10.606] [info] Frame 42 (t = 0.42):	 total squared error = 0.000894248, marker error: RMS = 0.00575502, max = 0.0139805 (L_Thigh_Lateral)
[2026-07-21 00:36:10.658] [info] Frame 43 (t = 0.43):	 total squared error = 0.000872185, marker error: RMS = 0.00568359, max = 0.0129212 (L_Thigh_Lateral)
[2026-07-21 00:36:10.719] [info] Frame 44 (t = 0.44):	 total squared error = 0.000834469, marker error: RMS = 0.00555934, max = 0.0114823 (L_Thigh_Lateral)
[2026-07-21 00:36:10.761] [info] Frame 45 (t = 0.45):	 total squared error = 0.000786651, marker error: RMS = 0.00539770, max = 0.00990294 (L_Thigh_Lateral)
[2026-07-21 00:36:10.811] [info] Frame 46 (t = 0.46):	 total squared error = 0.000740227, marker error: RMS = 0.00523601, max = 0.00983882 (Sternum)
[2026-07-21 00:36:10.841] [info] Frame 47 (t = 0.47):	 total squared error = 0.000700117, marker error: RMS = 0.00509218, max = 0.00992109 (Sternum)
[2026-07-21 00:36:10.927] [info] Frame 48 (t = 0.48):	 total squared error = 0.000650577, marker error: RMS = 0.00490871, max = 0.00972030 (Sternum)
[2026-07-21 00:36:10.978] [info] Frame 49 (t = 0.49):	 total squared error = 0.000627158, marker error: RMS = 0.00481955, max = 0.00965506 (Sternum)
[2026-07-21 00:36:11.032] [info] Frame 50 (t = 0.5):	 total squared error = 0.000611270, marker error: RMS = 0.00475811, max = 0.00949202 (Sternum)
[2026-07-21 00:36:11.095] [info] Frame 51 (t = 0.51):	 total squared error = 0.000595936, marker error: RMS = 0.00469805, max = 0.00922906 (Sternum)
[2026-07-21 00:36:11.155] [info] Frame 52 (t = 0.52):	 total squared error = 0.000577980, marker error: RMS = 0.00462673, max = 0.00891962 (L_Asis)
[2026-07-21 00:36:11.192] [info] Frame 53 (t = 0.53):	 total squared error = 0.000554225, marker error: RMS = 0.00453066, max = 0.00889392 (L_Asis)
[2026-07-21 00:36:11.240] [info] Frame 54 (t = 0.54):	 total squared error = 0.000527822, marker error: RMS = 0.00442142, max = 0.00874925 (L_Asis)
[2026-07-21 00:36:11.289] [info] Frame 55 (t = 0.55):	 total squared error = 0.000497506, marker error: RMS = 0.00429257, max = 0.00821733 (L_Asis)
[2026-07-21 00:36:11.376] [info] Frame 56 (t = 0.56):	 total squared error = 0.000459511, marker error: RMS = 0.00412540, max = 0.00803799 (R_Asis)
[2026-07-21 00:36:11.416] [info] Frame 57 (t = 0.57):	 total squared error = 0.000430948, marker error: RMS = 0.00399512, max = 0.00772636 (R_Asis)
[2026-07-21 00:36:11.458] [info] Frame 58 (t = 0.58):	 total squared error = 0.000407898, marker error: RMS = 0.00388682, max = 0.00786674 (R_Ankle_Lateral)
[2026-07-21 00:36:11.505] [info] Frame 59 (t = 0.59):	 total squared error = 0.000391993, marker error: RMS = 0.00381028, max = 0.00802473 (R_Ankle_Lateral)
[2026-07-21 00:36:11.564] [info] Frame 60 (t = 0.6):	 total squared error = 0.000378936, marker error: RMS = 0.00374629, max = 0.00801089 (R_Ankle_Lateral)
[2026-07-21 00:36:11.645] [info] Frame 61 (t = 0.61):	 total squared error = 0.000370391, marker error: RMS = 0.00370380, max = 0.00793072 (R_Ankle_Lateral)
[2026-07-21 00:36:11.706] [info] Frame 62 (t = 0.62):	 total squared error = 0.000372301, marker error: RMS = 0.00371334, max = 0.00794258 (R_Ankle_Lateral)
[2026-07-21 00:36:11.778] [info] Frame 63 (t = 0.63):	 total squared error = 0.000381181, marker error: RMS = 0.00375737, max = 0.00808057 (R_Shank_Lateral)
[2026-07-21 00:36:11.847] [info] Frame 64 (t = 0.64):	 total squared error = 0.000399778, marker error: RMS = 0.00384793, max = 0.00883523 (R_Shank_Lateral)
[2026-07-21 00:36:11.933] [info] Frame 65 (t = 0.65):	 total squared error = 0.000428738, marker error: RMS = 0.00398487, max = 0.00963607 (R_Shank_Lateral)
[2026-07-21 00:36:11.991] [info] Frame 66 (t = 0.66):	 total squared error = 0.000466987, marker error: RMS = 0.00415882, max = 0.0103102 (R_Shank_Lateral)
[2026-07-21 00:36:12.046] [info] Frame 67 (t = 0.67):	 total squared error = 0.000510422, marker error: RMS = 0.00434793, max = 0.0110901 (R_Shank_Lateral)
[2026-07-21 00:36:12.102] [info] Frame 68 (t = 0.68):	 total squared error = 0.000556588, marker error: RMS = 0.00454031, max = 0.0117852 (R_Shank_Lateral)
[2026-07-21 00:36:12.165] [info] Frame 69 (t = 0.69):	 total squared error = 0.000605291, marker error: RMS = 0.00473479, max = 0.0125060 (R_Shank_Lateral)
[2026-07-21 00:36:12.232] [info] Frame 70 (t = 0.7):	 total squared error = 0.000658787, marker error: RMS = 0.00493959, max = 0.0134295 (R_Shank_Lateral)
[2026-07-21 00:36:12.304] [info] Frame 71 (t = 0.71):	 total squared error = 0.000718452, marker error: RMS = 0.00515842, max = 0.0145069 (R_Shank_Lateral)
[2026-07-21 00:36:12.349] [info] Frame 72 (t = 0.72):	 total squared error = 0.000797768, marker error: RMS = 0.00543571, max = 0.0155804 (R_Shank_Lateral)
[2026-07-21 00:36:12.405] [info] Frame 73 (t = 0.73):	 total squared error = 0.000868191, marker error: RMS = 0.00567056, max = 0.0171889 (R_Shank_Lateral)
[2026-07-21 00:36:12.502] [info] Frame 74 (t = 0.74):	 total squared error = 0.000948464, marker error: RMS = 0.00592691, max = 0.0189161 (R_Shank_Lateral)
[2026-07-21 00:36:12.562] [info] Frame 75 (t = 0.75):	 total squared error = 0.00104121, marker error: RMS = 0.00620995, max = 0.0204353 (R_Shank_Lateral)
[2026-07-21 00:36:12.612] [info] Frame 76 (t = 0.76):	 total squared error = 0.00113857, marker error: RMS = 0.00649378, max = 0.0220115 (R_Shank_Lateral)
[2026-07-21 00:36:12.669] [info] Frame 77 (t = 0.77):	 total squared error = 0.00123192, marker error: RMS = 0.00675476, max = 0.0234329 (R_Shank_Lateral)
[2026-07-21 00:36:12.716] [info] Frame 78 (t = 0.78):	 total squared error = 0.00131905, marker error: RMS = 0.00698954, max = 0.0246504 (R_Shank_Lateral)
[2026-07-21 00:36:12.763] [info] Frame 79 (t = 0.79):	 total squared error = 0.00138863, marker error: RMS = 0.00717151, max = 0.0256348 (R_Shank_Lateral)
[2026-07-21 00:36:12.833] [info] Frame 80 (t = 0.8):	 total squared error = 0.00143602, marker error: RMS = 0.00729288, max = 0.0262535 (R_Shank_Lateral)
[2026-07-21 00:36:12.905] [info] Frame 81 (t = 0.81):	 total squared error = 0.00145981, marker error: RMS = 0.00735304, max = 0.026596 (R_Shank_Lateral)
[2026-07-21 00:36:12.936] [info] Frame 82 (t = 0.82):	 total squared error = 0.00147223, marker error: RMS = 0.00738424, max = 0.0267189 (R_Shank_Lateral)
[2026-07-21 00:36:13.003] [info] Frame 83 (t = 0.83):	 total squared error = 0.00143802, marker error: RMS = 0.00729795, max = 0.0262711 (R_Shank_Lateral)
[2026-07-21 00:36:13.065] [info] Frame 84 (t = 0.84):	 total squared error = 0.00140173, marker error: RMS = 0.00720526, max = 0.0257872 (R_Shank_Lateral)
[2026-07-21 00:36:13.105] [info] Frame 85 (t = 0.85):	 total squared error = 0.00136009, marker error: RMS = 0.00709746, max = 0.0250966 (R_Shank_Lateral)
[2026-07-21 00:36:13.165] [info] Frame 86 (t = 0.86):	 total squared error = 0.00130953, marker error: RMS = 0.00696428, max = 0.0243314 (R_Shank_Lateral)
[2026-07-21 00:36:13.226] [info] Frame 87 (t = 0.87):	 total squared error = 0.00126329, marker error: RMS = 0.00684020, max = 0.0234292 (R_Shank_Lateral)
[2026-07-21 00:36:13.284] [info] Frame 88 (t = 0.88):	 total squared error = 0.00122281, marker error: RMS = 0.00672974, max = 0.0227126 (R_Shank_Lateral)
[2026-07-21 00:36:13.337] [info] Frame 89 (t = 0.89):	 total squared error = 0.00118821, marker error: RMS = 0.00663384, max = 0.0219883 (R_Shank_Lateral)
[2026-07-21 00:36:13.371] [info] Frame 90 (t = 0.9):	 total squared error = 0.00116261, marker error: RMS = 0.00656199, max = 0.0213633 (R_Shank_Lateral)
[2026-07-21 00:36:13.442] [info] Frame 91 (t = 0.91):	 total squared error = 0.00111928, marker error: RMS = 0.00643854, max = 0.0203162 (R_Shank_Lateral)
[2026-07-21 00:36:13.500] [info] Frame 92 (t = 0.92):	 total squared error = 0.00108112, marker error: RMS = 0.00632784, max = 0.0194416 (R_Shank_Lateral)
[2026-07-21 00:36:13.565] [info] Frame 93 (t = 0.93):	 total squared error = 0.00103443, marker error: RMS = 0.00618968, max = 0.0184147 (R_Shank_Lateral)
[2026-07-21 00:36:13.637] [info] Frame 94 (t = 0.94):	 total squared error = 0.000976902, marker error: RMS = 0.00601511, max = 0.017136 (R_Shank_Lateral)
[2026-07-21 00:36:13.746] [info] Frame 95 (t = 0.95):	 total squared error = 0.000904419, marker error: RMS = 0.00578766, max = 0.0154862 (R_Shank_Lateral)
[2026-07-21 00:36:13.795] [info] Frame 96 (t = 0.96):	 total squared error = 0.000835630, marker error: RMS = 0.00556321, max = 0.0142793 (R_Shank_Lateral)
[2026-07-21 00:36:13.905] [info] Frame 97 (t = 0.97):	 total squared error = 0.000748742, marker error: RMS = 0.00526604, max = 0.0119926 (R_Shank_Lateral)
[2026-07-21 00:36:13.965] [info] Frame 98 (t = 0.98):	 total squared error = 0.000681140, marker error: RMS = 0.00502269, max = 0.0103747 (R_Thigh_Lateral)
[2026-07-21 00:36:14.079] [info] Frame 99 (t = 0.99):	 total squared error = 0.000608079, marker error: RMS = 0.00474568, max = 0.0101100 (L_Thigh_Lateral)
[2026-07-21 00:36:14.148] [info] Frame 100 (t = 1.0):	 total squared error = 0.000560936, marker error: RMS = 0.00455800, max = 0.0101719 (L_Thigh_Lateral)
[2026-07-21 00:36:14.261] [info] Frame 101 (t = 1.01):	 total squared error = 0.000524574, marker error: RMS = 0.00440780, max = 0.0103113 (L_Thigh_Lateral)
[2026-07-21 00:36:14.326] [info] Frame 102 (t = 1.02):	 total squared error = 0.000518541, marker error: RMS = 0.00438238, max = 0.0104135 (L_Thigh_Lateral)
[2026-07-21 00:36:14.379] [info] Frame 103 (t = 1.03):	 total squared error = 0.000534874, marker error: RMS = 0.00445086, max = 0.0105476 (L_Thigh_Lateral)
[2026-07-21 00:36:14.442] [info] Frame 104 (t = 1.04):	 total squared error = 0.000560415, marker error: RMS = 0.00455589, max = 0.0109398 (R_Thigh_Lateral)
[2026-07-21 00:36:14.532] [info] Frame 105 (t = 1.05):	 total squared error = 0.000594933, marker error: RMS = 0.00469410, max = 0.0116284 (R_Thigh_Lateral)
[2026-07-21 00:36:14.727] [info] Frame 106 (t = 1.06):	 total squared error = 0.000646733, marker error: RMS = 0.00489419, max = 0.0126255 (R_Thigh_Lateral)
[2026-07-21 00:36:14.809] [info] Frame 107 (t = 1.07):	 total squared error = 0.000706225, marker error: RMS = 0.00511434, max = 0.0137289 (R_Thigh_Lateral)
[2026-07-21 00:36:14.847] [info] Frame 108 (t = 1.08):	 total squared error = 0.000781736, marker error: RMS = 0.00538082, max = 0.0149598 (R_Thigh_Lateral)
[2026-07-21 00:36:14.906] [info] Frame 109 (t = 1.09):	 total squared error = 0.000799720, marker error: RMS = 0.00544236, max = 0.0155301 (R_Thigh_Lateral)
[2026-07-21 00:36:14.973] [info] Frame 110 (t = 1.1):	 total squared error = 0.000817325, marker error: RMS = 0.00550194, max = 0.0160135 (R_Thigh_Lateral)
[2026-07-21 00:36:15.014] [info] Frame 111 (t = 1.11):	 total squared error = 0.000806284, marker error: RMS = 0.00546465, max = 0.0157477 (R_Thigh_Lateral)
[2026-07-21 00:36:15.085] [info] Frame 112 (t = 1.12):	 total squared error = 0.000749042, marker error: RMS = 0.00526710, max = 0.0150394 (R_Thigh_Lateral)
[2026-07-21 00:36:15.114] [info] Frame 113 (t = 1.13):	 total squared error = 0.000668807, marker error: RMS = 0.00497701, max = 0.013142 (R_Thigh_Lateral)
[2026-07-21 00:36:15.166] [info] Frame 114 (t = 1.14):	 total squared error = 0.000559613, marker error: RMS = 0.00455263, max = 0.0111091 (R_Thigh_Lateral)
[2026-07-21 00:36:15.208] [info] Frame 115 (t = 1.15):	 total squared error = 0.000454338, marker error: RMS = 0.00410211, max = 0.00995439 (L_Thigh_Lateral)
[2026-07-21 00:36:15.273] [info] Frame 116 (t = 1.16):	 total squared error = 0.000372867, marker error: RMS = 0.00371617, max = 0.00949739 (L_Thigh_Lateral)
[2026-07-21 00:36:15.315] [info] Frame 117 (t = 1.17):	 total squared error = 0.000328927, marker error: RMS = 0.00349034, max = 0.00912919 (L_Thigh_Lateral)
[2026-07-21 00:36:15.436] [info] Frame 118 (t = 1.18):	 total squared error = 0.000319007, marker error: RMS = 0.00343731, max = 0.00868557 (L_Thigh_Lateral)
[2026-07-21 00:36:15.517] [info] Frame 119 (t = 1.19):	 total squared error = 0.000340232, marker error: RMS = 0.00354982, max = 0.00863795 (L_Thigh_Lateral)
[2026-07-21 00:36:15.587] [info] Frame 120 (t = 1.2):	 total squared error = 0.000392454, marker error: RMS = 0.00381252, max = 0.00904911 (L_Thigh_Lateral)
[2026-07-21 00:36:15.715] [info] Frame 121 (t = 1.21):	 total squared error = 0.000465482, marker error: RMS = 0.00415212, max = 0.0100058 (L_Thigh_Lateral)
[2026-07-21 00:36:15.777] [info] Frame 122 (t = 1.22):	 total squared error = 0.000544037, marker error: RMS = 0.00448882, max = 0.0109433 (L_Thigh_Lateral)
[2026-07-21 00:36:15.843] [info] Frame 123 (t = 1.23):	 total squared error = 0.000616927, marker error: RMS = 0.00478008, max = 0.0129021 (L_Shank_Lateral)
[2026-07-21 00:36:15.913] [info] Frame 124 (t = 1.24):	 total squared error = 0.000679436, marker error: RMS = 0.00501640, max = 0.0141889 (L_Shank_Lateral)
[2026-07-21 00:36:16.002] [info] Frame 125 (t = 1.25):	 total squared error = 0.000716135, marker error: RMS = 0.00515010, max = 0.0154223 (L_Shank_Lateral)
[2026-07-21 00:36:16.061] [info] Frame 126 (t = 1.26):	 total squared error = 0.000734010, marker error: RMS = 0.00521398, max = 0.0155689 (L_Shank_Lateral)
[2026-07-21 00:36:16.119] [info] Frame 127 (t = 1.27):	 total squared error = 0.000727056, marker error: RMS = 0.00518922, max = 0.0157867 (L_Shank_Lateral)
[2026-07-21 00:36:16.206] [info] Frame 128 (t = 1.28):	 total squared error = 0.000698620, marker error: RMS = 0.00508673, max = 0.0161617 (L_Shank_Lateral)
[2026-07-21 00:36:16.264] [info] Frame 129 (t = 1.29):	 total squared error = 0.000676399, marker error: RMS = 0.00500518, max = 0.0154083 (L_Shank_Lateral)
[2026-07-21 00:36:16.321] [info] Frame 130 (t = 1.3):	 total squared error = 0.000659318, marker error: RMS = 0.00494158, max = 0.0150873 (L_Shank_Lateral)
[2026-07-21 00:36:16.383] [info] Frame 131 (t = 1.31):	 total squared error = 0.000641944, marker error: RMS = 0.00487603, max = 0.0152455 (L_Shank_Lateral)
[2026-07-21 00:36:16.434] [info] Frame 132 (t = 1.32):	 total squared error = 0.000641353, marker error: RMS = 0.00487379, max = 0.0148426 (L_Shank_Lateral)
[2026-07-21 00:36:16.491] [info] Frame 133 (t = 1.33):	 total squared error = 0.000645110, marker error: RMS = 0.00488804, max = 0.014688 (L_Shank_Lateral)
[2026-07-21 00:36:16.587] [info] Frame 134 (t = 1.34):	 total squared error = 0.000647635, marker error: RMS = 0.00489760, max = 0.0149735 (L_Shank_Lateral)
[2026-07-21 00:36:16.635] [info] Frame 135 (t = 1.35):	 total squared error = 0.000661927, marker error: RMS = 0.00495135, max = 0.0144617 (L_Shank_Lateral)
[2026-07-21 00:36:16.686] [info] Frame 136 (t = 1.36):	 total squared error = 0.000677938, marker error: RMS = 0.00501087, max = 0.014252 (L_Shank_Lateral)
[2026-07-21 00:36:16.768] [info] Frame 137 (t = 1.37):	 total squared error = 0.000689739, marker error: RMS = 0.00505429, max = 0.0144852 (L_Shank_Lateral)
[2026-07-21 00:36:16.814] [info] Frame 138 (t = 1.38):	 total squared error = 0.000713940, marker error: RMS = 0.00514220, max = 0.0144828 (L_Shank_Lateral)
[2026-07-21 00:36:16.862] [info] Frame 139 (t = 1.39):	 total squared error = 0.000738013, marker error: RMS = 0.00522818, max = 0.0147807 (L_Shank_Lateral)
[2026-07-21 00:36:16.925] [info] Frame 140 (t = 1.4):	 total squared error = 0.000757570, marker error: RMS = 0.00529700, max = 0.0153432 (L_Shank_Lateral)
[2026-07-21 00:36:17.010] [info] Frame 141 (t = 1.41):	 total squared error = 0.000776850, marker error: RMS = 0.00536397, max = 0.0158985 (L_Shank_Lateral)
[2026-07-21 00:36:17.089] [info] Frame 142 (t = 1.42):	 total squared error = 0.000801420, marker error: RMS = 0.00544814, max = 0.0166198 (L_Shank_Lateral)
[2026-07-21 00:36:17.156] [info] Frame 143 (t = 1.43):	 total squared error = 0.000827538, marker error: RMS = 0.00553620, max = 0.0173482 (L_Shank_Lateral)
[2026-07-21 00:36:17.267] [info] Frame 144 (t = 1.44):	 total squared error = 0.000839375, marker error: RMS = 0.00557566, max = 0.0174939 (L_Shank_Lateral)
[2026-07-21 00:36:17.365] [info] Frame 145 (t = 1.45):	 total squared error = 0.000849018, marker error: RMS = 0.00560760, max = 0.0177176 (L_Shank_Lateral)
[2026-07-21 00:36:17.445] [info] Frame 146 (t = 1.46):	 total squared error = 0.000844740, marker error: RMS = 0.00559345, max = 0.0177856 (L_Shank_Lateral)
[2026-07-21 00:36:17.517] [info] Frame 147 (t = 1.47):	 total squared error = 0.000820402, marker error: RMS = 0.00551228, max = 0.0172338 (L_Shank_Lateral)
[2026-07-21 00:36:17.594] [info] Frame 148 (t = 1.48):	 total squared error = 0.000773148, marker error: RMS = 0.00535118, max = 0.0161418 (L_Shank_Lateral)
[2026-07-21 00:36:17.655] [info] Frame 149 (t = 1.49):	 total squared error = 0.000716309, marker error: RMS = 0.00515072, max = 0.0150724 (L_Shank_Lateral)
[2026-07-21 00:36:17.730] [info] Frame 150 (t = 1.5):	 total squared error = 0.000617906, marker error: RMS = 0.00478387, max = 0.0123082 (L_Shank_Lateral)
[2026-07-21 00:36:17.796] [info] Frame 151 (t = 1.51):	 total squared error = 0.000531241, marker error: RMS = 0.00443572, max = 0.0102656 (R_Shank_Lateral)
[2026-07-21 00:36:17.899] [info] Frame 152 (t = 1.52):	 total squared error = 0.000462490, marker error: RMS = 0.00413875, max = 0.0102088 (R_Shank_Lateral)
[2026-07-21 00:36:17.980] [info] Frame 153 (t = 1.53):	 total squared error = 0.000418980, marker error: RMS = 0.00393926, max = 0.0103489 (R_Shank_Lateral)
[2026-07-21 00:36:18.074] [info] Frame 154 (t = 1.54):	 total squared error = 0.000408470, marker error: RMS = 0.00388954, max = 0.0106266 (R_Shank_Lateral)
[2026-07-21 00:36:18.140] [info] Frame 155 (t = 1.55):	 total squared error = 0.000439075, marker error: RMS = 0.00403262, max = 0.0106625 (R_Shank_Lateral)
[2026-07-21 00:36:18.235] [info] Frame 156 (t = 1.56):	 total squared error = 0.000489740, marker error: RMS = 0.00425893, max = 0.0108713 (R_Shank_Lateral)
[2026-07-21 00:36:18.361] [info] Frame 157 (t = 1.57):	 total squared error = 0.000552851, marker error: RMS = 0.00452504, max = 0.0110341 (R_Shank_Lateral)
[2026-07-21 00:36:18.440] [info] Frame 158 (t = 1.58):	 total squared error = 0.000614099, marker error: RMS = 0.00476911, max = 0.0112061 (R_Shank_Lateral)
[2026-07-21 00:36:18.498] [info] Frame 159 (t = 1.59):	 total squared error = 0.000665637, marker error: RMS = 0.00496520, max = 0.0116835 (L_Thigh_Lateral)
[2026-07-21 00:36:18.542] [info] Frame 160 (t = 1.6):	 total squared error = 0.000704130, marker error: RMS = 0.00510675, max = 0.0123032 (L_Thigh_Lateral)
[2026-07-21 00:36:18.598] [info] Frame 161 (t = 1.61):	 total squared error = 0.000716000, marker error: RMS = 0.00514961, max = 0.0126395 (L_Thigh_Lateral)
[2026-07-21 00:36:18.648] [info] Frame 162 (t = 1.62):	 total squared error = 0.000721897, marker error: RMS = 0.00517078, max = 0.0126825 (L_Thigh_Lateral)
[2026-07-21 00:36:18.701] [info] Frame 163 (t = 1.63):	 total squared error = 0.000714403, marker error: RMS = 0.00514387, max = 0.0126262 (L_Thigh_Lateral)
[2026-07-21 00:36:18.765] [info] Frame 164 (t = 1.64):	 total squared error = 0.000702714, marker error: RMS = 0.00510161, max = 0.0119504 (L_Thigh_Lateral)
[2026-07-21 00:36:18.803] [info] Frame 165 (t = 1.65):	 total squared error = 0.000699438, marker error: RMS = 0.00508971, max = 0.0119045 (L_Thigh_Lateral)
[2026-07-21 00:36:18.866] [info] Frame 166 (t = 1.66):	 total squared error = 0.000699023, marker error: RMS = 0.00508820, max = 0.0117148 (L_Thigh_Lateral)
[2026-07-21 00:36:18.902] [info] Frame 167 (t = 1.67):	 total squared error = 0.000710750, marker error: RMS = 0.00513070, max = 0.0118822 (L_Thigh_Lateral)
[2026-07-21 00:36:18.998] [info] Frame 168 (t = 1.68):	 total squared error = 0.000719440, marker error: RMS = 0.00516197, max = 0.0108301 (L_Thigh_Lateral)
[2026-07-21 00:36:19.056] [info] Frame 169 (t = 1.69):	 total squared error = 0.000747360, marker error: RMS = 0.00526118, max = 0.0112232 (L_Thigh_Lateral)
[2026-07-21 00:36:19.108] [info] Frame 170 (t = 1.7):	 total squared error = 0.000782695, marker error: RMS = 0.00538411, max = 0.0115878 (L_Thigh_Lateral)
[2026-07-21 00:36:19.143] [info] Frame 171 (t = 1.71):	 total squared error = 0.000821494, marker error: RMS = 0.00551595, max = 0.0118866 (L_Thigh_Lateral)
[2026-07-21 00:36:19.227] [info] Frame 172 (t = 1.72):	 total squared error = 0.000844946, marker error: RMS = 0.00559413, max = 0.0118493 (L_Asis)
[2026-07-21 00:36:19.285] [info] Frame 173 (t = 1.73):	 total squared error = 0.000858645, marker error: RMS = 0.00563930, max = 0.0123868 (L_Asis)
[2026-07-21 00:36:19.324] [info] Frame 174 (t = 1.74):	 total squared error = 0.000849471, marker error: RMS = 0.00560909, max = 0.0125772 (L_Asis)
[2026-07-21 00:36:19.375] [info] Frame 175 (t = 1.75):	 total squared error = 0.000818507, marker error: RMS = 0.00550591, max = 0.0130077 (L_Asis)
[2026-07-21 00:36:19.471] [info] Frame 176 (t = 1.76):	 total squared error = 0.000744785, marker error: RMS = 0.00525211, max = 0.0121743 (L_Asis)
[2026-07-21 00:36:19.536] [info] Frame 177 (t = 1.77):	 total squared error = 0.000673465, marker error: RMS = 0.00499431, max = 0.011741 (L_Asis)
[2026-07-21 00:36:19.588] [info] Frame 178 (t = 1.78):	 total squared error = 0.000601382, marker error: RMS = 0.00471947, max = 0.0112864 (L_Asis)
[2026-07-21 00:36:19.665] [info] Frame 179 (t = 1.79):	 total squared error = 0.000516739, marker error: RMS = 0.00437475, max = 0.0104463 (R_Asis)
[2026-07-21 00:36:19.713] [info] Frame 180 (t = 1.8):	 total squared error = 0.000450844, marker error: RMS = 0.00408631, max = 0.00969557 (R_Asis)
[2026-07-21 00:36:19.780] [info] Frame 181 (t = 1.81):	 total squared error = 0.000385567, marker error: RMS = 0.00377892, max = 0.00943845 (R_Asis)
[2026-07-21 00:36:19.839] [info] Frame 182 (t = 1.82):	 total squared error = 0.000342663, marker error: RMS = 0.00356247, max = 0.00858105 (R_Asis)
[2026-07-21 00:36:19.900] [info] Frame 183 (t = 1.83):	 total squared error = 0.000320941, marker error: RMS = 0.00344771, max = 0.00791110 (R_Asis)
[2026-07-21 00:36:19.963] [info] Frame 184 (t = 1.84):	 total squared error = 0.000327043, marker error: RMS = 0.00348033, max = 0.00721866 (R_Asis)
[2026-07-21 00:36:20.023] [info] Frame 185 (t = 1.85):	 total squared error = 0.000360992, marker error: RMS = 0.00365651, max = 0.00768911 (R_Shank_Lateral)
[2026-07-21 00:36:20.088] [info] Frame 186 (t = 1.86):	 total squared error = 0.000413519, marker error: RMS = 0.00391351, max = 0.00893271 (R_Shank_Lateral)
[2026-07-21 00:36:20.162] [info] Frame 187 (t = 1.87):	 total squared error = 0.000474928, marker error: RMS = 0.00419403, max = 0.0103218 (R_Shank_Lateral)
[2026-07-21 00:36:20.212] [info] Frame 188 (t = 1.88):	 total squared error = 0.000533592, marker error: RMS = 0.00444552, max = 0.011437 (R_Shank_Lateral)
[2026-07-21 00:36:20.300] [info] Frame 189 (t = 1.89):	 total squared error = 0.000578728, marker error: RMS = 0.00462972, max = 0.0125966 (R_Shank_Lateral)
[2026-07-21 00:36:20.353] [info] Frame 190 (t = 1.9):	 total squared error = 0.000615190, marker error: RMS = 0.00477334, max = 0.0132185 (R_Shank_Lateral)
[2026-07-21 00:36:20.415] [info] Frame 191 (t = 1.91):	 total squared error = 0.000646998, marker error: RMS = 0.00489519, max = 0.0139877 (R_Shank_Lateral)
[2026-07-21 00:36:20.471] [info] Frame 192 (t = 1.92):	 total squared error = 0.000681608, marker error: RMS = 0.00502442, max = 0.0147513 (R_Shank_Lateral)
[2026-07-21 00:36:20.511] [info] Frame 193 (t = 1.93):	 total squared error = 0.000729853, marker error: RMS = 0.00519919, max = 0.0155642 (R_Shank_Lateral)
[2026-07-21 00:36:20.578] [info] Frame 194 (t = 1.94):	 total squared error = 0.000776961, marker error: RMS = 0.00536436, max = 0.0167972 (R_Shank_Lateral)
[2026-07-21 00:36:20.639] [info] Frame 195 (t = 1.95):	 total squared error = 0.000841119, marker error: RMS = 0.00558145, max = 0.0178343 (R_Shank_Lateral)
[2026-07-21 00:36:20.695] [info] Frame 196 (t = 1.96):	 total squared error = 0.000909499, marker error: RMS = 0.00580389, max = 0.0189 (R_Shank_Lateral)
[2026-07-21 00:36:20.789] [info] Frame 197 (t = 1.97):	 total squared error = 0.000972622, marker error: RMS = 0.00600192, max = 0.0200196 (R_Shank_Lateral)
[2026-07-21 00:36:20.843] [info] Frame 198 (t = 1.98):	 total squared error = 0.00103597, marker error: RMS = 0.00619428, max = 0.0208893 (R_Shank_Lateral)
[2026-07-21 00:36:20.888] [info] Frame 199 (t = 1.99):	 total squared error = 0.00109275, marker error: RMS = 0.00636178, max = 0.0217146 (R_Shank_Lateral)
[2026-07-21 00:36:20.933] [info] Frame 200 (t = 2.0):	 total squared error = 0.00114242, marker error: RMS = 0.00650475, max = 0.0224014 (R_Shank_Lateral)
[2026-07-21 00:36:20.979] [info] Frame 201 (t = 2.01):	 total squared error = 0.00118499, marker error: RMS = 0.00662483, max = 0.0229369 (R_Shank_Lateral)
[2026-07-21 00:36:21.027] [info] Frame 202 (t = 2.02):	 total squared error = 0.00122067, marker error: RMS = 0.00672383, max = 0.0234996 (R_Shank_Lateral)
[2026-07-21 00:36:21.113] [info] Frame 203 (t = 2.03):	 total squared error = 0.00124822, marker error: RMS = 0.00679929, max = 0.0239446 (R_Shank_Lateral)
[2026-07-21 00:36:21.176] [info] Frame 204 (t = 2.04):	 total squared error = 0.00127480, marker error: RMS = 0.00687131, max = 0.0243341 (R_Shank_Lateral)
[2026-07-21 00:36:21.226] [info] Frame 205 (t = 2.05):	 total squared error = 0.00129965, marker error: RMS = 0.00693795, max = 0.0247627 (R_Shank_Lateral)
[2026-07-21 00:36:21.312] [info] Frame 206 (t = 2.06):	 total squared error = 0.00131560, marker error: RMS = 0.00698040, max = 0.0249832 (R_Shank_Lateral)
[2026-07-21 00:36:21.366] [info] Frame 207 (t = 2.07):	 total squared error = 0.00133308, marker error: RMS = 0.00702662, max = 0.0253539 (R_Shank_Lateral)
[2026-07-21 00:36:21.429] [info] Frame 208 (t = 2.08):	 total squared error = 0.00134117, marker error: RMS = 0.00704790, max = 0.0254672 (R_Shank_Lateral)
[2026-07-21 00:36:21.501] [info] Frame 209 (t = 2.09):	 total squared error = 0.00134135, marker error: RMS = 0.00704838, max = 0.0255288 (R_Shank_Lateral)
[2026-07-21 00:36:21.557] [info] Frame 210 (t = 2.1):	 total squared error = 0.00133112, marker error: RMS = 0.00702144, max = 0.0255122 (R_Shank_Lateral)
[2026-07-21 00:36:21.618] [info] Frame 211 (t = 2.11):	 total squared error = 0.00129638, marker error: RMS = 0.00692923, max = 0.0249133 (R_Shank_Lateral)
[2026-07-21 00:36:21.702] [info] Frame 212 (t = 2.12):	 total squared error = 0.00123439, marker error: RMS = 0.00676152, max = 0.0238725 (R_Shank_Lateral)
[2026-07-21 00:36:21.785] [info] Frame 213 (t = 2.13):	 total squared error = 0.00114735, marker error: RMS = 0.00651878, max = 0.0226457 (R_Shank_Lateral)
[2026-07-21 00:36:21.842] [info] Frame 214 (t = 2.14):	 total squared error = 0.00103743, marker error: RMS = 0.00619865, max = 0.0209231 (R_Shank_Lateral)
[2026-07-21 00:36:21.957] [info] Frame 215 (t = 2.15):	 total squared error = 0.000890243, marker error: RMS = 0.00574212, max = 0.0178788 (R_Shank_Lateral)
[2026-07-21 00:36:22.185] [info] Frame 216 (t = 2.16):	 total squared error = 0.000740104, marker error: RMS = 0.00523558, max = 0.014636 (R_Shank_Lateral)
[2026-07-21 00:36:22.299] [info] Frame 217 (t = 2.17):	 total squared error = 0.000610652, marker error: RMS = 0.00475571, max = 0.0116214 (R_Shank_Lateral)
[2026-07-21 00:36:22.362] [info] Frame 218 (t = 2.18):	 total squared error = 0.000513314, marker error: RMS = 0.00436023, max = 0.0106895 (L_Thigh_Lateral)
[2026-07-21 00:36:22.444] [info] Frame 219 (t = 2.19):	 total squared error = 0.000442935, marker error: RMS = 0.00405031, max = 0.0107889 (L_Thigh_Lateral)
[2026-07-21 00:36:22.546] [info] Frame 220 (t = 2.2):	 total squared error = 0.000442303, marker error: RMS = 0.00404742, max = 0.0111866 (L_Thigh_Lateral)
[2026-07-21 00:36:22.607] [info] Frame 221 (t = 2.21):	 total squared error = 0.000515301, marker error: RMS = 0.00436867, max = 0.0114106 (L_Thigh_Lateral)
[2026-07-21 00:36:22.682] [info] Frame 222 (t = 2.22):	 total squared error = 0.000625423, marker error: RMS = 0.00481288, max = 0.0115859 (L_Thigh_Lateral)
[2026-07-21 00:36:22.816] [info] Frame 223 (t = 2.23):	 total squared error = 0.000736515, marker error: RMS = 0.00522287, max = 0.0130084 (R_Thigh_Lateral)
[2026-07-21 00:36:22.868] [info] Frame 224 (t = 2.24):	 total squared error = 0.000840728, marker error: RMS = 0.00558015, max = 0.0149185 (R_Thigh_Lateral)
[2026-07-21 00:36:22.900] [info] Frame 225 (t = 2.25):	 total squared error = 0.000902564, marker error: RMS = 0.00578172, max = 0.0158107 (R_Thigh_Lateral)
[2026-07-21 00:36:22.963] [info] Frame 226 (t = 2.26):	 total squared error = 0.000859723, marker error: RMS = 0.00564283, max = 0.0150298 (R_Thigh_Lateral)
[2026-07-21 00:36:23.023] [info] Frame 227 (t = 2.27):	 total squared error = 0.000776039, marker error: RMS = 0.00536117, max = 0.0134766 (R_Thigh_Lateral)
[2026-07-21 00:36:23.054] [info] Frame 228 (t = 2.28):	 total squared error = 0.000672611, marker error: RMS = 0.00499114, max = 0.0120442 (L_Thigh_Lateral)
[2026-07-21 00:36:23.110] [info] Frame 229 (t = 2.29):	 total squared error = 0.000559684, marker error: RMS = 0.00455291, max = 0.0118164 (L_Thigh_Lateral)
[2026-07-21 00:36:23.145] [info] Frame 230 (t = 2.3):	 total squared error = 0.000486916, marker error: RMS = 0.00424664, max = 0.0117257 (L_Thigh_Lateral)
[2026-07-21 00:36:23.233] [info] Frame 231 (t = 2.31):	 total squared error = 0.000434335, marker error: RMS = 0.00401079, max = 0.0112789 (L_Thigh_Lateral)
[2026-07-21 00:36:23.287] [info] Frame 232 (t = 2.32):	 total squared error = 0.000401323, marker error: RMS = 0.00385536, max = 0.0108808 (L_Thigh_Lateral)
[2026-07-21 00:36:23.347] [info] Frame 233 (t = 2.33):	 total squared error = 0.000373262, marker error: RMS = 0.00371813, max = 0.0103976 (L_Thigh_Lateral)
[2026-07-21 00:36:23.457] [info] Frame 234 (t = 2.34):	 total squared error = 0.000342798, marker error: RMS = 0.00356318, max = 0.00987286 (L_Thigh_Lateral)
[2026-07-21 00:36:23.518] [info] Frame 235 (t = 2.35):	 total squared error = 0.000308017, marker error: RMS = 0.00337758, max = 0.00911644 (L_Thigh_Lateral)
[2026-07-21 00:36:23.590] [info] Frame 236 (t = 2.36):	 total squared error = 0.000276154, marker error: RMS = 0.00319811, max = 0.00820611 (L_Thigh_Lateral)
[2026-07-21 00:36:23.660] [info] Frame 237 (t = 2.37):	 total squared error = 0.000253451, marker error: RMS = 0.00306383, max = 0.00716983 (L_Thigh_Lateral)
[2026-07-21 00:36:23.728] [info] Frame 238 (t = 2.38):	 total squared error = 0.000243991, marker error: RMS = 0.00300611, max = 0.00638526 (R_Heel)
[2026-07-21 00:36:23.785] [info] Frame 239 (t = 2.39):	 total squared error = 0.000248609, marker error: RMS = 0.00303442, max = 0.00631889 (R_Heel)
[2026-07-21 00:36:23.865] [info] Frame 240 (t = 2.4):	 total squared error = 0.000268955, marker error: RMS = 0.00315615, max = 0.00619702 (R_Heel)
[2026-07-21 00:36:23.932] [info] Frame 241 (t = 2.41):	 total squared error = 0.000307708, marker error: RMS = 0.00337588, max = 0.00733293 (L_Shank_Lateral)
[2026-07-21 00:36:24.021] [info] Frame 242 (t = 2.42):	 total squared error = 0.000357714, marker error: RMS = 0.00363987, max = 0.00897821 (L_Shank_Lateral)
[2026-07-21 00:36:24.082] [info] Frame 243 (t = 2.43):	 total squared error = 0.000421697, marker error: RMS = 0.00395201, max = 0.0103997 (L_Shank_Lateral)
[2026-07-21 00:36:24.138] [info] Frame 244 (t = 2.44):	 total squared error = 0.000492027, marker error: RMS = 0.00426887, max = 0.0117166 (L_Shank_Lateral)
[2026-07-21 00:36:24.194] [info] Frame 245 (t = 2.45):	 total squared error = 0.000564413, marker error: RMS = 0.00457211, max = 0.0130587 (L_Shank_Lateral)
[2026-07-21 00:36:24.291] [info] Frame 246 (t = 2.46):	 total squared error = 0.000632863, marker error: RMS = 0.00484142, max = 0.0147339 (L_Shank_Lateral)
[2026-07-21 00:36:24.354] [info] Frame 247 (t = 2.47):	 total squared error = 0.000711349, marker error: RMS = 0.00513286, max = 0.0157259 (L_Shank_Lateral)
[2026-07-21 00:36:24.419] [info] Frame 248 (t = 2.48):	 total squared error = 0.000789734, marker error: RMS = 0.00540827, max = 0.0171489 (L_Shank_Lateral)
[2026-07-21 00:36:24.490] [info] Frame 249 (t = 2.49):	 total squared error = 0.000862675, marker error: RMS = 0.00565251, max = 0.0191145 (L_Shank_Lateral)
[2026-07-21 00:36:24.534] [info] Frame 250 (t = 2.5):	 total squared error = 0.000930186, marker error: RMS = 0.00586952, max = 0.0200655 (L_Shank_Lateral)
[2026-07-21 00:36:24.572] [info] Frame 251 (t = 2.51):	 total squared error = 0.000987423, marker error: RMS = 0.00604741, max = 0.0206629 (L_Shank_Lateral)
[2026-07-21 00:36:24.618] [info] Frame 252 (t = 2.52):	 total squared error = 0.00100011, marker error: RMS = 0.00608614, max = 0.0211963 (L_Shank_Lateral)
[2026-07-21 00:36:24.665] [info] Frame 253 (t = 2.53):	 total squared error = 0.000982023, marker error: RMS = 0.00603086, max = 0.0211561 (L_Shank_Lateral)
[2026-07-21 00:36:24.761] [info] Frame 254 (t = 2.54):	 total squared error = 0.000930243, marker error: RMS = 0.00586971, max = 0.0208647 (L_Shank_Lateral)
[2026-07-21 00:36:24.830] [info] Frame 255 (t = 2.55):	 total squared error = 0.000865724, marker error: RMS = 0.00566250, max = 0.0195943 (L_Shank_Lateral)
[2026-07-21 00:36:24.900] [info] Frame 256 (t = 2.56):	 total squared error = 0.000792682, marker error: RMS = 0.00541836, max = 0.0181907 (L_Shank_Lateral)
[2026-07-21 00:36:24.945] [info] Frame 257 (t = 2.57):	 total squared error = 0.000727252, marker error: RMS = 0.00518992, max = 0.0166647 (L_Shank_Lateral)
[2026-07-21 00:36:25.001] [info] Frame 258 (t = 2.58):	 total squared error = 0.000661897, marker error: RMS = 0.00495123, max = 0.0154202 (L_Shank_Lateral)
[2026-07-21 00:36:25.081] [info] Frame 259 (t = 2.59):	 total squared error = 0.000608878, marker error: RMS = 0.00474879, max = 0.0143636 (L_Shank_Lateral)
[2026-07-21 00:36:25.144] [info] Frame 260 (t = 2.6):	 total squared error = 0.000573443, marker error: RMS = 0.00460854, max = 0.013582 (L_Shank_Lateral)
[2026-07-21 00:36:25.232] [info] Frame 261 (t = 2.61):	 total squared error = 0.000550334, marker error: RMS = 0.00451472, max = 0.0130439 (L_Shank_Lateral)
[2026-07-21 00:36:25.277] [info] Frame 262 (t = 2.62):	 total squared error = 0.000568186, marker error: RMS = 0.00458737, max = 0.0130352 (L_Shank_Lateral)
[2026-07-21 00:36:25.380] [info] Frame 263 (t = 2.63):	 total squared error = 0.000526244, marker error: RMS = 0.00441481, max = 0.0123301 (L_Shank_Lateral)
[2026-07-21 00:36:25.447] [info] Frame 264 (t = 2.64):	 total squared error = 0.000529644, marker error: RMS = 0.00442905, max = 0.0122205 (L_Shank_Lateral)
[2026-07-21 00:36:25.518] [info] Frame 265 (t = 2.65):	 total squared error = 0.000530548, marker error: RMS = 0.00443282, max = 0.0117819 (L_Shank_Lateral)
[2026-07-21 00:36:25.597] [info] Frame 266 (t = 2.66):	 total squared error = 0.000531890, marker error: RMS = 0.00443843, max = 0.0112203 (L_Shank_Lateral)
[2026-07-21 00:36:25.705] [info] Frame 267 (t = 2.67):	 total squared error = 0.000520292, marker error: RMS = 0.00438977, max = 0.0100096 (L_Shank_Lateral)
[2026-07-21 00:36:25.821] [info] Frame 268 (t = 2.68):	 total squared error = 0.000508027, marker error: RMS = 0.00433772, max = 0.0100835 (R_Shank_Lateral)
[2026-07-21 00:36:25.932] [info] Frame 269 (t = 2.69):	 total squared error = 0.000495960, marker error: RMS = 0.00428590, max = 0.0103824 (R_Shank_Lateral)
[2026-07-21 00:36:26.038] [info] Frame 270 (t = 2.7):	 total squared error = 0.000484756, marker error: RMS = 0.00423721, max = 0.0107720 (R_Shank_Lateral)
[2026-07-21 00:36:26.098] [info] Frame 271 (t = 2.71):	 total squared error = 0.000487872, marker error: RMS = 0.00425080, max = 0.0109800 (R_Shank_Lateral)
[2026-07-21 00:36:26.168] [info] Frame 272 (t = 2.72):	 total squared error = 0.000504140, marker error: RMS = 0.00432109, max = 0.0112205 (R_Shank_Lateral)
[2026-07-21 00:36:26.223] [info] Frame 273 (t = 2.73):	 total squared error = 0.000536514, marker error: RMS = 0.00445768, max = 0.01135 (R_Shank_Lateral)
[2026-07-21 00:36:26.294] [info] Frame 274 (t = 2.74):	 total squared error = 0.000578640, marker error: RMS = 0.00462937, max = 0.0114935 (R_Shank_Lateral)
[2026-07-21 00:36:26.379] [info] Frame 275 (t = 2.75):	 total squared error = 0.000622799, marker error: RMS = 0.00480277, max = 0.0114849 (R_Shank_Lateral)
[2026-07-21 00:36:26.411] [info] Frame 276 (t = 2.76):	 total squared error = 0.000672022, marker error: RMS = 0.00498896, max = 0.0116694 (R_Shank_Lateral)
[2026-07-21 00:36:26.497] [info] Frame 277 (t = 2.77):	 total squared error = 0.000697819, marker error: RMS = 0.00508381, max = 0.0115752 (L_Thigh_Lateral)
[2026-07-21 00:36:26.561] [info] Frame 278 (t = 2.78):	 total squared error = 0.000720210, marker error: RMS = 0.00516473, max = 0.0120096 (L_Thigh_Lateral)
[2026-07-21 00:36:26.590] [info] Frame 279 (t = 2.79):	 total squared error = 0.000738354, marker error: RMS = 0.00522938, max = 0.0122325 (L_Thigh_Lateral)
[2026-07-21 00:36:26.654] [info] Frame 280 (t = 2.8):	 total squared error = 0.000736616, marker error: RMS = 0.00522323, max = 0.0119093 (L_Thigh_Lateral)
[2026-07-21 00:36:26.738] [info] Frame 281 (t = 2.81):	 total squared error = 0.000735281, marker error: RMS = 0.00521849, max = 0.0109341 (L_Thigh_Lateral)
[2026-07-21 00:36:26.790] [info] Frame 282 (t = 2.82):	 total squared error = 0.000742518, marker error: RMS = 0.00524411, max = 0.0106954 (L_Thigh_Lateral)
[2026-07-21 00:36:26.859] [info] Frame 283 (t = 2.83):	 total squared error = 0.000754779, marker error: RMS = 0.00528723, max = 0.0105254 (L_Thigh_Lateral)
[2026-07-21 00:36:26.901] [info] Frame 284 (t = 2.84):	 total squared error = 0.000780413, marker error: RMS = 0.00537626, max = 0.0111178 (L_Asis)
[2026-07-21 00:36:26.932] [info] Frame 285 (t = 2.85):	 total squared error = 0.000817133, marker error: RMS = 0.00550129, max = 0.0119426 (L_Asis)
[2026-07-21 00:36:26.982] [info] Frame 286 (t = 2.86):	 total squared error = 0.000861405, marker error: RMS = 0.00564835, max = 0.0129305 (L_Asis)
[2026-07-21 00:36:27.071] [info] Frame 287 (t = 2.87):	 total squared error = 0.000891638, marker error: RMS = 0.00574662, max = 0.0138311 (L_Asis)
[2026-07-21 00:36:27.158] [info] Frame 288 (t = 2.88):	 total squared error = 0.000927760, marker error: RMS = 0.00586187, max = 0.0143568 (L_Asis)
[2026-07-21 00:36:27.223] [info] Frame 289 (t = 2.89):	 total squared error = 0.000948716, marker error: RMS = 0.00592770, max = 0.0147131 (L_Asis)
[2026-07-21 00:36:27.267] [info] Frame 290 (t = 2.9):	 total squared error = 0.000946067, marker error: RMS = 0.00591942, max = 0.0148319 (L_Asis)
[2026-07-21 00:36:27.319] [info] Frame 291 (t = 2.91):	 total squared error = 0.000914605, marker error: RMS = 0.00582016, max = 0.0147411 (L_Asis)
[2026-07-21 00:36:27.373] [info] Frame 292 (t = 2.92):	 total squared error = 0.000857062, marker error: RMS = 0.00563410, max = 0.0142494 (L_Asis)
[2026-07-21 00:36:27.435] [info] Frame 293 (t = 2.93):	 total squared error = 0.000776127, marker error: RMS = 0.00536148, max = 0.0131378 (L_Asis)
[2026-07-21 00:36:27.484] [info] Frame 294 (t = 2.94):	 total squared error = 0.000692773, marker error: RMS = 0.00506540, max = 0.0123098 (L_Asis)
[2026-07-21 00:36:27.557] [info] Frame 295 (t = 2.95):	 total squared error = 0.000599139, marker error: RMS = 0.00471066, max = 0.0123741 (R_Asis)
[2026-07-21 00:36:27.569] [info] InverseKinematicsTool completed 256 frames in 17 second(s).
[2026-07-21 00:36:27.674] [info] Loaded model TCV09-scaled from file C:\Users\migue\Downloads\TFG\2_JMP\TVC09\Walk_2\TVC09_2_JMP_results\TVC09_2_NMSM_JMP_07_upper_limb_final.osim
[2026-07-21 00:36:29.202] [warning] Coordinate.setValue:  coordinate pro_sup_r is locked. Unable to change its value.
[2026-07-21 00:36:29.308] [warning] Coordinate.setValue:  coordinate pro_sup_l is locked. Unable to change its value.
[2026-07-21 00:38:15.271] [info] Loaded model TCV09-scaled from file C:\Users\migue\Downloads\TFG\2_JMP\TVC09\Walk_2\TVC09_2_JMP_results\TVC09_2_NMSM_JMP_07_upper_limb_final.osim
[2026-07-21 00:38:15.306] [cout] [info] 
               MODEL: TCV09-scaled
         coordinates: 41
              forces: 103
           actuators: 103
             muscles: 86
            analyses: 0
              probes: 0
              bodies: 24
              joints: 24
         constraints: 2
             markers: 27
         controllers: 0
  contact geometries: 0
misc modelcomponents: 0
[2026-07-21 00:38:15.306] [info] Running tool .
[2026-07-21 00:38:15.567] [info] Frame 40 (t = 0.4):	 total squared error = 0.000871133, marker error: RMS = 0.00568016, max = 0.0141151 (L_Thigh_Lateral)
[2026-07-21 00:38:15.601] [info] Frame 41 (t = 0.41):	 total squared error = 0.000897315, marker error: RMS = 0.00576488, max = 0.0143641 (L_Thigh_Lateral)
[2026-07-21 00:38:15.650] [info] Frame 42 (t = 0.42):	 total squared error = 0.000894248, marker error: RMS = 0.00575502, max = 0.0139805 (L_Thigh_Lateral)
[2026-07-21 00:38:15.705] [info] Frame 43 (t = 0.43):	 total squared error = 0.000872185, marker error: RMS = 0.00568359, max = 0.0129212 (L_Thigh_Lateral)
[2026-07-21 00:38:15.762] [info] Frame 44 (t = 0.44):	 total squared error = 0.000834469, marker error: RMS = 0.00555934, max = 0.0114823 (L_Thigh_Lateral)
[2026-07-21 00:38:15.810] [info] Frame 45 (t = 0.45):	 total squared error = 0.000786651, marker error: RMS = 0.00539770, max = 0.00990294 (L_Thigh_Lateral)
[2026-07-21 00:38:15.859] [info] Frame 46 (t = 0.46):	 total squared error = 0.000740227, marker error: RMS = 0.00523601, max = 0.00983882 (Sternum)
[2026-07-21 00:38:15.890] [info] Frame 47 (t = 0.47):	 total squared error = 0.000700117, marker error: RMS = 0.00509218, max = 0.00992109 (Sternum)
[2026-07-21 00:38:15.979] [info] Frame 48 (t = 0.48):	 total squared error = 0.000650577, marker error: RMS = 0.00490871, max = 0.00972030 (Sternum)
[2026-07-21 00:38:16.037] [info] Frame 49 (t = 0.49):	 total squared error = 0.000627158, marker error: RMS = 0.00481955, max = 0.00965506 (Sternum)
[2026-07-21 00:38:16.088] [info] Frame 50 (t = 0.5):	 total squared error = 0.000611270, marker error: RMS = 0.00475811, max = 0.00949202 (Sternum)
[2026-07-21 00:38:16.150] [info] Frame 51 (t = 0.51):	 total squared error = 0.000595936, marker error: RMS = 0.00469805, max = 0.00922906 (Sternum)
[2026-07-21 00:38:16.203] [info] Frame 52 (t = 0.52):	 total squared error = 0.000577980, marker error: RMS = 0.00462673, max = 0.00891962 (L_Asis)
[2026-07-21 00:38:16.238] [info] Frame 53 (t = 0.53):	 total squared error = 0.000554225, marker error: RMS = 0.00453066, max = 0.00889392 (L_Asis)
[2026-07-21 00:38:16.282] [info] Frame 54 (t = 0.54):	 total squared error = 0.000527822, marker error: RMS = 0.00442142, max = 0.00874925 (L_Asis)
[2026-07-21 00:38:16.327] [info] Frame 55 (t = 0.55):	 total squared error = 0.000497506, marker error: RMS = 0.00429257, max = 0.00821733 (L_Asis)
[2026-07-21 00:38:16.411] [info] Frame 56 (t = 0.56):	 total squared error = 0.000459511, marker error: RMS = 0.00412540, max = 0.00803799 (R_Asis)
[2026-07-21 00:38:16.451] [info] Frame 57 (t = 0.57):	 total squared error = 0.000430948, marker error: RMS = 0.00399512, max = 0.00772636 (R_Asis)
[2026-07-21 00:38:16.491] [info] Frame 58 (t = 0.58):	 total squared error = 0.000407898, marker error: RMS = 0.00388682, max = 0.00786674 (R_Ankle_Lateral)
[2026-07-21 00:38:16.539] [info] Frame 59 (t = 0.59):	 total squared error = 0.000391993, marker error: RMS = 0.00381028, max = 0.00802473 (R_Ankle_Lateral)
[2026-07-21 00:38:16.598] [info] Frame 60 (t = 0.6):	 total squared error = 0.000378936, marker error: RMS = 0.00374629, max = 0.00801089 (R_Ankle_Lateral)
[2026-07-21 00:38:16.675] [info] Frame 61 (t = 0.61):	 total squared error = 0.000370391, marker error: RMS = 0.00370380, max = 0.00793072 (R_Ankle_Lateral)
[2026-07-21 00:38:16.730] [info] Frame 62 (t = 0.62):	 total squared error = 0.000372301, marker error: RMS = 0.00371334, max = 0.00794258 (R_Ankle_Lateral)
[2026-07-21 00:38:16.798] [info] Frame 63 (t = 0.63):	 total squared error = 0.000381181, marker error: RMS = 0.00375737, max = 0.00808057 (R_Shank_Lateral)
[2026-07-21 00:38:16.859] [info] Frame 64 (t = 0.64):	 total squared error = 0.000399778, marker error: RMS = 0.00384793, max = 0.00883523 (R_Shank_Lateral)
[2026-07-21 00:38:16.931] [info] Frame 65 (t = 0.65):	 total squared error = 0.000428738, marker error: RMS = 0.00398487, max = 0.00963607 (R_Shank_Lateral)
[2026-07-21 00:38:16.979] [info] Frame 66 (t = 0.66):	 total squared error = 0.000466987, marker error: RMS = 0.00415882, max = 0.0103102 (R_Shank_Lateral)
[2026-07-21 00:38:17.022] [info] Frame 67 (t = 0.67):	 total squared error = 0.000510422, marker error: RMS = 0.00434793, max = 0.0110901 (R_Shank_Lateral)
[2026-07-21 00:38:17.069] [info] Frame 68 (t = 0.68):	 total squared error = 0.000556588, marker error: RMS = 0.00454031, max = 0.0117852 (R_Shank_Lateral)
[2026-07-21 00:38:17.122] [info] Frame 69 (t = 0.69):	 total squared error = 0.000605291, marker error: RMS = 0.00473479, max = 0.0125060 (R_Shank_Lateral)
[2026-07-21 00:38:17.176] [info] Frame 70 (t = 0.7):	 total squared error = 0.000658787, marker error: RMS = 0.00493959, max = 0.0134295 (R_Shank_Lateral)
[2026-07-21 00:38:17.236] [info] Frame 71 (t = 0.71):	 total squared error = 0.000718452, marker error: RMS = 0.00515842, max = 0.0145069 (R_Shank_Lateral)
[2026-07-21 00:38:17.269] [info] Frame 72 (t = 0.72):	 total squared error = 0.000797768, marker error: RMS = 0.00543571, max = 0.0155804 (R_Shank_Lateral)
[2026-07-21 00:38:17.308] [info] Frame 73 (t = 0.73):	 total squared error = 0.000868191, marker error: RMS = 0.00567056, max = 0.0171889 (R_Shank_Lateral)
[2026-07-21 00:38:17.382] [info] Frame 74 (t = 0.74):	 total squared error = 0.000948464, marker error: RMS = 0.00592691, max = 0.0189161 (R_Shank_Lateral)
[2026-07-21 00:38:17.437] [info] Frame 75 (t = 0.75):	 total squared error = 0.00104121, marker error: RMS = 0.00620995, max = 0.0204353 (R_Shank_Lateral)
[2026-07-21 00:38:17.484] [info] Frame 76 (t = 0.76):	 total squared error = 0.00113857, marker error: RMS = 0.00649378, max = 0.0220115 (R_Shank_Lateral)
[2026-07-21 00:38:17.543] [info] Frame 77 (t = 0.77):	 total squared error = 0.00123192, marker error: RMS = 0.00675476, max = 0.0234329 (R_Shank_Lateral)
[2026-07-21 00:38:17.585] [info] Frame 78 (t = 0.78):	 total squared error = 0.00131905, marker error: RMS = 0.00698954, max = 0.0246504 (R_Shank_Lateral)
[2026-07-21 00:38:17.626] [info] Frame 79 (t = 0.79):	 total squared error = 0.00138863, marker error: RMS = 0.00717151, max = 0.0256348 (R_Shank_Lateral)
[2026-07-21 00:38:17.674] [info] Frame 80 (t = 0.8):	 total squared error = 0.00143602, marker error: RMS = 0.00729288, max = 0.0262535 (R_Shank_Lateral)
[2026-07-21 00:38:17.715] [info] Frame 81 (t = 0.81):	 total squared error = 0.00145981, marker error: RMS = 0.00735304, max = 0.026596 (R_Shank_Lateral)
[2026-07-21 00:38:17.738] [info] Frame 82 (t = 0.82):	 total squared error = 0.00147223, marker error: RMS = 0.00738424, max = 0.0267189 (R_Shank_Lateral)
[2026-07-21 00:38:17.795] [info] Frame 83 (t = 0.83):	 total squared error = 0.00143802, marker error: RMS = 0.00729795, max = 0.0262711 (R_Shank_Lateral)
[2026-07-21 00:38:17.847] [info] Frame 84 (t = 0.84):	 total squared error = 0.00140173, marker error: RMS = 0.00720526, max = 0.0257872 (R_Shank_Lateral)
[2026-07-21 00:38:17.885] [info] Frame 85 (t = 0.85):	 total squared error = 0.00136009, marker error: RMS = 0.00709746, max = 0.0250966 (R_Shank_Lateral)
[2026-07-21 00:38:17.937] [info] Frame 86 (t = 0.86):	 total squared error = 0.00130953, marker error: RMS = 0.00696428, max = 0.0243314 (R_Shank_Lateral)
[2026-07-21 00:38:17.992] [info] Frame 87 (t = 0.87):	 total squared error = 0.00126329, marker error: RMS = 0.00684020, max = 0.0234292 (R_Shank_Lateral)
[2026-07-21 00:38:18.048] [info] Frame 88 (t = 0.88):	 total squared error = 0.00122281, marker error: RMS = 0.00672974, max = 0.0227126 (R_Shank_Lateral)
[2026-07-21 00:38:18.098] [info] Frame 89 (t = 0.89):	 total squared error = 0.00118821, marker error: RMS = 0.00663384, max = 0.0219883 (R_Shank_Lateral)
[2026-07-21 00:38:18.133] [info] Frame 90 (t = 0.9):	 total squared error = 0.00116261, marker error: RMS = 0.00656199, max = 0.0213633 (R_Shank_Lateral)
[2026-07-21 00:38:18.205] [info] Frame 91 (t = 0.91):	 total squared error = 0.00111928, marker error: RMS = 0.00643854, max = 0.0203162 (R_Shank_Lateral)
[2026-07-21 00:38:18.261] [info] Frame 92 (t = 0.92):	 total squared error = 0.00108112, marker error: RMS = 0.00632784, max = 0.0194416 (R_Shank_Lateral)
[2026-07-21 00:38:18.319] [info] Frame 93 (t = 0.93):	 total squared error = 0.00103443, marker error: RMS = 0.00618968, max = 0.0184147 (R_Shank_Lateral)
[2026-07-21 00:38:18.383] [info] Frame 94 (t = 0.94):	 total squared error = 0.000976902, marker error: RMS = 0.00601511, max = 0.017136 (R_Shank_Lateral)
[2026-07-21 00:38:18.485] [info] Frame 95 (t = 0.95):	 total squared error = 0.000904419, marker error: RMS = 0.00578766, max = 0.0154862 (R_Shank_Lateral)
[2026-07-21 00:38:18.535] [info] Frame 96 (t = 0.96):	 total squared error = 0.000835630, marker error: RMS = 0.00556321, max = 0.0142793 (R_Shank_Lateral)
[2026-07-21 00:38:18.637] [info] Frame 97 (t = 0.97):	 total squared error = 0.000748742, marker error: RMS = 0.00526604, max = 0.0119926 (R_Shank_Lateral)
[2026-07-21 00:38:18.692] [info] Frame 98 (t = 0.98):	 total squared error = 0.000681140, marker error: RMS = 0.00502269, max = 0.0103747 (R_Thigh_Lateral)
[2026-07-21 00:38:18.795] [info] Frame 99 (t = 0.99):	 total squared error = 0.000608079, marker error: RMS = 0.00474568, max = 0.0101100 (L_Thigh_Lateral)
[2026-07-21 00:38:18.861] [info] Frame 100 (t = 1.0):	 total squared error = 0.000560936, marker error: RMS = 0.00455800, max = 0.0101719 (L_Thigh_Lateral)
[2026-07-21 00:38:18.960] [info] Frame 101 (t = 1.01):	 total squared error = 0.000524574, marker error: RMS = 0.00440780, max = 0.0103113 (L_Thigh_Lateral)
[2026-07-21 00:38:19.016] [info] Frame 102 (t = 1.02):	 total squared error = 0.000518541, marker error: RMS = 0.00438238, max = 0.0104135 (L_Thigh_Lateral)
[2026-07-21 00:38:19.067] [info] Frame 103 (t = 1.03):	 total squared error = 0.000534874, marker error: RMS = 0.00445086, max = 0.0105476 (L_Thigh_Lateral)
[2026-07-21 00:38:19.124] [info] Frame 104 (t = 1.04):	 total squared error = 0.000560415, marker error: RMS = 0.00455589, max = 0.0109398 (R_Thigh_Lateral)
[2026-07-21 00:38:19.204] [info] Frame 105 (t = 1.05):	 total squared error = 0.000594933, marker error: RMS = 0.00469410, max = 0.0116284 (R_Thigh_Lateral)
[2026-07-21 00:38:19.270] [info] Frame 106 (t = 1.06):	 total squared error = 0.000646733, marker error: RMS = 0.00489419, max = 0.0126255 (R_Thigh_Lateral)
[2026-07-21 00:38:19.321] [info] Frame 107 (t = 1.07):	 total squared error = 0.000706225, marker error: RMS = 0.00511434, max = 0.0137289 (R_Thigh_Lateral)
[2026-07-21 00:38:19.352] [info] Frame 108 (t = 1.08):	 total squared error = 0.000781736, marker error: RMS = 0.00538082, max = 0.0149598 (R_Thigh_Lateral)
[2026-07-21 00:38:19.406] [info] Frame 109 (t = 1.09):	 total squared error = 0.000799720, marker error: RMS = 0.00544236, max = 0.0155301 (R_Thigh_Lateral)
[2026-07-21 00:38:19.468] [info] Frame 110 (t = 1.1):	 total squared error = 0.000817325, marker error: RMS = 0.00550194, max = 0.0160135 (R_Thigh_Lateral)
[2026-07-21 00:38:19.507] [info] Frame 111 (t = 1.11):	 total squared error = 0.000806284, marker error: RMS = 0.00546465, max = 0.0157477 (R_Thigh_Lateral)
[2026-07-21 00:38:19.575] [info] Frame 112 (t = 1.12):	 total squared error = 0.000749042, marker error: RMS = 0.00526710, max = 0.0150394 (R_Thigh_Lateral)
[2026-07-21 00:38:19.603] [info] Frame 113 (t = 1.13):	 total squared error = 0.000668807, marker error: RMS = 0.00497701, max = 0.013142 (R_Thigh_Lateral)
[2026-07-21 00:38:19.653] [info] Frame 114 (t = 1.14):	 total squared error = 0.000559613, marker error: RMS = 0.00455263, max = 0.0111091 (R_Thigh_Lateral)
[2026-07-21 00:38:19.691] [info] Frame 115 (t = 1.15):	 total squared error = 0.000454338, marker error: RMS = 0.00410211, max = 0.00995439 (L_Thigh_Lateral)
[2026-07-21 00:38:19.751] [info] Frame 116 (t = 1.16):	 total squared error = 0.000372867, marker error: RMS = 0.00371617, max = 0.00949739 (L_Thigh_Lateral)
[2026-07-21 00:38:19.790] [info] Frame 117 (t = 1.17):	 total squared error = 0.000328927, marker error: RMS = 0.00349034, max = 0.00912919 (L_Thigh_Lateral)
[2026-07-21 00:38:19.886] [info] Frame 118 (t = 1.18):	 total squared error = 0.000319007, marker error: RMS = 0.00343731, max = 0.00868557 (L_Thigh_Lateral)
[2026-07-21 00:38:19.958] [info] Frame 119 (t = 1.19):	 total squared error = 0.000340232, marker error: RMS = 0.00354982, max = 0.00863795 (L_Thigh_Lateral)
[2026-07-21 00:38:20.020] [info] Frame 120 (t = 1.2):	 total squared error = 0.000392454, marker error: RMS = 0.00381252, max = 0.00904911 (L_Thigh_Lateral)
[2026-07-21 00:38:20.124] [info] Frame 121 (t = 1.21):	 total squared error = 0.000465482, marker error: RMS = 0.00415212, max = 0.0100058 (L_Thigh_Lateral)
[2026-07-21 00:38:20.178] [info] Frame 122 (t = 1.22):	 total squared error = 0.000544037, marker error: RMS = 0.00448882, max = 0.0109433 (L_Thigh_Lateral)
[2026-07-21 00:38:20.235] [info] Frame 123 (t = 1.23):	 total squared error = 0.000616927, marker error: RMS = 0.00478008, max = 0.0129021 (L_Shank_Lateral)
[2026-07-21 00:38:20.299] [info] Frame 124 (t = 1.24):	 total squared error = 0.000679436, marker error: RMS = 0.00501640, max = 0.0141889 (L_Shank_Lateral)
[2026-07-21 00:38:20.374] [info] Frame 125 (t = 1.25):	 total squared error = 0.000716135, marker error: RMS = 0.00515010, max = 0.0154223 (L_Shank_Lateral)
[2026-07-21 00:38:20.424] [info] Frame 126 (t = 1.26):	 total squared error = 0.000734010, marker error: RMS = 0.00521398, max = 0.0155689 (L_Shank_Lateral)
[2026-07-21 00:38:20.476] [info] Frame 127 (t = 1.27):	 total squared error = 0.000727056, marker error: RMS = 0.00518922, max = 0.0157867 (L_Shank_Lateral)
[2026-07-21 00:38:20.552] [info] Frame 128 (t = 1.28):	 total squared error = 0.000698620, marker error: RMS = 0.00508673, max = 0.0161617 (L_Shank_Lateral)
[2026-07-21 00:38:20.609] [info] Frame 129 (t = 1.29):	 total squared error = 0.000676399, marker error: RMS = 0.00500518, max = 0.0154083 (L_Shank_Lateral)
[2026-07-21 00:38:20.657] [info] Frame 130 (t = 1.3):	 total squared error = 0.000659318, marker error: RMS = 0.00494158, max = 0.0150873 (L_Shank_Lateral)
[2026-07-21 00:38:20.711] [info] Frame 131 (t = 1.31):	 total squared error = 0.000641944, marker error: RMS = 0.00487603, max = 0.0152455 (L_Shank_Lateral)
[2026-07-21 00:38:20.755] [info] Frame 132 (t = 1.32):	 total squared error = 0.000641353, marker error: RMS = 0.00487379, max = 0.0148426 (L_Shank_Lateral)
[2026-07-21 00:38:20.806] [info] Frame 133 (t = 1.33):	 total squared error = 0.000645110, marker error: RMS = 0.00488804, max = 0.014688 (L_Shank_Lateral)
[2026-07-21 00:38:20.892] [info] Frame 134 (t = 1.34):	 total squared error = 0.000647635, marker error: RMS = 0.00489760, max = 0.0149735 (L_Shank_Lateral)
[2026-07-21 00:38:20.938] [info] Frame 135 (t = 1.35):	 total squared error = 0.000661927, marker error: RMS = 0.00495135, max = 0.0144617 (L_Shank_Lateral)
[2026-07-21 00:38:20.985] [info] Frame 136 (t = 1.36):	 total squared error = 0.000677938, marker error: RMS = 0.00501087, max = 0.014252 (L_Shank_Lateral)
[2026-07-21 00:38:21.057] [info] Frame 137 (t = 1.37):	 total squared error = 0.000689739, marker error: RMS = 0.00505429, max = 0.0144852 (L_Shank_Lateral)
[2026-07-21 00:38:21.095] [info] Frame 138 (t = 1.38):	 total squared error = 0.000713940, marker error: RMS = 0.00514220, max = 0.0144828 (L_Shank_Lateral)
[2026-07-21 00:38:21.135] [info] Frame 139 (t = 1.39):	 total squared error = 0.000738013, marker error: RMS = 0.00522818, max = 0.0147807 (L_Shank_Lateral)
[2026-07-21 00:38:21.190] [info] Frame 140 (t = 1.4):	 total squared error = 0.000757570, marker error: RMS = 0.00529700, max = 0.0153432 (L_Shank_Lateral)
[2026-07-21 00:38:21.259] [info] Frame 141 (t = 1.41):	 total squared error = 0.000776850, marker error: RMS = 0.00536397, max = 0.0158985 (L_Shank_Lateral)
[2026-07-21 00:38:21.332] [info] Frame 142 (t = 1.42):	 total squared error = 0.000801420, marker error: RMS = 0.00544814, max = 0.0166198 (L_Shank_Lateral)
[2026-07-21 00:38:21.392] [info] Frame 143 (t = 1.43):	 total squared error = 0.000827538, marker error: RMS = 0.00553620, max = 0.0173482 (L_Shank_Lateral)
[2026-07-21 00:38:21.497] [info] Frame 144 (t = 1.44):	 total squared error = 0.000839375, marker error: RMS = 0.00557566, max = 0.0174939 (L_Shank_Lateral)
[2026-07-21 00:38:21.585] [info] Frame 145 (t = 1.45):	 total squared error = 0.000849018, marker error: RMS = 0.00560760, max = 0.0177176 (L_Shank_Lateral)
[2026-07-21 00:38:21.659] [info] Frame 146 (t = 1.46):	 total squared error = 0.000844740, marker error: RMS = 0.00559345, max = 0.0177856 (L_Shank_Lateral)
[2026-07-21 00:38:21.723] [info] Frame 147 (t = 1.47):	 total squared error = 0.000820402, marker error: RMS = 0.00551228, max = 0.0172338 (L_Shank_Lateral)
[2026-07-21 00:38:21.795] [info] Frame 148 (t = 1.48):	 total squared error = 0.000773148, marker error: RMS = 0.00535118, max = 0.0161418 (L_Shank_Lateral)
[2026-07-21 00:38:21.839] [info] Frame 149 (t = 1.49):	 total squared error = 0.000716309, marker error: RMS = 0.00515072, max = 0.0150724 (L_Shank_Lateral)
[2026-07-21 00:38:21.913] [info] Frame 150 (t = 1.5):	 total squared error = 0.000617906, marker error: RMS = 0.00478387, max = 0.0123082 (L_Shank_Lateral)
[2026-07-21 00:38:21.977] [info] Frame 151 (t = 1.51):	 total squared error = 0.000531241, marker error: RMS = 0.00443572, max = 0.0102656 (R_Shank_Lateral)
[2026-07-21 00:38:22.043] [info] Frame 152 (t = 1.52):	 total squared error = 0.000462490, marker error: RMS = 0.00413875, max = 0.0102088 (R_Shank_Lateral)
[2026-07-21 00:38:22.104] [info] Frame 153 (t = 1.53):	 total squared error = 0.000418980, marker error: RMS = 0.00393926, max = 0.0103489 (R_Shank_Lateral)
[2026-07-21 00:38:22.184] [info] Frame 154 (t = 1.54):	 total squared error = 0.000408470, marker error: RMS = 0.00388954, max = 0.0106266 (R_Shank_Lateral)
[2026-07-21 00:38:22.237] [info] Frame 155 (t = 1.55):	 total squared error = 0.000439075, marker error: RMS = 0.00403262, max = 0.0106625 (R_Shank_Lateral)
[2026-07-21 00:38:22.310] [info] Frame 156 (t = 1.56):	 total squared error = 0.000489740, marker error: RMS = 0.00425893, max = 0.0108713 (R_Shank_Lateral)
[2026-07-21 00:38:22.385] [info] Frame 157 (t = 1.57):	 total squared error = 0.000552851, marker error: RMS = 0.00452504, max = 0.0110341 (R_Shank_Lateral)
[2026-07-21 00:38:22.450] [info] Frame 158 (t = 1.58):	 total squared error = 0.000614099, marker error: RMS = 0.00476911, max = 0.0112061 (R_Shank_Lateral)
[2026-07-21 00:38:22.497] [info] Frame 159 (t = 1.59):	 total squared error = 0.000665637, marker error: RMS = 0.00496520, max = 0.0116835 (L_Thigh_Lateral)
[2026-07-21 00:38:22.533] [info] Frame 160 (t = 1.6):	 total squared error = 0.000704130, marker error: RMS = 0.00510675, max = 0.0123032 (L_Thigh_Lateral)
[2026-07-21 00:38:22.576] [info] Frame 161 (t = 1.61):	 total squared error = 0.000716000, marker error: RMS = 0.00514961, max = 0.0126395 (L_Thigh_Lateral)
[2026-07-21 00:38:22.615] [info] Frame 162 (t = 1.62):	 total squared error = 0.000721897, marker error: RMS = 0.00517078, max = 0.0126825 (L_Thigh_Lateral)
[2026-07-21 00:38:22.660] [info] Frame 163 (t = 1.63):	 total squared error = 0.000714403, marker error: RMS = 0.00514387, max = 0.0126262 (L_Thigh_Lateral)
[2026-07-21 00:38:22.714] [info] Frame 164 (t = 1.64):	 total squared error = 0.000702714, marker error: RMS = 0.00510161, max = 0.0119504 (L_Thigh_Lateral)
[2026-07-21 00:38:22.744] [info] Frame 165 (t = 1.65):	 total squared error = 0.000699438, marker error: RMS = 0.00508971, max = 0.0119045 (L_Thigh_Lateral)
[2026-07-21 00:38:22.796] [info] Frame 166 (t = 1.66):	 total squared error = 0.000699023, marker error: RMS = 0.00508820, max = 0.0117148 (L_Thigh_Lateral)
[2026-07-21 00:38:22.826] [info] Frame 167 (t = 1.67):	 total squared error = 0.000710750, marker error: RMS = 0.00513070, max = 0.0118822 (L_Thigh_Lateral)
[2026-07-21 00:38:22.919] [info] Frame 168 (t = 1.68):	 total squared error = 0.000719440, marker error: RMS = 0.00516197, max = 0.0108301 (L_Thigh_Lateral)
[2026-07-21 00:38:22.968] [info] Frame 169 (t = 1.69):	 total squared error = 0.000747360, marker error: RMS = 0.00526118, max = 0.0112232 (L_Thigh_Lateral)
[2026-07-21 00:38:23.011] [info] Frame 170 (t = 1.7):	 total squared error = 0.000782695, marker error: RMS = 0.00538411, max = 0.0115878 (L_Thigh_Lateral)
[2026-07-21 00:38:23.041] [info] Frame 171 (t = 1.71):	 total squared error = 0.000821494, marker error: RMS = 0.00551595, max = 0.0118866 (L_Thigh_Lateral)
[2026-07-21 00:38:23.115] [info] Frame 172 (t = 1.72):	 total squared error = 0.000844946, marker error: RMS = 0.00559413, max = 0.0118493 (L_Asis)
[2026-07-21 00:38:23.169] [info] Frame 173 (t = 1.73):	 total squared error = 0.000858645, marker error: RMS = 0.00563930, max = 0.0123868 (L_Asis)
[2026-07-21 00:38:23.203] [info] Frame 174 (t = 1.74):	 total squared error = 0.000849471, marker error: RMS = 0.00560909, max = 0.0125772 (L_Asis)
[2026-07-21 00:38:23.250] [info] Frame 175 (t = 1.75):	 total squared error = 0.000818507, marker error: RMS = 0.00550591, max = 0.0130077 (L_Asis)
[2026-07-21 00:38:23.338] [info] Frame 176 (t = 1.76):	 total squared error = 0.000744785, marker error: RMS = 0.00525211, max = 0.0121743 (L_Asis)
[2026-07-21 00:38:23.396] [info] Frame 177 (t = 1.77):	 total squared error = 0.000673465, marker error: RMS = 0.00499431, max = 0.011741 (L_Asis)
[2026-07-21 00:38:23.442] [info] Frame 178 (t = 1.78):	 total squared error = 0.000601382, marker error: RMS = 0.00471947, max = 0.0112864 (L_Asis)
[2026-07-21 00:38:23.514] [info] Frame 179 (t = 1.79):	 total squared error = 0.000516739, marker error: RMS = 0.00437475, max = 0.0104463 (R_Asis)
[2026-07-21 00:38:23.557] [info] Frame 180 (t = 1.8):	 total squared error = 0.000450844, marker error: RMS = 0.00408631, max = 0.00969557 (R_Asis)
[2026-07-21 00:38:23.619] [info] Frame 181 (t = 1.81):	 total squared error = 0.000385567, marker error: RMS = 0.00377892, max = 0.00943845 (R_Asis)
[2026-07-21 00:38:23.674] [info] Frame 182 (t = 1.82):	 total squared error = 0.000342663, marker error: RMS = 0.00356247, max = 0.00858105 (R_Asis)
[2026-07-21 00:38:23.729] [info] Frame 183 (t = 1.83):	 total squared error = 0.000320941, marker error: RMS = 0.00344771, max = 0.00791110 (R_Asis)
[2026-07-21 00:38:23.785] [info] Frame 184 (t = 1.84):	 total squared error = 0.000327043, marker error: RMS = 0.00348033, max = 0.00721866 (R_Asis)
[2026-07-21 00:38:23.841] [info] Frame 185 (t = 1.85):	 total squared error = 0.000360992, marker error: RMS = 0.00365651, max = 0.00768911 (R_Shank_Lateral)
[2026-07-21 00:38:23.898] [info] Frame 186 (t = 1.86):	 total squared error = 0.000413519, marker error: RMS = 0.00391351, max = 0.00893271 (R_Shank_Lateral)
[2026-07-21 00:38:23.969] [info] Frame 187 (t = 1.87):	 total squared error = 0.000474928, marker error: RMS = 0.00419403, max = 0.0103218 (R_Shank_Lateral)
[2026-07-21 00:38:24.019] [info] Frame 188 (t = 1.88):	 total squared error = 0.000533592, marker error: RMS = 0.00444552, max = 0.011437 (R_Shank_Lateral)
[2026-07-21 00:38:24.104] [info] Frame 189 (t = 1.89):	 total squared error = 0.000578728, marker error: RMS = 0.00462972, max = 0.0125966 (R_Shank_Lateral)
[2026-07-21 00:38:24.153] [info] Frame 190 (t = 1.9):	 total squared error = 0.000615190, marker error: RMS = 0.00477334, max = 0.0132185 (R_Shank_Lateral)
[2026-07-21 00:38:24.204] [info] Frame 191 (t = 1.91):	 total squared error = 0.000646998, marker error: RMS = 0.00489519, max = 0.0139877 (R_Shank_Lateral)
[2026-07-21 00:38:24.253] [info] Frame 192 (t = 1.92):	 total squared error = 0.000681608, marker error: RMS = 0.00502442, max = 0.0147513 (R_Shank_Lateral)
[2026-07-21 00:38:24.292] [info] Frame 193 (t = 1.93):	 total squared error = 0.000729853, marker error: RMS = 0.00519919, max = 0.0155642 (R_Shank_Lateral)
[2026-07-21 00:38:24.354] [info] Frame 194 (t = 1.94):	 total squared error = 0.000776961, marker error: RMS = 0.00536436, max = 0.0167972 (R_Shank_Lateral)
[2026-07-21 00:38:24.405] [info] Frame 195 (t = 1.95):	 total squared error = 0.000841119, marker error: RMS = 0.00558145, max = 0.0178343 (R_Shank_Lateral)
[2026-07-21 00:38:24.459] [info] Frame 196 (t = 1.96):	 total squared error = 0.000909499, marker error: RMS = 0.00580389, max = 0.0189 (R_Shank_Lateral)
[2026-07-21 00:38:24.547] [info] Frame 197 (t = 1.97):	 total squared error = 0.000972622, marker error: RMS = 0.00600192, max = 0.0200196 (R_Shank_Lateral)
[2026-07-21 00:38:24.598] [info] Frame 198 (t = 1.98):	 total squared error = 0.00103597, marker error: RMS = 0.00619428, max = 0.0208893 (R_Shank_Lateral)
[2026-07-21 00:38:24.643] [info] Frame 199 (t = 1.99):	 total squared error = 0.00109275, marker error: RMS = 0.00636178, max = 0.0217146 (R_Shank_Lateral)
[2026-07-21 00:38:24.688] [info] Frame 200 (t = 2.0):	 total squared error = 0.00114242, marker error: RMS = 0.00650475, max = 0.0224014 (R_Shank_Lateral)
[2026-07-21 00:38:24.732] [info] Frame 201 (t = 2.01):	 total squared error = 0.00118499, marker error: RMS = 0.00662483, max = 0.0229369 (R_Shank_Lateral)
[2026-07-21 00:38:24.777] [info] Frame 202 (t = 2.02):	 total squared error = 0.00122067, marker error: RMS = 0.00672383, max = 0.0234996 (R_Shank_Lateral)
[2026-07-21 00:38:24.854] [info] Frame 203 (t = 2.03):	 total squared error = 0.00124822, marker error: RMS = 0.00679929, max = 0.0239446 (R_Shank_Lateral)
[2026-07-21 00:38:24.911] [info] Frame 204 (t = 2.04):	 total squared error = 0.00127480, marker error: RMS = 0.00687131, max = 0.0243341 (R_Shank_Lateral)
[2026-07-21 00:38:24.959] [info] Frame 205 (t = 2.05):	 total squared error = 0.00129965, marker error: RMS = 0.00693795, max = 0.0247627 (R_Shank_Lateral)
[2026-07-21 00:38:25.042] [info] Frame 206 (t = 2.06):	 total squared error = 0.00131560, marker error: RMS = 0.00698040, max = 0.0249832 (R_Shank_Lateral)
[2026-07-21 00:38:25.092] [info] Frame 207 (t = 2.07):	 total squared error = 0.00133308, marker error: RMS = 0.00702662, max = 0.0253539 (R_Shank_Lateral)
[2026-07-21 00:38:25.152] [info] Frame 208 (t = 2.08):	 total squared error = 0.00134117, marker error: RMS = 0.00704790, max = 0.0254672 (R_Shank_Lateral)
[2026-07-21 00:38:25.212] [info] Frame 209 (t = 2.09):	 total squared error = 0.00134135, marker error: RMS = 0.00704838, max = 0.0255288 (R_Shank_Lateral)
[2026-07-21 00:38:25.263] [info] Frame 210 (t = 2.1):	 total squared error = 0.00133112, marker error: RMS = 0.00702144, max = 0.0255122 (R_Shank_Lateral)
[2026-07-21 00:38:25.321] [info] Frame 211 (t = 2.11):	 total squared error = 0.00129638, marker error: RMS = 0.00692923, max = 0.0249133 (R_Shank_Lateral)
[2026-07-21 00:38:25.396] [info] Frame 212 (t = 2.12):	 total squared error = 0.00123439, marker error: RMS = 0.00676152, max = 0.0238725 (R_Shank_Lateral)
[2026-07-21 00:38:25.474] [info] Frame 213 (t = 2.13):	 total squared error = 0.00114735, marker error: RMS = 0.00651878, max = 0.0226457 (R_Shank_Lateral)
[2026-07-21 00:38:25.526] [info] Frame 214 (t = 2.14):	 total squared error = 0.00103743, marker error: RMS = 0.00619865, max = 0.0209231 (R_Shank_Lateral)
[2026-07-21 00:38:25.631] [info] Frame 215 (t = 2.15):	 total squared error = 0.000890243, marker error: RMS = 0.00574212, max = 0.0178788 (R_Shank_Lateral)
[2026-07-21 00:38:25.753] [info] Frame 216 (t = 2.16):	 total squared error = 0.000740104, marker error: RMS = 0.00523558, max = 0.014636 (R_Shank_Lateral)
[2026-07-21 00:38:25.805] [info] Frame 217 (t = 2.17):	 total squared error = 0.000610652, marker error: RMS = 0.00475571, max = 0.0116214 (R_Shank_Lateral)
[2026-07-21 00:38:25.854] [info] Frame 218 (t = 2.18):	 total squared error = 0.000513314, marker error: RMS = 0.00436023, max = 0.0106895 (L_Thigh_Lateral)
[2026-07-21 00:38:25.939] [info] Frame 219 (t = 2.19):	 total squared error = 0.000442935, marker error: RMS = 0.00405031, max = 0.0107889 (L_Thigh_Lateral)
[2026-07-21 00:38:26.047] [info] Frame 220 (t = 2.2):	 total squared error = 0.000442303, marker error: RMS = 0.00404742, max = 0.0111866 (L_Thigh_Lateral)
[2026-07-21 00:38:26.103] [info] Frame 221 (t = 2.21):	 total squared error = 0.000515301, marker error: RMS = 0.00436867, max = 0.0114106 (L_Thigh_Lateral)
[2026-07-21 00:38:26.165] [info] Frame 222 (t = 2.22):	 total squared error = 0.000625423, marker error: RMS = 0.00481288, max = 0.0115859 (L_Thigh_Lateral)
[2026-07-21 00:38:26.249] [info] Frame 223 (t = 2.23):	 total squared error = 0.000736515, marker error: RMS = 0.00522287, max = 0.0130084 (R_Thigh_Lateral)
[2026-07-21 00:38:26.297] [info] Frame 224 (t = 2.24):	 total squared error = 0.000840728, marker error: RMS = 0.00558015, max = 0.0149185 (R_Thigh_Lateral)
[2026-07-21 00:38:26.328] [info] Frame 225 (t = 2.25):	 total squared error = 0.000902564, marker error: RMS = 0.00578172, max = 0.0158107 (R_Thigh_Lateral)
[2026-07-21 00:38:26.381] [info] Frame 226 (t = 2.26):	 total squared error = 0.000859723, marker error: RMS = 0.00564283, max = 0.0150298 (R_Thigh_Lateral)
[2026-07-21 00:38:26.433] [info] Frame 227 (t = 2.27):	 total squared error = 0.000776039, marker error: RMS = 0.00536117, max = 0.0134766 (R_Thigh_Lateral)
[2026-07-21 00:38:26.459] [info] Frame 228 (t = 2.28):	 total squared error = 0.000672611, marker error: RMS = 0.00499114, max = 0.0120442 (L_Thigh_Lateral)
[2026-07-21 00:38:26.516] [info] Frame 229 (t = 2.29):	 total squared error = 0.000559684, marker error: RMS = 0.00455291, max = 0.0118164 (L_Thigh_Lateral)
[2026-07-21 00:38:26.550] [info] Frame 230 (t = 2.3):	 total squared error = 0.000486916, marker error: RMS = 0.00424664, max = 0.0117257 (L_Thigh_Lateral)
[2026-07-21 00:38:26.636] [info] Frame 231 (t = 2.31):	 total squared error = 0.000434335, marker error: RMS = 0.00401079, max = 0.0112789 (L_Thigh_Lateral)
[2026-07-21 00:38:26.690] [info] Frame 232 (t = 2.32):	 total squared error = 0.000401323, marker error: RMS = 0.00385536, max = 0.0108808 (L_Thigh_Lateral)
[2026-07-21 00:38:26.747] [info] Frame 233 (t = 2.33):	 total squared error = 0.000373262, marker error: RMS = 0.00371813, max = 0.0103976 (L_Thigh_Lateral)
[2026-07-21 00:38:26.809] [info] Frame 234 (t = 2.34):	 total squared error = 0.000342798, marker error: RMS = 0.00356318, max = 0.00987286 (L_Thigh_Lateral)
[2026-07-21 00:38:26.864] [info] Frame 235 (t = 2.35):	 total squared error = 0.000308017, marker error: RMS = 0.00337758, max = 0.00911644 (L_Thigh_Lateral)
[2026-07-21 00:38:26.924] [info] Frame 236 (t = 2.36):	 total squared error = 0.000276154, marker error: RMS = 0.00319811, max = 0.00820611 (L_Thigh_Lateral)
[2026-07-21 00:38:26.990] [info] Frame 237 (t = 2.37):	 total squared error = 0.000253451, marker error: RMS = 0.00306383, max = 0.00716983 (L_Thigh_Lateral)
[2026-07-21 00:38:27.053] [info] Frame 238 (t = 2.38):	 total squared error = 0.000243991, marker error: RMS = 0.00300611, max = 0.00638526 (R_Heel)
[2026-07-21 00:38:27.102] [info] Frame 239 (t = 2.39):	 total squared error = 0.000248609, marker error: RMS = 0.00303442, max = 0.00631889 (R_Heel)
[2026-07-21 00:38:27.164] [info] Frame 240 (t = 2.4):	 total squared error = 0.000268955, marker error: RMS = 0.00315615, max = 0.00619702 (R_Heel)
[2026-07-21 00:38:27.213] [info] Frame 241 (t = 2.41):	 total squared error = 0.000307708, marker error: RMS = 0.00337588, max = 0.00733293 (L_Shank_Lateral)
[2026-07-21 00:38:27.293] [info] Frame 242 (t = 2.42):	 total squared error = 0.000357714, marker error: RMS = 0.00363987, max = 0.00897821 (L_Shank_Lateral)
[2026-07-21 00:38:27.342] [info] Frame 243 (t = 2.43):	 total squared error = 0.000421697, marker error: RMS = 0.00395201, max = 0.0103997 (L_Shank_Lateral)
[2026-07-21 00:38:27.393] [info] Frame 244 (t = 2.44):	 total squared error = 0.000492027, marker error: RMS = 0.00426887, max = 0.0117166 (L_Shank_Lateral)
[2026-07-21 00:38:27.449] [info] Frame 245 (t = 2.45):	 total squared error = 0.000564413, marker error: RMS = 0.00457211, max = 0.0130587 (L_Shank_Lateral)
[2026-07-21 00:38:27.550] [info] Frame 246 (t = 2.46):	 total squared error = 0.000632863, marker error: RMS = 0.00484142, max = 0.0147339 (L_Shank_Lateral)
[2026-07-21 00:38:27.598] [info] Frame 247 (t = 2.47):	 total squared error = 0.000711349, marker error: RMS = 0.00513286, max = 0.0157259 (L_Shank_Lateral)
[2026-07-21 00:38:27.654] [info] Frame 248 (t = 2.48):	 total squared error = 0.000789734, marker error: RMS = 0.00540827, max = 0.0171489 (L_Shank_Lateral)
[2026-07-21 00:38:27.721] [info] Frame 249 (t = 2.49):	 total squared error = 0.000862675, marker error: RMS = 0.00565251, max = 0.0191145 (L_Shank_Lateral)
[2026-07-21 00:38:27.764] [info] Frame 250 (t = 2.5):	 total squared error = 0.000930186, marker error: RMS = 0.00586952, max = 0.0200655 (L_Shank_Lateral)
[2026-07-21 00:38:27.801] [info] Frame 251 (t = 2.51):	 total squared error = 0.000987423, marker error: RMS = 0.00604741, max = 0.0206629 (L_Shank_Lateral)
[2026-07-21 00:38:27.844] [info] Frame 252 (t = 2.52):	 total squared error = 0.00100011, marker error: RMS = 0.00608614, max = 0.0211963 (L_Shank_Lateral)
[2026-07-21 00:38:27.891] [info] Frame 253 (t = 2.53):	 total squared error = 0.000982023, marker error: RMS = 0.00603086, max = 0.0211561 (L_Shank_Lateral)
[2026-07-21 00:38:27.957] [info] Frame 254 (t = 2.54):	 total squared error = 0.000930243, marker error: RMS = 0.00586971, max = 0.0208647 (L_Shank_Lateral)
[2026-07-21 00:38:28.010] [info] Frame 255 (t = 2.55):	 total squared error = 0.000865724, marker error: RMS = 0.00566250, max = 0.0195943 (L_Shank_Lateral)
[2026-07-21 00:38:28.077] [info] Frame 256 (t = 2.56):	 total squared error = 0.000792682, marker error: RMS = 0.00541836, max = 0.0181907 (L_Shank_Lateral)
[2026-07-21 00:38:28.122] [info] Frame 257 (t = 2.57):	 total squared error = 0.000727252, marker error: RMS = 0.00518992, max = 0.0166647 (L_Shank_Lateral)
[2026-07-21 00:38:28.183] [info] Frame 258 (t = 2.58):	 total squared error = 0.000661897, marker error: RMS = 0.00495123, max = 0.0154202 (L_Shank_Lateral)
[2026-07-21 00:38:28.263] [info] Frame 259 (t = 2.59):	 total squared error = 0.000608878, marker error: RMS = 0.00474879, max = 0.0143636 (L_Shank_Lateral)
[2026-07-21 00:38:28.320] [info] Frame 260 (t = 2.6):	 total squared error = 0.000573443, marker error: RMS = 0.00460854, max = 0.013582 (L_Shank_Lateral)
[2026-07-21 00:38:28.373] [info] Frame 261 (t = 2.61):	 total squared error = 0.000550334, marker error: RMS = 0.00451472, max = 0.0130439 (L_Shank_Lateral)
[2026-07-21 00:38:28.404] [info] Frame 262 (t = 2.62):	 total squared error = 0.000568186, marker error: RMS = 0.00458737, max = 0.0130352 (L_Shank_Lateral)
[2026-07-21 00:38:28.491] [info] Frame 263 (t = 2.63):	 total squared error = 0.000526244, marker error: RMS = 0.00441481, max = 0.0123301 (L_Shank_Lateral)
[2026-07-21 00:38:28.542] [info] Frame 264 (t = 2.64):	 total squared error = 0.000529644, marker error: RMS = 0.00442905, max = 0.0122205 (L_Shank_Lateral)
[2026-07-21 00:38:28.599] [info] Frame 265 (t = 2.65):	 total squared error = 0.000530548, marker error: RMS = 0.00443282, max = 0.0117819 (L_Shank_Lateral)
[2026-07-21 00:38:28.651] [info] Frame 266 (t = 2.66):	 total squared error = 0.000531890, marker error: RMS = 0.00443843, max = 0.0112203 (L_Shank_Lateral)
[2026-07-21 00:38:28.721] [info] Frame 267 (t = 2.67):	 total squared error = 0.000520292, marker error: RMS = 0.00438977, max = 0.0100096 (L_Shank_Lateral)
[2026-07-21 00:38:28.807] [info] Frame 268 (t = 2.68):	 total squared error = 0.000508027, marker error: RMS = 0.00433772, max = 0.0100835 (R_Shank_Lateral)
[2026-07-21 00:38:28.870] [info] Frame 269 (t = 2.69):	 total squared error = 0.000495960, marker error: RMS = 0.00428590, max = 0.0103824 (R_Shank_Lateral)
[2026-07-21 00:38:28.961] [info] Frame 270 (t = 2.7):	 total squared error = 0.000484756, marker error: RMS = 0.00423721, max = 0.0107720 (R_Shank_Lateral)
[2026-07-21 00:38:29.017] [info] Frame 271 (t = 2.71):	 total squared error = 0.000487872, marker error: RMS = 0.00425080, max = 0.0109800 (R_Shank_Lateral)
[2026-07-21 00:38:29.084] [info] Frame 272 (t = 2.72):	 total squared error = 0.000504140, marker error: RMS = 0.00432109, max = 0.0112205 (R_Shank_Lateral)
[2026-07-21 00:38:29.136] [info] Frame 273 (t = 2.73):	 total squared error = 0.000536514, marker error: RMS = 0.00445768, max = 0.01135 (R_Shank_Lateral)
[2026-07-21 00:38:29.183] [info] Frame 274 (t = 2.74):	 total squared error = 0.000578640, marker error: RMS = 0.00462937, max = 0.0114935 (R_Shank_Lateral)
[2026-07-21 00:38:29.249] [info] Frame 275 (t = 2.75):	 total squared error = 0.000622799, marker error: RMS = 0.00480277, max = 0.0114849 (R_Shank_Lateral)
[2026-07-21 00:38:29.277] [info] Frame 276 (t = 2.76):	 total squared error = 0.000672022, marker error: RMS = 0.00498896, max = 0.0116694 (R_Shank_Lateral)
[2026-07-21 00:38:29.355] [info] Frame 277 (t = 2.77):	 total squared error = 0.000697819, marker error: RMS = 0.00508381, max = 0.0115752 (L_Thigh_Lateral)
[2026-07-21 00:38:29.408] [info] Frame 278 (t = 2.78):	 total squared error = 0.000720210, marker error: RMS = 0.00516473, max = 0.0120096 (L_Thigh_Lateral)
[2026-07-21 00:38:29.432] [info] Frame 279 (t = 2.79):	 total squared error = 0.000738354, marker error: RMS = 0.00522938, max = 0.0122325 (L_Thigh_Lateral)
[2026-07-21 00:38:29.488] [info] Frame 280 (t = 2.8):	 total squared error = 0.000736616, marker error: RMS = 0.00522323, max = 0.0119093 (L_Thigh_Lateral)
[2026-07-21 00:38:29.564] [info] Frame 281 (t = 2.81):	 total squared error = 0.000735281, marker error: RMS = 0.00521849, max = 0.0109341 (L_Thigh_Lateral)
[2026-07-21 00:38:29.593] [info] Frame 282 (t = 2.82):	 total squared error = 0.000742518, marker error: RMS = 0.00524411, max = 0.0106954 (L_Thigh_Lateral)
[2026-07-21 00:38:29.626] [info] Frame 283 (t = 2.83):	 total squared error = 0.000754779, marker error: RMS = 0.00528723, max = 0.0105254 (L_Thigh_Lateral)
[2026-07-21 00:38:29.665] [info] Frame 284 (t = 2.84):	 total squared error = 0.000780413, marker error: RMS = 0.00537626, max = 0.0111178 (L_Asis)
[2026-07-21 00:38:29.693] [info] Frame 285 (t = 2.85):	 total squared error = 0.000817133, marker error: RMS = 0.00550129, max = 0.0119426 (L_Asis)
[2026-07-21 00:38:29.742] [info] Frame 286 (t = 2.86):	 total squared error = 0.000861405, marker error: RMS = 0.00564835, max = 0.0129305 (L_Asis)
[2026-07-21 00:38:29.824] [info] Frame 287 (t = 2.87):	 total squared error = 0.000891638, marker error: RMS = 0.00574662, max = 0.0138311 (L_Asis)
[2026-07-21 00:38:29.875] [info] Frame 288 (t = 2.88):	 total squared error = 0.000927760, marker error: RMS = 0.00586187, max = 0.0143568 (L_Asis)
[2026-07-21 00:38:29.923] [info] Frame 289 (t = 2.89):	 total squared error = 0.000948716, marker error: RMS = 0.00592770, max = 0.0147131 (L_Asis)
[2026-07-21 00:38:29.968] [info] Frame 290 (t = 2.9):	 total squared error = 0.000946067, marker error: RMS = 0.00591942, max = 0.0148319 (L_Asis)
[2026-07-21 00:38:30.019] [info] Frame 291 (t = 2.91):	 total squared error = 0.000914605, marker error: RMS = 0.00582016, max = 0.0147411 (L_Asis)
[2026-07-21 00:38:30.073] [info] Frame 292 (t = 2.92):	 total squared error = 0.000857062, marker error: RMS = 0.00563410, max = 0.0142494 (L_Asis)
[2026-07-21 00:38:30.132] [info] Frame 293 (t = 2.93):	 total squared error = 0.000776127, marker error: RMS = 0.00536148, max = 0.0131378 (L_Asis)
[2026-07-21 00:38:30.178] [info] Frame 294 (t = 2.94):	 total squared error = 0.000692773, marker error: RMS = 0.00506540, max = 0.0123098 (L_Asis)
[2026-07-21 00:38:30.253] [info] Frame 295 (t = 2.95):	 total squared error = 0.000599139, marker error: RMS = 0.00471066, max = 0.0123741 (R_Asis)
[2026-07-21 00:38:30.265] [info] InverseKinematicsTool completed 256 frames in 15 second(s).
[2026-07-21 00:38:30.379] [info] Loaded model TCV09-scaled from file C:\Users\migue\Downloads\TFG\2_JMP\TVC09\Walk_2\TVC09_2_JMP_results\TVC09_2_NMSM_JMP_07_upper_limb_final.osim
[2026-07-21 00:38:31.868] [warning] Coordinate.setValue:  coordinate pro_sup_r is locked. Unable to change its value.
[2026-07-21 00:38:31.971] [warning] Coordinate.setValue:  coordinate pro_sup_l is locked. Unable to change its value.
[2026-07-21 00:40:16.027] [info] Loaded model TCV09-scaled from file C:\Users\migue\Downloads\TFG\2_JMP\TVC09\Walk_2\TVC09_2_JMP_results\TVC09_2_NMSM_JMP_08_wrist_axis_FINAL.osim
[2026-07-21 00:40:16.068] [cout] [info] 
               MODEL: TCV09-scaled
         coordinates: 41
              forces: 103
           actuators: 103
             muscles: 86
            analyses: 0
              probes: 0
              bodies: 24
              joints: 24
         constraints: 2
             markers: 27
         controllers: 0
  contact geometries: 0
misc modelcomponents: 0
[2026-07-21 00:40:16.068] [info] Running tool .
[2026-07-21 00:40:16.318] [info] Frame 40 (t = 0.4):	 total squared error = 0.000871998, marker error: RMS = 0.00568298, max = 0.0140445 (L_Thigh_Lateral)
[2026-07-21 00:40:16.364] [info] Frame 41 (t = 0.41):	 total squared error = 0.000897551, marker error: RMS = 0.00576564, max = 0.0143348 (L_Thigh_Lateral)
[2026-07-21 00:40:16.433] [info] Frame 42 (t = 0.42):	 total squared error = 0.000894264, marker error: RMS = 0.00575508, max = 0.0139359 (L_Thigh_Lateral)
[2026-07-21 00:40:16.492] [info] Frame 43 (t = 0.43):	 total squared error = 0.000872001, marker error: RMS = 0.00568299, max = 0.012888 (L_Thigh_Lateral)
[2026-07-21 00:40:16.531] [info] Frame 44 (t = 0.44):	 total squared error = 0.000836610, marker error: RMS = 0.00556647, max = 0.0115474 (L_Thigh_Lateral)
[2026-07-21 00:40:16.584] [info] Frame 45 (t = 0.45):	 total squared error = 0.000790519, marker error: RMS = 0.00541096, max = 0.00984540 (L_Thigh_Lateral)
[2026-07-21 00:40:16.632] [info] Frame 46 (t = 0.46):	 total squared error = 0.000741677, marker error: RMS = 0.00524114, max = 0.00986470 (Sternum)
[2026-07-21 00:40:16.682] [info] Frame 47 (t = 0.47):	 total squared error = 0.000696562, marker error: RMS = 0.00507923, max = 0.00985052 (Sternum)
[2026-07-21 00:40:16.762] [info] Frame 48 (t = 0.48):	 total squared error = 0.000653857, marker error: RMS = 0.00492107, max = 0.00978236 (Sternum)
[2026-07-21 00:40:16.862] [info] Frame 49 (t = 0.49):	 total squared error = 0.000626481, marker error: RMS = 0.00481695, max = 0.00960736 (Sternum)
[2026-07-21 00:40:16.930] [info] Frame 50 (t = 0.5):	 total squared error = 0.000610389, marker error: RMS = 0.00475468, max = 0.00945355 (Sternum)
[2026-07-21 00:40:16.990] [info] Frame 51 (t = 0.51):	 total squared error = 0.000596193, marker error: RMS = 0.00469907, max = 0.00917751 (Sternum)
[2026-07-21 00:40:17.087] [info] Frame 52 (t = 0.52):	 total squared error = 0.000579003, marker error: RMS = 0.00463083, max = 0.00894366 (L_Asis)
[2026-07-21 00:40:17.141] [info] Frame 53 (t = 0.53):	 total squared error = 0.000555148, marker error: RMS = 0.00453443, max = 0.00896038 (L_Asis)
[2026-07-21 00:40:17.186] [info] Frame 54 (t = 0.54):	 total squared error = 0.000528100, marker error: RMS = 0.00442259, max = 0.00872636 (L_Asis)
[2026-07-21 00:40:17.232] [info] Frame 55 (t = 0.55):	 total squared error = 0.000497274, marker error: RMS = 0.00429157, max = 0.00822880 (L_Asis)
[2026-07-21 00:40:17.282] [info] Frame 56 (t = 0.56):	 total squared error = 0.000465224, marker error: RMS = 0.00415097, max = 0.00771167 (R_Asis)
[2026-07-21 00:40:17.325] [info] Frame 57 (t = 0.57):	 total squared error = 0.000435462, marker error: RMS = 0.00401599, max = 0.00764245 (R_Ankle_Lateral)
[2026-07-21 00:40:17.362] [info] Frame 58 (t = 0.58):	 total squared error = 0.000414119, marker error: RMS = 0.00391634, max = 0.00777647 (R_Ankle_Lateral)
[2026-07-21 00:40:17.456] [info] Frame 59 (t = 0.59):	 total squared error = 0.000382266, marker error: RMS = 0.00376271, max = 0.00791960 (R_Ankle_Lateral)
[2026-07-21 00:40:17.515] [info] Frame 60 (t = 0.6):	 total squared error = 0.000373126, marker error: RMS = 0.00371746, max = 0.00795639 (R_Ankle_Lateral)
[2026-07-21 00:40:17.580] [info] Frame 61 (t = 0.61):	 total squared error = 0.000369627, marker error: RMS = 0.00369998, max = 0.00797507 (R_Ankle_Lateral)
[2026-07-21 00:40:17.640] [info] Frame 62 (t = 0.62):	 total squared error = 0.000371604, marker error: RMS = 0.00370987, max = 0.00803034 (R_Ankle_Lateral)
[2026-07-21 00:40:17.705] [info] Frame 63 (t = 0.63):	 total squared error = 0.000381049, marker error: RMS = 0.00375672, max = 0.00806539 (R_Ankle_Lateral)
[2026-07-21 00:40:17.763] [info] Frame 64 (t = 0.64):	 total squared error = 0.000399734, marker error: RMS = 0.00384772, max = 0.00886413 (R_Shank_Lateral)
[2026-07-21 00:40:17.830] [info] Frame 65 (t = 0.65):	 total squared error = 0.000429467, marker error: RMS = 0.00398826, max = 0.00962965 (R_Shank_Lateral)
[2026-07-21 00:40:17.873] [info] Frame 66 (t = 0.66):	 total squared error = 0.000475417, marker error: RMS = 0.00419619, max = 0.00982929 (R_Shank_Lateral)
[2026-07-21 00:40:17.949] [info] Frame 67 (t = 0.67):	 total squared error = 0.000508839, marker error: RMS = 0.00434118, max = 0.0111695 (R_Shank_Lateral)
[2026-07-21 00:40:17.995] [info] Frame 68 (t = 0.68):	 total squared error = 0.000555262, marker error: RMS = 0.00453489, max = 0.0118075 (R_Shank_Lateral)
[2026-07-21 00:40:18.077] [info] Frame 69 (t = 0.69):	 total squared error = 0.000603284, marker error: RMS = 0.00472693, max = 0.0127511 (R_Shank_Lateral)
[2026-07-21 00:40:18.135] [info] Frame 70 (t = 0.7):	 total squared error = 0.000657144, marker error: RMS = 0.00493342, max = 0.0135307 (R_Shank_Lateral)
[2026-07-21 00:40:18.195] [info] Frame 71 (t = 0.71):	 total squared error = 0.000718142, marker error: RMS = 0.00515731, max = 0.0145599 (R_Shank_Lateral)
[2026-07-21 00:40:18.231] [info] Frame 72 (t = 0.72):	 total squared error = 0.000795969, marker error: RMS = 0.00542958, max = 0.0156397 (R_Shank_Lateral)
[2026-07-21 00:40:18.275] [info] Frame 73 (t = 0.73):	 total squared error = 0.000867545, marker error: RMS = 0.00566845, max = 0.0172196 (R_Shank_Lateral)
[2026-07-21 00:40:18.329] [info] Frame 74 (t = 0.74):	 total squared error = 0.000950910, marker error: RMS = 0.00593455, max = 0.0188025 (R_Shank_Lateral)
[2026-07-21 00:40:18.378] [info] Frame 75 (t = 0.75):	 total squared error = 0.00104455, marker error: RMS = 0.00621988, max = 0.0204392 (R_Shank_Lateral)
[2026-07-21 00:40:18.431] [info] Frame 76 (t = 0.76):	 total squared error = 0.00113960, marker error: RMS = 0.00649672, max = 0.0220141 (R_Shank_Lateral)
[2026-07-21 00:40:18.479] [info] Frame 77 (t = 0.77):	 total squared error = 0.00123508, marker error: RMS = 0.00676340, max = 0.0234358 (R_Shank_Lateral)
[2026-07-21 00:40:18.550] [info] Frame 78 (t = 0.78):	 total squared error = 0.00131694, marker error: RMS = 0.00698394, max = 0.0246907 (R_Shank_Lateral)
[2026-07-21 00:40:18.608] [info] Frame 79 (t = 0.79):	 total squared error = 0.00138646, marker error: RMS = 0.00716593, max = 0.0256363 (R_Shank_Lateral)
[2026-07-21 00:40:18.670] [info] Frame 80 (t = 0.8):	 total squared error = 0.00143443, marker error: RMS = 0.00728882, max = 0.0262826 (R_Shank_Lateral)
[2026-07-21 00:40:18.709] [info] Frame 81 (t = 0.81):	 total squared error = 0.00146292, marker error: RMS = 0.00736087, max = 0.0265645 (R_Shank_Lateral)
[2026-07-21 00:40:18.768] [info] Frame 82 (t = 0.82):	 total squared error = 0.00145846, marker error: RMS = 0.00734962, max = 0.0265765 (R_Shank_Lateral)
[2026-07-21 00:40:18.806] [info] Frame 83 (t = 0.83):	 total squared error = 0.00144291, marker error: RMS = 0.00731034, max = 0.0262563 (R_Shank_Lateral)
[2026-07-21 00:40:18.859] [info] Frame 84 (t = 0.84):	 total squared error = 0.00140358, marker error: RMS = 0.00721002, max = 0.0258468 (R_Shank_Lateral)
[2026-07-21 00:40:18.925] [info] Frame 85 (t = 0.85):	 total squared error = 0.00135643, marker error: RMS = 0.00708787, max = 0.0250525 (R_Shank_Lateral)
[2026-07-21 00:40:18.977] [info] Frame 86 (t = 0.86):	 total squared error = 0.00130963, marker error: RMS = 0.00696453, max = 0.0243335 (R_Shank_Lateral)
[2026-07-21 00:40:19.039] [info] Frame 87 (t = 0.87):	 total squared error = 0.00126324, marker error: RMS = 0.00684007, max = 0.0234101 (R_Shank_Lateral)
[2026-07-21 00:40:19.071] [info] Frame 88 (t = 0.88):	 total squared error = 0.00122813, marker error: RMS = 0.00674436, max = 0.0228088 (R_Shank_Lateral)
[2026-07-21 00:40:19.125] [info] Frame 89 (t = 0.89):	 total squared error = 0.00118799, marker error: RMS = 0.00663322, max = 0.0219904 (R_Shank_Lateral)
[2026-07-21 00:40:19.194] [info] Frame 90 (t = 0.9):	 total squared error = 0.00115311, marker error: RMS = 0.00653513, max = 0.0210830 (R_Shank_Lateral)
[2026-07-21 00:40:19.244] [info] Frame 91 (t = 0.91):	 total squared error = 0.00112205, marker error: RMS = 0.00644651, max = 0.0204719 (R_Shank_Lateral)
[2026-07-21 00:40:19.325] [info] Frame 92 (t = 0.92):	 total squared error = 0.00107983, marker error: RMS = 0.00632404, max = 0.019315 (R_Shank_Lateral)
[2026-07-21 00:40:19.384] [info] Frame 93 (t = 0.93):	 total squared error = 0.00103498, marker error: RMS = 0.00619134, max = 0.0184632 (R_Shank_Lateral)
[2026-07-21 00:40:19.452] [info] Frame 94 (t = 0.94):	 total squared error = 0.000977098, marker error: RMS = 0.00601571, max = 0.0171856 (R_Shank_Lateral)
[2026-07-21 00:40:19.570] [info] Frame 95 (t = 0.95):	 total squared error = 0.000903799, marker error: RMS = 0.00578567, max = 0.0154615 (R_Shank_Lateral)
[2026-07-21 00:40:19.621] [info] Frame 96 (t = 0.96):	 total squared error = 0.000833467, marker error: RMS = 0.00555600, max = 0.0141095 (R_Shank_Lateral)
[2026-07-21 00:40:19.707] [info] Frame 97 (t = 0.97):	 total squared error = 0.000750244, marker error: RMS = 0.00527132, max = 0.0120217 (R_Shank_Lateral)
[2026-07-21 00:40:19.794] [info] Frame 98 (t = 0.98):	 total squared error = 0.000674705, marker error: RMS = 0.00499891, max = 0.0105324 (R_Thigh_Lateral)
[2026-07-21 00:40:19.850] [info] Frame 99 (t = 0.99):	 total squared error = 0.000616621, marker error: RMS = 0.00477889, max = 0.0101557 (L_Thigh_Lateral)
[2026-07-21 00:40:19.974] [info] Frame 100 (t = 1.0):	 total squared error = 0.000556815, marker error: RMS = 0.00454123, max = 0.0102103 (L_Thigh_Lateral)
[2026-07-21 00:40:20.016] [info] Frame 101 (t = 1.01):	 total squared error = 0.000538282, marker error: RMS = 0.00446501, max = 0.0102980 (L_Thigh_Lateral)
[2026-07-21 00:40:20.102] [info] Frame 102 (t = 1.02):	 total squared error = 0.000517747, marker error: RMS = 0.00437902, max = 0.0103135 (L_Thigh_Lateral)
[2026-07-21 00:40:20.191] [info] Frame 103 (t = 1.03):	 total squared error = 0.000525340, marker error: RMS = 0.00441102, max = 0.0103961 (L_Thigh_Lateral)
[2026-07-21 00:40:20.248] [info] Frame 104 (t = 1.04):	 total squared error = 0.000560927, marker error: RMS = 0.00455797, max = 0.0108556 (R_Thigh_Lateral)
[2026-07-21 00:40:20.312] [info] Frame 105 (t = 1.05):	 total squared error = 0.000596578, marker error: RMS = 0.00470058, max = 0.0116818 (R_Thigh_Lateral)
[2026-07-21 00:40:20.353] [info] Frame 106 (t = 1.06):	 total squared error = 0.000655967, marker error: RMS = 0.00492900, max = 0.0127267 (R_Thigh_Lateral)
[2026-07-21 00:40:20.409] [info] Frame 107 (t = 1.07):	 total squared error = 0.000707172, marker error: RMS = 0.00511777, max = 0.0137332 (R_Thigh_Lateral)
[2026-07-21 00:40:20.460] [info] Frame 108 (t = 1.08):	 total squared error = 0.000758518, marker error: RMS = 0.00530031, max = 0.0147227 (R_Thigh_Lateral)
[2026-07-21 00:40:20.507] [info] Frame 109 (t = 1.09):	 total squared error = 0.000799738, marker error: RMS = 0.00544242, max = 0.0155651 (R_Thigh_Lateral)
[2026-07-21 00:40:20.570] [info] Frame 110 (t = 1.1):	 total squared error = 0.000817448, marker error: RMS = 0.00550235, max = 0.0160284 (R_Thigh_Lateral)
[2026-07-21 00:40:20.612] [info] Frame 111 (t = 1.11):	 total squared error = 0.000806398, marker error: RMS = 0.00546504, max = 0.0157546 (R_Thigh_Lateral)
[2026-07-21 00:40:20.673] [info] Frame 112 (t = 1.12):	 total squared error = 0.000748769, marker error: RMS = 0.00526613, max = 0.0150264 (R_Thigh_Lateral)
[2026-07-21 00:40:20.701] [info] Frame 113 (t = 1.13):	 total squared error = 0.000668414, marker error: RMS = 0.00497555, max = 0.0131364 (R_Thigh_Lateral)
[2026-07-21 00:40:20.765] [info] Frame 114 (t = 1.14):	 total squared error = 0.000559954, marker error: RMS = 0.00455401, max = 0.0112092 (R_Thigh_Lateral)
[2026-07-21 00:40:20.811] [info] Frame 115 (t = 1.15):	 total squared error = 0.000452887, marker error: RMS = 0.00409556, max = 0.00983361 (L_Thigh_Lateral)
[2026-07-21 00:40:20.867] [info] Frame 116 (t = 1.16):	 total squared error = 0.000371796, marker error: RMS = 0.00371083, max = 0.00941974 (L_Thigh_Lateral)
[2026-07-21 00:40:20.902] [info] Frame 117 (t = 1.17):	 total squared error = 0.000328313, marker error: RMS = 0.00348708, max = 0.00907666 (L_Thigh_Lateral)
[2026-07-21 00:40:21.007] [info] Frame 118 (t = 1.18):	 total squared error = 0.000318873, marker error: RMS = 0.00343659, max = 0.00866245 (L_Thigh_Lateral)
[2026-07-21 00:40:21.090] [info] Frame 119 (t = 1.19):	 total squared error = 0.000341701, marker error: RMS = 0.00355747, max = 0.00868466 (L_Thigh_Lateral)
[2026-07-21 00:40:21.160] [info] Frame 120 (t = 1.2):	 total squared error = 0.000392032, marker error: RMS = 0.00381047, max = 0.00912437 (L_Thigh_Lateral)
[2026-07-21 00:40:21.275] [info] Frame 121 (t = 1.21):	 total squared error = 0.000465309, marker error: RMS = 0.00415135, max = 0.0100118 (L_Thigh_Lateral)
[2026-07-21 00:40:21.331] [info] Frame 122 (t = 1.22):	 total squared error = 0.000542773, marker error: RMS = 0.00448360, max = 0.0110534 (L_Shank_Lateral)
[2026-07-21 00:40:21.400] [info] Frame 123 (t = 1.23):	 total squared error = 0.000617107, marker error: RMS = 0.00478078, max = 0.0128796 (L_Shank_Lateral)
[2026-07-21 00:40:21.470] [info] Frame 124 (t = 1.24):	 total squared error = 0.000679305, marker error: RMS = 0.00501592, max = 0.0142282 (L_Shank_Lateral)
[2026-07-21 00:40:21.546] [info] Frame 125 (t = 1.25):	 total squared error = 0.000716562, marker error: RMS = 0.00515163, max = 0.0153841 (L_Shank_Lateral)
[2026-07-21 00:40:21.618] [info] Frame 126 (t = 1.26):	 total squared error = 0.000729066, marker error: RMS = 0.00519639, max = 0.0160217 (L_Shank_Lateral)
[2026-07-21 00:40:21.673] [info] Frame 127 (t = 1.27):	 total squared error = 0.000723357, marker error: RMS = 0.00517600, max = 0.0158547 (L_Shank_Lateral)
[2026-07-21 00:40:21.746] [info] Frame 128 (t = 1.28):	 total squared error = 0.000698016, marker error: RMS = 0.00508453, max = 0.0161453 (L_Shank_Lateral)
[2026-07-21 00:40:21.825] [info] Frame 129 (t = 1.29):	 total squared error = 0.000671109, marker error: RMS = 0.00498557, max = 0.0159675 (L_Shank_Lateral)
[2026-07-21 00:40:21.877] [info] Frame 130 (t = 1.3):	 total squared error = 0.000653956, marker error: RMS = 0.00492144, max = 0.0152088 (L_Shank_Lateral)
[2026-07-21 00:40:21.952] [info] Frame 131 (t = 1.31):	 total squared error = 0.000638825, marker error: RMS = 0.00486417, max = 0.0155671 (L_Shank_Lateral)
[2026-07-21 00:40:22.005] [info] Frame 132 (t = 1.32):	 total squared error = 0.000638572, marker error: RMS = 0.00486321, max = 0.014952 (L_Shank_Lateral)
[2026-07-21 00:40:22.054] [info] Frame 133 (t = 1.33):	 total squared error = 0.000643549, marker error: RMS = 0.00488213, max = 0.0147382 (L_Shank_Lateral)
[2026-07-21 00:40:22.106] [info] Frame 134 (t = 1.34):	 total squared error = 0.000652818, marker error: RMS = 0.00491716, max = 0.0144708 (L_Shank_Lateral)
[2026-07-21 00:40:22.178] [info] Frame 135 (t = 1.35):	 total squared error = 0.000658615, marker error: RMS = 0.00493894, max = 0.0147334 (L_Shank_Lateral)
[2026-07-21 00:40:22.217] [info] Frame 136 (t = 1.36):	 total squared error = 0.000679885, marker error: RMS = 0.00501806, max = 0.014247 (L_Shank_Lateral)
[2026-07-21 00:40:22.250] [info] Frame 137 (t = 1.37):	 total squared error = 0.000702390, marker error: RMS = 0.00510044, max = 0.0140836 (L_Shank_Lateral)
[2026-07-21 00:40:22.305] [info] Frame 138 (t = 1.38):	 total squared error = 0.000710310, marker error: RMS = 0.00512911, max = 0.0145297 (L_Shank_Lateral)
[2026-07-21 00:40:22.333] [info] Frame 139 (t = 1.39):	 total squared error = 0.000756577, marker error: RMS = 0.00529352, max = 0.0148553 (L_Shank_Lateral)
[2026-07-21 00:40:22.409] [info] Frame 140 (t = 1.4):	 total squared error = 0.000755423, marker error: RMS = 0.00528948, max = 0.0153434 (L_Shank_Lateral)
[2026-07-21 00:40:22.476] [info] Frame 141 (t = 1.41):	 total squared error = 0.000777051, marker error: RMS = 0.00536467, max = 0.0159261 (L_Shank_Lateral)
[2026-07-21 00:40:22.535] [info] Frame 142 (t = 1.42):	 total squared error = 0.000804341, marker error: RMS = 0.00545806, max = 0.0166759 (L_Shank_Lateral)
[2026-07-21 00:40:22.622] [info] Frame 143 (t = 1.43):	 total squared error = 0.000821548, marker error: RMS = 0.00551613, max = 0.0170881 (L_Shank_Lateral)
[2026-07-21 00:40:22.711] [info] Frame 144 (t = 1.44):	 total squared error = 0.000839481, marker error: RMS = 0.00557601, max = 0.0175135 (L_Shank_Lateral)
[2026-07-21 00:40:22.748] [info] Frame 145 (t = 1.45):	 total squared error = 0.000870792, marker error: RMS = 0.00567905, max = 0.0183476 (L_Shank_Lateral)
[2026-07-21 00:40:22.837] [info] Frame 146 (t = 1.46):	 total squared error = 0.000844066, marker error: RMS = 0.00559122, max = 0.0176431 (L_Shank_Lateral)
[2026-07-21 00:40:22.903] [info] Frame 147 (t = 1.47):	 total squared error = 0.000821043, marker error: RMS = 0.00551444, max = 0.0172644 (L_Shank_Lateral)
[2026-07-21 00:40:22.945] [info] Frame 148 (t = 1.48):	 total squared error = 0.000787497, marker error: RMS = 0.00540061, max = 0.0167577 (L_Shank_Lateral)
[2026-07-21 00:40:23.025] [info] Frame 149 (t = 1.49):	 total squared error = 0.000704327, marker error: RMS = 0.00510746, max = 0.0143853 (L_Shank_Lateral)
[2026-07-21 00:40:23.069] [info] Frame 150 (t = 1.5):	 total squared error = 0.000630758, marker error: RMS = 0.00483337, max = 0.0127745 (L_Shank_Lateral)
[2026-07-21 00:40:23.159] [info] Frame 151 (t = 1.51):	 total squared error = 0.000531327, marker error: RMS = 0.00443608, max = 0.0103044 (R_Shank_Lateral)
[2026-07-21 00:40:23.260] [info] Frame 152 (t = 1.52):	 total squared error = 0.000458593, marker error: RMS = 0.00412128, max = 0.0104156 (R_Shank_Lateral)
[2026-07-21 00:40:23.352] [info] Frame 153 (t = 1.53):	 total squared error = 0.000415106, marker error: RMS = 0.00392101, max = 0.0105053 (R_Shank_Lateral)
[2026-07-21 00:40:23.431] [info] Frame 154 (t = 1.54):	 total squared error = 0.000408619, marker error: RMS = 0.00389025, max = 0.0105777 (R_Shank_Lateral)
[2026-07-21 00:40:23.496] [info] Frame 155 (t = 1.55):	 total squared error = 0.000436394, marker error: RMS = 0.00402029, max = 0.0107409 (R_Shank_Lateral)
[2026-07-21 00:40:23.564] [info] Frame 156 (t = 1.56):	 total squared error = 0.000489037, marker error: RMS = 0.00425588, max = 0.0108983 (R_Shank_Lateral)
[2026-07-21 00:40:23.629] [info] Frame 157 (t = 1.57):	 total squared error = 0.000552840, marker error: RMS = 0.00452499, max = 0.0110814 (R_Shank_Lateral)
[2026-07-21 00:40:23.687] [info] Frame 158 (t = 1.58):	 total squared error = 0.000614382, marker error: RMS = 0.00477021, max = 0.0111686 (R_Shank_Lateral)
[2026-07-21 00:40:23.735] [info] Frame 159 (t = 1.59):	 total squared error = 0.000665382, marker error: RMS = 0.00496425, max = 0.011688 (L_Thigh_Lateral)
[2026-07-21 00:40:23.779] [info] Frame 160 (t = 1.6):	 total squared error = 0.000698113, marker error: RMS = 0.00508488, max = 0.0122808 (L_Thigh_Lateral)
[2026-07-21 00:40:23.805] [info] Frame 161 (t = 1.61):	 total squared error = 0.000722734, marker error: RMS = 0.00517377, max = 0.0125604 (L_Thigh_Lateral)
[2026-07-21 00:40:23.834] [info] Frame 162 (t = 1.62):	 total squared error = 0.000732028, marker error: RMS = 0.00520693, max = 0.0126179 (L_Thigh_Lateral)
[2026-07-21 00:40:23.869] [info] Frame 163 (t = 1.63):	 total squared error = 0.000718976, marker error: RMS = 0.00516031, max = 0.0126835 (L_Thigh_Lateral)
[2026-07-21 00:40:23.935] [info] Frame 164 (t = 1.64):	 total squared error = 0.000701182, marker error: RMS = 0.00509605, max = 0.0116742 (L_Thigh_Lateral)
[2026-07-21 00:40:23.982] [info] Frame 165 (t = 1.65):	 total squared error = 0.000694275, marker error: RMS = 0.00507089, max = 0.011492 (L_Thigh_Lateral)
[2026-07-21 00:40:24.036] [info] Frame 166 (t = 1.66):	 total squared error = 0.000695503, marker error: RMS = 0.00507537, max = 0.0114215 (L_Thigh_Lateral)
[2026-07-21 00:40:24.066] [info] Frame 167 (t = 1.67):	 total squared error = 0.000706747, marker error: RMS = 0.00511623, max = 0.0116364 (L_Thigh_Lateral)
[2026-07-21 00:40:24.121] [info] Frame 168 (t = 1.68):	 total squared error = 0.000724552, marker error: RMS = 0.00518028, max = 0.011512 (L_Thigh_Lateral)
[2026-07-21 00:40:24.166] [info] Frame 169 (t = 1.69):	 total squared error = 0.000752178, marker error: RMS = 0.00527811, max = 0.0118456 (L_Thigh_Lateral)
[2026-07-21 00:40:24.239] [info] Frame 170 (t = 1.7):	 total squared error = 0.000781255, marker error: RMS = 0.00537916, max = 0.0113064 (L_Thigh_Lateral)
[2026-07-21 00:40:24.292] [info] Frame 171 (t = 1.71):	 total squared error = 0.000816322, marker error: RMS = 0.00549856, max = 0.0114803 (L_Thigh_Lateral)
[2026-07-21 00:40:24.322] [info] Frame 172 (t = 1.72):	 total squared error = 0.000847670, marker error: RMS = 0.00560314, max = 0.01144 (L_Thigh_Lateral)
[2026-07-21 00:40:24.367] [info] Frame 173 (t = 1.73):	 total squared error = 0.000860113, marker error: RMS = 0.00564411, max = 0.0123171 (L_Asis)
[2026-07-21 00:40:24.410] [info] Frame 174 (t = 1.74):	 total squared error = 0.000850033, marker error: RMS = 0.00561095, max = 0.0126909 (L_Asis)
[2026-07-21 00:40:24.474] [info] Frame 175 (t = 1.75):	 total squared error = 0.000814149, marker error: RMS = 0.00549124, max = 0.0129117 (L_Asis)
[2026-07-21 00:40:24.565] [info] Frame 176 (t = 1.76):	 total squared error = 0.000744678, marker error: RMS = 0.00525173, max = 0.0121634 (L_Asis)
[2026-07-21 00:40:24.625] [info] Frame 177 (t = 1.77):	 total squared error = 0.000673373, marker error: RMS = 0.00499397, max = 0.0117304 (L_Asis)
[2026-07-21 00:40:24.668] [info] Frame 178 (t = 1.78):	 total squared error = 0.000601101, marker error: RMS = 0.00471837, max = 0.0112825 (L_Asis)
[2026-07-21 00:40:24.760] [info] Frame 179 (t = 1.79):	 total squared error = 0.000515042, marker error: RMS = 0.00436756, max = 0.0104463 (R_Asis)
[2026-07-21 00:40:24.810] [info] Frame 180 (t = 1.8):	 total squared error = 0.000448587, marker error: RMS = 0.00407607, max = 0.00997331 (R_Asis)
[2026-07-21 00:40:24.865] [info] Frame 181 (t = 1.81):	 total squared error = 0.000389193, marker error: RMS = 0.00379665, max = 0.00933674 (R_Asis)
[2026-07-21 00:40:24.938] [info] Frame 182 (t = 1.82):	 total squared error = 0.000339282, marker error: RMS = 0.00354485, max = 0.00879481 (R_Asis)
[2026-07-21 00:40:24.991] [info] Frame 183 (t = 1.83):	 total squared error = 0.000319261, marker error: RMS = 0.00343867, max = 0.00789783 (R_Asis)
[2026-07-21 00:40:25.041] [info] Frame 184 (t = 1.84):	 total squared error = 0.000326988, marker error: RMS = 0.00348004, max = 0.00722830 (R_Asis)
[2026-07-21 00:40:25.096] [info] Frame 185 (t = 1.85):	 total squared error = 0.000361100, marker error: RMS = 0.00365706, max = 0.00769345 (R_Shank_Lateral)
[2026-07-21 00:40:25.170] [info] Frame 186 (t = 1.86):	 total squared error = 0.000413598, marker error: RMS = 0.00391388, max = 0.00902462 (R_Shank_Lateral)
[2026-07-21 00:40:25.237] [info] Frame 187 (t = 1.87):	 total squared error = 0.000474906, marker error: RMS = 0.00419394, max = 0.0103763 (R_Shank_Lateral)
[2026-07-21 00:40:25.286] [info] Frame 188 (t = 1.88):	 total squared error = 0.000533432, marker error: RMS = 0.00444486, max = 0.0114353 (R_Shank_Lateral)
[2026-07-21 00:40:25.337] [info] Frame 189 (t = 1.89):	 total squared error = 0.000581251, marker error: RMS = 0.00463981, max = 0.0123709 (R_Shank_Lateral)
[2026-07-21 00:40:25.427] [info] Frame 190 (t = 1.9):	 total squared error = 0.000613604, marker error: RMS = 0.00476719, max = 0.0134409 (R_Shank_Lateral)
[2026-07-21 00:40:25.476] [info] Frame 191 (t = 1.91):	 total squared error = 0.000645733, marker error: RMS = 0.00489040, max = 0.0139985 (R_Shank_Lateral)
[2026-07-21 00:40:25.541] [info] Frame 192 (t = 1.92):	 total squared error = 0.000677745, marker error: RMS = 0.00501015, max = 0.0149587 (R_Shank_Lateral)
[2026-07-21 00:40:25.605] [info] Frame 193 (t = 1.93):	 total squared error = 0.000721014, marker error: RMS = 0.00516761, max = 0.0157712 (R_Shank_Lateral)
[2026-07-21 00:40:25.652] [info] Frame 194 (t = 1.94):	 total squared error = 0.000777846, marker error: RMS = 0.00536741, max = 0.0167124 (R_Shank_Lateral)
[2026-07-21 00:40:25.701] [info] Frame 195 (t = 1.95):	 total squared error = 0.000842020, marker error: RMS = 0.00558443, max = 0.0178079 (R_Shank_Lateral)
[2026-07-21 00:40:25.783] [info] Frame 196 (t = 1.96):	 total squared error = 0.000905216, marker error: RMS = 0.00579021, max = 0.0189446 (R_Shank_Lateral)
[2026-07-21 00:40:25.825] [info] Frame 197 (t = 1.97):	 total squared error = 0.000974413, marker error: RMS = 0.00600744, max = 0.0199449 (R_Shank_Lateral)
[2026-07-21 00:40:25.864] [info] Frame 198 (t = 1.98):	 total squared error = 0.00104228, marker error: RMS = 0.00621314, max = 0.0207865 (R_Shank_Lateral)
[2026-07-21 00:40:25.903] [info] Frame 199 (t = 1.99):	 total squared error = 0.00109468, marker error: RMS = 0.00636739, max = 0.0216921 (R_Shank_Lateral)
[2026-07-21 00:40:25.949] [info] Frame 200 (t = 2.0):	 total squared error = 0.00114424, marker error: RMS = 0.00650993, max = 0.0224066 (R_Shank_Lateral)
[2026-07-21 00:40:26.000] [info] Frame 201 (t = 2.01):	 total squared error = 0.00118466, marker error: RMS = 0.00662392, max = 0.0229112 (R_Shank_Lateral)
[2026-07-21 00:40:26.061] [info] Frame 202 (t = 2.02):	 total squared error = 0.00121872, marker error: RMS = 0.00671847, max = 0.0234897 (R_Shank_Lateral)
[2026-07-21 00:40:26.152] [info] Frame 203 (t = 2.03):	 total squared error = 0.00124782, marker error: RMS = 0.00679820, max = 0.0239652 (R_Shank_Lateral)
[2026-07-21 00:40:26.189] [info] Frame 204 (t = 2.04):	 total squared error = 0.00127910, marker error: RMS = 0.00688287, max = 0.0244413 (R_Shank_Lateral)
[2026-07-21 00:40:26.243] [info] Frame 205 (t = 2.05):	 total squared error = 0.00129873, marker error: RMS = 0.00693549, max = 0.0247303 (R_Shank_Lateral)
[2026-07-21 00:40:26.273] [info] Frame 206 (t = 2.06):	 total squared error = 0.00132861, marker error: RMS = 0.00701482, max = 0.0251935 (R_Shank_Lateral)
[2026-07-21 00:40:26.353] [info] Frame 207 (t = 2.07):	 total squared error = 0.00133064, marker error: RMS = 0.00702019, max = 0.025224 (R_Shank_Lateral)
[2026-07-21 00:40:26.391] [info] Frame 208 (t = 2.08):	 total squared error = 0.00134630, marker error: RMS = 0.00706137, max = 0.0255913 (R_Shank_Lateral)
[2026-07-21 00:40:26.472] [info] Frame 209 (t = 2.09):	 total squared error = 0.00133882, marker error: RMS = 0.00704174, max = 0.0254763 (R_Shank_Lateral)
[2026-07-21 00:40:26.523] [info] Frame 210 (t = 2.1):	 total squared error = 0.00132882, marker error: RMS = 0.00701539, max = 0.0254729 (R_Shank_Lateral)
[2026-07-21 00:40:26.577] [info] Frame 211 (t = 2.11):	 total squared error = 0.00129647, marker error: RMS = 0.00692945, max = 0.0249946 (R_Shank_Lateral)
[2026-07-21 00:40:26.628] [info] Frame 212 (t = 2.12):	 total squared error = 0.00124085, marker error: RMS = 0.00677920, max = 0.0242731 (R_Shank_Lateral)
[2026-07-21 00:40:26.717] [info] Frame 213 (t = 2.13):	 total squared error = 0.00114642, marker error: RMS = 0.00651613, max = 0.022469 (R_Shank_Lateral)
[2026-07-21 00:40:26.768] [info] Frame 214 (t = 2.14):	 total squared error = 0.00103658, marker error: RMS = 0.00619611, max = 0.0209075 (R_Shank_Lateral)
[2026-07-21 00:40:26.851] [info] Frame 215 (t = 2.15):	 total squared error = 0.000891965, marker error: RMS = 0.00574767, max = 0.0180183 (R_Shank_Lateral)
[2026-07-21 00:40:26.939] [info] Frame 216 (t = 2.16):	 total squared error = 0.000742012, marker error: RMS = 0.00524232, max = 0.0147363 (R_Shank_Lateral)
[2026-07-21 00:40:26.992] [info] Frame 217 (t = 2.17):	 total squared error = 0.000613504, marker error: RMS = 0.00476680, max = 0.0117136 (R_Shank_Lateral)
[2026-07-21 00:40:27.057] [info] Frame 218 (t = 2.18):	 total squared error = 0.000509282, marker error: RMS = 0.00434307, max = 0.0106168 (L_Thigh_Lateral)
[2026-07-21 00:40:27.171] [info] Frame 219 (t = 2.19):	 total squared error = 0.000438091, marker error: RMS = 0.00402810, max = 0.0109178 (L_Thigh_Lateral)
[2026-07-21 00:40:27.253] [info] Frame 220 (t = 2.2):	 total squared error = 0.000444682, marker error: RMS = 0.00405829, max = 0.0110887 (L_Thigh_Lateral)
[2026-07-21 00:40:27.304] [info] Frame 221 (t = 2.21):	 total squared error = 0.000519320, marker error: RMS = 0.00438567, max = 0.0113552 (L_Thigh_Lateral)
[2026-07-21 00:40:27.394] [info] Frame 222 (t = 2.22):	 total squared error = 0.000616381, marker error: RMS = 0.00477796, max = 0.0115938 (L_Thigh_Lateral)
[2026-07-21 00:40:27.467] [info] Frame 223 (t = 2.23):	 total squared error = 0.000738801, marker error: RMS = 0.00523096, max = 0.0131512 (R_Thigh_Lateral)
[2026-07-21 00:40:27.537] [info] Frame 224 (t = 2.24):	 total squared error = 0.000838151, marker error: RMS = 0.00557159, max = 0.0148134 (R_Thigh_Lateral)
[2026-07-21 00:40:27.590] [info] Frame 225 (t = 2.25):	 total squared error = 0.000885047, marker error: RMS = 0.00572534, max = 0.0155503 (R_Thigh_Lateral)
[2026-07-21 00:40:27.617] [info] Frame 226 (t = 2.26):	 total squared error = 0.000871002, marker error: RMS = 0.00567973, max = 0.0150888 (R_Thigh_Lateral)
[2026-07-21 00:40:27.666] [info] Frame 227 (t = 2.27):	 total squared error = 0.000777023, marker error: RMS = 0.00536457, max = 0.013542 (R_Thigh_Lateral)
[2026-07-21 00:40:27.695] [info] Frame 228 (t = 2.28):	 total squared error = 0.000671955, marker error: RMS = 0.00498871, max = 0.0120836 (L_Thigh_Lateral)
[2026-07-21 00:40:27.743] [info] Frame 229 (t = 2.29):	 total squared error = 0.000560106, marker error: RMS = 0.00455463, max = 0.0117799 (L_Thigh_Lateral)
[2026-07-21 00:40:27.776] [info] Frame 230 (t = 2.3):	 total squared error = 0.000488219, marker error: RMS = 0.00425231, max = 0.0117262 (L_Thigh_Lateral)
[2026-07-21 00:40:27.853] [info] Frame 231 (t = 2.31):	 total squared error = 0.000434447, marker error: RMS = 0.00401131, max = 0.0112636 (L_Thigh_Lateral)
[2026-07-21 00:40:27.900] [info] Frame 232 (t = 2.32):	 total squared error = 0.000400888, marker error: RMS = 0.00385327, max = 0.0108813 (L_Thigh_Lateral)
[2026-07-21 00:40:27.953] [info] Frame 233 (t = 2.33):	 total squared error = 0.000373328, marker error: RMS = 0.00371846, max = 0.0103768 (L_Thigh_Lateral)
[2026-07-21 00:40:28.014] [info] Frame 234 (t = 2.34):	 total squared error = 0.000342230, marker error: RMS = 0.00356022, max = 0.00984425 (L_Thigh_Lateral)
[2026-07-21 00:40:28.076] [info] Frame 235 (t = 2.35):	 total squared error = 0.000308473, marker error: RMS = 0.00338008, max = 0.00914380 (L_Thigh_Lateral)
[2026-07-21 00:40:28.136] [info] Frame 236 (t = 2.36):	 total squared error = 0.000276377, marker error: RMS = 0.00319940, max = 0.00821222 (L_Thigh_Lateral)
[2026-07-21 00:40:28.198] [info] Frame 237 (t = 2.37):	 total squared error = 0.000253502, marker error: RMS = 0.00306414, max = 0.00717080 (L_Thigh_Lateral)
[2026-07-21 00:40:28.252] [info] Frame 238 (t = 2.38):	 total squared error = 0.000243769, marker error: RMS = 0.00300474, max = 0.00637280 (R_Heel)
[2026-07-21 00:40:28.302] [info] Frame 239 (t = 2.39):	 total squared error = 0.000248477, marker error: RMS = 0.00303362, max = 0.00631124 (R_Heel)
[2026-07-21 00:40:28.349] [info] Frame 240 (t = 2.4):	 total squared error = 0.000270249, marker error: RMS = 0.00316374, max = 0.00636193 (R_Heel)
[2026-07-21 00:40:28.416] [info] Frame 241 (t = 2.41):	 total squared error = 0.000306790, marker error: RMS = 0.00337084, max = 0.00737254 (L_Shank_Lateral)
[2026-07-21 00:40:28.469] [info] Frame 242 (t = 2.42):	 total squared error = 0.000359513, marker error: RMS = 0.00364901, max = 0.00889415 (L_Shank_Lateral)
[2026-07-21 00:40:28.522] [info] Frame 243 (t = 2.43):	 total squared error = 0.000424982, marker error: RMS = 0.00396738, max = 0.0102851 (L_Shank_Lateral)
[2026-07-21 00:40:28.594] [info] Frame 244 (t = 2.44):	 total squared error = 0.000488140, marker error: RMS = 0.00425197, max = 0.0120821 (L_Shank_Lateral)
[2026-07-21 00:40:28.668] [info] Frame 245 (t = 2.45):	 total squared error = 0.000559791, marker error: RMS = 0.00455335, max = 0.0133699 (L_Shank_Lateral)
[2026-07-21 00:40:28.714] [info] Frame 246 (t = 2.46):	 total squared error = 0.000637077, marker error: RMS = 0.00485751, max = 0.0143208 (L_Shank_Lateral)
[2026-07-21 00:40:28.788] [info] Frame 247 (t = 2.47):	 total squared error = 0.000709824, marker error: RMS = 0.00512735, max = 0.016123 (L_Shank_Lateral)
[2026-07-21 00:40:28.875] [info] Frame 248 (t = 2.48):	 total squared error = 0.000786404, marker error: RMS = 0.00539686, max = 0.017639 (L_Shank_Lateral)
[2026-07-21 00:40:28.925] [info] Frame 249 (t = 2.49):	 total squared error = 0.000862392, marker error: RMS = 0.00565159, max = 0.0187897 (L_Shank_Lateral)
[2026-07-21 00:40:28.997] [info] Frame 250 (t = 2.5):	 total squared error = 0.000928424, marker error: RMS = 0.00586396, max = 0.0204354 (L_Shank_Lateral)
[2026-07-21 00:40:29.050] [info] Frame 251 (t = 2.51):	 total squared error = 0.000975650, marker error: RMS = 0.00601125, max = 0.0211338 (L_Shank_Lateral)
[2026-07-21 00:40:29.099] [info] Frame 252 (t = 2.52):	 total squared error = 0.000994253, marker error: RMS = 0.00606829, max = 0.0214853 (L_Shank_Lateral)
[2026-07-21 00:40:29.136] [info] Frame 253 (t = 2.53):	 total squared error = 0.000979498, marker error: RMS = 0.00602310, max = 0.0212793 (L_Shank_Lateral)
[2026-07-21 00:40:29.206] [info] Frame 254 (t = 2.54):	 total squared error = 0.000930300, marker error: RMS = 0.00586988, max = 0.0208664 (L_Shank_Lateral)
[2026-07-21 00:40:29.268] [info] Frame 255 (t = 2.55):	 total squared error = 0.000865430, marker error: RMS = 0.00566153, max = 0.0196247 (L_Shank_Lateral)
[2026-07-21 00:40:29.311] [info] Frame 256 (t = 2.56):	 total squared error = 0.000796820, marker error: RMS = 0.00543248, max = 0.0180742 (L_Shank_Lateral)
[2026-07-21 00:40:29.349] [info] Frame 257 (t = 2.57):	 total squared error = 0.000734241, marker error: RMS = 0.00521480, max = 0.0166472 (L_Shank_Lateral)
[2026-07-21 00:40:29.397] [info] Frame 258 (t = 2.58):	 total squared error = 0.000666361, marker error: RMS = 0.00496790, max = 0.0153391 (L_Shank_Lateral)
[2026-07-21 00:40:29.454] [info] Frame 259 (t = 2.59):	 total squared error = 0.000610693, marker error: RMS = 0.00475587, max = 0.0143941 (L_Shank_Lateral)
[2026-07-21 00:40:29.534] [info] Frame 260 (t = 2.6):	 total squared error = 0.000570772, marker error: RMS = 0.00459779, max = 0.0134995 (L_Shank_Lateral)
[2026-07-21 00:40:29.592] [info] Frame 261 (t = 2.61):	 total squared error = 0.000548342, marker error: RMS = 0.00450655, max = 0.0130407 (L_Shank_Lateral)
[2026-07-21 00:40:29.644] [info] Frame 262 (t = 2.62):	 total squared error = 0.000536353, marker error: RMS = 0.00445701, max = 0.0127502 (L_Shank_Lateral)
[2026-07-21 00:40:29.700] [info] Frame 263 (t = 2.63):	 total squared error = 0.000528126, marker error: RMS = 0.00442270, max = 0.0124718 (L_Shank_Lateral)
[2026-07-21 00:40:29.784] [info] Frame 264 (t = 2.64):	 total squared error = 0.000526577, marker error: RMS = 0.00441620, max = 0.0120300 (L_Shank_Lateral)
[2026-07-21 00:40:29.861] [info] Frame 265 (t = 2.65):	 total squared error = 0.000528415, marker error: RMS = 0.00442390, max = 0.0116478 (L_Shank_Lateral)
[2026-07-21 00:40:29.932] [info] Frame 266 (t = 2.66):	 total squared error = 0.000527418, marker error: RMS = 0.00441973, max = 0.0110254 (L_Shank_Lateral)
[2026-07-21 00:40:29.989] [info] Frame 267 (t = 2.67):	 total squared error = 0.000521964, marker error: RMS = 0.00439682, max = 0.0101325 (L_Shank_Lateral)
[2026-07-21 00:40:30.053] [info] Frame 268 (t = 2.68):	 total squared error = 0.000508669, marker error: RMS = 0.00434046, max = 0.0100591 (R_Shank_Lateral)
[2026-07-21 00:40:30.117] [info] Frame 269 (t = 2.69):	 total squared error = 0.000496165, marker error: RMS = 0.00428678, max = 0.0103916 (R_Shank_Lateral)
[2026-07-21 00:40:30.192] [info] Frame 270 (t = 2.7):	 total squared error = 0.000485350, marker error: RMS = 0.00423980, max = 0.0107311 (R_Shank_Lateral)
[2026-07-21 00:40:30.246] [info] Frame 271 (t = 2.71):	 total squared error = 0.000488958, marker error: RMS = 0.00425553, max = 0.0109772 (R_Shank_Lateral)
[2026-07-21 00:40:30.333] [info] Frame 272 (t = 2.72):	 total squared error = 0.000503400, marker error: RMS = 0.00431792, max = 0.0112516 (R_Shank_Lateral)
[2026-07-21 00:40:30.387] [info] Frame 273 (t = 2.73):	 total squared error = 0.000535942, marker error: RMS = 0.00445530, max = 0.0113719 (R_Shank_Lateral)
[2026-07-21 00:40:30.417] [info] Frame 274 (t = 2.74):	 total squared error = 0.000592974, marker error: RMS = 0.00468636, max = 0.0114263 (R_Shank_Lateral)
[2026-07-21 00:40:30.467] [info] Frame 275 (t = 2.75):	 total squared error = 0.000624463, marker error: RMS = 0.00480918, max = 0.0115531 (R_Shank_Lateral)
[2026-07-21 00:40:30.543] [info] Frame 276 (t = 2.76):	 total squared error = 0.000664854, marker error: RMS = 0.00496228, max = 0.0115833 (R_Shank_Lateral)
[2026-07-21 00:40:30.576] [info] Frame 277 (t = 2.77):	 total squared error = 0.000700919, marker error: RMS = 0.00509509, max = 0.0117737 (L_Thigh_Lateral)
[2026-07-21 00:40:30.615] [info] Frame 278 (t = 2.78):	 total squared error = 0.000725012, marker error: RMS = 0.00518192, max = 0.0121835 (L_Thigh_Lateral)
[2026-07-21 00:40:30.674] [info] Frame 279 (t = 2.79):	 total squared error = 0.000732762, marker error: RMS = 0.00520954, max = 0.0121737 (L_Thigh_Lateral)
[2026-07-21 00:40:30.740] [info] Frame 280 (t = 2.8):	 total squared error = 0.000734855, marker error: RMS = 0.00521698, max = 0.0114484 (L_Thigh_Lateral)
[2026-07-21 00:40:30.772] [info] Frame 281 (t = 2.81):	 total squared error = 0.000736697, marker error: RMS = 0.00522351, max = 0.0112047 (L_Thigh_Lateral)
[2026-07-21 00:40:30.802] [info] Frame 282 (t = 2.82):	 total squared error = 0.000747312, marker error: RMS = 0.00526101, max = 0.0109394 (L_Thigh_Lateral)
[2026-07-21 00:40:30.852] [info] Frame 283 (t = 2.83):	 total squared error = 0.000755363, marker error: RMS = 0.00528927, max = 0.0106080 (L_Thigh_Lateral)
[2026-07-21 00:40:30.881] [info] Frame 284 (t = 2.84):	 total squared error = 0.000779939, marker error: RMS = 0.00537463, max = 0.0110464 (L_Asis)
[2026-07-21 00:40:30.913] [info] Frame 285 (t = 2.85):	 total squared error = 0.000821596, marker error: RMS = 0.00551629, max = 0.0118296 (L_Asis)
[2026-07-21 00:40:30.993] [info] Frame 286 (t = 2.86):	 total squared error = 0.000848048, marker error: RMS = 0.00560439, max = 0.0131163 (L_Asis)
[2026-07-21 00:40:31.020] [info] Frame 287 (t = 2.87):	 total squared error = 0.000892131, marker error: RMS = 0.00574821, max = 0.0137304 (L_Asis)
[2026-07-21 00:40:31.076] [info] Frame 288 (t = 2.88):	 total squared error = 0.000932446, marker error: RMS = 0.00587665, max = 0.0143937 (L_Asis)
[2026-07-21 00:40:31.127] [info] Frame 289 (t = 2.89):	 total squared error = 0.000950236, marker error: RMS = 0.00593245, max = 0.0147646 (L_Asis)
[2026-07-21 00:40:31.179] [info] Frame 290 (t = 2.9):	 total squared error = 0.000945499, marker error: RMS = 0.00591764, max = 0.0148522 (L_Asis)
[2026-07-21 00:40:31.219] [info] Frame 291 (t = 2.91):	 total squared error = 0.000913108, marker error: RMS = 0.00581540, max = 0.0146777 (L_Asis)
[2026-07-21 00:40:31.286] [info] Frame 292 (t = 2.92):	 total squared error = 0.000850588, marker error: RMS = 0.00561277, max = 0.0138895 (L_Asis)
[2026-07-21 00:40:31.332] [info] Frame 293 (t = 2.93):	 total squared error = 0.000775015, marker error: RMS = 0.00535763, max = 0.0133372 (L_Asis)
[2026-07-21 00:40:31.384] [info] Frame 294 (t = 2.94):	 total squared error = 0.000693292, marker error: RMS = 0.00506730, max = 0.0122305 (R_Asis)
[2026-07-21 00:40:31.466] [info] Frame 295 (t = 2.95):	 total squared error = 0.000598323, marker error: RMS = 0.00470745, max = 0.0123443 (R_Asis)
[2026-07-21 00:40:31.480] [info] InverseKinematicsTool completed 256 frames in 15 second(s).
[2026-07-21 00:40:31.582] [info] Loaded model TCV09-scaled from file C:\Users\migue\Downloads\TFG\2_JMP\TVC09\Walk_2\TVC09_2_JMP_results\TVC09_2_NMSM_JMP_08_wrist_axis_FINAL.osim
[2026-07-21 00:40:33.118] [warning] Coordinate.setValue:  coordinate pro_sup_r is locked. Unable to change its value.
[2026-07-21 00:40:33.218] [warning] Coordinate.setValue:  coordinate pro_sup_l is locked. Unable to change its value.
[2026-07-21 00:46:05.877] [info] Loaded model TCV09-scaled from file C:\Users\migue\Downloads\TFG\2_JMP\TVC09\Walk_2\TVC09_scaled.osim
[2026-07-21 00:46:05.909] [cout] [info] 
               MODEL: TCV09-scaled
         coordinates: 41
              forces: 103
           actuators: 103
             muscles: 86
            analyses: 0
              probes: 0
              bodies: 24
              joints: 24
         constraints: 2
             markers: 27
         controllers: 0
  contact geometries: 0
misc modelcomponents: 0
[2026-07-21 00:46:05.909] [info] Running tool .
[2026-07-21 00:46:06.195] [info] Frame 40 (t = 0.4):	 total squared error = 0.00624225, marker error: RMS = 0.0152051, max = 0.0350006 (R_Heel)
[2026-07-21 00:46:06.217] [info] Frame 41 (t = 0.41):	 total squared error = 0.00623045, marker error: RMS = 0.0151907, max = 0.0349409 (R_Heel)
[2026-07-21 00:46:06.255] [info] Frame 42 (t = 0.42):	 total squared error = 0.00617949, marker error: RMS = 0.0151285, max = 0.0348459 (R_Ankle_Lateral)
[2026-07-21 00:46:06.300] [info] Frame 43 (t = 0.43):	 total squared error = 0.00610994, marker error: RMS = 0.0150431, max = 0.0351075 (R_Ankle_Lateral)
[2026-07-21 00:46:06.361] [info] Frame 44 (t = 0.44):	 total squared error = 0.00603355, marker error: RMS = 0.0149487, max = 0.0353009 (R_Ankle_Lateral)
[2026-07-21 00:46:06.415] [info] Frame 45 (t = 0.45):	 total squared error = 0.00595091, marker error: RMS = 0.014846, max = 0.0356064 (R_Ankle_Lateral)
[2026-07-21 00:46:06.456] [info] Frame 46 (t = 0.46):	 total squared error = 0.00586746, marker error: RMS = 0.0147416, max = 0.0359274 (R_Ankle_Lateral)
[2026-07-21 00:46:06.503] [info] Frame 47 (t = 0.47):	 total squared error = 0.00579084, marker error: RMS = 0.014645, max = 0.0362326 (R_Ankle_Lateral)
[2026-07-21 00:46:06.566] [info] Frame 48 (t = 0.48):	 total squared error = 0.00571864, marker error: RMS = 0.0145534, max = 0.0363628 (R_Ankle_Lateral)
[2026-07-21 00:46:06.610] [info] Frame 49 (t = 0.49):	 total squared error = 0.00567342, marker error: RMS = 0.0144958, max = 0.0367223 (R_Ankle_Lateral)
[2026-07-21 00:46:06.650] [info] Frame 50 (t = 0.5):	 total squared error = 0.00564750, marker error: RMS = 0.0144626, max = 0.0369786 (R_Ankle_Lateral)
[2026-07-21 00:46:06.697] [info] Frame 51 (t = 0.51):	 total squared error = 0.00563462, marker error: RMS = 0.0144461, max = 0.037233 (R_Ankle_Lateral)
[2026-07-21 00:46:06.759] [info] Frame 52 (t = 0.52):	 total squared error = 0.00563031, marker error: RMS = 0.0144406, max = 0.0375432 (R_Ankle_Lateral)
[2026-07-21 00:46:06.814] [info] Frame 53 (t = 0.53):	 total squared error = 0.00564017, marker error: RMS = 0.0144532, max = 0.0378749 (R_Ankle_Lateral)
[2026-07-21 00:46:06.887] [info] Frame 54 (t = 0.54):	 total squared error = 0.00566351, marker error: RMS = 0.0144831, max = 0.0380724 (R_Ankle_Lateral)
[2026-07-21 00:46:06.935] [info] Frame 55 (t = 0.55):	 total squared error = 0.00571564, marker error: RMS = 0.0145496, max = 0.038316 (R_Ankle_Lateral)
[2026-07-21 00:46:06.986] [info] Frame 56 (t = 0.56):	 total squared error = 0.00578889, marker error: RMS = 0.0146425, max = 0.0385363 (R_Ankle_Lateral)
[2026-07-21 00:46:07.042] [info] Frame 57 (t = 0.57):	 total squared error = 0.00589174, marker error: RMS = 0.014772, max = 0.0386235 (R_Ankle_Lateral)
[2026-07-21 00:46:07.202] [info] Frame 58 (t = 0.58):	 total squared error = 0.00601372, marker error: RMS = 0.0149241, max = 0.03871 (R_Ankle_Lateral)
[2026-07-21 00:46:07.286] [info] Frame 59 (t = 0.59):	 total squared error = 0.00617100, marker error: RMS = 0.0151181, max = 0.0389329 (R_Ankle_Lateral)
[2026-07-21 00:46:07.346] [info] Frame 60 (t = 0.6):	 total squared error = 0.00633898, marker error: RMS = 0.0153224, max = 0.0387986 (R_Ankle_Lateral)
[2026-07-21 00:46:07.404] [info] Frame 61 (t = 0.61):	 total squared error = 0.00651805, marker error: RMS = 0.0155374, max = 0.0396771 (R_Knee_Lateral)
[2026-07-21 00:46:07.456] [info] Frame 62 (t = 0.62):	 total squared error = 0.00671000, marker error: RMS = 0.0157645, max = 0.0416905 (R_Knee_Lateral)
[2026-07-21 00:46:07.515] [info] Frame 63 (t = 0.63):	 total squared error = 0.00692069, marker error: RMS = 0.0160101, max = 0.0436991 (R_Knee_Lateral)
[2026-07-21 00:46:07.567] [info] Frame 64 (t = 0.64):	 total squared error = 0.00715358, marker error: RMS = 0.0162772, max = 0.0457187 (R_Knee_Lateral)
[2026-07-21 00:46:07.665] [info] Frame 65 (t = 0.65):	 total squared error = 0.00742107, marker error: RMS = 0.0165787, max = 0.0475883 (R_Knee_Lateral)
[2026-07-21 00:46:07.750] [info] Frame 66 (t = 0.66):	 total squared error = 0.00769123, marker error: RMS = 0.0168778, max = 0.0493277 (R_Knee_Lateral)
[2026-07-21 00:46:07.835] [info] Frame 67 (t = 0.67):	 total squared error = 0.00796810, marker error: RMS = 0.0171789, max = 0.0509347 (R_Knee_Lateral)
[2026-07-21 00:46:07.943] [info] Frame 68 (t = 0.68):	 total squared error = 0.00824763, marker error: RMS = 0.0174776, max = 0.0524631 (R_Knee_Lateral)
[2026-07-21 00:46:08.046] [info] Frame 69 (t = 0.69):	 total squared error = 0.00852883, marker error: RMS = 0.0177731, max = 0.0539154 (R_Knee_Lateral)
[2026-07-21 00:46:08.109] [info] Frame 70 (t = 0.7):	 total squared error = 0.00882886, marker error: RMS = 0.0180830, max = 0.0553386 (R_Knee_Lateral)
[2026-07-21 00:46:08.173] [info] Frame 71 (t = 0.71):	 total squared error = 0.00910488, marker error: RMS = 0.0183635, max = 0.0566010 (R_Knee_Lateral)
[2026-07-21 00:46:08.242] [info] Frame 72 (t = 0.72):	 total squared error = 0.00939393, marker error: RMS = 0.0186527, max = 0.0577152 (R_Knee_Lateral)
[2026-07-21 00:46:08.301] [info] Frame 73 (t = 0.73):	 total squared error = 0.00968327, marker error: RMS = 0.0189378, max = 0.0588423 (R_Knee_Lateral)
[2026-07-21 00:46:08.347] [info] Frame 74 (t = 0.74):	 total squared error = 0.00996751, marker error: RMS = 0.0192137, max = 0.0597854 (R_Knee_Lateral)
[2026-07-21 00:46:08.406] [info] Frame 75 (t = 0.75):	 total squared error = 0.0102334, marker error: RMS = 0.0194683, max = 0.0606155 (R_Knee_Lateral)
[2026-07-21 00:46:08.469] [info] Frame 76 (t = 0.76):	 total squared error = 0.0104776, marker error: RMS = 0.0196992, max = 0.0612746 (R_Knee_Lateral)
[2026-07-21 00:46:08.516] [info] Frame 77 (t = 0.77):	 total squared error = 0.0106918, marker error: RMS = 0.0198996, max = 0.0617506 (R_Knee_Lateral)
[2026-07-21 00:46:08.572] [info] Frame 78 (t = 0.78):	 total squared error = 0.0108619, marker error: RMS = 0.0200572, max = 0.0620351 (R_Knee_Lateral)
[2026-07-21 00:46:08.615] [info] Frame 79 (t = 0.79):	 total squared error = 0.0109867, marker error: RMS = 0.0201721, max = 0.0621142 (R_Knee_Lateral)
[2026-07-21 00:46:08.662] [info] Frame 80 (t = 0.8):	 total squared error = 0.0110551, marker error: RMS = 0.0202348, max = 0.0620850 (R_Knee_Lateral)
[2026-07-21 00:46:08.686] [info] Frame 81 (t = 0.81):	 total squared error = 0.0110853, marker error: RMS = 0.0202625, max = 0.0617876 (R_Knee_Lateral)
[2026-07-21 00:46:08.725] [info] Frame 82 (t = 0.82):	 total squared error = 0.0110410, marker error: RMS = 0.0202219, max = 0.0617355 (R_Knee_Lateral)
[2026-07-21 00:46:08.774] [info] Frame 83 (t = 0.83):	 total squared error = 0.0109564, marker error: RMS = 0.0201443, max = 0.0614265 (R_Knee_Lateral)
[2026-07-21 00:46:08.813] [info] Frame 84 (t = 0.84):	 total squared error = 0.0108494, marker error: RMS = 0.0200457, max = 0.0609828 (R_Knee_Lateral)
[2026-07-21 00:46:08.888] [info] Frame 85 (t = 0.85):	 total squared error = 0.0107038, marker error: RMS = 0.0199107, max = 0.0604224 (R_Knee_Lateral)
[2026-07-21 00:46:08.938] [info] Frame 86 (t = 0.86):	 total squared error = 0.0105598, marker error: RMS = 0.0197764, max = 0.0598164 (R_Knee_Lateral)
[2026-07-21 00:46:09.023] [info] Frame 87 (t = 0.87):	 total squared error = 0.0104056, marker error: RMS = 0.0196314, max = 0.0591971 (R_Knee_Lateral)
[2026-07-21 00:46:09.067] [info] Frame 88 (t = 0.88):	 total squared error = 0.0102613, marker error: RMS = 0.0194948, max = 0.0584864 (R_Knee_Lateral)
[2026-07-21 00:46:09.158] [info] Frame 89 (t = 0.89):	 total squared error = 0.0101082, marker error: RMS = 0.0193488, max = 0.0577448 (R_Knee_Lateral)
[2026-07-21 00:46:09.226] [info] Frame 90 (t = 0.9):	 total squared error = 0.00996149, marker error: RMS = 0.0192079, max = 0.0569318 (R_Knee_Lateral)
[2026-07-21 00:46:09.337] [info] Frame 91 (t = 0.91):	 total squared error = 0.00980495, marker error: RMS = 0.0190564, max = 0.0561396 (R_Knee_Lateral)
[2026-07-21 00:46:09.385] [info] Frame 92 (t = 0.92):	 total squared error = 0.00964646, marker error: RMS = 0.0189018, max = 0.05525 (R_Knee_Lateral)
[2026-07-21 00:46:09.468] [info] Frame 93 (t = 0.93):	 total squared error = 0.00945489, marker error: RMS = 0.0187131, max = 0.0542849 (R_Knee_Lateral)
[2026-07-21 00:46:09.511] [info] Frame 94 (t = 0.94):	 total squared error = 0.00926109, marker error: RMS = 0.0185204, max = 0.0532973 (R_Knee_Lateral)
[2026-07-21 00:46:09.613] [info] Frame 95 (t = 0.95):	 total squared error = 0.00901181, marker error: RMS = 0.0182694, max = 0.0520361 (R_Knee_Lateral)
[2026-07-21 00:46:09.705] [info] Frame 96 (t = 0.96):	 total squared error = 0.00875803, marker error: RMS = 0.0180103, max = 0.0506527 (R_Knee_Lateral)
[2026-07-21 00:46:09.795] [info] Frame 97 (t = 0.97):	 total squared error = 0.00850229, marker error: RMS = 0.0177454, max = 0.0492411 (R_Knee_Lateral)
[2026-07-21 00:46:09.919] [info] Frame 98 (t = 0.98):	 total squared error = 0.00821547, marker error: RMS = 0.0174435, max = 0.0475026 (R_Knee_Lateral)
[2026-07-21 00:46:10.001] [info] Frame 99 (t = 0.99):	 total squared error = 0.00796498, marker error: RMS = 0.0171755, max = 0.0458581 (R_Knee_Lateral)
[2026-07-21 00:46:10.071] [info] Frame 100 (t = 1.0):	 total squared error = 0.00773354, marker error: RMS = 0.0169242, max = 0.0441011 (R_Knee_Lateral)
[2026-07-21 00:46:10.134] [info] Frame 101 (t = 1.01):	 total squared error = 0.00755074, marker error: RMS = 0.0167229, max = 0.0423659 (R_Knee_Lateral)
[2026-07-21 00:46:10.171] [info] Frame 102 (t = 1.02):	 total squared error = 0.00743299, marker error: RMS = 0.016592, max = 0.0405665 (R_Knee_Lateral)
[2026-07-21 00:46:10.244] [info] Frame 103 (t = 1.03):	 total squared error = 0.00735246, marker error: RMS = 0.0165019, max = 0.0391844 (R_Knee_Lateral)
[2026-07-21 00:46:10.284] [info] Frame 104 (t = 1.04):	 total squared error = 0.00735687, marker error: RMS = 0.0165069, max = 0.0376189 (R_Knee_Lateral)
[2026-07-21 00:46:10.356] [info] Frame 105 (t = 1.05):	 total squared error = 0.00739794, marker error: RMS = 0.0165529, max = 0.0366105 (R_Knee_Lateral)
[2026-07-21 00:46:10.406] [info] Frame 106 (t = 1.06):	 total squared error = 0.00750881, marker error: RMS = 0.0166764, max = 0.0356918 (R_Knee_Lateral)
[2026-07-21 00:46:10.477] [info] Frame 107 (t = 1.07):	 total squared error = 0.00766137, marker error: RMS = 0.016845, max = 0.0377317 (R_Thigh_Lateral)
[2026-07-21 00:46:10.541] [info] Frame 108 (t = 1.08):	 total squared error = 0.00784052, marker error: RMS = 0.0170408, max = 0.0395444 (R_Thigh_Lateral)
[2026-07-21 00:46:10.598] [info] Frame 109 (t = 1.09):	 total squared error = 0.00800952, marker error: RMS = 0.0172235, max = 0.0411579 (R_Thigh_Lateral)
[2026-07-21 00:46:10.624] [info] Frame 110 (t = 1.1):	 total squared error = 0.00813823, marker error: RMS = 0.0173613, max = 0.0420985 (R_Thigh_Lateral)
[2026-07-21 00:46:10.700] [info] Frame 111 (t = 1.11):	 total squared error = 0.00817822, marker error: RMS = 0.0174039, max = 0.0422617 (R_Thigh_Lateral)
[2026-07-21 00:46:10.771] [info] Frame 112 (t = 1.12):	 total squared error = 0.00811157, marker error: RMS = 0.0173329, max = 0.0417276 (R_Thigh_Lateral)
[2026-07-21 00:46:10.811] [info] Frame 113 (t = 1.13):	 total squared error = 0.00793655, marker error: RMS = 0.0171449, max = 0.03971 (R_Thigh_Lateral)
[2026-07-21 00:46:10.859] [info] Frame 114 (t = 1.14):	 total squared error = 0.00766650, marker error: RMS = 0.0168507, max = 0.0369801 (R_Thigh_Lateral)
[2026-07-21 00:46:10.925] [info] Frame 115 (t = 1.15):	 total squared error = 0.00734398, marker error: RMS = 0.0164924, max = 0.0336716 (R_Thigh_Lateral)
[2026-07-21 00:46:10.967] [info] Frame 116 (t = 1.16):	 total squared error = 0.00703250, marker error: RMS = 0.0161389, max = 0.0327172 (R_Ankle_Lateral)
[2026-07-21 00:46:11.007] [info] Frame 117 (t = 1.17):	 total squared error = 0.00677878, marker error: RMS = 0.0158451, max = 0.0332561 (R_Ankle_Lateral)
[2026-07-21 00:46:11.079] [info] Frame 118 (t = 1.18):	 total squared error = 0.00660586, marker error: RMS = 0.0156417, max = 0.0333852 (R_Ankle_Lateral)
[2026-07-21 00:46:11.148] [info] Frame 119 (t = 1.19):	 total squared error = 0.00654454, marker error: RMS = 0.0155689, max = 0.0337575 (R_Ankle_Lateral)
[2026-07-21 00:46:11.221] [info] Frame 120 (t = 1.2):	 total squared error = 0.00658414, marker error: RMS = 0.0156159, max = 0.0340973 (R_Ankle_Lateral)
[2026-07-21 00:46:11.279] [info] Frame 121 (t = 1.21):	 total squared error = 0.00670446, marker error: RMS = 0.015758, max = 0.0343773 (R_Ankle_Lateral)
[2026-07-21 00:46:11.334] [info] Frame 122 (t = 1.22):	 total squared error = 0.00688587, marker error: RMS = 0.0159697, max = 0.0346735 (R_Ankle_Lateral)
[2026-07-21 00:46:11.397] [info] Frame 123 (t = 1.23):	 total squared error = 0.00709499, marker error: RMS = 0.0162104, max = 0.0347808 (R_Ankle_Lateral)
[2026-07-21 00:46:11.467] [info] Frame 124 (t = 1.24):	 total squared error = 0.00729364, marker error: RMS = 0.0164358, max = 0.034826 (R_Ankle_Lateral)
[2026-07-21 00:46:11.540] [info] Frame 125 (t = 1.25):	 total squared error = 0.00748348, marker error: RMS = 0.0166483, max = 0.0348246 (R_Ankle_Lateral)
[2026-07-21 00:46:11.647] [info] Frame 126 (t = 1.26):	 total squared error = 0.00763930, marker error: RMS = 0.0168207, max = 0.0347424 (R_Ankle_Lateral)
[2026-07-21 00:46:11.731] [info] Frame 127 (t = 1.27):	 total squared error = 0.00775594, marker error: RMS = 0.0169487, max = 0.0346701 (R_Ankle_Lateral)
[2026-07-21 00:46:11.799] [info] Frame 128 (t = 1.28):	 total squared error = 0.00783107, marker error: RMS = 0.0170305, max = 0.0346274 (R_Ankle_Lateral)
[2026-07-21 00:46:11.871] [info] Frame 129 (t = 1.29):	 total squared error = 0.00787562, marker error: RMS = 0.0170789, max = 0.0345037 (R_Ankle_Lateral)
[2026-07-21 00:46:11.945] [info] Frame 130 (t = 1.3):	 total squared error = 0.00789716, marker error: RMS = 0.0171023, max = 0.0344395 (R_Ankle_Lateral)
[2026-07-21 00:46:11.994] [info] Frame 131 (t = 1.31):	 total squared error = 0.00791678, marker error: RMS = 0.0171235, max = 0.0342897 (R_Ankle_Lateral)
[2026-07-21 00:46:12.057] [info] Frame 132 (t = 1.32):	 total squared error = 0.00791588, marker error: RMS = 0.0171225, max = 0.0342884 (R_Ankle_Lateral)
[2026-07-21 00:46:12.104] [info] Frame 133 (t = 1.33):	 total squared error = 0.00792394, marker error: RMS = 0.0171312, max = 0.0341241 (R_Ankle_Lateral)
[2026-07-21 00:46:12.149] [info] Frame 134 (t = 1.34):	 total squared error = 0.00792945, marker error: RMS = 0.0171372, max = 0.0340851 (R_Ankle_Lateral)
[2026-07-21 00:46:12.179] [info] Frame 135 (t = 1.35):	 total squared error = 0.00795306, marker error: RMS = 0.0171627, max = 0.0341216 (R_Ankle_Lateral)
[2026-07-21 00:46:12.219] [info] Frame 136 (t = 1.36):	 total squared error = 0.00795231, marker error: RMS = 0.0171619, max = 0.0338448 (R_Ankle_Lateral)
[2026-07-21 00:46:12.281] [info] Frame 137 (t = 1.37):	 total squared error = 0.00794341, marker error: RMS = 0.0171523, max = 0.0338031 (R_Ankle_Lateral)
[2026-07-21 00:46:12.316] [info] Frame 138 (t = 1.38):	 total squared error = 0.00795683, marker error: RMS = 0.0171667, max = 0.0339025 (R_Ankle_Lateral)
[2026-07-21 00:46:12.364] [info] Frame 139 (t = 1.39):	 total squared error = 0.00794676, marker error: RMS = 0.0171559, max = 0.0337778 (R_Ankle_Lateral)
[2026-07-21 00:46:12.419] [info] Frame 140 (t = 1.4):	 total squared error = 0.00792113, marker error: RMS = 0.0171282, max = 0.0338706 (R_Ankle_Lateral)
[2026-07-21 00:46:12.455] [info] Frame 141 (t = 1.41):	 total squared error = 0.00789636, marker error: RMS = 0.0171014, max = 0.0340585 (R_Ankle_Lateral)
[2026-07-21 00:46:12.530] [info] Frame 142 (t = 1.42):	 total squared error = 0.00781540, marker error: RMS = 0.0170135, max = 0.03391 (R_Ankle_Lateral)
[2026-07-21 00:46:12.604] [info] Frame 143 (t = 1.43):	 total squared error = 0.00773573, marker error: RMS = 0.0169266, max = 0.0340449 (R_Ankle_Lateral)
[2026-07-21 00:46:12.683] [info] Frame 144 (t = 1.44):	 total squared error = 0.00763338, marker error: RMS = 0.0168142, max = 0.0340783 (R_Ankle_Lateral)
[2026-07-21 00:46:12.757] [info] Frame 145 (t = 1.45):	 total squared error = 0.00751117, marker error: RMS = 0.0166791, max = 0.0342915 (R_Ankle_Lateral)
[2026-07-21 00:46:12.851] [info] Frame 146 (t = 1.46):	 total squared error = 0.00735927, marker error: RMS = 0.0165096, max = 0.0344654 (R_Ankle_Lateral)
[2026-07-21 00:46:12.958] [info] Frame 147 (t = 1.47):	 total squared error = 0.00718248, marker error: RMS = 0.01631, max = 0.0346121 (R_Ankle_Lateral)
[2026-07-21 00:46:13.042] [info] Frame 148 (t = 1.48):	 total squared error = 0.00697918, marker error: RMS = 0.0160776, max = 0.0347571 (R_Ankle_Lateral)
[2026-07-21 00:46:13.122] [info] Frame 149 (t = 1.49):	 total squared error = 0.00675813, marker error: RMS = 0.0158209, max = 0.0348442 (R_Ankle_Lateral)
[2026-07-21 00:46:13.182] [info] Frame 150 (t = 1.5):	 total squared error = 0.00653523, marker error: RMS = 0.0155578, max = 0.034869 (R_Ankle_Lateral)
[2026-07-21 00:46:13.242] [info] Frame 151 (t = 1.51):	 total squared error = 0.00632404, marker error: RMS = 0.0153044, max = 0.034963 (R_Ankle_Lateral)
[2026-07-21 00:46:13.341] [info] Frame 152 (t = 1.52):	 total squared error = 0.00614418, marker error: RMS = 0.0150852, max = 0.0351562 (R_Ankle_Lateral)
[2026-07-21 00:46:13.383] [info] Frame 153 (t = 1.53):	 total squared error = 0.00603282, marker error: RMS = 0.0149478, max = 0.0352365 (R_Ankle_Lateral)
[2026-07-21 00:46:13.467] [info] Frame 154 (t = 1.54):	 total squared error = 0.00596499, marker error: RMS = 0.0148636, max = 0.0353814 (R_Ankle_Lateral)
[2026-07-21 00:46:13.512] [info] Frame 155 (t = 1.55):	 total squared error = 0.00596514, marker error: RMS = 0.0148638, max = 0.0354576 (R_Ankle_Lateral)
[2026-07-21 00:46:13.606] [info] Frame 156 (t = 1.56):	 total squared error = 0.00599311, marker error: RMS = 0.0148986, max = 0.0356331 (R_Ankle_Lateral)
[2026-07-21 00:46:13.687] [info] Frame 157 (t = 1.57):	 total squared error = 0.00604252, marker error: RMS = 0.0149598, max = 0.0357669 (R_Ankle_Lateral)
[2026-07-21 00:46:13.769] [info] Frame 158 (t = 1.58):	 total squared error = 0.00608418, marker error: RMS = 0.0150113, max = 0.0360093 (R_Ankle_Lateral)
[2026-07-21 00:46:13.849] [info] Frame 159 (t = 1.59):	 total squared error = 0.00610164, marker error: RMS = 0.0150329, max = 0.0361825 (R_Ankle_Lateral)
[2026-07-21 00:46:13.909] [info] Frame 160 (t = 1.6):	 total squared error = 0.00608674, marker error: RMS = 0.0150145, max = 0.0363995 (R_Ankle_Lateral)
[2026-07-21 00:46:13.948] [info] Frame 161 (t = 1.61):	 total squared error = 0.00604725, marker error: RMS = 0.0149657, max = 0.0365616 (R_Ankle_Lateral)
[2026-07-21 00:46:14.009] [info] Frame 162 (t = 1.62):	 total squared error = 0.00597812, marker error: RMS = 0.0148799, max = 0.0368091 (R_Ankle_Lateral)
[2026-07-21 00:46:14.065] [info] Frame 163 (t = 1.63):	 total squared error = 0.00589844, marker error: RMS = 0.0147804, max = 0.0370332 (R_Ankle_Lateral)
[2026-07-21 00:46:14.094] [info] Frame 164 (t = 1.64):	 total squared error = 0.00583328, marker error: RMS = 0.0146985, max = 0.0370201 (R_Ankle_Lateral)
[2026-07-21 00:46:14.147] [info] Frame 165 (t = 1.65):	 total squared error = 0.00577613, marker error: RMS = 0.0146264, max = 0.0373259 (R_Ankle_Lateral)
[2026-07-21 00:46:14.194] [info] Frame 166 (t = 1.66):	 total squared error = 0.00574813, marker error: RMS = 0.0145909, max = 0.0374866 (R_Ankle_Lateral)
[2026-07-21 00:46:14.224] [info] Frame 167 (t = 1.67):	 total squared error = 0.00575214, marker error: RMS = 0.014596, max = 0.0376168 (R_Ankle_Lateral)
[2026-07-21 00:46:14.264] [info] Frame 168 (t = 1.68):	 total squared error = 0.00577858, marker error: RMS = 0.0146295, max = 0.0377711 (R_Ankle_Lateral)
[2026-07-21 00:46:14.320] [info] Frame 169 (t = 1.69):	 total squared error = 0.00582799, marker error: RMS = 0.0146919, max = 0.0379049 (R_Ankle_Lateral)
[2026-07-21 00:46:14.365] [info] Frame 170 (t = 1.7):	 total squared error = 0.00589287, marker error: RMS = 0.0147734, max = 0.0380695 (R_Ankle_Lateral)
[2026-07-21 00:46:14.423] [info] Frame 171 (t = 1.71):	 total squared error = 0.00596164, marker error: RMS = 0.0148594, max = 0.038225 (R_Ankle_Lateral)
[2026-07-21 00:46:14.470] [info] Frame 172 (t = 1.72):	 total squared error = 0.00602440, marker error: RMS = 0.0149374, max = 0.0384218 (R_Ankle_Lateral)
[2026-07-21 00:46:14.528] [info] Frame 173 (t = 1.73):	 total squared error = 0.00607079, marker error: RMS = 0.0149948, max = 0.0385553 (R_Ankle_Lateral)
[2026-07-21 00:46:14.622] [info] Frame 174 (t = 1.74):	 total squared error = 0.00609343, marker error: RMS = 0.0150227, max = 0.0385966 (R_Ankle_Lateral)
[2026-07-21 00:46:14.687] [info] Frame 175 (t = 1.75):	 total squared error = 0.00610413, marker error: RMS = 0.0150359, max = 0.0387234 (R_Ankle_Lateral)
[2026-07-21 00:46:14.787] [info] Frame 176 (t = 1.76):	 total squared error = 0.00610239, marker error: RMS = 0.0150338, max = 0.0388418 (R_Ankle_Lateral)
[2026-07-21 00:46:14.836] [info] Frame 177 (t = 1.77):	 total squared error = 0.00612212, marker error: RMS = 0.0150581, max = 0.0389891 (R_Ankle_Lateral)
[2026-07-21 00:46:14.920] [info] Frame 178 (t = 1.78):	 total squared error = 0.00614000, marker error: RMS = 0.0150800, max = 0.0389872 (R_Ankle_Lateral)
[2026-07-21 00:46:14.957] [info] Frame 179 (t = 1.79):	 total squared error = 0.00621126, marker error: RMS = 0.0151673, max = 0.0388392 (R_Ankle_Lateral)
[2026-07-21 00:46:15.015] [info] Frame 180 (t = 1.8):	 total squared error = 0.00626872, marker error: RMS = 0.0152373, max = 0.0388447 (R_Ankle_Lateral)
[2026-07-21 00:46:15.084] [info] Frame 181 (t = 1.81):	 total squared error = 0.00633979, marker error: RMS = 0.0153234, max = 0.0384594 (R_Ankle_Lateral)
[2026-07-21 00:46:15.154] [info] Frame 182 (t = 1.82):	 total squared error = 0.00643649, marker error: RMS = 0.0154398, max = 0.0383117 (R_Ankle_Lateral)
[2026-07-21 00:46:15.218] [info] Frame 183 (t = 1.83):	 total squared error = 0.00656079, marker error: RMS = 0.0155882, max = 0.0389368 (R_Knee_Lateral)
[2026-07-21 00:46:15.271] [info] Frame 184 (t = 1.84):	 total squared error = 0.00672773, marker error: RMS = 0.0157853, max = 0.0413197 (R_Knee_Lateral)
[2026-07-21 00:46:15.359] [info] Frame 185 (t = 1.85):	 total squared error = 0.00695583, marker error: RMS = 0.0160506, max = 0.04371 (R_Knee_Lateral)
[2026-07-21 00:46:15.451] [info] Frame 186 (t = 1.86):	 total squared error = 0.00723349, marker error: RMS = 0.0163679, max = 0.0459727 (R_Knee_Lateral)
[2026-07-21 00:46:15.540] [info] Frame 187 (t = 1.87):	 total squared error = 0.00754132, marker error: RMS = 0.0167125, max = 0.0481572 (R_Knee_Lateral)
[2026-07-21 00:46:15.596] [info] Frame 188 (t = 1.88):	 total squared error = 0.00785238, marker error: RMS = 0.0170537, max = 0.0502013 (R_Knee_Lateral)
[2026-07-21 00:46:15.699] [info] Frame 189 (t = 1.89):	 total squared error = 0.00814983, marker error: RMS = 0.0173737, max = 0.0520549 (R_Knee_Lateral)
[2026-07-21 00:46:15.799] [info] Frame 190 (t = 1.9):	 total squared error = 0.00843118, marker error: RMS = 0.017671, max = 0.05375 (R_Knee_Lateral)
[2026-07-21 00:46:15.862] [info] Frame 191 (t = 1.91):	 total squared error = 0.00870533, marker error: RMS = 0.017956, max = 0.0554306 (R_Knee_Lateral)
[2026-07-21 00:46:15.960] [info] Frame 192 (t = 1.92):	 total squared error = 0.00896919, marker error: RMS = 0.0182261, max = 0.0568838 (R_Knee_Lateral)
[2026-07-21 00:46:16.015] [info] Frame 193 (t = 1.93):	 total squared error = 0.00923479, marker error: RMS = 0.018494, max = 0.0583708 (R_Knee_Lateral)
[2026-07-21 00:46:16.069] [info] Frame 194 (t = 1.94):	 total squared error = 0.00949680, marker error: RMS = 0.0187546, max = 0.0596577 (R_Knee_Lateral)
[2026-07-21 00:46:16.134] [info] Frame 195 (t = 1.95):	 total squared error = 0.00973821, marker error: RMS = 0.0189914, max = 0.0608117 (R_Knee_Lateral)
[2026-07-21 00:46:16.196] [info] Frame 196 (t = 1.96):	 total squared error = 0.00995751, marker error: RMS = 0.0192041, max = 0.061735 (R_Knee_Lateral)
[2026-07-21 00:46:16.257] [info] Frame 197 (t = 1.97):	 total squared error = 0.0101374, marker error: RMS = 0.0193767, max = 0.0624021 (R_Knee_Lateral)
[2026-07-21 00:46:16.342] [info] Frame 198 (t = 1.98):	 total squared error = 0.0102790, marker error: RMS = 0.0195116, max = 0.0627484 (R_Knee_Lateral)
[2026-07-21 00:46:16.390] [info] Frame 199 (t = 1.99):	 total squared error = 0.0103833, marker error: RMS = 0.0196103, max = 0.0630222 (R_Knee_Lateral)
[2026-07-21 00:46:16.431] [info] Frame 200 (t = 2.0):	 total squared error = 0.0104528, marker error: RMS = 0.0196759, max = 0.0631783 (R_Knee_Lateral)
[2026-07-21 00:46:16.513] [info] Frame 201 (t = 2.01):	 total squared error = 0.0104878, marker error: RMS = 0.0197088, max = 0.0630209 (R_Knee_Lateral)
[2026-07-21 00:46:16.549] [info] Frame 202 (t = 2.02):	 total squared error = 0.0105101, marker error: RMS = 0.0197297, max = 0.0630105 (R_Knee_Lateral)
[2026-07-21 00:46:16.614] [info] Frame 203 (t = 2.03):	 total squared error = 0.0105010, marker error: RMS = 0.0197212, max = 0.0625937 (R_Knee_Lateral)
[2026-07-21 00:46:16.676] [info] Frame 204 (t = 2.04):	 total squared error = 0.0104799, marker error: RMS = 0.0197014, max = 0.0621446 (R_Knee_Lateral)
[2026-07-21 00:46:16.792] [info] Frame 205 (t = 2.05):	 total squared error = 0.0104388, marker error: RMS = 0.0196627, max = 0.0617962 (R_Knee_Lateral)
[2026-07-21 00:46:16.846] [info] Frame 206 (t = 2.06):	 total squared error = 0.0103812, marker error: RMS = 0.0196084, max = 0.06126 (R_Knee_Lateral)
[2026-07-21 00:46:16.916] [info] Frame 207 (t = 2.07):	 total squared error = 0.0102958, marker error: RMS = 0.0195276, max = 0.0604994 (R_Knee_Lateral)
[2026-07-21 00:46:16.985] [info] Frame 208 (t = 2.08):	 total squared error = 0.0101811, marker error: RMS = 0.0194185, max = 0.0597723 (R_Knee_Lateral)
[2026-07-21 00:46:17.084] [info] Frame 209 (t = 2.09):	 total squared error = 0.0100273, marker error: RMS = 0.0192713, max = 0.0588428 (R_Knee_Lateral)
[2026-07-21 00:46:17.124] [info] Frame 210 (t = 2.1):	 total squared error = 0.00984286, marker error: RMS = 0.0190932, max = 0.0576325 (R_Knee_Lateral)
[2026-07-21 00:46:17.237] [info] Frame 211 (t = 2.11):	 total squared error = 0.00958169, marker error: RMS = 0.0188382, max = 0.0560913 (R_Knee_Lateral)
[2026-07-21 00:46:17.275] [info] Frame 212 (t = 2.12):	 total squared error = 0.00929370, marker error: RMS = 0.0185529, max = 0.0542769 (R_Knee_Lateral)
[2026-07-21 00:46:17.383] [info] Frame 213 (t = 2.13):	 total squared error = 0.00891254, marker error: RMS = 0.0181685, max = 0.0521881 (R_Knee_Lateral)
[2026-07-21 00:46:17.475] [info] Frame 214 (t = 2.14):	 total squared error = 0.00849622, marker error: RMS = 0.0177391, max = 0.0497256 (R_Knee_Lateral)
[2026-07-21 00:46:17.579] [info] Frame 215 (t = 2.15):	 total squared error = 0.00804371, marker error: RMS = 0.0172602, max = 0.047218 (R_Knee_Lateral)
[2026-07-21 00:46:17.718] [info] Frame 216 (t = 2.16):	 total squared error = 0.00757748, marker error: RMS = 0.0167525, max = 0.0445018 (R_Knee_Lateral)
[2026-07-21 00:46:17.831] [info] Frame 217 (t = 2.17):	 total squared error = 0.00712867, marker error: RMS = 0.0162488, max = 0.0417975 (R_Knee_Lateral)
[2026-07-21 00:46:17.948] [info] Frame 218 (t = 2.18):	 total squared error = 0.00672489, marker error: RMS = 0.015782, max = 0.0396070 (R_Ankle_Lateral)
[2026-07-21 00:46:18.046] [info] Frame 219 (t = 2.19):	 total squared error = 0.00640010, marker error: RMS = 0.0153961, max = 0.0394579 (R_Ankle_Lateral)
[2026-07-21 00:46:18.119] [info] Frame 220 (t = 2.2):	 total squared error = 0.00618858, marker error: RMS = 0.0151396, max = 0.0391406 (R_Ankle_Lateral)
[2026-07-21 00:46:18.158] [info] Frame 221 (t = 2.21):	 total squared error = 0.00612265, marker error: RMS = 0.0150587, max = 0.0390347 (R_Ankle_Lateral)
[2026-07-21 00:46:18.225] [info] Frame 222 (t = 2.22):	 total squared error = 0.00613364, marker error: RMS = 0.0150722, max = 0.0383814 (R_Ankle_Lateral)
[2026-07-21 00:46:18.260] [info] Frame 223 (t = 2.23):	 total squared error = 0.00624041, marker error: RMS = 0.0152028, max = 0.0381856 (R_Ankle_Lateral)
[2026-07-21 00:46:18.303] [info] Frame 224 (t = 2.24):	 total squared error = 0.00635663, marker error: RMS = 0.0153438, max = 0.0375047 (R_Ankle_Lateral)
[2026-07-21 00:46:18.348] [info] Frame 225 (t = 2.25):	 total squared error = 0.00642459, marker error: RMS = 0.0154256, max = 0.0366882 (R_Ankle_Lateral)
[2026-07-21 00:46:18.375] [info] Frame 226 (t = 2.26):	 total squared error = 0.00641111, marker error: RMS = 0.0154094, max = 0.0363066 (R_Ankle_Lateral)
[2026-07-21 00:46:18.433] [info] Frame 227 (t = 2.27):	 total squared error = 0.00631084, marker error: RMS = 0.0152884, max = 0.0357325 (R_Ankle_Lateral)
[2026-07-21 00:46:18.482] [info] Frame 228 (t = 2.28):	 total squared error = 0.00615458, marker error: RMS = 0.0150979, max = 0.0353242 (R_Ankle_Lateral)
[2026-07-21 00:46:18.517] [info] Frame 229 (t = 2.29):	 total squared error = 0.00599006, marker error: RMS = 0.0148948, max = 0.0347382 (R_Ankle_Lateral)
[2026-07-21 00:46:18.586] [info] Frame 230 (t = 2.3):	 total squared error = 0.00583651, marker error: RMS = 0.0147026, max = 0.0349111 (R_Ankle_Lateral)
[2026-07-21 00:46:18.629] [info] Frame 231 (t = 2.31):	 total squared error = 0.00572603, marker error: RMS = 0.0145628, max = 0.0350277 (R_Ankle_Lateral)
[2026-07-21 00:46:18.692] [info] Frame 232 (t = 2.32):	 total squared error = 0.00565817, marker error: RMS = 0.0144763, max = 0.0350735 (R_Ankle_Lateral)
[2026-07-21 00:46:18.754] [info] Frame 233 (t = 2.33):	 total squared error = 0.00561999, marker error: RMS = 0.0144273, max = 0.0354090 (R_Ankle_Lateral)
[2026-07-21 00:46:18.794] [info] Frame 234 (t = 2.34):	 total squared error = 0.00561060, marker error: RMS = 0.0144153, max = 0.0359375 (R_Ankle_Lateral)
[2026-07-21 00:46:18.855] [info] Frame 235 (t = 2.35):	 total squared error = 0.00562305, marker error: RMS = 0.0144313, max = 0.0361876 (R_Ankle_Lateral)
[2026-07-21 00:46:18.915] [info] Frame 236 (t = 2.36):	 total squared error = 0.00567191, marker error: RMS = 0.0144938, max = 0.0365923 (R_Ankle_Lateral)
[2026-07-21 00:46:18.981] [info] Frame 237 (t = 2.37):	 total squared error = 0.00575966, marker error: RMS = 0.0146055, max = 0.0368892 (R_Ankle_Lateral)
[2026-07-21 00:46:19.052] [info] Frame 238 (t = 2.38):	 total squared error = 0.00589197, marker error: RMS = 0.0147723, max = 0.0372137 (R_Ankle_Lateral)
[2026-07-21 00:46:19.117] [info] Frame 239 (t = 2.39):	 total squared error = 0.00606424, marker error: RMS = 0.0149867, max = 0.0374329 (R_Ankle_Lateral)
[2026-07-21 00:46:19.229] [info] Frame 240 (t = 2.4):	 total squared error = 0.00627135, marker error: RMS = 0.0152405, max = 0.0375445 (R_Ankle_Lateral)
[2026-07-21 00:46:19.344] [info] Frame 241 (t = 2.41):	 total squared error = 0.00650326, marker error: RMS = 0.0155197, max = 0.0376944 (R_Ankle_Lateral)
[2026-07-21 00:46:19.419] [info] Frame 242 (t = 2.42):	 total squared error = 0.00675176, marker error: RMS = 0.0158134, max = 0.0378301 (R_Ankle_Lateral)
[2026-07-21 00:46:19.466] [info] Frame 243 (t = 2.43):	 total squared error = 0.00700921, marker error: RMS = 0.0161121, max = 0.0378607 (R_Ankle_Lateral)
[2026-07-21 00:46:19.542] [info] Frame 244 (t = 2.44):	 total squared error = 0.00722717, marker error: RMS = 0.0163607, max = 0.0379172 (R_Ankle_Lateral)
[2026-07-21 00:46:19.638] [info] Frame 245 (t = 2.45):	 total squared error = 0.00744571, marker error: RMS = 0.0166062, max = 0.0380396 (R_Ankle_Lateral)
[2026-07-21 00:46:19.696] [info] Frame 246 (t = 2.46):	 total squared error = 0.00765963, marker error: RMS = 0.0168431, max = 0.0380066 (R_Ankle_Lateral)
[2026-07-21 00:46:19.756] [info] Frame 247 (t = 2.47):	 total squared error = 0.00784893, marker error: RMS = 0.0170500, max = 0.038166 (R_Ankle_Lateral)
[2026-07-21 00:46:19.825] [info] Frame 248 (t = 2.48):	 total squared error = 0.00802465, marker error: RMS = 0.0172398, max = 0.0382995 (R_Ankle_Lateral)
[2026-07-21 00:46:19.868] [info] Frame 249 (t = 2.49):	 total squared error = 0.00820443, marker error: RMS = 0.0174318, max = 0.0382328 (R_Ankle_Lateral)
[2026-07-21 00:46:19.951] [info] Frame 250 (t = 2.5):	 total squared error = 0.00831307, marker error: RMS = 0.0175468, max = 0.038337 (R_Ankle_Lateral)
[2026-07-21 00:46:20.000] [info] Frame 251 (t = 2.51):	 total squared error = 0.00839362, marker error: RMS = 0.0176316, max = 0.0381692 (R_Ankle_Lateral)
[2026-07-21 00:46:20.072] [info] Frame 252 (t = 2.52):	 total squared error = 0.00838872, marker error: RMS = 0.0176265, max = 0.0384030 (R_Ankle_Lateral)
[2026-07-21 00:46:20.112] [info] Frame 253 (t = 2.53):	 total squared error = 0.00832645, marker error: RMS = 0.017561, max = 0.0381056 (R_Ankle_Lateral)
[2026-07-21 00:46:20.196] [info] Frame 254 (t = 2.54):	 total squared error = 0.00817694, marker error: RMS = 0.0174026, max = 0.0382838 (R_Ankle_Lateral)
[2026-07-21 00:46:20.236] [info] Frame 255 (t = 2.55):	 total squared error = 0.00800317, marker error: RMS = 0.0172167, max = 0.0379665 (R_Ankle_Lateral)
[2026-07-21 00:46:20.334] [info] Frame 256 (t = 2.56):	 total squared error = 0.00777522, marker error: RMS = 0.0169697, max = 0.0380787 (R_Ankle_Lateral)
[2026-07-21 00:46:20.395] [info] Frame 257 (t = 2.57):	 total squared error = 0.00756076, marker error: RMS = 0.016734, max = 0.0379563 (R_Ankle_Lateral)
[2026-07-21 00:46:20.467] [info] Frame 258 (t = 2.58):	 total squared error = 0.00734477, marker error: RMS = 0.0164933, max = 0.0378552 (R_Ankle_Lateral)
[2026-07-21 00:46:20.552] [info] Frame 259 (t = 2.59):	 total squared error = 0.00714481, marker error: RMS = 0.0162672, max = 0.0377147 (R_Ankle_Lateral)
[2026-07-21 00:46:20.631] [info] Frame 260 (t = 2.6):	 total squared error = 0.00695765, marker error: RMS = 0.0160527, max = 0.0375587 (R_Ankle_Lateral)
[2026-07-21 00:46:20.705] [info] Frame 261 (t = 2.61):	 total squared error = 0.00679088, marker error: RMS = 0.0158592, max = 0.0374164 (R_Ankle_Lateral)
[2026-07-21 00:46:20.830] [info] Frame 262 (t = 2.62):	 total squared error = 0.00663717, marker error: RMS = 0.0156787, max = 0.0372798 (R_Ankle_Lateral)
[2026-07-21 00:46:20.923] [info] Frame 263 (t = 2.63):	 total squared error = 0.00649911, marker error: RMS = 0.0155148, max = 0.0371148 (R_Ankle_Lateral)
[2026-07-21 00:46:21.018] [info] Frame 264 (t = 2.64):	 total squared error = 0.00637168, marker error: RMS = 0.0153619, max = 0.0369964 (R_Ankle_Lateral)
[2026-07-21 00:46:21.121] [info] Frame 265 (t = 2.65):	 total squared error = 0.00625206, marker error: RMS = 0.015217, max = 0.0369443 (R_Ankle_Lateral)
[2026-07-21 00:46:21.223] [info] Frame 266 (t = 2.66):	 total squared error = 0.00613901, marker error: RMS = 0.0150788, max = 0.0369338 (R_Ankle_Lateral)
[2026-07-21 00:46:21.269] [info] Frame 267 (t = 2.67):	 total squared error = 0.00605025, marker error: RMS = 0.0149694, max = 0.0369088 (R_Ankle_Lateral)
[2026-07-21 00:46:21.372] [info] Frame 268 (t = 2.68):	 total squared error = 0.00594942, marker error: RMS = 0.0148442, max = 0.0368123 (R_Ankle_Lateral)
[2026-07-21 00:46:21.457] [info] Frame 269 (t = 2.69):	 total squared error = 0.00588148, marker error: RMS = 0.0147592, max = 0.0368674 (R_Ankle_Lateral)
[2026-07-21 00:46:21.566] [info] Frame 270 (t = 2.7):	 total squared error = 0.00583851, marker error: RMS = 0.0147051, max = 0.036937 (R_Ankle_Lateral)
[2026-07-21 00:46:21.637] [info] Frame 271 (t = 2.71):	 total squared error = 0.00582884, marker error: RMS = 0.014693, max = 0.0370052 (R_Ankle_Lateral)
[2026-07-21 00:46:21.750] [info] Frame 272 (t = 2.72):	 total squared error = 0.00584311, marker error: RMS = 0.0147109, max = 0.0370584 (R_Ankle_Lateral)
[2026-07-21 00:46:21.868] [info] Frame 273 (t = 2.73):	 total squared error = 0.00588175, marker error: RMS = 0.0147595, max = 0.0371774 (R_Ankle_Lateral)
[2026-07-21 00:46:21.939] [info] Frame 274 (t = 2.74):	 total squared error = 0.00593293, marker error: RMS = 0.0148236, max = 0.0372977 (R_Ankle_Lateral)
[2026-07-21 00:46:22.077] [info] Frame 275 (t = 2.75):	 total squared error = 0.00598283, marker error: RMS = 0.0148858, max = 0.0374060 (R_Ankle_Lateral)
[2026-07-21 00:46:22.125] [info] Frame 276 (t = 2.76):	 total squared error = 0.00602111, marker error: RMS = 0.0149333, max = 0.0375299 (R_Ankle_Lateral)
[2026-07-21 00:46:22.206] [info] Frame 277 (t = 2.77):	 total squared error = 0.00603979, marker error: RMS = 0.0149565, max = 0.0375968 (R_Ankle_Lateral)
[2026-07-21 00:46:22.269] [info] Frame 278 (t = 2.78):	 total squared error = 0.00603969, marker error: RMS = 0.0149563, max = 0.0377030 (R_Ankle_Lateral)
[2026-07-21 00:46:22.356] [info] Frame 279 (t = 2.79):	 total squared error = 0.00602078, marker error: RMS = 0.0149329, max = 0.0376853 (R_Ankle_Lateral)
[2026-07-21 00:46:22.383] [info] Frame 280 (t = 2.8):	 total squared error = 0.00599781, marker error: RMS = 0.0149044, max = 0.0376308 (R_Ankle_Lateral)
[2026-07-21 00:46:22.486] [info] Frame 281 (t = 2.81):	 total squared error = 0.00596331, marker error: RMS = 0.0148615, max = 0.0378691 (R_Ankle_Lateral)
[2026-07-21 00:46:22.546] [info] Frame 282 (t = 2.82):	 total squared error = 0.00594282, marker error: RMS = 0.0148359, max = 0.0380621 (R_Ankle_Lateral)
[2026-07-21 00:46:22.597] [info] Frame 283 (t = 2.83):	 total squared error = 0.00594310, marker error: RMS = 0.0148363, max = 0.0381223 (R_Ankle_Lateral)
[2026-07-21 00:46:22.676] [info] Frame 284 (t = 2.84):	 total squared error = 0.00595488, marker error: RMS = 0.014851, max = 0.0381424 (R_Ankle_Lateral)
[2026-07-21 00:46:22.711] [info] Frame 285 (t = 2.85):	 total squared error = 0.00599172, marker error: RMS = 0.0148968, max = 0.0382923 (R_Ankle_Lateral)
[2026-07-21 00:46:22.740] [info] Frame 286 (t = 2.86):	 total squared error = 0.00604897, marker error: RMS = 0.0149678, max = 0.0384967 (R_Ankle_Lateral)
[2026-07-21 00:46:22.786] [info] Frame 287 (t = 2.87):	 total squared error = 0.00610324, marker error: RMS = 0.0150348, max = 0.0385867 (R_Ankle_Lateral)
[2026-07-21 00:46:22.821] [info] Frame 288 (t = 2.88):	 total squared error = 0.00616859, marker error: RMS = 0.0151151, max = 0.0388247 (R_Ankle_Lateral)
[2026-07-21 00:46:22.897] [info] Frame 289 (t = 2.89):	 total squared error = 0.00620965, marker error: RMS = 0.0151653, max = 0.0388458 (R_Ankle_Lateral)
[2026-07-21 00:46:22.930] [info] Frame 290 (t = 2.9):	 total squared error = 0.00624574, marker error: RMS = 0.0152093, max = 0.0389606 (R_Ankle_Lateral)
[2026-07-21 00:46:22.979] [info] Frame 291 (t = 2.91):	 total squared error = 0.00626364, marker error: RMS = 0.0152311, max = 0.0390594 (R_Ankle_Lateral)
[2026-07-21 00:46:23.033] [info] Frame 292 (t = 2.92):	 total squared error = 0.00626817, marker error: RMS = 0.0152366, max = 0.0393621 (R_Ankle_Lateral)
[2026-07-21 00:46:23.084] [info] Frame 293 (t = 2.93):	 total squared error = 0.00627513, marker error: RMS = 0.0152451, max = 0.0395802 (R_Ankle_Lateral)
[2026-07-21 00:46:23.184] [info] Frame 294 (t = 2.94):	 total squared error = 0.00628021, marker error: RMS = 0.0152512, max = 0.0396976 (R_Ankle_Lateral)
[2026-07-21 00:46:23.247] [info] Frame 295 (t = 2.95):	 total squared error = 0.00631828, marker error: RMS = 0.0152974, max = 0.0396485 (R_Ankle_Lateral)
[2026-07-21 00:46:23.260] [info] InverseKinematicsTool completed 256 frames in 17 second(s).
[2026-07-21 00:46:23.402] [info] Loaded model TCV09-scaled from file C:\Users\migue\Downloads\TFG\2_JMP\TVC09\Walk_2\TVC09_scaled.osim
[2026-07-21 00:46:25.188] [warning] Coordinate.setValue:  coordinate pro_sup_r is locked. Unable to change its value.
[2026-07-21 00:46:25.301] [warning] Coordinate.setValue:  coordinate pro_sup_l is locked. Unable to change its value.
[2026-07-21 00:48:29.491] [info] Loaded model TCV09-scaled from file C:\Users\migue\Downloads\TFG\2_JMP\TVC09\Walk_2\TVC09_2_JMP_results\TVC09_2_NMSM_JMP_08_wrist_axis_FINAL.osim
[2026-07-21 00:48:29.545] [cout] [info] 
               MODEL: TCV09-scaled
         coordinates: 41
              forces: 103
           actuators: 103
             muscles: 86
            analyses: 0
              probes: 0
              bodies: 24
              joints: 24
         constraints: 2
             markers: 27
         controllers: 0
  contact geometries: 0
misc modelcomponents: 0
[2026-07-21 00:48:29.545] [info] Running tool .
[2026-07-21 00:48:29.788] [info] Frame 40 (t = 0.4):	 total squared error = 0.000871998, marker error: RMS = 0.00568298, max = 0.0140445 (L_Thigh_Lateral)
[2026-07-21 00:48:29.825] [info] Frame 41 (t = 0.41):	 total squared error = 0.000897551, marker error: RMS = 0.00576564, max = 0.0143348 (L_Thigh_Lateral)
[2026-07-21 00:48:29.873] [info] Frame 42 (t = 0.42):	 total squared error = 0.000894264, marker error: RMS = 0.00575508, max = 0.0139359 (L_Thigh_Lateral)
[2026-07-21 00:48:29.932] [info] Frame 43 (t = 0.43):	 total squared error = 0.000872001, marker error: RMS = 0.00568299, max = 0.012888 (L_Thigh_Lateral)
[2026-07-21 00:48:29.970] [info] Frame 44 (t = 0.44):	 total squared error = 0.000836610, marker error: RMS = 0.00556647, max = 0.0115474 (L_Thigh_Lateral)
[2026-07-21 00:48:30.017] [info] Frame 45 (t = 0.45):	 total squared error = 0.000790519, marker error: RMS = 0.00541096, max = 0.00984540 (L_Thigh_Lateral)
[2026-07-21 00:48:30.063] [info] Frame 46 (t = 0.46):	 total squared error = 0.000741677, marker error: RMS = 0.00524114, max = 0.00986470 (Sternum)
[2026-07-21 00:48:30.110] [info] Frame 47 (t = 0.47):	 total squared error = 0.000696562, marker error: RMS = 0.00507923, max = 0.00985052 (Sternum)
[2026-07-21 00:48:30.176] [info] Frame 48 (t = 0.48):	 total squared error = 0.000653857, marker error: RMS = 0.00492107, max = 0.00978236 (Sternum)
[2026-07-21 00:48:30.240] [info] Frame 49 (t = 0.49):	 total squared error = 0.000626481, marker error: RMS = 0.00481695, max = 0.00960736 (Sternum)
[2026-07-21 00:48:30.291] [info] Frame 50 (t = 0.5):	 total squared error = 0.000610389, marker error: RMS = 0.00475468, max = 0.00945355 (Sternum)
[2026-07-21 00:48:30.337] [info] Frame 51 (t = 0.51):	 total squared error = 0.000596193, marker error: RMS = 0.00469907, max = 0.00917751 (Sternum)
[2026-07-21 00:48:30.418] [info] Frame 52 (t = 0.52):	 total squared error = 0.000579003, marker error: RMS = 0.00463083, max = 0.00894366 (L_Asis)
[2026-07-21 00:48:30.477] [info] Frame 53 (t = 0.53):	 total squared error = 0.000555148, marker error: RMS = 0.00453443, max = 0.00896038 (L_Asis)
[2026-07-21 00:48:30.531] [info] Frame 54 (t = 0.54):	 total squared error = 0.000528100, marker error: RMS = 0.00442259, max = 0.00872636 (L_Asis)
[2026-07-21 00:48:30.590] [info] Frame 55 (t = 0.55):	 total squared error = 0.000497274, marker error: RMS = 0.00429157, max = 0.00822880 (L_Asis)
[2026-07-21 00:48:30.638] [info] Frame 56 (t = 0.56):	 total squared error = 0.000465224, marker error: RMS = 0.00415097, max = 0.00771167 (R_Asis)
[2026-07-21 00:48:30.681] [info] Frame 57 (t = 0.57):	 total squared error = 0.000435462, marker error: RMS = 0.00401599, max = 0.00764245 (R_Ankle_Lateral)
[2026-07-21 00:48:30.718] [info] Frame 58 (t = 0.58):	 total squared error = 0.000414119, marker error: RMS = 0.00391634, max = 0.00777647 (R_Ankle_Lateral)
[2026-07-21 00:48:30.812] [info] Frame 59 (t = 0.59):	 total squared error = 0.000382266, marker error: RMS = 0.00376271, max = 0.00791960 (R_Ankle_Lateral)
[2026-07-21 00:48:30.871] [info] Frame 60 (t = 0.6):	 total squared error = 0.000373126, marker error: RMS = 0.00371746, max = 0.00795639 (R_Ankle_Lateral)
[2026-07-21 00:48:30.933] [info] Frame 61 (t = 0.61):	 total squared error = 0.000369627, marker error: RMS = 0.00369998, max = 0.00797507 (R_Ankle_Lateral)
[2026-07-21 00:48:30.989] [info] Frame 62 (t = 0.62):	 total squared error = 0.000371604, marker error: RMS = 0.00370987, max = 0.00803034 (R_Ankle_Lateral)
[2026-07-21 00:48:31.056] [info] Frame 63 (t = 0.63):	 total squared error = 0.000381049, marker error: RMS = 0.00375672, max = 0.00806539 (R_Ankle_Lateral)
[2026-07-21 00:48:31.111] [info] Frame 64 (t = 0.64):	 total squared error = 0.000399734, marker error: RMS = 0.00384772, max = 0.00886413 (R_Shank_Lateral)
[2026-07-21 00:48:31.160] [info] Frame 65 (t = 0.65):	 total squared error = 0.000429467, marker error: RMS = 0.00398826, max = 0.00962965 (R_Shank_Lateral)
[2026-07-21 00:48:31.198] [info] Frame 66 (t = 0.66):	 total squared error = 0.000475417, marker error: RMS = 0.00419619, max = 0.00982929 (R_Shank_Lateral)
[2026-07-21 00:48:31.268] [info] Frame 67 (t = 0.67):	 total squared error = 0.000508839, marker error: RMS = 0.00434118, max = 0.0111695 (R_Shank_Lateral)
[2026-07-21 00:48:31.314] [info] Frame 68 (t = 0.68):	 total squared error = 0.000555262, marker error: RMS = 0.00453489, max = 0.0118075 (R_Shank_Lateral)
[2026-07-21 00:48:31.392] [info] Frame 69 (t = 0.69):	 total squared error = 0.000603284, marker error: RMS = 0.00472693, max = 0.0127511 (R_Shank_Lateral)
[2026-07-21 00:48:31.450] [info] Frame 70 (t = 0.7):	 total squared error = 0.000657144, marker error: RMS = 0.00493342, max = 0.0135307 (R_Shank_Lateral)
[2026-07-21 00:48:31.501] [info] Frame 71 (t = 0.71):	 total squared error = 0.000718142, marker error: RMS = 0.00515731, max = 0.0145599 (R_Shank_Lateral)
[2026-07-21 00:48:31.536] [info] Frame 72 (t = 0.72):	 total squared error = 0.000795969, marker error: RMS = 0.00542958, max = 0.0156397 (R_Shank_Lateral)
[2026-07-21 00:48:31.580] [info] Frame 73 (t = 0.73):	 total squared error = 0.000867545, marker error: RMS = 0.00566845, max = 0.0172196 (R_Shank_Lateral)
[2026-07-21 00:48:31.631] [info] Frame 74 (t = 0.74):	 total squared error = 0.000950910, marker error: RMS = 0.00593455, max = 0.0188025 (R_Shank_Lateral)
[2026-07-21 00:48:31.677] [info] Frame 75 (t = 0.75):	 total squared error = 0.00104455, marker error: RMS = 0.00621988, max = 0.0204392 (R_Shank_Lateral)
[2026-07-21 00:48:31.730] [info] Frame 76 (t = 0.76):	 total squared error = 0.00113960, marker error: RMS = 0.00649672, max = 0.0220141 (R_Shank_Lateral)
[2026-07-21 00:48:31.776] [info] Frame 77 (t = 0.77):	 total squared error = 0.00123508, marker error: RMS = 0.00676340, max = 0.0234358 (R_Shank_Lateral)
[2026-07-21 00:48:31.853] [info] Frame 78 (t = 0.78):	 total squared error = 0.00131694, marker error: RMS = 0.00698394, max = 0.0246907 (R_Shank_Lateral)
[2026-07-21 00:48:31.908] [info] Frame 79 (t = 0.79):	 total squared error = 0.00138646, marker error: RMS = 0.00716593, max = 0.0256363 (R_Shank_Lateral)
[2026-07-21 00:48:31.971] [info] Frame 80 (t = 0.8):	 total squared error = 0.00143443, marker error: RMS = 0.00728882, max = 0.0262826 (R_Shank_Lateral)
[2026-07-21 00:48:32.003] [info] Frame 81 (t = 0.81):	 total squared error = 0.00146292, marker error: RMS = 0.00736087, max = 0.0265645 (R_Shank_Lateral)
[2026-07-21 00:48:32.066] [info] Frame 82 (t = 0.82):	 total squared error = 0.00145846, marker error: RMS = 0.00734962, max = 0.0265765 (R_Shank_Lateral)
[2026-07-21 00:48:32.095] [info] Frame 83 (t = 0.83):	 total squared error = 0.00144291, marker error: RMS = 0.00731034, max = 0.0262563 (R_Shank_Lateral)
[2026-07-21 00:48:32.141] [info] Frame 84 (t = 0.84):	 total squared error = 0.00140358, marker error: RMS = 0.00721002, max = 0.0258468 (R_Shank_Lateral)
[2026-07-21 00:48:32.198] [info] Frame 85 (t = 0.85):	 total squared error = 0.00135643, marker error: RMS = 0.00708787, max = 0.0250525 (R_Shank_Lateral)
[2026-07-21 00:48:32.245] [info] Frame 86 (t = 0.86):	 total squared error = 0.00130963, marker error: RMS = 0.00696453, max = 0.0243335 (R_Shank_Lateral)
[2026-07-21 00:48:32.302] [info] Frame 87 (t = 0.87):	 total squared error = 0.00126324, marker error: RMS = 0.00684007, max = 0.0234101 (R_Shank_Lateral)
[2026-07-21 00:48:32.332] [info] Frame 88 (t = 0.88):	 total squared error = 0.00122813, marker error: RMS = 0.00674436, max = 0.0228088 (R_Shank_Lateral)
[2026-07-21 00:48:32.385] [info] Frame 89 (t = 0.89):	 total squared error = 0.00118799, marker error: RMS = 0.00663322, max = 0.0219904 (R_Shank_Lateral)
[2026-07-21 00:48:32.449] [info] Frame 90 (t = 0.9):	 total squared error = 0.00115311, marker error: RMS = 0.00653513, max = 0.0210830 (R_Shank_Lateral)
[2026-07-21 00:48:32.496] [info] Frame 91 (t = 0.91):	 total squared error = 0.00112205, marker error: RMS = 0.00644651, max = 0.0204719 (R_Shank_Lateral)
[2026-07-21 00:48:32.573] [info] Frame 92 (t = 0.92):	 total squared error = 0.00107983, marker error: RMS = 0.00632404, max = 0.019315 (R_Shank_Lateral)
[2026-07-21 00:48:32.631] [info] Frame 93 (t = 0.93):	 total squared error = 0.00103498, marker error: RMS = 0.00619134, max = 0.0184632 (R_Shank_Lateral)
[2026-07-21 00:48:32.698] [info] Frame 94 (t = 0.94):	 total squared error = 0.000977098, marker error: RMS = 0.00601571, max = 0.0171856 (R_Shank_Lateral)
[2026-07-21 00:48:32.815] [info] Frame 95 (t = 0.95):	 total squared error = 0.000903799, marker error: RMS = 0.00578567, max = 0.0154615 (R_Shank_Lateral)
[2026-07-21 00:48:32.870] [info] Frame 96 (t = 0.96):	 total squared error = 0.000833467, marker error: RMS = 0.00555600, max = 0.0141095 (R_Shank_Lateral)
[2026-07-21 00:48:32.959] [info] Frame 97 (t = 0.97):	 total squared error = 0.000750244, marker error: RMS = 0.00527132, max = 0.0120217 (R_Shank_Lateral)
[2026-07-21 00:48:33.042] [info] Frame 98 (t = 0.98):	 total squared error = 0.000674705, marker error: RMS = 0.00499891, max = 0.0105324 (R_Thigh_Lateral)
[2026-07-21 00:48:33.098] [info] Frame 99 (t = 0.99):	 total squared error = 0.000616621, marker error: RMS = 0.00477889, max = 0.0101557 (L_Thigh_Lateral)
[2026-07-21 00:48:33.221] [info] Frame 100 (t = 1.0):	 total squared error = 0.000556815, marker error: RMS = 0.00454123, max = 0.0102103 (L_Thigh_Lateral)
[2026-07-21 00:48:33.264] [info] Frame 101 (t = 1.01):	 total squared error = 0.000538282, marker error: RMS = 0.00446501, max = 0.0102980 (L_Thigh_Lateral)
[2026-07-21 00:48:33.348] [info] Frame 102 (t = 1.02):	 total squared error = 0.000517747, marker error: RMS = 0.00437902, max = 0.0103135 (L_Thigh_Lateral)
[2026-07-21 00:48:33.430] [info] Frame 103 (t = 1.03):	 total squared error = 0.000525340, marker error: RMS = 0.00441102, max = 0.0103961 (L_Thigh_Lateral)
[2026-07-21 00:48:33.479] [info] Frame 104 (t = 1.04):	 total squared error = 0.000560927, marker error: RMS = 0.00455797, max = 0.0108556 (R_Thigh_Lateral)
[2026-07-21 00:48:33.540] [info] Frame 105 (t = 1.05):	 total squared error = 0.000596578, marker error: RMS = 0.00470058, max = 0.0116818 (R_Thigh_Lateral)
[2026-07-21 00:48:33.580] [info] Frame 106 (t = 1.06):	 total squared error = 0.000655967, marker error: RMS = 0.00492900, max = 0.0127267 (R_Thigh_Lateral)
[2026-07-21 00:48:33.637] [info] Frame 107 (t = 1.07):	 total squared error = 0.000707172, marker error: RMS = 0.00511777, max = 0.0137332 (R_Thigh_Lateral)
[2026-07-21 00:48:33.693] [info] Frame 108 (t = 1.08):	 total squared error = 0.000758518, marker error: RMS = 0.00530031, max = 0.0147227 (R_Thigh_Lateral)
[2026-07-21 00:48:33.741] [info] Frame 109 (t = 1.09):	 total squared error = 0.000799738, marker error: RMS = 0.00544242, max = 0.0155651 (R_Thigh_Lateral)
[2026-07-21 00:48:33.803] [info] Frame 110 (t = 1.1):	 total squared error = 0.000817448, marker error: RMS = 0.00550235, max = 0.0160284 (R_Thigh_Lateral)
[2026-07-21 00:48:33.852] [info] Frame 111 (t = 1.11):	 total squared error = 0.000806398, marker error: RMS = 0.00546504, max = 0.0157546 (R_Thigh_Lateral)
[2026-07-21 00:48:33.917] [info] Frame 112 (t = 1.12):	 total squared error = 0.000748769, marker error: RMS = 0.00526613, max = 0.0150264 (R_Thigh_Lateral)
[2026-07-21 00:48:33.946] [info] Frame 113 (t = 1.13):	 total squared error = 0.000668414, marker error: RMS = 0.00497555, max = 0.0131364 (R_Thigh_Lateral)
[2026-07-21 00:48:34.011] [info] Frame 114 (t = 1.14):	 total squared error = 0.000559954, marker error: RMS = 0.00455401, max = 0.0112092 (R_Thigh_Lateral)
[2026-07-21 00:48:34.053] [info] Frame 115 (t = 1.15):	 total squared error = 0.000452887, marker error: RMS = 0.00409556, max = 0.00983361 (L_Thigh_Lateral)
[2026-07-21 00:48:34.110] [info] Frame 116 (t = 1.16):	 total squared error = 0.000371796, marker error: RMS = 0.00371083, max = 0.00941974 (L_Thigh_Lateral)
[2026-07-21 00:48:34.146] [info] Frame 117 (t = 1.17):	 total squared error = 0.000328313, marker error: RMS = 0.00348708, max = 0.00907666 (L_Thigh_Lateral)
[2026-07-21 00:48:34.250] [info] Frame 118 (t = 1.18):	 total squared error = 0.000318873, marker error: RMS = 0.00343659, max = 0.00866245 (L_Thigh_Lateral)
[2026-07-21 00:48:34.338] [info] Frame 119 (t = 1.19):	 total squared error = 0.000341701, marker error: RMS = 0.00355747, max = 0.00868466 (L_Thigh_Lateral)
[2026-07-21 00:48:34.403] [info] Frame 120 (t = 1.2):	 total squared error = 0.000392032, marker error: RMS = 0.00381047, max = 0.00912437 (L_Thigh_Lateral)
[2026-07-21 00:48:34.516] [info] Frame 121 (t = 1.21):	 total squared error = 0.000465309, marker error: RMS = 0.00415135, max = 0.0100118 (L_Thigh_Lateral)
[2026-07-21 00:48:34.573] [info] Frame 122 (t = 1.22):	 total squared error = 0.000542773, marker error: RMS = 0.00448360, max = 0.0110534 (L_Shank_Lateral)
[2026-07-21 00:48:34.631] [info] Frame 123 (t = 1.23):	 total squared error = 0.000617107, marker error: RMS = 0.00478078, max = 0.0128796 (L_Shank_Lateral)
[2026-07-21 00:48:34.693] [info] Frame 124 (t = 1.24):	 total squared error = 0.000679305, marker error: RMS = 0.00501592, max = 0.0142282 (L_Shank_Lateral)
[2026-07-21 00:48:34.762] [info] Frame 125 (t = 1.25):	 total squared error = 0.000716562, marker error: RMS = 0.00515163, max = 0.0153841 (L_Shank_Lateral)
[2026-07-21 00:48:34.837] [info] Frame 126 (t = 1.26):	 total squared error = 0.000729066, marker error: RMS = 0.00519639, max = 0.0160217 (L_Shank_Lateral)
[2026-07-21 00:48:34.897] [info] Frame 127 (t = 1.27):	 total squared error = 0.000723357, marker error: RMS = 0.00517600, max = 0.0158547 (L_Shank_Lateral)
[2026-07-21 00:48:34.971] [info] Frame 128 (t = 1.28):	 total squared error = 0.000698016, marker error: RMS = 0.00508453, max = 0.0161453 (L_Shank_Lateral)
[2026-07-21 00:48:35.046] [info] Frame 129 (t = 1.29):	 total squared error = 0.000671109, marker error: RMS = 0.00498557, max = 0.0159675 (L_Shank_Lateral)
[2026-07-21 00:48:35.096] [info] Frame 130 (t = 1.3):	 total squared error = 0.000653956, marker error: RMS = 0.00492144, max = 0.0152088 (L_Shank_Lateral)
[2026-07-21 00:48:35.171] [info] Frame 131 (t = 1.31):	 total squared error = 0.000638825, marker error: RMS = 0.00486417, max = 0.0155671 (L_Shank_Lateral)
[2026-07-21 00:48:35.218] [info] Frame 132 (t = 1.32):	 total squared error = 0.000638572, marker error: RMS = 0.00486321, max = 0.014952 (L_Shank_Lateral)
[2026-07-21 00:48:35.267] [info] Frame 133 (t = 1.33):	 total squared error = 0.000643549, marker error: RMS = 0.00488213, max = 0.0147382 (L_Shank_Lateral)
[2026-07-21 00:48:35.319] [info] Frame 134 (t = 1.34):	 total squared error = 0.000652818, marker error: RMS = 0.00491716, max = 0.0144708 (L_Shank_Lateral)
[2026-07-21 00:48:35.386] [info] Frame 135 (t = 1.35):	 total squared error = 0.000658615, marker error: RMS = 0.00493894, max = 0.0147334 (L_Shank_Lateral)
[2026-07-21 00:48:35.426] [info] Frame 136 (t = 1.36):	 total squared error = 0.000679885, marker error: RMS = 0.00501806, max = 0.014247 (L_Shank_Lateral)
[2026-07-21 00:48:35.460] [info] Frame 137 (t = 1.37):	 total squared error = 0.000702390, marker error: RMS = 0.00510044, max = 0.0140836 (L_Shank_Lateral)
[2026-07-21 00:48:35.515] [info] Frame 138 (t = 1.38):	 total squared error = 0.000710310, marker error: RMS = 0.00512911, max = 0.0145297 (L_Shank_Lateral)
[2026-07-21 00:48:35.542] [info] Frame 139 (t = 1.39):	 total squared error = 0.000756577, marker error: RMS = 0.00529352, max = 0.0148553 (L_Shank_Lateral)
[2026-07-21 00:48:35.610] [info] Frame 140 (t = 1.4):	 total squared error = 0.000755423, marker error: RMS = 0.00528948, max = 0.0153434 (L_Shank_Lateral)
[2026-07-21 00:48:35.679] [info] Frame 141 (t = 1.41):	 total squared error = 0.000777051, marker error: RMS = 0.00536467, max = 0.0159261 (L_Shank_Lateral)
[2026-07-21 00:48:35.739] [info] Frame 142 (t = 1.42):	 total squared error = 0.000804341, marker error: RMS = 0.00545806, max = 0.0166759 (L_Shank_Lateral)
[2026-07-21 00:48:35.827] [info] Frame 143 (t = 1.43):	 total squared error = 0.000821548, marker error: RMS = 0.00551613, max = 0.0170881 (L_Shank_Lateral)
[2026-07-21 00:48:35.912] [info] Frame 144 (t = 1.44):	 total squared error = 0.000839481, marker error: RMS = 0.00557601, max = 0.0175135 (L_Shank_Lateral)
[2026-07-21 00:48:35.949] [info] Frame 145 (t = 1.45):	 total squared error = 0.000870792, marker error: RMS = 0.00567905, max = 0.0183476 (L_Shank_Lateral)
[2026-07-21 00:48:36.035] [info] Frame 146 (t = 1.46):	 total squared error = 0.000844066, marker error: RMS = 0.00559122, max = 0.0176431 (L_Shank_Lateral)
[2026-07-21 00:48:36.100] [info] Frame 147 (t = 1.47):	 total squared error = 0.000821043, marker error: RMS = 0.00551444, max = 0.0172644 (L_Shank_Lateral)
[2026-07-21 00:48:36.143] [info] Frame 148 (t = 1.48):	 total squared error = 0.000787497, marker error: RMS = 0.00540061, max = 0.0167577 (L_Shank_Lateral)
[2026-07-21 00:48:36.222] [info] Frame 149 (t = 1.49):	 total squared error = 0.000704327, marker error: RMS = 0.00510746, max = 0.0143853 (L_Shank_Lateral)
[2026-07-21 00:48:36.267] [info] Frame 150 (t = 1.5):	 total squared error = 0.000630758, marker error: RMS = 0.00483337, max = 0.0127745 (L_Shank_Lateral)
[2026-07-21 00:48:36.360] [info] Frame 151 (t = 1.51):	 total squared error = 0.000531327, marker error: RMS = 0.00443608, max = 0.0103044 (R_Shank_Lateral)
[2026-07-21 00:48:36.455] [info] Frame 152 (t = 1.52):	 total squared error = 0.000458593, marker error: RMS = 0.00412128, max = 0.0104156 (R_Shank_Lateral)
[2026-07-21 00:48:36.548] [info] Frame 153 (t = 1.53):	 total squared error = 0.000415106, marker error: RMS = 0.00392101, max = 0.0105053 (R_Shank_Lateral)
[2026-07-21 00:48:36.624] [info] Frame 154 (t = 1.54):	 total squared error = 0.000408619, marker error: RMS = 0.00389025, max = 0.0105777 (R_Shank_Lateral)
[2026-07-21 00:48:36.692] [info] Frame 155 (t = 1.55):	 total squared error = 0.000436394, marker error: RMS = 0.00402029, max = 0.0107409 (R_Shank_Lateral)
[2026-07-21 00:48:36.761] [info] Frame 156 (t = 1.56):	 total squared error = 0.000489037, marker error: RMS = 0.00425588, max = 0.0108983 (R_Shank_Lateral)
[2026-07-21 00:48:36.829] [info] Frame 157 (t = 1.57):	 total squared error = 0.000552840, marker error: RMS = 0.00452499, max = 0.0110814 (R_Shank_Lateral)
[2026-07-21 00:48:36.906] [info] Frame 158 (t = 1.58):	 total squared error = 0.000614382, marker error: RMS = 0.00477021, max = 0.0111686 (R_Shank_Lateral)
[2026-07-21 00:48:36.962] [info] Frame 159 (t = 1.59):	 total squared error = 0.000665382, marker error: RMS = 0.00496425, max = 0.011688 (L_Thigh_Lateral)
[2026-07-21 00:48:37.006] [info] Frame 160 (t = 1.6):	 total squared error = 0.000698113, marker error: RMS = 0.00508488, max = 0.0122808 (L_Thigh_Lateral)
[2026-07-21 00:48:37.043] [info] Frame 161 (t = 1.61):	 total squared error = 0.000722734, marker error: RMS = 0.00517377, max = 0.0125604 (L_Thigh_Lateral)
[2026-07-21 00:48:37.081] [info] Frame 162 (t = 1.62):	 total squared error = 0.000732028, marker error: RMS = 0.00520693, max = 0.0126179 (L_Thigh_Lateral)
[2026-07-21 00:48:37.117] [info] Frame 163 (t = 1.63):	 total squared error = 0.000718976, marker error: RMS = 0.00516031, max = 0.0126835 (L_Thigh_Lateral)
[2026-07-21 00:48:37.183] [info] Frame 164 (t = 1.64):	 total squared error = 0.000701182, marker error: RMS = 0.00509605, max = 0.0116742 (L_Thigh_Lateral)
[2026-07-21 00:48:37.231] [info] Frame 165 (t = 1.65):	 total squared error = 0.000694275, marker error: RMS = 0.00507089, max = 0.011492 (L_Thigh_Lateral)
[2026-07-21 00:48:37.286] [info] Frame 166 (t = 1.66):	 total squared error = 0.000695503, marker error: RMS = 0.00507537, max = 0.0114215 (L_Thigh_Lateral)
[2026-07-21 00:48:37.317] [info] Frame 167 (t = 1.67):	 total squared error = 0.000706747, marker error: RMS = 0.00511623, max = 0.0116364 (L_Thigh_Lateral)
[2026-07-21 00:48:37.374] [info] Frame 168 (t = 1.68):	 total squared error = 0.000724552, marker error: RMS = 0.00518028, max = 0.011512 (L_Thigh_Lateral)
[2026-07-21 00:48:37.419] [info] Frame 169 (t = 1.69):	 total squared error = 0.000752178, marker error: RMS = 0.00527811, max = 0.0118456 (L_Thigh_Lateral)
[2026-07-21 00:48:37.492] [info] Frame 170 (t = 1.7):	 total squared error = 0.000781255, marker error: RMS = 0.00537916, max = 0.0113064 (L_Thigh_Lateral)
[2026-07-21 00:48:37.542] [info] Frame 171 (t = 1.71):	 total squared error = 0.000816322, marker error: RMS = 0.00549856, max = 0.0114803 (L_Thigh_Lateral)
[2026-07-21 00:48:37.573] [info] Frame 172 (t = 1.72):	 total squared error = 0.000847670, marker error: RMS = 0.00560314, max = 0.01144 (L_Thigh_Lateral)
[2026-07-21 00:48:37.616] [info] Frame 173 (t = 1.73):	 total squared error = 0.000860113, marker error: RMS = 0.00564411, max = 0.0123171 (L_Asis)
[2026-07-21 00:48:37.660] [info] Frame 174 (t = 1.74):	 total squared error = 0.000850033, marker error: RMS = 0.00561095, max = 0.0126909 (L_Asis)
[2026-07-21 00:48:37.720] [info] Frame 175 (t = 1.75):	 total squared error = 0.000814149, marker error: RMS = 0.00549124, max = 0.0129117 (L_Asis)
[2026-07-21 00:48:37.816] [info] Frame 176 (t = 1.76):	 total squared error = 0.000744678, marker error: RMS = 0.00525173, max = 0.0121634 (L_Asis)
[2026-07-21 00:48:37.878] [info] Frame 177 (t = 1.77):	 total squared error = 0.000673373, marker error: RMS = 0.00499397, max = 0.0117304 (L_Asis)
[2026-07-21 00:48:37.923] [info] Frame 178 (t = 1.78):	 total squared error = 0.000601101, marker error: RMS = 0.00471837, max = 0.0112825 (L_Asis)
[2026-07-21 00:48:38.014] [info] Frame 179 (t = 1.79):	 total squared error = 0.000515042, marker error: RMS = 0.00436756, max = 0.0104463 (R_Asis)
[2026-07-21 00:48:38.064] [info] Frame 180 (t = 1.8):	 total squared error = 0.000448587, marker error: RMS = 0.00407607, max = 0.00997331 (R_Asis)
[2026-07-21 00:48:38.116] [info] Frame 181 (t = 1.81):	 total squared error = 0.000389193, marker error: RMS = 0.00379665, max = 0.00933674 (R_Asis)
[2026-07-21 00:48:38.191] [info] Frame 182 (t = 1.82):	 total squared error = 0.000339282, marker error: RMS = 0.00354485, max = 0.00879481 (R_Asis)
[2026-07-21 00:48:38.244] [info] Frame 183 (t = 1.83):	 total squared error = 0.000319261, marker error: RMS = 0.00343867, max = 0.00789783 (R_Asis)
[2026-07-21 00:48:38.296] [info] Frame 184 (t = 1.84):	 total squared error = 0.000326988, marker error: RMS = 0.00348004, max = 0.00722830 (R_Asis)
[2026-07-21 00:48:38.350] [info] Frame 185 (t = 1.85):	 total squared error = 0.000361100, marker error: RMS = 0.00365706, max = 0.00769345 (R_Shank_Lateral)
[2026-07-21 00:48:38.427] [info] Frame 186 (t = 1.86):	 total squared error = 0.000413598, marker error: RMS = 0.00391388, max = 0.00902462 (R_Shank_Lateral)
[2026-07-21 00:48:38.493] [info] Frame 187 (t = 1.87):	 total squared error = 0.000474906, marker error: RMS = 0.00419394, max = 0.0103763 (R_Shank_Lateral)
[2026-07-21 00:48:38.548] [info] Frame 188 (t = 1.88):	 total squared error = 0.000533432, marker error: RMS = 0.00444486, max = 0.0114353 (R_Shank_Lateral)
[2026-07-21 00:48:38.614] [info] Frame 189 (t = 1.89):	 total squared error = 0.000581251, marker error: RMS = 0.00463981, max = 0.0123709 (R_Shank_Lateral)
[2026-07-21 00:48:38.750] [info] Frame 190 (t = 1.9):	 total squared error = 0.000613604, marker error: RMS = 0.00476719, max = 0.0134409 (R_Shank_Lateral)
[2026-07-21 00:48:38.822] [info] Frame 191 (t = 1.91):	 total squared error = 0.000645733, marker error: RMS = 0.00489040, max = 0.0139985 (R_Shank_Lateral)
[2026-07-21 00:48:38.921] [info] Frame 192 (t = 1.92):	 total squared error = 0.000677745, marker error: RMS = 0.00501015, max = 0.0149587 (R_Shank_Lateral)
[2026-07-21 00:48:39.014] [info] Frame 193 (t = 1.93):	 total squared error = 0.000721014, marker error: RMS = 0.00516761, max = 0.0157712 (R_Shank_Lateral)
[2026-07-21 00:48:39.076] [info] Frame 194 (t = 1.94):	 total squared error = 0.000777846, marker error: RMS = 0.00536741, max = 0.0167124 (R_Shank_Lateral)
[2026-07-21 00:48:39.137] [info] Frame 195 (t = 1.95):	 total squared error = 0.000842020, marker error: RMS = 0.00558443, max = 0.0178079 (R_Shank_Lateral)
[2026-07-21 00:48:39.224] [info] Frame 196 (t = 1.96):	 total squared error = 0.000905216, marker error: RMS = 0.00579021, max = 0.0189446 (R_Shank_Lateral)
[2026-07-21 00:48:39.264] [info] Frame 197 (t = 1.97):	 total squared error = 0.000974413, marker error: RMS = 0.00600744, max = 0.0199449 (R_Shank_Lateral)
[2026-07-21 00:48:39.300] [info] Frame 198 (t = 1.98):	 total squared error = 0.00104228, marker error: RMS = 0.00621314, max = 0.0207865 (R_Shank_Lateral)
[2026-07-21 00:48:39.338] [info] Frame 199 (t = 1.99):	 total squared error = 0.00109468, marker error: RMS = 0.00636739, max = 0.0216921 (R_Shank_Lateral)
[2026-07-21 00:48:39.382] [info] Frame 200 (t = 2.0):	 total squared error = 0.00114424, marker error: RMS = 0.00650993, max = 0.0224066 (R_Shank_Lateral)
[2026-07-21 00:48:39.438] [info] Frame 201 (t = 2.01):	 total squared error = 0.00118466, marker error: RMS = 0.00662392, max = 0.0229112 (R_Shank_Lateral)
[2026-07-21 00:48:39.507] [info] Frame 202 (t = 2.02):	 total squared error = 0.00121872, marker error: RMS = 0.00671847, max = 0.0234897 (R_Shank_Lateral)
[2026-07-21 00:48:39.596] [info] Frame 203 (t = 2.03):	 total squared error = 0.00124782, marker error: RMS = 0.00679820, max = 0.0239652 (R_Shank_Lateral)
[2026-07-21 00:48:39.633] [info] Frame 204 (t = 2.04):	 total squared error = 0.00127910, marker error: RMS = 0.00688287, max = 0.0244413 (R_Shank_Lateral)
[2026-07-21 00:48:39.690] [info] Frame 205 (t = 2.05):	 total squared error = 0.00129873, marker error: RMS = 0.00693549, max = 0.0247303 (R_Shank_Lateral)
[2026-07-21 00:48:39.720] [info] Frame 206 (t = 2.06):	 total squared error = 0.00132861, marker error: RMS = 0.00701482, max = 0.0251935 (R_Shank_Lateral)
[2026-07-21 00:48:39.804] [info] Frame 207 (t = 2.07):	 total squared error = 0.00133064, marker error: RMS = 0.00702019, max = 0.025224 (R_Shank_Lateral)
[2026-07-21 00:48:39.841] [info] Frame 208 (t = 2.08):	 total squared error = 0.00134630, marker error: RMS = 0.00706137, max = 0.0255913 (R_Shank_Lateral)
[2026-07-21 00:48:39.930] [info] Frame 209 (t = 2.09):	 total squared error = 0.00133882, marker error: RMS = 0.00704174, max = 0.0254763 (R_Shank_Lateral)
[2026-07-21 00:48:39.984] [info] Frame 210 (t = 2.1):	 total squared error = 0.00132882, marker error: RMS = 0.00701539, max = 0.0254729 (R_Shank_Lateral)
[2026-07-21 00:48:40.037] [info] Frame 211 (t = 2.11):	 total squared error = 0.00129647, marker error: RMS = 0.00692945, max = 0.0249946 (R_Shank_Lateral)
[2026-07-21 00:48:40.091] [info] Frame 212 (t = 2.12):	 total squared error = 0.00124085, marker error: RMS = 0.00677920, max = 0.0242731 (R_Shank_Lateral)
[2026-07-21 00:48:40.182] [info] Frame 213 (t = 2.13):	 total squared error = 0.00114642, marker error: RMS = 0.00651613, max = 0.022469 (R_Shank_Lateral)
[2026-07-21 00:48:40.236] [info] Frame 214 (t = 2.14):	 total squared error = 0.00103658, marker error: RMS = 0.00619611, max = 0.0209075 (R_Shank_Lateral)
[2026-07-21 00:48:40.332] [info] Frame 215 (t = 2.15):	 total squared error = 0.000891965, marker error: RMS = 0.00574767, max = 0.0180183 (R_Shank_Lateral)
[2026-07-21 00:48:40.421] [info] Frame 216 (t = 2.16):	 total squared error = 0.000742012, marker error: RMS = 0.00524232, max = 0.0147363 (R_Shank_Lateral)
[2026-07-21 00:48:40.476] [info] Frame 217 (t = 2.17):	 total squared error = 0.000613504, marker error: RMS = 0.00476680, max = 0.0117136 (R_Shank_Lateral)
[2026-07-21 00:48:40.539] [info] Frame 218 (t = 2.18):	 total squared error = 0.000509282, marker error: RMS = 0.00434307, max = 0.0106168 (L_Thigh_Lateral)
[2026-07-21 00:48:40.653] [info] Frame 219 (t = 2.19):	 total squared error = 0.000438091, marker error: RMS = 0.00402810, max = 0.0109178 (L_Thigh_Lateral)
[2026-07-21 00:48:40.735] [info] Frame 220 (t = 2.2):	 total squared error = 0.000444682, marker error: RMS = 0.00405829, max = 0.0110887 (L_Thigh_Lateral)
[2026-07-21 00:48:40.789] [info] Frame 221 (t = 2.21):	 total squared error = 0.000519320, marker error: RMS = 0.00438567, max = 0.0113552 (L_Thigh_Lateral)
[2026-07-21 00:48:40.890] [info] Frame 222 (t = 2.22):	 total squared error = 0.000616381, marker error: RMS = 0.00477796, max = 0.0115938 (L_Thigh_Lateral)
[2026-07-21 00:48:40.976] [info] Frame 223 (t = 2.23):	 total squared error = 0.000738801, marker error: RMS = 0.00523096, max = 0.0131512 (R_Thigh_Lateral)
[2026-07-21 00:48:41.047] [info] Frame 224 (t = 2.24):	 total squared error = 0.000838151, marker error: RMS = 0.00557159, max = 0.0148134 (R_Thigh_Lateral)
[2026-07-21 00:48:41.100] [info] Frame 225 (t = 2.25):	 total squared error = 0.000885047, marker error: RMS = 0.00572534, max = 0.0155503 (R_Thigh_Lateral)
[2026-07-21 00:48:41.130] [info] Frame 226 (t = 2.26):	 total squared error = 0.000871002, marker error: RMS = 0.00567973, max = 0.0150888 (R_Thigh_Lateral)
[2026-07-21 00:48:41.180] [info] Frame 227 (t = 2.27):	 total squared error = 0.000777023, marker error: RMS = 0.00536457, max = 0.013542 (R_Thigh_Lateral)
[2026-07-21 00:48:41.209] [info] Frame 228 (t = 2.28):	 total squared error = 0.000671955, marker error: RMS = 0.00498871, max = 0.0120836 (L_Thigh_Lateral)
[2026-07-21 00:48:41.259] [info] Frame 229 (t = 2.29):	 total squared error = 0.000560106, marker error: RMS = 0.00455463, max = 0.0117799 (L_Thigh_Lateral)
[2026-07-21 00:48:41.293] [info] Frame 230 (t = 2.3):	 total squared error = 0.000488219, marker error: RMS = 0.00425231, max = 0.0117262 (L_Thigh_Lateral)
[2026-07-21 00:48:41.372] [info] Frame 231 (t = 2.31):	 total squared error = 0.000434447, marker error: RMS = 0.00401131, max = 0.0112636 (L_Thigh_Lateral)
[2026-07-21 00:48:41.457] [info] Frame 232 (t = 2.32):	 total squared error = 0.000400888, marker error: RMS = 0.00385327, max = 0.0108813 (L_Thigh_Lateral)
[2026-07-21 00:48:41.524] [info] Frame 233 (t = 2.33):	 total squared error = 0.000373328, marker error: RMS = 0.00371846, max = 0.0103768 (L_Thigh_Lateral)
[2026-07-21 00:48:41.615] [info] Frame 234 (t = 2.34):	 total squared error = 0.000342230, marker error: RMS = 0.00356022, max = 0.00984425 (L_Thigh_Lateral)
[2026-07-21 00:48:41.696] [info] Frame 235 (t = 2.35):	 total squared error = 0.000308473, marker error: RMS = 0.00338008, max = 0.00914380 (L_Thigh_Lateral)
[2026-07-21 00:48:41.756] [info] Frame 236 (t = 2.36):	 total squared error = 0.000276377, marker error: RMS = 0.00319940, max = 0.00821222 (L_Thigh_Lateral)
[2026-07-21 00:48:41.820] [info] Frame 237 (t = 2.37):	 total squared error = 0.000253502, marker error: RMS = 0.00306414, max = 0.00717080 (L_Thigh_Lateral)
[2026-07-21 00:48:41.872] [info] Frame 238 (t = 2.38):	 total squared error = 0.000243769, marker error: RMS = 0.00300474, max = 0.00637280 (R_Heel)
[2026-07-21 00:48:41.924] [info] Frame 239 (t = 2.39):	 total squared error = 0.000248477, marker error: RMS = 0.00303362, max = 0.00631124 (R_Heel)
[2026-07-21 00:48:41.972] [info] Frame 240 (t = 2.4):	 total squared error = 0.000270249, marker error: RMS = 0.00316374, max = 0.00636193 (R_Heel)
[2026-07-21 00:48:42.044] [info] Frame 241 (t = 2.41):	 total squared error = 0.000306790, marker error: RMS = 0.00337084, max = 0.00737254 (L_Shank_Lateral)
[2026-07-21 00:48:42.096] [info] Frame 242 (t = 2.42):	 total squared error = 0.000359513, marker error: RMS = 0.00364901, max = 0.00889415 (L_Shank_Lateral)
[2026-07-21 00:48:42.143] [info] Frame 243 (t = 2.43):	 total squared error = 0.000424982, marker error: RMS = 0.00396738, max = 0.0102851 (L_Shank_Lateral)
[2026-07-21 00:48:42.213] [info] Frame 244 (t = 2.44):	 total squared error = 0.000488140, marker error: RMS = 0.00425197, max = 0.0120821 (L_Shank_Lateral)
[2026-07-21 00:48:42.309] [info] Frame 245 (t = 2.45):	 total squared error = 0.000559791, marker error: RMS = 0.00455335, max = 0.0133699 (L_Shank_Lateral)
[2026-07-21 00:48:42.372] [info] Frame 246 (t = 2.46):	 total squared error = 0.000637077, marker error: RMS = 0.00485751, max = 0.0143208 (L_Shank_Lateral)
[2026-07-21 00:48:42.478] [info] Frame 247 (t = 2.47):	 total squared error = 0.000709824, marker error: RMS = 0.00512735, max = 0.016123 (L_Shank_Lateral)
[2026-07-21 00:48:42.587] [info] Frame 248 (t = 2.48):	 total squared error = 0.000786404, marker error: RMS = 0.00539686, max = 0.017639 (L_Shank_Lateral)
[2026-07-21 00:48:42.646] [info] Frame 249 (t = 2.49):	 total squared error = 0.000862392, marker error: RMS = 0.00565159, max = 0.0187897 (L_Shank_Lateral)
[2026-07-21 00:48:42.725] [info] Frame 250 (t = 2.5):	 total squared error = 0.000928424, marker error: RMS = 0.00586396, max = 0.0204354 (L_Shank_Lateral)
[2026-07-21 00:48:42.776] [info] Frame 251 (t = 2.51):	 total squared error = 0.000975650, marker error: RMS = 0.00601125, max = 0.0211338 (L_Shank_Lateral)
[2026-07-21 00:48:42.826] [info] Frame 252 (t = 2.52):	 total squared error = 0.000994253, marker error: RMS = 0.00606829, max = 0.0214853 (L_Shank_Lateral)
[2026-07-21 00:48:42.864] [info] Frame 253 (t = 2.53):	 total squared error = 0.000979498, marker error: RMS = 0.00602310, max = 0.0212793 (L_Shank_Lateral)
[2026-07-21 00:48:42.937] [info] Frame 254 (t = 2.54):	 total squared error = 0.000930300, marker error: RMS = 0.00586988, max = 0.0208664 (L_Shank_Lateral)
[2026-07-21 00:48:43.001] [info] Frame 255 (t = 2.55):	 total squared error = 0.000865430, marker error: RMS = 0.00566153, max = 0.0196247 (L_Shank_Lateral)
[2026-07-21 00:48:43.044] [info] Frame 256 (t = 2.56):	 total squared error = 0.000796820, marker error: RMS = 0.00543248, max = 0.0180742 (L_Shank_Lateral)
[2026-07-21 00:48:43.084] [info] Frame 257 (t = 2.57):	 total squared error = 0.000734241, marker error: RMS = 0.00521480, max = 0.0166472 (L_Shank_Lateral)
[2026-07-21 00:48:43.131] [info] Frame 258 (t = 2.58):	 total squared error = 0.000666361, marker error: RMS = 0.00496790, max = 0.0153391 (L_Shank_Lateral)
[2026-07-21 00:48:43.188] [info] Frame 259 (t = 2.59):	 total squared error = 0.000610693, marker error: RMS = 0.00475587, max = 0.0143941 (L_Shank_Lateral)
[2026-07-21 00:48:43.268] [info] Frame 260 (t = 2.6):	 total squared error = 0.000570772, marker error: RMS = 0.00459779, max = 0.0134995 (L_Shank_Lateral)
[2026-07-21 00:48:43.325] [info] Frame 261 (t = 2.61):	 total squared error = 0.000548342, marker error: RMS = 0.00450655, max = 0.0130407 (L_Shank_Lateral)
[2026-07-21 00:48:43.387] [info] Frame 262 (t = 2.62):	 total squared error = 0.000536353, marker error: RMS = 0.00445701, max = 0.0127502 (L_Shank_Lateral)
[2026-07-21 00:48:43.448] [info] Frame 263 (t = 2.63):	 total squared error = 0.000528126, marker error: RMS = 0.00442270, max = 0.0124718 (L_Shank_Lateral)
[2026-07-21 00:48:43.534] [info] Frame 264 (t = 2.64):	 total squared error = 0.000526577, marker error: RMS = 0.00441620, max = 0.0120300 (L_Shank_Lateral)
[2026-07-21 00:48:43.613] [info] Frame 265 (t = 2.65):	 total squared error = 0.000528415, marker error: RMS = 0.00442390, max = 0.0116478 (L_Shank_Lateral)
[2026-07-21 00:48:43.685] [info] Frame 266 (t = 2.66):	 total squared error = 0.000527418, marker error: RMS = 0.00441973, max = 0.0110254 (L_Shank_Lateral)
[2026-07-21 00:48:43.746] [info] Frame 267 (t = 2.67):	 total squared error = 0.000521964, marker error: RMS = 0.00439682, max = 0.0101325 (L_Shank_Lateral)
[2026-07-21 00:48:43.814] [info] Frame 268 (t = 2.68):	 total squared error = 0.000508669, marker error: RMS = 0.00434046, max = 0.0100591 (R_Shank_Lateral)
[2026-07-21 00:48:43.877] [info] Frame 269 (t = 2.69):	 total squared error = 0.000496165, marker error: RMS = 0.00428678, max = 0.0103916 (R_Shank_Lateral)
[2026-07-21 00:48:43.959] [info] Frame 270 (t = 2.7):	 total squared error = 0.000485350, marker error: RMS = 0.00423980, max = 0.0107311 (R_Shank_Lateral)
[2026-07-21 00:48:44.012] [info] Frame 271 (t = 2.71):	 total squared error = 0.000488958, marker error: RMS = 0.00425553, max = 0.0109772 (R_Shank_Lateral)
[2026-07-21 00:48:44.101] [info] Frame 272 (t = 2.72):	 total squared error = 0.000503400, marker error: RMS = 0.00431792, max = 0.0112516 (R_Shank_Lateral)
[2026-07-21 00:48:44.151] [info] Frame 273 (t = 2.73):	 total squared error = 0.000535942, marker error: RMS = 0.00445530, max = 0.0113719 (R_Shank_Lateral)
[2026-07-21 00:48:44.181] [info] Frame 274 (t = 2.74):	 total squared error = 0.000592974, marker error: RMS = 0.00468636, max = 0.0114263 (R_Shank_Lateral)
[2026-07-21 00:48:44.230] [info] Frame 275 (t = 2.75):	 total squared error = 0.000624463, marker error: RMS = 0.00480918, max = 0.0115531 (R_Shank_Lateral)
[2026-07-21 00:48:44.307] [info] Frame 276 (t = 2.76):	 total squared error = 0.000664854, marker error: RMS = 0.00496228, max = 0.0115833 (R_Shank_Lateral)
[2026-07-21 00:48:44.340] [info] Frame 277 (t = 2.77):	 total squared error = 0.000700919, marker error: RMS = 0.00509509, max = 0.0117737 (L_Thigh_Lateral)
[2026-07-21 00:48:44.379] [info] Frame 278 (t = 2.78):	 total squared error = 0.000725012, marker error: RMS = 0.00518192, max = 0.0121835 (L_Thigh_Lateral)
[2026-07-21 00:48:44.438] [info] Frame 279 (t = 2.79):	 total squared error = 0.000732762, marker error: RMS = 0.00520954, max = 0.0121737 (L_Thigh_Lateral)
[2026-07-21 00:48:44.504] [info] Frame 280 (t = 2.8):	 total squared error = 0.000734855, marker error: RMS = 0.00521698, max = 0.0114484 (L_Thigh_Lateral)
[2026-07-21 00:48:44.535] [info] Frame 281 (t = 2.81):	 total squared error = 0.000736697, marker error: RMS = 0.00522351, max = 0.0112047 (L_Thigh_Lateral)
[2026-07-21 00:48:44.563] [info] Frame 282 (t = 2.82):	 total squared error = 0.000747312, marker error: RMS = 0.00526101, max = 0.0109394 (L_Thigh_Lateral)
[2026-07-21 00:48:44.614] [info] Frame 283 (t = 2.83):	 total squared error = 0.000755363, marker error: RMS = 0.00528927, max = 0.0106080 (L_Thigh_Lateral)
[2026-07-21 00:48:44.642] [info] Frame 284 (t = 2.84):	 total squared error = 0.000779939, marker error: RMS = 0.00537463, max = 0.0110464 (L_Asis)
[2026-07-21 00:48:44.674] [info] Frame 285 (t = 2.85):	 total squared error = 0.000821596, marker error: RMS = 0.00551629, max = 0.0118296 (L_Asis)
[2026-07-21 00:48:44.754] [info] Frame 286 (t = 2.86):	 total squared error = 0.000848048, marker error: RMS = 0.00560439, max = 0.0131163 (L_Asis)
[2026-07-21 00:48:44.780] [info] Frame 287 (t = 2.87):	 total squared error = 0.000892131, marker error: RMS = 0.00574821, max = 0.0137304 (L_Asis)
[2026-07-21 00:48:44.837] [info] Frame 288 (t = 2.88):	 total squared error = 0.000932446, marker error: RMS = 0.00587665, max = 0.0143937 (L_Asis)
[2026-07-21 00:48:44.890] [info] Frame 289 (t = 2.89):	 total squared error = 0.000950236, marker error: RMS = 0.00593245, max = 0.0147646 (L_Asis)
[2026-07-21 00:48:44.935] [info] Frame 290 (t = 2.9):	 total squared error = 0.000945499, marker error: RMS = 0.00591764, max = 0.0148522 (L_Asis)
[2026-07-21 00:48:44.976] [info] Frame 291 (t = 2.91):	 total squared error = 0.000913108, marker error: RMS = 0.00581540, max = 0.0146777 (L_Asis)
[2026-07-21 00:48:45.045] [info] Frame 292 (t = 2.92):	 total squared error = 0.000850588, marker error: RMS = 0.00561277, max = 0.0138895 (L_Asis)
[2026-07-21 00:48:45.093] [info] Frame 293 (t = 2.93):	 total squared error = 0.000775015, marker error: RMS = 0.00535763, max = 0.0133372 (L_Asis)
[2026-07-21 00:48:45.144] [info] Frame 294 (t = 2.94):	 total squared error = 0.000693292, marker error: RMS = 0.00506730, max = 0.0122305 (R_Asis)
[2026-07-21 00:48:45.230] [info] Frame 295 (t = 2.95):	 total squared error = 0.000598323, marker error: RMS = 0.00470745, max = 0.0123443 (R_Asis)
[2026-07-21 00:48:45.242] [info] InverseKinematicsTool completed 256 frames in 15 second(s).
[2026-07-21 00:48:45.338] [info] Loaded model TCV09-scaled from file C:\Users\migue\Downloads\TFG\2_JMP\TVC09\Walk_2\TVC09_2_JMP_results\TVC09_2_NMSM_JMP_08_wrist_axis_FINAL.osim
[2026-07-21 00:48:46.895] [warning] Coordinate.setValue:  coordinate pro_sup_r is locked. Unable to change its value.
[2026-07-21 00:48:46.996] [warning] Coordinate.setValue:  coordinate pro_sup_l is locked. Unable to change its value.
