Coordinates
version=1
nRows=355
nColumns=42
inDegrees=yes

Units are S.I. units (second, meters, Newtons, ...)
If the header above contains a line with 'inDegrees', this indicates whether rotational values are in degrees (yes) or radians (no).

endheader
time	pelvis_tilt	pelvis_list	pelvis_rotation	pelvis_tx	pelvis_ty	pelvis_tz	hip_flexion_r	hip_adduction_r	hip_rotation_r	knee_angle_r	knee_adduction_r	knee_angle_r_beta	ankle_angle_r	subtalar_angle_r	mtp_angle_r	hip_flexion_l	hip_adduction_l	hip_rotation_l	knee_angle_l	knee_adduction_l	knee_angle_l_beta	ankle_angle_l	subtalar_angle_l	mtp_angle_l	lumbar_extension	lumbar_bending	lumbar_rotation	arm_flex_r	arm_add_r	arm_rot_r	elbow_flex_r	pro_sup_r	wrist_flex_r	wrist_dev_r	arm_flex_l	arm_add_l	arm_rot_l	elbow_flex_l	pro_sup_l	wrist_flex_l	wrist_dev_l
      0.00000000	     13.00405082	     -1.15539367	      6.53869609	     -2.59624277	      0.87883713	      0.17305344	    -27.47717950	      6.03624803	    -20.39883375	      1.49660785	      5.98145427	      0.02612073	     20.27330571	     36.19743158	     -9.50973313	     12.76644943	     -0.79227505	    -13.44871002	     26.64701595	     -7.65941192	      0.46507816	     19.55996671	     18.81303347	     -9.50973313	    -37.12863826	      4.74090359	      5.91489721	      7.07600495	    -19.94809231	      5.72038176	     47.83515961	     90.00000001	      0.00000000	      0.00000000	      5.37134528	    -13.88353028	      6.76519914	     43.70308182	     90.00000001	      0.00000000	      0.00000000
      0.01000000	     12.78139835	     -1.51815377	      6.70725961	     -2.58490201	      0.87633283	      0.17223315	    -28.14901979	      6.54116924	    -21.05788337	      1.37931586	      6.07884544	      0.02407360	     20.42368949	     36.41766936	     -9.45424035	     13.77605886	     -0.86343147	    -12.65930008	     24.30476541	     -6.78723758	      0.42419818	     18.44153753	     19.76402588	     -9.45424035	    -36.80268765	      5.12481632	      6.05817528	      7.52881282	    -20.19618031	      5.17790653	     48.09648331	     90.00000001	      0.00000000	      0.00000000	      4.63001508	    -13.70469134	      6.35812247	     43.27640347	     90.00000001	      0.00000000	      0.00000000
      0.02000000	     12.51814839	     -1.83466997	      6.89561722	     -2.57349718	      0.87378526	      0.17125997	    -28.70870439	      6.97904323	    -21.83669581	      1.42170248	      6.14027067	      0.02481339	     20.61787847	     36.82648011	     -9.39468456	     14.71813607	     -0.83322933	    -11.84786376	     21.95067326	     -5.99395633	      0.38311152	     17.37680896	     20.71500461	     -9.39468456	    -36.44751437	      5.47859587	      6.14499798	      7.92422963	    -20.33235185	      4.32675795	     48.40508711	     90.00000001	      0.00000000	      0.00000000	      3.93286870	    -13.43908153	      5.69686943	     42.78703982	     90.00000001	      0.00000000	      0.00000000
      0.03000000	     12.17809947	     -2.40074690	      7.07613435	     -2.56222615	      0.87110689	      0.17054853	    -29.03727975	      7.75972723	    -22.17031265	      1.54074848	      5.91585071	      0.02689113	     20.80664611	     36.98526711	     -9.37007306	     15.83543257	     -1.16526064	    -11.06994408	     19.97844332	     -5.13627008	      0.34868962	     16.62926741	     21.69103292	     -9.37007306	    -36.00243575	      6.04080047	      6.35752583	      8.29153909	    -20.57093498	      3.79548623	     48.71070929	     90.00000001	      0.00000000	      0.00000000	      3.26753954	    -13.22738729	      5.37562868	     42.33111774	     90.00000001	      0.00000000	      0.00000000
      0.04000000	     11.81718093	     -2.88771027	      7.17574947	     -2.55078815	      0.86852285	      0.16978513	    -29.30130663	      8.35408602	    -22.43304125	      1.80029571	      5.72644128	      0.03142109	     20.96171112	     37.11222047	     -9.34437276	     16.81475387	     -1.37261319	    -10.35896125	     18.02218876	     -4.43172088	      0.31454653	     15.96807537	     22.69627111	     -9.34437276	    -35.54384948	      6.48722595	      6.53822813	      8.59703648	    -20.72070174	      3.09447942	     49.00084995	     90.00000001	      0.00000000	      0.00000000	      2.63949035	    -12.98027411	      4.91879926	     41.73433180	     90.00000001	      0.00000000	      0.00000000
      0.05000000	     11.44248861	     -3.20342777	      7.18603161	     -2.53913185	      0.86607773	      0.16894043	    -29.47167210	      8.64016592	    -22.86924991	      2.35649990	      5.59221044	      0.04112868	     21.20722225	     37.41841456	     -9.27103309	     17.65463573	     -1.36288750	     -9.85736810	     16.19446088	     -3.93655458	      0.28264666	     15.33095429	     23.52027821	     -9.27103309	    -35.07131284	      6.72834618	      6.67030870	      8.80466351	    -20.63694439	      1.85488617	     49.24731581	     90.00000001	      0.00000000	      0.00000000	      2.09082026	    -12.54706371	      3.84500058	     40.93604515	     90.00000001	      0.00000000	      0.00000000
      0.06000000	     11.09431474	     -3.74410559	      7.13890271	     -2.52755913	      0.86375625	      0.16849357	    -29.55559637	      9.23596891	    -22.72491886	      2.93124035	      5.15221556	      0.05115980	     21.37167292	     37.42885786	     -9.23150259	     18.52578640	     -1.70491367	     -9.30334291	     14.85506746	     -3.42427399	      0.25926984	     15.11293611	     24.23741946	     -9.23150259	    -34.63502566	      7.13365664	      6.93859146	      9.00825270	    -20.76850749	      1.39947757	     49.46660690	     90.00000001	      0.00000000	      0.00000000	      1.53691820	    -12.32608792	      3.54018938	     40.32636868	     90.00000001	      0.00000000	      0.00000000
      0.07000000	     10.79379228	     -4.08766508	      6.96411518	     -2.51566982	      0.86172559	      0.16793483	    -29.61576374	      9.42928742	    -22.83103275	      3.86794932	      4.85350771	      0.06750845	     21.56929388	     37.57963029	     -9.16364090	     19.19850907	     -1.82506314	     -9.13128280	     13.76233830	     -3.17788491	      0.24019812	     14.84295192	     25.10453813	     -9.16364090	    -34.25451066	      7.30688004	      7.19940007	      9.08523371	    -20.74535407	      0.52892874	     49.73965258	     90.00000001	      0.00000000	      0.00000000	      1.07445616	    -11.97217474	      2.75669822	     39.52825247	     90.00000001	      0.00000000	      0.00000000
      0.08000000	     10.53883648	     -4.48479302	      6.74029974	     -2.50358529	      0.85990187	      0.16768790	    -29.65631552	      9.72827486	    -22.59484642	      4.86125808	      4.32871419	      0.08484496	     21.72072796	     37.66957417	     -9.12520963	     19.77237734	     -2.09442133	     -8.81006076	     13.09543223	     -2.91639943	      0.22855841	     14.90793768	     25.69476463	     -9.12520963	    -33.90054047	      7.47341073	      7.53156429	      9.08677116	    -20.81288910	      0.12203649	     49.87281505	     90.00000001	      0.00000000	      0.00000000	      0.63010324	    -11.77933731	      2.40163702	     38.86261122	     90.00000001	      0.00000000	      0.00000000
      0.09000000	     10.30654401	     -4.77122462	      6.42063064	     -2.49125966	      0.85834235	      0.16719346	    -29.68835388	      9.72933239	    -22.48847082	      6.05254251	      3.97001381	      0.10563679	     21.81518233	     37.74817526	     -9.08519210	     20.26173610	     -2.20750532	     -8.84911836	     12.84826544	     -2.94854992	      0.22424454	     14.93370243	     26.18967839	     -9.08519210	    -33.58639474	      7.53795312	      7.76036575	      9.11449002	    -20.76798882	     -0.39601334	     50.11342721	     90.00000001	      0.00000000	      0.00000000	      0.15839822	    -11.50488144	      1.89324232	     38.09036170	     90.00000001	      0.00000000	      0.00000000
      0.10000000	     10.05806278	     -5.00976151	      6.18314865	     -2.47869609	      0.85689480	      0.16659347	    -29.72509711	      9.72622692	    -22.02949428	      7.13317569	      3.59245193	      0.12449740	     21.61688774	     37.67680489	     -9.07185553	     20.73430255	     -2.20173693	     -8.53981867	     13.04675213	     -3.12448949	      0.22770878	     14.87667324	     26.22469994	     -9.07185553	    -33.22097765	      7.56944585	      7.84998609	      9.07326434	    -20.73695123	     -0.54464869	     50.17034850	     90.00000001	      0.00000000	      0.00000000	     -0.41726580	    -11.42970589	      1.77816513	     37.69393619	     90.00000001	      0.00000000	      0.00000000
      0.11000000	      9.92851200	     -5.08933027	      5.77556323	     -2.46562899	      0.85587132	      0.16605189	    -29.74397104	      9.38332634	    -22.28148329	      8.75817338	      3.17117620	      0.15285896	     21.65226267	     37.93586192	     -9.03082595	     20.94366757	     -2.15578109	     -8.76862048	     13.56163631	     -3.36405581	      0.23669521	     15.01977313	     26.61276547	     -9.03082595	    -32.95674908	      7.38411663	      8.11213335	      8.82796556	    -20.63080659	     -1.11521905	     50.28802141	     90.00000001	      0.00000000	      0.00000000	     -0.65864933	    -11.12012321	      1.02551135	     36.60178279	     90.00000001	      0.00000000	      0.00000000
      0.12000000	      9.75126430	     -5.20594307	      5.51082070	     -2.45245391	      0.85492515	      0.16524882	    -29.76577779	      9.16290324	    -21.98940865	     10.10989918	      2.80027034	      0.17645103	     21.26209345	     37.89358955	     -9.01214129	     21.16118387	     -2.01259519	     -8.48580982	     14.34554465	     -3.76612265	      0.25037699	     14.86636611	     26.57738842	     -9.01214129	    -32.62219759	      7.30419369	      8.14413276	      8.63698412	    -20.53728842	     -1.27730930	     50.21593863	     90.00000001	      0.00000000	      0.00000000	     -1.13800882	    -11.01555197	      0.79798489	     36.08373642	     90.00000001	      0.00000000	      0.00000000
      0.13000000	      9.60674083	     -5.08786961	      5.26313199	     -2.43878959	      0.85420419	      0.16437549	    -29.78320018	      8.66317099	    -22.24991248	     11.67312774	      2.39772785	      0.20373451	     20.75113185	     37.99636878	     -8.98480588	     21.34694988	     -1.67207857	     -8.59843626	     15.60982486	     -4.25410086	      0.27244284	     14.74808409	     26.39927715	     -8.98480588	    -32.26936373	      6.97258327	      8.10765129	      8.26833042	    -20.35012760	     -1.53554494	     50.09379958	     90.00000001	      0.00000000	      0.00000000	     -1.40294216	    -10.89917006	      0.35949384	     35.25273987	     90.00000001	      0.00000000	      0.00000000
      0.14000000	      9.49724413	     -4.89994846	      5.07401571	     -2.42490330	      0.85372988	      0.16328770	    -29.79701879	      8.11122180	    -22.57388271	     13.26776364	      1.95391335	      0.23156616	     20.12017548	     38.25566353	     -8.93991102	     21.44113528	     -1.19733837	     -8.70965859	     17.02377251	     -4.91131775	      0.29712088	     14.65827822	     26.47389773	     -8.93991102	    -31.94309955	      6.61387829	      7.93730546	      7.86799175	    -20.08836926	     -1.84390127	     49.95528333	     90.00000001	      0.00000000	      0.00000000	     -1.70843025	    -10.79474083	     -0.28172200	     34.51007630	     90.00000001	      0.00000000	      0.00000000
      0.15000000	      9.41135006	     -4.64268146	      4.93574150	     -2.41082684	      0.85352106	      0.16208967	    -29.80785075	      7.51535597	    -22.86312242	     14.86200368	      1.52969586	      0.25939090	     19.13183350	     38.26671963	     -8.89426318	     21.49257191	     -0.66179771	     -8.76783246	     18.65592258	     -5.57765694	      0.32560727	     14.55037202	     26.25238169	     -8.89426318	    -31.62730536	      6.19604759	      7.69784487	      7.40644447	    -19.80378798	     -2.04943891	     49.71787093	     90.00000001	      0.00000000	      0.00000000	     -1.94896867	    -10.76218986	     -0.70010060	     33.80849880	     90.00000001	      0.00000000	      0.00000000
      0.16000000	      9.37717624	     -4.35540785	      4.85648757	     -2.39690311	      0.85375755	      0.16097478	    -29.82269688	      7.03293921	    -22.48880704	     16.33863088	      1.05029979	      0.28516290	     18.13367359	     38.00185829	     -8.88229949	     21.32330904	     -0.11720114	     -8.32011320	     20.10075842	     -6.07594628	      0.35082442	     14.39714137	     25.99592526	     -8.88229949	    -31.43751589	      5.75226025	      7.42205285	      6.93067788	    -19.52455457	     -2.08054691	     49.47088634	     90.00000001	      0.00000000	      0.00000000	     -2.13508378	    -10.86570852	     -0.77898467	     33.38597668	     90.00000001	      0.00000000	      0.00000000
      0.17000000	      9.40633490	     -3.80552421	      4.81913163	     -2.38230930	      0.85404414	      0.15943577	    -29.81829393	      6.02143005	    -23.82894368	     18.29844535	      0.65635585	      0.31936812	     16.20972110	     38.19411664	     -8.84195755	     21.24798693	      0.64211276	     -8.84287260	     22.08560178	     -6.77248820	      0.38546647	     14.58101650	     25.14645080	     -8.84195755	    -31.19170613	      5.09735488	      7.00089518	      6.28111085	    -19.13029004	     -2.40034232	     49.13947375	     90.00000001	      0.00000000	      0.00000000	     -2.20651980	    -10.91537503	     -1.12306492	     32.55002564	     90.00000001	      0.00000000	      0.00000000
      0.18000000	      9.53840851	     -3.22397993	      4.75933401	     -2.36804054	      0.85488329	      0.15805220	    -29.81907314	      5.08451731	    -24.47531796	     20.19752538	      0.18216943	      0.35251332	     14.27100553	     38.02867733	     -8.81318991	     20.82311698	      1.37249126	     -8.88025412	     23.65540939	     -7.21658183	      0.41286478	     14.75576215	     24.42636211	     -8.81318991	    -31.15734328	      4.38653717	      6.59781320	      5.66989664	    -18.76306759	     -2.52136609	     48.83608837	     90.00000001	      0.00000000	      0.00000000	     -2.21605255	    -11.04917375	     -1.30089531	     32.04904576	     90.00000001	      0.00000000	      0.00000000
      0.19000000	      9.78402806	     -2.52794565	      4.71490664	     -2.35389035	      0.85614736	      0.15666527	    -29.81614727	      4.00414031	    -25.28568270	     22.26177879	     -0.32222201	      0.38854134	     11.99862854	     37.85101399	     -8.77753492	     20.06901127	      2.18425338	     -8.70730208	     24.88434319	     -7.46299419	      0.43431372	     14.96647633	     23.45307084	     -8.77753492	    -31.28989053	      3.56597448	      6.15621056	      5.03340309	    -18.37990615	     -2.59982433	     48.55712783	     90.00000001	      0.00000000	      0.00000000	     -2.12100974	    -11.24875059	     -1.42211118	     31.64803712	     90.00000001	      0.00000000	      0.00000000
      0.20000000	     10.15071254	     -1.91476379	      4.65186999	     -2.33998974	      0.85777241	      0.15537150	    -29.80440171	      3.00948705	    -25.68238527	     24.42845222	     -0.76447963	      0.42635692	      9.72626710	     37.28374282	     -8.76646116	     19.14259611	      2.75353481	     -8.63683685	     26.04171506	     -7.45396111	      0.45451367	     15.40090983	     22.90627160	     -8.76646116	    -31.59286926	      2.84663607	      5.75211115	      4.47344074	    -18.04517013	     -2.57426240	     48.26416776	     90.00000001	      0.00000000	      0.00000000	     -1.97903693	    -11.46194512	     -1.43646552	     31.37741287	     90.00000001	      0.00000000	      0.00000000
      0.21000000	     10.58476195	     -0.91840654	      4.53814339	     -2.32590232	      0.85978980	      0.15381318	    -29.79316608	      1.54295841	    -26.64850929	     26.68876943	     -1.37696932	      0.46580690	      6.58398557	     36.65765898	     -8.74413111	     17.70180562	      3.91490708	     -8.60441922	     26.34720405	     -7.69943249	      0.45984546	     15.84612083	     21.90377535	     -8.74413111	    -31.98542550	      1.73952993	      5.27340380	      3.73096213	    -17.69113419	     -2.48631732	     48.06254765	     90.00000001	      0.00000000	      0.00000000	     -1.73786687	    -11.72733505	     -1.36601199	     31.21373535	     90.00000001	      0.00000000	      0.00000000
      0.22000000	     11.13508946	     -0.00287548	      4.47425762	     -2.31216356	      0.86210468	      0.15226360	    -29.76887516	      0.13167230	    -27.24230343	     29.11207213	     -1.80288890	      0.50810151	      3.75406144	     35.92261385	     -8.72126419	     16.00568503	      4.90129395	     -8.42343287	     26.36912303	     -7.64138819	      0.46022802	     16.26141112	     21.23698251	     -8.72126419	    -32.54791585	      0.77006062	      4.78166714	      3.07104248	    -17.36969945	     -2.32694962	     47.85749118	     90.00000001	      0.00000000	      0.00000000	     -1.42728953	    -12.01579060	     -1.19891558	     31.21717700	     90.00000001	      0.00000000	      0.00000000
      0.23000000	     11.74640804	      0.95162263	      4.39798304	     -2.29846000	      0.86462429	      0.15059386	    -29.73047854	     -1.33964210	    -27.58712170	     31.57459756	     -2.14292101	      0.55108069	      0.97563025	     34.94680406	     -8.69768757	     14.05870191	      5.96138106	     -8.36754640	     25.99343522	     -7.63186503	      0.45367103	     16.73841699	     20.90321875	     -8.69768757	    -33.18823102	     -0.19791880	      4.29217248	      2.37542459	    -17.11653806	     -2.08094080	     47.67869117	     90.00000001	      0.00000000	      0.00000000	     -1.09604857	    -12.31464485	     -0.92757122	     31.35894899	     90.00000001	      0.00000000	      0.00000000
      0.24000000	     12.42288399	      1.85560558	      4.32160114	     -2.28487657	      0.86727916	      0.14892353	    -29.66820169	     -2.79041818	    -27.58972608	     34.09886225	     -2.26152279	      0.59513742	     -1.48764850	     33.83089625	     -8.67041608	     11.90936794	      6.97306778	     -8.40463035	     25.29904538	     -7.64788356	      0.44155164	     17.18890625	     20.96480755	     -8.67041608	    -33.90360382	     -1.08406014	      3.82031935	      1.67047082	    -16.88917450	     -1.70613959	     47.52772437	     90.00000001	      0.00000000	      0.00000000	     -0.72993837	    -12.61635994	     -0.52303827	     31.65333482	     90.00000001	      0.00000000	      0.00000000
      0.25000000	     13.14075542	      2.65775659	      4.25862841	     -2.27142458	      0.87001988	      0.14735559	    -29.54709589	     -4.11927501	    -27.36813327	     36.60372966	     -2.27431760	      0.63885560	     -3.54763170	     32.84729230	     -8.64889576	      9.66593578	      7.83753362	     -8.64857258	     24.45957570	     -7.68051958	      0.42690013	     17.87070068	     21.38010416	     -8.64889576	    -34.66746970	     -1.83855743	      3.38477691	      0.97567417	    -16.67962543	     -1.28404794	     47.38769290	     90.00000001	      0.00000000	      0.00000000	     -0.30915104	    -12.90373429	     -0.15016180	     32.04765962	     90.00000001	      0.00000000	      0.00000000
      0.26000000	     13.83165064	      3.28557489	      4.20541392	     -2.25827992	      0.87269465	      0.14591610	    -29.24922886	     -5.26542666	    -26.83628868	     39.15238424	     -2.14707303	      0.68333802	     -5.02390622	     32.09989312	     -8.62840271	      7.46658907	      8.43423811	     -8.87345050	     23.60952102	     -7.53397860	      0.41206388	     18.62960932	     21.96025204	     -8.62840271	    -35.42046568	     -2.39436850	      3.04556519	      0.32796265	    -16.50378307	     -0.83683214	     47.20121609	     90.00000001	      0.00000000	      0.00000000	      0.19951502	    -13.13591785	      0.16900730	     32.51790929	     90.00000001	      0.00000000	      0.00000000
      0.27000000	     14.40278215	      3.87269806	      4.14073297	     -2.24549925	      0.87518957	      0.14427913	    -28.62407505	     -6.45263473	    -26.13236612	     41.88126350	     -1.86438010	      0.73096594	     -5.69203967	     31.45161463	     -8.59975977	      5.35436510	      9.12595092	     -9.19430028	     22.53794013	     -7.68155847	      0.39336126	     19.08130096	     22.88272805	     -8.59975977	    -36.09278773	     -2.86250196	      2.62988260	     -0.23559313	    -16.41624101	     -0.11983462	     47.06887421	     90.00000001	      0.00000000	      0.00000000	      0.67239136	    -13.36716087	      0.68353711	     33.04320113	     90.00000001	      0.00000000	      0.00000000
      0.28000000	     14.67088038	      4.20706413	      4.11393309	     -2.23348359	      0.87725264	      0.14298845	    -27.35138491	     -7.32607874	    -25.34037175	     44.73853344	     -1.74453622	      0.78083471	     -5.61679350	     31.32442984	     -8.57129315	      3.77508191	      9.43119787	     -9.49571858	     21.77129298	     -7.58132428	      0.37998074	     19.69743982	     23.65753292	     -8.57129315	    -36.50064498	     -3.11678922	      2.35922587	     -0.69626197	    -16.31643256	      0.59624508	     46.80974994	     90.00000001	      0.00000000	      0.00000000	      1.33948571	    -13.54163633	      1.13037164	     33.55257610	     90.00000001	      0.00000000	      0.00000000
      0.29000000	     14.81284851	      4.24675424	      4.05460252	     -2.22204110	      0.87922534	      0.14219360	    -25.68488419	     -7.84116019	    -24.52180436	     47.48964155	     -1.76900193	      0.82885061	     -5.32656047	     31.55321338	     -8.55173605	      2.45250144	      9.27541574	     -9.53490626	     21.23105278	     -7.16444043	      0.37055177	     20.34637088	     24.17197507	     -8.55173605	    -36.84698982	     -3.12329442	      2.28767006	     -1.06094714	    -16.13292763	      1.12922029	     46.49336103	     90.00000001	      0.00000000	      0.00000000	      2.14573085	    -13.61353797	      1.37832054	     34.07547817	     90.00000001	      0.00000000	      0.00000000
      0.30000000	     14.75514340	      4.57295476	      3.93316520	     -2.21078224	      0.88065526	      0.14092563	    -23.68092100	     -8.84454134	    -23.94250704	     50.46408632	     -1.77102284	      0.88076446	     -3.49323198	     32.35692059	     -8.51848708	      1.37987483	      9.65125818	    -10.00357580	     20.59517949	     -7.21023475	      0.35945369	     20.86239517	     25.00007445	     -8.51848708	    -36.98509012	     -3.38276623	      2.02720546	     -1.34084332	    -16.14027536	      2.24491152	     46.13742675	     90.00000001	      0.00000000	      0.00000000	      2.93148078	    -13.73085729	      1.90026152	     34.49134449	     90.00000001	      0.00000000	      0.00000000
      0.31000000	     15.03750043	      4.33834873	      4.02853845	     -2.19972463	      0.88281398	      0.14010417	    -22.06146923	     -8.89592884	    -23.41094530	     52.52318620	     -1.81787574	      0.91670253	     -3.00774686	     32.64957338	     -8.50486199	      0.06647117	      9.17424507	     -9.90866374	     20.34965244	     -6.80478646	      0.35516844	     21.30495284	     25.15361879	     -8.50486199	    -37.50753338	     -2.98564430	      1.91841076	     -1.53725170	    -15.95236456	      2.58723768	     45.86218781	     90.00000001	      0.00000000	      0.00000000	      3.83692662	    -13.73930922	      2.02081244	     34.97219754	     90.00000001	      0.00000000	      0.00000000
      0.32000000	     14.68080489	      4.63822851	      3.62111056	     -2.18887583	      0.88370681	      0.13955015	    -19.37230126	     -9.88756870	    -22.89847985	     55.28530655	     -2.17401013	      0.96491063	     -0.00612577	     33.80041982	     -8.47432463	     -0.73069648	      9.51910530	    -10.00137392	     19.56893446	     -6.61077692	      0.34154234	     21.99362951	     25.55023455	     -8.47432463	    -37.34516707	     -3.41768828	      1.90337698	     -1.75925378	    -15.91159636	      3.87535471	     45.39246616	     90.00000001	      0.00000000	      0.00000000	      4.75725727	    -13.81654684	      2.49110603	     35.37282835	     90.00000001	      0.00000000	      0.00000000
      0.33000000	     14.70558912	      4.44833104	      3.39664038	     -2.17801176	      0.88535332	      0.13939676	    -17.15545083	     -9.98716463	    -22.43385564	     57.10529715	     -2.55682686	      0.99667546	      1.38134004	     34.07479284	     -8.45694055	     -1.89005219	      9.10493753	     -9.72574427	     19.01034984	     -6.01196955	      0.33179320	     22.56870501	     25.63054622	     -8.45694055	    -37.58504841	     -3.27374727	      2.04754695	     -1.94218755	    -15.73056146	      4.45303537	     45.07121259	     90.00000001	      0.00000000	      0.00000000	      5.73374544	    -13.80736520	      2.67703974	     35.90280243	     90.00000001	      0.00000000	      0.00000000
      0.34000000	     14.53422494	      4.59042542	      3.19269058	     -2.16720938	      0.88638866	      0.13862957	    -14.73781913	    -10.62224443	    -22.22623445	     58.97997852	     -2.83294199	      1.02939482	      4.07524787	     34.60181365	     -8.42862440	     -2.80926090	      9.32989630	     -9.45546914	     18.43790293	     -5.90562919	      0.32180211	     22.86994590	     25.34448883	     -8.42862440	    -37.60067380	     -3.38918905	      1.89790574	     -2.08195730	    -15.64739947	      5.50415219	     44.72226892	     90.00000001	      0.00000000	      0.00000000	      6.69403981	    -13.86578471	      3.07499751	     36.28354507	     90.00000001	      0.00000000	      0.00000000
      0.35000000	     14.49259819	      4.38236856	      2.94155782	     -2.15634918	      0.88771077	      0.13849893	    -12.40402096	    -10.61343238	    -21.88879153	     60.21412123	     -3.23468921	      1.05093467	      5.60583530	     34.42231776	     -8.41205030	     -3.92856048	      8.97895472	     -9.04983706	     17.78923101	     -5.38163747	      0.31048065	     23.33483629	     25.22085181	     -8.41205030	    -37.73691246	     -3.22515164	      2.04929482	     -2.24789682	    -15.44628958	      6.00621743	     44.46899407	     90.00000001	      0.00000000	      0.00000000	      7.69475616	    -13.83837988	      3.26352889	     36.83183423	     90.00000001	      0.00000000	      0.00000000
      0.36000000	     14.37469570	      4.32849171	      2.70773713	     -2.14541984	      0.88869638	      0.13813713	    -10.01650716	    -10.79862293	    -21.66436073	     61.27433237	     -3.59177339	      1.06943885	      7.77924211	     34.11869792	     -8.39504226	     -5.00833076	      8.94249294	     -8.59970388	     17.02210064	     -5.09885096	      0.29709170	     23.72119483	     24.99450409	     -8.39504226	    -37.77365902	     -3.18360176	      2.07984605	     -2.41776815	    -15.25934410	      6.60838411	     44.20235882	     90.00000001	      0.00000000	      0.00000000	      8.69058446	    -13.85576272	      3.53165308	     37.30386379	     90.00000001	      0.00000000	      0.00000000
      0.37000000	     14.20209604	      4.55987550	      2.60017644	     -2.13458021	      0.88946266	      0.13722355	     -7.68508912	    -11.39333638	    -21.41881939	     62.12751652	     -3.58535590	      1.08432972	     10.10533812	     33.89379271	     -8.32600016	     -6.22373071	      9.40805200	     -7.10945513	     15.95666501	     -4.89264666	      0.27849634	     23.41869762	     23.04177554	     -8.32600016	    -37.75645780	     -3.31930187	      1.79950044	     -2.56434402	    -15.17228260	      7.74448168	     44.03612688	     90.00000001	      0.00000000	      0.00000000	      9.64137611	    -14.06522373	      4.38246496	     37.87950233	     90.00000001	      0.00000000	      0.00000000
      0.38000000	     14.11748490	      4.33071718	      2.48516574	     -2.12354846	      0.89024818	      0.13685245	     -5.45850937	    -11.22831313	    -21.24716726	     62.38703506	     -3.83784205	      1.08885917	     11.59608064	     33.06168018	     -8.31165962	     -7.29580772	      9.17211356	     -6.77189969	     15.25557254	     -4.71091863	      0.26625997	     23.83144544	     23.07486185	     -8.31165962	    -37.78752622	     -3.04312872	      1.86915904	     -2.77252490	    -14.92330798	      7.97426129	     43.87732748	     90.00000001	      0.00000000	      0.00000000	     10.63343076	    -14.01697343	      4.49189883	     38.44977737	     90.00000001	      0.00000000	      0.00000000
      0.39000000	     14.05310879	      4.24551165	      2.40833374	     -2.11231206	      0.89081928	      0.13633530	     -3.38349560	    -11.22578290	    -21.10993156	     62.36246669	     -3.95620550	      1.08843037	     13.39136842	     32.11617621	     -8.29668221	     -8.46394618	      9.16157181	     -6.31198261	     14.43569935	     -4.62316536	      0.25195048	     24.15610362	     23.03732374	     -8.29668221	    -37.79697477	     -2.89424465	      1.77536320	     -2.97652139	    -14.62220541	      8.30780240	     43.74492055	     90.00000001	      0.00000000	      0.00000000	     11.60334132	    -14.03558819	      4.71655278	     38.99902177	     90.00000001	      0.00000000	      0.00000000
      0.40000000	     14.01250404	      4.15432266	      2.38625993	     -2.10106934	      0.89124447	      0.13569717	     -1.43150720	    -11.20045410	    -20.95877515	     62.01977114	     -3.95708394	      1.08244921	     15.06645379	     31.09849660	     -8.28149708	     -9.69673996	      9.17436069	     -5.70386780	     13.53673643	     -4.59514877	      0.23626062	     24.40171868	     22.92075183	     -8.28149708	    -37.82754479	     -2.69377064	      1.64753404	     -3.18149424	    -14.37288166	      8.65545266	     43.64213510	     90.00000001	      0.00000000	      0.00000000	     12.55522639	    -14.10858822	      5.02731628	     39.61495367	     90.00000001	      0.00000000	      0.00000000
      0.41000000	     14.14956426	      4.18289385	      2.45859414	     -2.08965723	      0.89185524	      0.13488134	      0.09645041	    -11.33605393	    -20.52161126	     61.26185147	     -3.40843783	      1.06922101	     16.38475174	     29.78574640	     -8.22668876	    -11.46706433	      9.33848314	     -3.87023121	     12.10430650	     -4.41174390	      0.21126000	     23.95060904	     21.14617481	     -8.22668876	    -38.03505234	     -2.54903709	      1.38844871	     -3.42875174	    -14.17319182	      9.23996812	     43.65113866	     90.00000001	      0.00000000	      0.00000000	     13.49078561	    -14.38754684	      6.04880373	     40.40466655	     90.00000001	      0.00000000	      0.00000000
      0.42000000	     14.04607205	      4.00778709	      2.54912188	     -2.07842933	      0.89178825	      0.13419922	      1.93248087	    -11.15620659	    -20.55565146	     60.26774187	     -3.42212383	      1.05187053	     17.55902041	     28.78932475	     -8.21280283	    -12.48025469	      9.24879105	     -3.50417090	     11.47488465	     -4.54406083	      0.20027452	     24.37617697	     21.22026453	     -8.21280283	    -37.98495838	     -2.22789024	      1.22717761	     -3.60884999	    -13.87762134	      9.37519061	     43.53381874	     90.00000001	      0.00000000	      0.00000000	     14.45030315	    -14.39125631	      6.12328490	     41.00962781	     90.00000001	      0.00000000	      0.00000000
      0.43000000	     14.27348479	      3.83986009	      2.72103272	     -2.06676792	      0.89210093	      0.13356998	      3.08662223	    -10.97348356	    -20.65518642	     58.72012198	     -3.16511030	      1.02485947	     18.48052008	     27.73824331	     -8.18300189	    -14.13452779	      9.06080175	     -2.60933616	     10.38928696	     -4.47632983	      0.18132726	     24.35745344	     21.03218556	     -8.18300189	    -38.24030655	     -1.87349098	      1.01356001	     -3.83378014	    -13.58673380	      9.54784501	     43.49839457	     90.00000001	      0.00000000	      0.00000000	     15.37375261	    -14.53010941	      6.54914036	     41.77577624	     90.00000001	      0.00000000	      0.00000000
      0.44000000	     14.10531323	      3.71409206	      2.81898247	     -2.05565796	      0.89153836	      0.13293195	      4.81329764	    -10.82395961	    -20.70510491	     57.16115574	     -3.11034820	      0.99765037	     19.31356991	     26.95444683	     -8.17070639	    -15.02237924	      9.01333387	     -2.29767591	      9.84884369	     -4.66246189	      0.17189475	     24.82273751	     21.04531836	     -8.17070639	    -38.13990120	     -1.60102976	      0.79502752	     -3.93761227	    -13.30969541	      9.64535197	     43.40207008	     90.00000001	      0.00000000	      0.00000000	     16.33644857	    -14.57911983	      6.66602582	     42.36413373	     90.00000001	      0.00000000	      0.00000000
      0.45000000	     14.37117454	      3.53072161	      3.01830207	     -2.04389774	      0.89147849	      0.13248969	      5.69076942	    -10.55600226	    -21.02726324	     54.98901506	     -2.93820825	      0.95973937	     19.97345018	     26.32014331	     -8.14866568	    -16.70709986	      8.69893412	     -1.57016255	      8.78045647	     -4.52575095	      0.15324788	     24.96448125	     21.13946347	     -8.14866568	    -38.42162656	     -1.24095860	      0.53763881	     -4.07812891	    -12.97714666	      9.68498027	     43.29892378	     90.00000001	      0.00000000	      0.00000000	     17.25786159	    -14.73874566	      7.04126184	     43.07252030	     90.00000001	      0.00000000	      0.00000000
      0.46000000	     14.49416944	      3.36999925	      3.20621239	     -2.03230882	      0.89098415	      0.13198578	      6.68172004	    -10.33874621	    -21.56575429	     52.64284244	     -2.89278882	      0.91879093	     20.34631354	     26.16911024	     -8.12167873	    -18.13721048	      8.45189076	     -1.00914567	      7.86837415	     -4.51665622	      0.13732904	     25.04529167	     21.07547225	     -8.12167873	    -38.56731264	     -0.90137523	      0.32850210	     -4.23676365	    -12.68872403	      9.65610949	     43.25146529	     90.00000001	      0.00000000	      0.00000000	     18.20251439	    -14.85975254	      7.40778284	     43.73602937	     90.00000001	      0.00000000	      0.00000000
      0.47000000	     14.54842851	      3.24729867	      3.35064166	     -2.02071850	      0.89014378	      0.13159887	      7.67974351	    -10.15737708	    -22.09940684	     50.11560541	     -2.79894083	      0.87468232	     20.61324013	     26.29395889	     -8.09526919	    -19.47199751	      8.23822214	     -0.64292479	      6.98413428	     -4.52209740	      0.12189614	     25.28735461	     21.26635294	     -8.09526919	    -38.64552397	     -0.63528510	      0.11423455	     -4.33688898	    -12.38445321	      9.60821309	     43.14128492	     90.00000001	      0.00000000	      0.00000000	     19.13914611	    -14.96491739	      7.68101627	     44.34400793	     90.00000001	      0.00000000	      0.00000000
      0.48000000	     14.61675163	      3.17741156	      3.50822439	     -2.00901571	      0.88911095	      0.13134592	      8.54173499	     -9.99842171	    -22.66374775	     47.38373592	     -2.65384592	      0.82700220	     20.63913954	     26.69591498	     -8.06945289	    -20.83877806	      8.00286113	     -0.49743579	      6.07611859	     -4.44694208	      0.10604828	     25.51866518	     21.68596024	     -8.06945289	    -38.73164125	     -0.44127269	     -0.14547080	     -4.44535839	    -12.04683999	      9.54664722	     43.05744294	     90.00000001	      0.00000000	      0.00000000	     20.08560292	    -15.10696481	      7.93419213	     44.91201966	     90.00000001	      0.00000000	      0.00000000
      0.49000000	     14.60399922	      3.17489325	      3.57180084	     -1.99740120	      0.88773084	      0.13102251	      9.45504414	     -9.94220357	    -23.08550564	     44.57464442	     -2.33402302	      0.77797431	     20.39551682	     27.22839651	     -8.04812580	    -22.08312985	      7.88092128	     -0.52548449	      5.22282631	     -4.36731081	      0.09115552	     25.84121218	     22.29246370	     -8.04812580	    -38.74069161	     -0.32742067	     -0.40231120	     -4.48317490	    -11.78672024	      9.47073128	     42.94670091	     90.00000001	      0.00000000	      0.00000000	     20.98844816	    -15.20241789	      8.16614087	     45.42398516	     90.00000001	      0.00000000	      0.00000000
      0.50000000	     14.54314067	      3.21265677	      3.63281469	     -1.98572056	      0.88606275	      0.13079527	     10.33278386	     -9.93878251	    -23.47049579	     41.68468292	     -1.86153892	      0.72753496	     19.81819565	     27.91685070	     -8.03014025	    -23.27795091	      7.78629821	     -0.71763312	      4.37443772	     -4.27704344	      0.07634834	     26.17719840	     23.05270615	     -8.03014025	    -38.70399791	     -0.27552740	     -0.65589174	     -4.53988230	    -11.51256090	      9.39010040	     42.86924460	     90.00000001	      0.00000000	      0.00000000	     21.90480003	    -15.30237770	      8.40131170	     45.92490113	     90.00000001	      0.00000000	      0.00000000
      0.51000000	     14.52250887	      3.23961786	      3.69476028	     -1.97383525	      0.88422832	      0.13073374	     11.05494059	     -9.88052612	    -24.11329179	     38.70678422	     -1.46576506	      0.67556083	     18.97820414	     28.82256189	     -8.00829842	    -24.47088454	      7.63635478	     -1.17748404	      3.62802156	     -4.14292707	      0.06332092	     26.47419059	     24.07228257	     -8.00829842	    -38.67923175	     -0.22834273	     -0.88629102	     -4.63620865	    -11.24779818	      9.25615589	     42.90120938	     90.00000001	      0.00000000	      0.00000000	     22.77392799	    -15.43518493	      8.69918638	     46.41461637	     90.00000001	      0.00000000	      0.00000000
      0.52000000	     14.12084858	      3.64213148	      3.60353433	     -1.96242158	      0.88160316	      0.13047084	     12.37378236	    -10.33217458	    -24.05359536	     36.19327316	     -0.71519335	      0.63169178	     18.06556493	     29.15462487	     -7.99962757	    -25.13821065	      8.10980870	     -1.53180055	      3.13910239	     -4.27141812	      0.05478767	     26.99106470	     24.55217899	     -7.99962757	    -38.33343852	     -0.62061528	     -1.27842944	     -4.62963293	    -11.01564535	      9.22868082	     42.89344580	     90.00000001	      0.00000000	      0.00000000	     23.64521424	    -15.54629693	      8.80090891	     46.79974149	     90.00000001	      0.00000000	      0.00000000
      0.53000000	     14.26708766	      3.51639201	      3.75890861	     -1.95014242	      0.87977378	      0.13057289	     12.56230576	    -10.08775667	    -24.98753810	     32.96398899	     -0.11298524	      0.57533014	     16.38053467	     30.41751207	     -7.98153502	    -26.45152985	      7.61000983	     -2.33028274	      2.53148630	     -3.83777180	      0.04418277	     27.18283058	     26.13842559	     -7.98153502	    -38.46156703	     -0.38863645	     -1.42495541	     -4.75879618	    -10.78021031	      9.00547815	     43.00353298	     90.00000001	      0.00000000	      0.00000000	     24.49404658	    -15.66649273	      9.23643758	     47.30667507	     90.00000001	      0.00000000	      0.00000000
      0.54000000	     14.10838178	      3.66597747	      3.78969810	     -1.93805981	      0.87720024	      0.13056091	     13.25709653	    -10.19339900	    -25.85270371	     30.28425749	      0.38032300	      0.52856000	     14.90735094	     31.74281678	     -7.95579151	    -27.20522118	      7.59723703	     -3.48358012	      2.38383651	     -3.67757604	      0.04160580	     27.90255358	     27.86336157	     -7.95579151	    -38.29683577	     -0.48698094	     -1.66670484	     -4.85781518	    -10.57554752	      8.81098731	     43.14130190	     90.00000001	      0.00000000	      0.00000000	     25.29238530	    -15.78533244	      9.60639309	     47.73519719	     90.00000001	      0.00000000	      0.00000000
      0.55000000	     13.89697506	      3.88484756	      3.78544182	     -1.92596054	      0.87449560	      0.13056368	     13.94517655	    -10.36917475	    -26.56435055	     27.80351519	      0.97871853	      0.48526288	     13.43669518	     32.70794073	     -7.92732802	    -27.85499279	      7.70185061	     -4.45072394	      2.37342828	     -3.56946287	      0.04142414	     28.48805919	     29.28559957	     -7.92732802	    -38.09215477	     -0.66971135	     -1.92144116	     -4.93417039	    -10.40328709	      8.67366393	     43.29998391	     90.00000001	      0.00000000	      0.00000000	     26.05136855	    -15.87689440	      9.87046559	     48.14327544	     90.00000001	      0.00000000	      0.00000000
      0.56000000	     13.63361656	      4.11106844	      3.80501329	     -1.91380037	      0.87170535	      0.13050405	     14.59501919	    -10.54049360	    -27.29497136	     25.51403783	      1.56451988	      0.44530397	     11.92813338	     33.44073167	     -7.91158612	    -28.41629242	      7.84329719	     -5.08989741	      2.47325128	     -3.53381082	      0.04316638	     28.90187764	     30.06467480	     -7.91158612	    -37.83559437	     -0.84166842	     -2.19870308	     -4.98257073	    -10.26462800	      8.57536306	     43.44165136	     90.00000001	      0.00000000	      0.00000000	     26.74148254	    -15.94615970	     10.08210281	     48.54069550	     90.00000001	      0.00000000	      0.00000000
      0.57000000	     13.26221185	      4.47085759	      3.81339068	     -1.90166045	      0.86875141	      0.13027181	     15.32413002	    -10.89417832	    -27.86959523	     23.59609158	      2.18913944	      0.41182949	     10.80257163	     34.05418076	     -7.90441461	    -28.80022121	      8.22201844	     -5.41556226	      2.72519762	     -3.68678043	      0.04756367	     29.32905992	     30.52848299	     -7.90441461	    -37.48277393	     -1.13231925	     -2.53400025	     -5.01439692	    -10.16673417	      8.51365291	     43.60496304	     90.00000001	      0.00000000	      0.00000000	     27.37551932	    -15.97886552	     10.19998561	     48.91301843	     90.00000001	      0.00000000	      0.00000000
      0.58000000	     13.05578260	      4.52718209	      3.86266584	     -1.88910000	      0.86609623	      0.13056018	     15.73913251	    -10.73238126	    -29.18328841	     21.81968333	      2.28319987	      0.38082532	      9.73398773	     35.01874719	     -7.88640880	    -29.12199367	      8.09522844	     -6.56405319	      3.42310913	     -3.63170218	      0.05974453	     30.00124815	     31.69139809	     -7.88640880	    -37.26167094	     -1.14999191	     -2.67954608	     -5.06028399	    -10.05630056	      8.39933178	     43.71902031	     90.00000001	      0.00000000	      0.00000000	     27.94728602	    -16.03051568	     10.45281066	     49.31184908	     90.00000001	      0.00000000	      0.00000000
      0.59000000	     12.63838220	      4.84335000	      3.91509821	     -1.87665735	      0.86325067	      0.13033269	     16.34129806	    -10.96347182	    -29.77755920	     20.50852747	      2.65766209	      0.35794133	      9.17977090	     35.33981188	     -7.87816640	    -29.29573245	      8.43934418	     -6.76430773	      4.02886520	     -3.92368571	      0.07031696	     30.42994105	     32.02564968	     -7.87816640	    -36.85362591	     -1.37447759	     -2.99807106	     -5.07754087	    -10.00766670	      8.38647118	     43.84014073	     90.00000001	      0.00000000	      0.00000000	     28.42023557	    -16.01320298	     10.47668075	     49.63171321	     90.00000001	      0.00000000	      0.00000000
      0.60000000	     12.42350957	      4.83981818	      3.97688705	     -1.86365550	      0.86078953	      0.13063891	     16.65433217	    -10.70727680	    -31.24722994	     19.54255551	      2.46532637	      0.34108194	      8.58044868	     36.27740989	     -7.86199003	    -29.40728244	      8.22071229	     -7.98845022	      5.19540523	     -3.95457951	      0.09067693	     31.04675938	     33.02260513	     -7.86199003	    -36.58440334	     -1.30949367	     -3.10533868	     -5.10394881	     -9.99173198	      8.36604932	     43.90297747	     90.00000001	      0.00000000	      0.00000000	     28.77302274	    -16.01007585	     10.56751962	     50.04557035	     90.00000001	      0.00000000	      0.00000000
      0.61000000	     11.97635137	      5.05212729	      3.90102976	     -1.85080428	      0.85824639	      0.13071250	     17.27606379	    -10.71891401	    -31.51895065	     19.13299142	      2.51897160	      0.33393370	      8.54659919	     36.01028066	     -7.85929297	    -29.50993100	      8.46105923	     -8.03848615	      5.92775166	     -4.18975993	      0.10345878	     31.04303949	     32.90394963	     -7.85929297	    -36.11499420	     -1.48939654	     -3.19117344	     -5.11446055	    -10.02045750	      8.36253861	     43.92732920	     90.00000001	      0.00000000	      0.00000000	     29.07092327	    -15.88398754	     10.54817721	     50.29127281	     90.00000001	      0.00000000	      0.00000000
      0.62000000	     11.84152103	      4.91064499	      4.15836068	     -1.83743820	      0.85647414	      0.13083412	     17.25949032	    -10.35319161	    -32.94321017	     18.76117811	      2.16691662	      0.32744433	      7.88628548	     37.01356737	     -7.84847793	    -29.56383108	      8.04122905	     -8.89803224	      7.40524641	     -4.43953395	      0.12924593	     31.64258076	     33.62456833	     -7.84847793	    -35.92385616	     -1.16191415	     -3.39126782	     -5.05629810	    -10.05954430	      8.37526908	     43.92237130	     90.00000001	      0.00000000	      0.00000000	     29.20513922	    -15.86220662	     10.45155741	     50.72202238	     90.00000001	      0.00000000	      0.00000000
      0.63000000	     11.47759069	      4.91617747	      4.15701252	     -1.82415576	      0.85467837	      0.13099493	     17.65720048	    -10.09653714	    -32.87653353	     18.95174566	      1.93418031	      0.33077036	      7.71865640	     36.81335047	     -7.84589447	    -29.61696873	      8.02720381	     -8.88488462	      8.39843765	     -4.77638486	      0.14658039	     31.47144817	     33.54181361	     -7.84589447	    -35.50874893	     -1.08103406	     -3.41970922	     -5.00190227	    -10.15082425	      8.34590522	     43.88899564	     90.00000001	      0.00000000	      0.00000000	     29.30354415	    -15.72257791	     10.42674747	     50.89705051	     90.00000001	      0.00000000	      0.00000000
      0.64000000	     11.31947671	      4.64781873	      4.24932651	     -1.81025760	      0.85345140	      0.13141657	     17.78397309	     -9.59090348	    -33.81355651	     19.59320687	      1.26940455	      0.34196597	      7.25432907	     37.22291235	     -7.83947298	    -29.63636707	      7.48200669	     -9.72975158	      9.91661436	     -4.94724825	      0.17307757	     31.30352683	     33.66947533	     -7.83947298	    -35.23666942	     -0.69033294	     -3.41309095	     -4.94033721	    -10.23506032	      8.31464614	     43.80720611	     90.00000001	      0.00000000	      0.00000000	     29.17885573	    -15.61237322	     10.20907979	     51.20891452	     90.00000001	      0.00000000	      0.00000000
      0.65000000	     11.18680665	      4.25113261	      4.33269891	     -1.79622350	      0.85267150	      0.13192843	     17.87389053	     -8.89060122	    -34.28159673	     20.38927463	      0.43277208	      0.35585997	      6.93671551	     37.72811462	     -7.82549793	    -29.65894363	      6.82002254	    -10.41142540	     11.41496753	     -5.19099006	      0.19922877	     31.14370948	     34.48927417	     -7.82549793	    -34.98154975	     -0.16091908	     -3.32134215	     -4.84836810	    -10.38473799	      8.27931045	     43.79330487	     90.00000001	      0.00000000	      0.00000000	     28.96891163	    -15.44136782	      9.94070366	     51.41083829	     90.00000001	      0.00000000	      0.00000000
      0.66000000	     11.01042107	      3.84560722	      4.34404626	     -1.78202536	      0.85226421	      0.13242192	     18.10331688	     -8.24352212	    -34.27275635	     21.64112237	     -0.43333702	      0.37770884	      6.78416715	     37.75298937	     -7.81311974	    -29.67372610	      6.21449885	    -10.74965647	     12.85011459	     -5.40452199	      0.22427681	     30.35101582	     34.44168426	     -7.81311974	    -34.67364538	      0.36795855	     -3.14243959	     -4.74210191	    -10.60265994	      8.17442316	     43.69858796	     90.00000001	      0.00000000	      0.00000000	     28.64093693	    -15.24140199	      9.71921784	     51.58397513	     90.00000001	      0.00000000	      0.00000000
      0.67000000	     10.86384690	      3.39452037	      4.26529398	     -1.76766592	      0.85234252	      0.13311763	     18.33201609	     -7.56067641	    -33.81645740	     23.13460215	     -1.24810586	      0.40377498	      6.73176200	     37.46131933	     -7.80875347	    -29.68383422	      5.57889863	    -10.94540246	     14.35815533	     -5.55383605	      0.25059709	     29.20386476	     34.00469760	     -7.80875347	    -34.39236020	      0.90135678	     -2.87449826	     -4.58723258	    -10.83257598	      8.05745027	     43.55448762	     90.00000001	      0.00000000	      0.00000000	     28.21835552	    -15.05901633	      9.60182851	     51.68994673	     90.00000001	      0.00000000	      0.00000000
      0.68000000	     10.76574838	      2.85173755	      4.25149229	     -1.75312718	      0.85292650	      0.13382748	     18.43670417	     -6.83201328	    -33.09992840	     24.71067905	     -1.93276215	      0.43128271	      6.84466769	     37.20040095	     -7.80551000	    -29.69539825	      4.86178733	    -10.91568347	     15.88281225	     -5.79119644	      0.27720737	     27.99247799	     33.66085114	     -7.80551000	    -34.15559705	      1.55834760	     -2.63791906	     -4.41699176	    -11.08733410	      7.92200009	     43.44715751	     90.00000001	      0.00000000	      0.00000000	     27.70447588	    -14.90912082	      9.48403655	     51.72799495	     90.00000001	      0.00000000	      0.00000000
      0.69000000	     10.78046361	      2.17565879	      4.17582780	     -1.73791175	      0.85392842	      0.13491694	     18.37561227	     -5.94534832	    -32.68503481	     26.44476898	     -2.74681119	      0.46154829	      7.90349738	     36.73711882	     -7.79970088	    -29.68545900	      3.88737548	    -11.52279394	     17.71073868	     -5.95625860	      0.30911070	     25.72738610	     33.22757355	     -7.79970088	    -33.93190706	      2.29597610	     -2.31058773	     -4.29274982	    -11.29055876	      7.74540070	     43.40570806	     90.00000001	      0.00000000	      0.00000000	     26.92092834	    -14.72983812	      9.17892008	     51.79623048	     90.00000001	      0.00000000	      0.00000000
      0.70000000	     10.88183965	      1.46769426	      4.10723209	     -1.72269473	      0.85548563	      0.13599983	     18.00679584	     -5.06473074	    -31.77248519	     27.93234842	     -3.04462436	      0.48751145	      8.80391391	     36.15759207	     -7.79476176	    -29.67624285	      2.84557914	    -11.89865939	     19.64191854	     -6.02832497	      0.34281615	     23.54818118	     32.90722344	     -7.79476176	    -33.82292694	      3.07486077	     -1.96758086	     -4.16780521	    -11.58099576	      7.57928817	     43.31927613	     90.00000001	      0.00000000	      0.00000000	     26.15795391	    -14.57989822	      8.99510301	     51.79249732	     90.00000001	      0.00000000	      0.00000000
      0.71000000	     11.06718336	      0.66409709	      3.97384554	     -1.70754222	      0.85763495	      0.13735235	     17.27335327	     -3.97028144	    -29.77948677	     28.97569927	     -2.61440812	      0.50572136	      9.68508138	     34.21279186	     -7.78056226	    -29.65751432	      1.72606945	    -12.24509130	     21.64629487	     -6.11802881	      0.37779912	     21.14209130	     32.34052692	     -7.78056226	    -33.83093093	      3.89827882	     -1.53030308	     -3.96643770	    -11.86569695	      7.46214612	     43.28628136	     90.00000001	      0.00000000	      0.00000000	     25.34802940	    -14.42312938	      8.81246470	     51.69070750	     90.00000001	      0.00000000	      0.00000000
      0.72000000	     11.35556734	     -0.13280494	      3.88667515	     -1.69236060	      0.86025979	      0.13877270	     16.18363119	     -2.87634588	    -27.93910807	     29.62872246	     -1.99648340	      0.51711876	     10.53718687	     32.36825857	     -7.76680208	    -29.62154602	      0.56497474	    -12.45947170	     23.76617356	     -6.18074719	      0.41479798	     18.56077086	     31.45004863	     -7.76680208	    -33.94793682	      4.70941703	     -1.11099396	     -3.78063118	    -12.14245482	      7.40994283	     43.27008941	     90.00000001	      0.00000000	      0.00000000	     24.52339760	    -14.32125574	      8.80030657	     51.54055532	     90.00000001	      0.00000000	      0.00000000
      0.73000000	     11.73491769	     -0.82684503	      3.84995091	     -1.67716494	      0.86317657	      0.14012195	     14.82068544	     -1.94507006	    -27.00902370	     30.00211261	     -1.59656680	      0.52363565	     11.63196317	     31.75941652	     -7.76281812	    -29.55065788	     -0.47615905	    -12.60526125	     25.91537909	     -6.39284904	      0.45230869	     15.99494562	     30.67077324	     -7.76281812	    -34.14924308	      5.41821550	     -0.79076414	     -3.59220788	    -12.39562207	      7.35162527	     43.30750773	     90.00000001	      0.00000000	      0.00000000	     23.67861825	    -14.27629192	      8.82839103	     51.33620640	     90.00000001	      0.00000000	      0.00000000
      0.74000000	     12.20201117	     -1.60537755	      3.72978254	     -1.66243831	      0.86663354	      0.14163311	     13.06013656	     -0.75507612	    -24.90814387	     29.65785413	     -0.52532256	      0.51762720	     12.10115055	     29.30548493	     -7.74424664	    -29.43958923	     -1.59454518	    -12.64542687	     28.09748574	     -6.44957651	      0.49039364	     13.95392599	     29.70211867	     -7.74424664	    -34.54101664	      6.16217860	     -0.28182215	     -3.35063522	    -12.73668893	      7.40833580	     43.40980507	     90.00000001	      0.00000000	      0.00000000	     22.91519197	    -14.17650943	      8.89608731	     51.07726403	     90.00000001	      0.00000000	      0.00000000
      0.75000000	     12.69672804	     -2.09928117	      3.72411398	     -1.64774189	      0.87003858	      0.14276988	     11.19533929	     -0.02294121	    -24.45979090	     29.24813460	     -0.11215710	      0.51047625	     12.99969107	     29.41659169	     -7.74112071	    -29.15365896	     -2.40943268	    -12.69646961	     30.33061225	     -6.76520485	      0.52936905	     12.27187573	     28.98567301	     -7.74112071	    -34.92640702	      6.66417383	     -0.04849673	     -3.12246200	    -12.99628224	      7.37447756	     43.59235981	     90.00000001	      0.00000000	      0.00000000	     22.12234773	    -14.16573776	      8.96558490	     50.75037781	     90.00000001	      0.00000000	      0.00000000
      0.76000000	     13.13626027	     -2.49854212	      3.73452817	     -1.63352934	      0.87345725	      0.14389443	      9.26943370	      0.66303596	    -24.04894216	     28.49397043	      0.29430984	      0.49731360	     13.68696451	     29.40017261	     -7.73696203	    -28.54938206	     -3.12840027	    -12.73316723	     32.72432345	     -7.14804313	      0.57114719	     11.22446351	     28.18140167	     -7.73696203	    -35.31739818	      7.04999104	      0.17685607	     -2.86460253	    -13.25210959	      7.35420175	     43.83709151	     90.00000001	      0.00000000	      0.00000000	     21.41215716	    -14.14715748	      9.05366627	     50.39712578	     90.00000001	      0.00000000	      0.00000000
      0.77000000	     13.50211500	     -3.05477400	      3.82657995	     -1.61965303	      0.87671117	      0.14524576	      7.32264731	      1.70461630	    -23.98250643	     27.27104785	      0.34085229	      0.47596958	     14.05679114	     29.65711332	     -7.73036857	    -27.58724043	     -4.13403819	    -13.03451750	     35.30903782	     -7.58284097	      0.61625897	     10.94310664	     27.60102165	     -7.73036857	    -35.67044027	      7.57474778	      0.50732451	     -2.61943741	    -13.50980950	      7.34852555	     44.12593762	     90.00000001	      0.00000000	      0.00000000	     20.74832008	    -14.12928733	      9.23349267	     50.03008009	     90.00000001	      0.00000000	      0.00000000
      0.78000000	     13.63778451	     -3.31959482	      3.96840655	     -1.60637503	      0.87952899	      0.14618235	      5.67935200	      2.27833968	    -24.21340990	     26.20522497	      0.42380152	      0.45736746	     14.52962923	     30.27001834	     -7.72373618	    -26.04619867	     -4.79335862	    -13.45182766	     38.05758135	     -8.32205984	      0.66423010	     11.16661098	     27.22858184	     -7.72373618	    -35.83065192	      7.84637771	      0.62017953	     -2.31418357	    -13.72935246	      7.25332419	     44.45305936	     90.00000001	      0.00000000	      0.00000000	     20.13597589	    -14.11887103	      9.35633768	     49.59138676	     90.00000001	      0.00000000	      0.00000000
      0.79000000	     13.70489729	     -3.45923680	      4.19157576	     -1.59336970	      0.88203789	      0.14698023	      4.14423475	      2.68434955	    -25.17693544	     25.17101882	      0.23130922	      0.43931715	     14.90819055	     31.75556023	     -7.71138388	    -24.22000617	     -5.34218866	    -14.09162736	     40.73606293	     -9.31506740	      0.71097842	     11.85978055	     27.29616535	     -7.71138388	    -35.93082962	      8.00975238	      0.64404733	     -2.02188284	    -13.90040245	      7.03717660	     44.82511854	     90.00000001	      0.00000000	      0.00000000	     19.57508200	    -14.13428809	      9.49727487	     49.13868974	     90.00000001	      0.00000000	      0.00000000
      0.80000000	     13.74325651	     -3.38238883	      4.38520104	     -1.58071788	      0.88453628	      0.14746795	      2.59491207	      2.81471169	    -25.44935174	     24.11739175	      0.43172269	      0.42092789	     15.51918000	     32.37917493	     -7.70638016	    -22.30858345	     -5.53190120	    -14.37567772	     43.12761387	    -10.19049569	      0.75271886	     12.59210385	     26.56990712	     -7.70638016	    -36.05784241	      7.96946564	      0.58053315	     -1.67800842	    -14.11853473	      6.90151715	     45.21865762	     90.00000001	      0.00000000	      0.00000000	     19.04764443	    -14.11187213	      9.53155122	     48.65268450	     90.00000001	      0.00000000	      0.00000000
      0.81000000	     13.75080893	     -3.36547586	      4.64252843	     -1.56823597	      0.88675011	      0.14827055	      1.15449702	      3.10336649	    -26.34937501	     23.05420818	      0.24659562	      0.40237184	     15.86872108	     33.68332717	     -7.69930078	    -20.20471016	     -5.88756410	    -14.75079404	     45.46487125	    -10.98965349	      0.79351170	     13.75530404	     25.96748078	     -7.69930078	    -36.14784328	      7.95513954	      0.55311511	     -1.33851507	    -14.24799215	      6.70780976	     45.62043647	     90.00000001	      0.00000000	      0.00000000	     18.58431086	    -14.11923734	      9.58838699	     48.13307801	     90.00000001	      0.00000000	      0.00000000
      0.82000000	     13.77379708	     -3.15109120	      4.92461306	     -1.55585823	      0.88888468	      0.14857256	     -0.33969167	      3.07171578	    -26.95128059	     22.05757093	      0.38143852	      0.38497724	     16.35535423	     34.63408792	     -7.69334478	    -18.11867491	     -5.86785366	    -15.00988599	     47.37657858	    -11.86372041	      0.82687728	     14.86058674	     25.23808578	     -7.69334478	    -36.27506915	      7.81085693	      0.39906271	     -0.97676814	    -14.43232010	      6.55103496	     46.05485946	     90.00000001	      0.00000000	      0.00000000	     18.10265036	    -14.12221910	      9.62464945	     47.61893958	     90.00000001	      0.00000000	      0.00000000
      0.83000000	     13.82086254	     -2.74892134	      5.19826633	     -1.54365801	      0.89101211	      0.14866190	     -1.86812458	      2.75528472	    -27.11218697	     21.16901966	      0.85033830	      0.36946909	     16.82623568	     34.86830758	     -7.69014100	    -16.05880548	     -5.50737389	    -15.23089956	     48.86499007	    -12.76563160	      0.85285497	     15.76596390	     24.54408483	     -7.69014100	    -36.45725768	      7.48263514	      0.14589344	     -0.59713989	    -14.60866122	      6.45742015	     46.49591406	     90.00000001	      0.00000000	      0.00000000	     17.62889894	    -14.13944374	      9.63466092	     47.15467939	     90.00000001	      0.00000000	      0.00000000
      0.84000000	     13.77624620	     -2.56782183	      5.45046474	     -1.53156466	      0.89267426	      0.14926936	     -3.15651203	      2.84569272	    -27.62308927	     20.27641086	      0.82871377	      0.35389013	     17.21907400	     35.70270612	     -7.68417796	    -13.82967174	     -5.49776085	    -15.23533209	     50.36926022	    -13.16264082	      0.87910943	     17.14190778	     23.47899349	     -7.68417796	    -36.54416432	      7.30066816	      0.10211050	     -0.23941289	    -14.80807546	      6.42627218	     46.90966303	     90.00000001	      0.00000000	      0.00000000	     17.19399557	    -14.12698592	      9.60888628	     46.63409882	     90.00000001	      0.00000000	      0.00000000
      0.85000000	     13.74864826	     -2.17098875	      5.67762961	     -1.51954861	      0.89426565	      0.14941971	     -4.49738601	      2.55270730	    -27.60533149	     19.51849684	      1.25396093	      0.34066203	     17.70459881	     35.83149007	     -7.68017933	    -11.68407929	     -5.04630609	    -15.29284084	     51.36155479	    -13.71195623	      0.89642824	     18.13590314	     22.62199678	     -7.68017933	    -36.67002524	      6.95180037	     -0.06920706	      0.15111058	    -15.03588822	      6.40895702	     47.33382345	     90.00000001	      0.00000000	      0.00000000	     16.70488465	    -14.13611986	      9.59237634	     46.21106919	     90.00000001	      0.00000000	      0.00000000
      0.86000000	     13.69307462	     -1.81128392	      5.86210503	     -1.50758250	      0.89557325	      0.14966920	     -5.75812210	      2.31025832	    -27.37840241	     18.82297251	      1.69464329	      0.32852285	     18.17511008	     35.73938139	     -7.67716253	     -9.52894282	     -4.58719456	    -15.32957009	     52.09596109	    -14.12518391	      0.90924605	     19.10317694	     21.81490611	     -7.67716253	    -36.77398798	      6.60939379	     -0.18596702	      0.55646752	    -15.26805681	      6.41940628	     47.78115446	     90.00000001	      0.00000000	      0.00000000	     16.19060023	    -14.15518980	      9.56633974	     45.82392243	     90.00000001	      0.00000000	      0.00000000
      0.87000000	     13.65517223	     -1.58164627	      5.96065925	     -1.49564184	      0.89665388	      0.15023836	     -6.96881928	      2.30333809	    -27.13779762	     18.08916598	      1.90103224	      0.31571551	     18.64380058	     35.89885765	     -7.67070789	     -7.46256155	     -4.28689013	    -15.00377938	     52.65235782	    -13.98320099	      0.91895700	     20.23047573	     20.35021107	     -7.67070789	    -36.89802029	      6.33045293	     -0.12152382	      0.94545245	    -15.62028797	      6.67691046	     48.24436743	     90.00000001	      0.00000000	      0.00000000	     15.67248382	    -14.13230787	      9.40731839	     45.45195274	     90.00000001	      0.00000000	      0.00000000
      0.88000000	     13.58271986	     -1.29544275	      6.00365313	     -1.48367841	      0.89745776	      0.15060893	     -8.13451848	      2.13838907	    -26.64273509	     17.47142185	      2.31375602	      0.30493384	     19.13874468	     35.65835918	     -7.66739682	     -5.41976731	     -3.81934532	    -15.05010362	     52.79107527	    -14.11322015	      0.92137808	     21.05820252	     19.55979984	     -7.66739682	    -36.98845155	      6.00387526	     -0.06806237	      1.36017221	    -15.92634723	      6.71943933	     48.67554958	     90.00000001	      0.00000000	      0.00000000	     15.08518112	    -14.12937128	      9.36030969	     45.18355870	     90.00000001	      0.00000000	      0.00000000
      0.89000000	     13.63342448	     -1.09970169	      5.89943940	     -1.47151827	      0.89818212	      0.15126558	     -9.45356134	      2.14917789	    -25.87015474	     16.70344381	      2.62935147	      0.29153009	     19.62656834	     35.40673970	     -7.66260704	     -3.65958590	     -3.48681706	    -15.04806522	     52.60601733	    -13.90631126	      0.91814821	     21.89575044	     18.46990544	     -7.66260704	    -37.18922143	      5.68607930	      0.18482951	      1.74540217	    -16.34905557	      6.96830492	     49.17435040	     90.00000001	      0.00000000	      0.00000000	     14.45920900	    -14.08359935	      9.18829762	     44.97195785	     90.00000001	      0.00000000	      0.00000000
      0.90000000	     13.69709558	     -0.91789874	      5.75592155	     -1.45930423	      0.89871374	      0.15186440	    -10.82031435	      2.16487335	    -24.86872370	     15.84826593	      3.00840873	      0.27660442	     19.97343770	     34.85481733	     -7.65589733	     -1.99535370	     -3.12626152	    -15.11844852	     52.09896757	    -13.70975119	      0.90929852	     22.48411644	     17.50013024	     -7.65589733	    -37.39317055	      5.37505613	      0.45409555	      2.14551513	    -16.80246606	      7.25954934	     49.68001333	     90.00000001	      0.00000000	      0.00000000	     13.77421123	    -14.02931701	      8.95391546	     44.83099818	     90.00000001	      0.00000000	      0.00000000
      0.91000000	     13.80201357	     -0.79310738	      5.52397249	     -1.44696166	      0.89902476	      0.15256170	    -12.24999256	      2.23572400	    -23.64725836	     14.93327688	      3.40144961	      0.26063485	     20.31166658	     34.12802468	     -7.64750542	     -0.47070462	     -2.85392754	    -15.42132221	     51.28599008	    -13.52973441	      0.89510939	     23.03643106	     16.77179991	     -7.64750542	    -37.61477968	      5.07729295	      0.83602881	      2.53349351	    -17.26702795	      7.49497292	     50.15055215	     90.00000001	      0.00000000	      0.00000000	     13.05329315	    -13.95988820	      8.70574875	     44.72568074	     90.00000001	      0.00000000	      0.00000000
      0.92000000	     13.93375289	     -0.69605416	      5.21077148	     -1.43452765	      0.89912476	      0.15335934	    -13.69802194	      2.34727840	    -22.40921421	     13.99729004	      3.66182553	      0.24429880	     20.67757192	     33.50796323	     -7.64120226	      0.91601784	     -2.63395517	    -15.85328161	     50.16299501	    -13.30039694	      0.87550943	     23.48261245	     16.17334124	     -7.64120226	    -37.84904271	      4.76231228	      1.32287632	      2.89818890	    -17.73889894	      7.64414417	     50.61406661	     90.00000001	      0.00000000	      0.00000000	     12.32047144	    -13.87816249	      8.46692267	     44.65720280	     90.00000001	      0.00000000	      0.00000000
      0.93000000	     13.87294638	     -0.67001189	      4.95893465	     -1.42229312	      0.89866048	      0.15413493	    -14.82478843	      2.52556142	    -21.54011198	     13.26970415	      3.73227565	      0.23160003	     21.27441588	     33.21710548	     -7.63859575	      2.55521403	     -2.46271812	    -16.21492309	     48.97116239	    -13.09399060	      0.85470802	     24.00421197	     15.56609424	     -7.63859575	    -37.87534846	      4.52580467	      1.81339021	      3.28845512	    -18.14713163	      7.63152889	     50.92103509	     90.00000001	      0.00000000	      0.00000000	     11.60803311	    -13.80886719	      8.34709474	     44.55659641	     90.00000001	      0.00000000	      0.00000000
      0.94000000	     14.20257863	     -0.64243868	      4.50864869	     -1.40949618	      0.89863501	      0.15497635	    -16.74175991	      2.66893426	    -19.23066839	     11.81177900	      4.31135795	      0.20615443	     21.20958736	     31.35516300	     -7.62763451	      3.46784548	     -2.38808756	    -17.03417929	     47.17803221	    -12.85418582	      0.82341200	     24.18096146	     15.51400092	     -7.62763451	    -38.26106244	      4.22566426	      2.39167575	      3.67968792	    -18.68426003	      7.93956232	     51.34992305	     90.00000001	      0.00000000	      0.00000000	     10.77042425	    -13.65983696	      7.75468653	     44.55159109	     90.00000001	      0.00000000	      0.00000000
      0.95000000	     14.25744295	     -0.62988226	      4.17785352	     -1.39705015	      0.89789482	      0.15568355	    -18.11325100	      2.80127643	    -18.27222699	     10.85584385	      4.40776928	      0.18947022	     21.62890566	     31.16561883	     -7.62396195	      4.73743402	     -2.29276234	    -17.47944215	     45.42447279	    -12.42174008	      0.79280661	     24.29549260	     15.07266728	     -7.62396195	    -38.37681164	      3.98253429	      2.96810453	      4.02337237	    -19.12295656	      7.87866905	     51.64472354	     90.00000001	      0.00000000	      0.00000000	     10.03670672	    -13.53536041	      7.49897320	     44.48957722	     90.00000001	      0.00000000	      0.00000000
      0.96000000	     14.12472540	     -0.74117765	      3.97234428	     -1.38491495	      0.89667207	      0.15636288	    -19.13768855	      3.12922612	    -17.64550733	     10.14864232	      4.27986821	      0.17712722	     22.02602583	     30.88707448	     -7.62174652	      6.23641267	     -2.26819639	    -17.66629226	     43.54021575	    -12.01058389	      0.75992012	     24.31324683	     14.81732677	     -7.62174652	    -38.30875942	      3.89776209	      3.48593423	      4.42311875	    -19.51451481	      7.80518220	     51.86183476	     90.00000001	      0.00000000	      0.00000000	      9.33107944	    -13.44354018	      7.29134684	     44.41438474	     90.00000001	      0.00000000	      0.00000000
      0.97000000	     14.15737039	     -0.80908971	      3.71011592	     -1.37239600	      0.89546759	      0.15697826	    -20.55950684	      3.35582693	    -16.75998257	      9.06495626	      4.34942728	      0.15821333	     22.36886195	     30.75601918	     -7.61944220	      7.34742068	     -2.23614333	    -17.88990909	     41.31499851	    -11.43584752	      0.72108275	     24.16208234	     14.80493060	     -7.61944220	    -38.36249379	      3.75576518	      4.00964859	      4.78004532	    -19.93053258	      7.73288558	     52.05373956	     90.00000001	      0.00000000	      0.00000000	      8.59852342	    -13.33931804	      6.90576712	     44.31178590	     90.00000001	      0.00000000	      0.00000000
      0.98000000	     14.41903623	     -0.79073377	      3.34525348	     -1.35940493	      0.89443708	      0.15735950	    -22.56565579	      3.35641690	    -14.76945081	      7.36017405	      4.91625900	      0.12845927	     21.85795979	     28.71515374	     -7.60965512	      8.00346318	     -2.19563557	    -18.64365158	     38.72986873	    -10.88286271	      0.67596373	     23.85107512	     15.92511206	     -7.60965512	    -38.61291706	      3.53028954	      4.45453872	      5.14339824	    -20.37134182	      7.79106056	     52.34214413	     90.00000001	      0.00000000	      0.00000000	      7.71662789	    -13.09555533	      6.01180649	     44.28004573	     90.00000001	      0.00000000	      0.00000000
      0.99000000	     14.15087270	     -1.10075258	      3.30170307	     -1.34741702	      0.89236944	      0.15789000	    -23.43646285	      3.93088243	    -14.59201628	      6.68447351	      4.68004042	      0.11666607	     22.25936339	     28.79228970	     -7.60763589	      9.46441453	     -2.39191961	    -18.28126031	     36.41021289	    -10.09721744	      0.63547810	     23.44472025	     16.09888065	     -7.60763589	    -38.38456446	      3.69593835	      4.96641855	      5.51620254	    -20.71005828	      7.60499833	     52.45579861	     90.00000001	      0.00000000	      0.00000000	      7.11939133	    -13.00928846	      5.82035908	     44.09704100	     90.00000001	      0.00000000	      0.00000000
      1.00000000	     14.21970790	     -1.09446991	      3.13816738	     -1.33455147	      0.89062569	      0.15809582	    -25.01928067	      3.93869448	    -14.44430145	      5.51972714	      4.98151040	      0.09633741	     22.10697524	     29.12232417	     -7.60419602	     10.15859955	     -2.28901400	    -18.14881185	     33.55288995	     -9.11743284	      0.58560840	     22.72047768	     16.83126954	     -7.60419602	    -38.41566721	      3.54913642	      5.28969405	      5.78738147	    -20.96543809	      7.28303360	     52.61690246	     90.00000001	      0.00000000	      0.00000000	      6.37693057	    -12.89563295	      5.24056515	     43.90230830	     90.00000001	      0.00000000	      0.00000000
      1.01000000	     14.05165165	     -1.31168393	      3.08022059	     -1.32208057	      0.88836620	      0.15829850	    -26.09609335	      4.28008831	    -14.65679356	      4.80642922	      5.02200048	      0.08388802	     22.18531609	     29.41208899	     -7.60068333	     11.16432981	     -2.37810824	    -17.73581124	     30.73928364	     -8.19529722	      0.53650171	     21.91506915	     17.74851257	     -7.60068333	    -38.22949789	      3.64844567	      5.68058851	      6.07057634	    -21.23034896	      6.97788550	     52.74617793	     90.00000001	      0.00000000	      0.00000000	      5.71849897	    -12.75748670	      4.75282513	     43.68349439	     90.00000001	      0.00000000	      0.00000000
      1.02000000	     13.83349957	     -1.56872699	      3.07099951	     -1.30962431	      0.88590615	      0.15835468	    -27.03130771	      4.66413749	    -15.26992994	      4.30311108	      5.03891024	      0.07510346	     22.31885434	     30.01818687	     -7.59649866	     12.12650089	     -2.49862259	    -17.18672155	     27.83612978	     -7.22661310	      0.48583212	     20.97780587	     18.81002719	     -7.59649866	    -37.99226308	      3.82073651	      6.03723927	      6.32434800	    -21.48462337	      6.59923288	     52.86803991	     90.00000001	      0.00000000	      0.00000000	      5.08468318	    -12.59941781	      4.22614372	     43.43404783	     90.00000001	      0.00000000	      0.00000000
      1.03000000	     13.54548884	     -1.87845370	      3.12274924	     -1.29715498	      0.88321759	      0.15831927	    -27.75033310	      5.08997025	    -16.54967050	      4.15153951	      5.01962593	      0.07245803	     22.66323596	     31.39275787	     -7.58888314	     13.08005438	     -2.66256307	    -16.44936979	     24.91710041	     -6.24332735	      0.43488544	     19.97793594	     19.91296065	     -7.58888314	    -37.67739128	      4.07371320	      6.33551084	      6.55869190	    -21.68696881	      6.17352545	     53.00070644	     90.00000001	      0.00000000	      0.00000000	      4.46322141	    -12.43997704	      3.61869520	     43.14226210	     90.00000001	      0.00000000	      0.00000000
      1.04000000	     13.11534437	     -2.46078254	      3.25170797	     -1.28486760	      0.88026089	      0.15847439	    -28.29388889	      5.98602742	    -17.06743974	      3.84774773	      4.75943785	      0.06715587	     22.80056913	     31.63714384	     -7.58738169	     14.25592970	     -3.17856352	    -15.58128752	     22.29455050	     -5.26142474	      0.38911331	     19.16701926	     21.03903704	     -7.58738169	    -37.22638670	      4.59369219	      6.73068738	      6.76825253	    -21.94089217	      5.89837489	     53.09334362	     90.00000001	      0.00000000	      0.00000000	      3.90227551	    -12.35409155	      3.38829552	     42.79170107	     90.00000001	      0.00000000	      0.00000000
      1.05000000	     12.67793394	     -2.97802236	      3.34314144	     -1.27243235	      0.87734302	      0.15840109	    -28.76782252	      6.67088701	    -17.83696351	      3.77943076	      4.68050837	      0.06596351	     22.77769692	     32.02440426	     -7.58584579	     15.27087711	     -3.57683344	    -14.77588275	     19.62059593	     -4.38947894	      0.34244400	     18.31274657	     22.27803019	     -7.58584579	    -36.76550779	      5.06620847	      7.06227960	      6.96736659	    -22.12108468	      5.47211077	     53.18800408	     90.00000001	      0.00000000	      0.00000000	      3.34083563	    -12.22161568	      2.99763293	     42.39327035	     90.00000001	      0.00000000	      0.00000000
      1.06000000	     12.34008999	     -3.21867356	      3.42799360	     -1.25960189	      0.87456415	      0.15784181	    -29.14309492	      6.83093224	    -20.40832037	      4.45444047	      4.72754225	      0.07774465	     23.15260525	     34.57477380	     -7.58033766	     15.97567523	     -3.54088222	    -14.10490920	     16.94822742	     -3.82601274	      0.29580237	     17.34244727	     23.35093874	     -7.58033766	    -36.37584900	      5.31644908	      7.18388947	      7.11773746	    -22.10153384	      4.64636708	     53.24472155	     90.00000001	      0.00000000	      0.00000000	      2.80392369	    -11.88708777	      1.85275163	     41.85057165	     90.00000001	      0.00000000	      0.00000000
      1.07000000	     11.82680412	     -3.76485450	      3.55355568	     -1.24691525	      0.87160355	      0.15756313	    -29.36319843	      7.50942563	    -21.45537593	      4.77936781	      4.48940137	      0.08341570	     23.09623198	     35.23979436	     -7.57716125	     17.03288933	     -3.91988647	    -13.51405143	     14.95466511	     -3.29543500	      0.26100814	     16.74806426	     24.56093796	     -7.57716125	    -35.81140746	      5.84851959	      7.42193783	      7.24466462	    -22.22055005	      4.19609077	     53.28573394	     90.00000001	      0.00000000	      0.00000000	      2.29205194	    -11.75048236	      1.46250717	     41.27935640	     90.00000001	      0.00000000	      0.00000000
      1.08000000	     11.34722048	     -4.29821214	      3.65629910	     -1.23412085	      0.86875993	      0.15723829	    -29.49119349	      8.09120328	    -22.70884261	      5.41943250	      4.21017021	      0.09458694	     23.25358130	     36.18386060	     -7.57319310	     18.06461352	     -4.27940245	    -13.19392736	     13.45984884	     -2.93195390	      0.23491868	     16.39314805	     25.87199761	     -7.57319310	    -35.27822723	      6.36556505	      7.62171845	      7.36692004	    -22.24799356	      3.64576367	     53.32853110	     90.00000001	      0.00000000	      0.00000000	      1.81400077	    -11.54989017	      0.82248027	     40.67915281	     90.00000001	      0.00000000	      0.00000000
      1.09000000	     10.87081964	     -4.79587716	      3.72144402	     -1.22110926	      0.86606731	      0.15688374	    -29.58511346	      8.59851139	    -23.63640354	      6.11847525	      3.85946704	      0.10678754	     23.26568693	     36.80766908	     -7.56942660	     19.09116268	     -4.60166563	    -13.10289018	     12.52282463	     -2.70419473	      0.21856452	     16.19400332	     27.16937257	     -7.56942660	    -34.73241557	      6.83469361	      7.81489650	      7.44036469	    -22.26237706	      3.15126410	     53.32450914	     90.00000001	      0.00000000	      0.00000000	      1.36997051	    -11.37359484	      0.24897514	     40.01800423	     90.00000001	      0.00000000	      0.00000000
      1.10000000	     10.41631543	     -5.30743731	      3.75969910	     -1.20797673	      0.86361715	      0.15649984	    -29.65348547	      9.11069458	    -23.98937471	      6.83992960	      3.41753610	      0.11937929	     23.20724266	     36.92977175	     -7.56827891	     20.01151847	     -4.91224104	    -12.77130506	     12.00253467	     -2.52800703	      0.20948375	     16.04309760	     27.88567302	     -7.56827891	    -34.21086406	      7.31247917	      8.00672586	      7.50769758	    -22.30480361	      2.86436351	     53.25655578	     90.00000001	      0.00000000	      0.00000000	      0.95060542	    -11.27083033	      0.01508652	     39.38352134	     90.00000001	      0.00000000	      0.00000000
      1.11000000	     10.02506933	     -5.54952298	      3.70072229	     -1.19429145	      0.86137988	      0.15584639	    -29.70349268	      9.12155648	    -24.81090558	      7.95417925	      3.06380019	      0.13882662	     23.10380601	     37.57127585	     -7.56543263	     20.87384319	     -4.92120629	    -13.29025467	     12.14429491	     -2.67779860	      0.21195793	     16.05286650	     29.47898130	     -7.56543263	    -33.70289701	      7.51726352	      8.10380822	      7.44739495	    -22.18539548	      2.13058737	     53.25085300	     90.00000001	      0.00000000	      0.00000000	      0.57950545	    -11.01517840	     -0.93265292	     38.55796467	     90.00000001	      0.00000000	      0.00000000
      1.12000000	      9.67684319	     -5.80319735	      3.65296797	     -1.18053428	      0.85946009	      0.15525414	    -29.74035407	      9.19748821	    -25.10652483	      9.05439746	      2.54607219	      0.15802905	     22.87819965	     37.75540636	     -7.56379935	     21.55822130	     -4.93431443	    -13.21607640	     12.60140519	     -2.78055114	      0.21993601	     15.91265543	     30.19020095	     -7.56379935	    -33.24294648	      7.72514135	      8.18307123	      7.40672059	    -22.12444306	      1.82329968	     53.13400726	     90.00000001	      0.00000000	      0.00000000	      0.26703898	    -10.90982800	     -1.33741575	     37.72690177	     90.00000001	      0.00000000	      0.00000000
      1.13000000	      9.37510179	     -5.95874765	      3.51839821	     -1.16659082	      0.85785324	      0.15442141	    -29.77308504	      9.03749325	    -24.92661423	     10.27534338	      2.12106566	      0.17933857	     22.51455817	     37.75892804	     -7.56307736	     22.03816538	     -4.74076374	    -12.87231653	     13.27813116	     -3.13506698	      0.23174711	     15.64575245	     30.38710287	     -7.56307736	    -32.84317177	      7.83915670	      8.23974110	      7.35330156	    -22.09710956	      1.57696901	     53.03401784	     90.00000001	      0.00000000	      0.00000000	     -0.13348881	    -10.84450541	     -1.56493363	     37.17370933	     90.00000001	      0.00000000	      0.00000000
      1.14000000	      9.12796991	     -5.85310980	      3.40864322	     -1.15213826	      0.85649970	      0.15344672	    -29.79440807	      8.54602433	    -25.38141077	     11.75079705	      1.64428971	      0.20509010	     22.00528260	     38.01014210	     -7.56175969	     22.50406372	     -4.30511910	    -12.95170187	     14.57599619	     -3.63527534	      0.25439913	     15.31854533	     30.90861964	     -7.56175969	    -32.42950450	      7.69613130	      8.19001617	      7.14122440	    -21.89811322	      1.07919881	     52.89573855	     90.00000001	      0.00000000	      0.00000000	     -0.31132130	    -10.70550211	     -2.21787790	     36.17647634	     90.00000001	      0.00000000	      0.00000000
      1.15000000	      8.92514965	     -5.67271192	      3.26448499	     -1.13755443	      0.85547281	      0.15234646	    -29.81065385	      7.93781273	    -25.45138821	     13.26758822	      1.17192914	      0.23156310	     21.30679942	     38.10943386	     -7.56053699	     22.82131916	     -3.73983843	    -12.76387550	     16.04797405	     -4.28472561	      0.28008999	     14.94080521	     31.22029902	     -7.56053699	    -32.07982230	      7.47108690	      8.09942632	      6.92239868	    -21.73001428	      0.72670433	     52.75063429	     90.00000001	      0.00000000	      0.00000000	     -0.53573786	    -10.62270649	     -2.77665432	     35.41381300	     90.00000001	      0.00000000	      0.00000000
      1.16000000	      8.78390598	     -5.37335473	      3.14790668	     -1.12279105	      0.85479412	      0.15112557	    -29.82653928	      7.20580445	    -25.51125425	     14.85930228	      0.68569051	      0.25934375	     20.35805596	     38.20901976	     -7.55938322	     23.04810903	     -3.03781966	    -12.42256952	     17.77195585	     -5.02224529	      0.31017914	     14.58326580	     31.28585771	     -7.55938322	    -31.78151388	      7.14697119	      7.92568183	      6.66087113	    -21.50853482	      0.43430485	     52.58924838	     90.00000001	      0.00000000	      0.00000000	     -0.69285956	    -10.57117777	     -3.28178324	     34.65359239	     90.00000001	      0.00000000	      0.00000000
      1.17000000	      8.70252211	     -4.95075079	      3.07136824	     -1.10780998	      0.85439871	      0.14975977	    -29.83456536	      6.33564826	    -25.74407087	     16.57195506	      0.17883109	      0.28923518	     19.10967401	     38.31514694	     -7.55790365	     23.20785208	     -2.21331273	    -12.03931600	     19.74175856	     -5.79679009	      0.34455869	     14.37073699	     31.12059650	     -7.55790365	    -31.53390978	      6.71390602	      7.67731131	      6.34165137	    -21.25125854	      0.11426266	     52.42386511	     90.00000001	      0.00000000	      0.00000000	     -0.78256746	    -10.53955123	     -3.89432336	     33.87014697	     90.00000001	      0.00000000	      0.00000000
      1.18000000	      8.67591857	     -4.47630485	      3.02707282	     -1.09273613	      0.85436027	      0.14827738	    -29.83915982	      5.36825920	    -25.75301865	     18.38926703	     -0.13927248	      0.32095326	     17.57234253	     38.13000690	     -7.55708083	     23.25654857	     -1.38697347	    -11.40063650	     21.81386719	     -6.39757839	      0.38072380	     14.23690171	     30.53066615	     -7.55708083	    -31.34339457	      6.25019027	      7.38075106	      5.99621845	    -21.01949974	     -0.03727411	     52.22640314	     90.00000001	      0.00000000	      0.00000000	     -0.85960596	    -10.59885252	     -4.15719476	     33.22717732	     90.00000001	      0.00000000	      0.00000000
      1.19000000	      8.75221916	     -3.91290418	      2.97772702	     -1.07764219	      0.85476933	      0.14684907	    -29.84469003	      4.41555232	    -25.65633983	     20.19628216	     -0.64381432	      0.35249162	     15.92488208	     37.92867078	     -7.55647696	     23.07951621	     -0.53288561	    -10.63057298	     23.80865987	     -6.83474442	      0.41553951	     14.29634407	     29.89341591	     -7.55647696	    -31.30657922	      5.67399140	      7.07316773	      5.63088106	    -20.75095866	     -0.14017921	     52.06638161	     90.00000001	      0.00000000	      0.00000000	     -0.87672504	    -10.72481888	     -4.34829819	     32.69166595	     90.00000001	      0.00000000	      0.00000000
      1.20000000	      8.88770376	     -2.99105341	      3.08826806	     -1.06211328	      0.85541459	      0.14498615	    -29.83715359	      2.98008170	    -27.08227720	     22.31673464	     -1.22825337	      0.38950050	     13.25373748	     38.17663477	     -7.55331782	     22.59349388	      0.81193440	     -9.31346601	     25.55555486	     -7.05489670	      0.44602857	     14.51503496	     27.00090279	     -7.55331782	    -31.24041624	      4.80506529	      6.54311975	      5.05561253	    -20.35370016	     -0.50217480	     51.89564346	     90.00000001	      0.00000000	      0.00000000	     -0.67172665	    -10.75966616	     -5.20030374	     31.89487361	     90.00000001	      0.00000000	      0.00000000
      1.21000000	      9.13303863	     -2.15614044	      3.08067388	     -1.04674404	      0.85654428	      0.14328567	    -29.82945551	      1.62301314	    -27.66928512	     24.45039873	     -1.68705026	      0.42673996	     10.51267088	     37.95250976	     -7.55166037	     21.86183772	      1.89710177	     -8.39518357	     27.04849910	     -7.11071934	      0.47208537	     14.93273842	     25.32648563	     -7.55166037	    -31.35754497	      3.99279000	      6.16461470	      4.52118779	    -20.09514168	     -0.52945068	     51.77886486	     90.00000001	      0.00000000	      0.00000000	     -0.52645917	    -10.94351516	     -5.26101416	     31.43448000	     90.00000001	      0.00000000	      0.00000000
      1.22000000	      9.48761764	     -1.45075793	      3.09582508	     -1.03152468	      0.85800074	      0.14183779	    -29.81307225	      0.43204662	    -27.84539156	     26.70474201	     -1.99940947	      0.46608567	      8.14968551	     37.45047961	     -7.55123444	     20.98666385	      2.63411733	     -7.87746064	     28.46966818	     -6.91535126	      0.49688945	     15.54955510	     24.65913017	     -7.55123444	    -31.61426611	      3.29793859	      5.81428173	      4.06394205	    -19.80369243	     -0.50261500	     51.58104440	     90.00000001	      0.00000000	      0.00000000	     -0.34394711	    -11.15678693	     -5.25291347	     31.15643783	     90.00000001	      0.00000000	      0.00000000
      1.23000000	      9.93104926	     -0.16672158	      3.14526724	     -1.01638285	      0.86010682	      0.13981035	    -29.79348904	     -1.44238554	    -28.86045961	     29.14462760	     -2.46013803	      0.50866971	      4.93712952	     36.96188764	     -7.54860834	     19.28532748	      4.39407908	     -6.34708209	     28.53413173	     -6.76283942	      0.49801455	     15.74754755	     21.51186274	     -7.54860834	    -32.01484540	      2.07931178	      5.22680120	      3.50728153	    -19.45786512	     -0.47152820	     51.46044089	     90.00000001	      0.00000000	      0.00000000	     -0.04010482	    -11.50023939	     -4.91850593	     30.96740772	     90.00000001	      0.00000000	      0.00000000
      1.24000000	     10.48011875	      0.50819797	      3.19049415	     -1.00144925	      0.86232429	      0.13837837	    -29.74415861	     -2.60679028	    -28.91970219	     31.55195224	     -2.66520575	      0.55068545	      2.48989873	     36.22180931	     -7.54820086	     17.81747263	      5.06567781	     -6.17426271	     29.14113801	     -6.52524481	      0.50860881	     16.65562864	     21.35521646	     -7.54820086	    -32.51134520	      1.46568902	      4.91983869	      3.04163897	    -19.19861789	     -0.40233085	     51.22956014	     90.00000001	      0.00000000	      0.00000000	      0.28284405	    -11.71720870	     -4.83089974	     30.94354417	     90.00000001	      0.00000000	      0.00000000
      1.25000000	     11.10831977	      1.73481991	      3.07418116	     -0.98647601	      0.86511614	      0.13672059	    -29.69204333	     -4.50451927	    -28.95190539	     34.17609778	     -2.61282422	      0.59648543	     -0.25707025	     34.61212218	     -7.54658107	     15.59599077	      6.65633084	     -6.06533491	     28.33856063	     -6.84070986	      0.49460119	     17.06959100	     20.86506243	     -7.54658107	    -33.13521126	      0.25083205	      4.48096928	      2.50223203	    -18.89458917	     -0.18188359	     51.06924781	     90.00000001	      0.00000000	      0.00000000	      0.63196325	    -12.11409145	     -4.24104030	     31.14612012	     90.00000001	      0.00000000	      0.00000000
      1.26000000	     11.81133395	      2.52867959	      3.04121374	     -0.97180664	      0.86799362	      0.13544826	    -29.55553715	     -5.81603906	    -28.80965386	     36.72450946	     -2.65364299	      0.64096361	     -2.25771047	     33.45926096	     -7.54590268	     13.45139457	      7.58698058	     -6.27156373	     27.80737580	     -6.97674809	      0.48533026	     18.06209290	     21.11346648	     -7.54590268	    -33.83838542	     -0.48710415	      4.14905954	      2.07695189	    -18.57935402	     -0.05301939	     50.78497466	     90.00000001	      0.00000000	      0.00000000	      1.03902413	    -12.39765860	     -3.93707364	     31.42471321	     90.00000001	      0.00000000	      0.00000000
      1.27000000	     12.54816111	      3.25329326	      2.93518149	     -0.95754572	      0.87114949	      0.13419011	    -29.28625859	     -7.14551223	    -27.67087377	     39.47706750	     -1.94898361	      0.68900481	     -3.31614805	     31.37175415	     -7.54356164	     11.08567905	      8.51617647	     -6.73436058	     26.74628316	     -7.35420449	      0.46681070	     18.40733912	     22.02007956	     -7.54356164	    -34.62213407	     -1.15010877	      3.84504830	      1.74372502	    -18.33320403	      0.17183267	     50.49569411	     90.00000001	      0.00000000	      0.00000000	      1.41076940	    -12.80222765	     -2.94978035	     31.95807990	     90.00000001	      0.00000000	      0.00000000
      1.28000000	     13.11585445	      3.69309036	      2.83956524	     -0.94373764	      0.87405914	      0.13330288	    -28.55024259	     -8.11915973	    -26.71898019	     42.28451264	     -1.54637420	      0.73800397	     -3.78409620	     29.96002674	     -7.54099311	      9.02294876	      9.04598342	     -7.42124523	     25.82913721	     -7.67036874	      0.45080349	     19.14021363	     23.27571630	     -7.54099311	    -35.25357758	     -1.54972040	      3.64837420	      1.49125137	    -18.03511860	      0.29698853	     50.08678659	     90.00000001	      0.00000000	      0.00000000	      1.87630016	    -13.11059338	     -2.25487140	     32.48289348	     90.00000001	      0.00000000	      0.00000000
      1.29000000	     13.31188194	      3.88933087	      2.75171288	     -0.93081412	      0.87652663	      0.13267655	    -27.00561967	     -8.83236245	    -26.07270865	     45.33857074	     -1.59796801	      0.79130734	     -3.59148331	     29.27374780	     -7.54001042	      7.46232142	      9.28370038	     -7.78686875	     25.02356625	     -7.76702598	      0.43674362	     19.92168821	     23.97793956	     -7.54001042	    -35.57458905	     -1.73234217	      3.52054216	      1.40095005	    -17.70041001	      0.35514744	     49.49906961	     90.00000001	      0.00000000	      0.00000000	      2.48080130	    -13.26864345	     -2.04013264	     32.91209372	     90.00000001	      0.00000000	      0.00000000
      1.30000000	     13.39479135	      3.89838659	      2.57271987	     -0.91835253	      0.87892595	      0.13247304	    -25.10639661	     -9.32550490	    -25.26928472	     48.30752977	     -1.66993720	      0.84312545	     -2.85658578	     28.87863214	     -7.53921919	      6.04393513	      9.26352580	     -8.11217385	     24.17791763	     -7.74942394	      0.42198427	     20.55670797	     24.75850727	     -7.53921919	    -35.82830612	     -1.80169664	      3.56721278	      1.37218911	    -17.37091929	      0.41906193	     48.88957509	     90.00000001	      0.00000000	      0.00000000	      3.17204433	    -13.39833635	     -1.81368236	     33.43639705	     90.00000001	      0.00000000	      0.00000000
      1.31000000	     13.40372554	      4.02813823	      2.38514984	     -0.90598409	      0.88101683	      0.13197904	    -23.09226938	    -10.06337704	    -24.38405722	     51.27429112	     -1.34649556	      0.89490520	     -0.98826949	     28.56741679	     -7.53797836	      4.82985464	      9.45302408	     -8.94320298	     23.46324023	     -8.03052701	      0.40951080	     21.01972626	     26.00988656	     -7.53797836	    -35.97909381	     -1.94089361	      3.43075958	      1.42124914	    -17.00481292	      0.46542302	     48.22851569	     90.00000001	      0.00000000	      0.00000000	      3.81331243	    -13.56094639	     -1.37762355	     33.88973539	     90.00000001	      0.00000000	      0.00000000
      1.32000000	     13.49352351	      3.79110274	      2.13469165	     -0.89385195	      0.88346221	      0.13230606	    -21.00147636	    -10.12427505	    -23.69026157	     53.64898496	     -1.57700982	      0.93635143	      0.33240249	     28.49797636	     -7.53722242	      3.43619922	      9.05421455	     -9.12376838	     22.65893085	     -7.73209036	      0.39547295	     21.68960895	     26.61928815	     -7.53722242	    -36.25223822	     -1.81310586	      3.59950815	      1.44550785	    -16.69016404	      0.52386661	     47.64721210	     90.00000001	      0.00000000	      0.00000000	      4.56283888	    -13.65761421	     -1.15164750	     34.45662858	     90.00000001	      0.00000000	      0.00000000
      1.33000000	     13.57190182	      3.61440395	      1.87736933	     -0.88173263	      0.88570574	      0.13247042	    -18.89499649	    -10.30417137	    -23.19618284	     55.83105486	     -1.71487753	      0.97443573	      2.20357382	     28.49457078	     -7.53648611	      2.10625259	      8.79384995	     -9.29358967	     21.95154343	     -7.54497872	      0.38312671	     22.23380323	     27.13114028	     -7.53648611	    -36.47300876	     -1.70733184	      3.65498615	      1.51525125	    -16.35187320	      0.57823351	     47.07448735	     90.00000001	      0.00000000	      0.00000000	      5.30663058	    -13.77311952	     -0.89516931	     34.98473907	     90.00000001	      0.00000000	      0.00000000
      1.34000000	     13.55038699	      3.54862242	      1.62940279	     -0.86966874	      0.88760265	      0.13249568	    -16.67621433	    -10.64288220	    -22.79367255	     57.82245643	     -1.72838434	      1.00919225	      4.57168163	     28.71071690	     -7.53529559	      0.97331104	      8.71566904	     -9.52248372	     21.38580499	     -7.48496817	      0.37325271	     22.62606191	     27.56490786	     -7.53529559	    -36.58578257	     -1.69606652	      3.60623418	      1.55394903	    -15.98730393	      0.61484632	     46.55116907	     90.00000001	      0.00000000	      0.00000000	      6.03198300	    -13.93931987	     -0.44126713	     35.51841523	     90.00000001	      0.00000000	      0.00000000
      1.35000000	     13.62331685	      3.29390067	      1.36988539	     -0.85763132	      0.88966002	      0.13289830	    -14.52093063	    -10.58118582	    -22.62584398	     59.31880492	     -2.08064849	      1.03530845	      6.48511735	     28.55476515	     -7.53438426	     -0.34860294	      8.36231784	     -9.30898589	     20.72227418	     -7.14542042	      0.36167191	     23.13404919	     27.56224790	     -7.53438426	    -36.78494456	     -1.52918468	      3.67707366	      1.55640943	    -15.66638832	      0.69456756	     46.14313333	     90.00000001	      0.00000000	      0.00000000	      6.80699302	    -14.06544329	     -0.16349332	     36.07283959	     90.00000001	      0.00000000	      0.00000000
      1.36000000	     13.68790858	      2.94625297	      1.10801916	     -0.84569783	      0.89158904	      0.13337882	    -12.33541474	    -10.35085552	    -22.50770365	     60.44344684	     -2.46740007	      1.05493716	      8.07055230	     28.22511281	     -7.53379014	     -1.65264352	      7.90801777	     -8.93566484	     20.08693717	     -6.74723624	      0.35058319	     23.59754139	     27.44464642	     -7.53379014	    -36.96633040	     -1.27525928	      3.80044676	      1.52527246	    -15.39482839	      0.78721635	     45.86582309	     90.00000001	      0.00000000	      0.00000000	      7.60737725	    -14.14283420	      0.00488532	     36.65757619	     90.00000001	      0.00000000	      0.00000000
      1.37000000	     13.62872360	      2.97531077	      0.93229149	     -0.83377835	      0.89304247	      0.13344438	    -10.09053881	    -10.62215616	    -22.74972607	     61.46128809	     -2.86970318	      1.07270184	     10.41142929	     28.23437320	     -7.53128493	     -2.94921925	      8.05001953	     -7.84368417	     19.23763907	     -6.44846123	      0.33576014	     23.72803921	     26.10523786	     -7.53128493	    -36.99036854	     -1.33674739	      3.63230757	      1.46081974	    -15.03084623	      0.80868888	     45.57794937	     90.00000001	      0.00000000	      0.00000000	      8.39529635	    -14.43715477	      0.77345908	     37.25887263	     90.00000001	      0.00000000	      0.00000000
      1.38000000	     13.64989742	      2.71483416	      0.74010393	     -0.82182810	      0.89450164	      0.13380757	     -7.95005673	    -10.42234830	    -22.83066598	     61.97900387	     -3.22122696	      1.08173768	     12.06950829	     27.50922903	     -7.53055256	     -4.21120186	      7.75487766	     -7.33704100	     18.57718677	     -6.16105104	      0.32423307	     24.18133658	     25.85436402	     -7.53055256	    -37.08755000	     -1.13997945	      3.62379678	      1.36548049	    -14.75718242	      0.91049462	     45.44623944	     90.00000001	      0.00000000	      0.00000000	      9.20827597	    -14.53353216	      0.88214958	     37.81714499	     90.00000001	      0.00000000	      0.00000000
      1.39000000	     13.64661355	      2.56799597	      0.60961670	     -0.80986232	      0.89566239	      0.13396335	     -5.84531155	    -10.33780820	    -22.97063046	     62.23377024	     -3.52474257	      1.08618420	     13.74467617	     26.77249013	     -7.52976166	     -5.50232262	      7.64295533	     -6.58985030	     17.81135913	     -5.91420391	      0.31086686	     24.52364753	     25.31431727	     -7.52976166	    -37.12714494	     -1.01660154	      3.50873123	      1.21829394	    -14.51184645	      0.97599317	     45.36829345	     90.00000001	      0.00000000	      0.00000000	     10.04113318	    -14.69087565	      1.11017189	     38.40732995	     90.00000001	      0.00000000	      0.00000000
      1.40000000	     13.51314765	      2.26923114	      0.53085086	     -0.79802101	      0.89647343	      0.13405445	     -3.64995894	    -10.01980817	    -22.99727253	     62.05954124	     -3.71507845	      1.08314333	     14.84531489	     26.09984582	     -7.52930382	     -6.56588760	      7.41443650	     -6.06621956	     17.15336346	     -5.89085030	      0.29938267	     24.87696678	     25.01546691	     -7.52930382	    -37.03705903	     -0.71005599	      3.45949418	      1.04230609	    -14.31334495	      1.03860532	     45.37495976	     90.00000001	      0.00000000	      0.00000000	     10.87113391	    -14.74638645	      1.24166292	     39.02033047	     90.00000001	      0.00000000	      0.00000000
      1.41000000	     13.66355066	      2.35880793	      0.53647345	     -0.78599481	      0.89747670	      0.13398205	     -1.95071406	    -10.21236818	    -23.34094595	     61.60613172	     -3.87068823	      1.07522984	     16.24810873	     25.40183971	     -7.52743552	     -8.41415490	      7.64226097	     -3.86666376	     15.76247708	     -5.48579822	      0.27510712	     24.60362511	     22.67292186	     -7.52743552	    -37.23041532	     -0.75534875	      3.10653278	      0.85654770	    -14.02011549	      0.92691812	     45.44183075	     90.00000001	      0.00000000	      0.00000000	     11.72634541	    -15.12749916	      2.05673551	     39.70363574	     90.00000001	      0.00000000	      0.00000000
      1.42000000	     13.54064061	      2.14924543	      0.51279881	     -0.77424194	      0.89778079	      0.13410277	      0.09354614	     -9.97617381	    -23.45719419	     60.87985025	     -3.97708064	      1.06255383	     17.30605558	     24.61799923	     -7.52690011	     -9.47421477	      7.47627610	     -3.35772786	     15.11480763	     -5.47801553	      0.26380316	     25.10977927	     22.50192698	     -7.52690011	    -37.15452206	     -0.53277050	      2.95174627	      0.67525349	    -13.84875543	      0.96614403	     45.47460972	     90.00000001	      0.00000000	      0.00000000	     12.61251632	    -15.22946385	      2.10722215	     40.25537152	     90.00000001	      0.00000000	      0.00000000
      1.43000000	     13.65453192	      2.09681194	      0.63465009	     -0.76206768	      0.89825510	      0.13393758	      1.58892655	     -9.95424600	    -23.92178199	     59.62850967	     -4.06847619	      1.04071382	     18.15395594	     24.20304963	     -7.52450040	    -11.17810503	      7.50265395	     -1.62501705	     13.88149816	     -5.31195891	      0.24227785	     24.96663716	     20.79256953	     -7.52450040	    -37.25007824	     -0.37957825	      2.60857117	      0.45185494	    -13.62739798	      0.84632721	     45.56248163	     90.00000001	      0.00000000	      0.00000000	     13.49622760	    -15.46757360	      2.59491871	     40.85752518	     90.00000001	      0.00000000	      0.00000000
      1.44000000	     13.48424670	      1.94462760	      0.67175576	     -0.75031266	      0.89801128	      0.13395802	      3.46417017	     -9.75982677	    -23.92062066	     58.22102197	     -3.92906314	      1.01614853	     18.82354184	     23.63868536	     -7.52406697	    -12.14241415	      7.41203037	     -1.28822078	     13.29656151	     -5.45454191	      0.23206878	     25.41267925	     20.83098799	     -7.52406697	    -37.10582650	     -0.18101857	      2.32791898	      0.31646785	    -13.48934071	      0.85377942	     45.63124249	     90.00000001	      0.00000000	      0.00000000	     14.38610229	    -15.59657152	      2.64677667	     41.36852315	     90.00000001	      0.00000000	      0.00000000
      1.45000000	     13.29441128	      1.95573513	      0.73226613	     -0.73853396	      0.89750960	      0.13391843	      5.22541807	     -9.79202784	    -23.94897805	     56.49268127	     -3.64826775	      0.98598329	     19.25239235	     23.18851207	     -7.52374105	    -13.00449446	      7.44497046	     -1.15023257	     12.87845140	     -5.51824057	      0.22477138	     25.69128805	     20.78580305	     -7.52374105	    -36.93027723	     -0.13143301	      1.97005115	      0.13817116	    -13.33175266	      0.86952603	     45.71117211	     90.00000001	      0.00000000	      0.00000000	     15.29009044	    -15.73912831	      2.70638549	     41.83993547	     90.00000001	      0.00000000	      0.00000000
      1.46000000	     13.84590818	      1.64238550	      0.98208977	     -0.72571886	      0.89803821	      0.13411094	      5.67238480	     -9.32951921	    -24.91226466	     53.86359006	     -3.83818540	      0.94009699	     19.71158406	     23.88831143	     -7.52212829	    -15.51617419	      6.96173590	      0.62118038	     11.01716291	     -5.22299375	      0.19228577	     25.66691776	     19.97016067	     -7.52212829	    -37.43484934	      0.30835881	      1.70451487	     -0.08469806	    -13.18831901	      0.61781982	     45.86171915	     90.00000001	      0.00000000	      0.00000000	     16.18644273	    -16.00658429	      3.44069098	     42.39129781	     90.00000001	      0.00000000	      0.00000000
      1.47000000	     13.86634702	      1.54701340	      1.13590790	     -0.71361949	      0.89747052	      0.13421870	      6.80163863	     -9.17879288	    -25.06901409	     51.29279865	     -3.39044205	      0.89522822	     19.99129157	     24.18336961	     -7.52122923	    -16.89404178	      6.79563741	      1.05186088	     10.04793503	     -5.24837948	      0.17536955	     25.88058410	     20.05021085	     -7.52122923	    -37.44466649	      0.49142139	      1.33629070	     -0.25625560	    -13.03266159	      0.57547476	     45.90791806	     90.00000001	      0.00000000	      0.00000000	     17.17673703	    -16.18899131	      3.61671439	     42.77730082	     90.00000001	      0.00000000	      0.00000000
      1.48000000	     13.81617838	      1.50776238	      1.26286160	     -0.70158372	      0.89656102	      0.13431812	      7.93249330	     -9.09436280	    -25.08315044	     48.52728287	     -2.78889349	      0.84696086	     19.98079738	     24.67809466	     -7.52063205	    -18.16740137	      6.65624125	      1.34118823	      9.12835496	     -5.20918886	      0.15931985	     26.29005764	     20.30777242	     -7.52063205	    -37.38790998	      0.61269324	      0.97116089	     -0.36567098	    -12.92553677	      0.55599849	     45.89381002	     90.00000001	      0.00000000	      0.00000000	     18.16865938	    -16.33341268	      3.84318495	     43.06425123	     90.00000001	      0.00000000	      0.00000000
      1.49000000	     13.93004451	      1.42452001	      1.46611559	     -0.68934325	      0.89570690	      0.13454357	      8.67110648	     -8.89084615	    -25.61049936	     45.34602498	     -2.46698732	      0.79143744	     19.78812535	     25.66104284	     -7.51978186	    -19.67421324	      6.40594091	      1.49676043	      8.11803187	     -5.17404490	      0.14168638	     26.28626632	     20.63695681	     -7.51978186	    -37.49292938	      0.79693766	      0.61486646	     -0.55805365	    -12.83689372	      0.51361310	     46.07844427	     90.00000001	      0.00000000	      0.00000000	     19.16839349	    -16.52964290	      4.22825533	     43.41457594	     90.00000001	      0.00000000	      0.00000000
      1.50000000	     13.66311580	      1.57936466	      1.56430342	     -0.67761870	      0.89407235	      0.13453776	      9.88146736	     -9.06284844	    -25.37770971	     42.28936128	     -1.55168578	      0.73808859	     19.23857784	     26.47382176	     -7.51934590	    -20.58638296	      6.53597031	      1.51840862	      7.42099736	     -5.27566205	      0.12952084	     26.69338888	     21.05322053	     -7.51934590	    -37.25763654	      0.72952836	      0.17810216	     -0.60053606	    -12.77667038	      0.53206943	     46.03716124	     90.00000001	      0.00000000	      0.00000000	     20.20490147	    -16.64917937	      4.46442110	     43.60940620	     90.00000001	      0.00000000	      0.00000000
      1.51000000	     13.89554168	      1.50634908	      1.77211374	     -0.66509670	      0.89299536	      0.13495354	     10.17042501	     -8.82328422	    -26.10421328	     38.65746422	     -1.13706976	      0.67470003	     18.55883991	     27.94028929	     -7.51855121	    -22.21758041	      6.15415245	      1.23167337	      6.41450436	     -5.00266052	      0.11195422	     26.65242381	     21.88746226	     -7.51855121	    -37.45995432	      0.89359045	     -0.14583370	     -0.80918193	    -12.73027081	      0.53522315	     46.25624930	     90.00000001	      0.00000000	      0.00000000	     21.21925169	    -16.85229837	      4.99400005	     43.83539076	     90.00000001	      0.00000000	      0.00000000
      1.52000000	     13.83155536	      1.64997917	      1.92771860	     -0.65295157	      0.89127529	      0.13517411	     10.81988981	     -8.90679726	    -26.42381542	     35.22883141	     -0.41854991	      0.61485910	     17.57015001	     29.37459651	     -7.51777542	    -23.33524521	      6.12842804	      0.81327796	      5.76338784	     -4.91830056	      0.10059009	     26.87319789	     22.75393641	     -7.51777542	    -37.40214669	      0.83832063	     -0.54105647	     -0.94146826	    -12.69284669	      0.57122817	     46.33330685	     90.00000001	      0.00000000	      0.00000000	     22.25966394	    -17.00099503	      5.47409083	     44.00023813	     90.00000001	      0.00000000	      0.00000000
      1.53000000	     13.49055295	      2.08834854	      1.99277802	     -0.64121107	      0.88897988	      0.13516388	     11.83236880	     -9.40427313	    -26.16663959	     32.13725413	      0.62983781	      0.56090090	     16.49523744	     30.25552980	     -7.51740141	    -24.01693700	      6.56580545	      0.50560371	      5.37677798	     -5.01568327	      0.09384248	     27.20418902	     23.30967964	     -7.51740141	    -37.11266778	      0.47702721	     -1.04120145	     -0.99528973	    -12.65328390	      0.61494558	     46.34538986	     90.00000001	      0.00000000	      0.00000000	     23.30158294	    -17.10796248	      5.75695846	     44.13159270	     90.00000001	      0.00000000	      0.00000000
      1.54000000	     13.64341419	      2.11267181	      2.19850716	     -0.62854742	      0.88727204	      0.13576319	     11.93539657	     -9.25221004	    -27.19846015	     28.67253104	      1.04206477	      0.50043007	     15.19528934	     31.99939459	     -7.51639002	    -25.24632510	      6.23695373	     -0.48492129	      4.98476840	     -4.68676027	      0.08700062	     27.47750613	     24.79753619	     -7.51639002	    -37.23469022	      0.52484523	     -1.33375840	     -1.22594392	    -12.65154104	      0.63633721	     46.57975805	     90.00000001	      0.00000000	      0.00000000	     24.28376498	    -17.31531261	      6.56319931	     44.34329163	     90.00000001	      0.00000000	      0.00000000
      1.55000000	     13.42949090	      2.51536110	      2.25485153	     -0.61637042	      0.88493772	      0.13606665	     12.56867272	     -9.62980217	    -27.34593746	     25.79729640	      1.86512279	      0.45024776	     13.97732381	     32.83716132	     -7.51594750	    -26.00142963	      6.52949644	     -0.94651351	      4.78404457	     -4.60097364	      0.08349733	     27.60803500	     25.45471408	     -7.51594750	    -37.04115937	      0.16319371	     -1.73069245	     -1.33822740	    -12.64576902	      0.67224617	     46.58987918	     90.00000001	      0.00000000	      0.00000000	     25.27993375	    -17.38171319	      6.92034138	     44.43091894	     90.00000001	      0.00000000	      0.00000000
      1.56000000	     13.22929900	      2.97248563	      2.28772961	     -0.60412796	      0.88250112	      0.13636877	     13.18082700	    -10.05416639	    -27.63429880	     23.34398086	      2.50864813	      0.40742933	     13.04035218	     33.52052483	     -7.51567362	    -26.71648623	      6.97540602	     -1.28475264	      4.72580652	     -4.75703771	      0.08248088	     27.89899803	     25.97632605	     -7.51567362	    -36.86813796	     -0.25355240	     -2.12344540	     -1.42531716	    -12.64080967	      0.69290695	     46.64844687	     90.00000001	      0.00000000	      0.00000000	     26.22257056	    -17.40722905	      7.25182832	     44.60092546	     90.00000001	      0.00000000	      0.00000000
      1.57000000	     13.27493219	      3.05103963	      2.44986595	     -0.59125610	      0.88043424	      0.13719942	     13.29021372	     -9.92104441	    -29.01005567	     20.95105552	      2.65169357	      0.36566490	     11.84150336	     34.85478603	     -7.51499466	    -27.49477772	      6.69208697	     -2.34912229	      5.07423005	     -4.43383786	      0.08856202	     28.22456542	     27.21291376	     -7.51499466	    -36.89016645	     -0.28686728	     -2.30746452	     -1.66759356	    -12.66748980	      0.62477160	     46.77867542	     90.00000001	      0.00000000	      0.00000000	     27.08161204	    -17.58018541	      8.12977752	     44.87472528	     90.00000001	      0.00000000	      0.00000000
      1.58000000	     13.07693994	      3.44181834	      2.51206442	     -0.57869419	      0.87797025	      0.13769566	     13.80101849	    -10.23649116	    -29.77557376	     19.34898869	      2.96371826	      0.33770356	     11.08065444	     35.50992552	     -7.51462550	    -28.00177135	      6.94699269	     -2.73362519	      5.46596863	     -4.42646475	      0.09539915	     28.46508530	     27.72276488	     -7.51462550	    -36.70074471	     -0.63640347	     -2.62154437	     -1.78779401	    -12.68708322	      0.59971112	     46.78533378	     90.00000001	      0.00000000	      0.00000000	     27.89931194	    -17.58727954	      8.47756094	     45.09805933	     90.00000001	      0.00000000	      0.00000000
      1.59000000	     12.94608099	      3.64149002	      2.61193473	     -0.56580716	      0.87563118	      0.13846455	     14.18319053	    -10.25119464	    -31.01690704	     18.16683360	      2.89542760	      0.31707106	     10.45681035	     36.35811197	     -7.51405437	    -28.40373245	      6.93803953	     -3.49389445	      6.22291562	     -4.44252173	      0.10861037	     28.86636144	     28.55619387	     -7.51405437	    -36.55010552	     -0.79960976	     -2.79722045	     -1.94478778	    -12.71103040	      0.47666852	     46.79925512	     90.00000001	      0.00000000	      0.00000000	     28.61453281	    -17.62202945	      9.06857563	     45.44767594	     90.00000001	      0.00000000	      0.00000000
      1.60000000	     12.66196581	      3.95452622	      2.53123039	     -0.55290942	      0.87311283	      0.13919632	     14.84439986	    -10.39358570	    -31.31858516	     17.68167545	      2.94125164	      0.30860345	     10.43168003	     36.12341864	     -7.51394663	    -28.77828551	      7.18268403	     -3.58373519	      6.75780068	     -4.47955089	      0.11794587	     28.87826690	     28.49834361	     -7.51394663	    -36.24376937	     -1.13004520	     -2.89105799	     -2.08392593	    -12.80619415	      0.46510414	     46.74128209	     90.00000001	      0.00000000	      0.00000000	     29.21145693	    -17.46636422	      9.09548456	     45.78485353	     90.00000001	      0.00000000	      0.00000000
      1.61000000	     12.40869475	      4.19394911	      2.59347450	     -0.53987118	      0.87081916	      0.13984050	     15.31275948	    -10.42329329	    -31.63578040	     17.37170299	      2.82134054	      0.30319341	     10.18543829	     36.11694640	     -7.51384910	    -29.02003188	      7.31401069	     -3.55565024	      7.63824801	     -4.64016256	      0.13331258	     28.91199281	     28.54621171	     -7.51384910	    -35.96938285	     -1.31761654	     -3.00270709	     -2.24539548	    -12.91296667	      0.41674024	     46.64759646	     90.00000001	      0.00000000	      0.00000000	     29.76730067	    -17.29439313	      9.18585596	     46.15542995	     90.00000001	      0.00000000	      0.00000000
      1.62000000	     12.41036334	      4.10685652	      2.99956531	     -0.52625603	      0.86904552	      0.14055649	     15.25590957	    -10.19969783	    -33.16429930	     17.35643997	      2.45301171	      0.30292702	      9.22565657	     37.29023686	     -7.51350685	    -29.15969864	      6.80099036	     -4.45514187	      9.25566111	     -4.77009338	      0.16154176	     29.54652022	     29.21482273	     -7.51350685	    -35.89382547	     -1.04310546	     -3.27071329	     -2.34179883	    -12.89847207	      0.08269707	     46.53955934	     90.00000001	      0.00000000	      0.00000000	     30.11602191	    -17.38779209	      9.75543847	     46.69522760	     90.00000001	      0.00000000	      0.00000000
      1.63000000	     12.17322144	      4.10236383	      3.06091340	     -0.51280933	      0.86712576	      0.14136333	     15.62648305	     -9.90266140	    -32.86696847	     17.72310761	      2.12266961	      0.30932658	      9.00251604	     37.14980194	     -7.51340902	    -29.33412674	      6.66164158	     -4.33167891	     10.30246435	     -4.92306586	      0.17981192	     29.39080117	     29.29699050	     -7.51340902	    -35.59871552	     -0.96782422	     -3.23489333	     -2.45716149	    -13.07218441	      0.00235428	     46.40013506	     90.00000001	      0.00000000	      0.00000000	     30.44079320	    -17.16037596	      9.79662617	     47.06087899	     90.00000001	      0.00000000	      0.00000000
      1.64000000	     12.06840275	      3.96785401	      3.13165030	     -0.49894869	      0.86555250	      0.14251714	     15.86442631	     -9.49082665	    -33.04586274	     18.57130251	      1.50188854	      0.32413038	      8.41945637	     37.24213336	     -7.51323009	    -29.39978138	      6.21528184	     -5.05359522	     11.86967033	     -4.94384726	      0.20716483	     29.25039896	     29.26816123	     -7.51323009	    -35.40497043	     -0.78584901	     -3.14935556	     -2.55795988	    -13.16951795	     -0.20161586	     46.19418619	     90.00000001	      0.00000000	      0.00000000	     30.56971130	    -17.03078028	      9.82309671	     47.66223748	     90.00000001	      0.00000000	      0.00000000
      1.65000000	     11.98479602	      3.46027823	      3.30188237	     -0.48462065	      0.86423102	      0.14352385	     15.97574254	     -8.67857458	    -33.45905724	     19.54180952	      0.69242585	      0.34106892	      7.85067720	     37.76700310	     -7.51284535	    -29.45053397	      5.40324275	     -5.97334532	     13.44817130	     -5.15621305	      0.23471487	     29.19626234	     30.08535515	     -7.51284535	    -35.16775365	     -0.13674117	     -2.97120806	     -2.65914346	    -13.33890071	     -0.52051310	     46.04309248	     90.00000001	      0.00000000	      0.00000000	     30.41985464	    -16.83009045	      9.80187244	     48.34708416	     90.00000001	      0.00000000	      0.00000000
      1.66000000	     11.86173083	      3.06790992	      3.31092433	     -0.47042118	      0.86321858	      0.14470520	     16.23909390	     -7.98987484	    -32.97907808	     20.85868757	     -0.05259967	      0.36405278	      7.39202358	     37.78477460	     -7.51256809	    -29.50110011	      4.78801781	     -6.46946778	     14.95142084	     -5.28828157	      0.26095152	     28.59414032	     30.14813542	     -7.51256809	    -34.92777979	      0.33155223	     -2.70308812	     -2.70242830	    -13.54218264	     -0.65470457	     45.80443880	     90.00000001	      0.00000000	      0.00000000	     30.27372338	    -16.56679240	      9.67340252	     48.88110757	     90.00000001	      0.00000000	      0.00000000
      1.67000000	     11.75276214	      2.59243986	      3.27366128	     -0.45600072	      0.86253450	      0.14600414	     16.53023811	     -7.24099521	    -32.40794758	     22.47118453	     -0.86206897	      0.39219616	      7.13366226	     37.68340716	     -7.51235306	    -29.52395938	      4.09241503	     -6.95949393	     16.53797548	     -5.37555548	      0.28864212	     27.69266008	     29.93291626	     -7.51235306	    -34.69203928	      0.86633980	     -2.37403637	     -2.72047304	    -13.77674637	     -0.78457961	     45.53683814	     90.00000001	      0.00000000	      0.00000000	     29.95259821	    -16.32460584	      9.49214382	     49.44941806	     90.00000001	      0.00000000	      0.00000000
      1.68000000	     11.69885614	      2.05833071	      3.26375736	     -0.44143784	      0.86231667	      0.14726889	     16.71465308	     -6.49174861	    -31.73411366	     24.20792004	     -1.59581143	      0.42250791	      7.05164784	     37.66698132	     -7.51225964	    -29.55707183	      3.33437306	     -7.25277179	     18.19030330	     -5.44194855	      0.31748068	     26.64957562	     29.77708300	     -7.51225964	    -34.50534019	      1.49048453	     -2.02993618	     -2.70267067	    -14.01039416	     -0.88774706	     45.25261402	     90.00000001	      0.00000000	      0.00000000	     29.55815645	    -16.05034047	      9.35970252	     49.93544515	     90.00000001	      0.00000000	      0.00000000
      1.69000000	     11.71714682	      1.42635954	      3.15430748	     -0.42649676	      0.86247539	      0.14887714	     16.81030475	     -5.64795827	    -31.02241643	     26.13461186	     -2.28979840	      0.45613503	      7.44662372	     37.42928271	     -7.51215787	    -29.53565325	      2.46020102	     -7.91167856	     20.07992144	     -5.53164305	      0.35046074	     25.07733715	     29.40662501	     -7.51215787	    -34.36173123	      2.14550373	     -1.58682192	     -2.68838539	    -14.25909928	     -0.98077943	     44.93603272	     90.00000001	      0.00000000	      0.00000000	     28.92198796	    -15.83195038	      9.14289748	     50.51929053	     90.00000001	      0.00000000	      0.00000000
      1.70000000	     11.79614966	      0.65892968	      3.03192976	     -0.41134275	      0.86312497	      0.15049578	     16.62571046	     -4.58354063	    -29.90726991	     27.76955091	     -2.73360918	      0.48467010	      8.63464796	     36.75974885	     -7.51190660	    -29.51277057	      1.54431625	     -8.64302048	     21.97434120	     -5.85704988	      0.38352460	     22.96099099	     29.03432087	     -7.51190660	    -34.27053152	      2.94554400	     -1.14338580	     -2.61978096	    -14.55502933	     -0.93783692	     44.71514551	     90.00000001	      0.00000000	      0.00000000	     28.05952834	    -15.60236011	      8.74004119	     51.23446920	     90.00000001	      0.00000000	      0.00000000
      1.71000000	     12.00017472	     -0.14050308	      2.91638487	     -0.39625600	      0.86443133	      0.15230950	     16.03341458	     -3.50567997	    -28.27597184	     29.07884264	     -2.56232555	      0.50752155	      9.58679446	     35.58202829	     -7.51149290	    -29.47275162	      0.51024204	     -9.22360558	     24.09446752	     -6.03971159	      0.42052779	     20.77253553	     28.51993128	     -7.51149290	    -34.33161121	      3.74875312	     -0.65860168	     -2.51062053	    -14.85224663	     -0.74195068	     44.45720401	     90.00000001	      0.00000000	      0.00000000	     27.24746858	    -15.37956803	      8.44900727	     51.73723771	     90.00000001	      0.00000000	      0.00000000
      1.72000000	     12.30890584	     -0.86606510	      2.86021888	     -0.38114379	      0.86626223	      0.15398129	     15.10785431	     -2.60683079	    -27.36834968	     30.11083008	     -2.37818288	      0.52553313	     10.57639812	     34.96332896	     -7.51135473	    -29.35533611	     -0.46404796	     -9.75138320	     26.42399668	     -6.32591645	      0.46118574	     18.38661767	     27.83833560	     -7.51135473	    -34.48950024	      4.50386385	     -0.25106419	     -2.36818600	    -15.07128820	     -0.72198080	     44.21931879	     90.00000001	      0.00000000	      0.00000000	     26.39842562	    -15.21466926	      8.41767064	     52.04888528	     90.00000001	      0.00000000	      0.00000000
      1.73000000	     12.70022800	     -1.84236376	      2.74475016	     -0.36630867	      0.86876002	      0.15599220	     13.68109299	     -1.20370104	    -25.10096776	     30.27108640	     -1.39749619	      0.52833013	     11.38444941	     32.37995518	     -7.51070960	    -29.18338220	     -1.69575565	    -10.33912981	     28.84607462	     -6.59742171	      0.50345898	     16.05489325	     27.09968708	     -7.51070960	    -34.80298713	      5.44121648	      0.33149843	     -2.16560086	    -15.43630708	     -0.34158335	     44.07374893	     90.00000001	      0.00000000	      0.00000000	     25.51359950	    -15.03226547	      8.28312673	     52.37400902	     90.00000001	      0.00000000	      0.00000000
      1.74000000	     13.09305597	     -2.58866950	      2.72162781	     -0.35159959	      0.87142413	      0.15779947	     12.14012492	     -0.17415861	    -24.40432195	     30.24696599	     -1.00998212	      0.52790915	     12.41179777	     31.98204762	     -7.51048947	    -28.79564409	     -2.71107333	    -10.79664837	     31.43731314	     -7.02803683	      0.54868462	     13.89663219	     26.45548328	     -7.51048947	    -35.10547681	      6.16908027	      0.76870469	     -1.97895941	    -15.63297796	     -0.26376638	     43.96486922	     90.00000001	      0.00000000	      0.00000000	     24.64501808	    -14.90533263	      8.33873315	     52.56189687	     90.00000001	      0.00000000	      0.00000000
      1.75000000	     13.36581809	     -3.22034950	      2.77797206	     -0.33748583	      0.87417354	      0.15941638	     10.56492536	      0.69666447	    -23.75006474	     29.87252093	     -0.45296101	      0.52137385	     13.25300757	     31.52525302	     -7.51025904	    -27.94362244	     -3.62204945	    -11.20428084	     34.33680973	     -7.65453193	      0.59929038	     12.22395597	     25.87624318	     -7.51025904	    -35.34710230	      6.79789261	      1.09822182	     -1.73822754	    -15.80953434	     -0.15601604	     43.93947747	     90.00000001	      0.00000000	      0.00000000	     23.85085684	    -14.78067584	      8.40951244	     52.58845774	     90.00000001	      0.00000000	      0.00000000
      1.76000000	     13.58440409	     -3.98575262	      2.87763370	     -0.32375537	      0.87696423	      0.16127773	      8.87869050	      1.86725053	    -23.41752126	     28.92594167	     -0.13239141	      0.50485292	     13.65808876	     31.15234341	     -7.50983004	    -26.74294252	     -4.84081102	    -12.08816327	     37.47224846	     -8.39374740	      0.65401411	     11.40670987	     26.10164258	     -7.50983004	    -35.56733255	      7.52659253	      1.51785313	     -1.48574676	    -16.00206706	      0.06419065	     43.98586952	     90.00000001	      0.00000000	      0.00000000	     23.09389596	    -14.68137606	      8.55871631	     52.53313426	     90.00000001	      0.00000000	      0.00000000
      1.77000000	     13.63714134	     -4.44051330	      3.03508277	     -0.31058373	      0.87956273	      0.16278166	      7.38711893	      2.61876723	    -23.48866531	     28.00965200	      0.05763399	      0.48886065	     14.31230893	     31.39889347	     -7.50951847	    -25.11426803	     -5.67009731	    -12.66703140	     40.64987790	     -9.31100795	      0.70947421	     10.90158563	     26.00859413	     -7.50951847	    -35.64736350	      7.97592698	      1.72676130	     -1.20616037	    -16.09670437	      0.14324321	     44.11397438	     90.00000001	      0.00000000	      0.00000000	     22.39457808	    -14.60073376	      8.71795774	     52.34197665	     90.00000001	      0.00000000	      0.00000000
      1.78000000	     13.66979550	     -4.76980400	      3.33798420	     -0.29768920	      0.88211560	      0.16400372	      5.85828018	      3.22072848	    -24.06863169	     26.93457230	      0.10844614	      0.47009697	     14.76055941	     32.19270231	     -7.50914648	    -23.26964150	     -6.40053692	    -13.25437189	     43.69572336	    -10.41694428	      0.76263424	     10.97293306	     26.21601639	     -7.50914648	    -35.71825268	      8.36332023	      1.82778432	     -0.97318165	    -16.16082356	      0.18488982	     44.35426611	     90.00000001	      0.00000000	      0.00000000	     21.78096412	    -14.53372933	      8.95492505	     52.07240492	     90.00000001	      0.00000000	      0.00000000
      1.79000000	     13.70944467	     -4.89394380	      3.68670173	     -0.28506611	      0.88465741	      0.16507342	      4.32624770	      3.59240792	    -24.85630217	     25.86403537	      0.10964052	      0.45141258	     15.19306618	     33.22109107	     -7.50874043	    -21.33254922	     -6.85651667	    -13.66678156	     46.48616847	    -11.54594573	      0.81133670	     11.35099329	     26.19213502	     -7.50874043	    -35.80426400	      8.54501977	      1.81568214	     -0.75138049	    -16.16238741	      0.18850209	     44.67881310	     90.00000001	      0.00000000	      0.00000000	     21.23124984	    -14.51382446	      9.21828629	     51.72202591	     90.00000001	      0.00000000	      0.00000000
      1.80000000	     13.74247944	     -4.87230478	      4.03968719	     -0.27279995	      0.88719536	      0.16596065	      2.80638184	      3.83617268	    -25.34032913	     24.74992765	      0.20623698	      0.43196773	     15.73416402	     33.91522177	     -7.50849296	    -19.29225301	     -7.10601953	    -13.93049103	     49.01806150	    -12.56539913	      0.85552657	     11.89735064	     25.76769268	     -7.50849296	    -35.92862816	      8.59612577	      1.75684398	     -0.48829740	    -16.18069971	      0.19831844	     45.06884805	     90.00000001	      0.00000000	      0.00000000	     20.73038423	    -14.47044412	      9.45290828	     51.30910911	     90.00000001	      0.00000000	      0.00000000
      1.81000000	     13.78477940	     -4.70905253	      4.45918724	     -0.26065757	      0.88965681	      0.16670497	      1.30183757	      3.90821056	    -25.98246380	     23.70734849	      0.30634240	      0.41377129	     16.12424456	     34.68950344	     -7.50823963	    -17.20142156	     -7.14379411	    -14.13470929	     51.21306814	    -13.59127230	      0.89383666	     12.70064180	     25.31887347	     -7.50823963	    -36.05837522	      8.52011361	      1.60871075	     -0.26617639	    -16.15653377	      0.19993745	     45.52716663	     90.00000001	      0.00000000	      0.00000000	     20.27630860	    -14.47418992	      9.73028080	     50.83176822	     90.00000001	      0.00000000	      0.00000000
      1.82000000	     13.82042224	     -4.40997823	      4.88605374	     -0.24863724	      0.89198327	      0.16730459	     -0.14771659	      3.83364146	    -26.56395504	     22.76478496	      0.40709446	      0.39732045	     16.52308095	     35.37562898	     -7.50795704	    -15.08199311	     -6.96473529	    -14.24345737	     53.06760987	    -14.48266054	      0.92620452	     13.59766372	     24.73374576	     -7.50795704	    -36.19083799	      8.31794975	      1.41238127	     -0.05295787	    -16.13222626	      0.20320851	     46.04355157	     90.00000001	      0.00000000	      0.00000000	     19.84052546	    -14.48794573	     10.02593387	     50.32084749	     90.00000001	      0.00000000	      0.00000000
      1.83000000	     13.84804425	     -3.97364505	      5.27712944	     -0.23676594	      0.89422158	      0.16774449	     -1.58197768	      3.57651914	    -26.69433875	     21.89835875	      0.74991085	      0.38219846	     16.98376158	     35.53039026	     -7.50777709	    -12.98075857	     -6.52021698	    -14.36335997	     54.50720358	    -15.31584308	      0.95133017	     14.46413733	     24.07585163	     -7.50777709	    -36.33267765	      7.97766264	      1.18478303	      0.17218879	    -16.12230184	      0.23458169	     46.57961606	     90.00000001	      0.00000000	      0.00000000	     19.40118679	    -14.48041086	     10.20603440	     49.80989676	     90.00000001	      0.00000000	      0.00000000
      1.84000000	     13.81490621	     -3.59360217	      5.66694943	     -0.22498664	      0.89615285	      0.16837661	     -2.87152126	      3.44212646	    -26.95398050	     21.07982531	      0.90422625	      0.36791236	     17.41324658	     35.91298359	     -7.50748097	    -10.80219336	     -6.12921869	    -14.23833320	     55.75621340	    -15.77514878	      0.97312950	     15.53352419	     23.11064575	     -7.50748097	    -36.42237285	      7.66061165	      1.02221420	      0.34263267	    -16.14206986	      0.31708071	     47.21002347	     90.00000001	      0.00000000	      0.00000000	     18.99185215	    -14.52230364	     10.48993820	     49.23134087	     90.00000001	      0.00000000	      0.00000000
      1.85000000	     13.78278229	     -3.07710885	      5.95453930	     -0.21326480	      0.89794170	      0.16900119	     -4.14175861	      3.11494108	    -26.72150455	     20.38879519	      1.28136535	      0.35585161	     17.82663871	     35.58483828	     -7.50736798	     -8.70227421	     -5.50542365	    -14.36864438	     56.52742450	    -16.25796169	      0.98658968	     16.30721872	     22.54547714	     -7.50736798	    -36.53618639	      7.15890885	      0.85091193	      0.56695764	    -16.12641410	      0.36719815	     47.76664533	     90.00000001	      0.00000000	      0.00000000	     18.52409190	    -14.56517605	     10.55665484	     48.78660914	     90.00000001	      0.00000000	      0.00000000
      1.86000000	     13.76559756	     -2.74104222	      6.21245761	     -0.20140929	      0.89946191	      0.16953720	     -5.44586884	      3.02286523	    -26.37938252	     19.56986700	      1.61334206	      0.34155861	     18.38553288	     35.61511881	     -7.50716562	     -6.70531571	     -5.04126561	    -14.24237794	     57.03628030	    -16.34573009	      0.99547088	     17.59131657	     21.42822001	     -7.50716562	    -36.62838512	      6.87008994	      0.84652094	      0.69107470	    -16.30594253	      0.52725494	     48.53669694	     90.00000001	      0.00000000	      0.00000000	     18.04714215	    -14.52477235	     10.74674436	     48.15201210	     90.00000001	      0.00000000	      0.00000000
      1.87000000	     13.68401874	     -2.35897427	      6.42504422	     -0.18964284	      0.90068785	      0.17014567	     -6.62500900	      2.84727652	    -25.92483260	     18.87355627	      1.97789525	      0.32940570	     18.83066696	     35.31695851	     -7.50702982	     -4.68341079	     -4.48269326	    -14.21858552	     57.19095509	    -16.40374517	      0.99817047	     18.50389163	     20.66244083	     -7.50702982	    -36.67945055	      6.49525657	      0.82130254	      0.85350767	    -16.41421516	      0.62793973	     49.22398166	     90.00000001	      0.00000000	      0.00000000	     17.49868042	    -14.55135919	     10.83238380	     47.68537509	     90.00000001	      0.00000000	      0.00000000
      1.88000000	     13.75934362	     -2.04253643	      6.46860821	     -0.17764705	      0.90183689	      0.17106443	     -8.02211651	      2.82242511	    -25.19515496	     18.01153777	      2.29346230	      0.31436064	     19.28556161	     35.01787264	     -7.50682241	     -3.00979714	     -4.03735259	    -14.08563024	     56.99237112	    -16.02699780	      0.99470452	     19.55422421	     19.53236485	     -7.50682241	    -36.86291372	      6.10629956	      1.03211679	      0.94697664	    -16.65910163	      0.85192579	     50.10210156	     90.00000001	      0.00000000	      0.00000000	     16.96154872	    -14.52841667	     10.94896451	     47.16579261	     90.00000001	      0.00000000	      0.00000000
      1.89000000	     13.83540990	     -1.76726258	      6.45916389	     -0.16559837	      0.90277144	      0.17195086	     -9.43100656	      2.82961094	    -24.25993190	     17.10284729	      2.64818495	      0.29850100	     19.63312954	     34.48185094	     -7.50657208	     -1.43094222	     -3.61214500	    -14.01789702	     56.43193247	    -15.59753398	      0.98492302	     20.39176050	     18.50831022	     -7.50657208	    -37.04665136	      5.74474912	      1.27948873	      1.04839333	    -16.92541511	      1.05600013	     50.96235439	     90.00000001	      0.00000000	      0.00000000	     16.33906100	    -14.53143465	     11.04334808	     46.72091091	     90.00000001	      0.00000000	      0.00000000
      1.90000000	     13.79379496	     -1.55672604	      6.40336284	     -0.15365328	      0.90319057	      0.17288182	    -10.62724556	      2.87512128	    -23.44688855	     16.32929895	      2.89139848	      0.28500003	     20.15185331	     34.12263730	     -7.50644456	      0.26065614	     -3.24018249	    -14.12909350	     55.66208889	    -15.24619659	      0.97148672	     21.29601121	     17.77679045	     -7.50644456	    -37.11143465	      5.43119479	      1.56869705	      1.20422171	    -17.17126798	      1.14332651	     51.72484398	     90.00000001	      0.00000000	      0.00000000	     15.68863134	    -14.52652433	     11.08748226	     46.29604756	     90.00000001	      0.00000000	      0.00000000
      1.91000000	     13.93673638	     -1.39256126	      6.19193509	     -0.14137295	      0.90360859	      0.17403373	    -12.10619636	      3.00707629	    -22.32949878	     15.36562064	      3.12858341	      0.26818067	     20.60893235	     33.72312018	     -7.50630693	      1.54277695	     -2.98885864	    -14.31286841	     54.45996417	    -14.66617149	      0.95050569	     22.09292864	     16.93102407	     -7.50630693	    -37.32677585	      5.08783032	      2.04474890	      1.27432171	    -17.51085508	      1.30054090	     52.60007420	     90.00000001	      0.00000000	      0.00000000	     14.99880585	    -14.49387749	     11.13289129	     45.84876202	     90.00000001	      0.00000000	      0.00000000
      1.92000000	     14.11858348	     -1.25316191	      5.92573304	     -0.12902702	      0.90383330	      0.17518894	    -13.64761048	      3.14906896	    -21.10955015	     14.35416357	      3.33599975	      0.25052742	     20.95397567	     33.21001795	     -7.50616930	      2.68114138	     -2.76456114	    -14.57860069	     52.96540878	    -14.08681944	      0.92442077	     22.69168209	     16.14543582	     -7.50616930	    -37.57751141	      4.75352106	      2.57268622	      1.37363644	    -17.88292998	      1.46137125	     53.42734091	     90.00000001	      0.00000000	      0.00000000	     14.28326107	    -14.47261181	     11.17360472	     45.45016718	     90.00000001	      0.00000000	      0.00000000
      1.93000000	     14.45894034	     -1.18282549	      5.53375338	     -0.11644898	      0.90416714	      0.17635907	    -15.61933202	      3.35654252	    -18.54470311	     12.76754467	      3.97042131	      0.22283569	     20.67733846	     30.67053120	     -7.50562036	      3.45913736	     -2.66038078	    -15.18408216	     51.01561599	    -13.55306136	      0.89039047	     22.97680229	     15.77426774	     -7.50562036	    -37.98496728	      4.46481117	      3.20441771	      1.50149466	    -18.32169430	      1.71995939	     54.22644279	     90.00000001	      0.00000000	      0.00000000	     13.47267078	    -14.44411859	     11.22809136	     45.16282819	     90.00000001	      0.00000000	      0.00000000
      1.94000000	     14.53696783	     -1.15208215	      5.22391695	     -0.10416230	      0.90368960	      0.17750591	    -16.99599035	      3.55612700	    -17.63196540	     11.84209170	      3.98573576	      0.20668349	     21.19312670	     30.63409419	     -7.50549163	      4.57871499	     -2.56785230	    -15.54516695	     49.09252528	    -12.91581001	      0.85682620	     23.46962538	     15.12090380	     -7.50549163	    -38.11269261	      4.22392113	      3.78133812	      1.67868574	    -18.67493746	      1.79690023	     54.87851250	     90.00000001	      0.00000000	      0.00000000	     12.71262732	    -14.38695057	     11.18847836	     44.72148388	     90.00000001	      0.00000000	      0.00000000
      1.95000000	     14.68687891	     -1.11472847	      4.89417328	     -0.09166625	      0.90310484	      0.17860373	    -18.55793964	      3.70071429	    -16.62288848	     10.74810529	      4.12869354	      0.18758983	     21.42637611	     30.40389572	     -7.50536253	      5.47431621	     -2.47494922	    -16.00791634	     46.83372477	    -12.28627440	      0.81740270	     23.64898860	     14.71625303	     -7.50536253	    -38.29427097	      3.96855802	      4.34365046	      1.84813001	    -19.04486365	      1.90795747	     55.46679175	     90.00000001	      0.00000000	      0.00000000	     11.88637748	    -14.35740589	     11.09364665	     44.34828206	     90.00000001	      0.00000000	      0.00000000
      1.96000000	     14.93471638	     -1.10441732	      4.51756808	     -0.07912977	      0.90253026	      0.17946501	    -20.46155421	      3.85342392	    -14.51927610	      9.10730107	      4.50052539	      0.15895239	     21.06389231	     28.36933129	     -7.50489802	      6.13663656	     -2.38796209	    -16.84682006	     44.19242648	    -11.87195848	      0.77130335	     23.69842914	     15.23682420	     -7.50489802	    -38.56690649	      3.76140086	      4.93697054	      2.09184849	    -19.50313912	      2.11315769	     55.99084809	     90.00000001	      0.00000000	      0.00000000	     11.02536853	    -14.23898998	     10.82466887	     44.14954356	     90.00000001	      0.00000000	      0.00000000
      1.97000000	     14.96316853	     -1.18144988	      4.25791853	     -0.06680255	      0.90129328	      0.18041753	    -21.91296714	      4.06720848	    -13.92113117	      7.96539506	      4.57028612	      0.13902237	     21.23734079	     28.55936677	     -7.50475128	      7.06156739	     -2.38925019	    -17.05489615	     41.66320566	    -11.08067661	      0.72716012	     23.65303779	     15.11667032	     -7.50475128	    -38.61782665	      3.65079015	      5.49154978	      2.35994620	    -19.84456824	      2.16513825	     56.37086523	     90.00000001	      0.00000000	      0.00000000	     10.22046876	    -14.15238393	     10.60036611	     43.74850201	     90.00000001	      0.00000000	      0.00000000
      1.98000000	     14.78768339	     -1.43109177	      4.14671900	     -0.05491344	      0.89955025	      0.18127158	    -22.96308358	      4.57033919	    -13.65887028	      7.11531786	      4.36948057	      0.12418572	     21.50867228	     28.62709788	     -7.50465780	      8.28360961	     -2.50541333	    -16.98774505	     39.13035511	    -10.34794306	      0.68295353	     23.47795041	     15.25797439	     -7.50465780	    -38.49289775	      3.76307498	      5.97333349	      2.74302778	    -20.16278141	      2.19284478	     56.60195019	     90.00000001	      0.00000000	      0.00000000	      9.42679354	    -14.10524010	     10.39448389	     43.40365665	     90.00000001	      0.00000000	      0.00000000
      1.99000000	     14.89200454	     -1.42089129	      3.93935222	     -0.04230043	      0.89804190	      0.18173783	    -24.66088511	      4.57134505	    -13.28187691	      5.76233966	      4.70852914	      0.10057180	     21.19793911	     28.72636144	     -7.50442150	      8.88310905	     -2.36884415	    -17.34309423	     36.14170506	     -9.58050298	      0.63079175	     23.06238799	     16.21421742	     -7.50442150	    -38.58462630	      3.63586228	      6.34621174	      3.06586039	    -20.50320114	      2.33184694	     56.86152240	     90.00000001	      0.00000000	      0.00000000	      8.50594124	    -13.95735236	      9.75326593	     43.19642817	     90.00000001	      0.00000000	      0.00000000
      2.00000000	     14.61937391	     -1.75856804	      3.95642125	     -0.03044352	      0.89577370	      0.18235333	    -25.63372957	      5.14647120	    -13.37930183	      4.88387160	      4.60765842	      0.08523964	     21.36580339	     29.12745626	     -7.50432141	     10.10331212	     -2.60025297	    -16.87508731	     33.52672541	     -8.54331332	      0.58515175	     22.60240285	     16.88255565	     -7.50432141	    -38.34849179	      3.90063529	      6.73732148	      3.51386619	    -20.76413907	      2.34157397	     56.92348533	     90.00000001	      0.00000000	      0.00000000	      7.73485319	    -13.87861549	      9.47325194	     42.77746806	     90.00000001	      0.00000000	      0.00000000
      2.01000000	     14.48442860	     -1.90606904	      3.92298536	     -0.01817113	      0.89354884	      0.18261473	    -26.81671203	      5.34463031	    -14.06612235	      4.07073891	      4.80855385	      0.07104780	     21.16445128	     30.01453485	     -7.50415642	     10.95904646	     -2.52377158	    -16.68976313	     30.58700541	     -7.75062814	      0.53384395	     21.89967713	     17.96256594	     -7.50415642	    -38.20465290	      3.98877775	      7.01710533	      3.92044795	    -21.01733337	      2.36095597	     56.96639769	     90.00000001	      0.00000000	      0.00000000	      6.86208398	    -13.74351444	      8.83697714	     42.52692916	     90.00000001	      0.00000000	      0.00000000
      2.02000000	     14.04159565	     -2.45447931	      4.14149926	     -0.00650739	      0.89069822	      0.18304207	    -27.41625998	      6.25151693	    -14.55723203	      3.56114617	      4.56470417	      0.06215373	     21.53113487	     30.41248112	     -7.50408141	     12.36762748	     -2.91067178	    -15.81847537	     28.10267790	     -6.74727875	      0.49048426	     21.16527414	     18.92516070	     -7.50408141	    -37.78972024	      4.53602735	      7.37934954	      4.34234093	    -21.26356889	      2.33608617	     56.92873004	     90.00000001	      0.00000000	      0.00000000	      6.15073597	    -13.66200087	      8.61704647	     42.13953028	     90.00000001	      0.00000000	      0.00000000
      2.03000000	     13.78029879	     -2.59540481	      4.27493816	      0.00568630	      0.88806277	      0.18290291	    -28.16939075	      6.38992068	    -16.74515266	      3.48142896	      4.77429750	      0.06076240	     21.67380590	     33.01733826	     -7.50377715	     13.24951014	     -2.76001548	    -15.35309504	     25.23174485	     -5.93934938	      0.44037702	     20.19847961	     20.43098718	     -7.50377715	    -37.52665257	      4.70974259	      7.42961471	      4.83062450	    -21.40042320	      2.29657060	     56.81551641	     90.00000001	      0.00000000	      0.00000000	      5.31878720	    -13.49154157	      7.70791037	     41.77951392	     90.00000001	      0.00000000	      0.00000000
      2.04000000	     13.34855341	     -3.01228626	      4.52948823	      0.01763138	      0.88514270	      0.18294323	    -28.68787238	      7.00280484	    -17.83144506	      3.29492159	      4.79881433	      0.05750723	     21.65970704	     33.86856292	     -7.50364116	     14.41038736	     -2.91297469	    -14.57462566	     22.72654156	     -5.12215245	      0.39665298	     19.23269360	     21.75314595	     -7.50364116	    -37.07873361	      5.16496466	      7.59956965	      5.25787883	    -21.50104244	      2.14700176	     56.60719990	     90.00000001	      0.00000000	      0.00000000	      4.60672543	    -13.41791187	      7.38020454	     41.33482021	     90.00000001	      0.00000000	      0.00000000
      2.05000000	     12.78995880	     -3.62540356	      4.84937110	      0.02946545	      0.88197260	      0.18301063	    -28.97905252	      7.95390828	    -18.36603320	      3.14429250	      4.54054241	      0.05487826	     21.91573190	     34.12389303	     -7.50356911	     15.78421807	     -3.25386640	    -13.69074355	     20.60434981	     -4.39339810	      0.35961374	     18.48949306	     22.89175670	     -7.50356911	    -36.50369703	      5.82517634	      7.82461269	      5.61273913	    -21.63042598	      2.04347000	     56.46725372	     90.00000001	      0.00000000	      0.00000000	      3.90889085	    -13.34482182	      7.18987938	     40.92495533	     90.00000001	      0.00000000	      0.00000000
      2.06000000	     12.38310768	     -3.94032686	      5.15229589	      0.04170312	      0.87905810	      0.18256699	    -29.25797642	      8.29700550	    -20.48444870	      3.71395279	      4.60359436	      0.06482070	     22.14569443	     36.14360955	     -7.50337347	     16.83345414	     -3.18533312	    -13.38445625	     18.57986147	     -3.97974492	      0.32427976	     17.67821102	     24.60432146	     -7.50337347	    -36.04854473	      6.23550061	      7.81378855	      6.03437211	    -21.63688018	      1.77437189	     56.16433522	     90.00000001	      0.00000000	      0.00000000	      3.22190788	    -13.13583496	      6.30413796	     40.41361347	     90.00000001	      0.00000000	      0.00000000
      2.07000000	     11.88497298	     -4.42887236	      5.46388711	      0.05387845	      0.87611951	      0.18232717	    -29.43020870	      8.94405167	    -21.33342739	      4.05755796	      4.45662456	      0.07081775	     22.12094945	     36.62806576	     -7.50323808	     18.01617944	     -3.29270406	    -12.96191338	     17.00486379	     -3.63127830	      0.29679086	     17.06183804	     25.89302004	     -7.50323808	    -35.48790923	      6.79348992	      7.89653790	      6.40126058	    -21.63184759	      1.53952787	     55.82566715	     90.00000001	      0.00000000	      0.00000000	      2.59696523	    -13.01878980	      5.95179990	     39.86669081	     90.00000001	      0.00000000	      0.00000000
      2.08000000	     11.39586635	     -4.96142167	      5.77370190	      0.06625741	      0.87325679	      0.18207597	    -29.54435707	      9.64811090	    -21.79188900	      4.51203538	      4.17838781	      0.07874987	     22.22661701	     36.90804703	     -7.50314907	     19.14531061	     -3.44503839	    -12.48085116	     15.83592216	     -3.30613323	      0.27638898	     16.68959142	     26.89708965	     -7.50314907	    -34.91534069	      7.38754989	      7.98770933	      6.70858638	    -21.62368069	      1.32865597	     55.46891691	     90.00000001	      0.00000000	      0.00000000	      1.99418852	    -12.92049949	      5.66986541	     39.28443862	     90.00000001	      0.00000000	      0.00000000
      2.09000000	     10.97982405	     -5.29421034	      5.96364997	      0.07909293	      0.87063483	      0.18158712	    -29.62518258	      9.93954350	    -22.69661627	      5.38976707	      3.98460633	      0.09406918	     22.28746984	     37.45892911	     -7.50301709	     20.13584116	     -3.36279445	    -12.68362697	     15.15284749	     -3.28295933	      0.26446708	     16.45227011	     28.23090990	     -7.50301709	    -34.37791203	      7.75924871	      8.05064538	      6.93903179	    -21.55019644	      0.97006779	     55.10257829	     90.00000001	      0.00000000	      0.00000000	      1.37243174	    -12.70125056	      4.97981907	     38.71044331	     90.00000001	      0.00000000	      0.00000000
      2.10000000	     10.53979570	     -5.58437233	      6.01455430	      0.09212620	      0.86817695	      0.18137284	    -29.70166853	     10.18179795	    -22.46660469	      6.12397854	      3.72143002	      0.10688359	     22.17128785	     37.30040127	     -7.50299258	     21.06563292	     -3.29994574	    -12.59716293	     14.96324746	     -3.18523314	      0.26115793	     16.34000140	     28.11572141	     -7.50299258	    -33.82140250	      7.99009557	      8.22020719	      6.94357839	    -21.57798900	      0.89977268	     55.01908160	     90.00000001	      0.00000000	      0.00000000	      0.71130243	    -12.70020566	      4.94412388	     38.45826083	     90.00000001	      0.00000000	      0.00000000
      2.11000000	     10.25744229	     -5.89919669	      6.17293162	      0.10550807	      0.86610102	      0.18086357	    -29.72600014	     10.40584820	    -23.30542241	      7.42584391	      3.28574946	      0.12960543	     22.29069027	     37.92845111	     -7.50285745	     21.68983574	     -3.17895571	    -12.58496978	     14.86690199	     -3.32341862	      0.25947639	     16.29634242	     29.69103872	     -7.50285745	    -33.36018086	      8.32728349	      8.25027619	      7.22618251	    -21.34327185	      0.40762990	     54.27552507	     90.00000001	      0.00000000	      0.00000000	      0.26920702	    -12.40356630	      3.96576485	     37.50623088	     90.00000001	      0.00000000	      0.00000000
      2.12000000	      9.95536289	     -6.10149534	      6.18199381	      0.11909220	      0.86424598	      0.18042473	    -29.76107247	     10.44672654	    -23.28511840	      8.61115203	      2.88775007	      0.15029296	     22.12729865	     37.96038222	     -7.50280673	     22.22549490	     -2.98020258	    -12.32157072	     15.21539374	     -3.47068886	      0.26555872	     16.18157286	     29.83265541	     -7.50280673	    -32.89080434	      8.48262696	      8.36978908	      7.29825740	    -21.24384363	      0.20680935	     53.78327585	     90.00000001	      0.00000000	      0.00000000	     -0.23320455	    -12.30732838	      3.71554982	     36.89666813	     90.00000001	      0.00000000	      0.00000000
      2.13000000	      9.69360294	     -6.11994904	      6.10890045	      0.13305560	      0.86264880	      0.17989446	    -29.78874394	     10.19222278	    -23.39454795	     10.00164378	      2.50822760	      0.17456161	     21.90674695	     38.08850205	     -7.50274383	     22.60237464	     -2.58423436	    -12.16687827	     15.87309233	     -3.80485754	      0.27703772	     16.01200215	     29.97711427	     -7.50274383	    -32.44267307	      8.42538755	      8.43956021	      7.28473328	    -21.05512966	     -0.12147111	     53.32436746	     90.00000001	      0.00000000	      0.00000000	     -0.70184132	    -12.19018769	      3.20099203	     36.27488984	     90.00000001	      0.00000000	      0.00000000
      2.14000000	      9.45872012	     -6.07079402	      5.96592110	      0.14723782	      0.86134365	      0.17932551	    -29.80964194	      9.81043480	    -23.38771640	     11.44980905	      2.12225799	      0.19983687	     21.52412682	     38.17613973	     -7.50269062	     22.86368046	     -2.12979393	    -11.90176363	     16.81509544	     -4.25284187	      0.29347878	     15.73413123	     29.97839420	     -7.50269062	    -32.01726275	      8.27557848	      8.52922740	      7.20836417	    -20.88007096	     -0.41038453	     52.87330313	     90.00000001	      0.00000000	      0.00000000	     -1.15917303	    -12.06789996	      2.72482787	     35.70372815	     90.00000001	      0.00000000	      0.00000000
      2.15000000	      9.24978181	     -5.90741137	      5.79702095	      0.16165526	      0.86028196	      0.17867386	    -29.82571310	      9.26694346	    -23.42305091	     12.98033505	      1.74066238	      0.22654958	     20.94623732	     38.23090433	     -7.50263966	     23.06430194	     -1.57390036	    -11.63524528	     18.05750125	     -4.83077929	      0.31516285	     15.41231403	     29.84922542	     -7.50263966	    -31.60528197	      8.00752988	      8.58024115	      7.07756355	    -20.66040095	     -0.72732106	     52.40469637	     90.00000001	      0.00000000	      0.00000000	     -1.55994998	    -11.96716959	      2.19642366	     35.11863390	     90.00000001	      0.00000000	      0.00000000
      2.16000000	      9.06932546	     -5.73218110	      5.60335669	      0.17611243	      0.85957332	      0.17805548	    -29.83933873	      8.74987413	    -23.04512041	     14.44536843	      1.32968893	      0.25211924	     20.22017380	     38.17561412	     -7.50261428	     23.13776079	     -1.01430193	    -11.00784618	     19.38228649	     -5.42482452	      0.33828472	     15.11892434	     29.66596397	     -7.50261428	    -31.25491986	      7.70439811	      8.63884010	      6.88650164	    -20.48130538	     -0.90947960	     52.05071429	     90.00000001	      0.00000000	      0.00000000	     -1.96088974	    -11.93214458	      1.93941622	     34.69032621	     90.00000001	      0.00000000	      0.00000000
      2.17000000	      8.95554890	     -5.28861412	      5.42025617	      0.19097838	      0.85909267	      0.17714995	    -29.84677202	      7.78799510	    -23.87061421	     16.22990455	      0.94043894	      0.28326527	     19.04155615	     38.46126453	     -7.50251744	     23.30186621	     -0.26771447	    -11.10124323	     21.35737873	     -6.20268186	      0.37275658	     15.02547512	     29.12327901	     -7.50251744	    -30.92264038	      7.15868488	      8.57979718	      6.63697793	    -20.07750255	     -1.60373048	     51.49313045	     90.00000001	      0.00000000	      0.00000000	     -2.14699461	    -11.72199956	      0.60916381	     33.94211912	     90.00000001	      0.00000000	      0.00000000
      2.18000000	      8.86375897	     -4.86511426	      5.19087515	      0.20587802	      0.85894423	      0.17638227	    -29.85299908	      6.90298187	    -23.99966051	     17.89873345	      0.57006112	      0.31239183	     17.49644176	     38.39495817	     -7.50246547	     23.37841867	      0.36453350	    -10.89388971	     23.37326092	     -6.83750267	      0.40794036	     15.00660793	     28.15488789	     -7.50246547	    -30.63665628	      6.59290778	      8.53378491	      6.35922440	    -19.78186636	     -1.82085833	     51.04900125	     90.00000001	      0.00000000	      0.00000000	     -2.37316671	    -11.68587123	      0.15611055	     33.37497726	     90.00000001	      0.00000000	      0.00000000
      2.19000000	      8.84983097	     -4.35913722	      4.98312890	      0.22087575	      0.85916917	      0.17559723	    -29.85582994	      5.91629943	    -24.41332984	     19.66588173	      0.18758262	      0.34323439	     15.63493888	     38.38861988	     -7.50241197	     23.27789876	      0.99244642	    -10.57559883	     25.35797453	     -7.28275745	      0.44258015	     15.21846836	     26.84658813	     -7.50241197	    -30.44261869	      5.94111341	      8.50679449	      5.96460080	    -19.46517970	     -2.14283525	     50.64346702	     90.00000001	      0.00000000	      0.00000000	     -2.49161666	    -11.67441914	     -0.40937449	     32.86287276	     90.00000001	      0.00000000	      0.00000000
      2.20000000	      8.92800806	     -3.73724196	      4.77180273	      0.23590339	      0.85985712	      0.17469424	    -29.85524845	      4.76047222	    -25.02738289	     21.55895657	     -0.19800483	      0.37627478	     13.39309404	     38.39977615	     -7.50235124	     22.87726079	      1.67818451	    -10.00642692	     27.09741144	     -7.44358970	      0.47293905	     15.52094486	     24.96617739	     -7.50235124	    -30.37411805	      5.18084523	      8.41844582	      5.54880659	    -19.11435652	     -2.50550610	     50.32114628	     90.00000001	      0.00000000	      0.00000000	     -2.53047427	    -11.64485369	     -1.13428243	     32.37864422	     90.00000001	      0.00000000	      0.00000000
      2.21000000	      9.11205992	     -3.14603353	      4.49690215	      0.25091660	      0.86096231	      0.17399115	    -29.84936992	      3.57924899	    -25.33386088	     23.60213756	     -0.44841998	      0.41193501	     11.21941630	     38.09716880	     -7.50232974	     22.28731322	      2.10406508	     -9.72353894	     28.74868494	     -7.30050374	      0.50175921	     16.00917780	     23.85275555	     -7.50232974	    -30.43902435	      4.41298667	      8.39967758	      5.12259492	    -18.82399000	     -2.61891410	     49.99130506	     90.00000001	      0.00000000	      0.00000000	     -2.53896816	    -11.70871556	     -1.40469874	     32.03844536	     90.00000001	      0.00000000	      0.00000000
      2.22000000	      9.40553390	     -2.09357866	      4.29320183	      0.26579053	      0.86278426	      0.17278692	    -29.84403258	      1.91878036	    -26.52082144	     25.75479919	     -0.98591536	      0.44950604	      8.24781430	     38.14140126	     -7.50222538	     20.95938492	      3.34374404	     -8.30779409	     29.33131755	     -6.95254906	      0.51192807	     16.09707938	     20.25602612	     -7.50222538	    -30.69998807	      3.22781990	      8.14646708	      4.64335541	    -18.42472831	     -2.92304708	     49.79320848	     90.00000001	      0.00000000	      0.00000000	     -2.33070848	    -11.67884000	     -2.44339837	     31.65721980	     90.00000001	      0.00000000	      0.00000000
      2.23000000	      9.82163398	     -1.37315238	      3.96417277	      0.28071050	      0.86483870	      0.17217764	    -29.83112496	      0.60839790	    -26.87133785	     27.94346038	     -1.40124875	      0.48770539	      5.59904204	     37.61856457	     -7.50219651	     19.67345505	      3.86314445	     -8.36204080	     30.11302621	     -6.70744177	      0.52557146	     17.01174411	     19.37434200	     -7.50219651	    -31.06596948	      2.31139419	      8.14455031	      4.16003832	    -18.15844623	     -2.89156346	     49.57457707	     90.00000001	      0.00000000	      0.00000000	     -2.18742177	    -11.79522301	     -2.62824879	     31.54058600	     90.00000001	      0.00000000	      0.00000000
      2.24000000	     10.36326123	     -0.30572081	      3.64443152	      0.29542380	      0.86747214	      0.17106668	    -29.81264824	     -1.18735701	    -27.62756228	     30.40108162	     -1.82454342	      0.53059897	      2.87401293	     37.33801400	     -7.50211209	     17.72673185	      5.00758835	     -7.98611646	     29.82503144	     -6.49646235	      0.52054500	     17.26422720	     18.04122065	     -7.50211209	    -31.63145603	      1.10683934	      7.86550722	      3.72953342	    -17.87635403	     -2.77754572	     49.49834545	     90.00000001	      0.00000000	      0.00000000	     -1.98761519	    -11.87752324	     -3.06209218	     31.48831167	     90.00000001	      0.00000000	      0.00000000
      2.25000000	     11.01297826	      0.48136635	      3.33459314	      0.31001618	      0.87034398	      0.17045813	    -29.78169441	     -2.56706137	    -27.87777016	     32.76941607	     -2.22241153	      0.57193420	      0.34950827	     36.50991762	     -7.50207809	     15.69651267	      5.72643156	     -8.25170226	     29.50125647	     -6.40229986	      0.51489406	     18.19199400	     17.90517006	     -7.50207809	    -32.30607826	      0.15078397	      7.74218993	      3.28116406	    -17.60848343	     -2.61172258	     49.40665107	     90.00000001	      0.00000000	      0.00000000	     -1.74106335	    -12.03421433	     -3.20322171	     31.64395239	     90.00000001	      0.00000000	      0.00000000
      2.26000000	     11.77125055	      1.27671102	      3.02324074	      0.32443193	      0.87354292	      0.16971315	    -29.73049653	     -4.01609810	    -28.01620108	     35.27953826	     -2.47916851	      0.61574410	     -1.74114131	     35.54260595	     -7.50204468	     13.32699673	      6.53607554	     -8.68443713	     28.63994912	     -6.43808871	      0.49986141	     18.86005824	     18.31223276	     -7.50204468	    -33.11657379	     -0.76128476	      7.50608428	      2.89745545	    -17.38593561	     -2.33091674	     49.35760994	     90.00000001	      0.00000000	      0.00000000	     -1.50092493	    -12.17572987	     -3.31649904	     31.93430160	     90.00000001	      0.00000000	      0.00000000
      2.27000000	     12.59002435	      1.99319059	      2.72284637	      0.33869691	      0.87686836	      0.16891151	    -29.63891568	     -5.41450339	    -27.73471774	     37.88848096	     -2.40093459	      0.66127874	     -3.07676042	     34.24714187	     -7.50196810	     10.79135819	      7.32867861	     -9.46457749	     27.42839878	     -6.69653095	      0.47871587	     19.28678929	     19.52691954	     -7.50196810	    -33.99647745	     -1.56225179	      7.20760029	      2.55985221	    -17.24978525	     -1.77708889	     49.31234851	     90.00000001	      0.00000000	      0.00000000	     -1.28382161	    -12.29492653	     -3.42364861	     32.37644177	     90.00000001	      0.00000000	      0.00000000
      2.28000000	     13.44444603	      2.48511909	      2.52207293	      0.35270495	      0.88028329	      0.16831258	    -29.43847716	     -6.42814801	    -27.50891082	     40.35681119	     -2.48970062	      0.70435923	     -4.13178794	     32.97251980	     -7.50192325	      8.20450749	      7.87445670	    -10.09062235	     26.17178753	     -6.87556465	      0.45678386	     20.06445915	     20.68204860	     -7.50192325	    -34.92367335	     -2.09700343	      6.87792335	      2.28695002	    -17.03417002	     -1.41345354	     49.26564227	     90.00000001	      0.00000000	      0.00000000	     -1.03947922	    -12.44391205	     -3.43557567	     32.89814621	     90.00000001	      0.00000000	      0.00000000
      2.29000000	     14.14654368	      2.74129680	      2.35151532	      0.36616458	      0.88349401	      0.16803367	    -28.82508157	     -7.17460152	    -27.22589089	     42.95092199	     -2.60635154	      0.74963501	     -4.41104965	     31.84570383	     -7.50188655	      5.85512666	      8.07377241	    -10.67701565	     24.98645317	     -6.85650116	      0.43609588	     20.73052531	     21.91896323	     -7.50188655	    -35.74244892	     -2.42076069	      6.65221089	      2.07834893	    -16.83540757	     -1.01369025	     49.08281860	     90.00000001	      0.00000000	      0.00000000	     -0.66809204	    -12.58552485	     -3.41413696	     33.48560573	     90.00000001	      0.00000000	      0.00000000
      2.30000000	     14.60063789	      2.94215239	      2.21304834	      0.37919169	      0.88624482	      0.16734990	    -27.73972898	     -7.95269968	    -26.50382580	     45.74356578	     -2.33989518	      0.79837583	     -3.84191987	     30.49428574	     -7.50180937	      3.92807724	      8.32537694	    -11.77166542	     23.88499869	     -7.21572105	      0.41687187	     21.08209299	     24.22038587	     -7.50180937	    -36.31431835	     -2.60652549	      6.26480475	      1.95512897	    -16.75833576	     -0.30674045	     48.91878320	     90.00000001	      0.00000000	      0.00000000	     -0.38438388	    -12.68600070	     -3.31366500	     34.13895620	     90.00000001	      0.00000000	      0.00000000
      2.31000000	     14.73558002	      2.91456483	      2.10422191	      0.39145398	      0.88855690	      0.16706897	    -25.96677029	     -8.39510662	    -26.26164216	     48.59817170	     -2.68884789	      0.84819811	     -2.87284790	     29.57074938	     -7.50175393	      2.47169896	      8.26835163	    -12.26969445	     23.03123223	     -7.23438010	      0.40197083	     21.72537590	     25.45234913	     -7.50175393	    -36.63015880	     -2.60639363	      6.00363753	      1.94313533	    -16.56076885	      0.06192693	     48.55461677	     90.00000001	      0.00000000	      0.00000000	      0.09575649	    -12.75534049	     -3.24487368	     34.65073263	     90.00000001	      0.00000000	      0.00000000
      2.32000000	     14.84483942	      2.63452406	      1.99545214	      0.40336430	      0.89091385	      0.16711943	    -24.02477718	     -8.43556692	    -25.96767942	     51.07067026	     -3.17864976	      0.89135135	     -2.00353885	     29.06636837	     -7.50172274	      1.05260245	      7.83189810	    -12.29299117	     22.24971381	     -6.87540829	      0.38833076	     22.26830007	     26.08298520	     -7.50172274	    -36.95621071	     -2.37275773	      5.89577646	      1.94858671	    -16.34574482	      0.28205645	     48.22616517	     90.00000001	      0.00000000	      0.00000000	      0.66445065	    -12.79078296	     -3.17199381	     35.20833457	     90.00000001	      0.00000000	      0.00000000
      2.33000000	     14.77310404	      2.68077510	      1.91446828	      0.41525006	      0.89265609	      0.16666237	    -21.87806297	     -8.98297182	    -25.93316056	     53.65493516	     -3.46968237	      0.93645528	      0.07755373	     28.55248916	     -7.50167564	     -0.09390944	      7.92376938	    -12.58886749	     21.47494310	     -6.90594599	      0.37480846	     22.70974031	     27.05860906	     -7.50167564	    -37.05833763	     -2.39745901	      5.48785748	      1.99151668	    -16.12058577	      0.65967868	     47.76706441	     90.00000001	      0.00000000	      0.00000000	      1.20693364	    -12.90918851	     -2.98997122	     35.73652865	     90.00000001	      0.00000000	      0.00000000
      2.34000000	     14.73192261	      2.53640831	      1.84296213	      0.42694557	      0.89441637	      0.16645630	    -19.70333024	     -9.19679806	    -25.85129063	     55.75840224	     -3.84690336	      0.97316770	      1.89535273	     28.42069483	     -7.50161898	     -1.21201709	      7.72626250	    -12.58834415	     20.87460215	     -6.71107343	      0.36433054	     23.13345443	     27.64829002	     -7.50161898	    -37.20973251	     -2.23902549	      5.22311309	      1.99632103	    -15.90994836	      0.93046916	     47.38840315	     90.00000001	      0.00000000	      0.00000000	      1.83599921	    -13.02034653	     -2.70416682	     36.31528410	     90.00000001	      0.00000000	      0.00000000
      2.35000000	     14.76084157	      2.24530820	      1.77796266	      0.43860497	      0.89623280	      0.16649044	    -17.57756143	     -9.11557353	    -25.80848031	     57.39142630	     -4.32337596	      1.00166935	      3.46158541	     28.14314977	     -7.50158733	     -2.45194128	      7.32501489	    -12.20919551	     20.22811757	     -6.32090914	      0.35304725	     23.63305488	     27.81250128	     -7.50158733	    -37.42297675	     -1.94687779	      5.06129820	      1.96288006	    -15.67982822	      1.05511294	     47.07418087	     90.00000001	      0.00000000	      0.00000000	      2.54612859	    -13.11803654	     -2.50466827	     36.87225555	     90.00000001	      0.00000000	      0.00000000
      2.36000000	     14.79701961	      1.99015674	      1.79649567	      0.45023948	      0.89784542	      0.16616491	    -15.50183005	     -9.06579412	    -25.80481559	     58.70045966	     -4.64262171	      1.02451629	      4.99412479	     27.91149985	     -7.50156126	     -3.61657692	      7.02050876	    -11.77981556	     19.73625003	     -6.04684389	      0.34446255	     24.00941107	     27.78097452	     -7.50156126	    -37.64189953	     -1.60245014	      4.79140043	      1.90938120	    -15.48399841	      1.13209282	     46.80858006	     90.00000001	      0.00000000	      0.00000000	      3.26580399	    -13.17922812	     -2.27278178	     37.39508889	     90.00000001	      0.00000000	      0.00000000
      2.37000000	     14.66673707	      1.89063886	      1.76462359	      0.46185896	      0.89898345	      0.16603909	    -13.20020144	     -9.12863281	    -25.88273483	     59.83350994	     -5.14306380	      1.04429175	      7.22968564	     27.70857352	     -7.50153158	     -4.69230027	      6.93394481	    -11.08281730	     19.03799837	     -5.74305215	      0.33227575	     24.50736202	     27.63785883	     -7.50153158	    -37.64911002	     -1.46795383	      4.53252115	      1.79673961	    -15.21572314	      1.20664690	     46.47781707	     90.00000001	      0.00000000	      0.00000000	      4.05917536	    -13.37193013	     -1.89120011	     37.96442141	     90.00000001	      0.00000000	      0.00000000
      2.38000000	     14.56694342	      2.04904231	      1.88926099	      0.47349351	      0.89983627	      0.16523890	    -11.05530108	     -9.61053150	    -26.28605420	     60.71714694	     -5.51411793	      1.05971413	      9.54665154	     28.21847232	     -7.50147512	     -5.79055093	      7.28028785	     -9.97055292	     18.39901633	     -5.64606484	      0.32112341	     24.57417030	     26.53499535	     -7.50147512	    -37.67815270	     -1.44288057	      3.97749018	      1.66554879	    -14.92088579	      1.10942584	     46.18805382	     90.00000001	      0.00000000	      0.00000000	      4.82561761	    -13.71937258	     -0.91019234	     38.51759830	     90.00000001	      0.00000000	      0.00000000
      2.39000000	     14.57184429	      1.94326524	      2.00534021	      0.48515358	      0.90080766	      0.16486661	     -9.03258074	     -9.59509749	    -26.51059456	     61.03205219	     -5.92646052	      1.06521026	     11.25350704	     28.18812087	     -7.50142166	     -7.07138523	      7.22202480	     -8.77113058	     17.64383131	     -5.35519879	      0.30794295	     24.83345879	     25.58575938	     -7.50142166	    -37.81309459	     -1.20303069	      3.63261223	      1.47549454	    -14.67307717	      1.01676111	     46.02695828	     90.00000001	      0.00000000	      0.00000000	      5.68437348	    -13.97427076	     -0.21848768	     39.05807093	     90.00000001	      0.00000000	      0.00000000
      2.40000000	     14.49440943	      1.71175583	      2.09960663	      0.49673767	      0.90145081	      0.16459756	     -6.89551042	     -9.35624704	    -26.37264373	     61.03262866	     -6.14359334	      1.06522032	     12.55368769	     27.83212779	     -7.50139505	     -8.14791457	      6.99560462	     -8.01372954	     17.05369639	     -5.16645975	      0.29764315	     25.23412537	     25.27314088	     -7.50139505	    -37.85459511	     -0.85626084	      3.37543496	      1.26364104	    -14.52061386	      1.01069825	     45.92460261	     90.00000001	      0.00000000	      0.00000000	      6.57354418	    -14.11636037	      0.07838214	     39.58742590	     90.00000001	      0.00000000	      0.00000000
      2.41000000	     14.56666010	      1.86051736	      2.31847507	      0.50851666	      0.90207365	      0.16391849	     -5.12922384	     -9.65462711	    -26.55483702	     60.74766567	     -6.26416428	      1.06024678	     14.29932294	     28.10456063	     -7.50131678	     -9.73947734	      7.31537234	     -6.01971731	     15.90656034	     -4.94049809	      0.27762185	     25.00800582	     23.32083892	     -7.50131678	    -38.03414638	     -0.79169765	      2.87228500	      0.98591356	    -14.21516545	      0.72482425	     45.85343707	     90.00000001	      0.00000000	      0.00000000	      7.48525276	    -14.57226325	      1.39822290	     40.17926040	     90.00000001	      0.00000000	      0.00000000
      2.42000000	     14.56768829	      1.80802202	      2.51266127	      0.52015358	      0.90237143	      0.16347981	     -3.26221736	     -9.61368372	    -26.48217758	     60.15186153	     -6.31131239	      1.04984803	     15.61024439	     27.74785169	     -7.50121946	    -11.08410639	      7.32285393	     -4.62065149	     15.01924341	     -4.79025951	      0.26213525	     25.16113486	     22.05859630	     -7.50121946	    -38.13191090	     -0.56622189	      2.47707174	      0.73603491	    -14.02666148	      0.62470852	     45.79610257	     90.00000001	      0.00000000	      0.00000000	      8.46009451	    -14.81821284	      1.97937362	     40.65509109	     90.00000001	      0.00000000	      0.00000000
      2.43000000	     14.51188999	      1.73095902	      2.68883323	      0.53182676	      0.90230580	      0.16312195	     -1.37278980	     -9.51548915	    -26.19543585	     59.30492067	     -6.18348041	      1.03506613	     16.85764068	     27.24732966	     -7.50118979	    -12.20110591	      7.24693385	     -4.00723910	     14.38979927	     -4.75788557	      0.25114938	     25.63631490	     21.99335865	     -7.50118979	    -38.15019676	     -0.33858253	      2.11996438	      0.47363775	    -13.87755427	      0.61162288	     45.74046914	     90.00000001	      0.00000000	      0.00000000	      9.45577866	    -14.97846468	      2.24540453	     41.08213778	     90.00000001	      0.00000000	      0.00000000
      2.44000000	     14.56643968	      1.73441770	      2.91331360	      0.54356896	      0.90223793	      0.16267175	      0.25595293	     -9.49598670	    -25.92456468	     58.09095747	     -5.97608923	      1.01387847	     17.88549446	     27.05284612	     -7.50110155	    -13.70428947	      7.30864558	     -2.60972877	     13.30516477	     -4.74432180	      0.23221893	     25.59211928	     20.86036054	     -7.50110155	    -38.28235254	     -0.15401061	      1.72691114	      0.15084501	    -13.70343982	      0.39721624	     45.79181308	     90.00000001	      0.00000000	      0.00000000	     10.47878959	    -15.31859144	      3.16717599	     41.57444848	     90.00000001	      0.00000000	      0.00000000
      2.45000000	     14.42289006	      1.69686929	      3.08822658	      0.55516057	      0.90160072	      0.16232954	      2.12257174	     -9.41137920	    -25.50673146	     56.73408340	     -5.71314281	      0.99019655	     18.79712410	     26.66139331	     -7.50107926	    -14.70988682	      7.28004845	     -2.20142731	     12.67495330	     -4.84004390	      0.22121967	     26.07990429	     20.97945768	     -7.50107926	    -38.20006695	      0.03327276	      1.38365617	     -0.12432744	    -13.60420249	      0.39259393	     45.74515646	     90.00000001	      0.00000000	      0.00000000	     11.53796055	    -15.44167625	      3.34056352	     41.94055565	     90.00000001	      0.00000000	      0.00000000
      2.46000000	     14.29014578	      1.72358599	      3.23737971	      0.56677907	      0.90078566	      0.16205205	      3.87288248	     -9.37290205	    -25.03364502	     55.06167274	     -5.39124583	      0.96100748	     19.46612885	     26.38788920	     -7.50106056	    -15.74942680	      7.32888496	     -1.88159691	     12.01868916	     -4.99407112	      0.20976570	     26.41405919	     21.09632524	     -7.50106056	    -38.11345351	      0.13285723	      1.01012652	     -0.39419882	    -13.51185292	      0.35782259	     45.76028020	     90.00000001	      0.00000000	      0.00000000	     12.60101230	    -15.62208737	      3.57762684	     42.28467155	     90.00000001	      0.00000000	      0.00000000
      2.47000000	     14.10980155	      1.84856486	      3.39835345	      0.57826753	      0.89978504	      0.16176189	      5.61462841	     -9.45300778	    -24.58467296	     53.20071557	     -5.02697300	      0.92852765	     19.93413457	     26.16817305	     -7.50104492	    -16.69681543	      7.42301714	     -1.74111500	     11.40638653	     -5.05874627	      0.19907900	     26.67149049	     21.20368823	     -7.50104492	    -38.03063252	      0.14379859	      0.61419790	     -0.68678731	    -13.39203440	      0.34250947	     45.78261281	     90.00000001	      0.00000000	      0.00000000	     13.68370187	    -15.75265172	      3.80539944	     42.62959350	     90.00000001	      0.00000000	      0.00000000
      2.48000000	     14.56704587	      1.73446540	      3.57069753	      0.59073395	      0.89956089	      0.16187755	      6.24787524	     -9.15938319	    -24.52804267	     50.63380356	     -4.70608934	      0.88372658	     20.41581653	     27.10685922	     -7.50097669	    -19.08824652	      7.11084299	     -0.51707561	      9.43959024	     -4.84890758	      0.16475193	     26.50406442	     21.09923532	     -7.50097669	    -38.45743733	      0.38469248	      0.47837497	     -1.12261507	    -13.25733205	      0.03288963	     45.96192322	     90.00000001	      0.00000000	      0.00000000	     14.86019628	    -16.11694751	      5.07637136	     42.91394982	     90.00000001	      0.00000000	      0.00000000
      2.49000000	     14.51838107	      1.82795909	      3.65273260	      0.60254553	      0.89838649	      0.16173602	      7.57417947	     -9.19832394	    -24.02607141	     48.26283373	     -4.09125207	      0.84234535	     20.65743879	     27.54751227	     -7.50094214	    -20.41994807	      7.14037239	     -0.42390989	      8.37919495	     -4.88356658	      0.14624454	     26.57400020	     21.62165066	     -7.50094214	    -38.43608277	      0.39431131	      0.19113243	     -1.40455910	    -13.18758348	     -0.00539258	     45.94316356	     90.00000001	      0.00000000	      0.00000000	     15.99939946	    -16.20708041	      5.32040425	     43.05565893	     90.00000001	      0.00000000	      0.00000000
      2.50000000	     14.23429898	      2.00375512	      3.67824753	      0.61398856	      0.89672299	      0.16168527	      9.20650930	     -9.28351365	    -23.43708380	     45.88072327	     -3.54900386	      0.80076968	     20.49457122	     27.86946938	     -7.50092470	    -21.35633751	      7.34117020	     -0.52555699	      7.56437959	     -5.05701046	      0.13202333	     26.91662154	     22.05140147	     -7.50092470	    -38.22496209	      0.27561441	     -0.14411260	     -1.57448362	    -13.11716406	     -0.01228271	     45.88236464	     90.00000001	      0.00000000	      0.00000000	     17.12086522	    -16.31832361	      5.50568743	     43.26750950	     90.00000001	      0.00000000	      0.00000000
      2.51000000	     14.38451445	      2.02977210	      3.76175884	      0.62622926	      0.89557809	      0.16181435	      9.97856900	     -9.20922535	    -23.25511499	     43.00944811	     -2.85571892	      0.75065648	     20.14363301	     28.87617681	     -7.50089693	    -23.03288645	      7.09612099	     -0.78296504	      6.24689644	     -4.74296585	      0.10902891	     26.77061854	     23.08858958	     -7.50089693	    -38.36334408	      0.33628075	     -0.29652065	     -1.91902611	    -13.06625922	     -0.10870220	     45.93172823	     90.00000001	      0.00000000	      0.00000000	     18.26698310	    -16.41120648	      5.95272190	     43.39508835	     90.00000001	      0.00000000	      0.00000000
      2.52000000	     14.15640596	      2.22729710	      3.76139077	      0.63787516	      0.89373220	      0.16187428	     11.27943424	     -9.32749684	    -22.87954753	     40.32103541	     -2.17581635	      0.70373483	     19.44223435	     29.66908366	     -7.50087744	    -24.04283368	      7.26953846	     -1.13346535	      5.41997287	     -4.81265499	      0.09459637	     27.01077799	     23.80432275	     -7.50087744	    -38.18385528	      0.18001114	     -0.54228822	     -2.09560117	    -13.01288530	     -0.15787447	     45.85447437	     90.00000001	      0.00000000	      0.00000000	     19.38098263	    -16.48101356	      6.22292765	     43.61697356	     90.00000001	      0.00000000	      0.00000000
      2.53000000	     13.99262602	      2.46459846	      3.74210992	      0.64971485	      0.89186613	      0.16207164	     12.37700005	     -9.45908462	    -22.64795439	     37.56619648	     -1.50079704	      0.65565382	     18.58366245	     30.45914419	     -7.50086039	    -25.08880646	      7.43771948	     -1.64138127	      4.68041545	     -4.78654165	      0.08168866	     27.11779669	     24.59090523	     -7.50086039	    -38.06389827	     -0.03508385	     -0.82197765	     -2.25846709	    -12.94102833	     -0.22685611	     45.81840517	     90.00000001	      0.00000000	      0.00000000	     20.45391927	    -16.60367132	      6.46207717	     43.80282175	     90.00000001	      0.00000000	      0.00000000
      2.54000000	     14.14567985	      2.36590443	      3.88859061	      0.66233745	      0.89033534	      0.16255211	     12.80864853	     -9.18062478	    -23.95703239	     34.48891585	     -1.40033421	      0.60194514	     17.43973205	     32.63529996	     -7.50079142	    -26.29394057	      6.91921783	     -3.20028510	      4.27210117	     -4.31220695	      0.07456223	     27.37102295	     26.89952885	     -7.50079142	    -38.16370837	      0.14162307	     -0.89683491	     -2.59807491	    -12.86766545	     -0.45569798	     45.90685471	     90.00000001	      0.00000000	      0.00000000	     21.45312512	    -16.74829143	      7.07843126	     44.10421671	     90.00000001	      0.00000000	      0.00000000
      2.55000000	     13.83924342	      2.70348959	      3.79548411	      0.67423617	      0.88809338	      0.16270104	     13.90623878	     -9.47393463	    -23.68773023	     31.97897485	     -0.45718027	      0.55813840	     16.23854731	     33.12505346	     -7.50077599	    -27.03825432	      7.27007577	     -3.63228412	      3.87857363	     -4.33424937	      0.06769388	     27.55630011	     27.40430960	     -7.50077599	    -37.89153424	     -0.19367210	     -1.13533979	     -2.70863125	    -12.82491790	     -0.51797514	     45.74705340	     90.00000001	      0.00000000	      0.00000000	     22.42380956	    -16.77278631	      7.16892828	     44.36040362	     90.00000001	      0.00000000	      0.00000000
      2.56000000	     13.84464935	      2.65484716	      3.86151832	      0.68675097	      0.88637089	      0.16331132	     14.29612092	     -9.17648660	    -24.52976103	     29.09176120	      0.02777743	      0.50774702	     14.59232788	     34.06009004	     -7.50074680	    -27.92367529	      6.90284992	     -4.79262767	      3.85452866	     -3.99113572	      0.06727422	     27.69602365	     28.63120927	     -7.50074680	    -37.87621897	     -0.11971211	     -1.21513362	     -2.87999131	    -12.73810401	     -0.75636789	     45.69148253	     90.00000001	      0.00000000	      0.00000000	     23.32264336	    -16.83107270	      7.43677752	     44.68979637	     90.00000001	      0.00000000	      0.00000000
      2.57000000	     13.51458771	      2.95691049	      3.78473600	      0.69900551	      0.88405714	      0.16357508	     15.12654385	     -9.38811687	    -24.68208323	     26.77295307	      0.89343156	      0.46727618	     13.38314140	     34.57672216	     -7.50073101	    -28.43981066	      7.19543091	     -5.21453323	      3.90069190	     -4.05367042	      0.06807992	     27.94279816	     29.24792420	     -7.50073101	    -37.54510444	     -0.42173545	     -1.42872160	     -2.97280529	    -12.67267993	     -0.86949879	     45.52462077	     90.00000001	      0.00000000	      0.00000000	     24.11869325	    -16.87520140	      7.53160139	     45.03282462	     90.00000001	      0.00000000	      0.00000000
      2.58000000	     13.41242911	      2.91945127	      3.86325935	      0.71171553	      0.88213580	      0.16426688	     15.46408699	     -9.05983529	    -25.84334666	     24.40824929	      1.24769294	      0.42600431	     11.91921198	     35.30614693	     -7.50070139	    -28.86531208	      6.82837944	     -6.62150540	      4.59316347	     -3.83973927	      0.08016583	     28.34847402	     30.48553375	     -7.50070139	    -37.41006164	     -0.35531541	     -1.52374938	     -3.07599340	    -12.54845284	     -1.20816716	     45.35362229	     90.00000001	      0.00000000	      0.00000000	     24.84645524	    -16.93671035	      7.72979471	     45.49434652	     90.00000001	      0.00000000	      0.00000000
      2.59000000	     13.18182044	      3.04602957	      3.88821140	      0.72456054	      0.87997598	      0.16470307	     15.87314838	     -8.95547952	    -26.71056010	     22.44230905	      1.73593379	      0.39169218	     10.95495496	     35.84398132	     -7.50067046	    -29.12026292	      6.76451025	     -7.61226764	      5.39371271	     -3.86066800	      0.09413805	     28.81671409	     31.57779428	     -7.50067046	    -37.11205008	     -0.45188661	     -1.64876525	     -3.18042689	    -12.46614529	     -1.48357972	     45.13073831	     90.00000001	      0.00000000	      0.00000000	     25.45739703	    -16.94741503	      7.84106279	     45.98550574	     90.00000001	      0.00000000	      0.00000000
      2.60000000	     12.72909248	      3.40879929	      3.68077812	      0.73732456	      0.87741437	      0.16517668	     16.75166697	     -9.14029113	    -27.21826032	     21.45700791	      2.19980034	      0.37449544	     10.97202404	     35.47543631	     -7.50066390	    -29.30408112	      7.12889288	     -7.74376786	      5.93670162	     -3.91760423	      0.10361499	     28.80789731	     31.39294499	     -7.50066390	    -36.60134016	     -0.87307710	     -1.68980497	     -3.34332188	    -12.46938649	     -1.49925233	     45.05176155	     90.00000001	      0.00000000	      0.00000000	     26.02898634	    -16.86282042	      7.81469004	     46.38966762	     90.00000001	      0.00000000	      0.00000000
      2.61000000	     12.70685588	      3.26001941	      4.11752441	      0.75075526	      0.87584238	      0.16555479	     16.32669212	     -8.60124441	    -28.51784306	     19.34989194	      2.47681004	      0.33771932	      9.78471802	     36.45063452	     -7.50063767	    -29.42418428	      6.51596929	     -8.75291397	      7.48103552	     -4.09963264	      0.13056870	     29.47014235	     32.61481963	     -7.50063767	    -36.46713645	     -0.51159829	     -1.98841339	     -3.36137100	    -12.25554887	     -2.07930232	     44.66213225	     90.00000001	      0.00000000	      0.00000000	     26.39918848	    -16.98714166	      7.94775570	     47.06749488	     90.00000001	      0.00000000	      0.00000000
      2.62000000	     12.44971344	      3.50886286	      4.26831299	      0.76407072	      0.87385204	      0.16569210	     16.45422425	     -8.61124704	    -29.10628626	     18.39668773	      2.83601229	      0.32108277	      9.78673926	     36.48665153	     -7.50062855	    -29.50903895	      6.59905939	     -8.84113968	      8.66390133	     -4.41266753	      0.15121360	     29.47019876	     32.73813871	     -7.50062855	    -36.10996674	     -0.63161642	     -2.23967995	     -3.47181354	    -12.21689051	     -2.23201583	     44.48589480	     90.00000001	      0.00000000	      0.00000000	     26.75933197	    -16.96299407	      7.91953600	     47.56469443	     90.00000001	      0.00000000	      0.00000000
      2.63000000	     12.32675901	      3.47368824	      4.57011640	      0.77791460	      0.87215885	      0.16602016	     16.22809227	     -8.21973577	    -30.07198371	     17.52054942	      2.93704201	      0.30579127	      9.53195915	     36.69911166	     -7.50061679	    -29.57308945	      6.14822274	     -9.25145162	     10.21059875	     -4.51957987	      0.17820857	     29.56729888	     32.94800569	     -7.50061679	    -35.81349292	     -0.40411023	     -2.45384711	     -3.53698440	    -12.10774821	     -2.56560708	     44.20052985	     90.00000001	      0.00000000	      0.00000000	     26.89956313	    -16.98541079	      7.91826336	     48.23105914	     90.00000001	      0.00000000	      0.00000000
      2.64000000	     12.22234234	      3.31691536	      4.82069094	      0.79210650	      0.87052491	      0.16663913	     15.99005700	     -7.60148881	    -30.98741514	     16.98045090	      2.73953522	      0.29636478	      9.20254625	     37.00693560	     -7.50059871	    -29.62034540	      5.54757960	     -9.88656920	     11.81633874	     -4.64753799	      0.20623402	     29.69529367	     33.58076829	     -7.50059871	    -35.49138264	     -0.10249023	     -2.48281239	     -3.69034963	    -12.01148468	     -2.97144345	     43.96046602	     90.00000001	      0.00000000	      0.00000000	     26.99292272	    -16.97479099	      7.94122086	     48.82389943	     90.00000001	      0.00000000	      0.00000000
      2.65000000	     12.03271979	      3.41482509	      4.92882184	      0.80614340	      0.86894421	      0.16702398	     15.96881716	     -7.32595099	    -31.10626965	     17.02645048	      2.54331189	      0.29716762	      9.05575511	     36.92431341	     -7.50059292	    -29.65394721	      5.41413107	     -9.85005351	     13.27264952	     -4.91497716	      0.23165143	     29.30131974	     33.51853463	     -7.50059292	    -35.11907965	     -0.08007179	     -2.51157474	     -3.81864214	    -12.03151415	     -3.07839675	     43.77611569	     90.00000001	      0.00000000	      0.00000000	     27.09113777	    -16.84545008	      7.89418875	     49.22597500	     90.00000001	      0.00000000	      0.00000000
      2.66000000	     12.05613905	      3.05345030	      5.31219254	      0.82092250	      0.86780404	      0.16757613	     15.50845062	     -6.50959750	    -32.14812338	     17.00116520	      1.99700599	      0.29672631	      8.46282665	     37.47978630	     -7.50057306	    -29.67407428	      4.44603188	    -10.55983359	     15.23579109	     -5.00889677	      0.26591472	     28.93554304	     34.00542265	     -7.50057306	    -34.84861132	      0.53447209	     -2.57775202	     -3.90899327	    -11.97433256	     -3.46640817	     43.50281235	     90.00000001	      0.00000000	      0.00000000	     26.83693708	    -16.84397884	      7.78569935	     49.87263495	     90.00000001	      0.00000000	      0.00000000
      2.67000000	     12.00453541	      2.85264397	      5.48595602	      0.83552421	      0.86680170	      0.16812921	     15.35947176	     -5.92788879	    -32.42124583	     17.62080274	      1.38396152	      0.30754102	      8.03939163	     37.63523887	     -7.50055944	    -29.68846114	      3.86737858	    -10.80322304	     16.99734233	     -5.23068006	      0.29665959	     27.96290378	     33.99000436	     -7.50055944	    -34.55110983	      0.91230731	     -2.50811397	     -3.99829021	    -12.02460102	     -3.60382755	     43.28816883	     90.00000001	      0.00000000	      0.00000000	     26.62791864	    -16.73945341	      7.64552060	     50.32090383	     90.00000001	      0.00000000	      0.00000000
      2.68000000	     11.81932619	      2.73063676	      5.58011175	      0.85015272	      0.86596285	      0.16831493	     15.39868032	     -5.49549735	    -31.74547134	     18.43224019	      0.87099687	      0.32170328	      7.69268623	     37.47190539	     -7.50055607	    -29.67655057	      3.64643265	    -10.33580087	     18.43893606	     -5.66422151	      0.32182014	     27.33932587	     33.85623967	     -7.50055607	    -34.09627829	      1.24882125	     -2.42743289	     -4.09877028	    -12.19100095	     -3.67204835	     43.12739811	     90.00000001	      0.00000000	      0.00000000	     26.29165029	    -16.54012754	      7.63820743	     50.44587210	     90.00000001	      0.00000000	      0.00000000
      2.69000000	     12.10626864	      2.23509818	      5.72988702	      0.86505422	      0.86593272	      0.16941483	     15.22218698	     -4.67072334	    -32.78487596	     20.09954516	     -0.44779058	      0.35080324	      7.41021186	     37.95483093	     -7.50053808	    -29.68756234	      2.46709177	    -11.15651953	     20.89108927	     -5.61360149	      0.36461829	     24.87177207	     33.66985493	     -7.50053808	    -34.14943345	      1.89530063	     -2.22259923	     -4.00927678	    -12.25689757	     -3.72940524	     42.86788159	     90.00000001	      0.00000000	      0.00000000	     25.83242178	    -16.41288841	      7.17337637	     51.12221449	     90.00000001	      0.00000000	      0.00000000
      2.70000000	     12.27638404	      1.89827505	      5.72213782	      0.87988370	      0.86610037	      0.17028804	     15.15089755	     -4.10071232	    -32.39762126	     21.84261280	     -1.30566374	      0.38122551	      7.31957182	     37.81567635	     -7.50053346	    -29.67194793	      1.76427637	    -11.29450082	     23.01564919	     -5.80102456	      0.40169886	     23.00841746	     33.40277392	     -7.50053346	    -34.09609479	      2.37042015	     -1.92932913	     -3.95585719	    -12.40435584	     -3.73807299	     42.65458804	     90.00000001	      0.00000000	      0.00000000	     25.37382426	    -16.22127298	      7.04172644	     51.34353117	     90.00000001	      0.00000000	      0.00000000
      2.71000000	     12.52743359	      1.39546574	      5.76800957	      0.89502343	      0.86663098	      0.17111343	     14.99030266	     -3.40807247	    -32.19230290	     23.77331431	     -2.22295623	      0.41492261	      7.91665704	     37.60727783	     -7.50052528	    -29.64445687	      0.91919518	    -11.46555315	     25.19286061	     -6.16583117	      0.43969837	     20.12267102	     32.97358617	     -7.50052528	    -34.07653079	      3.04894137	     -1.63535044	     -3.92127590	    -12.65465206	     -3.63620750	     42.54357596	     90.00000001	      0.00000000	      0.00000000	     24.70924589	    -16.05298785	      6.76868525	     51.67737675	     90.00000001	      0.00000000	      0.00000000
      2.72000000	     12.89932083	      0.94812171	      5.77584690	      0.91013717	      0.86764716	      0.17204796	     14.53430382	     -2.85983552	    -31.55373815	     25.60809795	     -2.67324885	      0.44694562	      8.45700581	     37.29260811	     -7.50052019	    -29.60539686	      0.07028863	    -11.46350936	     27.54881787	     -6.37782316	      0.48081758	     17.64183826	     32.58948675	     -7.50052019	    -34.20564529	      3.65378941	     -1.31042530	     -3.84903514	    -12.86979562	     -3.51848573	     42.42933060	     90.00000001	      0.00000000	      0.00000000	     24.05310822	    -15.89841197	      6.59305076	     51.83217893	     90.00000001	      0.00000000	      0.00000000
      2.73000000	     13.39345288	      0.36768693	      5.85412788	      0.92513068	      0.86913371	      0.17311549	     13.75919489	     -2.14622634	    -30.70772049	     27.21842283	     -2.79865567	      0.47505110	      9.45730199	     36.67753601	     -7.50051441	    -29.51362685	     -0.92806698	    -11.45672385	     30.00480021	     -6.74616651	      0.52368256	     14.73283178	     32.07477902	     -7.50051441	    -34.48578524	      4.37867765	     -0.99139808	     -3.71675741	    -13.14192064	     -3.29608158	     42.44449551	     90.00000001	      0.00000000	      0.00000000	     23.36280182	    -15.74655421	      6.41620097	     52.02064667	     90.00000001	      0.00000000	      0.00000000
      2.74000000	     13.98935461	     -0.17440606	      5.91822197	      0.93996563	      0.87107249	      0.17419326	     12.60797551	     -1.50955166	    -29.69573510	     28.43571842	     -2.48192486	      0.49629691	     10.36753231	     36.11695339	     -7.50050991	    -29.38940977	     -1.90347223	    -11.36029703	     32.50817790	     -7.04508319	      0.56737474	     12.39495724	     31.66427973	     -7.50050991	    -34.90571631	      5.05993139	     -0.63108810	     -3.57677508	    -13.39156450	     -3.06011042	     42.51518470	     90.00000001	      0.00000000	      0.00000000	     22.67900400	    -15.61823304	      6.29938195	     52.09320488	     90.00000001	      0.00000000	      0.00000000
      2.75000000	     14.63099958	     -1.09012051	      5.96494698	      0.95446466	      0.87348812	      0.17544638	     11.00186780	     -0.16342854	    -27.11624653	     28.68226957	     -1.36064741	      0.50060004	     11.32104236	     33.05828087	     -7.50048230	    -29.11877560	     -3.23305654	    -11.61720625	     35.05549298	     -7.50365138	      0.61183377	     10.11094957	     31.22702346	     -7.50048230	    -35.40386559	      6.09617618	     -0.13219766	     -3.39226561	    -13.96947476	     -2.03806426	     42.86338959	     90.00000001	      0.00000000	      0.00000000	     21.89388644	    -15.44093176	      6.08569109	     52.19825213	     90.00000001	      0.00000000	      0.00000000
      2.76000000	     15.19092241	     -1.76915883	      6.12485514	      0.96860956	      0.87584738	      0.17654819	      9.40487614	      0.77256609	    -26.01313855	     28.82855678	     -0.69014195	      0.50315323	     12.25243814	     32.08179298	     -7.50046559	    -28.49687177	     -4.41994825	    -11.82143734	     37.80448527	     -7.99548140	      0.65981274	      8.81873164	     30.91788862	     -7.50046559	    -35.84545339	      6.90962696	      0.24814600	     -3.20001308	    -14.26423008	     -1.81091894	     43.13901219	     90.00000001	      0.00000000	      0.00000000	     21.19681803	    -15.29577115	      6.08118202	     52.14175020	     90.00000001	      0.00000000	      0.00000000
      2.77000000	     15.52487096	     -2.27978626	      6.33855955	      0.98183676	      0.87809764	      0.17750959	      7.93767330	      1.43402133	    -25.25404620	     28.69759899	      0.09411845	      0.50086759	     13.10485630	     31.54130353	     -7.50045512	    -27.28902766	     -5.36224941	    -12.02198592	     40.74643844	     -8.75976868	      0.71115951	      8.25308018	     30.55820507	     -7.50045512	    -36.16096724	      7.54145669	      0.50109258	     -2.87865060	    -14.50536973	     -1.62755911	     43.50892096	     90.00000001	      0.00000000	      0.00000000	     20.62389978	    -15.19913497	      6.06402536	     51.97004120	     90.00000001	      0.00000000	      0.00000000
      2.78000000	     15.69966739	     -2.84432140	      6.60964954	      0.99455973	      0.88020813	      0.17842279	      6.53646045	      2.25857310	    -24.75913615	     28.13139724	      0.64188534	      0.49098550	     13.83092092	     31.14802048	     -7.50044456	    -25.63665341	     -6.46556261	    -12.65327228	     43.78396396	     -9.68523664	      0.76417433	      8.44243431	     30.33912955	     -7.50044456	    -36.34222531	      8.22504776	      0.74108252	     -2.52479681	    -14.77525421	     -1.40018272	     43.92586536	     90.00000001	      0.00000000	      0.00000000	     20.06423233	    -15.05172448	      6.08176364	     51.71932295	     90.00000001	      0.00000000	      0.00000000
      2.79000000	     15.75557948	     -3.44569717	      6.82497114	      1.00685796	      0.88217371	      0.17965174	      5.26160450	      3.26408304	    -24.67757015	     27.32379357	      0.78566663	      0.47689016	     14.25520003	     31.03156383	     -7.50043023	    -23.66792760	     -7.66020459	    -13.66755090	     46.74567162	    -10.73409590	      0.81586588	      9.35214428	     30.45156180	     -7.50043023	    -36.45179287	      8.86784222	      1.07278705	     -2.13897785	    -15.04918463	     -1.13200826	     44.35933347	     90.00000001	      0.00000000	      0.00000000	     19.54805533	    -14.91609461	      6.10033534	     51.38658286	     90.00000001	      0.00000000	      0.00000000
      2.80000000	     15.80229439	     -3.76890526	      7.14675152	      1.01891085	      0.88423470	      0.18043897	      3.90024967	      3.89222977	    -25.08883455	     26.42629530	      0.86533465	      0.46122586	     14.72212564	     31.62917802	     -7.50041168	    -21.60093738	     -8.44991771	    -14.52800394	     49.31831515	    -12.01892249	      0.86076698	     10.47955016	     30.27364628	     -7.50041168	    -36.54204063	      9.29697738	      1.19386728	     -1.76529223	    -15.24938903	     -0.98020066	     44.84971574	     90.00000001	      0.00000000	      0.00000000	     19.05421091	    -14.78777091	      6.16313378	     51.00379572	     90.00000001	      0.00000000	      0.00000000
      2.81000000	     15.83817396	     -3.90493312	      7.42311703	      1.03063930	      0.88641599	      0.18115895	      2.52273153	      4.34590289	    -25.50135038	     25.45941715	      0.90029292	      0.44435065	     15.31439989	     32.33456859	     -7.50040014	    -19.49402430	     -8.93136530	    -15.16582205	     51.53981037	    -13.16889258	      0.89953939	     11.86035487	     29.34603279	     -7.50040014	    -36.66721443	      9.51855360	      1.27101669	     -1.34698843	    -15.40971767	     -0.92857186	     45.34962742	     90.00000001	      0.00000000	      0.00000000	     18.60424355	    -14.68733879	      6.27121486	     50.57418720	     90.00000001	      0.00000000	      0.00000000
      2.82000000	     15.89008721	     -3.80774059	      7.73246661	      1.04224435	      0.88874759	      0.18166327	      1.07326903	      4.48473244	    -25.95650239	     24.50627656	      1.06995544	      0.42771521	     15.78740999	     32.96003361	     -7.50039163	    -17.39417036	     -9.03192240	    -15.66196980	     53.28258413	    -14.35766317	      0.92995653	     13.24385534	     28.29046001	     -7.50039163	    -36.82173408	      9.53065877	      1.19903463	     -0.95108074	    -15.51218064	     -0.90073272	     45.83632178	     90.00000001	      0.00000000	      0.00000000	     18.14712537	    -14.62896049	      6.40607559	     50.10838850	     90.00000001	      0.00000000	      0.00000000
      2.83000000	     15.92588830	     -3.58374103	      8.05201133	      1.05364091	      0.89109288	      0.18197849	     -0.36565720	      4.51756297	    -26.29522406	     23.52080988	      1.23744740	      0.41051558	     16.23835805	     33.44892304	     -7.50038504	    -15.25417402	     -8.87244404	    -16.06022888	     54.70620379	    -15.47560831	      0.95480338	     14.69672317	     27.14122474	     -7.50038504	    -36.95143503	      9.42461006	      1.03008008	     -0.48717262	    -15.62059176	     -0.88651634	     46.35636800	     90.00000001	      0.00000000	      0.00000000	     17.69641224	    -14.56583135	      6.57349846	     49.61645796	     90.00000001	      0.00000000	      0.00000000
      2.84000000	     15.91508688	     -3.38572531	      8.31943305	      1.06503866	      0.89332779	      0.18246165	     -1.72267472	      4.61055332	    -26.65269430	     22.53049201	      1.31299595	      0.39323127	     16.62247381	     34.10838346	     -7.50037813	    -13.10874831	     -8.67547529	    -16.28453533	     55.78310341	    -16.28951643	      0.97359882	     16.33795649	     25.80307177	     -7.50037813	    -37.03338782	      9.29893829	      0.94403128	     -0.07158109	    -15.72376705	     -0.84427557	     46.86159149	     90.00000001	      0.00000000	      0.00000000	     17.22706607	    -14.51028450	      6.80562268	     49.09293374	     90.00000001	      0.00000000	      0.00000000
      2.85000000	     15.90434915	     -3.07559546	      8.52781117	      1.07637337	      0.89554150	      0.18298527	     -3.06831184	      4.57874941	    -26.92475425	     21.58448015	      1.40349744	      0.37672025	     16.95591186	     34.69775617	     -7.50037162	    -11.03194069	     -8.26551391	    -16.30819435	     56.48791740	    -16.81717085	      0.98590015	     17.83780349	     24.48506725	     -7.50037162	    -37.12454857	      9.03448052	      0.85961177	      0.34144413	    -15.82203858	     -0.79118923	     47.37331957	     90.00000001	      0.00000000	      0.00000000	     16.73357680	    -14.48340479	      7.06851582	     48.58605024	     90.00000001	      0.00000000	      0.00000000
      2.86000000	     15.98017149	     -2.71548879	      8.71775278	      1.08782330	      0.89781226	      0.18362047	     -4.49718780	      4.51012499	    -27.62493148	     20.65935800	      1.29977094	      0.36057382	     17.16915622	     36.04431596	     -7.50035657	     -9.20162848	     -7.73133814	    -15.55952034	     56.89086479	    -16.57497398	      0.99293290	     19.24183524	     22.26872784	     -7.50035657	    -37.28172240	      8.69475586	      0.81177569	      0.68141126	    -15.96187471	     -0.66323129	     47.96110298	     90.00000001	      0.00000000	      0.00000000	     16.25117718	    -14.57483825	      7.63523102	     48.10083597	     90.00000001	      0.00000000	      0.00000000
      2.87000000	     15.83328288	     -2.30848904	      8.82786004	      1.09902136	      0.89968699	      0.18400263	     -5.68482097	      4.26158867	    -27.30105373	     19.84056315	      1.72864058	      0.34628315	     17.54804122	     35.88781739	     -7.50035068	     -7.11117661	     -6.98128596	    -15.53279386	     56.88667462	    -16.91894321	      0.99285977	     20.28910555	     21.41082639	     -7.50035068	    -37.24289864	      8.29275718	      0.68297560	      1.11825224	    -16.08062308	     -0.65246066	     48.46559925	     90.00000001	      0.00000000	      0.00000000	     15.64059636	    -14.55285087	      7.81384408	     47.68178586	     90.00000001	      0.00000000	      0.00000000
      2.88000000	     15.75305285	     -1.95278885	      8.84105387	      1.11041354	      0.90149715	      0.18449011	     -6.97935533	      4.09928666	    -26.87346956	     18.90439905	      2.12118531	      0.32994401	     17.89914190	     35.87196737	     -7.50034502	     -5.24798188	     -6.25914014	    -15.38466218	     56.50559650	    -16.94034877	      0.98620870	     21.40249737	     20.47402671	     -7.50034502	    -37.24856147	      7.90716341	      0.68963240	      1.49069909	    -16.25163132	     -0.58198561	     49.02215348	     90.00000001	      0.00000000	      0.00000000	     14.99017720	    -14.52761915	      8.04895370	     47.24917198	     90.00000001	      0.00000000	      0.00000000
      2.89000000	     16.00300996	     -1.58017328	      8.76839387	      1.12220870	      0.90365841	      0.18496691	     -8.82372699	      3.95980542	    -26.18562152	     17.62514049	      2.67760364	      0.30761673	     17.95463555	     35.96573933	     -7.50033119	     -4.02761323	     -5.50766385	    -14.82852284	     55.62511371	    -16.42394884	      0.97084138	     22.21572845	     19.02019816	     -7.50033119	    -37.56275091	      7.50654994	      0.80949374	      1.79117627	    -16.57055546	     -0.33696792	     49.78923991	     90.00000001	      0.00000000	      0.00000000	     14.29586510	    -14.57509962	      8.58521788	     46.93430068	     90.00000001	      0.00000000	      0.00000000
      2.90000000	     15.77427129	     -1.34817085	      8.65313317	      1.13350131	      0.90478080	      0.18561767	     -9.87679773	      3.89743133	    -25.58057366	     16.74241956	      3.00881701	      0.29221035	     18.29352717	     35.75096711	     -7.50032568	     -2.13265338	     -4.84906238	    -14.65662324	     54.73142388	    -16.18837104	      0.95524355	     22.96900469	     18.48797498	     -7.50032568	    -37.41609212	      7.16262099	      0.95718423	      2.16701174	    -16.80069376	     -0.29157996	     50.37982999	     90.00000001	      0.00000000	      0.00000000	     13.54338433	    -14.52237884	      8.75013302	     46.61997147	     90.00000001	      0.00000000	      0.00000000
      2.91000000	     16.07145399	     -1.10115298	      8.38415567	      1.14551500	      0.90646590	      0.18628163	    -11.85600420	      3.87893627	    -24.33082418	     15.20245512	      3.68163779	      0.26533290	     18.21402131	     35.37848454	     -7.50030758	     -1.18072721	     -4.25841682	    -14.48150695	     53.19436135	    -15.62521575	      0.92841675	     23.51038570	     17.85935102	     -7.50030758	    -37.75350037	      6.79784818	      1.26319440	      2.43966826	    -17.20744193	     -0.01318084	     51.21177490	     90.00000001	      0.00000000	      0.00000000	     12.70876409	    -14.53335020	      9.14590229	     46.43376614	     90.00000001	      0.00000000	      0.00000000
      2.92000000	     15.96641959	     -1.00247877	      8.09422108	      1.15717316	      0.90717166	      0.18711919	    -13.13586239	      3.95668989	    -23.45729934	     14.07656057	      4.04009988	      0.24568233	     18.53827515	     35.27782203	     -7.50030043	      0.29127186	     -3.80610140	    -14.32356699	     51.65416267	    -15.01800847	      0.90153521	     24.07308903	     17.50370264	     -7.50030043	    -37.69278069	      6.51837103	      1.62450362	      2.73209111	    -17.57014230	      0.08336476	     51.90612161	     90.00000001	      0.00000000	      0.00000000	     11.85898543	    -14.46701821	      9.24311477	     46.17484011	     90.00000001	      0.00000000	      0.00000000
      2.93000000	     16.13348783	     -0.90095244	      7.71087806	      1.16903749	      0.90802918	      0.18799205	    -14.89320947	      4.06252315	    -22.01896667	     12.53910807	      4.53873087	      0.21884872	     18.35516564	     34.57847809	     -7.50028290	      1.27219435	     -3.36867153	    -14.37388871	     49.66420400	    -14.46608113	      0.86680388	     24.28974522	     17.46745686	     -7.50028290	    -37.90850469	      6.20795998	      2.07667258	      3.04367864	    -17.99726309	      0.35018308	     52.70329103	     90.00000001	      0.00000000	      0.00000000	     10.94404167	    -14.38411414	      9.38939398	     46.12579201	     90.00000001	      0.00000000	      0.00000000
      2.94000000	     16.16403831	     -0.88273752	      7.31237755	      1.18084871	      0.90830239	      0.18889540	    -16.36164702	      4.24455764	    -20.89948773	     11.22501756	      4.76739484	      0.19591352	     18.44638644	     34.34440659	     -7.50027241	      2.35606043	     -3.03452254	    -14.33019684	     47.56226076	    -13.74929197	      0.83011805	     24.48111049	     17.33821504	     -7.50027241	    -37.96942798	      5.96181638	      2.54469013	      3.35419261	    -18.42275898	      0.51167396	     53.45915724	     90.00000001	      0.00000000	      0.00000000	     10.00185508	    -14.26431271	      9.36467819	     45.98322823	     90.00000001	      0.00000000	      0.00000000
      2.95000000	     15.83510833	     -1.04987051	      6.98951802	      1.19210085	      0.90769395	      0.18984198	    -17.15028843	      4.60229254	    -20.16241145	     10.39794856	      4.72491950	      0.18147844	     18.80663736	     34.17793112	     -7.50026769	      3.93300019	     -2.83538207	    -14.08014434	     45.48716639	    -13.02821165	      0.79390082	     24.58108147	     17.21340482	     -7.50026769	    -37.70124456	      5.89082768	      3.08224642	      3.73567340	    -18.82072019	      0.56712031	     54.01335515	     90.00000001	      0.00000000	      0.00000000	      9.12876577	    -14.10615996	      9.35883976	     45.85235010	     90.00000001	      0.00000000	      0.00000000
      2.96000000	     16.11244060	     -1.01258949	      6.50098746	      1.20440914	      0.90766693	      0.19074806	    -19.13363701	      4.68314823	    -18.66350694	      8.65616200	      5.18422948	      0.15107853	     18.58920359	     33.83082560	     -7.50025782	      4.42801117	     -2.57299335	    -14.38013239	     42.74743079	    -12.27036692	      0.74608341	     24.42462473	     17.46014222	     -7.50025782	    -37.96675964	      5.59891041	      3.55636901	      4.02199590	    -19.29633323	      0.88867266	     54.77912907	     90.00000001	      0.00000000	      0.00000000	      8.05228020	    -13.99782622	      9.09440613	     45.77700315	     90.00000001	      0.00000000	      0.00000000
      2.97000000	     16.03371225	     -1.21025629	      6.10497759	      1.21596797	      0.90681020	      0.19164252	    -20.45847983	      5.07221765	    -16.99035010	      7.24173383	      5.31223574	      0.12639210	     18.58605446	     32.69932327	     -7.50023625	      5.47532366	     -2.54254535	    -14.57605474	     40.14404276	    -11.50588519	      0.70064572	     24.27123976	     18.11488147	     -7.50023625	    -37.94046900	      5.54478564	      4.10728593	      4.43889298	    -19.80242385	      1.12269847	     55.30418675	     90.00000001	      0.00000000	      0.00000000	      7.11697909	    -13.77291905	      8.79961417	     45.67621670	     90.00000001	      0.00000000	      0.00000000
      2.98000000	     15.92774673	     -1.38638339	      5.77767863	      1.22755929	      0.90557264	      0.19242855	    -21.65805313	      5.38511407	    -16.24884551	      6.13373457	      5.32592862	      0.10705386	     18.69751134	     32.80843603	     -7.50022637	      6.45130363	     -2.44297844	    -14.49317607	     37.39960374	    -10.62009205	      0.65274622	     23.87269576	     18.34385464	     -7.50022637	    -37.86877764	      5.50228856	      4.58629414	      4.84267468	    -20.24282093	      1.27412379	     55.80217950	     90.00000001	      0.00000000	      0.00000000	      6.18112877	    -13.58215928	      8.52516909	     45.52960957	     90.00000001	      0.00000000	      0.00000000
      2.99000000	     15.81266797	     -1.60664784	      5.50174993	      1.23917332	      0.90402101	      0.19313169	    -22.83292899	      5.73376457	    -15.60252793	      5.08416161	      5.33568005	      0.08873536	     18.80741129	     32.91463134	     -7.50021783	      7.38413531	     -2.40992388	    -14.42107594	     34.57861243	     -9.70429041	      0.60351064	     23.35160814	     18.76514171	     -7.50021783	    -37.77361116	      5.52614945	      5.02434323	      5.27613630	    -20.67685206	      1.45453214	     56.20529250	     90.00000001	      0.00000000	      0.00000000	      5.24867506	    -13.38168124	      8.18360141	     45.33451081	     90.00000001	      0.00000000	      0.00000000
      3.00000000	     15.60559153	     -1.92976895	      5.28146354	      1.25054266	      0.90207779	      0.19389145	    -23.83550261	      6.22475268	    -15.17663943	      4.14207153	      5.24623544	      0.07229279	     19.07826574	     33.17583274	     -7.50021167	      8.40337346	     -2.51343217	    -14.11273425	     31.77114629	     -8.62183372	      0.55451111	     22.70469523	     19.34021669	     -7.50021167	    -37.61494695	      5.65561873	      5.49835299	      5.75282310	    -21.10210915	      1.61289687	     56.48715014	     90.00000001	      0.00000000	      0.00000000	      4.42067620	    -13.16146858	      7.88386349	     45.06634445	     90.00000001	      0.00000000	      0.00000000
      3.01000000	     15.26714520	     -2.41934286	      5.20123480	      1.26169208	      0.89966933	      0.19453532	    -24.54520353	      6.97013454	    -15.00850592	      3.46663453	      4.97793778	      0.06050419	     19.43282795	     33.40060427	     -7.50020793	      9.63171307	     -2.72065151	    -13.70081391	     29.05646781	     -7.71660334	      0.50713103	     22.04168403	     19.91460839	     -7.50020793	    -37.32964002	      6.00956572	      5.96103387	      6.24516056	    -21.52066422	      1.70345201	     56.70823176	     90.00000001	      0.00000000	      0.00000000	      3.63117572	    -12.95260771	      7.68508801	     44.79139217	     90.00000001	      0.00000000	      0.00000000
      3.02000000	     15.28257666	     -2.52872883	      4.97268305	      1.27349210	      0.89766036	      0.19490669	    -25.87606176	      7.04896318	    -15.12722871	      2.60631810	      5.24458682	      0.04548883	     19.35917554	     34.05305770	     -7.50020167	     10.07623688	     -2.57517731	    -13.65372305	     25.90457466	     -6.70055870	      0.45212012	     21.05570147	     20.85315682	     -7.50020167	    -37.36294312	      5.96727282	      6.22904468	      6.76216825	    -21.90521212	      1.98642687	     56.89327566	     90.00000001	      0.00000000	      0.00000000	      2.76656818	    -12.71735667	      7.10548163	     44.48162610	     90.00000001	      0.00000000	      0.00000000
      3.03000000	     15.07724767	     -2.88648842	      4.91865545	      1.28487204	      0.89509293	      0.19527973	    -26.72786557	      7.51947939	    -15.53974229	      2.13971200	      5.25012267	      0.03734502	     19.64102410	     34.70299992	     -7.50019519	     10.91343112	     -2.65060591	    -13.39120683	     23.07042588	     -5.79420036	      0.40265489	     20.16707015	     21.78094957	     -7.50019519	    -37.19985150	      6.21932953	      6.53256945	      7.30713642	    -22.27761776	      2.16888832	     56.97516632	     90.00000001	      0.00000000	      0.00000000	      2.01928964	    -12.48579577	      6.67554847	     44.11507421	     90.00000001	      0.00000000	      0.00000000
      3.04000000	     14.75266351	     -3.41651680	      4.96425565	      1.29616291	      0.89215071	      0.19581511	    -27.38687781	      8.29332756	    -15.81088619	      1.72357615	      5.07765136	      0.03008208	     20.02278764	     35.16956946	     -7.50019225	     11.99904192	     -2.95613469	    -13.04812361	     20.65458816	     -4.89609407	      0.36049057	     19.50427261	     22.66284462	     -7.50019225	    -36.89326742	      6.64985336	      6.86092298	      7.80063999	    -22.56466101	      2.23508226	     56.99360843	     90.00000001	      0.00000000	      0.00000000	      1.34082199	    -12.31216574	      6.50817329	     43.67820718	     90.00000001	      0.00000000	      0.00000000
      3.05000000	     14.63122520	     -3.62319738	      4.94716089	      1.30775082	      0.88950994	      0.19577919	    -28.21094875	      8.44195712	    -16.96937932	      1.72749139	      5.37548247	      0.03015041	     20.33736528	     36.29411426	     -7.50018520	     12.54503962	     -2.79007440	    -13.04449636	     17.92297735	     -4.23330616	      0.31281497	     18.47056046	     23.93020881	     -7.50018520	    -36.79604768	      6.80686066	      7.00349910	      8.36229433	    -22.88335727	      2.41386420	     56.90729347	     90.00000001	      0.00000000	      0.00000000	      0.67388085	    -12.05428671	      5.84159238	     43.17528632	     90.00000001	      0.00000000	      0.00000000
      3.06000000	     14.26639976	     -4.19107030	      5.05234224	      1.31904868	      0.88639095	      0.19617116	    -28.66431983	      9.23473619	    -17.39282217	      1.66001568	      5.20434855	      0.02897274	     20.68355409	     36.65027149	     -7.50018259	     13.62367846	     -3.09972944	    -12.86369951	     15.95799406	     -3.52909863	      0.27851954	     17.92716601	     24.87855003	     -7.50018259	    -36.45379048	      7.29875171	      7.29601613	      8.86232936	    -23.11052937	      2.39096928	     56.75719900	     90.00000001	      0.00000000	      0.00000000	      0.12499381	    -11.89094146	      5.69378491	     42.61022363	     90.00000001	      0.00000000	      0.00000000
      3.07000000	     13.91857524	     -4.65878145	      5.17280308	      1.33046233	      0.88330530	      0.19632303	    -29.07178623	      9.84553052	    -17.96400461	      1.81691230	      5.14893240	      0.03171110	     21.06911243	     37.01446341	     -7.50018035	     14.62853282	     -3.21791829	    -12.84369227	     14.24162842	     -3.05315670	      0.24856331	     17.36065677	     25.91789675	     -7.50018035	    -36.11659740	      7.72111721	      7.49393826	      9.34269050	    -23.30235932	      2.32955270	     56.54356561	     90.00000001	      0.00000000	      0.00000000	     -0.35831546	    -11.71588872	      5.45003197	     41.93370271	     90.00000001	      0.00000000	      0.00000000
      3.08000000	     13.51935236	     -5.11953690	      5.31734707	      1.34194145	      0.88018084	      0.19637539	    -29.33416989	     10.44186187	    -18.50800583	      2.14916671	      5.05263097	      0.03751004	     21.54010456	     37.31233222	     -7.50017804	     15.71083461	     -3.28177983	    -12.90704690	     12.96730987	     -2.74622580	      0.22632225	     16.95241685	     26.84295326	     -7.50017804	    -35.72425977	      8.14490465	      7.66132844	      9.76461606	    -23.44285115	      2.20877711	     56.29433005	     90.00000001	      0.00000000	      0.00000000	     -0.78626258	    -11.51754486	      5.16648999	     41.21154032	     90.00000001	      0.00000000	      0.00000000
      3.09000000	     13.11108165	     -5.46586997	      5.40000946	      1.35374622	      0.87708722	      0.19633266	    -29.48695628	     10.81501085	    -19.29768345	      2.82003030	      4.98682048	      0.04921881	     22.15137162	     37.82979079	     -7.50016874	     16.81157107	     -3.22666928	    -13.48153497	     12.21925845	     -2.63847747	      0.21326629	     16.79375334	     28.29352350	     -7.50016874	    -35.28915508	      8.42713356	      7.75151449	     10.09592918	    -23.49968857	      1.99166725	     56.07850784	     90.00000001	      0.00000000	      0.00000000	     -1.21176696	    -11.21611340	      4.35841634	     40.42656481	     90.00000001	      0.00000000	      0.00000000
      3.10000000	     12.70185221	     -5.93478923	      5.51793110	      1.36543558	      0.87415166	      0.19643548	    -29.57949127	     11.43709347	    -19.44016452	      3.42038930	      4.65117478	      0.05969706	     22.60708464	     37.83404120	     -7.50016547	     17.82678418	     -3.26815888	    -13.32078076	     11.74272887	     -2.51856243	      0.20494928	     16.71979322	     28.65447638	     -7.50016547	    -34.86791601	      8.82277961	      7.93747730	     10.39048893	    -23.57787329	      1.79749031	     55.77649128	     90.00000001	      0.00000000	      0.00000000	     -1.51382242	    -11.10812155	      4.28393029	     39.66273786	     90.00000001	      0.00000000	      0.00000000
      3.11000000	     12.33618417	     -6.32504554	      5.55936016	      1.37744078	      0.87143160	      0.19643077	    -29.64215429	     11.84291120	    -19.70552097	      4.30423712	      4.40670430	      0.07512311	     23.05956285	     37.88486362	     -7.50016285	     18.71767614	     -3.21097026	    -13.26546344	     11.65308520	     -2.57271203	      0.20338470	     16.67513767	     28.93578657	     -7.50016285	    -34.47929750	      9.12191234	      8.10392818	     10.60698793	    -23.60290094	      1.50034118	     55.52407025	     90.00000001	      0.00000000	      0.00000000	     -1.81861844	    -10.98574091	      4.12595819	     38.89345364	     90.00000001	      0.00000000	      0.00000000
      3.12000000	     12.01314875	     -6.61475505	      5.52523681	      1.38976576	      0.86896155	      0.19637151	    -29.69133177	     12.06298284	    -19.89129694	      5.37750003	      4.13313161	      0.09385508	     23.45872957	     37.94401706	     -7.50016072	     19.42717347	     -3.05705096	    -13.13063490	     11.85849162	     -2.70925365	      0.20696972	     16.68261463	     29.10294653	     -7.50016072	    -34.10984895	      9.29590673	      8.26215026	     10.71475935	    -23.57259906	      1.17330081	     55.30286952	     90.00000001	      0.00000000	      0.00000000	     -2.11305545	    -10.86790769	      3.92968191	     38.15920864	     90.00000001	      0.00000000	      0.00000000
      3.13000000	     11.72807355	     -6.68384373	      5.41788024	      1.40261495	      0.86675179	      0.19631209	    -29.72124170	     11.94682942	    -20.52153121	      6.76849566	      3.87994179	      0.11813253	     24.08067451	     38.25147564	     -7.50015495	     19.94871550	     -2.73057038	    -13.30608346	     12.32800464	     -2.90790467	      0.21516427	     16.80579818	     29.58373577	     -7.50015495	    -33.73511901	      9.19543023	      8.39613355	     10.60468275	    -23.42127512	      0.53622817	     55.13190993	     90.00000001	      0.00000000	      0.00000000	     -2.31140361	    -10.69402105	      3.21795705	     37.29703044	     90.00000001	      0.00000000	      0.00000000
      3.14000000	     11.45846183	     -6.84371681	      5.25904825	      1.41552004	      0.86485695	      0.19638053	    -29.74963578	     11.93721551	    -20.57911729	      8.07585867	      3.52317446	      0.14095032	     24.33806544	     38.25507786	     -7.50015208	     20.34224271	     -2.49433451	    -12.95612350	     12.99148528	     -3.18055412	      0.22674419	     16.68154702	     29.41262638	     -7.50015208	    -33.38807324	      9.16026282	      8.56373479	     10.54952598	    -23.32688070	      0.25148858	     54.88117446	     90.00000001	      0.00000000	      0.00000000	     -2.52673558	    -10.64694492	      2.96304826	     36.55569312	     90.00000001	      0.00000000	      0.00000000
      3.15000000	     11.22317089	     -6.87015929	      5.04998370	      1.42871400	      0.86327537	      0.19631396	    -29.77115276	     11.69775728	    -20.66448680	      9.53746833	      3.20151479	      0.16646022	     24.47801848	     38.29927464	     -7.50014932	     20.56243152	     -2.10331023	    -12.56489977	     13.79265594	     -3.57954096	      0.24072726	     16.41090387	     29.13772297	     -7.50014932	    -33.06670937	      8.98160291	      8.69543956	     10.38082573	    -23.19044044	     -0.11921874	     54.69696942	     90.00000001	      0.00000000	      0.00000000	     -2.72237669	    -10.60132758	      2.61071749	     35.86613026	     90.00000001	      0.00000000	      0.00000000
      3.16000000	     11.01301826	     -6.82931063	      4.81174550	      1.44212154	      0.86202706	      0.19618739	    -29.78777010	     11.34474505	    -20.63755691	     11.05197371	      2.87306878	      0.19289333	     24.40627544	     38.30701633	     -7.50014707	     20.67496545	     -1.64595260	    -12.08831066	     14.73055624	     -4.06697534	      0.25709671	     15.97383342	     28.83387778	     -7.50014707	    -32.75983353	      8.72977473	      8.78863625	     10.14996480	    -23.00913853	     -0.42827794	     54.52277087	     90.00000001	      0.00000000	      0.00000000	     -2.91393977	    -10.58227904	      2.27027257	     35.25358510	     90.00000001	      0.00000000	      0.00000000
      3.17000000	     10.84496856	     -6.58352471	      4.54310185	      1.45586228	      0.86115682	      0.19607481	    -29.80306527	     10.74598955	    -20.89195823	     12.70386540	      2.48448991	      0.22172428	     24.28134383	     38.44182121	     -7.50014356	     20.65418729	     -1.00286151	    -11.69823416	     15.81129987	     -4.63393534	      0.27595924	     15.40086060	     28.42077625	     -7.50014356	    -32.47310938	      8.23704077	      8.81011794	      9.80228542	    -22.74085696	     -0.84339795	     54.37073575	     90.00000001	      0.00000000	      0.00000000	     -3.01295673	    -10.56522108	      1.63907307	     34.54413480	     90.00000001	      0.00000000	      0.00000000
      3.18000000	     10.69997633	     -6.34525732	      4.30208709	      1.46969962	      0.86064609	      0.19584696	    -29.81354826	     10.12817288	    -20.92799340	     14.34034832	      2.16274744	      0.25028629	     23.75290535	     38.44766246	     -7.50014065	     20.65483234	     -0.38823525	    -11.26553017	     17.13105340	     -5.27112413	      0.29899329	     14.78983881	     27.96265403	     -7.50014065	    -32.20661470	      7.77509279	      8.78995484	      9.43014206	    -22.48591396	     -1.08940605	     54.17597569	     90.00000001	      0.00000000	      0.00000000	     -3.10646904	    -10.60022197	      1.16017982	     33.95215090	     90.00000001	      0.00000000	      0.00000000
      3.19000000	     10.58505598	     -6.06337851	      4.09231765	      1.48365137	      0.86049420	      0.19555736	    -29.82200004	      9.45457612	    -20.88555284	     15.99042444	      1.87857097	      0.27908556	     22.93258046	     38.38632008	     -7.50013851	     20.64886707	      0.22909991	    -10.82431914	     18.63611602	     -5.91028778	      0.32526158	     14.28381720	     27.46810586	     -7.50013851	    -31.96929058	      7.28406563	      8.71715511	      9.01424896	    -22.20877293	     -1.25528990	     53.98395297	     90.00000001	      0.00000000	      0.00000000	     -3.15136750	    -10.68718525	      0.79513419	     33.43442716	     90.00000001	      0.00000000	      0.00000000
      3.20000000	     10.53391559	     -5.70615162	      3.92423694	      1.49774604	      0.86071279	      0.19516974	    -29.82572392	      8.65916017	    -20.97244205	     17.75116572	      1.64931304	      0.30981629	     21.75828513	     38.32914390	     -7.50013652	     20.61830316	      0.86000319	    -10.47332838	     20.35755429	     -6.52100828	      0.35530635	     13.90964397	     26.80224555	     -7.50013652	    -31.79225961	      6.72113058	      8.58078106	      8.54503455	    -21.91806048	     -1.41061644	     53.80271725	     90.00000001	      0.00000000	      0.00000000	     -3.14307728	    -10.82713655	      0.42104215	     32.90799439	     90.00000001	      0.00000000	      0.00000000
      3.21000000	     10.53672749	     -5.27294380	      3.76676661	      1.51199478	      0.86131209	      0.19479449	    -29.82572779	      7.78823405	    -21.17963242	     19.52382535	      1.36275193	      0.34075503	     20.22021254	     38.31401923	     -7.50013447	     20.49272832	      1.49365746	    -10.13581678	     22.11635336	     -7.03602577	      0.38600318	     13.74630949	     25.95741622	     -7.50013447	    -31.66960731	      6.08414166	      8.42636565	      7.98224794	    -21.58077406	     -1.52203769	     53.64452858	     90.00000001	      0.00000000	      0.00000000	     -3.05012363	    -10.96415708	      0.02141011	     32.44143841	     90.00000001	      0.00000000	      0.00000000
      3.22000000	     10.62214453	     -4.71222383	      3.69089198	      1.52628553	      0.86232025	      0.19415758	    -29.82369880	      6.75056764	    -21.74344277	     21.40903291	      1.05065821	      0.37365811	     18.21418590	     38.43836475	     -7.50012568	     20.06026316	      2.28929576	     -9.14825478	     23.58453226	     -7.26444430	      0.41162774	     13.58200468	     23.91973019	     -7.50012568	    -31.64878674	      5.36020463	      8.14183514	      7.39370798	    -21.20174184	     -1.66401691	     53.52935441	     90.00000001	      0.00000000	      0.00000000	     -2.84040382	    -11.01794645	     -1.07167199	     31.93710599	     90.00000001	      0.00000000	      0.00000000
      3.23000000	     10.79306514	     -4.28305890	      3.57829614	      1.54051256	      0.86364550	      0.19356457	    -29.82152321	      5.77036798	    -21.64285348	     23.34832156	      0.99902285	      0.40750509	     16.22572189	     38.25752506	     -7.50012474	     19.58813181	      2.73974712	     -8.69172418	     25.14702210	     -7.33428983	      0.43889833	     13.77923700	     23.41356369	     -7.50012474	    -31.73370014	      4.77881161	      7.97326570	      6.82754966	    -20.93870437	     -1.63965735	     53.36523614	     90.00000001	      0.00000000	      0.00000000	     -2.67437306	    -11.24310926	     -1.16755572	     31.71362446	     90.00000001	      0.00000000	      0.00000000
      3.24000000	     11.05977539	     -3.47380568	      3.54420898	      1.55488100	      0.86542091	      0.19260370	    -29.81011785	      4.36410225	    -22.53994234	     25.43599494	      0.68922422	      0.44394186	     12.99422099	     38.34010486	     -7.50011866	     18.55492785	      3.77608267	     -7.51163235	     25.95590614	     -7.24978305	      0.45301602	     13.82520895	     20.67428026	     -7.50011866	    -31.91930444	      3.84995850	      7.64143430	      6.08104576	    -20.60747188	     -1.64616564	     53.36006918	     90.00000001	      0.00000000	      0.00000000	     -2.35723475	    -11.48419070	     -1.47387571	     31.49194868	     90.00000001	      0.00000000	      0.00000000
      3.25000000	     11.42921454	     -2.71072079	      3.46031537	      1.56909176	      0.86747751	      0.19164989	    -29.79615270	      2.92383575	    -22.89177680	     27.61641855	      0.59365548	      0.48199743	      9.93203904	     38.18938664	     -7.50011306	     17.33806672	      4.60776296	     -6.77873347	     26.59585638	     -7.02224889	      0.46418526	     14.12407557	     19.23358645	     -7.50011306	    -32.25169479	      2.97458189	      7.38808907	      5.39454323	    -20.33649112	     -1.56860994	     53.30840884	     90.00000001	      0.00000000	      0.00000000	     -2.01322456	    -11.75540583	     -1.50863852	     31.48609803	     90.00000001	      0.00000000	      0.00000000
      3.26000000	     11.89179780	     -1.91485949	      3.34754773	      1.58324612	      0.86976795	      0.19067786	    -29.77221300	      1.40178399	    -23.13301700	     29.84968135	      0.52871555	      0.52097522	      6.68699466	     38.05317349	     -7.50010854	     15.84352504	      5.46696688	     -6.32926018	     26.83851372	     -6.86743613	      0.46842043	     14.57925460	     18.35169098	     -7.50010854	    -32.69058164	      2.07625147	      7.15543155	      4.68594342	    -20.08019647	     -1.46914219	     53.30112517	     90.00000001	      0.00000000	      0.00000000	     -1.65346628	    -12.05802961	     -1.42644245	     31.62756160	     90.00000001	      0.00000000	      0.00000000
      3.27000000	     12.43795957	     -1.16065988	      3.22331140	      1.59731217	      0.87220324	      0.18966783	    -29.73221632	     -0.09404191	    -23.06941922	     32.11612565	      0.56639665	      0.56053214	      3.48189344	     37.70300791	     -7.50010689	     14.16313636	      6.22655761	     -6.29173414	     26.86833187	     -6.73965197	      0.46894086	     15.41277164	     18.10314721	     -7.50010689	    -33.22521491	      1.24215221	      6.95777890	      3.97804501	    -19.84250099	     -1.36743095	     53.31324274	     90.00000001	      0.00000000	      0.00000000	     -1.24823728	    -12.32109662	     -1.35290835	     31.90679439	     90.00000001	      0.00000000	      0.00000000
      3.28000000	     13.06783329	     -0.27658674	      3.17025841	      1.61113772	      0.87480873	      0.18840507	    -29.66759145	     -1.75943268	    -23.22774592	     34.51941694	      0.60556451	      0.60247748	      0.54685051	     37.58129222	     -7.50010373	     12.12992953	      7.22080176	     -6.11526041	     26.30731315	     -6.65241389	      0.45914923	     15.74668833	     17.97553329	     -7.50010373	    -33.88318843	      0.35021747	      6.62760569	      3.30295912	    -19.63437219	     -1.19077448	     53.35268163	     90.00000001	      0.00000000	      0.00000000	     -0.80315881	    -12.66732087	     -1.00792353	     32.35506279	     90.00000001	      0.00000000	      0.00000000
      3.29000000	     13.73934851	      0.43895675	      3.11380305	      1.62478375	      0.87742812	      0.18733866	    -29.53670429	     -3.19751964	    -23.02830679	     36.87548020	      0.70512414	      0.64359854	     -1.87117786	     37.24068904	     -7.50010205	     10.06170096	      7.97368282	     -6.25098284	     25.73161544	     -6.61770318	      0.44910141	     16.59999166	     18.20458689	     -7.50010205	    -34.59450795	     -0.36549540	      6.36916773	      2.66208506	    -19.41871618	     -1.05133721	     53.38464305	     90.00000001	      0.00000000	      0.00000000	     -0.31370564	    -12.97204197	     -0.76324026	     32.88771098	     90.00000001	      0.00000000	      0.00000000
      3.30000000	     14.38863800	      1.14092823	      3.11343386	      1.63807046	      0.88000815	      0.18607237	    -29.24464620	     -4.65092468	    -22.90495119	     39.37151091	      0.85838444	      0.68716250	     -3.50645725	     36.95517546	     -7.50009915	      7.91249552	      8.77653908	     -6.45728515	     24.83263343	     -6.69253686	      0.43341122	     17.02996191	     18.85428429	     -7.50009915	    -35.32158828	     -0.99863072	      6.04917142	      2.07994725	    -19.24687668	     -0.82065449	     53.40799510	     90.00000001	      0.00000000	      0.00000000	      0.22639213	    -13.30805300	     -0.23857560	     33.57240176	     90.00000001	      0.00000000	      0.00000000
      3.31000000	     14.85035088	      1.67698004	      3.08031971	      1.65092073	      0.88226067	      0.18510622	    -28.48018096	     -5.91612714	    -22.75266534	     42.08444684	      0.78698266	      0.73451216	     -4.25713773	     36.66108707	     -7.50009575	      6.04868156	      9.32467145	     -6.79690746	     24.03708882	     -6.71373570	      0.41952634	     17.68999869	     19.70056385	     -7.50009575	    -35.87063479	     -1.50736006	      5.80339313	      1.57479235	    -19.05262800	     -0.58692876	     53.34189263	     90.00000001	      0.00000000	      0.00000000	      0.80335662	    -13.64398179	      0.34081498	     34.25524187	     90.00000001	      0.00000000	      0.00000000
      3.32000000	     14.96401662	      2.00521393	      3.06299387	      1.66288911	      0.88406255	      0.18420218	    -26.98251109	     -6.97609462	    -22.69211162	     45.10117303	      0.47802139	      0.78716397	     -4.11921675	     36.26715267	     -7.50009298	      4.71289932	      9.65455947	     -7.19347978	     23.37748905	     -6.74357022	      0.40801415	     18.40257787	     20.53712885	     -7.50009298	    -36.15340689	     -1.80426707	      5.62376147	      1.23228315	    -18.86885592	     -0.37054043	     53.13368536	     90.00000001	      0.00000000	      0.00000000	      1.53451692	    -13.85683596	      0.77085692	     34.86917353	     90.00000001	      0.00000000	      0.00000000
      3.33000000	     14.89868322	      2.23320062	      3.01882156	      1.67437709	      0.88561193	      0.18341592	    -25.06838142	     -7.93472693	    -22.79260793	     48.18346269	     -0.08204636	      0.84096007	     -3.16472763	     35.98136067	     -7.50008982	      3.65272158	      9.84331721	     -7.68844408	     22.79643162	     -6.72667067	      0.39787279	     19.02535607	     21.56772758	     -7.50008982	    -36.28223614	     -2.00885667	      5.48195812	      1.00429466	    -18.69510764	     -0.11225528	     52.83968546	     90.00000001	      0.00000000	      0.00000000	      2.33031632	    -14.05543882	      1.24972125	     35.47465076	     90.00000001	      0.00000000	      0.00000000
      3.34000000	     14.79385458	      2.35557891	      2.97888975	      1.68553431	      0.88715934	      0.18280075	    -22.98919286	     -8.71476400	    -22.98336616	     51.06265338	     -0.78858948	      0.89121143	     -1.74646609	     35.53451085	     -7.50008711	      2.65751024	      9.89754222	     -8.11731729	     22.20979813	     -6.67335982	      0.38763410	     19.67893300	     22.50539039	     -7.50008711	    -36.39995033	     -2.12727490	      5.37840463	      0.86222261	    -18.50701695	      0.14962328	     52.47890185	     90.00000001	      0.00000000	      0.00000000	      3.21577058	    -14.22776020	      1.64624096	     36.06396028	     90.00000001	      0.00000000	      0.00000000
      3.35000000	     14.66399512	      2.37135435	      2.91842313	      1.69657428	      0.88865773	      0.18231050	    -20.79707066	     -9.30531750	    -23.40890604	     53.63897783	     -1.78422267	      0.93617677	      0.01196735	     35.35834672	     -7.50008175	      1.78810862	      9.76348114	     -8.79250030	     21.78127050	     -6.57063346	      0.38015489	     20.35536178	     23.82548032	     -7.50008175	    -36.47661291	     -2.13824705	      5.33189978	      0.76321086	    -18.34159587	      0.44182723	     52.07956635	     90.00000001	      0.00000000	      0.00000000	      4.10606480	    -14.42753824	      2.31207321	     36.69318504	     90.00000001	      0.00000000	      0.00000000
      3.36000000	     14.59074349	      2.40798580	      2.90081034	      1.70751577	      0.89032199	      0.18177835	    -18.67557048	     -9.85680645	    -23.71285484	     55.88500895	     -2.56496588	      0.97537741	      1.99797179	     34.60647297	     -7.50007928	      0.72357558	      9.71164248	     -8.87174960	     21.12768550	     -6.36827119	      0.36874768	     20.87112145	     24.42792037	     -7.50007928	    -36.61476657	     -2.14622078	      5.21635013	      0.71906823	    -18.13613906	      0.70304652	     51.63390757	     90.00000001	      0.00000000	      0.00000000	      5.08010165	    -14.53971545	      2.57574766	     37.23304786	     90.00000001	      0.00000000	      0.00000000
      3.37000000	     14.47487029	      2.39045267	      2.87580198	      1.71833502	      0.89188627	      0.18132392	    -16.45531179	    -10.28137499	    -24.07217503	     57.79555794	     -3.43556516	      1.00872278	      4.05020107	     34.00515462	     -7.50007634	     -0.25052608	      9.57486455	     -8.93477246	     20.55023690	     -6.11613905	      0.35866930	     21.32069025	     24.98417509	     -7.50007634	    -36.69325723	     -2.10858277	      5.12258271	      0.70002725	    -17.94181223	      0.98811548	     51.18406772	     90.00000001	      0.00000000	      0.00000000	      6.06055453	    -14.67934667	      2.99274593	     37.81075641	     90.00000001	      0.00000000	      0.00000000
      3.38000000	     14.40811920	      2.34041910	      2.89643184	      1.72919775	      0.89350560	      0.18087754	    -14.31971817	    -10.56450713	    -24.41888782	     59.28991877	     -4.24647540	      1.03480430	      6.09724476	     33.14421851	     -7.50007411	     -1.31733466	      9.41979921	     -8.79995545	     19.90499942	     -5.85984300	      0.34740778	     21.75603517	     25.34923537	     -7.50007411	    -36.80455119	     -2.01758054	      5.01031366	      0.68515337	    -17.73204445	      1.23670471	     50.73695333	     90.00000001	      0.00000000	      0.00000000	      7.08060481	    -14.79390794	      3.33030943	     38.35661235	     90.00000001	      0.00000000	      0.00000000
      3.39000000	     14.33261100	      2.23127414	      2.90840489	      1.74006064	      0.89506959	      0.18054347	    -12.16904777	    -10.68731777	    -24.63239642	     60.39433522	     -4.98592553	      1.05408000	      7.96970052	     32.24238590	     -7.50007241	     -2.39934106	      9.18176281	     -8.53569871	     19.21491047	     -5.52746283	      0.33536345	     22.16480624	     25.58328193	     -7.50007241	    -36.88232426	     -1.88090749	      4.92668678	      0.66338391	    -17.51069605	      1.45540451	     50.34271903	     90.00000001	      0.00000000	      0.00000000	      8.10073328	    -14.88940021	      3.61528749	     38.91565249	     90.00000001	      0.00000000	      0.00000000
      3.40000000	     14.22346835	      2.22599662	      3.00271528	      1.75095763	      0.89642204	      0.17995887	    -10.05237307	    -10.90564590	    -24.88916856	     61.20806058	     -5.58801861	      1.06828219	      9.87950160	     31.43912994	     -7.50007027	     -3.43439504	      9.13788662	     -8.12830408	     18.54868786	     -5.33328074	      0.32373568	     22.41466203	     25.69665475	     -7.50007027	    -36.90377002	     -1.79609338	      4.71774997	      0.60326136	    -17.29314070	      1.65377097	     49.97080012	     90.00000001	      0.00000000	      0.00000000	      9.12031361	    -15.04329783	      4.05338057	     39.48582019	     90.00000001	      0.00000000	      0.00000000
      3.41000000	     14.11128958	      2.02423058	      3.09185125	      1.76179193	      0.89771597	      0.17956369	     -7.92432309	    -10.75609240	    -24.86899479	     61.55970638	     -6.06867641	      1.07441956	     11.23385504	     30.62732765	     -7.50006907	     -4.46251036	      8.82687981	     -7.72706792	     17.86039816	     -5.05637060	      0.31172275	     22.76611007	     25.78470355	     -7.50006907	    -36.91176486	     -1.53322346	      4.62907348	      0.52298118	    -17.11792333	      1.78035967	     49.73914986	     90.00000001	      0.00000000	      0.00000000	     10.14135372	    -15.09354624	      4.24494496	     40.07424916	     90.00000001	      0.00000000	      0.00000000
      3.42000000	     13.98337530	      1.96720711	      3.25306058	      1.77280160	      0.89877960	      0.17901898	     -5.90342849	    -10.74124826	    -24.93735204	     61.60450130	     -6.46084535	      1.07520138	     12.80183821	     29.78020988	     -7.50006788	     -5.51826993	      8.73594815	     -7.22803513	     17.09333193	     -4.90736528	      0.29833492	     23.08797139	     25.91507880	     -7.50006788	    -36.85986135	     -1.38164458	      4.38997213	      0.40476391	    -16.87810950	      1.90059723	     49.52684913	     90.00000001	      0.00000000	      0.00000000	     11.15366181	    -15.21817422	      4.50255811	     40.61264341	     90.00000001	      0.00000000	      0.00000000
      3.43000000	     13.87335563	      1.95831339	      3.46979522	      1.78388256	      0.89964994	      0.17839347	     -3.99551132	    -10.75331577	    -24.95726040	     61.31358707	     -6.69353521	      1.07012397	     14.19162201	     29.10431836	     -7.50006673	     -6.61002338	      8.71435625	     -6.65451720	     16.30876445	     -4.81886369	      0.28464164	     23.33118483	     26.04099901	     -7.50006673	    -36.80191975	     -1.25453263	      4.06840767	      0.25459937	    -16.62506120	      1.97553503	     49.41004038	     90.00000001	      0.00000000	      0.00000000	     12.15529770	    -15.37018881	      4.82591329	     41.16344590	     90.00000001	      0.00000000	      0.00000000
      3.44000000	     13.73871066	      1.95964237	      3.77042875	      1.79502465	      0.90030691	      0.17762619	     -2.16793619	    -10.71889506	    -24.85652418	     60.64584946	     -6.75865776	      1.05846975	     15.26804631	     28.54560345	     -7.50006570	     -7.63489430	      8.70320665	     -6.15623364	     15.59596276	     -4.79556961	      0.27220090	     23.53537791	     26.10663103	     -7.50006570	    -36.70287155	     -1.09804941	      3.68893819	      0.02328211	    -16.38420817	      2.01912109	     49.37797735	     90.00000001	      0.00000000	      0.00000000	     13.15155016	    -15.50366297	      5.12488589	     41.72368972	     90.00000001	      0.00000000	      0.00000000
      3.45000000	     13.91425353	      2.09685720	      4.13906279	      1.80651896	      0.90117915	      0.17677068	     -0.88517827	    -10.85069166	    -25.07926285	     59.62584849	     -6.83862122	      1.04066738	     16.51893597	     28.59394815	     -7.50006144	     -9.44682687	      8.83751448	     -4.51469914	     14.14230506	     -4.57280857	      0.24682979	     23.31722641	     25.31217756	     -7.50006144	    -36.89499769	     -1.01931591	      3.26259240	     -0.27974903	    -16.08860860	      1.80895271	     49.48831667	     90.00000001	      0.00000000	      0.00000000	     14.16550732	    -15.95418314	      6.47031149	     42.42382679	     90.00000001	      0.00000000	      0.00000000
      3.46000000	     13.80088769	      2.09965081	      4.49044438	      1.81768482	      0.90139403	      0.17599183	      0.75919872	    -10.76476100	    -24.84216627	     58.42790417	     -6.64596708	      1.01975930	     17.52004328	     28.16532237	     -7.50006003	    -10.52008972	      8.79897856	     -3.91584954	     13.39356969	     -4.57516152	      0.23376189	     23.70546921	     25.55796032	     -7.50006003	    -36.79432963	     -0.85067213	      2.85139921	     -0.50220181	    -15.86143491	      1.82858860	     49.54153217	     90.00000001	      0.00000000	      0.00000000	     15.16939357	    -16.06285013	      6.61492919	     42.93573144	     90.00000001	      0.00000000	      0.00000000
      3.47000000	     13.56945151	      2.20923270	      4.81722445	      1.82850664	      0.90119403	      0.17526954	      2.54620404	    -10.86921770	    -24.61440287	     57.11014071	     -6.34666643	      0.99675999	     17.80629011	     27.71253709	     -7.50005937	    -11.12817104	      8.83645193	     -3.99013583	     13.29277027	     -4.63422419	      0.23200261	     23.76402809	     25.41011624	     -7.50005937	    -36.62230583	     -0.82967241	      2.38385501	     -0.69586095	    -15.66089623	      1.89661081	     49.66455739	     90.00000001	      0.00000000	      0.00000000	     16.23580339	    -16.13519954	      6.63184822	     43.45698127	     90.00000001	      0.00000000	      0.00000000
      3.48000000	     13.89756454	      2.13216514	      5.26411357	      1.84050849	      0.90168604	      0.17442257	      3.21685784	    -10.51523240	    -24.29036890	     54.87795911	     -5.86022648	      0.95780107	     18.93721604	     28.02663479	     -7.50005710	    -13.22015560	      8.68732720	     -2.52284174	     11.57073596	     -4.64208742	      0.20194744	     24.02339720	     25.90025450	     -7.50005710	    -36.87259718	     -0.48979487	      2.01677655	     -1.08986993	    -15.45342751	      1.71759336	     49.95740230	     90.00000001	      0.00000000	      0.00000000	     17.12887434	    -16.42854569	      7.46250547	     44.09508603	     90.00000001	      0.00000000	      0.00000000
      3.49000000	     13.54285268	      2.28806202	      5.55600638	      1.85144881	      0.90087950	      0.17375635	      4.96568093	    -10.57079934	    -23.97524225	     53.01115536	     -5.53591828	      0.92521920	     19.23590410	     27.70923719	     -7.50005633	    -13.78458975	      8.82511541	     -2.33784823	     11.33485447	     -4.75807285	      0.19783053	     24.27407381	     25.85616183	     -7.50005633	    -36.54022158	     -0.54747762	      1.54153085	     -1.31841984	    -15.24475543	      1.77841649	     50.12092548	     90.00000001	      0.00000000	      0.00000000	     18.08854212	    -16.50864476	      7.53798851	     44.57447062	     90.00000001	      0.00000000	      0.00000000
      3.50000000	     13.85802599	      2.24327231	      5.96714330	      1.86309006	      0.90093859	      0.17315381	      5.52280428	    -10.30341248	    -23.70483621	     50.41285016	     -4.81040504	      0.87987022	     19.72301007	     28.39328219	     -7.50005456	    -15.65159616	      8.59012164	     -1.26240301	      9.97750339	     -4.71112742	      0.17414029	     24.63479964	     26.25643003	     -7.50005456	    -36.84048895	     -0.28478910	      1.18576399	     -1.56667163	    -15.07355557	      1.69517488	     50.39967668	     90.00000001	      0.00000000	      0.00000000	     19.11294543	    -16.74597020	      8.11240935	     45.10880689	     90.00000001	      0.00000000	      0.00000000
      3.51000000	     13.88515746	      2.33447043	      6.34291751	      1.87458463	      0.90032973	      0.17251910	      6.43855082	    -10.19639760	    -23.77089777	     47.77287634	     -4.42332197	      0.83379399	     19.77675115	     29.00832435	     -7.50005235	    -16.98554836	      8.52310563	     -0.64010336	      9.10498855	     -4.70286569	      0.15891203	     24.67883729	     26.21289277	     -7.50005235	    -36.85674380	     -0.20671858	      0.80836229	     -1.88922113	    -14.92199322	      1.68355364	     50.66634675	     90.00000001	      0.00000000	      0.00000000	     20.11220678	    -16.88218028	      8.58981396	     45.62330496	     90.00000001	      0.00000000	      0.00000000
      3.52000000	     13.65591913	      2.51583207	      6.61199877	      1.88555012	      0.89914747	      0.17180629	      7.67289581	    -10.28242052	    -23.34430620	     45.18180969	     -3.61677959	      0.78857134	     19.60664592	     29.44004952	     -7.50005121	    -17.87035721	      8.65459084	     -0.26234741	      8.51259177	     -4.80263145	      0.14857275	     25.09992844	     26.43542260	     -7.50005121	    -36.67438802	     -0.25829549	      0.38293879	     -2.01145560	    -14.79692819	      1.71001271	     50.80153849	     90.00000001	      0.00000000	      0.00000000	     21.13381758	    -16.93055054	      8.82374607	     45.98517906	     90.00000001	      0.00000000	      0.00000000
      3.53000000	     13.83129782	      2.61642754	      6.87514655	      1.89713695	      0.89840317	      0.17145548	      8.20527130	    -10.10774194	    -23.54546085	     42.11553361	     -3.13500885	      0.73505473	     19.25883236	     30.30271651	     -7.50004917	    -19.38437971	      8.50892578	      0.04885272	      7.58050909	     -4.68892436	      0.13230484	     25.06733816	     26.71897530	     -7.50004917	    -36.85156817	     -0.23421802	      0.06618411	     -2.25423665	    -14.68480683	      1.72607206	     51.12325527	     90.00000001	      0.00000000	      0.00000000	     22.17266480	    -17.08894333	      9.37164647	     46.34135180	     90.00000001	      0.00000000	      0.00000000
      3.54000000	     13.77414816	      2.80631939	      7.08223200	      1.90842288	      0.89713501	      0.17098628	      8.99814302	    -10.11823168	    -23.61676469	     39.13763874	     -2.45089239	      0.68308066	     18.64223751	     31.19960692	     -7.50004724	    -20.51674157	      8.56062757	      0.20936724	      6.89144968	     -4.68403820	      0.12027849	     25.26023202	     27.05737834	     -7.50004724	    -36.82873316	     -0.32815497	     -0.27371451	     -2.39487803	    -14.58243225	      1.76914669	     51.30925043	     90.00000001	      0.00000000	      0.00000000	     23.22664351	    -17.17110894	      9.84431296	     46.59894164	     90.00000001	      0.00000000	      0.00000000
