Coordinates
version=1
nRows=271
nColumns=42
inDegrees=yes

Units are S.I. units (second, meters, Newtons, ...)
If the header above contains a line with 'inDegrees', this indicates whether rotational values are in degrees (yes) or radians (no).

endheader
time	pelvis_tilt	pelvis_list	pelvis_rotation	pelvis_tx	pelvis_ty	pelvis_tz	hip_flexion_r	hip_adduction_r	hip_rotation_r	knee_angle_r	knee_adduction_r	knee_angle_r_beta	ankle_angle_r	subtalar_angle_r	mtp_angle_r	hip_flexion_l	hip_adduction_l	hip_rotation_l	knee_angle_l	knee_adduction_l	knee_angle_l_beta	ankle_angle_l	subtalar_angle_l	mtp_angle_l	lumbar_extension	lumbar_bending	lumbar_rotation	arm_flex_r	arm_add_r	arm_rot_r	elbow_flex_r	pro_sup_r	wrist_flex_r	wrist_dev_r	arm_flex_l	arm_add_l	arm_rot_l	elbow_flex_l	pro_sup_l	wrist_flex_l	wrist_dev_l
      0.40000000	      9.44852961	      3.55327503	     -2.31165541	     -1.55570389	      0.90133391	      0.17031220	      1.01672024	     -7.14236086	      0.32950654	     65.77758683	      6.45640954	      1.14803546	     -0.76144890	    -11.45052776	     -9.69865389	      4.23449833	      9.82903412	    -17.66306380	     26.00498377	     -4.41933148	      0.45387259	     19.19155845	     18.51791715	     -9.69865389	    -21.89609866	     -2.70863394	     -1.18555528	      4.17521356	     -8.29510380	    -15.06725643	     29.62022258	     90.00000001	      0.00000000	      0.00000000	     -3.95945585	     -6.44410984	    -27.31785572	     37.60288892	     90.00000001	      0.00000000	      0.00000000
      0.41000000	      9.55054302	      3.36978200	     -2.43092674	     -1.54845698	      0.90213364	      0.17038504	      2.87445872	     -6.69425434	      0.36714740	     66.94443700	      5.62345849	      1.16840084	      0.80173723	    -12.68667526	     -9.66575374	      3.25167683	      9.62680723	    -17.62180584	     25.50261987	     -4.20379009	      0.44510468	     19.58882499	     18.69777871	     -9.66575374	    -22.15497261	     -2.50727603	     -1.30142015	      4.03850258	     -8.46270706	    -15.16881995	     29.33622495	     90.00000001	      0.00000000	      0.00000000	     -3.62665520	     -6.61738701	    -26.87343622	     37.79044522	     90.00000001	      0.00000000	      0.00000000
      0.42000000	      9.65162744	      3.17726312	     -2.44842087	     -1.54139256	      0.90294923	      0.17019225	      4.67661139	     -6.28831107	      0.48156140	     67.80452755	      5.05771476	      1.18341225	      2.07640340	    -13.67284918	     -9.63751200	      2.30850615	      9.45569242	    -17.43572387	     25.04719832	     -4.04491604	      0.43715608	     19.86443743	     18.86218268	     -9.63751200	    -22.46039339	     -2.23976267	     -1.55709747	      3.95922836	     -8.61202209	    -15.36792817	     29.16938561	     90.00000001	      0.00000000	      0.00000000	     -3.32572353	     -6.73765400	    -26.45841040	     37.98383621	     90.00000001	      0.00000000	      0.00000000
      0.43000000	      9.66442086	      3.15991017	     -2.48715422	     -1.53435613	      0.90355230	      0.17011807	      6.53375946	     -6.12027915	      1.14877559	     68.41653221	      5.14942373	      1.19409375	      2.92573220	    -15.66811535	     -9.56723869	      1.38777948	      9.53200041	    -17.12766431	     24.37486942	     -3.87394571	      0.42542173	     20.19462783	     19.24211699	     -9.56723869	    -22.62229619	     -2.19859911	     -1.76197751	      3.89901070	     -8.55549925	    -16.43348697	     28.86986987	     90.00000001	      0.00000000	      0.00000000	     -3.07449262	     -7.13061864	    -25.20010336	     38.22875468	     90.00000001	      0.00000000	      0.00000000
      0.44000000	      9.68392731	      2.90503989	     -2.45532692	     -1.52733827	      0.90423084	      0.17002295	      8.23372543	     -5.54805543	      1.30776952	     68.54828489	      4.70166232	      1.19639327	      3.93551662	    -16.10944231	     -9.53864350	      0.56711062	      9.26337226	    -16.86823259	     23.97308451	     -3.67626717	      0.41840926	     20.41833567	     19.22040904	     -9.53864350	    -22.81535470	     -1.86064399	     -1.98686857	      3.73828361	     -8.68587417	    -16.65537235	     28.77751341	     90.00000001	      0.00000000	      0.00000000	     -2.71881101	     -7.24402802	    -24.93702273	     38.38008518	     90.00000001	      0.00000000	      0.00000000
      0.45000000	      9.77416707	      2.74516478	     -2.34052134	     -1.52039026	      0.90506692	      0.16983593	      9.71243922	     -5.19288961	      1.61473745	     68.30428571	      4.66378759	      1.19213468	      4.60493040	    -16.86231226	     -9.40862012	     -0.41115908	      9.14732526	    -16.20930057	     23.41384571	     -3.38912820	      0.40864870	     20.62777769	     18.96907052	     -9.40862012	    -23.09422654	     -1.61356218	     -2.26098423	      3.71956231	     -8.58798456	    -18.08737524	     28.59391603	     90.00000001	      0.00000000	      0.00000000	     -2.37733688	     -7.57070712	    -23.89936264	     38.49243090	     90.00000001	      0.00000000	      0.00000000
      0.46000000	      9.72585747	      2.50833613	     -2.15568896	     -1.51347414	      0.90557680	      0.16948146	     11.24841399	     -4.74392984	      1.69140788	     67.75957649	      4.47003973	      1.18262771	      5.30354584	    -16.91288411	     -9.38081113	     -1.06268970	      8.96333028	    -15.82260333	     23.09590909	     -3.35490017	      0.40309966	     20.85723640	     18.95372934	     -9.38081113	    -23.21095679	     -1.24496092	     -2.61150818	      3.52074727	     -8.70528105	    -18.20077167	     28.59031243	     90.00000001	      0.00000000	      0.00000000	     -2.01399908	     -7.69276673	    -23.65814572	     38.60941413	     90.00000001	      0.00000000	      0.00000000
      0.47000000	      9.84649713	      2.22913707	     -1.87989165	     -1.50651337	      0.90646047	      0.16909753	     12.37557717	     -4.30738115	      1.69464706	     66.73439764	      4.41913828	      1.16473496	      5.81624800	    -17.03960053	     -9.32943863	     -2.00937969	      8.69373905	    -15.12403579	     22.64014258	     -3.13103336	      0.39514503	     21.20999248	     18.89968711	     -9.32943863	    -23.52208062	     -0.81261528	     -2.99362129	      3.34799450	     -8.77922485	    -18.66464671	     28.59516367	     90.00000001	      0.00000000	      0.00000000	     -1.61652810	     -7.92907314	    -22.96972527	     38.63019931	     90.00000001	      0.00000000	      0.00000000
      0.48000000	      9.75392106	      1.99710497	     -1.59795617	     -1.49968221	      0.90683836	      0.16863483	     13.70570288	     -3.95941463	      1.64503916	     65.52309486	      4.35038656	      1.14359374	      6.25410962	    -16.81155816	     -9.29723442	     -2.53511214	      8.53638496	    -14.69849261	     22.41984317	     -3.19579949	      0.39130008	     21.39859210	     18.82886250	     -9.29723442	    -23.59088475	     -0.42325291	     -3.37330376	      3.12746193	     -8.86139977	    -18.89062064	     28.65154979	     90.00000001	      0.00000000	      0.00000000	     -1.25236687	     -8.08359463	    -22.59353086	     38.73245530	     90.00000001	      0.00000000	      0.00000000
      0.49000000	      9.64098715	      1.76867621	     -1.27234549	     -1.49277250	      0.90711928	      0.16816539	     14.91547731	     -3.66966416	      1.55354797	     63.98444554	      4.35852113	      1.11673924	      6.59582353	    -16.43016715	     -9.26809906	     -3.02461358	      8.36435391	    -14.29826074	     22.22083788	     -3.27470773	      0.38782678	     21.61834148	     18.78270694	     -9.26809906	    -23.62271045	     -0.02935699	     -3.75796931	      2.86335561	     -8.93913957	    -19.11359233	     28.72337904	     90.00000001	      0.00000000	      0.00000000	     -0.92364436	     -8.24466136	    -22.20915351	     38.80060046	     90.00000001	      0.00000000	      0.00000000
      0.50000000	      9.58851690	      1.49982856	     -0.92237405	     -1.48592425	      0.90748491	      0.16771238	     15.91075357	     -3.38128495	      1.36184454	     62.09431131	      4.39882415	      1.08375018	      6.93375453	    -15.93316338	     -9.23689652	     -3.59126504	      8.12568383	    -13.87160750	     22.01609525	     -3.32383088	      0.38425335	     21.91354732	     18.80978105	     -9.23689652	    -23.71072700	      0.41277921	     -4.14857968	      2.63775363	     -8.98239047	    -19.39312393	     28.81857871	     90.00000001	      0.00000000	      0.00000000	     -0.51387926	     -8.40412225	    -21.72750236	     38.83508729	     90.00000001	      0.00000000	      0.00000000
      0.51000000	      9.83236760	      1.11718059	     -0.47402744	     -1.47867816	      0.90843269	      0.16738423	     16.25096193	     -2.91285220	      0.41291020	     59.59709503	      3.82160379	      1.04016553	      7.25251364	    -14.88009368	     -9.13916176	     -4.61936953	      7.59254861	    -13.57108781	     21.65667474	     -3.16632628	      0.37798028	     22.27981434	     19.37909267	     -9.13916176	    -24.12267237	      0.98149313	     -4.48823057	      2.43549048	     -8.90050121	    -20.42705577	     28.86673443	     90.00000001	      0.00000000	      0.00000000	     -0.14311028	     -8.66007890	    -20.75065389	     38.84748858	     90.00000001	      0.00000000	      0.00000000
      0.52000000	      9.79209716	      0.86524288	     -0.11818612	     -1.47166232	      0.90863302	      0.16708744	     16.97554715	     -2.64976645	      0.12316591	     57.13015921	      3.81563480	      0.99710938	      7.82789592	    -13.60614716	     -9.07089093	     -5.21508721	      7.26360213	    -13.46948294	     21.43670567	     -3.18347700	      0.37414109	     22.64023223	     19.82018743	     -9.07089093	    -24.21006776	      1.38338471	     -4.79184501	      2.15195787	     -8.90922678	    -20.76456057	     28.94546982	     90.00000001	      0.00000000	      0.00000000	      0.26504731	     -8.78168776	    -20.36134442	     38.86057992	     90.00000001	      0.00000000	      0.00000000
      0.53000000	      9.74391473	      0.65578313	      0.23409992	     -1.46443703	      0.90864315	      0.16682345	     17.60384374	     -2.47005851	     -0.49451932	     54.47457476	      3.59199679	      0.95076069	      8.51826250	    -11.67884214	     -8.97999815	     -5.77904322	      7.00608506	    -13.53977626	     21.22779473	     -3.35666928	      0.37049491	     22.98136546	     20.63460894	     -8.97999815	    -24.25143463	      1.72829493	     -5.11569165	      1.83853561	     -8.88771245	    -21.15658473	     29.03098480	     90.00000001	      0.00000000	      0.00000000	      0.58232893	     -8.93279214	    -19.98046534	     38.90725300	     90.00000001	      0.00000000	      0.00000000
      0.54000000	      9.37582682	      0.59877582	      0.51742136	     -1.45763573	      0.90788074	      0.16659239	     18.69916104	     -2.45831390	     -0.37802995	     51.93403616	      3.88906130	      0.90641992	      8.78600633	    -10.67495061	     -8.95347875	     -5.91122142	      7.01763933	    -13.42019401	     21.10061193	     -3.60941315	      0.36827515	     23.19778666	     20.70755456	     -8.95347875	    -23.96933100	      1.88069769	     -5.42266863	      1.51804992	     -8.88778069	    -21.22406836	     29.12529323	     90.00000001	      0.00000000	      0.00000000	      0.92265881	     -9.02551022	    -19.79085034	     39.00271001	     90.00000001	      0.00000000	      0.00000000
      0.55000000	      9.61799508	      0.32822091	      0.88422459	     -1.44991855	      0.90823090	      0.16655154	     18.65123218	     -2.18477836	     -1.38244234	     48.68940145	      3.42991476	      0.84979037	      9.95982140	     -7.39095810	     -8.86596878	     -6.97753851	      6.46180486	    -13.74761263	     20.70352929	     -3.45323853	      0.36134475	     23.68873634	     22.21218411	     -8.86596878	    -24.28432772	      2.27559816	     -5.61154521	      1.16633709	     -8.83209340	    -21.79077610	     29.15925326	     90.00000001	      0.00000000	      0.00000000	      1.28778960	     -9.14091577	    -19.36893035	     38.97276755	     90.00000001	      0.00000000	      0.00000000
      0.56000000	      9.49994302	      0.25230963	      1.16788958	     -1.44262769	      0.90768294	      0.16660417	     19.17330637	     -2.12768261	     -1.75707044	     45.72522565	      3.39497702	      0.79805574	     10.75358473	     -4.82785795	     -8.77388658	     -7.50615975	      6.24369420	    -13.87178953	     20.47783198	     -3.44589624	      0.35740559	     24.08440360	     22.99087626	     -8.77388658	    -24.23022299	      2.41336901	     -5.83564355	      0.83110492	     -8.73859194	    -22.11794921	     29.18792374	     90.00000001	      0.00000000	      0.00000000	      1.62747767	     -9.25541327	    -19.14704274	     38.98969672	     90.00000001	      0.00000000	      0.00000000
      0.57000000	      9.10935965	      0.29584948	      1.36997098	     -1.43564282	      0.90647370	      0.16675675	     20.09520189	     -2.20010135	     -1.48314728	     42.95998133	      3.77336243	      0.74979312	     10.92431437	     -3.75813383	     -8.74998966	     -7.66783671	      6.28453664	    -13.72533033	     20.31724292	     -3.54343076	      0.35460278	     24.35721838	     23.07348463	     -8.74998966	    -23.90127472	      2.38439332	     -5.99990392	      0.46319396	     -8.67547759	    -22.20073155	     29.21406692	     90.00000001	      0.00000000	      0.00000000	      1.95569774	     -9.33758927	    -18.99529245	     39.06805955	     90.00000001	      0.00000000	      0.00000000
      0.58000000	      9.27403907	      0.12405668	      1.63693969	     -1.42783434	      0.90626022	      0.16699902	     20.04765070	     -2.01996347	     -2.33716947	     39.78523560	      3.49682137	      0.69438335	     11.65482472	     -0.79937008	     -8.68547031	     -8.70361740	      5.80903607	    -13.87290736	     19.87995484	     -3.23925091	      0.34697067	     24.70808669	     24.10299136	     -8.68547031	    -24.12637647	      2.60913364	     -6.03667167	      0.09799904	     -8.56863190	    -22.78111372	     29.17994804	     90.00000001	      0.00000000	      0.00000000	      2.32153806	     -9.38175320	    -18.76440560	     39.06735520	     90.00000001	      0.00000000	      0.00000000
      0.59000000	      8.84992869	      0.28242201	      1.78964508	     -1.42086320	      0.90473491	      0.16736858	     20.97943345	     -2.23387627	     -2.16053071	     37.25988332	      3.82949964	      0.65030764	     11.71917563	      0.28938654	     -8.66439506	     -8.79617077	      5.95998678	    -13.65308682	     19.78487302	     -3.29598118	      0.34531118	     25.03370372	     24.15069591	     -8.66439506	    -23.77498817	      2.41584809	     -6.20238380	     -0.23361609	     -8.40845474	    -22.86280798	     29.18324797	     90.00000001	      0.00000000	      0.00000000	      2.61536017	     -9.48027565	    -18.65118331	     39.12454990	     90.00000001	      0.00000000	      0.00000000
      0.60000000	      9.02893980	      0.20781869	      2.05252512	     -1.41297620	      0.90428148	      0.16768323	     20.89978327	     -2.27244666	     -3.43493209	     34.49032280	      3.58223977	      0.60196969	     12.37910471	      3.70847872	     -8.58250650	     -9.82886706	      5.58481422	    -13.66139523	     19.40077956	     -2.95987697	      0.33860748	     25.42322382	     24.91733088	     -8.58250650	    -23.99591606	      2.52005882	     -6.22824190	     -0.52406067	     -8.22992240	    -23.62120975	     29.05212962	     90.00000001	      0.00000000	      0.00000000	      2.99739787	     -9.51182829	    -18.50900853	     39.11004386	     90.00000001	      0.00000000	      0.00000000
      0.61000000	      8.71462221	      0.34015084	      2.18523128	     -1.40570249	      0.90277162	      0.16811517	     21.59609987	     -2.55377771	     -3.64751673	     32.31802415	      3.95306134	      0.56405593	     12.32994553	      4.59456398	     -8.56243758	    -10.10675310	      5.67826048	    -13.40054600	     19.26009009	     -2.94525774	      0.33615199	     25.74278897	     24.91997602	     -8.56243758	    -23.73820974	      2.33954932	     -6.26519656	     -0.87896056	     -8.10856305	    -23.72426275	     28.98922879	     90.00000001	      0.00000000	      0.00000000	      3.30870806	     -9.54789713	    -18.41775469	     39.15368364	     90.00000001	      0.00000000	      0.00000000
      0.62000000	      8.88635182	      0.30229815	      2.43861315	     -1.39777982	      0.90213324	      0.16847759	     21.53044868	     -2.68818594	     -5.25792076	     30.18711972	      3.76361060	      0.52686463	     12.63962505	      7.44190493	     -8.48832184	    -11.14629466	      5.39253072	    -13.14409641	     18.84998899	     -2.62187502	      0.32899437	     25.97737940	     25.21490682	     -8.48832184	    -23.96064189	      2.41061907	     -6.27680980	     -1.13187479	     -7.89545092	    -24.46689919	     28.84351187	     90.00000001	      0.00000000	      0.00000000	      3.64748620	     -9.53690859	    -18.35949258	     39.17829163	     90.00000001	      0.00000000	      0.00000000
      0.63000000	      8.57814374	      0.52983922	      2.42609782	     -1.39031621	      0.90030274	      0.16932056	     22.46649977	     -3.08936584	     -5.94131186	     29.22627906	      4.03459279	      0.51009480	     12.61801931	      7.49940624	     -8.47778952	    -11.37268884	      5.47395938	    -13.20144752	     18.92132954	     -2.44434807	      0.33023950	     26.02960172	     25.01922198	     -8.47778952	    -23.69596912	      2.04473600	     -6.11247972	     -1.53554264	     -7.73385191	    -24.45482983	     28.78023018	     90.00000001	      0.00000000	      0.00000000	      3.90359260	     -9.55160778	    -18.31720473	     39.39371383	     90.00000001	      0.00000000	      0.00000000
      0.64000000	      8.64221330	      0.49356274	      2.74487717	     -1.38247298	      0.89946234	      0.16932980	     22.23380222	     -3.38670643	     -6.88918770	     27.34479402	      4.54490378	      0.47725669	     12.38631200	      8.69671081	     -8.46312759	    -12.26119712	      5.45013024	    -12.53281089	     18.44782205	     -2.54540450	      0.32197523	     26.76207532	     25.32104731	     -8.46312759	    -23.79755259	      2.18620085	     -6.23482374	     -1.72703791	     -7.63005322	    -24.76590940	     28.51812609	     90.00000001	      0.00000000	      0.00000000	      4.23775205	     -9.48925397	    -18.27115888	     39.19829034	     90.00000001	      0.00000000	      0.00000000
      0.65000000	      8.92054583	      0.40869344	      2.97650898	     -1.37422578	      0.89881263	      0.16986014	     21.98859531	     -3.46688015	     -8.71894600	     26.38324471	      4.47818578	      0.46047449	     12.36729277	      9.96939984	     -8.44344641	    -13.44065276	      5.09495938	    -12.13414250	     18.03846174	     -2.19532367	      0.31483055	     26.93609829	     25.43175442	     -8.44344641	    -24.10698851	      2.30005072	     -6.17161616	     -1.94685438	     -7.47437782	    -25.32001636	     28.32934170	     90.00000001	      0.00000000	      0.00000000	      4.49765519	     -9.40343844	    -18.32523368	     39.28583995	     90.00000001	      0.00000000	      0.00000000
      0.66000000	      8.74521666	      0.50609313	      2.91560949	     -1.36625579	      0.89712652	      0.17102312	     22.49512078	     -3.59491842	     -9.26885543	     26.13328730	      4.69815063	      0.45611191	     12.38624432	      9.93648913	     -8.43699525	    -13.79505173	      5.07504007	    -12.13941329	     18.20056381	     -2.14628733	      0.31765976	     26.90838189	     25.27276332	     -8.43699525	    -23.92655875	      2.04903534	     -5.95322359	     -2.27173892	     -7.27268564	    -25.32445802	     28.23504883	     90.00000001	      0.00000000	      0.00000000	      4.59318676	     -9.38974789	    -18.31797943	     39.43808388	     90.00000001	      0.00000000	      0.00000000
      0.67000000	      9.00897700	      0.47724262	      3.29131943	     -1.35772522	      0.89633610	      0.17108692	     22.24655085	     -3.81500602	    -11.38545834	     26.08624501	      4.50959625	      0.45529086	     12.46314697	     10.69020419	     -8.42266167	    -14.97364555	      4.88170991	    -11.52787347	     17.71498023	     -2.00413337	      0.30918473	     27.40453920	     25.35712166	     -8.42266167	    -24.17585900	      2.20021603	     -6.03024490	     -2.42923623	     -7.16678213	    -25.95130227	     27.90177821	     90.00000001	      0.00000000	      0.00000000	      4.79804039	     -9.23059461	    -18.42780605	     39.54292904	     90.00000001	      0.00000000	      0.00000000
      0.68000000	      8.91596195	      0.52291815	      3.28008178	     -1.34935917	      0.89480343	      0.17207620	     22.39398493	     -3.83650241	    -11.80265327	     26.10757711	      4.65038415	      0.45566318	     12.49700141	     10.64389178	     -8.41913784	    -15.45432522	      4.82773855	    -11.51280727	     17.83664989	     -2.03411120	      0.31130827	     27.42490802	     25.26078739	     -8.41913784	    -24.03088928	      2.07619451	     -5.82668426	     -2.72609948	     -7.03876510	    -26.00257158	     27.73769234	     90.00000001	      0.00000000	      0.00000000	      4.83501009	     -9.15515972	    -18.43616404	     39.64188093	     90.00000001	      0.00000000	      0.00000000
      0.69000000	      9.14728557	      0.46957598	      3.44267064	     -1.34052710	      0.89376823	      0.17268148	     22.19298844	     -3.83571122	    -13.18430968	     26.73545647	      4.47052648	      0.46662174	     12.60499684	     10.36765034	     -8.41263249	    -16.45555841	      4.61857852	    -11.38415584	     17.66695347	     -2.01270410	      0.30834651	     27.78104459	     25.14549142	     -8.41263249	    -24.20060720	      2.17036978	     -5.73255303	     -2.88970633	     -6.96090705	    -26.31076516	     27.40286576	     90.00000001	      0.00000000	      0.00000000	      4.86556159	     -8.99688876	    -18.54947938	     39.80581972	     90.00000001	      0.00000000	      0.00000000
      0.70000000	      9.23252164	      0.43897775	      3.56461746	     -1.33168790	      0.89252349	      0.17344112	     22.03244506	     -3.72611840	    -14.08359673	     27.28757876	      4.22363760	      0.47625809	     12.59973639	     10.15749406	     -8.40531634	    -17.21707265	      4.46762359	    -11.14006020	     17.64323370	     -2.04642512	      0.30793252	     27.95492153	     25.02710269	     -8.40531634	    -24.19777324	      2.20058158	     -5.59542332	     -3.05938532	     -6.86670739	    -26.58917386	     27.12377647	     90.00000001	      0.00000000	      0.00000000	      4.81596314	     -8.83570491	    -18.68148137	     40.02347290	     90.00000001	      0.00000000	      0.00000000
      0.71000000	      9.30588291	      0.39850707	      3.65190681	     -1.32261088	      0.89124579	      0.17430391	     21.78867804	     -3.53929528	    -14.70973953	     27.86732942	      4.00023670	      0.48637665	     12.52441017	      9.90784244	     -8.39807877	    -17.93849205	      4.32360451	    -10.97835069	     17.70381780	     -2.13590006	      0.30898991	     28.09488112	     24.85817991	     -8.39807877	    -24.12696760	      2.24331037	     -5.48122955	     -3.20069467	     -6.76946307	    -26.83836388	     26.84241271	     90.00000001	      0.00000000	      0.00000000	      4.65784841	     -8.68066366	    -18.83849509	     40.21216488	     90.00000001	      0.00000000	      0.00000000
      0.72000000	      9.34875959	      0.34324282	      3.72580518	     -1.31340498	      0.88996190	      0.17522179	     21.50864823	     -3.28364845	    -15.27405831	     28.44745632	      3.70768675	      0.49650178	     12.31664258	      9.58291621	     -8.38821744	    -18.59738389	      4.16189016	    -10.83357074	     17.81395244	     -2.21466586	      0.31091212	     28.22046185	     24.61001389	     -8.38821744	    -24.01676361	      2.29644799	     -5.41107788	     -3.29008841	     -6.68113589	    -27.15446705	     26.51919273	     90.00000001	      0.00000000	      0.00000000	      4.39720538	     -8.51922278	    -19.09182906	     40.44906025	     90.00000001	      0.00000000	      0.00000000
      0.73000000	      9.26160625	      0.32677457	      3.75253597	     -1.30414496	      0.88858235	      0.17618254	     21.19547072	     -3.04598344	    -15.22204790	     28.74309989	      3.69151702	      0.50166173	     12.20741839	      9.54242250	     -8.38525637	    -19.02638023	      4.10333694	    -10.67433451	     18.06817694	     -2.39182863	      0.31534918	     28.19540285	     24.53465176	     -8.38525637	    -23.73020037	      2.29418454	     -5.29068778	     -3.49457777	     -6.62769054	    -27.20823614	     26.38257464	     90.00000001	      0.00000000	      0.00000000	      4.14061931	     -8.39712656	    -19.14670322	     40.45829798	     90.00000001	      0.00000000	      0.00000000
      0.74000000	      9.38545518	      0.12648718	      3.77519025	     -1.29466457	      0.88757764	      0.17724327	     20.77583816	     -2.58120025	    -15.66316166	     29.37872059	      3.38462412	      0.51275540	     11.60823384	      9.12556286	     -8.37461578	    -19.63359480	      3.75952840	    -10.76355421	     18.46581256	     -2.49416942	      0.32228923	     28.29712569	     24.03604777	     -8.37461578	    -23.67519310	      2.51578287	     -5.12298791	     -3.44534679	     -6.62587376	    -27.50263782	     25.90369997	     90.00000001	      0.00000000	      0.00000000	      3.75086837	     -8.14053629	    -19.58581964	     40.84218255	     90.00000001	      0.00000000	      0.00000000
      0.75000000	      9.27455044	      0.10152093	      3.76239289	     -1.28512349	      0.88646111	      0.17830834	     20.42991920	     -2.32742512	    -15.52142994	     29.62845548	      3.39101791	      0.51711410	     11.48744602	      9.14170398	     -8.37212785	    -20.00064363	      3.72006501	    -10.56562447	     18.77222125	     -2.67483157	      0.32763707	     28.22732133	     23.97898043	     -8.37212785	    -23.32069390	      2.51742523	     -5.00965168	     -3.61924635	     -6.55987207	    -27.52648929	     25.81774858	     90.00000001	      0.00000000	      0.00000000	      3.37589208	     -7.99678866	    -19.63310678	     40.77297282	     90.00000001	      0.00000000	      0.00000000
      0.76000000	      9.34073900	     -0.37766974	      3.83418371	     -1.27576282	      0.88577996	      0.17944596	     19.99466787	     -1.48473742	    -15.62361199	     29.95961941	      3.11296322	      0.52289400	     10.33196405	      8.78798323	     -8.34781015	    -20.17266514	      2.98769222	    -10.65800508	     19.85871396	     -2.72609700	      0.34659994	     28.10997307	     22.92456965	     -8.34781015	    -23.21273656	      3.08105856	     -4.86470693	     -3.33045921	     -6.65333133	    -28.04774243	     25.16609230	     90.00000001	      0.00000000	      0.00000000	      2.97868014	     -7.57470306	    -20.64894245	     41.15776167	     90.00000001	      0.00000000	      0.00000000
      0.77000000	      9.40390862	     -0.59991901	      3.75710367	     -1.26615157	      0.88530215	      0.18057573	     19.59849178	     -1.08787353	    -15.36926905	     30.45850878	      3.21932554	      0.53160126	     10.06157814	      8.85388497	     -8.34383640	    -20.59603142	      2.72999648	    -10.56480894	     20.39836805	     -2.90437183	      0.35601868	     27.85882785	     22.72756562	     -8.34383640	    -23.06193036	      3.34061668	     -4.65724621	     -3.31247279	     -6.72129319	    -28.12242807	     25.02520239	     90.00000001	      0.00000000	      0.00000000	      2.56562953	     -7.36737075	    -20.80398980	     41.10773462	     90.00000001	      0.00000000	      0.00000000
      0.78000000	      9.32506446	     -0.96775176	      3.69967388	     -1.25660072	      0.88482123	      0.18192761	     19.39614102	     -0.44963312	    -15.16017736	     30.86699962	      3.11840668	      0.53873077	      9.38742701	      8.65999871	     -8.32523509	    -20.46791881	      2.12386754	    -10.79050139	     21.72238836	     -2.90993080	      0.37912720	     27.28285741	     21.70752798	     -8.32523509	    -22.74531577	      3.72856026	     -4.47986456	     -3.13582956	     -6.79186823	    -28.36637269	     24.63326890	     90.00000001	      0.00000000	      0.00000000	      2.08573330	     -7.04293206	    -21.56832113	     41.18444726	     90.00000001	      0.00000000	      0.00000000
      0.79000000	      9.33857761	     -1.26964008	      3.61140252	     -1.24693698	      0.88473183	      0.18323282	     19.14940146	      0.03353208	    -14.76301663	     31.45527066	      3.20389674	      0.54899804	      9.12248907	      8.50968406	     -8.31275196	    -20.53812035	      1.62876257	    -10.89665370	     22.83697376	     -2.92276686	      0.39858038	     26.51508121	     21.05627966	     -8.31275196	    -22.52615517	      4.06205459	     -4.28978996	     -3.00132243	     -6.87540320	    -28.46223705	     24.42223550	     90.00000001	      0.00000000	      0.00000000	      1.61227346	     -6.77323558	    -22.01233147	     41.11022663	     90.00000001	      0.00000000	      0.00000000
      0.80000000	      9.42085698	     -1.56187908	      3.50912849	     -1.23723119	      0.88499184	      0.18454181	     18.82392708	      0.46465341	    -14.34456836	     32.09097672	      3.36214345	      0.56009320	      9.05049440	      8.38477975	     -8.30499076	    -20.63683438	      1.12247068	    -10.99718931	     24.00661087	     -2.88323373	      0.41899440	     25.61873906	     20.50543081	     -8.30499076	    -22.38985658	      4.39403181	     -4.08218388	     -2.85168198	     -6.97118830	    -28.48976981	     24.27421242	     90.00000001	      0.00000000	      0.00000000	      1.15899801	     -6.53736402	    -22.37349327	     40.97212963	     90.00000001	      0.00000000	      0.00000000
      0.81000000	      9.34893313	     -1.87973142	      3.40324289	     -1.22756473	      0.88521693	      0.18591849	     18.60885196	      1.00524329	    -13.78014806	     32.54788533	      3.44916612	      0.56806776	      9.08774816	      7.98557327	     -8.29139684	    -20.33536237	      0.57709201	    -11.13287455	     25.60052197	     -2.92530313	      0.44681340	     24.38085149	     19.50941059	     -8.29139684	    -22.06263833	      4.75647926	     -3.92386873	     -2.66155540	     -7.08777494	    -28.51032371	     24.11617964	     90.00000001	      0.00000000	      0.00000000	      0.66821601	     -6.27832769	    -23.01227400	     40.74493021	     90.00000001	      0.00000000	      0.00000000
      0.82000000	      9.52738210	     -2.11584533	      3.28752370	     -1.21778593	      0.88606866	      0.18733498	     18.01536417	      1.32912986	    -13.40840996	     33.02285025	      3.73494364	      0.57635747	      9.31488400	      7.83967957	     -8.28485303	    -20.39196783	      0.02561649	    -11.24650929	     27.00996638	     -2.77719942	      0.47141284	     23.03296690	     18.99706767	     -8.28485303	    -22.04100886	      5.01566872	     -3.72683893	     -2.46410034	     -7.18922248	    -28.49470640	     24.07133395	     90.00000001	      0.00000000	      0.00000000	      0.21899797	     -6.13215056	    -23.36186414	     40.46956408	     90.00000001	      0.00000000	      0.00000000
      0.83000000	      9.52731267	     -2.44115251	      3.20166739	     -1.20803283	      0.88686193	      0.18873856	     17.40343275	      1.83627153	    -13.01874423	     33.06182774	      3.95371732	      0.57703775	      9.73973198	      7.64427009	     -8.27443188	    -19.96103202	     -0.67628201	    -11.50953687	     28.91831694	     -2.71374474	      0.50471984	     21.01273591	     17.99824442	     -8.27443188	    -21.78541995	      5.39906247	     -3.59895728	     -2.24982585	     -7.28944932	    -28.44495585	     24.03696366	     90.00000001	      0.00000000	      0.00000000	     -0.25249522	     -5.91688022	    -23.93803963	     40.08519278	     90.00000001	      0.00000000	      0.00000000
      0.84000000	      9.66962884	     -2.72695717	      3.12666722	     -1.19829422	      0.88807390	      0.19012644	     16.50373206	      2.27173780	    -12.72615366	     32.97359847	      4.21382281	      0.57549786	     10.18723629	      7.59856755	     -8.26380164	    -19.65877495	     -1.37909727	    -11.67784254	     30.83719013	     -2.57859501	      0.53821050	     18.93673976	     17.06291615	     -8.26380164	    -21.70867466	      5.74491787	     -3.46967974	     -2.00708916	     -7.38414168	    -28.36343384	     24.07984435	     90.00000001	      0.00000000	      0.00000000	     -0.66429073	     -5.74094141	    -24.46759469	     39.62527596	     90.00000001	      0.00000000	      0.00000000
      0.85000000	      9.84498184	     -3.04811225	      3.05619893	     -1.18864759	      0.88955223	      0.19166506	     15.39089412	      2.81359530	    -12.54476077	     32.54910164	      4.38027573	      0.56808899	     10.57934127	      7.68517788	     -8.24029888	    -19.29119094	     -2.21322029	    -11.72699720	     32.91001811	     -2.27500910	      0.57438817	     16.64776011	     15.48125583	     -8.24029888	    -21.69209868	      6.11062818	     -3.31587479	     -1.75094113	     -7.48985383	    -28.14571913	     24.17729463	     90.00000001	      0.00000000	      0.00000000	     -0.98238402	     -5.55687357	    -25.23162995	     39.06608631	     90.00000001	      0.00000000	      0.00000000
      0.86000000	     10.05975751	     -3.22815044	      3.03913477	     -1.17900224	      0.89115412	      0.19290592	     14.13437646	      3.04238905	    -12.45182594	     32.08466567	      4.77773190	      0.55998306	     11.22283892	      7.94278708	     -8.23102515	    -18.84646890	     -2.87600635	    -11.99337025	     35.04198921	     -2.25437684	      0.61159809	     13.95874456	     14.91008408	     -8.23102515	    -21.71420671	      6.35922472	     -3.26187803	     -1.48670756	     -7.56593333	    -28.03073409	     24.37354474	     90.00000001	      0.00000000	      0.00000000	     -1.36723564	     -5.50770559	    -25.51383058	     38.51429548	     90.00000001	      0.00000000	      0.00000000
      0.87000000	     10.26089287	     -3.47580564	      2.99729472	     -1.16951152	      0.89281169	      0.19434995	     12.79687824	      3.44440177	    -12.34794457	     31.37819171	      5.06316695	      0.54765276	     11.78962957	      8.33895851	     -8.22167867	    -18.22571702	     -3.66688097	    -12.33628687	     37.39468168	     -2.24958781	      0.65266032	     11.19879998	     14.01920977	     -8.22167867	    -21.75880666	      6.65659398	     -3.14227903	     -1.19969977	     -7.63958649	    -27.85950578	     24.62694696	     90.00000001	      0.00000000	      0.00000000	     -1.69183473	     -5.48034465	    -25.87970954	     37.86989766	     90.00000001	      0.00000000	      0.00000000
      0.88000000	     10.47792283	     -3.79592648	      2.95107991	     -1.16018750	      0.89456121	      0.19596472	     11.37801245	      4.07900985	    -12.22582213	     30.42437698	      5.10066834	      0.53100555	     12.15735189	      8.83810776	     -8.20199415	    -17.50710344	     -4.61119837	    -12.45601189	     39.94145199	     -2.05244608	      0.69710985	      8.44122298	     12.20825954	     -8.20199415	    -21.84704319	      7.01132758	     -2.97088214	     -0.93981683	     -7.73088916	    -27.43082033	     24.95885919	     90.00000001	      0.00000000	      0.00000000	     -1.88672669	     -5.40408410	    -26.47700003	     37.13267031	     90.00000001	      0.00000000	      0.00000000
      0.89000000	     10.74844894	     -3.78705298	      2.95087003	     -1.15106704	      0.89630434	      0.19712704	      9.97936900	      4.03913512	    -12.15151913	     29.83091910	      5.59304679	      0.52064776	     12.65293368	      9.11943363	     -8.19621125	    -16.75626797	     -5.01657791	    -12.64117535	     42.36933734	     -2.33179005	      0.73948444	      6.05175512	     11.70449485	     -8.19621125	    -22.03902777	      7.04674814	     -2.93723531	     -0.58542771	     -7.74715546	    -27.26610588	     25.31711922	     90.00000001	      0.00000000	      0.00000000	     -2.13520581	     -5.50369290	    -26.65898854	     36.52277414	     90.00000001	      0.00000000	      0.00000000
      0.90000000	     10.76428736	     -4.08608446	      2.98989439	     -1.14209383	      0.89758068	      0.19838631	      8.73118382	      4.49774405	    -11.97004657	     28.76952082	      5.91098842	      0.50212286	     13.13650196	      9.61773616	     -8.18738045	    -15.40594570	     -5.88781875	    -12.98846738	     45.26579577	     -2.64492911	      0.79003717	      3.16887131	     10.20151010	     -8.18738045	    -21.93970567	      7.43237600	     -2.87994932	     -0.29952133	     -7.86713224	    -26.95205212	     25.80485904	     90.00000001	      0.00000000	      0.00000000	     -2.33820526	     -5.49285968	    -26.94682316	     35.67601096	     90.00000001	      0.00000000	      0.00000000
      0.91000000	     10.81100699	     -4.35170439	      2.95508203	     -1.13360302	      0.89885864	      0.20006153	      7.60684535	      5.10593536	    -11.82680031	     27.84328852	      5.84013567	      0.48595706	     13.27712984	      9.97617305	     -8.16547218	    -14.03479241	     -6.72456176	    -12.43347178	     48.23402125	     -2.24786899	      0.84184248	      0.88611037	      6.88148388	     -8.16547218	    -21.96697717	      7.69116514	     -2.67798270	     -0.05141226	     -7.97406303	    -26.07201037	     26.37574504	     90.00000001	      0.00000000	      0.00000000	     -2.35693485	     -5.53389260	    -27.50236396	     34.84179091	     90.00000001	      0.00000000	      0.00000000
      0.92000000	     10.79719040	     -4.43311493	      2.99752316	     -1.12533016	      0.89986936	      0.20116413	      6.62021055	      5.23456943	    -11.82907768	     27.18705023	      6.11587594	      0.47450354	     13.63633552	     10.39245725	     -8.14408425	    -12.41265614	     -7.15110622	    -12.00425317	     51.17568567	     -2.37047943	      0.89318421	     -1.05898920	      4.33144094	     -8.14408425	    -21.96024529	      7.82606398	     -2.63082092	      0.26662719	     -8.10900403	    -25.35333916	     26.98302658	     90.00000001	      0.00000000	      0.00000000	     -2.42269990	     -5.62536957	    -27.77483793	     34.08647432	     90.00000001	      0.00000000	      0.00000000
      0.93000000	     10.73034329	     -4.45908457	      3.10289830	     -1.11732600	      0.90065239	      0.20207403	      5.78241521	      5.25547136	    -12.05522460	     26.67520010	      6.34187269	      0.46557007	     13.98968199	     10.94621864	     -8.11075471	    -10.58717758	     -7.41804421	    -11.19434207	     54.14828787	     -2.37200555	      0.94506591	     -2.58905822	      1.22184683	     -8.11075471	    -21.92214057	      7.91402123	     -2.64886860	      0.57708788	     -8.21438353	    -24.49940750	     27.63700765	     90.00000001	      0.00000000	      0.00000000	     -2.46308182	     -5.69956029	    -28.02416686	     33.37384396	     90.00000001	      0.00000000	      0.00000000
      0.94000000	     10.56820607	     -4.49636901	      3.14387051	     -1.10957429	      0.90109750	      0.20303996	      5.17125702	      5.31763785	    -12.29712721	     26.32354470	      6.44078750	      0.45943253	     14.40946383	     11.65740813	     -8.07992325	     -8.53855503	     -7.59623483	    -10.51517207	     57.10791391	     -2.51925107	      0.99672113	     -3.62247001	     -1.71572760	     -8.07992325	    -21.82383245	      7.99697275	     -2.59389385	      0.91976479	     -8.38111970	    -23.79321109	     28.30335140	     90.00000001	      0.00000000	      0.00000000	     -2.47943242	     -5.82046075	    -28.18420650	     32.68391128	     90.00000001	      0.00000000	      0.00000000
      0.95000000	     10.36649809	     -4.51007703	      3.22742703	     -1.10193955	      0.90131022	      0.20390234	      4.70320930	      5.33210789	    -12.62550316	     26.15827740	      6.51614834	      0.45654807	     14.86528130	     12.43080585	     -8.04963751	     -6.36114427	     -7.68683311	     -9.71051150	     60.00251315	     -2.59606637	      1.04724141	     -4.23362945	     -4.94237946	     -8.04963751	    -21.68254093	      8.04894425	     -2.56365995	      1.24606628	     -8.51581565	    -23.03065424	     28.98285334	     90.00000001	      0.00000000	      0.00000000	     -2.48626068	     -5.93652400	    -28.32273101	     32.03810841	     90.00000001	      0.00000000	      0.00000000
      0.96000000	     10.14539227	     -4.48652348	      3.27644478	     -1.09461716	      0.90142858	      0.20465764	      4.33991068	      5.27528178	    -12.96307671	     26.09650254	      6.59618575	      0.45546989	     15.34374129	     13.14656188	     -8.02121572	     -4.11317472	     -7.62872544	     -8.96827051	     62.72248526	     -2.72924807	      1.09471388	     -4.36621759	     -8.04305865	     -8.02121572	    -21.59105316	      8.06891442	     -2.52057541	      1.65774430	     -8.68855143	    -22.26269350	     29.69368886	     90.00000001	      0.00000000	      0.00000000	     -2.47662428	     -6.02608178	    -28.41613083	     31.48087917	     90.00000001	      0.00000000	      0.00000000
      0.97000000	      9.89100500	     -4.49805463	      3.31082515	     -1.08744370	      0.90136540	      0.20548588	      4.08130512	      5.30859861	    -13.11537722	     26.09197352	      6.63614631	      0.45539085	     15.82860409	     13.73819237	     -7.99984611	     -1.81199170	     -7.58253240	     -8.42393043	     65.23677927	     -2.98530158	      1.13859659	     -3.97629332	    -10.72261672	     -7.99984611	    -21.48013244	      8.10217822	     -2.39734419	      2.04995466	     -8.85257865	    -21.54080621	     30.40297017	     90.00000001	      0.00000000	      0.00000000	     -2.43586759	     -6.12810810	    -28.45479951	     30.98765441	     90.00000001	      0.00000000	      0.00000000
      0.98000000	      9.88679901	     -4.37610151	      3.37504521	     -1.08008411	      0.90178120	      0.20596618	      3.40902035	      5.12274613	    -13.15105683	     25.91551396	      6.90054948	      0.45231105	     16.18503187	     13.98462234	     -7.99079989	      0.07027557	     -7.22186917	     -8.44197162	     67.19845969	     -3.84167028	      1.17283437	     -2.69483822	    -12.23143851	     -7.99079989	    -21.64013678	      8.02253490	     -2.35407525	      2.58749559	     -8.97434509	    -21.18035898	     30.98952680	     90.00000001	      0.00000000	      0.00000000	     -2.46970521	     -6.22007289	    -28.42508540	     30.68609121	     90.00000001	      0.00000000	      0.00000000
      0.99000000	      9.56152393	     -4.34064031	      3.45827457	     -1.07332418	      0.90146776	      0.20654542	      3.38794365	      5.12750727	    -13.24625153	     26.14347485	      6.85074459	      0.45628971	     16.70682436	     14.34259224	     -7.96616316	      2.48272905	     -7.05761595	     -7.36698108	     69.31917655	     -3.47378070	      1.20984787	     -2.00560659	    -15.05394816	     -7.96616316	    -21.50065751	      8.01976745	     -2.30164553	      2.95837010	     -9.26522943	    -19.87948896	     31.74595791	     90.00000001	      0.00000000	      0.00000000	     -2.44413532	     -6.27606799	    -28.48977057	     30.41529950	     90.00000001	      0.00000000	      0.00000000
      1.00000000	      9.62401275	     -4.17620196	      3.48842329	     -1.06614735	      0.90199967	      0.20696655	      2.68033195	      4.99510547	    -13.06645671	     25.96669847	      6.98518578	      0.45320438	     17.02244998	     14.44278379	     -7.95958025	      4.19992397	     -6.61269633	     -7.51502264	     70.65300402	     -4.24295684	      1.23312755	     -0.39778941	    -15.92829264	     -7.95958025	    -21.77592349	      7.88346848	     -2.20661132	      3.55272055	     -9.38523895	    -19.60906996	     32.26135133	     90.00000001	      0.00000000	      0.00000000	     -2.47068122	     -6.31920850	    -28.43958846	     30.29488292	     90.00000001	      0.00000000	      0.00000000
      1.01000000	      9.58088277	     -4.03931088	      3.49926624	     -1.05913621	      0.90228350	      0.20744832	      2.13632076	      4.93179834	    -12.77554324	     25.82457385	      7.07891614	      0.45072384	     17.41689778	     14.49654427	     -7.95262100	      6.05136715	     -6.21576408	     -7.50133851	     71.80483073	     -4.74503449	      1.25323072	      1.24215215	    -16.67968379	     -7.95262100	    -21.94228765	      7.75674100	     -2.07671642	      4.10953056	     -9.54163627	    -19.16130887	     32.81757858	     90.00000001	      0.00000000	      0.00000000	     -2.50754606	     -6.35568748	    -28.38895627	     30.25480276	     90.00000001	      0.00000000	      0.00000000
      1.02000000	      9.54080071	     -3.89156748	      3.51014479	     -1.05222341	      0.90256186	      0.20788191	      1.60418386	      4.88759356	    -12.44881594	     25.68364423	      7.12329638	      0.44826416	     17.81784190	     14.45541742	     -7.94570587	      7.85675304	     -5.79229360	     -7.34945654	     72.65963765	     -5.04093854	      1.26814991	      2.77230506	    -17.14061650	     -7.94570587	    -22.12164969	      7.61500909	     -1.94743951	      4.66757255	     -9.71477917	    -18.59058782	     33.34170126	     90.00000001	      0.00000000	      0.00000000	     -2.55660079	     -6.35467203	    -28.33624229	     30.31545703	     90.00000001	      0.00000000	      0.00000000
      1.03000000	      9.50007591	     -3.73673519	      3.52482836	     -1.04536049	      0.90282194	      0.20827206	      1.05042206	      4.84524472	    -12.06925500	     25.50248182	      7.16969836	      0.44510228	     18.22338503	     14.32763795	     -7.93821588	      9.62857794	     -5.32531432	     -7.09165934	     73.22667642	     -5.22236410	      1.27804660	      4.25840429	    -17.31217860	     -7.93821588	    -22.29362742	      7.45827333	     -1.82801019	      5.22521026	     -9.91451426	    -17.88777863	     33.84266225	     90.00000001	      0.00000000	      0.00000000	     -2.64263942	     -6.33840093	    -28.28240241	     30.49395356	     90.00000001	      0.00000000	      0.00000000
      1.04000000	      9.50925901	     -3.54412074	      3.52129803	     -1.03854312	      0.90320309	      0.20862550	      0.43460738	      4.80703299	    -11.70237085	     25.29348111	      7.12364403	      0.44145452	     18.54492297	     14.17566760	     -7.93152454	     11.27114600	     -4.77136097	     -6.85070746	     73.44344629	     -5.36310229	      1.28182995	      5.46326004	    -17.30600242	     -7.93152454	    -22.53325552	      7.25325064	     -1.69221957	      5.81050173	    -10.09687012	    -17.26394434	     34.27030539	     90.00000001	      0.00000000	      0.00000000	     -2.73204557	     -6.32231932	    -28.23106286	     30.74523087	     90.00000001	      0.00000000	      0.00000000
      1.05000000	      9.51144557	     -3.47624942	      3.50314226	     -1.03182042	      0.90354329	      0.20898942	     -0.28608465	      4.89609091	    -10.93167470	     24.82003731	      7.31670611	      0.43319137	     18.78291478	     13.32557332	     -7.90779987	     12.86455498	     -4.41390423	     -6.28183607	     73.40817630	     -5.08656964	      1.28121437	      6.71687739	    -17.08080463	     -7.90779987	    -22.77811713	      7.18499659	     -1.57990532	      6.27823715	    -10.59410971	    -15.12212874	     34.81259524	     90.00000001	      0.00000000	      0.00000000	     -2.93098370	     -6.20758346	    -28.17361272	     31.21858755	     90.00000001	      0.00000000	      0.00000000
      1.06000000	      9.53357700	     -3.35579926	      3.34931127	     -1.02508513	      0.90392243	      0.20961273	     -0.77345027	      4.88610639	    -10.85094392	     24.90318033	      7.19012295	      0.43464249	     18.76251104	     13.26358120	     -7.90315769	     14.33352432	     -4.09016087	     -6.21467744	     72.98701716	     -5.05317886	      1.27386376	      6.95506195	    -16.39434796	     -7.90315769	    -23.05460742	      7.01330678	     -1.25072339	      6.94310143	    -10.70870437	    -15.01289950	     35.20198583	     90.00000001	      0.00000000	      0.00000000	     -2.95029588	     -6.11956776	    -28.09975407	     31.43876398	     90.00000001	      0.00000000	      0.00000000
      1.07000000	      9.43072756	     -3.04450360	      3.33940723	     -1.01821182	      0.90419609	      0.20977704	     -1.38129880	      4.82711410	    -10.38457625	     24.42801238	      6.91663795	      0.42634925	     19.21925304	     13.20260932	     -7.89775028	     15.81106043	     -3.17585140	     -5.98043370	     72.14049988	     -5.28222420	      1.25908925	      7.99407744	    -16.42681934	     -7.89775028	    -23.11484759	      6.67156460	     -1.20576945	      7.53334053	    -10.78670109	    -14.66598410	     35.40740196	     90.00000001	      0.00000000	      0.00000000	     -3.16958899	     -6.01558321	    -28.07516981	     31.88785018	     90.00000001	      0.00000000	      0.00000000
      1.08000000	      9.57256049	     -2.77155829	      3.20343412	     -1.01124627	      0.90481281	      0.21016559	     -2.30915299	      4.62339070	     -9.84023199	     23.96619470	      7.06364792	      0.41828901	     19.79548382	     13.10683492	     -7.89045503	     16.83643205	     -2.59705660	     -5.91980005	     70.96319191	     -5.20505116	      1.23854135	      8.78029236	    -16.10206853	     -7.89045503	    -23.46489646	      6.33454442	     -1.07514596	      8.28146013	    -10.91688528	    -13.99056400	     35.49665824	     90.00000001	      0.00000000	      0.00000000	     -3.43353886	     -5.87386337	    -28.06721651	     32.58206518	     90.00000001	      0.00000000	      0.00000000
      1.09000000	      9.87137774	     -2.47251916	      2.96820262	     -1.00412099	      0.90580390	      0.21059566	     -3.47834095	      4.36492918	     -9.17628453	     23.37604036	      7.28142812	      0.40798887	     20.00753123	     12.90219596	     -7.87662189	     17.48390514	     -2.03366766	     -6.30998150	     69.28259585	     -5.41984381	      1.20920941	      9.11651813	    -15.28724550	     -7.87662189	    -23.99025144	      5.95560707	     -0.89211109	      8.98412198	    -11.20746353	    -12.75895643	     35.60416201	     90.00000001	      0.00000000	      0.00000000	     -3.73210990	     -5.70852653	    -28.09410155	     33.28950851	     90.00000001	      0.00000000	      0.00000000
      1.10000000	      9.91767789	     -2.25266449	      2.71881657	     -0.99713399	      0.90621905	      0.21130998	     -4.17917564	      4.26968863	     -8.73566892	     23.08567649	      7.21144532	      0.40292106	     20.23672268	     12.76991662	     -7.86375705	     18.39637471	     -1.56421508	     -6.51720278	     67.47467629	     -5.52014434	      1.17765526	      9.48674310	    -14.40783639	     -7.86375705	    -24.21924766	      5.60718531	     -0.63432344	      9.62748375	    -11.31280544	    -12.08915157	     35.72250685	     90.00000001	      0.00000000	      0.00000000	     -3.94559408	     -5.56187778	    -28.12085484	     33.82401924	     90.00000001	      0.00000000	      0.00000000
      1.11000000	      9.93686000	     -2.04505428	      2.44893457	     -0.99007761	      0.90647893	      0.21197450	     -4.82100313	      4.17537519	     -8.35183202	     22.86211620	      7.10057653	      0.39901920	     20.53097236	     12.73852849	     -7.85364217	     19.23276084	     -1.15036391	     -6.61225912	     65.42855377	     -5.42175365	      1.14194369	      9.78858598	    -13.54548253	     -7.85364217	    -24.39464002	      5.27810240	     -0.37999154	     10.29420138	    -11.38782913	    -11.58078530	     35.75733234	     90.00000001	      0.00000000	      0.00000000	     -4.19152012	     -5.38612598	    -28.15011399	     34.36116624	     90.00000001	      0.00000000	      0.00000000
      1.12000000	      9.64038610	     -2.14927421	      2.29667365	     -0.98331024	      0.90585192	      0.21254836	     -4.94525126	      4.36070297	     -8.32453874	     22.90462363	      7.01441631	      0.39976110	     20.50666130	     12.71200924	     -7.84902697	     20.63972336	     -1.16013622	     -6.51699000	     63.65319725	     -5.20261216	      1.11095787	      9.78577601	    -12.87965142	     -7.84902697	    -24.21641686	      5.35140330	     -0.10748659	     10.86866060	    -11.46389159	    -11.43899695	     36.08801478	     90.00000001	      0.00000000	      0.00000000	     -4.33016182	     -5.16379958	    -28.07708190	     34.64000688	     90.00000001	      0.00000000	      0.00000000
      1.13000000	      9.92954770	     -1.66444238	      1.88940481	     -0.97585912	      0.90671991	      0.21327724	     -6.03870555	      3.92691053	     -7.70284428	     22.45312902	      6.96572706	      0.39188103	     21.13994719	     12.86033196	     -7.83917827	     20.60959094	     -0.43360659	     -6.76474445	     60.58409854	     -5.08645015	      1.05739199	     10.19327793	    -11.66552833	     -7.83917827	    -24.65522070	      4.64628998	      0.07449894	     11.64142403	    -11.49936789	    -10.63413582	     35.70575633	     90.00000001	      0.00000000	      0.00000000	     -4.69367321	     -5.00771113	    -28.25003590	     35.39097739	     90.00000001	      0.00000000	      0.00000000
      1.14000000	      9.64168775	     -1.62275543	      1.66322935	     -0.96885939	      0.90610426	      0.21385597	     -6.24840222	      4.05878094	     -7.44705715	     22.33834914	      6.65561991	      0.38987774	     21.19498332	     12.96837850	     -7.83282644	     21.63466435	     -0.18800063	     -6.71515918	     58.10753584	     -4.98155659	      1.01416782	     10.22855924	    -10.70947906	     -7.83282644	    -24.45416490	      4.51386933	      0.33390425	     12.15667694	    -11.53937508	    -10.31186425	     35.87604032	     90.00000001	      0.00000000	      0.00000000	     -4.88912651	     -4.76665217	    -28.25346202	     35.74394375	     90.00000001	      0.00000000	      0.00000000
      1.15000000	      9.91694183	     -1.31399043	      1.33564209	     -0.96116431	      0.90656827	      0.21438454	     -7.35726384	      3.59842106	     -7.25554589	     21.94212113	      6.89789699	      0.38296226	     21.58065456	     13.44562678	     -7.82051601	     21.56266807	      0.23329907	     -7.48516208	     54.86430243	     -5.23817284	      0.95756272	     10.64784306	     -8.75798051	     -7.82051601	    -24.81467752	      4.06643477	      0.44976290	     12.83182765	    -11.55272658	     -9.53662847	     35.71510161	     90.00000001	      0.00000000	      0.00000000	     -5.17751637	     -4.57623872	    -28.49073754	     36.20752482	     90.00000001	      0.00000000	      0.00000000
      1.16000000	      9.91308858	     -1.20043976	      0.99663006	     -0.95361132	      0.90630480	      0.21485301	     -7.98989980	      3.49410568	     -7.19648678	     21.74906665	      6.72716655	      0.37959282	     21.85936311	     14.16246631	     -7.80021757	     21.88271083	      0.44660128	     -8.19311896	     51.79650116	     -5.50851358	      0.90401949	     11.17548474	     -6.21137841	     -7.80021757	    -24.86685216	      3.85661714	      0.71328681	     13.35840090	    -11.64886211	     -8.98653111	     35.78243672	     90.00000001	      0.00000000	      0.00000000	     -5.40884717	     -4.28257772	    -28.64404783	     36.53179382	     90.00000001	      0.00000000	      0.00000000
      1.17000000	      9.83264024	     -1.10687468	      0.80766589	     -0.94616461	      0.90579200	      0.21507789	     -8.55740224	      3.35237410	     -7.11476351	     21.55599982	      6.76097743	      0.37622317	     22.17656862	     14.47532080	     -7.78870637	     22.22947574	      0.68338886	     -8.17909544	     48.71791377	     -5.26213409	      0.85028800	     11.40800868	     -4.83758888	     -7.78870637	    -24.82319031	      3.71167499	      0.81831326	     13.92936064	    -11.64343679	     -8.63870373	     35.70105903	     90.00000001	      0.00000000	      0.00000000	     -5.63888765	     -4.04711040	    -28.70133139	     36.80185846	     90.00000001	      0.00000000	      0.00000000
      1.18000000	      9.80381344	     -1.03853277	      0.53537403	     -0.93856294	      0.90524978	      0.21550637	     -9.19244045	      3.23033414	     -7.12462311	     21.35829827	      6.72519436	      0.37277263	     22.49012697	     15.12346186	     -7.77081804	     22.43379954	      0.79366317	     -8.66092488	     45.57483255	     -5.27725687	      0.79543088	     11.75778044	     -2.56130938	     -7.77081804	    -24.83348090	      3.55631748	      0.97106161	     14.44084073	    -11.61904700	     -8.21176498	     35.74477198	     90.00000001	      0.00000000	      0.00000000	     -5.83965869	     -3.84171310	    -28.81410412	     37.00043558	     90.00000001	      0.00000000	      0.00000000
      1.19000000	      9.73308386	     -0.97237973	      0.35871540	     -0.93099225	      0.90453929	      0.21554092	     -9.80931427	      3.06223683	     -7.08215927	     21.12553230	      6.81575302	      0.36871009	     22.79371889	     15.44003042	     -7.76086298	     22.62047851	      0.97725718	     -8.72707570	     42.46064193	     -5.04973630	      0.74107800	     11.91675013	     -1.05300072	     -7.76086298	    -24.78988618	      3.47394834	      1.04068065	     14.96666305	    -11.62271875	     -7.88534039	     35.70094672	     90.00000001	      0.00000000	      0.00000000	     -6.02317712	     -3.59803883	    -28.86033460	     37.11659490	     90.00000001	      0.00000000	      0.00000000
      1.20000000	      9.68970966	     -0.92799544	      0.16023342	     -0.92330461	      0.90376630	      0.21565059	    -10.48472500	      2.89735957	     -7.04608352	     20.86292303	      6.93719307	      0.36412670	     23.08371735	     15.83557158	     -7.75138854	     22.71665532	      1.09680326	     -9.04548927	     39.39335861	     -4.96278297	      0.68754381	     12.07167822	      0.81908963	     -7.75138854	    -24.76878453	      3.39746041	      1.11592670	     15.43979565	    -11.59037180	     -7.53289525	     35.72655669	     90.00000001	      0.00000000	      0.00000000	     -6.18128969	     -3.38840938	    -28.92160069	     37.15971879	     90.00000001	      0.00000000	      0.00000000
      1.21000000	      9.68455951	     -0.88826095	     -0.03699205	     -0.91548533	      0.90294550	      0.21564347	    -11.23472081	      2.72196970	     -6.97357255	     20.53689872	      7.07710786	      0.35843650	     23.29453535	     16.37373525	     -7.73898189	     22.75617894	      1.18185865	     -9.85029711	     36.45296348	     -5.11527306	      0.63622423	     12.30864454	      3.31886633	     -7.73898189	    -24.76792753	      3.33773788	      1.18339570	     15.85250209	    -11.58346241	     -7.16112823	     35.82425818	     90.00000001	      0.00000000	      0.00000000	     -6.34252914	     -3.17521916	    -28.99250943	     37.18962735	     90.00000001	      0.00000000	      0.00000000
      1.22000000	      9.61609578	     -0.88596140	     -0.19104772	     -0.90776613	      0.90192102	      0.21555639	    -11.88625733	      2.60305172	     -6.83576762	     20.26164927	      7.22036996	      0.35363249	     23.59741572	     16.56479879	     -7.73075589	     22.82944071	      1.21757327	    -10.21278741	     33.73088155	     -4.95721408	      0.58871494	     12.34874323	      5.08900357	     -7.73075589	    -24.71738575	      3.34378216	      1.19593651	     16.29042659	    -11.57372126	     -6.87307722	     35.89155227	     90.00000001	      0.00000000	      0.00000000	     -6.45164068	     -3.02459610	    -28.99408088	     37.05180702	     90.00000001	      0.00000000	      0.00000000
      1.23000000	      9.61164085	     -0.90310919	     -0.28607785	     -0.89993875	      0.90092285	      0.21538525	    -12.64784222	      2.49222708	     -6.65766318	     19.95930370	      7.44577494	      0.34835557	     23.92750107	     16.69189922	     -7.72488647	     22.80222386	      1.17330095	    -10.67909384	     31.21592607	     -4.70470963	      0.54482069	     12.25090423	      6.76901410	     -7.72488647	    -24.71464755	      3.38684258	      1.17331911	     16.66128895	    -11.49371741	     -6.58606586	     35.96346743	     90.00000001	      0.00000000	      0.00000000	     -6.48127106	     -2.86627910	    -28.97426400	     36.81586544	     90.00000001	      0.00000000	      0.00000000
      1.24000000	      9.29119192	     -1.10571627	     -0.33566118	     -0.89210190	      0.89912114	      0.21520039	    -12.97024380	      2.64763996	     -6.56505858	     19.79882495	      7.54556920	      0.34555468	     24.04107060	     16.72877591	     -7.72172573	     23.37375572	      0.94064875	    -11.16721232	     29.44270273	     -4.57371389	      0.51387210	     12.15843605	      7.52337270	     -7.72172573	    -24.33850424	      3.64507477	      1.18197627	     16.89058925	    -11.45316411	     -6.43784218	     36.13588489	     90.00000001	      0.00000000	      0.00000000	     -6.64725836	     -2.68567388	    -28.92315269	     36.69718130	     90.00000001	      0.00000000	      0.00000000
      1.25000000	      9.74592396	     -0.92303002	     -0.64614286	     -0.88354715	      0.89888459	      0.21512124	    -14.53200296	      2.19480574	     -6.02563172	     18.96389982	      7.97185862	      0.33098249	     24.10548911	     16.77702268	     -7.70790344	     22.65771635	      1.01312726	    -13.31941365	     27.19606118	     -4.93941440	      0.47466081	     12.45607730	     12.14089119	     -7.70790344	    -24.80912266	      3.40102979	      1.22212013	     17.19475165	    -11.43908615	     -5.88485771	     36.35685852	     90.00000001	      0.00000000	      0.00000000	     -6.66975620	     -2.57175475	    -28.95254538	     36.39708515	     90.00000001	      0.00000000	      0.00000000
      1.26000000	      9.62418948	     -1.03809522	     -0.65322479	     -0.87552434	      0.89737067	      0.21476883	    -15.17137513	      2.26843701	     -5.77360418	     18.64537309	      8.08691807	      0.32542315	     24.44219557	     16.79858713	     -7.70491183	     22.82890822	      0.90786400	    -13.73488085	     25.76531007	     -4.68844686	      0.44968949	     12.13640857	     12.79597772	     -7.70491183	    -24.65659529	      3.57804389	      1.16784019	     17.40357475	    -11.40495593	     -5.74018657	     36.45296753	     90.00000001	      0.00000000	      0.00000000	     -6.62960699	     -2.49874344	    -28.88667402	     35.94237332	     90.00000001	      0.00000000	      0.00000000
      1.27000000	      9.44870231	     -1.23402621	     -0.59647534	     -0.86744908	      0.89548816	      0.21427771	    -15.58812476	      2.34243175	     -5.84970027	     18.73080941	      8.31039585	      0.32691430	     24.45627358	     16.72011753	     -7.70337866	     23.32598819	      0.64695507	    -14.22839221	     25.22004005	     -4.41209560	      0.44017274	     12.04376259	     12.83389321	     -7.70337866	    -24.42602624	      3.87561778	      0.99351252	     17.58467819	    -11.30787373	     -5.68569774	     36.68916582	     90.00000001	      0.00000000	      0.00000000	     -6.77515864	     -2.39421588	    -28.82957840	     35.81144907	     90.00000001	      0.00000000	      0.00000000
      1.28000000	      9.86327052	     -1.13130237	     -0.89005332	     -0.85855842	      0.89497952	      0.21431318	    -17.24764093	      2.03493387	     -4.82713989	     17.58059785	      8.75989000	      0.30683932	     24.34467866	     16.09267831	     -7.69328479	     22.68810156	      0.67804875	    -16.20994550	     24.09839039	     -4.75104912	      0.42059626	     11.84762142	     16.38799133	     -7.69328479	    -24.80032618	      3.68544334	      1.11602761	     17.62519826	    -11.32208866	     -5.13822382	     37.02752561	     90.00000001	      0.00000000	      0.00000000	     -6.67843587	     -2.41906676	    -28.75036023	     35.18721039	     90.00000001	      0.00000000	      0.00000000
      1.29000000	      9.78439529	     -1.25828330	     -0.87926037	     -0.85015775	      0.89328453	      0.21392892	    -17.86894138	      2.08353922	     -4.77056195	     17.46040712	      8.87225827	      0.30474159	     24.50735182	     16.08478795	     -7.69218457	     22.90061137	      0.58072531	    -16.68402525	     23.89564155	     -4.64769907	      0.41705762	     11.60420148	     16.47682660	     -7.69218457	    -24.65521289	      3.86657818	      0.98226242	     17.71935894	    -11.20656436	     -5.08378008	     37.21683901	     90.00000001	      0.00000000	      0.00000000	     -6.70157146	     -2.39910543	    -28.70946951	     34.80055136	     90.00000001	      0.00000000	      0.00000000
      1.30000000	      9.92672732	     -1.31582294	     -1.01691073	     -0.84125871	      0.89205601	      0.21382306	    -19.01406276	      2.04389927	     -3.92759881	     16.74446963	      9.13264889	      0.29224613	     24.35669223	     15.49123600	     -7.68130193	     22.83031017	      0.46405200	    -18.08835438	     23.96189110	     -4.90360763	      0.41821389	     11.33700360	     18.33303797	     -7.68130193	    -24.70491255	      3.89479194	      1.05953975	     17.57167208	    -11.21915701	     -4.81251817	     37.61769293	     90.00000001	      0.00000000	      0.00000000	     -6.60603332	     -2.45441143	    -28.58796314	     34.16866400	     90.00000001	      0.00000000	      0.00000000
      1.31000000	      9.94137836	     -1.35045668	     -1.00210221	     -0.83244352	      0.89048928	      0.21344149	    -19.77933207	      2.00975402	     -3.83593934	     16.59079619	      9.20524989	      0.28956402	     24.50975619	     15.47556202	     -7.67981898	     22.87077814	      0.50899780	    -18.65892247	     24.26622049	     -4.99470222	      0.42352544	     10.94737095	     18.42897787	     -7.67981898	    -24.60764069	      3.94851290	      0.93833950	     17.47928896	    -11.11161314	     -4.77790376	     37.85388455	     90.00000001	      0.00000000	      0.00000000	     -6.56200234	     -2.52463160	    -28.54603887	     33.63297729	     90.00000001	      0.00000000	      0.00000000
      1.32000000	      9.97865304	     -1.40014601	     -1.10712513	     -0.82332513	      0.88904900	      0.21329242	    -20.65272821	      1.97708478	     -3.26876431	     16.22214209	      9.32443112	      0.28312979	     24.38763966	     15.29993872	     -7.67431358	     22.84342338	      0.46376982	    -19.71134796	     24.74829761	     -5.29480454	      0.43193928	     10.63750487	     19.55746823	     -7.67431358	    -24.50955017	      3.96475673	      1.00354608	     17.16432382	    -11.09226883	     -4.70382225	     38.31403960	     90.00000001	      0.00000000	      0.00000000	     -6.48390907	     -2.60811947	    -28.44806175	     33.05331138	     90.00000001	      0.00000000	      0.00000000
      1.33000000	      9.91443230	     -1.40834739	     -1.10425757	     -0.81419639	      0.88746534	      0.21295819	    -21.18175251	      1.96706749	     -3.14521842	     16.39255373	      9.26358363	      0.28610404	     24.39061590	     15.26615117	     -7.67380306	     22.70989401	      0.63451377	    -19.75201120	     25.03720821	     -5.34970388	      0.43698172	     10.50931944	     19.57087486	     -7.67380306	    -24.27357455	      3.95947705	      0.90127589	     16.95295592	    -10.97300463	     -4.69025351	     38.34102553	     90.00000001	      0.00000000	      0.00000000	     -6.59671382	     -2.68312092	    -28.45208057	     32.87781657	     90.00000001	      0.00000000	      0.00000000
      1.34000000	     10.05559085	     -1.25046702	     -1.05212487	     -0.80472511	      0.88623503	      0.21251096	    -22.15956876	      1.77592370	     -3.12178803	     16.14224460	      9.25051238	      0.28173532	     24.45991235	     15.10189259	     -7.67181469	     22.64432528	      0.90638061	    -20.74257999	     26.03588556	     -5.85993262	      0.45441193	      9.87525156	     19.93332048	     -7.67181469	    -24.23877915	      3.78453161	      0.76837118	     16.54977915	    -10.87103306	     -4.74598831	     38.79597210	     90.00000001	      0.00000000	      0.00000000	     -6.38034882	     -2.90991874	    -28.38312769	     32.01866879	     90.00000001	      0.00000000	      0.00000000
      1.35000000	     10.10654851	     -1.13831983	     -1.07361163	     -0.79516694	      0.88504407	      0.21217824	    -22.91640871	      1.65756165	     -2.80491466	     16.08903359	      9.18118541	      0.28080661	     24.29011764	     14.85609874	     -7.66808059	     22.53854508	      1.16983050	    -21.42454412	     26.84629838	     -6.36107474	      0.46855630	      9.56648676	     20.76112207	     -7.66808059	    -24.09575992	      3.62217129	      0.75558639	     16.03365900	    -10.77713692	     -4.89119798	     39.19425227	     90.00000001	      0.00000000	      0.00000000	     -6.29226447	     -3.09469850	    -28.33611252	     31.45222907	     90.00000001	      0.00000000	      0.00000000
      1.36000000	     10.19355860	     -0.94868275	     -0.96892140	     -0.78548971	      0.88403192	      0.21160105	    -23.66516940	      1.50244768	     -2.87447664	     16.21435646	      9.04928810	      0.28299391	     24.24393952	     14.59857363	     -7.66644493	     22.36874222	      1.61949514	    -21.61283251	     27.67541687	     -6.78190076	      0.48302715	      9.35013770	     20.85531714	     -7.66644493	    -23.96883007	      3.41471261	      0.56846827	     15.58529977	    -10.61172141	     -4.97889136	     39.33126415	     90.00000001	      0.00000000	      0.00000000	     -6.26801320	     -3.27834581	    -28.33385445	     31.04588981	     90.00000001	      0.00000000	      0.00000000
      1.37000000	     10.23824951	     -0.69454812	     -0.87685699	     -0.77573825	      0.88313680	      0.21103870	    -24.28139856	      1.31742056	     -2.84849179	     16.46284812	      8.86382368	      0.28733090	     24.03757802	     14.31273445	     -7.66437634	     22.31324623	      2.21716870	    -21.56197384	     28.65042162	     -7.35506116	      0.50004419	      9.10752329	     20.80517263	     -7.66437634	    -23.77075843	      3.11024231	      0.40821546	     15.00578832	    -10.49006512	     -5.17335886	     39.52851309	     90.00000001	      0.00000000	      0.00000000	     -6.19373228	     -3.51684459	    -28.34160840	     30.62650891	     90.00000001	      0.00000000	      0.00000000
      1.38000000	     10.31951746	     -0.40813493	     -0.78781411	     -0.76598290	      0.88254121	      0.21049179	    -24.87506047	      1.13735780	     -2.76615089	     16.80948848	      8.62211813	      0.29338092	     23.85031654	     14.09460248	     -7.66325467	     22.19681061	      2.88386545	    -21.20089696	     29.59453717	     -7.85501695	      0.51652211	      8.98190818	     20.65489433	     -7.66325467	    -23.63282840	      2.76183607	      0.25660608	     14.45620352	    -10.35616606	     -5.29500222	     39.56071170	     90.00000001	      0.00000000	      0.00000000	     -6.16482098	     -3.76549757	    -28.36733449	     30.37661365	     90.00000001	      0.00000000	      0.00000000
      1.39000000	     10.22914716	     -0.13150240	     -0.46934303	     -0.75609114	      0.88173126	      0.20948753	    -25.20083866	      0.97953913	     -3.15501933	     17.41990931	      8.49719875	      0.30403477	     23.29096131	     13.33264407	     -7.65968864	     22.50020542	      3.69105921	    -20.46629341	     30.92492097	     -8.47997849	      0.53974169	      8.83313238	     19.42689624	     -7.65968864	    -23.23788558	      2.50822666	     -0.00506700	     13.66860618	    -10.13282520	     -5.81414076	     39.82167789	     90.00000001	      0.00000000	      0.00000000	     -6.01436218	     -3.98804005	    -28.40878085	     29.87138150	     90.00000001	      0.00000000	      0.00000000
      1.40000000	     10.29212781	      0.19595105	     -0.17528647	     -0.74616005	      0.88144322	      0.20844588	    -25.67334554	      0.73007195	     -3.56005034	     18.01845878	      8.40264451	      0.31448143	     22.80165491	     12.67688570	     -7.65728877	     22.54155833	      4.49431841	    -19.56621749	     32.19108399	     -8.87022233	      0.56184041	      8.87941907	     18.31208146	     -7.65728877	    -23.05504756	      2.19022831	     -0.36090641	     13.02977470	     -9.96686877	     -6.15315086	     39.82761012	     90.00000001	      0.00000000	      0.00000000	     -5.99761548	     -4.25691337	    -28.48229906	     29.57535447	     90.00000001	      0.00000000	      0.00000000
      1.41000000	     10.11580701	      0.39706344	      0.23405289	     -0.73677223	      0.88113740	      0.20734895	    -25.66203345	      0.76114176	     -3.65877154	     18.93236686	      8.22870637	      0.33043214	     22.00395518	     11.33701761	     -7.64911148	     22.68511773	      5.34485398	    -16.87892395	     33.35102838	     -8.44653534	      0.58208525	      8.46394650	     14.12905882	     -7.64911148	    -22.65703860	      2.02598497	     -0.65411258	     12.41548538	     -9.68732983	     -7.01212838	     39.63406652	     90.00000001	      0.00000000	      0.00000000	     -5.82084325	     -4.45981221	    -28.72901889	     29.30616730	     90.00000001	      0.00000000	      0.00000000
      1.42000000	     10.21966207	      0.76921549	      0.53164642	     -0.72656903	      0.88138454	      0.20627264	    -26.06336721	      0.37326500	     -4.23018952	     19.76033995	      8.29842436	      0.34488299	     20.93823175	     10.70351926	     -7.64731808	     22.42964648	      6.16688148	    -15.98524555	     34.29577666	     -8.65175008	      0.59857422	      8.82528011	     13.37030455	     -7.64731808	    -22.45351526	      1.64456914	     -0.97582071	     11.65665695	     -9.52651423	     -7.22031959	     39.53619739	     90.00000001	      0.00000000	      0.00000000	     -5.82693634	     -4.70230429	    -28.83377840	     29.20178995	     90.00000001	      0.00000000	      0.00000000
      1.43000000	     10.15150620	      1.06097029	      0.90151418	     -0.71696520	      0.88176536	      0.20499530	    -25.99907708	      0.15189834	     -4.55051316	     20.99444881	      8.28643766	      0.36642226	     19.70349105	      9.25001344	     -7.64004782	     22.13027944	      6.96952851	    -13.76778850	     35.02083001	     -8.03478120	      0.61122879	      8.55045668	     10.08019093	     -7.64004782	    -22.16439530	      1.38462714	     -1.28287747	     11.01676859	     -9.28738185	     -7.96524950	     39.21406221	     90.00000001	      0.00000000	      0.00000000	     -5.72245969	     -4.86754209	    -29.08084237	     29.11878238	     90.00000001	      0.00000000	      0.00000000
      1.44000000	     10.30614463	      1.43408099	      1.13192512	     -0.70684143	      0.88270932	      0.20393616	    -26.16912039	     -0.30746918	     -5.20788755	     22.27855961	      8.31806500	      0.38883422	     18.09868827	      8.49675499	     -7.63744776	     21.37086797	      7.63234025	    -12.87711847	     35.34574840	     -7.82111503	      0.61689969	      9.08068593	      9.50916298	     -7.63744776	    -22.05011197	      0.98967799	     -1.51434656	     10.28111605	     -9.13475649	     -8.28142048	     38.92364077	     90.00000001	      0.00000000	      0.00000000	     -5.71531272	     -5.05758635	    -29.19179573	     29.15285744	     90.00000001	      0.00000000	      0.00000000
      1.45000000	     10.53970116	      1.78579236	      1.28016939	     -0.69677023	      0.88403048	      0.20296844	    -26.29076630	     -0.89537801	     -5.87670434	     23.76067955	      8.49679361	      0.41470209	     16.29023360	      7.83682917	     -7.63597063	     20.35701288	      8.05003330	    -12.24210298	     35.47379731	     -7.33503204	      0.61913456	      9.68843012	      9.13332137	     -7.63597063	    -22.04125576	      0.61021112	     -1.68878679	      9.60069611	     -8.98817467	     -8.62073034	     38.54757450	     90.00000001	      0.00000000	      0.00000000	     -5.71181711	     -5.21892370	    -29.29545669	     29.23678239	     90.00000001	      0.00000000	      0.00000000
      1.46000000	     10.73325989	      2.20811571	      1.42702867	     -0.68678675	      0.88555093	      0.20193673	    -26.19108557	     -1.55595385	     -6.67733549	     25.53223206	      8.52550731	      0.44562151	     14.09085358	      6.91853738	     -7.63401587	     19.17743496	      8.64773008	    -11.56101001	     35.19581337	     -6.97541407	      0.61428283	     10.19562701	      8.71571428	     -7.63401587	    -21.99866610	      0.14681406	     -1.84901678	      8.93653652	     -8.80836853	     -9.16742393	     38.04771344	     90.00000001	      0.00000000	      0.00000000	     -5.69376429	     -5.37177029	    -29.43333272	     29.41369126	     90.00000001	      0.00000000	      0.00000000
      1.47000000	     10.99780407	      2.60101143	      1.48267955	     -0.67689053	      0.88738821	      0.20100736	    -26.02514439	     -2.32485003	     -7.43470361	     27.48117174	      8.63299390	      0.47963693	     11.64336732	      6.16446278	     -7.63220260	     17.81079365	      9.07466221	    -11.13349458	     34.75246417	     -6.51885067	      0.60654492	     10.74086363	      8.52770400	     -7.63220260	    -22.05589680	     -0.28993286	     -1.95723789	      8.32639590	     -8.65096219	     -9.71307435	     37.48878473	     90.00000001	      0.00000000	      0.00000000	     -5.67832054	     -5.48759364	    -29.56220700	     29.64504112	     90.00000001	      0.00000000	      0.00000000
      1.48000000	     11.31118960	      2.94676436	      1.46581612	     -0.66711698	      0.88940343	      0.20021235	    -25.74617611	     -3.12253819	     -8.11070801	     29.62872923	      8.71788229	      0.51711888	      9.01266185	      5.57880951	     -7.63067791	     16.33414464	      9.40192127	    -10.86971306	     34.19066191	     -6.09208820	      0.59673962	     11.30170907	      8.56748674	     -7.63067791	    -22.18053956	     -0.68895157	     -2.00608735	      7.76516792	     -8.50603735	    -10.21487880	     36.89061722	     90.00000001	      0.00000000	      0.00000000	     -5.65996350	     -5.57900570	    -29.67475493	     29.93857931	     90.00000001	      0.00000000	      0.00000000
      1.49000000	     11.60751642	      3.38278810	      1.45717000	     -0.65743838	      0.89146236	      0.19921467	    -25.26672539	     -4.11086418	     -8.97232160	     32.07761368	      8.73845775	      0.55985997	      6.16865944	      4.73328505	     -7.62810771	     14.80169952	      9.99127807	    -10.73166468	     33.39248591	     -6.01333572	      0.58280882	     11.67667818	      8.80831652	     -7.62810771	    -22.30713331	     -1.15550898	     -2.12409111	      7.27362119	     -8.32454936	    -11.00068415	     36.19479657	     90.00000001	      0.00000000	      0.00000000	     -5.66586373	     -5.63113686	    -29.80004432	     30.28564216	     90.00000001	      0.00000000	      0.00000000
      1.50000000	     11.89150244	      3.67849903	      1.28602307	     -0.64795486	      0.89352444	      0.19867466	    -24.54748575	     -4.97137129	     -9.38461110	     34.66214843	      8.67652004	      0.60496862	      3.26395261	      4.28561174	     -7.62617601	     13.28602421	     10.23901322	    -10.72387567	     32.61968059	     -5.68514746	      0.56932083	     12.23536917	      9.13711268	     -7.62617601	    -22.43333867	     -1.53426934	     -2.04115441	      6.77763900	     -8.21547637	    -11.54277448	     35.49500940	     90.00000001	      0.00000000	      0.00000000	     -5.65491808	     -5.65900953	    -29.88226517	     30.70701919	     90.00000001	      0.00000000	      0.00000000
      1.51000000	     12.12924307	      4.02791655	      1.11714124	     -0.63874151	      0.89541263	      0.19792518	    -23.55154546	     -5.96694389	     -9.65672017	     37.55521517	      8.64732127	      0.65546216	      0.44282809	      3.35195699	     -7.62207070	     11.85421733	     10.68393067	    -10.93719064	     31.75482774	     -5.67863252	      0.55422630	     12.55800884	      9.80024096	     -7.62207070	    -22.54723948	     -1.93764607	     -2.03873853	      6.41168702	     -8.07275565	    -12.48051427	     34.72743646	     90.00000001	      0.00000000	      0.00000000	     -5.64958115	     -5.67181547	    -29.94031740	     31.16526991	     90.00000001	      0.00000000	      0.00000000
      1.52000000	     12.31207202	      4.22531649	      0.81360210	     -0.62974449	      0.89714350	      0.19765596	    -22.26927769	     -6.76039108	     -9.35112399	     40.50307003	      8.60928745	      0.70691193	     -2.31819008	      2.29125536	     -7.61471141	     10.52631129	     10.84027958	    -11.25851189	     30.96591831	     -5.55192030	      0.54045723	     13.09994603	     10.51517168	     -7.61471141	    -22.61814960	     -2.23536204	     -1.86553982	      6.06068954	     -7.96534868	    -13.28376877	     33.96308683	     90.00000001	      0.00000000	      0.00000000	     -5.64491431	     -5.66718009	    -29.95075929	     31.66040235	     90.00000001	      0.00000000	      0.00000000
      1.53000000	     12.39701159	      4.40402913	      0.51176999	     -0.62105528	      0.89853218	      0.19736301	    -20.63683118	     -7.48456514	     -9.05374774	     43.65647522	      8.33996123	      0.76194923	     -4.65058946	      1.68703704	     -7.61157573	      9.36460534	     11.01066430	    -11.48923724	     30.23451842	     -5.39845422	      0.52769189	     13.63438406	     10.93056842	     -7.61157573	    -22.61960299	     -2.50569605	     -1.74570380	      5.70383085	     -7.98058456	    -13.56950252	     33.25226042	     90.00000001	      0.00000000	      0.00000000	     -5.65603663	     -5.65006871	    -29.92975946	     32.19440788	     90.00000001	      0.00000000	      0.00000000
      1.54000000	     12.38974870	      4.51979654	      0.10437699	     -0.61277249	      0.89966702	      0.19733552	    -18.67796797	     -8.10380583	     -7.78597055	     46.87859769	      8.53586469	      0.81818588	     -6.78201897	     -0.45946469	     -7.60495645	      8.41092172	     11.08592273	    -12.10291719	     29.56587430	     -5.39102839	      0.51602185	     14.03395207	     11.90421292	     -7.60495645	    -22.57526400	     -2.73978770	     -1.51086025	      5.49224001	     -7.90581932	    -14.50132848	     32.48730132	     90.00000001	      0.00000000	      0.00000000	     -5.61386126	     -5.61519223	    -29.91138973	     32.74641592	     90.00000001	      0.00000000	      0.00000000
      1.55000000	     12.49100801	      4.43762214	     -0.25478967	     -0.60465397	      0.90091775	      0.19750215	    -16.77791759	     -8.18214353	     -6.93485072	     49.83392178	      7.96766414	      0.86976601	     -8.00182901	     -0.77665615	     -7.60284893	      7.30171259	     10.87143551	    -12.25294575	     28.94778088	     -5.03515944	      0.50523409	     14.55088680	     12.15412594	     -7.60284893	    -22.68352155	     -2.75031231	     -1.29969156	      5.20757271	     -8.01087820	    -14.63066185	     31.95741082	     90.00000001	      0.00000000	      0.00000000	     -5.55926976	     -5.56283114	    -29.84213053	     33.33241203	     90.00000001	      0.00000000	      0.00000000
      1.56000000	     12.13391967	      4.77167882	     -0.69148866	     -0.59690845	      0.90097067	      0.19736606	    -13.99233743	     -9.08158428	     -5.65924667	     53.49588760	      8.20874251	      0.93367937	     -9.11021088	     -3.30003882	     -7.59914583	      6.93035896	     11.36496321	    -13.05280079	     28.40026637	     -5.37472225	      0.49567816	     14.95833020	     13.05376586	     -7.59914583	    -22.29889319	     -3.21657766	     -1.21171138	      5.07698133	     -7.95171650	    -15.31985254	     31.08407136	     90.00000001	      0.00000000	      0.00000000	     -5.58365459	     -5.60030491	    -29.77138064	     33.88718312	     90.00000001	      0.00000000	      0.00000000
      1.57000000	     12.08812545	      4.65876151	     -1.17820791	     -0.58921878	      0.90173590	      0.19789699	    -11.64036653	     -8.99896615	     -4.53592007	     56.44796109	      7.67333398	      0.98520278	     -9.40662934	     -4.69087909	     -7.59677008	      6.04877280	     11.03877585	    -13.48558888	     27.79495841	     -4.96298341	      0.48511354	     15.53954405	     13.48425911	     -7.59677008	    -22.29810244	     -3.22710863	     -0.88674490	      4.87390915	     -8.03893471	    -15.68013256	     30.50449213	     90.00000001	      0.00000000	      0.00000000	     -5.48366628	     -5.55100464	    -29.67345228	     34.47245628	     90.00000001	      0.00000000	      0.00000000
      1.58000000	     11.80278372	      4.57681261	     -1.64031973	     -0.58210502	      0.90190825	      0.19836304	     -8.87047215	     -9.01834269	     -2.26389044	     59.46307476	      8.41970212	      1.03782644	    -10.07559815	     -8.83716178	     -7.58953316	      5.80060382	     10.85335377	    -14.46900963	     27.66642334	     -5.11991064	      0.48287018	     16.16111745	     14.81284477	     -7.58953316	    -22.10326616	     -3.25818493	     -0.65148260	      4.88033653	     -7.94685084	    -16.96549365	     29.82627655	     90.00000001	      0.00000000	      0.00000000	     -5.37576086	     -5.56786284	    -29.46035128	     34.93958723	     90.00000001	      0.00000000	      0.00000000
      1.59000000	     11.79780491	      4.46554338	     -2.02691125	     -0.57468033	      0.90264142	      0.19883754	     -6.55900222	     -8.73724198	     -1.84524368	     62.01683183	      7.38808038	      1.08239791	     -9.16640106	     -9.78407708	     -7.58778988	      4.89616265	     10.63163147	    -14.67274071	     27.08382230	     -4.79195528	      0.47270187	     16.61066875	     15.02010965	     -7.58778988	    -22.20241503	     -3.24314898	     -0.50938643	      4.70209210	     -8.05568566	    -17.07590245	     29.37858740	     90.00000001	      0.00000000	      0.00000000	     -5.24907714	     -5.59148847	    -29.35660202	     35.45470602	     90.00000001	      0.00000000	      0.00000000
      1.60000000	     11.43140067	      4.56482276	     -2.35283101	     -0.56772650	      0.90248053	      0.19896171	     -3.67093027	     -8.91576526	     -0.82322806	     64.77412015	      7.31999522	      1.13052167	     -8.24670431	    -11.97410976	     -7.58455265	      4.71710844	     10.77892897	    -15.30476548	     26.85600465	     -4.99031505	      0.46872571	     17.03755673	     15.74354283	     -7.58455265	    -21.93881394	     -3.40863248	     -0.51020437	      4.64793275	     -8.01593540	    -17.74540278	     28.82491026	     90.00000001	      0.00000000	      0.00000000	     -5.16142837	     -5.65472100	    -29.05592267	     35.94241462	     90.00000001	      0.00000000	      0.00000000
      1.61000000	     11.42726198	      4.44058008	     -2.69767666	     -0.56062390	      0.90314712	      0.19941553	     -1.40158207	     -8.59279016	     -0.51919329	     66.80150498	      6.43802250	      1.16590621	     -6.77286186	    -13.36763303	     -7.58264244	      3.89351707	     10.56198994	    -15.50732310	     26.38796257	     -4.72176266	      0.46055683	     17.51873898	     16.06554960	     -7.58264244	    -22.09543341	     -3.34753031	     -0.47735040	      4.55887951	     -8.10987379	    -18.07256655	     28.47714877	     90.00000001	      0.00000000	      0.00000000	     -5.00483494	     -5.74601855	    -28.85904242	     36.32114114	     90.00000001	      0.00000000	      0.00000000
      1.62000000	     11.44433655	      4.23555515	     -2.97049877	     -0.55368157	      0.90394217	      0.19975743	      0.75249780	     -8.09164000	     -0.32659549	     68.42184500	      5.50025720	      1.19418648	     -5.26432184	    -14.28904486	     -7.58141273	      3.03624585	     10.28912510	    -15.55773841	     25.90911897	     -4.45252378	      0.45219943	     17.85928617	     16.26096756	     -7.58141273	    -22.31562340	     -3.15557335	     -0.50745756	      4.47173960	     -8.22044140	    -18.26630886	     28.25073769	     90.00000001	      0.00000000	      0.00000000	     -4.79640035	     -5.78147836	    -28.66370552	     36.66182388	     90.00000001	      0.00000000	      0.00000000
      1.63000000	     11.22213208	      4.27843520	     -3.18155587	     -0.54684739	      0.90405305	      0.19984284	      3.23830555	     -8.09352804	      0.01617374	     70.04823724	      5.10751027	      1.22257237	     -3.57503579	    -15.48149500	     -7.57896594	      2.60594870	     10.37210480	    -15.80326772	     25.57790633	     -4.46268624	      0.44641868	     18.30788088	     16.81397500	     -7.57896594	    -22.24392365	     -3.20967394	     -0.64695919	      4.41676800	     -8.18657862	    -18.99328608	     27.93413305	     90.00000001	      0.00000000	      0.00000000	     -4.67182304	     -5.96038047	    -28.12461013	     37.02076374	     90.00000001	      0.00000000	      0.00000000
      1.64000000	     11.22643263	      4.03563944	     -3.36781235	     -0.53998669	      0.90483297	      0.20016910	      5.23820031	     -7.52200811	      0.11800109	     70.95274338	      4.34653567	      1.23835899	     -2.06342659	    -16.03135288	     -7.57774979	      1.74870696	     10.02871333	    -15.75397378	     25.10255491	     -4.12343227	      0.43812223	     18.62341146	     16.92553498	     -7.57774979	    -22.46653247	     -2.95493374	     -0.71316835	      4.28231730	     -8.29204298	    -19.20953430	     27.80641170	     90.00000001	      0.00000000	      0.00000000	     -4.40889447	     -6.05444072	    -27.87816944	     37.26994900	     90.00000001	      0.00000000	      0.00000000
      1.65000000	     11.18629082	      3.87490510	     -3.46424864	     -0.53319139	      0.90546065	      0.20030989	      7.20082467	     -7.08278580	      0.18072023	     71.54239790	      3.73683902	      1.24865040	     -0.61010512	    -16.39125252	     -7.57653885	      0.99053117	      9.82840883	    -15.60710774	     24.66469087	     -3.86948967	      0.43048006	     18.96267600	     17.06572388	     -7.57653885	    -22.64250453	     -2.75955095	     -0.90391114	      4.14249527	     -8.35640080	    -19.46839407	     27.73319224	     90.00000001	      0.00000000	      0.00000000	     -4.16775714	     -6.19915165	    -27.53083466	     37.48859566	     90.00000001	      0.00000000	      0.00000000
      1.66000000	     11.12187724	      3.70541210	     -3.51341390	     -0.52640919	      0.90602783	      0.20038479	      9.08045263	     -6.61877599	      0.28353475	     71.76086886	      3.24873299	      1.25246344	      0.66432829	    -16.50405699	     -7.57532180	      0.26381197	      9.63337748	    -15.37943299	     24.24071293	     -3.62812703	      0.42308025	     19.28449688	     17.17786436	     -7.57532180	    -22.78656878	     -2.52949026	     -1.13396429	      3.98452415	     -8.41008414	    -19.74371411	     27.73048560	     90.00000001	      0.00000000	      0.00000000	     -3.93273187	     -6.37068389	    -27.10634749	     37.68001311	     90.00000001	      0.00000000	      0.00000000
      1.67000000	     11.05665817	      3.51852196	     -3.47673963	     -0.51965080	      0.90657285	      0.20033795	     10.82122625	     -6.15080667	      0.40143218	     71.59419317	      2.91459622	      1.24955440	      1.63994892	    -16.35227873	     -7.57417994	     -0.42350799	      9.42019233	    -15.11547292	     23.87202100	     -3.42660692	      0.41664537	     19.55816736	     17.23282019	     -7.57417994	    -22.94658455	     -2.25207944	     -1.43897291	      3.80381968	     -8.45872559	    -19.98702272	     27.80581309	     90.00000001	      0.00000000	      0.00000000	     -3.70324194	     -6.53957150	    -26.66648846	     37.83756598	     90.00000001	      0.00000000	      0.00000000
      1.68000000	     10.96641404	      3.33136532	     -3.39851337	     -0.51286042	      0.90704547	      0.20024162	     12.44835322	     -5.68199965	      0.53063716	     71.04222957	      2.66784086	      1.23992081	      2.47928179	    -16.04903059	     -7.57302516	     -1.08429682	      9.21012499	    -14.77474088	     23.50220220	     -3.21416307	      0.41019081	     19.85362907	     17.26983937	     -7.57302516	    -23.06492360	     -1.95832214	     -1.75518135	      3.57749532	     -8.49777166	    -20.23329165	     27.93265180	     90.00000001	      0.00000000	      0.00000000	     -3.47702915	     -6.73395455	    -26.16858551	     37.96969341	     90.00000001	      0.00000000	      0.00000000
      1.69000000	     10.92301415	      3.12245507	     -3.27589477	     -0.50608130	      0.90758027	      0.20013110	     13.85861402	     -5.22841939	      0.62421111	     70.09416493	      2.52734783	      1.22337396	      3.26308143	    -15.61320997	     -7.57168731	     -1.82250105	      8.97798455	    -14.29403318	     23.09298663	     -2.97336215	      0.40304865	     20.23492342	     17.32151792	     -7.57168731	    -23.23867800	     -1.62610624	     -2.05424346	      3.34220060	     -8.53365538	    -20.56473721	     28.12734955	     90.00000001	      0.00000000	      0.00000000	     -3.21128984	     -6.96720663	    -25.47015193	     38.06481005	     90.00000001	      0.00000000	      0.00000000
      1.70000000	     10.78038867	      3.06225511	     -3.10893648	     -0.49922830	      0.90778604	      0.19983856	     15.29061578	     -5.02651738	      0.71314118	     68.88036067	      2.46311367	      1.20218908	      3.53955170	    -14.93399881	     -7.57070661	     -2.25612637	      8.89527406	    -14.11763394	     23.00211616	     -2.86794997	      0.40146266	     20.32714419	     17.25146343	     -7.57070661	    -23.27710726	     -1.43947830	     -2.48016929	      3.04555336	     -8.55131688	    -20.68496195	     28.32391920	     90.00000001	      0.00000000	      0.00000000	     -3.01749772	     -7.17386197	    -25.14450516	     38.22760416	     90.00000001	      0.00000000	      0.00000000
      1.71000000	     10.81860855	      2.69069436	     -2.81318375	     -0.49234256	      0.90845202	      0.19946699	     16.19285063	     -4.46134925	      0.67569260	     67.09101426	      2.47296394	      1.17095910	      4.33276047	    -14.13563446	     -7.56918889	     -3.15267915	      8.53544321	    -13.36065678	     22.46886050	     -2.68084949	      0.39215559	     20.90861734	     17.32953609	     -7.56918889	    -23.54219396	     -0.85161226	     -2.80722215	      2.73804101	     -8.62851271	    -21.08634068	     28.66630341	     90.00000001	      0.00000000	      0.00000000	     -2.71393219	     -7.42110676	    -24.16207633	     38.20756131	     90.00000001	      0.00000000	      0.00000000
      1.72000000	     10.99907996	      2.47358634	     -2.49337793	     -0.48507944	      0.90927757	      0.19914276	     16.75354847	     -4.16522281	     -0.25565863	     64.89255549	      1.76013466	      1.13258875	      5.06994259	    -12.19105212	     -7.56526484	     -4.18948909	      8.28237977	    -12.84679280	     21.99450621	     -2.47493097	      0.38387655	     21.04664084	     17.38664777	     -7.56526484	    -23.91922995	     -0.46320125	     -3.19591017	      2.43415344	     -8.53464200	    -21.87365522	     28.97443844	     90.00000001	      0.00000000	      0.00000000	     -2.58409849	     -7.80539684	    -22.74707333	     38.35245267	     90.00000001	      0.00000000	      0.00000000
      1.73000000	     10.66823808	      2.44541211	     -2.28049707	     -0.47825892	      0.90882683	      0.19881175	     18.08546710	     -4.08051282	     -0.12680825	     62.91425326	      1.91703162	      1.09806087	      5.28692787	    -11.45223864	     -7.56425918	     -4.33760996	      8.31679505	    -12.64391056	     21.94467446	     -2.59232546	      0.38300682	     21.21395220	     17.30433425	     -7.56425918	    -23.72779914	     -0.29226250	     -3.58246549	      2.06808821	     -8.55606850	    -21.91139408	     29.21457914	     90.00000001	      0.00000000	      0.00000000	     -2.39429060	     -7.93399293	    -22.56117068	     38.49707244	     90.00000001	      0.00000000	      0.00000000
      1.74000000	     10.86545723	      2.12179537	     -1.85245336	     -0.47082836	      0.90949689	      0.19829941	     18.24621311	     -3.76187185	     -1.05634162	     60.02111842	      1.45452352	      1.04756614	      6.59834343	     -8.46866043	     -7.55940774	     -5.38219098	      7.98385097	    -12.10194185	     21.50146030	     -2.52786029	      0.37527128	     21.74948515	     17.65849369	     -7.55940774	    -24.09986738	      0.27744218	     -4.01918367	      1.67813948	     -8.57153977	    -22.21259702	     29.65278935	     90.00000001	      0.00000000	      0.00000000	     -2.14475967	     -8.17688505	    -21.66378889	     38.44915534	     90.00000001	      0.00000000	      0.00000000
      1.75000000	     10.81456188	      1.96239848	     -1.53737983	     -0.46350569	      0.90945879	      0.19792678	     18.79073261	     -3.63883657	     -1.53185084	     57.24635424	      1.37585651	      0.99913737	      7.36550940	     -6.46997615	     -7.55540808	     -6.01316462	      7.86283302	    -11.87408110	     21.22191684	     -2.64525179	      0.37039232	     22.06414086	     17.93248676	     -7.55540808	    -24.17100373	      0.61717864	     -4.32567728	      1.20541527	     -8.59777614	    -22.34735827	     29.97582336	     90.00000001	      0.00000000	      0.00000000	     -1.90597242	     -8.32152473	    -21.16672219	     38.52467599	     90.00000001	      0.00000000	      0.00000000
      1.76000000	     10.66978688	      1.84769635	     -1.29705889	     -0.45631241	      0.90908674	      0.19781048	     19.38937873	     -3.50973072	     -1.38273251	     54.35076521	      1.73656576	      0.94859980	      7.94030905	     -5.12872670	     -7.55361224	     -6.48878880	      7.74834316	    -11.68130134	     21.05149628	     -2.69303877	      0.36741792	     22.49092448	     18.04841092	     -7.55361224	    -24.14773255	      0.87500882	     -4.61610601	      0.78073725	     -8.59017607	    -22.44373873	     30.29960429	     90.00000001	      0.00000000	      0.00000000	     -1.66697731	     -8.45215614	    -20.84183078	     38.50752139	     90.00000001	      0.00000000	      0.00000000
      1.77000000	     10.60289083	      1.73785619	     -1.04833869	     -0.44888974	      0.90875454	      0.19776034	     19.76760844	     -3.37839127	     -1.74719406	     51.26127079	      1.68608494	      0.89467795	      8.68552094	     -3.12842241	     -7.55147307	     -7.13358165	      7.62699555	    -11.59902912	     20.72922624	     -2.75779131	      0.36179325	     22.82544621	     18.50503162	     -7.55147307	    -24.18803889	      1.10973718	     -4.84996242	      0.34653542	     -8.56782405	    -22.61686896	     30.60514577	     90.00000001	      0.00000000	      0.00000000	     -1.43987872	     -8.60290548	    -20.44156506	     38.55140513	     90.00000001	      0.00000000	      0.00000000
      1.78000000	     10.09235338	      2.05293719	     -0.93023549	     -0.44159572	      0.90714919	      0.19786200	     21.04412534	     -3.76026348	     -1.81031556	     48.89957487	      1.80664006	      0.85345858	      8.76982958	     -2.68932942	     -7.55081425	     -7.09420981	      7.93395935	    -11.69973123	     20.72718872	     -2.77712352	      0.36175769	     22.91198257	     18.42589457	     -7.55081425	    -23.68813508	      0.80200712	     -5.10734961	     -0.18756106	     -8.44751046	    -22.63234306	     30.72739121	     90.00000001	      0.00000000	      0.00000000	     -1.32826765	     -8.72411285	    -20.35447785	     38.75845551	     90.00000001	      0.00000000	      0.00000000
      1.79000000	     10.41886385	      1.63065584	     -0.52141247	     -0.43361820	      0.90746497	      0.19766679	     20.42975545	     -3.36833146	     -2.70327662	     45.09837365	      1.64333742	      0.78711511	     10.22201293	      1.56556239	     -7.54660660	     -8.29657269	      7.46744572	    -11.69626861	     20.26152804	     -3.02724049	      0.35363038	     23.64132273	     19.79186516	     -7.54660660	    -24.13408011	      1.46823432	     -5.36345140	     -0.57468181	     -8.45886329	    -23.08895480	     31.03881821	     90.00000001	      0.00000000	      0.00000000	     -1.05526206	     -8.80935793	    -19.89089965	     38.59087146	     90.00000001	      0.00000000	      0.00000000
      1.80000000	     10.18386073	      1.64391747	     -0.34535853	     -0.42618213	      0.90636048	      0.19783067	     20.89931896	     -3.49382025	     -2.48517234	     42.14804955	      2.26292283	      0.73562224	     10.54780562	      2.49338673	     -7.54556055	     -8.66076659	      7.46977114	    -11.58775881	     20.13836142	     -3.11068205	      0.35148071	     24.03791659	     19.90071397	     -7.54556055	    -23.96731901	      1.52449080	     -5.49304614	     -1.01906627	     -8.40246925	    -23.20271097	     31.16356714	     90.00000001	      0.00000000	      0.00000000	     -0.79847010	     -8.87207831	    -19.75131508	     38.57187900	     90.00000001	      0.00000000	      0.00000000
      1.81000000	      9.96340859	      1.65407098	     -0.15437668	     -0.41870311	      0.90521263	      0.19808217	     21.30068579	     -3.54808701	     -2.51769130	     39.26137686	      2.58537323	      0.68524030	     10.86994131	      3.54287551	     -7.54465942	     -9.06198076	      7.43965483	    -11.45001795	     19.97261407	     -3.16440584	      0.34858788	     24.38762141	     20.15503628	     -7.54465942	    -23.82911294	      1.57695773	     -5.63234994	     -1.42967326	     -8.32288400	    -23.37326196	     31.26909706	     90.00000001	      0.00000000	      0.00000000	     -0.56053128	     -8.95020794	    -19.63856335	     38.55199609	     90.00000001	      0.00000000	      0.00000000
      1.82000000	     10.18949633	      1.46596107	      0.06645174	     -0.41054097	      0.90486479	      0.19862301	     20.91718876	     -3.40875332	     -3.53669689	     36.20790051	      2.47913175	      0.63194708	     11.39566526	      5.72733860	     -7.54292903	    -10.13529247	      6.90367353	    -11.55418649	     19.65604281	     -2.78475758	      0.34306266	     24.80873946	     20.99242984	     -7.54292903	    -24.11065053	      1.82817414	     -5.66817694	     -1.81131627	     -8.20083581	    -23.87515759	     31.29720661	     90.00000001	      0.00000000	      0.00000000	     -0.26734353	     -8.97386523	    -19.56893297	     38.44328685	     90.00000001	      0.00000000	      0.00000000
      1.83000000	     10.12595479	      1.43454758	      0.30074768	     -0.40271688	      0.90379781	      0.19896066	     20.99921724	     -3.58354748	     -4.28822594	     33.66073359	      2.77671142	      0.58749063	     11.76531337	      7.39310005	     -7.54134429	    -10.69547588	      6.71057766	    -11.47045676	     19.58579078	     -2.71747705	      0.34183654	     25.26000418	     21.43955590	     -7.54134429	    -24.10420117	      1.93011766	     -5.75620669	     -2.16166804	     -8.07623972	    -24.23254186	     31.23586490	     90.00000001	      0.00000000	      0.00000000	      0.02057377	     -8.99825393	    -19.55444421	     38.36964352	     90.00000001	      0.00000000	      0.00000000
      1.84000000	     10.12054347	      1.40188743	      0.55857786	     -0.39463961	      0.90276112	      0.19922212	     20.97427164	     -3.80691329	     -5.47104998	     31.39879172	      2.96487146	      0.54801230	     12.09248376	      9.29262017	     -7.53869725	    -11.32693571	      6.51534587	    -11.35281222	     19.53667811	     -2.65674765	      0.34097936	     25.68000946	     21.96210249	     -7.53869725	    -24.12278982	      2.04589385	     -5.86699880	     -2.48728569	     -7.95454267	    -24.74315858	     31.12248303	     90.00000001	      0.00000000	      0.00000000	      0.25448659	     -8.97287903	    -19.60062434	     38.28685102	     90.00000001	      0.00000000	      0.00000000
      1.85000000	     10.08972950	      1.39593397	      0.76924031	     -0.38670382	      0.90160626	      0.19966509	     20.92361115	     -4.09575271	     -6.16409871	     29.40374944	      3.58447692	      0.51319224	     12.19742814	      9.94392027	     -7.53778796	    -11.89652903	      6.35602191	    -11.11722078	     19.54245641	     -2.56663005	      0.34108021	     26.13900863	     22.07948410	     -7.53778796	    -24.13497143	      2.10095968	     -5.90210720	     -2.79001295	     -7.85139941	    -24.96663280	     30.91409007	     90.00000001	      0.00000000	      0.00000000	      0.56196473	     -8.96314228	    -19.61625487	     38.12928569	     90.00000001	      0.00000000	      0.00000000
      1.86000000	      9.82086352	      1.57651447	      0.75594177	     -0.37868635	      0.89971944	      0.20055297	     21.54110263	     -4.47043784	     -6.94303114	     28.47655375	      3.93875668	      0.49700962	     12.24432988	      9.92396603	     -7.53741758	    -12.15080829	      6.40101158	    -11.19641486	     19.65143079	     -2.45571947	      0.34298217	     26.21878506	     21.96522289	     -7.53741758	    -23.86163403	      1.83708004	     -5.74971470	     -3.21973650	     -7.74175924	    -25.00608217	     30.78572144	     90.00000001	      0.00000000	      0.00000000	      0.70959907	     -8.97094469	    -19.60888713	     38.24113402	     90.00000001	      0.00000000	      0.00000000
      1.87000000	     10.27114047	      1.18762871	      1.24016242	     -0.37010877	      0.89960093	      0.20075094	     20.34640527	     -4.32021749	     -8.46047178	     26.30029133	      4.30516655	      0.45902668	     12.08874294	     11.22894795	     -7.53646285	    -13.40127390	      5.73968886	    -10.78354082	     19.44399033	     -2.37411889	      0.33936165	     26.86865784	     22.60192400	     -7.53646285	    -24.34401491	      2.44382983	     -5.93534761	     -3.27115768	     -7.62095573	    -25.86410729	     30.37018805	     90.00000001	      0.00000000	      0.00000000	      1.06698117	     -8.82493407	    -19.87666625	     37.88207301	     90.00000001	      0.00000000	      0.00000000
      1.88000000	     10.30070467	      1.20992015	      1.46688788	     -0.36173556	      0.89830589	      0.20120567	     20.21741595	     -4.64384263	     -9.55818879	     25.56782982	      4.80052595	      0.44624281	     12.11953634	     11.36584377	     -7.53602047	    -14.02228467	      5.68219875	    -10.64890119	     19.49162958	     -2.53014757	      0.34019311	     27.32311663	     22.78569143	     -7.53602047	    -24.36993275	      2.48172648	     -5.98401798	     -3.47809934	     -7.53530256	    -26.14571700	     29.99381398	     90.00000001	      0.00000000	      0.00000000	      1.29612470	     -8.77490299	    -19.94477189	     37.71783731	     90.00000001	      0.00000000	      0.00000000
      1.89000000	     10.44122427	      1.09840294	      1.70382011	     -0.35312044	      0.89722541	      0.20185847	     19.84716959	     -4.65176396	    -10.84934974	     24.98492963	      4.94778426	      0.43606929	     11.95047225	     11.58498829	     -7.53546559	    -14.81023401	      5.36229003	    -10.50117581	     19.52506610	     -2.48819918	      0.34077669	     27.72296146	     23.09730520	     -7.53546559	    -24.48199068	      2.66049681	     -5.96812958	     -3.61820174	     -7.42073301	    -26.66195927	     29.54655349	     90.00000001	      0.00000000	      0.00000000	      1.50677618	     -8.67313789	    -20.13266094	     37.59811314	     90.00000001	      0.00000000	      0.00000000
      1.90000000	     10.32713778	      1.13696496	      1.68146874	     -0.34452589	      0.89551126	      0.20303632	     19.93618401	     -4.64488098	    -11.22605173	     24.91864757	      5.13111464	      0.43491245	     11.93647170	     11.50353898	     -7.53535341	    -15.25340661	      5.32147433	    -10.51685443	     19.67012824	     -2.55369533	      0.34330850	     27.77907182	     23.05843726	     -7.53535341	    -24.31284052	      2.56027479	     -5.81909084	     -3.91530216	     -7.32256426	    -26.71201586	     29.34600301	     90.00000001	      0.00000000	      0.00000000	      1.52628988	     -8.63444187	    -20.15227510	     37.62157371	     90.00000001	      0.00000000	      0.00000000
      1.91000000	     10.50094469	      1.00461766	      1.89242965	     -0.33556543	      0.89436012	      0.20367060	     19.52001131	     -4.65160000	    -12.55598674	     25.05676374	      5.25402303	      0.43732303	     11.75033586	     11.21240669	     -7.53517721	    -16.06903335	      5.06354169	    -10.59105093	     19.70520833	     -2.72607271	      0.34392077	     28.33026474	     23.10206909	     -7.53517721	    -24.42064521	      2.77076789	     -5.69002473	     -4.03748322	     -7.32808834	    -27.01254899	     28.71292996	     90.00000001	      0.00000000	      0.00000000	      1.73433248	     -8.46271969	    -20.27281828	     37.47749202	     90.00000001	      0.00000000	      0.00000000
      1.92000000	     10.63105923	      0.71762113	      2.18915780	     -0.32644835	      0.89316195	      0.20457869	     19.12438737	     -4.19538243	    -14.06617097	     25.26726669	      4.70455766	      0.44099700	     11.19086323	     11.59011780	     -7.53423347	    -16.75058812	      4.51356902	    -10.40433838	     19.97356684	     -2.71402674	      0.34860450	     28.90004737	     23.38989951	     -7.53423347	    -24.43244752	      3.15637859	     -5.75273068	     -3.91685868	     -7.16629628	    -28.15310025	     27.99180331	     90.00000001	      0.00000000	      0.00000000	      1.77928967	     -8.28266161	    -20.79737958	     37.37520061	     90.00000001	      0.00000000	      0.00000000
      1.93000000	     10.65366306	      0.59318171	      2.22463763	     -0.31731105	      0.89164572	      0.20578490	     18.98384774	     -3.90634389	    -14.73434383	     25.84614648	      4.45954168	      0.45110036	     10.92676373	     11.45462910	     -7.53384803	    -17.32584777	      4.32451825	    -10.46334491	     20.18973602	     -2.90468268	      0.35237737	     29.22951138	     23.22904334	     -7.53384803	    -24.33104551	      3.27323450	     -5.59308949	     -4.00191133	     -7.13100011	    -28.43945754	     27.47844019	     90.00000001	      0.00000000	      0.00000000	      1.75747474	     -8.15003996	    -20.91279668	     37.30927388	     90.00000001	      0.00000000	      0.00000000
      1.94000000	     10.62432605	      0.41033569	      2.25618927	     -0.30811462	      0.89008220	      0.20706766	     18.94640710	     -3.47555862	    -15.23514984	     26.56934079	      4.06887308	      0.46372248	     10.48634527	     11.35875165	     -7.53349364	    -17.78832015	      4.08014324	    -10.38616359	     20.53065942	     -3.07044877	      0.35832760	     29.52570752	     22.96829756	     -7.53349364	    -24.16146620	      3.45514613	     -5.40474320	     -4.05939669	     -7.12829737	    -28.70965890	     26.94302695	     90.00000001	      0.00000000	      0.00000000	      1.68651870	     -7.99345768	    -21.06604425	     37.30235500	     90.00000001	      0.00000000	      0.00000000
      1.95000000	     10.49252805	      0.20293240	      2.26967421	     -0.29883363	      0.88839377	      0.20851041	     19.13198234	     -2.92370255	    -15.72542130	     27.48733687	      3.42295094	      0.47974453	      9.86927672	     11.29262924	     -7.53294374	    -18.04944237	      3.79240995	    -10.29421117	     21.05962960	     -3.18879633	      0.36755988	     29.85800147	     22.43914275	     -7.53294374	    -23.85054034	      3.64587380	     -5.26176178	     -4.01572128	     -7.10152209	    -29.15097872	     26.29552654	     90.00000001	      0.00000000	      0.00000000	      1.52402399	     -7.82294694	    -21.35812528	     37.30728861	     90.00000001	      0.00000000	      0.00000000
      1.96000000	     10.46816534	     -0.03316685	      2.26456484	     -0.28951831	      0.88706282	      0.20985498	     19.11373373	     -2.37745239	    -15.55329227	     28.30057086	      3.14168015	      0.49393814	      9.53438457	     11.28888088	     -7.53268457	    -18.44884936	      3.57948820	    -10.10189702	     21.52246673	     -3.43449132	      0.37563791	     29.90527940	     22.11652242	     -7.53268457	    -23.67700752	      3.91155470	     -5.06191317	     -4.06180877	     -7.14315770	    -29.31018997	     25.95664084	     90.00000001	      0.00000000	      0.00000000	      1.36753477	     -7.65047127	    -21.46908464	     37.31550993	     90.00000001	      0.00000000	      0.00000000
      1.97000000	     10.35387566	     -0.31298233	      2.14964138	     -0.28006423	      0.88565108	      0.21166020	     19.46182124	     -1.64434439	    -15.48296688	     29.52160330	      2.48895990	      0.51524918	      8.95175841	     11.07149212	     -7.53228072	    -18.65873835	      3.21428417	    -10.12548573	     22.23173200	     -3.48278638	      0.38801692	     29.98856320	     21.33418872	     -7.53228072	    -23.36120945	      4.13009280	     -4.78546688	     -3.98864865	     -7.19295719	    -29.55703422	     25.35590472	     90.00000001	      0.00000000	      0.00000000	      1.12181770	     -7.45093586	    -21.71736756	     37.36416766	     90.00000001	      0.00000000	      0.00000000
      1.98000000	      9.96495536	     -0.46089695	      2.04745913	     -0.27097333	      0.88402353	      0.21328595	     20.18589901	     -1.12599395	    -14.69903621	     30.84992809	      2.19968099	      0.53843282	      8.36964905	      9.81936467	     -7.53039302	    -18.34461412	      3.09707938	     -9.67461306	     23.32102545	     -3.57115100	      0.40702868	     29.89975077	     19.40007405	     -7.53039302	    -22.78434663	      4.24990392	     -4.63590819	     -3.63156121	     -7.09945941	    -31.00651206	     24.55157404	     90.00000001	      0.00000000	      0.00000000	      0.91555964	     -7.17538545	    -22.52293859	     37.31408177	     90.00000001	      0.00000000	      0.00000000
      1.99000000	      9.94648203	     -0.79985915	      1.89308879	     -0.26139006	      0.88327813	      0.21519196	     20.36837829	     -0.32108979	    -14.13532890	     31.98942150	      1.79178456	      0.55832073	      8.11501315	      9.46884371	     -7.53003192	    -18.56757670	      2.62660352	     -9.77629156	     24.18625990	     -3.55506084	      0.42212987	     29.48824907	     18.76622234	     -7.53003192	    -22.58006841	      4.56047348	     -4.33429269	     -3.53074513	     -7.18898512	    -31.12538940	     24.11774945	     90.00000001	      0.00000000	      0.00000000	      0.58587198	     -6.99408278	    -22.63692034	     37.38619111	     90.00000001	      0.00000000	      0.00000000
      2.00000000	      9.80546643	     -1.10896990	      1.76710344	     -0.25194471	      0.88256402	      0.21697674	     20.64419502	      0.38419477	    -13.23975986	     33.09784296	      1.66071645	      0.57766633	      8.02386200	      8.63756214	     -7.52957397	    -18.42576616	      2.18671476	     -9.82343353	     25.46808747	     -3.58298061	      0.44450198	     28.87549849	     17.75568329	     -7.52957397	    -22.23653764	      4.87257260	     -4.10802074	     -3.37806031	     -7.25560109	    -31.29342930	     23.69893703	     90.00000001	      0.00000000	      0.00000000	      0.23536386	     -6.78551632	    -22.88398444	     37.43771796	     90.00000001	      0.00000000	      0.00000000
      2.01000000	      9.90206349	     -1.41871673	      1.69598705	     -0.24240462	      0.88261758	      0.21863866	     20.47248063	      0.96732270	    -12.44796935	     34.02153579	      1.77365572	      0.59378782	      8.10640754	      8.11990474	     -7.52933404	    -18.61934886	      1.72550650	     -9.77068875	     26.55446635	     -3.59211139	      0.46346287	     28.16316110	     17.17205965	     -7.52933404	    -22.17500784	      5.20834984	     -3.90252941	     -3.23295051	     -7.37560769	    -31.37443157	     23.48540064	     90.00000001	      0.00000000	      0.00000000	     -0.06076481	     -6.60347605	    -23.04503038	     37.41318595	     90.00000001	      0.00000000	      0.00000000
      2.02000000	      9.74598041	     -1.76926364	      1.56873139	     -0.23305480	      0.88251915	      0.22051745	     20.42849666	      1.62624252	    -11.38092184	     34.65980195	      2.08062087	      0.60492766	      8.41388069	      6.84777397	     -7.52887922	    -18.16212414	      1.07907818	    -10.00248551	     28.35731912	     -3.49499164	      0.49492859	     26.71126004	     15.88065118	     -7.52887922	    -21.83151338	      5.57014233	     -3.70497479	     -3.01113719	     -7.47344346	    -31.50040982	     23.17508765	     90.00000001	      0.00000000	      0.00000000	     -0.44415674	     -6.42817883	    -23.39354309	     37.45658027	     90.00000001	      0.00000000	      0.00000000
      2.03000000	     10.00483285	     -1.99089877	      1.51990486	     -0.22352862	      0.88346002	      0.22194087	     19.78439079	      1.98003652	    -10.84425550	     35.26189522	      2.31656965	      0.61543617	      8.57358664	      6.60703853	     -7.52875718	    -18.48695184	      0.74203598	     -9.85871107	     29.41344038	     -3.55123764	      0.51336138	     25.93319697	     15.61921011	     -7.52875718	    -21.96262353	      5.87187298	     -3.53997300	     -2.81585520	     -7.56482424	    -31.51442934	     23.14194655	     90.00000001	      0.00000000	      0.00000000	     -0.70074792	     -6.21968647	    -23.47408379	     37.35366680	     90.00000001	      0.00000000	      0.00000000
      2.04000000	     10.11698457	     -2.30820052	      1.51352316	     -0.21409107	      0.88443957	      0.22366019	     18.92884838	      2.31890749	    -10.37654197	     35.25428915	      2.95525248	      0.61530342	      9.26452037	      5.99847490	     -7.52850662	    -18.11747456	     -0.14781921	    -10.35795575	     31.50159933	     -3.27823395	      0.54980663	     23.67680338	     14.79738452	     -7.52850662	    -21.90686069	      6.22658095	     -3.41214959	     -2.60606561	     -7.62625113	    -31.51798411	     23.05995608	     90.00000001	      0.00000000	      0.00000000	     -1.04167577	     -6.07857279	    -23.71019602	     37.33748252	     90.00000001	      0.00000000	      0.00000000
      2.05000000	     10.29667559	     -2.57705817	      1.51253535	     -0.20486291	      0.88582056	      0.22523847	     17.89329851	      2.62615987	    -10.01613568	     35.06496371	      3.45874594	      0.61199907	      9.78638112	      5.63896147	     -7.52828159	    -17.82015934	     -0.85043689	    -10.66099700	     33.46284536	     -3.22772360	      0.58403683	     21.66447051	     14.09599557	     -7.52828159	    -21.97561623	      6.56107226	     -3.28564355	     -2.34848534	     -7.71685369	    -31.48373464	     23.10300791	     90.00000001	      0.00000000	      0.00000000	     -1.31214870	     -5.94404613	    -23.91085856	     37.25761841	     90.00000001	      0.00000000	      0.00000000
      2.06000000	     10.34700851	     -3.03440900	      1.56997649	     -0.19573691	      0.88735118	      0.22687813	     16.66218769	      3.22238483	     -9.50777266	     34.18681597	      4.04724057	      0.59667250	      9.96023893	      4.57162182	     -7.52694953	    -17.18856639	     -1.91316458	    -10.74580886	     35.75778177	     -2.86562596	      0.62409103	     18.98712780	     11.92672358	     -7.52694953	    -21.87789684	      7.12295622	     -3.19823147	     -2.12133544	     -7.83320461	    -31.16678915	     23.24233458	     90.00000001	      0.00000000	      0.00000000	     -1.56621648	     -5.71380900	    -24.45874721	     37.06815380	     90.00000001	      0.00000000	      0.00000000
      2.07000000	     10.57653387	     -3.24945446	      1.62487830	     -0.18665406	      0.88919558	      0.22827763	     15.29027690	      3.37268869	     -9.52621729	     33.55396474	      4.56501843	      0.58562716	     10.63063449	      4.86794155	     -7.52656600	    -16.68251765	     -2.66893989	    -11.35214881	     37.96580786	     -2.99107500	      0.66262835	     16.37975868	     11.53016075	     -7.52656600	    -22.00667039	      7.43211477	     -3.11234504	     -1.87773443	     -7.91917261	    -31.01892583	     23.49826805	     90.00000001	      0.00000000	      0.00000000	     -1.81114476	     -5.62090671	    -24.53108953	     36.95876994	     90.00000001	      0.00000000	      0.00000000
      2.08000000	     10.81976580	     -3.44228208	      1.75829822	     -0.17772200	      0.89118076	      0.22951752	     13.81871278	      3.43553865	     -9.73240993	     32.78977682	      5.11615103	      0.57228957	     11.22119485	      5.30622473	     -7.52628204	    -16.02551710	     -3.45931872	    -11.95429734	     40.33021360	     -3.18686458	      0.70389502	     13.73042128	     11.04956830	     -7.52628204	    -22.16787578	      7.74577568	     -3.11050964	     -1.61737376	     -7.99160403	    -30.83124156	     23.86067225	     90.00000001	      0.00000000	      0.00000000	     -2.02906064	     -5.55359101	    -24.61445607	     36.80544109	     90.00000001	      0.00000000	      0.00000000
      2.09000000	     11.02903889	     -3.72966667	      1.82886010	     -0.16897723	      0.89320716	      0.23115764	     12.33065561	      3.87240207	    -10.14875587	     31.72930213	      5.12921619	      0.55378079	     11.66674078	      6.29542163	     -7.52561693	    -15.21126794	     -4.45220956	    -12.43136657	     42.88796266	     -3.17185570	      0.74853616	     11.11584365	      9.59578860	     -7.52561693	    -22.32671338	      8.10003549	     -2.96116302	     -1.43122433	     -8.08003805	    -30.22416712	     24.34694028	     90.00000001	      0.00000000	      0.00000000	     -2.17435961	     -5.49511623	    -24.78787226	     36.61321992	     90.00000001	      0.00000000	      0.00000000
      2.10000000	     11.15642351	     -3.80905325	      2.02379834	     -0.16040234	      0.89507170	      0.23220150	     10.96403633	      3.80974410	    -10.54266542	     30.85050576	      5.58461700	      0.53844290	     12.19305580	      7.02241942	     -7.52524378	    -14.10986755	     -5.09297312	    -12.90853995	     45.47789469	     -3.58437977	      0.79373900	      8.53362047	      8.64041497	     -7.52524378	    -22.36442888	      8.31435411	     -3.03145439	     -1.20091443	     -8.10904929	    -29.83557784	     24.90042345	     90.00000001	      0.00000000	      0.00000000	     -2.35251558	     -5.43084588	    -24.85142618	     36.44567685	     90.00000001	      0.00000000	      0.00000000
      2.11000000	     11.27954424	     -3.95399916	      2.12563281	     -0.15230561	      0.89687079	      0.23366643	      9.77263771	      4.05336970	    -11.19359845	     30.08567292	      5.47923393	      0.52509405	     12.61088042	      8.36172514	     -7.52443921	    -12.88975719	     -5.83749561	    -12.82054099	     48.22409830	     -3.48785141	      0.84166929	      6.28454217	      6.05491385	     -7.52443921	    -22.51611384	      8.52208351	     -2.91830992	     -1.02032367	     -8.25396770	    -28.86171584	     25.58749560	     90.00000001	      0.00000000	      0.00000000	     -2.40019696	     -5.47638901	    -24.97962490	     36.25031484	     90.00000001	      0.00000000	      0.00000000
      2.12000000	     11.33548161	     -3.88676037	      2.35291678	     -0.14427817	      0.89844490	      0.23444425	      8.61705040	      3.72764328	    -11.65832052	     29.41395958	      6.07329791	      0.51337044	     13.04374951	      8.97328561	     -7.52417310	    -11.43877491	     -6.12708903	    -13.10856239	     50.83086434	     -4.19328364	      0.88716594	      4.55021719	      4.95107258	     -7.52417310	    -22.55680089	      8.59098048	     -3.05787600	     -0.69904236	     -8.30280630	    -28.55249963	     26.23882772	     90.00000001	      0.00000000	      0.00000000	     -2.51231057	     -5.51375449	    -25.00721111	     36.11893163	     90.00000001	      0.00000000	      0.00000000
      2.13000000	     11.16952943	     -3.94882200	      2.47648543	     -0.13672389	      0.89952276	      0.23572565	      7.99093086	      3.89235981	    -12.50742900	     28.98953892	      5.75334242	      0.50596290	     13.51617883	     10.53892117	     -7.52304947	     -9.59405856	     -6.66560832	    -12.22754943	     53.77483887	     -3.65761409	      0.93854799	      2.61130803	      0.54986356	     -7.52304947	    -22.42278313	      8.72397421	     -2.97548662	     -0.55941922	     -8.46080806	    -27.29729504	     27.04380724	     90.00000001	      0.00000000	      0.00000000	     -2.52861536	     -5.54397527	    -25.09024417	     35.91348646	     90.00000001	      0.00000000	      0.00000000
      2.14000000	     11.01209394	     -3.80763129	      2.69121728	     -0.12931514	      0.90048899	      0.23644315	      7.37458852	      3.58310658	    -13.27384501	     28.73946201	      5.89519093	      0.50159824	     14.02996780	     11.74541639	     -7.52179113	     -7.68132655	     -6.71254672	    -11.43396306	     56.46036539	     -3.58893964	      0.98541927	      1.14676365	     -3.12508782	     -7.52179113	    -22.30193791	      8.69766405	     -3.08832875	     -0.31174206	     -8.59680646	    -26.35672602	     27.82522533	     90.00000001	      0.00000000	      0.00000000	     -2.57053312	     -5.59840548	    -25.15863249	     35.80663326	     90.00000001	      0.00000000	      0.00000000
      2.15000000	     10.78632165	     -3.76182479	      2.85825195	     -0.12220520	      0.90119892	      0.23728423	      6.92845340	      3.46228399	    -13.84863136	     28.53433824	      5.97685387	      0.49801815	     14.46732890	     12.69729846	     -7.52066155	     -5.61737649	     -6.82598343	    -10.75712206	     59.06811538	     -3.56585833	      1.03093310	      0.16418352	     -6.48329110	     -7.52066155	    -22.15835895	      8.75296846	     -3.08149716	      0.01984560	     -8.73953921	    -25.66901542	     28.58661145	     90.00000001	      0.00000000	      0.00000000	     -2.56648657	     -5.64123339	    -25.21013198	     35.71677520	     90.00000001	      0.00000000	      0.00000000
      2.16000000	     10.54063959	     -3.64927277	      3.00584174	     -0.11505142	      0.90176785	      0.23803084	      6.51010041	      3.22856039	    -14.39898785	     28.37464402	      6.13095945	      0.49523096	     14.88781661	     13.49856023	     -7.51951479	     -3.55954639	     -6.82423553	    -10.07555983	     61.44685783	     -3.40529513	      1.07244998	     -0.48458711	     -9.85216142	     -7.51951479	    -21.96413949	      8.72804062	     -3.12351469	      0.37375127	     -8.88109048	    -24.98356921	     29.32061559	     90.00000001	      0.00000000	      0.00000000	     -2.61812872	     -5.69902022	    -25.28657585	     35.64105673	     90.00000001	      0.00000000	      0.00000000
      2.17000000	     10.45491946	     -3.59062291	      3.10942979	     -0.10790570	      0.90255643	      0.23866943	      5.82801899	      3.06763370	    -14.51271214	     28.03674973	      6.49251398	      0.48933359	     15.19253462	     13.84782363	     -7.51918869	     -1.75714399	     -6.77070209	    -10.28992317	     63.38378552	     -4.11478427	      1.10625575	      0.05944435	    -11.12098874	     -7.51918869	    -21.97603311	      8.78343791	     -3.04390832	      0.84755403	     -9.03246482	    -24.76547095	     29.96845447	     90.00000001	      0.00000000	      0.00000000	     -2.63163772	     -5.70938431	    -25.27902278	     35.64184455	     90.00000001	      0.00000000	      0.00000000
      2.18000000	     10.06982084	     -3.65225127	      3.18837680	     -0.10122895	      0.90264130	      0.23955003	      5.72060600	      3.19302749	    -14.75545788	     27.95467682	      6.41693266	      0.48790115	     15.61182119	     14.54338601	     -7.51850130	      0.52176583	     -6.99891035	     -9.31446682	     65.52505773	     -3.43962327	      1.14362800	     -0.16023358	    -14.25089727	     -7.51850130	    -21.70139260	      8.92044773	     -2.90880157	      1.19879656	     -9.27756675	    -23.89872594	     30.73849608	     90.00000001	      0.00000000	      0.00000000	     -2.62360657	     -5.68724723	    -25.43895490	     35.63438907	     90.00000001	      0.00000000	      0.00000000
      2.19000000	     10.08063058	     -3.50167729	      3.26650120	     -0.09421551	      0.90353840	      0.24001394	      4.93257326	      2.90551633	    -14.82954006	     27.63679264	      6.82984209	      0.48235303	     15.85782735	     14.73517596	     -7.51822704	      2.07997149	     -6.76361813	     -9.43439224	     66.81171900	     -3.90022554	      1.16608448	      0.84004267	    -15.17690776	     -7.51822704	    -21.84579324	      8.86943477	     -2.84553305	      1.79086685	     -9.44358056	    -23.62118050	     31.25389547	     90.00000001	      0.00000000	      0.00000000	     -2.63163656	     -5.71027993	    -25.45931095	     35.68219193	     90.00000001	      0.00000000	      0.00000000
      2.20000000	     10.01925406	     -3.42013471	      3.30383559	     -0.08737800	      0.90422885	      0.24052749	      4.24807124	      2.76754473	    -14.72322268	     27.27931459	      7.16259743	      0.47611386	     16.14412344	     14.97846567	     -7.51796688	      3.73091872	     -6.65807325	     -9.45434632	     67.94456982	     -4.09742696	      1.18585645	      1.86519094	    -15.99227681	     -7.51796688	    -21.92646736	      8.88751637	     -2.70643483	      2.37713087	     -9.66503792	    -23.25546575	     31.78727913	     90.00000001	      0.00000000	      0.00000000	     -2.63638437	     -5.69839456	    -25.51892726	     35.78042253	     90.00000001	      0.00000000	      0.00000000
      2.21000000	      9.85068848	     -3.49096207	      3.36095978	     -0.08077725	      0.90460243	      0.24119640	      3.69618583	      2.90718771	    -14.47562797	     26.81058659	      7.39577371	      0.46793301	     16.42623679	     15.08886271	     -7.51725858	      5.54438613	     -6.83379365	     -8.73254102	     69.02610254	     -3.46536422	      1.20473276	      2.87036691	    -16.65822195	     -7.51725858	    -21.90322742	      9.04023421	     -2.56265462	      2.86696584	    -10.01167660	    -22.06793403	     32.39997406	     90.00000001	      0.00000000	      0.00000000	     -2.64614132	     -5.62265468	    -25.83938570	     35.94390148	     90.00000001	      0.00000000	      0.00000000
      2.22000000	      9.91171947	     -3.29667454	      3.31460561	     -0.07407699	      0.90545264	      0.24169121	      2.92872522	      2.68564030	    -14.33613862	     26.54578430	      7.60310241	      0.46331134	     16.57486497	     15.10038125	     -7.51704289	      6.91992646	     -6.54914645	     -8.89336642	     69.49798716	     -3.61352546	      1.21296870	      3.79449437	    -16.67030021	     -7.51704289	    -22.16097511	      8.90756650	     -2.33760047	      3.54724258	    -10.17694970	    -21.85092356	     32.77423922	     90.00000001	      0.00000000	      0.00000000	     -2.61807612	     -5.64108910	    -25.84991485	     36.07619561	     90.00000001	      0.00000000	      0.00000000
      2.23000000	      9.88173854	     -3.20815270	      3.31093664	     -0.06738662	      0.90608390	      0.24201598	      2.13938823	      2.56546516	    -13.92771263	     25.99763796	      8.03470156	      0.45374438	     16.88814684	     15.16161843	     -7.51679990	      8.35568503	     -6.30249088	     -8.91448341	     69.69001795	     -3.73566401	      1.21632027	      5.05942301	    -16.71808223	     -7.51679990	    -22.25953584	      8.90015569	     -2.21103684	      4.27613595	    -10.44471654	    -21.49235472	     33.12441718	     90.00000001	      0.00000000	      0.00000000	     -2.66268584	     -5.57226926	    -25.93336034	     36.27151935	     90.00000001	      0.00000000	      0.00000000
      2.24000000	      9.89631288	     -3.10908624	      3.25118411	     -0.06074585	      0.90675625	      0.24241591	      1.28424351	      2.50157365	    -13.31761618	     25.36166511	      8.40187461	      0.44264456	     17.19883484	     15.09186250	     -7.51651283	      9.66839909	     -6.06579138	     -8.84428373	     69.61393052	     -3.63084675	      1.21499229	      6.26299166	    -16.39932425	     -7.51651283	    -22.44424685	      8.87946095	     -2.02207083	      5.01144773	    -10.70321321	    -20.96404304	     33.38364417	     90.00000001	      0.00000000	      0.00000000	     -2.72635618	     -5.50219497	    -26.10382850	     36.52661760	     90.00000001	      0.00000000	      0.00000000
      2.25000000	     10.07715899	     -3.08604022	      3.10658748	     -0.05415289	      0.90774068	      0.24308039	      0.13910476	      2.59970716	    -12.25669545	     24.41323127	      8.87833450	      0.42609127	     17.28307083	     14.35567580	     -7.51594879	     10.64613561	     -6.02159346	     -8.74475569	     69.17195193	     -3.29888784	      1.20727831	      7.42552219	    -15.44085098	     -7.51594879	    -22.84106564	      8.87443706	     -1.74803822	      5.79312988	    -11.06382253	    -19.83230736	     33.56048705	     90.00000001	      0.00000000	      0.00000000	     -2.75696742	     -5.35863690	    -26.58117304	     36.86693692	     90.00000001	      0.00000000	      0.00000000
      2.26000000	     10.01161796	     -2.93538366	      2.96445156	     -0.04773944	      0.90817911	      0.24361993	     -0.41356266	      2.57904632	    -11.79981636	     24.08422568	      8.87345897	      0.42034904	     17.42110000	     14.09720428	     -7.51566980	     11.92534666	     -5.65843390	     -8.78291766	     68.53300021	     -3.25286466	      1.19612650	      8.18794618	    -14.93550645	     -7.51566980	    -22.93911025	      8.73937340	     -1.50456844	      6.55852583	    -11.25039113	    -19.47682223	     33.79209992	     90.00000001	      0.00000000	      0.00000000	     -2.79820438	     -5.31917376	    -26.65432790	     37.06706850	     90.00000001	      0.00000000	      0.00000000
      2.27000000	     10.20014486	     -2.82192033	      2.71462029	     -0.04124020	      0.90911726	      0.24424305	     -1.47514178	      2.55717681	    -10.66426251	     23.26932255	      9.28081678	      0.40612629	     17.51545402	     13.20986064	     -7.51507740	     12.69855952	     -5.45555599	     -9.02104408	     67.45132210	     -3.12708044	      1.17724766	      9.15848609	    -13.66666562	     -7.51507740	    -23.34931495	      8.62537957	     -1.21050885	      7.46074810	    -11.58662121	    -18.54536787	     33.77643043	     90.00000001	      0.00000000	      0.00000000	     -2.86444157	     -5.17882744	    -27.07525916	     37.41239123	     90.00000001	      0.00000000	      0.00000000
      2.28000000	     10.23715215	     -2.73994128	      2.43511367	     -0.03483096	      0.90967551	      0.24505221	     -2.20326644	      2.66518956	     -9.66455848	     22.70860766	      9.37658335	      0.39633997	     17.42035029	     12.13419877	     -7.51407363	     13.62803873	     -5.25656511	     -9.37917150	     66.20716149	     -3.15775633	      1.15553296	     10.01218539	    -12.35316231	     -7.51407363	    -23.57885411	      8.50435079	     -0.86146965	      8.26138478	    -11.84362259	    -17.77790024	     33.89482670	     90.00000001	      0.00000000	      0.00000000	     -2.90888358	     -5.07593334	    -27.37379341	     37.65197638	     90.00000001	      0.00000000	      0.00000000
      2.29000000	     10.09464923	     -2.62996350	      2.21386793	     -0.02861360	      0.90975395	      0.24577092	     -2.50227226	      2.74171210	     -9.29681479	     22.62307062	      9.13869231	      0.39484707	     17.64541732	     12.08319215	     -7.51383057	     14.76775930	     -4.96421707	     -9.23603347	     64.86583237	     -2.81222266	      1.13212235	     10.38784596	    -11.82327307	     -7.51383057	    -23.59701235	      8.36295586	     -0.56016447	      9.07923698	    -11.98693556	    -17.52527213	     33.99721553	     90.00000001	      0.00000000	      0.00000000	     -2.98639540	     -5.05192672	    -27.38285463	     37.88591046	     90.00000001	      0.00000000	      0.00000000
      2.30000000	     10.16132180	     -2.47677585	      1.92324946	     -0.02226910	      0.91020069	      0.24651584	     -3.14738555	      2.69855778	     -8.70981292	     22.34662394	      9.15151556	      0.39002216	     18.08486482	     11.96182554	     -7.51348593	     15.44286032	     -4.67127693	     -9.18755855	     63.10521014	     -2.37027133	      1.10139369	     10.99844861	    -11.05481437	     -7.51348593	    -23.85078034	      8.14640857	     -0.29187870	     10.06760721	    -12.14393718	    -16.96282983	     33.73756009	     90.00000001	      0.00000000	      0.00000000	     -3.09667584	     -4.99284325	    -27.57597388	     38.17451345	     90.00000001	      0.00000000	      0.00000000
      2.31000000	     10.14405512	     -2.36621228	      1.67088826	     -0.01596764	      0.91042950	      0.24722568	     -3.66031300	      2.74212715	     -8.25682852	     22.11236076	      9.02073738	      0.38593350	     18.27979028	     11.82645428	     -7.51308692	     16.19351096	     -4.37576006	     -9.24368278	     61.19640426	     -2.15329204	      1.06807874	     11.38147753	    -10.13639539	     -7.51308692	    -23.99734880	      7.98580607	     -0.03289247	     10.93163856	    -12.29933721	    -16.34736513	     33.67151038	     90.00000001	      0.00000000	      0.00000000	     -3.18809563	     -4.92350771	    -27.80260196	     38.41956906	     90.00000001	      0.00000000	      0.00000000
      2.32000000	     10.07226294	     -2.28953410	      1.42761950	     -0.00969878	      0.91046272	      0.24796962	     -4.05596912	      2.83798851	     -7.92192447	     21.98451134	      8.80932526	      0.38370211	     18.53534594	     11.77448149	     -7.51273689	     16.94814817	     -4.13854007	     -9.21628763	     59.15698083	     -1.85226074	      1.03248409	     11.65147769	     -9.37109352	     -7.51273689	    -24.07137050	      7.85039234	      0.22270797	     11.77237272	    -12.41979412	    -15.80490615	     33.61516874	     90.00000001	      0.00000000	      0.00000000	     -3.28474527	     -4.87864735	    -27.95567574	     38.60979737	     90.00000001	      0.00000000	      0.00000000
      2.33000000	     10.06576867	     -2.17940542	      1.20603527	     -0.00336555	      0.91058331	      0.24855875	     -4.58897860	      2.83956337	     -7.66072354	     21.77962149	      8.67411048	      0.38012610	     18.81953154	     11.86543947	     -7.51231188	     17.52100787	     -3.82918498	     -9.28506408	     56.88620745	     -1.67214579	      0.99285162	     11.85499979	     -8.51871932	     -7.51231188	    -24.20925947	      7.69891962	      0.41607082	     12.63707725	    -12.55188765	    -15.13355370	     33.49668349	     90.00000001	      0.00000000	      0.00000000	     -3.38768681	     -4.79842686	    -28.15836490	     38.78028532	     90.00000001	      0.00000000	      0.00000000
      2.34000000	      9.84896548	     -2.16801724	      1.04194446	      0.00287623	      0.91018279	      0.24927039	     -4.79664691	      3.05491920	     -7.51509223	     21.70149647	      8.31609580	      0.37876257	     19.03275434	     11.94885223	     -7.51204946	     18.37475011	     -3.64912326	     -9.18861511	     54.69429836	     -1.43650943	      0.95459559	     11.85544088	     -7.89379754	     -7.51204946	    -24.10005605	      7.63804764	      0.61936549	     13.34564539	    -12.58119687	    -14.74048952	     33.56484346	     90.00000001	      0.00000000	      0.00000000	     -3.48080249	     -4.80424676	    -28.20750055	     38.89473046	     90.00000001	      0.00000000	      0.00000000
      2.35000000	      9.83529937	     -2.07883636	      0.90899995	      0.00931302	      0.91016143	      0.24975549	     -5.36156077	      3.05954272	     -7.45556814	     21.46534293	      8.18608538	      0.37464091	     19.37409613	     12.20188327	     -7.51175764	     18.81277693	     -3.36672269	     -9.23279784	     52.19954422	     -1.29700155	      0.91105391	     11.84186657	     -7.14299227	     -7.51175764	    -24.18242440	      7.51349353	      0.72886525	     14.12995058	    -12.62861888	    -14.18228135	     33.44562919	     90.00000001	      0.00000000	      0.00000000	     -3.57683259	     -4.79830956	    -28.32652160	     38.94412927	     90.00000001	      0.00000000	      0.00000000
      2.36000000	      9.57630990	     -2.12532036	      0.84825642	      0.01553851	      0.90954584	      0.25012984	     -5.60021614	      3.25630922	     -7.42791698	     21.28450525	      7.96477086	      0.37148470	     19.52682638	     12.40823800	     -7.51155178	     19.65810970	     -3.17989326	     -9.20985718	     49.91606344	     -1.32075839	      0.87119966	     11.73401778	     -6.50845415	     -7.51155178	    -24.02094436	      7.56342374	      0.85337994	     14.75574028	    -12.66932544	    -13.83010463	     33.58063188	     90.00000001	      0.00000000	      0.00000000	     -3.67569808	     -4.76066764	    -28.34969581	     39.02293588	     90.00000001	      0.00000000	      0.00000000
      2.37000000	      9.87400292	     -1.89881485	      0.79004502	      0.02245840	      0.91003692	      0.25017986	     -6.78688107	      2.88921635	     -7.63471414	     20.70788834	      8.19278022	      0.36142083	     19.91057885	     13.14674312	     -7.51121472	     19.43757883	     -2.71586738	     -9.73768708	     47.02015145	     -1.51977029	      0.82065646	     11.65872449	     -5.31491197	     -7.51121472	    -24.38604859	      7.33447290	      0.79980074	     15.51140954	    -12.70214176	    -13.04232381	     33.42929768	     90.00000001	      0.00000000	      0.00000000	     -3.72796365	     -4.75702126	    -28.54105403	     38.94688898	     90.00000001	      0.00000000	      0.00000000
      2.38000000	      9.94581952	     -1.75036877	      0.73332551	      0.02929870	      0.90996929	      0.25019017	     -7.66450762	      2.66693646	     -7.93618213	     20.20056624	      8.22354689	      0.35256639	     20.09911794	     14.34024898	     -7.51065298	     19.60224693	     -2.26017711	    -10.58222383	     44.33823539	     -2.16055416	      0.77384819	     11.76803209	     -3.54123017	     -7.51065298	    -24.51469099	      7.19475646	      0.79705524	     16.03711743	    -12.77285869	    -12.24297417	     33.65584324	     90.00000001	      0.00000000	      0.00000000	     -3.86763490	     -4.70552015	    -28.69368059	     39.00379354	     90.00000001	      0.00000000	      0.00000000
      2.39000000	      9.83799013	     -1.76535611	      0.81813781	      0.03590682	      0.90942518	      0.25018437	     -8.26570674	      2.70114573	     -8.16528820	     19.83065549	      8.23601747	      0.34611023	     20.48777684	     14.61454456	     -7.51039912	     20.00334278	     -2.07456349	    -10.51404145	     41.85671797	     -2.05046520	      0.73053754	     11.67493108	     -2.63923198	     -7.51039912	    -24.44137621	      7.25971812	      0.73758970	     16.59367443	    -12.72325625	    -11.86893587	     33.73202834	     90.00000001	      0.00000000	      0.00000000	     -3.91129746	     -4.71998534	    -28.67438923	     38.75716956	     90.00000001	      0.00000000	      0.00000000
      2.40000000	      9.98787593	     -1.61452020	      0.83173346	      0.04295183	      0.90929947	      0.24992392	     -9.31649554	      2.38546755	     -8.53412341	     19.24464988	      8.46151222	      0.33588250	     20.70223251	     15.79269152	     -7.50965551	     19.96133814	     -1.63854906	    -11.45253464	     39.18985921	     -2.64569203	      0.68399208	     11.88587338	     -0.51110053	     -7.50965551	    -24.61269319	      7.14366366	      0.66427263	     17.02735882	    -12.79779412	    -11.12533763	     33.98040929	     90.00000001	      0.00000000	      0.00000000	     -4.02858992	     -4.70585554	    -28.77746634	     38.70146030	     90.00000001	      0.00000000	      0.00000000
      2.41000000	      9.77580017	     -1.65918679	      0.98325607	      0.04954681	      0.90840004	      0.24958514	     -9.81486234	      2.45035140	     -8.61394172	     18.82227121	      8.52304937	      0.32851061	     20.95248341	     15.95883421	     -7.50947722	     20.46151848	     -1.38886382	    -11.38013148	     36.87548672	     -2.68652504	      0.64359866	     11.81650261	      0.15884652	     -7.50947722	    -24.42420996	      7.27673255	      0.55907848	     17.47840278	    -12.78058400	    -10.85909782	     34.17083813	     90.00000001	      0.00000000	      0.00000000	     -4.08967124	     -4.67331003	    -28.75352305	     38.46011739	     90.00000001	      0.00000000	      0.00000000
      2.42000000	      9.48617890	     -1.90115730	      1.09248216	      0.05633722	      0.90702033	      0.24932189	    -10.11973476	      2.57924880	     -8.86655858	     18.70874959	      8.80596181	      0.32652928	     21.03173271	     15.96124808	     -7.50937132	     21.30301962	     -1.65691421	    -11.79507732	     35.29881720	     -2.56357805	      0.61608058	     11.80443916	      0.43420497	     -7.50937132	    -24.08729445	      7.63447700	      0.47337590	     17.85793190	    -12.69900504	    -10.70356252	     34.49982382	     90.00000001	      0.00000000	      0.00000000	     -4.30981377	     -4.58185106	    -28.71300079	     38.36490667	     90.00000001	      0.00000000	      0.00000000
      2.43000000	     10.14847111	     -1.30416363	      1.11825607	      0.06392407	      0.90787704	      0.24850030	    -12.11418089	      1.69808605	     -8.78703391	     17.48415898	      9.33450623	      0.30515614	     21.20483190	     17.00816603	     -7.50891405	     20.07509997	     -0.47997595	    -13.00106304	     31.89330707	     -3.38723935	      0.55664322	     11.93198215	      3.84193943	     -7.50891405	    -24.80328627	      7.05285035	      0.26554221	     18.16032366	    -12.80203259	     -9.62246299	     34.79814397	     90.00000001	      0.00000000	      0.00000000	     -4.23053143	     -4.62728648	    -28.95284871	     38.06206794	     90.00000001	      0.00000000	      0.00000000
      2.44000000	     10.19050895	     -1.25372623	      1.21687325	      0.07104722	      0.90714063	      0.24794100	    -12.95436669	      1.57102375	     -8.71507647	     17.02981845	      9.56468100	      0.29722640	     21.49537581	     17.16140687	     -7.50825990	     20.15147950	     -0.21607405	    -13.75142902	     29.83925741	     -3.62416949	      0.52079329	     12.22694538	      6.07614624	     -7.50825990	    -24.83381949	      7.08118060	      0.14412517	     18.43219858	    -12.82341902	     -9.07602118	     35.13328576	     90.00000001	      0.00000000	      0.00000000	     -4.26837276	     -4.60218838	    -28.99816018	     37.70686447	     90.00000001	      0.00000000	      0.00000000
      2.45000000	      9.99496582	     -1.29514623	      1.40017336	      0.07785219	      0.90588623	      0.24723844	    -13.38225948	      1.65079193	     -8.57581374	     16.77173734	      9.59711158	      0.29272204	     21.83085748	     17.13285896	     -7.50813089	     20.58823247	      0.03586882	    -13.81819519	     28.12220991	     -3.63816489	      0.49082516	     12.13830964	      6.77682572	     -7.50813089	    -24.62840050	      7.24035653	      0.00813217	     18.69556277	    -12.81084833	     -8.86736225	     35.44321726	     90.00000001	      0.00000000	      0.00000000	     -4.29690377	     -4.55527384	    -28.99108685	     37.35940313	     90.00000001	      0.00000000	      0.00000000
      2.46000000	     10.06999483	     -1.19062120	      1.52813706	      0.08504291	      0.90508827	      0.24644298	    -14.23820264	      1.46594558	     -8.34098146	     16.34948208	      9.86390458	      0.28535229	     22.18850503	     17.07559200	     -7.50800556	     20.53173801	      0.43662805	    -14.18545467	     26.30255356	     -3.69485602	      0.45906616	     11.98258048	      8.05249487	     -7.50800556	    -24.68597348	      7.23340294	     -0.15549860	     18.90544776	    -12.79051911	     -8.49176454	     35.81955822	     90.00000001	      0.00000000	      0.00000000	     -4.28542122	     -4.51194560	    -29.07853628	     36.90400418	     90.00000001	      0.00000000	      0.00000000
      2.47000000	     10.27333923	     -1.09217923	      1.51968826	      0.09252011	      0.90436496	      0.24589576	    -15.25018110	      1.23652031	     -7.77412857	     15.89203010	     10.25107480	      0.27736825	     22.10049813	     16.52068945	     -7.50756593	     20.48463250	      0.64262021	    -15.66034159	     24.99638331	     -4.03383855	      0.43626919	     12.23846624	     11.03986643	     -7.50756593	    -24.89176918	      7.15979000	     -0.20137482	     18.98393736	    -12.87494880	     -7.71033991	     36.33382335	     90.00000001	      0.00000000	      0.00000000	     -4.37461959	     -4.44094236	    -29.27596728	     36.70111122	     90.00000001	      0.00000000	      0.00000000
      2.48000000	     10.08653101	     -1.23198392	      1.70090421	      0.09951630	      0.90272438	      0.24513178	    -15.49556262	      1.39899012	     -7.69953493	     16.04321819	     10.27586332	      0.28000698	     22.21455810	     16.40922694	     -7.50749640	     21.14617547	      0.61263318	    -15.90902049	     24.46231522	     -3.85053038	      0.42694794	     12.20102060	     11.12769900	     -7.50749640	    -24.68853868	      7.41614692	     -0.34921407	     19.18091402	    -12.82137919	     -7.65308711	     36.63034778	     90.00000001	      0.00000000	      0.00000000	     -4.51057987	     -4.35600682	    -29.22757170	     36.54710469	     90.00000001	      0.00000000	      0.00000000
      2.49000000	     10.27446211	     -1.09763723	      1.69983995	      0.10705887	      0.90193670	      0.24445476	    -16.51990315	      1.24021381	     -6.83174978	     15.44982025	     10.51399371	      0.26965023	     22.55791489	     15.55807348	     -7.50722589	     20.95982438	      1.06450089	    -16.83664997	     23.26547629	     -4.24670366	      0.40605916	     12.17280362	     13.79865082	     -7.50722589	    -24.86820131	      7.30861347	     -0.32741464	     19.13513890	    -12.93229136	     -7.02133680	     37.22089397	     90.00000001	      0.00000000	      0.00000000	     -4.37986356	     -4.30502981	    -29.51823059	     35.92250197	     90.00000001	      0.00000000	      0.00000000
      2.50000000	     10.16022419	     -1.19641362	      1.85359532	      0.11434641	      0.90032925	      0.24373347	    -16.86121498	      1.39378607	     -6.66854341	     15.60757017	     10.49430116	      0.27240349	     22.68550048	     15.46416817	     -7.50717524	     21.44104618	      1.13555172	    -16.98286792	     23.06051719	     -4.12663454	      0.40248195	     12.13938104	     13.89093470	     -7.50717524	    -24.71197378	      7.48133332	     -0.44975473	     19.25101228	    -12.85168024	     -6.97112953	     37.44839202	     90.00000001	      0.00000000	      0.00000000	     -4.52596440	     -4.24652774	    -29.49317004	     35.73674742	     90.00000001	      0.00000000	      0.00000000
      2.51000000	     10.15318424	     -1.23931265	      2.01361037	      0.12182454	      0.89889905	      0.24291802	    -17.49871740	      1.54133142	     -6.27857052	     15.38943982	     10.44524049	      0.26859639	     23.29805686	     15.19728656	     -7.50713448	     21.70308633	      1.40434444	    -17.22923839	     22.82264536	     -4.33404944	      0.39833031	     12.06398815	     14.57699970	     -7.50713448	    -24.65816936	      7.60582428	     -0.60540679	     19.29228809	    -12.78768776	     -6.81358324	     37.82378168	     90.00000001	      0.00000000	      0.00000000	     -4.48882408	     -4.23962257	    -29.56117897	     35.12422854	     90.00000001	      0.00000000	      0.00000000
      2.52000000	     10.23044200	     -1.34710738	      1.91237678	      0.12963310	      0.89762009	      0.24260471	    -18.34338497	      1.67825666	     -4.94357470	     14.84563663	     10.65964031	      0.25910524	     23.10150684	     13.44423718	     -7.50674981	     21.97989928	      1.26536092	    -18.75087589	     23.09412815	     -4.70409084	      0.40306857	     12.57989498	     17.74536468	     -7.50674981	    -24.71563895	      7.67472074	     -0.35443439	     19.06510893	    -12.97104302	     -6.19982465	     38.35887618	     90.00000001	      0.00000000	      0.00000000	     -4.42141356	     -4.11556076	    -29.96421435	     34.68820296	     90.00000001	      0.00000000	      0.00000000
      2.53000000	     10.24233081	     -1.36674312	      2.01391612	      0.13735460	      0.89613108	      0.24187937	    -18.91188957	      1.74970161	     -4.72242305	     14.88179310	     10.62921299	      0.25973629	     23.34810061	     13.30260251	     -7.50669947	     22.15456602	      1.49043217	    -18.89663887	     23.31207661	     -4.81410204	      0.40687249	     12.56076374	     17.84341183	     -7.50669947	    -24.67504555	      7.71932408	     -0.41861712	     19.03334221	    -12.90544795	     -6.17651150	     38.58646001	     90.00000001	      0.00000000	      0.00000000	     -4.49083670	     -4.10398743	    -29.98633756	     34.34833664	     90.00000001	      0.00000000	      0.00000000
      2.54000000	     10.18095794	     -1.41108792	      2.03285525	      0.14527670	      0.89454744	      0.24125237	    -19.33906002	      1.80222739	     -4.55732608	     15.06215644	     10.59504855	      0.26288422	     23.36758444	     13.27433091	     -7.50668000	     22.23549822	      1.67049627	    -18.87212928	     23.45934101	     -4.79910649	      0.40944274	     12.53246144	     17.85654287	     -7.50668000	    -24.52353710	      7.74933097	     -0.38515787	     18.92607380	    -12.84697031	     -6.16151184	     38.64229679	     90.00000001	      0.00000000	      0.00000000	     -4.65595461	     -4.03030136	    -29.99210385	     34.22192094	     90.00000001	      0.00000000	      0.00000000
      2.55000000	     10.31940411	     -1.38814688	      2.13856591	      0.15341935	      0.89316418	      0.24053356	    -20.22337471	      1.82700576	     -4.31057078	     14.82096461	     10.61631566	      0.25867463	     23.86722740	     12.93180961	     -7.50662769	     22.34784887	      1.90222569	    -19.42796635	     24.26539651	     -5.18889646	      0.42351106	     12.62354356	     18.09932936	     -7.50662769	    -24.59008535	      7.72531861	     -0.43235038	     18.69233079	    -12.81142847	     -6.10699817	     39.09158628	     90.00000001	      0.00000000	      0.00000000	     -4.55267717	     -4.09200012	    -30.13032056	     33.50646417	     90.00000001	      0.00000000	      0.00000000
      2.56000000	     10.24736823	     -1.42686819	      2.09421085	      0.16167019	      0.89160826	      0.23999611	    -20.65462671	      1.86068502	     -4.12521076	     15.00232456	     10.56454637	      0.26183996	     23.85113943	     12.90698465	     -7.50660985	     22.28602174	      2.09083593	    -19.33929710	     24.51653124	     -5.23197980	      0.42789419	     12.59448580	     18.13460015	     -7.50660985	    -24.40254681	      7.71267644	     -0.35415535	     18.48857846	    -12.73677560	     -6.09074831	     39.09874846	     90.00000001	      0.00000000	      0.00000000	     -4.75741321	     -4.01516508	    -30.15440857	     33.37257702	     90.00000001	      0.00000000	      0.00000000
      2.57000000	     10.41772920	     -1.36201616	      2.13286528	      0.17001884	      0.89035257	      0.23942184	    -21.53708521	      1.83088595	     -4.01554064	     14.87349515	     10.50670097	      0.25959146	     24.06250610	     12.65318564	     -7.50656593	     22.25414344	      2.31092739	    -19.75087610	     25.49767249	     -5.57186630	      0.44501834	     12.66275412	     18.19085924	     -7.50656593	    -24.50286095	      7.57067399	     -0.33809047	     18.22637642	    -12.67321917	     -6.08596258	     39.37162917	     90.00000001	      0.00000000	      0.00000000	     -4.66898073	     -4.09839840	    -30.30673941	     32.80859555	     90.00000001	      0.00000000	      0.00000000
      2.58000000	     10.45454499	     -1.36144377	      2.10666587	      0.17868335	      0.88901232	      0.23892996	    -22.24708812	      1.85189345	     -3.86018289	     14.78762648	     10.43700205	      0.25809277	     24.06689796	     12.45379325	     -7.50650294	     22.19858842	      2.43383545	    -20.12414252	     26.30941922	     -5.84289616	      0.45918599	     12.68286110	     18.24044504	     -7.50650294	    -24.39600992	      7.49193928	     -0.23561722	     17.82812954	    -12.60193391	     -6.12784332	     39.52169532	     90.00000001	      0.00000000	      0.00000000	     -4.68709520	     -4.10332804	    -30.50284197	     32.33360072	     90.00000001	      0.00000000	      0.00000000
      2.59000000	     10.37811182	     -1.38563048	      2.03972451	      0.18736540	      0.88770599	      0.23841209	    -22.68962503	      1.85992084	     -3.72164191	     14.98100124	     10.36287155	      0.26146780	     24.02929126	     12.43627652	     -7.50648713	     21.97883393	      2.61782794	    -19.98714364	     26.61873435	     -5.95129302	      0.46458456	     12.62085406	     18.24068215	     -7.50648713	    -24.15309559	      7.42530029	     -0.15339613	     17.49097039	    -12.51283170	     -6.12886736	     39.43487478	     90.00000001	      0.00000000	      0.00000000	     -4.91561456	     -4.04754052	    -30.53908037	     32.19926447	     90.00000001	      0.00000000	      0.00000000
      2.60000000	     10.57948352	     -1.18433666	      2.05565787	      0.19625331	      0.88685767	      0.23782963	    -23.59130312	      1.70101339	     -3.97049219	     14.97820866	     10.17999906	      0.26141906	     23.96072292	     12.26318426	     -7.50642932	     21.77059201	      2.93893622	    -20.42842564	     27.66117806	     -6.33925337	      0.48277863	     12.39952028	     17.93658396	     -7.50642932	    -24.22119187	      7.09152931	     -0.12712213	     17.07919270	    -12.37843982	     -6.30607449	     39.42423121	     90.00000001	      0.00000000	      0.00000000	     -4.83352780	     -4.19218956	    -30.75166608	     31.62143917	     90.00000001	      0.00000000	      0.00000000
      2.61000000	     10.59153939	     -1.07803175	      2.00899203	      0.20510912	      0.88599781	      0.23729780	    -24.12350471	      1.62041563	     -3.89151712	     15.20250227	     10.00948247	      0.26533372	     23.87359766	     12.23297614	     -7.50640618	     21.50136256	      3.24242834	    -20.29145249	     28.19441941	     -6.56137698	      0.49208545	     12.25422377	     17.85873095	     -7.50640618	    -24.06310808	      6.84211818	     -0.06234001	     16.64918899	    -12.27764500	     -6.36190597	     39.26837017	     90.00000001	      0.00000000	      0.00000000	     -4.92889507	     -4.24053807	    -30.81899485	     31.44656873	     90.00000001	      0.00000000	      0.00000000
      2.62000000	     10.71482952	     -0.81769298	      2.03483133	      0.21422175	      0.88545014	      0.23652742	    -24.80894939	      1.34519439	     -4.42425842	     15.48930112	      9.84399991	      0.27033930	     23.57808741	     12.10275082	     -7.50633315	     21.31300689	      3.63419641	    -20.65175645	     29.12381827	     -6.99324912	      0.50830652	     11.76028003	     17.17350888	     -7.50633315	    -24.00360782	      6.45434953	     -0.10440922	     16.20038128	    -12.03157285	     -6.72766710	     39.07318201	     90.00000001	      0.00000000	      0.00000000	     -4.88770652	     -4.29843257	    -31.03727822	     30.87163721	     90.00000001	      0.00000000	      0.00000000
      2.63000000	     10.77794999	     -0.59306115	      2.01628200	      0.22325569	      0.88508224	      0.23578972	    -25.32344904	      1.14786257	     -4.50764335	     15.88497419	      9.62212508	      0.27724510	     23.37529102	     12.03452813	     -7.50629202	     21.08278420	      4.07168158	    -20.41057816	     29.84403676	     -7.28499434	      0.52087670	     11.49333540	     16.84717469	     -7.50629202	    -23.89315143	      6.08706139	     -0.08401875	     15.70270892	    -11.87803062	     -6.90421010	     38.80557276	     90.00000001	      0.00000000	      0.00000000	     -4.95152638	     -4.37626245	    -31.14004806	     30.64464834	     90.00000001	      0.00000000	      0.00000000
      2.64000000	     10.67590310	     -0.28904436	      2.17928694	      0.23214468	      0.88461046	      0.23466831	    -25.36375645	      0.82462848	     -5.39376327	     16.97268935	      9.41275608	      0.29622931	     23.03358399	     12.04489885	     -7.50602055	     21.10760608	      4.74143931	    -19.37418468	     30.71280984	     -7.36211665	      0.53603965	     10.55426518	     14.09054891	     -7.50602055	    -23.57272231	      5.67944036	     -0.24876835	     15.30041499	    -11.44543375	     -8.07162249	     38.27231770	     90.00000001	      0.00000000	      0.00000000	     -4.83875894	     -4.41120989	    -31.65768172	     30.11251320	     90.00000001	      0.00000000	      0.00000000
      2.65000000	     10.78212684	     -0.03329550	      2.20024738	      0.24140036	      0.88472820	      0.23383689	    -25.86557663	      0.60837707	     -5.42514148	     17.44658589	      9.21553428	      0.30450037	     22.70593084	     11.92066059	     -7.50598122	     20.86666223	      5.19179667	    -18.96207322	     31.54221621	     -7.60593870	      0.55051553	     10.43133071	     13.81733187	     -7.50598122	    -23.47419463	      5.26361979	     -0.27208361	     14.72008733	    -11.31124128	     -8.12324379	     37.95671799	     90.00000001	      0.00000000	      0.00000000	     -4.93651846	     -4.47840129	    -31.69012489	     29.97397822	     90.00000001	      0.00000000	      0.00000000
      2.66000000	     10.85890774	      0.23705473	      2.26676625	      0.25063552	      0.88497386	      0.23283547	    -26.19073647	      0.34065723	     -5.59491659	     18.19915815	      9.05159259	      0.31763523	     22.11028309	     11.64718123	     -7.50593331	     20.67644373	      5.66536958	    -18.41920943	     32.44394256	     -7.76960450	      0.56625362	     10.30717824	     13.30673437	     -7.50593331	    -23.33910142	      4.86055870	     -0.33598280	     14.12627627	    -11.14182591	     -8.25205279	     37.56819392	     90.00000001	      0.00000000	      0.00000000	     -4.99504467	     -4.56654210	    -31.71624017	     29.81776798	     90.00000001	      0.00000000	      0.00000000
      2.67000000	     10.60610742	      0.46439989	      2.62512716	      0.25939774	      0.88491491	      0.23116703	    -25.73939900	      0.04079846	     -6.44973705	     19.84808900	      9.02156768	      0.34641450	     20.94008378	     10.48734218	     -7.50558803	     20.68608375	      6.33528401	    -15.94456998	     33.23294845	     -6.98562103	      0.58002437	      9.33954118	      8.29996262	     -7.50558803	    -22.82813196	      4.61876506	     -0.71249124	     13.73212057	    -10.72114846	     -9.43226859	     36.78463259	     90.00000001	      0.00000000	      0.00000000	     -4.97581310	     -4.58721079	    -32.04757036	     29.41888797	     90.00000001	      0.00000000	      0.00000000
      2.68000000	     10.70296812	      0.75600930	      2.68818385	      0.26874299	      0.88567105	      0.22998102	    -25.81465079	     -0.38638083	     -6.77846903	     21.11049891	      8.97554266	      0.36844771	     19.69175345	      9.90629577	     -7.50551430	     20.13382670	      6.74204546	    -15.29143300	     33.68458173	     -6.73675827	      0.58790686	      9.54338999	      7.85108653	     -7.50551430	    -22.68931246	      4.20570242	     -0.82427012	     13.13668503	    -10.56326278	     -9.62317755	     36.25281749	     90.00000001	      0.00000000	      0.00000000	     -5.06981390	     -4.63155174	    -32.09156684	     29.28826637	     90.00000001	      0.00000000	      0.00000000
      2.69000000	     10.76541873	      1.06833401	      2.75606498	      0.27799312	      0.88662490	      0.22879186	    -25.67334144	     -0.87395541	     -7.10820366	     22.66244946	      8.95905677	      0.39553436	     18.26399806	      9.06596188	     -7.50543074	     19.41367234	      7.17178626	    -14.51037380	     33.82316914	     -6.34472482	      0.59032567	      9.73880814	      7.14704545	     -7.50543074	    -22.52078088	      3.76756131	     -0.93393091	     12.55030705	    -10.33372946	    -10.00198349	     35.65658873	     90.00000001	      0.00000000	      0.00000000	     -5.14547462	     -4.67097266	    -32.15425309	     29.21363980	     90.00000001	      0.00000000	      0.00000000
      2.70000000	     10.98337878	      1.35127077	      2.78041022	      0.28719629	      0.88802819	      0.22763315	    -25.67166901	     -1.39410705	     -7.21026202	     24.16888540	      9.05915796	      0.42182663	     16.80487323	      8.54842391	     -7.50538515	     18.41499787	      7.41915068	    -13.98249916	     33.88848673	     -5.81938043	      0.59146567	     10.04767211	      6.86088713	     -7.50538515	    -22.56243308	      3.36669655	     -1.01484701	     11.98249433	    -10.17552338	    -10.27735421	     35.12953108	     90.00000001	      0.00000000	      0.00000000	     -5.19982117	     -4.70339905	    -32.20096514	     29.18948609	     90.00000001	      0.00000000	      0.00000000
      2.71000000	     11.04808160	      1.81866172	      2.82388791	      0.29641318	      0.88942727	      0.22623613	    -25.23416636	     -2.25434492	     -7.74410233	     26.27060262	      9.18811598	      0.45850851	     14.73492391	      7.10909741	     -7.50523427	     17.26287951	      8.05533942	    -13.34473768	     33.29586984	     -5.40164602	      0.58112256	     10.16460003	      6.11695659	     -7.50523427	    -22.39927356	      2.77043513	     -1.18881839	     11.44281108	     -9.84366313	    -11.12928651	     34.40606794	     90.00000001	      0.00000000	      0.00000000	     -5.29740183	     -4.71811196	    -32.29567598	     29.19740499	     90.00000001	      0.00000000	      0.00000000
      2.72000000	     11.28511993	      2.12066152	      2.73717741	      0.30555220	      0.89123269	      0.22523044	    -24.92162023	     -2.92919722	     -7.89342233	     28.23419206	      9.23492402	      0.49277961	     12.49613341	      6.66499289	     -7.50517586	     15.91140077	      8.23604927	    -13.07481792	     32.79510455	     -4.78138850	      0.57238255	     10.77062983	      6.16100424	     -7.50517586	    -22.46795227	      2.31392894	     -1.18233989	     10.84856560	     -9.69336948	    -11.42442669	     33.82909348	     90.00000001	      0.00000000	      0.00000000	     -5.35311280	     -4.73218263	    -32.33954228	     29.29861992	     90.00000001	      0.00000000	      0.00000000
      2.73000000	     11.49810392	      2.60572606	      2.73210176	      0.31455031	      0.89304332	      0.22381328	    -24.39580435	     -3.89618340	     -8.39353864	     30.62229960	      9.27964298	      0.53445995	     10.05036238	      5.71706567	     -7.50506659	     14.49308555	      8.87539609	    -12.95394951	     31.97484107	     -4.62537271	      0.55806625	     11.11646674	      6.47025063	     -7.50506659	    -22.53120908	      1.71183318	     -1.36675101	     10.33779001	     -9.47233288	    -12.02810151	     33.21459377	     90.00000001	      0.00000000	      0.00000000	     -5.42166857	     -4.74790591	    -32.38322270	     29.44370669	     90.00000001	      0.00000000	      0.00000000
      2.74000000	     11.72253985	      2.91086261	      2.54245434	      0.32345144	      0.89493299	      0.22295884	    -23.71488597	     -4.69961594	     -8.50212844	     33.01755669	      9.24107433	      0.57626508	      7.41196390	      5.33251115	     -7.50500117	     13.05635935	      9.09933709	    -12.91108632	     31.21145240	     -4.16616648	      0.54474261	     11.68860200	      6.82112933	     -7.50500117	    -22.61882754	      1.23493791	     -1.31782515	      9.77148746	     -9.29038913	    -12.37750958	     32.65354544	     90.00000001	      0.00000000	      0.00000000	     -5.49780214	     -4.74071106	    -32.41530193	     29.66147161	     90.00000001	      0.00000000	      0.00000000
      2.75000000	     11.93516053	      3.26485879	      2.44888080	      0.33208445	      0.89669205	      0.22177437	    -22.83303184	     -5.57843593	     -8.67925095	     35.71018018	      9.17280514	      0.62326022	      4.73405019	      4.77161097	     -7.50492766	     11.66623427	      9.54176076	    -12.98866224	     30.37686190	     -4.04142885	      0.53017626	     12.10724291	      7.35387926	     -7.50492766	    -22.74065773	      0.76130912	     -1.43170782	      9.28045060	     -9.15242482	    -12.81366878	     32.13537920	     90.00000001	      0.00000000	      0.00000000	     -5.57418515	     -4.75047494	    -32.43305356	     29.91300074	     90.00000001	      0.00000000	      0.00000000
      2.76000000	     12.06094498	      3.61313681	      2.29551907	      0.34049724	      0.89824277	      0.22074575	    -21.65050378	     -6.49014699	     -8.69391503	     38.59816035	      9.06304401	      0.67366498	      1.99257582	      4.10599711	     -7.50484017	     10.40580543	      9.99455046	    -13.21493526	     29.52155343	     -3.99773527	      0.51524831	     12.49629159	      8.03138840	     -7.50484017	    -22.78806396	      0.26013375	     -1.50708154	      8.79931554	     -8.96390903	    -13.29670156	     31.63392667	     90.00000001	      0.00000000	      0.00000000	     -5.63602652	     -4.74222903	    -32.42186701	     30.22182970	     90.00000001	      0.00000000	      0.00000000
      2.77000000	     12.12033500	      3.89547743	      2.11830921	      0.34862546	      0.89955220	      0.21981899	    -20.20770307	     -7.29706965	     -8.28817083	     41.58835783	      9.01290511	      0.72585377	     -0.61844713	      3.17609643	     -7.50466137	      9.30691362	     10.34818815	    -13.64457253	     28.75915100	     -4.01864905	      0.50194188	     12.85703411	      8.94453992	     -7.50466137	    -22.80211284	     -0.17190417	     -1.55102192	      8.35856622	     -8.79306233	    -13.87380019	     31.16279807	     90.00000001	      0.00000000	      0.00000000	     -5.68574185	     -4.75267633	    -32.33075727	     30.56364067	     90.00000001	      0.00000000	      0.00000000
      2.78000000	     12.12901847	      4.05099069	      1.87060471	      0.35643633	      0.90063437	      0.21917474	    -18.50204506	     -7.89616215	     -7.38968660	     44.63627047	      9.02461705	      0.77904989	     -3.15665429	      1.92492994	     -7.50442861	      8.37025299	     10.47688093	    -14.23871307	     28.13066538	     -3.99015478	      0.49097273	     13.32138997	     10.05013022	     -7.50442861	    -22.79721665	     -0.49940289	     -1.51808449	      7.94964447	     -8.65056905	    -14.41631301	     30.75732167	     90.00000001	      0.00000000	      0.00000000	     -5.71963739	     -4.73864836	    -32.23722722	     30.94101181	     90.00000001	      0.00000000	      0.00000000
      2.79000000	     12.12572620	      4.10789887	      1.65041551	      0.36400933	      0.90160329	      0.21866002	    -16.65828492	     -8.19340133	     -6.58328540	     47.61962927	      8.65080238	      0.83111932	     -5.25663306	      1.63228947	     -7.50432826	      7.44862924	     10.41308574	    -14.59120915	     27.56044178	     -3.68172036	      0.48102045	     13.86196234	     10.52443430	     -7.50432826	    -22.82139794	     -0.72358000	     -1.46797191	      7.49716192	     -8.61271559	    -14.52854290	     30.46959608	     90.00000001	      0.00000000	      0.00000000	     -5.70943520	     -4.74583582	    -32.15159450	     31.36877018	     90.00000001	      0.00000000	      0.00000000
      2.80000000	     11.91285449	      4.20803144	      1.39836683	      0.37121313	      0.90193052	      0.21812003	    -14.37937283	     -8.64756170	     -4.89197918	     50.83085534	      9.12695362	      0.88716579	     -7.35121761	     -1.04462754	     -7.50404655	      7.04436928	     10.49997404	    -15.74287016	     27.26805971	     -3.98156354	      0.47591742	     14.40578684	     12.28879836	     -7.50404655	    -22.64956427	     -0.99250375	     -1.46566863	      7.15767938	     -8.47679859	    -15.11858500	     30.13136724	     90.00000001	      0.00000000	      0.00000000	     -5.70622259	     -4.79573475	    -31.98302917	     31.71860084	     90.00000001	      0.00000000	      0.00000000
      2.81000000	     11.68632202	      4.29292493	      1.19126589	      0.37830414	      0.90211352	      0.21754070	    -12.00890084	     -8.92610099	     -3.79431188	     53.97096430	      8.96828485	      0.94197103	     -8.66223893	     -2.19479777	     -7.50388482	      6.60890389	     10.56718737	    -16.38687272	     26.94999462	     -4.01304117	      0.47036614	     14.84238725	     13.11540789	     -7.50388482	    -22.47068718	     -1.23037850	     -1.50993514	      6.76734563	     -8.43354523	    -15.28761479	     29.90686168	     90.00000001	      0.00000000	      0.00000000	     -5.69962435	     -4.83670398	    -31.82769400	     32.11118416	     90.00000001	      0.00000000	      0.00000000
      2.82000000	     11.45612244	      4.22115662	      0.94360462	      0.38503597	      0.90222906	      0.21738372	     -9.55662096	     -8.87827405	     -2.18503391	     56.93208241	      9.10935505	      0.99365229	     -9.62634899	     -4.11758179	     -7.50367401	      6.29771383	     10.32920758	    -17.25003130	     26.82484105	     -3.96821971	      0.46818180	     15.42038926	     14.25275019	     -7.50367401	    -22.35727136	     -1.34661624	     -1.43755277	      6.40905501	     -8.35954802	    -15.58412797	     29.72245108	     90.00000001	      0.00000000	      0.00000000	     -5.60088244	     -4.94751381	    -31.57515466	     32.51961414	     90.00000001	      0.00000000	      0.00000000
      2.83000000	     11.34334852	      4.16600031	      0.76001781	      0.39188073	      0.90252108	      0.21708609	     -7.28686536	     -8.70685003	     -1.48469398	     59.66330387	      8.45102274	      1.04132110	     -9.78190548	     -4.93560135	     -7.50358320	      5.71947415	     10.18090694	    -17.58599913	     26.50818589	     -3.75781955	      0.46265512	     15.90721042	     14.66297779	     -7.50358320	    -22.35444663	     -1.43629836	     -1.48498869	      6.03953888	     -8.34700188	    -15.65874293	     29.61150087	     90.00000001	      0.00000000	      0.00000000	     -5.52116548	     -5.06552479	    -31.40973427	     32.90401291	     90.00000001	      0.00000000	      0.00000000
      2.84000000	     10.99933485	      4.08675224	      0.53990059	      0.39825689	      0.90226077	      0.21686301	     -4.62646204	     -8.60571974	      0.07086843	     62.42335367	      8.75368077	      1.08949305	     -9.82976892	     -7.28019668	     -7.50338472	      5.69809770	      9.99340205	    -18.43285327	     26.60933416	     -3.87719849	      0.46442049	     16.46466827	     15.74596832	     -7.50338472	    -22.15146383	     -1.51281732	     -1.46297081	      5.72266101	     -8.26646602	    -16.00296239	     29.50633750	     90.00000001	      0.00000000	      0.00000000	     -5.40332565	     -5.20661641	    -30.94150557	     33.25535129	     90.00000001	      0.00000000	      0.00000000
      2.85000000	     10.80525830	      4.04249703	      0.41372537	      0.40478116	      0.90231320	      0.21642735	     -2.24894183	     -8.41444247	      0.63091488	     64.82801359	      8.19946396	      1.13146228	     -9.15171076	     -8.65944225	     -7.50324579	      5.33987977	      9.94225448	    -18.73225638	     26.44454002	     -3.85167981	      0.46154429	     16.92198472	     16.21000950	     -7.50324579	    -22.09685079	     -1.58431714	     -1.59276594	      5.38036599	     -8.24129556	    -16.16057962	     29.47646426	     90.00000001	      0.00000000	      0.00000000	     -5.28735996	     -5.37521960	    -30.59894272	     33.58292077	     90.00000001	      0.00000000	      0.00000000
      2.86000000	     10.79557728	      3.93216545	      0.31258379	      0.41135252	      0.90280659	      0.21602794	     -0.20669136	     -8.09535795	      0.80808561	     66.79011665	      7.39574949	      1.16570744	     -7.91484094	     -9.68111402	     -7.50317459	      4.66570358	      9.78452134	    -18.79179377	     26.15470998	     -3.63655994	      0.45648580	     17.34850218	     16.40321424	     -7.50317459	    -22.25180870	     -1.55548529	     -1.71219972	      5.04896934	     -8.22705231	    -16.23354753	     29.46271061	     90.00000001	      0.00000000	      0.00000000	     -5.10175179	     -5.52823986	    -30.33316013	     33.85623748	     90.00000001	      0.00000000	      0.00000000
      2.87000000	     10.78861220	      3.79166579	      0.20148287	      0.41786020	      0.90331613	      0.21574630	      1.80015719	     -7.69626606	      0.92271409	     68.49145854	      6.57361026	      1.19540146	     -6.45326004	    -10.65600846	     -7.50312113	      3.97104175	      9.61605262	    -18.75756613	     25.82163747	     -3.44134848	      0.45067259	     17.71238708	     16.56133473	     -7.50312113	    -22.41860042	     -1.52265930	     -1.83756598	      4.74587872	     -8.22111770	    -16.30134589	     29.47673324	     90.00000001	      0.00000000	      0.00000000	     -4.88131726	     -5.73365592	    -30.04719061	     34.11573431	     90.00000001	      0.00000000	      0.00000000
      2.88000000	     10.59051342	      3.79765393	      0.16392442	      0.42418721	      0.90340358	      0.21507766	      4.04808154	     -7.65940383	      1.37560833	     70.10642982	      6.39934426	      1.22358803	     -5.00182081	    -12.10654922	     -7.50299322	      3.62565397	      9.71451310	    -18.87769242	     25.63997052	     -3.53333489	      0.44750191	     18.08343221	     16.92854191	     -7.50299322	    -22.37424086	     -1.58744762	     -2.03306330	      4.38437941	     -8.16349066	    -16.63197313	     29.55217761	     90.00000001	      0.00000000	      0.00000000	     -4.76288388	     -6.03007032	    -29.11856313	     34.38080086	     90.00000001	      0.00000000	      0.00000000
      2.89000000	     10.67634798	      3.62252465	      0.13070354	      0.43060112	      0.90422127	      0.21459050	      5.76845642	     -7.22309992	      1.30730066	     71.06794873	      5.66098766	      1.24036970	     -3.32422206	    -12.93054069	     -7.50294560	      2.76235671	      9.52108031	    -18.70161236	     25.20948692	     -3.28397227	      0.43998855	     18.41688069	     17.00972709	     -7.50294560	    -22.66004821	     -1.46021543	     -2.21978532	      4.11577379	     -8.19547245	    -16.69752773	     29.58858674	     90.00000001	      0.00000000	      0.00000000	     -4.47060693	     -6.22851228	    -28.84260625	     34.55659652	     90.00000001	      0.00000000	      0.00000000
      2.90000000	     10.72347303	      3.49136009	      0.17239719	      0.43703832	      0.90497360	      0.21392929	      7.44372131	     -6.87772632	      1.21446345	     71.72940481	      5.06285554	      1.25191428	     -1.69128131	    -13.65283383	     -7.50290084	      1.94368701	      9.43718110	    -18.44990572	     24.75325980	     -3.13081929	      0.43202588	     18.71454400	     17.12034634	     -7.50290084	    -22.88413609	     -1.34896586	     -2.47690178	      3.80182183	     -8.20233557	    -16.79224575	     29.67221441	     90.00000001	      0.00000000	      0.00000000	     -4.20625999	     -6.45056169	    -28.45227620	     34.71332298	     90.00000001	      0.00000000	      0.00000000
      2.91000000	     10.77358223	      3.37717259	      0.26671074	      0.44347679	      0.90574881	      0.21316772	      9.01215984	     -6.58136502	      1.11987576	     72.05129155	      4.60101257	      1.25753227	     -0.14974492	    -14.24361783	     -7.50285437	      1.09794111	      9.38618590	    -18.13172433	     24.25522477	     -2.99156457	      0.42333353	     18.99117100	     17.24754317	     -7.50285437	    -23.09986966	     -1.23673447	     -2.75071867	      3.45987789	     -8.20766233	    -16.92650368	     29.77662798	     90.00000001	      0.00000000	      0.00000000	     -3.93287225	     -6.70472647	    -27.92279176	     34.86108065	     90.00000001	      0.00000000	      0.00000000
      2.92000000	     10.80935903	      3.20257143	      0.41148905	      0.44987619	      0.90651650	      0.21225702	     10.49187981	     -6.21212605	      1.05612335	     72.01999303	      4.24652536	      1.25698601	      1.11510971	    -14.55817446	     -7.50281305	      0.29077614	      9.28503272	    -17.80649437	     23.77729011	     -2.89987485	      0.41499200	     19.21367294	     17.33162253	     -7.50281305	    -23.29795380	     -1.01920207	     -3.07687175	      3.14346507	     -8.22308412	    -17.05082850	     29.89151817	     90.00000001	      0.00000000	      0.00000000	     -3.68023911	     -6.92159764	    -27.42006111	     34.99021158	     90.00000001	      0.00000000	      0.00000000
      2.93000000	     11.01589333	      3.13449348	      0.63959867	      0.45638094	      0.90764168	      0.21124698	     11.57537277	     -6.04624302	      0.85292294	     71.54486809	      3.97966918	      1.24869351	      2.35069528	    -14.72035302	     -7.50273875	     -0.81792841	      9.28640930	    -17.23395594	     23.13405240	     -2.66277306	      0.40376538	     19.44857498	     17.51371497	     -7.50273875	    -23.67674906	     -0.89143775	     -3.43280638	      2.77395231	     -8.15453013	    -17.38156986	     30.08900218	     90.00000001	      0.00000000	      0.00000000	     -3.40658027	     -7.29244157	    -26.26455785	     35.11888675	     90.00000001	      0.00000000	      0.00000000
      2.94000000	     10.91676036	      2.88569133	      0.84128726	      0.46277371	      0.90814665	      0.21032885	     12.97677582	     -5.62138800	      0.77250487	     70.83168807	      3.79370018	      1.23624617	      3.08980216	    -14.62250345	     -7.50270010	     -1.35995753	      9.14535347	    -16.94226239	     22.80202030	     -2.76904621	      0.39797033	     19.56999909	     17.49397433	     -7.50270010	    -23.68634809	     -0.59437589	     -3.73545641	      2.43199257	     -8.20863681	    -17.48248620	     30.15600820	     90.00000001	      0.00000000	      0.00000000	     -3.17245084	     -7.48401603	    -25.91267816	     35.28048292	     90.00000001	      0.00000000	      0.00000000
      2.95000000	     11.02146521	      2.68309227	      1.15756063	      0.46912455	      0.90904102	      0.20925045	     13.94870127	     -5.27840290	      0.51745265	     69.72386259	      3.60655347	      1.21691097	      4.09955864	    -14.69384557	     -7.50264768	     -2.25352909	      9.01762405	    -16.29250075	     22.27823397	     -2.66248551	      0.38882853	     19.92642683	     17.64076201	     -7.50264768	    -23.95756385	     -0.29890121	     -4.08213288	      2.08690736	     -8.22210450	    -17.72368093	     30.27421758	     90.00000001	      0.00000000	      0.00000000	     -2.80934042	     -7.77398471	    -25.16311706	     35.32090832	     90.00000001	      0.00000000	      0.00000000
      2.96000000	     11.16858121	      2.43987243	      1.51889942	      0.47559636	      0.91002551	      0.20813472	     14.67152385	     -4.96547205	      0.07377923	     68.17576167	      3.43968416	      1.18989151	      4.68265702	    -14.36106543	     -7.50257972	     -3.17429467	      8.82330274	    -15.68752954	     21.79347576	     -2.57372500	      0.38036791	     20.16023747	     17.74462425	     -7.50257972	    -24.24810749	      0.05131095	     -4.44783458	      1.74929789	     -8.18552589	    -18.06718370	     30.40738791	     90.00000001	      0.00000000	      0.00000000	     -2.50283273	     -8.05391383	    -24.24242885	     35.40284961	     90.00000001	      0.00000000	      0.00000000
      2.97000000	     11.26837991	      2.18316950	      1.88322588	      0.48217107	      0.91082986	      0.20698572	     15.34792760	     -4.63331207	     -0.66435740	     66.36105884	      3.00931936	      1.15821897	      5.06224891	    -13.63658911	     -7.50245929	     -3.99472162	      8.61657493	    -15.21076660	     21.37728533	     -2.56716087	      0.37310401	     20.25511221	     17.82453464	     -7.50245929	    -24.46041289	      0.43240997	     -4.78163330	      1.41170146	     -8.16154218	    -18.59922992	     30.49626315	     90.00000001	      0.00000000	      0.00000000	     -2.27373283	     -8.33746926	    -23.23984407	     35.57758607	     90.00000001	      0.00000000	      0.00000000
      2.98000000	     10.97287716	      2.20330987	      2.08784193	      0.48833462	      0.91056630	      0.20610745	     16.67369526	     -4.69307519	     -0.74482342	     64.81424009	      3.12254540	      1.13122189	      5.21097501	    -13.12371787	     -7.50242911	     -4.10754609	      8.67966844	    -15.15831797	     21.40372128	     -2.58389315	      0.37356541	     20.27141972	     17.72341398	     -7.50242911	    -24.28029824	      0.38262250	     -5.08104071	      1.03085794	     -8.10659141	    -18.61111848	     30.57918711	     90.00000001	      0.00000000	      0.00000000	     -1.96708087	     -8.50882985	    -23.11910038	     35.83811979	     90.00000001	      0.00000000	      0.00000000
      2.99000000	     11.25076645	      1.70231881	      2.61283041	      0.49515351	      0.91168940	      0.20481717	     16.62724852	     -4.11582581	     -1.36398144	     62.04559115	      3.13174422	      1.08289985	      6.00290276	    -12.20656572	     -7.50233823	     -5.23316809	      8.21879059	    -14.44167550	     20.78529796	     -2.64370133	      0.36277189	     20.80239209	     18.19564381	     -7.50233823	    -24.62266598	      1.10457188	     -5.41687981	      0.68813365	     -8.13013854	    -19.13258010	     30.62311628	     90.00000001	      0.00000000	      0.00000000	     -1.60487377	     -8.69496836	    -22.30357958	     35.71646285	     90.00000001	      0.00000000	      0.00000000
      3.00000000	     11.01671440	      1.54665974	      2.97455071	      0.50152858	      0.91147555	      0.20362618	     17.45332031	     -4.02090032	     -1.52877891	     59.70097531	      3.41762133	      1.04197859	      6.35233997	    -11.45706456	     -7.50229237	     -5.47665921	      8.23640646	    -14.18527454	     20.63770079	     -2.98411599	      0.36019583	     21.01814761	     18.28588039	     -7.50229237	    -24.46473256	      1.35286658	     -5.75762995	      0.31685424	     -8.13203461	    -19.30103738	     30.66396722	     90.00000001	      0.00000000	      0.00000000	     -1.29733673	     -8.82146158	    -22.01466963	     35.83935143	     90.00000001	      0.00000000	      0.00000000
      3.01000000	     11.23338314	      1.29309160	      3.35962644	      0.50854415	      0.91207236	      0.20277715	     17.42393038	     -3.70078429	     -2.53010136	     56.74920519	      3.01787840	      0.99046048	      7.14541477	     -9.38668939	     -7.50214718	     -6.47355953	      7.83771570	    -14.11110679	     20.20574601	     -2.86186536	      0.35265680	     21.35880301	     19.22724004	     -7.50214718	    -24.72660504	      1.67677651	     -5.98657985	     -0.03784394	     -7.99945326	    -20.05144739	     30.64340619	     90.00000001	      0.00000000	      0.00000000	     -0.98186651	     -9.03869841	    -21.34756791	     35.92696140	     90.00000001	      0.00000000	      0.00000000
      3.02000000	     10.86413796	      1.25470530	      3.59466902	      0.51498454	      0.91131023	      0.20189094	     18.29811080	     -3.66316232	     -2.38782387	     54.14697516	      3.42937395	      0.94504300	      7.39842494	     -8.65684621	     -7.50211003	     -6.57145246	      7.94979754	    -13.96224912	     20.08807826	     -3.11331661	      0.35060311	     21.55287413	     19.25622877	     -7.50211003	    -24.39722784	      1.71388631	     -6.23659521	     -0.43808216	     -7.96690443	    -20.13908960	     30.66102004	     90.00000001	      0.00000000	      0.00000000	     -0.70882225	     -9.10330821	    -21.17518604	     36.07376155	     90.00000001	      0.00000000	      0.00000000
      3.03000000	     11.18318950	      1.00670943	      3.90286158	      0.52212870	      0.91184430	      0.20122142	     17.94202109	     -3.29570436	     -3.07443346	     50.79623050	      3.30515972	      0.88656147	      8.25527123	     -6.33906504	     -7.50199306	     -7.74764209	      7.45354522	    -14.04893046	     19.58950616	     -2.85035305	      0.34190138	     21.92899799	     20.39559291	     -7.50199306	    -24.77400573	      2.02088535	     -6.37800916	     -0.73155253	     -7.86376414	    -20.86195009	     30.61822159	     90.00000001	      0.00000000	      0.00000000	     -0.35311760	     -9.26554540	    -20.75332920	     36.09894870	     90.00000001	      0.00000000	      0.00000000
      3.04000000	     11.04115394	      0.91387853	      4.12416824	      0.52885492	      0.91129598	      0.20059991	     18.25489629	     -3.20186133	     -2.86236560	     47.71893925	      3.91642464	      0.83285261	      8.76717423	     -5.03528277	     -7.50193535	     -8.20309552	      7.30372029	    -13.98417318	     19.39626197	     -2.80293305	      0.33852863	     22.31077471	     20.66821940	     -7.50193535	    -24.68218237	      2.09112251	     -6.46319310	     -1.08704983	     -7.81577945	    -21.10987917	     30.49921355	     90.00000001	      0.00000000	      0.00000000	      0.02507345	     -9.34954814	    -20.55242110	     36.16518480	     90.00000001	      0.00000000	      0.00000000
      3.05000000	     11.04009604	      0.80301704	      4.37733269	      0.53592486	      0.91088756	      0.19999169	     18.32345394	     -2.97342261	     -3.47992269	     44.53741980	      3.75336101	      0.77732462	      9.42692319	     -2.61119583	     -7.50180947	     -8.89078140	      7.08524720	    -14.05302142	     19.07979374	     -2.76479555	      0.33300522	     22.60791948	     21.56857736	     -7.50180947	    -24.70456985	      2.19944170	     -6.56509292	     -1.43067342	     -7.67842265	    -21.79835854	     30.41288103	     90.00000001	      0.00000000	      0.00000000	      0.33529781	     -9.42578927	    -20.31125989	     36.30344583	     90.00000001	      0.00000000	      0.00000000
      3.06000000	     10.93586919	      0.75363174	      4.53099801	      0.54272105	      0.91017827	      0.19960380	     18.50090397	     -2.85597383	     -3.30266223	     41.39095932	      4.22629353	      0.72240852	      9.82250292	     -1.26379482	     -7.50175089	     -9.41154712	      6.92184677	    -13.95581915	     18.88785672	     -2.59035869	      0.32965529	     22.94809934	     21.76462612	     -7.50175089	    -24.66230235	      2.18303895	     -6.58697182	     -1.74680357	     -7.58851252	    -22.08302753	     30.28017772	     90.00000001	      0.00000000	      0.00000000	      0.70611877	     -9.49556081	    -20.15508675	     36.37641089	     90.00000001	      0.00000000	      0.00000000
      3.07000000	     10.86359113	      0.69253065	      4.70230897	      0.54967074	      0.90943627	      0.19919672	     18.57412599	     -2.71887880	     -3.48591111	     38.24699545	      4.45873678	      0.66753600	     10.11053064	      0.36317408	     -7.50169260	     -9.97263287	      6.75632966	    -13.80017606	     18.68971945	     -2.44761475	      0.32619714	     23.26468853	     22.05095745	     -7.50169260	    -24.63949441	      2.19000800	     -6.61061896	     -2.04884566	     -7.48231470	    -22.51813813	     30.13876980	     90.00000001	      0.00000000	      0.00000000	      1.05700897	     -9.54414852	    -20.00823004	     36.47419192	     90.00000001	      0.00000000	      0.00000000
      3.08000000	     10.81740197	      0.64228552	      4.87047668	      0.55662318	      0.90865794	      0.19883018	     18.58649461	     -2.63326325	     -3.86786904	     35.20105658	      4.65967042	      0.61437434	     10.33991241	      2.11390334	     -7.50163591	    -10.54090906	      6.57836924	    -13.61008916	     18.53717258	     -2.27257420	      0.32353470	     23.60089655	     22.26920700	     -7.50163591	    -24.65387498	      2.18332140	     -6.60741438	     -2.31281833	     -7.36300639	    -22.99609478	     29.96842302	     90.00000001	      0.00000000	      0.00000000	      1.40471133	     -9.57850547	    -19.87775601	     36.56342222	     90.00000001	      0.00000000	      0.00000000
      3.09000000	     10.83219743	      0.56884130	      5.05632992	      0.56367457	      0.90793012	      0.19839071	     18.48984194	     -2.51826079	     -4.67921066	     32.29608937	      4.64970932	      0.56367310	     10.50623077	      4.12798927	     -7.50156495	    -11.19825569	      6.35852235	    -13.37087198	     18.35111456	     -2.06816688	      0.32028737	     23.88813383	     22.49703620	     -7.50156495	    -24.72932995	      2.22556800	     -6.58992592	     -2.54101796	     -7.24832815	    -23.62478705	     29.78709097	     90.00000001	      0.00000000	      0.00000000	      1.75967752	     -9.57133703	    -19.76211222	     36.67987389	     90.00000001	      0.00000000	      0.00000000
      3.10000000	     10.81186043	      0.53335860	      5.23707693	      0.57072224	      0.90705471	      0.19802836	     18.43301744	     -2.53480351	     -5.49322420	     29.64462023	      4.87147779	      0.51739623	     10.51980480	      5.87984214	     -7.50149607	    -11.77488231	      6.21336050	    -13.08392707	     18.24346222	     -1.94161637	      0.31840848	     24.22248911	     22.57948658	     -7.50149607	    -24.76678548	      2.20664633	     -6.58306918	     -2.75772627	     -7.10603733	    -24.13114317	     29.57120231	     90.00000001	      0.00000000	      0.00000000	      2.10364811	     -9.58423213	    -19.66088175	     36.77560343	     90.00000001	      0.00000000	      0.00000000
