[2026-08-10 02:24:17.712] [info] Loaded model SUBJ63-scaled from file SUBJ63_scaled.osim
[2026-08-10 02:24:26.486] [info] Loaded model SUBJ63-scaled from file SUBJ63_scaled_jmp_temp.osim
[2026-08-10 02:25:40.232] [info] Loaded model SUBJ63-scaled from file SUBJ63_scaled_jmp_temp.osim
[2026-08-10 02:25:40.234] [info] Loaded model SUBJ63-scaled from file SUBJ63_scaled_jmp_temp.osim
[2026-08-10 02:25:40.238] [info] Loaded model SUBJ63-scaled from file SUBJ63_scaled_jmp_temp.osim
[2026-08-10 02:25:40.248] [info] Loaded model SUBJ63-scaled from file SUBJ63_scaled_jmp_temp.osim
[2026-08-10 02:25:40.252] [info] Loaded model SUBJ63-scaled from file SUBJ63_scaled_jmp_temp.osim
[2026-08-10 02:25:40.258] [info] Loaded model SUBJ63-scaled from file SUBJ63_scaled_jmp_temp.osim
[2026-08-10 17:45:00.325] [info] Loaded model SUBJ63-scaled from file SUBJ63_scaled_jmp_temp.osim
[2026-08-10 17:45:01.521] [info] Loaded model SUBJ63-scaled from file SUBJ63_3_JMP_results\SUBJ63_3_NMSM_JMP_01_pelvis_thigh.osim
[2026-08-10 17:45:02.853] [info] Loaded model SUBJ63-scaled from file SUBJ63_3_NMSM_JMP_01_pelvis_thigh_jmp_temp.osim
[2026-08-10 17:45:09.558] [info] Loaded model SUBJ63-scaled from file SUBJ63_3_NMSM_JMP_01_pelvis_thigh_jmp_temp.osim
[2026-08-10 17:45:09.559] [info] Loaded model SUBJ63-scaled from file SUBJ63_3_NMSM_JMP_01_pelvis_thigh_jmp_temp.osim
[2026-08-10 17:45:09.563] [info] Loaded model SUBJ63-scaled from file SUBJ63_3_NMSM_JMP_01_pelvis_thigh_jmp_temp.osim
[2026-08-10 17:45:09.570] [info] Loaded model SUBJ63-scaled from file SUBJ63_3_NMSM_JMP_01_pelvis_thigh_jmp_temp.osim
[2026-08-10 17:45:09.574] [info] Loaded model SUBJ63-scaled from file SUBJ63_3_NMSM_JMP_01_pelvis_thigh_jmp_temp.osim
[2026-08-10 17:45:09.584] [info] Loaded model SUBJ63-scaled from file SUBJ63_3_NMSM_JMP_01_pelvis_thigh_jmp_temp.osim
[2026-08-10 17:58:10.229] [info] Loaded model SUBJ63-scaled from file SUBJ63_3_NMSM_JMP_01_pelvis_thigh_jmp_temp.osim
[2026-08-10 17:58:10.625] [info] Loaded model SUBJ63-scaled from file SUBJ63_3_JMP_results\SUBJ63_3_NMSM_JMP_02_knee_ankle.osim
[2026-08-10 17:58:11.772] [info] Loaded model SUBJ63-scaled from file SUBJ63_3_NMSM_JMP_02_knee_ankle_jmp_temp.osim
[2026-08-10 17:58:16.944] [info] Loaded model SUBJ63-scaled from file SUBJ63_3_NMSM_JMP_02_knee_ankle_jmp_temp.osim
[2026-08-10 17:58:16.944] [info] Loaded model SUBJ63-scaled from file SUBJ63_3_NMSM_JMP_02_knee_ankle_jmp_temp.osim
[2026-08-10 17:58:16.944] [info] Loaded model SUBJ63-scaled from file SUBJ63_3_NMSM_JMP_02_knee_ankle_jmp_temp.osim
[2026-08-10 17:58:16.947] [info] Loaded model SUBJ63-scaled from file SUBJ63_3_NMSM_JMP_02_knee_ankle_jmp_temp.osim
[2026-08-10 17:58:16.956] [info] Loaded model SUBJ63-scaled from file SUBJ63_3_NMSM_JMP_02_knee_ankle_jmp_temp.osim
[2026-08-10 17:58:16.960] [info] Loaded model SUBJ63-scaled from file SUBJ63_3_NMSM_JMP_02_knee_ankle_jmp_temp.osim
[2026-08-10 19:07:04.140] [info] Loaded model SUBJ63-scaled from file SUBJ63_3_NMSM_JMP_02_knee_ankle_jmp_temp.osim
[2026-08-10 19:07:04.671] [info] Loaded model SUBJ63-scaled from file SUBJ63_3_JMP_results\SUBJ63_3_NMSM_JMP_03_final.osim
[2026-08-10 19:07:05.119] [info] Loaded model SUBJ63-scaled from file SUBJ63_3_NMSM_JMP_03_final_jmp_temp.osim
[2026-08-10 19:07:08.745] [info] Loaded model SUBJ63-scaled from file SUBJ63_3_NMSM_JMP_03_final_jmp_temp.osim
[2026-08-10 19:07:08.751] [info] Loaded model SUBJ63-scaled from file SUBJ63_3_NMSM_JMP_03_final_jmp_temp.osim
[2026-08-10 19:07:08.756] [info] Loaded model SUBJ63-scaled from file SUBJ63_3_NMSM_JMP_03_final_jmp_temp.osim
[2026-08-10 19:07:08.759] [info] Loaded model SUBJ63-scaled from file SUBJ63_3_NMSM_JMP_03_final_jmp_temp.osim
[2026-08-10 19:07:19.598] [info] Loaded model SUBJ63-scaled from file SUBJ63_3_NMSM_JMP_03_final_jmp_temp.osim
[2026-08-10 19:07:19.830] [info] Loaded model SUBJ63-scaled from file SUBJ63_3_JMP_results\SUBJ63_3_NMSM_JMP_04_ankle_axis.osim
[2026-08-10 19:07:20.446] [info] Loaded model SUBJ63-scaled from file SUBJ63_3_NMSM_JMP_04_ankle_axis_jmp_temp.osim
[2026-08-10 19:07:23.065] [info] Loaded model SUBJ63-scaled from file SUBJ63_3_NMSM_JMP_04_ankle_axis_jmp_temp.osim
[2026-08-10 19:07:23.067] [info] Loaded model SUBJ63-scaled from file SUBJ63_3_NMSM_JMP_04_ankle_axis_jmp_temp.osim
[2026-08-10 19:07:23.080] [info] Loaded model SUBJ63-scaled from file SUBJ63_3_NMSM_JMP_04_ankle_axis_jmp_temp.osim
[2026-08-10 19:07:23.080] [info] Loaded model SUBJ63-scaled from file SUBJ63_3_NMSM_JMP_04_ankle_axis_jmp_temp.osim
[2026-08-10 19:07:23.081] [info] Loaded model SUBJ63-scaled from file SUBJ63_3_NMSM_JMP_04_ankle_axis_jmp_temp.osim
[2026-08-10 19:07:23.081] [info] Loaded model SUBJ63-scaled from file SUBJ63_3_NMSM_JMP_04_ankle_axis_jmp_temp.osim
[2026-08-10 19:27:38.155] [info] Loaded model SUBJ63-scaled from file SUBJ63_3_NMSM_JMP_04_ankle_axis_jmp_temp.osim
[2026-08-10 19:27:38.450] [info] Loaded model SUBJ63-scaled from file SUBJ63_3_JMP_results\SUBJ63_3_NMSM_JMP_05_torso.osim
[2026-08-10 19:27:39.062] [info] Loaded model SUBJ63-scaled from file SUBJ63_3_NMSM_JMP_05_torso_jmp_temp.osim
[2026-08-10 19:27:41.533] [info] Loaded model SUBJ63-scaled from file SUBJ63_3_NMSM_JMP_05_torso_jmp_temp.osim
[2026-08-10 19:27:41.541] [info] Loaded model SUBJ63-scaled from file SUBJ63_3_NMSM_JMP_05_torso_jmp_temp.osim
[2026-08-10 19:27:41.543] [info] Loaded model SUBJ63-scaled from file SUBJ63_3_NMSM_JMP_05_torso_jmp_temp.osim
[2026-08-10 19:27:41.544] [info] Loaded model SUBJ63-scaled from file SUBJ63_3_NMSM_JMP_05_torso_jmp_temp.osim
[2026-08-10 19:27:41.552] [info] Loaded model SUBJ63-scaled from file SUBJ63_3_NMSM_JMP_05_torso_jmp_temp.osim
[2026-08-10 19:27:41.553] [info] Loaded model SUBJ63-scaled from file SUBJ63_3_NMSM_JMP_05_torso_jmp_temp.osim
[2026-08-10 19:32:03.788] [info] Loaded model SUBJ63-scaled from file SUBJ63_3_NMSM_JMP_05_torso_jmp_temp.osim
[2026-08-10 19:32:04.208] [info] Loaded model SUBJ63-scaled from file SUBJ63_3_JMP_results\SUBJ63_3_NMSM_JMP_06_shoulder_elbow.osim
[2026-08-10 19:32:05.310] [info] Loaded model SUBJ63-scaled from file SUBJ63_3_NMSM_JMP_06_shoulder_elbow_jmp_temp.osim
[2026-08-10 19:32:09.124] [info] Loaded model SUBJ63-scaled from file SUBJ63_3_NMSM_JMP_06_shoulder_elbow_jmp_temp.osim
[2026-08-10 19:32:09.135] [info] Loaded model SUBJ63-scaled from file SUBJ63_3_NMSM_JMP_06_shoulder_elbow_jmp_temp.osim
[2026-08-10 19:32:09.136] [info] Loaded model SUBJ63-scaled from file SUBJ63_3_NMSM_JMP_06_shoulder_elbow_jmp_temp.osim
[2026-08-10 19:32:09.137] [info] Loaded model SUBJ63-scaled from file SUBJ63_3_NMSM_JMP_06_shoulder_elbow_jmp_temp.osim
[2026-08-10 19:32:09.145] [info] Loaded model SUBJ63-scaled from file SUBJ63_3_NMSM_JMP_06_shoulder_elbow_jmp_temp.osim
[2026-08-10 19:32:09.147] [info] Loaded model SUBJ63-scaled from file SUBJ63_3_NMSM_JMP_06_shoulder_elbow_jmp_temp.osim
[2026-08-10 20:02:06.542] [info] Loaded model SUBJ63-scaled from file SUBJ63_3_NMSM_JMP_06_shoulder_elbow_jmp_temp.osim
[2026-08-10 20:02:07.131] [info] Loaded model SUBJ63-scaled from file SUBJ63_3_JMP_results\SUBJ63_3_NMSM_JMP_07_upper_limb_final.osim
[2026-08-10 20:02:07.685] [info] Loaded model SUBJ63-scaled from file SUBJ63_3_NMSM_JMP_07_upper_limb_final_jmp_temp.osim
[2026-08-10 20:02:11.669] [info] Loaded model SUBJ63-scaled from file SUBJ63_3_NMSM_JMP_07_upper_limb_final_jmp_temp.osim
[2026-08-10 20:02:11.671] [info] Loaded model SUBJ63-scaled from file SUBJ63_3_NMSM_JMP_07_upper_limb_final_jmp_temp.osim
[2026-08-10 20:02:11.675] [info] Loaded model SUBJ63-scaled from file SUBJ63_3_NMSM_JMP_07_upper_limb_final_jmp_temp.osim
[2026-08-10 20:02:11.677] [info] Loaded model SUBJ63-scaled from file SUBJ63_3_NMSM_JMP_07_upper_limb_final_jmp_temp.osim
[2026-08-10 20:02:11.681] [info] Loaded model SUBJ63-scaled from file SUBJ63_3_NMSM_JMP_07_upper_limb_final_jmp_temp.osim
[2026-08-10 20:02:11.683] [info] Loaded model SUBJ63-scaled from file SUBJ63_3_NMSM_JMP_07_upper_limb_final_jmp_temp.osim
[2026-08-10 20:05:40.518] [info] Loaded model SUBJ63-scaled from file SUBJ63_3_NMSM_JMP_07_upper_limb_final_jmp_temp.osim
[2026-08-11 00:39:23.771] [info] Loaded model SUBJ63-scaled from file C:\Users\migue\Downloads\TFG\2_JMP\SUBJ63\Walk_3\SUBJ63_scaled.osim
[2026-08-11 00:39:24.594] [cout] [info] 
               MODEL: SUBJ63-scaled
         coordinates: 41
              forces: 103
           actuators: 103
             muscles: 86
            analyses: 0
              probes: 0
              bodies: 24
              joints: 24
         constraints: 2
             markers: 25
         controllers: 0
  contact geometries: 0
misc modelcomponents: 0
[2026-08-11 00:39:24.595] [info] Running tool .
[2026-08-11 00:39:24.760] [info] Frame 0 (t = 0.0):	 total squared error = 0.00350262, marker error: RMS = 0.0118366, max = 0.0314872 (R_Knee_Lateral)
[2026-08-11 00:39:24.817] [info] Frame 1 (t = 0.01):	 total squared error = 0.00333226, marker error: RMS = 0.0115451, max = 0.0308869 (R_Knee_Lateral)
[2026-08-11 00:39:24.851] [info] Frame 2 (t = 0.02):	 total squared error = 0.00314275, marker error: RMS = 0.011212, max = 0.0299463 (R_Knee_Lateral)
[2026-08-11 00:39:24.896] [info] Frame 3 (t = 0.03):	 total squared error = 0.00293187, marker error: RMS = 0.0108294, max = 0.0289566 (R_Knee_Lateral)
[2026-08-11 00:39:24.933] [info] Frame 4 (t = 0.04):	 total squared error = 0.00272757, marker error: RMS = 0.0104452, max = 0.0276524 (R_Knee_Lateral)
[2026-08-11 00:39:24.975] [info] Frame 5 (t = 0.05):	 total squared error = 0.00251628, marker error: RMS = 0.0100325, max = 0.0263874 (R_Knee_Lateral)
[2026-08-11 00:39:25.017] [info] Frame 6 (t = 0.06):	 total squared error = 0.00232162, marker error: RMS = 0.00963664, max = 0.0249807 (R_Knee_Lateral)
[2026-08-11 00:39:25.044] [info] Frame 7 (t = 0.07):	 total squared error = 0.00215379, marker error: RMS = 0.00928179, max = 0.0237206 (R_Knee_Lateral)
[2026-08-11 00:39:25.087] [info] Frame 8 (t = 0.08):	 total squared error = 0.00194841, marker error: RMS = 0.00882816, max = 0.0221645 (R_Knee_Lateral)
[2026-08-11 00:39:25.137] [info] Frame 9 (t = 0.09):	 total squared error = 0.00177101, marker error: RMS = 0.00841667, max = 0.0207823 (R_Knee_Lateral)
[2026-08-11 00:39:25.175] [info] Frame 10 (t = 0.1):	 total squared error = 0.00162559, marker error: RMS = 0.00806373, max = 0.0197501 (R_Knee_Lateral)
[2026-08-11 00:39:25.192] [info] Frame 11 (t = 0.11):	 total squared error = 0.00155134, marker error: RMS = 0.00787742, max = 0.0190540 (R_Knee_Lateral)
[2026-08-11 00:39:25.225] [info] Frame 12 (t = 0.12):	 total squared error = 0.00148505, marker error: RMS = 0.00770728, max = 0.0184489 (R_Knee_Lateral)
[2026-08-11 00:39:25.243] [info] Frame 13 (t = 0.13):	 total squared error = 0.00152028, marker error: RMS = 0.00779815, max = 0.0179715 (R_Knee_Lateral)
[2026-08-11 00:39:25.284] [info] Frame 14 (t = 0.14):	 total squared error = 0.00155889, marker error: RMS = 0.00789657, max = 0.0190328 (R_Thigh_Lateral)
[2026-08-11 00:39:25.303] [info] Frame 15 (t = 0.15):	 total squared error = 0.00162393, marker error: RMS = 0.00805959, max = 0.0205078 (R_Thigh_Lateral)
[2026-08-11 00:39:25.328] [info] Frame 16 (t = 0.16):	 total squared error = 0.00165842, marker error: RMS = 0.00814473, max = 0.0208969 (R_Thigh_Lateral)
[2026-08-11 00:39:25.357] [info] Frame 17 (t = 0.17):	 total squared error = 0.00165632, marker error: RMS = 0.00813958, max = 0.0201225 (R_Thigh_Lateral)
[2026-08-11 00:39:25.386] [info] Frame 18 (t = 0.18):	 total squared error = 0.00163453, marker error: RMS = 0.00808586, max = 0.0184782 (R_Knee_Lateral)
[2026-08-11 00:39:25.411] [info] Frame 19 (t = 0.19):	 total squared error = 0.00162396, marker error: RMS = 0.00805969, max = 0.0186843 (R_Knee_Lateral)
[2026-08-11 00:39:25.445] [info] Frame 20 (t = 0.2):	 total squared error = 0.00167337, marker error: RMS = 0.00818137, max = 0.0194926 (R_Knee_Lateral)
[2026-08-11 00:39:25.472] [info] Frame 21 (t = 0.21):	 total squared error = 0.00176813, marker error: RMS = 0.00840983, max = 0.0197141 (R_Knee_Lateral)
[2026-08-11 00:39:25.510] [info] Frame 22 (t = 0.22):	 total squared error = 0.00191886, marker error: RMS = 0.00876097, max = 0.0204389 (R_Knee_Lateral)
[2026-08-11 00:39:25.545] [info] Frame 23 (t = 0.23):	 total squared error = 0.00208344, marker error: RMS = 0.00912894, max = 0.0207689 (R_Knee_Lateral)
[2026-08-11 00:39:25.574] [info] Frame 24 (t = 0.24):	 total squared error = 0.00224856, marker error: RMS = 0.00948380, max = 0.0208100 (R_Knee_Lateral)
[2026-08-11 00:39:25.617] [info] Frame 25 (t = 0.25):	 total squared error = 0.00241611, marker error: RMS = 0.00983078, max = 0.0219519 (L_Knee_Lateral)
[2026-08-11 00:39:25.651] [info] Frame 26 (t = 0.26):	 total squared error = 0.00257878, marker error: RMS = 0.0101563, max = 0.0240382 (L_Knee_Lateral)
[2026-08-11 00:39:25.693] [info] Frame 27 (t = 0.27):	 total squared error = 0.00273803, marker error: RMS = 0.0104652, max = 0.0260168 (L_Knee_Lateral)
[2026-08-11 00:39:25.731] [info] Frame 28 (t = 0.28):	 total squared error = 0.00288799, marker error: RMS = 0.0107480, max = 0.027613 (L_Knee_Lateral)
[2026-08-11 00:39:25.757] [info] Frame 29 (t = 0.29):	 total squared error = 0.00302641, marker error: RMS = 0.0110026, max = 0.0290671 (L_Knee_Lateral)
[2026-08-11 00:39:25.801] [info] Frame 30 (t = 0.3):	 total squared error = 0.00313279, marker error: RMS = 0.0111943, max = 0.0299384 (L_Knee_Lateral)
[2026-08-11 00:39:25.835] [info] Frame 31 (t = 0.31):	 total squared error = 0.00322887, marker error: RMS = 0.0113646, max = 0.0310627 (L_Knee_Lateral)
[2026-08-11 00:39:25.883] [info] Frame 32 (t = 0.32):	 total squared error = 0.00327625, marker error: RMS = 0.0114477, max = 0.0313251 (L_Knee_Lateral)
[2026-08-11 00:39:25.921] [info] Frame 33 (t = 0.33):	 total squared error = 0.00331318, marker error: RMS = 0.0115121, max = 0.0319225 (L_Knee_Lateral)
[2026-08-11 00:39:25.953] [info] Frame 34 (t = 0.34):	 total squared error = 0.00333256, marker error: RMS = 0.0115457, max = 0.0325142 (L_Knee_Lateral)
[2026-08-11 00:39:25.989] [info] Frame 35 (t = 0.35):	 total squared error = 0.00333349, marker error: RMS = 0.0115473, max = 0.0330105 (L_Knee_Lateral)
[2026-08-11 00:39:26.011] [info] Frame 36 (t = 0.36):	 total squared error = 0.00334178, marker error: RMS = 0.0115616, max = 0.0337213 (L_Knee_Lateral)
[2026-08-11 00:39:26.039] [info] Frame 37 (t = 0.37):	 total squared error = 0.00333692, marker error: RMS = 0.0115532, max = 0.0340638 (L_Knee_Lateral)
[2026-08-11 00:39:26.068] [info] Frame 38 (t = 0.38):	 total squared error = 0.00333790, marker error: RMS = 0.0115549, max = 0.0344991 (L_Knee_Lateral)
[2026-08-11 00:39:26.081] [info] Frame 39 (t = 0.39):	 total squared error = 0.00335508, marker error: RMS = 0.0115846, max = 0.0348049 (L_Knee_Lateral)
[2026-08-11 00:39:26.129] [info] Frame 40 (t = 0.4):	 total squared error = 0.00332779, marker error: RMS = 0.0115374, max = 0.0351404 (L_Knee_Lateral)
[2026-08-11 00:39:26.166] [info] Frame 41 (t = 0.41):	 total squared error = 0.00330812, marker error: RMS = 0.0115033, max = 0.0351979 (L_Knee_Lateral)
[2026-08-11 00:39:26.203] [info] Frame 42 (t = 0.42):	 total squared error = 0.00326981, marker error: RMS = 0.0114364, max = 0.0350476 (L_Knee_Lateral)
[2026-08-11 00:39:26.249] [info] Frame 43 (t = 0.43):	 total squared error = 0.00321021, marker error: RMS = 0.0113318, max = 0.0347651 (L_Knee_Lateral)
[2026-08-11 00:39:26.287] [info] Frame 44 (t = 0.44):	 total squared error = 0.00313812, marker error: RMS = 0.0112038, max = 0.0341111 (L_Knee_Lateral)
[2026-08-11 00:39:26.326] [info] Frame 45 (t = 0.45):	 total squared error = 0.00305126, marker error: RMS = 0.0110476, max = 0.0333819 (L_Knee_Lateral)
[2026-08-11 00:39:26.378] [info] Frame 46 (t = 0.46):	 total squared error = 0.00295614, marker error: RMS = 0.0108741, max = 0.0323635 (L_Knee_Lateral)
[2026-08-11 00:39:26.413] [info] Frame 47 (t = 0.47):	 total squared error = 0.00285785, marker error: RMS = 0.0106918, max = 0.0310884 (L_Knee_Lateral)
[2026-08-11 00:39:26.466] [info] Frame 48 (t = 0.48):	 total squared error = 0.00274876, marker error: RMS = 0.0104857, max = 0.0296735 (L_Knee_Lateral)
[2026-08-11 00:39:26.517] [info] Frame 49 (t = 0.49):	 total squared error = 0.00263536, marker error: RMS = 0.0102672, max = 0.0280600 (L_Knee_Lateral)
[2026-08-11 00:39:26.572] [info] Frame 50 (t = 0.5):	 total squared error = 0.00251955, marker error: RMS = 0.0100390, max = 0.0262967 (L_Knee_Lateral)
[2026-08-11 00:39:26.616] [info] Frame 51 (t = 0.51):	 total squared error = 0.00241300, marker error: RMS = 0.00982445, max = 0.0244939 (L_Knee_Lateral)
[2026-08-11 00:39:26.655] [info] Frame 52 (t = 0.52):	 total squared error = 0.00233114, marker error: RMS = 0.00965638, max = 0.0228422 (L_Knee_Lateral)
[2026-08-11 00:39:26.690] [info] Frame 53 (t = 0.53):	 total squared error = 0.00228904, marker error: RMS = 0.00956878, max = 0.0212082 (L_Knee_Lateral)
[2026-08-11 00:39:26.723] [info] Frame 54 (t = 0.54):	 total squared error = 0.00229396, marker error: RMS = 0.00957906, max = 0.0198476 (L_Knee_Lateral)
[2026-08-11 00:39:26.766] [info] Frame 55 (t = 0.55):	 total squared error = 0.00234363, marker error: RMS = 0.00968221, max = 0.0186213 (L_Knee_Lateral)
[2026-08-11 00:39:26.783] [info] Frame 56 (t = 0.56):	 total squared error = 0.00243488, marker error: RMS = 0.00986890, max = 0.0187687 (L_Thigh_Lateral)
[2026-08-11 00:39:26.824] [info] Frame 57 (t = 0.57):	 total squared error = 0.00248092, marker error: RMS = 0.00996178, max = 0.0191303 (L_Thigh_Lateral)
[2026-08-11 00:39:26.841] [info] Frame 58 (t = 0.58):	 total squared error = 0.00252812, marker error: RMS = 0.0100561, max = 0.0194675 (L_Thigh_Lateral)
[2026-08-11 00:39:26.865] [info] Frame 59 (t = 0.59):	 total squared error = 0.00253748, marker error: RMS = 0.0100747, max = 0.0187446 (L_Thigh_Lateral)
[2026-08-11 00:39:26.886] [info] Frame 60 (t = 0.6):	 total squared error = 0.00252819, marker error: RMS = 0.0100562, max = 0.0186458 (Sternum)
[2026-08-11 00:39:26.944] [info] Frame 61 (t = 0.61):	 total squared error = 0.00248828, marker error: RMS = 0.00997654, max = 0.0188501 (Sternum)
[2026-08-11 00:39:26.999] [info] Frame 62 (t = 0.62):	 total squared error = 0.00246527, marker error: RMS = 0.00993029, max = 0.0187059 (Sternum)
[2026-08-11 00:39:27.029] [info] Frame 63 (t = 0.63):	 total squared error = 0.00245213, marker error: RMS = 0.00990379, max = 0.018315 (Sternum)
[2026-08-11 00:39:27.082] [info] Frame 64 (t = 0.64):	 total squared error = 0.00244591, marker error: RMS = 0.00989122, max = 0.018957 (L_Knee_Lateral)
[2026-08-11 00:39:27.112] [info] Frame 65 (t = 0.65):	 total squared error = 0.00245515, marker error: RMS = 0.00990989, max = 0.0189176 (L_Knee_Lateral)
[2026-08-11 00:39:27.146] [info] Frame 66 (t = 0.66):	 total squared error = 0.00247317, marker error: RMS = 0.00994619, max = 0.0190361 (L_Knee_Lateral)
[2026-08-11 00:39:27.193] [info] Frame 67 (t = 0.67):	 total squared error = 0.00249612, marker error: RMS = 0.00999223, max = 0.0193609 (L_Knee_Lateral)
[2026-08-11 00:39:27.239] [info] Frame 68 (t = 0.68):	 total squared error = 0.00253962, marker error: RMS = 0.0100789, max = 0.0191219 (L_Knee_Lateral)
[2026-08-11 00:39:27.286] [info] Frame 69 (t = 0.69):	 total squared error = 0.00259733, marker error: RMS = 0.0101928, max = 0.0200215 (R_Knee_Lateral)
[2026-08-11 00:39:27.311] [info] Frame 70 (t = 0.7):	 total squared error = 0.00266587, marker error: RMS = 0.0103264, max = 0.0219029 (R_Knee_Lateral)
[2026-08-11 00:39:27.358] [info] Frame 71 (t = 0.71):	 total squared error = 0.00272830, marker error: RMS = 0.0104466, max = 0.023127 (R_Knee_Lateral)
[2026-08-11 00:39:27.397] [info] Frame 72 (t = 0.72):	 total squared error = 0.00278717, marker error: RMS = 0.0105587, max = 0.0242161 (R_Knee_Lateral)
[2026-08-11 00:39:27.436] [info] Frame 73 (t = 0.73):	 total squared error = 0.00283534, marker error: RMS = 0.0106496, max = 0.0250577 (R_Knee_Lateral)
[2026-08-11 00:39:27.478] [info] Frame 74 (t = 0.74):	 total squared error = 0.00287597, marker error: RMS = 0.0107256, max = 0.0256993 (R_Knee_Lateral)
[2026-08-11 00:39:27.520] [info] Frame 75 (t = 0.75):	 total squared error = 0.00291215, marker error: RMS = 0.0107929, max = 0.0261535 (R_Knee_Lateral)
[2026-08-11 00:39:27.576] [info] Frame 76 (t = 0.76):	 total squared error = 0.00295255, marker error: RMS = 0.0108675, max = 0.0266977 (R_Knee_Lateral)
[2026-08-11 00:39:27.601] [info] Frame 77 (t = 0.77):	 total squared error = 0.00300597, marker error: RMS = 0.0109653, max = 0.0276034 (R_Knee_Lateral)
[2026-08-11 00:39:27.632] [info] Frame 78 (t = 0.78):	 total squared error = 0.00305432, marker error: RMS = 0.0110532, max = 0.0277822 (R_Knee_Lateral)
[2026-08-11 00:39:27.671] [info] Frame 79 (t = 0.79):	 total squared error = 0.00311101, marker error: RMS = 0.0111553, max = 0.0285205 (R_Knee_Lateral)
[2026-08-11 00:39:27.698] [info] Frame 80 (t = 0.8):	 total squared error = 0.00317273, marker error: RMS = 0.0112654, max = 0.0290450 (R_Knee_Lateral)
[2026-08-11 00:39:27.720] [info] Frame 81 (t = 0.81):	 total squared error = 0.00323678, marker error: RMS = 0.0113785, max = 0.0294138 (R_Knee_Lateral)
[2026-08-11 00:39:27.769] [info] Frame 82 (t = 0.82):	 total squared error = 0.00323009, marker error: RMS = 0.0113668, max = 0.0303203 (R_Knee_Lateral)
[2026-08-11 00:39:27.801] [info] Frame 83 (t = 0.83):	 total squared error = 0.00322807, marker error: RMS = 0.0113632, max = 0.0305722 (R_Knee_Lateral)
[2026-08-11 00:39:27.851] [info] Frame 84 (t = 0.84):	 total squared error = 0.00319151, marker error: RMS = 0.0112987, max = 0.0309441 (R_Knee_Lateral)
[2026-08-11 00:39:27.893] [info] Frame 85 (t = 0.85):	 total squared error = 0.00312701, marker error: RMS = 0.0111839, max = 0.0309075 (R_Knee_Lateral)
[2026-08-11 00:39:27.922] [info] Frame 86 (t = 0.86):	 total squared error = 0.00304026, marker error: RMS = 0.0110277, max = 0.0304634 (R_Knee_Lateral)
[2026-08-11 00:39:27.964] [info] Frame 87 (t = 0.87):	 total squared error = 0.00292617, marker error: RMS = 0.0108188, max = 0.0300571 (R_Knee_Lateral)
[2026-08-11 00:39:28.000] [info] Frame 88 (t = 0.88):	 total squared error = 0.00280286, marker error: RMS = 0.0105884, max = 0.0291155 (R_Knee_Lateral)
[2026-08-11 00:39:28.029] [info] Frame 89 (t = 0.89):	 total squared error = 0.00266762, marker error: RMS = 0.0103298, max = 0.0280509 (R_Knee_Lateral)
[2026-08-11 00:39:28.077] [info] Frame 90 (t = 0.9):	 total squared error = 0.00250818, marker error: RMS = 0.0100163, max = 0.0268205 (R_Knee_Lateral)
[2026-08-11 00:39:28.126] [info] Frame 91 (t = 0.91):	 total squared error = 0.00233909, marker error: RMS = 0.00967284, max = 0.0253974 (R_Knee_Lateral)
[2026-08-11 00:39:28.171] [info] Frame 92 (t = 0.92):	 total squared error = 0.00215161, marker error: RMS = 0.00927708, max = 0.0238836 (R_Knee_Lateral)
[2026-08-11 00:39:28.209] [info] Frame 93 (t = 0.93):	 total squared error = 0.00195073, marker error: RMS = 0.00883341, max = 0.0224103 (R_Knee_Lateral)
[2026-08-11 00:39:28.253] [info] Frame 94 (t = 0.94):	 total squared error = 0.00174101, marker error: RMS = 0.00834509, max = 0.0208677 (R_Knee_Lateral)
[2026-08-11 00:39:28.299] [info] Frame 95 (t = 0.95):	 total squared error = 0.00155091, marker error: RMS = 0.00787632, max = 0.0195278 (R_Knee_Lateral)
[2026-08-11 00:39:28.335] [info] Frame 96 (t = 0.96):	 total squared error = 0.00140681, marker error: RMS = 0.00750150, max = 0.0186767 (R_Knee_Lateral)
[2026-08-11 00:39:28.357] [info] Frame 97 (t = 0.97):	 total squared error = 0.00134176, marker error: RMS = 0.00732602, max = 0.0180639 (R_Knee_Lateral)
[2026-08-11 00:39:28.392] [info] Frame 98 (t = 0.98):	 total squared error = 0.00129813, marker error: RMS = 0.00720592, max = 0.0176268 (R_Knee_Lateral)
[2026-08-11 00:39:28.417] [info] Frame 99 (t = 0.99):	 total squared error = 0.00130728, marker error: RMS = 0.00723127, max = 0.0173617 (R_Knee_Lateral)
[2026-08-11 00:39:28.445] [info] Frame 100 (t = 1.0):	 total squared error = 0.00132450, marker error: RMS = 0.00727873, max = 0.0175203 (R_Thigh_Lateral)
[2026-08-11 00:39:28.466] [info] Frame 101 (t = 1.01):	 total squared error = 0.00133332, marker error: RMS = 0.00730293, max = 0.0172733 (R_Thigh_Lateral)
[2026-08-11 00:39:28.489] [info] Frame 102 (t = 1.02):	 total squared error = 0.00134215, marker error: RMS = 0.00732708, max = 0.0170694 (R_Knee_Lateral)
[2026-08-11 00:39:28.511] [info] Frame 103 (t = 1.03):	 total squared error = 0.00137487, marker error: RMS = 0.00741584, max = 0.0173979 (R_Knee_Lateral)
[2026-08-11 00:39:28.530] [info] Frame 104 (t = 1.04):	 total squared error = 0.00145626, marker error: RMS = 0.00763219, max = 0.0179027 (R_Knee_Lateral)
[2026-08-11 00:39:28.552] [info] Frame 105 (t = 1.05):	 total squared error = 0.00159543, marker error: RMS = 0.00798857, max = 0.0186612 (R_Knee_Lateral)
[2026-08-11 00:39:28.578] [info] Frame 106 (t = 1.06):	 total squared error = 0.00177679, marker error: RMS = 0.00843040, max = 0.019672 (R_Knee_Lateral)
[2026-08-11 00:39:28.613] [info] Frame 107 (t = 1.07):	 total squared error = 0.00196987, marker error: RMS = 0.00887665, max = 0.0205166 (R_Knee_Lateral)
[2026-08-11 00:39:28.638] [info] Frame 108 (t = 1.08):	 total squared error = 0.00214420, marker error: RMS = 0.00926110, max = 0.0208938 (R_Knee_Lateral)
[2026-08-11 00:39:28.660] [info] Frame 109 (t = 1.09):	 total squared error = 0.00230092, marker error: RMS = 0.00959358, max = 0.0209853 (R_Knee_Lateral)
[2026-08-11 00:39:28.680] [info] Frame 110 (t = 1.1):	 total squared error = 0.00244078, marker error: RMS = 0.00988085, max = 0.0222959 (L_Knee_Lateral)
[2026-08-11 00:39:28.725] [info] Frame 111 (t = 1.11):	 total squared error = 0.00256281, marker error: RMS = 0.0101248, max = 0.0240972 (L_Knee_Lateral)
[2026-08-11 00:39:28.751] [info] Frame 112 (t = 1.12):	 total squared error = 0.00269342, marker error: RMS = 0.0103796, max = 0.0258777 (L_Knee_Lateral)
[2026-08-11 00:39:28.797] [info] Frame 113 (t = 1.13):	 total squared error = 0.00281471, marker error: RMS = 0.0106108, max = 0.02719 (L_Knee_Lateral)
[2026-08-11 00:39:28.834] [info] Frame 114 (t = 1.14):	 total squared error = 0.00293432, marker error: RMS = 0.0108339, max = 0.0283728 (L_Knee_Lateral)
[2026-08-11 00:39:28.878] [info] Frame 115 (t = 1.15):	 total squared error = 0.00304468, marker error: RMS = 0.0110357, max = 0.0293694 (L_Knee_Lateral)
[2026-08-11 00:39:28.918] [info] Frame 116 (t = 1.16):	 total squared error = 0.00314218, marker error: RMS = 0.011211, max = 0.0302243 (L_Knee_Lateral)
[2026-08-11 00:39:28.948] [info] Frame 117 (t = 1.17):	 total squared error = 0.00322500, marker error: RMS = 0.0113578, max = 0.0312622 (L_Knee_Lateral)
[2026-08-11 00:39:28.997] [info] Frame 118 (t = 1.18):	 total squared error = 0.00326458, marker error: RMS = 0.0114273, max = 0.0317851 (L_Knee_Lateral)
[2026-08-11 00:39:29.037] [info] Frame 119 (t = 1.19):	 total squared error = 0.00329272, marker error: RMS = 0.0114764, max = 0.0324949 (L_Knee_Lateral)
[2026-08-11 00:39:29.060] [info] Frame 120 (t = 1.2):	 total squared error = 0.00331128, marker error: RMS = 0.0115087, max = 0.0333628 (L_Knee_Lateral)
[2026-08-11 00:39:29.081] [info] Frame 121 (t = 1.21):	 total squared error = 0.00331403, marker error: RMS = 0.0115135, max = 0.0339065 (L_Knee_Lateral)
[2026-08-11 00:39:29.114] [info] Frame 122 (t = 1.22):	 total squared error = 0.00329774, marker error: RMS = 0.0114852, max = 0.0343784 (L_Knee_Lateral)
[2026-08-11 00:39:29.136] [info] Frame 123 (t = 1.23):	 total squared error = 0.00329732, marker error: RMS = 0.0114845, max = 0.0347204 (L_Knee_Lateral)
[2026-08-11 00:39:29.168] [info] Frame 124 (t = 1.24):	 total squared error = 0.00328715, marker error: RMS = 0.0114667, max = 0.0351222 (L_Knee_Lateral)
[2026-08-11 00:39:29.203] [info] Frame 125 (t = 1.25):	 total squared error = 0.00327186, marker error: RMS = 0.01144, max = 0.0353779 (L_Knee_Lateral)
[2026-08-11 00:39:29.234] [info] Frame 126 (t = 1.26):	 total squared error = 0.00325061, marker error: RMS = 0.0114028, max = 0.0353564 (L_Knee_Lateral)
[2026-08-11 00:39:29.271] [info] Frame 127 (t = 1.27):	 total squared error = 0.00321738, marker error: RMS = 0.0113444, max = 0.0351911 (L_Knee_Lateral)
[2026-08-11 00:39:29.305] [info] Frame 128 (t = 1.28):	 total squared error = 0.00317601, marker error: RMS = 0.0112712, max = 0.0348233 (L_Knee_Lateral)
[2026-08-11 00:39:29.339] [info] Frame 129 (t = 1.29):	 total squared error = 0.00312837, marker error: RMS = 0.0111864, max = 0.0342502 (L_Knee_Lateral)
[2026-08-11 00:39:29.389] [info] Frame 130 (t = 1.3):	 total squared error = 0.00307020, marker error: RMS = 0.0110819, max = 0.0335603 (L_Knee_Lateral)
[2026-08-11 00:39:29.412] [info] Frame 131 (t = 1.31):	 total squared error = 0.00301658, marker error: RMS = 0.0109847, max = 0.0325464 (L_Knee_Lateral)
[2026-08-11 00:39:29.458] [info] Frame 132 (t = 1.32):	 total squared error = 0.00292003, marker error: RMS = 0.0108075, max = 0.0313525 (L_Knee_Lateral)
[2026-08-11 00:39:29.496] [info] Frame 133 (t = 1.33):	 total squared error = 0.00281348, marker error: RMS = 0.0106085, max = 0.0299432 (L_Knee_Lateral)
[2026-08-11 00:39:29.550] [info] Frame 134 (t = 1.34):	 total squared error = 0.00268670, marker error: RMS = 0.0103667, max = 0.0283601 (L_Knee_Lateral)
[2026-08-11 00:39:29.594] [info] Frame 135 (t = 1.35):	 total squared error = 0.00255022, marker error: RMS = 0.0100999, max = 0.0266374 (L_Knee_Lateral)
[2026-08-11 00:39:29.632] [info] Frame 136 (t = 1.36):	 total squared error = 0.00242222, marker error: RMS = 0.00984321, max = 0.0248794 (L_Knee_Lateral)
[2026-08-11 00:39:29.662] [info] Frame 137 (t = 1.37):	 total squared error = 0.00232263, marker error: RMS = 0.00963874, max = 0.0232743 (L_Knee_Lateral)
[2026-08-11 00:39:29.705] [info] Frame 138 (t = 1.38):	 total squared error = 0.00226565, marker error: RMS = 0.00951977, max = 0.0214832 (L_Knee_Lateral)
[2026-08-11 00:39:29.726] [info] Frame 139 (t = 1.39):	 total squared error = 0.00227037, marker error: RMS = 0.00952968, max = 0.0206523 (L_Knee_Lateral)
[2026-08-11 00:39:29.779] [info] Frame 140 (t = 1.4):	 total squared error = 0.00226930, marker error: RMS = 0.00952744, max = 0.0190578 (L_Knee_Lateral)
[2026-08-11 00:39:29.795] [info] Frame 141 (t = 1.41):	 total squared error = 0.00230460, marker error: RMS = 0.00960126, max = 0.0195162 (L_Thigh_Lateral)
[2026-08-11 00:39:29.838] [info] Frame 142 (t = 1.42):	 total squared error = 0.00229497, marker error: RMS = 0.00958117, max = 0.0192789 (L_Thigh_Lateral)
[2026-08-11 00:39:29.849] [info] Frame 143 (t = 1.43):	 total squared error = 0.00228558, marker error: RMS = 0.00956154, max = 0.0182692 (L_Thigh_Lateral)
[2026-08-11 00:39:29.877] [info] Frame 144 (t = 1.44):	 total squared error = 0.00224540, marker error: RMS = 0.00947713, max = 0.0173979 (L_Knee_Lateral)
[2026-08-11 00:39:29.917] [info] Frame 145 (t = 1.45):	 total squared error = 0.00221070, marker error: RMS = 0.00940361, max = 0.0181159 (L_Knee_Lateral)
[2026-08-11 00:39:29.938] [info] Frame 146 (t = 1.46):	 total squared error = 0.00219835, marker error: RMS = 0.00937731, max = 0.0179858 (L_Knee_Lateral)
[2026-08-11 00:39:29.976] [info] Frame 147 (t = 1.47):	 total squared error = 0.00220569, marker error: RMS = 0.00939295, max = 0.0190224 (L_Knee_Lateral)
[2026-08-11 00:39:30.021] [info] Frame 148 (t = 1.48):	 total squared error = 0.00223306, marker error: RMS = 0.00945106, max = 0.0193931 (L_Knee_Lateral)
[2026-08-11 00:39:30.062] [info] Frame 149 (t = 1.49):	 total squared error = 0.00227326, marker error: RMS = 0.00953574, max = 0.0195548 (L_Knee_Lateral)
[2026-08-11 00:39:30.095] [info] Frame 150 (t = 1.5):	 total squared error = 0.00232096, marker error: RMS = 0.00963526, max = 0.019393 (L_Knee_Lateral)
[2026-08-11 00:39:30.121] [info] Frame 151 (t = 1.51):	 total squared error = 0.00238052, marker error: RMS = 0.00975812, max = 0.0192702 (L_Knee_Lateral)
[2026-08-11 00:39:30.149] [info] Frame 152 (t = 1.52):	 total squared error = 0.00245862, marker error: RMS = 0.00991689, max = 0.0190160 (L_Knee_Lateral)
[2026-08-11 00:39:30.171] [info] Frame 153 (t = 1.53):	 total squared error = 0.00256330, marker error: RMS = 0.0101258, max = 0.0212151 (R_Knee_Lateral)
[2026-08-11 00:39:30.208] [info] Frame 154 (t = 1.54):	 total squared error = 0.00267902, marker error: RMS = 0.0103519, max = 0.0225531 (R_Knee_Lateral)
[2026-08-11 00:39:30.254] [info] Frame 155 (t = 1.55):	 total squared error = 0.00280266, marker error: RMS = 0.0105880, max = 0.0239689 (R_Knee_Lateral)
[2026-08-11 00:39:30.276] [info] Frame 156 (t = 1.56):	 total squared error = 0.00292710, marker error: RMS = 0.0108205, max = 0.025543 (R_Knee_Lateral)
[2026-08-11 00:39:30.320] [info] Frame 157 (t = 1.57):	 total squared error = 0.00302287, marker error: RMS = 0.0109961, max = 0.0258907 (R_Knee_Lateral)
[2026-08-11 00:39:30.357] [info] Frame 158 (t = 1.58):	 total squared error = 0.00310840, marker error: RMS = 0.0111506, max = 0.0265482 (R_Knee_Lateral)
[2026-08-11 00:39:30.395] [info] Frame 159 (t = 1.59):	 total squared error = 0.00317865, marker error: RMS = 0.0112759, max = 0.0271168 (R_Knee_Lateral)
[2026-08-11 00:39:30.470] [info] Frame 160 (t = 1.6):	 total squared error = 0.00323843, marker error: RMS = 0.0113814, max = 0.0276919 (R_Knee_Lateral)
[2026-08-11 00:39:30.492] [info] Frame 161 (t = 1.61):	 total squared error = 0.00330558, marker error: RMS = 0.0114988, max = 0.0287007 (R_Knee_Lateral)
[2026-08-11 00:39:30.547] [info] Frame 162 (t = 1.62):	 total squared error = 0.00334467, marker error: RMS = 0.0115666, max = 0.0288655 (R_Knee_Lateral)
[2026-08-11 00:39:30.597] [info] Frame 163 (t = 1.63):	 total squared error = 0.00339864, marker error: RMS = 0.0116596, max = 0.0296199 (R_Knee_Lateral)
[2026-08-11 00:39:30.638] [info] Frame 164 (t = 1.64):	 total squared error = 0.00345023, marker error: RMS = 0.0117477, max = 0.0304149 (R_Knee_Lateral)
[2026-08-11 00:39:30.658] [info] Frame 165 (t = 1.65):	 total squared error = 0.00350371, marker error: RMS = 0.0118384, max = 0.0308780 (R_Knee_Lateral)
[2026-08-11 00:39:30.705] [info] Frame 166 (t = 1.66):	 total squared error = 0.00351852, marker error: RMS = 0.0118634, max = 0.031869 (R_Knee_Lateral)
[2026-08-11 00:39:30.724] [info] Frame 167 (t = 1.67):	 total squared error = 0.00352546, marker error: RMS = 0.0118751, max = 0.0320900 (R_Knee_Lateral)
[2026-08-11 00:39:30.768] [info] Frame 168 (t = 1.68):	 total squared error = 0.00346814, marker error: RMS = 0.0117782, max = 0.0327659 (R_Knee_Lateral)
[2026-08-11 00:39:30.786] [info] Frame 169 (t = 1.69):	 total squared error = 0.00340357, marker error: RMS = 0.011668, max = 0.0325983 (R_Knee_Lateral)
[2026-08-11 00:39:30.820] [info] Frame 170 (t = 1.7):	 total squared error = 0.00328129, marker error: RMS = 0.0114565, max = 0.0323934 (R_Knee_Lateral)
[2026-08-11 00:39:30.825] [info] InverseKinematicsTool completed 171 frames in 6 second(s).
[2026-08-11 00:39:30.893] [info] Loaded model SUBJ63-scaled from file C:\Users\migue\Downloads\TFG\2_JMP\SUBJ63\Walk_3\SUBJ63_scaled.osim
[2026-08-11 00:39:34.506] [warning] Coordinate.setValue:  coordinate pro_sup_r is locked. Unable to change its value.
[2026-08-11 00:39:34.544] [warning] Coordinate.setValue:  coordinate pro_sup_l is locked. Unable to change its value.
[2026-08-11 00:40:04.910] [info] Loaded model SUBJ63-scaled from file C:\Users\migue\Downloads\TFG\2_JMP\SUBJ63\Walk_3\SUBJ63_3_JMP_results\SUBJ63_3_NMSM_JMP_01_pelvis_thigh.osim
[2026-08-11 00:40:04.929] [cout] [info] 
               MODEL: SUBJ63-scaled
         coordinates: 41
              forces: 103
           actuators: 103
             muscles: 86
            analyses: 0
              probes: 0
              bodies: 24
              joints: 24
         constraints: 2
             markers: 25
         controllers: 0
  contact geometries: 0
misc modelcomponents: 0
[2026-08-11 00:40:04.929] [info] Running tool .
[2026-08-11 00:40:05.067] [info] Frame 0 (t = 0.0):	 total squared error = 0.000972960, marker error: RMS = 0.00623846, max = 0.0171586 (R_Shank_Lateral)
[2026-08-11 00:40:05.098] [info] Frame 1 (t = 0.01):	 total squared error = 0.000926582, marker error: RMS = 0.00608796, max = 0.0168447 (R_Shank_Lateral)
[2026-08-11 00:40:05.115] [info] Frame 2 (t = 0.02):	 total squared error = 0.000906930, marker error: RMS = 0.00602306, max = 0.0163904 (R_Shank_Lateral)
[2026-08-11 00:40:05.158] [info] Frame 3 (t = 0.03):	 total squared error = 0.000801487, marker error: RMS = 0.00566211, max = 0.0150833 (R_Shank_Lateral)
[2026-08-11 00:40:05.198] [info] Frame 4 (t = 0.04):	 total squared error = 0.000745070, marker error: RMS = 0.00545920, max = 0.0143485 (R_Shank_Lateral)
[2026-08-11 00:40:05.239] [info] Frame 5 (t = 0.05):	 total squared error = 0.000696102, marker error: RMS = 0.00527675, max = 0.0135118 (R_Shank_Lateral)
[2026-08-11 00:40:05.278] [info] Frame 6 (t = 0.06):	 total squared error = 0.000653259, marker error: RMS = 0.00511179, max = 0.012587 (R_Shank_Lateral)
[2026-08-11 00:40:05.308] [info] Frame 7 (t = 0.07):	 total squared error = 0.000613106, marker error: RMS = 0.00495219, max = 0.0115172 (R_Shank_Lateral)
[2026-08-11 00:40:05.360] [info] Frame 8 (t = 0.08):	 total squared error = 0.000575763, marker error: RMS = 0.00479901, max = 0.00970167 (R_Shank_Lateral)
[2026-08-11 00:40:05.403] [info] Frame 9 (t = 0.09):	 total squared error = 0.000540677, marker error: RMS = 0.00465049, max = 0.00772453 (R_Shank_Lateral)
[2026-08-11 00:40:05.453] [info] Frame 10 (t = 0.1):	 total squared error = 0.000523930, marker error: RMS = 0.00457790, max = 0.00719101 (L_Shoulder)
[2026-08-11 00:40:05.491] [info] Frame 11 (t = 0.11):	 total squared error = 0.000541393, marker error: RMS = 0.00465357, max = 0.00777432 (L_Elbow)
[2026-08-11 00:40:05.515] [info] Frame 12 (t = 0.12):	 total squared error = 0.000614089, marker error: RMS = 0.00495616, max = 0.00847296 (L_Elbow)
[2026-08-11 00:40:05.551] [info] Frame 13 (t = 0.13):	 total squared error = 0.000722552, marker error: RMS = 0.00537607, max = 0.00921448 (L_Elbow)
[2026-08-11 00:40:05.573] [info] Frame 14 (t = 0.14):	 total squared error = 0.000868979, marker error: RMS = 0.00589569, max = 0.0113829 (R_Thigh_Lateral)
[2026-08-11 00:40:05.597] [info] Frame 15 (t = 0.15):	 total squared error = 0.00100282, marker error: RMS = 0.00633347, max = 0.0130693 (R_Thigh_Lateral)
[2026-08-11 00:40:05.622] [info] Frame 16 (t = 0.16):	 total squared error = 0.00109537, marker error: RMS = 0.00661928, max = 0.0140177 (R_Thigh_Lateral)
[2026-08-11 00:40:05.637] [info] Frame 17 (t = 0.17):	 total squared error = 0.00112734, marker error: RMS = 0.00671516, max = 0.0134653 (R_Thigh_Lateral)
[2026-08-11 00:40:05.672] [info] Frame 18 (t = 0.18):	 total squared error = 0.00108745, marker error: RMS = 0.00659531, max = 0.0119027 (R_Thigh_Lateral)
[2026-08-11 00:40:05.697] [info] Frame 19 (t = 0.19):	 total squared error = 0.00101931, marker error: RMS = 0.00638534, max = 0.0118507 (Sternum)
[2026-08-11 00:40:05.718] [info] Frame 20 (t = 0.2):	 total squared error = 0.000950221, marker error: RMS = 0.00616513, max = 0.0118177 (Sternum)
[2026-08-11 00:40:05.741] [info] Frame 21 (t = 0.21):	 total squared error = 0.000896126, marker error: RMS = 0.00598707, max = 0.0115152 (Sternum)
[2026-08-11 00:40:05.780] [info] Frame 22 (t = 0.22):	 total squared error = 0.000851710, marker error: RMS = 0.00583681, max = 0.0108514 (Sternum)
[2026-08-11 00:40:05.803] [info] Frame 23 (t = 0.23):	 total squared error = 0.000807278, marker error: RMS = 0.00568253, max = 0.0100095 (Sternum)
[2026-08-11 00:40:05.844] [info] Frame 24 (t = 0.24):	 total squared error = 0.000754288, marker error: RMS = 0.00549286, max = 0.00951713 (L_Elbow)
[2026-08-11 00:40:05.867] [info] Frame 25 (t = 0.25):	 total squared error = 0.000717810, marker error: RMS = 0.00535839, max = 0.00966351 (L_Elbow)
[2026-08-11 00:40:05.892] [info] Frame 26 (t = 0.26):	 total squared error = 0.000702447, marker error: RMS = 0.00530074, max = 0.00970757 (L_Elbow)
[2026-08-11 00:40:05.923] [info] Frame 27 (t = 0.27):	 total squared error = 0.000698397, marker error: RMS = 0.00528544, max = 0.00965102 (L_Elbow)
[2026-08-11 00:40:05.946] [info] Frame 28 (t = 0.28):	 total squared error = 0.000696852, marker error: RMS = 0.00527959, max = 0.00956824 (L_Elbow)
[2026-08-11 00:40:05.971] [info] Frame 29 (t = 0.29):	 total squared error = 0.000690625, marker error: RMS = 0.00525595, max = 0.00934939 (L_Elbow)
[2026-08-11 00:40:06.007] [info] Frame 30 (t = 0.3):	 total squared error = 0.000672795, marker error: RMS = 0.00518766, max = 0.00905780 (Sacral)
[2026-08-11 00:40:06.040] [info] Frame 31 (t = 0.31):	 total squared error = 0.000657617, marker error: RMS = 0.00512881, max = 0.00862928 (L_Elbow)
[2026-08-11 00:40:06.079] [info] Frame 32 (t = 0.32):	 total squared error = 0.000633014, marker error: RMS = 0.00503195, max = 0.00826403 (L_Elbow)
[2026-08-11 00:40:06.117] [info] Frame 33 (t = 0.33):	 total squared error = 0.000611762, marker error: RMS = 0.00494676, max = 0.00783739 (L_Elbow)
[2026-08-11 00:40:06.145] [info] Frame 34 (t = 0.34):	 total squared error = 0.000600383, marker error: RMS = 0.00490054, max = 0.00770113 (L_Shoulder)
[2026-08-11 00:40:06.175] [info] Frame 35 (t = 0.35):	 total squared error = 0.000588129, marker error: RMS = 0.00485028, max = 0.00750867 (L_Shoulder)
[2026-08-11 00:40:06.200] [info] Frame 36 (t = 0.36):	 total squared error = 0.000588942, marker error: RMS = 0.00485362, max = 0.00833570 (L_Shank_Lateral)
[2026-08-11 00:40:06.227] [info] Frame 37 (t = 0.37):	 total squared error = 0.000598544, marker error: RMS = 0.00489303, max = 0.00946142 (L_Shank_Lateral)
[2026-08-11 00:40:06.262] [info] Frame 38 (t = 0.38):	 total squared error = 0.000619346, marker error: RMS = 0.00497733, max = 0.0108096 (L_Shank_Lateral)
[2026-08-11 00:40:06.298] [info] Frame 39 (t = 0.39):	 total squared error = 0.000647375, marker error: RMS = 0.00508871, max = 0.0122337 (L_Shank_Lateral)
[2026-08-11 00:40:06.338] [info] Frame 40 (t = 0.4):	 total squared error = 0.000676882, marker error: RMS = 0.00520339, max = 0.0135241 (L_Shank_Lateral)
[2026-08-11 00:40:06.363] [info] Frame 41 (t = 0.41):	 total squared error = 0.000705818, marker error: RMS = 0.00531345, max = 0.0147355 (L_Shank_Lateral)
[2026-08-11 00:40:06.386] [info] Frame 42 (t = 0.42):	 total squared error = 0.000721221, marker error: RMS = 0.00537111, max = 0.015386 (L_Shank_Lateral)
[2026-08-11 00:40:06.427] [info] Frame 43 (t = 0.43):	 total squared error = 0.000720574, marker error: RMS = 0.00536870, max = 0.0155553 (L_Shank_Lateral)
[2026-08-11 00:40:06.460] [info] Frame 44 (t = 0.44):	 total squared error = 0.000717392, marker error: RMS = 0.00535684, max = 0.0156498 (L_Shank_Lateral)
[2026-08-11 00:40:06.492] [info] Frame 45 (t = 0.45):	 total squared error = 0.000709084, marker error: RMS = 0.00532573, max = 0.0153854 (L_Shank_Lateral)
[2026-08-11 00:40:06.509] [info] Frame 46 (t = 0.46):	 total squared error = 0.000731997, marker error: RMS = 0.00541109, max = 0.0153351 (L_Shank_Lateral)
[2026-08-11 00:40:06.558] [info] Frame 47 (t = 0.47):	 total squared error = 0.000677684, marker error: RMS = 0.00520647, max = 0.0145125 (L_Shank_Lateral)
[2026-08-11 00:40:06.597] [info] Frame 48 (t = 0.48):	 total squared error = 0.000652006, marker error: RMS = 0.00510688, max = 0.0138243 (L_Shank_Lateral)
[2026-08-11 00:40:06.637] [info] Frame 49 (t = 0.49):	 total squared error = 0.000615991, marker error: RMS = 0.00496383, max = 0.0128278 (L_Shank_Lateral)
[2026-08-11 00:40:06.671] [info] Frame 50 (t = 0.5):	 total squared error = 0.000574856, marker error: RMS = 0.00479523, max = 0.0115041 (L_Shank_Lateral)
[2026-08-11 00:40:06.710] [info] Frame 51 (t = 0.51):	 total squared error = 0.000536160, marker error: RMS = 0.00463102, max = 0.00964900 (L_Shank_Lateral)
[2026-08-11 00:40:06.752] [info] Frame 52 (t = 0.52):	 total squared error = 0.000515841, marker error: RMS = 0.00454243, max = 0.00742834 (Sternum)
[2026-08-11 00:40:06.790] [info] Frame 53 (t = 0.53):	 total squared error = 0.000525227, marker error: RMS = 0.00458356, max = 0.00847937 (Sternum)
[2026-08-11 00:40:06.829] [info] Frame 54 (t = 0.54):	 total squared error = 0.000576401, marker error: RMS = 0.00480167, max = 0.00958050 (Sternum)
[2026-08-11 00:40:06.864] [info] Frame 55 (t = 0.55):	 total squared error = 0.000665461, marker error: RMS = 0.00515931, max = 0.0106710 (Sternum)
[2026-08-11 00:40:06.889] [info] Frame 56 (t = 0.56):	 total squared error = 0.000780173, marker error: RMS = 0.00558632, max = 0.0117888 (Sternum)
[2026-08-11 00:40:06.904] [info] Frame 57 (t = 0.57):	 total squared error = 0.000907954, marker error: RMS = 0.00602645, max = 0.0127778 (Sternum)
[2026-08-11 00:40:06.914] [info] Frame 58 (t = 0.58):	 total squared error = 0.00101685, marker error: RMS = 0.00637761, max = 0.013831 (Sternum)
[2026-08-11 00:40:06.960] [info] Frame 59 (t = 0.59):	 total squared error = 0.00101767, marker error: RMS = 0.00638019, max = 0.0141851 (Sternum)
[2026-08-11 00:40:06.997] [info] Frame 60 (t = 0.6):	 total squared error = 0.00103531, marker error: RMS = 0.00643524, max = 0.0146393 (Sternum)
[2026-08-11 00:40:07.027] [info] Frame 61 (t = 0.61):	 total squared error = 0.00102915, marker error: RMS = 0.00641608, max = 0.0148316 (Sternum)
[2026-08-11 00:40:07.053] [info] Frame 62 (t = 0.62):	 total squared error = 0.00100294, marker error: RMS = 0.00633385, max = 0.0147714 (Sternum)
[2026-08-11 00:40:07.078] [info] Frame 63 (t = 0.63):	 total squared error = 0.000962147, marker error: RMS = 0.00620370, max = 0.0144142 (Sternum)
[2026-08-11 00:40:07.117] [info] Frame 64 (t = 0.64):	 total squared error = 0.000888072, marker error: RMS = 0.00596011, max = 0.0137654 (Sternum)
[2026-08-11 00:40:07.142] [info] Frame 65 (t = 0.65):	 total squared error = 0.000825162, marker error: RMS = 0.00574513, max = 0.0128684 (Sternum)
[2026-08-11 00:40:07.172] [info] Frame 66 (t = 0.66):	 total squared error = 0.000758168, marker error: RMS = 0.00550697, max = 0.0117906 (Sternum)
[2026-08-11 00:40:07.196] [info] Frame 67 (t = 0.67):	 total squared error = 0.000698084, marker error: RMS = 0.00528425, max = 0.0107271 (Sternum)
[2026-08-11 00:40:07.214] [info] Frame 68 (t = 0.68):	 total squared error = 0.000657430, marker error: RMS = 0.00512808, max = 0.00963401 (R_Elbow)
[2026-08-11 00:40:07.253] [info] Frame 69 (t = 0.69):	 total squared error = 0.000599178, marker error: RMS = 0.00489562, max = 0.00903436 (R_Elbow)
[2026-08-11 00:40:07.282] [info] Frame 70 (t = 0.7):	 total squared error = 0.000577067, marker error: RMS = 0.00480444, max = 0.00902182 (R_Elbow)
[2026-08-11 00:40:07.310] [info] Frame 71 (t = 0.71):	 total squared error = 0.000562572, marker error: RMS = 0.00474372, max = 0.00888164 (R_Elbow)
[2026-08-11 00:40:07.339] [info] Frame 72 (t = 0.72):	 total squared error = 0.000551989, marker error: RMS = 0.00469889, max = 0.00870326 (R_Elbow)
[2026-08-11 00:40:07.367] [info] Frame 73 (t = 0.73):	 total squared error = 0.000543094, marker error: RMS = 0.00466087, max = 0.00846272 (R_Elbow)
[2026-08-11 00:40:07.410] [info] Frame 74 (t = 0.74):	 total squared error = 0.000535404, marker error: RMS = 0.00462776, max = 0.00822459 (R_Elbow)
[2026-08-11 00:40:07.441] [info] Frame 75 (t = 0.75):	 total squared error = 0.000540819, marker error: RMS = 0.00465110, max = 0.00839780 (R_Shank_Lateral)
[2026-08-11 00:40:07.490] [info] Frame 76 (t = 0.76):	 total squared error = 0.000548593, marker error: RMS = 0.00468441, max = 0.00893383 (R_Shank_Lateral)
[2026-08-11 00:40:07.512] [info] Frame 77 (t = 0.77):	 total squared error = 0.000569761, marker error: RMS = 0.00477394, max = 0.00958285 (R_Shank_Lateral)
[2026-08-11 00:40:07.543] [info] Frame 78 (t = 0.78):	 total squared error = 0.000598061, marker error: RMS = 0.00489106, max = 0.0104056 (R_Shank_Lateral)
[2026-08-11 00:40:07.559] [info] Frame 79 (t = 0.79):	 total squared error = 0.000653293, marker error: RMS = 0.00511192, max = 0.0115105 (R_Shank_Lateral)
[2026-08-11 00:40:07.607] [info] Frame 80 (t = 0.8):	 total squared error = 0.000666557, marker error: RMS = 0.00516355, max = 0.0122987 (R_Shank_Lateral)
[2026-08-11 00:40:07.650] [info] Frame 81 (t = 0.81):	 total squared error = 0.000705694, marker error: RMS = 0.00531298, max = 0.0134234 (R_Shank_Lateral)
[2026-08-11 00:40:07.668] [info] Frame 82 (t = 0.82):	 total squared error = 0.000755055, marker error: RMS = 0.00549565, max = 0.0150121 (R_Shank_Lateral)
[2026-08-11 00:40:07.712] [info] Frame 83 (t = 0.83):	 total squared error = 0.000769567, marker error: RMS = 0.00554821, max = 0.0152857 (R_Shank_Lateral)
[2026-08-11 00:40:07.751] [info] Frame 84 (t = 0.84):	 total squared error = 0.000787400, marker error: RMS = 0.00561213, max = 0.0159874 (R_Shank_Lateral)
[2026-08-11 00:40:07.783] [info] Frame 85 (t = 0.85):	 total squared error = 0.000793463, marker error: RMS = 0.00563370, max = 0.0162314 (R_Shank_Lateral)
[2026-08-11 00:40:07.811] [info] Frame 86 (t = 0.86):	 total squared error = 0.000790913, marker error: RMS = 0.00562463, max = 0.0163324 (R_Shank_Lateral)
[2026-08-11 00:40:07.841] [info] Frame 87 (t = 0.87):	 total squared error = 0.000779748, marker error: RMS = 0.00558479, max = 0.0160198 (R_Shank_Lateral)
[2026-08-11 00:40:07.865] [info] Frame 88 (t = 0.88):	 total squared error = 0.000773514, marker error: RMS = 0.00556243, max = 0.0157649 (R_Shank_Lateral)
[2026-08-11 00:40:07.892] [info] Frame 89 (t = 0.89):	 total squared error = 0.000746226, marker error: RMS = 0.00546343, max = 0.0151725 (R_Shank_Lateral)
[2026-08-11 00:40:07.922] [info] Frame 90 (t = 0.9):	 total squared error = 0.000721542, marker error: RMS = 0.00537231, max = 0.0144624 (R_Shank_Lateral)
[2026-08-11 00:40:07.958] [info] Frame 91 (t = 0.91):	 total squared error = 0.000683958, marker error: RMS = 0.00523052, max = 0.0135355 (R_Shank_Lateral)
[2026-08-11 00:40:07.993] [info] Frame 92 (t = 0.92):	 total squared error = 0.000636745, marker error: RMS = 0.00504676, max = 0.0124051 (R_Shank_Lateral)
[2026-08-11 00:40:08.032] [info] Frame 93 (t = 0.93):	 total squared error = 0.000579063, marker error: RMS = 0.00481275, max = 0.0108512 (R_Shank_Lateral)
[2026-08-11 00:40:08.053] [info] Frame 94 (t = 0.94):	 total squared error = 0.000547888, marker error: RMS = 0.00468140, max = 0.00958451 (R_Shank_Lateral)
[2026-08-11 00:40:08.089] [info] Frame 95 (t = 0.95):	 total squared error = 0.000476729, marker error: RMS = 0.00436683, max = 0.00689383 (C7)
[2026-08-11 00:40:08.128] [info] Frame 96 (t = 0.96):	 total squared error = 0.000463223, marker error: RMS = 0.00430452, max = 0.00687668 (C7)
[2026-08-11 00:40:08.166] [info] Frame 97 (t = 0.97):	 total squared error = 0.000493745, marker error: RMS = 0.00444408, max = 0.00693995 (R_Shoulder)
[2026-08-11 00:40:08.190] [info] Frame 98 (t = 0.98):	 total squared error = 0.000568320, marker error: RMS = 0.00476789, max = 0.00744763 (R_Shoulder)
[2026-08-11 00:40:08.220] [info] Frame 99 (t = 0.99):	 total squared error = 0.000650935, marker error: RMS = 0.00510269, max = 0.00824438 (R_Thigh_Lateral)
[2026-08-11 00:40:08.237] [info] Frame 100 (t = 1.0):	 total squared error = 0.000733118, marker error: RMS = 0.00541523, max = 0.00915929 (R_Thigh_Lateral)
[2026-08-11 00:40:08.259] [info] Frame 101 (t = 1.01):	 total squared error = 0.000775872, marker error: RMS = 0.00557090, max = 0.00958485 (Sternum)
[2026-08-11 00:40:08.288] [info] Frame 102 (t = 1.02):	 total squared error = 0.000787369, marker error: RMS = 0.00561202, max = 0.0100479 (Sternum)
[2026-08-11 00:40:08.311] [info] Frame 103 (t = 1.03):	 total squared error = 0.000777181, marker error: RMS = 0.00557559, max = 0.0103374 (Sternum)
[2026-08-11 00:40:08.337] [info] Frame 104 (t = 1.04):	 total squared error = 0.000761359, marker error: RMS = 0.00551855, max = 0.0103741 (Sternum)
[2026-08-11 00:40:08.364] [info] Frame 105 (t = 1.05):	 total squared error = 0.000750165, marker error: RMS = 0.00547783, max = 0.0101668 (Sternum)
[2026-08-11 00:40:08.389] [info] Frame 106 (t = 1.06):	 total squared error = 0.000740160, marker error: RMS = 0.00544118, max = 0.00968032 (Sternum)
[2026-08-11 00:40:08.409] [info] Frame 107 (t = 1.07):	 total squared error = 0.000722647, marker error: RMS = 0.00537642, max = 0.00899451 (Sternum)
[2026-08-11 00:40:08.447] [info] Frame 108 (t = 1.08):	 total squared error = 0.000690670, marker error: RMS = 0.00525612, max = 0.00850142 (L_Elbow)
[2026-08-11 00:40:08.471] [info] Frame 109 (t = 1.09):	 total squared error = 0.000659163, marker error: RMS = 0.00513483, max = 0.00849770 (L_Elbow)
[2026-08-11 00:40:08.495] [info] Frame 110 (t = 1.1):	 total squared error = 0.000641958, marker error: RMS = 0.00506738, max = 0.00844557 (L_Elbow)
[2026-08-11 00:40:08.520] [info] Frame 111 (t = 1.11):	 total squared error = 0.000643024, marker error: RMS = 0.00507158, max = 0.00833826 (L_Elbow)
[2026-08-11 00:40:08.550] [info] Frame 112 (t = 1.12):	 total squared error = 0.000651767, marker error: RMS = 0.00510595, max = 0.00822778 (L_Elbow)
[2026-08-11 00:40:08.575] [info] Frame 113 (t = 1.13):	 total squared error = 0.000662071, marker error: RMS = 0.00514615, max = 0.00806615 (L_Elbow)
[2026-08-11 00:40:08.599] [info] Frame 114 (t = 1.14):	 total squared error = 0.000668386, marker error: RMS = 0.00517063, max = 0.00793685 (Thoracic)
[2026-08-11 00:40:08.635] [info] Frame 115 (t = 1.15):	 total squared error = 0.000672339, marker error: RMS = 0.00518590, max = 0.00805939 (Thoracic)
[2026-08-11 00:40:08.664] [info] Frame 116 (t = 1.16):	 total squared error = 0.000682401, marker error: RMS = 0.00522456, max = 0.00812582 (Thoracic)
[2026-08-11 00:40:08.700] [info] Frame 117 (t = 1.17):	 total squared error = 0.000679016, marker error: RMS = 0.00521159, max = 0.00822629 (Thoracic)
[2026-08-11 00:40:08.723] [info] Frame 118 (t = 1.18):	 total squared error = 0.000692082, marker error: RMS = 0.00526149, max = 0.00830366 (Thoracic)
[2026-08-11 00:40:08.743] [info] Frame 119 (t = 1.19):	 total squared error = 0.000692076, marker error: RMS = 0.00526147, max = 0.00820665 (Thoracic)
[2026-08-11 00:40:08.764] [info] Frame 120 (t = 1.2):	 total squared error = 0.000688097, marker error: RMS = 0.00524632, max = 0.00848782 (L_Shank_Lateral)
[2026-08-11 00:40:08.780] [info] Frame 121 (t = 1.21):	 total squared error = 0.000695373, marker error: RMS = 0.00527398, max = 0.00951223 (L_Shank_Lateral)
[2026-08-11 00:40:08.798] [info] Frame 122 (t = 1.22):	 total squared error = 0.000705713, marker error: RMS = 0.00531305, max = 0.0108929 (L_Shank_Lateral)
[2026-08-11 00:40:08.816] [info] Frame 123 (t = 1.23):	 total squared error = 0.000726544, marker error: RMS = 0.00539090, max = 0.0124465 (L_Shank_Lateral)
[2026-08-11 00:40:08.839] [info] Frame 124 (t = 1.24):	 total squared error = 0.000745729, marker error: RMS = 0.00546161, max = 0.0138428 (L_Shank_Lateral)
[2026-08-11 00:40:08.869] [info] Frame 125 (t = 1.25):	 total squared error = 0.000760891, marker error: RMS = 0.00551685, max = 0.0147972 (L_Shank_Lateral)
[2026-08-11 00:40:08.929] [info] Frame 126 (t = 1.26):	 total squared error = 0.000771534, marker error: RMS = 0.00555530, max = 0.0155465 (L_Shank_Lateral)
[2026-08-11 00:40:08.962] [info] Frame 127 (t = 1.27):	 total squared error = 0.000774420, marker error: RMS = 0.00556568, max = 0.0160094 (L_Shank_Lateral)
[2026-08-11 00:40:09.004] [info] Frame 128 (t = 1.28):	 total squared error = 0.000769228, marker error: RMS = 0.00554699, max = 0.0160991 (L_Shank_Lateral)
[2026-08-11 00:40:09.021] [info] Frame 129 (t = 1.29):	 total squared error = 0.000789989, marker error: RMS = 0.00562135, max = 0.0162066 (L_Shank_Lateral)
[2026-08-11 00:40:09.060] [info] Frame 130 (t = 1.3):	 total squared error = 0.000747080, marker error: RMS = 0.00546655, max = 0.0157117 (L_Shank_Lateral)
[2026-08-11 00:40:09.079] [info] Frame 131 (t = 1.31):	 total squared error = 0.000746002, marker error: RMS = 0.00546261, max = 0.015482 (L_Shank_Lateral)
[2026-08-11 00:40:09.112] [info] Frame 132 (t = 1.32):	 total squared error = 0.000695940, marker error: RMS = 0.00527614, max = 0.0146878 (L_Shank_Lateral)
[2026-08-11 00:40:09.132] [info] Frame 133 (t = 1.33):	 total squared error = 0.000666558, marker error: RMS = 0.00516356, max = 0.0140141 (L_Shank_Lateral)
[2026-08-11 00:40:09.164] [info] Frame 134 (t = 1.34):	 total squared error = 0.000589040, marker error: RMS = 0.00485403, max = 0.0124868 (L_Shank_Lateral)
[2026-08-11 00:40:09.210] [info] Frame 135 (t = 1.35):	 total squared error = 0.000527154, marker error: RMS = 0.00459197, max = 0.0106403 (L_Shank_Lateral)
[2026-08-11 00:40:09.245] [info] Frame 136 (t = 1.36):	 total squared error = 0.000475629, marker error: RMS = 0.00436178, max = 0.00833002 (L_Shank_Lateral)
[2026-08-11 00:40:09.284] [info] Frame 137 (t = 1.37):	 total squared error = 0.000453745, marker error: RMS = 0.00426026, max = 0.00727293 (R_Elbow)
[2026-08-11 00:40:09.330] [info] Frame 138 (t = 1.38):	 total squared error = 0.000470706, marker error: RMS = 0.00433915, max = 0.00790630 (R_Elbow)
[2026-08-11 00:40:09.364] [info] Frame 139 (t = 1.39):	 total squared error = 0.000526147, marker error: RMS = 0.00458758, max = 0.00853628 (R_Elbow)
[2026-08-11 00:40:09.384] [info] Frame 140 (t = 1.4):	 total squared error = 0.000619568, marker error: RMS = 0.00497822, max = 0.00903893 (R_Elbow)
[2026-08-11 00:40:09.407] [info] Frame 141 (t = 1.41):	 total squared error = 0.000689305, marker error: RMS = 0.00525092, max = 0.00951054 (R_Elbow)
[2026-08-11 00:40:09.446] [info] Frame 142 (t = 1.42):	 total squared error = 0.000740220, marker error: RMS = 0.00544140, max = 0.00973399 (R_Elbow)
[2026-08-11 00:40:09.475] [info] Frame 143 (t = 1.43):	 total squared error = 0.000766145, marker error: RMS = 0.00553586, max = 0.0103173 (Sternum)
[2026-08-11 00:40:09.513] [info] Frame 144 (t = 1.44):	 total squared error = 0.000765786, marker error: RMS = 0.00553457, max = 0.0107434 (Sternum)
[2026-08-11 00:40:09.534] [info] Frame 145 (t = 1.45):	 total squared error = 0.000752845, marker error: RMS = 0.00548760, max = 0.0110115 (Sternum)
[2026-08-11 00:40:09.575] [info] Frame 146 (t = 1.46):	 total squared error = 0.000722279, marker error: RMS = 0.00537505, max = 0.0110162 (Sternum)
[2026-08-11 00:40:09.599] [info] Frame 147 (t = 1.47):	 total squared error = 0.000699051, marker error: RMS = 0.00528792, max = 0.0107289 (Sternum)
[2026-08-11 00:40:09.623] [info] Frame 148 (t = 1.48):	 total squared error = 0.000674655, marker error: RMS = 0.00519482, max = 0.0102539 (Sternum)
[2026-08-11 00:40:09.649] [info] Frame 149 (t = 1.49):	 total squared error = 0.000643015, marker error: RMS = 0.00507155, max = 0.00955032 (Sternum)
[2026-08-11 00:40:09.679] [info] Frame 150 (t = 1.5):	 total squared error = 0.000607009, marker error: RMS = 0.00492751, max = 0.00881261 (R_Elbow)
[2026-08-11 00:40:09.711] [info] Frame 151 (t = 1.51):	 total squared error = 0.000572118, marker error: RMS = 0.00478380, max = 0.00866023 (R_Elbow)
[2026-08-11 00:40:09.737] [info] Frame 152 (t = 1.52):	 total squared error = 0.000556187, marker error: RMS = 0.00471672, max = 0.00855300 (R_Elbow)
[2026-08-11 00:40:09.762] [info] Frame 153 (t = 1.53):	 total squared error = 0.000558484, marker error: RMS = 0.00472645, max = 0.00852744 (R_Elbow)
[2026-08-11 00:40:09.793] [info] Frame 154 (t = 1.54):	 total squared error = 0.000571062, marker error: RMS = 0.00477938, max = 0.00851634 (R_Elbow)
[2026-08-11 00:40:09.822] [info] Frame 155 (t = 1.55):	 total squared error = 0.000588003, marker error: RMS = 0.00484975, max = 0.00853148 (R_Elbow)
[2026-08-11 00:40:09.847] [info] Frame 156 (t = 1.56):	 total squared error = 0.000606762, marker error: RMS = 0.00492651, max = 0.00854748 (R_Elbow)
[2026-08-11 00:40:09.884] [info] Frame 157 (t = 1.57):	 total squared error = 0.000617734, marker error: RMS = 0.00497085, max = 0.00874940 (Sacral)
[2026-08-11 00:40:09.929] [info] Frame 158 (t = 1.58):	 total squared error = 0.000628311, marker error: RMS = 0.00501323, max = 0.00870404 (R_Shank_Lateral)
[2026-08-11 00:40:09.959] [info] Frame 159 (t = 1.59):	 total squared error = 0.000641364, marker error: RMS = 0.00506503, max = 0.00940977 (R_Shank_Lateral)
[2026-08-11 00:40:10.018] [info] Frame 160 (t = 1.6):	 total squared error = 0.000647008, marker error: RMS = 0.00508727, max = 0.0101362 (R_Shank_Lateral)
[2026-08-11 00:40:10.058] [info] Frame 161 (t = 1.61):	 total squared error = 0.000659770, marker error: RMS = 0.00513720, max = 0.0110161 (R_Shank_Lateral)
[2026-08-11 00:40:10.105] [info] Frame 162 (t = 1.62):	 total squared error = 0.000678168, marker error: RMS = 0.00520833, max = 0.0118736 (R_Shank_Lateral)
[2026-08-11 00:40:10.129] [info] Frame 163 (t = 1.63):	 total squared error = 0.000706732, marker error: RMS = 0.00531688, max = 0.0130399 (R_Shank_Lateral)
[2026-08-11 00:40:10.144] [info] Frame 164 (t = 1.64):	 total squared error = 0.000757009, marker error: RMS = 0.00550276, max = 0.014493 (R_Shank_Lateral)
[2026-08-11 00:40:10.184] [info] Frame 165 (t = 1.65):	 total squared error = 0.000772124, marker error: RMS = 0.00555742, max = 0.0150867 (R_Shank_Lateral)
[2026-08-11 00:40:10.225] [info] Frame 166 (t = 1.66):	 total squared error = 0.000802058, marker error: RMS = 0.00566412, max = 0.0161289 (R_Shank_Lateral)
[2026-08-11 00:40:10.272] [info] Frame 167 (t = 1.67):	 total squared error = 0.000820298, marker error: RMS = 0.00572817, max = 0.0167969 (R_Shank_Lateral)
[2026-08-11 00:40:10.320] [info] Frame 168 (t = 1.68):	 total squared error = 0.000822163, marker error: RMS = 0.00573468, max = 0.0170898 (R_Shank_Lateral)
[2026-08-11 00:40:10.357] [info] Frame 169 (t = 1.69):	 total squared error = 0.000808614, marker error: RMS = 0.00568723, max = 0.0171302 (R_Shank_Lateral)
[2026-08-11 00:40:10.387] [info] Frame 170 (t = 1.7):	 total squared error = 0.000787133, marker error: RMS = 0.00561118, max = 0.0170073 (R_Shank_Lateral)
[2026-08-11 00:40:10.391] [info] InverseKinematicsTool completed 171 frames in 5 second(s).
[2026-08-11 00:40:10.446] [info] Loaded model SUBJ63-scaled from file C:\Users\migue\Downloads\TFG\2_JMP\SUBJ63\Walk_3\SUBJ63_3_JMP_results\SUBJ63_3_NMSM_JMP_01_pelvis_thigh.osim
[2026-08-11 00:40:11.050] [warning] Coordinate.setValue:  coordinate pro_sup_r is locked. Unable to change its value.
[2026-08-11 00:40:11.092] [warning] Coordinate.setValue:  coordinate pro_sup_l is locked. Unable to change its value.
[2026-08-11 00:40:43.461] [info] Loaded model SUBJ63-scaled from file C:\Users\migue\Downloads\TFG\2_JMP\SUBJ63\Walk_3\SUBJ63_3_JMP_results\SUBJ63_3_NMSM_JMP_01_pelvis_thigh.osim
[2026-08-11 00:40:43.481] [cout] [info] 
               MODEL: SUBJ63-scaled
         coordinates: 41
              forces: 103
           actuators: 103
             muscles: 86
            analyses: 0
              probes: 0
              bodies: 24
              joints: 24
         constraints: 2
             markers: 25
         controllers: 0
  contact geometries: 0
misc modelcomponents: 0
[2026-08-11 00:40:43.481] [info] Running tool .
[2026-08-11 00:40:43.597] [info] Frame 0 (t = 0.0):	 total squared error = 0.000972960, marker error: RMS = 0.00623846, max = 0.0171586 (R_Shank_Lateral)
[2026-08-11 00:40:43.629] [info] Frame 1 (t = 0.01):	 total squared error = 0.000926582, marker error: RMS = 0.00608796, max = 0.0168447 (R_Shank_Lateral)
[2026-08-11 00:40:43.646] [info] Frame 2 (t = 0.02):	 total squared error = 0.000906930, marker error: RMS = 0.00602306, max = 0.0163904 (R_Shank_Lateral)
[2026-08-11 00:40:43.689] [info] Frame 3 (t = 0.03):	 total squared error = 0.000801487, marker error: RMS = 0.00566211, max = 0.0150833 (R_Shank_Lateral)
[2026-08-11 00:40:43.733] [info] Frame 4 (t = 0.04):	 total squared error = 0.000745070, marker error: RMS = 0.00545920, max = 0.0143485 (R_Shank_Lateral)
[2026-08-11 00:40:43.773] [info] Frame 5 (t = 0.05):	 total squared error = 0.000696102, marker error: RMS = 0.00527675, max = 0.0135118 (R_Shank_Lateral)
[2026-08-11 00:40:43.811] [info] Frame 6 (t = 0.06):	 total squared error = 0.000653259, marker error: RMS = 0.00511179, max = 0.012587 (R_Shank_Lateral)
[2026-08-11 00:40:43.842] [info] Frame 7 (t = 0.07):	 total squared error = 0.000613106, marker error: RMS = 0.00495219, max = 0.0115172 (R_Shank_Lateral)
[2026-08-11 00:40:43.902] [info] Frame 8 (t = 0.08):	 total squared error = 0.000575763, marker error: RMS = 0.00479901, max = 0.00970167 (R_Shank_Lateral)
[2026-08-11 00:40:43.943] [info] Frame 9 (t = 0.09):	 total squared error = 0.000540677, marker error: RMS = 0.00465049, max = 0.00772453 (R_Shank_Lateral)
[2026-08-11 00:40:43.995] [info] Frame 10 (t = 0.1):	 total squared error = 0.000523930, marker error: RMS = 0.00457790, max = 0.00719101 (L_Shoulder)
[2026-08-11 00:40:44.033] [info] Frame 11 (t = 0.11):	 total squared error = 0.000541393, marker error: RMS = 0.00465357, max = 0.00777432 (L_Elbow)
[2026-08-11 00:40:44.057] [info] Frame 12 (t = 0.12):	 total squared error = 0.000614089, marker error: RMS = 0.00495616, max = 0.00847296 (L_Elbow)
[2026-08-11 00:40:44.094] [info] Frame 13 (t = 0.13):	 total squared error = 0.000722552, marker error: RMS = 0.00537607, max = 0.00921448 (L_Elbow)
[2026-08-11 00:40:44.112] [info] Frame 14 (t = 0.14):	 total squared error = 0.000868979, marker error: RMS = 0.00589569, max = 0.0113829 (R_Thigh_Lateral)
[2026-08-11 00:40:44.137] [info] Frame 15 (t = 0.15):	 total squared error = 0.00100282, marker error: RMS = 0.00633347, max = 0.0130693 (R_Thigh_Lateral)
[2026-08-11 00:40:44.162] [info] Frame 16 (t = 0.16):	 total squared error = 0.00109537, marker error: RMS = 0.00661928, max = 0.0140177 (R_Thigh_Lateral)
[2026-08-11 00:40:44.177] [info] Frame 17 (t = 0.17):	 total squared error = 0.00112734, marker error: RMS = 0.00671516, max = 0.0134653 (R_Thigh_Lateral)
[2026-08-11 00:40:44.212] [info] Frame 18 (t = 0.18):	 total squared error = 0.00108745, marker error: RMS = 0.00659531, max = 0.0119027 (R_Thigh_Lateral)
[2026-08-11 00:40:44.239] [info] Frame 19 (t = 0.19):	 total squared error = 0.00101931, marker error: RMS = 0.00638534, max = 0.0118507 (Sternum)
[2026-08-11 00:40:44.260] [info] Frame 20 (t = 0.2):	 total squared error = 0.000950221, marker error: RMS = 0.00616513, max = 0.0118177 (Sternum)
[2026-08-11 00:40:44.285] [info] Frame 21 (t = 0.21):	 total squared error = 0.000896126, marker error: RMS = 0.00598707, max = 0.0115152 (Sternum)
[2026-08-11 00:40:44.324] [info] Frame 22 (t = 0.22):	 total squared error = 0.000851710, marker error: RMS = 0.00583681, max = 0.0108514 (Sternum)
[2026-08-11 00:40:44.347] [info] Frame 23 (t = 0.23):	 total squared error = 0.000807278, marker error: RMS = 0.00568253, max = 0.0100095 (Sternum)
[2026-08-11 00:40:44.387] [info] Frame 24 (t = 0.24):	 total squared error = 0.000754288, marker error: RMS = 0.00549286, max = 0.00951713 (L_Elbow)
[2026-08-11 00:40:44.415] [info] Frame 25 (t = 0.25):	 total squared error = 0.000717810, marker error: RMS = 0.00535839, max = 0.00966351 (L_Elbow)
[2026-08-11 00:40:44.439] [info] Frame 26 (t = 0.26):	 total squared error = 0.000702447, marker error: RMS = 0.00530074, max = 0.00970757 (L_Elbow)
[2026-08-11 00:40:44.470] [info] Frame 27 (t = 0.27):	 total squared error = 0.000698397, marker error: RMS = 0.00528544, max = 0.00965102 (L_Elbow)
[2026-08-11 00:40:44.494] [info] Frame 28 (t = 0.28):	 total squared error = 0.000696852, marker error: RMS = 0.00527959, max = 0.00956824 (L_Elbow)
[2026-08-11 00:40:44.520] [info] Frame 29 (t = 0.29):	 total squared error = 0.000690625, marker error: RMS = 0.00525595, max = 0.00934939 (L_Elbow)
[2026-08-11 00:40:44.556] [info] Frame 30 (t = 0.3):	 total squared error = 0.000672795, marker error: RMS = 0.00518766, max = 0.00905780 (Sacral)
[2026-08-11 00:40:44.588] [info] Frame 31 (t = 0.31):	 total squared error = 0.000657617, marker error: RMS = 0.00512881, max = 0.00862928 (L_Elbow)
[2026-08-11 00:40:44.628] [info] Frame 32 (t = 0.32):	 total squared error = 0.000633014, marker error: RMS = 0.00503195, max = 0.00826403 (L_Elbow)
[2026-08-11 00:40:44.666] [info] Frame 33 (t = 0.33):	 total squared error = 0.000611762, marker error: RMS = 0.00494676, max = 0.00783739 (L_Elbow)
[2026-08-11 00:40:44.694] [info] Frame 34 (t = 0.34):	 total squared error = 0.000600383, marker error: RMS = 0.00490054, max = 0.00770113 (L_Shoulder)
[2026-08-11 00:40:44.725] [info] Frame 35 (t = 0.35):	 total squared error = 0.000588129, marker error: RMS = 0.00485028, max = 0.00750867 (L_Shoulder)
[2026-08-11 00:40:44.749] [info] Frame 36 (t = 0.36):	 total squared error = 0.000588942, marker error: RMS = 0.00485362, max = 0.00833570 (L_Shank_Lateral)
[2026-08-11 00:40:44.775] [info] Frame 37 (t = 0.37):	 total squared error = 0.000598544, marker error: RMS = 0.00489303, max = 0.00946142 (L_Shank_Lateral)
[2026-08-11 00:40:44.805] [info] Frame 38 (t = 0.38):	 total squared error = 0.000619346, marker error: RMS = 0.00497733, max = 0.0108096 (L_Shank_Lateral)
[2026-08-11 00:40:44.841] [info] Frame 39 (t = 0.39):	 total squared error = 0.000647375, marker error: RMS = 0.00508871, max = 0.0122337 (L_Shank_Lateral)
[2026-08-11 00:40:44.881] [info] Frame 40 (t = 0.4):	 total squared error = 0.000676882, marker error: RMS = 0.00520339, max = 0.0135241 (L_Shank_Lateral)
[2026-08-11 00:40:44.906] [info] Frame 41 (t = 0.41):	 total squared error = 0.000705818, marker error: RMS = 0.00531345, max = 0.0147355 (L_Shank_Lateral)
[2026-08-11 00:40:44.929] [info] Frame 42 (t = 0.42):	 total squared error = 0.000721221, marker error: RMS = 0.00537111, max = 0.015386 (L_Shank_Lateral)
[2026-08-11 00:40:44.971] [info] Frame 43 (t = 0.43):	 total squared error = 0.000720574, marker error: RMS = 0.00536870, max = 0.0155553 (L_Shank_Lateral)
[2026-08-11 00:40:45.003] [info] Frame 44 (t = 0.44):	 total squared error = 0.000717392, marker error: RMS = 0.00535684, max = 0.0156498 (L_Shank_Lateral)
[2026-08-11 00:40:45.037] [info] Frame 45 (t = 0.45):	 total squared error = 0.000709084, marker error: RMS = 0.00532573, max = 0.0153854 (L_Shank_Lateral)
[2026-08-11 00:40:45.054] [info] Frame 46 (t = 0.46):	 total squared error = 0.000731997, marker error: RMS = 0.00541109, max = 0.0153351 (L_Shank_Lateral)
[2026-08-11 00:40:45.103] [info] Frame 47 (t = 0.47):	 total squared error = 0.000677684, marker error: RMS = 0.00520647, max = 0.0145125 (L_Shank_Lateral)
[2026-08-11 00:40:45.142] [info] Frame 48 (t = 0.48):	 total squared error = 0.000652006, marker error: RMS = 0.00510688, max = 0.0138243 (L_Shank_Lateral)
[2026-08-11 00:40:45.183] [info] Frame 49 (t = 0.49):	 total squared error = 0.000615991, marker error: RMS = 0.00496383, max = 0.0128278 (L_Shank_Lateral)
[2026-08-11 00:40:45.217] [info] Frame 50 (t = 0.5):	 total squared error = 0.000574856, marker error: RMS = 0.00479523, max = 0.0115041 (L_Shank_Lateral)
[2026-08-11 00:40:45.258] [info] Frame 51 (t = 0.51):	 total squared error = 0.000536160, marker error: RMS = 0.00463102, max = 0.00964900 (L_Shank_Lateral)
[2026-08-11 00:40:45.300] [info] Frame 52 (t = 0.52):	 total squared error = 0.000515841, marker error: RMS = 0.00454243, max = 0.00742834 (Sternum)
[2026-08-11 00:40:45.338] [info] Frame 53 (t = 0.53):	 total squared error = 0.000525227, marker error: RMS = 0.00458356, max = 0.00847937 (Sternum)
[2026-08-11 00:40:45.377] [info] Frame 54 (t = 0.54):	 total squared error = 0.000576401, marker error: RMS = 0.00480167, max = 0.00958050 (Sternum)
[2026-08-11 00:40:45.413] [info] Frame 55 (t = 0.55):	 total squared error = 0.000665461, marker error: RMS = 0.00515931, max = 0.0106710 (Sternum)
[2026-08-11 00:40:45.436] [info] Frame 56 (t = 0.56):	 total squared error = 0.000780173, marker error: RMS = 0.00558632, max = 0.0117888 (Sternum)
[2026-08-11 00:40:45.451] [info] Frame 57 (t = 0.57):	 total squared error = 0.000907954, marker error: RMS = 0.00602645, max = 0.0127778 (Sternum)
[2026-08-11 00:40:45.461] [info] Frame 58 (t = 0.58):	 total squared error = 0.00101685, marker error: RMS = 0.00637761, max = 0.013831 (Sternum)
[2026-08-11 00:40:45.508] [info] Frame 59 (t = 0.59):	 total squared error = 0.00101767, marker error: RMS = 0.00638019, max = 0.0141851 (Sternum)
[2026-08-11 00:40:45.546] [info] Frame 60 (t = 0.6):	 total squared error = 0.00103531, marker error: RMS = 0.00643524, max = 0.0146393 (Sternum)
[2026-08-11 00:40:45.574] [info] Frame 61 (t = 0.61):	 total squared error = 0.00102915, marker error: RMS = 0.00641608, max = 0.0148316 (Sternum)
[2026-08-11 00:40:45.600] [info] Frame 62 (t = 0.62):	 total squared error = 0.00100294, marker error: RMS = 0.00633385, max = 0.0147714 (Sternum)
[2026-08-11 00:40:45.625] [info] Frame 63 (t = 0.63):	 total squared error = 0.000962147, marker error: RMS = 0.00620370, max = 0.0144142 (Sternum)
[2026-08-11 00:40:45.665] [info] Frame 64 (t = 0.64):	 total squared error = 0.000888072, marker error: RMS = 0.00596011, max = 0.0137654 (Sternum)
[2026-08-11 00:40:45.689] [info] Frame 65 (t = 0.65):	 total squared error = 0.000825162, marker error: RMS = 0.00574513, max = 0.0128684 (Sternum)
[2026-08-11 00:40:45.718] [info] Frame 66 (t = 0.66):	 total squared error = 0.000758168, marker error: RMS = 0.00550697, max = 0.0117906 (Sternum)
[2026-08-11 00:40:45.743] [info] Frame 67 (t = 0.67):	 total squared error = 0.000698084, marker error: RMS = 0.00528425, max = 0.0107271 (Sternum)
[2026-08-11 00:40:45.761] [info] Frame 68 (t = 0.68):	 total squared error = 0.000657430, marker error: RMS = 0.00512808, max = 0.00963401 (R_Elbow)
[2026-08-11 00:40:45.801] [info] Frame 69 (t = 0.69):	 total squared error = 0.000599178, marker error: RMS = 0.00489562, max = 0.00903436 (R_Elbow)
[2026-08-11 00:40:45.829] [info] Frame 70 (t = 0.7):	 total squared error = 0.000577067, marker error: RMS = 0.00480444, max = 0.00902182 (R_Elbow)
[2026-08-11 00:40:45.858] [info] Frame 71 (t = 0.71):	 total squared error = 0.000562572, marker error: RMS = 0.00474372, max = 0.00888164 (R_Elbow)
[2026-08-11 00:40:45.887] [info] Frame 72 (t = 0.72):	 total squared error = 0.000551989, marker error: RMS = 0.00469889, max = 0.00870326 (R_Elbow)
[2026-08-11 00:40:45.915] [info] Frame 73 (t = 0.73):	 total squared error = 0.000543094, marker error: RMS = 0.00466087, max = 0.00846272 (R_Elbow)
[2026-08-11 00:40:45.959] [info] Frame 74 (t = 0.74):	 total squared error = 0.000535404, marker error: RMS = 0.00462776, max = 0.00822459 (R_Elbow)
[2026-08-11 00:40:45.988] [info] Frame 75 (t = 0.75):	 total squared error = 0.000540819, marker error: RMS = 0.00465110, max = 0.00839780 (R_Shank_Lateral)
[2026-08-11 00:40:46.038] [info] Frame 76 (t = 0.76):	 total squared error = 0.000548593, marker error: RMS = 0.00468441, max = 0.00893383 (R_Shank_Lateral)
[2026-08-11 00:40:46.059] [info] Frame 77 (t = 0.77):	 total squared error = 0.000569761, marker error: RMS = 0.00477394, max = 0.00958285 (R_Shank_Lateral)
[2026-08-11 00:40:46.090] [info] Frame 78 (t = 0.78):	 total squared error = 0.000598061, marker error: RMS = 0.00489106, max = 0.0104056 (R_Shank_Lateral)
[2026-08-11 00:40:46.106] [info] Frame 79 (t = 0.79):	 total squared error = 0.000653293, marker error: RMS = 0.00511192, max = 0.0115105 (R_Shank_Lateral)
[2026-08-11 00:40:46.155] [info] Frame 80 (t = 0.8):	 total squared error = 0.000666557, marker error: RMS = 0.00516355, max = 0.0122987 (R_Shank_Lateral)
[2026-08-11 00:40:46.199] [info] Frame 81 (t = 0.81):	 total squared error = 0.000705694, marker error: RMS = 0.00531298, max = 0.0134234 (R_Shank_Lateral)
[2026-08-11 00:40:46.217] [info] Frame 82 (t = 0.82):	 total squared error = 0.000755055, marker error: RMS = 0.00549565, max = 0.0150121 (R_Shank_Lateral)
[2026-08-11 00:40:46.261] [info] Frame 83 (t = 0.83):	 total squared error = 0.000769567, marker error: RMS = 0.00554821, max = 0.0152857 (R_Shank_Lateral)
[2026-08-11 00:40:46.302] [info] Frame 84 (t = 0.84):	 total squared error = 0.000787400, marker error: RMS = 0.00561213, max = 0.0159874 (R_Shank_Lateral)
[2026-08-11 00:40:46.334] [info] Frame 85 (t = 0.85):	 total squared error = 0.000793463, marker error: RMS = 0.00563370, max = 0.0162314 (R_Shank_Lateral)
[2026-08-11 00:40:46.361] [info] Frame 86 (t = 0.86):	 total squared error = 0.000790913, marker error: RMS = 0.00562463, max = 0.0163324 (R_Shank_Lateral)
[2026-08-11 00:40:46.391] [info] Frame 87 (t = 0.87):	 total squared error = 0.000779748, marker error: RMS = 0.00558479, max = 0.0160198 (R_Shank_Lateral)
[2026-08-11 00:40:46.416] [info] Frame 88 (t = 0.88):	 total squared error = 0.000773514, marker error: RMS = 0.00556243, max = 0.0157649 (R_Shank_Lateral)
[2026-08-11 00:40:46.441] [info] Frame 89 (t = 0.89):	 total squared error = 0.000746226, marker error: RMS = 0.00546343, max = 0.0151725 (R_Shank_Lateral)
[2026-08-11 00:40:46.470] [info] Frame 90 (t = 0.9):	 total squared error = 0.000721542, marker error: RMS = 0.00537231, max = 0.0144624 (R_Shank_Lateral)
[2026-08-11 00:40:46.504] [info] Frame 91 (t = 0.91):	 total squared error = 0.000683958, marker error: RMS = 0.00523052, max = 0.0135355 (R_Shank_Lateral)
[2026-08-11 00:40:46.538] [info] Frame 92 (t = 0.92):	 total squared error = 0.000636745, marker error: RMS = 0.00504676, max = 0.0124051 (R_Shank_Lateral)
[2026-08-11 00:40:46.577] [info] Frame 93 (t = 0.93):	 total squared error = 0.000579063, marker error: RMS = 0.00481275, max = 0.0108512 (R_Shank_Lateral)
[2026-08-11 00:40:46.597] [info] Frame 94 (t = 0.94):	 total squared error = 0.000547888, marker error: RMS = 0.00468140, max = 0.00958451 (R_Shank_Lateral)
[2026-08-11 00:40:46.634] [info] Frame 95 (t = 0.95):	 total squared error = 0.000476729, marker error: RMS = 0.00436683, max = 0.00689383 (C7)
[2026-08-11 00:40:46.672] [info] Frame 96 (t = 0.96):	 total squared error = 0.000463223, marker error: RMS = 0.00430452, max = 0.00687668 (C7)
[2026-08-11 00:40:46.709] [info] Frame 97 (t = 0.97):	 total squared error = 0.000493745, marker error: RMS = 0.00444408, max = 0.00693995 (R_Shoulder)
[2026-08-11 00:40:46.732] [info] Frame 98 (t = 0.98):	 total squared error = 0.000568320, marker error: RMS = 0.00476789, max = 0.00744763 (R_Shoulder)
[2026-08-11 00:40:46.763] [info] Frame 99 (t = 0.99):	 total squared error = 0.000650935, marker error: RMS = 0.00510269, max = 0.00824438 (R_Thigh_Lateral)
[2026-08-11 00:40:46.779] [info] Frame 100 (t = 1.0):	 total squared error = 0.000733118, marker error: RMS = 0.00541523, max = 0.00915929 (R_Thigh_Lateral)
[2026-08-11 00:40:46.801] [info] Frame 101 (t = 1.01):	 total squared error = 0.000775872, marker error: RMS = 0.00557090, max = 0.00958485 (Sternum)
[2026-08-11 00:40:46.830] [info] Frame 102 (t = 1.02):	 total squared error = 0.000787369, marker error: RMS = 0.00561202, max = 0.0100479 (Sternum)
[2026-08-11 00:40:46.852] [info] Frame 103 (t = 1.03):	 total squared error = 0.000777181, marker error: RMS = 0.00557559, max = 0.0103374 (Sternum)
[2026-08-11 00:40:46.878] [info] Frame 104 (t = 1.04):	 total squared error = 0.000761359, marker error: RMS = 0.00551855, max = 0.0103741 (Sternum)
[2026-08-11 00:40:46.904] [info] Frame 105 (t = 1.05):	 total squared error = 0.000750165, marker error: RMS = 0.00547783, max = 0.0101668 (Sternum)
[2026-08-11 00:40:46.928] [info] Frame 106 (t = 1.06):	 total squared error = 0.000740160, marker error: RMS = 0.00544118, max = 0.00968032 (Sternum)
[2026-08-11 00:40:46.948] [info] Frame 107 (t = 1.07):	 total squared error = 0.000722647, marker error: RMS = 0.00537642, max = 0.00899451 (Sternum)
[2026-08-11 00:40:46.986] [info] Frame 108 (t = 1.08):	 total squared error = 0.000690670, marker error: RMS = 0.00525612, max = 0.00850142 (L_Elbow)
[2026-08-11 00:40:47.008] [info] Frame 109 (t = 1.09):	 total squared error = 0.000659163, marker error: RMS = 0.00513483, max = 0.00849770 (L_Elbow)
[2026-08-11 00:40:47.031] [info] Frame 110 (t = 1.1):	 total squared error = 0.000641958, marker error: RMS = 0.00506738, max = 0.00844557 (L_Elbow)
[2026-08-11 00:40:47.057] [info] Frame 111 (t = 1.11):	 total squared error = 0.000643024, marker error: RMS = 0.00507158, max = 0.00833826 (L_Elbow)
[2026-08-11 00:40:47.085] [info] Frame 112 (t = 1.12):	 total squared error = 0.000651767, marker error: RMS = 0.00510595, max = 0.00822778 (L_Elbow)
[2026-08-11 00:40:47.111] [info] Frame 113 (t = 1.13):	 total squared error = 0.000662071, marker error: RMS = 0.00514615, max = 0.00806615 (L_Elbow)
[2026-08-11 00:40:47.135] [info] Frame 114 (t = 1.14):	 total squared error = 0.000668386, marker error: RMS = 0.00517063, max = 0.00793685 (Thoracic)
[2026-08-11 00:40:47.172] [info] Frame 115 (t = 1.15):	 total squared error = 0.000672339, marker error: RMS = 0.00518590, max = 0.00805939 (Thoracic)
[2026-08-11 00:40:47.199] [info] Frame 116 (t = 1.16):	 total squared error = 0.000682401, marker error: RMS = 0.00522456, max = 0.00812582 (Thoracic)
[2026-08-11 00:40:47.235] [info] Frame 117 (t = 1.17):	 total squared error = 0.000679016, marker error: RMS = 0.00521159, max = 0.00822629 (Thoracic)
[2026-08-11 00:40:47.258] [info] Frame 118 (t = 1.18):	 total squared error = 0.000692082, marker error: RMS = 0.00526149, max = 0.00830366 (Thoracic)
[2026-08-11 00:40:47.279] [info] Frame 119 (t = 1.19):	 total squared error = 0.000692076, marker error: RMS = 0.00526147, max = 0.00820665 (Thoracic)
[2026-08-11 00:40:47.300] [info] Frame 120 (t = 1.2):	 total squared error = 0.000688097, marker error: RMS = 0.00524632, max = 0.00848782 (L_Shank_Lateral)
[2026-08-11 00:40:47.316] [info] Frame 121 (t = 1.21):	 total squared error = 0.000695373, marker error: RMS = 0.00527398, max = 0.00951223 (L_Shank_Lateral)
[2026-08-11 00:40:47.332] [info] Frame 122 (t = 1.22):	 total squared error = 0.000705713, marker error: RMS = 0.00531305, max = 0.0108929 (L_Shank_Lateral)
[2026-08-11 00:40:47.350] [info] Frame 123 (t = 1.23):	 total squared error = 0.000726544, marker error: RMS = 0.00539090, max = 0.0124465 (L_Shank_Lateral)
[2026-08-11 00:40:47.373] [info] Frame 124 (t = 1.24):	 total squared error = 0.000745729, marker error: RMS = 0.00546161, max = 0.0138428 (L_Shank_Lateral)
[2026-08-11 00:40:47.404] [info] Frame 125 (t = 1.25):	 total squared error = 0.000760891, marker error: RMS = 0.00551685, max = 0.0147972 (L_Shank_Lateral)
[2026-08-11 00:40:47.462] [info] Frame 126 (t = 1.26):	 total squared error = 0.000771534, marker error: RMS = 0.00555530, max = 0.0155465 (L_Shank_Lateral)
[2026-08-11 00:40:47.495] [info] Frame 127 (t = 1.27):	 total squared error = 0.000774420, marker error: RMS = 0.00556568, max = 0.0160094 (L_Shank_Lateral)
[2026-08-11 00:40:47.537] [info] Frame 128 (t = 1.28):	 total squared error = 0.000769228, marker error: RMS = 0.00554699, max = 0.0160991 (L_Shank_Lateral)
[2026-08-11 00:40:47.555] [info] Frame 129 (t = 1.29):	 total squared error = 0.000789989, marker error: RMS = 0.00562135, max = 0.0162066 (L_Shank_Lateral)
[2026-08-11 00:40:47.592] [info] Frame 130 (t = 1.3):	 total squared error = 0.000747080, marker error: RMS = 0.00546655, max = 0.0157117 (L_Shank_Lateral)
[2026-08-11 00:40:47.610] [info] Frame 131 (t = 1.31):	 total squared error = 0.000746002, marker error: RMS = 0.00546261, max = 0.015482 (L_Shank_Lateral)
[2026-08-11 00:40:47.641] [info] Frame 132 (t = 1.32):	 total squared error = 0.000695940, marker error: RMS = 0.00527614, max = 0.0146878 (L_Shank_Lateral)
[2026-08-11 00:40:47.662] [info] Frame 133 (t = 1.33):	 total squared error = 0.000666558, marker error: RMS = 0.00516356, max = 0.0140141 (L_Shank_Lateral)
[2026-08-11 00:40:47.694] [info] Frame 134 (t = 1.34):	 total squared error = 0.000589040, marker error: RMS = 0.00485403, max = 0.0124868 (L_Shank_Lateral)
[2026-08-11 00:40:47.739] [info] Frame 135 (t = 1.35):	 total squared error = 0.000527154, marker error: RMS = 0.00459197, max = 0.0106403 (L_Shank_Lateral)
[2026-08-11 00:40:47.773] [info] Frame 136 (t = 1.36):	 total squared error = 0.000475629, marker error: RMS = 0.00436178, max = 0.00833002 (L_Shank_Lateral)
[2026-08-11 00:40:47.813] [info] Frame 137 (t = 1.37):	 total squared error = 0.000453745, marker error: RMS = 0.00426026, max = 0.00727293 (R_Elbow)
[2026-08-11 00:40:47.859] [info] Frame 138 (t = 1.38):	 total squared error = 0.000470706, marker error: RMS = 0.00433915, max = 0.00790630 (R_Elbow)
[2026-08-11 00:40:47.893] [info] Frame 139 (t = 1.39):	 total squared error = 0.000526147, marker error: RMS = 0.00458758, max = 0.00853628 (R_Elbow)
[2026-08-11 00:40:47.913] [info] Frame 140 (t = 1.4):	 total squared error = 0.000619568, marker error: RMS = 0.00497822, max = 0.00903893 (R_Elbow)
[2026-08-11 00:40:47.935] [info] Frame 141 (t = 1.41):	 total squared error = 0.000689305, marker error: RMS = 0.00525092, max = 0.00951054 (R_Elbow)
[2026-08-11 00:40:47.974] [info] Frame 142 (t = 1.42):	 total squared error = 0.000740220, marker error: RMS = 0.00544140, max = 0.00973399 (R_Elbow)
[2026-08-11 00:40:48.004] [info] Frame 143 (t = 1.43):	 total squared error = 0.000766145, marker error: RMS = 0.00553586, max = 0.0103173 (Sternum)
[2026-08-11 00:40:48.041] [info] Frame 144 (t = 1.44):	 total squared error = 0.000765786, marker error: RMS = 0.00553457, max = 0.0107434 (Sternum)
[2026-08-11 00:40:48.062] [info] Frame 145 (t = 1.45):	 total squared error = 0.000752845, marker error: RMS = 0.00548760, max = 0.0110115 (Sternum)
[2026-08-11 00:40:48.104] [info] Frame 146 (t = 1.46):	 total squared error = 0.000722279, marker error: RMS = 0.00537505, max = 0.0110162 (Sternum)
[2026-08-11 00:40:48.128] [info] Frame 147 (t = 1.47):	 total squared error = 0.000699051, marker error: RMS = 0.00528792, max = 0.0107289 (Sternum)
[2026-08-11 00:40:48.151] [info] Frame 148 (t = 1.48):	 total squared error = 0.000674655, marker error: RMS = 0.00519482, max = 0.0102539 (Sternum)
[2026-08-11 00:40:48.177] [info] Frame 149 (t = 1.49):	 total squared error = 0.000643015, marker error: RMS = 0.00507155, max = 0.00955032 (Sternum)
[2026-08-11 00:40:48.205] [info] Frame 150 (t = 1.5):	 total squared error = 0.000607009, marker error: RMS = 0.00492751, max = 0.00881261 (R_Elbow)
[2026-08-11 00:40:48.238] [info] Frame 151 (t = 1.51):	 total squared error = 0.000572118, marker error: RMS = 0.00478380, max = 0.00866023 (R_Elbow)
[2026-08-11 00:40:48.265] [info] Frame 152 (t = 1.52):	 total squared error = 0.000556187, marker error: RMS = 0.00471672, max = 0.00855300 (R_Elbow)
[2026-08-11 00:40:48.288] [info] Frame 153 (t = 1.53):	 total squared error = 0.000558484, marker error: RMS = 0.00472645, max = 0.00852744 (R_Elbow)
[2026-08-11 00:40:48.318] [info] Frame 154 (t = 1.54):	 total squared error = 0.000571062, marker error: RMS = 0.00477938, max = 0.00851634 (R_Elbow)
[2026-08-11 00:40:48.347] [info] Frame 155 (t = 1.55):	 total squared error = 0.000588003, marker error: RMS = 0.00484975, max = 0.00853148 (R_Elbow)
[2026-08-11 00:40:48.372] [info] Frame 156 (t = 1.56):	 total squared error = 0.000606762, marker error: RMS = 0.00492651, max = 0.00854748 (R_Elbow)
[2026-08-11 00:40:48.408] [info] Frame 157 (t = 1.57):	 total squared error = 0.000617734, marker error: RMS = 0.00497085, max = 0.00874940 (Sacral)
[2026-08-11 00:40:48.456] [info] Frame 158 (t = 1.58):	 total squared error = 0.000628311, marker error: RMS = 0.00501323, max = 0.00870404 (R_Shank_Lateral)
[2026-08-11 00:40:48.487] [info] Frame 159 (t = 1.59):	 total squared error = 0.000641364, marker error: RMS = 0.00506503, max = 0.00940977 (R_Shank_Lateral)
[2026-08-11 00:40:48.546] [info] Frame 160 (t = 1.6):	 total squared error = 0.000647008, marker error: RMS = 0.00508727, max = 0.0101362 (R_Shank_Lateral)
[2026-08-11 00:40:48.589] [info] Frame 161 (t = 1.61):	 total squared error = 0.000659770, marker error: RMS = 0.00513720, max = 0.0110161 (R_Shank_Lateral)
[2026-08-11 00:40:48.635] [info] Frame 162 (t = 1.62):	 total squared error = 0.000678168, marker error: RMS = 0.00520833, max = 0.0118736 (R_Shank_Lateral)
[2026-08-11 00:40:48.659] [info] Frame 163 (t = 1.63):	 total squared error = 0.000706732, marker error: RMS = 0.00531688, max = 0.0130399 (R_Shank_Lateral)
[2026-08-11 00:40:48.675] [info] Frame 164 (t = 1.64):	 total squared error = 0.000757009, marker error: RMS = 0.00550276, max = 0.014493 (R_Shank_Lateral)
[2026-08-11 00:40:48.714] [info] Frame 165 (t = 1.65):	 total squared error = 0.000772124, marker error: RMS = 0.00555742, max = 0.0150867 (R_Shank_Lateral)
[2026-08-11 00:40:48.753] [info] Frame 166 (t = 1.66):	 total squared error = 0.000802058, marker error: RMS = 0.00566412, max = 0.0161289 (R_Shank_Lateral)
[2026-08-11 00:40:48.797] [info] Frame 167 (t = 1.67):	 total squared error = 0.000820298, marker error: RMS = 0.00572817, max = 0.0167969 (R_Shank_Lateral)
[2026-08-11 00:40:48.845] [info] Frame 168 (t = 1.68):	 total squared error = 0.000822163, marker error: RMS = 0.00573468, max = 0.0170898 (R_Shank_Lateral)
[2026-08-11 00:40:48.880] [info] Frame 169 (t = 1.69):	 total squared error = 0.000808614, marker error: RMS = 0.00568723, max = 0.0171302 (R_Shank_Lateral)
[2026-08-11 00:40:48.910] [info] Frame 170 (t = 1.7):	 total squared error = 0.000787133, marker error: RMS = 0.00561118, max = 0.0170073 (R_Shank_Lateral)
[2026-08-11 00:40:48.914] [info] InverseKinematicsTool completed 171 frames in 5 second(s).
[2026-08-11 00:40:48.968] [info] Loaded model SUBJ63-scaled from file C:\Users\migue\Downloads\TFG\2_JMP\SUBJ63\Walk_3\SUBJ63_3_JMP_results\SUBJ63_3_NMSM_JMP_01_pelvis_thigh.osim
[2026-08-11 00:40:49.566] [warning] Coordinate.setValue:  coordinate pro_sup_r is locked. Unable to change its value.
[2026-08-11 00:40:49.606] [warning] Coordinate.setValue:  coordinate pro_sup_l is locked. Unable to change its value.
[2026-08-11 00:41:21.478] [info] Loaded model SUBJ63-scaled from file C:\Users\migue\Downloads\TFG\2_JMP\SUBJ63\Walk_3\SUBJ63_3_JMP_results\SUBJ63_3_NMSM_JMP_02_knee_ankle.osim
[2026-08-11 00:41:21.496] [cout] [info] 
               MODEL: SUBJ63-scaled
         coordinates: 41
              forces: 103
           actuators: 103
             muscles: 86
            analyses: 0
              probes: 0
              bodies: 24
              joints: 24
         constraints: 2
             markers: 25
         controllers: 0
  contact geometries: 0
misc modelcomponents: 0
[2026-08-11 00:41:21.496] [info] Running tool .
[2026-08-11 00:41:21.604] [info] Frame 0 (t = 0.0):	 total squared error = 0.000968652, marker error: RMS = 0.00622463, max = 0.0170392 (R_Shank_Lateral)
[2026-08-11 00:41:21.652] [info] Frame 1 (t = 0.01):	 total squared error = 0.000922170, marker error: RMS = 0.00607345, max = 0.0166426 (R_Shank_Lateral)
[2026-08-11 00:41:21.702] [info] Frame 2 (t = 0.02):	 total squared error = 0.000861064, marker error: RMS = 0.00586878, max = 0.0157809 (R_Shank_Lateral)
[2026-08-11 00:41:21.742] [info] Frame 3 (t = 0.03):	 total squared error = 0.000800472, marker error: RMS = 0.00565852, max = 0.0150374 (R_Shank_Lateral)
[2026-08-11 00:41:21.777] [info] Frame 4 (t = 0.04):	 total squared error = 0.000744640, marker error: RMS = 0.00545762, max = 0.0142817 (R_Shank_Lateral)
[2026-08-11 00:41:21.809] [info] Frame 5 (t = 0.05):	 total squared error = 0.000696664, marker error: RMS = 0.00527888, max = 0.0135094 (R_Shank_Lateral)
[2026-08-11 00:41:21.844] [info] Frame 6 (t = 0.06):	 total squared error = 0.000654008, marker error: RMS = 0.00511472, max = 0.0125817 (R_Shank_Lateral)
[2026-08-11 00:41:21.887] [info] Frame 7 (t = 0.07):	 total squared error = 0.000614470, marker error: RMS = 0.00495770, max = 0.0113736 (R_Shank_Lateral)
[2026-08-11 00:41:21.921] [info] Frame 8 (t = 0.08):	 total squared error = 0.000575537, marker error: RMS = 0.00479807, max = 0.00991046 (R_Shank_Lateral)
[2026-08-11 00:41:21.975] [info] Frame 9 (t = 0.09):	 total squared error = 0.000542214, marker error: RMS = 0.00465710, max = 0.00766950 (R_Shank_Lateral)
[2026-08-11 00:41:22.010] [info] Frame 10 (t = 0.1):	 total squared error = 0.000524243, marker error: RMS = 0.00457927, max = 0.00722514 (L_Shoulder)
[2026-08-11 00:41:22.040] [info] Frame 11 (t = 0.11):	 total squared error = 0.000545519, marker error: RMS = 0.00467127, max = 0.00772915 (L_Elbow)
[2026-08-11 00:41:22.094] [info] Frame 12 (t = 0.12):	 total squared error = 0.000607837, marker error: RMS = 0.00493087, max = 0.00857941 (L_Elbow)
[2026-08-11 00:41:22.116] [info] Frame 13 (t = 0.13):	 total squared error = 0.000723508, marker error: RMS = 0.00537962, max = 0.00928279 (L_Elbow)
[2026-08-11 00:41:22.143] [info] Frame 14 (t = 0.14):	 total squared error = 0.000859505, marker error: RMS = 0.00586346, max = 0.0111721 (R_Thigh_Lateral)
[2026-08-11 00:41:22.181] [info] Frame 15 (t = 0.15):	 total squared error = 0.000994133, marker error: RMS = 0.00630597, max = 0.0129858 (R_Thigh_Lateral)
[2026-08-11 00:41:22.204] [info] Frame 16 (t = 0.16):	 total squared error = 0.00108535, marker error: RMS = 0.00658894, max = 0.0138074 (R_Thigh_Lateral)
[2026-08-11 00:41:22.220] [info] Frame 17 (t = 0.17):	 total squared error = 0.00111620, marker error: RMS = 0.00668192, max = 0.0133041 (R_Thigh_Lateral)
[2026-08-11 00:41:22.238] [info] Frame 18 (t = 0.18):	 total squared error = 0.00108133, marker error: RMS = 0.00657672, max = 0.0118604 (R_Thigh_Lateral)
[2026-08-11 00:41:22.262] [info] Frame 19 (t = 0.19):	 total squared error = 0.00101542, marker error: RMS = 0.00637313, max = 0.0119695 (Sternum)
[2026-08-11 00:41:22.295] [info] Frame 20 (t = 0.2):	 total squared error = 0.000940197, marker error: RMS = 0.00613253, max = 0.0117451 (Sternum)
[2026-08-11 00:41:22.319] [info] Frame 21 (t = 0.21):	 total squared error = 0.000885962, marker error: RMS = 0.00595302, max = 0.0114525 (Sternum)
[2026-08-11 00:41:22.360] [info] Frame 22 (t = 0.22):	 total squared error = 0.000841591, marker error: RMS = 0.00580204, max = 0.0108629 (Sternum)
[2026-08-11 00:41:22.385] [info] Frame 23 (t = 0.23):	 total squared error = 0.000795323, marker error: RMS = 0.00564029, max = 0.0100146 (Sternum)
[2026-08-11 00:41:22.413] [info] Frame 24 (t = 0.24):	 total squared error = 0.000747840, marker error: RMS = 0.00546933, max = 0.00965608 (L_Elbow)
[2026-08-11 00:41:22.430] [info] Frame 25 (t = 0.25):	 total squared error = 0.000713477, marker error: RMS = 0.00534220, max = 0.0100115 (L_Elbow)
[2026-08-11 00:41:22.461] [info] Frame 26 (t = 0.26):	 total squared error = 0.000690340, marker error: RMS = 0.00525486, max = 0.00967632 (L_Elbow)
[2026-08-11 00:41:22.502] [info] Frame 27 (t = 0.27):	 total squared error = 0.000684962, marker error: RMS = 0.00523435, max = 0.00966329 (L_Elbow)
[2026-08-11 00:41:22.526] [info] Frame 28 (t = 0.28):	 total squared error = 0.000684734, marker error: RMS = 0.00523349, max = 0.00955133 (L_Elbow)
[2026-08-11 00:41:22.549] [info] Frame 29 (t = 0.29):	 total squared error = 0.000679936, marker error: RMS = 0.00521512, max = 0.00927041 (L_Elbow)
[2026-08-11 00:41:22.584] [info] Frame 30 (t = 0.3):	 total squared error = 0.000665934, marker error: RMS = 0.00516114, max = 0.00909566 (Sacral)
[2026-08-11 00:41:22.614] [info] Frame 31 (t = 0.31):	 total squared error = 0.000655258, marker error: RMS = 0.00511960, max = 0.00867816 (L_Elbow)
[2026-08-11 00:41:22.640] [info] Frame 32 (t = 0.32):	 total squared error = 0.000640883, marker error: RMS = 0.00506313, max = 0.00816626 (L_Elbow)
[2026-08-11 00:41:22.695] [info] Frame 33 (t = 0.33):	 total squared error = 0.000605572, marker error: RMS = 0.00492167, max = 0.00790973 (L_Elbow)
[2026-08-11 00:41:22.722] [info] Frame 34 (t = 0.34):	 total squared error = 0.000595771, marker error: RMS = 0.00488168, max = 0.00777168 (L_Shoulder)
[2026-08-11 00:41:22.750] [info] Frame 35 (t = 0.35):	 total squared error = 0.000584912, marker error: RMS = 0.00483699, max = 0.00752486 (L_Shoulder)
[2026-08-11 00:41:22.774] [info] Frame 36 (t = 0.36):	 total squared error = 0.000586052, marker error: RMS = 0.00484170, max = 0.00807889 (L_Shank_Lateral)
[2026-08-11 00:41:22.805] [info] Frame 37 (t = 0.37):	 total squared error = 0.000595354, marker error: RMS = 0.00487998, max = 0.00920089 (L_Shank_Lateral)
[2026-08-11 00:41:22.824] [info] Frame 38 (t = 0.38):	 total squared error = 0.000619107, marker error: RMS = 0.00497637, max = 0.0106921 (L_Shank_Lateral)
[2026-08-11 00:41:22.839] [info] Frame 39 (t = 0.39):	 total squared error = 0.000662704, marker error: RMS = 0.00514861, max = 0.0121844 (L_Shank_Lateral)
[2026-08-11 00:41:22.889] [info] Frame 40 (t = 0.4):	 total squared error = 0.000674466, marker error: RMS = 0.00519410, max = 0.0133345 (L_Shank_Lateral)
[2026-08-11 00:41:22.911] [info] Frame 41 (t = 0.41):	 total squared error = 0.000706638, marker error: RMS = 0.00531653, max = 0.0145277 (L_Shank_Lateral)
[2026-08-11 00:41:22.935] [info] Frame 42 (t = 0.42):	 total squared error = 0.000717799, marker error: RMS = 0.00535835, max = 0.0151919 (L_Shank_Lateral)
[2026-08-11 00:41:22.969] [info] Frame 43 (t = 0.43):	 total squared error = 0.000719928, marker error: RMS = 0.00536630, max = 0.0154173 (L_Shank_Lateral)
[2026-08-11 00:41:23.004] [info] Frame 44 (t = 0.44):	 total squared error = 0.000716475, marker error: RMS = 0.00535341, max = 0.0154328 (L_Shank_Lateral)
[2026-08-11 00:41:23.049] [info] Frame 45 (t = 0.45):	 total squared error = 0.000707214, marker error: RMS = 0.00531870, max = 0.0152365 (L_Shank_Lateral)
[2026-08-11 00:41:23.085] [info] Frame 46 (t = 0.46):	 total squared error = 0.000695728, marker error: RMS = 0.00527533, max = 0.0148932 (L_Shank_Lateral)
[2026-08-11 00:41:23.126] [info] Frame 47 (t = 0.47):	 total squared error = 0.000677826, marker error: RMS = 0.00520702, max = 0.0143477 (L_Shank_Lateral)
[2026-08-11 00:41:23.155] [info] Frame 48 (t = 0.48):	 total squared error = 0.000654201, marker error: RMS = 0.00511547, max = 0.0137769 (L_Shank_Lateral)
[2026-08-11 00:41:23.194] [info] Frame 49 (t = 0.49):	 total squared error = 0.000615957, marker error: RMS = 0.00496370, max = 0.0127094 (L_Shank_Lateral)
[2026-08-11 00:41:23.229] [info] Frame 50 (t = 0.5):	 total squared error = 0.000573683, marker error: RMS = 0.00479034, max = 0.0113804 (L_Shank_Lateral)
[2026-08-11 00:41:23.266] [info] Frame 51 (t = 0.51):	 total squared error = 0.000534638, marker error: RMS = 0.00462445, max = 0.00956454 (L_Shank_Lateral)
[2026-08-11 00:41:23.302] [info] Frame 52 (t = 0.52):	 total squared error = 0.000512342, marker error: RMS = 0.00452700, max = 0.00744921 (Sternum)
[2026-08-11 00:41:23.350] [info] Frame 53 (t = 0.53):	 total squared error = 0.000522845, marker error: RMS = 0.00457316, max = 0.00852916 (Sternum)
[2026-08-11 00:41:23.395] [info] Frame 54 (t = 0.54):	 total squared error = 0.000572805, marker error: RMS = 0.00478667, max = 0.00961968 (Sternum)
[2026-08-11 00:41:23.432] [info] Frame 55 (t = 0.55):	 total squared error = 0.000660531, marker error: RMS = 0.00514016, max = 0.0107119 (Sternum)
[2026-08-11 00:41:23.459] [info] Frame 56 (t = 0.56):	 total squared error = 0.000773088, marker error: RMS = 0.00556089, max = 0.0117944 (Sternum)
[2026-08-11 00:41:23.475] [info] Frame 57 (t = 0.57):	 total squared error = 0.000897342, marker error: RMS = 0.00599113, max = 0.0127355 (Sternum)
[2026-08-11 00:41:23.485] [info] Frame 58 (t = 0.58):	 total squared error = 0.00100475, marker error: RMS = 0.00633955, max = 0.0138174 (Sternum)
[2026-08-11 00:41:23.524] [info] Frame 59 (t = 0.59):	 total squared error = 0.00100653, marker error: RMS = 0.00634516, max = 0.0141479 (Sternum)
[2026-08-11 00:41:23.544] [info] Frame 60 (t = 0.6):	 total squared error = 0.00102765, marker error: RMS = 0.00641138, max = 0.0145801 (Sternum)
[2026-08-11 00:41:23.583] [info] Frame 61 (t = 0.61):	 total squared error = 0.00101391, marker error: RMS = 0.00636839, max = 0.0148399 (Sternum)
[2026-08-11 00:41:23.607] [info] Frame 62 (t = 0.62):	 total squared error = 0.000987182, marker error: RMS = 0.00628389, max = 0.0147622 (Sternum)
[2026-08-11 00:41:23.633] [info] Frame 63 (t = 0.63):	 total squared error = 0.000945498, marker error: RMS = 0.00614979, max = 0.0144047 (Sternum)
[2026-08-11 00:41:23.654] [info] Frame 64 (t = 0.64):	 total squared error = 0.000892218, marker error: RMS = 0.00597400, max = 0.0137378 (Sternum)
[2026-08-11 00:41:23.680] [info] Frame 65 (t = 0.65):	 total squared error = 0.000829698, marker error: RMS = 0.00576090, max = 0.0128602 (Sternum)
[2026-08-11 00:41:23.705] [info] Frame 66 (t = 0.66):	 total squared error = 0.000761934, marker error: RMS = 0.00552063, max = 0.011829 (Sternum)
[2026-08-11 00:41:23.723] [info] Frame 67 (t = 0.67):	 total squared error = 0.000705664, marker error: RMS = 0.00531287, max = 0.0103527 (Sternum)
[2026-08-11 00:41:23.771] [info] Frame 68 (t = 0.68):	 total squared error = 0.000618914, marker error: RMS = 0.00497559, max = 0.00966495 (Sternum)
[2026-08-11 00:41:23.797] [info] Frame 69 (t = 0.69):	 total squared error = 0.000588243, marker error: RMS = 0.00485074, max = 0.00908856 (R_Elbow)
[2026-08-11 00:41:23.829] [info] Frame 70 (t = 0.7):	 total squared error = 0.000567369, marker error: RMS = 0.00476390, max = 0.00903824 (R_Elbow)
[2026-08-11 00:41:23.855] [info] Frame 71 (t = 0.71):	 total squared error = 0.000552878, marker error: RMS = 0.00470267, max = 0.00888681 (R_Elbow)
[2026-08-11 00:41:23.902] [info] Frame 72 (t = 0.72):	 total squared error = 0.000536767, marker error: RMS = 0.00463365, max = 0.00871373 (R_Elbow)
[2026-08-11 00:41:23.927] [info] Frame 73 (t = 0.73):	 total squared error = 0.000530607, marker error: RMS = 0.00460698, max = 0.00850503 (R_Elbow)
[2026-08-11 00:41:23.956] [info] Frame 74 (t = 0.74):	 total squared error = 0.000527619, marker error: RMS = 0.00459399, max = 0.00820948 (R_Elbow)
[2026-08-11 00:41:24.011] [info] Frame 75 (t = 0.75):	 total squared error = 0.000529231, marker error: RMS = 0.00460100, max = 0.00801429 (R_Elbow)
[2026-08-11 00:41:24.035] [info] Frame 76 (t = 0.76):	 total squared error = 0.000542702, marker error: RMS = 0.00465919, max = 0.00839936 (R_Shank_Lateral)
[2026-08-11 00:41:24.084] [info] Frame 77 (t = 0.77):	 total squared error = 0.000557834, marker error: RMS = 0.00472370, max = 0.00908705 (R_Shank_Lateral)
[2026-08-11 00:41:24.113] [info] Frame 78 (t = 0.78):	 total squared error = 0.000586434, marker error: RMS = 0.00484328, max = 0.00987832 (R_Shank_Lateral)
[2026-08-11 00:41:24.127] [info] Frame 79 (t = 0.79):	 total squared error = 0.000640983, marker error: RMS = 0.00506353, max = 0.0110659 (R_Shank_Lateral)
[2026-08-11 00:41:24.177] [info] Frame 80 (t = 0.8):	 total squared error = 0.000657596, marker error: RMS = 0.00512873, max = 0.0118117 (R_Shank_Lateral)
[2026-08-11 00:41:24.201] [info] Frame 81 (t = 0.81):	 total squared error = 0.000699732, marker error: RMS = 0.00529049, max = 0.0132893 (R_Shank_Lateral)
[2026-08-11 00:41:24.238] [info] Frame 82 (t = 0.82):	 total squared error = 0.000733439, marker error: RMS = 0.00541641, max = 0.0140838 (R_Shank_Lateral)
[2026-08-11 00:41:24.276] [info] Frame 83 (t = 0.83):	 total squared error = 0.000762316, marker error: RMS = 0.00552202, max = 0.014989 (R_Shank_Lateral)
[2026-08-11 00:41:24.311] [info] Frame 84 (t = 0.84):	 total squared error = 0.000781373, marker error: RMS = 0.00559061, max = 0.0157539 (R_Shank_Lateral)
[2026-08-11 00:41:24.337] [info] Frame 85 (t = 0.85):	 total squared error = 0.000790483, marker error: RMS = 0.00562311, max = 0.0162121 (R_Shank_Lateral)
[2026-08-11 00:41:24.369] [info] Frame 86 (t = 0.86):	 total squared error = 0.000786785, marker error: RMS = 0.00560994, max = 0.0161636 (R_Shank_Lateral)
[2026-08-11 00:41:24.385] [info] Frame 87 (t = 0.87):	 total squared error = 0.000804511, marker error: RMS = 0.00567278, max = 0.0162802 (R_Shank_Lateral)
[2026-08-11 00:41:24.415] [info] Frame 88 (t = 0.88):	 total squared error = 0.000767288, marker error: RMS = 0.00553999, max = 0.0157755 (R_Shank_Lateral)
[2026-08-11 00:41:24.446] [info] Frame 89 (t = 0.89):	 total squared error = 0.000745365, marker error: RMS = 0.00546028, max = 0.0149358 (R_Shank_Lateral)
[2026-08-11 00:41:24.461] [info] Frame 90 (t = 0.9):	 total squared error = 0.000748902, marker error: RMS = 0.00547322, max = 0.0147444 (R_Shank_Lateral)
[2026-08-11 00:41:24.489] [info] Frame 91 (t = 0.91):	 total squared error = 0.000690992, marker error: RMS = 0.00525734, max = 0.0137555 (R_Shank_Lateral)
[2026-08-11 00:41:24.528] [info] Frame 92 (t = 0.92):	 total squared error = 0.000638413, marker error: RMS = 0.00505337, max = 0.0123694 (R_Shank_Lateral)
[2026-08-11 00:41:24.577] [info] Frame 93 (t = 0.93):	 total squared error = 0.000581019, marker error: RMS = 0.00482087, max = 0.0107774 (R_Shank_Lateral)
[2026-08-11 00:41:24.615] [info] Frame 94 (t = 0.94):	 total squared error = 0.000522086, marker error: RMS = 0.00456984, max = 0.00890121 (R_Shank_Lateral)
[2026-08-11 00:41:24.645] [info] Frame 95 (t = 0.95):	 total squared error = 0.000482858, marker error: RMS = 0.00439480, max = 0.00694143 (C7)
[2026-08-11 00:41:24.682] [info] Frame 96 (t = 0.96):	 total squared error = 0.000462961, marker error: RMS = 0.00430330, max = 0.00686681 (C7)
[2026-08-11 00:41:24.717] [info] Frame 97 (t = 0.97):	 total squared error = 0.000491828, marker error: RMS = 0.00443544, max = 0.00693341 (R_Shoulder)
[2026-08-11 00:41:24.747] [info] Frame 98 (t = 0.98):	 total squared error = 0.000560072, marker error: RMS = 0.00473317, max = 0.00746823 (R_Shoulder)
[2026-08-11 00:41:24.769] [info] Frame 99 (t = 0.99):	 total squared error = 0.000649669, marker error: RMS = 0.00509772, max = 0.00816895 (R_Thigh_Lateral)
[2026-08-11 00:41:24.790] [info] Frame 100 (t = 1.0):	 total squared error = 0.000722223, marker error: RMS = 0.00537484, max = 0.00908293 (R_Thigh_Lateral)
[2026-08-11 00:41:24.823] [info] Frame 101 (t = 1.01):	 total squared error = 0.000765920, marker error: RMS = 0.00553505, max = 0.00954129 (Sternum)
[2026-08-11 00:41:24.850] [info] Frame 102 (t = 1.02):	 total squared error = 0.000778596, marker error: RMS = 0.00558067, max = 0.0100483 (Sternum)
[2026-08-11 00:41:24.869] [info] Frame 103 (t = 1.03):	 total squared error = 0.000767781, marker error: RMS = 0.00554177, max = 0.0103599 (Sternum)
[2026-08-11 00:41:24.887] [info] Frame 104 (t = 1.04):	 total squared error = 0.000752126, marker error: RMS = 0.00548498, max = 0.0103744 (Sternum)
[2026-08-11 00:41:24.910] [info] Frame 105 (t = 1.05):	 total squared error = 0.000742871, marker error: RMS = 0.00545113, max = 0.0102083 (Sternum)
[2026-08-11 00:41:24.931] [info] Frame 106 (t = 1.06):	 total squared error = 0.000731245, marker error: RMS = 0.00540831, max = 0.00971979 (Sternum)
[2026-08-11 00:41:24.966] [info] Frame 107 (t = 1.07):	 total squared error = 0.000709037, marker error: RMS = 0.00532555, max = 0.00901477 (Sternum)
[2026-08-11 00:41:24.989] [info] Frame 108 (t = 1.08):	 total squared error = 0.000678185, marker error: RMS = 0.00520840, max = 0.00860385 (L_Elbow)
[2026-08-11 00:41:25.014] [info] Frame 109 (t = 1.09):	 total squared error = 0.000647555, marker error: RMS = 0.00508942, max = 0.00853850 (L_Elbow)
[2026-08-11 00:41:25.036] [info] Frame 110 (t = 1.1):	 total squared error = 0.000629167, marker error: RMS = 0.00501664, max = 0.00847185 (L_Elbow)
[2026-08-11 00:41:25.061] [info] Frame 111 (t = 1.11):	 total squared error = 0.000629868, marker error: RMS = 0.00501944, max = 0.00835656 (L_Elbow)
[2026-08-11 00:41:25.087] [info] Frame 112 (t = 1.12):	 total squared error = 0.000639296, marker error: RMS = 0.00505686, max = 0.00818869 (L_Elbow)
[2026-08-11 00:41:25.114] [info] Frame 113 (t = 1.13):	 total squared error = 0.000648430, marker error: RMS = 0.00509286, max = 0.00800169 (L_Elbow)
[2026-08-11 00:41:25.134] [info] Frame 114 (t = 1.14):	 total squared error = 0.000661613, marker error: RMS = 0.00514437, max = 0.00791263 (Thoracic)
[2026-08-11 00:41:25.179] [info] Frame 115 (t = 1.15):	 total squared error = 0.000661043, marker error: RMS = 0.00514215, max = 0.00806330 (Thoracic)
[2026-08-11 00:41:25.220] [info] Frame 116 (t = 1.16):	 total squared error = 0.000667680, marker error: RMS = 0.00516790, max = 0.00817898 (Thoracic)
[2026-08-11 00:41:25.245] [info] Frame 117 (t = 1.17):	 total squared error = 0.000679821, marker error: RMS = 0.00521468, max = 0.00820733 (Thoracic)
[2026-08-11 00:41:25.275] [info] Frame 118 (t = 1.18):	 total squared error = 0.000676401, marker error: RMS = 0.00520154, max = 0.00827203 (Thoracic)
[2026-08-11 00:41:25.293] [info] Frame 119 (t = 1.19):	 total squared error = 0.000682360, marker error: RMS = 0.00522441, max = 0.00823257 (Thoracic)
[2026-08-11 00:41:25.314] [info] Frame 120 (t = 1.2):	 total squared error = 0.000682868, marker error: RMS = 0.00522635, max = 0.00829727 (Sternum)
[2026-08-11 00:41:25.342] [info] Frame 121 (t = 1.21):	 total squared error = 0.000685682, marker error: RMS = 0.00523711, max = 0.00925940 (L_Shank_Lateral)
[2026-08-11 00:41:25.360] [info] Frame 122 (t = 1.22):	 total squared error = 0.000699581, marker error: RMS = 0.00528992, max = 0.0106665 (L_Shank_Lateral)
[2026-08-11 00:41:25.381] [info] Frame 123 (t = 1.23):	 total squared error = 0.000719302, marker error: RMS = 0.00536396, max = 0.0122044 (L_Shank_Lateral)
[2026-08-11 00:41:25.418] [info] Frame 124 (t = 1.24):	 total squared error = 0.000738153, marker error: RMS = 0.00543379, max = 0.0134297 (L_Shank_Lateral)
[2026-08-11 00:41:25.441] [info] Frame 125 (t = 1.25):	 total squared error = 0.000762435, marker error: RMS = 0.00552245, max = 0.0147596 (L_Shank_Lateral)
[2026-08-11 00:41:25.470] [info] Frame 126 (t = 1.26):	 total squared error = 0.000771464, marker error: RMS = 0.00555505, max = 0.0155029 (L_Shank_Lateral)
[2026-08-11 00:41:25.507] [info] Frame 127 (t = 1.27):	 total squared error = 0.000772302, marker error: RMS = 0.00555806, max = 0.0158158 (L_Shank_Lateral)
[2026-08-11 00:41:25.523] [info] Frame 128 (t = 1.28):	 total squared error = 0.000793710, marker error: RMS = 0.00563457, max = 0.0161937 (L_Shank_Lateral)
[2026-08-11 00:41:25.557] [info] Frame 129 (t = 1.29):	 total squared error = 0.000759239, marker error: RMS = 0.00551086, max = 0.0157854 (L_Shank_Lateral)
[2026-08-11 00:41:25.595] [info] Frame 130 (t = 1.3):	 total squared error = 0.000743852, marker error: RMS = 0.00545473, max = 0.0155467 (L_Shank_Lateral)
[2026-08-11 00:41:25.639] [info] Frame 131 (t = 1.31):	 total squared error = 0.000722785, marker error: RMS = 0.00537693, max = 0.0151683 (L_Shank_Lateral)
[2026-08-11 00:41:25.677] [info] Frame 132 (t = 1.32):	 total squared error = 0.000691439, marker error: RMS = 0.00525904, max = 0.0145452 (L_Shank_Lateral)
[2026-08-11 00:41:25.725] [info] Frame 133 (t = 1.33):	 total squared error = 0.000645214, marker error: RMS = 0.00508021, max = 0.0136271 (L_Shank_Lateral)
[2026-08-11 00:41:25.756] [info] Frame 134 (t = 1.34):	 total squared error = 0.000586992, marker error: RMS = 0.00484558, max = 0.0124185 (L_Shank_Lateral)
[2026-08-11 00:41:25.802] [info] Frame 135 (t = 1.35):	 total squared error = 0.000523461, marker error: RMS = 0.00457586, max = 0.0105131 (L_Shank_Lateral)
[2026-08-11 00:41:25.836] [info] Frame 136 (t = 1.36):	 total squared error = 0.000473390, marker error: RMS = 0.00435150, max = 0.00830620 (L_Shank_Lateral)
[2026-08-11 00:41:25.875] [info] Frame 137 (t = 1.37):	 total squared error = 0.000449808, marker error: RMS = 0.00424174, max = 0.00725364 (R_Elbow)
[2026-08-11 00:41:25.907] [info] Frame 138 (t = 1.38):	 total squared error = 0.000466172, marker error: RMS = 0.00431820, max = 0.00791478 (R_Elbow)
[2026-08-11 00:41:25.932] [info] Frame 139 (t = 1.39):	 total squared error = 0.000527741, marker error: RMS = 0.00459452, max = 0.00847184 (R_Elbow)
[2026-08-11 00:41:25.974] [info] Frame 140 (t = 1.4):	 total squared error = 0.000596802, marker error: RMS = 0.00488591, max = 0.00907251 (R_Elbow)
[2026-08-11 00:41:25.998] [info] Frame 141 (t = 1.41):	 total squared error = 0.000676350, marker error: RMS = 0.00520135, max = 0.00947181 (R_Elbow)
[2026-08-11 00:41:26.031] [info] Frame 142 (t = 1.42):	 total squared error = 0.000730110, marker error: RMS = 0.00540411, max = 0.00975905 (R_Elbow)
[2026-08-11 00:41:26.043] [info] Frame 143 (t = 1.43):	 total squared error = 0.000765192, marker error: RMS = 0.00553242, max = 0.0103324 (Sternum)
[2026-08-11 00:41:26.089] [info] Frame 144 (t = 1.44):	 total squared error = 0.000754289, marker error: RMS = 0.00549287, max = 0.0107402 (Sternum)
[2026-08-11 00:41:26.111] [info] Frame 145 (t = 1.45):	 total squared error = 0.000741019, marker error: RMS = 0.00544433, max = 0.0110244 (Sternum)
[2026-08-11 00:41:26.149] [info] Frame 146 (t = 1.46):	 total squared error = 0.000711034, marker error: RMS = 0.00533304, max = 0.0110181 (Sternum)
[2026-08-11 00:41:26.171] [info] Frame 147 (t = 1.47):	 total squared error = 0.000687085, marker error: RMS = 0.00524246, max = 0.0107829 (Sternum)
[2026-08-11 00:41:26.197] [info] Frame 148 (t = 1.48):	 total squared error = 0.000662458, marker error: RMS = 0.00514765, max = 0.0102563 (Sternum)
[2026-08-11 00:41:26.243] [info] Frame 149 (t = 1.49):	 total squared error = 0.000616804, marker error: RMS = 0.00496711, max = 0.00964916 (Sternum)
[2026-08-11 00:41:26.262] [info] Frame 150 (t = 1.5):	 total squared error = 0.000580202, marker error: RMS = 0.00481747, max = 0.00888696 (R_Elbow)
[2026-08-11 00:41:26.287] [info] Frame 151 (t = 1.51):	 total squared error = 0.000554051, marker error: RMS = 0.00470766, max = 0.00862305 (R_Elbow)
[2026-08-11 00:41:26.314] [info] Frame 152 (t = 1.52):	 total squared error = 0.000541178, marker error: RMS = 0.00465264, max = 0.00858099 (R_Elbow)
[2026-08-11 00:41:26.338] [info] Frame 153 (t = 1.53):	 total squared error = 0.000544594, marker error: RMS = 0.00466731, max = 0.00856312 (R_Elbow)
[2026-08-11 00:41:26.379] [info] Frame 154 (t = 1.54):	 total squared error = 0.000557234, marker error: RMS = 0.00472116, max = 0.00850506 (R_Elbow)
[2026-08-11 00:41:26.400] [info] Frame 155 (t = 1.55):	 total squared error = 0.000577488, marker error: RMS = 0.00480619, max = 0.00854332 (R_Elbow)
[2026-08-11 00:41:26.441] [info] Frame 156 (t = 1.56):	 total squared error = 0.000592179, marker error: RMS = 0.00486695, max = 0.00862772 (Sacral)
[2026-08-11 00:41:26.481] [info] Frame 157 (t = 1.57):	 total squared error = 0.000607067, marker error: RMS = 0.00492775, max = 0.00869943 (Sacral)
[2026-08-11 00:41:26.515] [info] Frame 158 (t = 1.58):	 total squared error = 0.000619729, marker error: RMS = 0.00497887, max = 0.00852163 (Sacral)
[2026-08-11 00:41:26.571] [info] Frame 159 (t = 1.59):	 total squared error = 0.000628364, marker error: RMS = 0.00501344, max = 0.00889065 (R_Shank_Lateral)
[2026-08-11 00:41:26.623] [info] Frame 160 (t = 1.6):	 total squared error = 0.000637981, marker error: RMS = 0.00505166, max = 0.00963235 (R_Shank_Lateral)
[2026-08-11 00:41:26.646] [info] Frame 161 (t = 1.61):	 total squared error = 0.000653255, marker error: RMS = 0.00511177, max = 0.0103953 (R_Shank_Lateral)
[2026-08-11 00:41:26.684] [info] Frame 162 (t = 1.62):	 total squared error = 0.000669090, marker error: RMS = 0.00517335, max = 0.0114165 (R_Shank_Lateral)
[2026-08-11 00:41:26.708] [info] Frame 163 (t = 1.63):	 total squared error = 0.000699352, marker error: RMS = 0.00528905, max = 0.0126059 (R_Shank_Lateral)
[2026-08-11 00:41:26.750] [info] Frame 164 (t = 1.64):	 total squared error = 0.000729521, marker error: RMS = 0.00540193, max = 0.0136245 (R_Shank_Lateral)
[2026-08-11 00:41:26.772] [info] Frame 165 (t = 1.65):	 total squared error = 0.000766168, marker error: RMS = 0.00553595, max = 0.0150746 (R_Shank_Lateral)
[2026-08-11 00:41:26.811] [info] Frame 166 (t = 1.66):	 total squared error = 0.000794910, marker error: RMS = 0.00563883, max = 0.0157612 (R_Shank_Lateral)
[2026-08-11 00:41:26.859] [info] Frame 167 (t = 1.67):	 total squared error = 0.000813424, marker error: RMS = 0.00570412, max = 0.0164908 (R_Shank_Lateral)
[2026-08-11 00:41:26.877] [info] Frame 168 (t = 1.68):	 total squared error = 0.000831976, marker error: RMS = 0.00576880, max = 0.0174395 (R_Shank_Lateral)
[2026-08-11 00:41:26.912] [info] Frame 169 (t = 1.69):	 total squared error = 0.000804139, marker error: RMS = 0.00567147, max = 0.0170053 (R_Shank_Lateral)
[2026-08-11 00:41:26.938] [info] Frame 170 (t = 1.7):	 total squared error = 0.000784582, marker error: RMS = 0.00560208, max = 0.0169057 (R_Shank_Lateral)
[2026-08-11 00:41:26.943] [info] InverseKinematicsTool completed 171 frames in 5 second(s).
[2026-08-11 00:41:26.996] [info] Loaded model SUBJ63-scaled from file C:\Users\migue\Downloads\TFG\2_JMP\SUBJ63\Walk_3\SUBJ63_3_JMP_results\SUBJ63_3_NMSM_JMP_02_knee_ankle.osim
[2026-08-11 00:41:27.569] [warning] Coordinate.setValue:  coordinate pro_sup_r is locked. Unable to change its value.
[2026-08-11 00:41:27.610] [warning] Coordinate.setValue:  coordinate pro_sup_l is locked. Unable to change its value.
[2026-08-11 00:41:59.510] [info] Loaded model SUBJ63-scaled from file C:\Users\migue\Downloads\TFG\2_JMP\SUBJ63\Walk_3\SUBJ63_3_JMP_results\SUBJ63_3_NMSM_JMP_02_knee_ankle.osim
[2026-08-11 00:41:59.528] [cout] [info] 
               MODEL: SUBJ63-scaled
         coordinates: 41
              forces: 103
           actuators: 103
             muscles: 86
            analyses: 0
              probes: 0
              bodies: 24
              joints: 24
         constraints: 2
             markers: 25
         controllers: 0
  contact geometries: 0
misc modelcomponents: 0
[2026-08-11 00:41:59.528] [info] Running tool .
[2026-08-11 00:41:59.639] [info] Frame 0 (t = 0.0):	 total squared error = 0.000968652, marker error: RMS = 0.00622463, max = 0.0170392 (R_Shank_Lateral)
[2026-08-11 00:41:59.670] [info] Frame 1 (t = 0.01):	 total squared error = 0.000922170, marker error: RMS = 0.00607345, max = 0.0166426 (R_Shank_Lateral)
[2026-08-11 00:41:59.712] [info] Frame 2 (t = 0.02):	 total squared error = 0.000861064, marker error: RMS = 0.00586878, max = 0.0157809 (R_Shank_Lateral)
[2026-08-11 00:41:59.754] [info] Frame 3 (t = 0.03):	 total squared error = 0.000800472, marker error: RMS = 0.00565852, max = 0.0150374 (R_Shank_Lateral)
[2026-08-11 00:41:59.788] [info] Frame 4 (t = 0.04):	 total squared error = 0.000744640, marker error: RMS = 0.00545762, max = 0.0142817 (R_Shank_Lateral)
[2026-08-11 00:41:59.820] [info] Frame 5 (t = 0.05):	 total squared error = 0.000696664, marker error: RMS = 0.00527888, max = 0.0135094 (R_Shank_Lateral)
[2026-08-11 00:41:59.856] [info] Frame 6 (t = 0.06):	 total squared error = 0.000654008, marker error: RMS = 0.00511472, max = 0.0125817 (R_Shank_Lateral)
[2026-08-11 00:41:59.898] [info] Frame 7 (t = 0.07):	 total squared error = 0.000614470, marker error: RMS = 0.00495770, max = 0.0113736 (R_Shank_Lateral)
[2026-08-11 00:41:59.934] [info] Frame 8 (t = 0.08):	 total squared error = 0.000575537, marker error: RMS = 0.00479807, max = 0.00991046 (R_Shank_Lateral)
[2026-08-11 00:41:59.989] [info] Frame 9 (t = 0.09):	 total squared error = 0.000542214, marker error: RMS = 0.00465710, max = 0.00766950 (R_Shank_Lateral)
[2026-08-11 00:42:00.025] [info] Frame 10 (t = 0.1):	 total squared error = 0.000524243, marker error: RMS = 0.00457927, max = 0.00722514 (L_Shoulder)
[2026-08-11 00:42:00.056] [info] Frame 11 (t = 0.11):	 total squared error = 0.000545519, marker error: RMS = 0.00467127, max = 0.00772915 (L_Elbow)
[2026-08-11 00:42:00.114] [info] Frame 12 (t = 0.12):	 total squared error = 0.000607837, marker error: RMS = 0.00493087, max = 0.00857941 (L_Elbow)
[2026-08-11 00:42:00.137] [info] Frame 13 (t = 0.13):	 total squared error = 0.000723508, marker error: RMS = 0.00537962, max = 0.00928279 (L_Elbow)
[2026-08-11 00:42:00.164] [info] Frame 14 (t = 0.14):	 total squared error = 0.000859505, marker error: RMS = 0.00586346, max = 0.0111721 (R_Thigh_Lateral)
[2026-08-11 00:42:00.202] [info] Frame 15 (t = 0.15):	 total squared error = 0.000994133, marker error: RMS = 0.00630597, max = 0.0129858 (R_Thigh_Lateral)
[2026-08-11 00:42:00.225] [info] Frame 16 (t = 0.16):	 total squared error = 0.00108535, marker error: RMS = 0.00658894, max = 0.0138074 (R_Thigh_Lateral)
[2026-08-11 00:42:00.241] [info] Frame 17 (t = 0.17):	 total squared error = 0.00111620, marker error: RMS = 0.00668192, max = 0.0133041 (R_Thigh_Lateral)
[2026-08-11 00:42:00.260] [info] Frame 18 (t = 0.18):	 total squared error = 0.00108133, marker error: RMS = 0.00657672, max = 0.0118604 (R_Thigh_Lateral)
[2026-08-11 00:42:00.284] [info] Frame 19 (t = 0.19):	 total squared error = 0.00101542, marker error: RMS = 0.00637313, max = 0.0119695 (Sternum)
[2026-08-11 00:42:00.316] [info] Frame 20 (t = 0.2):	 total squared error = 0.000940197, marker error: RMS = 0.00613253, max = 0.0117451 (Sternum)
[2026-08-11 00:42:00.340] [info] Frame 21 (t = 0.21):	 total squared error = 0.000885962, marker error: RMS = 0.00595302, max = 0.0114525 (Sternum)
[2026-08-11 00:42:00.380] [info] Frame 22 (t = 0.22):	 total squared error = 0.000841591, marker error: RMS = 0.00580204, max = 0.0108629 (Sternum)
[2026-08-11 00:42:00.406] [info] Frame 23 (t = 0.23):	 total squared error = 0.000795323, marker error: RMS = 0.00564029, max = 0.0100146 (Sternum)
[2026-08-11 00:42:00.431] [info] Frame 24 (t = 0.24):	 total squared error = 0.000747840, marker error: RMS = 0.00546933, max = 0.00965608 (L_Elbow)
[2026-08-11 00:42:00.453] [info] Frame 25 (t = 0.25):	 total squared error = 0.000713477, marker error: RMS = 0.00534220, max = 0.0100115 (L_Elbow)
[2026-08-11 00:42:00.484] [info] Frame 26 (t = 0.26):	 total squared error = 0.000690340, marker error: RMS = 0.00525486, max = 0.00967632 (L_Elbow)
[2026-08-11 00:42:00.524] [info] Frame 27 (t = 0.27):	 total squared error = 0.000684962, marker error: RMS = 0.00523435, max = 0.00966329 (L_Elbow)
[2026-08-11 00:42:00.550] [info] Frame 28 (t = 0.28):	 total squared error = 0.000684734, marker error: RMS = 0.00523349, max = 0.00955133 (L_Elbow)
[2026-08-11 00:42:00.572] [info] Frame 29 (t = 0.29):	 total squared error = 0.000679936, marker error: RMS = 0.00521512, max = 0.00927041 (L_Elbow)
[2026-08-11 00:42:00.608] [info] Frame 30 (t = 0.3):	 total squared error = 0.000665934, marker error: RMS = 0.00516114, max = 0.00909566 (Sacral)
[2026-08-11 00:42:00.640] [info] Frame 31 (t = 0.31):	 total squared error = 0.000655258, marker error: RMS = 0.00511960, max = 0.00867816 (L_Elbow)
[2026-08-11 00:42:00.666] [info] Frame 32 (t = 0.32):	 total squared error = 0.000640883, marker error: RMS = 0.00506313, max = 0.00816626 (L_Elbow)
[2026-08-11 00:42:00.722] [info] Frame 33 (t = 0.33):	 total squared error = 0.000605572, marker error: RMS = 0.00492167, max = 0.00790973 (L_Elbow)
[2026-08-11 00:42:00.749] [info] Frame 34 (t = 0.34):	 total squared error = 0.000595771, marker error: RMS = 0.00488168, max = 0.00777168 (L_Shoulder)
[2026-08-11 00:42:00.778] [info] Frame 35 (t = 0.35):	 total squared error = 0.000584912, marker error: RMS = 0.00483699, max = 0.00752486 (L_Shoulder)
[2026-08-11 00:42:00.803] [info] Frame 36 (t = 0.36):	 total squared error = 0.000586052, marker error: RMS = 0.00484170, max = 0.00807889 (L_Shank_Lateral)
[2026-08-11 00:42:00.833] [info] Frame 37 (t = 0.37):	 total squared error = 0.000595354, marker error: RMS = 0.00487998, max = 0.00920089 (L_Shank_Lateral)
[2026-08-11 00:42:00.853] [info] Frame 38 (t = 0.38):	 total squared error = 0.000619107, marker error: RMS = 0.00497637, max = 0.0106921 (L_Shank_Lateral)
[2026-08-11 00:42:00.868] [info] Frame 39 (t = 0.39):	 total squared error = 0.000662704, marker error: RMS = 0.00514861, max = 0.0121844 (L_Shank_Lateral)
[2026-08-11 00:42:00.919] [info] Frame 40 (t = 0.4):	 total squared error = 0.000674466, marker error: RMS = 0.00519410, max = 0.0133345 (L_Shank_Lateral)
[2026-08-11 00:42:00.942] [info] Frame 41 (t = 0.41):	 total squared error = 0.000706638, marker error: RMS = 0.00531653, max = 0.0145277 (L_Shank_Lateral)
[2026-08-11 00:42:00.967] [info] Frame 42 (t = 0.42):	 total squared error = 0.000717799, marker error: RMS = 0.00535835, max = 0.0151919 (L_Shank_Lateral)
[2026-08-11 00:42:01.000] [info] Frame 43 (t = 0.43):	 total squared error = 0.000719928, marker error: RMS = 0.00536630, max = 0.0154173 (L_Shank_Lateral)
[2026-08-11 00:42:01.036] [info] Frame 44 (t = 0.44):	 total squared error = 0.000716475, marker error: RMS = 0.00535341, max = 0.0154328 (L_Shank_Lateral)
[2026-08-11 00:42:01.081] [info] Frame 45 (t = 0.45):	 total squared error = 0.000707214, marker error: RMS = 0.00531870, max = 0.0152365 (L_Shank_Lateral)
[2026-08-11 00:42:01.117] [info] Frame 46 (t = 0.46):	 total squared error = 0.000695728, marker error: RMS = 0.00527533, max = 0.0148932 (L_Shank_Lateral)
[2026-08-11 00:42:01.159] [info] Frame 47 (t = 0.47):	 total squared error = 0.000677826, marker error: RMS = 0.00520702, max = 0.0143477 (L_Shank_Lateral)
[2026-08-11 00:42:01.187] [info] Frame 48 (t = 0.48):	 total squared error = 0.000654201, marker error: RMS = 0.00511547, max = 0.0137769 (L_Shank_Lateral)
[2026-08-11 00:42:01.228] [info] Frame 49 (t = 0.49):	 total squared error = 0.000615957, marker error: RMS = 0.00496370, max = 0.0127094 (L_Shank_Lateral)
[2026-08-11 00:42:01.263] [info] Frame 50 (t = 0.5):	 total squared error = 0.000573683, marker error: RMS = 0.00479034, max = 0.0113804 (L_Shank_Lateral)
[2026-08-11 00:42:01.301] [info] Frame 51 (t = 0.51):	 total squared error = 0.000534638, marker error: RMS = 0.00462445, max = 0.00956454 (L_Shank_Lateral)
[2026-08-11 00:42:01.337] [info] Frame 52 (t = 0.52):	 total squared error = 0.000512342, marker error: RMS = 0.00452700, max = 0.00744921 (Sternum)
[2026-08-11 00:42:01.386] [info] Frame 53 (t = 0.53):	 total squared error = 0.000522845, marker error: RMS = 0.00457316, max = 0.00852916 (Sternum)
[2026-08-11 00:42:01.431] [info] Frame 54 (t = 0.54):	 total squared error = 0.000572805, marker error: RMS = 0.00478667, max = 0.00961968 (Sternum)
[2026-08-11 00:42:01.467] [info] Frame 55 (t = 0.55):	 total squared error = 0.000660531, marker error: RMS = 0.00514016, max = 0.0107119 (Sternum)
[2026-08-11 00:42:01.495] [info] Frame 56 (t = 0.56):	 total squared error = 0.000773088, marker error: RMS = 0.00556089, max = 0.0117944 (Sternum)
[2026-08-11 00:42:01.509] [info] Frame 57 (t = 0.57):	 total squared error = 0.000897342, marker error: RMS = 0.00599113, max = 0.0127355 (Sternum)
[2026-08-11 00:42:01.519] [info] Frame 58 (t = 0.58):	 total squared error = 0.00100475, marker error: RMS = 0.00633955, max = 0.0138174 (Sternum)
[2026-08-11 00:42:01.558] [info] Frame 59 (t = 0.59):	 total squared error = 0.00100653, marker error: RMS = 0.00634516, max = 0.0141479 (Sternum)
[2026-08-11 00:42:01.578] [info] Frame 60 (t = 0.6):	 total squared error = 0.00102765, marker error: RMS = 0.00641138, max = 0.0145801 (Sternum)
[2026-08-11 00:42:01.618] [info] Frame 61 (t = 0.61):	 total squared error = 0.00101391, marker error: RMS = 0.00636839, max = 0.0148399 (Sternum)
[2026-08-11 00:42:01.642] [info] Frame 62 (t = 0.62):	 total squared error = 0.000987182, marker error: RMS = 0.00628389, max = 0.0147622 (Sternum)
[2026-08-11 00:42:01.672] [info] Frame 63 (t = 0.63):	 total squared error = 0.000945498, marker error: RMS = 0.00614979, max = 0.0144047 (Sternum)
[2026-08-11 00:42:01.694] [info] Frame 64 (t = 0.64):	 total squared error = 0.000892218, marker error: RMS = 0.00597400, max = 0.0137378 (Sternum)
[2026-08-11 00:42:01.721] [info] Frame 65 (t = 0.65):	 total squared error = 0.000829698, marker error: RMS = 0.00576090, max = 0.0128602 (Sternum)
[2026-08-11 00:42:01.745] [info] Frame 66 (t = 0.66):	 total squared error = 0.000761934, marker error: RMS = 0.00552063, max = 0.011829 (Sternum)
[2026-08-11 00:42:01.763] [info] Frame 67 (t = 0.67):	 total squared error = 0.000705664, marker error: RMS = 0.00531287, max = 0.0103527 (Sternum)
[2026-08-11 00:42:01.813] [info] Frame 68 (t = 0.68):	 total squared error = 0.000618914, marker error: RMS = 0.00497559, max = 0.00966495 (Sternum)
[2026-08-11 00:42:01.840] [info] Frame 69 (t = 0.69):	 total squared error = 0.000588243, marker error: RMS = 0.00485074, max = 0.00908856 (R_Elbow)
[2026-08-11 00:42:01.868] [info] Frame 70 (t = 0.7):	 total squared error = 0.000567369, marker error: RMS = 0.00476390, max = 0.00903824 (R_Elbow)
[2026-08-11 00:42:01.896] [info] Frame 71 (t = 0.71):	 total squared error = 0.000552878, marker error: RMS = 0.00470267, max = 0.00888681 (R_Elbow)
[2026-08-11 00:42:01.944] [info] Frame 72 (t = 0.72):	 total squared error = 0.000536767, marker error: RMS = 0.00463365, max = 0.00871373 (R_Elbow)
[2026-08-11 00:42:01.969] [info] Frame 73 (t = 0.73):	 total squared error = 0.000530607, marker error: RMS = 0.00460698, max = 0.00850503 (R_Elbow)
[2026-08-11 00:42:01.998] [info] Frame 74 (t = 0.74):	 total squared error = 0.000527619, marker error: RMS = 0.00459399, max = 0.00820948 (R_Elbow)
[2026-08-11 00:42:02.054] [info] Frame 75 (t = 0.75):	 total squared error = 0.000529231, marker error: RMS = 0.00460100, max = 0.00801429 (R_Elbow)
[2026-08-11 00:42:02.078] [info] Frame 76 (t = 0.76):	 total squared error = 0.000542702, marker error: RMS = 0.00465919, max = 0.00839936 (R_Shank_Lateral)
[2026-08-11 00:42:02.127] [info] Frame 77 (t = 0.77):	 total squared error = 0.000557834, marker error: RMS = 0.00472370, max = 0.00908705 (R_Shank_Lateral)
[2026-08-11 00:42:02.156] [info] Frame 78 (t = 0.78):	 total squared error = 0.000586434, marker error: RMS = 0.00484328, max = 0.00987832 (R_Shank_Lateral)
[2026-08-11 00:42:02.171] [info] Frame 79 (t = 0.79):	 total squared error = 0.000640983, marker error: RMS = 0.00506353, max = 0.0110659 (R_Shank_Lateral)
[2026-08-11 00:42:02.221] [info] Frame 80 (t = 0.8):	 total squared error = 0.000657596, marker error: RMS = 0.00512873, max = 0.0118117 (R_Shank_Lateral)
[2026-08-11 00:42:02.245] [info] Frame 81 (t = 0.81):	 total squared error = 0.000699732, marker error: RMS = 0.00529049, max = 0.0132893 (R_Shank_Lateral)
[2026-08-11 00:42:02.282] [info] Frame 82 (t = 0.82):	 total squared error = 0.000733439, marker error: RMS = 0.00541641, max = 0.0140838 (R_Shank_Lateral)
[2026-08-11 00:42:02.319] [info] Frame 83 (t = 0.83):	 total squared error = 0.000762316, marker error: RMS = 0.00552202, max = 0.014989 (R_Shank_Lateral)
[2026-08-11 00:42:02.355] [info] Frame 84 (t = 0.84):	 total squared error = 0.000781373, marker error: RMS = 0.00559061, max = 0.0157539 (R_Shank_Lateral)
[2026-08-11 00:42:02.380] [info] Frame 85 (t = 0.85):	 total squared error = 0.000790483, marker error: RMS = 0.00562311, max = 0.0162121 (R_Shank_Lateral)
[2026-08-11 00:42:02.411] [info] Frame 86 (t = 0.86):	 total squared error = 0.000786785, marker error: RMS = 0.00560994, max = 0.0161636 (R_Shank_Lateral)
[2026-08-11 00:42:02.428] [info] Frame 87 (t = 0.87):	 total squared error = 0.000804511, marker error: RMS = 0.00567278, max = 0.0162802 (R_Shank_Lateral)
[2026-08-11 00:42:02.459] [info] Frame 88 (t = 0.88):	 total squared error = 0.000767288, marker error: RMS = 0.00553999, max = 0.0157755 (R_Shank_Lateral)
[2026-08-11 00:42:02.489] [info] Frame 89 (t = 0.89):	 total squared error = 0.000745365, marker error: RMS = 0.00546028, max = 0.0149358 (R_Shank_Lateral)
[2026-08-11 00:42:02.506] [info] Frame 90 (t = 0.9):	 total squared error = 0.000748902, marker error: RMS = 0.00547322, max = 0.0147444 (R_Shank_Lateral)
[2026-08-11 00:42:02.534] [info] Frame 91 (t = 0.91):	 total squared error = 0.000690992, marker error: RMS = 0.00525734, max = 0.0137555 (R_Shank_Lateral)
[2026-08-11 00:42:02.572] [info] Frame 92 (t = 0.92):	 total squared error = 0.000638413, marker error: RMS = 0.00505337, max = 0.0123694 (R_Shank_Lateral)
[2026-08-11 00:42:02.620] [info] Frame 93 (t = 0.93):	 total squared error = 0.000581019, marker error: RMS = 0.00482087, max = 0.0107774 (R_Shank_Lateral)
[2026-08-11 00:42:02.657] [info] Frame 94 (t = 0.94):	 total squared error = 0.000522086, marker error: RMS = 0.00456984, max = 0.00890121 (R_Shank_Lateral)
[2026-08-11 00:42:02.686] [info] Frame 95 (t = 0.95):	 total squared error = 0.000482858, marker error: RMS = 0.00439480, max = 0.00694143 (C7)
[2026-08-11 00:42:02.724] [info] Frame 96 (t = 0.96):	 total squared error = 0.000462961, marker error: RMS = 0.00430330, max = 0.00686681 (C7)
[2026-08-11 00:42:02.758] [info] Frame 97 (t = 0.97):	 total squared error = 0.000491828, marker error: RMS = 0.00443544, max = 0.00693341 (R_Shoulder)
[2026-08-11 00:42:02.789] [info] Frame 98 (t = 0.98):	 total squared error = 0.000560072, marker error: RMS = 0.00473317, max = 0.00746823 (R_Shoulder)
[2026-08-11 00:42:02.810] [info] Frame 99 (t = 0.99):	 total squared error = 0.000649669, marker error: RMS = 0.00509772, max = 0.00816895 (R_Thigh_Lateral)
[2026-08-11 00:42:02.831] [info] Frame 100 (t = 1.0):	 total squared error = 0.000722223, marker error: RMS = 0.00537484, max = 0.00908293 (R_Thigh_Lateral)
[2026-08-11 00:42:02.864] [info] Frame 101 (t = 1.01):	 total squared error = 0.000765920, marker error: RMS = 0.00553505, max = 0.00954129 (Sternum)
[2026-08-11 00:42:02.890] [info] Frame 102 (t = 1.02):	 total squared error = 0.000778596, marker error: RMS = 0.00558067, max = 0.0100483 (Sternum)
[2026-08-11 00:42:02.910] [info] Frame 103 (t = 1.03):	 total squared error = 0.000767781, marker error: RMS = 0.00554177, max = 0.0103599 (Sternum)
[2026-08-11 00:42:02.928] [info] Frame 104 (t = 1.04):	 total squared error = 0.000752126, marker error: RMS = 0.00548498, max = 0.0103744 (Sternum)
[2026-08-11 00:42:02.951] [info] Frame 105 (t = 1.05):	 total squared error = 0.000742871, marker error: RMS = 0.00545113, max = 0.0102083 (Sternum)
[2026-08-11 00:42:02.974] [info] Frame 106 (t = 1.06):	 total squared error = 0.000731245, marker error: RMS = 0.00540831, max = 0.00971979 (Sternum)
[2026-08-11 00:42:03.008] [info] Frame 107 (t = 1.07):	 total squared error = 0.000709037, marker error: RMS = 0.00532555, max = 0.00901477 (Sternum)
[2026-08-11 00:42:03.031] [info] Frame 108 (t = 1.08):	 total squared error = 0.000678185, marker error: RMS = 0.00520840, max = 0.00860385 (L_Elbow)
[2026-08-11 00:42:03.056] [info] Frame 109 (t = 1.09):	 total squared error = 0.000647555, marker error: RMS = 0.00508942, max = 0.00853850 (L_Elbow)
[2026-08-11 00:42:03.077] [info] Frame 110 (t = 1.1):	 total squared error = 0.000629167, marker error: RMS = 0.00501664, max = 0.00847185 (L_Elbow)
[2026-08-11 00:42:03.103] [info] Frame 111 (t = 1.11):	 total squared error = 0.000629868, marker error: RMS = 0.00501944, max = 0.00835656 (L_Elbow)
[2026-08-11 00:42:03.129] [info] Frame 112 (t = 1.12):	 total squared error = 0.000639296, marker error: RMS = 0.00505686, max = 0.00818869 (L_Elbow)
[2026-08-11 00:42:03.153] [info] Frame 113 (t = 1.13):	 total squared error = 0.000648430, marker error: RMS = 0.00509286, max = 0.00800169 (L_Elbow)
[2026-08-11 00:42:03.173] [info] Frame 114 (t = 1.14):	 total squared error = 0.000661613, marker error: RMS = 0.00514437, max = 0.00791263 (Thoracic)
[2026-08-11 00:42:03.218] [info] Frame 115 (t = 1.15):	 total squared error = 0.000661043, marker error: RMS = 0.00514215, max = 0.00806330 (Thoracic)
[2026-08-11 00:42:03.258] [info] Frame 116 (t = 1.16):	 total squared error = 0.000667680, marker error: RMS = 0.00516790, max = 0.00817898 (Thoracic)
[2026-08-11 00:42:03.283] [info] Frame 117 (t = 1.17):	 total squared error = 0.000679821, marker error: RMS = 0.00521468, max = 0.00820733 (Thoracic)
[2026-08-11 00:42:03.314] [info] Frame 118 (t = 1.18):	 total squared error = 0.000676401, marker error: RMS = 0.00520154, max = 0.00827203 (Thoracic)
[2026-08-11 00:42:03.331] [info] Frame 119 (t = 1.19):	 total squared error = 0.000682360, marker error: RMS = 0.00522441, max = 0.00823257 (Thoracic)
[2026-08-11 00:42:03.352] [info] Frame 120 (t = 1.2):	 total squared error = 0.000682868, marker error: RMS = 0.00522635, max = 0.00829727 (Sternum)
[2026-08-11 00:42:03.379] [info] Frame 121 (t = 1.21):	 total squared error = 0.000685682, marker error: RMS = 0.00523711, max = 0.00925940 (L_Shank_Lateral)
[2026-08-11 00:42:03.398] [info] Frame 122 (t = 1.22):	 total squared error = 0.000699581, marker error: RMS = 0.00528992, max = 0.0106665 (L_Shank_Lateral)
[2026-08-11 00:42:03.419] [info] Frame 123 (t = 1.23):	 total squared error = 0.000719302, marker error: RMS = 0.00536396, max = 0.0122044 (L_Shank_Lateral)
[2026-08-11 00:42:03.456] [info] Frame 124 (t = 1.24):	 total squared error = 0.000738153, marker error: RMS = 0.00543379, max = 0.0134297 (L_Shank_Lateral)
[2026-08-11 00:42:03.479] [info] Frame 125 (t = 1.25):	 total squared error = 0.000762435, marker error: RMS = 0.00552245, max = 0.0147596 (L_Shank_Lateral)
[2026-08-11 00:42:03.507] [info] Frame 126 (t = 1.26):	 total squared error = 0.000771464, marker error: RMS = 0.00555505, max = 0.0155029 (L_Shank_Lateral)
[2026-08-11 00:42:03.543] [info] Frame 127 (t = 1.27):	 total squared error = 0.000772302, marker error: RMS = 0.00555806, max = 0.0158158 (L_Shank_Lateral)
[2026-08-11 00:42:03.559] [info] Frame 128 (t = 1.28):	 total squared error = 0.000793710, marker error: RMS = 0.00563457, max = 0.0161937 (L_Shank_Lateral)
[2026-08-11 00:42:03.593] [info] Frame 129 (t = 1.29):	 total squared error = 0.000759239, marker error: RMS = 0.00551086, max = 0.0157854 (L_Shank_Lateral)
[2026-08-11 00:42:03.630] [info] Frame 130 (t = 1.3):	 total squared error = 0.000743852, marker error: RMS = 0.00545473, max = 0.0155467 (L_Shank_Lateral)
[2026-08-11 00:42:03.674] [info] Frame 131 (t = 1.31):	 total squared error = 0.000722785, marker error: RMS = 0.00537693, max = 0.0151683 (L_Shank_Lateral)
[2026-08-11 00:42:03.711] [info] Frame 132 (t = 1.32):	 total squared error = 0.000691439, marker error: RMS = 0.00525904, max = 0.0145452 (L_Shank_Lateral)
[2026-08-11 00:42:03.758] [info] Frame 133 (t = 1.33):	 total squared error = 0.000645214, marker error: RMS = 0.00508021, max = 0.0136271 (L_Shank_Lateral)
[2026-08-11 00:42:03.790] [info] Frame 134 (t = 1.34):	 total squared error = 0.000586992, marker error: RMS = 0.00484558, max = 0.0124185 (L_Shank_Lateral)
[2026-08-11 00:42:03.836] [info] Frame 135 (t = 1.35):	 total squared error = 0.000523461, marker error: RMS = 0.00457586, max = 0.0105131 (L_Shank_Lateral)
[2026-08-11 00:42:03.871] [info] Frame 136 (t = 1.36):	 total squared error = 0.000473390, marker error: RMS = 0.00435150, max = 0.00830620 (L_Shank_Lateral)
[2026-08-11 00:42:03.908] [info] Frame 137 (t = 1.37):	 total squared error = 0.000449808, marker error: RMS = 0.00424174, max = 0.00725364 (R_Elbow)
[2026-08-11 00:42:03.941] [info] Frame 138 (t = 1.38):	 total squared error = 0.000466172, marker error: RMS = 0.00431820, max = 0.00791478 (R_Elbow)
[2026-08-11 00:42:03.966] [info] Frame 139 (t = 1.39):	 total squared error = 0.000527741, marker error: RMS = 0.00459452, max = 0.00847184 (R_Elbow)
[2026-08-11 00:42:04.008] [info] Frame 140 (t = 1.4):	 total squared error = 0.000596802, marker error: RMS = 0.00488591, max = 0.00907251 (R_Elbow)
[2026-08-11 00:42:04.032] [info] Frame 141 (t = 1.41):	 total squared error = 0.000676350, marker error: RMS = 0.00520135, max = 0.00947181 (R_Elbow)
[2026-08-11 00:42:04.064] [info] Frame 142 (t = 1.42):	 total squared error = 0.000730110, marker error: RMS = 0.00540411, max = 0.00975905 (R_Elbow)
[2026-08-11 00:42:04.077] [info] Frame 143 (t = 1.43):	 total squared error = 0.000765192, marker error: RMS = 0.00553242, max = 0.0103324 (Sternum)
[2026-08-11 00:42:04.122] [info] Frame 144 (t = 1.44):	 total squared error = 0.000754289, marker error: RMS = 0.00549287, max = 0.0107402 (Sternum)
[2026-08-11 00:42:04.145] [info] Frame 145 (t = 1.45):	 total squared error = 0.000741019, marker error: RMS = 0.00544433, max = 0.0110244 (Sternum)
[2026-08-11 00:42:04.182] [info] Frame 146 (t = 1.46):	 total squared error = 0.000711034, marker error: RMS = 0.00533304, max = 0.0110181 (Sternum)
[2026-08-11 00:42:04.205] [info] Frame 147 (t = 1.47):	 total squared error = 0.000687085, marker error: RMS = 0.00524246, max = 0.0107829 (Sternum)
[2026-08-11 00:42:04.231] [info] Frame 148 (t = 1.48):	 total squared error = 0.000662458, marker error: RMS = 0.00514765, max = 0.0102563 (Sternum)
[2026-08-11 00:42:04.276] [info] Frame 149 (t = 1.49):	 total squared error = 0.000616804, marker error: RMS = 0.00496711, max = 0.00964916 (Sternum)
[2026-08-11 00:42:04.296] [info] Frame 150 (t = 1.5):	 total squared error = 0.000580202, marker error: RMS = 0.00481747, max = 0.00888696 (R_Elbow)
[2026-08-11 00:42:04.320] [info] Frame 151 (t = 1.51):	 total squared error = 0.000554051, marker error: RMS = 0.00470766, max = 0.00862305 (R_Elbow)
[2026-08-11 00:42:04.346] [info] Frame 152 (t = 1.52):	 total squared error = 0.000541178, marker error: RMS = 0.00465264, max = 0.00858099 (R_Elbow)
[2026-08-11 00:42:04.370] [info] Frame 153 (t = 1.53):	 total squared error = 0.000544594, marker error: RMS = 0.00466731, max = 0.00856312 (R_Elbow)
[2026-08-11 00:42:04.410] [info] Frame 154 (t = 1.54):	 total squared error = 0.000557234, marker error: RMS = 0.00472116, max = 0.00850506 (R_Elbow)
[2026-08-11 00:42:04.432] [info] Frame 155 (t = 1.55):	 total squared error = 0.000577488, marker error: RMS = 0.00480619, max = 0.00854332 (R_Elbow)
[2026-08-11 00:42:04.474] [info] Frame 156 (t = 1.56):	 total squared error = 0.000592179, marker error: RMS = 0.00486695, max = 0.00862772 (Sacral)
[2026-08-11 00:42:04.512] [info] Frame 157 (t = 1.57):	 total squared error = 0.000607067, marker error: RMS = 0.00492775, max = 0.00869943 (Sacral)
[2026-08-11 00:42:04.547] [info] Frame 158 (t = 1.58):	 total squared error = 0.000619729, marker error: RMS = 0.00497887, max = 0.00852163 (Sacral)
[2026-08-11 00:42:04.604] [info] Frame 159 (t = 1.59):	 total squared error = 0.000628364, marker error: RMS = 0.00501344, max = 0.00889065 (R_Shank_Lateral)
[2026-08-11 00:42:04.656] [info] Frame 160 (t = 1.6):	 total squared error = 0.000637981, marker error: RMS = 0.00505166, max = 0.00963235 (R_Shank_Lateral)
[2026-08-11 00:42:04.679] [info] Frame 161 (t = 1.61):	 total squared error = 0.000653255, marker error: RMS = 0.00511177, max = 0.0103953 (R_Shank_Lateral)
[2026-08-11 00:42:04.717] [info] Frame 162 (t = 1.62):	 total squared error = 0.000669090, marker error: RMS = 0.00517335, max = 0.0114165 (R_Shank_Lateral)
[2026-08-11 00:42:04.741] [info] Frame 163 (t = 1.63):	 total squared error = 0.000699352, marker error: RMS = 0.00528905, max = 0.0126059 (R_Shank_Lateral)
[2026-08-11 00:42:04.782] [info] Frame 164 (t = 1.64):	 total squared error = 0.000729521, marker error: RMS = 0.00540193, max = 0.0136245 (R_Shank_Lateral)
[2026-08-11 00:42:04.804] [info] Frame 165 (t = 1.65):	 total squared error = 0.000766168, marker error: RMS = 0.00553595, max = 0.0150746 (R_Shank_Lateral)
[2026-08-11 00:42:04.843] [info] Frame 166 (t = 1.66):	 total squared error = 0.000794910, marker error: RMS = 0.00563883, max = 0.0157612 (R_Shank_Lateral)
[2026-08-11 00:42:04.894] [info] Frame 167 (t = 1.67):	 total squared error = 0.000813424, marker error: RMS = 0.00570412, max = 0.0164908 (R_Shank_Lateral)
[2026-08-11 00:42:04.913] [info] Frame 168 (t = 1.68):	 total squared error = 0.000831976, marker error: RMS = 0.00576880, max = 0.0174395 (R_Shank_Lateral)
[2026-08-11 00:42:04.948] [info] Frame 169 (t = 1.69):	 total squared error = 0.000804139, marker error: RMS = 0.00567147, max = 0.0170053 (R_Shank_Lateral)
[2026-08-11 00:42:04.976] [info] Frame 170 (t = 1.7):	 total squared error = 0.000784582, marker error: RMS = 0.00560208, max = 0.0169057 (R_Shank_Lateral)
[2026-08-11 00:42:04.980] [info] InverseKinematicsTool completed 171 frames in 5 second(s).
[2026-08-11 00:42:05.034] [info] Loaded model SUBJ63-scaled from file C:\Users\migue\Downloads\TFG\2_JMP\SUBJ63\Walk_3\SUBJ63_3_JMP_results\SUBJ63_3_NMSM_JMP_02_knee_ankle.osim
[2026-08-11 00:42:05.700] [warning] Coordinate.setValue:  coordinate pro_sup_r is locked. Unable to change its value.
[2026-08-11 00:42:05.742] [warning] Coordinate.setValue:  coordinate pro_sup_l is locked. Unable to change its value.
[2026-08-11 00:42:38.144] [info] Loaded model SUBJ63-scaled from file C:\Users\migue\Downloads\TFG\2_JMP\SUBJ63\Walk_3\SUBJ63_3_JMP_results\SUBJ63_3_NMSM_JMP_03_final.osim
[2026-08-11 00:42:38.162] [cout] [info] 
               MODEL: SUBJ63-scaled
         coordinates: 41
              forces: 103
           actuators: 103
             muscles: 86
            analyses: 0
              probes: 0
              bodies: 24
              joints: 24
         constraints: 2
             markers: 25
         controllers: 0
  contact geometries: 0
misc modelcomponents: 0
[2026-08-11 00:42:38.162] [info] Running tool .
[2026-08-11 00:42:38.283] [info] Frame 0 (t = 0.0):	 total squared error = 0.000825234, marker error: RMS = 0.00574538, max = 0.0142519 (R_Shank_Lateral)
[2026-08-11 00:42:38.326] [info] Frame 1 (t = 0.01):	 total squared error = 0.000789888, marker error: RMS = 0.00562099, max = 0.0138111 (R_Shank_Lateral)
[2026-08-11 00:42:38.354] [info] Frame 2 (t = 0.02):	 total squared error = 0.000745806, marker error: RMS = 0.00546189, max = 0.0133874 (R_Shank_Lateral)
[2026-08-11 00:42:38.393] [info] Frame 3 (t = 0.03):	 total squared error = 0.000692876, marker error: RMS = 0.00526451, max = 0.0125797 (R_Shank_Lateral)
[2026-08-11 00:42:38.424] [info] Frame 4 (t = 0.04):	 total squared error = 0.000649741, marker error: RMS = 0.00509800, max = 0.0121238 (R_Shank_Lateral)
[2026-08-11 00:42:38.467] [info] Frame 5 (t = 0.05):	 total squared error = 0.000607890, marker error: RMS = 0.00493109, max = 0.0113488 (R_Shank_Lateral)
[2026-08-11 00:42:38.503] [info] Frame 6 (t = 0.06):	 total squared error = 0.000574817, marker error: RMS = 0.00479507, max = 0.0107726 (R_Shank_Lateral)
[2026-08-11 00:42:38.544] [info] Frame 7 (t = 0.07):	 total squared error = 0.000545081, marker error: RMS = 0.00466940, max = 0.00994678 (R_Shank_Lateral)
[2026-08-11 00:42:38.570] [info] Frame 8 (t = 0.08):	 total squared error = 0.000522438, marker error: RMS = 0.00457138, max = 0.00907746 (R_Shank_Lateral)
[2026-08-11 00:42:38.603] [info] Frame 9 (t = 0.09):	 total squared error = 0.000492790, marker error: RMS = 0.00443978, max = 0.00736772 (R_Shank_Lateral)
[2026-08-11 00:42:38.644] [info] Frame 10 (t = 0.1):	 total squared error = 0.000483102, marker error: RMS = 0.00439592, max = 0.00735175 (L_Shoulder)
[2026-08-11 00:42:38.669] [info] Frame 11 (t = 0.11):	 total squared error = 0.000513248, marker error: RMS = 0.00453099, max = 0.00779710 (L_Elbow)
[2026-08-11 00:42:38.693] [info] Frame 12 (t = 0.12):	 total squared error = 0.000580036, marker error: RMS = 0.00481679, max = 0.00879007 (L_Elbow)
[2026-08-11 00:42:38.725] [info] Frame 13 (t = 0.13):	 total squared error = 0.000693086, marker error: RMS = 0.00526530, max = 0.00946077 (L_Elbow)
[2026-08-11 00:42:38.746] [info] Frame 14 (t = 0.14):	 total squared error = 0.000837427, marker error: RMS = 0.00578767, max = 0.0102603 (R_Thigh_Lateral)
[2026-08-11 00:42:38.763] [info] Frame 15 (t = 0.15):	 total squared error = 0.000978272, marker error: RMS = 0.00625547, max = 0.0122041 (R_Thigh_Lateral)
[2026-08-11 00:42:38.795] [info] Frame 16 (t = 0.16):	 total squared error = 0.00106898, marker error: RMS = 0.00653907, max = 0.0128832 (R_Thigh_Lateral)
[2026-08-11 00:42:38.818] [info] Frame 17 (t = 0.17):	 total squared error = 0.00110640, marker error: RMS = 0.00665252, max = 0.0124911 (R_Thigh_Lateral)
[2026-08-11 00:42:38.842] [info] Frame 18 (t = 0.18):	 total squared error = 0.00108267, marker error: RMS = 0.00658079, max = 0.011998 (Sternum)
[2026-08-11 00:42:38.886] [info] Frame 19 (t = 0.19):	 total squared error = 0.00101980, marker error: RMS = 0.00638685, max = 0.0120555 (Sternum)
[2026-08-11 00:42:38.909] [info] Frame 20 (t = 0.2):	 total squared error = 0.000950461, marker error: RMS = 0.00616591, max = 0.0120052 (Sternum)
[2026-08-11 00:42:38.929] [info] Frame 21 (t = 0.21):	 total squared error = 0.000887335, marker error: RMS = 0.00595763, max = 0.0116852 (Sternum)
[2026-08-11 00:42:38.954] [info] Frame 22 (t = 0.22):	 total squared error = 0.000826613, marker error: RMS = 0.00575018, max = 0.0110750 (Sternum)
[2026-08-11 00:42:38.981] [info] Frame 23 (t = 0.23):	 total squared error = 0.000756986, marker error: RMS = 0.00550268, max = 0.0101895 (Sternum)
[2026-08-11 00:42:39.005] [info] Frame 24 (t = 0.24):	 total squared error = 0.000683268, marker error: RMS = 0.00522788, max = 0.00955784 (L_Elbow)
[2026-08-11 00:42:39.045] [info] Frame 25 (t = 0.25):	 total squared error = 0.000612256, marker error: RMS = 0.00494876, max = 0.00945391 (L_Elbow)
[2026-08-11 00:42:39.070] [info] Frame 26 (t = 0.26):	 total squared error = 0.000583048, marker error: RMS = 0.00482928, max = 0.00955635 (L_Elbow)
[2026-08-11 00:42:39.097] [info] Frame 27 (t = 0.27):	 total squared error = 0.000574528, marker error: RMS = 0.00479386, max = 0.00951900 (L_Elbow)
[2026-08-11 00:42:39.124] [info] Frame 28 (t = 0.28):	 total squared error = 0.000569804, marker error: RMS = 0.00477411, max = 0.00941114 (L_Elbow)
[2026-08-11 00:42:39.153] [info] Frame 29 (t = 0.29):	 total squared error = 0.000560825, marker error: RMS = 0.00473635, max = 0.00926561 (Sacral)
[2026-08-11 00:42:39.183] [info] Frame 30 (t = 0.3):	 total squared error = 0.000547390, marker error: RMS = 0.00467928, max = 0.00904461 (Sacral)
[2026-08-11 00:42:39.213] [info] Frame 31 (t = 0.31):	 total squared error = 0.000533317, marker error: RMS = 0.00461873, max = 0.00854945 (L_Elbow)
[2026-08-11 00:42:39.255] [info] Frame 32 (t = 0.32):	 total squared error = 0.000506920, marker error: RMS = 0.00450298, max = 0.00810389 (L_Elbow)
[2026-08-11 00:42:39.295] [info] Frame 33 (t = 0.33):	 total squared error = 0.000484603, marker error: RMS = 0.00440274, max = 0.00773007 (L_Elbow)
[2026-08-11 00:42:39.314] [info] Frame 34 (t = 0.34):	 total squared error = 0.000472335, marker error: RMS = 0.00434665, max = 0.00773492 (L_Shoulder)
[2026-08-11 00:42:39.332] [info] Frame 35 (t = 0.35):	 total squared error = 0.000459498, marker error: RMS = 0.00428718, max = 0.00757743 (L_Shoulder)
[2026-08-11 00:42:39.353] [info] Frame 36 (t = 0.36):	 total squared error = 0.000448164, marker error: RMS = 0.00423397, max = 0.00768581 (Sternum)
[2026-08-11 00:42:39.383] [info] Frame 37 (t = 0.37):	 total squared error = 0.000446993, marker error: RMS = 0.00422844, max = 0.00774019 (Sternum)
[2026-08-11 00:42:39.415] [info] Frame 38 (t = 0.38):	 total squared error = 0.000460588, marker error: RMS = 0.00429226, max = 0.00772606 (Sternum)
[2026-08-11 00:42:39.433] [info] Frame 39 (t = 0.39):	 total squared error = 0.000488167, marker error: RMS = 0.00441890, max = 0.00917918 (L_Shank_Lateral)
[2026-08-11 00:42:39.459] [info] Frame 40 (t = 0.4):	 total squared error = 0.000510995, marker error: RMS = 0.00452104, max = 0.0106490 (L_Shank_Lateral)
[2026-08-11 00:42:39.484] [info] Frame 41 (t = 0.41):	 total squared error = 0.000531598, marker error: RMS = 0.00461128, max = 0.0117172 (L_Shank_Lateral)
[2026-08-11 00:42:39.499] [info] Frame 42 (t = 0.42):	 total squared error = 0.000575880, marker error: RMS = 0.00479950, max = 0.0126465 (L_Shank_Lateral)
[2026-08-11 00:42:39.526] [info] Frame 43 (t = 0.43):	 total squared error = 0.000557259, marker error: RMS = 0.00472127, max = 0.0127983 (L_Shank_Lateral)
[2026-08-11 00:42:39.561] [info] Frame 44 (t = 0.44):	 total squared error = 0.000546322, marker error: RMS = 0.00467470, max = 0.0126515 (L_Shank_Lateral)
[2026-08-11 00:42:39.610] [info] Frame 45 (t = 0.45):	 total squared error = 0.000535139, marker error: RMS = 0.00462661, max = 0.0124781 (L_Shank_Lateral)
[2026-08-11 00:42:39.649] [info] Frame 46 (t = 0.46):	 total squared error = 0.000531902, marker error: RMS = 0.00461260, max = 0.0120508 (L_Shank_Lateral)
[2026-08-11 00:42:39.679] [info] Frame 47 (t = 0.47):	 total squared error = 0.000527823, marker error: RMS = 0.00459488, max = 0.0116117 (L_Shank_Lateral)
[2026-08-11 00:42:39.725] [info] Frame 48 (t = 0.48):	 total squared error = 0.000516893, marker error: RMS = 0.00454705, max = 0.0110896 (L_Shank_Lateral)
[2026-08-11 00:42:39.759] [info] Frame 49 (t = 0.49):	 total squared error = 0.000502177, marker error: RMS = 0.00448186, max = 0.0103687 (L_Shank_Lateral)
[2026-08-11 00:42:39.792] [info] Frame 50 (t = 0.5):	 total squared error = 0.000484743, marker error: RMS = 0.00440337, max = 0.00942062 (L_Shank_Lateral)
[2026-08-11 00:42:39.838] [info] Frame 51 (t = 0.51):	 total squared error = 0.000466096, marker error: RMS = 0.00431785, max = 0.00801034 (L_Shank_Lateral)
[2026-08-11 00:42:39.878] [info] Frame 52 (t = 0.52):	 total squared error = 0.000462321, marker error: RMS = 0.00430033, max = 0.00752741 (R_Elbow)
[2026-08-11 00:42:39.908] [info] Frame 53 (t = 0.53):	 total squared error = 0.000486161, marker error: RMS = 0.00440981, max = 0.00855745 (Sternum)
[2026-08-11 00:42:39.955] [info] Frame 54 (t = 0.54):	 total squared error = 0.000544048, marker error: RMS = 0.00466497, max = 0.00971532 (Sternum)
[2026-08-11 00:42:39.981] [info] Frame 55 (t = 0.55):	 total squared error = 0.000638512, marker error: RMS = 0.00505376, max = 0.0109037 (Sternum)
[2026-08-11 00:42:40.003] [info] Frame 56 (t = 0.56):	 total squared error = 0.000751789, marker error: RMS = 0.00548375, max = 0.0120660 (Sternum)
[2026-08-11 00:42:40.040] [info] Frame 57 (t = 0.57):	 total squared error = 0.000865658, marker error: RMS = 0.00588441, max = 0.0130275 (Sternum)
[2026-08-11 00:42:40.050] [info] Frame 58 (t = 0.58):	 total squared error = 0.000971560, marker error: RMS = 0.00623397, max = 0.0142272 (Sternum)
[2026-08-11 00:42:40.089] [info] Frame 59 (t = 0.59):	 total squared error = 0.00103317, marker error: RMS = 0.00642860, max = 0.0146375 (Sternum)
[2026-08-11 00:42:40.112] [info] Frame 60 (t = 0.6):	 total squared error = 0.00107398, marker error: RMS = 0.00655433, max = 0.0151526 (Sternum)
[2026-08-11 00:42:40.131] [info] Frame 61 (t = 0.61):	 total squared error = 0.00108535, marker error: RMS = 0.00658893, max = 0.0153165 (Sternum)
[2026-08-11 00:42:40.168] [info] Frame 62 (t = 0.62):	 total squared error = 0.00104868, marker error: RMS = 0.00647667, max = 0.0152114 (Sternum)
[2026-08-11 00:42:40.195] [info] Frame 63 (t = 0.63):	 total squared error = 0.00100095, marker error: RMS = 0.00632756, max = 0.0148439 (Sternum)
[2026-08-11 00:42:40.236] [info] Frame 64 (t = 0.64):	 total squared error = 0.000920806, marker error: RMS = 0.00606896, max = 0.0142299 (Sternum)
[2026-08-11 00:42:40.256] [info] Frame 65 (t = 0.65):	 total squared error = 0.000832971, marker error: RMS = 0.00577225, max = 0.0132447 (Sternum)
[2026-08-11 00:42:40.284] [info] Frame 66 (t = 0.66):	 total squared error = 0.000732770, marker error: RMS = 0.00541394, max = 0.0121336 (Sternum)
[2026-08-11 00:42:40.309] [info] Frame 67 (t = 0.67):	 total squared error = 0.000642090, marker error: RMS = 0.00506790, max = 0.0109297 (Sternum)
[2026-08-11 00:42:40.347] [info] Frame 68 (t = 0.68):	 total squared error = 0.000556456, marker error: RMS = 0.00471786, max = 0.00991021 (Sternum)
[2026-08-11 00:42:40.372] [info] Frame 69 (t = 0.69):	 total squared error = 0.000517382, marker error: RMS = 0.00454921, max = 0.00907230 (R_Elbow)
[2026-08-11 00:42:40.403] [info] Frame 70 (t = 0.7):	 total squared error = 0.000494729, marker error: RMS = 0.00444850, max = 0.00901615 (R_Elbow)
[2026-08-11 00:42:40.429] [info] Frame 71 (t = 0.71):	 total squared error = 0.000481085, marker error: RMS = 0.00438673, max = 0.00888703 (R_Elbow)
[2026-08-11 00:42:40.467] [info] Frame 72 (t = 0.72):	 total squared error = 0.000462358, marker error: RMS = 0.00430050, max = 0.00865400 (R_Elbow)
[2026-08-11 00:42:40.494] [info] Frame 73 (t = 0.73):	 total squared error = 0.000452280, marker error: RMS = 0.00425337, max = 0.00843454 (R_Elbow)
[2026-08-11 00:42:40.543] [info] Frame 74 (t = 0.74):	 total squared error = 0.000441342, marker error: RMS = 0.00420163, max = 0.00817063 (R_Elbow)
[2026-08-11 00:42:40.572] [info] Frame 75 (t = 0.75):	 total squared error = 0.000436850, marker error: RMS = 0.00418019, max = 0.00795494 (R_Elbow)
[2026-08-11 00:42:40.630] [info] Frame 76 (t = 0.76):	 total squared error = 0.000430578, marker error: RMS = 0.00415008, max = 0.00775442 (Sternum)
[2026-08-11 00:42:40.655] [info] Frame 77 (t = 0.77):	 total squared error = 0.000433951, marker error: RMS = 0.00416630, max = 0.00834545 (Sternum)
[2026-08-11 00:42:40.682] [info] Frame 78 (t = 0.78):	 total squared error = 0.000446270, marker error: RMS = 0.00422502, max = 0.00893431 (Sternum)
[2026-08-11 00:42:40.730] [info] Frame 79 (t = 0.79):	 total squared error = 0.000455316, marker error: RMS = 0.00426763, max = 0.00918367 (Sternum)
[2026-08-11 00:42:40.777] [info] Frame 80 (t = 0.8):	 total squared error = 0.000477777, marker error: RMS = 0.00437162, max = 0.00951538 (Sternum)
[2026-08-11 00:42:40.816] [info] Frame 81 (t = 0.81):	 total squared error = 0.000505453, marker error: RMS = 0.00449646, max = 0.00959725 (Sternum)
[2026-08-11 00:42:40.848] [info] Frame 82 (t = 0.82):	 total squared error = 0.000535697, marker error: RMS = 0.00462902, max = 0.00993652 (R_Shank_Lateral)
[2026-08-11 00:42:40.881] [info] Frame 83 (t = 0.83):	 total squared error = 0.000563815, marker error: RMS = 0.00474896, max = 0.0112746 (R_Shank_Lateral)
[2026-08-11 00:42:40.924] [info] Frame 84 (t = 0.84):	 total squared error = 0.000585764, marker error: RMS = 0.00484051, max = 0.012283 (R_Shank_Lateral)
[2026-08-11 00:42:40.949] [info] Frame 85 (t = 0.85):	 total squared error = 0.000602655, marker error: RMS = 0.00490981, max = 0.0131656 (R_Shank_Lateral)
[2026-08-11 00:42:40.974] [info] Frame 86 (t = 0.86):	 total squared error = 0.000608086, marker error: RMS = 0.00493188, max = 0.0134344 (R_Shank_Lateral)
[2026-08-11 00:42:41.005] [info] Frame 87 (t = 0.87):	 total squared error = 0.000605899, marker error: RMS = 0.00492300, max = 0.0132233 (R_Shank_Lateral)
[2026-08-11 00:42:41.041] [info] Frame 88 (t = 0.88):	 total squared error = 0.000601792, marker error: RMS = 0.00490629, max = 0.0129737 (R_Shank_Lateral)
[2026-08-11 00:42:41.072] [info] Frame 89 (t = 0.89):	 total squared error = 0.000595874, marker error: RMS = 0.00488211, max = 0.0127212 (R_Shank_Lateral)
[2026-08-11 00:42:41.107] [info] Frame 90 (t = 0.9):	 total squared error = 0.000583667, marker error: RMS = 0.00483184, max = 0.0121973 (R_Shank_Lateral)
[2026-08-11 00:42:41.146] [info] Frame 91 (t = 0.91):	 total squared error = 0.000564484, marker error: RMS = 0.00475177, max = 0.0116484 (R_Shank_Lateral)
[2026-08-11 00:42:41.182] [info] Frame 92 (t = 0.92):	 total squared error = 0.000535047, marker error: RMS = 0.00462622, max = 0.0108454 (R_Shank_Lateral)
[2026-08-11 00:42:41.221] [info] Frame 93 (t = 0.93):	 total squared error = 0.000495603, marker error: RMS = 0.00445243, max = 0.00975161 (R_Shank_Lateral)
[2026-08-11 00:42:41.261] [info] Frame 94 (t = 0.94):	 total squared error = 0.000452978, marker error: RMS = 0.00425666, max = 0.00826948 (R_Shank_Lateral)
[2026-08-11 00:42:41.299] [info] Frame 95 (t = 0.95):	 total squared error = 0.000421211, marker error: RMS = 0.00410468, max = 0.00669868 (C7)
[2026-08-11 00:42:41.335] [info] Frame 96 (t = 0.96):	 total squared error = 0.000416232, marker error: RMS = 0.00408035, max = 0.00689091 (L_Thigh_Lateral)
[2026-08-11 00:42:41.361] [info] Frame 97 (t = 0.97):	 total squared error = 0.000455709, marker error: RMS = 0.00426947, max = 0.00728566 (L_Thigh_Lateral)
[2026-08-11 00:42:41.384] [info] Frame 98 (t = 0.98):	 total squared error = 0.000528564, marker error: RMS = 0.00459811, max = 0.00758720 (L_Thigh_Lateral)
[2026-08-11 00:42:41.422] [info] Frame 99 (t = 0.99):	 total squared error = 0.000618728, marker error: RMS = 0.00497485, max = 0.00819809 (L_Elbow)
[2026-08-11 00:42:41.444] [info] Frame 100 (t = 1.0):	 total squared error = 0.000702190, marker error: RMS = 0.00529978, max = 0.00895168 (Sternum)
[2026-08-11 00:42:41.468] [info] Frame 101 (t = 1.01):	 total squared error = 0.000757176, marker error: RMS = 0.00550336, max = 0.00971252 (Sternum)
[2026-08-11 00:42:41.507] [info] Frame 102 (t = 1.02):	 total squared error = 0.000779642, marker error: RMS = 0.00558441, max = 0.0101621 (Sternum)
[2026-08-11 00:42:41.528] [info] Frame 103 (t = 1.03):	 total squared error = 0.000777970, marker error: RMS = 0.00557842, max = 0.0105055 (Sternum)
[2026-08-11 00:42:41.554] [info] Frame 104 (t = 1.04):	 total squared error = 0.000764539, marker error: RMS = 0.00553006, max = 0.0105436 (Sternum)
[2026-08-11 00:42:41.597] [info] Frame 105 (t = 1.05):	 total squared error = 0.000745392, marker error: RMS = 0.00546037, max = 0.0102439 (Sternum)
[2026-08-11 00:42:41.619] [info] Frame 106 (t = 1.06):	 total squared error = 0.000718936, marker error: RMS = 0.00536260, max = 0.00980487 (Sternum)
[2026-08-11 00:42:41.635] [info] Frame 107 (t = 1.07):	 total squared error = 0.000679220, marker error: RMS = 0.00521237, max = 0.00913173 (Sternum)
[2026-08-11 00:42:41.659] [info] Frame 108 (t = 1.08):	 total squared error = 0.000623362, marker error: RMS = 0.00499344, max = 0.00849302 (L_Elbow)
[2026-08-11 00:42:41.676] [info] Frame 109 (t = 1.09):	 total squared error = 0.000569723, marker error: RMS = 0.00477377, max = 0.00847088 (L_Elbow)
[2026-08-11 00:42:41.697] [info] Frame 110 (t = 1.1):	 total squared error = 0.000538490, marker error: RMS = 0.00464108, max = 0.00835215 (L_Elbow)
[2026-08-11 00:42:41.751] [info] Frame 111 (t = 1.11):	 total squared error = 0.000529493, marker error: RMS = 0.00460214, max = 0.00812843 (L_Elbow)
[2026-08-11 00:42:41.777] [info] Frame 112 (t = 1.12):	 total squared error = 0.000537145, marker error: RMS = 0.00463528, max = 0.00801385 (L_Elbow)
[2026-08-11 00:42:41.805] [info] Frame 113 (t = 1.13):	 total squared error = 0.000545354, marker error: RMS = 0.00467057, max = 0.00785394 (L_Elbow)
[2026-08-11 00:42:41.834] [info] Frame 114 (t = 1.14):	 total squared error = 0.000549601, marker error: RMS = 0.00468872, max = 0.00778731 (Thoracic)
[2026-08-11 00:42:41.872] [info] Frame 115 (t = 1.15):	 total squared error = 0.000551108, marker error: RMS = 0.00469514, max = 0.00789810 (Thoracic)
[2026-08-11 00:42:41.900] [info] Frame 116 (t = 1.16):	 total squared error = 0.000555476, marker error: RMS = 0.00471371, max = 0.00803968 (Thoracic)
[2026-08-11 00:42:41.929] [info] Frame 117 (t = 1.17):	 total squared error = 0.000553200, marker error: RMS = 0.00470404, max = 0.00807493 (Thoracic)
[2026-08-11 00:42:41.975] [info] Frame 118 (t = 1.18):	 total squared error = 0.000539406, marker error: RMS = 0.00464502, max = 0.00813868 (Thoracic)
[2026-08-11 00:42:41.995] [info] Frame 119 (t = 1.19):	 total squared error = 0.000538282, marker error: RMS = 0.00464018, max = 0.00815859 (Thoracic)
[2026-08-11 00:42:42.021] [info] Frame 120 (t = 1.2):	 total squared error = 0.000531397, marker error: RMS = 0.00461041, max = 0.00828861 (Sternum)
[2026-08-11 00:42:42.037] [info] Frame 121 (t = 1.21):	 total squared error = 0.000536257, marker error: RMS = 0.00463144, max = 0.00814771 (Sternum)
[2026-08-11 00:42:42.069] [info] Frame 122 (t = 1.22):	 total squared error = 0.000537536, marker error: RMS = 0.00463696, max = 0.00789200 (Sternum)
[2026-08-11 00:42:42.107] [info] Frame 123 (t = 1.23):	 total squared error = 0.000550583, marker error: RMS = 0.00469290, max = 0.00896868 (L_Shank_Lateral)
[2026-08-11 00:42:42.123] [info] Frame 124 (t = 1.24):	 total squared error = 0.000580920, marker error: RMS = 0.00482045, max = 0.0107418 (L_Shank_Lateral)
[2026-08-11 00:42:42.157] [info] Frame 125 (t = 1.25):	 total squared error = 0.000585961, marker error: RMS = 0.00484132, max = 0.0118768 (L_Shank_Lateral)
[2026-08-11 00:42:42.196] [info] Frame 126 (t = 1.26):	 total squared error = 0.000594115, marker error: RMS = 0.00487490, max = 0.0126537 (L_Shank_Lateral)
[2026-08-11 00:42:42.234] [info] Frame 127 (t = 1.27):	 total squared error = 0.000594330, marker error: RMS = 0.00487578, max = 0.0130693 (L_Shank_Lateral)
[2026-08-11 00:42:42.260] [info] Frame 128 (t = 1.28):	 total squared error = 0.000591925, marker error: RMS = 0.00486590, max = 0.0132354 (L_Shank_Lateral)
[2026-08-11 00:42:42.288] [info] Frame 129 (t = 1.29):	 total squared error = 0.000579096, marker error: RMS = 0.00481288, max = 0.0130109 (L_Shank_Lateral)
[2026-08-11 00:42:42.329] [info] Frame 130 (t = 1.3):	 total squared error = 0.000564467, marker error: RMS = 0.00475170, max = 0.0126476 (L_Shank_Lateral)
[2026-08-11 00:42:42.371] [info] Frame 131 (t = 1.31):	 total squared error = 0.000548656, marker error: RMS = 0.00468468, max = 0.0122463 (L_Shank_Lateral)
[2026-08-11 00:42:42.412] [info] Frame 132 (t = 1.32):	 total squared error = 0.000526928, marker error: RMS = 0.00459098, max = 0.0117564 (L_Shank_Lateral)
[2026-08-11 00:42:42.447] [info] Frame 133 (t = 1.33):	 total squared error = 0.000495805, marker error: RMS = 0.00445334, max = 0.0110178 (L_Shank_Lateral)
[2026-08-11 00:42:42.477] [info] Frame 134 (t = 1.34):	 total squared error = 0.000462415, marker error: RMS = 0.00430077, max = 0.0100577 (L_Shank_Lateral)
[2026-08-11 00:42:42.518] [info] Frame 135 (t = 1.35):	 total squared error = 0.000414829, marker error: RMS = 0.00407347, max = 0.00858004 (L_Shank_Lateral)
[2026-08-11 00:42:42.544] [info] Frame 136 (t = 1.36):	 total squared error = 0.000388585, marker error: RMS = 0.00394251, max = 0.00698538 (C7)
[2026-08-11 00:42:42.588] [info] Frame 137 (t = 1.37):	 total squared error = 0.000375312, marker error: RMS = 0.00387459, max = 0.00735422 (R_Elbow)
[2026-08-11 00:42:42.608] [info] Frame 138 (t = 1.38):	 total squared error = 0.000414965, marker error: RMS = 0.00407414, max = 0.00787876 (R_Elbow)
[2026-08-11 00:42:42.642] [info] Frame 139 (t = 1.39):	 total squared error = 0.000457856, marker error: RMS = 0.00427951, max = 0.00870940 (R_Elbow)
[2026-08-11 00:42:42.665] [info] Frame 140 (t = 1.4):	 total squared error = 0.000541983, marker error: RMS = 0.00465611, max = 0.00918192 (R_Elbow)
[2026-08-11 00:42:42.700] [info] Frame 141 (t = 1.41):	 total squared error = 0.000621086, marker error: RMS = 0.00498432, max = 0.00960767 (R_Elbow)
[2026-08-11 00:42:42.711] [info] Frame 142 (t = 1.42):	 total squared error = 0.000703033, marker error: RMS = 0.00530296, max = 0.0101845 (Sternum)
[2026-08-11 00:42:42.747] [info] Frame 143 (t = 1.43):	 total squared error = 0.000736677, marker error: RMS = 0.00542836, max = 0.0106858 (Sternum)
[2026-08-11 00:42:42.784] [info] Frame 144 (t = 1.44):	 total squared error = 0.000757708, marker error: RMS = 0.00550530, max = 0.0111329 (Sternum)
[2026-08-11 00:42:42.807] [info] Frame 145 (t = 1.45):	 total squared error = 0.000763859, marker error: RMS = 0.00552760, max = 0.0114646 (Sternum)
[2026-08-11 00:42:42.832] [info] Frame 146 (t = 1.46):	 total squared error = 0.000756361, marker error: RMS = 0.00550040, max = 0.0115166 (Sternum)
[2026-08-11 00:42:42.849] [info] Frame 147 (t = 1.47):	 total squared error = 0.000736706, marker error: RMS = 0.00542846, max = 0.0111828 (Sternum)
[2026-08-11 00:42:42.883] [info] Frame 148 (t = 1.48):	 total squared error = 0.000671116, marker error: RMS = 0.00518118, max = 0.0107336 (Sternum)
[2026-08-11 00:42:42.906] [info] Frame 149 (t = 1.49):	 total squared error = 0.000615514, marker error: RMS = 0.00496191, max = 0.00997123 (Sternum)
[2026-08-11 00:42:42.957] [info] Frame 150 (t = 1.5):	 total squared error = 0.000542125, marker error: RMS = 0.00465672, max = 0.00915994 (Sternum)
[2026-08-11 00:42:42.976] [info] Frame 151 (t = 1.51):	 total squared error = 0.000487742, marker error: RMS = 0.00441698, max = 0.00864094 (R_Elbow)
[2026-08-11 00:42:43.000] [info] Frame 152 (t = 1.52):	 total squared error = 0.000460831, marker error: RMS = 0.00429340, max = 0.00842164 (R_Elbow)
[2026-08-11 00:42:43.026] [info] Frame 153 (t = 1.53):	 total squared error = 0.000459489, marker error: RMS = 0.00428714, max = 0.00844860 (R_Elbow)
[2026-08-11 00:42:43.055] [info] Frame 154 (t = 1.54):	 total squared error = 0.000472021, marker error: RMS = 0.00434521, max = 0.00844441 (R_Elbow)
[2026-08-11 00:42:43.080] [info] Frame 155 (t = 1.55):	 total squared error = 0.000489148, marker error: RMS = 0.00442334, max = 0.00841600 (R_Elbow)
[2026-08-11 00:42:43.126] [info] Frame 156 (t = 1.56):	 total squared error = 0.000500231, marker error: RMS = 0.00447317, max = 0.00866676 (Sacral)
[2026-08-11 00:42:43.151] [info] Frame 157 (t = 1.57):	 total squared error = 0.000510104, marker error: RMS = 0.00451710, max = 0.00850329 (Sacral)
[2026-08-11 00:42:43.204] [info] Frame 158 (t = 1.58):	 total squared error = 0.000508515, marker error: RMS = 0.00451006, max = 0.00846129 (Sacral)
[2026-08-11 00:42:43.258] [info] Frame 159 (t = 1.59):	 total squared error = 0.000504510, marker error: RMS = 0.00449226, max = 0.00832971 (R_Elbow)
[2026-08-11 00:42:43.282] [info] Frame 160 (t = 1.6):	 total squared error = 0.000500111, marker error: RMS = 0.00447263, max = 0.00824003 (R_Elbow)
[2026-08-11 00:42:43.325] [info] Frame 161 (t = 1.61):	 total squared error = 0.000490435, marker error: RMS = 0.00442915, max = 0.00812085 (R_Elbow)
[2026-08-11 00:42:43.370] [info] Frame 162 (t = 1.62):	 total squared error = 0.000490451, marker error: RMS = 0.00442923, max = 0.00798494 (R_Elbow)
[2026-08-11 00:42:43.395] [info] Frame 163 (t = 1.63):	 total squared error = 0.000502215, marker error: RMS = 0.00448203, max = 0.00789166 (Sternum)
[2026-08-11 00:42:43.416] [info] Frame 164 (t = 1.64):	 total squared error = 0.000526407, marker error: RMS = 0.00458871, max = 0.00895891 (R_Shank_Lateral)
[2026-08-11 00:42:43.457] [info] Frame 165 (t = 1.65):	 total squared error = 0.000541565, marker error: RMS = 0.00465431, max = 0.0100026 (R_Shank_Lateral)
[2026-08-11 00:42:43.488] [info] Frame 166 (t = 1.66):	 total squared error = 0.000570059, marker error: RMS = 0.00477518, max = 0.0117582 (R_Shank_Lateral)
[2026-08-11 00:42:43.528] [info] Frame 167 (t = 1.67):	 total squared error = 0.000585825, marker error: RMS = 0.00484077, max = 0.012486 (R_Shank_Lateral)
[2026-08-11 00:42:43.553] [info] Frame 168 (t = 1.68):	 total squared error = 0.000599391, marker error: RMS = 0.00489649, max = 0.0136076 (R_Shank_Lateral)
[2026-08-11 00:42:43.585] [info] Frame 169 (t = 1.69):	 total squared error = 0.000593502, marker error: RMS = 0.00487238, max = 0.0138865 (R_Shank_Lateral)
[2026-08-11 00:42:43.624] [info] Frame 170 (t = 1.7):	 total squared error = 0.000576915, marker error: RMS = 0.00480381, max = 0.0134938 (R_Shank_Lateral)
[2026-08-11 00:42:43.628] [info] InverseKinematicsTool completed 171 frames in 5 second(s).
[2026-08-11 00:42:43.680] [info] Loaded model SUBJ63-scaled from file C:\Users\migue\Downloads\TFG\2_JMP\SUBJ63\Walk_3\SUBJ63_3_JMP_results\SUBJ63_3_NMSM_JMP_03_final.osim
[2026-08-11 00:42:44.238] [warning] Coordinate.setValue:  coordinate pro_sup_r is locked. Unable to change its value.
[2026-08-11 00:42:44.278] [warning] Coordinate.setValue:  coordinate pro_sup_l is locked. Unable to change its value.
[2026-08-11 00:43:16.755] [info] Loaded model SUBJ63-scaled from file C:\Users\migue\Downloads\TFG\2_JMP\SUBJ63\Walk_3\SUBJ63_3_JMP_results\SUBJ63_3_NMSM_JMP_03_final.osim
[2026-08-11 00:43:16.773] [cout] [info] 
               MODEL: SUBJ63-scaled
         coordinates: 41
              forces: 103
           actuators: 103
             muscles: 86
            analyses: 0
              probes: 0
              bodies: 24
              joints: 24
         constraints: 2
             markers: 25
         controllers: 0
  contact geometries: 0
misc modelcomponents: 0
[2026-08-11 00:43:16.773] [info] Running tool .
[2026-08-11 00:43:16.879] [info] Frame 0 (t = 0.0):	 total squared error = 0.000825234, marker error: RMS = 0.00574538, max = 0.0142519 (R_Shank_Lateral)
[2026-08-11 00:43:16.925] [info] Frame 1 (t = 0.01):	 total squared error = 0.000789888, marker error: RMS = 0.00562099, max = 0.0138111 (R_Shank_Lateral)
[2026-08-11 00:43:16.954] [info] Frame 2 (t = 0.02):	 total squared error = 0.000745806, marker error: RMS = 0.00546189, max = 0.0133874 (R_Shank_Lateral)
[2026-08-11 00:43:16.997] [info] Frame 3 (t = 0.03):	 total squared error = 0.000692876, marker error: RMS = 0.00526451, max = 0.0125797 (R_Shank_Lateral)
[2026-08-11 00:43:17.027] [info] Frame 4 (t = 0.04):	 total squared error = 0.000649741, marker error: RMS = 0.00509800, max = 0.0121238 (R_Shank_Lateral)
[2026-08-11 00:43:17.071] [info] Frame 5 (t = 0.05):	 total squared error = 0.000607890, marker error: RMS = 0.00493109, max = 0.0113488 (R_Shank_Lateral)
[2026-08-11 00:43:17.106] [info] Frame 6 (t = 0.06):	 total squared error = 0.000574817, marker error: RMS = 0.00479507, max = 0.0107726 (R_Shank_Lateral)
[2026-08-11 00:43:17.149] [info] Frame 7 (t = 0.07):	 total squared error = 0.000545081, marker error: RMS = 0.00466940, max = 0.00994678 (R_Shank_Lateral)
[2026-08-11 00:43:17.176] [info] Frame 8 (t = 0.08):	 total squared error = 0.000522438, marker error: RMS = 0.00457138, max = 0.00907746 (R_Shank_Lateral)
[2026-08-11 00:43:17.210] [info] Frame 9 (t = 0.09):	 total squared error = 0.000492790, marker error: RMS = 0.00443978, max = 0.00736772 (R_Shank_Lateral)
[2026-08-11 00:43:17.249] [info] Frame 10 (t = 0.1):	 total squared error = 0.000483102, marker error: RMS = 0.00439592, max = 0.00735175 (L_Shoulder)
[2026-08-11 00:43:17.274] [info] Frame 11 (t = 0.11):	 total squared error = 0.000513248, marker error: RMS = 0.00453099, max = 0.00779710 (L_Elbow)
[2026-08-11 00:43:17.298] [info] Frame 12 (t = 0.12):	 total squared error = 0.000580036, marker error: RMS = 0.00481679, max = 0.00879007 (L_Elbow)
[2026-08-11 00:43:17.330] [info] Frame 13 (t = 0.13):	 total squared error = 0.000693086, marker error: RMS = 0.00526530, max = 0.00946077 (L_Elbow)
[2026-08-11 00:43:17.351] [info] Frame 14 (t = 0.14):	 total squared error = 0.000837427, marker error: RMS = 0.00578767, max = 0.0102603 (R_Thigh_Lateral)
[2026-08-11 00:43:17.368] [info] Frame 15 (t = 0.15):	 total squared error = 0.000978272, marker error: RMS = 0.00625547, max = 0.0122041 (R_Thigh_Lateral)
[2026-08-11 00:43:17.400] [info] Frame 16 (t = 0.16):	 total squared error = 0.00106898, marker error: RMS = 0.00653907, max = 0.0128832 (R_Thigh_Lateral)
[2026-08-11 00:43:17.423] [info] Frame 17 (t = 0.17):	 total squared error = 0.00110640, marker error: RMS = 0.00665252, max = 0.0124911 (R_Thigh_Lateral)
[2026-08-11 00:43:17.448] [info] Frame 18 (t = 0.18):	 total squared error = 0.00108267, marker error: RMS = 0.00658079, max = 0.011998 (Sternum)
[2026-08-11 00:43:17.492] [info] Frame 19 (t = 0.19):	 total squared error = 0.00101980, marker error: RMS = 0.00638685, max = 0.0120555 (Sternum)
[2026-08-11 00:43:17.514] [info] Frame 20 (t = 0.2):	 total squared error = 0.000950461, marker error: RMS = 0.00616591, max = 0.0120052 (Sternum)
[2026-08-11 00:43:17.534] [info] Frame 21 (t = 0.21):	 total squared error = 0.000887335, marker error: RMS = 0.00595763, max = 0.0116852 (Sternum)
[2026-08-11 00:43:17.559] [info] Frame 22 (t = 0.22):	 total squared error = 0.000826613, marker error: RMS = 0.00575018, max = 0.0110750 (Sternum)
[2026-08-11 00:43:17.586] [info] Frame 23 (t = 0.23):	 total squared error = 0.000756986, marker error: RMS = 0.00550268, max = 0.0101895 (Sternum)
[2026-08-11 00:43:17.610] [info] Frame 24 (t = 0.24):	 total squared error = 0.000683268, marker error: RMS = 0.00522788, max = 0.00955784 (L_Elbow)
[2026-08-11 00:43:17.649] [info] Frame 25 (t = 0.25):	 total squared error = 0.000612256, marker error: RMS = 0.00494876, max = 0.00945391 (L_Elbow)
[2026-08-11 00:43:17.674] [info] Frame 26 (t = 0.26):	 total squared error = 0.000583048, marker error: RMS = 0.00482928, max = 0.00955635 (L_Elbow)
[2026-08-11 00:43:17.706] [info] Frame 27 (t = 0.27):	 total squared error = 0.000574528, marker error: RMS = 0.00479386, max = 0.00951900 (L_Elbow)
[2026-08-11 00:43:17.732] [info] Frame 28 (t = 0.28):	 total squared error = 0.000569804, marker error: RMS = 0.00477411, max = 0.00941114 (L_Elbow)
[2026-08-11 00:43:17.761] [info] Frame 29 (t = 0.29):	 total squared error = 0.000560825, marker error: RMS = 0.00473635, max = 0.00926561 (Sacral)
[2026-08-11 00:43:17.791] [info] Frame 30 (t = 0.3):	 total squared error = 0.000547390, marker error: RMS = 0.00467928, max = 0.00904461 (Sacral)
[2026-08-11 00:43:17.822] [info] Frame 31 (t = 0.31):	 total squared error = 0.000533317, marker error: RMS = 0.00461873, max = 0.00854945 (L_Elbow)
[2026-08-11 00:43:17.864] [info] Frame 32 (t = 0.32):	 total squared error = 0.000506920, marker error: RMS = 0.00450298, max = 0.00810389 (L_Elbow)
[2026-08-11 00:43:17.904] [info] Frame 33 (t = 0.33):	 total squared error = 0.000484603, marker error: RMS = 0.00440274, max = 0.00773007 (L_Elbow)
[2026-08-11 00:43:17.925] [info] Frame 34 (t = 0.34):	 total squared error = 0.000472335, marker error: RMS = 0.00434665, max = 0.00773492 (L_Shoulder)
[2026-08-11 00:43:17.943] [info] Frame 35 (t = 0.35):	 total squared error = 0.000459498, marker error: RMS = 0.00428718, max = 0.00757743 (L_Shoulder)
[2026-08-11 00:43:17.964] [info] Frame 36 (t = 0.36):	 total squared error = 0.000448164, marker error: RMS = 0.00423397, max = 0.00768581 (Sternum)
[2026-08-11 00:43:17.995] [info] Frame 37 (t = 0.37):	 total squared error = 0.000446993, marker error: RMS = 0.00422844, max = 0.00774019 (Sternum)
[2026-08-11 00:43:18.026] [info] Frame 38 (t = 0.38):	 total squared error = 0.000460588, marker error: RMS = 0.00429226, max = 0.00772606 (Sternum)
[2026-08-11 00:43:18.044] [info] Frame 39 (t = 0.39):	 total squared error = 0.000488167, marker error: RMS = 0.00441890, max = 0.00917918 (L_Shank_Lateral)
[2026-08-11 00:43:18.070] [info] Frame 40 (t = 0.4):	 total squared error = 0.000510995, marker error: RMS = 0.00452104, max = 0.0106490 (L_Shank_Lateral)
[2026-08-11 00:43:18.095] [info] Frame 41 (t = 0.41):	 total squared error = 0.000531598, marker error: RMS = 0.00461128, max = 0.0117172 (L_Shank_Lateral)
[2026-08-11 00:43:18.110] [info] Frame 42 (t = 0.42):	 total squared error = 0.000575880, marker error: RMS = 0.00479950, max = 0.0126465 (L_Shank_Lateral)
[2026-08-11 00:43:18.138] [info] Frame 43 (t = 0.43):	 total squared error = 0.000557259, marker error: RMS = 0.00472127, max = 0.0127983 (L_Shank_Lateral)
[2026-08-11 00:43:18.173] [info] Frame 44 (t = 0.44):	 total squared error = 0.000546322, marker error: RMS = 0.00467470, max = 0.0126515 (L_Shank_Lateral)
[2026-08-11 00:43:18.223] [info] Frame 45 (t = 0.45):	 total squared error = 0.000535139, marker error: RMS = 0.00462661, max = 0.0124781 (L_Shank_Lateral)
[2026-08-11 00:43:18.261] [info] Frame 46 (t = 0.46):	 total squared error = 0.000531902, marker error: RMS = 0.00461260, max = 0.0120508 (L_Shank_Lateral)
[2026-08-11 00:43:18.292] [info] Frame 47 (t = 0.47):	 total squared error = 0.000527823, marker error: RMS = 0.00459488, max = 0.0116117 (L_Shank_Lateral)
[2026-08-11 00:43:18.338] [info] Frame 48 (t = 0.48):	 total squared error = 0.000516893, marker error: RMS = 0.00454705, max = 0.0110896 (L_Shank_Lateral)
[2026-08-11 00:43:18.371] [info] Frame 49 (t = 0.49):	 total squared error = 0.000502177, marker error: RMS = 0.00448186, max = 0.0103687 (L_Shank_Lateral)
[2026-08-11 00:43:18.404] [info] Frame 50 (t = 0.5):	 total squared error = 0.000484743, marker error: RMS = 0.00440337, max = 0.00942062 (L_Shank_Lateral)
[2026-08-11 00:43:18.450] [info] Frame 51 (t = 0.51):	 total squared error = 0.000466096, marker error: RMS = 0.00431785, max = 0.00801034 (L_Shank_Lateral)
[2026-08-11 00:43:18.490] [info] Frame 52 (t = 0.52):	 total squared error = 0.000462321, marker error: RMS = 0.00430033, max = 0.00752741 (R_Elbow)
[2026-08-11 00:43:18.519] [info] Frame 53 (t = 0.53):	 total squared error = 0.000486161, marker error: RMS = 0.00440981, max = 0.00855745 (Sternum)
[2026-08-11 00:43:18.564] [info] Frame 54 (t = 0.54):	 total squared error = 0.000544048, marker error: RMS = 0.00466497, max = 0.00971532 (Sternum)
[2026-08-11 00:43:18.590] [info] Frame 55 (t = 0.55):	 total squared error = 0.000638512, marker error: RMS = 0.00505376, max = 0.0109037 (Sternum)
[2026-08-11 00:43:18.612] [info] Frame 56 (t = 0.56):	 total squared error = 0.000751789, marker error: RMS = 0.00548375, max = 0.0120660 (Sternum)
[2026-08-11 00:43:18.650] [info] Frame 57 (t = 0.57):	 total squared error = 0.000865658, marker error: RMS = 0.00588441, max = 0.0130275 (Sternum)
[2026-08-11 00:43:18.661] [info] Frame 58 (t = 0.58):	 total squared error = 0.000971560, marker error: RMS = 0.00623397, max = 0.0142272 (Sternum)
[2026-08-11 00:43:18.699] [info] Frame 59 (t = 0.59):	 total squared error = 0.00103317, marker error: RMS = 0.00642860, max = 0.0146375 (Sternum)
[2026-08-11 00:43:18.722] [info] Frame 60 (t = 0.6):	 total squared error = 0.00107398, marker error: RMS = 0.00655433, max = 0.0151526 (Sternum)
[2026-08-11 00:43:18.741] [info] Frame 61 (t = 0.61):	 total squared error = 0.00108535, marker error: RMS = 0.00658893, max = 0.0153165 (Sternum)
[2026-08-11 00:43:18.778] [info] Frame 62 (t = 0.62):	 total squared error = 0.00104868, marker error: RMS = 0.00647667, max = 0.0152114 (Sternum)
[2026-08-11 00:43:18.804] [info] Frame 63 (t = 0.63):	 total squared error = 0.00100095, marker error: RMS = 0.00632756, max = 0.0148439 (Sternum)
[2026-08-11 00:43:18.845] [info] Frame 64 (t = 0.64):	 total squared error = 0.000920806, marker error: RMS = 0.00606896, max = 0.0142299 (Sternum)
[2026-08-11 00:43:18.865] [info] Frame 65 (t = 0.65):	 total squared error = 0.000832971, marker error: RMS = 0.00577225, max = 0.0132447 (Sternum)
[2026-08-11 00:43:18.893] [info] Frame 66 (t = 0.66):	 total squared error = 0.000732770, marker error: RMS = 0.00541394, max = 0.0121336 (Sternum)
[2026-08-11 00:43:18.916] [info] Frame 67 (t = 0.67):	 total squared error = 0.000642090, marker error: RMS = 0.00506790, max = 0.0109297 (Sternum)
[2026-08-11 00:43:18.954] [info] Frame 68 (t = 0.68):	 total squared error = 0.000556456, marker error: RMS = 0.00471786, max = 0.00991021 (Sternum)
[2026-08-11 00:43:18.979] [info] Frame 69 (t = 0.69):	 total squared error = 0.000517382, marker error: RMS = 0.00454921, max = 0.00907230 (R_Elbow)
[2026-08-11 00:43:19.010] [info] Frame 70 (t = 0.7):	 total squared error = 0.000494729, marker error: RMS = 0.00444850, max = 0.00901615 (R_Elbow)
[2026-08-11 00:43:19.036] [info] Frame 71 (t = 0.71):	 total squared error = 0.000481085, marker error: RMS = 0.00438673, max = 0.00888703 (R_Elbow)
[2026-08-11 00:43:19.073] [info] Frame 72 (t = 0.72):	 total squared error = 0.000462358, marker error: RMS = 0.00430050, max = 0.00865400 (R_Elbow)
[2026-08-11 00:43:19.102] [info] Frame 73 (t = 0.73):	 total squared error = 0.000452280, marker error: RMS = 0.00425337, max = 0.00843454 (R_Elbow)
[2026-08-11 00:43:19.151] [info] Frame 74 (t = 0.74):	 total squared error = 0.000441342, marker error: RMS = 0.00420163, max = 0.00817063 (R_Elbow)
[2026-08-11 00:43:19.180] [info] Frame 75 (t = 0.75):	 total squared error = 0.000436850, marker error: RMS = 0.00418019, max = 0.00795494 (R_Elbow)
[2026-08-11 00:43:19.237] [info] Frame 76 (t = 0.76):	 total squared error = 0.000430578, marker error: RMS = 0.00415008, max = 0.00775442 (Sternum)
[2026-08-11 00:43:19.263] [info] Frame 77 (t = 0.77):	 total squared error = 0.000433951, marker error: RMS = 0.00416630, max = 0.00834545 (Sternum)
[2026-08-11 00:43:19.290] [info] Frame 78 (t = 0.78):	 total squared error = 0.000446270, marker error: RMS = 0.00422502, max = 0.00893431 (Sternum)
[2026-08-11 00:43:19.339] [info] Frame 79 (t = 0.79):	 total squared error = 0.000455316, marker error: RMS = 0.00426763, max = 0.00918367 (Sternum)
[2026-08-11 00:43:19.386] [info] Frame 80 (t = 0.8):	 total squared error = 0.000477777, marker error: RMS = 0.00437162, max = 0.00951538 (Sternum)
[2026-08-11 00:43:19.426] [info] Frame 81 (t = 0.81):	 total squared error = 0.000505453, marker error: RMS = 0.00449646, max = 0.00959725 (Sternum)
[2026-08-11 00:43:19.460] [info] Frame 82 (t = 0.82):	 total squared error = 0.000535697, marker error: RMS = 0.00462902, max = 0.00993652 (R_Shank_Lateral)
[2026-08-11 00:43:19.494] [info] Frame 83 (t = 0.83):	 total squared error = 0.000563815, marker error: RMS = 0.00474896, max = 0.0112746 (R_Shank_Lateral)
[2026-08-11 00:43:19.536] [info] Frame 84 (t = 0.84):	 total squared error = 0.000585764, marker error: RMS = 0.00484051, max = 0.012283 (R_Shank_Lateral)
[2026-08-11 00:43:19.561] [info] Frame 85 (t = 0.85):	 total squared error = 0.000602655, marker error: RMS = 0.00490981, max = 0.0131656 (R_Shank_Lateral)
[2026-08-11 00:43:19.586] [info] Frame 86 (t = 0.86):	 total squared error = 0.000608086, marker error: RMS = 0.00493188, max = 0.0134344 (R_Shank_Lateral)
[2026-08-11 00:43:19.617] [info] Frame 87 (t = 0.87):	 total squared error = 0.000605899, marker error: RMS = 0.00492300, max = 0.0132233 (R_Shank_Lateral)
[2026-08-11 00:43:19.652] [info] Frame 88 (t = 0.88):	 total squared error = 0.000601792, marker error: RMS = 0.00490629, max = 0.0129737 (R_Shank_Lateral)
[2026-08-11 00:43:19.683] [info] Frame 89 (t = 0.89):	 total squared error = 0.000595874, marker error: RMS = 0.00488211, max = 0.0127212 (R_Shank_Lateral)
[2026-08-11 00:43:19.718] [info] Frame 90 (t = 0.9):	 total squared error = 0.000583667, marker error: RMS = 0.00483184, max = 0.0121973 (R_Shank_Lateral)
[2026-08-11 00:43:19.756] [info] Frame 91 (t = 0.91):	 total squared error = 0.000564484, marker error: RMS = 0.00475177, max = 0.0116484 (R_Shank_Lateral)
[2026-08-11 00:43:19.792] [info] Frame 92 (t = 0.92):	 total squared error = 0.000535047, marker error: RMS = 0.00462622, max = 0.0108454 (R_Shank_Lateral)
[2026-08-11 00:43:19.833] [info] Frame 93 (t = 0.93):	 total squared error = 0.000495603, marker error: RMS = 0.00445243, max = 0.00975161 (R_Shank_Lateral)
[2026-08-11 00:43:19.875] [info] Frame 94 (t = 0.94):	 total squared error = 0.000452978, marker error: RMS = 0.00425666, max = 0.00826948 (R_Shank_Lateral)
[2026-08-11 00:43:19.913] [info] Frame 95 (t = 0.95):	 total squared error = 0.000421211, marker error: RMS = 0.00410468, max = 0.00669868 (C7)
[2026-08-11 00:43:19.952] [info] Frame 96 (t = 0.96):	 total squared error = 0.000416232, marker error: RMS = 0.00408035, max = 0.00689091 (L_Thigh_Lateral)
[2026-08-11 00:43:19.978] [info] Frame 97 (t = 0.97):	 total squared error = 0.000455709, marker error: RMS = 0.00426947, max = 0.00728566 (L_Thigh_Lateral)
[2026-08-11 00:43:20.002] [info] Frame 98 (t = 0.98):	 total squared error = 0.000528564, marker error: RMS = 0.00459811, max = 0.00758720 (L_Thigh_Lateral)
[2026-08-11 00:43:20.040] [info] Frame 99 (t = 0.99):	 total squared error = 0.000618728, marker error: RMS = 0.00497485, max = 0.00819809 (L_Elbow)
[2026-08-11 00:43:20.062] [info] Frame 100 (t = 1.0):	 total squared error = 0.000702190, marker error: RMS = 0.00529978, max = 0.00895168 (Sternum)
[2026-08-11 00:43:20.087] [info] Frame 101 (t = 1.01):	 total squared error = 0.000757176, marker error: RMS = 0.00550336, max = 0.00971252 (Sternum)
[2026-08-11 00:43:20.127] [info] Frame 102 (t = 1.02):	 total squared error = 0.000779642, marker error: RMS = 0.00558441, max = 0.0101621 (Sternum)
[2026-08-11 00:43:20.148] [info] Frame 103 (t = 1.03):	 total squared error = 0.000777970, marker error: RMS = 0.00557842, max = 0.0105055 (Sternum)
[2026-08-11 00:43:20.175] [info] Frame 104 (t = 1.04):	 total squared error = 0.000764539, marker error: RMS = 0.00553006, max = 0.0105436 (Sternum)
[2026-08-11 00:43:20.217] [info] Frame 105 (t = 1.05):	 total squared error = 0.000745392, marker error: RMS = 0.00546037, max = 0.0102439 (Sternum)
[2026-08-11 00:43:20.240] [info] Frame 106 (t = 1.06):	 total squared error = 0.000718936, marker error: RMS = 0.00536260, max = 0.00980487 (Sternum)
[2026-08-11 00:43:20.256] [info] Frame 107 (t = 1.07):	 total squared error = 0.000679220, marker error: RMS = 0.00521237, max = 0.00913173 (Sternum)
[2026-08-11 00:43:20.280] [info] Frame 108 (t = 1.08):	 total squared error = 0.000623362, marker error: RMS = 0.00499344, max = 0.00849302 (L_Elbow)
[2026-08-11 00:43:20.297] [info] Frame 109 (t = 1.09):	 total squared error = 0.000569723, marker error: RMS = 0.00477377, max = 0.00847088 (L_Elbow)
[2026-08-11 00:43:20.318] [info] Frame 110 (t = 1.1):	 total squared error = 0.000538490, marker error: RMS = 0.00464108, max = 0.00835215 (L_Elbow)
[2026-08-11 00:43:20.373] [info] Frame 111 (t = 1.11):	 total squared error = 0.000529493, marker error: RMS = 0.00460214, max = 0.00812843 (L_Elbow)
[2026-08-11 00:43:20.400] [info] Frame 112 (t = 1.12):	 total squared error = 0.000537145, marker error: RMS = 0.00463528, max = 0.00801385 (L_Elbow)
[2026-08-11 00:43:20.428] [info] Frame 113 (t = 1.13):	 total squared error = 0.000545354, marker error: RMS = 0.00467057, max = 0.00785394 (L_Elbow)
[2026-08-11 00:43:20.457] [info] Frame 114 (t = 1.14):	 total squared error = 0.000549601, marker error: RMS = 0.00468872, max = 0.00778731 (Thoracic)
[2026-08-11 00:43:20.495] [info] Frame 115 (t = 1.15):	 total squared error = 0.000551108, marker error: RMS = 0.00469514, max = 0.00789810 (Thoracic)
[2026-08-11 00:43:20.522] [info] Frame 116 (t = 1.16):	 total squared error = 0.000555476, marker error: RMS = 0.00471371, max = 0.00803968 (Thoracic)
[2026-08-11 00:43:20.551] [info] Frame 117 (t = 1.17):	 total squared error = 0.000553200, marker error: RMS = 0.00470404, max = 0.00807493 (Thoracic)
[2026-08-11 00:43:20.596] [info] Frame 118 (t = 1.18):	 total squared error = 0.000539406, marker error: RMS = 0.00464502, max = 0.00813868 (Thoracic)
[2026-08-11 00:43:20.618] [info] Frame 119 (t = 1.19):	 total squared error = 0.000538282, marker error: RMS = 0.00464018, max = 0.00815859 (Thoracic)
[2026-08-11 00:43:20.644] [info] Frame 120 (t = 1.2):	 total squared error = 0.000531397, marker error: RMS = 0.00461041, max = 0.00828861 (Sternum)
[2026-08-11 00:43:20.660] [info] Frame 121 (t = 1.21):	 total squared error = 0.000536257, marker error: RMS = 0.00463144, max = 0.00814771 (Sternum)
[2026-08-11 00:43:20.692] [info] Frame 122 (t = 1.22):	 total squared error = 0.000537536, marker error: RMS = 0.00463696, max = 0.00789200 (Sternum)
[2026-08-11 00:43:20.730] [info] Frame 123 (t = 1.23):	 total squared error = 0.000550583, marker error: RMS = 0.00469290, max = 0.00896868 (L_Shank_Lateral)
[2026-08-11 00:43:20.746] [info] Frame 124 (t = 1.24):	 total squared error = 0.000580920, marker error: RMS = 0.00482045, max = 0.0107418 (L_Shank_Lateral)
[2026-08-11 00:43:20.781] [info] Frame 125 (t = 1.25):	 total squared error = 0.000585961, marker error: RMS = 0.00484132, max = 0.0118768 (L_Shank_Lateral)
[2026-08-11 00:43:20.820] [info] Frame 126 (t = 1.26):	 total squared error = 0.000594115, marker error: RMS = 0.00487490, max = 0.0126537 (L_Shank_Lateral)
[2026-08-11 00:43:20.857] [info] Frame 127 (t = 1.27):	 total squared error = 0.000594330, marker error: RMS = 0.00487578, max = 0.0130693 (L_Shank_Lateral)
[2026-08-11 00:43:20.886] [info] Frame 128 (t = 1.28):	 total squared error = 0.000591925, marker error: RMS = 0.00486590, max = 0.0132354 (L_Shank_Lateral)
[2026-08-11 00:43:20.915] [info] Frame 129 (t = 1.29):	 total squared error = 0.000579096, marker error: RMS = 0.00481288, max = 0.0130109 (L_Shank_Lateral)
[2026-08-11 00:43:20.958] [info] Frame 130 (t = 1.3):	 total squared error = 0.000564467, marker error: RMS = 0.00475170, max = 0.0126476 (L_Shank_Lateral)
[2026-08-11 00:43:21.000] [info] Frame 131 (t = 1.31):	 total squared error = 0.000548656, marker error: RMS = 0.00468468, max = 0.0122463 (L_Shank_Lateral)
[2026-08-11 00:43:21.042] [info] Frame 132 (t = 1.32):	 total squared error = 0.000526928, marker error: RMS = 0.00459098, max = 0.0117564 (L_Shank_Lateral)
[2026-08-11 00:43:21.078] [info] Frame 133 (t = 1.33):	 total squared error = 0.000495805, marker error: RMS = 0.00445334, max = 0.0110178 (L_Shank_Lateral)
[2026-08-11 00:43:21.107] [info] Frame 134 (t = 1.34):	 total squared error = 0.000462415, marker error: RMS = 0.00430077, max = 0.0100577 (L_Shank_Lateral)
[2026-08-11 00:43:21.149] [info] Frame 135 (t = 1.35):	 total squared error = 0.000414829, marker error: RMS = 0.00407347, max = 0.00858004 (L_Shank_Lateral)
[2026-08-11 00:43:21.176] [info] Frame 136 (t = 1.36):	 total squared error = 0.000388585, marker error: RMS = 0.00394251, max = 0.00698538 (C7)
[2026-08-11 00:43:21.222] [info] Frame 137 (t = 1.37):	 total squared error = 0.000375312, marker error: RMS = 0.00387459, max = 0.00735422 (R_Elbow)
[2026-08-11 00:43:21.243] [info] Frame 138 (t = 1.38):	 total squared error = 0.000414965, marker error: RMS = 0.00407414, max = 0.00787876 (R_Elbow)
[2026-08-11 00:43:21.281] [info] Frame 139 (t = 1.39):	 total squared error = 0.000457856, marker error: RMS = 0.00427951, max = 0.00870940 (R_Elbow)
[2026-08-11 00:43:21.305] [info] Frame 140 (t = 1.4):	 total squared error = 0.000541983, marker error: RMS = 0.00465611, max = 0.00918192 (R_Elbow)
[2026-08-11 00:43:21.341] [info] Frame 141 (t = 1.41):	 total squared error = 0.000621086, marker error: RMS = 0.00498432, max = 0.00960767 (R_Elbow)
[2026-08-11 00:43:21.352] [info] Frame 142 (t = 1.42):	 total squared error = 0.000703033, marker error: RMS = 0.00530296, max = 0.0101845 (Sternum)
[2026-08-11 00:43:21.388] [info] Frame 143 (t = 1.43):	 total squared error = 0.000736677, marker error: RMS = 0.00542836, max = 0.0106858 (Sternum)
[2026-08-11 00:43:21.426] [info] Frame 144 (t = 1.44):	 total squared error = 0.000757708, marker error: RMS = 0.00550530, max = 0.0111329 (Sternum)
[2026-08-11 00:43:21.449] [info] Frame 145 (t = 1.45):	 total squared error = 0.000763859, marker error: RMS = 0.00552760, max = 0.0114646 (Sternum)
[2026-08-11 00:43:21.475] [info] Frame 146 (t = 1.46):	 total squared error = 0.000756361, marker error: RMS = 0.00550040, max = 0.0115166 (Sternum)
[2026-08-11 00:43:21.497] [info] Frame 147 (t = 1.47):	 total squared error = 0.000736706, marker error: RMS = 0.00542846, max = 0.0111828 (Sternum)
[2026-08-11 00:43:21.532] [info] Frame 148 (t = 1.48):	 total squared error = 0.000671116, marker error: RMS = 0.00518118, max = 0.0107336 (Sternum)
[2026-08-11 00:43:21.555] [info] Frame 149 (t = 1.49):	 total squared error = 0.000615514, marker error: RMS = 0.00496191, max = 0.00997123 (Sternum)
[2026-08-11 00:43:21.606] [info] Frame 150 (t = 1.5):	 total squared error = 0.000542125, marker error: RMS = 0.00465672, max = 0.00915994 (Sternum)
[2026-08-11 00:43:21.625] [info] Frame 151 (t = 1.51):	 total squared error = 0.000487742, marker error: RMS = 0.00441698, max = 0.00864094 (R_Elbow)
[2026-08-11 00:43:21.648] [info] Frame 152 (t = 1.52):	 total squared error = 0.000460831, marker error: RMS = 0.00429340, max = 0.00842164 (R_Elbow)
[2026-08-11 00:43:21.675] [info] Frame 153 (t = 1.53):	 total squared error = 0.000459489, marker error: RMS = 0.00428714, max = 0.00844860 (R_Elbow)
[2026-08-11 00:43:21.704] [info] Frame 154 (t = 1.54):	 total squared error = 0.000472021, marker error: RMS = 0.00434521, max = 0.00844441 (R_Elbow)
[2026-08-11 00:43:21.730] [info] Frame 155 (t = 1.55):	 total squared error = 0.000489148, marker error: RMS = 0.00442334, max = 0.00841600 (R_Elbow)
[2026-08-11 00:43:21.776] [info] Frame 156 (t = 1.56):	 total squared error = 0.000500231, marker error: RMS = 0.00447317, max = 0.00866676 (Sacral)
[2026-08-11 00:43:21.801] [info] Frame 157 (t = 1.57):	 total squared error = 0.000510104, marker error: RMS = 0.00451710, max = 0.00850329 (Sacral)
[2026-08-11 00:43:21.855] [info] Frame 158 (t = 1.58):	 total squared error = 0.000508515, marker error: RMS = 0.00451006, max = 0.00846129 (Sacral)
[2026-08-11 00:43:21.908] [info] Frame 159 (t = 1.59):	 total squared error = 0.000504510, marker error: RMS = 0.00449226, max = 0.00832971 (R_Elbow)
[2026-08-11 00:43:21.933] [info] Frame 160 (t = 1.6):	 total squared error = 0.000500111, marker error: RMS = 0.00447263, max = 0.00824003 (R_Elbow)
[2026-08-11 00:43:21.978] [info] Frame 161 (t = 1.61):	 total squared error = 0.000490435, marker error: RMS = 0.00442915, max = 0.00812085 (R_Elbow)
[2026-08-11 00:43:22.023] [info] Frame 162 (t = 1.62):	 total squared error = 0.000490451, marker error: RMS = 0.00442923, max = 0.00798494 (R_Elbow)
[2026-08-11 00:43:22.044] [info] Frame 163 (t = 1.63):	 total squared error = 0.000502215, marker error: RMS = 0.00448203, max = 0.00789166 (Sternum)
[2026-08-11 00:43:22.065] [info] Frame 164 (t = 1.64):	 total squared error = 0.000526407, marker error: RMS = 0.00458871, max = 0.00895891 (R_Shank_Lateral)
[2026-08-11 00:43:22.105] [info] Frame 165 (t = 1.65):	 total squared error = 0.000541565, marker error: RMS = 0.00465431, max = 0.0100026 (R_Shank_Lateral)
[2026-08-11 00:43:22.137] [info] Frame 166 (t = 1.66):	 total squared error = 0.000570059, marker error: RMS = 0.00477518, max = 0.0117582 (R_Shank_Lateral)
[2026-08-11 00:43:22.177] [info] Frame 167 (t = 1.67):	 total squared error = 0.000585825, marker error: RMS = 0.00484077, max = 0.012486 (R_Shank_Lateral)
[2026-08-11 00:43:22.202] [info] Frame 168 (t = 1.68):	 total squared error = 0.000599391, marker error: RMS = 0.00489649, max = 0.0136076 (R_Shank_Lateral)
[2026-08-11 00:43:22.233] [info] Frame 169 (t = 1.69):	 total squared error = 0.000593502, marker error: RMS = 0.00487238, max = 0.0138865 (R_Shank_Lateral)
[2026-08-11 00:43:22.272] [info] Frame 170 (t = 1.7):	 total squared error = 0.000576915, marker error: RMS = 0.00480381, max = 0.0134938 (R_Shank_Lateral)
[2026-08-11 00:43:22.277] [info] InverseKinematicsTool completed 171 frames in 5 second(s).
[2026-08-11 00:43:22.328] [info] Loaded model SUBJ63-scaled from file C:\Users\migue\Downloads\TFG\2_JMP\SUBJ63\Walk_3\SUBJ63_3_JMP_results\SUBJ63_3_NMSM_JMP_03_final.osim
[2026-08-11 00:43:22.863] [warning] Coordinate.setValue:  coordinate pro_sup_r is locked. Unable to change its value.
[2026-08-11 00:43:22.903] [warning] Coordinate.setValue:  coordinate pro_sup_l is locked. Unable to change its value.
[2026-08-11 00:43:55.320] [info] Loaded model SUBJ63-scaled from file C:\Users\migue\Downloads\TFG\2_JMP\SUBJ63\Walk_3\SUBJ63_3_JMP_results\SUBJ63_3_NMSM_JMP_04_ankle_axis.osim
[2026-08-11 00:43:55.341] [cout] [info] 
               MODEL: SUBJ63-scaled
         coordinates: 41
              forces: 103
           actuators: 103
             muscles: 86
            analyses: 0
              probes: 0
              bodies: 24
              joints: 24
         constraints: 2
             markers: 25
         controllers: 0
  contact geometries: 0
misc modelcomponents: 0
[2026-08-11 00:43:55.341] [info] Running tool .
[2026-08-11 00:43:55.465] [info] Frame 0 (t = 0.0):	 total squared error = 0.000825234, marker error: RMS = 0.00574538, max = 0.0142519 (R_Shank_Lateral)
[2026-08-11 00:43:55.514] [info] Frame 1 (t = 0.01):	 total squared error = 0.000789888, marker error: RMS = 0.00562099, max = 0.0138111 (R_Shank_Lateral)
[2026-08-11 00:43:55.542] [info] Frame 2 (t = 0.02):	 total squared error = 0.000745806, marker error: RMS = 0.00546189, max = 0.0133874 (R_Shank_Lateral)
[2026-08-11 00:43:55.582] [info] Frame 3 (t = 0.03):	 total squared error = 0.000692876, marker error: RMS = 0.00526451, max = 0.0125797 (R_Shank_Lateral)
[2026-08-11 00:43:55.613] [info] Frame 4 (t = 0.04):	 total squared error = 0.000649741, marker error: RMS = 0.00509800, max = 0.0121238 (R_Shank_Lateral)
[2026-08-11 00:43:55.657] [info] Frame 5 (t = 0.05):	 total squared error = 0.000607890, marker error: RMS = 0.00493109, max = 0.0113488 (R_Shank_Lateral)
[2026-08-11 00:43:55.693] [info] Frame 6 (t = 0.06):	 total squared error = 0.000574817, marker error: RMS = 0.00479507, max = 0.0107726 (R_Shank_Lateral)
[2026-08-11 00:43:55.734] [info] Frame 7 (t = 0.07):	 total squared error = 0.000545081, marker error: RMS = 0.00466940, max = 0.00994678 (R_Shank_Lateral)
[2026-08-11 00:43:55.762] [info] Frame 8 (t = 0.08):	 total squared error = 0.000522438, marker error: RMS = 0.00457138, max = 0.00907746 (R_Shank_Lateral)
[2026-08-11 00:43:55.795] [info] Frame 9 (t = 0.09):	 total squared error = 0.000492790, marker error: RMS = 0.00443978, max = 0.00736772 (R_Shank_Lateral)
[2026-08-11 00:43:55.835] [info] Frame 10 (t = 0.1):	 total squared error = 0.000483102, marker error: RMS = 0.00439592, max = 0.00735175 (L_Shoulder)
[2026-08-11 00:43:55.861] [info] Frame 11 (t = 0.11):	 total squared error = 0.000513248, marker error: RMS = 0.00453099, max = 0.00779710 (L_Elbow)
[2026-08-11 00:43:55.885] [info] Frame 12 (t = 0.12):	 total squared error = 0.000580036, marker error: RMS = 0.00481679, max = 0.00879007 (L_Elbow)
[2026-08-11 00:43:55.917] [info] Frame 13 (t = 0.13):	 total squared error = 0.000693086, marker error: RMS = 0.00526530, max = 0.00946077 (L_Elbow)
[2026-08-11 00:43:55.938] [info] Frame 14 (t = 0.14):	 total squared error = 0.000837427, marker error: RMS = 0.00578767, max = 0.0102603 (R_Thigh_Lateral)
[2026-08-11 00:43:55.955] [info] Frame 15 (t = 0.15):	 total squared error = 0.000978272, marker error: RMS = 0.00625547, max = 0.0122041 (R_Thigh_Lateral)
[2026-08-11 00:43:55.987] [info] Frame 16 (t = 0.16):	 total squared error = 0.00106898, marker error: RMS = 0.00653907, max = 0.0128832 (R_Thigh_Lateral)
[2026-08-11 00:43:56.010] [info] Frame 17 (t = 0.17):	 total squared error = 0.00110640, marker error: RMS = 0.00665252, max = 0.0124911 (R_Thigh_Lateral)
[2026-08-11 00:43:56.035] [info] Frame 18 (t = 0.18):	 total squared error = 0.00108267, marker error: RMS = 0.00658079, max = 0.011998 (Sternum)
[2026-08-11 00:43:56.079] [info] Frame 19 (t = 0.19):	 total squared error = 0.00101980, marker error: RMS = 0.00638685, max = 0.0120555 (Sternum)
[2026-08-11 00:43:56.102] [info] Frame 20 (t = 0.2):	 total squared error = 0.000950461, marker error: RMS = 0.00616591, max = 0.0120052 (Sternum)
[2026-08-11 00:43:56.121] [info] Frame 21 (t = 0.21):	 total squared error = 0.000887335, marker error: RMS = 0.00595763, max = 0.0116852 (Sternum)
[2026-08-11 00:43:56.145] [info] Frame 22 (t = 0.22):	 total squared error = 0.000826613, marker error: RMS = 0.00575018, max = 0.0110750 (Sternum)
[2026-08-11 00:43:56.172] [info] Frame 23 (t = 0.23):	 total squared error = 0.000756986, marker error: RMS = 0.00550268, max = 0.0101895 (Sternum)
[2026-08-11 00:43:56.196] [info] Frame 24 (t = 0.24):	 total squared error = 0.000683268, marker error: RMS = 0.00522788, max = 0.00955784 (L_Elbow)
[2026-08-11 00:43:56.237] [info] Frame 25 (t = 0.25):	 total squared error = 0.000612256, marker error: RMS = 0.00494876, max = 0.00945391 (L_Elbow)
[2026-08-11 00:43:56.262] [info] Frame 26 (t = 0.26):	 total squared error = 0.000583048, marker error: RMS = 0.00482928, max = 0.00955635 (L_Elbow)
[2026-08-11 00:43:56.287] [info] Frame 27 (t = 0.27):	 total squared error = 0.000574528, marker error: RMS = 0.00479386, max = 0.00951900 (L_Elbow)
[2026-08-11 00:43:56.312] [info] Frame 28 (t = 0.28):	 total squared error = 0.000569804, marker error: RMS = 0.00477411, max = 0.00941114 (L_Elbow)
[2026-08-11 00:43:56.342] [info] Frame 29 (t = 0.29):	 total squared error = 0.000560825, marker error: RMS = 0.00473635, max = 0.00926561 (Sacral)
[2026-08-11 00:43:56.372] [info] Frame 30 (t = 0.3):	 total squared error = 0.000547390, marker error: RMS = 0.00467928, max = 0.00904461 (Sacral)
[2026-08-11 00:43:56.403] [info] Frame 31 (t = 0.31):	 total squared error = 0.000533317, marker error: RMS = 0.00461873, max = 0.00854945 (L_Elbow)
[2026-08-11 00:43:56.446] [info] Frame 32 (t = 0.32):	 total squared error = 0.000506920, marker error: RMS = 0.00450298, max = 0.00810389 (L_Elbow)
[2026-08-11 00:43:56.485] [info] Frame 33 (t = 0.33):	 total squared error = 0.000484603, marker error: RMS = 0.00440274, max = 0.00773007 (L_Elbow)
[2026-08-11 00:43:56.504] [info] Frame 34 (t = 0.34):	 total squared error = 0.000472335, marker error: RMS = 0.00434665, max = 0.00773492 (L_Shoulder)
[2026-08-11 00:43:56.523] [info] Frame 35 (t = 0.35):	 total squared error = 0.000459498, marker error: RMS = 0.00428718, max = 0.00757743 (L_Shoulder)
[2026-08-11 00:43:56.544] [info] Frame 36 (t = 0.36):	 total squared error = 0.000448164, marker error: RMS = 0.00423397, max = 0.00768581 (Sternum)
[2026-08-11 00:43:56.575] [info] Frame 37 (t = 0.37):	 total squared error = 0.000446993, marker error: RMS = 0.00422844, max = 0.00774019 (Sternum)
[2026-08-11 00:43:56.606] [info] Frame 38 (t = 0.38):	 total squared error = 0.000460588, marker error: RMS = 0.00429226, max = 0.00772606 (Sternum)
[2026-08-11 00:43:56.624] [info] Frame 39 (t = 0.39):	 total squared error = 0.000488167, marker error: RMS = 0.00441890, max = 0.00917918 (L_Shank_Lateral)
[2026-08-11 00:43:56.650] [info] Frame 40 (t = 0.4):	 total squared error = 0.000510995, marker error: RMS = 0.00452104, max = 0.0106490 (L_Shank_Lateral)
[2026-08-11 00:43:56.675] [info] Frame 41 (t = 0.41):	 total squared error = 0.000531598, marker error: RMS = 0.00461128, max = 0.0117172 (L_Shank_Lateral)
[2026-08-11 00:43:56.690] [info] Frame 42 (t = 0.42):	 total squared error = 0.000575880, marker error: RMS = 0.00479950, max = 0.0126465 (L_Shank_Lateral)
[2026-08-11 00:43:56.717] [info] Frame 43 (t = 0.43):	 total squared error = 0.000557259, marker error: RMS = 0.00472127, max = 0.0127983 (L_Shank_Lateral)
[2026-08-11 00:43:56.752] [info] Frame 44 (t = 0.44):	 total squared error = 0.000546322, marker error: RMS = 0.00467470, max = 0.0126515 (L_Shank_Lateral)
[2026-08-11 00:43:56.800] [info] Frame 45 (t = 0.45):	 total squared error = 0.000535139, marker error: RMS = 0.00462661, max = 0.0124781 (L_Shank_Lateral)
[2026-08-11 00:43:56.843] [info] Frame 46 (t = 0.46):	 total squared error = 0.000531902, marker error: RMS = 0.00461260, max = 0.0120508 (L_Shank_Lateral)
[2026-08-11 00:43:56.874] [info] Frame 47 (t = 0.47):	 total squared error = 0.000527823, marker error: RMS = 0.00459488, max = 0.0116117 (L_Shank_Lateral)
[2026-08-11 00:43:56.921] [info] Frame 48 (t = 0.48):	 total squared error = 0.000516893, marker error: RMS = 0.00454705, max = 0.0110896 (L_Shank_Lateral)
[2026-08-11 00:43:56.960] [info] Frame 49 (t = 0.49):	 total squared error = 0.000502177, marker error: RMS = 0.00448186, max = 0.0103687 (L_Shank_Lateral)
[2026-08-11 00:43:56.993] [info] Frame 50 (t = 0.5):	 total squared error = 0.000484743, marker error: RMS = 0.00440337, max = 0.00942062 (L_Shank_Lateral)
[2026-08-11 00:43:57.038] [info] Frame 51 (t = 0.51):	 total squared error = 0.000466096, marker error: RMS = 0.00431785, max = 0.00801034 (L_Shank_Lateral)
[2026-08-11 00:43:57.080] [info] Frame 52 (t = 0.52):	 total squared error = 0.000462321, marker error: RMS = 0.00430033, max = 0.00752741 (R_Elbow)
[2026-08-11 00:43:57.110] [info] Frame 53 (t = 0.53):	 total squared error = 0.000486161, marker error: RMS = 0.00440981, max = 0.00855745 (Sternum)
[2026-08-11 00:43:57.156] [info] Frame 54 (t = 0.54):	 total squared error = 0.000544048, marker error: RMS = 0.00466497, max = 0.00971532 (Sternum)
[2026-08-11 00:43:57.181] [info] Frame 55 (t = 0.55):	 total squared error = 0.000638512, marker error: RMS = 0.00505376, max = 0.0109037 (Sternum)
[2026-08-11 00:43:57.203] [info] Frame 56 (t = 0.56):	 total squared error = 0.000751789, marker error: RMS = 0.00548375, max = 0.0120660 (Sternum)
[2026-08-11 00:43:57.241] [info] Frame 57 (t = 0.57):	 total squared error = 0.000865658, marker error: RMS = 0.00588441, max = 0.0130275 (Sternum)
[2026-08-11 00:43:57.251] [info] Frame 58 (t = 0.58):	 total squared error = 0.000971560, marker error: RMS = 0.00623397, max = 0.0142272 (Sternum)
[2026-08-11 00:43:57.290] [info] Frame 59 (t = 0.59):	 total squared error = 0.00103317, marker error: RMS = 0.00642860, max = 0.0146375 (Sternum)
[2026-08-11 00:43:57.313] [info] Frame 60 (t = 0.6):	 total squared error = 0.00107398, marker error: RMS = 0.00655433, max = 0.0151526 (Sternum)
[2026-08-11 00:43:57.332] [info] Frame 61 (t = 0.61):	 total squared error = 0.00108535, marker error: RMS = 0.00658893, max = 0.0153165 (Sternum)
[2026-08-11 00:43:57.370] [info] Frame 62 (t = 0.62):	 total squared error = 0.00104868, marker error: RMS = 0.00647667, max = 0.0152114 (Sternum)
[2026-08-11 00:43:57.398] [info] Frame 63 (t = 0.63):	 total squared error = 0.00100095, marker error: RMS = 0.00632756, max = 0.0148439 (Sternum)
[2026-08-11 00:43:57.439] [info] Frame 64 (t = 0.64):	 total squared error = 0.000920806, marker error: RMS = 0.00606896, max = 0.0142299 (Sternum)
[2026-08-11 00:43:57.460] [info] Frame 65 (t = 0.65):	 total squared error = 0.000832971, marker error: RMS = 0.00577225, max = 0.0132447 (Sternum)
[2026-08-11 00:43:57.488] [info] Frame 66 (t = 0.66):	 total squared error = 0.000732770, marker error: RMS = 0.00541394, max = 0.0121336 (Sternum)
[2026-08-11 00:43:57.511] [info] Frame 67 (t = 0.67):	 total squared error = 0.000642090, marker error: RMS = 0.00506790, max = 0.0109297 (Sternum)
[2026-08-11 00:43:57.548] [info] Frame 68 (t = 0.68):	 total squared error = 0.000556456, marker error: RMS = 0.00471786, max = 0.00991021 (Sternum)
[2026-08-11 00:43:57.574] [info] Frame 69 (t = 0.69):	 total squared error = 0.000517382, marker error: RMS = 0.00454921, max = 0.00907230 (R_Elbow)
[2026-08-11 00:43:57.605] [info] Frame 70 (t = 0.7):	 total squared error = 0.000494729, marker error: RMS = 0.00444850, max = 0.00901615 (R_Elbow)
[2026-08-11 00:43:57.631] [info] Frame 71 (t = 0.71):	 total squared error = 0.000481085, marker error: RMS = 0.00438673, max = 0.00888703 (R_Elbow)
[2026-08-11 00:43:57.669] [info] Frame 72 (t = 0.72):	 total squared error = 0.000462358, marker error: RMS = 0.00430050, max = 0.00865400 (R_Elbow)
[2026-08-11 00:43:57.696] [info] Frame 73 (t = 0.73):	 total squared error = 0.000452280, marker error: RMS = 0.00425337, max = 0.00843454 (R_Elbow)
[2026-08-11 00:43:57.746] [info] Frame 74 (t = 0.74):	 total squared error = 0.000441342, marker error: RMS = 0.00420163, max = 0.00817063 (R_Elbow)
[2026-08-11 00:43:57.774] [info] Frame 75 (t = 0.75):	 total squared error = 0.000436850, marker error: RMS = 0.00418019, max = 0.00795494 (R_Elbow)
[2026-08-11 00:43:57.832] [info] Frame 76 (t = 0.76):	 total squared error = 0.000430578, marker error: RMS = 0.00415008, max = 0.00775442 (Sternum)
[2026-08-11 00:43:57.858] [info] Frame 77 (t = 0.77):	 total squared error = 0.000433951, marker error: RMS = 0.00416630, max = 0.00834545 (Sternum)
[2026-08-11 00:43:57.886] [info] Frame 78 (t = 0.78):	 total squared error = 0.000446270, marker error: RMS = 0.00422502, max = 0.00893431 (Sternum)
[2026-08-11 00:43:57.933] [info] Frame 79 (t = 0.79):	 total squared error = 0.000455316, marker error: RMS = 0.00426763, max = 0.00918367 (Sternum)
[2026-08-11 00:43:57.980] [info] Frame 80 (t = 0.8):	 total squared error = 0.000477777, marker error: RMS = 0.00437162, max = 0.00951538 (Sternum)
[2026-08-11 00:43:58.020] [info] Frame 81 (t = 0.81):	 total squared error = 0.000505453, marker error: RMS = 0.00449646, max = 0.00959725 (Sternum)
[2026-08-11 00:43:58.053] [info] Frame 82 (t = 0.82):	 total squared error = 0.000535697, marker error: RMS = 0.00462902, max = 0.00993652 (R_Shank_Lateral)
[2026-08-11 00:43:58.086] [info] Frame 83 (t = 0.83):	 total squared error = 0.000563815, marker error: RMS = 0.00474896, max = 0.0112746 (R_Shank_Lateral)
[2026-08-11 00:43:58.130] [info] Frame 84 (t = 0.84):	 total squared error = 0.000585764, marker error: RMS = 0.00484051, max = 0.012283 (R_Shank_Lateral)
[2026-08-11 00:43:58.154] [info] Frame 85 (t = 0.85):	 total squared error = 0.000602655, marker error: RMS = 0.00490981, max = 0.0131656 (R_Shank_Lateral)
[2026-08-11 00:43:58.179] [info] Frame 86 (t = 0.86):	 total squared error = 0.000608086, marker error: RMS = 0.00493188, max = 0.0134344 (R_Shank_Lateral)
[2026-08-11 00:43:58.211] [info] Frame 87 (t = 0.87):	 total squared error = 0.000605899, marker error: RMS = 0.00492300, max = 0.0132233 (R_Shank_Lateral)
[2026-08-11 00:43:58.247] [info] Frame 88 (t = 0.88):	 total squared error = 0.000601792, marker error: RMS = 0.00490629, max = 0.0129737 (R_Shank_Lateral)
[2026-08-11 00:43:58.277] [info] Frame 89 (t = 0.89):	 total squared error = 0.000595874, marker error: RMS = 0.00488211, max = 0.0127212 (R_Shank_Lateral)
[2026-08-11 00:43:58.313] [info] Frame 90 (t = 0.9):	 total squared error = 0.000583667, marker error: RMS = 0.00483184, max = 0.0121973 (R_Shank_Lateral)
[2026-08-11 00:43:58.351] [info] Frame 91 (t = 0.91):	 total squared error = 0.000564484, marker error: RMS = 0.00475177, max = 0.0116484 (R_Shank_Lateral)
[2026-08-11 00:43:58.388] [info] Frame 92 (t = 0.92):	 total squared error = 0.000535047, marker error: RMS = 0.00462622, max = 0.0108454 (R_Shank_Lateral)
[2026-08-11 00:43:58.427] [info] Frame 93 (t = 0.93):	 total squared error = 0.000495603, marker error: RMS = 0.00445243, max = 0.00975161 (R_Shank_Lateral)
[2026-08-11 00:43:58.468] [info] Frame 94 (t = 0.94):	 total squared error = 0.000452978, marker error: RMS = 0.00425666, max = 0.00826948 (R_Shank_Lateral)
[2026-08-11 00:43:58.507] [info] Frame 95 (t = 0.95):	 total squared error = 0.000421211, marker error: RMS = 0.00410468, max = 0.00669868 (C7)
[2026-08-11 00:43:58.545] [info] Frame 96 (t = 0.96):	 total squared error = 0.000416232, marker error: RMS = 0.00408035, max = 0.00689091 (L_Thigh_Lateral)
[2026-08-11 00:43:58.570] [info] Frame 97 (t = 0.97):	 total squared error = 0.000455709, marker error: RMS = 0.00426947, max = 0.00728566 (L_Thigh_Lateral)
[2026-08-11 00:43:58.593] [info] Frame 98 (t = 0.98):	 total squared error = 0.000528564, marker error: RMS = 0.00459811, max = 0.00758720 (L_Thigh_Lateral)
[2026-08-11 00:43:58.631] [info] Frame 99 (t = 0.99):	 total squared error = 0.000618728, marker error: RMS = 0.00497485, max = 0.00819809 (L_Elbow)
[2026-08-11 00:43:58.655] [info] Frame 100 (t = 1.0):	 total squared error = 0.000702190, marker error: RMS = 0.00529978, max = 0.00895168 (Sternum)
[2026-08-11 00:43:58.679] [info] Frame 101 (t = 1.01):	 total squared error = 0.000757176, marker error: RMS = 0.00550336, max = 0.00971252 (Sternum)
[2026-08-11 00:43:58.719] [info] Frame 102 (t = 1.02):	 total squared error = 0.000779642, marker error: RMS = 0.00558441, max = 0.0101621 (Sternum)
[2026-08-11 00:43:58.740] [info] Frame 103 (t = 1.03):	 total squared error = 0.000777970, marker error: RMS = 0.00557842, max = 0.0105055 (Sternum)
[2026-08-11 00:43:58.766] [info] Frame 104 (t = 1.04):	 total squared error = 0.000764539, marker error: RMS = 0.00553006, max = 0.0105436 (Sternum)
[2026-08-11 00:43:58.807] [info] Frame 105 (t = 1.05):	 total squared error = 0.000745392, marker error: RMS = 0.00546037, max = 0.0102439 (Sternum)
[2026-08-11 00:43:58.829] [info] Frame 106 (t = 1.06):	 total squared error = 0.000718936, marker error: RMS = 0.00536260, max = 0.00980487 (Sternum)
[2026-08-11 00:43:58.846] [info] Frame 107 (t = 1.07):	 total squared error = 0.000679220, marker error: RMS = 0.00521237, max = 0.00913173 (Sternum)
[2026-08-11 00:43:58.870] [info] Frame 108 (t = 1.08):	 total squared error = 0.000623362, marker error: RMS = 0.00499344, max = 0.00849302 (L_Elbow)
[2026-08-11 00:43:58.886] [info] Frame 109 (t = 1.09):	 total squared error = 0.000569723, marker error: RMS = 0.00477377, max = 0.00847088 (L_Elbow)
[2026-08-11 00:43:58.907] [info] Frame 110 (t = 1.1):	 total squared error = 0.000538490, marker error: RMS = 0.00464108, max = 0.00835215 (L_Elbow)
[2026-08-11 00:43:58.960] [info] Frame 111 (t = 1.11):	 total squared error = 0.000529493, marker error: RMS = 0.00460214, max = 0.00812843 (L_Elbow)
[2026-08-11 00:43:58.987] [info] Frame 112 (t = 1.12):	 total squared error = 0.000537145, marker error: RMS = 0.00463528, max = 0.00801385 (L_Elbow)
[2026-08-11 00:43:59.015] [info] Frame 113 (t = 1.13):	 total squared error = 0.000545354, marker error: RMS = 0.00467057, max = 0.00785394 (L_Elbow)
[2026-08-11 00:43:59.043] [info] Frame 114 (t = 1.14):	 total squared error = 0.000549601, marker error: RMS = 0.00468872, max = 0.00778731 (Thoracic)
[2026-08-11 00:43:59.081] [info] Frame 115 (t = 1.15):	 total squared error = 0.000551108, marker error: RMS = 0.00469514, max = 0.00789810 (Thoracic)
[2026-08-11 00:43:59.108] [info] Frame 116 (t = 1.16):	 total squared error = 0.000555476, marker error: RMS = 0.00471371, max = 0.00803968 (Thoracic)
[2026-08-11 00:43:59.137] [info] Frame 117 (t = 1.17):	 total squared error = 0.000553200, marker error: RMS = 0.00470404, max = 0.00807493 (Thoracic)
[2026-08-11 00:43:59.182] [info] Frame 118 (t = 1.18):	 total squared error = 0.000539406, marker error: RMS = 0.00464502, max = 0.00813868 (Thoracic)
[2026-08-11 00:43:59.202] [info] Frame 119 (t = 1.19):	 total squared error = 0.000538282, marker error: RMS = 0.00464018, max = 0.00815859 (Thoracic)
[2026-08-11 00:43:59.229] [info] Frame 120 (t = 1.2):	 total squared error = 0.000531397, marker error: RMS = 0.00461041, max = 0.00828861 (Sternum)
[2026-08-11 00:43:59.245] [info] Frame 121 (t = 1.21):	 total squared error = 0.000536257, marker error: RMS = 0.00463144, max = 0.00814771 (Sternum)
[2026-08-11 00:43:59.278] [info] Frame 122 (t = 1.22):	 total squared error = 0.000537536, marker error: RMS = 0.00463696, max = 0.00789200 (Sternum)
[2026-08-11 00:43:59.315] [info] Frame 123 (t = 1.23):	 total squared error = 0.000550583, marker error: RMS = 0.00469290, max = 0.00896868 (L_Shank_Lateral)
[2026-08-11 00:43:59.330] [info] Frame 124 (t = 1.24):	 total squared error = 0.000580920, marker error: RMS = 0.00482045, max = 0.0107418 (L_Shank_Lateral)
[2026-08-11 00:43:59.366] [info] Frame 125 (t = 1.25):	 total squared error = 0.000585961, marker error: RMS = 0.00484132, max = 0.0118768 (L_Shank_Lateral)
[2026-08-11 00:43:59.405] [info] Frame 126 (t = 1.26):	 total squared error = 0.000594115, marker error: RMS = 0.00487490, max = 0.0126537 (L_Shank_Lateral)
[2026-08-11 00:43:59.442] [info] Frame 127 (t = 1.27):	 total squared error = 0.000594330, marker error: RMS = 0.00487578, max = 0.0130693 (L_Shank_Lateral)
[2026-08-11 00:43:59.469] [info] Frame 128 (t = 1.28):	 total squared error = 0.000591925, marker error: RMS = 0.00486590, max = 0.0132354 (L_Shank_Lateral)
[2026-08-11 00:43:59.497] [info] Frame 129 (t = 1.29):	 total squared error = 0.000579096, marker error: RMS = 0.00481288, max = 0.0130109 (L_Shank_Lateral)
[2026-08-11 00:43:59.538] [info] Frame 130 (t = 1.3):	 total squared error = 0.000564467, marker error: RMS = 0.00475170, max = 0.0126476 (L_Shank_Lateral)
[2026-08-11 00:43:59.579] [info] Frame 131 (t = 1.31):	 total squared error = 0.000548656, marker error: RMS = 0.00468468, max = 0.0122463 (L_Shank_Lateral)
[2026-08-11 00:43:59.621] [info] Frame 132 (t = 1.32):	 total squared error = 0.000526928, marker error: RMS = 0.00459098, max = 0.0117564 (L_Shank_Lateral)
[2026-08-11 00:43:59.657] [info] Frame 133 (t = 1.33):	 total squared error = 0.000495805, marker error: RMS = 0.00445334, max = 0.0110178 (L_Shank_Lateral)
[2026-08-11 00:43:59.686] [info] Frame 134 (t = 1.34):	 total squared error = 0.000462415, marker error: RMS = 0.00430077, max = 0.0100577 (L_Shank_Lateral)
[2026-08-11 00:43:59.727] [info] Frame 135 (t = 1.35):	 total squared error = 0.000414829, marker error: RMS = 0.00407347, max = 0.00858004 (L_Shank_Lateral)
[2026-08-11 00:43:59.753] [info] Frame 136 (t = 1.36):	 total squared error = 0.000388585, marker error: RMS = 0.00394251, max = 0.00698538 (C7)
[2026-08-11 00:43:59.798] [info] Frame 137 (t = 1.37):	 total squared error = 0.000375312, marker error: RMS = 0.00387459, max = 0.00735422 (R_Elbow)
[2026-08-11 00:43:59.819] [info] Frame 138 (t = 1.38):	 total squared error = 0.000414965, marker error: RMS = 0.00407414, max = 0.00787876 (R_Elbow)
[2026-08-11 00:43:59.855] [info] Frame 139 (t = 1.39):	 total squared error = 0.000457856, marker error: RMS = 0.00427951, max = 0.00870940 (R_Elbow)
[2026-08-11 00:43:59.880] [info] Frame 140 (t = 1.4):	 total squared error = 0.000541983, marker error: RMS = 0.00465611, max = 0.00918192 (R_Elbow)
[2026-08-11 00:43:59.915] [info] Frame 141 (t = 1.41):	 total squared error = 0.000621086, marker error: RMS = 0.00498432, max = 0.00960767 (R_Elbow)
[2026-08-11 00:43:59.926] [info] Frame 142 (t = 1.42):	 total squared error = 0.000703033, marker error: RMS = 0.00530296, max = 0.0101845 (Sternum)
[2026-08-11 00:43:59.962] [info] Frame 143 (t = 1.43):	 total squared error = 0.000736677, marker error: RMS = 0.00542836, max = 0.0106858 (Sternum)
[2026-08-11 00:44:00.000] [info] Frame 144 (t = 1.44):	 total squared error = 0.000757708, marker error: RMS = 0.00550530, max = 0.0111329 (Sternum)
[2026-08-11 00:44:00.024] [info] Frame 145 (t = 1.45):	 total squared error = 0.000763859, marker error: RMS = 0.00552760, max = 0.0114646 (Sternum)
[2026-08-11 00:44:00.049] [info] Frame 146 (t = 1.46):	 total squared error = 0.000756361, marker error: RMS = 0.00550040, max = 0.0115166 (Sternum)
[2026-08-11 00:44:00.067] [info] Frame 147 (t = 1.47):	 total squared error = 0.000736706, marker error: RMS = 0.00542846, max = 0.0111828 (Sternum)
[2026-08-11 00:44:00.102] [info] Frame 148 (t = 1.48):	 total squared error = 0.000671116, marker error: RMS = 0.00518118, max = 0.0107336 (Sternum)
[2026-08-11 00:44:00.126] [info] Frame 149 (t = 1.49):	 total squared error = 0.000615514, marker error: RMS = 0.00496191, max = 0.00997123 (Sternum)
[2026-08-11 00:44:00.178] [info] Frame 150 (t = 1.5):	 total squared error = 0.000542125, marker error: RMS = 0.00465672, max = 0.00915994 (Sternum)
[2026-08-11 00:44:00.197] [info] Frame 151 (t = 1.51):	 total squared error = 0.000487742, marker error: RMS = 0.00441698, max = 0.00864094 (R_Elbow)
[2026-08-11 00:44:00.220] [info] Frame 152 (t = 1.52):	 total squared error = 0.000460831, marker error: RMS = 0.00429340, max = 0.00842164 (R_Elbow)
[2026-08-11 00:44:00.247] [info] Frame 153 (t = 1.53):	 total squared error = 0.000459489, marker error: RMS = 0.00428714, max = 0.00844860 (R_Elbow)
[2026-08-11 00:44:00.276] [info] Frame 154 (t = 1.54):	 total squared error = 0.000472021, marker error: RMS = 0.00434521, max = 0.00844441 (R_Elbow)
[2026-08-11 00:44:00.302] [info] Frame 155 (t = 1.55):	 total squared error = 0.000489148, marker error: RMS = 0.00442334, max = 0.00841600 (R_Elbow)
[2026-08-11 00:44:00.347] [info] Frame 156 (t = 1.56):	 total squared error = 0.000500231, marker error: RMS = 0.00447317, max = 0.00866676 (Sacral)
[2026-08-11 00:44:00.372] [info] Frame 157 (t = 1.57):	 total squared error = 0.000510104, marker error: RMS = 0.00451710, max = 0.00850329 (Sacral)
[2026-08-11 00:44:00.428] [info] Frame 158 (t = 1.58):	 total squared error = 0.000508515, marker error: RMS = 0.00451006, max = 0.00846129 (Sacral)
[2026-08-11 00:44:00.481] [info] Frame 159 (t = 1.59):	 total squared error = 0.000504510, marker error: RMS = 0.00449226, max = 0.00832971 (R_Elbow)
[2026-08-11 00:44:00.505] [info] Frame 160 (t = 1.6):	 total squared error = 0.000500111, marker error: RMS = 0.00447263, max = 0.00824003 (R_Elbow)
[2026-08-11 00:44:00.548] [info] Frame 161 (t = 1.61):	 total squared error = 0.000490435, marker error: RMS = 0.00442915, max = 0.00812085 (R_Elbow)
[2026-08-11 00:44:00.592] [info] Frame 162 (t = 1.62):	 total squared error = 0.000490451, marker error: RMS = 0.00442923, max = 0.00798494 (R_Elbow)
[2026-08-11 00:44:00.614] [info] Frame 163 (t = 1.63):	 total squared error = 0.000502215, marker error: RMS = 0.00448203, max = 0.00789166 (Sternum)
[2026-08-11 00:44:00.634] [info] Frame 164 (t = 1.64):	 total squared error = 0.000526407, marker error: RMS = 0.00458871, max = 0.00895891 (R_Shank_Lateral)
[2026-08-11 00:44:00.675] [info] Frame 165 (t = 1.65):	 total squared error = 0.000541565, marker error: RMS = 0.00465431, max = 0.0100026 (R_Shank_Lateral)
[2026-08-11 00:44:00.706] [info] Frame 166 (t = 1.66):	 total squared error = 0.000570059, marker error: RMS = 0.00477518, max = 0.0117582 (R_Shank_Lateral)
[2026-08-11 00:44:00.745] [info] Frame 167 (t = 1.67):	 total squared error = 0.000585825, marker error: RMS = 0.00484077, max = 0.012486 (R_Shank_Lateral)
[2026-08-11 00:44:00.770] [info] Frame 168 (t = 1.68):	 total squared error = 0.000599391, marker error: RMS = 0.00489649, max = 0.0136076 (R_Shank_Lateral)
[2026-08-11 00:44:00.802] [info] Frame 169 (t = 1.69):	 total squared error = 0.000593502, marker error: RMS = 0.00487238, max = 0.0138865 (R_Shank_Lateral)
[2026-08-11 00:44:00.843] [info] Frame 170 (t = 1.7):	 total squared error = 0.000576915, marker error: RMS = 0.00480381, max = 0.0134938 (R_Shank_Lateral)
[2026-08-11 00:44:00.847] [info] InverseKinematicsTool completed 171 frames in 5 second(s).
[2026-08-11 00:44:00.897] [info] Loaded model SUBJ63-scaled from file C:\Users\migue\Downloads\TFG\2_JMP\SUBJ63\Walk_3\SUBJ63_3_JMP_results\SUBJ63_3_NMSM_JMP_04_ankle_axis.osim
[2026-08-11 00:44:01.442] [warning] Coordinate.setValue:  coordinate pro_sup_r is locked. Unable to change its value.
[2026-08-11 00:44:01.482] [warning] Coordinate.setValue:  coordinate pro_sup_l is locked. Unable to change its value.
[2026-08-11 00:44:34.566] [info] Loaded model SUBJ63-scaled from file C:\Users\migue\Downloads\TFG\2_JMP\SUBJ63\Walk_3\SUBJ63_3_JMP_results\SUBJ63_3_NMSM_JMP_04_ankle_axis.osim
[2026-08-11 00:44:34.583] [cout] [info] 
               MODEL: SUBJ63-scaled
         coordinates: 41
              forces: 103
           actuators: 103
             muscles: 86
            analyses: 0
              probes: 0
              bodies: 24
              joints: 24
         constraints: 2
             markers: 25
         controllers: 0
  contact geometries: 0
misc modelcomponents: 0
[2026-08-11 00:44:34.583] [info] Running tool .
[2026-08-11 00:44:34.707] [info] Frame 0 (t = 0.0):	 total squared error = 0.000825234, marker error: RMS = 0.00574538, max = 0.0142519 (R_Shank_Lateral)
[2026-08-11 00:44:34.750] [info] Frame 1 (t = 0.01):	 total squared error = 0.000789888, marker error: RMS = 0.00562099, max = 0.0138111 (R_Shank_Lateral)
[2026-08-11 00:44:34.777] [info] Frame 2 (t = 0.02):	 total squared error = 0.000745806, marker error: RMS = 0.00546189, max = 0.0133874 (R_Shank_Lateral)
[2026-08-11 00:44:34.816] [info] Frame 3 (t = 0.03):	 total squared error = 0.000692876, marker error: RMS = 0.00526451, max = 0.0125797 (R_Shank_Lateral)
[2026-08-11 00:44:34.847] [info] Frame 4 (t = 0.04):	 total squared error = 0.000649741, marker error: RMS = 0.00509800, max = 0.0121238 (R_Shank_Lateral)
[2026-08-11 00:44:34.892] [info] Frame 5 (t = 0.05):	 total squared error = 0.000607890, marker error: RMS = 0.00493109, max = 0.0113488 (R_Shank_Lateral)
[2026-08-11 00:44:34.929] [info] Frame 6 (t = 0.06):	 total squared error = 0.000574817, marker error: RMS = 0.00479507, max = 0.0107726 (R_Shank_Lateral)
[2026-08-11 00:44:34.969] [info] Frame 7 (t = 0.07):	 total squared error = 0.000545081, marker error: RMS = 0.00466940, max = 0.00994678 (R_Shank_Lateral)
[2026-08-11 00:44:34.996] [info] Frame 8 (t = 0.08):	 total squared error = 0.000522438, marker error: RMS = 0.00457138, max = 0.00907746 (R_Shank_Lateral)
[2026-08-11 00:44:35.030] [info] Frame 9 (t = 0.09):	 total squared error = 0.000492790, marker error: RMS = 0.00443978, max = 0.00736772 (R_Shank_Lateral)
[2026-08-11 00:44:35.070] [info] Frame 10 (t = 0.1):	 total squared error = 0.000483102, marker error: RMS = 0.00439592, max = 0.00735175 (L_Shoulder)
[2026-08-11 00:44:35.095] [info] Frame 11 (t = 0.11):	 total squared error = 0.000513248, marker error: RMS = 0.00453099, max = 0.00779710 (L_Elbow)
[2026-08-11 00:44:35.119] [info] Frame 12 (t = 0.12):	 total squared error = 0.000580036, marker error: RMS = 0.00481679, max = 0.00879007 (L_Elbow)
[2026-08-11 00:44:35.151] [info] Frame 13 (t = 0.13):	 total squared error = 0.000693086, marker error: RMS = 0.00526530, max = 0.00946077 (L_Elbow)
[2026-08-11 00:44:35.172] [info] Frame 14 (t = 0.14):	 total squared error = 0.000837427, marker error: RMS = 0.00578767, max = 0.0102603 (R_Thigh_Lateral)
[2026-08-11 00:44:35.189] [info] Frame 15 (t = 0.15):	 total squared error = 0.000978272, marker error: RMS = 0.00625547, max = 0.0122041 (R_Thigh_Lateral)
[2026-08-11 00:44:35.221] [info] Frame 16 (t = 0.16):	 total squared error = 0.00106898, marker error: RMS = 0.00653907, max = 0.0128832 (R_Thigh_Lateral)
[2026-08-11 00:44:35.244] [info] Frame 17 (t = 0.17):	 total squared error = 0.00110640, marker error: RMS = 0.00665252, max = 0.0124911 (R_Thigh_Lateral)
[2026-08-11 00:44:35.269] [info] Frame 18 (t = 0.18):	 total squared error = 0.00108267, marker error: RMS = 0.00658079, max = 0.011998 (Sternum)
[2026-08-11 00:44:35.314] [info] Frame 19 (t = 0.19):	 total squared error = 0.00101980, marker error: RMS = 0.00638685, max = 0.0120555 (Sternum)
[2026-08-11 00:44:35.336] [info] Frame 20 (t = 0.2):	 total squared error = 0.000950461, marker error: RMS = 0.00616591, max = 0.0120052 (Sternum)
[2026-08-11 00:44:35.357] [info] Frame 21 (t = 0.21):	 total squared error = 0.000887335, marker error: RMS = 0.00595763, max = 0.0116852 (Sternum)
[2026-08-11 00:44:35.383] [info] Frame 22 (t = 0.22):	 total squared error = 0.000826613, marker error: RMS = 0.00575018, max = 0.0110750 (Sternum)
[2026-08-11 00:44:35.410] [info] Frame 23 (t = 0.23):	 total squared error = 0.000756986, marker error: RMS = 0.00550268, max = 0.0101895 (Sternum)
[2026-08-11 00:44:35.434] [info] Frame 24 (t = 0.24):	 total squared error = 0.000683268, marker error: RMS = 0.00522788, max = 0.00955784 (L_Elbow)
[2026-08-11 00:44:35.473] [info] Frame 25 (t = 0.25):	 total squared error = 0.000612256, marker error: RMS = 0.00494876, max = 0.00945391 (L_Elbow)
[2026-08-11 00:44:35.499] [info] Frame 26 (t = 0.26):	 total squared error = 0.000583048, marker error: RMS = 0.00482928, max = 0.00955635 (L_Elbow)
[2026-08-11 00:44:35.529] [info] Frame 27 (t = 0.27):	 total squared error = 0.000574528, marker error: RMS = 0.00479386, max = 0.00951900 (L_Elbow)
[2026-08-11 00:44:35.554] [info] Frame 28 (t = 0.28):	 total squared error = 0.000569804, marker error: RMS = 0.00477411, max = 0.00941114 (L_Elbow)
[2026-08-11 00:44:35.584] [info] Frame 29 (t = 0.29):	 total squared error = 0.000560825, marker error: RMS = 0.00473635, max = 0.00926561 (Sacral)
[2026-08-11 00:44:35.615] [info] Frame 30 (t = 0.3):	 total squared error = 0.000547390, marker error: RMS = 0.00467928, max = 0.00904461 (Sacral)
[2026-08-11 00:44:35.646] [info] Frame 31 (t = 0.31):	 total squared error = 0.000533317, marker error: RMS = 0.00461873, max = 0.00854945 (L_Elbow)
[2026-08-11 00:44:35.688] [info] Frame 32 (t = 0.32):	 total squared error = 0.000506920, marker error: RMS = 0.00450298, max = 0.00810389 (L_Elbow)
[2026-08-11 00:44:35.728] [info] Frame 33 (t = 0.33):	 total squared error = 0.000484603, marker error: RMS = 0.00440274, max = 0.00773007 (L_Elbow)
[2026-08-11 00:44:35.748] [info] Frame 34 (t = 0.34):	 total squared error = 0.000472335, marker error: RMS = 0.00434665, max = 0.00773492 (L_Shoulder)
[2026-08-11 00:44:35.766] [info] Frame 35 (t = 0.35):	 total squared error = 0.000459498, marker error: RMS = 0.00428718, max = 0.00757743 (L_Shoulder)
[2026-08-11 00:44:35.788] [info] Frame 36 (t = 0.36):	 total squared error = 0.000448164, marker error: RMS = 0.00423397, max = 0.00768581 (Sternum)
[2026-08-11 00:44:35.818] [info] Frame 37 (t = 0.37):	 total squared error = 0.000446993, marker error: RMS = 0.00422844, max = 0.00774019 (Sternum)
[2026-08-11 00:44:35.850] [info] Frame 38 (t = 0.38):	 total squared error = 0.000460588, marker error: RMS = 0.00429226, max = 0.00772606 (Sternum)
[2026-08-11 00:44:35.868] [info] Frame 39 (t = 0.39):	 total squared error = 0.000488167, marker error: RMS = 0.00441890, max = 0.00917918 (L_Shank_Lateral)
[2026-08-11 00:44:35.894] [info] Frame 40 (t = 0.4):	 total squared error = 0.000510995, marker error: RMS = 0.00452104, max = 0.0106490 (L_Shank_Lateral)
[2026-08-11 00:44:35.919] [info] Frame 41 (t = 0.41):	 total squared error = 0.000531598, marker error: RMS = 0.00461128, max = 0.0117172 (L_Shank_Lateral)
[2026-08-11 00:44:35.934] [info] Frame 42 (t = 0.42):	 total squared error = 0.000575880, marker error: RMS = 0.00479950, max = 0.0126465 (L_Shank_Lateral)
[2026-08-11 00:44:35.960] [info] Frame 43 (t = 0.43):	 total squared error = 0.000557259, marker error: RMS = 0.00472127, max = 0.0127983 (L_Shank_Lateral)
[2026-08-11 00:44:35.996] [info] Frame 44 (t = 0.44):	 total squared error = 0.000546322, marker error: RMS = 0.00467470, max = 0.0126515 (L_Shank_Lateral)
[2026-08-11 00:44:36.045] [info] Frame 45 (t = 0.45):	 total squared error = 0.000535139, marker error: RMS = 0.00462661, max = 0.0124781 (L_Shank_Lateral)
[2026-08-11 00:44:36.084] [info] Frame 46 (t = 0.46):	 total squared error = 0.000531902, marker error: RMS = 0.00461260, max = 0.0120508 (L_Shank_Lateral)
[2026-08-11 00:44:36.114] [info] Frame 47 (t = 0.47):	 total squared error = 0.000527823, marker error: RMS = 0.00459488, max = 0.0116117 (L_Shank_Lateral)
[2026-08-11 00:44:36.161] [info] Frame 48 (t = 0.48):	 total squared error = 0.000516893, marker error: RMS = 0.00454705, max = 0.0110896 (L_Shank_Lateral)
[2026-08-11 00:44:36.196] [info] Frame 49 (t = 0.49):	 total squared error = 0.000502177, marker error: RMS = 0.00448186, max = 0.0103687 (L_Shank_Lateral)
[2026-08-11 00:44:36.229] [info] Frame 50 (t = 0.5):	 total squared error = 0.000484743, marker error: RMS = 0.00440337, max = 0.00942062 (L_Shank_Lateral)
[2026-08-11 00:44:36.275] [info] Frame 51 (t = 0.51):	 total squared error = 0.000466096, marker error: RMS = 0.00431785, max = 0.00801034 (L_Shank_Lateral)
[2026-08-11 00:44:36.316] [info] Frame 52 (t = 0.52):	 total squared error = 0.000462321, marker error: RMS = 0.00430033, max = 0.00752741 (R_Elbow)
[2026-08-11 00:44:36.346] [info] Frame 53 (t = 0.53):	 total squared error = 0.000486161, marker error: RMS = 0.00440981, max = 0.00855745 (Sternum)
[2026-08-11 00:44:36.392] [info] Frame 54 (t = 0.54):	 total squared error = 0.000544048, marker error: RMS = 0.00466497, max = 0.00971532 (Sternum)
[2026-08-11 00:44:36.416] [info] Frame 55 (t = 0.55):	 total squared error = 0.000638512, marker error: RMS = 0.00505376, max = 0.0109037 (Sternum)
[2026-08-11 00:44:36.438] [info] Frame 56 (t = 0.56):	 total squared error = 0.000751789, marker error: RMS = 0.00548375, max = 0.0120660 (Sternum)
[2026-08-11 00:44:36.475] [info] Frame 57 (t = 0.57):	 total squared error = 0.000865658, marker error: RMS = 0.00588441, max = 0.0130275 (Sternum)
[2026-08-11 00:44:36.486] [info] Frame 58 (t = 0.58):	 total squared error = 0.000971560, marker error: RMS = 0.00623397, max = 0.0142272 (Sternum)
[2026-08-11 00:44:36.525] [info] Frame 59 (t = 0.59):	 total squared error = 0.00103317, marker error: RMS = 0.00642860, max = 0.0146375 (Sternum)
[2026-08-11 00:44:36.549] [info] Frame 60 (t = 0.6):	 total squared error = 0.00107398, marker error: RMS = 0.00655433, max = 0.0151526 (Sternum)
[2026-08-11 00:44:36.568] [info] Frame 61 (t = 0.61):	 total squared error = 0.00108535, marker error: RMS = 0.00658893, max = 0.0153165 (Sternum)
[2026-08-11 00:44:36.604] [info] Frame 62 (t = 0.62):	 total squared error = 0.00104868, marker error: RMS = 0.00647667, max = 0.0152114 (Sternum)
[2026-08-11 00:44:36.631] [info] Frame 63 (t = 0.63):	 total squared error = 0.00100095, marker error: RMS = 0.00632756, max = 0.0148439 (Sternum)
[2026-08-11 00:44:36.672] [info] Frame 64 (t = 0.64):	 total squared error = 0.000920806, marker error: RMS = 0.00606896, max = 0.0142299 (Sternum)
[2026-08-11 00:44:36.693] [info] Frame 65 (t = 0.65):	 total squared error = 0.000832971, marker error: RMS = 0.00577225, max = 0.0132447 (Sternum)
[2026-08-11 00:44:36.720] [info] Frame 66 (t = 0.66):	 total squared error = 0.000732770, marker error: RMS = 0.00541394, max = 0.0121336 (Sternum)
[2026-08-11 00:44:36.743] [info] Frame 67 (t = 0.67):	 total squared error = 0.000642090, marker error: RMS = 0.00506790, max = 0.0109297 (Sternum)
[2026-08-11 00:44:36.781] [info] Frame 68 (t = 0.68):	 total squared error = 0.000556456, marker error: RMS = 0.00471786, max = 0.00991021 (Sternum)
[2026-08-11 00:44:36.806] [info] Frame 69 (t = 0.69):	 total squared error = 0.000517382, marker error: RMS = 0.00454921, max = 0.00907230 (R_Elbow)
[2026-08-11 00:44:36.835] [info] Frame 70 (t = 0.7):	 total squared error = 0.000494729, marker error: RMS = 0.00444850, max = 0.00901615 (R_Elbow)
[2026-08-11 00:44:36.862] [info] Frame 71 (t = 0.71):	 total squared error = 0.000481085, marker error: RMS = 0.00438673, max = 0.00888703 (R_Elbow)
[2026-08-11 00:44:36.899] [info] Frame 72 (t = 0.72):	 total squared error = 0.000462358, marker error: RMS = 0.00430050, max = 0.00865400 (R_Elbow)
[2026-08-11 00:44:36.926] [info] Frame 73 (t = 0.73):	 total squared error = 0.000452280, marker error: RMS = 0.00425337, max = 0.00843454 (R_Elbow)
[2026-08-11 00:44:36.975] [info] Frame 74 (t = 0.74):	 total squared error = 0.000441342, marker error: RMS = 0.00420163, max = 0.00817063 (R_Elbow)
[2026-08-11 00:44:37.004] [info] Frame 75 (t = 0.75):	 total squared error = 0.000436850, marker error: RMS = 0.00418019, max = 0.00795494 (R_Elbow)
[2026-08-11 00:44:37.060] [info] Frame 76 (t = 0.76):	 total squared error = 0.000430578, marker error: RMS = 0.00415008, max = 0.00775442 (Sternum)
[2026-08-11 00:44:37.086] [info] Frame 77 (t = 0.77):	 total squared error = 0.000433951, marker error: RMS = 0.00416630, max = 0.00834545 (Sternum)
[2026-08-11 00:44:37.113] [info] Frame 78 (t = 0.78):	 total squared error = 0.000446270, marker error: RMS = 0.00422502, max = 0.00893431 (Sternum)
[2026-08-11 00:44:37.160] [info] Frame 79 (t = 0.79):	 total squared error = 0.000455316, marker error: RMS = 0.00426763, max = 0.00918367 (Sternum)
[2026-08-11 00:44:37.207] [info] Frame 80 (t = 0.8):	 total squared error = 0.000477777, marker error: RMS = 0.00437162, max = 0.00951538 (Sternum)
[2026-08-11 00:44:37.246] [info] Frame 81 (t = 0.81):	 total squared error = 0.000505453, marker error: RMS = 0.00449646, max = 0.00959725 (Sternum)
[2026-08-11 00:44:37.279] [info] Frame 82 (t = 0.82):	 total squared error = 0.000535697, marker error: RMS = 0.00462902, max = 0.00993652 (R_Shank_Lateral)
[2026-08-11 00:44:37.313] [info] Frame 83 (t = 0.83):	 total squared error = 0.000563815, marker error: RMS = 0.00474896, max = 0.0112746 (R_Shank_Lateral)
[2026-08-11 00:44:37.356] [info] Frame 84 (t = 0.84):	 total squared error = 0.000585764, marker error: RMS = 0.00484051, max = 0.012283 (R_Shank_Lateral)
[2026-08-11 00:44:37.380] [info] Frame 85 (t = 0.85):	 total squared error = 0.000602655, marker error: RMS = 0.00490981, max = 0.0131656 (R_Shank_Lateral)
[2026-08-11 00:44:37.406] [info] Frame 86 (t = 0.86):	 total squared error = 0.000608086, marker error: RMS = 0.00493188, max = 0.0134344 (R_Shank_Lateral)
[2026-08-11 00:44:37.438] [info] Frame 87 (t = 0.87):	 total squared error = 0.000605899, marker error: RMS = 0.00492300, max = 0.0132233 (R_Shank_Lateral)
[2026-08-11 00:44:37.473] [info] Frame 88 (t = 0.88):	 total squared error = 0.000601792, marker error: RMS = 0.00490629, max = 0.0129737 (R_Shank_Lateral)
[2026-08-11 00:44:37.503] [info] Frame 89 (t = 0.89):	 total squared error = 0.000595874, marker error: RMS = 0.00488211, max = 0.0127212 (R_Shank_Lateral)
[2026-08-11 00:44:37.538] [info] Frame 90 (t = 0.9):	 total squared error = 0.000583667, marker error: RMS = 0.00483184, max = 0.0121973 (R_Shank_Lateral)
[2026-08-11 00:44:37.577] [info] Frame 91 (t = 0.91):	 total squared error = 0.000564484, marker error: RMS = 0.00475177, max = 0.0116484 (R_Shank_Lateral)
[2026-08-11 00:44:37.614] [info] Frame 92 (t = 0.92):	 total squared error = 0.000535047, marker error: RMS = 0.00462622, max = 0.0108454 (R_Shank_Lateral)
[2026-08-11 00:44:37.655] [info] Frame 93 (t = 0.93):	 total squared error = 0.000495603, marker error: RMS = 0.00445243, max = 0.00975161 (R_Shank_Lateral)
[2026-08-11 00:44:37.696] [info] Frame 94 (t = 0.94):	 total squared error = 0.000452978, marker error: RMS = 0.00425666, max = 0.00826948 (R_Shank_Lateral)
[2026-08-11 00:44:37.734] [info] Frame 95 (t = 0.95):	 total squared error = 0.000421211, marker error: RMS = 0.00410468, max = 0.00669868 (C7)
[2026-08-11 00:44:37.770] [info] Frame 96 (t = 0.96):	 total squared error = 0.000416232, marker error: RMS = 0.00408035, max = 0.00689091 (L_Thigh_Lateral)
[2026-08-11 00:44:37.796] [info] Frame 97 (t = 0.97):	 total squared error = 0.000455709, marker error: RMS = 0.00426947, max = 0.00728566 (L_Thigh_Lateral)
[2026-08-11 00:44:37.820] [info] Frame 98 (t = 0.98):	 total squared error = 0.000528564, marker error: RMS = 0.00459811, max = 0.00758720 (L_Thigh_Lateral)
[2026-08-11 00:44:37.857] [info] Frame 99 (t = 0.99):	 total squared error = 0.000618728, marker error: RMS = 0.00497485, max = 0.00819809 (L_Elbow)
[2026-08-11 00:44:37.881] [info] Frame 100 (t = 1.0):	 total squared error = 0.000702190, marker error: RMS = 0.00529978, max = 0.00895168 (Sternum)
[2026-08-11 00:44:37.905] [info] Frame 101 (t = 1.01):	 total squared error = 0.000757176, marker error: RMS = 0.00550336, max = 0.00971252 (Sternum)
[2026-08-11 00:44:37.944] [info] Frame 102 (t = 1.02):	 total squared error = 0.000779642, marker error: RMS = 0.00558441, max = 0.0101621 (Sternum)
[2026-08-11 00:44:37.965] [info] Frame 103 (t = 1.03):	 total squared error = 0.000777970, marker error: RMS = 0.00557842, max = 0.0105055 (Sternum)
[2026-08-11 00:44:37.992] [info] Frame 104 (t = 1.04):	 total squared error = 0.000764539, marker error: RMS = 0.00553006, max = 0.0105436 (Sternum)
[2026-08-11 00:44:38.033] [info] Frame 105 (t = 1.05):	 total squared error = 0.000745392, marker error: RMS = 0.00546037, max = 0.0102439 (Sternum)
[2026-08-11 00:44:38.055] [info] Frame 106 (t = 1.06):	 total squared error = 0.000718936, marker error: RMS = 0.00536260, max = 0.00980487 (Sternum)
[2026-08-11 00:44:38.072] [info] Frame 107 (t = 1.07):	 total squared error = 0.000679220, marker error: RMS = 0.00521237, max = 0.00913173 (Sternum)
[2026-08-11 00:44:38.095] [info] Frame 108 (t = 1.08):	 total squared error = 0.000623362, marker error: RMS = 0.00499344, max = 0.00849302 (L_Elbow)
[2026-08-11 00:44:38.112] [info] Frame 109 (t = 1.09):	 total squared error = 0.000569723, marker error: RMS = 0.00477377, max = 0.00847088 (L_Elbow)
[2026-08-11 00:44:38.133] [info] Frame 110 (t = 1.1):	 total squared error = 0.000538490, marker error: RMS = 0.00464108, max = 0.00835215 (L_Elbow)
[2026-08-11 00:44:38.186] [info] Frame 111 (t = 1.11):	 total squared error = 0.000529493, marker error: RMS = 0.00460214, max = 0.00812843 (L_Elbow)
[2026-08-11 00:44:38.212] [info] Frame 112 (t = 1.12):	 total squared error = 0.000537145, marker error: RMS = 0.00463528, max = 0.00801385 (L_Elbow)
[2026-08-11 00:44:38.240] [info] Frame 113 (t = 1.13):	 total squared error = 0.000545354, marker error: RMS = 0.00467057, max = 0.00785394 (L_Elbow)
[2026-08-11 00:44:38.268] [info] Frame 114 (t = 1.14):	 total squared error = 0.000549601, marker error: RMS = 0.00468872, max = 0.00778731 (Thoracic)
[2026-08-11 00:44:38.306] [info] Frame 115 (t = 1.15):	 total squared error = 0.000551108, marker error: RMS = 0.00469514, max = 0.00789810 (Thoracic)
[2026-08-11 00:44:38.334] [info] Frame 116 (t = 1.16):	 total squared error = 0.000555476, marker error: RMS = 0.00471371, max = 0.00803968 (Thoracic)
[2026-08-11 00:44:38.362] [info] Frame 117 (t = 1.17):	 total squared error = 0.000553200, marker error: RMS = 0.00470404, max = 0.00807493 (Thoracic)
[2026-08-11 00:44:38.407] [info] Frame 118 (t = 1.18):	 total squared error = 0.000539406, marker error: RMS = 0.00464502, max = 0.00813868 (Thoracic)
[2026-08-11 00:44:38.428] [info] Frame 119 (t = 1.19):	 total squared error = 0.000538282, marker error: RMS = 0.00464018, max = 0.00815859 (Thoracic)
[2026-08-11 00:44:38.455] [info] Frame 120 (t = 1.2):	 total squared error = 0.000531397, marker error: RMS = 0.00461041, max = 0.00828861 (Sternum)
[2026-08-11 00:44:38.470] [info] Frame 121 (t = 1.21):	 total squared error = 0.000536257, marker error: RMS = 0.00463144, max = 0.00814771 (Sternum)
[2026-08-11 00:44:38.502] [info] Frame 122 (t = 1.22):	 total squared error = 0.000537536, marker error: RMS = 0.00463696, max = 0.00789200 (Sternum)
[2026-08-11 00:44:38.539] [info] Frame 123 (t = 1.23):	 total squared error = 0.000550583, marker error: RMS = 0.00469290, max = 0.00896868 (L_Shank_Lateral)
[2026-08-11 00:44:38.555] [info] Frame 124 (t = 1.24):	 total squared error = 0.000580920, marker error: RMS = 0.00482045, max = 0.0107418 (L_Shank_Lateral)
[2026-08-11 00:44:38.589] [info] Frame 125 (t = 1.25):	 total squared error = 0.000585961, marker error: RMS = 0.00484132, max = 0.0118768 (L_Shank_Lateral)
[2026-08-11 00:44:38.627] [info] Frame 126 (t = 1.26):	 total squared error = 0.000594115, marker error: RMS = 0.00487490, max = 0.0126537 (L_Shank_Lateral)
[2026-08-11 00:44:38.664] [info] Frame 127 (t = 1.27):	 total squared error = 0.000594330, marker error: RMS = 0.00487578, max = 0.0130693 (L_Shank_Lateral)
[2026-08-11 00:44:38.692] [info] Frame 128 (t = 1.28):	 total squared error = 0.000591925, marker error: RMS = 0.00486590, max = 0.0132354 (L_Shank_Lateral)
[2026-08-11 00:44:38.722] [info] Frame 129 (t = 1.29):	 total squared error = 0.000579096, marker error: RMS = 0.00481288, max = 0.0130109 (L_Shank_Lateral)
[2026-08-11 00:44:38.762] [info] Frame 130 (t = 1.3):	 total squared error = 0.000564467, marker error: RMS = 0.00475170, max = 0.0126476 (L_Shank_Lateral)
[2026-08-11 00:44:38.803] [info] Frame 131 (t = 1.31):	 total squared error = 0.000548656, marker error: RMS = 0.00468468, max = 0.0122463 (L_Shank_Lateral)
[2026-08-11 00:44:38.844] [info] Frame 132 (t = 1.32):	 total squared error = 0.000526928, marker error: RMS = 0.00459098, max = 0.0117564 (L_Shank_Lateral)
[2026-08-11 00:44:38.879] [info] Frame 133 (t = 1.33):	 total squared error = 0.000495805, marker error: RMS = 0.00445334, max = 0.0110178 (L_Shank_Lateral)
[2026-08-11 00:44:38.908] [info] Frame 134 (t = 1.34):	 total squared error = 0.000462415, marker error: RMS = 0.00430077, max = 0.0100577 (L_Shank_Lateral)
[2026-08-11 00:44:38.949] [info] Frame 135 (t = 1.35):	 total squared error = 0.000414829, marker error: RMS = 0.00407347, max = 0.00858004 (L_Shank_Lateral)
[2026-08-11 00:44:38.975] [info] Frame 136 (t = 1.36):	 total squared error = 0.000388585, marker error: RMS = 0.00394251, max = 0.00698538 (C7)
[2026-08-11 00:44:39.019] [info] Frame 137 (t = 1.37):	 total squared error = 0.000375312, marker error: RMS = 0.00387459, max = 0.00735422 (R_Elbow)
[2026-08-11 00:44:39.040] [info] Frame 138 (t = 1.38):	 total squared error = 0.000414965, marker error: RMS = 0.00407414, max = 0.00787876 (R_Elbow)
[2026-08-11 00:44:39.074] [info] Frame 139 (t = 1.39):	 total squared error = 0.000457856, marker error: RMS = 0.00427951, max = 0.00870940 (R_Elbow)
[2026-08-11 00:44:39.100] [info] Frame 140 (t = 1.4):	 total squared error = 0.000541983, marker error: RMS = 0.00465611, max = 0.00918192 (R_Elbow)
[2026-08-11 00:44:39.135] [info] Frame 141 (t = 1.41):	 total squared error = 0.000621086, marker error: RMS = 0.00498432, max = 0.00960767 (R_Elbow)
[2026-08-11 00:44:39.146] [info] Frame 142 (t = 1.42):	 total squared error = 0.000703033, marker error: RMS = 0.00530296, max = 0.0101845 (Sternum)
[2026-08-11 00:44:39.182] [info] Frame 143 (t = 1.43):	 total squared error = 0.000736677, marker error: RMS = 0.00542836, max = 0.0106858 (Sternum)
[2026-08-11 00:44:39.219] [info] Frame 144 (t = 1.44):	 total squared error = 0.000757708, marker error: RMS = 0.00550530, max = 0.0111329 (Sternum)
[2026-08-11 00:44:39.242] [info] Frame 145 (t = 1.45):	 total squared error = 0.000763859, marker error: RMS = 0.00552760, max = 0.0114646 (Sternum)
[2026-08-11 00:44:39.267] [info] Frame 146 (t = 1.46):	 total squared error = 0.000756361, marker error: RMS = 0.00550040, max = 0.0115166 (Sternum)
[2026-08-11 00:44:39.283] [info] Frame 147 (t = 1.47):	 total squared error = 0.000736706, marker error: RMS = 0.00542846, max = 0.0111828 (Sternum)
[2026-08-11 00:44:39.318] [info] Frame 148 (t = 1.48):	 total squared error = 0.000671116, marker error: RMS = 0.00518118, max = 0.0107336 (Sternum)
[2026-08-11 00:44:39.343] [info] Frame 149 (t = 1.49):	 total squared error = 0.000615514, marker error: RMS = 0.00496191, max = 0.00997123 (Sternum)
[2026-08-11 00:44:39.394] [info] Frame 150 (t = 1.5):	 total squared error = 0.000542125, marker error: RMS = 0.00465672, max = 0.00915994 (Sternum)
[2026-08-11 00:44:39.412] [info] Frame 151 (t = 1.51):	 total squared error = 0.000487742, marker error: RMS = 0.00441698, max = 0.00864094 (R_Elbow)
[2026-08-11 00:44:39.436] [info] Frame 152 (t = 1.52):	 total squared error = 0.000460831, marker error: RMS = 0.00429340, max = 0.00842164 (R_Elbow)
[2026-08-11 00:44:39.462] [info] Frame 153 (t = 1.53):	 total squared error = 0.000459489, marker error: RMS = 0.00428714, max = 0.00844860 (R_Elbow)
[2026-08-11 00:44:39.506] [info] Frame 154 (t = 1.54):	 total squared error = 0.000472021, marker error: RMS = 0.00434521, max = 0.00844441 (R_Elbow)
[2026-08-11 00:44:39.541] [info] Frame 155 (t = 1.55):	 total squared error = 0.000489148, marker error: RMS = 0.00442334, max = 0.00841600 (R_Elbow)
[2026-08-11 00:44:39.590] [info] Frame 156 (t = 1.56):	 total squared error = 0.000500231, marker error: RMS = 0.00447317, max = 0.00866676 (Sacral)
[2026-08-11 00:44:39.625] [info] Frame 157 (t = 1.57):	 total squared error = 0.000510104, marker error: RMS = 0.00451710, max = 0.00850329 (Sacral)
[2026-08-11 00:44:39.681] [info] Frame 158 (t = 1.58):	 total squared error = 0.000508515, marker error: RMS = 0.00451006, max = 0.00846129 (Sacral)
[2026-08-11 00:44:39.735] [info] Frame 159 (t = 1.59):	 total squared error = 0.000504510, marker error: RMS = 0.00449226, max = 0.00832971 (R_Elbow)
[2026-08-11 00:44:39.759] [info] Frame 160 (t = 1.6):	 total squared error = 0.000500111, marker error: RMS = 0.00447263, max = 0.00824003 (R_Elbow)
[2026-08-11 00:44:39.802] [info] Frame 161 (t = 1.61):	 total squared error = 0.000490435, marker error: RMS = 0.00442915, max = 0.00812085 (R_Elbow)
[2026-08-11 00:44:39.846] [info] Frame 162 (t = 1.62):	 total squared error = 0.000490451, marker error: RMS = 0.00442923, max = 0.00798494 (R_Elbow)
[2026-08-11 00:44:39.867] [info] Frame 163 (t = 1.63):	 total squared error = 0.000502215, marker error: RMS = 0.00448203, max = 0.00789166 (Sternum)
[2026-08-11 00:44:39.888] [info] Frame 164 (t = 1.64):	 total squared error = 0.000526407, marker error: RMS = 0.00458871, max = 0.00895891 (R_Shank_Lateral)
[2026-08-11 00:44:39.931] [info] Frame 165 (t = 1.65):	 total squared error = 0.000541565, marker error: RMS = 0.00465431, max = 0.0100026 (R_Shank_Lateral)
[2026-08-11 00:44:39.962] [info] Frame 166 (t = 1.66):	 total squared error = 0.000570059, marker error: RMS = 0.00477518, max = 0.0117582 (R_Shank_Lateral)
[2026-08-11 00:44:40.002] [info] Frame 167 (t = 1.67):	 total squared error = 0.000585825, marker error: RMS = 0.00484077, max = 0.012486 (R_Shank_Lateral)
[2026-08-11 00:44:40.027] [info] Frame 168 (t = 1.68):	 total squared error = 0.000599391, marker error: RMS = 0.00489649, max = 0.0136076 (R_Shank_Lateral)
[2026-08-11 00:44:40.059] [info] Frame 169 (t = 1.69):	 total squared error = 0.000593502, marker error: RMS = 0.00487238, max = 0.0138865 (R_Shank_Lateral)
[2026-08-11 00:44:40.098] [info] Frame 170 (t = 1.7):	 total squared error = 0.000576915, marker error: RMS = 0.00480381, max = 0.0134938 (R_Shank_Lateral)
[2026-08-11 00:44:40.102] [info] InverseKinematicsTool completed 171 frames in 5 second(s).
[2026-08-11 00:44:40.155] [info] Loaded model SUBJ63-scaled from file C:\Users\migue\Downloads\TFG\2_JMP\SUBJ63\Walk_3\SUBJ63_3_JMP_results\SUBJ63_3_NMSM_JMP_04_ankle_axis.osim
[2026-08-11 00:44:40.712] [warning] Coordinate.setValue:  coordinate pro_sup_r is locked. Unable to change its value.
[2026-08-11 00:44:40.752] [warning] Coordinate.setValue:  coordinate pro_sup_l is locked. Unable to change its value.
[2026-08-11 00:45:13.111] [info] Loaded model SUBJ63-scaled from file C:\Users\migue\Downloads\TFG\2_JMP\SUBJ63\Walk_3\SUBJ63_3_JMP_results\SUBJ63_3_NMSM_JMP_05_torso.osim
[2026-08-11 00:45:13.129] [cout] [info] 
               MODEL: SUBJ63-scaled
         coordinates: 41
              forces: 103
           actuators: 103
             muscles: 86
            analyses: 0
              probes: 0
              bodies: 24
              joints: 24
         constraints: 2
             markers: 25
         controllers: 0
  contact geometries: 0
misc modelcomponents: 0
[2026-08-11 00:45:13.129] [info] Running tool .
[2026-08-11 00:45:13.231] [info] Frame 0 (t = 0.0):	 total squared error = 0.000585823, marker error: RMS = 0.00484076, max = 0.0142934 (R_Shank_Lateral)
[2026-08-11 00:45:13.250] [info] Frame 1 (t = 0.01):	 total squared error = 0.000596556, marker error: RMS = 0.00488490, max = 0.0141254 (R_Shank_Lateral)
[2026-08-11 00:45:13.312] [info] Frame 2 (t = 0.02):	 total squared error = 0.000540001, marker error: RMS = 0.00464758, max = 0.0133517 (R_Shank_Lateral)
[2026-08-11 00:45:13.351] [info] Frame 3 (t = 0.03):	 total squared error = 0.000508156, marker error: RMS = 0.00450846, max = 0.0126249 (R_Shank_Lateral)
[2026-08-11 00:45:13.367] [info] Frame 4 (t = 0.04):	 total squared error = 0.000514728, marker error: RMS = 0.00453752, max = 0.0119403 (R_Shank_Lateral)
[2026-08-11 00:45:13.400] [info] Frame 5 (t = 0.05):	 total squared error = 0.000448198, marker error: RMS = 0.00423414, max = 0.0112121 (R_Shank_Lateral)
[2026-08-11 00:45:13.435] [info] Frame 6 (t = 0.06):	 total squared error = 0.000417233, marker error: RMS = 0.00408526, max = 0.0106025 (R_Shank_Lateral)
[2026-08-11 00:45:13.469] [info] Frame 7 (t = 0.07):	 total squared error = 0.000381812, marker error: RMS = 0.00390800, max = 0.00986056 (R_Shank_Lateral)
[2026-08-11 00:45:13.502] [info] Frame 8 (t = 0.08):	 total squared error = 0.000341118, marker error: RMS = 0.00369388, max = 0.00869907 (R_Shank_Lateral)
[2026-08-11 00:45:13.543] [info] Frame 9 (t = 0.09):	 total squared error = 0.000299989, marker error: RMS = 0.00346404, max = 0.00710173 (R_Shank_Lateral)
[2026-08-11 00:45:13.593] [info] Frame 10 (t = 0.1):	 total squared error = 0.000274596, marker error: RMS = 0.00331419, max = 0.00578018 (L_Thigh_Lateral)
[2026-08-11 00:45:13.625] [info] Frame 11 (t = 0.11):	 total squared error = 0.000280614, marker error: RMS = 0.00335031, max = 0.00615224 (L_Thigh_Lateral)
[2026-08-11 00:45:13.652] [info] Frame 12 (t = 0.12):	 total squared error = 0.000330772, marker error: RMS = 0.00363743, max = 0.00656379 (L_Thigh_Lateral)
[2026-08-11 00:45:13.676] [info] Frame 13 (t = 0.13):	 total squared error = 0.000428322, marker error: RMS = 0.00413919, max = 0.00752189 (R_Thigh_Lateral)
[2026-08-11 00:45:13.697] [info] Frame 14 (t = 0.14):	 total squared error = 0.000559804, marker error: RMS = 0.00473203, max = 0.0101725 (R_Thigh_Lateral)
[2026-08-11 00:45:13.710] [info] Frame 15 (t = 0.15):	 total squared error = 0.000700622, marker error: RMS = 0.00529385, max = 0.0123676 (R_Thigh_Lateral)
[2026-08-11 00:45:13.745] [info] Frame 16 (t = 0.16):	 total squared error = 0.000787156, marker error: RMS = 0.00561126, max = 0.0127165 (R_Thigh_Lateral)
[2026-08-11 00:45:13.771] [info] Frame 17 (t = 0.17):	 total squared error = 0.000823761, marker error: RMS = 0.00574025, max = 0.0123466 (R_Thigh_Lateral)
[2026-08-11 00:45:13.808] [info] Frame 18 (t = 0.18):	 total squared error = 0.000801831, marker error: RMS = 0.00566332, max = 0.0108729 (R_Thigh_Lateral)
[2026-08-11 00:45:13.835] [info] Frame 19 (t = 0.19):	 total squared error = 0.000744995, marker error: RMS = 0.00545892, max = 0.00947415 (Sacral)
[2026-08-11 00:45:13.852] [info] Frame 20 (t = 0.2):	 total squared error = 0.000680383, marker error: RMS = 0.00521683, max = 0.00922750 (Sacral)
[2026-08-11 00:45:13.873] [info] Frame 21 (t = 0.21):	 total squared error = 0.000624533, marker error: RMS = 0.00499813, max = 0.00905307 (Sacral)
[2026-08-11 00:45:13.895] [info] Frame 22 (t = 0.22):	 total squared error = 0.000569055, marker error: RMS = 0.00477098, max = 0.00884762 (Sacral)
[2026-08-11 00:45:13.933] [info] Frame 23 (t = 0.23):	 total squared error = 0.000498234, marker error: RMS = 0.00446423, max = 0.00864272 (Sacral)
[2026-08-11 00:45:13.955] [info] Frame 24 (t = 0.24):	 total squared error = 0.000425536, marker error: RMS = 0.00412570, max = 0.00836709 (Sacral)
[2026-08-11 00:45:13.978] [info] Frame 25 (t = 0.25):	 total squared error = 0.000364554, marker error: RMS = 0.00381866, max = 0.00800838 (Sacral)
[2026-08-11 00:45:14.002] [info] Frame 26 (t = 0.26):	 total squared error = 0.000328631, marker error: RMS = 0.00362564, max = 0.00763591 (Sacral)
[2026-08-11 00:45:14.037] [info] Frame 27 (t = 0.27):	 total squared error = 0.000311967, marker error: RMS = 0.00353252, max = 0.00778847 (Sacral)
[2026-08-11 00:45:14.061] [info] Frame 28 (t = 0.28):	 total squared error = 0.000304128, marker error: RMS = 0.00348785, max = 0.00746705 (Sacral)
[2026-08-11 00:45:14.089] [info] Frame 29 (t = 0.29):	 total squared error = 0.000292553, marker error: RMS = 0.00342083, max = 0.00761297 (Sacral)
[2026-08-11 00:45:14.113] [info] Frame 30 (t = 0.3):	 total squared error = 0.000280717, marker error: RMS = 0.00335092, max = 0.00724852 (Sacral)
[2026-08-11 00:45:14.144] [info] Frame 31 (t = 0.31):	 total squared error = 0.000265571, marker error: RMS = 0.00325927, max = 0.00687552 (L_Asis)
[2026-08-11 00:45:14.170] [info] Frame 32 (t = 0.32):	 total squared error = 0.000254944, marker error: RMS = 0.00319339, max = 0.00661564 (L_Asis)
[2026-08-11 00:45:14.213] [info] Frame 33 (t = 0.33):	 total squared error = 0.000227559, marker error: RMS = 0.00301701, max = 0.00638906 (L_Asis)
[2026-08-11 00:45:14.246] [info] Frame 34 (t = 0.34):	 total squared error = 0.000215854, marker error: RMS = 0.00293839, max = 0.00603246 (L_Thigh_Lateral)
[2026-08-11 00:45:14.270] [info] Frame 35 (t = 0.35):	 total squared error = 0.000212477, marker error: RMS = 0.00291532, max = 0.00599628 (L_Thigh_Lateral)
[2026-08-11 00:45:14.291] [info] Frame 36 (t = 0.36):	 total squared error = 0.000216626, marker error: RMS = 0.00294364, max = 0.00602720 (L_Thigh_Lateral)
[2026-08-11 00:45:14.313] [info] Frame 37 (t = 0.37):	 total squared error = 0.000230175, marker error: RMS = 0.00303430, max = 0.00608424 (L_Shank_Lateral)
[2026-08-11 00:45:14.333] [info] Frame 38 (t = 0.38):	 total squared error = 0.000258078, marker error: RMS = 0.00321296, max = 0.00771269 (L_Shank_Lateral)
[2026-08-11 00:45:14.366] [info] Frame 39 (t = 0.39):	 total squared error = 0.000284638, marker error: RMS = 0.00337425, max = 0.00926868 (L_Shank_Lateral)
[2026-08-11 00:45:14.392] [info] Frame 40 (t = 0.4):	 total squared error = 0.000321324, marker error: RMS = 0.00358510, max = 0.0108407 (L_Shank_Lateral)
[2026-08-11 00:45:14.437] [info] Frame 41 (t = 0.41):	 total squared error = 0.000345460, marker error: RMS = 0.00371731, max = 0.0118038 (L_Shank_Lateral)
[2026-08-11 00:45:14.466] [info] Frame 42 (t = 0.42):	 total squared error = 0.000369726, marker error: RMS = 0.00384565, max = 0.012615 (L_Shank_Lateral)
[2026-08-11 00:45:14.495] [info] Frame 43 (t = 0.43):	 total squared error = 0.000384470, marker error: RMS = 0.00392158, max = 0.0129432 (L_Shank_Lateral)
[2026-08-11 00:45:14.526] [info] Frame 44 (t = 0.44):	 total squared error = 0.000390895, marker error: RMS = 0.00395421, max = 0.0128701 (L_Shank_Lateral)
[2026-08-11 00:45:14.559] [info] Frame 45 (t = 0.45):	 total squared error = 0.000390635, marker error: RMS = 0.00395290, max = 0.0125856 (L_Shank_Lateral)
[2026-08-11 00:45:14.592] [info] Frame 46 (t = 0.46):	 total squared error = 0.000388999, marker error: RMS = 0.00394461, max = 0.0122103 (L_Shank_Lateral)
[2026-08-11 00:45:14.627] [info] Frame 47 (t = 0.47):	 total squared error = 0.000381840, marker error: RMS = 0.00390814, max = 0.0117115 (L_Shank_Lateral)
[2026-08-11 00:45:14.653] [info] Frame 48 (t = 0.48):	 total squared error = 0.000371297, marker error: RMS = 0.00385381, max = 0.0111775 (L_Shank_Lateral)
[2026-08-11 00:45:14.689] [info] Frame 49 (t = 0.49):	 total squared error = 0.000343822, marker error: RMS = 0.00370849, max = 0.0103717 (L_Shank_Lateral)
[2026-08-11 00:45:14.730] [info] Frame 50 (t = 0.5):	 total squared error = 0.000309669, marker error: RMS = 0.00351948, max = 0.00937813 (L_Shank_Lateral)
[2026-08-11 00:45:14.765] [info] Frame 51 (t = 0.51):	 total squared error = 0.000273522, marker error: RMS = 0.00330770, max = 0.00804396 (L_Shank_Lateral)
[2026-08-11 00:45:14.801] [info] Frame 52 (t = 0.52):	 total squared error = 0.000242012, marker error: RMS = 0.00311135, max = 0.00633421 (L_Shank_Lateral)
[2026-08-11 00:45:14.822] [info] Frame 53 (t = 0.53):	 total squared error = 0.000253783, marker error: RMS = 0.00318611, max = 0.00623752 (R_Thigh_Lateral)
[2026-08-11 00:45:14.873] [info] Frame 54 (t = 0.54):	 total squared error = 0.000261211, marker error: RMS = 0.00323240, max = 0.00616502 (R_Thigh_Lateral)
[2026-08-11 00:45:14.899] [info] Frame 55 (t = 0.55):	 total squared error = 0.000323679, marker error: RMS = 0.00359822, max = 0.00659543 (R_Thigh_Lateral)
[2026-08-11 00:45:14.938] [info] Frame 56 (t = 0.56):	 total squared error = 0.000406137, marker error: RMS = 0.00403057, max = 0.00694523 (R_Thigh_Lateral)
[2026-08-11 00:45:14.949] [info] Frame 57 (t = 0.57):	 total squared error = 0.000510698, marker error: RMS = 0.00451973, max = 0.00790695 (Sternum)
[2026-08-11 00:45:14.982] [info] Frame 58 (t = 0.58):	 total squared error = 0.000571485, marker error: RMS = 0.00478115, max = 0.00861054 (Sternum)
[2026-08-11 00:45:15.004] [info] Frame 59 (t = 0.59):	 total squared error = 0.000628474, marker error: RMS = 0.00501388, max = 0.00930784 (Sternum)
[2026-08-11 00:45:15.026] [info] Frame 60 (t = 0.6):	 total squared error = 0.000661126, marker error: RMS = 0.00514248, max = 0.00980524 (Sternum)
[2026-08-11 00:45:15.071] [info] Frame 61 (t = 0.61):	 total squared error = 0.000649820, marker error: RMS = 0.00509832, max = 0.00985623 (Sternum)
[2026-08-11 00:45:15.090] [info] Frame 62 (t = 0.62):	 total squared error = 0.000630405, marker error: RMS = 0.00502157, max = 0.00975057 (Sternum)
[2026-08-11 00:45:15.118] [info] Frame 63 (t = 0.63):	 total squared error = 0.000594012, marker error: RMS = 0.00487447, max = 0.00938207 (Sternum)
[2026-08-11 00:45:15.139] [info] Frame 64 (t = 0.64):	 total squared error = 0.000542793, marker error: RMS = 0.00465958, max = 0.00865836 (Sternum)
[2026-08-11 00:45:15.160] [info] Frame 65 (t = 0.65):	 total squared error = 0.000481023, marker error: RMS = 0.00438645, max = 0.00777281 (Sternum)
[2026-08-11 00:45:15.183] [info] Frame 66 (t = 0.66):	 total squared error = 0.000409782, marker error: RMS = 0.00404861, max = 0.00692638 (R_Asis)
[2026-08-11 00:45:15.219] [info] Frame 67 (t = 0.67):	 total squared error = 0.000303977, marker error: RMS = 0.00348699, max = 0.00612345 (R_Asis)
[2026-08-11 00:45:15.243] [info] Frame 68 (t = 0.68):	 total squared error = 0.000261965, marker error: RMS = 0.00323707, max = 0.00536197 (R_Ankle_Lateral)
[2026-08-11 00:45:15.267] [info] Frame 69 (t = 0.69):	 total squared error = 0.000246321, marker error: RMS = 0.00313892, max = 0.00507242 (R_Ankle_Lateral)
[2026-08-11 00:45:15.296] [info] Frame 70 (t = 0.7):	 total squared error = 0.000241141, marker error: RMS = 0.00310574, max = 0.00479786 (Sacral)
[2026-08-11 00:45:15.324] [info] Frame 71 (t = 0.71):	 total squared error = 0.000241107, marker error: RMS = 0.00310552, max = 0.00514273 (Sacral)
[2026-08-11 00:45:15.346] [info] Frame 72 (t = 0.72):	 total squared error = 0.000241530, marker error: RMS = 0.00310825, max = 0.00521889 (Sacral)
[2026-08-11 00:45:15.383] [info] Frame 73 (t = 0.73):	 total squared error = 0.000235738, marker error: RMS = 0.00307075, max = 0.00550460 (Sacral)
[2026-08-11 00:45:15.411] [info] Frame 74 (t = 0.74):	 total squared error = 0.000236402, marker error: RMS = 0.00307507, max = 0.00538185 (L_Asis)
[2026-08-11 00:45:15.474] [info] Frame 75 (t = 0.75):	 total squared error = 0.000234995, marker error: RMS = 0.00306591, max = 0.00577286 (L_Asis)
[2026-08-11 00:45:15.494] [info] Frame 76 (t = 0.76):	 total squared error = 0.000248804, marker error: RMS = 0.00315471, max = 0.00596152 (L_Asis)
[2026-08-11 00:45:15.549] [info] Frame 77 (t = 0.77):	 total squared error = 0.000243303, marker error: RMS = 0.00311963, max = 0.00623541 (L_Asis)
[2026-08-11 00:45:15.589] [info] Frame 78 (t = 0.78):	 total squared error = 0.000255825, marker error: RMS = 0.00319891, max = 0.00629563 (L_Asis)
[2026-08-11 00:45:15.635] [info] Frame 79 (t = 0.79):	 total squared error = 0.000276050, marker error: RMS = 0.00332295, max = 0.00636892 (L_Asis)
[2026-08-11 00:45:15.681] [info] Frame 80 (t = 0.8):	 total squared error = 0.000304303, marker error: RMS = 0.00348886, max = 0.00699831 (R_Shank_Lateral)
[2026-08-11 00:45:15.731] [info] Frame 81 (t = 0.81):	 total squared error = 0.000338689, marker error: RMS = 0.00368070, max = 0.00838895 (R_Shank_Lateral)
[2026-08-11 00:45:15.766] [info] Frame 82 (t = 0.82):	 total squared error = 0.000376376, marker error: RMS = 0.00388008, max = 0.00989064 (R_Shank_Lateral)
[2026-08-11 00:45:15.806] [info] Frame 83 (t = 0.83):	 total squared error = 0.000413851, marker error: RMS = 0.00406866, max = 0.0112424 (R_Shank_Lateral)
[2026-08-11 00:45:15.849] [info] Frame 84 (t = 0.84):	 total squared error = 0.000446396, marker error: RMS = 0.00422562, max = 0.0122492 (R_Shank_Lateral)
[2026-08-11 00:45:15.873] [info] Frame 85 (t = 0.85):	 total squared error = 0.000478902, marker error: RMS = 0.00437677, max = 0.013296 (R_Shank_Lateral)
[2026-08-11 00:45:15.884] [info] Frame 86 (t = 0.86):	 total squared error = 0.000541546, marker error: RMS = 0.00465423, max = 0.0139095 (R_Shank_Lateral)
[2026-08-11 00:45:15.907] [info] Frame 87 (t = 0.87):	 total squared error = 0.000510418, marker error: RMS = 0.00451849, max = 0.0136581 (R_Shank_Lateral)
[2026-08-11 00:45:15.948] [info] Frame 88 (t = 0.88):	 total squared error = 0.000502405, marker error: RMS = 0.00448288, max = 0.0130444 (R_Shank_Lateral)
[2026-08-11 00:45:15.980] [info] Frame 89 (t = 0.89):	 total squared error = 0.000500734, marker error: RMS = 0.00447542, max = 0.0126721 (R_Shank_Lateral)
[2026-08-11 00:45:16.009] [info] Frame 90 (t = 0.9):	 total squared error = 0.000493996, marker error: RMS = 0.00444521, max = 0.0122935 (R_Shank_Lateral)
[2026-08-11 00:45:16.048] [info] Frame 91 (t = 0.91):	 total squared error = 0.000470838, marker error: RMS = 0.00433976, max = 0.0115682 (R_Shank_Lateral)
[2026-08-11 00:45:16.087] [info] Frame 92 (t = 0.92):	 total squared error = 0.000435433, marker error: RMS = 0.00417341, max = 0.0108027 (R_Shank_Lateral)
[2026-08-11 00:45:16.124] [info] Frame 93 (t = 0.93):	 total squared error = 0.000385870, marker error: RMS = 0.00392871, max = 0.00966926 (R_Shank_Lateral)
[2026-08-11 00:45:16.162] [info] Frame 94 (t = 0.94):	 total squared error = 0.000329001, marker error: RMS = 0.00362767, max = 0.00821093 (R_Shank_Lateral)
[2026-08-11 00:45:16.206] [info] Frame 95 (t = 0.95):	 total squared error = 0.000278295, marker error: RMS = 0.00333643, max = 0.00670149 (L_Thigh_Lateral)
[2026-08-11 00:45:16.228] [info] Frame 96 (t = 0.96):	 total squared error = 0.000263090, marker error: RMS = 0.00324401, max = 0.00733646 (L_Thigh_Lateral)
[2026-08-11 00:45:16.253] [info] Frame 97 (t = 0.97):	 total squared error = 0.000273154, marker error: RMS = 0.00330547, max = 0.00756137 (L_Thigh_Lateral)
[2026-08-11 00:45:16.277] [info] Frame 98 (t = 0.98):	 total squared error = 0.000319037, marker error: RMS = 0.00357232, max = 0.00778266 (L_Thigh_Lateral)
[2026-08-11 00:45:16.314] [info] Frame 99 (t = 0.99):	 total squared error = 0.000390502, marker error: RMS = 0.00395222, max = 0.00790869 (L_Thigh_Lateral)
[2026-08-11 00:45:16.343] [info] Frame 100 (t = 1.0):	 total squared error = 0.000460069, marker error: RMS = 0.00428984, max = 0.00814925 (L_Thigh_Lateral)
[2026-08-11 00:45:16.363] [info] Frame 101 (t = 1.01):	 total squared error = 0.000504423, marker error: RMS = 0.00449187, max = 0.00831070 (L_Thigh_Lateral)
[2026-08-11 00:45:16.401] [info] Frame 102 (t = 1.02):	 total squared error = 0.000519966, marker error: RMS = 0.00456055, max = 0.00816957 (L_Thigh_Lateral)
[2026-08-11 00:45:16.424] [info] Frame 103 (t = 1.03):	 total squared error = 0.000512970, marker error: RMS = 0.00452977, max = 0.00808799 (L_Thigh_Lateral)
[2026-08-11 00:45:16.447] [info] Frame 104 (t = 1.04):	 total squared error = 0.000499814, marker error: RMS = 0.00447131, max = 0.00805573 (R_Asis)
[2026-08-11 00:45:16.481] [info] Frame 105 (t = 1.05):	 total squared error = 0.000480730, marker error: RMS = 0.00438511, max = 0.00750689 (R_Asis)
[2026-08-11 00:45:16.501] [info] Frame 106 (t = 1.06):	 total squared error = 0.000458219, marker error: RMS = 0.00428121, max = 0.00729300 (R_Asis)
[2026-08-11 00:45:16.523] [info] Frame 107 (t = 1.07):	 total squared error = 0.000423016, marker error: RMS = 0.00411347, max = 0.00672883 (R_Asis)
[2026-08-11 00:45:16.542] [info] Frame 108 (t = 1.08):	 total squared error = 0.000374835, marker error: RMS = 0.00387213, max = 0.00688871 (L_Ankle_Lateral)
[2026-08-11 00:45:16.568] [info] Frame 109 (t = 1.09):	 total squared error = 0.000321302, marker error: RMS = 0.00358498, max = 0.00696343 (L_Ankle_Lateral)
[2026-08-11 00:45:16.591] [info] Frame 110 (t = 1.1):	 total squared error = 0.000290668, marker error: RMS = 0.00340980, max = 0.00676137 (L_Ankle_Lateral)
[2026-08-11 00:45:16.631] [info] Frame 111 (t = 1.11):	 total squared error = 0.000284862, marker error: RMS = 0.00337557, max = 0.00644070 (L_Ankle_Lateral)
[2026-08-11 00:45:16.664] [info] Frame 112 (t = 1.12):	 total squared error = 0.000290641, marker error: RMS = 0.00340964, max = 0.00646493 (Thoracic)
[2026-08-11 00:45:16.694] [info] Frame 113 (t = 1.13):	 total squared error = 0.000296825, marker error: RMS = 0.00344572, max = 0.00657586 (Thoracic)
[2026-08-11 00:45:16.717] [info] Frame 114 (t = 1.14):	 total squared error = 0.000299913, marker error: RMS = 0.00346360, max = 0.00672686 (Thoracic)
[2026-08-11 00:45:16.744] [info] Frame 115 (t = 1.15):	 total squared error = 0.000303810, marker error: RMS = 0.00348603, max = 0.00682355 (Thoracic)
[2026-08-11 00:45:16.796] [info] Frame 116 (t = 1.16):	 total squared error = 0.000293818, marker error: RMS = 0.00342823, max = 0.00694451 (Thoracic)
[2026-08-11 00:45:16.820] [info] Frame 117 (t = 1.17):	 total squared error = 0.000297001, marker error: RMS = 0.00344674, max = 0.00700865 (Thoracic)
[2026-08-11 00:45:16.854] [info] Frame 118 (t = 1.18):	 total squared error = 0.000291783, marker error: RMS = 0.00341633, max = 0.00709140 (Thoracic)
[2026-08-11 00:45:16.875] [info] Frame 119 (t = 1.19):	 total squared error = 0.000296916, marker error: RMS = 0.00344625, max = 0.00709371 (Thoracic)
[2026-08-11 00:45:16.895] [info] Frame 120 (t = 1.2):	 total squared error = 0.000303498, marker error: RMS = 0.00348424, max = 0.00710725 (Thoracic)
[2026-08-11 00:45:16.911] [info] Frame 121 (t = 1.21):	 total squared error = 0.000316766, marker error: RMS = 0.00355958, max = 0.00705741 (Thoracic)
[2026-08-11 00:45:16.928] [info] Frame 122 (t = 1.22):	 total squared error = 0.000337040, marker error: RMS = 0.00367173, max = 0.00769306 (L_Shank_Lateral)
[2026-08-11 00:45:16.962] [info] Frame 123 (t = 1.23):	 total squared error = 0.000356835, marker error: RMS = 0.00377802, max = 0.00927811 (L_Shank_Lateral)
[2026-08-11 00:45:16.994] [info] Frame 124 (t = 1.24):	 total squared error = 0.000387320, marker error: RMS = 0.00393609, max = 0.0107896 (L_Shank_Lateral)
[2026-08-11 00:45:17.050] [info] Frame 125 (t = 1.25):	 total squared error = 0.000413392, marker error: RMS = 0.00406641, max = 0.0120294 (L_Shank_Lateral)
[2026-08-11 00:45:17.087] [info] Frame 126 (t = 1.26):	 total squared error = 0.000436010, marker error: RMS = 0.00417617, max = 0.0129103 (L_Shank_Lateral)
[2026-08-11 00:45:17.128] [info] Frame 127 (t = 1.27):	 total squared error = 0.000449035, marker error: RMS = 0.00423809, max = 0.0133183 (L_Shank_Lateral)
[2026-08-11 00:45:17.153] [info] Frame 128 (t = 1.28):	 total squared error = 0.000463408, marker error: RMS = 0.00430538, max = 0.0134642 (L_Shank_Lateral)
[2026-08-11 00:45:17.190] [info] Frame 129 (t = 1.29):	 total squared error = 0.000453235, marker error: RMS = 0.00425786, max = 0.0131429 (L_Shank_Lateral)
[2026-08-11 00:45:17.224] [info] Frame 130 (t = 1.3):	 total squared error = 0.000446391, marker error: RMS = 0.00422559, max = 0.0127946 (L_Shank_Lateral)
[2026-08-11 00:45:17.255] [info] Frame 131 (t = 1.31):	 total squared error = 0.000435391, marker error: RMS = 0.00417321, max = 0.0124586 (L_Shank_Lateral)
[2026-08-11 00:45:17.293] [info] Frame 132 (t = 1.32):	 total squared error = 0.000410876, marker error: RMS = 0.00405402, max = 0.0118326 (L_Shank_Lateral)
[2026-08-11 00:45:17.326] [info] Frame 133 (t = 1.33):	 total squared error = 0.000372650, marker error: RMS = 0.00386083, max = 0.0110819 (L_Shank_Lateral)
[2026-08-11 00:45:17.367] [info] Frame 134 (t = 1.34):	 total squared error = 0.000320324, marker error: RMS = 0.00357952, max = 0.0100130 (L_Shank_Lateral)
[2026-08-11 00:45:17.409] [info] Frame 135 (t = 1.35):	 total squared error = 0.000260781, marker error: RMS = 0.00322974, max = 0.00855584 (L_Shank_Lateral)
[2026-08-11 00:45:17.447] [info] Frame 136 (t = 1.36):	 total squared error = 0.000206268, marker error: RMS = 0.00287241, max = 0.00675047 (L_Shank_Lateral)
[2026-08-11 00:45:17.482] [info] Frame 137 (t = 1.37):	 total squared error = 0.000172474, marker error: RMS = 0.00262658, max = 0.00473250 (L_Shank_Lateral)
[2026-08-11 00:45:17.514] [info] Frame 138 (t = 1.38):	 total squared error = 0.000168930, marker error: RMS = 0.00259946, max = 0.00501734 (R_Thigh_Lateral)
[2026-08-11 00:45:17.555] [info] Frame 139 (t = 1.39):	 total squared error = 0.000198017, marker error: RMS = 0.00281437, max = 0.00543280 (R_Thigh_Lateral)
[2026-08-11 00:45:17.587] [info] Frame 140 (t = 1.4):	 total squared error = 0.000252003, marker error: RMS = 0.00317492, max = 0.00607135 (L_Thigh_Lateral)
[2026-08-11 00:45:17.622] [info] Frame 141 (t = 1.41):	 total squared error = 0.000312423, marker error: RMS = 0.00353510, max = 0.00705495 (L_Thigh_Lateral)
[2026-08-11 00:45:17.633] [info] Frame 142 (t = 1.42):	 total squared error = 0.000376132, marker error: RMS = 0.00387882, max = 0.00735603 (L_Thigh_Lateral)
[2026-08-11 00:45:17.669] [info] Frame 143 (t = 1.43):	 total squared error = 0.000395077, marker error: RMS = 0.00397531, max = 0.00685616 (L_Thigh_Lateral)
[2026-08-11 00:45:17.691] [info] Frame 144 (t = 1.44):	 total squared error = 0.000414393, marker error: RMS = 0.00407133, max = 0.00695603 (R_Thigh_Lateral)
[2026-08-11 00:45:17.708] [info] Frame 145 (t = 1.45):	 total squared error = 0.000428607, marker error: RMS = 0.00414057, max = 0.00740236 (L_Asis)
[2026-08-11 00:45:17.746] [info] Frame 146 (t = 1.46):	 total squared error = 0.000396447, marker error: RMS = 0.00398220, max = 0.00691631 (R_Knee_Lateral)
[2026-08-11 00:45:17.766] [info] Frame 147 (t = 1.47):	 total squared error = 0.000380112, marker error: RMS = 0.00389929, max = 0.00722710 (L_Asis)
[2026-08-11 00:45:17.792] [info] Frame 148 (t = 1.48):	 total squared error = 0.000354145, marker error: RMS = 0.00376375, max = 0.00703612 (L_Asis)
[2026-08-11 00:45:17.831] [info] Frame 149 (t = 1.49):	 total squared error = 0.000299002, marker error: RMS = 0.00345834, max = 0.00629655 (R_Asis)
[2026-08-11 00:45:17.857] [info] Frame 150 (t = 1.5):	 total squared error = 0.000254945, marker error: RMS = 0.00319340, max = 0.00546157 (R_Asis)
[2026-08-11 00:45:17.887] [info] Frame 151 (t = 1.51):	 total squared error = 0.000220607, marker error: RMS = 0.00297057, max = 0.00549520 (Sacral)
[2026-08-11 00:45:17.910] [info] Frame 152 (t = 1.52):	 total squared error = 0.000209168, marker error: RMS = 0.00289253, max = 0.00570346 (Sacral)
[2026-08-11 00:45:17.936] [info] Frame 153 (t = 1.53):	 total squared error = 0.000221730, marker error: RMS = 0.00297812, max = 0.00626499 (Sacral)
[2026-08-11 00:45:17.969] [info] Frame 154 (t = 1.54):	 total squared error = 0.000244181, marker error: RMS = 0.00312526, max = 0.00730148 (Sacral)
[2026-08-11 00:45:17.994] [info] Frame 155 (t = 1.55):	 total squared error = 0.000267441, marker error: RMS = 0.00327072, max = 0.00779029 (Sacral)
[2026-08-11 00:45:18.024] [info] Frame 156 (t = 1.56):	 total squared error = 0.000284147, marker error: RMS = 0.00337133, max = 0.00826321 (Sacral)
[2026-08-11 00:45:18.061] [info] Frame 157 (t = 1.57):	 total squared error = 0.000291553, marker error: RMS = 0.00341499, max = 0.00825078 (Sacral)
[2026-08-11 00:45:18.087] [info] Frame 158 (t = 1.58):	 total squared error = 0.000296065, marker error: RMS = 0.00344131, max = 0.00756850 (Sacral)
[2026-08-11 00:45:18.152] [info] Frame 159 (t = 1.59):	 total squared error = 0.000287324, marker error: RMS = 0.00339013, max = 0.00718908 (Sacral)
[2026-08-11 00:45:18.196] [info] Frame 160 (t = 1.6):	 total squared error = 0.000278544, marker error: RMS = 0.00333793, max = 0.00656149 (Sacral)
[2026-08-11 00:45:18.225] [info] Frame 161 (t = 1.61):	 total squared error = 0.000275411, marker error: RMS = 0.00331910, max = 0.00578004 (R_Thigh_Lateral)
[2026-08-11 00:45:18.249] [info] Frame 162 (t = 1.62):	 total squared error = 0.000282952, marker error: RMS = 0.00336424, max = 0.00628446 (R_Shank_Lateral)
[2026-08-11 00:45:18.296] [info] Frame 163 (t = 1.63):	 total squared error = 0.000284778, marker error: RMS = 0.00337508, max = 0.00730199 (R_Shank_Lateral)
[2026-08-11 00:45:18.311] [info] Frame 164 (t = 1.64):	 total squared error = 0.000321555, marker error: RMS = 0.00358639, max = 0.00894494 (R_Shank_Lateral)
[2026-08-11 00:45:18.357] [info] Frame 165 (t = 1.65):	 total squared error = 0.000340664, marker error: RMS = 0.00369142, max = 0.00997783 (R_Shank_Lateral)
[2026-08-11 00:45:18.394] [info] Frame 166 (t = 1.66):	 total squared error = 0.000375838, marker error: RMS = 0.00387731, max = 0.0113155 (R_Shank_Lateral)
[2026-08-11 00:45:18.415] [info] Frame 167 (t = 1.67):	 total squared error = 0.000418036, marker error: RMS = 0.00408918, max = 0.0129763 (R_Shank_Lateral)
[2026-08-11 00:45:18.460] [info] Frame 168 (t = 1.68):	 total squared error = 0.000425871, marker error: RMS = 0.00412733, max = 0.0131893 (R_Shank_Lateral)
[2026-08-11 00:45:18.490] [info] Frame 169 (t = 1.69):	 total squared error = 0.000437769, marker error: RMS = 0.00418459, max = 0.0138283 (R_Shank_Lateral)
[2026-08-11 00:45:18.531] [info] Frame 170 (t = 1.7):	 total squared error = 0.000431579, marker error: RMS = 0.00415490, max = 0.0135468 (R_Shank_Lateral)
[2026-08-11 00:45:18.535] [info] InverseKinematicsTool completed 171 frames in 5 second(s).
[2026-08-11 00:45:18.595] [info] Loaded model SUBJ63-scaled from file C:\Users\migue\Downloads\TFG\2_JMP\SUBJ63\Walk_3\SUBJ63_3_JMP_results\SUBJ63_3_NMSM_JMP_05_torso.osim
[2026-08-11 00:45:19.142] [warning] Coordinate.setValue:  coordinate pro_sup_r is locked. Unable to change its value.
[2026-08-11 00:45:19.182] [warning] Coordinate.setValue:  coordinate pro_sup_l is locked. Unable to change its value.
[2026-08-11 00:45:51.737] [info] Loaded model SUBJ63-scaled from file C:\Users\migue\Downloads\TFG\2_JMP\SUBJ63\Walk_3\SUBJ63_3_JMP_results\SUBJ63_3_NMSM_JMP_05_torso.osim
[2026-08-11 00:45:51.756] [cout] [info] 
               MODEL: SUBJ63-scaled
         coordinates: 41
              forces: 103
           actuators: 103
             muscles: 86
            analyses: 0
              probes: 0
              bodies: 24
              joints: 24
         constraints: 2
             markers: 25
         controllers: 0
  contact geometries: 0
misc modelcomponents: 0
[2026-08-11 00:45:51.756] [info] Running tool .
[2026-08-11 00:45:51.874] [info] Frame 0 (t = 0.0):	 total squared error = 0.000585823, marker error: RMS = 0.00484076, max = 0.0142934 (R_Shank_Lateral)
[2026-08-11 00:45:51.893] [info] Frame 1 (t = 0.01):	 total squared error = 0.000596556, marker error: RMS = 0.00488490, max = 0.0141254 (R_Shank_Lateral)
[2026-08-11 00:45:51.950] [info] Frame 2 (t = 0.02):	 total squared error = 0.000540001, marker error: RMS = 0.00464758, max = 0.0133517 (R_Shank_Lateral)
[2026-08-11 00:45:51.988] [info] Frame 3 (t = 0.03):	 total squared error = 0.000508156, marker error: RMS = 0.00450846, max = 0.0126249 (R_Shank_Lateral)
[2026-08-11 00:45:52.004] [info] Frame 4 (t = 0.04):	 total squared error = 0.000514728, marker error: RMS = 0.00453752, max = 0.0119403 (R_Shank_Lateral)
[2026-08-11 00:45:52.038] [info] Frame 5 (t = 0.05):	 total squared error = 0.000448198, marker error: RMS = 0.00423414, max = 0.0112121 (R_Shank_Lateral)
[2026-08-11 00:45:52.073] [info] Frame 6 (t = 0.06):	 total squared error = 0.000417233, marker error: RMS = 0.00408526, max = 0.0106025 (R_Shank_Lateral)
[2026-08-11 00:45:52.107] [info] Frame 7 (t = 0.07):	 total squared error = 0.000381812, marker error: RMS = 0.00390800, max = 0.00986056 (R_Shank_Lateral)
[2026-08-11 00:45:52.140] [info] Frame 8 (t = 0.08):	 total squared error = 0.000341118, marker error: RMS = 0.00369388, max = 0.00869907 (R_Shank_Lateral)
[2026-08-11 00:45:52.187] [info] Frame 9 (t = 0.09):	 total squared error = 0.000299989, marker error: RMS = 0.00346404, max = 0.00710173 (R_Shank_Lateral)
[2026-08-11 00:45:52.237] [info] Frame 10 (t = 0.1):	 total squared error = 0.000274596, marker error: RMS = 0.00331419, max = 0.00578018 (L_Thigh_Lateral)
[2026-08-11 00:45:52.270] [info] Frame 11 (t = 0.11):	 total squared error = 0.000280614, marker error: RMS = 0.00335031, max = 0.00615224 (L_Thigh_Lateral)
[2026-08-11 00:45:52.297] [info] Frame 12 (t = 0.12):	 total squared error = 0.000330772, marker error: RMS = 0.00363743, max = 0.00656379 (L_Thigh_Lateral)
[2026-08-11 00:45:52.321] [info] Frame 13 (t = 0.13):	 total squared error = 0.000428322, marker error: RMS = 0.00413919, max = 0.00752189 (R_Thigh_Lateral)
[2026-08-11 00:45:52.342] [info] Frame 14 (t = 0.14):	 total squared error = 0.000559804, marker error: RMS = 0.00473203, max = 0.0101725 (R_Thigh_Lateral)
[2026-08-11 00:45:52.355] [info] Frame 15 (t = 0.15):	 total squared error = 0.000700622, marker error: RMS = 0.00529385, max = 0.0123676 (R_Thigh_Lateral)
[2026-08-11 00:45:52.391] [info] Frame 16 (t = 0.16):	 total squared error = 0.000787156, marker error: RMS = 0.00561126, max = 0.0127165 (R_Thigh_Lateral)
[2026-08-11 00:45:52.416] [info] Frame 17 (t = 0.17):	 total squared error = 0.000823761, marker error: RMS = 0.00574025, max = 0.0123466 (R_Thigh_Lateral)
[2026-08-11 00:45:52.453] [info] Frame 18 (t = 0.18):	 total squared error = 0.000801831, marker error: RMS = 0.00566332, max = 0.0108729 (R_Thigh_Lateral)
[2026-08-11 00:45:52.478] [info] Frame 19 (t = 0.19):	 total squared error = 0.000744995, marker error: RMS = 0.00545892, max = 0.00947415 (Sacral)
[2026-08-11 00:45:52.495] [info] Frame 20 (t = 0.2):	 total squared error = 0.000680383, marker error: RMS = 0.00521683, max = 0.00922750 (Sacral)
[2026-08-11 00:45:52.517] [info] Frame 21 (t = 0.21):	 total squared error = 0.000624533, marker error: RMS = 0.00499813, max = 0.00905307 (Sacral)
[2026-08-11 00:45:52.538] [info] Frame 22 (t = 0.22):	 total squared error = 0.000569055, marker error: RMS = 0.00477098, max = 0.00884762 (Sacral)
[2026-08-11 00:45:52.582] [info] Frame 23 (t = 0.23):	 total squared error = 0.000498234, marker error: RMS = 0.00446423, max = 0.00864272 (Sacral)
[2026-08-11 00:45:52.604] [info] Frame 24 (t = 0.24):	 total squared error = 0.000425536, marker error: RMS = 0.00412570, max = 0.00836709 (Sacral)
[2026-08-11 00:45:52.627] [info] Frame 25 (t = 0.25):	 total squared error = 0.000364554, marker error: RMS = 0.00381866, max = 0.00800838 (Sacral)
[2026-08-11 00:45:52.652] [info] Frame 26 (t = 0.26):	 total squared error = 0.000328631, marker error: RMS = 0.00362564, max = 0.00763591 (Sacral)
[2026-08-11 00:45:52.686] [info] Frame 27 (t = 0.27):	 total squared error = 0.000311967, marker error: RMS = 0.00353252, max = 0.00778847 (Sacral)
[2026-08-11 00:45:52.706] [info] Frame 28 (t = 0.28):	 total squared error = 0.000304128, marker error: RMS = 0.00348785, max = 0.00746705 (Sacral)
[2026-08-11 00:45:52.734] [info] Frame 29 (t = 0.29):	 total squared error = 0.000292553, marker error: RMS = 0.00342083, max = 0.00761297 (Sacral)
[2026-08-11 00:45:52.757] [info] Frame 30 (t = 0.3):	 total squared error = 0.000280717, marker error: RMS = 0.00335092, max = 0.00724852 (Sacral)
[2026-08-11 00:45:52.788] [info] Frame 31 (t = 0.31):	 total squared error = 0.000265571, marker error: RMS = 0.00325927, max = 0.00687552 (L_Asis)
[2026-08-11 00:45:52.815] [info] Frame 32 (t = 0.32):	 total squared error = 0.000254944, marker error: RMS = 0.00319339, max = 0.00661564 (L_Asis)
[2026-08-11 00:45:52.859] [info] Frame 33 (t = 0.33):	 total squared error = 0.000227559, marker error: RMS = 0.00301701, max = 0.00638906 (L_Asis)
[2026-08-11 00:45:52.892] [info] Frame 34 (t = 0.34):	 total squared error = 0.000215854, marker error: RMS = 0.00293839, max = 0.00603246 (L_Thigh_Lateral)
[2026-08-11 00:45:52.916] [info] Frame 35 (t = 0.35):	 total squared error = 0.000212477, marker error: RMS = 0.00291532, max = 0.00599628 (L_Thigh_Lateral)
[2026-08-11 00:45:52.937] [info] Frame 36 (t = 0.36):	 total squared error = 0.000216626, marker error: RMS = 0.00294364, max = 0.00602720 (L_Thigh_Lateral)
[2026-08-11 00:45:52.960] [info] Frame 37 (t = 0.37):	 total squared error = 0.000230175, marker error: RMS = 0.00303430, max = 0.00608424 (L_Shank_Lateral)
[2026-08-11 00:45:52.979] [info] Frame 38 (t = 0.38):	 total squared error = 0.000258078, marker error: RMS = 0.00321296, max = 0.00771269 (L_Shank_Lateral)
[2026-08-11 00:45:53.012] [info] Frame 39 (t = 0.39):	 total squared error = 0.000284638, marker error: RMS = 0.00337425, max = 0.00926868 (L_Shank_Lateral)
[2026-08-11 00:45:53.039] [info] Frame 40 (t = 0.4):	 total squared error = 0.000321324, marker error: RMS = 0.00358510, max = 0.0108407 (L_Shank_Lateral)
[2026-08-11 00:45:53.082] [info] Frame 41 (t = 0.41):	 total squared error = 0.000345460, marker error: RMS = 0.00371731, max = 0.0118038 (L_Shank_Lateral)
[2026-08-11 00:45:53.111] [info] Frame 42 (t = 0.42):	 total squared error = 0.000369726, marker error: RMS = 0.00384565, max = 0.012615 (L_Shank_Lateral)
[2026-08-11 00:45:53.140] [info] Frame 43 (t = 0.43):	 total squared error = 0.000384470, marker error: RMS = 0.00392158, max = 0.0129432 (L_Shank_Lateral)
[2026-08-11 00:45:53.170] [info] Frame 44 (t = 0.44):	 total squared error = 0.000390895, marker error: RMS = 0.00395421, max = 0.0128701 (L_Shank_Lateral)
[2026-08-11 00:45:53.203] [info] Frame 45 (t = 0.45):	 total squared error = 0.000390635, marker error: RMS = 0.00395290, max = 0.0125856 (L_Shank_Lateral)
[2026-08-11 00:45:53.236] [info] Frame 46 (t = 0.46):	 total squared error = 0.000388999, marker error: RMS = 0.00394461, max = 0.0122103 (L_Shank_Lateral)
[2026-08-11 00:45:53.270] [info] Frame 47 (t = 0.47):	 total squared error = 0.000381840, marker error: RMS = 0.00390814, max = 0.0117115 (L_Shank_Lateral)
[2026-08-11 00:45:53.295] [info] Frame 48 (t = 0.48):	 total squared error = 0.000371297, marker error: RMS = 0.00385381, max = 0.0111775 (L_Shank_Lateral)
[2026-08-11 00:45:53.331] [info] Frame 49 (t = 0.49):	 total squared error = 0.000343822, marker error: RMS = 0.00370849, max = 0.0103717 (L_Shank_Lateral)
[2026-08-11 00:45:53.371] [info] Frame 50 (t = 0.5):	 total squared error = 0.000309669, marker error: RMS = 0.00351948, max = 0.00937813 (L_Shank_Lateral)
[2026-08-11 00:45:53.405] [info] Frame 51 (t = 0.51):	 total squared error = 0.000273522, marker error: RMS = 0.00330770, max = 0.00804396 (L_Shank_Lateral)
[2026-08-11 00:45:53.440] [info] Frame 52 (t = 0.52):	 total squared error = 0.000242012, marker error: RMS = 0.00311135, max = 0.00633421 (L_Shank_Lateral)
[2026-08-11 00:45:53.460] [info] Frame 53 (t = 0.53):	 total squared error = 0.000253783, marker error: RMS = 0.00318611, max = 0.00623752 (R_Thigh_Lateral)
[2026-08-11 00:45:53.511] [info] Frame 54 (t = 0.54):	 total squared error = 0.000261211, marker error: RMS = 0.00323240, max = 0.00616502 (R_Thigh_Lateral)
[2026-08-11 00:45:53.537] [info] Frame 55 (t = 0.55):	 total squared error = 0.000323679, marker error: RMS = 0.00359822, max = 0.00659543 (R_Thigh_Lateral)
[2026-08-11 00:45:53.575] [info] Frame 56 (t = 0.56):	 total squared error = 0.000406137, marker error: RMS = 0.00403057, max = 0.00694523 (R_Thigh_Lateral)
[2026-08-11 00:45:53.586] [info] Frame 57 (t = 0.57):	 total squared error = 0.000510698, marker error: RMS = 0.00451973, max = 0.00790695 (Sternum)
[2026-08-11 00:45:53.618] [info] Frame 58 (t = 0.58):	 total squared error = 0.000571485, marker error: RMS = 0.00478115, max = 0.00861054 (Sternum)
[2026-08-11 00:45:53.639] [info] Frame 59 (t = 0.59):	 total squared error = 0.000628474, marker error: RMS = 0.00501388, max = 0.00930784 (Sternum)
[2026-08-11 00:45:53.661] [info] Frame 60 (t = 0.6):	 total squared error = 0.000661126, marker error: RMS = 0.00514248, max = 0.00980524 (Sternum)
[2026-08-11 00:45:53.705] [info] Frame 61 (t = 0.61):	 total squared error = 0.000649820, marker error: RMS = 0.00509832, max = 0.00985623 (Sternum)
[2026-08-11 00:45:53.725] [info] Frame 62 (t = 0.62):	 total squared error = 0.000630405, marker error: RMS = 0.00502157, max = 0.00975057 (Sternum)
[2026-08-11 00:45:53.751] [info] Frame 63 (t = 0.63):	 total squared error = 0.000594012, marker error: RMS = 0.00487447, max = 0.00938207 (Sternum)
[2026-08-11 00:45:53.771] [info] Frame 64 (t = 0.64):	 total squared error = 0.000542793, marker error: RMS = 0.00465958, max = 0.00865836 (Sternum)
[2026-08-11 00:45:53.792] [info] Frame 65 (t = 0.65):	 total squared error = 0.000481023, marker error: RMS = 0.00438645, max = 0.00777281 (Sternum)
[2026-08-11 00:45:53.814] [info] Frame 66 (t = 0.66):	 total squared error = 0.000409782, marker error: RMS = 0.00404861, max = 0.00692638 (R_Asis)
[2026-08-11 00:45:53.850] [info] Frame 67 (t = 0.67):	 total squared error = 0.000303977, marker error: RMS = 0.00348699, max = 0.00612345 (R_Asis)
[2026-08-11 00:45:53.875] [info] Frame 68 (t = 0.68):	 total squared error = 0.000261965, marker error: RMS = 0.00323707, max = 0.00536197 (R_Ankle_Lateral)
[2026-08-11 00:45:53.899] [info] Frame 69 (t = 0.69):	 total squared error = 0.000246321, marker error: RMS = 0.00313892, max = 0.00507242 (R_Ankle_Lateral)
[2026-08-11 00:45:53.928] [info] Frame 70 (t = 0.7):	 total squared error = 0.000241141, marker error: RMS = 0.00310574, max = 0.00479786 (Sacral)
[2026-08-11 00:45:53.956] [info] Frame 71 (t = 0.71):	 total squared error = 0.000241107, marker error: RMS = 0.00310552, max = 0.00514273 (Sacral)
[2026-08-11 00:45:53.980] [info] Frame 72 (t = 0.72):	 total squared error = 0.000241530, marker error: RMS = 0.00310825, max = 0.00521889 (Sacral)
[2026-08-11 00:45:54.017] [info] Frame 73 (t = 0.73):	 total squared error = 0.000235738, marker error: RMS = 0.00307075, max = 0.00550460 (Sacral)
[2026-08-11 00:45:54.046] [info] Frame 74 (t = 0.74):	 total squared error = 0.000236402, marker error: RMS = 0.00307507, max = 0.00538185 (L_Asis)
[2026-08-11 00:45:54.106] [info] Frame 75 (t = 0.75):	 total squared error = 0.000234995, marker error: RMS = 0.00306591, max = 0.00577286 (L_Asis)
[2026-08-11 00:45:54.127] [info] Frame 76 (t = 0.76):	 total squared error = 0.000248804, marker error: RMS = 0.00315471, max = 0.00596152 (L_Asis)
[2026-08-11 00:45:54.181] [info] Frame 77 (t = 0.77):	 total squared error = 0.000243303, marker error: RMS = 0.00311963, max = 0.00623541 (L_Asis)
[2026-08-11 00:45:54.221] [info] Frame 78 (t = 0.78):	 total squared error = 0.000255825, marker error: RMS = 0.00319891, max = 0.00629563 (L_Asis)
[2026-08-11 00:45:54.268] [info] Frame 79 (t = 0.79):	 total squared error = 0.000276050, marker error: RMS = 0.00332295, max = 0.00636892 (L_Asis)
[2026-08-11 00:45:54.313] [info] Frame 80 (t = 0.8):	 total squared error = 0.000304303, marker error: RMS = 0.00348886, max = 0.00699831 (R_Shank_Lateral)
[2026-08-11 00:45:54.363] [info] Frame 81 (t = 0.81):	 total squared error = 0.000338689, marker error: RMS = 0.00368070, max = 0.00838895 (R_Shank_Lateral)
[2026-08-11 00:45:54.400] [info] Frame 82 (t = 0.82):	 total squared error = 0.000376376, marker error: RMS = 0.00388008, max = 0.00989064 (R_Shank_Lateral)
[2026-08-11 00:45:54.439] [info] Frame 83 (t = 0.83):	 total squared error = 0.000413851, marker error: RMS = 0.00406866, max = 0.0112424 (R_Shank_Lateral)
[2026-08-11 00:45:54.482] [info] Frame 84 (t = 0.84):	 total squared error = 0.000446396, marker error: RMS = 0.00422562, max = 0.0122492 (R_Shank_Lateral)
[2026-08-11 00:45:54.505] [info] Frame 85 (t = 0.85):	 total squared error = 0.000478902, marker error: RMS = 0.00437677, max = 0.013296 (R_Shank_Lateral)
[2026-08-11 00:45:54.517] [info] Frame 86 (t = 0.86):	 total squared error = 0.000541546, marker error: RMS = 0.00465423, max = 0.0139095 (R_Shank_Lateral)
[2026-08-11 00:45:54.541] [info] Frame 87 (t = 0.87):	 total squared error = 0.000510418, marker error: RMS = 0.00451849, max = 0.0136581 (R_Shank_Lateral)
[2026-08-11 00:45:54.584] [info] Frame 88 (t = 0.88):	 total squared error = 0.000502405, marker error: RMS = 0.00448288, max = 0.0130444 (R_Shank_Lateral)
[2026-08-11 00:45:54.616] [info] Frame 89 (t = 0.89):	 total squared error = 0.000500734, marker error: RMS = 0.00447542, max = 0.0126721 (R_Shank_Lateral)
[2026-08-11 00:45:54.645] [info] Frame 90 (t = 0.9):	 total squared error = 0.000493996, marker error: RMS = 0.00444521, max = 0.0122935 (R_Shank_Lateral)
[2026-08-11 00:45:54.684] [info] Frame 91 (t = 0.91):	 total squared error = 0.000470838, marker error: RMS = 0.00433976, max = 0.0115682 (R_Shank_Lateral)
[2026-08-11 00:45:54.723] [info] Frame 92 (t = 0.92):	 total squared error = 0.000435433, marker error: RMS = 0.00417341, max = 0.0108027 (R_Shank_Lateral)
[2026-08-11 00:45:54.761] [info] Frame 93 (t = 0.93):	 total squared error = 0.000385870, marker error: RMS = 0.00392871, max = 0.00966926 (R_Shank_Lateral)
[2026-08-11 00:45:54.798] [info] Frame 94 (t = 0.94):	 total squared error = 0.000329001, marker error: RMS = 0.00362767, max = 0.00821093 (R_Shank_Lateral)
[2026-08-11 00:45:54.841] [info] Frame 95 (t = 0.95):	 total squared error = 0.000278295, marker error: RMS = 0.00333643, max = 0.00670149 (L_Thigh_Lateral)
[2026-08-11 00:45:54.864] [info] Frame 96 (t = 0.96):	 total squared error = 0.000263090, marker error: RMS = 0.00324401, max = 0.00733646 (L_Thigh_Lateral)
[2026-08-11 00:45:54.888] [info] Frame 97 (t = 0.97):	 total squared error = 0.000273154, marker error: RMS = 0.00330547, max = 0.00756137 (L_Thigh_Lateral)
[2026-08-11 00:45:54.913] [info] Frame 98 (t = 0.98):	 total squared error = 0.000319037, marker error: RMS = 0.00357232, max = 0.00778266 (L_Thigh_Lateral)
[2026-08-11 00:45:54.950] [info] Frame 99 (t = 0.99):	 total squared error = 0.000390502, marker error: RMS = 0.00395222, max = 0.00790869 (L_Thigh_Lateral)
[2026-08-11 00:45:54.980] [info] Frame 100 (t = 1.0):	 total squared error = 0.000460069, marker error: RMS = 0.00428984, max = 0.00814925 (L_Thigh_Lateral)
[2026-08-11 00:45:55.002] [info] Frame 101 (t = 1.01):	 total squared error = 0.000504423, marker error: RMS = 0.00449187, max = 0.00831070 (L_Thigh_Lateral)
[2026-08-11 00:45:55.041] [info] Frame 102 (t = 1.02):	 total squared error = 0.000519966, marker error: RMS = 0.00456055, max = 0.00816957 (L_Thigh_Lateral)
[2026-08-11 00:45:55.063] [info] Frame 103 (t = 1.03):	 total squared error = 0.000512970, marker error: RMS = 0.00452977, max = 0.00808799 (L_Thigh_Lateral)
[2026-08-11 00:45:55.087] [info] Frame 104 (t = 1.04):	 total squared error = 0.000499814, marker error: RMS = 0.00447131, max = 0.00805573 (R_Asis)
[2026-08-11 00:45:55.121] [info] Frame 105 (t = 1.05):	 total squared error = 0.000480730, marker error: RMS = 0.00438511, max = 0.00750689 (R_Asis)
[2026-08-11 00:45:55.140] [info] Frame 106 (t = 1.06):	 total squared error = 0.000458219, marker error: RMS = 0.00428121, max = 0.00729300 (R_Asis)
[2026-08-11 00:45:55.162] [info] Frame 107 (t = 1.07):	 total squared error = 0.000423016, marker error: RMS = 0.00411347, max = 0.00672883 (R_Asis)
[2026-08-11 00:45:55.182] [info] Frame 108 (t = 1.08):	 total squared error = 0.000374835, marker error: RMS = 0.00387213, max = 0.00688871 (L_Ankle_Lateral)
[2026-08-11 00:45:55.209] [info] Frame 109 (t = 1.09):	 total squared error = 0.000321302, marker error: RMS = 0.00358498, max = 0.00696343 (L_Ankle_Lateral)
[2026-08-11 00:45:55.232] [info] Frame 110 (t = 1.1):	 total squared error = 0.000290668, marker error: RMS = 0.00340980, max = 0.00676137 (L_Ankle_Lateral)
[2026-08-11 00:45:55.273] [info] Frame 111 (t = 1.11):	 total squared error = 0.000284862, marker error: RMS = 0.00337557, max = 0.00644070 (L_Ankle_Lateral)
[2026-08-11 00:45:55.306] [info] Frame 112 (t = 1.12):	 total squared error = 0.000290641, marker error: RMS = 0.00340964, max = 0.00646493 (Thoracic)
[2026-08-11 00:45:55.337] [info] Frame 113 (t = 1.13):	 total squared error = 0.000296825, marker error: RMS = 0.00344572, max = 0.00657586 (Thoracic)
[2026-08-11 00:45:55.360] [info] Frame 114 (t = 1.14):	 total squared error = 0.000299913, marker error: RMS = 0.00346360, max = 0.00672686 (Thoracic)
[2026-08-11 00:45:55.387] [info] Frame 115 (t = 1.15):	 total squared error = 0.000303810, marker error: RMS = 0.00348603, max = 0.00682355 (Thoracic)
[2026-08-11 00:45:55.439] [info] Frame 116 (t = 1.16):	 total squared error = 0.000293818, marker error: RMS = 0.00342823, max = 0.00694451 (Thoracic)
[2026-08-11 00:45:55.464] [info] Frame 117 (t = 1.17):	 total squared error = 0.000297001, marker error: RMS = 0.00344674, max = 0.00700865 (Thoracic)
[2026-08-11 00:45:55.502] [info] Frame 118 (t = 1.18):	 total squared error = 0.000291783, marker error: RMS = 0.00341633, max = 0.00709140 (Thoracic)
[2026-08-11 00:45:55.522] [info] Frame 119 (t = 1.19):	 total squared error = 0.000296916, marker error: RMS = 0.00344625, max = 0.00709371 (Thoracic)
[2026-08-11 00:45:55.542] [info] Frame 120 (t = 1.2):	 total squared error = 0.000303498, marker error: RMS = 0.00348424, max = 0.00710725 (Thoracic)
[2026-08-11 00:45:55.557] [info] Frame 121 (t = 1.21):	 total squared error = 0.000316766, marker error: RMS = 0.00355958, max = 0.00705741 (Thoracic)
[2026-08-11 00:45:55.576] [info] Frame 122 (t = 1.22):	 total squared error = 0.000337040, marker error: RMS = 0.00367173, max = 0.00769306 (L_Shank_Lateral)
[2026-08-11 00:45:55.610] [info] Frame 123 (t = 1.23):	 total squared error = 0.000356835, marker error: RMS = 0.00377802, max = 0.00927811 (L_Shank_Lateral)
[2026-08-11 00:45:55.643] [info] Frame 124 (t = 1.24):	 total squared error = 0.000387320, marker error: RMS = 0.00393609, max = 0.0107896 (L_Shank_Lateral)
[2026-08-11 00:45:55.699] [info] Frame 125 (t = 1.25):	 total squared error = 0.000413392, marker error: RMS = 0.00406641, max = 0.0120294 (L_Shank_Lateral)
[2026-08-11 00:45:55.736] [info] Frame 126 (t = 1.26):	 total squared error = 0.000436010, marker error: RMS = 0.00417617, max = 0.0129103 (L_Shank_Lateral)
[2026-08-11 00:45:55.777] [info] Frame 127 (t = 1.27):	 total squared error = 0.000449035, marker error: RMS = 0.00423809, max = 0.0133183 (L_Shank_Lateral)
[2026-08-11 00:45:55.802] [info] Frame 128 (t = 1.28):	 total squared error = 0.000463408, marker error: RMS = 0.00430538, max = 0.0134642 (L_Shank_Lateral)
[2026-08-11 00:45:55.840] [info] Frame 129 (t = 1.29):	 total squared error = 0.000453235, marker error: RMS = 0.00425786, max = 0.0131429 (L_Shank_Lateral)
[2026-08-11 00:45:55.874] [info] Frame 130 (t = 1.3):	 total squared error = 0.000446391, marker error: RMS = 0.00422559, max = 0.0127946 (L_Shank_Lateral)
[2026-08-11 00:45:55.904] [info] Frame 131 (t = 1.31):	 total squared error = 0.000435391, marker error: RMS = 0.00417321, max = 0.0124586 (L_Shank_Lateral)
[2026-08-11 00:45:55.941] [info] Frame 132 (t = 1.32):	 total squared error = 0.000410876, marker error: RMS = 0.00405402, max = 0.0118326 (L_Shank_Lateral)
[2026-08-11 00:45:55.976] [info] Frame 133 (t = 1.33):	 total squared error = 0.000372650, marker error: RMS = 0.00386083, max = 0.0110819 (L_Shank_Lateral)
[2026-08-11 00:45:56.017] [info] Frame 134 (t = 1.34):	 total squared error = 0.000320324, marker error: RMS = 0.00357952, max = 0.0100130 (L_Shank_Lateral)
[2026-08-11 00:45:56.059] [info] Frame 135 (t = 1.35):	 total squared error = 0.000260781, marker error: RMS = 0.00322974, max = 0.00855584 (L_Shank_Lateral)
[2026-08-11 00:45:56.096] [info] Frame 136 (t = 1.36):	 total squared error = 0.000206268, marker error: RMS = 0.00287241, max = 0.00675047 (L_Shank_Lateral)
[2026-08-11 00:45:56.131] [info] Frame 137 (t = 1.37):	 total squared error = 0.000172474, marker error: RMS = 0.00262658, max = 0.00473250 (L_Shank_Lateral)
[2026-08-11 00:45:56.162] [info] Frame 138 (t = 1.38):	 total squared error = 0.000168930, marker error: RMS = 0.00259946, max = 0.00501734 (R_Thigh_Lateral)
[2026-08-11 00:45:56.203] [info] Frame 139 (t = 1.39):	 total squared error = 0.000198017, marker error: RMS = 0.00281437, max = 0.00543280 (R_Thigh_Lateral)
[2026-08-11 00:45:56.235] [info] Frame 140 (t = 1.4):	 total squared error = 0.000252003, marker error: RMS = 0.00317492, max = 0.00607135 (L_Thigh_Lateral)
[2026-08-11 00:45:56.270] [info] Frame 141 (t = 1.41):	 total squared error = 0.000312423, marker error: RMS = 0.00353510, max = 0.00705495 (L_Thigh_Lateral)
[2026-08-11 00:45:56.281] [info] Frame 142 (t = 1.42):	 total squared error = 0.000376132, marker error: RMS = 0.00387882, max = 0.00735603 (L_Thigh_Lateral)
[2026-08-11 00:45:56.317] [info] Frame 143 (t = 1.43):	 total squared error = 0.000395077, marker error: RMS = 0.00397531, max = 0.00685616 (L_Thigh_Lateral)
[2026-08-11 00:45:56.339] [info] Frame 144 (t = 1.44):	 total squared error = 0.000414393, marker error: RMS = 0.00407133, max = 0.00695603 (R_Thigh_Lateral)
[2026-08-11 00:45:56.357] [info] Frame 145 (t = 1.45):	 total squared error = 0.000428607, marker error: RMS = 0.00414057, max = 0.00740236 (L_Asis)
[2026-08-11 00:45:56.393] [info] Frame 146 (t = 1.46):	 total squared error = 0.000396447, marker error: RMS = 0.00398220, max = 0.00691631 (R_Knee_Lateral)
[2026-08-11 00:45:56.412] [info] Frame 147 (t = 1.47):	 total squared error = 0.000380112, marker error: RMS = 0.00389929, max = 0.00722710 (L_Asis)
[2026-08-11 00:45:56.438] [info] Frame 148 (t = 1.48):	 total squared error = 0.000354145, marker error: RMS = 0.00376375, max = 0.00703612 (L_Asis)
[2026-08-11 00:45:56.477] [info] Frame 149 (t = 1.49):	 total squared error = 0.000299002, marker error: RMS = 0.00345834, max = 0.00629655 (R_Asis)
[2026-08-11 00:45:56.504] [info] Frame 150 (t = 1.5):	 total squared error = 0.000254945, marker error: RMS = 0.00319340, max = 0.00546157 (R_Asis)
[2026-08-11 00:45:56.533] [info] Frame 151 (t = 1.51):	 total squared error = 0.000220607, marker error: RMS = 0.00297057, max = 0.00549520 (Sacral)
[2026-08-11 00:45:56.556] [info] Frame 152 (t = 1.52):	 total squared error = 0.000209168, marker error: RMS = 0.00289253, max = 0.00570346 (Sacral)
[2026-08-11 00:45:56.582] [info] Frame 153 (t = 1.53):	 total squared error = 0.000221730, marker error: RMS = 0.00297812, max = 0.00626499 (Sacral)
[2026-08-11 00:45:56.615] [info] Frame 154 (t = 1.54):	 total squared error = 0.000244181, marker error: RMS = 0.00312526, max = 0.00730148 (Sacral)
[2026-08-11 00:45:56.640] [info] Frame 155 (t = 1.55):	 total squared error = 0.000267441, marker error: RMS = 0.00327072, max = 0.00779029 (Sacral)
[2026-08-11 00:45:56.669] [info] Frame 156 (t = 1.56):	 total squared error = 0.000284147, marker error: RMS = 0.00337133, max = 0.00826321 (Sacral)
[2026-08-11 00:45:56.706] [info] Frame 157 (t = 1.57):	 total squared error = 0.000291553, marker error: RMS = 0.00341499, max = 0.00825078 (Sacral)
[2026-08-11 00:45:56.732] [info] Frame 158 (t = 1.58):	 total squared error = 0.000296065, marker error: RMS = 0.00344131, max = 0.00756850 (Sacral)
[2026-08-11 00:45:56.797] [info] Frame 159 (t = 1.59):	 total squared error = 0.000287324, marker error: RMS = 0.00339013, max = 0.00718908 (Sacral)
[2026-08-11 00:45:56.841] [info] Frame 160 (t = 1.6):	 total squared error = 0.000278544, marker error: RMS = 0.00333793, max = 0.00656149 (Sacral)
[2026-08-11 00:45:56.870] [info] Frame 161 (t = 1.61):	 total squared error = 0.000275411, marker error: RMS = 0.00331910, max = 0.00578004 (R_Thigh_Lateral)
[2026-08-11 00:45:56.895] [info] Frame 162 (t = 1.62):	 total squared error = 0.000282952, marker error: RMS = 0.00336424, max = 0.00628446 (R_Shank_Lateral)
[2026-08-11 00:45:56.942] [info] Frame 163 (t = 1.63):	 total squared error = 0.000284778, marker error: RMS = 0.00337508, max = 0.00730199 (R_Shank_Lateral)
[2026-08-11 00:45:56.957] [info] Frame 164 (t = 1.64):	 total squared error = 0.000321555, marker error: RMS = 0.00358639, max = 0.00894494 (R_Shank_Lateral)
[2026-08-11 00:45:57.003] [info] Frame 165 (t = 1.65):	 total squared error = 0.000340664, marker error: RMS = 0.00369142, max = 0.00997783 (R_Shank_Lateral)
[2026-08-11 00:45:57.041] [info] Frame 166 (t = 1.66):	 total squared error = 0.000375838, marker error: RMS = 0.00387731, max = 0.0113155 (R_Shank_Lateral)
[2026-08-11 00:45:57.061] [info] Frame 167 (t = 1.67):	 total squared error = 0.000418036, marker error: RMS = 0.00408918, max = 0.0129763 (R_Shank_Lateral)
[2026-08-11 00:45:57.106] [info] Frame 168 (t = 1.68):	 total squared error = 0.000425871, marker error: RMS = 0.00412733, max = 0.0131893 (R_Shank_Lateral)
[2026-08-11 00:45:57.136] [info] Frame 169 (t = 1.69):	 total squared error = 0.000437769, marker error: RMS = 0.00418459, max = 0.0138283 (R_Shank_Lateral)
[2026-08-11 00:45:57.176] [info] Frame 170 (t = 1.7):	 total squared error = 0.000431579, marker error: RMS = 0.00415490, max = 0.0135468 (R_Shank_Lateral)
[2026-08-11 00:45:57.181] [info] InverseKinematicsTool completed 171 frames in 5 second(s).
[2026-08-11 00:45:57.232] [info] Loaded model SUBJ63-scaled from file C:\Users\migue\Downloads\TFG\2_JMP\SUBJ63\Walk_3\SUBJ63_3_JMP_results\SUBJ63_3_NMSM_JMP_05_torso.osim
[2026-08-11 00:45:57.769] [warning] Coordinate.setValue:  coordinate pro_sup_r is locked. Unable to change its value.
[2026-08-11 00:45:57.809] [warning] Coordinate.setValue:  coordinate pro_sup_l is locked. Unable to change its value.
[2026-08-11 00:46:30.290] [info] Loaded model SUBJ63-scaled from file C:\Users\migue\Downloads\TFG\2_JMP\SUBJ63\Walk_3\SUBJ63_3_JMP_results\SUBJ63_3_NMSM_JMP_06_shoulder_elbow.osim
[2026-08-11 00:46:30.308] [cout] [info] 
               MODEL: SUBJ63-scaled
         coordinates: 41
              forces: 103
           actuators: 103
             muscles: 86
            analyses: 0
              probes: 0
              bodies: 24
              joints: 24
         constraints: 2
             markers: 25
         controllers: 0
  contact geometries: 0
misc modelcomponents: 0
[2026-08-11 00:46:30.308] [info] Running tool .
[2026-08-11 00:46:30.431] [info] Frame 0 (t = 0.0):	 total squared error = 0.000586789, marker error: RMS = 0.00484475, max = 0.0142268 (R_Shank_Lateral)
[2026-08-11 00:46:30.471] [info] Frame 1 (t = 0.01):	 total squared error = 0.000568553, marker error: RMS = 0.00476887, max = 0.013828 (R_Shank_Lateral)
[2026-08-11 00:46:30.488] [info] Frame 2 (t = 0.02):	 total squared error = 0.000574806, marker error: RMS = 0.00479502, max = 0.013294 (R_Shank_Lateral)
[2026-08-11 00:46:30.536] [info] Frame 3 (t = 0.03):	 total squared error = 0.000508570, marker error: RMS = 0.00451030, max = 0.0125841 (R_Shank_Lateral)
[2026-08-11 00:46:30.581] [info] Frame 4 (t = 0.04):	 total squared error = 0.000478353, marker error: RMS = 0.00437426, max = 0.0119842 (R_Shank_Lateral)
[2026-08-11 00:46:30.613] [info] Frame 5 (t = 0.05):	 total squared error = 0.000448925, marker error: RMS = 0.00423757, max = 0.0113514 (R_Shank_Lateral)
[2026-08-11 00:46:30.642] [info] Frame 6 (t = 0.06):	 total squared error = 0.000417796, marker error: RMS = 0.00408801, max = 0.0107333 (R_Shank_Lateral)
[2026-08-11 00:46:30.676] [info] Frame 7 (t = 0.07):	 total squared error = 0.000381259, marker error: RMS = 0.00390517, max = 0.00984708 (R_Shank_Lateral)
[2026-08-11 00:46:30.695] [info] Frame 8 (t = 0.08):	 total squared error = 0.000370197, marker error: RMS = 0.00384810, max = 0.00927523 (R_Shank_Lateral)
[2026-08-11 00:46:30.724] [info] Frame 9 (t = 0.09):	 total squared error = 0.000299491, marker error: RMS = 0.00346116, max = 0.00724158 (R_Shank_Lateral)
[2026-08-11 00:46:30.768] [info] Frame 10 (t = 0.1):	 total squared error = 0.000271557, marker error: RMS = 0.00329580, max = 0.00575898 (L_Thigh_Lateral)
[2026-08-11 00:46:30.807] [info] Frame 11 (t = 0.11):	 total squared error = 0.000275005, marker error: RMS = 0.00331665, max = 0.00608725 (L_Thigh_Lateral)
[2026-08-11 00:46:30.859] [info] Frame 12 (t = 0.12):	 total squared error = 0.000329088, marker error: RMS = 0.00362815, max = 0.00638406 (L_Thigh_Lateral)
[2026-08-11 00:46:30.881] [info] Frame 13 (t = 0.13):	 total squared error = 0.000431751, marker error: RMS = 0.00415573, max = 0.00736713 (R_Thigh_Lateral)
[2026-08-11 00:46:30.904] [info] Frame 14 (t = 0.14):	 total squared error = 0.000561717, marker error: RMS = 0.00474012, max = 0.0101074 (R_Thigh_Lateral)
[2026-08-11 00:46:30.939] [info] Frame 15 (t = 0.15):	 total squared error = 0.000693343, marker error: RMS = 0.00526628, max = 0.011865 (R_Thigh_Lateral)
[2026-08-11 00:46:30.965] [info] Frame 16 (t = 0.16):	 total squared error = 0.000787340, marker error: RMS = 0.00561191, max = 0.0126704 (R_Thigh_Lateral)
[2026-08-11 00:46:30.986] [info] Frame 17 (t = 0.17):	 total squared error = 0.000822447, marker error: RMS = 0.00573567, max = 0.0122963 (R_Thigh_Lateral)
[2026-08-11 00:46:31.009] [info] Frame 18 (t = 0.18):	 total squared error = 0.000803869, marker error: RMS = 0.00567052, max = 0.0108011 (R_Thigh_Lateral)
[2026-08-11 00:46:31.046] [info] Frame 19 (t = 0.19):	 total squared error = 0.000744347, marker error: RMS = 0.00545655, max = 0.00938722 (Sacral)
[2026-08-11 00:46:31.070] [info] Frame 20 (t = 0.2):	 total squared error = 0.000679728, marker error: RMS = 0.00521432, max = 0.00926695 (Sacral)
[2026-08-11 00:46:31.089] [info] Frame 21 (t = 0.21):	 total squared error = 0.000622478, marker error: RMS = 0.00498990, max = 0.00897898 (Sacral)
[2026-08-11 00:46:31.110] [info] Frame 22 (t = 0.22):	 total squared error = 0.000567989, marker error: RMS = 0.00476651, max = 0.00876883 (Sacral)
[2026-08-11 00:46:31.135] [info] Frame 23 (t = 0.23):	 total squared error = 0.000503823, marker error: RMS = 0.00448920, max = 0.00853767 (Sacral)
[2026-08-11 00:46:31.156] [info] Frame 24 (t = 0.24):	 total squared error = 0.000432954, marker error: RMS = 0.00416151, max = 0.00823559 (Sacral)
[2026-08-11 00:46:31.191] [info] Frame 25 (t = 0.25):	 total squared error = 0.000360310, marker error: RMS = 0.00379636, max = 0.00804132 (Sacral)
[2026-08-11 00:46:31.217] [info] Frame 26 (t = 0.26):	 total squared error = 0.000324215, marker error: RMS = 0.00360119, max = 0.00767180 (Sacral)
[2026-08-11 00:46:31.243] [info] Frame 27 (t = 0.27):	 total squared error = 0.000311330, marker error: RMS = 0.00352891, max = 0.00748138 (Sacral)
[2026-08-11 00:46:31.269] [info] Frame 28 (t = 0.28):	 total squared error = 0.000302577, marker error: RMS = 0.00347895, max = 0.00768043 (Sacral)
[2026-08-11 00:46:31.296] [info] Frame 29 (t = 0.29):	 total squared error = 0.000291896, marker error: RMS = 0.00341699, max = 0.00762274 (Sacral)
[2026-08-11 00:46:31.319] [info] Frame 30 (t = 0.3):	 total squared error = 0.000280217, marker error: RMS = 0.00334794, max = 0.00725036 (Sacral)
[2026-08-11 00:46:31.362] [info] Frame 31 (t = 0.31):	 total squared error = 0.000260364, marker error: RMS = 0.00322716, max = 0.00698857 (Sacral)
[2026-08-11 00:46:31.401] [info] Frame 32 (t = 0.32):	 total squared error = 0.000243274, marker error: RMS = 0.00311945, max = 0.00673275 (L_Asis)
[2026-08-11 00:46:31.431] [info] Frame 33 (t = 0.33):	 total squared error = 0.000233126, marker error: RMS = 0.00305369, max = 0.00608728 (L_Asis)
[2026-08-11 00:46:31.453] [info] Frame 34 (t = 0.34):	 total squared error = 0.000226229, marker error: RMS = 0.00300818, max = 0.00623690 (L_Thigh_Lateral)
[2026-08-11 00:46:31.471] [info] Frame 35 (t = 0.35):	 total squared error = 0.000225826, marker error: RMS = 0.00300550, max = 0.00638130 (L_Thigh_Lateral)
[2026-08-11 00:46:31.504] [info] Frame 36 (t = 0.36):	 total squared error = 0.000214661, marker error: RMS = 0.00293026, max = 0.00603592 (L_Thigh_Lateral)
[2026-08-11 00:46:31.525] [info] Frame 37 (t = 0.37):	 total squared error = 0.000229551, marker error: RMS = 0.00303019, max = 0.00607448 (L_Thigh_Lateral)
[2026-08-11 00:46:31.557] [info] Frame 38 (t = 0.38):	 total squared error = 0.000252325, marker error: RMS = 0.00317695, max = 0.00765287 (L_Shank_Lateral)
[2026-08-11 00:46:31.608] [info] Frame 39 (t = 0.39):	 total squared error = 0.000281827, marker error: RMS = 0.00335754, max = 0.00922105 (L_Shank_Lateral)
[2026-08-11 00:46:31.640] [info] Frame 40 (t = 0.4):	 total squared error = 0.000316172, marker error: RMS = 0.00355624, max = 0.0107429 (L_Shank_Lateral)
[2026-08-11 00:46:31.659] [info] Frame 41 (t = 0.41):	 total squared error = 0.000357712, marker error: RMS = 0.00378266, max = 0.011996 (L_Shank_Lateral)
[2026-08-11 00:46:31.698] [info] Frame 42 (t = 0.42):	 total squared error = 0.000369686, marker error: RMS = 0.00384544, max = 0.0125635 (L_Shank_Lateral)
[2026-08-11 00:46:31.753] [info] Frame 43 (t = 0.43):	 total squared error = 0.000378650, marker error: RMS = 0.00389179, max = 0.012911 (L_Shank_Lateral)
[2026-08-11 00:46:31.787] [info] Frame 44 (t = 0.44):	 total squared error = 0.000385798, marker error: RMS = 0.00392835, max = 0.0128718 (L_Shank_Lateral)
[2026-08-11 00:46:31.817] [info] Frame 45 (t = 0.45):	 total squared error = 0.000390610, marker error: RMS = 0.00395277, max = 0.0126587 (L_Shank_Lateral)
[2026-08-11 00:46:31.855] [info] Frame 46 (t = 0.46):	 total squared error = 0.000386702, marker error: RMS = 0.00393295, max = 0.0121694 (L_Shank_Lateral)
[2026-08-11 00:46:31.894] [info] Frame 47 (t = 0.47):	 total squared error = 0.000381222, marker error: RMS = 0.00390498, max = 0.0117445 (L_Shank_Lateral)
[2026-08-11 00:46:31.933] [info] Frame 48 (t = 0.48):	 total squared error = 0.000367038, marker error: RMS = 0.00383165, max = 0.0111302 (L_Shank_Lateral)
[2026-08-11 00:46:31.973] [info] Frame 49 (t = 0.49):	 total squared error = 0.000342874, marker error: RMS = 0.00370337, max = 0.0103206 (L_Shank_Lateral)
[2026-08-11 00:46:32.006] [info] Frame 50 (t = 0.5):	 total squared error = 0.000310712, marker error: RMS = 0.00352540, max = 0.00944080 (L_Shank_Lateral)
[2026-08-11 00:46:32.059] [info] Frame 51 (t = 0.51):	 total squared error = 0.000272396, marker error: RMS = 0.00330088, max = 0.00799937 (L_Shank_Lateral)
[2026-08-11 00:46:32.094] [info] Frame 52 (t = 0.52):	 total squared error = 0.000244600, marker error: RMS = 0.00312794, max = 0.00640159 (L_Shank_Lateral)
[2026-08-11 00:46:32.128] [info] Frame 53 (t = 0.53):	 total squared error = 0.000236854, marker error: RMS = 0.00307801, max = 0.00586531 (R_Thigh_Lateral)
[2026-08-11 00:46:32.161] [info] Frame 54 (t = 0.54):	 total squared error = 0.000260293, marker error: RMS = 0.00322672, max = 0.00617660 (R_Thigh_Lateral)
[2026-08-11 00:46:32.186] [info] Frame 55 (t = 0.55):	 total squared error = 0.000324788, marker error: RMS = 0.00360438, max = 0.00658808 (R_Thigh_Lateral)
[2026-08-11 00:46:32.216] [info] Frame 56 (t = 0.56):	 total squared error = 0.000404762, marker error: RMS = 0.00402374, max = 0.00701387 (R_Thigh_Lateral)
[2026-08-11 00:46:32.252] [info] Frame 57 (t = 0.57):	 total squared error = 0.000495978, marker error: RMS = 0.00445411, max = 0.00775286 (Sternum)
[2026-08-11 00:46:32.263] [info] Frame 58 (t = 0.58):	 total squared error = 0.000580279, marker error: RMS = 0.00481780, max = 0.00879822 (Sternum)
[2026-08-11 00:46:32.306] [info] Frame 59 (t = 0.59):	 total squared error = 0.000626278, marker error: RMS = 0.00500511, max = 0.00923805 (Sternum)
[2026-08-11 00:46:32.330] [info] Frame 60 (t = 0.6):	 total squared error = 0.000656308, marker error: RMS = 0.00512370, max = 0.00973645 (Sternum)
[2026-08-11 00:46:32.349] [info] Frame 61 (t = 0.61):	 total squared error = 0.000669184, marker error: RMS = 0.00517372, max = 0.00985830 (Sternum)
[2026-08-11 00:46:32.392] [info] Frame 62 (t = 0.62):	 total squared error = 0.000627177, marker error: RMS = 0.00500870, max = 0.00974336 (Sternum)
[2026-08-11 00:46:32.432] [info] Frame 63 (t = 0.63):	 total squared error = 0.000582499, marker error: RMS = 0.00482700, max = 0.00941624 (Sternum)
[2026-08-11 00:46:32.452] [info] Frame 64 (t = 0.64):	 total squared error = 0.000529742, marker error: RMS = 0.00460323, max = 0.00867266 (Sternum)
[2026-08-11 00:46:32.473] [info] Frame 65 (t = 0.65):	 total squared error = 0.000466547, marker error: RMS = 0.00431994, max = 0.00778698 (Sternum)
[2026-08-11 00:46:32.503] [info] Frame 66 (t = 0.66):	 total squared error = 0.000391537, marker error: RMS = 0.00395746, max = 0.00709781 (R_Asis)
[2026-08-11 00:46:32.543] [info] Frame 67 (t = 0.67):	 total squared error = 0.000302114, marker error: RMS = 0.00347629, max = 0.00600972 (R_Asis)
[2026-08-11 00:46:32.568] [info] Frame 68 (t = 0.68):	 total squared error = 0.000261043, marker error: RMS = 0.00323136, max = 0.00540516 (R_Ankle_Lateral)
[2026-08-11 00:46:32.592] [info] Frame 69 (t = 0.69):	 total squared error = 0.000245156, marker error: RMS = 0.00313149, max = 0.00507311 (R_Ankle_Lateral)
[2026-08-11 00:46:32.623] [info] Frame 70 (t = 0.7):	 total squared error = 0.000240318, marker error: RMS = 0.00310044, max = 0.00486595 (Sacral)
[2026-08-11 00:46:32.656] [info] Frame 71 (t = 0.71):	 total squared error = 0.000238652, marker error: RMS = 0.00308967, max = 0.00536677 (Sacral)
[2026-08-11 00:46:32.682] [info] Frame 72 (t = 0.72):	 total squared error = 0.000239019, marker error: RMS = 0.00309205, max = 0.00537959 (Sacral)
[2026-08-11 00:46:32.708] [info] Frame 73 (t = 0.73):	 total squared error = 0.000239466, marker error: RMS = 0.00309494, max = 0.00525897 (Sacral)
[2026-08-11 00:46:32.753] [info] Frame 74 (t = 0.74):	 total squared error = 0.000234163, marker error: RMS = 0.00306048, max = 0.00532960 (L_Asis)
[2026-08-11 00:46:32.793] [info] Frame 75 (t = 0.75):	 total squared error = 0.000234391, marker error: RMS = 0.00306197, max = 0.00568134 (L_Asis)
[2026-08-11 00:46:32.823] [info] Frame 76 (t = 0.76):	 total squared error = 0.000238899, marker error: RMS = 0.00309127, max = 0.00592804 (L_Asis)
[2026-08-11 00:46:32.878] [info] Frame 77 (t = 0.77):	 total squared error = 0.000244323, marker error: RMS = 0.00312617, max = 0.00621958 (L_Asis)
[2026-08-11 00:46:32.904] [info] Frame 78 (t = 0.78):	 total squared error = 0.000258068, marker error: RMS = 0.00321290, max = 0.00608165 (L_Asis)
[2026-08-11 00:46:32.928] [info] Frame 79 (t = 0.79):	 total squared error = 0.000285147, marker error: RMS = 0.00337726, max = 0.00596178 (R_Shank_Lateral)
[2026-08-11 00:46:32.948] [info] Frame 80 (t = 0.8):	 total squared error = 0.000328519, marker error: RMS = 0.00362502, max = 0.00734188 (R_Shank_Lateral)
[2026-08-11 00:46:33.006] [info] Frame 81 (t = 0.81):	 total squared error = 0.000339460, marker error: RMS = 0.00368489, max = 0.00837651 (R_Shank_Lateral)
[2026-08-11 00:46:33.029] [info] Frame 82 (t = 0.82):	 total squared error = 0.000381634, marker error: RMS = 0.00390709, max = 0.0102738 (R_Shank_Lateral)
[2026-08-11 00:46:33.078] [info] Frame 83 (t = 0.83):	 total squared error = 0.000414392, marker error: RMS = 0.00407133, max = 0.0111586 (R_Shank_Lateral)
[2026-08-11 00:46:33.127] [info] Frame 84 (t = 0.84):	 total squared error = 0.000446547, marker error: RMS = 0.00422633, max = 0.0122378 (R_Shank_Lateral)
[2026-08-11 00:46:33.161] [info] Frame 85 (t = 0.85):	 total squared error = 0.000471752, marker error: RMS = 0.00434397, max = 0.0129527 (R_Shank_Lateral)
[2026-08-11 00:46:33.190] [info] Frame 86 (t = 0.86):	 total squared error = 0.000488476, marker error: RMS = 0.00442030, max = 0.0133137 (R_Shank_Lateral)
[2026-08-11 00:46:33.218] [info] Frame 87 (t = 0.87):	 total squared error = 0.000501264, marker error: RMS = 0.00447779, max = 0.0133641 (R_Shank_Lateral)
[2026-08-11 00:46:33.250] [info] Frame 88 (t = 0.88):	 total squared error = 0.000501917, marker error: RMS = 0.00448070, max = 0.0129786 (R_Shank_Lateral)
[2026-08-11 00:46:33.272] [info] Frame 89 (t = 0.89):	 total squared error = 0.000512969, marker error: RMS = 0.00452976, max = 0.0127799 (R_Shank_Lateral)
[2026-08-11 00:46:33.311] [info] Frame 90 (t = 0.9):	 total squared error = 0.000491728, marker error: RMS = 0.00443499, max = 0.0121386 (R_Shank_Lateral)
[2026-08-11 00:46:33.347] [info] Frame 91 (t = 0.91):	 total squared error = 0.000471329, marker error: RMS = 0.00434202, max = 0.0115944 (R_Shank_Lateral)
[2026-08-11 00:46:33.385] [info] Frame 92 (t = 0.92):	 total squared error = 0.000435418, marker error: RMS = 0.00417333, max = 0.0107735 (R_Shank_Lateral)
[2026-08-11 00:46:33.416] [info] Frame 93 (t = 0.93):	 total squared error = 0.000388897, marker error: RMS = 0.00394409, max = 0.00982068 (R_Shank_Lateral)
[2026-08-11 00:46:33.452] [info] Frame 94 (t = 0.94):	 total squared error = 0.000328853, marker error: RMS = 0.00362686, max = 0.00820306 (R_Shank_Lateral)
[2026-08-11 00:46:33.487] [info] Frame 95 (t = 0.95):	 total squared error = 0.000278281, marker error: RMS = 0.00333635, max = 0.00672860 (L_Thigh_Lateral)
[2026-08-11 00:46:33.521] [info] Frame 96 (t = 0.96):	 total squared error = 0.000251672, marker error: RMS = 0.00317283, max = 0.00703270 (L_Thigh_Lateral)
[2026-08-11 00:46:33.558] [info] Frame 97 (t = 0.97):	 total squared error = 0.000264255, marker error: RMS = 0.00325118, max = 0.00736789 (L_Thigh_Lateral)
[2026-08-11 00:46:33.588] [info] Frame 98 (t = 0.98):	 total squared error = 0.000316738, marker error: RMS = 0.00355943, max = 0.00770130 (L_Thigh_Lateral)
[2026-08-11 00:46:33.610] [info] Frame 99 (t = 0.99):	 total squared error = 0.000391886, marker error: RMS = 0.00395922, max = 0.00802725 (L_Thigh_Lateral)
[2026-08-11 00:46:33.636] [info] Frame 100 (t = 1.0):	 total squared error = 0.000458538, marker error: RMS = 0.00428270, max = 0.00825358 (L_Thigh_Lateral)
[2026-08-11 00:46:33.671] [info] Frame 101 (t = 1.01):	 total squared error = 0.000504690, marker error: RMS = 0.00449306, max = 0.00816948 (L_Thigh_Lateral)
[2026-08-11 00:46:33.689] [info] Frame 102 (t = 1.02):	 total squared error = 0.000517247, marker error: RMS = 0.00454861, max = 0.00829426 (L_Thigh_Lateral)
[2026-08-11 00:46:33.726] [info] Frame 103 (t = 1.03):	 total squared error = 0.000513022, marker error: RMS = 0.00453000, max = 0.00796582 (L_Thigh_Lateral)
[2026-08-11 00:46:33.751] [info] Frame 104 (t = 1.04):	 total squared error = 0.000497830, marker error: RMS = 0.00446242, max = 0.00777185 (L_Thigh_Lateral)
[2026-08-11 00:46:33.773] [info] Frame 105 (t = 1.05):	 total squared error = 0.000481803, marker error: RMS = 0.00439000, max = 0.00784004 (R_Asis)
[2026-08-11 00:46:33.795] [info] Frame 106 (t = 1.06):	 total squared error = 0.000459833, marker error: RMS = 0.00428875, max = 0.00739743 (R_Asis)
[2026-08-11 00:46:33.821] [info] Frame 107 (t = 1.07):	 total squared error = 0.000424158, marker error: RMS = 0.00411902, max = 0.00674036 (R_Asis)
[2026-08-11 00:46:33.848] [info] Frame 108 (t = 1.08):	 total squared error = 0.000373468, marker error: RMS = 0.00386506, max = 0.00686493 (L_Ankle_Lateral)
[2026-08-11 00:46:33.874] [info] Frame 109 (t = 1.09):	 total squared error = 0.000321595, marker error: RMS = 0.00358662, max = 0.00693552 (L_Ankle_Lateral)
[2026-08-11 00:46:33.899] [info] Frame 110 (t = 1.1):	 total squared error = 0.000290635, marker error: RMS = 0.00340961, max = 0.00678541 (L_Ankle_Lateral)
[2026-08-11 00:46:33.931] [info] Frame 111 (t = 1.11):	 total squared error = 0.000285274, marker error: RMS = 0.00337801, max = 0.00641333 (L_Ankle_Lateral)
[2026-08-11 00:46:33.958] [info] Frame 112 (t = 1.12):	 total squared error = 0.000292615, marker error: RMS = 0.00342120, max = 0.00647110 (Thoracic)
[2026-08-11 00:46:33.988] [info] Frame 113 (t = 1.13):	 total squared error = 0.000297500, marker error: RMS = 0.00344964, max = 0.00661795 (Thoracic)
[2026-08-11 00:46:34.010] [info] Frame 114 (t = 1.14):	 total squared error = 0.000300505, marker error: RMS = 0.00346702, max = 0.00673875 (Thoracic)
[2026-08-11 00:46:34.038] [info] Frame 115 (t = 1.15):	 total squared error = 0.000301603, marker error: RMS = 0.00347335, max = 0.00677577 (Thoracic)
[2026-08-11 00:46:34.089] [info] Frame 116 (t = 1.16):	 total squared error = 0.000294000, marker error: RMS = 0.00342928, max = 0.00693306 (Thoracic)
[2026-08-11 00:46:34.115] [info] Frame 117 (t = 1.17):	 total squared error = 0.000297379, marker error: RMS = 0.00344894, max = 0.00701538 (Thoracic)
[2026-08-11 00:46:34.145] [info] Frame 118 (t = 1.18):	 total squared error = 0.000291910, marker error: RMS = 0.00341708, max = 0.00707608 (Thoracic)
[2026-08-11 00:46:34.174] [info] Frame 119 (t = 1.19):	 total squared error = 0.000294098, marker error: RMS = 0.00342986, max = 0.00707604 (Thoracic)
[2026-08-11 00:46:34.192] [info] Frame 120 (t = 1.2):	 total squared error = 0.000300245, marker error: RMS = 0.00346552, max = 0.00705992 (Thoracic)
[2026-08-11 00:46:34.209] [info] Frame 121 (t = 1.21):	 total squared error = 0.000314053, marker error: RMS = 0.00354431, max = 0.00700961 (Thoracic)
[2026-08-11 00:46:34.250] [info] Frame 122 (t = 1.22):	 total squared error = 0.000327795, marker error: RMS = 0.00362102, max = 0.00755090 (L_Shank_Lateral)
[2026-08-11 00:46:34.285] [info] Frame 123 (t = 1.23):	 total squared error = 0.000354884, marker error: RMS = 0.00376767, max = 0.00924730 (L_Shank_Lateral)
[2026-08-11 00:46:34.304] [info] Frame 124 (t = 1.24):	 total squared error = 0.000391365, marker error: RMS = 0.00395659, max = 0.0110245 (L_Shank_Lateral)
[2026-08-11 00:46:34.355] [info] Frame 125 (t = 1.25):	 total squared error = 0.000413102, marker error: RMS = 0.00406498, max = 0.0121016 (L_Shank_Lateral)
[2026-08-11 00:46:34.393] [info] Frame 126 (t = 1.26):	 total squared error = 0.000434881, marker error: RMS = 0.00417076, max = 0.0129019 (L_Shank_Lateral)
[2026-08-11 00:46:34.419] [info] Frame 127 (t = 1.27):	 total squared error = 0.000454398, marker error: RMS = 0.00426332, max = 0.0134712 (L_Shank_Lateral)
[2026-08-11 00:46:34.456] [info] Frame 128 (t = 1.28):	 total squared error = 0.000454089, marker error: RMS = 0.00426187, max = 0.0133913 (L_Shank_Lateral)
[2026-08-11 00:46:34.485] [info] Frame 129 (t = 1.29):	 total squared error = 0.000456879, marker error: RMS = 0.00427495, max = 0.0132489 (L_Shank_Lateral)
[2026-08-11 00:46:34.520] [info] Frame 130 (t = 1.3):	 total squared error = 0.000446646, marker error: RMS = 0.00422680, max = 0.0128019 (L_Shank_Lateral)
[2026-08-11 00:46:34.552] [info] Frame 131 (t = 1.31):	 total squared error = 0.000434105, marker error: RMS = 0.00416704, max = 0.0123908 (L_Shank_Lateral)
[2026-08-11 00:46:34.582] [info] Frame 132 (t = 1.32):	 total squared error = 0.000411947, marker error: RMS = 0.00405930, max = 0.011892 (L_Shank_Lateral)
[2026-08-11 00:46:34.627] [info] Frame 133 (t = 1.33):	 total squared error = 0.000372219, marker error: RMS = 0.00385859, max = 0.0110906 (L_Shank_Lateral)
[2026-08-11 00:46:34.649] [info] Frame 134 (t = 1.34):	 total squared error = 0.000338822, marker error: RMS = 0.00368142, max = 0.0102866 (L_Shank_Lateral)
[2026-08-11 00:46:34.682] [info] Frame 135 (t = 1.35):	 total squared error = 0.000260932, marker error: RMS = 0.00323068, max = 0.00858500 (L_Shank_Lateral)
[2026-08-11 00:46:34.703] [info] Frame 136 (t = 1.36):	 total squared error = 0.000227476, marker error: RMS = 0.00301646, max = 0.00698699 (L_Shank_Lateral)
[2026-08-11 00:46:34.741] [info] Frame 137 (t = 1.37):	 total squared error = 0.000172019, marker error: RMS = 0.00262312, max = 0.00465618 (R_Thigh_Lateral)
[2026-08-11 00:46:34.773] [info] Frame 138 (t = 1.38):	 total squared error = 0.000168839, marker error: RMS = 0.00259876, max = 0.00503864 (R_Thigh_Lateral)
[2026-08-11 00:46:34.796] [info] Frame 139 (t = 1.39):	 total squared error = 0.000204458, marker error: RMS = 0.00285978, max = 0.00554026 (R_Thigh_Lateral)
[2026-08-11 00:46:34.821] [info] Frame 140 (t = 1.4):	 total squared error = 0.000258461, marker error: RMS = 0.00321535, max = 0.00617753 (L_Thigh_Lateral)
[2026-08-11 00:46:34.834] [info] Frame 141 (t = 1.41):	 total squared error = 0.000349688, marker error: RMS = 0.00373999, max = 0.00757368 (L_Thigh_Lateral)
[2026-08-11 00:46:34.878] [info] Frame 142 (t = 1.42):	 total squared error = 0.000365552, marker error: RMS = 0.00382388, max = 0.00735965 (L_Thigh_Lateral)
[2026-08-11 00:46:34.901] [info] Frame 143 (t = 1.43):	 total squared error = 0.000401832, marker error: RMS = 0.00400915, max = 0.00691220 (R_Thigh_Lateral)
[2026-08-11 00:46:34.932] [info] Frame 144 (t = 1.44):	 total squared error = 0.000412304, marker error: RMS = 0.00406106, max = 0.00689925 (R_Knee_Lateral)
[2026-08-11 00:46:34.958] [info] Frame 145 (t = 1.45):	 total squared error = 0.000414436, marker error: RMS = 0.00407154, max = 0.00684452 (R_Thigh_Lateral)
[2026-08-11 00:46:35.001] [info] Frame 146 (t = 1.46):	 total squared error = 0.000396211, marker error: RMS = 0.00398101, max = 0.00685882 (R_Knee_Lateral)
[2026-08-11 00:46:35.019] [info] Frame 147 (t = 1.47):	 total squared error = 0.000379593, marker error: RMS = 0.00389663, max = 0.00724202 (L_Asis)
[2026-08-11 00:46:35.044] [info] Frame 148 (t = 1.48):	 total squared error = 0.000355002, marker error: RMS = 0.00376830, max = 0.00705811 (L_Asis)
[2026-08-11 00:46:35.070] [info] Frame 149 (t = 1.49):	 total squared error = 0.000315721, marker error: RMS = 0.00355371, max = 0.00633583 (L_Asis)
[2026-08-11 00:46:35.097] [info] Frame 150 (t = 1.5):	 total squared error = 0.000269750, marker error: RMS = 0.00328481, max = 0.00536023 (R_Asis)
[2026-08-11 00:46:35.125] [info] Frame 151 (t = 1.51):	 total squared error = 0.000232678, marker error: RMS = 0.00305076, max = 0.00542702 (Sacral)
[2026-08-11 00:46:35.152] [info] Frame 152 (t = 1.52):	 total squared error = 0.000218673, marker error: RMS = 0.00295752, max = 0.00575942 (Sacral)
[2026-08-11 00:46:35.180] [info] Frame 153 (t = 1.53):	 total squared error = 0.000228360, marker error: RMS = 0.00302232, max = 0.00640138 (Sacral)
[2026-08-11 00:46:35.215] [info] Frame 154 (t = 1.54):	 total squared error = 0.000247796, marker error: RMS = 0.00314831, max = 0.00734115 (Sacral)
[2026-08-11 00:46:35.241] [info] Frame 155 (t = 1.55):	 total squared error = 0.000270162, marker error: RMS = 0.00328732, max = 0.00762244 (Sacral)
[2026-08-11 00:46:35.269] [info] Frame 156 (t = 1.56):	 total squared error = 0.000286874, marker error: RMS = 0.00338747, max = 0.00807677 (Sacral)
[2026-08-11 00:46:35.312] [info] Frame 157 (t = 1.57):	 total squared error = 0.000292326, marker error: RMS = 0.00341951, max = 0.00826621 (Sacral)
[2026-08-11 00:46:35.341] [info] Frame 158 (t = 1.58):	 total squared error = 0.000295652, marker error: RMS = 0.00343891, max = 0.00761283 (Sacral)
[2026-08-11 00:46:35.382] [info] Frame 159 (t = 1.59):	 total squared error = 0.000287592, marker error: RMS = 0.00339170, max = 0.00740330 (Sacral)
[2026-08-11 00:46:35.402] [info] Frame 160 (t = 1.6):	 total squared error = 0.000295373, marker error: RMS = 0.00343729, max = 0.00611487 (R_Thigh_Lateral)
[2026-08-11 00:46:35.427] [info] Frame 161 (t = 1.61):	 total squared error = 0.000289478, marker error: RMS = 0.00340281, max = 0.00593046 (R_Thigh_Lateral)
[2026-08-11 00:46:35.481] [info] Frame 162 (t = 1.62):	 total squared error = 0.000273398, marker error: RMS = 0.00330695, max = 0.00631004 (R_Shank_Lateral)
[2026-08-11 00:46:35.504] [info] Frame 163 (t = 1.63):	 total squared error = 0.000288076, marker error: RMS = 0.00339456, max = 0.00743244 (R_Shank_Lateral)
[2026-08-11 00:46:35.519] [info] Frame 164 (t = 1.64):	 total squared error = 0.000333781, marker error: RMS = 0.00365393, max = 0.00913337 (R_Shank_Lateral)
[2026-08-11 00:46:35.551] [info] Frame 165 (t = 1.65):	 total squared error = 0.000345533, marker error: RMS = 0.00371770, max = 0.00986344 (R_Shank_Lateral)
[2026-08-11 00:46:35.597] [info] Frame 166 (t = 1.66):	 total squared error = 0.000376397, marker error: RMS = 0.00388019, max = 0.0112938 (R_Shank_Lateral)
[2026-08-11 00:46:35.631] [info] Frame 167 (t = 1.67):	 total squared error = 0.000406909, marker error: RMS = 0.00403440, max = 0.0125464 (R_Shank_Lateral)
[2026-08-11 00:46:35.674] [info] Frame 168 (t = 1.68):	 total squared error = 0.000426213, marker error: RMS = 0.00412899, max = 0.0131986 (R_Shank_Lateral)
[2026-08-11 00:46:35.712] [info] Frame 169 (t = 1.69):	 total squared error = 0.000433891, marker error: RMS = 0.00416601, max = 0.0136806 (R_Shank_Lateral)
[2026-08-11 00:46:35.729] [info] Frame 170 (t = 1.7):	 total squared error = 0.000456020, marker error: RMS = 0.00427093, max = 0.0137187 (R_Shank_Lateral)
[2026-08-11 00:46:35.733] [info] InverseKinematicsTool completed 171 frames in 5 second(s).
[2026-08-11 00:46:35.788] [info] Loaded model SUBJ63-scaled from file C:\Users\migue\Downloads\TFG\2_JMP\SUBJ63\Walk_3\SUBJ63_3_JMP_results\SUBJ63_3_NMSM_JMP_06_shoulder_elbow.osim
[2026-08-11 00:46:36.331] [warning] Coordinate.setValue:  coordinate pro_sup_r is locked. Unable to change its value.
[2026-08-11 00:46:36.372] [warning] Coordinate.setValue:  coordinate pro_sup_l is locked. Unable to change its value.
[2026-08-11 00:47:09.001] [info] Loaded model SUBJ63-scaled from file C:\Users\migue\Downloads\TFG\2_JMP\SUBJ63\Walk_3\SUBJ63_3_JMP_results\SUBJ63_3_NMSM_JMP_06_shoulder_elbow.osim
[2026-08-11 00:47:09.020] [cout] [info] 
               MODEL: SUBJ63-scaled
         coordinates: 41
              forces: 103
           actuators: 103
             muscles: 86
            analyses: 0
              probes: 0
              bodies: 24
              joints: 24
         constraints: 2
             markers: 25
         controllers: 0
  contact geometries: 0
misc modelcomponents: 0
[2026-08-11 00:47:09.020] [info] Running tool .
[2026-08-11 00:47:09.150] [info] Frame 0 (t = 0.0):	 total squared error = 0.000586789, marker error: RMS = 0.00484475, max = 0.0142268 (R_Shank_Lateral)
[2026-08-11 00:47:09.194] [info] Frame 1 (t = 0.01):	 total squared error = 0.000568553, marker error: RMS = 0.00476887, max = 0.013828 (R_Shank_Lateral)
[2026-08-11 00:47:09.211] [info] Frame 2 (t = 0.02):	 total squared error = 0.000574806, marker error: RMS = 0.00479502, max = 0.013294 (R_Shank_Lateral)
[2026-08-11 00:47:09.256] [info] Frame 3 (t = 0.03):	 total squared error = 0.000508570, marker error: RMS = 0.00451030, max = 0.0125841 (R_Shank_Lateral)
[2026-08-11 00:47:09.300] [info] Frame 4 (t = 0.04):	 total squared error = 0.000478353, marker error: RMS = 0.00437426, max = 0.0119842 (R_Shank_Lateral)
[2026-08-11 00:47:09.333] [info] Frame 5 (t = 0.05):	 total squared error = 0.000448925, marker error: RMS = 0.00423757, max = 0.0113514 (R_Shank_Lateral)
[2026-08-11 00:47:09.363] [info] Frame 6 (t = 0.06):	 total squared error = 0.000417796, marker error: RMS = 0.00408801, max = 0.0107333 (R_Shank_Lateral)
[2026-08-11 00:47:09.398] [info] Frame 7 (t = 0.07):	 total squared error = 0.000381259, marker error: RMS = 0.00390517, max = 0.00984708 (R_Shank_Lateral)
[2026-08-11 00:47:09.416] [info] Frame 8 (t = 0.08):	 total squared error = 0.000370197, marker error: RMS = 0.00384810, max = 0.00927523 (R_Shank_Lateral)
[2026-08-11 00:47:09.445] [info] Frame 9 (t = 0.09):	 total squared error = 0.000299491, marker error: RMS = 0.00346116, max = 0.00724158 (R_Shank_Lateral)
[2026-08-11 00:47:09.488] [info] Frame 10 (t = 0.1):	 total squared error = 0.000271557, marker error: RMS = 0.00329580, max = 0.00575898 (L_Thigh_Lateral)
[2026-08-11 00:47:09.527] [info] Frame 11 (t = 0.11):	 total squared error = 0.000275005, marker error: RMS = 0.00331665, max = 0.00608725 (L_Thigh_Lateral)
[2026-08-11 00:47:09.578] [info] Frame 12 (t = 0.12):	 total squared error = 0.000329088, marker error: RMS = 0.00362815, max = 0.00638406 (L_Thigh_Lateral)
[2026-08-11 00:47:09.599] [info] Frame 13 (t = 0.13):	 total squared error = 0.000431751, marker error: RMS = 0.00415573, max = 0.00736713 (R_Thigh_Lateral)
[2026-08-11 00:47:09.621] [info] Frame 14 (t = 0.14):	 total squared error = 0.000561717, marker error: RMS = 0.00474012, max = 0.0101074 (R_Thigh_Lateral)
[2026-08-11 00:47:09.656] [info] Frame 15 (t = 0.15):	 total squared error = 0.000693343, marker error: RMS = 0.00526628, max = 0.011865 (R_Thigh_Lateral)
[2026-08-11 00:47:09.681] [info] Frame 16 (t = 0.16):	 total squared error = 0.000787340, marker error: RMS = 0.00561191, max = 0.0126704 (R_Thigh_Lateral)
[2026-08-11 00:47:09.700] [info] Frame 17 (t = 0.17):	 total squared error = 0.000822447, marker error: RMS = 0.00573567, max = 0.0122963 (R_Thigh_Lateral)
[2026-08-11 00:47:09.723] [info] Frame 18 (t = 0.18):	 total squared error = 0.000803869, marker error: RMS = 0.00567052, max = 0.0108011 (R_Thigh_Lateral)
[2026-08-11 00:47:09.765] [info] Frame 19 (t = 0.19):	 total squared error = 0.000744347, marker error: RMS = 0.00545655, max = 0.00938722 (Sacral)
[2026-08-11 00:47:09.789] [info] Frame 20 (t = 0.2):	 total squared error = 0.000679728, marker error: RMS = 0.00521432, max = 0.00926695 (Sacral)
[2026-08-11 00:47:09.808] [info] Frame 21 (t = 0.21):	 total squared error = 0.000622478, marker error: RMS = 0.00498990, max = 0.00897898 (Sacral)
[2026-08-11 00:47:09.829] [info] Frame 22 (t = 0.22):	 total squared error = 0.000567989, marker error: RMS = 0.00476651, max = 0.00876883 (Sacral)
[2026-08-11 00:47:09.855] [info] Frame 23 (t = 0.23):	 total squared error = 0.000503823, marker error: RMS = 0.00448920, max = 0.00853767 (Sacral)
[2026-08-11 00:47:09.876] [info] Frame 24 (t = 0.24):	 total squared error = 0.000432954, marker error: RMS = 0.00416151, max = 0.00823559 (Sacral)
[2026-08-11 00:47:09.913] [info] Frame 25 (t = 0.25):	 total squared error = 0.000360310, marker error: RMS = 0.00379636, max = 0.00804132 (Sacral)
[2026-08-11 00:47:09.936] [info] Frame 26 (t = 0.26):	 total squared error = 0.000324215, marker error: RMS = 0.00360119, max = 0.00767180 (Sacral)
[2026-08-11 00:47:09.962] [info] Frame 27 (t = 0.27):	 total squared error = 0.000311330, marker error: RMS = 0.00352891, max = 0.00748138 (Sacral)
[2026-08-11 00:47:09.989] [info] Frame 28 (t = 0.28):	 total squared error = 0.000302577, marker error: RMS = 0.00347895, max = 0.00768043 (Sacral)
[2026-08-11 00:47:10.017] [info] Frame 29 (t = 0.29):	 total squared error = 0.000291896, marker error: RMS = 0.00341699, max = 0.00762274 (Sacral)
[2026-08-11 00:47:10.041] [info] Frame 30 (t = 0.3):	 total squared error = 0.000280217, marker error: RMS = 0.00334794, max = 0.00725036 (Sacral)
[2026-08-11 00:47:10.083] [info] Frame 31 (t = 0.31):	 total squared error = 0.000260364, marker error: RMS = 0.00322716, max = 0.00698857 (Sacral)
[2026-08-11 00:47:10.124] [info] Frame 32 (t = 0.32):	 total squared error = 0.000243274, marker error: RMS = 0.00311945, max = 0.00673275 (L_Asis)
[2026-08-11 00:47:10.152] [info] Frame 33 (t = 0.33):	 total squared error = 0.000233126, marker error: RMS = 0.00305369, max = 0.00608728 (L_Asis)
[2026-08-11 00:47:10.171] [info] Frame 34 (t = 0.34):	 total squared error = 0.000226229, marker error: RMS = 0.00300818, max = 0.00623690 (L_Thigh_Lateral)
[2026-08-11 00:47:10.189] [info] Frame 35 (t = 0.35):	 total squared error = 0.000225826, marker error: RMS = 0.00300550, max = 0.00638130 (L_Thigh_Lateral)
[2026-08-11 00:47:10.223] [info] Frame 36 (t = 0.36):	 total squared error = 0.000214661, marker error: RMS = 0.00293026, max = 0.00603592 (L_Thigh_Lateral)
[2026-08-11 00:47:10.244] [info] Frame 37 (t = 0.37):	 total squared error = 0.000229551, marker error: RMS = 0.00303019, max = 0.00607448 (L_Thigh_Lateral)
[2026-08-11 00:47:10.276] [info] Frame 38 (t = 0.38):	 total squared error = 0.000252325, marker error: RMS = 0.00317695, max = 0.00765287 (L_Shank_Lateral)
[2026-08-11 00:47:10.327] [info] Frame 39 (t = 0.39):	 total squared error = 0.000281827, marker error: RMS = 0.00335754, max = 0.00922105 (L_Shank_Lateral)
[2026-08-11 00:47:10.359] [info] Frame 40 (t = 0.4):	 total squared error = 0.000316172, marker error: RMS = 0.00355624, max = 0.0107429 (L_Shank_Lateral)
[2026-08-11 00:47:10.378] [info] Frame 41 (t = 0.41):	 total squared error = 0.000357712, marker error: RMS = 0.00378266, max = 0.011996 (L_Shank_Lateral)
[2026-08-11 00:47:10.420] [info] Frame 42 (t = 0.42):	 total squared error = 0.000369686, marker error: RMS = 0.00384544, max = 0.0125635 (L_Shank_Lateral)
[2026-08-11 00:47:10.475] [info] Frame 43 (t = 0.43):	 total squared error = 0.000378650, marker error: RMS = 0.00389179, max = 0.012911 (L_Shank_Lateral)
[2026-08-11 00:47:10.509] [info] Frame 44 (t = 0.44):	 total squared error = 0.000385798, marker error: RMS = 0.00392835, max = 0.0128718 (L_Shank_Lateral)
[2026-08-11 00:47:10.539] [info] Frame 45 (t = 0.45):	 total squared error = 0.000390610, marker error: RMS = 0.00395277, max = 0.0126587 (L_Shank_Lateral)
[2026-08-11 00:47:10.576] [info] Frame 46 (t = 0.46):	 total squared error = 0.000386702, marker error: RMS = 0.00393295, max = 0.0121694 (L_Shank_Lateral)
[2026-08-11 00:47:10.611] [info] Frame 47 (t = 0.47):	 total squared error = 0.000381222, marker error: RMS = 0.00390498, max = 0.0117445 (L_Shank_Lateral)
[2026-08-11 00:47:10.651] [info] Frame 48 (t = 0.48):	 total squared error = 0.000367038, marker error: RMS = 0.00383165, max = 0.0111302 (L_Shank_Lateral)
[2026-08-11 00:47:10.689] [info] Frame 49 (t = 0.49):	 total squared error = 0.000342874, marker error: RMS = 0.00370337, max = 0.0103206 (L_Shank_Lateral)
[2026-08-11 00:47:10.724] [info] Frame 50 (t = 0.5):	 total squared error = 0.000310712, marker error: RMS = 0.00352540, max = 0.00944080 (L_Shank_Lateral)
[2026-08-11 00:47:10.778] [info] Frame 51 (t = 0.51):	 total squared error = 0.000272396, marker error: RMS = 0.00330088, max = 0.00799937 (L_Shank_Lateral)
[2026-08-11 00:47:10.811] [info] Frame 52 (t = 0.52):	 total squared error = 0.000244600, marker error: RMS = 0.00312794, max = 0.00640159 (L_Shank_Lateral)
[2026-08-11 00:47:10.844] [info] Frame 53 (t = 0.53):	 total squared error = 0.000236854, marker error: RMS = 0.00307801, max = 0.00586531 (R_Thigh_Lateral)
[2026-08-11 00:47:10.877] [info] Frame 54 (t = 0.54):	 total squared error = 0.000260293, marker error: RMS = 0.00322672, max = 0.00617660 (R_Thigh_Lateral)
[2026-08-11 00:47:10.902] [info] Frame 55 (t = 0.55):	 total squared error = 0.000324788, marker error: RMS = 0.00360438, max = 0.00658808 (R_Thigh_Lateral)
[2026-08-11 00:47:10.932] [info] Frame 56 (t = 0.56):	 total squared error = 0.000404762, marker error: RMS = 0.00402374, max = 0.00701387 (R_Thigh_Lateral)
[2026-08-11 00:47:10.968] [info] Frame 57 (t = 0.57):	 total squared error = 0.000495978, marker error: RMS = 0.00445411, max = 0.00775286 (Sternum)
[2026-08-11 00:47:10.979] [info] Frame 58 (t = 0.58):	 total squared error = 0.000580279, marker error: RMS = 0.00481780, max = 0.00879822 (Sternum)
[2026-08-11 00:47:11.022] [info] Frame 59 (t = 0.59):	 total squared error = 0.000626278, marker error: RMS = 0.00500511, max = 0.00923805 (Sternum)
[2026-08-11 00:47:11.047] [info] Frame 60 (t = 0.6):	 total squared error = 0.000656308, marker error: RMS = 0.00512370, max = 0.00973645 (Sternum)
[2026-08-11 00:47:11.065] [info] Frame 61 (t = 0.61):	 total squared error = 0.000669184, marker error: RMS = 0.00517372, max = 0.00985830 (Sternum)
[2026-08-11 00:47:11.108] [info] Frame 62 (t = 0.62):	 total squared error = 0.000627177, marker error: RMS = 0.00500870, max = 0.00974336 (Sternum)
[2026-08-11 00:47:11.148] [info] Frame 63 (t = 0.63):	 total squared error = 0.000582499, marker error: RMS = 0.00482700, max = 0.00941624 (Sternum)
[2026-08-11 00:47:11.167] [info] Frame 64 (t = 0.64):	 total squared error = 0.000529742, marker error: RMS = 0.00460323, max = 0.00867266 (Sternum)
[2026-08-11 00:47:11.189] [info] Frame 65 (t = 0.65):	 total squared error = 0.000466547, marker error: RMS = 0.00431994, max = 0.00778698 (Sternum)
[2026-08-11 00:47:11.218] [info] Frame 66 (t = 0.66):	 total squared error = 0.000391537, marker error: RMS = 0.00395746, max = 0.00709781 (R_Asis)
[2026-08-11 00:47:11.259] [info] Frame 67 (t = 0.67):	 total squared error = 0.000302114, marker error: RMS = 0.00347629, max = 0.00600972 (R_Asis)
[2026-08-11 00:47:11.283] [info] Frame 68 (t = 0.68):	 total squared error = 0.000261043, marker error: RMS = 0.00323136, max = 0.00540516 (R_Ankle_Lateral)
[2026-08-11 00:47:11.307] [info] Frame 69 (t = 0.69):	 total squared error = 0.000245156, marker error: RMS = 0.00313149, max = 0.00507311 (R_Ankle_Lateral)
[2026-08-11 00:47:11.338] [info] Frame 70 (t = 0.7):	 total squared error = 0.000240318, marker error: RMS = 0.00310044, max = 0.00486595 (Sacral)
[2026-08-11 00:47:11.371] [info] Frame 71 (t = 0.71):	 total squared error = 0.000238652, marker error: RMS = 0.00308967, max = 0.00536677 (Sacral)
[2026-08-11 00:47:11.396] [info] Frame 72 (t = 0.72):	 total squared error = 0.000239019, marker error: RMS = 0.00309205, max = 0.00537959 (Sacral)
[2026-08-11 00:47:11.422] [info] Frame 73 (t = 0.73):	 total squared error = 0.000239466, marker error: RMS = 0.00309494, max = 0.00525897 (Sacral)
[2026-08-11 00:47:11.465] [info] Frame 74 (t = 0.74):	 total squared error = 0.000234163, marker error: RMS = 0.00306048, max = 0.00532960 (L_Asis)
[2026-08-11 00:47:11.505] [info] Frame 75 (t = 0.75):	 total squared error = 0.000234391, marker error: RMS = 0.00306197, max = 0.00568134 (L_Asis)
[2026-08-11 00:47:11.535] [info] Frame 76 (t = 0.76):	 total squared error = 0.000238899, marker error: RMS = 0.00309127, max = 0.00592804 (L_Asis)
[2026-08-11 00:47:11.589] [info] Frame 77 (t = 0.77):	 total squared error = 0.000244323, marker error: RMS = 0.00312617, max = 0.00621958 (L_Asis)
[2026-08-11 00:47:11.614] [info] Frame 78 (t = 0.78):	 total squared error = 0.000258068, marker error: RMS = 0.00321290, max = 0.00608165 (L_Asis)
[2026-08-11 00:47:11.638] [info] Frame 79 (t = 0.79):	 total squared error = 0.000285147, marker error: RMS = 0.00337726, max = 0.00596178 (R_Shank_Lateral)
[2026-08-11 00:47:11.658] [info] Frame 80 (t = 0.8):	 total squared error = 0.000328519, marker error: RMS = 0.00362502, max = 0.00734188 (R_Shank_Lateral)
[2026-08-11 00:47:11.715] [info] Frame 81 (t = 0.81):	 total squared error = 0.000339460, marker error: RMS = 0.00368489, max = 0.00837651 (R_Shank_Lateral)
[2026-08-11 00:47:11.738] [info] Frame 82 (t = 0.82):	 total squared error = 0.000381634, marker error: RMS = 0.00390709, max = 0.0102738 (R_Shank_Lateral)
[2026-08-11 00:47:11.782] [info] Frame 83 (t = 0.83):	 total squared error = 0.000414392, marker error: RMS = 0.00407133, max = 0.0111586 (R_Shank_Lateral)
[2026-08-11 00:47:11.829] [info] Frame 84 (t = 0.84):	 total squared error = 0.000446547, marker error: RMS = 0.00422633, max = 0.0122378 (R_Shank_Lateral)
[2026-08-11 00:47:11.862] [info] Frame 85 (t = 0.85):	 total squared error = 0.000471752, marker error: RMS = 0.00434397, max = 0.0129527 (R_Shank_Lateral)
[2026-08-11 00:47:11.891] [info] Frame 86 (t = 0.86):	 total squared error = 0.000488476, marker error: RMS = 0.00442030, max = 0.0133137 (R_Shank_Lateral)
[2026-08-11 00:47:11.920] [info] Frame 87 (t = 0.87):	 total squared error = 0.000501264, marker error: RMS = 0.00447779, max = 0.0133641 (R_Shank_Lateral)
[2026-08-11 00:47:11.951] [info] Frame 88 (t = 0.88):	 total squared error = 0.000501917, marker error: RMS = 0.00448070, max = 0.0129786 (R_Shank_Lateral)
[2026-08-11 00:47:11.974] [info] Frame 89 (t = 0.89):	 total squared error = 0.000512969, marker error: RMS = 0.00452976, max = 0.0127799 (R_Shank_Lateral)
[2026-08-11 00:47:12.014] [info] Frame 90 (t = 0.9):	 total squared error = 0.000491728, marker error: RMS = 0.00443499, max = 0.0121386 (R_Shank_Lateral)
[2026-08-11 00:47:12.051] [info] Frame 91 (t = 0.91):	 total squared error = 0.000471329, marker error: RMS = 0.00434202, max = 0.0115944 (R_Shank_Lateral)
[2026-08-11 00:47:12.089] [info] Frame 92 (t = 0.92):	 total squared error = 0.000435418, marker error: RMS = 0.00417333, max = 0.0107735 (R_Shank_Lateral)
[2026-08-11 00:47:12.120] [info] Frame 93 (t = 0.93):	 total squared error = 0.000388897, marker error: RMS = 0.00394409, max = 0.00982068 (R_Shank_Lateral)
[2026-08-11 00:47:12.155] [info] Frame 94 (t = 0.94):	 total squared error = 0.000328853, marker error: RMS = 0.00362686, max = 0.00820306 (R_Shank_Lateral)
[2026-08-11 00:47:12.191] [info] Frame 95 (t = 0.95):	 total squared error = 0.000278281, marker error: RMS = 0.00333635, max = 0.00672860 (L_Thigh_Lateral)
[2026-08-11 00:47:12.224] [info] Frame 96 (t = 0.96):	 total squared error = 0.000251672, marker error: RMS = 0.00317283, max = 0.00703270 (L_Thigh_Lateral)
[2026-08-11 00:47:12.262] [info] Frame 97 (t = 0.97):	 total squared error = 0.000264255, marker error: RMS = 0.00325118, max = 0.00736789 (L_Thigh_Lateral)
[2026-08-11 00:47:12.292] [info] Frame 98 (t = 0.98):	 total squared error = 0.000316738, marker error: RMS = 0.00355943, max = 0.00770130 (L_Thigh_Lateral)
[2026-08-11 00:47:12.314] [info] Frame 99 (t = 0.99):	 total squared error = 0.000391886, marker error: RMS = 0.00395922, max = 0.00802725 (L_Thigh_Lateral)
[2026-08-11 00:47:12.340] [info] Frame 100 (t = 1.0):	 total squared error = 0.000458538, marker error: RMS = 0.00428270, max = 0.00825358 (L_Thigh_Lateral)
[2026-08-11 00:47:12.376] [info] Frame 101 (t = 1.01):	 total squared error = 0.000504690, marker error: RMS = 0.00449306, max = 0.00816948 (L_Thigh_Lateral)
[2026-08-11 00:47:12.394] [info] Frame 102 (t = 1.02):	 total squared error = 0.000517247, marker error: RMS = 0.00454861, max = 0.00829426 (L_Thigh_Lateral)
[2026-08-11 00:47:12.430] [info] Frame 103 (t = 1.03):	 total squared error = 0.000513022, marker error: RMS = 0.00453000, max = 0.00796582 (L_Thigh_Lateral)
[2026-08-11 00:47:12.455] [info] Frame 104 (t = 1.04):	 total squared error = 0.000497830, marker error: RMS = 0.00446242, max = 0.00777185 (L_Thigh_Lateral)
[2026-08-11 00:47:12.478] [info] Frame 105 (t = 1.05):	 total squared error = 0.000481803, marker error: RMS = 0.00439000, max = 0.00784004 (R_Asis)
[2026-08-11 00:47:12.501] [info] Frame 106 (t = 1.06):	 total squared error = 0.000459833, marker error: RMS = 0.00428875, max = 0.00739743 (R_Asis)
[2026-08-11 00:47:12.527] [info] Frame 107 (t = 1.07):	 total squared error = 0.000424158, marker error: RMS = 0.00411902, max = 0.00674036 (R_Asis)
[2026-08-11 00:47:12.555] [info] Frame 108 (t = 1.08):	 total squared error = 0.000373468, marker error: RMS = 0.00386506, max = 0.00686493 (L_Ankle_Lateral)
[2026-08-11 00:47:12.581] [info] Frame 109 (t = 1.09):	 total squared error = 0.000321595, marker error: RMS = 0.00358662, max = 0.00693552 (L_Ankle_Lateral)
[2026-08-11 00:47:12.603] [info] Frame 110 (t = 1.1):	 total squared error = 0.000290635, marker error: RMS = 0.00340961, max = 0.00678541 (L_Ankle_Lateral)
[2026-08-11 00:47:12.634] [info] Frame 111 (t = 1.11):	 total squared error = 0.000285274, marker error: RMS = 0.00337801, max = 0.00641333 (L_Ankle_Lateral)
[2026-08-11 00:47:12.661] [info] Frame 112 (t = 1.12):	 total squared error = 0.000292615, marker error: RMS = 0.00342120, max = 0.00647110 (Thoracic)
[2026-08-11 00:47:12.691] [info] Frame 113 (t = 1.13):	 total squared error = 0.000297500, marker error: RMS = 0.00344964, max = 0.00661795 (Thoracic)
[2026-08-11 00:47:12.713] [info] Frame 114 (t = 1.14):	 total squared error = 0.000300505, marker error: RMS = 0.00346702, max = 0.00673875 (Thoracic)
[2026-08-11 00:47:12.743] [info] Frame 115 (t = 1.15):	 total squared error = 0.000301603, marker error: RMS = 0.00347335, max = 0.00677577 (Thoracic)
[2026-08-11 00:47:12.792] [info] Frame 116 (t = 1.16):	 total squared error = 0.000294000, marker error: RMS = 0.00342928, max = 0.00693306 (Thoracic)
[2026-08-11 00:47:12.818] [info] Frame 117 (t = 1.17):	 total squared error = 0.000297379, marker error: RMS = 0.00344894, max = 0.00701538 (Thoracic)
[2026-08-11 00:47:12.848] [info] Frame 118 (t = 1.18):	 total squared error = 0.000291910, marker error: RMS = 0.00341708, max = 0.00707608 (Thoracic)
[2026-08-11 00:47:12.876] [info] Frame 119 (t = 1.19):	 total squared error = 0.000294098, marker error: RMS = 0.00342986, max = 0.00707604 (Thoracic)
[2026-08-11 00:47:12.894] [info] Frame 120 (t = 1.2):	 total squared error = 0.000300245, marker error: RMS = 0.00346552, max = 0.00705992 (Thoracic)
[2026-08-11 00:47:12.911] [info] Frame 121 (t = 1.21):	 total squared error = 0.000314053, marker error: RMS = 0.00354431, max = 0.00700961 (Thoracic)
[2026-08-11 00:47:12.951] [info] Frame 122 (t = 1.22):	 total squared error = 0.000327795, marker error: RMS = 0.00362102, max = 0.00755090 (L_Shank_Lateral)
[2026-08-11 00:47:12.988] [info] Frame 123 (t = 1.23):	 total squared error = 0.000354884, marker error: RMS = 0.00376767, max = 0.00924730 (L_Shank_Lateral)
[2026-08-11 00:47:13.008] [info] Frame 124 (t = 1.24):	 total squared error = 0.000391365, marker error: RMS = 0.00395659, max = 0.0110245 (L_Shank_Lateral)
[2026-08-11 00:47:13.060] [info] Frame 125 (t = 1.25):	 total squared error = 0.000413102, marker error: RMS = 0.00406498, max = 0.0121016 (L_Shank_Lateral)
[2026-08-11 00:47:13.098] [info] Frame 126 (t = 1.26):	 total squared error = 0.000434881, marker error: RMS = 0.00417076, max = 0.0129019 (L_Shank_Lateral)
[2026-08-11 00:47:13.126] [info] Frame 127 (t = 1.27):	 total squared error = 0.000454398, marker error: RMS = 0.00426332, max = 0.0134712 (L_Shank_Lateral)
[2026-08-11 00:47:13.162] [info] Frame 128 (t = 1.28):	 total squared error = 0.000454089, marker error: RMS = 0.00426187, max = 0.0133913 (L_Shank_Lateral)
[2026-08-11 00:47:13.192] [info] Frame 129 (t = 1.29):	 total squared error = 0.000456879, marker error: RMS = 0.00427495, max = 0.0132489 (L_Shank_Lateral)
[2026-08-11 00:47:13.227] [info] Frame 130 (t = 1.3):	 total squared error = 0.000446646, marker error: RMS = 0.00422680, max = 0.0128019 (L_Shank_Lateral)
[2026-08-11 00:47:13.259] [info] Frame 131 (t = 1.31):	 total squared error = 0.000434105, marker error: RMS = 0.00416704, max = 0.0123908 (L_Shank_Lateral)
[2026-08-11 00:47:13.288] [info] Frame 132 (t = 1.32):	 total squared error = 0.000411947, marker error: RMS = 0.00405930, max = 0.011892 (L_Shank_Lateral)
[2026-08-11 00:47:13.333] [info] Frame 133 (t = 1.33):	 total squared error = 0.000372219, marker error: RMS = 0.00385859, max = 0.0110906 (L_Shank_Lateral)
[2026-08-11 00:47:13.355] [info] Frame 134 (t = 1.34):	 total squared error = 0.000338822, marker error: RMS = 0.00368142, max = 0.0102866 (L_Shank_Lateral)
[2026-08-11 00:47:13.388] [info] Frame 135 (t = 1.35):	 total squared error = 0.000260932, marker error: RMS = 0.00323068, max = 0.00858500 (L_Shank_Lateral)
[2026-08-11 00:47:13.409] [info] Frame 136 (t = 1.36):	 total squared error = 0.000227476, marker error: RMS = 0.00301646, max = 0.00698699 (L_Shank_Lateral)
[2026-08-11 00:47:13.447] [info] Frame 137 (t = 1.37):	 total squared error = 0.000172019, marker error: RMS = 0.00262312, max = 0.00465618 (R_Thigh_Lateral)
[2026-08-11 00:47:13.479] [info] Frame 138 (t = 1.38):	 total squared error = 0.000168839, marker error: RMS = 0.00259876, max = 0.00503864 (R_Thigh_Lateral)
[2026-08-11 00:47:13.503] [info] Frame 139 (t = 1.39):	 total squared error = 0.000204458, marker error: RMS = 0.00285978, max = 0.00554026 (R_Thigh_Lateral)
[2026-08-11 00:47:13.527] [info] Frame 140 (t = 1.4):	 total squared error = 0.000258461, marker error: RMS = 0.00321535, max = 0.00617753 (L_Thigh_Lateral)
[2026-08-11 00:47:13.540] [info] Frame 141 (t = 1.41):	 total squared error = 0.000349688, marker error: RMS = 0.00373999, max = 0.00757368 (L_Thigh_Lateral)
[2026-08-11 00:47:13.584] [info] Frame 142 (t = 1.42):	 total squared error = 0.000365552, marker error: RMS = 0.00382388, max = 0.00735965 (L_Thigh_Lateral)
[2026-08-11 00:47:13.608] [info] Frame 143 (t = 1.43):	 total squared error = 0.000401832, marker error: RMS = 0.00400915, max = 0.00691220 (R_Thigh_Lateral)
[2026-08-11 00:47:13.640] [info] Frame 144 (t = 1.44):	 total squared error = 0.000412304, marker error: RMS = 0.00406106, max = 0.00689925 (R_Knee_Lateral)
[2026-08-11 00:47:13.664] [info] Frame 145 (t = 1.45):	 total squared error = 0.000414436, marker error: RMS = 0.00407154, max = 0.00684452 (R_Thigh_Lateral)
[2026-08-11 00:47:13.707] [info] Frame 146 (t = 1.46):	 total squared error = 0.000396211, marker error: RMS = 0.00398101, max = 0.00685882 (R_Knee_Lateral)
[2026-08-11 00:47:13.726] [info] Frame 147 (t = 1.47):	 total squared error = 0.000379593, marker error: RMS = 0.00389663, max = 0.00724202 (L_Asis)
[2026-08-11 00:47:13.751] [info] Frame 148 (t = 1.48):	 total squared error = 0.000355002, marker error: RMS = 0.00376830, max = 0.00705811 (L_Asis)
[2026-08-11 00:47:13.776] [info] Frame 149 (t = 1.49):	 total squared error = 0.000315721, marker error: RMS = 0.00355371, max = 0.00633583 (L_Asis)
[2026-08-11 00:47:13.802] [info] Frame 150 (t = 1.5):	 total squared error = 0.000269750, marker error: RMS = 0.00328481, max = 0.00536023 (R_Asis)
[2026-08-11 00:47:13.831] [info] Frame 151 (t = 1.51):	 total squared error = 0.000232678, marker error: RMS = 0.00305076, max = 0.00542702 (Sacral)
[2026-08-11 00:47:13.856] [info] Frame 152 (t = 1.52):	 total squared error = 0.000218673, marker error: RMS = 0.00295752, max = 0.00575942 (Sacral)
[2026-08-11 00:47:13.884] [info] Frame 153 (t = 1.53):	 total squared error = 0.000228360, marker error: RMS = 0.00302232, max = 0.00640138 (Sacral)
[2026-08-11 00:47:13.919] [info] Frame 154 (t = 1.54):	 total squared error = 0.000247796, marker error: RMS = 0.00314831, max = 0.00734115 (Sacral)
[2026-08-11 00:47:13.946] [info] Frame 155 (t = 1.55):	 total squared error = 0.000270162, marker error: RMS = 0.00328732, max = 0.00762244 (Sacral)
[2026-08-11 00:47:13.973] [info] Frame 156 (t = 1.56):	 total squared error = 0.000286874, marker error: RMS = 0.00338747, max = 0.00807677 (Sacral)
[2026-08-11 00:47:14.016] [info] Frame 157 (t = 1.57):	 total squared error = 0.000292326, marker error: RMS = 0.00341951, max = 0.00826621 (Sacral)
[2026-08-11 00:47:14.044] [info] Frame 158 (t = 1.58):	 total squared error = 0.000295652, marker error: RMS = 0.00343891, max = 0.00761283 (Sacral)
[2026-08-11 00:47:14.087] [info] Frame 159 (t = 1.59):	 total squared error = 0.000287592, marker error: RMS = 0.00339170, max = 0.00740330 (Sacral)
[2026-08-11 00:47:14.106] [info] Frame 160 (t = 1.6):	 total squared error = 0.000295373, marker error: RMS = 0.00343729, max = 0.00611487 (R_Thigh_Lateral)
[2026-08-11 00:47:14.132] [info] Frame 161 (t = 1.61):	 total squared error = 0.000289478, marker error: RMS = 0.00340281, max = 0.00593046 (R_Thigh_Lateral)
[2026-08-11 00:47:14.185] [info] Frame 162 (t = 1.62):	 total squared error = 0.000273398, marker error: RMS = 0.00330695, max = 0.00631004 (R_Shank_Lateral)
[2026-08-11 00:47:14.211] [info] Frame 163 (t = 1.63):	 total squared error = 0.000288076, marker error: RMS = 0.00339456, max = 0.00743244 (R_Shank_Lateral)
[2026-08-11 00:47:14.226] [info] Frame 164 (t = 1.64):	 total squared error = 0.000333781, marker error: RMS = 0.00365393, max = 0.00913337 (R_Shank_Lateral)
[2026-08-11 00:47:14.256] [info] Frame 165 (t = 1.65):	 total squared error = 0.000345533, marker error: RMS = 0.00371770, max = 0.00986344 (R_Shank_Lateral)
[2026-08-11 00:47:14.303] [info] Frame 166 (t = 1.66):	 total squared error = 0.000376397, marker error: RMS = 0.00388019, max = 0.0112938 (R_Shank_Lateral)
[2026-08-11 00:47:14.338] [info] Frame 167 (t = 1.67):	 total squared error = 0.000406909, marker error: RMS = 0.00403440, max = 0.0125464 (R_Shank_Lateral)
[2026-08-11 00:47:14.380] [info] Frame 168 (t = 1.68):	 total squared error = 0.000426213, marker error: RMS = 0.00412899, max = 0.0131986 (R_Shank_Lateral)
[2026-08-11 00:47:14.419] [info] Frame 169 (t = 1.69):	 total squared error = 0.000433891, marker error: RMS = 0.00416601, max = 0.0136806 (R_Shank_Lateral)
[2026-08-11 00:47:14.435] [info] Frame 170 (t = 1.7):	 total squared error = 0.000456020, marker error: RMS = 0.00427093, max = 0.0137187 (R_Shank_Lateral)
[2026-08-11 00:47:14.446] [info] InverseKinematicsTool completed 171 frames in 5 second(s).
[2026-08-11 00:47:14.496] [info] Loaded model SUBJ63-scaled from file C:\Users\migue\Downloads\TFG\2_JMP\SUBJ63\Walk_3\SUBJ63_3_JMP_results\SUBJ63_3_NMSM_JMP_06_shoulder_elbow.osim
[2026-08-11 00:47:15.044] [warning] Coordinate.setValue:  coordinate pro_sup_r is locked. Unable to change its value.
[2026-08-11 00:47:15.084] [warning] Coordinate.setValue:  coordinate pro_sup_l is locked. Unable to change its value.
[2026-08-11 00:47:47.681] [info] Loaded model SUBJ63-scaled from file C:\Users\migue\Downloads\TFG\2_JMP\SUBJ63\Walk_3\SUBJ63_3_JMP_results\SUBJ63_3_NMSM_JMP_07_upper_limb_final.osim
[2026-08-11 00:47:47.700] [cout] [info] 
               MODEL: SUBJ63-scaled
         coordinates: 41
              forces: 103
           actuators: 103
             muscles: 86
            analyses: 0
              probes: 0
              bodies: 24
              joints: 24
         constraints: 2
             markers: 25
         controllers: 0
  contact geometries: 0
misc modelcomponents: 0
[2026-08-11 00:47:47.700] [info] Running tool .
[2026-08-11 00:47:47.812] [info] Frame 0 (t = 0.0):	 total squared error = 0.000586507, marker error: RMS = 0.00484358, max = 0.0142906 (R_Shank_Lateral)
[2026-08-11 00:47:47.882] [info] Frame 1 (t = 0.01):	 total squared error = 0.000567001, marker error: RMS = 0.00476235, max = 0.0138585 (R_Shank_Lateral)
[2026-08-11 00:47:47.929] [info] Frame 2 (t = 0.02):	 total squared error = 0.000537784, marker error: RMS = 0.00463804, max = 0.0133081 (R_Shank_Lateral)
[2026-08-11 00:47:47.954] [info] Frame 3 (t = 0.03):	 total squared error = 0.000515973, marker error: RMS = 0.00454301, max = 0.0127451 (R_Shank_Lateral)
[2026-08-11 00:47:47.992] [info] Frame 4 (t = 0.04):	 total squared error = 0.000473643, marker error: RMS = 0.00435267, max = 0.0119578 (R_Shank_Lateral)
[2026-08-11 00:47:48.011] [info] Frame 5 (t = 0.05):	 total squared error = 0.000468553, marker error: RMS = 0.00432922, max = 0.0114589 (R_Shank_Lateral)
[2026-08-11 00:47:48.046] [info] Frame 6 (t = 0.06):	 total squared error = 0.000407469, marker error: RMS = 0.00403717, max = 0.0105758 (R_Shank_Lateral)
[2026-08-11 00:47:48.068] [info] Frame 7 (t = 0.07):	 total squared error = 0.000382791, marker error: RMS = 0.00391301, max = 0.0100995 (R_Shank_Lateral)
[2026-08-11 00:47:48.110] [info] Frame 8 (t = 0.08):	 total squared error = 0.000323105, marker error: RMS = 0.00359502, max = 0.00859510 (R_Shank_Lateral)
[2026-08-11 00:47:48.151] [info] Frame 9 (t = 0.09):	 total squared error = 0.000278330, marker error: RMS = 0.00333664, max = 0.00703241 (R_Shank_Lateral)
[2026-08-11 00:47:48.180] [info] Frame 10 (t = 0.1):	 total squared error = 0.000256324, marker error: RMS = 0.00320202, max = 0.00611452 (L_Thigh_Lateral)
[2026-08-11 00:47:48.220] [info] Frame 11 (t = 0.11):	 total squared error = 0.000245315, marker error: RMS = 0.00313250, max = 0.00606651 (L_Thigh_Lateral)
[2026-08-11 00:47:48.249] [info] Frame 12 (t = 0.12):	 total squared error = 0.000294311, marker error: RMS = 0.00343110, max = 0.00650917 (L_Thigh_Lateral)
[2026-08-11 00:47:48.284] [info] Frame 13 (t = 0.13):	 total squared error = 0.000392905, marker error: RMS = 0.00396436, max = 0.00728749 (R_Thigh_Lateral)
[2026-08-11 00:47:48.299] [info] Frame 14 (t = 0.14):	 total squared error = 0.000533115, marker error: RMS = 0.00461786, max = 0.0102258 (R_Thigh_Lateral)
[2026-08-11 00:47:48.319] [info] Frame 15 (t = 0.15):	 total squared error = 0.000654809, marker error: RMS = 0.00511785, max = 0.0118851 (R_Thigh_Lateral)
[2026-08-11 00:47:48.343] [info] Frame 16 (t = 0.16):	 total squared error = 0.000749328, marker error: RMS = 0.00547477, max = 0.0127811 (R_Thigh_Lateral)
[2026-08-11 00:47:48.371] [info] Frame 17 (t = 0.17):	 total squared error = 0.000784984, marker error: RMS = 0.00560351, max = 0.0124359 (R_Thigh_Lateral)
[2026-08-11 00:47:48.393] [info] Frame 18 (t = 0.18):	 total squared error = 0.000765174, marker error: RMS = 0.00553236, max = 0.0108374 (R_Thigh_Lateral)
[2026-08-11 00:47:48.413] [info] Frame 19 (t = 0.19):	 total squared error = 0.000709061, marker error: RMS = 0.00532564, max = 0.00936196 (Sacral)
[2026-08-11 00:47:48.437] [info] Frame 20 (t = 0.2):	 total squared error = 0.000643635, marker error: RMS = 0.00507399, max = 0.00917718 (Sacral)
[2026-08-11 00:47:48.458] [info] Frame 21 (t = 0.21):	 total squared error = 0.000586280, marker error: RMS = 0.00484264, max = 0.00889597 (Sacral)
[2026-08-11 00:47:48.479] [info] Frame 22 (t = 0.22):	 total squared error = 0.000531623, marker error: RMS = 0.00461139, max = 0.00861444 (Sacral)
[2026-08-11 00:47:48.508] [info] Frame 23 (t = 0.23):	 total squared error = 0.000465771, marker error: RMS = 0.00431635, max = 0.00833430 (Sacral)
[2026-08-11 00:47:48.546] [info] Frame 24 (t = 0.24):	 total squared error = 0.000387263, marker error: RMS = 0.00393580, max = 0.00809222 (Sacral)
[2026-08-11 00:47:48.569] [info] Frame 25 (t = 0.25):	 total squared error = 0.000326517, marker error: RMS = 0.00361395, max = 0.00778881 (Sacral)
[2026-08-11 00:47:48.593] [info] Frame 26 (t = 0.26):	 total squared error = 0.000292653, marker error: RMS = 0.00342142, max = 0.00743043 (Sacral)
[2026-08-11 00:47:48.623] [info] Frame 27 (t = 0.27):	 total squared error = 0.000279837, marker error: RMS = 0.00334567, max = 0.00720702 (Sacral)
[2026-08-11 00:47:48.648] [info] Frame 28 (t = 0.28):	 total squared error = 0.000272761, marker error: RMS = 0.00330310, max = 0.00741463 (Sacral)
[2026-08-11 00:47:48.671] [info] Frame 29 (t = 0.29):	 total squared error = 0.000264105, marker error: RMS = 0.00325026, max = 0.00730876 (Sacral)
[2026-08-11 00:47:48.707] [info] Frame 30 (t = 0.3):	 total squared error = 0.000251250, marker error: RMS = 0.00317017, max = 0.00724064 (Sacral)
[2026-08-11 00:47:48.752] [info] Frame 31 (t = 0.31):	 total squared error = 0.000235874, marker error: RMS = 0.00307164, max = 0.00669211 (L_Asis)
[2026-08-11 00:47:48.779] [info] Frame 32 (t = 0.32):	 total squared error = 0.000228378, marker error: RMS = 0.00302244, max = 0.00630140 (L_Asis)
[2026-08-11 00:47:48.828] [info] Frame 33 (t = 0.33):	 total squared error = 0.000207387, marker error: RMS = 0.00288019, max = 0.00607873 (L_Asis)
[2026-08-11 00:47:48.849] [info] Frame 34 (t = 0.34):	 total squared error = 0.000202007, marker error: RMS = 0.00284258, max = 0.00612640 (L_Thigh_Lateral)
[2026-08-11 00:47:48.870] [info] Frame 35 (t = 0.35):	 total squared error = 0.000200038, marker error: RMS = 0.00282869, max = 0.00611253 (L_Thigh_Lateral)
[2026-08-11 00:47:48.889] [info] Frame 36 (t = 0.36):	 total squared error = 0.000206357, marker error: RMS = 0.00287303, max = 0.00607649 (L_Thigh_Lateral)
[2026-08-11 00:47:48.938] [info] Frame 37 (t = 0.37):	 total squared error = 0.000214965, marker error: RMS = 0.00293234, max = 0.00605406 (L_Thigh_Lateral)
[2026-08-11 00:47:48.973] [info] Frame 38 (t = 0.38):	 total squared error = 0.000240344, marker error: RMS = 0.00310061, max = 0.00762468 (L_Shank_Lateral)
[2026-08-11 00:47:49.015] [info] Frame 39 (t = 0.39):	 total squared error = 0.000272379, marker error: RMS = 0.00330078, max = 0.00925276 (L_Shank_Lateral)
[2026-08-11 00:47:49.041] [info] Frame 40 (t = 0.4):	 total squared error = 0.000310121, marker error: RMS = 0.00352205, max = 0.0108358 (L_Shank_Lateral)
[2026-08-11 00:47:49.076] [info] Frame 41 (t = 0.41):	 total squared error = 0.000339377, marker error: RMS = 0.00368444, max = 0.0118586 (L_Shank_Lateral)
[2026-08-11 00:47:49.123] [info] Frame 42 (t = 0.42):	 total squared error = 0.000361100, marker error: RMS = 0.00380053, max = 0.0125539 (L_Shank_Lateral)
[2026-08-11 00:47:49.161] [info] Frame 43 (t = 0.43):	 total squared error = 0.000375134, marker error: RMS = 0.00387368, max = 0.0128838 (L_Shank_Lateral)
[2026-08-11 00:47:49.197] [info] Frame 44 (t = 0.44):	 total squared error = 0.000382537, marker error: RMS = 0.00391171, max = 0.0128917 (L_Shank_Lateral)
[2026-08-11 00:47:49.233] [info] Frame 45 (t = 0.45):	 total squared error = 0.000384716, marker error: RMS = 0.00392283, max = 0.0125845 (L_Shank_Lateral)
[2026-08-11 00:47:49.254] [info] Frame 46 (t = 0.46):	 total squared error = 0.000402619, marker error: RMS = 0.00401307, max = 0.0123188 (L_Shank_Lateral)
[2026-08-11 00:47:49.290] [info] Frame 47 (t = 0.47):	 total squared error = 0.000380848, marker error: RMS = 0.00390307, max = 0.0117064 (L_Shank_Lateral)
[2026-08-11 00:47:49.321] [info] Frame 48 (t = 0.48):	 total squared error = 0.000370422, marker error: RMS = 0.00384927, max = 0.0111518 (L_Shank_Lateral)
[2026-08-11 00:47:49.373] [info] Frame 49 (t = 0.49):	 total squared error = 0.000343365, marker error: RMS = 0.00370602, max = 0.0104089 (L_Shank_Lateral)
[2026-08-11 00:47:49.415] [info] Frame 50 (t = 0.5):	 total squared error = 0.000310177, marker error: RMS = 0.00352237, max = 0.00936587 (L_Shank_Lateral)
[2026-08-11 00:47:49.453] [info] Frame 51 (t = 0.51):	 total squared error = 0.000273004, marker error: RMS = 0.00330456, max = 0.00800204 (L_Shank_Lateral)
[2026-08-11 00:47:49.496] [info] Frame 52 (t = 0.52):	 total squared error = 0.000243313, marker error: RMS = 0.00311970, max = 0.00625471 (L_Shank_Lateral)
[2026-08-11 00:47:49.535] [info] Frame 53 (t = 0.53):	 total squared error = 0.000235429, marker error: RMS = 0.00306874, max = 0.00588863 (R_Thigh_Lateral)
[2026-08-11 00:47:49.558] [info] Frame 54 (t = 0.54):	 total squared error = 0.000265024, marker error: RMS = 0.00325591, max = 0.00635690 (R_Thigh_Lateral)
[2026-08-11 00:47:49.594] [info] Frame 55 (t = 0.55):	 total squared error = 0.000320460, marker error: RMS = 0.00358028, max = 0.00656526 (R_Thigh_Lateral)
[2026-08-11 00:47:49.619] [info] Frame 56 (t = 0.56):	 total squared error = 0.000405992, marker error: RMS = 0.00402985, max = 0.00710321 (R_Thigh_Lateral)
[2026-08-11 00:47:49.655] [info] Frame 57 (t = 0.57):	 total squared error = 0.000494314, marker error: RMS = 0.00444663, max = 0.00754640 (Sternum)
[2026-08-11 00:47:49.670] [info] Frame 58 (t = 0.58):	 total squared error = 0.000577751, marker error: RMS = 0.00480729, max = 0.00840185 (Sternum)
[2026-08-11 00:47:49.707] [info] Frame 59 (t = 0.59):	 total squared error = 0.000622884, marker error: RMS = 0.00499153, max = 0.00913178 (Sternum)
[2026-08-11 00:47:49.732] [info] Frame 60 (t = 0.6):	 total squared error = 0.000653481, marker error: RMS = 0.00511266, max = 0.00960719 (Sternum)
[2026-08-11 00:47:49.771] [info] Frame 61 (t = 0.61):	 total squared error = 0.000647955, marker error: RMS = 0.00509099, max = 0.00969831 (Sternum)
[2026-08-11 00:47:49.789] [info] Frame 62 (t = 0.62):	 total squared error = 0.000629240, marker error: RMS = 0.00501693, max = 0.00956145 (Sternum)
[2026-08-11 00:47:49.828] [info] Frame 63 (t = 0.63):	 total squared error = 0.000578012, marker error: RMS = 0.00480838, max = 0.00926987 (Sternum)
[2026-08-11 00:47:49.855] [info] Frame 64 (t = 0.64):	 total squared error = 0.000523825, marker error: RMS = 0.00457744, max = 0.00856279 (Sternum)
[2026-08-11 00:47:49.876] [info] Frame 65 (t = 0.65):	 total squared error = 0.000460684, marker error: RMS = 0.00429271, max = 0.00783648 (R_Asis)
[2026-08-11 00:47:49.898] [info] Frame 66 (t = 0.66):	 total squared error = 0.000393061, marker error: RMS = 0.00396515, max = 0.00707087 (R_Asis)
[2026-08-11 00:47:49.945] [info] Frame 67 (t = 0.67):	 total squared error = 0.000296725, marker error: RMS = 0.00344514, max = 0.00610464 (R_Asis)
[2026-08-11 00:47:49.973] [info] Frame 68 (t = 0.68):	 total squared error = 0.000255439, marker error: RMS = 0.00319649, max = 0.00538045 (R_Ankle_Lateral)
[2026-08-11 00:47:49.997] [info] Frame 69 (t = 0.69):	 total squared error = 0.000238273, marker error: RMS = 0.00308722, max = 0.00511278 (R_Ankle_Lateral)
[2026-08-11 00:47:50.024] [info] Frame 70 (t = 0.7):	 total squared error = 0.000233716, marker error: RMS = 0.00305755, max = 0.00464755 (Sacral)
[2026-08-11 00:47:50.080] [info] Frame 71 (t = 0.71):	 total squared error = 0.000225750, marker error: RMS = 0.00300499, max = 0.00508883 (Sacral)
[2026-08-11 00:47:50.108] [info] Frame 72 (t = 0.72):	 total squared error = 0.000228644, marker error: RMS = 0.00302420, max = 0.00503716 (Sacral)
[2026-08-11 00:47:50.145] [info] Frame 73 (t = 0.73):	 total squared error = 0.000228257, marker error: RMS = 0.00302164, max = 0.00525881 (Sacral)
[2026-08-11 00:47:50.178] [info] Frame 74 (t = 0.74):	 total squared error = 0.000229410, marker error: RMS = 0.00302926, max = 0.00537084 (L_Asis)
[2026-08-11 00:47:50.204] [info] Frame 75 (t = 0.75):	 total squared error = 0.000235284, marker error: RMS = 0.00306779, max = 0.00583951 (L_Asis)
[2026-08-11 00:47:50.231] [info] Frame 76 (t = 0.76):	 total squared error = 0.000241198, marker error: RMS = 0.00310611, max = 0.00596452 (L_Asis)
[2026-08-11 00:47:50.275] [info] Frame 77 (t = 0.77):	 total squared error = 0.000242519, marker error: RMS = 0.00311460, max = 0.00628616 (L_Asis)
[2026-08-11 00:47:50.323] [info] Frame 78 (t = 0.78):	 total squared error = 0.000258956, marker error: RMS = 0.00321842, max = 0.00639394 (L_Asis)
[2026-08-11 00:47:50.347] [info] Frame 79 (t = 0.79):	 total squared error = 0.000283738, marker error: RMS = 0.00336890, max = 0.00598785 (L_Asis)
[2026-08-11 00:47:50.392] [info] Frame 80 (t = 0.8):	 total squared error = 0.000311867, marker error: RMS = 0.00353195, max = 0.00699161 (R_Shank_Lateral)
[2026-08-11 00:47:50.417] [info] Frame 81 (t = 0.81):	 total squared error = 0.000351642, marker error: RMS = 0.00375043, max = 0.00875172 (R_Shank_Lateral)
[2026-08-11 00:47:50.436] [info] Frame 82 (t = 0.82):	 total squared error = 0.000412143, marker error: RMS = 0.00406026, max = 0.0107126 (R_Shank_Lateral)
[2026-08-11 00:47:50.482] [info] Frame 83 (t = 0.83):	 total squared error = 0.000426624, marker error: RMS = 0.00413098, max = 0.011171 (R_Shank_Lateral)
[2026-08-11 00:47:50.514] [info] Frame 84 (t = 0.84):	 total squared error = 0.000464931, marker error: RMS = 0.00431245, max = 0.0126258 (R_Shank_Lateral)
[2026-08-11 00:47:50.551] [info] Frame 85 (t = 0.85):	 total squared error = 0.000484935, marker error: RMS = 0.00440425, max = 0.0129882 (R_Shank_Lateral)
[2026-08-11 00:47:50.586] [info] Frame 86 (t = 0.86):	 total squared error = 0.000500693, marker error: RMS = 0.00447523, max = 0.0132934 (R_Shank_Lateral)
[2026-08-11 00:47:50.617] [info] Frame 87 (t = 0.87):	 total squared error = 0.000509524, marker error: RMS = 0.00451453, max = 0.0133080 (R_Shank_Lateral)
[2026-08-11 00:47:50.649] [info] Frame 88 (t = 0.88):	 total squared error = 0.000512194, marker error: RMS = 0.00452634, max = 0.0130577 (R_Shank_Lateral)
[2026-08-11 00:47:50.679] [info] Frame 89 (t = 0.89):	 total squared error = 0.000510098, marker error: RMS = 0.00451707, max = 0.0127115 (R_Shank_Lateral)
[2026-08-11 00:47:50.712] [info] Frame 90 (t = 0.9):	 total squared error = 0.000498766, marker error: RMS = 0.00446661, max = 0.0122020 (R_Shank_Lateral)
[2026-08-11 00:47:50.735] [info] Frame 91 (t = 0.91):	 total squared error = 0.000489111, marker error: RMS = 0.00442317, max = 0.0117668 (R_Shank_Lateral)
[2026-08-11 00:47:50.772] [info] Frame 92 (t = 0.92):	 total squared error = 0.000434775, marker error: RMS = 0.00417025, max = 0.0107761 (R_Shank_Lateral)
[2026-08-11 00:47:50.791] [info] Frame 93 (t = 0.93):	 total squared error = 0.000403738, marker error: RMS = 0.00401864, max = 0.0100748 (R_Shank_Lateral)
[2026-08-11 00:47:50.833] [info] Frame 94 (t = 0.94):	 total squared error = 0.000321329, marker error: RMS = 0.00358513, max = 0.00823467 (R_Shank_Lateral)
[2026-08-11 00:47:50.860] [info] Frame 95 (t = 0.95):	 total squared error = 0.000272449, marker error: RMS = 0.00330121, max = 0.00681530 (L_Thigh_Lateral)
[2026-08-11 00:47:50.885] [info] Frame 96 (t = 0.96):	 total squared error = 0.000243949, marker error: RMS = 0.00312377, max = 0.00715877 (L_Thigh_Lateral)
[2026-08-11 00:47:50.923] [info] Frame 97 (t = 0.97):	 total squared error = 0.000247843, marker error: RMS = 0.00314860, max = 0.00739764 (L_Thigh_Lateral)
[2026-08-11 00:47:50.947] [info] Frame 98 (t = 0.98):	 total squared error = 0.000299972, marker error: RMS = 0.00346394, max = 0.00776046 (L_Thigh_Lateral)
[2026-08-11 00:47:50.983] [info] Frame 99 (t = 0.99):	 total squared error = 0.000367756, marker error: RMS = 0.00383540, max = 0.00793481 (L_Thigh_Lateral)
[2026-08-11 00:47:50.997] [info] Frame 100 (t = 1.0):	 total squared error = 0.000442688, marker error: RMS = 0.00420803, max = 0.00838569 (L_Thigh_Lateral)
[2026-08-11 00:47:51.019] [info] Frame 101 (t = 1.01):	 total squared error = 0.000478691, marker error: RMS = 0.00437580, max = 0.00842416 (L_Thigh_Lateral)
[2026-08-11 00:47:51.059] [info] Frame 102 (t = 1.02):	 total squared error = 0.000491966, marker error: RMS = 0.00443606, max = 0.00812570 (L_Thigh_Lateral)
[2026-08-11 00:47:51.079] [info] Frame 103 (t = 1.03):	 total squared error = 0.000484208, marker error: RMS = 0.00440095, max = 0.00804470 (L_Thigh_Lateral)
[2026-08-11 00:47:51.105] [info] Frame 104 (t = 1.04):	 total squared error = 0.000470952, marker error: RMS = 0.00434028, max = 0.00797826 (R_Asis)
[2026-08-11 00:47:51.128] [info] Frame 105 (t = 1.05):	 total squared error = 0.000454999, marker error: RMS = 0.00426614, max = 0.00794116 (R_Asis)
[2026-08-11 00:47:51.151] [info] Frame 106 (t = 1.06):	 total squared error = 0.000432832, marker error: RMS = 0.00416092, max = 0.00750668 (R_Asis)
[2026-08-11 00:47:51.173] [info] Frame 107 (t = 1.07):	 total squared error = 0.000398309, marker error: RMS = 0.00399154, max = 0.00690713 (R_Asis)
[2026-08-11 00:47:51.216] [info] Frame 108 (t = 1.08):	 total squared error = 0.000344329, marker error: RMS = 0.00371122, max = 0.00692014 (L_Ankle_Lateral)
[2026-08-11 00:47:51.235] [info] Frame 109 (t = 1.09):	 total squared error = 0.000292595, marker error: RMS = 0.00342108, max = 0.00699474 (L_Ankle_Lateral)
[2026-08-11 00:47:51.257] [info] Frame 110 (t = 1.1):	 total squared error = 0.000265442, marker error: RMS = 0.00325848, max = 0.00682726 (L_Ankle_Lateral)
[2026-08-11 00:47:51.292] [info] Frame 111 (t = 1.11):	 total squared error = 0.000262970, marker error: RMS = 0.00324327, max = 0.00648164 (L_Ankle_Lateral)
[2026-08-11 00:47:51.320] [info] Frame 112 (t = 1.12):	 total squared error = 0.000271235, marker error: RMS = 0.00329384, max = 0.00632201 (Thoracic)
[2026-08-11 00:47:51.353] [info] Frame 113 (t = 1.13):	 total squared error = 0.000278418, marker error: RMS = 0.00333717, max = 0.00645386 (Thoracic)
[2026-08-11 00:47:51.377] [info] Frame 114 (t = 1.14):	 total squared error = 0.000283390, marker error: RMS = 0.00336684, max = 0.00658258 (Thoracic)
[2026-08-11 00:47:51.407] [info] Frame 115 (t = 1.15):	 total squared error = 0.000287624, marker error: RMS = 0.00339190, max = 0.00668671 (Thoracic)
[2026-08-11 00:47:51.448] [info] Frame 116 (t = 1.16):	 total squared error = 0.000279106, marker error: RMS = 0.00334129, max = 0.00676524 (Thoracic)
[2026-08-11 00:47:51.474] [info] Frame 117 (t = 1.17):	 total squared error = 0.000282998, marker error: RMS = 0.00336451, max = 0.00685724 (Thoracic)
[2026-08-11 00:47:51.503] [info] Frame 118 (t = 1.18):	 total squared error = 0.000280789, marker error: RMS = 0.00335135, max = 0.00692573 (Thoracic)
[2026-08-11 00:47:51.524] [info] Frame 119 (t = 1.19):	 total squared error = 0.000286527, marker error: RMS = 0.00338542, max = 0.00694963 (Thoracic)
[2026-08-11 00:47:51.548] [info] Frame 120 (t = 1.2):	 total squared error = 0.000289884, marker error: RMS = 0.00340520, max = 0.00691665 (Thoracic)
[2026-08-11 00:47:51.564] [info] Frame 121 (t = 1.21):	 total squared error = 0.000306603, marker error: RMS = 0.00350202, max = 0.00696430 (Thoracic)
[2026-08-11 00:47:51.587] [info] Frame 122 (t = 1.22):	 total squared error = 0.000323504, marker error: RMS = 0.00359724, max = 0.00768201 (L_Shank_Lateral)
[2026-08-11 00:47:51.613] [info] Frame 123 (t = 1.23):	 total squared error = 0.000351572, marker error: RMS = 0.00375005, max = 0.00939675 (L_Shank_Lateral)
[2026-08-11 00:47:51.631] [info] Frame 124 (t = 1.24):	 total squared error = 0.000396350, marker error: RMS = 0.00398171, max = 0.0110983 (L_Shank_Lateral)
[2026-08-11 00:47:51.670] [info] Frame 125 (t = 1.25):	 total squared error = 0.000411708, marker error: RMS = 0.00405812, max = 0.0120522 (L_Shank_Lateral)
[2026-08-11 00:47:51.697] [info] Frame 126 (t = 1.26):	 total squared error = 0.000441441, marker error: RMS = 0.00420210, max = 0.0130455 (L_Shank_Lateral)
[2026-08-11 00:47:51.723] [info] Frame 127 (t = 1.27):	 total squared error = 0.000459353, marker error: RMS = 0.00428651, max = 0.0135572 (L_Shank_Lateral)
[2026-08-11 00:47:51.760] [info] Frame 128 (t = 1.28):	 total squared error = 0.000454977, marker error: RMS = 0.00426604, max = 0.0133646 (L_Shank_Lateral)
[2026-08-11 00:47:51.807] [info] Frame 129 (t = 1.29):	 total squared error = 0.000450608, marker error: RMS = 0.00424551, max = 0.0132498 (L_Shank_Lateral)
[2026-08-11 00:47:51.842] [info] Frame 130 (t = 1.3):	 total squared error = 0.000446716, marker error: RMS = 0.00422713, max = 0.0128553 (L_Shank_Lateral)
[2026-08-11 00:47:51.883] [info] Frame 131 (t = 1.31):	 total squared error = 0.000435233, marker error: RMS = 0.00417245, max = 0.0124122 (L_Shank_Lateral)
[2026-08-11 00:47:51.923] [info] Frame 132 (t = 1.32):	 total squared error = 0.000414913, marker error: RMS = 0.00407388, max = 0.0119193 (L_Shank_Lateral)
[2026-08-11 00:47:51.955] [info] Frame 133 (t = 1.33):	 total squared error = 0.000378086, marker error: RMS = 0.00388889, max = 0.0111191 (L_Shank_Lateral)
[2026-08-11 00:47:51.991] [info] Frame 134 (t = 1.34):	 total squared error = 0.000326372, marker error: RMS = 0.00361316, max = 0.00999208 (L_Shank_Lateral)
[2026-08-11 00:47:52.021] [info] Frame 135 (t = 1.35):	 total squared error = 0.000269814, marker error: RMS = 0.00328520, max = 0.00867774 (L_Shank_Lateral)
[2026-08-11 00:47:52.070] [info] Frame 136 (t = 1.36):	 total squared error = 0.000212572, marker error: RMS = 0.00291597, max = 0.00672939 (L_Shank_Lateral)
[2026-08-11 00:47:52.105] [info] Frame 137 (t = 1.37):	 total squared error = 0.000179136, marker error: RMS = 0.00267683, max = 0.00471456 (R_Thigh_Lateral)
[2026-08-11 00:47:52.157] [info] Frame 138 (t = 1.38):	 total squared error = 0.000174087, marker error: RMS = 0.00263884, max = 0.00510494 (R_Thigh_Lateral)
[2026-08-11 00:47:52.185] [info] Frame 139 (t = 1.39):	 total squared error = 0.000203338, marker error: RMS = 0.00285193, max = 0.00547920 (R_Thigh_Lateral)
[2026-08-11 00:47:52.216] [info] Frame 140 (t = 1.4):	 total squared error = 0.000260641, marker error: RMS = 0.00322887, max = 0.00610499 (L_Thigh_Lateral)
[2026-08-11 00:47:52.251] [info] Frame 141 (t = 1.41):	 total squared error = 0.000316374, marker error: RMS = 0.00355738, max = 0.00699973 (L_Thigh_Lateral)
[2026-08-11 00:47:52.263] [info] Frame 142 (t = 1.42):	 total squared error = 0.000380112, marker error: RMS = 0.00389929, max = 0.00728336 (L_Thigh_Lateral)
[2026-08-11 00:47:52.305] [info] Frame 143 (t = 1.43):	 total squared error = 0.000400573, marker error: RMS = 0.00400286, max = 0.00679216 (L_Thigh_Lateral)
[2026-08-11 00:47:52.329] [info] Frame 144 (t = 1.44):	 total squared error = 0.000417541, marker error: RMS = 0.00408676, max = 0.00701037 (R_Thigh_Lateral)
[2026-08-11 00:47:52.346] [info] Frame 145 (t = 1.45):	 total squared error = 0.000430443, marker error: RMS = 0.00414942, max = 0.00740433 (L_Asis)
[2026-08-11 00:47:52.374] [info] Frame 146 (t = 1.46):	 total squared error = 0.000413468, marker error: RMS = 0.00406678, max = 0.00742931 (L_Asis)
[2026-08-11 00:47:52.398] [info] Frame 147 (t = 1.47):	 total squared error = 0.000396707, marker error: RMS = 0.00398350, max = 0.00762445 (L_Asis)
[2026-08-11 00:47:52.426] [info] Frame 148 (t = 1.48):	 total squared error = 0.000361864, marker error: RMS = 0.00380455, max = 0.00716882 (L_Asis)
[2026-08-11 00:47:52.469] [info] Frame 149 (t = 1.49):	 total squared error = 0.000300919, marker error: RMS = 0.00346941, max = 0.00637818 (R_Asis)
[2026-08-11 00:47:52.494] [info] Frame 150 (t = 1.5):	 total squared error = 0.000256542, marker error: RMS = 0.00320338, max = 0.00555854 (R_Asis)
[2026-08-11 00:47:52.520] [info] Frame 151 (t = 1.51):	 total squared error = 0.000221757, marker error: RMS = 0.00297830, max = 0.00528528 (Sacral)
[2026-08-11 00:47:52.546] [info] Frame 152 (t = 1.52):	 total squared error = 0.000210482, marker error: RMS = 0.00290160, max = 0.00562336 (Sacral)
[2026-08-11 00:47:52.579] [info] Frame 153 (t = 1.53):	 total squared error = 0.000222334, marker error: RMS = 0.00298218, max = 0.00636899 (Sacral)
[2026-08-11 00:47:52.616] [info] Frame 154 (t = 1.54):	 total squared error = 0.000244081, marker error: RMS = 0.00312462, max = 0.00707880 (Sacral)
[2026-08-11 00:47:52.651] [info] Frame 155 (t = 1.55):	 total squared error = 0.000267201, marker error: RMS = 0.00326926, max = 0.00767557 (Sacral)
[2026-08-11 00:47:52.676] [info] Frame 156 (t = 1.56):	 total squared error = 0.000285249, marker error: RMS = 0.00337786, max = 0.00780823 (Sacral)
[2026-08-11 00:47:52.701] [info] Frame 157 (t = 1.57):	 total squared error = 0.000296392, marker error: RMS = 0.00344321, max = 0.00766280 (Sacral)
[2026-08-11 00:47:52.771] [info] Frame 158 (t = 1.58):	 total squared error = 0.000294412, marker error: RMS = 0.00343169, max = 0.00760183 (Sacral)
[2026-08-11 00:47:52.794] [info] Frame 159 (t = 1.59):	 total squared error = 0.000291984, marker error: RMS = 0.00341751, max = 0.00673017 (Sacral)
[2026-08-11 00:47:52.854] [info] Frame 160 (t = 1.6):	 total squared error = 0.000282694, marker error: RMS = 0.00336270, max = 0.00618850 (Sacral)
[2026-08-11 00:47:52.883] [info] Frame 161 (t = 1.61):	 total squared error = 0.000278860, marker error: RMS = 0.00333982, max = 0.00569934 (R_Thigh_Lateral)
[2026-08-11 00:47:52.909] [info] Frame 162 (t = 1.62):	 total squared error = 0.000286582, marker error: RMS = 0.00338575, max = 0.00631084 (R_Shank_Lateral)
[2026-08-11 00:47:52.933] [info] Frame 163 (t = 1.63):	 total squared error = 0.000309762, marker error: RMS = 0.00352001, max = 0.00743373 (R_Shank_Lateral)
[2026-08-11 00:47:52.949] [info] Frame 164 (t = 1.64):	 total squared error = 0.000364704, marker error: RMS = 0.00381944, max = 0.00911230 (R_Shank_Lateral)
[2026-08-11 00:47:52.995] [info] Frame 165 (t = 1.65):	 total squared error = 0.000354207, marker error: RMS = 0.00376408, max = 0.00992960 (R_Shank_Lateral)
[2026-08-11 00:47:53.032] [info] Frame 166 (t = 1.66):	 total squared error = 0.000390867, marker error: RMS = 0.00395407, max = 0.0114592 (R_Shank_Lateral)
[2026-08-11 00:47:53.066] [info] Frame 167 (t = 1.67):	 total squared error = 0.000422854, marker error: RMS = 0.00411268, max = 0.0125825 (R_Shank_Lateral)
[2026-08-11 00:47:53.112] [info] Frame 168 (t = 1.68):	 total squared error = 0.000442566, marker error: RMS = 0.00420745, max = 0.0132414 (R_Shank_Lateral)
[2026-08-11 00:47:53.165] [info] Frame 169 (t = 1.69):	 total squared error = 0.000449863, marker error: RMS = 0.00424199, max = 0.0135676 (R_Shank_Lateral)
[2026-08-11 00:47:53.201] [info] Frame 170 (t = 1.7):	 total squared error = 0.000447472, marker error: RMS = 0.00423071, max = 0.0136 (R_Shank_Lateral)
[2026-08-11 00:47:53.206] [info] InverseKinematicsTool completed 171 frames in 5 second(s).
[2026-08-11 00:47:53.258] [info] Loaded model SUBJ63-scaled from file C:\Users\migue\Downloads\TFG\2_JMP\SUBJ63\Walk_3\SUBJ63_3_JMP_results\SUBJ63_3_NMSM_JMP_07_upper_limb_final.osim
[2026-08-11 00:47:53.806] [warning] Coordinate.setValue:  coordinate pro_sup_r is locked. Unable to change its value.
[2026-08-11 00:47:53.845] [warning] Coordinate.setValue:  coordinate pro_sup_l is locked. Unable to change its value.
[2026-08-11 00:48:26.193] [info] Loaded model SUBJ63-scaled from file C:\Users\migue\Downloads\TFG\2_JMP\SUBJ63\Walk_3\SUBJ63_3_JMP_results\SUBJ63_3_NMSM_JMP_07_upper_limb_final.osim
[2026-08-11 00:48:26.211] [cout] [info] 
               MODEL: SUBJ63-scaled
         coordinates: 41
              forces: 103
           actuators: 103
             muscles: 86
            analyses: 0
              probes: 0
              bodies: 24
              joints: 24
         constraints: 2
             markers: 25
         controllers: 0
  contact geometries: 0
misc modelcomponents: 0
[2026-08-11 00:48:26.211] [info] Running tool .
[2026-08-11 00:48:26.356] [info] Frame 0 (t = 0.0):	 total squared error = 0.000586507, marker error: RMS = 0.00484358, max = 0.0142906 (R_Shank_Lateral)
[2026-08-11 00:48:26.406] [info] Frame 1 (t = 0.01):	 total squared error = 0.000567001, marker error: RMS = 0.00476235, max = 0.0138585 (R_Shank_Lateral)
[2026-08-11 00:48:26.451] [info] Frame 2 (t = 0.02):	 total squared error = 0.000537784, marker error: RMS = 0.00463804, max = 0.0133081 (R_Shank_Lateral)
[2026-08-11 00:48:26.476] [info] Frame 3 (t = 0.03):	 total squared error = 0.000515973, marker error: RMS = 0.00454301, max = 0.0127451 (R_Shank_Lateral)
[2026-08-11 00:48:26.515] [info] Frame 4 (t = 0.04):	 total squared error = 0.000473643, marker error: RMS = 0.00435267, max = 0.0119578 (R_Shank_Lateral)
[2026-08-11 00:48:26.533] [info] Frame 5 (t = 0.05):	 total squared error = 0.000468553, marker error: RMS = 0.00432922, max = 0.0114589 (R_Shank_Lateral)
[2026-08-11 00:48:26.568] [info] Frame 6 (t = 0.06):	 total squared error = 0.000407469, marker error: RMS = 0.00403717, max = 0.0105758 (R_Shank_Lateral)
[2026-08-11 00:48:26.589] [info] Frame 7 (t = 0.07):	 total squared error = 0.000382791, marker error: RMS = 0.00391301, max = 0.0100995 (R_Shank_Lateral)
[2026-08-11 00:48:26.630] [info] Frame 8 (t = 0.08):	 total squared error = 0.000323105, marker error: RMS = 0.00359502, max = 0.00859510 (R_Shank_Lateral)
[2026-08-11 00:48:26.672] [info] Frame 9 (t = 0.09):	 total squared error = 0.000278330, marker error: RMS = 0.00333664, max = 0.00703241 (R_Shank_Lateral)
[2026-08-11 00:48:26.700] [info] Frame 10 (t = 0.1):	 total squared error = 0.000256324, marker error: RMS = 0.00320202, max = 0.00611452 (L_Thigh_Lateral)
[2026-08-11 00:48:26.741] [info] Frame 11 (t = 0.11):	 total squared error = 0.000245315, marker error: RMS = 0.00313250, max = 0.00606651 (L_Thigh_Lateral)
[2026-08-11 00:48:26.769] [info] Frame 12 (t = 0.12):	 total squared error = 0.000294311, marker error: RMS = 0.00343110, max = 0.00650917 (L_Thigh_Lateral)
[2026-08-11 00:48:26.805] [info] Frame 13 (t = 0.13):	 total squared error = 0.000392905, marker error: RMS = 0.00396436, max = 0.00728749 (R_Thigh_Lateral)
[2026-08-11 00:48:26.819] [info] Frame 14 (t = 0.14):	 total squared error = 0.000533115, marker error: RMS = 0.00461786, max = 0.0102258 (R_Thigh_Lateral)
[2026-08-11 00:48:26.842] [info] Frame 15 (t = 0.15):	 total squared error = 0.000654809, marker error: RMS = 0.00511785, max = 0.0118851 (R_Thigh_Lateral)
[2026-08-11 00:48:26.867] [info] Frame 16 (t = 0.16):	 total squared error = 0.000749328, marker error: RMS = 0.00547477, max = 0.0127811 (R_Thigh_Lateral)
[2026-08-11 00:48:26.894] [info] Frame 17 (t = 0.17):	 total squared error = 0.000784984, marker error: RMS = 0.00560351, max = 0.0124359 (R_Thigh_Lateral)
[2026-08-11 00:48:26.916] [info] Frame 18 (t = 0.18):	 total squared error = 0.000765174, marker error: RMS = 0.00553236, max = 0.0108374 (R_Thigh_Lateral)
[2026-08-11 00:48:26.937] [info] Frame 19 (t = 0.19):	 total squared error = 0.000709061, marker error: RMS = 0.00532564, max = 0.00936196 (Sacral)
[2026-08-11 00:48:26.962] [info] Frame 20 (t = 0.2):	 total squared error = 0.000643635, marker error: RMS = 0.00507399, max = 0.00917718 (Sacral)
[2026-08-11 00:48:26.983] [info] Frame 21 (t = 0.21):	 total squared error = 0.000586280, marker error: RMS = 0.00484264, max = 0.00889597 (Sacral)
[2026-08-11 00:48:27.004] [info] Frame 22 (t = 0.22):	 total squared error = 0.000531623, marker error: RMS = 0.00461139, max = 0.00861444 (Sacral)
[2026-08-11 00:48:27.033] [info] Frame 23 (t = 0.23):	 total squared error = 0.000465771, marker error: RMS = 0.00431635, max = 0.00833430 (Sacral)
[2026-08-11 00:48:27.071] [info] Frame 24 (t = 0.24):	 total squared error = 0.000387263, marker error: RMS = 0.00393580, max = 0.00809222 (Sacral)
[2026-08-11 00:48:27.094] [info] Frame 25 (t = 0.25):	 total squared error = 0.000326517, marker error: RMS = 0.00361395, max = 0.00778881 (Sacral)
[2026-08-11 00:48:27.119] [info] Frame 26 (t = 0.26):	 total squared error = 0.000292653, marker error: RMS = 0.00342142, max = 0.00743043 (Sacral)
[2026-08-11 00:48:27.145] [info] Frame 27 (t = 0.27):	 total squared error = 0.000279837, marker error: RMS = 0.00334567, max = 0.00720702 (Sacral)
[2026-08-11 00:48:27.175] [info] Frame 28 (t = 0.28):	 total squared error = 0.000272761, marker error: RMS = 0.00330310, max = 0.00741463 (Sacral)
[2026-08-11 00:48:27.198] [info] Frame 29 (t = 0.29):	 total squared error = 0.000264105, marker error: RMS = 0.00325026, max = 0.00730876 (Sacral)
[2026-08-11 00:48:27.233] [info] Frame 30 (t = 0.3):	 total squared error = 0.000251250, marker error: RMS = 0.00317017, max = 0.00724064 (Sacral)
[2026-08-11 00:48:27.279] [info] Frame 31 (t = 0.31):	 total squared error = 0.000235874, marker error: RMS = 0.00307164, max = 0.00669211 (L_Asis)
[2026-08-11 00:48:27.305] [info] Frame 32 (t = 0.32):	 total squared error = 0.000228378, marker error: RMS = 0.00302244, max = 0.00630140 (L_Asis)
[2026-08-11 00:48:27.353] [info] Frame 33 (t = 0.33):	 total squared error = 0.000207387, marker error: RMS = 0.00288019, max = 0.00607873 (L_Asis)
[2026-08-11 00:48:27.374] [info] Frame 34 (t = 0.34):	 total squared error = 0.000202007, marker error: RMS = 0.00284258, max = 0.00612640 (L_Thigh_Lateral)
[2026-08-11 00:48:27.395] [info] Frame 35 (t = 0.35):	 total squared error = 0.000200038, marker error: RMS = 0.00282869, max = 0.00611253 (L_Thigh_Lateral)
[2026-08-11 00:48:27.412] [info] Frame 36 (t = 0.36):	 total squared error = 0.000206357, marker error: RMS = 0.00287303, max = 0.00607649 (L_Thigh_Lateral)
[2026-08-11 00:48:27.460] [info] Frame 37 (t = 0.37):	 total squared error = 0.000214965, marker error: RMS = 0.00293234, max = 0.00605406 (L_Thigh_Lateral)
[2026-08-11 00:48:27.494] [info] Frame 38 (t = 0.38):	 total squared error = 0.000240344, marker error: RMS = 0.00310061, max = 0.00762468 (L_Shank_Lateral)
[2026-08-11 00:48:27.536] [info] Frame 39 (t = 0.39):	 total squared error = 0.000272379, marker error: RMS = 0.00330078, max = 0.00925276 (L_Shank_Lateral)
[2026-08-11 00:48:27.562] [info] Frame 40 (t = 0.4):	 total squared error = 0.000310121, marker error: RMS = 0.00352205, max = 0.0108358 (L_Shank_Lateral)
[2026-08-11 00:48:27.595] [info] Frame 41 (t = 0.41):	 total squared error = 0.000339377, marker error: RMS = 0.00368444, max = 0.0118586 (L_Shank_Lateral)
[2026-08-11 00:48:27.640] [info] Frame 42 (t = 0.42):	 total squared error = 0.000361100, marker error: RMS = 0.00380053, max = 0.0125539 (L_Shank_Lateral)
[2026-08-11 00:48:27.679] [info] Frame 43 (t = 0.43):	 total squared error = 0.000375134, marker error: RMS = 0.00387368, max = 0.0128838 (L_Shank_Lateral)
[2026-08-11 00:48:27.715] [info] Frame 44 (t = 0.44):	 total squared error = 0.000382537, marker error: RMS = 0.00391171, max = 0.0128917 (L_Shank_Lateral)
[2026-08-11 00:48:27.750] [info] Frame 45 (t = 0.45):	 total squared error = 0.000384716, marker error: RMS = 0.00392283, max = 0.0125845 (L_Shank_Lateral)
[2026-08-11 00:48:27.772] [info] Frame 46 (t = 0.46):	 total squared error = 0.000402619, marker error: RMS = 0.00401307, max = 0.0123188 (L_Shank_Lateral)
[2026-08-11 00:48:27.808] [info] Frame 47 (t = 0.47):	 total squared error = 0.000380848, marker error: RMS = 0.00390307, max = 0.0117064 (L_Shank_Lateral)
[2026-08-11 00:48:27.837] [info] Frame 48 (t = 0.48):	 total squared error = 0.000370422, marker error: RMS = 0.00384927, max = 0.0111518 (L_Shank_Lateral)
[2026-08-11 00:48:27.889] [info] Frame 49 (t = 0.49):	 total squared error = 0.000343365, marker error: RMS = 0.00370602, max = 0.0104089 (L_Shank_Lateral)
[2026-08-11 00:48:27.924] [info] Frame 50 (t = 0.5):	 total squared error = 0.000310177, marker error: RMS = 0.00352237, max = 0.00936587 (L_Shank_Lateral)
[2026-08-11 00:48:27.963] [info] Frame 51 (t = 0.51):	 total squared error = 0.000273004, marker error: RMS = 0.00330456, max = 0.00800204 (L_Shank_Lateral)
[2026-08-11 00:48:28.008] [info] Frame 52 (t = 0.52):	 total squared error = 0.000243313, marker error: RMS = 0.00311970, max = 0.00625471 (L_Shank_Lateral)
[2026-08-11 00:48:28.047] [info] Frame 53 (t = 0.53):	 total squared error = 0.000235429, marker error: RMS = 0.00306874, max = 0.00588863 (R_Thigh_Lateral)
[2026-08-11 00:48:28.070] [info] Frame 54 (t = 0.54):	 total squared error = 0.000265024, marker error: RMS = 0.00325591, max = 0.00635690 (R_Thigh_Lateral)
[2026-08-11 00:48:28.109] [info] Frame 55 (t = 0.55):	 total squared error = 0.000320460, marker error: RMS = 0.00358028, max = 0.00656526 (R_Thigh_Lateral)
[2026-08-11 00:48:28.149] [info] Frame 56 (t = 0.56):	 total squared error = 0.000405992, marker error: RMS = 0.00402985, max = 0.00710321 (R_Thigh_Lateral)
[2026-08-11 00:48:28.199] [info] Frame 57 (t = 0.57):	 total squared error = 0.000494314, marker error: RMS = 0.00444663, max = 0.00754640 (Sternum)
[2026-08-11 00:48:28.216] [info] Frame 58 (t = 0.58):	 total squared error = 0.000577751, marker error: RMS = 0.00480729, max = 0.00840185 (Sternum)
[2026-08-11 00:48:28.273] [info] Frame 59 (t = 0.59):	 total squared error = 0.000622884, marker error: RMS = 0.00499153, max = 0.00913178 (Sternum)
[2026-08-11 00:48:28.299] [info] Frame 60 (t = 0.6):	 total squared error = 0.000653481, marker error: RMS = 0.00511266, max = 0.00960719 (Sternum)
[2026-08-11 00:48:28.346] [info] Frame 61 (t = 0.61):	 total squared error = 0.000647955, marker error: RMS = 0.00509099, max = 0.00969831 (Sternum)
[2026-08-11 00:48:28.374] [info] Frame 62 (t = 0.62):	 total squared error = 0.000629240, marker error: RMS = 0.00501693, max = 0.00956145 (Sternum)
[2026-08-11 00:48:28.416] [info] Frame 63 (t = 0.63):	 total squared error = 0.000578012, marker error: RMS = 0.00480838, max = 0.00926987 (Sternum)
[2026-08-11 00:48:28.452] [info] Frame 64 (t = 0.64):	 total squared error = 0.000523825, marker error: RMS = 0.00457744, max = 0.00856279 (Sternum)
[2026-08-11 00:48:28.483] [info] Frame 65 (t = 0.65):	 total squared error = 0.000460684, marker error: RMS = 0.00429271, max = 0.00783648 (R_Asis)
[2026-08-11 00:48:28.504] [info] Frame 66 (t = 0.66):	 total squared error = 0.000393061, marker error: RMS = 0.00396515, max = 0.00707087 (R_Asis)
[2026-08-11 00:48:28.556] [info] Frame 67 (t = 0.67):	 total squared error = 0.000296725, marker error: RMS = 0.00344514, max = 0.00610464 (R_Asis)
[2026-08-11 00:48:28.586] [info] Frame 68 (t = 0.68):	 total squared error = 0.000255439, marker error: RMS = 0.00319649, max = 0.00538045 (R_Ankle_Lateral)
[2026-08-11 00:48:28.612] [info] Frame 69 (t = 0.69):	 total squared error = 0.000238273, marker error: RMS = 0.00308722, max = 0.00511278 (R_Ankle_Lateral)
[2026-08-11 00:48:28.655] [info] Frame 70 (t = 0.7):	 total squared error = 0.000233716, marker error: RMS = 0.00305755, max = 0.00464755 (Sacral)
[2026-08-11 00:48:28.736] [info] Frame 71 (t = 0.71):	 total squared error = 0.000225750, marker error: RMS = 0.00300499, max = 0.00508883 (Sacral)
[2026-08-11 00:48:28.771] [info] Frame 72 (t = 0.72):	 total squared error = 0.000228644, marker error: RMS = 0.00302420, max = 0.00503716 (Sacral)
[2026-08-11 00:48:28.809] [info] Frame 73 (t = 0.73):	 total squared error = 0.000228257, marker error: RMS = 0.00302164, max = 0.00525881 (Sacral)
[2026-08-11 00:48:28.842] [info] Frame 74 (t = 0.74):	 total squared error = 0.000229410, marker error: RMS = 0.00302926, max = 0.00537084 (L_Asis)
[2026-08-11 00:48:28.866] [info] Frame 75 (t = 0.75):	 total squared error = 0.000235284, marker error: RMS = 0.00306779, max = 0.00583951 (L_Asis)
[2026-08-11 00:48:28.894] [info] Frame 76 (t = 0.76):	 total squared error = 0.000241198, marker error: RMS = 0.00310611, max = 0.00596452 (L_Asis)
[2026-08-11 00:48:28.941] [info] Frame 77 (t = 0.77):	 total squared error = 0.000242519, marker error: RMS = 0.00311460, max = 0.00628616 (L_Asis)
[2026-08-11 00:48:28.989] [info] Frame 78 (t = 0.78):	 total squared error = 0.000258956, marker error: RMS = 0.00321842, max = 0.00639394 (L_Asis)
[2026-08-11 00:48:29.013] [info] Frame 79 (t = 0.79):	 total squared error = 0.000283738, marker error: RMS = 0.00336890, max = 0.00598785 (L_Asis)
[2026-08-11 00:48:29.056] [info] Frame 80 (t = 0.8):	 total squared error = 0.000311867, marker error: RMS = 0.00353195, max = 0.00699161 (R_Shank_Lateral)
[2026-08-11 00:48:29.081] [info] Frame 81 (t = 0.81):	 total squared error = 0.000351642, marker error: RMS = 0.00375043, max = 0.00875172 (R_Shank_Lateral)
[2026-08-11 00:48:29.100] [info] Frame 82 (t = 0.82):	 total squared error = 0.000412143, marker error: RMS = 0.00406026, max = 0.0107126 (R_Shank_Lateral)
[2026-08-11 00:48:29.146] [info] Frame 83 (t = 0.83):	 total squared error = 0.000426624, marker error: RMS = 0.00413098, max = 0.011171 (R_Shank_Lateral)
[2026-08-11 00:48:29.177] [info] Frame 84 (t = 0.84):	 total squared error = 0.000464931, marker error: RMS = 0.00431245, max = 0.0126258 (R_Shank_Lateral)
[2026-08-11 00:48:29.212] [info] Frame 85 (t = 0.85):	 total squared error = 0.000484935, marker error: RMS = 0.00440425, max = 0.0129882 (R_Shank_Lateral)
[2026-08-11 00:48:29.248] [info] Frame 86 (t = 0.86):	 total squared error = 0.000500693, marker error: RMS = 0.00447523, max = 0.0132934 (R_Shank_Lateral)
[2026-08-11 00:48:29.279] [info] Frame 87 (t = 0.87):	 total squared error = 0.000509524, marker error: RMS = 0.00451453, max = 0.0133080 (R_Shank_Lateral)
[2026-08-11 00:48:29.308] [info] Frame 88 (t = 0.88):	 total squared error = 0.000512194, marker error: RMS = 0.00452634, max = 0.0130577 (R_Shank_Lateral)
[2026-08-11 00:48:29.337] [info] Frame 89 (t = 0.89):	 total squared error = 0.000510098, marker error: RMS = 0.00451707, max = 0.0127115 (R_Shank_Lateral)
[2026-08-11 00:48:29.369] [info] Frame 90 (t = 0.9):	 total squared error = 0.000498766, marker error: RMS = 0.00446661, max = 0.0122020 (R_Shank_Lateral)
[2026-08-11 00:48:29.391] [info] Frame 91 (t = 0.91):	 total squared error = 0.000489111, marker error: RMS = 0.00442317, max = 0.0117668 (R_Shank_Lateral)
[2026-08-11 00:48:29.427] [info] Frame 92 (t = 0.92):	 total squared error = 0.000434775, marker error: RMS = 0.00417025, max = 0.0107761 (R_Shank_Lateral)
[2026-08-11 00:48:29.446] [info] Frame 93 (t = 0.93):	 total squared error = 0.000403738, marker error: RMS = 0.00401864, max = 0.0100748 (R_Shank_Lateral)
[2026-08-11 00:48:29.489] [info] Frame 94 (t = 0.94):	 total squared error = 0.000321329, marker error: RMS = 0.00358513, max = 0.00823467 (R_Shank_Lateral)
[2026-08-11 00:48:29.515] [info] Frame 95 (t = 0.95):	 total squared error = 0.000272449, marker error: RMS = 0.00330121, max = 0.00681530 (L_Thigh_Lateral)
[2026-08-11 00:48:29.540] [info] Frame 96 (t = 0.96):	 total squared error = 0.000243949, marker error: RMS = 0.00312377, max = 0.00715877 (L_Thigh_Lateral)
[2026-08-11 00:48:29.579] [info] Frame 97 (t = 0.97):	 total squared error = 0.000247843, marker error: RMS = 0.00314860, max = 0.00739764 (L_Thigh_Lateral)
[2026-08-11 00:48:29.602] [info] Frame 98 (t = 0.98):	 total squared error = 0.000299972, marker error: RMS = 0.00346394, max = 0.00776046 (L_Thigh_Lateral)
[2026-08-11 00:48:29.637] [info] Frame 99 (t = 0.99):	 total squared error = 0.000367756, marker error: RMS = 0.00383540, max = 0.00793481 (L_Thigh_Lateral)
[2026-08-11 00:48:29.650] [info] Frame 100 (t = 1.0):	 total squared error = 0.000442688, marker error: RMS = 0.00420803, max = 0.00838569 (L_Thigh_Lateral)
[2026-08-11 00:48:29.673] [info] Frame 101 (t = 1.01):	 total squared error = 0.000478691, marker error: RMS = 0.00437580, max = 0.00842416 (L_Thigh_Lateral)
[2026-08-11 00:48:29.712] [info] Frame 102 (t = 1.02):	 total squared error = 0.000491966, marker error: RMS = 0.00443606, max = 0.00812570 (L_Thigh_Lateral)
[2026-08-11 00:48:29.732] [info] Frame 103 (t = 1.03):	 total squared error = 0.000484208, marker error: RMS = 0.00440095, max = 0.00804470 (L_Thigh_Lateral)
[2026-08-11 00:48:29.757] [info] Frame 104 (t = 1.04):	 total squared error = 0.000470952, marker error: RMS = 0.00434028, max = 0.00797826 (R_Asis)
[2026-08-11 00:48:29.782] [info] Frame 105 (t = 1.05):	 total squared error = 0.000454999, marker error: RMS = 0.00426614, max = 0.00794116 (R_Asis)
[2026-08-11 00:48:29.805] [info] Frame 106 (t = 1.06):	 total squared error = 0.000432832, marker error: RMS = 0.00416092, max = 0.00750668 (R_Asis)
[2026-08-11 00:48:29.827] [info] Frame 107 (t = 1.07):	 total squared error = 0.000398309, marker error: RMS = 0.00399154, max = 0.00690713 (R_Asis)
[2026-08-11 00:48:29.869] [info] Frame 108 (t = 1.08):	 total squared error = 0.000344329, marker error: RMS = 0.00371122, max = 0.00692014 (L_Ankle_Lateral)
[2026-08-11 00:48:29.888] [info] Frame 109 (t = 1.09):	 total squared error = 0.000292595, marker error: RMS = 0.00342108, max = 0.00699474 (L_Ankle_Lateral)
[2026-08-11 00:48:29.912] [info] Frame 110 (t = 1.1):	 total squared error = 0.000265442, marker error: RMS = 0.00325848, max = 0.00682726 (L_Ankle_Lateral)
[2026-08-11 00:48:29.947] [info] Frame 111 (t = 1.11):	 total squared error = 0.000262970, marker error: RMS = 0.00324327, max = 0.00648164 (L_Ankle_Lateral)
[2026-08-11 00:48:29.974] [info] Frame 112 (t = 1.12):	 total squared error = 0.000271235, marker error: RMS = 0.00329384, max = 0.00632201 (Thoracic)
[2026-08-11 00:48:30.008] [info] Frame 113 (t = 1.13):	 total squared error = 0.000278418, marker error: RMS = 0.00333717, max = 0.00645386 (Thoracic)
[2026-08-11 00:48:30.030] [info] Frame 114 (t = 1.14):	 total squared error = 0.000283390, marker error: RMS = 0.00336684, max = 0.00658258 (Thoracic)
[2026-08-11 00:48:30.057] [info] Frame 115 (t = 1.15):	 total squared error = 0.000287624, marker error: RMS = 0.00339190, max = 0.00668671 (Thoracic)
[2026-08-11 00:48:30.098] [info] Frame 116 (t = 1.16):	 total squared error = 0.000279106, marker error: RMS = 0.00334129, max = 0.00676524 (Thoracic)
[2026-08-11 00:48:30.124] [info] Frame 117 (t = 1.17):	 total squared error = 0.000282998, marker error: RMS = 0.00336451, max = 0.00685724 (Thoracic)
[2026-08-11 00:48:30.155] [info] Frame 118 (t = 1.18):	 total squared error = 0.000280789, marker error: RMS = 0.00335135, max = 0.00692573 (Thoracic)
[2026-08-11 00:48:30.177] [info] Frame 119 (t = 1.19):	 total squared error = 0.000286527, marker error: RMS = 0.00338542, max = 0.00694963 (Thoracic)
[2026-08-11 00:48:30.201] [info] Frame 120 (t = 1.2):	 total squared error = 0.000289884, marker error: RMS = 0.00340520, max = 0.00691665 (Thoracic)
[2026-08-11 00:48:30.216] [info] Frame 121 (t = 1.21):	 total squared error = 0.000306603, marker error: RMS = 0.00350202, max = 0.00696430 (Thoracic)
[2026-08-11 00:48:30.239] [info] Frame 122 (t = 1.22):	 total squared error = 0.000323504, marker error: RMS = 0.00359724, max = 0.00768201 (L_Shank_Lateral)
[2026-08-11 00:48:30.267] [info] Frame 123 (t = 1.23):	 total squared error = 0.000351572, marker error: RMS = 0.00375005, max = 0.00939675 (L_Shank_Lateral)
[2026-08-11 00:48:30.285] [info] Frame 124 (t = 1.24):	 total squared error = 0.000396350, marker error: RMS = 0.00398171, max = 0.0110983 (L_Shank_Lateral)
[2026-08-11 00:48:30.322] [info] Frame 125 (t = 1.25):	 total squared error = 0.000411708, marker error: RMS = 0.00405812, max = 0.0120522 (L_Shank_Lateral)
[2026-08-11 00:48:30.348] [info] Frame 126 (t = 1.26):	 total squared error = 0.000441441, marker error: RMS = 0.00420210, max = 0.0130455 (L_Shank_Lateral)
[2026-08-11 00:48:30.374] [info] Frame 127 (t = 1.27):	 total squared error = 0.000459353, marker error: RMS = 0.00428651, max = 0.0135572 (L_Shank_Lateral)
[2026-08-11 00:48:30.412] [info] Frame 128 (t = 1.28):	 total squared error = 0.000454977, marker error: RMS = 0.00426604, max = 0.0133646 (L_Shank_Lateral)
[2026-08-11 00:48:30.461] [info] Frame 129 (t = 1.29):	 total squared error = 0.000450608, marker error: RMS = 0.00424551, max = 0.0132498 (L_Shank_Lateral)
[2026-08-11 00:48:30.496] [info] Frame 130 (t = 1.3):	 total squared error = 0.000446716, marker error: RMS = 0.00422713, max = 0.0128553 (L_Shank_Lateral)
[2026-08-11 00:48:30.537] [info] Frame 131 (t = 1.31):	 total squared error = 0.000435233, marker error: RMS = 0.00417245, max = 0.0124122 (L_Shank_Lateral)
[2026-08-11 00:48:30.576] [info] Frame 132 (t = 1.32):	 total squared error = 0.000414913, marker error: RMS = 0.00407388, max = 0.0119193 (L_Shank_Lateral)
[2026-08-11 00:48:30.608] [info] Frame 133 (t = 1.33):	 total squared error = 0.000378086, marker error: RMS = 0.00388889, max = 0.0111191 (L_Shank_Lateral)
[2026-08-11 00:48:30.644] [info] Frame 134 (t = 1.34):	 total squared error = 0.000326372, marker error: RMS = 0.00361316, max = 0.00999208 (L_Shank_Lateral)
[2026-08-11 00:48:30.674] [info] Frame 135 (t = 1.35):	 total squared error = 0.000269814, marker error: RMS = 0.00328520, max = 0.00867774 (L_Shank_Lateral)
[2026-08-11 00:48:30.722] [info] Frame 136 (t = 1.36):	 total squared error = 0.000212572, marker error: RMS = 0.00291597, max = 0.00672939 (L_Shank_Lateral)
[2026-08-11 00:48:30.755] [info] Frame 137 (t = 1.37):	 total squared error = 0.000179136, marker error: RMS = 0.00267683, max = 0.00471456 (R_Thigh_Lateral)
[2026-08-11 00:48:30.807] [info] Frame 138 (t = 1.38):	 total squared error = 0.000174087, marker error: RMS = 0.00263884, max = 0.00510494 (R_Thigh_Lateral)
[2026-08-11 00:48:30.836] [info] Frame 139 (t = 1.39):	 total squared error = 0.000203338, marker error: RMS = 0.00285193, max = 0.00547920 (R_Thigh_Lateral)
[2026-08-11 00:48:30.860] [info] Frame 140 (t = 1.4):	 total squared error = 0.000260641, marker error: RMS = 0.00322887, max = 0.00610499 (L_Thigh_Lateral)
[2026-08-11 00:48:30.894] [info] Frame 141 (t = 1.41):	 total squared error = 0.000316374, marker error: RMS = 0.00355738, max = 0.00699973 (L_Thigh_Lateral)
[2026-08-11 00:48:30.905] [info] Frame 142 (t = 1.42):	 total squared error = 0.000380112, marker error: RMS = 0.00389929, max = 0.00728336 (L_Thigh_Lateral)
[2026-08-11 00:48:30.947] [info] Frame 143 (t = 1.43):	 total squared error = 0.000400573, marker error: RMS = 0.00400286, max = 0.00679216 (L_Thigh_Lateral)
[2026-08-11 00:48:30.969] [info] Frame 144 (t = 1.44):	 total squared error = 0.000417541, marker error: RMS = 0.00408676, max = 0.00701037 (R_Thigh_Lateral)
[2026-08-11 00:48:30.987] [info] Frame 145 (t = 1.45):	 total squared error = 0.000430443, marker error: RMS = 0.00414942, max = 0.00740433 (L_Asis)
[2026-08-11 00:48:31.015] [info] Frame 146 (t = 1.46):	 total squared error = 0.000413468, marker error: RMS = 0.00406678, max = 0.00742931 (L_Asis)
[2026-08-11 00:48:31.038] [info] Frame 147 (t = 1.47):	 total squared error = 0.000396707, marker error: RMS = 0.00398350, max = 0.00762445 (L_Asis)
[2026-08-11 00:48:31.067] [info] Frame 148 (t = 1.48):	 total squared error = 0.000361864, marker error: RMS = 0.00380455, max = 0.00716882 (L_Asis)
[2026-08-11 00:48:31.110] [info] Frame 149 (t = 1.49):	 total squared error = 0.000300919, marker error: RMS = 0.00346941, max = 0.00637818 (R_Asis)
[2026-08-11 00:48:31.135] [info] Frame 150 (t = 1.5):	 total squared error = 0.000256542, marker error: RMS = 0.00320338, max = 0.00555854 (R_Asis)
[2026-08-11 00:48:31.161] [info] Frame 151 (t = 1.51):	 total squared error = 0.000221757, marker error: RMS = 0.00297830, max = 0.00528528 (Sacral)
[2026-08-11 00:48:31.187] [info] Frame 152 (t = 1.52):	 total squared error = 0.000210482, marker error: RMS = 0.00290160, max = 0.00562336 (Sacral)
[2026-08-11 00:48:31.220] [info] Frame 153 (t = 1.53):	 total squared error = 0.000222334, marker error: RMS = 0.00298218, max = 0.00636899 (Sacral)
[2026-08-11 00:48:31.255] [info] Frame 154 (t = 1.54):	 total squared error = 0.000244081, marker error: RMS = 0.00312462, max = 0.00707880 (Sacral)
[2026-08-11 00:48:31.289] [info] Frame 155 (t = 1.55):	 total squared error = 0.000267201, marker error: RMS = 0.00326926, max = 0.00767557 (Sacral)
[2026-08-11 00:48:31.313] [info] Frame 156 (t = 1.56):	 total squared error = 0.000285249, marker error: RMS = 0.00337786, max = 0.00780823 (Sacral)
[2026-08-11 00:48:31.338] [info] Frame 157 (t = 1.57):	 total squared error = 0.000296392, marker error: RMS = 0.00344321, max = 0.00766280 (Sacral)
[2026-08-11 00:48:31.406] [info] Frame 158 (t = 1.58):	 total squared error = 0.000294412, marker error: RMS = 0.00343169, max = 0.00760183 (Sacral)
[2026-08-11 00:48:31.429] [info] Frame 159 (t = 1.59):	 total squared error = 0.000291984, marker error: RMS = 0.00341751, max = 0.00673017 (Sacral)
[2026-08-11 00:48:31.488] [info] Frame 160 (t = 1.6):	 total squared error = 0.000282694, marker error: RMS = 0.00336270, max = 0.00618850 (Sacral)
[2026-08-11 00:48:31.517] [info] Frame 161 (t = 1.61):	 total squared error = 0.000278860, marker error: RMS = 0.00333982, max = 0.00569934 (R_Thigh_Lateral)
[2026-08-11 00:48:31.543] [info] Frame 162 (t = 1.62):	 total squared error = 0.000286582, marker error: RMS = 0.00338575, max = 0.00631084 (R_Shank_Lateral)
[2026-08-11 00:48:31.566] [info] Frame 163 (t = 1.63):	 total squared error = 0.000309762, marker error: RMS = 0.00352001, max = 0.00743373 (R_Shank_Lateral)
[2026-08-11 00:48:31.582] [info] Frame 164 (t = 1.64):	 total squared error = 0.000364704, marker error: RMS = 0.00381944, max = 0.00911230 (R_Shank_Lateral)
[2026-08-11 00:48:31.626] [info] Frame 165 (t = 1.65):	 total squared error = 0.000354207, marker error: RMS = 0.00376408, max = 0.00992960 (R_Shank_Lateral)
[2026-08-11 00:48:31.664] [info] Frame 166 (t = 1.66):	 total squared error = 0.000390867, marker error: RMS = 0.00395407, max = 0.0114592 (R_Shank_Lateral)
[2026-08-11 00:48:31.697] [info] Frame 167 (t = 1.67):	 total squared error = 0.000422854, marker error: RMS = 0.00411268, max = 0.0125825 (R_Shank_Lateral)
[2026-08-11 00:48:31.744] [info] Frame 168 (t = 1.68):	 total squared error = 0.000442566, marker error: RMS = 0.00420745, max = 0.0132414 (R_Shank_Lateral)
[2026-08-11 00:48:31.798] [info] Frame 169 (t = 1.69):	 total squared error = 0.000449863, marker error: RMS = 0.00424199, max = 0.0135676 (R_Shank_Lateral)
[2026-08-11 00:48:31.834] [info] Frame 170 (t = 1.7):	 total squared error = 0.000447472, marker error: RMS = 0.00423071, max = 0.0136 (R_Shank_Lateral)
[2026-08-11 00:48:31.845] [info] InverseKinematicsTool completed 171 frames in 5 second(s).
[2026-08-11 00:48:31.898] [info] Loaded model SUBJ63-scaled from file C:\Users\migue\Downloads\TFG\2_JMP\SUBJ63\Walk_3\SUBJ63_3_JMP_results\SUBJ63_3_NMSM_JMP_07_upper_limb_final.osim
[2026-08-11 00:48:32.451] [warning] Coordinate.setValue:  coordinate pro_sup_r is locked. Unable to change its value.
[2026-08-11 00:48:32.490] [warning] Coordinate.setValue:  coordinate pro_sup_l is locked. Unable to change its value.
[2026-08-11 00:49:05.060] [info] Loaded model SUBJ63-scaled from file C:\Users\migue\Downloads\TFG\2_JMP\SUBJ63\Walk_3\SUBJ63_3_JMP_results\SUBJ63_3_NMSM_JMP_08_wrist_axis_FINAL.osim
[2026-08-11 00:49:05.078] [cout] [info] 
               MODEL: SUBJ63-scaled
         coordinates: 41
              forces: 103
           actuators: 103
             muscles: 86
            analyses: 0
              probes: 0
              bodies: 24
              joints: 24
         constraints: 2
             markers: 25
         controllers: 0
  contact geometries: 0
misc modelcomponents: 0
[2026-08-11 00:49:05.078] [info] Running tool .
[2026-08-11 00:49:05.213] [info] Frame 0 (t = 0.0):	 total squared error = 0.000586507, marker error: RMS = 0.00484358, max = 0.0142906 (R_Shank_Lateral)
[2026-08-11 00:49:05.264] [info] Frame 1 (t = 0.01):	 total squared error = 0.000567001, marker error: RMS = 0.00476235, max = 0.0138585 (R_Shank_Lateral)
[2026-08-11 00:49:05.311] [info] Frame 2 (t = 0.02):	 total squared error = 0.000537784, marker error: RMS = 0.00463804, max = 0.0133081 (R_Shank_Lateral)
[2026-08-11 00:49:05.337] [info] Frame 3 (t = 0.03):	 total squared error = 0.000515973, marker error: RMS = 0.00454301, max = 0.0127451 (R_Shank_Lateral)
[2026-08-11 00:49:05.375] [info] Frame 4 (t = 0.04):	 total squared error = 0.000473643, marker error: RMS = 0.00435267, max = 0.0119578 (R_Shank_Lateral)
[2026-08-11 00:49:05.393] [info] Frame 5 (t = 0.05):	 total squared error = 0.000468553, marker error: RMS = 0.00432922, max = 0.0114589 (R_Shank_Lateral)
[2026-08-11 00:49:05.427] [info] Frame 6 (t = 0.06):	 total squared error = 0.000407469, marker error: RMS = 0.00403717, max = 0.0105758 (R_Shank_Lateral)
[2026-08-11 00:49:05.450] [info] Frame 7 (t = 0.07):	 total squared error = 0.000382791, marker error: RMS = 0.00391301, max = 0.0100995 (R_Shank_Lateral)
[2026-08-11 00:49:05.491] [info] Frame 8 (t = 0.08):	 total squared error = 0.000323105, marker error: RMS = 0.00359502, max = 0.00859510 (R_Shank_Lateral)
[2026-08-11 00:49:05.534] [info] Frame 9 (t = 0.09):	 total squared error = 0.000278330, marker error: RMS = 0.00333664, max = 0.00703241 (R_Shank_Lateral)
[2026-08-11 00:49:05.563] [info] Frame 10 (t = 0.1):	 total squared error = 0.000256324, marker error: RMS = 0.00320202, max = 0.00611452 (L_Thigh_Lateral)
[2026-08-11 00:49:05.603] [info] Frame 11 (t = 0.11):	 total squared error = 0.000245315, marker error: RMS = 0.00313250, max = 0.00606651 (L_Thigh_Lateral)
[2026-08-11 00:49:05.632] [info] Frame 12 (t = 0.12):	 total squared error = 0.000294311, marker error: RMS = 0.00343110, max = 0.00650917 (L_Thigh_Lateral)
[2026-08-11 00:49:05.668] [info] Frame 13 (t = 0.13):	 total squared error = 0.000392905, marker error: RMS = 0.00396436, max = 0.00728749 (R_Thigh_Lateral)
[2026-08-11 00:49:05.683] [info] Frame 14 (t = 0.14):	 total squared error = 0.000533115, marker error: RMS = 0.00461786, max = 0.0102258 (R_Thigh_Lateral)
[2026-08-11 00:49:05.703] [info] Frame 15 (t = 0.15):	 total squared error = 0.000654809, marker error: RMS = 0.00511785, max = 0.0118851 (R_Thigh_Lateral)
[2026-08-11 00:49:05.728] [info] Frame 16 (t = 0.16):	 total squared error = 0.000749328, marker error: RMS = 0.00547477, max = 0.0127811 (R_Thigh_Lateral)
[2026-08-11 00:49:05.756] [info] Frame 17 (t = 0.17):	 total squared error = 0.000784984, marker error: RMS = 0.00560351, max = 0.0124359 (R_Thigh_Lateral)
[2026-08-11 00:49:05.778] [info] Frame 18 (t = 0.18):	 total squared error = 0.000765174, marker error: RMS = 0.00553236, max = 0.0108374 (R_Thigh_Lateral)
[2026-08-11 00:49:05.799] [info] Frame 19 (t = 0.19):	 total squared error = 0.000709061, marker error: RMS = 0.00532564, max = 0.00936196 (Sacral)
[2026-08-11 00:49:05.824] [info] Frame 20 (t = 0.2):	 total squared error = 0.000643635, marker error: RMS = 0.00507399, max = 0.00917718 (Sacral)
[2026-08-11 00:49:05.846] [info] Frame 21 (t = 0.21):	 total squared error = 0.000586280, marker error: RMS = 0.00484264, max = 0.00889597 (Sacral)
[2026-08-11 00:49:05.866] [info] Frame 22 (t = 0.22):	 total squared error = 0.000531623, marker error: RMS = 0.00461139, max = 0.00861444 (Sacral)
[2026-08-11 00:49:05.897] [info] Frame 23 (t = 0.23):	 total squared error = 0.000465771, marker error: RMS = 0.00431635, max = 0.00833430 (Sacral)
[2026-08-11 00:49:05.937] [info] Frame 24 (t = 0.24):	 total squared error = 0.000387263, marker error: RMS = 0.00393580, max = 0.00809222 (Sacral)
[2026-08-11 00:49:05.959] [info] Frame 25 (t = 0.25):	 total squared error = 0.000326517, marker error: RMS = 0.00361395, max = 0.00778881 (Sacral)
[2026-08-11 00:49:05.984] [info] Frame 26 (t = 0.26):	 total squared error = 0.000292653, marker error: RMS = 0.00342142, max = 0.00743043 (Sacral)
[2026-08-11 00:49:06.013] [info] Frame 27 (t = 0.27):	 total squared error = 0.000279837, marker error: RMS = 0.00334567, max = 0.00720702 (Sacral)
[2026-08-11 00:49:06.039] [info] Frame 28 (t = 0.28):	 total squared error = 0.000272761, marker error: RMS = 0.00330310, max = 0.00741463 (Sacral)
[2026-08-11 00:49:06.062] [info] Frame 29 (t = 0.29):	 total squared error = 0.000264105, marker error: RMS = 0.00325026, max = 0.00730876 (Sacral)
[2026-08-11 00:49:06.097] [info] Frame 30 (t = 0.3):	 total squared error = 0.000251250, marker error: RMS = 0.00317017, max = 0.00724064 (Sacral)
[2026-08-11 00:49:06.143] [info] Frame 31 (t = 0.31):	 total squared error = 0.000235874, marker error: RMS = 0.00307164, max = 0.00669211 (L_Asis)
[2026-08-11 00:49:06.170] [info] Frame 32 (t = 0.32):	 total squared error = 0.000228378, marker error: RMS = 0.00302244, max = 0.00630140 (L_Asis)
[2026-08-11 00:49:06.218] [info] Frame 33 (t = 0.33):	 total squared error = 0.000207387, marker error: RMS = 0.00288019, max = 0.00607873 (L_Asis)
[2026-08-11 00:49:06.240] [info] Frame 34 (t = 0.34):	 total squared error = 0.000202007, marker error: RMS = 0.00284258, max = 0.00612640 (L_Thigh_Lateral)
[2026-08-11 00:49:06.262] [info] Frame 35 (t = 0.35):	 total squared error = 0.000200038, marker error: RMS = 0.00282869, max = 0.00611253 (L_Thigh_Lateral)
[2026-08-11 00:49:06.280] [info] Frame 36 (t = 0.36):	 total squared error = 0.000206357, marker error: RMS = 0.00287303, max = 0.00607649 (L_Thigh_Lateral)
[2026-08-11 00:49:06.330] [info] Frame 37 (t = 0.37):	 total squared error = 0.000214965, marker error: RMS = 0.00293234, max = 0.00605406 (L_Thigh_Lateral)
[2026-08-11 00:49:06.364] [info] Frame 38 (t = 0.38):	 total squared error = 0.000240344, marker error: RMS = 0.00310061, max = 0.00762468 (L_Shank_Lateral)
[2026-08-11 00:49:06.406] [info] Frame 39 (t = 0.39):	 total squared error = 0.000272379, marker error: RMS = 0.00330078, max = 0.00925276 (L_Shank_Lateral)
[2026-08-11 00:49:06.432] [info] Frame 40 (t = 0.4):	 total squared error = 0.000310121, marker error: RMS = 0.00352205, max = 0.0108358 (L_Shank_Lateral)
[2026-08-11 00:49:06.465] [info] Frame 41 (t = 0.41):	 total squared error = 0.000339377, marker error: RMS = 0.00368444, max = 0.0118586 (L_Shank_Lateral)
[2026-08-11 00:49:06.511] [info] Frame 42 (t = 0.42):	 total squared error = 0.000361100, marker error: RMS = 0.00380053, max = 0.0125539 (L_Shank_Lateral)
[2026-08-11 00:49:06.549] [info] Frame 43 (t = 0.43):	 total squared error = 0.000375134, marker error: RMS = 0.00387368, max = 0.0128838 (L_Shank_Lateral)
[2026-08-11 00:49:06.586] [info] Frame 44 (t = 0.44):	 total squared error = 0.000382537, marker error: RMS = 0.00391171, max = 0.0128917 (L_Shank_Lateral)
[2026-08-11 00:49:06.622] [info] Frame 45 (t = 0.45):	 total squared error = 0.000384716, marker error: RMS = 0.00392283, max = 0.0125845 (L_Shank_Lateral)
[2026-08-11 00:49:06.643] [info] Frame 46 (t = 0.46):	 total squared error = 0.000402619, marker error: RMS = 0.00401307, max = 0.0123188 (L_Shank_Lateral)
[2026-08-11 00:49:06.680] [info] Frame 47 (t = 0.47):	 total squared error = 0.000380848, marker error: RMS = 0.00390307, max = 0.0117064 (L_Shank_Lateral)
[2026-08-11 00:49:06.711] [info] Frame 48 (t = 0.48):	 total squared error = 0.000370422, marker error: RMS = 0.00384927, max = 0.0111518 (L_Shank_Lateral)
[2026-08-11 00:49:06.762] [info] Frame 49 (t = 0.49):	 total squared error = 0.000343365, marker error: RMS = 0.00370602, max = 0.0104089 (L_Shank_Lateral)
[2026-08-11 00:49:06.799] [info] Frame 50 (t = 0.5):	 total squared error = 0.000310177, marker error: RMS = 0.00352237, max = 0.00936587 (L_Shank_Lateral)
[2026-08-11 00:49:06.838] [info] Frame 51 (t = 0.51):	 total squared error = 0.000273004, marker error: RMS = 0.00330456, max = 0.00800204 (L_Shank_Lateral)
[2026-08-11 00:49:06.882] [info] Frame 52 (t = 0.52):	 total squared error = 0.000243313, marker error: RMS = 0.00311970, max = 0.00625471 (L_Shank_Lateral)
[2026-08-11 00:49:06.920] [info] Frame 53 (t = 0.53):	 total squared error = 0.000235429, marker error: RMS = 0.00306874, max = 0.00588863 (R_Thigh_Lateral)
[2026-08-11 00:49:06.943] [info] Frame 54 (t = 0.54):	 total squared error = 0.000265024, marker error: RMS = 0.00325591, max = 0.00635690 (R_Thigh_Lateral)
[2026-08-11 00:49:06.980] [info] Frame 55 (t = 0.55):	 total squared error = 0.000320460, marker error: RMS = 0.00358028, max = 0.00656526 (R_Thigh_Lateral)
[2026-08-11 00:49:07.005] [info] Frame 56 (t = 0.56):	 total squared error = 0.000405992, marker error: RMS = 0.00402985, max = 0.00710321 (R_Thigh_Lateral)
[2026-08-11 00:49:07.042] [info] Frame 57 (t = 0.57):	 total squared error = 0.000494314, marker error: RMS = 0.00444663, max = 0.00754640 (Sternum)
[2026-08-11 00:49:07.056] [info] Frame 58 (t = 0.58):	 total squared error = 0.000577751, marker error: RMS = 0.00480729, max = 0.00840185 (Sternum)
[2026-08-11 00:49:07.093] [info] Frame 59 (t = 0.59):	 total squared error = 0.000622884, marker error: RMS = 0.00499153, max = 0.00913178 (Sternum)
[2026-08-11 00:49:07.118] [info] Frame 60 (t = 0.6):	 total squared error = 0.000653481, marker error: RMS = 0.00511266, max = 0.00960719 (Sternum)
[2026-08-11 00:49:07.157] [info] Frame 61 (t = 0.61):	 total squared error = 0.000647955, marker error: RMS = 0.00509099, max = 0.00969831 (Sternum)
[2026-08-11 00:49:07.175] [info] Frame 62 (t = 0.62):	 total squared error = 0.000629240, marker error: RMS = 0.00501693, max = 0.00956145 (Sternum)
[2026-08-11 00:49:07.214] [info] Frame 63 (t = 0.63):	 total squared error = 0.000578012, marker error: RMS = 0.00480838, max = 0.00926987 (Sternum)
[2026-08-11 00:49:07.242] [info] Frame 64 (t = 0.64):	 total squared error = 0.000523825, marker error: RMS = 0.00457744, max = 0.00856279 (Sternum)
[2026-08-11 00:49:07.263] [info] Frame 65 (t = 0.65):	 total squared error = 0.000460684, marker error: RMS = 0.00429271, max = 0.00783648 (R_Asis)
[2026-08-11 00:49:07.284] [info] Frame 66 (t = 0.66):	 total squared error = 0.000393061, marker error: RMS = 0.00396515, max = 0.00707087 (R_Asis)
[2026-08-11 00:49:07.331] [info] Frame 67 (t = 0.67):	 total squared error = 0.000296725, marker error: RMS = 0.00344514, max = 0.00610464 (R_Asis)
[2026-08-11 00:49:07.358] [info] Frame 68 (t = 0.68):	 total squared error = 0.000255439, marker error: RMS = 0.00319649, max = 0.00538045 (R_Ankle_Lateral)
[2026-08-11 00:49:07.382] [info] Frame 69 (t = 0.69):	 total squared error = 0.000238273, marker error: RMS = 0.00308722, max = 0.00511278 (R_Ankle_Lateral)
[2026-08-11 00:49:07.409] [info] Frame 70 (t = 0.7):	 total squared error = 0.000233716, marker error: RMS = 0.00305755, max = 0.00464755 (Sacral)
[2026-08-11 00:49:07.460] [info] Frame 71 (t = 0.71):	 total squared error = 0.000225750, marker error: RMS = 0.00300499, max = 0.00508883 (Sacral)
[2026-08-11 00:49:07.486] [info] Frame 72 (t = 0.72):	 total squared error = 0.000228644, marker error: RMS = 0.00302420, max = 0.00503716 (Sacral)
[2026-08-11 00:49:07.524] [info] Frame 73 (t = 0.73):	 total squared error = 0.000228257, marker error: RMS = 0.00302164, max = 0.00525881 (Sacral)
[2026-08-11 00:49:07.556] [info] Frame 74 (t = 0.74):	 total squared error = 0.000229410, marker error: RMS = 0.00302926, max = 0.00537084 (L_Asis)
[2026-08-11 00:49:07.580] [info] Frame 75 (t = 0.75):	 total squared error = 0.000235284, marker error: RMS = 0.00306779, max = 0.00583951 (L_Asis)
[2026-08-11 00:49:07.608] [info] Frame 76 (t = 0.76):	 total squared error = 0.000241198, marker error: RMS = 0.00310611, max = 0.00596452 (L_Asis)
[2026-08-11 00:49:07.652] [info] Frame 77 (t = 0.77):	 total squared error = 0.000242519, marker error: RMS = 0.00311460, max = 0.00628616 (L_Asis)
[2026-08-11 00:49:07.700] [info] Frame 78 (t = 0.78):	 total squared error = 0.000258956, marker error: RMS = 0.00321842, max = 0.00639394 (L_Asis)
[2026-08-11 00:49:07.724] [info] Frame 79 (t = 0.79):	 total squared error = 0.000283738, marker error: RMS = 0.00336890, max = 0.00598785 (L_Asis)
[2026-08-11 00:49:07.767] [info] Frame 80 (t = 0.8):	 total squared error = 0.000311867, marker error: RMS = 0.00353195, max = 0.00699161 (R_Shank_Lateral)
[2026-08-11 00:49:07.792] [info] Frame 81 (t = 0.81):	 total squared error = 0.000351642, marker error: RMS = 0.00375043, max = 0.00875172 (R_Shank_Lateral)
[2026-08-11 00:49:07.811] [info] Frame 82 (t = 0.82):	 total squared error = 0.000412143, marker error: RMS = 0.00406026, max = 0.0107126 (R_Shank_Lateral)
[2026-08-11 00:49:07.856] [info] Frame 83 (t = 0.83):	 total squared error = 0.000426624, marker error: RMS = 0.00413098, max = 0.011171 (R_Shank_Lateral)
[2026-08-11 00:49:07.887] [info] Frame 84 (t = 0.84):	 total squared error = 0.000464931, marker error: RMS = 0.00431245, max = 0.0126258 (R_Shank_Lateral)
[2026-08-11 00:49:07.923] [info] Frame 85 (t = 0.85):	 total squared error = 0.000484935, marker error: RMS = 0.00440425, max = 0.0129882 (R_Shank_Lateral)
[2026-08-11 00:49:07.958] [info] Frame 86 (t = 0.86):	 total squared error = 0.000500693, marker error: RMS = 0.00447523, max = 0.0132934 (R_Shank_Lateral)
[2026-08-11 00:49:07.989] [info] Frame 87 (t = 0.87):	 total squared error = 0.000509524, marker error: RMS = 0.00451453, max = 0.0133080 (R_Shank_Lateral)
[2026-08-11 00:49:08.019] [info] Frame 88 (t = 0.88):	 total squared error = 0.000512194, marker error: RMS = 0.00452634, max = 0.0130577 (R_Shank_Lateral)
[2026-08-11 00:49:08.048] [info] Frame 89 (t = 0.89):	 total squared error = 0.000510098, marker error: RMS = 0.00451707, max = 0.0127115 (R_Shank_Lateral)
[2026-08-11 00:49:08.080] [info] Frame 90 (t = 0.9):	 total squared error = 0.000498766, marker error: RMS = 0.00446661, max = 0.0122020 (R_Shank_Lateral)
[2026-08-11 00:49:08.103] [info] Frame 91 (t = 0.91):	 total squared error = 0.000489111, marker error: RMS = 0.00442317, max = 0.0117668 (R_Shank_Lateral)
[2026-08-11 00:49:08.139] [info] Frame 92 (t = 0.92):	 total squared error = 0.000434775, marker error: RMS = 0.00417025, max = 0.0107761 (R_Shank_Lateral)
[2026-08-11 00:49:08.158] [info] Frame 93 (t = 0.93):	 total squared error = 0.000403738, marker error: RMS = 0.00401864, max = 0.0100748 (R_Shank_Lateral)
[2026-08-11 00:49:08.200] [info] Frame 94 (t = 0.94):	 total squared error = 0.000321329, marker error: RMS = 0.00358513, max = 0.00823467 (R_Shank_Lateral)
[2026-08-11 00:49:08.226] [info] Frame 95 (t = 0.95):	 total squared error = 0.000272449, marker error: RMS = 0.00330121, max = 0.00681530 (L_Thigh_Lateral)
[2026-08-11 00:49:08.251] [info] Frame 96 (t = 0.96):	 total squared error = 0.000243949, marker error: RMS = 0.00312377, max = 0.00715877 (L_Thigh_Lateral)
[2026-08-11 00:49:08.288] [info] Frame 97 (t = 0.97):	 total squared error = 0.000247843, marker error: RMS = 0.00314860, max = 0.00739764 (L_Thigh_Lateral)
[2026-08-11 00:49:08.311] [info] Frame 98 (t = 0.98):	 total squared error = 0.000299972, marker error: RMS = 0.00346394, max = 0.00776046 (L_Thigh_Lateral)
[2026-08-11 00:49:08.347] [info] Frame 99 (t = 0.99):	 total squared error = 0.000367756, marker error: RMS = 0.00383540, max = 0.00793481 (L_Thigh_Lateral)
[2026-08-11 00:49:08.360] [info] Frame 100 (t = 1.0):	 total squared error = 0.000442688, marker error: RMS = 0.00420803, max = 0.00838569 (L_Thigh_Lateral)
[2026-08-11 00:49:08.382] [info] Frame 101 (t = 1.01):	 total squared error = 0.000478691, marker error: RMS = 0.00437580, max = 0.00842416 (L_Thigh_Lateral)
[2026-08-11 00:49:08.423] [info] Frame 102 (t = 1.02):	 total squared error = 0.000491966, marker error: RMS = 0.00443606, max = 0.00812570 (L_Thigh_Lateral)
[2026-08-11 00:49:08.442] [info] Frame 103 (t = 1.03):	 total squared error = 0.000484208, marker error: RMS = 0.00440095, max = 0.00804470 (L_Thigh_Lateral)
[2026-08-11 00:49:08.467] [info] Frame 104 (t = 1.04):	 total squared error = 0.000470952, marker error: RMS = 0.00434028, max = 0.00797826 (R_Asis)
[2026-08-11 00:49:08.489] [info] Frame 105 (t = 1.05):	 total squared error = 0.000454999, marker error: RMS = 0.00426614, max = 0.00794116 (R_Asis)
[2026-08-11 00:49:08.513] [info] Frame 106 (t = 1.06):	 total squared error = 0.000432832, marker error: RMS = 0.00416092, max = 0.00750668 (R_Asis)
[2026-08-11 00:49:08.535] [info] Frame 107 (t = 1.07):	 total squared error = 0.000398309, marker error: RMS = 0.00399154, max = 0.00690713 (R_Asis)
[2026-08-11 00:49:08.577] [info] Frame 108 (t = 1.08):	 total squared error = 0.000344329, marker error: RMS = 0.00371122, max = 0.00692014 (L_Ankle_Lateral)
[2026-08-11 00:49:08.597] [info] Frame 109 (t = 1.09):	 total squared error = 0.000292595, marker error: RMS = 0.00342108, max = 0.00699474 (L_Ankle_Lateral)
[2026-08-11 00:49:08.619] [info] Frame 110 (t = 1.1):	 total squared error = 0.000265442, marker error: RMS = 0.00325848, max = 0.00682726 (L_Ankle_Lateral)
[2026-08-11 00:49:08.653] [info] Frame 111 (t = 1.11):	 total squared error = 0.000262970, marker error: RMS = 0.00324327, max = 0.00648164 (L_Ankle_Lateral)
[2026-08-11 00:49:08.680] [info] Frame 112 (t = 1.12):	 total squared error = 0.000271235, marker error: RMS = 0.00329384, max = 0.00632201 (Thoracic)
[2026-08-11 00:49:08.713] [info] Frame 113 (t = 1.13):	 total squared error = 0.000278418, marker error: RMS = 0.00333717, max = 0.00645386 (Thoracic)
[2026-08-11 00:49:08.734] [info] Frame 114 (t = 1.14):	 total squared error = 0.000283390, marker error: RMS = 0.00336684, max = 0.00658258 (Thoracic)
[2026-08-11 00:49:08.761] [info] Frame 115 (t = 1.15):	 total squared error = 0.000287624, marker error: RMS = 0.00339190, max = 0.00668671 (Thoracic)
[2026-08-11 00:49:08.802] [info] Frame 116 (t = 1.16):	 total squared error = 0.000279106, marker error: RMS = 0.00334129, max = 0.00676524 (Thoracic)
[2026-08-11 00:49:08.828] [info] Frame 117 (t = 1.17):	 total squared error = 0.000282998, marker error: RMS = 0.00336451, max = 0.00685724 (Thoracic)
[2026-08-11 00:49:08.857] [info] Frame 118 (t = 1.18):	 total squared error = 0.000280789, marker error: RMS = 0.00335135, max = 0.00692573 (Thoracic)
[2026-08-11 00:49:08.878] [info] Frame 119 (t = 1.19):	 total squared error = 0.000286527, marker error: RMS = 0.00338542, max = 0.00694963 (Thoracic)
[2026-08-11 00:49:08.901] [info] Frame 120 (t = 1.2):	 total squared error = 0.000289884, marker error: RMS = 0.00340520, max = 0.00691665 (Thoracic)
[2026-08-11 00:49:08.919] [info] Frame 121 (t = 1.21):	 total squared error = 0.000306603, marker error: RMS = 0.00350202, max = 0.00696430 (Thoracic)
[2026-08-11 00:49:08.943] [info] Frame 122 (t = 1.22):	 total squared error = 0.000323504, marker error: RMS = 0.00359724, max = 0.00768201 (L_Shank_Lateral)
[2026-08-11 00:49:08.969] [info] Frame 123 (t = 1.23):	 total squared error = 0.000351572, marker error: RMS = 0.00375005, max = 0.00939675 (L_Shank_Lateral)
[2026-08-11 00:49:08.986] [info] Frame 124 (t = 1.24):	 total squared error = 0.000396350, marker error: RMS = 0.00398171, max = 0.0110983 (L_Shank_Lateral)
[2026-08-11 00:49:09.024] [info] Frame 125 (t = 1.25):	 total squared error = 0.000411708, marker error: RMS = 0.00405812, max = 0.0120522 (L_Shank_Lateral)
[2026-08-11 00:49:09.050] [info] Frame 126 (t = 1.26):	 total squared error = 0.000441441, marker error: RMS = 0.00420210, max = 0.0130455 (L_Shank_Lateral)
[2026-08-11 00:49:09.076] [info] Frame 127 (t = 1.27):	 total squared error = 0.000459353, marker error: RMS = 0.00428651, max = 0.0135572 (L_Shank_Lateral)
[2026-08-11 00:49:09.114] [info] Frame 128 (t = 1.28):	 total squared error = 0.000454977, marker error: RMS = 0.00426604, max = 0.0133646 (L_Shank_Lateral)
[2026-08-11 00:49:09.164] [info] Frame 129 (t = 1.29):	 total squared error = 0.000450608, marker error: RMS = 0.00424551, max = 0.0132498 (L_Shank_Lateral)
[2026-08-11 00:49:09.199] [info] Frame 130 (t = 1.3):	 total squared error = 0.000446716, marker error: RMS = 0.00422713, max = 0.0128553 (L_Shank_Lateral)
[2026-08-11 00:49:09.240] [info] Frame 131 (t = 1.31):	 total squared error = 0.000435233, marker error: RMS = 0.00417245, max = 0.0124122 (L_Shank_Lateral)
[2026-08-11 00:49:09.279] [info] Frame 132 (t = 1.32):	 total squared error = 0.000414913, marker error: RMS = 0.00407388, max = 0.0119193 (L_Shank_Lateral)
[2026-08-11 00:49:09.311] [info] Frame 133 (t = 1.33):	 total squared error = 0.000378086, marker error: RMS = 0.00388889, max = 0.0111191 (L_Shank_Lateral)
[2026-08-11 00:49:09.347] [info] Frame 134 (t = 1.34):	 total squared error = 0.000326372, marker error: RMS = 0.00361316, max = 0.00999208 (L_Shank_Lateral)
[2026-08-11 00:49:09.377] [info] Frame 135 (t = 1.35):	 total squared error = 0.000269814, marker error: RMS = 0.00328520, max = 0.00867774 (L_Shank_Lateral)
[2026-08-11 00:49:09.425] [info] Frame 136 (t = 1.36):	 total squared error = 0.000212572, marker error: RMS = 0.00291597, max = 0.00672939 (L_Shank_Lateral)
[2026-08-11 00:49:09.458] [info] Frame 137 (t = 1.37):	 total squared error = 0.000179136, marker error: RMS = 0.00267683, max = 0.00471456 (R_Thigh_Lateral)
[2026-08-11 00:49:09.510] [info] Frame 138 (t = 1.38):	 total squared error = 0.000174087, marker error: RMS = 0.00263884, max = 0.00510494 (R_Thigh_Lateral)
[2026-08-11 00:49:09.538] [info] Frame 139 (t = 1.39):	 total squared error = 0.000203338, marker error: RMS = 0.00285193, max = 0.00547920 (R_Thigh_Lateral)
[2026-08-11 00:49:09.561] [info] Frame 140 (t = 1.4):	 total squared error = 0.000260641, marker error: RMS = 0.00322887, max = 0.00610499 (L_Thigh_Lateral)
[2026-08-11 00:49:09.595] [info] Frame 141 (t = 1.41):	 total squared error = 0.000316374, marker error: RMS = 0.00355738, max = 0.00699973 (L_Thigh_Lateral)
[2026-08-11 00:49:09.607] [info] Frame 142 (t = 1.42):	 total squared error = 0.000380112, marker error: RMS = 0.00389929, max = 0.00728336 (L_Thigh_Lateral)
[2026-08-11 00:49:09.649] [info] Frame 143 (t = 1.43):	 total squared error = 0.000400573, marker error: RMS = 0.00400286, max = 0.00679216 (L_Thigh_Lateral)
[2026-08-11 00:49:09.671] [info] Frame 144 (t = 1.44):	 total squared error = 0.000417541, marker error: RMS = 0.00408676, max = 0.00701037 (R_Thigh_Lateral)
[2026-08-11 00:49:09.688] [info] Frame 145 (t = 1.45):	 total squared error = 0.000430443, marker error: RMS = 0.00414942, max = 0.00740433 (L_Asis)
[2026-08-11 00:49:09.716] [info] Frame 146 (t = 1.46):	 total squared error = 0.000413468, marker error: RMS = 0.00406678, max = 0.00742931 (L_Asis)
[2026-08-11 00:49:09.739] [info] Frame 147 (t = 1.47):	 total squared error = 0.000396707, marker error: RMS = 0.00398350, max = 0.00762445 (L_Asis)
[2026-08-11 00:49:09.767] [info] Frame 148 (t = 1.48):	 total squared error = 0.000361864, marker error: RMS = 0.00380455, max = 0.00716882 (L_Asis)
[2026-08-11 00:49:09.810] [info] Frame 149 (t = 1.49):	 total squared error = 0.000300919, marker error: RMS = 0.00346941, max = 0.00637818 (R_Asis)
[2026-08-11 00:49:09.835] [info] Frame 150 (t = 1.5):	 total squared error = 0.000256542, marker error: RMS = 0.00320338, max = 0.00555854 (R_Asis)
[2026-08-11 00:49:09.863] [info] Frame 151 (t = 1.51):	 total squared error = 0.000221757, marker error: RMS = 0.00297830, max = 0.00528528 (Sacral)
[2026-08-11 00:49:09.888] [info] Frame 152 (t = 1.52):	 total squared error = 0.000210482, marker error: RMS = 0.00290160, max = 0.00562336 (Sacral)
[2026-08-11 00:49:09.922] [info] Frame 153 (t = 1.53):	 total squared error = 0.000222334, marker error: RMS = 0.00298218, max = 0.00636899 (Sacral)
[2026-08-11 00:49:09.958] [info] Frame 154 (t = 1.54):	 total squared error = 0.000244081, marker error: RMS = 0.00312462, max = 0.00707880 (Sacral)
[2026-08-11 00:49:09.991] [info] Frame 155 (t = 1.55):	 total squared error = 0.000267201, marker error: RMS = 0.00326926, max = 0.00767557 (Sacral)
[2026-08-11 00:49:10.016] [info] Frame 156 (t = 1.56):	 total squared error = 0.000285249, marker error: RMS = 0.00337786, max = 0.00780823 (Sacral)
[2026-08-11 00:49:10.040] [info] Frame 157 (t = 1.57):	 total squared error = 0.000296392, marker error: RMS = 0.00344321, max = 0.00766280 (Sacral)
[2026-08-11 00:49:10.109] [info] Frame 158 (t = 1.58):	 total squared error = 0.000294412, marker error: RMS = 0.00343169, max = 0.00760183 (Sacral)
[2026-08-11 00:49:10.133] [info] Frame 159 (t = 1.59):	 total squared error = 0.000291984, marker error: RMS = 0.00341751, max = 0.00673017 (Sacral)
[2026-08-11 00:49:10.194] [info] Frame 160 (t = 1.6):	 total squared error = 0.000282694, marker error: RMS = 0.00336270, max = 0.00618850 (Sacral)
[2026-08-11 00:49:10.223] [info] Frame 161 (t = 1.61):	 total squared error = 0.000278860, marker error: RMS = 0.00333982, max = 0.00569934 (R_Thigh_Lateral)
[2026-08-11 00:49:10.248] [info] Frame 162 (t = 1.62):	 total squared error = 0.000286582, marker error: RMS = 0.00338575, max = 0.00631084 (R_Shank_Lateral)
[2026-08-11 00:49:10.273] [info] Frame 163 (t = 1.63):	 total squared error = 0.000309762, marker error: RMS = 0.00352001, max = 0.00743373 (R_Shank_Lateral)
[2026-08-11 00:49:10.289] [info] Frame 164 (t = 1.64):	 total squared error = 0.000364704, marker error: RMS = 0.00381944, max = 0.00911230 (R_Shank_Lateral)
[2026-08-11 00:49:10.335] [info] Frame 165 (t = 1.65):	 total squared error = 0.000354207, marker error: RMS = 0.00376408, max = 0.00992960 (R_Shank_Lateral)
[2026-08-11 00:49:10.373] [info] Frame 166 (t = 1.66):	 total squared error = 0.000390867, marker error: RMS = 0.00395407, max = 0.0114592 (R_Shank_Lateral)
[2026-08-11 00:49:10.407] [info] Frame 167 (t = 1.67):	 total squared error = 0.000422854, marker error: RMS = 0.00411268, max = 0.0125825 (R_Shank_Lateral)
[2026-08-11 00:49:10.454] [info] Frame 168 (t = 1.68):	 total squared error = 0.000442566, marker error: RMS = 0.00420745, max = 0.0132414 (R_Shank_Lateral)
[2026-08-11 00:49:10.509] [info] Frame 169 (t = 1.69):	 total squared error = 0.000449863, marker error: RMS = 0.00424199, max = 0.0135676 (R_Shank_Lateral)
[2026-08-11 00:49:10.546] [info] Frame 170 (t = 1.7):	 total squared error = 0.000447472, marker error: RMS = 0.00423071, max = 0.0136 (R_Shank_Lateral)
[2026-08-11 00:49:10.551] [info] InverseKinematicsTool completed 171 frames in 5 second(s).
[2026-08-11 00:49:10.602] [info] Loaded model SUBJ63-scaled from file C:\Users\migue\Downloads\TFG\2_JMP\SUBJ63\Walk_3\SUBJ63_3_JMP_results\SUBJ63_3_NMSM_JMP_08_wrist_axis_FINAL.osim
[2026-08-11 00:49:11.160] [warning] Coordinate.setValue:  coordinate pro_sup_r is locked. Unable to change its value.
[2026-08-11 00:49:11.201] [warning] Coordinate.setValue:  coordinate pro_sup_l is locked. Unable to change its value.
[2026-08-11 00:51:46.100] [info] Loaded model SUBJ63-scaled from file C:\Users\migue\Downloads\TFG\2_JMP\SUBJ63\Walk_3\SUBJ63_scaled.osim
[2026-08-11 00:51:46.138] [cout] [info] 
               MODEL: SUBJ63-scaled
         coordinates: 41
              forces: 103
           actuators: 103
             muscles: 86
            analyses: 0
              probes: 0
              bodies: 24
              joints: 24
         constraints: 2
             markers: 25
         controllers: 0
  contact geometries: 0
misc modelcomponents: 0
[2026-08-11 00:51:46.138] [info] Running tool .
[2026-08-11 00:51:46.346] [info] Frame 0 (t = 0.0):	 total squared error = 0.00350262, marker error: RMS = 0.0118366, max = 0.0314872 (R_Knee_Lateral)
[2026-08-11 00:51:46.413] [info] Frame 1 (t = 0.01):	 total squared error = 0.00333226, marker error: RMS = 0.0115451, max = 0.0308869 (R_Knee_Lateral)
[2026-08-11 00:51:46.464] [info] Frame 2 (t = 0.02):	 total squared error = 0.00314275, marker error: RMS = 0.011212, max = 0.0299463 (R_Knee_Lateral)
[2026-08-11 00:51:46.520] [info] Frame 3 (t = 0.03):	 total squared error = 0.00293187, marker error: RMS = 0.0108294, max = 0.0289566 (R_Knee_Lateral)
[2026-08-11 00:51:46.562] [info] Frame 4 (t = 0.04):	 total squared error = 0.00272757, marker error: RMS = 0.0104452, max = 0.0276524 (R_Knee_Lateral)
[2026-08-11 00:51:46.603] [info] Frame 5 (t = 0.05):	 total squared error = 0.00251628, marker error: RMS = 0.0100325, max = 0.0263874 (R_Knee_Lateral)
[2026-08-11 00:51:46.645] [info] Frame 6 (t = 0.06):	 total squared error = 0.00232162, marker error: RMS = 0.00963664, max = 0.0249807 (R_Knee_Lateral)
[2026-08-11 00:51:46.670] [info] Frame 7 (t = 0.07):	 total squared error = 0.00215379, marker error: RMS = 0.00928179, max = 0.0237206 (R_Knee_Lateral)
[2026-08-11 00:51:46.709] [info] Frame 8 (t = 0.08):	 total squared error = 0.00194841, marker error: RMS = 0.00882816, max = 0.0221645 (R_Knee_Lateral)
[2026-08-11 00:51:46.752] [info] Frame 9 (t = 0.09):	 total squared error = 0.00177101, marker error: RMS = 0.00841667, max = 0.0207823 (R_Knee_Lateral)
[2026-08-11 00:51:46.809] [info] Frame 10 (t = 0.1):	 total squared error = 0.00162559, marker error: RMS = 0.00806373, max = 0.0197501 (R_Knee_Lateral)
[2026-08-11 00:51:46.838] [info] Frame 11 (t = 0.11):	 total squared error = 0.00155134, marker error: RMS = 0.00787742, max = 0.0190540 (R_Knee_Lateral)
[2026-08-11 00:51:46.873] [info] Frame 12 (t = 0.12):	 total squared error = 0.00148505, marker error: RMS = 0.00770728, max = 0.0184489 (R_Knee_Lateral)
[2026-08-11 00:51:46.890] [info] Frame 13 (t = 0.13):	 total squared error = 0.00152028, marker error: RMS = 0.00779815, max = 0.0179715 (R_Knee_Lateral)
[2026-08-11 00:51:46.939] [info] Frame 14 (t = 0.14):	 total squared error = 0.00155889, marker error: RMS = 0.00789657, max = 0.0190328 (R_Thigh_Lateral)
[2026-08-11 00:51:46.964] [info] Frame 15 (t = 0.15):	 total squared error = 0.00162393, marker error: RMS = 0.00805959, max = 0.0205078 (R_Thigh_Lateral)
[2026-08-11 00:51:46.997] [info] Frame 16 (t = 0.16):	 total squared error = 0.00165842, marker error: RMS = 0.00814473, max = 0.0208969 (R_Thigh_Lateral)
[2026-08-11 00:51:47.035] [info] Frame 17 (t = 0.17):	 total squared error = 0.00165632, marker error: RMS = 0.00813958, max = 0.0201225 (R_Thigh_Lateral)
[2026-08-11 00:51:47.076] [info] Frame 18 (t = 0.18):	 total squared error = 0.00163453, marker error: RMS = 0.00808586, max = 0.0184782 (R_Knee_Lateral)
[2026-08-11 00:51:47.103] [info] Frame 19 (t = 0.19):	 total squared error = 0.00162396, marker error: RMS = 0.00805969, max = 0.0186843 (R_Knee_Lateral)
[2026-08-11 00:51:47.141] [info] Frame 20 (t = 0.2):	 total squared error = 0.00167337, marker error: RMS = 0.00818137, max = 0.0194926 (R_Knee_Lateral)
[2026-08-11 00:51:47.177] [info] Frame 21 (t = 0.21):	 total squared error = 0.00176813, marker error: RMS = 0.00840983, max = 0.0197141 (R_Knee_Lateral)
[2026-08-11 00:51:47.217] [info] Frame 22 (t = 0.22):	 total squared error = 0.00191886, marker error: RMS = 0.00876097, max = 0.0204389 (R_Knee_Lateral)
[2026-08-11 00:51:47.253] [info] Frame 23 (t = 0.23):	 total squared error = 0.00208344, marker error: RMS = 0.00912894, max = 0.0207689 (R_Knee_Lateral)
[2026-08-11 00:51:47.281] [info] Frame 24 (t = 0.24):	 total squared error = 0.00224856, marker error: RMS = 0.00948380, max = 0.0208100 (R_Knee_Lateral)
[2026-08-11 00:51:47.324] [info] Frame 25 (t = 0.25):	 total squared error = 0.00241611, marker error: RMS = 0.00983078, max = 0.0219519 (L_Knee_Lateral)
[2026-08-11 00:51:47.362] [info] Frame 26 (t = 0.26):	 total squared error = 0.00257878, marker error: RMS = 0.0101563, max = 0.0240382 (L_Knee_Lateral)
[2026-08-11 00:51:47.408] [info] Frame 27 (t = 0.27):	 total squared error = 0.00273803, marker error: RMS = 0.0104652, max = 0.0260168 (L_Knee_Lateral)
[2026-08-11 00:51:47.445] [info] Frame 28 (t = 0.28):	 total squared error = 0.00288799, marker error: RMS = 0.0107480, max = 0.027613 (L_Knee_Lateral)
[2026-08-11 00:51:47.472] [info] Frame 29 (t = 0.29):	 total squared error = 0.00302641, marker error: RMS = 0.0110026, max = 0.0290671 (L_Knee_Lateral)
[2026-08-11 00:51:47.521] [info] Frame 30 (t = 0.3):	 total squared error = 0.00313279, marker error: RMS = 0.0111943, max = 0.0299384 (L_Knee_Lateral)
[2026-08-11 00:51:47.554] [info] Frame 31 (t = 0.31):	 total squared error = 0.00322887, marker error: RMS = 0.0113646, max = 0.0310627 (L_Knee_Lateral)
[2026-08-11 00:51:47.602] [info] Frame 32 (t = 0.32):	 total squared error = 0.00327625, marker error: RMS = 0.0114477, max = 0.0313251 (L_Knee_Lateral)
[2026-08-11 00:51:47.644] [info] Frame 33 (t = 0.33):	 total squared error = 0.00331318, marker error: RMS = 0.0115121, max = 0.0319225 (L_Knee_Lateral)
[2026-08-11 00:51:47.676] [info] Frame 34 (t = 0.34):	 total squared error = 0.00333256, marker error: RMS = 0.0115457, max = 0.0325142 (L_Knee_Lateral)
[2026-08-11 00:51:47.711] [info] Frame 35 (t = 0.35):	 total squared error = 0.00333349, marker error: RMS = 0.0115473, max = 0.0330105 (L_Knee_Lateral)
[2026-08-11 00:51:47.731] [info] Frame 36 (t = 0.36):	 total squared error = 0.00334178, marker error: RMS = 0.0115616, max = 0.0337213 (L_Knee_Lateral)
[2026-08-11 00:51:47.768] [info] Frame 37 (t = 0.37):	 total squared error = 0.00333692, marker error: RMS = 0.0115532, max = 0.0340638 (L_Knee_Lateral)
[2026-08-11 00:51:47.795] [info] Frame 38 (t = 0.38):	 total squared error = 0.00333790, marker error: RMS = 0.0115549, max = 0.0344991 (L_Knee_Lateral)
[2026-08-11 00:51:47.808] [info] Frame 39 (t = 0.39):	 total squared error = 0.00335508, marker error: RMS = 0.0115846, max = 0.0348049 (L_Knee_Lateral)
[2026-08-11 00:51:47.861] [info] Frame 40 (t = 0.4):	 total squared error = 0.00332779, marker error: RMS = 0.0115374, max = 0.0351404 (L_Knee_Lateral)
[2026-08-11 00:51:47.896] [info] Frame 41 (t = 0.41):	 total squared error = 0.00330812, marker error: RMS = 0.0115033, max = 0.0351979 (L_Knee_Lateral)
[2026-08-11 00:51:47.931] [info] Frame 42 (t = 0.42):	 total squared error = 0.00326981, marker error: RMS = 0.0114364, max = 0.0350476 (L_Knee_Lateral)
[2026-08-11 00:51:47.981] [info] Frame 43 (t = 0.43):	 total squared error = 0.00321021, marker error: RMS = 0.0113318, max = 0.0347651 (L_Knee_Lateral)
[2026-08-11 00:51:48.015] [info] Frame 44 (t = 0.44):	 total squared error = 0.00313812, marker error: RMS = 0.0112038, max = 0.0341111 (L_Knee_Lateral)
[2026-08-11 00:51:48.052] [info] Frame 45 (t = 0.45):	 total squared error = 0.00305126, marker error: RMS = 0.0110476, max = 0.0333819 (L_Knee_Lateral)
[2026-08-11 00:51:48.109] [info] Frame 46 (t = 0.46):	 total squared error = 0.00295614, marker error: RMS = 0.0108741, max = 0.0323635 (L_Knee_Lateral)
[2026-08-11 00:51:48.142] [info] Frame 47 (t = 0.47):	 total squared error = 0.00285785, marker error: RMS = 0.0106918, max = 0.0310884 (L_Knee_Lateral)
[2026-08-11 00:51:48.197] [info] Frame 48 (t = 0.48):	 total squared error = 0.00274876, marker error: RMS = 0.0104857, max = 0.0296735 (L_Knee_Lateral)
[2026-08-11 00:51:48.243] [info] Frame 49 (t = 0.49):	 total squared error = 0.00263536, marker error: RMS = 0.0102672, max = 0.0280600 (L_Knee_Lateral)
[2026-08-11 00:51:48.295] [info] Frame 50 (t = 0.5):	 total squared error = 0.00251955, marker error: RMS = 0.0100390, max = 0.0262967 (L_Knee_Lateral)
[2026-08-11 00:51:48.347] [info] Frame 51 (t = 0.51):	 total squared error = 0.00241300, marker error: RMS = 0.00982445, max = 0.0244939 (L_Knee_Lateral)
[2026-08-11 00:51:48.385] [info] Frame 52 (t = 0.52):	 total squared error = 0.00233114, marker error: RMS = 0.00965638, max = 0.0228422 (L_Knee_Lateral)
[2026-08-11 00:51:48.431] [info] Frame 53 (t = 0.53):	 total squared error = 0.00228904, marker error: RMS = 0.00956878, max = 0.0212082 (L_Knee_Lateral)
[2026-08-11 00:51:48.468] [info] Frame 54 (t = 0.54):	 total squared error = 0.00229396, marker error: RMS = 0.00957906, max = 0.0198476 (L_Knee_Lateral)
[2026-08-11 00:51:48.520] [info] Frame 55 (t = 0.55):	 total squared error = 0.00234363, marker error: RMS = 0.00968221, max = 0.0186213 (L_Knee_Lateral)
[2026-08-11 00:51:48.537] [info] Frame 56 (t = 0.56):	 total squared error = 0.00243488, marker error: RMS = 0.00986890, max = 0.0187687 (L_Thigh_Lateral)
[2026-08-11 00:51:48.577] [info] Frame 57 (t = 0.57):	 total squared error = 0.00248092, marker error: RMS = 0.00996178, max = 0.0191303 (L_Thigh_Lateral)
[2026-08-11 00:51:48.593] [info] Frame 58 (t = 0.58):	 total squared error = 0.00252812, marker error: RMS = 0.0100561, max = 0.0194675 (L_Thigh_Lateral)
[2026-08-11 00:51:48.615] [info] Frame 59 (t = 0.59):	 total squared error = 0.00253748, marker error: RMS = 0.0100747, max = 0.0187446 (L_Thigh_Lateral)
[2026-08-11 00:51:48.630] [info] Frame 60 (t = 0.6):	 total squared error = 0.00252819, marker error: RMS = 0.0100562, max = 0.0186458 (Sternum)
[2026-08-11 00:51:48.665] [info] Frame 61 (t = 0.61):	 total squared error = 0.00248828, marker error: RMS = 0.00997654, max = 0.0188501 (Sternum)
[2026-08-11 00:51:48.709] [info] Frame 62 (t = 0.62):	 total squared error = 0.00246527, marker error: RMS = 0.00993029, max = 0.0187059 (Sternum)
[2026-08-11 00:51:48.733] [info] Frame 63 (t = 0.63):	 total squared error = 0.00245213, marker error: RMS = 0.00990379, max = 0.018315 (Sternum)
[2026-08-11 00:51:48.775] [info] Frame 64 (t = 0.64):	 total squared error = 0.00244591, marker error: RMS = 0.00989122, max = 0.018957 (L_Knee_Lateral)
[2026-08-11 00:51:48.801] [info] Frame 65 (t = 0.65):	 total squared error = 0.00245515, marker error: RMS = 0.00990989, max = 0.0189176 (L_Knee_Lateral)
[2026-08-11 00:51:48.835] [info] Frame 66 (t = 0.66):	 total squared error = 0.00247317, marker error: RMS = 0.00994619, max = 0.0190361 (L_Knee_Lateral)
[2026-08-11 00:51:48.879] [info] Frame 67 (t = 0.67):	 total squared error = 0.00249612, marker error: RMS = 0.00999223, max = 0.0193609 (L_Knee_Lateral)
[2026-08-11 00:51:48.923] [info] Frame 68 (t = 0.68):	 total squared error = 0.00253962, marker error: RMS = 0.0100789, max = 0.0191219 (L_Knee_Lateral)
[2026-08-11 00:51:48.966] [info] Frame 69 (t = 0.69):	 total squared error = 0.00259733, marker error: RMS = 0.0101928, max = 0.0200215 (R_Knee_Lateral)
[2026-08-11 00:51:48.989] [info] Frame 70 (t = 0.7):	 total squared error = 0.00266587, marker error: RMS = 0.0103264, max = 0.0219029 (R_Knee_Lateral)
[2026-08-11 00:51:49.035] [info] Frame 71 (t = 0.71):	 total squared error = 0.00272830, marker error: RMS = 0.0104466, max = 0.023127 (R_Knee_Lateral)
[2026-08-11 00:51:49.074] [info] Frame 72 (t = 0.72):	 total squared error = 0.00278717, marker error: RMS = 0.0105587, max = 0.0242161 (R_Knee_Lateral)
[2026-08-11 00:51:49.119] [info] Frame 73 (t = 0.73):	 total squared error = 0.00283534, marker error: RMS = 0.0106496, max = 0.0250577 (R_Knee_Lateral)
[2026-08-11 00:51:49.156] [info] Frame 74 (t = 0.74):	 total squared error = 0.00287597, marker error: RMS = 0.0107256, max = 0.0256993 (R_Knee_Lateral)
[2026-08-11 00:51:49.196] [info] Frame 75 (t = 0.75):	 total squared error = 0.00291215, marker error: RMS = 0.0107929, max = 0.0261535 (R_Knee_Lateral)
[2026-08-11 00:51:49.250] [info] Frame 76 (t = 0.76):	 total squared error = 0.00295255, marker error: RMS = 0.0108675, max = 0.0266977 (R_Knee_Lateral)
[2026-08-11 00:51:49.274] [info] Frame 77 (t = 0.77):	 total squared error = 0.00300597, marker error: RMS = 0.0109653, max = 0.0276034 (R_Knee_Lateral)
[2026-08-11 00:51:49.303] [info] Frame 78 (t = 0.78):	 total squared error = 0.00305432, marker error: RMS = 0.0110532, max = 0.0277822 (R_Knee_Lateral)
[2026-08-11 00:51:49.342] [info] Frame 79 (t = 0.79):	 total squared error = 0.00311101, marker error: RMS = 0.0111553, max = 0.0285205 (R_Knee_Lateral)
[2026-08-11 00:51:49.363] [info] Frame 80 (t = 0.8):	 total squared error = 0.00317273, marker error: RMS = 0.0112654, max = 0.0290450 (R_Knee_Lateral)
[2026-08-11 00:51:49.390] [info] Frame 81 (t = 0.81):	 total squared error = 0.00323678, marker error: RMS = 0.0113785, max = 0.0294138 (R_Knee_Lateral)
[2026-08-11 00:51:49.439] [info] Frame 82 (t = 0.82):	 total squared error = 0.00323009, marker error: RMS = 0.0113668, max = 0.0303203 (R_Knee_Lateral)
[2026-08-11 00:51:49.469] [info] Frame 83 (t = 0.83):	 total squared error = 0.00322807, marker error: RMS = 0.0113632, max = 0.0305722 (R_Knee_Lateral)
[2026-08-11 00:51:49.518] [info] Frame 84 (t = 0.84):	 total squared error = 0.00319151, marker error: RMS = 0.0112987, max = 0.0309441 (R_Knee_Lateral)
[2026-08-11 00:51:49.569] [info] Frame 85 (t = 0.85):	 total squared error = 0.00312701, marker error: RMS = 0.0111839, max = 0.0309075 (R_Knee_Lateral)
[2026-08-11 00:51:49.597] [info] Frame 86 (t = 0.86):	 total squared error = 0.00304026, marker error: RMS = 0.0110277, max = 0.0304634 (R_Knee_Lateral)
[2026-08-11 00:51:49.639] [info] Frame 87 (t = 0.87):	 total squared error = 0.00292617, marker error: RMS = 0.0108188, max = 0.0300571 (R_Knee_Lateral)
[2026-08-11 00:51:49.683] [info] Frame 88 (t = 0.88):	 total squared error = 0.00280286, marker error: RMS = 0.0105884, max = 0.0291155 (R_Knee_Lateral)
[2026-08-11 00:51:49.712] [info] Frame 89 (t = 0.89):	 total squared error = 0.00266762, marker error: RMS = 0.0103298, max = 0.0280509 (R_Knee_Lateral)
[2026-08-11 00:51:49.773] [info] Frame 90 (t = 0.9):	 total squared error = 0.00250818, marker error: RMS = 0.0100163, max = 0.0268205 (R_Knee_Lateral)
[2026-08-11 00:51:49.824] [info] Frame 91 (t = 0.91):	 total squared error = 0.00233909, marker error: RMS = 0.00967284, max = 0.0253974 (R_Knee_Lateral)
[2026-08-11 00:51:49.880] [info] Frame 92 (t = 0.92):	 total squared error = 0.00215161, marker error: RMS = 0.00927708, max = 0.0238836 (R_Knee_Lateral)
[2026-08-11 00:51:49.919] [info] Frame 93 (t = 0.93):	 total squared error = 0.00195073, marker error: RMS = 0.00883341, max = 0.0224103 (R_Knee_Lateral)
[2026-08-11 00:51:49.967] [info] Frame 94 (t = 0.94):	 total squared error = 0.00174101, marker error: RMS = 0.00834509, max = 0.0208677 (R_Knee_Lateral)
[2026-08-11 00:51:50.022] [info] Frame 95 (t = 0.95):	 total squared error = 0.00155091, marker error: RMS = 0.00787632, max = 0.0195278 (R_Knee_Lateral)
[2026-08-11 00:51:50.058] [info] Frame 96 (t = 0.96):	 total squared error = 0.00140681, marker error: RMS = 0.00750150, max = 0.0186767 (R_Knee_Lateral)
[2026-08-11 00:51:50.080] [info] Frame 97 (t = 0.97):	 total squared error = 0.00134176, marker error: RMS = 0.00732602, max = 0.0180639 (R_Knee_Lateral)
[2026-08-11 00:51:50.124] [info] Frame 98 (t = 0.98):	 total squared error = 0.00129813, marker error: RMS = 0.00720592, max = 0.0176268 (R_Knee_Lateral)
[2026-08-11 00:51:50.150] [info] Frame 99 (t = 0.99):	 total squared error = 0.00130728, marker error: RMS = 0.00723127, max = 0.0173617 (R_Knee_Lateral)
[2026-08-11 00:51:50.178] [info] Frame 100 (t = 1.0):	 total squared error = 0.00132450, marker error: RMS = 0.00727873, max = 0.0175203 (R_Thigh_Lateral)
[2026-08-11 00:51:50.199] [info] Frame 101 (t = 1.01):	 total squared error = 0.00133332, marker error: RMS = 0.00730293, max = 0.0172733 (R_Thigh_Lateral)
[2026-08-11 00:51:50.222] [info] Frame 102 (t = 1.02):	 total squared error = 0.00134215, marker error: RMS = 0.00732708, max = 0.0170694 (R_Knee_Lateral)
[2026-08-11 00:51:50.251] [info] Frame 103 (t = 1.03):	 total squared error = 0.00137487, marker error: RMS = 0.00741584, max = 0.0173979 (R_Knee_Lateral)
[2026-08-11 00:51:50.268] [info] Frame 104 (t = 1.04):	 total squared error = 0.00145626, marker error: RMS = 0.00763219, max = 0.0179027 (R_Knee_Lateral)
[2026-08-11 00:51:50.290] [info] Frame 105 (t = 1.05):	 total squared error = 0.00159543, marker error: RMS = 0.00798857, max = 0.0186612 (R_Knee_Lateral)
[2026-08-11 00:51:50.316] [info] Frame 106 (t = 1.06):	 total squared error = 0.00177679, marker error: RMS = 0.00843040, max = 0.019672 (R_Knee_Lateral)
[2026-08-11 00:51:50.360] [info] Frame 107 (t = 1.07):	 total squared error = 0.00196987, marker error: RMS = 0.00887665, max = 0.0205166 (R_Knee_Lateral)
[2026-08-11 00:51:50.386] [info] Frame 108 (t = 1.08):	 total squared error = 0.00214420, marker error: RMS = 0.00926110, max = 0.0208938 (R_Knee_Lateral)
[2026-08-11 00:51:50.407] [info] Frame 109 (t = 1.09):	 total squared error = 0.00230092, marker error: RMS = 0.00959358, max = 0.0209853 (R_Knee_Lateral)
[2026-08-11 00:51:50.426] [info] Frame 110 (t = 1.1):	 total squared error = 0.00244078, marker error: RMS = 0.00988085, max = 0.0222959 (L_Knee_Lateral)
[2026-08-11 00:51:50.477] [info] Frame 111 (t = 1.11):	 total squared error = 0.00256281, marker error: RMS = 0.0101248, max = 0.0240972 (L_Knee_Lateral)
[2026-08-11 00:51:50.507] [info] Frame 112 (t = 1.12):	 total squared error = 0.00269342, marker error: RMS = 0.0103796, max = 0.0258777 (L_Knee_Lateral)
[2026-08-11 00:51:50.552] [info] Frame 113 (t = 1.13):	 total squared error = 0.00281471, marker error: RMS = 0.0106108, max = 0.02719 (L_Knee_Lateral)
[2026-08-11 00:51:50.594] [info] Frame 114 (t = 1.14):	 total squared error = 0.00293432, marker error: RMS = 0.0108339, max = 0.0283728 (L_Knee_Lateral)
[2026-08-11 00:51:50.639] [info] Frame 115 (t = 1.15):	 total squared error = 0.00304468, marker error: RMS = 0.0110357, max = 0.0293694 (L_Knee_Lateral)
[2026-08-11 00:51:50.689] [info] Frame 116 (t = 1.16):	 total squared error = 0.00314218, marker error: RMS = 0.011211, max = 0.0302243 (L_Knee_Lateral)
[2026-08-11 00:51:50.718] [info] Frame 117 (t = 1.17):	 total squared error = 0.00322500, marker error: RMS = 0.0113578, max = 0.0312622 (L_Knee_Lateral)
[2026-08-11 00:51:50.766] [info] Frame 118 (t = 1.18):	 total squared error = 0.00326458, marker error: RMS = 0.0114273, max = 0.0317851 (L_Knee_Lateral)
[2026-08-11 00:51:50.815] [info] Frame 119 (t = 1.19):	 total squared error = 0.00329272, marker error: RMS = 0.0114764, max = 0.0324949 (L_Knee_Lateral)
[2026-08-11 00:51:50.838] [info] Frame 120 (t = 1.2):	 total squared error = 0.00331128, marker error: RMS = 0.0115087, max = 0.0333628 (L_Knee_Lateral)
[2026-08-11 00:51:50.859] [info] Frame 121 (t = 1.21):	 total squared error = 0.00331403, marker error: RMS = 0.0115135, max = 0.0339065 (L_Knee_Lateral)
[2026-08-11 00:51:50.892] [info] Frame 122 (t = 1.22):	 total squared error = 0.00329774, marker error: RMS = 0.0114852, max = 0.0343784 (L_Knee_Lateral)
[2026-08-11 00:51:50.921] [info] Frame 123 (t = 1.23):	 total squared error = 0.00329732, marker error: RMS = 0.0114845, max = 0.0347204 (L_Knee_Lateral)
[2026-08-11 00:51:50.955] [info] Frame 124 (t = 1.24):	 total squared error = 0.00328715, marker error: RMS = 0.0114667, max = 0.0351222 (L_Knee_Lateral)
[2026-08-11 00:51:50.990] [info] Frame 125 (t = 1.25):	 total squared error = 0.00327186, marker error: RMS = 0.01144, max = 0.0353779 (L_Knee_Lateral)
[2026-08-11 00:51:51.022] [info] Frame 126 (t = 1.26):	 total squared error = 0.00325061, marker error: RMS = 0.0114028, max = 0.0353564 (L_Knee_Lateral)
[2026-08-11 00:51:51.058] [info] Frame 127 (t = 1.27):	 total squared error = 0.00321738, marker error: RMS = 0.0113444, max = 0.0351911 (L_Knee_Lateral)
[2026-08-11 00:51:51.095] [info] Frame 128 (t = 1.28):	 total squared error = 0.00317601, marker error: RMS = 0.0112712, max = 0.0348233 (L_Knee_Lateral)
[2026-08-11 00:51:51.131] [info] Frame 129 (t = 1.29):	 total squared error = 0.00312837, marker error: RMS = 0.0111864, max = 0.0342502 (L_Knee_Lateral)
[2026-08-11 00:51:51.181] [info] Frame 130 (t = 1.3):	 total squared error = 0.00307020, marker error: RMS = 0.0110819, max = 0.0335603 (L_Knee_Lateral)
[2026-08-11 00:51:51.203] [info] Frame 131 (t = 1.31):	 total squared error = 0.00301658, marker error: RMS = 0.0109847, max = 0.0325464 (L_Knee_Lateral)
[2026-08-11 00:51:51.248] [info] Frame 132 (t = 1.32):	 total squared error = 0.00292003, marker error: RMS = 0.0108075, max = 0.0313525 (L_Knee_Lateral)
[2026-08-11 00:51:51.285] [info] Frame 133 (t = 1.33):	 total squared error = 0.00281348, marker error: RMS = 0.0106085, max = 0.0299432 (L_Knee_Lateral)
[2026-08-11 00:51:51.337] [info] Frame 134 (t = 1.34):	 total squared error = 0.00268670, marker error: RMS = 0.0103667, max = 0.0283601 (L_Knee_Lateral)
[2026-08-11 00:51:51.383] [info] Frame 135 (t = 1.35):	 total squared error = 0.00255022, marker error: RMS = 0.0100999, max = 0.0266374 (L_Knee_Lateral)
[2026-08-11 00:51:51.419] [info] Frame 136 (t = 1.36):	 total squared error = 0.00242222, marker error: RMS = 0.00984321, max = 0.0248794 (L_Knee_Lateral)
[2026-08-11 00:51:51.449] [info] Frame 137 (t = 1.37):	 total squared error = 0.00232263, marker error: RMS = 0.00963874, max = 0.0232743 (L_Knee_Lateral)
[2026-08-11 00:51:51.490] [info] Frame 138 (t = 1.38):	 total squared error = 0.00226565, marker error: RMS = 0.00951977, max = 0.0214832 (L_Knee_Lateral)
[2026-08-11 00:51:51.511] [info] Frame 139 (t = 1.39):	 total squared error = 0.00227037, marker error: RMS = 0.00952968, max = 0.0206523 (L_Knee_Lateral)
[2026-08-11 00:51:51.561] [info] Frame 140 (t = 1.4):	 total squared error = 0.00226930, marker error: RMS = 0.00952744, max = 0.0190578 (L_Knee_Lateral)
[2026-08-11 00:51:51.577] [info] Frame 141 (t = 1.41):	 total squared error = 0.00230460, marker error: RMS = 0.00960126, max = 0.0195162 (L_Thigh_Lateral)
[2026-08-11 00:51:51.619] [info] Frame 142 (t = 1.42):	 total squared error = 0.00229497, marker error: RMS = 0.00958117, max = 0.0192789 (L_Thigh_Lateral)
[2026-08-11 00:51:51.629] [info] Frame 143 (t = 1.43):	 total squared error = 0.00228558, marker error: RMS = 0.00956154, max = 0.0182692 (L_Thigh_Lateral)
[2026-08-11 00:51:51.658] [info] Frame 144 (t = 1.44):	 total squared error = 0.00224540, marker error: RMS = 0.00947713, max = 0.0173979 (L_Knee_Lateral)
[2026-08-11 00:51:51.708] [info] Frame 145 (t = 1.45):	 total squared error = 0.00221070, marker error: RMS = 0.00940361, max = 0.0181159 (L_Knee_Lateral)
[2026-08-11 00:51:51.728] [info] Frame 146 (t = 1.46):	 total squared error = 0.00219835, marker error: RMS = 0.00937731, max = 0.0179858 (L_Knee_Lateral)
[2026-08-11 00:51:51.765] [info] Frame 147 (t = 1.47):	 total squared error = 0.00220569, marker error: RMS = 0.00939295, max = 0.0190224 (L_Knee_Lateral)
[2026-08-11 00:51:51.808] [info] Frame 148 (t = 1.48):	 total squared error = 0.00223306, marker error: RMS = 0.00945106, max = 0.0193931 (L_Knee_Lateral)
[2026-08-11 00:51:51.856] [info] Frame 149 (t = 1.49):	 total squared error = 0.00227326, marker error: RMS = 0.00953574, max = 0.0195548 (L_Knee_Lateral)
[2026-08-11 00:51:51.890] [info] Frame 150 (t = 1.5):	 total squared error = 0.00232096, marker error: RMS = 0.00963526, max = 0.019393 (L_Knee_Lateral)
[2026-08-11 00:51:51.917] [info] Frame 151 (t = 1.51):	 total squared error = 0.00238052, marker error: RMS = 0.00975812, max = 0.0192702 (L_Knee_Lateral)
[2026-08-11 00:51:51.945] [info] Frame 152 (t = 1.52):	 total squared error = 0.00245862, marker error: RMS = 0.00991689, max = 0.0190160 (L_Knee_Lateral)
[2026-08-11 00:51:51.967] [info] Frame 153 (t = 1.53):	 total squared error = 0.00256330, marker error: RMS = 0.0101258, max = 0.0212151 (R_Knee_Lateral)
[2026-08-11 00:51:52.006] [info] Frame 154 (t = 1.54):	 total squared error = 0.00267902, marker error: RMS = 0.0103519, max = 0.0225531 (R_Knee_Lateral)
[2026-08-11 00:51:52.057] [info] Frame 155 (t = 1.55):	 total squared error = 0.00280266, marker error: RMS = 0.0105880, max = 0.0239689 (R_Knee_Lateral)
[2026-08-11 00:51:52.079] [info] Frame 156 (t = 1.56):	 total squared error = 0.00292710, marker error: RMS = 0.0108205, max = 0.025543 (R_Knee_Lateral)
[2026-08-11 00:51:52.121] [info] Frame 157 (t = 1.57):	 total squared error = 0.00302287, marker error: RMS = 0.0109961, max = 0.0258907 (R_Knee_Lateral)
[2026-08-11 00:51:52.158] [info] Frame 158 (t = 1.58):	 total squared error = 0.00310840, marker error: RMS = 0.0111506, max = 0.0265482 (R_Knee_Lateral)
[2026-08-11 00:51:52.195] [info] Frame 159 (t = 1.59):	 total squared error = 0.00317865, marker error: RMS = 0.0112759, max = 0.0271168 (R_Knee_Lateral)
[2026-08-11 00:51:52.286] [info] Frame 160 (t = 1.6):	 total squared error = 0.00323843, marker error: RMS = 0.0113814, max = 0.0276919 (R_Knee_Lateral)
[2026-08-11 00:51:52.319] [info] Frame 161 (t = 1.61):	 total squared error = 0.00330558, marker error: RMS = 0.0114988, max = 0.0287007 (R_Knee_Lateral)
[2026-08-11 00:51:52.380] [info] Frame 162 (t = 1.62):	 total squared error = 0.00334467, marker error: RMS = 0.0115666, max = 0.0288655 (R_Knee_Lateral)
[2026-08-11 00:51:52.461] [info] Frame 163 (t = 1.63):	 total squared error = 0.00339864, marker error: RMS = 0.0116596, max = 0.0296199 (R_Knee_Lateral)
[2026-08-11 00:51:52.531] [info] Frame 164 (t = 1.64):	 total squared error = 0.00345023, marker error: RMS = 0.0117477, max = 0.0304149 (R_Knee_Lateral)
[2026-08-11 00:51:52.564] [info] Frame 165 (t = 1.65):	 total squared error = 0.00350371, marker error: RMS = 0.0118384, max = 0.0308780 (R_Knee_Lateral)
[2026-08-11 00:51:52.614] [info] Frame 166 (t = 1.66):	 total squared error = 0.00351852, marker error: RMS = 0.0118634, max = 0.031869 (R_Knee_Lateral)
[2026-08-11 00:51:52.634] [info] Frame 167 (t = 1.67):	 total squared error = 0.00352546, marker error: RMS = 0.0118751, max = 0.0320900 (R_Knee_Lateral)
[2026-08-11 00:51:52.700] [info] Frame 168 (t = 1.68):	 total squared error = 0.00346814, marker error: RMS = 0.0117782, max = 0.0327659 (R_Knee_Lateral)
[2026-08-11 00:51:52.728] [info] Frame 169 (t = 1.69):	 total squared error = 0.00340357, marker error: RMS = 0.011668, max = 0.0325983 (R_Knee_Lateral)
[2026-08-11 00:51:52.761] [info] Frame 170 (t = 1.7):	 total squared error = 0.00328129, marker error: RMS = 0.0114565, max = 0.0323934 (R_Knee_Lateral)
[2026-08-11 00:51:52.765] [info] InverseKinematicsTool completed 171 frames in 6 second(s).
[2026-08-11 00:51:52.824] [info] Loaded model SUBJ63-scaled from file C:\Users\migue\Downloads\TFG\2_JMP\SUBJ63\Walk_3\SUBJ63_scaled.osim
[2026-08-11 00:51:53.500] [warning] Coordinate.setValue:  coordinate pro_sup_r is locked. Unable to change its value.
[2026-08-11 00:51:53.537] [warning] Coordinate.setValue:  coordinate pro_sup_l is locked. Unable to change its value.
[2026-08-11 00:52:23.954] [info] Loaded model SUBJ63-scaled from file C:\Users\migue\Downloads\TFG\2_JMP\SUBJ63\Walk_3\SUBJ63_3_JMP_results\SUBJ63_3_NMSM_JMP_08_wrist_axis_FINAL.osim
[2026-08-11 00:52:23.979] [cout] [info] 
               MODEL: SUBJ63-scaled
         coordinates: 41
              forces: 103
           actuators: 103
             muscles: 86
            analyses: 0
              probes: 0
              bodies: 24
              joints: 24
         constraints: 2
             markers: 25
         controllers: 0
  contact geometries: 0
misc modelcomponents: 0
[2026-08-11 00:52:23.979] [info] Running tool .
[2026-08-11 00:52:24.097] [info] Frame 0 (t = 0.0):	 total squared error = 0.000586507, marker error: RMS = 0.00484358, max = 0.0142906 (R_Shank_Lateral)
[2026-08-11 00:52:24.151] [info] Frame 1 (t = 0.01):	 total squared error = 0.000567001, marker error: RMS = 0.00476235, max = 0.0138585 (R_Shank_Lateral)
[2026-08-11 00:52:24.203] [info] Frame 2 (t = 0.02):	 total squared error = 0.000537784, marker error: RMS = 0.00463804, max = 0.0133081 (R_Shank_Lateral)
[2026-08-11 00:52:24.230] [info] Frame 3 (t = 0.03):	 total squared error = 0.000515973, marker error: RMS = 0.00454301, max = 0.0127451 (R_Shank_Lateral)
[2026-08-11 00:52:24.269] [info] Frame 4 (t = 0.04):	 total squared error = 0.000473643, marker error: RMS = 0.00435267, max = 0.0119578 (R_Shank_Lateral)
[2026-08-11 00:52:24.290] [info] Frame 5 (t = 0.05):	 total squared error = 0.000468553, marker error: RMS = 0.00432922, max = 0.0114589 (R_Shank_Lateral)
[2026-08-11 00:52:24.329] [info] Frame 6 (t = 0.06):	 total squared error = 0.000407469, marker error: RMS = 0.00403717, max = 0.0105758 (R_Shank_Lateral)
[2026-08-11 00:52:24.351] [info] Frame 7 (t = 0.07):	 total squared error = 0.000382791, marker error: RMS = 0.00391301, max = 0.0100995 (R_Shank_Lateral)
[2026-08-11 00:52:24.392] [info] Frame 8 (t = 0.08):	 total squared error = 0.000323105, marker error: RMS = 0.00359502, max = 0.00859510 (R_Shank_Lateral)
[2026-08-11 00:52:24.435] [info] Frame 9 (t = 0.09):	 total squared error = 0.000278330, marker error: RMS = 0.00333664, max = 0.00703241 (R_Shank_Lateral)
[2026-08-11 00:52:24.465] [info] Frame 10 (t = 0.1):	 total squared error = 0.000256324, marker error: RMS = 0.00320202, max = 0.00611452 (L_Thigh_Lateral)
[2026-08-11 00:52:24.508] [info] Frame 11 (t = 0.11):	 total squared error = 0.000245315, marker error: RMS = 0.00313250, max = 0.00606651 (L_Thigh_Lateral)
[2026-08-11 00:52:24.538] [info] Frame 12 (t = 0.12):	 total squared error = 0.000294311, marker error: RMS = 0.00343110, max = 0.00650917 (L_Thigh_Lateral)
[2026-08-11 00:52:24.575] [info] Frame 13 (t = 0.13):	 total squared error = 0.000392905, marker error: RMS = 0.00396436, max = 0.00728749 (R_Thigh_Lateral)
[2026-08-11 00:52:24.591] [info] Frame 14 (t = 0.14):	 total squared error = 0.000533115, marker error: RMS = 0.00461786, max = 0.0102258 (R_Thigh_Lateral)
[2026-08-11 00:52:24.611] [info] Frame 15 (t = 0.15):	 total squared error = 0.000654809, marker error: RMS = 0.00511785, max = 0.0118851 (R_Thigh_Lateral)
[2026-08-11 00:52:24.637] [info] Frame 16 (t = 0.16):	 total squared error = 0.000749328, marker error: RMS = 0.00547477, max = 0.0127811 (R_Thigh_Lateral)
[2026-08-11 00:52:24.666] [info] Frame 17 (t = 0.17):	 total squared error = 0.000784984, marker error: RMS = 0.00560351, max = 0.0124359 (R_Thigh_Lateral)
[2026-08-11 00:52:24.689] [info] Frame 18 (t = 0.18):	 total squared error = 0.000765174, marker error: RMS = 0.00553236, max = 0.0108374 (R_Thigh_Lateral)
[2026-08-11 00:52:24.710] [info] Frame 19 (t = 0.19):	 total squared error = 0.000709061, marker error: RMS = 0.00532564, max = 0.00936196 (Sacral)
[2026-08-11 00:52:24.735] [info] Frame 20 (t = 0.2):	 total squared error = 0.000643635, marker error: RMS = 0.00507399, max = 0.00917718 (Sacral)
[2026-08-11 00:52:24.756] [info] Frame 21 (t = 0.21):	 total squared error = 0.000586280, marker error: RMS = 0.00484264, max = 0.00889597 (Sacral)
[2026-08-11 00:52:24.777] [info] Frame 22 (t = 0.22):	 total squared error = 0.000531623, marker error: RMS = 0.00461139, max = 0.00861444 (Sacral)
[2026-08-11 00:52:24.807] [info] Frame 23 (t = 0.23):	 total squared error = 0.000465771, marker error: RMS = 0.00431635, max = 0.00833430 (Sacral)
[2026-08-11 00:52:24.846] [info] Frame 24 (t = 0.24):	 total squared error = 0.000387263, marker error: RMS = 0.00393580, max = 0.00809222 (Sacral)
[2026-08-11 00:52:24.869] [info] Frame 25 (t = 0.25):	 total squared error = 0.000326517, marker error: RMS = 0.00361395, max = 0.00778881 (Sacral)
[2026-08-11 00:52:24.894] [info] Frame 26 (t = 0.26):	 total squared error = 0.000292653, marker error: RMS = 0.00342142, max = 0.00743043 (Sacral)
[2026-08-11 00:52:24.921] [info] Frame 27 (t = 0.27):	 total squared error = 0.000279837, marker error: RMS = 0.00334567, max = 0.00720702 (Sacral)
[2026-08-11 00:52:24.946] [info] Frame 28 (t = 0.28):	 total squared error = 0.000272761, marker error: RMS = 0.00330310, max = 0.00741463 (Sacral)
[2026-08-11 00:52:24.970] [info] Frame 29 (t = 0.29):	 total squared error = 0.000264105, marker error: RMS = 0.00325026, max = 0.00730876 (Sacral)
[2026-08-11 00:52:25.006] [info] Frame 30 (t = 0.3):	 total squared error = 0.000251250, marker error: RMS = 0.00317017, max = 0.00724064 (Sacral)
[2026-08-11 00:52:25.053] [info] Frame 31 (t = 0.31):	 total squared error = 0.000235874, marker error: RMS = 0.00307164, max = 0.00669211 (L_Asis)
[2026-08-11 00:52:25.079] [info] Frame 32 (t = 0.32):	 total squared error = 0.000228378, marker error: RMS = 0.00302244, max = 0.00630140 (L_Asis)
[2026-08-11 00:52:25.132] [info] Frame 33 (t = 0.33):	 total squared error = 0.000207387, marker error: RMS = 0.00288019, max = 0.00607873 (L_Asis)
[2026-08-11 00:52:25.153] [info] Frame 34 (t = 0.34):	 total squared error = 0.000202007, marker error: RMS = 0.00284258, max = 0.00612640 (L_Thigh_Lateral)
[2026-08-11 00:52:25.175] [info] Frame 35 (t = 0.35):	 total squared error = 0.000200038, marker error: RMS = 0.00282869, max = 0.00611253 (L_Thigh_Lateral)
[2026-08-11 00:52:25.193] [info] Frame 36 (t = 0.36):	 total squared error = 0.000206357, marker error: RMS = 0.00287303, max = 0.00607649 (L_Thigh_Lateral)
[2026-08-11 00:52:25.244] [info] Frame 37 (t = 0.37):	 total squared error = 0.000214965, marker error: RMS = 0.00293234, max = 0.00605406 (L_Thigh_Lateral)
[2026-08-11 00:52:25.279] [info] Frame 38 (t = 0.38):	 total squared error = 0.000240344, marker error: RMS = 0.00310061, max = 0.00762468 (L_Shank_Lateral)
[2026-08-11 00:52:25.322] [info] Frame 39 (t = 0.39):	 total squared error = 0.000272379, marker error: RMS = 0.00330078, max = 0.00925276 (L_Shank_Lateral)
[2026-08-11 00:52:25.349] [info] Frame 40 (t = 0.4):	 total squared error = 0.000310121, marker error: RMS = 0.00352205, max = 0.0108358 (L_Shank_Lateral)
[2026-08-11 00:52:25.383] [info] Frame 41 (t = 0.41):	 total squared error = 0.000339377, marker error: RMS = 0.00368444, max = 0.0118586 (L_Shank_Lateral)
[2026-08-11 00:52:25.433] [info] Frame 42 (t = 0.42):	 total squared error = 0.000361100, marker error: RMS = 0.00380053, max = 0.0125539 (L_Shank_Lateral)
[2026-08-11 00:52:25.472] [info] Frame 43 (t = 0.43):	 total squared error = 0.000375134, marker error: RMS = 0.00387368, max = 0.0128838 (L_Shank_Lateral)
[2026-08-11 00:52:25.509] [info] Frame 44 (t = 0.44):	 total squared error = 0.000382537, marker error: RMS = 0.00391171, max = 0.0128917 (L_Shank_Lateral)
[2026-08-11 00:52:25.545] [info] Frame 45 (t = 0.45):	 total squared error = 0.000384716, marker error: RMS = 0.00392283, max = 0.0125845 (L_Shank_Lateral)
[2026-08-11 00:52:25.567] [info] Frame 46 (t = 0.46):	 total squared error = 0.000402619, marker error: RMS = 0.00401307, max = 0.0123188 (L_Shank_Lateral)
[2026-08-11 00:52:25.605] [info] Frame 47 (t = 0.47):	 total squared error = 0.000380848, marker error: RMS = 0.00390307, max = 0.0117064 (L_Shank_Lateral)
[2026-08-11 00:52:25.635] [info] Frame 48 (t = 0.48):	 total squared error = 0.000370422, marker error: RMS = 0.00384927, max = 0.0111518 (L_Shank_Lateral)
[2026-08-11 00:52:25.689] [info] Frame 49 (t = 0.49):	 total squared error = 0.000343365, marker error: RMS = 0.00370602, max = 0.0104089 (L_Shank_Lateral)
[2026-08-11 00:52:25.726] [info] Frame 50 (t = 0.5):	 total squared error = 0.000310177, marker error: RMS = 0.00352237, max = 0.00936587 (L_Shank_Lateral)
[2026-08-11 00:52:25.767] [info] Frame 51 (t = 0.51):	 total squared error = 0.000273004, marker error: RMS = 0.00330456, max = 0.00800204 (L_Shank_Lateral)
[2026-08-11 00:52:25.812] [info] Frame 52 (t = 0.52):	 total squared error = 0.000243313, marker error: RMS = 0.00311970, max = 0.00625471 (L_Shank_Lateral)
[2026-08-11 00:52:25.852] [info] Frame 53 (t = 0.53):	 total squared error = 0.000235429, marker error: RMS = 0.00306874, max = 0.00588863 (R_Thigh_Lateral)
[2026-08-11 00:52:25.876] [info] Frame 54 (t = 0.54):	 total squared error = 0.000265024, marker error: RMS = 0.00325591, max = 0.00635690 (R_Thigh_Lateral)
[2026-08-11 00:52:25.914] [info] Frame 55 (t = 0.55):	 total squared error = 0.000320460, marker error: RMS = 0.00358028, max = 0.00656526 (R_Thigh_Lateral)
[2026-08-11 00:52:25.940] [info] Frame 56 (t = 0.56):	 total squared error = 0.000405992, marker error: RMS = 0.00402985, max = 0.00710321 (R_Thigh_Lateral)
[2026-08-11 00:52:25.977] [info] Frame 57 (t = 0.57):	 total squared error = 0.000494314, marker error: RMS = 0.00444663, max = 0.00754640 (Sternum)
[2026-08-11 00:52:25.992] [info] Frame 58 (t = 0.58):	 total squared error = 0.000577751, marker error: RMS = 0.00480729, max = 0.00840185 (Sternum)
[2026-08-11 00:52:26.030] [info] Frame 59 (t = 0.59):	 total squared error = 0.000622884, marker error: RMS = 0.00499153, max = 0.00913178 (Sternum)
[2026-08-11 00:52:26.056] [info] Frame 60 (t = 0.6):	 total squared error = 0.000653481, marker error: RMS = 0.00511266, max = 0.00960719 (Sternum)
[2026-08-11 00:52:26.096] [info] Frame 61 (t = 0.61):	 total squared error = 0.000647955, marker error: RMS = 0.00509099, max = 0.00969831 (Sternum)
[2026-08-11 00:52:26.114] [info] Frame 62 (t = 0.62):	 total squared error = 0.000629240, marker error: RMS = 0.00501693, max = 0.00956145 (Sternum)
[2026-08-11 00:52:26.155] [info] Frame 63 (t = 0.63):	 total squared error = 0.000578012, marker error: RMS = 0.00480838, max = 0.00926987 (Sternum)
[2026-08-11 00:52:26.183] [info] Frame 64 (t = 0.64):	 total squared error = 0.000523825, marker error: RMS = 0.00457744, max = 0.00856279 (Sternum)
[2026-08-11 00:52:26.205] [info] Frame 65 (t = 0.65):	 total squared error = 0.000460684, marker error: RMS = 0.00429271, max = 0.00783648 (R_Asis)
[2026-08-11 00:52:26.227] [info] Frame 66 (t = 0.66):	 total squared error = 0.000393061, marker error: RMS = 0.00396515, max = 0.00707087 (R_Asis)
[2026-08-11 00:52:26.275] [info] Frame 67 (t = 0.67):	 total squared error = 0.000296725, marker error: RMS = 0.00344514, max = 0.00610464 (R_Asis)
[2026-08-11 00:52:26.303] [info] Frame 68 (t = 0.68):	 total squared error = 0.000255439, marker error: RMS = 0.00319649, max = 0.00538045 (R_Ankle_Lateral)
[2026-08-11 00:52:26.327] [info] Frame 69 (t = 0.69):	 total squared error = 0.000238273, marker error: RMS = 0.00308722, max = 0.00511278 (R_Ankle_Lateral)
[2026-08-11 00:52:26.356] [info] Frame 70 (t = 0.7):	 total squared error = 0.000233716, marker error: RMS = 0.00305755, max = 0.00464755 (Sacral)
[2026-08-11 00:52:26.408] [info] Frame 71 (t = 0.71):	 total squared error = 0.000225750, marker error: RMS = 0.00300499, max = 0.00508883 (Sacral)
[2026-08-11 00:52:26.435] [info] Frame 72 (t = 0.72):	 total squared error = 0.000228644, marker error: RMS = 0.00302420, max = 0.00503716 (Sacral)
[2026-08-11 00:52:26.475] [info] Frame 73 (t = 0.73):	 total squared error = 0.000228257, marker error: RMS = 0.00302164, max = 0.00525881 (Sacral)
[2026-08-11 00:52:26.510] [info] Frame 74 (t = 0.74):	 total squared error = 0.000229410, marker error: RMS = 0.00302926, max = 0.00537084 (L_Asis)
[2026-08-11 00:52:26.534] [info] Frame 75 (t = 0.75):	 total squared error = 0.000235284, marker error: RMS = 0.00306779, max = 0.00583951 (L_Asis)
[2026-08-11 00:52:26.563] [info] Frame 76 (t = 0.76):	 total squared error = 0.000241198, marker error: RMS = 0.00310611, max = 0.00596452 (L_Asis)
[2026-08-11 00:52:26.609] [info] Frame 77 (t = 0.77):	 total squared error = 0.000242519, marker error: RMS = 0.00311460, max = 0.00628616 (L_Asis)
[2026-08-11 00:52:26.658] [info] Frame 78 (t = 0.78):	 total squared error = 0.000258956, marker error: RMS = 0.00321842, max = 0.00639394 (L_Asis)
[2026-08-11 00:52:26.681] [info] Frame 79 (t = 0.79):	 total squared error = 0.000283738, marker error: RMS = 0.00336890, max = 0.00598785 (L_Asis)
[2026-08-11 00:52:26.727] [info] Frame 80 (t = 0.8):	 total squared error = 0.000311867, marker error: RMS = 0.00353195, max = 0.00699161 (R_Shank_Lateral)
[2026-08-11 00:52:26.754] [info] Frame 81 (t = 0.81):	 total squared error = 0.000351642, marker error: RMS = 0.00375043, max = 0.00875172 (R_Shank_Lateral)
[2026-08-11 00:52:26.773] [info] Frame 82 (t = 0.82):	 total squared error = 0.000412143, marker error: RMS = 0.00406026, max = 0.0107126 (R_Shank_Lateral)
[2026-08-11 00:52:26.819] [info] Frame 83 (t = 0.83):	 total squared error = 0.000426624, marker error: RMS = 0.00413098, max = 0.011171 (R_Shank_Lateral)
[2026-08-11 00:52:26.851] [info] Frame 84 (t = 0.84):	 total squared error = 0.000464931, marker error: RMS = 0.00431245, max = 0.0126258 (R_Shank_Lateral)
[2026-08-11 00:52:26.887] [info] Frame 85 (t = 0.85):	 total squared error = 0.000484935, marker error: RMS = 0.00440425, max = 0.0129882 (R_Shank_Lateral)
[2026-08-11 00:52:26.922] [info] Frame 86 (t = 0.86):	 total squared error = 0.000500693, marker error: RMS = 0.00447523, max = 0.0132934 (R_Shank_Lateral)
[2026-08-11 00:52:26.954] [info] Frame 87 (t = 0.87):	 total squared error = 0.000509524, marker error: RMS = 0.00451453, max = 0.0133080 (R_Shank_Lateral)
[2026-08-11 00:52:26.984] [info] Frame 88 (t = 0.88):	 total squared error = 0.000512194, marker error: RMS = 0.00452634, max = 0.0130577 (R_Shank_Lateral)
[2026-08-11 00:52:27.014] [info] Frame 89 (t = 0.89):	 total squared error = 0.000510098, marker error: RMS = 0.00451707, max = 0.0127115 (R_Shank_Lateral)
[2026-08-11 00:52:27.047] [info] Frame 90 (t = 0.9):	 total squared error = 0.000498766, marker error: RMS = 0.00446661, max = 0.0122020 (R_Shank_Lateral)
[2026-08-11 00:52:27.069] [info] Frame 91 (t = 0.91):	 total squared error = 0.000489111, marker error: RMS = 0.00442317, max = 0.0117668 (R_Shank_Lateral)
[2026-08-11 00:52:27.107] [info] Frame 92 (t = 0.92):	 total squared error = 0.000434775, marker error: RMS = 0.00417025, max = 0.0107761 (R_Shank_Lateral)
[2026-08-11 00:52:27.127] [info] Frame 93 (t = 0.93):	 total squared error = 0.000403738, marker error: RMS = 0.00401864, max = 0.0100748 (R_Shank_Lateral)
[2026-08-11 00:52:27.169] [info] Frame 94 (t = 0.94):	 total squared error = 0.000321329, marker error: RMS = 0.00358513, max = 0.00823467 (R_Shank_Lateral)
[2026-08-11 00:52:27.196] [info] Frame 95 (t = 0.95):	 total squared error = 0.000272449, marker error: RMS = 0.00330121, max = 0.00681530 (L_Thigh_Lateral)
[2026-08-11 00:52:27.221] [info] Frame 96 (t = 0.96):	 total squared error = 0.000243949, marker error: RMS = 0.00312377, max = 0.00715877 (L_Thigh_Lateral)
[2026-08-11 00:52:27.261] [info] Frame 97 (t = 0.97):	 total squared error = 0.000247843, marker error: RMS = 0.00314860, max = 0.00739764 (L_Thigh_Lateral)
[2026-08-11 00:52:27.284] [info] Frame 98 (t = 0.98):	 total squared error = 0.000299972, marker error: RMS = 0.00346394, max = 0.00776046 (L_Thigh_Lateral)
[2026-08-11 00:52:27.320] [info] Frame 99 (t = 0.99):	 total squared error = 0.000367756, marker error: RMS = 0.00383540, max = 0.00793481 (L_Thigh_Lateral)
[2026-08-11 00:52:27.334] [info] Frame 100 (t = 1.0):	 total squared error = 0.000442688, marker error: RMS = 0.00420803, max = 0.00838569 (L_Thigh_Lateral)
[2026-08-11 00:52:27.358] [info] Frame 101 (t = 1.01):	 total squared error = 0.000478691, marker error: RMS = 0.00437580, max = 0.00842416 (L_Thigh_Lateral)
[2026-08-11 00:52:27.396] [info] Frame 102 (t = 1.02):	 total squared error = 0.000491966, marker error: RMS = 0.00443606, max = 0.00812570 (L_Thigh_Lateral)
[2026-08-11 00:52:27.417] [info] Frame 103 (t = 1.03):	 total squared error = 0.000484208, marker error: RMS = 0.00440095, max = 0.00804470 (L_Thigh_Lateral)
[2026-08-11 00:52:27.442] [info] Frame 104 (t = 1.04):	 total squared error = 0.000470952, marker error: RMS = 0.00434028, max = 0.00797826 (R_Asis)
[2026-08-11 00:52:27.465] [info] Frame 105 (t = 1.05):	 total squared error = 0.000454999, marker error: RMS = 0.00426614, max = 0.00794116 (R_Asis)
[2026-08-11 00:52:27.488] [info] Frame 106 (t = 1.06):	 total squared error = 0.000432832, marker error: RMS = 0.00416092, max = 0.00750668 (R_Asis)
[2026-08-11 00:52:27.511] [info] Frame 107 (t = 1.07):	 total squared error = 0.000398309, marker error: RMS = 0.00399154, max = 0.00690713 (R_Asis)
[2026-08-11 00:52:27.553] [info] Frame 108 (t = 1.08):	 total squared error = 0.000344329, marker error: RMS = 0.00371122, max = 0.00692014 (L_Ankle_Lateral)
[2026-08-11 00:52:27.573] [info] Frame 109 (t = 1.09):	 total squared error = 0.000292595, marker error: RMS = 0.00342108, max = 0.00699474 (L_Ankle_Lateral)
[2026-08-11 00:52:27.596] [info] Frame 110 (t = 1.1):	 total squared error = 0.000265442, marker error: RMS = 0.00325848, max = 0.00682726 (L_Ankle_Lateral)
[2026-08-11 00:52:27.630] [info] Frame 111 (t = 1.11):	 total squared error = 0.000262970, marker error: RMS = 0.00324327, max = 0.00648164 (L_Ankle_Lateral)
[2026-08-11 00:52:27.658] [info] Frame 112 (t = 1.12):	 total squared error = 0.000271235, marker error: RMS = 0.00329384, max = 0.00632201 (Thoracic)
[2026-08-11 00:52:27.692] [info] Frame 113 (t = 1.13):	 total squared error = 0.000278418, marker error: RMS = 0.00333717, max = 0.00645386 (Thoracic)
[2026-08-11 00:52:27.713] [info] Frame 114 (t = 1.14):	 total squared error = 0.000283390, marker error: RMS = 0.00336684, max = 0.00658258 (Thoracic)
[2026-08-11 00:52:27.741] [info] Frame 115 (t = 1.15):	 total squared error = 0.000287624, marker error: RMS = 0.00339190, max = 0.00668671 (Thoracic)
[2026-08-11 00:52:27.783] [info] Frame 116 (t = 1.16):	 total squared error = 0.000279106, marker error: RMS = 0.00334129, max = 0.00676524 (Thoracic)
[2026-08-11 00:52:27.809] [info] Frame 117 (t = 1.17):	 total squared error = 0.000282998, marker error: RMS = 0.00336451, max = 0.00685724 (Thoracic)
[2026-08-11 00:52:27.838] [info] Frame 118 (t = 1.18):	 total squared error = 0.000280789, marker error: RMS = 0.00335135, max = 0.00692573 (Thoracic)
[2026-08-11 00:52:27.859] [info] Frame 119 (t = 1.19):	 total squared error = 0.000286527, marker error: RMS = 0.00338542, max = 0.00694963 (Thoracic)
[2026-08-11 00:52:27.882] [info] Frame 120 (t = 1.2):	 total squared error = 0.000289884, marker error: RMS = 0.00340520, max = 0.00691665 (Thoracic)
[2026-08-11 00:52:27.898] [info] Frame 121 (t = 1.21):	 total squared error = 0.000306603, marker error: RMS = 0.00350202, max = 0.00696430 (Thoracic)
[2026-08-11 00:52:27.921] [info] Frame 122 (t = 1.22):	 total squared error = 0.000323504, marker error: RMS = 0.00359724, max = 0.00768201 (L_Shank_Lateral)
[2026-08-11 00:52:27.947] [info] Frame 123 (t = 1.23):	 total squared error = 0.000351572, marker error: RMS = 0.00375005, max = 0.00939675 (L_Shank_Lateral)
[2026-08-11 00:52:27.965] [info] Frame 124 (t = 1.24):	 total squared error = 0.000396350, marker error: RMS = 0.00398171, max = 0.0110983 (L_Shank_Lateral)
[2026-08-11 00:52:28.003] [info] Frame 125 (t = 1.25):	 total squared error = 0.000411708, marker error: RMS = 0.00405812, max = 0.0120522 (L_Shank_Lateral)
[2026-08-11 00:52:28.029] [info] Frame 126 (t = 1.26):	 total squared error = 0.000441441, marker error: RMS = 0.00420210, max = 0.0130455 (L_Shank_Lateral)
[2026-08-11 00:52:28.055] [info] Frame 127 (t = 1.27):	 total squared error = 0.000459353, marker error: RMS = 0.00428651, max = 0.0135572 (L_Shank_Lateral)
[2026-08-11 00:52:28.093] [info] Frame 128 (t = 1.28):	 total squared error = 0.000454977, marker error: RMS = 0.00426604, max = 0.0133646 (L_Shank_Lateral)
[2026-08-11 00:52:28.141] [info] Frame 129 (t = 1.29):	 total squared error = 0.000450608, marker error: RMS = 0.00424551, max = 0.0132498 (L_Shank_Lateral)
[2026-08-11 00:52:28.177] [info] Frame 130 (t = 1.3):	 total squared error = 0.000446716, marker error: RMS = 0.00422713, max = 0.0128553 (L_Shank_Lateral)
[2026-08-11 00:52:28.218] [info] Frame 131 (t = 1.31):	 total squared error = 0.000435233, marker error: RMS = 0.00417245, max = 0.0124122 (L_Shank_Lateral)
[2026-08-11 00:52:28.257] [info] Frame 132 (t = 1.32):	 total squared error = 0.000414913, marker error: RMS = 0.00407388, max = 0.0119193 (L_Shank_Lateral)
[2026-08-11 00:52:28.289] [info] Frame 133 (t = 1.33):	 total squared error = 0.000378086, marker error: RMS = 0.00388889, max = 0.0111191 (L_Shank_Lateral)
[2026-08-11 00:52:28.326] [info] Frame 134 (t = 1.34):	 total squared error = 0.000326372, marker error: RMS = 0.00361316, max = 0.00999208 (L_Shank_Lateral)
[2026-08-11 00:52:28.356] [info] Frame 135 (t = 1.35):	 total squared error = 0.000269814, marker error: RMS = 0.00328520, max = 0.00867774 (L_Shank_Lateral)
[2026-08-11 00:52:28.405] [info] Frame 136 (t = 1.36):	 total squared error = 0.000212572, marker error: RMS = 0.00291597, max = 0.00672939 (L_Shank_Lateral)
[2026-08-11 00:52:28.439] [info] Frame 137 (t = 1.37):	 total squared error = 0.000179136, marker error: RMS = 0.00267683, max = 0.00471456 (R_Thigh_Lateral)
[2026-08-11 00:52:28.491] [info] Frame 138 (t = 1.38):	 total squared error = 0.000174087, marker error: RMS = 0.00263884, max = 0.00510494 (R_Thigh_Lateral)
[2026-08-11 00:52:28.519] [info] Frame 139 (t = 1.39):	 total squared error = 0.000203338, marker error: RMS = 0.00285193, max = 0.00547920 (R_Thigh_Lateral)
[2026-08-11 00:52:28.544] [info] Frame 140 (t = 1.4):	 total squared error = 0.000260641, marker error: RMS = 0.00322887, max = 0.00610499 (L_Thigh_Lateral)
[2026-08-11 00:52:28.583] [info] Frame 141 (t = 1.41):	 total squared error = 0.000316374, marker error: RMS = 0.00355738, max = 0.00699973 (L_Thigh_Lateral)
[2026-08-11 00:52:28.594] [info] Frame 142 (t = 1.42):	 total squared error = 0.000380112, marker error: RMS = 0.00389929, max = 0.00728336 (L_Thigh_Lateral)
[2026-08-11 00:52:28.636] [info] Frame 143 (t = 1.43):	 total squared error = 0.000400573, marker error: RMS = 0.00400286, max = 0.00679216 (L_Thigh_Lateral)
[2026-08-11 00:52:28.658] [info] Frame 144 (t = 1.44):	 total squared error = 0.000417541, marker error: RMS = 0.00408676, max = 0.00701037 (R_Thigh_Lateral)
[2026-08-11 00:52:28.676] [info] Frame 145 (t = 1.45):	 total squared error = 0.000430443, marker error: RMS = 0.00414942, max = 0.00740433 (L_Asis)
[2026-08-11 00:52:28.704] [info] Frame 146 (t = 1.46):	 total squared error = 0.000413468, marker error: RMS = 0.00406678, max = 0.00742931 (L_Asis)
[2026-08-11 00:52:28.727] [info] Frame 147 (t = 1.47):	 total squared error = 0.000396707, marker error: RMS = 0.00398350, max = 0.00762445 (L_Asis)
[2026-08-11 00:52:28.758] [info] Frame 148 (t = 1.48):	 total squared error = 0.000361864, marker error: RMS = 0.00380455, max = 0.00716882 (L_Asis)
[2026-08-11 00:52:28.802] [info] Frame 149 (t = 1.49):	 total squared error = 0.000300919, marker error: RMS = 0.00346941, max = 0.00637818 (R_Asis)
[2026-08-11 00:52:28.826] [info] Frame 150 (t = 1.5):	 total squared error = 0.000256542, marker error: RMS = 0.00320338, max = 0.00555854 (R_Asis)
[2026-08-11 00:52:28.853] [info] Frame 151 (t = 1.51):	 total squared error = 0.000221757, marker error: RMS = 0.00297830, max = 0.00528528 (Sacral)
[2026-08-11 00:52:28.878] [info] Frame 152 (t = 1.52):	 total squared error = 0.000210482, marker error: RMS = 0.00290160, max = 0.00562336 (Sacral)
[2026-08-11 00:52:28.911] [info] Frame 153 (t = 1.53):	 total squared error = 0.000222334, marker error: RMS = 0.00298218, max = 0.00636899 (Sacral)
[2026-08-11 00:52:28.948] [info] Frame 154 (t = 1.54):	 total squared error = 0.000244081, marker error: RMS = 0.00312462, max = 0.00707880 (Sacral)
[2026-08-11 00:52:28.982] [info] Frame 155 (t = 1.55):	 total squared error = 0.000267201, marker error: RMS = 0.00326926, max = 0.00767557 (Sacral)
[2026-08-11 00:52:29.007] [info] Frame 156 (t = 1.56):	 total squared error = 0.000285249, marker error: RMS = 0.00337786, max = 0.00780823 (Sacral)
[2026-08-11 00:52:29.031] [info] Frame 157 (t = 1.57):	 total squared error = 0.000296392, marker error: RMS = 0.00344321, max = 0.00766280 (Sacral)
[2026-08-11 00:52:29.103] [info] Frame 158 (t = 1.58):	 total squared error = 0.000294412, marker error: RMS = 0.00343169, max = 0.00760183 (Sacral)
[2026-08-11 00:52:29.127] [info] Frame 159 (t = 1.59):	 total squared error = 0.000291984, marker error: RMS = 0.00341751, max = 0.00673017 (Sacral)
[2026-08-11 00:52:29.188] [info] Frame 160 (t = 1.6):	 total squared error = 0.000282694, marker error: RMS = 0.00336270, max = 0.00618850 (Sacral)
[2026-08-11 00:52:29.217] [info] Frame 161 (t = 1.61):	 total squared error = 0.000278860, marker error: RMS = 0.00333982, max = 0.00569934 (R_Thigh_Lateral)
[2026-08-11 00:52:29.243] [info] Frame 162 (t = 1.62):	 total squared error = 0.000286582, marker error: RMS = 0.00338575, max = 0.00631084 (R_Shank_Lateral)
[2026-08-11 00:52:29.267] [info] Frame 163 (t = 1.63):	 total squared error = 0.000309762, marker error: RMS = 0.00352001, max = 0.00743373 (R_Shank_Lateral)
[2026-08-11 00:52:29.282] [info] Frame 164 (t = 1.64):	 total squared error = 0.000364704, marker error: RMS = 0.00381944, max = 0.00911230 (R_Shank_Lateral)
[2026-08-11 00:52:29.328] [info] Frame 165 (t = 1.65):	 total squared error = 0.000354207, marker error: RMS = 0.00376408, max = 0.00992960 (R_Shank_Lateral)
[2026-08-11 00:52:29.366] [info] Frame 166 (t = 1.66):	 total squared error = 0.000390867, marker error: RMS = 0.00395407, max = 0.0114592 (R_Shank_Lateral)
[2026-08-11 00:52:29.400] [info] Frame 167 (t = 1.67):	 total squared error = 0.000422854, marker error: RMS = 0.00411268, max = 0.0125825 (R_Shank_Lateral)
[2026-08-11 00:52:29.447] [info] Frame 168 (t = 1.68):	 total squared error = 0.000442566, marker error: RMS = 0.00420745, max = 0.0132414 (R_Shank_Lateral)
[2026-08-11 00:52:29.501] [info] Frame 169 (t = 1.69):	 total squared error = 0.000449863, marker error: RMS = 0.00424199, max = 0.0135676 (R_Shank_Lateral)
[2026-08-11 00:52:29.538] [info] Frame 170 (t = 1.7):	 total squared error = 0.000447472, marker error: RMS = 0.00423071, max = 0.0136 (R_Shank_Lateral)
[2026-08-11 00:52:29.543] [info] InverseKinematicsTool completed 171 frames in 5 second(s).
[2026-08-11 00:52:29.594] [info] Loaded model SUBJ63-scaled from file C:\Users\migue\Downloads\TFG\2_JMP\SUBJ63\Walk_3\SUBJ63_3_JMP_results\SUBJ63_3_NMSM_JMP_08_wrist_axis_FINAL.osim
[2026-08-11 00:52:30.155] [warning] Coordinate.setValue:  coordinate pro_sup_r is locked. Unable to change its value.
[2026-08-11 00:52:30.195] [warning] Coordinate.setValue:  coordinate pro_sup_l is locked. Unable to change its value.
