[2026-07-19 10:08:07.765] [info] Loaded model TCV36-scaled from file TVC36_scaled.osim
[2026-07-19 10:08:09.482] [info] Loaded model TCV36-scaled from file TVC36_scaled_jmp_temp.osim
[2026-07-19 10:08:35.868] [info] Loaded model TCV36-scaled from file TVC36_scaled_jmp_temp.osim
[2026-07-19 10:08:35.926] [info] Loaded model TCV36-scaled from file TVC36_scaled_jmp_temp.osim
[2026-07-19 10:08:35.934] [info] Loaded model TCV36-scaled from file TVC36_scaled_jmp_temp.osim
[2026-07-19 10:08:35.990] [info] Loaded model TCV36-scaled from file TVC36_scaled_jmp_temp.osim
[2026-07-19 10:08:36.017] [info] Loaded model TCV36-scaled from file TVC36_scaled_jmp_temp.osim
[2026-07-19 10:08:36.042] [info] Loaded model TCV36-scaled from file TVC36_scaled_jmp_temp.osim
[2026-07-19 13:33:40.945] [info] Loaded model TCV36-scaled from file TVC36_scaled_jmp_temp.osim
[2026-07-19 13:33:41.311] [info] Loaded model TCV36-scaled from file TVC36_1_JMP_results\TVC36_1_NMSM_JMP_01_pelvis_thigh.osim
[2026-07-19 13:33:41.846] [info] Loaded model TCV36-scaled from file TVC36_1_NMSM_JMP_01_pelvis_thigh_jmp_temp.osim
[2026-07-19 13:33:46.943] [info] Loaded model TCV36-scaled from file TVC36_1_NMSM_JMP_01_pelvis_thigh_jmp_temp.osim
[2026-07-19 13:33:46.944] [info] Loaded model TCV36-scaled from file TVC36_1_NMSM_JMP_01_pelvis_thigh_jmp_temp.osim
[2026-07-19 13:33:46.950] [info] Loaded model TCV36-scaled from file TVC36_1_NMSM_JMP_01_pelvis_thigh_jmp_temp.osim
[2026-07-19 13:33:46.950] [info] Loaded model TCV36-scaled from file TVC36_1_NMSM_JMP_01_pelvis_thigh_jmp_temp.osim
[2026-07-19 13:33:46.951] [info] Loaded model TCV36-scaled from file TVC36_1_NMSM_JMP_01_pelvis_thigh_jmp_temp.osim
[2026-07-19 13:33:46.955] [info] Loaded model TCV36-scaled from file TVC36_1_NMSM_JMP_01_pelvis_thigh_jmp_temp.osim
[2026-07-19 14:35:00.547] [info] Loaded model TCV36-scaled from file TVC36_1_NMSM_JMP_01_pelvis_thigh_jmp_temp.osim
[2026-07-19 14:35:00.808] [info] Loaded model TCV36-scaled from file TVC36_1_JMP_results\TVC36_1_NMSM_JMP_02_knee_ankle.osim
[2026-07-19 14:35:01.606] [info] Loaded model TCV36-scaled from file TVC36_1_NMSM_JMP_02_knee_ankle_jmp_temp.osim
[2026-07-19 14:35:06.671] [info] Loaded model TCV36-scaled from file TVC36_1_NMSM_JMP_02_knee_ankle_jmp_temp.osim
[2026-07-19 14:35:06.675] [info] Loaded model TCV36-scaled from file TVC36_1_NMSM_JMP_02_knee_ankle_jmp_temp.osim
[2026-07-19 14:35:06.675] [info] Loaded model TCV36-scaled from file TVC36_1_NMSM_JMP_02_knee_ankle_jmp_temp.osim
[2026-07-19 14:35:06.676] [info] Loaded model TCV36-scaled from file TVC36_1_NMSM_JMP_02_knee_ankle_jmp_temp.osim
[2026-07-19 14:35:06.679] [info] Loaded model TCV36-scaled from file TVC36_1_NMSM_JMP_02_knee_ankle_jmp_temp.osim
[2026-07-19 14:35:06.680] [info] Loaded model TCV36-scaled from file TVC36_1_NMSM_JMP_02_knee_ankle_jmp_temp.osim
[2026-07-19 15:53:08.854] [info] Loaded model TCV36-scaled from file TVC36_1_NMSM_JMP_02_knee_ankle_jmp_temp.osim
[2026-07-19 15:53:09.192] [info] Loaded model TCV36-scaled from file TVC36_1_JMP_results\TVC36_1_NMSM_JMP_03_final.osim
[2026-07-19 15:53:09.472] [info] Loaded model TCV36-scaled from file TVC36_1_NMSM_JMP_03_final_jmp_temp.osim
[2026-07-19 15:53:13.293] [info] Loaded model TCV36-scaled from file TVC36_1_NMSM_JMP_03_final_jmp_temp.osim
[2026-07-19 15:53:13.301] [info] Loaded model TCV36-scaled from file TVC36_1_NMSM_JMP_03_final_jmp_temp.osim
[2026-07-19 15:53:13.309] [info] Loaded model TCV36-scaled from file TVC36_1_NMSM_JMP_03_final_jmp_temp.osim
[2026-07-19 15:53:13.310] [info] Loaded model TCV36-scaled from file TVC36_1_NMSM_JMP_03_final_jmp_temp.osim
[2026-07-19 15:53:26.044] [info] Loaded model TCV36-scaled from file TVC36_1_NMSM_JMP_03_final_jmp_temp.osim
[2026-07-19 15:53:26.194] [info] Loaded model TCV36-scaled from file TVC36_1_JMP_results\TVC36_1_NMSM_JMP_04_ankle_axis.osim
[2026-07-19 15:53:26.651] [info] Loaded model TCV36-scaled from file TVC36_1_NMSM_JMP_04_ankle_axis_jmp_temp.osim
[2026-07-19 15:53:29.728] [info] Loaded model TCV36-scaled from file TVC36_1_NMSM_JMP_04_ankle_axis_jmp_temp.osim
[2026-07-19 15:53:29.729] [info] Loaded model TCV36-scaled from file TVC36_1_NMSM_JMP_04_ankle_axis_jmp_temp.osim
[2026-07-19 15:53:29.732] [info] Loaded model TCV36-scaled from file TVC36_1_NMSM_JMP_04_ankle_axis_jmp_temp.osim
[2026-07-19 15:53:29.733] [info] Loaded model TCV36-scaled from file TVC36_1_NMSM_JMP_04_ankle_axis_jmp_temp.osim
[2026-07-19 15:53:29.734] [info] Loaded model TCV36-scaled from file TVC36_1_NMSM_JMP_04_ankle_axis_jmp_temp.osim
[2026-07-19 15:53:29.735] [info] Loaded model TCV36-scaled from file TVC36_1_NMSM_JMP_04_ankle_axis_jmp_temp.osim
[2026-07-19 16:21:42.266] [info] Loaded model TCV36-scaled from file TVC36_1_NMSM_JMP_04_ankle_axis_jmp_temp.osim
[2026-07-19 16:21:42.455] [info] Loaded model TCV36-scaled from file TVC36_1_JMP_results\TVC36_1_NMSM_JMP_05_torso.osim
[2026-07-19 16:21:42.926] [info] Loaded model TCV36-scaled from file TVC36_1_NMSM_JMP_05_torso_jmp_temp.osim
[2026-07-19 16:21:45.913] [info] Loaded model TCV36-scaled from file TVC36_1_NMSM_JMP_05_torso_jmp_temp.osim
[2026-07-19 16:21:45.917] [info] Loaded model TCV36-scaled from file TVC36_1_NMSM_JMP_05_torso_jmp_temp.osim
[2026-07-19 16:21:45.917] [info] Loaded model TCV36-scaled from file TVC36_1_NMSM_JMP_05_torso_jmp_temp.osim
[2026-07-19 16:21:45.917] [info] Loaded model TCV36-scaled from file TVC36_1_NMSM_JMP_05_torso_jmp_temp.osim
[2026-07-19 16:21:45.924] [info] Loaded model TCV36-scaled from file TVC36_1_NMSM_JMP_05_torso_jmp_temp.osim
[2026-07-19 16:21:45.924] [info] Loaded model TCV36-scaled from file TVC36_1_NMSM_JMP_05_torso_jmp_temp.osim
[2026-07-19 16:26:03.283] [info] Loaded model TCV36-scaled from file TVC36_1_NMSM_JMP_05_torso_jmp_temp.osim
[2026-07-19 16:26:03.562] [info] Loaded model TCV36-scaled from file TVC36_1_JMP_results\TVC36_1_NMSM_JMP_06_shoulder_elbow.osim
[2026-07-19 16:26:04.360] [info] Loaded model TCV36-scaled from file TVC36_1_NMSM_JMP_06_shoulder_elbow_jmp_temp.osim
[2026-07-19 16:26:08.148] [info] Loaded model TCV36-scaled from file TVC36_1_NMSM_JMP_06_shoulder_elbow_jmp_temp.osim
[2026-07-19 16:26:08.172] [info] Loaded model TCV36-scaled from file TVC36_1_NMSM_JMP_06_shoulder_elbow_jmp_temp.osim
[2026-07-19 16:26:08.172] [info] Loaded model TCV36-scaled from file TVC36_1_NMSM_JMP_06_shoulder_elbow_jmp_temp.osim
[2026-07-19 16:26:08.175] [info] Loaded model TCV36-scaled from file TVC36_1_NMSM_JMP_06_shoulder_elbow_jmp_temp.osim
[2026-07-19 16:26:08.176] [info] Loaded model TCV36-scaled from file TVC36_1_NMSM_JMP_06_shoulder_elbow_jmp_temp.osim
[2026-07-19 16:26:08.178] [info] Loaded model TCV36-scaled from file TVC36_1_NMSM_JMP_06_shoulder_elbow_jmp_temp.osim
[2026-07-19 17:00:23.488] [info] Loaded model TCV36-scaled from file TVC36_1_NMSM_JMP_06_shoulder_elbow_jmp_temp.osim
[2026-07-19 17:00:23.910] [info] Loaded model TCV36-scaled from file TVC36_1_JMP_results\TVC36_1_NMSM_JMP_07_upper_limb_final.osim
[2026-07-19 17:00:24.275] [info] Loaded model TCV36-scaled from file TVC36_1_NMSM_JMP_07_upper_limb_final_jmp_temp.osim
[2026-07-19 17:00:27.499] [info] Loaded model TCV36-scaled from file TVC36_1_NMSM_JMP_07_upper_limb_final_jmp_temp.osim
[2026-07-19 17:00:27.519] [info] Loaded model TCV36-scaled from file TVC36_1_NMSM_JMP_07_upper_limb_final_jmp_temp.osim
[2026-07-19 17:00:27.521] [info] Loaded model TCV36-scaled from file TVC36_1_NMSM_JMP_07_upper_limb_final_jmp_temp.osim
[2026-07-19 17:00:27.526] [info] Loaded model TCV36-scaled from file TVC36_1_NMSM_JMP_07_upper_limb_final_jmp_temp.osim
[2026-07-19 17:00:27.526] [info] Loaded model TCV36-scaled from file TVC36_1_NMSM_JMP_07_upper_limb_final_jmp_temp.osim
[2026-07-19 17:00:27.527] [info] Loaded model TCV36-scaled from file TVC36_1_NMSM_JMP_07_upper_limb_final_jmp_temp.osim
[2026-07-19 17:04:28.447] [info] Loaded model TCV36-scaled from file TVC36_1_NMSM_JMP_07_upper_limb_final_jmp_temp.osim
[2026-07-19 17:04:50.095] [info] Loaded model TCV36-scaled from file C:\Users\lucia\Desktop\TFG\2_JMP\TVC36\Walk_1\TVC36_scaled.osim
[2026-07-19 17:04:50.106] [cout] [info] 
               MODEL: TCV36-scaled
         coordinates: 41
              forces: 103
           actuators: 103
             muscles: 86
            analyses: 0
              probes: 0
              bodies: 24
              joints: 24
         constraints: 2
             markers: 27
         controllers: 0
  contact geometries: 0
misc modelcomponents: 0
[2026-07-19 17:04:50.107] [info] Running tool .
[2026-07-19 17:04:50.214] [info] Frame 50 (t = 0.5):	 total squared error = 0.00532752, marker error: RMS = 0.0140469, max = 0.0445307 (R_Knee_Lateral)
[2026-07-19 17:04:50.234] [info] Frame 51 (t = 0.51):	 total squared error = 0.00524016, marker error: RMS = 0.0139313, max = 0.0436887 (R_Knee_Lateral)
[2026-07-19 17:04:50.254] [info] Frame 52 (t = 0.52):	 total squared error = 0.00513781, marker error: RMS = 0.0137945, max = 0.0428439 (R_Knee_Lateral)
[2026-07-19 17:04:50.269] [info] Frame 53 (t = 0.53):	 total squared error = 0.00503392, marker error: RMS = 0.0136544, max = 0.0419814 (R_Knee_Lateral)
[2026-07-19 17:04:50.295] [info] Frame 54 (t = 0.54):	 total squared error = 0.00492505, marker error: RMS = 0.0135059, max = 0.0413618 (R_Knee_Lateral)
[2026-07-19 17:04:50.313] [info] Frame 55 (t = 0.55):	 total squared error = 0.00484978, marker error: RMS = 0.0134023, max = 0.0403726 (R_Knee_Lateral)
[2026-07-19 17:04:50.340] [info] Frame 56 (t = 0.56):	 total squared error = 0.00478215, marker error: RMS = 0.0133085, max = 0.039574 (R_Knee_Lateral)
[2026-07-19 17:04:50.366] [info] Frame 57 (t = 0.57):	 total squared error = 0.00473163, marker error: RMS = 0.013238, max = 0.0385814 (R_Knee_Lateral)
[2026-07-19 17:04:50.380] [info] Frame 58 (t = 0.58):	 total squared error = 0.00468666, marker error: RMS = 0.013175, max = 0.0375092 (R_Knee_Lateral)
[2026-07-19 17:04:50.397] [info] Frame 59 (t = 0.59):	 total squared error = 0.00462400, marker error: RMS = 0.0130866, max = 0.036538 (R_Knee_Lateral)
[2026-07-19 17:04:50.412] [info] Frame 60 (t = 0.6):	 total squared error = 0.00453918, marker error: RMS = 0.012966, max = 0.0354549 (R_Knee_Lateral)
[2026-07-19 17:04:50.439] [info] Frame 61 (t = 0.61):	 total squared error = 0.00441828, marker error: RMS = 0.0127922, max = 0.0341694 (R_Knee_Lateral)
[2026-07-19 17:04:50.457] [info] Frame 62 (t = 0.62):	 total squared error = 0.00429083, marker error: RMS = 0.0126063, max = 0.0333508 (R_Knee_Lateral)
[2026-07-19 17:04:50.475] [info] Frame 63 (t = 0.63):	 total squared error = 0.00415837, marker error: RMS = 0.0124102, max = 0.0325223 (R_Knee_Lateral)
[2026-07-19 17:04:50.490] [info] Frame 64 (t = 0.64):	 total squared error = 0.00403022, marker error: RMS = 0.0122175, max = 0.0317434 (R_Knee_Lateral)
[2026-07-19 17:04:50.515] [info] Frame 65 (t = 0.65):	 total squared error = 0.00391299, marker error: RMS = 0.0120385, max = 0.0311013 (R_Knee_Lateral)
[2026-07-19 17:04:50.533] [info] Frame 66 (t = 0.66):	 total squared error = 0.00380918, marker error: RMS = 0.0118777, max = 0.0306525 (R_Knee_Lateral)
[2026-07-19 17:04:50.546] [info] Frame 67 (t = 0.67):	 total squared error = 0.00372100, marker error: RMS = 0.0117395, max = 0.0301598 (R_Knee_Lateral)
[2026-07-19 17:04:50.565] [info] Frame 68 (t = 0.68):	 total squared error = 0.00363476, marker error: RMS = 0.0116026, max = 0.0298498 (R_Knee_Lateral)
[2026-07-19 17:04:50.578] [info] Frame 69 (t = 0.69):	 total squared error = 0.00355953, marker error: RMS = 0.0114819, max = 0.0293872 (R_Knee_Lateral)
[2026-07-19 17:04:50.605] [info] Frame 70 (t = 0.7):	 total squared error = 0.00348034, marker error: RMS = 0.0113535, max = 0.0291197 (R_Knee_Lateral)
[2026-07-19 17:04:50.620] [info] Frame 71 (t = 0.71):	 total squared error = 0.00341267, marker error: RMS = 0.0112426, max = 0.02861 (R_Knee_Lateral)
[2026-07-19 17:04:50.646] [info] Frame 72 (t = 0.72):	 total squared error = 0.00334306, marker error: RMS = 0.0111273, max = 0.0283331 (R_Knee_Lateral)
[2026-07-19 17:04:50.658] [info] Frame 73 (t = 0.73):	 total squared error = 0.00327835, marker error: RMS = 0.0110191, max = 0.0277588 (R_Knee_Lateral)
[2026-07-19 17:04:50.685] [info] Frame 74 (t = 0.74):	 total squared error = 0.00320971, marker error: RMS = 0.0109031, max = 0.0275395 (R_Knee_Lateral)
[2026-07-19 17:04:50.699] [info] Frame 75 (t = 0.75):	 total squared error = 0.00314167, marker error: RMS = 0.0107869, max = 0.0269154 (R_Knee_Lateral)
[2026-07-19 17:04:50.712] [info] Frame 76 (t = 0.76):	 total squared error = 0.00307206, marker error: RMS = 0.0106668, max = 0.0264808 (R_Knee_Lateral)
[2026-07-19 17:04:50.736] [info] Frame 77 (t = 0.77):	 total squared error = 0.00299296, marker error: RMS = 0.0105286, max = 0.0264005 (R_Knee_Lateral)
[2026-07-19 17:04:50.752] [info] Frame 78 (t = 0.78):	 total squared error = 0.00291723, marker error: RMS = 0.0103945, max = 0.0259237 (R_Knee_Lateral)
[2026-07-19 17:04:50.777] [info] Frame 79 (t = 0.79):	 total squared error = 0.00284339, marker error: RMS = 0.0102621, max = 0.0257637 (R_Knee_Lateral)
[2026-07-19 17:04:50.785] [info] Frame 80 (t = 0.8):	 total squared error = 0.00277843, marker error: RMS = 0.0101442, max = 0.0252778 (R_Knee_Lateral)
[2026-07-19 17:04:50.801] [info] Frame 81 (t = 0.81):	 total squared error = 0.00271351, marker error: RMS = 0.0100250, max = 0.0251262 (R_Knee_Lateral)
[2026-07-19 17:04:50.815] [info] Frame 82 (t = 0.82):	 total squared error = 0.00266125, marker error: RMS = 0.00992798, max = 0.0250372 (R_Knee_Lateral)
[2026-07-19 17:04:50.826] [info] Frame 83 (t = 0.83):	 total squared error = 0.00262262, marker error: RMS = 0.00985567, max = 0.0247956 (R_Knee_Lateral)
[2026-07-19 17:04:50.848] [info] Frame 84 (t = 0.84):	 total squared error = 0.00258827, marker error: RMS = 0.00979091, max = 0.0249996 (R_Knee_Lateral)
[2026-07-19 17:04:50.858] [info] Frame 85 (t = 0.85):	 total squared error = 0.00256982, marker error: RMS = 0.00975594, max = 0.0248035 (R_Knee_Lateral)
[2026-07-19 17:04:50.868] [info] Frame 86 (t = 0.86):	 total squared error = 0.00256144, marker error: RMS = 0.00974002, max = 0.0247226 (R_Knee_Lateral)
[2026-07-19 17:04:50.881] [info] Frame 87 (t = 0.87):	 total squared error = 0.00255398, marker error: RMS = 0.00972583, max = 0.0247833 (R_Knee_Lateral)
[2026-07-19 17:04:50.887] [info] Frame 88 (t = 0.88):	 total squared error = 0.00256245, marker error: RMS = 0.00974194, max = 0.024764 (R_Knee_Lateral)
[2026-07-19 17:04:50.896] [info] Frame 89 (t = 0.89):	 total squared error = 0.00257701, marker error: RMS = 0.00976958, max = 0.0247582 (R_Knee_Lateral)
[2026-07-19 17:04:50.911] [info] Frame 90 (t = 0.9):	 total squared error = 0.00258168, marker error: RMS = 0.00977843, max = 0.024878 (R_Knee_Lateral)
[2026-07-19 17:04:50.918] [info] Frame 91 (t = 0.91):	 total squared error = 0.00259900, marker error: RMS = 0.00981119, max = 0.0248159 (R_Knee_Lateral)
[2026-07-19 17:04:50.928] [info] Frame 92 (t = 0.92):	 total squared error = 0.00261611, marker error: RMS = 0.00984343, max = 0.0247152 (R_Knee_Lateral)
[2026-07-19 17:04:50.950] [info] Frame 93 (t = 0.93):	 total squared error = 0.00261228, marker error: RMS = 0.00983622, max = 0.024856 (R_Knee_Lateral)
[2026-07-19 17:04:50.962] [info] Frame 94 (t = 0.94):	 total squared error = 0.00261721, marker error: RMS = 0.00984550, max = 0.0246502 (R_Knee_Lateral)
[2026-07-19 17:04:50.972] [info] Frame 95 (t = 0.95):	 total squared error = 0.00261982, marker error: RMS = 0.00985039, max = 0.0243836 (R_Knee_Lateral)
[2026-07-19 17:04:50.989] [info] Frame 96 (t = 0.96):	 total squared error = 0.00260515, marker error: RMS = 0.00982277, max = 0.0245033 (R_Knee_Lateral)
[2026-07-19 17:04:51.012] [info] Frame 97 (t = 0.97):	 total squared error = 0.00259074, marker error: RMS = 0.00979559, max = 0.0244468 (R_Knee_Lateral)
[2026-07-19 17:04:51.030] [info] Frame 98 (t = 0.98):	 total squared error = 0.00258024, marker error: RMS = 0.00977571, max = 0.0241871 (R_Knee_Lateral)
[2026-07-19 17:04:51.038] [info] Frame 99 (t = 0.99):	 total squared error = 0.00258022, marker error: RMS = 0.00977567, max = 0.0237066 (R_Knee_Lateral)
[2026-07-19 17:04:51.055] [info] Frame 100 (t = 1.0):	 total squared error = 0.00257054, marker error: RMS = 0.00975731, max = 0.0239586 (R_Knee_Lateral)
[2026-07-19 17:04:51.069] [info] Frame 101 (t = 1.01):	 total squared error = 0.00257963, marker error: RMS = 0.00977456, max = 0.0235749 (R_Knee_Lateral)
[2026-07-19 17:04:51.090] [info] Frame 102 (t = 1.02):	 total squared error = 0.00259014, marker error: RMS = 0.00979444, max = 0.0235984 (R_Knee_Lateral)
[2026-07-19 17:04:51.111] [info] Frame 103 (t = 1.03):	 total squared error = 0.00261538, marker error: RMS = 0.00984205, max = 0.0235314 (R_Knee_Lateral)
[2026-07-19 17:04:51.132] [info] Frame 104 (t = 1.04):	 total squared error = 0.00264845, marker error: RMS = 0.00990407, max = 0.0234658 (R_Knee_Lateral)
[2026-07-19 17:04:51.144] [info] Frame 105 (t = 1.05):	 total squared error = 0.00268963, marker error: RMS = 0.00998077, max = 0.0231436 (R_Knee_Lateral)
[2026-07-19 17:04:51.167] [info] Frame 106 (t = 1.06):	 total squared error = 0.00273020, marker error: RMS = 0.0100558, max = 0.0231557 (R_Knee_Lateral)
[2026-07-19 17:04:51.180] [info] Frame 107 (t = 1.07):	 total squared error = 0.00277890, marker error: RMS = 0.0101451, max = 0.0227261 (R_Knee_Lateral)
[2026-07-19 17:04:51.193] [info] Frame 108 (t = 1.08):	 total squared error = 0.00282286, marker error: RMS = 0.0102250, max = 0.0227336 (R_Knee_Lateral)
[2026-07-19 17:04:51.211] [info] Frame 109 (t = 1.09):	 total squared error = 0.00285935, marker error: RMS = 0.0102909, max = 0.0228283 (R_Knee_Lateral)
[2026-07-19 17:04:51.227] [info] Frame 110 (t = 1.1):	 total squared error = 0.00289795, marker error: RMS = 0.0103601, max = 0.0226687 (R_Knee_Lateral)
[2026-07-19 17:04:51.239] [info] Frame 111 (t = 1.11):	 total squared error = 0.00293416, marker error: RMS = 0.0104246, max = 0.022367 (R_Knee_Lateral)
[2026-07-19 17:04:51.259] [info] Frame 112 (t = 1.12):	 total squared error = 0.00295993, marker error: RMS = 0.0104703, max = 0.0224137 (R_Knee_Lateral)
[2026-07-19 17:04:51.270] [info] Frame 113 (t = 1.13):	 total squared error = 0.00298612, marker error: RMS = 0.0105165, max = 0.0221823 (R_Knee_Lateral)
[2026-07-19 17:04:51.284] [info] Frame 114 (t = 1.14):	 total squared error = 0.00300318, marker error: RMS = 0.0105465, max = 0.0222577 (R_Knee_Lateral)
[2026-07-19 17:04:51.309] [info] Frame 115 (t = 1.15):	 total squared error = 0.00301509, marker error: RMS = 0.0105674, max = 0.0223601 (R_Knee_Lateral)
[2026-07-19 17:04:51.322] [info] Frame 116 (t = 1.16):	 total squared error = 0.00302979, marker error: RMS = 0.0105931, max = 0.0221406 (R_Knee_Lateral)
[2026-07-19 17:04:51.333] [info] Frame 117 (t = 1.17):	 total squared error = 0.00304468, marker error: RMS = 0.0106191, max = 0.0221095 (R_Knee_Lateral)
[2026-07-19 17:04:51.343] [info] Frame 118 (t = 1.18):	 total squared error = 0.00306359, marker error: RMS = 0.0106521, max = 0.0220628 (R_Knee_Lateral)
[2026-07-19 17:04:51.360] [info] Frame 119 (t = 1.19):	 total squared error = 0.00307818, marker error: RMS = 0.0106774, max = 0.0222030 (R_Knee_Lateral)
[2026-07-19 17:04:51.370] [info] Frame 120 (t = 1.2):	 total squared error = 0.00310918, marker error: RMS = 0.0107310, max = 0.0222505 (R_Knee_Lateral)
[2026-07-19 17:04:51.390] [info] Frame 121 (t = 1.21):	 total squared error = 0.00313938, marker error: RMS = 0.0107830, max = 0.0224155 (R_Knee_Lateral)
[2026-07-19 17:04:51.400] [info] Frame 122 (t = 1.22):	 total squared error = 0.00318098, marker error: RMS = 0.0108542, max = 0.0226359 (R_Knee_Lateral)
[2026-07-19 17:04:51.417] [info] Frame 123 (t = 1.23):	 total squared error = 0.00321881, marker error: RMS = 0.0109186, max = 0.0229131 (R_Knee_Lateral)
[2026-07-19 17:04:51.427] [info] Frame 124 (t = 1.24):	 total squared error = 0.00326274, marker error: RMS = 0.0109928, max = 0.0232079 (R_Knee_Lateral)
[2026-07-19 17:04:51.443] [info] Frame 125 (t = 1.25):	 total squared error = 0.00329868, marker error: RMS = 0.0110532, max = 0.0234276 (R_Knee_Lateral)
[2026-07-19 17:04:51.450] [info] Frame 126 (t = 1.26):	 total squared error = 0.00333790, marker error: RMS = 0.0111187, max = 0.0236774 (R_Knee_Lateral)
[2026-07-19 17:04:51.467] [info] Frame 127 (t = 1.27):	 total squared error = 0.00336141, marker error: RMS = 0.0111578, max = 0.0239415 (R_Knee_Lateral)
[2026-07-19 17:04:51.474] [info] Frame 128 (t = 1.28):	 total squared error = 0.00339161, marker error: RMS = 0.0112078, max = 0.0241809 (R_Knee_Lateral)
[2026-07-19 17:04:51.491] [info] Frame 129 (t = 1.29):	 total squared error = 0.00340451, marker error: RMS = 0.0112291, max = 0.0244638 (R_Knee_Lateral)
[2026-07-19 17:04:51.497] [info] Frame 130 (t = 1.3):	 total squared error = 0.00342852, marker error: RMS = 0.0112686, max = 0.0245586 (R_Knee_Lateral)
[2026-07-19 17:04:51.513] [info] Frame 131 (t = 1.31):	 total squared error = 0.00343665, marker error: RMS = 0.011282, max = 0.0248492 (R_Knee_Lateral)
[2026-07-19 17:04:51.525] [info] Frame 132 (t = 1.32):	 total squared error = 0.00345292, marker error: RMS = 0.0113087, max = 0.0248121 (R_Knee_Lateral)
[2026-07-19 17:04:51.535] [info] Frame 133 (t = 1.33):	 total squared error = 0.00347292, marker error: RMS = 0.0113414, max = 0.0248551 (R_Knee_Lateral)
[2026-07-19 17:04:51.552] [info] Frame 134 (t = 1.34):	 total squared error = 0.00347856, marker error: RMS = 0.0113506, max = 0.0250472 (R_Knee_Lateral)
[2026-07-19 17:04:51.562] [info] Frame 135 (t = 1.35):	 total squared error = 0.00349335, marker error: RMS = 0.0113747, max = 0.0249193 (R_Knee_Lateral)
[2026-07-19 17:04:51.578] [info] Frame 136 (t = 1.36):	 total squared error = 0.00349701, marker error: RMS = 0.0113806, max = 0.0250995 (R_Knee_Lateral)
[2026-07-19 17:04:51.587] [info] Frame 137 (t = 1.37):	 total squared error = 0.00350573, marker error: RMS = 0.0113948, max = 0.0249877 (R_Knee_Lateral)
[2026-07-19 17:04:51.596] [info] Frame 138 (t = 1.38):	 total squared error = 0.00351475, marker error: RMS = 0.0114095, max = 0.0248854 (R_Knee_Lateral)
[2026-07-19 17:04:51.617] [info] Frame 139 (t = 1.39):	 total squared error = 0.00349779, marker error: RMS = 0.0113819, max = 0.0253537 (R_Knee_Lateral)
[2026-07-19 17:04:51.630] [info] Frame 140 (t = 1.4):	 total squared error = 0.00349443, marker error: RMS = 0.0113764, max = 0.0253277 (R_Knee_Lateral)
[2026-07-19 17:04:51.648] [info] Frame 141 (t = 1.41):	 total squared error = 0.00347950, marker error: RMS = 0.0113521, max = 0.0254337 (R_Knee_Lateral)
[2026-07-19 17:04:51.659] [info] Frame 142 (t = 1.42):	 total squared error = 0.00346956, marker error: RMS = 0.0113359, max = 0.0254769 (R_Knee_Lateral)
[2026-07-19 17:04:51.684] [info] Frame 143 (t = 1.43):	 total squared error = 0.00344812, marker error: RMS = 0.0113008, max = 0.0254391 (R_Knee_Lateral)
[2026-07-19 17:04:51.701] [info] Frame 144 (t = 1.44):	 total squared error = 0.00342985, marker error: RMS = 0.0112708, max = 0.025589 (R_Knee_Lateral)
[2026-07-19 17:04:51.733] [info] Frame 145 (t = 1.45):	 total squared error = 0.00339401, marker error: RMS = 0.0112118, max = 0.0258232 (R_Knee_Lateral)
[2026-07-19 17:04:51.744] [info] Frame 146 (t = 1.46):	 total squared error = 0.00336587, marker error: RMS = 0.0111652, max = 0.0259199 (R_Knee_Lateral)
[2026-07-19 17:04:51.764] [info] Frame 147 (t = 1.47):	 total squared error = 0.00331530, marker error: RMS = 0.0110810, max = 0.0258849 (R_Knee_Lateral)
[2026-07-19 17:04:51.772] [info] Frame 148 (t = 1.48):	 total squared error = 0.00326816, marker error: RMS = 0.0110019, max = 0.0259294 (R_Knee_Lateral)
[2026-07-19 17:04:51.796] [info] Frame 149 (t = 1.49):	 total squared error = 0.00319647, marker error: RMS = 0.0108806, max = 0.0259022 (R_Knee_Lateral)
[2026-07-19 17:04:51.812] [info] Frame 150 (t = 1.5):	 total squared error = 0.00312367, marker error: RMS = 0.0107560, max = 0.0258633 (R_Knee_Lateral)
[2026-07-19 17:04:51.820] [info] Frame 151 (t = 1.51):	 total squared error = 0.00305094, marker error: RMS = 0.0106300, max = 0.0258752 (R_Knee_Lateral)
[2026-07-19 17:04:51.838] [info] Frame 152 (t = 1.52):	 total squared error = 0.00296011, marker error: RMS = 0.0104706, max = 0.0257928 (R_Knee_Lateral)
[2026-07-19 17:04:51.849] [info] Frame 153 (t = 1.53):	 total squared error = 0.00288270, marker error: RMS = 0.0103328, max = 0.0257222 (R_Knee_Lateral)
[2026-07-19 17:04:51.858] [info] Frame 154 (t = 1.54):	 total squared error = 0.00280842, marker error: RMS = 0.0101988, max = 0.0256477 (R_Knee_Lateral)
[2026-07-19 17:04:51.874] [info] Frame 155 (t = 1.55):	 total squared error = 0.00272789, marker error: RMS = 0.0100515, max = 0.0255782 (R_Knee_Lateral)
[2026-07-19 17:04:51.891] [info] Frame 156 (t = 1.56):	 total squared error = 0.00265655, marker error: RMS = 0.00991922, max = 0.0256545 (R_Knee_Lateral)
[2026-07-19 17:04:51.901] [info] Frame 157 (t = 1.57):	 total squared error = 0.00259935, marker error: RMS = 0.00981184, max = 0.0255179 (R_Knee_Lateral)
[2026-07-19 17:04:51.921] [info] Frame 158 (t = 1.58):	 total squared error = 0.00253982, marker error: RMS = 0.00969883, max = 0.0254447 (R_Knee_Lateral)
[2026-07-19 17:04:51.933] [info] Frame 159 (t = 1.59):	 total squared error = 0.00249366, marker error: RMS = 0.00961030, max = 0.025346 (R_Knee_Lateral)
[2026-07-19 17:04:51.946] [info] Frame 160 (t = 1.6):	 total squared error = 0.00245162, marker error: RMS = 0.00952895, max = 0.0252833 (R_Knee_Lateral)
[2026-07-19 17:04:51.962] [info] Frame 161 (t = 1.61):	 total squared error = 0.00240692, marker error: RMS = 0.00944167, max = 0.0251054 (R_Knee_Lateral)
[2026-07-19 17:04:51.978] [info] Frame 162 (t = 1.62):	 total squared error = 0.00236978, marker error: RMS = 0.00936854, max = 0.0249907 (R_Knee_Lateral)
[2026-07-19 17:04:51.994] [info] Frame 163 (t = 1.63):	 total squared error = 0.00233608, marker error: RMS = 0.00930169, max = 0.0248929 (R_Knee_Lateral)
[2026-07-19 17:04:52.006] [info] Frame 164 (t = 1.64):	 total squared error = 0.00230964, marker error: RMS = 0.00924890, max = 0.0248172 (R_Knee_Lateral)
[2026-07-19 17:04:52.021] [info] Frame 165 (t = 1.65):	 total squared error = 0.00228687, marker error: RMS = 0.00920321, max = 0.0247378 (R_Knee_Lateral)
[2026-07-19 17:04:52.037] [info] Frame 166 (t = 1.66):	 total squared error = 0.00226997, marker error: RMS = 0.00916913, max = 0.0246241 (R_Knee_Lateral)
[2026-07-19 17:04:52.057] [info] Frame 167 (t = 1.67):	 total squared error = 0.00226151, marker error: RMS = 0.00915203, max = 0.0244767 (R_Knee_Lateral)
[2026-07-19 17:04:52.071] [info] Frame 168 (t = 1.68):	 total squared error = 0.00226796, marker error: RMS = 0.00916507, max = 0.0245747 (R_Knee_Lateral)
[2026-07-19 17:04:52.083] [info] Frame 169 (t = 1.69):	 total squared error = 0.00228415, marker error: RMS = 0.00919772, max = 0.0245752 (R_Knee_Lateral)
[2026-07-19 17:04:52.097] [info] Frame 170 (t = 1.7):	 total squared error = 0.00231418, marker error: RMS = 0.00925798, max = 0.0246265 (R_Knee_Lateral)
[2026-07-19 17:04:52.111] [info] Frame 171 (t = 1.71):	 total squared error = 0.00235723, marker error: RMS = 0.00934371, max = 0.0247825 (R_Knee_Lateral)
[2026-07-19 17:04:52.124] [info] Frame 172 (t = 1.72):	 total squared error = 0.00241302, marker error: RMS = 0.00945363, max = 0.0249795 (R_Knee_Lateral)
[2026-07-19 17:04:52.138] [info] Frame 173 (t = 1.73):	 total squared error = 0.00248059, marker error: RMS = 0.00958508, max = 0.025259 (R_Knee_Lateral)
[2026-07-19 17:04:52.156] [info] Frame 174 (t = 1.74):	 total squared error = 0.00255708, marker error: RMS = 0.00973173, max = 0.0255972 (R_Knee_Lateral)
[2026-07-19 17:04:52.169] [info] Frame 175 (t = 1.75):	 total squared error = 0.00264759, marker error: RMS = 0.00990246, max = 0.0262103 (R_Knee_Lateral)
[2026-07-19 17:04:52.198] [info] Frame 176 (t = 1.76):	 total squared error = 0.00274375, marker error: RMS = 0.0100807, max = 0.026766 (R_Knee_Lateral)
[2026-07-19 17:04:52.218] [info] Frame 177 (t = 1.77):	 total squared error = 0.00285325, marker error: RMS = 0.0102799, max = 0.0276359 (R_Knee_Lateral)
[2026-07-19 17:04:52.231] [info] Frame 178 (t = 1.78):	 total squared error = 0.00297624, marker error: RMS = 0.0104991, max = 0.0287159 (R_Knee_Lateral)
[2026-07-19 17:04:52.246] [info] Frame 179 (t = 1.79):	 total squared error = 0.00310725, marker error: RMS = 0.0107277, max = 0.0297543 (R_Knee_Lateral)
[2026-07-19 17:04:52.277] [info] Frame 180 (t = 1.8):	 total squared error = 0.00322745, marker error: RMS = 0.0109332, max = 0.0309379 (R_Knee_Lateral)
[2026-07-19 17:04:52.296] [info] Frame 181 (t = 1.81):	 total squared error = 0.00336516, marker error: RMS = 0.011164, max = 0.0322713 (R_Knee_Lateral)
[2026-07-19 17:04:52.318] [info] Frame 182 (t = 1.82):	 total squared error = 0.00350273, marker error: RMS = 0.0113899, max = 0.0335394 (R_Knee_Lateral)
[2026-07-19 17:04:52.335] [info] Frame 183 (t = 1.83):	 total squared error = 0.00364274, marker error: RMS = 0.0116153, max = 0.0350140 (R_Knee_Lateral)
[2026-07-19 17:04:52.369] [info] Frame 184 (t = 1.84):	 total squared error = 0.00377225, marker error: RMS = 0.01182, max = 0.0363494 (R_Knee_Lateral)
[2026-07-19 17:04:52.388] [info] Frame 185 (t = 1.85):	 total squared error = 0.00390697, marker error: RMS = 0.0120292, max = 0.0376224 (R_Knee_Lateral)
[2026-07-19 17:04:52.411] [info] Frame 186 (t = 1.86):	 total squared error = 0.00403999, marker error: RMS = 0.0122323, max = 0.0388925 (R_Knee_Lateral)
[2026-07-19 17:04:52.433] [info] Frame 187 (t = 1.87):	 total squared error = 0.00417452, marker error: RMS = 0.0124343, max = 0.0399616 (R_Knee_Lateral)
[2026-07-19 17:04:52.457] [info] Frame 188 (t = 1.88):	 total squared error = 0.00431693, marker error: RMS = 0.0126446, max = 0.0409023 (R_Knee_Lateral)
[2026-07-19 17:04:52.470] [info] Frame 189 (t = 1.89):	 total squared error = 0.00449003, marker error: RMS = 0.0128956, max = 0.0425442 (R_Knee_Lateral)
[2026-07-19 17:04:52.502] [info] Frame 190 (t = 1.9):	 total squared error = 0.00463874, marker error: RMS = 0.0131075, max = 0.0426678 (R_Knee_Lateral)
[2026-07-19 17:04:52.516] [info] Frame 191 (t = 1.91):	 total squared error = 0.00482749, marker error: RMS = 0.0133715, max = 0.0438517 (R_Knee_Lateral)
[2026-07-19 17:04:52.533] [info] Frame 192 (t = 1.92):	 total squared error = 0.00500236, marker error: RMS = 0.0136115, max = 0.0442057 (R_Knee_Lateral)
[2026-07-19 17:04:52.554] [info] Frame 193 (t = 1.93):	 total squared error = 0.00517969, marker error: RMS = 0.0138507, max = 0.0447069 (R_Knee_Lateral)
[2026-07-19 17:04:52.571] [info] Frame 194 (t = 1.94):	 total squared error = 0.00534211, marker error: RMS = 0.0140661, max = 0.0453246 (R_Knee_Lateral)
[2026-07-19 17:04:52.583] [info] Frame 195 (t = 1.95):	 total squared error = 0.00547940, marker error: RMS = 0.0142457, max = 0.0456728 (R_Knee_Lateral)
[2026-07-19 17:04:52.598] [info] Frame 196 (t = 1.96):	 total squared error = 0.00558507, marker error: RMS = 0.0143824, max = 0.0459312 (R_Knee_Lateral)
[2026-07-19 17:04:52.615] [info] Frame 197 (t = 1.97):	 total squared error = 0.00565304, marker error: RMS = 0.0144697, max = 0.0460436 (R_Knee_Lateral)
[2026-07-19 17:04:52.629] [info] Frame 198 (t = 1.98):	 total squared error = 0.00568932, marker error: RMS = 0.0145161, max = 0.0459606 (R_Knee_Lateral)
[2026-07-19 17:04:52.644] [info] Frame 199 (t = 1.99):	 total squared error = 0.00569471, marker error: RMS = 0.0145229, max = 0.0457784 (R_Knee_Lateral)
[2026-07-19 17:04:52.660] [info] Frame 200 (t = 2.0):	 total squared error = 0.00567522, marker error: RMS = 0.014498, max = 0.0454737 (R_Knee_Lateral)
[2026-07-19 17:04:52.674] [info] Frame 201 (t = 2.01):	 total squared error = 0.00563290, marker error: RMS = 0.0144439, max = 0.0450116 (R_Knee_Lateral)
[2026-07-19 17:04:52.696] [info] Frame 202 (t = 2.02):	 total squared error = 0.00556876, marker error: RMS = 0.0143614, max = 0.0446675 (R_Knee_Lateral)
[2026-07-19 17:04:52.710] [info] Frame 203 (t = 2.03):	 total squared error = 0.00548343, marker error: RMS = 0.014251, max = 0.0438951 (R_Knee_Lateral)
[2026-07-19 17:04:52.727] [info] Frame 204 (t = 2.04):	 total squared error = 0.00538098, marker error: RMS = 0.0141172, max = 0.0430669 (R_Knee_Lateral)
[2026-07-19 17:04:52.739] [info] Frame 205 (t = 2.05):	 total squared error = 0.00528018, marker error: RMS = 0.0139844, max = 0.0419698 (R_Knee_Lateral)
[2026-07-19 17:04:52.760] [info] Frame 206 (t = 2.06):	 total squared error = 0.00514640, marker error: RMS = 0.0138061, max = 0.041426 (R_Knee_Lateral)
[2026-07-19 17:04:52.774] [info] Frame 207 (t = 2.07):	 total squared error = 0.00504350, marker error: RMS = 0.0136674, max = 0.0403171 (R_Knee_Lateral)
[2026-07-19 17:04:52.806] [info] Frame 208 (t = 2.08):	 total squared error = 0.00493812, marker error: RMS = 0.0135238, max = 0.039349 (R_Knee_Lateral)
[2026-07-19 17:04:52.838] [info] Frame 209 (t = 2.09):	 total squared error = 0.00486030, marker error: RMS = 0.0134168, max = 0.0381855 (R_Knee_Lateral)
[2026-07-19 17:04:52.852] [info] Frame 210 (t = 2.1):	 total squared error = 0.00480429, marker error: RMS = 0.0133393, max = 0.0368885 (R_Knee_Lateral)
[2026-07-19 17:04:52.866] [info] Frame 211 (t = 2.11):	 total squared error = 0.00474564, marker error: RMS = 0.0132576, max = 0.0358328 (R_Knee_Lateral)
[2026-07-19 17:04:52.881] [info] Frame 212 (t = 2.12):	 total squared error = 0.00467675, marker error: RMS = 0.013161, max = 0.0348156 (R_Knee_Lateral)
[2026-07-19 17:04:52.899] [info] Frame 213 (t = 2.13):	 total squared error = 0.00459368, marker error: RMS = 0.0130436, max = 0.03378 (R_Knee_Lateral)
[2026-07-19 17:04:52.932] [info] Frame 214 (t = 2.14):	 total squared error = 0.00447765, marker error: RMS = 0.0128778, max = 0.0324731 (R_Knee_Lateral)
[2026-07-19 17:04:52.949] [info] Frame 215 (t = 2.15):	 total squared error = 0.00435862, marker error: RMS = 0.0127055, max = 0.0316189 (R_Knee_Lateral)
[2026-07-19 17:04:52.960] [info] Frame 216 (t = 2.16):	 total squared error = 0.00423266, marker error: RMS = 0.0125206, max = 0.0308286 (R_Knee_Lateral)
[2026-07-19 17:04:52.978] [info] Frame 217 (t = 2.17):	 total squared error = 0.00409939, marker error: RMS = 0.0123219, max = 0.0303664 (R_Knee_Lateral)
[2026-07-19 17:04:52.994] [info] Frame 218 (t = 2.18):	 total squared error = 0.00397321, marker error: RMS = 0.0121308, max = 0.0298712 (R_Knee_Lateral)
[2026-07-19 17:04:53.013] [info] Frame 219 (t = 2.19):	 total squared error = 0.00385589, marker error: RMS = 0.0119503, max = 0.02947 (R_Knee_Lateral)
[2026-07-19 17:04:53.032] [info] Frame 220 (t = 2.2):	 total squared error = 0.00374936, marker error: RMS = 0.0117841, max = 0.0291457 (R_Knee_Lateral)
[2026-07-19 17:04:53.046] [info] Frame 221 (t = 2.21):	 total squared error = 0.00365560, marker error: RMS = 0.0116358, max = 0.0288143 (R_Knee_Lateral)
[2026-07-19 17:04:53.054] [info] Frame 222 (t = 2.22):	 total squared error = 0.00357444, marker error: RMS = 0.0115059, max = 0.0282634 (R_Knee_Lateral)
[2026-07-19 17:04:53.074] [info] Frame 223 (t = 2.23):	 total squared error = 0.00348954, marker error: RMS = 0.0113685, max = 0.0282499 (R_Knee_Lateral)
[2026-07-19 17:04:53.093] [info] Frame 224 (t = 2.24):	 total squared error = 0.00341729, marker error: RMS = 0.0112502, max = 0.027954 (R_Knee_Lateral)
[2026-07-19 17:04:53.107] [info] Frame 225 (t = 2.25):	 total squared error = 0.00334868, marker error: RMS = 0.0111367, max = 0.0274899 (R_Knee_Lateral)
[2026-07-19 17:04:53.130] [info] Frame 226 (t = 2.26):	 total squared error = 0.00328093, marker error: RMS = 0.0110234, max = 0.0272129 (R_Knee_Lateral)
[2026-07-19 17:04:53.146] [info] Frame 227 (t = 2.27):	 total squared error = 0.00321423, marker error: RMS = 0.0109108, max = 0.0268040 (R_Knee_Lateral)
[2026-07-19 17:04:53.163] [info] Frame 228 (t = 2.28):	 total squared error = 0.00314787, marker error: RMS = 0.0107976, max = 0.0264801 (R_Knee_Lateral)
[2026-07-19 17:04:53.181] [info] Frame 229 (t = 2.29):	 total squared error = 0.00308058, marker error: RMS = 0.0106816, max = 0.0260557 (R_Knee_Lateral)
[2026-07-19 17:04:53.199] [info] Frame 230 (t = 2.3):	 total squared error = 0.00301270, marker error: RMS = 0.0105632, max = 0.0257022 (R_Knee_Lateral)
[2026-07-19 17:04:53.214] [info] Frame 231 (t = 2.31):	 total squared error = 0.00294494, marker error: RMS = 0.0104437, max = 0.0252644 (R_Knee_Lateral)
[2026-07-19 17:04:53.223] [info] Frame 232 (t = 2.32):	 total squared error = 0.00288441, marker error: RMS = 0.0103359, max = 0.0247296 (R_Knee_Lateral)
[2026-07-19 17:04:53.245] [info] Frame 233 (t = 2.33):	 total squared error = 0.00281320, marker error: RMS = 0.0102075, max = 0.0245987 (R_Knee_Lateral)
[2026-07-19 17:04:53.262] [info] Frame 234 (t = 2.34):	 total squared error = 0.00275094, marker error: RMS = 0.0100939, max = 0.0242335 (R_Knee_Lateral)
[2026-07-19 17:04:53.271] [info] Frame 235 (t = 2.35):	 total squared error = 0.00269540, marker error: RMS = 0.00999147, max = 0.0237875 (R_Knee_Lateral)
[2026-07-19 17:04:53.285] [info] Frame 236 (t = 2.36):	 total squared error = 0.00263901, marker error: RMS = 0.00988642, max = 0.0236381 (R_Knee_Lateral)
[2026-07-19 17:04:53.298] [info] Frame 237 (t = 2.37):	 total squared error = 0.00258765, marker error: RMS = 0.00978974, max = 0.0235187 (R_Knee_Lateral)
[2026-07-19 17:04:53.306] [info] Frame 238 (t = 2.38):	 total squared error = 0.00254541, marker error: RMS = 0.00970951, max = 0.0231422 (R_Knee_Lateral)
[2026-07-19 17:04:53.325] [info] Frame 239 (t = 2.39):	 total squared error = 0.00250186, marker error: RMS = 0.00962609, max = 0.0231945 (R_Knee_Lateral)
[2026-07-19 17:04:53.335] [info] Frame 240 (t = 2.4):	 total squared error = 0.00246911, marker error: RMS = 0.00956286, max = 0.0229413 (R_Knee_Lateral)
[2026-07-19 17:04:53.343] [info] Frame 241 (t = 2.41):	 total squared error = 0.00244333, marker error: RMS = 0.00951282, max = 0.022778 (R_Knee_Lateral)
[2026-07-19 17:04:53.352] [info] Frame 242 (t = 2.42):	 total squared error = 0.00241989, marker error: RMS = 0.00946707, max = 0.0226832 (R_Knee_Lateral)
[2026-07-19 17:04:53.361] [info] Frame 243 (t = 2.43):	 total squared error = 0.00240066, marker error: RMS = 0.00942939, max = 0.0226224 (R_Knee_Lateral)
[2026-07-19 17:04:53.379] [info] Frame 244 (t = 2.44):	 total squared error = 0.00237143, marker error: RMS = 0.00937181, max = 0.022784 (R_Knee_Lateral)
[2026-07-19 17:04:53.389] [info] Frame 245 (t = 2.45):	 total squared error = 0.00235835, marker error: RMS = 0.00934593, max = 0.0227456 (R_Knee_Lateral)
[2026-07-19 17:04:53.395] [info] Frame 246 (t = 2.46):	 total squared error = 0.00235035, marker error: RMS = 0.00933005, max = 0.0227527 (R_Knee_Lateral)
[2026-07-19 17:04:53.408] [info] Frame 247 (t = 2.47):	 total squared error = 0.00233569, marker error: RMS = 0.00930091, max = 0.0226755 (R_Knee_Lateral)
[2026-07-19 17:04:53.423] [info] Frame 248 (t = 2.48):	 total squared error = 0.00232819, marker error: RMS = 0.00928598, max = 0.0227635 (R_Knee_Lateral)
[2026-07-19 17:04:53.433] [info] Frame 249 (t = 2.49):	 total squared error = 0.00232591, marker error: RMS = 0.00928142, max = 0.0227641 (R_Knee_Lateral)
[2026-07-19 17:04:53.441] [info] Frame 250 (t = 2.5):	 total squared error = 0.00232898, marker error: RMS = 0.00928755, max = 0.0227405 (R_Knee_Lateral)
[2026-07-19 17:04:53.455] [info] Frame 251 (t = 2.51):	 total squared error = 0.00232714, marker error: RMS = 0.00928388, max = 0.0227709 (R_Knee_Lateral)
[2026-07-19 17:04:53.463] [info] Frame 252 (t = 2.52):	 total squared error = 0.00233891, marker error: RMS = 0.00930732, max = 0.0226898 (R_Knee_Lateral)
[2026-07-19 17:04:53.470] [info] Frame 253 (t = 2.53):	 total squared error = 0.00236308, marker error: RMS = 0.00935528, max = 0.0224698 (R_Knee_Lateral)
[2026-07-19 17:04:53.492] [info] Frame 254 (t = 2.54):	 total squared error = 0.00236970, marker error: RMS = 0.00936839, max = 0.0228297 (R_Knee_Lateral)
[2026-07-19 17:04:53.505] [info] Frame 255 (t = 2.55):	 total squared error = 0.00240655, marker error: RMS = 0.00944095, max = 0.0227334 (R_Knee_Lateral)
[2026-07-19 17:04:53.525] [info] Frame 256 (t = 2.56):	 total squared error = 0.00245225, marker error: RMS = 0.00953017, max = 0.0228194 (R_Knee_Lateral)
[2026-07-19 17:04:53.538] [info] Frame 257 (t = 2.57):	 total squared error = 0.00251600, marker error: RMS = 0.00965324, max = 0.0225558 (R_Knee_Lateral)
[2026-07-19 17:04:53.555] [info] Frame 258 (t = 2.58):	 total squared error = 0.00258087, marker error: RMS = 0.00977689, max = 0.0227644 (R_Knee_Lateral)
[2026-07-19 17:04:53.573] [info] Frame 259 (t = 2.59):	 total squared error = 0.00265380, marker error: RMS = 0.00991407, max = 0.02284 (R_Knee_Lateral)
[2026-07-19 17:04:53.594] [info] Frame 260 (t = 2.6):	 total squared error = 0.00273111, marker error: RMS = 0.0100574, max = 0.0226366 (R_Knee_Lateral)
[2026-07-19 17:04:53.612] [info] Frame 261 (t = 2.61):	 total squared error = 0.00280915, marker error: RMS = 0.0102001, max = 0.0226014 (R_Knee_Lateral)
[2026-07-19 17:04:53.629] [info] Frame 262 (t = 2.62):	 total squared error = 0.00288404, marker error: RMS = 0.0103352, max = 0.0225162 (R_Knee_Lateral)
[2026-07-19 17:04:53.648] [info] Frame 263 (t = 2.63):	 total squared error = 0.00295309, marker error: RMS = 0.0104582, max = 0.0224064 (R_Knee_Lateral)
[2026-07-19 17:04:53.669] [info] Frame 264 (t = 2.64):	 total squared error = 0.00301406, marker error: RMS = 0.0105656, max = 0.0221571 (R_Knee_Lateral)
[2026-07-19 17:04:53.685] [info] Frame 265 (t = 2.65):	 total squared error = 0.00306657, marker error: RMS = 0.0106572, max = 0.0222093 (R_Knee_Lateral)
[2026-07-19 17:04:53.696] [info] Frame 266 (t = 2.66):	 total squared error = 0.00311684, marker error: RMS = 0.0107442, max = 0.0218634 (R_Knee_Lateral)
[2026-07-19 17:04:53.715] [info] Frame 267 (t = 2.67):	 total squared error = 0.00313619, marker error: RMS = 0.0107775, max = 0.0220111 (R_Knee_Lateral)
[2026-07-19 17:04:53.725] [info] Frame 268 (t = 2.68):	 total squared error = 0.00315890, marker error: RMS = 0.0108165, max = 0.0217558 (R_Knee_Lateral)
[2026-07-19 17:04:53.749] [info] Frame 269 (t = 2.69):	 total squared error = 0.00315603, marker error: RMS = 0.0108116, max = 0.0217892 (R_Knee_Lateral)
[2026-07-19 17:04:53.759] [info] Frame 270 (t = 2.7):	 total squared error = 0.00315442, marker error: RMS = 0.0108088, max = 0.0217241 (R_Knee_Lateral)
[2026-07-19 17:04:53.772] [info] Frame 271 (t = 2.71):	 total squared error = 0.00314197, marker error: RMS = 0.0107875, max = 0.0218184 (R_Knee_Lateral)
[2026-07-19 17:04:53.783] [info] Frame 272 (t = 2.72):	 total squared error = 0.00313176, marker error: RMS = 0.0107699, max = 0.0218129 (R_Knee_Lateral)
[2026-07-19 17:04:53.800] [info] Frame 273 (t = 2.73):	 total squared error = 0.00311023, marker error: RMS = 0.0107328, max = 0.0218002 (R_Knee_Lateral)
[2026-07-19 17:04:53.821] [info] Frame 274 (t = 2.74):	 total squared error = 0.00309484, marker error: RMS = 0.0107063, max = 0.0221729 (R_Knee_Lateral)
[2026-07-19 17:04:53.828] [info] Frame 275 (t = 2.75):	 total squared error = 0.00308913, marker error: RMS = 0.0106964, max = 0.0222816 (R_Knee_Lateral)
[2026-07-19 17:04:53.846] [info] Frame 276 (t = 2.76):	 total squared error = 0.00307749, marker error: RMS = 0.0106762, max = 0.0226286 (R_Knee_Lateral)
[2026-07-19 17:04:53.858] [info] Frame 277 (t = 2.77):	 total squared error = 0.00307819, marker error: RMS = 0.0106774, max = 0.0227531 (R_Knee_Lateral)
[2026-07-19 17:04:53.874] [info] Frame 278 (t = 2.78):	 total squared error = 0.00308902, marker error: RMS = 0.0106962, max = 0.0227744 (R_Knee_Lateral)
[2026-07-19 17:04:53.890] [info] Frame 279 (t = 2.79):	 total squared error = 0.00311530, marker error: RMS = 0.0107416, max = 0.0229622 (R_Knee_Lateral)
[2026-07-19 17:04:53.901] [info] Frame 280 (t = 2.8):	 total squared error = 0.00316102, marker error: RMS = 0.0108201, max = 0.0231822 (R_Knee_Lateral)
[2026-07-19 17:04:53.917] [info] Frame 281 (t = 2.81):	 total squared error = 0.00322069, marker error: RMS = 0.0109218, max = 0.0233242 (R_Knee_Lateral)
[2026-07-19 17:04:53.925] [info] Frame 282 (t = 2.82):	 total squared error = 0.00329735, marker error: RMS = 0.0110510, max = 0.0232813 (R_Knee_Lateral)
[2026-07-19 17:04:53.940] [info] Frame 283 (t = 2.83):	 total squared error = 0.00337374, marker error: RMS = 0.0111783, max = 0.0235656 (R_Knee_Lateral)
[2026-07-19 17:04:53.948] [info] Frame 284 (t = 2.84):	 total squared error = 0.00345154, marker error: RMS = 0.0113064, max = 0.023353 (R_Knee_Lateral)
[2026-07-19 17:04:53.958] [info] Frame 285 (t = 2.85):	 total squared error = 0.00351849, marker error: RMS = 0.0114155, max = 0.0232195 (R_Knee_Lateral)
[2026-07-19 17:04:53.974] [info] Frame 286 (t = 2.86):	 total squared error = 0.00356043, marker error: RMS = 0.0114834, max = 0.0234881 (R_Knee_Lateral)
[2026-07-19 17:04:53.984] [info] Frame 287 (t = 2.87):	 total squared error = 0.00359169, marker error: RMS = 0.0115337, max = 0.0232526 (R_Knee_Lateral)
[2026-07-19 17:04:54.006] [info] Frame 288 (t = 2.88):	 total squared error = 0.00359828, marker error: RMS = 0.0115442, max = 0.0235665 (R_Knee_Lateral)
[2026-07-19 17:04:54.015] [info] Frame 289 (t = 2.89):	 total squared error = 0.00359805, marker error: RMS = 0.0115439, max = 0.0233082 (R_Knee_Lateral)
[2026-07-19 17:04:54.035] [info] Frame 290 (t = 2.9):	 total squared error = 0.00358116, marker error: RMS = 0.0115168, max = 0.0235524 (R_Knee_Lateral)
[2026-07-19 17:04:54.044] [info] Frame 291 (t = 2.91):	 total squared error = 0.00356942, marker error: RMS = 0.0114979, max = 0.023464 (R_Knee_Lateral)
[2026-07-19 17:04:54.063] [info] Frame 292 (t = 2.92):	 total squared error = 0.00355094, marker error: RMS = 0.0114681, max = 0.023658 (R_Knee_Lateral)
[2026-07-19 17:04:54.073] [info] Frame 293 (t = 2.93):	 total squared error = 0.00354672, marker error: RMS = 0.0114612, max = 0.0237237 (R_Knee_Lateral)
[2026-07-19 17:04:54.095] [info] Frame 294 (t = 2.94):	 total squared error = 0.00354072, marker error: RMS = 0.0114515, max = 0.0239985 (R_Knee_Lateral)
[2026-07-19 17:04:54.103] [info] Frame 295 (t = 2.95):	 total squared error = 0.00355277, marker error: RMS = 0.011471, max = 0.024151 (R_Knee_Lateral)
[2026-07-19 17:04:54.116] [info] Frame 296 (t = 2.96):	 total squared error = 0.00356158, marker error: RMS = 0.0114852, max = 0.0242804 (R_Knee_Lateral)
[2026-07-19 17:04:54.127] [info] Frame 297 (t = 2.97):	 total squared error = 0.00358632, marker error: RMS = 0.011525, max = 0.0245143 (R_Knee_Lateral)
[2026-07-19 17:04:54.142] [info] Frame 298 (t = 2.98):	 total squared error = 0.00360236, marker error: RMS = 0.0115508, max = 0.0248494 (R_Knee_Lateral)
[2026-07-19 17:04:54.151] [info] Frame 299 (t = 2.99):	 total squared error = 0.00363528, marker error: RMS = 0.0116034, max = 0.0249547 (R_Knee_Lateral)
[2026-07-19 17:04:54.170] [info] Frame 300 (t = 3.0):	 total squared error = 0.00365280, marker error: RMS = 0.0116314, max = 0.025285 (R_Knee_Lateral)
[2026-07-19 17:04:54.184] [info] Frame 301 (t = 3.01):	 total squared error = 0.00367678, marker error: RMS = 0.0116695, max = 0.0253366 (R_Knee_Lateral)
[2026-07-19 17:04:54.198] [info] Frame 302 (t = 3.02):	 total squared error = 0.00369286, marker error: RMS = 0.011695, max = 0.0254771 (R_Knee_Lateral)
[2026-07-19 17:04:54.214] [info] Frame 303 (t = 3.03):	 total squared error = 0.00369563, marker error: RMS = 0.0116994, max = 0.0256572 (R_Knee_Lateral)
[2026-07-19 17:04:54.231] [info] Frame 304 (t = 3.04):	 total squared error = 0.00368744, marker error: RMS = 0.0116864, max = 0.0258278 (R_Knee_Lateral)
[2026-07-19 17:04:54.243] [info] Frame 305 (t = 3.05):	 total squared error = 0.00367034, marker error: RMS = 0.0116593, max = 0.0258848 (R_Knee_Lateral)
[2026-07-19 17:04:54.260] [info] Frame 306 (t = 3.06):	 total squared error = 0.00363746, marker error: RMS = 0.0116069, max = 0.0260449 (R_Knee_Lateral)
[2026-07-19 17:04:54.275] [info] Frame 307 (t = 3.07):	 total squared error = 0.00360256, marker error: RMS = 0.0115511, max = 0.0260910 (R_Knee_Lateral)
[2026-07-19 17:04:54.294] [info] Frame 308 (t = 3.08):	 total squared error = 0.00356139, marker error: RMS = 0.0114849, max = 0.026294 (R_Knee_Lateral)
[2026-07-19 17:04:54.315] [info] Frame 309 (t = 3.09):	 total squared error = 0.00352135, marker error: RMS = 0.0114202, max = 0.0264229 (R_Knee_Lateral)
[2026-07-19 17:04:54.328] [info] Frame 310 (t = 3.1):	 total squared error = 0.00348449, marker error: RMS = 0.0113602, max = 0.0265267 (R_Knee_Lateral)
[2026-07-19 17:04:54.337] [info] Frame 311 (t = 3.11):	 total squared error = 0.00345269, marker error: RMS = 0.0113083, max = 0.026691 (R_Knee_Lateral)
[2026-07-19 17:04:54.355] [info] Frame 312 (t = 3.12):	 total squared error = 0.00340518, marker error: RMS = 0.0112302, max = 0.0268122 (R_Knee_Lateral)
[2026-07-19 17:04:54.368] [info] Frame 313 (t = 3.13):	 total squared error = 0.00336595, marker error: RMS = 0.0111653, max = 0.0267788 (R_Knee_Lateral)
[2026-07-19 17:04:54.394] [info] Frame 314 (t = 3.14):	 total squared error = 0.00331777, marker error: RMS = 0.0110851, max = 0.0268397 (R_Knee_Lateral)
[2026-07-19 17:04:54.407] [info] Frame 315 (t = 3.15):	 total squared error = 0.00327258, marker error: RMS = 0.0110094, max = 0.0267217 (R_Knee_Lateral)
[2026-07-19 17:04:54.422] [info] Frame 316 (t = 3.16):	 total squared error = 0.00322251, marker error: RMS = 0.0109248, max = 0.0265986 (R_Knee_Lateral)
[2026-07-19 17:04:54.438] [info] Frame 317 (t = 3.17):	 total squared error = 0.00316917, marker error: RMS = 0.0108340, max = 0.0265255 (R_Knee_Lateral)
[2026-07-19 17:04:54.452] [info] Frame 318 (t = 3.18):	 total squared error = 0.00311528, marker error: RMS = 0.0107415, max = 0.0264125 (R_Knee_Lateral)
[2026-07-19 17:04:54.472] [info] Frame 319 (t = 3.19):	 total squared error = 0.00305907, marker error: RMS = 0.0106442, max = 0.0264339 (R_Knee_Lateral)
[2026-07-19 17:04:54.488] [info] Frame 320 (t = 3.2):	 total squared error = 0.00300644, marker error: RMS = 0.0105522, max = 0.0262509 (R_Knee_Lateral)
[2026-07-19 17:04:54.503] [info] Frame 321 (t = 3.21):	 total squared error = 0.00295529, marker error: RMS = 0.0104621, max = 0.0261123 (R_Knee_Lateral)
[2026-07-19 17:04:54.512] [info] Frame 322 (t = 3.22):	 total squared error = 0.00291128, marker error: RMS = 0.0103839, max = 0.0259219 (R_Knee_Lateral)
[2026-07-19 17:04:54.528] [info] Frame 323 (t = 3.23):	 total squared error = 0.00286194, marker error: RMS = 0.0102955, max = 0.0258186 (R_Knee_Lateral)
[2026-07-19 17:04:54.542] [info] Frame 324 (t = 3.24):	 total squared error = 0.00281968, marker error: RMS = 0.0102192, max = 0.025567 (R_Knee_Lateral)
[2026-07-19 17:04:54.558] [info] Frame 325 (t = 3.25):	 total squared error = 0.00277787, marker error: RMS = 0.0101432, max = 0.0254887 (R_Knee_Lateral)
[2026-07-19 17:04:54.567] [info] Frame 326 (t = 3.26):	 total squared error = 0.00274405, marker error: RMS = 0.0100812, max = 0.0253121 (R_Knee_Lateral)
[2026-07-19 17:04:54.580] [info] Frame 327 (t = 3.27):	 total squared error = 0.00270421, marker error: RMS = 0.0100078, max = 0.0251099 (R_Knee_Lateral)
[2026-07-19 17:04:54.596] [info] Frame 328 (t = 3.28):	 total squared error = 0.00267164, marker error: RMS = 0.00994734, max = 0.0249356 (R_Knee_Lateral)
[2026-07-19 17:04:54.614] [info] Frame 329 (t = 3.29):	 total squared error = 0.00264176, marker error: RMS = 0.00989156, max = 0.0248341 (R_Knee_Lateral)
[2026-07-19 17:04:54.628] [info] Frame 330 (t = 3.3):	 total squared error = 0.00261916, marker error: RMS = 0.00984917, max = 0.0246445 (R_Knee_Lateral)
[2026-07-19 17:04:54.644] [info] Frame 331 (t = 3.31):	 total squared error = 0.00260184, marker error: RMS = 0.00981654, max = 0.0245192 (R_Knee_Lateral)
[2026-07-19 17:04:54.659] [info] Frame 332 (t = 3.32):	 total squared error = 0.00259085, marker error: RMS = 0.00979578, max = 0.0244363 (R_Knee_Lateral)
[2026-07-19 17:04:54.675] [info] Frame 333 (t = 3.33):	 total squared error = 0.00258510, marker error: RMS = 0.00978490, max = 0.0244204 (R_Knee_Lateral)
[2026-07-19 17:04:54.689] [info] Frame 334 (t = 3.34):	 total squared error = 0.00258733, marker error: RMS = 0.00978913, max = 0.0244362 (R_Knee_Lateral)
[2026-07-19 17:04:54.705] [info] Frame 335 (t = 3.35):	 total squared error = 0.00259752, marker error: RMS = 0.00980838, max = 0.0245214 (R_Knee_Lateral)
[2026-07-19 17:04:54.719] [info] Frame 336 (t = 3.36):	 total squared error = 0.00261957, marker error: RMS = 0.00984994, max = 0.0246352 (R_Knee_Lateral)
[2026-07-19 17:04:54.730] [info] Frame 337 (t = 3.37):	 total squared error = 0.00265417, marker error: RMS = 0.00991477, max = 0.0248964 (R_Knee_Lateral)
[2026-07-19 17:04:54.752] [info] Frame 338 (t = 3.38):	 total squared error = 0.00269818, marker error: RMS = 0.00999663, max = 0.0251434 (R_Knee_Lateral)
[2026-07-19 17:04:54.774] [info] Frame 339 (t = 3.39):	 total squared error = 0.00276731, marker error: RMS = 0.0101239, max = 0.0255825 (R_Knee_Lateral)
[2026-07-19 17:04:54.788] [info] Frame 340 (t = 3.4):	 total squared error = 0.00285810, marker error: RMS = 0.0102886, max = 0.026177 (R_Knee_Lateral)
[2026-07-19 17:04:54.810] [info] Frame 341 (t = 3.41):	 total squared error = 0.00296197, marker error: RMS = 0.0104739, max = 0.0267424 (R_Knee_Lateral)
[2026-07-19 17:04:54.824] [info] Frame 342 (t = 3.42):	 total squared error = 0.00308536, marker error: RMS = 0.0106898, max = 0.0277475 (R_Knee_Lateral)
[2026-07-19 17:04:54.839] [info] Frame 343 (t = 3.43):	 total squared error = 0.00321539, marker error: RMS = 0.0109128, max = 0.0286568 (R_Knee_Lateral)
[2026-07-19 17:04:54.863] [info] Frame 344 (t = 3.44):	 total squared error = 0.00334264, marker error: RMS = 0.0111266, max = 0.0297433 (R_Knee_Lateral)
[2026-07-19 17:04:54.885] [info] Frame 345 (t = 3.45):	 total squared error = 0.00347245, marker error: RMS = 0.0113406, max = 0.0310357 (R_Knee_Lateral)
[2026-07-19 17:04:54.911] [info] Frame 346 (t = 3.46):	 total squared error = 0.00359847, marker error: RMS = 0.0115446, max = 0.032413 (R_Knee_Lateral)
[2026-07-19 17:04:54.928] [info] Frame 347 (t = 3.47):	 total squared error = 0.00372417, marker error: RMS = 0.0117444, max = 0.0339462 (R_Knee_Lateral)
[2026-07-19 17:04:54.951] [info] Frame 348 (t = 3.48):	 total squared error = 0.00383759, marker error: RMS = 0.011922, max = 0.0350221 (R_Knee_Lateral)
[2026-07-19 17:04:54.971] [info] Frame 349 (t = 3.49):	 total squared error = 0.00395482, marker error: RMS = 0.0121027, max = 0.0364225 (R_Knee_Lateral)
[2026-07-19 17:04:55.001] [info] Frame 350 (t = 3.5):	 total squared error = 0.00406629, marker error: RMS = 0.0122721, max = 0.0376344 (R_Knee_Lateral)
[2026-07-19 17:04:55.019] [info] Frame 351 (t = 3.51):	 total squared error = 0.00418771, marker error: RMS = 0.0124539, max = 0.0390210 (R_Knee_Lateral)
[2026-07-19 17:04:55.041] [info] Frame 352 (t = 3.52):	 total squared error = 0.00431148, marker error: RMS = 0.0126366, max = 0.0398462 (R_Knee_Lateral)
[2026-07-19 17:04:55.070] [info] Frame 353 (t = 3.53):	 total squared error = 0.00444547, marker error: RMS = 0.0128315, max = 0.0408505 (R_Knee_Lateral)
[2026-07-19 17:04:55.086] [info] Frame 354 (t = 3.54):	 total squared error = 0.00460511, marker error: RMS = 0.0130598, max = 0.0420361 (R_Knee_Lateral)
[2026-07-19 17:04:55.104] [info] Frame 355 (t = 3.55):	 total squared error = 0.00477635, marker error: RMS = 0.0133004, max = 0.0427854 (R_Knee_Lateral)
[2026-07-19 17:04:55.119] [info] Frame 356 (t = 3.56):	 total squared error = 0.00496853, marker error: RMS = 0.0135654, max = 0.0436806 (R_Knee_Lateral)
[2026-07-19 17:04:55.134] [info] Frame 357 (t = 3.57):	 total squared error = 0.00516157, marker error: RMS = 0.0138264, max = 0.0444265 (R_Knee_Lateral)
[2026-07-19 17:04:55.151] [info] Frame 358 (t = 3.58):	 total squared error = 0.00534994, marker error: RMS = 0.0140764, max = 0.0449357 (R_Knee_Lateral)
[2026-07-19 17:04:55.166] [info] Frame 359 (t = 3.59):	 total squared error = 0.00553270, marker error: RMS = 0.0143148, max = 0.0455526 (R_Knee_Lateral)
[2026-07-19 17:04:55.179] [info] Frame 360 (t = 3.6):	 total squared error = 0.00569109, marker error: RMS = 0.0145183, max = 0.0459904 (R_Knee_Lateral)
[2026-07-19 17:04:55.193] [info] Frame 361 (t = 3.61):	 total squared error = 0.00582281, marker error: RMS = 0.0146853, max = 0.0463635 (R_Knee_Lateral)
[2026-07-19 17:04:55.210] [info] Frame 362 (t = 3.62):	 total squared error = 0.00592511, marker error: RMS = 0.0148138, max = 0.0465442 (R_Knee_Lateral)
[2026-07-19 17:04:55.221] [info] Frame 363 (t = 3.63):	 total squared error = 0.00600178, marker error: RMS = 0.0149093, max = 0.0467006 (R_Knee_Lateral)
[2026-07-19 17:04:55.237] [info] Frame 364 (t = 3.64):	 total squared error = 0.00603335, marker error: RMS = 0.0149485, max = 0.0467033 (R_Knee_Lateral)
[2026-07-19 17:04:55.253] [info] Frame 365 (t = 3.65):	 total squared error = 0.00604001, marker error: RMS = 0.0149567, max = 0.0465521 (R_Knee_Lateral)
[2026-07-19 17:04:55.270] [info] Frame 366 (t = 3.66):	 total squared error = 0.00601704, marker error: RMS = 0.0149283, max = 0.0462709 (R_Knee_Lateral)
[2026-07-19 17:04:55.282] [info] Frame 367 (t = 3.67):	 total squared error = 0.00597668, marker error: RMS = 0.0148781, max = 0.0458396 (R_Knee_Lateral)
[2026-07-19 17:04:55.299] [info] Frame 368 (t = 3.68):	 total squared error = 0.00589395, marker error: RMS = 0.0147748, max = 0.0453713 (R_Knee_Lateral)
[2026-07-19 17:04:55.322] [info] Frame 369 (t = 3.69):	 total squared error = 0.00579573, marker error: RMS = 0.0146512, max = 0.0450542 (R_Knee_Lateral)
[2026-07-19 17:04:55.335] [info] Frame 370 (t = 3.7):	 total squared error = 0.00569604, marker error: RMS = 0.0145246, max = 0.0440220 (R_Knee_Lateral)
[2026-07-19 17:04:55.341] [info] InverseKinematicsTool completed 321 frames in 5 second(s).
[2026-07-19 17:04:55.377] [info] Loaded model TCV36-scaled from file C:\Users\lucia\Desktop\TFG\2_JMP\TVC36\Walk_1\TVC36_scaled.osim
[2026-07-19 17:04:57.304] [warning] Coordinate.setValue:  coordinate pro_sup_r is locked. Unable to change its value.
[2026-07-19 17:04:57.336] [warning] Coordinate.setValue:  coordinate pro_sup_l is locked. Unable to change its value.
[2026-07-19 17:05:39.810] [info] Loaded model TCV36-scaled from file C:\Users\lucia\Desktop\TFG\2_JMP\TVC36\Walk_1\TVC36_1_JMP_results\TVC36_1_NMSM_JMP_01_pelvis_thigh.osim
[2026-07-19 17:05:39.820] [cout] [info] 
               MODEL: TCV36-scaled
         coordinates: 41
              forces: 103
           actuators: 103
             muscles: 86
            analyses: 0
              probes: 0
              bodies: 24
              joints: 24
         constraints: 2
             markers: 27
         controllers: 0
  contact geometries: 0
misc modelcomponents: 0
[2026-07-19 17:05:39.820] [info] Running tool .
[2026-07-19 17:05:39.917] [info] Frame 50 (t = 0.5):	 total squared error = 0.00188148, marker error: RMS = 0.00834771, max = 0.0160306 (L_Shank_Lateral)
[2026-07-19 17:05:39.937] [info] Frame 51 (t = 0.51):	 total squared error = 0.00183548, marker error: RMS = 0.00824504, max = 0.0160344 (L_Shank_Lateral)
[2026-07-19 17:05:39.957] [info] Frame 52 (t = 0.52):	 total squared error = 0.00178036, marker error: RMS = 0.00812030, max = 0.0160162 (L_Shank_Lateral)
[2026-07-19 17:05:39.974] [info] Frame 53 (t = 0.53):	 total squared error = 0.00171941, marker error: RMS = 0.00798009, max = 0.0159282 (L_Shank_Lateral)
[2026-07-19 17:05:40.002] [info] Frame 54 (t = 0.54):	 total squared error = 0.00163922, marker error: RMS = 0.00779178, max = 0.0162335 (L_Shank_Lateral)
[2026-07-19 17:05:40.027] [info] Frame 55 (t = 0.55):	 total squared error = 0.00156822, marker error: RMS = 0.00762118, max = 0.0161431 (L_Shank_Lateral)
[2026-07-19 17:05:40.042] [info] Frame 56 (t = 0.56):	 total squared error = 0.00150814, marker error: RMS = 0.00747375, max = 0.015782 (L_Shank_Lateral)
[2026-07-19 17:05:40.057] [info] Frame 57 (t = 0.57):	 total squared error = 0.00144443, marker error: RMS = 0.00731420, max = 0.0156373 (L_Shank_Lateral)
[2026-07-19 17:05:40.076] [info] Frame 58 (t = 0.58):	 total squared error = 0.00136796, marker error: RMS = 0.00711795, max = 0.0156758 (L_Shank_Lateral)
[2026-07-19 17:05:40.110] [info] Frame 59 (t = 0.59):	 total squared error = 0.00129830, marker error: RMS = 0.00693436, max = 0.0154974 (L_Shank_Lateral)
[2026-07-19 17:05:40.130] [info] Frame 60 (t = 0.6):	 total squared error = 0.00123473, marker error: RMS = 0.00676244, max = 0.0151143 (L_Shank_Lateral)
[2026-07-19 17:05:40.150] [info] Frame 61 (t = 0.61):	 total squared error = 0.00116993, marker error: RMS = 0.00658262, max = 0.0147204 (L_Shank_Lateral)
[2026-07-19 17:05:40.167] [info] Frame 62 (t = 0.62):	 total squared error = 0.00110860, marker error: RMS = 0.00640775, max = 0.0143326 (L_Shank_Lateral)
[2026-07-19 17:05:40.186] [info] Frame 63 (t = 0.63):	 total squared error = 0.00105262, marker error: RMS = 0.00624388, max = 0.0138918 (L_Shank_Lateral)
[2026-07-19 17:05:40.193] [info] Frame 64 (t = 0.64):	 total squared error = 0.00101607, marker error: RMS = 0.00613452, max = 0.0140396 (L_Shank_Lateral)
[2026-07-19 17:05:40.209] [info] Frame 65 (t = 0.65):	 total squared error = 0.000963201, marker error: RMS = 0.00597278, max = 0.0129817 (L_Shank_Lateral)
[2026-07-19 17:05:40.221] [info] Frame 66 (t = 0.66):	 total squared error = 0.000927709, marker error: RMS = 0.00586171, max = 0.0129085 (L_Shank_Lateral)
[2026-07-19 17:05:40.240] [info] Frame 67 (t = 0.67):	 total squared error = 0.000882307, marker error: RMS = 0.00571647, max = 0.0118163 (L_Shank_Lateral)
[2026-07-19 17:05:40.262] [info] Frame 68 (t = 0.68):	 total squared error = 0.000841098, marker error: RMS = 0.00558138, max = 0.0112040 (L_Shank_Lateral)
[2026-07-19 17:05:40.280] [info] Frame 69 (t = 0.69):	 total squared error = 0.000799485, marker error: RMS = 0.00544156, max = 0.0108867 (R_Shoulder)
[2026-07-19 17:05:40.300] [info] Frame 70 (t = 0.7):	 total squared error = 0.000757640, marker error: RMS = 0.00529724, max = 0.0108074 (R_Shoulder)
[2026-07-19 17:05:40.317] [info] Frame 71 (t = 0.71):	 total squared error = 0.000717569, marker error: RMS = 0.00515525, max = 0.0106056 (R_Shoulder)
[2026-07-19 17:05:40.339] [info] Frame 72 (t = 0.72):	 total squared error = 0.000679146, marker error: RMS = 0.00501533, max = 0.0104837 (R_Shoulder)
[2026-07-19 17:05:40.362] [info] Frame 73 (t = 0.73):	 total squared error = 0.000643923, marker error: RMS = 0.00488355, max = 0.0103509 (R_Shoulder)
[2026-07-19 17:05:40.382] [info] Frame 74 (t = 0.74):	 total squared error = 0.000612061, marker error: RMS = 0.00476119, max = 0.0101579 (R_Shoulder)
[2026-07-19 17:05:40.402] [info] Frame 75 (t = 0.75):	 total squared error = 0.000582511, marker error: RMS = 0.00464484, max = 0.0100977 (R_Shoulder)
[2026-07-19 17:05:40.417] [info] Frame 76 (t = 0.76):	 total squared error = 0.000558143, marker error: RMS = 0.00454664, max = 0.0101071 (R_Shoulder)
[2026-07-19 17:05:40.435] [info] Frame 77 (t = 0.77):	 total squared error = 0.000534066, marker error: RMS = 0.00444750, max = 0.00991318 (R_Shoulder)
[2026-07-19 17:05:40.444] [info] Frame 78 (t = 0.78):	 total squared error = 0.000523212, marker error: RMS = 0.00440207, max = 0.00975242 (R_Shoulder)
[2026-07-19 17:05:40.454] [info] Frame 79 (t = 0.79):	 total squared error = 0.000513704, marker error: RMS = 0.00436189, max = 0.00988631 (R_Shoulder)
[2026-07-19 17:05:40.468] [info] Frame 80 (t = 0.8):	 total squared error = 0.000495523, marker error: RMS = 0.00428400, max = 0.00965730 (R_Shoulder)
[2026-07-19 17:05:40.477] [info] Frame 81 (t = 0.81):	 total squared error = 0.000496233, marker error: RMS = 0.00428707, max = 0.00963075 (R_Shoulder)
[2026-07-19 17:05:40.498] [info] Frame 82 (t = 0.82):	 total squared error = 0.000479123, marker error: RMS = 0.00421252, max = 0.00975654 (R_Shoulder)
[2026-07-19 17:05:40.507] [info] Frame 83 (t = 0.83):	 total squared error = 0.000480927, marker error: RMS = 0.00422044, max = 0.00974515 (R_Shoulder)
[2026-07-19 17:05:40.520] [info] Frame 84 (t = 0.84):	 total squared error = 0.000475560, marker error: RMS = 0.00419682, max = 0.00968538 (R_Shoulder)
[2026-07-19 17:05:40.530] [info] Frame 85 (t = 0.85):	 total squared error = 0.000476831, marker error: RMS = 0.00420243, max = 0.00961608 (R_Shoulder)
[2026-07-19 17:05:40.539] [info] Frame 86 (t = 0.86):	 total squared error = 0.000478801, marker error: RMS = 0.00421110, max = 0.00956739 (R_Shoulder)
[2026-07-19 17:05:40.554] [info] Frame 87 (t = 0.87):	 total squared error = 0.000466367, marker error: RMS = 0.00415606, max = 0.00963347 (R_Shoulder)
[2026-07-19 17:05:40.561] [info] Frame 88 (t = 0.88):	 total squared error = 0.000466957, marker error: RMS = 0.00415869, max = 0.00951263 (R_Shoulder)
[2026-07-19 17:05:40.576] [info] Frame 89 (t = 0.89):	 total squared error = 0.000459925, marker error: RMS = 0.00412726, max = 0.00967090 (R_Shoulder)
[2026-07-19 17:05:40.585] [info] Frame 90 (t = 0.9):	 total squared error = 0.000462768, marker error: RMS = 0.00413999, max = 0.00948783 (R_Shoulder)
[2026-07-19 17:05:40.595] [info] Frame 91 (t = 0.91):	 total squared error = 0.000468797, marker error: RMS = 0.00416688, max = 0.00930794 (R_Shoulder)
[2026-07-19 17:05:40.604] [info] Frame 92 (t = 0.92):	 total squared error = 0.000475032, marker error: RMS = 0.00419449, max = 0.00912955 (R_Shoulder)
[2026-07-19 17:05:40.618] [info] Frame 93 (t = 0.93):	 total squared error = 0.000469299, marker error: RMS = 0.00416910, max = 0.00927127 (R_Shoulder)
[2026-07-19 17:05:40.627] [info] Frame 94 (t = 0.94):	 total squared error = 0.000474920, marker error: RMS = 0.00419400, max = 0.00905020 (R_Shoulder)
[2026-07-19 17:05:40.639] [info] Frame 95 (t = 0.95):	 total squared error = 0.000479464, marker error: RMS = 0.00421401, max = 0.00902602 (R_Shoulder)
[2026-07-19 17:05:40.660] [info] Frame 96 (t = 0.96):	 total squared error = 0.000467119, marker error: RMS = 0.00415941, max = 0.00947023 (R_Shoulder)
[2026-07-19 17:05:40.670] [info] Frame 97 (t = 0.97):	 total squared error = 0.000470165, marker error: RMS = 0.00417295, max = 0.00932710 (R_Shoulder)
[2026-07-19 17:05:40.688] [info] Frame 98 (t = 0.98):	 total squared error = 0.000464516, marker error: RMS = 0.00414781, max = 0.00943499 (R_Shoulder)
[2026-07-19 17:05:40.705] [info] Frame 99 (t = 0.99):	 total squared error = 0.000464493, marker error: RMS = 0.00414770, max = 0.00951021 (R_Shoulder)
[2026-07-19 17:05:40.718] [info] Frame 100 (t = 1.0):	 total squared error = 0.000470404, marker error: RMS = 0.00417401, max = 0.00957439 (R_Shoulder)
[2026-07-19 17:05:40.731] [info] Frame 101 (t = 1.01):	 total squared error = 0.000479082, marker error: RMS = 0.00421233, max = 0.00970853 (R_Shoulder)
[2026-07-19 17:05:40.747] [info] Frame 102 (t = 1.02):	 total squared error = 0.000483902, marker error: RMS = 0.00423347, max = 0.00961197 (R_Shoulder)
[2026-07-19 17:05:40.767] [info] Frame 103 (t = 1.03):	 total squared error = 0.000494576, marker error: RMS = 0.00427991, max = 0.00982181 (R_Shoulder)
[2026-07-19 17:05:40.781] [info] Frame 104 (t = 1.04):	 total squared error = 0.000510960, marker error: RMS = 0.00435022, max = 0.00995023 (R_Shoulder)
[2026-07-19 17:05:40.800] [info] Frame 105 (t = 1.05):	 total squared error = 0.000523160, marker error: RMS = 0.00440185, max = 0.00997425 (R_Shoulder)
[2026-07-19 17:05:40.811] [info] Frame 106 (t = 1.06):	 total squared error = 0.000542364, marker error: RMS = 0.00448192, max = 0.00995102 (R_Shoulder)
[2026-07-19 17:05:40.831] [info] Frame 107 (t = 1.07):	 total squared error = 0.000552106, marker error: RMS = 0.00452199, max = 0.0101348 (R_Shoulder)
[2026-07-19 17:05:40.845] [info] Frame 108 (t = 1.08):	 total squared error = 0.000567393, marker error: RMS = 0.00458416, max = 0.0102407 (R_Shoulder)
[2026-07-19 17:05:40.859] [info] Frame 109 (t = 1.09):	 total squared error = 0.000581530, marker error: RMS = 0.00464092, max = 0.0102968 (R_Shoulder)
[2026-07-19 17:05:40.874] [info] Frame 110 (t = 1.1):	 total squared error = 0.000594443, marker error: RMS = 0.00469216, max = 0.0102651 (R_Shoulder)
[2026-07-19 17:05:40.885] [info] Frame 111 (t = 1.11):	 total squared error = 0.000609967, marker error: RMS = 0.00475304, max = 0.0101278 (R_Shoulder)
[2026-07-19 17:05:40.900] [info] Frame 112 (t = 1.12):	 total squared error = 0.000617488, marker error: RMS = 0.00478225, max = 0.0100915 (R_Shoulder)
[2026-07-19 17:05:40.912] [info] Frame 113 (t = 1.13):	 total squared error = 0.000631661, marker error: RMS = 0.00483682, max = 0.0100452 (R_Shoulder)
[2026-07-19 17:05:40.926] [info] Frame 114 (t = 1.14):	 total squared error = 0.000643855, marker error: RMS = 0.00488329, max = 0.00996516 (R_Shoulder)
[2026-07-19 17:05:40.951] [info] Frame 115 (t = 1.15):	 total squared error = 0.000649384, marker error: RMS = 0.00490421, max = 0.00988729 (R_Shoulder)
[2026-07-19 17:05:40.962] [info] Frame 116 (t = 1.16):	 total squared error = 0.000663207, marker error: RMS = 0.00495613, max = 0.00982600 (R_Shoulder)
[2026-07-19 17:05:40.976] [info] Frame 117 (t = 1.17):	 total squared error = 0.000672532, marker error: RMS = 0.00499085, max = 0.00981495 (R_Shoulder)
[2026-07-19 17:05:41.002] [info] Frame 118 (t = 1.18):	 total squared error = 0.000677977, marker error: RMS = 0.00501101, max = 0.00964822 (R_Shoulder)
[2026-07-19 17:05:41.021] [info] Frame 119 (t = 1.19):	 total squared error = 0.000688883, marker error: RMS = 0.00505116, max = 0.00961867 (R_Shoulder)
[2026-07-19 17:05:41.040] [info] Frame 120 (t = 1.2):	 total squared error = 0.000700843, marker error: RMS = 0.00509482, max = 0.00959709 (R_Shoulder)
[2026-07-19 17:05:41.050] [info] Frame 121 (t = 1.21):	 total squared error = 0.000717908, marker error: RMS = 0.00515647, max = 0.00959886 (R_Shoulder)
[2026-07-19 17:05:41.062] [info] Frame 122 (t = 1.22):	 total squared error = 0.000736108, marker error: RMS = 0.00522142, max = 0.00953756 (R_Shoulder)
[2026-07-19 17:05:41.078] [info] Frame 123 (t = 1.23):	 total squared error = 0.000744511, marker error: RMS = 0.00525114, max = 0.00943665 (R_Shoulder)
[2026-07-19 17:05:41.088] [info] Frame 124 (t = 1.24):	 total squared error = 0.000762450, marker error: RMS = 0.00531403, max = 0.00950768 (R_Shoulder)
[2026-07-19 17:05:41.101] [info] Frame 125 (t = 1.25):	 total squared error = 0.000771025, marker error: RMS = 0.00534383, max = 0.00959608 (C7)
[2026-07-19 17:05:41.110] [info] Frame 126 (t = 1.26):	 total squared error = 0.000785941, marker error: RMS = 0.00539527, max = 0.00986517 (C7)
[2026-07-19 17:05:41.127] [info] Frame 127 (t = 1.27):	 total squared error = 0.000791571, marker error: RMS = 0.00541456, max = 0.0102150 (C7)
[2026-07-19 17:05:41.138] [info] Frame 128 (t = 1.28):	 total squared error = 0.000801827, marker error: RMS = 0.00544952, max = 0.0105994 (C7)
[2026-07-19 17:05:41.143] [info] Frame 129 (t = 1.29):	 total squared error = 0.000819999, marker error: RMS = 0.00551093, max = 0.0109745 (C7)
[2026-07-19 17:05:41.163] [info] Frame 130 (t = 1.3):	 total squared error = 0.000825038, marker error: RMS = 0.00552784, max = 0.0113566 (C7)
[2026-07-19 17:05:41.167] [info] Frame 131 (t = 1.31):	 total squared error = 0.000847092, marker error: RMS = 0.00560123, max = 0.0117612 (C7)
[2026-07-19 17:05:41.186] [info] Frame 132 (t = 1.32):	 total squared error = 0.000857342, marker error: RMS = 0.00563502, max = 0.012241 (C7)
[2026-07-19 17:05:41.192] [info] Frame 133 (t = 1.33):	 total squared error = 0.000881523, marker error: RMS = 0.00571393, max = 0.0126283 (C7)
[2026-07-19 17:05:41.209] [info] Frame 134 (t = 1.34):	 total squared error = 0.000893852, marker error: RMS = 0.00575375, max = 0.0132122 (C7)
[2026-07-19 17:05:41.218] [info] Frame 135 (t = 1.35):	 total squared error = 0.000916426, marker error: RMS = 0.00582595, max = 0.0136196 (C7)
[2026-07-19 17:05:41.234] [info] Frame 136 (t = 1.36):	 total squared error = 0.000929368, marker error: RMS = 0.00586694, max = 0.0139622 (C7)
[2026-07-19 17:05:41.245] [info] Frame 137 (t = 1.37):	 total squared error = 0.000950118, marker error: RMS = 0.00593208, max = 0.0143394 (C7)
[2026-07-19 17:05:41.265] [info] Frame 138 (t = 1.38):	 total squared error = 0.000959490, marker error: RMS = 0.00596126, max = 0.0145816 (C7)
[2026-07-19 17:05:41.281] [info] Frame 139 (t = 1.39):	 total squared error = 0.000972855, marker error: RMS = 0.00600264, max = 0.0148368 (C7)
[2026-07-19 17:05:41.289] [info] Frame 140 (t = 1.4):	 total squared error = 0.000991798, marker error: RMS = 0.00606080, max = 0.015115 (C7)
[2026-07-19 17:05:41.303] [info] Frame 141 (t = 1.41):	 total squared error = 0.00100271, marker error: RMS = 0.00609406, max = 0.0152084 (C7)
[2026-07-19 17:05:41.319] [info] Frame 142 (t = 1.42):	 total squared error = 0.00100822, marker error: RMS = 0.00611078, max = 0.0153352 (C7)
[2026-07-19 17:05:41.328] [info] Frame 143 (t = 1.43):	 total squared error = 0.00102567, marker error: RMS = 0.00616343, max = 0.0154626 (C7)
[2026-07-19 17:05:41.346] [info] Frame 144 (t = 1.44):	 total squared error = 0.00102829, marker error: RMS = 0.00617130, max = 0.0155628 (C7)
[2026-07-19 17:05:41.365] [info] Frame 145 (t = 1.45):	 total squared error = 0.00103659, marker error: RMS = 0.00619614, max = 0.0157043 (C7)
[2026-07-19 17:05:41.375] [info] Frame 146 (t = 1.46):	 total squared error = 0.00105075, marker error: RMS = 0.00623832, max = 0.0159085 (C7)
[2026-07-19 17:05:41.389] [info] Frame 147 (t = 1.47):	 total squared error = 0.00104849, marker error: RMS = 0.00623161, max = 0.0158455 (C7)
[2026-07-19 17:05:41.404] [info] Frame 148 (t = 1.48):	 total squared error = 0.00104174, marker error: RMS = 0.00621152, max = 0.0159095 (C7)
[2026-07-19 17:05:41.415] [info] Frame 149 (t = 1.49):	 total squared error = 0.00103757, marker error: RMS = 0.00619908, max = 0.0159948 (C7)
[2026-07-19 17:05:41.435] [info] Frame 150 (t = 1.5):	 total squared error = 0.00100629, marker error: RMS = 0.00610493, max = 0.0159171 (C7)
[2026-07-19 17:05:41.449] [info] Frame 151 (t = 1.51):	 total squared error = 0.000982942, marker error: RMS = 0.00603368, max = 0.0159371 (C7)
[2026-07-19 17:05:41.458] [info] Frame 152 (t = 1.52):	 total squared error = 0.000964176, marker error: RMS = 0.00597580, max = 0.0159422 (C7)
[2026-07-19 17:05:41.474] [info] Frame 153 (t = 1.53):	 total squared error = 0.000928989, marker error: RMS = 0.00586575, max = 0.0156821 (C7)
[2026-07-19 17:05:41.483] [info] Frame 154 (t = 1.54):	 total squared error = 0.000909697, marker error: RMS = 0.00580452, max = 0.01565 (C7)
[2026-07-19 17:05:41.502] [info] Frame 155 (t = 1.55):	 total squared error = 0.000875933, marker error: RMS = 0.00569578, max = 0.0154139 (C7)
[2026-07-19 17:05:41.516] [info] Frame 156 (t = 1.56):	 total squared error = 0.000857408, marker error: RMS = 0.00563523, max = 0.0152081 (C7)
[2026-07-19 17:05:41.532] [info] Frame 157 (t = 1.57):	 total squared error = 0.000836333, marker error: RMS = 0.00556555, max = 0.0149446 (C7)
[2026-07-19 17:05:41.552] [info] Frame 158 (t = 1.58):	 total squared error = 0.000819309, marker error: RMS = 0.00550861, max = 0.0147047 (C7)
[2026-07-19 17:05:41.563] [info] Frame 159 (t = 1.59):	 total squared error = 0.000812017, marker error: RMS = 0.00548404, max = 0.0144648 (C7)
[2026-07-19 17:05:41.574] [info] Frame 160 (t = 1.6):	 total squared error = 0.000808758, marker error: RMS = 0.00547303, max = 0.014154 (C7)
[2026-07-19 17:05:41.600] [info] Frame 161 (t = 1.61):	 total squared error = 0.000789911, marker error: RMS = 0.00540888, max = 0.0138792 (C7)
[2026-07-19 17:05:41.612] [info] Frame 162 (t = 1.62):	 total squared error = 0.000787357, marker error: RMS = 0.00540013, max = 0.0136087 (C7)
[2026-07-19 17:05:41.624] [info] Frame 163 (t = 1.63):	 total squared error = 0.000787883, marker error: RMS = 0.00540193, max = 0.0133412 (C7)
[2026-07-19 17:05:41.636] [info] Frame 164 (t = 1.64):	 total squared error = 0.000783441, marker error: RMS = 0.00538668, max = 0.0130652 (C7)
[2026-07-19 17:05:41.650] [info] Frame 165 (t = 1.65):	 total squared error = 0.000775174, marker error: RMS = 0.00535818, max = 0.012774 (C7)
[2026-07-19 17:05:41.660] [info] Frame 166 (t = 1.66):	 total squared error = 0.000770170, marker error: RMS = 0.00534086, max = 0.0126553 (C7)
[2026-07-19 17:05:41.674] [info] Frame 167 (t = 1.67):	 total squared error = 0.000755952, marker error: RMS = 0.00529134, max = 0.0123409 (C7)
[2026-07-19 17:05:41.692] [info] Frame 168 (t = 1.68):	 total squared error = 0.000741077, marker error: RMS = 0.00523902, max = 0.0121299 (C7)
[2026-07-19 17:05:41.704] [info] Frame 169 (t = 1.69):	 total squared error = 0.000732030, marker error: RMS = 0.00520694, max = 0.0120453 (C7)
[2026-07-19 17:05:41.721] [info] Frame 170 (t = 1.7):	 total squared error = 0.000721745, marker error: RMS = 0.00517023, max = 0.0119061 (L_Shoulder)
[2026-07-19 17:05:41.736] [info] Frame 171 (t = 1.71):	 total squared error = 0.000716940, marker error: RMS = 0.00515299, max = 0.0124050 (L_Shoulder)
[2026-07-19 17:05:41.751] [info] Frame 172 (t = 1.72):	 total squared error = 0.000714828, marker error: RMS = 0.00514540, max = 0.0127508 (L_Shoulder)
[2026-07-19 17:05:41.766] [info] Frame 173 (t = 1.73):	 total squared error = 0.000717514, marker error: RMS = 0.00515505, max = 0.0131769 (L_Shoulder)
[2026-07-19 17:05:41.787] [info] Frame 174 (t = 1.74):	 total squared error = 0.000722869, marker error: RMS = 0.00517426, max = 0.0132798 (L_Shoulder)
[2026-07-19 17:05:41.801] [info] Frame 175 (t = 1.75):	 total squared error = 0.000735108, marker error: RMS = 0.00521787, max = 0.0137414 (L_Shoulder)
[2026-07-19 17:05:41.820] [info] Frame 176 (t = 1.76):	 total squared error = 0.000752026, marker error: RMS = 0.00527758, max = 0.0139566 (L_Shoulder)
[2026-07-19 17:05:41.835] [info] Frame 177 (t = 1.77):	 total squared error = 0.000775124, marker error: RMS = 0.00535801, max = 0.0140960 (L_Shoulder)
[2026-07-19 17:05:41.862] [info] Frame 178 (t = 1.78):	 total squared error = 0.000802751, marker error: RMS = 0.00545266, max = 0.0141427 (L_Shoulder)
[2026-07-19 17:05:41.880] [info] Frame 179 (t = 1.79):	 total squared error = 0.000842321, marker error: RMS = 0.00558544, max = 0.0142465 (L_Shoulder)
[2026-07-19 17:05:41.899] [info] Frame 180 (t = 1.8):	 total squared error = 0.000891625, marker error: RMS = 0.00574658, max = 0.0143318 (L_Shoulder)
[2026-07-19 17:05:41.918] [info] Frame 181 (t = 1.81):	 total squared error = 0.000948771, marker error: RMS = 0.00592787, max = 0.0143121 (L_Shoulder)
[2026-07-19 17:05:41.938] [info] Frame 182 (t = 1.82):	 total squared error = 0.00101103, marker error: RMS = 0.00611927, max = 0.0141913 (L_Shoulder)
[2026-07-19 17:05:41.962] [info] Frame 183 (t = 1.83):	 total squared error = 0.00108142, marker error: RMS = 0.00632872, max = 0.0147809 (R_Shoulder)
[2026-07-19 17:05:41.984] [info] Frame 184 (t = 1.84):	 total squared error = 0.00115735, marker error: RMS = 0.00654712, max = 0.0154571 (R_Shoulder)
[2026-07-19 17:05:42.005] [info] Frame 185 (t = 1.85):	 total squared error = 0.00123505, marker error: RMS = 0.00676333, max = 0.0160862 (R_Shoulder)
[2026-07-19 17:05:42.022] [info] Frame 186 (t = 1.86):	 total squared error = 0.00131664, marker error: RMS = 0.00698316, max = 0.0167727 (R_Shoulder)
[2026-07-19 17:05:42.046] [info] Frame 187 (t = 1.87):	 total squared error = 0.00139449, marker error: RMS = 0.00718664, max = 0.0173035 (R_Shoulder)
[2026-07-19 17:05:42.064] [info] Frame 188 (t = 1.88):	 total squared error = 0.00147848, marker error: RMS = 0.00739989, max = 0.0178975 (R_Shoulder)
[2026-07-19 17:05:42.090] [info] Frame 189 (t = 1.89):	 total squared error = 0.00156530, marker error: RMS = 0.00761408, max = 0.0184426 (R_Shoulder)
[2026-07-19 17:05:42.106] [info] Frame 190 (t = 1.9):	 total squared error = 0.00166063, marker error: RMS = 0.00784250, max = 0.0188674 (R_Shoulder)
[2026-07-19 17:05:42.132] [info] Frame 191 (t = 1.91):	 total squared error = 0.00176302, marker error: RMS = 0.00808065, max = 0.0192902 (R_Shoulder)
[2026-07-19 17:05:42.146] [info] Frame 192 (t = 1.92):	 total squared error = 0.00187205, marker error: RMS = 0.00832678, max = 0.0196016 (R_Shoulder)
[2026-07-19 17:05:42.164] [info] Frame 193 (t = 1.93):	 total squared error = 0.00197205, marker error: RMS = 0.00854627, max = 0.0197817 (R_Shoulder)
[2026-07-19 17:05:42.188] [info] Frame 194 (t = 1.94):	 total squared error = 0.00206979, marker error: RMS = 0.00875551, max = 0.0199583 (R_Shoulder)
[2026-07-19 17:05:42.204] [info] Frame 195 (t = 1.95):	 total squared error = 0.00215543, marker error: RMS = 0.00893481, max = 0.0199894 (R_Shoulder)
[2026-07-19 17:05:42.216] [info] Frame 196 (t = 1.96):	 total squared error = 0.00222607, marker error: RMS = 0.00908004, max = 0.0198787 (R_Shoulder)
[2026-07-19 17:05:42.244] [info] Frame 197 (t = 1.97):	 total squared error = 0.00228244, marker error: RMS = 0.00919428, max = 0.0197995 (R_Shoulder)
[2026-07-19 17:05:42.259] [info] Frame 198 (t = 1.98):	 total squared error = 0.00232476, marker error: RMS = 0.00927912, max = 0.019533 (R_Shoulder)
[2026-07-19 17:05:42.276] [info] Frame 199 (t = 1.99):	 total squared error = 0.00235519, marker error: RMS = 0.00933966, max = 0.0192175 (R_Shoulder)
[2026-07-19 17:05:42.290] [info] Frame 200 (t = 2.0):	 total squared error = 0.00237597, marker error: RMS = 0.00938078, max = 0.0188279 (R_Shoulder)
[2026-07-19 17:05:42.306] [info] Frame 201 (t = 2.01):	 total squared error = 0.00238519, marker error: RMS = 0.00939895, max = 0.0183703 (R_Shoulder)
[2026-07-19 17:05:42.323] [info] Frame 202 (t = 2.02):	 total squared error = 0.00237828, marker error: RMS = 0.00938533, max = 0.0190808 (R_Shank_Lateral)
[2026-07-19 17:05:42.340] [info] Frame 203 (t = 2.03):	 total squared error = 0.00235029, marker error: RMS = 0.00932994, max = 0.0196276 (R_Shank_Lateral)
[2026-07-19 17:05:42.366] [info] Frame 204 (t = 2.04):	 total squared error = 0.00228474, marker error: RMS = 0.00919890, max = 0.0191211 (Thoracic)
[2026-07-19 17:05:42.398] [info] Frame 205 (t = 2.05):	 total squared error = 0.00220036, marker error: RMS = 0.00902745, max = 0.0197781 (Thoracic)
[2026-07-19 17:05:42.412] [info] Frame 206 (t = 2.06):	 total squared error = 0.00210589, marker error: RMS = 0.00883152, max = 0.0200633 (Thoracic)
[2026-07-19 17:05:42.443] [info] Frame 207 (t = 2.07):	 total squared error = 0.00198171, marker error: RMS = 0.00856718, max = 0.0204284 (Thoracic)
[2026-07-19 17:05:42.464] [info] Frame 208 (t = 2.08):	 total squared error = 0.00187499, marker error: RMS = 0.00833332, max = 0.0203690 (Thoracic)
[2026-07-19 17:05:42.485] [info] Frame 209 (t = 2.09):	 total squared error = 0.00177515, marker error: RMS = 0.00810841, max = 0.0201235 (Thoracic)
[2026-07-19 17:05:42.505] [info] Frame 210 (t = 2.1):	 total squared error = 0.00169734, marker error: RMS = 0.00792871, max = 0.0197223 (Thoracic)
[2026-07-19 17:05:42.531] [info] Frame 211 (t = 2.11):	 total squared error = 0.00161964, marker error: RMS = 0.00774512, max = 0.0192749 (Thoracic)
[2026-07-19 17:05:42.545] [info] Frame 212 (t = 2.12):	 total squared error = 0.00157065, marker error: RMS = 0.00762708, max = 0.0186255 (Thoracic)
[2026-07-19 17:05:42.561] [info] Frame 213 (t = 2.13):	 total squared error = 0.00152683, marker error: RMS = 0.00751993, max = 0.0181562 (Thoracic)
[2026-07-19 17:05:42.582] [info] Frame 214 (t = 2.14):	 total squared error = 0.00147814, marker error: RMS = 0.00739904, max = 0.0176732 (Thoracic)
[2026-07-19 17:05:42.597] [info] Frame 215 (t = 2.15):	 total squared error = 0.00143544, marker error: RMS = 0.00729140, max = 0.0171175 (Thoracic)
[2026-07-19 17:05:42.608] [info] Frame 216 (t = 2.16):	 total squared error = 0.00138767, marker error: RMS = 0.00716903, max = 0.0167829 (Thoracic)
[2026-07-19 17:05:42.624] [info] Frame 217 (t = 2.17):	 total squared error = 0.00133316, marker error: RMS = 0.00702682, max = 0.0164681 (Thoracic)
[2026-07-19 17:05:42.634] [info] Frame 218 (t = 2.18):	 total squared error = 0.00127996, marker error: RMS = 0.00688519, max = 0.0161137 (Thoracic)
[2026-07-19 17:05:42.656] [info] Frame 219 (t = 2.19):	 total squared error = 0.00121947, marker error: RMS = 0.00672053, max = 0.0160111 (Thoracic)
[2026-07-19 17:05:42.669] [info] Frame 220 (t = 2.2):	 total squared error = 0.00116235, marker error: RMS = 0.00656125, max = 0.0158198 (Thoracic)
[2026-07-19 17:05:42.686] [info] Frame 221 (t = 2.21):	 total squared error = 0.00110829, marker error: RMS = 0.00640686, max = 0.0157639 (Thoracic)
[2026-07-19 17:05:42.702] [info] Frame 222 (t = 2.22):	 total squared error = 0.00105690, marker error: RMS = 0.00625656, max = 0.0157665 (Thoracic)
[2026-07-19 17:05:42.721] [info] Frame 223 (t = 2.23):	 total squared error = 0.00100941, marker error: RMS = 0.00611438, max = 0.0158132 (Thoracic)
[2026-07-19 17:05:42.744] [info] Frame 224 (t = 2.24):	 total squared error = 0.000966459, marker error: RMS = 0.00598287, max = 0.0159176 (Thoracic)
[2026-07-19 17:05:42.759] [info] Frame 225 (t = 2.25):	 total squared error = 0.000929750, marker error: RMS = 0.00586815, max = 0.0160099 (Thoracic)
[2026-07-19 17:05:42.774] [info] Frame 226 (t = 2.26):	 total squared error = 0.000898967, marker error: RMS = 0.00577019, max = 0.0161307 (Thoracic)
[2026-07-19 17:05:42.792] [info] Frame 227 (t = 2.27):	 total squared error = 0.000872460, marker error: RMS = 0.00568448, max = 0.0162254 (Thoracic)
[2026-07-19 17:05:42.809] [info] Frame 228 (t = 2.28):	 total squared error = 0.000853319, marker error: RMS = 0.00562178, max = 0.0162852 (Thoracic)
[2026-07-19 17:05:42.823] [info] Frame 229 (t = 2.29):	 total squared error = 0.000839105, marker error: RMS = 0.00557476, max = 0.0162887 (Thoracic)
[2026-07-19 17:05:42.850] [info] Frame 230 (t = 2.3):	 total squared error = 0.000825886, marker error: RMS = 0.00553068, max = 0.0162216 (Thoracic)
[2026-07-19 17:05:42.867] [info] Frame 231 (t = 2.31):	 total squared error = 0.000819857, marker error: RMS = 0.00551045, max = 0.0160321 (Thoracic)
[2026-07-19 17:05:42.883] [info] Frame 232 (t = 2.32):	 total squared error = 0.000815602, marker error: RMS = 0.00549613, max = 0.0157482 (Thoracic)
[2026-07-19 17:05:42.899] [info] Frame 233 (t = 2.33):	 total squared error = 0.000811258, marker error: RMS = 0.00548148, max = 0.0154086 (Thoracic)
[2026-07-19 17:05:42.916] [info] Frame 234 (t = 2.34):	 total squared error = 0.000805307, marker error: RMS = 0.00546134, max = 0.0149849 (Thoracic)
[2026-07-19 17:05:42.925] [info] Frame 235 (t = 2.35):	 total squared error = 0.000803408, marker error: RMS = 0.00545489, max = 0.0145607 (Thoracic)
[2026-07-19 17:05:42.942] [info] Frame 236 (t = 2.36):	 total squared error = 0.000788775, marker error: RMS = 0.00540499, max = 0.0139994 (Thoracic)
[2026-07-19 17:05:42.952] [info] Frame 237 (t = 2.37):	 total squared error = 0.000779946, marker error: RMS = 0.00537465, max = 0.0134526 (Thoracic)
[2026-07-19 17:05:42.965] [info] Frame 238 (t = 2.38):	 total squared error = 0.000760998, marker error: RMS = 0.00530896, max = 0.0128429 (Thoracic)
[2026-07-19 17:05:42.973] [info] Frame 239 (t = 2.39):	 total squared error = 0.000749548, marker error: RMS = 0.00526887, max = 0.0122895 (Thoracic)
[2026-07-19 17:05:42.997] [info] Frame 240 (t = 2.4):	 total squared error = 0.000728209, marker error: RMS = 0.00519333, max = 0.0117555 (Thoracic)
[2026-07-19 17:05:43.006] [info] Frame 241 (t = 2.41):	 total squared error = 0.000718174, marker error: RMS = 0.00515743, max = 0.0111943 (Thoracic)
[2026-07-19 17:05:43.021] [info] Frame 242 (t = 2.42):	 total squared error = 0.000705678, marker error: RMS = 0.00511236, max = 0.0106586 (Thoracic)
[2026-07-19 17:05:43.030] [info] Frame 243 (t = 2.43):	 total squared error = 0.000702952, marker error: RMS = 0.00510247, max = 0.0103811 (R_Shoulder)
[2026-07-19 17:05:43.040] [info] Frame 244 (t = 2.44):	 total squared error = 0.000702579, marker error: RMS = 0.00510112, max = 0.0104307 (R_Shoulder)
[2026-07-19 17:05:43.056] [info] Frame 245 (t = 2.45):	 total squared error = 0.000700262, marker error: RMS = 0.00509270, max = 0.0107475 (R_Shoulder)
[2026-07-19 17:05:43.066] [info] Frame 246 (t = 2.46):	 total squared error = 0.000707545, marker error: RMS = 0.00511912, max = 0.0108332 (R_Shoulder)
[2026-07-19 17:05:43.076] [info] Frame 247 (t = 2.47):	 total squared error = 0.000717859, marker error: RMS = 0.00515629, max = 0.0109462 (R_Shoulder)
[2026-07-19 17:05:43.084] [info] Frame 248 (t = 2.48):	 total squared error = 0.000726833, marker error: RMS = 0.00518842, max = 0.0110782 (R_Shoulder)
[2026-07-19 17:05:43.099] [info] Frame 249 (t = 2.49):	 total squared error = 0.000723725, marker error: RMS = 0.00517732, max = 0.0113666 (R_Shoulder)
[2026-07-19 17:05:43.114] [info] Frame 250 (t = 2.5):	 total squared error = 0.000722244, marker error: RMS = 0.00517202, max = 0.0115351 (R_Shoulder)
[2026-07-19 17:05:43.121] [info] Frame 251 (t = 2.51):	 total squared error = 0.000720766, marker error: RMS = 0.00516672, max = 0.0115576 (R_Shoulder)
[2026-07-19 17:05:43.130] [info] Frame 252 (t = 2.52):	 total squared error = 0.000714863, marker error: RMS = 0.00514552, max = 0.0118209 (R_Shoulder)
[2026-07-19 17:05:43.146] [info] Frame 253 (t = 2.53):	 total squared error = 0.000697062, marker error: RMS = 0.00508105, max = 0.0120606 (R_Shoulder)
[2026-07-19 17:05:43.155] [info] Frame 254 (t = 2.54):	 total squared error = 0.000692913, marker error: RMS = 0.00506591, max = 0.0121867 (R_Shoulder)
[2026-07-19 17:05:43.170] [info] Frame 255 (t = 2.55):	 total squared error = 0.000682659, marker error: RMS = 0.00502828, max = 0.0125424 (R_Shoulder)
[2026-07-19 17:05:43.179] [info] Frame 256 (t = 2.56):	 total squared error = 0.000695533, marker error: RMS = 0.00507548, max = 0.0126701 (R_Shoulder)
[2026-07-19 17:05:43.202] [info] Frame 257 (t = 2.57):	 total squared error = 0.000688772, marker error: RMS = 0.00505075, max = 0.0132974 (R_Shoulder)
[2026-07-19 17:05:43.216] [info] Frame 258 (t = 2.58):	 total squared error = 0.000707525, marker error: RMS = 0.00511904, max = 0.0136131 (R_Shoulder)
[2026-07-19 17:05:43.234] [info] Frame 259 (t = 2.59):	 total squared error = 0.000725872, marker error: RMS = 0.00518499, max = 0.0137864 (R_Shoulder)
[2026-07-19 17:05:43.256] [info] Frame 260 (t = 2.6):	 total squared error = 0.000750784, marker error: RMS = 0.00527322, max = 0.0142194 (R_Shoulder)
[2026-07-19 17:05:43.277] [info] Frame 261 (t = 2.61):	 total squared error = 0.000779055, marker error: RMS = 0.00537158, max = 0.0144756 (R_Shoulder)
[2026-07-19 17:05:43.300] [info] Frame 262 (t = 2.62):	 total squared error = 0.000807224, marker error: RMS = 0.00546783, max = 0.0147733 (R_Shoulder)
[2026-07-19 17:05:43.314] [info] Frame 263 (t = 2.63):	 total squared error = 0.000837368, marker error: RMS = 0.00556899, max = 0.0150468 (R_Shoulder)
[2026-07-19 17:05:43.330] [info] Frame 264 (t = 2.64):	 total squared error = 0.000858208, marker error: RMS = 0.00563786, max = 0.0150122 (R_Shoulder)
[2026-07-19 17:05:43.348] [info] Frame 265 (t = 2.65):	 total squared error = 0.000875981, marker error: RMS = 0.00569594, max = 0.0151511 (R_Shoulder)
[2026-07-19 17:05:43.362] [info] Frame 266 (t = 2.66):	 total squared error = 0.000890328, marker error: RMS = 0.00574239, max = 0.0152678 (R_Shoulder)
[2026-07-19 17:05:43.381] [info] Frame 267 (t = 2.67):	 total squared error = 0.000892643, marker error: RMS = 0.00574986, max = 0.0149995 (R_Shoulder)
[2026-07-19 17:05:43.390] [info] Frame 268 (t = 2.68):	 total squared error = 0.000895001, marker error: RMS = 0.00575745, max = 0.014712 (R_Shoulder)
[2026-07-19 17:05:43.406] [info] Frame 269 (t = 2.69):	 total squared error = 0.000882596, marker error: RMS = 0.00571741, max = 0.0147070 (R_Shoulder)
[2026-07-19 17:05:43.426] [info] Frame 270 (t = 2.7):	 total squared error = 0.000864953, marker error: RMS = 0.00565997, max = 0.0143789 (R_Shoulder)
[2026-07-19 17:05:43.436] [info] Frame 271 (t = 2.71):	 total squared error = 0.000850776, marker error: RMS = 0.00561340, max = 0.0139232 (R_Shoulder)
[2026-07-19 17:05:43.458] [info] Frame 272 (t = 2.72):	 total squared error = 0.000827275, marker error: RMS = 0.00553533, max = 0.0138757 (R_Shoulder)
[2026-07-19 17:05:43.471] [info] Frame 273 (t = 2.73):	 total squared error = 0.000809853, marker error: RMS = 0.00547673, max = 0.0135451 (R_Shoulder)
[2026-07-19 17:05:43.489] [info] Frame 274 (t = 2.74):	 total squared error = 0.000788324, marker error: RMS = 0.00540344, max = 0.0132451 (R_Shoulder)
[2026-07-19 17:05:43.506] [info] Frame 275 (t = 2.75):	 total squared error = 0.000770812, marker error: RMS = 0.00534309, max = 0.0128816 (R_Shoulder)
[2026-07-19 17:05:43.516] [info] Frame 276 (t = 2.76):	 total squared error = 0.000759738, marker error: RMS = 0.00530457, max = 0.0124324 (R_Shoulder)
[2026-07-19 17:05:43.546] [info] Frame 277 (t = 2.77):	 total squared error = 0.000731376, marker error: RMS = 0.00520461, max = 0.0122962 (R_Shoulder)
[2026-07-19 17:05:43.558] [info] Frame 278 (t = 2.78):	 total squared error = 0.000721519, marker error: RMS = 0.00516942, max = 0.0119238 (R_Shoulder)
[2026-07-19 17:05:43.576] [info] Frame 279 (t = 2.79):	 total squared error = 0.000716933, marker error: RMS = 0.00515297, max = 0.0117544 (R_Shoulder)
[2026-07-19 17:05:43.588] [info] Frame 280 (t = 2.8):	 total squared error = 0.000729395, marker error: RMS = 0.00519756, max = 0.0114067 (R_Shoulder)
[2026-07-19 17:05:43.600] [info] Frame 281 (t = 2.81):	 total squared error = 0.000755333, marker error: RMS = 0.00528917, max = 0.0112157 (R_Shoulder)
[2026-07-19 17:05:43.630] [info] Frame 282 (t = 2.82):	 total squared error = 0.000781598, marker error: RMS = 0.00538034, max = 0.0109472 (R_Shoulder)
[2026-07-19 17:05:43.640] [info] Frame 283 (t = 2.83):	 total squared error = 0.000824964, marker error: RMS = 0.00552759, max = 0.0107588 (R_Shoulder)
[2026-07-19 17:05:43.654] [info] Frame 284 (t = 2.84):	 total squared error = 0.000865734, marker error: RMS = 0.00566253, max = 0.0107055 (R_Shoulder)
[2026-07-19 17:05:43.665] [info] Frame 285 (t = 2.85):	 total squared error = 0.000906053, marker error: RMS = 0.00579288, max = 0.0105495 (R_Shoulder)
[2026-07-19 17:05:43.674] [info] Frame 286 (t = 2.86):	 total squared error = 0.000940206, marker error: RMS = 0.00590105, max = 0.0105302 (R_Shoulder)
[2026-07-19 17:05:43.698] [info] Frame 287 (t = 2.87):	 total squared error = 0.000948520, marker error: RMS = 0.00592709, max = 0.0104707 (L_Knee_Lateral)
[2026-07-19 17:05:43.708] [info] Frame 288 (t = 2.88):	 total squared error = 0.000959359, marker error: RMS = 0.00596086, max = 0.0109380 (L_Knee_Lateral)
[2026-07-19 17:05:43.730] [info] Frame 289 (t = 2.89):	 total squared error = 0.000955482, marker error: RMS = 0.00594880, max = 0.0109158 (Thoracic)
[2026-07-19 17:05:43.740] [info] Frame 290 (t = 2.9):	 total squared error = 0.000955171, marker error: RMS = 0.00594783, max = 0.011269 (L_Knee_Lateral)
[2026-07-19 17:05:43.758] [info] Frame 291 (t = 2.91):	 total squared error = 0.000943918, marker error: RMS = 0.00591269, max = 0.0109524 (L_Knee_Lateral)
[2026-07-19 17:05:43.767] [info] Frame 292 (t = 2.92):	 total squared error = 0.000946090, marker error: RMS = 0.00591949, max = 0.0114199 (L_Knee_Lateral)
[2026-07-19 17:05:43.783] [info] Frame 293 (t = 2.93):	 total squared error = 0.000940795, marker error: RMS = 0.00590290, max = 0.0111854 (L_Knee_Lateral)
[2026-07-19 17:05:43.794] [info] Frame 294 (t = 2.94):	 total squared error = 0.000954413, marker error: RMS = 0.00594547, max = 0.011633 (L_Knee_Lateral)
[2026-07-19 17:05:43.809] [info] Frame 295 (t = 2.95):	 total squared error = 0.000964516, marker error: RMS = 0.00597686, max = 0.0115292 (L_Knee_Lateral)
[2026-07-19 17:05:43.824] [info] Frame 296 (t = 2.96):	 total squared error = 0.000986671, marker error: RMS = 0.00604511, max = 0.0117974 (L_Knee_Lateral)
[2026-07-19 17:05:43.833] [info] Frame 297 (t = 2.97):	 total squared error = 0.00102314, marker error: RMS = 0.00615582, max = 0.0122084 (L_Knee_Lateral)
[2026-07-19 17:05:43.850] [info] Frame 298 (t = 2.98):	 total squared error = 0.00105394, marker error: RMS = 0.00624778, max = 0.0122547 (L_Knee_Lateral)
[2026-07-19 17:05:43.859] [info] Frame 299 (t = 2.99):	 total squared error = 0.00110317, marker error: RMS = 0.00639205, max = 0.0125733 (L_Knee_Lateral)
[2026-07-19 17:05:43.875] [info] Frame 300 (t = 3.0):	 total squared error = 0.00114673, marker error: RMS = 0.00651702, max = 0.0126804 (L_Knee_Lateral)
[2026-07-19 17:05:43.892] [info] Frame 301 (t = 3.01):	 total squared error = 0.00118898, marker error: RMS = 0.00663599, max = 0.0139446 (Thoracic)
[2026-07-19 17:05:43.905] [info] Frame 302 (t = 3.02):	 total squared error = 0.00123215, marker error: RMS = 0.00675539, max = 0.0150018 (Thoracic)
[2026-07-19 17:05:43.918] [info] Frame 303 (t = 3.03):	 total squared error = 0.00126391, marker error: RMS = 0.00684190, max = 0.0159717 (Thoracic)
[2026-07-19 17:05:43.937] [info] Frame 304 (t = 3.04):	 total squared error = 0.00127872, marker error: RMS = 0.00688187, max = 0.0166795 (Thoracic)
[2026-07-19 17:05:43.957] [info] Frame 305 (t = 3.05):	 total squared error = 0.00128261, marker error: RMS = 0.00689233, max = 0.0170727 (Thoracic)
[2026-07-19 17:05:43.974] [info] Frame 306 (t = 3.06):	 total squared error = 0.00127383, marker error: RMS = 0.00686868, max = 0.017166 (Thoracic)
[2026-07-19 17:05:43.991] [info] Frame 307 (t = 3.07):	 total squared error = 0.00125472, marker error: RMS = 0.00681698, max = 0.0170273 (Thoracic)
[2026-07-19 17:05:44.006] [info] Frame 308 (t = 3.08):	 total squared error = 0.00123086, marker error: RMS = 0.00675184, max = 0.0166645 (Thoracic)
[2026-07-19 17:05:44.021] [info] Frame 309 (t = 3.09):	 total squared error = 0.00119898, marker error: RMS = 0.00666382, max = 0.0161515 (Thoracic)
[2026-07-19 17:05:44.040] [info] Frame 310 (t = 3.1):	 total squared error = 0.00116604, marker error: RMS = 0.00657167, max = 0.0155453 (Thoracic)
[2026-07-19 17:05:44.054] [info] Frame 311 (t = 3.11):	 total squared error = 0.00113605, marker error: RMS = 0.00648658, max = 0.0148364 (Thoracic)
[2026-07-19 17:05:44.065] [info] Frame 312 (t = 3.12):	 total squared error = 0.00111302, marker error: RMS = 0.00642052, max = 0.0141214 (Thoracic)
[2026-07-19 17:05:44.082] [info] Frame 313 (t = 3.13):	 total squared error = 0.00107236, marker error: RMS = 0.00630214, max = 0.0133999 (Thoracic)
[2026-07-19 17:05:44.100] [info] Frame 314 (t = 3.14):	 total squared error = 0.00104264, marker error: RMS = 0.00621419, max = 0.0128326 (C7)
[2026-07-19 17:05:44.117] [info] Frame 315 (t = 3.15):	 total squared error = 0.00101511, marker error: RMS = 0.00613160, max = 0.0127139 (C7)
[2026-07-19 17:05:44.128] [info] Frame 316 (t = 3.16):	 total squared error = 0.000993043, marker error: RMS = 0.00606460, max = 0.0126543 (C7)
[2026-07-19 17:05:44.143] [info] Frame 317 (t = 3.17):	 total squared error = 0.000969811, marker error: RMS = 0.00599324, max = 0.0124477 (C7)
[2026-07-19 17:05:44.158] [info] Frame 318 (t = 3.18):	 total squared error = 0.000948168, marker error: RMS = 0.00592599, max = 0.0123099 (C7)
[2026-07-19 17:05:44.173] [info] Frame 319 (t = 3.19):	 total squared error = 0.000929615, marker error: RMS = 0.00586773, max = 0.0121676 (C7)
[2026-07-19 17:05:44.183] [info] Frame 320 (t = 3.2):	 total squared error = 0.000919758, marker error: RMS = 0.00583653, max = 0.0120726 (C7)
[2026-07-19 17:05:44.199] [info] Frame 321 (t = 3.21):	 total squared error = 0.000901872, marker error: RMS = 0.00577951, max = 0.011832 (C7)
[2026-07-19 17:05:44.216] [info] Frame 322 (t = 3.22):	 total squared error = 0.000890335, marker error: RMS = 0.00574242, max = 0.0116965 (C7)
[2026-07-19 17:05:44.232] [info] Frame 323 (t = 3.23):	 total squared error = 0.000881013, marker error: RMS = 0.00571228, max = 0.0115577 (C7)
[2026-07-19 17:05:44.247] [info] Frame 324 (t = 3.24):	 total squared error = 0.000871559, marker error: RMS = 0.00568155, max = 0.0113696 (C7)
[2026-07-19 17:05:44.256] [info] Frame 325 (t = 3.25):	 total squared error = 0.000868863, marker error: RMS = 0.00567275, max = 0.0113153 (C7)
[2026-07-19 17:05:44.271] [info] Frame 326 (t = 3.26):	 total squared error = 0.000856937, marker error: RMS = 0.00563369, max = 0.0113214 (L_Shoulder)
[2026-07-19 17:05:44.289] [info] Frame 327 (t = 3.27):	 total squared error = 0.000848112, marker error: RMS = 0.00560460, max = 0.0115403 (L_Shoulder)
[2026-07-19 17:05:44.303] [info] Frame 328 (t = 3.28):	 total squared error = 0.000844897, marker error: RMS = 0.00559397, max = 0.0119325 (L_Shoulder)
[2026-07-19 17:05:44.316] [info] Frame 329 (t = 3.29):	 total squared error = 0.000843842, marker error: RMS = 0.00559047, max = 0.0122838 (L_Shoulder)
[2026-07-19 17:05:44.332] [info] Frame 330 (t = 3.3):	 total squared error = 0.000844903, marker error: RMS = 0.00559399, max = 0.0125257 (L_Shoulder)
[2026-07-19 17:05:44.355] [info] Frame 331 (t = 3.31):	 total squared error = 0.000847573, marker error: RMS = 0.00560282, max = 0.0128598 (L_Shoulder)
[2026-07-19 17:05:44.369] [info] Frame 332 (t = 3.32):	 total squared error = 0.000856852, marker error: RMS = 0.00563341, max = 0.0134227 (L_Shoulder)
[2026-07-19 17:05:44.384] [info] Frame 333 (t = 3.33):	 total squared error = 0.000867615, marker error: RMS = 0.00566867, max = 0.0139035 (L_Shoulder)
[2026-07-19 17:05:44.396] [info] Frame 334 (t = 3.34):	 total squared error = 0.000882642, marker error: RMS = 0.00571756, max = 0.0146118 (L_Shoulder)
[2026-07-19 17:05:44.418] [info] Frame 335 (t = 3.35):	 total squared error = 0.000888238, marker error: RMS = 0.00573565, max = 0.0146934 (L_Shoulder)
[2026-07-19 17:05:44.434] [info] Frame 336 (t = 3.36):	 total squared error = 0.000901434, marker error: RMS = 0.00577810, max = 0.0153534 (L_Shoulder)
[2026-07-19 17:05:44.448] [info] Frame 337 (t = 3.37):	 total squared error = 0.000916958, marker error: RMS = 0.00582764, max = 0.0159818 (L_Shoulder)
[2026-07-19 17:05:44.472] [info] Frame 338 (t = 3.38):	 total squared error = 0.000929450, marker error: RMS = 0.00586720, max = 0.0161304 (L_Shoulder)
[2026-07-19 17:05:44.486] [info] Frame 339 (t = 3.39):	 total squared error = 0.000952349, marker error: RMS = 0.00593904, max = 0.0168123 (L_Shoulder)
[2026-07-19 17:05:44.506] [info] Frame 340 (t = 3.4):	 total squared error = 0.000977212, marker error: RMS = 0.00601607, max = 0.0169958 (L_Shoulder)
[2026-07-19 17:05:44.522] [info] Frame 341 (t = 3.41):	 total squared error = 0.00100801, marker error: RMS = 0.00611012, max = 0.017344 (L_Shoulder)
[2026-07-19 17:05:44.540] [info] Frame 342 (t = 3.42):	 total squared error = 0.00103959, marker error: RMS = 0.00620512, max = 0.0174567 (L_Shoulder)
[2026-07-19 17:05:44.560] [info] Frame 343 (t = 3.43):	 total squared error = 0.00106889, marker error: RMS = 0.00629194, max = 0.0174764 (L_Shoulder)
[2026-07-19 17:05:44.577] [info] Frame 344 (t = 3.44):	 total squared error = 0.00109712, marker error: RMS = 0.00637448, max = 0.0176126 (L_Shoulder)
[2026-07-19 17:05:44.599] [info] Frame 345 (t = 3.45):	 total squared error = 0.00111727, marker error: RMS = 0.00643276, max = 0.0173236 (L_Shoulder)
[2026-07-19 17:05:44.614] [info] Frame 346 (t = 3.46):	 total squared error = 0.00113877, marker error: RMS = 0.00649436, max = 0.0172954 (L_Shoulder)
[2026-07-19 17:05:44.630] [info] Frame 347 (t = 3.47):	 total squared error = 0.00116073, marker error: RMS = 0.00655667, max = 0.0171345 (L_Shoulder)
[2026-07-19 17:05:44.646] [info] Frame 348 (t = 3.48):	 total squared error = 0.00117930, marker error: RMS = 0.00660891, max = 0.0167464 (L_Shoulder)
[2026-07-19 17:05:44.671] [info] Frame 349 (t = 3.49):	 total squared error = 0.00120789, marker error: RMS = 0.00668854, max = 0.0164402 (L_Shoulder)
[2026-07-19 17:05:44.692] [info] Frame 350 (t = 3.5):	 total squared error = 0.00124749, marker error: RMS = 0.00679731, max = 0.016191 (L_Shoulder)
[2026-07-19 17:05:44.709] [info] Frame 351 (t = 3.51):	 total squared error = 0.00130852, marker error: RMS = 0.00696158, max = 0.0161327 (L_Shoulder)
[2026-07-19 17:05:44.734] [info] Frame 352 (t = 3.52):	 total squared error = 0.00137081, marker error: RMS = 0.00712535, max = 0.0157875 (L_Shoulder)
[2026-07-19 17:05:44.755] [info] Frame 353 (t = 3.53):	 total squared error = 0.00146462, marker error: RMS = 0.00736513, max = 0.0157551 (L_Shoulder)
[2026-07-19 17:05:44.776] [info] Frame 354 (t = 3.54):	 total squared error = 0.00157107, marker error: RMS = 0.00762810, max = 0.0155542 (L_Shoulder)
[2026-07-19 17:05:44.800] [info] Frame 355 (t = 3.55):	 total squared error = 0.00169905, marker error: RMS = 0.00793269, max = 0.0157205 (R_Knee_Lateral)
[2026-07-19 17:05:44.815] [info] Frame 356 (t = 3.56):	 total squared error = 0.00184456, marker error: RMS = 0.00826542, max = 0.0170174 (R_Knee_Lateral)
[2026-07-19 17:05:44.831] [info] Frame 357 (t = 3.57):	 total squared error = 0.00198488, marker error: RMS = 0.00857405, max = 0.0177929 (R_Knee_Lateral)
[2026-07-19 17:05:44.849] [info] Frame 358 (t = 3.58):	 total squared error = 0.00211844, marker error: RMS = 0.00885780, max = 0.0184045 (R_Knee_Lateral)
[2026-07-19 17:05:44.864] [info] Frame 359 (t = 3.59):	 total squared error = 0.00224215, marker error: RMS = 0.00911277, max = 0.0189178 (R_Knee_Lateral)
[2026-07-19 17:05:44.885] [info] Frame 360 (t = 3.6):	 total squared error = 0.00233975, marker error: RMS = 0.00930899, max = 0.0192523 (R_Knee_Lateral)
[2026-07-19 17:05:44.907] [info] Frame 361 (t = 3.61):	 total squared error = 0.00241826, marker error: RMS = 0.00946389, max = 0.0193899 (R_Knee_Lateral)
[2026-07-19 17:05:44.921] [info] Frame 362 (t = 3.62):	 total squared error = 0.00247437, marker error: RMS = 0.00957306, max = 0.019391 (R_Shoulder)
[2026-07-19 17:05:44.935] [info] Frame 363 (t = 3.63):	 total squared error = 0.00250852, marker error: RMS = 0.00963889, max = 0.0195068 (R_Shoulder)
[2026-07-19 17:05:44.958] [info] Frame 364 (t = 3.64):	 total squared error = 0.00251511, marker error: RMS = 0.00965154, max = 0.0194876 (R_Shoulder)
[2026-07-19 17:05:44.975] [info] Frame 365 (t = 3.65):	 total squared error = 0.00250582, marker error: RMS = 0.00963370, max = 0.0191983 (R_Shoulder)
[2026-07-19 17:05:44.992] [info] Frame 366 (t = 3.66):	 total squared error = 0.00247674, marker error: RMS = 0.00957764, max = 0.0188198 (R_Shoulder)
[2026-07-19 17:05:45.010] [info] Frame 367 (t = 3.67):	 total squared error = 0.00242949, marker error: RMS = 0.00948583, max = 0.0183329 (R_Shoulder)
[2026-07-19 17:05:45.040] [info] Frame 368 (t = 3.68):	 total squared error = 0.00235567, marker error: RMS = 0.00934061, max = 0.0178341 (R_Shoulder)
[2026-07-19 17:05:45.057] [info] Frame 369 (t = 3.69):	 total squared error = 0.00228013, marker error: RMS = 0.00918964, max = 0.0172743 (R_Shoulder)
[2026-07-19 17:05:45.084] [info] Frame 370 (t = 3.7):	 total squared error = 0.00218551, marker error: RMS = 0.00899693, max = 0.0166688 (R_Shoulder)
[2026-07-19 17:05:45.090] [info] InverseKinematicsTool completed 321 frames in 5 second(s).
[2026-07-19 17:05:45.126] [info] Loaded model TCV36-scaled from file C:\Users\lucia\Desktop\TFG\2_JMP\TVC36\Walk_1\TVC36_1_JMP_results\TVC36_1_NMSM_JMP_01_pelvis_thigh.osim
[2026-07-19 17:05:45.736] [warning] Coordinate.setValue:  coordinate pro_sup_r is locked. Unable to change its value.
[2026-07-19 17:05:45.771] [warning] Coordinate.setValue:  coordinate pro_sup_l is locked. Unable to change its value.
[2026-07-19 17:06:27.697] [info] Loaded model TCV36-scaled from file C:\Users\lucia\Desktop\TFG\2_JMP\TVC36\Walk_1\TVC36_1_JMP_results\TVC36_1_NMSM_JMP_01_pelvis_thigh.osim
[2026-07-19 17:06:27.709] [cout] [info] 
               MODEL: TCV36-scaled
         coordinates: 41
              forces: 103
           actuators: 103
             muscles: 86
            analyses: 0
              probes: 0
              bodies: 24
              joints: 24
         constraints: 2
             markers: 27
         controllers: 0
  contact geometries: 0
misc modelcomponents: 0
[2026-07-19 17:06:27.709] [info] Running tool .
[2026-07-19 17:06:27.805] [info] Frame 50 (t = 0.5):	 total squared error = 0.00188148, marker error: RMS = 0.00834771, max = 0.0160306 (L_Shank_Lateral)
[2026-07-19 17:06:27.826] [info] Frame 51 (t = 0.51):	 total squared error = 0.00183548, marker error: RMS = 0.00824504, max = 0.0160344 (L_Shank_Lateral)
[2026-07-19 17:06:27.850] [info] Frame 52 (t = 0.52):	 total squared error = 0.00178036, marker error: RMS = 0.00812030, max = 0.0160162 (L_Shank_Lateral)
[2026-07-19 17:06:27.868] [info] Frame 53 (t = 0.53):	 total squared error = 0.00171941, marker error: RMS = 0.00798009, max = 0.0159282 (L_Shank_Lateral)
[2026-07-19 17:06:27.897] [info] Frame 54 (t = 0.54):	 total squared error = 0.00163922, marker error: RMS = 0.00779178, max = 0.0162335 (L_Shank_Lateral)
[2026-07-19 17:06:27.924] [info] Frame 55 (t = 0.55):	 total squared error = 0.00156822, marker error: RMS = 0.00762118, max = 0.0161431 (L_Shank_Lateral)
[2026-07-19 17:06:27.939] [info] Frame 56 (t = 0.56):	 total squared error = 0.00150814, marker error: RMS = 0.00747375, max = 0.015782 (L_Shank_Lateral)
[2026-07-19 17:06:27.956] [info] Frame 57 (t = 0.57):	 total squared error = 0.00144443, marker error: RMS = 0.00731420, max = 0.0156373 (L_Shank_Lateral)
[2026-07-19 17:06:27.975] [info] Frame 58 (t = 0.58):	 total squared error = 0.00136796, marker error: RMS = 0.00711795, max = 0.0156758 (L_Shank_Lateral)
[2026-07-19 17:06:28.015] [info] Frame 59 (t = 0.59):	 total squared error = 0.00129830, marker error: RMS = 0.00693436, max = 0.0154974 (L_Shank_Lateral)
[2026-07-19 17:06:28.034] [info] Frame 60 (t = 0.6):	 total squared error = 0.00123473, marker error: RMS = 0.00676244, max = 0.0151143 (L_Shank_Lateral)
[2026-07-19 17:06:28.056] [info] Frame 61 (t = 0.61):	 total squared error = 0.00116993, marker error: RMS = 0.00658262, max = 0.0147204 (L_Shank_Lateral)
[2026-07-19 17:06:28.077] [info] Frame 62 (t = 0.62):	 total squared error = 0.00110860, marker error: RMS = 0.00640775, max = 0.0143326 (L_Shank_Lateral)
[2026-07-19 17:06:28.096] [info] Frame 63 (t = 0.63):	 total squared error = 0.00105262, marker error: RMS = 0.00624388, max = 0.0138918 (L_Shank_Lateral)
[2026-07-19 17:06:28.103] [info] Frame 64 (t = 0.64):	 total squared error = 0.00101607, marker error: RMS = 0.00613452, max = 0.0140396 (L_Shank_Lateral)
[2026-07-19 17:06:28.121] [info] Frame 65 (t = 0.65):	 total squared error = 0.000963201, marker error: RMS = 0.00597278, max = 0.0129817 (L_Shank_Lateral)
[2026-07-19 17:06:28.134] [info] Frame 66 (t = 0.66):	 total squared error = 0.000927709, marker error: RMS = 0.00586171, max = 0.0129085 (L_Shank_Lateral)
[2026-07-19 17:06:28.154] [info] Frame 67 (t = 0.67):	 total squared error = 0.000882307, marker error: RMS = 0.00571647, max = 0.0118163 (L_Shank_Lateral)
[2026-07-19 17:06:28.175] [info] Frame 68 (t = 0.68):	 total squared error = 0.000841098, marker error: RMS = 0.00558138, max = 0.0112040 (L_Shank_Lateral)
[2026-07-19 17:06:28.195] [info] Frame 69 (t = 0.69):	 total squared error = 0.000799485, marker error: RMS = 0.00544156, max = 0.0108867 (R_Shoulder)
[2026-07-19 17:06:28.215] [info] Frame 70 (t = 0.7):	 total squared error = 0.000757640, marker error: RMS = 0.00529724, max = 0.0108074 (R_Shoulder)
[2026-07-19 17:06:28.235] [info] Frame 71 (t = 0.71):	 total squared error = 0.000717569, marker error: RMS = 0.00515525, max = 0.0106056 (R_Shoulder)
[2026-07-19 17:06:28.257] [info] Frame 72 (t = 0.72):	 total squared error = 0.000679146, marker error: RMS = 0.00501533, max = 0.0104837 (R_Shoulder)
[2026-07-19 17:06:28.277] [info] Frame 73 (t = 0.73):	 total squared error = 0.000643923, marker error: RMS = 0.00488355, max = 0.0103509 (R_Shoulder)
[2026-07-19 17:06:28.294] [info] Frame 74 (t = 0.74):	 total squared error = 0.000612061, marker error: RMS = 0.00476119, max = 0.0101579 (R_Shoulder)
[2026-07-19 17:06:28.312] [info] Frame 75 (t = 0.75):	 total squared error = 0.000582511, marker error: RMS = 0.00464484, max = 0.0100977 (R_Shoulder)
[2026-07-19 17:06:28.327] [info] Frame 76 (t = 0.76):	 total squared error = 0.000558143, marker error: RMS = 0.00454664, max = 0.0101071 (R_Shoulder)
[2026-07-19 17:06:28.345] [info] Frame 77 (t = 0.77):	 total squared error = 0.000534066, marker error: RMS = 0.00444750, max = 0.00991318 (R_Shoulder)
[2026-07-19 17:06:28.354] [info] Frame 78 (t = 0.78):	 total squared error = 0.000523212, marker error: RMS = 0.00440207, max = 0.00975242 (R_Shoulder)
[2026-07-19 17:06:28.366] [info] Frame 79 (t = 0.79):	 total squared error = 0.000513704, marker error: RMS = 0.00436189, max = 0.00988631 (R_Shoulder)
[2026-07-19 17:06:28.380] [info] Frame 80 (t = 0.8):	 total squared error = 0.000495523, marker error: RMS = 0.00428400, max = 0.00965730 (R_Shoulder)
[2026-07-19 17:06:28.387] [info] Frame 81 (t = 0.81):	 total squared error = 0.000496233, marker error: RMS = 0.00428707, max = 0.00963075 (R_Shoulder)
[2026-07-19 17:06:28.409] [info] Frame 82 (t = 0.82):	 total squared error = 0.000479123, marker error: RMS = 0.00421252, max = 0.00975654 (R_Shoulder)
[2026-07-19 17:06:28.417] [info] Frame 83 (t = 0.83):	 total squared error = 0.000480927, marker error: RMS = 0.00422044, max = 0.00974515 (R_Shoulder)
[2026-07-19 17:06:28.429] [info] Frame 84 (t = 0.84):	 total squared error = 0.000475560, marker error: RMS = 0.00419682, max = 0.00968538 (R_Shoulder)
[2026-07-19 17:06:28.438] [info] Frame 85 (t = 0.85):	 total squared error = 0.000476831, marker error: RMS = 0.00420243, max = 0.00961608 (R_Shoulder)
[2026-07-19 17:06:28.448] [info] Frame 86 (t = 0.86):	 total squared error = 0.000478801, marker error: RMS = 0.00421110, max = 0.00956739 (R_Shoulder)
[2026-07-19 17:06:28.463] [info] Frame 87 (t = 0.87):	 total squared error = 0.000466367, marker error: RMS = 0.00415606, max = 0.00963347 (R_Shoulder)
[2026-07-19 17:06:28.471] [info] Frame 88 (t = 0.88):	 total squared error = 0.000466957, marker error: RMS = 0.00415869, max = 0.00951263 (R_Shoulder)
[2026-07-19 17:06:28.484] [info] Frame 89 (t = 0.89):	 total squared error = 0.000459925, marker error: RMS = 0.00412726, max = 0.00967090 (R_Shoulder)
[2026-07-19 17:06:28.494] [info] Frame 90 (t = 0.9):	 total squared error = 0.000462768, marker error: RMS = 0.00413999, max = 0.00948783 (R_Shoulder)
[2026-07-19 17:06:28.504] [info] Frame 91 (t = 0.91):	 total squared error = 0.000468797, marker error: RMS = 0.00416688, max = 0.00930794 (R_Shoulder)
[2026-07-19 17:06:28.514] [info] Frame 92 (t = 0.92):	 total squared error = 0.000475032, marker error: RMS = 0.00419449, max = 0.00912955 (R_Shoulder)
[2026-07-19 17:06:28.527] [info] Frame 93 (t = 0.93):	 total squared error = 0.000469299, marker error: RMS = 0.00416910, max = 0.00927127 (R_Shoulder)
[2026-07-19 17:06:28.534] [info] Frame 94 (t = 0.94):	 total squared error = 0.000474920, marker error: RMS = 0.00419400, max = 0.00905020 (R_Shoulder)
[2026-07-19 17:06:28.545] [info] Frame 95 (t = 0.95):	 total squared error = 0.000479464, marker error: RMS = 0.00421401, max = 0.00902602 (R_Shoulder)
[2026-07-19 17:06:28.566] [info] Frame 96 (t = 0.96):	 total squared error = 0.000467119, marker error: RMS = 0.00415941, max = 0.00947023 (R_Shoulder)
[2026-07-19 17:06:28.577] [info] Frame 97 (t = 0.97):	 total squared error = 0.000470165, marker error: RMS = 0.00417295, max = 0.00932710 (R_Shoulder)
[2026-07-19 17:06:28.596] [info] Frame 98 (t = 0.98):	 total squared error = 0.000464516, marker error: RMS = 0.00414781, max = 0.00943499 (R_Shoulder)
[2026-07-19 17:06:28.617] [info] Frame 99 (t = 0.99):	 total squared error = 0.000464493, marker error: RMS = 0.00414770, max = 0.00951021 (R_Shoulder)
[2026-07-19 17:06:28.631] [info] Frame 100 (t = 1.0):	 total squared error = 0.000470404, marker error: RMS = 0.00417401, max = 0.00957439 (R_Shoulder)
[2026-07-19 17:06:28.644] [info] Frame 101 (t = 1.01):	 total squared error = 0.000479082, marker error: RMS = 0.00421233, max = 0.00970853 (R_Shoulder)
[2026-07-19 17:06:28.659] [info] Frame 102 (t = 1.02):	 total squared error = 0.000483902, marker error: RMS = 0.00423347, max = 0.00961197 (R_Shoulder)
[2026-07-19 17:06:28.679] [info] Frame 103 (t = 1.03):	 total squared error = 0.000494576, marker error: RMS = 0.00427991, max = 0.00982181 (R_Shoulder)
[2026-07-19 17:06:28.694] [info] Frame 104 (t = 1.04):	 total squared error = 0.000510960, marker error: RMS = 0.00435022, max = 0.00995023 (R_Shoulder)
[2026-07-19 17:06:28.714] [info] Frame 105 (t = 1.05):	 total squared error = 0.000523160, marker error: RMS = 0.00440185, max = 0.00997425 (R_Shoulder)
[2026-07-19 17:06:28.724] [info] Frame 106 (t = 1.06):	 total squared error = 0.000542364, marker error: RMS = 0.00448192, max = 0.00995102 (R_Shoulder)
[2026-07-19 17:06:28.742] [info] Frame 107 (t = 1.07):	 total squared error = 0.000552106, marker error: RMS = 0.00452199, max = 0.0101348 (R_Shoulder)
[2026-07-19 17:06:28.755] [info] Frame 108 (t = 1.08):	 total squared error = 0.000567393, marker error: RMS = 0.00458416, max = 0.0102407 (R_Shoulder)
[2026-07-19 17:06:28.768] [info] Frame 109 (t = 1.09):	 total squared error = 0.000581530, marker error: RMS = 0.00464092, max = 0.0102968 (R_Shoulder)
[2026-07-19 17:06:28.781] [info] Frame 110 (t = 1.1):	 total squared error = 0.000594443, marker error: RMS = 0.00469216, max = 0.0102651 (R_Shoulder)
[2026-07-19 17:06:28.792] [info] Frame 111 (t = 1.11):	 total squared error = 0.000609967, marker error: RMS = 0.00475304, max = 0.0101278 (R_Shoulder)
[2026-07-19 17:06:28.808] [info] Frame 112 (t = 1.12):	 total squared error = 0.000617488, marker error: RMS = 0.00478225, max = 0.0100915 (R_Shoulder)
[2026-07-19 17:06:28.821] [info] Frame 113 (t = 1.13):	 total squared error = 0.000631661, marker error: RMS = 0.00483682, max = 0.0100452 (R_Shoulder)
[2026-07-19 17:06:28.835] [info] Frame 114 (t = 1.14):	 total squared error = 0.000643855, marker error: RMS = 0.00488329, max = 0.00996516 (R_Shoulder)
[2026-07-19 17:06:28.864] [info] Frame 115 (t = 1.15):	 total squared error = 0.000649384, marker error: RMS = 0.00490421, max = 0.00988729 (R_Shoulder)
[2026-07-19 17:06:28.876] [info] Frame 116 (t = 1.16):	 total squared error = 0.000663207, marker error: RMS = 0.00495613, max = 0.00982600 (R_Shoulder)
[2026-07-19 17:06:28.887] [info] Frame 117 (t = 1.17):	 total squared error = 0.000672532, marker error: RMS = 0.00499085, max = 0.00981495 (R_Shoulder)
[2026-07-19 17:06:28.913] [info] Frame 118 (t = 1.18):	 total squared error = 0.000677977, marker error: RMS = 0.00501101, max = 0.00964822 (R_Shoulder)
[2026-07-19 17:06:28.932] [info] Frame 119 (t = 1.19):	 total squared error = 0.000688883, marker error: RMS = 0.00505116, max = 0.00961867 (R_Shoulder)
[2026-07-19 17:06:28.950] [info] Frame 120 (t = 1.2):	 total squared error = 0.000700843, marker error: RMS = 0.00509482, max = 0.00959709 (R_Shoulder)
[2026-07-19 17:06:28.959] [info] Frame 121 (t = 1.21):	 total squared error = 0.000717908, marker error: RMS = 0.00515647, max = 0.00959886 (R_Shoulder)
[2026-07-19 17:06:28.970] [info] Frame 122 (t = 1.22):	 total squared error = 0.000736108, marker error: RMS = 0.00522142, max = 0.00953756 (R_Shoulder)
[2026-07-19 17:06:28.985] [info] Frame 123 (t = 1.23):	 total squared error = 0.000744511, marker error: RMS = 0.00525114, max = 0.00943665 (R_Shoulder)
[2026-07-19 17:06:28.994] [info] Frame 124 (t = 1.24):	 total squared error = 0.000762450, marker error: RMS = 0.00531403, max = 0.00950768 (R_Shoulder)
[2026-07-19 17:06:29.008] [info] Frame 125 (t = 1.25):	 total squared error = 0.000771025, marker error: RMS = 0.00534383, max = 0.00959608 (C7)
[2026-07-19 17:06:29.018] [info] Frame 126 (t = 1.26):	 total squared error = 0.000785941, marker error: RMS = 0.00539527, max = 0.00986517 (C7)
[2026-07-19 17:06:29.034] [info] Frame 127 (t = 1.27):	 total squared error = 0.000791571, marker error: RMS = 0.00541456, max = 0.0102150 (C7)
[2026-07-19 17:06:29.047] [info] Frame 128 (t = 1.28):	 total squared error = 0.000801827, marker error: RMS = 0.00544952, max = 0.0105994 (C7)
[2026-07-19 17:06:29.053] [info] Frame 129 (t = 1.29):	 total squared error = 0.000819999, marker error: RMS = 0.00551093, max = 0.0109745 (C7)
[2026-07-19 17:06:29.074] [info] Frame 130 (t = 1.3):	 total squared error = 0.000825038, marker error: RMS = 0.00552784, max = 0.0113566 (C7)
[2026-07-19 17:06:29.079] [info] Frame 131 (t = 1.31):	 total squared error = 0.000847092, marker error: RMS = 0.00560123, max = 0.0117612 (C7)
[2026-07-19 17:06:29.099] [info] Frame 132 (t = 1.32):	 total squared error = 0.000857342, marker error: RMS = 0.00563502, max = 0.012241 (C7)
[2026-07-19 17:06:29.107] [info] Frame 133 (t = 1.33):	 total squared error = 0.000881523, marker error: RMS = 0.00571393, max = 0.0126283 (C7)
[2026-07-19 17:06:29.126] [info] Frame 134 (t = 1.34):	 total squared error = 0.000893852, marker error: RMS = 0.00575375, max = 0.0132122 (C7)
[2026-07-19 17:06:29.137] [info] Frame 135 (t = 1.35):	 total squared error = 0.000916426, marker error: RMS = 0.00582595, max = 0.0136196 (C7)
[2026-07-19 17:06:29.156] [info] Frame 136 (t = 1.36):	 total squared error = 0.000929368, marker error: RMS = 0.00586694, max = 0.0139622 (C7)
[2026-07-19 17:06:29.168] [info] Frame 137 (t = 1.37):	 total squared error = 0.000950118, marker error: RMS = 0.00593208, max = 0.0143394 (C7)
[2026-07-19 17:06:29.189] [info] Frame 138 (t = 1.38):	 total squared error = 0.000959490, marker error: RMS = 0.00596126, max = 0.0145816 (C7)
[2026-07-19 17:06:29.205] [info] Frame 139 (t = 1.39):	 total squared error = 0.000972855, marker error: RMS = 0.00600264, max = 0.0148368 (C7)
[2026-07-19 17:06:29.212] [info] Frame 140 (t = 1.4):	 total squared error = 0.000991798, marker error: RMS = 0.00606080, max = 0.015115 (C7)
[2026-07-19 17:06:29.225] [info] Frame 141 (t = 1.41):	 total squared error = 0.00100271, marker error: RMS = 0.00609406, max = 0.0152084 (C7)
[2026-07-19 17:06:29.241] [info] Frame 142 (t = 1.42):	 total squared error = 0.00100822, marker error: RMS = 0.00611078, max = 0.0153352 (C7)
[2026-07-19 17:06:29.250] [info] Frame 143 (t = 1.43):	 total squared error = 0.00102567, marker error: RMS = 0.00616343, max = 0.0154626 (C7)
[2026-07-19 17:06:29.268] [info] Frame 144 (t = 1.44):	 total squared error = 0.00102829, marker error: RMS = 0.00617130, max = 0.0155628 (C7)
[2026-07-19 17:06:29.286] [info] Frame 145 (t = 1.45):	 total squared error = 0.00103659, marker error: RMS = 0.00619614, max = 0.0157043 (C7)
[2026-07-19 17:06:29.295] [info] Frame 146 (t = 1.46):	 total squared error = 0.00105075, marker error: RMS = 0.00623832, max = 0.0159085 (C7)
[2026-07-19 17:06:29.310] [info] Frame 147 (t = 1.47):	 total squared error = 0.00104849, marker error: RMS = 0.00623161, max = 0.0158455 (C7)
[2026-07-19 17:06:29.326] [info] Frame 148 (t = 1.48):	 total squared error = 0.00104174, marker error: RMS = 0.00621152, max = 0.0159095 (C7)
[2026-07-19 17:06:29.337] [info] Frame 149 (t = 1.49):	 total squared error = 0.00103757, marker error: RMS = 0.00619908, max = 0.0159948 (C7)
[2026-07-19 17:06:29.358] [info] Frame 150 (t = 1.5):	 total squared error = 0.00100629, marker error: RMS = 0.00610493, max = 0.0159171 (C7)
[2026-07-19 17:06:29.374] [info] Frame 151 (t = 1.51):	 total squared error = 0.000982942, marker error: RMS = 0.00603368, max = 0.0159371 (C7)
[2026-07-19 17:06:29.382] [info] Frame 152 (t = 1.52):	 total squared error = 0.000964176, marker error: RMS = 0.00597580, max = 0.0159422 (C7)
[2026-07-19 17:06:29.399] [info] Frame 153 (t = 1.53):	 total squared error = 0.000928989, marker error: RMS = 0.00586575, max = 0.0156821 (C7)
[2026-07-19 17:06:29.406] [info] Frame 154 (t = 1.54):	 total squared error = 0.000909697, marker error: RMS = 0.00580452, max = 0.01565 (C7)
[2026-07-19 17:06:29.426] [info] Frame 155 (t = 1.55):	 total squared error = 0.000875933, marker error: RMS = 0.00569578, max = 0.0154139 (C7)
[2026-07-19 17:06:29.438] [info] Frame 156 (t = 1.56):	 total squared error = 0.000857408, marker error: RMS = 0.00563523, max = 0.0152081 (C7)
[2026-07-19 17:06:29.452] [info] Frame 157 (t = 1.57):	 total squared error = 0.000836333, marker error: RMS = 0.00556555, max = 0.0149446 (C7)
[2026-07-19 17:06:29.470] [info] Frame 158 (t = 1.58):	 total squared error = 0.000819309, marker error: RMS = 0.00550861, max = 0.0147047 (C7)
[2026-07-19 17:06:29.480] [info] Frame 159 (t = 1.59):	 total squared error = 0.000812017, marker error: RMS = 0.00548404, max = 0.0144648 (C7)
[2026-07-19 17:06:29.491] [info] Frame 160 (t = 1.6):	 total squared error = 0.000808758, marker error: RMS = 0.00547303, max = 0.014154 (C7)
[2026-07-19 17:06:29.520] [info] Frame 161 (t = 1.61):	 total squared error = 0.000789911, marker error: RMS = 0.00540888, max = 0.0138792 (C7)
[2026-07-19 17:06:29.532] [info] Frame 162 (t = 1.62):	 total squared error = 0.000787357, marker error: RMS = 0.00540013, max = 0.0136087 (C7)
[2026-07-19 17:06:29.546] [info] Frame 163 (t = 1.63):	 total squared error = 0.000787883, marker error: RMS = 0.00540193, max = 0.0133412 (C7)
[2026-07-19 17:06:29.560] [info] Frame 164 (t = 1.64):	 total squared error = 0.000783441, marker error: RMS = 0.00538668, max = 0.0130652 (C7)
[2026-07-19 17:06:29.574] [info] Frame 165 (t = 1.65):	 total squared error = 0.000775174, marker error: RMS = 0.00535818, max = 0.012774 (C7)
[2026-07-19 17:06:29.585] [info] Frame 166 (t = 1.66):	 total squared error = 0.000770170, marker error: RMS = 0.00534086, max = 0.0126553 (C7)
[2026-07-19 17:06:29.601] [info] Frame 167 (t = 1.67):	 total squared error = 0.000755952, marker error: RMS = 0.00529134, max = 0.0123409 (C7)
[2026-07-19 17:06:29.619] [info] Frame 168 (t = 1.68):	 total squared error = 0.000741077, marker error: RMS = 0.00523902, max = 0.0121299 (C7)
[2026-07-19 17:06:29.632] [info] Frame 169 (t = 1.69):	 total squared error = 0.000732030, marker error: RMS = 0.00520694, max = 0.0120453 (C7)
[2026-07-19 17:06:29.650] [info] Frame 170 (t = 1.7):	 total squared error = 0.000721745, marker error: RMS = 0.00517023, max = 0.0119061 (L_Shoulder)
[2026-07-19 17:06:29.663] [info] Frame 171 (t = 1.71):	 total squared error = 0.000716940, marker error: RMS = 0.00515299, max = 0.0124050 (L_Shoulder)
[2026-07-19 17:06:29.679] [info] Frame 172 (t = 1.72):	 total squared error = 0.000714828, marker error: RMS = 0.00514540, max = 0.0127508 (L_Shoulder)
[2026-07-19 17:06:29.693] [info] Frame 173 (t = 1.73):	 total squared error = 0.000717514, marker error: RMS = 0.00515505, max = 0.0131769 (L_Shoulder)
[2026-07-19 17:06:29.712] [info] Frame 174 (t = 1.74):	 total squared error = 0.000722869, marker error: RMS = 0.00517426, max = 0.0132798 (L_Shoulder)
[2026-07-19 17:06:29.726] [info] Frame 175 (t = 1.75):	 total squared error = 0.000735108, marker error: RMS = 0.00521787, max = 0.0137414 (L_Shoulder)
[2026-07-19 17:06:29.744] [info] Frame 176 (t = 1.76):	 total squared error = 0.000752026, marker error: RMS = 0.00527758, max = 0.0139566 (L_Shoulder)
[2026-07-19 17:06:29.759] [info] Frame 177 (t = 1.77):	 total squared error = 0.000775124, marker error: RMS = 0.00535801, max = 0.0140960 (L_Shoulder)
[2026-07-19 17:06:29.786] [info] Frame 178 (t = 1.78):	 total squared error = 0.000802751, marker error: RMS = 0.00545266, max = 0.0141427 (L_Shoulder)
[2026-07-19 17:06:29.806] [info] Frame 179 (t = 1.79):	 total squared error = 0.000842321, marker error: RMS = 0.00558544, max = 0.0142465 (L_Shoulder)
[2026-07-19 17:06:29.823] [info] Frame 180 (t = 1.8):	 total squared error = 0.000891625, marker error: RMS = 0.00574658, max = 0.0143318 (L_Shoulder)
[2026-07-19 17:06:29.840] [info] Frame 181 (t = 1.81):	 total squared error = 0.000948771, marker error: RMS = 0.00592787, max = 0.0143121 (L_Shoulder)
[2026-07-19 17:06:29.859] [info] Frame 182 (t = 1.82):	 total squared error = 0.00101103, marker error: RMS = 0.00611927, max = 0.0141913 (L_Shoulder)
[2026-07-19 17:06:29.885] [info] Frame 183 (t = 1.83):	 total squared error = 0.00108142, marker error: RMS = 0.00632872, max = 0.0147809 (R_Shoulder)
[2026-07-19 17:06:29.907] [info] Frame 184 (t = 1.84):	 total squared error = 0.00115735, marker error: RMS = 0.00654712, max = 0.0154571 (R_Shoulder)
[2026-07-19 17:06:29.928] [info] Frame 185 (t = 1.85):	 total squared error = 0.00123505, marker error: RMS = 0.00676333, max = 0.0160862 (R_Shoulder)
[2026-07-19 17:06:29.945] [info] Frame 186 (t = 1.86):	 total squared error = 0.00131664, marker error: RMS = 0.00698316, max = 0.0167727 (R_Shoulder)
[2026-07-19 17:06:29.968] [info] Frame 187 (t = 1.87):	 total squared error = 0.00139449, marker error: RMS = 0.00718664, max = 0.0173035 (R_Shoulder)
[2026-07-19 17:06:29.986] [info] Frame 188 (t = 1.88):	 total squared error = 0.00147848, marker error: RMS = 0.00739989, max = 0.0178975 (R_Shoulder)
[2026-07-19 17:06:30.013] [info] Frame 189 (t = 1.89):	 total squared error = 0.00156530, marker error: RMS = 0.00761408, max = 0.0184426 (R_Shoulder)
[2026-07-19 17:06:30.031] [info] Frame 190 (t = 1.9):	 total squared error = 0.00166063, marker error: RMS = 0.00784250, max = 0.0188674 (R_Shoulder)
[2026-07-19 17:06:30.057] [info] Frame 191 (t = 1.91):	 total squared error = 0.00176302, marker error: RMS = 0.00808065, max = 0.0192902 (R_Shoulder)
[2026-07-19 17:06:30.070] [info] Frame 192 (t = 1.92):	 total squared error = 0.00187205, marker error: RMS = 0.00832678, max = 0.0196016 (R_Shoulder)
[2026-07-19 17:06:30.086] [info] Frame 193 (t = 1.93):	 total squared error = 0.00197205, marker error: RMS = 0.00854627, max = 0.0197817 (R_Shoulder)
[2026-07-19 17:06:30.107] [info] Frame 194 (t = 1.94):	 total squared error = 0.00206979, marker error: RMS = 0.00875551, max = 0.0199583 (R_Shoulder)
[2026-07-19 17:06:30.124] [info] Frame 195 (t = 1.95):	 total squared error = 0.00215543, marker error: RMS = 0.00893481, max = 0.0199894 (R_Shoulder)
[2026-07-19 17:06:30.136] [info] Frame 196 (t = 1.96):	 total squared error = 0.00222607, marker error: RMS = 0.00908004, max = 0.0198787 (R_Shoulder)
[2026-07-19 17:06:30.164] [info] Frame 197 (t = 1.97):	 total squared error = 0.00228244, marker error: RMS = 0.00919428, max = 0.0197995 (R_Shoulder)
[2026-07-19 17:06:30.180] [info] Frame 198 (t = 1.98):	 total squared error = 0.00232476, marker error: RMS = 0.00927912, max = 0.019533 (R_Shoulder)
[2026-07-19 17:06:30.197] [info] Frame 199 (t = 1.99):	 total squared error = 0.00235519, marker error: RMS = 0.00933966, max = 0.0192175 (R_Shoulder)
[2026-07-19 17:06:30.211] [info] Frame 200 (t = 2.0):	 total squared error = 0.00237597, marker error: RMS = 0.00938078, max = 0.0188279 (R_Shoulder)
[2026-07-19 17:06:30.228] [info] Frame 201 (t = 2.01):	 total squared error = 0.00238519, marker error: RMS = 0.00939895, max = 0.0183703 (R_Shoulder)
[2026-07-19 17:06:30.245] [info] Frame 202 (t = 2.02):	 total squared error = 0.00237828, marker error: RMS = 0.00938533, max = 0.0190808 (R_Shank_Lateral)
[2026-07-19 17:06:30.262] [info] Frame 203 (t = 2.03):	 total squared error = 0.00235029, marker error: RMS = 0.00932994, max = 0.0196276 (R_Shank_Lateral)
[2026-07-19 17:06:30.288] [info] Frame 204 (t = 2.04):	 total squared error = 0.00228474, marker error: RMS = 0.00919890, max = 0.0191211 (Thoracic)
[2026-07-19 17:06:30.320] [info] Frame 205 (t = 2.05):	 total squared error = 0.00220036, marker error: RMS = 0.00902745, max = 0.0197781 (Thoracic)
[2026-07-19 17:06:30.333] [info] Frame 206 (t = 2.06):	 total squared error = 0.00210589, marker error: RMS = 0.00883152, max = 0.0200633 (Thoracic)
[2026-07-19 17:06:30.363] [info] Frame 207 (t = 2.07):	 total squared error = 0.00198171, marker error: RMS = 0.00856718, max = 0.0204284 (Thoracic)
[2026-07-19 17:06:30.387] [info] Frame 208 (t = 2.08):	 total squared error = 0.00187499, marker error: RMS = 0.00833332, max = 0.0203690 (Thoracic)
[2026-07-19 17:06:30.406] [info] Frame 209 (t = 2.09):	 total squared error = 0.00177515, marker error: RMS = 0.00810841, max = 0.0201235 (Thoracic)
[2026-07-19 17:06:30.425] [info] Frame 210 (t = 2.1):	 total squared error = 0.00169734, marker error: RMS = 0.00792871, max = 0.0197223 (Thoracic)
[2026-07-19 17:06:30.452] [info] Frame 211 (t = 2.11):	 total squared error = 0.00161964, marker error: RMS = 0.00774512, max = 0.0192749 (Thoracic)
[2026-07-19 17:06:30.465] [info] Frame 212 (t = 2.12):	 total squared error = 0.00157065, marker error: RMS = 0.00762708, max = 0.0186255 (Thoracic)
[2026-07-19 17:06:30.481] [info] Frame 213 (t = 2.13):	 total squared error = 0.00152683, marker error: RMS = 0.00751993, max = 0.0181562 (Thoracic)
[2026-07-19 17:06:30.501] [info] Frame 214 (t = 2.14):	 total squared error = 0.00147814, marker error: RMS = 0.00739904, max = 0.0176732 (Thoracic)
[2026-07-19 17:06:30.515] [info] Frame 215 (t = 2.15):	 total squared error = 0.00143544, marker error: RMS = 0.00729140, max = 0.0171175 (Thoracic)
[2026-07-19 17:06:30.526] [info] Frame 216 (t = 2.16):	 total squared error = 0.00138767, marker error: RMS = 0.00716903, max = 0.0167829 (Thoracic)
[2026-07-19 17:06:30.542] [info] Frame 217 (t = 2.17):	 total squared error = 0.00133316, marker error: RMS = 0.00702682, max = 0.0164681 (Thoracic)
[2026-07-19 17:06:30.553] [info] Frame 218 (t = 2.18):	 total squared error = 0.00127996, marker error: RMS = 0.00688519, max = 0.0161137 (Thoracic)
[2026-07-19 17:06:30.578] [info] Frame 219 (t = 2.19):	 total squared error = 0.00121947, marker error: RMS = 0.00672053, max = 0.0160111 (Thoracic)
[2026-07-19 17:06:30.590] [info] Frame 220 (t = 2.2):	 total squared error = 0.00116235, marker error: RMS = 0.00656125, max = 0.0158198 (Thoracic)
[2026-07-19 17:06:30.607] [info] Frame 221 (t = 2.21):	 total squared error = 0.00110829, marker error: RMS = 0.00640686, max = 0.0157639 (Thoracic)
[2026-07-19 17:06:30.623] [info] Frame 222 (t = 2.22):	 total squared error = 0.00105690, marker error: RMS = 0.00625656, max = 0.0157665 (Thoracic)
[2026-07-19 17:06:30.642] [info] Frame 223 (t = 2.23):	 total squared error = 0.00100941, marker error: RMS = 0.00611438, max = 0.0158132 (Thoracic)
[2026-07-19 17:06:30.664] [info] Frame 224 (t = 2.24):	 total squared error = 0.000966459, marker error: RMS = 0.00598287, max = 0.0159176 (Thoracic)
[2026-07-19 17:06:30.679] [info] Frame 225 (t = 2.25):	 total squared error = 0.000929750, marker error: RMS = 0.00586815, max = 0.0160099 (Thoracic)
[2026-07-19 17:06:30.694] [info] Frame 226 (t = 2.26):	 total squared error = 0.000898967, marker error: RMS = 0.00577019, max = 0.0161307 (Thoracic)
[2026-07-19 17:06:30.712] [info] Frame 227 (t = 2.27):	 total squared error = 0.000872460, marker error: RMS = 0.00568448, max = 0.0162254 (Thoracic)
[2026-07-19 17:06:30.728] [info] Frame 228 (t = 2.28):	 total squared error = 0.000853319, marker error: RMS = 0.00562178, max = 0.0162852 (Thoracic)
[2026-07-19 17:06:30.742] [info] Frame 229 (t = 2.29):	 total squared error = 0.000839105, marker error: RMS = 0.00557476, max = 0.0162887 (Thoracic)
[2026-07-19 17:06:30.767] [info] Frame 230 (t = 2.3):	 total squared error = 0.000825886, marker error: RMS = 0.00553068, max = 0.0162216 (Thoracic)
[2026-07-19 17:06:30.784] [info] Frame 231 (t = 2.31):	 total squared error = 0.000819857, marker error: RMS = 0.00551045, max = 0.0160321 (Thoracic)
[2026-07-19 17:06:30.801] [info] Frame 232 (t = 2.32):	 total squared error = 0.000815602, marker error: RMS = 0.00549613, max = 0.0157482 (Thoracic)
[2026-07-19 17:06:30.816] [info] Frame 233 (t = 2.33):	 total squared error = 0.000811258, marker error: RMS = 0.00548148, max = 0.0154086 (Thoracic)
[2026-07-19 17:06:30.832] [info] Frame 234 (t = 2.34):	 total squared error = 0.000805307, marker error: RMS = 0.00546134, max = 0.0149849 (Thoracic)
[2026-07-19 17:06:30.841] [info] Frame 235 (t = 2.35):	 total squared error = 0.000803408, marker error: RMS = 0.00545489, max = 0.0145607 (Thoracic)
[2026-07-19 17:06:30.858] [info] Frame 236 (t = 2.36):	 total squared error = 0.000788775, marker error: RMS = 0.00540499, max = 0.0139994 (Thoracic)
[2026-07-19 17:06:30.869] [info] Frame 237 (t = 2.37):	 total squared error = 0.000779946, marker error: RMS = 0.00537465, max = 0.0134526 (Thoracic)
[2026-07-19 17:06:30.881] [info] Frame 238 (t = 2.38):	 total squared error = 0.000760998, marker error: RMS = 0.00530896, max = 0.0128429 (Thoracic)
[2026-07-19 17:06:30.889] [info] Frame 239 (t = 2.39):	 total squared error = 0.000749548, marker error: RMS = 0.00526887, max = 0.0122895 (Thoracic)
[2026-07-19 17:06:30.913] [info] Frame 240 (t = 2.4):	 total squared error = 0.000728209, marker error: RMS = 0.00519333, max = 0.0117555 (Thoracic)
[2026-07-19 17:06:30.923] [info] Frame 241 (t = 2.41):	 total squared error = 0.000718174, marker error: RMS = 0.00515743, max = 0.0111943 (Thoracic)
[2026-07-19 17:06:30.938] [info] Frame 242 (t = 2.42):	 total squared error = 0.000705678, marker error: RMS = 0.00511236, max = 0.0106586 (Thoracic)
[2026-07-19 17:06:30.948] [info] Frame 243 (t = 2.43):	 total squared error = 0.000702952, marker error: RMS = 0.00510247, max = 0.0103811 (R_Shoulder)
[2026-07-19 17:06:30.959] [info] Frame 244 (t = 2.44):	 total squared error = 0.000702579, marker error: RMS = 0.00510112, max = 0.0104307 (R_Shoulder)
[2026-07-19 17:06:30.975] [info] Frame 245 (t = 2.45):	 total squared error = 0.000700262, marker error: RMS = 0.00509270, max = 0.0107475 (R_Shoulder)
[2026-07-19 17:06:30.984] [info] Frame 246 (t = 2.46):	 total squared error = 0.000707545, marker error: RMS = 0.00511912, max = 0.0108332 (R_Shoulder)
[2026-07-19 17:06:30.994] [info] Frame 247 (t = 2.47):	 total squared error = 0.000717859, marker error: RMS = 0.00515629, max = 0.0109462 (R_Shoulder)
[2026-07-19 17:06:31.003] [info] Frame 248 (t = 2.48):	 total squared error = 0.000726833, marker error: RMS = 0.00518842, max = 0.0110782 (R_Shoulder)
[2026-07-19 17:06:31.017] [info] Frame 249 (t = 2.49):	 total squared error = 0.000723725, marker error: RMS = 0.00517732, max = 0.0113666 (R_Shoulder)
[2026-07-19 17:06:31.033] [info] Frame 250 (t = 2.5):	 total squared error = 0.000722244, marker error: RMS = 0.00517202, max = 0.0115351 (R_Shoulder)
[2026-07-19 17:06:31.040] [info] Frame 251 (t = 2.51):	 total squared error = 0.000720766, marker error: RMS = 0.00516672, max = 0.0115576 (R_Shoulder)
[2026-07-19 17:06:31.049] [info] Frame 252 (t = 2.52):	 total squared error = 0.000714863, marker error: RMS = 0.00514552, max = 0.0118209 (R_Shoulder)
[2026-07-19 17:06:31.065] [info] Frame 253 (t = 2.53):	 total squared error = 0.000697062, marker error: RMS = 0.00508105, max = 0.0120606 (R_Shoulder)
[2026-07-19 17:06:31.074] [info] Frame 254 (t = 2.54):	 total squared error = 0.000692913, marker error: RMS = 0.00506591, max = 0.0121867 (R_Shoulder)
[2026-07-19 17:06:31.089] [info] Frame 255 (t = 2.55):	 total squared error = 0.000682659, marker error: RMS = 0.00502828, max = 0.0125424 (R_Shoulder)
[2026-07-19 17:06:31.099] [info] Frame 256 (t = 2.56):	 total squared error = 0.000695533, marker error: RMS = 0.00507548, max = 0.0126701 (R_Shoulder)
[2026-07-19 17:06:31.125] [info] Frame 257 (t = 2.57):	 total squared error = 0.000688772, marker error: RMS = 0.00505075, max = 0.0132974 (R_Shoulder)
[2026-07-19 17:06:31.139] [info] Frame 258 (t = 2.58):	 total squared error = 0.000707525, marker error: RMS = 0.00511904, max = 0.0136131 (R_Shoulder)
[2026-07-19 17:06:31.157] [info] Frame 259 (t = 2.59):	 total squared error = 0.000725872, marker error: RMS = 0.00518499, max = 0.0137864 (R_Shoulder)
[2026-07-19 17:06:31.180] [info] Frame 260 (t = 2.6):	 total squared error = 0.000750784, marker error: RMS = 0.00527322, max = 0.0142194 (R_Shoulder)
[2026-07-19 17:06:31.200] [info] Frame 261 (t = 2.61):	 total squared error = 0.000779055, marker error: RMS = 0.00537158, max = 0.0144756 (R_Shoulder)
[2026-07-19 17:06:31.223] [info] Frame 262 (t = 2.62):	 total squared error = 0.000807224, marker error: RMS = 0.00546783, max = 0.0147733 (R_Shoulder)
[2026-07-19 17:06:31.235] [info] Frame 263 (t = 2.63):	 total squared error = 0.000837368, marker error: RMS = 0.00556899, max = 0.0150468 (R_Shoulder)
[2026-07-19 17:06:31.252] [info] Frame 264 (t = 2.64):	 total squared error = 0.000858208, marker error: RMS = 0.00563786, max = 0.0150122 (R_Shoulder)
[2026-07-19 17:06:31.271] [info] Frame 265 (t = 2.65):	 total squared error = 0.000875981, marker error: RMS = 0.00569594, max = 0.0151511 (R_Shoulder)
[2026-07-19 17:06:31.284] [info] Frame 266 (t = 2.66):	 total squared error = 0.000890328, marker error: RMS = 0.00574239, max = 0.0152678 (R_Shoulder)
[2026-07-19 17:06:31.301] [info] Frame 267 (t = 2.67):	 total squared error = 0.000892643, marker error: RMS = 0.00574986, max = 0.0149995 (R_Shoulder)
[2026-07-19 17:06:31.310] [info] Frame 268 (t = 2.68):	 total squared error = 0.000895001, marker error: RMS = 0.00575745, max = 0.014712 (R_Shoulder)
[2026-07-19 17:06:31.325] [info] Frame 269 (t = 2.69):	 total squared error = 0.000882596, marker error: RMS = 0.00571741, max = 0.0147070 (R_Shoulder)
[2026-07-19 17:06:31.344] [info] Frame 270 (t = 2.7):	 total squared error = 0.000864953, marker error: RMS = 0.00565997, max = 0.0143789 (R_Shoulder)
[2026-07-19 17:06:31.354] [info] Frame 271 (t = 2.71):	 total squared error = 0.000850776, marker error: RMS = 0.00561340, max = 0.0139232 (R_Shoulder)
[2026-07-19 17:06:31.375] [info] Frame 272 (t = 2.72):	 total squared error = 0.000827275, marker error: RMS = 0.00553533, max = 0.0138757 (R_Shoulder)
[2026-07-19 17:06:31.387] [info] Frame 273 (t = 2.73):	 total squared error = 0.000809853, marker error: RMS = 0.00547673, max = 0.0135451 (R_Shoulder)
[2026-07-19 17:06:31.405] [info] Frame 274 (t = 2.74):	 total squared error = 0.000788324, marker error: RMS = 0.00540344, max = 0.0132451 (R_Shoulder)
[2026-07-19 17:06:31.421] [info] Frame 275 (t = 2.75):	 total squared error = 0.000770812, marker error: RMS = 0.00534309, max = 0.0128816 (R_Shoulder)
[2026-07-19 17:06:31.432] [info] Frame 276 (t = 2.76):	 total squared error = 0.000759738, marker error: RMS = 0.00530457, max = 0.0124324 (R_Shoulder)
[2026-07-19 17:06:31.462] [info] Frame 277 (t = 2.77):	 total squared error = 0.000731376, marker error: RMS = 0.00520461, max = 0.0122962 (R_Shoulder)
[2026-07-19 17:06:31.475] [info] Frame 278 (t = 2.78):	 total squared error = 0.000721519, marker error: RMS = 0.00516942, max = 0.0119238 (R_Shoulder)
[2026-07-19 17:06:31.494] [info] Frame 279 (t = 2.79):	 total squared error = 0.000716933, marker error: RMS = 0.00515297, max = 0.0117544 (R_Shoulder)
[2026-07-19 17:06:31.505] [info] Frame 280 (t = 2.8):	 total squared error = 0.000729395, marker error: RMS = 0.00519756, max = 0.0114067 (R_Shoulder)
[2026-07-19 17:06:31.516] [info] Frame 281 (t = 2.81):	 total squared error = 0.000755333, marker error: RMS = 0.00528917, max = 0.0112157 (R_Shoulder)
[2026-07-19 17:06:31.544] [info] Frame 282 (t = 2.82):	 total squared error = 0.000781598, marker error: RMS = 0.00538034, max = 0.0109472 (R_Shoulder)
[2026-07-19 17:06:31.554] [info] Frame 283 (t = 2.83):	 total squared error = 0.000824964, marker error: RMS = 0.00552759, max = 0.0107588 (R_Shoulder)
[2026-07-19 17:06:31.568] [info] Frame 284 (t = 2.84):	 total squared error = 0.000865734, marker error: RMS = 0.00566253, max = 0.0107055 (R_Shoulder)
[2026-07-19 17:06:31.578] [info] Frame 285 (t = 2.85):	 total squared error = 0.000906053, marker error: RMS = 0.00579288, max = 0.0105495 (R_Shoulder)
[2026-07-19 17:06:31.590] [info] Frame 286 (t = 2.86):	 total squared error = 0.000940206, marker error: RMS = 0.00590105, max = 0.0105302 (R_Shoulder)
[2026-07-19 17:06:31.615] [info] Frame 287 (t = 2.87):	 total squared error = 0.000948520, marker error: RMS = 0.00592709, max = 0.0104707 (L_Knee_Lateral)
[2026-07-19 17:06:31.625] [info] Frame 288 (t = 2.88):	 total squared error = 0.000959359, marker error: RMS = 0.00596086, max = 0.0109380 (L_Knee_Lateral)
[2026-07-19 17:06:31.644] [info] Frame 289 (t = 2.89):	 total squared error = 0.000955482, marker error: RMS = 0.00594880, max = 0.0109158 (Thoracic)
[2026-07-19 17:06:31.654] [info] Frame 290 (t = 2.9):	 total squared error = 0.000955171, marker error: RMS = 0.00594783, max = 0.011269 (L_Knee_Lateral)
[2026-07-19 17:06:31.674] [info] Frame 291 (t = 2.91):	 total squared error = 0.000943918, marker error: RMS = 0.00591269, max = 0.0109524 (L_Knee_Lateral)
[2026-07-19 17:06:31.684] [info] Frame 292 (t = 2.92):	 total squared error = 0.000946090, marker error: RMS = 0.00591949, max = 0.0114199 (L_Knee_Lateral)
[2026-07-19 17:06:31.700] [info] Frame 293 (t = 2.93):	 total squared error = 0.000940795, marker error: RMS = 0.00590290, max = 0.0111854 (L_Knee_Lateral)
[2026-07-19 17:06:31.709] [info] Frame 294 (t = 2.94):	 total squared error = 0.000954413, marker error: RMS = 0.00594547, max = 0.011633 (L_Knee_Lateral)
[2026-07-19 17:06:31.724] [info] Frame 295 (t = 2.95):	 total squared error = 0.000964516, marker error: RMS = 0.00597686, max = 0.0115292 (L_Knee_Lateral)
[2026-07-19 17:06:31.740] [info] Frame 296 (t = 2.96):	 total squared error = 0.000986671, marker error: RMS = 0.00604511, max = 0.0117974 (L_Knee_Lateral)
[2026-07-19 17:06:31.748] [info] Frame 297 (t = 2.97):	 total squared error = 0.00102314, marker error: RMS = 0.00615582, max = 0.0122084 (L_Knee_Lateral)
[2026-07-19 17:06:31.765] [info] Frame 298 (t = 2.98):	 total squared error = 0.00105394, marker error: RMS = 0.00624778, max = 0.0122547 (L_Knee_Lateral)
[2026-07-19 17:06:31.774] [info] Frame 299 (t = 2.99):	 total squared error = 0.00110317, marker error: RMS = 0.00639205, max = 0.0125733 (L_Knee_Lateral)
[2026-07-19 17:06:31.789] [info] Frame 300 (t = 3.0):	 total squared error = 0.00114673, marker error: RMS = 0.00651702, max = 0.0126804 (L_Knee_Lateral)
[2026-07-19 17:06:31.806] [info] Frame 301 (t = 3.01):	 total squared error = 0.00118898, marker error: RMS = 0.00663599, max = 0.0139446 (Thoracic)
[2026-07-19 17:06:31.819] [info] Frame 302 (t = 3.02):	 total squared error = 0.00123215, marker error: RMS = 0.00675539, max = 0.0150018 (Thoracic)
[2026-07-19 17:06:31.832] [info] Frame 303 (t = 3.03):	 total squared error = 0.00126391, marker error: RMS = 0.00684190, max = 0.0159717 (Thoracic)
[2026-07-19 17:06:31.851] [info] Frame 304 (t = 3.04):	 total squared error = 0.00127872, marker error: RMS = 0.00688187, max = 0.0166795 (Thoracic)
[2026-07-19 17:06:31.873] [info] Frame 305 (t = 3.05):	 total squared error = 0.00128261, marker error: RMS = 0.00689233, max = 0.0170727 (Thoracic)
[2026-07-19 17:06:31.890] [info] Frame 306 (t = 3.06):	 total squared error = 0.00127383, marker error: RMS = 0.00686868, max = 0.017166 (Thoracic)
[2026-07-19 17:06:31.908] [info] Frame 307 (t = 3.07):	 total squared error = 0.00125472, marker error: RMS = 0.00681698, max = 0.0170273 (Thoracic)
[2026-07-19 17:06:31.921] [info] Frame 308 (t = 3.08):	 total squared error = 0.00123086, marker error: RMS = 0.00675184, max = 0.0166645 (Thoracic)
[2026-07-19 17:06:31.937] [info] Frame 309 (t = 3.09):	 total squared error = 0.00119898, marker error: RMS = 0.00666382, max = 0.0161515 (Thoracic)
[2026-07-19 17:06:31.954] [info] Frame 310 (t = 3.1):	 total squared error = 0.00116604, marker error: RMS = 0.00657167, max = 0.0155453 (Thoracic)
[2026-07-19 17:06:31.969] [info] Frame 311 (t = 3.11):	 total squared error = 0.00113605, marker error: RMS = 0.00648658, max = 0.0148364 (Thoracic)
[2026-07-19 17:06:31.980] [info] Frame 312 (t = 3.12):	 total squared error = 0.00111302, marker error: RMS = 0.00642052, max = 0.0141214 (Thoracic)
[2026-07-19 17:06:31.998] [info] Frame 313 (t = 3.13):	 total squared error = 0.00107236, marker error: RMS = 0.00630214, max = 0.0133999 (Thoracic)
[2026-07-19 17:06:32.016] [info] Frame 314 (t = 3.14):	 total squared error = 0.00104264, marker error: RMS = 0.00621419, max = 0.0128326 (C7)
[2026-07-19 17:06:32.033] [info] Frame 315 (t = 3.15):	 total squared error = 0.00101511, marker error: RMS = 0.00613160, max = 0.0127139 (C7)
[2026-07-19 17:06:32.043] [info] Frame 316 (t = 3.16):	 total squared error = 0.000993043, marker error: RMS = 0.00606460, max = 0.0126543 (C7)
[2026-07-19 17:06:32.059] [info] Frame 317 (t = 3.17):	 total squared error = 0.000969811, marker error: RMS = 0.00599324, max = 0.0124477 (C7)
[2026-07-19 17:06:32.075] [info] Frame 318 (t = 3.18):	 total squared error = 0.000948168, marker error: RMS = 0.00592599, max = 0.0123099 (C7)
[2026-07-19 17:06:32.090] [info] Frame 319 (t = 3.19):	 total squared error = 0.000929615, marker error: RMS = 0.00586773, max = 0.0121676 (C7)
[2026-07-19 17:06:32.101] [info] Frame 320 (t = 3.2):	 total squared error = 0.000919758, marker error: RMS = 0.00583653, max = 0.0120726 (C7)
[2026-07-19 17:06:32.118] [info] Frame 321 (t = 3.21):	 total squared error = 0.000901872, marker error: RMS = 0.00577951, max = 0.011832 (C7)
[2026-07-19 17:06:32.136] [info] Frame 322 (t = 3.22):	 total squared error = 0.000890335, marker error: RMS = 0.00574242, max = 0.0116965 (C7)
[2026-07-19 17:06:32.153] [info] Frame 323 (t = 3.23):	 total squared error = 0.000881013, marker error: RMS = 0.00571228, max = 0.0115577 (C7)
[2026-07-19 17:06:32.166] [info] Frame 324 (t = 3.24):	 total squared error = 0.000871559, marker error: RMS = 0.00568155, max = 0.0113696 (C7)
[2026-07-19 17:06:32.175] [info] Frame 325 (t = 3.25):	 total squared error = 0.000868863, marker error: RMS = 0.00567275, max = 0.0113153 (C7)
[2026-07-19 17:06:32.190] [info] Frame 326 (t = 3.26):	 total squared error = 0.000856937, marker error: RMS = 0.00563369, max = 0.0113214 (L_Shoulder)
[2026-07-19 17:06:32.208] [info] Frame 327 (t = 3.27):	 total squared error = 0.000848112, marker error: RMS = 0.00560460, max = 0.0115403 (L_Shoulder)
[2026-07-19 17:06:32.221] [info] Frame 328 (t = 3.28):	 total squared error = 0.000844897, marker error: RMS = 0.00559397, max = 0.0119325 (L_Shoulder)
[2026-07-19 17:06:32.234] [info] Frame 329 (t = 3.29):	 total squared error = 0.000843842, marker error: RMS = 0.00559047, max = 0.0122838 (L_Shoulder)
[2026-07-19 17:06:32.249] [info] Frame 330 (t = 3.3):	 total squared error = 0.000844903, marker error: RMS = 0.00559399, max = 0.0125257 (L_Shoulder)
[2026-07-19 17:06:32.272] [info] Frame 331 (t = 3.31):	 total squared error = 0.000847573, marker error: RMS = 0.00560282, max = 0.0128598 (L_Shoulder)
[2026-07-19 17:06:32.285] [info] Frame 332 (t = 3.32):	 total squared error = 0.000856852, marker error: RMS = 0.00563341, max = 0.0134227 (L_Shoulder)
[2026-07-19 17:06:32.300] [info] Frame 333 (t = 3.33):	 total squared error = 0.000867615, marker error: RMS = 0.00566867, max = 0.0139035 (L_Shoulder)
[2026-07-19 17:06:32.312] [info] Frame 334 (t = 3.34):	 total squared error = 0.000882642, marker error: RMS = 0.00571756, max = 0.0146118 (L_Shoulder)
[2026-07-19 17:06:32.334] [info] Frame 335 (t = 3.35):	 total squared error = 0.000888238, marker error: RMS = 0.00573565, max = 0.0146934 (L_Shoulder)
[2026-07-19 17:06:32.351] [info] Frame 336 (t = 3.36):	 total squared error = 0.000901434, marker error: RMS = 0.00577810, max = 0.0153534 (L_Shoulder)
[2026-07-19 17:06:32.365] [info] Frame 337 (t = 3.37):	 total squared error = 0.000916958, marker error: RMS = 0.00582764, max = 0.0159818 (L_Shoulder)
[2026-07-19 17:06:32.389] [info] Frame 338 (t = 3.38):	 total squared error = 0.000929450, marker error: RMS = 0.00586720, max = 0.0161304 (L_Shoulder)
[2026-07-19 17:06:32.403] [info] Frame 339 (t = 3.39):	 total squared error = 0.000952349, marker error: RMS = 0.00593904, max = 0.0168123 (L_Shoulder)
[2026-07-19 17:06:32.423] [info] Frame 340 (t = 3.4):	 total squared error = 0.000977212, marker error: RMS = 0.00601607, max = 0.0169958 (L_Shoulder)
[2026-07-19 17:06:32.439] [info] Frame 341 (t = 3.41):	 total squared error = 0.00100801, marker error: RMS = 0.00611012, max = 0.017344 (L_Shoulder)
[2026-07-19 17:06:32.456] [info] Frame 342 (t = 3.42):	 total squared error = 0.00103959, marker error: RMS = 0.00620512, max = 0.0174567 (L_Shoulder)
[2026-07-19 17:06:32.478] [info] Frame 343 (t = 3.43):	 total squared error = 0.00106889, marker error: RMS = 0.00629194, max = 0.0174764 (L_Shoulder)
[2026-07-19 17:06:32.495] [info] Frame 344 (t = 3.44):	 total squared error = 0.00109712, marker error: RMS = 0.00637448, max = 0.0176126 (L_Shoulder)
[2026-07-19 17:06:32.517] [info] Frame 345 (t = 3.45):	 total squared error = 0.00111727, marker error: RMS = 0.00643276, max = 0.0173236 (L_Shoulder)
[2026-07-19 17:06:32.531] [info] Frame 346 (t = 3.46):	 total squared error = 0.00113877, marker error: RMS = 0.00649436, max = 0.0172954 (L_Shoulder)
[2026-07-19 17:06:32.547] [info] Frame 347 (t = 3.47):	 total squared error = 0.00116073, marker error: RMS = 0.00655667, max = 0.0171345 (L_Shoulder)
[2026-07-19 17:06:32.564] [info] Frame 348 (t = 3.48):	 total squared error = 0.00117930, marker error: RMS = 0.00660891, max = 0.0167464 (L_Shoulder)
[2026-07-19 17:06:32.588] [info] Frame 349 (t = 3.49):	 total squared error = 0.00120789, marker error: RMS = 0.00668854, max = 0.0164402 (L_Shoulder)
[2026-07-19 17:06:32.609] [info] Frame 350 (t = 3.5):	 total squared error = 0.00124749, marker error: RMS = 0.00679731, max = 0.016191 (L_Shoulder)
[2026-07-19 17:06:32.625] [info] Frame 351 (t = 3.51):	 total squared error = 0.00130852, marker error: RMS = 0.00696158, max = 0.0161327 (L_Shoulder)
[2026-07-19 17:06:32.649] [info] Frame 352 (t = 3.52):	 total squared error = 0.00137081, marker error: RMS = 0.00712535, max = 0.0157875 (L_Shoulder)
[2026-07-19 17:06:32.667] [info] Frame 353 (t = 3.53):	 total squared error = 0.00146462, marker error: RMS = 0.00736513, max = 0.0157551 (L_Shoulder)
[2026-07-19 17:06:32.689] [info] Frame 354 (t = 3.54):	 total squared error = 0.00157107, marker error: RMS = 0.00762810, max = 0.0155542 (L_Shoulder)
[2026-07-19 17:06:32.710] [info] Frame 355 (t = 3.55):	 total squared error = 0.00169905, marker error: RMS = 0.00793269, max = 0.0157205 (R_Knee_Lateral)
[2026-07-19 17:06:32.725] [info] Frame 356 (t = 3.56):	 total squared error = 0.00184456, marker error: RMS = 0.00826542, max = 0.0170174 (R_Knee_Lateral)
[2026-07-19 17:06:32.740] [info] Frame 357 (t = 3.57):	 total squared error = 0.00198488, marker error: RMS = 0.00857405, max = 0.0177929 (R_Knee_Lateral)
[2026-07-19 17:06:32.756] [info] Frame 358 (t = 3.58):	 total squared error = 0.00211844, marker error: RMS = 0.00885780, max = 0.0184045 (R_Knee_Lateral)
[2026-07-19 17:06:32.768] [info] Frame 359 (t = 3.59):	 total squared error = 0.00224215, marker error: RMS = 0.00911277, max = 0.0189178 (R_Knee_Lateral)
[2026-07-19 17:06:32.790] [info] Frame 360 (t = 3.6):	 total squared error = 0.00233975, marker error: RMS = 0.00930899, max = 0.0192523 (R_Knee_Lateral)
[2026-07-19 17:06:32.808] [info] Frame 361 (t = 3.61):	 total squared error = 0.00241826, marker error: RMS = 0.00946389, max = 0.0193899 (R_Knee_Lateral)
[2026-07-19 17:06:32.825] [info] Frame 362 (t = 3.62):	 total squared error = 0.00247437, marker error: RMS = 0.00957306, max = 0.019391 (R_Shoulder)
[2026-07-19 17:06:32.837] [info] Frame 363 (t = 3.63):	 total squared error = 0.00250852, marker error: RMS = 0.00963889, max = 0.0195068 (R_Shoulder)
[2026-07-19 17:06:32.857] [info] Frame 364 (t = 3.64):	 total squared error = 0.00251511, marker error: RMS = 0.00965154, max = 0.0194876 (R_Shoulder)
[2026-07-19 17:06:32.873] [info] Frame 365 (t = 3.65):	 total squared error = 0.00250582, marker error: RMS = 0.00963370, max = 0.0191983 (R_Shoulder)
[2026-07-19 17:06:32.889] [info] Frame 366 (t = 3.66):	 total squared error = 0.00247674, marker error: RMS = 0.00957764, max = 0.0188198 (R_Shoulder)
[2026-07-19 17:06:32.906] [info] Frame 367 (t = 3.67):	 total squared error = 0.00242949, marker error: RMS = 0.00948583, max = 0.0183329 (R_Shoulder)
[2026-07-19 17:06:32.933] [info] Frame 368 (t = 3.68):	 total squared error = 0.00235567, marker error: RMS = 0.00934061, max = 0.0178341 (R_Shoulder)
[2026-07-19 17:06:32.949] [info] Frame 369 (t = 3.69):	 total squared error = 0.00228013, marker error: RMS = 0.00918964, max = 0.0172743 (R_Shoulder)
[2026-07-19 17:06:32.974] [info] Frame 370 (t = 3.7):	 total squared error = 0.00218551, marker error: RMS = 0.00899693, max = 0.0166688 (R_Shoulder)
[2026-07-19 17:06:32.979] [info] InverseKinematicsTool completed 321 frames in 5 second(s).
[2026-07-19 17:06:33.013] [info] Loaded model TCV36-scaled from file C:\Users\lucia\Desktop\TFG\2_JMP\TVC36\Walk_1\TVC36_1_JMP_results\TVC36_1_NMSM_JMP_01_pelvis_thigh.osim
[2026-07-19 17:06:33.593] [warning] Coordinate.setValue:  coordinate pro_sup_r is locked. Unable to change its value.
[2026-07-19 17:06:33.628] [warning] Coordinate.setValue:  coordinate pro_sup_l is locked. Unable to change its value.
[2026-07-19 17:07:15.701] [info] Loaded model TCV36-scaled from file C:\Users\lucia\Desktop\TFG\2_JMP\TVC36\Walk_1\TVC36_1_JMP_results\TVC36_1_NMSM_JMP_02_knee_ankle.osim
[2026-07-19 17:07:15.712] [cout] [info] 
               MODEL: TCV36-scaled
         coordinates: 41
              forces: 103
           actuators: 103
             muscles: 86
            analyses: 0
              probes: 0
              bodies: 24
              joints: 24
         constraints: 2
             markers: 27
         controllers: 0
  contact geometries: 0
misc modelcomponents: 0
[2026-07-19 17:07:15.712] [info] Running tool .
[2026-07-19 17:07:15.812] [info] Frame 50 (t = 0.5):	 total squared error = 0.00164280, marker error: RMS = 0.00780028, max = 0.0148835 (L_Shank_Lateral)
[2026-07-19 17:07:15.833] [info] Frame 51 (t = 0.51):	 total squared error = 0.00157914, marker error: RMS = 0.00764766, max = 0.0148386 (L_Shank_Lateral)
[2026-07-19 17:07:15.854] [info] Frame 52 (t = 0.52):	 total squared error = 0.00151200, marker error: RMS = 0.00748332, max = 0.0147905 (L_Shank_Lateral)
[2026-07-19 17:07:15.871] [info] Frame 53 (t = 0.53):	 total squared error = 0.00144801, marker error: RMS = 0.00732324, max = 0.0147226 (L_Shank_Lateral)
[2026-07-19 17:07:15.897] [info] Frame 54 (t = 0.54):	 total squared error = 0.00137678, marker error: RMS = 0.00714085, max = 0.0149697 (L_Shank_Lateral)
[2026-07-19 17:07:15.913] [info] Frame 55 (t = 0.55):	 total squared error = 0.00132997, marker error: RMS = 0.00701842, max = 0.0146545 (L_Shank_Lateral)
[2026-07-19 17:07:15.933] [info] Frame 56 (t = 0.56):	 total squared error = 0.00128302, marker error: RMS = 0.00689343, max = 0.0146327 (L_Shank_Lateral)
[2026-07-19 17:07:15.957] [info] Frame 57 (t = 0.57):	 total squared error = 0.00124064, marker error: RMS = 0.00677861, max = 0.0145811 (L_Shank_Lateral)
[2026-07-19 17:07:15.973] [info] Frame 58 (t = 0.58):	 total squared error = 0.00120724, marker error: RMS = 0.00668674, max = 0.0143040 (L_Shank_Lateral)
[2026-07-19 17:07:16.000] [info] Frame 59 (t = 0.59):	 total squared error = 0.00116437, marker error: RMS = 0.00656696, max = 0.0141709 (L_Shank_Lateral)
[2026-07-19 17:07:16.017] [info] Frame 60 (t = 0.6):	 total squared error = 0.00112477, marker error: RMS = 0.00645431, max = 0.0137915 (L_Shank_Lateral)
[2026-07-19 17:07:16.036] [info] Frame 61 (t = 0.61):	 total squared error = 0.00107882, marker error: RMS = 0.00632110, max = 0.0134017 (L_Shank_Lateral)
[2026-07-19 17:07:16.053] [info] Frame 62 (t = 0.62):	 total squared error = 0.00103166, marker error: RMS = 0.00618141, max = 0.0130516 (L_Shank_Lateral)
[2026-07-19 17:07:16.063] [info] Frame 63 (t = 0.63):	 total squared error = 0.000997100, marker error: RMS = 0.00607697, max = 0.0130404 (L_Shank_Lateral)
[2026-07-19 17:07:16.086] [info] Frame 64 (t = 0.64):	 total squared error = 0.000945740, marker error: RMS = 0.00591840, max = 0.0121766 (L_Shank_Lateral)
[2026-07-19 17:07:16.104] [info] Frame 65 (t = 0.65):	 total squared error = 0.000910373, marker error: RMS = 0.00580668, max = 0.0116796 (L_Shank_Lateral)
[2026-07-19 17:07:16.114] [info] Frame 66 (t = 0.66):	 total squared error = 0.000882774, marker error: RMS = 0.00571798, max = 0.0115238 (L_Shank_Lateral)
[2026-07-19 17:07:16.129] [info] Frame 67 (t = 0.67):	 total squared error = 0.000849738, marker error: RMS = 0.00560997, max = 0.0111574 (R_Shoulder)
[2026-07-19 17:07:16.138] [info] Frame 68 (t = 0.68):	 total squared error = 0.000828857, marker error: RMS = 0.00554062, max = 0.0111434 (R_Shoulder)
[2026-07-19 17:07:16.156] [info] Frame 69 (t = 0.69):	 total squared error = 0.000792821, marker error: RMS = 0.00541883, max = 0.0108786 (R_Shoulder)
[2026-07-19 17:07:16.175] [info] Frame 70 (t = 0.7):	 total squared error = 0.000766237, marker error: RMS = 0.00532721, max = 0.0107174 (R_Shoulder)
[2026-07-19 17:07:16.191] [info] Frame 71 (t = 0.71):	 total squared error = 0.000741476, marker error: RMS = 0.00524043, max = 0.0105925 (R_Shoulder)
[2026-07-19 17:07:16.210] [info] Frame 72 (t = 0.72):	 total squared error = 0.000719637, marker error: RMS = 0.00516268, max = 0.0104737 (R_Shoulder)
[2026-07-19 17:07:16.227] [info] Frame 73 (t = 0.73):	 total squared error = 0.000701045, marker error: RMS = 0.00509555, max = 0.0103705 (R_Shoulder)
[2026-07-19 17:07:16.244] [info] Frame 74 (t = 0.74):	 total squared error = 0.000685483, marker error: RMS = 0.00503868, max = 0.0102289 (R_Shoulder)
[2026-07-19 17:07:16.258] [info] Frame 75 (t = 0.75):	 total squared error = 0.000677279, marker error: RMS = 0.00500843, max = 0.0103623 (R_Shoulder)
[2026-07-19 17:07:16.274] [info] Frame 76 (t = 0.76):	 total squared error = 0.000664011, marker error: RMS = 0.00495913, max = 0.00994815 (R_Shoulder)
[2026-07-19 17:07:16.292] [info] Frame 77 (t = 0.77):	 total squared error = 0.000655022, marker error: RMS = 0.00492545, max = 0.00985095 (R_Shoulder)
[2026-07-19 17:07:16.308] [info] Frame 78 (t = 0.78):	 total squared error = 0.000650511, marker error: RMS = 0.00490846, max = 0.00981161 (R_Shoulder)
[2026-07-19 17:07:16.325] [info] Frame 79 (t = 0.79):	 total squared error = 0.000648172, marker error: RMS = 0.00489963, max = 0.00974212 (R_Shoulder)
[2026-07-19 17:07:16.333] [info] Frame 80 (t = 0.8):	 total squared error = 0.000656655, marker error: RMS = 0.00493159, max = 0.00969168 (R_Shoulder)
[2026-07-19 17:07:16.346] [info] Frame 81 (t = 0.81):	 total squared error = 0.000657549, marker error: RMS = 0.00493495, max = 0.00968135 (R_Shoulder)
[2026-07-19 17:07:16.354] [info] Frame 82 (t = 0.82):	 total squared error = 0.000669685, marker error: RMS = 0.00498028, max = 0.00965505 (R_Shoulder)
[2026-07-19 17:07:16.367] [info] Frame 83 (t = 0.83):	 total squared error = 0.000668186, marker error: RMS = 0.00497470, max = 0.00996285 (R_Shank_Lateral)
[2026-07-19 17:07:16.375] [info] Frame 84 (t = 0.84):	 total squared error = 0.000675401, marker error: RMS = 0.00500148, max = 0.00995173 (R_Shank_Lateral)
[2026-07-19 17:07:16.392] [info] Frame 85 (t = 0.85):	 total squared error = 0.000675466, marker error: RMS = 0.00500173, max = 0.0104974 (R_Shank_Lateral)
[2026-07-19 17:07:16.406] [info] Frame 86 (t = 0.86):	 total squared error = 0.000677843, marker error: RMS = 0.00501052, max = 0.0107785 (R_Shank_Lateral)
[2026-07-19 17:07:16.415] [info] Frame 87 (t = 0.87):	 total squared error = 0.000683929, marker error: RMS = 0.00503296, max = 0.0108338 (R_Shank_Lateral)
[2026-07-19 17:07:16.423] [info] Frame 88 (t = 0.88):	 total squared error = 0.000691633, marker error: RMS = 0.00506123, max = 0.0110432 (R_Shank_Lateral)
[2026-07-19 17:07:16.431] [info] Frame 89 (t = 0.89):	 total squared error = 0.000700347, marker error: RMS = 0.00509301, max = 0.0112687 (R_Shank_Lateral)
[2026-07-19 17:07:16.446] [info] Frame 90 (t = 0.9):	 total squared error = 0.000697335, marker error: RMS = 0.00508205, max = 0.0120949 (R_Shank_Lateral)
[2026-07-19 17:07:16.455] [info] Frame 91 (t = 0.91):	 total squared error = 0.000707932, marker error: RMS = 0.00512052, max = 0.0122615 (R_Shank_Lateral)
[2026-07-19 17:07:16.467] [info] Frame 92 (t = 0.92):	 total squared error = 0.000719273, marker error: RMS = 0.00516137, max = 0.0124175 (R_Shank_Lateral)
[2026-07-19 17:07:16.480] [info] Frame 93 (t = 0.93):	 total squared error = 0.000721319, marker error: RMS = 0.00516871, max = 0.0129149 (R_Shank_Lateral)
[2026-07-19 17:07:16.488] [info] Frame 94 (t = 0.94):	 total squared error = 0.000730415, marker error: RMS = 0.00520119, max = 0.0130061 (R_Shank_Lateral)
[2026-07-19 17:07:16.503] [info] Frame 95 (t = 0.95):	 total squared error = 0.000729483, marker error: RMS = 0.00519787, max = 0.0134658 (R_Shank_Lateral)
[2026-07-19 17:07:16.513] [info] Frame 96 (t = 0.96):	 total squared error = 0.000733323, marker error: RMS = 0.00521154, max = 0.0134785 (R_Shank_Lateral)
[2026-07-19 17:07:16.521] [info] Frame 97 (t = 0.97):	 total squared error = 0.000745542, marker error: RMS = 0.00525477, max = 0.0135014 (R_Shank_Lateral)
[2026-07-19 17:07:16.538] [info] Frame 98 (t = 0.98):	 total squared error = 0.000733240, marker error: RMS = 0.00521124, max = 0.013597 (R_Shank_Lateral)
[2026-07-19 17:07:16.555] [info] Frame 99 (t = 0.99):	 total squared error = 0.000734483, marker error: RMS = 0.00521566, max = 0.0137349 (R_Shank_Lateral)
[2026-07-19 17:07:16.569] [info] Frame 100 (t = 1.0):	 total squared error = 0.000739758, marker error: RMS = 0.00523435, max = 0.0136334 (R_Shank_Lateral)
[2026-07-19 17:07:16.587] [info] Frame 101 (t = 1.01):	 total squared error = 0.000746653, marker error: RMS = 0.00525869, max = 0.0137107 (R_Shank_Lateral)
[2026-07-19 17:07:16.610] [info] Frame 102 (t = 1.02):	 total squared error = 0.000757092, marker error: RMS = 0.00529532, max = 0.0136929 (R_Shank_Lateral)
[2026-07-19 17:07:16.631] [info] Frame 103 (t = 1.03):	 total squared error = 0.000770078, marker error: RMS = 0.00534054, max = 0.0137094 (R_Shank_Lateral)
[2026-07-19 17:07:16.644] [info] Frame 104 (t = 1.04):	 total squared error = 0.000788044, marker error: RMS = 0.00540248, max = 0.0135692 (R_Shank_Lateral)
[2026-07-19 17:07:16.667] [info] Frame 105 (t = 1.05):	 total squared error = 0.000799090, marker error: RMS = 0.00544021, max = 0.01389 (R_Shank_Lateral)
[2026-07-19 17:07:16.688] [info] Frame 106 (t = 1.06):	 total squared error = 0.000813963, marker error: RMS = 0.00549061, max = 0.0138489 (R_Shank_Lateral)
[2026-07-19 17:07:16.704] [info] Frame 107 (t = 1.07):	 total squared error = 0.000827323, marker error: RMS = 0.00553549, max = 0.0139249 (R_Shank_Lateral)
[2026-07-19 17:07:16.717] [info] Frame 108 (t = 1.08):	 total squared error = 0.000841407, marker error: RMS = 0.00558240, max = 0.013898 (R_Shank_Lateral)
[2026-07-19 17:07:16.731] [info] Frame 109 (t = 1.09):	 total squared error = 0.000853049, marker error: RMS = 0.00562089, max = 0.0140040 (R_Shank_Lateral)
[2026-07-19 17:07:16.746] [info] Frame 110 (t = 1.1):	 total squared error = 0.000864263, marker error: RMS = 0.00565772, max = 0.0140675 (R_Shank_Lateral)
[2026-07-19 17:07:16.763] [info] Frame 111 (t = 1.11):	 total squared error = 0.000874465, marker error: RMS = 0.00569101, max = 0.0142025 (R_Shank_Lateral)
[2026-07-19 17:07:16.775] [info] Frame 112 (t = 1.12):	 total squared error = 0.000889105, marker error: RMS = 0.00573845, max = 0.0140127 (R_Shank_Lateral)
[2026-07-19 17:07:16.792] [info] Frame 113 (t = 1.13):	 total squared error = 0.000898031, marker error: RMS = 0.00576718, max = 0.0143647 (R_Shank_Lateral)
[2026-07-19 17:07:16.806] [info] Frame 114 (t = 1.14):	 total squared error = 0.000910929, marker error: RMS = 0.00580845, max = 0.0142298 (R_Shank_Lateral)
[2026-07-19 17:07:16.817] [info] Frame 115 (t = 1.15):	 total squared error = 0.000925322, marker error: RMS = 0.00585416, max = 0.0140576 (R_Shank_Lateral)
[2026-07-19 17:07:16.837] [info] Frame 116 (t = 1.16):	 total squared error = 0.000930402, marker error: RMS = 0.00587021, max = 0.0141914 (R_Shank_Lateral)
[2026-07-19 17:07:16.861] [info] Frame 117 (t = 1.17):	 total squared error = 0.000936091, marker error: RMS = 0.00588813, max = 0.0140163 (R_Shank_Lateral)
[2026-07-19 17:07:16.877] [info] Frame 118 (t = 1.18):	 total squared error = 0.000944471, marker error: RMS = 0.00591442, max = 0.0138548 (R_Shank_Lateral)
[2026-07-19 17:07:16.894] [info] Frame 119 (t = 1.19):	 total squared error = 0.000951618, marker error: RMS = 0.00593676, max = 0.0136471 (R_Shank_Lateral)
[2026-07-19 17:07:16.905] [info] Frame 120 (t = 1.2):	 total squared error = 0.000963093, marker error: RMS = 0.00597245, max = 0.0132466 (R_Shank_Lateral)
[2026-07-19 17:07:16.917] [info] Frame 121 (t = 1.21):	 total squared error = 0.000973968, marker error: RMS = 0.00600607, max = 0.0130684 (R_Shank_Lateral)
[2026-07-19 17:07:16.935] [info] Frame 122 (t = 1.22):	 total squared error = 0.000974348, marker error: RMS = 0.00600724, max = 0.0129664 (R_Shank_Lateral)
[2026-07-19 17:07:16.946] [info] Frame 123 (t = 1.23):	 total squared error = 0.000985502, marker error: RMS = 0.00604153, max = 0.012624 (R_Shank_Lateral)
[2026-07-19 17:07:16.962] [info] Frame 124 (t = 1.24):	 total squared error = 0.000990244, marker error: RMS = 0.00605605, max = 0.0126145 (R_Shank_Lateral)
[2026-07-19 17:07:16.971] [info] Frame 125 (t = 1.25):	 total squared error = 0.00100063, marker error: RMS = 0.00608772, max = 0.0123797 (R_Shank_Lateral)
[2026-07-19 17:07:16.993] [info] Frame 126 (t = 1.26):	 total squared error = 0.00100228, marker error: RMS = 0.00609273, max = 0.0120785 (R_Shank_Lateral)
[2026-07-19 17:07:17.002] [info] Frame 127 (t = 1.27):	 total squared error = 0.00101060, marker error: RMS = 0.00611799, max = 0.0119329 (R_Shank_Lateral)
[2026-07-19 17:07:17.015] [info] Frame 128 (t = 1.28):	 total squared error = 0.00101478, marker error: RMS = 0.00613061, max = 0.0118625 (R_Shank_Lateral)
[2026-07-19 17:07:17.032] [info] Frame 129 (t = 1.29):	 total squared error = 0.00102300, marker error: RMS = 0.00615540, max = 0.0117045 (R_Shank_Lateral)
[2026-07-19 17:07:17.045] [info] Frame 130 (t = 1.3):	 total squared error = 0.00103474, marker error: RMS = 0.00619061, max = 0.0116124 (R_Shank_Lateral)
[2026-07-19 17:07:17.062] [info] Frame 131 (t = 1.31):	 total squared error = 0.00104775, marker error: RMS = 0.00622941, max = 0.0117821 (C7)
[2026-07-19 17:07:17.068] [info] Frame 132 (t = 1.32):	 total squared error = 0.00107153, marker error: RMS = 0.00629969, max = 0.012173 (C7)
[2026-07-19 17:07:17.083] [info] Frame 133 (t = 1.33):	 total squared error = 0.00108308, marker error: RMS = 0.00633357, max = 0.0127252 (C7)
[2026-07-19 17:07:17.093] [info] Frame 134 (t = 1.34):	 total squared error = 0.00110692, marker error: RMS = 0.00640289, max = 0.0131647 (C7)
[2026-07-19 17:07:17.109] [info] Frame 135 (t = 1.35):	 total squared error = 0.00111988, marker error: RMS = 0.00644026, max = 0.0135576 (C7)
[2026-07-19 17:07:17.118] [info] Frame 136 (t = 1.36):	 total squared error = 0.00114234, marker error: RMS = 0.00650454, max = 0.0139718 (C7)
[2026-07-19 17:07:17.132] [info] Frame 137 (t = 1.37):	 total squared error = 0.00115663, marker error: RMS = 0.00654509, max = 0.0142891 (C7)
[2026-07-19 17:07:17.141] [info] Frame 138 (t = 1.38):	 total squared error = 0.00117912, marker error: RMS = 0.00660843, max = 0.014591 (C7)
[2026-07-19 17:07:17.158] [info] Frame 139 (t = 1.39):	 total squared error = 0.00118468, marker error: RMS = 0.00662397, max = 0.0147267 (C7)
[2026-07-19 17:07:17.167] [info] Frame 140 (t = 1.4):	 total squared error = 0.00120411, marker error: RMS = 0.00667808, max = 0.0150330 (C7)
[2026-07-19 17:07:17.186] [info] Frame 141 (t = 1.41):	 total squared error = 0.00121110, marker error: RMS = 0.00669744, max = 0.0150814 (C7)
[2026-07-19 17:07:17.196] [info] Frame 142 (t = 1.42):	 total squared error = 0.00122982, marker error: RMS = 0.00674899, max = 0.0153379 (C7)
[2026-07-19 17:07:17.212] [info] Frame 143 (t = 1.43):	 total squared error = 0.00123730, marker error: RMS = 0.00676949, max = 0.0153723 (C7)
[2026-07-19 17:07:17.227] [info] Frame 144 (t = 1.44):	 total squared error = 0.00124975, marker error: RMS = 0.00680347, max = 0.0155167 (C7)
[2026-07-19 17:07:17.237] [info] Frame 145 (t = 1.45):	 total squared error = 0.00126724, marker error: RMS = 0.00685091, max = 0.0156831 (C7)
[2026-07-19 17:07:17.257] [info] Frame 146 (t = 1.46):	 total squared error = 0.00126691, marker error: RMS = 0.00685000, max = 0.015684 (C7)
[2026-07-19 17:07:17.267] [info] Frame 147 (t = 1.47):	 total squared error = 0.00127527, marker error: RMS = 0.00687257, max = 0.0158208 (C7)
[2026-07-19 17:07:17.284] [info] Frame 148 (t = 1.48):	 total squared error = 0.00126581, marker error: RMS = 0.00684704, max = 0.0157846 (C7)
[2026-07-19 17:07:17.304] [info] Frame 149 (t = 1.49):	 total squared error = 0.00125153, marker error: RMS = 0.00680830, max = 0.0158608 (C7)
[2026-07-19 17:07:17.319] [info] Frame 150 (t = 1.5):	 total squared error = 0.00123397, marker error: RMS = 0.00676037, max = 0.015816 (C7)
[2026-07-19 17:07:17.329] [info] Frame 151 (t = 1.51):	 total squared error = 0.00121248, marker error: RMS = 0.00670124, max = 0.0159178 (C7)
[2026-07-19 17:07:17.352] [info] Frame 152 (t = 1.52):	 total squared error = 0.00117969, marker error: RMS = 0.00661001, max = 0.0157588 (C7)
[2026-07-19 17:07:17.363] [info] Frame 153 (t = 1.53):	 total squared error = 0.00115475, marker error: RMS = 0.00653977, max = 0.0157083 (C7)
[2026-07-19 17:07:17.382] [info] Frame 154 (t = 1.54):	 total squared error = 0.00112351, marker error: RMS = 0.00645070, max = 0.0155139 (C7)
[2026-07-19 17:07:17.397] [info] Frame 155 (t = 1.55):	 total squared error = 0.00109970, marker error: RMS = 0.00638196, max = 0.0153365 (C7)
[2026-07-19 17:07:17.417] [info] Frame 156 (t = 1.56):	 total squared error = 0.00107416, marker error: RMS = 0.00630742, max = 0.0151286 (C7)
[2026-07-19 17:07:17.433] [info] Frame 157 (t = 1.57):	 total squared error = 0.00105378, marker error: RMS = 0.00624730, max = 0.0148409 (C7)
[2026-07-19 17:07:17.444] [info] Frame 158 (t = 1.58):	 total squared error = 0.00104037, marker error: RMS = 0.00620743, max = 0.0146401 (C7)
[2026-07-19 17:07:17.460] [info] Frame 159 (t = 1.59):	 total squared error = 0.00102412, marker error: RMS = 0.00615877, max = 0.014291 (C7)
[2026-07-19 17:07:17.475] [info] Frame 160 (t = 1.6):	 total squared error = 0.00101221, marker error: RMS = 0.00612284, max = 0.0140266 (C7)
[2026-07-19 17:07:17.498] [info] Frame 161 (t = 1.61):	 total squared error = 0.00100253, marker error: RMS = 0.00609349, max = 0.0137893 (C7)
[2026-07-19 17:07:17.510] [info] Frame 162 (t = 1.62):	 total squared error = 0.000999315, marker error: RMS = 0.00608372, max = 0.0135407 (C7)
[2026-07-19 17:07:17.520] [info] Frame 163 (t = 1.63):	 total squared error = 0.000997122, marker error: RMS = 0.00607704, max = 0.0132451 (C7)
[2026-07-19 17:07:17.532] [info] Frame 164 (t = 1.64):	 total squared error = 0.000989418, marker error: RMS = 0.00605352, max = 0.0129903 (C7)
[2026-07-19 17:07:17.547] [info] Frame 165 (t = 1.65):	 total squared error = 0.000977623, marker error: RMS = 0.00601733, max = 0.0127173 (C7)
[2026-07-19 17:07:17.560] [info] Frame 166 (t = 1.66):	 total squared error = 0.000959448, marker error: RMS = 0.00596113, max = 0.0124682 (C7)
[2026-07-19 17:07:17.572] [info] Frame 167 (t = 1.67):	 total squared error = 0.000945661, marker error: RMS = 0.00591815, max = 0.0123381 (C7)
[2026-07-19 17:07:17.590] [info] Frame 168 (t = 1.68):	 total squared error = 0.000925772, marker error: RMS = 0.00585558, max = 0.012142 (C7)
[2026-07-19 17:07:17.601] [info] Frame 169 (t = 1.69):	 total squared error = 0.000910825, marker error: RMS = 0.00580812, max = 0.0120447 (C7)
[2026-07-19 17:07:17.620] [info] Frame 170 (t = 1.7):	 total squared error = 0.000891984, marker error: RMS = 0.00574773, max = 0.0119161 (L_Shoulder)
[2026-07-19 17:07:17.633] [info] Frame 171 (t = 1.71):	 total squared error = 0.000878467, marker error: RMS = 0.00570402, max = 0.0124635 (L_Shoulder)
[2026-07-19 17:07:17.647] [info] Frame 172 (t = 1.72):	 total squared error = 0.000867648, marker error: RMS = 0.00566878, max = 0.0129163 (L_Shoulder)
[2026-07-19 17:07:17.661] [info] Frame 173 (t = 1.73):	 total squared error = 0.000858534, marker error: RMS = 0.00563893, max = 0.0132304 (L_Shoulder)
[2026-07-19 17:07:17.683] [info] Frame 174 (t = 1.74):	 total squared error = 0.000850552, marker error: RMS = 0.00561266, max = 0.0132629 (L_Shoulder)
[2026-07-19 17:07:17.698] [info] Frame 175 (t = 1.75):	 total squared error = 0.000847407, marker error: RMS = 0.00560227, max = 0.0137839 (L_Shoulder)
[2026-07-19 17:07:17.719] [info] Frame 176 (t = 1.76):	 total squared error = 0.000845451, marker error: RMS = 0.00559580, max = 0.0139144 (L_Shoulder)
[2026-07-19 17:07:17.737] [info] Frame 177 (t = 1.77):	 total squared error = 0.000847864, marker error: RMS = 0.00560378, max = 0.0140735 (L_Shoulder)
[2026-07-19 17:07:17.757] [info] Frame 178 (t = 1.78):	 total squared error = 0.000854444, marker error: RMS = 0.00562548, max = 0.0142032 (L_Shoulder)
[2026-07-19 17:07:17.776] [info] Frame 179 (t = 1.79):	 total squared error = 0.000867955, marker error: RMS = 0.00566979, max = 0.0143209 (L_Shoulder)
[2026-07-19 17:07:17.795] [info] Frame 180 (t = 1.8):	 total squared error = 0.000888063, marker error: RMS = 0.00573509, max = 0.0143319 (L_Shoulder)
[2026-07-19 17:07:17.812] [info] Frame 181 (t = 1.81):	 total squared error = 0.000916328, marker error: RMS = 0.00582564, max = 0.0143063 (L_Shoulder)
[2026-07-19 17:07:17.830] [info] Frame 182 (t = 1.82):	 total squared error = 0.000949898, marker error: RMS = 0.00593139, max = 0.0142076 (R_Shoulder)
[2026-07-19 17:07:17.851] [info] Frame 183 (t = 1.83):	 total squared error = 0.000991735, marker error: RMS = 0.00606060, max = 0.0148031 (R_Shoulder)
[2026-07-19 17:07:17.875] [info] Frame 184 (t = 1.84):	 total squared error = 0.00104345, marker error: RMS = 0.00621660, max = 0.0154772 (R_Shoulder)
[2026-07-19 17:07:17.895] [info] Frame 185 (t = 1.85):	 total squared error = 0.00110314, marker error: RMS = 0.00639194, max = 0.0161333 (R_Shoulder)
[2026-07-19 17:07:17.918] [info] Frame 186 (t = 1.86):	 total squared error = 0.00116747, marker error: RMS = 0.00657569, max = 0.0167344 (R_Shoulder)
[2026-07-19 17:07:17.936] [info] Frame 187 (t = 1.87):	 total squared error = 0.00124548, marker error: RMS = 0.00679182, max = 0.0174126 (R_Shoulder)
[2026-07-19 17:07:17.953] [info] Frame 188 (t = 1.88):	 total squared error = 0.00132522, marker error: RMS = 0.00700586, max = 0.0179103 (R_Shoulder)
[2026-07-19 17:07:17.977] [info] Frame 189 (t = 1.89):	 total squared error = 0.00141832, marker error: RMS = 0.00724777, max = 0.0184535 (R_Shoulder)
[2026-07-19 17:07:18.003] [info] Frame 190 (t = 1.9):	 total squared error = 0.00152460, marker error: RMS = 0.00751443, max = 0.0189176 (R_Shoulder)
[2026-07-19 17:07:18.021] [info] Frame 191 (t = 1.91):	 total squared error = 0.00163945, marker error: RMS = 0.00779233, max = 0.0192903 (R_Shoulder)
[2026-07-19 17:07:18.035] [info] Frame 192 (t = 1.92):	 total squared error = 0.00176186, marker error: RMS = 0.00807800, max = 0.0195917 (R_Shoulder)
[2026-07-19 17:07:18.059] [info] Frame 193 (t = 1.93):	 total squared error = 0.00187244, marker error: RMS = 0.00832763, max = 0.0198586 (R_Shoulder)
[2026-07-19 17:07:18.080] [info] Frame 194 (t = 1.94):	 total squared error = 0.00197015, marker error: RMS = 0.00854217, max = 0.0199916 (R_Shoulder)
[2026-07-19 17:07:18.093] [info] Frame 195 (t = 1.95):	 total squared error = 0.00204855, marker error: RMS = 0.00871047, max = 0.0199533 (R_Shoulder)
[2026-07-19 17:07:18.105] [info] Frame 196 (t = 1.96):	 total squared error = 0.00210212, marker error: RMS = 0.00882361, max = 0.0198521 (R_Shoulder)
[2026-07-19 17:07:18.119] [info] Frame 197 (t = 1.97):	 total squared error = 0.00213206, marker error: RMS = 0.00888624, max = 0.0197336 (R_Shoulder)
[2026-07-19 17:07:18.134] [info] Frame 198 (t = 1.98):	 total squared error = 0.00214077, marker error: RMS = 0.00890436, max = 0.0194935 (R_Shoulder)
[2026-07-19 17:07:18.149] [info] Frame 199 (t = 1.99):	 total squared error = 0.00213477, marker error: RMS = 0.00889188, max = 0.0192457 (R_Shoulder)
[2026-07-19 17:07:18.167] [info] Frame 200 (t = 2.0):	 total squared error = 0.00211620, marker error: RMS = 0.00885312, max = 0.0188046 (R_Shoulder)
[2026-07-19 17:07:18.184] [info] Frame 201 (t = 2.01):	 total squared error = 0.00209002, marker error: RMS = 0.00879818, max = 0.0183535 (R_Shoulder)
[2026-07-19 17:07:18.202] [info] Frame 202 (t = 2.02):	 total squared error = 0.00205510, marker error: RMS = 0.00872437, max = 0.0178352 (R_Shoulder)
[2026-07-19 17:07:18.217] [info] Frame 203 (t = 2.03):	 total squared error = 0.00201001, marker error: RMS = 0.00862815, max = 0.0177060 (Thoracic)
[2026-07-19 17:07:18.247] [info] Frame 204 (t = 2.04):	 total squared error = 0.00194276, marker error: RMS = 0.00848256, max = 0.0186573 (Thoracic)
[2026-07-19 17:07:18.262] [info] Frame 205 (t = 2.05):	 total squared error = 0.00187668, marker error: RMS = 0.00833707, max = 0.0191639 (Thoracic)
[2026-07-19 17:07:18.285] [info] Frame 206 (t = 2.06):	 total squared error = 0.00178666, marker error: RMS = 0.00813465, max = 0.0198164 (Thoracic)
[2026-07-19 17:07:18.303] [info] Frame 207 (t = 2.07):	 total squared error = 0.00170923, marker error: RMS = 0.00795644, max = 0.0199667 (Thoracic)
[2026-07-19 17:07:18.334] [info] Frame 208 (t = 2.08):	 total squared error = 0.00162835, marker error: RMS = 0.00776591, max = 0.0200030 (Thoracic)
[2026-07-19 17:07:18.357] [info] Frame 209 (t = 2.09):	 total squared error = 0.00157128, marker error: RMS = 0.00762860, max = 0.0197333 (Thoracic)
[2026-07-19 17:07:18.387] [info] Frame 210 (t = 2.1):	 total squared error = 0.00152238, marker error: RMS = 0.00750896, max = 0.0194104 (Thoracic)
[2026-07-19 17:07:18.414] [info] Frame 211 (t = 2.11):	 total squared error = 0.00149002, marker error: RMS = 0.00742871, max = 0.0188948 (Thoracic)
[2026-07-19 17:07:18.427] [info] Frame 212 (t = 2.12):	 total squared error = 0.00146898, marker error: RMS = 0.00737609, max = 0.0183151 (Thoracic)
[2026-07-19 17:07:18.445] [info] Frame 213 (t = 2.13):	 total squared error = 0.00144478, marker error: RMS = 0.00731508, max = 0.0178185 (Thoracic)
[2026-07-19 17:07:18.453] [info] Frame 214 (t = 2.14):	 total squared error = 0.00142886, marker error: RMS = 0.00727467, max = 0.0171186 (Thoracic)
[2026-07-19 17:07:18.471] [info] Frame 215 (t = 2.15):	 total squared error = 0.00138124, marker error: RMS = 0.00715242, max = 0.0168994 (Thoracic)
[2026-07-19 17:07:18.482] [info] Frame 216 (t = 2.16):	 total squared error = 0.00134117, marker error: RMS = 0.00704792, max = 0.0164585 (Thoracic)
[2026-07-19 17:07:18.497] [info] Frame 217 (t = 2.17):	 total squared error = 0.00129112, marker error: RMS = 0.00691514, max = 0.0162118 (Thoracic)
[2026-07-19 17:07:18.517] [info] Frame 218 (t = 2.18):	 total squared error = 0.00123840, marker error: RMS = 0.00677249, max = 0.0159348 (Thoracic)
[2026-07-19 17:07:18.536] [info] Frame 219 (t = 2.19):	 total squared error = 0.00118551, marker error: RMS = 0.00662629, max = 0.0157573 (Thoracic)
[2026-07-19 17:07:18.555] [info] Frame 220 (t = 2.2):	 total squared error = 0.00113496, marker error: RMS = 0.00648348, max = 0.0156288 (Thoracic)
[2026-07-19 17:07:18.575] [info] Frame 221 (t = 2.21):	 total squared error = 0.00108798, marker error: RMS = 0.00634789, max = 0.0155777 (Thoracic)
[2026-07-19 17:07:18.592] [info] Frame 222 (t = 2.22):	 total squared error = 0.00104567, marker error: RMS = 0.00622324, max = 0.0155644 (Thoracic)
[2026-07-19 17:07:18.610] [info] Frame 223 (t = 2.23):	 total squared error = 0.00100877, marker error: RMS = 0.00611243, max = 0.0156353 (Thoracic)
[2026-07-19 17:07:18.629] [info] Frame 224 (t = 2.24):	 total squared error = 0.000977563, marker error: RMS = 0.00601715, max = 0.0157324 (Thoracic)
[2026-07-19 17:07:18.643] [info] Frame 225 (t = 2.25):	 total squared error = 0.000953222, marker error: RMS = 0.00594176, max = 0.0158445 (Thoracic)
[2026-07-19 17:07:18.661] [info] Frame 226 (t = 2.26):	 total squared error = 0.000934268, marker error: RMS = 0.00588239, max = 0.0159827 (Thoracic)
[2026-07-19 17:07:18.677] [info] Frame 227 (t = 2.27):	 total squared error = 0.000922651, marker error: RMS = 0.00584571, max = 0.0161086 (Thoracic)
[2026-07-19 17:07:18.694] [info] Frame 228 (t = 2.28):	 total squared error = 0.000916810, marker error: RMS = 0.00582717, max = 0.0161668 (Thoracic)
[2026-07-19 17:07:18.712] [info] Frame 229 (t = 2.29):	 total squared error = 0.000915711, marker error: RMS = 0.00582368, max = 0.0161784 (Thoracic)
[2026-07-19 17:07:18.729] [info] Frame 230 (t = 2.3):	 total squared error = 0.000918278, marker error: RMS = 0.00583183, max = 0.0160962 (Thoracic)
[2026-07-19 17:07:18.749] [info] Frame 231 (t = 2.31):	 total squared error = 0.000922303, marker error: RMS = 0.00584460, max = 0.0159212 (Thoracic)
[2026-07-19 17:07:18.761] [info] Frame 232 (t = 2.32):	 total squared error = 0.000932975, marker error: RMS = 0.00587832, max = 0.0156912 (Thoracic)
[2026-07-19 17:07:18.781] [info] Frame 233 (t = 2.33):	 total squared error = 0.000930718, marker error: RMS = 0.00587120, max = 0.0153896 (Thoracic)
[2026-07-19 17:07:18.790] [info] Frame 234 (t = 2.34):	 total squared error = 0.000937376, marker error: RMS = 0.00589217, max = 0.0149992 (Thoracic)
[2026-07-19 17:07:18.808] [info] Frame 235 (t = 2.35):	 total squared error = 0.000931273, marker error: RMS = 0.00587295, max = 0.0144944 (Thoracic)
[2026-07-19 17:07:18.817] [info] Frame 236 (t = 2.36):	 total squared error = 0.000930138, marker error: RMS = 0.00586938, max = 0.0139569 (Thoracic)
[2026-07-19 17:07:18.837] [info] Frame 237 (t = 2.37):	 total squared error = 0.000917799, marker error: RMS = 0.00583031, max = 0.0134541 (Thoracic)
[2026-07-19 17:07:18.845] [info] Frame 238 (t = 2.38):	 total squared error = 0.000911517, marker error: RMS = 0.00581032, max = 0.0128771 (Thoracic)
[2026-07-19 17:07:18.864] [info] Frame 239 (t = 2.39):	 total squared error = 0.000897899, marker error: RMS = 0.00576676, max = 0.0122716 (Thoracic)
[2026-07-19 17:07:18.874] [info] Frame 240 (t = 2.4):	 total squared error = 0.000892031, marker error: RMS = 0.00574788, max = 0.0116853 (Thoracic)
[2026-07-19 17:07:18.888] [info] Frame 241 (t = 2.41):	 total squared error = 0.000883598, marker error: RMS = 0.00572065, max = 0.0110960 (Thoracic)
[2026-07-19 17:07:18.896] [info] Frame 242 (t = 2.42):	 total squared error = 0.000885428, marker error: RMS = 0.00572657, max = 0.0105901 (Thoracic)
[2026-07-19 17:07:18.913] [info] Frame 243 (t = 2.43):	 total squared error = 0.000882429, marker error: RMS = 0.00571686, max = 0.0104688 (R_Shoulder)
[2026-07-19 17:07:18.922] [info] Frame 244 (t = 2.44):	 total squared error = 0.000890957, marker error: RMS = 0.00574442, max = 0.0106173 (R_Knee_Lateral)
[2026-07-19 17:07:18.936] [info] Frame 245 (t = 2.45):	 total squared error = 0.000898116, marker error: RMS = 0.00576746, max = 0.0107575 (R_Shoulder)
[2026-07-19 17:07:18.943] [info] Frame 246 (t = 2.46):	 total squared error = 0.000913155, marker error: RMS = 0.00581554, max = 0.0108709 (R_Shoulder)
[2026-07-19 17:07:18.959] [info] Frame 247 (t = 2.47):	 total squared error = 0.000923703, marker error: RMS = 0.00584904, max = 0.0111231 (R_Shoulder)
[2026-07-19 17:07:18.968] [info] Frame 248 (t = 2.48):	 total squared error = 0.000938331, marker error: RMS = 0.00589517, max = 0.0111876 (R_Shoulder)
[2026-07-19 17:07:18.981] [info] Frame 249 (t = 2.49):	 total squared error = 0.000946448, marker error: RMS = 0.00592061, max = 0.0114741 (R_Shoulder)
[2026-07-19 17:07:18.989] [info] Frame 250 (t = 2.5):	 total squared error = 0.000954847, marker error: RMS = 0.00594682, max = 0.011411 (R_Shoulder)
[2026-07-19 17:07:18.995] [info] Frame 251 (t = 2.51):	 total squared error = 0.000962023, marker error: RMS = 0.00596913, max = 0.0114809 (R_Shoulder)
[2026-07-19 17:07:19.005] [info] Frame 252 (t = 2.52):	 total squared error = 0.000954815, marker error: RMS = 0.00594672, max = 0.0119433 (R_Shoulder)
[2026-07-19 17:07:19.021] [info] Frame 253 (t = 2.53):	 total squared error = 0.000942725, marker error: RMS = 0.00590895, max = 0.0120745 (R_Shoulder)
[2026-07-19 17:07:19.030] [info] Frame 254 (t = 2.54):	 total squared error = 0.000943953, marker error: RMS = 0.00591280, max = 0.0121264 (R_Shoulder)
[2026-07-19 17:07:19.047] [info] Frame 255 (t = 2.55):	 total squared error = 0.000934576, marker error: RMS = 0.00588336, max = 0.0124917 (R_Shoulder)
[2026-07-19 17:07:19.067] [info] Frame 256 (t = 2.56):	 total squared error = 0.000935953, marker error: RMS = 0.00588769, max = 0.012883 (R_Shoulder)
[2026-07-19 17:07:19.095] [info] Frame 257 (t = 2.57):	 total squared error = 0.000945776, marker error: RMS = 0.00591851, max = 0.0132892 (R_Shoulder)
[2026-07-19 17:07:19.106] [info] Frame 258 (t = 2.58):	 total squared error = 0.000974093, marker error: RMS = 0.00600646, max = 0.0134517 (R_Shoulder)
[2026-07-19 17:07:19.123] [info] Frame 259 (t = 2.59):	 total squared error = 0.000985066, marker error: RMS = 0.00604019, max = 0.0137737 (R_Shoulder)
[2026-07-19 17:07:19.144] [info] Frame 260 (t = 2.6):	 total squared error = 0.00100748, marker error: RMS = 0.00610854, max = 0.0141608 (R_Shoulder)
[2026-07-19 17:07:19.166] [info] Frame 261 (t = 2.61):	 total squared error = 0.00103361, marker error: RMS = 0.00618722, max = 0.0145082 (R_Shoulder)
[2026-07-19 17:07:19.196] [info] Frame 262 (t = 2.62):	 total squared error = 0.00105985, marker error: RMS = 0.00626529, max = 0.0148608 (R_Shoulder)
[2026-07-19 17:07:19.211] [info] Frame 263 (t = 2.63):	 total squared error = 0.00108668, marker error: RMS = 0.00634407, max = 0.0150513 (R_Shoulder)
[2026-07-19 17:07:19.228] [info] Frame 264 (t = 2.64):	 total squared error = 0.00110595, marker error: RMS = 0.00640008, max = 0.0150421 (R_Shoulder)
[2026-07-19 17:07:19.238] [info] Frame 265 (t = 2.65):	 total squared error = 0.00112934, marker error: RMS = 0.00646740, max = 0.0151338 (R_Shoulder)
[2026-07-19 17:07:19.256] [info] Frame 266 (t = 2.66):	 total squared error = 0.00113215, marker error: RMS = 0.00647544, max = 0.0150233 (R_Shoulder)
[2026-07-19 17:07:19.269] [info] Frame 267 (t = 2.67):	 total squared error = 0.00113703, marker error: RMS = 0.00648938, max = 0.0151187 (R_Shoulder)
[2026-07-19 17:07:19.285] [info] Frame 268 (t = 2.68):	 total squared error = 0.00113042, marker error: RMS = 0.00647050, max = 0.0148684 (R_Shoulder)
[2026-07-19 17:07:19.294] [info] Frame 269 (t = 2.69):	 total squared error = 0.00112330, marker error: RMS = 0.00645008, max = 0.0145024 (R_Shoulder)
[2026-07-19 17:07:19.309] [info] Frame 270 (t = 2.7):	 total squared error = 0.00110120, marker error: RMS = 0.00638633, max = 0.0144152 (R_Shoulder)
[2026-07-19 17:07:19.319] [info] Frame 271 (t = 2.71):	 total squared error = 0.00108592, marker error: RMS = 0.00634187, max = 0.0139010 (R_Shoulder)
[2026-07-19 17:07:19.337] [info] Frame 272 (t = 2.72):	 total squared error = 0.00105820, marker error: RMS = 0.00626040, max = 0.0138938 (R_Shoulder)
[2026-07-19 17:07:19.356] [info] Frame 273 (t = 2.73):	 total squared error = 0.00103595, marker error: RMS = 0.00619425, max = 0.0135844 (R_Shoulder)
[2026-07-19 17:07:19.375] [info] Frame 274 (t = 2.74):	 total squared error = 0.00101497, marker error: RMS = 0.00613119, max = 0.0132118 (R_Shoulder)
[2026-07-19 17:07:19.387] [info] Frame 275 (t = 2.75):	 total squared error = 0.000998950, marker error: RMS = 0.00608261, max = 0.0128102 (R_Shoulder)
[2026-07-19 17:07:19.411] [info] Frame 276 (t = 2.76):	 total squared error = 0.000973072, marker error: RMS = 0.00600331, max = 0.0126162 (R_Shoulder)
[2026-07-19 17:07:19.431] [info] Frame 277 (t = 2.77):	 total squared error = 0.000955264, marker error: RMS = 0.00594812, max = 0.0122929 (R_Shoulder)
[2026-07-19 17:07:19.442] [info] Frame 278 (t = 2.78):	 total squared error = 0.000946158, marker error: RMS = 0.00591970, max = 0.0118917 (R_Shoulder)
[2026-07-19 17:07:19.460] [info] Frame 279 (t = 2.79):	 total squared error = 0.000937633, marker error: RMS = 0.00589298, max = 0.0117269 (R_Shoulder)
[2026-07-19 17:07:19.470] [info] Frame 280 (t = 2.8):	 total squared error = 0.000948234, marker error: RMS = 0.00592619, max = 0.0113772 (R_Shoulder)
[2026-07-19 17:07:19.492] [info] Frame 281 (t = 2.81):	 total squared error = 0.000961202, marker error: RMS = 0.00596658, max = 0.0112166 (R_Shoulder)
[2026-07-19 17:07:19.504] [info] Frame 282 (t = 2.82):	 total squared error = 0.000993165, marker error: RMS = 0.00606497, max = 0.0109743 (R_Shoulder)
[2026-07-19 17:07:19.515] [info] Frame 283 (t = 2.83):	 total squared error = 0.00103308, marker error: RMS = 0.00618565, max = 0.0107671 (R_Shoulder)
[2026-07-19 17:07:19.524] [info] Frame 284 (t = 2.84):	 total squared error = 0.00107525, marker error: RMS = 0.00631063, max = 0.0106733 (R_Shoulder)
[2026-07-19 17:07:19.533] [info] Frame 285 (t = 2.85):	 total squared error = 0.00111393, marker error: RMS = 0.00642314, max = 0.0106163 (R_Shoulder)
[2026-07-19 17:07:19.550] [info] Frame 286 (t = 2.86):	 total squared error = 0.00112895, marker error: RMS = 0.00646630, max = 0.0110525 (L_Knee_Lateral)
[2026-07-19 17:07:19.567] [info] Frame 287 (t = 2.87):	 total squared error = 0.00114399, marker error: RMS = 0.00650924, max = 0.0112685 (L_Knee_Lateral)
[2026-07-19 17:07:19.577] [info] Frame 288 (t = 2.88):	 total squared error = 0.00115449, marker error: RMS = 0.00653903, max = 0.0117294 (L_Knee_Lateral)
[2026-07-19 17:07:19.588] [info] Frame 289 (t = 2.89):	 total squared error = 0.00116180, marker error: RMS = 0.00655971, max = 0.0120733 (L_Knee_Lateral)
[2026-07-19 17:07:19.606] [info] Frame 290 (t = 2.9):	 total squared error = 0.00114910, marker error: RMS = 0.00652374, max = 0.0117499 (L_Knee_Lateral)
[2026-07-19 17:07:19.622] [info] Frame 291 (t = 2.91):	 total squared error = 0.00114387, marker error: RMS = 0.00650889, max = 0.0119526 (L_Knee_Lateral)
[2026-07-19 17:07:19.633] [info] Frame 292 (t = 2.92):	 total squared error = 0.00114625, marker error: RMS = 0.00651566, max = 0.0122995 (L_Knee_Lateral)
[2026-07-19 17:07:19.650] [info] Frame 293 (t = 2.93):	 total squared error = 0.00114492, marker error: RMS = 0.00651187, max = 0.0120611 (L_Knee_Lateral)
[2026-07-19 17:07:19.659] [info] Frame 294 (t = 2.94):	 total squared error = 0.00116009, marker error: RMS = 0.00655486, max = 0.0125342 (L_Knee_Lateral)
[2026-07-19 17:07:19.675] [info] Frame 295 (t = 2.95):	 total squared error = 0.00117019, marker error: RMS = 0.00658334, max = 0.0124266 (L_Knee_Lateral)
[2026-07-19 17:07:19.683] [info] Frame 296 (t = 2.96):	 total squared error = 0.00119899, marker error: RMS = 0.00666385, max = 0.0128944 (L_Knee_Lateral)
[2026-07-19 17:07:19.697] [info] Frame 297 (t = 2.97):	 total squared error = 0.00122205, marker error: RMS = 0.00672765, max = 0.0129243 (L_Knee_Lateral)
[2026-07-19 17:07:19.707] [info] Frame 298 (t = 2.98):	 total squared error = 0.00126491, marker error: RMS = 0.00684461, max = 0.0132859 (L_Knee_Lateral)
[2026-07-19 17:07:19.727] [info] Frame 299 (t = 2.99):	 total squared error = 0.00129511, marker error: RMS = 0.00692581, max = 0.0133989 (L_Knee_Lateral)
[2026-07-19 17:07:19.751] [info] Frame 300 (t = 3.0):	 total squared error = 0.00133696, marker error: RMS = 0.00703685, max = 0.0135475 (L_Knee_Lateral)
[2026-07-19 17:07:19.764] [info] Frame 301 (t = 3.01):	 total squared error = 0.00138095, marker error: RMS = 0.00715165, max = 0.013799 (Thoracic)
[2026-07-19 17:07:19.773] [info] Frame 302 (t = 3.02):	 total squared error = 0.00142840, marker error: RMS = 0.00727348, max = 0.014925 (Thoracic)
[2026-07-19 17:07:19.791] [info] Frame 303 (t = 3.03):	 total squared error = 0.00144437, marker error: RMS = 0.00731403, max = 0.0159070 (Thoracic)
[2026-07-19 17:07:19.804] [info] Frame 304 (t = 3.04):	 total squared error = 0.00146058, marker error: RMS = 0.00735497, max = 0.0165605 (Thoracic)
[2026-07-19 17:07:19.828] [info] Frame 305 (t = 3.05):	 total squared error = 0.00145808, marker error: RMS = 0.00734867, max = 0.0169788 (Thoracic)
[2026-07-19 17:07:19.844] [info] Frame 306 (t = 3.06):	 total squared error = 0.00144468, marker error: RMS = 0.00731483, max = 0.0170860 (Thoracic)
[2026-07-19 17:07:19.857] [info] Frame 307 (t = 3.07):	 total squared error = 0.00142238, marker error: RMS = 0.00725815, max = 0.0169121 (Thoracic)
[2026-07-19 17:07:19.869] [info] Frame 308 (t = 3.08):	 total squared error = 0.00139436, marker error: RMS = 0.00718630, max = 0.0165571 (Thoracic)
[2026-07-19 17:07:19.886] [info] Frame 309 (t = 3.09):	 total squared error = 0.00135496, marker error: RMS = 0.00708404, max = 0.0160611 (Thoracic)
[2026-07-19 17:07:19.899] [info] Frame 310 (t = 3.1):	 total squared error = 0.00132104, marker error: RMS = 0.00699482, max = 0.0154341 (Thoracic)
[2026-07-19 17:07:19.912] [info] Frame 311 (t = 3.11):	 total squared error = 0.00128628, marker error: RMS = 0.00690217, max = 0.0147367 (Thoracic)
[2026-07-19 17:07:19.925] [info] Frame 312 (t = 3.12):	 total squared error = 0.00125249, marker error: RMS = 0.00681090, max = 0.0140086 (Thoracic)
[2026-07-19 17:07:19.940] [info] Frame 313 (t = 3.13):	 total squared error = 0.00121696, marker error: RMS = 0.00671361, max = 0.0132889 (Thoracic)
[2026-07-19 17:07:19.958] [info] Frame 314 (t = 3.14):	 total squared error = 0.00118662, marker error: RMS = 0.00662939, max = 0.012734 (C7)
[2026-07-19 17:07:19.973] [info] Frame 315 (t = 3.15):	 total squared error = 0.00116294, marker error: RMS = 0.00656291, max = 0.0126591 (C7)
[2026-07-19 17:07:19.996] [info] Frame 316 (t = 3.16):	 total squared error = 0.00113633, marker error: RMS = 0.00648739, max = 0.0125191 (C7)
[2026-07-19 17:07:20.015] [info] Frame 317 (t = 3.17):	 total squared error = 0.00111609, marker error: RMS = 0.00642935, max = 0.0123672 (C7)
[2026-07-19 17:07:20.024] [info] Frame 318 (t = 3.18):	 total squared error = 0.00110407, marker error: RMS = 0.00639465, max = 0.0122615 (C7)
[2026-07-19 17:07:20.043] [info] Frame 319 (t = 3.19):	 total squared error = 0.00108438, marker error: RMS = 0.00633736, max = 0.0120845 (C7)
[2026-07-19 17:07:20.057] [info] Frame 320 (t = 3.2):	 total squared error = 0.00107346, marker error: RMS = 0.00630538, max = 0.0119597 (C7)
[2026-07-19 17:07:20.068] [info] Frame 321 (t = 3.21):	 total squared error = 0.00106798, marker error: RMS = 0.00628927, max = 0.0118538 (C7)
[2026-07-19 17:07:20.081] [info] Frame 322 (t = 3.22):	 total squared error = 0.00105667, marker error: RMS = 0.00625588, max = 0.0115909 (C7)
[2026-07-19 17:07:20.097] [info] Frame 323 (t = 3.23):	 total squared error = 0.00104881, marker error: RMS = 0.00623256, max = 0.0114343 (C7)
[2026-07-19 17:07:20.118] [info] Frame 324 (t = 3.24):	 total squared error = 0.00104123, marker error: RMS = 0.00621000, max = 0.0112873 (C7)
[2026-07-19 17:07:20.126] [info] Frame 325 (t = 3.25):	 total squared error = 0.00104004, marker error: RMS = 0.00620645, max = 0.0112393 (L_Shoulder)
[2026-07-19 17:07:20.142] [info] Frame 326 (t = 3.26):	 total squared error = 0.00102981, marker error: RMS = 0.00617586, max = 0.0113916 (L_Shoulder)
[2026-07-19 17:07:20.155] [info] Frame 327 (t = 3.27):	 total squared error = 0.00102448, marker error: RMS = 0.00615983, max = 0.011671 (L_Shoulder)
[2026-07-19 17:07:20.168] [info] Frame 328 (t = 3.28):	 total squared error = 0.00102048, marker error: RMS = 0.00614782, max = 0.0120250 (L_Shoulder)
[2026-07-19 17:07:20.183] [info] Frame 329 (t = 3.29):	 total squared error = 0.00101763, marker error: RMS = 0.00613921, max = 0.0122919 (L_Shoulder)
[2026-07-19 17:07:20.198] [info] Frame 330 (t = 3.3):	 total squared error = 0.00101825, marker error: RMS = 0.00614110, max = 0.0126805 (L_Shoulder)
[2026-07-19 17:07:20.215] [info] Frame 331 (t = 3.31):	 total squared error = 0.00102208, marker error: RMS = 0.00615262, max = 0.0131264 (L_Shoulder)
[2026-07-19 17:07:20.228] [info] Frame 332 (t = 3.32):	 total squared error = 0.00102914, marker error: RMS = 0.00617383, max = 0.0136311 (L_Shoulder)
[2026-07-19 17:07:20.243] [info] Frame 333 (t = 3.33):	 total squared error = 0.00103499, marker error: RMS = 0.00619136, max = 0.0138244 (L_Shoulder)
[2026-07-19 17:07:20.266] [info] Frame 334 (t = 3.34):	 total squared error = 0.00103770, marker error: RMS = 0.00619947, max = 0.0142636 (L_Shoulder)
[2026-07-19 17:07:20.281] [info] Frame 335 (t = 3.35):	 total squared error = 0.00104602, marker error: RMS = 0.00622426, max = 0.014958 (L_Shoulder)
[2026-07-19 17:07:20.294] [info] Frame 336 (t = 3.36):	 total squared error = 0.00105240, marker error: RMS = 0.00624323, max = 0.0155331 (L_Shoulder)
[2026-07-19 17:07:20.309] [info] Frame 337 (t = 3.37):	 total squared error = 0.00105824, marker error: RMS = 0.00626053, max = 0.0160319 (L_Shoulder)
[2026-07-19 17:07:20.329] [info] Frame 338 (t = 3.38):	 total squared error = 0.00106140, marker error: RMS = 0.00626987, max = 0.0162396 (L_Shoulder)
[2026-07-19 17:07:20.345] [info] Frame 339 (t = 3.39):	 total squared error = 0.00107271, marker error: RMS = 0.00630317, max = 0.0168865 (L_Shoulder)
[2026-07-19 17:07:20.362] [info] Frame 340 (t = 3.4):	 total squared error = 0.00108404, marker error: RMS = 0.00633639, max = 0.0168279 (L_Shoulder)
[2026-07-19 17:07:20.381] [info] Frame 341 (t = 3.41):	 total squared error = 0.00109730, marker error: RMS = 0.00637501, max = 0.0172485 (L_Shoulder)
[2026-07-19 17:07:20.399] [info] Frame 342 (t = 3.42):	 total squared error = 0.00110977, marker error: RMS = 0.00641114, max = 0.0174717 (L_Shoulder)
[2026-07-19 17:07:20.416] [info] Frame 343 (t = 3.43):	 total squared error = 0.00111860, marker error: RMS = 0.00643658, max = 0.0174913 (L_Shoulder)
[2026-07-19 17:07:20.430] [info] Frame 344 (t = 3.44):	 total squared error = 0.00112337, marker error: RMS = 0.00645029, max = 0.0176152 (L_Shoulder)
[2026-07-19 17:07:20.450] [info] Frame 345 (t = 3.45):	 total squared error = 0.00111645, marker error: RMS = 0.00643039, max = 0.0173705 (L_Shoulder)
[2026-07-19 17:07:20.471] [info] Frame 346 (t = 3.46):	 total squared error = 0.00110748, marker error: RMS = 0.00640450, max = 0.0170507 (L_Shoulder)
[2026-07-19 17:07:20.490] [info] Frame 347 (t = 3.47):	 total squared error = 0.00109781, marker error: RMS = 0.00637650, max = 0.0169578 (L_Shoulder)
[2026-07-19 17:07:20.516] [info] Frame 348 (t = 3.48):	 total squared error = 0.00109070, marker error: RMS = 0.00635580, max = 0.016626 (L_Shoulder)
[2026-07-19 17:07:20.535] [info] Frame 349 (t = 3.49):	 total squared error = 0.00109584, marker error: RMS = 0.00637076, max = 0.0164488 (L_Shoulder)
[2026-07-19 17:07:20.554] [info] Frame 350 (t = 3.5):	 total squared error = 0.00111113, marker error: RMS = 0.00641506, max = 0.0161402 (L_Shoulder)
[2026-07-19 17:07:20.570] [info] Frame 351 (t = 3.51):	 total squared error = 0.00115325, marker error: RMS = 0.00653551, max = 0.0161699 (L_Shoulder)
[2026-07-19 17:07:20.590] [info] Frame 352 (t = 3.52):	 total squared error = 0.00121191, marker error: RMS = 0.00669966, max = 0.0158363 (L_Shoulder)
[2026-07-19 17:07:20.616] [info] Frame 353 (t = 3.53):	 total squared error = 0.00129356, marker error: RMS = 0.00692168, max = 0.015618 (L_Shoulder)
[2026-07-19 17:07:20.643] [info] Frame 354 (t = 3.54):	 total squared error = 0.00140872, marker error: RMS = 0.00722322, max = 0.0155271 (L_Shoulder)
[2026-07-19 17:07:20.656] [info] Frame 355 (t = 3.55):	 total squared error = 0.00156495, marker error: RMS = 0.00761321, max = 0.0153586 (L_Shoulder)
[2026-07-19 17:07:20.679] [info] Frame 356 (t = 3.56):	 total squared error = 0.00170284, marker error: RMS = 0.00794154, max = 0.0158692 (R_Shoulder)
[2026-07-19 17:07:20.699] [info] Frame 357 (t = 3.57):	 total squared error = 0.00185662, marker error: RMS = 0.00829239, max = 0.0167619 (R_Shoulder)
[2026-07-19 17:07:20.718] [info] Frame 358 (t = 3.58):	 total squared error = 0.00200142, marker error: RMS = 0.00860967, max = 0.0175276 (R_Shoulder)
[2026-07-19 17:07:20.731] [info] Frame 359 (t = 3.59):	 total squared error = 0.00212637, marker error: RMS = 0.00887437, max = 0.0181905 (R_Shoulder)
[2026-07-19 17:07:20.746] [info] Frame 360 (t = 3.6):	 total squared error = 0.00222363, marker error: RMS = 0.00907505, max = 0.0187319 (R_Shoulder)
[2026-07-19 17:07:20.767] [info] Frame 361 (t = 3.61):	 total squared error = 0.00228909, marker error: RMS = 0.00920766, max = 0.0191455 (R_Shoulder)
[2026-07-19 17:07:20.783] [info] Frame 362 (t = 3.62):	 total squared error = 0.00232710, marker error: RMS = 0.00928380, max = 0.019369 (R_Shoulder)
[2026-07-19 17:07:20.798] [info] Frame 363 (t = 3.63):	 total squared error = 0.00233528, marker error: RMS = 0.00930010, max = 0.019479 (R_Shoulder)
[2026-07-19 17:07:20.814] [info] Frame 364 (t = 3.64):	 total squared error = 0.00232065, marker error: RMS = 0.00927092, max = 0.0193813 (R_Shoulder)
[2026-07-19 17:07:20.828] [info] Frame 365 (t = 3.65):	 total squared error = 0.00228620, marker error: RMS = 0.00920184, max = 0.019185 (R_Shoulder)
[2026-07-19 17:07:20.844] [info] Frame 366 (t = 3.66):	 total squared error = 0.00223457, marker error: RMS = 0.00909736, max = 0.0187964 (R_Shoulder)
[2026-07-19 17:07:20.861] [info] Frame 367 (t = 3.67):	 total squared error = 0.00216874, marker error: RMS = 0.00896235, max = 0.0183721 (R_Shoulder)
[2026-07-19 17:07:20.880] [info] Frame 368 (t = 3.68):	 total squared error = 0.00209143, marker error: RMS = 0.00880115, max = 0.0178454 (R_Shoulder)
[2026-07-19 17:07:20.908] [info] Frame 369 (t = 3.69):	 total squared error = 0.00200421, marker error: RMS = 0.00861568, max = 0.0172347 (R_Shoulder)
[2026-07-19 17:07:20.924] [info] Frame 370 (t = 3.7):	 total squared error = 0.00192155, marker error: RMS = 0.00843615, max = 0.0166088 (R_Shoulder)
[2026-07-19 17:07:20.929] [info] InverseKinematicsTool completed 321 frames in 5 second(s).
[2026-07-19 17:07:20.964] [info] Loaded model TCV36-scaled from file C:\Users\lucia\Desktop\TFG\2_JMP\TVC36\Walk_1\TVC36_1_JMP_results\TVC36_1_NMSM_JMP_02_knee_ankle.osim
[2026-07-19 17:07:21.524] [warning] Coordinate.setValue:  coordinate pro_sup_r is locked. Unable to change its value.
[2026-07-19 17:07:21.556] [warning] Coordinate.setValue:  coordinate pro_sup_l is locked. Unable to change its value.
[2026-07-19 17:08:03.788] [info] Loaded model TCV36-scaled from file C:\Users\lucia\Desktop\TFG\2_JMP\TVC36\Walk_1\TVC36_1_JMP_results\TVC36_1_NMSM_JMP_02_knee_ankle.osim
[2026-07-19 17:08:03.798] [cout] [info] 
               MODEL: TCV36-scaled
         coordinates: 41
              forces: 103
           actuators: 103
             muscles: 86
            analyses: 0
              probes: 0
              bodies: 24
              joints: 24
         constraints: 2
             markers: 27
         controllers: 0
  contact geometries: 0
misc modelcomponents: 0
[2026-07-19 17:08:03.798] [info] Running tool .
[2026-07-19 17:08:03.887] [info] Frame 50 (t = 0.5):	 total squared error = 0.00164280, marker error: RMS = 0.00780028, max = 0.0148835 (L_Shank_Lateral)
[2026-07-19 17:08:03.906] [info] Frame 51 (t = 0.51):	 total squared error = 0.00157914, marker error: RMS = 0.00764766, max = 0.0148386 (L_Shank_Lateral)
[2026-07-19 17:08:03.929] [info] Frame 52 (t = 0.52):	 total squared error = 0.00151200, marker error: RMS = 0.00748332, max = 0.0147905 (L_Shank_Lateral)
[2026-07-19 17:08:03.950] [info] Frame 53 (t = 0.53):	 total squared error = 0.00144801, marker error: RMS = 0.00732324, max = 0.0147226 (L_Shank_Lateral)
[2026-07-19 17:08:03.978] [info] Frame 54 (t = 0.54):	 total squared error = 0.00137678, marker error: RMS = 0.00714085, max = 0.0149697 (L_Shank_Lateral)
[2026-07-19 17:08:03.994] [info] Frame 55 (t = 0.55):	 total squared error = 0.00132997, marker error: RMS = 0.00701842, max = 0.0146545 (L_Shank_Lateral)
[2026-07-19 17:08:04.015] [info] Frame 56 (t = 0.56):	 total squared error = 0.00128302, marker error: RMS = 0.00689343, max = 0.0146327 (L_Shank_Lateral)
[2026-07-19 17:08:04.037] [info] Frame 57 (t = 0.57):	 total squared error = 0.00124064, marker error: RMS = 0.00677861, max = 0.0145811 (L_Shank_Lateral)
[2026-07-19 17:08:04.055] [info] Frame 58 (t = 0.58):	 total squared error = 0.00120724, marker error: RMS = 0.00668674, max = 0.0143040 (L_Shank_Lateral)
[2026-07-19 17:08:04.083] [info] Frame 59 (t = 0.59):	 total squared error = 0.00116437, marker error: RMS = 0.00656696, max = 0.0141709 (L_Shank_Lateral)
[2026-07-19 17:08:04.102] [info] Frame 60 (t = 0.6):	 total squared error = 0.00112477, marker error: RMS = 0.00645431, max = 0.0137915 (L_Shank_Lateral)
[2026-07-19 17:08:04.123] [info] Frame 61 (t = 0.61):	 total squared error = 0.00107882, marker error: RMS = 0.00632110, max = 0.0134017 (L_Shank_Lateral)
[2026-07-19 17:08:04.142] [info] Frame 62 (t = 0.62):	 total squared error = 0.00103166, marker error: RMS = 0.00618141, max = 0.0130516 (L_Shank_Lateral)
[2026-07-19 17:08:04.152] [info] Frame 63 (t = 0.63):	 total squared error = 0.000997100, marker error: RMS = 0.00607697, max = 0.0130404 (L_Shank_Lateral)
[2026-07-19 17:08:04.177] [info] Frame 64 (t = 0.64):	 total squared error = 0.000945740, marker error: RMS = 0.00591840, max = 0.0121766 (L_Shank_Lateral)
[2026-07-19 17:08:04.195] [info] Frame 65 (t = 0.65):	 total squared error = 0.000910373, marker error: RMS = 0.00580668, max = 0.0116796 (L_Shank_Lateral)
[2026-07-19 17:08:04.205] [info] Frame 66 (t = 0.66):	 total squared error = 0.000882774, marker error: RMS = 0.00571798, max = 0.0115238 (L_Shank_Lateral)
[2026-07-19 17:08:04.220] [info] Frame 67 (t = 0.67):	 total squared error = 0.000849738, marker error: RMS = 0.00560997, max = 0.0111574 (R_Shoulder)
[2026-07-19 17:08:04.228] [info] Frame 68 (t = 0.68):	 total squared error = 0.000828857, marker error: RMS = 0.00554062, max = 0.0111434 (R_Shoulder)
[2026-07-19 17:08:04.246] [info] Frame 69 (t = 0.69):	 total squared error = 0.000792821, marker error: RMS = 0.00541883, max = 0.0108786 (R_Shoulder)
[2026-07-19 17:08:04.266] [info] Frame 70 (t = 0.7):	 total squared error = 0.000766237, marker error: RMS = 0.00532721, max = 0.0107174 (R_Shoulder)
[2026-07-19 17:08:04.283] [info] Frame 71 (t = 0.71):	 total squared error = 0.000741476, marker error: RMS = 0.00524043, max = 0.0105925 (R_Shoulder)
[2026-07-19 17:08:04.302] [info] Frame 72 (t = 0.72):	 total squared error = 0.000719637, marker error: RMS = 0.00516268, max = 0.0104737 (R_Shoulder)
[2026-07-19 17:08:04.320] [info] Frame 73 (t = 0.73):	 total squared error = 0.000701045, marker error: RMS = 0.00509555, max = 0.0103705 (R_Shoulder)
[2026-07-19 17:08:04.338] [info] Frame 74 (t = 0.74):	 total squared error = 0.000685483, marker error: RMS = 0.00503868, max = 0.0102289 (R_Shoulder)
[2026-07-19 17:08:04.353] [info] Frame 75 (t = 0.75):	 total squared error = 0.000677279, marker error: RMS = 0.00500843, max = 0.0103623 (R_Shoulder)
[2026-07-19 17:08:04.371] [info] Frame 76 (t = 0.76):	 total squared error = 0.000664011, marker error: RMS = 0.00495913, max = 0.00994815 (R_Shoulder)
[2026-07-19 17:08:04.390] [info] Frame 77 (t = 0.77):	 total squared error = 0.000655022, marker error: RMS = 0.00492545, max = 0.00985095 (R_Shoulder)
[2026-07-19 17:08:04.405] [info] Frame 78 (t = 0.78):	 total squared error = 0.000650511, marker error: RMS = 0.00490846, max = 0.00981161 (R_Shoulder)
[2026-07-19 17:08:04.421] [info] Frame 79 (t = 0.79):	 total squared error = 0.000648172, marker error: RMS = 0.00489963, max = 0.00974212 (R_Shoulder)
[2026-07-19 17:08:04.428] [info] Frame 80 (t = 0.8):	 total squared error = 0.000656655, marker error: RMS = 0.00493159, max = 0.00969168 (R_Shoulder)
[2026-07-19 17:08:04.443] [info] Frame 81 (t = 0.81):	 total squared error = 0.000657549, marker error: RMS = 0.00493495, max = 0.00968135 (R_Shoulder)
[2026-07-19 17:08:04.450] [info] Frame 82 (t = 0.82):	 total squared error = 0.000669685, marker error: RMS = 0.00498028, max = 0.00965505 (R_Shoulder)
[2026-07-19 17:08:04.463] [info] Frame 83 (t = 0.83):	 total squared error = 0.000668186, marker error: RMS = 0.00497470, max = 0.00996285 (R_Shank_Lateral)
[2026-07-19 17:08:04.472] [info] Frame 84 (t = 0.84):	 total squared error = 0.000675401, marker error: RMS = 0.00500148, max = 0.00995173 (R_Shank_Lateral)
[2026-07-19 17:08:04.490] [info] Frame 85 (t = 0.85):	 total squared error = 0.000675466, marker error: RMS = 0.00500173, max = 0.0104974 (R_Shank_Lateral)
[2026-07-19 17:08:04.506] [info] Frame 86 (t = 0.86):	 total squared error = 0.000677843, marker error: RMS = 0.00501052, max = 0.0107785 (R_Shank_Lateral)
[2026-07-19 17:08:04.516] [info] Frame 87 (t = 0.87):	 total squared error = 0.000683929, marker error: RMS = 0.00503296, max = 0.0108338 (R_Shank_Lateral)
[2026-07-19 17:08:04.526] [info] Frame 88 (t = 0.88):	 total squared error = 0.000691633, marker error: RMS = 0.00506123, max = 0.0110432 (R_Shank_Lateral)
[2026-07-19 17:08:04.536] [info] Frame 89 (t = 0.89):	 total squared error = 0.000700347, marker error: RMS = 0.00509301, max = 0.0112687 (R_Shank_Lateral)
[2026-07-19 17:08:04.552] [info] Frame 90 (t = 0.9):	 total squared error = 0.000697335, marker error: RMS = 0.00508205, max = 0.0120949 (R_Shank_Lateral)
[2026-07-19 17:08:04.561] [info] Frame 91 (t = 0.91):	 total squared error = 0.000707932, marker error: RMS = 0.00512052, max = 0.0122615 (R_Shank_Lateral)
[2026-07-19 17:08:04.570] [info] Frame 92 (t = 0.92):	 total squared error = 0.000719273, marker error: RMS = 0.00516137, max = 0.0124175 (R_Shank_Lateral)
[2026-07-19 17:08:04.583] [info] Frame 93 (t = 0.93):	 total squared error = 0.000721319, marker error: RMS = 0.00516871, max = 0.0129149 (R_Shank_Lateral)
[2026-07-19 17:08:04.591] [info] Frame 94 (t = 0.94):	 total squared error = 0.000730415, marker error: RMS = 0.00520119, max = 0.0130061 (R_Shank_Lateral)
[2026-07-19 17:08:04.606] [info] Frame 95 (t = 0.95):	 total squared error = 0.000729483, marker error: RMS = 0.00519787, max = 0.0134658 (R_Shank_Lateral)
[2026-07-19 17:08:04.616] [info] Frame 96 (t = 0.96):	 total squared error = 0.000733323, marker error: RMS = 0.00521154, max = 0.0134785 (R_Shank_Lateral)
[2026-07-19 17:08:04.622] [info] Frame 97 (t = 0.97):	 total squared error = 0.000745542, marker error: RMS = 0.00525477, max = 0.0135014 (R_Shank_Lateral)
[2026-07-19 17:08:04.640] [info] Frame 98 (t = 0.98):	 total squared error = 0.000733240, marker error: RMS = 0.00521124, max = 0.013597 (R_Shank_Lateral)
[2026-07-19 17:08:04.659] [info] Frame 99 (t = 0.99):	 total squared error = 0.000734483, marker error: RMS = 0.00521566, max = 0.0137349 (R_Shank_Lateral)
[2026-07-19 17:08:04.676] [info] Frame 100 (t = 1.0):	 total squared error = 0.000739758, marker error: RMS = 0.00523435, max = 0.0136334 (R_Shank_Lateral)
[2026-07-19 17:08:04.696] [info] Frame 101 (t = 1.01):	 total squared error = 0.000746653, marker error: RMS = 0.00525869, max = 0.0137107 (R_Shank_Lateral)
[2026-07-19 17:08:04.718] [info] Frame 102 (t = 1.02):	 total squared error = 0.000757092, marker error: RMS = 0.00529532, max = 0.0136929 (R_Shank_Lateral)
[2026-07-19 17:08:04.736] [info] Frame 103 (t = 1.03):	 total squared error = 0.000770078, marker error: RMS = 0.00534054, max = 0.0137094 (R_Shank_Lateral)
[2026-07-19 17:08:04.750] [info] Frame 104 (t = 1.04):	 total squared error = 0.000788044, marker error: RMS = 0.00540248, max = 0.0135692 (R_Shank_Lateral)
[2026-07-19 17:08:04.774] [info] Frame 105 (t = 1.05):	 total squared error = 0.000799090, marker error: RMS = 0.00544021, max = 0.01389 (R_Shank_Lateral)
[2026-07-19 17:08:04.793] [info] Frame 106 (t = 1.06):	 total squared error = 0.000813963, marker error: RMS = 0.00549061, max = 0.0138489 (R_Shank_Lateral)
[2026-07-19 17:08:04.811] [info] Frame 107 (t = 1.07):	 total squared error = 0.000827323, marker error: RMS = 0.00553549, max = 0.0139249 (R_Shank_Lateral)
[2026-07-19 17:08:04.825] [info] Frame 108 (t = 1.08):	 total squared error = 0.000841407, marker error: RMS = 0.00558240, max = 0.013898 (R_Shank_Lateral)
[2026-07-19 17:08:04.839] [info] Frame 109 (t = 1.09):	 total squared error = 0.000853049, marker error: RMS = 0.00562089, max = 0.0140040 (R_Shank_Lateral)
[2026-07-19 17:08:04.855] [info] Frame 110 (t = 1.1):	 total squared error = 0.000864263, marker error: RMS = 0.00565772, max = 0.0140675 (R_Shank_Lateral)
[2026-07-19 17:08:04.872] [info] Frame 111 (t = 1.11):	 total squared error = 0.000874465, marker error: RMS = 0.00569101, max = 0.0142025 (R_Shank_Lateral)
[2026-07-19 17:08:04.883] [info] Frame 112 (t = 1.12):	 total squared error = 0.000889105, marker error: RMS = 0.00573845, max = 0.0140127 (R_Shank_Lateral)
[2026-07-19 17:08:04.899] [info] Frame 113 (t = 1.13):	 total squared error = 0.000898031, marker error: RMS = 0.00576718, max = 0.0143647 (R_Shank_Lateral)
[2026-07-19 17:08:04.911] [info] Frame 114 (t = 1.14):	 total squared error = 0.000910929, marker error: RMS = 0.00580845, max = 0.0142298 (R_Shank_Lateral)
[2026-07-19 17:08:04.921] [info] Frame 115 (t = 1.15):	 total squared error = 0.000925322, marker error: RMS = 0.00585416, max = 0.0140576 (R_Shank_Lateral)
[2026-07-19 17:08:04.939] [info] Frame 116 (t = 1.16):	 total squared error = 0.000930402, marker error: RMS = 0.00587021, max = 0.0141914 (R_Shank_Lateral)
[2026-07-19 17:08:04.960] [info] Frame 117 (t = 1.17):	 total squared error = 0.000936091, marker error: RMS = 0.00588813, max = 0.0140163 (R_Shank_Lateral)
[2026-07-19 17:08:04.975] [info] Frame 118 (t = 1.18):	 total squared error = 0.000944471, marker error: RMS = 0.00591442, max = 0.0138548 (R_Shank_Lateral)
[2026-07-19 17:08:04.994] [info] Frame 119 (t = 1.19):	 total squared error = 0.000951618, marker error: RMS = 0.00593676, max = 0.0136471 (R_Shank_Lateral)
[2026-07-19 17:08:05.007] [info] Frame 120 (t = 1.2):	 total squared error = 0.000963093, marker error: RMS = 0.00597245, max = 0.0132466 (R_Shank_Lateral)
[2026-07-19 17:08:05.019] [info] Frame 121 (t = 1.21):	 total squared error = 0.000973968, marker error: RMS = 0.00600607, max = 0.0130684 (R_Shank_Lateral)
[2026-07-19 17:08:05.041] [info] Frame 122 (t = 1.22):	 total squared error = 0.000974348, marker error: RMS = 0.00600724, max = 0.0129664 (R_Shank_Lateral)
[2026-07-19 17:08:05.052] [info] Frame 123 (t = 1.23):	 total squared error = 0.000985502, marker error: RMS = 0.00604153, max = 0.012624 (R_Shank_Lateral)
[2026-07-19 17:08:05.068] [info] Frame 124 (t = 1.24):	 total squared error = 0.000990244, marker error: RMS = 0.00605605, max = 0.0126145 (R_Shank_Lateral)
[2026-07-19 17:08:05.077] [info] Frame 125 (t = 1.25):	 total squared error = 0.00100063, marker error: RMS = 0.00608772, max = 0.0123797 (R_Shank_Lateral)
[2026-07-19 17:08:05.102] [info] Frame 126 (t = 1.26):	 total squared error = 0.00100228, marker error: RMS = 0.00609273, max = 0.0120785 (R_Shank_Lateral)
[2026-07-19 17:08:05.111] [info] Frame 127 (t = 1.27):	 total squared error = 0.00101060, marker error: RMS = 0.00611799, max = 0.0119329 (R_Shank_Lateral)
[2026-07-19 17:08:05.124] [info] Frame 128 (t = 1.28):	 total squared error = 0.00101478, marker error: RMS = 0.00613061, max = 0.0118625 (R_Shank_Lateral)
[2026-07-19 17:08:05.144] [info] Frame 129 (t = 1.29):	 total squared error = 0.00102300, marker error: RMS = 0.00615540, max = 0.0117045 (R_Shank_Lateral)
[2026-07-19 17:08:05.157] [info] Frame 130 (t = 1.3):	 total squared error = 0.00103474, marker error: RMS = 0.00619061, max = 0.0116124 (R_Shank_Lateral)
[2026-07-19 17:08:05.174] [info] Frame 131 (t = 1.31):	 total squared error = 0.00104775, marker error: RMS = 0.00622941, max = 0.0117821 (C7)
[2026-07-19 17:08:05.180] [info] Frame 132 (t = 1.32):	 total squared error = 0.00107153, marker error: RMS = 0.00629969, max = 0.012173 (C7)
[2026-07-19 17:08:05.194] [info] Frame 133 (t = 1.33):	 total squared error = 0.00108308, marker error: RMS = 0.00633357, max = 0.0127252 (C7)
[2026-07-19 17:08:05.203] [info] Frame 134 (t = 1.34):	 total squared error = 0.00110692, marker error: RMS = 0.00640289, max = 0.0131647 (C7)
[2026-07-19 17:08:05.221] [info] Frame 135 (t = 1.35):	 total squared error = 0.00111988, marker error: RMS = 0.00644026, max = 0.0135576 (C7)
[2026-07-19 17:08:05.231] [info] Frame 136 (t = 1.36):	 total squared error = 0.00114234, marker error: RMS = 0.00650454, max = 0.0139718 (C7)
[2026-07-19 17:08:05.246] [info] Frame 137 (t = 1.37):	 total squared error = 0.00115663, marker error: RMS = 0.00654509, max = 0.0142891 (C7)
[2026-07-19 17:08:05.256] [info] Frame 138 (t = 1.38):	 total squared error = 0.00117912, marker error: RMS = 0.00660843, max = 0.014591 (C7)
[2026-07-19 17:08:05.275] [info] Frame 139 (t = 1.39):	 total squared error = 0.00118468, marker error: RMS = 0.00662397, max = 0.0147267 (C7)
[2026-07-19 17:08:05.285] [info] Frame 140 (t = 1.4):	 total squared error = 0.00120411, marker error: RMS = 0.00667808, max = 0.0150330 (C7)
[2026-07-19 17:08:05.305] [info] Frame 141 (t = 1.41):	 total squared error = 0.00121110, marker error: RMS = 0.00669744, max = 0.0150814 (C7)
[2026-07-19 17:08:05.317] [info] Frame 142 (t = 1.42):	 total squared error = 0.00122982, marker error: RMS = 0.00674899, max = 0.0153379 (C7)
[2026-07-19 17:08:05.336] [info] Frame 143 (t = 1.43):	 total squared error = 0.00123730, marker error: RMS = 0.00676949, max = 0.0153723 (C7)
[2026-07-19 17:08:05.352] [info] Frame 144 (t = 1.44):	 total squared error = 0.00124975, marker error: RMS = 0.00680347, max = 0.0155167 (C7)
[2026-07-19 17:08:05.363] [info] Frame 145 (t = 1.45):	 total squared error = 0.00126724, marker error: RMS = 0.00685091, max = 0.0156831 (C7)
[2026-07-19 17:08:05.387] [info] Frame 146 (t = 1.46):	 total squared error = 0.00126691, marker error: RMS = 0.00685000, max = 0.015684 (C7)
[2026-07-19 17:08:05.396] [info] Frame 147 (t = 1.47):	 total squared error = 0.00127527, marker error: RMS = 0.00687257, max = 0.0158208 (C7)
[2026-07-19 17:08:05.413] [info] Frame 148 (t = 1.48):	 total squared error = 0.00126581, marker error: RMS = 0.00684704, max = 0.0157846 (C7)
[2026-07-19 17:08:05.432] [info] Frame 149 (t = 1.49):	 total squared error = 0.00125153, marker error: RMS = 0.00680830, max = 0.0158608 (C7)
[2026-07-19 17:08:05.447] [info] Frame 150 (t = 1.5):	 total squared error = 0.00123397, marker error: RMS = 0.00676037, max = 0.015816 (C7)
[2026-07-19 17:08:05.457] [info] Frame 151 (t = 1.51):	 total squared error = 0.00121248, marker error: RMS = 0.00670124, max = 0.0159178 (C7)
[2026-07-19 17:08:05.478] [info] Frame 152 (t = 1.52):	 total squared error = 0.00117969, marker error: RMS = 0.00661001, max = 0.0157588 (C7)
[2026-07-19 17:08:05.488] [info] Frame 153 (t = 1.53):	 total squared error = 0.00115475, marker error: RMS = 0.00653977, max = 0.0157083 (C7)
[2026-07-19 17:08:05.507] [info] Frame 154 (t = 1.54):	 total squared error = 0.00112351, marker error: RMS = 0.00645070, max = 0.0155139 (C7)
[2026-07-19 17:08:05.524] [info] Frame 155 (t = 1.55):	 total squared error = 0.00109970, marker error: RMS = 0.00638196, max = 0.0153365 (C7)
[2026-07-19 17:08:05.544] [info] Frame 156 (t = 1.56):	 total squared error = 0.00107416, marker error: RMS = 0.00630742, max = 0.0151286 (C7)
[2026-07-19 17:08:05.560] [info] Frame 157 (t = 1.57):	 total squared error = 0.00105378, marker error: RMS = 0.00624730, max = 0.0148409 (C7)
[2026-07-19 17:08:05.571] [info] Frame 158 (t = 1.58):	 total squared error = 0.00104037, marker error: RMS = 0.00620743, max = 0.0146401 (C7)
[2026-07-19 17:08:05.588] [info] Frame 159 (t = 1.59):	 total squared error = 0.00102412, marker error: RMS = 0.00615877, max = 0.014291 (C7)
[2026-07-19 17:08:05.601] [info] Frame 160 (t = 1.6):	 total squared error = 0.00101221, marker error: RMS = 0.00612284, max = 0.0140266 (C7)
[2026-07-19 17:08:05.624] [info] Frame 161 (t = 1.61):	 total squared error = 0.00100253, marker error: RMS = 0.00609349, max = 0.0137893 (C7)
[2026-07-19 17:08:05.634] [info] Frame 162 (t = 1.62):	 total squared error = 0.000999315, marker error: RMS = 0.00608372, max = 0.0135407 (C7)
[2026-07-19 17:08:05.647] [info] Frame 163 (t = 1.63):	 total squared error = 0.000997122, marker error: RMS = 0.00607704, max = 0.0132451 (C7)
[2026-07-19 17:08:05.663] [info] Frame 164 (t = 1.64):	 total squared error = 0.000989418, marker error: RMS = 0.00605352, max = 0.0129903 (C7)
[2026-07-19 17:08:05.677] [info] Frame 165 (t = 1.65):	 total squared error = 0.000977623, marker error: RMS = 0.00601733, max = 0.0127173 (C7)
[2026-07-19 17:08:05.690] [info] Frame 166 (t = 1.66):	 total squared error = 0.000959448, marker error: RMS = 0.00596113, max = 0.0124682 (C7)
[2026-07-19 17:08:05.701] [info] Frame 167 (t = 1.67):	 total squared error = 0.000945661, marker error: RMS = 0.00591815, max = 0.0123381 (C7)
[2026-07-19 17:08:05.719] [info] Frame 168 (t = 1.68):	 total squared error = 0.000925772, marker error: RMS = 0.00585558, max = 0.012142 (C7)
[2026-07-19 17:08:05.732] [info] Frame 169 (t = 1.69):	 total squared error = 0.000910825, marker error: RMS = 0.00580812, max = 0.0120447 (C7)
[2026-07-19 17:08:05.750] [info] Frame 170 (t = 1.7):	 total squared error = 0.000891984, marker error: RMS = 0.00574773, max = 0.0119161 (L_Shoulder)
[2026-07-19 17:08:05.763] [info] Frame 171 (t = 1.71):	 total squared error = 0.000878467, marker error: RMS = 0.00570402, max = 0.0124635 (L_Shoulder)
[2026-07-19 17:08:05.777] [info] Frame 172 (t = 1.72):	 total squared error = 0.000867648, marker error: RMS = 0.00566878, max = 0.0129163 (L_Shoulder)
[2026-07-19 17:08:05.790] [info] Frame 173 (t = 1.73):	 total squared error = 0.000858534, marker error: RMS = 0.00563893, max = 0.0132304 (L_Shoulder)
[2026-07-19 17:08:05.814] [info] Frame 174 (t = 1.74):	 total squared error = 0.000850552, marker error: RMS = 0.00561266, max = 0.0132629 (L_Shoulder)
[2026-07-19 17:08:05.829] [info] Frame 175 (t = 1.75):	 total squared error = 0.000847407, marker error: RMS = 0.00560227, max = 0.0137839 (L_Shoulder)
[2026-07-19 17:08:05.846] [info] Frame 176 (t = 1.76):	 total squared error = 0.000845451, marker error: RMS = 0.00559580, max = 0.0139144 (L_Shoulder)
[2026-07-19 17:08:05.864] [info] Frame 177 (t = 1.77):	 total squared error = 0.000847864, marker error: RMS = 0.00560378, max = 0.0140735 (L_Shoulder)
[2026-07-19 17:08:05.880] [info] Frame 178 (t = 1.78):	 total squared error = 0.000854444, marker error: RMS = 0.00562548, max = 0.0142032 (L_Shoulder)
[2026-07-19 17:08:05.897] [info] Frame 179 (t = 1.79):	 total squared error = 0.000867955, marker error: RMS = 0.00566979, max = 0.0143209 (L_Shoulder)
[2026-07-19 17:08:05.915] [info] Frame 180 (t = 1.8):	 total squared error = 0.000888063, marker error: RMS = 0.00573509, max = 0.0143319 (L_Shoulder)
[2026-07-19 17:08:05.930] [info] Frame 181 (t = 1.81):	 total squared error = 0.000916328, marker error: RMS = 0.00582564, max = 0.0143063 (L_Shoulder)
[2026-07-19 17:08:05.947] [info] Frame 182 (t = 1.82):	 total squared error = 0.000949898, marker error: RMS = 0.00593139, max = 0.0142076 (R_Shoulder)
[2026-07-19 17:08:05.969] [info] Frame 183 (t = 1.83):	 total squared error = 0.000991735, marker error: RMS = 0.00606060, max = 0.0148031 (R_Shoulder)
[2026-07-19 17:08:05.989] [info] Frame 184 (t = 1.84):	 total squared error = 0.00104345, marker error: RMS = 0.00621660, max = 0.0154772 (R_Shoulder)
[2026-07-19 17:08:06.008] [info] Frame 185 (t = 1.85):	 total squared error = 0.00110314, marker error: RMS = 0.00639194, max = 0.0161333 (R_Shoulder)
[2026-07-19 17:08:06.030] [info] Frame 186 (t = 1.86):	 total squared error = 0.00116747, marker error: RMS = 0.00657569, max = 0.0167344 (R_Shoulder)
[2026-07-19 17:08:06.048] [info] Frame 187 (t = 1.87):	 total squared error = 0.00124548, marker error: RMS = 0.00679182, max = 0.0174126 (R_Shoulder)
[2026-07-19 17:08:06.067] [info] Frame 188 (t = 1.88):	 total squared error = 0.00132522, marker error: RMS = 0.00700586, max = 0.0179103 (R_Shoulder)
[2026-07-19 17:08:06.092] [info] Frame 189 (t = 1.89):	 total squared error = 0.00141832, marker error: RMS = 0.00724777, max = 0.0184535 (R_Shoulder)
[2026-07-19 17:08:06.119] [info] Frame 190 (t = 1.9):	 total squared error = 0.00152460, marker error: RMS = 0.00751443, max = 0.0189176 (R_Shoulder)
[2026-07-19 17:08:06.137] [info] Frame 191 (t = 1.91):	 total squared error = 0.00163945, marker error: RMS = 0.00779233, max = 0.0192903 (R_Shoulder)
[2026-07-19 17:08:06.151] [info] Frame 192 (t = 1.92):	 total squared error = 0.00176186, marker error: RMS = 0.00807800, max = 0.0195917 (R_Shoulder)
[2026-07-19 17:08:06.173] [info] Frame 193 (t = 1.93):	 total squared error = 0.00187244, marker error: RMS = 0.00832763, max = 0.0198586 (R_Shoulder)
[2026-07-19 17:08:06.194] [info] Frame 194 (t = 1.94):	 total squared error = 0.00197015, marker error: RMS = 0.00854217, max = 0.0199916 (R_Shoulder)
[2026-07-19 17:08:06.208] [info] Frame 195 (t = 1.95):	 total squared error = 0.00204855, marker error: RMS = 0.00871047, max = 0.0199533 (R_Shoulder)
[2026-07-19 17:08:06.222] [info] Frame 196 (t = 1.96):	 total squared error = 0.00210212, marker error: RMS = 0.00882361, max = 0.0198521 (R_Shoulder)
[2026-07-19 17:08:06.237] [info] Frame 197 (t = 1.97):	 total squared error = 0.00213206, marker error: RMS = 0.00888624, max = 0.0197336 (R_Shoulder)
[2026-07-19 17:08:06.252] [info] Frame 198 (t = 1.98):	 total squared error = 0.00214077, marker error: RMS = 0.00890436, max = 0.0194935 (R_Shoulder)
[2026-07-19 17:08:06.267] [info] Frame 199 (t = 1.99):	 total squared error = 0.00213477, marker error: RMS = 0.00889188, max = 0.0192457 (R_Shoulder)
[2026-07-19 17:08:06.283] [info] Frame 200 (t = 2.0):	 total squared error = 0.00211620, marker error: RMS = 0.00885312, max = 0.0188046 (R_Shoulder)
[2026-07-19 17:08:06.299] [info] Frame 201 (t = 2.01):	 total squared error = 0.00209002, marker error: RMS = 0.00879818, max = 0.0183535 (R_Shoulder)
[2026-07-19 17:08:06.316] [info] Frame 202 (t = 2.02):	 total squared error = 0.00205510, marker error: RMS = 0.00872437, max = 0.0178352 (R_Shoulder)
[2026-07-19 17:08:06.330] [info] Frame 203 (t = 2.03):	 total squared error = 0.00201001, marker error: RMS = 0.00862815, max = 0.0177060 (Thoracic)
[2026-07-19 17:08:06.360] [info] Frame 204 (t = 2.04):	 total squared error = 0.00194276, marker error: RMS = 0.00848256, max = 0.0186573 (Thoracic)
[2026-07-19 17:08:06.374] [info] Frame 205 (t = 2.05):	 total squared error = 0.00187668, marker error: RMS = 0.00833707, max = 0.0191639 (Thoracic)
[2026-07-19 17:08:06.398] [info] Frame 206 (t = 2.06):	 total squared error = 0.00178666, marker error: RMS = 0.00813465, max = 0.0198164 (Thoracic)
[2026-07-19 17:08:06.415] [info] Frame 207 (t = 2.07):	 total squared error = 0.00170923, marker error: RMS = 0.00795644, max = 0.0199667 (Thoracic)
[2026-07-19 17:08:06.444] [info] Frame 208 (t = 2.08):	 total squared error = 0.00162835, marker error: RMS = 0.00776591, max = 0.0200030 (Thoracic)
[2026-07-19 17:08:06.467] [info] Frame 209 (t = 2.09):	 total squared error = 0.00157128, marker error: RMS = 0.00762860, max = 0.0197333 (Thoracic)
[2026-07-19 17:08:06.498] [info] Frame 210 (t = 2.1):	 total squared error = 0.00152238, marker error: RMS = 0.00750896, max = 0.0194104 (Thoracic)
[2026-07-19 17:08:06.522] [info] Frame 211 (t = 2.11):	 total squared error = 0.00149002, marker error: RMS = 0.00742871, max = 0.0188948 (Thoracic)
[2026-07-19 17:08:06.536] [info] Frame 212 (t = 2.12):	 total squared error = 0.00146898, marker error: RMS = 0.00737609, max = 0.0183151 (Thoracic)
[2026-07-19 17:08:06.553] [info] Frame 213 (t = 2.13):	 total squared error = 0.00144478, marker error: RMS = 0.00731508, max = 0.0178185 (Thoracic)
[2026-07-19 17:08:06.562] [info] Frame 214 (t = 2.14):	 total squared error = 0.00142886, marker error: RMS = 0.00727467, max = 0.0171186 (Thoracic)
[2026-07-19 17:08:06.579] [info] Frame 215 (t = 2.15):	 total squared error = 0.00138124, marker error: RMS = 0.00715242, max = 0.0168994 (Thoracic)
[2026-07-19 17:08:06.590] [info] Frame 216 (t = 2.16):	 total squared error = 0.00134117, marker error: RMS = 0.00704792, max = 0.0164585 (Thoracic)
[2026-07-19 17:08:06.604] [info] Frame 217 (t = 2.17):	 total squared error = 0.00129112, marker error: RMS = 0.00691514, max = 0.0162118 (Thoracic)
[2026-07-19 17:08:06.621] [info] Frame 218 (t = 2.18):	 total squared error = 0.00123840, marker error: RMS = 0.00677249, max = 0.0159348 (Thoracic)
[2026-07-19 17:08:06.639] [info] Frame 219 (t = 2.19):	 total squared error = 0.00118551, marker error: RMS = 0.00662629, max = 0.0157573 (Thoracic)
[2026-07-19 17:08:06.655] [info] Frame 220 (t = 2.2):	 total squared error = 0.00113496, marker error: RMS = 0.00648348, max = 0.0156288 (Thoracic)
[2026-07-19 17:08:06.673] [info] Frame 221 (t = 2.21):	 total squared error = 0.00108798, marker error: RMS = 0.00634789, max = 0.0155777 (Thoracic)
[2026-07-19 17:08:06.688] [info] Frame 222 (t = 2.22):	 total squared error = 0.00104567, marker error: RMS = 0.00622324, max = 0.0155644 (Thoracic)
[2026-07-19 17:08:06.708] [info] Frame 223 (t = 2.23):	 total squared error = 0.00100877, marker error: RMS = 0.00611243, max = 0.0156353 (Thoracic)
[2026-07-19 17:08:06.724] [info] Frame 224 (t = 2.24):	 total squared error = 0.000977563, marker error: RMS = 0.00601715, max = 0.0157324 (Thoracic)
[2026-07-19 17:08:06.740] [info] Frame 225 (t = 2.25):	 total squared error = 0.000953222, marker error: RMS = 0.00594176, max = 0.0158445 (Thoracic)
[2026-07-19 17:08:06.759] [info] Frame 226 (t = 2.26):	 total squared error = 0.000934268, marker error: RMS = 0.00588239, max = 0.0159827 (Thoracic)
[2026-07-19 17:08:06.777] [info] Frame 227 (t = 2.27):	 total squared error = 0.000922651, marker error: RMS = 0.00584571, max = 0.0161086 (Thoracic)
[2026-07-19 17:08:06.794] [info] Frame 228 (t = 2.28):	 total squared error = 0.000916810, marker error: RMS = 0.00582717, max = 0.0161668 (Thoracic)
[2026-07-19 17:08:06.811] [info] Frame 229 (t = 2.29):	 total squared error = 0.000915711, marker error: RMS = 0.00582368, max = 0.0161784 (Thoracic)
[2026-07-19 17:08:06.829] [info] Frame 230 (t = 2.3):	 total squared error = 0.000918278, marker error: RMS = 0.00583183, max = 0.0160962 (Thoracic)
[2026-07-19 17:08:06.848] [info] Frame 231 (t = 2.31):	 total squared error = 0.000922303, marker error: RMS = 0.00584460, max = 0.0159212 (Thoracic)
[2026-07-19 17:08:06.858] [info] Frame 232 (t = 2.32):	 total squared error = 0.000932975, marker error: RMS = 0.00587832, max = 0.0156912 (Thoracic)
[2026-07-19 17:08:06.878] [info] Frame 233 (t = 2.33):	 total squared error = 0.000930718, marker error: RMS = 0.00587120, max = 0.0153896 (Thoracic)
[2026-07-19 17:08:06.886] [info] Frame 234 (t = 2.34):	 total squared error = 0.000937376, marker error: RMS = 0.00589217, max = 0.0149992 (Thoracic)
[2026-07-19 17:08:06.904] [info] Frame 235 (t = 2.35):	 total squared error = 0.000931273, marker error: RMS = 0.00587295, max = 0.0144944 (Thoracic)
[2026-07-19 17:08:06.913] [info] Frame 236 (t = 2.36):	 total squared error = 0.000930138, marker error: RMS = 0.00586938, max = 0.0139569 (Thoracic)
[2026-07-19 17:08:06.934] [info] Frame 237 (t = 2.37):	 total squared error = 0.000917799, marker error: RMS = 0.00583031, max = 0.0134541 (Thoracic)
[2026-07-19 17:08:06.942] [info] Frame 238 (t = 2.38):	 total squared error = 0.000911517, marker error: RMS = 0.00581032, max = 0.0128771 (Thoracic)
[2026-07-19 17:08:06.962] [info] Frame 239 (t = 2.39):	 total squared error = 0.000897899, marker error: RMS = 0.00576676, max = 0.0122716 (Thoracic)
[2026-07-19 17:08:06.973] [info] Frame 240 (t = 2.4):	 total squared error = 0.000892031, marker error: RMS = 0.00574788, max = 0.0116853 (Thoracic)
[2026-07-19 17:08:06.989] [info] Frame 241 (t = 2.41):	 total squared error = 0.000883598, marker error: RMS = 0.00572065, max = 0.0110960 (Thoracic)
[2026-07-19 17:08:06.996] [info] Frame 242 (t = 2.42):	 total squared error = 0.000885428, marker error: RMS = 0.00572657, max = 0.0105901 (Thoracic)
[2026-07-19 17:08:07.011] [info] Frame 243 (t = 2.43):	 total squared error = 0.000882429, marker error: RMS = 0.00571686, max = 0.0104688 (R_Shoulder)
[2026-07-19 17:08:07.021] [info] Frame 244 (t = 2.44):	 total squared error = 0.000890957, marker error: RMS = 0.00574442, max = 0.0106173 (R_Knee_Lateral)
[2026-07-19 17:08:07.036] [info] Frame 245 (t = 2.45):	 total squared error = 0.000898116, marker error: RMS = 0.00576746, max = 0.0107575 (R_Shoulder)
[2026-07-19 17:08:07.043] [info] Frame 246 (t = 2.46):	 total squared error = 0.000913155, marker error: RMS = 0.00581554, max = 0.0108709 (R_Shoulder)
[2026-07-19 17:08:07.059] [info] Frame 247 (t = 2.47):	 total squared error = 0.000923703, marker error: RMS = 0.00584904, max = 0.0111231 (R_Shoulder)
[2026-07-19 17:08:07.068] [info] Frame 248 (t = 2.48):	 total squared error = 0.000938331, marker error: RMS = 0.00589517, max = 0.0111876 (R_Shoulder)
[2026-07-19 17:08:07.083] [info] Frame 249 (t = 2.49):	 total squared error = 0.000946448, marker error: RMS = 0.00592061, max = 0.0114741 (R_Shoulder)
[2026-07-19 17:08:07.091] [info] Frame 250 (t = 2.5):	 total squared error = 0.000954847, marker error: RMS = 0.00594682, max = 0.011411 (R_Shoulder)
[2026-07-19 17:08:07.098] [info] Frame 251 (t = 2.51):	 total squared error = 0.000962023, marker error: RMS = 0.00596913, max = 0.0114809 (R_Shoulder)
[2026-07-19 17:08:07.109] [info] Frame 252 (t = 2.52):	 total squared error = 0.000954815, marker error: RMS = 0.00594672, max = 0.0119433 (R_Shoulder)
[2026-07-19 17:08:07.126] [info] Frame 253 (t = 2.53):	 total squared error = 0.000942725, marker error: RMS = 0.00590895, max = 0.0120745 (R_Shoulder)
[2026-07-19 17:08:07.135] [info] Frame 254 (t = 2.54):	 total squared error = 0.000943953, marker error: RMS = 0.00591280, max = 0.0121264 (R_Shoulder)
[2026-07-19 17:08:07.155] [info] Frame 255 (t = 2.55):	 total squared error = 0.000934576, marker error: RMS = 0.00588336, max = 0.0124917 (R_Shoulder)
[2026-07-19 17:08:07.175] [info] Frame 256 (t = 2.56):	 total squared error = 0.000935953, marker error: RMS = 0.00588769, max = 0.012883 (R_Shoulder)
[2026-07-19 17:08:07.203] [info] Frame 257 (t = 2.57):	 total squared error = 0.000945776, marker error: RMS = 0.00591851, max = 0.0132892 (R_Shoulder)
[2026-07-19 17:08:07.213] [info] Frame 258 (t = 2.58):	 total squared error = 0.000974093, marker error: RMS = 0.00600646, max = 0.0134517 (R_Shoulder)
[2026-07-19 17:08:07.230] [info] Frame 259 (t = 2.59):	 total squared error = 0.000985066, marker error: RMS = 0.00604019, max = 0.0137737 (R_Shoulder)
[2026-07-19 17:08:07.250] [info] Frame 260 (t = 2.6):	 total squared error = 0.00100748, marker error: RMS = 0.00610854, max = 0.0141608 (R_Shoulder)
[2026-07-19 17:08:07.274] [info] Frame 261 (t = 2.61):	 total squared error = 0.00103361, marker error: RMS = 0.00618722, max = 0.0145082 (R_Shoulder)
[2026-07-19 17:08:07.307] [info] Frame 262 (t = 2.62):	 total squared error = 0.00105985, marker error: RMS = 0.00626529, max = 0.0148608 (R_Shoulder)
[2026-07-19 17:08:07.320] [info] Frame 263 (t = 2.63):	 total squared error = 0.00108668, marker error: RMS = 0.00634407, max = 0.0150513 (R_Shoulder)
[2026-07-19 17:08:07.337] [info] Frame 264 (t = 2.64):	 total squared error = 0.00110595, marker error: RMS = 0.00640008, max = 0.0150421 (R_Shoulder)
[2026-07-19 17:08:07.347] [info] Frame 265 (t = 2.65):	 total squared error = 0.00112934, marker error: RMS = 0.00646740, max = 0.0151338 (R_Shoulder)
[2026-07-19 17:08:07.365] [info] Frame 266 (t = 2.66):	 total squared error = 0.00113215, marker error: RMS = 0.00647544, max = 0.0150233 (R_Shoulder)
[2026-07-19 17:08:07.377] [info] Frame 267 (t = 2.67):	 total squared error = 0.00113703, marker error: RMS = 0.00648938, max = 0.0151187 (R_Shoulder)
[2026-07-19 17:08:07.393] [info] Frame 268 (t = 2.68):	 total squared error = 0.00113042, marker error: RMS = 0.00647050, max = 0.0148684 (R_Shoulder)
[2026-07-19 17:08:07.402] [info] Frame 269 (t = 2.69):	 total squared error = 0.00112330, marker error: RMS = 0.00645008, max = 0.0145024 (R_Shoulder)
[2026-07-19 17:08:07.416] [info] Frame 270 (t = 2.7):	 total squared error = 0.00110120, marker error: RMS = 0.00638633, max = 0.0144152 (R_Shoulder)
[2026-07-19 17:08:07.424] [info] Frame 271 (t = 2.71):	 total squared error = 0.00108592, marker error: RMS = 0.00634187, max = 0.0139010 (R_Shoulder)
[2026-07-19 17:08:07.446] [info] Frame 272 (t = 2.72):	 total squared error = 0.00105820, marker error: RMS = 0.00626040, max = 0.0138938 (R_Shoulder)
[2026-07-19 17:08:07.465] [info] Frame 273 (t = 2.73):	 total squared error = 0.00103595, marker error: RMS = 0.00619425, max = 0.0135844 (R_Shoulder)
[2026-07-19 17:08:07.484] [info] Frame 274 (t = 2.74):	 total squared error = 0.00101497, marker error: RMS = 0.00613119, max = 0.0132118 (R_Shoulder)
[2026-07-19 17:08:07.496] [info] Frame 275 (t = 2.75):	 total squared error = 0.000998950, marker error: RMS = 0.00608261, max = 0.0128102 (R_Shoulder)
[2026-07-19 17:08:07.522] [info] Frame 276 (t = 2.76):	 total squared error = 0.000973072, marker error: RMS = 0.00600331, max = 0.0126162 (R_Shoulder)
[2026-07-19 17:08:07.540] [info] Frame 277 (t = 2.77):	 total squared error = 0.000955264, marker error: RMS = 0.00594812, max = 0.0122929 (R_Shoulder)
[2026-07-19 17:08:07.549] [info] Frame 278 (t = 2.78):	 total squared error = 0.000946158, marker error: RMS = 0.00591970, max = 0.0118917 (R_Shoulder)
[2026-07-19 17:08:07.568] [info] Frame 279 (t = 2.79):	 total squared error = 0.000937633, marker error: RMS = 0.00589298, max = 0.0117269 (R_Shoulder)
[2026-07-19 17:08:07.578] [info] Frame 280 (t = 2.8):	 total squared error = 0.000948234, marker error: RMS = 0.00592619, max = 0.0113772 (R_Shoulder)
[2026-07-19 17:08:07.602] [info] Frame 281 (t = 2.81):	 total squared error = 0.000961202, marker error: RMS = 0.00596658, max = 0.0112166 (R_Shoulder)
[2026-07-19 17:08:07.614] [info] Frame 282 (t = 2.82):	 total squared error = 0.000993165, marker error: RMS = 0.00606497, max = 0.0109743 (R_Shoulder)
[2026-07-19 17:08:07.625] [info] Frame 283 (t = 2.83):	 total squared error = 0.00103308, marker error: RMS = 0.00618565, max = 0.0107671 (R_Shoulder)
[2026-07-19 17:08:07.634] [info] Frame 284 (t = 2.84):	 total squared error = 0.00107525, marker error: RMS = 0.00631063, max = 0.0106733 (R_Shoulder)
[2026-07-19 17:08:07.643] [info] Frame 285 (t = 2.85):	 total squared error = 0.00111393, marker error: RMS = 0.00642314, max = 0.0106163 (R_Shoulder)
[2026-07-19 17:08:07.659] [info] Frame 286 (t = 2.86):	 total squared error = 0.00112895, marker error: RMS = 0.00646630, max = 0.0110525 (L_Knee_Lateral)
[2026-07-19 17:08:07.678] [info] Frame 287 (t = 2.87):	 total squared error = 0.00114399, marker error: RMS = 0.00650924, max = 0.0112685 (L_Knee_Lateral)
[2026-07-19 17:08:07.689] [info] Frame 288 (t = 2.88):	 total squared error = 0.00115449, marker error: RMS = 0.00653903, max = 0.0117294 (L_Knee_Lateral)
[2026-07-19 17:08:07.698] [info] Frame 289 (t = 2.89):	 total squared error = 0.00116180, marker error: RMS = 0.00655971, max = 0.0120733 (L_Knee_Lateral)
[2026-07-19 17:08:07.715] [info] Frame 290 (t = 2.9):	 total squared error = 0.00114910, marker error: RMS = 0.00652374, max = 0.0117499 (L_Knee_Lateral)
[2026-07-19 17:08:07.731] [info] Frame 291 (t = 2.91):	 total squared error = 0.00114387, marker error: RMS = 0.00650889, max = 0.0119526 (L_Knee_Lateral)
[2026-07-19 17:08:07.742] [info] Frame 292 (t = 2.92):	 total squared error = 0.00114625, marker error: RMS = 0.00651566, max = 0.0122995 (L_Knee_Lateral)
[2026-07-19 17:08:07.759] [info] Frame 293 (t = 2.93):	 total squared error = 0.00114492, marker error: RMS = 0.00651187, max = 0.0120611 (L_Knee_Lateral)
[2026-07-19 17:08:07.768] [info] Frame 294 (t = 2.94):	 total squared error = 0.00116009, marker error: RMS = 0.00655486, max = 0.0125342 (L_Knee_Lateral)
[2026-07-19 17:08:07.783] [info] Frame 295 (t = 2.95):	 total squared error = 0.00117019, marker error: RMS = 0.00658334, max = 0.0124266 (L_Knee_Lateral)
[2026-07-19 17:08:07.791] [info] Frame 296 (t = 2.96):	 total squared error = 0.00119899, marker error: RMS = 0.00666385, max = 0.0128944 (L_Knee_Lateral)
[2026-07-19 17:08:07.805] [info] Frame 297 (t = 2.97):	 total squared error = 0.00122205, marker error: RMS = 0.00672765, max = 0.0129243 (L_Knee_Lateral)
[2026-07-19 17:08:07.814] [info] Frame 298 (t = 2.98):	 total squared error = 0.00126491, marker error: RMS = 0.00684461, max = 0.0132859 (L_Knee_Lateral)
[2026-07-19 17:08:07.832] [info] Frame 299 (t = 2.99):	 total squared error = 0.00129511, marker error: RMS = 0.00692581, max = 0.0133989 (L_Knee_Lateral)
[2026-07-19 17:08:07.854] [info] Frame 300 (t = 3.0):	 total squared error = 0.00133696, marker error: RMS = 0.00703685, max = 0.0135475 (L_Knee_Lateral)
[2026-07-19 17:08:07.869] [info] Frame 301 (t = 3.01):	 total squared error = 0.00138095, marker error: RMS = 0.00715165, max = 0.013799 (Thoracic)
[2026-07-19 17:08:07.878] [info] Frame 302 (t = 3.02):	 total squared error = 0.00142840, marker error: RMS = 0.00727348, max = 0.014925 (Thoracic)
[2026-07-19 17:08:07.896] [info] Frame 303 (t = 3.03):	 total squared error = 0.00144437, marker error: RMS = 0.00731403, max = 0.0159070 (Thoracic)
[2026-07-19 17:08:07.908] [info] Frame 304 (t = 3.04):	 total squared error = 0.00146058, marker error: RMS = 0.00735497, max = 0.0165605 (Thoracic)
[2026-07-19 17:08:07.928] [info] Frame 305 (t = 3.05):	 total squared error = 0.00145808, marker error: RMS = 0.00734867, max = 0.0169788 (Thoracic)
[2026-07-19 17:08:07.944] [info] Frame 306 (t = 3.06):	 total squared error = 0.00144468, marker error: RMS = 0.00731483, max = 0.0170860 (Thoracic)
[2026-07-19 17:08:07.957] [info] Frame 307 (t = 3.07):	 total squared error = 0.00142238, marker error: RMS = 0.00725815, max = 0.0169121 (Thoracic)
[2026-07-19 17:08:07.969] [info] Frame 308 (t = 3.08):	 total squared error = 0.00139436, marker error: RMS = 0.00718630, max = 0.0165571 (Thoracic)
[2026-07-19 17:08:07.985] [info] Frame 309 (t = 3.09):	 total squared error = 0.00135496, marker error: RMS = 0.00708404, max = 0.0160611 (Thoracic)
[2026-07-19 17:08:07.998] [info] Frame 310 (t = 3.1):	 total squared error = 0.00132104, marker error: RMS = 0.00699482, max = 0.0154341 (Thoracic)
[2026-07-19 17:08:08.011] [info] Frame 311 (t = 3.11):	 total squared error = 0.00128628, marker error: RMS = 0.00690217, max = 0.0147367 (Thoracic)
[2026-07-19 17:08:08.023] [info] Frame 312 (t = 3.12):	 total squared error = 0.00125249, marker error: RMS = 0.00681090, max = 0.0140086 (Thoracic)
[2026-07-19 17:08:08.037] [info] Frame 313 (t = 3.13):	 total squared error = 0.00121696, marker error: RMS = 0.00671361, max = 0.0132889 (Thoracic)
[2026-07-19 17:08:08.055] [info] Frame 314 (t = 3.14):	 total squared error = 0.00118662, marker error: RMS = 0.00662939, max = 0.012734 (C7)
[2026-07-19 17:08:08.068] [info] Frame 315 (t = 3.15):	 total squared error = 0.00116294, marker error: RMS = 0.00656291, max = 0.0126591 (C7)
[2026-07-19 17:08:08.090] [info] Frame 316 (t = 3.16):	 total squared error = 0.00113633, marker error: RMS = 0.00648739, max = 0.0125191 (C7)
[2026-07-19 17:08:08.110] [info] Frame 317 (t = 3.17):	 total squared error = 0.00111609, marker error: RMS = 0.00642935, max = 0.0123672 (C7)
[2026-07-19 17:08:08.120] [info] Frame 318 (t = 3.18):	 total squared error = 0.00110407, marker error: RMS = 0.00639465, max = 0.0122615 (C7)
[2026-07-19 17:08:08.140] [info] Frame 319 (t = 3.19):	 total squared error = 0.00108438, marker error: RMS = 0.00633736, max = 0.0120845 (C7)
[2026-07-19 17:08:08.153] [info] Frame 320 (t = 3.2):	 total squared error = 0.00107346, marker error: RMS = 0.00630538, max = 0.0119597 (C7)
[2026-07-19 17:08:08.163] [info] Frame 321 (t = 3.21):	 total squared error = 0.00106798, marker error: RMS = 0.00628927, max = 0.0118538 (C7)
[2026-07-19 17:08:08.177] [info] Frame 322 (t = 3.22):	 total squared error = 0.00105667, marker error: RMS = 0.00625588, max = 0.0115909 (C7)
[2026-07-19 17:08:08.194] [info] Frame 323 (t = 3.23):	 total squared error = 0.00104881, marker error: RMS = 0.00623256, max = 0.0114343 (C7)
[2026-07-19 17:08:08.214] [info] Frame 324 (t = 3.24):	 total squared error = 0.00104123, marker error: RMS = 0.00621000, max = 0.0112873 (C7)
[2026-07-19 17:08:08.223] [info] Frame 325 (t = 3.25):	 total squared error = 0.00104004, marker error: RMS = 0.00620645, max = 0.0112393 (L_Shoulder)
[2026-07-19 17:08:08.239] [info] Frame 326 (t = 3.26):	 total squared error = 0.00102981, marker error: RMS = 0.00617586, max = 0.0113916 (L_Shoulder)
[2026-07-19 17:08:08.251] [info] Frame 327 (t = 3.27):	 total squared error = 0.00102448, marker error: RMS = 0.00615983, max = 0.011671 (L_Shoulder)
[2026-07-19 17:08:08.263] [info] Frame 328 (t = 3.28):	 total squared error = 0.00102048, marker error: RMS = 0.00614782, max = 0.0120250 (L_Shoulder)
[2026-07-19 17:08:08.280] [info] Frame 329 (t = 3.29):	 total squared error = 0.00101763, marker error: RMS = 0.00613921, max = 0.0122919 (L_Shoulder)
[2026-07-19 17:08:08.294] [info] Frame 330 (t = 3.3):	 total squared error = 0.00101825, marker error: RMS = 0.00614110, max = 0.0126805 (L_Shoulder)
[2026-07-19 17:08:08.310] [info] Frame 331 (t = 3.31):	 total squared error = 0.00102208, marker error: RMS = 0.00615262, max = 0.0131264 (L_Shoulder)
[2026-07-19 17:08:08.323] [info] Frame 332 (t = 3.32):	 total squared error = 0.00102914, marker error: RMS = 0.00617383, max = 0.0136311 (L_Shoulder)
[2026-07-19 17:08:08.337] [info] Frame 333 (t = 3.33):	 total squared error = 0.00103499, marker error: RMS = 0.00619136, max = 0.0138244 (L_Shoulder)
[2026-07-19 17:08:08.360] [info] Frame 334 (t = 3.34):	 total squared error = 0.00103770, marker error: RMS = 0.00619947, max = 0.0142636 (L_Shoulder)
[2026-07-19 17:08:08.377] [info] Frame 335 (t = 3.35):	 total squared error = 0.00104602, marker error: RMS = 0.00622426, max = 0.014958 (L_Shoulder)
[2026-07-19 17:08:08.396] [info] Frame 336 (t = 3.36):	 total squared error = 0.00105240, marker error: RMS = 0.00624323, max = 0.0155331 (L_Shoulder)
[2026-07-19 17:08:08.410] [info] Frame 337 (t = 3.37):	 total squared error = 0.00105824, marker error: RMS = 0.00626053, max = 0.0160319 (L_Shoulder)
[2026-07-19 17:08:08.429] [info] Frame 338 (t = 3.38):	 total squared error = 0.00106140, marker error: RMS = 0.00626987, max = 0.0162396 (L_Shoulder)
[2026-07-19 17:08:08.444] [info] Frame 339 (t = 3.39):	 total squared error = 0.00107271, marker error: RMS = 0.00630317, max = 0.0168865 (L_Shoulder)
[2026-07-19 17:08:08.463] [info] Frame 340 (t = 3.4):	 total squared error = 0.00108404, marker error: RMS = 0.00633639, max = 0.0168279 (L_Shoulder)
[2026-07-19 17:08:08.483] [info] Frame 341 (t = 3.41):	 total squared error = 0.00109730, marker error: RMS = 0.00637501, max = 0.0172485 (L_Shoulder)
[2026-07-19 17:08:08.500] [info] Frame 342 (t = 3.42):	 total squared error = 0.00110977, marker error: RMS = 0.00641114, max = 0.0174717 (L_Shoulder)
[2026-07-19 17:08:08.520] [info] Frame 343 (t = 3.43):	 total squared error = 0.00111860, marker error: RMS = 0.00643658, max = 0.0174913 (L_Shoulder)
[2026-07-19 17:08:08.535] [info] Frame 344 (t = 3.44):	 total squared error = 0.00112337, marker error: RMS = 0.00645029, max = 0.0176152 (L_Shoulder)
[2026-07-19 17:08:08.558] [info] Frame 345 (t = 3.45):	 total squared error = 0.00111645, marker error: RMS = 0.00643039, max = 0.0173705 (L_Shoulder)
[2026-07-19 17:08:08.577] [info] Frame 346 (t = 3.46):	 total squared error = 0.00110748, marker error: RMS = 0.00640450, max = 0.0170507 (L_Shoulder)
[2026-07-19 17:08:08.595] [info] Frame 347 (t = 3.47):	 total squared error = 0.00109781, marker error: RMS = 0.00637650, max = 0.0169578 (L_Shoulder)
[2026-07-19 17:08:08.621] [info] Frame 348 (t = 3.48):	 total squared error = 0.00109070, marker error: RMS = 0.00635580, max = 0.016626 (L_Shoulder)
[2026-07-19 17:08:08.639] [info] Frame 349 (t = 3.49):	 total squared error = 0.00109584, marker error: RMS = 0.00637076, max = 0.0164488 (L_Shoulder)
[2026-07-19 17:08:08.658] [info] Frame 350 (t = 3.5):	 total squared error = 0.00111113, marker error: RMS = 0.00641506, max = 0.0161402 (L_Shoulder)
[2026-07-19 17:08:08.675] [info] Frame 351 (t = 3.51):	 total squared error = 0.00115325, marker error: RMS = 0.00653551, max = 0.0161699 (L_Shoulder)
[2026-07-19 17:08:08.695] [info] Frame 352 (t = 3.52):	 total squared error = 0.00121191, marker error: RMS = 0.00669966, max = 0.0158363 (L_Shoulder)
[2026-07-19 17:08:08.721] [info] Frame 353 (t = 3.53):	 total squared error = 0.00129356, marker error: RMS = 0.00692168, max = 0.015618 (L_Shoulder)
[2026-07-19 17:08:08.747] [info] Frame 354 (t = 3.54):	 total squared error = 0.00140872, marker error: RMS = 0.00722322, max = 0.0155271 (L_Shoulder)
[2026-07-19 17:08:08.759] [info] Frame 355 (t = 3.55):	 total squared error = 0.00156495, marker error: RMS = 0.00761321, max = 0.0153586 (L_Shoulder)
[2026-07-19 17:08:08.777] [info] Frame 356 (t = 3.56):	 total squared error = 0.00170284, marker error: RMS = 0.00794154, max = 0.0158692 (R_Shoulder)
[2026-07-19 17:08:08.798] [info] Frame 357 (t = 3.57):	 total squared error = 0.00185662, marker error: RMS = 0.00829239, max = 0.0167619 (R_Shoulder)
[2026-07-19 17:08:08.816] [info] Frame 358 (t = 3.58):	 total squared error = 0.00200142, marker error: RMS = 0.00860967, max = 0.0175276 (R_Shoulder)
[2026-07-19 17:08:08.830] [info] Frame 359 (t = 3.59):	 total squared error = 0.00212637, marker error: RMS = 0.00887437, max = 0.0181905 (R_Shoulder)
[2026-07-19 17:08:08.845] [info] Frame 360 (t = 3.6):	 total squared error = 0.00222363, marker error: RMS = 0.00907505, max = 0.0187319 (R_Shoulder)
[2026-07-19 17:08:08.865] [info] Frame 361 (t = 3.61):	 total squared error = 0.00228909, marker error: RMS = 0.00920766, max = 0.0191455 (R_Shoulder)
[2026-07-19 17:08:08.881] [info] Frame 362 (t = 3.62):	 total squared error = 0.00232710, marker error: RMS = 0.00928380, max = 0.019369 (R_Shoulder)
[2026-07-19 17:08:08.897] [info] Frame 363 (t = 3.63):	 total squared error = 0.00233528, marker error: RMS = 0.00930010, max = 0.019479 (R_Shoulder)
[2026-07-19 17:08:08.915] [info] Frame 364 (t = 3.64):	 total squared error = 0.00232065, marker error: RMS = 0.00927092, max = 0.0193813 (R_Shoulder)
[2026-07-19 17:08:08.930] [info] Frame 365 (t = 3.65):	 total squared error = 0.00228620, marker error: RMS = 0.00920184, max = 0.019185 (R_Shoulder)
[2026-07-19 17:08:08.946] [info] Frame 366 (t = 3.66):	 total squared error = 0.00223457, marker error: RMS = 0.00909736, max = 0.0187964 (R_Shoulder)
[2026-07-19 17:08:08.963] [info] Frame 367 (t = 3.67):	 total squared error = 0.00216874, marker error: RMS = 0.00896235, max = 0.0183721 (R_Shoulder)
[2026-07-19 17:08:08.982] [info] Frame 368 (t = 3.68):	 total squared error = 0.00209143, marker error: RMS = 0.00880115, max = 0.0178454 (R_Shoulder)
[2026-07-19 17:08:09.013] [info] Frame 369 (t = 3.69):	 total squared error = 0.00200421, marker error: RMS = 0.00861568, max = 0.0172347 (R_Shoulder)
[2026-07-19 17:08:09.029] [info] Frame 370 (t = 3.7):	 total squared error = 0.00192155, marker error: RMS = 0.00843615, max = 0.0166088 (R_Shoulder)
[2026-07-19 17:08:09.035] [info] InverseKinematicsTool completed 321 frames in 5 second(s).
[2026-07-19 17:08:09.070] [info] Loaded model TCV36-scaled from file C:\Users\lucia\Desktop\TFG\2_JMP\TVC36\Walk_1\TVC36_1_JMP_results\TVC36_1_NMSM_JMP_02_knee_ankle.osim
[2026-07-19 17:08:09.661] [warning] Coordinate.setValue:  coordinate pro_sup_r is locked. Unable to change its value.
[2026-07-19 17:08:09.693] [warning] Coordinate.setValue:  coordinate pro_sup_l is locked. Unable to change its value.
[2026-07-19 17:08:51.806] [info] Loaded model TCV36-scaled from file C:\Users\lucia\Desktop\TFG\2_JMP\TVC36\Walk_1\TVC36_1_JMP_results\TVC36_1_NMSM_JMP_03_final.osim
[2026-07-19 17:08:51.816] [cout] [info] 
               MODEL: TCV36-scaled
         coordinates: 41
              forces: 103
           actuators: 103
             muscles: 86
            analyses: 0
              probes: 0
              bodies: 24
              joints: 24
         constraints: 2
             markers: 27
         controllers: 0
  contact geometries: 0
misc modelcomponents: 0
[2026-07-19 17:08:51.816] [info] Running tool .
[2026-07-19 17:08:51.926] [info] Frame 50 (t = 0.5):	 total squared error = 0.00149377, marker error: RMS = 0.00743807, max = 0.0143243 (R_Shoulder)
[2026-07-19 17:08:51.944] [info] Frame 51 (t = 0.51):	 total squared error = 0.00146771, marker error: RMS = 0.00737289, max = 0.0139328 (R_Shoulder)
[2026-07-19 17:08:51.961] [info] Frame 52 (t = 0.52):	 total squared error = 0.00143888, marker error: RMS = 0.00730013, max = 0.0135752 (R_Shoulder)
[2026-07-19 17:08:52.003] [info] Frame 53 (t = 0.53):	 total squared error = 0.00139272, marker error: RMS = 0.00718206, max = 0.0135311 (L_Shank_Lateral)
[2026-07-19 17:08:52.044] [info] Frame 54 (t = 0.54):	 total squared error = 0.00135025, marker error: RMS = 0.00707173, max = 0.0134865 (L_Shank_Lateral)
[2026-07-19 17:08:52.073] [info] Frame 55 (t = 0.55):	 total squared error = 0.00130629, marker error: RMS = 0.00695564, max = 0.0133495 (L_Shank_Lateral)
[2026-07-19 17:08:52.095] [info] Frame 56 (t = 0.56):	 total squared error = 0.00126625, marker error: RMS = 0.00684822, max = 0.0130796 (L_Shank_Lateral)
[2026-07-19 17:08:52.159] [info] Frame 57 (t = 0.57):	 total squared error = 0.00120447, marker error: RMS = 0.00667907, max = 0.0131961 (L_Shank_Lateral)
[2026-07-19 17:08:52.205] [info] Frame 58 (t = 0.58):	 total squared error = 0.00114991, marker error: RMS = 0.00652605, max = 0.0129844 (L_Shank_Lateral)
[2026-07-19 17:08:52.241] [info] Frame 59 (t = 0.59):	 total squared error = 0.00109173, marker error: RMS = 0.00635882, max = 0.012795 (L_Shank_Lateral)
[2026-07-19 17:08:52.264] [info] Frame 60 (t = 0.6):	 total squared error = 0.00103519, marker error: RMS = 0.00619196, max = 0.0124793 (L_Shank_Lateral)
[2026-07-19 17:08:52.294] [info] Frame 61 (t = 0.61):	 total squared error = 0.000972766, marker error: RMS = 0.00600236, max = 0.0122174 (L_Shank_Lateral)
[2026-07-19 17:08:52.316] [info] Frame 62 (t = 0.62):	 total squared error = 0.000920810, marker error: RMS = 0.00583987, max = 0.0118798 (L_Shank_Lateral)
[2026-07-19 17:08:52.336] [info] Frame 63 (t = 0.63):	 total squared error = 0.000874668, marker error: RMS = 0.00569167, max = 0.0115111 (L_Shank_Lateral)
[2026-07-19 17:08:52.358] [info] Frame 64 (t = 0.64):	 total squared error = 0.000838347, marker error: RMS = 0.00557224, max = 0.0111405 (L_Shank_Lateral)
[2026-07-19 17:08:52.377] [info] Frame 65 (t = 0.65):	 total squared error = 0.000807604, marker error: RMS = 0.00546912, max = 0.0109425 (R_Shoulder)
[2026-07-19 17:08:52.398] [info] Frame 66 (t = 0.66):	 total squared error = 0.000782035, marker error: RMS = 0.00538185, max = 0.0108236 (R_Shoulder)
[2026-07-19 17:08:52.415] [info] Frame 67 (t = 0.67):	 total squared error = 0.000755703, marker error: RMS = 0.00529046, max = 0.0109749 (R_Shoulder)
[2026-07-19 17:08:52.440] [info] Frame 68 (t = 0.68):	 total squared error = 0.000730690, marker error: RMS = 0.00520217, max = 0.0107415 (R_Shoulder)
[2026-07-19 17:08:52.456] [info] Frame 69 (t = 0.69):	 total squared error = 0.000703034, marker error: RMS = 0.00510277, max = 0.0108008 (R_Shoulder)
[2026-07-19 17:08:52.481] [info] Frame 70 (t = 0.7):	 total squared error = 0.000676272, marker error: RMS = 0.00500471, max = 0.0105562 (R_Shoulder)
[2026-07-19 17:08:52.499] [info] Frame 71 (t = 0.71):	 total squared error = 0.000649253, marker error: RMS = 0.00490371, max = 0.0106054 (R_Shoulder)
[2026-07-19 17:08:52.519] [info] Frame 72 (t = 0.72):	 total squared error = 0.000622361, marker error: RMS = 0.00480108, max = 0.0103537 (R_Shoulder)
[2026-07-19 17:08:52.547] [info] Frame 73 (t = 0.73):	 total squared error = 0.000595487, marker error: RMS = 0.00469628, max = 0.0102296 (R_Shoulder)
[2026-07-19 17:08:52.575] [info] Frame 74 (t = 0.74):	 total squared error = 0.000570440, marker error: RMS = 0.00459645, max = 0.0101429 (R_Shoulder)
[2026-07-19 17:08:52.591] [info] Frame 75 (t = 0.75):	 total squared error = 0.000551695, marker error: RMS = 0.00452030, max = 0.0102692 (R_Shoulder)
[2026-07-19 17:08:52.611] [info] Frame 76 (t = 0.76):	 total squared error = 0.000528697, marker error: RMS = 0.00442508, max = 0.00994753 (R_Shoulder)
[2026-07-19 17:08:52.627] [info] Frame 77 (t = 0.77):	 total squared error = 0.000508902, marker error: RMS = 0.00434145, max = 0.00984714 (R_Shoulder)
[2026-07-19 17:08:52.646] [info] Frame 78 (t = 0.78):	 total squared error = 0.000493681, marker error: RMS = 0.00427604, max = 0.00983669 (R_Shoulder)
[2026-07-19 17:08:52.680] [info] Frame 79 (t = 0.79):	 total squared error = 0.000479438, marker error: RMS = 0.00421390, max = 0.00979411 (R_Shoulder)
[2026-07-19 17:08:52.693] [info] Frame 80 (t = 0.8):	 total squared error = 0.000472224, marker error: RMS = 0.00418208, max = 0.00975723 (R_Shoulder)
[2026-07-19 17:08:52.702] [info] Frame 81 (t = 0.81):	 total squared error = 0.000474144, marker error: RMS = 0.00419057, max = 0.00971314 (R_Shoulder)
[2026-07-19 17:08:52.726] [info] Frame 82 (t = 0.82):	 total squared error = 0.000465129, marker error: RMS = 0.00415054, max = 0.00979375 (R_Shoulder)
[2026-07-19 17:08:52.741] [info] Frame 83 (t = 0.83):	 total squared error = 0.000463766, marker error: RMS = 0.00414446, max = 0.00973176 (R_Shoulder)
[2026-07-19 17:08:52.751] [info] Frame 84 (t = 0.84):	 total squared error = 0.000464656, marker error: RMS = 0.00414843, max = 0.00967019 (R_Shoulder)
[2026-07-19 17:08:52.771] [info] Frame 85 (t = 0.85):	 total squared error = 0.000459402, marker error: RMS = 0.00412491, max = 0.00971051 (R_Shoulder)
[2026-07-19 17:08:52.780] [info] Frame 86 (t = 0.86):	 total squared error = 0.000458877, marker error: RMS = 0.00412255, max = 0.00967076 (R_Shoulder)
[2026-07-19 17:08:52.797] [info] Frame 87 (t = 0.87):	 total squared error = 0.000449751, marker error: RMS = 0.00408135, max = 0.00965917 (R_Shoulder)
[2026-07-19 17:08:52.806] [info] Frame 88 (t = 0.88):	 total squared error = 0.000447888, marker error: RMS = 0.00407289, max = 0.00954707 (R_Shoulder)
[2026-07-19 17:08:52.816] [info] Frame 89 (t = 0.89):	 total squared error = 0.000444505, marker error: RMS = 0.00405748, max = 0.00952157 (R_Shoulder)
[2026-07-19 17:08:52.825] [info] Frame 90 (t = 0.9):	 total squared error = 0.000447021, marker error: RMS = 0.00406895, max = 0.00932391 (R_Shoulder)
[2026-07-19 17:08:52.845] [info] Frame 91 (t = 0.91):	 total squared error = 0.000436034, marker error: RMS = 0.00401863, max = 0.00971548 (R_Shoulder)
[2026-07-19 17:08:52.857] [info] Frame 92 (t = 0.92):	 total squared error = 0.000438663, marker error: RMS = 0.00403073, max = 0.00953117 (R_Shoulder)
[2026-07-19 17:08:52.865] [info] Frame 93 (t = 0.93):	 total squared error = 0.000444499, marker error: RMS = 0.00405745, max = 0.00930119 (R_Shoulder)
[2026-07-19 17:08:52.874] [info] Frame 94 (t = 0.94):	 total squared error = 0.000451359, marker error: RMS = 0.00408864, max = 0.00913962 (R_Shoulder)
[2026-07-19 17:08:52.897] [info] Frame 95 (t = 0.95):	 total squared error = 0.000436250, marker error: RMS = 0.00401963, max = 0.00949693 (R_Shoulder)
[2026-07-19 17:08:52.907] [info] Frame 96 (t = 0.96):	 total squared error = 0.000436440, marker error: RMS = 0.00402050, max = 0.00936836 (R_Shoulder)
[2026-07-19 17:08:52.927] [info] Frame 97 (t = 0.97):	 total squared error = 0.000429800, marker error: RMS = 0.00398980, max = 0.00942560 (R_Shoulder)
[2026-07-19 17:08:52.943] [info] Frame 98 (t = 0.98):	 total squared error = 0.000427401, marker error: RMS = 0.00397865, max = 0.00951027 (R_Shoulder)
[2026-07-19 17:08:52.962] [info] Frame 99 (t = 0.99):	 total squared error = 0.000423670, marker error: RMS = 0.00396125, max = 0.00950140 (R_Shoulder)
[2026-07-19 17:08:52.976] [info] Frame 100 (t = 1.0):	 total squared error = 0.000425700, marker error: RMS = 0.00397072, max = 0.00967196 (R_Shoulder)
[2026-07-19 17:08:52.996] [info] Frame 101 (t = 1.01):	 total squared error = 0.000424701, marker error: RMS = 0.00396607, max = 0.00970479 (R_Shoulder)
[2026-07-19 17:08:53.020] [info] Frame 102 (t = 1.02):	 total squared error = 0.000428966, marker error: RMS = 0.00398593, max = 0.00978478 (R_Shoulder)
[2026-07-19 17:08:53.060] [info] Frame 103 (t = 1.03):	 total squared error = 0.000435742, marker error: RMS = 0.00401729, max = 0.00993415 (R_Shoulder)
[2026-07-19 17:08:53.100] [info] Frame 104 (t = 1.04):	 total squared error = 0.000443879, marker error: RMS = 0.00405462, max = 0.0100416 (R_Shoulder)
[2026-07-19 17:08:53.123] [info] Frame 105 (t = 1.05):	 total squared error = 0.000456580, marker error: RMS = 0.00411222, max = 0.0102105 (R_Shoulder)
[2026-07-19 17:08:53.161] [info] Frame 106 (t = 1.06):	 total squared error = 0.000462922, marker error: RMS = 0.00414068, max = 0.0102208 (R_Shoulder)
[2026-07-19 17:08:53.189] [info] Frame 107 (t = 1.07):	 total squared error = 0.000474315, marker error: RMS = 0.00419133, max = 0.0103542 (R_Shoulder)
[2026-07-19 17:08:53.215] [info] Frame 108 (t = 1.08):	 total squared error = 0.000483830, marker error: RMS = 0.00423316, max = 0.0104258 (R_Shoulder)
[2026-07-19 17:08:53.253] [info] Frame 109 (t = 1.09):	 total squared error = 0.000489497, marker error: RMS = 0.00425788, max = 0.0103389 (R_Shoulder)
[2026-07-19 17:08:53.283] [info] Frame 110 (t = 1.1):	 total squared error = 0.000499217, marker error: RMS = 0.00429994, max = 0.0103509 (R_Shoulder)
[2026-07-19 17:08:53.307] [info] Frame 111 (t = 1.11):	 total squared error = 0.000510829, marker error: RMS = 0.00434967, max = 0.0102868 (R_Shoulder)
[2026-07-19 17:08:53.331] [info] Frame 112 (t = 1.12):	 total squared error = 0.000518805, marker error: RMS = 0.00438349, max = 0.0103375 (R_Shoulder)
[2026-07-19 17:08:53.347] [info] Frame 113 (t = 1.13):	 total squared error = 0.000532555, marker error: RMS = 0.00444120, max = 0.0101575 (R_Shoulder)
[2026-07-19 17:08:53.368] [info] Frame 114 (t = 1.14):	 total squared error = 0.000543072, marker error: RMS = 0.00448484, max = 0.0101433 (R_Shoulder)
[2026-07-19 17:08:53.399] [info] Frame 115 (t = 1.15):	 total squared error = 0.000540320, marker error: RMS = 0.00447346, max = 0.00994906 (R_Shoulder)
[2026-07-19 17:08:53.430] [info] Frame 116 (t = 1.16):	 total squared error = 0.000543470, marker error: RMS = 0.00448648, max = 0.00990590 (R_Shoulder)
[2026-07-19 17:08:53.445] [info] Frame 117 (t = 1.17):	 total squared error = 0.000553104, marker error: RMS = 0.00452607, max = 0.00991629 (R_Shoulder)
[2026-07-19 17:08:53.464] [info] Frame 118 (t = 1.18):	 total squared error = 0.000560957, marker error: RMS = 0.00455809, max = 0.00979230 (R_Shoulder)
[2026-07-19 17:08:53.491] [info] Frame 119 (t = 1.19):	 total squared error = 0.000565010, marker error: RMS = 0.00457453, max = 0.00975219 (R_Shoulder)
[2026-07-19 17:08:53.509] [info] Frame 120 (t = 1.2):	 total squared error = 0.000576810, marker error: RMS = 0.00462205, max = 0.00973867 (R_Shoulder)
[2026-07-19 17:08:53.527] [info] Frame 121 (t = 1.21):	 total squared error = 0.000588764, marker error: RMS = 0.00466970, max = 0.00967806 (R_Shoulder)
[2026-07-19 17:08:53.553] [info] Frame 122 (t = 1.22):	 total squared error = 0.000594920, marker error: RMS = 0.00469405, max = 0.00970702 (R_Shoulder)
[2026-07-19 17:08:53.567] [info] Frame 123 (t = 1.23):	 total squared error = 0.000609654, marker error: RMS = 0.00475182, max = 0.00961999 (R_Shoulder)
[2026-07-19 17:08:53.607] [info] Frame 124 (t = 1.24):	 total squared error = 0.000613822, marker error: RMS = 0.00476803, max = 0.00952928 (R_Shoulder)
[2026-07-19 17:08:53.620] [info] Frame 125 (t = 1.25):	 total squared error = 0.000627785, marker error: RMS = 0.00482196, max = 0.00940706 (R_Shoulder)
[2026-07-19 17:08:53.636] [info] Frame 126 (t = 1.26):	 total squared error = 0.000639105, marker error: RMS = 0.00486524, max = 0.00953821 (C7)
[2026-07-19 17:08:53.670] [info] Frame 127 (t = 1.27):	 total squared error = 0.000644492, marker error: RMS = 0.00488570, max = 0.00987704 (C7)
[2026-07-19 17:08:53.692] [info] Frame 128 (t = 1.28):	 total squared error = 0.000654686, marker error: RMS = 0.00492419, max = 0.0102037 (C7)
[2026-07-19 17:08:53.698] [info] Frame 129 (t = 1.29):	 total squared error = 0.000672889, marker error: RMS = 0.00499218, max = 0.0105857 (C7)
[2026-07-19 17:08:53.717] [info] Frame 130 (t = 1.3):	 total squared error = 0.000680851, marker error: RMS = 0.00502162, max = 0.0110800 (C7)
[2026-07-19 17:08:53.736] [info] Frame 131 (t = 1.31):	 total squared error = 0.000697775, marker error: RMS = 0.00508365, max = 0.0114881 (C7)
[2026-07-19 17:08:53.762] [info] Frame 132 (t = 1.32):	 total squared error = 0.000714489, marker error: RMS = 0.00514418, max = 0.0119074 (C7)
[2026-07-19 17:08:53.788] [info] Frame 133 (t = 1.33):	 total squared error = 0.000732487, marker error: RMS = 0.00520857, max = 0.0124026 (C7)
[2026-07-19 17:08:53.799] [info] Frame 134 (t = 1.34):	 total squared error = 0.000755422, marker error: RMS = 0.00528948, max = 0.0128584 (C7)
[2026-07-19 17:08:53.818] [info] Frame 135 (t = 1.35):	 total squared error = 0.000770465, marker error: RMS = 0.00534188, max = 0.0132768 (C7)
[2026-07-19 17:08:53.841] [info] Frame 136 (t = 1.36):	 total squared error = 0.000793311, marker error: RMS = 0.00542051, max = 0.0137057 (C7)
[2026-07-19 17:08:53.890] [info] Frame 137 (t = 1.37):	 total squared error = 0.000803803, marker error: RMS = 0.00545623, max = 0.0139289 (C7)
[2026-07-19 17:08:53.919] [info] Frame 138 (t = 1.38):	 total squared error = 0.000824325, marker error: RMS = 0.00552545, max = 0.0143012 (C7)
[2026-07-19 17:08:53.956] [info] Frame 139 (t = 1.39):	 total squared error = 0.000834484, marker error: RMS = 0.00555939, max = 0.0144613 (C7)
[2026-07-19 17:08:53.975] [info] Frame 140 (t = 1.4):	 total squared error = 0.000855798, marker error: RMS = 0.00562994, max = 0.0148296 (C7)
[2026-07-19 17:08:54.035] [info] Frame 141 (t = 1.41):	 total squared error = 0.000862389, marker error: RMS = 0.00565158, max = 0.0148751 (C7)
[2026-07-19 17:08:54.061] [info] Frame 142 (t = 1.42):	 total squared error = 0.000882639, marker error: RMS = 0.00571755, max = 0.0150972 (C7)
[2026-07-19 17:08:54.120] [info] Frame 143 (t = 1.43):	 total squared error = 0.000894907, marker error: RMS = 0.00575714, max = 0.0151622 (C7)
[2026-07-19 17:08:54.140] [info] Frame 144 (t = 1.44):	 total squared error = 0.000919467, marker error: RMS = 0.00583561, max = 0.0153966 (C7)
[2026-07-19 17:08:54.197] [info] Frame 145 (t = 1.45):	 total squared error = 0.000927460, marker error: RMS = 0.00586092, max = 0.0154424 (C7)
[2026-07-19 17:08:54.236] [info] Frame 146 (t = 1.46):	 total squared error = 0.000943393, marker error: RMS = 0.00591105, max = 0.0155138 (C7)
[2026-07-19 17:08:54.273] [info] Frame 147 (t = 1.47):	 total squared error = 0.000954401, marker error: RMS = 0.00594543, max = 0.0155909 (C7)
[2026-07-19 17:08:54.308] [info] Frame 148 (t = 1.48):	 total squared error = 0.000959566, marker error: RMS = 0.00596150, max = 0.0156964 (C7)
[2026-07-19 17:08:54.334] [info] Frame 149 (t = 1.49):	 total squared error = 0.000966490, marker error: RMS = 0.00598297, max = 0.0157816 (C7)
[2026-07-19 17:08:54.392] [info] Frame 150 (t = 1.5):	 total squared error = 0.000939603, marker error: RMS = 0.00589916, max = 0.0157703 (C7)
[2026-07-19 17:08:54.430] [info] Frame 151 (t = 1.51):	 total squared error = 0.000924331, marker error: RMS = 0.00585102, max = 0.0156764 (C7)
[2026-07-19 17:08:54.458] [info] Frame 152 (t = 1.52):	 total squared error = 0.000911960, marker error: RMS = 0.00581174, max = 0.0156857 (C7)
[2026-07-19 17:08:54.513] [info] Frame 153 (t = 1.53):	 total squared error = 0.000885145, marker error: RMS = 0.00572566, max = 0.0155643 (C7)
[2026-07-19 17:08:54.542] [info] Frame 154 (t = 1.54):	 total squared error = 0.000869437, marker error: RMS = 0.00567462, max = 0.0155206 (C7)
[2026-07-19 17:08:54.602] [info] Frame 155 (t = 1.55):	 total squared error = 0.000847074, marker error: RMS = 0.00560117, max = 0.0152703 (C7)
[2026-07-19 17:08:54.653] [info] Frame 156 (t = 1.56):	 total squared error = 0.000827854, marker error: RMS = 0.00553726, max = 0.0151337 (C7)
[2026-07-19 17:08:54.676] [info] Frame 157 (t = 1.57):	 total squared error = 0.000817570, marker error: RMS = 0.00550276, max = 0.0149373 (C7)
[2026-07-19 17:08:54.732] [info] Frame 158 (t = 1.58):	 total squared error = 0.000800936, marker error: RMS = 0.00544649, max = 0.0146688 (C7)
[2026-07-19 17:08:54.754] [info] Frame 159 (t = 1.59):	 total squared error = 0.000796843, marker error: RMS = 0.00543256, max = 0.0144491 (C7)
[2026-07-19 17:08:54.801] [info] Frame 160 (t = 1.6):	 total squared error = 0.000783994, marker error: RMS = 0.00538858, max = 0.0141287 (C7)
[2026-07-19 17:08:54.827] [info] Frame 161 (t = 1.61):	 total squared error = 0.000783593, marker error: RMS = 0.00538720, max = 0.0138866 (C7)
[2026-07-19 17:08:54.858] [info] Frame 162 (t = 1.62):	 total squared error = 0.000778269, marker error: RMS = 0.00536887, max = 0.013555 (C7)
[2026-07-19 17:08:54.902] [info] Frame 163 (t = 1.63):	 total squared error = 0.000769320, marker error: RMS = 0.00533791, max = 0.0133345 (C7)
[2026-07-19 17:08:54.940] [info] Frame 164 (t = 1.64):	 total squared error = 0.000764084, marker error: RMS = 0.00531972, max = 0.0130800 (C7)
[2026-07-19 17:08:54.970] [info] Frame 165 (t = 1.65):	 total squared error = 0.000759153, marker error: RMS = 0.00530252, max = 0.0128981 (C7)
[2026-07-19 17:08:54.996] [info] Frame 166 (t = 1.66):	 total squared error = 0.000751498, marker error: RMS = 0.00527572, max = 0.0127126 (C7)
[2026-07-19 17:08:55.036] [info] Frame 167 (t = 1.67):	 total squared error = 0.000736178, marker error: RMS = 0.00522167, max = 0.0124277 (C7)
[2026-07-19 17:08:55.074] [info] Frame 168 (t = 1.68):	 total squared error = 0.000725057, marker error: RMS = 0.00518208, max = 0.012257 (C7)
[2026-07-19 17:08:55.114] [info] Frame 169 (t = 1.69):	 total squared error = 0.000714139, marker error: RMS = 0.00514292, max = 0.0120383 (C7)
[2026-07-19 17:08:55.142] [info] Frame 170 (t = 1.7):	 total squared error = 0.000707700, marker error: RMS = 0.00511968, max = 0.0121913 (L_Shoulder)
[2026-07-19 17:08:55.178] [info] Frame 171 (t = 1.71):	 total squared error = 0.000701327, marker error: RMS = 0.00509657, max = 0.0125369 (L_Shoulder)
[2026-07-19 17:08:55.210] [info] Frame 172 (t = 1.72):	 total squared error = 0.000699383, marker error: RMS = 0.00508951, max = 0.0128568 (L_Shoulder)
[2026-07-19 17:08:55.251] [info] Frame 173 (t = 1.73):	 total squared error = 0.000699862, marker error: RMS = 0.00509125, max = 0.0129135 (L_Shoulder)
[2026-07-19 17:08:55.280] [info] Frame 174 (t = 1.74):	 total squared error = 0.000709811, marker error: RMS = 0.00512731, max = 0.0134625 (L_Shoulder)
[2026-07-19 17:08:55.306] [info] Frame 175 (t = 1.75):	 total squared error = 0.000724058, marker error: RMS = 0.00517851, max = 0.01393 (L_Shoulder)
[2026-07-19 17:08:55.360] [info] Frame 176 (t = 1.76):	 total squared error = 0.000732911, marker error: RMS = 0.00521007, max = 0.0137558 (L_Shoulder)
[2026-07-19 17:08:55.694] [info] Frame 177 (t = 1.77):	 total squared error = 0.000755439, marker error: RMS = 0.00528954, max = 0.0139998 (L_Shoulder)
[2026-07-19 17:08:55.721] [info] Frame 178 (t = 1.78):	 total squared error = 0.000784595, marker error: RMS = 0.00539065, max = 0.0142636 (L_Shoulder)
[2026-07-19 17:08:55.805] [info] Frame 179 (t = 1.79):	 total squared error = 0.000817419, marker error: RMS = 0.00550225, max = 0.0142998 (L_Shoulder)
[2026-07-19 17:08:55.837] [info] Frame 180 (t = 1.8):	 total squared error = 0.000854069, marker error: RMS = 0.00562425, max = 0.0142973 (L_Shoulder)
[2026-07-19 17:08:55.863] [info] Frame 181 (t = 1.81):	 total squared error = 0.000902528, marker error: RMS = 0.00578161, max = 0.0143356 (L_Shoulder)
[2026-07-19 17:08:55.895] [info] Frame 182 (t = 1.82):	 total squared error = 0.000946139, marker error: RMS = 0.00591964, max = 0.0142111 (L_Shoulder)
[2026-07-19 17:08:55.926] [info] Frame 183 (t = 1.83):	 total squared error = 0.000996845, marker error: RMS = 0.00607620, max = 0.0147811 (R_Shoulder)
[2026-07-19 17:08:55.951] [info] Frame 184 (t = 1.84):	 total squared error = 0.00104874, marker error: RMS = 0.00623235, max = 0.0153886 (R_Shoulder)
[2026-07-19 17:08:55.981] [info] Frame 185 (t = 1.85):	 total squared error = 0.00109927, marker error: RMS = 0.00638074, max = 0.0160604 (R_Shoulder)
[2026-07-19 17:08:56.015] [info] Frame 186 (t = 1.86):	 total squared error = 0.00114857, marker error: RMS = 0.00652225, max = 0.0166909 (R_Shoulder)
[2026-07-19 17:08:56.073] [info] Frame 187 (t = 1.87):	 total squared error = 0.00119784, marker error: RMS = 0.00666066, max = 0.0172409 (R_Shoulder)
[2026-07-19 17:08:56.106] [info] Frame 188 (t = 1.88):	 total squared error = 0.00124911, marker error: RMS = 0.00680171, max = 0.0177959 (R_Shoulder)
[2026-07-19 17:08:56.131] [info] Frame 189 (t = 1.89):	 total squared error = 0.00130624, marker error: RMS = 0.00695551, max = 0.018287 (R_Shoulder)
[2026-07-19 17:08:56.146] [info] Frame 190 (t = 1.9):	 total squared error = 0.00140216, marker error: RMS = 0.00720638, max = 0.0187030 (R_Shoulder)
[2026-07-19 17:08:56.176] [info] Frame 191 (t = 1.91):	 total squared error = 0.00144791, marker error: RMS = 0.00732299, max = 0.0191196 (R_Shoulder)
[2026-07-19 17:08:56.201] [info] Frame 192 (t = 1.92):	 total squared error = 0.00152639, marker error: RMS = 0.00751883, max = 0.0193923 (R_Shoulder)
[2026-07-19 17:08:56.227] [info] Frame 193 (t = 1.93):	 total squared error = 0.00160506, marker error: RMS = 0.00771017, max = 0.0195915 (R_Shoulder)
[2026-07-19 17:08:56.244] [info] Frame 194 (t = 1.94):	 total squared error = 0.00167697, marker error: RMS = 0.00788099, max = 0.0196681 (R_Shoulder)
[2026-07-19 17:08:56.259] [info] Frame 195 (t = 1.95):	 total squared error = 0.00174298, marker error: RMS = 0.00803459, max = 0.0197972 (R_Shoulder)
[2026-07-19 17:08:56.285] [info] Frame 196 (t = 1.96):	 total squared error = 0.00179380, marker error: RMS = 0.00815089, max = 0.0196978 (R_Shoulder)
[2026-07-19 17:08:56.308] [info] Frame 197 (t = 1.97):	 total squared error = 0.00183554, marker error: RMS = 0.00824517, max = 0.0195408 (R_Shoulder)
[2026-07-19 17:08:56.323] [info] Frame 198 (t = 1.98):	 total squared error = 0.00186986, marker error: RMS = 0.00832190, max = 0.0192796 (R_Shoulder)
[2026-07-19 17:08:56.340] [info] Frame 199 (t = 1.99):	 total squared error = 0.00190142, marker error: RMS = 0.00839184, max = 0.0189811 (R_Shoulder)
[2026-07-19 17:08:56.361] [info] Frame 200 (t = 2.0):	 total squared error = 0.00192924, marker error: RMS = 0.00845300, max = 0.0185727 (R_Shoulder)
[2026-07-19 17:08:56.384] [info] Frame 201 (t = 2.01):	 total squared error = 0.00195295, marker error: RMS = 0.00850479, max = 0.0181188 (R_Shoulder)
[2026-07-19 17:08:56.405] [info] Frame 202 (t = 2.02):	 total squared error = 0.00196682, marker error: RMS = 0.00853494, max = 0.0176468 (R_Shoulder)
[2026-07-19 17:08:56.426] [info] Frame 203 (t = 2.03):	 total squared error = 0.00196374, marker error: RMS = 0.00852824, max = 0.0181594 (Thoracic)
[2026-07-19 17:08:56.449] [info] Frame 204 (t = 2.04):	 total squared error = 0.00193820, marker error: RMS = 0.00847261, max = 0.0190688 (Thoracic)
[2026-07-19 17:08:56.468] [info] Frame 205 (t = 2.05):	 total squared error = 0.00188488, marker error: RMS = 0.00835525, max = 0.0197886 (Thoracic)
[2026-07-19 17:08:56.500] [info] Frame 206 (t = 2.06):	 total squared error = 0.00180336, marker error: RMS = 0.00817258, max = 0.0202961 (Thoracic)
[2026-07-19 17:08:56.525] [info] Frame 207 (t = 2.07):	 total squared error = 0.00171691, marker error: RMS = 0.00797429, max = 0.0204324 (Thoracic)
[2026-07-19 17:08:56.558] [info] Frame 208 (t = 2.08):	 total squared error = 0.00162202, marker error: RMS = 0.00775079, max = 0.0204423 (Thoracic)
[2026-07-19 17:08:56.583] [info] Frame 209 (t = 2.09):	 total squared error = 0.00154221, marker error: RMS = 0.00755771, max = 0.0201030 (Thoracic)
[2026-07-19 17:08:56.616] [info] Frame 210 (t = 2.1):	 total squared error = 0.00146120, marker error: RMS = 0.00735653, max = 0.0197889 (Thoracic)
[2026-07-19 17:08:56.634] [info] Frame 211 (t = 2.11):	 total squared error = 0.00140647, marker error: RMS = 0.00721743, max = 0.0191685 (Thoracic)
[2026-07-19 17:08:56.652] [info] Frame 212 (t = 2.12):	 total squared error = 0.00135608, marker error: RMS = 0.00708697, max = 0.0186032 (Thoracic)
[2026-07-19 17:08:56.681] [info] Frame 213 (t = 2.13):	 total squared error = 0.00131029, marker error: RMS = 0.00696630, max = 0.0180719 (Thoracic)
[2026-07-19 17:08:56.701] [info] Frame 214 (t = 2.14):	 total squared error = 0.00127482, marker error: RMS = 0.00687135, max = 0.0174835 (Thoracic)
[2026-07-19 17:08:56.721] [info] Frame 215 (t = 2.15):	 total squared error = 0.00123808, marker error: RMS = 0.00677162, max = 0.0170051 (Thoracic)
[2026-07-19 17:08:56.748] [info] Frame 216 (t = 2.16):	 total squared error = 0.00119691, marker error: RMS = 0.00665808, max = 0.0165942 (Thoracic)
[2026-07-19 17:08:56.758] [info] Frame 217 (t = 2.17):	 total squared error = 0.00115877, marker error: RMS = 0.00655113, max = 0.0160964 (Thoracic)
[2026-07-19 17:08:56.783] [info] Frame 218 (t = 2.18):	 total squared error = 0.00111482, marker error: RMS = 0.00642569, max = 0.0159314 (Thoracic)
[2026-07-19 17:08:56.801] [info] Frame 219 (t = 2.19):	 total squared error = 0.00107276, marker error: RMS = 0.00630332, max = 0.015716 (Thoracic)
[2026-07-19 17:08:56.837] [info] Frame 220 (t = 2.2):	 total squared error = 0.00103194, marker error: RMS = 0.00618223, max = 0.0156212 (Thoracic)
[2026-07-19 17:08:56.855] [info] Frame 221 (t = 2.21):	 total squared error = 0.000992428, marker error: RMS = 0.00606272, max = 0.0155131 (Thoracic)
[2026-07-19 17:08:56.879] [info] Frame 222 (t = 2.22):	 total squared error = 0.000956959, marker error: RMS = 0.00595340, max = 0.0154987 (Thoracic)
[2026-07-19 17:08:56.901] [info] Frame 223 (t = 2.23):	 total squared error = 0.000924056, marker error: RMS = 0.00585015, max = 0.0155682 (Thoracic)
[2026-07-19 17:08:56.924] [info] Frame 224 (t = 2.24):	 total squared error = 0.000894578, marker error: RMS = 0.00575608, max = 0.0156713 (Thoracic)
[2026-07-19 17:08:56.950] [info] Frame 225 (t = 2.25):	 total squared error = 0.000869371, marker error: RMS = 0.00567441, max = 0.0158022 (Thoracic)
[2026-07-19 17:08:56.969] [info] Frame 226 (t = 2.26):	 total squared error = 0.000848959, marker error: RMS = 0.00560740, max = 0.0159448 (Thoracic)
[2026-07-19 17:08:56.988] [info] Frame 227 (t = 2.27):	 total squared error = 0.000832794, marker error: RMS = 0.00555376, max = 0.0160820 (Thoracic)
[2026-07-19 17:08:57.008] [info] Frame 228 (t = 2.28):	 total squared error = 0.000820957, marker error: RMS = 0.00551415, max = 0.0161656 (Thoracic)
[2026-07-19 17:08:57.032] [info] Frame 229 (t = 2.29):	 total squared error = 0.000811911, marker error: RMS = 0.00548368, max = 0.0162204 (Thoracic)
[2026-07-19 17:08:57.052] [info] Frame 230 (t = 2.3):	 total squared error = 0.000807788, marker error: RMS = 0.00546974, max = 0.0161433 (Thoracic)
[2026-07-19 17:08:57.070] [info] Frame 231 (t = 2.31):	 total squared error = 0.000806074, marker error: RMS = 0.00546394, max = 0.0159603 (Thoracic)
[2026-07-19 17:08:57.087] [info] Frame 232 (t = 2.32):	 total squared error = 0.000804760, marker error: RMS = 0.00545948, max = 0.0157222 (Thoracic)
[2026-07-19 17:08:57.120] [info] Frame 233 (t = 2.33):	 total squared error = 0.000801040, marker error: RMS = 0.00544685, max = 0.0154935 (Thoracic)
[2026-07-19 17:08:57.139] [info] Frame 234 (t = 2.34):	 total squared error = 0.000797731, marker error: RMS = 0.00543559, max = 0.0150484 (Thoracic)
[2026-07-19 17:08:57.151] [info] Frame 235 (t = 2.35):	 total squared error = 0.000795440, marker error: RMS = 0.00542777, max = 0.0146134 (Thoracic)
[2026-07-19 17:08:57.170] [info] Frame 236 (t = 2.36):	 total squared error = 0.000782550, marker error: RMS = 0.00538362, max = 0.0140141 (Thoracic)
[2026-07-19 17:08:57.182] [info] Frame 237 (t = 2.37):	 total squared error = 0.000772974, marker error: RMS = 0.00535058, max = 0.0134745 (Thoracic)
[2026-07-19 17:08:57.201] [info] Frame 238 (t = 2.38):	 total squared error = 0.000752466, marker error: RMS = 0.00527912, max = 0.0129079 (Thoracic)
[2026-07-19 17:08:57.211] [info] Frame 239 (t = 2.39):	 total squared error = 0.000737933, marker error: RMS = 0.00522789, max = 0.0123022 (Thoracic)
[2026-07-19 17:08:57.232] [info] Frame 240 (t = 2.4):	 total squared error = 0.000716990, marker error: RMS = 0.00515317, max = 0.011745 (Thoracic)
[2026-07-19 17:08:57.243] [info] Frame 241 (t = 2.41):	 total squared error = 0.000704096, marker error: RMS = 0.00510663, max = 0.0111755 (Thoracic)
[2026-07-19 17:08:57.264] [info] Frame 242 (t = 2.42):	 total squared error = 0.000689546, marker error: RMS = 0.00505359, max = 0.0106494 (Thoracic)
[2026-07-19 17:08:57.283] [info] Frame 243 (t = 2.43):	 total squared error = 0.000680847, marker error: RMS = 0.00502161, max = 0.0105040 (R_Shoulder)
[2026-07-19 17:08:57.293] [info] Frame 244 (t = 2.44):	 total squared error = 0.000679875, marker error: RMS = 0.00501802, max = 0.0106266 (R_Shoulder)
[2026-07-19 17:08:57.303] [info] Frame 245 (t = 2.45):	 total squared error = 0.000682384, marker error: RMS = 0.00502727, max = 0.0106729 (R_Shoulder)
[2026-07-19 17:08:57.320] [info] Frame 246 (t = 2.46):	 total squared error = 0.000683349, marker error: RMS = 0.00503083, max = 0.0109296 (R_Shoulder)
[2026-07-19 17:08:57.329] [info] Frame 247 (t = 2.47):	 total squared error = 0.000691573, marker error: RMS = 0.00506101, max = 0.0110260 (R_Shoulder)
[2026-07-19 17:08:57.340] [info] Frame 248 (t = 2.48):	 total squared error = 0.000700409, marker error: RMS = 0.00509324, max = 0.0110979 (R_Shoulder)
[2026-07-19 17:08:57.348] [info] Frame 249 (t = 2.49):	 total squared error = 0.000709173, marker error: RMS = 0.00512500, max = 0.0112123 (R_Shoulder)
[2026-07-19 17:08:57.364] [info] Frame 250 (t = 2.5):	 total squared error = 0.000700578, marker error: RMS = 0.00509385, max = 0.0114683 (R_Shoulder)
[2026-07-19 17:08:57.372] [info] Frame 251 (t = 2.51):	 total squared error = 0.000698788, marker error: RMS = 0.00508734, max = 0.0114894 (R_Shoulder)
[2026-07-19 17:08:57.386] [info] Frame 252 (t = 2.52):	 total squared error = 0.000686655, marker error: RMS = 0.00504298, max = 0.0118817 (R_Shoulder)
[2026-07-19 17:08:57.405] [info] Frame 253 (t = 2.53):	 total squared error = 0.000672077, marker error: RMS = 0.00498916, max = 0.0120523 (R_Shoulder)
[2026-07-19 17:08:57.420] [info] Frame 254 (t = 2.54):	 total squared error = 0.000662739, marker error: RMS = 0.00495438, max = 0.0124328 (R_Shoulder)
[2026-07-19 17:08:57.430] [info] Frame 255 (t = 2.55):	 total squared error = 0.000667014, marker error: RMS = 0.00497033, max = 0.0123964 (R_Shoulder)
[2026-07-19 17:08:57.457] [info] Frame 256 (t = 2.56):	 total squared error = 0.000650723, marker error: RMS = 0.00490926, max = 0.0127524 (R_Shoulder)
[2026-07-19 17:08:57.467] [info] Frame 257 (t = 2.57):	 total squared error = 0.000668395, marker error: RMS = 0.00497548, max = 0.0129167 (R_Shoulder)
[2026-07-19 17:08:57.494] [info] Frame 258 (t = 2.58):	 total squared error = 0.000663850, marker error: RMS = 0.00495853, max = 0.0136487 (R_Shoulder)
[2026-07-19 17:08:57.512] [info] Frame 259 (t = 2.59):	 total squared error = 0.000681500, marker error: RMS = 0.00502402, max = 0.013916 (R_Shoulder)
[2026-07-19 17:08:57.532] [info] Frame 260 (t = 2.6):	 total squared error = 0.000701371, marker error: RMS = 0.00509674, max = 0.0141988 (R_Shoulder)
[2026-07-19 17:08:57.553] [info] Frame 261 (t = 2.61):	 total squared error = 0.000723243, marker error: RMS = 0.00517559, max = 0.0145251 (R_Shoulder)
[2026-07-19 17:08:57.578] [info] Frame 262 (t = 2.62):	 total squared error = 0.000745494, marker error: RMS = 0.00525461, max = 0.0148041 (R_Shoulder)
[2026-07-19 17:08:57.590] [info] Frame 263 (t = 2.63):	 total squared error = 0.000774898, marker error: RMS = 0.00535723, max = 0.0149727 (R_Shoulder)
[2026-07-19 17:08:57.608] [info] Frame 264 (t = 2.64):	 total squared error = 0.000785055, marker error: RMS = 0.00539223, max = 0.0150814 (R_Shoulder)
[2026-07-19 17:08:57.619] [info] Frame 265 (t = 2.65):	 total squared error = 0.000805183, marker error: RMS = 0.00546092, max = 0.0151532 (R_Shoulder)
[2026-07-19 17:08:57.636] [info] Frame 266 (t = 2.66):	 total squared error = 0.000805427, marker error: RMS = 0.00546174, max = 0.0151566 (R_Shoulder)
[2026-07-19 17:08:57.645] [info] Frame 267 (t = 2.67):	 total squared error = 0.000814705, marker error: RMS = 0.00549311, max = 0.0148353 (R_Shoulder)
[2026-07-19 17:08:57.669] [info] Frame 268 (t = 2.68):	 total squared error = 0.000798548, marker error: RMS = 0.00543837, max = 0.0149926 (R_Shoulder)
[2026-07-19 17:08:57.681] [info] Frame 269 (t = 2.69):	 total squared error = 0.000790139, marker error: RMS = 0.00540966, max = 0.0146725 (R_Shoulder)
[2026-07-19 17:08:57.695] [info] Frame 270 (t = 2.7):	 total squared error = 0.000776037, marker error: RMS = 0.00536117, max = 0.0144728 (R_Shoulder)
[2026-07-19 17:08:57.717] [info] Frame 271 (t = 2.71):	 total squared error = 0.000752041, marker error: RMS = 0.00527763, max = 0.0142624 (R_Shoulder)
[2026-07-19 17:08:57.727] [info] Frame 272 (t = 2.72):	 total squared error = 0.000737968, marker error: RMS = 0.00522801, max = 0.0137331 (R_Shoulder)
[2026-07-19 17:08:57.737] [info] Frame 273 (t = 2.73):	 total squared error = 0.000728278, marker error: RMS = 0.00519358, max = 0.0133132 (R_Shoulder)
[2026-07-19 17:08:57.763] [info] Frame 274 (t = 2.74):	 total squared error = 0.000695024, marker error: RMS = 0.00507362, max = 0.0133216 (R_Shoulder)
[2026-07-19 17:08:57.779] [info] Frame 275 (t = 2.75):	 total squared error = 0.000678246, marker error: RMS = 0.00501201, max = 0.0129869 (R_Shoulder)
[2026-07-19 17:08:57.806] [info] Frame 276 (t = 2.76):	 total squared error = 0.000657488, marker error: RMS = 0.00493472, max = 0.0126553 (R_Shoulder)
[2026-07-19 17:08:57.815] [info] Frame 277 (t = 2.77):	 total squared error = 0.000645981, marker error: RMS = 0.00489134, max = 0.0122406 (R_Shoulder)
[2026-07-19 17:08:57.839] [info] Frame 278 (t = 2.78):	 total squared error = 0.000626545, marker error: RMS = 0.00481720, max = 0.0120535 (R_Shoulder)
[2026-07-19 17:08:57.850] [info] Frame 279 (t = 2.79):	 total squared error = 0.000625152, marker error: RMS = 0.00481184, max = 0.0116442 (R_Shoulder)
[2026-07-19 17:08:57.870] [info] Frame 280 (t = 2.8):	 total squared error = 0.000628965, marker error: RMS = 0.00482649, max = 0.0114749 (R_Shoulder)
[2026-07-19 17:08:57.879] [info] Frame 281 (t = 2.81):	 total squared error = 0.000651634, marker error: RMS = 0.00491270, max = 0.0112756 (R_Shoulder)
[2026-07-19 17:08:57.891] [info] Frame 282 (t = 2.82):	 total squared error = 0.000683675, marker error: RMS = 0.00503203, max = 0.0109784 (R_Shoulder)
[2026-07-19 17:08:57.911] [info] Frame 283 (t = 2.83):	 total squared error = 0.000710848, marker error: RMS = 0.00513105, max = 0.0108151 (R_Shoulder)
[2026-07-19 17:08:57.923] [info] Frame 284 (t = 2.84):	 total squared error = 0.000746729, marker error: RMS = 0.00525896, max = 0.0106585 (R_Shoulder)
[2026-07-19 17:08:57.937] [info] Frame 285 (t = 2.85):	 total squared error = 0.000777315, marker error: RMS = 0.00536558, max = 0.0105103 (R_Shoulder)
[2026-07-19 17:08:57.946] [info] Frame 286 (t = 2.86):	 total squared error = 0.000802407, marker error: RMS = 0.00545149, max = 0.0104177 (R_Shoulder)
[2026-07-19 17:08:57.955] [info] Frame 287 (t = 2.87):	 total squared error = 0.000819417, marker error: RMS = 0.00550897, max = 0.0104149 (R_Shoulder)
[2026-07-19 17:08:57.974] [info] Frame 288 (t = 2.88):	 total squared error = 0.000805160, marker error: RMS = 0.00546084, max = 0.0102908 (Thoracic)
[2026-07-19 17:08:57.983] [info] Frame 289 (t = 2.89):	 total squared error = 0.000803875, marker error: RMS = 0.00545648, max = 0.0103973 (Thoracic)
[2026-07-19 17:08:58.006] [info] Frame 290 (t = 2.9):	 total squared error = 0.000788133, marker error: RMS = 0.00540279, max = 0.0104098 (Thoracic)
[2026-07-19 17:08:58.018] [info] Frame 291 (t = 2.91):	 total squared error = 0.000782608, marker error: RMS = 0.00538382, max = 0.0102760 (R_Shoulder)
[2026-07-19 17:08:58.027] [info] Frame 292 (t = 2.92):	 total squared error = 0.000784408, marker error: RMS = 0.00539000, max = 0.0103052 (R_Shoulder)
[2026-07-19 17:08:58.048] [info] Frame 293 (t = 2.93):	 total squared error = 0.000772392, marker error: RMS = 0.00534856, max = 0.0105757 (R_Shoulder)
[2026-07-19 17:08:58.057] [info] Frame 294 (t = 2.94):	 total squared error = 0.000784347, marker error: RMS = 0.00538980, max = 0.0105235 (R_Shoulder)
[2026-07-19 17:08:58.076] [info] Frame 295 (t = 2.95):	 total squared error = 0.000792884, marker error: RMS = 0.00541905, max = 0.0107358 (R_Shoulder)
[2026-07-19 17:08:58.090] [info] Frame 296 (t = 2.96):	 total squared error = 0.000815092, marker error: RMS = 0.00549441, max = 0.0105542 (R_Shoulder)
[2026-07-19 17:08:58.099] [info] Frame 297 (t = 2.97):	 total squared error = 0.000850851, marker error: RMS = 0.00561364, max = 0.0105121 (R_Shoulder)
[2026-07-19 17:08:58.114] [info] Frame 298 (t = 2.98):	 total squared error = 0.000879790, marker error: RMS = 0.00570831, max = 0.0106651 (R_Shoulder)
[2026-07-19 17:08:58.124] [info] Frame 299 (t = 2.99):	 total squared error = 0.000930445, marker error: RMS = 0.00587034, max = 0.0109856 (Thoracic)
[2026-07-19 17:08:58.141] [info] Frame 300 (t = 3.0):	 total squared error = 0.000972373, marker error: RMS = 0.00600115, max = 0.0121574 (Thoracic)
[2026-07-19 17:08:58.150] [info] Frame 301 (t = 3.01):	 total squared error = 0.00103098, marker error: RMS = 0.00617935, max = 0.0133405 (Thoracic)
[2026-07-19 17:08:58.166] [info] Frame 302 (t = 3.02):	 total squared error = 0.00106740, marker error: RMS = 0.00628757, max = 0.0144844 (Thoracic)
[2026-07-19 17:08:58.180] [info] Frame 303 (t = 3.03):	 total squared error = 0.00110040, marker error: RMS = 0.00638399, max = 0.0154711 (Thoracic)
[2026-07-19 17:08:58.194] [info] Frame 304 (t = 3.04):	 total squared error = 0.00112329, marker error: RMS = 0.00645005, max = 0.0161606 (Thoracic)
[2026-07-19 17:08:58.209] [info] Frame 305 (t = 3.05):	 total squared error = 0.00113375, marker error: RMS = 0.00648002, max = 0.01656 (Thoracic)
[2026-07-19 17:08:58.223] [info] Frame 306 (t = 3.06):	 total squared error = 0.00113215, marker error: RMS = 0.00647545, max = 0.0166584 (Thoracic)
[2026-07-19 17:08:58.237] [info] Frame 307 (t = 3.07):	 total squared error = 0.00111767, marker error: RMS = 0.00643390, max = 0.0165135 (Thoracic)
[2026-07-19 17:08:58.254] [info] Frame 308 (t = 3.08):	 total squared error = 0.00109476, marker error: RMS = 0.00636763, max = 0.0161784 (Thoracic)
[2026-07-19 17:08:58.269] [info] Frame 309 (t = 3.09):	 total squared error = 0.00107062, marker error: RMS = 0.00629702, max = 0.0156748 (Thoracic)
[2026-07-19 17:08:58.290] [info] Frame 310 (t = 3.1):	 total squared error = 0.00103991, marker error: RMS = 0.00620607, max = 0.0150655 (Thoracic)
[2026-07-19 17:08:58.308] [info] Frame 311 (t = 3.11):	 total squared error = 0.00101227, marker error: RMS = 0.00612304, max = 0.0143776 (Thoracic)
[2026-07-19 17:08:58.323] [info] Frame 312 (t = 3.12):	 total squared error = 0.000985340, marker error: RMS = 0.00604103, max = 0.0136576 (Thoracic)
[2026-07-19 17:08:58.331] [info] Frame 313 (t = 3.13):	 total squared error = 0.000965310, marker error: RMS = 0.00597932, max = 0.0129557 (Thoracic)
[2026-07-19 17:08:58.349] [info] Frame 314 (t = 3.14):	 total squared error = 0.000928709, marker error: RMS = 0.00586486, max = 0.0124653 (C7)
[2026-07-19 17:08:58.366] [info] Frame 315 (t = 3.15):	 total squared error = 0.000903690, marker error: RMS = 0.00578533, max = 0.0124127 (C7)
[2026-07-19 17:08:58.379] [info] Frame 316 (t = 3.16):	 total squared error = 0.000883937, marker error: RMS = 0.00572175, max = 0.012283 (C7)
[2026-07-19 17:08:58.396] [info] Frame 317 (t = 3.17):	 total squared error = 0.000863056, marker error: RMS = 0.00565376, max = 0.0121788 (C7)
[2026-07-19 17:08:58.414] [info] Frame 318 (t = 3.18):	 total squared error = 0.000847057, marker error: RMS = 0.00560112, max = 0.0119523 (C7)
[2026-07-19 17:08:58.431] [info] Frame 319 (t = 3.19):	 total squared error = 0.000833381, marker error: RMS = 0.00555571, max = 0.0118812 (C7)
[2026-07-19 17:08:58.441] [info] Frame 320 (t = 3.2):	 total squared error = 0.000828372, marker error: RMS = 0.00553899, max = 0.0117578 (C7)
[2026-07-19 17:08:58.462] [info] Frame 321 (t = 3.21):	 total squared error = 0.000812994, marker error: RMS = 0.00548734, max = 0.0116401 (C7)
[2026-07-19 17:08:58.473] [info] Frame 322 (t = 3.22):	 total squared error = 0.000808900, marker error: RMS = 0.00547350, max = 0.0115349 (C7)
[2026-07-19 17:08:58.488] [info] Frame 323 (t = 3.23):	 total squared error = 0.000802507, marker error: RMS = 0.00545183, max = 0.0112822 (C7)
[2026-07-19 17:08:58.503] [info] Frame 324 (t = 3.24):	 total squared error = 0.000797725, marker error: RMS = 0.00543557, max = 0.0111148 (C7)
[2026-07-19 17:08:58.520] [info] Frame 325 (t = 3.25):	 total squared error = 0.000792443, marker error: RMS = 0.00541754, max = 0.0111044 (L_Shoulder)
[2026-07-19 17:08:58.534] [info] Frame 326 (t = 3.26):	 total squared error = 0.000787797, marker error: RMS = 0.00540164, max = 0.0113116 (L_Shoulder)
[2026-07-19 17:08:58.546] [info] Frame 327 (t = 3.27):	 total squared error = 0.000784730, marker error: RMS = 0.00539111, max = 0.0116199 (L_Shoulder)
[2026-07-19 17:08:58.563] [info] Frame 328 (t = 3.28):	 total squared error = 0.000781609, marker error: RMS = 0.00538038, max = 0.0118461 (L_Shoulder)
[2026-07-19 17:08:58.578] [info] Frame 329 (t = 3.29):	 total squared error = 0.000782040, marker error: RMS = 0.00538186, max = 0.0121769 (L_Shoulder)
[2026-07-19 17:08:58.596] [info] Frame 330 (t = 3.3):	 total squared error = 0.000784924, marker error: RMS = 0.00539178, max = 0.0124827 (L_Shoulder)
[2026-07-19 17:08:58.613] [info] Frame 331 (t = 3.31):	 total squared error = 0.000793070, marker error: RMS = 0.00541968, max = 0.0129981 (L_Shoulder)
[2026-07-19 17:08:58.627] [info] Frame 332 (t = 3.32):	 total squared error = 0.000805146, marker error: RMS = 0.00546079, max = 0.0135151 (L_Shoulder)
[2026-07-19 17:08:58.641] [info] Frame 333 (t = 3.33):	 total squared error = 0.000816387, marker error: RMS = 0.00549878, max = 0.0138284 (L_Shoulder)
[2026-07-19 17:08:58.658] [info] Frame 334 (t = 3.34):	 total squared error = 0.000830744, marker error: RMS = 0.00554692, max = 0.0143465 (L_Shoulder)
[2026-07-19 17:08:58.674] [info] Frame 335 (t = 3.35):	 total squared error = 0.000845304, marker error: RMS = 0.00559532, max = 0.0147792 (L_Shoulder)
[2026-07-19 17:08:58.696] [info] Frame 336 (t = 3.36):	 total squared error = 0.000858273, marker error: RMS = 0.00563808, max = 0.0151364 (L_Shoulder)
[2026-07-19 17:08:58.718] [info] Frame 337 (t = 3.37):	 total squared error = 0.000874885, marker error: RMS = 0.00569238, max = 0.0156238 (L_Shoulder)
[2026-07-19 17:08:58.740] [info] Frame 338 (t = 3.38):	 total squared error = 0.000894850, marker error: RMS = 0.00575696, max = 0.0161026 (L_Shoulder)
[2026-07-19 17:08:58.756] [info] Frame 339 (t = 3.39):	 total squared error = 0.000921346, marker error: RMS = 0.00584157, max = 0.0167783 (L_Shoulder)
[2026-07-19 17:08:58.775] [info] Frame 340 (t = 3.4):	 total squared error = 0.000949185, marker error: RMS = 0.00592917, max = 0.0170065 (L_Shoulder)
[2026-07-19 17:08:58.792] [info] Frame 341 (t = 3.41):	 total squared error = 0.000983534, marker error: RMS = 0.00603550, max = 0.0174327 (L_Shoulder)
[2026-07-19 17:08:58.810] [info] Frame 342 (t = 3.42):	 total squared error = 0.00101618, marker error: RMS = 0.00613484, max = 0.0174431 (L_Shoulder)
[2026-07-19 17:08:58.828] [info] Frame 343 (t = 3.43):	 total squared error = 0.00104902, marker error: RMS = 0.00623319, max = 0.017668 (L_Shoulder)
[2026-07-19 17:08:58.852] [info] Frame 344 (t = 3.44):	 total squared error = 0.00107262, marker error: RMS = 0.00630290, max = 0.0174239 (L_Shoulder)
[2026-07-19 17:08:58.871] [info] Frame 345 (t = 3.45):	 total squared error = 0.00109451, marker error: RMS = 0.00636690, max = 0.0174496 (L_Shoulder)
[2026-07-19 17:08:58.894] [info] Frame 346 (t = 3.46):	 total squared error = 0.00110884, marker error: RMS = 0.00640845, max = 0.0171644 (L_Shoulder)
[2026-07-19 17:08:58.918] [info] Frame 347 (t = 3.47):	 total squared error = 0.00112177, marker error: RMS = 0.00644569, max = 0.0169434 (L_Shoulder)
[2026-07-19 17:08:58.934] [info] Frame 348 (t = 3.48):	 total squared error = 0.00113555, marker error: RMS = 0.00648516, max = 0.0167888 (L_Shoulder)
[2026-07-19 17:08:58.953] [info] Frame 349 (t = 3.49):	 total squared error = 0.00115045, marker error: RMS = 0.00652757, max = 0.0165075 (L_Shoulder)
[2026-07-19 17:08:58.976] [info] Frame 350 (t = 3.5):	 total squared error = 0.00117146, marker error: RMS = 0.00658690, max = 0.016243 (L_Shoulder)
[2026-07-19 17:08:58.993] [info] Frame 351 (t = 3.51):	 total squared error = 0.00120526, marker error: RMS = 0.00668125, max = 0.0161416 (L_Shoulder)
[2026-07-19 17:08:59.016] [info] Frame 352 (t = 3.52):	 total squared error = 0.00124573, marker error: RMS = 0.00679251, max = 0.0159142 (L_Shoulder)
[2026-07-19 17:08:59.032] [info] Frame 353 (t = 3.53):	 total squared error = 0.00130489, marker error: RMS = 0.00695193, max = 0.0157949 (L_Shoulder)
[2026-07-19 17:08:59.061] [info] Frame 354 (t = 3.54):	 total squared error = 0.00137701, marker error: RMS = 0.00714146, max = 0.0156369 (L_Shoulder)
[2026-07-19 17:08:59.083] [info] Frame 355 (t = 3.55):	 total squared error = 0.00146595, marker error: RMS = 0.00736848, max = 0.0155509 (L_Shoulder)
[2026-07-19 17:08:59.098] [info] Frame 356 (t = 3.56):	 total squared error = 0.00156549, marker error: RMS = 0.00761452, max = 0.0156801 (R_Shoulder)
[2026-07-19 17:08:59.111] [info] Frame 357 (t = 3.57):	 total squared error = 0.00167944, marker error: RMS = 0.00788680, max = 0.0166591 (R_Shoulder)
[2026-07-19 17:08:59.129] [info] Frame 358 (t = 3.58):	 total squared error = 0.00176663, marker error: RMS = 0.00808892, max = 0.0173183 (R_Shoulder)
[2026-07-19 17:08:59.145] [info] Frame 359 (t = 3.59):	 total squared error = 0.00185573, marker error: RMS = 0.00829040, max = 0.017842 (R_Shoulder)
[2026-07-19 17:08:59.166] [info] Frame 360 (t = 3.6):	 total squared error = 0.00193352, marker error: RMS = 0.00846237, max = 0.0184064 (R_Shoulder)
[2026-07-19 17:08:59.186] [info] Frame 361 (t = 3.61):	 total squared error = 0.00199130, marker error: RMS = 0.00858790, max = 0.0188112 (R_Shoulder)
[2026-07-19 17:08:59.199] [info] Frame 362 (t = 3.62):	 total squared error = 0.00203136, marker error: RMS = 0.00867383, max = 0.0190303 (R_Shoulder)
[2026-07-19 17:08:59.212] [info] Frame 363 (t = 3.63):	 total squared error = 0.00205347, marker error: RMS = 0.00872092, max = 0.0191089 (R_Shoulder)
[2026-07-19 17:08:59.226] [info] Frame 364 (t = 3.64):	 total squared error = 0.00205866, marker error: RMS = 0.00873193, max = 0.0190792 (R_Shoulder)
[2026-07-19 17:08:59.245] [info] Frame 365 (t = 3.65):	 total squared error = 0.00204916, marker error: RMS = 0.00871177, max = 0.0188471 (R_Shoulder)
[2026-07-19 17:08:59.264] [info] Frame 366 (t = 3.66):	 total squared error = 0.00202788, marker error: RMS = 0.00866641, max = 0.0184762 (R_Shoulder)
[2026-07-19 17:08:59.281] [info] Frame 367 (t = 3.67):	 total squared error = 0.00199506, marker error: RMS = 0.00859600, max = 0.0180395 (R_Shoulder)
[2026-07-19 17:08:59.298] [info] Frame 368 (t = 3.68):	 total squared error = 0.00195297, marker error: RMS = 0.00850484, max = 0.0174803 (R_Shoulder)
[2026-07-19 17:08:59.319] [info] Frame 369 (t = 3.69):	 total squared error = 0.00189019, marker error: RMS = 0.00836701, max = 0.016987 (R_Shoulder)
[2026-07-19 17:08:59.337] [info] Frame 370 (t = 3.7):	 total squared error = 0.00182774, marker error: RMS = 0.00822765, max = 0.016371 (R_Shoulder)
[2026-07-19 17:08:59.343] [info] InverseKinematicsTool completed 321 frames in 7 second(s).
[2026-07-19 17:08:59.378] [info] Loaded model TCV36-scaled from file C:\Users\lucia\Desktop\TFG\2_JMP\TVC36\Walk_1\TVC36_1_JMP_results\TVC36_1_NMSM_JMP_03_final.osim
[2026-07-19 17:08:59.921] [warning] Coordinate.setValue:  coordinate pro_sup_r is locked. Unable to change its value.
[2026-07-19 17:08:59.953] [warning] Coordinate.setValue:  coordinate pro_sup_l is locked. Unable to change its value.
[2026-07-19 17:09:44.628] [info] Loaded model TCV36-scaled from file C:\Users\lucia\Desktop\TFG\2_JMP\TVC36\Walk_1\TVC36_1_JMP_results\TVC36_1_NMSM_JMP_03_final.osim
[2026-07-19 17:09:44.638] [cout] [info] 
               MODEL: TCV36-scaled
         coordinates: 41
              forces: 103
           actuators: 103
             muscles: 86
            analyses: 0
              probes: 0
              bodies: 24
              joints: 24
         constraints: 2
             markers: 27
         controllers: 0
  contact geometries: 0
misc modelcomponents: 0
[2026-07-19 17:09:44.638] [info] Running tool .
[2026-07-19 17:09:44.731] [info] Frame 50 (t = 0.5):	 total squared error = 0.00149377, marker error: RMS = 0.00743807, max = 0.0143243 (R_Shoulder)
[2026-07-19 17:09:44.746] [info] Frame 51 (t = 0.51):	 total squared error = 0.00146771, marker error: RMS = 0.00737289, max = 0.0139328 (R_Shoulder)
[2026-07-19 17:09:44.762] [info] Frame 52 (t = 0.52):	 total squared error = 0.00143888, marker error: RMS = 0.00730013, max = 0.0135752 (R_Shoulder)
[2026-07-19 17:09:44.790] [info] Frame 53 (t = 0.53):	 total squared error = 0.00139272, marker error: RMS = 0.00718206, max = 0.0135311 (L_Shank_Lateral)
[2026-07-19 17:09:44.821] [info] Frame 54 (t = 0.54):	 total squared error = 0.00135025, marker error: RMS = 0.00707173, max = 0.0134865 (L_Shank_Lateral)
[2026-07-19 17:09:44.840] [info] Frame 55 (t = 0.55):	 total squared error = 0.00130629, marker error: RMS = 0.00695564, max = 0.0133495 (L_Shank_Lateral)
[2026-07-19 17:09:44.858] [info] Frame 56 (t = 0.56):	 total squared error = 0.00126625, marker error: RMS = 0.00684822, max = 0.0130796 (L_Shank_Lateral)
[2026-07-19 17:09:44.892] [info] Frame 57 (t = 0.57):	 total squared error = 0.00120447, marker error: RMS = 0.00667907, max = 0.0131961 (L_Shank_Lateral)
[2026-07-19 17:09:44.920] [info] Frame 58 (t = 0.58):	 total squared error = 0.00114991, marker error: RMS = 0.00652605, max = 0.0129844 (L_Shank_Lateral)
[2026-07-19 17:09:44.947] [info] Frame 59 (t = 0.59):	 total squared error = 0.00109173, marker error: RMS = 0.00635882, max = 0.012795 (L_Shank_Lateral)
[2026-07-19 17:09:44.965] [info] Frame 60 (t = 0.6):	 total squared error = 0.00103519, marker error: RMS = 0.00619196, max = 0.0124793 (L_Shank_Lateral)
[2026-07-19 17:09:44.991] [info] Frame 61 (t = 0.61):	 total squared error = 0.000972766, marker error: RMS = 0.00600236, max = 0.0122174 (L_Shank_Lateral)
[2026-07-19 17:09:45.011] [info] Frame 62 (t = 0.62):	 total squared error = 0.000920810, marker error: RMS = 0.00583987, max = 0.0118798 (L_Shank_Lateral)
[2026-07-19 17:09:45.027] [info] Frame 63 (t = 0.63):	 total squared error = 0.000874668, marker error: RMS = 0.00569167, max = 0.0115111 (L_Shank_Lateral)
[2026-07-19 17:09:45.043] [info] Frame 64 (t = 0.64):	 total squared error = 0.000838347, marker error: RMS = 0.00557224, max = 0.0111405 (L_Shank_Lateral)
[2026-07-19 17:09:45.061] [info] Frame 65 (t = 0.65):	 total squared error = 0.000807604, marker error: RMS = 0.00546912, max = 0.0109425 (R_Shoulder)
[2026-07-19 17:09:45.078] [info] Frame 66 (t = 0.66):	 total squared error = 0.000782035, marker error: RMS = 0.00538185, max = 0.0108236 (R_Shoulder)
[2026-07-19 17:09:45.091] [info] Frame 67 (t = 0.67):	 total squared error = 0.000755703, marker error: RMS = 0.00529046, max = 0.0109749 (R_Shoulder)
[2026-07-19 17:09:45.111] [info] Frame 68 (t = 0.68):	 total squared error = 0.000730690, marker error: RMS = 0.00520217, max = 0.0107415 (R_Shoulder)
[2026-07-19 17:09:45.123] [info] Frame 69 (t = 0.69):	 total squared error = 0.000703034, marker error: RMS = 0.00510277, max = 0.0108008 (R_Shoulder)
[2026-07-19 17:09:45.141] [info] Frame 70 (t = 0.7):	 total squared error = 0.000676272, marker error: RMS = 0.00500471, max = 0.0105562 (R_Shoulder)
[2026-07-19 17:09:45.155] [info] Frame 71 (t = 0.71):	 total squared error = 0.000649253, marker error: RMS = 0.00490371, max = 0.0106054 (R_Shoulder)
[2026-07-19 17:09:45.171] [info] Frame 72 (t = 0.72):	 total squared error = 0.000622361, marker error: RMS = 0.00480108, max = 0.0103537 (R_Shoulder)
[2026-07-19 17:09:45.188] [info] Frame 73 (t = 0.73):	 total squared error = 0.000595487, marker error: RMS = 0.00469628, max = 0.0102296 (R_Shoulder)
[2026-07-19 17:09:45.208] [info] Frame 74 (t = 0.74):	 total squared error = 0.000570440, marker error: RMS = 0.00459645, max = 0.0101429 (R_Shoulder)
[2026-07-19 17:09:45.220] [info] Frame 75 (t = 0.75):	 total squared error = 0.000551695, marker error: RMS = 0.00452030, max = 0.0102692 (R_Shoulder)
[2026-07-19 17:09:45.235] [info] Frame 76 (t = 0.76):	 total squared error = 0.000528697, marker error: RMS = 0.00442508, max = 0.00994753 (R_Shoulder)
[2026-07-19 17:09:45.248] [info] Frame 77 (t = 0.77):	 total squared error = 0.000508902, marker error: RMS = 0.00434145, max = 0.00984714 (R_Shoulder)
[2026-07-19 17:09:45.264] [info] Frame 78 (t = 0.78):	 total squared error = 0.000493681, marker error: RMS = 0.00427604, max = 0.00983669 (R_Shoulder)
[2026-07-19 17:09:45.292] [info] Frame 79 (t = 0.79):	 total squared error = 0.000479438, marker error: RMS = 0.00421390, max = 0.00979411 (R_Shoulder)
[2026-07-19 17:09:45.305] [info] Frame 80 (t = 0.8):	 total squared error = 0.000472224, marker error: RMS = 0.00418208, max = 0.00975723 (R_Shoulder)
[2026-07-19 17:09:45.314] [info] Frame 81 (t = 0.81):	 total squared error = 0.000474144, marker error: RMS = 0.00419057, max = 0.00971314 (R_Shoulder)
[2026-07-19 17:09:45.337] [info] Frame 82 (t = 0.82):	 total squared error = 0.000465129, marker error: RMS = 0.00415054, max = 0.00979375 (R_Shoulder)
[2026-07-19 17:09:45.351] [info] Frame 83 (t = 0.83):	 total squared error = 0.000463766, marker error: RMS = 0.00414446, max = 0.00973176 (R_Shoulder)
[2026-07-19 17:09:45.359] [info] Frame 84 (t = 0.84):	 total squared error = 0.000464656, marker error: RMS = 0.00414843, max = 0.00967019 (R_Shoulder)
[2026-07-19 17:09:45.374] [info] Frame 85 (t = 0.85):	 total squared error = 0.000459402, marker error: RMS = 0.00412491, max = 0.00971051 (R_Shoulder)
[2026-07-19 17:09:45.382] [info] Frame 86 (t = 0.86):	 total squared error = 0.000458877, marker error: RMS = 0.00412255, max = 0.00967076 (R_Shoulder)
[2026-07-19 17:09:45.396] [info] Frame 87 (t = 0.87):	 total squared error = 0.000449751, marker error: RMS = 0.00408135, max = 0.00965917 (R_Shoulder)
[2026-07-19 17:09:45.404] [info] Frame 88 (t = 0.88):	 total squared error = 0.000447888, marker error: RMS = 0.00407289, max = 0.00954707 (R_Shoulder)
[2026-07-19 17:09:45.414] [info] Frame 89 (t = 0.89):	 total squared error = 0.000444505, marker error: RMS = 0.00405748, max = 0.00952157 (R_Shoulder)
[2026-07-19 17:09:45.423] [info] Frame 90 (t = 0.9):	 total squared error = 0.000447021, marker error: RMS = 0.00406895, max = 0.00932391 (R_Shoulder)
[2026-07-19 17:09:45.444] [info] Frame 91 (t = 0.91):	 total squared error = 0.000436034, marker error: RMS = 0.00401863, max = 0.00971548 (R_Shoulder)
[2026-07-19 17:09:45.454] [info] Frame 92 (t = 0.92):	 total squared error = 0.000438663, marker error: RMS = 0.00403073, max = 0.00953117 (R_Shoulder)
[2026-07-19 17:09:45.461] [info] Frame 93 (t = 0.93):	 total squared error = 0.000444499, marker error: RMS = 0.00405745, max = 0.00930119 (R_Shoulder)
[2026-07-19 17:09:45.470] [info] Frame 94 (t = 0.94):	 total squared error = 0.000451359, marker error: RMS = 0.00408864, max = 0.00913962 (R_Shoulder)
[2026-07-19 17:09:45.491] [info] Frame 95 (t = 0.95):	 total squared error = 0.000436250, marker error: RMS = 0.00401963, max = 0.00949693 (R_Shoulder)
[2026-07-19 17:09:45.500] [info] Frame 96 (t = 0.96):	 total squared error = 0.000436440, marker error: RMS = 0.00402050, max = 0.00936836 (R_Shoulder)
[2026-07-19 17:09:45.519] [info] Frame 97 (t = 0.97):	 total squared error = 0.000429800, marker error: RMS = 0.00398980, max = 0.00942560 (R_Shoulder)
[2026-07-19 17:09:45.533] [info] Frame 98 (t = 0.98):	 total squared error = 0.000427401, marker error: RMS = 0.00397865, max = 0.00951027 (R_Shoulder)
[2026-07-19 17:09:45.552] [info] Frame 99 (t = 0.99):	 total squared error = 0.000423670, marker error: RMS = 0.00396125, max = 0.00950140 (R_Shoulder)
[2026-07-19 17:09:45.565] [info] Frame 100 (t = 1.0):	 total squared error = 0.000425700, marker error: RMS = 0.00397072, max = 0.00967196 (R_Shoulder)
[2026-07-19 17:09:45.584] [info] Frame 101 (t = 1.01):	 total squared error = 0.000424701, marker error: RMS = 0.00396607, max = 0.00970479 (R_Shoulder)
[2026-07-19 17:09:45.605] [info] Frame 102 (t = 1.02):	 total squared error = 0.000428966, marker error: RMS = 0.00398593, max = 0.00978478 (R_Shoulder)
[2026-07-19 17:09:45.625] [info] Frame 103 (t = 1.03):	 total squared error = 0.000435742, marker error: RMS = 0.00401729, max = 0.00993415 (R_Shoulder)
[2026-07-19 17:09:45.645] [info] Frame 104 (t = 1.04):	 total squared error = 0.000443879, marker error: RMS = 0.00405462, max = 0.0100416 (R_Shoulder)
[2026-07-19 17:09:45.656] [info] Frame 105 (t = 1.05):	 total squared error = 0.000456580, marker error: RMS = 0.00411222, max = 0.0102105 (R_Shoulder)
[2026-07-19 17:09:45.674] [info] Frame 106 (t = 1.06):	 total squared error = 0.000462922, marker error: RMS = 0.00414068, max = 0.0102208 (R_Shoulder)
[2026-07-19 17:09:45.688] [info] Frame 107 (t = 1.07):	 total squared error = 0.000474315, marker error: RMS = 0.00419133, max = 0.0103542 (R_Shoulder)
[2026-07-19 17:09:45.702] [info] Frame 108 (t = 1.08):	 total squared error = 0.000483830, marker error: RMS = 0.00423316, max = 0.0104258 (R_Shoulder)
[2026-07-19 17:09:45.721] [info] Frame 109 (t = 1.09):	 total squared error = 0.000489497, marker error: RMS = 0.00425788, max = 0.0103389 (R_Shoulder)
[2026-07-19 17:09:45.734] [info] Frame 110 (t = 1.1):	 total squared error = 0.000499217, marker error: RMS = 0.00429994, max = 0.0103509 (R_Shoulder)
[2026-07-19 17:09:45.746] [info] Frame 111 (t = 1.11):	 total squared error = 0.000510829, marker error: RMS = 0.00434967, max = 0.0102868 (R_Shoulder)
[2026-07-19 17:09:45.759] [info] Frame 112 (t = 1.12):	 total squared error = 0.000518805, marker error: RMS = 0.00438349, max = 0.0103375 (R_Shoulder)
[2026-07-19 17:09:45.770] [info] Frame 113 (t = 1.13):	 total squared error = 0.000532555, marker error: RMS = 0.00444120, max = 0.0101575 (R_Shoulder)
[2026-07-19 17:09:45.782] [info] Frame 114 (t = 1.14):	 total squared error = 0.000543072, marker error: RMS = 0.00448484, max = 0.0101433 (R_Shoulder)
[2026-07-19 17:09:45.800] [info] Frame 115 (t = 1.15):	 total squared error = 0.000540320, marker error: RMS = 0.00447346, max = 0.00994906 (R_Shoulder)
[2026-07-19 17:09:45.829] [info] Frame 116 (t = 1.16):	 total squared error = 0.000543470, marker error: RMS = 0.00448648, max = 0.00990590 (R_Shoulder)
[2026-07-19 17:09:45.839] [info] Frame 117 (t = 1.17):	 total squared error = 0.000553104, marker error: RMS = 0.00452607, max = 0.00991629 (R_Shoulder)
[2026-07-19 17:09:45.850] [info] Frame 118 (t = 1.18):	 total squared error = 0.000560957, marker error: RMS = 0.00455809, max = 0.00979230 (R_Shoulder)
[2026-07-19 17:09:45.866] [info] Frame 119 (t = 1.19):	 total squared error = 0.000565010, marker error: RMS = 0.00457453, max = 0.00975219 (R_Shoulder)
[2026-07-19 17:09:45.877] [info] Frame 120 (t = 1.2):	 total squared error = 0.000576810, marker error: RMS = 0.00462205, max = 0.00973867 (R_Shoulder)
[2026-07-19 17:09:45.889] [info] Frame 121 (t = 1.21):	 total squared error = 0.000588764, marker error: RMS = 0.00466970, max = 0.00967806 (R_Shoulder)
[2026-07-19 17:09:45.907] [info] Frame 122 (t = 1.22):	 total squared error = 0.000594920, marker error: RMS = 0.00469405, max = 0.00970702 (R_Shoulder)
[2026-07-19 17:09:45.917] [info] Frame 123 (t = 1.23):	 total squared error = 0.000609654, marker error: RMS = 0.00475182, max = 0.00961999 (R_Shoulder)
[2026-07-19 17:09:45.950] [info] Frame 124 (t = 1.24):	 total squared error = 0.000613822, marker error: RMS = 0.00476803, max = 0.00952928 (R_Shoulder)
[2026-07-19 17:09:45.960] [info] Frame 125 (t = 1.25):	 total squared error = 0.000627785, marker error: RMS = 0.00482196, max = 0.00940706 (R_Shoulder)
[2026-07-19 17:09:45.971] [info] Frame 126 (t = 1.26):	 total squared error = 0.000639105, marker error: RMS = 0.00486524, max = 0.00953821 (C7)
[2026-07-19 17:09:45.995] [info] Frame 127 (t = 1.27):	 total squared error = 0.000644492, marker error: RMS = 0.00488570, max = 0.00987704 (C7)
[2026-07-19 17:09:46.013] [info] Frame 128 (t = 1.28):	 total squared error = 0.000654686, marker error: RMS = 0.00492419, max = 0.0102037 (C7)
[2026-07-19 17:09:46.018] [info] Frame 129 (t = 1.29):	 total squared error = 0.000672889, marker error: RMS = 0.00499218, max = 0.0105857 (C7)
[2026-07-19 17:09:46.033] [info] Frame 130 (t = 1.3):	 total squared error = 0.000680851, marker error: RMS = 0.00502162, max = 0.0110800 (C7)
[2026-07-19 17:09:46.047] [info] Frame 131 (t = 1.31):	 total squared error = 0.000697775, marker error: RMS = 0.00508365, max = 0.0114881 (C7)
[2026-07-19 17:09:46.067] [info] Frame 132 (t = 1.32):	 total squared error = 0.000714489, marker error: RMS = 0.00514418, max = 0.0119074 (C7)
[2026-07-19 17:09:46.087] [info] Frame 133 (t = 1.33):	 total squared error = 0.000732487, marker error: RMS = 0.00520857, max = 0.0124026 (C7)
[2026-07-19 17:09:46.095] [info] Frame 134 (t = 1.34):	 total squared error = 0.000755422, marker error: RMS = 0.00528948, max = 0.0128584 (C7)
[2026-07-19 17:09:46.113] [info] Frame 135 (t = 1.35):	 total squared error = 0.000770465, marker error: RMS = 0.00534188, max = 0.0132768 (C7)
[2026-07-19 17:09:46.122] [info] Frame 136 (t = 1.36):	 total squared error = 0.000793311, marker error: RMS = 0.00542051, max = 0.0137057 (C7)
[2026-07-19 17:09:46.142] [info] Frame 137 (t = 1.37):	 total squared error = 0.000803803, marker error: RMS = 0.00545623, max = 0.0139289 (C7)
[2026-07-19 17:09:46.152] [info] Frame 138 (t = 1.38):	 total squared error = 0.000824325, marker error: RMS = 0.00552545, max = 0.0143012 (C7)
[2026-07-19 17:09:46.168] [info] Frame 139 (t = 1.39):	 total squared error = 0.000834484, marker error: RMS = 0.00555939, max = 0.0144613 (C7)
[2026-07-19 17:09:46.177] [info] Frame 140 (t = 1.4):	 total squared error = 0.000855798, marker error: RMS = 0.00562994, max = 0.0148296 (C7)
[2026-07-19 17:09:46.201] [info] Frame 141 (t = 1.41):	 total squared error = 0.000862389, marker error: RMS = 0.00565158, max = 0.0148751 (C7)
[2026-07-19 17:09:46.212] [info] Frame 142 (t = 1.42):	 total squared error = 0.000882639, marker error: RMS = 0.00571755, max = 0.0150972 (C7)
[2026-07-19 17:09:46.232] [info] Frame 143 (t = 1.43):	 total squared error = 0.000894907, marker error: RMS = 0.00575714, max = 0.0151622 (C7)
[2026-07-19 17:09:46.241] [info] Frame 144 (t = 1.44):	 total squared error = 0.000919467, marker error: RMS = 0.00583561, max = 0.0153966 (C7)
[2026-07-19 17:09:46.263] [info] Frame 145 (t = 1.45):	 total squared error = 0.000927460, marker error: RMS = 0.00586092, max = 0.0154424 (C7)
[2026-07-19 17:09:46.277] [info] Frame 146 (t = 1.46):	 total squared error = 0.000943393, marker error: RMS = 0.00591105, max = 0.0155138 (C7)
[2026-07-19 17:09:46.292] [info] Frame 147 (t = 1.47):	 total squared error = 0.000954401, marker error: RMS = 0.00594543, max = 0.0155909 (C7)
[2026-07-19 17:09:46.306] [info] Frame 148 (t = 1.48):	 total squared error = 0.000959566, marker error: RMS = 0.00596150, max = 0.0156964 (C7)
[2026-07-19 17:09:46.316] [info] Frame 149 (t = 1.49):	 total squared error = 0.000966490, marker error: RMS = 0.00598297, max = 0.0157816 (C7)
[2026-07-19 17:09:46.337] [info] Frame 150 (t = 1.5):	 total squared error = 0.000939603, marker error: RMS = 0.00589916, max = 0.0157703 (C7)
[2026-07-19 17:09:46.353] [info] Frame 151 (t = 1.51):	 total squared error = 0.000924331, marker error: RMS = 0.00585102, max = 0.0156764 (C7)
[2026-07-19 17:09:46.363] [info] Frame 152 (t = 1.52):	 total squared error = 0.000911960, marker error: RMS = 0.00581174, max = 0.0156857 (C7)
[2026-07-19 17:09:46.380] [info] Frame 153 (t = 1.53):	 total squared error = 0.000885145, marker error: RMS = 0.00572566, max = 0.0155643 (C7)
[2026-07-19 17:09:46.389] [info] Frame 154 (t = 1.54):	 total squared error = 0.000869437, marker error: RMS = 0.00567462, max = 0.0155206 (C7)
[2026-07-19 17:09:46.407] [info] Frame 155 (t = 1.55):	 total squared error = 0.000847074, marker error: RMS = 0.00560117, max = 0.0152703 (C7)
[2026-07-19 17:09:46.429] [info] Frame 156 (t = 1.56):	 total squared error = 0.000827854, marker error: RMS = 0.00553726, max = 0.0151337 (C7)
[2026-07-19 17:09:46.439] [info] Frame 157 (t = 1.57):	 total squared error = 0.000817570, marker error: RMS = 0.00550276, max = 0.0149373 (C7)
[2026-07-19 17:09:46.462] [info] Frame 158 (t = 1.58):	 total squared error = 0.000800936, marker error: RMS = 0.00544649, max = 0.0146688 (C7)
[2026-07-19 17:09:46.471] [info] Frame 159 (t = 1.59):	 total squared error = 0.000796843, marker error: RMS = 0.00543256, max = 0.0144491 (C7)
[2026-07-19 17:09:46.492] [info] Frame 160 (t = 1.6):	 total squared error = 0.000783994, marker error: RMS = 0.00538858, max = 0.0141287 (C7)
[2026-07-19 17:09:46.504] [info] Frame 161 (t = 1.61):	 total squared error = 0.000783593, marker error: RMS = 0.00538720, max = 0.0138866 (C7)
[2026-07-19 17:09:46.517] [info] Frame 162 (t = 1.62):	 total squared error = 0.000778269, marker error: RMS = 0.00536887, max = 0.013555 (C7)
[2026-07-19 17:09:46.536] [info] Frame 163 (t = 1.63):	 total squared error = 0.000769320, marker error: RMS = 0.00533791, max = 0.0133345 (C7)
[2026-07-19 17:09:46.557] [info] Frame 164 (t = 1.64):	 total squared error = 0.000764084, marker error: RMS = 0.00531972, max = 0.0130800 (C7)
[2026-07-19 17:09:46.570] [info] Frame 165 (t = 1.65):	 total squared error = 0.000759153, marker error: RMS = 0.00530252, max = 0.0128981 (C7)
[2026-07-19 17:09:46.581] [info] Frame 166 (t = 1.66):	 total squared error = 0.000751498, marker error: RMS = 0.00527572, max = 0.0127126 (C7)
[2026-07-19 17:09:46.598] [info] Frame 167 (t = 1.67):	 total squared error = 0.000736178, marker error: RMS = 0.00522167, max = 0.0124277 (C7)
[2026-07-19 17:09:46.613] [info] Frame 168 (t = 1.68):	 total squared error = 0.000725057, marker error: RMS = 0.00518208, max = 0.012257 (C7)
[2026-07-19 17:09:46.631] [info] Frame 169 (t = 1.69):	 total squared error = 0.000714139, marker error: RMS = 0.00514292, max = 0.0120383 (C7)
[2026-07-19 17:09:46.642] [info] Frame 170 (t = 1.7):	 total squared error = 0.000707700, marker error: RMS = 0.00511968, max = 0.0121913 (L_Shoulder)
[2026-07-19 17:09:46.657] [info] Frame 171 (t = 1.71):	 total squared error = 0.000701327, marker error: RMS = 0.00509657, max = 0.0125369 (L_Shoulder)
[2026-07-19 17:09:46.671] [info] Frame 172 (t = 1.72):	 total squared error = 0.000699383, marker error: RMS = 0.00508951, max = 0.0128568 (L_Shoulder)
[2026-07-19 17:09:46.689] [info] Frame 173 (t = 1.73):	 total squared error = 0.000699862, marker error: RMS = 0.00509125, max = 0.0129135 (L_Shoulder)
[2026-07-19 17:09:46.701] [info] Frame 174 (t = 1.74):	 total squared error = 0.000709811, marker error: RMS = 0.00512731, max = 0.0134625 (L_Shoulder)
[2026-07-19 17:09:46.711] [info] Frame 175 (t = 1.75):	 total squared error = 0.000724058, marker error: RMS = 0.00517851, max = 0.01393 (L_Shoulder)
[2026-07-19 17:09:46.734] [info] Frame 176 (t = 1.76):	 total squared error = 0.000732911, marker error: RMS = 0.00521007, max = 0.0137558 (L_Shoulder)
[2026-07-19 17:09:46.749] [info] Frame 177 (t = 1.77):	 total squared error = 0.000755439, marker error: RMS = 0.00528954, max = 0.0139998 (L_Shoulder)
[2026-07-19 17:09:46.762] [info] Frame 178 (t = 1.78):	 total squared error = 0.000784595, marker error: RMS = 0.00539065, max = 0.0142636 (L_Shoulder)
[2026-07-19 17:09:46.777] [info] Frame 179 (t = 1.79):	 total squared error = 0.000817419, marker error: RMS = 0.00550225, max = 0.0142998 (L_Shoulder)
[2026-07-19 17:09:46.795] [info] Frame 180 (t = 1.8):	 total squared error = 0.000854069, marker error: RMS = 0.00562425, max = 0.0142973 (L_Shoulder)
[2026-07-19 17:09:46.812] [info] Frame 181 (t = 1.81):	 total squared error = 0.000902528, marker error: RMS = 0.00578161, max = 0.0143356 (L_Shoulder)
[2026-07-19 17:09:46.835] [info] Frame 182 (t = 1.82):	 total squared error = 0.000946139, marker error: RMS = 0.00591964, max = 0.0142111 (L_Shoulder)
[2026-07-19 17:09:46.857] [info] Frame 183 (t = 1.83):	 total squared error = 0.000996845, marker error: RMS = 0.00607620, max = 0.0147811 (R_Shoulder)
[2026-07-19 17:09:46.875] [info] Frame 184 (t = 1.84):	 total squared error = 0.00104874, marker error: RMS = 0.00623235, max = 0.0153886 (R_Shoulder)
[2026-07-19 17:09:46.893] [info] Frame 185 (t = 1.85):	 total squared error = 0.00109927, marker error: RMS = 0.00638074, max = 0.0160604 (R_Shoulder)
[2026-07-19 17:09:46.911] [info] Frame 186 (t = 1.86):	 total squared error = 0.00114857, marker error: RMS = 0.00652225, max = 0.0166909 (R_Shoulder)
[2026-07-19 17:09:46.939] [info] Frame 187 (t = 1.87):	 total squared error = 0.00119784, marker error: RMS = 0.00666066, max = 0.0172409 (R_Shoulder)
[2026-07-19 17:09:46.964] [info] Frame 188 (t = 1.88):	 total squared error = 0.00124911, marker error: RMS = 0.00680171, max = 0.0177959 (R_Shoulder)
[2026-07-19 17:09:46.984] [info] Frame 189 (t = 1.89):	 total squared error = 0.00130624, marker error: RMS = 0.00695551, max = 0.018287 (R_Shoulder)
[2026-07-19 17:09:46.995] [info] Frame 190 (t = 1.9):	 total squared error = 0.00140216, marker error: RMS = 0.00720638, max = 0.0187030 (R_Shoulder)
[2026-07-19 17:09:47.014] [info] Frame 191 (t = 1.91):	 total squared error = 0.00144791, marker error: RMS = 0.00732299, max = 0.0191196 (R_Shoulder)
[2026-07-19 17:09:47.030] [info] Frame 192 (t = 1.92):	 total squared error = 0.00152639, marker error: RMS = 0.00751883, max = 0.0193923 (R_Shoulder)
[2026-07-19 17:09:47.049] [info] Frame 193 (t = 1.93):	 total squared error = 0.00160506, marker error: RMS = 0.00771017, max = 0.0195915 (R_Shoulder)
[2026-07-19 17:09:47.064] [info] Frame 194 (t = 1.94):	 total squared error = 0.00167697, marker error: RMS = 0.00788099, max = 0.0196681 (R_Shoulder)
[2026-07-19 17:09:47.076] [info] Frame 195 (t = 1.95):	 total squared error = 0.00174298, marker error: RMS = 0.00803459, max = 0.0197972 (R_Shoulder)
[2026-07-19 17:09:47.096] [info] Frame 196 (t = 1.96):	 total squared error = 0.00179380, marker error: RMS = 0.00815089, max = 0.0196978 (R_Shoulder)
[2026-07-19 17:09:47.110] [info] Frame 197 (t = 1.97):	 total squared error = 0.00183554, marker error: RMS = 0.00824517, max = 0.0195408 (R_Shoulder)
[2026-07-19 17:09:47.124] [info] Frame 198 (t = 1.98):	 total squared error = 0.00186986, marker error: RMS = 0.00832190, max = 0.0192796 (R_Shoulder)
[2026-07-19 17:09:47.137] [info] Frame 199 (t = 1.99):	 total squared error = 0.00190142, marker error: RMS = 0.00839184, max = 0.0189811 (R_Shoulder)
[2026-07-19 17:09:47.154] [info] Frame 200 (t = 2.0):	 total squared error = 0.00192924, marker error: RMS = 0.00845300, max = 0.0185727 (R_Shoulder)
[2026-07-19 17:09:47.174] [info] Frame 201 (t = 2.01):	 total squared error = 0.00195295, marker error: RMS = 0.00850479, max = 0.0181188 (R_Shoulder)
[2026-07-19 17:09:47.192] [info] Frame 202 (t = 2.02):	 total squared error = 0.00196682, marker error: RMS = 0.00853494, max = 0.0176468 (R_Shoulder)
[2026-07-19 17:09:47.210] [info] Frame 203 (t = 2.03):	 total squared error = 0.00196374, marker error: RMS = 0.00852824, max = 0.0181594 (Thoracic)
[2026-07-19 17:09:47.227] [info] Frame 204 (t = 2.04):	 total squared error = 0.00193820, marker error: RMS = 0.00847261, max = 0.0190688 (Thoracic)
[2026-07-19 17:09:47.244] [info] Frame 205 (t = 2.05):	 total squared error = 0.00188488, marker error: RMS = 0.00835525, max = 0.0197886 (Thoracic)
[2026-07-19 17:09:47.273] [info] Frame 206 (t = 2.06):	 total squared error = 0.00180336, marker error: RMS = 0.00817258, max = 0.0202961 (Thoracic)
[2026-07-19 17:09:47.295] [info] Frame 207 (t = 2.07):	 total squared error = 0.00171691, marker error: RMS = 0.00797429, max = 0.0204324 (Thoracic)
[2026-07-19 17:09:47.321] [info] Frame 208 (t = 2.08):	 total squared error = 0.00162202, marker error: RMS = 0.00775079, max = 0.0204423 (Thoracic)
[2026-07-19 17:09:47.340] [info] Frame 209 (t = 2.09):	 total squared error = 0.00154221, marker error: RMS = 0.00755771, max = 0.0201030 (Thoracic)
[2026-07-19 17:09:47.367] [info] Frame 210 (t = 2.1):	 total squared error = 0.00146120, marker error: RMS = 0.00735653, max = 0.0197889 (Thoracic)
[2026-07-19 17:09:47.382] [info] Frame 211 (t = 2.11):	 total squared error = 0.00140647, marker error: RMS = 0.00721743, max = 0.0191685 (Thoracic)
[2026-07-19 17:09:47.398] [info] Frame 212 (t = 2.12):	 total squared error = 0.00135608, marker error: RMS = 0.00708697, max = 0.0186032 (Thoracic)
[2026-07-19 17:09:47.421] [info] Frame 213 (t = 2.13):	 total squared error = 0.00131029, marker error: RMS = 0.00696630, max = 0.0180719 (Thoracic)
[2026-07-19 17:09:47.438] [info] Frame 214 (t = 2.14):	 total squared error = 0.00127482, marker error: RMS = 0.00687135, max = 0.0174835 (Thoracic)
[2026-07-19 17:09:47.455] [info] Frame 215 (t = 2.15):	 total squared error = 0.00123808, marker error: RMS = 0.00677162, max = 0.0170051 (Thoracic)
[2026-07-19 17:09:47.477] [info] Frame 216 (t = 2.16):	 total squared error = 0.00119691, marker error: RMS = 0.00665808, max = 0.0165942 (Thoracic)
[2026-07-19 17:09:47.486] [info] Frame 217 (t = 2.17):	 total squared error = 0.00115877, marker error: RMS = 0.00655113, max = 0.0160964 (Thoracic)
[2026-07-19 17:09:47.505] [info] Frame 218 (t = 2.18):	 total squared error = 0.00111482, marker error: RMS = 0.00642569, max = 0.0159314 (Thoracic)
[2026-07-19 17:09:47.521] [info] Frame 219 (t = 2.19):	 total squared error = 0.00107276, marker error: RMS = 0.00630332, max = 0.015716 (Thoracic)
[2026-07-19 17:09:47.546] [info] Frame 220 (t = 2.2):	 total squared error = 0.00103194, marker error: RMS = 0.00618223, max = 0.0156212 (Thoracic)
[2026-07-19 17:09:47.562] [info] Frame 221 (t = 2.21):	 total squared error = 0.000992428, marker error: RMS = 0.00606272, max = 0.0155131 (Thoracic)
[2026-07-19 17:09:47.579] [info] Frame 222 (t = 2.22):	 total squared error = 0.000956959, marker error: RMS = 0.00595340, max = 0.0154987 (Thoracic)
[2026-07-19 17:09:47.597] [info] Frame 223 (t = 2.23):	 total squared error = 0.000924056, marker error: RMS = 0.00585015, max = 0.0155682 (Thoracic)
[2026-07-19 17:09:47.617] [info] Frame 224 (t = 2.24):	 total squared error = 0.000894578, marker error: RMS = 0.00575608, max = 0.0156713 (Thoracic)
[2026-07-19 17:09:47.634] [info] Frame 225 (t = 2.25):	 total squared error = 0.000869371, marker error: RMS = 0.00567441, max = 0.0158022 (Thoracic)
[2026-07-19 17:09:47.651] [info] Frame 226 (t = 2.26):	 total squared error = 0.000848959, marker error: RMS = 0.00560740, max = 0.0159448 (Thoracic)
[2026-07-19 17:09:47.667] [info] Frame 227 (t = 2.27):	 total squared error = 0.000832794, marker error: RMS = 0.00555376, max = 0.0160820 (Thoracic)
[2026-07-19 17:09:47.684] [info] Frame 228 (t = 2.28):	 total squared error = 0.000820957, marker error: RMS = 0.00551415, max = 0.0161656 (Thoracic)
[2026-07-19 17:09:47.705] [info] Frame 229 (t = 2.29):	 total squared error = 0.000811911, marker error: RMS = 0.00548368, max = 0.0162204 (Thoracic)
[2026-07-19 17:09:47.723] [info] Frame 230 (t = 2.3):	 total squared error = 0.000807788, marker error: RMS = 0.00546974, max = 0.0161433 (Thoracic)
[2026-07-19 17:09:47.739] [info] Frame 231 (t = 2.31):	 total squared error = 0.000806074, marker error: RMS = 0.00546394, max = 0.0159603 (Thoracic)
[2026-07-19 17:09:47.754] [info] Frame 232 (t = 2.32):	 total squared error = 0.000804760, marker error: RMS = 0.00545948, max = 0.0157222 (Thoracic)
[2026-07-19 17:09:47.779] [info] Frame 233 (t = 2.33):	 total squared error = 0.000801040, marker error: RMS = 0.00544685, max = 0.0154935 (Thoracic)
[2026-07-19 17:09:47.796] [info] Frame 234 (t = 2.34):	 total squared error = 0.000797731, marker error: RMS = 0.00543559, max = 0.0150484 (Thoracic)
[2026-07-19 17:09:47.806] [info] Frame 235 (t = 2.35):	 total squared error = 0.000795440, marker error: RMS = 0.00542777, max = 0.0146134 (Thoracic)
[2026-07-19 17:09:47.821] [info] Frame 236 (t = 2.36):	 total squared error = 0.000782550, marker error: RMS = 0.00538362, max = 0.0140141 (Thoracic)
[2026-07-19 17:09:47.831] [info] Frame 237 (t = 2.37):	 total squared error = 0.000772974, marker error: RMS = 0.00535058, max = 0.0134745 (Thoracic)
[2026-07-19 17:09:47.847] [info] Frame 238 (t = 2.38):	 total squared error = 0.000752466, marker error: RMS = 0.00527912, max = 0.0129079 (Thoracic)
[2026-07-19 17:09:47.856] [info] Frame 239 (t = 2.39):	 total squared error = 0.000737933, marker error: RMS = 0.00522789, max = 0.0123022 (Thoracic)
[2026-07-19 17:09:47.872] [info] Frame 240 (t = 2.4):	 total squared error = 0.000716990, marker error: RMS = 0.00515317, max = 0.011745 (Thoracic)
[2026-07-19 17:09:47.882] [info] Frame 241 (t = 2.41):	 total squared error = 0.000704096, marker error: RMS = 0.00510663, max = 0.0111755 (Thoracic)
[2026-07-19 17:09:47.900] [info] Frame 242 (t = 2.42):	 total squared error = 0.000689546, marker error: RMS = 0.00505359, max = 0.0106494 (Thoracic)
[2026-07-19 17:09:47.919] [info] Frame 243 (t = 2.43):	 total squared error = 0.000680847, marker error: RMS = 0.00502161, max = 0.0105040 (R_Shoulder)
[2026-07-19 17:09:47.929] [info] Frame 244 (t = 2.44):	 total squared error = 0.000679875, marker error: RMS = 0.00501802, max = 0.0106266 (R_Shoulder)
[2026-07-19 17:09:47.939] [info] Frame 245 (t = 2.45):	 total squared error = 0.000682384, marker error: RMS = 0.00502727, max = 0.0106729 (R_Shoulder)
[2026-07-19 17:09:47.962] [info] Frame 246 (t = 2.46):	 total squared error = 0.000683349, marker error: RMS = 0.00503083, max = 0.0109296 (R_Shoulder)
[2026-07-19 17:09:47.971] [info] Frame 247 (t = 2.47):	 total squared error = 0.000691573, marker error: RMS = 0.00506101, max = 0.0110260 (R_Shoulder)
[2026-07-19 17:09:47.982] [info] Frame 248 (t = 2.48):	 total squared error = 0.000700409, marker error: RMS = 0.00509324, max = 0.0110979 (R_Shoulder)
[2026-07-19 17:09:47.990] [info] Frame 249 (t = 2.49):	 total squared error = 0.000709173, marker error: RMS = 0.00512500, max = 0.0112123 (R_Shoulder)
[2026-07-19 17:09:48.004] [info] Frame 250 (t = 2.5):	 total squared error = 0.000700578, marker error: RMS = 0.00509385, max = 0.0114683 (R_Shoulder)
[2026-07-19 17:09:48.011] [info] Frame 251 (t = 2.51):	 total squared error = 0.000698788, marker error: RMS = 0.00508734, max = 0.0114894 (R_Shoulder)
[2026-07-19 17:09:48.025] [info] Frame 252 (t = 2.52):	 total squared error = 0.000686655, marker error: RMS = 0.00504298, max = 0.0118817 (R_Shoulder)
[2026-07-19 17:09:48.042] [info] Frame 253 (t = 2.53):	 total squared error = 0.000672077, marker error: RMS = 0.00498916, max = 0.0120523 (R_Shoulder)
[2026-07-19 17:09:48.055] [info] Frame 254 (t = 2.54):	 total squared error = 0.000662739, marker error: RMS = 0.00495438, max = 0.0124328 (R_Shoulder)
[2026-07-19 17:09:48.065] [info] Frame 255 (t = 2.55):	 total squared error = 0.000667014, marker error: RMS = 0.00497033, max = 0.0123964 (R_Shoulder)
[2026-07-19 17:09:48.084] [info] Frame 256 (t = 2.56):	 total squared error = 0.000650723, marker error: RMS = 0.00490926, max = 0.0127524 (R_Shoulder)
[2026-07-19 17:09:48.093] [info] Frame 257 (t = 2.57):	 total squared error = 0.000668395, marker error: RMS = 0.00497548, max = 0.0129167 (R_Shoulder)
[2026-07-19 17:09:48.116] [info] Frame 258 (t = 2.58):	 total squared error = 0.000663850, marker error: RMS = 0.00495853, max = 0.0136487 (R_Shoulder)
[2026-07-19 17:09:48.132] [info] Frame 259 (t = 2.59):	 total squared error = 0.000681500, marker error: RMS = 0.00502402, max = 0.013916 (R_Shoulder)
[2026-07-19 17:09:48.149] [info] Frame 260 (t = 2.6):	 total squared error = 0.000701371, marker error: RMS = 0.00509674, max = 0.0141988 (R_Shoulder)
[2026-07-19 17:09:48.169] [info] Frame 261 (t = 2.61):	 total squared error = 0.000723243, marker error: RMS = 0.00517559, max = 0.0145251 (R_Shoulder)
[2026-07-19 17:09:48.190] [info] Frame 262 (t = 2.62):	 total squared error = 0.000745494, marker error: RMS = 0.00525461, max = 0.0148041 (R_Shoulder)
[2026-07-19 17:09:48.200] [info] Frame 263 (t = 2.63):	 total squared error = 0.000774898, marker error: RMS = 0.00535723, max = 0.0149727 (R_Shoulder)
[2026-07-19 17:09:48.218] [info] Frame 264 (t = 2.64):	 total squared error = 0.000785055, marker error: RMS = 0.00539223, max = 0.0150814 (R_Shoulder)
[2026-07-19 17:09:48.229] [info] Frame 265 (t = 2.65):	 total squared error = 0.000805183, marker error: RMS = 0.00546092, max = 0.0151532 (R_Shoulder)
[2026-07-19 17:09:48.247] [info] Frame 266 (t = 2.66):	 total squared error = 0.000805427, marker error: RMS = 0.00546174, max = 0.0151566 (R_Shoulder)
[2026-07-19 17:09:48.256] [info] Frame 267 (t = 2.67):	 total squared error = 0.000814705, marker error: RMS = 0.00549311, max = 0.0148353 (R_Shoulder)
[2026-07-19 17:09:48.276] [info] Frame 268 (t = 2.68):	 total squared error = 0.000798548, marker error: RMS = 0.00543837, max = 0.0149926 (R_Shoulder)
[2026-07-19 17:09:48.287] [info] Frame 269 (t = 2.69):	 total squared error = 0.000790139, marker error: RMS = 0.00540966, max = 0.0146725 (R_Shoulder)
[2026-07-19 17:09:48.299] [info] Frame 270 (t = 2.7):	 total squared error = 0.000776037, marker error: RMS = 0.00536117, max = 0.0144728 (R_Shoulder)
[2026-07-19 17:09:48.318] [info] Frame 271 (t = 2.71):	 total squared error = 0.000752041, marker error: RMS = 0.00527763, max = 0.0142624 (R_Shoulder)
[2026-07-19 17:09:48.328] [info] Frame 272 (t = 2.72):	 total squared error = 0.000737968, marker error: RMS = 0.00522801, max = 0.0137331 (R_Shoulder)
[2026-07-19 17:09:48.337] [info] Frame 273 (t = 2.73):	 total squared error = 0.000728278, marker error: RMS = 0.00519358, max = 0.0133132 (R_Shoulder)
[2026-07-19 17:09:48.360] [info] Frame 274 (t = 2.74):	 total squared error = 0.000695024, marker error: RMS = 0.00507362, max = 0.0133216 (R_Shoulder)
[2026-07-19 17:09:48.376] [info] Frame 275 (t = 2.75):	 total squared error = 0.000678246, marker error: RMS = 0.00501201, max = 0.0129869 (R_Shoulder)
[2026-07-19 17:09:48.400] [info] Frame 276 (t = 2.76):	 total squared error = 0.000657488, marker error: RMS = 0.00493472, max = 0.0126553 (R_Shoulder)
[2026-07-19 17:09:48.409] [info] Frame 277 (t = 2.77):	 total squared error = 0.000645981, marker error: RMS = 0.00489134, max = 0.0122406 (R_Shoulder)
[2026-07-19 17:09:48.432] [info] Frame 278 (t = 2.78):	 total squared error = 0.000626545, marker error: RMS = 0.00481720, max = 0.0120535 (R_Shoulder)
[2026-07-19 17:09:48.441] [info] Frame 279 (t = 2.79):	 total squared error = 0.000625152, marker error: RMS = 0.00481184, max = 0.0116442 (R_Shoulder)
[2026-07-19 17:09:48.458] [info] Frame 280 (t = 2.8):	 total squared error = 0.000628965, marker error: RMS = 0.00482649, max = 0.0114749 (R_Shoulder)
[2026-07-19 17:09:48.465] [info] Frame 281 (t = 2.81):	 total squared error = 0.000651634, marker error: RMS = 0.00491270, max = 0.0112756 (R_Shoulder)
[2026-07-19 17:09:48.476] [info] Frame 282 (t = 2.82):	 total squared error = 0.000683675, marker error: RMS = 0.00503203, max = 0.0109784 (R_Shoulder)
[2026-07-19 17:09:48.495] [info] Frame 283 (t = 2.83):	 total squared error = 0.000710848, marker error: RMS = 0.00513105, max = 0.0108151 (R_Shoulder)
[2026-07-19 17:09:48.507] [info] Frame 284 (t = 2.84):	 total squared error = 0.000746729, marker error: RMS = 0.00525896, max = 0.0106585 (R_Shoulder)
[2026-07-19 17:09:48.519] [info] Frame 285 (t = 2.85):	 total squared error = 0.000777315, marker error: RMS = 0.00536558, max = 0.0105103 (R_Shoulder)
[2026-07-19 17:09:48.527] [info] Frame 286 (t = 2.86):	 total squared error = 0.000802407, marker error: RMS = 0.00545149, max = 0.0104177 (R_Shoulder)
[2026-07-19 17:09:48.536] [info] Frame 287 (t = 2.87):	 total squared error = 0.000819417, marker error: RMS = 0.00550897, max = 0.0104149 (R_Shoulder)
[2026-07-19 17:09:48.553] [info] Frame 288 (t = 2.88):	 total squared error = 0.000805160, marker error: RMS = 0.00546084, max = 0.0102908 (Thoracic)
[2026-07-19 17:09:48.564] [info] Frame 289 (t = 2.89):	 total squared error = 0.000803875, marker error: RMS = 0.00545648, max = 0.0103973 (Thoracic)
[2026-07-19 17:09:48.586] [info] Frame 290 (t = 2.9):	 total squared error = 0.000788133, marker error: RMS = 0.00540279, max = 0.0104098 (Thoracic)
[2026-07-19 17:09:48.597] [info] Frame 291 (t = 2.91):	 total squared error = 0.000782608, marker error: RMS = 0.00538382, max = 0.0102760 (R_Shoulder)
[2026-07-19 17:09:48.607] [info] Frame 292 (t = 2.92):	 total squared error = 0.000784408, marker error: RMS = 0.00539000, max = 0.0103052 (R_Shoulder)
[2026-07-19 17:09:48.630] [info] Frame 293 (t = 2.93):	 total squared error = 0.000772392, marker error: RMS = 0.00534856, max = 0.0105757 (R_Shoulder)
[2026-07-19 17:09:48.640] [info] Frame 294 (t = 2.94):	 total squared error = 0.000784347, marker error: RMS = 0.00538980, max = 0.0105235 (R_Shoulder)
[2026-07-19 17:09:48.659] [info] Frame 295 (t = 2.95):	 total squared error = 0.000792884, marker error: RMS = 0.00541905, max = 0.0107358 (R_Shoulder)
[2026-07-19 17:09:48.673] [info] Frame 296 (t = 2.96):	 total squared error = 0.000815092, marker error: RMS = 0.00549441, max = 0.0105542 (R_Shoulder)
[2026-07-19 17:09:48.682] [info] Frame 297 (t = 2.97):	 total squared error = 0.000850851, marker error: RMS = 0.00561364, max = 0.0105121 (R_Shoulder)
[2026-07-19 17:09:48.698] [info] Frame 298 (t = 2.98):	 total squared error = 0.000879790, marker error: RMS = 0.00570831, max = 0.0106651 (R_Shoulder)
[2026-07-19 17:09:48.707] [info] Frame 299 (t = 2.99):	 total squared error = 0.000930445, marker error: RMS = 0.00587034, max = 0.0109856 (Thoracic)
[2026-07-19 17:09:48.722] [info] Frame 300 (t = 3.0):	 total squared error = 0.000972373, marker error: RMS = 0.00600115, max = 0.0121574 (Thoracic)
[2026-07-19 17:09:48.730] [info] Frame 301 (t = 3.01):	 total squared error = 0.00103098, marker error: RMS = 0.00617935, max = 0.0133405 (Thoracic)
[2026-07-19 17:09:48.745] [info] Frame 302 (t = 3.02):	 total squared error = 0.00106740, marker error: RMS = 0.00628757, max = 0.0144844 (Thoracic)
[2026-07-19 17:09:48.761] [info] Frame 303 (t = 3.03):	 total squared error = 0.00110040, marker error: RMS = 0.00638399, max = 0.0154711 (Thoracic)
[2026-07-19 17:09:48.777] [info] Frame 304 (t = 3.04):	 total squared error = 0.00112329, marker error: RMS = 0.00645005, max = 0.0161606 (Thoracic)
[2026-07-19 17:09:48.791] [info] Frame 305 (t = 3.05):	 total squared error = 0.00113375, marker error: RMS = 0.00648002, max = 0.01656 (Thoracic)
[2026-07-19 17:09:48.806] [info] Frame 306 (t = 3.06):	 total squared error = 0.00113215, marker error: RMS = 0.00647545, max = 0.0166584 (Thoracic)
[2026-07-19 17:09:48.820] [info] Frame 307 (t = 3.07):	 total squared error = 0.00111767, marker error: RMS = 0.00643390, max = 0.0165135 (Thoracic)
[2026-07-19 17:09:48.835] [info] Frame 308 (t = 3.08):	 total squared error = 0.00109476, marker error: RMS = 0.00636763, max = 0.0161784 (Thoracic)
[2026-07-19 17:09:48.848] [info] Frame 309 (t = 3.09):	 total squared error = 0.00107062, marker error: RMS = 0.00629702, max = 0.0156748 (Thoracic)
[2026-07-19 17:09:48.867] [info] Frame 310 (t = 3.1):	 total squared error = 0.00103991, marker error: RMS = 0.00620607, max = 0.0150655 (Thoracic)
[2026-07-19 17:09:48.882] [info] Frame 311 (t = 3.11):	 total squared error = 0.00101227, marker error: RMS = 0.00612304, max = 0.0143776 (Thoracic)
[2026-07-19 17:09:48.895] [info] Frame 312 (t = 3.12):	 total squared error = 0.000985340, marker error: RMS = 0.00604103, max = 0.0136576 (Thoracic)
[2026-07-19 17:09:48.904] [info] Frame 313 (t = 3.13):	 total squared error = 0.000965310, marker error: RMS = 0.00597932, max = 0.0129557 (Thoracic)
[2026-07-19 17:09:48.921] [info] Frame 314 (t = 3.14):	 total squared error = 0.000928709, marker error: RMS = 0.00586486, max = 0.0124653 (C7)
[2026-07-19 17:09:48.937] [info] Frame 315 (t = 3.15):	 total squared error = 0.000903690, marker error: RMS = 0.00578533, max = 0.0124127 (C7)
[2026-07-19 17:09:48.951] [info] Frame 316 (t = 3.16):	 total squared error = 0.000883937, marker error: RMS = 0.00572175, max = 0.012283 (C7)
[2026-07-19 17:09:48.966] [info] Frame 317 (t = 3.17):	 total squared error = 0.000863056, marker error: RMS = 0.00565376, max = 0.0121788 (C7)
[2026-07-19 17:09:48.982] [info] Frame 318 (t = 3.18):	 total squared error = 0.000847057, marker error: RMS = 0.00560112, max = 0.0119523 (C7)
[2026-07-19 17:09:48.996] [info] Frame 319 (t = 3.19):	 total squared error = 0.000833381, marker error: RMS = 0.00555571, max = 0.0118812 (C7)
[2026-07-19 17:09:49.006] [info] Frame 320 (t = 3.2):	 total squared error = 0.000828372, marker error: RMS = 0.00553899, max = 0.0117578 (C7)
[2026-07-19 17:09:49.027] [info] Frame 321 (t = 3.21):	 total squared error = 0.000812994, marker error: RMS = 0.00548734, max = 0.0116401 (C7)
[2026-07-19 17:09:49.038] [info] Frame 322 (t = 3.22):	 total squared error = 0.000808900, marker error: RMS = 0.00547350, max = 0.0115349 (C7)
[2026-07-19 17:09:49.052] [info] Frame 323 (t = 3.23):	 total squared error = 0.000802507, marker error: RMS = 0.00545183, max = 0.0112822 (C7)
[2026-07-19 17:09:49.067] [info] Frame 324 (t = 3.24):	 total squared error = 0.000797725, marker error: RMS = 0.00543557, max = 0.0111148 (C7)
[2026-07-19 17:09:49.084] [info] Frame 325 (t = 3.25):	 total squared error = 0.000792443, marker error: RMS = 0.00541754, max = 0.0111044 (L_Shoulder)
[2026-07-19 17:09:49.098] [info] Frame 326 (t = 3.26):	 total squared error = 0.000787797, marker error: RMS = 0.00540164, max = 0.0113116 (L_Shoulder)
[2026-07-19 17:09:49.110] [info] Frame 327 (t = 3.27):	 total squared error = 0.000784730, marker error: RMS = 0.00539111, max = 0.0116199 (L_Shoulder)
[2026-07-19 17:09:49.126] [info] Frame 328 (t = 3.28):	 total squared error = 0.000781609, marker error: RMS = 0.00538038, max = 0.0118461 (L_Shoulder)
[2026-07-19 17:09:49.142] [info] Frame 329 (t = 3.29):	 total squared error = 0.000782040, marker error: RMS = 0.00538186, max = 0.0121769 (L_Shoulder)
[2026-07-19 17:09:49.159] [info] Frame 330 (t = 3.3):	 total squared error = 0.000784924, marker error: RMS = 0.00539178, max = 0.0124827 (L_Shoulder)
[2026-07-19 17:09:49.174] [info] Frame 331 (t = 3.31):	 total squared error = 0.000793070, marker error: RMS = 0.00541968, max = 0.0129981 (L_Shoulder)
[2026-07-19 17:09:49.187] [info] Frame 332 (t = 3.32):	 total squared error = 0.000805146, marker error: RMS = 0.00546079, max = 0.0135151 (L_Shoulder)
[2026-07-19 17:09:49.201] [info] Frame 333 (t = 3.33):	 total squared error = 0.000816387, marker error: RMS = 0.00549878, max = 0.0138284 (L_Shoulder)
[2026-07-19 17:09:49.218] [info] Frame 334 (t = 3.34):	 total squared error = 0.000830744, marker error: RMS = 0.00554692, max = 0.0143465 (L_Shoulder)
[2026-07-19 17:09:49.234] [info] Frame 335 (t = 3.35):	 total squared error = 0.000845304, marker error: RMS = 0.00559532, max = 0.0147792 (L_Shoulder)
[2026-07-19 17:09:49.255] [info] Frame 336 (t = 3.36):	 total squared error = 0.000858273, marker error: RMS = 0.00563808, max = 0.0151364 (L_Shoulder)
[2026-07-19 17:09:49.278] [info] Frame 337 (t = 3.37):	 total squared error = 0.000874885, marker error: RMS = 0.00569238, max = 0.0156238 (L_Shoulder)
[2026-07-19 17:09:49.300] [info] Frame 338 (t = 3.38):	 total squared error = 0.000894850, marker error: RMS = 0.00575696, max = 0.0161026 (L_Shoulder)
[2026-07-19 17:09:49.315] [info] Frame 339 (t = 3.39):	 total squared error = 0.000921346, marker error: RMS = 0.00584157, max = 0.0167783 (L_Shoulder)
[2026-07-19 17:09:49.334] [info] Frame 340 (t = 3.4):	 total squared error = 0.000949185, marker error: RMS = 0.00592917, max = 0.0170065 (L_Shoulder)
[2026-07-19 17:09:49.351] [info] Frame 341 (t = 3.41):	 total squared error = 0.000983534, marker error: RMS = 0.00603550, max = 0.0174327 (L_Shoulder)
[2026-07-19 17:09:49.368] [info] Frame 342 (t = 3.42):	 total squared error = 0.00101618, marker error: RMS = 0.00613484, max = 0.0174431 (L_Shoulder)
[2026-07-19 17:09:49.385] [info] Frame 343 (t = 3.43):	 total squared error = 0.00104902, marker error: RMS = 0.00623319, max = 0.017668 (L_Shoulder)
[2026-07-19 17:09:49.407] [info] Frame 344 (t = 3.44):	 total squared error = 0.00107262, marker error: RMS = 0.00630290, max = 0.0174239 (L_Shoulder)
[2026-07-19 17:09:49.423] [info] Frame 345 (t = 3.45):	 total squared error = 0.00109451, marker error: RMS = 0.00636690, max = 0.0174496 (L_Shoulder)
[2026-07-19 17:09:49.445] [info] Frame 346 (t = 3.46):	 total squared error = 0.00110884, marker error: RMS = 0.00640845, max = 0.0171644 (L_Shoulder)
[2026-07-19 17:09:49.469] [info] Frame 347 (t = 3.47):	 total squared error = 0.00112177, marker error: RMS = 0.00644569, max = 0.0169434 (L_Shoulder)
[2026-07-19 17:09:49.485] [info] Frame 348 (t = 3.48):	 total squared error = 0.00113555, marker error: RMS = 0.00648516, max = 0.0167888 (L_Shoulder)
[2026-07-19 17:09:49.507] [info] Frame 349 (t = 3.49):	 total squared error = 0.00115045, marker error: RMS = 0.00652757, max = 0.0165075 (L_Shoulder)
[2026-07-19 17:09:49.530] [info] Frame 350 (t = 3.5):	 total squared error = 0.00117146, marker error: RMS = 0.00658690, max = 0.016243 (L_Shoulder)
[2026-07-19 17:09:49.549] [info] Frame 351 (t = 3.51):	 total squared error = 0.00120526, marker error: RMS = 0.00668125, max = 0.0161416 (L_Shoulder)
[2026-07-19 17:09:49.572] [info] Frame 352 (t = 3.52):	 total squared error = 0.00124573, marker error: RMS = 0.00679251, max = 0.0159142 (L_Shoulder)
[2026-07-19 17:09:49.590] [info] Frame 353 (t = 3.53):	 total squared error = 0.00130489, marker error: RMS = 0.00695193, max = 0.0157949 (L_Shoulder)
[2026-07-19 17:09:49.618] [info] Frame 354 (t = 3.54):	 total squared error = 0.00137701, marker error: RMS = 0.00714146, max = 0.0156369 (L_Shoulder)
[2026-07-19 17:09:49.640] [info] Frame 355 (t = 3.55):	 total squared error = 0.00146595, marker error: RMS = 0.00736848, max = 0.0155509 (L_Shoulder)
[2026-07-19 17:09:49.656] [info] Frame 356 (t = 3.56):	 total squared error = 0.00156549, marker error: RMS = 0.00761452, max = 0.0156801 (R_Shoulder)
[2026-07-19 17:09:49.669] [info] Frame 357 (t = 3.57):	 total squared error = 0.00167944, marker error: RMS = 0.00788680, max = 0.0166591 (R_Shoulder)
[2026-07-19 17:09:49.685] [info] Frame 358 (t = 3.58):	 total squared error = 0.00176663, marker error: RMS = 0.00808892, max = 0.0173183 (R_Shoulder)
[2026-07-19 17:09:49.700] [info] Frame 359 (t = 3.59):	 total squared error = 0.00185573, marker error: RMS = 0.00829040, max = 0.017842 (R_Shoulder)
[2026-07-19 17:09:49.720] [info] Frame 360 (t = 3.6):	 total squared error = 0.00193352, marker error: RMS = 0.00846237, max = 0.0184064 (R_Shoulder)
[2026-07-19 17:09:49.741] [info] Frame 361 (t = 3.61):	 total squared error = 0.00199130, marker error: RMS = 0.00858790, max = 0.0188112 (R_Shoulder)
[2026-07-19 17:09:49.754] [info] Frame 362 (t = 3.62):	 total squared error = 0.00203136, marker error: RMS = 0.00867383, max = 0.0190303 (R_Shoulder)
[2026-07-19 17:09:49.766] [info] Frame 363 (t = 3.63):	 total squared error = 0.00205347, marker error: RMS = 0.00872092, max = 0.0191089 (R_Shoulder)
[2026-07-19 17:09:49.780] [info] Frame 364 (t = 3.64):	 total squared error = 0.00205866, marker error: RMS = 0.00873193, max = 0.0190792 (R_Shoulder)
[2026-07-19 17:09:49.799] [info] Frame 365 (t = 3.65):	 total squared error = 0.00204916, marker error: RMS = 0.00871177, max = 0.0188471 (R_Shoulder)
[2026-07-19 17:09:49.817] [info] Frame 366 (t = 3.66):	 total squared error = 0.00202788, marker error: RMS = 0.00866641, max = 0.0184762 (R_Shoulder)
[2026-07-19 17:09:49.837] [info] Frame 367 (t = 3.67):	 total squared error = 0.00199506, marker error: RMS = 0.00859600, max = 0.0180395 (R_Shoulder)
[2026-07-19 17:09:49.854] [info] Frame 368 (t = 3.68):	 total squared error = 0.00195297, marker error: RMS = 0.00850484, max = 0.0174803 (R_Shoulder)
[2026-07-19 17:09:49.877] [info] Frame 369 (t = 3.69):	 total squared error = 0.00189019, marker error: RMS = 0.00836701, max = 0.016987 (R_Shoulder)
[2026-07-19 17:09:49.896] [info] Frame 370 (t = 3.7):	 total squared error = 0.00182774, marker error: RMS = 0.00822765, max = 0.016371 (R_Shoulder)
[2026-07-19 17:09:49.902] [info] InverseKinematicsTool completed 321 frames in 5 second(s).
[2026-07-19 17:09:49.937] [info] Loaded model TCV36-scaled from file C:\Users\lucia\Desktop\TFG\2_JMP\TVC36\Walk_1\TVC36_1_JMP_results\TVC36_1_NMSM_JMP_03_final.osim
[2026-07-19 17:09:50.483] [warning] Coordinate.setValue:  coordinate pro_sup_r is locked. Unable to change its value.
[2026-07-19 17:09:50.514] [warning] Coordinate.setValue:  coordinate pro_sup_l is locked. Unable to change its value.
[2026-07-19 17:10:34.543] [info] Loaded model TCV36-scaled from file C:\Users\lucia\Desktop\TFG\2_JMP\TVC36\Walk_1\TVC36_1_JMP_results\TVC36_1_NMSM_JMP_04_ankle_axis.osim
[2026-07-19 17:10:34.558] [cout] [info] 
               MODEL: TCV36-scaled
         coordinates: 41
              forces: 103
           actuators: 103
             muscles: 86
            analyses: 0
              probes: 0
              bodies: 24
              joints: 24
         constraints: 2
             markers: 27
         controllers: 0
  contact geometries: 0
misc modelcomponents: 0
[2026-07-19 17:10:34.558] [info] Running tool .
[2026-07-19 17:10:34.661] [info] Frame 50 (t = 0.5):	 total squared error = 0.00149377, marker error: RMS = 0.00743807, max = 0.0143243 (R_Shoulder)
[2026-07-19 17:10:34.676] [info] Frame 51 (t = 0.51):	 total squared error = 0.00146771, marker error: RMS = 0.00737289, max = 0.0139328 (R_Shoulder)
[2026-07-19 17:10:34.691] [info] Frame 52 (t = 0.52):	 total squared error = 0.00143888, marker error: RMS = 0.00730013, max = 0.0135752 (R_Shoulder)
[2026-07-19 17:10:34.717] [info] Frame 53 (t = 0.53):	 total squared error = 0.00139272, marker error: RMS = 0.00718206, max = 0.0135311 (L_Shank_Lateral)
[2026-07-19 17:10:34.743] [info] Frame 54 (t = 0.54):	 total squared error = 0.00135025, marker error: RMS = 0.00707173, max = 0.0134865 (L_Shank_Lateral)
[2026-07-19 17:10:34.763] [info] Frame 55 (t = 0.55):	 total squared error = 0.00130629, marker error: RMS = 0.00695564, max = 0.0133495 (L_Shank_Lateral)
[2026-07-19 17:10:34.780] [info] Frame 56 (t = 0.56):	 total squared error = 0.00126625, marker error: RMS = 0.00684822, max = 0.0130796 (L_Shank_Lateral)
[2026-07-19 17:10:34.813] [info] Frame 57 (t = 0.57):	 total squared error = 0.00120447, marker error: RMS = 0.00667907, max = 0.0131961 (L_Shank_Lateral)
[2026-07-19 17:10:34.842] [info] Frame 58 (t = 0.58):	 total squared error = 0.00114991, marker error: RMS = 0.00652605, max = 0.0129844 (L_Shank_Lateral)
[2026-07-19 17:10:34.871] [info] Frame 59 (t = 0.59):	 total squared error = 0.00109173, marker error: RMS = 0.00635882, max = 0.012795 (L_Shank_Lateral)
[2026-07-19 17:10:34.886] [info] Frame 60 (t = 0.6):	 total squared error = 0.00103519, marker error: RMS = 0.00619196, max = 0.0124793 (L_Shank_Lateral)
[2026-07-19 17:10:34.911] [info] Frame 61 (t = 0.61):	 total squared error = 0.000972766, marker error: RMS = 0.00600236, max = 0.0122174 (L_Shank_Lateral)
[2026-07-19 17:10:34.928] [info] Frame 62 (t = 0.62):	 total squared error = 0.000920810, marker error: RMS = 0.00583987, max = 0.0118798 (L_Shank_Lateral)
[2026-07-19 17:10:34.944] [info] Frame 63 (t = 0.63):	 total squared error = 0.000874668, marker error: RMS = 0.00569167, max = 0.0115111 (L_Shank_Lateral)
[2026-07-19 17:10:34.961] [info] Frame 64 (t = 0.64):	 total squared error = 0.000838347, marker error: RMS = 0.00557224, max = 0.0111405 (L_Shank_Lateral)
[2026-07-19 17:10:34.979] [info] Frame 65 (t = 0.65):	 total squared error = 0.000807604, marker error: RMS = 0.00546912, max = 0.0109425 (R_Shoulder)
[2026-07-19 17:10:34.998] [info] Frame 66 (t = 0.66):	 total squared error = 0.000782035, marker error: RMS = 0.00538185, max = 0.0108236 (R_Shoulder)
[2026-07-19 17:10:35.011] [info] Frame 67 (t = 0.67):	 total squared error = 0.000755703, marker error: RMS = 0.00529046, max = 0.0109749 (R_Shoulder)
[2026-07-19 17:10:35.031] [info] Frame 68 (t = 0.68):	 total squared error = 0.000730690, marker error: RMS = 0.00520217, max = 0.0107415 (R_Shoulder)
[2026-07-19 17:10:35.045] [info] Frame 69 (t = 0.69):	 total squared error = 0.000703034, marker error: RMS = 0.00510277, max = 0.0108008 (R_Shoulder)
[2026-07-19 17:10:35.062] [info] Frame 70 (t = 0.7):	 total squared error = 0.000676272, marker error: RMS = 0.00500471, max = 0.0105562 (R_Shoulder)
[2026-07-19 17:10:35.077] [info] Frame 71 (t = 0.71):	 total squared error = 0.000649253, marker error: RMS = 0.00490371, max = 0.0106054 (R_Shoulder)
[2026-07-19 17:10:35.093] [info] Frame 72 (t = 0.72):	 total squared error = 0.000622361, marker error: RMS = 0.00480108, max = 0.0103537 (R_Shoulder)
[2026-07-19 17:10:35.111] [info] Frame 73 (t = 0.73):	 total squared error = 0.000595487, marker error: RMS = 0.00469628, max = 0.0102296 (R_Shoulder)
[2026-07-19 17:10:35.131] [info] Frame 74 (t = 0.74):	 total squared error = 0.000570440, marker error: RMS = 0.00459645, max = 0.0101429 (R_Shoulder)
[2026-07-19 17:10:35.143] [info] Frame 75 (t = 0.75):	 total squared error = 0.000551695, marker error: RMS = 0.00452030, max = 0.0102692 (R_Shoulder)
[2026-07-19 17:10:35.159] [info] Frame 76 (t = 0.76):	 total squared error = 0.000528697, marker error: RMS = 0.00442508, max = 0.00994753 (R_Shoulder)
[2026-07-19 17:10:35.172] [info] Frame 77 (t = 0.77):	 total squared error = 0.000508902, marker error: RMS = 0.00434145, max = 0.00984714 (R_Shoulder)
[2026-07-19 17:10:35.187] [info] Frame 78 (t = 0.78):	 total squared error = 0.000493681, marker error: RMS = 0.00427604, max = 0.00983669 (R_Shoulder)
[2026-07-19 17:10:35.215] [info] Frame 79 (t = 0.79):	 total squared error = 0.000479438, marker error: RMS = 0.00421390, max = 0.00979411 (R_Shoulder)
[2026-07-19 17:10:35.228] [info] Frame 80 (t = 0.8):	 total squared error = 0.000472224, marker error: RMS = 0.00418208, max = 0.00975723 (R_Shoulder)
[2026-07-19 17:10:35.237] [info] Frame 81 (t = 0.81):	 total squared error = 0.000474144, marker error: RMS = 0.00419057, max = 0.00971314 (R_Shoulder)
[2026-07-19 17:10:35.260] [info] Frame 82 (t = 0.82):	 total squared error = 0.000465129, marker error: RMS = 0.00415054, max = 0.00979375 (R_Shoulder)
[2026-07-19 17:10:35.274] [info] Frame 83 (t = 0.83):	 total squared error = 0.000463766, marker error: RMS = 0.00414446, max = 0.00973176 (R_Shoulder)
[2026-07-19 17:10:35.284] [info] Frame 84 (t = 0.84):	 total squared error = 0.000464656, marker error: RMS = 0.00414843, max = 0.00967019 (R_Shoulder)
[2026-07-19 17:10:35.298] [info] Frame 85 (t = 0.85):	 total squared error = 0.000459402, marker error: RMS = 0.00412491, max = 0.00971051 (R_Shoulder)
[2026-07-19 17:10:35.306] [info] Frame 86 (t = 0.86):	 total squared error = 0.000458877, marker error: RMS = 0.00412255, max = 0.00967076 (R_Shoulder)
[2026-07-19 17:10:35.322] [info] Frame 87 (t = 0.87):	 total squared error = 0.000449751, marker error: RMS = 0.00408135, max = 0.00965917 (R_Shoulder)
[2026-07-19 17:10:35.330] [info] Frame 88 (t = 0.88):	 total squared error = 0.000447888, marker error: RMS = 0.00407289, max = 0.00954707 (R_Shoulder)
[2026-07-19 17:10:35.340] [info] Frame 89 (t = 0.89):	 total squared error = 0.000444505, marker error: RMS = 0.00405748, max = 0.00952157 (R_Shoulder)
[2026-07-19 17:10:35.350] [info] Frame 90 (t = 0.9):	 total squared error = 0.000447021, marker error: RMS = 0.00406895, max = 0.00932391 (R_Shoulder)
[2026-07-19 17:10:35.369] [info] Frame 91 (t = 0.91):	 total squared error = 0.000436034, marker error: RMS = 0.00401863, max = 0.00971548 (R_Shoulder)
[2026-07-19 17:10:35.379] [info] Frame 92 (t = 0.92):	 total squared error = 0.000438663, marker error: RMS = 0.00403073, max = 0.00953117 (R_Shoulder)
[2026-07-19 17:10:35.388] [info] Frame 93 (t = 0.93):	 total squared error = 0.000444499, marker error: RMS = 0.00405745, max = 0.00930119 (R_Shoulder)
[2026-07-19 17:10:35.395] [info] Frame 94 (t = 0.94):	 total squared error = 0.000451359, marker error: RMS = 0.00408864, max = 0.00913962 (R_Shoulder)
[2026-07-19 17:10:35.418] [info] Frame 95 (t = 0.95):	 total squared error = 0.000436250, marker error: RMS = 0.00401963, max = 0.00949693 (R_Shoulder)
[2026-07-19 17:10:35.428] [info] Frame 96 (t = 0.96):	 total squared error = 0.000436440, marker error: RMS = 0.00402050, max = 0.00936836 (R_Shoulder)
[2026-07-19 17:10:35.445] [info] Frame 97 (t = 0.97):	 total squared error = 0.000429800, marker error: RMS = 0.00398980, max = 0.00942560 (R_Shoulder)
[2026-07-19 17:10:35.460] [info] Frame 98 (t = 0.98):	 total squared error = 0.000427401, marker error: RMS = 0.00397865, max = 0.00951027 (R_Shoulder)
[2026-07-19 17:10:35.479] [info] Frame 99 (t = 0.99):	 total squared error = 0.000423670, marker error: RMS = 0.00396125, max = 0.00950140 (R_Shoulder)
[2026-07-19 17:10:35.493] [info] Frame 100 (t = 1.0):	 total squared error = 0.000425700, marker error: RMS = 0.00397072, max = 0.00967196 (R_Shoulder)
[2026-07-19 17:10:35.513] [info] Frame 101 (t = 1.01):	 total squared error = 0.000424701, marker error: RMS = 0.00396607, max = 0.00970479 (R_Shoulder)
[2026-07-19 17:10:35.533] [info] Frame 102 (t = 1.02):	 total squared error = 0.000428966, marker error: RMS = 0.00398593, max = 0.00978478 (R_Shoulder)
[2026-07-19 17:10:35.552] [info] Frame 103 (t = 1.03):	 total squared error = 0.000435742, marker error: RMS = 0.00401729, max = 0.00993415 (R_Shoulder)
[2026-07-19 17:10:35.572] [info] Frame 104 (t = 1.04):	 total squared error = 0.000443879, marker error: RMS = 0.00405462, max = 0.0100416 (R_Shoulder)
[2026-07-19 17:10:35.583] [info] Frame 105 (t = 1.05):	 total squared error = 0.000456580, marker error: RMS = 0.00411222, max = 0.0102105 (R_Shoulder)
[2026-07-19 17:10:35.602] [info] Frame 106 (t = 1.06):	 total squared error = 0.000462922, marker error: RMS = 0.00414068, max = 0.0102208 (R_Shoulder)
[2026-07-19 17:10:35.616] [info] Frame 107 (t = 1.07):	 total squared error = 0.000474315, marker error: RMS = 0.00419133, max = 0.0103542 (R_Shoulder)
[2026-07-19 17:10:35.632] [info] Frame 108 (t = 1.08):	 total squared error = 0.000483830, marker error: RMS = 0.00423316, max = 0.0104258 (R_Shoulder)
[2026-07-19 17:10:35.654] [info] Frame 109 (t = 1.09):	 total squared error = 0.000489497, marker error: RMS = 0.00425788, max = 0.0103389 (R_Shoulder)
[2026-07-19 17:10:35.667] [info] Frame 110 (t = 1.1):	 total squared error = 0.000499217, marker error: RMS = 0.00429994, max = 0.0103509 (R_Shoulder)
[2026-07-19 17:10:35.679] [info] Frame 111 (t = 1.11):	 total squared error = 0.000510829, marker error: RMS = 0.00434967, max = 0.0102868 (R_Shoulder)
[2026-07-19 17:10:35.693] [info] Frame 112 (t = 1.12):	 total squared error = 0.000518805, marker error: RMS = 0.00438349, max = 0.0103375 (R_Shoulder)
[2026-07-19 17:10:35.703] [info] Frame 113 (t = 1.13):	 total squared error = 0.000532555, marker error: RMS = 0.00444120, max = 0.0101575 (R_Shoulder)
[2026-07-19 17:10:35.713] [info] Frame 114 (t = 1.14):	 total squared error = 0.000543072, marker error: RMS = 0.00448484, max = 0.0101433 (R_Shoulder)
[2026-07-19 17:10:35.733] [info] Frame 115 (t = 1.15):	 total squared error = 0.000540320, marker error: RMS = 0.00447346, max = 0.00994906 (R_Shoulder)
[2026-07-19 17:10:35.760] [info] Frame 116 (t = 1.16):	 total squared error = 0.000543470, marker error: RMS = 0.00448648, max = 0.00990590 (R_Shoulder)
[2026-07-19 17:10:35.769] [info] Frame 117 (t = 1.17):	 total squared error = 0.000553104, marker error: RMS = 0.00452607, max = 0.00991629 (R_Shoulder)
[2026-07-19 17:10:35.780] [info] Frame 118 (t = 1.18):	 total squared error = 0.000560957, marker error: RMS = 0.00455809, max = 0.00979230 (R_Shoulder)
[2026-07-19 17:10:35.796] [info] Frame 119 (t = 1.19):	 total squared error = 0.000565010, marker error: RMS = 0.00457453, max = 0.00975219 (R_Shoulder)
[2026-07-19 17:10:35.807] [info] Frame 120 (t = 1.2):	 total squared error = 0.000576810, marker error: RMS = 0.00462205, max = 0.00973867 (R_Shoulder)
[2026-07-19 17:10:35.820] [info] Frame 121 (t = 1.21):	 total squared error = 0.000588764, marker error: RMS = 0.00466970, max = 0.00967806 (R_Shoulder)
[2026-07-19 17:10:35.836] [info] Frame 122 (t = 1.22):	 total squared error = 0.000594920, marker error: RMS = 0.00469405, max = 0.00970702 (R_Shoulder)
[2026-07-19 17:10:35.846] [info] Frame 123 (t = 1.23):	 total squared error = 0.000609654, marker error: RMS = 0.00475182, max = 0.00961999 (R_Shoulder)
[2026-07-19 17:10:35.881] [info] Frame 124 (t = 1.24):	 total squared error = 0.000613822, marker error: RMS = 0.00476803, max = 0.00952928 (R_Shoulder)
[2026-07-19 17:10:35.891] [info] Frame 125 (t = 1.25):	 total squared error = 0.000627785, marker error: RMS = 0.00482196, max = 0.00940706 (R_Shoulder)
[2026-07-19 17:10:35.902] [info] Frame 126 (t = 1.26):	 total squared error = 0.000639105, marker error: RMS = 0.00486524, max = 0.00953821 (C7)
[2026-07-19 17:10:35.929] [info] Frame 127 (t = 1.27):	 total squared error = 0.000644492, marker error: RMS = 0.00488570, max = 0.00987704 (C7)
[2026-07-19 17:10:35.948] [info] Frame 128 (t = 1.28):	 total squared error = 0.000654686, marker error: RMS = 0.00492419, max = 0.0102037 (C7)
[2026-07-19 17:10:35.954] [info] Frame 129 (t = 1.29):	 total squared error = 0.000672889, marker error: RMS = 0.00499218, max = 0.0105857 (C7)
[2026-07-19 17:10:35.970] [info] Frame 130 (t = 1.3):	 total squared error = 0.000680851, marker error: RMS = 0.00502162, max = 0.0110800 (C7)
[2026-07-19 17:10:35.982] [info] Frame 131 (t = 1.31):	 total squared error = 0.000697775, marker error: RMS = 0.00508365, max = 0.0114881 (C7)
[2026-07-19 17:10:36.002] [info] Frame 132 (t = 1.32):	 total squared error = 0.000714489, marker error: RMS = 0.00514418, max = 0.0119074 (C7)
[2026-07-19 17:10:36.023] [info] Frame 133 (t = 1.33):	 total squared error = 0.000732487, marker error: RMS = 0.00520857, max = 0.0124026 (C7)
[2026-07-19 17:10:36.030] [info] Frame 134 (t = 1.34):	 total squared error = 0.000755422, marker error: RMS = 0.00528948, max = 0.0128584 (C7)
[2026-07-19 17:10:36.049] [info] Frame 135 (t = 1.35):	 total squared error = 0.000770465, marker error: RMS = 0.00534188, max = 0.0132768 (C7)
[2026-07-19 17:10:36.060] [info] Frame 136 (t = 1.36):	 total squared error = 0.000793311, marker error: RMS = 0.00542051, max = 0.0137057 (C7)
[2026-07-19 17:10:36.078] [info] Frame 137 (t = 1.37):	 total squared error = 0.000803803, marker error: RMS = 0.00545623, max = 0.0139289 (C7)
[2026-07-19 17:10:36.088] [info] Frame 138 (t = 1.38):	 total squared error = 0.000824325, marker error: RMS = 0.00552545, max = 0.0143012 (C7)
[2026-07-19 17:10:36.104] [info] Frame 139 (t = 1.39):	 total squared error = 0.000834484, marker error: RMS = 0.00555939, max = 0.0144613 (C7)
[2026-07-19 17:10:36.113] [info] Frame 140 (t = 1.4):	 total squared error = 0.000855798, marker error: RMS = 0.00562994, max = 0.0148296 (C7)
[2026-07-19 17:10:36.136] [info] Frame 141 (t = 1.41):	 total squared error = 0.000862389, marker error: RMS = 0.00565158, max = 0.0148751 (C7)
[2026-07-19 17:10:36.147] [info] Frame 142 (t = 1.42):	 total squared error = 0.000882639, marker error: RMS = 0.00571755, max = 0.0150972 (C7)
[2026-07-19 17:10:36.167] [info] Frame 143 (t = 1.43):	 total squared error = 0.000894907, marker error: RMS = 0.00575714, max = 0.0151622 (C7)
[2026-07-19 17:10:36.176] [info] Frame 144 (t = 1.44):	 total squared error = 0.000919467, marker error: RMS = 0.00583561, max = 0.0153966 (C7)
[2026-07-19 17:10:36.199] [info] Frame 145 (t = 1.45):	 total squared error = 0.000927460, marker error: RMS = 0.00586092, max = 0.0154424 (C7)
[2026-07-19 17:10:36.214] [info] Frame 146 (t = 1.46):	 total squared error = 0.000943393, marker error: RMS = 0.00591105, max = 0.0155138 (C7)
[2026-07-19 17:10:36.229] [info] Frame 147 (t = 1.47):	 total squared error = 0.000954401, marker error: RMS = 0.00594543, max = 0.0155909 (C7)
[2026-07-19 17:10:36.243] [info] Frame 148 (t = 1.48):	 total squared error = 0.000959566, marker error: RMS = 0.00596150, max = 0.0156964 (C7)
[2026-07-19 17:10:36.253] [info] Frame 149 (t = 1.49):	 total squared error = 0.000966490, marker error: RMS = 0.00598297, max = 0.0157816 (C7)
[2026-07-19 17:10:36.275] [info] Frame 150 (t = 1.5):	 total squared error = 0.000939603, marker error: RMS = 0.00589916, max = 0.0157703 (C7)
[2026-07-19 17:10:36.290] [info] Frame 151 (t = 1.51):	 total squared error = 0.000924331, marker error: RMS = 0.00585102, max = 0.0156764 (C7)
[2026-07-19 17:10:36.300] [info] Frame 152 (t = 1.52):	 total squared error = 0.000911960, marker error: RMS = 0.00581174, max = 0.0156857 (C7)
[2026-07-19 17:10:36.317] [info] Frame 153 (t = 1.53):	 total squared error = 0.000885145, marker error: RMS = 0.00572566, max = 0.0155643 (C7)
[2026-07-19 17:10:36.327] [info] Frame 154 (t = 1.54):	 total squared error = 0.000869437, marker error: RMS = 0.00567462, max = 0.0155206 (C7)
[2026-07-19 17:10:36.346] [info] Frame 155 (t = 1.55):	 total squared error = 0.000847074, marker error: RMS = 0.00560117, max = 0.0152703 (C7)
[2026-07-19 17:10:36.369] [info] Frame 156 (t = 1.56):	 total squared error = 0.000827854, marker error: RMS = 0.00553726, max = 0.0151337 (C7)
[2026-07-19 17:10:36.378] [info] Frame 157 (t = 1.57):	 total squared error = 0.000817570, marker error: RMS = 0.00550276, max = 0.0149373 (C7)
[2026-07-19 17:10:36.401] [info] Frame 158 (t = 1.58):	 total squared error = 0.000800936, marker error: RMS = 0.00544649, max = 0.0146688 (C7)
[2026-07-19 17:10:36.411] [info] Frame 159 (t = 1.59):	 total squared error = 0.000796843, marker error: RMS = 0.00543256, max = 0.0144491 (C7)
[2026-07-19 17:10:36.431] [info] Frame 160 (t = 1.6):	 total squared error = 0.000783994, marker error: RMS = 0.00538858, max = 0.0141287 (C7)
[2026-07-19 17:10:36.443] [info] Frame 161 (t = 1.61):	 total squared error = 0.000783593, marker error: RMS = 0.00538720, max = 0.0138866 (C7)
[2026-07-19 17:10:36.456] [info] Frame 162 (t = 1.62):	 total squared error = 0.000778269, marker error: RMS = 0.00536887, max = 0.013555 (C7)
[2026-07-19 17:10:36.474] [info] Frame 163 (t = 1.63):	 total squared error = 0.000769320, marker error: RMS = 0.00533791, max = 0.0133345 (C7)
[2026-07-19 17:10:36.491] [info] Frame 164 (t = 1.64):	 total squared error = 0.000764084, marker error: RMS = 0.00531972, max = 0.0130800 (C7)
[2026-07-19 17:10:36.504] [info] Frame 165 (t = 1.65):	 total squared error = 0.000759153, marker error: RMS = 0.00530252, max = 0.0128981 (C7)
[2026-07-19 17:10:36.515] [info] Frame 166 (t = 1.66):	 total squared error = 0.000751498, marker error: RMS = 0.00527572, max = 0.0127126 (C7)
[2026-07-19 17:10:36.533] [info] Frame 167 (t = 1.67):	 total squared error = 0.000736178, marker error: RMS = 0.00522167, max = 0.0124277 (C7)
[2026-07-19 17:10:36.547] [info] Frame 168 (t = 1.68):	 total squared error = 0.000725057, marker error: RMS = 0.00518208, max = 0.012257 (C7)
[2026-07-19 17:10:36.564] [info] Frame 169 (t = 1.69):	 total squared error = 0.000714139, marker error: RMS = 0.00514292, max = 0.0120383 (C7)
[2026-07-19 17:10:36.576] [info] Frame 170 (t = 1.7):	 total squared error = 0.000707700, marker error: RMS = 0.00511968, max = 0.0121913 (L_Shoulder)
[2026-07-19 17:10:36.590] [info] Frame 171 (t = 1.71):	 total squared error = 0.000701327, marker error: RMS = 0.00509657, max = 0.0125369 (L_Shoulder)
[2026-07-19 17:10:36.603] [info] Frame 172 (t = 1.72):	 total squared error = 0.000699383, marker error: RMS = 0.00508951, max = 0.0128568 (L_Shoulder)
[2026-07-19 17:10:36.620] [info] Frame 173 (t = 1.73):	 total squared error = 0.000699862, marker error: RMS = 0.00509125, max = 0.0129135 (L_Shoulder)
[2026-07-19 17:10:36.633] [info] Frame 174 (t = 1.74):	 total squared error = 0.000709811, marker error: RMS = 0.00512731, max = 0.0134625 (L_Shoulder)
[2026-07-19 17:10:36.643] [info] Frame 175 (t = 1.75):	 total squared error = 0.000724058, marker error: RMS = 0.00517851, max = 0.01393 (L_Shoulder)
[2026-07-19 17:10:36.666] [info] Frame 176 (t = 1.76):	 total squared error = 0.000732911, marker error: RMS = 0.00521007, max = 0.0137558 (L_Shoulder)
[2026-07-19 17:10:36.682] [info] Frame 177 (t = 1.77):	 total squared error = 0.000755439, marker error: RMS = 0.00528954, max = 0.0139998 (L_Shoulder)
[2026-07-19 17:10:36.694] [info] Frame 178 (t = 1.78):	 total squared error = 0.000784595, marker error: RMS = 0.00539065, max = 0.0142636 (L_Shoulder)
[2026-07-19 17:10:36.709] [info] Frame 179 (t = 1.79):	 total squared error = 0.000817419, marker error: RMS = 0.00550225, max = 0.0142998 (L_Shoulder)
[2026-07-19 17:10:36.729] [info] Frame 180 (t = 1.8):	 total squared error = 0.000854069, marker error: RMS = 0.00562425, max = 0.0142973 (L_Shoulder)
[2026-07-19 17:10:36.744] [info] Frame 181 (t = 1.81):	 total squared error = 0.000902528, marker error: RMS = 0.00578161, max = 0.0143356 (L_Shoulder)
[2026-07-19 17:10:36.768] [info] Frame 182 (t = 1.82):	 total squared error = 0.000946139, marker error: RMS = 0.00591964, max = 0.0142111 (L_Shoulder)
[2026-07-19 17:10:36.791] [info] Frame 183 (t = 1.83):	 total squared error = 0.000996845, marker error: RMS = 0.00607620, max = 0.0147811 (R_Shoulder)
[2026-07-19 17:10:36.808] [info] Frame 184 (t = 1.84):	 total squared error = 0.00104874, marker error: RMS = 0.00623235, max = 0.0153886 (R_Shoulder)
[2026-07-19 17:10:36.825] [info] Frame 185 (t = 1.85):	 total squared error = 0.00109927, marker error: RMS = 0.00638074, max = 0.0160604 (R_Shoulder)
[2026-07-19 17:10:36.844] [info] Frame 186 (t = 1.86):	 total squared error = 0.00114857, marker error: RMS = 0.00652225, max = 0.0166909 (R_Shoulder)
[2026-07-19 17:10:36.872] [info] Frame 187 (t = 1.87):	 total squared error = 0.00119784, marker error: RMS = 0.00666066, max = 0.0172409 (R_Shoulder)
[2026-07-19 17:10:36.896] [info] Frame 188 (t = 1.88):	 total squared error = 0.00124911, marker error: RMS = 0.00680171, max = 0.0177959 (R_Shoulder)
[2026-07-19 17:10:36.914] [info] Frame 189 (t = 1.89):	 total squared error = 0.00130624, marker error: RMS = 0.00695551, max = 0.018287 (R_Shoulder)
[2026-07-19 17:10:36.927] [info] Frame 190 (t = 1.9):	 total squared error = 0.00140216, marker error: RMS = 0.00720638, max = 0.0187030 (R_Shoulder)
[2026-07-19 17:10:36.946] [info] Frame 191 (t = 1.91):	 total squared error = 0.00144791, marker error: RMS = 0.00732299, max = 0.0191196 (R_Shoulder)
[2026-07-19 17:10:36.961] [info] Frame 192 (t = 1.92):	 total squared error = 0.00152639, marker error: RMS = 0.00751883, max = 0.0193923 (R_Shoulder)
[2026-07-19 17:10:36.980] [info] Frame 193 (t = 1.93):	 total squared error = 0.00160506, marker error: RMS = 0.00771017, max = 0.0195915 (R_Shoulder)
[2026-07-19 17:10:36.996] [info] Frame 194 (t = 1.94):	 total squared error = 0.00167697, marker error: RMS = 0.00788099, max = 0.0196681 (R_Shoulder)
[2026-07-19 17:10:37.008] [info] Frame 195 (t = 1.95):	 total squared error = 0.00174298, marker error: RMS = 0.00803459, max = 0.0197972 (R_Shoulder)
[2026-07-19 17:10:37.025] [info] Frame 196 (t = 1.96):	 total squared error = 0.00179380, marker error: RMS = 0.00815089, max = 0.0196978 (R_Shoulder)
[2026-07-19 17:10:37.039] [info] Frame 197 (t = 1.97):	 total squared error = 0.00183554, marker error: RMS = 0.00824517, max = 0.0195408 (R_Shoulder)
[2026-07-19 17:10:37.052] [info] Frame 198 (t = 1.98):	 total squared error = 0.00186986, marker error: RMS = 0.00832190, max = 0.0192796 (R_Shoulder)
[2026-07-19 17:10:37.067] [info] Frame 199 (t = 1.99):	 total squared error = 0.00190142, marker error: RMS = 0.00839184, max = 0.0189811 (R_Shoulder)
[2026-07-19 17:10:37.084] [info] Frame 200 (t = 2.0):	 total squared error = 0.00192924, marker error: RMS = 0.00845300, max = 0.0185727 (R_Shoulder)
[2026-07-19 17:10:37.105] [info] Frame 201 (t = 2.01):	 total squared error = 0.00195295, marker error: RMS = 0.00850479, max = 0.0181188 (R_Shoulder)
[2026-07-19 17:10:37.120] [info] Frame 202 (t = 2.02):	 total squared error = 0.00196682, marker error: RMS = 0.00853494, max = 0.0176468 (R_Shoulder)
[2026-07-19 17:10:37.137] [info] Frame 203 (t = 2.03):	 total squared error = 0.00196374, marker error: RMS = 0.00852824, max = 0.0181594 (Thoracic)
[2026-07-19 17:10:37.154] [info] Frame 204 (t = 2.04):	 total squared error = 0.00193820, marker error: RMS = 0.00847261, max = 0.0190688 (Thoracic)
[2026-07-19 17:10:37.170] [info] Frame 205 (t = 2.05):	 total squared error = 0.00188488, marker error: RMS = 0.00835525, max = 0.0197886 (Thoracic)
[2026-07-19 17:10:37.199] [info] Frame 206 (t = 2.06):	 total squared error = 0.00180336, marker error: RMS = 0.00817258, max = 0.0202961 (Thoracic)
[2026-07-19 17:10:37.222] [info] Frame 207 (t = 2.07):	 total squared error = 0.00171691, marker error: RMS = 0.00797429, max = 0.0204324 (Thoracic)
[2026-07-19 17:10:37.250] [info] Frame 208 (t = 2.08):	 total squared error = 0.00162202, marker error: RMS = 0.00775079, max = 0.0204423 (Thoracic)
[2026-07-19 17:10:37.268] [info] Frame 209 (t = 2.09):	 total squared error = 0.00154221, marker error: RMS = 0.00755771, max = 0.0201030 (Thoracic)
[2026-07-19 17:10:37.295] [info] Frame 210 (t = 2.1):	 total squared error = 0.00146120, marker error: RMS = 0.00735653, max = 0.0197889 (Thoracic)
[2026-07-19 17:10:37.311] [info] Frame 211 (t = 2.11):	 total squared error = 0.00140647, marker error: RMS = 0.00721743, max = 0.0191685 (Thoracic)
[2026-07-19 17:10:37.326] [info] Frame 212 (t = 2.12):	 total squared error = 0.00135608, marker error: RMS = 0.00708697, max = 0.0186032 (Thoracic)
[2026-07-19 17:10:37.350] [info] Frame 213 (t = 2.13):	 total squared error = 0.00131029, marker error: RMS = 0.00696630, max = 0.0180719 (Thoracic)
[2026-07-19 17:10:37.367] [info] Frame 214 (t = 2.14):	 total squared error = 0.00127482, marker error: RMS = 0.00687135, max = 0.0174835 (Thoracic)
[2026-07-19 17:10:37.384] [info] Frame 215 (t = 2.15):	 total squared error = 0.00123808, marker error: RMS = 0.00677162, max = 0.0170051 (Thoracic)
[2026-07-19 17:10:37.408] [info] Frame 216 (t = 2.16):	 total squared error = 0.00119691, marker error: RMS = 0.00665808, max = 0.0165942 (Thoracic)
[2026-07-19 17:10:37.416] [info] Frame 217 (t = 2.17):	 total squared error = 0.00115877, marker error: RMS = 0.00655113, max = 0.0160964 (Thoracic)
[2026-07-19 17:10:37.435] [info] Frame 218 (t = 2.18):	 total squared error = 0.00111482, marker error: RMS = 0.00642569, max = 0.0159314 (Thoracic)
[2026-07-19 17:10:37.452] [info] Frame 219 (t = 2.19):	 total squared error = 0.00107276, marker error: RMS = 0.00630332, max = 0.015716 (Thoracic)
[2026-07-19 17:10:37.477] [info] Frame 220 (t = 2.2):	 total squared error = 0.00103194, marker error: RMS = 0.00618223, max = 0.0156212 (Thoracic)
[2026-07-19 17:10:37.494] [info] Frame 221 (t = 2.21):	 total squared error = 0.000992428, marker error: RMS = 0.00606272, max = 0.0155131 (Thoracic)
[2026-07-19 17:10:37.511] [info] Frame 222 (t = 2.22):	 total squared error = 0.000956959, marker error: RMS = 0.00595340, max = 0.0154987 (Thoracic)
[2026-07-19 17:10:37.530] [info] Frame 223 (t = 2.23):	 total squared error = 0.000924056, marker error: RMS = 0.00585015, max = 0.0155682 (Thoracic)
[2026-07-19 17:10:37.549] [info] Frame 224 (t = 2.24):	 total squared error = 0.000894578, marker error: RMS = 0.00575608, max = 0.0156713 (Thoracic)
[2026-07-19 17:10:37.566] [info] Frame 225 (t = 2.25):	 total squared error = 0.000869371, marker error: RMS = 0.00567441, max = 0.0158022 (Thoracic)
[2026-07-19 17:10:37.583] [info] Frame 226 (t = 2.26):	 total squared error = 0.000848959, marker error: RMS = 0.00560740, max = 0.0159448 (Thoracic)
[2026-07-19 17:10:37.600] [info] Frame 227 (t = 2.27):	 total squared error = 0.000832794, marker error: RMS = 0.00555376, max = 0.0160820 (Thoracic)
[2026-07-19 17:10:37.618] [info] Frame 228 (t = 2.28):	 total squared error = 0.000820957, marker error: RMS = 0.00551415, max = 0.0161656 (Thoracic)
[2026-07-19 17:10:37.641] [info] Frame 229 (t = 2.29):	 total squared error = 0.000811911, marker error: RMS = 0.00548368, max = 0.0162204 (Thoracic)
[2026-07-19 17:10:37.657] [info] Frame 230 (t = 2.3):	 total squared error = 0.000807788, marker error: RMS = 0.00546974, max = 0.0161433 (Thoracic)
[2026-07-19 17:10:37.673] [info] Frame 231 (t = 2.31):	 total squared error = 0.000806074, marker error: RMS = 0.00546394, max = 0.0159603 (Thoracic)
[2026-07-19 17:10:37.688] [info] Frame 232 (t = 2.32):	 total squared error = 0.000804760, marker error: RMS = 0.00545948, max = 0.0157222 (Thoracic)
[2026-07-19 17:10:37.718] [info] Frame 233 (t = 2.33):	 total squared error = 0.000801040, marker error: RMS = 0.00544685, max = 0.0154935 (Thoracic)
[2026-07-19 17:10:37.735] [info] Frame 234 (t = 2.34):	 total squared error = 0.000797731, marker error: RMS = 0.00543559, max = 0.0150484 (Thoracic)
[2026-07-19 17:10:37.746] [info] Frame 235 (t = 2.35):	 total squared error = 0.000795440, marker error: RMS = 0.00542777, max = 0.0146134 (Thoracic)
[2026-07-19 17:10:37.764] [info] Frame 236 (t = 2.36):	 total squared error = 0.000782550, marker error: RMS = 0.00538362, max = 0.0140141 (Thoracic)
[2026-07-19 17:10:37.775] [info] Frame 237 (t = 2.37):	 total squared error = 0.000772974, marker error: RMS = 0.00535058, max = 0.0134745 (Thoracic)
[2026-07-19 17:10:37.790] [info] Frame 238 (t = 2.38):	 total squared error = 0.000752466, marker error: RMS = 0.00527912, max = 0.0129079 (Thoracic)
[2026-07-19 17:10:37.798] [info] Frame 239 (t = 2.39):	 total squared error = 0.000737933, marker error: RMS = 0.00522789, max = 0.0123022 (Thoracic)
[2026-07-19 17:10:37.816] [info] Frame 240 (t = 2.4):	 total squared error = 0.000716990, marker error: RMS = 0.00515317, max = 0.011745 (Thoracic)
[2026-07-19 17:10:37.825] [info] Frame 241 (t = 2.41):	 total squared error = 0.000704096, marker error: RMS = 0.00510663, max = 0.0111755 (Thoracic)
[2026-07-19 17:10:37.843] [info] Frame 242 (t = 2.42):	 total squared error = 0.000689546, marker error: RMS = 0.00505359, max = 0.0106494 (Thoracic)
[2026-07-19 17:10:37.861] [info] Frame 243 (t = 2.43):	 total squared error = 0.000680847, marker error: RMS = 0.00502161, max = 0.0105040 (R_Shoulder)
[2026-07-19 17:10:37.871] [info] Frame 244 (t = 2.44):	 total squared error = 0.000679875, marker error: RMS = 0.00501802, max = 0.0106266 (R_Shoulder)
[2026-07-19 17:10:37.880] [info] Frame 245 (t = 2.45):	 total squared error = 0.000682384, marker error: RMS = 0.00502727, max = 0.0106729 (R_Shoulder)
[2026-07-19 17:10:37.897] [info] Frame 246 (t = 2.46):	 total squared error = 0.000683349, marker error: RMS = 0.00503083, max = 0.0109296 (R_Shoulder)
[2026-07-19 17:10:37.906] [info] Frame 247 (t = 2.47):	 total squared error = 0.000691573, marker error: RMS = 0.00506101, max = 0.0110260 (R_Shoulder)
[2026-07-19 17:10:37.916] [info] Frame 248 (t = 2.48):	 total squared error = 0.000700409, marker error: RMS = 0.00509324, max = 0.0110979 (R_Shoulder)
[2026-07-19 17:10:37.926] [info] Frame 249 (t = 2.49):	 total squared error = 0.000709173, marker error: RMS = 0.00512500, max = 0.0112123 (R_Shoulder)
[2026-07-19 17:10:37.942] [info] Frame 250 (t = 2.5):	 total squared error = 0.000700578, marker error: RMS = 0.00509385, max = 0.0114683 (R_Shoulder)
[2026-07-19 17:10:37.949] [info] Frame 251 (t = 2.51):	 total squared error = 0.000698788, marker error: RMS = 0.00508734, max = 0.0114894 (R_Shoulder)
[2026-07-19 17:10:37.962] [info] Frame 252 (t = 2.52):	 total squared error = 0.000686655, marker error: RMS = 0.00504298, max = 0.0118817 (R_Shoulder)
[2026-07-19 17:10:37.979] [info] Frame 253 (t = 2.53):	 total squared error = 0.000672077, marker error: RMS = 0.00498916, max = 0.0120523 (R_Shoulder)
[2026-07-19 17:10:37.992] [info] Frame 254 (t = 2.54):	 total squared error = 0.000662739, marker error: RMS = 0.00495438, max = 0.0124328 (R_Shoulder)
[2026-07-19 17:10:38.002] [info] Frame 255 (t = 2.55):	 total squared error = 0.000667014, marker error: RMS = 0.00497033, max = 0.0123964 (R_Shoulder)
[2026-07-19 17:10:38.019] [info] Frame 256 (t = 2.56):	 total squared error = 0.000650723, marker error: RMS = 0.00490926, max = 0.0127524 (R_Shoulder)
[2026-07-19 17:10:38.029] [info] Frame 257 (t = 2.57):	 total squared error = 0.000668395, marker error: RMS = 0.00497548, max = 0.0129167 (R_Shoulder)
[2026-07-19 17:10:38.057] [info] Frame 258 (t = 2.58):	 total squared error = 0.000663850, marker error: RMS = 0.00495853, max = 0.0136487 (R_Shoulder)
[2026-07-19 17:10:38.074] [info] Frame 259 (t = 2.59):	 total squared error = 0.000681500, marker error: RMS = 0.00502402, max = 0.013916 (R_Shoulder)
[2026-07-19 17:10:38.094] [info] Frame 260 (t = 2.6):	 total squared error = 0.000701371, marker error: RMS = 0.00509674, max = 0.0141988 (R_Shoulder)
[2026-07-19 17:10:38.114] [info] Frame 261 (t = 2.61):	 total squared error = 0.000723243, marker error: RMS = 0.00517559, max = 0.0145251 (R_Shoulder)
[2026-07-19 17:10:38.136] [info] Frame 262 (t = 2.62):	 total squared error = 0.000745494, marker error: RMS = 0.00525461, max = 0.0148041 (R_Shoulder)
[2026-07-19 17:10:38.144] [info] Frame 263 (t = 2.63):	 total squared error = 0.000774898, marker error: RMS = 0.00535723, max = 0.0149727 (R_Shoulder)
[2026-07-19 17:10:38.160] [info] Frame 264 (t = 2.64):	 total squared error = 0.000785055, marker error: RMS = 0.00539223, max = 0.0150814 (R_Shoulder)
[2026-07-19 17:10:38.171] [info] Frame 265 (t = 2.65):	 total squared error = 0.000805183, marker error: RMS = 0.00546092, max = 0.0151532 (R_Shoulder)
[2026-07-19 17:10:38.189] [info] Frame 266 (t = 2.66):	 total squared error = 0.000805427, marker error: RMS = 0.00546174, max = 0.0151566 (R_Shoulder)
[2026-07-19 17:10:38.197] [info] Frame 267 (t = 2.67):	 total squared error = 0.000814705, marker error: RMS = 0.00549311, max = 0.0148353 (R_Shoulder)
[2026-07-19 17:10:38.217] [info] Frame 268 (t = 2.68):	 total squared error = 0.000798548, marker error: RMS = 0.00543837, max = 0.0149926 (R_Shoulder)
[2026-07-19 17:10:38.228] [info] Frame 269 (t = 2.69):	 total squared error = 0.000790139, marker error: RMS = 0.00540966, max = 0.0146725 (R_Shoulder)
[2026-07-19 17:10:38.241] [info] Frame 270 (t = 2.7):	 total squared error = 0.000776037, marker error: RMS = 0.00536117, max = 0.0144728 (R_Shoulder)
[2026-07-19 17:10:38.263] [info] Frame 271 (t = 2.71):	 total squared error = 0.000752041, marker error: RMS = 0.00527763, max = 0.0142624 (R_Shoulder)
[2026-07-19 17:10:38.273] [info] Frame 272 (t = 2.72):	 total squared error = 0.000737968, marker error: RMS = 0.00522801, max = 0.0137331 (R_Shoulder)
[2026-07-19 17:10:38.282] [info] Frame 273 (t = 2.73):	 total squared error = 0.000728278, marker error: RMS = 0.00519358, max = 0.0133132 (R_Shoulder)
[2026-07-19 17:10:38.306] [info] Frame 274 (t = 2.74):	 total squared error = 0.000695024, marker error: RMS = 0.00507362, max = 0.0133216 (R_Shoulder)
[2026-07-19 17:10:38.323] [info] Frame 275 (t = 2.75):	 total squared error = 0.000678246, marker error: RMS = 0.00501201, max = 0.0129869 (R_Shoulder)
[2026-07-19 17:10:38.345] [info] Frame 276 (t = 2.76):	 total squared error = 0.000657488, marker error: RMS = 0.00493472, max = 0.0126553 (R_Shoulder)
[2026-07-19 17:10:38.355] [info] Frame 277 (t = 2.77):	 total squared error = 0.000645981, marker error: RMS = 0.00489134, max = 0.0122406 (R_Shoulder)
[2026-07-19 17:10:38.376] [info] Frame 278 (t = 2.78):	 total squared error = 0.000626545, marker error: RMS = 0.00481720, max = 0.0120535 (R_Shoulder)
[2026-07-19 17:10:38.385] [info] Frame 279 (t = 2.79):	 total squared error = 0.000625152, marker error: RMS = 0.00481184, max = 0.0116442 (R_Shoulder)
[2026-07-19 17:10:38.404] [info] Frame 280 (t = 2.8):	 total squared error = 0.000628965, marker error: RMS = 0.00482649, max = 0.0114749 (R_Shoulder)
[2026-07-19 17:10:38.413] [info] Frame 281 (t = 2.81):	 total squared error = 0.000651634, marker error: RMS = 0.00491270, max = 0.0112756 (R_Shoulder)
[2026-07-19 17:10:38.424] [info] Frame 282 (t = 2.82):	 total squared error = 0.000683675, marker error: RMS = 0.00503203, max = 0.0109784 (R_Shoulder)
[2026-07-19 17:10:38.441] [info] Frame 283 (t = 2.83):	 total squared error = 0.000710848, marker error: RMS = 0.00513105, max = 0.0108151 (R_Shoulder)
[2026-07-19 17:10:38.451] [info] Frame 284 (t = 2.84):	 total squared error = 0.000746729, marker error: RMS = 0.00525896, max = 0.0106585 (R_Shoulder)
[2026-07-19 17:10:38.463] [info] Frame 285 (t = 2.85):	 total squared error = 0.000777315, marker error: RMS = 0.00536558, max = 0.0105103 (R_Shoulder)
[2026-07-19 17:10:38.473] [info] Frame 286 (t = 2.86):	 total squared error = 0.000802407, marker error: RMS = 0.00545149, max = 0.0104177 (R_Shoulder)
[2026-07-19 17:10:38.482] [info] Frame 287 (t = 2.87):	 total squared error = 0.000819417, marker error: RMS = 0.00550897, max = 0.0104149 (R_Shoulder)
[2026-07-19 17:10:38.499] [info] Frame 288 (t = 2.88):	 total squared error = 0.000805160, marker error: RMS = 0.00546084, max = 0.0102908 (Thoracic)
[2026-07-19 17:10:38.510] [info] Frame 289 (t = 2.89):	 total squared error = 0.000803875, marker error: RMS = 0.00545648, max = 0.0103973 (Thoracic)
[2026-07-19 17:10:38.532] [info] Frame 290 (t = 2.9):	 total squared error = 0.000788133, marker error: RMS = 0.00540279, max = 0.0104098 (Thoracic)
[2026-07-19 17:10:38.543] [info] Frame 291 (t = 2.91):	 total squared error = 0.000782608, marker error: RMS = 0.00538382, max = 0.0102760 (R_Shoulder)
[2026-07-19 17:10:38.553] [info] Frame 292 (t = 2.92):	 total squared error = 0.000784408, marker error: RMS = 0.00539000, max = 0.0103052 (R_Shoulder)
[2026-07-19 17:10:38.574] [info] Frame 293 (t = 2.93):	 total squared error = 0.000772392, marker error: RMS = 0.00534856, max = 0.0105757 (R_Shoulder)
[2026-07-19 17:10:38.582] [info] Frame 294 (t = 2.94):	 total squared error = 0.000784347, marker error: RMS = 0.00538980, max = 0.0105235 (R_Shoulder)
[2026-07-19 17:10:38.602] [info] Frame 295 (t = 2.95):	 total squared error = 0.000792884, marker error: RMS = 0.00541905, max = 0.0107358 (R_Shoulder)
[2026-07-19 17:10:38.614] [info] Frame 296 (t = 2.96):	 total squared error = 0.000815092, marker error: RMS = 0.00549441, max = 0.0105542 (R_Shoulder)
[2026-07-19 17:10:38.624] [info] Frame 297 (t = 2.97):	 total squared error = 0.000850851, marker error: RMS = 0.00561364, max = 0.0105121 (R_Shoulder)
[2026-07-19 17:10:38.639] [info] Frame 298 (t = 2.98):	 total squared error = 0.000879790, marker error: RMS = 0.00570831, max = 0.0106651 (R_Shoulder)
[2026-07-19 17:10:38.650] [info] Frame 299 (t = 2.99):	 total squared error = 0.000930445, marker error: RMS = 0.00587034, max = 0.0109856 (Thoracic)
[2026-07-19 17:10:38.666] [info] Frame 300 (t = 3.0):	 total squared error = 0.000972373, marker error: RMS = 0.00600115, max = 0.0121574 (Thoracic)
[2026-07-19 17:10:38.673] [info] Frame 301 (t = 3.01):	 total squared error = 0.00103098, marker error: RMS = 0.00617935, max = 0.0133405 (Thoracic)
[2026-07-19 17:10:38.687] [info] Frame 302 (t = 3.02):	 total squared error = 0.00106740, marker error: RMS = 0.00628757, max = 0.0144844 (Thoracic)
[2026-07-19 17:10:38.701] [info] Frame 303 (t = 3.03):	 total squared error = 0.00110040, marker error: RMS = 0.00638399, max = 0.0154711 (Thoracic)
[2026-07-19 17:10:38.717] [info] Frame 304 (t = 3.04):	 total squared error = 0.00112329, marker error: RMS = 0.00645005, max = 0.0161606 (Thoracic)
[2026-07-19 17:10:38.732] [info] Frame 305 (t = 3.05):	 total squared error = 0.00113375, marker error: RMS = 0.00648002, max = 0.01656 (Thoracic)
[2026-07-19 17:10:38.746] [info] Frame 306 (t = 3.06):	 total squared error = 0.00113215, marker error: RMS = 0.00647545, max = 0.0166584 (Thoracic)
[2026-07-19 17:10:38.759] [info] Frame 307 (t = 3.07):	 total squared error = 0.00111767, marker error: RMS = 0.00643390, max = 0.0165135 (Thoracic)
[2026-07-19 17:10:38.774] [info] Frame 308 (t = 3.08):	 total squared error = 0.00109476, marker error: RMS = 0.00636763, max = 0.0161784 (Thoracic)
[2026-07-19 17:10:38.788] [info] Frame 309 (t = 3.09):	 total squared error = 0.00107062, marker error: RMS = 0.00629702, max = 0.0156748 (Thoracic)
[2026-07-19 17:10:38.807] [info] Frame 310 (t = 3.1):	 total squared error = 0.00103991, marker error: RMS = 0.00620607, max = 0.0150655 (Thoracic)
[2026-07-19 17:10:38.823] [info] Frame 311 (t = 3.11):	 total squared error = 0.00101227, marker error: RMS = 0.00612304, max = 0.0143776 (Thoracic)
[2026-07-19 17:10:38.835] [info] Frame 312 (t = 3.12):	 total squared error = 0.000985340, marker error: RMS = 0.00604103, max = 0.0136576 (Thoracic)
[2026-07-19 17:10:38.844] [info] Frame 313 (t = 3.13):	 total squared error = 0.000965310, marker error: RMS = 0.00597932, max = 0.0129557 (Thoracic)
[2026-07-19 17:10:38.861] [info] Frame 314 (t = 3.14):	 total squared error = 0.000928709, marker error: RMS = 0.00586486, max = 0.0124653 (C7)
[2026-07-19 17:10:38.877] [info] Frame 315 (t = 3.15):	 total squared error = 0.000903690, marker error: RMS = 0.00578533, max = 0.0124127 (C7)
[2026-07-19 17:10:38.889] [info] Frame 316 (t = 3.16):	 total squared error = 0.000883937, marker error: RMS = 0.00572175, max = 0.012283 (C7)
[2026-07-19 17:10:38.905] [info] Frame 317 (t = 3.17):	 total squared error = 0.000863056, marker error: RMS = 0.00565376, max = 0.0121788 (C7)
[2026-07-19 17:10:38.920] [info] Frame 318 (t = 3.18):	 total squared error = 0.000847057, marker error: RMS = 0.00560112, max = 0.0119523 (C7)
[2026-07-19 17:10:38.935] [info] Frame 319 (t = 3.19):	 total squared error = 0.000833381, marker error: RMS = 0.00555571, max = 0.0118812 (C7)
[2026-07-19 17:10:38.946] [info] Frame 320 (t = 3.2):	 total squared error = 0.000828372, marker error: RMS = 0.00553899, max = 0.0117578 (C7)
[2026-07-19 17:10:38.970] [info] Frame 321 (t = 3.21):	 total squared error = 0.000812994, marker error: RMS = 0.00548734, max = 0.0116401 (C7)
[2026-07-19 17:10:38.982] [info] Frame 322 (t = 3.22):	 total squared error = 0.000808900, marker error: RMS = 0.00547350, max = 0.0115349 (C7)
[2026-07-19 17:10:38.997] [info] Frame 323 (t = 3.23):	 total squared error = 0.000802507, marker error: RMS = 0.00545183, max = 0.0112822 (C7)
[2026-07-19 17:10:39.013] [info] Frame 324 (t = 3.24):	 total squared error = 0.000797725, marker error: RMS = 0.00543557, max = 0.0111148 (C7)
[2026-07-19 17:10:39.029] [info] Frame 325 (t = 3.25):	 total squared error = 0.000792443, marker error: RMS = 0.00541754, max = 0.0111044 (L_Shoulder)
[2026-07-19 17:10:39.042] [info] Frame 326 (t = 3.26):	 total squared error = 0.000787797, marker error: RMS = 0.00540164, max = 0.0113116 (L_Shoulder)
[2026-07-19 17:10:39.053] [info] Frame 327 (t = 3.27):	 total squared error = 0.000784730, marker error: RMS = 0.00539111, max = 0.0116199 (L_Shoulder)
[2026-07-19 17:10:39.069] [info] Frame 328 (t = 3.28):	 total squared error = 0.000781609, marker error: RMS = 0.00538038, max = 0.0118461 (L_Shoulder)
[2026-07-19 17:10:39.084] [info] Frame 329 (t = 3.29):	 total squared error = 0.000782040, marker error: RMS = 0.00538186, max = 0.0121769 (L_Shoulder)
[2026-07-19 17:10:39.101] [info] Frame 330 (t = 3.3):	 total squared error = 0.000784924, marker error: RMS = 0.00539178, max = 0.0124827 (L_Shoulder)
[2026-07-19 17:10:39.117] [info] Frame 331 (t = 3.31):	 total squared error = 0.000793070, marker error: RMS = 0.00541968, max = 0.0129981 (L_Shoulder)
[2026-07-19 17:10:39.131] [info] Frame 332 (t = 3.32):	 total squared error = 0.000805146, marker error: RMS = 0.00546079, max = 0.0135151 (L_Shoulder)
[2026-07-19 17:10:39.146] [info] Frame 333 (t = 3.33):	 total squared error = 0.000816387, marker error: RMS = 0.00549878, max = 0.0138284 (L_Shoulder)
[2026-07-19 17:10:39.165] [info] Frame 334 (t = 3.34):	 total squared error = 0.000830744, marker error: RMS = 0.00554692, max = 0.0143465 (L_Shoulder)
[2026-07-19 17:10:39.180] [info] Frame 335 (t = 3.35):	 total squared error = 0.000845304, marker error: RMS = 0.00559532, max = 0.0147792 (L_Shoulder)
[2026-07-19 17:10:39.200] [info] Frame 336 (t = 3.36):	 total squared error = 0.000858273, marker error: RMS = 0.00563808, max = 0.0151364 (L_Shoulder)
[2026-07-19 17:10:39.224] [info] Frame 337 (t = 3.37):	 total squared error = 0.000874885, marker error: RMS = 0.00569238, max = 0.0156238 (L_Shoulder)
[2026-07-19 17:10:39.246] [info] Frame 338 (t = 3.38):	 total squared error = 0.000894850, marker error: RMS = 0.00575696, max = 0.0161026 (L_Shoulder)
[2026-07-19 17:10:39.260] [info] Frame 339 (t = 3.39):	 total squared error = 0.000921346, marker error: RMS = 0.00584157, max = 0.0167783 (L_Shoulder)
[2026-07-19 17:10:39.278] [info] Frame 340 (t = 3.4):	 total squared error = 0.000949185, marker error: RMS = 0.00592917, max = 0.0170065 (L_Shoulder)
[2026-07-19 17:10:39.295] [info] Frame 341 (t = 3.41):	 total squared error = 0.000983534, marker error: RMS = 0.00603550, max = 0.0174327 (L_Shoulder)
[2026-07-19 17:10:39.311] [info] Frame 342 (t = 3.42):	 total squared error = 0.00101618, marker error: RMS = 0.00613484, max = 0.0174431 (L_Shoulder)
[2026-07-19 17:10:39.327] [info] Frame 343 (t = 3.43):	 total squared error = 0.00104902, marker error: RMS = 0.00623319, max = 0.017668 (L_Shoulder)
[2026-07-19 17:10:39.349] [info] Frame 344 (t = 3.44):	 total squared error = 0.00107262, marker error: RMS = 0.00630290, max = 0.0174239 (L_Shoulder)
[2026-07-19 17:10:39.365] [info] Frame 345 (t = 3.45):	 total squared error = 0.00109451, marker error: RMS = 0.00636690, max = 0.0174496 (L_Shoulder)
[2026-07-19 17:10:39.386] [info] Frame 346 (t = 3.46):	 total squared error = 0.00110884, marker error: RMS = 0.00640845, max = 0.0171644 (L_Shoulder)
[2026-07-19 17:10:39.407] [info] Frame 347 (t = 3.47):	 total squared error = 0.00112177, marker error: RMS = 0.00644569, max = 0.0169434 (L_Shoulder)
[2026-07-19 17:10:39.422] [info] Frame 348 (t = 3.48):	 total squared error = 0.00113555, marker error: RMS = 0.00648516, max = 0.0167888 (L_Shoulder)
[2026-07-19 17:10:39.442] [info] Frame 349 (t = 3.49):	 total squared error = 0.00115045, marker error: RMS = 0.00652757, max = 0.0165075 (L_Shoulder)
[2026-07-19 17:10:39.464] [info] Frame 350 (t = 3.5):	 total squared error = 0.00117146, marker error: RMS = 0.00658690, max = 0.016243 (L_Shoulder)
[2026-07-19 17:10:39.482] [info] Frame 351 (t = 3.51):	 total squared error = 0.00120526, marker error: RMS = 0.00668125, max = 0.0161416 (L_Shoulder)
[2026-07-19 17:10:39.506] [info] Frame 352 (t = 3.52):	 total squared error = 0.00124573, marker error: RMS = 0.00679251, max = 0.0159142 (L_Shoulder)
[2026-07-19 17:10:39.524] [info] Frame 353 (t = 3.53):	 total squared error = 0.00130489, marker error: RMS = 0.00695193, max = 0.0157949 (L_Shoulder)
[2026-07-19 17:10:39.552] [info] Frame 354 (t = 3.54):	 total squared error = 0.00137701, marker error: RMS = 0.00714146, max = 0.0156369 (L_Shoulder)
[2026-07-19 17:10:39.575] [info] Frame 355 (t = 3.55):	 total squared error = 0.00146595, marker error: RMS = 0.00736848, max = 0.0155509 (L_Shoulder)
[2026-07-19 17:10:39.591] [info] Frame 356 (t = 3.56):	 total squared error = 0.00156549, marker error: RMS = 0.00761452, max = 0.0156801 (R_Shoulder)
[2026-07-19 17:10:39.606] [info] Frame 357 (t = 3.57):	 total squared error = 0.00167944, marker error: RMS = 0.00788680, max = 0.0166591 (R_Shoulder)
[2026-07-19 17:10:39.624] [info] Frame 358 (t = 3.58):	 total squared error = 0.00176663, marker error: RMS = 0.00808892, max = 0.0173183 (R_Shoulder)
[2026-07-19 17:10:39.641] [info] Frame 359 (t = 3.59):	 total squared error = 0.00185573, marker error: RMS = 0.00829040, max = 0.017842 (R_Shoulder)
[2026-07-19 17:10:39.664] [info] Frame 360 (t = 3.6):	 total squared error = 0.00193352, marker error: RMS = 0.00846237, max = 0.0184064 (R_Shoulder)
[2026-07-19 17:10:39.683] [info] Frame 361 (t = 3.61):	 total squared error = 0.00199130, marker error: RMS = 0.00858790, max = 0.0188112 (R_Shoulder)
[2026-07-19 17:10:39.695] [info] Frame 362 (t = 3.62):	 total squared error = 0.00203136, marker error: RMS = 0.00867383, max = 0.0190303 (R_Shoulder)
[2026-07-19 17:10:39.709] [info] Frame 363 (t = 3.63):	 total squared error = 0.00205347, marker error: RMS = 0.00872092, max = 0.0191089 (R_Shoulder)
[2026-07-19 17:10:39.725] [info] Frame 364 (t = 3.64):	 total squared error = 0.00205866, marker error: RMS = 0.00873193, max = 0.0190792 (R_Shoulder)
[2026-07-19 17:10:39.747] [info] Frame 365 (t = 3.65):	 total squared error = 0.00204916, marker error: RMS = 0.00871177, max = 0.0188471 (R_Shoulder)
[2026-07-19 17:10:39.766] [info] Frame 366 (t = 3.66):	 total squared error = 0.00202788, marker error: RMS = 0.00866641, max = 0.0184762 (R_Shoulder)
[2026-07-19 17:10:39.785] [info] Frame 367 (t = 3.67):	 total squared error = 0.00199506, marker error: RMS = 0.00859600, max = 0.0180395 (R_Shoulder)
[2026-07-19 17:10:39.803] [info] Frame 368 (t = 3.68):	 total squared error = 0.00195297, marker error: RMS = 0.00850484, max = 0.0174803 (R_Shoulder)
[2026-07-19 17:10:39.826] [info] Frame 369 (t = 3.69):	 total squared error = 0.00189019, marker error: RMS = 0.00836701, max = 0.016987 (R_Shoulder)
[2026-07-19 17:10:39.847] [info] Frame 370 (t = 3.7):	 total squared error = 0.00182774, marker error: RMS = 0.00822765, max = 0.016371 (R_Shoulder)
[2026-07-19 17:10:39.852] [info] InverseKinematicsTool completed 321 frames in 5 second(s).
[2026-07-19 17:10:39.884] [info] Loaded model TCV36-scaled from file C:\Users\lucia\Desktop\TFG\2_JMP\TVC36\Walk_1\TVC36_1_JMP_results\TVC36_1_NMSM_JMP_04_ankle_axis.osim
[2026-07-19 17:10:40.459] [warning] Coordinate.setValue:  coordinate pro_sup_r is locked. Unable to change its value.
[2026-07-19 17:10:40.491] [warning] Coordinate.setValue:  coordinate pro_sup_l is locked. Unable to change its value.
[2026-07-19 17:11:24.660] [info] Loaded model TCV36-scaled from file C:\Users\lucia\Desktop\TFG\2_JMP\TVC36\Walk_1\TVC36_1_JMP_results\TVC36_1_NMSM_JMP_04_ankle_axis.osim
[2026-07-19 17:11:24.671] [cout] [info] 
               MODEL: TCV36-scaled
         coordinates: 41
              forces: 103
           actuators: 103
             muscles: 86
            analyses: 0
              probes: 0
              bodies: 24
              joints: 24
         constraints: 2
             markers: 27
         controllers: 0
  contact geometries: 0
misc modelcomponents: 0
[2026-07-19 17:11:24.671] [info] Running tool .
[2026-07-19 17:11:24.773] [info] Frame 50 (t = 0.5):	 total squared error = 0.00149377, marker error: RMS = 0.00743807, max = 0.0143243 (R_Shoulder)
[2026-07-19 17:11:24.787] [info] Frame 51 (t = 0.51):	 total squared error = 0.00146771, marker error: RMS = 0.00737289, max = 0.0139328 (R_Shoulder)
[2026-07-19 17:11:24.807] [info] Frame 52 (t = 0.52):	 total squared error = 0.00143888, marker error: RMS = 0.00730013, max = 0.0135752 (R_Shoulder)
[2026-07-19 17:11:24.833] [info] Frame 53 (t = 0.53):	 total squared error = 0.00139272, marker error: RMS = 0.00718206, max = 0.0135311 (L_Shank_Lateral)
[2026-07-19 17:11:24.859] [info] Frame 54 (t = 0.54):	 total squared error = 0.00135025, marker error: RMS = 0.00707173, max = 0.0134865 (L_Shank_Lateral)
[2026-07-19 17:11:24.879] [info] Frame 55 (t = 0.55):	 total squared error = 0.00130629, marker error: RMS = 0.00695564, max = 0.0133495 (L_Shank_Lateral)
[2026-07-19 17:11:24.896] [info] Frame 56 (t = 0.56):	 total squared error = 0.00126625, marker error: RMS = 0.00684822, max = 0.0130796 (L_Shank_Lateral)
[2026-07-19 17:11:24.929] [info] Frame 57 (t = 0.57):	 total squared error = 0.00120447, marker error: RMS = 0.00667907, max = 0.0131961 (L_Shank_Lateral)
[2026-07-19 17:11:24.958] [info] Frame 58 (t = 0.58):	 total squared error = 0.00114991, marker error: RMS = 0.00652605, max = 0.0129844 (L_Shank_Lateral)
[2026-07-19 17:11:24.984] [info] Frame 59 (t = 0.59):	 total squared error = 0.00109173, marker error: RMS = 0.00635882, max = 0.012795 (L_Shank_Lateral)
[2026-07-19 17:11:25.001] [info] Frame 60 (t = 0.6):	 total squared error = 0.00103519, marker error: RMS = 0.00619196, max = 0.0124793 (L_Shank_Lateral)
[2026-07-19 17:11:25.026] [info] Frame 61 (t = 0.61):	 total squared error = 0.000972766, marker error: RMS = 0.00600236, max = 0.0122174 (L_Shank_Lateral)
[2026-07-19 17:11:25.044] [info] Frame 62 (t = 0.62):	 total squared error = 0.000920810, marker error: RMS = 0.00583987, max = 0.0118798 (L_Shank_Lateral)
[2026-07-19 17:11:25.059] [info] Frame 63 (t = 0.63):	 total squared error = 0.000874668, marker error: RMS = 0.00569167, max = 0.0115111 (L_Shank_Lateral)
[2026-07-19 17:11:25.078] [info] Frame 64 (t = 0.64):	 total squared error = 0.000838347, marker error: RMS = 0.00557224, max = 0.0111405 (L_Shank_Lateral)
[2026-07-19 17:11:25.097] [info] Frame 65 (t = 0.65):	 total squared error = 0.000807604, marker error: RMS = 0.00546912, max = 0.0109425 (R_Shoulder)
[2026-07-19 17:11:25.116] [info] Frame 66 (t = 0.66):	 total squared error = 0.000782035, marker error: RMS = 0.00538185, max = 0.0108236 (R_Shoulder)
[2026-07-19 17:11:25.129] [info] Frame 67 (t = 0.67):	 total squared error = 0.000755703, marker error: RMS = 0.00529046, max = 0.0109749 (R_Shoulder)
[2026-07-19 17:11:25.149] [info] Frame 68 (t = 0.68):	 total squared error = 0.000730690, marker error: RMS = 0.00520217, max = 0.0107415 (R_Shoulder)
[2026-07-19 17:11:25.161] [info] Frame 69 (t = 0.69):	 total squared error = 0.000703034, marker error: RMS = 0.00510277, max = 0.0108008 (R_Shoulder)
[2026-07-19 17:11:25.178] [info] Frame 70 (t = 0.7):	 total squared error = 0.000676272, marker error: RMS = 0.00500471, max = 0.0105562 (R_Shoulder)
[2026-07-19 17:11:25.192] [info] Frame 71 (t = 0.71):	 total squared error = 0.000649253, marker error: RMS = 0.00490371, max = 0.0106054 (R_Shoulder)
[2026-07-19 17:11:25.209] [info] Frame 72 (t = 0.72):	 total squared error = 0.000622361, marker error: RMS = 0.00480108, max = 0.0103537 (R_Shoulder)
[2026-07-19 17:11:25.229] [info] Frame 73 (t = 0.73):	 total squared error = 0.000595487, marker error: RMS = 0.00469628, max = 0.0102296 (R_Shoulder)
[2026-07-19 17:11:25.250] [info] Frame 74 (t = 0.74):	 total squared error = 0.000570440, marker error: RMS = 0.00459645, max = 0.0101429 (R_Shoulder)
[2026-07-19 17:11:25.262] [info] Frame 75 (t = 0.75):	 total squared error = 0.000551695, marker error: RMS = 0.00452030, max = 0.0102692 (R_Shoulder)
[2026-07-19 17:11:25.278] [info] Frame 76 (t = 0.76):	 total squared error = 0.000528697, marker error: RMS = 0.00442508, max = 0.00994753 (R_Shoulder)
[2026-07-19 17:11:25.290] [info] Frame 77 (t = 0.77):	 total squared error = 0.000508902, marker error: RMS = 0.00434145, max = 0.00984714 (R_Shoulder)
[2026-07-19 17:11:25.306] [info] Frame 78 (t = 0.78):	 total squared error = 0.000493681, marker error: RMS = 0.00427604, max = 0.00983669 (R_Shoulder)
[2026-07-19 17:11:25.335] [info] Frame 79 (t = 0.79):	 total squared error = 0.000479438, marker error: RMS = 0.00421390, max = 0.00979411 (R_Shoulder)
[2026-07-19 17:11:25.348] [info] Frame 80 (t = 0.8):	 total squared error = 0.000472224, marker error: RMS = 0.00418208, max = 0.00975723 (R_Shoulder)
[2026-07-19 17:11:25.357] [info] Frame 81 (t = 0.81):	 total squared error = 0.000474144, marker error: RMS = 0.00419057, max = 0.00971314 (R_Shoulder)
[2026-07-19 17:11:25.380] [info] Frame 82 (t = 0.82):	 total squared error = 0.000465129, marker error: RMS = 0.00415054, max = 0.00979375 (R_Shoulder)
[2026-07-19 17:11:25.395] [info] Frame 83 (t = 0.83):	 total squared error = 0.000463766, marker error: RMS = 0.00414446, max = 0.00973176 (R_Shoulder)
[2026-07-19 17:11:25.405] [info] Frame 84 (t = 0.84):	 total squared error = 0.000464656, marker error: RMS = 0.00414843, max = 0.00967019 (R_Shoulder)
[2026-07-19 17:11:25.418] [info] Frame 85 (t = 0.85):	 total squared error = 0.000459402, marker error: RMS = 0.00412491, max = 0.00971051 (R_Shoulder)
[2026-07-19 17:11:25.425] [info] Frame 86 (t = 0.86):	 total squared error = 0.000458877, marker error: RMS = 0.00412255, max = 0.00967076 (R_Shoulder)
[2026-07-19 17:11:25.441] [info] Frame 87 (t = 0.87):	 total squared error = 0.000449751, marker error: RMS = 0.00408135, max = 0.00965917 (R_Shoulder)
[2026-07-19 17:11:25.448] [info] Frame 88 (t = 0.88):	 total squared error = 0.000447888, marker error: RMS = 0.00407289, max = 0.00954707 (R_Shoulder)
[2026-07-19 17:11:25.459] [info] Frame 89 (t = 0.89):	 total squared error = 0.000444505, marker error: RMS = 0.00405748, max = 0.00952157 (R_Shoulder)
[2026-07-19 17:11:25.468] [info] Frame 90 (t = 0.9):	 total squared error = 0.000447021, marker error: RMS = 0.00406895, max = 0.00932391 (R_Shoulder)
[2026-07-19 17:11:25.488] [info] Frame 91 (t = 0.91):	 total squared error = 0.000436034, marker error: RMS = 0.00401863, max = 0.00971548 (R_Shoulder)
[2026-07-19 17:11:25.498] [info] Frame 92 (t = 0.92):	 total squared error = 0.000438663, marker error: RMS = 0.00403073, max = 0.00953117 (R_Shoulder)
[2026-07-19 17:11:25.505] [info] Frame 93 (t = 0.93):	 total squared error = 0.000444499, marker error: RMS = 0.00405745, max = 0.00930119 (R_Shoulder)
[2026-07-19 17:11:25.514] [info] Frame 94 (t = 0.94):	 total squared error = 0.000451359, marker error: RMS = 0.00408864, max = 0.00913962 (R_Shoulder)
[2026-07-19 17:11:25.537] [info] Frame 95 (t = 0.95):	 total squared error = 0.000436250, marker error: RMS = 0.00401963, max = 0.00949693 (R_Shoulder)
[2026-07-19 17:11:25.548] [info] Frame 96 (t = 0.96):	 total squared error = 0.000436440, marker error: RMS = 0.00402050, max = 0.00936836 (R_Shoulder)
[2026-07-19 17:11:25.565] [info] Frame 97 (t = 0.97):	 total squared error = 0.000429800, marker error: RMS = 0.00398980, max = 0.00942560 (R_Shoulder)
[2026-07-19 17:11:25.580] [info] Frame 98 (t = 0.98):	 total squared error = 0.000427401, marker error: RMS = 0.00397865, max = 0.00951027 (R_Shoulder)
[2026-07-19 17:11:25.599] [info] Frame 99 (t = 0.99):	 total squared error = 0.000423670, marker error: RMS = 0.00396125, max = 0.00950140 (R_Shoulder)
[2026-07-19 17:11:25.614] [info] Frame 100 (t = 1.0):	 total squared error = 0.000425700, marker error: RMS = 0.00397072, max = 0.00967196 (R_Shoulder)
[2026-07-19 17:11:25.635] [info] Frame 101 (t = 1.01):	 total squared error = 0.000424701, marker error: RMS = 0.00396607, max = 0.00970479 (R_Shoulder)
[2026-07-19 17:11:25.657] [info] Frame 102 (t = 1.02):	 total squared error = 0.000428966, marker error: RMS = 0.00398593, max = 0.00978478 (R_Shoulder)
[2026-07-19 17:11:25.678] [info] Frame 103 (t = 1.03):	 total squared error = 0.000435742, marker error: RMS = 0.00401729, max = 0.00993415 (R_Shoulder)
[2026-07-19 17:11:25.696] [info] Frame 104 (t = 1.04):	 total squared error = 0.000443879, marker error: RMS = 0.00405462, max = 0.0100416 (R_Shoulder)
[2026-07-19 17:11:25.707] [info] Frame 105 (t = 1.05):	 total squared error = 0.000456580, marker error: RMS = 0.00411222, max = 0.0102105 (R_Shoulder)
[2026-07-19 17:11:25.726] [info] Frame 106 (t = 1.06):	 total squared error = 0.000462922, marker error: RMS = 0.00414068, max = 0.0102208 (R_Shoulder)
[2026-07-19 17:11:25.739] [info] Frame 107 (t = 1.07):	 total squared error = 0.000474315, marker error: RMS = 0.00419133, max = 0.0103542 (R_Shoulder)
[2026-07-19 17:11:25.753] [info] Frame 108 (t = 1.08):	 total squared error = 0.000483830, marker error: RMS = 0.00423316, max = 0.0104258 (R_Shoulder)
[2026-07-19 17:11:25.773] [info] Frame 109 (t = 1.09):	 total squared error = 0.000489497, marker error: RMS = 0.00425788, max = 0.0103389 (R_Shoulder)
[2026-07-19 17:11:25.785] [info] Frame 110 (t = 1.1):	 total squared error = 0.000499217, marker error: RMS = 0.00429994, max = 0.0103509 (R_Shoulder)
[2026-07-19 17:11:25.796] [info] Frame 111 (t = 1.11):	 total squared error = 0.000510829, marker error: RMS = 0.00434967, max = 0.0102868 (R_Shoulder)
[2026-07-19 17:11:25.810] [info] Frame 112 (t = 1.12):	 total squared error = 0.000518805, marker error: RMS = 0.00438349, max = 0.0103375 (R_Shoulder)
[2026-07-19 17:11:25.820] [info] Frame 113 (t = 1.13):	 total squared error = 0.000532555, marker error: RMS = 0.00444120, max = 0.0101575 (R_Shoulder)
[2026-07-19 17:11:25.831] [info] Frame 114 (t = 1.14):	 total squared error = 0.000543072, marker error: RMS = 0.00448484, max = 0.0101433 (R_Shoulder)
[2026-07-19 17:11:25.852] [info] Frame 115 (t = 1.15):	 total squared error = 0.000540320, marker error: RMS = 0.00447346, max = 0.00994906 (R_Shoulder)
[2026-07-19 17:11:25.878] [info] Frame 116 (t = 1.16):	 total squared error = 0.000543470, marker error: RMS = 0.00448648, max = 0.00990590 (R_Shoulder)
[2026-07-19 17:11:25.887] [info] Frame 117 (t = 1.17):	 total squared error = 0.000553104, marker error: RMS = 0.00452607, max = 0.00991629 (R_Shoulder)
[2026-07-19 17:11:25.898] [info] Frame 118 (t = 1.18):	 total squared error = 0.000560957, marker error: RMS = 0.00455809, max = 0.00979230 (R_Shoulder)
[2026-07-19 17:11:25.915] [info] Frame 119 (t = 1.19):	 total squared error = 0.000565010, marker error: RMS = 0.00457453, max = 0.00975219 (R_Shoulder)
[2026-07-19 17:11:25.925] [info] Frame 120 (t = 1.2):	 total squared error = 0.000576810, marker error: RMS = 0.00462205, max = 0.00973867 (R_Shoulder)
[2026-07-19 17:11:25.938] [info] Frame 121 (t = 1.21):	 total squared error = 0.000588764, marker error: RMS = 0.00466970, max = 0.00967806 (R_Shoulder)
[2026-07-19 17:11:25.956] [info] Frame 122 (t = 1.22):	 total squared error = 0.000594920, marker error: RMS = 0.00469405, max = 0.00970702 (R_Shoulder)
[2026-07-19 17:11:25.966] [info] Frame 123 (t = 1.23):	 total squared error = 0.000609654, marker error: RMS = 0.00475182, max = 0.00961999 (R_Shoulder)
[2026-07-19 17:11:26.002] [info] Frame 124 (t = 1.24):	 total squared error = 0.000613822, marker error: RMS = 0.00476803, max = 0.00952928 (R_Shoulder)
[2026-07-19 17:11:26.012] [info] Frame 125 (t = 1.25):	 total squared error = 0.000627785, marker error: RMS = 0.00482196, max = 0.00940706 (R_Shoulder)
[2026-07-19 17:11:26.024] [info] Frame 126 (t = 1.26):	 total squared error = 0.000639105, marker error: RMS = 0.00486524, max = 0.00953821 (C7)
[2026-07-19 17:11:26.049] [info] Frame 127 (t = 1.27):	 total squared error = 0.000644492, marker error: RMS = 0.00488570, max = 0.00987704 (C7)
[2026-07-19 17:11:26.066] [info] Frame 128 (t = 1.28):	 total squared error = 0.000654686, marker error: RMS = 0.00492419, max = 0.0102037 (C7)
[2026-07-19 17:11:26.072] [info] Frame 129 (t = 1.29):	 total squared error = 0.000672889, marker error: RMS = 0.00499218, max = 0.0105857 (C7)
[2026-07-19 17:11:26.088] [info] Frame 130 (t = 1.3):	 total squared error = 0.000680851, marker error: RMS = 0.00502162, max = 0.0110800 (C7)
[2026-07-19 17:11:26.102] [info] Frame 131 (t = 1.31):	 total squared error = 0.000697775, marker error: RMS = 0.00508365, max = 0.0114881 (C7)
[2026-07-19 17:11:26.122] [info] Frame 132 (t = 1.32):	 total squared error = 0.000714489, marker error: RMS = 0.00514418, max = 0.0119074 (C7)
[2026-07-19 17:11:26.144] [info] Frame 133 (t = 1.33):	 total squared error = 0.000732487, marker error: RMS = 0.00520857, max = 0.0124026 (C7)
[2026-07-19 17:11:26.153] [info] Frame 134 (t = 1.34):	 total squared error = 0.000755422, marker error: RMS = 0.00528948, max = 0.0128584 (C7)
[2026-07-19 17:11:26.172] [info] Frame 135 (t = 1.35):	 total squared error = 0.000770465, marker error: RMS = 0.00534188, max = 0.0132768 (C7)
[2026-07-19 17:11:26.181] [info] Frame 136 (t = 1.36):	 total squared error = 0.000793311, marker error: RMS = 0.00542051, max = 0.0137057 (C7)
[2026-07-19 17:11:26.200] [info] Frame 137 (t = 1.37):	 total squared error = 0.000803803, marker error: RMS = 0.00545623, max = 0.0139289 (C7)
[2026-07-19 17:11:26.210] [info] Frame 138 (t = 1.38):	 total squared error = 0.000824325, marker error: RMS = 0.00552545, max = 0.0143012 (C7)
[2026-07-19 17:11:26.226] [info] Frame 139 (t = 1.39):	 total squared error = 0.000834484, marker error: RMS = 0.00555939, max = 0.0144613 (C7)
[2026-07-19 17:11:26.235] [info] Frame 140 (t = 1.4):	 total squared error = 0.000855798, marker error: RMS = 0.00562994, max = 0.0148296 (C7)
[2026-07-19 17:11:26.258] [info] Frame 141 (t = 1.41):	 total squared error = 0.000862389, marker error: RMS = 0.00565158, max = 0.0148751 (C7)
[2026-07-19 17:11:26.269] [info] Frame 142 (t = 1.42):	 total squared error = 0.000882639, marker error: RMS = 0.00571755, max = 0.0150972 (C7)
[2026-07-19 17:11:26.290] [info] Frame 143 (t = 1.43):	 total squared error = 0.000894907, marker error: RMS = 0.00575714, max = 0.0151622 (C7)
[2026-07-19 17:11:26.299] [info] Frame 144 (t = 1.44):	 total squared error = 0.000919467, marker error: RMS = 0.00583561, max = 0.0153966 (C7)
[2026-07-19 17:11:26.321] [info] Frame 145 (t = 1.45):	 total squared error = 0.000927460, marker error: RMS = 0.00586092, max = 0.0154424 (C7)
[2026-07-19 17:11:26.337] [info] Frame 146 (t = 1.46):	 total squared error = 0.000943393, marker error: RMS = 0.00591105, max = 0.0155138 (C7)
[2026-07-19 17:11:26.351] [info] Frame 147 (t = 1.47):	 total squared error = 0.000954401, marker error: RMS = 0.00594543, max = 0.0155909 (C7)
[2026-07-19 17:11:26.366] [info] Frame 148 (t = 1.48):	 total squared error = 0.000959566, marker error: RMS = 0.00596150, max = 0.0156964 (C7)
[2026-07-19 17:11:26.377] [info] Frame 149 (t = 1.49):	 total squared error = 0.000966490, marker error: RMS = 0.00598297, max = 0.0157816 (C7)
[2026-07-19 17:11:26.397] [info] Frame 150 (t = 1.5):	 total squared error = 0.000939603, marker error: RMS = 0.00589916, max = 0.0157703 (C7)
[2026-07-19 17:11:26.411] [info] Frame 151 (t = 1.51):	 total squared error = 0.000924331, marker error: RMS = 0.00585102, max = 0.0156764 (C7)
[2026-07-19 17:11:26.422] [info] Frame 152 (t = 1.52):	 total squared error = 0.000911960, marker error: RMS = 0.00581174, max = 0.0156857 (C7)
[2026-07-19 17:11:26.438] [info] Frame 153 (t = 1.53):	 total squared error = 0.000885145, marker error: RMS = 0.00572566, max = 0.0155643 (C7)
[2026-07-19 17:11:26.448] [info] Frame 154 (t = 1.54):	 total squared error = 0.000869437, marker error: RMS = 0.00567462, max = 0.0155206 (C7)
[2026-07-19 17:11:26.467] [info] Frame 155 (t = 1.55):	 total squared error = 0.000847074, marker error: RMS = 0.00560117, max = 0.0152703 (C7)
[2026-07-19 17:11:26.488] [info] Frame 156 (t = 1.56):	 total squared error = 0.000827854, marker error: RMS = 0.00553726, max = 0.0151337 (C7)
[2026-07-19 17:11:26.497] [info] Frame 157 (t = 1.57):	 total squared error = 0.000817570, marker error: RMS = 0.00550276, max = 0.0149373 (C7)
[2026-07-19 17:11:26.520] [info] Frame 158 (t = 1.58):	 total squared error = 0.000800936, marker error: RMS = 0.00544649, max = 0.0146688 (C7)
[2026-07-19 17:11:26.530] [info] Frame 159 (t = 1.59):	 total squared error = 0.000796843, marker error: RMS = 0.00543256, max = 0.0144491 (C7)
[2026-07-19 17:11:26.550] [info] Frame 160 (t = 1.6):	 total squared error = 0.000783994, marker error: RMS = 0.00538858, max = 0.0141287 (C7)
[2026-07-19 17:11:26.561] [info] Frame 161 (t = 1.61):	 total squared error = 0.000783593, marker error: RMS = 0.00538720, max = 0.0138866 (C7)
[2026-07-19 17:11:26.576] [info] Frame 162 (t = 1.62):	 total squared error = 0.000778269, marker error: RMS = 0.00536887, max = 0.013555 (C7)
[2026-07-19 17:11:26.596] [info] Frame 163 (t = 1.63):	 total squared error = 0.000769320, marker error: RMS = 0.00533791, max = 0.0133345 (C7)
[2026-07-19 17:11:26.611] [info] Frame 164 (t = 1.64):	 total squared error = 0.000764084, marker error: RMS = 0.00531972, max = 0.0130800 (C7)
[2026-07-19 17:11:26.624] [info] Frame 165 (t = 1.65):	 total squared error = 0.000759153, marker error: RMS = 0.00530252, max = 0.0128981 (C7)
[2026-07-19 17:11:26.635] [info] Frame 166 (t = 1.66):	 total squared error = 0.000751498, marker error: RMS = 0.00527572, max = 0.0127126 (C7)
[2026-07-19 17:11:26.653] [info] Frame 167 (t = 1.67):	 total squared error = 0.000736178, marker error: RMS = 0.00522167, max = 0.0124277 (C7)
[2026-07-19 17:11:26.667] [info] Frame 168 (t = 1.68):	 total squared error = 0.000725057, marker error: RMS = 0.00518208, max = 0.012257 (C7)
[2026-07-19 17:11:26.685] [info] Frame 169 (t = 1.69):	 total squared error = 0.000714139, marker error: RMS = 0.00514292, max = 0.0120383 (C7)
[2026-07-19 17:11:26.697] [info] Frame 170 (t = 1.7):	 total squared error = 0.000707700, marker error: RMS = 0.00511968, max = 0.0121913 (L_Shoulder)
[2026-07-19 17:11:26.713] [info] Frame 171 (t = 1.71):	 total squared error = 0.000701327, marker error: RMS = 0.00509657, max = 0.0125369 (L_Shoulder)
[2026-07-19 17:11:26.726] [info] Frame 172 (t = 1.72):	 total squared error = 0.000699383, marker error: RMS = 0.00508951, max = 0.0128568 (L_Shoulder)
[2026-07-19 17:11:26.744] [info] Frame 173 (t = 1.73):	 total squared error = 0.000699862, marker error: RMS = 0.00509125, max = 0.0129135 (L_Shoulder)
[2026-07-19 17:11:26.755] [info] Frame 174 (t = 1.74):	 total squared error = 0.000709811, marker error: RMS = 0.00512731, max = 0.0134625 (L_Shoulder)
[2026-07-19 17:11:26.768] [info] Frame 175 (t = 1.75):	 total squared error = 0.000724058, marker error: RMS = 0.00517851, max = 0.01393 (L_Shoulder)
[2026-07-19 17:11:26.793] [info] Frame 176 (t = 1.76):	 total squared error = 0.000732911, marker error: RMS = 0.00521007, max = 0.0137558 (L_Shoulder)
[2026-07-19 17:11:26.810] [info] Frame 177 (t = 1.77):	 total squared error = 0.000755439, marker error: RMS = 0.00528954, max = 0.0139998 (L_Shoulder)
[2026-07-19 17:11:26.823] [info] Frame 178 (t = 1.78):	 total squared error = 0.000784595, marker error: RMS = 0.00539065, max = 0.0142636 (L_Shoulder)
[2026-07-19 17:11:26.838] [info] Frame 179 (t = 1.79):	 total squared error = 0.000817419, marker error: RMS = 0.00550225, max = 0.0142998 (L_Shoulder)
[2026-07-19 17:11:26.860] [info] Frame 180 (t = 1.8):	 total squared error = 0.000854069, marker error: RMS = 0.00562425, max = 0.0142973 (L_Shoulder)
[2026-07-19 17:11:26.877] [info] Frame 181 (t = 1.81):	 total squared error = 0.000902528, marker error: RMS = 0.00578161, max = 0.0143356 (L_Shoulder)
[2026-07-19 17:11:26.899] [info] Frame 182 (t = 1.82):	 total squared error = 0.000946139, marker error: RMS = 0.00591964, max = 0.0142111 (L_Shoulder)
[2026-07-19 17:11:26.923] [info] Frame 183 (t = 1.83):	 total squared error = 0.000996845, marker error: RMS = 0.00607620, max = 0.0147811 (R_Shoulder)
[2026-07-19 17:11:26.943] [info] Frame 184 (t = 1.84):	 total squared error = 0.00104874, marker error: RMS = 0.00623235, max = 0.0153886 (R_Shoulder)
[2026-07-19 17:11:26.960] [info] Frame 185 (t = 1.85):	 total squared error = 0.00109927, marker error: RMS = 0.00638074, max = 0.0160604 (R_Shoulder)
[2026-07-19 17:11:26.979] [info] Frame 186 (t = 1.86):	 total squared error = 0.00114857, marker error: RMS = 0.00652225, max = 0.0166909 (R_Shoulder)
[2026-07-19 17:11:27.008] [info] Frame 187 (t = 1.87):	 total squared error = 0.00119784, marker error: RMS = 0.00666066, max = 0.0172409 (R_Shoulder)
[2026-07-19 17:11:27.033] [info] Frame 188 (t = 1.88):	 total squared error = 0.00124911, marker error: RMS = 0.00680171, max = 0.0177959 (R_Shoulder)
[2026-07-19 17:11:27.052] [info] Frame 189 (t = 1.89):	 total squared error = 0.00130624, marker error: RMS = 0.00695551, max = 0.018287 (R_Shoulder)
[2026-07-19 17:11:27.063] [info] Frame 190 (t = 1.9):	 total squared error = 0.00140216, marker error: RMS = 0.00720638, max = 0.0187030 (R_Shoulder)
[2026-07-19 17:11:27.084] [info] Frame 191 (t = 1.91):	 total squared error = 0.00144791, marker error: RMS = 0.00732299, max = 0.0191196 (R_Shoulder)
[2026-07-19 17:11:27.102] [info] Frame 192 (t = 1.92):	 total squared error = 0.00152639, marker error: RMS = 0.00751883, max = 0.0193923 (R_Shoulder)
[2026-07-19 17:11:27.120] [info] Frame 193 (t = 1.93):	 total squared error = 0.00160506, marker error: RMS = 0.00771017, max = 0.0195915 (R_Shoulder)
[2026-07-19 17:11:27.136] [info] Frame 194 (t = 1.94):	 total squared error = 0.00167697, marker error: RMS = 0.00788099, max = 0.0196681 (R_Shoulder)
[2026-07-19 17:11:27.148] [info] Frame 195 (t = 1.95):	 total squared error = 0.00174298, marker error: RMS = 0.00803459, max = 0.0197972 (R_Shoulder)
[2026-07-19 17:11:27.168] [info] Frame 196 (t = 1.96):	 total squared error = 0.00179380, marker error: RMS = 0.00815089, max = 0.0196978 (R_Shoulder)
[2026-07-19 17:11:27.181] [info] Frame 197 (t = 1.97):	 total squared error = 0.00183554, marker error: RMS = 0.00824517, max = 0.0195408 (R_Shoulder)
[2026-07-19 17:11:27.194] [info] Frame 198 (t = 1.98):	 total squared error = 0.00186986, marker error: RMS = 0.00832190, max = 0.0192796 (R_Shoulder)
[2026-07-19 17:11:27.208] [info] Frame 199 (t = 1.99):	 total squared error = 0.00190142, marker error: RMS = 0.00839184, max = 0.0189811 (R_Shoulder)
[2026-07-19 17:11:27.229] [info] Frame 200 (t = 2.0):	 total squared error = 0.00192924, marker error: RMS = 0.00845300, max = 0.0185727 (R_Shoulder)
[2026-07-19 17:11:27.251] [info] Frame 201 (t = 2.01):	 total squared error = 0.00195295, marker error: RMS = 0.00850479, max = 0.0181188 (R_Shoulder)
[2026-07-19 17:11:27.268] [info] Frame 202 (t = 2.02):	 total squared error = 0.00196682, marker error: RMS = 0.00853494, max = 0.0176468 (R_Shoulder)
[2026-07-19 17:11:27.285] [info] Frame 203 (t = 2.03):	 total squared error = 0.00196374, marker error: RMS = 0.00852824, max = 0.0181594 (Thoracic)
[2026-07-19 17:11:27.302] [info] Frame 204 (t = 2.04):	 total squared error = 0.00193820, marker error: RMS = 0.00847261, max = 0.0190688 (Thoracic)
[2026-07-19 17:11:27.318] [info] Frame 205 (t = 2.05):	 total squared error = 0.00188488, marker error: RMS = 0.00835525, max = 0.0197886 (Thoracic)
[2026-07-19 17:11:27.350] [info] Frame 206 (t = 2.06):	 total squared error = 0.00180336, marker error: RMS = 0.00817258, max = 0.0202961 (Thoracic)
[2026-07-19 17:11:27.372] [info] Frame 207 (t = 2.07):	 total squared error = 0.00171691, marker error: RMS = 0.00797429, max = 0.0204324 (Thoracic)
[2026-07-19 17:11:27.401] [info] Frame 208 (t = 2.08):	 total squared error = 0.00162202, marker error: RMS = 0.00775079, max = 0.0204423 (Thoracic)
[2026-07-19 17:11:27.421] [info] Frame 209 (t = 2.09):	 total squared error = 0.00154221, marker error: RMS = 0.00755771, max = 0.0201030 (Thoracic)
[2026-07-19 17:11:27.449] [info] Frame 210 (t = 2.1):	 total squared error = 0.00146120, marker error: RMS = 0.00735653, max = 0.0197889 (Thoracic)
[2026-07-19 17:11:27.464] [info] Frame 211 (t = 2.11):	 total squared error = 0.00140647, marker error: RMS = 0.00721743, max = 0.0191685 (Thoracic)
[2026-07-19 17:11:27.481] [info] Frame 212 (t = 2.12):	 total squared error = 0.00135608, marker error: RMS = 0.00708697, max = 0.0186032 (Thoracic)
[2026-07-19 17:11:27.508] [info] Frame 213 (t = 2.13):	 total squared error = 0.00131029, marker error: RMS = 0.00696630, max = 0.0180719 (Thoracic)
[2026-07-19 17:11:27.526] [info] Frame 214 (t = 2.14):	 total squared error = 0.00127482, marker error: RMS = 0.00687135, max = 0.0174835 (Thoracic)
[2026-07-19 17:11:27.542] [info] Frame 215 (t = 2.15):	 total squared error = 0.00123808, marker error: RMS = 0.00677162, max = 0.0170051 (Thoracic)
[2026-07-19 17:11:27.565] [info] Frame 216 (t = 2.16):	 total squared error = 0.00119691, marker error: RMS = 0.00665808, max = 0.0165942 (Thoracic)
[2026-07-19 17:11:27.574] [info] Frame 217 (t = 2.17):	 total squared error = 0.00115877, marker error: RMS = 0.00655113, max = 0.0160964 (Thoracic)
[2026-07-19 17:11:27.596] [info] Frame 218 (t = 2.18):	 total squared error = 0.00111482, marker error: RMS = 0.00642569, max = 0.0159314 (Thoracic)
[2026-07-19 17:11:27.616] [info] Frame 219 (t = 2.19):	 total squared error = 0.00107276, marker error: RMS = 0.00630332, max = 0.015716 (Thoracic)
[2026-07-19 17:11:27.645] [info] Frame 220 (t = 2.2):	 total squared error = 0.00103194, marker error: RMS = 0.00618223, max = 0.0156212 (Thoracic)
[2026-07-19 17:11:27.664] [info] Frame 221 (t = 2.21):	 total squared error = 0.000992428, marker error: RMS = 0.00606272, max = 0.0155131 (Thoracic)
[2026-07-19 17:11:27.683] [info] Frame 222 (t = 2.22):	 total squared error = 0.000956959, marker error: RMS = 0.00595340, max = 0.0154987 (Thoracic)
[2026-07-19 17:11:27.703] [info] Frame 223 (t = 2.23):	 total squared error = 0.000924056, marker error: RMS = 0.00585015, max = 0.0155682 (Thoracic)
[2026-07-19 17:11:27.722] [info] Frame 224 (t = 2.24):	 total squared error = 0.000894578, marker error: RMS = 0.00575608, max = 0.0156713 (Thoracic)
[2026-07-19 17:11:27.738] [info] Frame 225 (t = 2.25):	 total squared error = 0.000869371, marker error: RMS = 0.00567441, max = 0.0158022 (Thoracic)
[2026-07-19 17:11:27.756] [info] Frame 226 (t = 2.26):	 total squared error = 0.000848959, marker error: RMS = 0.00560740, max = 0.0159448 (Thoracic)
[2026-07-19 17:11:27.774] [info] Frame 227 (t = 2.27):	 total squared error = 0.000832794, marker error: RMS = 0.00555376, max = 0.0160820 (Thoracic)
[2026-07-19 17:11:27.792] [info] Frame 228 (t = 2.28):	 total squared error = 0.000820957, marker error: RMS = 0.00551415, max = 0.0161656 (Thoracic)
[2026-07-19 17:11:27.816] [info] Frame 229 (t = 2.29):	 total squared error = 0.000811911, marker error: RMS = 0.00548368, max = 0.0162204 (Thoracic)
[2026-07-19 17:11:27.836] [info] Frame 230 (t = 2.3):	 total squared error = 0.000807788, marker error: RMS = 0.00546974, max = 0.0161433 (Thoracic)
[2026-07-19 17:11:27.855] [info] Frame 231 (t = 2.31):	 total squared error = 0.000806074, marker error: RMS = 0.00546394, max = 0.0159603 (Thoracic)
[2026-07-19 17:11:27.872] [info] Frame 232 (t = 2.32):	 total squared error = 0.000804760, marker error: RMS = 0.00545948, max = 0.0157222 (Thoracic)
[2026-07-19 17:11:27.901] [info] Frame 233 (t = 2.33):	 total squared error = 0.000801040, marker error: RMS = 0.00544685, max = 0.0154935 (Thoracic)
[2026-07-19 17:11:27.916] [info] Frame 234 (t = 2.34):	 total squared error = 0.000797731, marker error: RMS = 0.00543559, max = 0.0150484 (Thoracic)
[2026-07-19 17:11:27.926] [info] Frame 235 (t = 2.35):	 total squared error = 0.000795440, marker error: RMS = 0.00542777, max = 0.0146134 (Thoracic)
[2026-07-19 17:11:27.943] [info] Frame 236 (t = 2.36):	 total squared error = 0.000782550, marker error: RMS = 0.00538362, max = 0.0140141 (Thoracic)
[2026-07-19 17:11:27.952] [info] Frame 237 (t = 2.37):	 total squared error = 0.000772974, marker error: RMS = 0.00535058, max = 0.0134745 (Thoracic)
[2026-07-19 17:11:27.970] [info] Frame 238 (t = 2.38):	 total squared error = 0.000752466, marker error: RMS = 0.00527912, max = 0.0129079 (Thoracic)
[2026-07-19 17:11:27.979] [info] Frame 239 (t = 2.39):	 total squared error = 0.000737933, marker error: RMS = 0.00522789, max = 0.0123022 (Thoracic)
[2026-07-19 17:11:27.996] [info] Frame 240 (t = 2.4):	 total squared error = 0.000716990, marker error: RMS = 0.00515317, max = 0.011745 (Thoracic)
[2026-07-19 17:11:28.006] [info] Frame 241 (t = 2.41):	 total squared error = 0.000704096, marker error: RMS = 0.00510663, max = 0.0111755 (Thoracic)
[2026-07-19 17:11:28.025] [info] Frame 242 (t = 2.42):	 total squared error = 0.000689546, marker error: RMS = 0.00505359, max = 0.0106494 (Thoracic)
[2026-07-19 17:11:28.043] [info] Frame 243 (t = 2.43):	 total squared error = 0.000680847, marker error: RMS = 0.00502161, max = 0.0105040 (R_Shoulder)
[2026-07-19 17:11:28.053] [info] Frame 244 (t = 2.44):	 total squared error = 0.000679875, marker error: RMS = 0.00501802, max = 0.0106266 (R_Shoulder)
[2026-07-19 17:11:28.061] [info] Frame 245 (t = 2.45):	 total squared error = 0.000682384, marker error: RMS = 0.00502727, max = 0.0106729 (R_Shoulder)
[2026-07-19 17:11:28.079] [info] Frame 246 (t = 2.46):	 total squared error = 0.000683349, marker error: RMS = 0.00503083, max = 0.0109296 (R_Shoulder)
[2026-07-19 17:11:28.089] [info] Frame 247 (t = 2.47):	 total squared error = 0.000691573, marker error: RMS = 0.00506101, max = 0.0110260 (R_Shoulder)
[2026-07-19 17:11:28.098] [info] Frame 248 (t = 2.48):	 total squared error = 0.000700409, marker error: RMS = 0.00509324, max = 0.0110979 (R_Shoulder)
[2026-07-19 17:11:28.105] [info] Frame 249 (t = 2.49):	 total squared error = 0.000709173, marker error: RMS = 0.00512500, max = 0.0112123 (R_Shoulder)
[2026-07-19 17:11:28.120] [info] Frame 250 (t = 2.5):	 total squared error = 0.000700578, marker error: RMS = 0.00509385, max = 0.0114683 (R_Shoulder)
[2026-07-19 17:11:28.128] [info] Frame 251 (t = 2.51):	 total squared error = 0.000698788, marker error: RMS = 0.00508734, max = 0.0114894 (R_Shoulder)
[2026-07-19 17:11:28.141] [info] Frame 252 (t = 2.52):	 total squared error = 0.000686655, marker error: RMS = 0.00504298, max = 0.0118817 (R_Shoulder)
[2026-07-19 17:11:28.159] [info] Frame 253 (t = 2.53):	 total squared error = 0.000672077, marker error: RMS = 0.00498916, max = 0.0120523 (R_Shoulder)
[2026-07-19 17:11:28.174] [info] Frame 254 (t = 2.54):	 total squared error = 0.000662739, marker error: RMS = 0.00495438, max = 0.0124328 (R_Shoulder)
[2026-07-19 17:11:28.184] [info] Frame 255 (t = 2.55):	 total squared error = 0.000667014, marker error: RMS = 0.00497033, max = 0.0123964 (R_Shoulder)
[2026-07-19 17:11:28.203] [info] Frame 256 (t = 2.56):	 total squared error = 0.000650723, marker error: RMS = 0.00490926, max = 0.0127524 (R_Shoulder)
[2026-07-19 17:11:28.211] [info] Frame 257 (t = 2.57):	 total squared error = 0.000668395, marker error: RMS = 0.00497548, max = 0.0129167 (R_Shoulder)
[2026-07-19 17:11:28.236] [info] Frame 258 (t = 2.58):	 total squared error = 0.000663850, marker error: RMS = 0.00495853, max = 0.0136487 (R_Shoulder)
[2026-07-19 17:11:28.254] [info] Frame 259 (t = 2.59):	 total squared error = 0.000681500, marker error: RMS = 0.00502402, max = 0.013916 (R_Shoulder)
[2026-07-19 17:11:28.274] [info] Frame 260 (t = 2.6):	 total squared error = 0.000701371, marker error: RMS = 0.00509674, max = 0.0141988 (R_Shoulder)
[2026-07-19 17:11:28.293] [info] Frame 261 (t = 2.61):	 total squared error = 0.000723243, marker error: RMS = 0.00517559, max = 0.0145251 (R_Shoulder)
[2026-07-19 17:11:28.313] [info] Frame 262 (t = 2.62):	 total squared error = 0.000745494, marker error: RMS = 0.00525461, max = 0.0148041 (R_Shoulder)
[2026-07-19 17:11:28.322] [info] Frame 263 (t = 2.63):	 total squared error = 0.000774898, marker error: RMS = 0.00535723, max = 0.0149727 (R_Shoulder)
[2026-07-19 17:11:28.338] [info] Frame 264 (t = 2.64):	 total squared error = 0.000785055, marker error: RMS = 0.00539223, max = 0.0150814 (R_Shoulder)
[2026-07-19 17:11:28.349] [info] Frame 265 (t = 2.65):	 total squared error = 0.000805183, marker error: RMS = 0.00546092, max = 0.0151532 (R_Shoulder)
[2026-07-19 17:11:28.367] [info] Frame 266 (t = 2.66):	 total squared error = 0.000805427, marker error: RMS = 0.00546174, max = 0.0151566 (R_Shoulder)
[2026-07-19 17:11:28.378] [info] Frame 267 (t = 2.67):	 total squared error = 0.000814705, marker error: RMS = 0.00549311, max = 0.0148353 (R_Shoulder)
[2026-07-19 17:11:28.400] [info] Frame 268 (t = 2.68):	 total squared error = 0.000798548, marker error: RMS = 0.00543837, max = 0.0149926 (R_Shoulder)
[2026-07-19 17:11:28.410] [info] Frame 269 (t = 2.69):	 total squared error = 0.000790139, marker error: RMS = 0.00540966, max = 0.0146725 (R_Shoulder)
[2026-07-19 17:11:28.422] [info] Frame 270 (t = 2.7):	 total squared error = 0.000776037, marker error: RMS = 0.00536117, max = 0.0144728 (R_Shoulder)
[2026-07-19 17:11:28.443] [info] Frame 271 (t = 2.71):	 total squared error = 0.000752041, marker error: RMS = 0.00527763, max = 0.0142624 (R_Shoulder)
[2026-07-19 17:11:28.451] [info] Frame 272 (t = 2.72):	 total squared error = 0.000737968, marker error: RMS = 0.00522801, max = 0.0137331 (R_Shoulder)
[2026-07-19 17:11:28.460] [info] Frame 273 (t = 2.73):	 total squared error = 0.000728278, marker error: RMS = 0.00519358, max = 0.0133132 (R_Shoulder)
[2026-07-19 17:11:28.484] [info] Frame 274 (t = 2.74):	 total squared error = 0.000695024, marker error: RMS = 0.00507362, max = 0.0133216 (R_Shoulder)
[2026-07-19 17:11:28.499] [info] Frame 275 (t = 2.75):	 total squared error = 0.000678246, marker error: RMS = 0.00501201, max = 0.0129869 (R_Shoulder)
[2026-07-19 17:11:28.521] [info] Frame 276 (t = 2.76):	 total squared error = 0.000657488, marker error: RMS = 0.00493472, max = 0.0126553 (R_Shoulder)
[2026-07-19 17:11:28.530] [info] Frame 277 (t = 2.77):	 total squared error = 0.000645981, marker error: RMS = 0.00489134, max = 0.0122406 (R_Shoulder)
[2026-07-19 17:11:28.551] [info] Frame 278 (t = 2.78):	 total squared error = 0.000626545, marker error: RMS = 0.00481720, max = 0.0120535 (R_Shoulder)
[2026-07-19 17:11:28.561] [info] Frame 279 (t = 2.79):	 total squared error = 0.000625152, marker error: RMS = 0.00481184, max = 0.0116442 (R_Shoulder)
[2026-07-19 17:11:28.578] [info] Frame 280 (t = 2.8):	 total squared error = 0.000628965, marker error: RMS = 0.00482649, max = 0.0114749 (R_Shoulder)
[2026-07-19 17:11:28.587] [info] Frame 281 (t = 2.81):	 total squared error = 0.000651634, marker error: RMS = 0.00491270, max = 0.0112756 (R_Shoulder)
[2026-07-19 17:11:28.598] [info] Frame 282 (t = 2.82):	 total squared error = 0.000683675, marker error: RMS = 0.00503203, max = 0.0109784 (R_Shoulder)
[2026-07-19 17:11:28.618] [info] Frame 283 (t = 2.83):	 total squared error = 0.000710848, marker error: RMS = 0.00513105, max = 0.0108151 (R_Shoulder)
[2026-07-19 17:11:28.629] [info] Frame 284 (t = 2.84):	 total squared error = 0.000746729, marker error: RMS = 0.00525896, max = 0.0106585 (R_Shoulder)
[2026-07-19 17:11:28.642] [info] Frame 285 (t = 2.85):	 total squared error = 0.000777315, marker error: RMS = 0.00536558, max = 0.0105103 (R_Shoulder)
[2026-07-19 17:11:28.651] [info] Frame 286 (t = 2.86):	 total squared error = 0.000802407, marker error: RMS = 0.00545149, max = 0.0104177 (R_Shoulder)
[2026-07-19 17:11:28.660] [info] Frame 287 (t = 2.87):	 total squared error = 0.000819417, marker error: RMS = 0.00550897, max = 0.0104149 (R_Shoulder)
[2026-07-19 17:11:28.678] [info] Frame 288 (t = 2.88):	 total squared error = 0.000805160, marker error: RMS = 0.00546084, max = 0.0102908 (Thoracic)
[2026-07-19 17:11:28.688] [info] Frame 289 (t = 2.89):	 total squared error = 0.000803875, marker error: RMS = 0.00545648, max = 0.0103973 (Thoracic)
[2026-07-19 17:11:28.712] [info] Frame 290 (t = 2.9):	 total squared error = 0.000788133, marker error: RMS = 0.00540279, max = 0.0104098 (Thoracic)
[2026-07-19 17:11:28.724] [info] Frame 291 (t = 2.91):	 total squared error = 0.000782608, marker error: RMS = 0.00538382, max = 0.0102760 (R_Shoulder)
[2026-07-19 17:11:28.734] [info] Frame 292 (t = 2.92):	 total squared error = 0.000784408, marker error: RMS = 0.00539000, max = 0.0103052 (R_Shoulder)
[2026-07-19 17:11:28.756] [info] Frame 293 (t = 2.93):	 total squared error = 0.000772392, marker error: RMS = 0.00534856, max = 0.0105757 (R_Shoulder)
[2026-07-19 17:11:28.766] [info] Frame 294 (t = 2.94):	 total squared error = 0.000784347, marker error: RMS = 0.00538980, max = 0.0105235 (R_Shoulder)
[2026-07-19 17:11:28.786] [info] Frame 295 (t = 2.95):	 total squared error = 0.000792884, marker error: RMS = 0.00541905, max = 0.0107358 (R_Shoulder)
[2026-07-19 17:11:28.800] [info] Frame 296 (t = 2.96):	 total squared error = 0.000815092, marker error: RMS = 0.00549441, max = 0.0105542 (R_Shoulder)
[2026-07-19 17:11:28.811] [info] Frame 297 (t = 2.97):	 total squared error = 0.000850851, marker error: RMS = 0.00561364, max = 0.0105121 (R_Shoulder)
[2026-07-19 17:11:28.828] [info] Frame 298 (t = 2.98):	 total squared error = 0.000879790, marker error: RMS = 0.00570831, max = 0.0106651 (R_Shoulder)
[2026-07-19 17:11:28.837] [info] Frame 299 (t = 2.99):	 total squared error = 0.000930445, marker error: RMS = 0.00587034, max = 0.0109856 (Thoracic)
[2026-07-19 17:11:28.853] [info] Frame 300 (t = 3.0):	 total squared error = 0.000972373, marker error: RMS = 0.00600115, max = 0.0121574 (Thoracic)
[2026-07-19 17:11:28.862] [info] Frame 301 (t = 3.01):	 total squared error = 0.00103098, marker error: RMS = 0.00617935, max = 0.0133405 (Thoracic)
[2026-07-19 17:11:28.879] [info] Frame 302 (t = 3.02):	 total squared error = 0.00106740, marker error: RMS = 0.00628757, max = 0.0144844 (Thoracic)
[2026-07-19 17:11:28.895] [info] Frame 303 (t = 3.03):	 total squared error = 0.00110040, marker error: RMS = 0.00638399, max = 0.0154711 (Thoracic)
[2026-07-19 17:11:28.911] [info] Frame 304 (t = 3.04):	 total squared error = 0.00112329, marker error: RMS = 0.00645005, max = 0.0161606 (Thoracic)
[2026-07-19 17:11:28.924] [info] Frame 305 (t = 3.05):	 total squared error = 0.00113375, marker error: RMS = 0.00648002, max = 0.01656 (Thoracic)
[2026-07-19 17:11:28.937] [info] Frame 306 (t = 3.06):	 total squared error = 0.00113215, marker error: RMS = 0.00647545, max = 0.0166584 (Thoracic)
[2026-07-19 17:11:28.950] [info] Frame 307 (t = 3.07):	 total squared error = 0.00111767, marker error: RMS = 0.00643390, max = 0.0165135 (Thoracic)
[2026-07-19 17:11:28.965] [info] Frame 308 (t = 3.08):	 total squared error = 0.00109476, marker error: RMS = 0.00636763, max = 0.0161784 (Thoracic)
[2026-07-19 17:11:28.980] [info] Frame 309 (t = 3.09):	 total squared error = 0.00107062, marker error: RMS = 0.00629702, max = 0.0156748 (Thoracic)
[2026-07-19 17:11:29.001] [info] Frame 310 (t = 3.1):	 total squared error = 0.00103991, marker error: RMS = 0.00620607, max = 0.0150655 (Thoracic)
[2026-07-19 17:11:29.016] [info] Frame 311 (t = 3.11):	 total squared error = 0.00101227, marker error: RMS = 0.00612304, max = 0.0143776 (Thoracic)
[2026-07-19 17:11:29.028] [info] Frame 312 (t = 3.12):	 total squared error = 0.000985340, marker error: RMS = 0.00604103, max = 0.0136576 (Thoracic)
[2026-07-19 17:11:29.037] [info] Frame 313 (t = 3.13):	 total squared error = 0.000965310, marker error: RMS = 0.00597932, max = 0.0129557 (Thoracic)
[2026-07-19 17:11:29.055] [info] Frame 314 (t = 3.14):	 total squared error = 0.000928709, marker error: RMS = 0.00586486, max = 0.0124653 (C7)
[2026-07-19 17:11:29.073] [info] Frame 315 (t = 3.15):	 total squared error = 0.000903690, marker error: RMS = 0.00578533, max = 0.0124127 (C7)
[2026-07-19 17:11:29.085] [info] Frame 316 (t = 3.16):	 total squared error = 0.000883937, marker error: RMS = 0.00572175, max = 0.012283 (C7)
[2026-07-19 17:11:29.100] [info] Frame 317 (t = 3.17):	 total squared error = 0.000863056, marker error: RMS = 0.00565376, max = 0.0121788 (C7)
[2026-07-19 17:11:29.117] [info] Frame 318 (t = 3.18):	 total squared error = 0.000847057, marker error: RMS = 0.00560112, max = 0.0119523 (C7)
[2026-07-19 17:11:29.133] [info] Frame 319 (t = 3.19):	 total squared error = 0.000833381, marker error: RMS = 0.00555571, max = 0.0118812 (C7)
[2026-07-19 17:11:29.142] [info] Frame 320 (t = 3.2):	 total squared error = 0.000828372, marker error: RMS = 0.00553899, max = 0.0117578 (C7)
[2026-07-19 17:11:29.162] [info] Frame 321 (t = 3.21):	 total squared error = 0.000812994, marker error: RMS = 0.00548734, max = 0.0116401 (C7)
[2026-07-19 17:11:29.172] [info] Frame 322 (t = 3.22):	 total squared error = 0.000808900, marker error: RMS = 0.00547350, max = 0.0115349 (C7)
[2026-07-19 17:11:29.186] [info] Frame 323 (t = 3.23):	 total squared error = 0.000802507, marker error: RMS = 0.00545183, max = 0.0112822 (C7)
[2026-07-19 17:11:29.202] [info] Frame 324 (t = 3.24):	 total squared error = 0.000797725, marker error: RMS = 0.00543557, max = 0.0111148 (C7)
[2026-07-19 17:11:29.219] [info] Frame 325 (t = 3.25):	 total squared error = 0.000792443, marker error: RMS = 0.00541754, max = 0.0111044 (L_Shoulder)
[2026-07-19 17:11:29.234] [info] Frame 326 (t = 3.26):	 total squared error = 0.000787797, marker error: RMS = 0.00540164, max = 0.0113116 (L_Shoulder)
[2026-07-19 17:11:29.248] [info] Frame 327 (t = 3.27):	 total squared error = 0.000784730, marker error: RMS = 0.00539111, max = 0.0116199 (L_Shoulder)
[2026-07-19 17:11:29.266] [info] Frame 328 (t = 3.28):	 total squared error = 0.000781609, marker error: RMS = 0.00538038, max = 0.0118461 (L_Shoulder)
[2026-07-19 17:11:29.283] [info] Frame 329 (t = 3.29):	 total squared error = 0.000782040, marker error: RMS = 0.00538186, max = 0.0121769 (L_Shoulder)
[2026-07-19 17:11:29.303] [info] Frame 330 (t = 3.3):	 total squared error = 0.000784924, marker error: RMS = 0.00539178, max = 0.0124827 (L_Shoulder)
[2026-07-19 17:11:29.321] [info] Frame 331 (t = 3.31):	 total squared error = 0.000793070, marker error: RMS = 0.00541968, max = 0.0129981 (L_Shoulder)
[2026-07-19 17:11:29.336] [info] Frame 332 (t = 3.32):	 total squared error = 0.000805146, marker error: RMS = 0.00546079, max = 0.0135151 (L_Shoulder)
[2026-07-19 17:11:29.350] [info] Frame 333 (t = 3.33):	 total squared error = 0.000816387, marker error: RMS = 0.00549878, max = 0.0138284 (L_Shoulder)
[2026-07-19 17:11:29.366] [info] Frame 334 (t = 3.34):	 total squared error = 0.000830744, marker error: RMS = 0.00554692, max = 0.0143465 (L_Shoulder)
[2026-07-19 17:11:29.381] [info] Frame 335 (t = 3.35):	 total squared error = 0.000845304, marker error: RMS = 0.00559532, max = 0.0147792 (L_Shoulder)
[2026-07-19 17:11:29.403] [info] Frame 336 (t = 3.36):	 total squared error = 0.000858273, marker error: RMS = 0.00563808, max = 0.0151364 (L_Shoulder)
[2026-07-19 17:11:29.424] [info] Frame 337 (t = 3.37):	 total squared error = 0.000874885, marker error: RMS = 0.00569238, max = 0.0156238 (L_Shoulder)
[2026-07-19 17:11:29.446] [info] Frame 338 (t = 3.38):	 total squared error = 0.000894850, marker error: RMS = 0.00575696, max = 0.0161026 (L_Shoulder)
[2026-07-19 17:11:29.461] [info] Frame 339 (t = 3.39):	 total squared error = 0.000921346, marker error: RMS = 0.00584157, max = 0.0167783 (L_Shoulder)
[2026-07-19 17:11:29.481] [info] Frame 340 (t = 3.4):	 total squared error = 0.000949185, marker error: RMS = 0.00592917, max = 0.0170065 (L_Shoulder)
[2026-07-19 17:11:29.497] [info] Frame 341 (t = 3.41):	 total squared error = 0.000983534, marker error: RMS = 0.00603550, max = 0.0174327 (L_Shoulder)
[2026-07-19 17:11:29.514] [info] Frame 342 (t = 3.42):	 total squared error = 0.00101618, marker error: RMS = 0.00613484, max = 0.0174431 (L_Shoulder)
[2026-07-19 17:11:29.529] [info] Frame 343 (t = 3.43):	 total squared error = 0.00104902, marker error: RMS = 0.00623319, max = 0.017668 (L_Shoulder)
[2026-07-19 17:11:29.552] [info] Frame 344 (t = 3.44):	 total squared error = 0.00107262, marker error: RMS = 0.00630290, max = 0.0174239 (L_Shoulder)
[2026-07-19 17:11:29.570] [info] Frame 345 (t = 3.45):	 total squared error = 0.00109451, marker error: RMS = 0.00636690, max = 0.0174496 (L_Shoulder)
[2026-07-19 17:11:29.590] [info] Frame 346 (t = 3.46):	 total squared error = 0.00110884, marker error: RMS = 0.00640845, max = 0.0171644 (L_Shoulder)
[2026-07-19 17:11:29.613] [info] Frame 347 (t = 3.47):	 total squared error = 0.00112177, marker error: RMS = 0.00644569, max = 0.0169434 (L_Shoulder)
[2026-07-19 17:11:29.628] [info] Frame 348 (t = 3.48):	 total squared error = 0.00113555, marker error: RMS = 0.00648516, max = 0.0167888 (L_Shoulder)
[2026-07-19 17:11:29.649] [info] Frame 349 (t = 3.49):	 total squared error = 0.00115045, marker error: RMS = 0.00652757, max = 0.0165075 (L_Shoulder)
[2026-07-19 17:11:29.671] [info] Frame 350 (t = 3.5):	 total squared error = 0.00117146, marker error: RMS = 0.00658690, max = 0.016243 (L_Shoulder)
[2026-07-19 17:11:29.689] [info] Frame 351 (t = 3.51):	 total squared error = 0.00120526, marker error: RMS = 0.00668125, max = 0.0161416 (L_Shoulder)
[2026-07-19 17:11:29.712] [info] Frame 352 (t = 3.52):	 total squared error = 0.00124573, marker error: RMS = 0.00679251, max = 0.0159142 (L_Shoulder)
[2026-07-19 17:11:29.731] [info] Frame 353 (t = 3.53):	 total squared error = 0.00130489, marker error: RMS = 0.00695193, max = 0.0157949 (L_Shoulder)
[2026-07-19 17:11:29.756] [info] Frame 354 (t = 3.54):	 total squared error = 0.00137701, marker error: RMS = 0.00714146, max = 0.0156369 (L_Shoulder)
[2026-07-19 17:11:29.779] [info] Frame 355 (t = 3.55):	 total squared error = 0.00146595, marker error: RMS = 0.00736848, max = 0.0155509 (L_Shoulder)
[2026-07-19 17:11:29.794] [info] Frame 356 (t = 3.56):	 total squared error = 0.00156549, marker error: RMS = 0.00761452, max = 0.0156801 (R_Shoulder)
[2026-07-19 17:11:29.806] [info] Frame 357 (t = 3.57):	 total squared error = 0.00167944, marker error: RMS = 0.00788680, max = 0.0166591 (R_Shoulder)
[2026-07-19 17:11:29.822] [info] Frame 358 (t = 3.58):	 total squared error = 0.00176663, marker error: RMS = 0.00808892, max = 0.0173183 (R_Shoulder)
[2026-07-19 17:11:29.839] [info] Frame 359 (t = 3.59):	 total squared error = 0.00185573, marker error: RMS = 0.00829040, max = 0.017842 (R_Shoulder)
[2026-07-19 17:11:29.860] [info] Frame 360 (t = 3.6):	 total squared error = 0.00193352, marker error: RMS = 0.00846237, max = 0.0184064 (R_Shoulder)
[2026-07-19 17:11:29.880] [info] Frame 361 (t = 3.61):	 total squared error = 0.00199130, marker error: RMS = 0.00858790, max = 0.0188112 (R_Shoulder)
[2026-07-19 17:11:29.893] [info] Frame 362 (t = 3.62):	 total squared error = 0.00203136, marker error: RMS = 0.00867383, max = 0.0190303 (R_Shoulder)
[2026-07-19 17:11:29.905] [info] Frame 363 (t = 3.63):	 total squared error = 0.00205347, marker error: RMS = 0.00872092, max = 0.0191089 (R_Shoulder)
[2026-07-19 17:11:29.920] [info] Frame 364 (t = 3.64):	 total squared error = 0.00205866, marker error: RMS = 0.00873193, max = 0.0190792 (R_Shoulder)
[2026-07-19 17:11:29.938] [info] Frame 365 (t = 3.65):	 total squared error = 0.00204916, marker error: RMS = 0.00871177, max = 0.0188471 (R_Shoulder)
[2026-07-19 17:11:29.956] [info] Frame 366 (t = 3.66):	 total squared error = 0.00202788, marker error: RMS = 0.00866641, max = 0.0184762 (R_Shoulder)
[2026-07-19 17:11:29.973] [info] Frame 367 (t = 3.67):	 total squared error = 0.00199506, marker error: RMS = 0.00859600, max = 0.0180395 (R_Shoulder)
[2026-07-19 17:11:29.990] [info] Frame 368 (t = 3.68):	 total squared error = 0.00195297, marker error: RMS = 0.00850484, max = 0.0174803 (R_Shoulder)
[2026-07-19 17:11:30.011] [info] Frame 369 (t = 3.69):	 total squared error = 0.00189019, marker error: RMS = 0.00836701, max = 0.016987 (R_Shoulder)
[2026-07-19 17:11:30.029] [info] Frame 370 (t = 3.7):	 total squared error = 0.00182774, marker error: RMS = 0.00822765, max = 0.016371 (R_Shoulder)
[2026-07-19 17:11:30.034] [info] InverseKinematicsTool completed 321 frames in 5 second(s).
[2026-07-19 17:11:30.069] [info] Loaded model TCV36-scaled from file C:\Users\lucia\Desktop\TFG\2_JMP\TVC36\Walk_1\TVC36_1_JMP_results\TVC36_1_NMSM_JMP_04_ankle_axis.osim
[2026-07-19 17:11:30.609] [warning] Coordinate.setValue:  coordinate pro_sup_r is locked. Unable to change its value.
[2026-07-19 17:11:30.642] [warning] Coordinate.setValue:  coordinate pro_sup_l is locked. Unable to change its value.
[2026-07-19 17:12:14.502] [info] Loaded model TCV36-scaled from file C:\Users\lucia\Desktop\TFG\2_JMP\TVC36\Walk_1\TVC36_1_JMP_results\TVC36_1_NMSM_JMP_05_torso.osim
[2026-07-19 17:12:14.512] [cout] [info] 
               MODEL: TCV36-scaled
         coordinates: 41
              forces: 103
           actuators: 103
             muscles: 86
            analyses: 0
              probes: 0
              bodies: 24
              joints: 24
         constraints: 2
             markers: 27
         controllers: 0
  contact geometries: 0
misc modelcomponents: 0
[2026-07-19 17:12:14.512] [info] Running tool .
[2026-07-19 17:12:14.600] [info] Frame 50 (t = 0.5):	 total squared error = 0.00115931, marker error: RMS = 0.00655265, max = 0.0132237 (L_Shank_Lateral)
[2026-07-19 17:12:14.617] [info] Frame 51 (t = 0.51):	 total squared error = 0.00115560, marker error: RMS = 0.00654217, max = 0.0131574 (L_Shank_Lateral)
[2026-07-19 17:12:14.632] [info] Frame 52 (t = 0.52):	 total squared error = 0.00115166, marker error: RMS = 0.00653101, max = 0.0131803 (L_Shank_Lateral)
[2026-07-19 17:12:14.646] [info] Frame 53 (t = 0.53):	 total squared error = 0.00115387, marker error: RMS = 0.00653726, max = 0.013575 (R_Shank_Lateral)
[2026-07-19 17:12:14.681] [info] Frame 54 (t = 0.54):	 total squared error = 0.00111934, marker error: RMS = 0.00643872, max = 0.0134726 (L_Shank_Lateral)
[2026-07-19 17:12:14.698] [info] Frame 55 (t = 0.55):	 total squared error = 0.00110544, marker error: RMS = 0.00639863, max = 0.0132031 (L_Shank_Lateral)
[2026-07-19 17:12:14.728] [info] Frame 56 (t = 0.56):	 total squared error = 0.00107606, marker error: RMS = 0.00631300, max = 0.0132708 (L_Shank_Lateral)
[2026-07-19 17:12:14.747] [info] Frame 57 (t = 0.57):	 total squared error = 0.00105145, marker error: RMS = 0.00624041, max = 0.0129634 (L_Shank_Lateral)
[2026-07-19 17:12:14.777] [info] Frame 58 (t = 0.58):	 total squared error = 0.00100106, marker error: RMS = 0.00608902, max = 0.012978 (L_Shank_Lateral)
[2026-07-19 17:12:14.807] [info] Frame 59 (t = 0.59):	 total squared error = 0.000951074, marker error: RMS = 0.00593506, max = 0.0127636 (L_Shank_Lateral)
[2026-07-19 17:12:14.824] [info] Frame 60 (t = 0.6):	 total squared error = 0.000898277, marker error: RMS = 0.00576797, max = 0.0124441 (L_Shank_Lateral)
[2026-07-19 17:12:14.843] [info] Frame 61 (t = 0.61):	 total squared error = 0.000837396, marker error: RMS = 0.00556908, max = 0.012112 (L_Shank_Lateral)
[2026-07-19 17:12:14.867] [info] Frame 62 (t = 0.62):	 total squared error = 0.000775932, marker error: RMS = 0.00536081, max = 0.0118758 (L_Shank_Lateral)
[2026-07-19 17:12:14.880] [info] Frame 63 (t = 0.63):	 total squared error = 0.000725998, marker error: RMS = 0.00518544, max = 0.0114735 (L_Shank_Lateral)
[2026-07-19 17:12:14.906] [info] Frame 64 (t = 0.64):	 total squared error = 0.000680207, marker error: RMS = 0.00501925, max = 0.0111003 (L_Shank_Lateral)
[2026-07-19 17:12:14.922] [info] Frame 65 (t = 0.65):	 total squared error = 0.000643345, marker error: RMS = 0.00488135, max = 0.0106881 (L_Shank_Lateral)
[2026-07-19 17:12:14.942] [info] Frame 66 (t = 0.66):	 total squared error = 0.000611838, marker error: RMS = 0.00476032, max = 0.0102200 (L_Shank_Lateral)
[2026-07-19 17:12:14.952] [info] Frame 67 (t = 0.67):	 total squared error = 0.000584260, marker error: RMS = 0.00465180, max = 0.0102485 (L_Shank_Lateral)
[2026-07-19 17:12:14.973] [info] Frame 68 (t = 0.68):	 total squared error = 0.000551751, marker error: RMS = 0.00452053, max = 0.00929537 (L_Shank_Lateral)
[2026-07-19 17:12:14.992] [info] Frame 69 (t = 0.69):	 total squared error = 0.000521011, marker error: RMS = 0.00439280, max = 0.00880949 (L_Shank_Lateral)
[2026-07-19 17:12:15.013] [info] Frame 70 (t = 0.7):	 total squared error = 0.000491484, marker error: RMS = 0.00426651, max = 0.00823212 (L_Shank_Lateral)
[2026-07-19 17:12:15.031] [info] Frame 71 (t = 0.71):	 total squared error = 0.000462797, marker error: RMS = 0.00414012, max = 0.00768898 (L_Shank_Lateral)
[2026-07-19 17:12:15.049] [info] Frame 72 (t = 0.72):	 total squared error = 0.000435144, marker error: RMS = 0.00401453, max = 0.00756271 (C7)
[2026-07-19 17:12:15.066] [info] Frame 73 (t = 0.73):	 total squared error = 0.000409303, marker error: RMS = 0.00389350, max = 0.00748824 (C7)
[2026-07-19 17:12:15.087] [info] Frame 74 (t = 0.74):	 total squared error = 0.000384679, marker error: RMS = 0.00377457, max = 0.00736008 (C7)
[2026-07-19 17:12:15.099] [info] Frame 75 (t = 0.75):	 total squared error = 0.000366209, marker error: RMS = 0.00368284, max = 0.00719582 (C7)
[2026-07-19 17:12:15.115] [info] Frame 76 (t = 0.76):	 total squared error = 0.000342227, marker error: RMS = 0.00356021, max = 0.00695133 (C7)
[2026-07-19 17:12:15.130] [info] Frame 77 (t = 0.77):	 total squared error = 0.000321859, marker error: RMS = 0.00345264, max = 0.00675122 (C7)
[2026-07-19 17:12:15.148] [info] Frame 78 (t = 0.78):	 total squared error = 0.000305636, marker error: RMS = 0.00336450, max = 0.00652242 (C7)
[2026-07-19 17:12:15.162] [info] Frame 79 (t = 0.79):	 total squared error = 0.000293876, marker error: RMS = 0.00329914, max = 0.00629092 (C7)
[2026-07-19 17:12:15.175] [info] Frame 80 (t = 0.8):	 total squared error = 0.000285218, marker error: RMS = 0.00325018, max = 0.00597323 (C7)
[2026-07-19 17:12:15.187] [info] Frame 81 (t = 0.81):	 total squared error = 0.000279404, marker error: RMS = 0.00321687, max = 0.00567415 (C7)
[2026-07-19 17:12:15.205] [info] Frame 82 (t = 0.82):	 total squared error = 0.000273302, marker error: RMS = 0.00318155, max = 0.00551846 (C7)
[2026-07-19 17:12:15.213] [info] Frame 83 (t = 0.83):	 total squared error = 0.000272609, marker error: RMS = 0.00317752, max = 0.00531788 (C7)
[2026-07-19 17:12:15.222] [info] Frame 84 (t = 0.84):	 total squared error = 0.000274754, marker error: RMS = 0.00319000, max = 0.00529502 (R_Knee_Lateral)
[2026-07-19 17:12:15.237] [info] Frame 85 (t = 0.85):	 total squared error = 0.000260896, marker error: RMS = 0.00310851, max = 0.00518269 (R_Knee_Lateral)
[2026-07-19 17:12:15.247] [info] Frame 86 (t = 0.86):	 total squared error = 0.000257949, marker error: RMS = 0.00309090, max = 0.00534170 (R_Knee_Lateral)
[2026-07-19 17:12:15.256] [info] Frame 87 (t = 0.87):	 total squared error = 0.000253886, marker error: RMS = 0.00306646, max = 0.00547045 (R_Knee_Lateral)
[2026-07-19 17:12:15.265] [info] Frame 88 (t = 0.88):	 total squared error = 0.000251536, marker error: RMS = 0.00305224, max = 0.00553882 (R_Knee_Lateral)
[2026-07-19 17:12:15.274] [info] Frame 89 (t = 0.89):	 total squared error = 0.000248579, marker error: RMS = 0.00303424, max = 0.00559179 (R_Knee_Lateral)
[2026-07-19 17:12:15.289] [info] Frame 90 (t = 0.9):	 total squared error = 0.000237207, marker error: RMS = 0.00296403, max = 0.00514918 (R_Knee_Lateral)
[2026-07-19 17:12:15.297] [info] Frame 91 (t = 0.91):	 total squared error = 0.000241526, marker error: RMS = 0.00299089, max = 0.00527855 (R_Knee_Lateral)
[2026-07-19 17:12:15.305] [info] Frame 92 (t = 0.92):	 total squared error = 0.000248461, marker error: RMS = 0.00303352, max = 0.00543132 (R_Shank_Lateral)
[2026-07-19 17:12:15.323] [info] Frame 93 (t = 0.93):	 total squared error = 0.000243747, marker error: RMS = 0.00300461, max = 0.00619046 (R_Shank_Lateral)
[2026-07-19 17:12:15.336] [info] Frame 94 (t = 0.94):	 total squared error = 0.000248332, marker error: RMS = 0.00303273, max = 0.00623451 (R_Shank_Lateral)
[2026-07-19 17:12:15.346] [info] Frame 95 (t = 0.95):	 total squared error = 0.000255192, marker error: RMS = 0.00307434, max = 0.00632419 (R_Shank_Lateral)
[2026-07-19 17:12:15.360] [info] Frame 96 (t = 0.96):	 total squared error = 0.000253000, marker error: RMS = 0.00306111, max = 0.00646801 (R_Shank_Lateral)
[2026-07-19 17:12:15.379] [info] Frame 97 (t = 0.97):	 total squared error = 0.000252774, marker error: RMS = 0.00305974, max = 0.00669583 (R_Shank_Lateral)
[2026-07-19 17:12:15.395] [info] Frame 98 (t = 0.98):	 total squared error = 0.000253771, marker error: RMS = 0.00306576, max = 0.00667676 (R_Shank_Lateral)
[2026-07-19 17:12:15.409] [info] Frame 99 (t = 0.99):	 total squared error = 0.000257709, marker error: RMS = 0.00308946, max = 0.00660882 (R_Shank_Lateral)
[2026-07-19 17:12:15.433] [info] Frame 100 (t = 1.0):	 total squared error = 0.000256552, marker error: RMS = 0.00308252, max = 0.00681904 (R_Shank_Lateral)
[2026-07-19 17:12:15.446] [info] Frame 101 (t = 1.01):	 total squared error = 0.000262987, marker error: RMS = 0.00312094, max = 0.00660133 (R_Shank_Lateral)
[2026-07-19 17:12:15.468] [info] Frame 102 (t = 1.02):	 total squared error = 0.000264791, marker error: RMS = 0.00313162, max = 0.00681000 (R_Shank_Lateral)
[2026-07-19 17:12:15.491] [info] Frame 103 (t = 1.03):	 total squared error = 0.000270133, marker error: RMS = 0.00316306, max = 0.00680382 (R_Shank_Lateral)
[2026-07-19 17:12:15.508] [info] Frame 104 (t = 1.04):	 total squared error = 0.000275498, marker error: RMS = 0.00319431, max = 0.00682609 (R_Shank_Lateral)
[2026-07-19 17:12:15.519] [info] Frame 105 (t = 1.05):	 total squared error = 0.000283747, marker error: RMS = 0.00324178, max = 0.00666766 (R_Shank_Lateral)
[2026-07-19 17:12:15.542] [info] Frame 106 (t = 1.06):	 total squared error = 0.000283664, marker error: RMS = 0.00324131, max = 0.00699774 (R_Shank_Lateral)
[2026-07-19 17:12:15.554] [info] Frame 107 (t = 1.07):	 total squared error = 0.000288959, marker error: RMS = 0.00327142, max = 0.00686277 (R_Shank_Lateral)
[2026-07-19 17:12:15.568] [info] Frame 108 (t = 1.08):	 total squared error = 0.000292613, marker error: RMS = 0.00329204, max = 0.00691263 (R_Shank_Lateral)
[2026-07-19 17:12:15.580] [info] Frame 109 (t = 1.09):	 total squared error = 0.000296009, marker error: RMS = 0.00331109, max = 0.00687670 (R_Shank_Lateral)
[2026-07-19 17:12:15.593] [info] Frame 110 (t = 1.1):	 total squared error = 0.000293639, marker error: RMS = 0.00329780, max = 0.00721266 (R_Shank_Lateral)
[2026-07-19 17:12:15.607] [info] Frame 111 (t = 1.11):	 total squared error = 0.000298875, marker error: RMS = 0.00332708, max = 0.00714513 (R_Shank_Lateral)
[2026-07-19 17:12:15.623] [info] Frame 112 (t = 1.12):	 total squared error = 0.000303114, marker error: RMS = 0.00335059, max = 0.00731968 (R_Shank_Lateral)
[2026-07-19 17:12:15.634] [info] Frame 113 (t = 1.13):	 total squared error = 0.000311319, marker error: RMS = 0.00339564, max = 0.00712254 (R_Shank_Lateral)
[2026-07-19 17:12:15.646] [info] Frame 114 (t = 1.14):	 total squared error = 0.000315577, marker error: RMS = 0.00341878, max = 0.00729455 (R_Shank_Lateral)
[2026-07-19 17:12:15.684] [info] Frame 115 (t = 1.15):	 total squared error = 0.000311451, marker error: RMS = 0.00339635, max = 0.00723183 (R_Shank_Lateral)
[2026-07-19 17:12:15.694] [info] Frame 116 (t = 1.16):	 total squared error = 0.000317069, marker error: RMS = 0.00342685, max = 0.00685968 (R_Shank_Lateral)
[2026-07-19 17:12:15.712] [info] Frame 117 (t = 1.17):	 total squared error = 0.000314661, marker error: RMS = 0.00341381, max = 0.00696622 (R_Shank_Lateral)
[2026-07-19 17:12:15.722] [info] Frame 118 (t = 1.18):	 total squared error = 0.000318685, marker error: RMS = 0.00343557, max = 0.00659882 (R_Shank_Lateral)
[2026-07-19 17:12:15.734] [info] Frame 119 (t = 1.19):	 total squared error = 0.000321653, marker error: RMS = 0.00345153, max = 0.00648407 (R_Shank_Lateral)
[2026-07-19 17:12:15.752] [info] Frame 120 (t = 1.2):	 total squared error = 0.000316809, marker error: RMS = 0.00342545, max = 0.00644433 (R_Shank_Lateral)
[2026-07-19 17:12:15.762] [info] Frame 121 (t = 1.21):	 total squared error = 0.000322551, marker error: RMS = 0.00345635, max = 0.00612377 (L_Psis)
[2026-07-19 17:12:15.779] [info] Frame 122 (t = 1.22):	 total squared error = 0.000320957, marker error: RMS = 0.00344780, max = 0.00605649 (R_Shank_Lateral)
[2026-07-19 17:12:15.796] [info] Frame 123 (t = 1.23):	 total squared error = 0.000323395, marker error: RMS = 0.00346086, max = 0.00607323 (L_Ankle_Lateral)
[2026-07-19 17:12:15.805] [info] Frame 124 (t = 1.24):	 total squared error = 0.000330942, marker error: RMS = 0.00350101, max = 0.00622004 (L_Ankle_Lateral)
[2026-07-19 17:12:15.822] [info] Frame 125 (t = 1.25):	 total squared error = 0.000331640, marker error: RMS = 0.00350470, max = 0.00631461 (L_Ankle_Lateral)
[2026-07-19 17:12:15.830] [info] Frame 126 (t = 1.26):	 total squared error = 0.000340031, marker error: RMS = 0.00354876, max = 0.00652631 (L_Knee_Lateral)
[2026-07-19 17:12:15.841] [info] Frame 127 (t = 1.27):	 total squared error = 0.000342554, marker error: RMS = 0.00356191, max = 0.00638414 (L_Ankle_Lateral)
[2026-07-19 17:12:15.847] [info] Frame 128 (t = 1.28):	 total squared error = 0.000357154, marker error: RMS = 0.00363702, max = 0.00676401 (L_Knee_Lateral)
[2026-07-19 17:12:15.864] [info] Frame 129 (t = 1.29):	 total squared error = 0.000353476, marker error: RMS = 0.00361825, max = 0.00624109 (L_Ankle_Lateral)
[2026-07-19 17:12:15.880] [info] Frame 130 (t = 1.3):	 total squared error = 0.000360575, marker error: RMS = 0.00365440, max = 0.00621107 (Thoracic)
[2026-07-19 17:12:15.892] [info] Frame 131 (t = 1.31):	 total squared error = 0.000372315, marker error: RMS = 0.00371341, max = 0.00654317 (Thoracic)
[2026-07-19 17:12:15.897] [info] Frame 132 (t = 1.32):	 total squared error = 0.000394828, marker error: RMS = 0.00382404, max = 0.00679031 (Thoracic)
[2026-07-19 17:12:15.912] [info] Frame 133 (t = 1.33):	 total squared error = 0.000398317, marker error: RMS = 0.00384090, max = 0.00724654 (Thoracic)
[2026-07-19 17:12:15.923] [info] Frame 134 (t = 1.34):	 total squared error = 0.000416501, marker error: RMS = 0.00392759, max = 0.00744976 (Thoracic)
[2026-07-19 17:12:15.952] [info] Frame 135 (t = 1.35):	 total squared error = 0.000418969, marker error: RMS = 0.00393921, max = 0.00766388 (Thoracic)
[2026-07-19 17:12:15.963] [info] Frame 136 (t = 1.36):	 total squared error = 0.000437159, marker error: RMS = 0.00402381, max = 0.00781512 (Thoracic)
[2026-07-19 17:12:15.973] [info] Frame 137 (t = 1.37):	 total squared error = 0.000459726, marker error: RMS = 0.00412637, max = 0.00799251 (Thoracic)
[2026-07-19 17:12:15.989] [info] Frame 138 (t = 1.38):	 total squared error = 0.000464529, marker error: RMS = 0.00414787, max = 0.00822003 (Thoracic)
[2026-07-19 17:12:16.007] [info] Frame 139 (t = 1.39):	 total squared error = 0.000476911, marker error: RMS = 0.00420278, max = 0.00842151 (Thoracic)
[2026-07-19 17:12:16.017] [info] Frame 140 (t = 1.4):	 total squared error = 0.000498143, marker error: RMS = 0.00429532, max = 0.00878725 (Thoracic)
[2026-07-19 17:12:16.031] [info] Frame 141 (t = 1.41):	 total squared error = 0.000516146, marker error: RMS = 0.00437224, max = 0.00914537 (Thoracic)
[2026-07-19 17:12:16.042] [info] Frame 142 (t = 1.42):	 total squared error = 0.000543929, marker error: RMS = 0.00448838, max = 0.00980532 (Thoracic)
[2026-07-19 17:12:16.071] [info] Frame 143 (t = 1.43):	 total squared error = 0.000547746, marker error: RMS = 0.00450410, max = 0.0102646 (Thoracic)
[2026-07-19 17:12:16.079] [info] Frame 144 (t = 1.44):	 total squared error = 0.000576275, marker error: RMS = 0.00461990, max = 0.0111096 (Thoracic)
[2026-07-19 17:12:16.094] [info] Frame 145 (t = 1.45):	 total squared error = 0.000594585, marker error: RMS = 0.00469273, max = 0.0118184 (Thoracic)
[2026-07-19 17:12:16.105] [info] Frame 146 (t = 1.46):	 total squared error = 0.000620045, marker error: RMS = 0.00479214, max = 0.0126118 (Thoracic)
[2026-07-19 17:12:16.122] [info] Frame 147 (t = 1.47):	 total squared error = 0.000631951, marker error: RMS = 0.00483793, max = 0.0130916 (Thoracic)
[2026-07-19 17:12:16.139] [info] Frame 148 (t = 1.48):	 total squared error = 0.000637474, marker error: RMS = 0.00485903, max = 0.0134313 (Thoracic)
[2026-07-19 17:12:16.149] [info] Frame 149 (t = 1.49):	 total squared error = 0.000647681, marker error: RMS = 0.00489777, max = 0.0136035 (Thoracic)
[2026-07-19 17:12:16.160] [info] Frame 150 (t = 1.5):	 total squared error = 0.000649972, marker error: RMS = 0.00490643, max = 0.0134995 (Thoracic)
[2026-07-19 17:12:16.175] [info] Frame 151 (t = 1.51):	 total squared error = 0.000632164, marker error: RMS = 0.00483875, max = 0.013177 (Thoracic)
[2026-07-19 17:12:16.183] [info] Frame 152 (t = 1.52):	 total squared error = 0.000629617, marker error: RMS = 0.00482899, max = 0.012791 (Thoracic)
[2026-07-19 17:12:16.200] [info] Frame 153 (t = 1.53):	 total squared error = 0.000608468, marker error: RMS = 0.00474719, max = 0.0122689 (Thoracic)
[2026-07-19 17:12:16.221] [info] Frame 154 (t = 1.54):	 total squared error = 0.000592301, marker error: RMS = 0.00468370, max = 0.0117384 (Thoracic)
[2026-07-19 17:12:16.232] [info] Frame 155 (t = 1.55):	 total squared error = 0.000587096, marker error: RMS = 0.00466308, max = 0.0112735 (Thoracic)
[2026-07-19 17:12:16.248] [info] Frame 156 (t = 1.56):	 total squared error = 0.000573989, marker error: RMS = 0.00461073, max = 0.0109316 (Thoracic)
[2026-07-19 17:12:16.257] [info] Frame 157 (t = 1.57):	 total squared error = 0.000570907, marker error: RMS = 0.00459834, max = 0.0105659 (Thoracic)
[2026-07-19 17:12:16.288] [info] Frame 158 (t = 1.58):	 total squared error = 0.000553872, marker error: RMS = 0.00452921, max = 0.0104258 (Thoracic)
[2026-07-19 17:12:16.306] [info] Frame 159 (t = 1.59):	 total squared error = 0.000548685, marker error: RMS = 0.00450796, max = 0.0102739 (Thoracic)
[2026-07-19 17:12:16.327] [info] Frame 160 (t = 1.6):	 total squared error = 0.000541827, marker error: RMS = 0.00447970, max = 0.0101772 (Thoracic)
[2026-07-19 17:12:16.341] [info] Frame 161 (t = 1.61):	 total squared error = 0.000540403, marker error: RMS = 0.00447380, max = 0.0100843 (Thoracic)
[2026-07-19 17:12:16.358] [info] Frame 162 (t = 1.62):	 total squared error = 0.000530400, marker error: RMS = 0.00443221, max = 0.0100975 (Thoracic)
[2026-07-19 17:12:16.375] [info] Frame 163 (t = 1.63):	 total squared error = 0.000523518, marker error: RMS = 0.00440336, max = 0.0100980 (Thoracic)
[2026-07-19 17:12:16.387] [info] Frame 164 (t = 1.64):	 total squared error = 0.000516147, marker error: RMS = 0.00437225, max = 0.00998521 (Thoracic)
[2026-07-19 17:12:16.406] [info] Frame 165 (t = 1.65):	 total squared error = 0.000498735, marker error: RMS = 0.00429787, max = 0.0100018 (Thoracic)
[2026-07-19 17:12:16.417] [info] Frame 166 (t = 1.66):	 total squared error = 0.000484608, marker error: RMS = 0.00423656, max = 0.00975658 (Thoracic)
[2026-07-19 17:12:16.435] [info] Frame 167 (t = 1.67):	 total squared error = 0.000459357, marker error: RMS = 0.00412471, max = 0.00969630 (Thoracic)
[2026-07-19 17:12:16.450] [info] Frame 168 (t = 1.68):	 total squared error = 0.000437076, marker error: RMS = 0.00402343, max = 0.00951239 (Thoracic)
[2026-07-19 17:12:16.460] [info] Frame 169 (t = 1.69):	 total squared error = 0.000418736, marker error: RMS = 0.00393812, max = 0.00917782 (Thoracic)
[2026-07-19 17:12:16.474] [info] Frame 170 (t = 1.7):	 total squared error = 0.000397351, marker error: RMS = 0.00383623, max = 0.00908135 (Thoracic)
[2026-07-19 17:12:16.490] [info] Frame 171 (t = 1.71):	 total squared error = 0.000378967, marker error: RMS = 0.00374644, max = 0.00883717 (Thoracic)
[2026-07-19 17:12:16.510] [info] Frame 172 (t = 1.72):	 total squared error = 0.000364764, marker error: RMS = 0.00367556, max = 0.00867540 (Thoracic)
[2026-07-19 17:12:16.522] [info] Frame 173 (t = 1.73):	 total squared error = 0.000354909, marker error: RMS = 0.00362558, max = 0.00851148 (Thoracic)
[2026-07-19 17:12:16.536] [info] Frame 174 (t = 1.74):	 total squared error = 0.000347935, marker error: RMS = 0.00358977, max = 0.00840415 (Thoracic)
[2026-07-19 17:12:16.548] [info] Frame 175 (t = 1.75):	 total squared error = 0.000347156, marker error: RMS = 0.00358576, max = 0.00826380 (Thoracic)
[2026-07-19 17:12:16.561] [info] Frame 176 (t = 1.76):	 total squared error = 0.000345079, marker error: RMS = 0.00357501, max = 0.00827135 (Thoracic)
[2026-07-19 17:12:16.578] [info] Frame 177 (t = 1.77):	 total squared error = 0.000346634, marker error: RMS = 0.00358306, max = 0.00827826 (Thoracic)
[2026-07-19 17:12:16.596] [info] Frame 178 (t = 1.78):	 total squared error = 0.000356545, marker error: RMS = 0.00363392, max = 0.00824561 (Thoracic)
[2026-07-19 17:12:16.612] [info] Frame 179 (t = 1.79):	 total squared error = 0.000371588, marker error: RMS = 0.00370979, max = 0.00819062 (Thoracic)
[2026-07-19 17:12:16.632] [info] Frame 180 (t = 1.8):	 total squared error = 0.000390761, marker error: RMS = 0.00380429, max = 0.00812890 (Thoracic)
[2026-07-19 17:12:16.650] [info] Frame 181 (t = 1.81):	 total squared error = 0.000415579, marker error: RMS = 0.00392324, max = 0.00806564 (Thoracic)
[2026-07-19 17:12:16.672] [info] Frame 182 (t = 1.82):	 total squared error = 0.000443700, marker error: RMS = 0.00405380, max = 0.00794996 (Thoracic)
[2026-07-19 17:12:16.688] [info] Frame 183 (t = 1.83):	 total squared error = 0.000479525, marker error: RMS = 0.00421428, max = 0.00775705 (Thoracic)
[2026-07-19 17:12:16.707] [info] Frame 184 (t = 1.84):	 total squared error = 0.000512397, marker error: RMS = 0.00435633, max = 0.00802444 (R_Knee_Lateral)
[2026-07-19 17:12:16.725] [info] Frame 185 (t = 1.85):	 total squared error = 0.000547728, marker error: RMS = 0.00450402, max = 0.00887254 (R_Knee_Lateral)
[2026-07-19 17:12:16.746] [info] Frame 186 (t = 1.86):	 total squared error = 0.000582519, marker error: RMS = 0.00464487, max = 0.00949734 (R_Knee_Lateral)
[2026-07-19 17:12:16.770] [info] Frame 187 (t = 1.87):	 total squared error = 0.000620605, marker error: RMS = 0.00479431, max = 0.0100758 (R_Knee_Lateral)
[2026-07-19 17:12:16.790] [info] Frame 188 (t = 1.88):	 total squared error = 0.000662970, marker error: RMS = 0.00495525, max = 0.0109598 (R_Knee_Lateral)
[2026-07-19 17:12:16.814] [info] Frame 189 (t = 1.89):	 total squared error = 0.000716097, marker error: RMS = 0.00514996, max = 0.0112766 (R_Knee_Lateral)
[2026-07-19 17:12:16.826] [info] Frame 190 (t = 1.9):	 total squared error = 0.000793194, marker error: RMS = 0.00542011, max = 0.012844 (R_Knee_Lateral)
[2026-07-19 17:12:16.851] [info] Frame 191 (t = 1.91):	 total squared error = 0.000850117, marker error: RMS = 0.00561122, max = 0.0124857 (R_Knee_Lateral)
[2026-07-19 17:12:16.870] [info] Frame 192 (t = 1.92):	 total squared error = 0.000928744, marker error: RMS = 0.00586498, max = 0.0130410 (R_Knee_Lateral)
[2026-07-19 17:12:16.889] [info] Frame 193 (t = 1.93):	 total squared error = 0.00101102, marker error: RMS = 0.00611925, max = 0.0133993 (R_Knee_Lateral)
[2026-07-19 17:12:16.909] [info] Frame 194 (t = 1.94):	 total squared error = 0.00108990, marker error: RMS = 0.00635347, max = 0.013651 (R_Knee_Lateral)
[2026-07-19 17:12:16.923] [info] Frame 195 (t = 1.95):	 total squared error = 0.00116045, marker error: RMS = 0.00655589, max = 0.013936 (R_Knee_Lateral)
[2026-07-19 17:12:16.935] [info] Frame 196 (t = 1.96):	 total squared error = 0.00122419, marker error: RMS = 0.00673351, max = 0.0139325 (R_Knee_Lateral)
[2026-07-19 17:12:16.951] [info] Frame 197 (t = 1.97):	 total squared error = 0.00127993, marker error: RMS = 0.00688513, max = 0.0137556 (R_Knee_Lateral)
[2026-07-19 17:12:16.972] [info] Frame 198 (t = 1.98):	 total squared error = 0.00133154, marker error: RMS = 0.00702257, max = 0.0132527 (R_Knee_Lateral)
[2026-07-19 17:12:16.990] [info] Frame 199 (t = 1.99):	 total squared error = 0.00137991, marker error: RMS = 0.00714898, max = 0.0127935 (R_Knee_Lateral)
[2026-07-19 17:12:17.006] [info] Frame 200 (t = 2.0):	 total squared error = 0.00142722, marker error: RMS = 0.00727049, max = 0.0142816 (R_Shank_Lateral)
[2026-07-19 17:12:17.019] [info] Frame 201 (t = 2.01):	 total squared error = 0.00147198, marker error: RMS = 0.00738361, max = 0.0158568 (R_Shank_Lateral)
[2026-07-19 17:12:17.037] [info] Frame 202 (t = 2.02):	 total squared error = 0.00150903, marker error: RMS = 0.00747597, max = 0.0171641 (R_Shank_Lateral)
[2026-07-19 17:12:17.053] [info] Frame 203 (t = 2.03):	 total squared error = 0.00152992, marker error: RMS = 0.00752753, max = 0.0180109 (R_Shank_Lateral)
[2026-07-19 17:12:17.071] [info] Frame 204 (t = 2.04):	 total squared error = 0.00152573, marker error: RMS = 0.00751721, max = 0.0182842 (R_Shank_Lateral)
[2026-07-19 17:12:17.097] [info] Frame 205 (t = 2.05):	 total squared error = 0.00148842, marker error: RMS = 0.00742473, max = 0.0188986 (Thoracic)
[2026-07-19 17:12:17.114] [info] Frame 206 (t = 2.06):	 total squared error = 0.00143624, marker error: RMS = 0.00729343, max = 0.0191965 (Thoracic)
[2026-07-19 17:12:17.141] [info] Frame 207 (t = 2.07):	 total squared error = 0.00135437, marker error: RMS = 0.00708251, max = 0.0195194 (Thoracic)
[2026-07-19 17:12:17.159] [info] Frame 208 (t = 2.08):	 total squared error = 0.00127685, marker error: RMS = 0.00687683, max = 0.0193453 (Thoracic)
[2026-07-19 17:12:17.175] [info] Frame 209 (t = 2.09):	 total squared error = 0.00120601, marker error: RMS = 0.00668333, max = 0.0188046 (Thoracic)
[2026-07-19 17:12:17.204] [info] Frame 210 (t = 2.1):	 total squared error = 0.00112073, marker error: RMS = 0.00644270, max = 0.0187981 (Thoracic)
[2026-07-19 17:12:17.222] [info] Frame 211 (t = 2.11):	 total squared error = 0.00106523, marker error: RMS = 0.00628116, max = 0.0180978 (Thoracic)
[2026-07-19 17:12:17.239] [info] Frame 212 (t = 2.12):	 total squared error = 0.00101744, marker error: RMS = 0.00613866, max = 0.017456 (Thoracic)
[2026-07-19 17:12:17.264] [info] Frame 213 (t = 2.13):	 total squared error = 0.000963996, marker error: RMS = 0.00597524, max = 0.0170518 (Thoracic)
[2026-07-19 17:12:17.278] [info] Frame 214 (t = 2.14):	 total squared error = 0.000925638, marker error: RMS = 0.00585516, max = 0.0163051 (Thoracic)
[2026-07-19 17:12:17.291] [info] Frame 215 (t = 2.15):	 total squared error = 0.000886326, marker error: RMS = 0.00572948, max = 0.0158331 (Thoracic)
[2026-07-19 17:12:17.297] [info] Frame 216 (t = 2.16):	 total squared error = 0.000855694, marker error: RMS = 0.00562960, max = 0.0151673 (Thoracic)
[2026-07-19 17:12:17.313] [info] Frame 217 (t = 2.17):	 total squared error = 0.000801934, marker error: RMS = 0.00544989, max = 0.0151102 (Thoracic)
[2026-07-19 17:12:17.330] [info] Frame 218 (t = 2.18):	 total squared error = 0.000755918, marker error: RMS = 0.00529122, max = 0.0148728 (Thoracic)
[2026-07-19 17:12:17.338] [info] Frame 219 (t = 2.19):	 total squared error = 0.000715365, marker error: RMS = 0.00514733, max = 0.0144954 (Thoracic)
[2026-07-19 17:12:17.362] [info] Frame 220 (t = 2.2):	 total squared error = 0.000675074, marker error: RMS = 0.00500027, max = 0.0145541 (Thoracic)
[2026-07-19 17:12:17.378] [info] Frame 221 (t = 2.21):	 total squared error = 0.000640035, marker error: RMS = 0.00486878, max = 0.0144386 (Thoracic)
[2026-07-19 17:12:17.397] [info] Frame 222 (t = 2.22):	 total squared error = 0.000610832, marker error: RMS = 0.00475641, max = 0.0144503 (Thoracic)
[2026-07-19 17:12:17.415] [info] Frame 223 (t = 2.23):	 total squared error = 0.000585346, marker error: RMS = 0.00465612, max = 0.0145053 (Thoracic)
[2026-07-19 17:12:17.430] [info] Frame 224 (t = 2.24):	 total squared error = 0.000564180, marker error: RMS = 0.00457117, max = 0.0146238 (Thoracic)
[2026-07-19 17:12:17.447] [info] Frame 225 (t = 2.25):	 total squared error = 0.000547451, marker error: RMS = 0.00450288, max = 0.0147785 (Thoracic)
[2026-07-19 17:12:17.463] [info] Frame 226 (t = 2.26):	 total squared error = 0.000534483, marker error: RMS = 0.00444923, max = 0.0149561 (Thoracic)
[2026-07-19 17:12:17.479] [info] Frame 227 (t = 2.27):	 total squared error = 0.000525902, marker error: RMS = 0.00441337, max = 0.0151142 (Thoracic)
[2026-07-19 17:12:17.498] [info] Frame 228 (t = 2.28):	 total squared error = 0.000518724, marker error: RMS = 0.00438315, max = 0.0152499 (Thoracic)
[2026-07-19 17:12:17.508] [info] Frame 229 (t = 2.29):	 total squared error = 0.000523311, marker error: RMS = 0.00440249, max = 0.0152689 (Thoracic)
[2026-07-19 17:12:17.523] [info] Frame 230 (t = 2.3):	 total squared error = 0.000517757, marker error: RMS = 0.00437906, max = 0.0152389 (Thoracic)
[2026-07-19 17:12:17.539] [info] Frame 231 (t = 2.31):	 total squared error = 0.000516006, marker error: RMS = 0.00437165, max = 0.0150811 (Thoracic)
[2026-07-19 17:12:17.567] [info] Frame 232 (t = 2.32):	 total squared error = 0.000513251, marker error: RMS = 0.00435996, max = 0.0149207 (Thoracic)
[2026-07-19 17:12:17.586] [info] Frame 233 (t = 2.33):	 total squared error = 0.000512301, marker error: RMS = 0.00435593, max = 0.0145713 (Thoracic)
[2026-07-19 17:12:17.603] [info] Frame 234 (t = 2.34):	 total squared error = 0.000508674, marker error: RMS = 0.00434048, max = 0.0141514 (Thoracic)
[2026-07-19 17:12:17.619] [info] Frame 235 (t = 2.35):	 total squared error = 0.000500999, marker error: RMS = 0.00430761, max = 0.0136841 (Thoracic)
[2026-07-19 17:12:17.628] [info] Frame 236 (t = 2.36):	 total squared error = 0.000493078, marker error: RMS = 0.00427342, max = 0.0131381 (Thoracic)
[2026-07-19 17:12:17.638] [info] Frame 237 (t = 2.37):	 total squared error = 0.000483039, marker error: RMS = 0.00422970, max = 0.0125233 (Thoracic)
[2026-07-19 17:12:17.652] [info] Frame 238 (t = 2.38):	 total squared error = 0.000456727, marker error: RMS = 0.00411288, max = 0.0119657 (Thoracic)
[2026-07-19 17:12:17.660] [info] Frame 239 (t = 2.39):	 total squared error = 0.000440597, marker error: RMS = 0.00403961, max = 0.0113267 (Thoracic)
[2026-07-19 17:12:17.677] [info] Frame 240 (t = 2.4):	 total squared error = 0.000415618, marker error: RMS = 0.00392342, max = 0.0107224 (Thoracic)
[2026-07-19 17:12:17.686] [info] Frame 241 (t = 2.41):	 total squared error = 0.000400354, marker error: RMS = 0.00385070, max = 0.0101324 (Thoracic)
[2026-07-19 17:12:17.696] [info] Frame 242 (t = 2.42):	 total squared error = 0.000390551, marker error: RMS = 0.00380327, max = 0.00957611 (Thoracic)
[2026-07-19 17:12:17.705] [info] Frame 243 (t = 2.43):	 total squared error = 0.000384787, marker error: RMS = 0.00377510, max = 0.00904622 (Thoracic)
[2026-07-19 17:12:17.721] [info] Frame 244 (t = 2.44):	 total squared error = 0.000368902, marker error: RMS = 0.00369636, max = 0.00870677 (Thoracic)
[2026-07-19 17:12:17.728] [info] Frame 245 (t = 2.45):	 total squared error = 0.000371250, marker error: RMS = 0.00370810, max = 0.00836731 (Thoracic)
[2026-07-19 17:12:17.738] [info] Frame 246 (t = 2.46):	 total squared error = 0.000377906, marker error: RMS = 0.00374119, max = 0.00816027 (R_Asis)
[2026-07-19 17:12:17.754] [info] Frame 247 (t = 2.47):	 total squared error = 0.000380164, marker error: RMS = 0.00375235, max = 0.00846796 (R_Asis)
[2026-07-19 17:12:17.761] [info] Frame 248 (t = 2.48):	 total squared error = 0.000388407, marker error: RMS = 0.00379281, max = 0.00860574 (R_Asis)
[2026-07-19 17:12:17.773] [info] Frame 249 (t = 2.49):	 total squared error = 0.000393174, marker error: RMS = 0.00381602, max = 0.00866488 (R_Asis)
[2026-07-19 17:12:17.782] [info] Frame 250 (t = 2.5):	 total squared error = 0.000397656, marker error: RMS = 0.00383771, max = 0.00850358 (R_Asis)
[2026-07-19 17:12:17.789] [info] Frame 251 (t = 2.51):	 total squared error = 0.000399221, marker error: RMS = 0.00384525, max = 0.00830334 (R_Knee_Lateral)
[2026-07-19 17:12:17.806] [info] Frame 252 (t = 2.52):	 total squared error = 0.000374600, marker error: RMS = 0.00372479, max = 0.00805743 (Thoracic)
[2026-07-19 17:12:17.814] [info] Frame 253 (t = 2.53):	 total squared error = 0.000365288, marker error: RMS = 0.00367821, max = 0.00812649 (R_Knee_Lateral)
[2026-07-19 17:12:17.829] [info] Frame 254 (t = 2.54):	 total squared error = 0.000347128, marker error: RMS = 0.00358561, max = 0.00816334 (Thoracic)
[2026-07-19 17:12:17.852] [info] Frame 255 (t = 2.55):	 total squared error = 0.000328861, marker error: RMS = 0.00348999, max = 0.00822165 (Thoracic)
[2026-07-19 17:12:17.861] [info] Frame 256 (t = 2.56):	 total squared error = 0.000330003, marker error: RMS = 0.00349604, max = 0.00816514 (Thoracic)
[2026-07-19 17:12:17.880] [info] Frame 257 (t = 2.57):	 total squared error = 0.000317131, marker error: RMS = 0.00342718, max = 0.00839263 (Thoracic)
[2026-07-19 17:12:17.895] [info] Frame 258 (t = 2.58):	 total squared error = 0.000321167, marker error: RMS = 0.00344892, max = 0.00851841 (Thoracic)
[2026-07-19 17:12:17.913] [info] Frame 259 (t = 2.59):	 total squared error = 0.000327169, marker error: RMS = 0.00348100, max = 0.00857848 (Thoracic)
[2026-07-19 17:12:17.933] [info] Frame 260 (t = 2.6):	 total squared error = 0.000338202, marker error: RMS = 0.00353921, max = 0.00865694 (Thoracic)
[2026-07-19 17:12:17.950] [info] Frame 261 (t = 2.61):	 total squared error = 0.000353881, marker error: RMS = 0.00362032, max = 0.00880858 (Thoracic)
[2026-07-19 17:12:17.972] [info] Frame 262 (t = 2.62):	 total squared error = 0.000368915, marker error: RMS = 0.00369642, max = 0.00883150 (Thoracic)
[2026-07-19 17:12:17.988] [info] Frame 263 (t = 2.63):	 total squared error = 0.000385371, marker error: RMS = 0.00377796, max = 0.00886412 (Thoracic)
[2026-07-19 17:12:17.998] [info] Frame 264 (t = 2.64):	 total squared error = 0.000406675, marker error: RMS = 0.00388099, max = 0.00883015 (Thoracic)
[2026-07-19 17:12:18.015] [info] Frame 265 (t = 2.65):	 total squared error = 0.000414522, marker error: RMS = 0.00391825, max = 0.00883460 (Thoracic)
[2026-07-19 17:12:18.024] [info] Frame 266 (t = 2.66):	 total squared error = 0.000434842, marker error: RMS = 0.00401314, max = 0.00875722 (Thoracic)
[2026-07-19 17:12:18.045] [info] Frame 267 (t = 2.67):	 total squared error = 0.000427088, marker error: RMS = 0.00397720, max = 0.00851779 (Thoracic)
[2026-07-19 17:12:18.055] [info] Frame 268 (t = 2.68):	 total squared error = 0.000432868, marker error: RMS = 0.00400402, max = 0.00825999 (Thoracic)
[2026-07-19 17:12:18.071] [info] Frame 269 (t = 2.69):	 total squared error = 0.000424882, marker error: RMS = 0.00396691, max = 0.00769409 (Thoracic)
[2026-07-19 17:12:18.094] [info] Frame 270 (t = 2.7):	 total squared error = 0.000409754, marker error: RMS = 0.00389565, max = 0.00722995 (Thoracic)
[2026-07-19 17:12:18.103] [info] Frame 271 (t = 2.71):	 total squared error = 0.000402690, marker error: RMS = 0.00386192, max = 0.00701453 (L_Asis)
[2026-07-19 17:12:18.123] [info] Frame 272 (t = 2.72):	 total squared error = 0.000384789, marker error: RMS = 0.00377511, max = 0.00654816 (L_Asis)
[2026-07-19 17:12:18.136] [info] Frame 273 (t = 2.73):	 total squared error = 0.000376700, marker error: RMS = 0.00373522, max = 0.00671235 (L_Asis)
[2026-07-19 17:12:18.157] [info] Frame 274 (t = 2.74):	 total squared error = 0.000361419, marker error: RMS = 0.00365867, max = 0.00623183 (L_Asis)
[2026-07-19 17:12:18.170] [info] Frame 275 (t = 2.75):	 total squared error = 0.000354180, marker error: RMS = 0.00362185, max = 0.00629633 (L_Asis)
[2026-07-19 17:12:18.194] [info] Frame 276 (t = 2.76):	 total squared error = 0.000334557, marker error: RMS = 0.00352009, max = 0.00569932 (Thoracic)
[2026-07-19 17:12:18.204] [info] Frame 277 (t = 2.77):	 total squared error = 0.000331231, marker error: RMS = 0.00350255, max = 0.00607729 (Thoracic)
[2026-07-19 17:12:18.219] [info] Frame 278 (t = 2.78):	 total squared error = 0.000324468, marker error: RMS = 0.00346660, max = 0.00635076 (Thoracic)
[2026-07-19 17:12:18.228] [info] Frame 279 (t = 2.79):	 total squared error = 0.000335289, marker error: RMS = 0.00352393, max = 0.00662566 (Thoracic)
[2026-07-19 17:12:18.238] [info] Frame 280 (t = 2.8):	 total squared error = 0.000356515, marker error: RMS = 0.00363376, max = 0.00682375 (Thoracic)
[2026-07-19 17:12:18.250] [info] Frame 281 (t = 2.81):	 total squared error = 0.000386183, marker error: RMS = 0.00378194, max = 0.00705231 (Thoracic)
[2026-07-19 17:12:18.279] [info] Frame 282 (t = 2.82):	 total squared error = 0.000395070, marker error: RMS = 0.00382521, max = 0.00708682 (Thoracic)
[2026-07-19 17:12:18.287] [info] Frame 283 (t = 2.83):	 total squared error = 0.000436488, marker error: RMS = 0.00402072, max = 0.00739801 (Thoracic)
[2026-07-19 17:12:18.297] [info] Frame 284 (t = 2.84):	 total squared error = 0.000476045, marker error: RMS = 0.00419896, max = 0.00780733 (Thoracic)
[2026-07-19 17:12:18.307] [info] Frame 285 (t = 2.85):	 total squared error = 0.000509154, marker error: RMS = 0.00434253, max = 0.00831365 (Thoracic)
[2026-07-19 17:12:18.324] [info] Frame 286 (t = 2.86):	 total squared error = 0.000520735, marker error: RMS = 0.00439164, max = 0.00890096 (Thoracic)
[2026-07-19 17:12:18.342] [info] Frame 287 (t = 2.87):	 total squared error = 0.000528525, marker error: RMS = 0.00442436, max = 0.00946418 (Thoracic)
[2026-07-19 17:12:18.362] [info] Frame 288 (t = 2.88):	 total squared error = 0.000527104, marker error: RMS = 0.00441841, max = 0.00982495 (Thoracic)
[2026-07-19 17:12:18.372] [info] Frame 289 (t = 2.89):	 total squared error = 0.000523090, marker error: RMS = 0.00440156, max = 0.00986915 (Thoracic)
[2026-07-19 17:12:18.382] [info] Frame 290 (t = 2.9):	 total squared error = 0.000520179, marker error: RMS = 0.00438929, max = 0.00967834 (Thoracic)
[2026-07-19 17:12:18.398] [info] Frame 291 (t = 2.91):	 total squared error = 0.000496815, marker error: RMS = 0.00428958, max = 0.00943236 (Thoracic)
[2026-07-19 17:12:18.407] [info] Frame 292 (t = 2.92):	 total squared error = 0.000494478, marker error: RMS = 0.00427949, max = 0.00886674 (Thoracic)
[2026-07-19 17:12:18.427] [info] Frame 293 (t = 2.93):	 total squared error = 0.000486608, marker error: RMS = 0.00424529, max = 0.00850949 (Thoracic)
[2026-07-19 17:12:18.434] [info] Frame 294 (t = 2.94):	 total squared error = 0.000496892, marker error: RMS = 0.00428992, max = 0.00875219 (L_Knee_Lateral)
[2026-07-19 17:12:18.454] [info] Frame 295 (t = 2.95):	 total squared error = 0.000505542, marker error: RMS = 0.00432710, max = 0.00857787 (L_Knee_Lateral)
[2026-07-19 17:12:18.470] [info] Frame 296 (t = 2.96):	 total squared error = 0.000525182, marker error: RMS = 0.00441035, max = 0.00873016 (L_Knee_Lateral)
[2026-07-19 17:12:18.480] [info] Frame 297 (t = 2.97):	 total squared error = 0.000558300, marker error: RMS = 0.00454728, max = 0.00912269 (L_Knee_Lateral)
[2026-07-19 17:12:18.497] [info] Frame 298 (t = 2.98):	 total squared error = 0.000586859, marker error: RMS = 0.00466214, max = 0.00913641 (L_Knee_Lateral)
[2026-07-19 17:12:18.517] [info] Frame 299 (t = 2.99):	 total squared error = 0.000625671, marker error: RMS = 0.00481383, max = 0.0100578 (Thoracic)
[2026-07-19 17:12:18.535] [info] Frame 300 (t = 3.0):	 total squared error = 0.000670003, marker error: RMS = 0.00498146, max = 0.0112206 (Thoracic)
[2026-07-19 17:12:18.551] [info] Frame 301 (t = 3.01):	 total squared error = 0.000716487, marker error: RMS = 0.00515136, max = 0.0124184 (Thoracic)
[2026-07-19 17:12:18.572] [info] Frame 302 (t = 3.02):	 total squared error = 0.000755183, marker error: RMS = 0.00528864, max = 0.0136275 (Thoracic)
[2026-07-19 17:12:18.586] [info] Frame 303 (t = 3.03):	 total squared error = 0.000788756, marker error: RMS = 0.00540492, max = 0.0145837 (Thoracic)
[2026-07-19 17:12:18.602] [info] Frame 304 (t = 3.04):	 total squared error = 0.000811539, marker error: RMS = 0.00548243, max = 0.0153129 (Thoracic)
[2026-07-19 17:12:18.618] [info] Frame 305 (t = 3.05):	 total squared error = 0.000821508, marker error: RMS = 0.00551600, max = 0.0157393 (Thoracic)
[2026-07-19 17:12:18.635] [info] Frame 306 (t = 3.06):	 total squared error = 0.000819607, marker error: RMS = 0.00550961, max = 0.0159019 (Thoracic)
[2026-07-19 17:12:18.654] [info] Frame 307 (t = 3.07):	 total squared error = 0.000808508, marker error: RMS = 0.00547218, max = 0.0157844 (Thoracic)
[2026-07-19 17:12:18.671] [info] Frame 308 (t = 3.08):	 total squared error = 0.000792837, marker error: RMS = 0.00541889, max = 0.0154695 (Thoracic)
[2026-07-19 17:12:18.694] [info] Frame 309 (t = 3.09):	 total squared error = 0.000769411, marker error: RMS = 0.00533823, max = 0.0150127 (Thoracic)
[2026-07-19 17:12:18.709] [info] Frame 310 (t = 3.1):	 total squared error = 0.000749013, marker error: RMS = 0.00526699, max = 0.0144362 (Thoracic)
[2026-07-19 17:12:18.724] [info] Frame 311 (t = 3.11):	 total squared error = 0.000727206, marker error: RMS = 0.00518976, max = 0.013797 (Thoracic)
[2026-07-19 17:12:18.736] [info] Frame 312 (t = 3.12):	 total squared error = 0.000714562, marker error: RMS = 0.00514444, max = 0.0131191 (Thoracic)
[2026-07-19 17:12:18.752] [info] Frame 313 (t = 3.13):	 total squared error = 0.000686405, marker error: RMS = 0.00504206, max = 0.0124625 (Thoracic)
[2026-07-19 17:12:18.767] [info] Frame 314 (t = 3.14):	 total squared error = 0.000667948, marker error: RMS = 0.00497381, max = 0.0118378 (Thoracic)
[2026-07-19 17:12:18.784] [info] Frame 315 (t = 3.15):	 total squared error = 0.000652625, marker error: RMS = 0.00491643, max = 0.0112948 (Thoracic)
[2026-07-19 17:12:18.796] [info] Frame 316 (t = 3.16):	 total squared error = 0.000643743, marker error: RMS = 0.00488286, max = 0.0108718 (Thoracic)
[2026-07-19 17:12:18.814] [info] Frame 317 (t = 3.17):	 total squared error = 0.000634552, marker error: RMS = 0.00484788, max = 0.0105925 (Thoracic)
[2026-07-19 17:12:18.823] [info] Frame 318 (t = 3.18):	 total squared error = 0.000635301, marker error: RMS = 0.00485074, max = 0.0103988 (Thoracic)
[2026-07-19 17:12:18.835] [info] Frame 319 (t = 3.19):	 total squared error = 0.000631990, marker error: RMS = 0.00483808, max = 0.0103158 (Thoracic)
[2026-07-19 17:12:18.852] [info] Frame 320 (t = 3.2):	 total squared error = 0.000627703, marker error: RMS = 0.00482165, max = 0.0103499 (Thoracic)
[2026-07-19 17:12:18.862] [info] Frame 321 (t = 3.21):	 total squared error = 0.000632517, marker error: RMS = 0.00484010, max = 0.0103178 (Thoracic)
[2026-07-19 17:12:18.880] [info] Frame 322 (t = 3.22):	 total squared error = 0.000630205, marker error: RMS = 0.00483124, max = 0.0103852 (Thoracic)
[2026-07-19 17:12:18.890] [info] Frame 323 (t = 3.23):	 total squared error = 0.000634603, marker error: RMS = 0.00484807, max = 0.0102740 (Thoracic)
[2026-07-19 17:12:18.904] [info] Frame 324 (t = 3.24):	 total squared error = 0.000630545, marker error: RMS = 0.00483255, max = 0.0102762 (Thoracic)
[2026-07-19 17:12:18.916] [info] Frame 325 (t = 3.25):	 total squared error = 0.000632335, marker error: RMS = 0.00483940, max = 0.0100257 (Thoracic)
[2026-07-19 17:12:18.927] [info] Frame 326 (t = 3.26):	 total squared error = 0.000625693, marker error: RMS = 0.00481392, max = 0.00994411 (Thoracic)
[2026-07-19 17:12:18.941] [info] Frame 327 (t = 3.27):	 total squared error = 0.000617013, marker error: RMS = 0.00478041, max = 0.00972234 (Thoracic)
[2026-07-19 17:12:18.959] [info] Frame 328 (t = 3.28):	 total squared error = 0.000608487, marker error: RMS = 0.00474727, max = 0.00945123 (Thoracic)
[2026-07-19 17:12:18.982] [info] Frame 329 (t = 3.29):	 total squared error = 0.000599779, marker error: RMS = 0.00471318, max = 0.00923224 (Thoracic)
[2026-07-19 17:12:18.996] [info] Frame 330 (t = 3.3):	 total squared error = 0.000595745, marker error: RMS = 0.00469730, max = 0.00901053 (Thoracic)
[2026-07-19 17:12:19.010] [info] Frame 331 (t = 3.31):	 total squared error = 0.000593031, marker error: RMS = 0.00468659, max = 0.00891032 (R_Thigh_Lateral)
[2026-07-19 17:12:19.029] [info] Frame 332 (t = 3.32):	 total squared error = 0.000588221, marker error: RMS = 0.00466754, max = 0.00883781 (R_Thigh_Lateral)
[2026-07-19 17:12:19.045] [info] Frame 333 (t = 3.33):	 total squared error = 0.000587994, marker error: RMS = 0.00466664, max = 0.00889211 (R_Thigh_Lateral)
[2026-07-19 17:12:19.063] [info] Frame 334 (t = 3.34):	 total squared error = 0.000586218, marker error: RMS = 0.00465959, max = 0.00886898 (R_Thigh_Lateral)
[2026-07-19 17:12:19.078] [info] Frame 335 (t = 3.35):	 total squared error = 0.000585807, marker error: RMS = 0.00465796, max = 0.00883295 (R_Thigh_Lateral)
[2026-07-19 17:12:19.094] [info] Frame 336 (t = 3.36):	 total squared error = 0.000583174, marker error: RMS = 0.00464748, max = 0.00870325 (R_Thigh_Lateral)
[2026-07-19 17:12:19.115] [info] Frame 337 (t = 3.37):	 total squared error = 0.000577903, marker error: RMS = 0.00462642, max = 0.00855065 (Sternum)
[2026-07-19 17:12:19.133] [info] Frame 338 (t = 3.38):	 total squared error = 0.000577607, marker error: RMS = 0.00462524, max = 0.00853348 (L_Shoulder)
[2026-07-19 17:12:19.154] [info] Frame 339 (t = 3.39):	 total squared error = 0.000580746, marker error: RMS = 0.00463779, max = 0.00882473 (L_Shoulder)
[2026-07-19 17:12:19.171] [info] Frame 340 (t = 3.4):	 total squared error = 0.000589510, marker error: RMS = 0.00467266, max = 0.00922952 (L_Shoulder)
[2026-07-19 17:12:19.193] [info] Frame 341 (t = 3.41):	 total squared error = 0.000601722, marker error: RMS = 0.00472080, max = 0.00933809 (L_Shoulder)
[2026-07-19 17:12:19.210] [info] Frame 342 (t = 3.42):	 total squared error = 0.000616939, marker error: RMS = 0.00478013, max = 0.00956956 (L_Shoulder)
[2026-07-19 17:12:19.227] [info] Frame 343 (t = 3.43):	 total squared error = 0.000632320, marker error: RMS = 0.00483934, max = 0.00962836 (L_Shoulder)
[2026-07-19 17:12:19.249] [info] Frame 344 (t = 3.44):	 total squared error = 0.000642324, marker error: RMS = 0.00487747, max = 0.00936741 (L_Shoulder)
[2026-07-19 17:12:19.268] [info] Frame 345 (t = 3.45):	 total squared error = 0.000650442, marker error: RMS = 0.00490820, max = 0.00919281 (L_Shoulder)
[2026-07-19 17:12:19.287] [info] Frame 346 (t = 3.46):	 total squared error = 0.000654406, marker error: RMS = 0.00492313, max = 0.00911999 (R_Elbow)
[2026-07-19 17:12:19.308] [info] Frame 347 (t = 3.47):	 total squared error = 0.000656188, marker error: RMS = 0.00492983, max = 0.00926470 (R_Elbow)
[2026-07-19 17:12:19.326] [info] Frame 348 (t = 3.48):	 total squared error = 0.000657895, marker error: RMS = 0.00493624, max = 0.00924799 (R_Elbow)
[2026-07-19 17:12:19.349] [info] Frame 349 (t = 3.49):	 total squared error = 0.000661832, marker error: RMS = 0.00495099, max = 0.00919385 (R_Elbow)
[2026-07-19 17:12:19.368] [info] Frame 350 (t = 3.5):	 total squared error = 0.000669112, marker error: RMS = 0.00497815, max = 0.00898705 (R_Knee_Lateral)
[2026-07-19 17:12:19.383] [info] Frame 351 (t = 3.51):	 total squared error = 0.000687896, marker error: RMS = 0.00504754, max = 0.0103097 (R_Knee_Lateral)
[2026-07-19 17:12:19.401] [info] Frame 352 (t = 3.52):	 total squared error = 0.000710051, marker error: RMS = 0.00512818, max = 0.0109632 (R_Knee_Lateral)
[2026-07-19 17:12:19.420] [info] Frame 353 (t = 3.53):	 total squared error = 0.000748897, marker error: RMS = 0.00526659, max = 0.0117868 (R_Knee_Lateral)
[2026-07-19 17:12:19.439] [info] Frame 354 (t = 3.54):	 total squared error = 0.000804435, marker error: RMS = 0.00545838, max = 0.0128095 (R_Knee_Lateral)
[2026-07-19 17:12:19.458] [info] Frame 355 (t = 3.55):	 total squared error = 0.000872106, marker error: RMS = 0.00568333, max = 0.013485 (R_Knee_Lateral)
[2026-07-19 17:12:19.477] [info] Frame 356 (t = 3.56):	 total squared error = 0.000951434, marker error: RMS = 0.00593618, max = 0.0140727 (R_Knee_Lateral)
[2026-07-19 17:12:19.490] [info] Frame 357 (t = 3.57):	 total squared error = 0.00104271, marker error: RMS = 0.00621441, max = 0.0149339 (R_Knee_Lateral)
[2026-07-19 17:12:19.503] [info] Frame 358 (t = 3.58):	 total squared error = 0.00112009, marker error: RMS = 0.00644087, max = 0.0154655 (R_Knee_Lateral)
[2026-07-19 17:12:19.517] [info] Frame 359 (t = 3.59):	 total squared error = 0.00119477, marker error: RMS = 0.00665213, max = 0.0157678 (R_Knee_Lateral)
[2026-07-19 17:12:19.541] [info] Frame 360 (t = 3.6):	 total squared error = 0.00126285, marker error: RMS = 0.00683903, max = 0.0156732 (R_Knee_Lateral)
[2026-07-19 17:12:19.553] [info] Frame 361 (t = 3.61):	 total squared error = 0.00131672, marker error: RMS = 0.00698337, max = 0.0157502 (R_Knee_Lateral)
[2026-07-19 17:12:19.571] [info] Frame 362 (t = 3.62):	 total squared error = 0.00135603, marker error: RMS = 0.00708685, max = 0.0156235 (R_Knee_Lateral)
[2026-07-19 17:12:19.588] [info] Frame 363 (t = 3.63):	 total squared error = 0.00138138, marker error: RMS = 0.00715277, max = 0.0155058 (R_Knee_Lateral)
[2026-07-19 17:12:19.603] [info] Frame 364 (t = 3.64):	 total squared error = 0.00139719, marker error: RMS = 0.00719360, max = 0.0150625 (R_Knee_Lateral)
[2026-07-19 17:12:19.621] [info] Frame 365 (t = 3.65):	 total squared error = 0.00140314, marker error: RMS = 0.00720890, max = 0.0146071 (R_Knee_Lateral)
[2026-07-19 17:12:19.639] [info] Frame 366 (t = 3.66):	 total squared error = 0.00140136, marker error: RMS = 0.00720431, max = 0.0139999 (R_Knee_Lateral)
[2026-07-19 17:12:19.655] [info] Frame 367 (t = 3.67):	 total squared error = 0.00139314, marker error: RMS = 0.00718315, max = 0.0138174 (R_Thigh_Lateral)
[2026-07-19 17:12:19.671] [info] Frame 368 (t = 3.68):	 total squared error = 0.00137754, marker error: RMS = 0.00714282, max = 0.0140791 (R_Shank_Lateral)
[2026-07-19 17:12:19.684] [info] Frame 369 (t = 3.69):	 total squared error = 0.00135140, marker error: RMS = 0.00707473, max = 0.0144289 (R_Shank_Lateral)
[2026-07-19 17:12:19.700] [info] Frame 370 (t = 3.7):	 total squared error = 0.00131415, marker error: RMS = 0.00697656, max = 0.0143957 (R_Shank_Lateral)
[2026-07-19 17:12:19.705] [info] InverseKinematicsTool completed 321 frames in 5 second(s).
[2026-07-19 17:12:19.738] [info] Loaded model TCV36-scaled from file C:\Users\lucia\Desktop\TFG\2_JMP\TVC36\Walk_1\TVC36_1_JMP_results\TVC36_1_NMSM_JMP_05_torso.osim
[2026-07-19 17:12:20.266] [warning] Coordinate.setValue:  coordinate pro_sup_r is locked. Unable to change its value.
[2026-07-19 17:12:20.297] [warning] Coordinate.setValue:  coordinate pro_sup_l is locked. Unable to change its value.
[2026-07-19 17:13:03.507] [info] Loaded model TCV36-scaled from file C:\Users\lucia\Desktop\TFG\2_JMP\TVC36\Walk_1\TVC36_1_JMP_results\TVC36_1_NMSM_JMP_05_torso.osim
[2026-07-19 17:13:03.517] [cout] [info] 
               MODEL: TCV36-scaled
         coordinates: 41
              forces: 103
           actuators: 103
             muscles: 86
            analyses: 0
              probes: 0
              bodies: 24
              joints: 24
         constraints: 2
             markers: 27
         controllers: 0
  contact geometries: 0
misc modelcomponents: 0
[2026-07-19 17:13:03.517] [info] Running tool .
[2026-07-19 17:13:03.606] [info] Frame 50 (t = 0.5):	 total squared error = 0.00115931, marker error: RMS = 0.00655265, max = 0.0132237 (L_Shank_Lateral)
[2026-07-19 17:13:03.625] [info] Frame 51 (t = 0.51):	 total squared error = 0.00115560, marker error: RMS = 0.00654217, max = 0.0131574 (L_Shank_Lateral)
[2026-07-19 17:13:03.642] [info] Frame 52 (t = 0.52):	 total squared error = 0.00115166, marker error: RMS = 0.00653101, max = 0.0131803 (L_Shank_Lateral)
[2026-07-19 17:13:03.656] [info] Frame 53 (t = 0.53):	 total squared error = 0.00115387, marker error: RMS = 0.00653726, max = 0.013575 (R_Shank_Lateral)
[2026-07-19 17:13:03.690] [info] Frame 54 (t = 0.54):	 total squared error = 0.00111934, marker error: RMS = 0.00643872, max = 0.0134726 (L_Shank_Lateral)
[2026-07-19 17:13:03.707] [info] Frame 55 (t = 0.55):	 total squared error = 0.00110544, marker error: RMS = 0.00639863, max = 0.0132031 (L_Shank_Lateral)
[2026-07-19 17:13:03.734] [info] Frame 56 (t = 0.56):	 total squared error = 0.00107606, marker error: RMS = 0.00631300, max = 0.0132708 (L_Shank_Lateral)
[2026-07-19 17:13:03.752] [info] Frame 57 (t = 0.57):	 total squared error = 0.00105145, marker error: RMS = 0.00624041, max = 0.0129634 (L_Shank_Lateral)
[2026-07-19 17:13:03.781] [info] Frame 58 (t = 0.58):	 total squared error = 0.00100106, marker error: RMS = 0.00608902, max = 0.012978 (L_Shank_Lateral)
[2026-07-19 17:13:03.810] [info] Frame 59 (t = 0.59):	 total squared error = 0.000951074, marker error: RMS = 0.00593506, max = 0.0127636 (L_Shank_Lateral)
[2026-07-19 17:13:03.824] [info] Frame 60 (t = 0.6):	 total squared error = 0.000898277, marker error: RMS = 0.00576797, max = 0.0124441 (L_Shank_Lateral)
[2026-07-19 17:13:03.845] [info] Frame 61 (t = 0.61):	 total squared error = 0.000837396, marker error: RMS = 0.00556908, max = 0.012112 (L_Shank_Lateral)
[2026-07-19 17:13:03.866] [info] Frame 62 (t = 0.62):	 total squared error = 0.000775932, marker error: RMS = 0.00536081, max = 0.0118758 (L_Shank_Lateral)
[2026-07-19 17:13:03.878] [info] Frame 63 (t = 0.63):	 total squared error = 0.000725998, marker error: RMS = 0.00518544, max = 0.0114735 (L_Shank_Lateral)
[2026-07-19 17:13:03.906] [info] Frame 64 (t = 0.64):	 total squared error = 0.000680207, marker error: RMS = 0.00501925, max = 0.0111003 (L_Shank_Lateral)
[2026-07-19 17:13:03.922] [info] Frame 65 (t = 0.65):	 total squared error = 0.000643345, marker error: RMS = 0.00488135, max = 0.0106881 (L_Shank_Lateral)
[2026-07-19 17:13:03.941] [info] Frame 66 (t = 0.66):	 total squared error = 0.000611838, marker error: RMS = 0.00476032, max = 0.0102200 (L_Shank_Lateral)
[2026-07-19 17:13:03.950] [info] Frame 67 (t = 0.67):	 total squared error = 0.000584260, marker error: RMS = 0.00465180, max = 0.0102485 (L_Shank_Lateral)
[2026-07-19 17:13:03.974] [info] Frame 68 (t = 0.68):	 total squared error = 0.000551751, marker error: RMS = 0.00452053, max = 0.00929537 (L_Shank_Lateral)
[2026-07-19 17:13:03.992] [info] Frame 69 (t = 0.69):	 total squared error = 0.000521011, marker error: RMS = 0.00439280, max = 0.00880949 (L_Shank_Lateral)
[2026-07-19 17:13:04.014] [info] Frame 70 (t = 0.7):	 total squared error = 0.000491484, marker error: RMS = 0.00426651, max = 0.00823212 (L_Shank_Lateral)
[2026-07-19 17:13:04.034] [info] Frame 71 (t = 0.71):	 total squared error = 0.000462797, marker error: RMS = 0.00414012, max = 0.00768898 (L_Shank_Lateral)
[2026-07-19 17:13:04.051] [info] Frame 72 (t = 0.72):	 total squared error = 0.000435144, marker error: RMS = 0.00401453, max = 0.00756271 (C7)
[2026-07-19 17:13:04.069] [info] Frame 73 (t = 0.73):	 total squared error = 0.000409303, marker error: RMS = 0.00389350, max = 0.00748824 (C7)
[2026-07-19 17:13:04.089] [info] Frame 74 (t = 0.74):	 total squared error = 0.000384679, marker error: RMS = 0.00377457, max = 0.00736008 (C7)
[2026-07-19 17:13:04.102] [info] Frame 75 (t = 0.75):	 total squared error = 0.000366209, marker error: RMS = 0.00368284, max = 0.00719582 (C7)
[2026-07-19 17:13:04.116] [info] Frame 76 (t = 0.76):	 total squared error = 0.000342227, marker error: RMS = 0.00356021, max = 0.00695133 (C7)
[2026-07-19 17:13:04.132] [info] Frame 77 (t = 0.77):	 total squared error = 0.000321859, marker error: RMS = 0.00345264, max = 0.00675122 (C7)
[2026-07-19 17:13:04.147] [info] Frame 78 (t = 0.78):	 total squared error = 0.000305636, marker error: RMS = 0.00336450, max = 0.00652242 (C7)
[2026-07-19 17:13:04.161] [info] Frame 79 (t = 0.79):	 total squared error = 0.000293876, marker error: RMS = 0.00329914, max = 0.00629092 (C7)
[2026-07-19 17:13:04.174] [info] Frame 80 (t = 0.8):	 total squared error = 0.000285218, marker error: RMS = 0.00325018, max = 0.00597323 (C7)
[2026-07-19 17:13:04.187] [info] Frame 81 (t = 0.81):	 total squared error = 0.000279404, marker error: RMS = 0.00321687, max = 0.00567415 (C7)
[2026-07-19 17:13:04.204] [info] Frame 82 (t = 0.82):	 total squared error = 0.000273302, marker error: RMS = 0.00318155, max = 0.00551846 (C7)
[2026-07-19 17:13:04.212] [info] Frame 83 (t = 0.83):	 total squared error = 0.000272609, marker error: RMS = 0.00317752, max = 0.00531788 (C7)
[2026-07-19 17:13:04.220] [info] Frame 84 (t = 0.84):	 total squared error = 0.000274754, marker error: RMS = 0.00319000, max = 0.00529502 (R_Knee_Lateral)
[2026-07-19 17:13:04.235] [info] Frame 85 (t = 0.85):	 total squared error = 0.000260896, marker error: RMS = 0.00310851, max = 0.00518269 (R_Knee_Lateral)
[2026-07-19 17:13:04.245] [info] Frame 86 (t = 0.86):	 total squared error = 0.000257949, marker error: RMS = 0.00309090, max = 0.00534170 (R_Knee_Lateral)
[2026-07-19 17:13:04.254] [info] Frame 87 (t = 0.87):	 total squared error = 0.000253886, marker error: RMS = 0.00306646, max = 0.00547045 (R_Knee_Lateral)
[2026-07-19 17:13:04.263] [info] Frame 88 (t = 0.88):	 total squared error = 0.000251536, marker error: RMS = 0.00305224, max = 0.00553882 (R_Knee_Lateral)
[2026-07-19 17:13:04.272] [info] Frame 89 (t = 0.89):	 total squared error = 0.000248579, marker error: RMS = 0.00303424, max = 0.00559179 (R_Knee_Lateral)
[2026-07-19 17:13:04.287] [info] Frame 90 (t = 0.9):	 total squared error = 0.000237207, marker error: RMS = 0.00296403, max = 0.00514918 (R_Knee_Lateral)
[2026-07-19 17:13:04.295] [info] Frame 91 (t = 0.91):	 total squared error = 0.000241526, marker error: RMS = 0.00299089, max = 0.00527855 (R_Knee_Lateral)
[2026-07-19 17:13:04.305] [info] Frame 92 (t = 0.92):	 total squared error = 0.000248461, marker error: RMS = 0.00303352, max = 0.00543132 (R_Shank_Lateral)
[2026-07-19 17:13:04.324] [info] Frame 93 (t = 0.93):	 total squared error = 0.000243747, marker error: RMS = 0.00300461, max = 0.00619046 (R_Shank_Lateral)
[2026-07-19 17:13:04.336] [info] Frame 94 (t = 0.94):	 total squared error = 0.000248332, marker error: RMS = 0.00303273, max = 0.00623451 (R_Shank_Lateral)
[2026-07-19 17:13:04.346] [info] Frame 95 (t = 0.95):	 total squared error = 0.000255192, marker error: RMS = 0.00307434, max = 0.00632419 (R_Shank_Lateral)
[2026-07-19 17:13:04.361] [info] Frame 96 (t = 0.96):	 total squared error = 0.000253000, marker error: RMS = 0.00306111, max = 0.00646801 (R_Shank_Lateral)
[2026-07-19 17:13:04.380] [info] Frame 97 (t = 0.97):	 total squared error = 0.000252774, marker error: RMS = 0.00305974, max = 0.00669583 (R_Shank_Lateral)
[2026-07-19 17:13:04.395] [info] Frame 98 (t = 0.98):	 total squared error = 0.000253771, marker error: RMS = 0.00306576, max = 0.00667676 (R_Shank_Lateral)
[2026-07-19 17:13:04.408] [info] Frame 99 (t = 0.99):	 total squared error = 0.000257709, marker error: RMS = 0.00308946, max = 0.00660882 (R_Shank_Lateral)
[2026-07-19 17:13:04.431] [info] Frame 100 (t = 1.0):	 total squared error = 0.000256552, marker error: RMS = 0.00308252, max = 0.00681904 (R_Shank_Lateral)
[2026-07-19 17:13:04.444] [info] Frame 101 (t = 1.01):	 total squared error = 0.000262987, marker error: RMS = 0.00312094, max = 0.00660133 (R_Shank_Lateral)
[2026-07-19 17:13:04.473] [info] Frame 102 (t = 1.02):	 total squared error = 0.000264791, marker error: RMS = 0.00313162, max = 0.00681000 (R_Shank_Lateral)
[2026-07-19 17:13:04.495] [info] Frame 103 (t = 1.03):	 total squared error = 0.000270133, marker error: RMS = 0.00316306, max = 0.00680382 (R_Shank_Lateral)
[2026-07-19 17:13:04.511] [info] Frame 104 (t = 1.04):	 total squared error = 0.000275498, marker error: RMS = 0.00319431, max = 0.00682609 (R_Shank_Lateral)
[2026-07-19 17:13:04.523] [info] Frame 105 (t = 1.05):	 total squared error = 0.000283747, marker error: RMS = 0.00324178, max = 0.00666766 (R_Shank_Lateral)
[2026-07-19 17:13:04.546] [info] Frame 106 (t = 1.06):	 total squared error = 0.000283664, marker error: RMS = 0.00324131, max = 0.00699774 (R_Shank_Lateral)
[2026-07-19 17:13:04.559] [info] Frame 107 (t = 1.07):	 total squared error = 0.000288959, marker error: RMS = 0.00327142, max = 0.00686277 (R_Shank_Lateral)
[2026-07-19 17:13:04.573] [info] Frame 108 (t = 1.08):	 total squared error = 0.000292613, marker error: RMS = 0.00329204, max = 0.00691263 (R_Shank_Lateral)
[2026-07-19 17:13:04.585] [info] Frame 109 (t = 1.09):	 total squared error = 0.000296009, marker error: RMS = 0.00331109, max = 0.00687670 (R_Shank_Lateral)
[2026-07-19 17:13:04.601] [info] Frame 110 (t = 1.1):	 total squared error = 0.000293639, marker error: RMS = 0.00329780, max = 0.00721266 (R_Shank_Lateral)
[2026-07-19 17:13:04.613] [info] Frame 111 (t = 1.11):	 total squared error = 0.000298875, marker error: RMS = 0.00332708, max = 0.00714513 (R_Shank_Lateral)
[2026-07-19 17:13:04.627] [info] Frame 112 (t = 1.12):	 total squared error = 0.000303114, marker error: RMS = 0.00335059, max = 0.00731968 (R_Shank_Lateral)
[2026-07-19 17:13:04.638] [info] Frame 113 (t = 1.13):	 total squared error = 0.000311319, marker error: RMS = 0.00339564, max = 0.00712254 (R_Shank_Lateral)
[2026-07-19 17:13:04.650] [info] Frame 114 (t = 1.14):	 total squared error = 0.000315577, marker error: RMS = 0.00341878, max = 0.00729455 (R_Shank_Lateral)
[2026-07-19 17:13:04.674] [info] Frame 115 (t = 1.15):	 total squared error = 0.000311451, marker error: RMS = 0.00339635, max = 0.00723183 (R_Shank_Lateral)
[2026-07-19 17:13:04.684] [info] Frame 116 (t = 1.16):	 total squared error = 0.000317069, marker error: RMS = 0.00342685, max = 0.00685968 (R_Shank_Lateral)
[2026-07-19 17:13:04.703] [info] Frame 117 (t = 1.17):	 total squared error = 0.000314661, marker error: RMS = 0.00341381, max = 0.00696622 (R_Shank_Lateral)
[2026-07-19 17:13:04.713] [info] Frame 118 (t = 1.18):	 total squared error = 0.000318685, marker error: RMS = 0.00343557, max = 0.00659882 (R_Shank_Lateral)
[2026-07-19 17:13:04.724] [info] Frame 119 (t = 1.19):	 total squared error = 0.000321653, marker error: RMS = 0.00345153, max = 0.00648407 (R_Shank_Lateral)
[2026-07-19 17:13:04.743] [info] Frame 120 (t = 1.2):	 total squared error = 0.000316809, marker error: RMS = 0.00342545, max = 0.00644433 (R_Shank_Lateral)
[2026-07-19 17:13:04.753] [info] Frame 121 (t = 1.21):	 total squared error = 0.000322551, marker error: RMS = 0.00345635, max = 0.00612377 (L_Psis)
[2026-07-19 17:13:04.772] [info] Frame 122 (t = 1.22):	 total squared error = 0.000320957, marker error: RMS = 0.00344780, max = 0.00605649 (R_Shank_Lateral)
[2026-07-19 17:13:04.788] [info] Frame 123 (t = 1.23):	 total squared error = 0.000323395, marker error: RMS = 0.00346086, max = 0.00607323 (L_Ankle_Lateral)
[2026-07-19 17:13:04.799] [info] Frame 124 (t = 1.24):	 total squared error = 0.000330942, marker error: RMS = 0.00350101, max = 0.00622004 (L_Ankle_Lateral)
[2026-07-19 17:13:04.818] [info] Frame 125 (t = 1.25):	 total squared error = 0.000331640, marker error: RMS = 0.00350470, max = 0.00631461 (L_Ankle_Lateral)
[2026-07-19 17:13:04.828] [info] Frame 126 (t = 1.26):	 total squared error = 0.000340031, marker error: RMS = 0.00354876, max = 0.00652631 (L_Knee_Lateral)
[2026-07-19 17:13:04.840] [info] Frame 127 (t = 1.27):	 total squared error = 0.000342554, marker error: RMS = 0.00356191, max = 0.00638414 (L_Ankle_Lateral)
[2026-07-19 17:13:04.846] [info] Frame 128 (t = 1.28):	 total squared error = 0.000357154, marker error: RMS = 0.00363702, max = 0.00676401 (L_Knee_Lateral)
[2026-07-19 17:13:04.863] [info] Frame 129 (t = 1.29):	 total squared error = 0.000353476, marker error: RMS = 0.00361825, max = 0.00624109 (L_Ankle_Lateral)
[2026-07-19 17:13:04.881] [info] Frame 130 (t = 1.3):	 total squared error = 0.000360575, marker error: RMS = 0.00365440, max = 0.00621107 (Thoracic)
[2026-07-19 17:13:04.894] [info] Frame 131 (t = 1.31):	 total squared error = 0.000372315, marker error: RMS = 0.00371341, max = 0.00654317 (Thoracic)
[2026-07-19 17:13:04.899] [info] Frame 132 (t = 1.32):	 total squared error = 0.000394828, marker error: RMS = 0.00382404, max = 0.00679031 (Thoracic)
[2026-07-19 17:13:04.916] [info] Frame 133 (t = 1.33):	 total squared error = 0.000398317, marker error: RMS = 0.00384090, max = 0.00724654 (Thoracic)
[2026-07-19 17:13:04.928] [info] Frame 134 (t = 1.34):	 total squared error = 0.000416501, marker error: RMS = 0.00392759, max = 0.00744976 (Thoracic)
[2026-07-19 17:13:04.958] [info] Frame 135 (t = 1.35):	 total squared error = 0.000418969, marker error: RMS = 0.00393921, max = 0.00766388 (Thoracic)
[2026-07-19 17:13:04.968] [info] Frame 136 (t = 1.36):	 total squared error = 0.000437159, marker error: RMS = 0.00402381, max = 0.00781512 (Thoracic)
[2026-07-19 17:13:04.976] [info] Frame 137 (t = 1.37):	 total squared error = 0.000459726, marker error: RMS = 0.00412637, max = 0.00799251 (Thoracic)
[2026-07-19 17:13:04.991] [info] Frame 138 (t = 1.38):	 total squared error = 0.000464529, marker error: RMS = 0.00414787, max = 0.00822003 (Thoracic)
[2026-07-19 17:13:05.010] [info] Frame 139 (t = 1.39):	 total squared error = 0.000476911, marker error: RMS = 0.00420278, max = 0.00842151 (Thoracic)
[2026-07-19 17:13:05.020] [info] Frame 140 (t = 1.4):	 total squared error = 0.000498143, marker error: RMS = 0.00429532, max = 0.00878725 (Thoracic)
[2026-07-19 17:13:05.035] [info] Frame 141 (t = 1.41):	 total squared error = 0.000516146, marker error: RMS = 0.00437224, max = 0.00914537 (Thoracic)
[2026-07-19 17:13:05.044] [info] Frame 142 (t = 1.42):	 total squared error = 0.000543929, marker error: RMS = 0.00448838, max = 0.00980532 (Thoracic)
[2026-07-19 17:13:05.074] [info] Frame 143 (t = 1.43):	 total squared error = 0.000547746, marker error: RMS = 0.00450410, max = 0.0102646 (Thoracic)
[2026-07-19 17:13:05.082] [info] Frame 144 (t = 1.44):	 total squared error = 0.000576275, marker error: RMS = 0.00461990, max = 0.0111096 (Thoracic)
[2026-07-19 17:13:05.096] [info] Frame 145 (t = 1.45):	 total squared error = 0.000594585, marker error: RMS = 0.00469273, max = 0.0118184 (Thoracic)
[2026-07-19 17:13:05.106] [info] Frame 146 (t = 1.46):	 total squared error = 0.000620045, marker error: RMS = 0.00479214, max = 0.0126118 (Thoracic)
[2026-07-19 17:13:05.121] [info] Frame 147 (t = 1.47):	 total squared error = 0.000631951, marker error: RMS = 0.00483793, max = 0.0130916 (Thoracic)
[2026-07-19 17:13:05.141] [info] Frame 148 (t = 1.48):	 total squared error = 0.000637474, marker error: RMS = 0.00485903, max = 0.0134313 (Thoracic)
[2026-07-19 17:13:05.151] [info] Frame 149 (t = 1.49):	 total squared error = 0.000647681, marker error: RMS = 0.00489777, max = 0.0136035 (Thoracic)
[2026-07-19 17:13:05.161] [info] Frame 150 (t = 1.5):	 total squared error = 0.000649972, marker error: RMS = 0.00490643, max = 0.0134995 (Thoracic)
[2026-07-19 17:13:05.176] [info] Frame 151 (t = 1.51):	 total squared error = 0.000632164, marker error: RMS = 0.00483875, max = 0.013177 (Thoracic)
[2026-07-19 17:13:05.184] [info] Frame 152 (t = 1.52):	 total squared error = 0.000629617, marker error: RMS = 0.00482899, max = 0.012791 (Thoracic)
[2026-07-19 17:13:05.201] [info] Frame 153 (t = 1.53):	 total squared error = 0.000608468, marker error: RMS = 0.00474719, max = 0.0122689 (Thoracic)
[2026-07-19 17:13:05.221] [info] Frame 154 (t = 1.54):	 total squared error = 0.000592301, marker error: RMS = 0.00468370, max = 0.0117384 (Thoracic)
[2026-07-19 17:13:05.230] [info] Frame 155 (t = 1.55):	 total squared error = 0.000587096, marker error: RMS = 0.00466308, max = 0.0112735 (Thoracic)
[2026-07-19 17:13:05.246] [info] Frame 156 (t = 1.56):	 total squared error = 0.000573989, marker error: RMS = 0.00461073, max = 0.0109316 (Thoracic)
[2026-07-19 17:13:05.256] [info] Frame 157 (t = 1.57):	 total squared error = 0.000570907, marker error: RMS = 0.00459834, max = 0.0105659 (Thoracic)
[2026-07-19 17:13:05.287] [info] Frame 158 (t = 1.58):	 total squared error = 0.000553872, marker error: RMS = 0.00452921, max = 0.0104258 (Thoracic)
[2026-07-19 17:13:05.303] [info] Frame 159 (t = 1.59):	 total squared error = 0.000548685, marker error: RMS = 0.00450796, max = 0.0102739 (Thoracic)
[2026-07-19 17:13:05.323] [info] Frame 160 (t = 1.6):	 total squared error = 0.000541827, marker error: RMS = 0.00447970, max = 0.0101772 (Thoracic)
[2026-07-19 17:13:05.336] [info] Frame 161 (t = 1.61):	 total squared error = 0.000540403, marker error: RMS = 0.00447380, max = 0.0100843 (Thoracic)
[2026-07-19 17:13:05.356] [info] Frame 162 (t = 1.62):	 total squared error = 0.000530400, marker error: RMS = 0.00443221, max = 0.0100975 (Thoracic)
[2026-07-19 17:13:05.374] [info] Frame 163 (t = 1.63):	 total squared error = 0.000523518, marker error: RMS = 0.00440336, max = 0.0100980 (Thoracic)
[2026-07-19 17:13:05.386] [info] Frame 164 (t = 1.64):	 total squared error = 0.000516147, marker error: RMS = 0.00437225, max = 0.00998521 (Thoracic)
[2026-07-19 17:13:05.404] [info] Frame 165 (t = 1.65):	 total squared error = 0.000498735, marker error: RMS = 0.00429787, max = 0.0100018 (Thoracic)
[2026-07-19 17:13:05.416] [info] Frame 166 (t = 1.66):	 total squared error = 0.000484608, marker error: RMS = 0.00423656, max = 0.00975658 (Thoracic)
[2026-07-19 17:13:05.434] [info] Frame 167 (t = 1.67):	 total squared error = 0.000459357, marker error: RMS = 0.00412471, max = 0.00969630 (Thoracic)
[2026-07-19 17:13:05.451] [info] Frame 168 (t = 1.68):	 total squared error = 0.000437076, marker error: RMS = 0.00402343, max = 0.00951239 (Thoracic)
[2026-07-19 17:13:05.464] [info] Frame 169 (t = 1.69):	 total squared error = 0.000418736, marker error: RMS = 0.00393812, max = 0.00917782 (Thoracic)
[2026-07-19 17:13:05.478] [info] Frame 170 (t = 1.7):	 total squared error = 0.000397351, marker error: RMS = 0.00383623, max = 0.00908135 (Thoracic)
[2026-07-19 17:13:05.493] [info] Frame 171 (t = 1.71):	 total squared error = 0.000378967, marker error: RMS = 0.00374644, max = 0.00883717 (Thoracic)
[2026-07-19 17:13:05.509] [info] Frame 172 (t = 1.72):	 total squared error = 0.000364764, marker error: RMS = 0.00367556, max = 0.00867540 (Thoracic)
[2026-07-19 17:13:05.522] [info] Frame 173 (t = 1.73):	 total squared error = 0.000354909, marker error: RMS = 0.00362558, max = 0.00851148 (Thoracic)
[2026-07-19 17:13:05.536] [info] Frame 174 (t = 1.74):	 total squared error = 0.000347935, marker error: RMS = 0.00358977, max = 0.00840415 (Thoracic)
[2026-07-19 17:13:05.549] [info] Frame 175 (t = 1.75):	 total squared error = 0.000347156, marker error: RMS = 0.00358576, max = 0.00826380 (Thoracic)
[2026-07-19 17:13:05.561] [info] Frame 176 (t = 1.76):	 total squared error = 0.000345079, marker error: RMS = 0.00357501, max = 0.00827135 (Thoracic)
[2026-07-19 17:13:05.578] [info] Frame 177 (t = 1.77):	 total squared error = 0.000346634, marker error: RMS = 0.00358306, max = 0.00827826 (Thoracic)
[2026-07-19 17:13:05.596] [info] Frame 178 (t = 1.78):	 total squared error = 0.000356545, marker error: RMS = 0.00363392, max = 0.00824561 (Thoracic)
[2026-07-19 17:13:05.610] [info] Frame 179 (t = 1.79):	 total squared error = 0.000371588, marker error: RMS = 0.00370979, max = 0.00819062 (Thoracic)
[2026-07-19 17:13:05.630] [info] Frame 180 (t = 1.8):	 total squared error = 0.000390761, marker error: RMS = 0.00380429, max = 0.00812890 (Thoracic)
[2026-07-19 17:13:05.646] [info] Frame 181 (t = 1.81):	 total squared error = 0.000415579, marker error: RMS = 0.00392324, max = 0.00806564 (Thoracic)
[2026-07-19 17:13:05.669] [info] Frame 182 (t = 1.82):	 total squared error = 0.000443700, marker error: RMS = 0.00405380, max = 0.00794996 (Thoracic)
[2026-07-19 17:13:05.685] [info] Frame 183 (t = 1.83):	 total squared error = 0.000479525, marker error: RMS = 0.00421428, max = 0.00775705 (Thoracic)
[2026-07-19 17:13:05.703] [info] Frame 184 (t = 1.84):	 total squared error = 0.000512397, marker error: RMS = 0.00435633, max = 0.00802444 (R_Knee_Lateral)
[2026-07-19 17:13:05.720] [info] Frame 185 (t = 1.85):	 total squared error = 0.000547728, marker error: RMS = 0.00450402, max = 0.00887254 (R_Knee_Lateral)
[2026-07-19 17:13:05.740] [info] Frame 186 (t = 1.86):	 total squared error = 0.000582519, marker error: RMS = 0.00464487, max = 0.00949734 (R_Knee_Lateral)
[2026-07-19 17:13:05.761] [info] Frame 187 (t = 1.87):	 total squared error = 0.000620605, marker error: RMS = 0.00479431, max = 0.0100758 (R_Knee_Lateral)
[2026-07-19 17:13:05.780] [info] Frame 188 (t = 1.88):	 total squared error = 0.000662970, marker error: RMS = 0.00495525, max = 0.0109598 (R_Knee_Lateral)
[2026-07-19 17:13:05.806] [info] Frame 189 (t = 1.89):	 total squared error = 0.000716097, marker error: RMS = 0.00514996, max = 0.0112766 (R_Knee_Lateral)
[2026-07-19 17:13:05.819] [info] Frame 190 (t = 1.9):	 total squared error = 0.000793194, marker error: RMS = 0.00542011, max = 0.012844 (R_Knee_Lateral)
[2026-07-19 17:13:05.845] [info] Frame 191 (t = 1.91):	 total squared error = 0.000850117, marker error: RMS = 0.00561122, max = 0.0124857 (R_Knee_Lateral)
[2026-07-19 17:13:05.864] [info] Frame 192 (t = 1.92):	 total squared error = 0.000928744, marker error: RMS = 0.00586498, max = 0.0130410 (R_Knee_Lateral)
[2026-07-19 17:13:05.881] [info] Frame 193 (t = 1.93):	 total squared error = 0.00101102, marker error: RMS = 0.00611925, max = 0.0133993 (R_Knee_Lateral)
[2026-07-19 17:13:05.900] [info] Frame 194 (t = 1.94):	 total squared error = 0.00108990, marker error: RMS = 0.00635347, max = 0.013651 (R_Knee_Lateral)
[2026-07-19 17:13:05.914] [info] Frame 195 (t = 1.95):	 total squared error = 0.00116045, marker error: RMS = 0.00655589, max = 0.013936 (R_Knee_Lateral)
[2026-07-19 17:13:05.927] [info] Frame 196 (t = 1.96):	 total squared error = 0.00122419, marker error: RMS = 0.00673351, max = 0.0139325 (R_Knee_Lateral)
[2026-07-19 17:13:05.944] [info] Frame 197 (t = 1.97):	 total squared error = 0.00127993, marker error: RMS = 0.00688513, max = 0.0137556 (R_Knee_Lateral)
[2026-07-19 17:13:05.966] [info] Frame 198 (t = 1.98):	 total squared error = 0.00133154, marker error: RMS = 0.00702257, max = 0.0132527 (R_Knee_Lateral)
[2026-07-19 17:13:05.984] [info] Frame 199 (t = 1.99):	 total squared error = 0.00137991, marker error: RMS = 0.00714898, max = 0.0127935 (R_Knee_Lateral)
[2026-07-19 17:13:05.999] [info] Frame 200 (t = 2.0):	 total squared error = 0.00142722, marker error: RMS = 0.00727049, max = 0.0142816 (R_Shank_Lateral)
[2026-07-19 17:13:06.012] [info] Frame 201 (t = 2.01):	 total squared error = 0.00147198, marker error: RMS = 0.00738361, max = 0.0158568 (R_Shank_Lateral)
[2026-07-19 17:13:06.030] [info] Frame 202 (t = 2.02):	 total squared error = 0.00150903, marker error: RMS = 0.00747597, max = 0.0171641 (R_Shank_Lateral)
[2026-07-19 17:13:06.046] [info] Frame 203 (t = 2.03):	 total squared error = 0.00152992, marker error: RMS = 0.00752753, max = 0.0180109 (R_Shank_Lateral)
[2026-07-19 17:13:06.065] [info] Frame 204 (t = 2.04):	 total squared error = 0.00152573, marker error: RMS = 0.00751721, max = 0.0182842 (R_Shank_Lateral)
[2026-07-19 17:13:06.092] [info] Frame 205 (t = 2.05):	 total squared error = 0.00148842, marker error: RMS = 0.00742473, max = 0.0188986 (Thoracic)
[2026-07-19 17:13:06.110] [info] Frame 206 (t = 2.06):	 total squared error = 0.00143624, marker error: RMS = 0.00729343, max = 0.0191965 (Thoracic)
[2026-07-19 17:13:06.141] [info] Frame 207 (t = 2.07):	 total squared error = 0.00135437, marker error: RMS = 0.00708251, max = 0.0195194 (Thoracic)
[2026-07-19 17:13:06.160] [info] Frame 208 (t = 2.08):	 total squared error = 0.00127685, marker error: RMS = 0.00687683, max = 0.0193453 (Thoracic)
[2026-07-19 17:13:06.174] [info] Frame 209 (t = 2.09):	 total squared error = 0.00120601, marker error: RMS = 0.00668333, max = 0.0188046 (Thoracic)
[2026-07-19 17:13:06.205] [info] Frame 210 (t = 2.1):	 total squared error = 0.00112073, marker error: RMS = 0.00644270, max = 0.0187981 (Thoracic)
[2026-07-19 17:13:06.223] [info] Frame 211 (t = 2.11):	 total squared error = 0.00106523, marker error: RMS = 0.00628116, max = 0.0180978 (Thoracic)
[2026-07-19 17:13:06.237] [info] Frame 212 (t = 2.12):	 total squared error = 0.00101744, marker error: RMS = 0.00613866, max = 0.017456 (Thoracic)
[2026-07-19 17:13:06.262] [info] Frame 213 (t = 2.13):	 total squared error = 0.000963996, marker error: RMS = 0.00597524, max = 0.0170518 (Thoracic)
[2026-07-19 17:13:06.276] [info] Frame 214 (t = 2.14):	 total squared error = 0.000925638, marker error: RMS = 0.00585516, max = 0.0163051 (Thoracic)
[2026-07-19 17:13:06.290] [info] Frame 215 (t = 2.15):	 total squared error = 0.000886326, marker error: RMS = 0.00572948, max = 0.0158331 (Thoracic)
[2026-07-19 17:13:06.296] [info] Frame 216 (t = 2.16):	 total squared error = 0.000855694, marker error: RMS = 0.00562960, max = 0.0151673 (Thoracic)
[2026-07-19 17:13:06.313] [info] Frame 217 (t = 2.17):	 total squared error = 0.000801934, marker error: RMS = 0.00544989, max = 0.0151102 (Thoracic)
[2026-07-19 17:13:06.331] [info] Frame 218 (t = 2.18):	 total squared error = 0.000755918, marker error: RMS = 0.00529122, max = 0.0148728 (Thoracic)
[2026-07-19 17:13:06.339] [info] Frame 219 (t = 2.19):	 total squared error = 0.000715365, marker error: RMS = 0.00514733, max = 0.0144954 (Thoracic)
[2026-07-19 17:13:06.362] [info] Frame 220 (t = 2.2):	 total squared error = 0.000675074, marker error: RMS = 0.00500027, max = 0.0145541 (Thoracic)
[2026-07-19 17:13:06.379] [info] Frame 221 (t = 2.21):	 total squared error = 0.000640035, marker error: RMS = 0.00486878, max = 0.0144386 (Thoracic)
[2026-07-19 17:13:06.398] [info] Frame 222 (t = 2.22):	 total squared error = 0.000610832, marker error: RMS = 0.00475641, max = 0.0144503 (Thoracic)
[2026-07-19 17:13:06.416] [info] Frame 223 (t = 2.23):	 total squared error = 0.000585346, marker error: RMS = 0.00465612, max = 0.0145053 (Thoracic)
[2026-07-19 17:13:06.431] [info] Frame 224 (t = 2.24):	 total squared error = 0.000564180, marker error: RMS = 0.00457117, max = 0.0146238 (Thoracic)
[2026-07-19 17:13:06.448] [info] Frame 225 (t = 2.25):	 total squared error = 0.000547451, marker error: RMS = 0.00450288, max = 0.0147785 (Thoracic)
[2026-07-19 17:13:06.464] [info] Frame 226 (t = 2.26):	 total squared error = 0.000534483, marker error: RMS = 0.00444923, max = 0.0149561 (Thoracic)
[2026-07-19 17:13:06.481] [info] Frame 227 (t = 2.27):	 total squared error = 0.000525902, marker error: RMS = 0.00441337, max = 0.0151142 (Thoracic)
[2026-07-19 17:13:06.501] [info] Frame 228 (t = 2.28):	 total squared error = 0.000518724, marker error: RMS = 0.00438315, max = 0.0152499 (Thoracic)
[2026-07-19 17:13:06.511] [info] Frame 229 (t = 2.29):	 total squared error = 0.000523311, marker error: RMS = 0.00440249, max = 0.0152689 (Thoracic)
[2026-07-19 17:13:06.526] [info] Frame 230 (t = 2.3):	 total squared error = 0.000517757, marker error: RMS = 0.00437906, max = 0.0152389 (Thoracic)
[2026-07-19 17:13:06.543] [info] Frame 231 (t = 2.31):	 total squared error = 0.000516006, marker error: RMS = 0.00437165, max = 0.0150811 (Thoracic)
[2026-07-19 17:13:06.569] [info] Frame 232 (t = 2.32):	 total squared error = 0.000513251, marker error: RMS = 0.00435996, max = 0.0149207 (Thoracic)
[2026-07-19 17:13:06.586] [info] Frame 233 (t = 2.33):	 total squared error = 0.000512301, marker error: RMS = 0.00435593, max = 0.0145713 (Thoracic)
[2026-07-19 17:13:06.602] [info] Frame 234 (t = 2.34):	 total squared error = 0.000508674, marker error: RMS = 0.00434048, max = 0.0141514 (Thoracic)
[2026-07-19 17:13:06.620] [info] Frame 235 (t = 2.35):	 total squared error = 0.000500999, marker error: RMS = 0.00430761, max = 0.0136841 (Thoracic)
[2026-07-19 17:13:06.630] [info] Frame 236 (t = 2.36):	 total squared error = 0.000493078, marker error: RMS = 0.00427342, max = 0.0131381 (Thoracic)
[2026-07-19 17:13:06.640] [info] Frame 237 (t = 2.37):	 total squared error = 0.000483039, marker error: RMS = 0.00422970, max = 0.0125233 (Thoracic)
[2026-07-19 17:13:06.653] [info] Frame 238 (t = 2.38):	 total squared error = 0.000456727, marker error: RMS = 0.00411288, max = 0.0119657 (Thoracic)
[2026-07-19 17:13:06.661] [info] Frame 239 (t = 2.39):	 total squared error = 0.000440597, marker error: RMS = 0.00403961, max = 0.0113267 (Thoracic)
[2026-07-19 17:13:06.676] [info] Frame 240 (t = 2.4):	 total squared error = 0.000415618, marker error: RMS = 0.00392342, max = 0.0107224 (Thoracic)
[2026-07-19 17:13:06.686] [info] Frame 241 (t = 2.41):	 total squared error = 0.000400354, marker error: RMS = 0.00385070, max = 0.0101324 (Thoracic)
[2026-07-19 17:13:06.695] [info] Frame 242 (t = 2.42):	 total squared error = 0.000390551, marker error: RMS = 0.00380327, max = 0.00957611 (Thoracic)
[2026-07-19 17:13:06.705] [info] Frame 243 (t = 2.43):	 total squared error = 0.000384787, marker error: RMS = 0.00377510, max = 0.00904622 (Thoracic)
[2026-07-19 17:13:06.722] [info] Frame 244 (t = 2.44):	 total squared error = 0.000368902, marker error: RMS = 0.00369636, max = 0.00870677 (Thoracic)
[2026-07-19 17:13:06.730] [info] Frame 245 (t = 2.45):	 total squared error = 0.000371250, marker error: RMS = 0.00370810, max = 0.00836731 (Thoracic)
[2026-07-19 17:13:06.739] [info] Frame 246 (t = 2.46):	 total squared error = 0.000377906, marker error: RMS = 0.00374119, max = 0.00816027 (R_Asis)
[2026-07-19 17:13:06.753] [info] Frame 247 (t = 2.47):	 total squared error = 0.000380164, marker error: RMS = 0.00375235, max = 0.00846796 (R_Asis)
[2026-07-19 17:13:06.760] [info] Frame 248 (t = 2.48):	 total squared error = 0.000388407, marker error: RMS = 0.00379281, max = 0.00860574 (R_Asis)
[2026-07-19 17:13:06.771] [info] Frame 249 (t = 2.49):	 total squared error = 0.000393174, marker error: RMS = 0.00381602, max = 0.00866488 (R_Asis)
[2026-07-19 17:13:06.778] [info] Frame 250 (t = 2.5):	 total squared error = 0.000397656, marker error: RMS = 0.00383771, max = 0.00850358 (R_Asis)
[2026-07-19 17:13:06.785] [info] Frame 251 (t = 2.51):	 total squared error = 0.000399221, marker error: RMS = 0.00384525, max = 0.00830334 (R_Knee_Lateral)
[2026-07-19 17:13:06.800] [info] Frame 252 (t = 2.52):	 total squared error = 0.000374600, marker error: RMS = 0.00372479, max = 0.00805743 (Thoracic)
[2026-07-19 17:13:06.807] [info] Frame 253 (t = 2.53):	 total squared error = 0.000365288, marker error: RMS = 0.00367821, max = 0.00812649 (R_Knee_Lateral)
[2026-07-19 17:13:06.823] [info] Frame 254 (t = 2.54):	 total squared error = 0.000347128, marker error: RMS = 0.00358561, max = 0.00816334 (Thoracic)
[2026-07-19 17:13:06.847] [info] Frame 255 (t = 2.55):	 total squared error = 0.000328861, marker error: RMS = 0.00348999, max = 0.00822165 (Thoracic)
[2026-07-19 17:13:06.858] [info] Frame 256 (t = 2.56):	 total squared error = 0.000330003, marker error: RMS = 0.00349604, max = 0.00816514 (Thoracic)
[2026-07-19 17:13:06.879] [info] Frame 257 (t = 2.57):	 total squared error = 0.000317131, marker error: RMS = 0.00342718, max = 0.00839263 (Thoracic)
[2026-07-19 17:13:06.896] [info] Frame 258 (t = 2.58):	 total squared error = 0.000321167, marker error: RMS = 0.00344892, max = 0.00851841 (Thoracic)
[2026-07-19 17:13:06.916] [info] Frame 259 (t = 2.59):	 total squared error = 0.000327169, marker error: RMS = 0.00348100, max = 0.00857848 (Thoracic)
[2026-07-19 17:13:06.937] [info] Frame 260 (t = 2.6):	 total squared error = 0.000338202, marker error: RMS = 0.00353921, max = 0.00865694 (Thoracic)
[2026-07-19 17:13:06.952] [info] Frame 261 (t = 2.61):	 total squared error = 0.000353881, marker error: RMS = 0.00362032, max = 0.00880858 (Thoracic)
[2026-07-19 17:13:06.971] [info] Frame 262 (t = 2.62):	 total squared error = 0.000368915, marker error: RMS = 0.00369642, max = 0.00883150 (Thoracic)
[2026-07-19 17:13:06.988] [info] Frame 263 (t = 2.63):	 total squared error = 0.000385371, marker error: RMS = 0.00377796, max = 0.00886412 (Thoracic)
[2026-07-19 17:13:06.998] [info] Frame 264 (t = 2.64):	 total squared error = 0.000406675, marker error: RMS = 0.00388099, max = 0.00883015 (Thoracic)
[2026-07-19 17:13:07.012] [info] Frame 265 (t = 2.65):	 total squared error = 0.000414522, marker error: RMS = 0.00391825, max = 0.00883460 (Thoracic)
[2026-07-19 17:13:07.022] [info] Frame 266 (t = 2.66):	 total squared error = 0.000434842, marker error: RMS = 0.00401314, max = 0.00875722 (Thoracic)
[2026-07-19 17:13:07.039] [info] Frame 267 (t = 2.67):	 total squared error = 0.000427088, marker error: RMS = 0.00397720, max = 0.00851779 (Thoracic)
[2026-07-19 17:13:07.047] [info] Frame 268 (t = 2.68):	 total squared error = 0.000432868, marker error: RMS = 0.00400402, max = 0.00825999 (Thoracic)
[2026-07-19 17:13:07.063] [info] Frame 269 (t = 2.69):	 total squared error = 0.000424882, marker error: RMS = 0.00396691, max = 0.00769409 (Thoracic)
[2026-07-19 17:13:07.086] [info] Frame 270 (t = 2.7):	 total squared error = 0.000409754, marker error: RMS = 0.00389565, max = 0.00722995 (Thoracic)
[2026-07-19 17:13:07.095] [info] Frame 271 (t = 2.71):	 total squared error = 0.000402690, marker error: RMS = 0.00386192, max = 0.00701453 (L_Asis)
[2026-07-19 17:13:07.116] [info] Frame 272 (t = 2.72):	 total squared error = 0.000384789, marker error: RMS = 0.00377511, max = 0.00654816 (L_Asis)
[2026-07-19 17:13:07.128] [info] Frame 273 (t = 2.73):	 total squared error = 0.000376700, marker error: RMS = 0.00373522, max = 0.00671235 (L_Asis)
[2026-07-19 17:13:07.146] [info] Frame 274 (t = 2.74):	 total squared error = 0.000361419, marker error: RMS = 0.00365867, max = 0.00623183 (L_Asis)
[2026-07-19 17:13:07.158] [info] Frame 275 (t = 2.75):	 total squared error = 0.000354180, marker error: RMS = 0.00362185, max = 0.00629633 (L_Asis)
[2026-07-19 17:13:07.183] [info] Frame 276 (t = 2.76):	 total squared error = 0.000334557, marker error: RMS = 0.00352009, max = 0.00569932 (Thoracic)
[2026-07-19 17:13:07.191] [info] Frame 277 (t = 2.77):	 total squared error = 0.000331231, marker error: RMS = 0.00350255, max = 0.00607729 (Thoracic)
[2026-07-19 17:13:07.204] [info] Frame 278 (t = 2.78):	 total squared error = 0.000324468, marker error: RMS = 0.00346660, max = 0.00635076 (Thoracic)
[2026-07-19 17:13:07.213] [info] Frame 279 (t = 2.79):	 total squared error = 0.000335289, marker error: RMS = 0.00352393, max = 0.00662566 (Thoracic)
[2026-07-19 17:13:07.222] [info] Frame 280 (t = 2.8):	 total squared error = 0.000356515, marker error: RMS = 0.00363376, max = 0.00682375 (Thoracic)
[2026-07-19 17:13:07.231] [info] Frame 281 (t = 2.81):	 total squared error = 0.000386183, marker error: RMS = 0.00378194, max = 0.00705231 (Thoracic)
[2026-07-19 17:13:07.260] [info] Frame 282 (t = 2.82):	 total squared error = 0.000395070, marker error: RMS = 0.00382521, max = 0.00708682 (Thoracic)
[2026-07-19 17:13:07.268] [info] Frame 283 (t = 2.83):	 total squared error = 0.000436488, marker error: RMS = 0.00402072, max = 0.00739801 (Thoracic)
[2026-07-19 17:13:07.278] [info] Frame 284 (t = 2.84):	 total squared error = 0.000476045, marker error: RMS = 0.00419896, max = 0.00780733 (Thoracic)
[2026-07-19 17:13:07.288] [info] Frame 285 (t = 2.85):	 total squared error = 0.000509154, marker error: RMS = 0.00434253, max = 0.00831365 (Thoracic)
[2026-07-19 17:13:07.304] [info] Frame 286 (t = 2.86):	 total squared error = 0.000520735, marker error: RMS = 0.00439164, max = 0.00890096 (Thoracic)
[2026-07-19 17:13:07.320] [info] Frame 287 (t = 2.87):	 total squared error = 0.000528525, marker error: RMS = 0.00442436, max = 0.00946418 (Thoracic)
[2026-07-19 17:13:07.338] [info] Frame 288 (t = 2.88):	 total squared error = 0.000527104, marker error: RMS = 0.00441841, max = 0.00982495 (Thoracic)
[2026-07-19 17:13:07.348] [info] Frame 289 (t = 2.89):	 total squared error = 0.000523090, marker error: RMS = 0.00440156, max = 0.00986915 (Thoracic)
[2026-07-19 17:13:07.358] [info] Frame 290 (t = 2.9):	 total squared error = 0.000520179, marker error: RMS = 0.00438929, max = 0.00967834 (Thoracic)
[2026-07-19 17:13:07.374] [info] Frame 291 (t = 2.91):	 total squared error = 0.000496815, marker error: RMS = 0.00428958, max = 0.00943236 (Thoracic)
[2026-07-19 17:13:07.383] [info] Frame 292 (t = 2.92):	 total squared error = 0.000494478, marker error: RMS = 0.00427949, max = 0.00886674 (Thoracic)
[2026-07-19 17:13:07.400] [info] Frame 293 (t = 2.93):	 total squared error = 0.000486608, marker error: RMS = 0.00424529, max = 0.00850949 (Thoracic)
[2026-07-19 17:13:07.408] [info] Frame 294 (t = 2.94):	 total squared error = 0.000496892, marker error: RMS = 0.00428992, max = 0.00875219 (L_Knee_Lateral)
[2026-07-19 17:13:07.426] [info] Frame 295 (t = 2.95):	 total squared error = 0.000505542, marker error: RMS = 0.00432710, max = 0.00857787 (L_Knee_Lateral)
[2026-07-19 17:13:07.442] [info] Frame 296 (t = 2.96):	 total squared error = 0.000525182, marker error: RMS = 0.00441035, max = 0.00873016 (L_Knee_Lateral)
[2026-07-19 17:13:07.451] [info] Frame 297 (t = 2.97):	 total squared error = 0.000558300, marker error: RMS = 0.00454728, max = 0.00912269 (L_Knee_Lateral)
[2026-07-19 17:13:07.467] [info] Frame 298 (t = 2.98):	 total squared error = 0.000586859, marker error: RMS = 0.00466214, max = 0.00913641 (L_Knee_Lateral)
[2026-07-19 17:13:07.488] [info] Frame 299 (t = 2.99):	 total squared error = 0.000625671, marker error: RMS = 0.00481383, max = 0.0100578 (Thoracic)
[2026-07-19 17:13:07.505] [info] Frame 300 (t = 3.0):	 total squared error = 0.000670003, marker error: RMS = 0.00498146, max = 0.0112206 (Thoracic)
[2026-07-19 17:13:07.520] [info] Frame 301 (t = 3.01):	 total squared error = 0.000716487, marker error: RMS = 0.00515136, max = 0.0124184 (Thoracic)
[2026-07-19 17:13:07.541] [info] Frame 302 (t = 3.02):	 total squared error = 0.000755183, marker error: RMS = 0.00528864, max = 0.0136275 (Thoracic)
[2026-07-19 17:13:07.555] [info] Frame 303 (t = 3.03):	 total squared error = 0.000788756, marker error: RMS = 0.00540492, max = 0.0145837 (Thoracic)
[2026-07-19 17:13:07.571] [info] Frame 304 (t = 3.04):	 total squared error = 0.000811539, marker error: RMS = 0.00548243, max = 0.0153129 (Thoracic)
[2026-07-19 17:13:07.588] [info] Frame 305 (t = 3.05):	 total squared error = 0.000821508, marker error: RMS = 0.00551600, max = 0.0157393 (Thoracic)
[2026-07-19 17:13:07.606] [info] Frame 306 (t = 3.06):	 total squared error = 0.000819607, marker error: RMS = 0.00550961, max = 0.0159019 (Thoracic)
[2026-07-19 17:13:07.627] [info] Frame 307 (t = 3.07):	 total squared error = 0.000808508, marker error: RMS = 0.00547218, max = 0.0157844 (Thoracic)
[2026-07-19 17:13:07.641] [info] Frame 308 (t = 3.08):	 total squared error = 0.000792837, marker error: RMS = 0.00541889, max = 0.0154695 (Thoracic)
[2026-07-19 17:13:07.660] [info] Frame 309 (t = 3.09):	 total squared error = 0.000769411, marker error: RMS = 0.00533823, max = 0.0150127 (Thoracic)
[2026-07-19 17:13:07.673] [info] Frame 310 (t = 3.1):	 total squared error = 0.000749013, marker error: RMS = 0.00526699, max = 0.0144362 (Thoracic)
[2026-07-19 17:13:07.687] [info] Frame 311 (t = 3.11):	 total squared error = 0.000727206, marker error: RMS = 0.00518976, max = 0.013797 (Thoracic)
[2026-07-19 17:13:07.698] [info] Frame 312 (t = 3.12):	 total squared error = 0.000714562, marker error: RMS = 0.00514444, max = 0.0131191 (Thoracic)
[2026-07-19 17:13:07.712] [info] Frame 313 (t = 3.13):	 total squared error = 0.000686405, marker error: RMS = 0.00504206, max = 0.0124625 (Thoracic)
[2026-07-19 17:13:07.725] [info] Frame 314 (t = 3.14):	 total squared error = 0.000667948, marker error: RMS = 0.00497381, max = 0.0118378 (Thoracic)
[2026-07-19 17:13:07.743] [info] Frame 315 (t = 3.15):	 total squared error = 0.000652625, marker error: RMS = 0.00491643, max = 0.0112948 (Thoracic)
[2026-07-19 17:13:07.756] [info] Frame 316 (t = 3.16):	 total squared error = 0.000643743, marker error: RMS = 0.00488286, max = 0.0108718 (Thoracic)
[2026-07-19 17:13:07.773] [info] Frame 317 (t = 3.17):	 total squared error = 0.000634552, marker error: RMS = 0.00484788, max = 0.0105925 (Thoracic)
[2026-07-19 17:13:07.782] [info] Frame 318 (t = 3.18):	 total squared error = 0.000635301, marker error: RMS = 0.00485074, max = 0.0103988 (Thoracic)
[2026-07-19 17:13:07.793] [info] Frame 319 (t = 3.19):	 total squared error = 0.000631990, marker error: RMS = 0.00483808, max = 0.0103158 (Thoracic)
[2026-07-19 17:13:07.809] [info] Frame 320 (t = 3.2):	 total squared error = 0.000627703, marker error: RMS = 0.00482165, max = 0.0103499 (Thoracic)
[2026-07-19 17:13:07.819] [info] Frame 321 (t = 3.21):	 total squared error = 0.000632517, marker error: RMS = 0.00484010, max = 0.0103178 (Thoracic)
[2026-07-19 17:13:07.836] [info] Frame 322 (t = 3.22):	 total squared error = 0.000630205, marker error: RMS = 0.00483124, max = 0.0103852 (Thoracic)
[2026-07-19 17:13:07.846] [info] Frame 323 (t = 3.23):	 total squared error = 0.000634603, marker error: RMS = 0.00484807, max = 0.0102740 (Thoracic)
[2026-07-19 17:13:07.860] [info] Frame 324 (t = 3.24):	 total squared error = 0.000630545, marker error: RMS = 0.00483255, max = 0.0102762 (Thoracic)
[2026-07-19 17:13:07.870] [info] Frame 325 (t = 3.25):	 total squared error = 0.000632335, marker error: RMS = 0.00483940, max = 0.0100257 (Thoracic)
[2026-07-19 17:13:07.881] [info] Frame 326 (t = 3.26):	 total squared error = 0.000625693, marker error: RMS = 0.00481392, max = 0.00994411 (Thoracic)
[2026-07-19 17:13:07.895] [info] Frame 327 (t = 3.27):	 total squared error = 0.000617013, marker error: RMS = 0.00478041, max = 0.00972234 (Thoracic)
[2026-07-19 17:13:07.913] [info] Frame 328 (t = 3.28):	 total squared error = 0.000608487, marker error: RMS = 0.00474727, max = 0.00945123 (Thoracic)
[2026-07-19 17:13:07.935] [info] Frame 329 (t = 3.29):	 total squared error = 0.000599779, marker error: RMS = 0.00471318, max = 0.00923224 (Thoracic)
[2026-07-19 17:13:07.949] [info] Frame 330 (t = 3.3):	 total squared error = 0.000595745, marker error: RMS = 0.00469730, max = 0.00901053 (Thoracic)
[2026-07-19 17:13:07.964] [info] Frame 331 (t = 3.31):	 total squared error = 0.000593031, marker error: RMS = 0.00468659, max = 0.00891032 (R_Thigh_Lateral)
[2026-07-19 17:13:07.984] [info] Frame 332 (t = 3.32):	 total squared error = 0.000588221, marker error: RMS = 0.00466754, max = 0.00883781 (R_Thigh_Lateral)
[2026-07-19 17:13:07.999] [info] Frame 333 (t = 3.33):	 total squared error = 0.000587994, marker error: RMS = 0.00466664, max = 0.00889211 (R_Thigh_Lateral)
[2026-07-19 17:13:08.018] [info] Frame 334 (t = 3.34):	 total squared error = 0.000586218, marker error: RMS = 0.00465959, max = 0.00886898 (R_Thigh_Lateral)
[2026-07-19 17:13:08.033] [info] Frame 335 (t = 3.35):	 total squared error = 0.000585807, marker error: RMS = 0.00465796, max = 0.00883295 (R_Thigh_Lateral)
[2026-07-19 17:13:08.048] [info] Frame 336 (t = 3.36):	 total squared error = 0.000583174, marker error: RMS = 0.00464748, max = 0.00870325 (R_Thigh_Lateral)
[2026-07-19 17:13:08.070] [info] Frame 337 (t = 3.37):	 total squared error = 0.000577903, marker error: RMS = 0.00462642, max = 0.00855065 (Sternum)
[2026-07-19 17:13:08.088] [info] Frame 338 (t = 3.38):	 total squared error = 0.000577607, marker error: RMS = 0.00462524, max = 0.00853348 (L_Shoulder)
[2026-07-19 17:13:08.110] [info] Frame 339 (t = 3.39):	 total squared error = 0.000580746, marker error: RMS = 0.00463779, max = 0.00882473 (L_Shoulder)
[2026-07-19 17:13:08.127] [info] Frame 340 (t = 3.4):	 total squared error = 0.000589510, marker error: RMS = 0.00467266, max = 0.00922952 (L_Shoulder)
[2026-07-19 17:13:08.147] [info] Frame 341 (t = 3.41):	 total squared error = 0.000601722, marker error: RMS = 0.00472080, max = 0.00933809 (L_Shoulder)
[2026-07-19 17:13:08.165] [info] Frame 342 (t = 3.42):	 total squared error = 0.000616939, marker error: RMS = 0.00478013, max = 0.00956956 (L_Shoulder)
[2026-07-19 17:13:08.181] [info] Frame 343 (t = 3.43):	 total squared error = 0.000632320, marker error: RMS = 0.00483934, max = 0.00962836 (L_Shoulder)
[2026-07-19 17:13:08.203] [info] Frame 344 (t = 3.44):	 total squared error = 0.000642324, marker error: RMS = 0.00487747, max = 0.00936741 (L_Shoulder)
[2026-07-19 17:13:08.220] [info] Frame 345 (t = 3.45):	 total squared error = 0.000650442, marker error: RMS = 0.00490820, max = 0.00919281 (L_Shoulder)
[2026-07-19 17:13:08.241] [info] Frame 346 (t = 3.46):	 total squared error = 0.000654406, marker error: RMS = 0.00492313, max = 0.00911999 (R_Elbow)
[2026-07-19 17:13:08.262] [info] Frame 347 (t = 3.47):	 total squared error = 0.000656188, marker error: RMS = 0.00492983, max = 0.00926470 (R_Elbow)
[2026-07-19 17:13:08.278] [info] Frame 348 (t = 3.48):	 total squared error = 0.000657895, marker error: RMS = 0.00493624, max = 0.00924799 (R_Elbow)
[2026-07-19 17:13:08.304] [info] Frame 349 (t = 3.49):	 total squared error = 0.000661832, marker error: RMS = 0.00495099, max = 0.00919385 (R_Elbow)
[2026-07-19 17:13:08.324] [info] Frame 350 (t = 3.5):	 total squared error = 0.000669112, marker error: RMS = 0.00497815, max = 0.00898705 (R_Knee_Lateral)
[2026-07-19 17:13:08.339] [info] Frame 351 (t = 3.51):	 total squared error = 0.000687896, marker error: RMS = 0.00504754, max = 0.0103097 (R_Knee_Lateral)
[2026-07-19 17:13:08.356] [info] Frame 352 (t = 3.52):	 total squared error = 0.000710051, marker error: RMS = 0.00512818, max = 0.0109632 (R_Knee_Lateral)
[2026-07-19 17:13:08.374] [info] Frame 353 (t = 3.53):	 total squared error = 0.000748897, marker error: RMS = 0.00526659, max = 0.0117868 (R_Knee_Lateral)
[2026-07-19 17:13:08.392] [info] Frame 354 (t = 3.54):	 total squared error = 0.000804435, marker error: RMS = 0.00545838, max = 0.0128095 (R_Knee_Lateral)
[2026-07-19 17:13:08.411] [info] Frame 355 (t = 3.55):	 total squared error = 0.000872106, marker error: RMS = 0.00568333, max = 0.013485 (R_Knee_Lateral)
[2026-07-19 17:13:08.430] [info] Frame 356 (t = 3.56):	 total squared error = 0.000951434, marker error: RMS = 0.00593618, max = 0.0140727 (R_Knee_Lateral)
[2026-07-19 17:13:08.443] [info] Frame 357 (t = 3.57):	 total squared error = 0.00104271, marker error: RMS = 0.00621441, max = 0.0149339 (R_Knee_Lateral)
[2026-07-19 17:13:08.455] [info] Frame 358 (t = 3.58):	 total squared error = 0.00112009, marker error: RMS = 0.00644087, max = 0.0154655 (R_Knee_Lateral)
[2026-07-19 17:13:08.472] [info] Frame 359 (t = 3.59):	 total squared error = 0.00119477, marker error: RMS = 0.00665213, max = 0.0157678 (R_Knee_Lateral)
[2026-07-19 17:13:08.493] [info] Frame 360 (t = 3.6):	 total squared error = 0.00126285, marker error: RMS = 0.00683903, max = 0.0156732 (R_Knee_Lateral)
[2026-07-19 17:13:08.506] [info] Frame 361 (t = 3.61):	 total squared error = 0.00131672, marker error: RMS = 0.00698337, max = 0.0157502 (R_Knee_Lateral)
[2026-07-19 17:13:08.524] [info] Frame 362 (t = 3.62):	 total squared error = 0.00135603, marker error: RMS = 0.00708685, max = 0.0156235 (R_Knee_Lateral)
[2026-07-19 17:13:08.541] [info] Frame 363 (t = 3.63):	 total squared error = 0.00138138, marker error: RMS = 0.00715277, max = 0.0155058 (R_Knee_Lateral)
[2026-07-19 17:13:08.557] [info] Frame 364 (t = 3.64):	 total squared error = 0.00139719, marker error: RMS = 0.00719360, max = 0.0150625 (R_Knee_Lateral)
[2026-07-19 17:13:08.575] [info] Frame 365 (t = 3.65):	 total squared error = 0.00140314, marker error: RMS = 0.00720890, max = 0.0146071 (R_Knee_Lateral)
[2026-07-19 17:13:08.593] [info] Frame 366 (t = 3.66):	 total squared error = 0.00140136, marker error: RMS = 0.00720431, max = 0.0139999 (R_Knee_Lateral)
[2026-07-19 17:13:08.608] [info] Frame 367 (t = 3.67):	 total squared error = 0.00139314, marker error: RMS = 0.00718315, max = 0.0138174 (R_Thigh_Lateral)
[2026-07-19 17:13:08.624] [info] Frame 368 (t = 3.68):	 total squared error = 0.00137754, marker error: RMS = 0.00714282, max = 0.0140791 (R_Shank_Lateral)
[2026-07-19 17:13:08.638] [info] Frame 369 (t = 3.69):	 total squared error = 0.00135140, marker error: RMS = 0.00707473, max = 0.0144289 (R_Shank_Lateral)
[2026-07-19 17:13:08.654] [info] Frame 370 (t = 3.7):	 total squared error = 0.00131415, marker error: RMS = 0.00697656, max = 0.0143957 (R_Shank_Lateral)
[2026-07-19 17:13:08.660] [info] InverseKinematicsTool completed 321 frames in 5 second(s).
[2026-07-19 17:13:08.693] [info] Loaded model TCV36-scaled from file C:\Users\lucia\Desktop\TFG\2_JMP\TVC36\Walk_1\TVC36_1_JMP_results\TVC36_1_NMSM_JMP_05_torso.osim
[2026-07-19 17:13:09.217] [warning] Coordinate.setValue:  coordinate pro_sup_r is locked. Unable to change its value.
[2026-07-19 17:13:09.249] [warning] Coordinate.setValue:  coordinate pro_sup_l is locked. Unable to change its value.
[2026-07-19 17:13:52.329] [info] Loaded model TCV36-scaled from file C:\Users\lucia\Desktop\TFG\2_JMP\TVC36\Walk_1\TVC36_1_JMP_results\TVC36_1_NMSM_JMP_06_shoulder_elbow.osim
[2026-07-19 17:13:52.338] [cout] [info] 
               MODEL: TCV36-scaled
         coordinates: 41
              forces: 103
           actuators: 103
             muscles: 86
            analyses: 0
              probes: 0
              bodies: 24
              joints: 24
         constraints: 2
             markers: 27
         controllers: 0
  contact geometries: 0
misc modelcomponents: 0
[2026-07-19 17:13:52.339] [info] Running tool .
[2026-07-19 17:13:52.435] [info] Frame 50 (t = 0.5):	 total squared error = 0.00115829, marker error: RMS = 0.00654977, max = 0.0132379 (L_Shank_Lateral)
[2026-07-19 17:13:52.451] [info] Frame 51 (t = 0.51):	 total squared error = 0.00115474, marker error: RMS = 0.00653974, max = 0.0131993 (L_Shank_Lateral)
[2026-07-19 17:13:52.469] [info] Frame 52 (t = 0.52):	 total squared error = 0.00115049, marker error: RMS = 0.00652768, max = 0.013178 (L_Shank_Lateral)
[2026-07-19 17:13:52.495] [info] Frame 53 (t = 0.53):	 total squared error = 0.00113451, marker error: RMS = 0.00648220, max = 0.0134667 (L_Shank_Lateral)
[2026-07-19 17:13:52.521] [info] Frame 54 (t = 0.54):	 total squared error = 0.00111836, marker error: RMS = 0.00643588, max = 0.0134754 (L_Shank_Lateral)
[2026-07-19 17:13:52.541] [info] Frame 55 (t = 0.55):	 total squared error = 0.00110074, marker error: RMS = 0.00638500, max = 0.0133422 (L_Shank_Lateral)
[2026-07-19 17:13:52.569] [info] Frame 56 (t = 0.56):	 total squared error = 0.00107387, marker error: RMS = 0.00630657, max = 0.0132719 (L_Shank_Lateral)
[2026-07-19 17:13:52.594] [info] Frame 57 (t = 0.57):	 total squared error = 0.00104161, marker error: RMS = 0.00621113, max = 0.0131171 (L_Shank_Lateral)
[2026-07-19 17:13:52.611] [info] Frame 58 (t = 0.58):	 total squared error = 0.00100821, marker error: RMS = 0.00611075, max = 0.0128199 (L_Shank_Lateral)
[2026-07-19 17:13:52.638] [info] Frame 59 (t = 0.59):	 total squared error = 0.000949665, marker error: RMS = 0.00593066, max = 0.0127621 (L_Shank_Lateral)
[2026-07-19 17:13:52.652] [info] Frame 60 (t = 0.6):	 total squared error = 0.000896869, marker error: RMS = 0.00576345, max = 0.0124578 (L_Shank_Lateral)
[2026-07-19 17:13:52.681] [info] Frame 61 (t = 0.61):	 total squared error = 0.000832352, marker error: RMS = 0.00555228, max = 0.0121956 (L_Shank_Lateral)
[2026-07-19 17:13:52.697] [info] Frame 62 (t = 0.62):	 total squared error = 0.000776311, marker error: RMS = 0.00536211, max = 0.0118699 (L_Shank_Lateral)
[2026-07-19 17:13:52.710] [info] Frame 63 (t = 0.63):	 total squared error = 0.000729638, marker error: RMS = 0.00519843, max = 0.0114769 (L_Shank_Lateral)
[2026-07-19 17:13:52.725] [info] Frame 64 (t = 0.64):	 total squared error = 0.000683069, marker error: RMS = 0.00502980, max = 0.0110052 (L_Shank_Lateral)
[2026-07-19 17:13:52.740] [info] Frame 65 (t = 0.65):	 total squared error = 0.000643675, marker error: RMS = 0.00488260, max = 0.0107032 (L_Shank_Lateral)
[2026-07-19 17:13:52.757] [info] Frame 66 (t = 0.66):	 total squared error = 0.000610295, marker error: RMS = 0.00475432, max = 0.0102883 (L_Shank_Lateral)
[2026-07-19 17:13:52.766] [info] Frame 67 (t = 0.67):	 total squared error = 0.000584015, marker error: RMS = 0.00465083, max = 0.0102806 (L_Shank_Lateral)
[2026-07-19 17:13:52.787] [info] Frame 68 (t = 0.68):	 total squared error = 0.000549997, marker error: RMS = 0.00451334, max = 0.00928831 (L_Shank_Lateral)
[2026-07-19 17:13:52.799] [info] Frame 69 (t = 0.69):	 total squared error = 0.000519554, marker error: RMS = 0.00438665, max = 0.00902505 (L_Shank_Lateral)
[2026-07-19 17:13:52.819] [info] Frame 70 (t = 0.7):	 total squared error = 0.000490134, marker error: RMS = 0.00426065, max = 0.00822805 (L_Shank_Lateral)
[2026-07-19 17:13:52.837] [info] Frame 71 (t = 0.71):	 total squared error = 0.000461197, marker error: RMS = 0.00413296, max = 0.00768268 (L_Shank_Lateral)
[2026-07-19 17:13:52.855] [info] Frame 72 (t = 0.72):	 total squared error = 0.000434125, marker error: RMS = 0.00400983, max = 0.00755786 (C7)
[2026-07-19 17:13:52.874] [info] Frame 73 (t = 0.73):	 total squared error = 0.000407630, marker error: RMS = 0.00388554, max = 0.00747967 (C7)
[2026-07-19 17:13:52.892] [info] Frame 74 (t = 0.74):	 total squared error = 0.000383702, marker error: RMS = 0.00376977, max = 0.00734515 (C7)
[2026-07-19 17:13:52.911] [info] Frame 75 (t = 0.75):	 total squared error = 0.000360364, marker error: RMS = 0.00365333, max = 0.00723588 (C7)
[2026-07-19 17:13:52.926] [info] Frame 76 (t = 0.76):	 total squared error = 0.000338890, marker error: RMS = 0.00354281, max = 0.00697637 (C7)
[2026-07-19 17:13:52.942] [info] Frame 77 (t = 0.77):	 total squared error = 0.000320331, marker error: RMS = 0.00344443, max = 0.00673622 (C7)
[2026-07-19 17:13:52.964] [info] Frame 78 (t = 0.78):	 total squared error = 0.000302737, marker error: RMS = 0.00334850, max = 0.00655506 (C7)
[2026-07-19 17:13:52.977] [info] Frame 79 (t = 0.79):	 total squared error = 0.000291163, marker error: RMS = 0.00328387, max = 0.00624853 (C7)
[2026-07-19 17:13:52.985] [info] Frame 80 (t = 0.8):	 total squared error = 0.000289808, marker error: RMS = 0.00327622, max = 0.00594879 (C7)
[2026-07-19 17:13:53.000] [info] Frame 81 (t = 0.81):	 total squared error = 0.000277487, marker error: RMS = 0.00320582, max = 0.00573172 (C7)
[2026-07-19 17:13:53.011] [info] Frame 82 (t = 0.82):	 total squared error = 0.000277180, marker error: RMS = 0.00320405, max = 0.00546031 (C7)
[2026-07-19 17:13:53.023] [info] Frame 83 (t = 0.83):	 total squared error = 0.000271123, marker error: RMS = 0.00316885, max = 0.00520807 (C7)
[2026-07-19 17:13:53.031] [info] Frame 84 (t = 0.84):	 total squared error = 0.000271132, marker error: RMS = 0.00316890, max = 0.00546657 (R_Knee_Lateral)
[2026-07-19 17:13:53.039] [info] Frame 85 (t = 0.85):	 total squared error = 0.000272562, marker error: RMS = 0.00317725, max = 0.00569225 (R_Knee_Lateral)
[2026-07-19 17:13:53.048] [info] Frame 86 (t = 0.86):	 total squared error = 0.000267375, marker error: RMS = 0.00314687, max = 0.00581958 (R_Knee_Lateral)
[2026-07-19 17:13:53.064] [info] Frame 87 (t = 0.87):	 total squared error = 0.000248057, marker error: RMS = 0.00303105, max = 0.00525165 (R_Knee_Lateral)
[2026-07-19 17:13:53.072] [info] Frame 88 (t = 0.88):	 total squared error = 0.000244671, marker error: RMS = 0.00301029, max = 0.00534630 (R_Knee_Lateral)
[2026-07-19 17:13:53.082] [info] Frame 89 (t = 0.89):	 total squared error = 0.000243554, marker error: RMS = 0.00300342, max = 0.00542544 (R_Knee_Lateral)
[2026-07-19 17:13:53.097] [info] Frame 90 (t = 0.9):	 total squared error = 0.000235729, marker error: RMS = 0.00295478, max = 0.00516700 (R_Shank_Lateral)
[2026-07-19 17:13:53.105] [info] Frame 91 (t = 0.91):	 total squared error = 0.000239589, marker error: RMS = 0.00297887, max = 0.00528610 (R_Shank_Lateral)
[2026-07-19 17:13:53.121] [info] Frame 92 (t = 0.92):	 total squared error = 0.000240336, marker error: RMS = 0.00298351, max = 0.00585608 (R_Shank_Lateral)
[2026-07-19 17:13:53.130] [info] Frame 93 (t = 0.93):	 total squared error = 0.000245633, marker error: RMS = 0.00301621, max = 0.00594507 (R_Shank_Lateral)
[2026-07-19 17:13:53.137] [info] Frame 94 (t = 0.94):	 total squared error = 0.000254946, marker error: RMS = 0.00307286, max = 0.00604051 (R_Shank_Lateral)
[2026-07-19 17:13:53.159] [info] Frame 95 (t = 0.95):	 total squared error = 0.000250150, marker error: RMS = 0.00304382, max = 0.00652415 (R_Shank_Lateral)
[2026-07-19 17:13:53.169] [info] Frame 96 (t = 0.96):	 total squared error = 0.000254363, marker error: RMS = 0.00306934, max = 0.00651750 (R_Shank_Lateral)
[2026-07-19 17:13:53.185] [info] Frame 97 (t = 0.97):	 total squared error = 0.000252571, marker error: RMS = 0.00305851, max = 0.00676706 (R_Shank_Lateral)
[2026-07-19 17:13:53.194] [info] Frame 98 (t = 0.98):	 total squared error = 0.000259499, marker error: RMS = 0.00310018, max = 0.00671212 (R_Shank_Lateral)
[2026-07-19 17:13:53.207] [info] Frame 99 (t = 0.99):	 total squared error = 0.000256194, marker error: RMS = 0.00308037, max = 0.00660197 (R_Shank_Lateral)
[2026-07-19 17:13:53.226] [info] Frame 100 (t = 1.0):	 total squared error = 0.000256665, marker error: RMS = 0.00308320, max = 0.00683344 (R_Shank_Lateral)
[2026-07-19 17:13:53.239] [info] Frame 101 (t = 1.01):	 total squared error = 0.000264380, marker error: RMS = 0.00312919, max = 0.00660847 (R_Shank_Lateral)
[2026-07-19 17:13:53.263] [info] Frame 102 (t = 1.02):	 total squared error = 0.000264779, marker error: RMS = 0.00313155, max = 0.00677941 (R_Shank_Lateral)
[2026-07-19 17:13:53.282] [info] Frame 103 (t = 1.03):	 total squared error = 0.000270427, marker error: RMS = 0.00316478, max = 0.00673299 (R_Shank_Lateral)
[2026-07-19 17:13:53.299] [info] Frame 104 (t = 1.04):	 total squared error = 0.000277313, marker error: RMS = 0.00320481, max = 0.00665967 (R_Shank_Lateral)
[2026-07-19 17:13:53.317] [info] Frame 105 (t = 1.05):	 total squared error = 0.000280408, marker error: RMS = 0.00322265, max = 0.00684153 (R_Shank_Lateral)
[2026-07-19 17:13:53.337] [info] Frame 106 (t = 1.06):	 total squared error = 0.000283898, marker error: RMS = 0.00324264, max = 0.00691989 (R_Shank_Lateral)
[2026-07-19 17:13:53.349] [info] Frame 107 (t = 1.07):	 total squared error = 0.000289662, marker error: RMS = 0.00327540, max = 0.00678543 (R_Shank_Lateral)
[2026-07-19 17:13:53.363] [info] Frame 108 (t = 1.08):	 total squared error = 0.000293620, marker error: RMS = 0.00329770, max = 0.00682103 (R_Shank_Lateral)
[2026-07-19 17:13:53.382] [info] Frame 109 (t = 1.09):	 total squared error = 0.000290402, marker error: RMS = 0.00327958, max = 0.00712399 (R_Shank_Lateral)
[2026-07-19 17:13:53.396] [info] Frame 110 (t = 1.1):	 total squared error = 0.000294427, marker error: RMS = 0.00330223, max = 0.00709919 (R_Shank_Lateral)
[2026-07-19 17:13:53.410] [info] Frame 111 (t = 1.11):	 total squared error = 0.000299186, marker error: RMS = 0.00332881, max = 0.00716269 (R_Shank_Lateral)
[2026-07-19 17:13:53.425] [info] Frame 112 (t = 1.12):	 total squared error = 0.000301921, marker error: RMS = 0.00334399, max = 0.00730809 (R_Shank_Lateral)
[2026-07-19 17:13:53.447] [info] Frame 113 (t = 1.13):	 total squared error = 0.000304470, marker error: RMS = 0.00335807, max = 0.00739057 (R_Shank_Lateral)
[2026-07-19 17:13:53.457] [info] Frame 114 (t = 1.14):	 total squared error = 0.000311914, marker error: RMS = 0.00339888, max = 0.00708581 (R_Shank_Lateral)
[2026-07-19 17:13:53.468] [info] Frame 115 (t = 1.15):	 total squared error = 0.000318212, marker error: RMS = 0.00343302, max = 0.00696839 (R_Shank_Lateral)
[2026-07-19 17:13:53.484] [info] Frame 116 (t = 1.16):	 total squared error = 0.000317219, marker error: RMS = 0.00342766, max = 0.00719388 (R_Shank_Lateral)
[2026-07-19 17:13:53.496] [info] Frame 117 (t = 1.17):	 total squared error = 0.000322451, marker error: RMS = 0.00345581, max = 0.00682579 (R_Shank_Lateral)
[2026-07-19 17:13:53.521] [info] Frame 118 (t = 1.18):	 total squared error = 0.000312822, marker error: RMS = 0.00340382, max = 0.00684545 (R_Shank_Lateral)
[2026-07-19 17:13:53.532] [info] Frame 119 (t = 1.19):	 total squared error = 0.000316348, marker error: RMS = 0.00342295, max = 0.00644251 (R_Shank_Lateral)
[2026-07-19 17:13:53.547] [info] Frame 120 (t = 1.2):	 total squared error = 0.000315733, marker error: RMS = 0.00341962, max = 0.00658793 (R_Shank_Lateral)
[2026-07-19 17:13:53.559] [info] Frame 121 (t = 1.21):	 total squared error = 0.000321025, marker error: RMS = 0.00344816, max = 0.00612648 (R_Shank_Lateral)
[2026-07-19 17:13:53.584] [info] Frame 122 (t = 1.22):	 total squared error = 0.000316886, marker error: RMS = 0.00342586, max = 0.00604087 (L_Knee_Lateral)
[2026-07-19 17:13:53.594] [info] Frame 123 (t = 1.23):	 total squared error = 0.000323549, marker error: RMS = 0.00346169, max = 0.00621418 (L_Knee_Lateral)
[2026-07-19 17:13:53.604] [info] Frame 124 (t = 1.24):	 total squared error = 0.000333014, marker error: RMS = 0.00351196, max = 0.00649054 (L_Knee_Lateral)
[2026-07-19 17:13:53.620] [info] Frame 125 (t = 1.25):	 total squared error = 0.000330573, marker error: RMS = 0.00349906, max = 0.00629155 (L_Ankle_Lateral)
[2026-07-19 17:13:53.636] [info] Frame 126 (t = 1.26):	 total squared error = 0.000334113, marker error: RMS = 0.00351775, max = 0.00633071 (L_Ankle_Lateral)
[2026-07-19 17:13:53.648] [info] Frame 127 (t = 1.27):	 total squared error = 0.000340164, marker error: RMS = 0.00354946, max = 0.00646278 (L_Knee_Lateral)
[2026-07-19 17:13:53.660] [info] Frame 128 (t = 1.28):	 total squared error = 0.000345830, marker error: RMS = 0.00357890, max = 0.00632674 (L_Knee_Lateral)
[2026-07-19 17:13:53.680] [info] Frame 129 (t = 1.29):	 total squared error = 0.000350745, marker error: RMS = 0.00360424, max = 0.00624305 (L_Ankle_Lateral)
[2026-07-19 17:13:53.685] [info] Frame 130 (t = 1.3):	 total squared error = 0.000366749, marker error: RMS = 0.00368555, max = 0.00656664 (L_Knee_Lateral)
[2026-07-19 17:13:53.703] [info] Frame 131 (t = 1.31):	 total squared error = 0.000370701, marker error: RMS = 0.00370536, max = 0.00658350 (Thoracic)
[2026-07-19 17:13:53.708] [info] Frame 132 (t = 1.32):	 total squared error = 0.000391359, marker error: RMS = 0.00380720, max = 0.00683096 (Thoracic)
[2026-07-19 17:13:53.727] [info] Frame 133 (t = 1.33):	 total squared error = 0.000395327, marker error: RMS = 0.00382645, max = 0.00724319 (Thoracic)
[2026-07-19 17:13:53.738] [info] Frame 134 (t = 1.34):	 total squared error = 0.000412889, marker error: RMS = 0.00391052, max = 0.00743584 (Thoracic)
[2026-07-19 17:13:53.752] [info] Frame 135 (t = 1.35):	 total squared error = 0.000424789, marker error: RMS = 0.00396648, max = 0.00766409 (Thoracic)
[2026-07-19 17:13:53.773] [info] Frame 136 (t = 1.36):	 total squared error = 0.000434859, marker error: RMS = 0.00401322, max = 0.00787718 (Thoracic)
[2026-07-19 17:13:53.784] [info] Frame 137 (t = 1.37):	 total squared error = 0.000453213, marker error: RMS = 0.00409703, max = 0.00803257 (Thoracic)
[2026-07-19 17:13:53.798] [info] Frame 138 (t = 1.38):	 total squared error = 0.000463799, marker error: RMS = 0.00414460, max = 0.00821891 (Thoracic)
[2026-07-19 17:13:53.815] [info] Frame 139 (t = 1.39):	 total squared error = 0.000477338, marker error: RMS = 0.00420466, max = 0.00841797 (Thoracic)
[2026-07-19 17:13:53.825] [info] Frame 140 (t = 1.4):	 total squared error = 0.000498941, marker error: RMS = 0.00429876, max = 0.00877737 (Thoracic)
[2026-07-19 17:13:53.845] [info] Frame 141 (t = 1.41):	 total squared error = 0.000509434, marker error: RMS = 0.00434372, max = 0.00910142 (Thoracic)
[2026-07-19 17:13:53.864] [info] Frame 142 (t = 1.42):	 total squared error = 0.000528262, marker error: RMS = 0.00442326, max = 0.00965895 (Thoracic)
[2026-07-19 17:13:53.886] [info] Frame 143 (t = 1.43):	 total squared error = 0.000547841, marker error: RMS = 0.00450449, max = 0.0102786 (Thoracic)
[2026-07-19 17:13:53.902] [info] Frame 144 (t = 1.44):	 total squared error = 0.000570989, marker error: RMS = 0.00459867, max = 0.0110491 (Thoracic)
[2026-07-19 17:13:53.913] [info] Frame 145 (t = 1.45):	 total squared error = 0.000597704, marker error: RMS = 0.00470502, max = 0.0118707 (Thoracic)
[2026-07-19 17:13:53.926] [info] Frame 146 (t = 1.46):	 total squared error = 0.000616377, marker error: RMS = 0.00477795, max = 0.0125201 (Thoracic)
[2026-07-19 17:13:53.948] [info] Frame 147 (t = 1.47):	 total squared error = 0.000625704, marker error: RMS = 0.00481396, max = 0.0129857 (Thoracic)
[2026-07-19 17:13:53.967] [info] Frame 148 (t = 1.48):	 total squared error = 0.000636199, marker error: RMS = 0.00485416, max = 0.0134039 (Thoracic)
[2026-07-19 17:13:53.986] [info] Frame 149 (t = 1.49):	 total squared error = 0.000638944, marker error: RMS = 0.00486463, max = 0.0135064 (Thoracic)
[2026-07-19 17:13:54.002] [info] Frame 150 (t = 1.5):	 total squared error = 0.000637585, marker error: RMS = 0.00485945, max = 0.0134105 (Thoracic)
[2026-07-19 17:13:54.012] [info] Frame 151 (t = 1.51):	 total squared error = 0.000638872, marker error: RMS = 0.00486435, max = 0.0131862 (Thoracic)
[2026-07-19 17:13:54.037] [info] Frame 152 (t = 1.52):	 total squared error = 0.000616787, marker error: RMS = 0.00477954, max = 0.0126831 (Thoracic)
[2026-07-19 17:13:54.050] [info] Frame 153 (t = 1.53):	 total squared error = 0.000607852, marker error: RMS = 0.00474479, max = 0.0121989 (Thoracic)
[2026-07-19 17:13:54.066] [info] Frame 154 (t = 1.54):	 total squared error = 0.000595426, marker error: RMS = 0.00469604, max = 0.0117443 (Thoracic)
[2026-07-19 17:13:54.093] [info] Frame 155 (t = 1.55):	 total squared error = 0.000581660, marker error: RMS = 0.00464144, max = 0.0113076 (Thoracic)
[2026-07-19 17:13:54.105] [info] Frame 156 (t = 1.56):	 total squared error = 0.000575085, marker error: RMS = 0.00461513, max = 0.0108842 (Thoracic)
[2026-07-19 17:13:54.120] [info] Frame 157 (t = 1.57):	 total squared error = 0.000565106, marker error: RMS = 0.00457491, max = 0.0106435 (Thoracic)
[2026-07-19 17:13:54.143] [info] Frame 158 (t = 1.58):	 total squared error = 0.000554856, marker error: RMS = 0.00453323, max = 0.0104302 (Thoracic)
[2026-07-19 17:13:54.157] [info] Frame 159 (t = 1.59):	 total squared error = 0.000551458, marker error: RMS = 0.00451933, max = 0.0102187 (Thoracic)
[2026-07-19 17:13:54.179] [info] Frame 160 (t = 1.6):	 total squared error = 0.000542765, marker error: RMS = 0.00448357, max = 0.0101686 (Thoracic)
[2026-07-19 17:13:54.193] [info] Frame 161 (t = 1.61):	 total squared error = 0.000541427, marker error: RMS = 0.00447804, max = 0.0100726 (Thoracic)
[2026-07-19 17:13:54.215] [info] Frame 162 (t = 1.62):	 total squared error = 0.000530901, marker error: RMS = 0.00443430, max = 0.0101103 (Thoracic)
[2026-07-19 17:13:54.228] [info] Frame 163 (t = 1.63):	 total squared error = 0.000525123, marker error: RMS = 0.00441010, max = 0.0100399 (Thoracic)
[2026-07-19 17:13:54.247] [info] Frame 164 (t = 1.64):	 total squared error = 0.000513169, marker error: RMS = 0.00435962, max = 0.0100743 (Thoracic)
[2026-07-19 17:13:54.265] [info] Frame 165 (t = 1.65):	 total squared error = 0.000497957, marker error: RMS = 0.00429452, max = 0.00999181 (Thoracic)
[2026-07-19 17:13:54.276] [info] Frame 166 (t = 1.66):	 total squared error = 0.000483164, marker error: RMS = 0.00423024, max = 0.00978705 (Thoracic)
[2026-07-19 17:13:54.287] [info] Frame 167 (t = 1.67):	 total squared error = 0.000463546, marker error: RMS = 0.00414347, max = 0.00965204 (Thoracic)
[2026-07-19 17:13:54.304] [info] Frame 168 (t = 1.68):	 total squared error = 0.000438387, marker error: RMS = 0.00402946, max = 0.00950553 (Thoracic)
[2026-07-19 17:13:54.321] [info] Frame 169 (t = 1.69):	 total squared error = 0.000416783, marker error: RMS = 0.00392892, max = 0.00929986 (Thoracic)
[2026-07-19 17:13:54.335] [info] Frame 170 (t = 1.7):	 total squared error = 0.000398383, marker error: RMS = 0.00384121, max = 0.00903958 (Thoracic)
[2026-07-19 17:13:54.348] [info] Frame 171 (t = 1.71):	 total squared error = 0.000382132, marker error: RMS = 0.00376205, max = 0.00879662 (Thoracic)
[2026-07-19 17:13:54.363] [info] Frame 172 (t = 1.72):	 total squared error = 0.000367447, marker error: RMS = 0.00368906, max = 0.00867526 (Thoracic)
[2026-07-19 17:13:54.377] [info] Frame 173 (t = 1.73):	 total squared error = 0.000356611, marker error: RMS = 0.00363425, max = 0.00852803 (Thoracic)
[2026-07-19 17:13:54.391] [info] Frame 174 (t = 1.74):	 total squared error = 0.000349708, marker error: RMS = 0.00359891, max = 0.00839860 (Thoracic)
[2026-07-19 17:13:54.407] [info] Frame 175 (t = 1.75):	 total squared error = 0.000344735, marker error: RMS = 0.00357323, max = 0.00833959 (Thoracic)
[2026-07-19 17:13:54.422] [info] Frame 176 (t = 1.76):	 total squared error = 0.000344823, marker error: RMS = 0.00357369, max = 0.00830077 (Thoracic)
[2026-07-19 17:13:54.444] [info] Frame 177 (t = 1.77):	 total squared error = 0.000346552, marker error: RMS = 0.00358263, max = 0.00828584 (Thoracic)
[2026-07-19 17:13:54.463] [info] Frame 178 (t = 1.78):	 total squared error = 0.000355524, marker error: RMS = 0.00362871, max = 0.00826178 (Thoracic)
[2026-07-19 17:13:54.478] [info] Frame 179 (t = 1.79):	 total squared error = 0.000371656, marker error: RMS = 0.00371013, max = 0.00819826 (Thoracic)
[2026-07-19 17:13:54.497] [info] Frame 180 (t = 1.8):	 total squared error = 0.000389951, marker error: RMS = 0.00380035, max = 0.00817877 (Thoracic)
[2026-07-19 17:13:54.514] [info] Frame 181 (t = 1.81):	 total squared error = 0.000419193, marker error: RMS = 0.00394026, max = 0.00801082 (Thoracic)
[2026-07-19 17:13:54.531] [info] Frame 182 (t = 1.82):	 total squared error = 0.000447448, marker error: RMS = 0.00407089, max = 0.00792206 (Thoracic)
[2026-07-19 17:13:54.550] [info] Frame 183 (t = 1.83):	 total squared error = 0.000479975, marker error: RMS = 0.00421626, max = 0.00778061 (Thoracic)
[2026-07-19 17:13:54.568] [info] Frame 184 (t = 1.84):	 total squared error = 0.000514054, marker error: RMS = 0.00436337, max = 0.00806735 (R_Knee_Lateral)
[2026-07-19 17:13:54.587] [info] Frame 185 (t = 1.85):	 total squared error = 0.000546675, marker error: RMS = 0.00449969, max = 0.00856145 (R_Knee_Lateral)
[2026-07-19 17:13:54.608] [info] Frame 186 (t = 1.86):	 total squared error = 0.000582543, marker error: RMS = 0.00464496, max = 0.00926449 (R_Knee_Lateral)
[2026-07-19 17:13:54.629] [info] Frame 187 (t = 1.87):	 total squared error = 0.000620023, marker error: RMS = 0.00479206, max = 0.0101747 (R_Knee_Lateral)
[2026-07-19 17:13:54.650] [info] Frame 188 (t = 1.88):	 total squared error = 0.000662622, marker error: RMS = 0.00495394, max = 0.0106422 (R_Knee_Lateral)
[2026-07-19 17:13:54.667] [info] Frame 189 (t = 1.89):	 total squared error = 0.000713682, marker error: RMS = 0.00514127, max = 0.0116013 (R_Knee_Lateral)
[2026-07-19 17:13:54.684] [info] Frame 190 (t = 1.9):	 total squared error = 0.000774606, marker error: RMS = 0.00535622, max = 0.0122193 (R_Knee_Lateral)
[2026-07-19 17:13:54.701] [info] Frame 191 (t = 1.91):	 total squared error = 0.000848749, marker error: RMS = 0.00560671, max = 0.0125843 (R_Knee_Lateral)
[2026-07-19 17:13:54.713] [info] Frame 192 (t = 1.92):	 total squared error = 0.000938806, marker error: RMS = 0.00589666, max = 0.013628 (R_Knee_Lateral)
[2026-07-19 17:13:54.730] [info] Frame 193 (t = 1.93):	 total squared error = 0.00100885, marker error: RMS = 0.00611267, max = 0.0136825 (R_Knee_Lateral)
[2026-07-19 17:13:54.747] [info] Frame 194 (t = 1.94):	 total squared error = 0.00108829, marker error: RMS = 0.00634877, max = 0.0139249 (R_Knee_Lateral)
[2026-07-19 17:13:54.761] [info] Frame 195 (t = 1.95):	 total squared error = 0.00115995, marker error: RMS = 0.00655449, max = 0.0140340 (R_Knee_Lateral)
[2026-07-19 17:13:54.776] [info] Frame 196 (t = 1.96):	 total squared error = 0.00122407, marker error: RMS = 0.00673320, max = 0.0139664 (R_Knee_Lateral)
[2026-07-19 17:13:54.790] [info] Frame 197 (t = 1.97):	 total squared error = 0.00127905, marker error: RMS = 0.00688273, max = 0.0137703 (R_Knee_Lateral)
[2026-07-19 17:13:54.802] [info] Frame 198 (t = 1.98):	 total squared error = 0.00133176, marker error: RMS = 0.00702315, max = 0.0132291 (R_Knee_Lateral)
[2026-07-19 17:13:54.826] [info] Frame 199 (t = 1.99):	 total squared error = 0.00137892, marker error: RMS = 0.00714641, max = 0.0127774 (R_Knee_Lateral)
[2026-07-19 17:13:54.842] [info] Frame 200 (t = 2.0):	 total squared error = 0.00142569, marker error: RMS = 0.00726658, max = 0.0142487 (R_Shank_Lateral)
[2026-07-19 17:13:54.858] [info] Frame 201 (t = 2.01):	 total squared error = 0.00147075, marker error: RMS = 0.00738054, max = 0.015835 (R_Shank_Lateral)
[2026-07-19 17:13:54.876] [info] Frame 202 (t = 2.02):	 total squared error = 0.00150750, marker error: RMS = 0.00747217, max = 0.0171423 (R_Shank_Lateral)
[2026-07-19 17:13:54.888] [info] Frame 203 (t = 2.03):	 total squared error = 0.00154493, marker error: RMS = 0.00756436, max = 0.0181924 (R_Shank_Lateral)
[2026-07-19 17:13:54.919] [info] Frame 204 (t = 2.04):	 total squared error = 0.00151955, marker error: RMS = 0.00750197, max = 0.0181834 (Thoracic)
[2026-07-19 17:13:54.937] [info] Frame 205 (t = 2.05):	 total squared error = 0.00148893, marker error: RMS = 0.00742599, max = 0.0187798 (Thoracic)
[2026-07-19 17:13:54.955] [info] Frame 206 (t = 2.06):	 total squared error = 0.00143750, marker error: RMS = 0.00729663, max = 0.019149 (Thoracic)
[2026-07-19 17:13:54.985] [info] Frame 207 (t = 2.07):	 total squared error = 0.00135370, marker error: RMS = 0.00708075, max = 0.019556 (Thoracic)
[2026-07-19 17:13:55.006] [info] Frame 208 (t = 2.08):	 total squared error = 0.00127536, marker error: RMS = 0.00687282, max = 0.0193614 (Thoracic)
[2026-07-19 17:13:55.023] [info] Frame 209 (t = 2.09):	 total squared error = 0.00120358, marker error: RMS = 0.00667662, max = 0.0188728 (Thoracic)
[2026-07-19 17:13:55.045] [info] Frame 210 (t = 2.1):	 total squared error = 0.00112981, marker error: RMS = 0.00646874, max = 0.0185932 (Thoracic)
[2026-07-19 17:13:55.063] [info] Frame 211 (t = 2.11):	 total squared error = 0.00106632, marker error: RMS = 0.00628438, max = 0.0181187 (Thoracic)
[2026-07-19 17:13:55.076] [info] Frame 212 (t = 2.12):	 total squared error = 0.00101800, marker error: RMS = 0.00614035, max = 0.0174735 (Thoracic)
[2026-07-19 17:13:55.096] [info] Frame 213 (t = 2.13):	 total squared error = 0.000963787, marker error: RMS = 0.00597460, max = 0.0170695 (Thoracic)
[2026-07-19 17:13:55.109] [info] Frame 214 (t = 2.14):	 total squared error = 0.000925447, marker error: RMS = 0.00585455, max = 0.0163238 (Thoracic)
[2026-07-19 17:13:55.133] [info] Frame 215 (t = 2.15):	 total squared error = 0.000879698, marker error: RMS = 0.00570801, max = 0.0159834 (Thoracic)
[2026-07-19 17:13:55.147] [info] Frame 216 (t = 2.16):	 total squared error = 0.000837970, marker error: RMS = 0.00557099, max = 0.0155098 (Thoracic)
[2026-07-19 17:13:55.164] [info] Frame 217 (t = 2.17):	 total squared error = 0.000794791, marker error: RMS = 0.00542556, max = 0.0151865 (Thoracic)
[2026-07-19 17:13:55.176] [info] Frame 218 (t = 2.18):	 total squared error = 0.000751880, marker error: RMS = 0.00527706, max = 0.0148596 (Thoracic)
[2026-07-19 17:13:55.185] [info] Frame 219 (t = 2.19):	 total squared error = 0.000715421, marker error: RMS = 0.00514753, max = 0.0144644 (Thoracic)
[2026-07-19 17:13:55.208] [info] Frame 220 (t = 2.2):	 total squared error = 0.000673475, marker error: RMS = 0.00499435, max = 0.0145432 (Thoracic)
[2026-07-19 17:13:55.223] [info] Frame 221 (t = 2.21):	 total squared error = 0.000638732, marker error: RMS = 0.00486382, max = 0.0144342 (Thoracic)
[2026-07-19 17:13:55.241] [info] Frame 222 (t = 2.22):	 total squared error = 0.000609622, marker error: RMS = 0.00475169, max = 0.0144456 (Thoracic)
[2026-07-19 17:13:55.260] [info] Frame 223 (t = 2.23):	 total squared error = 0.000584241, marker error: RMS = 0.00465173, max = 0.0144995 (Thoracic)
[2026-07-19 17:13:55.280] [info] Frame 224 (t = 2.24):	 total squared error = 0.000562910, marker error: RMS = 0.00456602, max = 0.0146080 (Thoracic)
[2026-07-19 17:13:55.297] [info] Frame 225 (t = 2.25):	 total squared error = 0.000545836, marker error: RMS = 0.00449624, max = 0.0147899 (Thoracic)
[2026-07-19 17:13:55.311] [info] Frame 226 (t = 2.26):	 total squared error = 0.000533395, marker error: RMS = 0.00444470, max = 0.0149375 (Thoracic)
[2026-07-19 17:13:55.329] [info] Frame 227 (t = 2.27):	 total squared error = 0.000524553, marker error: RMS = 0.00440771, max = 0.0151112 (Thoracic)
[2026-07-19 17:13:55.347] [info] Frame 228 (t = 2.28):	 total squared error = 0.000518170, marker error: RMS = 0.00438081, max = 0.0152359 (Thoracic)
[2026-07-19 17:13:55.364] [info] Frame 229 (t = 2.29):	 total squared error = 0.000515568, marker error: RMS = 0.00436980, max = 0.0152837 (Thoracic)
[2026-07-19 17:13:55.386] [info] Frame 230 (t = 2.3):	 total squared error = 0.000513240, marker error: RMS = 0.00435992, max = 0.0152545 (Thoracic)
[2026-07-19 17:13:55.412] [info] Frame 231 (t = 2.31):	 total squared error = 0.000512492, marker error: RMS = 0.00435674, max = 0.0151522 (Thoracic)
[2026-07-19 17:13:55.430] [info] Frame 232 (t = 2.32):	 total squared error = 0.000512884, marker error: RMS = 0.00435841, max = 0.0148913 (Thoracic)
[2026-07-19 17:13:55.446] [info] Frame 233 (t = 2.33):	 total squared error = 0.000511757, marker error: RMS = 0.00435362, max = 0.0145736 (Thoracic)
[2026-07-19 17:13:55.455] [info] Frame 234 (t = 2.34):	 total squared error = 0.000513332, marker error: RMS = 0.00436031, max = 0.0141664 (Thoracic)
[2026-07-19 17:13:55.466] [info] Frame 235 (t = 2.35):	 total squared error = 0.000505166, marker error: RMS = 0.00432549, max = 0.0136104 (Thoracic)
[2026-07-19 17:13:55.482] [info] Frame 236 (t = 2.36):	 total squared error = 0.000489899, marker error: RMS = 0.00425962, max = 0.0131296 (Thoracic)
[2026-07-19 17:13:55.491] [info] Frame 237 (t = 2.37):	 total squared error = 0.000477172, marker error: RMS = 0.00420393, max = 0.0125718 (Thoracic)
[2026-07-19 17:13:55.499] [info] Frame 238 (t = 2.38):	 total squared error = 0.000465658, marker error: RMS = 0.00415290, max = 0.0119133 (Thoracic)
[2026-07-19 17:13:55.515] [info] Frame 239 (t = 2.39):	 total squared error = 0.000436019, marker error: RMS = 0.00401856, max = 0.0113344 (Thoracic)
[2026-07-19 17:13:55.534] [info] Frame 240 (t = 2.4):	 total squared error = 0.000414370, marker error: RMS = 0.00391753, max = 0.0107864 (Thoracic)
[2026-07-19 17:13:55.541] [info] Frame 241 (t = 2.41):	 total squared error = 0.000399557, marker error: RMS = 0.00384687, max = 0.0101843 (Thoracic)
[2026-07-19 17:13:55.550] [info] Frame 242 (t = 2.42):	 total squared error = 0.000390210, marker error: RMS = 0.00380161, max = 0.00959865 (Thoracic)
[2026-07-19 17:13:55.567] [info] Frame 243 (t = 2.43):	 total squared error = 0.000373291, marker error: RMS = 0.00371828, max = 0.00913971 (Thoracic)
[2026-07-19 17:13:55.581] [info] Frame 244 (t = 2.44):	 total squared error = 0.000368467, marker error: RMS = 0.00369418, max = 0.00871041 (Thoracic)
[2026-07-19 17:13:55.588] [info] Frame 245 (t = 2.45):	 total squared error = 0.000371185, marker error: RMS = 0.00370777, max = 0.00837389 (Thoracic)
[2026-07-19 17:13:55.604] [info] Frame 246 (t = 2.46):	 total squared error = 0.000373461, marker error: RMS = 0.00371912, max = 0.00830124 (R_Asis)
[2026-07-19 17:13:55.614] [info] Frame 247 (t = 2.47):	 total squared error = 0.000381820, marker error: RMS = 0.00376052, max = 0.00844940 (R_Asis)
[2026-07-19 17:13:55.622] [info] Frame 248 (t = 2.48):	 total squared error = 0.000392152, marker error: RMS = 0.00381106, max = 0.00860408 (R_Asis)
[2026-07-19 17:13:55.635] [info] Frame 249 (t = 2.49):	 total squared error = 0.000392708, marker error: RMS = 0.00381376, max = 0.00866885 (R_Asis)
[2026-07-19 17:13:55.646] [info] Frame 250 (t = 2.5):	 total squared error = 0.000395021, marker error: RMS = 0.00382497, max = 0.00853210 (R_Asis)
[2026-07-19 17:13:55.653] [info] Frame 251 (t = 2.51):	 total squared error = 0.000395982, marker error: RMS = 0.00382962, max = 0.00826153 (R_Knee_Lateral)
[2026-07-19 17:13:55.674] [info] Frame 252 (t = 2.52):	 total squared error = 0.000374030, marker error: RMS = 0.00372196, max = 0.00801895 (Thoracic)
[2026-07-19 17:13:55.681] [info] Frame 253 (t = 2.53):	 total squared error = 0.000363508, marker error: RMS = 0.00366923, max = 0.00800808 (Thoracic)
[2026-07-19 17:13:55.697] [info] Frame 254 (t = 2.54):	 total squared error = 0.000344005, marker error: RMS = 0.00356944, max = 0.00816671 (Thoracic)
[2026-07-19 17:13:55.712] [info] Frame 255 (t = 2.55):	 total squared error = 0.000331195, marker error: RMS = 0.00350236, max = 0.00824889 (Thoracic)
[2026-07-19 17:13:55.727] [info] Frame 256 (t = 2.56):	 total squared error = 0.000323128, marker error: RMS = 0.00345944, max = 0.00832784 (Thoracic)
[2026-07-19 17:13:55.744] [info] Frame 257 (t = 2.57):	 total squared error = 0.000319047, marker error: RMS = 0.00343752, max = 0.00842393 (Thoracic)
[2026-07-19 17:13:55.762] [info] Frame 258 (t = 2.58):	 total squared error = 0.000319863, marker error: RMS = 0.00344192, max = 0.00851105 (Thoracic)
[2026-07-19 17:13:55.778] [info] Frame 259 (t = 2.59):	 total squared error = 0.000331774, marker error: RMS = 0.00350542, max = 0.00857499 (Thoracic)
[2026-07-19 17:13:55.792] [info] Frame 260 (t = 2.6):	 total squared error = 0.000347465, marker error: RMS = 0.00358735, max = 0.00872475 (Thoracic)
[2026-07-19 17:13:55.811] [info] Frame 261 (t = 2.61):	 total squared error = 0.000356386, marker error: RMS = 0.00363311, max = 0.00881392 (Thoracic)
[2026-07-19 17:13:55.836] [info] Frame 262 (t = 2.62):	 total squared error = 0.000367650, marker error: RMS = 0.00369008, max = 0.00878358 (Thoracic)
[2026-07-19 17:13:55.852] [info] Frame 263 (t = 2.63):	 total squared error = 0.000384556, marker error: RMS = 0.00377396, max = 0.00885703 (Thoracic)
[2026-07-19 17:13:55.862] [info] Frame 264 (t = 2.64):	 total squared error = 0.000406531, marker error: RMS = 0.00388030, max = 0.00880574 (Thoracic)
[2026-07-19 17:13:55.880] [info] Frame 265 (t = 2.65):	 total squared error = 0.000412658, marker error: RMS = 0.00390943, max = 0.00883661 (Thoracic)
[2026-07-19 17:13:55.889] [info] Frame 266 (t = 2.66):	 total squared error = 0.000432740, marker error: RMS = 0.00400343, max = 0.00875243 (Thoracic)
[2026-07-19 17:13:55.909] [info] Frame 267 (t = 2.67):	 total squared error = 0.000426127, marker error: RMS = 0.00397272, max = 0.00851670 (Thoracic)
[2026-07-19 17:13:55.920] [info] Frame 268 (t = 2.68):	 total squared error = 0.000432090, marker error: RMS = 0.00400042, max = 0.00825968 (Thoracic)
[2026-07-19 17:13:55.932] [info] Frame 269 (t = 2.69):	 total squared error = 0.000427500, marker error: RMS = 0.00397911, max = 0.00771509 (Thoracic)
[2026-07-19 17:13:55.950] [info] Frame 270 (t = 2.7):	 total squared error = 0.000409355, marker error: RMS = 0.00389375, max = 0.00727488 (Thoracic)
[2026-07-19 17:13:55.965] [info] Frame 271 (t = 2.71):	 total squared error = 0.000398363, marker error: RMS = 0.00384112, max = 0.00695202 (L_Asis)
[2026-07-19 17:13:55.973] [info] Frame 272 (t = 2.72):	 total squared error = 0.000392556, marker error: RMS = 0.00381302, max = 0.00718576 (L_Asis)
[2026-07-19 17:13:55.991] [info] Frame 273 (t = 2.73):	 total squared error = 0.000373223, marker error: RMS = 0.00371794, max = 0.00654532 (L_Asis)
[2026-07-19 17:13:56.003] [info] Frame 274 (t = 2.74):	 total squared error = 0.000366570, marker error: RMS = 0.00368465, max = 0.00664988 (L_Asis)
[2026-07-19 17:13:56.016] [info] Frame 275 (t = 2.75):	 total squared error = 0.000361862, marker error: RMS = 0.00366092, max = 0.00669288 (L_Asis)
[2026-07-19 17:13:56.043] [info] Frame 276 (t = 2.76):	 total squared error = 0.000333171, marker error: RMS = 0.00351279, max = 0.00571691 (Thoracic)
[2026-07-19 17:13:56.052] [info] Frame 277 (t = 2.77):	 total squared error = 0.000328935, marker error: RMS = 0.00349038, max = 0.00603905 (Thoracic)
[2026-07-19 17:13:56.070] [info] Frame 278 (t = 2.78):	 total squared error = 0.000319758, marker error: RMS = 0.00344135, max = 0.00634468 (Thoracic)
[2026-07-19 17:13:56.078] [info] Frame 279 (t = 2.79):	 total squared error = 0.000327828, marker error: RMS = 0.00348450, max = 0.00659052 (Thoracic)
[2026-07-19 17:13:56.086] [info] Frame 280 (t = 2.8):	 total squared error = 0.000348213, marker error: RMS = 0.00359121, max = 0.00679696 (Thoracic)
[2026-07-19 17:13:56.112] [info] Frame 281 (t = 2.81):	 total squared error = 0.000360995, marker error: RMS = 0.00365652, max = 0.00688113 (Thoracic)
[2026-07-19 17:13:56.120] [info] Frame 282 (t = 2.82):	 total squared error = 0.000399045, marker error: RMS = 0.00384441, max = 0.00712674 (Thoracic)
[2026-07-19 17:13:56.128] [info] Frame 283 (t = 2.83):	 total squared error = 0.000441241, marker error: RMS = 0.00404255, max = 0.00742422 (Thoracic)
[2026-07-19 17:13:56.138] [info] Frame 284 (t = 2.84):	 total squared error = 0.000480468, marker error: RMS = 0.00421842, max = 0.00784261 (Thoracic)
[2026-07-19 17:13:56.149] [info] Frame 285 (t = 2.85):	 total squared error = 0.000513244, marker error: RMS = 0.00435994, max = 0.00834287 (Thoracic)
[2026-07-19 17:13:56.166] [info] Frame 286 (t = 2.86):	 total squared error = 0.000521980, marker error: RMS = 0.00439689, max = 0.00892760 (Thoracic)
[2026-07-19 17:13:56.178] [info] Frame 287 (t = 2.87):	 total squared error = 0.000533650, marker error: RMS = 0.00444576, max = 0.00941557 (Thoracic)
[2026-07-19 17:13:56.187] [info] Frame 288 (t = 2.88):	 total squared error = 0.000539772, marker error: RMS = 0.00447119, max = 0.00972679 (Thoracic)
[2026-07-19 17:13:56.212] [info] Frame 289 (t = 2.89):	 total squared error = 0.000519218, marker error: RMS = 0.00438524, max = 0.00995451 (Thoracic)
[2026-07-19 17:13:56.222] [info] Frame 290 (t = 2.9):	 total squared error = 0.000511953, marker error: RMS = 0.00435445, max = 0.00973203 (Thoracic)
[2026-07-19 17:13:56.239] [info] Frame 291 (t = 2.91):	 total squared error = 0.000496494, marker error: RMS = 0.00428820, max = 0.00946187 (Thoracic)
[2026-07-19 17:13:56.257] [info] Frame 292 (t = 2.92):	 total squared error = 0.000488573, marker error: RMS = 0.00425386, max = 0.00897350 (Thoracic)
[2026-07-19 17:13:56.267] [info] Frame 293 (t = 2.93):	 total squared error = 0.000492360, marker error: RMS = 0.00427031, max = 0.00862281 (L_Knee_Lateral)
[2026-07-19 17:13:56.282] [info] Frame 294 (t = 2.94):	 total squared error = 0.000493273, marker error: RMS = 0.00427427, max = 0.00843424 (L_Ankle_Lateral)
[2026-07-19 17:13:56.293] [info] Frame 295 (t = 2.95):	 total squared error = 0.000513067, marker error: RMS = 0.00435918, max = 0.00881047 (L_Knee_Lateral)
[2026-07-19 17:13:56.308] [info] Frame 296 (t = 2.96):	 total squared error = 0.000526729, marker error: RMS = 0.00441684, max = 0.00871120 (L_Knee_Lateral)
[2026-07-19 17:13:56.324] [info] Frame 297 (t = 2.97):	 total squared error = 0.000553633, marker error: RMS = 0.00452823, max = 0.00892992 (L_Knee_Lateral)
[2026-07-19 17:13:56.332] [info] Frame 298 (t = 2.98):	 total squared error = 0.000595278, marker error: RMS = 0.00469546, max = 0.00927098 (L_Knee_Lateral)
[2026-07-19 17:13:56.348] [info] Frame 299 (t = 2.99):	 total squared error = 0.000627831, marker error: RMS = 0.00482214, max = 0.0100615 (Thoracic)
[2026-07-19 17:13:56.364] [info] Frame 300 (t = 3.0):	 total squared error = 0.000671899, marker error: RMS = 0.00498850, max = 0.0112178 (Thoracic)
[2026-07-19 17:13:56.393] [info] Frame 301 (t = 3.01):	 total squared error = 0.000714226, marker error: RMS = 0.00514323, max = 0.0124426 (Thoracic)
[2026-07-19 17:13:56.408] [info] Frame 302 (t = 3.02):	 total squared error = 0.000756757, marker error: RMS = 0.00529415, max = 0.0135853 (Thoracic)
[2026-07-19 17:13:56.423] [info] Frame 303 (t = 3.03):	 total squared error = 0.000791517, marker error: RMS = 0.00541437, max = 0.0145734 (Thoracic)
[2026-07-19 17:13:56.438] [info] Frame 304 (t = 3.04):	 total squared error = 0.000813437, marker error: RMS = 0.00548883, max = 0.0153001 (Thoracic)
[2026-07-19 17:13:56.460] [info] Frame 305 (t = 3.05):	 total squared error = 0.000822784, marker error: RMS = 0.00552028, max = 0.0157492 (Thoracic)
[2026-07-19 17:13:56.472] [info] Frame 306 (t = 3.06):	 total squared error = 0.000824021, marker error: RMS = 0.00552443, max = 0.0158889 (Thoracic)
[2026-07-19 17:13:56.486] [info] Frame 307 (t = 3.07):	 total squared error = 0.000811734, marker error: RMS = 0.00548308, max = 0.0157709 (Thoracic)
[2026-07-19 17:13:56.506] [info] Frame 308 (t = 3.08):	 total squared error = 0.000792492, marker error: RMS = 0.00541771, max = 0.0154801 (Thoracic)
[2026-07-19 17:13:56.520] [info] Frame 309 (t = 3.09):	 total squared error = 0.000773374, marker error: RMS = 0.00535196, max = 0.0150115 (Thoracic)
[2026-07-19 17:13:56.536] [info] Frame 310 (t = 3.1):	 total squared error = 0.000749596, marker error: RMS = 0.00526904, max = 0.0144384 (Thoracic)
[2026-07-19 17:13:56.553] [info] Frame 311 (t = 3.11):	 total squared error = 0.000725337, marker error: RMS = 0.00518308, max = 0.013793 (Thoracic)
[2026-07-19 17:13:56.568] [info] Frame 312 (t = 3.12):	 total squared error = 0.000706100, marker error: RMS = 0.00511389, max = 0.0131136 (Thoracic)
[2026-07-19 17:13:56.582] [info] Frame 313 (t = 3.13):	 total squared error = 0.000688721, marker error: RMS = 0.00505056, max = 0.0124504 (Thoracic)
[2026-07-19 17:13:56.590] [info] Frame 314 (t = 3.14):	 total squared error = 0.000680271, marker error: RMS = 0.00501948, max = 0.0118402 (Thoracic)
[2026-07-19 17:13:56.607] [info] Frame 315 (t = 3.15):	 total squared error = 0.000655250, marker error: RMS = 0.00492631, max = 0.0113071 (Thoracic)
[2026-07-19 17:13:56.620] [info] Frame 316 (t = 3.16):	 total squared error = 0.000646298, marker error: RMS = 0.00489254, max = 0.0108798 (Thoracic)
[2026-07-19 17:13:56.638] [info] Frame 317 (t = 3.17):	 total squared error = 0.000636530, marker error: RMS = 0.00485543, max = 0.0105981 (Thoracic)
[2026-07-19 17:13:56.647] [info] Frame 318 (t = 3.18):	 total squared error = 0.000637432, marker error: RMS = 0.00485887, max = 0.0103986 (Thoracic)
[2026-07-19 17:13:56.673] [info] Frame 319 (t = 3.19):	 total squared error = 0.000627044, marker error: RMS = 0.00481911, max = 0.0103296 (Thoracic)
[2026-07-19 17:13:56.686] [info] Frame 320 (t = 3.2):	 total squared error = 0.000627933, marker error: RMS = 0.00482253, max = 0.0103199 (Thoracic)
[2026-07-19 17:13:56.697] [info] Frame 321 (t = 3.21):	 total squared error = 0.000633433, marker error: RMS = 0.00484360, max = 0.0103033 (Thoracic)
[2026-07-19 17:13:56.713] [info] Frame 322 (t = 3.22):	 total squared error = 0.000630861, marker error: RMS = 0.00483376, max = 0.0103947 (Thoracic)
[2026-07-19 17:13:56.727] [info] Frame 323 (t = 3.23):	 total squared error = 0.000631390, marker error: RMS = 0.00483579, max = 0.0103549 (Thoracic)
[2026-07-19 17:13:56.742] [info] Frame 324 (t = 3.24):	 total squared error = 0.000630840, marker error: RMS = 0.00483368, max = 0.0102832 (Thoracic)
[2026-07-19 17:13:56.753] [info] Frame 325 (t = 3.25):	 total squared error = 0.000633024, marker error: RMS = 0.00484204, max = 0.0100333 (Thoracic)
[2026-07-19 17:13:56.765] [info] Frame 326 (t = 3.26):	 total squared error = 0.000625652, marker error: RMS = 0.00481376, max = 0.00995190 (Thoracic)
[2026-07-19 17:13:56.779] [info] Frame 327 (t = 3.27):	 total squared error = 0.000617850, marker error: RMS = 0.00478365, max = 0.00971930 (Thoracic)
[2026-07-19 17:13:56.793] [info] Frame 328 (t = 3.28):	 total squared error = 0.000610764, marker error: RMS = 0.00475614, max = 0.00947659 (Thoracic)
[2026-07-19 17:13:56.813] [info] Frame 329 (t = 3.29):	 total squared error = 0.000601531, marker error: RMS = 0.00472006, max = 0.00920494 (Thoracic)
[2026-07-19 17:13:56.826] [info] Frame 330 (t = 3.3):	 total squared error = 0.000597753, marker error: RMS = 0.00470521, max = 0.00900227 (Thoracic)
[2026-07-19 17:13:56.839] [info] Frame 331 (t = 3.31):	 total squared error = 0.000595359, marker error: RMS = 0.00469578, max = 0.00893947 (R_Thigh_Lateral)
[2026-07-19 17:13:56.854] [info] Frame 332 (t = 3.32):	 total squared error = 0.000593710, marker error: RMS = 0.00468927, max = 0.00899827 (R_Thigh_Lateral)
[2026-07-19 17:13:56.868] [info] Frame 333 (t = 3.33):	 total squared error = 0.000590510, marker error: RMS = 0.00467662, max = 0.00893482 (R_Thigh_Lateral)
[2026-07-19 17:13:56.884] [info] Frame 334 (t = 3.34):	 total squared error = 0.000590705, marker error: RMS = 0.00467739, max = 0.00892409 (R_Thigh_Lateral)
[2026-07-19 17:13:56.900] [info] Frame 335 (t = 3.35):	 total squared error = 0.000588719, marker error: RMS = 0.00466952, max = 0.00884430 (R_Thigh_Lateral)
[2026-07-19 17:13:56.915] [info] Frame 336 (t = 3.36):	 total squared error = 0.000586304, marker error: RMS = 0.00465993, max = 0.00873744 (R_Thigh_Lateral)
[2026-07-19 17:13:56.931] [info] Frame 337 (t = 3.37):	 total squared error = 0.000584438, marker error: RMS = 0.00465251, max = 0.00859598 (R_Thigh_Lateral)
[2026-07-19 17:13:56.952] [info] Frame 338 (t = 3.38):	 total squared error = 0.000579812, marker error: RMS = 0.00463406, max = 0.00845101 (Sternum)
[2026-07-19 17:13:56.972] [info] Frame 339 (t = 3.39):	 total squared error = 0.000583083, marker error: RMS = 0.00464711, max = 0.00886168 (L_Shoulder)
[2026-07-19 17:13:56.988] [info] Frame 340 (t = 3.4):	 total squared error = 0.000591806, marker error: RMS = 0.00468175, max = 0.00922386 (L_Shoulder)
[2026-07-19 17:13:57.006] [info] Frame 341 (t = 3.41):	 total squared error = 0.000605505, marker error: RMS = 0.00473562, max = 0.00954307 (L_Shoulder)
[2026-07-19 17:13:57.023] [info] Frame 342 (t = 3.42):	 total squared error = 0.000619814, marker error: RMS = 0.00479125, max = 0.00959077 (L_Shoulder)
[2026-07-19 17:13:57.043] [info] Frame 343 (t = 3.43):	 total squared error = 0.000632881, marker error: RMS = 0.00484149, max = 0.00947459 (L_Shoulder)
[2026-07-19 17:13:57.067] [info] Frame 344 (t = 3.44):	 total squared error = 0.000644251, marker error: RMS = 0.00488479, max = 0.00936629 (L_Shoulder)
[2026-07-19 17:13:57.091] [info] Frame 345 (t = 3.45):	 total squared error = 0.000651833, marker error: RMS = 0.00491345, max = 0.00915177 (L_Shoulder)
[2026-07-19 17:13:57.113] [info] Frame 346 (t = 3.46):	 total squared error = 0.000655969, marker error: RMS = 0.00492901, max = 0.00918738 (R_Elbow)
[2026-07-19 17:13:57.136] [info] Frame 347 (t = 3.47):	 total squared error = 0.000657749, marker error: RMS = 0.00493569, max = 0.00929168 (R_Elbow)
[2026-07-19 17:13:57.150] [info] Frame 348 (t = 3.48):	 total squared error = 0.000660526, marker error: RMS = 0.00494610, max = 0.00925321 (R_Elbow)
[2026-07-19 17:13:57.166] [info] Frame 349 (t = 3.49):	 total squared error = 0.000667544, marker error: RMS = 0.00497231, max = 0.00936666 (R_Elbow)
[2026-07-19 17:13:57.191] [info] Frame 350 (t = 3.5):	 total squared error = 0.000670199, marker error: RMS = 0.00498219, max = 0.00900125 (R_Elbow)
[2026-07-19 17:13:57.207] [info] Frame 351 (t = 3.51):	 total squared error = 0.000687529, marker error: RMS = 0.00504619, max = 0.0102227 (R_Knee_Lateral)
[2026-07-19 17:13:57.225] [info] Frame 352 (t = 3.52):	 total squared error = 0.000711966, marker error: RMS = 0.00513508, max = 0.0110609 (R_Knee_Lateral)
[2026-07-19 17:13:57.251] [info] Frame 353 (t = 3.53):	 total squared error = 0.000748203, marker error: RMS = 0.00526414, max = 0.0115331 (R_Knee_Lateral)
[2026-07-19 17:13:57.267] [info] Frame 354 (t = 3.54):	 total squared error = 0.000804430, marker error: RMS = 0.00545836, max = 0.0127972 (R_Knee_Lateral)
[2026-07-19 17:13:57.279] [info] Frame 355 (t = 3.55):	 total squared error = 0.000894631, marker error: RMS = 0.00575626, max = 0.014158 (R_Knee_Lateral)
[2026-07-19 17:13:57.306] [info] Frame 356 (t = 3.56):	 total squared error = 0.000951550, marker error: RMS = 0.00593655, max = 0.0139656 (R_Knee_Lateral)
[2026-07-19 17:13:57.324] [info] Frame 357 (t = 3.57):	 total squared error = 0.00103605, marker error: RMS = 0.00619452, max = 0.0148172 (R_Knee_Lateral)
[2026-07-19 17:13:57.339] [info] Frame 358 (t = 3.58):	 total squared error = 0.00111791, marker error: RMS = 0.00643461, max = 0.0152176 (R_Knee_Lateral)
[2026-07-19 17:13:57.353] [info] Frame 359 (t = 3.59):	 total squared error = 0.00119482, marker error: RMS = 0.00665227, max = 0.0156419 (R_Knee_Lateral)
[2026-07-19 17:13:57.370] [info] Frame 360 (t = 3.6):	 total squared error = 0.00126068, marker error: RMS = 0.00683314, max = 0.0158083 (R_Knee_Lateral)
[2026-07-19 17:13:57.386] [info] Frame 361 (t = 3.61):	 total squared error = 0.00131543, marker error: RMS = 0.00697996, max = 0.015858 (R_Knee_Lateral)
[2026-07-19 17:13:57.401] [info] Frame 362 (t = 3.62):	 total squared error = 0.00135414, marker error: RMS = 0.00708190, max = 0.0156877 (R_Knee_Lateral)
[2026-07-19 17:13:57.421] [info] Frame 363 (t = 3.63):	 total squared error = 0.00138063, marker error: RMS = 0.00715084, max = 0.0154090 (R_Knee_Lateral)
[2026-07-19 17:13:57.434] [info] Frame 364 (t = 3.64):	 total squared error = 0.00139705, marker error: RMS = 0.00719323, max = 0.0150080 (R_Knee_Lateral)
[2026-07-19 17:13:57.449] [info] Frame 365 (t = 3.65):	 total squared error = 0.00140348, marker error: RMS = 0.00720977, max = 0.0145689 (R_Knee_Lateral)
[2026-07-19 17:13:57.465] [info] Frame 366 (t = 3.66):	 total squared error = 0.00140147, marker error: RMS = 0.00720459, max = 0.0139617 (R_Knee_Lateral)
[2026-07-19 17:13:57.481] [info] Frame 367 (t = 3.67):	 total squared error = 0.00139262, marker error: RMS = 0.00718181, max = 0.0138177 (R_Thigh_Lateral)
[2026-07-19 17:13:57.497] [info] Frame 368 (t = 3.68):	 total squared error = 0.00137477, marker error: RMS = 0.00713563, max = 0.0140885 (R_Shank_Lateral)
[2026-07-19 17:13:57.511] [info] Frame 369 (t = 3.69):	 total squared error = 0.00135461, marker error: RMS = 0.00708313, max = 0.0144786 (R_Shank_Lateral)
[2026-07-19 17:13:57.529] [info] Frame 370 (t = 3.7):	 total squared error = 0.00131233, marker error: RMS = 0.00697171, max = 0.0144068 (R_Shank_Lateral)
[2026-07-19 17:13:57.533] [info] InverseKinematicsTool completed 321 frames in 5 second(s).
[2026-07-19 17:13:57.566] [info] Loaded model TCV36-scaled from file C:\Users\lucia\Desktop\TFG\2_JMP\TVC36\Walk_1\TVC36_1_JMP_results\TVC36_1_NMSM_JMP_06_shoulder_elbow.osim
[2026-07-19 17:13:58.098] [warning] Coordinate.setValue:  coordinate pro_sup_r is locked. Unable to change its value.
[2026-07-19 17:13:58.130] [warning] Coordinate.setValue:  coordinate pro_sup_l is locked. Unable to change its value.
[2026-07-19 17:14:41.264] [info] Loaded model TCV36-scaled from file C:\Users\lucia\Desktop\TFG\2_JMP\TVC36\Walk_1\TVC36_1_JMP_results\TVC36_1_NMSM_JMP_06_shoulder_elbow.osim
[2026-07-19 17:14:41.273] [cout] [info] 
               MODEL: TCV36-scaled
         coordinates: 41
              forces: 103
           actuators: 103
             muscles: 86
            analyses: 0
              probes: 0
              bodies: 24
              joints: 24
         constraints: 2
             markers: 27
         controllers: 0
  contact geometries: 0
misc modelcomponents: 0
[2026-07-19 17:14:41.274] [info] Running tool .
[2026-07-19 17:14:41.367] [info] Frame 50 (t = 0.5):	 total squared error = 0.00115829, marker error: RMS = 0.00654977, max = 0.0132379 (L_Shank_Lateral)
[2026-07-19 17:14:41.384] [info] Frame 51 (t = 0.51):	 total squared error = 0.00115474, marker error: RMS = 0.00653974, max = 0.0131993 (L_Shank_Lateral)
[2026-07-19 17:14:41.403] [info] Frame 52 (t = 0.52):	 total squared error = 0.00115049, marker error: RMS = 0.00652768, max = 0.013178 (L_Shank_Lateral)
[2026-07-19 17:14:41.432] [info] Frame 53 (t = 0.53):	 total squared error = 0.00113451, marker error: RMS = 0.00648220, max = 0.0134667 (L_Shank_Lateral)
[2026-07-19 17:14:41.457] [info] Frame 54 (t = 0.54):	 total squared error = 0.00111836, marker error: RMS = 0.00643588, max = 0.0134754 (L_Shank_Lateral)
[2026-07-19 17:14:41.477] [info] Frame 55 (t = 0.55):	 total squared error = 0.00110074, marker error: RMS = 0.00638500, max = 0.0133422 (L_Shank_Lateral)
[2026-07-19 17:14:41.505] [info] Frame 56 (t = 0.56):	 total squared error = 0.00107387, marker error: RMS = 0.00630657, max = 0.0132719 (L_Shank_Lateral)
[2026-07-19 17:14:41.531] [info] Frame 57 (t = 0.57):	 total squared error = 0.00104161, marker error: RMS = 0.00621113, max = 0.0131171 (L_Shank_Lateral)
[2026-07-19 17:14:41.548] [info] Frame 58 (t = 0.58):	 total squared error = 0.00100821, marker error: RMS = 0.00611075, max = 0.0128199 (L_Shank_Lateral)
[2026-07-19 17:14:41.575] [info] Frame 59 (t = 0.59):	 total squared error = 0.000949665, marker error: RMS = 0.00593066, max = 0.0127621 (L_Shank_Lateral)
[2026-07-19 17:14:41.590] [info] Frame 60 (t = 0.6):	 total squared error = 0.000896869, marker error: RMS = 0.00576345, max = 0.0124578 (L_Shank_Lateral)
[2026-07-19 17:14:41.618] [info] Frame 61 (t = 0.61):	 total squared error = 0.000832352, marker error: RMS = 0.00555228, max = 0.0121956 (L_Shank_Lateral)
[2026-07-19 17:14:41.636] [info] Frame 62 (t = 0.62):	 total squared error = 0.000776311, marker error: RMS = 0.00536211, max = 0.0118699 (L_Shank_Lateral)
[2026-07-19 17:14:41.648] [info] Frame 63 (t = 0.63):	 total squared error = 0.000729638, marker error: RMS = 0.00519843, max = 0.0114769 (L_Shank_Lateral)
[2026-07-19 17:14:41.663] [info] Frame 64 (t = 0.64):	 total squared error = 0.000683069, marker error: RMS = 0.00502980, max = 0.0110052 (L_Shank_Lateral)
[2026-07-19 17:14:41.679] [info] Frame 65 (t = 0.65):	 total squared error = 0.000643675, marker error: RMS = 0.00488260, max = 0.0107032 (L_Shank_Lateral)
[2026-07-19 17:14:41.696] [info] Frame 66 (t = 0.66):	 total squared error = 0.000610295, marker error: RMS = 0.00475432, max = 0.0102883 (L_Shank_Lateral)
[2026-07-19 17:14:41.704] [info] Frame 67 (t = 0.67):	 total squared error = 0.000584015, marker error: RMS = 0.00465083, max = 0.0102806 (L_Shank_Lateral)
[2026-07-19 17:14:41.722] [info] Frame 68 (t = 0.68):	 total squared error = 0.000549997, marker error: RMS = 0.00451334, max = 0.00928831 (L_Shank_Lateral)
[2026-07-19 17:14:41.735] [info] Frame 69 (t = 0.69):	 total squared error = 0.000519554, marker error: RMS = 0.00438665, max = 0.00902505 (L_Shank_Lateral)
[2026-07-19 17:14:41.756] [info] Frame 70 (t = 0.7):	 total squared error = 0.000490134, marker error: RMS = 0.00426065, max = 0.00822805 (L_Shank_Lateral)
[2026-07-19 17:14:41.776] [info] Frame 71 (t = 0.71):	 total squared error = 0.000461197, marker error: RMS = 0.00413296, max = 0.00768268 (L_Shank_Lateral)
[2026-07-19 17:14:41.793] [info] Frame 72 (t = 0.72):	 total squared error = 0.000434125, marker error: RMS = 0.00400983, max = 0.00755786 (C7)
[2026-07-19 17:14:41.812] [info] Frame 73 (t = 0.73):	 total squared error = 0.000407630, marker error: RMS = 0.00388554, max = 0.00747967 (C7)
[2026-07-19 17:14:41.829] [info] Frame 74 (t = 0.74):	 total squared error = 0.000383702, marker error: RMS = 0.00376977, max = 0.00734515 (C7)
[2026-07-19 17:14:41.849] [info] Frame 75 (t = 0.75):	 total squared error = 0.000360364, marker error: RMS = 0.00365333, max = 0.00723588 (C7)
[2026-07-19 17:14:41.865] [info] Frame 76 (t = 0.76):	 total squared error = 0.000338890, marker error: RMS = 0.00354281, max = 0.00697637 (C7)
[2026-07-19 17:14:41.883] [info] Frame 77 (t = 0.77):	 total squared error = 0.000320331, marker error: RMS = 0.00344443, max = 0.00673622 (C7)
[2026-07-19 17:14:41.903] [info] Frame 78 (t = 0.78):	 total squared error = 0.000302737, marker error: RMS = 0.00334850, max = 0.00655506 (C7)
[2026-07-19 17:14:41.917] [info] Frame 79 (t = 0.79):	 total squared error = 0.000291163, marker error: RMS = 0.00328387, max = 0.00624853 (C7)
[2026-07-19 17:14:41.925] [info] Frame 80 (t = 0.8):	 total squared error = 0.000289808, marker error: RMS = 0.00327622, max = 0.00594879 (C7)
[2026-07-19 17:14:41.942] [info] Frame 81 (t = 0.81):	 total squared error = 0.000277487, marker error: RMS = 0.00320582, max = 0.00573172 (C7)
[2026-07-19 17:14:41.952] [info] Frame 82 (t = 0.82):	 total squared error = 0.000277180, marker error: RMS = 0.00320405, max = 0.00546031 (C7)
[2026-07-19 17:14:41.967] [info] Frame 83 (t = 0.83):	 total squared error = 0.000271123, marker error: RMS = 0.00316885, max = 0.00520807 (C7)
[2026-07-19 17:14:41.974] [info] Frame 84 (t = 0.84):	 total squared error = 0.000271132, marker error: RMS = 0.00316890, max = 0.00546657 (R_Knee_Lateral)
[2026-07-19 17:14:41.982] [info] Frame 85 (t = 0.85):	 total squared error = 0.000272562, marker error: RMS = 0.00317725, max = 0.00569225 (R_Knee_Lateral)
[2026-07-19 17:14:41.990] [info] Frame 86 (t = 0.86):	 total squared error = 0.000267375, marker error: RMS = 0.00314687, max = 0.00581958 (R_Knee_Lateral)
[2026-07-19 17:14:42.007] [info] Frame 87 (t = 0.87):	 total squared error = 0.000248057, marker error: RMS = 0.00303105, max = 0.00525165 (R_Knee_Lateral)
[2026-07-19 17:14:42.016] [info] Frame 88 (t = 0.88):	 total squared error = 0.000244671, marker error: RMS = 0.00301029, max = 0.00534630 (R_Knee_Lateral)
[2026-07-19 17:14:42.026] [info] Frame 89 (t = 0.89):	 total squared error = 0.000243554, marker error: RMS = 0.00300342, max = 0.00542544 (R_Knee_Lateral)
[2026-07-19 17:14:42.042] [info] Frame 90 (t = 0.9):	 total squared error = 0.000235729, marker error: RMS = 0.00295478, max = 0.00516700 (R_Shank_Lateral)
[2026-07-19 17:14:42.050] [info] Frame 91 (t = 0.91):	 total squared error = 0.000239589, marker error: RMS = 0.00297887, max = 0.00528610 (R_Shank_Lateral)
[2026-07-19 17:14:42.067] [info] Frame 92 (t = 0.92):	 total squared error = 0.000240336, marker error: RMS = 0.00298351, max = 0.00585608 (R_Shank_Lateral)
[2026-07-19 17:14:42.077] [info] Frame 93 (t = 0.93):	 total squared error = 0.000245633, marker error: RMS = 0.00301621, max = 0.00594507 (R_Shank_Lateral)
[2026-07-19 17:14:42.084] [info] Frame 94 (t = 0.94):	 total squared error = 0.000254946, marker error: RMS = 0.00307286, max = 0.00604051 (R_Shank_Lateral)
[2026-07-19 17:14:42.105] [info] Frame 95 (t = 0.95):	 total squared error = 0.000250150, marker error: RMS = 0.00304382, max = 0.00652415 (R_Shank_Lateral)
[2026-07-19 17:14:42.114] [info] Frame 96 (t = 0.96):	 total squared error = 0.000254363, marker error: RMS = 0.00306934, max = 0.00651750 (R_Shank_Lateral)
[2026-07-19 17:14:42.132] [info] Frame 97 (t = 0.97):	 total squared error = 0.000252571, marker error: RMS = 0.00305851, max = 0.00676706 (R_Shank_Lateral)
[2026-07-19 17:14:42.143] [info] Frame 98 (t = 0.98):	 total squared error = 0.000259499, marker error: RMS = 0.00310018, max = 0.00671212 (R_Shank_Lateral)
[2026-07-19 17:14:42.159] [info] Frame 99 (t = 0.99):	 total squared error = 0.000256194, marker error: RMS = 0.00308037, max = 0.00660197 (R_Shank_Lateral)
[2026-07-19 17:14:42.178] [info] Frame 100 (t = 1.0):	 total squared error = 0.000256665, marker error: RMS = 0.00308320, max = 0.00683344 (R_Shank_Lateral)
[2026-07-19 17:14:42.187] [info] Frame 101 (t = 1.01):	 total squared error = 0.000264380, marker error: RMS = 0.00312919, max = 0.00660847 (R_Shank_Lateral)
[2026-07-19 17:14:42.210] [info] Frame 102 (t = 1.02):	 total squared error = 0.000264779, marker error: RMS = 0.00313155, max = 0.00677941 (R_Shank_Lateral)
[2026-07-19 17:14:42.229] [info] Frame 103 (t = 1.03):	 total squared error = 0.000270427, marker error: RMS = 0.00316478, max = 0.00673299 (R_Shank_Lateral)
[2026-07-19 17:14:42.245] [info] Frame 104 (t = 1.04):	 total squared error = 0.000277313, marker error: RMS = 0.00320481, max = 0.00665967 (R_Shank_Lateral)
[2026-07-19 17:14:42.263] [info] Frame 105 (t = 1.05):	 total squared error = 0.000280408, marker error: RMS = 0.00322265, max = 0.00684153 (R_Shank_Lateral)
[2026-07-19 17:14:42.281] [info] Frame 106 (t = 1.06):	 total squared error = 0.000283898, marker error: RMS = 0.00324264, max = 0.00691989 (R_Shank_Lateral)
[2026-07-19 17:14:42.294] [info] Frame 107 (t = 1.07):	 total squared error = 0.000289662, marker error: RMS = 0.00327540, max = 0.00678543 (R_Shank_Lateral)
[2026-07-19 17:14:42.308] [info] Frame 108 (t = 1.08):	 total squared error = 0.000293620, marker error: RMS = 0.00329770, max = 0.00682103 (R_Shank_Lateral)
[2026-07-19 17:14:42.326] [info] Frame 109 (t = 1.09):	 total squared error = 0.000290402, marker error: RMS = 0.00327958, max = 0.00712399 (R_Shank_Lateral)
[2026-07-19 17:14:42.340] [info] Frame 110 (t = 1.1):	 total squared error = 0.000294427, marker error: RMS = 0.00330223, max = 0.00709919 (R_Shank_Lateral)
[2026-07-19 17:14:42.355] [info] Frame 111 (t = 1.11):	 total squared error = 0.000299186, marker error: RMS = 0.00332881, max = 0.00716269 (R_Shank_Lateral)
[2026-07-19 17:14:42.371] [info] Frame 112 (t = 1.12):	 total squared error = 0.000301921, marker error: RMS = 0.00334399, max = 0.00730809 (R_Shank_Lateral)
[2026-07-19 17:14:42.392] [info] Frame 113 (t = 1.13):	 total squared error = 0.000304470, marker error: RMS = 0.00335807, max = 0.00739057 (R_Shank_Lateral)
[2026-07-19 17:14:42.403] [info] Frame 114 (t = 1.14):	 total squared error = 0.000311914, marker error: RMS = 0.00339888, max = 0.00708581 (R_Shank_Lateral)
[2026-07-19 17:14:42.415] [info] Frame 115 (t = 1.15):	 total squared error = 0.000318212, marker error: RMS = 0.00343302, max = 0.00696839 (R_Shank_Lateral)
[2026-07-19 17:14:42.430] [info] Frame 116 (t = 1.16):	 total squared error = 0.000317219, marker error: RMS = 0.00342766, max = 0.00719388 (R_Shank_Lateral)
[2026-07-19 17:14:42.442] [info] Frame 117 (t = 1.17):	 total squared error = 0.000322451, marker error: RMS = 0.00345581, max = 0.00682579 (R_Shank_Lateral)
[2026-07-19 17:14:42.466] [info] Frame 118 (t = 1.18):	 total squared error = 0.000312822, marker error: RMS = 0.00340382, max = 0.00684545 (R_Shank_Lateral)
[2026-07-19 17:14:42.477] [info] Frame 119 (t = 1.19):	 total squared error = 0.000316348, marker error: RMS = 0.00342295, max = 0.00644251 (R_Shank_Lateral)
[2026-07-19 17:14:42.492] [info] Frame 120 (t = 1.2):	 total squared error = 0.000315733, marker error: RMS = 0.00341962, max = 0.00658793 (R_Shank_Lateral)
[2026-07-19 17:14:42.503] [info] Frame 121 (t = 1.21):	 total squared error = 0.000321025, marker error: RMS = 0.00344816, max = 0.00612648 (R_Shank_Lateral)
[2026-07-19 17:14:42.533] [info] Frame 122 (t = 1.22):	 total squared error = 0.000316886, marker error: RMS = 0.00342586, max = 0.00604087 (L_Knee_Lateral)
[2026-07-19 17:14:42.544] [info] Frame 123 (t = 1.23):	 total squared error = 0.000323549, marker error: RMS = 0.00346169, max = 0.00621418 (L_Knee_Lateral)
[2026-07-19 17:14:42.554] [info] Frame 124 (t = 1.24):	 total squared error = 0.000333014, marker error: RMS = 0.00351196, max = 0.00649054 (L_Knee_Lateral)
[2026-07-19 17:14:42.569] [info] Frame 125 (t = 1.25):	 total squared error = 0.000330573, marker error: RMS = 0.00349906, max = 0.00629155 (L_Ankle_Lateral)
[2026-07-19 17:14:42.587] [info] Frame 126 (t = 1.26):	 total squared error = 0.000334113, marker error: RMS = 0.00351775, max = 0.00633071 (L_Ankle_Lateral)
[2026-07-19 17:14:42.599] [info] Frame 127 (t = 1.27):	 total squared error = 0.000340164, marker error: RMS = 0.00354946, max = 0.00646278 (L_Knee_Lateral)
[2026-07-19 17:14:42.612] [info] Frame 128 (t = 1.28):	 total squared error = 0.000345830, marker error: RMS = 0.00357890, max = 0.00632674 (L_Knee_Lateral)
[2026-07-19 17:14:42.629] [info] Frame 129 (t = 1.29):	 total squared error = 0.000350745, marker error: RMS = 0.00360424, max = 0.00624305 (L_Ankle_Lateral)
[2026-07-19 17:14:42.633] [info] Frame 130 (t = 1.3):	 total squared error = 0.000366749, marker error: RMS = 0.00368555, max = 0.00656664 (L_Knee_Lateral)
[2026-07-19 17:14:42.649] [info] Frame 131 (t = 1.31):	 total squared error = 0.000370701, marker error: RMS = 0.00370536, max = 0.00658350 (Thoracic)
[2026-07-19 17:14:42.656] [info] Frame 132 (t = 1.32):	 total squared error = 0.000391359, marker error: RMS = 0.00380720, max = 0.00683096 (Thoracic)
[2026-07-19 17:14:42.678] [info] Frame 133 (t = 1.33):	 total squared error = 0.000395327, marker error: RMS = 0.00382645, max = 0.00724319 (Thoracic)
[2026-07-19 17:14:42.691] [info] Frame 134 (t = 1.34):	 total squared error = 0.000412889, marker error: RMS = 0.00391052, max = 0.00743584 (Thoracic)
[2026-07-19 17:14:42.703] [info] Frame 135 (t = 1.35):	 total squared error = 0.000424789, marker error: RMS = 0.00396648, max = 0.00766409 (Thoracic)
[2026-07-19 17:14:42.720] [info] Frame 136 (t = 1.36):	 total squared error = 0.000434859, marker error: RMS = 0.00401322, max = 0.00787718 (Thoracic)
[2026-07-19 17:14:42.730] [info] Frame 137 (t = 1.37):	 total squared error = 0.000453213, marker error: RMS = 0.00409703, max = 0.00803257 (Thoracic)
[2026-07-19 17:14:42.745] [info] Frame 138 (t = 1.38):	 total squared error = 0.000463799, marker error: RMS = 0.00414460, max = 0.00821891 (Thoracic)
[2026-07-19 17:14:42.762] [info] Frame 139 (t = 1.39):	 total squared error = 0.000477338, marker error: RMS = 0.00420466, max = 0.00841797 (Thoracic)
[2026-07-19 17:14:42.772] [info] Frame 140 (t = 1.4):	 total squared error = 0.000498941, marker error: RMS = 0.00429876, max = 0.00877737 (Thoracic)
[2026-07-19 17:14:42.793] [info] Frame 141 (t = 1.41):	 total squared error = 0.000509434, marker error: RMS = 0.00434372, max = 0.00910142 (Thoracic)
[2026-07-19 17:14:42.813] [info] Frame 142 (t = 1.42):	 total squared error = 0.000528262, marker error: RMS = 0.00442326, max = 0.00965895 (Thoracic)
[2026-07-19 17:14:42.838] [info] Frame 143 (t = 1.43):	 total squared error = 0.000547841, marker error: RMS = 0.00450449, max = 0.0102786 (Thoracic)
[2026-07-19 17:14:42.855] [info] Frame 144 (t = 1.44):	 total squared error = 0.000570989, marker error: RMS = 0.00459867, max = 0.0110491 (Thoracic)
[2026-07-19 17:14:42.867] [info] Frame 145 (t = 1.45):	 total squared error = 0.000597704, marker error: RMS = 0.00470502, max = 0.0118707 (Thoracic)
[2026-07-19 17:14:42.883] [info] Frame 146 (t = 1.46):	 total squared error = 0.000616377, marker error: RMS = 0.00477795, max = 0.0125201 (Thoracic)
[2026-07-19 17:14:42.906] [info] Frame 147 (t = 1.47):	 total squared error = 0.000625704, marker error: RMS = 0.00481396, max = 0.0129857 (Thoracic)
[2026-07-19 17:14:42.928] [info] Frame 148 (t = 1.48):	 total squared error = 0.000636199, marker error: RMS = 0.00485416, max = 0.0134039 (Thoracic)
[2026-07-19 17:14:42.948] [info] Frame 149 (t = 1.49):	 total squared error = 0.000638944, marker error: RMS = 0.00486463, max = 0.0135064 (Thoracic)
[2026-07-19 17:14:42.966] [info] Frame 150 (t = 1.5):	 total squared error = 0.000637585, marker error: RMS = 0.00485945, max = 0.0134105 (Thoracic)
[2026-07-19 17:14:42.975] [info] Frame 151 (t = 1.51):	 total squared error = 0.000638872, marker error: RMS = 0.00486435, max = 0.0131862 (Thoracic)
[2026-07-19 17:14:43.001] [info] Frame 152 (t = 1.52):	 total squared error = 0.000616787, marker error: RMS = 0.00477954, max = 0.0126831 (Thoracic)
[2026-07-19 17:14:43.014] [info] Frame 153 (t = 1.53):	 total squared error = 0.000607852, marker error: RMS = 0.00474479, max = 0.0121989 (Thoracic)
[2026-07-19 17:14:43.029] [info] Frame 154 (t = 1.54):	 total squared error = 0.000595426, marker error: RMS = 0.00469604, max = 0.0117443 (Thoracic)
[2026-07-19 17:14:43.055] [info] Frame 155 (t = 1.55):	 total squared error = 0.000581660, marker error: RMS = 0.00464144, max = 0.0113076 (Thoracic)
[2026-07-19 17:14:43.067] [info] Frame 156 (t = 1.56):	 total squared error = 0.000575085, marker error: RMS = 0.00461513, max = 0.0108842 (Thoracic)
[2026-07-19 17:14:43.081] [info] Frame 157 (t = 1.57):	 total squared error = 0.000565106, marker error: RMS = 0.00457491, max = 0.0106435 (Thoracic)
[2026-07-19 17:14:43.102] [info] Frame 158 (t = 1.58):	 total squared error = 0.000554856, marker error: RMS = 0.00453323, max = 0.0104302 (Thoracic)
[2026-07-19 17:14:43.114] [info] Frame 159 (t = 1.59):	 total squared error = 0.000551458, marker error: RMS = 0.00451933, max = 0.0102187 (Thoracic)
[2026-07-19 17:14:43.135] [info] Frame 160 (t = 1.6):	 total squared error = 0.000542765, marker error: RMS = 0.00448357, max = 0.0101686 (Thoracic)
[2026-07-19 17:14:43.150] [info] Frame 161 (t = 1.61):	 total squared error = 0.000541427, marker error: RMS = 0.00447804, max = 0.0100726 (Thoracic)
[2026-07-19 17:14:43.173] [info] Frame 162 (t = 1.62):	 total squared error = 0.000530901, marker error: RMS = 0.00443430, max = 0.0101103 (Thoracic)
[2026-07-19 17:14:43.184] [info] Frame 163 (t = 1.63):	 total squared error = 0.000525123, marker error: RMS = 0.00441010, max = 0.0100399 (Thoracic)
[2026-07-19 17:14:43.201] [info] Frame 164 (t = 1.64):	 total squared error = 0.000513169, marker error: RMS = 0.00435962, max = 0.0100743 (Thoracic)
[2026-07-19 17:14:43.220] [info] Frame 165 (t = 1.65):	 total squared error = 0.000497957, marker error: RMS = 0.00429452, max = 0.00999181 (Thoracic)
[2026-07-19 17:14:43.230] [info] Frame 166 (t = 1.66):	 total squared error = 0.000483164, marker error: RMS = 0.00423024, max = 0.00978705 (Thoracic)
[2026-07-19 17:14:43.240] [info] Frame 167 (t = 1.67):	 total squared error = 0.000463546, marker error: RMS = 0.00414347, max = 0.00965204 (Thoracic)
[2026-07-19 17:14:43.257] [info] Frame 168 (t = 1.68):	 total squared error = 0.000438387, marker error: RMS = 0.00402946, max = 0.00950553 (Thoracic)
[2026-07-19 17:14:43.273] [info] Frame 169 (t = 1.69):	 total squared error = 0.000416783, marker error: RMS = 0.00392892, max = 0.00929986 (Thoracic)
[2026-07-19 17:14:43.286] [info] Frame 170 (t = 1.7):	 total squared error = 0.000398383, marker error: RMS = 0.00384121, max = 0.00903958 (Thoracic)
[2026-07-19 17:14:43.298] [info] Frame 171 (t = 1.71):	 total squared error = 0.000382132, marker error: RMS = 0.00376205, max = 0.00879662 (Thoracic)
[2026-07-19 17:14:43.311] [info] Frame 172 (t = 1.72):	 total squared error = 0.000367447, marker error: RMS = 0.00368906, max = 0.00867526 (Thoracic)
[2026-07-19 17:14:43.324] [info] Frame 173 (t = 1.73):	 total squared error = 0.000356611, marker error: RMS = 0.00363425, max = 0.00852803 (Thoracic)
[2026-07-19 17:14:43.337] [info] Frame 174 (t = 1.74):	 total squared error = 0.000349708, marker error: RMS = 0.00359891, max = 0.00839860 (Thoracic)
[2026-07-19 17:14:43.353] [info] Frame 175 (t = 1.75):	 total squared error = 0.000344735, marker error: RMS = 0.00357323, max = 0.00833959 (Thoracic)
[2026-07-19 17:14:43.367] [info] Frame 176 (t = 1.76):	 total squared error = 0.000344823, marker error: RMS = 0.00357369, max = 0.00830077 (Thoracic)
[2026-07-19 17:14:43.388] [info] Frame 177 (t = 1.77):	 total squared error = 0.000346552, marker error: RMS = 0.00358263, max = 0.00828584 (Thoracic)
[2026-07-19 17:14:43.407] [info] Frame 178 (t = 1.78):	 total squared error = 0.000355524, marker error: RMS = 0.00362871, max = 0.00826178 (Thoracic)
[2026-07-19 17:14:43.423] [info] Frame 179 (t = 1.79):	 total squared error = 0.000371656, marker error: RMS = 0.00371013, max = 0.00819826 (Thoracic)
[2026-07-19 17:14:43.444] [info] Frame 180 (t = 1.8):	 total squared error = 0.000389951, marker error: RMS = 0.00380035, max = 0.00817877 (Thoracic)
[2026-07-19 17:14:43.459] [info] Frame 181 (t = 1.81):	 total squared error = 0.000419193, marker error: RMS = 0.00394026, max = 0.00801082 (Thoracic)
[2026-07-19 17:14:43.476] [info] Frame 182 (t = 1.82):	 total squared error = 0.000447448, marker error: RMS = 0.00407089, max = 0.00792206 (Thoracic)
[2026-07-19 17:14:43.492] [info] Frame 183 (t = 1.83):	 total squared error = 0.000479975, marker error: RMS = 0.00421626, max = 0.00778061 (Thoracic)
[2026-07-19 17:14:43.508] [info] Frame 184 (t = 1.84):	 total squared error = 0.000514054, marker error: RMS = 0.00436337, max = 0.00806735 (R_Knee_Lateral)
[2026-07-19 17:14:43.528] [info] Frame 185 (t = 1.85):	 total squared error = 0.000546675, marker error: RMS = 0.00449969, max = 0.00856145 (R_Knee_Lateral)
[2026-07-19 17:14:43.549] [info] Frame 186 (t = 1.86):	 total squared error = 0.000582543, marker error: RMS = 0.00464496, max = 0.00926449 (R_Knee_Lateral)
[2026-07-19 17:14:43.569] [info] Frame 187 (t = 1.87):	 total squared error = 0.000620023, marker error: RMS = 0.00479206, max = 0.0101747 (R_Knee_Lateral)
[2026-07-19 17:14:43.589] [info] Frame 188 (t = 1.88):	 total squared error = 0.000662622, marker error: RMS = 0.00495394, max = 0.0106422 (R_Knee_Lateral)
[2026-07-19 17:14:43.605] [info] Frame 189 (t = 1.89):	 total squared error = 0.000713682, marker error: RMS = 0.00514127, max = 0.0116013 (R_Knee_Lateral)
[2026-07-19 17:14:43.623] [info] Frame 190 (t = 1.9):	 total squared error = 0.000774606, marker error: RMS = 0.00535622, max = 0.0122193 (R_Knee_Lateral)
[2026-07-19 17:14:43.640] [info] Frame 191 (t = 1.91):	 total squared error = 0.000848749, marker error: RMS = 0.00560671, max = 0.0125843 (R_Knee_Lateral)
[2026-07-19 17:14:43.652] [info] Frame 192 (t = 1.92):	 total squared error = 0.000938806, marker error: RMS = 0.00589666, max = 0.013628 (R_Knee_Lateral)
[2026-07-19 17:14:43.670] [info] Frame 193 (t = 1.93):	 total squared error = 0.00100885, marker error: RMS = 0.00611267, max = 0.0136825 (R_Knee_Lateral)
[2026-07-19 17:14:43.687] [info] Frame 194 (t = 1.94):	 total squared error = 0.00108829, marker error: RMS = 0.00634877, max = 0.0139249 (R_Knee_Lateral)
[2026-07-19 17:14:43.700] [info] Frame 195 (t = 1.95):	 total squared error = 0.00115995, marker error: RMS = 0.00655449, max = 0.0140340 (R_Knee_Lateral)
[2026-07-19 17:14:43.713] [info] Frame 196 (t = 1.96):	 total squared error = 0.00122407, marker error: RMS = 0.00673320, max = 0.0139664 (R_Knee_Lateral)
[2026-07-19 17:14:43.727] [info] Frame 197 (t = 1.97):	 total squared error = 0.00127905, marker error: RMS = 0.00688273, max = 0.0137703 (R_Knee_Lateral)
[2026-07-19 17:14:43.740] [info] Frame 198 (t = 1.98):	 total squared error = 0.00133176, marker error: RMS = 0.00702315, max = 0.0132291 (R_Knee_Lateral)
[2026-07-19 17:14:43.763] [info] Frame 199 (t = 1.99):	 total squared error = 0.00137892, marker error: RMS = 0.00714641, max = 0.0127774 (R_Knee_Lateral)
[2026-07-19 17:14:43.779] [info] Frame 200 (t = 2.0):	 total squared error = 0.00142569, marker error: RMS = 0.00726658, max = 0.0142487 (R_Shank_Lateral)
[2026-07-19 17:14:43.796] [info] Frame 201 (t = 2.01):	 total squared error = 0.00147075, marker error: RMS = 0.00738054, max = 0.015835 (R_Shank_Lateral)
[2026-07-19 17:14:43.812] [info] Frame 202 (t = 2.02):	 total squared error = 0.00150750, marker error: RMS = 0.00747217, max = 0.0171423 (R_Shank_Lateral)
[2026-07-19 17:14:43.823] [info] Frame 203 (t = 2.03):	 total squared error = 0.00154493, marker error: RMS = 0.00756436, max = 0.0181924 (R_Shank_Lateral)
[2026-07-19 17:14:43.852] [info] Frame 204 (t = 2.04):	 total squared error = 0.00151955, marker error: RMS = 0.00750197, max = 0.0181834 (Thoracic)
[2026-07-19 17:14:43.870] [info] Frame 205 (t = 2.05):	 total squared error = 0.00148893, marker error: RMS = 0.00742599, max = 0.0187798 (Thoracic)
[2026-07-19 17:14:43.886] [info] Frame 206 (t = 2.06):	 total squared error = 0.00143750, marker error: RMS = 0.00729663, max = 0.019149 (Thoracic)
[2026-07-19 17:14:43.914] [info] Frame 207 (t = 2.07):	 total squared error = 0.00135370, marker error: RMS = 0.00708075, max = 0.019556 (Thoracic)
[2026-07-19 17:14:43.933] [info] Frame 208 (t = 2.08):	 total squared error = 0.00127536, marker error: RMS = 0.00687282, max = 0.0193614 (Thoracic)
[2026-07-19 17:14:43.948] [info] Frame 209 (t = 2.09):	 total squared error = 0.00120358, marker error: RMS = 0.00667662, max = 0.0188728 (Thoracic)
[2026-07-19 17:14:43.970] [info] Frame 210 (t = 2.1):	 total squared error = 0.00112981, marker error: RMS = 0.00646874, max = 0.0185932 (Thoracic)
[2026-07-19 17:14:43.987] [info] Frame 211 (t = 2.11):	 total squared error = 0.00106632, marker error: RMS = 0.00628438, max = 0.0181187 (Thoracic)
[2026-07-19 17:14:44.002] [info] Frame 212 (t = 2.12):	 total squared error = 0.00101800, marker error: RMS = 0.00614035, max = 0.0174735 (Thoracic)
[2026-07-19 17:14:44.024] [info] Frame 213 (t = 2.13):	 total squared error = 0.000963787, marker error: RMS = 0.00597460, max = 0.0170695 (Thoracic)
[2026-07-19 17:14:44.038] [info] Frame 214 (t = 2.14):	 total squared error = 0.000925447, marker error: RMS = 0.00585455, max = 0.0163238 (Thoracic)
[2026-07-19 17:14:44.061] [info] Frame 215 (t = 2.15):	 total squared error = 0.000879698, marker error: RMS = 0.00570801, max = 0.0159834 (Thoracic)
[2026-07-19 17:14:44.075] [info] Frame 216 (t = 2.16):	 total squared error = 0.000837970, marker error: RMS = 0.00557099, max = 0.0155098 (Thoracic)
[2026-07-19 17:14:44.093] [info] Frame 217 (t = 2.17):	 total squared error = 0.000794791, marker error: RMS = 0.00542556, max = 0.0151865 (Thoracic)
[2026-07-19 17:14:44.107] [info] Frame 218 (t = 2.18):	 total squared error = 0.000751880, marker error: RMS = 0.00527706, max = 0.0148596 (Thoracic)
[2026-07-19 17:14:44.115] [info] Frame 219 (t = 2.19):	 total squared error = 0.000715421, marker error: RMS = 0.00514753, max = 0.0144644 (Thoracic)
[2026-07-19 17:14:44.140] [info] Frame 220 (t = 2.2):	 total squared error = 0.000673475, marker error: RMS = 0.00499435, max = 0.0145432 (Thoracic)
[2026-07-19 17:14:44.158] [info] Frame 221 (t = 2.21):	 total squared error = 0.000638732, marker error: RMS = 0.00486382, max = 0.0144342 (Thoracic)
[2026-07-19 17:14:44.177] [info] Frame 222 (t = 2.22):	 total squared error = 0.000609622, marker error: RMS = 0.00475169, max = 0.0144456 (Thoracic)
[2026-07-19 17:14:44.196] [info] Frame 223 (t = 2.23):	 total squared error = 0.000584241, marker error: RMS = 0.00465173, max = 0.0144995 (Thoracic)
[2026-07-19 17:14:44.213] [info] Frame 224 (t = 2.24):	 total squared error = 0.000562910, marker error: RMS = 0.00456602, max = 0.0146080 (Thoracic)
[2026-07-19 17:14:44.229] [info] Frame 225 (t = 2.25):	 total squared error = 0.000545836, marker error: RMS = 0.00449624, max = 0.0147899 (Thoracic)
[2026-07-19 17:14:44.243] [info] Frame 226 (t = 2.26):	 total squared error = 0.000533395, marker error: RMS = 0.00444470, max = 0.0149375 (Thoracic)
[2026-07-19 17:14:44.259] [info] Frame 227 (t = 2.27):	 total squared error = 0.000524553, marker error: RMS = 0.00440771, max = 0.0151112 (Thoracic)
[2026-07-19 17:14:44.276] [info] Frame 228 (t = 2.28):	 total squared error = 0.000518170, marker error: RMS = 0.00438081, max = 0.0152359 (Thoracic)
[2026-07-19 17:14:44.291] [info] Frame 229 (t = 2.29):	 total squared error = 0.000515568, marker error: RMS = 0.00436980, max = 0.0152837 (Thoracic)
[2026-07-19 17:14:44.311] [info] Frame 230 (t = 2.3):	 total squared error = 0.000513240, marker error: RMS = 0.00435992, max = 0.0152545 (Thoracic)
[2026-07-19 17:14:44.335] [info] Frame 231 (t = 2.31):	 total squared error = 0.000512492, marker error: RMS = 0.00435674, max = 0.0151522 (Thoracic)
[2026-07-19 17:14:44.353] [info] Frame 232 (t = 2.32):	 total squared error = 0.000512884, marker error: RMS = 0.00435841, max = 0.0148913 (Thoracic)
[2026-07-19 17:14:44.369] [info] Frame 233 (t = 2.33):	 total squared error = 0.000511757, marker error: RMS = 0.00435362, max = 0.0145736 (Thoracic)
[2026-07-19 17:14:44.378] [info] Frame 234 (t = 2.34):	 total squared error = 0.000513332, marker error: RMS = 0.00436031, max = 0.0141664 (Thoracic)
[2026-07-19 17:14:44.389] [info] Frame 235 (t = 2.35):	 total squared error = 0.000505166, marker error: RMS = 0.00432549, max = 0.0136104 (Thoracic)
[2026-07-19 17:14:44.404] [info] Frame 236 (t = 2.36):	 total squared error = 0.000489899, marker error: RMS = 0.00425962, max = 0.0131296 (Thoracic)
[2026-07-19 17:14:44.414] [info] Frame 237 (t = 2.37):	 total squared error = 0.000477172, marker error: RMS = 0.00420393, max = 0.0125718 (Thoracic)
[2026-07-19 17:14:44.423] [info] Frame 238 (t = 2.38):	 total squared error = 0.000465658, marker error: RMS = 0.00415290, max = 0.0119133 (Thoracic)
[2026-07-19 17:14:44.437] [info] Frame 239 (t = 2.39):	 total squared error = 0.000436019, marker error: RMS = 0.00401856, max = 0.0113344 (Thoracic)
[2026-07-19 17:14:44.456] [info] Frame 240 (t = 2.4):	 total squared error = 0.000414370, marker error: RMS = 0.00391753, max = 0.0107864 (Thoracic)
[2026-07-19 17:14:44.467] [info] Frame 241 (t = 2.41):	 total squared error = 0.000399557, marker error: RMS = 0.00384687, max = 0.0101843 (Thoracic)
[2026-07-19 17:14:44.475] [info] Frame 242 (t = 2.42):	 total squared error = 0.000390210, marker error: RMS = 0.00380161, max = 0.00959865 (Thoracic)
[2026-07-19 17:14:44.492] [info] Frame 243 (t = 2.43):	 total squared error = 0.000373291, marker error: RMS = 0.00371828, max = 0.00913971 (Thoracic)
[2026-07-19 17:14:44.506] [info] Frame 244 (t = 2.44):	 total squared error = 0.000368467, marker error: RMS = 0.00369418, max = 0.00871041 (Thoracic)
[2026-07-19 17:14:44.513] [info] Frame 245 (t = 2.45):	 total squared error = 0.000371185, marker error: RMS = 0.00370777, max = 0.00837389 (Thoracic)
[2026-07-19 17:14:44.529] [info] Frame 246 (t = 2.46):	 total squared error = 0.000373461, marker error: RMS = 0.00371912, max = 0.00830124 (R_Asis)
[2026-07-19 17:14:44.539] [info] Frame 247 (t = 2.47):	 total squared error = 0.000381820, marker error: RMS = 0.00376052, max = 0.00844940 (R_Asis)
[2026-07-19 17:14:44.547] [info] Frame 248 (t = 2.48):	 total squared error = 0.000392152, marker error: RMS = 0.00381106, max = 0.00860408 (R_Asis)
[2026-07-19 17:14:44.559] [info] Frame 249 (t = 2.49):	 total squared error = 0.000392708, marker error: RMS = 0.00381376, max = 0.00866885 (R_Asis)
[2026-07-19 17:14:44.569] [info] Frame 250 (t = 2.5):	 total squared error = 0.000395021, marker error: RMS = 0.00382497, max = 0.00853210 (R_Asis)
[2026-07-19 17:14:44.575] [info] Frame 251 (t = 2.51):	 total squared error = 0.000395982, marker error: RMS = 0.00382962, max = 0.00826153 (R_Knee_Lateral)
[2026-07-19 17:14:44.594] [info] Frame 252 (t = 2.52):	 total squared error = 0.000374030, marker error: RMS = 0.00372196, max = 0.00801895 (Thoracic)
[2026-07-19 17:14:44.602] [info] Frame 253 (t = 2.53):	 total squared error = 0.000363508, marker error: RMS = 0.00366923, max = 0.00800808 (Thoracic)
[2026-07-19 17:14:44.618] [info] Frame 254 (t = 2.54):	 total squared error = 0.000344005, marker error: RMS = 0.00356944, max = 0.00816671 (Thoracic)
[2026-07-19 17:14:44.634] [info] Frame 255 (t = 2.55):	 total squared error = 0.000331195, marker error: RMS = 0.00350236, max = 0.00824889 (Thoracic)
[2026-07-19 17:14:44.648] [info] Frame 256 (t = 2.56):	 total squared error = 0.000323128, marker error: RMS = 0.00345944, max = 0.00832784 (Thoracic)
[2026-07-19 17:14:44.667] [info] Frame 257 (t = 2.57):	 total squared error = 0.000319047, marker error: RMS = 0.00343752, max = 0.00842393 (Thoracic)
[2026-07-19 17:14:44.686] [info] Frame 258 (t = 2.58):	 total squared error = 0.000319863, marker error: RMS = 0.00344192, max = 0.00851105 (Thoracic)
[2026-07-19 17:14:44.700] [info] Frame 259 (t = 2.59):	 total squared error = 0.000331774, marker error: RMS = 0.00350542, max = 0.00857499 (Thoracic)
[2026-07-19 17:14:44.713] [info] Frame 260 (t = 2.6):	 total squared error = 0.000347465, marker error: RMS = 0.00358735, max = 0.00872475 (Thoracic)
[2026-07-19 17:14:44.732] [info] Frame 261 (t = 2.61):	 total squared error = 0.000356386, marker error: RMS = 0.00363311, max = 0.00881392 (Thoracic)
[2026-07-19 17:14:44.758] [info] Frame 262 (t = 2.62):	 total squared error = 0.000367650, marker error: RMS = 0.00369008, max = 0.00878358 (Thoracic)
[2026-07-19 17:14:44.774] [info] Frame 263 (t = 2.63):	 total squared error = 0.000384556, marker error: RMS = 0.00377396, max = 0.00885703 (Thoracic)
[2026-07-19 17:14:44.784] [info] Frame 264 (t = 2.64):	 total squared error = 0.000406531, marker error: RMS = 0.00388030, max = 0.00880574 (Thoracic)
[2026-07-19 17:14:44.801] [info] Frame 265 (t = 2.65):	 total squared error = 0.000412658, marker error: RMS = 0.00390943, max = 0.00883661 (Thoracic)
[2026-07-19 17:14:44.809] [info] Frame 266 (t = 2.66):	 total squared error = 0.000432740, marker error: RMS = 0.00400343, max = 0.00875243 (Thoracic)
[2026-07-19 17:14:44.827] [info] Frame 267 (t = 2.67):	 total squared error = 0.000426127, marker error: RMS = 0.00397272, max = 0.00851670 (Thoracic)
[2026-07-19 17:14:44.836] [info] Frame 268 (t = 2.68):	 total squared error = 0.000432090, marker error: RMS = 0.00400042, max = 0.00825968 (Thoracic)
[2026-07-19 17:14:44.847] [info] Frame 269 (t = 2.69):	 total squared error = 0.000427500, marker error: RMS = 0.00397911, max = 0.00771509 (Thoracic)
[2026-07-19 17:14:44.866] [info] Frame 270 (t = 2.7):	 total squared error = 0.000409355, marker error: RMS = 0.00389375, max = 0.00727488 (Thoracic)
[2026-07-19 17:14:44.882] [info] Frame 271 (t = 2.71):	 total squared error = 0.000398363, marker error: RMS = 0.00384112, max = 0.00695202 (L_Asis)
[2026-07-19 17:14:44.892] [info] Frame 272 (t = 2.72):	 total squared error = 0.000392556, marker error: RMS = 0.00381302, max = 0.00718576 (L_Asis)
[2026-07-19 17:14:44.912] [info] Frame 273 (t = 2.73):	 total squared error = 0.000373223, marker error: RMS = 0.00371794, max = 0.00654532 (L_Asis)
[2026-07-19 17:14:44.924] [info] Frame 274 (t = 2.74):	 total squared error = 0.000366570, marker error: RMS = 0.00368465, max = 0.00664988 (L_Asis)
[2026-07-19 17:14:44.937] [info] Frame 275 (t = 2.75):	 total squared error = 0.000361862, marker error: RMS = 0.00366092, max = 0.00669288 (L_Asis)
[2026-07-19 17:14:44.962] [info] Frame 276 (t = 2.76):	 total squared error = 0.000333171, marker error: RMS = 0.00351279, max = 0.00571691 (Thoracic)
[2026-07-19 17:14:44.970] [info] Frame 277 (t = 2.77):	 total squared error = 0.000328935, marker error: RMS = 0.00349038, max = 0.00603905 (Thoracic)
[2026-07-19 17:14:44.989] [info] Frame 278 (t = 2.78):	 total squared error = 0.000319758, marker error: RMS = 0.00344135, max = 0.00634468 (Thoracic)
[2026-07-19 17:14:44.996] [info] Frame 279 (t = 2.79):	 total squared error = 0.000327828, marker error: RMS = 0.00348450, max = 0.00659052 (Thoracic)
[2026-07-19 17:14:45.005] [info] Frame 280 (t = 2.8):	 total squared error = 0.000348213, marker error: RMS = 0.00359121, max = 0.00679696 (Thoracic)
[2026-07-19 17:14:45.032] [info] Frame 281 (t = 2.81):	 total squared error = 0.000360995, marker error: RMS = 0.00365652, max = 0.00688113 (Thoracic)
[2026-07-19 17:14:45.040] [info] Frame 282 (t = 2.82):	 total squared error = 0.000399045, marker error: RMS = 0.00384441, max = 0.00712674 (Thoracic)
[2026-07-19 17:14:45.048] [info] Frame 283 (t = 2.83):	 total squared error = 0.000441241, marker error: RMS = 0.00404255, max = 0.00742422 (Thoracic)
[2026-07-19 17:14:45.058] [info] Frame 284 (t = 2.84):	 total squared error = 0.000480468, marker error: RMS = 0.00421842, max = 0.00784261 (Thoracic)
[2026-07-19 17:14:45.068] [info] Frame 285 (t = 2.85):	 total squared error = 0.000513244, marker error: RMS = 0.00435994, max = 0.00834287 (Thoracic)
[2026-07-19 17:14:45.085] [info] Frame 286 (t = 2.86):	 total squared error = 0.000521980, marker error: RMS = 0.00439689, max = 0.00892760 (Thoracic)
[2026-07-19 17:14:45.096] [info] Frame 287 (t = 2.87):	 total squared error = 0.000533650, marker error: RMS = 0.00444576, max = 0.00941557 (Thoracic)
[2026-07-19 17:14:45.105] [info] Frame 288 (t = 2.88):	 total squared error = 0.000539772, marker error: RMS = 0.00447119, max = 0.00972679 (Thoracic)
[2026-07-19 17:14:45.129] [info] Frame 289 (t = 2.89):	 total squared error = 0.000519218, marker error: RMS = 0.00438524, max = 0.00995451 (Thoracic)
[2026-07-19 17:14:45.138] [info] Frame 290 (t = 2.9):	 total squared error = 0.000511953, marker error: RMS = 0.00435445, max = 0.00973203 (Thoracic)
[2026-07-19 17:14:45.155] [info] Frame 291 (t = 2.91):	 total squared error = 0.000496494, marker error: RMS = 0.00428820, max = 0.00946187 (Thoracic)
[2026-07-19 17:14:45.173] [info] Frame 292 (t = 2.92):	 total squared error = 0.000488573, marker error: RMS = 0.00425386, max = 0.00897350 (Thoracic)
[2026-07-19 17:14:45.183] [info] Frame 293 (t = 2.93):	 total squared error = 0.000492360, marker error: RMS = 0.00427031, max = 0.00862281 (L_Knee_Lateral)
[2026-07-19 17:14:45.199] [info] Frame 294 (t = 2.94):	 total squared error = 0.000493273, marker error: RMS = 0.00427427, max = 0.00843424 (L_Ankle_Lateral)
[2026-07-19 17:14:45.210] [info] Frame 295 (t = 2.95):	 total squared error = 0.000513067, marker error: RMS = 0.00435918, max = 0.00881047 (L_Knee_Lateral)
[2026-07-19 17:14:45.227] [info] Frame 296 (t = 2.96):	 total squared error = 0.000526729, marker error: RMS = 0.00441684, max = 0.00871120 (L_Knee_Lateral)
[2026-07-19 17:14:45.244] [info] Frame 297 (t = 2.97):	 total squared error = 0.000553633, marker error: RMS = 0.00452823, max = 0.00892992 (L_Knee_Lateral)
[2026-07-19 17:14:45.253] [info] Frame 298 (t = 2.98):	 total squared error = 0.000595278, marker error: RMS = 0.00469546, max = 0.00927098 (L_Knee_Lateral)
[2026-07-19 17:14:45.272] [info] Frame 299 (t = 2.99):	 total squared error = 0.000627831, marker error: RMS = 0.00482214, max = 0.0100615 (Thoracic)
[2026-07-19 17:14:45.290] [info] Frame 300 (t = 3.0):	 total squared error = 0.000671899, marker error: RMS = 0.00498850, max = 0.0112178 (Thoracic)
[2026-07-19 17:14:45.318] [info] Frame 301 (t = 3.01):	 total squared error = 0.000714226, marker error: RMS = 0.00514323, max = 0.0124426 (Thoracic)
[2026-07-19 17:14:45.335] [info] Frame 302 (t = 3.02):	 total squared error = 0.000756757, marker error: RMS = 0.00529415, max = 0.0135853 (Thoracic)
[2026-07-19 17:14:45.350] [info] Frame 303 (t = 3.03):	 total squared error = 0.000791517, marker error: RMS = 0.00541437, max = 0.0145734 (Thoracic)
[2026-07-19 17:14:45.364] [info] Frame 304 (t = 3.04):	 total squared error = 0.000813437, marker error: RMS = 0.00548883, max = 0.0153001 (Thoracic)
[2026-07-19 17:14:45.384] [info] Frame 305 (t = 3.05):	 total squared error = 0.000822784, marker error: RMS = 0.00552028, max = 0.0157492 (Thoracic)
[2026-07-19 17:14:45.395] [info] Frame 306 (t = 3.06):	 total squared error = 0.000824021, marker error: RMS = 0.00552443, max = 0.0158889 (Thoracic)
[2026-07-19 17:14:45.408] [info] Frame 307 (t = 3.07):	 total squared error = 0.000811734, marker error: RMS = 0.00548308, max = 0.0157709 (Thoracic)
[2026-07-19 17:14:45.426] [info] Frame 308 (t = 3.08):	 total squared error = 0.000792492, marker error: RMS = 0.00541771, max = 0.0154801 (Thoracic)
[2026-07-19 17:14:45.439] [info] Frame 309 (t = 3.09):	 total squared error = 0.000773374, marker error: RMS = 0.00535196, max = 0.0150115 (Thoracic)
[2026-07-19 17:14:45.455] [info] Frame 310 (t = 3.1):	 total squared error = 0.000749596, marker error: RMS = 0.00526904, max = 0.0144384 (Thoracic)
[2026-07-19 17:14:45.471] [info] Frame 311 (t = 3.11):	 total squared error = 0.000725337, marker error: RMS = 0.00518308, max = 0.013793 (Thoracic)
[2026-07-19 17:14:45.484] [info] Frame 312 (t = 3.12):	 total squared error = 0.000706100, marker error: RMS = 0.00511389, max = 0.0131136 (Thoracic)
[2026-07-19 17:14:45.498] [info] Frame 313 (t = 3.13):	 total squared error = 0.000688721, marker error: RMS = 0.00505056, max = 0.0124504 (Thoracic)
[2026-07-19 17:14:45.507] [info] Frame 314 (t = 3.14):	 total squared error = 0.000680271, marker error: RMS = 0.00501948, max = 0.0118402 (Thoracic)
[2026-07-19 17:14:45.524] [info] Frame 315 (t = 3.15):	 total squared error = 0.000655250, marker error: RMS = 0.00492631, max = 0.0113071 (Thoracic)
[2026-07-19 17:14:45.537] [info] Frame 316 (t = 3.16):	 total squared error = 0.000646298, marker error: RMS = 0.00489254, max = 0.0108798 (Thoracic)
[2026-07-19 17:14:45.555] [info] Frame 317 (t = 3.17):	 total squared error = 0.000636530, marker error: RMS = 0.00485543, max = 0.0105981 (Thoracic)
[2026-07-19 17:14:45.563] [info] Frame 318 (t = 3.18):	 total squared error = 0.000637432, marker error: RMS = 0.00485887, max = 0.0103986 (Thoracic)
[2026-07-19 17:14:45.589] [info] Frame 319 (t = 3.19):	 total squared error = 0.000627044, marker error: RMS = 0.00481911, max = 0.0103296 (Thoracic)
[2026-07-19 17:14:45.602] [info] Frame 320 (t = 3.2):	 total squared error = 0.000627933, marker error: RMS = 0.00482253, max = 0.0103199 (Thoracic)
[2026-07-19 17:14:45.614] [info] Frame 321 (t = 3.21):	 total squared error = 0.000633433, marker error: RMS = 0.00484360, max = 0.0103033 (Thoracic)
[2026-07-19 17:14:45.631] [info] Frame 322 (t = 3.22):	 total squared error = 0.000630861, marker error: RMS = 0.00483376, max = 0.0103947 (Thoracic)
[2026-07-19 17:14:45.645] [info] Frame 323 (t = 3.23):	 total squared error = 0.000631390, marker error: RMS = 0.00483579, max = 0.0103549 (Thoracic)
[2026-07-19 17:14:45.660] [info] Frame 324 (t = 3.24):	 total squared error = 0.000630840, marker error: RMS = 0.00483368, max = 0.0102832 (Thoracic)
[2026-07-19 17:14:45.670] [info] Frame 325 (t = 3.25):	 total squared error = 0.000633024, marker error: RMS = 0.00484204, max = 0.0100333 (Thoracic)
[2026-07-19 17:14:45.682] [info] Frame 326 (t = 3.26):	 total squared error = 0.000625652, marker error: RMS = 0.00481376, max = 0.00995190 (Thoracic)
[2026-07-19 17:14:45.696] [info] Frame 327 (t = 3.27):	 total squared error = 0.000617850, marker error: RMS = 0.00478365, max = 0.00971930 (Thoracic)
[2026-07-19 17:14:45.710] [info] Frame 328 (t = 3.28):	 total squared error = 0.000610764, marker error: RMS = 0.00475614, max = 0.00947659 (Thoracic)
[2026-07-19 17:14:45.730] [info] Frame 329 (t = 3.29):	 total squared error = 0.000601531, marker error: RMS = 0.00472006, max = 0.00920494 (Thoracic)
[2026-07-19 17:14:45.743] [info] Frame 330 (t = 3.3):	 total squared error = 0.000597753, marker error: RMS = 0.00470521, max = 0.00900227 (Thoracic)
[2026-07-19 17:14:45.757] [info] Frame 331 (t = 3.31):	 total squared error = 0.000595359, marker error: RMS = 0.00469578, max = 0.00893947 (R_Thigh_Lateral)
[2026-07-19 17:14:45.772] [info] Frame 332 (t = 3.32):	 total squared error = 0.000593710, marker error: RMS = 0.00468927, max = 0.00899827 (R_Thigh_Lateral)
[2026-07-19 17:14:45.788] [info] Frame 333 (t = 3.33):	 total squared error = 0.000590510, marker error: RMS = 0.00467662, max = 0.00893482 (R_Thigh_Lateral)
[2026-07-19 17:14:45.803] [info] Frame 334 (t = 3.34):	 total squared error = 0.000590705, marker error: RMS = 0.00467739, max = 0.00892409 (R_Thigh_Lateral)
[2026-07-19 17:14:45.818] [info] Frame 335 (t = 3.35):	 total squared error = 0.000588719, marker error: RMS = 0.00466952, max = 0.00884430 (R_Thigh_Lateral)
[2026-07-19 17:14:45.833] [info] Frame 336 (t = 3.36):	 total squared error = 0.000586304, marker error: RMS = 0.00465993, max = 0.00873744 (R_Thigh_Lateral)
[2026-07-19 17:14:45.847] [info] Frame 337 (t = 3.37):	 total squared error = 0.000584438, marker error: RMS = 0.00465251, max = 0.00859598 (R_Thigh_Lateral)
[2026-07-19 17:14:45.868] [info] Frame 338 (t = 3.38):	 total squared error = 0.000579812, marker error: RMS = 0.00463406, max = 0.00845101 (Sternum)
[2026-07-19 17:14:45.887] [info] Frame 339 (t = 3.39):	 total squared error = 0.000583083, marker error: RMS = 0.00464711, max = 0.00886168 (L_Shoulder)
[2026-07-19 17:14:45.906] [info] Frame 340 (t = 3.4):	 total squared error = 0.000591806, marker error: RMS = 0.00468175, max = 0.00922386 (L_Shoulder)
[2026-07-19 17:14:45.924] [info] Frame 341 (t = 3.41):	 total squared error = 0.000605505, marker error: RMS = 0.00473562, max = 0.00954307 (L_Shoulder)
[2026-07-19 17:14:45.940] [info] Frame 342 (t = 3.42):	 total squared error = 0.000619814, marker error: RMS = 0.00479125, max = 0.00959077 (L_Shoulder)
[2026-07-19 17:14:45.959] [info] Frame 343 (t = 3.43):	 total squared error = 0.000632881, marker error: RMS = 0.00484149, max = 0.00947459 (L_Shoulder)
[2026-07-19 17:14:45.980] [info] Frame 344 (t = 3.44):	 total squared error = 0.000644251, marker error: RMS = 0.00488479, max = 0.00936629 (L_Shoulder)
[2026-07-19 17:14:46.004] [info] Frame 345 (t = 3.45):	 total squared error = 0.000651833, marker error: RMS = 0.00491345, max = 0.00915177 (L_Shoulder)
[2026-07-19 17:14:46.027] [info] Frame 346 (t = 3.46):	 total squared error = 0.000655969, marker error: RMS = 0.00492901, max = 0.00918738 (R_Elbow)
[2026-07-19 17:14:46.049] [info] Frame 347 (t = 3.47):	 total squared error = 0.000657749, marker error: RMS = 0.00493569, max = 0.00929168 (R_Elbow)
[2026-07-19 17:14:46.063] [info] Frame 348 (t = 3.48):	 total squared error = 0.000660526, marker error: RMS = 0.00494610, max = 0.00925321 (R_Elbow)
[2026-07-19 17:14:46.079] [info] Frame 349 (t = 3.49):	 total squared error = 0.000667544, marker error: RMS = 0.00497231, max = 0.00936666 (R_Elbow)
[2026-07-19 17:14:46.104] [info] Frame 350 (t = 3.5):	 total squared error = 0.000670199, marker error: RMS = 0.00498219, max = 0.00900125 (R_Elbow)
[2026-07-19 17:14:46.119] [info] Frame 351 (t = 3.51):	 total squared error = 0.000687529, marker error: RMS = 0.00504619, max = 0.0102227 (R_Knee_Lateral)
[2026-07-19 17:14:46.136] [info] Frame 352 (t = 3.52):	 total squared error = 0.000711966, marker error: RMS = 0.00513508, max = 0.0110609 (R_Knee_Lateral)
[2026-07-19 17:14:46.161] [info] Frame 353 (t = 3.53):	 total squared error = 0.000748203, marker error: RMS = 0.00526414, max = 0.0115331 (R_Knee_Lateral)
[2026-07-19 17:14:46.178] [info] Frame 354 (t = 3.54):	 total squared error = 0.000804430, marker error: RMS = 0.00545836, max = 0.0127972 (R_Knee_Lateral)
[2026-07-19 17:14:46.190] [info] Frame 355 (t = 3.55):	 total squared error = 0.000894631, marker error: RMS = 0.00575626, max = 0.014158 (R_Knee_Lateral)
[2026-07-19 17:14:46.216] [info] Frame 356 (t = 3.56):	 total squared error = 0.000951550, marker error: RMS = 0.00593655, max = 0.0139656 (R_Knee_Lateral)
[2026-07-19 17:14:46.233] [info] Frame 357 (t = 3.57):	 total squared error = 0.00103605, marker error: RMS = 0.00619452, max = 0.0148172 (R_Knee_Lateral)
[2026-07-19 17:14:46.247] [info] Frame 358 (t = 3.58):	 total squared error = 0.00111791, marker error: RMS = 0.00643461, max = 0.0152176 (R_Knee_Lateral)
[2026-07-19 17:14:46.261] [info] Frame 359 (t = 3.59):	 total squared error = 0.00119482, marker error: RMS = 0.00665227, max = 0.0156419 (R_Knee_Lateral)
[2026-07-19 17:14:46.276] [info] Frame 360 (t = 3.6):	 total squared error = 0.00126068, marker error: RMS = 0.00683314, max = 0.0158083 (R_Knee_Lateral)
[2026-07-19 17:14:46.292] [info] Frame 361 (t = 3.61):	 total squared error = 0.00131543, marker error: RMS = 0.00697996, max = 0.015858 (R_Knee_Lateral)
[2026-07-19 17:14:46.307] [info] Frame 362 (t = 3.62):	 total squared error = 0.00135414, marker error: RMS = 0.00708190, max = 0.0156877 (R_Knee_Lateral)
[2026-07-19 17:14:46.328] [info] Frame 363 (t = 3.63):	 total squared error = 0.00138063, marker error: RMS = 0.00715084, max = 0.0154090 (R_Knee_Lateral)
[2026-07-19 17:14:46.340] [info] Frame 364 (t = 3.64):	 total squared error = 0.00139705, marker error: RMS = 0.00719323, max = 0.0150080 (R_Knee_Lateral)
[2026-07-19 17:14:46.353] [info] Frame 365 (t = 3.65):	 total squared error = 0.00140348, marker error: RMS = 0.00720977, max = 0.0145689 (R_Knee_Lateral)
[2026-07-19 17:14:46.369] [info] Frame 366 (t = 3.66):	 total squared error = 0.00140147, marker error: RMS = 0.00720459, max = 0.0139617 (R_Knee_Lateral)
[2026-07-19 17:14:46.385] [info] Frame 367 (t = 3.67):	 total squared error = 0.00139262, marker error: RMS = 0.00718181, max = 0.0138177 (R_Thigh_Lateral)
[2026-07-19 17:14:46.402] [info] Frame 368 (t = 3.68):	 total squared error = 0.00137477, marker error: RMS = 0.00713563, max = 0.0140885 (R_Shank_Lateral)
[2026-07-19 17:14:46.418] [info] Frame 369 (t = 3.69):	 total squared error = 0.00135461, marker error: RMS = 0.00708313, max = 0.0144786 (R_Shank_Lateral)
[2026-07-19 17:14:46.434] [info] Frame 370 (t = 3.7):	 total squared error = 0.00131233, marker error: RMS = 0.00697171, max = 0.0144068 (R_Shank_Lateral)
[2026-07-19 17:14:46.448] [info] InverseKinematicsTool completed 321 frames in 5 second(s).
[2026-07-19 17:14:46.480] [info] Loaded model TCV36-scaled from file C:\Users\lucia\Desktop\TFG\2_JMP\TVC36\Walk_1\TVC36_1_JMP_results\TVC36_1_NMSM_JMP_06_shoulder_elbow.osim
[2026-07-19 17:14:47.019] [warning] Coordinate.setValue:  coordinate pro_sup_r is locked. Unable to change its value.
[2026-07-19 17:14:47.051] [warning] Coordinate.setValue:  coordinate pro_sup_l is locked. Unable to change its value.
[2026-07-19 17:15:30.127] [info] Loaded model TCV36-scaled from file C:\Users\lucia\Desktop\TFG\2_JMP\TVC36\Walk_1\TVC36_1_JMP_results\TVC36_1_NMSM_JMP_07_upper_limb_final.osim
[2026-07-19 17:15:30.137] [cout] [info] 
               MODEL: TCV36-scaled
         coordinates: 41
              forces: 103
           actuators: 103
             muscles: 86
            analyses: 0
              probes: 0
              bodies: 24
              joints: 24
         constraints: 2
             markers: 27
         controllers: 0
  contact geometries: 0
misc modelcomponents: 0
[2026-07-19 17:15:30.137] [info] Running tool .
[2026-07-19 17:15:30.238] [info] Frame 50 (t = 0.5):	 total squared error = 0.00112196, marker error: RMS = 0.00644625, max = 0.0132161 (L_Shank_Lateral)
[2026-07-19 17:15:30.254] [info] Frame 51 (t = 0.51):	 total squared error = 0.00111945, marker error: RMS = 0.00643904, max = 0.013151 (L_Shank_Lateral)
[2026-07-19 17:15:30.269] [info] Frame 52 (t = 0.52):	 total squared error = 0.00111651, marker error: RMS = 0.00643058, max = 0.0131835 (R_Shank_Lateral)
[2026-07-19 17:15:30.292] [info] Frame 53 (t = 0.53):	 total squared error = 0.00110111, marker error: RMS = 0.00638606, max = 0.0134305 (L_Shank_Lateral)
[2026-07-19 17:15:30.316] [info] Frame 54 (t = 0.54):	 total squared error = 0.00108605, marker error: RMS = 0.00634224, max = 0.0134546 (L_Shank_Lateral)
[2026-07-19 17:15:30.333] [info] Frame 55 (t = 0.55):	 total squared error = 0.00107106, marker error: RMS = 0.00629831, max = 0.0131623 (L_Shank_Lateral)
[2026-07-19 17:15:30.360] [info] Frame 56 (t = 0.56):	 total squared error = 0.00104260, marker error: RMS = 0.00621407, max = 0.0132245 (L_Shank_Lateral)
[2026-07-19 17:15:30.388] [info] Frame 57 (t = 0.57):	 total squared error = 0.00100794, marker error: RMS = 0.00610993, max = 0.0131618 (L_Shank_Lateral)
[2026-07-19 17:15:30.415] [info] Frame 58 (t = 0.58):	 total squared error = 0.000966238, marker error: RMS = 0.00598219, max = 0.012913 (L_Shank_Lateral)
[2026-07-19 17:15:30.439] [info] Frame 59 (t = 0.59):	 total squared error = 0.000915005, marker error: RMS = 0.00582143, max = 0.0127581 (L_Shank_Lateral)
[2026-07-19 17:15:30.456] [info] Frame 60 (t = 0.6):	 total squared error = 0.000860179, marker error: RMS = 0.00564433, max = 0.0123894 (L_Shank_Lateral)
[2026-07-19 17:15:30.479] [info] Frame 61 (t = 0.61):	 total squared error = 0.000796161, marker error: RMS = 0.00543024, max = 0.0121641 (L_Shank_Lateral)
[2026-07-19 17:15:30.497] [info] Frame 62 (t = 0.62):	 total squared error = 0.000738547, marker error: RMS = 0.00523007, max = 0.0118083 (L_Shank_Lateral)
[2026-07-19 17:15:30.518] [info] Frame 63 (t = 0.63):	 total squared error = 0.000684558, marker error: RMS = 0.00503528, max = 0.0114484 (L_Shank_Lateral)
[2026-07-19 17:15:30.528] [info] Frame 64 (t = 0.64):	 total squared error = 0.000644653, marker error: RMS = 0.00488631, max = 0.0113113 (L_Shank_Lateral)
[2026-07-19 17:15:30.544] [info] Frame 65 (t = 0.65):	 total squared error = 0.000605224, marker error: RMS = 0.00473452, max = 0.0106714 (L_Shank_Lateral)
[2026-07-19 17:15:30.559] [info] Frame 66 (t = 0.66):	 total squared error = 0.000572486, marker error: RMS = 0.00460469, max = 0.0102090 (L_Shank_Lateral)
[2026-07-19 17:15:30.577] [info] Frame 67 (t = 0.67):	 total squared error = 0.000541689, marker error: RMS = 0.00447912, max = 0.00978959 (L_Shank_Lateral)
[2026-07-19 17:15:30.585] [info] Frame 68 (t = 0.68):	 total squared error = 0.000515861, marker error: RMS = 0.00437104, max = 0.00974486 (L_Shank_Lateral)
[2026-07-19 17:15:30.607] [info] Frame 69 (t = 0.69):	 total squared error = 0.000481620, marker error: RMS = 0.00422348, max = 0.00870348 (L_Shank_Lateral)
[2026-07-19 17:15:30.628] [info] Frame 70 (t = 0.7):	 total squared error = 0.000451783, marker error: RMS = 0.00409056, max = 0.00818665 (L_Shank_Lateral)
[2026-07-19 17:15:30.646] [info] Frame 71 (t = 0.71):	 total squared error = 0.000422861, marker error: RMS = 0.00395746, max = 0.00762939 (L_Shank_Lateral)
[2026-07-19 17:15:30.663] [info] Frame 72 (t = 0.72):	 total squared error = 0.000395032, marker error: RMS = 0.00382502, max = 0.00739952 (C7)
[2026-07-19 17:15:30.681] [info] Frame 73 (t = 0.73):	 total squared error = 0.000369363, marker error: RMS = 0.00369866, max = 0.00733133 (C7)
[2026-07-19 17:15:30.692] [info] Frame 74 (t = 0.74):	 total squared error = 0.000349718, marker error: RMS = 0.00359896, max = 0.00718214 (C7)
[2026-07-19 17:15:30.710] [info] Frame 75 (t = 0.75):	 total squared error = 0.000322383, marker error: RMS = 0.00345545, max = 0.00710600 (C7)
[2026-07-19 17:15:30.731] [info] Frame 76 (t = 0.76):	 total squared error = 0.000300432, marker error: RMS = 0.00333573, max = 0.00688760 (C7)
[2026-07-19 17:15:30.744] [info] Frame 77 (t = 0.77):	 total squared error = 0.000285670, marker error: RMS = 0.00325275, max = 0.00660810 (C7)
[2026-07-19 17:15:30.760] [info] Frame 78 (t = 0.78):	 total squared error = 0.000268301, marker error: RMS = 0.00315231, max = 0.00639362 (C7)
[2026-07-19 17:15:30.776] [info] Frame 79 (t = 0.79):	 total squared error = 0.000256124, marker error: RMS = 0.00307995, max = 0.00613557 (C7)
[2026-07-19 17:15:30.784] [info] Frame 80 (t = 0.8):	 total squared error = 0.000254752, marker error: RMS = 0.00307169, max = 0.00584724 (C7)
[2026-07-19 17:15:30.805] [info] Frame 81 (t = 0.81):	 total squared error = 0.000240029, marker error: RMS = 0.00298161, max = 0.00570876 (C7)
[2026-07-19 17:15:30.818] [info] Frame 82 (t = 0.82):	 total squared error = 0.000236717, marker error: RMS = 0.00296096, max = 0.00544575 (C7)
[2026-07-19 17:15:30.826] [info] Frame 83 (t = 0.83):	 total squared error = 0.000238288, marker error: RMS = 0.00297077, max = 0.00525320 (R_Knee_Lateral)
[2026-07-19 17:15:30.833] [info] Frame 84 (t = 0.84):	 total squared error = 0.000242170, marker error: RMS = 0.00299487, max = 0.00554984 (R_Knee_Lateral)
[2026-07-19 17:15:30.845] [info] Frame 85 (t = 0.85):	 total squared error = 0.000227084, marker error: RMS = 0.00290009, max = 0.00541739 (R_Knee_Lateral)
[2026-07-19 17:15:30.855] [info] Frame 86 (t = 0.86):	 total squared error = 0.000223334, marker error: RMS = 0.00287604, max = 0.00550689 (R_Knee_Lateral)
[2026-07-19 17:15:30.872] [info] Frame 87 (t = 0.87):	 total squared error = 0.000213448, marker error: RMS = 0.00281167, max = 0.00520065 (R_Knee_Lateral)
[2026-07-19 17:15:30.880] [info] Frame 88 (t = 0.88):	 total squared error = 0.000211098, marker error: RMS = 0.00279615, max = 0.00531870 (R_Knee_Lateral)
[2026-07-19 17:15:30.888] [info] Frame 89 (t = 0.89):	 total squared error = 0.000212028, marker error: RMS = 0.00280230, max = 0.00542011 (R_Knee_Lateral)
[2026-07-19 17:15:30.901] [info] Frame 90 (t = 0.9):	 total squared error = 0.000204972, marker error: RMS = 0.00275528, max = 0.00527003 (R_Knee_Lateral)
[2026-07-19 17:15:30.908] [info] Frame 91 (t = 0.91):	 total squared error = 0.000210560, marker error: RMS = 0.00279258, max = 0.00539731 (R_Knee_Lateral)
[2026-07-19 17:15:30.919] [info] Frame 92 (t = 0.92):	 total squared error = 0.000216445, marker error: RMS = 0.00283134, max = 0.00551089 (R_Knee_Lateral)
[2026-07-19 17:15:30.934] [info] Frame 93 (t = 0.93):	 total squared error = 0.000214922, marker error: RMS = 0.00282136, max = 0.00583972 (R_Shank_Lateral)
[2026-07-19 17:15:30.942] [info] Frame 94 (t = 0.94):	 total squared error = 0.000222597, marker error: RMS = 0.00287130, max = 0.00597771 (R_Shank_Lateral)
[2026-07-19 17:15:30.951] [info] Frame 95 (t = 0.95):	 total squared error = 0.000233575, marker error: RMS = 0.00294125, max = 0.00603753 (R_Shank_Lateral)
[2026-07-19 17:15:30.966] [info] Frame 96 (t = 0.96):	 total squared error = 0.000223987, marker error: RMS = 0.00288024, max = 0.00640712 (R_Shank_Lateral)
[2026-07-19 17:15:30.975] [info] Frame 97 (t = 0.97):	 total squared error = 0.000230254, marker error: RMS = 0.00292026, max = 0.00644087 (R_Shank_Lateral)
[2026-07-19 17:15:30.993] [info] Frame 98 (t = 0.98):	 total squared error = 0.000225853, marker error: RMS = 0.00289222, max = 0.00670915 (R_Shank_Lateral)
[2026-07-19 17:15:31.011] [info] Frame 99 (t = 0.99):	 total squared error = 0.000228155, marker error: RMS = 0.00290692, max = 0.00669285 (R_Shank_Lateral)
[2026-07-19 17:15:31.030] [info] Frame 100 (t = 1.0):	 total squared error = 0.000231709, marker error: RMS = 0.00292947, max = 0.00663851 (R_Shank_Lateral)
[2026-07-19 17:15:31.044] [info] Frame 101 (t = 1.01):	 total squared error = 0.000236081, marker error: RMS = 0.00295698, max = 0.00665445 (R_Shank_Lateral)
[2026-07-19 17:15:31.064] [info] Frame 102 (t = 1.02):	 total squared error = 0.000241328, marker error: RMS = 0.00298966, max = 0.00668182 (R_Shank_Lateral)
[2026-07-19 17:15:31.076] [info] Frame 103 (t = 1.03):	 total squared error = 0.000251607, marker error: RMS = 0.00305267, max = 0.00651593 (R_Shank_Lateral)
[2026-07-19 17:15:31.099] [info] Frame 104 (t = 1.04):	 total squared error = 0.000254194, marker error: RMS = 0.00306832, max = 0.00665917 (R_Shank_Lateral)
[2026-07-19 17:15:31.110] [info] Frame 105 (t = 1.05):	 total squared error = 0.000263376, marker error: RMS = 0.00312324, max = 0.00654837 (R_Shank_Lateral)
[2026-07-19 17:15:31.129] [info] Frame 106 (t = 1.06):	 total squared error = 0.000262107, marker error: RMS = 0.00311571, max = 0.00691443 (R_Shank_Lateral)
[2026-07-19 17:15:31.140] [info] Frame 107 (t = 1.07):	 total squared error = 0.000268392, marker error: RMS = 0.00315285, max = 0.00678949 (R_Shank_Lateral)
[2026-07-19 17:15:31.159] [info] Frame 108 (t = 1.08):	 total squared error = 0.000266349, marker error: RMS = 0.00314082, max = 0.00708005 (R_Shank_Lateral)
[2026-07-19 17:15:31.169] [info] Frame 109 (t = 1.09):	 total squared error = 0.000270701, marker error: RMS = 0.00316638, max = 0.00691763 (R_Shank_Lateral)
[2026-07-19 17:15:31.188] [info] Frame 110 (t = 1.1):	 total squared error = 0.000270020, marker error: RMS = 0.00316239, max = 0.00730993 (R_Shank_Lateral)
[2026-07-19 17:15:31.202] [info] Frame 111 (t = 1.11):	 total squared error = 0.000274560, marker error: RMS = 0.00318887, max = 0.00722697 (R_Shank_Lateral)
[2026-07-19 17:15:31.224] [info] Frame 112 (t = 1.12):	 total squared error = 0.000276467, marker error: RMS = 0.00319992, max = 0.00736702 (R_Shank_Lateral)
[2026-07-19 17:15:31.234] [info] Frame 113 (t = 1.13):	 total squared error = 0.000283638, marker error: RMS = 0.00324116, max = 0.00709203 (R_Shank_Lateral)
[2026-07-19 17:15:31.242] [info] Frame 114 (t = 1.14):	 total squared error = 0.000290257, marker error: RMS = 0.00327876, max = 0.00701933 (R_Shank_Lateral)
[2026-07-19 17:15:31.253] [info] Frame 115 (t = 1.15):	 total squared error = 0.000292247, marker error: RMS = 0.00328998, max = 0.00723107 (R_Shank_Lateral)
[2026-07-19 17:15:31.269] [info] Frame 116 (t = 1.16):	 total squared error = 0.000290852, marker error: RMS = 0.00328211, max = 0.00719780 (R_Shank_Lateral)
[2026-07-19 17:15:31.279] [info] Frame 117 (t = 1.17):	 total squared error = 0.000293589, marker error: RMS = 0.00329752, max = 0.00696939 (R_Shank_Lateral)
[2026-07-19 17:15:31.290] [info] Frame 118 (t = 1.18):	 total squared error = 0.000297708, marker error: RMS = 0.00332057, max = 0.00662621 (R_Shank_Lateral)
[2026-07-19 17:15:31.317] [info] Frame 119 (t = 1.19):	 total squared error = 0.000284049, marker error: RMS = 0.00324351, max = 0.00660043 (R_Shank_Lateral)
[2026-07-19 17:15:31.333] [info] Frame 120 (t = 1.2):	 total squared error = 0.000284547, marker error: RMS = 0.00324635, max = 0.00639364 (R_Shank_Lateral)
[2026-07-19 17:15:31.344] [info] Frame 121 (t = 1.21):	 total squared error = 0.000289705, marker error: RMS = 0.00327564, max = 0.00600159 (R_Shank_Lateral)
[2026-07-19 17:15:31.354] [info] Frame 122 (t = 1.22):	 total squared error = 0.000296549, marker error: RMS = 0.00331411, max = 0.00603343 (L_Psis)
[2026-07-19 17:15:31.374] [info] Frame 123 (t = 1.23):	 total squared error = 0.000290813, marker error: RMS = 0.00328190, max = 0.00602711 (L_Ankle_Lateral)
[2026-07-19 17:15:31.384] [info] Frame 124 (t = 1.24):	 total squared error = 0.000297820, marker error: RMS = 0.00332120, max = 0.00617064 (L_Ankle_Lateral)
[2026-07-19 17:15:31.396] [info] Frame 125 (t = 1.25):	 total squared error = 0.000303344, marker error: RMS = 0.00335186, max = 0.00630236 (L_Knee_Lateral)
[2026-07-19 17:15:31.410] [info] Frame 126 (t = 1.26):	 total squared error = 0.000301410, marker error: RMS = 0.00334116, max = 0.00633312 (L_Ankle_Lateral)
[2026-07-19 17:15:31.421] [info] Frame 127 (t = 1.27):	 total squared error = 0.000309624, marker error: RMS = 0.00338638, max = 0.00647571 (L_Knee_Lateral)
[2026-07-19 17:15:31.436] [info] Frame 128 (t = 1.28):	 total squared error = 0.000308018, marker error: RMS = 0.00337758, max = 0.00625876 (L_Ankle_Lateral)
[2026-07-19 17:15:31.450] [info] Frame 129 (t = 1.29):	 total squared error = 0.000312987, marker error: RMS = 0.00340472, max = 0.00618529 (L_Ankle_Lateral)
[2026-07-19 17:15:31.466] [info] Frame 130 (t = 1.3):	 total squared error = 0.000318012, marker error: RMS = 0.00343194, max = 0.00611702 (L_Ankle_Lateral)
[2026-07-19 17:15:31.491] [info] Frame 131 (t = 1.31):	 total squared error = 0.000324921, marker error: RMS = 0.00346902, max = 0.00617490 (Thoracic)
[2026-07-19 17:15:31.497] [info] Frame 132 (t = 1.32):	 total squared error = 0.000342833, marker error: RMS = 0.00356336, max = 0.00640480 (Thoracic)
[2026-07-19 17:15:31.517] [info] Frame 133 (t = 1.33):	 total squared error = 0.000348308, marker error: RMS = 0.00359170, max = 0.00681868 (Thoracic)
[2026-07-19 17:15:31.528] [info] Frame 134 (t = 1.34):	 total squared error = 0.000365237, marker error: RMS = 0.00367795, max = 0.00700749 (Thoracic)
[2026-07-19 17:15:31.546] [info] Frame 135 (t = 1.35):	 total squared error = 0.000374109, marker error: RMS = 0.00372235, max = 0.00727345 (Thoracic)
[2026-07-19 17:15:31.557] [info] Frame 136 (t = 1.36):	 total squared error = 0.000391757, marker error: RMS = 0.00380914, max = 0.00741319 (Thoracic)
[2026-07-19 17:15:31.575] [info] Frame 137 (t = 1.37):	 total squared error = 0.000400957, marker error: RMS = 0.00385360, max = 0.00760991 (Thoracic)
[2026-07-19 17:15:31.591] [info] Frame 138 (t = 1.38):	 total squared error = 0.000414960, marker error: RMS = 0.00392032, max = 0.00775369 (Thoracic)
[2026-07-19 17:15:31.601] [info] Frame 139 (t = 1.39):	 total squared error = 0.000435443, marker error: RMS = 0.00401591, max = 0.00807720 (Sternum)
[2026-07-19 17:15:31.621] [info] Frame 140 (t = 1.4):	 total squared error = 0.000446322, marker error: RMS = 0.00406576, max = 0.00827667 (Thoracic)
[2026-07-19 17:15:31.638] [info] Frame 141 (t = 1.41):	 total squared error = 0.000462315, marker error: RMS = 0.00413797, max = 0.00862125 (Thoracic)
[2026-07-19 17:15:31.655] [info] Frame 142 (t = 1.42):	 total squared error = 0.000482161, marker error: RMS = 0.00422585, max = 0.00918490 (Thoracic)
[2026-07-19 17:15:31.668] [info] Frame 143 (t = 1.43):	 total squared error = 0.000505118, marker error: RMS = 0.00432528, max = 0.00983780 (Thoracic)
[2026-07-19 17:15:31.686] [info] Frame 144 (t = 1.44):	 total squared error = 0.000523423, marker error: RMS = 0.00440296, max = 0.0105566 (Thoracic)
[2026-07-19 17:15:31.701] [info] Frame 145 (t = 1.45):	 total squared error = 0.000546397, marker error: RMS = 0.00449855, max = 0.0112976 (Thoracic)
[2026-07-19 17:15:31.712] [info] Frame 146 (t = 1.46):	 total squared error = 0.000571847, marker error: RMS = 0.00460212, max = 0.0120777 (Thoracic)
[2026-07-19 17:15:31.738] [info] Frame 147 (t = 1.47):	 total squared error = 0.000579222, marker error: RMS = 0.00463170, max = 0.012499 (Thoracic)
[2026-07-19 17:15:31.752] [info] Frame 148 (t = 1.48):	 total squared error = 0.000593885, marker error: RMS = 0.00468996, max = 0.0128833 (Thoracic)
[2026-07-19 17:15:31.766] [info] Frame 149 (t = 1.49):	 total squared error = 0.000601475, marker error: RMS = 0.00471984, max = 0.0130378 (Thoracic)
[2026-07-19 17:15:31.785] [info] Frame 150 (t = 1.5):	 total squared error = 0.000595222, marker error: RMS = 0.00469524, max = 0.0129401 (Thoracic)
[2026-07-19 17:15:31.806] [info] Frame 151 (t = 1.51):	 total squared error = 0.000588459, marker error: RMS = 0.00466849, max = 0.0126457 (Thoracic)
[2026-07-19 17:15:31.818] [info] Frame 152 (t = 1.52):	 total squared error = 0.000583422, marker error: RMS = 0.00464846, max = 0.0122412 (Thoracic)
[2026-07-19 17:15:31.832] [info] Frame 153 (t = 1.53):	 total squared error = 0.000577160, marker error: RMS = 0.00462345, max = 0.0117748 (Thoracic)
[2026-07-19 17:15:31.850] [info] Frame 154 (t = 1.54):	 total squared error = 0.000564278, marker error: RMS = 0.00457156, max = 0.0113433 (Thoracic)
[2026-07-19 17:15:31.871] [info] Frame 155 (t = 1.55):	 total squared error = 0.000553520, marker error: RMS = 0.00452778, max = 0.0108767 (Thoracic)
[2026-07-19 17:15:31.883] [info] Frame 156 (t = 1.56):	 total squared error = 0.000548236, marker error: RMS = 0.00450611, max = 0.0105558 (Thoracic)
[2026-07-19 17:15:31.900] [info] Frame 157 (t = 1.57):	 total squared error = 0.000540680, marker error: RMS = 0.00447495, max = 0.0102518 (Thoracic)
[2026-07-19 17:15:31.918] [info] Frame 158 (t = 1.58):	 total squared error = 0.000536762, marker error: RMS = 0.00445871, max = 0.0100599 (Thoracic)
[2026-07-19 17:15:31.936] [info] Frame 159 (t = 1.59):	 total squared error = 0.000532972, marker error: RMS = 0.00444294, max = 0.00991182 (Thoracic)
[2026-07-19 17:15:31.948] [info] Frame 160 (t = 1.6):	 total squared error = 0.000534662, marker error: RMS = 0.00444998, max = 0.00977095 (Thoracic)
[2026-07-19 17:15:31.961] [info] Frame 161 (t = 1.61):	 total squared error = 0.000534099, marker error: RMS = 0.00444763, max = 0.00978828 (Thoracic)
[2026-07-19 17:15:31.974] [info] Frame 162 (t = 1.62):	 total squared error = 0.000530304, marker error: RMS = 0.00443181, max = 0.00982661 (Thoracic)
[2026-07-19 17:15:31.984] [info] Frame 163 (t = 1.63):	 total squared error = 0.000525499, marker error: RMS = 0.00441168, max = 0.00979067 (Thoracic)
[2026-07-19 17:15:32.004] [info] Frame 164 (t = 1.64):	 total squared error = 0.000506718, marker error: RMS = 0.00433213, max = 0.00982104 (Thoracic)
[2026-07-19 17:15:32.019] [info] Frame 165 (t = 1.65):	 total squared error = 0.000493189, marker error: RMS = 0.00427391, max = 0.00979775 (Thoracic)
[2026-07-19 17:15:32.034] [info] Frame 166 (t = 1.66):	 total squared error = 0.000474014, marker error: RMS = 0.00419000, max = 0.00971882 (Thoracic)
[2026-07-19 17:15:32.046] [info] Frame 167 (t = 1.67):	 total squared error = 0.000454803, marker error: RMS = 0.00410421, max = 0.00951929 (Thoracic)
[2026-07-19 17:15:32.062] [info] Frame 168 (t = 1.68):	 total squared error = 0.000429911, marker error: RMS = 0.00399031, max = 0.00943719 (Thoracic)
[2026-07-19 17:15:32.073] [info] Frame 169 (t = 1.69):	 total squared error = 0.000410207, marker error: RMS = 0.00389780, max = 0.00913816 (Thoracic)
[2026-07-19 17:15:32.086] [info] Frame 170 (t = 1.7):	 total squared error = 0.000386941, marker error: RMS = 0.00378565, max = 0.00904925 (Thoracic)
[2026-07-19 17:15:32.100] [info] Frame 171 (t = 1.71):	 total squared error = 0.000369180, marker error: RMS = 0.00369775, max = 0.00878832 (Thoracic)
[2026-07-19 17:15:32.117] [info] Frame 172 (t = 1.72):	 total squared error = 0.000352911, marker error: RMS = 0.00361535, max = 0.00869382 (Thoracic)
[2026-07-19 17:15:32.139] [info] Frame 173 (t = 1.73):	 total squared error = 0.000340344, marker error: RMS = 0.00355040, max = 0.00860451 (Thoracic)
[2026-07-19 17:15:32.151] [info] Frame 174 (t = 1.74):	 total squared error = 0.000333806, marker error: RMS = 0.00351613, max = 0.00849966 (Thoracic)
[2026-07-19 17:15:32.165] [info] Frame 175 (t = 1.75):	 total squared error = 0.000330947, marker error: RMS = 0.00350104, max = 0.00844255 (Thoracic)
[2026-07-19 17:15:32.180] [info] Frame 176 (t = 1.76):	 total squared error = 0.000330219, marker error: RMS = 0.00349719, max = 0.00844073 (Thoracic)
[2026-07-19 17:15:32.193] [info] Frame 177 (t = 1.77):	 total squared error = 0.000335930, marker error: RMS = 0.00352730, max = 0.00840702 (Thoracic)
[2026-07-19 17:15:32.215] [info] Frame 178 (t = 1.78):	 total squared error = 0.000341581, marker error: RMS = 0.00355685, max = 0.00845608 (Thoracic)
[2026-07-19 17:15:32.230] [info] Frame 179 (t = 1.79):	 total squared error = 0.000357191, marker error: RMS = 0.00363721, max = 0.00844707 (Thoracic)
[2026-07-19 17:15:32.246] [info] Frame 180 (t = 1.8):	 total squared error = 0.000377385, marker error: RMS = 0.00373861, max = 0.00840849 (Thoracic)
[2026-07-19 17:15:32.269] [info] Frame 181 (t = 1.81):	 total squared error = 0.000400158, marker error: RMS = 0.00384976, max = 0.00835084 (Thoracic)
[2026-07-19 17:15:32.289] [info] Frame 182 (t = 1.82):	 total squared error = 0.000429590, marker error: RMS = 0.00398883, max = 0.00821798 (Thoracic)
[2026-07-19 17:15:32.309] [info] Frame 183 (t = 1.83):	 total squared error = 0.000461423, marker error: RMS = 0.00413397, max = 0.00808622 (Thoracic)
[2026-07-19 17:15:32.327] [info] Frame 184 (t = 1.84):	 total squared error = 0.000498231, marker error: RMS = 0.00429569, max = 0.00818557 (R_Knee_Lateral)
[2026-07-19 17:15:32.344] [info] Frame 185 (t = 1.85):	 total squared error = 0.000531213, marker error: RMS = 0.00443560, max = 0.00899187 (R_Knee_Lateral)
[2026-07-19 17:15:32.364] [info] Frame 186 (t = 1.86):	 total squared error = 0.000564532, marker error: RMS = 0.00457259, max = 0.00950654 (R_Knee_Lateral)
[2026-07-19 17:15:32.393] [info] Frame 187 (t = 1.87):	 total squared error = 0.000602348, marker error: RMS = 0.00472326, max = 0.0100254 (R_Knee_Lateral)
[2026-07-19 17:15:32.414] [info] Frame 188 (t = 1.88):	 total squared error = 0.000644177, marker error: RMS = 0.00488451, max = 0.0108110 (R_Knee_Lateral)
[2026-07-19 17:15:32.432] [info] Frame 189 (t = 1.89):	 total squared error = 0.000694252, marker error: RMS = 0.00507080, max = 0.0117753 (R_Knee_Lateral)
[2026-07-19 17:15:32.452] [info] Frame 190 (t = 1.9):	 total squared error = 0.000757017, marker error: RMS = 0.00529506, max = 0.0122016 (R_Knee_Lateral)
[2026-07-19 17:15:32.476] [info] Frame 191 (t = 1.91):	 total squared error = 0.000829590, marker error: RMS = 0.00554306, max = 0.0125803 (R_Knee_Lateral)
[2026-07-19 17:15:32.489] [info] Frame 192 (t = 1.92):	 total squared error = 0.000917058, marker error: RMS = 0.00582796, max = 0.0135956 (R_Knee_Lateral)
[2026-07-19 17:15:32.510] [info] Frame 193 (t = 1.93):	 total squared error = 0.000988980, marker error: RMS = 0.00605218, max = 0.0134839 (R_Knee_Lateral)
[2026-07-19 17:15:32.525] [info] Frame 194 (t = 1.94):	 total squared error = 0.00106632, marker error: RMS = 0.00628438, max = 0.0138586 (R_Knee_Lateral)
[2026-07-19 17:15:32.542] [info] Frame 195 (t = 1.95):	 total squared error = 0.00113655, marker error: RMS = 0.00648803, max = 0.0138846 (R_Knee_Lateral)
[2026-07-19 17:15:32.556] [info] Frame 196 (t = 1.96):	 total squared error = 0.00119752, marker error: RMS = 0.00665978, max = 0.0138817 (R_Knee_Lateral)
[2026-07-19 17:15:32.571] [info] Frame 197 (t = 1.97):	 total squared error = 0.00125167, marker error: RMS = 0.00680867, max = 0.0136988 (R_Knee_Lateral)
[2026-07-19 17:15:32.593] [info] Frame 198 (t = 1.98):	 total squared error = 0.00130291, marker error: RMS = 0.00694666, max = 0.013399 (R_Knee_Lateral)
[2026-07-19 17:15:32.610] [info] Frame 199 (t = 1.99):	 total squared error = 0.00134972, marker error: RMS = 0.00707034, max = 0.0127777 (R_Knee_Lateral)
[2026-07-19 17:15:32.626] [info] Frame 200 (t = 2.0):	 total squared error = 0.00139594, marker error: RMS = 0.00719036, max = 0.0142825 (R_Shank_Lateral)
[2026-07-19 17:15:32.642] [info] Frame 201 (t = 2.01):	 total squared error = 0.00144058, marker error: RMS = 0.00730443, max = 0.0158854 (R_Shank_Lateral)
[2026-07-19 17:15:32.657] [info] Frame 202 (t = 2.02):	 total squared error = 0.00147750, marker error: RMS = 0.00739744, max = 0.0172077 (R_Shank_Lateral)
[2026-07-19 17:15:32.685] [info] Frame 203 (t = 2.03):	 total squared error = 0.00149536, marker error: RMS = 0.00744203, max = 0.0176571 (R_Shank_Lateral)
[2026-07-19 17:15:32.702] [info] Frame 204 (t = 2.04):	 total squared error = 0.00149190, marker error: RMS = 0.00743342, max = 0.0180763 (R_Shank_Lateral)
[2026-07-19 17:15:32.728] [info] Frame 205 (t = 2.05):	 total squared error = 0.00145712, marker error: RMS = 0.00734625, max = 0.0187791 (Thoracic)
[2026-07-19 17:15:32.758] [info] Frame 206 (t = 2.06):	 total squared error = 0.00139905, marker error: RMS = 0.00719839, max = 0.0192298 (Thoracic)
[2026-07-19 17:15:32.776] [info] Frame 207 (t = 2.07):	 total squared error = 0.00132593, marker error: RMS = 0.00700775, max = 0.0192785 (Thoracic)
[2026-07-19 17:15:32.803] [info] Frame 208 (t = 2.08):	 total squared error = 0.00123987, marker error: RMS = 0.00677651, max = 0.0193456 (Thoracic)
[2026-07-19 17:15:32.832] [info] Frame 209 (t = 2.09):	 total squared error = 0.00115897, marker error: RMS = 0.00655169, max = 0.0190061 (Thoracic)
[2026-07-19 17:15:32.854] [info] Frame 210 (t = 2.1):	 total squared error = 0.00109111, marker error: RMS = 0.00635700, max = 0.0184632 (Thoracic)
[2026-07-19 17:15:32.879] [info] Frame 211 (t = 2.11):	 total squared error = 0.00102298, marker error: RMS = 0.00615534, max = 0.0180988 (Thoracic)
[2026-07-19 17:15:32.893] [info] Frame 212 (t = 2.12):	 total squared error = 0.000975524, marker error: RMS = 0.00601087, max = 0.0172782 (Thoracic)
[2026-07-19 17:15:32.905] [info] Frame 213 (t = 2.13):	 total squared error = 0.000933249, marker error: RMS = 0.00587918, max = 0.0166148 (Thoracic)
[2026-07-19 17:15:32.920] [info] Frame 214 (t = 2.14):	 total squared error = 0.000889554, marker error: RMS = 0.00573990, max = 0.0161713 (Thoracic)
[2026-07-19 17:15:32.938] [info] Frame 215 (t = 2.15):	 total squared error = 0.000842827, marker error: RMS = 0.00558711, max = 0.0157762 (Thoracic)
[2026-07-19 17:15:32.944] [info] Frame 216 (t = 2.16):	 total squared error = 0.000807584, marker error: RMS = 0.00546905, max = 0.0150747 (Thoracic)
[2026-07-19 17:15:32.967] [info] Frame 217 (t = 2.17):	 total squared error = 0.000755162, marker error: RMS = 0.00528857, max = 0.0150161 (Thoracic)
[2026-07-19 17:15:32.980] [info] Frame 218 (t = 2.18):	 total squared error = 0.000712557, marker error: RMS = 0.00513722, max = 0.0146674 (Thoracic)
[2026-07-19 17:15:32.995] [info] Frame 219 (t = 2.19):	 total squared error = 0.000672071, marker error: RMS = 0.00498914, max = 0.014454 (Thoracic)
[2026-07-19 17:15:33.012] [info] Frame 220 (t = 2.2):	 total squared error = 0.000635049, marker error: RMS = 0.00484978, max = 0.014317 (Thoracic)
[2026-07-19 17:15:33.028] [info] Frame 221 (t = 2.21):	 total squared error = 0.000601416, marker error: RMS = 0.00471961, max = 0.0142319 (Thoracic)
[2026-07-19 17:15:33.045] [info] Frame 222 (t = 2.22):	 total squared error = 0.000572269, marker error: RMS = 0.00460382, max = 0.0142357 (Thoracic)
[2026-07-19 17:15:33.062] [info] Frame 223 (t = 2.23):	 total squared error = 0.000547068, marker error: RMS = 0.00450131, max = 0.0142942 (Thoracic)
[2026-07-19 17:15:33.080] [info] Frame 224 (t = 2.24):	 total squared error = 0.000526221, marker error: RMS = 0.00441471, max = 0.0144127 (Thoracic)
[2026-07-19 17:15:33.097] [info] Frame 225 (t = 2.25):	 total squared error = 0.000509423, marker error: RMS = 0.00434368, max = 0.0145712 (Thoracic)
[2026-07-19 17:15:33.114] [info] Frame 226 (t = 2.26):	 total squared error = 0.000496111, marker error: RMS = 0.00428655, max = 0.0147599 (Thoracic)
[2026-07-19 17:15:33.131] [info] Frame 227 (t = 2.27):	 total squared error = 0.000487157, marker error: RMS = 0.00424769, max = 0.0149313 (Thoracic)
[2026-07-19 17:15:33.147] [info] Frame 228 (t = 2.28):	 total squared error = 0.000481924, marker error: RMS = 0.00422481, max = 0.0150542 (Thoracic)
[2026-07-19 17:15:33.172] [info] Frame 229 (t = 2.29):	 total squared error = 0.000478381, marker error: RMS = 0.00420925, max = 0.0151205 (Thoracic)
[2026-07-19 17:15:33.188] [info] Frame 230 (t = 2.3):	 total squared error = 0.000478262, marker error: RMS = 0.00420873, max = 0.0150763 (Thoracic)
[2026-07-19 17:15:33.203] [info] Frame 231 (t = 2.31):	 total squared error = 0.000479450, marker error: RMS = 0.00421395, max = 0.0149544 (Thoracic)
[2026-07-19 17:15:33.221] [info] Frame 232 (t = 2.32):	 total squared error = 0.000478784, marker error: RMS = 0.00421103, max = 0.014765 (Thoracic)
[2026-07-19 17:15:33.238] [info] Frame 233 (t = 2.33):	 total squared error = 0.000478555, marker error: RMS = 0.00421002, max = 0.0144368 (Thoracic)
[2026-07-19 17:15:33.256] [info] Frame 234 (t = 2.34):	 total squared error = 0.000475430, marker error: RMS = 0.00419625, max = 0.0140342 (Thoracic)
[2026-07-19 17:15:33.267] [info] Frame 235 (t = 2.35):	 total squared error = 0.000473930, marker error: RMS = 0.00418962, max = 0.0135574 (Thoracic)
[2026-07-19 17:15:33.278] [info] Frame 236 (t = 2.36):	 total squared error = 0.000466161, marker error: RMS = 0.00415515, max = 0.0129316 (Thoracic)
[2026-07-19 17:15:33.288] [info] Frame 237 (t = 2.37):	 total squared error = 0.000458771, marker error: RMS = 0.00412208, max = 0.0123736 (Thoracic)
[2026-07-19 17:15:33.302] [info] Frame 238 (t = 2.38):	 total squared error = 0.000429134, marker error: RMS = 0.00398671, max = 0.0118096 (Thoracic)
[2026-07-19 17:15:33.314] [info] Frame 239 (t = 2.39):	 total squared error = 0.000412558, marker error: RMS = 0.00390896, max = 0.0111887 (Thoracic)
[2026-07-19 17:15:33.333] [info] Frame 240 (t = 2.4):	 total squared error = 0.000388398, marker error: RMS = 0.00379277, max = 0.0107085 (Thoracic)
[2026-07-19 17:15:33.342] [info] Frame 241 (t = 2.41):	 total squared error = 0.000374664, marker error: RMS = 0.00372511, max = 0.0101093 (Thoracic)
[2026-07-19 17:15:33.351] [info] Frame 242 (t = 2.42):	 total squared error = 0.000366260, marker error: RMS = 0.00368310, max = 0.00953878 (Thoracic)
[2026-07-19 17:15:33.371] [info] Frame 243 (t = 2.43):	 total squared error = 0.000350129, marker error: RMS = 0.00360107, max = 0.00910538 (Thoracic)
[2026-07-19 17:15:33.379] [info] Frame 244 (t = 2.44):	 total squared error = 0.000349748, marker error: RMS = 0.00359911, max = 0.00870664 (Thoracic)
[2026-07-19 17:15:33.385] [info] Frame 245 (t = 2.45):	 total squared error = 0.000355658, marker error: RMS = 0.00362940, max = 0.00835482 (Thoracic)
[2026-07-19 17:15:33.399] [info] Frame 246 (t = 2.46):	 total squared error = 0.000353424, marker error: RMS = 0.00361798, max = 0.00825094 (R_Asis)
[2026-07-19 17:15:33.407] [info] Frame 247 (t = 2.47):	 total squared error = 0.000362933, marker error: RMS = 0.00366633, max = 0.00839545 (R_Asis)
[2026-07-19 17:15:33.420] [info] Frame 248 (t = 2.48):	 total squared error = 0.000368659, marker error: RMS = 0.00369514, max = 0.00873009 (R_Asis)
[2026-07-19 17:15:33.428] [info] Frame 249 (t = 2.49):	 total squared error = 0.000375442, marker error: RMS = 0.00372898, max = 0.00868600 (R_Asis)
[2026-07-19 17:15:33.435] [info] Frame 250 (t = 2.5):	 total squared error = 0.000381005, marker error: RMS = 0.00375650, max = 0.00854183 (R_Asis)
[2026-07-19 17:15:33.441] [info] Frame 251 (t = 2.51):	 total squared error = 0.000383212, marker error: RMS = 0.00376736, max = 0.00834390 (R_Knee_Lateral)
[2026-07-19 17:15:33.459] [info] Frame 252 (t = 2.52):	 total squared error = 0.000357897, marker error: RMS = 0.00364080, max = 0.00822811 (Thoracic)
[2026-07-19 17:15:33.466] [info] Frame 253 (t = 2.53):	 total squared error = 0.000348574, marker error: RMS = 0.00359307, max = 0.00815967 (Thoracic)
[2026-07-19 17:15:33.480] [info] Frame 254 (t = 2.54):	 total squared error = 0.000331017, marker error: RMS = 0.00350141, max = 0.00837078 (Thoracic)
[2026-07-19 17:15:33.488] [info] Frame 255 (t = 2.55):	 total squared error = 0.000329995, marker error: RMS = 0.00349600, max = 0.00828748 (Thoracic)
[2026-07-19 17:15:33.509] [info] Frame 256 (t = 2.56):	 total squared error = 0.000305227, marker error: RMS = 0.00336225, max = 0.00853605 (Thoracic)
[2026-07-19 17:15:33.527] [info] Frame 257 (t = 2.57):	 total squared error = 0.000301830, marker error: RMS = 0.00334348, max = 0.00862972 (Thoracic)
[2026-07-19 17:15:33.542] [info] Frame 258 (t = 2.58):	 total squared error = 0.000305628, marker error: RMS = 0.00336446, max = 0.00875993 (Thoracic)
[2026-07-19 17:15:33.557] [info] Frame 259 (t = 2.59):	 total squared error = 0.000317183, marker error: RMS = 0.00342747, max = 0.00886376 (Thoracic)
[2026-07-19 17:15:33.570] [info] Frame 260 (t = 2.6):	 total squared error = 0.000328658, marker error: RMS = 0.00348891, max = 0.00898906 (Thoracic)
[2026-07-19 17:15:33.587] [info] Frame 261 (t = 2.61):	 total squared error = 0.000337717, marker error: RMS = 0.00353667, max = 0.00906135 (Thoracic)
[2026-07-19 17:15:33.610] [info] Frame 262 (t = 2.62):	 total squared error = 0.000350319, marker error: RMS = 0.00360205, max = 0.00908782 (Thoracic)
[2026-07-19 17:15:33.626] [info] Frame 263 (t = 2.63):	 total squared error = 0.000366968, marker error: RMS = 0.00368665, max = 0.00914794 (Thoracic)
[2026-07-19 17:15:33.641] [info] Frame 264 (t = 2.64):	 total squared error = 0.000380891, marker error: RMS = 0.00375594, max = 0.00915260 (Thoracic)
[2026-07-19 17:15:33.658] [info] Frame 265 (t = 2.65):	 total squared error = 0.000392830, marker error: RMS = 0.00381435, max = 0.00911369 (Thoracic)
[2026-07-19 17:15:33.666] [info] Frame 266 (t = 2.66):	 total squared error = 0.000412385, marker error: RMS = 0.00390813, max = 0.00904888 (Thoracic)
[2026-07-19 17:15:33.687] [info] Frame 267 (t = 2.67):	 total squared error = 0.000405495, marker error: RMS = 0.00387535, max = 0.00882925 (Thoracic)
[2026-07-19 17:15:33.695] [info] Frame 268 (t = 2.68):	 total squared error = 0.000411350, marker error: RMS = 0.00390323, max = 0.00858664 (Thoracic)
[2026-07-19 17:15:33.714] [info] Frame 269 (t = 2.69):	 total squared error = 0.000398369, marker error: RMS = 0.00384114, max = 0.00811025 (Thoracic)
[2026-07-19 17:15:33.731] [info] Frame 270 (t = 2.7):	 total squared error = 0.000388647, marker error: RMS = 0.00379399, max = 0.00761198 (Thoracic)
[2026-07-19 17:15:33.750] [info] Frame 271 (t = 2.71):	 total squared error = 0.000376314, marker error: RMS = 0.00373330, max = 0.00703810 (Thoracic)
[2026-07-19 17:15:33.761] [info] Frame 272 (t = 2.72):	 total squared error = 0.000367639, marker error: RMS = 0.00369002, max = 0.00674187 (L_Asis)
[2026-07-19 17:15:33.784] [info] Frame 273 (t = 2.73):	 total squared error = 0.000350168, marker error: RMS = 0.00360128, max = 0.00604178 (L_Asis)
[2026-07-19 17:15:33.799] [info] Frame 274 (t = 2.74):	 total squared error = 0.000338501, marker error: RMS = 0.00354077, max = 0.00612175 (L_Asis)
[2026-07-19 17:15:33.807] [info] Frame 275 (t = 2.75):	 total squared error = 0.000335656, marker error: RMS = 0.00352586, max = 0.00612619 (L_Asis)
[2026-07-19 17:15:33.830] [info] Frame 276 (t = 2.76):	 total squared error = 0.000312099, marker error: RMS = 0.00339988, max = 0.00596155 (Thoracic)
[2026-07-19 17:15:33.838] [info] Frame 277 (t = 2.77):	 total squared error = 0.000308559, marker error: RMS = 0.00338055, max = 0.00629548 (Thoracic)
[2026-07-19 17:15:33.863] [info] Frame 278 (t = 2.78):	 total squared error = 0.000295383, marker error: RMS = 0.00330759, max = 0.00644886 (Thoracic)
[2026-07-19 17:15:33.872] [info] Frame 279 (t = 2.79):	 total squared error = 0.000303063, marker error: RMS = 0.00335031, max = 0.00671002 (Thoracic)
[2026-07-19 17:15:33.886] [info] Frame 280 (t = 2.8):	 total squared error = 0.000316329, marker error: RMS = 0.00342285, max = 0.00688219 (Thoracic)
[2026-07-19 17:15:33.893] [info] Frame 281 (t = 2.81):	 total squared error = 0.000347703, marker error: RMS = 0.00358858, max = 0.00707876 (Thoracic)
[2026-07-19 17:15:33.901] [info] Frame 282 (t = 2.82):	 total squared error = 0.000387562, marker error: RMS = 0.00378869, max = 0.00728883 (Thoracic)
[2026-07-19 17:15:33.911] [info] Frame 283 (t = 2.83):	 total squared error = 0.000429540, marker error: RMS = 0.00398860, max = 0.00754271 (Thoracic)
[2026-07-19 17:15:33.922] [info] Frame 284 (t = 2.84):	 total squared error = 0.000465342, marker error: RMS = 0.00415149, max = 0.00793347 (Thoracic)
[2026-07-19 17:15:33.950] [info] Frame 285 (t = 2.85):	 total squared error = 0.000476172, marker error: RMS = 0.00419952, max = 0.00835182 (Thoracic)
[2026-07-19 17:15:33.959] [info] Frame 286 (t = 2.86):	 total squared error = 0.000497099, marker error: RMS = 0.00429081, max = 0.00884959 (Thoracic)
[2026-07-19 17:15:33.977] [info] Frame 287 (t = 2.87):	 total squared error = 0.000503104, marker error: RMS = 0.00431665, max = 0.00933423 (Thoracic)
[2026-07-19 17:15:33.986] [info] Frame 288 (t = 2.88):	 total squared error = 0.000505300, marker error: RMS = 0.00432606, max = 0.00960480 (Thoracic)
[2026-07-19 17:15:33.996] [info] Frame 289 (t = 2.89):	 total squared error = 0.000505415, marker error: RMS = 0.00432656, max = 0.00964282 (Thoracic)
[2026-07-19 17:15:34.015] [info] Frame 290 (t = 2.9):	 total squared error = 0.000481636, marker error: RMS = 0.00422355, max = 0.00960283 (Thoracic)
[2026-07-19 17:15:34.026] [info] Frame 291 (t = 2.91):	 total squared error = 0.000475488, marker error: RMS = 0.00419650, max = 0.00913736 (Thoracic)
[2026-07-19 17:15:34.042] [info] Frame 292 (t = 2.92):	 total squared error = 0.000462278, marker error: RMS = 0.00413780, max = 0.00875422 (Thoracic)
[2026-07-19 17:15:34.053] [info] Frame 293 (t = 2.93):	 total squared error = 0.000465580, marker error: RMS = 0.00415255, max = 0.00851632 (L_Knee_Lateral)
[2026-07-19 17:15:34.066] [info] Frame 294 (t = 2.94):	 total squared error = 0.000467756, marker error: RMS = 0.00416225, max = 0.00837360 (L_Ankle_Lateral)
[2026-07-19 17:15:34.076] [info] Frame 295 (t = 2.95):	 total squared error = 0.000487347, marker error: RMS = 0.00424852, max = 0.00872495 (L_Knee_Lateral)
[2026-07-19 17:15:34.089] [info] Frame 296 (t = 2.96):	 total squared error = 0.000500103, marker error: RMS = 0.00430376, max = 0.00862025 (L_Knee_Lateral)
[2026-07-19 17:15:34.096] [info] Frame 297 (t = 2.97):	 total squared error = 0.000534433, marker error: RMS = 0.00444902, max = 0.00903868 (L_Knee_Lateral)
[2026-07-19 17:15:34.113] [info] Frame 298 (t = 2.98):	 total squared error = 0.000560457, marker error: RMS = 0.00455606, max = 0.00899947 (L_Knee_Lateral)
[2026-07-19 17:15:34.132] [info] Frame 299 (t = 2.99):	 total squared error = 0.000599206, marker error: RMS = 0.00471093, max = 0.00966901 (Thoracic)
[2026-07-19 17:15:34.147] [info] Frame 300 (t = 3.0):	 total squared error = 0.000644781, marker error: RMS = 0.00488680, max = 0.0107702 (Thoracic)
[2026-07-19 17:15:34.163] [info] Frame 301 (t = 3.01):	 total squared error = 0.000688481, marker error: RMS = 0.00504968, max = 0.0119923 (Thoracic)
[2026-07-19 17:15:34.179] [info] Frame 302 (t = 3.02):	 total squared error = 0.000728407, marker error: RMS = 0.00519404, max = 0.0131659 (Thoracic)
[2026-07-19 17:15:34.192] [info] Frame 303 (t = 3.03):	 total squared error = 0.000763952, marker error: RMS = 0.00531926, max = 0.0141236 (Thoracic)
[2026-07-19 17:15:34.209] [info] Frame 304 (t = 3.04):	 total squared error = 0.000784643, marker error: RMS = 0.00539081, max = 0.0148662 (Thoracic)
[2026-07-19 17:15:34.221] [info] Frame 305 (t = 3.05):	 total squared error = 0.000797003, marker error: RMS = 0.00543310, max = 0.0152627 (Thoracic)
[2026-07-19 17:15:34.241] [info] Frame 306 (t = 3.06):	 total squared error = 0.000793679, marker error: RMS = 0.00542176, max = 0.0154353 (Thoracic)
[2026-07-19 17:15:34.256] [info] Frame 307 (t = 3.07):	 total squared error = 0.000784616, marker error: RMS = 0.00539072, max = 0.0153224 (Thoracic)
[2026-07-19 17:15:34.275] [info] Frame 308 (t = 3.08):	 total squared error = 0.000766025, marker error: RMS = 0.00532647, max = 0.0150176 (Thoracic)
[2026-07-19 17:15:34.296] [info] Frame 309 (t = 3.09):	 total squared error = 0.000744974, marker error: RMS = 0.00525277, max = 0.0145591 (Thoracic)
[2026-07-19 17:15:34.309] [info] Frame 310 (t = 3.1):	 total squared error = 0.000724825, marker error: RMS = 0.00518125, max = 0.0139898 (Thoracic)
[2026-07-19 17:15:34.321] [info] Frame 311 (t = 3.11):	 total squared error = 0.000703998, marker error: RMS = 0.00510627, max = 0.0133529 (Thoracic)
[2026-07-19 17:15:34.334] [info] Frame 312 (t = 3.12):	 total squared error = 0.000683981, marker error: RMS = 0.00503315, max = 0.0126696 (Thoracic)
[2026-07-19 17:15:34.359] [info] Frame 313 (t = 3.13):	 total squared error = 0.000660291, marker error: RMS = 0.00494522, max = 0.0120078 (Thoracic)
[2026-07-19 17:15:34.368] [info] Frame 314 (t = 3.14):	 total squared error = 0.000648786, marker error: RMS = 0.00490195, max = 0.0113874 (Thoracic)
[2026-07-19 17:15:34.384] [info] Frame 315 (t = 3.15):	 total squared error = 0.000631490, marker error: RMS = 0.00483617, max = 0.0108668 (Thoracic)
[2026-07-19 17:15:34.402] [info] Frame 316 (t = 3.16):	 total squared error = 0.000620794, marker error: RMS = 0.00479504, max = 0.0104700 (Thoracic)
[2026-07-19 17:15:34.421] [info] Frame 317 (t = 3.17):	 total squared error = 0.000613129, marker error: RMS = 0.00476534, max = 0.0101680 (Thoracic)
[2026-07-19 17:15:34.434] [info] Frame 318 (t = 3.18):	 total squared error = 0.000609798, marker error: RMS = 0.00475238, max = 0.00999664 (Thoracic)
[2026-07-19 17:15:34.447] [info] Frame 319 (t = 3.19):	 total squared error = 0.000607030, marker error: RMS = 0.00474158, max = 0.00995736 (Thoracic)
[2026-07-19 17:15:34.463] [info] Frame 320 (t = 3.2):	 total squared error = 0.000607415, marker error: RMS = 0.00474308, max = 0.00994222 (Thoracic)
[2026-07-19 17:15:34.473] [info] Frame 321 (t = 3.21):	 total squared error = 0.000613890, marker error: RMS = 0.00476830, max = 0.00992372 (Thoracic)
[2026-07-19 17:15:34.489] [info] Frame 322 (t = 3.22):	 total squared error = 0.000609955, marker error: RMS = 0.00475299, max = 0.0100098 (Thoracic)
[2026-07-19 17:15:34.506] [info] Frame 323 (t = 3.23):	 total squared error = 0.000610235, marker error: RMS = 0.00475408, max = 0.00998285 (Thoracic)
[2026-07-19 17:15:34.522] [info] Frame 324 (t = 3.24):	 total squared error = 0.000609348, marker error: RMS = 0.00475063, max = 0.00990464 (Thoracic)
[2026-07-19 17:15:34.544] [info] Frame 325 (t = 3.25):	 total squared error = 0.000605560, marker error: RMS = 0.00473584, max = 0.00976227 (Thoracic)
[2026-07-19 17:15:34.554] [info] Frame 326 (t = 3.26):	 total squared error = 0.000606102, marker error: RMS = 0.00473796, max = 0.00945352 (Thoracic)
[2026-07-19 17:15:34.568] [info] Frame 327 (t = 3.27):	 total squared error = 0.000595941, marker error: RMS = 0.00469807, max = 0.00939426 (Thoracic)
[2026-07-19 17:15:34.579] [info] Frame 328 (t = 3.28):	 total squared error = 0.000589447, marker error: RMS = 0.00467241, max = 0.00916200 (Thoracic)
[2026-07-19 17:15:34.594] [info] Frame 329 (t = 3.29):	 total squared error = 0.000582866, marker error: RMS = 0.00464625, max = 0.00894242 (Thoracic)
[2026-07-19 17:15:34.608] [info] Frame 330 (t = 3.3):	 total squared error = 0.000577844, marker error: RMS = 0.00462619, max = 0.00886151 (R_Thigh_Lateral)
[2026-07-19 17:15:34.623] [info] Frame 331 (t = 3.31):	 total squared error = 0.000574183, marker error: RMS = 0.00461151, max = 0.00896568 (R_Thigh_Lateral)
[2026-07-19 17:15:34.638] [info] Frame 332 (t = 3.32):	 total squared error = 0.000572503, marker error: RMS = 0.00460476, max = 0.00901475 (R_Thigh_Lateral)
[2026-07-19 17:15:34.658] [info] Frame 333 (t = 3.33):	 total squared error = 0.000565804, marker error: RMS = 0.00457774, max = 0.00885449 (R_Thigh_Lateral)
[2026-07-19 17:15:34.670] [info] Frame 334 (t = 3.34):	 total squared error = 0.000565351, marker error: RMS = 0.00457591, max = 0.00888781 (R_Thigh_Lateral)
[2026-07-19 17:15:34.686] [info] Frame 335 (t = 3.35):	 total squared error = 0.000561897, marker error: RMS = 0.00456191, max = 0.00885937 (R_Thigh_Lateral)
[2026-07-19 17:15:34.701] [info] Frame 336 (t = 3.36):	 total squared error = 0.000558009, marker error: RMS = 0.00454610, max = 0.00879555 (R_Thigh_Lateral)
[2026-07-19 17:15:34.715] [info] Frame 337 (t = 3.37):	 total squared error = 0.000552150, marker error: RMS = 0.00452217, max = 0.00863863 (R_Thigh_Lateral)
[2026-07-19 17:15:34.734] [info] Frame 338 (t = 3.38):	 total squared error = 0.000546980, marker error: RMS = 0.00450095, max = 0.00851427 (L_Shoulder)
[2026-07-19 17:15:34.758] [info] Frame 339 (t = 3.39):	 total squared error = 0.000544273, marker error: RMS = 0.00448980, max = 0.00868970 (L_Shoulder)
[2026-07-19 17:15:34.779] [info] Frame 340 (t = 3.4):	 total squared error = 0.000548608, marker error: RMS = 0.00450764, max = 0.00897473 (L_Shoulder)
[2026-07-19 17:15:34.794] [info] Frame 341 (t = 3.41):	 total squared error = 0.000558725, marker error: RMS = 0.00454901, max = 0.00934490 (L_Shoulder)
[2026-07-19 17:15:34.811] [info] Frame 342 (t = 3.42):	 total squared error = 0.000570296, marker error: RMS = 0.00459588, max = 0.00945245 (L_Shoulder)
[2026-07-19 17:15:34.831] [info] Frame 343 (t = 3.43):	 total squared error = 0.000580946, marker error: RMS = 0.00463859, max = 0.00928878 (L_Shoulder)
[2026-07-19 17:15:34.850] [info] Frame 344 (t = 3.44):	 total squared error = 0.000589963, marker error: RMS = 0.00467445, max = 0.00918354 (L_Shoulder)
[2026-07-19 17:15:34.868] [info] Frame 345 (t = 3.45):	 total squared error = 0.000596061, marker error: RMS = 0.00469854, max = 0.00895951 (L_Shoulder)
[2026-07-19 17:15:34.885] [info] Frame 346 (t = 3.46):	 total squared error = 0.000603723, marker error: RMS = 0.00472865, max = 0.00888201 (L_Shoulder)
[2026-07-19 17:15:34.909] [info] Frame 347 (t = 3.47):	 total squared error = 0.000600618, marker error: RMS = 0.00471647, max = 0.00865233 (R_Elbow)
[2026-07-19 17:15:34.924] [info] Frame 348 (t = 3.48):	 total squared error = 0.000602884, marker error: RMS = 0.00472536, max = 0.00865413 (R_Elbow)
[2026-07-19 17:15:34.942] [info] Frame 349 (t = 3.49):	 total squared error = 0.000607248, marker error: RMS = 0.00474243, max = 0.00863445 (R_Elbow)
[2026-07-19 17:15:34.960] [info] Frame 350 (t = 3.5):	 total squared error = 0.000617856, marker error: RMS = 0.00478368, max = 0.00928828 (R_Knee_Lateral)
[2026-07-19 17:15:34.977] [info] Frame 351 (t = 3.51):	 total squared error = 0.000633724, marker error: RMS = 0.00484472, max = 0.0101713 (R_Knee_Lateral)
[2026-07-19 17:15:35.000] [info] Frame 352 (t = 3.52):	 total squared error = 0.000659261, marker error: RMS = 0.00494136, max = 0.0108235 (R_Knee_Lateral)
[2026-07-19 17:15:35.019] [info] Frame 353 (t = 3.53):	 total squared error = 0.000701613, marker error: RMS = 0.00509761, max = 0.0119643 (R_Knee_Lateral)
[2026-07-19 17:15:35.044] [info] Frame 354 (t = 3.54):	 total squared error = 0.000757470, marker error: RMS = 0.00529664, max = 0.012599 (R_Knee_Lateral)
[2026-07-19 17:15:35.062] [info] Frame 355 (t = 3.55):	 total squared error = 0.000829018, marker error: RMS = 0.00554115, max = 0.0135176 (R_Knee_Lateral)
[2026-07-19 17:15:35.081] [info] Frame 356 (t = 3.56):	 total squared error = 0.000910939, marker error: RMS = 0.00580848, max = 0.0142154 (R_Knee_Lateral)
[2026-07-19 17:15:35.093] [info] Frame 357 (t = 3.57):	 total squared error = 0.00100857, marker error: RMS = 0.00611184, max = 0.015132 (R_Knee_Lateral)
[2026-07-19 17:15:35.105] [info] Frame 358 (t = 3.58):	 total squared error = 0.00108605, marker error: RMS = 0.00634224, max = 0.0155807 (R_Knee_Lateral)
[2026-07-19 17:15:35.128] [info] Frame 359 (t = 3.59):	 total squared error = 0.00115864, marker error: RMS = 0.00655078, max = 0.0155801 (R_Knee_Lateral)
[2026-07-19 17:15:35.141] [info] Frame 360 (t = 3.6):	 total squared error = 0.00123603, marker error: RMS = 0.00676600, max = 0.0158014 (R_Knee_Lateral)
[2026-07-19 17:15:35.162] [info] Frame 361 (t = 3.61):	 total squared error = 0.00127830, marker error: RMS = 0.00688074, max = 0.0158774 (R_Knee_Lateral)
[2026-07-19 17:15:35.180] [info] Frame 362 (t = 3.62):	 total squared error = 0.00131650, marker error: RMS = 0.00698278, max = 0.0158162 (R_Knee_Lateral)
[2026-07-19 17:15:35.194] [info] Frame 363 (t = 3.63):	 total squared error = 0.00134305, marker error: RMS = 0.00705283, max = 0.0155003 (R_Knee_Lateral)
[2026-07-19 17:15:35.211] [info] Frame 364 (t = 3.64):	 total squared error = 0.00135759, marker error: RMS = 0.00709092, max = 0.0151776 (R_Knee_Lateral)
[2026-07-19 17:15:35.224] [info] Frame 365 (t = 3.65):	 total squared error = 0.00136403, marker error: RMS = 0.00710771, max = 0.0146491 (R_Knee_Lateral)
[2026-07-19 17:15:35.241] [info] Frame 366 (t = 3.66):	 total squared error = 0.00136190, marker error: RMS = 0.00710216, max = 0.0140284 (R_Knee_Lateral)
[2026-07-19 17:15:35.267] [info] Frame 367 (t = 3.67):	 total squared error = 0.00134997, marker error: RMS = 0.00707098, max = 0.0137957 (R_Thigh_Lateral)
[2026-07-19 17:15:35.284] [info] Frame 368 (t = 3.68):	 total squared error = 0.00133315, marker error: RMS = 0.00702680, max = 0.013756 (R_Shank_Lateral)
[2026-07-19 17:15:35.308] [info] Frame 369 (t = 3.69):	 total squared error = 0.00130271, marker error: RMS = 0.00694612, max = 0.0137397 (R_Shank_Lateral)
[2026-07-19 17:15:35.327] [info] Frame 370 (t = 3.7):	 total squared error = 0.00126742, marker error: RMS = 0.00685139, max = 0.0138587 (R_Shank_Lateral)
[2026-07-19 17:15:35.333] [info] InverseKinematicsTool completed 321 frames in 5 second(s).
[2026-07-19 17:15:35.367] [info] Loaded model TCV36-scaled from file C:\Users\lucia\Desktop\TFG\2_JMP\TVC36\Walk_1\TVC36_1_JMP_results\TVC36_1_NMSM_JMP_07_upper_limb_final.osim
[2026-07-19 17:15:35.909] [warning] Coordinate.setValue:  coordinate pro_sup_r is locked. Unable to change its value.
[2026-07-19 17:15:35.942] [warning] Coordinate.setValue:  coordinate pro_sup_l is locked. Unable to change its value.
[2026-07-19 17:16:18.818] [info] Loaded model TCV36-scaled from file C:\Users\lucia\Desktop\TFG\2_JMP\TVC36\Walk_1\TVC36_1_JMP_results\TVC36_1_NMSM_JMP_07_upper_limb_final.osim
[2026-07-19 17:16:18.831] [cout] [info] 
               MODEL: TCV36-scaled
         coordinates: 41
              forces: 103
           actuators: 103
             muscles: 86
            analyses: 0
              probes: 0
              bodies: 24
              joints: 24
         constraints: 2
             markers: 27
         controllers: 0
  contact geometries: 0
misc modelcomponents: 0
[2026-07-19 17:16:18.831] [info] Running tool .
[2026-07-19 17:16:18.929] [info] Frame 50 (t = 0.5):	 total squared error = 0.00112196, marker error: RMS = 0.00644625, max = 0.0132161 (L_Shank_Lateral)
[2026-07-19 17:16:18.946] [info] Frame 51 (t = 0.51):	 total squared error = 0.00111945, marker error: RMS = 0.00643904, max = 0.013151 (L_Shank_Lateral)
[2026-07-19 17:16:18.961] [info] Frame 52 (t = 0.52):	 total squared error = 0.00111651, marker error: RMS = 0.00643058, max = 0.0131835 (R_Shank_Lateral)
[2026-07-19 17:16:18.985] [info] Frame 53 (t = 0.53):	 total squared error = 0.00110111, marker error: RMS = 0.00638606, max = 0.0134305 (L_Shank_Lateral)
[2026-07-19 17:16:19.010] [info] Frame 54 (t = 0.54):	 total squared error = 0.00108605, marker error: RMS = 0.00634224, max = 0.0134546 (L_Shank_Lateral)
[2026-07-19 17:16:19.027] [info] Frame 55 (t = 0.55):	 total squared error = 0.00107106, marker error: RMS = 0.00629831, max = 0.0131623 (L_Shank_Lateral)
[2026-07-19 17:16:19.055] [info] Frame 56 (t = 0.56):	 total squared error = 0.00104260, marker error: RMS = 0.00621407, max = 0.0132245 (L_Shank_Lateral)
[2026-07-19 17:16:19.083] [info] Frame 57 (t = 0.57):	 total squared error = 0.00100794, marker error: RMS = 0.00610993, max = 0.0131618 (L_Shank_Lateral)
[2026-07-19 17:16:19.111] [info] Frame 58 (t = 0.58):	 total squared error = 0.000966238, marker error: RMS = 0.00598219, max = 0.012913 (L_Shank_Lateral)
[2026-07-19 17:16:19.137] [info] Frame 59 (t = 0.59):	 total squared error = 0.000915005, marker error: RMS = 0.00582143, max = 0.0127581 (L_Shank_Lateral)
[2026-07-19 17:16:19.153] [info] Frame 60 (t = 0.6):	 total squared error = 0.000860179, marker error: RMS = 0.00564433, max = 0.0123894 (L_Shank_Lateral)
[2026-07-19 17:16:19.176] [info] Frame 61 (t = 0.61):	 total squared error = 0.000796161, marker error: RMS = 0.00543024, max = 0.0121641 (L_Shank_Lateral)
[2026-07-19 17:16:19.194] [info] Frame 62 (t = 0.62):	 total squared error = 0.000738547, marker error: RMS = 0.00523007, max = 0.0118083 (L_Shank_Lateral)
[2026-07-19 17:16:19.215] [info] Frame 63 (t = 0.63):	 total squared error = 0.000684558, marker error: RMS = 0.00503528, max = 0.0114484 (L_Shank_Lateral)
[2026-07-19 17:16:19.226] [info] Frame 64 (t = 0.64):	 total squared error = 0.000644653, marker error: RMS = 0.00488631, max = 0.0113113 (L_Shank_Lateral)
[2026-07-19 17:16:19.242] [info] Frame 65 (t = 0.65):	 total squared error = 0.000605224, marker error: RMS = 0.00473452, max = 0.0106714 (L_Shank_Lateral)
[2026-07-19 17:16:19.256] [info] Frame 66 (t = 0.66):	 total squared error = 0.000572486, marker error: RMS = 0.00460469, max = 0.0102090 (L_Shank_Lateral)
[2026-07-19 17:16:19.275] [info] Frame 67 (t = 0.67):	 total squared error = 0.000541689, marker error: RMS = 0.00447912, max = 0.00978959 (L_Shank_Lateral)
[2026-07-19 17:16:19.283] [info] Frame 68 (t = 0.68):	 total squared error = 0.000515861, marker error: RMS = 0.00437104, max = 0.00974486 (L_Shank_Lateral)
[2026-07-19 17:16:19.304] [info] Frame 69 (t = 0.69):	 total squared error = 0.000481620, marker error: RMS = 0.00422348, max = 0.00870348 (L_Shank_Lateral)
[2026-07-19 17:16:19.323] [info] Frame 70 (t = 0.7):	 total squared error = 0.000451783, marker error: RMS = 0.00409056, max = 0.00818665 (L_Shank_Lateral)
[2026-07-19 17:16:19.341] [info] Frame 71 (t = 0.71):	 total squared error = 0.000422861, marker error: RMS = 0.00395746, max = 0.00762939 (L_Shank_Lateral)
[2026-07-19 17:16:19.359] [info] Frame 72 (t = 0.72):	 total squared error = 0.000395032, marker error: RMS = 0.00382502, max = 0.00739952 (C7)
[2026-07-19 17:16:19.375] [info] Frame 73 (t = 0.73):	 total squared error = 0.000369363, marker error: RMS = 0.00369866, max = 0.00733133 (C7)
[2026-07-19 17:16:19.388] [info] Frame 74 (t = 0.74):	 total squared error = 0.000349718, marker error: RMS = 0.00359896, max = 0.00718214 (C7)
[2026-07-19 17:16:19.407] [info] Frame 75 (t = 0.75):	 total squared error = 0.000322383, marker error: RMS = 0.00345545, max = 0.00710600 (C7)
[2026-07-19 17:16:19.428] [info] Frame 76 (t = 0.76):	 total squared error = 0.000300432, marker error: RMS = 0.00333573, max = 0.00688760 (C7)
[2026-07-19 17:16:19.440] [info] Frame 77 (t = 0.77):	 total squared error = 0.000285670, marker error: RMS = 0.00325275, max = 0.00660810 (C7)
[2026-07-19 17:16:19.454] [info] Frame 78 (t = 0.78):	 total squared error = 0.000268301, marker error: RMS = 0.00315231, max = 0.00639362 (C7)
[2026-07-19 17:16:19.470] [info] Frame 79 (t = 0.79):	 total squared error = 0.000256124, marker error: RMS = 0.00307995, max = 0.00613557 (C7)
[2026-07-19 17:16:19.478] [info] Frame 80 (t = 0.8):	 total squared error = 0.000254752, marker error: RMS = 0.00307169, max = 0.00584724 (C7)
[2026-07-19 17:16:19.499] [info] Frame 81 (t = 0.81):	 total squared error = 0.000240029, marker error: RMS = 0.00298161, max = 0.00570876 (C7)
[2026-07-19 17:16:19.513] [info] Frame 82 (t = 0.82):	 total squared error = 0.000236717, marker error: RMS = 0.00296096, max = 0.00544575 (C7)
[2026-07-19 17:16:19.520] [info] Frame 83 (t = 0.83):	 total squared error = 0.000238288, marker error: RMS = 0.00297077, max = 0.00525320 (R_Knee_Lateral)
[2026-07-19 17:16:19.528] [info] Frame 84 (t = 0.84):	 total squared error = 0.000242170, marker error: RMS = 0.00299487, max = 0.00554984 (R_Knee_Lateral)
[2026-07-19 17:16:19.539] [info] Frame 85 (t = 0.85):	 total squared error = 0.000227084, marker error: RMS = 0.00290009, max = 0.00541739 (R_Knee_Lateral)
[2026-07-19 17:16:19.550] [info] Frame 86 (t = 0.86):	 total squared error = 0.000223334, marker error: RMS = 0.00287604, max = 0.00550689 (R_Knee_Lateral)
[2026-07-19 17:16:19.564] [info] Frame 87 (t = 0.87):	 total squared error = 0.000213448, marker error: RMS = 0.00281167, max = 0.00520065 (R_Knee_Lateral)
[2026-07-19 17:16:19.572] [info] Frame 88 (t = 0.88):	 total squared error = 0.000211098, marker error: RMS = 0.00279615, max = 0.00531870 (R_Knee_Lateral)
[2026-07-19 17:16:19.580] [info] Frame 89 (t = 0.89):	 total squared error = 0.000212028, marker error: RMS = 0.00280230, max = 0.00542011 (R_Knee_Lateral)
[2026-07-19 17:16:19.592] [info] Frame 90 (t = 0.9):	 total squared error = 0.000204972, marker error: RMS = 0.00275528, max = 0.00527003 (R_Knee_Lateral)
[2026-07-19 17:16:19.599] [info] Frame 91 (t = 0.91):	 total squared error = 0.000210560, marker error: RMS = 0.00279258, max = 0.00539731 (R_Knee_Lateral)
[2026-07-19 17:16:19.609] [info] Frame 92 (t = 0.92):	 total squared error = 0.000216445, marker error: RMS = 0.00283134, max = 0.00551089 (R_Knee_Lateral)
[2026-07-19 17:16:19.621] [info] Frame 93 (t = 0.93):	 total squared error = 0.000214922, marker error: RMS = 0.00282136, max = 0.00583972 (R_Shank_Lateral)
[2026-07-19 17:16:19.629] [info] Frame 94 (t = 0.94):	 total squared error = 0.000222597, marker error: RMS = 0.00287130, max = 0.00597771 (R_Shank_Lateral)
[2026-07-19 17:16:19.637] [info] Frame 95 (t = 0.95):	 total squared error = 0.000233575, marker error: RMS = 0.00294125, max = 0.00603753 (R_Shank_Lateral)
[2026-07-19 17:16:19.653] [info] Frame 96 (t = 0.96):	 total squared error = 0.000223987, marker error: RMS = 0.00288024, max = 0.00640712 (R_Shank_Lateral)
[2026-07-19 17:16:19.663] [info] Frame 97 (t = 0.97):	 total squared error = 0.000230254, marker error: RMS = 0.00292026, max = 0.00644087 (R_Shank_Lateral)
[2026-07-19 17:16:19.681] [info] Frame 98 (t = 0.98):	 total squared error = 0.000225853, marker error: RMS = 0.00289222, max = 0.00670915 (R_Shank_Lateral)
[2026-07-19 17:16:19.699] [info] Frame 99 (t = 0.99):	 total squared error = 0.000228155, marker error: RMS = 0.00290692, max = 0.00669285 (R_Shank_Lateral)
[2026-07-19 17:16:19.716] [info] Frame 100 (t = 1.0):	 total squared error = 0.000231709, marker error: RMS = 0.00292947, max = 0.00663851 (R_Shank_Lateral)
[2026-07-19 17:16:19.732] [info] Frame 101 (t = 1.01):	 total squared error = 0.000236081, marker error: RMS = 0.00295698, max = 0.00665445 (R_Shank_Lateral)
[2026-07-19 17:16:19.754] [info] Frame 102 (t = 1.02):	 total squared error = 0.000241328, marker error: RMS = 0.00298966, max = 0.00668182 (R_Shank_Lateral)
[2026-07-19 17:16:19.766] [info] Frame 103 (t = 1.03):	 total squared error = 0.000251607, marker error: RMS = 0.00305267, max = 0.00651593 (R_Shank_Lateral)
[2026-07-19 17:16:19.781] [info] Frame 104 (t = 1.04):	 total squared error = 0.000254194, marker error: RMS = 0.00306832, max = 0.00665917 (R_Shank_Lateral)
[2026-07-19 17:16:19.792] [info] Frame 105 (t = 1.05):	 total squared error = 0.000263376, marker error: RMS = 0.00312324, max = 0.00654837 (R_Shank_Lateral)
[2026-07-19 17:16:19.811] [info] Frame 106 (t = 1.06):	 total squared error = 0.000262107, marker error: RMS = 0.00311571, max = 0.00691443 (R_Shank_Lateral)
[2026-07-19 17:16:19.823] [info] Frame 107 (t = 1.07):	 total squared error = 0.000268392, marker error: RMS = 0.00315285, max = 0.00678949 (R_Shank_Lateral)
[2026-07-19 17:16:19.842] [info] Frame 108 (t = 1.08):	 total squared error = 0.000266349, marker error: RMS = 0.00314082, max = 0.00708005 (R_Shank_Lateral)
[2026-07-19 17:16:19.852] [info] Frame 109 (t = 1.09):	 total squared error = 0.000270701, marker error: RMS = 0.00316638, max = 0.00691763 (R_Shank_Lateral)
[2026-07-19 17:16:19.871] [info] Frame 110 (t = 1.1):	 total squared error = 0.000270020, marker error: RMS = 0.00316239, max = 0.00730993 (R_Shank_Lateral)
[2026-07-19 17:16:19.884] [info] Frame 111 (t = 1.11):	 total squared error = 0.000274560, marker error: RMS = 0.00318887, max = 0.00722697 (R_Shank_Lateral)
[2026-07-19 17:16:19.904] [info] Frame 112 (t = 1.12):	 total squared error = 0.000276467, marker error: RMS = 0.00319992, max = 0.00736702 (R_Shank_Lateral)
[2026-07-19 17:16:19.915] [info] Frame 113 (t = 1.13):	 total squared error = 0.000283638, marker error: RMS = 0.00324116, max = 0.00709203 (R_Shank_Lateral)
[2026-07-19 17:16:19.925] [info] Frame 114 (t = 1.14):	 total squared error = 0.000290257, marker error: RMS = 0.00327876, max = 0.00701933 (R_Shank_Lateral)
[2026-07-19 17:16:19.936] [info] Frame 115 (t = 1.15):	 total squared error = 0.000292247, marker error: RMS = 0.00328998, max = 0.00723107 (R_Shank_Lateral)
[2026-07-19 17:16:19.951] [info] Frame 116 (t = 1.16):	 total squared error = 0.000290852, marker error: RMS = 0.00328211, max = 0.00719780 (R_Shank_Lateral)
[2026-07-19 17:16:19.961] [info] Frame 117 (t = 1.17):	 total squared error = 0.000293589, marker error: RMS = 0.00329752, max = 0.00696939 (R_Shank_Lateral)
[2026-07-19 17:16:19.972] [info] Frame 118 (t = 1.18):	 total squared error = 0.000297708, marker error: RMS = 0.00332057, max = 0.00662621 (R_Shank_Lateral)
[2026-07-19 17:16:19.999] [info] Frame 119 (t = 1.19):	 total squared error = 0.000284049, marker error: RMS = 0.00324351, max = 0.00660043 (R_Shank_Lateral)
[2026-07-19 17:16:20.015] [info] Frame 120 (t = 1.2):	 total squared error = 0.000284547, marker error: RMS = 0.00324635, max = 0.00639364 (R_Shank_Lateral)
[2026-07-19 17:16:20.026] [info] Frame 121 (t = 1.21):	 total squared error = 0.000289705, marker error: RMS = 0.00327564, max = 0.00600159 (R_Shank_Lateral)
[2026-07-19 17:16:20.035] [info] Frame 122 (t = 1.22):	 total squared error = 0.000296549, marker error: RMS = 0.00331411, max = 0.00603343 (L_Psis)
[2026-07-19 17:16:20.052] [info] Frame 123 (t = 1.23):	 total squared error = 0.000290813, marker error: RMS = 0.00328190, max = 0.00602711 (L_Ankle_Lateral)
[2026-07-19 17:16:20.062] [info] Frame 124 (t = 1.24):	 total squared error = 0.000297820, marker error: RMS = 0.00332120, max = 0.00617064 (L_Ankle_Lateral)
[2026-07-19 17:16:20.071] [info] Frame 125 (t = 1.25):	 total squared error = 0.000303344, marker error: RMS = 0.00335186, max = 0.00630236 (L_Knee_Lateral)
[2026-07-19 17:16:20.083] [info] Frame 126 (t = 1.26):	 total squared error = 0.000301410, marker error: RMS = 0.00334116, max = 0.00633312 (L_Ankle_Lateral)
[2026-07-19 17:16:20.092] [info] Frame 127 (t = 1.27):	 total squared error = 0.000309624, marker error: RMS = 0.00338638, max = 0.00647571 (L_Knee_Lateral)
[2026-07-19 17:16:20.108] [info] Frame 128 (t = 1.28):	 total squared error = 0.000308018, marker error: RMS = 0.00337758, max = 0.00625876 (L_Ankle_Lateral)
[2026-07-19 17:16:20.124] [info] Frame 129 (t = 1.29):	 total squared error = 0.000312987, marker error: RMS = 0.00340472, max = 0.00618529 (L_Ankle_Lateral)
[2026-07-19 17:16:20.142] [info] Frame 130 (t = 1.3):	 total squared error = 0.000318012, marker error: RMS = 0.00343194, max = 0.00611702 (L_Ankle_Lateral)
[2026-07-19 17:16:20.170] [info] Frame 131 (t = 1.31):	 total squared error = 0.000324921, marker error: RMS = 0.00346902, max = 0.00617490 (Thoracic)
[2026-07-19 17:16:20.176] [info] Frame 132 (t = 1.32):	 total squared error = 0.000342833, marker error: RMS = 0.00356336, max = 0.00640480 (Thoracic)
[2026-07-19 17:16:20.197] [info] Frame 133 (t = 1.33):	 total squared error = 0.000348308, marker error: RMS = 0.00359170, max = 0.00681868 (Thoracic)
[2026-07-19 17:16:20.210] [info] Frame 134 (t = 1.34):	 total squared error = 0.000365237, marker error: RMS = 0.00367795, max = 0.00700749 (Thoracic)
[2026-07-19 17:16:20.229] [info] Frame 135 (t = 1.35):	 total squared error = 0.000374109, marker error: RMS = 0.00372235, max = 0.00727345 (Thoracic)
[2026-07-19 17:16:20.241] [info] Frame 136 (t = 1.36):	 total squared error = 0.000391757, marker error: RMS = 0.00380914, max = 0.00741319 (Thoracic)
[2026-07-19 17:16:20.258] [info] Frame 137 (t = 1.37):	 total squared error = 0.000400957, marker error: RMS = 0.00385360, max = 0.00760991 (Thoracic)
[2026-07-19 17:16:20.274] [info] Frame 138 (t = 1.38):	 total squared error = 0.000414960, marker error: RMS = 0.00392032, max = 0.00775369 (Thoracic)
[2026-07-19 17:16:20.284] [info] Frame 139 (t = 1.39):	 total squared error = 0.000435443, marker error: RMS = 0.00401591, max = 0.00807720 (Sternum)
[2026-07-19 17:16:20.303] [info] Frame 140 (t = 1.4):	 total squared error = 0.000446322, marker error: RMS = 0.00406576, max = 0.00827667 (Thoracic)
[2026-07-19 17:16:20.323] [info] Frame 141 (t = 1.41):	 total squared error = 0.000462315, marker error: RMS = 0.00413797, max = 0.00862125 (Thoracic)
[2026-07-19 17:16:20.340] [info] Frame 142 (t = 1.42):	 total squared error = 0.000482161, marker error: RMS = 0.00422585, max = 0.00918490 (Thoracic)
[2026-07-19 17:16:20.354] [info] Frame 143 (t = 1.43):	 total squared error = 0.000505118, marker error: RMS = 0.00432528, max = 0.00983780 (Thoracic)
[2026-07-19 17:16:20.373] [info] Frame 144 (t = 1.44):	 total squared error = 0.000523423, marker error: RMS = 0.00440296, max = 0.0105566 (Thoracic)
[2026-07-19 17:16:20.387] [info] Frame 145 (t = 1.45):	 total squared error = 0.000546397, marker error: RMS = 0.00449855, max = 0.0112976 (Thoracic)
[2026-07-19 17:16:20.398] [info] Frame 146 (t = 1.46):	 total squared error = 0.000571847, marker error: RMS = 0.00460212, max = 0.0120777 (Thoracic)
[2026-07-19 17:16:20.424] [info] Frame 147 (t = 1.47):	 total squared error = 0.000579222, marker error: RMS = 0.00463170, max = 0.012499 (Thoracic)
[2026-07-19 17:16:20.437] [info] Frame 148 (t = 1.48):	 total squared error = 0.000593885, marker error: RMS = 0.00468996, max = 0.0128833 (Thoracic)
[2026-07-19 17:16:20.449] [info] Frame 149 (t = 1.49):	 total squared error = 0.000601475, marker error: RMS = 0.00471984, max = 0.0130378 (Thoracic)
[2026-07-19 17:16:20.468] [info] Frame 150 (t = 1.5):	 total squared error = 0.000595222, marker error: RMS = 0.00469524, max = 0.0129401 (Thoracic)
[2026-07-19 17:16:20.489] [info] Frame 151 (t = 1.51):	 total squared error = 0.000588459, marker error: RMS = 0.00466849, max = 0.0126457 (Thoracic)
[2026-07-19 17:16:20.500] [info] Frame 152 (t = 1.52):	 total squared error = 0.000583422, marker error: RMS = 0.00464846, max = 0.0122412 (Thoracic)
[2026-07-19 17:16:20.513] [info] Frame 153 (t = 1.53):	 total squared error = 0.000577160, marker error: RMS = 0.00462345, max = 0.0117748 (Thoracic)
[2026-07-19 17:16:20.529] [info] Frame 154 (t = 1.54):	 total squared error = 0.000564278, marker error: RMS = 0.00457156, max = 0.0113433 (Thoracic)
[2026-07-19 17:16:20.550] [info] Frame 155 (t = 1.55):	 total squared error = 0.000553520, marker error: RMS = 0.00452778, max = 0.0108767 (Thoracic)
[2026-07-19 17:16:20.564] [info] Frame 156 (t = 1.56):	 total squared error = 0.000548236, marker error: RMS = 0.00450611, max = 0.0105558 (Thoracic)
[2026-07-19 17:16:20.583] [info] Frame 157 (t = 1.57):	 total squared error = 0.000540680, marker error: RMS = 0.00447495, max = 0.0102518 (Thoracic)
[2026-07-19 17:16:20.600] [info] Frame 158 (t = 1.58):	 total squared error = 0.000536762, marker error: RMS = 0.00445871, max = 0.0100599 (Thoracic)
[2026-07-19 17:16:20.615] [info] Frame 159 (t = 1.59):	 total squared error = 0.000532972, marker error: RMS = 0.00444294, max = 0.00991182 (Thoracic)
[2026-07-19 17:16:20.626] [info] Frame 160 (t = 1.6):	 total squared error = 0.000534662, marker error: RMS = 0.00444998, max = 0.00977095 (Thoracic)
[2026-07-19 17:16:20.641] [info] Frame 161 (t = 1.61):	 total squared error = 0.000534099, marker error: RMS = 0.00444763, max = 0.00978828 (Thoracic)
[2026-07-19 17:16:20.653] [info] Frame 162 (t = 1.62):	 total squared error = 0.000530304, marker error: RMS = 0.00443181, max = 0.00982661 (Thoracic)
[2026-07-19 17:16:20.665] [info] Frame 163 (t = 1.63):	 total squared error = 0.000525499, marker error: RMS = 0.00441168, max = 0.00979067 (Thoracic)
[2026-07-19 17:16:20.686] [info] Frame 164 (t = 1.64):	 total squared error = 0.000506718, marker error: RMS = 0.00433213, max = 0.00982104 (Thoracic)
[2026-07-19 17:16:20.702] [info] Frame 165 (t = 1.65):	 total squared error = 0.000493189, marker error: RMS = 0.00427391, max = 0.00979775 (Thoracic)
[2026-07-19 17:16:20.717] [info] Frame 166 (t = 1.66):	 total squared error = 0.000474014, marker error: RMS = 0.00419000, max = 0.00971882 (Thoracic)
[2026-07-19 17:16:20.728] [info] Frame 167 (t = 1.67):	 total squared error = 0.000454803, marker error: RMS = 0.00410421, max = 0.00951929 (Thoracic)
[2026-07-19 17:16:20.742] [info] Frame 168 (t = 1.68):	 total squared error = 0.000429911, marker error: RMS = 0.00399031, max = 0.00943719 (Thoracic)
[2026-07-19 17:16:20.753] [info] Frame 169 (t = 1.69):	 total squared error = 0.000410207, marker error: RMS = 0.00389780, max = 0.00913816 (Thoracic)
[2026-07-19 17:16:20.765] [info] Frame 170 (t = 1.7):	 total squared error = 0.000386941, marker error: RMS = 0.00378565, max = 0.00904925 (Thoracic)
[2026-07-19 17:16:20.779] [info] Frame 171 (t = 1.71):	 total squared error = 0.000369180, marker error: RMS = 0.00369775, max = 0.00878832 (Thoracic)
[2026-07-19 17:16:20.796] [info] Frame 172 (t = 1.72):	 total squared error = 0.000352911, marker error: RMS = 0.00361535, max = 0.00869382 (Thoracic)
[2026-07-19 17:16:20.815] [info] Frame 173 (t = 1.73):	 total squared error = 0.000340344, marker error: RMS = 0.00355040, max = 0.00860451 (Thoracic)
[2026-07-19 17:16:20.829] [info] Frame 174 (t = 1.74):	 total squared error = 0.000333806, marker error: RMS = 0.00351613, max = 0.00849966 (Thoracic)
[2026-07-19 17:16:20.843] [info] Frame 175 (t = 1.75):	 total squared error = 0.000330947, marker error: RMS = 0.00350104, max = 0.00844255 (Thoracic)
[2026-07-19 17:16:20.860] [info] Frame 176 (t = 1.76):	 total squared error = 0.000330219, marker error: RMS = 0.00349719, max = 0.00844073 (Thoracic)
[2026-07-19 17:16:20.874] [info] Frame 177 (t = 1.77):	 total squared error = 0.000335930, marker error: RMS = 0.00352730, max = 0.00840702 (Thoracic)
[2026-07-19 17:16:20.896] [info] Frame 178 (t = 1.78):	 total squared error = 0.000341581, marker error: RMS = 0.00355685, max = 0.00845608 (Thoracic)
[2026-07-19 17:16:20.914] [info] Frame 179 (t = 1.79):	 total squared error = 0.000357191, marker error: RMS = 0.00363721, max = 0.00844707 (Thoracic)
[2026-07-19 17:16:20.932] [info] Frame 180 (t = 1.8):	 total squared error = 0.000377385, marker error: RMS = 0.00373861, max = 0.00840849 (Thoracic)
[2026-07-19 17:16:20.958] [info] Frame 181 (t = 1.81):	 total squared error = 0.000400158, marker error: RMS = 0.00384976, max = 0.00835084 (Thoracic)
[2026-07-19 17:16:20.980] [info] Frame 182 (t = 1.82):	 total squared error = 0.000429590, marker error: RMS = 0.00398883, max = 0.00821798 (Thoracic)
[2026-07-19 17:16:21.000] [info] Frame 183 (t = 1.83):	 total squared error = 0.000461423, marker error: RMS = 0.00413397, max = 0.00808622 (Thoracic)
[2026-07-19 17:16:21.016] [info] Frame 184 (t = 1.84):	 total squared error = 0.000498231, marker error: RMS = 0.00429569, max = 0.00818557 (R_Knee_Lateral)
[2026-07-19 17:16:21.032] [info] Frame 185 (t = 1.85):	 total squared error = 0.000531213, marker error: RMS = 0.00443560, max = 0.00899187 (R_Knee_Lateral)
[2026-07-19 17:16:21.051] [info] Frame 186 (t = 1.86):	 total squared error = 0.000564532, marker error: RMS = 0.00457259, max = 0.00950654 (R_Knee_Lateral)
[2026-07-19 17:16:21.078] [info] Frame 187 (t = 1.87):	 total squared error = 0.000602348, marker error: RMS = 0.00472326, max = 0.0100254 (R_Knee_Lateral)
[2026-07-19 17:16:21.101] [info] Frame 188 (t = 1.88):	 total squared error = 0.000644177, marker error: RMS = 0.00488451, max = 0.0108110 (R_Knee_Lateral)
[2026-07-19 17:16:21.119] [info] Frame 189 (t = 1.89):	 total squared error = 0.000694252, marker error: RMS = 0.00507080, max = 0.0117753 (R_Knee_Lateral)
[2026-07-19 17:16:21.140] [info] Frame 190 (t = 1.9):	 total squared error = 0.000757017, marker error: RMS = 0.00529506, max = 0.0122016 (R_Knee_Lateral)
[2026-07-19 17:16:21.165] [info] Frame 191 (t = 1.91):	 total squared error = 0.000829590, marker error: RMS = 0.00554306, max = 0.0125803 (R_Knee_Lateral)
[2026-07-19 17:16:21.178] [info] Frame 192 (t = 1.92):	 total squared error = 0.000917058, marker error: RMS = 0.00582796, max = 0.0135956 (R_Knee_Lateral)
[2026-07-19 17:16:21.202] [info] Frame 193 (t = 1.93):	 total squared error = 0.000988980, marker error: RMS = 0.00605218, max = 0.0134839 (R_Knee_Lateral)
[2026-07-19 17:16:21.218] [info] Frame 194 (t = 1.94):	 total squared error = 0.00106632, marker error: RMS = 0.00628438, max = 0.0138586 (R_Knee_Lateral)
[2026-07-19 17:16:21.239] [info] Frame 195 (t = 1.95):	 total squared error = 0.00113655, marker error: RMS = 0.00648803, max = 0.0138846 (R_Knee_Lateral)
[2026-07-19 17:16:21.253] [info] Frame 196 (t = 1.96):	 total squared error = 0.00119752, marker error: RMS = 0.00665978, max = 0.0138817 (R_Knee_Lateral)
[2026-07-19 17:16:21.268] [info] Frame 197 (t = 1.97):	 total squared error = 0.00125167, marker error: RMS = 0.00680867, max = 0.0136988 (R_Knee_Lateral)
[2026-07-19 17:16:21.284] [info] Frame 198 (t = 1.98):	 total squared error = 0.00130291, marker error: RMS = 0.00694666, max = 0.013399 (R_Knee_Lateral)
[2026-07-19 17:16:21.298] [info] Frame 199 (t = 1.99):	 total squared error = 0.00134972, marker error: RMS = 0.00707034, max = 0.0127777 (R_Knee_Lateral)
[2026-07-19 17:16:21.313] [info] Frame 200 (t = 2.0):	 total squared error = 0.00139594, marker error: RMS = 0.00719036, max = 0.0142825 (R_Shank_Lateral)
[2026-07-19 17:16:21.327] [info] Frame 201 (t = 2.01):	 total squared error = 0.00144058, marker error: RMS = 0.00730443, max = 0.0158854 (R_Shank_Lateral)
[2026-07-19 17:16:21.342] [info] Frame 202 (t = 2.02):	 total squared error = 0.00147750, marker error: RMS = 0.00739744, max = 0.0172077 (R_Shank_Lateral)
[2026-07-19 17:16:21.369] [info] Frame 203 (t = 2.03):	 total squared error = 0.00149536, marker error: RMS = 0.00744203, max = 0.0176571 (R_Shank_Lateral)
[2026-07-19 17:16:21.386] [info] Frame 204 (t = 2.04):	 total squared error = 0.00149190, marker error: RMS = 0.00743342, max = 0.0180763 (R_Shank_Lateral)
[2026-07-19 17:16:21.411] [info] Frame 205 (t = 2.05):	 total squared error = 0.00145712, marker error: RMS = 0.00734625, max = 0.0187791 (Thoracic)
[2026-07-19 17:16:21.441] [info] Frame 206 (t = 2.06):	 total squared error = 0.00139905, marker error: RMS = 0.00719839, max = 0.0192298 (Thoracic)
[2026-07-19 17:16:21.460] [info] Frame 207 (t = 2.07):	 total squared error = 0.00132593, marker error: RMS = 0.00700775, max = 0.0192785 (Thoracic)
[2026-07-19 17:16:21.490] [info] Frame 208 (t = 2.08):	 total squared error = 0.00123987, marker error: RMS = 0.00677651, max = 0.0193456 (Thoracic)
[2026-07-19 17:16:21.514] [info] Frame 209 (t = 2.09):	 total squared error = 0.00115897, marker error: RMS = 0.00655169, max = 0.0190061 (Thoracic)
[2026-07-19 17:16:21.534] [info] Frame 210 (t = 2.1):	 total squared error = 0.00109111, marker error: RMS = 0.00635700, max = 0.0184632 (Thoracic)
[2026-07-19 17:16:21.555] [info] Frame 211 (t = 2.11):	 total squared error = 0.00102298, marker error: RMS = 0.00615534, max = 0.0180988 (Thoracic)
[2026-07-19 17:16:21.569] [info] Frame 212 (t = 2.12):	 total squared error = 0.000975524, marker error: RMS = 0.00601087, max = 0.0172782 (Thoracic)
[2026-07-19 17:16:21.583] [info] Frame 213 (t = 2.13):	 total squared error = 0.000933249, marker error: RMS = 0.00587918, max = 0.0166148 (Thoracic)
[2026-07-19 17:16:21.598] [info] Frame 214 (t = 2.14):	 total squared error = 0.000889554, marker error: RMS = 0.00573990, max = 0.0161713 (Thoracic)
[2026-07-19 17:16:21.616] [info] Frame 215 (t = 2.15):	 total squared error = 0.000842827, marker error: RMS = 0.00558711, max = 0.0157762 (Thoracic)
[2026-07-19 17:16:21.623] [info] Frame 216 (t = 2.16):	 total squared error = 0.000807584, marker error: RMS = 0.00546905, max = 0.0150747 (Thoracic)
[2026-07-19 17:16:21.645] [info] Frame 217 (t = 2.17):	 total squared error = 0.000755162, marker error: RMS = 0.00528857, max = 0.0150161 (Thoracic)
[2026-07-19 17:16:21.659] [info] Frame 218 (t = 2.18):	 total squared error = 0.000712557, marker error: RMS = 0.00513722, max = 0.0146674 (Thoracic)
[2026-07-19 17:16:21.674] [info] Frame 219 (t = 2.19):	 total squared error = 0.000672071, marker error: RMS = 0.00498914, max = 0.014454 (Thoracic)
[2026-07-19 17:16:21.692] [info] Frame 220 (t = 2.2):	 total squared error = 0.000635049, marker error: RMS = 0.00484978, max = 0.014317 (Thoracic)
[2026-07-19 17:16:21.709] [info] Frame 221 (t = 2.21):	 total squared error = 0.000601416, marker error: RMS = 0.00471961, max = 0.0142319 (Thoracic)
[2026-07-19 17:16:21.724] [info] Frame 222 (t = 2.22):	 total squared error = 0.000572269, marker error: RMS = 0.00460382, max = 0.0142357 (Thoracic)
[2026-07-19 17:16:21.740] [info] Frame 223 (t = 2.23):	 total squared error = 0.000547068, marker error: RMS = 0.00450131, max = 0.0142942 (Thoracic)
[2026-07-19 17:16:21.757] [info] Frame 224 (t = 2.24):	 total squared error = 0.000526221, marker error: RMS = 0.00441471, max = 0.0144127 (Thoracic)
[2026-07-19 17:16:21.773] [info] Frame 225 (t = 2.25):	 total squared error = 0.000509423, marker error: RMS = 0.00434368, max = 0.0145712 (Thoracic)
[2026-07-19 17:16:21.791] [info] Frame 226 (t = 2.26):	 total squared error = 0.000496111, marker error: RMS = 0.00428655, max = 0.0147599 (Thoracic)
[2026-07-19 17:16:21.809] [info] Frame 227 (t = 2.27):	 total squared error = 0.000487157, marker error: RMS = 0.00424769, max = 0.0149313 (Thoracic)
[2026-07-19 17:16:21.826] [info] Frame 228 (t = 2.28):	 total squared error = 0.000481924, marker error: RMS = 0.00422481, max = 0.0150542 (Thoracic)
[2026-07-19 17:16:21.854] [info] Frame 229 (t = 2.29):	 total squared error = 0.000478381, marker error: RMS = 0.00420925, max = 0.0151205 (Thoracic)
[2026-07-19 17:16:21.871] [info] Frame 230 (t = 2.3):	 total squared error = 0.000478262, marker error: RMS = 0.00420873, max = 0.0150763 (Thoracic)
[2026-07-19 17:16:21.887] [info] Frame 231 (t = 2.31):	 total squared error = 0.000479450, marker error: RMS = 0.00421395, max = 0.0149544 (Thoracic)
[2026-07-19 17:16:21.908] [info] Frame 232 (t = 2.32):	 total squared error = 0.000478784, marker error: RMS = 0.00421103, max = 0.014765 (Thoracic)
[2026-07-19 17:16:21.925] [info] Frame 233 (t = 2.33):	 total squared error = 0.000478555, marker error: RMS = 0.00421002, max = 0.0144368 (Thoracic)
[2026-07-19 17:16:21.943] [info] Frame 234 (t = 2.34):	 total squared error = 0.000475430, marker error: RMS = 0.00419625, max = 0.0140342 (Thoracic)
[2026-07-19 17:16:21.953] [info] Frame 235 (t = 2.35):	 total squared error = 0.000473930, marker error: RMS = 0.00418962, max = 0.0135574 (Thoracic)
[2026-07-19 17:16:21.965] [info] Frame 236 (t = 2.36):	 total squared error = 0.000466161, marker error: RMS = 0.00415515, max = 0.0129316 (Thoracic)
[2026-07-19 17:16:21.973] [info] Frame 237 (t = 2.37):	 total squared error = 0.000458771, marker error: RMS = 0.00412208, max = 0.0123736 (Thoracic)
[2026-07-19 17:16:21.985] [info] Frame 238 (t = 2.38):	 total squared error = 0.000429134, marker error: RMS = 0.00398671, max = 0.0118096 (Thoracic)
[2026-07-19 17:16:21.995] [info] Frame 239 (t = 2.39):	 total squared error = 0.000412558, marker error: RMS = 0.00390896, max = 0.0111887 (Thoracic)
[2026-07-19 17:16:22.012] [info] Frame 240 (t = 2.4):	 total squared error = 0.000388398, marker error: RMS = 0.00379277, max = 0.0107085 (Thoracic)
[2026-07-19 17:16:22.020] [info] Frame 241 (t = 2.41):	 total squared error = 0.000374664, marker error: RMS = 0.00372511, max = 0.0101093 (Thoracic)
[2026-07-19 17:16:22.028] [info] Frame 242 (t = 2.42):	 total squared error = 0.000366260, marker error: RMS = 0.00368310, max = 0.00953878 (Thoracic)
[2026-07-19 17:16:22.046] [info] Frame 243 (t = 2.43):	 total squared error = 0.000350129, marker error: RMS = 0.00360107, max = 0.00910538 (Thoracic)
[2026-07-19 17:16:22.053] [info] Frame 244 (t = 2.44):	 total squared error = 0.000349748, marker error: RMS = 0.00359911, max = 0.00870664 (Thoracic)
[2026-07-19 17:16:22.059] [info] Frame 245 (t = 2.45):	 total squared error = 0.000355658, marker error: RMS = 0.00362940, max = 0.00835482 (Thoracic)
[2026-07-19 17:16:22.075] [info] Frame 246 (t = 2.46):	 total squared error = 0.000353424, marker error: RMS = 0.00361798, max = 0.00825094 (R_Asis)
[2026-07-19 17:16:22.083] [info] Frame 247 (t = 2.47):	 total squared error = 0.000362933, marker error: RMS = 0.00366633, max = 0.00839545 (R_Asis)
[2026-07-19 17:16:22.096] [info] Frame 248 (t = 2.48):	 total squared error = 0.000368659, marker error: RMS = 0.00369514, max = 0.00873009 (R_Asis)
[2026-07-19 17:16:22.104] [info] Frame 249 (t = 2.49):	 total squared error = 0.000375442, marker error: RMS = 0.00372898, max = 0.00868600 (R_Asis)
[2026-07-19 17:16:22.113] [info] Frame 250 (t = 2.5):	 total squared error = 0.000381005, marker error: RMS = 0.00375650, max = 0.00854183 (R_Asis)
[2026-07-19 17:16:22.120] [info] Frame 251 (t = 2.51):	 total squared error = 0.000383212, marker error: RMS = 0.00376736, max = 0.00834390 (R_Knee_Lateral)
[2026-07-19 17:16:22.139] [info] Frame 252 (t = 2.52):	 total squared error = 0.000357897, marker error: RMS = 0.00364080, max = 0.00822811 (Thoracic)
[2026-07-19 17:16:22.146] [info] Frame 253 (t = 2.53):	 total squared error = 0.000348574, marker error: RMS = 0.00359307, max = 0.00815967 (Thoracic)
[2026-07-19 17:16:22.158] [info] Frame 254 (t = 2.54):	 total squared error = 0.000331017, marker error: RMS = 0.00350141, max = 0.00837078 (Thoracic)
[2026-07-19 17:16:22.166] [info] Frame 255 (t = 2.55):	 total squared error = 0.000329995, marker error: RMS = 0.00349600, max = 0.00828748 (Thoracic)
[2026-07-19 17:16:22.187] [info] Frame 256 (t = 2.56):	 total squared error = 0.000305227, marker error: RMS = 0.00336225, max = 0.00853605 (Thoracic)
[2026-07-19 17:16:22.205] [info] Frame 257 (t = 2.57):	 total squared error = 0.000301830, marker error: RMS = 0.00334348, max = 0.00862972 (Thoracic)
[2026-07-19 17:16:22.221] [info] Frame 258 (t = 2.58):	 total squared error = 0.000305628, marker error: RMS = 0.00336446, max = 0.00875993 (Thoracic)
[2026-07-19 17:16:22.235] [info] Frame 259 (t = 2.59):	 total squared error = 0.000317183, marker error: RMS = 0.00342747, max = 0.00886376 (Thoracic)
[2026-07-19 17:16:22.249] [info] Frame 260 (t = 2.6):	 total squared error = 0.000328658, marker error: RMS = 0.00348891, max = 0.00898906 (Thoracic)
[2026-07-19 17:16:22.266] [info] Frame 261 (t = 2.61):	 total squared error = 0.000337717, marker error: RMS = 0.00353667, max = 0.00906135 (Thoracic)
[2026-07-19 17:16:22.288] [info] Frame 262 (t = 2.62):	 total squared error = 0.000350319, marker error: RMS = 0.00360205, max = 0.00908782 (Thoracic)
[2026-07-19 17:16:22.303] [info] Frame 263 (t = 2.63):	 total squared error = 0.000366968, marker error: RMS = 0.00368665, max = 0.00914794 (Thoracic)
[2026-07-19 17:16:22.319] [info] Frame 264 (t = 2.64):	 total squared error = 0.000380891, marker error: RMS = 0.00375594, max = 0.00915260 (Thoracic)
[2026-07-19 17:16:22.335] [info] Frame 265 (t = 2.65):	 total squared error = 0.000392830, marker error: RMS = 0.00381435, max = 0.00911369 (Thoracic)
[2026-07-19 17:16:22.343] [info] Frame 266 (t = 2.66):	 total squared error = 0.000412385, marker error: RMS = 0.00390813, max = 0.00904888 (Thoracic)
[2026-07-19 17:16:22.361] [info] Frame 267 (t = 2.67):	 total squared error = 0.000405495, marker error: RMS = 0.00387535, max = 0.00882925 (Thoracic)
[2026-07-19 17:16:22.369] [info] Frame 268 (t = 2.68):	 total squared error = 0.000411350, marker error: RMS = 0.00390323, max = 0.00858664 (Thoracic)
[2026-07-19 17:16:22.389] [info] Frame 269 (t = 2.69):	 total squared error = 0.000398369, marker error: RMS = 0.00384114, max = 0.00811025 (Thoracic)
[2026-07-19 17:16:22.407] [info] Frame 270 (t = 2.7):	 total squared error = 0.000388647, marker error: RMS = 0.00379399, max = 0.00761198 (Thoracic)
[2026-07-19 17:16:22.426] [info] Frame 271 (t = 2.71):	 total squared error = 0.000376314, marker error: RMS = 0.00373330, max = 0.00703810 (Thoracic)
[2026-07-19 17:16:22.437] [info] Frame 272 (t = 2.72):	 total squared error = 0.000367639, marker error: RMS = 0.00369002, max = 0.00674187 (L_Asis)
[2026-07-19 17:16:22.461] [info] Frame 273 (t = 2.73):	 total squared error = 0.000350168, marker error: RMS = 0.00360128, max = 0.00604178 (L_Asis)
[2026-07-19 17:16:22.477] [info] Frame 274 (t = 2.74):	 total squared error = 0.000338501, marker error: RMS = 0.00354077, max = 0.00612175 (L_Asis)
[2026-07-19 17:16:22.486] [info] Frame 275 (t = 2.75):	 total squared error = 0.000335656, marker error: RMS = 0.00352586, max = 0.00612619 (L_Asis)
[2026-07-19 17:16:22.508] [info] Frame 276 (t = 2.76):	 total squared error = 0.000312099, marker error: RMS = 0.00339988, max = 0.00596155 (Thoracic)
[2026-07-19 17:16:22.517] [info] Frame 277 (t = 2.77):	 total squared error = 0.000308559, marker error: RMS = 0.00338055, max = 0.00629548 (Thoracic)
[2026-07-19 17:16:22.540] [info] Frame 278 (t = 2.78):	 total squared error = 0.000295383, marker error: RMS = 0.00330759, max = 0.00644886 (Thoracic)
[2026-07-19 17:16:22.549] [info] Frame 279 (t = 2.79):	 total squared error = 0.000303063, marker error: RMS = 0.00335031, max = 0.00671002 (Thoracic)
[2026-07-19 17:16:22.561] [info] Frame 280 (t = 2.8):	 total squared error = 0.000316329, marker error: RMS = 0.00342285, max = 0.00688219 (Thoracic)
[2026-07-19 17:16:22.568] [info] Frame 281 (t = 2.81):	 total squared error = 0.000347703, marker error: RMS = 0.00358858, max = 0.00707876 (Thoracic)
[2026-07-19 17:16:22.577] [info] Frame 282 (t = 2.82):	 total squared error = 0.000387562, marker error: RMS = 0.00378869, max = 0.00728883 (Thoracic)
[2026-07-19 17:16:22.587] [info] Frame 283 (t = 2.83):	 total squared error = 0.000429540, marker error: RMS = 0.00398860, max = 0.00754271 (Thoracic)
[2026-07-19 17:16:22.598] [info] Frame 284 (t = 2.84):	 total squared error = 0.000465342, marker error: RMS = 0.00415149, max = 0.00793347 (Thoracic)
[2026-07-19 17:16:22.628] [info] Frame 285 (t = 2.85):	 total squared error = 0.000476172, marker error: RMS = 0.00419952, max = 0.00835182 (Thoracic)
[2026-07-19 17:16:22.639] [info] Frame 286 (t = 2.86):	 total squared error = 0.000497099, marker error: RMS = 0.00429081, max = 0.00884959 (Thoracic)
[2026-07-19 17:16:22.657] [info] Frame 287 (t = 2.87):	 total squared error = 0.000503104, marker error: RMS = 0.00431665, max = 0.00933423 (Thoracic)
[2026-07-19 17:16:22.666] [info] Frame 288 (t = 2.88):	 total squared error = 0.000505300, marker error: RMS = 0.00432606, max = 0.00960480 (Thoracic)
[2026-07-19 17:16:22.674] [info] Frame 289 (t = 2.89):	 total squared error = 0.000505415, marker error: RMS = 0.00432656, max = 0.00964282 (Thoracic)
[2026-07-19 17:16:22.692] [info] Frame 290 (t = 2.9):	 total squared error = 0.000481636, marker error: RMS = 0.00422355, max = 0.00960283 (Thoracic)
[2026-07-19 17:16:22.702] [info] Frame 291 (t = 2.91):	 total squared error = 0.000475488, marker error: RMS = 0.00419650, max = 0.00913736 (Thoracic)
[2026-07-19 17:16:22.719] [info] Frame 292 (t = 2.92):	 total squared error = 0.000462278, marker error: RMS = 0.00413780, max = 0.00875422 (Thoracic)
[2026-07-19 17:16:22.730] [info] Frame 293 (t = 2.93):	 total squared error = 0.000465580, marker error: RMS = 0.00415255, max = 0.00851632 (L_Knee_Lateral)
[2026-07-19 17:16:22.744] [info] Frame 294 (t = 2.94):	 total squared error = 0.000467756, marker error: RMS = 0.00416225, max = 0.00837360 (L_Ankle_Lateral)
[2026-07-19 17:16:22.754] [info] Frame 295 (t = 2.95):	 total squared error = 0.000487347, marker error: RMS = 0.00424852, max = 0.00872495 (L_Knee_Lateral)
[2026-07-19 17:16:22.768] [info] Frame 296 (t = 2.96):	 total squared error = 0.000500103, marker error: RMS = 0.00430376, max = 0.00862025 (L_Knee_Lateral)
[2026-07-19 17:16:22.775] [info] Frame 297 (t = 2.97):	 total squared error = 0.000534433, marker error: RMS = 0.00444902, max = 0.00903868 (L_Knee_Lateral)
[2026-07-19 17:16:22.792] [info] Frame 298 (t = 2.98):	 total squared error = 0.000560457, marker error: RMS = 0.00455606, max = 0.00899947 (L_Knee_Lateral)
[2026-07-19 17:16:22.811] [info] Frame 299 (t = 2.99):	 total squared error = 0.000599206, marker error: RMS = 0.00471093, max = 0.00966901 (Thoracic)
[2026-07-19 17:16:22.826] [info] Frame 300 (t = 3.0):	 total squared error = 0.000644781, marker error: RMS = 0.00488680, max = 0.0107702 (Thoracic)
[2026-07-19 17:16:22.841] [info] Frame 301 (t = 3.01):	 total squared error = 0.000688481, marker error: RMS = 0.00504968, max = 0.0119923 (Thoracic)
[2026-07-19 17:16:22.859] [info] Frame 302 (t = 3.02):	 total squared error = 0.000728407, marker error: RMS = 0.00519404, max = 0.0131659 (Thoracic)
[2026-07-19 17:16:22.872] [info] Frame 303 (t = 3.03):	 total squared error = 0.000763952, marker error: RMS = 0.00531926, max = 0.0141236 (Thoracic)
[2026-07-19 17:16:22.889] [info] Frame 304 (t = 3.04):	 total squared error = 0.000784643, marker error: RMS = 0.00539081, max = 0.0148662 (Thoracic)
[2026-07-19 17:16:22.902] [info] Frame 305 (t = 3.05):	 total squared error = 0.000797003, marker error: RMS = 0.00543310, max = 0.0152627 (Thoracic)
[2026-07-19 17:16:22.921] [info] Frame 306 (t = 3.06):	 total squared error = 0.000793679, marker error: RMS = 0.00542176, max = 0.0154353 (Thoracic)
[2026-07-19 17:16:22.935] [info] Frame 307 (t = 3.07):	 total squared error = 0.000784616, marker error: RMS = 0.00539072, max = 0.0153224 (Thoracic)
[2026-07-19 17:16:22.953] [info] Frame 308 (t = 3.08):	 total squared error = 0.000766025, marker error: RMS = 0.00532647, max = 0.0150176 (Thoracic)
[2026-07-19 17:16:22.973] [info] Frame 309 (t = 3.09):	 total squared error = 0.000744974, marker error: RMS = 0.00525277, max = 0.0145591 (Thoracic)
[2026-07-19 17:16:22.987] [info] Frame 310 (t = 3.1):	 total squared error = 0.000724825, marker error: RMS = 0.00518125, max = 0.0139898 (Thoracic)
[2026-07-19 17:16:23.001] [info] Frame 311 (t = 3.11):	 total squared error = 0.000703998, marker error: RMS = 0.00510627, max = 0.0133529 (Thoracic)
[2026-07-19 17:16:23.013] [info] Frame 312 (t = 3.12):	 total squared error = 0.000683981, marker error: RMS = 0.00503315, max = 0.0126696 (Thoracic)
[2026-07-19 17:16:23.038] [info] Frame 313 (t = 3.13):	 total squared error = 0.000660291, marker error: RMS = 0.00494522, max = 0.0120078 (Thoracic)
[2026-07-19 17:16:23.048] [info] Frame 314 (t = 3.14):	 total squared error = 0.000648786, marker error: RMS = 0.00490195, max = 0.0113874 (Thoracic)
[2026-07-19 17:16:23.064] [info] Frame 315 (t = 3.15):	 total squared error = 0.000631490, marker error: RMS = 0.00483617, max = 0.0108668 (Thoracic)
[2026-07-19 17:16:23.082] [info] Frame 316 (t = 3.16):	 total squared error = 0.000620794, marker error: RMS = 0.00479504, max = 0.0104700 (Thoracic)
[2026-07-19 17:16:23.102] [info] Frame 317 (t = 3.17):	 total squared error = 0.000613129, marker error: RMS = 0.00476534, max = 0.0101680 (Thoracic)
[2026-07-19 17:16:23.116] [info] Frame 318 (t = 3.18):	 total squared error = 0.000609798, marker error: RMS = 0.00475238, max = 0.00999664 (Thoracic)
[2026-07-19 17:16:23.132] [info] Frame 319 (t = 3.19):	 total squared error = 0.000607030, marker error: RMS = 0.00474158, max = 0.00995736 (Thoracic)
[2026-07-19 17:16:23.149] [info] Frame 320 (t = 3.2):	 total squared error = 0.000607415, marker error: RMS = 0.00474308, max = 0.00994222 (Thoracic)
[2026-07-19 17:16:23.160] [info] Frame 321 (t = 3.21):	 total squared error = 0.000613890, marker error: RMS = 0.00476830, max = 0.00992372 (Thoracic)
[2026-07-19 17:16:23.177] [info] Frame 322 (t = 3.22):	 total squared error = 0.000609955, marker error: RMS = 0.00475299, max = 0.0100098 (Thoracic)
[2026-07-19 17:16:23.195] [info] Frame 323 (t = 3.23):	 total squared error = 0.000610235, marker error: RMS = 0.00475408, max = 0.00998285 (Thoracic)
[2026-07-19 17:16:23.213] [info] Frame 324 (t = 3.24):	 total squared error = 0.000609348, marker error: RMS = 0.00475063, max = 0.00990464 (Thoracic)
[2026-07-19 17:16:23.233] [info] Frame 325 (t = 3.25):	 total squared error = 0.000605560, marker error: RMS = 0.00473584, max = 0.00976227 (Thoracic)
[2026-07-19 17:16:23.242] [info] Frame 326 (t = 3.26):	 total squared error = 0.000606102, marker error: RMS = 0.00473796, max = 0.00945352 (Thoracic)
[2026-07-19 17:16:23.257] [info] Frame 327 (t = 3.27):	 total squared error = 0.000595941, marker error: RMS = 0.00469807, max = 0.00939426 (Thoracic)
[2026-07-19 17:16:23.268] [info] Frame 328 (t = 3.28):	 total squared error = 0.000589447, marker error: RMS = 0.00467241, max = 0.00916200 (Thoracic)
[2026-07-19 17:16:23.283] [info] Frame 329 (t = 3.29):	 total squared error = 0.000582866, marker error: RMS = 0.00464625, max = 0.00894242 (Thoracic)
[2026-07-19 17:16:23.298] [info] Frame 330 (t = 3.3):	 total squared error = 0.000577844, marker error: RMS = 0.00462619, max = 0.00886151 (R_Thigh_Lateral)
[2026-07-19 17:16:23.313] [info] Frame 331 (t = 3.31):	 total squared error = 0.000574183, marker error: RMS = 0.00461151, max = 0.00896568 (R_Thigh_Lateral)
[2026-07-19 17:16:23.327] [info] Frame 332 (t = 3.32):	 total squared error = 0.000572503, marker error: RMS = 0.00460476, max = 0.00901475 (R_Thigh_Lateral)
[2026-07-19 17:16:23.349] [info] Frame 333 (t = 3.33):	 total squared error = 0.000565804, marker error: RMS = 0.00457774, max = 0.00885449 (R_Thigh_Lateral)
[2026-07-19 17:16:23.362] [info] Frame 334 (t = 3.34):	 total squared error = 0.000565351, marker error: RMS = 0.00457591, max = 0.00888781 (R_Thigh_Lateral)
[2026-07-19 17:16:23.378] [info] Frame 335 (t = 3.35):	 total squared error = 0.000561897, marker error: RMS = 0.00456191, max = 0.00885937 (R_Thigh_Lateral)
[2026-07-19 17:16:23.393] [info] Frame 336 (t = 3.36):	 total squared error = 0.000558009, marker error: RMS = 0.00454610, max = 0.00879555 (R_Thigh_Lateral)
[2026-07-19 17:16:23.408] [info] Frame 337 (t = 3.37):	 total squared error = 0.000552150, marker error: RMS = 0.00452217, max = 0.00863863 (R_Thigh_Lateral)
[2026-07-19 17:16:23.426] [info] Frame 338 (t = 3.38):	 total squared error = 0.000546980, marker error: RMS = 0.00450095, max = 0.00851427 (L_Shoulder)
[2026-07-19 17:16:23.448] [info] Frame 339 (t = 3.39):	 total squared error = 0.000544273, marker error: RMS = 0.00448980, max = 0.00868970 (L_Shoulder)
[2026-07-19 17:16:23.470] [info] Frame 340 (t = 3.4):	 total squared error = 0.000548608, marker error: RMS = 0.00450764, max = 0.00897473 (L_Shoulder)
[2026-07-19 17:16:23.486] [info] Frame 341 (t = 3.41):	 total squared error = 0.000558725, marker error: RMS = 0.00454901, max = 0.00934490 (L_Shoulder)
[2026-07-19 17:16:23.503] [info] Frame 342 (t = 3.42):	 total squared error = 0.000570296, marker error: RMS = 0.00459588, max = 0.00945245 (L_Shoulder)
[2026-07-19 17:16:23.522] [info] Frame 343 (t = 3.43):	 total squared error = 0.000580946, marker error: RMS = 0.00463859, max = 0.00928878 (L_Shoulder)
[2026-07-19 17:16:23.540] [info] Frame 344 (t = 3.44):	 total squared error = 0.000589963, marker error: RMS = 0.00467445, max = 0.00918354 (L_Shoulder)
[2026-07-19 17:16:23.558] [info] Frame 345 (t = 3.45):	 total squared error = 0.000596061, marker error: RMS = 0.00469854, max = 0.00895951 (L_Shoulder)
[2026-07-19 17:16:23.576] [info] Frame 346 (t = 3.46):	 total squared error = 0.000603723, marker error: RMS = 0.00472865, max = 0.00888201 (L_Shoulder)
[2026-07-19 17:16:23.600] [info] Frame 347 (t = 3.47):	 total squared error = 0.000600618, marker error: RMS = 0.00471647, max = 0.00865233 (R_Elbow)
[2026-07-19 17:16:23.616] [info] Frame 348 (t = 3.48):	 total squared error = 0.000602884, marker error: RMS = 0.00472536, max = 0.00865413 (R_Elbow)
[2026-07-19 17:16:23.635] [info] Frame 349 (t = 3.49):	 total squared error = 0.000607248, marker error: RMS = 0.00474243, max = 0.00863445 (R_Elbow)
[2026-07-19 17:16:23.652] [info] Frame 350 (t = 3.5):	 total squared error = 0.000617856, marker error: RMS = 0.00478368, max = 0.00928828 (R_Knee_Lateral)
[2026-07-19 17:16:23.673] [info] Frame 351 (t = 3.51):	 total squared error = 0.000633724, marker error: RMS = 0.00484472, max = 0.0101713 (R_Knee_Lateral)
[2026-07-19 17:16:23.694] [info] Frame 352 (t = 3.52):	 total squared error = 0.000659261, marker error: RMS = 0.00494136, max = 0.0108235 (R_Knee_Lateral)
[2026-07-19 17:16:23.712] [info] Frame 353 (t = 3.53):	 total squared error = 0.000701613, marker error: RMS = 0.00509761, max = 0.0119643 (R_Knee_Lateral)
[2026-07-19 17:16:23.735] [info] Frame 354 (t = 3.54):	 total squared error = 0.000757470, marker error: RMS = 0.00529664, max = 0.012599 (R_Knee_Lateral)
[2026-07-19 17:16:23.754] [info] Frame 355 (t = 3.55):	 total squared error = 0.000829018, marker error: RMS = 0.00554115, max = 0.0135176 (R_Knee_Lateral)
[2026-07-19 17:16:23.773] [info] Frame 356 (t = 3.56):	 total squared error = 0.000910939, marker error: RMS = 0.00580848, max = 0.0142154 (R_Knee_Lateral)
[2026-07-19 17:16:23.786] [info] Frame 357 (t = 3.57):	 total squared error = 0.00100857, marker error: RMS = 0.00611184, max = 0.015132 (R_Knee_Lateral)
[2026-07-19 17:16:23.797] [info] Frame 358 (t = 3.58):	 total squared error = 0.00108605, marker error: RMS = 0.00634224, max = 0.0155807 (R_Knee_Lateral)
[2026-07-19 17:16:23.818] [info] Frame 359 (t = 3.59):	 total squared error = 0.00115864, marker error: RMS = 0.00655078, max = 0.0155801 (R_Knee_Lateral)
[2026-07-19 17:16:23.829] [info] Frame 360 (t = 3.6):	 total squared error = 0.00123603, marker error: RMS = 0.00676600, max = 0.0158014 (R_Knee_Lateral)
[2026-07-19 17:16:23.851] [info] Frame 361 (t = 3.61):	 total squared error = 0.00127830, marker error: RMS = 0.00688074, max = 0.0158774 (R_Knee_Lateral)
[2026-07-19 17:16:23.866] [info] Frame 362 (t = 3.62):	 total squared error = 0.00131650, marker error: RMS = 0.00698278, max = 0.0158162 (R_Knee_Lateral)
[2026-07-19 17:16:23.880] [info] Frame 363 (t = 3.63):	 total squared error = 0.00134305, marker error: RMS = 0.00705283, max = 0.0155003 (R_Knee_Lateral)
[2026-07-19 17:16:23.894] [info] Frame 364 (t = 3.64):	 total squared error = 0.00135759, marker error: RMS = 0.00709092, max = 0.0151776 (R_Knee_Lateral)
[2026-07-19 17:16:23.909] [info] Frame 365 (t = 3.65):	 total squared error = 0.00136403, marker error: RMS = 0.00710771, max = 0.0146491 (R_Knee_Lateral)
[2026-07-19 17:16:23.926] [info] Frame 366 (t = 3.66):	 total squared error = 0.00136190, marker error: RMS = 0.00710216, max = 0.0140284 (R_Knee_Lateral)
[2026-07-19 17:16:23.954] [info] Frame 367 (t = 3.67):	 total squared error = 0.00134997, marker error: RMS = 0.00707098, max = 0.0137957 (R_Thigh_Lateral)
[2026-07-19 17:16:23.968] [info] Frame 368 (t = 3.68):	 total squared error = 0.00133315, marker error: RMS = 0.00702680, max = 0.013756 (R_Shank_Lateral)
[2026-07-19 17:16:23.991] [info] Frame 369 (t = 3.69):	 total squared error = 0.00130271, marker error: RMS = 0.00694612, max = 0.0137397 (R_Shank_Lateral)
[2026-07-19 17:16:24.009] [info] Frame 370 (t = 3.7):	 total squared error = 0.00126742, marker error: RMS = 0.00685139, max = 0.0138587 (R_Shank_Lateral)
[2026-07-19 17:16:24.015] [info] InverseKinematicsTool completed 321 frames in 5 second(s).
[2026-07-19 17:16:24.047] [info] Loaded model TCV36-scaled from file C:\Users\lucia\Desktop\TFG\2_JMP\TVC36\Walk_1\TVC36_1_JMP_results\TVC36_1_NMSM_JMP_07_upper_limb_final.osim
[2026-07-19 17:16:24.584] [warning] Coordinate.setValue:  coordinate pro_sup_r is locked. Unable to change its value.
[2026-07-19 17:16:24.620] [warning] Coordinate.setValue:  coordinate pro_sup_l is locked. Unable to change its value.
[2026-07-19 17:17:07.844] [info] Loaded model TCV36-scaled from file C:\Users\lucia\Desktop\TFG\2_JMP\TVC36\Walk_1\TVC36_1_JMP_results\TVC36_1_NMSM_JMP_08_wrist_axis_FINAL.osim
[2026-07-19 17:17:07.854] [cout] [info] 
               MODEL: TCV36-scaled
         coordinates: 41
              forces: 103
           actuators: 103
             muscles: 86
            analyses: 0
              probes: 0
              bodies: 24
              joints: 24
         constraints: 2
             markers: 27
         controllers: 0
  contact geometries: 0
misc modelcomponents: 0
[2026-07-19 17:17:07.854] [info] Running tool .
[2026-07-19 17:17:07.949] [info] Frame 50 (t = 0.5):	 total squared error = 0.00112196, marker error: RMS = 0.00644625, max = 0.0132161 (L_Shank_Lateral)
[2026-07-19 17:17:07.965] [info] Frame 51 (t = 0.51):	 total squared error = 0.00111945, marker error: RMS = 0.00643904, max = 0.013151 (L_Shank_Lateral)
[2026-07-19 17:17:07.985] [info] Frame 52 (t = 0.52):	 total squared error = 0.00111651, marker error: RMS = 0.00643058, max = 0.0131835 (R_Shank_Lateral)
[2026-07-19 17:17:08.013] [info] Frame 53 (t = 0.53):	 total squared error = 0.00110111, marker error: RMS = 0.00638606, max = 0.0134305 (L_Shank_Lateral)
[2026-07-19 17:17:08.038] [info] Frame 54 (t = 0.54):	 total squared error = 0.00108605, marker error: RMS = 0.00634224, max = 0.0134546 (L_Shank_Lateral)
[2026-07-19 17:17:08.055] [info] Frame 55 (t = 0.55):	 total squared error = 0.00107106, marker error: RMS = 0.00629831, max = 0.0131623 (L_Shank_Lateral)
[2026-07-19 17:17:08.083] [info] Frame 56 (t = 0.56):	 total squared error = 0.00104260, marker error: RMS = 0.00621407, max = 0.0132245 (L_Shank_Lateral)
[2026-07-19 17:17:08.112] [info] Frame 57 (t = 0.57):	 total squared error = 0.00100794, marker error: RMS = 0.00610993, max = 0.0131618 (L_Shank_Lateral)
[2026-07-19 17:17:08.141] [info] Frame 58 (t = 0.58):	 total squared error = 0.000966238, marker error: RMS = 0.00598219, max = 0.012913 (L_Shank_Lateral)
[2026-07-19 17:17:08.168] [info] Frame 59 (t = 0.59):	 total squared error = 0.000915005, marker error: RMS = 0.00582143, max = 0.0127581 (L_Shank_Lateral)
[2026-07-19 17:17:08.187] [info] Frame 60 (t = 0.6):	 total squared error = 0.000860179, marker error: RMS = 0.00564433, max = 0.0123894 (L_Shank_Lateral)
[2026-07-19 17:17:08.208] [info] Frame 61 (t = 0.61):	 total squared error = 0.000796161, marker error: RMS = 0.00543024, max = 0.0121641 (L_Shank_Lateral)
[2026-07-19 17:17:08.227] [info] Frame 62 (t = 0.62):	 total squared error = 0.000738547, marker error: RMS = 0.00523007, max = 0.0118083 (L_Shank_Lateral)
[2026-07-19 17:17:08.248] [info] Frame 63 (t = 0.63):	 total squared error = 0.000684558, marker error: RMS = 0.00503528, max = 0.0114484 (L_Shank_Lateral)
[2026-07-19 17:17:08.260] [info] Frame 64 (t = 0.64):	 total squared error = 0.000644653, marker error: RMS = 0.00488631, max = 0.0113113 (L_Shank_Lateral)
[2026-07-19 17:17:08.279] [info] Frame 65 (t = 0.65):	 total squared error = 0.000605224, marker error: RMS = 0.00473452, max = 0.0106714 (L_Shank_Lateral)
[2026-07-19 17:17:08.294] [info] Frame 66 (t = 0.66):	 total squared error = 0.000572486, marker error: RMS = 0.00460469, max = 0.0102090 (L_Shank_Lateral)
[2026-07-19 17:17:08.312] [info] Frame 67 (t = 0.67):	 total squared error = 0.000541689, marker error: RMS = 0.00447912, max = 0.00978959 (L_Shank_Lateral)
[2026-07-19 17:17:08.321] [info] Frame 68 (t = 0.68):	 total squared error = 0.000515861, marker error: RMS = 0.00437104, max = 0.00974486 (L_Shank_Lateral)
[2026-07-19 17:17:08.344] [info] Frame 69 (t = 0.69):	 total squared error = 0.000481620, marker error: RMS = 0.00422348, max = 0.00870348 (L_Shank_Lateral)
[2026-07-19 17:17:08.365] [info] Frame 70 (t = 0.7):	 total squared error = 0.000451783, marker error: RMS = 0.00409056, max = 0.00818665 (L_Shank_Lateral)
[2026-07-19 17:17:08.383] [info] Frame 71 (t = 0.71):	 total squared error = 0.000422861, marker error: RMS = 0.00395746, max = 0.00762939 (L_Shank_Lateral)
[2026-07-19 17:17:08.400] [info] Frame 72 (t = 0.72):	 total squared error = 0.000395032, marker error: RMS = 0.00382502, max = 0.00739952 (C7)
[2026-07-19 17:17:08.417] [info] Frame 73 (t = 0.73):	 total squared error = 0.000369363, marker error: RMS = 0.00369866, max = 0.00733133 (C7)
[2026-07-19 17:17:08.430] [info] Frame 74 (t = 0.74):	 total squared error = 0.000349718, marker error: RMS = 0.00359896, max = 0.00718214 (C7)
[2026-07-19 17:17:08.448] [info] Frame 75 (t = 0.75):	 total squared error = 0.000322383, marker error: RMS = 0.00345545, max = 0.00710600 (C7)
[2026-07-19 17:17:08.470] [info] Frame 76 (t = 0.76):	 total squared error = 0.000300432, marker error: RMS = 0.00333573, max = 0.00688760 (C7)
[2026-07-19 17:17:08.482] [info] Frame 77 (t = 0.77):	 total squared error = 0.000285670, marker error: RMS = 0.00325275, max = 0.00660810 (C7)
[2026-07-19 17:17:08.498] [info] Frame 78 (t = 0.78):	 total squared error = 0.000268301, marker error: RMS = 0.00315231, max = 0.00639362 (C7)
[2026-07-19 17:17:08.514] [info] Frame 79 (t = 0.79):	 total squared error = 0.000256124, marker error: RMS = 0.00307995, max = 0.00613557 (C7)
[2026-07-19 17:17:08.524] [info] Frame 80 (t = 0.8):	 total squared error = 0.000254752, marker error: RMS = 0.00307169, max = 0.00584724 (C7)
[2026-07-19 17:17:08.546] [info] Frame 81 (t = 0.81):	 total squared error = 0.000240029, marker error: RMS = 0.00298161, max = 0.00570876 (C7)
[2026-07-19 17:17:08.561] [info] Frame 82 (t = 0.82):	 total squared error = 0.000236717, marker error: RMS = 0.00296096, max = 0.00544575 (C7)
[2026-07-19 17:17:08.569] [info] Frame 83 (t = 0.83):	 total squared error = 0.000238288, marker error: RMS = 0.00297077, max = 0.00525320 (R_Knee_Lateral)
[2026-07-19 17:17:08.578] [info] Frame 84 (t = 0.84):	 total squared error = 0.000242170, marker error: RMS = 0.00299487, max = 0.00554984 (R_Knee_Lateral)
[2026-07-19 17:17:08.592] [info] Frame 85 (t = 0.85):	 total squared error = 0.000227084, marker error: RMS = 0.00290009, max = 0.00541739 (R_Knee_Lateral)
[2026-07-19 17:17:08.602] [info] Frame 86 (t = 0.86):	 total squared error = 0.000223334, marker error: RMS = 0.00287604, max = 0.00550689 (R_Knee_Lateral)
[2026-07-19 17:17:08.618] [info] Frame 87 (t = 0.87):	 total squared error = 0.000213448, marker error: RMS = 0.00281167, max = 0.00520065 (R_Knee_Lateral)
[2026-07-19 17:17:08.628] [info] Frame 88 (t = 0.88):	 total squared error = 0.000211098, marker error: RMS = 0.00279615, max = 0.00531870 (R_Knee_Lateral)
[2026-07-19 17:17:08.637] [info] Frame 89 (t = 0.89):	 total squared error = 0.000212028, marker error: RMS = 0.00280230, max = 0.00542011 (R_Knee_Lateral)
[2026-07-19 17:17:08.650] [info] Frame 90 (t = 0.9):	 total squared error = 0.000204972, marker error: RMS = 0.00275528, max = 0.00527003 (R_Knee_Lateral)
[2026-07-19 17:17:08.658] [info] Frame 91 (t = 0.91):	 total squared error = 0.000210560, marker error: RMS = 0.00279258, max = 0.00539731 (R_Knee_Lateral)
[2026-07-19 17:17:08.668] [info] Frame 92 (t = 0.92):	 total squared error = 0.000216445, marker error: RMS = 0.00283134, max = 0.00551089 (R_Knee_Lateral)
[2026-07-19 17:17:08.683] [info] Frame 93 (t = 0.93):	 total squared error = 0.000214922, marker error: RMS = 0.00282136, max = 0.00583972 (R_Shank_Lateral)
[2026-07-19 17:17:08.693] [info] Frame 94 (t = 0.94):	 total squared error = 0.000222597, marker error: RMS = 0.00287130, max = 0.00597771 (R_Shank_Lateral)
[2026-07-19 17:17:08.700] [info] Frame 95 (t = 0.95):	 total squared error = 0.000233575, marker error: RMS = 0.00294125, max = 0.00603753 (R_Shank_Lateral)
[2026-07-19 17:17:08.716] [info] Frame 96 (t = 0.96):	 total squared error = 0.000223987, marker error: RMS = 0.00288024, max = 0.00640712 (R_Shank_Lateral)
[2026-07-19 17:17:08.726] [info] Frame 97 (t = 0.97):	 total squared error = 0.000230254, marker error: RMS = 0.00292026, max = 0.00644087 (R_Shank_Lateral)
[2026-07-19 17:17:08.742] [info] Frame 98 (t = 0.98):	 total squared error = 0.000225853, marker error: RMS = 0.00289222, max = 0.00670915 (R_Shank_Lateral)
[2026-07-19 17:17:08.760] [info] Frame 99 (t = 0.99):	 total squared error = 0.000228155, marker error: RMS = 0.00290692, max = 0.00669285 (R_Shank_Lateral)
[2026-07-19 17:17:08.779] [info] Frame 100 (t = 1.0):	 total squared error = 0.000231709, marker error: RMS = 0.00292947, max = 0.00663851 (R_Shank_Lateral)
[2026-07-19 17:17:08.796] [info] Frame 101 (t = 1.01):	 total squared error = 0.000236081, marker error: RMS = 0.00295698, max = 0.00665445 (R_Shank_Lateral)
[2026-07-19 17:17:08.821] [info] Frame 102 (t = 1.02):	 total squared error = 0.000241328, marker error: RMS = 0.00298966, max = 0.00668182 (R_Shank_Lateral)
[2026-07-19 17:17:08.834] [info] Frame 103 (t = 1.03):	 total squared error = 0.000251607, marker error: RMS = 0.00305267, max = 0.00651593 (R_Shank_Lateral)
[2026-07-19 17:17:08.851] [info] Frame 104 (t = 1.04):	 total squared error = 0.000254194, marker error: RMS = 0.00306832, max = 0.00665917 (R_Shank_Lateral)
[2026-07-19 17:17:08.862] [info] Frame 105 (t = 1.05):	 total squared error = 0.000263376, marker error: RMS = 0.00312324, max = 0.00654837 (R_Shank_Lateral)
[2026-07-19 17:17:08.882] [info] Frame 106 (t = 1.06):	 total squared error = 0.000262107, marker error: RMS = 0.00311571, max = 0.00691443 (R_Shank_Lateral)
[2026-07-19 17:17:08.894] [info] Frame 107 (t = 1.07):	 total squared error = 0.000268392, marker error: RMS = 0.00315285, max = 0.00678949 (R_Shank_Lateral)
[2026-07-19 17:17:08.915] [info] Frame 108 (t = 1.08):	 total squared error = 0.000266349, marker error: RMS = 0.00314082, max = 0.00708005 (R_Shank_Lateral)
[2026-07-19 17:17:08.925] [info] Frame 109 (t = 1.09):	 total squared error = 0.000270701, marker error: RMS = 0.00316638, max = 0.00691763 (R_Shank_Lateral)
[2026-07-19 17:17:08.943] [info] Frame 110 (t = 1.1):	 total squared error = 0.000270020, marker error: RMS = 0.00316239, max = 0.00730993 (R_Shank_Lateral)
[2026-07-19 17:17:08.956] [info] Frame 111 (t = 1.11):	 total squared error = 0.000274560, marker error: RMS = 0.00318887, max = 0.00722697 (R_Shank_Lateral)
[2026-07-19 17:17:08.979] [info] Frame 112 (t = 1.12):	 total squared error = 0.000276467, marker error: RMS = 0.00319992, max = 0.00736702 (R_Shank_Lateral)
[2026-07-19 17:17:08.988] [info] Frame 113 (t = 1.13):	 total squared error = 0.000283638, marker error: RMS = 0.00324116, max = 0.00709203 (R_Shank_Lateral)
[2026-07-19 17:17:08.998] [info] Frame 114 (t = 1.14):	 total squared error = 0.000290257, marker error: RMS = 0.00327876, max = 0.00701933 (R_Shank_Lateral)
[2026-07-19 17:17:09.009] [info] Frame 115 (t = 1.15):	 total squared error = 0.000292247, marker error: RMS = 0.00328998, max = 0.00723107 (R_Shank_Lateral)
[2026-07-19 17:17:09.026] [info] Frame 116 (t = 1.16):	 total squared error = 0.000290852, marker error: RMS = 0.00328211, max = 0.00719780 (R_Shank_Lateral)
[2026-07-19 17:17:09.038] [info] Frame 117 (t = 1.17):	 total squared error = 0.000293589, marker error: RMS = 0.00329752, max = 0.00696939 (R_Shank_Lateral)
[2026-07-19 17:17:09.050] [info] Frame 118 (t = 1.18):	 total squared error = 0.000297708, marker error: RMS = 0.00332057, max = 0.00662621 (R_Shank_Lateral)
[2026-07-19 17:17:09.079] [info] Frame 119 (t = 1.19):	 total squared error = 0.000284049, marker error: RMS = 0.00324351, max = 0.00660043 (R_Shank_Lateral)
[2026-07-19 17:17:09.095] [info] Frame 120 (t = 1.2):	 total squared error = 0.000284547, marker error: RMS = 0.00324635, max = 0.00639364 (R_Shank_Lateral)
[2026-07-19 17:17:09.104] [info] Frame 121 (t = 1.21):	 total squared error = 0.000289705, marker error: RMS = 0.00327564, max = 0.00600159 (R_Shank_Lateral)
[2026-07-19 17:17:09.114] [info] Frame 122 (t = 1.22):	 total squared error = 0.000296549, marker error: RMS = 0.00331411, max = 0.00603343 (L_Psis)
[2026-07-19 17:17:09.132] [info] Frame 123 (t = 1.23):	 total squared error = 0.000290813, marker error: RMS = 0.00328190, max = 0.00602711 (L_Ankle_Lateral)
[2026-07-19 17:17:09.142] [info] Frame 124 (t = 1.24):	 total squared error = 0.000297820, marker error: RMS = 0.00332120, max = 0.00617064 (L_Ankle_Lateral)
[2026-07-19 17:17:09.151] [info] Frame 125 (t = 1.25):	 total squared error = 0.000303344, marker error: RMS = 0.00335186, max = 0.00630236 (L_Knee_Lateral)
[2026-07-19 17:17:09.164] [info] Frame 126 (t = 1.26):	 total squared error = 0.000301410, marker error: RMS = 0.00334116, max = 0.00633312 (L_Ankle_Lateral)
[2026-07-19 17:17:09.172] [info] Frame 127 (t = 1.27):	 total squared error = 0.000309624, marker error: RMS = 0.00338638, max = 0.00647571 (L_Knee_Lateral)
[2026-07-19 17:17:09.187] [info] Frame 128 (t = 1.28):	 total squared error = 0.000308018, marker error: RMS = 0.00337758, max = 0.00625876 (L_Ankle_Lateral)
[2026-07-19 17:17:09.200] [info] Frame 129 (t = 1.29):	 total squared error = 0.000312987, marker error: RMS = 0.00340472, max = 0.00618529 (L_Ankle_Lateral)
[2026-07-19 17:17:09.220] [info] Frame 130 (t = 1.3):	 total squared error = 0.000318012, marker error: RMS = 0.00343194, max = 0.00611702 (L_Ankle_Lateral)
[2026-07-19 17:17:09.243] [info] Frame 131 (t = 1.31):	 total squared error = 0.000324921, marker error: RMS = 0.00346902, max = 0.00617490 (Thoracic)
[2026-07-19 17:17:09.249] [info] Frame 132 (t = 1.32):	 total squared error = 0.000342833, marker error: RMS = 0.00356336, max = 0.00640480 (Thoracic)
[2026-07-19 17:17:09.268] [info] Frame 133 (t = 1.33):	 total squared error = 0.000348308, marker error: RMS = 0.00359170, max = 0.00681868 (Thoracic)
[2026-07-19 17:17:09.279] [info] Frame 134 (t = 1.34):	 total squared error = 0.000365237, marker error: RMS = 0.00367795, max = 0.00700749 (Thoracic)
[2026-07-19 17:17:09.295] [info] Frame 135 (t = 1.35):	 total squared error = 0.000374109, marker error: RMS = 0.00372235, max = 0.00727345 (Thoracic)
[2026-07-19 17:17:09.307] [info] Frame 136 (t = 1.36):	 total squared error = 0.000391757, marker error: RMS = 0.00380914, max = 0.00741319 (Thoracic)
[2026-07-19 17:17:09.326] [info] Frame 137 (t = 1.37):	 total squared error = 0.000400957, marker error: RMS = 0.00385360, max = 0.00760991 (Thoracic)
[2026-07-19 17:17:09.341] [info] Frame 138 (t = 1.38):	 total squared error = 0.000414960, marker error: RMS = 0.00392032, max = 0.00775369 (Thoracic)
[2026-07-19 17:17:09.352] [info] Frame 139 (t = 1.39):	 total squared error = 0.000435443, marker error: RMS = 0.00401591, max = 0.00807720 (Sternum)
[2026-07-19 17:17:09.370] [info] Frame 140 (t = 1.4):	 total squared error = 0.000446322, marker error: RMS = 0.00406576, max = 0.00827667 (Thoracic)
[2026-07-19 17:17:09.388] [info] Frame 141 (t = 1.41):	 total squared error = 0.000462315, marker error: RMS = 0.00413797, max = 0.00862125 (Thoracic)
[2026-07-19 17:17:09.405] [info] Frame 142 (t = 1.42):	 total squared error = 0.000482161, marker error: RMS = 0.00422585, max = 0.00918490 (Thoracic)
[2026-07-19 17:17:09.419] [info] Frame 143 (t = 1.43):	 total squared error = 0.000505118, marker error: RMS = 0.00432528, max = 0.00983780 (Thoracic)
[2026-07-19 17:17:09.437] [info] Frame 144 (t = 1.44):	 total squared error = 0.000523423, marker error: RMS = 0.00440296, max = 0.0105566 (Thoracic)
[2026-07-19 17:17:09.452] [info] Frame 145 (t = 1.45):	 total squared error = 0.000546397, marker error: RMS = 0.00449855, max = 0.0112976 (Thoracic)
[2026-07-19 17:17:09.463] [info] Frame 146 (t = 1.46):	 total squared error = 0.000571847, marker error: RMS = 0.00460212, max = 0.0120777 (Thoracic)
[2026-07-19 17:17:09.489] [info] Frame 147 (t = 1.47):	 total squared error = 0.000579222, marker error: RMS = 0.00463170, max = 0.012499 (Thoracic)
[2026-07-19 17:17:09.502] [info] Frame 148 (t = 1.48):	 total squared error = 0.000593885, marker error: RMS = 0.00468996, max = 0.0128833 (Thoracic)
[2026-07-19 17:17:09.515] [info] Frame 149 (t = 1.49):	 total squared error = 0.000601475, marker error: RMS = 0.00471984, max = 0.0130378 (Thoracic)
[2026-07-19 17:17:09.533] [info] Frame 150 (t = 1.5):	 total squared error = 0.000595222, marker error: RMS = 0.00469524, max = 0.0129401 (Thoracic)
[2026-07-19 17:17:09.555] [info] Frame 151 (t = 1.51):	 total squared error = 0.000588459, marker error: RMS = 0.00466849, max = 0.0126457 (Thoracic)
[2026-07-19 17:17:09.567] [info] Frame 152 (t = 1.52):	 total squared error = 0.000583422, marker error: RMS = 0.00464846, max = 0.0122412 (Thoracic)
[2026-07-19 17:17:09.580] [info] Frame 153 (t = 1.53):	 total squared error = 0.000577160, marker error: RMS = 0.00462345, max = 0.0117748 (Thoracic)
[2026-07-19 17:17:09.598] [info] Frame 154 (t = 1.54):	 total squared error = 0.000564278, marker error: RMS = 0.00457156, max = 0.0113433 (Thoracic)
[2026-07-19 17:17:09.617] [info] Frame 155 (t = 1.55):	 total squared error = 0.000553520, marker error: RMS = 0.00452778, max = 0.0108767 (Thoracic)
[2026-07-19 17:17:09.630] [info] Frame 156 (t = 1.56):	 total squared error = 0.000548236, marker error: RMS = 0.00450611, max = 0.0105558 (Thoracic)
[2026-07-19 17:17:09.646] [info] Frame 157 (t = 1.57):	 total squared error = 0.000540680, marker error: RMS = 0.00447495, max = 0.0102518 (Thoracic)
[2026-07-19 17:17:09.663] [info] Frame 158 (t = 1.58):	 total squared error = 0.000536762, marker error: RMS = 0.00445871, max = 0.0100599 (Thoracic)
[2026-07-19 17:17:09.679] [info] Frame 159 (t = 1.59):	 total squared error = 0.000532972, marker error: RMS = 0.00444294, max = 0.00991182 (Thoracic)
[2026-07-19 17:17:09.690] [info] Frame 160 (t = 1.6):	 total squared error = 0.000534662, marker error: RMS = 0.00444998, max = 0.00977095 (Thoracic)
[2026-07-19 17:17:09.704] [info] Frame 161 (t = 1.61):	 total squared error = 0.000534099, marker error: RMS = 0.00444763, max = 0.00978828 (Thoracic)
[2026-07-19 17:17:09.717] [info] Frame 162 (t = 1.62):	 total squared error = 0.000530304, marker error: RMS = 0.00443181, max = 0.00982661 (Thoracic)
[2026-07-19 17:17:09.728] [info] Frame 163 (t = 1.63):	 total squared error = 0.000525499, marker error: RMS = 0.00441168, max = 0.00979067 (Thoracic)
[2026-07-19 17:17:09.747] [info] Frame 164 (t = 1.64):	 total squared error = 0.000506718, marker error: RMS = 0.00433213, max = 0.00982104 (Thoracic)
[2026-07-19 17:17:09.761] [info] Frame 165 (t = 1.65):	 total squared error = 0.000493189, marker error: RMS = 0.00427391, max = 0.00979775 (Thoracic)
[2026-07-19 17:17:09.777] [info] Frame 166 (t = 1.66):	 total squared error = 0.000474014, marker error: RMS = 0.00419000, max = 0.00971882 (Thoracic)
[2026-07-19 17:17:09.790] [info] Frame 167 (t = 1.67):	 total squared error = 0.000454803, marker error: RMS = 0.00410421, max = 0.00951929 (Thoracic)
[2026-07-19 17:17:09.804] [info] Frame 168 (t = 1.68):	 total squared error = 0.000429911, marker error: RMS = 0.00399031, max = 0.00943719 (Thoracic)
[2026-07-19 17:17:09.815] [info] Frame 169 (t = 1.69):	 total squared error = 0.000410207, marker error: RMS = 0.00389780, max = 0.00913816 (Thoracic)
[2026-07-19 17:17:09.827] [info] Frame 170 (t = 1.7):	 total squared error = 0.000386941, marker error: RMS = 0.00378565, max = 0.00904925 (Thoracic)
[2026-07-19 17:17:09.840] [info] Frame 171 (t = 1.71):	 total squared error = 0.000369180, marker error: RMS = 0.00369775, max = 0.00878832 (Thoracic)
[2026-07-19 17:17:09.855] [info] Frame 172 (t = 1.72):	 total squared error = 0.000352911, marker error: RMS = 0.00361535, max = 0.00869382 (Thoracic)
[2026-07-19 17:17:09.875] [info] Frame 173 (t = 1.73):	 total squared error = 0.000340344, marker error: RMS = 0.00355040, max = 0.00860451 (Thoracic)
[2026-07-19 17:17:09.889] [info] Frame 174 (t = 1.74):	 total squared error = 0.000333806, marker error: RMS = 0.00351613, max = 0.00849966 (Thoracic)
[2026-07-19 17:17:09.905] [info] Frame 175 (t = 1.75):	 total squared error = 0.000330947, marker error: RMS = 0.00350104, max = 0.00844255 (Thoracic)
[2026-07-19 17:17:09.921] [info] Frame 176 (t = 1.76):	 total squared error = 0.000330219, marker error: RMS = 0.00349719, max = 0.00844073 (Thoracic)
[2026-07-19 17:17:09.936] [info] Frame 177 (t = 1.77):	 total squared error = 0.000335930, marker error: RMS = 0.00352730, max = 0.00840702 (Thoracic)
[2026-07-19 17:17:09.958] [info] Frame 178 (t = 1.78):	 total squared error = 0.000341581, marker error: RMS = 0.00355685, max = 0.00845608 (Thoracic)
[2026-07-19 17:17:09.973] [info] Frame 179 (t = 1.79):	 total squared error = 0.000357191, marker error: RMS = 0.00363721, max = 0.00844707 (Thoracic)
[2026-07-19 17:17:09.990] [info] Frame 180 (t = 1.8):	 total squared error = 0.000377385, marker error: RMS = 0.00373861, max = 0.00840849 (Thoracic)
[2026-07-19 17:17:10.013] [info] Frame 181 (t = 1.81):	 total squared error = 0.000400158, marker error: RMS = 0.00384976, max = 0.00835084 (Thoracic)
[2026-07-19 17:17:10.032] [info] Frame 182 (t = 1.82):	 total squared error = 0.000429590, marker error: RMS = 0.00398883, max = 0.00821798 (Thoracic)
[2026-07-19 17:17:10.051] [info] Frame 183 (t = 1.83):	 total squared error = 0.000461423, marker error: RMS = 0.00413397, max = 0.00808622 (Thoracic)
[2026-07-19 17:17:10.070] [info] Frame 184 (t = 1.84):	 total squared error = 0.000498231, marker error: RMS = 0.00429569, max = 0.00818557 (R_Knee_Lateral)
[2026-07-19 17:17:10.088] [info] Frame 185 (t = 1.85):	 total squared error = 0.000531213, marker error: RMS = 0.00443560, max = 0.00899187 (R_Knee_Lateral)
[2026-07-19 17:17:10.109] [info] Frame 186 (t = 1.86):	 total squared error = 0.000564532, marker error: RMS = 0.00457259, max = 0.00950654 (R_Knee_Lateral)
[2026-07-19 17:17:10.134] [info] Frame 187 (t = 1.87):	 total squared error = 0.000602348, marker error: RMS = 0.00472326, max = 0.0100254 (R_Knee_Lateral)
[2026-07-19 17:17:10.157] [info] Frame 188 (t = 1.88):	 total squared error = 0.000644177, marker error: RMS = 0.00488451, max = 0.0108110 (R_Knee_Lateral)
[2026-07-19 17:17:10.176] [info] Frame 189 (t = 1.89):	 total squared error = 0.000694252, marker error: RMS = 0.00507080, max = 0.0117753 (R_Knee_Lateral)
[2026-07-19 17:17:10.196] [info] Frame 190 (t = 1.9):	 total squared error = 0.000757017, marker error: RMS = 0.00529506, max = 0.0122016 (R_Knee_Lateral)
[2026-07-19 17:17:10.217] [info] Frame 191 (t = 1.91):	 total squared error = 0.000829590, marker error: RMS = 0.00554306, max = 0.0125803 (R_Knee_Lateral)
[2026-07-19 17:17:10.229] [info] Frame 192 (t = 1.92):	 total squared error = 0.000917058, marker error: RMS = 0.00582796, max = 0.0135956 (R_Knee_Lateral)
[2026-07-19 17:17:10.251] [info] Frame 193 (t = 1.93):	 total squared error = 0.000988980, marker error: RMS = 0.00605218, max = 0.0134839 (R_Knee_Lateral)
[2026-07-19 17:17:10.266] [info] Frame 194 (t = 1.94):	 total squared error = 0.00106632, marker error: RMS = 0.00628438, max = 0.0138586 (R_Knee_Lateral)
[2026-07-19 17:17:10.284] [info] Frame 195 (t = 1.95):	 total squared error = 0.00113655, marker error: RMS = 0.00648803, max = 0.0138846 (R_Knee_Lateral)
[2026-07-19 17:17:10.297] [info] Frame 196 (t = 1.96):	 total squared error = 0.00119752, marker error: RMS = 0.00665978, max = 0.0138817 (R_Knee_Lateral)
[2026-07-19 17:17:10.310] [info] Frame 197 (t = 1.97):	 total squared error = 0.00125167, marker error: RMS = 0.00680867, max = 0.0136988 (R_Knee_Lateral)
[2026-07-19 17:17:10.327] [info] Frame 198 (t = 1.98):	 total squared error = 0.00130291, marker error: RMS = 0.00694666, max = 0.013399 (R_Knee_Lateral)
[2026-07-19 17:17:10.344] [info] Frame 199 (t = 1.99):	 total squared error = 0.00134972, marker error: RMS = 0.00707034, max = 0.0127777 (R_Knee_Lateral)
[2026-07-19 17:17:10.359] [info] Frame 200 (t = 2.0):	 total squared error = 0.00139594, marker error: RMS = 0.00719036, max = 0.0142825 (R_Shank_Lateral)
[2026-07-19 17:17:10.373] [info] Frame 201 (t = 2.01):	 total squared error = 0.00144058, marker error: RMS = 0.00730443, max = 0.0158854 (R_Shank_Lateral)
[2026-07-19 17:17:10.388] [info] Frame 202 (t = 2.02):	 total squared error = 0.00147750, marker error: RMS = 0.00739744, max = 0.0172077 (R_Shank_Lateral)
[2026-07-19 17:17:10.413] [info] Frame 203 (t = 2.03):	 total squared error = 0.00149536, marker error: RMS = 0.00744203, max = 0.0176571 (R_Shank_Lateral)
[2026-07-19 17:17:10.430] [info] Frame 204 (t = 2.04):	 total squared error = 0.00149190, marker error: RMS = 0.00743342, max = 0.0180763 (R_Shank_Lateral)
[2026-07-19 17:17:10.457] [info] Frame 205 (t = 2.05):	 total squared error = 0.00145712, marker error: RMS = 0.00734625, max = 0.0187791 (Thoracic)
[2026-07-19 17:17:10.487] [info] Frame 206 (t = 2.06):	 total squared error = 0.00139905, marker error: RMS = 0.00719839, max = 0.0192298 (Thoracic)
[2026-07-19 17:17:10.506] [info] Frame 207 (t = 2.07):	 total squared error = 0.00132593, marker error: RMS = 0.00700775, max = 0.0192785 (Thoracic)
[2026-07-19 17:17:10.533] [info] Frame 208 (t = 2.08):	 total squared error = 0.00123987, marker error: RMS = 0.00677651, max = 0.0193456 (Thoracic)
[2026-07-19 17:17:10.561] [info] Frame 209 (t = 2.09):	 total squared error = 0.00115897, marker error: RMS = 0.00655169, max = 0.0190061 (Thoracic)
[2026-07-19 17:17:10.581] [info] Frame 210 (t = 2.1):	 total squared error = 0.00109111, marker error: RMS = 0.00635700, max = 0.0184632 (Thoracic)
[2026-07-19 17:17:10.603] [info] Frame 211 (t = 2.11):	 total squared error = 0.00102298, marker error: RMS = 0.00615534, max = 0.0180988 (Thoracic)
[2026-07-19 17:17:10.615] [info] Frame 212 (t = 2.12):	 total squared error = 0.000975524, marker error: RMS = 0.00601087, max = 0.0172782 (Thoracic)
[2026-07-19 17:17:10.629] [info] Frame 213 (t = 2.13):	 total squared error = 0.000933249, marker error: RMS = 0.00587918, max = 0.0166148 (Thoracic)
[2026-07-19 17:17:10.644] [info] Frame 214 (t = 2.14):	 total squared error = 0.000889554, marker error: RMS = 0.00573990, max = 0.0161713 (Thoracic)
[2026-07-19 17:17:10.663] [info] Frame 215 (t = 2.15):	 total squared error = 0.000842827, marker error: RMS = 0.00558711, max = 0.0157762 (Thoracic)
[2026-07-19 17:17:10.670] [info] Frame 216 (t = 2.16):	 total squared error = 0.000807584, marker error: RMS = 0.00546905, max = 0.0150747 (Thoracic)
[2026-07-19 17:17:10.697] [info] Frame 217 (t = 2.17):	 total squared error = 0.000755162, marker error: RMS = 0.00528857, max = 0.0150161 (Thoracic)
[2026-07-19 17:17:10.711] [info] Frame 218 (t = 2.18):	 total squared error = 0.000712557, marker error: RMS = 0.00513722, max = 0.0146674 (Thoracic)
[2026-07-19 17:17:10.727] [info] Frame 219 (t = 2.19):	 total squared error = 0.000672071, marker error: RMS = 0.00498914, max = 0.014454 (Thoracic)
[2026-07-19 17:17:10.743] [info] Frame 220 (t = 2.2):	 total squared error = 0.000635049, marker error: RMS = 0.00484978, max = 0.014317 (Thoracic)
[2026-07-19 17:17:10.760] [info] Frame 221 (t = 2.21):	 total squared error = 0.000601416, marker error: RMS = 0.00471961, max = 0.0142319 (Thoracic)
[2026-07-19 17:17:10.778] [info] Frame 222 (t = 2.22):	 total squared error = 0.000572269, marker error: RMS = 0.00460382, max = 0.0142357 (Thoracic)
[2026-07-19 17:17:10.795] [info] Frame 223 (t = 2.23):	 total squared error = 0.000547068, marker error: RMS = 0.00450131, max = 0.0142942 (Thoracic)
[2026-07-19 17:17:10.814] [info] Frame 224 (t = 2.24):	 total squared error = 0.000526221, marker error: RMS = 0.00441471, max = 0.0144127 (Thoracic)
[2026-07-19 17:17:10.833] [info] Frame 225 (t = 2.25):	 total squared error = 0.000509423, marker error: RMS = 0.00434368, max = 0.0145712 (Thoracic)
[2026-07-19 17:17:10.854] [info] Frame 226 (t = 2.26):	 total squared error = 0.000496111, marker error: RMS = 0.00428655, max = 0.0147599 (Thoracic)
[2026-07-19 17:17:10.874] [info] Frame 227 (t = 2.27):	 total squared error = 0.000487157, marker error: RMS = 0.00424769, max = 0.0149313 (Thoracic)
[2026-07-19 17:17:10.889] [info] Frame 228 (t = 2.28):	 total squared error = 0.000481924, marker error: RMS = 0.00422481, max = 0.0150542 (Thoracic)
[2026-07-19 17:17:10.912] [info] Frame 229 (t = 2.29):	 total squared error = 0.000478381, marker error: RMS = 0.00420925, max = 0.0151205 (Thoracic)
[2026-07-19 17:17:10.931] [info] Frame 230 (t = 2.3):	 total squared error = 0.000478262, marker error: RMS = 0.00420873, max = 0.0150763 (Thoracic)
[2026-07-19 17:17:10.947] [info] Frame 231 (t = 2.31):	 total squared error = 0.000479450, marker error: RMS = 0.00421395, max = 0.0149544 (Thoracic)
[2026-07-19 17:17:10.968] [info] Frame 232 (t = 2.32):	 total squared error = 0.000478784, marker error: RMS = 0.00421103, max = 0.014765 (Thoracic)
[2026-07-19 17:17:10.986] [info] Frame 233 (t = 2.33):	 total squared error = 0.000478555, marker error: RMS = 0.00421002, max = 0.0144368 (Thoracic)
[2026-07-19 17:17:11.003] [info] Frame 234 (t = 2.34):	 total squared error = 0.000475430, marker error: RMS = 0.00419625, max = 0.0140342 (Thoracic)
[2026-07-19 17:17:11.012] [info] Frame 235 (t = 2.35):	 total squared error = 0.000473930, marker error: RMS = 0.00418962, max = 0.0135574 (Thoracic)
[2026-07-19 17:17:11.022] [info] Frame 236 (t = 2.36):	 total squared error = 0.000466161, marker error: RMS = 0.00415515, max = 0.0129316 (Thoracic)
[2026-07-19 17:17:11.031] [info] Frame 237 (t = 2.37):	 total squared error = 0.000458771, marker error: RMS = 0.00412208, max = 0.0123736 (Thoracic)
[2026-07-19 17:17:11.043] [info] Frame 238 (t = 2.38):	 total squared error = 0.000429134, marker error: RMS = 0.00398671, max = 0.0118096 (Thoracic)
[2026-07-19 17:17:11.054] [info] Frame 239 (t = 2.39):	 total squared error = 0.000412558, marker error: RMS = 0.00390896, max = 0.0111887 (Thoracic)
[2026-07-19 17:17:11.075] [info] Frame 240 (t = 2.4):	 total squared error = 0.000388398, marker error: RMS = 0.00379277, max = 0.0107085 (Thoracic)
[2026-07-19 17:17:11.083] [info] Frame 241 (t = 2.41):	 total squared error = 0.000374664, marker error: RMS = 0.00372511, max = 0.0101093 (Thoracic)
[2026-07-19 17:17:11.092] [info] Frame 242 (t = 2.42):	 total squared error = 0.000366260, marker error: RMS = 0.00368310, max = 0.00953878 (Thoracic)
[2026-07-19 17:17:11.109] [info] Frame 243 (t = 2.43):	 total squared error = 0.000350129, marker error: RMS = 0.00360107, max = 0.00910538 (Thoracic)
[2026-07-19 17:17:11.116] [info] Frame 244 (t = 2.44):	 total squared error = 0.000349748, marker error: RMS = 0.00359911, max = 0.00870664 (Thoracic)
[2026-07-19 17:17:11.122] [info] Frame 245 (t = 2.45):	 total squared error = 0.000355658, marker error: RMS = 0.00362940, max = 0.00835482 (Thoracic)
[2026-07-19 17:17:11.139] [info] Frame 246 (t = 2.46):	 total squared error = 0.000353424, marker error: RMS = 0.00361798, max = 0.00825094 (R_Asis)
[2026-07-19 17:17:11.147] [info] Frame 247 (t = 2.47):	 total squared error = 0.000362933, marker error: RMS = 0.00366633, max = 0.00839545 (R_Asis)
[2026-07-19 17:17:11.162] [info] Frame 248 (t = 2.48):	 total squared error = 0.000368659, marker error: RMS = 0.00369514, max = 0.00873009 (R_Asis)
[2026-07-19 17:17:11.170] [info] Frame 249 (t = 2.49):	 total squared error = 0.000375442, marker error: RMS = 0.00372898, max = 0.00868600 (R_Asis)
[2026-07-19 17:17:11.178] [info] Frame 250 (t = 2.5):	 total squared error = 0.000381005, marker error: RMS = 0.00375650, max = 0.00854183 (R_Asis)
[2026-07-19 17:17:11.184] [info] Frame 251 (t = 2.51):	 total squared error = 0.000383212, marker error: RMS = 0.00376736, max = 0.00834390 (R_Knee_Lateral)
[2026-07-19 17:17:11.201] [info] Frame 252 (t = 2.52):	 total squared error = 0.000357897, marker error: RMS = 0.00364080, max = 0.00822811 (Thoracic)
[2026-07-19 17:17:11.209] [info] Frame 253 (t = 2.53):	 total squared error = 0.000348574, marker error: RMS = 0.00359307, max = 0.00815967 (Thoracic)
[2026-07-19 17:17:11.222] [info] Frame 254 (t = 2.54):	 total squared error = 0.000331017, marker error: RMS = 0.00350141, max = 0.00837078 (Thoracic)
[2026-07-19 17:17:11.229] [info] Frame 255 (t = 2.55):	 total squared error = 0.000329995, marker error: RMS = 0.00349600, max = 0.00828748 (Thoracic)
[2026-07-19 17:17:11.250] [info] Frame 256 (t = 2.56):	 total squared error = 0.000305227, marker error: RMS = 0.00336225, max = 0.00853605 (Thoracic)
[2026-07-19 17:17:11.268] [info] Frame 257 (t = 2.57):	 total squared error = 0.000301830, marker error: RMS = 0.00334348, max = 0.00862972 (Thoracic)
[2026-07-19 17:17:11.283] [info] Frame 258 (t = 2.58):	 total squared error = 0.000305628, marker error: RMS = 0.00336446, max = 0.00875993 (Thoracic)
[2026-07-19 17:17:11.296] [info] Frame 259 (t = 2.59):	 total squared error = 0.000317183, marker error: RMS = 0.00342747, max = 0.00886376 (Thoracic)
[2026-07-19 17:17:11.311] [info] Frame 260 (t = 2.6):	 total squared error = 0.000328658, marker error: RMS = 0.00348891, max = 0.00898906 (Thoracic)
[2026-07-19 17:17:11.327] [info] Frame 261 (t = 2.61):	 total squared error = 0.000337717, marker error: RMS = 0.00353667, max = 0.00906135 (Thoracic)
[2026-07-19 17:17:11.350] [info] Frame 262 (t = 2.62):	 total squared error = 0.000350319, marker error: RMS = 0.00360205, max = 0.00908782 (Thoracic)
[2026-07-19 17:17:11.365] [info] Frame 263 (t = 2.63):	 total squared error = 0.000366968, marker error: RMS = 0.00368665, max = 0.00914794 (Thoracic)
[2026-07-19 17:17:11.382] [info] Frame 264 (t = 2.64):	 total squared error = 0.000380891, marker error: RMS = 0.00375594, max = 0.00915260 (Thoracic)
[2026-07-19 17:17:11.400] [info] Frame 265 (t = 2.65):	 total squared error = 0.000392830, marker error: RMS = 0.00381435, max = 0.00911369 (Thoracic)
[2026-07-19 17:17:11.408] [info] Frame 266 (t = 2.66):	 total squared error = 0.000412385, marker error: RMS = 0.00390813, max = 0.00904888 (Thoracic)
[2026-07-19 17:17:11.428] [info] Frame 267 (t = 2.67):	 total squared error = 0.000405495, marker error: RMS = 0.00387535, max = 0.00882925 (Thoracic)
[2026-07-19 17:17:11.438] [info] Frame 268 (t = 2.68):	 total squared error = 0.000411350, marker error: RMS = 0.00390323, max = 0.00858664 (Thoracic)
[2026-07-19 17:17:11.458] [info] Frame 269 (t = 2.69):	 total squared error = 0.000398369, marker error: RMS = 0.00384114, max = 0.00811025 (Thoracic)
[2026-07-19 17:17:11.475] [info] Frame 270 (t = 2.7):	 total squared error = 0.000388647, marker error: RMS = 0.00379399, max = 0.00761198 (Thoracic)
[2026-07-19 17:17:11.495] [info] Frame 271 (t = 2.71):	 total squared error = 0.000376314, marker error: RMS = 0.00373330, max = 0.00703810 (Thoracic)
[2026-07-19 17:17:11.505] [info] Frame 272 (t = 2.72):	 total squared error = 0.000367639, marker error: RMS = 0.00369002, max = 0.00674187 (L_Asis)
[2026-07-19 17:17:11.528] [info] Frame 273 (t = 2.73):	 total squared error = 0.000350168, marker error: RMS = 0.00360128, max = 0.00604178 (L_Asis)
[2026-07-19 17:17:11.543] [info] Frame 274 (t = 2.74):	 total squared error = 0.000338501, marker error: RMS = 0.00354077, max = 0.00612175 (L_Asis)
[2026-07-19 17:17:11.551] [info] Frame 275 (t = 2.75):	 total squared error = 0.000335656, marker error: RMS = 0.00352586, max = 0.00612619 (L_Asis)
[2026-07-19 17:17:11.573] [info] Frame 276 (t = 2.76):	 total squared error = 0.000312099, marker error: RMS = 0.00339988, max = 0.00596155 (Thoracic)
[2026-07-19 17:17:11.582] [info] Frame 277 (t = 2.77):	 total squared error = 0.000308559, marker error: RMS = 0.00338055, max = 0.00629548 (Thoracic)
[2026-07-19 17:17:11.607] [info] Frame 278 (t = 2.78):	 total squared error = 0.000295383, marker error: RMS = 0.00330759, max = 0.00644886 (Thoracic)
[2026-07-19 17:17:11.616] [info] Frame 279 (t = 2.79):	 total squared error = 0.000303063, marker error: RMS = 0.00335031, max = 0.00671002 (Thoracic)
[2026-07-19 17:17:11.628] [info] Frame 280 (t = 2.8):	 total squared error = 0.000316329, marker error: RMS = 0.00342285, max = 0.00688219 (Thoracic)
[2026-07-19 17:17:11.636] [info] Frame 281 (t = 2.81):	 total squared error = 0.000347703, marker error: RMS = 0.00358858, max = 0.00707876 (Thoracic)
[2026-07-19 17:17:11.644] [info] Frame 282 (t = 2.82):	 total squared error = 0.000387562, marker error: RMS = 0.00378869, max = 0.00728883 (Thoracic)
[2026-07-19 17:17:11.654] [info] Frame 283 (t = 2.83):	 total squared error = 0.000429540, marker error: RMS = 0.00398860, max = 0.00754271 (Thoracic)
[2026-07-19 17:17:11.665] [info] Frame 284 (t = 2.84):	 total squared error = 0.000465342, marker error: RMS = 0.00415149, max = 0.00793347 (Thoracic)
[2026-07-19 17:17:11.690] [info] Frame 285 (t = 2.85):	 total squared error = 0.000476172, marker error: RMS = 0.00419952, max = 0.00835182 (Thoracic)
[2026-07-19 17:17:11.700] [info] Frame 286 (t = 2.86):	 total squared error = 0.000497099, marker error: RMS = 0.00429081, max = 0.00884959 (Thoracic)
[2026-07-19 17:17:11.718] [info] Frame 287 (t = 2.87):	 total squared error = 0.000503104, marker error: RMS = 0.00431665, max = 0.00933423 (Thoracic)
[2026-07-19 17:17:11.728] [info] Frame 288 (t = 2.88):	 total squared error = 0.000505300, marker error: RMS = 0.00432606, max = 0.00960480 (Thoracic)
[2026-07-19 17:17:11.736] [info] Frame 289 (t = 2.89):	 total squared error = 0.000505415, marker error: RMS = 0.00432656, max = 0.00964282 (Thoracic)
[2026-07-19 17:17:11.753] [info] Frame 290 (t = 2.9):	 total squared error = 0.000481636, marker error: RMS = 0.00422355, max = 0.00960283 (Thoracic)
[2026-07-19 17:17:11.763] [info] Frame 291 (t = 2.91):	 total squared error = 0.000475488, marker error: RMS = 0.00419650, max = 0.00913736 (Thoracic)
[2026-07-19 17:17:11.781] [info] Frame 292 (t = 2.92):	 total squared error = 0.000462278, marker error: RMS = 0.00413780, max = 0.00875422 (Thoracic)
[2026-07-19 17:17:11.793] [info] Frame 293 (t = 2.93):	 total squared error = 0.000465580, marker error: RMS = 0.00415255, max = 0.00851632 (L_Knee_Lateral)
[2026-07-19 17:17:11.806] [info] Frame 294 (t = 2.94):	 total squared error = 0.000467756, marker error: RMS = 0.00416225, max = 0.00837360 (L_Ankle_Lateral)
[2026-07-19 17:17:11.816] [info] Frame 295 (t = 2.95):	 total squared error = 0.000487347, marker error: RMS = 0.00424852, max = 0.00872495 (L_Knee_Lateral)
[2026-07-19 17:17:11.830] [info] Frame 296 (t = 2.96):	 total squared error = 0.000500103, marker error: RMS = 0.00430376, max = 0.00862025 (L_Knee_Lateral)
[2026-07-19 17:17:11.838] [info] Frame 297 (t = 2.97):	 total squared error = 0.000534433, marker error: RMS = 0.00444902, max = 0.00903868 (L_Knee_Lateral)
[2026-07-19 17:17:11.856] [info] Frame 298 (t = 2.98):	 total squared error = 0.000560457, marker error: RMS = 0.00455606, max = 0.00899947 (L_Knee_Lateral)
[2026-07-19 17:17:11.874] [info] Frame 299 (t = 2.99):	 total squared error = 0.000599206, marker error: RMS = 0.00471093, max = 0.00966901 (Thoracic)
[2026-07-19 17:17:11.889] [info] Frame 300 (t = 3.0):	 total squared error = 0.000644781, marker error: RMS = 0.00488680, max = 0.0107702 (Thoracic)
[2026-07-19 17:17:11.905] [info] Frame 301 (t = 3.01):	 total squared error = 0.000688481, marker error: RMS = 0.00504968, max = 0.0119923 (Thoracic)
[2026-07-19 17:17:11.923] [info] Frame 302 (t = 3.02):	 total squared error = 0.000728407, marker error: RMS = 0.00519404, max = 0.0131659 (Thoracic)
[2026-07-19 17:17:11.937] [info] Frame 303 (t = 3.03):	 total squared error = 0.000763952, marker error: RMS = 0.00531926, max = 0.0141236 (Thoracic)
[2026-07-19 17:17:11.952] [info] Frame 304 (t = 3.04):	 total squared error = 0.000784643, marker error: RMS = 0.00539081, max = 0.0148662 (Thoracic)
[2026-07-19 17:17:11.964] [info] Frame 305 (t = 3.05):	 total squared error = 0.000797003, marker error: RMS = 0.00543310, max = 0.0152627 (Thoracic)
[2026-07-19 17:17:11.982] [info] Frame 306 (t = 3.06):	 total squared error = 0.000793679, marker error: RMS = 0.00542176, max = 0.0154353 (Thoracic)
[2026-07-19 17:17:11.997] [info] Frame 307 (t = 3.07):	 total squared error = 0.000784616, marker error: RMS = 0.00539072, max = 0.0153224 (Thoracic)
[2026-07-19 17:17:12.014] [info] Frame 308 (t = 3.08):	 total squared error = 0.000766025, marker error: RMS = 0.00532647, max = 0.0150176 (Thoracic)
[2026-07-19 17:17:12.035] [info] Frame 309 (t = 3.09):	 total squared error = 0.000744974, marker error: RMS = 0.00525277, max = 0.0145591 (Thoracic)
[2026-07-19 17:17:12.049] [info] Frame 310 (t = 3.1):	 total squared error = 0.000724825, marker error: RMS = 0.00518125, max = 0.0139898 (Thoracic)
[2026-07-19 17:17:12.061] [info] Frame 311 (t = 3.11):	 total squared error = 0.000703998, marker error: RMS = 0.00510627, max = 0.0133529 (Thoracic)
[2026-07-19 17:17:12.073] [info] Frame 312 (t = 3.12):	 total squared error = 0.000683981, marker error: RMS = 0.00503315, max = 0.0126696 (Thoracic)
[2026-07-19 17:17:12.097] [info] Frame 313 (t = 3.13):	 total squared error = 0.000660291, marker error: RMS = 0.00494522, max = 0.0120078 (Thoracic)
[2026-07-19 17:17:12.106] [info] Frame 314 (t = 3.14):	 total squared error = 0.000648786, marker error: RMS = 0.00490195, max = 0.0113874 (Thoracic)
[2026-07-19 17:17:12.122] [info] Frame 315 (t = 3.15):	 total squared error = 0.000631490, marker error: RMS = 0.00483617, max = 0.0108668 (Thoracic)
[2026-07-19 17:17:12.140] [info] Frame 316 (t = 3.16):	 total squared error = 0.000620794, marker error: RMS = 0.00479504, max = 0.0104700 (Thoracic)
[2026-07-19 17:17:12.161] [info] Frame 317 (t = 3.17):	 total squared error = 0.000613129, marker error: RMS = 0.00476534, max = 0.0101680 (Thoracic)
[2026-07-19 17:17:12.173] [info] Frame 318 (t = 3.18):	 total squared error = 0.000609798, marker error: RMS = 0.00475238, max = 0.00999664 (Thoracic)
[2026-07-19 17:17:12.187] [info] Frame 319 (t = 3.19):	 total squared error = 0.000607030, marker error: RMS = 0.00474158, max = 0.00995736 (Thoracic)
[2026-07-19 17:17:12.203] [info] Frame 320 (t = 3.2):	 total squared error = 0.000607415, marker error: RMS = 0.00474308, max = 0.00994222 (Thoracic)
[2026-07-19 17:17:12.212] [info] Frame 321 (t = 3.21):	 total squared error = 0.000613890, marker error: RMS = 0.00476830, max = 0.00992372 (Thoracic)
[2026-07-19 17:17:12.229] [info] Frame 322 (t = 3.22):	 total squared error = 0.000609955, marker error: RMS = 0.00475299, max = 0.0100098 (Thoracic)
[2026-07-19 17:17:12.244] [info] Frame 323 (t = 3.23):	 total squared error = 0.000610235, marker error: RMS = 0.00475408, max = 0.00998285 (Thoracic)
[2026-07-19 17:17:12.260] [info] Frame 324 (t = 3.24):	 total squared error = 0.000609348, marker error: RMS = 0.00475063, max = 0.00990464 (Thoracic)
[2026-07-19 17:17:12.281] [info] Frame 325 (t = 3.25):	 total squared error = 0.000605560, marker error: RMS = 0.00473584, max = 0.00976227 (Thoracic)
[2026-07-19 17:17:12.290] [info] Frame 326 (t = 3.26):	 total squared error = 0.000606102, marker error: RMS = 0.00473796, max = 0.00945352 (Thoracic)
[2026-07-19 17:17:12.304] [info] Frame 327 (t = 3.27):	 total squared error = 0.000595941, marker error: RMS = 0.00469807, max = 0.00939426 (Thoracic)
[2026-07-19 17:17:12.316] [info] Frame 328 (t = 3.28):	 total squared error = 0.000589447, marker error: RMS = 0.00467241, max = 0.00916200 (Thoracic)
[2026-07-19 17:17:12.331] [info] Frame 329 (t = 3.29):	 total squared error = 0.000582866, marker error: RMS = 0.00464625, max = 0.00894242 (Thoracic)
[2026-07-19 17:17:12.346] [info] Frame 330 (t = 3.3):	 total squared error = 0.000577844, marker error: RMS = 0.00462619, max = 0.00886151 (R_Thigh_Lateral)
[2026-07-19 17:17:12.361] [info] Frame 331 (t = 3.31):	 total squared error = 0.000574183, marker error: RMS = 0.00461151, max = 0.00896568 (R_Thigh_Lateral)
[2026-07-19 17:17:12.375] [info] Frame 332 (t = 3.32):	 total squared error = 0.000572503, marker error: RMS = 0.00460476, max = 0.00901475 (R_Thigh_Lateral)
[2026-07-19 17:17:12.396] [info] Frame 333 (t = 3.33):	 total squared error = 0.000565804, marker error: RMS = 0.00457774, max = 0.00885449 (R_Thigh_Lateral)
[2026-07-19 17:17:12.409] [info] Frame 334 (t = 3.34):	 total squared error = 0.000565351, marker error: RMS = 0.00457591, max = 0.00888781 (R_Thigh_Lateral)
[2026-07-19 17:17:12.424] [info] Frame 335 (t = 3.35):	 total squared error = 0.000561897, marker error: RMS = 0.00456191, max = 0.00885937 (R_Thigh_Lateral)
[2026-07-19 17:17:12.439] [info] Frame 336 (t = 3.36):	 total squared error = 0.000558009, marker error: RMS = 0.00454610, max = 0.00879555 (R_Thigh_Lateral)
[2026-07-19 17:17:12.455] [info] Frame 337 (t = 3.37):	 total squared error = 0.000552150, marker error: RMS = 0.00452217, max = 0.00863863 (R_Thigh_Lateral)
[2026-07-19 17:17:12.473] [info] Frame 338 (t = 3.38):	 total squared error = 0.000546980, marker error: RMS = 0.00450095, max = 0.00851427 (L_Shoulder)
[2026-07-19 17:17:12.494] [info] Frame 339 (t = 3.39):	 total squared error = 0.000544273, marker error: RMS = 0.00448980, max = 0.00868970 (L_Shoulder)
[2026-07-19 17:17:12.516] [info] Frame 340 (t = 3.4):	 total squared error = 0.000548608, marker error: RMS = 0.00450764, max = 0.00897473 (L_Shoulder)
[2026-07-19 17:17:12.531] [info] Frame 341 (t = 3.41):	 total squared error = 0.000558725, marker error: RMS = 0.00454901, max = 0.00934490 (L_Shoulder)
[2026-07-19 17:17:12.547] [info] Frame 342 (t = 3.42):	 total squared error = 0.000570296, marker error: RMS = 0.00459588, max = 0.00945245 (L_Shoulder)
[2026-07-19 17:17:12.566] [info] Frame 343 (t = 3.43):	 total squared error = 0.000580946, marker error: RMS = 0.00463859, max = 0.00928878 (L_Shoulder)
[2026-07-19 17:17:12.583] [info] Frame 344 (t = 3.44):	 total squared error = 0.000589963, marker error: RMS = 0.00467445, max = 0.00918354 (L_Shoulder)
[2026-07-19 17:17:12.602] [info] Frame 345 (t = 3.45):	 total squared error = 0.000596061, marker error: RMS = 0.00469854, max = 0.00895951 (L_Shoulder)
[2026-07-19 17:17:12.617] [info] Frame 346 (t = 3.46):	 total squared error = 0.000603723, marker error: RMS = 0.00472865, max = 0.00888201 (L_Shoulder)
[2026-07-19 17:17:12.642] [info] Frame 347 (t = 3.47):	 total squared error = 0.000600618, marker error: RMS = 0.00471647, max = 0.00865233 (R_Elbow)
[2026-07-19 17:17:12.657] [info] Frame 348 (t = 3.48):	 total squared error = 0.000602884, marker error: RMS = 0.00472536, max = 0.00865413 (R_Elbow)
[2026-07-19 17:17:12.677] [info] Frame 349 (t = 3.49):	 total squared error = 0.000607248, marker error: RMS = 0.00474243, max = 0.00863445 (R_Elbow)
[2026-07-19 17:17:12.695] [info] Frame 350 (t = 3.5):	 total squared error = 0.000617856, marker error: RMS = 0.00478368, max = 0.00928828 (R_Knee_Lateral)
[2026-07-19 17:17:12.713] [info] Frame 351 (t = 3.51):	 total squared error = 0.000633724, marker error: RMS = 0.00484472, max = 0.0101713 (R_Knee_Lateral)
[2026-07-19 17:17:12.734] [info] Frame 352 (t = 3.52):	 total squared error = 0.000659261, marker error: RMS = 0.00494136, max = 0.0108235 (R_Knee_Lateral)
[2026-07-19 17:17:12.751] [info] Frame 353 (t = 3.53):	 total squared error = 0.000701613, marker error: RMS = 0.00509761, max = 0.0119643 (R_Knee_Lateral)
[2026-07-19 17:17:12.775] [info] Frame 354 (t = 3.54):	 total squared error = 0.000757470, marker error: RMS = 0.00529664, max = 0.012599 (R_Knee_Lateral)
[2026-07-19 17:17:12.794] [info] Frame 355 (t = 3.55):	 total squared error = 0.000829018, marker error: RMS = 0.00554115, max = 0.0135176 (R_Knee_Lateral)
[2026-07-19 17:17:12.813] [info] Frame 356 (t = 3.56):	 total squared error = 0.000910939, marker error: RMS = 0.00580848, max = 0.0142154 (R_Knee_Lateral)
[2026-07-19 17:17:12.824] [info] Frame 357 (t = 3.57):	 total squared error = 0.00100857, marker error: RMS = 0.00611184, max = 0.015132 (R_Knee_Lateral)
[2026-07-19 17:17:12.836] [info] Frame 358 (t = 3.58):	 total squared error = 0.00108605, marker error: RMS = 0.00634224, max = 0.0155807 (R_Knee_Lateral)
[2026-07-19 17:17:12.859] [info] Frame 359 (t = 3.59):	 total squared error = 0.00115864, marker error: RMS = 0.00655078, max = 0.0155801 (R_Knee_Lateral)
[2026-07-19 17:17:12.871] [info] Frame 360 (t = 3.6):	 total squared error = 0.00123603, marker error: RMS = 0.00676600, max = 0.0158014 (R_Knee_Lateral)
[2026-07-19 17:17:12.892] [info] Frame 361 (t = 3.61):	 total squared error = 0.00127830, marker error: RMS = 0.00688074, max = 0.0158774 (R_Knee_Lateral)
[2026-07-19 17:17:12.908] [info] Frame 362 (t = 3.62):	 total squared error = 0.00131650, marker error: RMS = 0.00698278, max = 0.0158162 (R_Knee_Lateral)
[2026-07-19 17:17:12.921] [info] Frame 363 (t = 3.63):	 total squared error = 0.00134305, marker error: RMS = 0.00705283, max = 0.0155003 (R_Knee_Lateral)
[2026-07-19 17:17:12.936] [info] Frame 364 (t = 3.64):	 total squared error = 0.00135759, marker error: RMS = 0.00709092, max = 0.0151776 (R_Knee_Lateral)
[2026-07-19 17:17:12.952] [info] Frame 365 (t = 3.65):	 total squared error = 0.00136403, marker error: RMS = 0.00710771, max = 0.0146491 (R_Knee_Lateral)
[2026-07-19 17:17:12.970] [info] Frame 366 (t = 3.66):	 total squared error = 0.00136190, marker error: RMS = 0.00710216, max = 0.0140284 (R_Knee_Lateral)
[2026-07-19 17:17:12.998] [info] Frame 367 (t = 3.67):	 total squared error = 0.00134997, marker error: RMS = 0.00707098, max = 0.0137957 (R_Thigh_Lateral)
[2026-07-19 17:17:13.015] [info] Frame 368 (t = 3.68):	 total squared error = 0.00133315, marker error: RMS = 0.00702680, max = 0.013756 (R_Shank_Lateral)
[2026-07-19 17:17:13.040] [info] Frame 369 (t = 3.69):	 total squared error = 0.00130271, marker error: RMS = 0.00694612, max = 0.0137397 (R_Shank_Lateral)
[2026-07-19 17:17:13.059] [info] Frame 370 (t = 3.7):	 total squared error = 0.00126742, marker error: RMS = 0.00685139, max = 0.0138587 (R_Shank_Lateral)
[2026-07-19 17:17:13.064] [info] InverseKinematicsTool completed 321 frames in 5 second(s).
[2026-07-19 17:17:13.096] [info] Loaded model TCV36-scaled from file C:\Users\lucia\Desktop\TFG\2_JMP\TVC36\Walk_1\TVC36_1_JMP_results\TVC36_1_NMSM_JMP_08_wrist_axis_FINAL.osim
[2026-07-19 17:17:13.630] [warning] Coordinate.setValue:  coordinate pro_sup_r is locked. Unable to change its value.
[2026-07-19 17:17:13.665] [warning] Coordinate.setValue:  coordinate pro_sup_l is locked. Unable to change its value.
[2026-07-19 17:19:37.156] [info] Loaded model TCV36-scaled from file C:\Users\lucia\Desktop\TFG\2_JMP\TVC36\Walk_1\TVC36_scaled.osim
[2026-07-19 17:19:37.168] [cout] [info] 
               MODEL: TCV36-scaled
         coordinates: 41
              forces: 103
           actuators: 103
             muscles: 86
            analyses: 0
              probes: 0
              bodies: 24
              joints: 24
         constraints: 2
             markers: 27
         controllers: 0
  contact geometries: 0
misc modelcomponents: 0
[2026-07-19 17:19:37.168] [info] Running tool .
[2026-07-19 17:19:37.291] [info] Frame 50 (t = 0.5):	 total squared error = 0.00532752, marker error: RMS = 0.0140469, max = 0.0445307 (R_Knee_Lateral)
[2026-07-19 17:19:37.314] [info] Frame 51 (t = 0.51):	 total squared error = 0.00524016, marker error: RMS = 0.0139313, max = 0.0436887 (R_Knee_Lateral)
[2026-07-19 17:19:37.339] [info] Frame 52 (t = 0.52):	 total squared error = 0.00513781, marker error: RMS = 0.0137945, max = 0.0428439 (R_Knee_Lateral)
[2026-07-19 17:19:37.358] [info] Frame 53 (t = 0.53):	 total squared error = 0.00503392, marker error: RMS = 0.0136544, max = 0.0419814 (R_Knee_Lateral)
[2026-07-19 17:19:37.393] [info] Frame 54 (t = 0.54):	 total squared error = 0.00492505, marker error: RMS = 0.0135059, max = 0.0413618 (R_Knee_Lateral)
[2026-07-19 17:19:37.409] [info] Frame 55 (t = 0.55):	 total squared error = 0.00484978, marker error: RMS = 0.0134023, max = 0.0403726 (R_Knee_Lateral)
[2026-07-19 17:19:37.435] [info] Frame 56 (t = 0.56):	 total squared error = 0.00478215, marker error: RMS = 0.0133085, max = 0.039574 (R_Knee_Lateral)
[2026-07-19 17:19:37.458] [info] Frame 57 (t = 0.57):	 total squared error = 0.00473163, marker error: RMS = 0.013238, max = 0.0385814 (R_Knee_Lateral)
[2026-07-19 17:19:37.472] [info] Frame 58 (t = 0.58):	 total squared error = 0.00468666, marker error: RMS = 0.013175, max = 0.0375092 (R_Knee_Lateral)
[2026-07-19 17:19:37.490] [info] Frame 59 (t = 0.59):	 total squared error = 0.00462400, marker error: RMS = 0.0130866, max = 0.036538 (R_Knee_Lateral)
[2026-07-19 17:19:37.506] [info] Frame 60 (t = 0.6):	 total squared error = 0.00453918, marker error: RMS = 0.012966, max = 0.0354549 (R_Knee_Lateral)
[2026-07-19 17:19:37.534] [info] Frame 61 (t = 0.61):	 total squared error = 0.00441828, marker error: RMS = 0.0127922, max = 0.0341694 (R_Knee_Lateral)
[2026-07-19 17:19:37.552] [info] Frame 62 (t = 0.62):	 total squared error = 0.00429083, marker error: RMS = 0.0126063, max = 0.0333508 (R_Knee_Lateral)
[2026-07-19 17:19:37.571] [info] Frame 63 (t = 0.63):	 total squared error = 0.00415837, marker error: RMS = 0.0124102, max = 0.0325223 (R_Knee_Lateral)
[2026-07-19 17:19:37.587] [info] Frame 64 (t = 0.64):	 total squared error = 0.00403022, marker error: RMS = 0.0122175, max = 0.0317434 (R_Knee_Lateral)
[2026-07-19 17:19:37.613] [info] Frame 65 (t = 0.65):	 total squared error = 0.00391299, marker error: RMS = 0.0120385, max = 0.0311013 (R_Knee_Lateral)
[2026-07-19 17:19:37.632] [info] Frame 66 (t = 0.66):	 total squared error = 0.00380918, marker error: RMS = 0.0118777, max = 0.0306525 (R_Knee_Lateral)
[2026-07-19 17:19:37.643] [info] Frame 67 (t = 0.67):	 total squared error = 0.00372100, marker error: RMS = 0.0117395, max = 0.0301598 (R_Knee_Lateral)
[2026-07-19 17:19:37.661] [info] Frame 68 (t = 0.68):	 total squared error = 0.00363476, marker error: RMS = 0.0116026, max = 0.0298498 (R_Knee_Lateral)
[2026-07-19 17:19:37.673] [info] Frame 69 (t = 0.69):	 total squared error = 0.00355953, marker error: RMS = 0.0114819, max = 0.0293872 (R_Knee_Lateral)
[2026-07-19 17:19:37.700] [info] Frame 70 (t = 0.7):	 total squared error = 0.00348034, marker error: RMS = 0.0113535, max = 0.0291197 (R_Knee_Lateral)
[2026-07-19 17:19:37.713] [info] Frame 71 (t = 0.71):	 total squared error = 0.00341267, marker error: RMS = 0.0112426, max = 0.02861 (R_Knee_Lateral)
[2026-07-19 17:19:37.737] [info] Frame 72 (t = 0.72):	 total squared error = 0.00334306, marker error: RMS = 0.0111273, max = 0.0283331 (R_Knee_Lateral)
[2026-07-19 17:19:37.750] [info] Frame 73 (t = 0.73):	 total squared error = 0.00327835, marker error: RMS = 0.0110191, max = 0.0277588 (R_Knee_Lateral)
[2026-07-19 17:19:37.773] [info] Frame 74 (t = 0.74):	 total squared error = 0.00320971, marker error: RMS = 0.0109031, max = 0.0275395 (R_Knee_Lateral)
[2026-07-19 17:19:37.785] [info] Frame 75 (t = 0.75):	 total squared error = 0.00314167, marker error: RMS = 0.0107869, max = 0.0269154 (R_Knee_Lateral)
[2026-07-19 17:19:37.796] [info] Frame 76 (t = 0.76):	 total squared error = 0.00307206, marker error: RMS = 0.0106668, max = 0.0264808 (R_Knee_Lateral)
[2026-07-19 17:19:37.817] [info] Frame 77 (t = 0.77):	 total squared error = 0.00299296, marker error: RMS = 0.0105286, max = 0.0264005 (R_Knee_Lateral)
[2026-07-19 17:19:37.831] [info] Frame 78 (t = 0.78):	 total squared error = 0.00291723, marker error: RMS = 0.0103945, max = 0.0259237 (R_Knee_Lateral)
[2026-07-19 17:19:37.853] [info] Frame 79 (t = 0.79):	 total squared error = 0.00284339, marker error: RMS = 0.0102621, max = 0.0257637 (R_Knee_Lateral)
[2026-07-19 17:19:37.860] [info] Frame 80 (t = 0.8):	 total squared error = 0.00277843, marker error: RMS = 0.0101442, max = 0.0252778 (R_Knee_Lateral)
[2026-07-19 17:19:37.876] [info] Frame 81 (t = 0.81):	 total squared error = 0.00271351, marker error: RMS = 0.0100250, max = 0.0251262 (R_Knee_Lateral)
[2026-07-19 17:19:37.890] [info] Frame 82 (t = 0.82):	 total squared error = 0.00266125, marker error: RMS = 0.00992798, max = 0.0250372 (R_Knee_Lateral)
[2026-07-19 17:19:37.900] [info] Frame 83 (t = 0.83):	 total squared error = 0.00262262, marker error: RMS = 0.00985567, max = 0.0247956 (R_Knee_Lateral)
[2026-07-19 17:19:37.919] [info] Frame 84 (t = 0.84):	 total squared error = 0.00258827, marker error: RMS = 0.00979091, max = 0.0249996 (R_Knee_Lateral)
[2026-07-19 17:19:37.929] [info] Frame 85 (t = 0.85):	 total squared error = 0.00256982, marker error: RMS = 0.00975594, max = 0.0248035 (R_Knee_Lateral)
[2026-07-19 17:19:37.939] [info] Frame 86 (t = 0.86):	 total squared error = 0.00256144, marker error: RMS = 0.00974002, max = 0.0247226 (R_Knee_Lateral)
[2026-07-19 17:19:37.952] [info] Frame 87 (t = 0.87):	 total squared error = 0.00255398, marker error: RMS = 0.00972583, max = 0.0247833 (R_Knee_Lateral)
[2026-07-19 17:19:37.959] [info] Frame 88 (t = 0.88):	 total squared error = 0.00256245, marker error: RMS = 0.00974194, max = 0.024764 (R_Knee_Lateral)
[2026-07-19 17:19:37.967] [info] Frame 89 (t = 0.89):	 total squared error = 0.00257701, marker error: RMS = 0.00976958, max = 0.0247582 (R_Knee_Lateral)
[2026-07-19 17:19:37.978] [info] Frame 90 (t = 0.9):	 total squared error = 0.00258168, marker error: RMS = 0.00977843, max = 0.024878 (R_Knee_Lateral)
[2026-07-19 17:19:37.986] [info] Frame 91 (t = 0.91):	 total squared error = 0.00259900, marker error: RMS = 0.00981119, max = 0.0248159 (R_Knee_Lateral)
[2026-07-19 17:19:37.994] [info] Frame 92 (t = 0.92):	 total squared error = 0.00261611, marker error: RMS = 0.00984343, max = 0.0247152 (R_Knee_Lateral)
[2026-07-19 17:19:38.015] [info] Frame 93 (t = 0.93):	 total squared error = 0.00261228, marker error: RMS = 0.00983622, max = 0.024856 (R_Knee_Lateral)
[2026-07-19 17:19:38.025] [info] Frame 94 (t = 0.94):	 total squared error = 0.00261721, marker error: RMS = 0.00984550, max = 0.0246502 (R_Knee_Lateral)
[2026-07-19 17:19:38.033] [info] Frame 95 (t = 0.95):	 total squared error = 0.00261982, marker error: RMS = 0.00985039, max = 0.0243836 (R_Knee_Lateral)
[2026-07-19 17:19:38.047] [info] Frame 96 (t = 0.96):	 total squared error = 0.00260515, marker error: RMS = 0.00982277, max = 0.0245033 (R_Knee_Lateral)
[2026-07-19 17:19:38.066] [info] Frame 97 (t = 0.97):	 total squared error = 0.00259074, marker error: RMS = 0.00979559, max = 0.0244468 (R_Knee_Lateral)
[2026-07-19 17:19:38.080] [info] Frame 98 (t = 0.98):	 total squared error = 0.00258024, marker error: RMS = 0.00977571, max = 0.0241871 (R_Knee_Lateral)
[2026-07-19 17:19:38.089] [info] Frame 99 (t = 0.99):	 total squared error = 0.00258022, marker error: RMS = 0.00977567, max = 0.0237066 (R_Knee_Lateral)
[2026-07-19 17:19:38.106] [info] Frame 100 (t = 1.0):	 total squared error = 0.00257054, marker error: RMS = 0.00975731, max = 0.0239586 (R_Knee_Lateral)
[2026-07-19 17:19:38.121] [info] Frame 101 (t = 1.01):	 total squared error = 0.00257963, marker error: RMS = 0.00977456, max = 0.0235749 (R_Knee_Lateral)
[2026-07-19 17:19:38.142] [info] Frame 102 (t = 1.02):	 total squared error = 0.00259014, marker error: RMS = 0.00979444, max = 0.0235984 (R_Knee_Lateral)
[2026-07-19 17:19:38.161] [info] Frame 103 (t = 1.03):	 total squared error = 0.00261538, marker error: RMS = 0.00984205, max = 0.0235314 (R_Knee_Lateral)
[2026-07-19 17:19:38.181] [info] Frame 104 (t = 1.04):	 total squared error = 0.00264845, marker error: RMS = 0.00990407, max = 0.0234658 (R_Knee_Lateral)
[2026-07-19 17:19:38.194] [info] Frame 105 (t = 1.05):	 total squared error = 0.00268963, marker error: RMS = 0.00998077, max = 0.0231436 (R_Knee_Lateral)
[2026-07-19 17:19:38.216] [info] Frame 106 (t = 1.06):	 total squared error = 0.00273020, marker error: RMS = 0.0100558, max = 0.0231557 (R_Knee_Lateral)
[2026-07-19 17:19:38.226] [info] Frame 107 (t = 1.07):	 total squared error = 0.00277890, marker error: RMS = 0.0101451, max = 0.0227261 (R_Knee_Lateral)
[2026-07-19 17:19:38.240] [info] Frame 108 (t = 1.08):	 total squared error = 0.00282286, marker error: RMS = 0.0102250, max = 0.0227336 (R_Knee_Lateral)
[2026-07-19 17:19:38.258] [info] Frame 109 (t = 1.09):	 total squared error = 0.00285935, marker error: RMS = 0.0102909, max = 0.0228283 (R_Knee_Lateral)
[2026-07-19 17:19:38.277] [info] Frame 110 (t = 1.1):	 total squared error = 0.00289795, marker error: RMS = 0.0103601, max = 0.0226687 (R_Knee_Lateral)
[2026-07-19 17:19:38.288] [info] Frame 111 (t = 1.11):	 total squared error = 0.00293416, marker error: RMS = 0.0104246, max = 0.022367 (R_Knee_Lateral)
[2026-07-19 17:19:38.307] [info] Frame 112 (t = 1.12):	 total squared error = 0.00295993, marker error: RMS = 0.0104703, max = 0.0224137 (R_Knee_Lateral)
[2026-07-19 17:19:38.317] [info] Frame 113 (t = 1.13):	 total squared error = 0.00298612, marker error: RMS = 0.0105165, max = 0.0221823 (R_Knee_Lateral)
[2026-07-19 17:19:38.332] [info] Frame 114 (t = 1.14):	 total squared error = 0.00300318, marker error: RMS = 0.0105465, max = 0.0222577 (R_Knee_Lateral)
[2026-07-19 17:19:38.358] [info] Frame 115 (t = 1.15):	 total squared error = 0.00301509, marker error: RMS = 0.0105674, max = 0.0223601 (R_Knee_Lateral)
[2026-07-19 17:19:38.368] [info] Frame 116 (t = 1.16):	 total squared error = 0.00302979, marker error: RMS = 0.0105931, max = 0.0221406 (R_Knee_Lateral)
[2026-07-19 17:19:38.379] [info] Frame 117 (t = 1.17):	 total squared error = 0.00304468, marker error: RMS = 0.0106191, max = 0.0221095 (R_Knee_Lateral)
[2026-07-19 17:19:38.390] [info] Frame 118 (t = 1.18):	 total squared error = 0.00306359, marker error: RMS = 0.0106521, max = 0.0220628 (R_Knee_Lateral)
[2026-07-19 17:19:38.407] [info] Frame 119 (t = 1.19):	 total squared error = 0.00307818, marker error: RMS = 0.0106774, max = 0.0222030 (R_Knee_Lateral)
[2026-07-19 17:19:38.418] [info] Frame 120 (t = 1.2):	 total squared error = 0.00310918, marker error: RMS = 0.0107310, max = 0.0222505 (R_Knee_Lateral)
[2026-07-19 17:19:38.434] [info] Frame 121 (t = 1.21):	 total squared error = 0.00313938, marker error: RMS = 0.0107830, max = 0.0224155 (R_Knee_Lateral)
[2026-07-19 17:19:38.445] [info] Frame 122 (t = 1.22):	 total squared error = 0.00318098, marker error: RMS = 0.0108542, max = 0.0226359 (R_Knee_Lateral)
[2026-07-19 17:19:38.463] [info] Frame 123 (t = 1.23):	 total squared error = 0.00321881, marker error: RMS = 0.0109186, max = 0.0229131 (R_Knee_Lateral)
[2026-07-19 17:19:38.474] [info] Frame 124 (t = 1.24):	 total squared error = 0.00326274, marker error: RMS = 0.0109928, max = 0.0232079 (R_Knee_Lateral)
[2026-07-19 17:19:38.490] [info] Frame 125 (t = 1.25):	 total squared error = 0.00329868, marker error: RMS = 0.0110532, max = 0.0234276 (R_Knee_Lateral)
[2026-07-19 17:19:38.497] [info] Frame 126 (t = 1.26):	 total squared error = 0.00333790, marker error: RMS = 0.0111187, max = 0.0236774 (R_Knee_Lateral)
[2026-07-19 17:19:38.514] [info] Frame 127 (t = 1.27):	 total squared error = 0.00336141, marker error: RMS = 0.0111578, max = 0.0239415 (R_Knee_Lateral)
[2026-07-19 17:19:38.521] [info] Frame 128 (t = 1.28):	 total squared error = 0.00339161, marker error: RMS = 0.0112078, max = 0.0241809 (R_Knee_Lateral)
[2026-07-19 17:19:38.538] [info] Frame 129 (t = 1.29):	 total squared error = 0.00340451, marker error: RMS = 0.0112291, max = 0.0244638 (R_Knee_Lateral)
[2026-07-19 17:19:38.545] [info] Frame 130 (t = 1.3):	 total squared error = 0.00342852, marker error: RMS = 0.0112686, max = 0.0245586 (R_Knee_Lateral)
[2026-07-19 17:19:38.561] [info] Frame 131 (t = 1.31):	 total squared error = 0.00343665, marker error: RMS = 0.011282, max = 0.0248492 (R_Knee_Lateral)
[2026-07-19 17:19:38.574] [info] Frame 132 (t = 1.32):	 total squared error = 0.00345292, marker error: RMS = 0.0113087, max = 0.0248121 (R_Knee_Lateral)
[2026-07-19 17:19:38.583] [info] Frame 133 (t = 1.33):	 total squared error = 0.00347292, marker error: RMS = 0.0113414, max = 0.0248551 (R_Knee_Lateral)
[2026-07-19 17:19:38.602] [info] Frame 134 (t = 1.34):	 total squared error = 0.00347856, marker error: RMS = 0.0113506, max = 0.0250472 (R_Knee_Lateral)
[2026-07-19 17:19:38.612] [info] Frame 135 (t = 1.35):	 total squared error = 0.00349335, marker error: RMS = 0.0113747, max = 0.0249193 (R_Knee_Lateral)
[2026-07-19 17:19:38.628] [info] Frame 136 (t = 1.36):	 total squared error = 0.00349701, marker error: RMS = 0.0113806, max = 0.0250995 (R_Knee_Lateral)
[2026-07-19 17:19:38.638] [info] Frame 137 (t = 1.37):	 total squared error = 0.00350573, marker error: RMS = 0.0113948, max = 0.0249877 (R_Knee_Lateral)
[2026-07-19 17:19:38.648] [info] Frame 138 (t = 1.38):	 total squared error = 0.00351475, marker error: RMS = 0.0114095, max = 0.0248854 (R_Knee_Lateral)
[2026-07-19 17:19:38.671] [info] Frame 139 (t = 1.39):	 total squared error = 0.00349779, marker error: RMS = 0.0113819, max = 0.0253537 (R_Knee_Lateral)
[2026-07-19 17:19:38.682] [info] Frame 140 (t = 1.4):	 total squared error = 0.00349443, marker error: RMS = 0.0113764, max = 0.0253277 (R_Knee_Lateral)
[2026-07-19 17:19:38.700] [info] Frame 141 (t = 1.41):	 total squared error = 0.00347950, marker error: RMS = 0.0113521, max = 0.0254337 (R_Knee_Lateral)
[2026-07-19 17:19:38.710] [info] Frame 142 (t = 1.42):	 total squared error = 0.00346956, marker error: RMS = 0.0113359, max = 0.0254769 (R_Knee_Lateral)
[2026-07-19 17:19:38.724] [info] Frame 143 (t = 1.43):	 total squared error = 0.00344812, marker error: RMS = 0.0113008, max = 0.0254391 (R_Knee_Lateral)
[2026-07-19 17:19:38.735] [info] Frame 144 (t = 1.44):	 total squared error = 0.00342985, marker error: RMS = 0.0112708, max = 0.025589 (R_Knee_Lateral)
[2026-07-19 17:19:38.759] [info] Frame 145 (t = 1.45):	 total squared error = 0.00339401, marker error: RMS = 0.0112118, max = 0.0258232 (R_Knee_Lateral)
[2026-07-19 17:19:38.768] [info] Frame 146 (t = 1.46):	 total squared error = 0.00336587, marker error: RMS = 0.0111652, max = 0.0259199 (R_Knee_Lateral)
[2026-07-19 17:19:38.789] [info] Frame 147 (t = 1.47):	 total squared error = 0.00331530, marker error: RMS = 0.0110810, max = 0.0258849 (R_Knee_Lateral)
[2026-07-19 17:19:38.798] [info] Frame 148 (t = 1.48):	 total squared error = 0.00326816, marker error: RMS = 0.0110019, max = 0.0259294 (R_Knee_Lateral)
[2026-07-19 17:19:38.824] [info] Frame 149 (t = 1.49):	 total squared error = 0.00319647, marker error: RMS = 0.0108806, max = 0.0259022 (R_Knee_Lateral)
[2026-07-19 17:19:38.839] [info] Frame 150 (t = 1.5):	 total squared error = 0.00312367, marker error: RMS = 0.0107560, max = 0.0258633 (R_Knee_Lateral)
[2026-07-19 17:19:38.847] [info] Frame 151 (t = 1.51):	 total squared error = 0.00305094, marker error: RMS = 0.0106300, max = 0.0258752 (R_Knee_Lateral)
[2026-07-19 17:19:38.867] [info] Frame 152 (t = 1.52):	 total squared error = 0.00296011, marker error: RMS = 0.0104706, max = 0.0257928 (R_Knee_Lateral)
[2026-07-19 17:19:38.876] [info] Frame 153 (t = 1.53):	 total squared error = 0.00288270, marker error: RMS = 0.0103328, max = 0.0257222 (R_Knee_Lateral)
[2026-07-19 17:19:38.886] [info] Frame 154 (t = 1.54):	 total squared error = 0.00280842, marker error: RMS = 0.0101988, max = 0.0256477 (R_Knee_Lateral)
[2026-07-19 17:19:38.900] [info] Frame 155 (t = 1.55):	 total squared error = 0.00272789, marker error: RMS = 0.0100515, max = 0.0255782 (R_Knee_Lateral)
[2026-07-19 17:19:38.919] [info] Frame 156 (t = 1.56):	 total squared error = 0.00265655, marker error: RMS = 0.00991922, max = 0.0256545 (R_Knee_Lateral)
[2026-07-19 17:19:38.932] [info] Frame 157 (t = 1.57):	 total squared error = 0.00259935, marker error: RMS = 0.00981184, max = 0.0255179 (R_Knee_Lateral)
[2026-07-19 17:19:38.952] [info] Frame 158 (t = 1.58):	 total squared error = 0.00253982, marker error: RMS = 0.00969883, max = 0.0254447 (R_Knee_Lateral)
[2026-07-19 17:19:38.965] [info] Frame 159 (t = 1.59):	 total squared error = 0.00249366, marker error: RMS = 0.00961030, max = 0.025346 (R_Knee_Lateral)
[2026-07-19 17:19:38.983] [info] Frame 160 (t = 1.6):	 total squared error = 0.00245162, marker error: RMS = 0.00952895, max = 0.0252833 (R_Knee_Lateral)
[2026-07-19 17:19:38.997] [info] Frame 161 (t = 1.61):	 total squared error = 0.00240692, marker error: RMS = 0.00944167, max = 0.0251054 (R_Knee_Lateral)
[2026-07-19 17:19:39.014] [info] Frame 162 (t = 1.62):	 total squared error = 0.00236978, marker error: RMS = 0.00936854, max = 0.0249907 (R_Knee_Lateral)
[2026-07-19 17:19:39.030] [info] Frame 163 (t = 1.63):	 total squared error = 0.00233608, marker error: RMS = 0.00930169, max = 0.0248929 (R_Knee_Lateral)
[2026-07-19 17:19:39.041] [info] Frame 164 (t = 1.64):	 total squared error = 0.00230964, marker error: RMS = 0.00924890, max = 0.0248172 (R_Knee_Lateral)
[2026-07-19 17:19:39.054] [info] Frame 165 (t = 1.65):	 total squared error = 0.00228687, marker error: RMS = 0.00920321, max = 0.0247378 (R_Knee_Lateral)
[2026-07-19 17:19:39.070] [info] Frame 166 (t = 1.66):	 total squared error = 0.00226997, marker error: RMS = 0.00916913, max = 0.0246241 (R_Knee_Lateral)
[2026-07-19 17:19:39.089] [info] Frame 167 (t = 1.67):	 total squared error = 0.00226151, marker error: RMS = 0.00915203, max = 0.0244767 (R_Knee_Lateral)
[2026-07-19 17:19:39.103] [info] Frame 168 (t = 1.68):	 total squared error = 0.00226796, marker error: RMS = 0.00916507, max = 0.0245747 (R_Knee_Lateral)
[2026-07-19 17:19:39.117] [info] Frame 169 (t = 1.69):	 total squared error = 0.00228415, marker error: RMS = 0.00919772, max = 0.0245752 (R_Knee_Lateral)
[2026-07-19 17:19:39.133] [info] Frame 170 (t = 1.7):	 total squared error = 0.00231418, marker error: RMS = 0.00925798, max = 0.0246265 (R_Knee_Lateral)
[2026-07-19 17:19:39.149] [info] Frame 171 (t = 1.71):	 total squared error = 0.00235723, marker error: RMS = 0.00934371, max = 0.0247825 (R_Knee_Lateral)
[2026-07-19 17:19:39.163] [info] Frame 172 (t = 1.72):	 total squared error = 0.00241302, marker error: RMS = 0.00945363, max = 0.0249795 (R_Knee_Lateral)
[2026-07-19 17:19:39.179] [info] Frame 173 (t = 1.73):	 total squared error = 0.00248059, marker error: RMS = 0.00958508, max = 0.025259 (R_Knee_Lateral)
[2026-07-19 17:19:39.198] [info] Frame 174 (t = 1.74):	 total squared error = 0.00255708, marker error: RMS = 0.00973173, max = 0.0255972 (R_Knee_Lateral)
[2026-07-19 17:19:39.214] [info] Frame 175 (t = 1.75):	 total squared error = 0.00264759, marker error: RMS = 0.00990246, max = 0.0262103 (R_Knee_Lateral)
[2026-07-19 17:19:39.240] [info] Frame 176 (t = 1.76):	 total squared error = 0.00274375, marker error: RMS = 0.0100807, max = 0.026766 (R_Knee_Lateral)
[2026-07-19 17:19:39.263] [info] Frame 177 (t = 1.77):	 total squared error = 0.00285325, marker error: RMS = 0.0102799, max = 0.0276359 (R_Knee_Lateral)
[2026-07-19 17:19:39.278] [info] Frame 178 (t = 1.78):	 total squared error = 0.00297624, marker error: RMS = 0.0104991, max = 0.0287159 (R_Knee_Lateral)
[2026-07-19 17:19:39.294] [info] Frame 179 (t = 1.79):	 total squared error = 0.00310725, marker error: RMS = 0.0107277, max = 0.0297543 (R_Knee_Lateral)
[2026-07-19 17:19:39.323] [info] Frame 180 (t = 1.8):	 total squared error = 0.00322745, marker error: RMS = 0.0109332, max = 0.0309379 (R_Knee_Lateral)
[2026-07-19 17:19:39.343] [info] Frame 181 (t = 1.81):	 total squared error = 0.00336516, marker error: RMS = 0.011164, max = 0.0322713 (R_Knee_Lateral)
[2026-07-19 17:19:39.365] [info] Frame 182 (t = 1.82):	 total squared error = 0.00350273, marker error: RMS = 0.0113899, max = 0.0335394 (R_Knee_Lateral)
[2026-07-19 17:19:39.382] [info] Frame 183 (t = 1.83):	 total squared error = 0.00364274, marker error: RMS = 0.0116153, max = 0.0350140 (R_Knee_Lateral)
[2026-07-19 17:19:39.415] [info] Frame 184 (t = 1.84):	 total squared error = 0.00377225, marker error: RMS = 0.01182, max = 0.0363494 (R_Knee_Lateral)
[2026-07-19 17:19:39.435] [info] Frame 185 (t = 1.85):	 total squared error = 0.00390697, marker error: RMS = 0.0120292, max = 0.0376224 (R_Knee_Lateral)
[2026-07-19 17:19:39.456] [info] Frame 186 (t = 1.86):	 total squared error = 0.00403999, marker error: RMS = 0.0122323, max = 0.0388925 (R_Knee_Lateral)
[2026-07-19 17:19:39.478] [info] Frame 187 (t = 1.87):	 total squared error = 0.00417452, marker error: RMS = 0.0124343, max = 0.0399616 (R_Knee_Lateral)
[2026-07-19 17:19:39.500] [info] Frame 188 (t = 1.88):	 total squared error = 0.00431693, marker error: RMS = 0.0126446, max = 0.0409023 (R_Knee_Lateral)
[2026-07-19 17:19:39.513] [info] Frame 189 (t = 1.89):	 total squared error = 0.00449003, marker error: RMS = 0.0128956, max = 0.0425442 (R_Knee_Lateral)
[2026-07-19 17:19:39.541] [info] Frame 190 (t = 1.9):	 total squared error = 0.00463874, marker error: RMS = 0.0131075, max = 0.0426678 (R_Knee_Lateral)
[2026-07-19 17:19:39.555] [info] Frame 191 (t = 1.91):	 total squared error = 0.00482749, marker error: RMS = 0.0133715, max = 0.0438517 (R_Knee_Lateral)
[2026-07-19 17:19:39.574] [info] Frame 192 (t = 1.92):	 total squared error = 0.00500236, marker error: RMS = 0.0136115, max = 0.0442057 (R_Knee_Lateral)
[2026-07-19 17:19:39.596] [info] Frame 193 (t = 1.93):	 total squared error = 0.00517969, marker error: RMS = 0.0138507, max = 0.0447069 (R_Knee_Lateral)
[2026-07-19 17:19:39.614] [info] Frame 194 (t = 1.94):	 total squared error = 0.00534211, marker error: RMS = 0.0140661, max = 0.0453246 (R_Knee_Lateral)
[2026-07-19 17:19:39.628] [info] Frame 195 (t = 1.95):	 total squared error = 0.00547940, marker error: RMS = 0.0142457, max = 0.0456728 (R_Knee_Lateral)
[2026-07-19 17:19:39.642] [info] Frame 196 (t = 1.96):	 total squared error = 0.00558507, marker error: RMS = 0.0143824, max = 0.0459312 (R_Knee_Lateral)
[2026-07-19 17:19:39.660] [info] Frame 197 (t = 1.97):	 total squared error = 0.00565304, marker error: RMS = 0.0144697, max = 0.0460436 (R_Knee_Lateral)
[2026-07-19 17:19:39.675] [info] Frame 198 (t = 1.98):	 total squared error = 0.00568932, marker error: RMS = 0.0145161, max = 0.0459606 (R_Knee_Lateral)
[2026-07-19 17:19:39.691] [info] Frame 199 (t = 1.99):	 total squared error = 0.00569471, marker error: RMS = 0.0145229, max = 0.0457784 (R_Knee_Lateral)
[2026-07-19 17:19:39.707] [info] Frame 200 (t = 2.0):	 total squared error = 0.00567522, marker error: RMS = 0.014498, max = 0.0454737 (R_Knee_Lateral)
[2026-07-19 17:19:39.722] [info] Frame 201 (t = 2.01):	 total squared error = 0.00563290, marker error: RMS = 0.0144439, max = 0.0450116 (R_Knee_Lateral)
[2026-07-19 17:19:39.746] [info] Frame 202 (t = 2.02):	 total squared error = 0.00556876, marker error: RMS = 0.0143614, max = 0.0446675 (R_Knee_Lateral)
[2026-07-19 17:19:39.761] [info] Frame 203 (t = 2.03):	 total squared error = 0.00548343, marker error: RMS = 0.014251, max = 0.0438951 (R_Knee_Lateral)
[2026-07-19 17:19:39.777] [info] Frame 204 (t = 2.04):	 total squared error = 0.00538098, marker error: RMS = 0.0141172, max = 0.0430669 (R_Knee_Lateral)
[2026-07-19 17:19:39.789] [info] Frame 205 (t = 2.05):	 total squared error = 0.00528018, marker error: RMS = 0.0139844, max = 0.0419698 (R_Knee_Lateral)
[2026-07-19 17:19:39.812] [info] Frame 206 (t = 2.06):	 total squared error = 0.00514640, marker error: RMS = 0.0138061, max = 0.041426 (R_Knee_Lateral)
[2026-07-19 17:19:39.826] [info] Frame 207 (t = 2.07):	 total squared error = 0.00504350, marker error: RMS = 0.0136674, max = 0.0403171 (R_Knee_Lateral)
[2026-07-19 17:19:39.858] [info] Frame 208 (t = 2.08):	 total squared error = 0.00493812, marker error: RMS = 0.0135238, max = 0.039349 (R_Knee_Lateral)
[2026-07-19 17:19:39.893] [info] Frame 209 (t = 2.09):	 total squared error = 0.00486030, marker error: RMS = 0.0134168, max = 0.0381855 (R_Knee_Lateral)
[2026-07-19 17:19:39.908] [info] Frame 210 (t = 2.1):	 total squared error = 0.00480429, marker error: RMS = 0.0133393, max = 0.0368885 (R_Knee_Lateral)
[2026-07-19 17:19:39.921] [info] Frame 211 (t = 2.11):	 total squared error = 0.00474564, marker error: RMS = 0.0132576, max = 0.0358328 (R_Knee_Lateral)
[2026-07-19 17:19:39.937] [info] Frame 212 (t = 2.12):	 total squared error = 0.00467675, marker error: RMS = 0.013161, max = 0.0348156 (R_Knee_Lateral)
[2026-07-19 17:19:39.953] [info] Frame 213 (t = 2.13):	 total squared error = 0.00459368, marker error: RMS = 0.0130436, max = 0.03378 (R_Knee_Lateral)
[2026-07-19 17:19:39.989] [info] Frame 214 (t = 2.14):	 total squared error = 0.00447765, marker error: RMS = 0.0128778, max = 0.0324731 (R_Knee_Lateral)
[2026-07-19 17:19:40.010] [info] Frame 215 (t = 2.15):	 total squared error = 0.00435862, marker error: RMS = 0.0127055, max = 0.0316189 (R_Knee_Lateral)
[2026-07-19 17:19:40.022] [info] Frame 216 (t = 2.16):	 total squared error = 0.00423266, marker error: RMS = 0.0125206, max = 0.0308286 (R_Knee_Lateral)
[2026-07-19 17:19:40.040] [info] Frame 217 (t = 2.17):	 total squared error = 0.00409939, marker error: RMS = 0.0123219, max = 0.0303664 (R_Knee_Lateral)
[2026-07-19 17:19:40.056] [info] Frame 218 (t = 2.18):	 total squared error = 0.00397321, marker error: RMS = 0.0121308, max = 0.0298712 (R_Knee_Lateral)
[2026-07-19 17:19:40.073] [info] Frame 219 (t = 2.19):	 total squared error = 0.00385589, marker error: RMS = 0.0119503, max = 0.02947 (R_Knee_Lateral)
[2026-07-19 17:19:40.092] [info] Frame 220 (t = 2.2):	 total squared error = 0.00374936, marker error: RMS = 0.0117841, max = 0.0291457 (R_Knee_Lateral)
[2026-07-19 17:19:40.107] [info] Frame 221 (t = 2.21):	 total squared error = 0.00365560, marker error: RMS = 0.0116358, max = 0.0288143 (R_Knee_Lateral)
[2026-07-19 17:19:40.115] [info] Frame 222 (t = 2.22):	 total squared error = 0.00357444, marker error: RMS = 0.0115059, max = 0.0282634 (R_Knee_Lateral)
[2026-07-19 17:19:40.137] [info] Frame 223 (t = 2.23):	 total squared error = 0.00348954, marker error: RMS = 0.0113685, max = 0.0282499 (R_Knee_Lateral)
[2026-07-19 17:19:40.157] [info] Frame 224 (t = 2.24):	 total squared error = 0.00341729, marker error: RMS = 0.0112502, max = 0.027954 (R_Knee_Lateral)
[2026-07-19 17:19:40.171] [info] Frame 225 (t = 2.25):	 total squared error = 0.00334868, marker error: RMS = 0.0111367, max = 0.0274899 (R_Knee_Lateral)
[2026-07-19 17:19:40.195] [info] Frame 226 (t = 2.26):	 total squared error = 0.00328093, marker error: RMS = 0.0110234, max = 0.0272129 (R_Knee_Lateral)
[2026-07-19 17:19:40.211] [info] Frame 227 (t = 2.27):	 total squared error = 0.00321423, marker error: RMS = 0.0109108, max = 0.0268040 (R_Knee_Lateral)
[2026-07-19 17:19:40.230] [info] Frame 228 (t = 2.28):	 total squared error = 0.00314787, marker error: RMS = 0.0107976, max = 0.0264801 (R_Knee_Lateral)
[2026-07-19 17:19:40.249] [info] Frame 229 (t = 2.29):	 total squared error = 0.00308058, marker error: RMS = 0.0106816, max = 0.0260557 (R_Knee_Lateral)
[2026-07-19 17:19:40.268] [info] Frame 230 (t = 2.3):	 total squared error = 0.00301270, marker error: RMS = 0.0105632, max = 0.0257022 (R_Knee_Lateral)
[2026-07-19 17:19:40.283] [info] Frame 231 (t = 2.31):	 total squared error = 0.00294494, marker error: RMS = 0.0104437, max = 0.0252644 (R_Knee_Lateral)
[2026-07-19 17:19:40.292] [info] Frame 232 (t = 2.32):	 total squared error = 0.00288441, marker error: RMS = 0.0103359, max = 0.0247296 (R_Knee_Lateral)
[2026-07-19 17:19:40.315] [info] Frame 233 (t = 2.33):	 total squared error = 0.00281320, marker error: RMS = 0.0102075, max = 0.0245987 (R_Knee_Lateral)
[2026-07-19 17:19:40.335] [info] Frame 234 (t = 2.34):	 total squared error = 0.00275094, marker error: RMS = 0.0100939, max = 0.0242335 (R_Knee_Lateral)
[2026-07-19 17:19:40.346] [info] Frame 235 (t = 2.35):	 total squared error = 0.00269540, marker error: RMS = 0.00999147, max = 0.0237875 (R_Knee_Lateral)
[2026-07-19 17:19:40.361] [info] Frame 236 (t = 2.36):	 total squared error = 0.00263901, marker error: RMS = 0.00988642, max = 0.0236381 (R_Knee_Lateral)
[2026-07-19 17:19:40.376] [info] Frame 237 (t = 2.37):	 total squared error = 0.00258765, marker error: RMS = 0.00978974, max = 0.0235187 (R_Knee_Lateral)
[2026-07-19 17:19:40.383] [info] Frame 238 (t = 2.38):	 total squared error = 0.00254541, marker error: RMS = 0.00970951, max = 0.0231422 (R_Knee_Lateral)
[2026-07-19 17:19:40.402] [info] Frame 239 (t = 2.39):	 total squared error = 0.00250186, marker error: RMS = 0.00962609, max = 0.0231945 (R_Knee_Lateral)
[2026-07-19 17:19:40.412] [info] Frame 240 (t = 2.4):	 total squared error = 0.00246911, marker error: RMS = 0.00956286, max = 0.0229413 (R_Knee_Lateral)
[2026-07-19 17:19:40.420] [info] Frame 241 (t = 2.41):	 total squared error = 0.00244333, marker error: RMS = 0.00951282, max = 0.022778 (R_Knee_Lateral)
[2026-07-19 17:19:40.431] [info] Frame 242 (t = 2.42):	 total squared error = 0.00241989, marker error: RMS = 0.00946707, max = 0.0226832 (R_Knee_Lateral)
[2026-07-19 17:19:40.441] [info] Frame 243 (t = 2.43):	 total squared error = 0.00240066, marker error: RMS = 0.00942939, max = 0.0226224 (R_Knee_Lateral)
[2026-07-19 17:19:40.459] [info] Frame 244 (t = 2.44):	 total squared error = 0.00237143, marker error: RMS = 0.00937181, max = 0.022784 (R_Knee_Lateral)
[2026-07-19 17:19:40.468] [info] Frame 245 (t = 2.45):	 total squared error = 0.00235835, marker error: RMS = 0.00934593, max = 0.0227456 (R_Knee_Lateral)
[2026-07-19 17:19:40.475] [info] Frame 246 (t = 2.46):	 total squared error = 0.00235035, marker error: RMS = 0.00933005, max = 0.0227527 (R_Knee_Lateral)
[2026-07-19 17:19:40.488] [info] Frame 247 (t = 2.47):	 total squared error = 0.00233569, marker error: RMS = 0.00930091, max = 0.0226755 (R_Knee_Lateral)
[2026-07-19 17:19:40.503] [info] Frame 248 (t = 2.48):	 total squared error = 0.00232819, marker error: RMS = 0.00928598, max = 0.0227635 (R_Knee_Lateral)
[2026-07-19 17:19:40.513] [info] Frame 249 (t = 2.49):	 total squared error = 0.00232591, marker error: RMS = 0.00928142, max = 0.0227641 (R_Knee_Lateral)
[2026-07-19 17:19:40.521] [info] Frame 250 (t = 2.5):	 total squared error = 0.00232898, marker error: RMS = 0.00928755, max = 0.0227405 (R_Knee_Lateral)
[2026-07-19 17:19:40.534] [info] Frame 251 (t = 2.51):	 total squared error = 0.00232714, marker error: RMS = 0.00928388, max = 0.0227709 (R_Knee_Lateral)
[2026-07-19 17:19:40.542] [info] Frame 252 (t = 2.52):	 total squared error = 0.00233891, marker error: RMS = 0.00930732, max = 0.0226898 (R_Knee_Lateral)
[2026-07-19 17:19:40.549] [info] Frame 253 (t = 2.53):	 total squared error = 0.00236308, marker error: RMS = 0.00935528, max = 0.0224698 (R_Knee_Lateral)
[2026-07-19 17:19:40.572] [info] Frame 254 (t = 2.54):	 total squared error = 0.00236970, marker error: RMS = 0.00936839, max = 0.0228297 (R_Knee_Lateral)
[2026-07-19 17:19:40.584] [info] Frame 255 (t = 2.55):	 total squared error = 0.00240655, marker error: RMS = 0.00944095, max = 0.0227334 (R_Knee_Lateral)
[2026-07-19 17:19:40.602] [info] Frame 256 (t = 2.56):	 total squared error = 0.00245225, marker error: RMS = 0.00953017, max = 0.0228194 (R_Knee_Lateral)
[2026-07-19 17:19:40.615] [info] Frame 257 (t = 2.57):	 total squared error = 0.00251600, marker error: RMS = 0.00965324, max = 0.0225558 (R_Knee_Lateral)
[2026-07-19 17:19:40.631] [info] Frame 258 (t = 2.58):	 total squared error = 0.00258087, marker error: RMS = 0.00977689, max = 0.0227644 (R_Knee_Lateral)
[2026-07-19 17:19:40.651] [info] Frame 259 (t = 2.59):	 total squared error = 0.00265380, marker error: RMS = 0.00991407, max = 0.02284 (R_Knee_Lateral)
[2026-07-19 17:19:40.674] [info] Frame 260 (t = 2.6):	 total squared error = 0.00273111, marker error: RMS = 0.0100574, max = 0.0226366 (R_Knee_Lateral)
[2026-07-19 17:19:40.693] [info] Frame 261 (t = 2.61):	 total squared error = 0.00280915, marker error: RMS = 0.0102001, max = 0.0226014 (R_Knee_Lateral)
[2026-07-19 17:19:40.712] [info] Frame 262 (t = 2.62):	 total squared error = 0.00288404, marker error: RMS = 0.0103352, max = 0.0225162 (R_Knee_Lateral)
[2026-07-19 17:19:40.731] [info] Frame 263 (t = 2.63):	 total squared error = 0.00295309, marker error: RMS = 0.0104582, max = 0.0224064 (R_Knee_Lateral)
[2026-07-19 17:19:40.753] [info] Frame 264 (t = 2.64):	 total squared error = 0.00301406, marker error: RMS = 0.0105656, max = 0.0221571 (R_Knee_Lateral)
[2026-07-19 17:19:40.768] [info] Frame 265 (t = 2.65):	 total squared error = 0.00306657, marker error: RMS = 0.0106572, max = 0.0222093 (R_Knee_Lateral)
[2026-07-19 17:19:40.779] [info] Frame 266 (t = 2.66):	 total squared error = 0.00311684, marker error: RMS = 0.0107442, max = 0.0218634 (R_Knee_Lateral)
[2026-07-19 17:19:40.805] [info] Frame 267 (t = 2.67):	 total squared error = 0.00313619, marker error: RMS = 0.0107775, max = 0.0220111 (R_Knee_Lateral)
[2026-07-19 17:19:40.814] [info] Frame 268 (t = 2.68):	 total squared error = 0.00315890, marker error: RMS = 0.0108165, max = 0.0217558 (R_Knee_Lateral)
[2026-07-19 17:19:40.837] [info] Frame 269 (t = 2.69):	 total squared error = 0.00315603, marker error: RMS = 0.0108116, max = 0.0217892 (R_Knee_Lateral)
[2026-07-19 17:19:40.848] [info] Frame 270 (t = 2.7):	 total squared error = 0.00315442, marker error: RMS = 0.0108088, max = 0.0217241 (R_Knee_Lateral)
[2026-07-19 17:19:40.861] [info] Frame 271 (t = 2.71):	 total squared error = 0.00314197, marker error: RMS = 0.0107875, max = 0.0218184 (R_Knee_Lateral)
[2026-07-19 17:19:40.872] [info] Frame 272 (t = 2.72):	 total squared error = 0.00313176, marker error: RMS = 0.0107699, max = 0.0218129 (R_Knee_Lateral)
[2026-07-19 17:19:40.888] [info] Frame 273 (t = 2.73):	 total squared error = 0.00311023, marker error: RMS = 0.0107328, max = 0.0218002 (R_Knee_Lateral)
[2026-07-19 17:19:40.909] [info] Frame 274 (t = 2.74):	 total squared error = 0.00309484, marker error: RMS = 0.0107063, max = 0.0221729 (R_Knee_Lateral)
[2026-07-19 17:19:40.918] [info] Frame 275 (t = 2.75):	 total squared error = 0.00308913, marker error: RMS = 0.0106964, max = 0.0222816 (R_Knee_Lateral)
[2026-07-19 17:19:40.936] [info] Frame 276 (t = 2.76):	 total squared error = 0.00307749, marker error: RMS = 0.0106762, max = 0.0226286 (R_Knee_Lateral)
[2026-07-19 17:19:40.950] [info] Frame 277 (t = 2.77):	 total squared error = 0.00307819, marker error: RMS = 0.0106774, max = 0.0227531 (R_Knee_Lateral)
[2026-07-19 17:19:40.967] [info] Frame 278 (t = 2.78):	 total squared error = 0.00308902, marker error: RMS = 0.0106962, max = 0.0227744 (R_Knee_Lateral)
[2026-07-19 17:19:40.983] [info] Frame 279 (t = 2.79):	 total squared error = 0.00311530, marker error: RMS = 0.0107416, max = 0.0229622 (R_Knee_Lateral)
[2026-07-19 17:19:40.996] [info] Frame 280 (t = 2.8):	 total squared error = 0.00316102, marker error: RMS = 0.0108201, max = 0.0231822 (R_Knee_Lateral)
[2026-07-19 17:19:41.014] [info] Frame 281 (t = 2.81):	 total squared error = 0.00322069, marker error: RMS = 0.0109218, max = 0.0233242 (R_Knee_Lateral)
[2026-07-19 17:19:41.022] [info] Frame 282 (t = 2.82):	 total squared error = 0.00329735, marker error: RMS = 0.0110510, max = 0.0232813 (R_Knee_Lateral)
[2026-07-19 17:19:41.040] [info] Frame 283 (t = 2.83):	 total squared error = 0.00337374, marker error: RMS = 0.0111783, max = 0.0235656 (R_Knee_Lateral)
[2026-07-19 17:19:41.049] [info] Frame 284 (t = 2.84):	 total squared error = 0.00345154, marker error: RMS = 0.0113064, max = 0.023353 (R_Knee_Lateral)
[2026-07-19 17:19:41.061] [info] Frame 285 (t = 2.85):	 total squared error = 0.00351849, marker error: RMS = 0.0114155, max = 0.0232195 (R_Knee_Lateral)
[2026-07-19 17:19:41.078] [info] Frame 286 (t = 2.86):	 total squared error = 0.00356043, marker error: RMS = 0.0114834, max = 0.0234881 (R_Knee_Lateral)
[2026-07-19 17:19:41.089] [info] Frame 287 (t = 2.87):	 total squared error = 0.00359169, marker error: RMS = 0.0115337, max = 0.0232526 (R_Knee_Lateral)
[2026-07-19 17:19:41.111] [info] Frame 288 (t = 2.88):	 total squared error = 0.00359828, marker error: RMS = 0.0115442, max = 0.0235665 (R_Knee_Lateral)
[2026-07-19 17:19:41.121] [info] Frame 289 (t = 2.89):	 total squared error = 0.00359805, marker error: RMS = 0.0115439, max = 0.0233082 (R_Knee_Lateral)
[2026-07-19 17:19:41.142] [info] Frame 290 (t = 2.9):	 total squared error = 0.00358116, marker error: RMS = 0.0115168, max = 0.0235524 (R_Knee_Lateral)
[2026-07-19 17:19:41.150] [info] Frame 291 (t = 2.91):	 total squared error = 0.00356942, marker error: RMS = 0.0114979, max = 0.023464 (R_Knee_Lateral)
[2026-07-19 17:19:41.170] [info] Frame 292 (t = 2.92):	 total squared error = 0.00355094, marker error: RMS = 0.0114681, max = 0.023658 (R_Knee_Lateral)
[2026-07-19 17:19:41.181] [info] Frame 293 (t = 2.93):	 total squared error = 0.00354672, marker error: RMS = 0.0114612, max = 0.0237237 (R_Knee_Lateral)
[2026-07-19 17:19:41.202] [info] Frame 294 (t = 2.94):	 total squared error = 0.00354072, marker error: RMS = 0.0114515, max = 0.0239985 (R_Knee_Lateral)
[2026-07-19 17:19:41.210] [info] Frame 295 (t = 2.95):	 total squared error = 0.00355277, marker error: RMS = 0.011471, max = 0.024151 (R_Knee_Lateral)
[2026-07-19 17:19:41.223] [info] Frame 296 (t = 2.96):	 total squared error = 0.00356158, marker error: RMS = 0.0114852, max = 0.0242804 (R_Knee_Lateral)
[2026-07-19 17:19:41.235] [info] Frame 297 (t = 2.97):	 total squared error = 0.00358632, marker error: RMS = 0.011525, max = 0.0245143 (R_Knee_Lateral)
[2026-07-19 17:19:41.251] [info] Frame 298 (t = 2.98):	 total squared error = 0.00360236, marker error: RMS = 0.0115508, max = 0.0248494 (R_Knee_Lateral)
[2026-07-19 17:19:41.260] [info] Frame 299 (t = 2.99):	 total squared error = 0.00363528, marker error: RMS = 0.0116034, max = 0.0249547 (R_Knee_Lateral)
[2026-07-19 17:19:41.283] [info] Frame 300 (t = 3.0):	 total squared error = 0.00365280, marker error: RMS = 0.0116314, max = 0.025285 (R_Knee_Lateral)
[2026-07-19 17:19:41.299] [info] Frame 301 (t = 3.01):	 total squared error = 0.00367678, marker error: RMS = 0.0116695, max = 0.0253366 (R_Knee_Lateral)
[2026-07-19 17:19:41.314] [info] Frame 302 (t = 3.02):	 total squared error = 0.00369286, marker error: RMS = 0.011695, max = 0.0254771 (R_Knee_Lateral)
[2026-07-19 17:19:41.332] [info] Frame 303 (t = 3.03):	 total squared error = 0.00369563, marker error: RMS = 0.0116994, max = 0.0256572 (R_Knee_Lateral)
[2026-07-19 17:19:41.352] [info] Frame 304 (t = 3.04):	 total squared error = 0.00368744, marker error: RMS = 0.0116864, max = 0.0258278 (R_Knee_Lateral)
[2026-07-19 17:19:41.363] [info] Frame 305 (t = 3.05):	 total squared error = 0.00367034, marker error: RMS = 0.0116593, max = 0.0258848 (R_Knee_Lateral)
[2026-07-19 17:19:41.382] [info] Frame 306 (t = 3.06):	 total squared error = 0.00363746, marker error: RMS = 0.0116069, max = 0.0260449 (R_Knee_Lateral)
[2026-07-19 17:19:41.395] [info] Frame 307 (t = 3.07):	 total squared error = 0.00360256, marker error: RMS = 0.0115511, max = 0.0260910 (R_Knee_Lateral)
[2026-07-19 17:19:41.414] [info] Frame 308 (t = 3.08):	 total squared error = 0.00356139, marker error: RMS = 0.0114849, max = 0.026294 (R_Knee_Lateral)
[2026-07-19 17:19:41.434] [info] Frame 309 (t = 3.09):	 total squared error = 0.00352135, marker error: RMS = 0.0114202, max = 0.0264229 (R_Knee_Lateral)
[2026-07-19 17:19:41.449] [info] Frame 310 (t = 3.1):	 total squared error = 0.00348449, marker error: RMS = 0.0113602, max = 0.0265267 (R_Knee_Lateral)
[2026-07-19 17:19:41.460] [info] Frame 311 (t = 3.11):	 total squared error = 0.00345269, marker error: RMS = 0.0113083, max = 0.026691 (R_Knee_Lateral)
[2026-07-19 17:19:41.478] [info] Frame 312 (t = 3.12):	 total squared error = 0.00340518, marker error: RMS = 0.0112302, max = 0.0268122 (R_Knee_Lateral)
[2026-07-19 17:19:41.491] [info] Frame 313 (t = 3.13):	 total squared error = 0.00336595, marker error: RMS = 0.0111653, max = 0.0267788 (R_Knee_Lateral)
[2026-07-19 17:19:41.517] [info] Frame 314 (t = 3.14):	 total squared error = 0.00331777, marker error: RMS = 0.0110851, max = 0.0268397 (R_Knee_Lateral)
[2026-07-19 17:19:41.530] [info] Frame 315 (t = 3.15):	 total squared error = 0.00327258, marker error: RMS = 0.0110094, max = 0.0267217 (R_Knee_Lateral)
[2026-07-19 17:19:41.545] [info] Frame 316 (t = 3.16):	 total squared error = 0.00322251, marker error: RMS = 0.0109248, max = 0.0265986 (R_Knee_Lateral)
[2026-07-19 17:19:41.561] [info] Frame 317 (t = 3.17):	 total squared error = 0.00316917, marker error: RMS = 0.0108340, max = 0.0265255 (R_Knee_Lateral)
[2026-07-19 17:19:41.576] [info] Frame 318 (t = 3.18):	 total squared error = 0.00311528, marker error: RMS = 0.0107415, max = 0.0264125 (R_Knee_Lateral)
[2026-07-19 17:19:41.596] [info] Frame 319 (t = 3.19):	 total squared error = 0.00305907, marker error: RMS = 0.0106442, max = 0.0264339 (R_Knee_Lateral)
[2026-07-19 17:19:41.613] [info] Frame 320 (t = 3.2):	 total squared error = 0.00300644, marker error: RMS = 0.0105522, max = 0.0262509 (R_Knee_Lateral)
[2026-07-19 17:19:41.630] [info] Frame 321 (t = 3.21):	 total squared error = 0.00295529, marker error: RMS = 0.0104621, max = 0.0261123 (R_Knee_Lateral)
[2026-07-19 17:19:41.641] [info] Frame 322 (t = 3.22):	 total squared error = 0.00291128, marker error: RMS = 0.0103839, max = 0.0259219 (R_Knee_Lateral)
[2026-07-19 17:19:41.659] [info] Frame 323 (t = 3.23):	 total squared error = 0.00286194, marker error: RMS = 0.0102955, max = 0.0258186 (R_Knee_Lateral)
[2026-07-19 17:19:41.675] [info] Frame 324 (t = 3.24):	 total squared error = 0.00281968, marker error: RMS = 0.0102192, max = 0.025567 (R_Knee_Lateral)
[2026-07-19 17:19:41.690] [info] Frame 325 (t = 3.25):	 total squared error = 0.00277787, marker error: RMS = 0.0101432, max = 0.0254887 (R_Knee_Lateral)
[2026-07-19 17:19:41.698] [info] Frame 326 (t = 3.26):	 total squared error = 0.00274405, marker error: RMS = 0.0100812, max = 0.0253121 (R_Knee_Lateral)
[2026-07-19 17:19:41.712] [info] Frame 327 (t = 3.27):	 total squared error = 0.00270421, marker error: RMS = 0.0100078, max = 0.0251099 (R_Knee_Lateral)
[2026-07-19 17:19:41.727] [info] Frame 328 (t = 3.28):	 total squared error = 0.00267164, marker error: RMS = 0.00994734, max = 0.0249356 (R_Knee_Lateral)
[2026-07-19 17:19:41.746] [info] Frame 329 (t = 3.29):	 total squared error = 0.00264176, marker error: RMS = 0.00989156, max = 0.0248341 (R_Knee_Lateral)
[2026-07-19 17:19:41.761] [info] Frame 330 (t = 3.3):	 total squared error = 0.00261916, marker error: RMS = 0.00984917, max = 0.0246445 (R_Knee_Lateral)
[2026-07-19 17:19:41.778] [info] Frame 331 (t = 3.31):	 total squared error = 0.00260184, marker error: RMS = 0.00981654, max = 0.0245192 (R_Knee_Lateral)
[2026-07-19 17:19:41.794] [info] Frame 332 (t = 3.32):	 total squared error = 0.00259085, marker error: RMS = 0.00979578, max = 0.0244363 (R_Knee_Lateral)
[2026-07-19 17:19:41.809] [info] Frame 333 (t = 3.33):	 total squared error = 0.00258510, marker error: RMS = 0.00978490, max = 0.0244204 (R_Knee_Lateral)
[2026-07-19 17:19:41.824] [info] Frame 334 (t = 3.34):	 total squared error = 0.00258733, marker error: RMS = 0.00978913, max = 0.0244362 (R_Knee_Lateral)
[2026-07-19 17:19:41.840] [info] Frame 335 (t = 3.35):	 total squared error = 0.00259752, marker error: RMS = 0.00980838, max = 0.0245214 (R_Knee_Lateral)
[2026-07-19 17:19:41.856] [info] Frame 336 (t = 3.36):	 total squared error = 0.00261957, marker error: RMS = 0.00984994, max = 0.0246352 (R_Knee_Lateral)
[2026-07-19 17:19:41.869] [info] Frame 337 (t = 3.37):	 total squared error = 0.00265417, marker error: RMS = 0.00991477, max = 0.0248964 (R_Knee_Lateral)
[2026-07-19 17:19:41.889] [info] Frame 338 (t = 3.38):	 total squared error = 0.00269818, marker error: RMS = 0.00999663, max = 0.0251434 (R_Knee_Lateral)
[2026-07-19 17:19:41.906] [info] Frame 339 (t = 3.39):	 total squared error = 0.00276731, marker error: RMS = 0.0101239, max = 0.0255825 (R_Knee_Lateral)
[2026-07-19 17:19:41.921] [info] Frame 340 (t = 3.4):	 total squared error = 0.00285810, marker error: RMS = 0.0102886, max = 0.026177 (R_Knee_Lateral)
[2026-07-19 17:19:41.945] [info] Frame 341 (t = 3.41):	 total squared error = 0.00296197, marker error: RMS = 0.0104739, max = 0.0267424 (R_Knee_Lateral)
[2026-07-19 17:19:41.959] [info] Frame 342 (t = 3.42):	 total squared error = 0.00308536, marker error: RMS = 0.0106898, max = 0.0277475 (R_Knee_Lateral)
[2026-07-19 17:19:41.975] [info] Frame 343 (t = 3.43):	 total squared error = 0.00321539, marker error: RMS = 0.0109128, max = 0.0286568 (R_Knee_Lateral)
[2026-07-19 17:19:42.001] [info] Frame 344 (t = 3.44):	 total squared error = 0.00334264, marker error: RMS = 0.0111266, max = 0.0297433 (R_Knee_Lateral)
[2026-07-19 17:19:42.023] [info] Frame 345 (t = 3.45):	 total squared error = 0.00347245, marker error: RMS = 0.0113406, max = 0.0310357 (R_Knee_Lateral)
[2026-07-19 17:19:42.051] [info] Frame 346 (t = 3.46):	 total squared error = 0.00359847, marker error: RMS = 0.0115446, max = 0.032413 (R_Knee_Lateral)
[2026-07-19 17:19:42.069] [info] Frame 347 (t = 3.47):	 total squared error = 0.00372417, marker error: RMS = 0.0117444, max = 0.0339462 (R_Knee_Lateral)
[2026-07-19 17:19:42.095] [info] Frame 348 (t = 3.48):	 total squared error = 0.00383759, marker error: RMS = 0.011922, max = 0.0350221 (R_Knee_Lateral)
[2026-07-19 17:19:42.118] [info] Frame 349 (t = 3.49):	 total squared error = 0.00395482, marker error: RMS = 0.0121027, max = 0.0364225 (R_Knee_Lateral)
[2026-07-19 17:19:42.153] [info] Frame 350 (t = 3.5):	 total squared error = 0.00406629, marker error: RMS = 0.0122721, max = 0.0376344 (R_Knee_Lateral)
[2026-07-19 17:19:42.174] [info] Frame 351 (t = 3.51):	 total squared error = 0.00418771, marker error: RMS = 0.0124539, max = 0.0390210 (R_Knee_Lateral)
[2026-07-19 17:19:42.199] [info] Frame 352 (t = 3.52):	 total squared error = 0.00431148, marker error: RMS = 0.0126366, max = 0.0398462 (R_Knee_Lateral)
[2026-07-19 17:19:42.228] [info] Frame 353 (t = 3.53):	 total squared error = 0.00444547, marker error: RMS = 0.0128315, max = 0.0408505 (R_Knee_Lateral)
[2026-07-19 17:19:42.244] [info] Frame 354 (t = 3.54):	 total squared error = 0.00460511, marker error: RMS = 0.0130598, max = 0.0420361 (R_Knee_Lateral)
[2026-07-19 17:19:42.264] [info] Frame 355 (t = 3.55):	 total squared error = 0.00477635, marker error: RMS = 0.0133004, max = 0.0427854 (R_Knee_Lateral)
[2026-07-19 17:19:42.281] [info] Frame 356 (t = 3.56):	 total squared error = 0.00496853, marker error: RMS = 0.0135654, max = 0.0436806 (R_Knee_Lateral)
[2026-07-19 17:19:42.300] [info] Frame 357 (t = 3.57):	 total squared error = 0.00516157, marker error: RMS = 0.0138264, max = 0.0444265 (R_Knee_Lateral)
[2026-07-19 17:19:42.321] [info] Frame 358 (t = 3.58):	 total squared error = 0.00534994, marker error: RMS = 0.0140764, max = 0.0449357 (R_Knee_Lateral)
[2026-07-19 17:19:42.339] [info] Frame 359 (t = 3.59):	 total squared error = 0.00553270, marker error: RMS = 0.0143148, max = 0.0455526 (R_Knee_Lateral)
[2026-07-19 17:19:42.352] [info] Frame 360 (t = 3.6):	 total squared error = 0.00569109, marker error: RMS = 0.0145183, max = 0.0459904 (R_Knee_Lateral)
[2026-07-19 17:19:42.367] [info] Frame 361 (t = 3.61):	 total squared error = 0.00582281, marker error: RMS = 0.0146853, max = 0.0463635 (R_Knee_Lateral)
[2026-07-19 17:19:42.385] [info] Frame 362 (t = 3.62):	 total squared error = 0.00592511, marker error: RMS = 0.0148138, max = 0.0465442 (R_Knee_Lateral)
[2026-07-19 17:19:42.396] [info] Frame 363 (t = 3.63):	 total squared error = 0.00600178, marker error: RMS = 0.0149093, max = 0.0467006 (R_Knee_Lateral)
[2026-07-19 17:19:42.413] [info] Frame 364 (t = 3.64):	 total squared error = 0.00603335, marker error: RMS = 0.0149485, max = 0.0467033 (R_Knee_Lateral)
[2026-07-19 17:19:42.429] [info] Frame 365 (t = 3.65):	 total squared error = 0.00604001, marker error: RMS = 0.0149567, max = 0.0465521 (R_Knee_Lateral)
[2026-07-19 17:19:42.445] [info] Frame 366 (t = 3.66):	 total squared error = 0.00601704, marker error: RMS = 0.0149283, max = 0.0462709 (R_Knee_Lateral)
[2026-07-19 17:19:42.458] [info] Frame 367 (t = 3.67):	 total squared error = 0.00597668, marker error: RMS = 0.0148781, max = 0.0458396 (R_Knee_Lateral)
[2026-07-19 17:19:42.476] [info] Frame 368 (t = 3.68):	 total squared error = 0.00589395, marker error: RMS = 0.0147748, max = 0.0453713 (R_Knee_Lateral)
[2026-07-19 17:19:42.501] [info] Frame 369 (t = 3.69):	 total squared error = 0.00579573, marker error: RMS = 0.0146512, max = 0.0450542 (R_Knee_Lateral)
[2026-07-19 17:19:42.515] [info] Frame 370 (t = 3.7):	 total squared error = 0.00569604, marker error: RMS = 0.0145246, max = 0.0440220 (R_Knee_Lateral)
[2026-07-19 17:19:42.520] [info] InverseKinematicsTool completed 321 frames in 5 second(s).
[2026-07-19 17:19:42.555] [info] Loaded model TCV36-scaled from file C:\Users\lucia\Desktop\TFG\2_JMP\TVC36\Walk_1\TVC36_scaled.osim
[2026-07-19 17:19:43.146] [warning] Coordinate.setValue:  coordinate pro_sup_r is locked. Unable to change its value.
[2026-07-19 17:19:43.181] [warning] Coordinate.setValue:  coordinate pro_sup_l is locked. Unable to change its value.
[2026-07-19 17:20:26.496] [info] Loaded model TCV36-scaled from file C:\Users\lucia\Desktop\TFG\2_JMP\TVC36\Walk_1\TVC36_1_JMP_results\TVC36_1_NMSM_JMP_08_wrist_axis_FINAL.osim
[2026-07-19 17:20:26.507] [cout] [info] 
               MODEL: TCV36-scaled
         coordinates: 41
              forces: 103
           actuators: 103
             muscles: 86
            analyses: 0
              probes: 0
              bodies: 24
              joints: 24
         constraints: 2
             markers: 27
         controllers: 0
  contact geometries: 0
misc modelcomponents: 0
[2026-07-19 17:20:26.507] [info] Running tool .
[2026-07-19 17:20:26.604] [info] Frame 50 (t = 0.5):	 total squared error = 0.00112196, marker error: RMS = 0.00644625, max = 0.0132161 (L_Shank_Lateral)
[2026-07-19 17:20:26.621] [info] Frame 51 (t = 0.51):	 total squared error = 0.00111945, marker error: RMS = 0.00643904, max = 0.013151 (L_Shank_Lateral)
[2026-07-19 17:20:26.640] [info] Frame 52 (t = 0.52):	 total squared error = 0.00111651, marker error: RMS = 0.00643058, max = 0.0131835 (R_Shank_Lateral)
[2026-07-19 17:20:26.663] [info] Frame 53 (t = 0.53):	 total squared error = 0.00110111, marker error: RMS = 0.00638606, max = 0.0134305 (L_Shank_Lateral)
[2026-07-19 17:20:26.688] [info] Frame 54 (t = 0.54):	 total squared error = 0.00108605, marker error: RMS = 0.00634224, max = 0.0134546 (L_Shank_Lateral)
[2026-07-19 17:20:26.705] [info] Frame 55 (t = 0.55):	 total squared error = 0.00107106, marker error: RMS = 0.00629831, max = 0.0131623 (L_Shank_Lateral)
[2026-07-19 17:20:26.732] [info] Frame 56 (t = 0.56):	 total squared error = 0.00104260, marker error: RMS = 0.00621407, max = 0.0132245 (L_Shank_Lateral)
[2026-07-19 17:20:26.760] [info] Frame 57 (t = 0.57):	 total squared error = 0.00100794, marker error: RMS = 0.00610993, max = 0.0131618 (L_Shank_Lateral)
[2026-07-19 17:20:26.787] [info] Frame 58 (t = 0.58):	 total squared error = 0.000966238, marker error: RMS = 0.00598219, max = 0.012913 (L_Shank_Lateral)
[2026-07-19 17:20:26.811] [info] Frame 59 (t = 0.59):	 total squared error = 0.000915005, marker error: RMS = 0.00582143, max = 0.0127581 (L_Shank_Lateral)
[2026-07-19 17:20:26.830] [info] Frame 60 (t = 0.6):	 total squared error = 0.000860179, marker error: RMS = 0.00564433, max = 0.0123894 (L_Shank_Lateral)
[2026-07-19 17:20:26.855] [info] Frame 61 (t = 0.61):	 total squared error = 0.000796161, marker error: RMS = 0.00543024, max = 0.0121641 (L_Shank_Lateral)
[2026-07-19 17:20:26.872] [info] Frame 62 (t = 0.62):	 total squared error = 0.000738547, marker error: RMS = 0.00523007, max = 0.0118083 (L_Shank_Lateral)
[2026-07-19 17:20:26.892] [info] Frame 63 (t = 0.63):	 total squared error = 0.000684558, marker error: RMS = 0.00503528, max = 0.0114484 (L_Shank_Lateral)
[2026-07-19 17:20:26.904] [info] Frame 64 (t = 0.64):	 total squared error = 0.000644653, marker error: RMS = 0.00488631, max = 0.0113113 (L_Shank_Lateral)
[2026-07-19 17:20:26.918] [info] Frame 65 (t = 0.65):	 total squared error = 0.000605224, marker error: RMS = 0.00473452, max = 0.0106714 (L_Shank_Lateral)
[2026-07-19 17:20:26.934] [info] Frame 66 (t = 0.66):	 total squared error = 0.000572486, marker error: RMS = 0.00460469, max = 0.0102090 (L_Shank_Lateral)
[2026-07-19 17:20:26.952] [info] Frame 67 (t = 0.67):	 total squared error = 0.000541689, marker error: RMS = 0.00447912, max = 0.00978959 (L_Shank_Lateral)
[2026-07-19 17:20:26.960] [info] Frame 68 (t = 0.68):	 total squared error = 0.000515861, marker error: RMS = 0.00437104, max = 0.00974486 (L_Shank_Lateral)
[2026-07-19 17:20:26.981] [info] Frame 69 (t = 0.69):	 total squared error = 0.000481620, marker error: RMS = 0.00422348, max = 0.00870348 (L_Shank_Lateral)
[2026-07-19 17:20:27.000] [info] Frame 70 (t = 0.7):	 total squared error = 0.000451783, marker error: RMS = 0.00409056, max = 0.00818665 (L_Shank_Lateral)
[2026-07-19 17:20:27.017] [info] Frame 71 (t = 0.71):	 total squared error = 0.000422861, marker error: RMS = 0.00395746, max = 0.00762939 (L_Shank_Lateral)
[2026-07-19 17:20:27.035] [info] Frame 72 (t = 0.72):	 total squared error = 0.000395032, marker error: RMS = 0.00382502, max = 0.00739952 (C7)
[2026-07-19 17:20:27.052] [info] Frame 73 (t = 0.73):	 total squared error = 0.000369363, marker error: RMS = 0.00369866, max = 0.00733133 (C7)
[2026-07-19 17:20:27.064] [info] Frame 74 (t = 0.74):	 total squared error = 0.000349718, marker error: RMS = 0.00359896, max = 0.00718214 (C7)
[2026-07-19 17:20:27.084] [info] Frame 75 (t = 0.75):	 total squared error = 0.000322383, marker error: RMS = 0.00345545, max = 0.00710600 (C7)
[2026-07-19 17:20:27.104] [info] Frame 76 (t = 0.76):	 total squared error = 0.000300432, marker error: RMS = 0.00333573, max = 0.00688760 (C7)
[2026-07-19 17:20:27.116] [info] Frame 77 (t = 0.77):	 total squared error = 0.000285670, marker error: RMS = 0.00325275, max = 0.00660810 (C7)
[2026-07-19 17:20:27.132] [info] Frame 78 (t = 0.78):	 total squared error = 0.000268301, marker error: RMS = 0.00315231, max = 0.00639362 (C7)
[2026-07-19 17:20:27.148] [info] Frame 79 (t = 0.79):	 total squared error = 0.000256124, marker error: RMS = 0.00307995, max = 0.00613557 (C7)
[2026-07-19 17:20:27.157] [info] Frame 80 (t = 0.8):	 total squared error = 0.000254752, marker error: RMS = 0.00307169, max = 0.00584724 (C7)
[2026-07-19 17:20:27.181] [info] Frame 81 (t = 0.81):	 total squared error = 0.000240029, marker error: RMS = 0.00298161, max = 0.00570876 (C7)
[2026-07-19 17:20:27.193] [info] Frame 82 (t = 0.82):	 total squared error = 0.000236717, marker error: RMS = 0.00296096, max = 0.00544575 (C7)
[2026-07-19 17:20:27.201] [info] Frame 83 (t = 0.83):	 total squared error = 0.000238288, marker error: RMS = 0.00297077, max = 0.00525320 (R_Knee_Lateral)
[2026-07-19 17:20:27.209] [info] Frame 84 (t = 0.84):	 total squared error = 0.000242170, marker error: RMS = 0.00299487, max = 0.00554984 (R_Knee_Lateral)
[2026-07-19 17:20:27.222] [info] Frame 85 (t = 0.85):	 total squared error = 0.000227084, marker error: RMS = 0.00290009, max = 0.00541739 (R_Knee_Lateral)
[2026-07-19 17:20:27.232] [info] Frame 86 (t = 0.86):	 total squared error = 0.000223334, marker error: RMS = 0.00287604, max = 0.00550689 (R_Knee_Lateral)
[2026-07-19 17:20:27.247] [info] Frame 87 (t = 0.87):	 total squared error = 0.000213448, marker error: RMS = 0.00281167, max = 0.00520065 (R_Knee_Lateral)
[2026-07-19 17:20:27.255] [info] Frame 88 (t = 0.88):	 total squared error = 0.000211098, marker error: RMS = 0.00279615, max = 0.00531870 (R_Knee_Lateral)
[2026-07-19 17:20:27.263] [info] Frame 89 (t = 0.89):	 total squared error = 0.000212028, marker error: RMS = 0.00280230, max = 0.00542011 (R_Knee_Lateral)
[2026-07-19 17:20:27.276] [info] Frame 90 (t = 0.9):	 total squared error = 0.000204972, marker error: RMS = 0.00275528, max = 0.00527003 (R_Knee_Lateral)
[2026-07-19 17:20:27.283] [info] Frame 91 (t = 0.91):	 total squared error = 0.000210560, marker error: RMS = 0.00279258, max = 0.00539731 (R_Knee_Lateral)
[2026-07-19 17:20:27.293] [info] Frame 92 (t = 0.92):	 total squared error = 0.000216445, marker error: RMS = 0.00283134, max = 0.00551089 (R_Knee_Lateral)
[2026-07-19 17:20:27.306] [info] Frame 93 (t = 0.93):	 total squared error = 0.000214922, marker error: RMS = 0.00282136, max = 0.00583972 (R_Shank_Lateral)
[2026-07-19 17:20:27.314] [info] Frame 94 (t = 0.94):	 total squared error = 0.000222597, marker error: RMS = 0.00287130, max = 0.00597771 (R_Shank_Lateral)
[2026-07-19 17:20:27.321] [info] Frame 95 (t = 0.95):	 total squared error = 0.000233575, marker error: RMS = 0.00294125, max = 0.00603753 (R_Shank_Lateral)
[2026-07-19 17:20:27.338] [info] Frame 96 (t = 0.96):	 total squared error = 0.000223987, marker error: RMS = 0.00288024, max = 0.00640712 (R_Shank_Lateral)
[2026-07-19 17:20:27.347] [info] Frame 97 (t = 0.97):	 total squared error = 0.000230254, marker error: RMS = 0.00292026, max = 0.00644087 (R_Shank_Lateral)
[2026-07-19 17:20:27.366] [info] Frame 98 (t = 0.98):	 total squared error = 0.000225853, marker error: RMS = 0.00289222, max = 0.00670915 (R_Shank_Lateral)
[2026-07-19 17:20:27.384] [info] Frame 99 (t = 0.99):	 total squared error = 0.000228155, marker error: RMS = 0.00290692, max = 0.00669285 (R_Shank_Lateral)
[2026-07-19 17:20:27.403] [info] Frame 100 (t = 1.0):	 total squared error = 0.000231709, marker error: RMS = 0.00292947, max = 0.00663851 (R_Shank_Lateral)
[2026-07-19 17:20:27.419] [info] Frame 101 (t = 1.01):	 total squared error = 0.000236081, marker error: RMS = 0.00295698, max = 0.00665445 (R_Shank_Lateral)
[2026-07-19 17:20:27.439] [info] Frame 102 (t = 1.02):	 total squared error = 0.000241328, marker error: RMS = 0.00298966, max = 0.00668182 (R_Shank_Lateral)
[2026-07-19 17:20:27.452] [info] Frame 103 (t = 1.03):	 total squared error = 0.000251607, marker error: RMS = 0.00305267, max = 0.00651593 (R_Shank_Lateral)
[2026-07-19 17:20:27.466] [info] Frame 104 (t = 1.04):	 total squared error = 0.000254194, marker error: RMS = 0.00306832, max = 0.00665917 (R_Shank_Lateral)
[2026-07-19 17:20:27.478] [info] Frame 105 (t = 1.05):	 total squared error = 0.000263376, marker error: RMS = 0.00312324, max = 0.00654837 (R_Shank_Lateral)
[2026-07-19 17:20:27.498] [info] Frame 106 (t = 1.06):	 total squared error = 0.000262107, marker error: RMS = 0.00311571, max = 0.00691443 (R_Shank_Lateral)
[2026-07-19 17:20:27.510] [info] Frame 107 (t = 1.07):	 total squared error = 0.000268392, marker error: RMS = 0.00315285, max = 0.00678949 (R_Shank_Lateral)
[2026-07-19 17:20:27.531] [info] Frame 108 (t = 1.08):	 total squared error = 0.000266349, marker error: RMS = 0.00314082, max = 0.00708005 (R_Shank_Lateral)
[2026-07-19 17:20:27.543] [info] Frame 109 (t = 1.09):	 total squared error = 0.000270701, marker error: RMS = 0.00316638, max = 0.00691763 (R_Shank_Lateral)
[2026-07-19 17:20:27.560] [info] Frame 110 (t = 1.1):	 total squared error = 0.000270020, marker error: RMS = 0.00316239, max = 0.00730993 (R_Shank_Lateral)
[2026-07-19 17:20:27.574] [info] Frame 111 (t = 1.11):	 total squared error = 0.000274560, marker error: RMS = 0.00318887, max = 0.00722697 (R_Shank_Lateral)
[2026-07-19 17:20:27.596] [info] Frame 112 (t = 1.12):	 total squared error = 0.000276467, marker error: RMS = 0.00319992, max = 0.00736702 (R_Shank_Lateral)
[2026-07-19 17:20:27.606] [info] Frame 113 (t = 1.13):	 total squared error = 0.000283638, marker error: RMS = 0.00324116, max = 0.00709203 (R_Shank_Lateral)
[2026-07-19 17:20:27.618] [info] Frame 114 (t = 1.14):	 total squared error = 0.000290257, marker error: RMS = 0.00327876, max = 0.00701933 (R_Shank_Lateral)
[2026-07-19 17:20:27.629] [info] Frame 115 (t = 1.15):	 total squared error = 0.000292247, marker error: RMS = 0.00328998, max = 0.00723107 (R_Shank_Lateral)
[2026-07-19 17:20:27.646] [info] Frame 116 (t = 1.16):	 total squared error = 0.000290852, marker error: RMS = 0.00328211, max = 0.00719780 (R_Shank_Lateral)
[2026-07-19 17:20:27.658] [info] Frame 117 (t = 1.17):	 total squared error = 0.000293589, marker error: RMS = 0.00329752, max = 0.00696939 (R_Shank_Lateral)
[2026-07-19 17:20:27.668] [info] Frame 118 (t = 1.18):	 total squared error = 0.000297708, marker error: RMS = 0.00332057, max = 0.00662621 (R_Shank_Lateral)
[2026-07-19 17:20:27.696] [info] Frame 119 (t = 1.19):	 total squared error = 0.000284049, marker error: RMS = 0.00324351, max = 0.00660043 (R_Shank_Lateral)
[2026-07-19 17:20:27.711] [info] Frame 120 (t = 1.2):	 total squared error = 0.000284547, marker error: RMS = 0.00324635, max = 0.00639364 (R_Shank_Lateral)
[2026-07-19 17:20:27.721] [info] Frame 121 (t = 1.21):	 total squared error = 0.000289705, marker error: RMS = 0.00327564, max = 0.00600159 (R_Shank_Lateral)
[2026-07-19 17:20:27.731] [info] Frame 122 (t = 1.22):	 total squared error = 0.000296549, marker error: RMS = 0.00331411, max = 0.00603343 (L_Psis)
[2026-07-19 17:20:27.748] [info] Frame 123 (t = 1.23):	 total squared error = 0.000290813, marker error: RMS = 0.00328190, max = 0.00602711 (L_Ankle_Lateral)
[2026-07-19 17:20:27.758] [info] Frame 124 (t = 1.24):	 total squared error = 0.000297820, marker error: RMS = 0.00332120, max = 0.00617064 (L_Ankle_Lateral)
[2026-07-19 17:20:27.767] [info] Frame 125 (t = 1.25):	 total squared error = 0.000303344, marker error: RMS = 0.00335186, max = 0.00630236 (L_Knee_Lateral)
[2026-07-19 17:20:27.781] [info] Frame 126 (t = 1.26):	 total squared error = 0.000301410, marker error: RMS = 0.00334116, max = 0.00633312 (L_Ankle_Lateral)
[2026-07-19 17:20:27.791] [info] Frame 127 (t = 1.27):	 total squared error = 0.000309624, marker error: RMS = 0.00338638, max = 0.00647571 (L_Knee_Lateral)
[2026-07-19 17:20:27.804] [info] Frame 128 (t = 1.28):	 total squared error = 0.000308018, marker error: RMS = 0.00337758, max = 0.00625876 (L_Ankle_Lateral)
[2026-07-19 17:20:27.819] [info] Frame 129 (t = 1.29):	 total squared error = 0.000312987, marker error: RMS = 0.00340472, max = 0.00618529 (L_Ankle_Lateral)
[2026-07-19 17:20:27.837] [info] Frame 130 (t = 1.3):	 total squared error = 0.000318012, marker error: RMS = 0.00343194, max = 0.00611702 (L_Ankle_Lateral)
[2026-07-19 17:20:27.862] [info] Frame 131 (t = 1.31):	 total squared error = 0.000324921, marker error: RMS = 0.00346902, max = 0.00617490 (Thoracic)
[2026-07-19 17:20:27.868] [info] Frame 132 (t = 1.32):	 total squared error = 0.000342833, marker error: RMS = 0.00356336, max = 0.00640480 (Thoracic)
[2026-07-19 17:20:27.887] [info] Frame 133 (t = 1.33):	 total squared error = 0.000348308, marker error: RMS = 0.00359170, max = 0.00681868 (Thoracic)
[2026-07-19 17:20:27.898] [info] Frame 134 (t = 1.34):	 total squared error = 0.000365237, marker error: RMS = 0.00367795, max = 0.00700749 (Thoracic)
[2026-07-19 17:20:27.916] [info] Frame 135 (t = 1.35):	 total squared error = 0.000374109, marker error: RMS = 0.00372235, max = 0.00727345 (Thoracic)
[2026-07-19 17:20:27.928] [info] Frame 136 (t = 1.36):	 total squared error = 0.000391757, marker error: RMS = 0.00380914, max = 0.00741319 (Thoracic)
[2026-07-19 17:20:27.946] [info] Frame 137 (t = 1.37):	 total squared error = 0.000400957, marker error: RMS = 0.00385360, max = 0.00760991 (Thoracic)
[2026-07-19 17:20:27.962] [info] Frame 138 (t = 1.38):	 total squared error = 0.000414960, marker error: RMS = 0.00392032, max = 0.00775369 (Thoracic)
[2026-07-19 17:20:27.973] [info] Frame 139 (t = 1.39):	 total squared error = 0.000435443, marker error: RMS = 0.00401591, max = 0.00807720 (Sternum)
[2026-07-19 17:20:27.991] [info] Frame 140 (t = 1.4):	 total squared error = 0.000446322, marker error: RMS = 0.00406576, max = 0.00827667 (Thoracic)
[2026-07-19 17:20:28.009] [info] Frame 141 (t = 1.41):	 total squared error = 0.000462315, marker error: RMS = 0.00413797, max = 0.00862125 (Thoracic)
[2026-07-19 17:20:28.026] [info] Frame 142 (t = 1.42):	 total squared error = 0.000482161, marker error: RMS = 0.00422585, max = 0.00918490 (Thoracic)
[2026-07-19 17:20:28.039] [info] Frame 143 (t = 1.43):	 total squared error = 0.000505118, marker error: RMS = 0.00432528, max = 0.00983780 (Thoracic)
[2026-07-19 17:20:28.057] [info] Frame 144 (t = 1.44):	 total squared error = 0.000523423, marker error: RMS = 0.00440296, max = 0.0105566 (Thoracic)
[2026-07-19 17:20:28.072] [info] Frame 145 (t = 1.45):	 total squared error = 0.000546397, marker error: RMS = 0.00449855, max = 0.0112976 (Thoracic)
[2026-07-19 17:20:28.083] [info] Frame 146 (t = 1.46):	 total squared error = 0.000571847, marker error: RMS = 0.00460212, max = 0.0120777 (Thoracic)
[2026-07-19 17:20:28.107] [info] Frame 147 (t = 1.47):	 total squared error = 0.000579222, marker error: RMS = 0.00463170, max = 0.012499 (Thoracic)
[2026-07-19 17:20:28.120] [info] Frame 148 (t = 1.48):	 total squared error = 0.000593885, marker error: RMS = 0.00468996, max = 0.0128833 (Thoracic)
[2026-07-19 17:20:28.134] [info] Frame 149 (t = 1.49):	 total squared error = 0.000601475, marker error: RMS = 0.00471984, max = 0.0130378 (Thoracic)
[2026-07-19 17:20:28.156] [info] Frame 150 (t = 1.5):	 total squared error = 0.000595222, marker error: RMS = 0.00469524, max = 0.0129401 (Thoracic)
[2026-07-19 17:20:28.175] [info] Frame 151 (t = 1.51):	 total squared error = 0.000588459, marker error: RMS = 0.00466849, max = 0.0126457 (Thoracic)
[2026-07-19 17:20:28.186] [info] Frame 152 (t = 1.52):	 total squared error = 0.000583422, marker error: RMS = 0.00464846, max = 0.0122412 (Thoracic)
[2026-07-19 17:20:28.199] [info] Frame 153 (t = 1.53):	 total squared error = 0.000577160, marker error: RMS = 0.00462345, max = 0.0117748 (Thoracic)
[2026-07-19 17:20:28.214] [info] Frame 154 (t = 1.54):	 total squared error = 0.000564278, marker error: RMS = 0.00457156, max = 0.0113433 (Thoracic)
[2026-07-19 17:20:28.236] [info] Frame 155 (t = 1.55):	 total squared error = 0.000553520, marker error: RMS = 0.00452778, max = 0.0108767 (Thoracic)
[2026-07-19 17:20:28.250] [info] Frame 156 (t = 1.56):	 total squared error = 0.000548236, marker error: RMS = 0.00450611, max = 0.0105558 (Thoracic)
[2026-07-19 17:20:28.266] [info] Frame 157 (t = 1.57):	 total squared error = 0.000540680, marker error: RMS = 0.00447495, max = 0.0102518 (Thoracic)
[2026-07-19 17:20:28.283] [info] Frame 158 (t = 1.58):	 total squared error = 0.000536762, marker error: RMS = 0.00445871, max = 0.0100599 (Thoracic)
[2026-07-19 17:20:28.300] [info] Frame 159 (t = 1.59):	 total squared error = 0.000532972, marker error: RMS = 0.00444294, max = 0.00991182 (Thoracic)
[2026-07-19 17:20:28.313] [info] Frame 160 (t = 1.6):	 total squared error = 0.000534662, marker error: RMS = 0.00444998, max = 0.00977095 (Thoracic)
[2026-07-19 17:20:28.327] [info] Frame 161 (t = 1.61):	 total squared error = 0.000534099, marker error: RMS = 0.00444763, max = 0.00978828 (Thoracic)
[2026-07-19 17:20:28.340] [info] Frame 162 (t = 1.62):	 total squared error = 0.000530304, marker error: RMS = 0.00443181, max = 0.00982661 (Thoracic)
[2026-07-19 17:20:28.350] [info] Frame 163 (t = 1.63):	 total squared error = 0.000525499, marker error: RMS = 0.00441168, max = 0.00979067 (Thoracic)
[2026-07-19 17:20:28.369] [info] Frame 164 (t = 1.64):	 total squared error = 0.000506718, marker error: RMS = 0.00433213, max = 0.00982104 (Thoracic)
[2026-07-19 17:20:28.385] [info] Frame 165 (t = 1.65):	 total squared error = 0.000493189, marker error: RMS = 0.00427391, max = 0.00979775 (Thoracic)
[2026-07-19 17:20:28.401] [info] Frame 166 (t = 1.66):	 total squared error = 0.000474014, marker error: RMS = 0.00419000, max = 0.00971882 (Thoracic)
[2026-07-19 17:20:28.413] [info] Frame 167 (t = 1.67):	 total squared error = 0.000454803, marker error: RMS = 0.00410421, max = 0.00951929 (Thoracic)
[2026-07-19 17:20:28.428] [info] Frame 168 (t = 1.68):	 total squared error = 0.000429911, marker error: RMS = 0.00399031, max = 0.00943719 (Thoracic)
[2026-07-19 17:20:28.440] [info] Frame 169 (t = 1.69):	 total squared error = 0.000410207, marker error: RMS = 0.00389780, max = 0.00913816 (Thoracic)
[2026-07-19 17:20:28.454] [info] Frame 170 (t = 1.7):	 total squared error = 0.000386941, marker error: RMS = 0.00378565, max = 0.00904925 (Thoracic)
[2026-07-19 17:20:28.467] [info] Frame 171 (t = 1.71):	 total squared error = 0.000369180, marker error: RMS = 0.00369775, max = 0.00878832 (Thoracic)
[2026-07-19 17:20:28.482] [info] Frame 172 (t = 1.72):	 total squared error = 0.000352911, marker error: RMS = 0.00361535, max = 0.00869382 (Thoracic)
[2026-07-19 17:20:28.503] [info] Frame 173 (t = 1.73):	 total squared error = 0.000340344, marker error: RMS = 0.00355040, max = 0.00860451 (Thoracic)
[2026-07-19 17:20:28.517] [info] Frame 174 (t = 1.74):	 total squared error = 0.000333806, marker error: RMS = 0.00351613, max = 0.00849966 (Thoracic)
[2026-07-19 17:20:28.531] [info] Frame 175 (t = 1.75):	 total squared error = 0.000330947, marker error: RMS = 0.00350104, max = 0.00844255 (Thoracic)
[2026-07-19 17:20:28.545] [info] Frame 176 (t = 1.76):	 total squared error = 0.000330219, marker error: RMS = 0.00349719, max = 0.00844073 (Thoracic)
[2026-07-19 17:20:28.559] [info] Frame 177 (t = 1.77):	 total squared error = 0.000335930, marker error: RMS = 0.00352730, max = 0.00840702 (Thoracic)
[2026-07-19 17:20:28.581] [info] Frame 178 (t = 1.78):	 total squared error = 0.000341581, marker error: RMS = 0.00355685, max = 0.00845608 (Thoracic)
[2026-07-19 17:20:28.597] [info] Frame 179 (t = 1.79):	 total squared error = 0.000357191, marker error: RMS = 0.00363721, max = 0.00844707 (Thoracic)
[2026-07-19 17:20:28.614] [info] Frame 180 (t = 1.8):	 total squared error = 0.000377385, marker error: RMS = 0.00373861, max = 0.00840849 (Thoracic)
[2026-07-19 17:20:28.638] [info] Frame 181 (t = 1.81):	 total squared error = 0.000400158, marker error: RMS = 0.00384976, max = 0.00835084 (Thoracic)
[2026-07-19 17:20:28.657] [info] Frame 182 (t = 1.82):	 total squared error = 0.000429590, marker error: RMS = 0.00398883, max = 0.00821798 (Thoracic)
[2026-07-19 17:20:28.675] [info] Frame 183 (t = 1.83):	 total squared error = 0.000461423, marker error: RMS = 0.00413397, max = 0.00808622 (Thoracic)
[2026-07-19 17:20:28.692] [info] Frame 184 (t = 1.84):	 total squared error = 0.000498231, marker error: RMS = 0.00429569, max = 0.00818557 (R_Knee_Lateral)
[2026-07-19 17:20:28.709] [info] Frame 185 (t = 1.85):	 total squared error = 0.000531213, marker error: RMS = 0.00443560, max = 0.00899187 (R_Knee_Lateral)
[2026-07-19 17:20:28.728] [info] Frame 186 (t = 1.86):	 total squared error = 0.000564532, marker error: RMS = 0.00457259, max = 0.00950654 (R_Knee_Lateral)
[2026-07-19 17:20:28.755] [info] Frame 187 (t = 1.87):	 total squared error = 0.000602348, marker error: RMS = 0.00472326, max = 0.0100254 (R_Knee_Lateral)
[2026-07-19 17:20:28.776] [info] Frame 188 (t = 1.88):	 total squared error = 0.000644177, marker error: RMS = 0.00488451, max = 0.0108110 (R_Knee_Lateral)
[2026-07-19 17:20:28.793] [info] Frame 189 (t = 1.89):	 total squared error = 0.000694252, marker error: RMS = 0.00507080, max = 0.0117753 (R_Knee_Lateral)
[2026-07-19 17:20:28.812] [info] Frame 190 (t = 1.9):	 total squared error = 0.000757017, marker error: RMS = 0.00529506, max = 0.0122016 (R_Knee_Lateral)
[2026-07-19 17:20:28.834] [info] Frame 191 (t = 1.91):	 total squared error = 0.000829590, marker error: RMS = 0.00554306, max = 0.0125803 (R_Knee_Lateral)
[2026-07-19 17:20:28.846] [info] Frame 192 (t = 1.92):	 total squared error = 0.000917058, marker error: RMS = 0.00582796, max = 0.0135956 (R_Knee_Lateral)
[2026-07-19 17:20:28.867] [info] Frame 193 (t = 1.93):	 total squared error = 0.000988980, marker error: RMS = 0.00605218, max = 0.0134839 (R_Knee_Lateral)
[2026-07-19 17:20:28.882] [info] Frame 194 (t = 1.94):	 total squared error = 0.00106632, marker error: RMS = 0.00628438, max = 0.0138586 (R_Knee_Lateral)
[2026-07-19 17:20:28.901] [info] Frame 195 (t = 1.95):	 total squared error = 0.00113655, marker error: RMS = 0.00648803, max = 0.0138846 (R_Knee_Lateral)
[2026-07-19 17:20:28.914] [info] Frame 196 (t = 1.96):	 total squared error = 0.00119752, marker error: RMS = 0.00665978, max = 0.0138817 (R_Knee_Lateral)
[2026-07-19 17:20:28.927] [info] Frame 197 (t = 1.97):	 total squared error = 0.00125167, marker error: RMS = 0.00680867, max = 0.0136988 (R_Knee_Lateral)
[2026-07-19 17:20:28.945] [info] Frame 198 (t = 1.98):	 total squared error = 0.00130291, marker error: RMS = 0.00694666, max = 0.013399 (R_Knee_Lateral)
[2026-07-19 17:20:28.960] [info] Frame 199 (t = 1.99):	 total squared error = 0.00134972, marker error: RMS = 0.00707034, max = 0.0127777 (R_Knee_Lateral)
[2026-07-19 17:20:28.976] [info] Frame 200 (t = 2.0):	 total squared error = 0.00139594, marker error: RMS = 0.00719036, max = 0.0142825 (R_Shank_Lateral)
[2026-07-19 17:20:28.990] [info] Frame 201 (t = 2.01):	 total squared error = 0.00144058, marker error: RMS = 0.00730443, max = 0.0158854 (R_Shank_Lateral)
[2026-07-19 17:20:29.006] [info] Frame 202 (t = 2.02):	 total squared error = 0.00147750, marker error: RMS = 0.00739744, max = 0.0172077 (R_Shank_Lateral)
[2026-07-19 17:20:29.030] [info] Frame 203 (t = 2.03):	 total squared error = 0.00149536, marker error: RMS = 0.00744203, max = 0.0176571 (R_Shank_Lateral)
[2026-07-19 17:20:29.046] [info] Frame 204 (t = 2.04):	 total squared error = 0.00149190, marker error: RMS = 0.00743342, max = 0.0180763 (R_Shank_Lateral)
[2026-07-19 17:20:29.072] [info] Frame 205 (t = 2.05):	 total squared error = 0.00145712, marker error: RMS = 0.00734625, max = 0.0187791 (Thoracic)
[2026-07-19 17:20:29.103] [info] Frame 206 (t = 2.06):	 total squared error = 0.00139905, marker error: RMS = 0.00719839, max = 0.0192298 (Thoracic)
[2026-07-19 17:20:29.121] [info] Frame 207 (t = 2.07):	 total squared error = 0.00132593, marker error: RMS = 0.00700775, max = 0.0192785 (Thoracic)
[2026-07-19 17:20:29.150] [info] Frame 208 (t = 2.08):	 total squared error = 0.00123987, marker error: RMS = 0.00677651, max = 0.0193456 (Thoracic)
[2026-07-19 17:20:29.175] [info] Frame 209 (t = 2.09):	 total squared error = 0.00115897, marker error: RMS = 0.00655169, max = 0.0190061 (Thoracic)
[2026-07-19 17:20:29.197] [info] Frame 210 (t = 2.1):	 total squared error = 0.00109111, marker error: RMS = 0.00635700, max = 0.0184632 (Thoracic)
[2026-07-19 17:20:29.218] [info] Frame 211 (t = 2.11):	 total squared error = 0.00102298, marker error: RMS = 0.00615534, max = 0.0180988 (Thoracic)
[2026-07-19 17:20:29.231] [info] Frame 212 (t = 2.12):	 total squared error = 0.000975524, marker error: RMS = 0.00601087, max = 0.0172782 (Thoracic)
[2026-07-19 17:20:29.243] [info] Frame 213 (t = 2.13):	 total squared error = 0.000933249, marker error: RMS = 0.00587918, max = 0.0166148 (Thoracic)
[2026-07-19 17:20:29.259] [info] Frame 214 (t = 2.14):	 total squared error = 0.000889554, marker error: RMS = 0.00573990, max = 0.0161713 (Thoracic)
[2026-07-19 17:20:29.278] [info] Frame 215 (t = 2.15):	 total squared error = 0.000842827, marker error: RMS = 0.00558711, max = 0.0157762 (Thoracic)
[2026-07-19 17:20:29.284] [info] Frame 216 (t = 2.16):	 total squared error = 0.000807584, marker error: RMS = 0.00546905, max = 0.0150747 (Thoracic)
[2026-07-19 17:20:29.308] [info] Frame 217 (t = 2.17):	 total squared error = 0.000755162, marker error: RMS = 0.00528857, max = 0.0150161 (Thoracic)
[2026-07-19 17:20:29.320] [info] Frame 218 (t = 2.18):	 total squared error = 0.000712557, marker error: RMS = 0.00513722, max = 0.0146674 (Thoracic)
[2026-07-19 17:20:29.336] [info] Frame 219 (t = 2.19):	 total squared error = 0.000672071, marker error: RMS = 0.00498914, max = 0.014454 (Thoracic)
[2026-07-19 17:20:29.355] [info] Frame 220 (t = 2.2):	 total squared error = 0.000635049, marker error: RMS = 0.00484978, max = 0.014317 (Thoracic)
[2026-07-19 17:20:29.372] [info] Frame 221 (t = 2.21):	 total squared error = 0.000601416, marker error: RMS = 0.00471961, max = 0.0142319 (Thoracic)
[2026-07-19 17:20:29.388] [info] Frame 222 (t = 2.22):	 total squared error = 0.000572269, marker error: RMS = 0.00460382, max = 0.0142357 (Thoracic)
[2026-07-19 17:20:29.404] [info] Frame 223 (t = 2.23):	 total squared error = 0.000547068, marker error: RMS = 0.00450131, max = 0.0142942 (Thoracic)
[2026-07-19 17:20:29.423] [info] Frame 224 (t = 2.24):	 total squared error = 0.000526221, marker error: RMS = 0.00441471, max = 0.0144127 (Thoracic)
[2026-07-19 17:20:29.442] [info] Frame 225 (t = 2.25):	 total squared error = 0.000509423, marker error: RMS = 0.00434368, max = 0.0145712 (Thoracic)
[2026-07-19 17:20:29.459] [info] Frame 226 (t = 2.26):	 total squared error = 0.000496111, marker error: RMS = 0.00428655, max = 0.0147599 (Thoracic)
[2026-07-19 17:20:29.476] [info] Frame 227 (t = 2.27):	 total squared error = 0.000487157, marker error: RMS = 0.00424769, max = 0.0149313 (Thoracic)
[2026-07-19 17:20:29.494] [info] Frame 228 (t = 2.28):	 total squared error = 0.000481924, marker error: RMS = 0.00422481, max = 0.0150542 (Thoracic)
[2026-07-19 17:20:29.522] [info] Frame 229 (t = 2.29):	 total squared error = 0.000478381, marker error: RMS = 0.00420925, max = 0.0151205 (Thoracic)
[2026-07-19 17:20:29.539] [info] Frame 230 (t = 2.3):	 total squared error = 0.000478262, marker error: RMS = 0.00420873, max = 0.0150763 (Thoracic)
[2026-07-19 17:20:29.553] [info] Frame 231 (t = 2.31):	 total squared error = 0.000479450, marker error: RMS = 0.00421395, max = 0.0149544 (Thoracic)
[2026-07-19 17:20:29.574] [info] Frame 232 (t = 2.32):	 total squared error = 0.000478784, marker error: RMS = 0.00421103, max = 0.014765 (Thoracic)
[2026-07-19 17:20:29.591] [info] Frame 233 (t = 2.33):	 total squared error = 0.000478555, marker error: RMS = 0.00421002, max = 0.0144368 (Thoracic)
[2026-07-19 17:20:29.607] [info] Frame 234 (t = 2.34):	 total squared error = 0.000475430, marker error: RMS = 0.00419625, max = 0.0140342 (Thoracic)
[2026-07-19 17:20:29.616] [info] Frame 235 (t = 2.35):	 total squared error = 0.000473930, marker error: RMS = 0.00418962, max = 0.0135574 (Thoracic)
[2026-07-19 17:20:29.627] [info] Frame 236 (t = 2.36):	 total squared error = 0.000466161, marker error: RMS = 0.00415515, max = 0.0129316 (Thoracic)
[2026-07-19 17:20:29.637] [info] Frame 237 (t = 2.37):	 total squared error = 0.000458771, marker error: RMS = 0.00412208, max = 0.0123736 (Thoracic)
[2026-07-19 17:20:29.650] [info] Frame 238 (t = 2.38):	 total squared error = 0.000429134, marker error: RMS = 0.00398671, max = 0.0118096 (Thoracic)
[2026-07-19 17:20:29.661] [info] Frame 239 (t = 2.39):	 total squared error = 0.000412558, marker error: RMS = 0.00390896, max = 0.0111887 (Thoracic)
[2026-07-19 17:20:29.678] [info] Frame 240 (t = 2.4):	 total squared error = 0.000388398, marker error: RMS = 0.00379277, max = 0.0107085 (Thoracic)
[2026-07-19 17:20:29.686] [info] Frame 241 (t = 2.41):	 total squared error = 0.000374664, marker error: RMS = 0.00372511, max = 0.0101093 (Thoracic)
[2026-07-19 17:20:29.695] [info] Frame 242 (t = 2.42):	 total squared error = 0.000366260, marker error: RMS = 0.00368310, max = 0.00953878 (Thoracic)
[2026-07-19 17:20:29.712] [info] Frame 243 (t = 2.43):	 total squared error = 0.000350129, marker error: RMS = 0.00360107, max = 0.00910538 (Thoracic)
[2026-07-19 17:20:29.720] [info] Frame 244 (t = 2.44):	 total squared error = 0.000349748, marker error: RMS = 0.00359911, max = 0.00870664 (Thoracic)
[2026-07-19 17:20:29.727] [info] Frame 245 (t = 2.45):	 total squared error = 0.000355658, marker error: RMS = 0.00362940, max = 0.00835482 (Thoracic)
[2026-07-19 17:20:29.742] [info] Frame 246 (t = 2.46):	 total squared error = 0.000353424, marker error: RMS = 0.00361798, max = 0.00825094 (R_Asis)
[2026-07-19 17:20:29.750] [info] Frame 247 (t = 2.47):	 total squared error = 0.000362933, marker error: RMS = 0.00366633, max = 0.00839545 (R_Asis)
[2026-07-19 17:20:29.765] [info] Frame 248 (t = 2.48):	 total squared error = 0.000368659, marker error: RMS = 0.00369514, max = 0.00873009 (R_Asis)
[2026-07-19 17:20:29.774] [info] Frame 249 (t = 2.49):	 total squared error = 0.000375442, marker error: RMS = 0.00372898, max = 0.00868600 (R_Asis)
[2026-07-19 17:20:29.783] [info] Frame 250 (t = 2.5):	 total squared error = 0.000381005, marker error: RMS = 0.00375650, max = 0.00854183 (R_Asis)
[2026-07-19 17:20:29.790] [info] Frame 251 (t = 2.51):	 total squared error = 0.000383212, marker error: RMS = 0.00376736, max = 0.00834390 (R_Knee_Lateral)
[2026-07-19 17:20:29.810] [info] Frame 252 (t = 2.52):	 total squared error = 0.000357897, marker error: RMS = 0.00364080, max = 0.00822811 (Thoracic)
[2026-07-19 17:20:29.817] [info] Frame 253 (t = 2.53):	 total squared error = 0.000348574, marker error: RMS = 0.00359307, max = 0.00815967 (Thoracic)
[2026-07-19 17:20:29.830] [info] Frame 254 (t = 2.54):	 total squared error = 0.000331017, marker error: RMS = 0.00350141, max = 0.00837078 (Thoracic)
[2026-07-19 17:20:29.837] [info] Frame 255 (t = 2.55):	 total squared error = 0.000329995, marker error: RMS = 0.00349600, max = 0.00828748 (Thoracic)
[2026-07-19 17:20:29.859] [info] Frame 256 (t = 2.56):	 total squared error = 0.000305227, marker error: RMS = 0.00336225, max = 0.00853605 (Thoracic)
[2026-07-19 17:20:29.879] [info] Frame 257 (t = 2.57):	 total squared error = 0.000301830, marker error: RMS = 0.00334348, max = 0.00862972 (Thoracic)
[2026-07-19 17:20:29.896] [info] Frame 258 (t = 2.58):	 total squared error = 0.000305628, marker error: RMS = 0.00336446, max = 0.00875993 (Thoracic)
[2026-07-19 17:20:29.911] [info] Frame 259 (t = 2.59):	 total squared error = 0.000317183, marker error: RMS = 0.00342747, max = 0.00886376 (Thoracic)
[2026-07-19 17:20:29.925] [info] Frame 260 (t = 2.6):	 total squared error = 0.000328658, marker error: RMS = 0.00348891, max = 0.00898906 (Thoracic)
[2026-07-19 17:20:29.943] [info] Frame 261 (t = 2.61):	 total squared error = 0.000337717, marker error: RMS = 0.00353667, max = 0.00906135 (Thoracic)
[2026-07-19 17:20:29.968] [info] Frame 262 (t = 2.62):	 total squared error = 0.000350319, marker error: RMS = 0.00360205, max = 0.00908782 (Thoracic)
[2026-07-19 17:20:29.983] [info] Frame 263 (t = 2.63):	 total squared error = 0.000366968, marker error: RMS = 0.00368665, max = 0.00914794 (Thoracic)
[2026-07-19 17:20:29.999] [info] Frame 264 (t = 2.64):	 total squared error = 0.000380891, marker error: RMS = 0.00375594, max = 0.00915260 (Thoracic)
[2026-07-19 17:20:30.015] [info] Frame 265 (t = 2.65):	 total squared error = 0.000392830, marker error: RMS = 0.00381435, max = 0.00911369 (Thoracic)
[2026-07-19 17:20:30.024] [info] Frame 266 (t = 2.66):	 total squared error = 0.000412385, marker error: RMS = 0.00390813, max = 0.00904888 (Thoracic)
[2026-07-19 17:20:30.043] [info] Frame 267 (t = 2.67):	 total squared error = 0.000405495, marker error: RMS = 0.00387535, max = 0.00882925 (Thoracic)
[2026-07-19 17:20:30.052] [info] Frame 268 (t = 2.68):	 total squared error = 0.000411350, marker error: RMS = 0.00390323, max = 0.00858664 (Thoracic)
[2026-07-19 17:20:30.073] [info] Frame 269 (t = 2.69):	 total squared error = 0.000398369, marker error: RMS = 0.00384114, max = 0.00811025 (Thoracic)
[2026-07-19 17:20:30.091] [info] Frame 270 (t = 2.7):	 total squared error = 0.000388647, marker error: RMS = 0.00379399, max = 0.00761198 (Thoracic)
[2026-07-19 17:20:30.113] [info] Frame 271 (t = 2.71):	 total squared error = 0.000376314, marker error: RMS = 0.00373330, max = 0.00703810 (Thoracic)
[2026-07-19 17:20:30.124] [info] Frame 272 (t = 2.72):	 total squared error = 0.000367639, marker error: RMS = 0.00369002, max = 0.00674187 (L_Asis)
[2026-07-19 17:20:30.150] [info] Frame 273 (t = 2.73):	 total squared error = 0.000350168, marker error: RMS = 0.00360128, max = 0.00604178 (L_Asis)
[2026-07-19 17:20:30.167] [info] Frame 274 (t = 2.74):	 total squared error = 0.000338501, marker error: RMS = 0.00354077, max = 0.00612175 (L_Asis)
[2026-07-19 17:20:30.176] [info] Frame 275 (t = 2.75):	 total squared error = 0.000335656, marker error: RMS = 0.00352586, max = 0.00612619 (L_Asis)
[2026-07-19 17:20:30.202] [info] Frame 276 (t = 2.76):	 total squared error = 0.000312099, marker error: RMS = 0.00339988, max = 0.00596155 (Thoracic)
[2026-07-19 17:20:30.211] [info] Frame 277 (t = 2.77):	 total squared error = 0.000308559, marker error: RMS = 0.00338055, max = 0.00629548 (Thoracic)
[2026-07-19 17:20:30.235] [info] Frame 278 (t = 2.78):	 total squared error = 0.000295383, marker error: RMS = 0.00330759, max = 0.00644886 (Thoracic)
[2026-07-19 17:20:30.242] [info] Frame 279 (t = 2.79):	 total squared error = 0.000303063, marker error: RMS = 0.00335031, max = 0.00671002 (Thoracic)
[2026-07-19 17:20:30.257] [info] Frame 280 (t = 2.8):	 total squared error = 0.000316329, marker error: RMS = 0.00342285, max = 0.00688219 (Thoracic)
[2026-07-19 17:20:30.267] [info] Frame 281 (t = 2.81):	 total squared error = 0.000347703, marker error: RMS = 0.00358858, max = 0.00707876 (Thoracic)
[2026-07-19 17:20:30.276] [info] Frame 282 (t = 2.82):	 total squared error = 0.000387562, marker error: RMS = 0.00378869, max = 0.00728883 (Thoracic)
[2026-07-19 17:20:30.285] [info] Frame 283 (t = 2.83):	 total squared error = 0.000429540, marker error: RMS = 0.00398860, max = 0.00754271 (Thoracic)
[2026-07-19 17:20:30.296] [info] Frame 284 (t = 2.84):	 total squared error = 0.000465342, marker error: RMS = 0.00415149, max = 0.00793347 (Thoracic)
[2026-07-19 17:20:30.324] [info] Frame 285 (t = 2.85):	 total squared error = 0.000476172, marker error: RMS = 0.00419952, max = 0.00835182 (Thoracic)
[2026-07-19 17:20:30.335] [info] Frame 286 (t = 2.86):	 total squared error = 0.000497099, marker error: RMS = 0.00429081, max = 0.00884959 (Thoracic)
[2026-07-19 17:20:30.353] [info] Frame 287 (t = 2.87):	 total squared error = 0.000503104, marker error: RMS = 0.00431665, max = 0.00933423 (Thoracic)
[2026-07-19 17:20:30.364] [info] Frame 288 (t = 2.88):	 total squared error = 0.000505300, marker error: RMS = 0.00432606, max = 0.00960480 (Thoracic)
[2026-07-19 17:20:30.373] [info] Frame 289 (t = 2.89):	 total squared error = 0.000505415, marker error: RMS = 0.00432656, max = 0.00964282 (Thoracic)
[2026-07-19 17:20:30.393] [info] Frame 290 (t = 2.9):	 total squared error = 0.000481636, marker error: RMS = 0.00422355, max = 0.00960283 (Thoracic)
[2026-07-19 17:20:30.403] [info] Frame 291 (t = 2.91):	 total squared error = 0.000475488, marker error: RMS = 0.00419650, max = 0.00913736 (Thoracic)
[2026-07-19 17:20:30.419] [info] Frame 292 (t = 2.92):	 total squared error = 0.000462278, marker error: RMS = 0.00413780, max = 0.00875422 (Thoracic)
[2026-07-19 17:20:30.430] [info] Frame 293 (t = 2.93):	 total squared error = 0.000465580, marker error: RMS = 0.00415255, max = 0.00851632 (L_Knee_Lateral)
[2026-07-19 17:20:30.444] [info] Frame 294 (t = 2.94):	 total squared error = 0.000467756, marker error: RMS = 0.00416225, max = 0.00837360 (L_Ankle_Lateral)
[2026-07-19 17:20:30.454] [info] Frame 295 (t = 2.95):	 total squared error = 0.000487347, marker error: RMS = 0.00424852, max = 0.00872495 (L_Knee_Lateral)
[2026-07-19 17:20:30.468] [info] Frame 296 (t = 2.96):	 total squared error = 0.000500103, marker error: RMS = 0.00430376, max = 0.00862025 (L_Knee_Lateral)
[2026-07-19 17:20:30.475] [info] Frame 297 (t = 2.97):	 total squared error = 0.000534433, marker error: RMS = 0.00444902, max = 0.00903868 (L_Knee_Lateral)
[2026-07-19 17:20:30.492] [info] Frame 298 (t = 2.98):	 total squared error = 0.000560457, marker error: RMS = 0.00455606, max = 0.00899947 (L_Knee_Lateral)
[2026-07-19 17:20:30.511] [info] Frame 299 (t = 2.99):	 total squared error = 0.000599206, marker error: RMS = 0.00471093, max = 0.00966901 (Thoracic)
[2026-07-19 17:20:30.526] [info] Frame 300 (t = 3.0):	 total squared error = 0.000644781, marker error: RMS = 0.00488680, max = 0.0107702 (Thoracic)
[2026-07-19 17:20:30.542] [info] Frame 301 (t = 3.01):	 total squared error = 0.000688481, marker error: RMS = 0.00504968, max = 0.0119923 (Thoracic)
[2026-07-19 17:20:30.559] [info] Frame 302 (t = 3.02):	 total squared error = 0.000728407, marker error: RMS = 0.00519404, max = 0.0131659 (Thoracic)
[2026-07-19 17:20:30.573] [info] Frame 303 (t = 3.03):	 total squared error = 0.000763952, marker error: RMS = 0.00531926, max = 0.0141236 (Thoracic)
[2026-07-19 17:20:30.590] [info] Frame 304 (t = 3.04):	 total squared error = 0.000784643, marker error: RMS = 0.00539081, max = 0.0148662 (Thoracic)
[2026-07-19 17:20:30.602] [info] Frame 305 (t = 3.05):	 total squared error = 0.000797003, marker error: RMS = 0.00543310, max = 0.0152627 (Thoracic)
[2026-07-19 17:20:30.620] [info] Frame 306 (t = 3.06):	 total squared error = 0.000793679, marker error: RMS = 0.00542176, max = 0.0154353 (Thoracic)
[2026-07-19 17:20:30.637] [info] Frame 307 (t = 3.07):	 total squared error = 0.000784616, marker error: RMS = 0.00539072, max = 0.0153224 (Thoracic)
[2026-07-19 17:20:30.655] [info] Frame 308 (t = 3.08):	 total squared error = 0.000766025, marker error: RMS = 0.00532647, max = 0.0150176 (Thoracic)
[2026-07-19 17:20:30.675] [info] Frame 309 (t = 3.09):	 total squared error = 0.000744974, marker error: RMS = 0.00525277, max = 0.0145591 (Thoracic)
[2026-07-19 17:20:30.690] [info] Frame 310 (t = 3.1):	 total squared error = 0.000724825, marker error: RMS = 0.00518125, max = 0.0139898 (Thoracic)
[2026-07-19 17:20:30.704] [info] Frame 311 (t = 3.11):	 total squared error = 0.000703998, marker error: RMS = 0.00510627, max = 0.0133529 (Thoracic)
[2026-07-19 17:20:30.717] [info] Frame 312 (t = 3.12):	 total squared error = 0.000683981, marker error: RMS = 0.00503315, max = 0.0126696 (Thoracic)
[2026-07-19 17:20:30.742] [info] Frame 313 (t = 3.13):	 total squared error = 0.000660291, marker error: RMS = 0.00494522, max = 0.0120078 (Thoracic)
[2026-07-19 17:20:30.752] [info] Frame 314 (t = 3.14):	 total squared error = 0.000648786, marker error: RMS = 0.00490195, max = 0.0113874 (Thoracic)
[2026-07-19 17:20:30.769] [info] Frame 315 (t = 3.15):	 total squared error = 0.000631490, marker error: RMS = 0.00483617, max = 0.0108668 (Thoracic)
[2026-07-19 17:20:30.785] [info] Frame 316 (t = 3.16):	 total squared error = 0.000620794, marker error: RMS = 0.00479504, max = 0.0104700 (Thoracic)
[2026-07-19 17:20:30.805] [info] Frame 317 (t = 3.17):	 total squared error = 0.000613129, marker error: RMS = 0.00476534, max = 0.0101680 (Thoracic)
[2026-07-19 17:20:30.819] [info] Frame 318 (t = 3.18):	 total squared error = 0.000609798, marker error: RMS = 0.00475238, max = 0.00999664 (Thoracic)
[2026-07-19 17:20:30.833] [info] Frame 319 (t = 3.19):	 total squared error = 0.000607030, marker error: RMS = 0.00474158, max = 0.00995736 (Thoracic)
[2026-07-19 17:20:30.849] [info] Frame 320 (t = 3.2):	 total squared error = 0.000607415, marker error: RMS = 0.00474308, max = 0.00994222 (Thoracic)
[2026-07-19 17:20:30.859] [info] Frame 321 (t = 3.21):	 total squared error = 0.000613890, marker error: RMS = 0.00476830, max = 0.00992372 (Thoracic)
[2026-07-19 17:20:30.875] [info] Frame 322 (t = 3.22):	 total squared error = 0.000609955, marker error: RMS = 0.00475299, max = 0.0100098 (Thoracic)
[2026-07-19 17:20:30.892] [info] Frame 323 (t = 3.23):	 total squared error = 0.000610235, marker error: RMS = 0.00475408, max = 0.00998285 (Thoracic)
[2026-07-19 17:20:30.906] [info] Frame 324 (t = 3.24):	 total squared error = 0.000609348, marker error: RMS = 0.00475063, max = 0.00990464 (Thoracic)
[2026-07-19 17:20:30.928] [info] Frame 325 (t = 3.25):	 total squared error = 0.000605560, marker error: RMS = 0.00473584, max = 0.00976227 (Thoracic)
[2026-07-19 17:20:30.937] [info] Frame 326 (t = 3.26):	 total squared error = 0.000606102, marker error: RMS = 0.00473796, max = 0.00945352 (Thoracic)
[2026-07-19 17:20:30.951] [info] Frame 327 (t = 3.27):	 total squared error = 0.000595941, marker error: RMS = 0.00469807, max = 0.00939426 (Thoracic)
[2026-07-19 17:20:30.965] [info] Frame 328 (t = 3.28):	 total squared error = 0.000589447, marker error: RMS = 0.00467241, max = 0.00916200 (Thoracic)
[2026-07-19 17:20:30.982] [info] Frame 329 (t = 3.29):	 total squared error = 0.000582866, marker error: RMS = 0.00464625, max = 0.00894242 (Thoracic)
[2026-07-19 17:20:30.996] [info] Frame 330 (t = 3.3):	 total squared error = 0.000577844, marker error: RMS = 0.00462619, max = 0.00886151 (R_Thigh_Lateral)
[2026-07-19 17:20:31.011] [info] Frame 331 (t = 3.31):	 total squared error = 0.000574183, marker error: RMS = 0.00461151, max = 0.00896568 (R_Thigh_Lateral)
[2026-07-19 17:20:31.025] [info] Frame 332 (t = 3.32):	 total squared error = 0.000572503, marker error: RMS = 0.00460476, max = 0.00901475 (R_Thigh_Lateral)
[2026-07-19 17:20:31.046] [info] Frame 333 (t = 3.33):	 total squared error = 0.000565804, marker error: RMS = 0.00457774, max = 0.00885449 (R_Thigh_Lateral)
[2026-07-19 17:20:31.059] [info] Frame 334 (t = 3.34):	 total squared error = 0.000565351, marker error: RMS = 0.00457591, max = 0.00888781 (R_Thigh_Lateral)
[2026-07-19 17:20:31.079] [info] Frame 335 (t = 3.35):	 total squared error = 0.000561897, marker error: RMS = 0.00456191, max = 0.00885937 (R_Thigh_Lateral)
[2026-07-19 17:20:31.093] [info] Frame 336 (t = 3.36):	 total squared error = 0.000558009, marker error: RMS = 0.00454610, max = 0.00879555 (R_Thigh_Lateral)
[2026-07-19 17:20:31.109] [info] Frame 337 (t = 3.37):	 total squared error = 0.000552150, marker error: RMS = 0.00452217, max = 0.00863863 (R_Thigh_Lateral)
[2026-07-19 17:20:31.126] [info] Frame 338 (t = 3.38):	 total squared error = 0.000546980, marker error: RMS = 0.00450095, max = 0.00851427 (L_Shoulder)
[2026-07-19 17:20:31.148] [info] Frame 339 (t = 3.39):	 total squared error = 0.000544273, marker error: RMS = 0.00448980, max = 0.00868970 (L_Shoulder)
[2026-07-19 17:20:31.171] [info] Frame 340 (t = 3.4):	 total squared error = 0.000548608, marker error: RMS = 0.00450764, max = 0.00897473 (L_Shoulder)
[2026-07-19 17:20:31.186] [info] Frame 341 (t = 3.41):	 total squared error = 0.000558725, marker error: RMS = 0.00454901, max = 0.00934490 (L_Shoulder)
[2026-07-19 17:20:31.201] [info] Frame 342 (t = 3.42):	 total squared error = 0.000570296, marker error: RMS = 0.00459588, max = 0.00945245 (L_Shoulder)
[2026-07-19 17:20:31.220] [info] Frame 343 (t = 3.43):	 total squared error = 0.000580946, marker error: RMS = 0.00463859, max = 0.00928878 (L_Shoulder)
[2026-07-19 17:20:31.238] [info] Frame 344 (t = 3.44):	 total squared error = 0.000589963, marker error: RMS = 0.00467445, max = 0.00918354 (L_Shoulder)
[2026-07-19 17:20:31.258] [info] Frame 345 (t = 3.45):	 total squared error = 0.000596061, marker error: RMS = 0.00469854, max = 0.00895951 (L_Shoulder)
[2026-07-19 17:20:31.275] [info] Frame 346 (t = 3.46):	 total squared error = 0.000603723, marker error: RMS = 0.00472865, max = 0.00888201 (L_Shoulder)
[2026-07-19 17:20:31.302] [info] Frame 347 (t = 3.47):	 total squared error = 0.000600618, marker error: RMS = 0.00471647, max = 0.00865233 (R_Elbow)
[2026-07-19 17:20:31.318] [info] Frame 348 (t = 3.48):	 total squared error = 0.000602884, marker error: RMS = 0.00472536, max = 0.00865413 (R_Elbow)
[2026-07-19 17:20:31.339] [info] Frame 349 (t = 3.49):	 total squared error = 0.000607248, marker error: RMS = 0.00474243, max = 0.00863445 (R_Elbow)
[2026-07-19 17:20:31.357] [info] Frame 350 (t = 3.5):	 total squared error = 0.000617856, marker error: RMS = 0.00478368, max = 0.00928828 (R_Knee_Lateral)
[2026-07-19 17:20:31.375] [info] Frame 351 (t = 3.51):	 total squared error = 0.000633724, marker error: RMS = 0.00484472, max = 0.0101713 (R_Knee_Lateral)
[2026-07-19 17:20:31.396] [info] Frame 352 (t = 3.52):	 total squared error = 0.000659261, marker error: RMS = 0.00494136, max = 0.0108235 (R_Knee_Lateral)
[2026-07-19 17:20:31.414] [info] Frame 353 (t = 3.53):	 total squared error = 0.000701613, marker error: RMS = 0.00509761, max = 0.0119643 (R_Knee_Lateral)
[2026-07-19 17:20:31.438] [info] Frame 354 (t = 3.54):	 total squared error = 0.000757470, marker error: RMS = 0.00529664, max = 0.012599 (R_Knee_Lateral)
[2026-07-19 17:20:31.457] [info] Frame 355 (t = 3.55):	 total squared error = 0.000829018, marker error: RMS = 0.00554115, max = 0.0135176 (R_Knee_Lateral)
[2026-07-19 17:20:31.477] [info] Frame 356 (t = 3.56):	 total squared error = 0.000910939, marker error: RMS = 0.00580848, max = 0.0142154 (R_Knee_Lateral)
[2026-07-19 17:20:31.491] [info] Frame 357 (t = 3.57):	 total squared error = 0.00100857, marker error: RMS = 0.00611184, max = 0.015132 (R_Knee_Lateral)
[2026-07-19 17:20:31.503] [info] Frame 358 (t = 3.58):	 total squared error = 0.00108605, marker error: RMS = 0.00634224, max = 0.0155807 (R_Knee_Lateral)
[2026-07-19 17:20:31.526] [info] Frame 359 (t = 3.59):	 total squared error = 0.00115864, marker error: RMS = 0.00655078, max = 0.0155801 (R_Knee_Lateral)
[2026-07-19 17:20:31.537] [info] Frame 360 (t = 3.6):	 total squared error = 0.00123603, marker error: RMS = 0.00676600, max = 0.0158014 (R_Knee_Lateral)
[2026-07-19 17:20:31.560] [info] Frame 361 (t = 3.61):	 total squared error = 0.00127830, marker error: RMS = 0.00688074, max = 0.0158774 (R_Knee_Lateral)
[2026-07-19 17:20:31.576] [info] Frame 362 (t = 3.62):	 total squared error = 0.00131650, marker error: RMS = 0.00698278, max = 0.0158162 (R_Knee_Lateral)
[2026-07-19 17:20:31.589] [info] Frame 363 (t = 3.63):	 total squared error = 0.00134305, marker error: RMS = 0.00705283, max = 0.0155003 (R_Knee_Lateral)
[2026-07-19 17:20:31.604] [info] Frame 364 (t = 3.64):	 total squared error = 0.00135759, marker error: RMS = 0.00709092, max = 0.0151776 (R_Knee_Lateral)
[2026-07-19 17:20:31.619] [info] Frame 365 (t = 3.65):	 total squared error = 0.00136403, marker error: RMS = 0.00710771, max = 0.0146491 (R_Knee_Lateral)
[2026-07-19 17:20:31.637] [info] Frame 366 (t = 3.66):	 total squared error = 0.00136190, marker error: RMS = 0.00710216, max = 0.0140284 (R_Knee_Lateral)
[2026-07-19 17:20:31.666] [info] Frame 367 (t = 3.67):	 total squared error = 0.00134997, marker error: RMS = 0.00707098, max = 0.0137957 (R_Thigh_Lateral)
[2026-07-19 17:20:31.683] [info] Frame 368 (t = 3.68):	 total squared error = 0.00133315, marker error: RMS = 0.00702680, max = 0.013756 (R_Shank_Lateral)
[2026-07-19 17:20:31.709] [info] Frame 369 (t = 3.69):	 total squared error = 0.00130271, marker error: RMS = 0.00694612, max = 0.0137397 (R_Shank_Lateral)
[2026-07-19 17:20:31.729] [info] Frame 370 (t = 3.7):	 total squared error = 0.00126742, marker error: RMS = 0.00685139, max = 0.0138587 (R_Shank_Lateral)
[2026-07-19 17:20:31.739] [info] InverseKinematicsTool completed 321 frames in 5 second(s).
[2026-07-19 17:20:31.775] [info] Loaded model TCV36-scaled from file C:\Users\lucia\Desktop\TFG\2_JMP\TVC36\Walk_1\TVC36_1_JMP_results\TVC36_1_NMSM_JMP_08_wrist_axis_FINAL.osim
[2026-07-19 17:20:32.338] [warning] Coordinate.setValue:  coordinate pro_sup_r is locked. Unable to change its value.
[2026-07-19 17:20:32.373] [warning] Coordinate.setValue:  coordinate pro_sup_l is locked. Unable to change its value.
