Coordinates
version=1
nRows=161
nColumns=42
inDegrees=yes

Units are S.I. units (second, meters, Newtons, ...)
If the header above contains a line with 'inDegrees', this indicates whether rotational values are in degrees (yes) or radians (no).

endheader
time	pelvis_tilt	pelvis_list	pelvis_rotation	pelvis_tx	pelvis_ty	pelvis_tz	hip_flexion_r	hip_adduction_r	hip_rotation_r	knee_angle_r	knee_adduction_r	knee_angle_r_beta	ankle_angle_r	subtalar_angle_r	mtp_angle_r	hip_flexion_l	hip_adduction_l	hip_rotation_l	knee_angle_l	knee_adduction_l	knee_angle_l_beta	ankle_angle_l	subtalar_angle_l	mtp_angle_l	lumbar_extension	lumbar_bending	lumbar_rotation	arm_flex_r	arm_add_r	arm_rot_r	elbow_flex_r	pro_sup_r	wrist_flex_r	wrist_dev_r	arm_flex_l	arm_add_l	arm_rot_l	elbow_flex_l	pro_sup_l	wrist_flex_l	wrist_dev_l
      0.32000000	      4.51524125	     -2.13927546	     -8.52819941	     -1.35732609	      0.97419109	      0.21826227	    -20.45722572	     -2.55187682	      0.63562057	     17.43098033	      8.46245543	      0.30422800	     16.04558538	      3.50627322	     -8.97452090	     20.59771083	    -11.81285251	    -15.26381077	      9.12888407	     11.96725878	      0.15932908	     -1.69869015	     -6.08177892	     -8.97452090	    -17.73427330	     -2.00826278	     10.60380398	     18.10868529	    -23.44128555	     -7.16638271	     53.45120868	     90.00000001	      0.00000000	      0.00000000	    -15.92905927	     -7.05551883	    -22.70274106	     11.12022362	     90.00000001	      0.00000000	      0.00000000
      0.33000000	      4.81221826	     -1.32721841	     -8.87209608	     -1.33997163	      0.97367767	      0.21732472	    -21.03231285	     -3.85705079	      0.97494338	     18.59254175	      8.45349199	      0.32450107	     15.15292665	      3.30757893	     -8.94306971	     20.22226933	    -10.83416736	    -15.39538311	     10.34433058	     11.79910607	      0.18054263	     -2.71352516	     -6.56512920	     -8.94306971	    -17.71069199	     -3.06450749	     10.61131493	     17.45912250	    -23.37162229	     -7.43217999	     53.66161416	     90.00000001	      0.00000000	      0.00000000	    -16.10478414	     -7.10064347	    -22.77217634	     11.14133277	     90.00000001	      0.00000000	      0.00000000
      0.34000000	      5.11709969	     -0.48788882	     -9.20639006	     -1.32242428	      0.97362652	      0.21627922	    -21.47569810	     -5.19303415	      1.24274083	     19.95385453	      8.44583084	      0.34826046	     13.87611467	      3.07764685	     -8.92173332	     19.79315011	     -9.82232263	    -15.48778246	     11.58056211	     11.61959277	      0.20211894	     -3.83198183	     -6.97757730	     -8.92173332	    -17.67566520	     -4.13492056	     10.61993009	     16.69060563	    -23.28711943	     -7.71225291	     53.72253554	     90.00000001	      0.00000000	      0.00000000	    -16.18533438	     -7.15051332	    -22.84064711	     11.18524735	     90.00000001	      0.00000000	      0.00000000
      0.35000000	      5.38710680	      0.38862682	     -9.52140104	     -1.30480868	      0.97404233	      0.21515866	    -21.68376670	     -6.53288334	      1.44142253	     21.60193820	      8.41240591	      0.37702495	     12.26151941	      2.68688490	     -8.90096518	     19.37087701	     -8.76839694	    -15.51839193	     12.80011565	     11.43402830	      0.22340416	     -5.03573195	     -7.37854448	     -8.90096518	    -17.59025430	     -5.23253070	     10.60748795	     15.78583823	    -23.11390619	     -8.07027120	     53.70418474	     90.00000001	      0.00000000	      0.00000000	    -16.15265241	     -7.22415768	    -22.92645175	     11.20600339	     90.00000001	      0.00000000	      0.00000000
      0.36000000	      5.56585674	      1.24965823	     -9.74518670	     -1.28728174	      0.97499294	      0.21403529	    -21.63955513	     -7.74066452	      1.93515923	     23.41348455	      8.45149221	      0.40864239	     10.00424805	      1.08222328	     -8.79733698	     18.94051428	     -7.66685573	    -14.80253950	     13.70342514	     11.34691565	      0.23916989	     -6.66947427	     -9.14409924	     -8.79733698	    -17.43604036	     -6.29247221	     10.61528568	     14.62107615	    -22.62034221	     -9.19367043	     53.79791890	     90.00000001	      0.00000000	      0.00000000	    -15.63403548	     -7.40162206	    -23.81544754	     10.58579609	     90.00000001	      0.00000000	      0.00000000
      0.37000000	      5.77403419	      2.06343781	     -9.90085021	     -1.26990125	      0.97634222	      0.21273957	    -21.30296748	     -8.89733080	      1.87834983	     25.75748953	      8.35909022	      0.44955300	      7.48953522	      0.34695682	     -8.75998257	     18.62629004	     -6.62733633	    -14.61299893	     15.03327000	     11.15332651	      0.26238006	     -7.34994046	     -9.42069095	     -8.75998257	    -17.33960102	     -7.26344064	     10.42489755	     13.74454384	    -22.32569689	     -9.33859270	     53.27311395	     90.00000001	      0.00000000	      0.00000000	    -15.38443943	     -7.50174455	    -24.08897266	     10.66059741	     90.00000001	      0.00000000	      0.00000000
      0.38000000	      6.01901222	      2.80157082	    -10.04189172	     -1.25269606	      0.97819220	      0.21141230	    -20.74460533	     -9.96995386	      1.80368726	     28.41514553	      8.25202935	      0.49593785	      4.44327273	     -0.28170409	     -8.73751730	     18.21111958	     -5.62391151	    -14.32624178	     16.28622069	     10.98969361	      0.28424817	     -7.37919325	     -9.72366598	     -8.73751730	    -17.32125814	     -8.14368544	     10.28197622	     12.77209650	    -22.01508983	     -9.52304487	     52.68549127	     90.00000001	      0.00000000	      0.00000000	    -15.04581630	     -7.61967342	    -24.20779032	     10.82709192	     90.00000001	      0.00000000	      0.00000000
      0.39000000	      6.17544131	      3.41973870	    -10.00902741	     -1.23582386	      0.98048832	      0.20997593	    -19.95928725	    -10.80117046	      2.35226377	     31.12830433	      8.47854930	      0.54329140	      0.33620159	     -3.32532713	     -8.66104581	     17.82253896	     -4.65114198	    -13.45649830	     17.33709368	     10.91377235	      0.30258937	     -7.73349293	    -10.80948834	     -8.66104581	    -17.28120443	     -8.84139410	     10.00566774	     12.03714835	    -21.38461755	    -10.35523219	     51.45829330	     90.00000001	      0.00000000	      0.00000000	    -14.19354837	     -7.78804611	    -25.32505490	     10.30785717	     90.00000001	      0.00000000	      0.00000000
      0.40000000	      6.42544656	      4.08457938	    -10.01382284	     -1.21915543	      0.98301521	      0.20834277	    -18.89778675	    -11.77828235	      2.11111155	     34.34865087	      8.34391980	      0.59949705	     -3.48456669	     -3.95543209	     -8.64509380	     17.23831705	     -3.54668485	    -12.94483850	     18.24213184	     10.73494203	      0.31838526	     -7.21491049	    -11.17369437	     -8.64509380	    -17.36387662	     -9.55830158	      9.72488139	     11.01786046	    -21.06502094	    -10.32492759	     50.73030692	     90.00000001	      0.00000000	      0.00000000	    -13.59528090	     -7.91793141	    -25.55149898	     10.46521172	     90.00000001	      0.00000000	      0.00000000
      0.41000000	      6.60958056	      4.63052491	     -9.89466588	     -1.20288904	      0.98571258	      0.20663042	    -17.57150110	    -12.55626356	      1.86784556	     37.72118523	      8.14287732	      0.65835888	     -7.68761079	     -5.08088323	     -8.62656616	     16.65474387	     -2.51310142	    -12.37775011	     19.01142941	     10.54530752	      0.33181204	     -6.68850075	    -11.49636923	     -8.62656616	    -17.45518984	    -10.09361907	      9.34043624	     10.14606975	    -20.66711859	    -10.42236515	     49.68644398	     90.00000001	      0.00000000	      0.00000000	    -12.85807138	     -8.05573460	    -25.83667595	     10.60157279	     90.00000001	      0.00000000	      0.00000000
      0.42000000	      6.80047330	      4.90500188	     -9.71064131	     -1.18707006	      0.98870956	      0.20500330	    -16.21721028	    -12.97467123	      2.54252481	     40.92131838	      8.40795934	      0.71421174	    -12.50835874	     -8.30371480	     -8.55856953	     15.89369578	     -1.75694270	    -11.75319852	     19.54069194	     10.43236151	      0.34104941	     -6.13390191	    -11.88958409	     -8.55856953	    -17.63240941	    -10.32119085	      8.90323058	      9.76096834	    -20.08366428	    -10.80417547	     47.74088531	     90.00000001	      0.00000000	      0.00000000	    -11.87280304	     -8.12779714	    -27.05243417	     10.47710343	     90.00000001	      0.00000000	      0.00000000
      0.43000000	      6.91140782	      5.18024273	     -9.48622027	     -1.17176432	      0.99150072	      0.20335902	    -14.49617819	    -13.38334877	      2.32553127	     44.43231508	      8.05299594	      0.77549019	    -16.19462505	     -8.99970449	     -8.52853300	     15.14692097	     -0.98338563	    -11.37799208	     19.91306598	     10.21508442	      0.34754857	     -5.36017956	    -11.89827434	     -8.52853300	    -17.78748389	    -10.50745531	      8.46050463	      8.96749166	    -19.68739929	    -10.72083655	     46.60883237	     90.00000001	      0.00000000	      0.00000000	    -10.95192198	     -8.24806142	    -27.48185771	     10.67890745	     90.00000001	      0.00000000	      0.00000000
      0.44000000	      6.92724817	      5.28453623	     -9.20431460	     -1.15703948	      0.99418165	      0.20192721	    -12.57617530	    -13.53863695	      2.24609314	     47.89968053	      7.69506705	      0.83600714	    -19.33684779	     -9.66616463	     -8.49521823	     14.43537717	     -0.45172211	    -11.13509338	     20.20423021	     10.01381951	      0.35263034	     -4.41049229	    -11.57176622	     -8.49521823	    -17.91427151	    -10.49575521	      7.99695302	      8.37085063	    -19.25630700	    -10.64226164	     45.13911880	     90.00000001	      0.00000000	      0.00000000	    -10.02143120	     -8.35969284	    -27.70352094	     11.02054637	     90.00000001	      0.00000000	      0.00000000
      0.45000000	      6.82798001	      5.20889318	     -8.86476981	     -1.14289244	      0.99668608	      0.20072428	    -10.46353004	    -13.43072504	      2.23618765	     51.28267404	      7.34623543	      0.89505151	    -21.72629631	    -10.40934321	     -8.46522042	     13.76535276	     -0.18788725	    -10.88974243	     20.38789286	      9.89116601	      0.35583586	     -3.44212613	    -11.17828527	     -8.46522042	    -17.99190006	    -10.28087650	      7.51480550	      7.87554036	    -18.78808551	    -10.55398066	     43.48844033	     90.00000001	      0.00000000	      0.00000000	     -9.02435221	     -8.47539454	    -27.85542436	     11.40146551	     90.00000001	      0.00000000	      0.00000000
      0.46000000	      6.67738997	      4.97871263	     -8.60755540	     -1.12925848	      0.99908041	      0.19997347	     -8.22536699	    -13.07587144	      2.40510885	     54.52033624	      6.97533182	      0.95155938	    -22.87742407	    -10.78099182	     -8.44664576	     13.02209873	     -0.19128599	    -10.69615028	     20.35378892	      9.87419481	      0.35524063	     -2.45584041	    -10.77402253	     -8.44664576	    -18.05290168	     -9.94450112	      7.22666667	      7.22651496	    -18.34992460	    -10.40880709	     42.16742655	     90.00000001	      0.00000000	      0.00000000	     -7.98359151	     -8.63532721	    -27.84774504	     12.00064032	     90.00000001	      0.00000000	      0.00000000
      0.47000000	      6.39079486	      4.54382875	     -8.12504548	     -1.11618617	      1.00127763	      0.19947242	     -5.86460707	    -12.37303200	      2.19115292	     57.55209615	      6.49283636	      1.00447357	    -24.00946473	    -12.37780191	     -8.41007790	     12.52700239	     -0.51536941	    -10.49489683	     20.56760938	      9.90690471	      0.35897250	     -1.58443301	    -10.12231067	     -8.41007790	    -18.05285104	     -9.36569960	      6.59733017	      7.44495742	    -17.66585265	    -10.40748642	     39.40047506	     90.00000001	      0.00000000	      0.00000000	     -6.85724918	     -8.85505470	    -27.96086947	     12.30498544	     90.00000001	      0.00000000	      0.00000000
      0.48000000	      6.03932398	      4.07073011	     -7.72058217	     -1.10338544	      1.00334319	      0.19918483	     -3.41739097	    -11.63713258	      2.17702962	     60.33503294	      6.22405914	      1.05304498	    -23.97662531	    -13.60395794	     -8.36390151	     12.01571721	     -0.94780490	    -10.31047733	     20.59185467	     10.01482219	      0.35939566	     -0.63740312	     -9.34241411	     -8.36390151	    -17.98398905	     -8.75873979	      6.15750188	      7.41527462	    -17.03676186	    -10.63289150	     36.95959861	     90.00000001	      0.00000000	      0.00000000	     -5.68868366	     -9.06069901	    -28.07381339	     12.84434581	     90.00000001	      0.00000000	      0.00000000
      0.49000000	      5.61721793	      3.57651510	     -7.29469164	     -1.09071298	      1.00521154	      0.19901916	     -0.89144942	    -10.87085684	      1.88071211	     62.86554278	      5.83669335	      1.09721071	    -23.14024055	    -14.42106787	     -8.33787712	     11.54238853	     -1.45343834	     -9.97262673	     20.51470275	     10.23162928	      0.35804911	      0.22959824	     -8.78136966	     -8.33787712	    -17.83075955	     -8.11762187	      5.70232208	      7.07491426	    -16.47941610	    -10.58474273	     35.29484910	     90.00000001	      0.00000000	      0.00000000	     -4.56010168	     -9.29712195	    -27.93517559	     13.46810507	     90.00000001	      0.00000000	      0.00000000
      0.50000000	      5.24617913	      3.05133387	     -6.91554799	     -1.07792952	      1.00717079	      0.19893726	      1.51901830	    -10.10693911	      1.51208930	     64.98801861	      5.51527290	      1.13425490	    -22.12899907	    -15.54436430	     -8.28890708	     10.94805960	     -2.01783987	     -9.83723057	     20.33058074	     10.42697331	      0.35483557	      1.01294078	     -7.98146834	     -8.28890708	    -17.69018146	     -7.46680146	      5.27509601	      7.25746270	    -15.74885889	    -11.02889200	     32.37310163	     90.00000001	      0.00000000	      0.00000000	     -3.43793034	     -9.58925947	    -27.66125020	     14.10469450	     90.00000001	      0.00000000	      0.00000000
      0.51000000	      4.88524642	      2.57115593	     -6.54503773	     -1.06495784	      1.00904969	      0.19868565	      3.87841326	     -9.44014709	      0.99094965	     66.76606807	      5.16782730	      1.16528772	    -20.75066506	    -16.26036294	     -8.25033471	     10.27762941	     -2.50576332	     -9.56721967	     20.00062590	     10.63723032	      0.34907677	      1.76837951	     -7.38373321	     -8.25033471	    -17.51601018	     -6.81074878	      4.87680240	      7.11663980	    -15.20754257	    -11.26764553	     30.12217925	     90.00000001	      0.00000000	      0.00000000	     -2.32237269	     -9.82419174	    -27.24798446	     14.79268078	     90.00000001	      0.00000000	      0.00000000
      0.52000000	      4.68954328	      2.22796064	     -6.28585156	     -1.05167749	      1.01099959	      0.19827372	      6.01439491	     -9.01810997	      0.59770869	     68.17234799	      4.98076919	      1.18983193	    -19.17938798	    -16.77518621	     -8.24048378	      9.33385936	     -2.81248131	     -9.45988440	     19.48333796	     10.82804856	      0.34004840	      2.24472919	     -6.92065476	     -8.24048378	    -17.46950241	     -6.31423513	      4.63622420	      6.30964493	    -14.83098924	    -11.19989711	     29.17808230	     90.00000001	      0.00000000	      0.00000000	     -1.12867719	    -10.03351804	    -27.05387525	     15.55017104	     90.00000001	      0.00000000	      0.00000000
      0.53000000	      4.44011486	      1.91938425	     -5.82283889	     -1.03811033	      1.01286698	      0.19754496	      8.05501664	     -8.70537850	     -0.14075686	     69.15271694	      4.79057931	      1.20694260	    -17.56676570	    -17.18930059	     -8.21894973	      8.40653925	     -2.99378768	     -8.85930042	     18.78621976	     11.00095903	      0.32788139	      3.09225918	     -6.29079244	     -8.21894973	    -17.30649929	     -5.77326531	      3.94149893	      6.36598753	    -14.26558120	    -11.24213568	     26.54170600	     90.00000001	      0.00000000	      0.00000000	     -0.14723219	    -10.33468598	    -26.53137470	     16.13716975	     90.00000001	      0.00000000	      0.00000000
      0.54000000	      4.39743202	      1.72190606	     -5.51196896	     -1.02424313	      1.01481084	      0.19667027	      9.82868936	     -8.57717268	     -0.71598576	     69.76451356	      4.68115586	      1.21762046	    -16.06828459	    -17.50676244	     -8.19725010	      7.16206210	     -3.03355786	     -8.60453109	     17.95407019	     11.11396683	      0.31335764	      3.57556680	     -5.76746008	     -8.19725010	    -17.30101761	     -5.36645227	      3.50953292	      6.16375232	    -13.79944861	    -11.58995258	     24.25276909	     90.00000001	      0.00000000	      0.00000000	      0.87471262	    -10.59052081	    -25.96747770	     16.94921823	     90.00000001	      0.00000000	      0.00000000
      0.55000000	      4.37015763	      1.56177143	     -5.18459486	     -1.01031332	      1.01660818	      0.19566787	     11.51021864	     -8.50468647	     -1.24671977	     70.03682696	      4.66067478	      1.22237323	    -14.74479594	    -17.67947264	     -8.12848858	      5.87481211	     -3.01805947	     -8.32388112	     17.05720590	     11.21053802	      0.29770440	      3.80886669	     -5.76046788	     -8.12848858	    -17.29445040	     -4.98417930	      3.10246999	      6.39231357	    -13.21292704	    -13.65840316	     21.11074907	     90.00000001	      0.00000000	      0.00000000	      1.55670290	    -10.88404915	    -24.24430695	     18.38941535	     90.00000001	      0.00000000	      0.00000000
      0.56000000	      4.36532668	      1.41304448	     -4.82504823	     -0.99642915	      1.01814679	      0.19456986	     13.08470808	     -8.45685407	     -1.72227233	     69.98920722	      4.76251833	      1.22154211	    -13.40721622	    -17.91573808	     -8.11881368	      4.61082298	     -2.99929475	     -8.20850397	     16.25515618	     11.23998772	      0.28370600	      4.24102914	     -5.19750059	     -8.11881368	    -17.31909402	     -4.58930350	      2.72513200	      5.48919185	    -12.94870079	    -13.57245408	     20.26786095	     90.00000001	      0.00000000	      0.00000000	      2.73308395	    -11.07972468	    -23.98448750	     19.17069337	     90.00000001	      0.00000000	      0.00000000
      0.57000000	      4.46909120	      1.29799356	     -4.32714471	     -0.98252587	      1.01966667	      0.19346185	     14.37801191	     -8.47850577	     -2.30068261	     69.53577718	      4.93111099	      1.21362826	    -12.07742593	    -17.91611391	     -8.04355385	      3.11027634	     -2.91395818	     -7.41158053	     15.08924000	     11.38391366	      0.26335692	      4.56335416	     -5.20389295	     -8.04355385	    -17.45554857	     -4.22439330	      2.07841346	      5.54354401	    -12.46303140	    -14.76424269	     17.61481890	     90.00000001	      0.00000000	      0.00000000	      3.24836649	    -11.51783840	    -21.83492464	     20.90613866	     90.00000001	      0.00000000	      0.00000000
      0.58000000	      4.51903085	      1.11674686	     -3.81980654	     -0.96880553	      1.02079222	      0.19247073	     15.65991685	     -8.38229342	     -2.82535777	     68.80694328	      5.15439608	      1.20090771	    -10.77061993	    -18.00511817	     -8.02978053	      1.78608352	     -2.97696232	     -7.05364628	     14.21711978	     11.45100575	      0.24813555	      5.08733531	     -4.53317749	     -8.02978053	    -17.55389302	     -3.78935578	      1.53370222	      4.76429646	    -12.17752614	    -14.63653330	     16.63093829	     90.00000001	      0.00000000	      0.00000000	      4.35845115	    -11.85659414	    -21.50192517	     21.80023447	     90.00000001	      0.00000000	      0.00000000
      0.59000000	      4.57981945	      0.96750255	     -3.32544668	     -0.95517510	      1.02166022	      0.19166165	     16.85641000	     -8.27933660	     -3.40434301	     67.77207714	      5.30017641	      1.18284589	     -9.56155508	    -18.04028525	     -7.99880440	      0.43016533	     -3.06884967	     -6.59616091	     13.27857215	     11.62568312	      0.23175480	      5.46856006	     -4.22875954	     -7.99880440	    -17.66023890	     -3.42103001	      0.98579327	      4.34890614	    -11.82244275	    -14.75559629	     14.87364545	     90.00000001	      0.00000000	      0.00000000	      5.12254431	    -12.32149037	    -20.36623978	     23.39926179	     90.00000001	      0.00000000	      0.00000000
      0.60000000	      4.48597644	      0.84111724	     -2.77029519	     -0.94175579	      1.02206765	      0.19075699	     18.12822130	     -8.21363675	     -3.87648717	     66.43112484	      5.59301286	      1.15944185	     -8.56243181	    -18.05599856	     -7.99300640	     -0.49828851	     -3.12816427	     -6.53476865	     12.87396390	     11.54213575	      0.22469306	      5.76175087	     -3.83002109	     -7.99300640	    -17.61030269	     -3.03400175	      0.52387519	      3.24813340	    -11.48271310	    -14.78565340	     14.43870684	     90.00000001	      0.00000000	      0.00000000	      6.33826277	    -12.60277481	    -20.16519997	     24.27478127	     90.00000001	      0.00000000	      0.00000000
      0.61000000	      4.65123083	      0.57925988	     -2.24014475	     -0.92808806	      1.02249364	      0.19026478	     18.93639022	     -7.92560180	     -4.34651656	     64.70731305	      5.87964830	      1.12935566	     -7.13018470	    -18.05722019	     -7.93572728	     -2.08336391	     -3.43574485	     -5.46505949	     11.61150651	     11.90103953	      0.20265902	      6.23253114	     -3.87840187	     -7.93572728	    -17.82773337	     -2.56507955	      0.00025541	      2.88330930	    -11.12867560	    -15.94614514	     12.90571018	     90.00000001	      0.00000000	      0.00000000	      6.47825919	    -13.37600238	    -17.09388454	     27.05737022	     90.00000001	      0.00000000	      0.00000000
      0.62000000	      4.72903086	      0.40555862	     -1.75426504	     -0.91450189	      1.02251886	      0.18977193	     19.77529436	     -7.73639688	     -4.72661195	     62.72291251	      6.20345145	      1.09472134	     -6.04253133	    -18.04468178	     -7.92513356	     -3.30913632	     -3.66112672	     -5.09725087	     10.96265495	     12.04362780	      0.19133442	      6.78556979	     -3.27365827	     -7.92513356	    -17.94751960	     -2.17946970	     -0.46668165	      1.95258210	    -10.76279899	    -15.98303302	     12.43040274	     90.00000001	      0.00000000	      0.00000000	      7.57036053	    -13.77284358	    -16.85851544	     28.08856792	     90.00000001	      0.00000000	      0.00000000
      0.63000000	      4.74689943	      0.28052952	     -1.35482570	     -0.90091738	      1.02217511	      0.18940888	     20.61269172	     -7.54233121	     -5.04485761	     60.47491030	      6.46022250	      1.05548630	     -4.98662528	    -18.00784645	     -7.91754725	     -4.42667046	     -3.85033969	     -4.84299281	     10.42231295	     12.17939642	      0.18190368	      7.30386659	     -2.82058402	     -7.91754725	    -17.99110196	     -1.87000232	     -0.76857053	      0.93870264	    -10.45567599	    -16.02995397	     11.99690754	     90.00000001	      0.00000000	      0.00000000	      8.69019738	    -14.12997308	    -16.55440642	     29.24569153	     90.00000001	      0.00000000	      0.00000000
      0.64000000	      4.75224409	      0.22822539	     -1.01521103	     -0.88724080	      1.02154043	      0.18912804	     21.35536058	     -7.39905994	     -5.30207743	     57.92550221	      6.69468225	      1.01099073	     -4.16885507	    -17.87693187	     -7.91105745	     -5.47412189	     -3.91515138	     -4.62523925	     10.00382663	     12.18540799	      0.17459971	      7.81408932	     -2.46416625	     -7.91105745	    -18.00080131	     -1.65184109	     -1.05325296	     -0.10192325	    -10.09776529	    -16.09722941	     11.64185187	     90.00000001	      0.00000000	      0.00000000	      9.71218721	    -14.51838445	    -16.20501465	     30.41443225	     90.00000001	      0.00000000	      0.00000000
      0.65000000	      4.88254302	      0.18623671	     -0.73144460	     -0.87344227	      1.02070848	      0.18908938	     21.82465837	     -7.22125435	     -5.27348427	     55.07436745	      7.09849057	      0.96122905	     -3.45756002	    -17.85577458	     -7.88015190	     -6.84350344	     -4.01488810	     -3.81884100	      9.13200030	     12.39090638	      0.15938347	      8.20264746	     -2.82582506	     -7.88015190	    -18.16126546	     -1.48338092	     -1.40534543	     -0.81105256	     -9.69523634	    -16.92441559	     10.94025729	     90.00000001	      0.00000000	      0.00000000	      9.52223775	    -15.57209585	    -13.28122672	     33.75050831	     90.00000001	      0.00000000	      0.00000000
      0.66000000	      4.88106443	      0.12530619	     -0.48052980	     -0.85971350	      1.01946628	      0.18910734	     22.35159271	     -6.99290812	     -5.47044648	     51.98456284	      7.25421703	      0.90730178	     -2.81677261	    -17.66762965	     -7.87156441	     -7.83057439	     -4.14743656	     -3.63164757	      8.84162196	     12.48277369	      0.15431541	      8.85565729	     -2.52410299	     -7.87156441	    -18.16051884	     -1.28966562	     -1.59744441	     -1.85482616	     -9.37307957	    -17.09700427	     10.76649919	     90.00000001	      0.00000000	      0.00000000	     10.58692214	    -16.00051762	    -12.96061374	     34.72188331	     90.00000001	      0.00000000	      0.00000000
      0.67000000	      4.86502159	      0.16167811	     -0.26373802	     -0.84602171	      1.01794212	      0.18920798	     22.79926065	     -6.85519602	     -5.57381282	     48.67009068	      7.41654395	      0.84945333	     -2.47126274	    -17.60768315	     -7.84149896	     -8.79923306	     -4.13939202	     -3.28403034	      8.51645369	     12.51523915	      0.14864016	      9.37574217	     -2.54228979	     -7.84149896	    -18.16369005	     -1.22025949	     -1.77508929	     -2.71384889	     -9.00309707	    -17.90784961	     10.40494567	     90.00000001	      0.00000000	      0.00000000	     11.08339774	    -16.79514255	    -11.24918338	     36.85773162	     90.00000001	      0.00000000	      0.00000000
      0.68000000	      4.81454055	      0.17109496	     -0.07009212	     -0.83226372	      1.01613970	      0.18938606	     23.16742539	     -6.66629439	     -5.84227070	     45.14342849	      7.40760006	      0.78790146	     -2.07125280	    -17.24582408	     -7.83435019	     -9.63956741	     -4.18241104	     -3.15340407	      8.43450465	     12.55502575	      0.14720988	     10.06570089	     -2.27063662	     -7.83435019	    -18.11757668	     -1.11596542	     -1.92495763	     -3.73491744	     -8.71011405	    -18.04242475	     10.27321593	     90.00000001	      0.00000000	      0.00000000	     12.06528726	    -17.21380523	    -11.03690723	     37.84922134	     90.00000001	      0.00000000	      0.00000000
      0.69000000	      4.77641994	      0.23396431	      0.07894142	     -0.81849683	      1.01413382	      0.18967208	     23.43272099	     -6.50413210	     -6.06182215	     41.45584501	      7.35716995	      0.72354099	     -2.01086334	    -17.15641063	     -7.81066000	    -10.48702973	     -4.15658497	     -3.07626413	      8.38128368	     12.56028721	      0.14628100	     10.73186144	     -1.96139860	     -7.81066000	    -18.09917469	     -1.09385625	     -2.07076992	     -4.57662304	     -8.38420285	    -18.66140173	     10.00019620	     90.00000001	      0.00000000	      0.00000000	     12.50574749	    -18.01582637	     -9.63411687	     39.87134002	     90.00000001	      0.00000000	      0.00000000
      0.70000000	      4.73935389	      0.28933472	      0.23454776	     -0.80466307	      1.01197869	      0.18997041	     23.57599608	     -6.33834868	     -6.45655539	     37.60953295	      7.18998166	      0.65641018	     -1.89738925	    -16.74662101	     -7.79426369	    -11.29551593	     -4.14697739	     -3.05072502	      8.42604928	     12.56562538	      0.14706230	     11.42152567	     -1.60640036	     -7.79426369	    -18.07455533	     -1.05699980	     -2.20522327	     -5.43058721	     -8.12980280	    -19.03397131	      9.81746757	     90.00000001	      0.00000000	      0.00000000	     13.21306694	    -18.58998663	     -8.94900706	     41.27381958	     90.00000001	      0.00000000	      0.00000000
      0.71000000	      4.66554105	      0.37363915	      0.41527912	     -0.79079353	      1.00966724	      0.19027658	     23.66155051	     -6.25871212	     -6.94448046	     33.70276448	      7.06628407	      0.58822421	     -1.72049582	    -15.85165531	     -7.78871774	    -12.01022835	     -4.12896500	     -3.02928463	      8.59296775	     12.59207713	      0.14997558	     12.07540667	     -1.43651659	     -7.78871774	    -18.00599998	     -1.04280634	     -2.37305212	     -6.28412576	     -7.84202365	    -19.13475341	      9.74640699	     90.00000001	      0.00000000	      0.00000000	     14.09266580	    -19.00106823	     -8.73002954	     42.22615845	     90.00000001	      0.00000000	      0.00000000
      0.72000000	      4.67221347	      0.42988186	      0.53290105	     -0.77677318	      1.00735103	      0.19067093	     23.57686796	     -6.10977523	     -7.46896201	     29.76927009	      6.88771474	      0.51957178	     -1.54618737	    -14.92399131	     -7.78263115	    -12.84861634	     -4.13300543	     -3.05692619	      8.72877938	     12.61348952	      0.15234594	     12.70561596	     -1.15541793	     -7.78263115	    -18.02088628	     -1.00952593	     -2.49821056	     -7.05747000	     -7.61409186	    -19.26783685	      9.67305657	     90.00000001	      0.00000000	      0.00000000	     14.75830924	    -19.49857278	     -8.30372408	     43.41007893	     90.00000001	      0.00000000	      0.00000000
      0.73000000	      4.70553568	      0.51360736	      0.69431096	     -0.76260288	      1.00501102	      0.19101440	     23.39231533	     -6.03808771	     -8.01029380	     25.91202161	      6.79650351	      0.45225009	     -1.36315170	    -13.79383379	     -7.77636867	    -13.69881174	     -4.13051330	     -3.11575053	      8.91751689	     12.64129346	      0.15564003	     13.30211457	     -0.84279763	     -7.77636867	    -18.06089221	     -0.98143330	     -2.66947545	     -7.77181940	     -7.41690261	    -19.42398243	      9.57071563	     90.00000001	      0.00000000	      0.00000000	     15.29992361	    -20.03015848	     -7.75139343	     44.71740547	     90.00000001	      0.00000000	      0.00000000
      0.74000000	      4.78707623	      0.57941113	      0.83074411	     -0.74831825	      1.00264699	      0.19135805	     23.14441177	     -5.98583630	     -8.61913708	     22.29923978	      6.79167838	      0.38919515	     -1.04174466	    -12.42713686	     -7.76853093	    -14.58348942	     -4.14271620	     -3.21452602	      9.17644337	     12.63966623	      0.16015915	     13.84578895	     -0.41759882	     -7.76853093	    -18.15804540	     -0.93853514	     -2.82717736	     -8.38851403	     -7.27009215	    -19.65865950	      9.42933529	     90.00000001	      0.00000000	      0.00000000	     15.65533683	    -20.61835518	     -6.98877971	     46.26949828	     90.00000001	      0.00000000	      0.00000000
      0.75000000	      4.86827762	      0.70167577	      1.02476051	     -0.73389040	      1.00029034	      0.19168826	     22.88968257	     -6.08267172	     -9.29741561	     19.00297518	      6.94991362	      0.33166448	     -0.63835510	    -10.69602808	     -7.75920386	    -15.40046932	     -4.14249674	     -3.29741290	      9.57032792	     12.66249337	      0.16703373	     14.34946832	      0.05907985	     -7.75920386	    -18.23925722	     -0.94162667	     -3.05869974	     -8.93169672	     -7.08452603	    -19.96036105	      9.26388696	     90.00000001	      0.00000000	      0.00000000	     15.92980929	    -21.21618815	     -6.25313027	     47.80112991	     90.00000001	      0.00000000	      0.00000000
      0.76000000	      4.80340832	      0.95382963	      1.28661749	     -0.71957303	      0.99786266	      0.19175067	     22.87923276	     -6.43065396	     -9.96539950	     16.24468363	      7.28353354	      0.28352322	     -0.50619385	     -9.42688543	     -7.75544336	    -15.92558009	     -3.93286695	     -3.05858550	     10.16445859	     12.51304777	      0.17740327	     14.66890596	      0.20839711	     -7.75544336	    -18.19059250	     -1.02676211	     -3.35783094	     -9.49055241	     -6.93204944	    -20.04363904	      9.28552310	     90.00000001	      0.00000000	      0.00000000	     16.45756767	    -21.50354006	     -6.11221963	     48.53628714	     90.00000001	      0.00000000	      0.00000000
      0.77000000	      4.99389498	      0.95409588	      1.45656210	     -0.70472947	      0.99563059	      0.19220119	     22.59028833	     -6.43429239	    -10.74470300	     13.92449481	      7.53002006	      0.24302828	      0.47149970	     -6.45785181	     -7.73824807	    -16.81785096	     -4.14493438	     -3.31978382	     10.72418977	     12.59009251	      0.18717242	     15.24828983	      1.02167356	     -7.73824807	    -18.35432439	     -0.89675738	     -3.64355131	     -9.72433978	     -6.83312983	    -20.65903551	      8.92631963	     90.00000001	      0.00000000	      0.00000000	     16.20205853	    -22.32569340	     -5.16995412	     50.58423399	     90.00000001	      0.00000000	      0.00000000
      0.78000000	      4.97726163	      1.08659864	      1.72282996	     -0.69011360	      0.99339533	      0.19238049	     22.57309292	     -6.66423429	    -11.07182571	     12.12083226	      7.97947351	      0.21154843	      0.70664476	     -5.49428024	     -7.73495866	    -17.33328640	     -4.12858287	     -2.93417830	     11.44207137	     12.48618608	      0.19970182	     15.41547597	      1.08358756	     -7.73495866	    -18.31814910	     -0.84888844	     -3.92408499	    -10.13645101	     -6.74294452	    -20.72772822	      8.94788560	     90.00000001	      0.00000000	      0.00000000	     16.63919218	    -22.46767352	     -5.17788888	     51.06061683	     90.00000001	      0.00000000	      0.00000000
      0.79000000	      5.05214261	      1.04929142	      1.93011534	     -0.67517018	      0.99129124	      0.19275983	     22.51178684	     -6.63158099	    -11.51168803	     10.89752781	      8.20642762	      0.19019774	      1.50481525	     -3.27234979	     -7.71883955	    -17.95029732	     -4.36564567	     -2.89297490	     12.22458279	     12.45171936	      0.21335922	     15.71879665	      1.59194295	     -7.71883955	    -18.36218560	     -0.62654829	     -4.21056842	    -10.27236563	     -6.70552908	    -21.19437424	      8.68776060	     90.00000001	      0.00000000	      0.00000000	     16.40629209	    -22.92612023	     -4.90446574	     52.51546525	     90.00000001	      0.00000000	      0.00000000
      0.80000000	      5.03771363	      1.02230807	      2.17319395	     -0.66024914	      0.98931040	      0.19310350	     22.54366279	     -6.59176365	    -11.36657053	     10.08758620	      8.44002432	      0.17606159	      1.79473165	     -2.54842550	     -7.71443274	    -18.37388683	     -4.57758281	     -2.42021980	     13.12399743	     12.39180453	      0.22905697	     15.76159670	      1.59498524	     -7.71443274	    -18.30446970	     -0.40306835	     -4.45853946	    -10.50809385	     -6.65365847	    -21.26502233	      8.72552823	     90.00000001	      0.00000000	      0.00000000	     16.55739640	    -23.07592435	     -4.93240497	     52.94331979	     90.00000001	      0.00000000	      0.00000000
      0.81000000	      5.00957590	      0.95331757	      2.43178105	     -0.64515469	      0.98747244	      0.19348757	     22.62338319	     -6.47754600	    -11.14115929	      9.81491463	      8.53907347	      0.17130258	      2.04126465	     -2.11555397	     -7.71116504	    -18.72703052	     -4.85068553	     -1.83165725	     14.10533364	     12.33559347	      0.24618451	     15.69363303	      1.59946640	     -7.71116504	    -18.21721380	     -0.13321513	     -4.69443452	    -10.68391693	     -6.61258191	    -21.30447127	      8.75910079	     90.00000001	      0.00000000	      0.00000000	     16.56074333	    -23.19462979	     -4.95731024	     53.44103539	     90.00000001	      0.00000000	      0.00000000
      0.82000000	      4.98036194	      0.77243499	      2.65419500	     -0.62991928	      0.98578693	      0.19399488	     22.74210566	     -6.17160192	    -10.74338783	     10.03208474	      8.46723996	      0.17509291	      2.20506552	     -1.83381461	     -7.70663565	    -18.99926636	     -5.26544074	     -1.31927376	     15.25388061	     12.30816954	      0.26623044	     15.51611395	      1.54810138	     -7.70663565	    -18.12187510	      0.25645712	     -4.92694669	    -10.70118721	     -6.64469745	    -21.35671759	      8.74406568	     90.00000001	      0.00000000	      0.00000000	     16.25681228	    -23.31190375	     -5.00018427	     54.16696677	     90.00000001	      0.00000000	      0.00000000
      0.83000000	      4.95991530	      0.58110592	      2.88669616	     -0.61446536	      0.98431560	      0.19452981	     22.86222398	     -5.85388892	    -10.31781162	     10.68731448	      8.34726499	      0.18652883	      2.18439615	     -1.89107555	     -7.70309658	    -19.22422626	     -5.69425941	     -0.68390628	     16.48880742	     12.29643345	      0.28778398	     15.16255977	      1.49146682	     -7.70309658	    -18.02143917	      0.66405548	     -5.12660222	    -10.70985077	     -6.66275186	    -21.39144216	      8.78448191	     90.00000001	      0.00000000	      0.00000000	     15.95897116	    -23.35512947	     -5.06778477	     54.65274530	     90.00000001	      0.00000000	      0.00000000
      0.84000000	      4.93518852	      0.32687570	      3.09013848	     -0.59879890	      0.98306271	      0.19510322	     22.99633203	     -5.44525465	     -9.83692719	     11.69098039	      8.16619681	      0.20404610	      1.85333760	     -2.22432379	     -7.69920246	    -19.35734461	     -6.19246782	     -0.15703710	     17.89231639	     12.29309828	      0.31227983	     14.60141781	      1.32438544	     -7.69920246	    -17.88553867	      1.14223367	     -5.30721171	    -10.63740310	     -6.72265680	    -21.41974825	      8.83878578	     90.00000001	      0.00000000	      0.00000000	     15.49152630	    -23.33986147	     -5.18202417	     55.10344736	     90.00000001	      0.00000000	      0.00000000
      0.85000000	      4.94313342	      0.02793767	      3.28578466	     -0.58291375	      0.98213001	      0.19573056	     23.05538222	     -4.99054353	     -9.31805370	     12.88072167	      7.99829969	      0.22481100	      1.18830762	     -2.84648212	     -7.69646515	    -19.44084236	     -6.74520215	      0.38084258	     19.42825952	     12.32676116	      0.33908710	     13.75571986	      1.01933138	     -7.69646515	    -17.77563764	      1.66649393	     -5.45858973	    -10.47022639	     -6.79742687	    -21.49334739	      8.81157126	     90.00000001	      0.00000000	      0.00000000	     14.95344279	    -23.25720775	     -5.33011175	     55.37931870	     90.00000001	      0.00000000	      0.00000000
      0.86000000	      4.97238636	     -0.31916409	      3.46451463	     -0.56690462	      0.98155132	      0.19638286	     23.06642888	     -4.50654376	     -8.85981172	     14.21586443	      7.84385274	      0.24811364	      0.19365056	     -3.63186850	     -7.69392189	    -19.41044049	     -7.35671511	      0.77143945	     21.20538069	     12.38251987	      0.37010371	     12.57886926	      0.58683138	     -7.69392189	    -17.67528876	      2.25737762	     -5.57256100	    -10.26253415	     -6.87940383	    -21.56409696	      8.84677694	     90.00000001	      0.00000000	      0.00000000	     14.35502315	    -23.10459945	     -5.50602041	     55.50331199	     90.00000001	      0.00000000	      0.00000000
      0.87000000	      4.95077721	     -0.75346959	      3.56621498	     -0.55088942	      0.98138563	      0.19712351	     22.92691204	     -3.88255972	     -7.38526600	     15.15619283	      7.95343209	      0.26452547	     -1.94488917	     -6.90299321	     -7.67850999	    -19.14788169	     -8.02875757	      0.92487646	     23.27345376	     12.41155737	      0.40619840	     11.15766357	      0.11562049	     -7.67850999	    -17.52841058	      2.92512017	     -5.64752709	     -9.83243668	     -7.03192236	    -21.82616767	      8.67135384	     90.00000001	      0.00000000	      0.00000000	     13.57084837	    -22.72594308	     -6.15720577	     55.64658588	     90.00000001	      0.00000000	      0.00000000
      0.88000000	      5.02780959	     -1.21306607	      3.69793992	     -0.53473738	      0.98162448	      0.19788414	     22.85935791	     -3.32483102	     -7.22079391	     16.67239848	      7.81514956	      0.29098825	     -3.15328299	     -7.40952813	     -7.67552648	    -18.80715559	     -8.77338650	      0.95032703	     25.62131497	     12.46403124	      0.44717630	      9.15286121	     -0.58644639	     -7.67552648	    -17.47086589	      3.62523502	     -5.62430531	     -9.55200944	     -7.15074683	    -21.89181267	      8.82817940	     90.00000001	      0.00000000	      0.00000000	     12.96466485	    -22.41938621	     -6.15340360	     55.28211341	     90.00000001	      0.00000000	      0.00000000
      0.89000000	      5.12606822	     -1.69724500	      3.80031798	     -0.51862137	      0.98226338	      0.19872290	     22.72881307	     -2.74333304	     -7.00468011	     18.15922850	      7.70266405	      0.31693833	     -4.29286362	     -8.09152888	     -7.67312245	    -18.26549399	     -9.55943358	      0.77882170	     28.29909434	     12.48674332	      0.49391237	      6.61667913	     -1.37017771	     -7.67312245	    -17.44952531	      4.34167767	     -5.57609585	     -9.16449250	     -7.28742938	    -21.91606013	      8.95323987	     90.00000001	      0.00000000	      0.00000000	     12.30059368	    -22.03661591	     -6.25483757	     54.81698730	     90.00000001	      0.00000000	      0.00000000
      0.90000000	      5.20449114	     -2.20248627	      3.83303244	     -0.50263075	      0.98321244	      0.19966428	     22.59030302	     -2.11935841	     -6.59061333	     19.60526024	      7.65061409	      0.34217634	     -5.38116938	     -9.05711317	     -7.67042570	    -17.45209523	    -10.38618383	      0.31088984	     31.34815826	     12.44001389	      0.54712858	      3.57959852	     -2.30827040	     -7.67042570	    -17.42396142	      5.04877323	     -5.43517039	     -8.69379573	     -7.43637292	    -21.92690662	      9.05262615	     90.00000001	      0.00000000	      0.00000000	     11.63560559	    -21.56881376	     -6.43586729	     54.17911028	     90.00000001	      0.00000000	      0.00000000
      0.91000000	      5.39810173	     -2.68806089	      3.86757803	     -0.48674906	      0.98450780	      0.20071087	     22.24490296	     -1.52021608	     -6.10166315	     20.93971838	      7.70630428	      0.36546703	     -5.99324885	     -9.91265602	     -7.66858329	    -16.56378064	    -11.26375701	     -0.09102495	     34.59322357	     12.47488090	      0.60376565	      0.18409851	     -3.07811666	     -7.66858329	    -17.54771976	      5.71766679	     -5.28165702	     -8.15920293	     -7.52321644	    -21.91535421	      9.18458870	     90.00000001	      0.00000000	      0.00000000	     11.01592529	    -21.17501069	     -6.55617682	     53.50648136	     90.00000001	      0.00000000	      0.00000000
      0.92000000	      5.48792338	     -3.19996930	      3.81359924	     -0.47106447	      0.98593475	      0.20189313	     21.95251471	     -0.78854866	     -5.53192770	     22.14410025	      7.66649153	      0.38648746	     -6.50985451	    -11.00904720	     -7.66648328	    -15.31109402	    -12.16279047	     -1.00078094	     38.17885778	     12.16337860	      0.66634677	     -3.84511740	     -4.13822935	     -7.66648328	    -17.56538212	      6.35817652	     -5.00245319	     -7.56617548	     -7.71055667	    -21.90160599	      9.30709223	     90.00000001	      0.00000000	      0.00000000	     10.31364287	    -20.58355938	     -6.66170398	     52.60518962	     90.00000001	      0.00000000	      0.00000000
      0.93000000	      5.60808317	     -3.67635172	      3.67681342	     -0.45562836	      0.98751561	      0.20322202	     21.53133655	     -0.06324049	     -4.83250676	     23.16932485	      7.75092443	      0.40438100	     -6.79268221	    -12.14899980	     -7.66414068	    -13.94254816	    -13.05188910	     -1.94886358	     41.84131031	     11.78037898	      0.73026863	     -7.99749819	     -5.21287480	     -7.66414068	    -17.66366976	      6.91372871	     -4.62298790	     -6.85995596	     -7.88929030	    -21.89024321	      9.46712534	     90.00000001	      0.00000000	      0.00000000	      9.70557995	    -20.02535817	     -6.78374051	     51.54418444	     90.00000001	      0.00000000	      0.00000000
      0.94000000	      5.76513677	     -4.06547160	      3.42443211	     -0.44043631	      0.98925060	      0.20464919	     20.96937704	      0.62443902	     -3.98589954	     24.00704843	      7.90116182	      0.41900204	     -7.06086971	    -13.40446405	     -7.66043553	    -12.53846428	    -13.82401408	     -2.98744819	     45.45339262	     11.23791224	      0.79331136	    -12.03445814	     -6.55238768	     -7.66043553	    -17.83463922	      7.32732862	     -4.12320606	     -6.13550356	     -8.04760581	    -21.92602129	      9.61963128	     90.00000001	      0.00000000	      0.00000000	      9.25488364	    -19.38591054	     -6.95851232	     50.17273937	     90.00000001	      0.00000000	      0.00000000
      0.95000000	      5.92089934	     -4.47568132	      3.29431073	     -0.42538381	      0.99105745	      0.20618669	     20.27728855	      1.36007197	     -3.54825220	     24.64542474	      7.89458387	      0.43014381	     -6.54174381	    -14.00829540	     -7.65813755	    -11.01576380	    -14.71775299	     -3.65317188	     48.96520429	     10.80769083	      0.85460403	    -15.57619069	     -7.37063956	     -7.65813755	    -17.99191640	      7.73640267	     -3.73968916	     -5.35300690	     -8.18213403	    -21.94301981	      9.89757493	     90.00000001	      0.00000000	      0.00000000	      8.60110704	    -18.88745313	     -6.94514112	     49.06485945	     90.00000001	      0.00000000	      0.00000000
      0.96000000	      6.05271298	     -4.80652122	      3.09267737	     -0.41056751	      0.99287110	      0.20776817	     19.54275085	      2.01986158	     -3.27214753	     25.17909124	      7.86352040	      0.43945804	     -5.88945207	    -14.30219912	     -7.65616803	     -9.41738568	    -15.47934855	     -4.44082047	     52.35402203	     10.14284367	      0.91375006	    -18.44245480	     -8.29090063	     -7.65616803	    -18.15299603	      8.01977837	     -3.28571910	     -4.54642495	     -8.29198286	    -21.95370382	     10.20323856	     90.00000001	      0.00000000	      0.00000000	      7.98604743	    -18.40929266	     -6.89352683	     47.88787635	     90.00000001	      0.00000000	      0.00000000
      0.97000000	      6.16155523	     -4.96126202	      2.72765827	     -0.39594386	      0.99473389	      0.20942129	     18.81172844	      2.53865782	     -3.08411104	     25.71336061	      7.71566448	      0.44878280	     -5.28999010	    -14.22184228	     -7.65287001	     -7.84239077	    -15.98945027	     -5.58205437	     55.46838465	      9.19392954	      0.96810594	    -20.70227227	     -9.58370682	     -7.65287001	    -18.30735781	      8.05202107	     -2.63493055	     -3.75374697	     -8.40310480	    -22.01501053	     10.50937863	     90.00000001	      0.00000000	      0.00000000	      7.58575578	    -17.83316183	     -6.89641127	     46.23632906	     90.00000001	      0.00000000	      0.00000000
      0.98000000	      6.21316856	     -5.09856260	      2.49664861	     -0.38158818	      0.99659234	      0.21096349	     18.04023243	      3.03000086	     -3.10078520	     26.06189756	      7.45215175	      0.45486592	     -4.17728690	    -13.87735713	     -7.64960411	     -6.12160539	    -16.45981382	     -6.25449051	     58.35349148	      8.37528661	      1.01846056	    -21.68606800	    -10.43965356	     -7.64960411	    -18.40913630	      8.08466655	     -2.22014246	     -2.87122735	     -8.52636113	    -21.97327813	     10.99877058	     90.00000001	      0.00000000	      0.00000000	      6.99753903	    -17.34611913	     -6.83294883	     44.87867868	     90.00000001	      0.00000000	      0.00000000
      0.99000000	      6.21214364	     -5.07862358	      2.19302626	     -0.36737716	      0.99847299	      0.21248193	     17.28690825	      3.30928553	     -3.17282068	     26.37905184	      7.21893583	      0.46040131	     -3.12268639	    -13.25628168	     -7.64594702	     -4.38009151	    -16.71476397	     -7.09537228	     60.91370401	      7.43756204	      1.06314469	    -21.90785759	    -11.41581803	     -7.64594702	    -18.46563867	      7.91245495	     -1.71613975	     -2.00789332	     -8.62059638	    -21.91650745	     11.42336157	     90.00000001	      0.00000000	      0.00000000	      6.50142013	    -16.85041721	     -6.79928060	     43.29878688	     90.00000001	      0.00000000	      0.00000000
      1.00000000	      6.24352699	     -4.87414510	      1.87876503	     -0.35320272	      1.00052484	      0.21374805	     16.46297000	      3.31041750	     -3.48389611	     26.68314463	      6.95327910	      0.46570873	     -1.81586726	    -11.91625944	     -7.63711100	     -2.72725762	    -16.67448628	     -7.86505473	     63.06710193	      6.52529194	      1.10072858	    -21.48540462	    -12.44147452	     -7.63711100	    -18.51775309	      7.55810483	     -1.25113407	     -1.08302175	     -8.73007088	    -22.02287565	     11.71094201	     90.00000001	      0.00000000	      0.00000000	      6.36994278	    -16.17385369	     -7.17668412	     40.77968214	     90.00000001	      0.00000000	      0.00000000
      1.01000000	      6.15774185	     -4.67273678	      1.54995931	     -0.33928588	      1.00253957	      0.21503614	     15.67753003	      3.33223380	     -3.55862464	     26.77528021	      6.72307564	      0.46731680	     -0.68430418	    -10.99969490	     -7.62948811	     -0.94052636	    -16.61248463	     -8.49201708	     64.90500729	      5.77102941	      1.13280608	    -20.27692561	    -13.22536538	     -7.62948811	    -18.47341870	      7.18025548	     -0.82303251	     -0.06975426	     -8.83146034	    -22.01648731	     12.08069836	     90.00000001	      0.00000000	      0.00000000	      5.81150120	    -15.68440540	     -7.31703806	     39.20820021	     90.00000001	      0.00000000	      0.00000000
      1.02000000	      6.14324710	     -4.44292778	      1.28290559	     -0.32546393	      1.00475439	      0.21616651	     14.70318444	      3.25738543	     -3.47341764	     26.63987329	      6.65482676	      0.46495350	      0.06878399	    -10.63294635	     -7.62777417	      0.74088709	    -16.47617913	     -8.78585594	     66.34790190	      5.31617814	      1.15798934	    -18.69379478	    -13.89856618	     -7.62777417	    -18.50747103	      6.78293497	     -0.54676086	      0.93798325	     -8.91483850	    -21.90839660	     12.67689508	     90.00000001	      0.00000000	      0.00000000	      4.85720331	    -15.38740179	     -7.22705932	     38.35362489	     90.00000001	      0.00000000	      0.00000000
      1.03000000	      6.02862191	     -4.06938391	      0.86537523	     -0.31169590	      1.00694413	      0.21712865	     13.85184020	      2.97790808	     -3.47816943	     26.54213298	      6.54447565	      0.46324761	      1.33648368	     -9.25258582	     -7.62100728	      2.45381777	    -16.13216749	     -9.48481658	     67.40214175	      4.70413274	      1.17638930	    -17.11613221	    -14.46731738	     -7.62100728	    -18.39280471	      6.22182188	     -0.00309603	      1.98070127	     -9.09518293	    -21.73059534	     12.68336282	     90.00000001	      0.00000000	      0.00000000	      4.82833620	    -14.72885130	     -7.53968283	     35.45082870	     90.00000001	      0.00000000	      0.00000000
      1.04000000	      5.98395271	     -3.80882331	      0.54061874	     -0.29798431	      1.00928670	      0.21800555	     12.79626725	      2.78836877	     -3.30108983	     26.15769680	      6.56633470	      0.45653793	      1.97412740	     -8.79530632	     -7.61924191	      4.05225012	    -15.89292779	     -9.69859102	     68.07703807	      4.52939180	      1.18816846	    -15.41644832	    -14.95439758	     -7.61924191	    -18.36926181	      5.79867265	      0.32038958	      3.00838460	     -9.25221007	    -21.62474610	     13.26763153	     90.00000001	      0.00000000	      0.00000000	      3.82845207	    -14.36525440	     -7.53019309	     34.59039663	     90.00000001	      0.00000000	      0.00000000
      1.05000000	      5.95840716	     -3.53277851	      0.20432659	     -0.28436561	      1.01165599	      0.21879541	     11.66176052	      2.54779944	     -3.01441892	     25.63291436	      6.66337916	      0.44737875	      2.65556664	     -8.23149085	     -7.61748455	      5.57925060	    -15.60169419	     -9.86170055	     68.38007744	      4.46312444	      1.19345749	    -13.75687117	    -15.26979952	     -7.61748455	    -18.35184482	      5.34734450	      0.66542406	      4.07254912	     -9.42569416	    -21.46044196	     13.72556809	     90.00000001	      0.00000000	      0.00000000	      2.96777520	    -14.00524674	     -7.49505704	     33.39119977	     90.00000001	      0.00000000	      0.00000000
      1.06000000	      6.04459183	     -3.23907026	     -0.18993845	     -0.27075058	      1.01414052	      0.21950878	     10.34327183	      2.25609515	     -2.56814864	     24.96515351	      6.82388466	      0.43572413	      3.60236640	     -7.28279731	     -7.61318105	      6.85496550	    -15.30130679	     -9.81743498	     68.27997227	      4.79500192	      1.19171033	    -12.16163252	    -15.24209392	     -7.61318105	    -18.43988951	      4.87355977	      1.19304833	      5.25717936	     -9.70678651	    -21.18817143	     13.68199878	     90.00000001	      0.00000000	      0.00000000	      2.92419086	    -13.41675740	     -7.83482068	     30.53135140	     90.00000001	      0.00000000	      0.00000000
      1.07000000	      6.02801501	     -3.04923119	     -0.47669565	     -0.25717705	      1.01640360	      0.22015697	      9.16515240	      2.07289478	     -2.53193275	     24.33376585	      6.82511050	      0.42470433	      3.90856567	     -6.85150691	     -7.61177369	      8.26619901	    -15.05522560	     -9.87083955	     67.88017736	      4.87046861	      1.18473259	    -10.96264464	    -15.28935045	     -7.61177369	    -18.40310579	      4.53521495	      1.47547151	      6.29019584	     -9.90538042	    -21.09609550	     14.31574668	     90.00000001	      0.00000000	      0.00000000	      1.85993837	    -13.07979209	     -7.87984133	     29.65623637	     90.00000001	      0.00000000	      0.00000000
      1.08000000	      6.20062296	     -2.89009751	     -0.77807457	     -0.24357458	      1.01879613	      0.22078196	      7.61463629	      1.87272854	     -1.95596863	     23.34875189	      7.11773247	      0.40751260	      4.56346367	     -6.24705034	     -7.60635049	      9.30475929	    -14.87715917	     -9.41039346	     67.11161087	      5.63920420	      1.17131858	     -9.43457718	    -15.19889214	     -7.60635049	    -18.56679372	      4.21782082	      1.96116982	      7.46540334	    -10.21125060	    -20.93213949	     14.43410939	     90.00000001	      0.00000000	      0.00000000	      1.93402034	    -12.48712725	     -8.73533555	     26.68197087	     90.00000001	      0.00000000	      0.00000000
      1.09000000	      6.24442754	     -2.72486350	     -1.08156387	     -0.23004700	      1.02080248	      0.22138492	      6.28323061	      1.69040913	     -1.67437169	     22.50007806	      7.20748041	      0.39270044	      4.90515486	     -5.77122974	     -7.60471882	     10.46677755	    -14.65177887	     -9.42672109	     66.08448025	      5.91880478	      1.15339176	     -8.24045092	    -15.20187784	     -7.60471882	    -18.59655998	      3.88489481	      2.28036063	      8.51437801	    -10.42939784	    -20.84137723	     15.08808569	     90.00000001	      0.00000000	      0.00000000	      0.93612109	    -12.21487600	     -8.87879491	     25.82993283	     90.00000001	      0.00000000	      0.00000000
      1.10000000	      6.38553027	     -2.66275360	     -1.37021568	     -0.21652953	      1.02277459	      0.22196956	      4.74819757	      1.58147014	     -1.14101785	     21.42727872	      7.45371094	      0.37397656	      5.25512503	     -5.63006827	     -7.59891428	     11.37451956	    -14.54786342	     -8.90304163	     64.68824261	      6.78277624	      1.12902282	     -7.14062951	    -15.12869848	     -7.59891428	    -18.73798941	      3.67788951	      2.77736510	      9.53273739	    -10.76980147	    -20.64934490	     15.55527443	     90.00000001	      0.00000000	      0.00000000	      0.79908254	    -11.70690631	     -9.92496678	     23.43065717	     90.00000001	      0.00000000	      0.00000000
      1.11000000	      6.48788732	     -2.58243433	     -1.68337123	     -0.20300589	      1.02442292	      0.22263718	      3.29110337	      1.51859212	     -0.62056865	     20.42024568	      7.51992811	      0.35640052	      5.55543049	     -5.49323729	     -7.59221062	     12.23343857	    -14.40623864	     -8.62631638	     63.01909182	      7.43012580	      1.09989064	     -6.22404466	    -15.18791794	     -7.59221062	    -18.82064986	      3.41498655	      3.21895292	     10.46449127	    -11.04261709	    -20.38697084	     16.27592776	     90.00000001	      0.00000000	      0.00000000	      0.28105749	    -11.26888116	    -11.13097895	     21.80210452	     90.00000001	      0.00000000	      0.00000000
      1.12000000	      6.51809866	     -2.48611556	     -1.93991444	     -0.18954925	      1.02565844	      0.22315089	      1.94444062	      1.36968969	     -0.34965973	     19.47389597	      7.62186444	      0.33988360	      5.93212010	     -4.96953641	     -7.59056658	     13.13786497	    -14.20646414	     -8.65070522	     61.14376496	      7.74672958	      1.06716002	     -5.18675957	    -15.18580503	     -7.59056658	    -18.83596853	      3.16344891	      3.53525072	     11.47418417	    -11.29760198	    -20.24699250	     17.02978841	     90.00000001	      0.00000000	      0.00000000	     -0.71414185	    -11.09220843	    -11.28143798	     21.12965771	     90.00000001	      0.00000000	      0.00000000
      1.13000000	      6.57180719	     -2.43743497	     -2.19859057	     -0.17613615	      1.02664329	      0.22370856	      0.56528996	      1.27574825	     -0.00184457	     18.50124630	      7.71494084	      0.32290766	      6.38360140	     -4.48803717	     -7.58872405	     13.88957018	    -14.06825798	     -8.47952569	     58.99338748	      8.26723131	      1.02962885	     -4.29571900	    -15.24124234	     -7.58872405	    -18.89083312	      2.95007897	      3.94164858	     12.37420141	    -11.60142341	    -20.03285876	     17.80808670	     90.00000001	      0.00000000	      0.00000000	     -1.52646807	    -10.88836166	    -11.51322899	     20.29913400	     90.00000001	      0.00000000	      0.00000000
      1.14000000	      6.49405487	     -2.45272085	     -2.41378950	     -0.16285590	      1.02722901	      0.22426109	     -0.67043078	      1.29479341	      0.49184529	     17.50541902	      7.76911124	      0.30552720	      6.57370249	     -4.69577661	     -7.57898361	     14.71330518	    -13.98657460	     -8.05938373	     56.60941614	      8.94217258	      0.98802070	     -3.82020465	    -15.94407099	     -7.57898361	    -18.82534784	      2.81315218	      4.32843922	     12.88427151	    -11.94956874	    -18.75472845	     19.25721505	     90.00000001	      0.00000000	      0.00000000	     -1.67276970	    -10.46301715	    -13.96625725	     18.31428895	     90.00000001	      0.00000000	      0.00000000
      1.15000000	      6.36847174	     -2.43231338	     -2.63725671	     -0.14962382	      1.02732723	      0.22467237	     -1.76670619	      1.20982234	      0.69261293	     16.69364648	      7.82460364	      0.29135910	      7.01065892	     -4.14532198	     -7.57750483	     15.55452352	    -13.84611668	     -8.22607527	     54.14674180	      9.07449308	      0.94503892	     -2.94196934	    -15.91449135	     -7.57750483	    -18.72291524	      2.64286199	      4.63906372	     13.82939164	    -12.24743021	    -18.61126045	     20.05801505	     90.00000001	      0.00000000	      0.00000000	     -2.65835146	    -10.35099351	    -14.15480945	     17.92255839	     90.00000001	      0.00000000	      0.00000000
      1.16000000	      6.26865058	     -2.42544666	     -2.83308292	     -0.13637644	      1.02718507	      0.22500180	     -2.90907015	      1.12927211	      0.96124908	     15.84650142	      7.89752455	      0.27657362	      7.54839657	     -3.63372445	     -7.57569760	     16.24782185	    -13.70796956	     -8.25371336	     51.42834713	      9.32030641	      0.89759399	     -2.33816311	    -16.16809785	     -7.57569760	    -18.65034752	      2.49189076	      4.98237978	     14.62393923	    -12.57764642	    -18.33000601	     20.99362944	     90.00000001	      0.00000000	      0.00000000	     -3.52442015	    -10.21990638	    -14.49543029	     17.43439371	     90.00000001	      0.00000000	      0.00000000
      1.17000000	      5.94074820	     -2.52782791	     -3.01969150	     -0.12325315	      1.02642493	      0.22535781	     -3.66137987	      1.23562944	      0.93771226	     15.30658694	      7.77426607	      0.26715034	      7.90609440	     -3.29722323	     -7.57466121	     17.20741451	    -13.70647726	     -8.64429295	     48.72867495	      9.19910781	      0.85047582	     -1.86316452	    -16.13770221	     -7.57466121	    -18.34862521	      2.46490243	      5.28437959	     15.48083846	    -12.85249962	    -18.13967386	     21.83785365	     90.00000001	      0.00000000	      0.00000000	     -4.52292391	    -10.11062188	    -14.68118601	     17.06755825	     90.00000001	      0.00000000	      0.00000000
      1.18000000	      5.85293117	     -2.41331936	     -3.19776892	     -0.11000278	      1.02571938	      0.22532215	     -4.82965059	      0.92143563	      1.41892553	     14.40192272	      8.05551005	      0.25136097	      8.57223266	     -2.72538670	     -7.57321002	     17.66600680	    -13.41202938	     -8.76473253	     45.60580525	      9.41426066	      0.79597146	     -1.33112374	    -16.55566457	     -7.57321002	    -18.31071966	      2.22559110	      5.55498382	     16.19720078	    -13.23485441	    -17.72841048	     22.93173799	     90.00000001	      0.00000000	      0.00000000	     -5.33878777	    -10.00528028	    -15.06671295	     16.56081580	     90.00000001	      0.00000000	      0.00000000
      1.19000000	      5.66913429	     -2.46770360	     -3.33941339	     -0.09680629	      1.02461973	      0.22523291	     -5.81856494	      0.85674675	      1.67055854	     13.68122535	      8.15800002	      0.23878243	      9.02819505	     -2.61822800	     -7.56305591	     18.21207800	    -13.31393620	     -8.92396285	     42.45351037	      9.52595311	      0.74095353	     -1.31203994	    -17.12357110	     -7.56305591	    -18.19676122	      2.18570885	      5.82554665	     16.06068225	    -13.95310706	    -14.98352194	     25.49496907	     90.00000001	      0.00000000	      0.00000000	     -5.50123349	     -9.60590190	    -18.33955566	     14.95421841	     90.00000001	      0.00000000	      0.00000000
      1.20000000	      5.46603506	     -2.45114120	     -3.50523485	     -0.08353643	      1.02322668	      0.22504864	     -6.73261265	      0.68832504	      1.81649460	     13.08106878	      8.26270819	      0.22830772	      9.63673307	     -2.16551510	     -7.56153007	     18.67470314	    -13.14212071	     -9.36935272	     39.17402257	      9.48487569	      0.68371568	     -0.91195254	    -16.98988593	     -7.56153007	    -18.04096116	      2.06532314	      6.09088388	     16.83871211	    -14.31667760	    -14.95297046	     26.37081313	     90.00000001	      0.00000000	      0.00000000	     -6.40286841	     -9.49136130	    -18.51203047	     14.57087501	     90.00000001	      0.00000000	      0.00000000
      1.21000000	      5.33082326	     -2.41932039	     -3.64546543	     -0.07019910	      1.02168538	      0.22468696	     -7.71579195	      0.46473354	      1.93919449	     12.49437590	      8.40512352	      0.21806800	     10.28089185	     -1.72510469	     -7.55994215	     18.94958058	    -12.93502049	     -9.75603976	     35.73502042	      9.52429834	      0.62369376	     -0.64467300	    -16.88375134	     -7.55994215	    -17.96069254	      1.93947364	      6.34499134	     17.47066477	    -14.73332499	    -14.70546110	     27.44763045	     90.00000001	      0.00000000	      0.00000000	     -7.23617228	     -9.36318365	    -18.73318926	     14.11082491	     90.00000001	      0.00000000	      0.00000000
      1.22000000	      5.19763073	     -2.40628284	     -3.78296173	     -0.05684109	      1.01994268	      0.22422472	     -8.64580443	      0.25772456	      1.97321111	     12.03566976	      8.52267049	      0.21006207	     10.92853190	     -1.23717726	     -7.55476116	     19.11369051	    -12.74688431	    -10.01070722	     32.15660355	      9.67245463	      0.56123861	     -0.60600702	    -16.92403913	     -7.55476116	    -17.90265525	      1.84263288	      6.60835379	     17.62201826	    -15.36145383	    -13.43863863	     29.40411282	     90.00000001	      0.00000000	      0.00000000	     -7.79121397	     -9.18958058	    -19.73575782	     13.29154245	     90.00000001	      0.00000000	      0.00000000
      1.23000000	      5.12823680	     -2.36510425	     -3.90799601	     -0.04336611	      1.01806032	      0.22366522	     -9.63426659	     -0.00043456	      2.01037995	     11.60904295	      8.66701180	      0.20261602	     11.60666373	     -0.77468074	     -7.54992031	     19.10693708	    -12.53665554	    -10.35292479	     28.50137349	      9.83250407	      0.49744281	     -0.39648790	    -16.47437707	     -7.54992031	    -17.89729255	      1.70431837	      6.82643455	     18.04121104	    -15.85967946	    -12.79903670	     30.76366398	     90.00000001	      0.00000000	      0.00000000	     -8.43778392	     -9.06568009	    -20.53230584	     12.73646481	     90.00000001	      0.00000000	      0.00000000
      1.24000000	      5.10580844	     -2.31862291	     -4.03521296	     -0.02975081	      1.01606485	      0.22305637	    -10.65295886	     -0.25498607	      2.05321635	     11.23575024	      8.77462667	      0.19610084	     12.25674792	     -0.40448750	     -7.54856315	     18.95960495	    -12.31800738	    -10.77091481	     24.82411361	      9.98887392	      0.43326252	     -0.05050466	    -15.46035069	     -7.54856315	    -17.93296557	      1.56172356	      7.01375570	     18.66648628	    -16.27975480	    -12.62997259	     31.68301446	     90.00000001	      0.00000000	      0.00000000	     -9.21574684	     -9.00262068	    -20.70170103	     12.51049332	     90.00000001	      0.00000000	      0.00000000
      1.25000000	      5.08577127	     -2.30348642	     -4.13585082	     -0.01610395	      1.01390868	      0.22241967	    -11.61801333	     -0.47312070	      2.08356186	     10.99168553	      8.88617130	      0.19184110	     12.86367163	     -0.07284340	     -7.54738942	     18.75614080	    -12.15402282	    -11.12433961	     21.19033444	     10.23830464	      0.36984111	      0.16787178	    -14.30640531	     -7.54738942	    -17.97993001	      1.44826308	      7.21901548	     19.14488736	    -16.72297828	    -12.35351418	     32.74713361	     90.00000001	      0.00000000	      0.00000000	     -9.91244225	     -8.94939067	    -20.89479129	     12.31117411	     90.00000001	      0.00000000	      0.00000000
      1.26000000	      5.11119906	     -2.29087487	     -4.21341635	     -0.00234970	      1.01165588	      0.22174451	    -12.61130900	     -0.68037673	      2.08110639	     10.81097260	      8.98214028	      0.18868707	     13.43447188	      0.26203008	     -7.54621547	     18.45537344	    -11.99294122	    -11.46078320	     17.67021038	     10.52509492	      0.30840335	      0.39235309	    -12.96786732	     -7.54621547	    -18.07494647	      1.33016678	      7.38042668	     19.50287750	    -17.17949369	    -11.97323813	     33.95785438	     90.00000001	      0.00000000	      0.00000000	    -10.55210912	     -8.91378574	    -21.13777635	     12.13581944	     90.00000001	      0.00000000	      0.00000000
      1.27000000	      5.11776154	     -2.34190845	     -4.29475094	      0.01140540	      1.00925132	      0.22108915	    -13.49793184	     -0.80378771	      2.06973055	     10.81895245	      9.04870381	      0.18882634	     13.97600471	      0.78861169	     -7.54305237	     18.20111709	    -11.94877074	    -11.89671649	     14.46688261	     10.86281236	      0.25249473	      0.51200785	    -11.58600941	     -7.54305237	    -18.18021566	      1.28357957	      7.55805340	     19.38816686	    -17.83819790	    -10.84024903	     36.08819802	     90.00000001	      0.00000000	      0.00000000	    -10.99998593	     -8.83563224	    -21.95682456	     11.80562481	     90.00000001	      0.00000000	      0.00000000
      1.28000000	      5.08671879	     -2.38652132	     -4.34542879	      0.02521032	      1.00672839	      0.22047358	    -14.31901978	     -0.89207625	      2.03796513	     10.89021748	      9.05116291	      0.19007015	     14.42237768	      0.98489901	     -7.54206169	     18.02443205	    -11.89004496	    -12.33740980	     11.61219197	     11.16709760	      0.20267098	      0.78627647	     -9.84631526	     -7.54206169	    -18.20842550	      1.21137397	      7.67299982	     19.83860134	    -18.16578770	    -10.75420076	     36.85756757	     90.00000001	      0.00000000	      0.00000000	    -11.57409343	     -8.84862597	    -22.16824135	     11.73672558	     90.00000001	      0.00000000	      0.00000000
      1.29000000	      4.93003049	     -2.55943263	     -4.43175716	      0.03885836	      1.00404173	      0.22000934	    -14.89149608	     -0.78744637	      2.20388749	     11.18371481	      8.96885476	      0.19519265	     14.70466154	      1.12410738	     -7.54153272	     18.13058370	    -12.08097955	    -13.02156561	      9.44650339	     11.56492293	      0.16487259	      0.87472988	     -8.53163841	     -7.54153272	    -18.14389859	      1.26763556	      7.78837431	     20.31701630	    -18.37822003	    -10.68985524	     37.59682163	     90.00000001	      0.00000000	      0.00000000	    -12.12552761	     -8.82041676	    -22.29375579	     11.66220353	     90.00000001	      0.00000000	      0.00000000
      1.30000000	      4.96389228	     -2.59850003	     -4.40871660	      0.05277396	      1.00147677	      0.21934864	    -15.72037321	     -0.88947752	      2.00731801	     11.40902298	      8.98591448	      0.19912502	     15.21093408	      1.77996791	     -7.53833143	     18.16096620	    -12.02938772	    -14.07956913	      7.92515030	     11.73409724	      0.13831997	      1.91798481	     -5.13688730	     -7.53833143	    -18.27505876	      1.18850154	      7.90163319	     19.91277734	    -19.01834035	     -9.91024589	     39.86714090	     90.00000001	      0.00000000	      0.00000000	    -12.35823137	     -8.85878200	    -23.22548767	     11.44780474	     90.00000001	      0.00000000	      0.00000000
      1.31000000	      4.84131741	     -2.68181142	     -4.41699098	      0.06657190	      0.99889148	      0.21882592	    -16.28711332	     -0.87466249	      2.09243952	     11.79207971	      8.91459659	      0.20581062	     15.43163984	      1.91274644	     -7.53724974	     18.35836357	    -12.04894123	    -14.53231934	      6.73340227	     12.00392885	      0.11752004	      2.24455295	     -3.81416422	     -7.53724974	    -18.24319494	      1.13531561	      7.93310742	     20.22646036	    -19.20484539	     -9.95323419	     40.53428877	     90.00000001	      0.00000000	      0.00000000	    -12.71782283	     -8.90193961	    -23.47146703	     11.37046226	     90.00000001	      0.00000000	      0.00000000
      1.32000000	      4.63463844	     -2.79063656	     -4.42368533	      0.08044366	      0.99630062	      0.21823574	    -16.74030554	     -0.82727290	      2.23262100	     12.21962659	      8.83309187	      0.21327272	     15.52451283	      1.94549221	     -7.53694935	     18.78372388	    -12.09562119	    -14.90455496	      6.24004135	     12.20578912	      0.10890927	      2.34319216	     -3.41917876	     -7.53694935	    -18.10109639	      1.12089931	      7.96303417	     20.54809854	    -19.38221477	     -9.99768043	     40.94286498	     90.00000001	      0.00000000	      0.00000000	    -13.07575834	     -8.92022782	    -23.52287443	     11.37684488	     90.00000001	      0.00000000	      0.00000000
      1.33000000	      4.58538906	     -2.71946962	     -4.47414997	      0.09465987	      0.99395680	      0.21741763	    -17.23850161	     -1.06942648	      2.19085163	     12.93241618	      8.80469720	      0.22571324	     15.94316803	      2.47455208	     -7.53405169	     19.05494530	    -11.92316622	    -15.76241436	      6.32900912	     12.24991342	      0.11046205	      3.14712911	     -1.15062998	     -7.53405169	    -18.12094779	      0.91619072	      8.10090715	     19.98671000	    -19.74734353	     -9.82577895	     42.83219357	     90.00000001	      0.00000000	      0.00000000	    -13.09333365	     -8.97468315	    -24.25480819	     11.15622318	     90.00000001	      0.00000000	      0.00000000
      1.34000000	      4.45321724	     -2.67291428	     -4.49344232	      0.10913073	      0.99176880	      0.21661938	    -17.76281357	     -1.18763453	      2.45586483	     13.38368833	      8.64872369	      0.23358943	     15.89280508	      2.52724599	     -7.53388309	     19.33784671	    -11.74714617	    -15.64418391	      6.53687446	     12.32845532	      0.11408998	      3.15337523	     -1.09138776	     -7.53388309	    -17.99329630	      0.72145950	      8.12063502	     20.09144399	    -19.89325151	     -9.87454097	     42.96486924	     90.00000001	      0.00000000	      0.00000000	    -13.34043245	     -9.01498665	    -24.27385747	     11.20551369	     90.00000001	      0.00000000	      0.00000000
      1.35000000	      4.47596730	     -2.21987247	     -4.67292035	      0.12394208	      0.98991567	      0.21544842	    -18.25423959	     -1.95626094	      2.58298852	     14.23003332	      8.73075249	      0.24836093	     16.00034082	      2.39454379	     -7.53325626	     19.38814275	    -11.08390545	    -15.93758683	      7.11067055	     12.18878956	      0.12410461	      3.09847620	     -1.37675187	     -7.53325626	    -17.98633021	      0.08741871	      8.15416941	     19.90489873	    -19.91345415	    -10.07057659	     43.66694305	     90.00000001	      0.00000000	      0.00000000	    -13.47418287	     -9.08447448	    -24.40419144	     11.20912197	     90.00000001	      0.00000000	      0.00000000
      1.36000000	      4.46856208	     -1.79727325	     -4.80672147	      0.13908526	      0.98826553	      0.21420970	    -18.71660144	     -2.63670816	      2.64659205	     15.08076271	      8.69072170	      0.26320896	     15.97992019	      2.67151116	     -7.53163688	     19.40768510	    -10.47282548	    -15.86274699	      7.84204870	     12.10835353	      0.13686957	      2.61661895	     -1.94287137	     -7.53163688	    -17.92033265	     -0.51095532	      8.25177106	     19.27023100	    -20.02933089	    -10.36542696	     44.81083603	     90.00000001	      0.00000000	      0.00000000	    -13.40270232	     -9.15472886	    -24.78308195	     11.01085259	     90.00000001	      0.00000000	      0.00000000
      1.37000000	      4.44089656	     -1.54923606	     -4.92661002	      0.15460011	      0.98691751	      0.21310209	    -19.24999790	     -2.99506519	      3.11857620	     15.72647056	      8.45183281	      0.27447869	     15.78116641	      2.75437284	     -7.53147187	     19.31604814	    -10.11871810	    -15.32957805	      8.56785347	     12.19321250	      0.14953725	      2.37380414	     -1.91172093	     -7.53147187	    -17.77773112	     -0.93577587	      8.26272238	     19.00267289	    -20.03160285	    -10.38752153	     44.78212172	     90.00000001	      0.00000000	      0.00000000	    -13.59316293	     -9.14730822	    -24.80044367	     11.08240301	     90.00000001	      0.00000000	      0.00000000
      1.38000000	      4.63301770	     -0.60816102	     -5.12058672	      0.17033380	      0.98606850	      0.21134645	    -19.73950494	     -4.42240625	      2.90221894	     16.89942144	      8.67255275	      0.29495055	     15.09532298	      2.46713932	     -7.53099919	     19.14519204	     -8.95375010	    -16.03684736	      9.92044458	     11.85738015	      0.17314442	      0.98814048	     -2.83367104	     -7.53099919	    -17.82688599	     -2.09838498	      8.21070596	     18.48807730	    -20.00382482	    -10.61157708	     45.06766365	     90.00000001	      0.00000000	      0.00000000	    -13.49674668	     -9.30261099	    -24.87797236	     11.15135815	     90.00000001	      0.00000000	      0.00000000
      1.39000000	      4.68754353	     -0.16917958	     -5.20955465	      0.18622376	      0.98553033	      0.21006890	    -20.18726945	     -4.98220598	      3.37395342	     17.83348846	      8.51067316	      0.31125309	     14.62570378	      2.50882096	     -7.53077933	     18.89657779	     -8.43786457	    -15.52587000	     10.84859184	     11.91326890	      0.18934365	      0.30383178	     -2.91293330	     -7.53077933	    -17.73393085	     -2.75609858	      8.17001710	     17.92360183	    -19.87625979	    -10.68193027	     45.01780219	     90.00000001	      0.00000000	      0.00000000	    -13.49465760	     -9.40869705	    -24.90297809	     11.25773618	     90.00000001	      0.00000000	      0.00000000
      1.40000000	      4.81547860	      0.87495225	     -5.40684352	      0.20224187	      0.98550649	      0.20819385	    -20.34557293	     -6.44399825	      2.85254343	     19.43957600	      8.54742437	      0.33928461	     13.18079634	      2.05695830	     -7.53027770	     18.67357858	     -7.22676665	    -16.13769655	     12.13394948	     11.57457370	      0.21177737	     -1.72426198	     -3.95524101	     -7.53027770	    -17.66675658	     -4.03094932	      8.14166351	     17.12698957	    -19.74982647	    -11.06929363	     45.21431931	     90.00000001	      0.00000000	      0.00000000	    -13.26392860	     -9.51994235	    -24.98359964	     11.22937929	     90.00000001	      0.00000000	      0.00000000
      1.41000000	      4.78228347	      1.64572049	     -5.47327550	      0.21805583	      0.98590477	      0.20655752	    -20.24482012	     -7.39690148	      2.73005793	     21.12824481	      8.43362735	      0.36875744	     11.87275635	      1.65599905	     -7.52811524	     18.32251360	     -6.26630058	    -14.67630703	     12.58419771	     11.67254650	      0.21963568	     -4.02798458	     -7.28700928	     -7.52811524	    -17.48231816	     -5.00652783	      8.12572412	     16.13813653	    -19.37660740	    -12.08335576	     45.48666104	     90.00000001	      0.00000000	      0.00000000	    -12.56532736	     -9.70450914	    -25.80803591	     10.51651715	     90.00000001	      0.00000000	      0.00000000
      1.42000000	      4.92509219	      2.33764959	     -5.49878035	      0.23399381	      0.98684778	      0.20489538	    -20.20726664	     -8.25596175	      2.46134418	     22.99348522	      8.28250274	      0.40131202	      9.93447187	      1.22323150	     -7.52763263	     18.02763495	     -5.49241258	    -14.56736962	     13.86026248	     11.57853342	      0.24190722	     -4.85478122	     -7.74245697	     -7.52763263	    -17.48021299	     -5.90078873	      7.93750954	     15.40610343	    -19.15737372	    -12.06161346	     45.06550095	     90.00000001	      0.00000000	      0.00000000	    -12.32622582	     -9.80050841	    -25.92451512	     10.74527869	     90.00000001	      0.00000000	      0.00000000
      1.43000000	      4.92710912	      2.93654199	     -5.44017400	      0.24964083	      0.98823716	      0.20325957	    -19.82929108	     -8.93605526	      2.54504202	     25.06799454	      8.25948059	      0.43751904	      7.39689890	     -0.44333677	     -7.52538265	     17.73388520	     -4.75224979	    -13.39420287	     14.70153317	     11.69156178	      0.25659016	     -6.20078931	    -10.03492009	     -7.52538265	    -17.37041249	     -6.66843845	      7.71984363	     14.77731886	    -18.70563808	    -12.61273188	     44.22544862	     90.00000001	      0.00000000	      0.00000000	    -11.62872914	     -9.93470603	    -26.85722505	     10.30755129	     90.00000001	      0.00000000	      0.00000000
      1.44000000	      5.01276830	      3.47976442	     -5.36848893	      0.26519640	      0.98998744	      0.20161531	    -19.24540559	     -9.56093003	      2.08359049	     27.59925154	      8.00907999	      0.48169781	      4.64810995	     -1.10114032	     -7.52483164	     17.43293849	     -4.08050224	    -12.96072518	     15.88804896	     11.65749625	      0.27729877	     -6.34237313	    -10.42121823	     -7.52483164	    -17.37163997	     -7.36505965	      7.48468718	     13.91811038	    -18.38897569	    -12.61800887	     43.75334708	     90.00000001	      0.00000000	      0.00000000	    -11.19054882	    -10.04002658	    -26.95068002	     10.54077683	     90.00000001	      0.00000000	      0.00000000
      1.45000000	      5.04736130	      3.85277993	     -5.22140900	      0.28042743	      0.99214406	      0.19998432	    -18.43889518	     -9.94979941	      2.24387442	     30.23247363	      8.01819365	      0.52765621	      1.07156397	     -3.38057749	     -7.52330761	     17.01529704	     -3.52551914	    -11.85129004	     16.66489994	     11.81982929	      0.29085737	     -6.70720499	    -11.86547125	     -7.52330761	    -17.37558942	     -7.84529695	      7.21759690	     13.29497701	    -17.94547361	    -13.01131874	     42.67169991	     90.00000001	      0.00000000	      0.00000000	    -10.37386553	    -10.14451213	    -27.60880865	     10.27651320	     90.00000001	      0.00000000	      0.00000000
      1.46000000	      5.22647418	      4.24799339	     -5.18607400	      0.29553187	      0.99458341	      0.19823755	    -17.46966916	    -10.47591696	      1.99525760	     33.26504871	      7.83572906	      0.58058463	     -2.24949252	     -3.85345378	     -7.52308014	     16.33322013	     -2.89680636	    -11.25628978	     17.33442426	     11.87528601	      0.30254278	     -6.19084593	    -12.13557689	     -7.52308014	    -17.53858872	     -8.32576274	      7.03511394	     12.43757521	    -17.65782036	    -12.96637810	     42.08241043	     90.00000001	      0.00000000	      0.00000000	     -9.74972547	    -10.12701895	    -27.67122115	     10.48152788	     90.00000001	      0.00000000	      0.00000000
      1.47000000	      5.20486427	      4.48037124	     -4.92788542	      0.31032839	      0.99715494	      0.19658102	    -16.20376946	    -10.67661551	      2.05631167	     36.25858843	      7.80402712	      0.63283175	     -6.90551582	     -7.01928075	     -7.52131817	     15.81837647	     -2.35829671	    -10.38436434	     17.84273022	     11.87214051	      0.31141439	     -5.96751390	    -12.69743302	     -7.52131817	    -17.52999309	     -8.60695279	      6.59188270	     11.92892216	    -17.13432792	    -13.15740864	     40.67237350	     90.00000001	      0.00000000	      0.00000000	     -8.85525542	    -10.25224372	    -28.40990124	     10.41584696	     90.00000001	      0.00000000	      0.00000000
      1.48000000	      5.26372473	      4.74541143	     -4.82993369	      0.32496881	      0.99972950	      0.19477987	    -14.72299558	    -11.03926223	      1.70447923	     39.57474578	      7.43383850	      0.69070961	    -10.62548078	     -7.47602532	     -7.52099977	     15.06995840	     -1.74686264	     -9.95690670	     18.12843734	     11.76925552	      0.31640092	     -5.24093624	    -12.72792138	     -7.52099977	    -17.59473815	     -8.89187485	      6.33691942	     11.07692351	    -16.79543706	    -13.02869859	     39.89125778	     90.00000001	      0.00000000	      0.00000000	     -8.09268167	    -10.27930824	    -28.46818976	     10.66598660	     90.00000001	      0.00000000	      0.00000000
      1.49000000	      5.33029055	      4.83317404	     -4.64789410	      0.33935594	      1.00239294	      0.19300624	    -13.16448509	    -11.14837713	      1.49413734	     42.85360072	      7.05571981	      0.74793643	    -14.61079735	     -9.10066405	     -7.52031993	     14.26190491	     -1.31695048	     -9.69021088	     18.36349177	     11.64161242	      0.32050339	     -4.54103449	    -12.49243465	     -7.52031993	    -17.71849826	     -8.95724405	      5.92508056	     10.58536210	    -16.39548207	    -12.88552837	     38.57523616	     90.00000001	      0.00000000	      0.00000000	     -7.27789096	    -10.27787349	    -28.62968048	     10.88022452	     90.00000001	      0.00000000	      0.00000000
      1.50000000	      5.34054205	      4.95205167	     -4.62874739	      0.35357455	      1.00491369	      0.19116467	    -11.40750762	    -11.41818142	      1.54014259	     46.09314047	      6.80938794	      0.80447706	    -17.72774191	     -9.61273483	     -7.52002631	     13.35794099	     -0.79897273	     -9.52687077	     18.26218191	     11.40845072	      0.31873520	     -3.65987953	    -12.26945416	     -7.52002631	    -17.75178822	     -9.03973330	      5.71509574	      9.78088407	    -16.05959827	    -12.74536690	     37.59153126	     90.00000001	      0.00000000	      0.00000000	     -6.43094982	    -10.26240611	    -28.65616011	     11.24241823	     90.00000001	      0.00000000	      0.00000000
      1.51000000	      5.41691847	      4.81661425	     -4.46390984	      0.36768119	      1.00743061	      0.18946665	     -9.75414539	    -11.29470832	      1.77558351	     49.17711571	      6.67909651	      0.85830259	    -20.76487637	    -11.66026335	     -7.51887566	     12.41644412	     -0.64620257	     -9.73044045	     18.36483801	     11.23254496	      0.32052689	     -2.68106188	    -11.30646431	     -7.51887566	    -17.87345609	     -8.83578904	      5.33865852	      9.54366216	    -15.65792740	    -12.64989894	     35.78128947	     90.00000001	      0.00000000	      0.00000000	     -5.62629169	    -10.18696793	    -28.70364204	     11.61589555	     90.00000001	      0.00000000	      0.00000000
      1.52000000	      5.41259994	      4.70117897	     -4.39926397	      0.38153152	      1.00969734	      0.18783897	     -7.88277841	    -11.24508676	      1.77089119	     52.23885430	      6.34471101	      0.91174000	    -22.54633943	    -12.51803413	     -7.51780953	     11.46532432	     -0.47114899	     -9.93902777	     18.22852958	     11.03894655	      0.31814786	     -1.71175987	    -10.47517602	     -7.51780953	    -17.91699069	     -8.64028350	      5.05072239	      9.03412949	    -15.27597448	    -12.57100918	     34.52497148	     90.00000001	      0.00000000	      0.00000000	     -4.79807801	    -10.14507404	    -28.61090346	     12.12692835	     90.00000001	      0.00000000	      0.00000000
      1.53000000	      5.39125541	      4.52797056	     -4.37939193	      0.39525011	      1.01181332	      0.18633256	     -5.96345085	    -11.12955945	      1.75222174	     55.13830499	      5.98010168	      0.96234497	    -23.01694584	    -12.75485485	     -7.51748768	     10.43129995	     -0.39304169	    -10.04880629	     17.88069986	     10.94807875	      0.31207709	     -0.88698197	     -9.97743133	     -7.51748768	    -17.94290778	     -8.38998161	      4.88262238	      8.24278326	    -14.95412692	    -12.42084207	     33.72888721	     90.00000001	      0.00000000	      0.00000000	     -3.95458167	    -10.10473811	    -28.46333650	     12.76614841	     90.00000001	      0.00000000	      0.00000000
      1.54000000	      5.32592328	      4.21554827	     -4.25755435	      0.40874372	      1.01379814	      0.18495287	     -4.00840413	    -10.81824831	      1.55883628	     57.81291768	      5.60767016	      1.00902576	    -23.55940407	    -14.17556138	     -7.51663092	      9.51942364	     -0.54375835	    -10.25964536	     17.74299129	     10.89349144	      0.30967362	      0.03919098	     -8.95799142	     -7.51663092	    -17.93949276	     -7.96971653	      4.50243664	      8.10732862	    -14.53713762	    -12.33646719	     31.78298060	     90.00000001	      0.00000000	      0.00000000	     -3.13980008	    -10.11745160	    -28.07608812	     13.35318082	     90.00000001	      0.00000000	      0.00000000
      1.55000000	      5.28263459	      3.90433944	     -4.21882750	      0.42217410	      1.01568756	      0.18370460	     -2.07169319	    -10.53291905	      1.41193853	     60.24811644	      5.29478152	      1.05152800	    -22.66740239	    -14.69022902	     -7.51638011	      8.45097116	     -0.73393705	    -10.34617669	     17.31677914	     10.98128708	      0.30223481	      0.71387212	     -8.45879790	     -7.51638011	    -17.96928467	     -7.56133810	      4.31755215	      7.34234890	    -14.20945000	    -12.26494338	     31.08331098	     90.00000001	      0.00000000	      0.00000000	     -2.23449863	    -10.11370385	    -27.89028553	     14.05591853	     90.00000001	      0.00000000	      0.00000000
      1.56000000	      5.09133723	      3.58738951	     -4.02783874	      0.43539353	      1.01733325	      0.18240390	      0.01113047	    -10.22675897	      0.94209264	     62.44297690	      4.92362834	      1.08983554	    -21.63123489	    -15.73169697	     -7.51602687	      7.58775996	     -0.91828464	    -10.16871253	     16.91917205	     11.03875921	      0.29529526	      1.54845622	     -7.75712090	     -7.51602687	    -17.85256809	     -7.10873578	      3.91393490	      6.89103136	    -13.80944294	    -12.16813300	     29.75905013	     90.00000001	      0.00000000	      0.00000000	     -1.35328713	    -10.19199251	    -27.53274067	     14.71580578	     90.00000001	      0.00000000	      0.00000000
      1.57000000	      4.99546767	      3.20537489	     -3.86891590	      0.44863860	      1.01902127	      0.18121882	      1.95677845	     -9.85814521	      0.39734727	     64.28802942	      4.54313826	      1.12203778	    -20.53815616	    -16.65037419	     -7.51528115	      6.58126607	     -1.25393641	    -10.25408706	     16.50727269	     11.18430791	      0.28810626	      2.35269302	     -6.81605324	     -7.51528115	    -17.82494350	     -6.59811703	      3.51581345	      6.90586409	    -13.35633561	    -12.42578557	     27.45091585	     90.00000001	      0.00000000	      0.00000000	     -0.62036064	    -10.28597003	    -26.64703959	     15.60018555	     90.00000001	      0.00000000	      0.00000000
      1.58000000	      4.86244846	      2.89943830	     -3.65131783	      0.46183132	      1.02053678	      0.17988340	      3.90514574	     -9.62091039	     -0.20109533	     65.83280672	      4.27900408	      1.14899923	    -18.87210111	    -17.20354580	     -7.51487916	      5.57468974	     -1.47986933	    -10.05817529	     15.93353562	     11.35673686	      0.27809266	      2.96375943	     -6.21276545	     -7.51487916	    -17.77146964	     -6.13024421	      3.09945695	      6.34161754	    -12.96819870	    -12.55674296	     26.37499043	     90.00000001	      0.00000000	      0.00000000	      0.23625849	    -10.40698448	    -26.09485801	     16.40469287	     90.00000001	      0.00000000	      0.00000000
      1.59000000	      4.78669931	      2.59113763	     -3.41074969	      0.47503440	      1.02204166	      0.17854988	      5.74415982	     -9.37864359	     -0.98934059	     67.01592432	      3.90004646	      1.16964853	    -17.31702974	    -17.53638991	     -7.51418728	      4.42998499	     -1.69041289	     -9.80609208	     15.19217609	     11.51474214	      0.26515349	      3.52980888	     -5.68398671	     -7.51418728	    -17.77510836	     -5.66641901	      2.65853297	      6.19207532	    -12.55208043	    -12.88152377	     24.33695975	     90.00000001	      0.00000000	      0.00000000	      0.95249354	    -10.59129786	    -24.89906465	     17.47098262	     90.00000001	      0.00000000	      0.00000000
      1.60000000	      4.65631845	      2.30911327	     -3.16757286	      0.48813041	      1.02329523	      0.17715258	      7.61024791	     -9.19484813	     -1.50029531	     67.90014743	      3.86545292	      1.18508114	    -15.81850150	    -17.97082798	     -7.51401283	      3.40610793	     -1.92429999	     -9.81141523	     14.59976671	     11.69150164	      0.25481400	      3.83692206	     -5.24220441	     -7.51401283	    -17.72466559	     -5.20523250	      2.32486933	      5.36377678	    -12.25689760	    -12.88311904	     23.69838325	     90.00000001	      0.00000000	      0.00000000	      1.96444614	    -10.71367377	    -24.60706166	     18.23460008	     90.00000001	      0.00000000	      0.00000000
      1.61000000	      4.52967525	      2.05292897	     -2.71044160	      0.50129084	      1.02447205	      0.17564314	      9.32981643	     -9.04874848	     -2.38882997	     68.37755967	      3.70725543	      1.19341355	    -14.20330357	    -18.03583686	     -7.51277067	      2.24793336	     -2.05580765	     -9.05211651	     13.58641402	     11.87718896	      0.23712766	      4.18820950	     -5.13943786	     -7.51277067	    -17.66331584	     -4.73784806	      1.59196920	      5.63348387	    -11.72066519	    -13.96422899	     20.84833388	     90.00000001	      0.00000000	      0.00000000	      2.10835295	    -11.12713216	    -21.77548557	     20.16931659	     90.00000001	      0.00000000	      0.00000000
      1.62000000	      4.40325728	      1.78343094	     -2.35497751	      0.51429082	      1.02539642	      0.17420830	     11.02896549	     -8.86700647	     -2.86887266	     68.56381951	      3.86170215	      1.19666440	    -12.84401452	    -18.29023999	     -7.51260798	      1.20165502	     -2.27365918	     -8.99327998	     12.90562778	     12.00578684	      0.22524570	      4.56040813	     -4.61111936	     -7.51260798	    -17.61893466	     -4.26823626	      1.18154971	      4.75268619	    -11.42850529	    -13.93209539	     20.29723940	     90.00000001	      0.00000000	      0.00000000	      3.17728626	    -11.30789736	    -21.50287616	     20.93043662	     90.00000001	      0.00000000	      0.00000000
      1.63000000	      4.36641919	      1.48527206	     -1.83176137	      0.52732484	      1.02623580	      0.17277251	     12.47320116	     -8.67031074	     -3.50263959	     68.35563930	      4.07387114	      1.19303097	    -11.34854650	    -18.25304389	     -7.51108031	     -0.06601624	     -2.50287791	     -8.27212464	     11.84703558	     12.19468576	      0.20676978	      4.99685561	     -4.28575049	     -7.51108031	    -17.67056171	     -3.75061565	      0.46833378	      4.72744821	    -10.96100752	    -14.89282239	     18.15530945	     90.00000001	      0.00000000	      0.00000000	      3.23855297	    -11.89811837	    -18.28802695	     23.20788961	     90.00000001	      0.00000000	      0.00000000
      1.64000000	      4.21551898	      1.22339550	     -1.40612912	      0.54023991	      1.02671277	      0.17146710	     14.02208722	     -8.45966158	     -3.96260658	     67.85733059	      4.32820744	      1.18433384	    -10.17778524	    -18.41561156	     -7.51094500	     -1.03296148	     -2.77375077	     -8.28512306	     11.26648176	     12.32891567	      0.19663720	      5.29226957	     -3.76193297	     -7.51094500	    -17.59096566	     -3.30327552	      0.01254701	      3.81995966	    -10.65512593	    -14.80532640	     17.58345787	     90.00000001	      0.00000000	      0.00000000	      4.35603227	    -12.15651041	    -18.12343124	     23.97084794	     90.00000001	      0.00000000	      0.00000000
      1.65000000	      4.12890207	      0.84525612	     -0.89922195	      0.55306212	      1.02702872	      0.17018744	     15.37164410	     -8.11535815	     -4.46848554	     67.00909723	      4.66963072	      1.16952938	     -8.73982408	    -18.44780543	     -7.51077652	     -2.13609381	     -3.19160575	     -7.91056418	     10.45247267	     12.55062497	      0.18243006	      5.81854994	     -2.98900297	     -7.51077652	    -17.61302584	     -2.69476121	     -0.53293302	      3.17618150	    -10.37834601	    -14.64619930	     16.72164235	     90.00000001	      0.00000000	      0.00000000	      5.35535848	    -12.43860336	    -17.77577413	     24.88872207	     90.00000001	      0.00000000	      0.00000000
      1.66000000	      4.17249801	      0.55491305	     -0.42496372	      0.56608986	      1.02725582	      0.16903053	     16.46900848	     -7.84090793	     -4.98856534	     65.80670140	      4.93930123	      1.14854361	     -7.57968495	    -18.27943338	     -7.51012889	     -3.37530101	     -3.52071945	     -7.58449498	      9.66041606	     12.72136646	      0.16860607	      6.33096604	     -2.35044033	     -7.51012889	    -17.72349243	     -2.22314882	     -1.23950519	      3.06705666	     -9.97626629	    -14.77450501	     14.68545945	     90.00000001	      0.00000000	      0.00000000	      5.49334770	    -13.11737389	    -15.71658338	     27.13331441	     90.00000001	      0.00000000	      0.00000000
      1.67000000	      4.17586672	      0.26608710	      0.07720382	      0.57900010	      1.02716330	      0.16787802	     17.51221403	     -7.57458531	     -5.42811585	     64.30050126	      5.33414950	      1.12225546	     -6.40335351	    -18.27463899	     -7.50939961	     -4.45972766	     -3.88450977	     -7.28097257	      9.07135129	     12.89579445	      0.15832495	      6.83084898	     -1.77799983	     -7.50939961	    -17.82762137	     -1.74487924	     -1.70801866	      2.41296825	     -9.63347938	    -15.42718592	     13.80998400	     90.00000001	      0.00000000	      0.00000000	      6.02051879	    -13.75318073	    -13.74432624	     29.07983431	     90.00000001	      0.00000000	      0.00000000
      1.68000000	      4.05531931	      0.01525077	      0.53077042	      0.59180834	      1.02670319	      0.16680342	     18.63602492	     -7.30571793	     -5.83778289	     62.53296284	      5.66842633	      1.09140609	     -5.27906197	    -18.27933041	     -7.50925209	     -5.26249088	     -4.20955318	     -7.11500528	      8.78278004	     13.00879879	      0.15328843	      7.25295342	     -1.34746667	     -7.50925209	    -17.78563494	     -1.31240031	     -2.09291458	      1.47930352	     -9.32396726	    -15.44760710	     13.41554489	     90.00000001	      0.00000000	      0.00000000	      7.14571778	    -14.07041410	    -13.50910401	     29.97924874	     90.00000001	      0.00000000	      0.00000000
      1.69000000	      4.10277487	     -0.23631929	      0.96099721	      0.60479682	      1.02617938	      0.16587041	     19.43624716	     -6.99503476	     -6.16847124	     60.41520460	      6.02889399	      1.05444424	     -4.29055978	    -18.18328019	     -7.50837180	     -6.31532106	     -4.55051243	     -6.77413117	      8.31956789	     13.16952658	      0.14520385	      7.86526439	     -0.93666638	     -7.50837180	    -17.92541547	     -0.90719729	     -2.54284626	      0.94853530	     -8.94149004	    -16.16776038	     12.37247024	     90.00000001	      0.00000000	      0.00000000	      7.38568051	    -14.92851409	    -11.19648804	     32.32867373	     90.00000001	      0.00000000	      0.00000000
      1.70000000	      4.01035861	     -0.34536482	      1.38041008	      0.61764433	      1.02525219	      0.16487473	     20.33715390	     -6.85397931	     -6.55754941	     58.09925427	      6.29394459	      1.01402328	     -3.42790302	    -18.09305163	     -7.50824406	     -7.02200454	     -4.68588092	     -6.54966487	      8.23672570	     13.15478892	      0.14375798	      8.33593559	     -0.60334001	     -7.50824406	    -17.91840533	     -0.64277590	     -2.89273305	     -0.02098679	     -8.61870334	    -16.19688313	     12.08146369	     90.00000001	      0.00000000	      0.00000000	      8.52287906	    -15.26355085	    -11.04367022	     33.18688683	     90.00000001	      0.00000000	      0.00000000
      1.71000000	      3.93540929	     -0.40991294	      1.76629307	      0.63055961	      1.02413051	      0.16394021	     21.10421441	     -6.71688110	     -6.91173176	     55.48985253	      6.49190355	      0.96848063	     -2.70999541	    -17.95494305	     -7.50812750	     -7.73074829	     -4.76398364	     -6.34287875	      8.18514267	     13.11022767	      0.14285769	      8.88794741	     -0.31923004	     -7.50812750	    -17.92241774	     -0.44446041	     -3.23753035	     -0.96609756	     -8.27225373	    -16.22678862	     11.79610575	     90.00000001	      0.00000000	      0.00000000	      9.56537706	    -15.64611334	    -10.79312351	     34.11652591	     90.00000001	      0.00000000	      0.00000000
      1.72000000	      4.03724597	     -0.59953210	      2.14493451	      0.64368826	      1.02292306	      0.16324903	     21.52177440	     -6.41623828	     -7.17962892	     52.58230925	      6.81234053	      0.91773442	     -2.08410092	    -17.99258692	     -7.50758047	     -8.74384852	     -5.07728243	     -5.91653566	      7.89605630	     13.29151219	      0.13781218	      9.69201328	     -0.03960450	     -7.50758047	    -18.11895170	     -0.11596071	     -3.58060902	     -1.58379062	     -7.92933063	    -16.78416515	     11.07056699	     90.00000001	      0.00000000	      0.00000000	      9.81400337	    -16.64756397	     -8.46313580	     36.53905591	     90.00000001	      0.00000000	      0.00000000
      1.73000000	      3.90401671	     -0.44861876	      2.45707711	      0.65667455	      1.02130378	      0.16231990	     22.19205559	     -6.47911855	     -7.65777867	     49.58929669	      6.76801148	      0.86549650	     -1.62301069	    -17.69100965	     -7.50747686	     -9.29061819	     -4.83664078	     -5.76878760	      8.08108393	     13.06502988	      0.14104152	     10.14440024	      0.11183801	     -7.50747686	    -18.07060885	     -0.14411255	     -3.83413344	     -2.55477432	     -7.58507007	    -16.84188516	     10.91770460	     90.00000001	      0.00000000	      0.00000000	     10.88008763	    -16.98153334	     -8.30503985	     37.32704594	     90.00000001	      0.00000000	      0.00000000
      1.74000000	      4.01120848	     -0.52383833	      2.76916838	      0.66999038	      1.01973593	      0.16168304	     22.38245163	     -6.25869974	     -8.01846958	     46.21737877	      6.90522853	      0.80664543	     -1.30351662	    -17.76645468	     -7.50694470	    -10.26114423	     -4.99593382	     -5.44413137	      7.94731716	     13.15669884	      0.13870685	     10.92655114	      0.32149376	     -7.50694470	    -18.25197141	      0.04748171	     -4.06438029	     -3.27975531	     -7.23330918	    -17.44594903	     10.45245323	     90.00000001	      0.00000000	      0.00000000	     11.35936749	    -17.90521646	     -6.31395412	     39.28154460	     90.00000001	      0.00000000	      0.00000000
      1.75000000	      4.03256380	     -0.42434346	      3.01366708	      0.68337179	      1.01793586	      0.16090261	     22.62048366	     -6.22055400	     -8.54223350	     42.75486820	      6.83242094	      0.74621322	     -1.02436523	    -17.50639676	     -7.50676827	    -11.09129991	     -4.87663164	     -5.31716070	      7.97929105	     13.06689224	      0.13926490	     11.54064021	      0.51750723	     -7.50676827	    -18.33211692	      0.06290476	     -4.26704800	     -4.14459659	     -6.93745809	    -17.57425765	     10.28611974	     90.00000001	      0.00000000	      0.00000000	     12.28209064	    -18.31839331	     -5.99266172	     40.12797442	     90.00000001	      0.00000000	      0.00000000
      1.76000000	      4.07606925	     -0.25699686	      3.24498802	      0.69691962	      1.01605779	      0.16016366	     22.72026360	     -6.24207831	     -9.12249501	     39.14120686	      6.73114967	      0.68314293	     -0.84222307	    -17.16732563	     -7.50661521	    -11.96663380	     -4.68800711	     -5.22052170	      8.00400382	     12.96310904	      0.13969622	     12.10612785	      0.72389141	     -7.50661521	    -18.43640507	      0.00179489	     -4.47713860	     -4.98806255	     -6.63003429	    -17.68616793	     10.12350989	     90.00000001	      0.00000000	      0.00000000	     13.13566010	    -18.76185081	     -5.52508982	     41.06823948	     90.00000001	      0.00000000	      0.00000000
      1.77000000	      4.12016982	     -0.04329091	      3.42214892	      0.71064453	      1.01408188	      0.15943064	     22.73956016	     -6.31488504	     -9.79125641	     35.44683334	      6.61965389	      0.61866395	     -0.72254807	    -16.71201562	     -7.50645514	    -12.88824996	     -4.43418505	     -5.18327895	      7.98838204	     12.83342846	      0.13942357	     12.58493712	      0.96221514	     -7.50645514	    -18.53152133	     -0.11465229	     -4.64013106	     -5.78762458	     -6.35905750	    -17.81351120	      9.98074695	     90.00000001	      0.00000000	      0.00000000	     13.87844289	    -19.24884255	     -4.90541474	     42.09322217	     90.00000001	      0.00000000	      0.00000000
      1.78000000	      4.17241201	      0.19717237	      3.57597012	      0.72456845	      1.01202111	      0.15873302	     22.67023964	     -6.41583231	    -10.55360451	     31.71705589	      6.52286328	      0.55356705	     -0.58852167	    -16.11463702	     -7.50625608	    -13.85502224	     -4.16329572	     -5.17420141	      7.94463851	     12.71046715	      0.13866010	     13.00061744	      1.24715878	     -7.50625608	    -18.62139284	     -0.26084704	     -4.77709894	     -6.55264640	     -6.06093389	    -17.97474676	      9.83650062	     90.00000001	      0.00000000	      0.00000000	     14.49222200	    -19.78571747	     -4.09218649	     43.24176813	     90.00000001	      0.00000000	      0.00000000
      1.79000000	      4.18749778	      0.45475596	      3.74922589	      0.73856989	      1.00986283	      0.15813513	     22.56166864	     -6.56794886	    -11.36228654	     27.98693387	      6.55356785	      0.48846414	     -0.45209498	    -15.16330702	     -7.50608529	    -14.75409974	     -3.92208028	     -5.16690175	      7.97674347	     12.63007522	      0.13922044	     13.36201699	      1.50522912	     -7.50608529	    -18.66563959	     -0.44403132	     -4.96898087	     -7.27724603	     -5.79238549	    -18.11991360	      9.75083213	     90.00000001	      0.00000000	      0.00000000	     15.10155884	    -20.28822381	     -3.52288954	     44.22006529	     90.00000001	      0.00000000	      0.00000000
      1.80000000	      4.18811250	      0.70748950	      3.95893669	      0.75266282	      1.00762446	      0.15760928	     22.41306595	     -6.72827246	    -12.26310771	     24.34639098	      6.64664862	      0.42492468	     -0.23943646	    -13.83060218	     -7.50570735	    -15.61423440	     -3.72674506	     -5.12305027	      8.06706819	     12.56910067	      0.14079690	     13.69679095	      1.86729907	     -7.50570735	    -18.69883884	     -0.61199343	     -5.20834548	     -7.91304412	     -5.54094509	    -18.46362072	      9.62986877	     90.00000001	      0.00000000	      0.00000000	     15.48830616	    -20.97941572	     -2.51405434	     45.56102221	     90.00000001	      0.00000000	      0.00000000
      1.81000000	      4.08563769	      0.96672572	      4.22357432	      0.76678355	      1.00527965	      0.15716840	     22.33088308	     -6.95357071	    -13.04454207	     20.86843011	      6.95649641	      0.36422282	     -0.17444248	    -12.50097993	     -7.50560797	    -16.29559440	     -3.57806011	     -5.01259754	      8.28719228	     12.54515305	      0.14463879	     13.95440613	      2.09616914	     -7.50560797	    -18.60906581	     -0.79429032	     -5.52705807	     -8.56412235	     -5.27906529	    -18.52983698	      9.63900339	     90.00000001	      0.00000000	      0.00000000	     16.09529067	    -21.33575410	     -2.47101286	     46.11852440	     90.00000001	      0.00000000	      0.00000000
      1.82000000	      4.06396270	      1.09341946	      4.47017617	      0.78113200	      1.00294468	      0.15693197	     22.13331362	     -6.99545840	    -13.82166047	     17.60830683	      7.27859568	      0.30732293	      0.12871696	    -10.87040770	     -7.50547417	    -17.09231648	     -3.62166609	     -4.93868958	      8.46792139	     12.56383736	      0.14779311	     14.22680171	      2.43686286	     -7.50547417	    -18.58238846	     -0.83359495	     -5.75632676	     -9.17081110	     -5.03355394	    -18.62445907	      9.65060572	     90.00000001	      0.00000000	      0.00000000	     16.50055615	    -21.72705453	     -2.26163602	     46.92398540	     90.00000001	      0.00000000	      0.00000000
      1.83000000	      3.97144500	      1.27600607	      4.81037593	      0.79554554	      1.00045953	      0.15669973	     22.13789604	     -7.21555660	    -15.03696464	     15.03963091	      7.61655261	      0.26249108	      0.80873455	     -8.01528377	     -7.50501900	    -17.67199054	     -3.68424527	     -4.91047660	      8.94900039	     12.59899158	      0.15618952	     14.59136596	      3.15528636	     -7.50501900	    -18.49926748	     -0.93571841	     -6.11133384	     -9.71027656	     -4.78234058	    -18.89354512	      9.63398085	     90.00000001	      0.00000000	      0.00000000	     16.61971213	    -22.37273262	     -1.65552898	     48.27955552	     90.00000001	      0.00000000	      0.00000000
      1.84000000	      3.86930557	      1.36363615	      5.18229549	      0.81002834	      0.99809421	      0.15655680	     22.08543784	     -7.29950196	    -15.60537686	     12.66293322	      8.10398021	      0.22100988	      0.98501007	     -6.59287523	     -7.50486494	    -18.22153099	     -3.86353184	     -4.61998154	      9.40185367	     12.62642970	      0.16409330	     14.74550452	      3.42223376	     -7.50486494	    -18.37719082	     -0.91858114	     -6.47902412	    -10.20594076	     -4.54358500	    -18.96859286	      9.71620822	     90.00000001	      0.00000000	      0.00000000	     16.92176155	    -22.66235830	     -1.72866474	     48.78700656	     90.00000001	      0.00000000	      0.00000000
      1.85000000	      3.65336298	      1.49930023	      5.61471858	      0.82453362	      0.99566057	      0.15635465	     22.26150500	     -7.49855869	    -16.04674994	     10.96187515	      8.58971032	      0.19132081	      1.01031176	     -5.63590074	     -7.50480287	    -18.53281319	     -3.98734933	     -4.06723184	     10.04166653	     12.58890035	      0.17526014	     14.81992772	      3.58841657	     -7.50480287	    -18.13567820	     -0.95248284	     -6.90616387	    -10.67420272	     -4.33723739	    -19.00931271	      9.81423734	     90.00000001	      0.00000000	      0.00000000	     17.18483710	    -22.91213916	     -1.79358338	     49.18187675	     90.00000001	      0.00000000	      0.00000000
      1.86000000	      3.60180228	      1.39104530	      5.99455919	      0.83944832	      0.99338829	      0.15642704	     22.31431999	     -7.31523536	    -16.46320420	      9.76580367	      8.78797908	      0.17044543	      1.52234053	     -3.52544524	     -7.50451807	    -19.02998972	     -4.47781320	     -3.86069994	     10.71582124	     12.67254109	      0.18702636	     15.04405625	      4.09229644	     -7.50451807	    -18.02914861	     -0.72225231	     -7.31251304	    -11.04892508	     -4.18739464	    -19.14610364	      9.93093605	     90.00000001	      0.00000000	      0.00000000	     16.86839236	    -23.39482810	     -1.86089354	     50.44051411	     90.00000001	      0.00000000	      0.00000000
      1.87000000	      3.42082916	      1.33938666	      6.42233889	      0.85432760	      0.99115866	      0.15646915	     22.58050429	     -7.19638797	    -16.34820639	      9.13882323	      8.92137369	      0.15950256	      1.58124499	     -2.90206629	     -7.50445294	    -19.28335307	     -4.88371332	     -3.23015561	     11.50703965	     12.70680971	      0.20083573	     15.03876134	      4.16675924	     -7.50445294	    -17.78188809	     -0.55273261	     -7.69271846	    -11.40860319	     -4.03158756	    -19.18628205	     10.07315802	     90.00000001	      0.00000000	      0.00000000	     16.94391279	    -23.59791975	     -1.97544581	     50.66900907	     90.00000001	      0.00000000	      0.00000000
      1.88000000	      3.32459122	      1.12052343	      6.79644927	      0.86950969	      0.98909651	      0.15666148	     22.81114407	     -6.82747098	    -16.01375936	      9.01813753	      8.88197528	      0.15739619	      1.63491358	     -2.41356233	     -7.50437559	    -19.59122616	     -5.48332004	     -2.64969949	     12.35991962	     12.75756825	      0.21572129	     14.95712138	      4.20599661	     -7.50437559	    -17.58403572	     -0.21856481	     -8.01063657	    -11.72521935	     -3.93916539	    -19.25019979	     10.22808919	     90.00000001	      0.00000000	      0.00000000	     16.76797081	    -23.78767084	     -2.19676770	     51.07013314	     90.00000001	      0.00000000	      0.00000000
      1.89000000	      3.29917114	      1.02406926	      7.08102718	      0.88503498	      0.98724829	      0.15661356	     23.04802197	     -6.60957555	    -15.36858398	      9.52691581	      8.83783539	      0.16627605	      1.53882605	     -2.21024155	     -7.50434910	    -20.06338226	     -5.82217056	     -2.02506561	     13.04847667	     12.58411109	      0.22773888	     14.78477151	      4.31813296	     -7.50434910	    -17.44035252	      0.04711571	     -8.18087649	    -12.07980361	     -3.86975020	    -19.27499146	     10.32797704	     90.00000001	      0.00000000	      0.00000000	     16.65390155	    -23.86563452	     -2.26408582	     51.13514446	     90.00000001	      0.00000000	      0.00000000
      1.90000000	      3.22696393	      0.59521607	      7.46987367	      0.90067017	      0.98552289	      0.15696821	     23.36051857	     -5.95740121	    -14.79689386	     10.35390423	      8.52478302	      0.18070972	      1.13132009	     -2.72244344	     -7.50414537	    -20.17774991	     -6.77221961	     -1.48728162	     14.30899399	     12.81970296	      0.24973906	     14.31971221	      4.20084911	     -7.50414537	    -17.22481042	      0.62613388	     -8.60277168	    -12.11773654	     -3.88617929	    -19.46751354	     10.49883675	     90.00000001	      0.00000000	      0.00000000	     15.80471175	    -23.96734450	     -3.22327563	     52.26838681	     90.00000001	      0.00000000	      0.00000000
      1.91000000	      3.27510947	      0.28314673	      7.69790780	      0.91670717	      0.98412837	      0.15719194	     23.60101020	     -5.45059867	    -14.08882279	     11.65886096	      8.31166730	      0.20348551	      0.67825490	     -3.01195420	     -7.50408804	    -20.55110594	     -7.44070135	     -0.91805494	     15.32115243	     12.84765187	      0.26740456	     13.70470011	      4.15852242	     -7.50408804	    -17.09945880	      1.10003126	     -8.73816436	    -12.26921510	     -3.90847983	    -19.51848903	     10.69436514	     90.00000001	      0.00000000	      0.00000000	     15.40540279	    -23.99953641	     -3.41868461	     52.26607364	     90.00000001	      0.00000000	      0.00000000
      1.92000000	      3.30297759	     -0.10588637	      7.89894985	      0.93288178	      0.98310727	      0.15734520	     23.73318808	     -4.84791923	    -12.73039147	     12.85638998	      8.24310443	      0.22438634	     -0.92720622	     -5.52403262	     -7.50379648	    -20.78019514	     -8.14343633	     -0.36810638	     16.53798825	     12.82643586	      0.28864235	     12.73242718	      3.70820306	     -7.50379648	    -16.95147442	      1.68211947	     -8.88564363	    -12.22782235	     -4.01729975	    -19.81401934	     10.64315562	     90.00000001	      0.00000000	      0.00000000	     14.68100066	    -23.68180036	     -4.57706762	     52.61571096	     90.00000001	      0.00000000	      0.00000000
