Coordinates
version=1
nRows=1001
nColumns=42
inDegrees=yes

Units are S.I. units (second, meters, Newtons, ...)
If the header above contains a line with 'inDegrees', this indicates whether rotational values are in degrees (yes) or radians (no).

endheader
time	pelvis_tilt	pelvis_list	pelvis_rotation	pelvis_tx	pelvis_ty	pelvis_tz	hip_flexion_r	hip_adduction_r	hip_rotation_r	knee_angle_r	knee_adduction_r	knee_angle_r_beta	ankle_angle_r	subtalar_angle_r	mtp_angle_r	hip_flexion_l	hip_adduction_l	hip_rotation_l	knee_angle_l	knee_adduction_l	knee_angle_l_beta	ankle_angle_l	subtalar_angle_l	mtp_angle_l	lumbar_extension	lumbar_bending	lumbar_rotation	arm_flex_r	arm_add_r	arm_rot_r	elbow_flex_r	pro_sup_r	wrist_flex_r	wrist_dev_r	arm_flex_l	arm_add_l	arm_rot_l	elbow_flex_l	pro_sup_l	wrist_flex_l	wrist_dev_l
      1.00000000	      4.89291440	     -0.22137534	     -1.60235066	     -0.61892873	      0.93382003	     -0.09184825	     11.56299318	     -8.27856345	    -23.44101591	     34.18403709	      1.75240844	      0.59662400	     14.98358669	     14.27979760	     -9.65938990	     -3.40054588	     -2.34175832	    -16.80055331	     27.16410734	      1.36514536	      0.47410311	     22.94585771	      2.47913955	     -9.65938990	    -16.86860033	      1.82097513	     -2.84109395	      8.30855388	    -11.99926546	      3.79216565	     39.16827718	     90.00000001	      0.00000000	      0.00000000	    -14.32309869	     -7.89661031	     -4.18257480	     53.26308848	     90.00000001	      0.00000000	      0.00000000
      1.01000000	      4.74162461	     -0.17977256	     -1.68092267	     -0.61701324	      0.93359033	     -0.09059385	     11.63094328	     -8.23819515	    -23.43778944	     34.21661173	      1.74922778	      0.59719253	     15.02038400	     14.28148372	     -9.65658816	     -3.39208960	     -2.36467683	    -16.83206405	     27.13447846	      1.35607975	      0.47358599	     22.94432426	      2.47821983	     -9.65658816	    -16.85219451	      1.88548012	     -2.93459033	      8.52600639	    -11.93443866	      3.79637220	     39.29275155	     90.00000001	      0.00000000	      0.00000000	    -14.23821477	     -7.88461786	     -4.14737140	     53.30275159	     90.00000001	      0.00000000	      0.00000000
      1.02000000	      4.58205620	     -0.16138871	     -1.73871923	     -0.61508719	      0.93334262	     -0.08936504	     11.72871044	     -8.14303526	    -23.37082137	     34.29451649	      1.70004675	      0.59855223	     15.10654043	     14.28222323	     -9.65272958	     -3.37319064	     -2.41520892	    -16.87964401	     27.09089406	      1.32587014	      0.47282530	     22.93665653	      2.47872060	     -9.65272958	    -16.82306205	      1.99219640	     -3.10843717	      8.77402134	    -11.85170310	      3.81155921	     39.47381678	     90.00000001	      0.00000000	      0.00000000	    -14.21204176	     -7.88897901	     -4.08394003	     53.33866581	     90.00000001	      0.00000000	      0.00000000
      1.03000000	      4.39446498	     -0.16890707	     -1.78891423	     -0.61307823	      0.93303487	     -0.08806814	     11.87603916	     -7.97767995	    -23.21588166	     34.41262772	      1.60281174	      0.60061366	     15.33493964	     14.24008120	     -9.64448241	     -3.31228598	     -2.50437461	    -16.94757639	     27.08299597	      1.25434507	      0.47268745	     22.91069095	      2.50128708	     -9.64448241	    -16.74579646	      2.12843107	     -3.30698022	      8.95469601	    -11.78326846	      3.88122939	     39.71149991	     90.00000001	      0.00000000	      0.00000000	    -14.26171774	     -7.92777667	     -3.96246917	     53.42892932	     90.00000001	      0.00000000	      0.00000000
      1.04000000	      4.09347384	     -0.16386075	     -1.87615099	     -0.61126089	      0.93251076	     -0.08673440	     12.16378889	     -7.80500628	    -22.88042068	     34.50606160	      1.59345308	      0.60224439	     15.85859331	     13.92704501	     -9.61378802	     -3.01775623	     -2.62886493	    -17.19530669	     27.31344429	      1.16372463	      0.47670953	     22.91232701	      2.66112228	     -9.61378802	    -16.56828416	      2.24706725	     -3.35483262	      8.99538538	    -11.86437555	      4.25296675	     40.15424207	     90.00000001	      0.00000000	      0.00000000	    -14.29011430	     -8.04024509	     -3.62047389	     53.71474381	     90.00000001	      0.00000000	      0.00000000
      1.05000000	      3.95988113	     -0.10821580	     -1.90392689	     -0.60941581	      0.93243087	     -0.08556526	     12.20572503	     -7.76350897	    -22.79294710	     34.52503615	      1.59682995	      0.60257556	     15.86245039	     13.90939125	     -9.61080204	     -2.99962368	     -2.64165722	    -17.22862146	     27.30436500	      1.13018668	      0.47655107	     22.91248852	      2.68196624	     -9.61080204	    -16.58157580	      2.32480734	     -3.51178154	      9.19791632	    -11.80105567	      4.28604689	     40.30456755	     90.00000001	      0.00000000	      0.00000000	    -14.20018875	     -8.04738038	     -3.57953004	     53.72321967	     90.00000001	      0.00000000	      0.00000000
      1.06000000	      3.82673199	     -0.07715063	     -1.90848595	     -0.60754333	      0.93235352	     -0.08443405	     12.23663196	     -7.67668206	    -22.60626290	     34.53806284	      1.60938512	      0.60280291	     15.92203411	     13.85589816	     -9.60647903	     -2.95728886	     -2.67256841	    -17.26121301	     27.33138198	      1.03463600	      0.47702260	     22.87640172	      2.72444251	     -9.60647903	    -16.59086538	      2.44795702	     -3.73336119	      9.39960108	    -11.73426761	      4.35090073	     40.52721114	     90.00000001	      0.00000000	      0.00000000	    -14.17953251	     -8.06843947	     -3.51776063	     53.72882921	     90.00000001	      0.00000000	      0.00000000
      1.07000000	      3.58627107	     -0.15284014	     -1.87560028	     -0.60577545	      0.93210983	     -0.08335509	     12.24531116	     -7.44813438	    -21.98060944	     34.33106952	      1.98552572	      0.59919020	     16.32370997	     13.15331016	     -9.57847079	     -2.58296382	     -2.86965174	    -17.56488730	     27.77883314	      0.74071283	      0.48483210	     22.69932013	      3.02882383	     -9.57847079	    -16.48919117	      2.70615343	     -3.87605629	      9.37135382	    -11.92819537	      4.90964583	     41.16983448	     90.00000001	      0.00000000	      0.00000000	    -14.20192815	     -8.14529482	     -3.28947957	     53.96942788	     90.00000001	      0.00000000	      0.00000000
      1.08000000	      3.46531275	     -0.08404912	     -1.93928290	     -0.60396943	      0.93215669	     -0.08212685	     12.27680695	     -7.41049867	    -21.89313638	     34.34064228	      1.97393487	      0.59935728	     16.30668134	     13.09831815	     -9.57561287	     -2.56068006	     -2.87563273	    -17.59979660	     27.80795631	      0.72937577	      0.48534040	     22.70400211	      3.06046108	     -9.57561287	    -16.52489561	      2.77034816	     -3.99632282	      9.53872951	    -11.86286375	      4.96362763	     41.30810251	     90.00000001	      0.00000000	      0.00000000	    -14.12172046	     -8.13902998	     -3.25646275	     53.97424357	     90.00000001	      0.00000000	      0.00000000
      1.09000000	      3.16500701	     -0.28590153	     -2.03952802	     -0.60237864	      0.93182071	     -0.08070679	     12.42639222	     -6.92839778	    -20.94633096	     34.15142697	      2.32670350	      0.59605484	     16.13422824	     11.47519314	     -9.51015560	     -2.02951732	     -3.35807618	    -18.30777216	     28.53749934	      0.46503886	      0.49807332	     22.89272632	      3.79643035	     -9.51015560	    -16.37896584	      3.14943404	     -4.00259503	      9.49571406	    -12.24013307	      6.13281595	     42.13397295	     90.00000001	      0.00000000	      0.00000000	    -14.13104433	     -8.16705721	     -3.07344828	     54.06107962	     90.00000001	      0.00000000	      0.00000000
      1.10000000	      3.05904342	     -0.18557253	     -2.12415474	     -0.60056008	      0.93195801	     -0.07947594	     12.40508343	     -6.94370639	    -20.90742010	     34.11166075	      2.32752144	      0.59536079	     16.15085500	     11.45904213	     -9.50782628	     -1.98460972	     -3.31921908	    -18.28420952	     28.62450772	      0.43974896	      0.49959191	     22.84038789	      3.83228124	     -9.50782628	    -16.41860527	      3.18522975	     -4.04813469	      9.64973187	    -12.19763460	      6.14437552	     42.22984698	     90.00000001	      0.00000000	      0.00000000	    -14.04871777	     -8.17435619	     -3.07037484	     54.09246818	     90.00000001	      0.00000000	      0.00000000
      1.11000000	      2.96445920	     -0.11829712	     -2.07937415	     -0.59898604	      0.93212837	     -0.07842502	     12.25734666	     -6.91811260	    -20.69907348	     33.87134539	      2.49540363	      0.59116650	     16.29269913	     11.36114312	     -9.49427345	     -1.63558775	     -3.38326336	    -18.35356717	     29.29381931	      0.23982595	      0.51127360	     22.44559612	      3.91615647	     -9.49427345	    -16.51111197	      3.29092093	     -4.24628242	      9.74671911	    -12.19878244	      6.28319807	     42.57000678	     90.00000001	      0.00000000	      0.00000000	    -14.02961540	     -8.21587625	     -3.08508479	     54.24763716	     90.00000001	      0.00000000	      0.00000000
      1.12000000	      2.66440284	     -0.25914534	     -2.12930289	     -0.59740245	      0.93189821	     -0.07710627	     12.38440617	     -6.58228778	    -20.50638557	     33.66205322	      2.55495164	      0.58751366	     16.27945175	     10.94038878	     -9.44323784	     -0.98036154	     -3.80944863	    -18.71410696	     30.24332818	      0.05718514	      0.52784565	     22.37162716	      4.10041310	     -9.44323784	    -16.36043293	      3.61241334	     -4.25762216	      9.72306813	    -12.43299810	      6.92393357	     43.09354918	     90.00000001	      0.00000000	      0.00000000	    -14.02293848	     -8.19533531	     -3.08777288	     54.39287450	     90.00000001	      0.00000000	      0.00000000
      1.13000000	      2.63810754	     -0.09666778	     -2.21754096	     -0.59577524	      0.93224037	     -0.07590557	     12.23670178	     -6.67811710	    -20.46462671	     33.52658358	      2.58697013	      0.58514927	     16.31978843	     10.96013626	     -9.43452180	     -0.75982296	     -3.76835379	    -18.68128489	     30.83624893	      0.00400089	      0.53819407	     22.08524439	      4.13631426	     -9.43452180	    -16.51985976	      3.58744189	     -4.27026367	      9.81735882	    -12.45641419	      7.00016476	     43.25501542	     90.00000001	      0.00000000	      0.00000000	    -13.94317026	     -8.22539219	     -3.10463700	     54.48792349	     90.00000001	      0.00000000	      0.00000000
      1.14000000	      2.37821073	     -0.18982965	     -2.20146419	     -0.59417671	      0.93212931	     -0.07478233	     12.25666465	     -6.51352284	    -20.62851401	     33.29577831	      2.68732139	      0.58112096	     16.41427392	     11.12499063	     -9.40535827	      0.00704471	     -4.13113162	    -18.85199728	     32.02685953	     -0.22540839	      0.55897415	     21.59378105	      3.96970420	     -9.40535827	    -16.40420346	      3.88111767	     -4.33697753	      9.82232091	    -12.62055360	      7.37203118	     43.69200514	     90.00000001	      0.00000000	      0.00000000	    -13.98634142	     -8.22049292	     -3.11236415	     54.72943155	     90.00000001	      0.00000000	      0.00000000
      1.15000000	      2.27809695	     -0.11031561	     -2.26421579	     -0.59258937	      0.93233250	     -0.07360485	     12.15829500	     -6.55276088	    -20.78372788	     33.13915222	      2.72650915	      0.57838732	     16.47335172	     11.34569911	     -9.38607648	      0.55884841	     -4.29928977	    -18.86110498	     33.15396238	     -0.29033252	      0.57864580	     21.12105639	      3.85365704	     -9.38607648	    -16.47046163	      3.96046523	     -4.36883816	      9.88783235	    -12.71797015	      7.61128477	     43.98168291	     90.00000001	      0.00000000	      0.00000000	    -13.96210315	     -8.24080429	     -3.12708821	     54.87480094	     90.00000001	      0.00000000	      0.00000000
      1.16000000	      2.00776254	     -0.12890330	     -2.30586712	     -0.59112644	      0.93218030	     -0.07238536	     12.29640100	     -6.40538277	    -21.20432873	     33.00282345	      2.45935738	      0.57600793	     16.58902134	     11.94807886	     -9.33625010	      1.49392453	     -4.63899117	    -18.74331570	     34.66712067	     -0.35010302	      0.60505540	     20.69563260	      3.50370406	     -9.33625010	    -16.35610906	      4.15638739	     -4.32628849	      9.86647767	    -12.95555200	      8.15055454	     44.34204955	     90.00000001	      0.00000000	      0.00000000	    -13.94149796	     -8.23485861	     -3.15469373	     55.04746589	     90.00000001	      0.00000000	      0.00000000
      1.17000000	      2.00159244	     -0.00287289	     -2.35474583	     -0.58947383	      0.93254949	     -0.07127260	     12.05215254	     -6.58573214	    -21.43433297	     32.84417643	      2.63510040	      0.57323902	     16.67918658	     12.29602389	     -9.31889877	      2.10004397	     -4.76975783	    -18.65139866	     36.05191557	     -0.46151623	      0.62922463	     19.90044169	      3.34859930	     -9.31889877	    -16.51451165	      4.18833404	     -4.34943649	      9.92730648	    -13.02254067	      8.26805226	     44.56920154	     90.00000001	      0.00000000	      0.00000000	    -13.94835754	     -8.28378731	     -3.18023255	     55.25344955	     90.00000001	      0.00000000	      0.00000000
      1.18000000	      1.94798803	      0.10790682	     -2.40149461	     -0.58793888	      0.93279321	     -0.07009785	     11.89524016	     -6.69443333	    -21.73012670	     32.69385680	      2.66053692	      0.57061545	     16.77243655	     12.74756791	     -9.30275381	      2.91608245	     -4.98013851	    -18.49083633	     37.72655698	     -0.54139426	      0.65845263	     19.04373070	      3.09479858	     -9.30275381	    -16.63740462	      4.22518011	     -4.34383691	      9.95458139	    -13.12090657	      8.43930235	     44.80102058	     90.00000001	      0.00000000	      0.00000000	    -13.94499155	     -8.33031614	     -3.19997426	     55.47142581	     90.00000001	      0.00000000	      0.00000000
      1.19000000	      1.81750373	      0.15167332	     -2.40743559	     -0.58637684	      0.93285049	     -0.06903482	     11.82237125	     -6.74102436	    -22.14507635	     32.56641783	      2.63663734	      0.56839122	     16.90496498	     13.34477922	     -9.28423831	      3.95317439	     -5.28158758	    -18.18542268	     39.65089834	     -0.63277824	      0.69203873	     18.05717912	      2.72479723	     -9.28423831	    -16.64810315	      4.36029533	     -4.29595107	      9.95281335	    -13.30635888	      8.66092615	     45.02204961	     90.00000001	      0.00000000	      0.00000000	    -13.93842965	     -8.36128715	     -3.21490047	     55.73979603	     90.00000001	      0.00000000	      0.00000000
      1.20000000	      1.60644924	      0.15555340	     -2.38330545	     -0.58484557	      0.93270740	     -0.06799751	     11.86908090	     -6.73820846	    -22.66014169	     32.49730169	      2.54483570	      0.56718491	     17.09644233	     14.07808820	     -9.25685189	      5.20711408	     -5.64182526	    -17.67037780	     41.77589347	     -0.68582619	      0.72912689	     16.95521249	      2.17763510	     -9.25685189	    -16.56481935	      4.54038120	     -4.26280716	      9.90646608	    -13.51853005	      8.93905317	     45.22986889	     90.00000001	      0.00000000	      0.00000000	    -13.94608216	     -8.39083613	     -3.21926373	     56.01698080	     90.00000001	      0.00000000	      0.00000000
      1.21000000	      1.58219907	      0.28002786	     -2.38746812	     -0.58327112	      0.93284604	     -0.06697256	     11.71171568	     -6.92381477	    -23.01181035	     32.47481388	      2.59097988	      0.56679243	     17.25519164	     14.65155949	     -9.23443851	      6.26394754	     -5.89837615	    -17.15321390	     43.87526002	     -0.61821685	      0.76576775	     15.79402418	      1.78975110	     -9.23443851	    -16.69788973	      4.57167892	     -4.25551581	      9.93954009	    -13.66416104	      9.11171737	     45.40413471	     90.00000001	      0.00000000	      0.00000000	    -13.95472361	     -8.42742459	     -3.21821951	     56.23152676	     90.00000001	      0.00000000	      0.00000000
      1.22000000	      1.24064600	      0.27454641	     -2.31786070	     -0.58187219	      0.93235475	     -0.06595483	     12.00446657	     -6.78464060	    -23.68824450	     32.44967909	      2.09004316	      0.56635374	     17.48606566	     15.61650400	     -9.18834078	      7.85853033	     -6.28012858	    -15.99065295	     46.26567963	     -0.29163265	      0.80748844	     14.56090425	      0.61581622	     -9.18834078	    -16.45362948	      4.75933233	     -4.23170122	      9.88177195	    -13.93065514	      9.48951028	     45.57061051	     90.00000001	      0.00000000	      0.00000000	    -13.97006322	     -8.46712074	     -3.22364599	     56.48503072	     90.00000001	      0.00000000	      0.00000000
      1.23000000	      1.29680642	      0.39027624	     -2.24638997	     -0.58020875	      0.93253537	     -0.06499257	     11.72380954	     -7.04277579	    -23.94491622	     32.47360467	      2.38215324	      0.56677132	     17.69964229	     16.05956495	     -9.16046334	      8.94833223	     -6.47942193	    -15.19611549	     48.41044542	     -0.21293073	      0.84492166	     13.10845428	      0.20373649	     -9.16046334	    -16.65049988	      4.79121319	     -4.24049266	      9.87012650	    -14.03787057	      9.57564295	     45.67277419	     90.00000001	      0.00000000	      0.00000000	    -13.96187372	     -8.58854016	     -3.24469982	     56.76220626	     90.00000001	      0.00000000	      0.00000000
      1.24000000	      1.05353036	      0.41395190	     -2.11480291	     -0.57878985	      0.93203432	     -0.06419653	     11.94102102	     -7.05999550	    -24.42653690	     32.65476020	      2.14777593	      0.56993308	     17.91096839	     16.69026343	     -9.09044540	     10.51835800	     -6.81275614	    -13.52949042	     50.80546820	      0.56833112	      0.88672270	     11.73288784	     -1.48027707	     -9.09044540	    -16.50147303	      4.95470208	     -4.25010196	      9.84550736	    -14.30174010	      9.83037475	     45.73805341	     90.00000001	      0.00000000	      0.00000000	    -13.93588723	     -8.60260093	     -3.23185789	     56.95292935	     90.00000001	      0.00000000	      0.00000000
      1.25000000	      1.15952586	      0.54435348	     -2.03652167	     -0.57694875	      0.93217155	     -0.06340220	     11.60780820	     -7.28710576	    -24.47849445	     32.65763269	      2.41088079	      0.56998322	     18.13934734	     16.83283723	     -9.06550899	     11.60658532	     -6.92474564	    -12.82500547	     52.85019921	      0.55759671	      0.92240999	     10.29126436	     -1.59437044	     -9.06550899	    -16.71452270	      4.96962471	     -4.26514065	      9.83572312	    -14.42642246	      9.81858511	     45.79193562	     90.00000001	      0.00000000	      0.00000000	    -13.97085308	     -8.68873993	     -3.21550827	     57.27149582	     90.00000001	      0.00000000	      0.00000000
      1.26000000	      1.49630052	      0.95046418	     -2.29242187	     -0.57499579	      0.93271996	     -0.06209347	     11.24269790	     -7.63528800	    -24.21765226	     32.77741352	      2.28027228	      0.57207379	     18.10769607	     16.79951224	     -9.04970900	     12.15430148	     -6.69407273	    -12.43548762	     54.38997416	      0.58565493	      0.94928413	      9.76369380	     -1.44726837	     -9.04970900	    -17.19483286	      4.56256742	     -3.94357469	      9.79554270	    -14.57985413	      9.80125610	     45.75857985	     90.00000001	      0.00000000	      0.00000000	    -13.83398515	     -8.76253038	     -3.25025211	     57.37658176	     90.00000001	      0.00000000	      0.00000000
      1.27000000	      0.85693697	      0.50317363	     -1.79904048	     -0.57367909	      0.93108252	     -0.06168823	     11.81056289	     -7.17963061	    -24.73634567	     33.00867782	      2.30200540	      0.57611011	     18.55208903	     16.85488908	     -8.99743082	     14.58149095	     -7.60707743	    -10.44470059	     57.16886673	      1.51016172	      0.99778495	      8.00173681	     -3.01672423	     -8.99743082	    -16.56257307	      5.32182213	     -4.27392560	      9.79065114	    -14.82062467	     10.01004930	     45.82035889	     90.00000001	      0.00000000	      0.00000000	    -14.02578346	     -8.83269863	     -3.13320409	     57.71208832	     90.00000001	      0.00000000	      0.00000000
      1.28000000	      1.05151643	      0.61938550	     -1.66121642	     -0.57170685	      0.93114209	     -0.06107009	     11.42729855	     -7.41968604	    -24.63906181	     33.15707252	      2.65520542	      0.57870009	     18.81517704	     16.78387685	     -8.97471735	     15.52575075	     -7.61260208	     -9.73749082	     58.78313984	      1.53381733	      1.02595933	      7.11855116	     -3.27800596	     -8.97471735	    -16.84438576	      5.34289105	     -4.30232464	      9.78890740	    -15.00345370	      9.95078522	     45.80181641	     90.00000001	      0.00000000	      0.00000000	    -14.03091422	     -8.92727073	     -3.12722263	     57.91930774	     90.00000001	      0.00000000	      0.00000000
      1.29000000	      0.76391914	      0.63448446	     -1.40637435	     -0.57030232	      0.93021209	     -0.06055195	     11.77107806	     -7.37817907	    -24.54057726	     33.46333585	      2.60290083	      0.58404539	     19.00182865	     16.22288605	     -8.87154863	     17.17696981	     -7.73585238	     -7.65625369	     60.57853379	      2.78981653	      1.05729487	      5.93905782	     -5.65448121	     -8.87154863	    -16.59735630	      5.49305472	     -4.40896671	      9.74826583	    -15.17540565	     10.00752971	     45.72310929	     90.00000001	      0.00000000	      0.00000000	    -14.01470741	     -8.97277451	     -3.10211024	     58.11415540	     90.00000001	      0.00000000	      0.00000000
      1.30000000	      0.96336869	      0.68743380	     -1.28549830	     -0.56822137	      0.93010583	     -0.05982882	     11.44588675	     -7.46426910	    -24.44993007	     33.66365023	      2.75614300	      0.58754153	     19.26592979	     16.08899042	     -8.85210903	     18.05802731	     -7.81025572	     -7.41960372	     61.87901614	      2.59481282	      1.07999257	      5.56124282	     -5.72043257	     -8.85210903	    -16.85513527	      5.54801106	     -4.41363246	      9.74860716	    -15.32889556	      9.92189742	     45.63770019	     90.00000001	      0.00000000	      0.00000000	    -14.01051597	     -9.05994087	     -3.07132142	     58.29309969	     90.00000001	      0.00000000	      0.00000000
      1.31000000	      1.00243967	      0.66606171	     -1.10254927	     -0.56624652	      0.92961671	     -0.05918324	     11.34752476	     -7.39991731	    -24.36996274	     33.90029564	      2.76132686	      0.59167178	     19.57392517	     15.82429774	     -8.83107124	     19.15124460	     -7.93627490	     -7.09313274	     63.07398726	      2.47160147	      1.10084875	      5.32170943	     -6.07381519	     -8.83107124	    -16.92460487	      5.69066394	     -4.45446873	      9.73574679	    -15.48944315	      9.83438117	     45.51107661	     90.00000001	      0.00000000	      0.00000000	    -14.03108728	     -9.14485961	     -3.02578620	     58.49110275	     90.00000001	      0.00000000	      0.00000000
      1.32000000	      1.26810792	      0.86516727	     -1.09284814	     -0.56410015	      0.92967859	     -0.05823240	     11.04532122	     -7.48633850	    -24.12463712	     34.08565773	      2.61328454	      0.59490696	     19.56775265	     15.71381538	     -8.82078149	     19.71880199	     -7.85546602	     -7.04857357	     63.72094977	      2.46437160	      1.11214038	      5.31653393	     -6.06861528	     -8.82078149	    -17.25424068	      5.51062893	     -4.33598848	      9.65393394	    -15.65590263	      9.77966574	     45.42483344	     90.00000001	      0.00000000	      0.00000000	    -13.93390629	     -9.23236620	     -3.05708027	     58.54529518	     90.00000001	      0.00000000	      0.00000000
      1.33000000	      0.93493601	      0.66432262	     -0.79649906	     -0.56238966	      0.92830014	     -0.05772093	     11.45287484	     -7.20671690	    -24.01557539	     34.50716709	      2.61967308	      0.60226368	     20.05521329	     14.90417776	     -8.78616709	     21.33244261	     -8.13429741	     -6.66429468	     64.77668294	      2.42258446	      1.13056640	      5.27422301	     -7.32498439	     -8.78616709	    -16.89263415	      5.85536610	     -4.47128954	      9.67491322	    -15.73282496	      9.56387091	     45.16538893	     90.00000001	      0.00000000	      0.00000000	    -14.04928190	     -9.30332556	     -2.96056866	     58.76633732	     90.00000001	      0.00000000	      0.00000000
      1.34000000	      1.16893449	      0.69626400	     -0.64366060	     -0.56025677	      0.92815591	     -0.05709136	     11.12767989	     -7.20471793	    -23.92364865	     34.72435135	      2.64328566	      0.60605426	     20.21490062	     14.67199900	     -8.77519762	     21.94731948	     -8.17559801	     -6.75860572	     65.12455662	      2.33090101	      1.13663794	      5.53140864	     -7.64964602	     -8.77519762	    -17.16144967	      5.88797944	     -4.46975622	      9.66591178	    -15.89957738	      9.46328685	     45.01856074	     90.00000001	      0.00000000	      0.00000000	    -13.95751015	     -9.35504099	     -2.96456806	     58.77101387	     90.00000001	      0.00000000	      0.00000000
      1.35000000	      1.31975642	      0.66721644	     -0.43130086	     -0.55811571	      0.92785373	     -0.05650878	     10.87964908	     -7.10903273	    -23.89243492	     34.91525343	      2.62952440	      0.60938613	     20.46073149	     14.39729614	     -8.76669462	     22.63686811	     -8.24993315	     -6.98358611	     65.25166803	      2.14183796	      1.13885645	      5.90808287	     -8.11366896	     -8.76669462	    -17.33079003	      5.98191230	     -4.52440362	      9.62644218	    -16.03250814	      9.34193711	     44.81877155	     90.00000001	      0.00000000	      0.00000000	    -13.90560990	     -9.41267026	     -2.96277009	     58.81001024	     90.00000001	      0.00000000	      0.00000000
      1.36000000	      1.39260171	      0.58257636	     -0.21051486	     -0.55594797	      0.92736460	     -0.05601592	     10.73897188	     -6.92982476	    -23.84314932	     35.14473823	      2.55381738	      0.61339140	     20.78777910	     13.99506750	     -8.75721860	     23.37201648	     -8.31667854	     -7.33415217	     65.14648400	      1.82609631	      1.13702064	      6.42239521	     -8.80775866	     -8.75721860	    -17.38562031	      6.14800294	     -4.61829132	      9.66590951	    -16.13502921	      9.13615586	     44.57075284	     90.00000001	      0.00000000	      0.00000000	    -13.92374427	     -9.45351966	     -2.94372761	     58.83320696	     90.00000001	      0.00000000	      0.00000000
      1.37000000	      1.44769054	      0.56391202	     -0.03023932	     -0.55391491	      0.92686234	     -0.05545967	     10.66057320	     -6.78697653	    -23.67639997	     35.38613813	      2.45977537	      0.61760462	     20.99725077	     13.55686191	     -8.74414448	     24.08244436	     -8.34240200	     -7.77113170	     64.84931035	      1.63393188	      1.13183398	      6.83074052	     -9.36179060	     -8.74414448	    -17.44831875	      6.20448397	     -4.66852566	      9.66656616	    -16.20280332	      8.88385789	     44.32184754	     90.00000001	      0.00000000	      0.00000000	    -13.88104199	     -9.48936042	     -2.94304418	     58.85486674	     90.00000001	      0.00000000	      0.00000000
      1.38000000	      1.42767368	      0.69251528	     -0.00371446	     -0.55188448	      0.92626372	     -0.05481530	     10.70902420	     -6.86596202	    -23.08334976	     35.71802702	      2.66232975	      0.62339717	     21.11686888	     12.39970599	     -8.69847365	     24.75547925	     -8.21953774	     -8.57516083	     64.25584781	      1.34544103	      1.12147611	      6.93792698	    -10.26122355	     -8.69847365	    -17.42561860	      6.05737085	     -4.61889435	      9.74879097	    -16.06564325	      8.04777781	     43.84706533	     90.00000001	      0.00000000	      0.00000000	    -13.85659369	     -9.52127512	     -2.95927353	     58.81524148	     90.00000001	      0.00000000	      0.00000000
      1.39000000	      1.47685126	      0.55691701	      0.21781536	     -0.54966367	      0.92578078	     -0.05430454	     10.53264630	     -6.66113946	    -23.07994200	     35.86705061	      2.69688913	      0.62599813	     21.21550193	     12.24666367	     -8.68823328	     25.34576534	     -8.38731561	     -8.88402157	     63.48946311	      1.43745862	      1.10810017	      7.26507847	    -10.32907568	     -8.68823328	    -17.45815041	      6.22111849	     -4.65953396	      9.63844262	    -16.22458443	      7.96346044	     43.75508653	     90.00000001	      0.00000000	      0.00000000	    -13.85196983	     -9.55747094	     -2.96671814	     58.82345680	     90.00000001	      0.00000000	      0.00000000
      1.40000000	      1.69857806	      0.53901150	      0.39611484	     -0.54735265	      0.92563869	     -0.05392851	     10.15723556	     -6.49324629	    -23.06620994	     35.92258459	      2.49857891	      0.62696738	     21.58481773	     11.82457086	     -8.67366592	     25.62969532	     -8.31498133	     -9.55504788	     62.47985213	      1.24063542	      1.09047914	      8.05004474	    -10.95787414	     -8.67366592	    -17.66246246	      6.25710792	     -4.72060050	      9.71852303	    -16.22420337	      7.62813820	     43.35126872	     90.00000001	      0.00000000	      0.00000000	    -13.73141836	     -9.55537254	     -2.99183054	     58.63265883	     90.00000001	      0.00000000	      0.00000000
      1.41000000	      1.68924346	      0.37198877	      0.56255116	     -0.54508810	      0.92504684	     -0.05353386	     10.02338595	     -6.30321909	    -23.05684929	     36.04936062	      2.61947118	      0.62918004	     21.63230265	     11.69237101	     -8.66199481	     26.18451136	     -8.49443795	     -9.93135379	     61.39214297	      1.41215892	      1.07149503	      8.24962536	    -10.89505618	     -8.66199481	    -17.62606077	      6.43499300	     -4.74073863	      9.63937077	    -16.38866227	      7.47583138	     43.27480400	     90.00000001	      0.00000000	      0.00000000	    -13.77975761	     -9.54965090	     -2.99728624	     58.65800190	     90.00000001	      0.00000000	      0.00000000
      1.42000000	      2.09991639	      0.55976855	      0.60756917	     -0.54254495	      0.92552152	     -0.05311507	      9.33543650	     -6.45380303	    -22.80706239	     35.99528152	      2.75850082	      0.62823618	     21.81838044	     11.30073651	     -8.62539189	     25.95219687	     -8.18237448	    -11.00475127	     59.73226831	      1.14712367	      1.04252475	      8.56380975	    -11.18652188	     -8.62539189	    -18.05824178	      6.18581534	     -4.72818358	      9.77034260	    -16.16954983	      6.51776993	     42.68062591	     90.00000001	      0.00000000	      0.00000000	    -13.65069637	     -9.54859836	     -3.09249630	     58.47993901	     90.00000001	      0.00000000	      0.00000000
      1.43000000	      2.02398763	      0.30585729	      0.78940844	     -0.54019947	      0.92474835	     -0.05287038	      9.24336801	     -6.19128797	    -22.89045387	     36.08886504	      2.87828522	      0.62986952	     21.91016509	     11.19932711	     -8.61542327	     26.52725470	     -8.43717099	    -11.38056713	     58.48544130	      1.40093603	      1.02076352	      8.78193271	    -11.10543153	     -8.61542327	    -17.91545742	      6.44907987	     -4.76457738	      9.68269326	    -16.32524729	      6.42999665	     42.65292236	     90.00000001	      0.00000000	      0.00000000	    -13.71505206	     -9.51455212	     -3.07407176	     58.49614213	     90.00000001	      0.00000000	      0.00000000
      1.44000000	      2.33382285	      0.33691658	      0.86251908	     -0.53763696	      0.92503716	     -0.05257247	      8.64370432	     -6.10395366	    -22.89019927	     35.93091106	      2.77325551	      0.62711270	     22.24528798	     11.01685689	     -8.59723038	     26.34070534	     -8.23581523	    -11.95731389	     56.65574010	      1.51021336	      0.98882920	      9.22199749	    -11.33265855	     -8.59723038	    -18.21871860	      6.36956531	     -4.74676930	      9.75159123	    -16.29571458	      5.98139630	     42.22732358	     90.00000001	      0.00000000	      0.00000000	    -13.56427806	     -9.47718640	     -3.12659096	     58.15080747	     90.00000001	      0.00000000	      0.00000000
      1.45000000	      2.23349286	      0.05174384	      1.00642237	     -0.53516147	      0.92425679	     -0.05239327	      8.52956219	     -5.83096652	    -22.98059828	     35.96242088	      2.95868054	      0.62766265	     22.31516783	     10.95466059	     -8.58742067	     26.83801446	     -8.46839714	    -12.35056762	     55.23280381	      1.74812824	      0.96399428	      9.34354539	    -11.20946518	     -8.58742067	    -18.03838085	      6.64308137	     -4.77016476	      9.66357860	    -16.42409332	      5.85509753	     42.19509969	     90.00000001	      0.00000000	      0.00000000	    -13.67820012	     -9.41261247	     -3.10676376	     58.18248174	     90.00000001	      0.00000000	      0.00000000
      1.46000000	      2.65284849	      0.16256198	      1.05359663	     -0.53242749	      0.92488192	     -0.05221967	      7.70342327	     -5.85580575	    -22.93727713	     35.63285479	      2.94855155	      0.62191064	     22.59759915	     10.90405537	     -8.57069153	     26.34169236	     -8.15726273	    -13.00653079	     53.13744966	      1.88298603	      0.92742345	      9.45372790	    -11.28931072	     -8.57069153	    -18.45783592	      6.45224657	     -4.76239793	      9.76045593	    -16.32066138	      5.28537540	     41.74846801	     90.00000001	      0.00000000	      0.00000000	    -13.50250957	     -9.36554048	     -3.17312448	     57.81079982	     90.00000001	      0.00000000	      0.00000000
      1.47000000	      2.72640095	      0.00500896	      1.14103248	     -0.52978904	      0.92465021	     -0.05209388	      7.31804165	     -5.67205172	    -22.94200077	     35.47272176	      3.08817501	      0.61911579	     22.70382827	     10.93651729	     -8.55381473	     26.41468447	     -8.14554193	    -13.55302037	     51.38896042	      1.93134773	      0.89690656	      9.44316167	    -11.09123137	     -8.55381473	    -18.47825217	      6.55042702	     -4.75563214	      9.72567458	    -16.32372974	      4.91218007	     41.58420710	     90.00000001	      0.00000000	      0.00000000	    -13.53225899	     -9.30739725	     -3.17001057	     57.76867121	     90.00000001	      0.00000000	      0.00000000
      1.48000000	      3.01232402	     -0.05006968	      1.17990775	     -0.52693977	      0.92489415	     -0.05202989	      6.62595643	     -5.65411715	    -22.95312842	     35.24234018	      3.32957635	      0.61509487	     22.81081959	     11.07732518	     -8.52343866	     26.09831277	     -8.02519134	    -14.39223993	     49.50721304	      1.85090507	      0.86406387	      9.37103805	    -10.69982042	     -8.52343866	    -18.73140846	      6.53149268	     -4.73139085	      9.75403036	    -16.23880794	      4.30035330	     41.31961895	     90.00000001	      0.00000000	      0.00000000	    -13.52181495	     -9.27583820	     -3.16612868	     57.64623687	     90.00000001	      0.00000000	      0.00000000
      1.49000000	      2.91127657	     -0.32619006	      1.26857645	     -0.52429907	      0.92425162	     -0.05198916	      6.47007054	     -5.31149875	    -22.98740818	     35.11273344	      3.36800939	      0.61283281	     22.97480653	     11.05080692	     -8.51263013	     26.38056331	     -8.12334548	    -14.78559424	     47.98406058	      1.91923462	      0.83747985	      9.37576390	    -10.45805258	     -8.51263013	    -18.53951149	      6.74329764	     -4.71933375	      9.68696532	    -16.31691694	      4.18290350	     41.24255773	     90.00000001	      0.00000000	      0.00000000	    -13.58295407	     -9.20268146	     -3.13681291	     57.56148605	     90.00000001	      0.00000000	      0.00000000
      1.50000000	      2.79386680	     -0.65627678	      1.37096516	     -0.52146161	      0.92348293	     -0.05198655	      6.29438295	     -5.03105041	    -23.16718321	     35.05687096	      3.59218411	      0.61185782	     23.10094215	     11.01383508	     -8.50817180	     26.70965001	     -8.37334329	    -15.25924435	     46.74077386	      2.05488201	      0.81578040	      9.39176455	    -10.36447733	     -8.50817180	    -18.30169045	      7.00567567	     -4.75542217	      9.61889978	    -16.36472280	      4.11617554	     41.20139549	     90.00000001	      0.00000000	      0.00000000	    -13.72741538	     -9.12758165	     -3.10219101	     57.51350974	     90.00000001	      0.00000000	      0.00000000
      1.51000000	      3.30639073	     -0.57817871	      1.28183808	     -0.51841458	      0.92440798	     -0.05191725	      5.27004508	     -5.05165320	    -22.87469172	     34.56146519	      3.79482806	      0.60321136	     23.17463686	     11.10846206	     -8.48322609	     25.85483174	     -8.00568829	    -16.38970985	     44.72941529	      1.59209413	      0.78067557	      9.06314418	     -9.35665968	     -8.48322609	    -18.81637767	      6.78654162	     -4.63772367	      9.69285090	    -16.24253358	      3.54925378	     40.89592778	     90.00000001	      0.00000000	      0.00000000	    -13.57800010	     -9.09452381	     -3.09540039	     57.19845592	     90.00000001	      0.00000000	      0.00000000
      1.52000000	      3.15362676	     -0.89521507	      1.38671018	     -0.51549110	      0.92357454	     -0.05197124	      5.13824829	     -4.75651835	    -23.03269558	     34.49978879	      3.95515096	      0.60213491	     23.29902762	     11.07991704	     -8.48046831	     26.19767405	     -8.21792718	    -16.82338164	     43.78642678	      1.65271367	      0.76421732	      9.10000697	     -9.27888620	     -8.48046831	    -18.52363977	      7.00626176	     -4.69656479	      9.61168873	    -16.26144567	      3.51575483	     40.87131215	     90.00000001	      0.00000000	      0.00000000	    -13.72793126	     -9.04061222	     -3.06013852	     57.18990342	     90.00000001	      0.00000000	      0.00000000
      1.53000000	      3.42280985	     -0.97646597	      1.24272086	     -0.51238174	      0.92397665	     -0.05185362	      4.44674687	     -4.55618327	    -22.65264464	     34.05464744	      4.06428382	      0.59436572	     23.40800692	     11.04631229	     -8.45176029	     25.67934249	     -8.03006827	    -18.04197128	     42.23415530	      0.93882194	      0.73712507	      8.87657565	     -7.71845352	     -8.45176029	    -18.75021072	      6.93324487	     -4.51162292	      9.62745997	    -16.18410415	      3.14126833	     40.68698315	     90.00000001	      0.00000000	      0.00000000	    -13.65589474	     -8.97755345	     -2.97886837	     56.90066948	     90.00000001	      0.00000000	      0.00000000
      1.54000000	      3.26649312	     -1.26174025	      1.28355209	     -0.50943094	      0.92325673	     -0.05193036	      4.34887862	     -4.22205983	    -22.64584392	     33.94753268	      4.11566205	      0.59249622	     23.50273436	     11.02867213	     -8.44591785	     25.92603592	     -8.12069100	    -18.38953856	     41.43240363	      0.81159370	      0.72313186	      8.88559361	     -7.47820052	     -8.44591785	    -18.46531569	      7.09773948	     -4.51937608	      9.53689436	    -16.17822471	      3.11084347	     40.68071036	     90.00000001	      0.00000000	      0.00000000	    -13.79797832	     -8.94175335	     -2.94697245	     56.89726130	     90.00000001	      0.00000000	      0.00000000
      1.55000000	      3.49739897	     -1.40950965	      1.05192011	     -0.50596515	      0.92344526	     -0.05163550	      3.69066546	     -3.98664865	    -22.25056006	     33.54296527	      4.28925891	      0.58543518	     23.54847040	     10.79739620	     -8.39043119	     25.51665191	     -8.16087040	    -19.99714061	     40.53973870	     -0.14514515	      0.70755192	      9.25443457	     -4.89249209	     -8.39043119	    -18.61102263	      7.02181837	     -4.30744645	      9.50575624	    -16.07119786	      2.82179333	     40.59719180	     90.00000001	      0.00000000	      0.00000000	    -13.87374737	     -8.90343414	     -2.84774743	     56.73616382	     90.00000001	      0.00000000	      0.00000000
      1.56000000	      3.36787472	     -1.66282969	      1.04121326	     -0.50285504	      0.92281158	     -0.05169450	      3.57480695	     -3.71748785	    -22.24308813	     33.49217821	      4.35775871	      0.58454878	     23.61678695	     10.79730271	     -8.38692558	     25.66345866	     -8.24773235	    -20.18713619	     40.05311066	     -0.25294522	      0.69905866	      9.21646701	     -4.84292887	     -8.38692558	    -18.34671220	      7.12328026	     -4.31333061	      9.43751983	    -16.03958442	      2.82949185	     40.60072053	     90.00000001	      0.00000000	      0.00000000	    -13.99814700	     -8.86698491	     -2.82199916	     56.69245288	     90.00000001	      0.00000000	      0.00000000
      1.57000000	      3.35425868	     -1.82326214	      0.91961158	     -0.49964850	      0.92261809	     -0.05168691	      3.26201389	     -3.40087712	    -21.92085965	     33.13836840	      4.30262259	      0.57837364	     23.79302308	     10.77437957	     -8.37849852	     25.58175354	     -8.12737252	    -20.55816189	     39.50993679	     -0.75195992	      0.68957848	      8.96477863	     -4.48701033	     -8.37849852	    -18.22093553	      7.08783492	     -4.19696898	      9.37766822	    -15.96772742	      2.83577382	     40.53179494	     90.00000001	      0.00000000	      0.00000000	    -14.01763336	     -8.80544175	     -2.77722526	     56.48017843	     90.00000001	      0.00000000	      0.00000000
      1.58000000	      3.61290513	     -1.92450241	      0.67392391	     -0.49609327	      0.92297076	     -0.05151948	      2.57874218	     -3.25779699	    -21.43058254	     32.78095078	      4.54759285	      0.57213552	     23.75193545	     10.49515813	     -8.34945052	     25.07450934	     -8.11902983	    -21.50501838	     39.07642473	     -1.38228680	      0.68201227	      9.03749930	     -3.27977254	     -8.34945052	    -18.39698193	      6.95457003	     -3.99017155	      9.35116245	    -15.84982516	      2.71918313	     40.50213090	     90.00000001	      0.00000000	      0.00000000	    -14.05541417	     -8.77738106	     -2.72211565	     56.33433054	     90.00000001	      0.00000000	      0.00000000
      1.59000000	      3.55020871	     -2.05883229	      0.54095947	     -0.49269423	      0.92256286	     -0.05153049	      2.40503065	     -3.11114795	    -21.37859670	     32.76808901	      4.53009482	      0.57191104	     23.77954396	     10.49392993	     -8.34812808	     25.06190343	     -8.09280533	    -21.44524754	     39.01369555	     -1.54703225	      0.68091744	      9.04690224	     -3.25244618	     -8.34812808	    -18.19061162	      6.87232413	     -3.93741229	      9.26878100	    -15.72726231	      2.74602545	     40.50208788	     90.00000001	      0.00000000	      0.00000000	    -14.20685629	     -8.75852156	     -2.71293230	     56.27083121	     90.00000001	      0.00000000	      0.00000000
      1.60000000	      3.49670539	     -2.17182899	      0.38349269	     -0.48921146	      0.92225761	     -0.05152987	      2.21617507	     -2.97402209	    -21.28741458	     32.72194891	      4.49226875	      0.57110575	     23.81753339	     10.49702460	     -8.34707141	     24.99112021	     -8.03460330	    -21.35118393	     38.98782890	     -1.76090707	      0.68046598	      9.05261028	     -3.23757756	     -8.34707141	    -17.98023416	      6.75030809	     -3.86015007	      9.19955137	    -15.58849518	      2.77718589	     40.50670586	     90.00000001	      0.00000000	      0.00000000	    -14.33824855	     -8.72356304	     -2.69999547	     56.19963004	     90.00000001	      0.00000000	      0.00000000
      1.61000000	      3.51335755	     -2.21367865	      0.14329295	     -0.48571577	      0.92234313	     -0.05160764	      1.81996993	     -2.75658328	    -20.77256515	     32.23930438	      4.39923481	      0.56268201	     24.05081830	     10.49230325	     -8.34125449	     24.75455767	     -7.80937196	    -21.43796060	     38.83425552	     -2.23587952	      0.67778562	      9.14372749	     -3.27257938	     -8.34125449	    -17.88414792	      6.56157838	     -3.70637716	      9.12951726	    -15.46475916	      2.78451644	     40.50528661	     90.00000001	      0.00000000	      0.00000000	    -14.36464837	     -8.70269689	     -2.69939023	     55.99001947	     90.00000001	      0.00000000	      0.00000000
      1.62000000	      3.48139843	     -2.30079015	     -0.05545518	     -0.48211956	      0.92222280	     -0.05169894	      1.60835973	     -2.69158136	    -20.71606663	     32.22978358	      4.39877060	      0.56251584	     24.05611575	     10.48602123	     -8.34045586	     24.60048847	     -7.77486065	    -21.29884259	     38.90977784	     -2.39444346	      0.67910373	      9.13781762	     -3.26776298	     -8.34045586	    -17.70154294	      6.41214714	     -3.60963866	      9.05261404	    -15.28517345	      2.82451341	     40.51336352	     90.00000001	      0.00000000	      0.00000000	    -14.49527198	     -8.65160517	     -2.68593224	     55.91619905	     90.00000001	      0.00000000	      0.00000000
      1.63000000	      3.65690760	     -2.22002734	     -0.36977668	     -0.47845698	      0.92267391	     -0.05162027	      1.00125587	     -2.66101616	    -20.15375713	     31.72893085	      4.39894584	      0.55377431	     24.18332874	     10.47326167	     -8.33451028	     24.13000279	     -7.56965415	    -21.24195924	     38.96672801	     -2.57760956	      0.68009770	      9.31774343	     -3.51669356	     -8.33451028	    -17.77621362	      6.02257674	     -3.39189340	      8.96026492	    -15.09965450	      2.83430850	     40.54833895	     90.00000001	      0.00000000	      0.00000000	    -14.50160361	     -8.64713589	     -2.73569706	     55.67064824	     90.00000001	      0.00000000	      0.00000000
      1.64000000	      3.80262641	     -2.18216274	     -0.66522881	     -0.47474519	      0.92312885	     -0.05174697	      0.43841957	     -2.67174854	    -19.74048535	     31.33285487	      4.45885538	      0.54686148	     24.20557034	     10.42825865	     -8.32837450	     23.64812003	     -7.44071449	    -21.10225819	     38.98352690	     -2.60884829	      0.68039090	      9.42756225	     -3.82166498	     -8.32837450	    -17.80572960	      5.72874223	     -3.20995225	      8.87740014	    -14.90578898	      2.84436998	     40.60570929	     90.00000001	      0.00000000	      0.00000000	    -14.51140695	     -8.61029667	     -2.78625428	     55.49589651	     90.00000001	      0.00000000	      0.00000000
      1.65000000	      4.12031111	     -2.18675361	     -0.96658489	     -0.47098980	      0.92408084	     -0.05186405	     -0.42812198	     -2.66385753	    -19.17041382	     30.71634428	      4.73394836	      0.53610134	     24.11136679	     10.24662355	     -8.31260573	     22.84846370	     -7.34956792	    -20.76386163	     38.80029457	     -2.46109906	      0.67719289	      9.43236301	     -4.66120304	     -8.31260573	    -18.03729949	      5.45230790	     -2.98215370	      8.80583253	    -14.74098908	      2.81105637	     40.71940855	     90.00000001	      0.00000000	      0.00000000	    -14.51391165	     -8.56264552	     -2.91031628	     55.25591717	     90.00000001	      0.00000000	      0.00000000
      1.66000000	      4.03814974	     -2.20924172	     -1.17477482	     -0.46745648	      0.92414009	     -0.05223691	     -0.60134690	     -2.67560892	    -19.14729957	     30.65132068	      4.67511986	      0.53496647	     24.09741078	     10.23188822	     -8.31171201	     22.71004230	     -7.29183328	    -20.60708534	     38.91910486	     -2.54552235	      0.67926652	      9.43230594	     -4.69085126	     -8.31171201	    -17.81878206	      5.25264094	     -2.89645692	      8.72834342	    -14.49707755	      2.87388177	     40.74571509	     90.00000001	      0.00000000	      0.00000000	    -14.61551763	     -8.49514932	     -2.89626309	     55.19802106	     90.00000001	      0.00000000	      0.00000000
      1.67000000	      4.27964765	     -2.03671480	     -1.41585126	     -0.46385125	      0.92512535	     -0.05260294	     -1.46147696	     -2.80813705	    -18.69259206	     29.79605055	      4.77796646	      0.52003919	     23.89339534	     10.08921635	     -8.28227792	     21.98689694	     -7.03088178	    -19.98780247	     38.76011597	     -2.04525980	      0.67649164	      9.22855518	     -6.24958587	     -8.28227792	    -17.97509172	      4.80386550	     -2.76748186	      8.63407214	    -14.29118429	      2.93673366	     40.90349073	     90.00000001	      0.00000000	      0.00000000	    -14.54945236	     -8.45428948	     -3.12431268	     54.94875421	     90.00000001	      0.00000000	      0.00000000
      1.68000000	      4.16241135	     -1.93419988	     -1.63823075	     -0.46031790	      0.92527602	     -0.05301888	     -1.70051771	     -2.93692862	    -18.61882977	     29.47920588	      4.72746520	      0.51450920	     23.89322750	     10.14086357	     -8.27857731	     21.82550937	     -6.93607320	    -19.94999594	     38.84369573	     -1.93295503	      0.67795038	      9.40589268	     -6.45074376	     -8.27857731	    -17.71105999	      4.45626082	     -2.67872246	      8.52026658	    -14.05272356	      3.01362435	     40.95745717	     90.00000001	      0.00000000	      0.00000000	    -14.60232670	     -8.43027981	     -3.16575268	     54.79697400	     90.00000001	      0.00000000	      0.00000000
      1.69000000	      4.14986220	     -1.83974976	     -1.88246400	     -0.45676305	      0.92577981	     -0.05352849	     -2.17046676	     -3.08611074	    -18.45993193	     28.93520756	      4.80992481	      0.50501464	     23.84991908	     10.34416468	     -8.27252367	     21.44818207	     -6.83423612	    -19.94070603	     38.74249448	     -1.77216702	      0.67618409	      9.63546926	     -6.80922092	     -8.27252367	    -17.57506393	      4.12937140	     -2.54366597	      8.39807085	    -13.85544342	      3.09615970	     41.08114555	     90.00000001	      0.00000000	      0.00000000	    -14.59411254	     -8.37711015	     -3.29059662	     54.54712390	     90.00000001	      0.00000000	      0.00000000
      1.70000000	      4.38859569	     -1.77182184	     -2.06987979	     -0.45321314	      0.92690010	     -0.05422327	     -3.05321957	     -3.24343934	    -18.36130365	     28.14477741	      5.00688644	      0.49121903	     23.66376946	     10.74308876	     -8.25735423	     20.67956174	     -6.73248808	    -19.97905849	     38.40463292	     -1.56518970	      0.67028729	      9.62793748	     -7.25754300	     -8.25735423	    -17.75012077	      3.84892778	     -2.42787239	      8.30053756	    -13.68201130	      3.23911008	     41.32137245	     90.00000001	      0.00000000	      0.00000000	    -14.51568029	     -8.26251569	     -3.53642218	     54.27809602	     90.00000001	      0.00000000	      0.00000000
      1.71000000	      4.23294480	     -1.82097411	     -2.18071413	     -0.45018460	      0.92710384	     -0.05510065	     -3.16309111	     -3.28160043	    -18.42357481	     28.05587969	      5.01069196	      0.48966748	     23.65372668	     10.74449595	     -8.25679657	     20.59949273	     -6.75116490	    -19.98463791	     38.41028772	     -1.55477234	      0.67038599	      9.64513527	     -7.26894783	     -8.25679657	    -17.51382401	      3.74781481	     -2.37888423	      8.30174760	    -13.48722727	      3.29504250	     41.37662074	     90.00000001	      0.00000000	      0.00000000	    -14.52004549	     -8.21886496	     -3.53080704	     54.26396779	     90.00000001	      0.00000000	      0.00000000
      1.72000000	      4.00367342	     -1.58886660	     -2.38493979	     -0.44658862	      0.92743165	     -0.05573889	     -3.54401853	     -3.56741352	    -18.56267650	     27.18394438	      5.04807982	      0.47444933	     23.48817597	     10.99862098	     -8.25289087	     20.38817555	     -6.64396673	    -20.40506330	     38.19628258	     -1.23704881	      0.66665089	      9.88825303	     -7.38403326	     -8.25289087	    -17.11789979	      3.29419822	     -2.29223046	      8.08084959	    -13.23696333	      3.44433796	     41.53056747	     90.00000001	      0.00000000	      0.00000000	    -14.56081803	     -8.18448255	     -3.66848899	     54.01657135	     90.00000001	      0.00000000	      0.00000000
      1.73000000	      4.44541841	     -1.50676428	     -2.57050916	     -0.44296706	      0.92913923	     -0.05663946	     -4.88343277	     -3.82053870	    -18.62649950	     25.94578157	      5.40746966	      0.45283932	     23.05413541	     11.95463476	     -8.23790435	     19.24947980	     -6.49882433	    -21.01060620	     37.54437175	     -1.30062259	      0.65527290	     10.04364772	     -7.06079243	     -8.23790435	    -17.54021354	      3.01187423	     -2.16980148	      7.97194921	    -13.15633609	      3.75909945	     41.94094714	     90.00000001	      0.00000000	      0.00000000	    -14.39883349	     -8.02995351	     -4.04854134	     53.62328274	     90.00000001	      0.00000000	      0.00000000
      1.74000000	      4.17123072	     -1.44616269	     -2.69784655	     -0.43983895	      0.92933998	     -0.05750758	     -5.04023743	     -3.97830592	    -18.88845113	     25.49014309	      5.45798914	      0.44488692	     22.96983486	     12.07105592	     -8.23503942	     19.17596114	     -6.52653455	    -21.34433377	     37.37420318	     -1.09788221	      0.65230290	     10.15430922	     -6.98295250	     -8.23503942	    -17.16220387	      2.79201167	     -2.12089026	      7.88327844	    -12.94525068	      3.88524785	     42.04934917	     90.00000001	      0.00000000	      0.00000000	    -14.45019626	     -7.99620929	     -4.09667966	     53.56162405	     90.00000001	      0.00000000	      0.00000000
      1.75000000	      4.53035694	     -1.31398141	     -2.87182600	     -0.43618521	      0.93083263	     -0.05849354	     -6.24458733	     -4.28849260	    -19.35099468	     24.35240624	      5.61843301	      0.42502967	     22.60208466	     13.48098946	     -8.19687698	     18.16454261	     -6.36675201	    -22.57230135	     36.77069450	     -1.46789988	      0.64176969	     10.72211217	     -5.11923282	     -8.19687698	    -17.48147384	      2.47549095	     -2.04355512	      7.78077848	    -12.91623433	      4.52198526	     42.45195818	     90.00000001	      0.00000000	      0.00000000	    -14.42085464	     -7.88621862	     -4.42267184	     53.45095899	     90.00000001	      0.00000000	      0.00000000
      1.76000000	      4.23767877	     -1.25766320	     -3.01052478	     -0.43317020	      0.93106006	     -0.05948659	     -6.41198066	     -4.48777416	    -19.59095003	     23.82610710	      5.77978722	      0.41584402	     22.42875273	     13.66835411	     -8.19299606	     18.10120275	     -6.37027834	    -22.92100575	     36.56627897	     -1.28583256	      0.63820196	     10.85702880	     -5.06020296	     -8.19299606	    -17.10375418	      2.29524447	     -1.94165031	      7.68867758	    -12.73806462	      4.63204180	     42.60887664	     90.00000001	      0.00000000	      0.00000000	    -14.41194920	     -7.85652672	     -4.48510472	     53.28490528	     90.00000001	      0.00000000	      0.00000000
      1.77000000	      3.99857641	     -1.19779453	     -3.14968158	     -0.43007726	      0.93142849	     -0.06047599	     -6.69698067	     -4.69802643	    -19.86577603	     23.18448141	      5.99312713	      0.40464554	     22.17160849	     13.96488367	     -8.18935550	     17.92020265	     -6.35863957	    -23.32485081	     36.24964943	     -1.12044865	      0.63267574	     10.99733529	     -4.93589772	     -8.18935550	    -16.78723215	      2.10131798	     -1.84478265	      7.56321477	    -12.57127934	      4.79792699	     42.81530833	     90.00000001	      0.00000000	      0.00000000	    -14.39281764	     -7.77320523	     -4.56707467	     53.12003807	     90.00000001	      0.00000000	      0.00000000
      1.78000000	      4.41045270	     -1.09027310	     -3.29855415	     -0.42675988	      0.93308386	     -0.06166377	     -7.97399641	     -5.03855500	    -20.20138706	     21.99823918	      6.38506509	      0.38394170	     21.52126786	     15.13851221	     -8.17312642	     16.84096410	     -6.10471489	    -24.08118339	     35.54976643	     -1.29749200	      0.62046047	     11.21110551	     -3.91172573	     -8.17312642	    -17.22915351	      1.84780621	     -1.73180558	      7.47599932	    -12.59131239	      5.37423614	     43.38173347	     90.00000001	      0.00000000	      0.00000000	    -14.23167243	     -7.64899036	     -4.87091458	     52.86784321	     90.00000001	      0.00000000	      0.00000000
      1.79000000	      4.11034605	     -1.05657553	     -3.44399725	     -0.42387663	      0.93325613	     -0.06265321	     -8.04458045	     -5.18839990	    -20.48480636	     21.62577566	      6.47339057	      0.37744099	     21.38631629	     15.28187417	     -8.17008729	     16.79947896	     -6.09988793	    -24.35780811	     35.34683724	     -1.12260667	      0.61691869	     11.34162818	     -3.77071085	     -8.17008729	    -16.86381728	      1.69852886	     -1.62029410	      7.42997030	    -12.43561496	      5.53765134	     43.51275358	     90.00000001	      0.00000000	      0.00000000	    -14.26115152	     -7.62193324	     -4.90955641	     52.85324486	     90.00000001	      0.00000000	      0.00000000
      1.80000000	      4.29233743	     -0.91512452	     -3.61995721	     -0.42071783	      0.93435306	     -0.06387037	     -8.87480834	     -5.57981096	    -20.90931036	     20.80861948	      6.76560322	      0.36317892	     20.87507849	     16.27691722	     -8.15257139	     16.05660758	     -5.82711527	    -24.98753087	     34.78325513	     -1.22805173	      0.60708233	     11.62397547	     -2.80001051	     -8.15257139	    -17.05300183	      1.43021595	     -1.50625047	      7.35710103	    -12.50177204	      6.22827434	     44.01488463	     90.00000001	      0.00000000	      0.00000000	    -14.21034752	     -7.52855764	     -5.11719401	     52.73285366	     90.00000001	      0.00000000	      0.00000000
      1.81000000	      4.00340492	     -0.93219453	     -3.77462962	     -0.41803879	      0.93452639	     -0.06481855	     -8.85990390	     -5.67949505	    -21.14538085	     20.57482896	      6.85423252	      0.35909851	     20.77013899	     16.34908535	     -8.15051512	     16.03696578	     -5.83999300	    -25.15189584	     34.60607011	     -1.09335313	      0.60398986	     11.72507399	     -2.74559115	     -8.15051512	    -16.74102897	      1.34939797	     -1.37494019	      7.37573503	    -12.33693284	      6.35848233	     44.14651901	     90.00000001	      0.00000000	      0.00000000	    -14.24442283	     -7.52824050	     -5.14634153	     52.72610966	     90.00000001	      0.00000000	      0.00000000
      1.82000000	      3.81563444	     -0.82713261	     -3.96676973	     -0.41524607	      0.93488594	     -0.06588324	     -9.00753665	     -5.94161881	    -21.31368260	     20.20123769	      6.97711787	      0.35257811	     20.38232899	     16.67738951	     -8.14592176	     15.84701172	     -5.63827113	    -25.31239547	     34.28085898	     -1.00022857	      0.59831386	     11.93483062	     -2.59095347	     -8.14592176	    -16.52944561	      1.13731677	     -1.20744527	      7.30285821	    -12.26454786	      6.67999194	     44.42659217	     90.00000001	      0.00000000	      0.00000000	    -14.21287833	     -7.48884099	     -5.23051064	     52.66917002	     90.00000001	      0.00000000	      0.00000000
      1.83000000	      3.98285577	     -0.70069323	     -4.13636599	     -0.41240866	      0.93581326	     -0.06714823	     -9.56071256	     -6.34629299	    -21.62498172	     19.88359796	      7.24019125	      0.34703425	     19.97373135	     17.33158595	     -8.13189901	     15.19528104	     -5.27971759	    -25.55414196	     33.74813238	     -1.07156181	      0.58901603	     12.06376915	     -2.19528802	     -8.13189901	    -16.74299673	      0.90331578	     -1.11204106	      7.29525189	    -12.37493678	      7.49160972	     44.98148910	     90.00000001	      0.00000000	      0.00000000	    -14.16873074	     -7.41781900	     -5.39625731	     52.61548483	     90.00000001	      0.00000000	      0.00000000
      1.84000000	      3.78170264	     -0.73059869	     -4.29550189	     -0.40990805	      0.93601514	     -0.06814912	     -9.52221863	     -6.40054939	    -21.76084757	     19.80033243	      7.22606569	      0.34558099	     19.91766892	     17.34115540	     -8.13048034	     15.16004201	     -5.24081334	    -25.57677812	     33.66938784	     -1.01672512	      0.58764168	     12.11675772	     -2.18100592	     -8.13048034	    -16.56403164	      0.84701465	     -0.97234471	      7.39018026	    -12.23468999	      7.60076838	     45.09158036	     90.00000001	      0.00000000	      0.00000000	    -14.17770088	     -7.41320871	     -5.41038012	     52.63985842	     90.00000001	      0.00000000	      0.00000000
      1.85000000	      3.63237801	     -0.77627924	     -4.39711046	     -0.40741113	      0.93626946	     -0.06926360	     -9.51828281	     -6.43694105	    -21.81475163	     19.77895170	      7.21402737	      0.34520783	     19.86392933	     17.34523919	     -8.12986125	     15.10660238	     -5.18682331	    -25.55891015	     33.62551789	     -1.00816317	      0.58687600	     12.15471080	     -2.17734056	     -8.12986125	    -16.44468802	      0.83203250	     -0.85905998	      7.48662556	    -12.09018452	      7.68761681	     45.19218879	     90.00000001	      0.00000000	      0.00000000	    -14.16226385	     -7.39033590	     -5.41235912	     52.65770311	     90.00000001	      0.00000000	      0.00000000
      1.86000000	      3.44850659	     -0.61540265	     -4.68208562	     -0.40483428	      0.93649634	     -0.07017893	     -9.33962635	     -6.70951686	    -21.83172513	     19.86500805	      7.04451972	      0.34670980	     19.39269219	     17.41664264	     -8.12562034	     14.88369489	     -4.86218930	    -25.54854952	     33.17461566	     -0.85736660	      0.57900627	     12.48172781	     -2.24034210	     -8.12562034	    -16.26090362	      0.54625935	     -0.62748662	      7.45701652	    -12.10030957	      8.17731496	     45.53713113	     90.00000001	      0.00000000	      0.00000000	    -14.19952366	     -7.38561374	     -5.50992194	     52.70492098	     90.00000001	      0.00000000	      0.00000000
      1.87000000	      3.45435948	     -0.50853888	     -4.87741392	     -0.40249824	      0.93693650	     -0.07134329	     -9.27974930	     -7.03770525	    -21.86259058	     20.27041788	      7.06634122	      0.35378553	     19.20877397	     17.36093801	     -8.11857564	     14.56088956	     -4.50939053	    -25.45476720	     32.85068225	     -0.87275276	      0.57335257	     12.57979208	     -2.39707271	     -8.11857564	    -16.33875244	      0.33863449	     -0.49265432	      7.55498184	    -12.20566715	      8.88456974	     45.93299452	     90.00000001	      0.00000000	      0.00000000	    -14.18336728	     -7.36335459	     -5.60480630	     52.75158494	     90.00000001	      0.00000000	      0.00000000
      1.88000000	      3.34802656	     -0.56457776	     -4.92548793	     -0.40000785	      0.93714848	     -0.07255785	     -9.28356237	     -7.05021105	    -21.86907931	     20.29451507	      7.04539953	      0.35420611	     19.19920624	     17.34772226	     -8.11812688	     14.50152189	     -4.44724509	    -25.42103686	     32.85590346	     -0.89134707	      0.57344369	     12.58144411	     -2.40262643	     -8.11812688	    -16.26266611	      0.35495795	     -0.42265654	      7.65674776	    -12.09514046	      8.94571216	     46.00549974	     90.00000001	      0.00000000	      0.00000000	    -14.16849781	     -7.35420726	     -5.60365645	     52.76465554	     90.00000001	      0.00000000	      0.00000000
      1.89000000	      3.22508148	     -0.37098115	     -5.20072969	     -0.39785299	      0.93727880	     -0.07356482	     -8.83695112	     -7.42975466	    -21.80887793	     21.05787579	      6.83026896	      0.36752927	     19.09023850	     16.95817226	     -8.10820823	     14.31397635	     -4.01198059	    -25.25969807	     32.47634051	     -0.82890214	      0.56681907	     12.67909842	     -2.82368830	     -8.10820823	    -16.19221452	      0.04321786	     -0.27469928	      7.79308331	    -12.22550251	      9.85999444	     46.34861407	     90.00000001	      0.00000000	      0.00000000	    -14.23732089	     -7.36108015	     -5.71623467	     52.90270482	     90.00000001	      0.00000000	      0.00000000
      1.90000000	      3.14968795	     -0.42577471	     -5.24388115	     -0.39548180	      0.93748635	     -0.07474583	     -8.81517158	     -7.42922258	    -21.74362673	     21.14600810	      6.76290134	      0.36906747	     19.05922310	     16.93801836	     -8.10749098	     14.24534515	     -3.92576806	    -25.18546174	     32.48395467	     -0.88642826	      0.56695196	     12.69083974	     -2.84391047	     -8.10749098	    -16.16771730	      0.05521868	     -0.23000244	      7.93376241	    -12.09656136	      9.93094441	     46.43991221	     90.00000001	      0.00000000	      0.00000000	    -14.22975417	     -7.35282959	     -5.71167165	     52.90691319	     90.00000001	      0.00000000	      0.00000000
      1.91000000	      2.97902936	     -0.22778752	     -5.46371060	     -0.39359263	      0.93743425	     -0.07585970	     -8.14182918	     -7.79354095	    -21.49628656	     22.22367573	      6.48437191	      0.38787631	     19.03062114	     16.23283199	     -8.09464687	     14.19216634	     -3.47416914	    -24.92608475	     32.19831714	     -0.83418243	      0.56196665	     12.72422764	     -3.47979340	     -8.09464687	    -16.06103885	     -0.23629011	     -0.15809615	      8.14829273	    -12.20583290	     10.78924335	     46.64943510	     90.00000001	      0.00000000	      0.00000000	    -14.28564082	     -7.37316938	     -5.81497198	     53.04484033	     90.00000001	      0.00000000	      0.00000000
      1.92000000	      2.95302658	     -0.29356460	     -5.50851448	     -0.39143984	      0.93770876	     -0.07705894	     -8.02842535	     -7.75663989	    -21.29944823	     22.51645883	      6.28856027	      0.39298634	     18.92286982	     16.14974135	     -8.09261631	     14.06230005	     -3.35744866	    -24.79598873	     32.14793315	     -0.92351391	      0.56108728	     12.77826215	     -3.55950798	     -8.09261631	    -16.11456842	     -0.21534273	     -0.15852590	      8.36326395	    -12.11675166	     10.88158875	     46.74760111	     90.00000001	      0.00000000	      0.00000000	    -14.29207459	     -7.38949049	     -5.81779207	     53.04861396	     90.00000001	      0.00000000	      0.00000000
      1.93000000	      2.72558078	     -0.12431991	     -5.68560992	     -0.38953028	      0.93751978	     -0.07817314	     -7.32165049	     -8.10411232	    -21.04683115	     23.56259131	      6.10022609	      0.41124480	     18.91633801	     15.28166379	     -8.07730981	     14.09861723	     -2.99073885	    -24.56671449	     31.92271460	     -0.83926723	      0.55715648	     12.74545367	     -4.19489115	     -8.07730981	    -15.92132226	     -0.45798052	     -0.07205637	      8.57374014	    -12.15123323	     11.51769275	     46.78621632	     90.00000001	      0.00000000	      0.00000000	    -14.34221983	     -7.39754758	     -5.90112966	     53.16411026	     90.00000001	      0.00000000	      0.00000000
      1.94000000	      2.73655366	     -0.19820300	     -5.70145313	     -0.38745696	      0.93784086	     -0.07936305	     -7.19137795	     -8.05122072	    -20.82329358	     23.95348796	      5.85554713	      0.41806723	     18.75604556	     15.17243138	     -8.07503839	     13.91145909	     -2.91021815	    -24.46197817	     31.84965055	     -0.87086613	      0.55588127	     12.81780344	     -4.25616333	     -8.07503839	    -16.01900635	     -0.42560132	     -0.09595757	      8.80303369	    -12.05752331	     11.58734174	     46.85904319	     90.00000001	      0.00000000	      0.00000000	    -14.33867197	     -7.42102204	     -5.90060416	     53.15751648	     90.00000001	      0.00000000	      0.00000000
      1.95000000	      2.56578462	     -0.07891003	     -5.87652697	     -0.38550917	      0.93773477	     -0.08043796	     -6.53102585	     -8.34205833	    -20.56751247	     25.00996262	      5.63245914	      0.43650619	     18.62992484	     14.34749204	     -8.06088581	     13.84825114	     -2.63038887	    -24.33653486	     31.59589246	     -0.77583435	      0.55145235	     12.84553909	     -4.63870613	     -8.06088581	    -15.87501918	     -0.61267073	     -0.01667408	      9.04649932	    -12.04206350	     12.01062074	     46.79949521	     90.00000001	      0.00000000	      0.00000000	    -14.40730039	     -7.42070869	     -5.95966243	     53.23141946	     90.00000001	      0.00000000	      0.00000000
      1.96000000	      2.52349493	     -0.04669207	     -5.93163819	     -0.38359447	      0.93794902	     -0.08149929	     -6.16020629	     -8.44126135	    -20.33585333	     25.74002772	      5.33619230	      0.44924823	     18.40666915	     13.93145950	     -8.05314666	     13.67005775	     -2.48591631	    -24.26785007	     31.41454677	     -0.67019310	      0.54828727	     12.92616943	     -4.75493890	     -8.05314666	    -15.89829228	     -0.71889567	      0.00057375	      9.27199091	    -11.97072587	     12.20384745	     46.76810129	     90.00000001	      0.00000000	      0.00000000	    -14.38105138	     -7.46248077	     -5.99362154	     53.26191522	     90.00000001	      0.00000000	      0.00000000
      1.97000000	      2.46356095	     -0.00328678	     -5.99289305	     -0.38166017	      0.93809247	     -0.08263095	     -5.72855994	     -8.60360221	    -20.08010949	     26.57356850	      5.10066869	      0.46379626	     18.18664896	     13.46857802	     -8.04542928	     13.49914292	     -2.31143755	    -24.23027328	     31.20135491	     -0.60724719	      0.54456637	     12.99242005	     -4.81996875	     -8.04542928	    -15.88808789	     -0.81826441	     -0.00860564	      9.51714541	    -11.90411681	     12.40419465	     46.71261140	     90.00000001	      0.00000000	      0.00000000	    -14.40382344	     -7.48605293	     -6.03049403	     53.27314064	     90.00000001	      0.00000000	      0.00000000
      1.98000000	      2.41697964	      0.03012689	     -6.03522341	     -0.37974735	      0.93828191	     -0.08380156	     -5.30555999	     -8.76900613	    -19.81570685	     27.42217823	      4.88297493	      0.47860730	     17.93150383	     13.03531681	     -8.03835881	     13.30345258	     -2.15057029	    -24.21708749	     30.96920357	     -0.54086046	      0.54051457	     13.05607527	     -4.82875211	     -8.03835881	    -15.89172264	     -0.89951972	     -0.02729848	      9.75875822	    -11.84447209	     12.57242278	     46.64185519	     90.00000001	      0.00000000	      0.00000000	    -14.42104657	     -7.50124358	     -6.07379304	     53.27293727	     90.00000001	      0.00000000	      0.00000000
      1.99000000	      2.44859358	     -0.06994428	     -5.96616268	     -0.37785718	      0.93866600	     -0.08505097	     -5.09779449	     -8.75300735	    -19.52966721	     28.04334182	      4.72076232	      0.48944865	     17.69777464	     12.90120415	     -8.03596144	     13.06608678	     -2.11214587	    -24.16658838	     30.81330985	     -0.56315926	      0.53779371	     13.10426110	     -4.79220256	     -8.03596144	    -16.00824203	     -0.81709679	     -0.14203020	     10.01022347	    -11.76068207	     12.62179859	     46.66687854	     90.00000001	      0.00000000	      0.00000000	    -14.42575598	     -7.51919269	     -6.08051341	     53.23129774	     90.00000001	      0.00000000	      0.00000000
      2.00000000	      2.48360292	     -0.12259084	     -5.94343725	     -0.37594633	      0.93906367	     -0.08620153	     -4.76882811	     -8.81556451	    -19.26930672	     28.90808642	      4.48245950	      0.50454129	     17.32967103	     12.65882558	     -8.03342087	     12.73770173	     -2.07620826	    -24.16964098	     30.54177741	     -0.43979326	      0.53305458	     13.19035710	     -4.70880747	     -8.03342087	    -16.09912720	     -0.80045935	     -0.22404702	     10.25657099	    -11.68923404	     12.70475900	     46.62272573	     90.00000001	      0.00000000	      0.00000000	    -14.42852517	     -7.53447851	     -6.11025807	     53.19383948	     90.00000001	      0.00000000	      0.00000000
      2.01000000	      2.42215445	      0.05459770	     -6.06647244	     -0.37400050	      0.93924337	     -0.08717627	     -4.13252223	     -9.22283763	    -19.06862727	     30.12544429	      4.21649643	      0.52578819	     16.81515873	     12.04932115	     -8.02801384	     12.41931203	     -1.82425837	    -24.26899395	     30.07721569	     -0.18637099	      0.52494644	     13.29682406	     -4.51640174	     -8.02801384	    -16.02444492	     -1.07512385	     -0.11467473	     10.42828132	    -11.67353402	     12.89581646	     46.37499823	     90.00000001	      0.00000000	      0.00000000	    -14.41185630	     -7.52873167	     -6.24027081	     53.22622715	     90.00000001	      0.00000000	      0.00000000
      2.02000000	      2.31823552	      0.22224425	     -6.04574402	     -0.37215187	      0.93938109	     -0.08845137	     -3.54008618	     -9.63871677	    -18.59717134	     31.21050175	      4.23203420	      0.54472602	     16.46637382	     11.36774178	     -8.01785101	     12.25318393	     -1.47347628	    -24.42437211	     29.67130153	     -0.24217811	      0.51786191	     13.29300516	     -4.31467903	     -8.01785101	    -15.91873863	     -1.27584029	     -0.25257449	     10.62639709	    -11.54889574	     13.03721201	     46.24140313	     90.00000001	      0.00000000	      0.00000000	    -14.45812956	     -7.52369183	     -6.41994642	     53.20907243	     90.00000001	      0.00000000	      0.00000000
      2.03000000	      2.38595903	      0.16496101	     -6.03569909	     -0.37023314	      0.93988319	     -0.08957649	     -3.19158983	     -9.75940951	    -18.31458752	     32.17929714	      4.06238451	      0.56163469	     15.91276082	     11.09587111	     -8.01297619	     11.82110342	     -1.48741992	    -24.44717318	     29.33356545	      0.01382354	      0.51196730	     13.35951928	     -4.13259989	     -8.01297619	    -16.02818417	     -1.25853434	     -0.25962177	     10.83313703	    -11.59279713	     13.04835236	     46.15306181	     90.00000001	      0.00000000	      0.00000000	    -14.46473956	     -7.51909507	     -6.51298555	     53.16532333	     90.00000001	      0.00000000	      0.00000000
      2.04000000	      2.42283722	      0.18581269	     -6.01036516	     -0.36831640	      0.94034194	     -0.09070886	     -2.75294426	     -9.98679064	    -17.98720774	     33.23831694	      3.92285665	      0.58011807	     15.28896851	     10.73544856	     -8.00711775	     11.40078183	     -1.38375359	    -24.51020900	     28.89319957	      0.20371369	      0.50428146	     13.43292685	     -3.88867695	     -8.00711775	    -16.08068838	     -1.32233396	     -0.32131329	     11.00321970	    -11.52953035	     13.08544097	     46.05909585	     90.00000001	      0.00000000	      0.00000000	    -14.47083932	     -7.47259690	     -6.64399304	     53.12863563	     90.00000001	      0.00000000	      0.00000000
      2.05000000	      2.48841648	      0.00991672	     -5.81590694	     -0.36641799	      0.94091191	     -0.09205450	     -2.51267689	     -9.96094708	    -17.66775526	     34.06770606	      3.88053040	      0.59459364	     14.86443785	     10.66033557	     -8.00460074	     11.04686632	     -1.47006791	    -24.49737811	     28.63056428	      0.26346137	      0.49969761	     13.45139881	     -3.74808155	     -8.00460074	    -16.20375418	     -1.11110762	     -0.53539411	     11.18784593	    -11.47965872	     13.05627774	     46.09748955	     90.00000001	      0.00000000	      0.00000000	    -14.51465520	     -7.44738544	     -6.68460905	     53.06236634	     90.00000001	      0.00000000	      0.00000000
      2.06000000	      2.51167903	      0.25176186	     -5.92577692	     -0.36447160	      0.94131822	     -0.09306851	     -1.87691244	    -10.54441619	    -17.24195634	     35.43255585	      3.83514668	      0.61841476	     13.93225106	      9.99789056	     -7.99579187	     10.53118070	     -1.09308130	    -24.63790790	     27.92351423	      0.50278863	      0.48735726	     13.48670490	     -3.30484269	     -7.99579187	    -16.19389988	     -1.44915357	     -0.47860641	     11.30449324	    -11.47965707	     13.07311109	     45.89438189	     90.00000001	      0.00000000	      0.00000000	    -14.53860657	     -7.37549167	     -7.01797628	     53.08113218	     90.00000001	      0.00000000	      0.00000000
      2.07000000	      2.64048673	      0.07067442	     -5.76791475	     -0.36260620	      0.94202710	     -0.09430241	     -1.61400053	    -10.56113987	    -16.92262081	     36.42055755	      3.81255898	      0.63565864	     13.34632412	      9.92647495	     -7.99326940	     10.05131625	     -1.23802643	    -24.61165478	     27.63180744	      0.70604791	      0.48226602	     13.50307256	     -3.12825469	     -7.99326940	    -16.37797258	     -1.24954056	     -0.61620849	     11.44033527	    -11.46082732	     13.03744071	     45.89074355	     90.00000001	      0.00000000	      0.00000000	    -14.53191142	     -7.32723287	     -7.09159072	     53.04581788	     90.00000001	      0.00000000	      0.00000000
      2.08000000	      2.66088354	      0.25318477	     -5.80986961	     -0.36060355	      0.94246326	     -0.09523405	     -1.00509013	    -11.04147274	    -16.45410859	     37.71701105	      3.80198801	      0.65828603	     12.26429775	      9.32502422	     -7.98434635	      9.53005791	     -0.94273958	    -24.70372951	     26.93344569	      0.96371357	      0.47007731	     13.54161455	     -2.70816743	     -7.98434635	    -16.35452589	     -1.51439105	     -0.59708211	     11.48340495	    -11.43653374	     13.00470968	     45.77330035	     90.00000001	      0.00000000	      0.00000000	    -14.56945369	     -7.24766554	     -7.44548509	     53.07568651	     90.00000001	      0.00000000	      0.00000000
      2.09000000	      2.81103373	      0.01389887	     -5.60759460	     -0.35875211	      0.94319083	     -0.09648021	     -0.78075134	    -11.00351961	    -16.15750685	     38.68495798	      3.83492125	      0.67517989	     11.70328443	      9.31762509	     -7.98235602	      9.06039939	     -1.14427004	    -24.64192885	     26.70114237	      1.12292708	      0.46602285	     13.54103655	     -2.56149981	     -7.98235602	    -16.56457541	     -1.24163594	     -0.75946748	     11.61593684	    -11.46589393	     12.93994546	     45.79215570	     90.00000001	      0.00000000	      0.00000000	    -14.59123073	     -7.19639274	     -7.50124384	     53.03615621	     90.00000001	      0.00000000	      0.00000000
      2.10000000	      2.86301073	      0.12164669	     -5.68490702	     -0.35678649	      0.94369068	     -0.09727408	     -0.17863305	    -11.39097706	    -15.76267620	     39.96762323	      3.74477254	      0.69756662	     10.41853679	      8.94662974	     -7.97650442	      8.48235125	     -1.01578721	    -24.63764724	     26.06670437	      1.58808522	      0.45494982	     13.61688891	     -2.19612958	     -7.97650442	    -16.58403106	     -1.43317845	     -0.66614364	     11.61093402	    -11.49010651	     12.88534541	     45.72583384	     90.00000001	      0.00000000	      0.00000000	    -14.62178934	     -7.11434891	     -7.80758529	     53.10968364	     90.00000001	      0.00000000	      0.00000000
      2.11000000	      2.96441940	      0.07477773	     -5.60574798	     -0.35490028	      0.94427856	     -0.09830879	      0.25348778	    -11.61454928	    -15.37233086	     41.12242430	      3.81059435	      0.71772170	      9.44979982	      8.65676362	     -7.97117729	      7.97971880	     -1.00527690	    -24.59485943	     25.63781895	      1.83942224	      0.44746435	     13.61998549	     -1.93604587	     -7.97117729	    -16.69401301	     -1.40206442	     -0.70293449	     11.65591757	    -11.53218000	     12.79499696	     45.69868056	     90.00000001	      0.00000000	      0.00000000	    -14.65483807	     -7.04447543	     -8.03381653	     53.14409188	     90.00000001	      0.00000000	      0.00000000
      2.12000000	      3.08569679	     -0.17077555	     -5.36650803	     -0.35305328	      0.94492931	     -0.09954326	      0.51259429	    -11.56698414	    -15.11275878	     42.04328747	      3.87855428	      0.73379379	      8.87887673	      8.62813258	     -7.96857250	      7.58707902	     -1.18734098	    -24.50829528	     25.43684830	      1.89692602	      0.44395675	     13.62097817	     -1.80587326	     -7.96857250	    -16.85802707	     -1.10203874	     -0.85645918	     11.69792307	    -11.57185512	     12.71503577	     45.71890599	     90.00000001	      0.00000000	      0.00000000	    -14.68860575	     -6.98089168	     -8.09436914	     53.13787709	     90.00000001	      0.00000000	      0.00000000
      2.13000000	      3.11757822	     -0.01054473	     -5.43340280	     -0.35122154	      0.94533403	     -0.10032447	      1.17736847	    -12.07671162	    -14.47775577	     43.33774073	      4.11814737	      0.75638627	      7.46146896	      7.71774747	     -7.95533050	      7.09673058	     -0.90799339	    -24.48939679	     24.79716852	      2.13401766	      0.43279224	     13.58325385	     -1.48818981	     -7.95533050	    -16.85876472	     -1.34075016	     -0.80833556	     11.67285565	    -11.56051011	     12.54470674	     45.64405956	     90.00000001	      0.00000000	      0.00000000	    -14.73053877	     -6.86861060	     -8.52719564	     53.23855472	     90.00000001	      0.00000000	      0.00000000
      2.14000000	      3.24662772	     -0.31145097	     -5.20488138	     -0.34940007	      0.94595661	     -0.10140214	      1.42449282	    -11.95794591	    -14.28476849	     44.17942958	      4.17678951	      0.77107651	      6.95823134	      7.77268433	     -7.95300286	      6.72212977	     -1.18934523	    -24.38235975	     24.68429092	      2.22281093	      0.43082215	     13.60400535	     -1.39916023	     -7.95300286	    -17.02946457	     -0.98796575	     -0.94146795	     11.69719450	    -11.62915427	     12.46688054	     45.66236008	     90.00000001	      0.00000000	      0.00000000	    -14.76571123	     -6.82315061	     -8.53715190	     53.24206470	     90.00000001	      0.00000000	      0.00000000
      2.15000000	      3.29002318	     -0.31605672	     -5.26794706	     -0.34763384	      0.94637130	     -0.10202691	      2.03408559	    -12.16781050	    -13.97114202	     45.21658825	      4.05023055	      0.78917834	      5.59760697	      7.50538177	     -7.94656122	      6.25919371	     -1.21023018	    -24.32232604	     24.23761175	      2.65273864	      0.42302613	     13.76241226	     -1.19187419	     -7.94656122	    -17.06984557	     -1.04471915	     -0.80209757	     11.64454603	    -11.69175078	     12.34641118	     45.62027540	     90.00000001	      0.00000000	      0.00000000	    -14.81205522	     -6.75069511	     -8.72598684	     53.38061142	     90.00000001	      0.00000000	      0.00000000
      2.16000000	      3.39991947	     -0.59994046	     -5.03150037	     -0.34583393	      0.94690488	     -0.10305829	      2.28634844	    -12.08405233	    -13.84780743	     45.94826051	      4.15655139	      0.80194843	      5.20941300	      7.50742724	     -7.94366710	      5.96686151	     -1.44765143	    -24.19765505	     24.19213685	      2.63864926	      0.42223244	     13.74498471	     -1.09671664	     -7.94366710	    -17.21537099	     -0.70176687	     -0.92895558	     11.61573966	    -11.75300098	     12.25740667	     45.63590120	     90.00000001	      0.00000000	      0.00000000	    -14.84706199	     -6.73324329	     -8.73954963	     53.39374799	     90.00000001	      0.00000000	      0.00000000
      2.17000000	      3.49559271	     -0.75699759	     -4.94524356	     -0.34415659	      0.94736042	     -0.10383299	      2.70163484	    -12.13938837	    -13.71549229	     46.73484539	      4.13402950	      0.81567693	      4.46987138	      7.43084784	     -7.94052532	      5.60740083	     -1.61870563	    -24.12794138	     24.01732297	      2.86357707	      0.41918136	     13.83621851	     -0.97325880	     -7.94052532	    -17.34868529	     -0.54681608	     -0.91212368	     11.59772387	    -11.83682513	     12.14839642	     45.59711652	     90.00000001	      0.00000000	      0.00000000	    -14.88393765	     -6.69905345	     -8.79907907	     53.46095191	     90.00000001	      0.00000000	      0.00000000
      2.18000000	      3.51914204	     -0.79185659	     -4.98883477	     -0.34241268	      0.94768454	     -0.10431123	      3.26027264	    -12.28949207	    -13.53702762	     47.44541264	      4.03724096	      0.82807867	      3.44566483	      7.08728777	     -7.93548895	      5.27312252	     -1.62875345	    -24.07724760	     23.71926576	      3.08597576	      0.41397928	     13.98303102	     -0.81213169	     -7.93548895	    -17.35623168	     -0.56578619	     -0.80647515	     11.51840819	    -11.83599219	     11.97780512	     45.48941592	     90.00000001	      0.00000000	      0.00000000	    -14.94047810	     -6.69527606	     -8.91384580	     53.58769070	     90.00000001	      0.00000000	      0.00000000
      2.19000000	      3.59407051	     -1.02388699	     -4.77791646	     -0.34069424	      0.94809733	     -0.10531786	      3.52851183	    -12.23731133	    -13.48704929	     47.84558034	      4.11955756	      0.83506291	      3.25056542	      7.04038052	     -7.93297492	      5.07623056	     -1.79001235	    -23.99633730	     23.71641120	      3.00753504	      0.41392946	     13.97091228	     -0.75000563	     -7.93297492	    -17.46268515	     -0.27223529	     -0.90477030	     11.46087118	    -11.92482587	     11.88098143	     45.46512669	     90.00000001	      0.00000000	      0.00000000	    -14.96474955	     -6.65909766	     -8.89250644	     53.62014109	     90.00000001	      0.00000000	      0.00000000
      2.20000000	      3.61818710	     -1.14822548	     -4.77733476	     -0.33914039	      0.94837661	     -0.10580145	      4.04835894	    -12.27209768	    -13.41661084	     48.32019560	      4.04638535	      0.84334651	      2.57211114	      6.65387984	     -7.92766871	      4.83843831	     -1.91282580	    -23.95476910	     23.57164682	      3.16557699	      0.41140285	     14.13931874	     -0.62262910	     -7.92766871	    -17.51052805	     -0.17175403	     -0.81683528	     11.43768177	    -11.91707852	     11.64956710	     45.29976095	     90.00000001	      0.00000000	      0.00000000	    -15.01016546	     -6.67422879	     -8.88219613	     53.71554949	     90.00000001	      0.00000000	      0.00000000
      2.21000000	      3.66453344	     -1.35502084	     -4.63418430	     -0.33753921	      0.94868372	     -0.10661544	      4.37661207	    -12.25501234	    -13.43925242	     48.51332122	      4.13372459	      0.84671719	      2.47854128	      6.56729451	     -7.92460173	      4.69453484	     -2.05998116	    -23.90929359	     23.58578468	      3.08582930	      0.41164960	     14.15758537	     -0.56992984	     -7.92460173	    -17.59427515	      0.07754439	     -0.85560774	     11.36993690	    -11.98059641	     11.54767945	     45.24646624	     90.00000001	      0.00000000	      0.00000000	    -15.03061013	     -6.66096148	     -8.83968684	     53.75495585	     90.00000001	      0.00000000	      0.00000000
      2.22000000	      3.71454888	     -1.45519727	     -4.52279487	     -0.33603171	      0.94900873	     -0.10723665	      4.69765435	    -12.27809279	    -13.41090793	     48.49834162	      4.14838935	      0.84645574	      2.47163369	      6.57265292	     -7.92259979	      4.59460856	     -2.10997329	    -23.80109749	     23.69224423	      3.04691135	      0.41350767	     14.12461584	     -0.50526423	     -7.92259979	    -17.68282058	      0.18092385	     -0.90084670	     11.28452216	    -12.01552706	     11.51679706	     45.25642284	     90.00000001	      0.00000000	      0.00000000	    -15.02982381	     -6.69268697	     -8.83030754	     53.78813392	     90.00000001	      0.00000000	      0.00000000
      2.23000000	      3.73632906	     -1.67672643	     -4.45826094	     -0.33440109	      0.94922462	     -0.10791277	      5.09516839	    -12.26457166	    -13.58174326	     48.52711237	      4.20123297	      0.84695789	      2.43814364	      6.42911961	     -7.92049935	      4.41754119	     -2.27844660	    -23.86200138	     23.59424169	      2.99119310	      0.41179720	     14.25534879	     -0.50300171	     -7.92049935	    -17.72896860	      0.43561671	     -0.84033022	     11.23337561	    -12.09213215	     11.39175070	     45.06866522	     90.00000001	      0.00000000	      0.00000000	    -15.07667492	     -6.65940971	     -8.74842626	     53.83230199	     90.00000001	      0.00000000	      0.00000000
      2.24000000	      3.78185290	     -2.03728491	     -4.36998542	     -0.33293593	      0.94962991	     -0.10818564	      5.39830289	    -11.83487022	    -13.69558608	     48.17110500	      4.03280060	      0.84074439	      2.28733049	      5.71028200	     -7.90817387	      4.28736473	     -2.71259858	    -23.83453345	     23.73151258	      3.05002374	      0.41419303	     14.61432386	     -0.20615140	     -7.90817387	    -17.82631168	      0.81427485	     -0.74573520	     11.28109422	    -11.86774927	     10.61240290	     44.47584173	     90.00000001	      0.00000000	      0.00000000	    -15.09615360	     -6.79974616	     -8.32954562	     53.86410569	     90.00000001	      0.00000000	      0.00000000
      2.25000000	      3.79265033	     -2.16192569	     -4.34009700	     -0.33146221	      0.94982063	     -0.10872398	      5.79981449	    -11.86144701	    -13.79371901	     47.83939692	      4.09358949	      0.83495499	      2.45884253	      5.64152318	     -7.90528933	      4.19264377	     -2.76138973	    -23.83933188	     23.74499906	      2.94732469	      0.41442841	     14.66327340	     -0.16916077	     -7.90528933	    -17.87640954	      0.95476869	     -0.69741906	     11.21275476	    -11.91955830	     10.53587367	     44.38020041	     90.00000001	      0.00000000	      0.00000000	    -15.11840347	     -6.81066198	     -8.28292404	     53.89026931	     90.00000001	      0.00000000	      0.00000000
      2.26000000	      3.85928334	     -2.42352587	     -4.26306958	     -0.33001671	      0.95018333	     -0.10913474	      6.04575906	    -11.61128195	    -13.90032922	     47.22064908	      4.10399010	      0.82415580	      2.89858333	      5.57014680	     -7.89918859	      4.06512229	     -2.98658861	    -23.80004028	     23.82468708	      2.83993092	      0.41581923	     14.79116880	     -0.07173695	     -7.89918859	    -17.99365152	      1.23749592	     -0.66865957	     11.21607032	    -11.86856764	     10.27554611	     44.06381515	     90.00000001	      0.00000000	      0.00000000	    -15.10955097	     -6.82920785	     -8.07220085	     53.87527528	     90.00000001	      0.00000000	      0.00000000
      2.27000000	      3.85060637	     -2.49223136	     -4.27998545	     -0.32859664	      0.95027169	     -0.10953937	      6.52275767	    -11.71169622	    -14.07890793	     46.73263594	      4.19670651	      0.81563837	      3.06116194	      5.54371475	     -7.89717063	      3.97767193	     -3.01293803	    -23.82776742	     23.83941687	      2.82981682	      0.41607632	     14.84224457	     -0.05697273	     -7.89717063	    -18.02082948	      1.30348218	     -0.59524093	     11.14179587	    -11.89705340	     10.22492397	     43.97069371	     90.00000001	      0.00000000	      0.00000000	    -15.13348326	     -6.82495131	     -8.03091426	     53.91556467	     90.00000001	      0.00000000	      0.00000000
      2.28000000	      3.81789672	     -2.57418090	     -4.26609468	     -0.32710831	      0.95040226	     -0.10985151	      6.94171398	    -11.68290682	    -14.21523025	     45.94861477	      4.25062407	      0.80195461	      3.39746794	      5.54427294	     -7.89500606	      3.92731465	     -3.03412364	    -23.84979955	     23.82610198	      2.73343245	      0.41584393	     14.93414887	     -0.06597333	     -7.89500606	    -18.00537007	      1.38016284	     -0.52107013	     11.01920233	    -11.90467491	     10.13970802	     43.75519576	     90.00000001	      0.00000000	      0.00000000	    -15.15965570	     -6.82641133	     -7.94965736	     53.94747409	     90.00000001	      0.00000000	      0.00000000
      2.29000000	      4.05503210	     -3.06628702	     -4.14433768	     -0.32566339	      0.95117479	     -0.11004847	      6.81009326	    -11.03957315	    -14.38554373	     44.62042159	      4.24230143	      0.77877327	      4.17463840	      6.00552492	     -7.88623203	      3.58831076	     -3.60886823	    -23.68871389	     24.00210666	      2.81960022	      0.41891579	     15.11275982	      0.01908787	     -7.88623203	    -18.34259729	      1.91133456	     -0.46592171	     11.16017200	    -11.71285837	      9.50992741	     43.12409664	     90.00000001	      0.00000000	      0.00000000	    -15.10596126	     -6.88364363	     -7.58442245	     53.84516277	     90.00000001	      0.00000000	      0.00000000
      2.30000000	      4.10268669	     -3.26015114	     -4.11729377	     -0.32424873	      0.95146336	     -0.11022216	      7.08233042	    -10.82032684	    -14.57758611	     43.50044445	      4.27341849	      0.75922598	      4.62558133	      6.42341805	     -7.87895797	      3.44388749	     -3.75598479	    -23.62790669	     24.00256479	      2.71172679	      0.41892378	     15.21615901	      0.05043489	     -7.87895797	    -18.44632094	      2.10834609	     -0.37598125	     11.12110826	    -11.64839986	      9.19089669	     42.83515132	     90.00000001	      0.00000000	      0.00000000	    -15.11771754	     -6.91820776	     -7.46703098	     53.83274328	     90.00000001	      0.00000000	      0.00000000
      2.31000000	      4.06379736	     -3.25495312	     -4.21811479	     -0.32305052	      0.95142213	     -0.11027723	      7.69967760	    -10.92924732	    -14.77945866	     42.75325823	      4.39656891	      0.74618512	      4.81813326	      6.47006659	     -7.87684706	      3.40540392	     -3.70582514	    -23.63478738	     24.01324871	      2.70690523	      0.41911025	     15.26694085	      0.05182932	     -7.87684706	    -18.45991194	      2.06943627	     -0.27303711	     11.04990479	    -11.62034832	      9.17069865	     42.77292063	     90.00000001	      0.00000000	      0.00000000	    -15.13542573	     -6.89305212	     -7.43659793	     53.89221139	     90.00000001	      0.00000000	      0.00000000
      2.32000000	      4.20571779	     -3.59537399	     -4.15901638	     -0.32157788	      0.95200405	     -0.11034339	      7.67328084	    -10.40143972	    -14.73539253	     41.06188935	      4.51792523	      0.71666517	      5.55360260	      7.42910526	     -7.86897573	      3.13237047	     -4.06199466	    -23.43854727	     24.06902846	      2.74494145	      0.42008379	     15.37206591	     -0.11066260	     -7.86897573	    -18.66937675	      2.42628623	     -0.18574728	     11.07962964	    -11.47760307	      8.73456073	     42.21861079	     90.00000001	      0.00000000	      0.00000000	    -15.08629241	     -6.87231910	     -7.27520003	     53.78998582	     90.00000001	      0.00000000	      0.00000000
      2.33000000	      4.25797922	     -3.74528457	     -4.16412840	     -0.32024938	      0.95226533	     -0.11027695	      7.97171495	    -10.16404130	    -14.91899424	     39.73364578	      4.56019679	      0.69348294	      5.94370356	      8.25562458	     -7.86071316	      2.96733386	     -4.18749278	    -23.26918936	     24.05819749	      2.74643308	      0.41989476	     15.42526579	     -0.27141740	     -7.86071316	    -18.78565116	      2.55521417	     -0.09156404	     11.02050286	    -11.34979465	      8.43779838	     41.94048416	     90.00000001	      0.00000000	      0.00000000	    -15.07416454	     -6.85286507	     -7.22063399	     53.78570691	     90.00000001	      0.00000000	      0.00000000
      2.34000000	      4.15792537	     -3.70945627	     -4.24285457	     -0.31897170	      0.95211689	     -0.11015621	      8.59664479	    -10.18498330	    -15.01945048	     38.64363643	      4.71733058	      0.67445869	      6.17000786	      8.51997606	     -7.85817874	      2.98405393	     -4.09364967	    -23.25568437	     24.02206904	      2.68297529	      0.41926420	     15.50458032	     -0.33853971	     -7.85817874	    -18.71076914	      2.47694676	      0.01081223	     10.87905472	    -11.33843769	      8.39791364	     41.80090727	     90.00000001	      0.00000000	      0.00000000	    -15.11884635	     -6.86559686	     -7.21632051	     53.84020773	     90.00000001	      0.00000000	      0.00000000
      2.35000000	      4.18287930	     -3.93461960	     -4.26352634	     -0.31778904	      0.95232482	     -0.11004544	      8.84968083	     -9.83876223	    -14.80204222	     37.08067606	      5.08885818	      0.64717989	      6.58359107	      9.56374556	     -7.85308325	      2.89128944	     -4.29468897	    -23.02770926	     24.07334699	      2.64154644	      0.42015917	     15.56482363	     -0.60515544	     -7.85308325	    -18.81827202	      2.70222336	      0.10958144	     10.90151827	    -11.24369619	      8.17046959	     41.45644881	     90.00000001	      0.00000000	      0.00000000	    -15.08666579	     -6.80285957	     -7.17293726	     53.76219495	     90.00000001	      0.00000000	      0.00000000
      2.36000000	      4.16686131	     -4.01120153	     -4.31781354	     -0.31658043	      0.95237209	     -0.10980117	      9.26962737	     -9.63959853	    -14.81853361	     35.68842381	      5.24963037	      0.62288050	      6.80626614	     10.41272465	     -7.84871334	      2.82295629	     -4.35464100	    -22.85137898	     24.09476363	      2.66361261	      0.42053296	     15.62082784	     -0.83890921	     -7.84871334	    -18.86143880	      2.74992025	      0.21480499	     10.83008212	    -11.14853810	      7.99498169	     41.23609891	     90.00000001	      0.00000000	      0.00000000	    -15.07627246	     -6.77376081	     -7.18498158	     53.75477964	     90.00000001	      0.00000000	      0.00000000
      2.37000000	      4.32363327	     -4.21682783	     -4.27048397	     -0.31521458	      0.95273876	     -0.10953786	      9.42048698	     -9.28208964	    -15.47062652	     34.22839920	      5.09538049	      0.59739826	      7.06815461	     12.26485147	     -7.83513058	      2.48595446	     -4.60969394	    -22.42846337	     24.04303584	      2.92662197	      0.41963014	     15.54828206	     -1.51857806	     -7.83513058	    -19.09800613	      2.93194464	      0.27340332	     10.80684353	    -11.01384687	      7.52029415	     40.96347161	     90.00000001	      0.00000000	      0.00000000	    -15.02549458	     -6.70410550	     -7.25868306	     53.70865032	     90.00000001	      0.00000000	      0.00000000
      2.38000000	      4.20322199	     -4.16910360	     -4.34792978	     -0.31409591	      0.95244882	     -0.10920464	     10.02860388	     -9.28802420	    -15.32630670	     33.02938636	      5.53453745	      0.57647154	      7.15630418	     12.96435200	     -7.83076980	      2.58823933	     -4.52296655	    -22.30944330	     24.10885314	      2.85738088	      0.42077887	     15.62956448	     -1.68218153	     -7.83076980	    -19.02203458	      2.84353614	      0.35363882	     10.68665972	    -10.94208081	      7.51980294	     40.82734867	     90.00000001	      0.00000000	      0.00000000	    -15.03634925	     -6.68019660	     -7.25834161	     53.70391510	     90.00000001	      0.00000000	      0.00000000
      2.39000000	      4.12451354	     -4.17261482	     -4.41502140	     -0.31295424	      0.95224273	     -0.10882988	     10.55202966	     -9.17719294	    -15.28141280	     31.76762723	      5.84071499	      0.55444969	      7.17096277	     13.79553808	     -7.82676873	      2.63578224	     -4.51674188	    -22.15862792	     24.19614356	      2.84180157	      0.42230237	     15.70726438	     -1.90754458	     -7.82676873	    -18.98908996	      2.81101215	      0.43407253	     10.59312831	    -10.88211212	      7.46324188	     40.69263373	     90.00000001	      0.00000000	      0.00000000	    -15.01812917	     -6.64211303	     -7.29844578	     53.68046213	     90.00000001	      0.00000000	      0.00000000
      2.40000000	      4.07397746	     -4.20858274	     -4.44815605	     -0.31178187	      0.95204951	     -0.10843121	     11.01572411	     -9.03745936	    -15.38870072	     30.54302554	      6.12995190	      0.53307636	      7.09762476	     14.75743435	     -7.82262908	      2.65146714	     -4.57315786	    -21.99173132	     24.30122308	      2.87836420	      0.42413635	     15.78476822	     -2.19204932	     -7.82262908	    -18.99227161	      2.82111289	      0.50075366	     10.49430071	    -10.81990570	      7.37900488	     40.57159835	     90.00000001	      0.00000000	      0.00000000	    -14.98729470	     -6.58746515	     -7.36363203	     53.63393610	     90.00000001	      0.00000000	      0.00000000
      2.41000000	      4.03129441	     -4.21940818	     -4.46026487	     -0.31058345	      0.95182069	     -0.10802116	     11.48541890	     -8.92652111	    -15.62909504	     29.44743526	      6.36936996	      0.51395470	      6.95448010	     15.69392954	     -7.81852266	      2.66548062	     -4.60672291	    -21.81753854	     24.41233027	      2.91615793	      0.42607554	     15.86101073	     -2.46414058	     -7.81852266	    -18.99934551	      2.80539783	      0.54054895	     10.37910643	    -10.75579206	      7.30744526	     40.49426971	     90.00000001	      0.00000000	      0.00000000	    -14.95560877	     -6.52002680	     -7.42923794	     53.59402902	     90.00000001	      0.00000000	      0.00000000
      2.42000000	      3.99041298	     -4.11381536	     -4.51562873	     -0.30925812	      0.95145166	     -0.10751854	     12.07674346	     -8.96807195	    -15.95814996	     28.73032584	      6.57266976	      0.50143878	      6.90469247	     15.97695723	     -7.81704753	      2.62605521	     -4.53812620	    -21.84597289	     24.44586233	      2.98277608	      0.42666079	     15.94862598	     -2.55573720	     -7.81704753	    -18.97423738	      2.65224618	      0.60643803	     10.21526487	    -10.71320965	      7.31733149	     40.43711597	     90.00000001	      0.00000000	      0.00000000	    -14.95041216	     -6.50424305	     -7.46120915	     53.61202426	     90.00000001	      0.00000000	      0.00000000
      2.43000000	      3.91306325	     -4.13762329	     -4.45178572	     -0.30813178	      0.95112976	     -0.10721589	     12.46348687	     -8.83488952	    -16.17056049	     27.60023514	      6.89615412	      0.48171498	      6.44822590	     17.16708018	     -7.81330261	      2.77653521	     -4.54728892	    -21.54226861	     24.68644752	      2.90323281	      0.43085979	     16.06448463	     -2.82408307	     -7.81330261	    -18.95480889	      2.69428228	      0.56632733	     10.11042857	    -10.66271722	      7.25888097	     40.43627086	     90.00000001	      0.00000000	      0.00000000	    -14.89066574	     -6.43451712	     -7.54374866	     53.51664525	     90.00000001	      0.00000000	      0.00000000
      2.44000000	      3.91224263	     -4.04228122	     -4.48625105	     -0.30671260	      0.95077262	     -0.10663849	     12.97687215	     -8.85095295	    -16.60233574	     27.10601044	      7.07810726	      0.47308913	      6.37506392	     17.34308506	     -7.81215500	      2.68215474	     -4.50942466	    -21.59448466	     24.72962644	      2.98423184	      0.43161340	     16.14668522	     -2.90015866	     -7.81215500	    -18.96314375	      2.55973740	      0.61436474	      9.95698731	    -10.62790804	      7.27645152	     40.39570680	     90.00000001	      0.00000000	      0.00000000	    -14.87192243	     -6.42081991	     -7.57311870	     53.51676963	     90.00000001	      0.00000000	      0.00000000
      2.45000000	      3.95992730	     -4.13777010	     -4.22729655	     -0.30525040	      0.95055762	     -0.10648785	     13.16766800	     -8.65243476	    -17.83619816	     26.32178516	      6.91946193	      0.45940182	      5.83484020	     19.34562440	     -7.80080450	      2.68714994	     -4.65069886	    -21.09936554	     25.01157214	      3.06053706	      0.43653428	     16.27399273	     -3.34508807	     -7.80080450	    -19.05101583	      2.71566267	      0.45208363	      9.78594788	    -10.61869434	      7.25391143	     40.49598563	     90.00000001	      0.00000000	      0.00000000	    -14.78139698	     -6.33548083	     -7.72754265	     53.38100951	     90.00000001	      0.00000000	      0.00000000
      2.46000000	      3.94028532	     -3.97878735	     -4.19797965	     -0.30381502	      0.95009324	     -0.10605623	     13.60707003	     -8.74880197	    -18.22543563	     25.95445321	      7.15763515	      0.45299066	      5.55855464	     19.50160449	     -7.79836138	      2.67899034	     -4.49982667	    -21.08881121	     25.12208466	      3.03574845	      0.43846309	     16.37155058	     -3.36437785	     -7.79836138	    -19.03543752	      2.55115173	      0.41597049	      9.62597584	    -10.58379510	      7.28652940	     40.52035938	     90.00000001	      0.00000000	      0.00000000	    -14.75186575	     -6.32941772	     -7.72762822	     53.36008097	     90.00000001	      0.00000000	      0.00000000
      2.47000000	      3.97320546	     -3.89192723	     -4.23260605	     -0.30240326	      0.94969977	     -0.10535936	     14.00444134	     -8.71423619	    -18.52843553	     25.77922978	      7.34371677	      0.44993244	      5.48904461	     19.47217657	     -7.79734882	      2.57498248	     -4.45007064	    -21.08120324	     25.19376744	      3.03815601	      0.43971419	     16.40642086	     -3.34717910	     -7.79734882	    -19.09426015	      2.43242262	      0.43023023	      9.53484545	    -10.52427534	      7.31238734	     40.53802422	     90.00000001	      0.00000000	      0.00000000	    -14.73830636	     -6.31976277	     -7.72431400	     53.35645918	     90.00000001	      0.00000000	      0.00000000
      2.48000000	      3.95226085	     -3.76838977	     -3.90024373	     -0.30063202	      0.94917715	     -0.10548810	     14.22697628	     -8.88106260	    -19.62484614	     25.53516161	      7.47012289	      0.44567265	      4.52503646	     19.81901117	     -7.79275267	      2.68075703	     -4.30095503	    -20.87659028	     25.47222777	      2.90585575	      0.44457424	     16.71819501	     -3.37289147	     -7.79275267	    -19.03159125	      2.41704351	      0.18582901	      9.25277082	    -10.57975373	      7.36923629	     40.69054560	     90.00000001	      0.00000000	      0.00000000	    -14.62563779	     -6.29242646	     -7.73422170	     53.16614303	     90.00000001	      0.00000000	      0.00000000
      2.49000000	      3.98993566	     -3.64577361	     -3.87410441	     -0.29888930	      0.94873097	     -0.10485564	     14.47720374	     -8.84012318	    -19.97625365	     25.45420196	      7.55372504	      0.44425963	      4.46444504	     19.75577539	     -7.79167608	      2.54479569	     -4.24058080	    -20.89063557	     25.55234641	      2.96314614	      0.44597258	     16.76844571	     -3.35567002	     -7.79167608	    -19.04136441	      2.28551684	      0.18220154	      9.09668908	    -10.55173116	      7.39981272	     40.67954809	     90.00000001	      0.00000000	      0.00000000	    -14.59951607	     -6.29591056	     -7.73746119	     53.15471769	     90.00000001	      0.00000000	      0.00000000
      2.50000000	      4.10786311	     -3.49719272	     -3.56258716	     -0.29697222	      0.94835924	     -0.10479542	     14.59283038	     -8.97828134	    -21.12986302	     25.68268328	      7.44754087	      0.44824738	      3.85777604	     19.65054262	     -7.78824312	      2.42470896	     -4.09450007	    -20.72653712	     25.74340411	      2.90792953	      0.44930716	     17.04409415	     -3.29204148	     -7.78824312	    -19.12687754	      2.22827025	     -0.07385747	      8.87074011	    -10.57539058	      7.46291888	     40.83750907	     90.00000001	      0.00000000	      0.00000000	    -14.49746479	     -6.29679629	     -7.70505663	     52.98176224	     90.00000001	      0.00000000	      0.00000000
      2.51000000	      4.16116849	     -3.32378851	     -3.41986719	     -0.29496820	      0.94788431	     -0.10436125	     14.69487466	     -9.01373514	    -21.71471337	     25.76792576	      7.41415421	      0.44973515	      3.70549603	     19.54428562	     -7.78650740	      2.28581537	     -3.98087078	    -20.67787992	     25.84249467	      2.97633145	      0.45103662	     17.15636279	     -3.23496653	     -7.78650740	    -19.12408513	      2.09151472	     -0.13156915	      8.65469059	    -10.59033590	      7.50982138	     40.84943272	     90.00000001	      0.00000000	      0.00000000	    -14.43368749	     -6.29838715	     -7.68915936	     52.94358131	     90.00000001	      0.00000000	      0.00000000
      2.52000000	      4.32221590	     -3.15505250	     -3.13545271	     -0.29278849	      0.94751508	     -0.10421892	     14.69500335	     -9.11860618	    -22.68249293	     26.16800567	      7.22725529	      0.45671786	      3.39035288	     19.28587496	     -7.78400885	      2.04960191	     -3.81247266	    -20.50210879	     25.94877713	      2.93892244	      0.45289160	     17.39342808	     -3.12573447	     -7.78400885	    -19.21763757	      2.01001404	     -0.37434379	      8.44907251	    -10.61082415	      7.56540766	     40.96211686	     90.00000001	      0.00000000	      0.00000000	    -14.35715818	     -6.31713408	     -7.62911194	     52.79239807	     90.00000001	      0.00000000	      0.00000000
      2.53000000	      4.44195051	     -2.97093557	     -2.82475335	     -0.29050716	      0.94703416	     -0.10410669	     14.66988910	     -9.23613163	    -23.55523387	     26.58843020	      7.05932106	      0.46405565	      3.22088748	     19.14769219	     -7.78040546	      1.83172095	     -3.60794113	    -20.24054780	     25.98250667	      2.89932546	      0.45348029	     17.60909111	     -2.92609046	     -7.78040546	    -19.25537829	      1.93336364	     -0.62957399	      8.22048742	    -10.65103745	      7.64287441	     41.08174995	     90.00000001	      0.00000000	      0.00000000	    -14.31764885	     -6.35277660	     -7.54166674	     52.70175525	     90.00000001	      0.00000000	      0.00000000
      2.54000000	      4.56027700	     -2.73206846	     -2.62913166	     -0.28814209	      0.94655700	     -0.10373357	     14.58861637	     -9.29459532	    -24.10329899	     26.86416682	      6.84359180	      0.46886816	      3.21411525	     18.90118957	     -7.77853064	      1.59565922	     -3.40792409	    -20.15123000	     26.07525420	      2.94379107	      0.45509904	     17.75954624	     -2.85242062	     -7.77853064	    -19.27675838	      1.75745806	     -0.75787873	      8.00387798	    -10.66698445	      7.67776431	     41.09231154	     90.00000001	      0.00000000	      0.00000000	    -14.24713415	     -6.37769312	     -7.49266426	     52.62404382	     90.00000001	      0.00000000	      0.00000000
      2.55000000	      4.72771349	     -2.49438982	     -2.32632900	     -0.28560329	      0.94610402	     -0.10356114	     14.43615792	     -9.39914756	    -24.81287889	     27.31811066	      6.55337007	      0.47679098	      3.26893948	     18.49394306	     -7.77628477	      1.29849105	     -3.16510108	    -19.93928466	     26.10942729	      2.92616952	      0.45569547	     17.97583282	     -2.72607369	     -7.77628477	    -19.33334994	      1.62643267	     -0.98034834	      7.77300098	    -10.69645435	      7.69565650	     41.14536857	     90.00000001	      0.00000000	      0.00000000	    -14.18678421	     -6.41528945	     -7.40681622	     52.50296203	     90.00000001	      0.00000000	      0.00000000
      2.56000000	      4.85793590	     -2.23181363	     -2.04345580	     -0.28294893	      0.94557851	     -0.10337828	     14.26219732	     -9.49914568	    -25.34302425	     27.68826925	      6.28301395	      0.48325146	      3.41901063	     18.12409289	     -7.77417902	      1.02499909	     -2.89364653	    -19.69794934	     26.13484098	      2.92364059	      0.45613902	     18.16388395	     -2.59902539	     -7.77417902	    -19.33234172	      1.47327381	     -1.19240095	      7.53554246	    -10.72476010	      7.69997014	     41.18057496	     90.00000001	      0.00000000	      0.00000000	    -14.13685639	     -6.45078161	     -7.31932982	     52.41734417	     90.00000001	      0.00000000	      0.00000000
      2.57000000	      4.85749720	     -2.06060488	     -1.87160630	     -0.28017869	      0.94486370	     -0.10298661	     14.12654350	     -9.41688023	    -25.33461880	     27.79716679	      6.18540033	      0.48515208	      3.44233372	     18.05354784	     -7.77377415	      0.87917102	     -2.77230851	    -19.65293699	     26.19585893	      2.93865011	      0.45720399	     18.18756975	     -2.57699178	     -7.77377415	    -19.16666432	      1.40784180	     -1.27921766	      7.30521366	    -10.76003623	      7.69481666	     41.11897694	     90.00000001	      0.00000000	      0.00000000	    -14.17097556	     -6.42709986	     -7.30185956	     52.39480511	     90.00000001	      0.00000000	      0.00000000
      2.58000000	      5.09607644	     -1.68093303	     -1.40226379	     -0.27728007	      0.94440737	     -0.10320709	     13.81436136	     -9.75421309	    -26.20659683	     28.41676547	      5.82047081	      0.49596612	      4.07686489	     17.23099896	     -7.76974597	      0.44695834	     -2.27332402	    -19.04104846	     26.06567176	      2.89452074	      0.45493179	     18.56315902	     -2.35976231	     -7.76974597	    -19.26220482	      1.19534502	     -1.65950502	      7.04479779	    -10.81909038	      7.62175622	     41.23481316	     90.00000001	      0.00000000	      0.00000000	    -14.09549006	     -6.53071185	     -7.10282935	     52.26483226	     90.00000001	      0.00000000	      0.00000000
      2.59000000	      5.09129127	     -1.49251265	     -1.22785216	     -0.27430837	      0.94366139	     -0.10280074	     13.63960372	     -9.68372243	    -26.13429821	     28.49922971	      5.67268453	      0.49740539	      4.12023014	     17.16611184	     -7.76935928	      0.30171762	     -2.14141591	    -18.99610382	     26.14836088	      2.91003582	      0.45637499	     18.58267946	     -2.34979077	     -7.76935928	    -19.06917032	      1.12027266	     -1.73494191	      6.81302134	    -10.84903434	      7.61536873	     41.16366717	     90.00000001	      0.00000000	      0.00000000	    -14.11253823	     -6.49076715	     -7.08478918	     52.25014977	     90.00000001	      0.00000000	      0.00000000
      2.60000000	      5.32889991	     -1.13160433	     -0.80055995	     -0.27132129	      0.94326130	     -0.10285290	     13.24086212	     -9.85631220	    -26.61048257	     28.82992183	      5.24442136	      0.50317706	      5.08393619	     16.31303166	     -7.76631709	     -0.11130233	     -1.67585149	    -18.45802325	     26.10021900	      2.82405318	      0.45553476	     18.94405729	     -2.30928838	     -7.76631709	    -19.16909456	      0.91794298	     -2.04066052	      6.57629943	    -10.87370442	      7.48901572	     41.18214135	     90.00000001	      0.00000000	      0.00000000	    -14.01141557	     -6.56546980	     -6.96043047	     52.09751745	     90.00000001	      0.00000000	      0.00000000
      2.61000000	      5.42285894	     -0.83886235	     -0.51251759	     -0.26824398	      0.94267080	     -0.10270043	     12.94010116	     -9.92441737	    -26.63914719	     28.94123377	      5.00945246	      0.50511982	      5.64753515	     15.82579574	     -7.76381789	     -0.37410768	     -1.34033200	    -18.08002275	     26.11465671	      2.79263256	      0.45578674	     19.10663346	     -2.32686669	     -7.76381789	    -19.09342822	      0.76498945	     -2.22561328	      6.35153586	    -10.91173111	      7.37251563	     41.14365641	     90.00000001	      0.00000000	      0.00000000	    -13.98356561	     -6.57490062	     -6.89087685	     52.03803324	     90.00000001	      0.00000000	      0.00000000
      2.62000000	      5.46131575	     -0.61838862	     -0.27284039	     -0.26509609	      0.94198390	     -0.10239408	     12.69439582	     -9.90695575	    -26.56679145	     28.98905837	      4.80046490	      0.50595452	      5.94885430	     15.58641101	     -7.76284896	     -0.56643383	     -1.13399373	    -17.88258725	     26.19852003	      2.75638710	      0.45725043	     19.18605429	     -2.33224001	     -7.76284896	    -18.94399363	      0.67255624	     -2.28516368	      6.11368983	    -10.99761650	      7.31064775	     41.05287823	     90.00000001	      0.00000000	      0.00000000	    -13.97266646	     -6.53980696	     -6.87215422	     52.01215100	     90.00000001	      0.00000000	      0.00000000
      2.63000000	      5.60294214	     -0.37596764	      0.10110104	     -0.26186882	      0.94153062	     -0.10243542	     12.26646558	     -9.93708207	    -26.57006037	     29.00517010	      4.60101974	      0.50623572	      6.98782286	     14.83431981	     -7.76053659	     -0.89276378	     -0.79593085	    -17.37157291	     26.16830537	      2.64856287	      0.45672309	     19.47392901	     -2.39969976	     -7.76053659	    -18.91580719	      0.62412789	     -2.53765068	      5.91790411	    -11.02781821	      7.11090938	     41.00890506	     90.00000001	      0.00000000	      0.00000000	    -13.92362363	     -6.52337630	     -6.83568701	     51.89671057	     90.00000001	      0.00000000	      0.00000000
      2.64000000	      5.68163827	     -0.17498090	      0.38009103	     -0.25864545	      0.94099879	     -0.10230095	     11.92325710	     -9.94351957	    -26.38220644	     28.98113892	      4.50268904	      0.50581630	      7.60568644	     14.29593517	     -7.75849051	     -1.15085341	     -0.54986872	    -16.96043570	     26.19368234	      2.59175839	      0.45716600	     19.61874593	     -2.47531557	     -7.75849051	    -18.82327717	      0.58826581	     -2.63355197	      5.70680636	    -11.10774585	      6.92642875	     40.90195719	     90.00000001	      0.00000000	      0.00000000	    -13.87675257	     -6.47916407	     -6.83613632	     51.86595760	     90.00000001	      0.00000000	      0.00000000
      2.65000000	      5.66320380	     -0.04012992	      0.58348110	     -0.25527048	      0.94033730	     -0.10199991	     11.73690805	     -9.90902007	    -26.22350080	     29.02700713	      4.38809403	      0.50661685	      7.70987338	     14.20462309	     -7.75803965	     -1.31442175	     -0.46025715	    -16.88653591	     26.25741973	      2.57632971	      0.45827843	     19.63778374	     -2.48315733	     -7.75803965	    -18.60085443	      0.60293151	     -2.69177322	      5.49968167	    -11.22081975	      6.87257092	     40.81222364	     90.00000001	      0.00000000	      0.00000000	    -13.93297330	     -6.40826047	     -6.82696410	     51.85258164	     90.00000001	      0.00000000	      0.00000000
      2.66000000	      5.83882557	      0.10934158	      0.91647420	     -0.25215464	      0.94022881	     -0.10193223	     11.12318304	     -9.85614134	    -25.33654757	     28.70022922	      4.78933759	      0.50091350	      8.54164608	     11.89323536	     -7.74677132	     -1.77589641	     -0.19106364	    -15.92967845	     26.01748983	      2.63546227	      0.45409086	     19.72148174	     -3.25330703	     -7.74677132	    -18.65451382	      0.64797233	     -2.81891035	      5.42037378	    -11.11281871	      6.03419294	     40.54298911	     90.00000001	      0.00000000	      0.00000000	    -13.80773286	     -6.30258168	     -6.96224588	     51.75264040	     90.00000001	      0.00000000	      0.00000000
      2.67000000	      5.90516051	      0.18428159	      1.20553320	     -0.24884618	      0.93981260	     -0.10179000	     10.77774348	     -9.76572656	    -25.13899720	     28.63794001	      4.71409351	      0.49982634	      9.22173719	     11.50428290	     -7.74428057	     -1.99441222	     -0.10140855	    -15.68917900	     26.10710493	      2.50079313	      0.45565494	     19.87859281	     -3.34281176	     -7.74428057	    -18.55536825	      0.76164480	     -2.92364850	      5.27797363	    -11.24313724	      5.93824520	     40.44177410	     90.00000001	      0.00000000	      0.00000000	    -13.77798051	     -6.23391438	     -6.97505301	     51.67479097	     90.00000001	      0.00000000	      0.00000000
      2.68000000	      5.90108870	      0.26938238	      1.39410709	     -0.24547251	      0.93933640	     -0.10147882	     10.58848208	     -9.72987657	    -24.97740475	     28.68854489	      4.61395156	      0.50070957	      9.31810346	     11.44915507	     -7.74398944	     -2.17084830	     -0.04181324	    -15.61054226	     26.16870980	      2.43969226	      0.45673015	     19.90235757	     -3.34506568	     -7.74398944	    -18.37129696	      0.83404224	     -2.94039553	      5.10822161	    -11.38058290	      5.89115596	     40.33699755	     90.00000001	      0.00000000	      0.00000000	    -13.80107338	     -6.13814055	     -6.96635296	     51.67858766	     90.00000001	      0.00000000	      0.00000000
      2.69000000	      6.06513976	      0.22838619	      1.68946895	     -0.24231197	      0.93918899	     -0.10136846	     10.13637722	     -9.56099282	    -24.71282773	     28.64797918	      4.65114722	      0.50000156	     10.14868031	     10.97822153	     -7.74265450	     -2.49703198	      0.00440439	    -15.23780367	     26.20721834	      2.12468388	      0.45740225	     20.13745015	     -3.36513302	     -7.74265450	    -18.42558722	      1.07970428	     -2.96833298	      5.04894694	    -11.55108867	      5.70259227	     40.17916460	     90.00000001	      0.00000000	      0.00000000	    -13.68751163	     -6.01880365	     -7.01083114	     51.65189182	     90.00000001	      0.00000000	      0.00000000
      2.70000000	      6.09646664	      0.26125954	      1.89407182	     -0.23890673	      0.93890044	     -0.10114398	      9.85407999	     -9.51913080	    -24.51424002	     28.64728012	      4.66427005	      0.49998936	     10.44070033	     10.74135837	     -7.74195365	     -2.73961814	      0.00123979	    -15.14490703	     26.21738557	      2.09906275	      0.45757970	     20.23172966	     -3.37168546	     -7.74195365	    -18.29498099	      1.23891880	     -3.04313791	      4.93320226	    -11.65083723	      5.58317731	     40.06372195	     90.00000001	      0.00000000	      0.00000000	    -13.70669952	     -5.92710066	     -7.02867990	     51.63097932	     90.00000001	      0.00000000	      0.00000000
      2.71000000	      6.19790662	      0.20901087	      2.11205264	     -0.23568693	      0.93874755	     -0.10088385	      9.49280075	     -9.39908940	    -24.27586704	     28.66478130	      4.76877329	      0.50029481	     10.89302448	     10.38246185	     -7.74106017	     -3.03988485	     -0.04991568	    -14.96045192	     26.20886022	      1.94851527	      0.45743090	     20.37612571	     -3.36402884	     -7.74106017	    -18.27040633	      1.48640523	     -3.04898925	      4.93442886	    -11.76806876	      5.40854988	     39.92424438	     90.00000001	      0.00000000	      0.00000000	    -13.65233276	     -5.82794802	     -7.05763111	     51.62920783	     90.00000001	      0.00000000	      0.00000000
      2.72000000	      6.48295361	      0.01757565	      2.29687805	     -0.23240352	      0.93914515	     -0.10039083	      8.68488914	     -9.01006516	    -23.22154836	     28.10891584	      5.36432369	      0.49059313	     10.99116844	      8.07670078	     -7.73192091	     -3.68121212	     -0.37130019	    -14.79313951	     26.00358475	      2.06136092	      0.45384817	     20.65073667	     -3.11643157	     -7.73192091	    -18.47888227	      1.85948569	     -3.05504405	      5.08626106	    -11.64157728	      4.39100157	     39.44523260	     90.00000001	      0.00000000	      0.00000000	    -13.60700829	     -5.66056453	     -7.25068369	     51.58720015	     90.00000001	      0.00000000	      0.00000000
      2.73000000	      6.44332366	      0.05724128	      2.42194383	     -0.22926332	      0.93882411	     -0.09990630	      8.56276347	     -8.99547780	    -23.11442103	     28.19008792	      5.31777514	      0.49200985	     11.03726707	      8.05251346	     -7.73173076	     -3.81993688	     -0.37668843	    -14.77570512	     26.03984251	      2.00277371	      0.45448099	     20.66176781	     -3.11922952	     -7.73173076	    -18.32398564	      1.96027939	     -3.06429734	      5.05423901	    -11.77879414	      4.35281891	     39.39301464	     90.00000001	      0.00000000	      0.00000000	    -13.59550737	     -5.62079883	     -7.23818818	     51.60081130	     90.00000001	      0.00000000	      0.00000000
      2.74000000	      6.52296114	     -0.09029007	      2.59731662	     -0.22619364	      0.93867841	     -0.09966112	      8.33524567	     -8.84902462	    -22.96001836	     28.43978097	      5.42774493	      0.49636782	     11.37805139	      7.87767660	     -7.73103681	     -4.07983988	     -0.50859169	    -14.71991333	     26.04668154	      1.75279215	      0.45460035	     20.76544156	     -3.11834713	     -7.73103681	    -18.32560058	      2.31104556	     -3.05170821	      5.08616848	    -11.96724860	      4.25482130	     39.24509905	     90.00000001	      0.00000000	      0.00000000	    -13.54320907	     -5.51331085	     -7.17767193	     51.62595321	     90.00000001	      0.00000000	      0.00000000
      2.75000000	      6.60254163	     -0.21262284	      2.73120286	     -0.22314078	      0.93853316	     -0.09911298	      8.08628408	     -8.71839154	    -22.88044037	     28.63617989	      5.56335279	      0.49979562	     11.85193586	      7.57476587	     -7.72995652	     -4.37092132	     -0.71346087	    -14.78437638	     26.02855726	      1.64659497	      0.45428402	     20.94671386	     -3.06397967	     -7.72995652	    -18.34004843	      2.58297982	     -3.07156002	      5.21450593	    -12.08235049	      4.10488720	     39.06835114	     90.00000001	      0.00000000	      0.00000000	    -13.53351212	     -5.47204014	     -7.09701599	     51.64380166	     90.00000001	      0.00000000	      0.00000000
      2.76000000	      6.52289141	     -0.16619315	      2.77799467	     -0.22022446	      0.93823185	     -0.09841004	      8.00670370	     -8.72254648	    -22.83861757	     28.67364187	      5.53482081	      0.50044946	     11.87272968	      7.55877817	     -7.72986877	     -4.46992744	     -0.71770546	    -14.78948775	     26.04868079	      1.63695799	      0.45463525	     20.95531838	     -3.05558566	     -7.72986877	    -18.20048741	      2.63766348	     -3.06879691	      5.27014911	    -12.14442690	      4.07836293	     39.06340102	     90.00000001	      0.00000000	      0.00000000	    -13.50246221	     -5.48010212	     -7.09333773	     51.66490315	     90.00000001	      0.00000000	      0.00000000
      2.77000000	      6.63300064	     -0.38626478	      2.88036759	     -0.21728279	      0.93810309	     -0.09792771	      7.80817967	     -8.51985453	    -22.79183592	     29.06004015	      5.66743679	      0.50719338	     12.32046605	      7.28935950	     -7.72880225	     -4.79834903	     -1.01312385	    -14.92997130	     26.00612063	      1.49310401	      0.45389243	     21.15841452	     -2.92715575	     -7.72880225	    -18.27318284	      3.04127025	     -3.07302613	      5.48246397	    -12.28438996	      3.86299658	     38.79020465	     90.00000001	      0.00000000	      0.00000000	    -13.51588388	     -5.44438869	     -6.93968109	     51.75325785	     90.00000001	      0.00000000	      0.00000000
      2.78000000	      6.63662189	     -0.45169408	      2.86674062	     -0.21435516	      0.93778738	     -0.09695895	      7.75371522	     -8.33738963	    -22.77052138	     29.31244444	      5.49542102	      0.51159867	     12.83192179	      6.90645435	     -7.72502120	     -4.98501890	     -1.27422849	    -15.41310009	     26.11625285	      1.49257514	      0.45581460	     21.59553911	     -2.14300624	     -7.72502120	    -18.23816279	      3.17619153	     -3.03900219	      5.80416407	    -12.17598460	      3.28101866	     38.21954460	     90.00000001	      0.00000000	      0.00000000	    -13.61700631	     -5.56876174	     -6.53165981	     52.00228547	     90.00000001	      0.00000000	      0.00000000
      2.79000000	      6.58954532	     -0.56691433	      2.88830911	     -0.21162019	      0.93743665	     -0.09618915	      7.73714778	     -8.23342149	    -22.79058888	     29.60346213	      5.57147485	      0.51667788	     12.87939197	      6.91132569	     -7.72402868	     -5.10068818	     -1.45358328	    -15.55883635	     26.13014908	      1.34758512	      0.45605714	     21.67643478	     -1.99271525	     -7.72402868	    -18.17096543	      3.40095727	     -3.04069350	      5.98131366	    -12.27523953	      3.12869184	     38.16290273	     90.00000001	      0.00000000	      0.00000000	    -13.59763636	     -5.58304311	     -6.44084057	     52.04405346	     90.00000001	      0.00000000	      0.00000000
      2.80000000	      6.36560108	     -0.62594840	      2.84414409	     -0.20885464	      0.93659765	     -0.09527905	      8.09218917	     -8.15939465	    -23.14737052	     30.18973763	      5.22791494	      0.52691032	     13.35400268	      7.47559292	     -7.71497530	     -4.85921543	     -1.70154698	    -16.55786180	     26.55419526	      1.05950320	      0.46345814	     22.36182892	     -0.36502642	     -7.71497530	    -17.90049467	      3.54182876	     -2.97433338	      6.23634189	    -12.10272694	      2.28263173	     37.70628778	     90.00000001	      0.00000000	      0.00000000	    -13.66685287	     -5.79901210	     -5.86310458	     52.25417149	     90.00000001	      0.00000000	      0.00000000
      2.81000000	      6.33900983	     -0.69973922	      2.79835506	     -0.20624462	      0.93625284	     -0.09444463	      8.07604781	     -8.06420008	    -23.22063927	     30.45173301	      5.17772076	      0.53148300	     13.46094516	      7.46753008	     -7.71425235	     -5.00919276	     -1.82908653	    -16.63302003	     26.57055647	      0.99037390	      0.46374369	     22.40337150	     -0.33663593	     -7.71425235	    -17.89197305	      3.70076914	     -2.96760527	      6.47944658	    -12.19394719	      2.24156406	     37.72268364	     90.00000001	      0.00000000	      0.00000000	    -13.65535372	     -5.80253678	     -5.81759065	     52.29143720	     90.00000001	      0.00000000	      0.00000000
      2.82000000	      6.30017754	     -0.78116424	      2.74413333	     -0.20369861	      0.93582495	     -0.09351209	      8.16049616	     -7.94669189	    -23.39474045	     30.86741179	      5.02210563	      0.53873797	     13.67178881	      7.48400081	     -7.71331943	     -5.12972669	     -2.02227644	    -16.82666366	     26.63715616	      0.97781618	      0.46490608	     22.49223399	     -0.29896008	     -7.71331943	    -17.88445615	      3.85913637	     -2.98071986	      6.74847336	    -12.24853682	      2.18550621	     37.65520830	     90.00000001	      0.00000000	      0.00000000	    -13.66378058	     -5.86624522	     -5.69485608	     52.39533997	     90.00000001	      0.00000000	      0.00000000
      2.83000000	      6.20338867	     -0.83421066	      2.66492417	     -0.20115921	      0.93523484	     -0.09242170	      8.38660804	     -7.82578326	    -23.65103038	     31.40817184	      4.68630004	      0.54817601	     13.99879331	      7.61472954	     -7.71196222	     -5.14110864	     -2.21542689	    -17.08276903	     26.82054113	      0.96339627	      0.46810675	     22.63673247	     -0.19606683	     -7.71196222	    -17.80717256	      3.95112571	     -2.98572638	      7.03391986	    -12.25486213	      2.09855941	     37.49158281	     90.00000001	      0.00000000	      0.00000000	    -13.72354102	     -5.99809246	     -5.45612316	     52.58389590	     90.00000001	      0.00000000	      0.00000000
      2.84000000	      5.91163134	     -0.82158012	      2.54395301	     -0.19871915	      0.93421642	     -0.09134796	      8.91886151	     -7.79859290	    -24.10375547	     32.08033506	      4.16830507	      0.55990747	     14.54240528	      8.15100026	     -7.70914183	     -4.83915934	     -2.33310033	    -17.47279836	     27.20686712	      0.88944247	      0.47484941	     22.91857232	      0.12008201	     -7.70914183	    -17.51811392	      3.95992114	     -2.98169019	      7.34382858	    -12.20084253	      1.89407335	     37.19971029	     90.00000001	      0.00000000	      0.00000000	    -13.83755198	     -6.23834496	     -4.98089471	     52.89871794	     90.00000001	      0.00000000	      0.00000000
      2.85000000	      5.61564482	     -0.76118886	      2.51137899	     -0.19624128	      0.93318606	     -0.09050544	      9.37721985	     -7.89208708	    -24.62166020	     32.67409769	      3.74083106	      0.57027058	     15.12313075	      9.45853175	     -7.70201368	     -4.49476952	     -2.33295498	    -17.88199916	     27.58824618	      0.57422414	      0.48150573	     23.29528509	      0.89487634	     -7.70201368	    -17.21000109	      3.94906719	     -3.04696648	      7.58146735	    -12.11518656	      1.44886387	     37.06371015	     90.00000001	      0.00000000	      0.00000000	    -13.89859217	     -6.47836517	     -4.49629746	     53.03919224	     90.00000001	      0.00000000	      0.00000000
      2.86000000	      5.56911783	     -0.77309689	      2.44816062	     -0.19381894	      0.93281432	     -0.08969598	      9.37450422	     -7.82443909	    -24.62090489	     32.84492123	      3.68036712	      0.57325202	     15.18278840	      9.46664436	     -7.70164077	     -4.59006862	     -2.39174496	    -17.88668514	     27.64121774	      0.54477030	      0.48243026	     23.29991749	      0.89749504	     -7.70164077	    -17.21666167	      4.02590570	     -3.09806040	      7.84298172	    -12.15487951	      1.42335748	     37.14273355	     90.00000001	      0.00000000	      0.00000000	    -13.86334918	     -6.53195473	     -4.47032447	     53.05557325	     90.00000001	      0.00000000	      0.00000000
      2.87000000	      5.46196723	     -0.80526238	      2.34021145	     -0.19140438	      0.93214731	     -0.08865804	      9.65867216	     -7.70283587	    -24.82248448	     33.41247128	      3.26575465	      0.58315764	     15.63654619	      9.53466536	     -7.69938277	     -4.54349282	     -2.58525839	    -18.08659328	     27.93985334	      0.57802092	      0.48764243	     23.41602255	      0.86996205	     -7.69938277	    -17.14596917	      4.10069148	     -3.13471748	      8.13518527	    -12.12892895	      1.37284992	     37.03396684	     90.00000001	      0.00000000	      0.00000000	    -13.94357625	     -6.70533229	     -4.19824975	     53.29664776	     90.00000001	      0.00000000	      0.00000000
      2.88000000	      5.40379094	     -0.82884966	      2.26480910	     -0.18918108	      0.93175757	     -0.08781330	      9.74020865	     -7.60193589	    -24.75589980	     33.66555952	      3.15590437	      0.58757486	     15.74914339	      9.59391244	     -7.69872341	     -4.57333645	     -2.64162281	    -18.05103278	     28.06821939	      0.47903423	      0.48988284	     23.43511466	      0.86990765	     -7.69872341	    -17.16750832	      4.18740609	     -3.24964853	      8.44244504	    -12.13220368	      1.34055492	     37.11696457	     90.00000001	      0.00000000	      0.00000000	    -13.92014182	     -6.79255287	     -4.10020514	     53.33018442	     90.00000001	      0.00000000	      0.00000000
      2.89000000	      5.30248011	     -0.83020745	      2.19350835	     -0.18684830	      0.93121957	     -0.08697130	      9.89803423	     -7.52884330	    -24.75678665	     34.02656560	      2.95095336	      0.59387560	     16.04088318	      9.61515726	     -7.69763660	     -4.52515906	     -2.73710720	    -18.10502503	     28.30895598	      0.45671944	      0.49408449	     23.49060996	      0.81640263	     -7.69763660	    -17.10946825	      4.24458793	     -3.30565994	      8.70953745	    -12.11892419	      1.31373463	     37.12107298	     90.00000001	      0.00000000	      0.00000000	    -13.94004627	     -6.93367607	     -3.91174388	     53.45196316	     90.00000001	      0.00000000	      0.00000000
      2.90000000	      5.20633369	     -0.81487190	      2.10316097	     -0.18460047	      0.93083333	     -0.08619911	      9.97693995	     -7.47959171	    -24.71510511	     34.18520080	      2.86043040	      0.59664431	     16.16816568	      9.62473909	     -7.69718054	     -4.52572974	     -2.76318663	    -18.08853032	     28.42835509	      0.40449359	      0.49616840	     23.50617438	      0.79501664	     -7.69718054	    -17.07469559	      4.29716345	     -3.36596564	      8.97381801	    -12.12442490	      1.29750797	     37.19879191	     90.00000001	      0.00000000	      0.00000000	    -13.92178645	     -7.01293492	     -3.82374458	     53.49865466	     90.00000001	      0.00000000	      0.00000000
      2.91000000	      4.85875638	     -0.77976500	      1.99617719	     -0.18246587	      0.92984488	     -0.08528208	     10.51343708	     -7.43009953	    -24.61514239	     34.69872167	      2.58876802	      0.60560694	     16.77459046	      9.66936085	     -7.69358164	     -4.07473080	     -2.82325453	    -18.21548957	     28.92701906	      0.30806690	      0.50487173	     23.65680993	      0.61350763	     -7.69358164	    -16.74411736	      4.29095857	     -3.43186701	      9.20397590	    -12.07528301	      1.28186257	     37.14202689	     90.00000001	      0.00000000	      0.00000000	    -14.03385762	     -7.29514142	     -3.28239099	     53.77602066	     90.00000001	      0.00000000	      0.00000000
      2.92000000	      4.81912628	     -0.75983416	      1.91847351	     -0.18023707	      0.92964354	     -0.08461809	     10.49810817	     -7.38260310	    -24.51583849	     34.83123006	      2.52935847	      0.60791965	     16.84720257	      9.66398677	     -7.69302228	     -4.13933895	     -2.83561281	    -18.17885728	     29.03335623	      0.25941017	      0.50672766	     23.64589661	      0.60029144	     -7.69302228	    -16.77097480	      4.35062851	     -3.50890965	      9.44315372	    -12.07259389	      1.27357672	     37.25362136	     90.00000001	      0.00000000	      0.00000000	    -13.98983832	     -7.34493359	     -3.23579568	     53.77032023	     90.00000001	      0.00000000	      0.00000000
      2.93000000	      4.72750667	     -0.72018399	      1.84609515	     -0.17786952	      0.92944399	     -0.08397359	     10.47170345	     -7.37540308	    -24.49039741	     34.86171545	      2.51016048	      0.60845172	     16.87441025	      9.65700859	     -7.69290273	     -4.18492087	     -2.83013264	    -18.16377282	     29.07445763	      0.24151653	      0.50744501	     23.63908794	      0.59628678	     -7.69290273	    -16.70582819	      4.38448821	     -3.53232998	      9.58211858	    -12.09250542	      1.26873612	     37.31427009	     90.00000001	      0.00000000	      0.00000000	    -13.94069219	     -7.39001483	     -3.23193263	     53.78569320	     90.00000001	      0.00000000	      0.00000000
      2.94000000	      4.70103131	     -0.71565520	      1.72616813	     -0.17592732	      0.92931788	     -0.08325004	     10.49204350	     -7.26734127	    -24.25368753	     35.03285402	      2.41859813	      0.61143865	     17.16636463	      9.58215467	     -7.69201051	     -4.18925837	     -2.87917025	    -18.18919225	     29.32281187	      0.19286105	      0.51177961	     23.60345827	      0.49104163	     -7.69201051	    -16.79350269	      4.46472896	     -3.64957721	      9.89582326	    -12.06093449	      1.31895322	     37.49642999	     90.00000001	      0.00000000	      0.00000000	    -13.94452794	     -7.49172680	     -3.11784357	     53.83422042	     90.00000001	      0.00000000	      0.00000000
      2.95000000	      4.51183872	     -0.71827776	      1.57278053	     -0.17385672	      0.92897262	     -0.08243671	     10.62318682	     -7.16298471	    -23.92284508	     35.09263269	      2.46660445	      0.61248198	     17.57024296	      9.35506157	     -7.68935266	     -3.99982182	     -2.97100226	    -18.34928651	     29.64162231	      0.17054272	      0.51734390	     23.54614794	      0.22221520	     -7.68935266	    -16.65719478	      4.52366084	     -3.61403752	     10.03478930	    -12.12955317	      1.54328561	     37.68903231	     90.00000001	      0.00000000	      0.00000000	    -13.97925468	     -7.60038159	     -2.89266136	     54.00791571	     90.00000001	      0.00000000	      0.00000000
      2.96000000	      4.44027984	     -0.66872682	      1.45871796	     -0.17182008	      0.92899272	     -0.08180334	     10.59422287	     -7.13247642	    -23.78737529	     35.09796578	      2.43347847	      0.61257506	     17.59991381	      9.31884585	     -7.68865511	     -4.01117073	     -2.94250739	    -18.33628369	     29.75562078	      0.14955889	      0.51933355	     23.50909260	      0.18345158	     -7.68865511	    -16.66426139	      4.55871189	     -3.67963595	     10.23398672	    -12.11986714	      1.60380895	     37.84094391	     90.00000001	      0.00000000	      0.00000000	    -13.95214736	     -7.63982658	     -2.86415707	     53.99902144	     90.00000001	      0.00000000	      0.00000000
      2.97000000	      4.35414158	     -0.62070686	      1.32295549	     -0.16977975	      0.92904384	     -0.08121229	     10.54825398	     -7.12357580	    -23.68515903	     35.05224944	      2.43549892	      0.61177716	     17.66736753	      9.29005558	     -7.68811591	     -4.00373717	     -2.91869139	    -18.36008561	     29.88468327	      0.15058900	      0.52158612	     23.44989708	      0.12942388	     -7.68811591	    -16.65102284	      4.60306151	     -3.69520487	     10.41842417	    -12.12743576	      1.67082730	     37.99050767	     90.00000001	      0.00000000	      0.00000000	    -13.93341314	     -7.66202147	     -2.84618302	     54.02188001	     90.00000001	      0.00000000	      0.00000000
      2.98000000	      4.26987715	     -0.63549095	      1.16842057	     -0.16781529	      0.92914002	     -0.08049964	     10.43474412	     -6.99716671	    -23.35150942	     34.85646729	      2.55818186	      0.60836012	     17.87702161	      9.21166876	     -7.68615529	     -3.90291255	     -3.02313125	    -18.54420275	     30.23095799	      0.13794447	      0.52762975	     23.21761387	     -0.14015510	     -7.68615529	    -16.65228469	      4.70269533	     -3.65842012	     10.51784578	    -12.22541783	      2.00283149	     38.31943072	     90.00000001	      0.00000000	      0.00000000	    -13.94403526	     -7.69077995	     -2.82668449	     54.15500249	     90.00000001	      0.00000000	      0.00000000
      2.99000000	      4.16849609	     -0.57681893	      1.00553827	     -0.16581983	      0.92931576	     -0.07994321	     10.39562068	     -7.01938513	    -23.33235664	     34.80027366	      2.54908342	      0.60737936	     17.88833369	      9.20002876	     -7.68587126	     -3.88733079	     -2.96964331	    -18.54117791	     30.31497704	      0.16404142	      0.52909616	     23.17694879	     -0.15979022	     -7.68587126	    -16.62239865	      4.74755796	     -3.64414198	     10.69050968	    -12.23469117	      2.05033244	     38.43874061	     90.00000001	      0.00000000	      0.00000000	    -13.94274815	     -7.68575262	     -2.81982297	     54.16008732	     90.00000001	      0.00000000	      0.00000000
      3.00000000	      4.08885923	     -0.65864551	      0.82688077	     -0.16395609	      0.92955202	     -0.07920545	     10.22641206	     -6.76297627	    -22.98746023	     34.42754266	      2.62026406	      0.60087397	     17.93632285	      9.12481315	     -7.68162228	     -3.73016119	     -3.19431778	    -18.72091871	     30.80896366	      0.23410155	      0.53771786	     22.81377751	     -0.64908182	     -7.68162228	    -16.64606221	      4.93245129	     -3.58410247	     10.68820100	    -12.49650658	      2.90505342	     39.02111886	     90.00000001	      0.00000000	      0.00000000	    -13.96254002	     -7.66000332	     -2.88469288	     54.30156591	     90.00000001	      0.00000000	      0.00000000
      3.01000000	      4.01221133	     -0.55491168	      0.66123725	     -0.16206649	      0.92988020	     -0.07864914	     10.10740276	     -6.82435519	    -22.93059262	     34.25239143	      2.64232862	      0.59781701	     17.94803671	      9.16345885	     -7.68068665	     -3.64762387	     -3.13113745	    -18.72306273	     31.09196335	      0.29613605	      0.54265713	     22.63333907	     -0.70821045	     -7.68068665	    -16.65877032	      4.92862694	     -3.56925404	     10.81969916	    -12.51608953	      3.04297778	     39.20037921	     90.00000001	      0.00000000	      0.00000000	    -13.97565557	     -7.67367112	     -2.91230519	     54.36250056	     90.00000001	      0.00000000	      0.00000000
      3.02000000	      3.93036282	     -0.50358168	      0.50113910	     -0.16021578	      0.93020665	     -0.07806710	      9.95154995	     -6.82312772	    -22.84545573	     33.97964289	      2.72453643	      0.59305665	     17.98107462	      9.29829346	     -7.67951644	     -3.47772312	     -3.16465254	    -18.79286022	     31.55153455	      0.33140722	      0.55067816	     22.28985470	     -0.87171016	     -7.67951644	    -16.67520437	      4.98660428	     -3.54273721	     10.90554773	    -12.58444294	      3.26997660	     39.47199258	     90.00000001	      0.00000000	      0.00000000	    -14.02675975	     -7.68179258	     -2.96939317	     54.51151034	     90.00000001	      0.00000000	      0.00000000
      3.03000000	      3.83289394	     -0.43408323	      0.26637853	     -0.15824949	      0.93057841	     -0.07754799	      9.87869609	     -6.88042091	    -22.88401376	     33.88106094	      2.73562431	      0.59133607	     17.99371256	      9.32073971	     -7.67929140	     -3.41068361	     -3.08861892	    -18.77454899	     31.72393419	      0.36958065	      0.55368710	     22.19064761	     -0.89226377	     -7.67929140	    -16.64731740	      5.03442588	     -3.46259632	     11.06164904	    -12.60559743	      3.31801937	     39.58829736	     90.00000001	      0.00000000	      0.00000000	    -14.07469740	     -7.61911401	     -2.95944193	     54.54195843	     90.00000001	      0.00000000	      0.00000000
      3.04000000	      3.71363936	     -0.53535916	      0.20412504	     -0.15658139	      0.93088129	     -0.07702893	      9.63533158	     -6.68371424	    -22.79733057	     33.35003135	      2.87877138	      0.58206785	     18.02951695	      9.77983868	     -7.67714358	     -2.88747967	     -3.46109669	    -18.98441156	     32.81869229	      0.37798598	      0.57279424	     21.35253661	     -1.41386171	     -7.67714358	    -16.64216813	      5.28348736	     -3.48360471	     11.01335326	    -12.82664473	      3.94094783	     40.19210998	     90.00000001	      0.00000000	      0.00000000	    -14.19775923	     -7.59969792	     -3.09295011	     54.94840450	     90.00000001	      0.00000000	      0.00000000
      3.05000000	      3.58592245	     -0.58644228	      0.05512250	     -0.15479154	      0.93119515	     -0.07651746	      9.53463248	     -6.51120623	    -23.03042933	     33.02812347	      2.65915950	      0.57644950	     18.03706718	     10.26746761	     -7.67142539	     -2.49146721	     -3.70772689	    -18.84031698	     33.66498723	      0.58579231	      0.58756487	     20.91871510	     -2.09203818	     -7.67142539	    -16.60507989	      5.47884352	     -3.42142123	     10.94839528	    -13.21818504	      5.08506545	     40.76724341	     90.00000001	      0.00000000	      0.00000000	    -14.27587031	     -7.52527958	     -3.21608660	     55.10011276	     90.00000001	      0.00000000	      0.00000000
      3.06000000	      3.54253235	     -0.43647329	     -0.11445906	     -0.15313252	      0.93169096	     -0.07597383	      9.32951415	     -6.67224811	    -23.03230602	     32.76176381	      2.78518721	      0.57180065	     18.04353330	     10.48861293	     -7.67020426	     -2.15852537	     -3.70633549	    -18.83795796	     34.48421894	      0.63470138	      0.60186316	     20.32771320	     -2.17258332	     -7.67020426	    -16.68939937	      5.43868651	     -3.41257952	     11.05066450	    -13.22475618	      5.20769041	     41.02668527	     90.00000001	      0.00000000	      0.00000000	    -14.36210143	     -7.55029593	     -3.25988343	     55.33374820	     90.00000001	      0.00000000	      0.00000000
      3.07000000	      3.38496651	     -0.45812481	     -0.22068374	     -0.15147250	      0.93195673	     -0.07557360	      9.21847893	     -6.64486461	    -23.15961926	     32.44621914	      2.86532192	      0.56629335	     18.07125465	     10.89736679	     -7.66815597	     -1.52087531	     -3.96879776	    -18.90546707	     35.65115687	      0.59887741	      0.62223007	     19.53067823	     -2.50311215	     -7.66815597	    -16.63708366	      5.62370311	     -3.41832577	     11.05844472	    -13.37054920	      5.52482616	     41.42888723	     90.00000001	      0.00000000	      0.00000000	    -14.53226056	     -7.52951908	     -3.31290161	     55.70768853	     90.00000001	      0.00000000	      0.00000000
      3.08000000	      3.38650167	     -0.24406811	     -0.43112325	     -0.14978978	      0.93253372	     -0.07496651	      9.01025475	     -6.82948573	    -23.20461980	     32.22687776	      2.82405963	      0.56246512	     18.06563438	     11.10950554	     -7.66726911	     -1.13560847	     -3.96026138	    -18.84454096	     36.69871925	      0.70997804	      0.64051348	     18.98121054	     -2.58158463	     -7.66726911	    -16.75881301	      5.49703092	     -3.31283932	     11.10739110	    -13.42662060	      5.69815221	     41.64645634	     90.00000001	      0.00000000	      0.00000000	    -14.57046509	     -7.56263710	     -3.36086935	     55.89454680	     90.00000001	      0.00000000	      0.00000000
      3.09000000	      3.05088108	     -0.38866773	     -0.47455396	     -0.14835098	      0.93238937	     -0.07459975	      9.16225520	     -6.60898897	    -23.57317896	     31.94978011	      2.65866993	      0.55762886	     18.13782156	     11.80896447	     -7.66367165	      0.01627325	     -4.49939194	    -18.82283212	     38.50711877	      0.67881605	      0.67207601	     18.00042720	     -3.21463767	     -7.66367165	    -16.53095554	      5.83591881	     -3.35645509	     11.03309348	    -13.72198786	      6.41127680	     42.24335578	     90.00000001	      0.00000000	      0.00000000	    -14.80249726	     -7.52917017	     -3.41050001	     56.33578087	     90.00000001	      0.00000000	      0.00000000
      3.10000000	      3.03064605	     -0.24902861	     -0.54544349	     -0.14676281	      0.93283200	     -0.07427389	      8.93024006	     -6.85061502	    -23.69333197	     31.78075852	      2.88430056	      0.55467888	     18.16974668	     12.17303594	     -7.66201249	      0.70633105	     -4.68907596	    -18.72770773	     40.04942571	      0.71225493	      0.69899434	     16.97841881	     -3.29343389	     -7.66201249	    -16.64156389	      5.83929074	     -3.40563736	     11.06367187	    -13.80767887	      6.62696933	     42.57322203	     90.00000001	      0.00000000	      0.00000000	    -14.94548582	     -7.56844318	     -3.44948406	     56.69033572	     90.00000001	      0.00000000	      0.00000000
      3.11000000	      2.89381588	     -0.16978304	     -0.61261712	     -0.14527063	      0.93301055	     -0.07393541	      8.87572240	     -6.95156958	    -23.89111069	     31.61028144	      2.89730241	      0.55170349	     18.22695628	     12.58141183	     -7.66011904	      1.69287880	     -4.98773521	    -18.64751675	     41.90170002	      0.66738970	      0.73132263	     15.88330893	     -3.49635182	     -7.66011904	    -16.62577545	      5.91494590	     -3.42722065	     11.03145711	    -13.94279333	      6.92356890	     42.94274306	     90.00000001	      0.00000000	      0.00000000	    -15.09042674	     -7.61087268	     -3.48705940	     57.12112423	     90.00000001	      0.00000000	      0.00000000
      3.12000000	      3.05273726	      0.20544709	     -0.87139373	     -0.14378694	      0.93375847	     -0.07328876	      8.59468900	     -7.31546718	    -23.87918967	     31.48908929	      2.78790448	      0.54958829	     18.22485423	     12.74921838	     -7.65948829	      2.20855404	     -4.91178621	    -18.50945545	     43.46584029	      0.76994071	      0.75862203	     15.19231513	     -3.44985089	     -7.65948829	    -16.98211569	      5.58138172	     -3.28634829	     11.07731051	    -14.00266091	      7.03094024	     43.09537650	     90.00000001	      0.00000000	      0.00000000	    -15.07875350	     -7.67719838	     -3.53235654	     57.28905683	     90.00000001	      0.00000000	      0.00000000
      3.13000000	      2.74027586	      0.09915342	     -0.73806625	     -0.14238183	      0.93341320	     -0.07329923	      8.70564392	     -7.36797668	    -24.14693082	     31.46594535	      3.13524300	      0.54918435	     18.36187802	     13.19268625	     -7.65746462	      3.76669170	     -5.56737902	    -18.40860776	     45.96461887	      0.58848944	      0.80223394	     13.47077743	     -3.59260140	     -7.65746462	    -16.76335773	      5.92096928	     -3.53872539	     11.04795380	    -14.15301870	      7.28887075	     43.63854390	     90.00000001	      0.00000000	      0.00000000	    -15.43101922	     -7.70522467	     -3.51278639	     57.91112981	     90.00000001	      0.00000000	      0.00000000
      3.14000000	      2.27768075	      0.07519215	     -0.75787007	     -0.14128810	      0.93272975	     -0.07280021	      9.25709408	     -7.18886518	    -24.50544503	     31.55455548	      2.61914638	      0.55073089	     18.51063896	     13.66506243	     -7.65307703	      5.54528786	     -6.15272826	    -17.88779946	     48.56240063	      0.75622435	      0.84757378	     12.39146561	     -4.21433959	     -7.65307703	    -16.41682753	      6.08171740	     -3.53601747	     10.92599595	    -14.42829263	      7.91279278	     44.07272777	     90.00000001	      0.00000000	      0.00000000	    -15.56620824	     -7.75380982	     -3.53200555	     58.22444632	     90.00000001	      0.00000000	      0.00000000
      3.15000000	      2.22324399	      0.23634220	     -0.72401242	     -0.13994422	      0.93281790	     -0.07265553	      9.17236330	     -7.46851897	    -24.59248350	     31.57215097	      2.80927448	      0.55103799	     18.64721631	     13.89181080	     -7.65043834	      6.78972738	     -6.42499237	    -17.50699496	     50.84035134	      0.72515465	      0.88733152	     10.94378826	     -4.25701152	     -7.65043834	    -16.52032553	      6.05826582	     -3.63853590	     10.89173099	    -14.53118202	      8.04723833	     44.37929386	     90.00000001	      0.00000000	      0.00000000	    -15.70303989	     -7.82987273	     -3.54999691	     58.69155959	     90.00000001	      0.00000000	      0.00000000
      3.16000000	      2.17626567	      0.37735433	     -0.74102474	     -0.13859456	      0.93276786	     -0.07227902	      9.14889825	     -7.70388056	    -24.65750690	     31.71037595	      2.94643795	      0.55345047	     18.76733838	     14.04860487	     -7.64819990	      8.06977021	     -6.77569863	    -17.13861617	     53.18165294	      0.75549101	      0.92819495	      9.63859779	     -4.30338023	     -7.64819990	    -16.62763951	      6.01849666	     -3.72068902	     10.90151342	    -14.61055749	      8.15940738	     44.67763550	     90.00000001	      0.00000000	      0.00000000	    -15.81427857	     -7.97586087	     -3.57529535	     59.05251121	     90.00000001	      0.00000000	      0.00000000
      3.17000000	      1.94458015	      0.45283224	     -0.64384810	     -0.13739098	      0.93229124	     -0.07221567	      9.38606836	     -7.81527441	    -24.71722649	     31.89387194	      2.92220897	      0.55665308	     18.95276014	     14.11554128	     -7.64500433	      9.71619937	     -7.21013283	    -16.59255913	     55.68026998	      0.85148804	      0.97180404	      8.30717673	     -4.49153927	     -7.64500433	    -16.53203614	      6.09283887	     -3.86079891	     10.84133466	    -14.76139819	      8.30349725	     44.99128633	     90.00000001	      0.00000000	      0.00000000	    -15.96568897	     -8.01666372	     -3.54361813	     59.45128237	     90.00000001	      0.00000000	      0.00000000
      3.18000000	      1.50953810	      0.46828045	     -0.61079907	     -0.13643303	      0.93134882	     -0.07191816	     10.00889973	     -7.77520034	    -24.82456287	     32.24450805	      2.62594689	      0.56277283	     19.10280208	     14.07374011	     -7.63919513	     11.63374872	     -7.70362812	    -15.36324094	     58.21725579	      1.56678760	      1.01608280	      7.21634998	     -5.49808500	     -7.63919513	    -16.22819768	      6.20355492	     -3.92215905	     10.79254146	    -14.93352875	      8.62654009	     45.27311909	     90.00000001	      0.00000000	      0.00000000	    -16.03642409	     -8.10302279	     -3.56185781	     59.65739338	     90.00000001	      0.00000000	      0.00000000
      3.19000000	      1.54938620	      0.62556364	     -0.50181675	     -0.13508787	      0.93126891	     -0.07185984	      9.87500957	     -8.08033154	    -24.73996538	     32.41801874	      2.92177695	      0.56580116	     19.30345252	     14.04076218	     -7.63647157	     12.91390051	     -7.91598968	    -14.86640496	     60.26160823	      1.56239769	      1.05176348	      6.06125655	     -5.51167614	     -7.63647157	    -16.44267576	      6.15108120	     -4.08306940	     10.76820687	    -14.97467088	      8.60565003	     45.50228951	     90.00000001	      0.00000000	      0.00000000	    -16.11425247	     -8.23438662	     -3.56408333	     60.05284563	     90.00000001	      0.00000000	      0.00000000
      3.20000000	      1.39631474	      0.69302002	     -0.40929894	     -0.13379690	      0.93066127	     -0.07177448	     10.07428216	     -8.19720720	    -24.69847450	     32.71758634	      2.93906272	      0.57102960	     19.51786510	     13.93948170	     -7.63358095	     14.47603781	     -8.23385337	    -14.20139007	     62.34621225	      1.73489903	      1.08814668	      5.15744747	     -5.77080472	     -7.63358095	    -16.42592257	      6.19044478	     -4.20685602	     10.72847276	    -15.08266135	      8.63955375	     45.70623772	     90.00000001	      0.00000000	      0.00000000	    -16.20304528	     -8.32147269	     -3.54207455	     60.36369088	     90.00000001	      0.00000000	      0.00000000
      3.21000000	      0.95118776	      0.72230459	     -0.30758867	     -0.13287813	      0.92945151	     -0.07161684	     10.76147349	     -8.19975703	    -24.63527040	     33.21002671	      2.73728183	      0.57962431	     19.67583751	     13.58589085	     -7.62747541	     16.40201018	     -8.61253428	    -12.63117980	     64.34676037	      2.87370383	      1.12306283	      4.47290846	     -7.14895138	     -7.62747541	    -16.10391683	      6.25175888	     -4.31219256	     10.66896508	    -15.21687473	      8.81678138	     45.87402403	     90.00000001	      0.00000000	      0.00000000	    -16.20223594	     -8.41135456	     -3.54960649	     60.45064254	     90.00000001	      0.00000000	      0.00000000
      3.22000000	      1.02748585	      0.81877621	     -0.18549714	     -0.13140259	      0.92921870	     -0.07163368	     10.60851291	     -8.41095240	    -24.53627403	     33.41732477	      2.95583172	      0.58324234	     19.90888338	     13.47455141	     -7.62527652	     17.58816696	     -8.77051601	    -12.30391328	     65.77746870	      2.80484115	      1.14803340	      3.99521731	     -7.29632300	     -7.62527652	    -16.34252188	      6.23649647	     -4.46541352	     10.66185913	    -15.25216650	      8.75064035	     46.00085131	     90.00000001	      0.00000000	      0.00000000	    -16.24024908	     -8.53076664	     -3.53817538	     60.73413586	     90.00000001	      0.00000000	      0.00000000
      3.23000000	      1.26337855	      1.10738354	     -0.29821377	     -0.12992447	      0.92939464	     -0.07116351	     10.40571052	     -8.64708737	    -24.25329169	     33.59058731	      2.82490862	      0.58626635	     19.83827148	     13.38296147	     -7.62372513	     18.34184304	     -8.77121507	    -12.25025929	     66.65042843	      2.89692429	      1.16326942	      3.95711772	     -7.12268270	     -7.62372513	    -16.79676141	      5.91066201	     -4.38377272	     10.64104932	    -15.32076058	      8.71664323	     46.06388182	     90.00000001	      0.00000000	      0.00000000	    -16.07056819	     -8.67263901	     -3.57601297	     60.79083457	     90.00000001	      0.00000000	      0.00000000
      3.24000000	      0.58264836	      0.86705691	      0.07073075	     -0.12910937	      0.92742706	     -0.07147946	     11.29531644	     -8.49127081	    -24.27816501	     34.19655992	      2.91120878	      0.59684256	     20.28807462	     12.79313476	     -7.61557110	     20.65865331	     -9.23121405	    -10.56993284	     68.08229834	      3.94462737	      1.18826027	      3.63218849	     -9.08529218	     -7.61557110	    -16.18642839	      6.29515461	     -4.70527435	     10.59567517	    -15.41369096	      8.73237403	     46.12166890	     90.00000001	      0.00000000	      0.00000000	    -16.14880497	     -8.73721480	     -3.51553464	     60.96283188	     90.00000001	      0.00000000	      0.00000000
      3.25000000	      0.49651165	      0.88141862	      0.15181889	     -0.12771197	      0.92674616	     -0.07134653	     11.43557618	     -8.52800707	    -24.17378244	     34.52411423	      2.91371887	      0.60255946	     20.50466504	     12.60797037	     -7.61166273	     21.90494401	     -9.41771869	    -10.46917747	     68.66343957	      3.91871709	      1.19840310	      3.90999681	     -9.42659929	     -7.61166273	    -16.24628859	      6.29839310	     -4.77336137	     10.57232362	    -15.45613629	      8.65746477	     46.11600274	     90.00000001	      0.00000000	      0.00000000	    -16.08155875	     -8.84693138	     -3.48541866	     61.03053894	     90.00000001	      0.00000000	      0.00000000
      3.26000000	      0.63851086	      0.96769715	      0.14073698	     -0.12618392	      0.92668270	     -0.07101667	     11.27609442	     -8.58004803	    -23.97416270	     34.68040316	      2.88066957	      0.60528722	     20.42495905	     12.55568213	     -7.61057536	     22.65619349	     -9.56015582	    -10.55087249	     68.60197300	      4.00223290	      1.19733030	      4.01871301	     -9.23793738	     -7.61057536	    -16.58408323	      6.18009088	     -4.76237395	     10.54898780	    -15.50844859	      8.62616387	     46.17315500	     90.00000001	      0.00000000	      0.00000000	    -15.96553486	     -8.95194324	     -3.50818030	     61.07383280	     90.00000001	      0.00000000	      0.00000000
      3.27000000	      0.63535543	      0.82050659	      0.35742370	     -0.12465828	      0.92604890	     -0.07116085	     11.17912005	     -8.50545095	    -24.14523453	     34.86791309	      2.98734854	      0.60855989	     20.86674573	     12.38657025	     -7.60967542	     23.77422144	     -9.77154027	    -10.76917194	     68.66314264	      3.62359987	      1.19839791	      5.06785798	    -10.01020332	     -7.60967542	    -16.70775533	      6.36989017	     -4.92683992	     10.59457780	    -15.53593569	      8.54763357	     45.98295412	     90.00000001	      0.00000000	      0.00000000	    -15.82926899	     -9.04233789	     -3.45521606	     61.03349488	     90.00000001	      0.00000000	      0.00000000
      3.28000000	      0.47451387	      0.75797822	      0.44615588	     -0.12326167	      0.92521963	     -0.07104125	     11.38404538	     -8.42155727	    -24.09517151	     35.14159910	      2.90756721	      0.61333661	     21.06911177	     12.23616639	     -7.60778224	     24.92838766	     -9.93212359	    -10.97624682	     68.26447988	      3.50641878	      1.19143994	      5.83751969	    -10.47915655	     -7.60778224	    -16.67687792	      6.40135253	     -4.98515213	     10.60011319	    -15.51541310	      8.42893668	     45.82147730	     90.00000001	      0.00000000	      0.00000000	    -15.69228376	     -9.12516380	     -3.39957756	     60.96068433	     90.00000001	      0.00000000	      0.00000000
      3.29000000	      0.40483227	      0.65403796	      0.54517024	     -0.12173664	      0.92462093	     -0.07102663	     11.41128722	     -8.32324528	    -24.10304795	     35.30606415	      2.90572359	      0.61620707	     21.22361583	     12.10718065	     -7.60622023	     25.86182673	    -10.11585060	    -11.28503652	     67.45814931	      3.41786185	      1.17736681	      6.51933147	    -10.77951204	     -7.60622023	    -16.74264403	      6.48311186	     -5.03046686	     10.59750375	    -15.57756348	      8.30925675	     45.65532565	     90.00000001	      0.00000000	      0.00000000	    -15.56467274	     -9.23091180	     -3.37469935	     60.86286817	     90.00000001	      0.00000000	      0.00000000
      3.30000000	      0.33273246	      0.46331026	      0.61824910	     -0.12018289	      0.92399186	     -0.07080228	     11.40299770	     -8.16051667	    -24.13010401	     35.45318394	      3.04130206	      0.61877479	     21.24810055	     12.02003306	     -7.60506329	     26.71633503	    -10.43560220	    -11.56285423	     66.37586640	      3.46023631	      1.15847741	      6.90003171	    -10.73670722	     -7.60506329	    -16.80822799	      6.60790750	     -5.04212935	     10.56602761	    -15.58902289	      8.26677289	     45.63790314	     90.00000001	      0.00000000	      0.00000000	    -15.44954404	     -9.29542426	     -3.35995759	     60.89047476	     90.00000001	      0.00000000	      0.00000000
      3.31000000	      0.27152843	      0.34878862	      0.71951924	     -0.11858055	      0.92348206	     -0.07086558	     11.37001430	     -7.98202645	    -24.21563300	     35.47242061	      2.88680337	      0.61911053	     21.50358271	     11.89254303	     -7.60371581	     27.46566138	    -10.44976555	    -12.19325467	     64.94786294	      3.06270249	      1.13355405	      8.04212426	    -11.20100780	     -7.60371581	    -16.86242408	      6.66511944	     -5.08599404	     10.63123013	    -15.55834884	      8.11395302	     45.23076712	     90.00000001	      0.00000000	      0.00000000	    -15.19107888	     -9.36772608	     -3.27825627	     60.56775909	     90.00000001	      0.00000000	      0.00000000
      3.32000000	      0.27047192	      0.24611169	      0.74734437	     -0.11683270	      0.92310337	     -0.07079755	     11.25094845	     -7.90071690	    -24.26509329	     35.54629908	      2.93505258	      0.62039996	     21.62141293	     11.88135135	     -7.60161568	     27.99183375	    -10.50588642	    -13.03615419	     63.19964744	      2.67147576	      1.10304193	      8.76242325	    -11.12069495	     -7.60161568	    -16.97860726	      6.66615947	     -5.07216924	     10.70098409	    -15.47586631	      7.84099594	     44.83216028	     90.00000001	      0.00000000	      0.00000000	    -14.96832113	     -9.44772445	     -3.19752654	     60.31537768	     90.00000001	      0.00000000	      0.00000000
      3.33000000	      0.37516972	      0.15965718	      0.75882374	     -0.11489377	      0.92299308	     -0.07083461	     10.95524141	     -7.85657622	    -24.33954709	     35.54749409	      3.01810346	      0.62042081	     21.73913759	     11.98580562	     -7.59881613	     28.25330779	    -10.49984523	    -14.14400117	     61.15372014	      2.13547823	      1.06733377	      9.42144448	    -10.64542453	     -7.59881613	    -17.20159082	      6.64412952	     -5.04407837	     10.77522638	    -15.36593617	      7.48058974	     44.38492154	     90.00000001	      0.00000000	      0.00000000	    -14.73831198	     -9.52310440	     -3.10188492	     60.06267154	     90.00000001	      0.00000000	      0.00000000
      3.34000000	      0.28529608	     -0.06884506	      0.81081021	     -0.11302803	      0.92248383	     -0.07091570	     10.85216859	     -7.59063649	    -24.42992336	     35.43496035	      3.00702156	      0.61845673	     21.85839480	     11.99596271	     -7.59689966	     28.72897729	    -10.58921560	    -14.80721121	     59.04780747	      1.92595633	      1.03057866	      9.91794461	    -10.22498245	     -7.59689966	    -17.19993622	      6.77294394	     -5.03456418	     10.75833069	    -15.34509937	      7.34164502	     44.15369743	     90.00000001	      0.00000000	      0.00000000	    -14.58461642	     -9.56149778	     -3.03239622	     59.92507184	     90.00000001	      0.00000000	      0.00000000
      3.35000000	      0.55328990	     -0.12654901	      0.75319815	     -0.11077125	      0.92276028	     -0.07098448	     10.26982150	     -7.60775715	    -24.53822643	     35.27862914	      3.17481499	      0.61572823	     21.94684502	     12.40077212	     -7.59245551	     28.52559279	    -10.46541630	    -16.31359251	     56.55706785	      1.14124652	      0.98710705	     10.46827316	     -8.79316226	     -7.59245551	    -17.58889049	      6.66616651	     -4.95682388	     10.87516495	    -15.17356831	      6.84102582	     43.67619041	     90.00000001	      0.00000000	      0.00000000	    -14.39154523	     -9.64076309	     -2.91496451	     59.78003875	     90.00000001	      0.00000000	      0.00000000
      3.36000000	      0.39997433	     -0.44245259	      0.79499162	     -0.10868419	      0.92213117	     -0.07108743	     10.22106224	     -7.22474827	    -24.65569946	     35.13983688	      3.12687911	      0.61330585	     22.09132522	     12.34756705	     -7.59083023	     28.90034197	    -10.57252106	    -16.72748661	     54.29996101	      1.14818714	      0.94771310	     10.78646334	     -8.34403817	     -7.59083023	    -17.46778073	      6.85687543	     -4.93380227	     10.82157059	    -15.17800519	      6.82365105	     43.43068778	     90.00000001	      0.00000000	      0.00000000	    -14.23484197	     -9.66131395	     -2.83485160	     59.52204392	     90.00000001	      0.00000000	      0.00000000
      3.37000000	      0.53510288	     -0.61869972	      0.77478900	     -0.10629406	      0.92217156	     -0.07128972	      9.75207920	     -7.05800060	    -24.73162764	     34.91111381	      3.24078495	      0.60931388	     22.17195042	     12.41371449	     -7.58877098	     28.71683196	    -10.45903339	    -17.41707337	     51.78479113	      0.98378813	      0.90381511	     10.95812903	     -7.48935597	     -7.58877098	    -17.65426019	      6.87657767	     -4.88701091	     10.90331055	    -15.09780604	      6.64531617	     42.96641872	     90.00000001	      0.00000000	      0.00000000	    -14.02715743	     -9.72385498	     -2.71665667	     59.17450695	     90.00000001	      0.00000000	      0.00000000
      3.38000000	      0.36258089	     -0.99289769	      0.76875553	     -0.10408800	      0.92149848	     -0.07156412	      9.71419543	     -6.61551082	    -24.66693517	     34.75438765	      3.26574406	      0.60657849	     22.22740254	     12.43381148	     -7.58747184	     28.99408657	    -10.47683380	    -17.67863669	     49.58242221	      0.88203577	      0.86537652	     10.98131145	     -6.88631882	     -7.58747184	    -17.50624337	      7.10673373	     -4.79256408	     10.82849544	    -15.12413008	      6.55518027	     42.80729583	     90.00000001	      0.00000000	      0.00000000	    -13.95249783	     -9.72595536	     -2.65331247	     59.19309482	     90.00000001	      0.00000000	      0.00000000
      3.39000000	      0.71697413	     -1.10594390	      0.68616929	     -0.10120235	      0.92200999	     -0.07182033	      8.90911713	     -6.56876697	    -24.68694755	     34.44690175	      3.53844828	      0.60121185	     22.29958059	     12.53019694	     -7.58554858	     28.31775907	    -10.25102169	    -18.47703161	     47.08824326	      0.64504912	      0.82184488	     10.92611856	     -5.64076026	     -7.58554858	    -17.88798911	      7.01916553	     -4.72511730	     10.93758089	    -14.96496036	      6.24767665	     42.25586984	     90.00000001	      0.00000000	      0.00000000	    -13.78411342	     -9.81225690	     -2.49828805	     58.81720045	     90.00000001	      0.00000000	      0.00000000
      3.40000000	      0.88349336	     -1.31412715	      0.55574770	     -0.09839287	      0.92208072	     -0.07213583	      8.36648196	     -6.34216670	    -24.55400442	     34.10900309	      3.69823660	      0.59531441	     22.32892874	     12.67489440	     -7.58244206	     27.93914702	    -10.09806708	    -19.35004182	     44.96733001	      0.17597312	      0.78482796	     11.03526084	     -4.03963534	     -7.58244206	    -18.07884848	      7.02077378	     -4.59999995	     10.94419913	    -14.84049981	      5.85411966	     41.96374775	     90.00000001	      0.00000000	      0.00000000	    -13.73649709	     -9.82709813	     -2.35218910	     58.82211613	     90.00000001	      0.00000000	      0.00000000
      3.41000000	      0.96845395	     -1.58413150	      0.43353167	     -0.09545354	      0.92199320	     -0.07237618	      7.93496897	     -6.01637304	    -24.36958837	     33.81178723	      3.81536991	      0.59012701	     22.37660519	     12.63000602	     -7.57897942	     27.65889750	     -9.99525716	    -19.80215738	     43.12664389	     -0.12945385	      0.75270193	     11.00775918	     -2.80861725	     -7.57897942	    -18.13473840	      7.07484166	     -4.46068916	     10.90091039	    -14.76074114	      5.66349640	     41.69468202	     90.00000001	      0.00000000	      0.00000000	    -13.69746270	     -9.87083353	     -2.23768775	     58.71908256	     90.00000001	      0.00000000	      0.00000000
      3.42000000	      0.77287520	     -2.02412817	      0.34845031	     -0.09255113	      0.92117882	     -0.07274101	      7.90801232	     -5.58619695	    -24.34567435	     33.78941903	      3.93586203	      0.58973661	     22.45843446	     12.60700171	     -7.57848589	     27.87927809	    -10.11646897	    -19.78100572	     41.92224401	     -0.20796522	      0.73168119	     10.92692689	     -2.60052674	     -7.57848589	    -17.85144347	      7.32366765	     -4.36369892	     10.77414127	    -14.77157627	      5.66787453	     41.62996602	     90.00000001	      0.00000000	      0.00000000	    -13.78464368	     -9.85243263	     -2.20041577	     58.72652863	     90.00000001	      0.00000000	      0.00000000
      3.43000000	      1.13518810	     -2.07180796	      0.16091052	     -0.08938005	      0.92192869	     -0.07313565	      7.06941577	     -5.42248114	    -23.81169648	     33.20001741	      4.09305130	      0.57944962	     22.46123138	     12.31683728	     -7.57634989	     27.05487083	     -9.65414928	    -19.90969725	     40.21083779	     -0.50815386	      0.70181151	     10.55945894	     -1.62193447	     -7.57634989	    -18.20519482	      7.10747952	     -4.22585274	     10.82684783	    -14.61394502	      5.43613200	     41.20736853	     90.00000001	      0.00000000	      0.00000000	    -13.63976761	     -9.92333911	     -2.01778803	     58.46098057	     90.00000001	      0.00000000	      0.00000000
      3.44000000	      1.08155669	     -2.32137383	      0.00552323	     -0.08622066	      0.92161898	     -0.07352969	      6.84408265	     -5.07366858	    -23.50190654	     32.97146754	      4.08911171	      0.57546067	     22.57226095	     12.21544184	     -7.57554894	     26.96330425	     -9.50111192	    -19.74913793	     39.28555829	     -0.74600032	      0.68566234	     10.40593823	     -1.25855235	     -7.57554894	    -18.04547238	      7.12179785	     -4.10584286	     10.72423820	    -14.57876036	      5.38575584	     41.07185576	     90.00000001	      0.00000000	      0.00000000	    -13.65270308	     -9.97347673	     -1.97238441	     58.38513050	     90.00000001	      0.00000000	      0.00000000
      3.45000000	      1.09303209	     -2.55838011	     -0.19574715	     -0.08301840	      0.92151386	     -0.07400441	      6.55832526	     -4.78124907	    -23.19139682	     32.77321073	      4.13913193	      0.57200043	     22.63347701	     12.14038450	     -7.57510382	     26.80612748	     -9.33048134	    -19.54394968	     38.61782482	     -1.07905496	      0.67400819	     10.31527762	     -1.06703240	     -7.57510382	    -17.98054219	      7.10667901	     -3.95862202	     10.63487373	    -14.50874799	      5.34265054	     40.94793727	     90.00000001	      0.00000000	      0.00000000	    -13.71747355	     -9.92585048	     -1.89950333	     58.34169866	     90.00000001	      0.00000000	      0.00000000
      3.46000000	      1.50067595	     -2.59442110	     -0.46303443	     -0.07943673	      0.92238267	     -0.07443325	      5.64483320	     -4.71854879	    -22.46946244	     32.24224588	      4.49831599	      0.56273335	     22.57313239	     11.60868933	     -7.57354905	     25.99873288	     -9.01675139	    -19.52467583	     37.94089633	     -1.36922670	      0.66219356	     10.12061398	     -0.81715071	     -7.57354905	    -18.33091102	      6.84301557	     -3.77842120	     10.61599306	    -14.33069961	      5.07980081	     40.71400670	     90.00000001	      0.00000000	      0.00000000	    -13.67530831	    -10.01003374	     -1.75621644	     58.19100394	     90.00000001	      0.00000000	      0.00000000
      3.47000000	      1.47877681	     -2.74430816	     -0.69718026	     -0.07590123	      0.92218882	     -0.07488152	      5.44622867	     -4.57427736	    -22.36170356	     32.23556701	      4.46271451	      0.56261678	     22.57070744	     11.59689637	     -7.57345445	     25.91923847	     -8.92278614	    -19.31583145	     37.92426091	     -1.60047002	      0.66190322	     10.11820171	     -0.80138905	     -7.57345445	    -18.16012893	      6.71660803	     -3.68184423	     10.48110350	    -14.22751729	      5.09460960	     40.67850323	     90.00000001	      0.00000000	      0.00000000	    -13.82172450	    -10.02000168	     -1.75919057	     58.14940632	     90.00000001	      0.00000000	      0.00000000
      3.48000000	      1.78942454	     -2.77661976	     -1.03230134	     -0.07239776	      0.92308959	     -0.07537073	      4.63380478	     -4.39997734	    -21.27358828	     31.52441703	      4.74834383	      0.55020487	     22.39148706	     10.67957295	     -7.57083019	     25.19956795	     -8.56372171	    -18.95593412	     37.48641330	     -1.88034966	      0.65426134	     10.02502785	     -1.29050507	     -7.57083019	    -18.40440930	      6.43661402	     -3.42124660	     10.42020958	    -14.05259802	      4.73746975	     40.55533690	     90.00000001	      0.00000000	      0.00000000	    -13.79354258	    -10.06607705	     -1.65319059	     58.10321824	     90.00000001	      0.00000000	      0.00000000
      3.49000000	      1.81998173	     -2.80958731	     -1.29498327	     -0.06888704	      0.92320565	     -0.07599463	      4.36296641	     -4.33272274	    -20.96872613	     31.39997351	      4.64706394	      0.54803292	     22.42079827	     10.66453923	     -7.57054716	     25.01471088	     -8.33755453	    -18.64353126	     37.63525486	     -2.12301153	      0.65685911	     10.09933703	     -1.39692877	     -7.57054716	    -18.29135646	      6.18286464	     -3.30082043	     10.30344714	    -13.93245144	      4.74933753	     40.53459471	     90.00000001	      0.00000000	      0.00000000	    -13.87134470	    -10.06719250	     -1.66210741	     58.04532177	     90.00000001	      0.00000000	      0.00000000
      3.50000000	      1.79804626	     -2.89848670	     -1.57091612	     -0.06519207	      0.92328740	     -0.07670086	      4.14729460	     -4.29424805	    -20.86631354	     31.36366282	      4.61059841	      0.54739918	     22.42360568	     10.65866629	     -7.57047519	     24.81791583	     -8.24937044	    -18.42671724	     37.75500879	     -2.30095351	      0.65894921	     10.11568415	     -1.43724535	     -7.57047519	    -18.08804111	      6.01893029	     -3.20915263	     10.17556466	    -13.81344574	      4.77017663	     40.52126043	     90.00000001	      0.00000000	      0.00000000	    -14.04541379	    -10.06428890	     -1.66620729	     57.97050907	     90.00000001	      0.00000000	      0.00000000
      3.51000000	      1.92536020	     -2.74735879	     -1.88607707	     -0.06175993	      0.92378170	     -0.07740203	      3.68938767	     -4.35720494	    -20.30995012	     30.95192889	      4.47480189	      0.54021307	     22.46739115	     10.66998588	     -7.57018879	     24.46481052	     -7.88742655	    -18.14491532	     37.99678044	     -2.41652954	      0.66316892	     10.36131652	     -1.82807011	     -7.57018879	    -18.08787801	      5.54096532	     -3.04326531	     10.05638278	    -13.69486278	      4.75280565	     40.55704113	     90.00000001	      0.00000000	      0.00000000	    -14.02953382	    -10.11176398	     -1.72339214	     57.90482313	     90.00000001	      0.00000000	      0.00000000
      3.52000000	      2.35817750	     -2.73739847	     -2.24857746	     -0.05805039	      0.92522765	     -0.07817854	      2.61666261	     -4.40453536	    -19.28063936	     30.10495456	      5.02425796	      0.52543058	     22.14196698	      9.78983577	     -7.56727446	     23.39958167	     -7.70843079	    -17.41022426	     37.65545741	     -1.94529905	      0.65721171	      9.98175482	     -4.17621827	     -7.56727446	    -18.44233685	      5.24075932	     -2.81620191	      9.94403131	    -13.53173980	      4.47431701	     40.72862418	     90.00000001	      0.00000000	      0.00000000	    -14.02550208	    -10.07211749	     -1.75625720	     57.76351157	     90.00000001	      0.00000000	      0.00000000
      3.53000000	      2.28923784	     -2.78661212	     -2.49095304	     -0.05456909	      0.92542640	     -0.07911975	      2.45127252	     -4.42335080	    -19.23646894	     30.05171887	      4.96948412	      0.52450144	     22.13297062	      9.79063572	     -7.56720055	     23.22265095	     -7.65796829	    -17.28619586	     37.78905671	     -2.02065267	      0.65954346	     10.01250702	     -4.21261103	     -7.56720055	    -18.19020360	      5.05756286	     -2.76092709	      9.85373541	    -13.38765108	      4.50755446	     40.75045271	     90.00000001	      0.00000000	      0.00000000	    -14.14528192	    -10.05849588	     -1.76341709	     57.70207678	     90.00000001	      0.00000000	      0.00000000
      3.54000000	      2.42914243	     -2.61216542	     -2.90611252	     -0.05100535	      0.92620317	     -0.07986366	      1.87082463	     -4.62727024	    -18.65742115	     29.45116198	      5.04575214	      0.51401975	     22.08717105	      9.98265292	     -7.56623015	     22.63017917	     -7.49888000	    -17.38789975	     37.79642378	     -1.81942695	      0.65967204	     10.41898433	     -4.98987042	     -7.56623015	    -18.19190766	      4.56978495	     -2.51840264	      9.66043992	    -13.27945132	      4.49890480	     41.03241560	     90.00000001	      0.00000000	      0.00000000	    -14.14275096	    -10.01853560	     -1.97354376	     57.51826935	     90.00000001	      0.00000000	      0.00000000
      3.55000000	      2.34256625	     -2.53583895	     -3.13854694	     -0.04759709	      0.92650600	     -0.08089797	      1.64603513	     -4.76223976	    -18.63476014	     29.18872802	      4.94448875	      0.50943941	     22.03451790	      9.99611296	     -7.56600312	     22.41136857	     -7.43708418	    -17.45299399	     37.86164140	     -1.69713016	      0.66081030	     10.46638220	     -5.10826381	     -7.56600312	    -17.91947132	      4.25925496	     -2.48801453	      9.55414472	    -13.12093935	      4.53963717	     41.13867621	     90.00000001	      0.00000000	      0.00000000	    -14.24507856	    -10.01695770	     -2.02234520	     57.42176969	     90.00000001	      0.00000000	      0.00000000
      3.56000000	      2.25994418	     -2.45321268	     -3.39965020	     -0.04421715	      0.92692318	     -0.08203295	      1.38893959	     -4.92426975	    -18.58366139	     28.82464460	      4.90800706	      0.50308495	     21.94521657	     10.08906799	     -7.56575654	     22.10863879	     -7.38358313	    -17.66860240	     37.80985562	     -1.54811417	      0.65990647	     10.61605988	     -5.27901732	     -7.56575654	    -17.65937193	      3.96873207	     -2.43210080	      9.42614262	    -12.97773536	      4.58032474	     41.31085380	     90.00000001	      0.00000000	      0.00000000	    -14.32491271	     -9.99928639	     -2.11468977	     57.29595921	     90.00000001	      0.00000000	      0.00000000
      3.57000000	      2.59354508	     -2.32789784	     -3.75660469	     -0.04070162	      0.92831307	     -0.08311173	      0.48595066	     -5.19317726	    -18.28394183	     28.08102851	      5.09846905	      0.49010640	     21.66842240	     10.60006837	     -7.56461857	     21.10794526	     -7.25107975	    -18.26558220	     37.31928697	     -1.51270761	      0.65134443	     10.79045700	     -5.46304710	     -7.56461857	    -17.89789160	      3.58036583	     -2.19723886	      9.21220210	    -12.93669104	      4.68046152	     41.85540404	     90.00000001	      0.00000000	      0.00000000	    -14.20317296	     -9.83804211	     -2.44480610	     57.03035688	     90.00000001	      0.00000000	      0.00000000
      3.58000000	      2.41941891	     -2.28338218	     -3.94686967	     -0.03748155	      0.92859340	     -0.08441222	      0.33640333	     -5.34402304	    -18.42057041	     27.79731891	      5.05917051	      0.48515474	     21.61252705	     10.64252365	     -7.56442325	     20.93268164	     -7.25798478	    -18.50258743	     37.23922500	     -1.33766103	      0.64994709	     10.86393203	     -5.44396010	     -7.56442325	    -17.55010223	      3.38249287	     -2.19561396	      9.14040596	    -12.78351999	      4.74492167	     41.98889181	     90.00000001	      0.00000000	      0.00000000	    -14.33352260	     -9.83564491	     -2.48895351	     56.93865821	     90.00000001	      0.00000000	      0.00000000
      3.59000000	      2.66045715	     -2.12849988	     -4.26236453	     -0.03405046	      0.92985150	     -0.08565287	     -0.45955311	     -5.65755402	    -18.36044071	     27.06073871	      5.15417824	      0.47229899	     21.23724389	     11.33955757	     -7.56338591	     20.04967575	     -7.06757605	    -19.27068658	     36.68983490	     -1.41252586	      0.64035842	     11.17404602	     -5.01484621	     -7.56338591	    -17.67395044	      2.99621004	     -2.01553765	      8.92446210	    -12.77481191	      4.95438212	     42.54688693	     90.00000001	      0.00000000	      0.00000000	    -14.21386833	     -9.68344745	     -2.81288009	     56.65514119	     90.00000001	      0.00000000	      0.00000000
      3.60000000	      2.45412382	     -2.11652111	     -4.44390445	     -0.03095510	      0.93010522	     -0.08698173	     -0.57166729	     -5.80600021	    -18.59953099	     26.79615160	      5.17409359	      0.46768107	     21.21441481	     11.37099050	     -7.56322918	     19.89752672	     -7.13869285	    -19.55388122	     36.57494664	     -1.19327319	      0.63835324	     11.23369215	     -4.93302806	     -7.56322918	    -17.30391899	      2.85366457	     -2.03778576	      8.89475236	    -12.61546917	      5.02750518	     42.69554733	     90.00000001	      0.00000000	      0.00000000	    -14.33748507	     -9.67891688	     -2.84450680	     56.57893837	     90.00000001	      0.00000000	      0.00000000
      3.61000000	      3.06600923	     -1.93037217	     -4.69615907	     -0.02715888	      0.93197187	     -0.08830568	     -1.91663062	     -6.26025363	    -19.13136588	     25.91459272	      5.25242552	      0.45229497	     21.01476623	     12.70865447	     -7.56078252	     18.52132861	     -6.94138410	    -20.97865483	     35.91575646	     -1.45481551	      0.62684820	     11.62920532	     -2.92368198	     -7.56078252	    -17.82014400	      2.42732483	     -1.90943173	      8.67756978	    -12.72728813	      5.62681329	     43.40178747	     90.00000001	      0.00000000	      0.00000000	    -14.25438662	     -9.59109870	     -3.25339492	     56.42714377	     90.00000001	      0.00000000	      0.00000000
      3.62000000	      2.73974002	     -1.90240039	     -4.88544347	     -0.02422530	      0.93208556	     -0.08969527	     -1.87839350	     -6.38223719	    -19.28766468	     25.60968685	      5.23548431	      0.44697336	     20.87075120	     12.79767852	     -7.56059261	     18.48580709	     -6.95780324	    -21.24629355	     35.69456490	     -1.25447481	      0.62298768	     11.83192597	     -2.88688394	     -7.56059261	    -17.33285363	      2.30293216	     -1.93393385	      8.65144405	    -12.55221842	      5.69013634	     43.58592027	     90.00000001	      0.00000000	      0.00000000	    -14.38101160	     -9.54765915	     -3.26869475	     56.32264721	     90.00000001	      0.00000000	      0.00000000
      3.63000000	      2.95042812	     -1.74592371	     -5.14167217	     -0.02090845	      0.93322968	     -0.09121520	     -2.61857219	     -6.77883569	    -19.61692005	     24.95565217	      5.34846284	      0.43555830	     20.46264382	     13.66499426	     -7.55898215	     17.66916598	     -6.71325094	    -21.95972815	     35.15954514	     -1.27904679	      0.61364983	     12.21379779	     -1.92091950	     -7.55898215	    -17.44057661	      1.99255630	     -1.76510625	      8.43598414	    -12.61330203	      6.04128193	     44.24662202	     90.00000001	      0.00000000	      0.00000000	    -14.25095298	     -9.36256951	     -3.54455468	     56.02342412	     90.00000001	      0.00000000	      0.00000000
      3.64000000	      2.70529598	     -1.75333516	     -5.31712890	     -0.01807265	      0.93344417	     -0.09242716	     -2.65466944	     -6.87949852	    -19.84563961	     24.71761245	      5.39594530	      0.43140372	     20.37441098	     13.71634254	     -7.55881721	     17.57073396	     -6.75723373	    -22.17620710	     34.97370661	     -1.09471339	      0.61040633	     12.32330498	     -1.86874129	     -7.55881721	    -17.06589816	      1.89078988	     -1.76439138	      8.43222429	    -12.42314988	      6.13139001	     44.42731470	     90.00000001	      0.00000000	      0.00000000	    -14.35285997	     -9.40457752	     -3.58638928	     55.94572050	     90.00000001	      0.00000000	      0.00000000
      3.65000000	      2.88552339	     -1.58711370	     -5.52257393	     -0.01489514	      0.93451870	     -0.09392869	     -3.32328216	     -7.27243453	    -20.15673999	     24.13596955	      5.54930430	      0.42125214	     19.82921704	     14.39479848	     -7.55781420	     16.79035762	     -6.41756097	    -22.56322108	     34.35248673	     -1.04715932	      0.59956400	     12.63372881	     -1.28748904	     -7.55781420	    -17.15244801	      1.59008781	     -1.65230805	      8.23318224	    -12.46613802	      6.53248840	     45.11007213	     90.00000001	      0.00000000	      0.00000000	    -14.22804383	     -9.29162136	     -3.83235898	     55.67638999	     90.00000001	      0.00000000	      0.00000000
      3.66000000	      2.87042012	     -1.51380624	     -5.69866325	     -0.01193125	      0.93509519	     -0.09527792	     -3.64763630	     -7.49063288	    -20.52015752	     23.81174510	      5.57358812	      0.41559335	     19.67049540	     14.67735519	     -7.55711422	     16.38494338	     -6.28733691	    -22.85325106	     34.05759738	     -0.91499343	      0.59441721	     12.74367696	     -0.95062759	     -7.55711422	    -17.03126479	      1.40308571	     -1.60253682	      8.18955168	    -12.40657691	      6.82141694	     45.45616626	     90.00000001	      0.00000000	      0.00000000	    -14.25069974	     -9.27545750	     -3.92977382	     55.61342917	     90.00000001	      0.00000000	      0.00000000
      3.67000000	      2.70892759	     -1.52579315	     -5.85457745	     -0.00915553	      0.93538795	     -0.09657819	     -3.73959860	     -7.60856635	    -20.79219775	     23.63882681	      5.65533959	      0.41257536	     19.57869487	     14.72076012	     -7.55691014	     16.20870822	     -6.29209782	    -23.03878758	     33.86929575	     -0.74218078	      0.59113073	     12.82709659	     -0.89030420	     -7.55691014	    -16.77717454	      1.33858754	     -1.58574602	      8.20499352	    -12.26203215	      6.94986428	     45.67753068	     90.00000001	      0.00000000	      0.00000000	    -14.32247028	     -9.26656770	     -3.96257116	     55.53622451	     90.00000001	      0.00000000	      0.00000000
      3.68000000	      2.88848660	     -1.37561657	     -6.02383971	     -0.00625113	      0.93630462	     -0.09802578	     -4.24761057	     -7.97351264	    -21.15858705	     23.35825653	      5.75628847	      0.40767848	     19.10979177	     15.06052783	     -7.55610625	     15.52000902	     -5.91314302	    -23.17946424	     33.32689828	     -0.69447726	      0.58166410	     13.03396289	     -0.56015901	     -7.55610625	    -16.90519987	      1.06903786	     -1.49223348	      8.08108663	    -12.30853840	      7.42526271	     46.32926941	     90.00000001	      0.00000000	      0.00000000	    -14.22254411	     -9.20681992	     -4.12698126	     55.36177140	     90.00000001	      0.00000000	      0.00000000
      3.69000000	      2.75544861	     -1.40256723	     -6.15560302	     -0.00356848	      0.93655771	     -0.09930197	     -4.31653936	     -8.04578623	    -21.38465998	     23.26706012	      5.81002301	      0.40608681	     19.07238647	     15.04894802	     -7.55592846	     15.36054977	     -5.90523611	    -23.31800158	     33.19713179	     -0.57117084	      0.57939925	     13.07041551	     -0.53051400	     -7.55592846	    -16.69662492	      1.03213643	     -1.48944072	      8.13407790	    -12.16302020	      7.55493528	     46.51169890	     90.00000001	      0.00000000	      0.00000000	    -14.28629858	     -9.22236238	     -4.14386760	     55.31989903	     90.00000001	      0.00000000	      0.00000000
      3.70000000	      2.88675515	     -1.27065575	     -6.30269838	     -0.00081277	      0.93725031	     -0.10068875	     -4.63489779	     -8.36062166	    -21.73249806	     23.23207516	      5.83854214	      0.40547620	     18.71192156	     15.07736962	     -7.55515831	     14.78846729	     -5.54510740	    -23.40407001	     32.73272791	     -0.53353986	      0.57129388	     13.22338391	     -0.34045036	     -7.55515831	    -16.78302410	      0.79169010	     -1.42512701	      8.06784288	    -12.19537815	      8.06755583	     47.05928553	     90.00000001	      0.00000000	      0.00000000	    -14.22687329	     -9.20724982	     -4.23888726	     55.24016217	     90.00000001	      0.00000000	      0.00000000
      3.71000000	      2.77633454	     -1.31918516	     -6.40542560	      0.00171956	      0.93747681	     -0.10193160	     -4.66719439	     -8.38635657	    -21.86321174	     23.22548267	      5.87727468	      0.40536114	     18.68281089	     15.02952054	     -7.55502920	     14.66141413	     -5.52155619	    -23.47291592	     32.65055640	     -0.48312220	      0.56985971	     13.24990245	     -0.33644320	     -7.55502920	    -16.62517985	      0.78557538	     -1.42593337	      8.15721653	    -12.03279085	      8.17353508	     47.21538637	     90.00000001	      0.00000000	      0.00000000	    -14.27404641	     -9.22641794	     -4.24172053	     55.20438876	     90.00000001	      0.00000000	      0.00000000
      3.72000000	      2.68933311	     -1.37526371	     -6.44392404	      0.00417734	      0.93769614	     -0.10333119	     -4.70084783	     -8.37499579	    -21.90018144	     23.24396012	      5.88073735	      0.40568364	     18.66436267	     15.00554442	     -7.55500141	     14.56610774	     -5.46671730	    -23.47887824	     32.64332245	     -0.47553878	      0.56973346	     13.26096197	     -0.33389356	     -7.55500141	    -16.49940708	      0.80411337	     -1.39040216	      8.22424116	    -11.92032362	      8.22146478	     47.28935805	     90.00000001	      0.00000000	      0.00000000	    -14.24447589	     -9.22991257	     -4.24216048	     55.21017547	     90.00000001	      0.00000000	      0.00000000
      3.73000000	      2.78092047	     -1.21900074	     -6.60255778	      0.00676759	      0.93818245	     -0.10449310	     -4.72757143	     -8.68729171	    -22.28826373	     23.65097608	      5.72849570	      0.41278740	     18.25678179	     14.44372120	     -7.55446169	     14.02520190	     -5.10641068	    -23.58311190	     32.10553272	     -0.39520296	      0.56034725	     13.53186145	     -0.29322474	     -7.55446169	    -16.56088491	      0.53600124	     -1.37017091	      8.20710109	    -11.89211313	      8.75878456	     47.83916883	     90.00000001	      0.00000000	      0.00000000	    -14.25039331	     -9.25725156	     -4.27763309	     55.11068032	     90.00000001	      0.00000000	      0.00000000
      3.74000000	      2.80325135	     -1.11442789	     -6.68724913	      0.00917511	      0.93848329	     -0.10588567	     -4.72113877	     -8.96087670	    -22.30435273	     23.99432140	      5.81389903	      0.41877991	     18.11782677	     13.88933804	     -7.55370503	     13.71874278	     -4.77243368	    -23.64259497	     31.81088614	     -0.46043869	      0.55520470	     13.53336413	     -0.24640393	     -7.55370503	    -16.56189378	      0.37446159	     -1.38234595	      8.26642554	    -11.89715459	      9.27018574	     48.16538592	     90.00000001	      0.00000000	      0.00000000	    -14.25756832	     -9.30840505	     -4.27602148	     55.12442382	     90.00000001	      0.00000000	      0.00000000
      3.75000000	      2.73020506	     -1.17303269	     -6.68477659	      0.01158826	      0.93864670	     -0.10720552	     -4.74111365	     -8.92945817	    -22.29989216	     24.03452470	      5.81256594	      0.41948159	     18.10496229	     13.86421485	     -7.55367792	     13.63148593	     -4.72096730	    -23.64606637	     31.81544986	     -0.46574118	      0.55528435	     13.53907981	     -0.24740425	     -7.55367792	    -16.46012335	      0.40234446	     -1.36391804	      8.32692441	    -11.77494491	      9.31126468	     48.22234795	     90.00000001	      0.00000000	      0.00000000	    -14.23174764	     -9.30937679	     -4.27116699	     55.12906569	     90.00000001	      0.00000000	      0.00000000
      3.76000000	      2.76585698	     -1.05726268	     -6.81520890	      0.01380499	      0.93890040	     -0.10834780	     -4.48089967	     -9.16716034	    -22.35030941	     24.82432475	      5.59532166	      0.43326620	     17.82530359	     12.84871001	     -7.55296128	     13.26659996	     -4.40513483	    -23.74196190	     31.42632104	     -0.47467701	      0.54849277	     13.73944512	     -0.24155625	     -7.55296128	    -16.49788784	      0.20026256	     -1.37439785	      8.44683306	    -11.68352638	      9.77188786	     48.48295068	     90.00000001	      0.00000000	      0.00000000	    -14.25191677	     -9.35825306	     -4.23920505	     55.10169388	     90.00000001	      0.00000000	      0.00000000
      3.77000000	      2.71105476	     -0.97983532	     -6.88056665	      0.01595797	      0.93900381	     -0.10960857	     -4.23863039	     -9.36206689	    -22.09841484	     25.38301989	      5.62235068	      0.44301727	     17.67018812	     11.90020237	     -7.55198695	     13.11527734	     -4.12867467	    -23.80206879	     31.21718377	     -0.56435077	      0.54484264	     13.77364232	     -0.24927603	     -7.55198695	    -16.43646471	      0.07485330	     -1.40447177	      8.57237756	    -11.59918308	     10.11580466	     48.61951865	     90.00000001	      0.00000000	      0.00000000	    -14.27687334	     -9.41704812	     -4.21581213	     55.09551466	     90.00000001	      0.00000000	      0.00000000
      3.78000000	      2.68380523	     -0.95454769	     -6.91045796	      0.01816068	      0.93913084	     -0.11082979	     -4.03848697	     -9.44409929	    -21.94635916	     25.89501266	      5.50420373	      0.45195323	     17.48585828	     11.19264276	     -7.55122313	     12.91675041	     -3.95982945	    -23.84862114	     31.04849657	     -0.56067037	      0.54189849	     13.86159175	     -0.26093349	     -7.55122313	    -16.39693506	      0.00492169	     -1.42563151	      8.70590575	    -11.46907120	     10.30095294	     48.70254598	     90.00000001	      0.00000000	      0.00000000	    -14.28091071	     -9.44401784	     -4.19504430	     55.06549267	     90.00000001	      0.00000000	      0.00000000
      3.79000000	      2.67586330	     -0.92134619	     -6.94593619	      0.02023831	      0.93930642	     -0.11203127	     -3.77458420	     -9.56412274	    -21.76077000	     26.56520549	      5.37505593	      0.46365030	     17.27824952	     10.42079298	     -7.55040402	     12.70965717	     -3.74702725	    -23.86532767	     30.84331564	     -0.60475578	      0.53831741	     13.95249843	     -0.25868836	     -7.55040402	    -16.40149876	     -0.07926061	     -1.42601654	      8.82758869	    -11.34632203	     10.49478947	     48.73493072	     90.00000001	      0.00000000	      0.00000000	    -14.25978700	     -9.46685042	     -4.17040143	     55.05082123	     90.00000001	      0.00000000	      0.00000000
      3.80000000	      2.71820221	     -0.98203706	     -6.91992958	      0.02230739	      0.93958458	     -0.11330496	     -3.62502488	     -9.55640003	    -21.62452649	     27.11125064	      5.19920626	      0.47318059	     17.10904173	     10.08356271	     -7.55011115	     12.46512967	     -3.64571298	    -23.85074548	     30.70734178	     -0.63713377	      0.53594422	     14.03907843	     -0.25219633	     -7.55011115	    -16.48402318	     -0.03886086	     -1.46510318	      8.97626730	    -11.20462881	     10.58799180	     48.77411367	     90.00000001	      0.00000000	      0.00000000	    -14.23892789	     -9.47092232	     -4.14505166	     55.00724479	     90.00000001	      0.00000000	      0.00000000
      3.81000000	      2.75462814	     -0.94821870	     -6.95387716	      0.02441256	      0.93979863	     -0.11441011	     -3.32652696	     -9.67467870	    -21.52810474	     27.91735881	      4.92167810	      0.48724983	     16.85136222	      9.51784250	     -7.54973620	     12.16133355	     -3.46010511	    -23.85597928	     30.46534518	     -0.58722836	      0.53172058	     14.16617604	     -0.21943891	     -7.54973620	    -16.51532179	     -0.13113575	     -1.45982150	      9.11126666	    -11.08354217	     10.74021851	     48.75555547	     90.00000001	      0.00000000	      0.00000000	    -14.20540814	     -9.48955834	     -4.12656317	     54.97508347	     90.00000001	      0.00000000	      0.00000000
      3.82000000	      2.66913657	     -0.73776555	     -7.00954556	      0.02644091	      0.93974430	     -0.11560826	     -2.80467212	    -10.05264177	    -21.29055694	     28.88196910	      4.76493069	      0.50408546	     16.58750028	      8.59403517	     -7.54893869	     12.00892355	     -3.05814177	    -23.89946816	     30.14712613	     -0.57197205	      0.52616661	     14.22289892	     -0.20897955	     -7.54893869	    -16.39426410	     -0.39476904	     -1.47023326	      9.21143205	    -10.96533575	     10.96513508	     48.68426519	     90.00000001	      0.00000000	      0.00000000	    -14.22369206	     -9.53610656	     -4.12636670	     54.96075638	     90.00000001	      0.00000000	      0.00000000
      3.83000000	      2.74712276	     -0.82361012	     -6.94232271	      0.02841550	      0.94007050	     -0.11688632	     -2.63250753	    -10.03672390	    -21.06346699	     29.53207785	      4.57255872	      0.51543199	     16.37192801	      8.36158911	     -7.54869292	     11.72966674	     -2.98525228	    -23.83716409	     30.01661554	     -0.59396780	      0.52388877	     14.28104260	     -0.20221491	     -7.54869292	    -16.51659383	     -0.32054097	     -1.54075734	      9.36119714	    -10.83796455	     11.02639653	     48.69028620	     90.00000001	      0.00000000	      0.00000000	    -14.18977796	     -9.52038642	     -4.10559290	     54.90185283	     90.00000001	      0.00000000	      0.00000000
      3.84000000	      2.80633696	     -0.79339915	     -6.94386460	      0.03047234	      0.94032907	     -0.11796361	     -2.28669847	    -10.16386982	    -20.91981073	     30.45390497	      4.24018003	      0.53152091	     16.02222361	      7.94875523	     -7.54837834	     11.37868125	     -2.83242693	    -23.80237123	     29.74929186	     -0.45635090	      0.51922309	     14.39152824	     -0.17130512	     -7.54837834	    -16.56892562	     -0.40456784	     -1.52510938	      9.47839221	    -10.74266875	     11.13779006	     48.61285603	     90.00000001	      0.00000000	      0.00000000	    -14.15151954	     -9.51589626	     -4.10699857	     54.84480916	     90.00000001	      0.00000000	      0.00000000
      3.85000000	      2.71558501	     -0.52163717	     -6.99166313	      0.03237723	      0.94024774	     -0.11913638	     -1.60457225	    -10.65012854	    -20.63707723	     31.66916975	      4.01969378	      0.55273128	     15.63837722	      7.14303192	     -7.54749702	     11.20479342	     -2.34552726	    -23.76536165	     29.33021912	     -0.41246367	      0.51190889	     14.40505199	     -0.22624119	     -7.54749702	    -16.43724799	     -0.72419478	     -1.52693220	      9.57424116	    -10.62640147	     11.32544584	     48.46014550	     90.00000001	      0.00000000	      0.00000000	    -14.15916388	     -9.56465666	     -4.16333222	     54.81044120	     90.00000001	      0.00000000	      0.00000000
      3.86000000	      2.81848046	     -0.60158669	     -6.92316671	      0.03436113	      0.94062386	     -0.12041579	     -1.38516601	    -10.67501396	    -20.40706895	     32.44335689	      3.76631187	      0.56624340	     15.32892844	      6.98371201	     -7.54724741	     10.85548410	     -2.31019488	    -23.68314544	     29.17236979	     -0.30947132	      0.50915390	     14.45479014	     -0.21507381	     -7.54724741	    -16.57008175	     -0.63959403	     -1.58305276	      9.69951868	    -10.53187983	     11.37148379	     48.43249744	     90.00000001	      0.00000000	      0.00000000	    -14.12689888	     -9.51280802	     -4.14873078	     54.73854241	     90.00000001	      0.00000000	      0.00000000
      3.87000000	      2.78912536	     -0.38840647	     -6.96086458	      0.03634035	      0.94069629	     -0.12144504	     -0.75693648	    -11.05835661	    -20.19567564	     33.63506765	      3.40025414	      0.58704267	     14.80399829	      6.46244147	     -7.54652020	     10.55168910	     -1.95458087	    -23.61360857	     28.73096823	     -0.10395524	      0.50144999	     14.50642627	     -0.24942489	     -7.54652020	    -16.49197850	     -0.92155567	     -1.55000285	      9.75483878	    -10.44029914	     11.51417033	     48.27575977	     90.00000001	      0.00000000	      0.00000000	    -14.12029230	     -9.50155292	     -4.20963391	     54.67901744	     90.00000001	      0.00000000	      0.00000000
      3.88000000	      2.91069503	     -0.47938983	     -6.83648340	      0.03832816	      0.94109179	     -0.12270534	     -0.52806458	    -11.07375785	    -19.93101906	     34.49282762	      3.15576661	      0.60201341	     14.44470025	      6.36355440	     -7.54628767	     10.17855923	     -1.93614906	    -23.51008379	     28.56339019	     -0.00528661	      0.49852520	     14.53528665	     -0.22135844	     -7.54628767	    -16.63557982	     -0.82197425	     -1.63082673	      9.86579828	    -10.38845489	     11.54431029	     48.23855305	     90.00000001	      0.00000000	      0.00000000	    -14.09253196	     -9.46602114	     -4.20974329	     54.60241981	     90.00000001	      0.00000000	      0.00000000
      3.89000000	      2.90530818	     -0.27941843	     -6.87476863	      0.04033724	      0.94122073	     -0.12373556	      0.10467498	    -11.45584644	    -19.70701572	     35.71645623	      2.75485210	      0.62336976	     13.79721130	      5.96028024	     -7.54567701	      9.81463105	     -1.62463138	    -23.44019435	     28.09977891	      0.27366446	      0.49043366	     14.58816855	     -0.20127818	     -7.54567701	    -16.57291696	     -1.07330606	     -1.58326705	      9.89689089	    -10.33383193	     11.67162869	     48.08464562	     90.00000001	      0.00000000	      0.00000000	    -14.08713369	     -9.44068325	     -4.28740420	     54.54154835	     90.00000001	      0.00000000	      0.00000000
      3.90000000	      3.03729953	     -0.38913075	     -6.70464301	      0.04230541	      0.94166259	     -0.12503581	      0.33011916	    -11.45557329	    -19.41678161	     36.59067694	      2.53505696	      0.63862779	     13.40986051	      5.89806600	     -7.54547821	      9.43745484	     -1.62877067	    -23.33407900	     27.94040124	      0.35064062	      0.48765200	     14.59937696	     -0.15472784	     -7.54547821	    -16.73088275	     -0.93565767	     -1.69622133	      9.97527986	    -10.29537496	     11.69289469	     48.05111065	     90.00000001	      0.00000000	      0.00000000	    -14.07357274	     -9.40043772	     -4.29072522	     54.46451033	     90.00000001	      0.00000000	      0.00000000
      3.91000000	      3.10909655	     -0.30881383	     -6.68843174	      0.04434449	      0.94193227	     -0.12603835	      0.83411102	    -11.69919404	    -19.19587863	     37.75877310	      2.15805239	      0.65901491	     12.68739214	      5.65043315	     -7.54513882	      8.98738362	     -1.50907703	    -23.26805163	     27.56046464	      0.70265601	      0.48102085	     14.66997905	     -0.04837541	     -7.54513882	    -16.76807336	     -1.05598294	     -1.62716801	      9.97244539	    -10.30367201	     11.78191939	     47.91454090	     90.00000001	      0.00000000	      0.00000000	    -14.05286843	     -9.35403461	     -4.35480382	     54.41149043	     90.00000001	      0.00000000	      0.00000000
      3.92000000	      3.07860427	     -0.10183532	     -6.63504378	      0.04639737	      0.94200217	     -0.12723675	      1.44946455	    -12.11311199	    -18.74699779	     38.95297035	      1.98704044	      0.67985759	     11.95665315	      5.06301289	     -7.54431055	      8.70680790	     -1.11041398	    -23.19007239	     27.10357127	      0.75503388	      0.47304656	     14.62310037	     -0.00841434	     -7.54431055	    -16.65398537	     -1.27296219	     -1.66699468	      9.95939456	    -10.28435733	     11.89777731	     47.78321084	     90.00000001	      0.00000000	      0.00000000	    -14.08752075	     -9.30919690	     -4.47162684	     54.37918290	     90.00000001	      0.00000000	      0.00000000
      3.93000000	      3.19276471	     -0.14675687	     -6.52216330	      0.04848890	      0.94238589	     -0.12830545	      1.76235836	    -12.18973395	    -18.43733951	     39.90870309	      1.75815334	      0.69653827	     11.31941328	      4.85294303	     -7.54392650	      8.27172297	     -1.14654873	    -23.12664672	     26.88614684	      1.05656764	      0.46925179	     14.66417689	      0.07707124	     -7.54392650	    -16.74044685	     -1.23094992	     -1.68852974	      9.96006945	    -10.30414283	     11.93419685	     47.71142874	     90.00000001	      0.00000000	      0.00000000	    -14.08884422	     -9.26785613	     -4.51173770	     54.32387956	     90.00000001	      0.00000000	      0.00000000
      3.94000000	      3.27469944	     -0.14366056	     -6.40109059	      0.05057952	      0.94270649	     -0.12942235	      2.14671824	    -12.31132805	    -18.06218303	     40.90488513	      1.53537761	      0.71392493	     10.53655094	      4.49888611	     -7.54346308	      7.86732902	     -1.07692262	    -23.06422496	     26.57899202	      1.25958996	      0.46389092	     14.71525701	      0.21309046	     -7.54346308	    -16.78054634	     -1.22511518	     -1.72746722	      9.94117797	    -10.33553996	     11.98524846	     47.64062905	     90.00000001	      0.00000000	      0.00000000	    -14.12095849	     -9.21416970	     -4.56968410	     54.28011945	     90.00000001	      0.00000000	      0.00000000
      3.95000000	      3.41047435	     -0.25566304	     -6.21068281	      0.05266363	      0.94313818	     -0.13065197	      2.38115100	    -12.31732134	    -17.73729017	     41.79090420	      1.40130804	      0.72938888	      9.94467376	      4.29512606	     -7.54319738	      7.46534922	     -1.11654747	    -22.98042577	     26.40535411	      1.36330624	      0.46086037	     14.74123087	      0.33448474	     -7.54319738	    -16.90165205	     -1.06954867	     -1.81728794	      9.92515234	    -10.39675565	     11.99292586	     47.58076451	     90.00000001	      0.00000000	      0.00000000	    -14.13678814	     -9.15387035	     -4.59472728	     54.24259366	     90.00000001	      0.00000000	      0.00000000
      3.96000000	      3.41834066	     -0.14438733	     -6.12702591	      0.05464643	      0.94332452	     -0.13183220	      2.86882861	    -12.59167676	    -16.68988890	     42.80871048	      1.75581814	      0.74715295	      8.78826660	      2.40948813	     -7.54135167	      7.18194027	     -0.88780483	    -23.04978192	     26.07865773	      1.42046164	      0.45515844	     14.71741230	      0.60388121	     -7.54135167	    -16.85086002	     -1.16185807	     -1.94059624	      9.95258008	    -10.43771319	     12.08210090	     47.51859640	     90.00000001	      0.00000000	      0.00000000	    -14.25742903	     -9.06428068	     -4.74644222	     54.18147724	     90.00000001	      0.00000000	      0.00000000
      3.97000000	      3.57114494	     -0.35951966	     -5.91703861	      0.05685204	      0.94380599	     -0.13286161	      3.00104114	    -12.45107923	    -16.47428607	     43.55955786	      1.62244860	      0.76025771	      8.26566215	      2.42887131	     -7.54116218	      6.77262506	     -1.06970486	    -22.92318644	     25.97922056	      1.53355969	      0.45342294	     14.79467314	      0.69785882	     -7.54116218	    -16.96679226	     -0.90603483	     -1.89967508	      9.84572784	    -10.53913374	     12.06476746	     47.41500176	     90.00000001	      0.00000000	      0.00000000	    -14.23430296	     -9.02467753	     -4.75873384	     54.20127255	     90.00000001	      0.00000000	      0.00000000
      3.98000000	      3.69993257	     -0.52188090	     -5.72628801	      0.05905336	      0.94421579	     -0.13391961	      3.19085108	    -12.36969120	    -16.23881451	     44.31047389	      1.49777317	      0.77336366	      7.64397959	      2.35981982	     -7.54091801	      6.38064793	     -1.20564572	    -22.82970035	     25.85376579	      1.68186986	      0.45123334	     14.88686031	      0.82842172	     -7.54091801	    -17.04831887	     -0.69499880	     -1.96191101	      9.78052174	    -10.62530845	     12.03622045	     47.37147756	     90.00000001	      0.00000000	      0.00000000	    -14.30010553	     -8.98166050	     -4.77174048	     54.18890426	     90.00000001	      0.00000000	      0.00000000
      3.99000000	      3.78160496	     -0.59558993	     -5.69145203	      0.06117233	      0.94464056	     -0.13475360	      3.48141212	    -12.35559263	    -15.23396612	     44.99465831	      1.86761975	      0.78530493	      6.19919182	      0.33646739	     -7.53878827	      5.97570222	     -1.23969499	    -22.90508925	     25.57446632	      1.81508475	      0.44635864	     15.07682252	      1.32955521	     -7.53878827	    -17.07286654	     -0.61739213	     -1.86839903	      9.69220777	    -10.74409161	     12.04281527	     47.24229309	     90.00000001	      0.00000000	      0.00000000	    -14.37922450	     -8.87854748	     -4.91601870	     54.24230435	     90.00000001	      0.00000000	      0.00000000
      4.00000000	      3.91150306	     -0.78663164	     -5.44340688	      0.06339909	      0.94506011	     -0.13583458	      3.57724336	    -12.24682049	    -15.08397666	     45.56701702	      1.85731603	      0.79529448	      5.84329116	      0.36273163	     -7.53855541	      5.65747236	     -1.37977377	    -22.80798608	     25.55660630	      1.84500823	      0.44604693	     15.12284160	      1.40437152	     -7.53855541	    -17.14938068	     -0.35691375	     -1.95629579	      9.59877511	    -10.84699708	     11.98979927	     47.19123444	     90.00000001	      0.00000000	      0.00000000	    -14.45103045	     -8.85423669	     -4.91904898	     54.23232328	     90.00000001	      0.00000000	      0.00000000
      4.01000000	      4.05884663	     -0.89586040	     -5.33541087	      0.06567024	      0.94551482	     -0.13662886	      3.72490662	    -12.21487688	    -14.82584632	     46.10394561	      1.82885603	      0.80466565	      5.04702598	      0.07686807	     -7.53811025	      5.20452905	     -1.46010126	    -22.71988685	     25.35281766	      2.02962007	      0.44249014	     15.31452339	      1.59445253	     -7.53811025	    -17.22960169	     -0.23726158	     -1.92165569	      9.48987763	    -10.94564308	     11.93058721	     47.06972675	     90.00000001	      0.00000000	      0.00000000	    -14.56023330	     -8.80697079	     -4.99050669	     54.31240542	     90.00000001	      0.00000000	      0.00000000
      4.02000000	      4.15818082	     -1.11140156	     -5.09644088	      0.06789542	      0.94588754	     -0.13768348	      3.81762076	    -12.08486755	    -14.69358861	     46.50608917	      1.91853610	      0.81168438	      4.81164831	      0.02375400	     -7.53785199	      4.95040793	     -1.58638096	    -22.60904752	     25.34701326	      1.93636798	      0.44238884	     15.32558706	      1.67049781	     -7.53785199	    -17.26873697	      0.05985233	     -2.00081209	      9.37622462	    -11.07982025	     11.84946000	     47.01291286	     90.00000001	      0.00000000	      0.00000000	    -14.67141142	     -8.76108885	     -4.99587682	     54.33086433	     90.00000001	      0.00000000	      0.00000000
      4.03000000	      4.29481132	     -1.30171777	     -4.93740331	      0.07007248	      0.94632707	     -0.13857589	      3.90862624	    -11.98749317	    -14.52931338	     46.85441393	      2.01762958	      0.81776379	      4.41111011	     -0.15428428	     -7.53758792	      4.59376346	     -1.71149066	    -22.52915595	     25.24089224	      1.95929321	      0.44053668	     15.44693746	      1.76858212	     -7.53758792	    -17.35464736	      0.30452790	     -2.00400734	      9.29160677	    -11.21526788	     11.74955972	     46.89230809	     90.00000001	      0.00000000	      0.00000000	    -14.78313281	     -8.71642175	     -5.04708892	     54.39653379	     90.00000001	      0.00000000	      0.00000000
      4.04000000	      4.56660924	     -1.55495263	     -4.83392096	      0.07232708	      0.94720082	     -0.13915940	      3.73236901	    -11.72472845	    -13.92499044	     46.83124087	      2.41728867	      0.81735935	      3.46335954	     -1.56756244	     -7.53659772	      3.98355123	     -1.93425330	    -22.40788823	     25.01281867	      2.09807859	      0.43655604	     15.63159366	      2.15517647	     -7.53659772	    -17.58737684	      0.56960435	     -1.96465162	      9.24682089	    -11.22960859	     11.45708263	     46.62802613	     90.00000001	      0.00000000	      0.00000000	    -14.92268706	     -8.61781432	     -5.30636309	     54.56100066	     90.00000001	      0.00000000	      0.00000000
      4.05000000	      4.62829089	     -1.71956721	     -4.68394784	      0.07452088	      0.94749468	     -0.13998809	      3.88365347	    -11.64652159	    -13.88424854	     46.97988638	      2.52306402	      0.81995370	      3.41130575	     -1.55597664	     -7.53641334	      3.79430235	     -2.01846573	    -22.34370249	     25.04758973	      2.00911720	      0.43716291	     15.64200659	      2.17451301	     -7.53641334	    -17.57710049	      0.79132500	     -1.96442446	      9.09298483	    -11.38770097	     11.38877985	     46.55208977	     90.00000001	      0.00000000	      0.00000000	    -15.06422573	     -8.57103715	     -5.30286263	     54.56834505	     90.00000001	      0.00000000	      0.00000000
      4.06000000	      4.70804960	     -1.94420276	     -4.57890410	      0.07659286	      0.94784688	     -0.14071065	      4.03554850	    -11.52240214	    -13.82443530	     47.04902897	      2.70013285	      0.82116047	      3.31974455	     -1.58728917	     -7.53620582	      3.53795671	     -2.16737057	    -22.29230092	     24.97492396	      1.94255762	      0.43589465	     15.75442999	      2.18884655	     -7.53620582	    -17.60743957	      1.07611930	     -1.91257491	      8.99772051	    -11.54146936	     11.26948284	     46.41978517	     90.00000001	      0.00000000	      0.00000000	    -15.18776602	     -8.53642679	     -5.34936089	     54.64732616	     90.00000001	      0.00000000	      0.00000000
      4.07000000	      4.95985922	     -2.30208178	     -4.53170839	      0.07878703	      0.94867717	     -0.14105253	      3.86476551	    -11.13136253	    -13.50574476	     46.69252341	      3.00426480	      0.81493827	      3.10738188	     -1.94903214	     -7.53561077	      2.96210150	     -2.54210923	    -22.16093752	     24.81428605	      2.12382258	      0.43309099	     16.05037488	      2.29744601	     -7.53561077	    -17.83648295	      1.43809241	     -1.80944602	      8.97986530	    -11.55709115	     10.85705416	     46.06518921	     90.00000001	      0.00000000	      0.00000000	    -15.36811773	     -8.41307239	     -5.60554683	     54.82730339	     90.00000001	      0.00000000	      0.00000000
      4.08000000	      5.01289717	     -2.37336402	     -4.46059797	      0.08059236	      0.94894899	     -0.14156239	      4.14806068	    -11.11833087	    -13.50225076	     46.65888063	      3.07095346	      0.81435109	      3.11339464	     -1.88273168	     -7.53543892	      2.83721383	     -2.55033617	    -22.05682413	     24.92008499	      2.07613418	      0.43493753	     16.00654580	      2.34084395	     -7.53543892	    -17.86525796	      1.52527045	     -1.81323151	      8.88111398	    -11.64904903	     10.81204456	     46.05881132	     90.00000001	      0.00000000	      0.00000000	    -15.46028082	     -8.43301645	     -5.61318597	     54.83486620	     90.00000001	      0.00000000	      0.00000000
      4.09000000	      5.03013571	     -2.59518310	     -4.43299337	      0.08290718	      0.94921774	     -0.14208611	      4.35349321	    -11.02880159	    -13.60959543	     46.38896008	      3.33792694	      0.80964009	      3.21720927	     -1.86766515	     -7.53532803	      2.58494905	     -2.67252588	    -22.09294774	     24.75922010	      1.94352578	      0.43212991	     16.11195236	      2.29407311	     -7.53532803	    -17.77667142	      1.79690847	     -1.66048360	      8.71941546	    -11.83697581	     10.67254736	     45.84052288	     90.00000001	      0.00000000	      0.00000000	    -15.66344728	     -8.33723256	     -5.67871798	     54.91268405	     90.00000001	      0.00000000	      0.00000000
      4.10000000	      5.08920289	     -2.86832331	     -4.41647283	      0.08496122	      0.94964255	     -0.14245610	      4.48167736	    -10.77844066	    -13.53097312	     45.85181844	      3.60690346	      0.80026520	      3.41382262	     -1.72167846	     -7.53512439	      2.30084467	     -2.87658329	    -22.03698112	     24.60504549	      1.87917910	      0.42943906	     16.26464062	      2.25920479	     -7.53512439	    -17.79306253	      2.10298936	     -1.52603201	      8.62245252	    -11.93697604	     10.41306596	     45.57679413	     90.00000001	      0.00000000	      0.00000000	    -15.83478548	     -8.24577994	     -5.83527164	     55.05872496	     90.00000001	      0.00000000	      0.00000000
      4.11000000	      5.42028989	     -3.31892801	     -4.41576378	      0.08692281	      0.95064666	     -0.14248847	      4.23493948	    -10.24923501	    -13.42354673	     45.02668649	      3.84174663	      0.78586393	      3.73344137	     -1.23732560	     -7.53445238	      1.66496479	     -3.41641786	    -21.87015864	     24.54893219	      2.15331999	      0.42845969	     16.40595038	      2.24420817	     -7.53445238	    -18.17421808	      2.54429275	     -1.39472796	      8.70156768	    -11.84407547	      9.71490709	     45.17310404	     90.00000001	      0.00000000	      0.00000000	    -15.98596721	     -8.06838120	     -6.25352030	     55.13789765	     90.00000001	      0.00000000	      0.00000000
      4.12000000	      5.52638824	     -3.57588828	     -4.43940682	      0.08887924	      0.95113930	     -0.14264797	      4.37614824	    -10.00691253	    -13.52529620	     44.35471411	      4.00138999	      0.77413580	      4.00860216	     -0.70092548	     -7.53379114	      1.32893120	     -3.64487147	    -21.79849763	     24.44166482	      2.17913831	      0.42658753	     16.48012806	      2.19208351	     -7.53379114	    -18.26772920	      2.80830561	     -1.25802998	      8.64799034	    -11.87490636	      9.30972732	     44.91465774	     90.00000001	      0.00000000	      0.00000000	    -16.13577457	     -7.96923624	     -6.47451592	     55.19179879	     90.00000001	      0.00000000	      0.00000000
      4.13000000	      5.52333779	     -3.72824248	     -4.51764392	      0.09070987	      0.95138407	     -0.14277265	      4.73568541	     -9.87431263	    -13.55254518	     43.70265565	      4.17835324	      0.76275523	      4.24636738	     -0.33367637	     -7.53346689	      1.15023367	     -3.71330397	    -21.74648037	     24.34160153	      2.10043139	      0.42484109	     16.55278686	      2.13491165	     -7.53346689	    -18.24506288	      2.96111887	     -1.11004616	      8.56371065	    -11.96318377	      9.11655330	     44.73583662	     90.00000001	      0.00000000	      0.00000000	    -16.30178070	     -7.91222086	     -6.59509754	     55.26435237	     90.00000001	      0.00000000	      0.00000000
      4.14000000	      5.71085227	     -4.00076158	     -4.54316156	      0.09265895	      0.95200453	     -0.14279088	      4.80424652	     -9.58941656	    -14.03257386	     42.83272489	      4.08190920	      0.74757208	      4.75529941	      1.06318036	     -7.53203076	      0.67134731	     -3.98779963	    -21.60181876	     24.16481189	      2.25069159	      0.42175553	     16.55812020	      1.90908636	     -7.53203076	    -18.45038046	      3.21991267	     -0.98123894	      8.55501173	    -11.90601080	      8.46953490	     44.40614654	     90.00000001	      0.00000000	      0.00000000	    -16.42220053	     -7.76959442	     -6.95581570	     55.28469544	     90.00000001	      0.00000000	      0.00000000
      4.15000000	      5.68163425	     -4.05603137	     -4.67838871	      0.09439591	      0.95203734	     -0.14280934	      5.34990272	     -9.66499676	    -14.18766095	     42.31678011	      4.34738252	      0.73856714	      4.89666955	      1.18538757	     -7.53188663	      0.54074287	     -3.99983251	    -21.63440434	     24.12915224	      2.25306785	      0.42113315	     16.61743886	      1.87005295	     -7.53188663	    -18.40683433	      3.26673135	     -0.84456083	      8.48353611	    -12.02034689	      8.41959444	     44.32086586	     90.00000001	      0.00000000	      0.00000000	    -16.60252588	     -7.75355708	     -6.99018298	     55.30396049	     90.00000001	      0.00000000	      0.00000000
      4.16000000	      5.70022948	     -4.35795392	     -4.81436427	      0.09611006	      0.95243017	     -0.14256780	      5.60277239	     -9.27215218	    -13.78179336	     41.15465193	      4.79888034	      0.71828418	      5.43782884	      2.24165573	     -7.53141888	      0.28142900	     -4.30833288	    -21.56749196	     24.01669346	      2.32710342	      0.41917038	     16.76602275	      1.61003720	     -7.53141888	    -18.46490687	      3.53816546	     -0.62197758	      8.47131807	    -12.04869369	      8.07711685	     43.94389456	     90.00000001	      0.00000000	      0.00000000	    -16.72432494	     -7.63837949	     -7.26926746	     55.30568738	     90.00000001	      0.00000000	      0.00000000
      4.17000000	      5.83932961	     -4.55792735	     -4.90650555	      0.09796154	      0.95288860	     -0.14237696	      5.82439101	     -9.03741715	    -14.34985563	     40.16274309	      4.62730426	      0.70097210	      5.95632535	      3.89645659	     -7.53017369	     -0.13641062	     -4.50431763	    -21.36383776	     23.84692000	      2.51714710	      0.41620727	     16.71451588	      1.17010686	     -7.53017369	    -18.62932784	      3.70844595	     -0.49270287	      8.47841392	    -11.97980895	      7.48127191	     43.65206377	     90.00000001	      0.00000000	      0.00000000	    -16.81797292	     -7.49954094	     -7.64066265	     55.26075833	     90.00000001	      0.00000000	      0.00000000
      4.18000000	      5.78519858	     -4.56710212	     -5.08198581	      0.09952310	      0.95279414	     -0.14219529	      6.49596192	     -9.12396579	    -14.52763178	     39.54986844	      4.87915102	      0.69027542	      6.07310545	      4.04583038	     -7.53001033	     -0.22377305	     -4.47017724	    -21.38626101	     23.82499398	      2.52262178	      0.41582459	     16.77247183	      1.13322272	     -7.53001033	    -18.59880280	      3.68867393	     -0.36377882	      8.43239126	    -12.06294152	      7.44505029	     43.60440062	     90.00000001	      0.00000000	      0.00000000	    -16.96793558	     -7.49075550	     -7.66808625	     55.27179539	     90.00000001	      0.00000000	      0.00000000
      4.19000000	      5.67044967	     -4.71550445	     -5.28241375	      0.10104158	      0.95281783	     -0.14185323	      7.02479910	     -8.86109253	    -14.14662222	     38.32776973	      5.23726362	      0.66894578	      6.38580267	      5.03703277	     -7.52965920	     -0.26000229	     -4.55072983	    -21.27037449	     23.75920199	      2.45341485	      0.41467630	     16.91035979	      0.89496198	     -7.52965920	    -18.52794786	      3.80024399	     -0.17078388	      8.40536882	    -12.11425445	      7.24328189	     43.35184108	     90.00000001	      0.00000000	      0.00000000	    -17.05878345	     -7.43301831	     -7.84961123	     55.19264546	     90.00000001	      0.00000000	      0.00000000
      4.20000000	      5.62167983	     -4.72862299	     -5.44742800	      0.10268784	      0.95269663	     -0.14148736	      7.65930073	     -8.89682800	    -14.36469173	     37.54635426	      5.47241402	      0.65530750	      6.57225938	      5.39869973	     -7.52949457	     -0.39009409	     -4.58997406	    -21.36638123	     23.70980750	      2.56364946	      0.41381421	     17.00158377	      0.74820472	     -7.52949457	    -18.50375839	      3.76005945	     -0.04503157	      8.32715348	    -12.17497149	      7.14497229	     43.22182420	     90.00000001	      0.00000000	      0.00000000	    -17.16676257	     -7.41432799	     -7.94663915	     55.13658724	     90.00000001	      0.00000000	      0.00000000
      4.21000000	      5.75189450	     -4.97018668	     -5.50475941	      0.10436835	      0.95305260	     -0.14118229	      7.89998265	     -8.55397020	    -15.18064483	     36.33970342	      5.13745980	      0.63424747	      7.25296959	      8.53813515	     -7.52800090	     -0.75429476	     -4.81929304	    -20.81657762	     23.60539537	      2.81189702	      0.41199187	     16.86554173	     -0.22559345	     -7.52800090	    -18.71477490	      3.99171230	      0.02079451	      8.41918237	    -12.01255400	      6.39828776	     42.88311116	     90.00000001	      0.00000000	      0.00000000	    -17.14589550	     -7.25655924	     -8.39684907	     54.90078936	     90.00000001	      0.00000000	      0.00000000
      4.22000000	      5.67902070	     -4.90974026	     -5.69635044	      0.10588628	      0.95277390	     -0.14075818	      8.64406345	     -8.65285402	    -15.37371481	     35.64099467	      5.36973443	      0.62205271	      7.35372422	      8.70945149	     -7.52783838	     -0.80924239	     -4.73939647	    -20.87702532	     23.59950403	      2.84107257	      0.41188905	     16.95595047	     -0.28617214	     -7.52783838	    -18.68298691	      3.87855491	      0.10616125	      8.37423217	    -12.06424658	      6.39262000	     42.84466322	     90.00000001	      0.00000000	      0.00000000	    -17.24407054	     -7.28334076	     -8.41857100	     54.85652205	     90.00000001	      0.00000000	      0.00000000
      4.23000000	      5.59545081	     -5.02740237	     -5.86607039	      0.10733890	      0.95261755	     -0.14023607	      9.19476002	     -8.41522741	    -15.45668792	     34.46145161	      5.50334004	      0.60146580	      7.67355936	     10.43771304	     -7.52707553	     -0.81410413	     -4.87826011	    -20.69176918	     23.71216365	      2.92762953	      0.41385533	     17.05423783	     -0.84289565	     -7.52707553	    -18.67278431	      3.96406645	      0.23688931	      8.39334115	    -12.05420810	      6.17199520	     42.59996875	     90.00000001	      0.00000000	      0.00000000	    -17.17840426	     -7.23049549	     -8.61534403	     54.47904084	     90.00000001	      0.00000000	      0.00000000
      4.24000000	      5.46407260	     -4.97842224	     -6.01024247	      0.10875102	      0.95220765	     -0.13986515	      9.92692960	     -8.42449650	    -15.62196115	     33.56535984	      5.68366145	      0.58582604	      7.71027188	     11.18374832	     -7.52671683	     -0.74350356	     -4.75198698	    -20.57263478	     23.73615529	      2.83649907	      0.41427406	     17.16357412	     -1.01255461	     -7.52671683	    -18.60059437	      3.89744745	      0.27463608	      8.37636320	    -12.07576185	      6.10763346	     42.54213253	     90.00000001	      0.00000000	      0.00000000	    -17.20632549	     -7.24625088	     -8.65996145	     54.33749595	     90.00000001	      0.00000000	      0.00000000
      4.25000000	      5.45047261	     -4.91928032	     -6.18070109	      0.11016005	      0.95182484	     -0.13925983	     10.65863979	     -8.50250639	    -15.95343568	     33.05695333	      5.89220897	      0.57695268	      7.76841957	     11.30063380	     -7.52657537	     -0.83531078	     -4.70651521	    -20.61529364	     23.78687131	      2.89707710	      0.41515922	     17.21832906	     -1.04569621	     -7.52657537	    -18.67271693	      3.77583390	      0.31161766	      8.39258113	    -12.09477658	      6.09299723	     42.56144246	     90.00000001	      0.00000000	      0.00000000	    -17.25283827	     -7.30819548	     -8.68338112	     54.27776474	     90.00000001	      0.00000000	      0.00000000
      4.26000000	      5.25402964	     -4.92492770	     -6.22004686	      0.11175592	      0.95129797	     -0.13888233	     11.26837353	     -8.39420402	    -16.25624727	     31.89244117	      6.02803372	      0.55662810	      7.73748472	     12.96067435	     -7.52618059	     -0.63565193	     -4.72376509	    -20.47347957	     23.97014406	      2.86254279	      0.41835794	     17.44493448	     -1.48935886	     -7.52618059	    -18.50179416	      3.79320374	      0.29568002	      8.31067021	    -12.07946878	      5.96582626	     42.33950181	     90.00000001	      0.00000000	      0.00000000	    -17.10040737	     -7.28584635	     -8.76201540	     53.76199531	     90.00000001	      0.00000000	      0.00000000
      4.27000000	      5.23084164	     -4.85536191	     -6.19004322	      0.11342909	      0.95082105	     -0.13860001	     11.89146601	     -8.43655989	    -17.58151640	     31.31602393	      5.57686505	      0.54656773	      7.96363964	     15.32974884	     -7.52518050	     -0.64869339	     -4.67270087	    -20.16379747	     24.12326108	      2.99053902	      0.42103033	     17.49789008	     -2.00496661	     -7.52518050	    -18.52318831	      3.74168524	      0.15917444	      8.30480833	    -12.05346502	      5.75261077	     42.28759629	     90.00000001	      0.00000000	      0.00000000	    -17.03152564	     -7.33621464	     -8.83395359	     53.49238820	     90.00000001	      0.00000000	      0.00000000
      4.28000000	      5.18371172	     -4.70680702	     -6.30923477	      0.11508427	      0.95023406	     -0.13797140	     12.53939488	     -8.55221913	    -17.90443899	     30.77479842	      5.75536458	      0.53712156	      7.93116312	     15.44564135	     -7.52504082	     -0.70200611	     -4.53487683	    -20.23138834	     24.15985869	      3.01744410	      0.42166908	     17.59534532	     -2.03318072	     -7.52504082	    -18.51162704	      3.54629881	      0.13576995	      8.24036178	    -12.03459985	      5.78187104	     42.28013373	     90.00000001	      0.00000000	      0.00000000	    -17.02927280	     -7.43186866	     -8.83818689	     53.39874076	     90.00000001	      0.00000000	      0.00000000
      4.29000000	      5.09486362	     -4.53568099	     -6.35672010	      0.11669679	      0.94960207	     -0.13745297	     13.14952994	     -8.65788772	    -18.21719168	     30.14840718	      5.91618691	      0.52618897	      7.73619596	     15.80234046	     -7.52487419	     -0.63892970	     -4.35729136	    -20.22848960	     24.27130814	      2.97510881	      0.42361424	     17.75441017	     -2.09165424	     -7.52487419	    -18.46269869	      3.35435755	      0.05777314	      8.18261539	    -12.03240018	      5.81426614	     42.24414986	     90.00000001	      0.00000000	      0.00000000	    -16.94500827	     -7.52677869	     -8.81106801	     53.14596741	     90.00000001	      0.00000000	      0.00000000
      4.30000000	      5.03585245	     -4.39131508	     -6.39280835	      0.11846219	      0.94893007	     -0.13695107	     13.69738281	     -8.75956971	    -18.62126272	     29.65336779	      6.07192803	      0.51754890	      7.53133164	     16.11946781	     -7.52474025	     -0.63459815	     -4.23151465	    -20.24960706	     24.39402311	      2.97396730	      0.42575602	     17.91190035	     -2.15397943	     -7.52474025	    -18.41965082	      3.21364523	     -0.03369949	      8.14178303	    -12.01547550	      5.84540134	     42.21311564	     90.00000001	      0.00000000	      0.00000000	    -16.83606303	     -7.61347413	     -8.77514057	     52.88715543	     90.00000001	      0.00000000	      0.00000000
      4.31000000	      4.94040233	     -4.33749902	     -6.14965557	      0.12032434	      0.94812814	     -0.13686414	     14.22051601	     -8.80626058	    -20.06836231	     29.32708097	      5.72631896	      0.51185412	      7.16340077	     18.37572198	     -7.52381183	     -0.41301804	     -4.20159659	    -19.91730124	     24.79386739	      2.89171592	      0.43273462	     18.23219562	     -2.28557597	     -7.52381183	    -18.33846597	      3.25966987	     -0.32225098	      8.06891696	    -12.02110929	      5.83919381	     42.18701116	     90.00000001	      0.00000000	      0.00000000	    -16.59994528	     -7.72304881	     -8.57485500	     52.28548327	     90.00000001	      0.00000000	      0.00000000
      4.32000000	      4.95279052	     -4.15156628	     -6.14929163	      0.12223549	      0.94748324	     -0.13626125	     14.62950585	     -8.91012559	    -20.38926484	     29.03594492	      5.84825530	      0.50677284	      7.03027638	     18.40886065	     -7.52369864	     -0.51904123	     -4.06364062	    -19.98648455	     24.86713805	      2.95028280	      0.43401343	     18.33127224	     -2.28494061	     -7.52369864	    -18.37523852	      3.05463261	     -0.42725990	      7.98225730	    -12.00291057	      5.87286019	     42.16252520	     90.00000001	      0.00000000	      0.00000000	    -16.50883260	     -7.82481029	     -8.56103835	     52.15528633	     90.00000001	      0.00000000	      0.00000000
      4.33000000	      4.96381404	     -3.97723714	     -6.11621389	      0.12427251	      0.94681917	     -0.13568791	     14.97307338	     -8.98422453	    -20.71908360	     28.81463584	      5.95524412	      0.50291027	      6.82901776	     18.43704532	     -7.52359706	     -0.61632508	     -3.92316177	    -20.01017974	     24.96201882	      2.97346050	      0.43566942	     18.44572066	     -2.27435197	     -7.52359706	    -18.38820182	      2.88755921	     -0.55896534	      7.91762697	    -11.97092523	      5.91127382	     42.14952640	     90.00000001	      0.00000000	      0.00000000	    -16.38775092	     -7.92261353	     -8.52224525	     51.97990743	     90.00000001	      0.00000000	      0.00000000
      4.34000000	      4.96956130	     -3.73375520	     -5.83592309	      0.12644651	      0.94610446	     -0.13573030	     15.21459761	     -9.27526804	    -21.53301865	     28.67292834	      6.00938080	      0.50043701	      5.96892711	     18.75032139	     -7.52329161	     -0.56949424	     -3.60693776	    -19.75099721	     25.19445525	      2.78354033	      0.43972620	     18.78364510	     -2.17192817	     -7.52329161	    -18.35272211	      2.75613932	     -0.89821530	      7.82934720	    -11.97731530	      6.01333653	     42.10221061	     90.00000001	      0.00000000	      0.00000000	    -16.05467114	     -8.07667266	     -8.26465239	     51.31097709	     90.00000001	      0.00000000	      0.00000000
      4.35000000	      5.05416701	     -3.57058868	     -5.58686895	      0.12892420	      0.94545168	     -0.13546379	     15.33937101	     -9.39519800	    -22.55035063	     28.68722876	      5.78705266	      0.50068660	      5.72860691	     19.69513988	     -7.52233079	     -0.74702782	     -3.48874667	    -19.60794520	     25.30485715	      2.82720839	      0.44165307	     19.02687737	     -1.92710560	     -7.52233079	    -18.38314947	      2.66994761	     -1.17936168	      7.67729626	    -11.99172567	      6.11382811	     42.13102325	     90.00000001	      0.00000000	      0.00000000	    -15.89264913	     -8.26196103	     -7.93511672	     51.06937336	     90.00000001	      0.00000000	      0.00000000
      4.36000000	      5.09668805	     -3.35538754	     -5.47193232	      0.13137923	      0.94472695	     -0.13485370	     15.46680565	     -9.43729939	    -22.77541860	     28.64787983	      5.77770501	      0.49999983	      5.59375034	     19.58002439	     -7.52222271	     -0.90763403	     -3.35198597	    -19.64692283	     25.41183163	      2.90107478	      0.44352013	     19.12335773	     -1.91073569	     -7.52222271	    -18.37172350	      2.47539023	     -1.34390927	      7.53977264	    -11.95611977	      6.14507873	     42.09905732	     90.00000001	      0.00000000	      0.00000000	    -15.74951699	     -8.37106072	     -7.91352210	     50.93834731	     90.00000001	      0.00000000	      0.00000000
      4.37000000	      5.25319569	     -3.08838023	     -5.20734216	      0.13396550	      0.94419129	     -0.13475500	     15.41556184	     -9.65481895	    -23.38374165	     28.76800921	      5.69915901	      0.50209648	      5.12493916	     19.31769679	     -7.52202335	     -1.15484765	     -3.04679043	    -19.48734719	     25.50484379	      2.84928017	      0.44514350	     19.41665910	     -1.80033905	     -7.52202335	    -18.46009206	      2.31195009	     -1.64862526	      7.45925318	    -11.94002996	      6.21602166	     42.03194335	     90.00000001	      0.00000000	      0.00000000	    -15.45334012	     -8.48340672	     -7.71924455	     50.46383369	     90.00000001	      0.00000000	      0.00000000
      4.38000000	      5.26228660	     -2.93878221	     -5.04103561	      0.13665936	      0.94339802	     -0.13421299	     15.44811425	     -9.58274135	    -23.40570665	     28.81122793	      5.69125568	      0.50285079	      5.06367560	     19.27073036	     -7.52197471	     -1.30701336	     -2.96645564	    -19.46751353	     25.55905211	      2.87029586	      0.44608961	     19.44126071	     -1.76552681	     -7.52197471	    -18.38750855	      2.23457913	     -1.81454967	      7.26412390	    -11.93537330	      6.22994025	     41.97866653	     90.00000001	      0.00000000	      0.00000000	    -15.33730597	     -8.56300431	     -7.70243394	     50.44135859	     90.00000001	      0.00000000	      0.00000000
      4.39000000	      5.50045354	     -2.66237743	     -4.62299662	      0.13966312	      0.94297040	     -0.13428408	     15.13772699	     -9.83987651	    -24.15016058	     29.03838064	      5.57042595	      0.50681535	      4.69727627	     18.81900961	     -7.52170535	     -1.73252011	     -2.63131651	    -19.10920972	     25.48478756	      2.82810254	      0.44479345	     19.78916177	     -1.45962403	     -7.52170535	    -18.50775163	      2.09898616	     -2.21034700	      7.12717767	    -11.94056212	      6.31620785	     41.90821719	     90.00000001	      0.00000000	      0.00000000	    -15.00977499	     -8.73264654	     -7.32563091	     49.94574321	     90.00000001	      0.00000000	      0.00000000
      4.40000000	      5.52515740	     -2.45825194	     -4.42355656	      0.14262356	      0.94217900	     -0.13375167	     15.04156622	     -9.77859613	    -24.13740053	     29.10053329	      5.46615254	      0.50790012	      4.67191576	     18.73668631	     -7.52165098	     -1.91190564	     -2.50931854	    -19.08962902	     25.55682830	      2.88035420	      0.44605080	     19.83175816	     -1.41766841	     -7.52165098	    -18.40373047	      1.97766686	     -2.38064349	      6.91880837	    -11.93476291	      6.33195063	     41.84841489	     90.00000001	      0.00000000	      0.00000000	    -14.87587776	     -8.80928700	     -7.29300394	     49.92156745	     90.00000001	      0.00000000	      0.00000000
      4.41000000	      5.80594314	     -2.14826552	     -4.06930110	      0.14578916	      0.94178402	     -0.13366405	     14.63050109	     -9.93753429	    -24.60232157	     29.31897254	      5.19080101	      0.51171260	      4.74355584	     18.19225238	     -7.52147065	     -2.41057198	     -2.16520314	    -18.83018320	     25.51003766	      2.87155393	      0.44523415	     20.14518125	     -1.17863891	     -7.52147065	    -18.55212036	      1.80507484	     -2.70691225	      6.78450856	    -11.92642709	      6.38054931	     41.77566461	     90.00000001	      0.00000000	      0.00000000	    -14.58162007	     -8.98272159	     -7.00787228	     49.58038961	     90.00000001	      0.00000000	      0.00000000
      4.42000000	      5.96394408	     -1.88609607	     -3.75391614	      0.14900674	      0.94122478	     -0.13331027	     14.29314891	     -9.97636635	    -24.76536103	     29.45348637	      5.00632837	      0.51406031	      4.89334659	     17.80390504	     -7.52131253	     -2.79292794	     -1.92043931	    -18.60689568	     25.45133872	      2.87178788	      0.44420966	     20.31503403	     -0.95675781	     -7.52131253	    -18.56809883	      1.64466824	     -2.95600996	      6.57704809	    -11.92470998	      6.40490945	     41.70353407	     90.00000001	      0.00000000	      0.00000000	    -14.36215648	     -9.08252031	     -6.78414575	     49.44665361	     90.00000001	      0.00000000	      0.00000000
      4.43000000	      6.13606409	     -1.64212647	     -3.42737760	      0.15239688	      0.94067254	     -0.13308823	     13.90253849	    -10.00454142	    -24.89138129	     29.60321721	      4.82089818	      0.51667361	      5.18493789	     17.33094934	     -7.52113298	     -3.22488021	     -1.67016176	    -18.39354422	     25.34093505	      2.85146983	      0.44228275	     20.50969556	     -0.73063536	     -7.52113298	    -18.57220684	      1.54532687	     -3.20547388	      6.37673829	    -11.93594112	      6.40852649	     41.62871291	     90.00000001	      0.00000000	      0.00000000	    -14.16538734	     -9.19140663	     -6.54070152	     49.32640565	     90.00000001	      0.00000000	      0.00000000
      4.44000000	      6.15230999	     -1.44297717	     -3.17621223	      0.15582405	      0.93988280	     -0.13267873	     13.67835097	     -9.93566053	    -24.79171841	     29.69766190	      4.65909164	      0.51832198	      5.28558608	     17.18974311	     -7.52107600	     -3.44458399	     -1.53895349	    -18.33867669	     25.37262719	      2.86287085	      0.44283588	     20.56077820	     -0.67100101	     -7.52107600	    -18.39276660	      1.48606165	     -3.35266834	      6.13419793	    -11.95263633	      6.40939074	     41.54170357	     90.00000001	      0.00000000	      0.00000000	    -14.02498240	     -9.22445032	     -6.48577464	     49.34050653	     90.00000001	      0.00000000	      0.00000000
      4.45000000	      6.41802847	     -1.17880412	     -2.80197110	      0.15935949	      0.93952777	     -0.13243736	     13.14329995	     -9.97639243	    -24.94980437	     29.86196894	      4.40589682	      0.52118968	      6.06364612	     16.37161255	     -7.52085386	     -4.02928607	     -1.23541060	    -17.97900151	     25.14333108	      2.81229531	      0.43883391	     20.86946982	     -0.36032212	     -7.52085386	    -18.48677335	      1.36701026	     -3.63063432	      5.96100820	    -11.95641973	      6.36724805	     41.46453486	     90.00000001	      0.00000000	      0.00000000	    -13.80435354	     -9.34713900	     -6.15033844	     49.20828356	     90.00000001	      0.00000000	      0.00000000
      4.46000000	      6.40517541	     -1.00169360	     -2.57829056	      0.16289475	      0.93872893	     -0.13195109	     12.94183898	     -9.89990465	    -24.79536079	     29.94796530	      4.24479620	      0.52269060	      6.13215389	     16.28926442	     -7.52081528	     -4.21925560	     -1.13192991	    -17.93411407	     25.20215793	      2.81278724	      0.43986063	     20.89179057	     -0.32779370	     -7.52081528	    -18.26673927	      1.32715884	     -3.73852101	      5.71865032	    -11.99577910	      6.35999700	     41.37133580	     90.00000001	      0.00000000	      0.00000000	    -13.68033522	     -9.33240186	     -6.11684631	     49.25894637	     90.00000001	      0.00000000	      0.00000000
      4.47000000	      6.65458386	     -0.76722583	     -2.25630316	      0.16646050	      0.93840376	     -0.13159627	     12.44263538	     -9.85788871	    -24.83367976	     30.07785990	      3.88177340	      0.52495769	      7.12320284	     15.47242180	     -7.52063517	     -4.76603066	     -0.85297587	    -17.57347582	     25.03603256	      2.73272851	      0.43696120	     21.20987520	     -0.11899873	     -7.52063517	    -18.34735494	      1.23897686	     -3.93563536	      5.55965231	    -12.00477057	      6.27680078	     41.28938073	     90.00000001	      0.00000000	      0.00000000	    -13.47360885	     -9.42404500	     -5.85601381	     49.22716190	     90.00000001	      0.00000000	      0.00000000
      4.48000000	      6.76674509	     -0.59852949	     -2.02064682	      0.16993009	      0.93790721	     -0.13109194	     12.12175380	     -9.78130385	    -24.69415259	     30.19785119	      3.66481868	      0.52705193	      7.62582648	     15.03275627	     -7.52050317	     -5.11164256	     -0.68023584	    -17.30755165	     25.00546035	      2.65848928	      0.43642761	     21.34760674	     -0.00420702	     -7.52050317	    -18.29141537	      1.21397894	     -3.97050729	      5.35296218	    -12.05664578	      6.20945095	     41.17495656	     90.00000001	      0.00000000	      0.00000000	    -13.26884336	     -9.44519024	     -5.71025760	     49.32602975	     90.00000001	      0.00000000	      0.00000000
      4.49000000	      6.87749045	     -0.46112788	     -1.76274020	      0.17360943	      0.93742367	     -0.13058046	     11.78205043	     -9.70681441	    -24.57735039	     30.33059650	      3.46357944	      0.52936877	      8.32874551	     14.44518896	     -7.52032754	     -5.51526492	     -0.56429511	    -17.07677000	     24.88575347	      2.62976642	      0.43433833	     21.55144153	      0.06945701	     -7.52032754	    -18.20417819	      1.22956771	     -4.09442109	      5.17760052	    -12.07998663	      6.08872390	     41.09656783	     90.00000001	      0.00000000	      0.00000000	    -13.15308240	     -9.47564689	     -5.52205401	     49.40673033	     90.00000001	      0.00000000	      0.00000000
      4.50000000	      6.96029583	     -0.34676588	     -1.53885973	      0.17720028	      0.93693725	     -0.12997825	     11.49974701	     -9.62044748	    -24.41392123	     30.47395117	      3.29114811	      0.53187078	      8.90026064	     13.94225087	     -7.52013907	     -5.85879850	     -0.48003373	    -16.85053110	     24.81696312	      2.60301871	      0.43313772	     21.71049546	      0.09294198	     -7.52013907	    -18.10012818	      1.26380112	     -4.14898342	      5.01268365	    -12.10856064	      5.95399629	     41.01095072	     90.00000001	      0.00000000	      0.00000000	    -13.03647380	     -9.47945674	     -5.36099446	     49.52998317	     90.00000001	      0.00000000	      0.00000000
      4.51000000	      6.94981640	     -0.26077888	     -1.37119231	      0.18080717	      0.93637664	     -0.12933794	     11.32576486	     -9.55440420	    -24.27956067	     30.58121490	      3.16168815	      0.53374289	      9.00374728	     13.87318572	     -7.52011291	     -6.06030185	     -0.43744434	    -16.78092855	     24.85869986	      2.54557381	      0.43386616	     21.73818949	      0.09104515	     -7.52011291	    -17.89703039	      1.32128209	     -4.17632360	      4.84158708	    -12.17077603	      5.92712208	     40.91591267	     90.00000001	      0.00000000	      0.00000000	    -12.92121132	     -9.40997315	     -5.32873156	     49.61431036	     90.00000001	      0.00000000	      0.00000000
      4.52000000	      7.07347491	     -0.27154387	     -1.20496399	      0.18422718	      0.93603822	     -0.12859119	     11.07614245	     -9.37005608	    -24.22518158	     30.83601788	      2.92867616	      0.53819004	      9.69152996	     13.47759757	     -7.52001960	     -6.41468019	     -0.42258501	    -16.50515319	     24.83614579	      2.37295820	      0.43347252	     21.93605341	      0.06738469	     -7.52001960	    -17.88406674	      1.47568523	     -4.11109969	      4.74118568	    -12.26392077	      5.80643269	     40.80419686	     90.00000001	      0.00000000	      0.00000000	    -12.73607500	     -9.35224600	     -5.23750003	     49.80245272	     90.00000001	      0.00000000	      0.00000000
      4.53000000	      7.15986092	     -0.25756711	     -1.01987073	      0.18783022	      0.93567870	     -0.12786151	     10.84411037	     -9.25814477	    -24.17552774	     31.07175869	      2.74404427	      0.54230449	     10.48732359	     13.00288032	     -7.51986436	     -6.79467661	     -0.46920031	    -16.28428804	     24.75126807	      2.39707339	      0.43199112	     22.18106842	     -0.00820240	     -7.51986436	    -17.81125455	      1.61765768	     -4.13424748	      4.63020924	    -12.28038997	      5.60520299	     40.72436857	     90.00000001	      0.00000000	      0.00000000	    -12.68518035	     -9.32156791	     -5.09693512	     50.01710722	     90.00000001	      0.00000000	      0.00000000
      4.54000000	      7.15841857	     -0.24324786	     -0.91049273	      0.19126617	      0.93526172	     -0.12697342	     10.70215012	     -9.17904762	    -24.08235083	     31.22617273	      2.66890686	      0.54499953	     10.65496420	     12.91511314	     -7.51981758	     -7.00691790	     -0.49146731	    -16.17740845	     24.77102237	      2.31155275	      0.43233590	     22.22796322	     -0.03482455	     -7.51981758	    -17.65979345	      1.72657360	     -4.11099466	      4.54379184	    -12.35770281	      5.53425865	     40.64099286	     90.00000001	      0.00000000	      0.00000000	    -12.57440266	     -9.25167381	     -5.04915035	     50.14943621	     90.00000001	      0.00000000	      0.00000000
      4.55000000	      7.24032350	     -0.31375682	     -0.79528075	      0.19469541	      0.93496006	     -0.12606500	     10.51901870	     -9.02637755	    -24.10213585	     31.54340029	      2.53087032	      0.55053619	     11.35599067	     12.57987138	     -7.51965762	     -7.35857038	     -0.61871811	    -16.00838617	     24.71789221	      2.30363651	      0.43140860	     22.45631683	     -0.17226795	     -7.51965762	    -17.61906325	      1.94645630	     -4.05647526	      4.52016600	    -12.38667811	      5.29049533	     40.54535149	     90.00000001	      0.00000000	      0.00000000	    -12.53236562	     -9.20747180	     -4.91391021	     50.44203102	     90.00000001	      0.00000000	      0.00000000
      4.56000000	      7.23152351	     -0.34057927	     -0.70998732	      0.19799856	      0.93460139	     -0.12515872	     10.40149007	     -8.94697134	    -24.04102367	     31.72512790	      2.48526963	      0.55370794	     11.50283686	     12.53720030	     -7.51961195	     -7.55319508	     -0.67134036	    -15.90767676	     24.74135187	      2.19456626	      0.43181805	     22.49291554	     -0.20403968	     -7.51961195	    -17.49506505	      2.10677680	     -3.99161302	      4.47627105	    -12.47208589	      5.21151940	     40.45880779	     90.00000001	      0.00000000	      0.00000000	    -12.42719149	     -9.12009976	     -4.86340786	     50.59551847	     90.00000001	      0.00000000	      0.00000000
      4.57000000	      7.24606002	     -0.43392559	     -0.64876512	      0.20122673	      0.93427814	     -0.12414817	     10.28641739	     -8.82881658	    -24.06190399	     31.99837902	      2.45619816	      0.55847707	     11.79906193	     12.45719954	     -7.51955193	     -7.78643052	     -0.80511903	    -15.83093036	     24.74556295	      2.09105072	      0.43189155	     22.58380177	     -0.27215461	     -7.51955193	    -17.42095160	      2.33257847	     -3.91084842	      4.49818510	    -12.55005451	      5.09071932	     40.37513704	     90.00000001	      0.00000000	      0.00000000	    -12.35022154	     -9.03162105	     -4.79132222	     50.80656989	     90.00000001	      0.00000000	      0.00000000
      4.58000000	      7.18144593	     -0.39335086	     -0.62932737	      0.20438977	      0.93390600	     -0.12300058	     10.21149072	     -8.81654461	    -24.04187758	     32.06617717	      2.42311266	      0.55966037	     11.84703157	     12.44732896	     -7.51954195	     -7.92082180	     -0.83070922	    -15.81453502	     24.77467566	      2.06141669	      0.43239966	     22.59666596	     -0.28336651	     -7.51954195	    -17.25918666	      2.39266714	     -3.90551065	      4.54081552	    -12.56660548	      5.06781532	     40.37383315	     90.00000001	      0.00000000	      0.00000000	    -12.28125679	     -8.98234890	     -4.76727524	     50.87518849	     90.00000001	      0.00000000	      0.00000000
      4.59000000	      7.26436536	     -0.62797514	     -0.57971053	      0.20758232	      0.93362459	     -0.12198611	     10.09555428	     -8.58649645	    -24.25715752	     32.60110836	      2.33718712	      0.56899668	     12.59720490	     12.34361411	     -7.51941131	     -8.23363499	     -1.16466844	    -15.82432877	     24.81410392	      2.03297932	      0.43308781	     22.83975667	     -0.43809424	     -7.51941131	    -17.29548394	      2.78705066	     -3.80924794	      4.64082313	    -12.63721188	      4.76184515	     40.19883569	     90.00000001	      0.00000000	      0.00000000	    -12.32418778	     -8.90896270	     -4.58419805	     51.36424717	     90.00000001	      0.00000000	      0.00000000
      4.60000000	      7.23125188	     -0.71423654	     -0.56222085	      0.21054972	      0.93328796	     -0.12070552	     10.04409202	     -8.45976065	    -24.35534887	     32.86884400	      2.28102512	      0.57366955	     12.92496603	     12.41353477	     -7.51930507	     -8.36247010	     -1.33732398	    -15.79998947	     24.89765318	      1.95482164	      0.43454602	     22.93234361	     -0.47839637	     -7.51930507	    -17.22394138	      2.96205015	     -3.75136667	      4.76387154	    -12.63470720	      4.55724669	     40.09771893	     90.00000001	      0.00000000	      0.00000000	    -12.31043200	     -8.88036709	     -4.43665106	     51.67189584	     90.00000001	      0.00000000	      0.00000000
      4.61000000	      7.10255296	     -0.76702402	     -0.54244980	      0.21356944	      0.93271608	     -0.11955164	     10.14231875	     -8.39750118	    -24.74312174	     33.21312652	      2.03373913	      0.57967841	     13.45596258	     13.11029528	     -7.51870740	     -8.31900395	     -1.51080624	    -15.93756867	     25.16378610	      1.87237882	      0.43919092	     23.15936835	     -0.31608113	     -7.51870740	    -17.03649296	      3.13154846	     -3.74866984	      4.94959956	    -12.47833611	      3.83808051	     39.79119839	     90.00000001	      0.00000000	      0.00000000	    -12.41053025	     -8.97213075	     -3.94682017	     52.10635442	     90.00000001	      0.00000000	      0.00000000
      4.62000000	      7.07396040	     -0.82575872	     -0.56304636	      0.21635277	      0.93247329	     -0.11842984	     10.07719007	     -8.32380453	    -24.76463340	     33.42740631	      2.04108206	      0.58341830	     13.56589360	     13.12872959	     -7.51865142	     -8.44341226	     -1.61294424	    -15.91600319	     25.22635003	      1.75465474	      0.44028287	     23.16046812	     -0.31111422	     -7.51865142	    -17.01280590	      3.30362319	     -3.71112013	      5.10663316	    -12.55468695	      3.78713269	     39.78379938	     90.00000001	      0.00000000	      0.00000000	    -12.32953472	     -8.89137649	     -3.89421522	     52.23262478	     90.00000001	      0.00000000	      0.00000000
      4.63000000	      6.95917074	     -0.89967221	     -0.57826491	      0.21912881	      0.93195970	     -0.11715395	     10.16803340	     -8.19660548	    -24.97176067	     33.74859904	      1.87238248	      0.58902417	     14.03317092	     13.37644282	     -7.51826256	     -8.37260392	     -1.82330928	    -16.13795673	     25.55561061	      1.64072423	      0.44602955	     23.31893893	     -0.13189494	     -7.51826256	    -16.89344214	      3.47304144	     -3.73178639	      5.34754086	    -12.51409302	      3.56506902	     39.61024775	     90.00000001	      0.00000000	      0.00000000	    -12.43705476	     -8.94457691	     -3.60903480	     52.66563921	     90.00000001	      0.00000000	      0.00000000
      4.64000000	      6.92031633	     -0.95207446	     -0.61313910	      0.22181080	      0.93172082	     -0.11598698	     10.12256549	     -8.12224310	    -24.98262824	     33.97955800	      1.89818597	      0.59305517	     14.13089175	     13.40483749	     -7.51819895	     -8.46096804	     -1.93328975	    -16.13113979	     25.66168470	      1.53066531	      0.44788089	     23.31562204	     -0.10214260	     -7.51819895	    -16.87910963	      3.63553903	     -3.73065292	      5.54760020	    -12.56446063	      3.51283277	     39.61190354	     90.00000001	      0.00000000	      0.00000000	    -12.38012325	     -8.89016072	     -3.52721608	     52.77521659	     90.00000001	      0.00000000	      0.00000000
      4.65000000	      6.78639299	     -0.99290460	     -0.64764605	      0.22442193	      0.93121871	     -0.11470787	     10.23585188	     -8.03339932	    -25.10146147	     34.28899785	      1.79418614	      0.59845591	     14.54354175	     13.47249216	     -7.51795564	     -8.31748338	     -2.13253885	    -16.34765449	     26.07236201	      1.43322093	      0.45504856	     23.40743591	      0.03726327	     -7.51795564	    -16.76551811	      3.76982373	     -3.78748119	      5.82773085	    -12.52040755	      3.37009881	     39.45824824	     90.00000001	      0.00000000	      0.00000000	    -12.48046600	     -8.96548352	     -3.21299711	     53.16999080	     90.00000001	      0.00000000	      0.00000000
      4.66000000	      6.72201942	     -0.99963734	     -0.71550899	      0.22693398	      0.93100193	     -0.11356137	     10.22579295	     -7.96774933	    -25.04943999	     34.44522710	      1.77248210	      0.60118262	     14.60155050	     13.49709806	     -7.51791232	     -8.35460616	     -2.17403929	    -16.28903536	     26.19284081	      1.31699614	      0.45715131	     23.39598053	      0.08678398	     -7.51791232	    -16.75863972	      3.88790229	     -3.80762879	      6.06848082	    -12.56183798	      3.32692488	     39.49483469	     90.00000001	      0.00000000	      0.00000000	    -12.43900244	     -8.92547859	     -3.12674661	     53.24686435	     90.00000001	      0.00000000	      0.00000000
      4.67000000	      6.66267263	     -1.00441335	     -0.78590782	      0.22937075	      0.93079793	     -0.11238317	     10.22921675	     -7.89887316	    -24.99998437	     34.63403699	      1.74059883	      0.60447798	     14.72473617	     13.49798010	     -7.51786742	     -8.36090622	     -2.24499635	    -16.25453855	     26.39248916	      1.21753858	      0.46063583	     23.36934498	      0.12803637	     -7.51786742	    -16.76782880	      3.99911972	     -3.85151677	      6.35052978	    -12.58148941	      3.28358370	     39.52106144	     90.00000001	      0.00000000	      0.00000000	    -12.42447258	     -8.90827206	     -3.00297614	     53.37272554	     90.00000001	      0.00000000	      0.00000000
      4.68000000	      6.59294218	     -1.02092396	     -0.81322787	      0.23171569	      0.93051493	     -0.11116651	     10.28600501	     -7.78527136	    -24.90150967	     34.93196265	      1.66051132	      0.60967776	     15.01083986	     13.46132940	     -7.51778289	     -8.24421482	     -2.38460944	    -16.28066872	     26.82173662	      1.10384333	      0.46812762	     23.32327518	      0.18331057	     -7.51778289	    -16.77803514	      4.11239750	     -3.97178040	      6.66316953	    -12.54757026	      3.22746124	     39.46639593	     90.00000001	      0.00000000	      0.00000000	    -12.47444113	     -8.99681508	     -2.75844487	     53.64807545	     90.00000001	      0.00000000	      0.00000000
      4.69000000	      6.30319514	     -0.98993579	     -0.86567719	      0.23396688	      0.92985938	     -0.10986582	     10.59661429	     -7.71882496	    -24.83209419	     35.18976703	      1.58501372	      0.61417730	     15.47496483	     13.30862868	     -7.51758564	     -7.76257371	     -2.55071458	    -16.49938236	     27.51807844	      0.98624816	      0.48028107	     23.36325484	      0.30496315	     -7.51758564	    -16.53826189	      4.15935343	     -4.08872333	      6.99999277	    -12.47562457	      3.13824199	     39.26468048	     90.00000001	      0.00000000	      0.00000000	    -12.65272025	     -9.19377318	     -2.25222189	     54.13348083	     90.00000001	      0.00000000	      0.00000000
      4.70000000	      6.20910375	     -0.92697880	     -0.97100142	      0.23644356	      0.92974832	     -0.10874498	     10.58710919	     -7.69914970	    -24.78525585	     35.23855794	      1.55299489	      0.61502886	     15.49219624	     13.29952078	     -7.51756649	     -7.77497714	     -2.53125314	    -16.45022041	     27.60740585	      0.93589747	      0.48184013	     23.35202881	      0.33688193	     -7.51756649	    -16.49860197	      4.20483088	     -4.10759179	      7.22233004	    -12.50415860	      3.11594742	     39.33645521	     90.00000001	      0.00000000	      0.00000000	    -12.62722850	     -9.16009575	     -2.19390094	     54.15720370	     90.00000001	      0.00000000	      0.00000000
      4.71000000	      6.16710446	     -0.88327093	     -1.03018970	      0.23850767	      0.92968961	     -0.10758609	     10.62367027	     -7.58422326	    -24.51037546	     35.44203566	      1.42355628	      0.61858022	     15.64432649	     13.23637134	     -7.51749675	     -7.64545005	     -2.56935952	    -16.36308365	     28.05495317	      0.80372866	      0.48965130	     23.24860405	      0.40717090	     -7.51749675	    -16.58452284	      4.26284797	     -4.25898181	      7.56096659	    -12.45663562	      3.09540661	     39.39907925	     90.00000001	      0.00000000	      0.00000000	    -12.63484603	     -9.24339521	     -2.00046274	     54.29759894	     90.00000001	      0.00000000	      0.00000000
      4.72000000	      6.04835282	     -0.80782321	     -1.16771092	      0.24075487	      0.92963351	     -0.10644550	     10.65489818	     -7.58509995	    -24.46802562	     35.46803982	      1.41290320	      0.61903407	     15.73366539	     13.17758532	     -7.51746666	     -7.56126101	     -2.56775864	    -16.34267811	     28.27272830	      0.78105114	      0.49345220	     23.18756744	      0.42767308	     -7.51746666	    -16.56384274	      4.28018672	     -4.28123556	      7.83837685	    -12.49650224	      3.07820494	     39.47118202	     90.00000001	      0.00000000	      0.00000000	    -12.66263020	     -9.21682489	     -1.88888553	     54.38013802	     90.00000001	      0.00000000	      0.00000000
      4.73000000	      5.72658883	     -0.77816050	     -1.16697508	      0.24269203	      0.92905244	     -0.10526084	     10.95380703	     -7.45987384	    -24.09865571	     35.62408141	      1.46297104	      0.62175751	     16.21159366	     12.74239595	     -7.51726879	     -6.81928281	     -2.80996320	    -16.58104931	     29.37468362	      0.65986625	      0.51268495	     22.91206756	      0.36937663	     -7.51726879	    -16.30950032	      4.36566293	     -4.46806558	      8.12901969	    -12.43462084	      3.14778746	     39.39939520	     90.00000001	      0.00000000	      0.00000000	    -12.85755465	     -9.47951113	     -1.37969934	     54.93621748	     90.00000001	      0.00000000	      0.00000000
      4.74000000	      5.38642844	     -0.74953404	     -1.34954261	      0.24455834	      0.92862239	     -0.10395428	     11.33724695	     -7.27103224	    -23.46797570	     35.75223914	      1.50472906	      0.62399429	     16.14581061	     11.75113616	     -7.51668304	     -6.24645174	     -2.92044546	    -16.79186599	     30.07513978	      0.50716713	      0.52491021	     23.04612933	      0.52817635	     -7.51668304	    -16.06330313	      4.43422584	     -4.44425528	      8.37215701	    -12.48272182	      3.28803435	     39.51155389	     90.00000001	      0.00000000	      0.00000000	    -12.88180694	     -9.58944930	     -1.00781765	     55.00242049	     90.00000001	      0.00000000	      0.00000000
      4.75000000	      5.34086501	     -0.65785143	     -1.42495074	      0.24659933	      0.92883998	     -0.10289665	     11.22714973	     -7.24567355	    -23.27349287	     35.67530928	      1.53669581	      0.62265161	     16.26523382	     11.65056284	     -7.51654944	     -6.06614764	     -2.95687385	    -16.79362775	     30.60543215	      0.46902393	      0.53416556	     22.70449156	      0.51447781	     -7.51654944	    -16.13644622	      4.45225893	     -4.54570657	      8.62036618	    -12.48639243	      3.33210663	     39.66658883	     90.00000001	      0.00000000	      0.00000000	    -12.91849869	     -9.61131335	     -0.96150047	     55.17208282	     90.00000001	      0.00000000	      0.00000000
      4.76000000	      5.27722174	     -0.55675268	     -1.52548943	      0.24855537	      0.92906307	     -0.10179893	     11.15333375	     -7.19846120	    -23.06384559	     35.58361580	      1.49942322	      0.62105126	     16.35683267	     11.56705971	     -7.51644912	     -5.82106895	     -2.97978081	    -16.78957384	     31.21232073	      0.42477538	      0.54475776	     22.38362154	      0.43869424	     -7.51644912	    -16.20116192	      4.45956749	     -4.62809150	      8.85979819	    -12.50795129	      3.41337253	     39.83153004	     90.00000001	      0.00000000	      0.00000000	    -12.95505615	     -9.67085402	     -0.92075379	     55.31517898	     90.00000001	      0.00000000	      0.00000000
      4.77000000	      5.04068860	     -0.59415801	     -1.59890107	      0.25043507	      0.92903001	     -0.10074830	     11.22104803	     -7.00700753	    -22.81453197	     35.42296316	      1.58946022	      0.61824734	     16.47104992	     11.28719392	     -7.51620474	     -5.22076213	     -3.23561997	    -16.94199318	     32.16810020	      0.32735844	      0.56143926	     21.89913255	      0.10259189	     -7.51620474	    -16.07046992	      4.63685963	     -4.70790240	      9.04998736	    -12.60627779	      3.71473725	     40.08394842	     90.00000001	      0.00000000	      0.00000000	    -13.07597599	     -9.65883631	     -0.83029063	     55.58966348	     90.00000001	      0.00000000	      0.00000000
      4.78000000	      4.90370675	     -0.54905879	     -1.69143417	      0.25225108	      0.92925458	     -0.09968532	     11.16558505	     -6.91295263	    -22.58153527	     35.22477344	      1.66884338	      0.61478827	     16.51702347	     11.07226566	     -7.51597205	     -4.71104244	     -3.38966839	    -16.98875967	     33.13690721	      0.27970997	      0.57834813	     21.36961892	     -0.16617171	     -7.51597205	    -16.05911492	      4.72193051	     -4.76521021	      9.22162370	    -12.70401891	      4.01527028	     40.37449285	     90.00000001	      0.00000000	      0.00000000	    -13.14338484	     -9.67702823	     -0.82922531	     55.76633025	     90.00000001	      0.00000000	      0.00000000
      4.79000000	      4.90251181	     -0.35729888	     -1.85088363	      0.25410897	      0.92978881	     -0.09860393	     10.99048699	     -6.97506972	    -22.42473286	     35.03730011	      1.61206629	      0.61151625	     16.53982183	     11.03950262	     -7.51588739	     -4.43627822	     -3.33540768	    -16.95116587	     33.92285071	      0.30606910	      0.59206544	     20.97202730	     -0.24876153	     -7.51588739	    -16.19877940	      4.62056616	     -4.76583556	      9.40499396	    -12.76594717	      4.13595109	     40.56984457	     90.00000001	      0.00000000	      0.00000000	    -13.13848159	     -9.71695582	     -0.86010741	     55.85072481	     90.00000001	      0.00000000	      0.00000000
      4.80000000	      4.65033443	     -0.43921981	     -1.90920059	      0.25579933	      0.92988200	     -0.09759084	     10.99666130	     -6.72218987	    -22.25282660	     34.70398522	      1.68598109	      0.60569881	     16.56561793	     10.87206655	     -7.51557185	     -3.56522501	     -3.73130517	    -17.07960872	     35.36225213	      0.21985751	      0.61718773	     20.17007970	     -0.83997668	     -7.51557185	    -16.07119218	      4.85969162	     -4.82600220	      9.51344364	    -12.99812135	      4.70473324	     41.03534752	     90.00000001	      0.00000000	      0.00000000	    -13.26129568	     -9.66949620	     -0.94668044	     56.10082034	     90.00000001	      0.00000000	      0.00000000
      4.81000000	      4.54829900	     -0.37219426	     -2.00453092	      0.25752751	      0.93030899	     -0.09657578	     10.83529669	     -6.66901882	    -22.14335870	     34.37838799	      1.75054987	      0.60001606	     16.57670686	     10.84173959	     -7.51529676	     -2.89413935	     -3.91137370	    -17.05762858	     36.68623307	      0.17129383	      0.64029556	     19.39502409	     -1.22067704	     -7.51529676	    -16.10517849	      4.91047706	     -4.82759534	      9.61231454	    -13.19317920	      5.11692538	     41.40183566	     90.00000001	      0.00000000	      0.00000000	    -13.31103546	     -9.64832189	     -1.05742561	     56.29741433	     90.00000001	      0.00000000	      0.00000000
      4.82000000	      4.50116873	     -0.30097460	     -2.07347822	      0.25923356	      0.93088325	     -0.09567073	     10.56461429	     -6.72394545	    -22.10384352	     34.03725047	      1.98521078	      0.59406209	     16.61143288	     10.98037800	     -7.51511857	     -2.18291285	     -4.11940408	    -17.05558633	     38.18583042	      0.08893783	      0.66646847	     18.40586052	     -1.49238233	     -7.51511857	    -16.20576703	      4.98115188	     -4.88443635	      9.71723471	    -13.31330884	      5.39806585	     41.78353384	     90.00000001	      0.00000000	      0.00000000	    -13.40201400	     -9.63341762	     -1.15554580	     56.52083531	     90.00000001	      0.00000000	      0.00000000
      4.83000000	      4.41461996	     -0.24607158	     -2.15734701	      0.26087342	      0.93138956	     -0.09470186	     10.34695987	     -6.70994768	    -22.12456979	     33.66203182	      2.09029150	      0.58751329	     16.63230893	     11.18469837	     -7.51493883	     -1.31981424	     -4.38440212	    -17.03133039	     39.89105157	      0.00696406	      0.69623019	     17.37329295	     -1.85598713	     -7.51493883	    -16.26559424	      5.05344358	     -4.88792884	      9.78855297	    -13.49925699	      5.75606227	     42.19894628	     90.00000001	      0.00000000	      0.00000000	    -13.47564876	     -9.61140902	     -1.29338054	     56.75311815	     90.00000001	      0.00000000	      0.00000000
      4.84000000	      4.31274465	     -0.20170587	     -2.24398087	      0.26245995	      0.93186295	     -0.09372676	     10.13998428	     -6.69562202	    -22.21466291	     33.27721417	      2.18618303	      0.58079695	     16.64948922	     11.46418795	     -7.51475393	     -0.33567464	     -4.68619336	    -16.92928051	     41.77360114	     -0.06079953	      0.72908688	     16.25307659	     -2.25498834	     -7.51475393	    -16.31368364	      5.13551731	     -4.86503949	      9.83408732	    -13.72718226	      6.16730970	     42.63748124	     90.00000001	      0.00000000	      0.00000000	    -13.54896312	     -9.57630764	     -1.45327558	     56.99398469	     90.00000001	      0.00000000	      0.00000000
      4.85000000	      4.23699520	     -0.14691288	     -2.31386217	      0.26402495	      0.93236440	     -0.09281274	      9.89795393	     -6.73662868	    -22.33831310	     32.91064596	      2.33525010	      0.57439913	     16.66705910	     11.81637019	     -7.51458506	      0.70788573	     -5.00596685	    -16.76654054	     43.80528029	     -0.11092954	      0.76454637	     15.02496386	     -2.61904127	     -7.51458506	    -16.38644436	      5.21345464	     -4.87212391	      9.88137921	    -13.94134127	      6.56074818	     43.09269085	     90.00000001	      0.00000000	      0.00000000	    -13.62915987	     -9.56320794	     -1.61741930	     57.23928106	     90.00000001	      0.00000000	      0.00000000
      4.86000000	      4.08211762	     -0.13006107	     -2.36398143	      0.26548430	      0.93270082	     -0.09187081	      9.75586910	     -6.71347698	    -22.54055439	     32.54767296	      2.41044207	      0.56806406	     16.70529285	     12.23461535	     -7.51434644	      1.97511817	     -5.40073221	    -16.49461323	     46.04064875	     -0.15594364	      0.80356091	     13.70769518	     -3.10210213	     -7.51434644	    -16.38284733	      5.32138521	     -4.84317468	      9.87488512	    -14.20294277	      7.04432985	     43.58228651	     90.00000001	      0.00000000	      0.00000000	    -13.71606764	     -9.50805613	     -1.79533171	     57.50900137	     90.00000001	      0.00000000	      0.00000000
      4.87000000	      3.95766851	     -0.09629237	     -2.41742549	      0.26692208	      0.93305065	     -0.09092834	      9.58963391	     -6.73851063	    -22.77525899	     32.21733684	      2.50699755	      0.56229860	     16.73767508	     12.70255957	     -7.51410643	      3.26261377	     -5.77973037	    -16.09037453	     48.33535860	     -0.13217707	      0.84361115	     12.35429722	     -3.55447014	     -7.51410643	    -16.40923426	      5.40505080	     -4.80494119	      9.86863360	    -14.46393753	      7.50134806	     44.04920584	     90.00000001	      0.00000000	      0.00000000	    -13.79578909	     -9.49533706	     -1.98122979	     57.78014916	     90.00000001	      0.00000000	      0.00000000
      4.88000000	      3.89050651	     -0.04432102	     -2.44719941	      0.26833723	      0.93341821	     -0.09004189	      9.35659047	     -6.85971427	    -22.98503386	     31.95470942	      2.76817779	      0.55771489	     16.78053908	     13.16385644	     -7.51390834	      4.53804770	     -6.15043295	    -15.67763809	     50.65121352	     -0.11256856	      0.88403045	     10.96229918	     -3.85720455	     -7.51390834	    -16.50817119	      5.46723810	     -4.81361287	      9.90502113	    -14.70108784	      7.83046267	     44.49403931	     90.00000001	      0.00000000	      0.00000000	    -13.89008203	     -9.54020186	     -2.14600885	     58.05254198	     90.00000001	      0.00000000	      0.00000000
      4.89000000	      3.76706202	     -0.01010445	     -2.46769399	      0.26973288	      0.93361582	     -0.08927101	      9.20637644	     -6.94725930	    -23.21834020	     31.70774342	      2.95201963	      0.55340452	     16.84714842	     13.59990865	     -7.51367527	      5.95294731	     -6.53665065	    -15.19771663	     53.03606018	     -0.06655185	      0.92565387	      9.59567577	     -4.16544997	     -7.51367527	    -16.53666612	      5.55714165	     -4.81699224	      9.90893500	    -14.94629873	      8.16338400	     44.94162149	     90.00000001	      0.00000000	      0.00000000	    -13.98239943	     -9.49035465	     -2.27075192	     58.35217213	     90.00000001	      0.00000000	      0.00000000
      4.90000000	      3.36147779	     -0.12714311	     -2.43128894	      0.27077676	      0.93320376	     -0.08835535	      9.53023626	     -6.67742870	    -23.79771504	     31.57524505	      2.54946608	      0.55109199	     16.91049544	     14.39836463	     -7.51314970	      7.82105450	     -7.14441223	    -13.78958605	     55.63747158	      0.70918163	      0.97105707	      8.30565366	     -5.57849531	     -7.51314970	    -16.27695643	      5.80781649	     -4.78013121	      9.83086306	    -15.38822380	      9.04121871	     45.46091805	     90.00000001	      0.00000000	      0.00000000	    -14.02820474	     -9.42506787	     -2.53780696	     58.56271490	     90.00000001	      0.00000000	      0.00000000
      4.91000000	      3.41114953	      0.01056850	     -2.43421145	      0.27225399	      0.93357607	     -0.08763561	      9.16393091	     -7.01470437	    -23.86730493	     31.41754958	      3.07431037	      0.54833968	     17.01547607	     14.68048601	     -7.51294601	      9.03261002	     -7.30902135	    -13.38313851	     57.71371701	      0.61701127	      1.00729439	      7.05445657	     -5.53645486	     -7.51294601	    -16.48532232	      5.75374297	     -4.80284159	      9.86112365	    -15.53225151	      9.09201016	     45.77803952	     90.00000001	      0.00000000	      0.00000000	    -14.13366405	     -9.48834836	     -2.61171153	     58.90846528	     90.00000001	      0.00000000	      0.00000000
      4.92000000	      2.94584840	     -0.14522637	     -2.35794283	      0.27331787	      0.93284277	     -0.08686296	      9.60243711	     -6.71700276	    -24.34630634	     31.40367306	      2.68988913	      0.54809749	     17.11210729	     15.25207536	     -7.51246117	     11.02977222	     -7.92664599	    -12.05219563	     60.15566140	      1.35044518	      1.04991436	      5.91936007	     -6.59280743	     -7.51246117	    -16.14555732	      6.05016223	     -4.78818424	      9.78047062	    -15.93300734	      9.67546470	     46.22310994	     90.00000001	      0.00000000	      0.00000000	    -14.23375411	     -9.43804403	     -2.79522980	     59.15653171	     90.00000001	      0.00000000	      0.00000000
      4.93000000	      3.01761940	     -0.02080930	     -2.33012296	      0.27468229	      0.93310839	     -0.08616292	      9.25726605	     -7.02281463	    -24.36796378	     31.31008351	      3.20402893	      0.54646405	     17.23951749	     15.44656819	     -7.51227451	     12.22466068	     -8.01946853	    -11.64303210	     61.90751113	      1.22996336	      1.08048990	      5.03957713	     -6.53589844	     -7.51227451	    -16.39335953	      5.98300656	     -4.80034349	      9.81052305	    -16.05238831	      9.69950760	     46.46602894	     90.00000001	      0.00000000	      0.00000000	    -14.29009448	     -9.52385754	     -2.85508216	     59.50115670	     90.00000001	      0.00000000	      0.00000000
      4.94000000	      2.89631483	     -0.04644362	     -2.25667756	      0.27600243	      0.93287393	     -0.08550311	      9.20279295	     -7.05968915	    -24.50671315	     31.28625005	      3.40972325	      0.54604807	     17.38107524	     15.64973824	     -7.51208756	     13.70441185	     -8.32352998	    -11.16865257	     63.66218830	      1.20624928	      1.11111479	      4.32220925	     -6.65840340	     -7.51208756	    -16.42104639	      6.09545796	     -4.83149731	      9.80279972	    -16.25338561	      9.81918247	     46.73807540	     90.00000001	      0.00000000	      0.00000000	    -14.39118240	     -9.55188576	     -2.91629604	     59.84954932	     90.00000001	      0.00000000	      0.00000000
      4.95000000	      2.66610592	     -0.11493276	     -2.17985935	      0.27716163	      0.93232721	     -0.08476837	      9.38109191	     -6.96142674	    -24.64935327	     31.36170986	      3.38874994	      0.54736510	     17.54083054	     15.79935426	     -7.51183774	     15.31517046	     -8.65415501	    -10.55689580	     65.24920003	      1.33224509	      1.13881337	      3.93013834	     -6.95364375	     -7.51183774	    -16.33173671	      6.24509401	     -4.82314768	      9.77273472	    -16.49080049	     10.03292113	     46.98206442	     90.00000001	      0.00000000	      0.00000000	    -14.46517695	     -9.61758207	     -3.00348730	     60.13473290	     90.00000001	      0.00000000	      0.00000000
      4.96000000	      2.45708007	     -0.15491524	     -2.11201496	      0.27833784	      0.93175670	     -0.08401910	      9.57430786	     -6.89270395	    -24.75801908	     31.51054301	      3.35289972	      0.54996272	     17.69614059	     15.89915005	     -7.51157774	     16.83227059	     -8.93138751	     -9.97515167	     66.51418960	      1.53572861	      1.16089161	      3.77315944	     -7.34826796	     -7.51157774	    -16.26325109	      6.33593173	     -4.82214835	      9.75938053	    -16.69005600	     10.24276179	     47.16320914	     90.00000001	      0.00000000	      0.00000000	    -14.51685467	     -9.65074888	     -3.07013123	     60.38277332	     90.00000001	      0.00000000	      0.00000000
      4.97000000	      2.34156351	     -0.17426153	     -2.03497220	      0.27960158	      0.93129581	     -0.08329179	      9.65814263	     -6.87059410	    -24.81372743	     31.67825346	      3.37508332	      0.55288982	     17.85922904	     15.91363466	     -7.51134763	     18.16620939	     -9.15396745	     -9.66790437	     67.42474069	      1.59410447	      1.17678372	      3.84174324	     -7.72407663	     -7.51134763	    -16.29142481	      6.38860068	     -4.82566377	      9.76560881	    -16.85868275	     10.35233258	     47.25059180	     90.00000001	      0.00000000	      0.00000000	    -14.55457970	     -9.71028070	     -3.11782142	     60.59948688	     90.00000001	      0.00000000	      0.00000000
      4.98000000	      2.25246875	     -0.19655260	     -1.96620374	      0.28086458	      0.93083629	     -0.08257679	      9.73349200	     -6.83040865	    -24.82752216	     31.86703739	      3.37993997	      0.55618473	     18.01888713	     15.86066444	     -7.51114051	     19.41268585	     -9.35432812	     -9.58751827	     68.00882892	      1.52109226	      1.18697799	      4.10270660	     -8.05769963	     -7.51114051	    -16.35574448	      6.43233690	     -4.81768679	      9.78578929	    -16.99216661	     10.40296681	     47.28127284	     90.00000001	      0.00000000	      0.00000000	    -14.57680222	     -9.77339358	     -3.14678947	     60.79597486	     90.00000001	      0.00000000	      0.00000000
      4.99000000	      2.32086420	     -0.17382120	     -1.93353082	      0.28219428	      0.93065333	     -0.08171780	      9.60505412	     -6.85088410	    -24.83393367	     31.99770008	      3.43577846	      0.55846522	     18.10908794	     15.76377154	     -7.51102983	     20.36811191	     -9.52827375	     -9.74201678	     68.20061485	      1.43720006	      1.19032528	      4.43254246	     -8.19658653	     -7.51102983	    -16.58695954	      6.37176578	     -4.74255629	      9.81332153	    -17.09874829	     10.38441709	     47.25499524	     90.00000001	      0.00000000	      0.00000000	    -14.50005563	     -9.86742613	     -3.17621400	     60.92422609	     90.00000001	      0.00000000	      0.00000000
      5.00000000	      2.22793379	     -0.30150970	     -1.78714292	      0.28349504	      0.93006366	     -0.08111160	      9.68998266	     -6.68216647	    -24.84356721	     32.21548477	      3.44108273	      0.56226628	     18.33179814	     15.63784353	     -7.51090357	     21.52692340	     -9.75711413	    -10.03676461	     68.13652343	      1.04669641	      1.18920667	      5.14340746	     -8.60812215	     -7.51090357	    -16.62745939	      6.52392497	     -4.81165541	      9.87130045	    -17.19209183	     10.34819792	     47.18040601	     90.00000001	      0.00000000	      0.00000000	    -14.53808340	     -9.93250628	     -3.16146036	     61.10365653	     90.00000001	      0.00000000	      0.00000000
      5.01000000	      2.18751670	     -0.37391052	     -1.71143470	      0.28481269	      0.92959477	     -0.08033097	      9.72693241	     -6.57490927	    -24.81805931	     32.42422973	      3.44785640	      0.56590957	     18.42433434	     15.49352254	     -7.51078822	     22.50672547	     -9.99402928	    -10.35337373	     67.70850376	      0.91440504	      1.18173632	      5.61585791	     -8.72837571	     -7.51078822	    -16.73584080	      6.57201542	     -4.77923633	      9.89310894	    -17.25847721	     10.31111611	     47.12856128	     90.00000001	      0.00000000	      0.00000000	    -14.52206711	    -10.01419975	     -3.16742738	     61.21344754	     90.00000001	      0.00000000	      0.00000000
      5.02000000	      2.06219139	     -0.48388472	     -1.60138076	      0.28599968	      0.92874454	     -0.07967585	      9.95366822	     -6.35808748	    -24.78796568	     32.74384451	      3.26559831	      0.57148790	     18.70874085	     15.24827288	     -7.51064197	     23.64559658	    -10.16357161	    -11.05233718	     67.21639817	      0.30726884	      1.17314746	      6.66649921	     -9.18127862	     -7.51064197	    -16.74180627	      6.65612803	     -4.81247062	      9.99652850	    -17.29376871	     10.22756077	     46.86669668	     90.00000001	      0.00000000	      0.00000000	    -14.50024840	    -10.09469815	     -3.13980036	     61.32048099	     90.00000001	      0.00000000	      0.00000000
      5.03000000	      1.95148712	     -0.57050862	     -1.54001543	      0.28733375	      0.92795381	     -0.07891881	     10.14465621	     -6.20855917	    -24.72549262	     33.07694001	      3.19846387	      0.57730151	     18.90127824	     14.99494388	     -7.51047155	     24.60228326	    -10.36106773	    -11.81841079	     66.29754523	     -0.12767445	      1.15711045	      7.41868496	     -9.26991700	     -7.51047155	    -16.74498612	      6.68500418	     -4.79556157	     10.06483453	    -17.31717797	     10.10598166	     46.61281893	     90.00000001	      0.00000000	      0.00000000	    -14.47556163	    -10.16996378	     -3.12208601	     61.37473899	     90.00000001	      0.00000000	      0.00000000
      5.04000000	      1.88612117	     -0.48048737	     -1.62290741	      0.28876860	      0.92723105	     -0.07807085	     10.36478274	     -6.31611956	    -24.43653254	     33.58032536	      3.26375323	      0.58608724	     19.14943448	     14.64831277	     -7.51003837	     25.36378313	    -10.37785914	    -13.55949837	     65.01949924	     -1.22674816	      1.13480434	      8.22076812	     -8.57268429	     -7.51003837	    -16.79904513	      6.47948514	     -4.69392442	     10.19948963	    -17.16650098	      9.70560011	     46.11726483	     90.00000001	      0.00000000	      0.00000000	    -14.46071082	    -10.27164368	     -3.10876340	     61.41621812	     90.00000001	      0.00000000	      0.00000000
      5.05000000	      1.87987501	     -0.66425968	     -1.47667698	      0.29016304	      0.92661025	     -0.07750544	     10.35556816	     -6.03220445	    -24.49608453	     33.74519475	      3.14215720	      0.58896476	     19.33765993	     14.43650286	     -7.50988155	     26.07472031	    -10.58592520	    -14.15760491	     63.64477315	     -1.46560386	      1.11081084	      9.03085156	     -8.59448085	     -7.50988155	    -16.91363196	      6.61333647	     -4.71757219	     10.24494218	    -17.19710996	      9.61341385	     45.91097778	     90.00000001	      0.00000000	      0.00000000	    -14.36869605	    -10.32772832	     -3.06547098	     61.38470899	     90.00000001	      0.00000000	      0.00000000
      5.06000000	      1.79547798	     -0.92668193	     -1.33667799	      0.29161584	      0.92574715	     -0.07697345	     10.41784747	     -5.77039727	    -24.50226188	     33.99391886	      3.27272190	      0.59330581	     19.38679949	     14.29689273	     -7.50976516	     26.82646100	    -10.93181263	    -14.53355657	     62.18250494	     -1.38906502	      1.08528945	      9.36329149	     -8.43905172	     -7.50976516	    -16.93820955	      6.82742911	     -4.72926117	     10.24392317	    -17.25779114	      9.53771802	     45.84765290	     90.00000001	      0.00000000	      0.00000000	    -14.36363951	    -10.35845853	     -3.03510834	     61.43858508	     90.00000001	      0.00000000	      0.00000000
      5.07000000	      2.01869777	     -0.66532213	     -1.47564111	      0.29345858	      0.92554550	     -0.07627242	     10.26953941	     -6.05337028	    -24.26572658	     34.42200427	      3.22900090	      0.60077731	     19.74406485	     14.05037143	     -7.50935869	     26.87221905	    -10.59078904	    -16.80627355	     60.08836706	     -2.74779579	      1.04873985	     10.40457645	     -7.11947596	     -7.50935869	    -17.24470313	      6.37620441	     -4.64161892	     10.53795474	    -16.91905392	      8.87476390	     44.86804985	     90.00000001	      0.00000000	      0.00000000	    -14.26217363	    -10.47075180	     -2.96285906	     61.28812237	     90.00000001	      0.00000000	      0.00000000
      5.08000000	      1.89347090	     -1.01508421	     -1.32211337	      0.29504210	      0.92449177	     -0.07587889	     10.35284285	     -5.67864647	    -24.29717547	     34.63385030	      3.32321909	      0.60447472	     19.82615861	     13.92257735	     -7.50925045	     27.55782470	    -10.94823563	    -17.04850916	     58.46395505	     -2.54323458	      1.02038851	     10.67759248	     -6.94321371	     -7.50925045	    -17.18985282	      6.67873450	     -4.65346096	     10.49309067	    -17.00907644	      8.82073586	     44.86193231	     90.00000001	      0.00000000	      0.00000000	    -14.27367046	    -10.48003173	     -2.93187135	     61.32584861	     90.00000001	      0.00000000	      0.00000000
      5.09000000	      1.77809878	     -1.33015087	     -1.18762602	      0.29672011	      0.92345568	     -0.07549952	     10.43060336	     -5.31348458	    -24.32517816	     34.83793581	      3.34393483	      0.60803668	     19.96066659	     13.76218644	     -7.50915354	     28.13835069	    -11.21743043	    -17.32987462	     56.74307131	     -2.36585985	      0.99035342	     10.98728333	     -6.77307126	     -7.50915354	    -17.13174782	      6.92379545	     -4.66083138	     10.47258409	    -17.05325133	      8.76613717	     44.75623056	     90.00000001	      0.00000000	      0.00000000	    -14.24352765	    -10.48428665	     -2.88900405	     61.30274297	     90.00000001	      0.00000000	      0.00000000
      5.10000000	      2.21816376	     -1.00477205	     -1.31295463	      0.29895482	      0.92372756	     -0.07507749	      9.94016990	     -5.63571305	    -24.03380589	     35.08100421	      3.26313099	      0.61227903	     20.38359862	     13.53593074	     -7.50874867	     27.58110134	    -10.62830583	    -19.11183765	     54.25258713	     -3.24416228	      0.94688627	     11.81588450	     -4.96756303	     -7.50874867	    -17.62841902	      6.38097687	     -4.60489692	     10.76180531	    -16.65674303	      7.94882951	     43.66943901	     90.00000001	      0.00000000	      0.00000000	    -14.07434939	    -10.58300911	     -2.79547582	     60.99079091	     90.00000001	      0.00000000	      0.00000000
      5.11000000	      2.14184485	     -1.26374920	     -1.25053138	      0.30082881	      0.92276943	     -0.07472129	      9.98568080	     -5.25988289	    -24.03348281	     35.23309484	      3.10837802	      0.61493351	     20.63659674	     13.32854630	     -7.50861706	     27.91168518	    -10.75785574	    -19.27204261	     52.45373490	     -2.96342262	      0.91549038	     12.09327010	     -4.61010655	     -7.50861706	    -17.57102621	      6.53136656	     -4.54836217	     10.75426310	    -16.69459055	      7.89806741	     43.47991829	     90.00000001	      0.00000000	      0.00000000	    -13.99464421	    -10.57359742	     -2.73855113	     60.78949121	     90.00000001	      0.00000000	      0.00000000
      5.12000000	      2.36088585	     -1.27711765	     -1.26598879	      0.30298663	      0.92246808	     -0.07445672	      9.61503937	     -5.29862017	    -23.83997907	     35.34842554	      3.32483267	      0.61694641	     20.85477884	     13.08631037	     -7.50828592	     27.67356002	    -10.58279544	    -19.97938280	     50.42249495	     -2.98490700	      0.88003855	     12.37354937	     -3.61821546	     -7.50828592	    -17.82576493	      6.38324106	     -4.54188840	     10.92411670	    -16.47210919	      7.42216747	     42.93388098	     90.00000001	      0.00000000	      0.00000000	    -13.93937742	    -10.63038302	     -2.66281876	     60.61757460	     90.00000001	      0.00000000	      0.00000000
      5.13000000	      2.44326105	     -1.47557601	     -1.21123151	      0.30525859	      0.92183179	     -0.07433589	      9.44794399	     -5.04980998	    -23.67449804	     35.55727190	      3.32666098	      0.62059147	     21.12971214	     12.81163056	     -7.50807836	     27.62755870	    -10.57252579	    -20.08210861	     48.68201397	     -2.69073702	      0.84966143	     12.50306883	     -3.11040616	     -7.50807836	    -17.88689464	      6.46017901	     -4.50019663	     10.91125492	    -16.44170492	      7.25123203	     42.58773539	     90.00000001	      0.00000000	      0.00000000	    -13.84265153	    -10.59650128	     -2.58675459	     60.33299553	     90.00000001	      0.00000000	      0.00000000
      5.14000000	      2.40749404	     -1.70741349	     -1.18061435	      0.30756037	      0.92098616	     -0.07410752	      9.36976393	     -4.72421532	    -23.52008714	     35.63460752	      3.30928792	      0.62194123	     21.33969141	     12.61603467	     -7.50797450	     27.71100009	    -10.57431334	    -20.08102452	     47.11953547	     -2.44865362	      0.82239104	     12.54055089	     -2.81378132	     -7.50797450	    -17.80968295	      6.54724914	     -4.47108479	     10.85913135	    -16.40279299	      7.15341437	     42.38374338	     90.00000001	      0.00000000	      0.00000000	    -13.85633818	    -10.56966214	     -2.53662963	     60.18620952	     90.00000001	      0.00000000	      0.00000000
      5.15000000	      2.43480089	     -1.93997460	     -1.15005147	      0.30987488	      0.92027138	     -0.07407690	      9.23395823	     -4.42620497	    -23.29458086	     35.75444957	      3.32263132	      0.62403287	     21.53680615	     12.42459435	     -7.50789355	     27.68908925	    -10.52433573	    -19.99511833	     45.70577589	     -2.27552293	      0.79771628	     12.54004960	     -2.52643582	     -7.50789355	    -17.80381569	      6.65193083	     -4.42678438	     10.82776552	    -16.37831640	      7.04262757	     42.16279223	     90.00000001	      0.00000000	      0.00000000	    -13.82930848	    -10.54243107	     -2.48764915	     60.02243488	     90.00000001	      0.00000000	      0.00000000
      5.16000000	      2.57411723	     -2.05501246	     -1.16358288	      0.31245391	      0.91989950	     -0.07395474	      8.90558410	     -4.25648410	    -23.02554305	     35.77063805	      3.39330547	      0.62431541	     21.80610642	     12.10693289	     -7.50780758	     27.37916867	    -10.35310026	    -19.94343502	     44.28904207	     -2.08153615	      0.77298961	     12.51122648	     -2.17610380	     -7.50780758	    -17.87443635	      6.59077670	     -4.38787047	     10.82721443	    -16.26239858	      6.85194108	     41.82844102	     90.00000001	      0.00000000	      0.00000000	    -13.77952558	    -10.53984542	     -2.42839586	     59.71604508	     90.00000001	      0.00000000	      0.00000000
      5.17000000	      2.62243505	     -2.29333154	     -1.17280006	      0.31500766	      0.91931548	     -0.07394893	      8.68738590	     -4.00727670	    -22.85491144	     35.84646876	      3.52866628	      0.62563891	     21.95075225	     11.92643300	     -7.50775233	     27.28022626	    -10.34215181	    -19.94159051	     43.28593805	     -2.04916531	      0.75548214	     12.49619453	     -1.98085850	     -7.50775233	    -17.86569419	      6.67501557	     -4.37169889	     10.79355472	    -16.21376257	      6.71542677	     41.66647333	     90.00000001	      0.00000000	      0.00000000	    -13.82386619	    -10.49127596	     -2.37250464	     59.56920081	     90.00000001	      0.00000000	      0.00000000
      5.18000000	      3.04330747	     -2.28351104	     -1.24036775	      0.31788777	      0.91969346	     -0.07393692	      7.92993320	     -4.03189477	    -22.30443883	     35.71045192	      3.89373091	      0.62326496	     22.07509548	     11.28547265	     -7.50758860	     26.49475128	    -10.03168892	    -20.16556679	     42.09990959	     -2.09718121	      0.73478204	     12.41257247	     -1.41470985	     -7.50758860	    -18.23030028	      6.45075746	     -4.29557531	     10.84155533	    -15.93737663	      6.15886742	     41.22362302	     90.00000001	      0.00000000	      0.00000000	    -13.72613497	    -10.52005346	     -2.28438367	     59.21219279	     90.00000001	      0.00000000	      0.00000000
      5.19000000	      3.16308988	     -2.44642372	     -1.31096608	      0.32067156	      0.91946553	     -0.07387184	      7.57614943	     -3.78289790	    -21.91606499	     35.62852304	      3.99445063	      0.62183503	     22.19793429	     10.83723026	     -7.50740819	     26.21618897	     -9.93269638	    -20.21846047	     41.38612872	     -2.25735950	      0.72232421	     12.43794672	     -0.95348688	     -7.50740819	    -18.26111324	      6.41957516	     -4.19230800	     10.75621262	    -15.79449680	      5.85976822	     41.05509460	     90.00000001	      0.00000000	      0.00000000	    -13.70912683	    -10.50053531	     -2.21521126	     58.96562140	     90.00000001	      0.00000000	      0.00000000
      5.20000000	      3.28808960	     -2.59540448	     -1.37265708	      0.32350917	      0.91929757	     -0.07386899	      7.20565329	     -3.56975693	    -21.60214153	     35.53569604	      4.08275360	      0.62021490	     22.33739587	     10.52498471	     -7.50726421	     25.92478343	     -9.82373222	    -20.18791587	     40.86669796	     -2.42228590	      0.71325843	     12.45480696	     -0.64843885	     -7.50726421	    -18.28783375	      6.37054192	     -4.11917734	     10.66401105	    -15.67624389	      5.68953102	     40.94089719	     90.00000001	      0.00000000	      0.00000000	    -13.70740113	    -10.47652571	     -2.15991765	     58.70006049	     90.00000001	      0.00000000	      0.00000000
      5.21000000	      3.29018038	     -2.74171785	     -1.43873801	      0.32640796	      0.91884553	     -0.07391107	      7.02363840	     -3.40015458	    -21.51714056	     35.59001002	      4.06791043	      0.62116286	     22.36099583	     10.51536563	     -7.50725477	     25.87957660	     -9.77972548	    -20.07345902	     40.77967030	     -2.56329009	      0.71173951	     12.45449124	     -0.62334369	     -7.50725477	    -18.15990752	      6.31614393	     -4.08404298	     10.51865799	    -15.58367470	      5.70137700	     40.90168589	     90.00000001	      0.00000000	      0.00000000	    -13.83061610	    -10.46303772	     -2.15311948	     58.62391833	     90.00000001	      0.00000000	      0.00000000
      5.22000000	      3.30377154	     -2.87222651	     -1.52616011	      0.32937786	      0.91854846	     -0.07399057	      6.82363530	     -3.23448638	    -21.39820551	     35.61535748	      4.03015103	      0.62160525	     22.41399435	     10.49678279	     -7.50724594	     25.76466536	     -9.69214357	    -19.90209898	     40.70947153	     -2.75717664	      0.71051431	     12.45527971	     -0.59287611	     -7.50724594	    -18.02720486	      6.24059269	     -4.03161213	     10.37697468	    -15.47477239	      5.71245201	     40.86508873	     90.00000001	      0.00000000	      0.00000000	    -13.94916112	    -10.43446541	     -2.13979206	     58.51077551	     90.00000001	      0.00000000	      0.00000000
      5.23000000	      3.70321722	     -2.89907467	     -1.62299014	      0.33243358	      0.91940086	     -0.07427917	      5.97041241	     -3.11356868	    -20.82019872	     35.13086492	      4.21541092	      0.61314926	     22.75586397	     10.07471252	     -7.50711848	     24.97070406	     -9.35880775	    -19.74507086	     40.23367543	     -3.03385236	      0.70221011	     12.49957717	     -0.47549290	     -7.50711848	    -18.35137948	      6.06493193	     -3.89679454	     10.27139866	    -15.33565430	      5.40996395	     40.82086828	     90.00000001	      0.00000000	      0.00000000	    -13.70906198	    -10.40330175	     -2.05888444	     57.89647254	     90.00000001	      0.00000000	      0.00000000
      5.24000000	      3.69721548	     -2.98219604	     -1.75256022	      0.33550844	      0.91925138	     -0.07446755	      5.78060122	     -3.02608592	    -20.74301319	     35.15184146	      4.17451069	      0.61351537	     22.75152791	     10.06461443	     -7.50711114	     24.83334080	     -9.28177913	    -19.58165038	     40.31370494	     -3.19848966	      0.70360688	     12.49096692	     -0.46270460	     -7.50711114	    -18.19275138	      5.93996740	     -3.83882956	     10.13234819	    -15.20717319	      5.42908628	     40.80312051	     90.00000001	      0.00000000	      0.00000000	    -13.85699715	    -10.36417642	     -2.04412069	     57.81855111	     90.00000001	      0.00000000	      0.00000000
      5.25000000	      3.79823413	     -2.96711635	     -1.87492292	      0.33855161	      0.91942353	     -0.07481547	      5.42577697	     -2.96343176	    -20.48592321	     34.98907754	      4.06335400	      0.61067461	     22.83887251	     10.00829317	     -7.50708424	     24.57328061	     -9.02860968	    -19.34296736	     40.45410432	     -3.41632768	      0.70605732	     12.55520660	     -0.52387810	     -7.50708424	    -18.15303195	      5.71545138	     -3.76461275	      9.99310986	    -15.07190651	      5.40037324	     40.83037575	     90.00000001	      0.00000000	      0.00000000	    -13.86834104	    -10.35882676	     -2.03937817	     57.60852166	     90.00000001	      0.00000000	      0.00000000
      5.26000000	      4.07229727	     -2.97959506	     -2.00541505	      0.34181859	      0.92014162	     -0.07523390	      4.69388981	     -2.94923504	    -20.12479764	     34.53877839	      4.25296560	      0.60281540	     23.03461625	      9.83312628	     -7.50699501	     23.97158059	     -8.86025575	    -19.11034437	     40.38572493	     -3.45936559	      0.70486387	     12.69121789	     -0.93551211	     -7.50699501	    -18.30219138	      5.51693527	     -3.64317964	      9.76725160	    -14.95668661	      5.21939342	     41.00311336	     90.00000001	      0.00000000	      0.00000000	    -13.76424449	    -10.30715190	     -2.00126900	     57.11371997	     90.00000001	      0.00000000	      0.00000000
      5.27000000	      4.12214983	     -2.94243143	     -2.14960058	      0.34491962	      0.92034318	     -0.07569609	      4.39875217	     -2.96147132	    -19.95816425	     34.41237230	      4.14671191	      0.60060920	     23.00216164	      9.79680424	     -7.50696284	     23.73509680	     -8.69081179	    -18.89950842	     40.55779607	     -3.50278460	      0.70786708	     12.66882026	     -1.06078982	     -7.50696284	    -18.19924218	      5.27647049	     -3.56398161	      9.62140940	    -14.80939223	      5.21499545	     41.05937779	     90.00000001	      0.00000000	      0.00000000	    -13.83557081	    -10.29767329	     -1.99413059	     56.97826738	     90.00000001	      0.00000000	      0.00000000
      5.28000000	      4.19265925	     -2.88081027	     -2.30447848	      0.34810722	      0.92072099	     -0.07624946	      4.01406548	     -3.02290337	    -19.78159622	     34.14904604	      4.11806459	      0.59601329	     23.05028801	      9.75932283	     -7.50691775	     23.40709354	     -8.53008103	    -18.71510399	     40.65611373	     -3.45940185	      0.70958305	     12.73550251	     -1.38361497	     -7.50691775	    -18.12033203	      5.01858605	     -3.50017637	      9.41815053	    -14.67359834	      5.20014143	     41.19257344	     90.00000001	      0.00000000	      0.00000000	    -13.85610929	    -10.26914869	     -1.98863102	     56.70648478	     90.00000001	      0.00000000	      0.00000000
      5.29000000	      4.36339880	     -2.85078490	     -2.40571473	      0.35119698	      0.92143075	     -0.07699744	      3.45180554	     -3.07789914	    -19.53036877	     33.78641410	      4.24101528	      0.58968417	     22.96837267	      9.58026614	     -7.50659628	     22.87816913	     -8.33295323	    -18.08605127	     40.53899084	     -3.12500221	      0.70753887	     12.39166059	     -2.86707751	     -7.50659628	    -18.17086103	      4.80558899	     -3.42044635	      9.18633193	    -14.58018685	      5.14138622	     41.49571259	     90.00000001	      0.00000000	      0.00000000	    -13.79659920	    -10.23667733	     -1.90634846	     56.40280281	     90.00000001	      0.00000000	      0.00000000
      5.30000000	      4.30062552	     -2.76574191	     -2.54020267	      0.35435390	      0.92161590	     -0.07772989	      3.24710302	     -3.17684540	    -19.46266101	     33.60161685	      4.14787876	      0.58645885	     23.01105883	      9.58636639	     -7.50656805	     22.71226376	     -8.21697678	    -18.07616748	     40.64518438	     -3.05098217	      0.70939229	     12.49024804	     -2.97846897	     -7.50656805	    -17.92923316	      4.55001522	     -3.39916449	      9.02605804	    -14.42773922	      5.19298060	     41.57085473	     90.00000001	      0.00000000	      0.00000000	    -13.86794675	    -10.20572364	     -1.92130595	     56.20464536	     90.00000001	      0.00000000	      0.00000000
      5.31000000	      4.22815947	     -2.77921473	     -2.63324789	      0.35740893	      0.92178454	     -0.07864562	      3.08993108	     -3.20644364	    -19.43270305	     33.53775474	      4.10740618	      0.58534424	     23.01986268	      9.59042342	     -7.50655994	     22.56004118	     -8.18035940	    -18.05432346	     40.68958007	     -3.05469247	      0.71016714	     12.52210010	     -3.02132984	     -7.50655994	    -17.70126454	      4.42660530	     -3.38497373	      8.91102950	    -14.30838519	      5.22903971	     41.61160286	     90.00000001	      0.00000000	      0.00000000	    -13.96529563	    -10.15256305	     -1.91176118	     56.10030741	     90.00000001	      0.00000000	      0.00000000
      5.32000000	      4.13857150	     -2.58831520	     -2.77831713	      0.36063830	      0.92206413	     -0.07950073	      2.84396886	     -3.39990992	    -19.36372514	     33.15448282	      3.99875404	      0.57865489	     23.06748936	      9.62184840	     -7.50653656	     22.33268122	     -8.02324107	    -18.24586400	     40.66989216	     -2.85264131	      0.70982352	     12.69888709	     -3.20717954	     -7.50653656	    -17.41910151	      4.06814217	     -3.38039426	      8.70180129	    -14.15489032	      5.30615281	     41.80406824	     90.00000001	      0.00000000	      0.00000000	    -14.01142456	    -10.14799544	     -1.95128047	     55.77250338	     90.00000001	      0.00000000	      0.00000000
      5.33000000	      4.14931576	     -2.43042554	     -2.93530058	      0.36379957	      0.92262066	     -0.08058339	      2.47238553	     -3.61423760	    -19.20604245	     32.77015143	      3.99708159	      0.57194704	     23.11483210	      9.74503654	     -7.50649393	     21.91172086	     -7.82668480	    -18.49314009	     40.42377491	     -2.76938387	      0.70552797	     12.88768410	     -3.46500275	     -7.50649393	    -17.27489243	      3.77220297	     -3.27125282	      8.45622655	    -14.07996262	      5.41962192	     42.12234030	     90.00000001	      0.00000000	      0.00000000	    -13.91206328	    -10.05636153	     -1.99860730	     55.33972017	     90.00000001	      0.00000000	      0.00000000
      5.34000000	      4.33401061	     -2.25715553	     -3.10103956	      0.36696836	      0.92354090	     -0.08177723	      1.89792810	     -3.91029908	    -19.01802171	     32.40673337	      4.10777232	      0.56560420	     23.11358933	      9.98425181	     -7.50640160	     21.22393847	     -7.55906865	    -18.88155126	     40.00785873	     -2.79738221	      0.69826886	     12.89752692	     -3.62081239	     -7.50640160	    -17.34203782	      3.45601703	     -3.13443358	      8.19754897	    -14.09068740	      5.62987981	     42.58962551	     90.00000001	      0.00000000	      0.00000000	    -13.75070059	     -9.95616793	     -2.04867396	     54.89310948	     90.00000001	      0.00000000	      0.00000000
      5.35000000	      4.17665758	     -2.17598103	     -3.17057307	      0.37005341	      0.92370414	     -0.08299700	      1.76959773	     -4.04356359	    -19.06720347	     32.18469478	      4.04484870	      0.56172889	     23.11218468	      9.98740821	     -7.50638433	     21.08756235	     -7.51750704	    -19.09948697	     39.93741377	     -2.62951244	      0.69703937	     12.93963761	     -3.62426982	     -7.50638433	    -17.01470639	      3.28107373	     -3.18938479	      8.08522289	    -13.94309548	      5.70827696	     42.69181408	     90.00000001	      0.00000000	      0.00000000	    -13.86977828	     -9.93148119	     -2.04086197	     54.77125510	     90.00000001	      0.00000000	      0.00000000
      5.36000000	      4.02520009	     -2.02483262	     -3.26516458	      0.37310518	      0.92394873	     -0.08426872	      1.60889953	     -4.23687751	    -19.06973562	     31.84606690	      3.96058177	      0.55581872	     23.10544258	     10.02677693	     -7.50636240	     20.88873303	     -7.38752927	    -19.40238812	     39.75004956	     -2.47892664	      0.69376924	     13.04603309	     -3.60955439	     -7.50636240	    -16.70013109	      3.03102017	     -3.19431269	      7.95404058	    -13.82252514	      5.82254771	     42.85039058	     90.00000001	      0.00000000	      0.00000000	    -13.90954080	     -9.90458532	     -2.05429991	     54.55882758	     90.00000001	      0.00000000	      0.00000000
      5.37000000	      4.31807676	     -1.71379076	     -3.48660168	      0.37640243	      0.92516578	     -0.08570029	      0.85439914	     -4.73470608	    -18.84980784	     31.34801989	      4.12624120	      0.54712616	     23.06724313	     10.39432518	     -7.50624832	     19.94822964	     -6.91962509	    -20.19069315	     39.04829052	     -2.67906694	      0.68152124	     13.19342000	     -3.13668274	     -7.50624832	    -16.88228881	      2.58971309	     -3.01913032	      7.71142791	    -13.88007915	      6.21658907	     43.35236384	     90.00000001	      0.00000000	      0.00000000	    -13.66740184	     -9.79029336	     -2.13108631	     53.97905329	     90.00000001	      0.00000000	      0.00000000
      5.38000000	      4.12377499	     -1.61013417	     -3.56328141	      0.37944988	      0.92529680	     -0.08708970	      0.75743696	     -4.89213813	    -18.91946345	     31.06934417	      4.03914440	      0.54226235	     23.06744755	     10.40318481	     -7.50623029	     19.83113269	     -6.85259158	    -20.43650359	     38.94377053	     -2.48665509	      0.67969702	     13.25414000	     -3.04993425	     -7.50623029	    -16.52461571	      2.42400147	     -3.06283811	      7.63327408	    -13.73660773	      6.30702187	     43.45312367	     90.00000001	      0.00000000	      0.00000000	    -13.77349923	     -9.76347778	     -2.12470770	     53.88706875	     90.00000001	      0.00000000	      0.00000000
      5.39000000	      3.96676659	     -1.44521437	     -3.66352227	      0.38247309	      0.92555225	     -0.08852290	      0.58807832	     -5.10815865	    -18.91711085	     30.69324688	      3.95090839	      0.53569822	     23.05100460	     10.46588622	     -7.50620731	     19.62879214	     -6.67410881	    -20.70690541	     38.70948659	     -2.33596155	      0.67560799	     13.36932158	     -2.90926588	     -7.50620731	    -16.21315000	      2.18785716	     -3.04388799	      7.53897706	    -13.62877435	      6.44201117	     43.59386374	     90.00000001	      0.00000000	      0.00000000	    -13.79748622	     -9.73730241	     -2.13993691	     53.68848481	     90.00000001	      0.00000000	      0.00000000
      5.40000000	      3.86240566	     -1.26220752	     -3.79795100	      0.38559863	      0.92590038	     -0.09001503	      0.34094387	     -5.37007603	    -18.88774797	     30.29027869	      3.91437411	      0.52866509	     23.02459039	     10.56360826	     -7.50618245	     19.32183335	     -6.44007544	    -20.98305906	     38.40716039	     -2.20038436	      0.67033141	     13.48945019	     -2.72774817	     -7.50618245	    -15.95323986	      1.94271271	     -3.00863674	      7.44358791	    -13.54117972	      6.60390675	     43.76294721	     90.00000001	      0.00000000	      0.00000000	    -13.80369557	     -9.67949738	     -2.15415233	     53.41437905	     90.00000001	      0.00000000	      0.00000000
      5.41000000	      3.83187178	     -1.04465060	     -3.93908267	      0.38869068	      0.92641131	     -0.09156004	     -0.00947150	     -5.69459017	    -18.82646329	     29.83784848	      3.91906951	      0.52076870	     22.98357058	     10.71232157	     -7.50615253	     18.90934746	     -6.13431518	    -21.26250335	     38.02576902	     -2.08930768	      0.66367487	     13.60813668	     -2.47972812	     -7.50615253	    -15.78582568	      1.65955006	     -2.93512236	      7.35262021	    -13.47651904	      6.80939063	     43.95619953	     90.00000001	      0.00000000	      0.00000000	    -13.74718671	     -9.62620014	     -2.18332522	     53.09319031	     90.00000001	      0.00000000	      0.00000000
      5.42000000	      4.41237506	     -0.74785020	     -4.13887338	      0.39219076	      0.92803683	     -0.09324796	     -1.17123127	     -6.27675304	    -18.89842543	     29.21883980	      4.09451747	      0.50996496	     22.94298981	     11.65518051	     -7.50578200	     17.62850088	     -5.61651946	    -22.40871427	     37.24533410	     -2.52894161	      0.65005371	     13.97077602	     -0.52270866	     -7.50578200	    -16.29420842	      1.26350051	     -2.83811948	      7.29908048	    -13.58783899	      7.52556677	     44.34894318	     90.00000001	      0.00000000	      0.00000000	    -13.59192743	     -9.55070369	     -2.28393499	     52.78502850	     90.00000001	      0.00000000	      0.00000000
      5.43000000	      4.23342151	     -0.67917758	     -4.25933138	      0.39509223	      0.92812231	     -0.09482643	     -1.25294017	     -6.43197461	    -18.94170562	     28.98174398	      4.02680585	      0.50582686	     22.93618441	     11.65608825	     -7.50576819	     17.52361064	     -5.50391288	    -22.47991257	     37.15009163	     -2.37558004	      0.64839142	     14.01297310	     -0.50443848	     -7.50576819	    -15.99083623	      1.17553888	     -2.79600979	      7.29942714	    -13.47640898	      7.57983178	     44.43029399	     90.00000001	      0.00000000	      0.00000000	    -13.65448407	     -9.49981067	     -2.27281778	     52.68058846	     90.00000001	      0.00000000	      0.00000000
      5.44000000	      4.07916055	     -0.52081077	     -4.38539848	      0.39804710	      0.92832204	     -0.09638446	     -1.41557549	     -6.66173169	    -18.93836382	     28.60874636	      3.95807305	      0.49931682	     22.90133463	     11.70773685	     -7.50575008	     17.34358666	     -5.27566100	    -22.54990212	     36.94220409	     -2.16774517	      0.64476309	     14.09098331	     -0.47195214	     -7.50575008	    -15.69984150	      0.98418855	     -2.73179450	      7.27458000	    -13.36570323	      7.67994223	     44.52450392	     90.00000001	      0.00000000	      0.00000000	    -13.66543535	     -9.47266006	     -2.27831599	     52.47889201	     90.00000001	      0.00000000	      0.00000000
      5.45000000	      4.03376474	     -0.29874132	     -4.53423144	      0.40107073	      0.92875943	     -0.09802531	     -1.74645992	     -6.99756026	    -18.87064087	     28.11838777	      3.96928462	      0.49075845	     22.81821722	     11.85527388	     -7.50572094	     16.95682755	     -4.90246043	    -22.58754115	     36.54473800	     -1.96101514	      0.63782600	     14.18941311	     -0.42737915	     -7.50572094	    -15.52803618	      0.73332991	     -2.65219768	      7.23863024	    -13.28206366	      7.84352995	     44.62710534	     90.00000001	      0.00000000	      0.00000000	    -13.58902507	     -9.45191997	     -2.29761926	     52.14696646	     90.00000001	      0.00000000	      0.00000000
      5.46000000	      4.45532179	     -0.05724380	     -4.66717960	      0.40417691	      0.93008751	     -0.09986458	     -2.68466689	     -7.52460352	    -18.78472034	     27.57155401	      4.28054864	      0.48121440	     22.62683101	     12.26238443	     -7.50563099	     15.90144886	     -4.31116357	    -22.60275674	     35.75890310	     -1.90944835	      0.62411060	     14.10928672	     -0.39058479	     -7.50563099	    -15.89634405	      0.43919024	     -2.58129768	      7.30467407	    -13.27658299	      8.15577697	     44.78116705	     90.00000001	      0.00000000	      0.00000000	    -13.37027500	     -9.38124316	     -2.33571866	     51.72774941	     90.00000001	      0.00000000	      0.00000000
      5.47000000	      4.32945097	     -0.03615758	     -4.78912971	      0.40695546	      0.93018612	     -0.10148062	     -2.77096517	     -7.64975463	    -18.84444687	     27.43188667	      4.22147391	      0.47877674	     22.61366859	     12.26873723	     -7.50562175	     15.78381228	     -4.20947556	    -22.63886676	     35.72821606	     -1.80762330	      0.62357501	     14.11552553	     -0.38869968	     -7.50562175	    -15.67798988	      0.42642390	     -2.52984659	      7.37466220	    -13.16270262	      8.20685466	     44.84844908	     90.00000001	      0.00000000	      0.00000000	    -13.42959665	     -9.34177277	     -2.32293687	     51.68932636	     90.00000001	      0.00000000	      0.00000000
      5.48000000	      4.54008184	      0.23938006	     -4.92519929	      0.41004528	      0.93108587	     -0.10315917	     -3.43017300	     -8.12440651	    -18.83417190	     26.89219624	      4.33179147	      0.46935737	     22.40746080	     12.63346670	     -7.50552927	     15.01195624	     -3.67536221	    -22.65170386	     35.04732654	     -1.62727745	      0.61169124	     14.11992005	     -0.44635139	     -7.50552927	    -15.78841719	      0.09596848	     -2.48810831	      7.43965638	    -13.09226439	      8.49056096	     44.87175870	     90.00000001	      0.00000000	      0.00000000	    -13.33611938	     -9.35545908	     -2.35315347	     51.37923356	     90.00000001	      0.00000000	      0.00000000
      5.49000000	      4.44015628	      0.19627966	     -4.96042196	      0.41263073	      0.93118692	     -0.10489211	     -3.50024111	     -8.18140636	    -18.83458378	     26.87953230	      4.29323246	      0.46913634	     22.40264404	     12.63133687	     -7.50552719	     14.93107286	     -3.61059807	    -22.65274382	     35.06217631	     -1.60398875	      0.61195042	     14.11770253	     -0.44418917	     -7.50552719	    -15.63098218	      0.17681556	     -2.43754451	      7.51583704	    -13.02009084	      8.51013809	     44.91368803	     90.00000001	      0.00000000	      0.00000000	    -13.31450011	     -9.35768240	     -2.35416396	     51.38694278	     90.00000001	      0.00000000	      0.00000000
      5.50000000	      4.62177718	      0.48226337	     -5.18228843	      0.41568191	      0.93200643	     -0.10645430	     -4.03582947	     -8.67790874	    -18.83999172	     26.44401448	      4.36429817	      0.46153512	     22.14672644	     12.87465392	     -7.50543653	     14.18087130	     -3.06049960	    -22.65731772	     34.38187018	     -1.39187293	      0.60007684	     14.16690386	     -0.56175101	     -7.50543653	    -15.70487129	     -0.17163631	     -2.36638503	      7.64393700	    -12.89847584	      8.74925177	     44.88128804	     90.00000001	      0.00000000	      0.00000000	    -13.29305699	     -9.34874597	     -2.35603929	     51.05137950	     90.00000001	      0.00000000	      0.00000000
      5.51000000	      4.52787733	      0.43625743	     -5.20991311	      0.41823135	      0.93211840	     -0.10814756	     -4.10027812	     -8.72790296	    -18.83571120	     26.44188872	      4.32885098	      0.46149802	     22.13991365	     12.87149894	     -7.50543441	     14.09834541	     -3.00130932	    -22.65952163	     34.39443570	     -1.37268195	      0.60029615	     14.16493238	     -0.56145264	     -7.50543441	    -15.55775414	     -0.08909768	     -2.32574148	      7.71824080	    -12.82443403	      8.76742796	     44.92163478	     90.00000001	      0.00000000	      0.00000000	    -13.26771127	     -9.35114618	     -2.35617678	     51.06055323	     90.00000001	      0.00000000	      0.00000000
      5.52000000	      4.54491983	      0.60359108	     -5.40565684	      0.42105907	      0.93254433	     -0.10958683	     -4.28852891	     -9.02612358	    -18.82428587	     26.29327450	      4.23372920	      0.45890421	     21.90429696	     12.89172099	     -7.50539442	     13.65555718	     -2.68069751	    -22.73057761	     33.97736191	     -1.17556816	      0.59301684	     14.30761711	     -0.63476729	     -7.50539442	    -15.47163013	     -0.29304814	     -2.26219772	      7.84436906	    -12.65590349	      8.89658952	     44.88672002	     90.00000001	      0.00000000	      0.00000000	    -13.29448035	     -9.35560445	     -2.34132052	     50.84543898	     90.00000001	      0.00000000	      0.00000000
      5.53000000	      4.71518951	      0.72211020	     -5.54260908	      0.42366934	      0.93323894	     -0.11121818	     -4.59848955	     -9.36433015	    -18.77324094	     26.32834235	      4.31887979	      0.45951626	     21.65906354	     12.87201069	     -7.50532536	     13.06174387	     -2.30240431	    -22.73608009	     33.49265246	     -1.11943324	      0.58455706	     14.29454603	     -0.71029714	     -7.50532536	    -15.60320554	     -0.43548420	     -2.19704864	      8.03178448	    -12.56138526	      8.99715530	     44.78999670	     90.00000001	      0.00000000	      0.00000000	    -13.23632663	     -9.37024930	     -2.33473561	     50.70546932	     90.00000001	      0.00000000	      0.00000000
      5.54000000	      4.64674718	      0.66721021	     -5.58245295	      0.42623345	      0.93341224	     -0.11284327	     -4.64910171	     -9.40690079	    -18.75460027	     26.35682711	      4.28594968	      0.46001341	     21.62808370	     12.86143882	     -7.50531927	     12.93421496	     -2.22679410	    -22.74071599	     33.47013745	     -1.10596553	      0.58416410	     14.29993116	     -0.71600110	     -7.50531927	    -15.47309671	     -0.34887698	     -2.17664218	      8.12528477	    -12.45529225	      9.01737636	     44.84103182	     90.00000001	      0.00000000	      0.00000000	    -13.27937246	     -9.37009873	     -2.32745773	     50.67583966	     90.00000001	      0.00000000	      0.00000000
      5.55000000	      4.71395097	      0.71281971	     -5.72724049	      0.42872829	      0.93390910	     -0.11429232	     -4.69068035	     -9.58747456	    -18.68007962	     26.62240542	      4.16424921	      0.46464863	     21.31731579	     12.74637950	     -7.50528213	     12.47569614	     -2.00088200	    -22.80468538	     33.05898591	     -1.01126032	      0.57698815	     14.44237823	     -0.75401668	     -7.50528213	    -15.49785498	     -0.40548793	     -2.13922757	      8.32209281	    -12.30928431	      9.07630584	     44.77694359	     90.00000001	      0.00000000	      0.00000000	    -13.28064138	     -9.40946901	     -2.31316911	     50.54646210	     90.00000001	      0.00000000	      0.00000000
      5.56000000	      4.77911204	      0.75244979	     -5.85651194	      0.43122366	      0.93436879	     -0.11577896	     -4.72400568	     -9.78965875	    -18.62154776	     26.92369325	      4.10401079	      0.46990709	     21.06669636	     12.58895034	     -7.50524269	     12.06252991	     -1.76793455	    -22.84417344	     32.72854370	     -0.95377237	      0.57122085	     14.49593471	     -0.75635802	     -7.50524269	    -15.52100218	     -0.44929259	     -2.09256470	      8.48162288	    -12.16983599	      9.11373185	     44.70627964	     90.00000001	      0.00000000	      0.00000000	    -13.29209296	     -9.43689972	     -2.30006820	     50.46722340	     90.00000001	      0.00000000	      0.00000000
      5.57000000	      4.80442108	      0.73118597	     -5.91969193	      0.43361220	      0.93474761	     -0.11727595	     -4.70803832	     -9.89378951	    -18.54747084	     27.23634965	      4.02166125	      0.47536398	     20.86386297	     12.46612087	     -7.50521555	     11.75059143	     -1.62399063	    -22.88087784	     32.48308655	     -0.92082929	      0.56693681	     14.54770077	     -0.75391268	     -7.50521555	    -15.50711902	     -0.42884483	     -2.08705464	      8.64517809	    -12.04585629	      9.12748882	     44.69175127	     90.00000001	      0.00000000	      0.00000000	    -13.31609293	     -9.47886834	     -2.29228392	     50.41267461	     90.00000001	      0.00000000	      0.00000000
      5.58000000	      4.87077094	      0.79370937	     -6.07626063	      0.43598255	      0.93521754	     -0.11865557	     -4.60286637	    -10.13350062	    -18.51258650	     27.75280095	      3.86971206	      0.48437775	     20.53701984	     12.20073765	     -7.50516964	     11.32101897	     -1.38500106	    -22.92486908	     32.11366836	     -0.82599533	      0.56048925	     14.62302081	     -0.72143586	     -7.50516964	    -15.53302377	     -0.51819714	     -1.96379232	      8.78161365	    -11.93343052	      9.14100986	     44.56920072	     90.00000001	      0.00000000	      0.00000000	    -13.30330218	     -9.52852929	     -2.29087983	     50.39010427	     90.00000001	      0.00000000	      0.00000000
      5.59000000	      4.90847063	      0.78554421	     -6.16498320	      0.43831556	      0.93563759	     -0.12010033	     -4.47493905	    -10.27881512	    -18.42506964	     28.27477315	      3.74037626	      0.49348789	     20.27089727	     11.99501921	     -7.50512988	     10.97067572	     -1.22177008	    -22.94901779	     31.82336693	     -0.78881342	      0.55542253	     14.67250019	     -0.69416616	     -7.50512988	    -15.53768272	     -0.50779007	     -1.94145905	      8.92237929	    -11.80387963	      9.13420154	     44.52315236	     90.00000001	      0.00000000	      0.00000000	    -13.33657284	     -9.57868150	     -2.28360144	     50.36260912	     90.00000001	      0.00000000	      0.00000000
      5.60000000	      4.93603702	      0.82600701	     -6.27506213	      0.44056769	      0.93603660	     -0.12142193	     -4.25357624	    -10.46667868	    -18.34339219	     28.92887224	      3.56427464	      0.50490407	     19.94637029	     11.71453113	     -7.50507600	     10.61106883	     -1.01878343	    -22.99667222	     31.47614093	     -0.69201781	      0.54936230	     14.73195904	     -0.65913549	     -7.50507600	    -15.52635600	     -0.57572286	     -1.91412191	      9.07294255	    -11.63789268	      9.12101580	     44.47618886	     90.00000001	      0.00000000	      0.00000000	    -13.37959614	     -9.63680338	     -2.27340332	     50.34412489	     90.00000001	      0.00000000	      0.00000000
      5.61000000	      4.98598403	      0.75075641	     -6.33685197	      0.44277263	      0.93647325	     -0.12283534	     -4.06856928	    -10.52610871	    -18.23485939	     29.57217678	      3.39413670	      0.51613185	     19.64609879	     11.54775158	     -7.50504371	     10.26002540	     -0.93807736	    -22.98167951	     31.21709635	     -0.64726869	      0.54484111	     14.79275328	     -0.62829605	     -7.50504371	    -15.56191128	     -0.49462534	     -1.91540893	      9.22533921	    -11.53037177	      9.10407383	     44.46997177	     90.00000001	      0.00000000	      0.00000000	    -13.40899372	     -9.68416294	     -2.26640464	     50.32576620	     90.00000001	      0.00000000	      0.00000000
      5.62000000	      5.03725792	      0.71493593	     -6.42276670	      0.44496599	      0.93692547	     -0.12414562	     -3.80981772	    -10.62729048	    -18.14038416	     30.32638362	      3.15284046	      0.52929524	     19.27043289	     11.33478143	     -7.50501151	      9.87683630	     -0.83953206	    -22.97549645	     30.91034361	     -0.52728495	      0.53948727	     14.86967082	     -0.58110891	     -7.50501151	    -15.59169256	     -0.46877502	     -1.90233731	      9.35340331	    -11.40522432	      9.09538579	     44.45806139	     90.00000001	      0.00000000	      0.00000000	    -13.45250559	     -9.74184032	     -2.26426095	     50.31510779	     90.00000001	      0.00000000	      0.00000000
      5.63000000	      5.03602506	      0.83839244	     -6.55737038	      0.44716384	      0.93725126	     -0.12533930	     -3.37417846	    -10.93131360	    -18.05169544	     31.27429343	      2.87491147	      0.54583939	     18.80486252	     10.92592503	     -7.50494940	      9.51492269	     -0.57501195	    -22.98978918	     30.48560962	     -0.34535224	      0.53207426	     14.92676034	     -0.52754979	     -7.50494940	    -15.53025180	     -0.64660323	     -1.81819647	      9.41269350	    -11.26520038	      9.07768038	     44.39326742	     90.00000001	      0.00000000	      0.00000000	    -13.51574606	     -9.83322989	     -2.27135746	     50.35466432	     90.00000001	      0.00000000	      0.00000000
      5.64000000	      5.10573382	      0.72652871	     -6.55088965	      0.44928189	      0.93775864	     -0.12676583	     -3.13425772	    -10.95184131	    -17.86751850	     32.06517899	      2.70806538	      0.55964295	     18.45637436	     10.76613531	     -7.50491762	      9.15134824	     -0.53767025	    -22.93776878	     30.23764466	     -0.29573415	      0.52774646	     14.95806321	     -0.49936069	     -7.50491762	    -15.60144499	     -0.51429685	     -1.88408460	      9.52372300	    -11.16258569	      9.05583443	     44.41936246	     90.00000001	      0.00000000	      0.00000000	    -13.56964887	     -9.88160292	     -2.26386178	     50.33670063	     90.00000001	      0.00000000	      0.00000000
      5.65000000	      5.17485624	      0.65435382	     -6.59066210	      0.45138946	      0.93822904	     -0.12803353	     -2.82000511	    -11.01463461	    -17.70986438	     32.95637987	      2.45768291	      0.57519734	     17.99768363	     10.55993011	     -7.50488915	      8.74451792	     -0.50082627	    -22.89343723	     29.93246198	     -0.14670606	      0.52242001	     15.01647123	     -0.44613473	     -7.50488915	    -15.65405432	     -0.45313625	     -1.92315921	      9.63964893	    -11.05232416	      9.04724319	     44.46036114	     90.00000001	      0.00000000	      0.00000000	    -13.62457915	     -9.93934097	     -2.26480518	     50.33246372	     90.00000001	      0.00000000	      0.00000000
      5.66000000	      5.14740226	      0.80925308	     -6.69643033	      0.45349819	      0.93849506	     -0.12922969	     -2.23463715	    -11.36652494	    -17.48934157	     34.10113687	      2.20206010	      0.59517712	     17.36860127	      9.99894006	     -7.50481598	      8.40144407	     -0.19460017	    -22.86587778	     29.45344707	      0.05014835	      0.51405963	     15.04058738	     -0.41107570	     -7.50481598	    -15.56499009	     -0.65741928	     -1.88264525	      9.63091534	    -10.93794446	      9.03974174	     44.45034315	     90.00000001	      0.00000000	      0.00000000	    -13.71860911	    -10.03928835	     -2.27751090	     50.39657363	     90.00000001	      0.00000000	      0.00000000
      5.67000000	      5.18187980	      0.80137204	     -6.72895382	      0.45555197	      0.93891004	     -0.13046299	     -1.80579643	    -11.52133632	    -17.21675454	     35.12280912	      2.01986952	      0.61300866	     16.79402705	      9.57675239	     -7.50474912	      8.02701060	     -0.09466027	    -22.81187509	     29.10756496	      0.23344130	      0.50802285	     15.05247901	     -0.40148121	     -7.50474912	    -15.57193579	     -0.66876676	     -1.91292508	      9.67340978	    -10.83745444	      9.03199152	     44.48989038	     90.00000001	      0.00000000	      0.00000000	    -13.78622129	    -10.11524591	     -2.28406331	     50.41172750	     90.00000001	      0.00000000	      0.00000000
      5.68000000	      5.29423591	      0.62347407	     -6.63269961	      0.45760751	      0.93949471	     -0.13184390	     -1.57840909	    -11.47086105	    -16.99591358	     36.00345340	      1.88544410	      0.62837880	     16.35018582	      9.44841627	     -7.50472602	      7.61733829	     -0.17232059	    -22.74238768	     28.89578195	      0.31737228	      0.50432654	     15.07136522	     -0.35247493	     -7.50472602	    -15.69445893	     -0.46922975	     -2.03959537	      9.74879700	    -10.76798388	      9.01984235	     44.55130539	     90.00000001	      0.00000000	      0.00000000	    -13.83530572	    -10.14816021	     -2.28035553	     50.38159471	     90.00000001	      0.00000000	      0.00000000
      5.69000000	      5.28147974	      0.74203847	     -6.73093787	      0.45963810	      0.93977376	     -0.13296340	     -0.95678118	    -11.78956491	    -16.69223240	     37.21859452	      1.65293128	      0.64958702	     15.45639310	      8.78830512	     -7.50465392	      7.23911244	      0.05404547	    -22.70586705	     28.40179604	      0.58200197	      0.49570485	     15.11164847	     -0.25810663	     -7.50465392	    -15.62584342	     -0.63626360	     -2.00916203	      9.70296917	    -10.69264979	      9.05023877	     44.61511897	     90.00000001	      0.00000000	      0.00000000	    -13.92546835	    -10.23376524	     -2.31092502	     50.44869901	     90.00000001	      0.00000000	      0.00000000
      5.70000000	      5.41149007	      0.52399617	     -6.57697503	      0.46162326	      0.94040791	     -0.13436093	     -0.75984747	    -11.70890264	    -16.46927501	     38.10069456	      1.58145881	      0.66498257	     15.02218229	      8.69250148	     -7.50463630	      6.83554157	     -0.08231342	    -22.65297972	     28.22873032	      0.64768689	      0.49268429	     15.11568094	     -0.20374647	     -7.50463630	    -15.78074239	     -0.38421565	     -2.19105903	      9.75397189	    -10.61976729	      9.03893519	     44.68268771	     90.00000001	      0.00000000	      0.00000000	    -13.98262560	    -10.27944727	     -2.31000758	     50.39330228	     90.00000001	      0.00000000	      0.00000000
      5.71000000	      5.33342430	      0.65673753	     -6.70828635	      0.46348733	      0.94057449	     -0.13533354	     -0.00472451	    -12.05394556	    -15.65670918	     39.41404510	      1.72575045	      0.68790486	     13.80843627	      7.01065371	     -7.50437912	      6.54543195	      0.12954569	    -22.62320984	     27.76410467	      0.93314014	      0.48457504	     15.08820945	     -0.22115954	     -7.50437912	    -15.64553489	     -0.58677304	     -2.09375199	      9.67138615	    -10.58364036	      9.07388386	     44.73356820	     90.00000001	      0.00000000	      0.00000000	    -14.04202033	    -10.34802188	     -2.33996731	     50.44977869	     90.00000001	      0.00000000	      0.00000000
      5.72000000	      5.42614377	      0.57844396	     -6.66479975	      0.46555441	      0.94107316	     -0.13643266	      0.36722577	    -12.13695870	    -15.52847364	     40.44800412	      1.51237590	      0.70595085	     12.94443714	      6.82199685	     -7.50432623	      6.08687349	      0.08402682	    -22.58601897	     27.44410587	      1.20142172	      0.47899001	     15.15619920	     -0.04804632	     -7.50432623	    -15.71292905	     -0.53249169	     -2.15423036	      9.62509748	    -10.54155528	      9.09056152	     44.81608872	     90.00000001	      0.00000000	      0.00000000	    -14.10695135	    -10.40110539	     -2.37826034	     50.45524212	     90.00000001	      0.00000000	      0.00000000
      5.73000000	      5.49859623	      0.50755463	     -6.58506087	      0.46748371	      0.94153697	     -0.13767749	      0.77784898	    -12.26938439	    -15.28942069	     41.53119693	      1.47555413	      0.72485613	     12.07321640	      6.38271449	     -7.50425135	      5.70247720	      0.11441102	    -22.56408826	     27.12254284	      1.29704934	      0.47337767	     15.17960133	      0.14517054	     -7.50425135	    -15.78089893	     -0.46622356	     -2.23557063	      9.55813470	    -10.52418156	      9.11091000	     44.88845257	     90.00000001	      0.00000000	      0.00000000	    -14.16549760	    -10.43801812	     -2.40870438	     50.46655487	     90.00000001	      0.00000000	      0.00000000
      5.74000000	      5.57238771	      0.42245305	     -6.53837879	      0.46949722	      0.94198212	     -0.13866332	      1.17401832	    -12.36768641	    -15.07678356	     42.56851461	      1.41040757	      0.74296074	     11.12673163	      5.98516620	     -7.50419114	      5.28840941	      0.06688008	    -22.55376496	     26.82316353	      1.49791823	      0.46815252	     15.23397998	      0.34004945	     -7.50419114	    -15.82355148	     -0.41100348	     -2.28185922	      9.48493213	    -10.47678046	      9.13412859	     44.95834056	     90.00000001	      0.00000000	      0.00000000	    -14.22510145	    -10.49620360	     -2.45217243	     50.46660262	     90.00000001	      0.00000000	      0.00000000
      5.75000000	      5.64743695	      0.33186777	     -6.46238002	      0.47141130	      0.94244560	     -0.13986594	      1.56091025	    -12.47308545	    -14.85632627	     43.56863974	      1.38033193	      0.76041621	     10.16426370	      5.52006104	     -7.50412725	      4.90295556	      0.03318305	    -22.55933157	     26.53932063	      1.66539353	      0.46319853	     15.28766139	      0.54653077	     -7.50412725	    -15.89411171	     -0.32035652	     -2.36432209	      9.41355000	    -10.48799937	      9.13395085	     45.01540772	     90.00000001	      0.00000000	      0.00000000	    -14.28562320	    -10.49543287	     -2.47883774	     50.45930552	     90.00000001	      0.00000000	      0.00000000
      5.76000000	      5.71706858	      0.24013763	     -6.37966380	      0.47333602	      0.94289163	     -0.14098799	      1.93780915	    -12.56722773	    -14.65506593	     44.51482005	      1.36359976	      0.77693018	      9.15767415	      5.03619078	     -7.50406600	      4.51626940	     -0.01143172	    -22.57208134	     26.25143467	      1.84204199	      0.45817397	     15.34827447	      0.76318978	     -7.50406600	    -15.95184399	     -0.23640446	     -2.44560653	      9.34038429	    -10.48667552	      9.12875207	     45.07254642	     90.00000001	      0.00000000	      0.00000000	    -14.34237436	    -10.48205533	     -2.50813683	     50.45380860	     90.00000001	      0.00000000	      0.00000000
      5.77000000	      5.84537063	      0.01515448	     -6.22925213	      0.47523959	      0.94343834	     -0.14199737	      2.15321498	    -12.53753523	    -14.59996402	     45.35770174	      1.42658590	      0.79164124	      8.54550947	      4.88093386	     -7.50403812	      4.13921153	     -0.20963032	    -22.52598060	     26.13141501	      1.92655231	      0.45607923	     15.36556770	      0.88629741	     -7.50403812	    -16.09551047	     -0.01533791	     -2.53858075	      9.24894653	    -10.47918220	      9.11152759	     45.07969265	     90.00000001	      0.00000000	      0.00000000	    -14.37790581	    -10.52882191	     -2.53794334	     50.41481155	     90.00000001	      0.00000000	      0.00000000
      5.78000000	      5.90145742	      0.02472617	     -6.23273540	      0.47719218	      0.94386433	     -0.14273153	      2.58179641	    -12.71945032	    -14.47285152	     46.22372812	      1.34740121	      0.80675625	      7.17567174	      4.22528386	     -7.50398066	      3.72323936	     -0.15103627	    -22.52225408	     25.73751072	      2.16158075	      0.44920430	     15.47817078	      1.19157171	     -7.50398066	    -16.11989860	     -0.10357365	     -2.49216517	      9.05619888	    -10.45012605	      9.11500433	     45.08209050	     90.00000001	      0.00000000	      0.00000000	    -14.43867550	    -10.57808670	     -2.63099485	     50.42485041	     90.00000001	      0.00000000	      0.00000000
      5.79000000	      6.01173640	     -0.27120417	     -6.02673350	      0.47902907	      0.94438771	     -0.14396642	      2.74588350	    -12.63305821	    -14.46769911	     46.90638147	      1.49205320	      0.81867080	      6.81482286	      4.12714654	     -7.50395999	      3.41162743	     -0.38155608	    -22.48692112	     25.65499983	      2.11379678	      0.44776422	     15.46315057	      1.26464896	     -7.50395999	    -16.24908799	      0.25542651	     -2.65962055	      9.02287569	    -10.47923601	      9.06439198	     45.09760863	     90.00000001	      0.00000000	      0.00000000	    -14.48122355	    -10.54556999	     -2.62162075	     50.38849580	     90.00000001	      0.00000000	      0.00000000
      5.80000000	      6.11746967	     -0.35028956	     -5.99570475	      0.48086146	      0.94491086	     -0.14474164	      3.03310359	    -12.74547373	    -14.06772851	     47.59466375	      1.82197813	      0.83068359	      5.35687986	      2.45083459	     -7.50380791	      2.98824845	     -0.40320427	    -22.51138896	     25.34402740	      2.24387076	      0.44233672	     15.52722371	      1.71178025	     -7.50380791	    -16.34935170	      0.27956668	     -2.64265595	      8.90477878	    -10.45278185	      8.95195165	     45.04631280	     90.00000001	      0.00000000	      0.00000000	    -14.50577640	    -10.52364274	     -2.74563247	     50.36921090	     90.00000001	      0.00000000	      0.00000000
      5.81000000	      6.17271487	     -0.55054257	     -5.80927293	      0.48285814	      0.94533489	     -0.14565556	      3.17623477	    -12.65310298	    -14.05820668	     47.97034180	      1.88572817	      0.83724041	      5.16186848	      2.48264217	     -7.50379228	      2.76329631	     -0.56971573	    -22.47837059	     25.32553849	      2.22280039	      0.44201403	     15.53327020	      1.74204836	     -7.50379228	    -16.37359697	      0.47925877	     -2.72894321	      8.70983443	    -10.48486644	      8.92945898	     44.99475483	     90.00000001	      0.00000000	      0.00000000	    -14.56561160	    -10.53476074	     -2.75068918	     50.35251214	     90.00000001	      0.00000000	      0.00000000
      5.82000000	      6.30602758	     -0.69074488	     -5.85248954	      0.48455017	      0.94584838	     -0.14626530	      3.50314613	    -12.72289174	    -14.20875246	     48.59589620	      1.80576860	      0.84815839	      4.16393718	      2.23889707	     -7.50375560	      2.26917806	     -0.70563101	    -22.46111829	     24.99108788	      2.50916719	      0.43617677	     15.72833607	      1.92940648	     -7.50375560	    -16.53371674	      0.56986024	     -2.63898326	      8.66535536	    -10.47647222	      8.87109962	     44.89129611	     90.00000001	      0.00000000	      0.00000000	    -14.57328632	    -10.51852806	     -2.80708719	     50.31681289	     90.00000001	      0.00000000	      0.00000000
      5.83000000	      6.36124080	     -0.89384804	     -5.69364521	      0.48642821	      0.94625555	     -0.14712520	      3.66512523	    -12.65911230	    -14.28707211	     48.86544848	      1.93054139	      0.85286297	      3.99066172	      2.19740942	     -7.50373928	      2.04916486	     -0.84359737	    -22.41940719	     24.94313043	      2.44276284	      0.43533975	     15.71780853	      1.97794471	     -7.50373928	    -16.57652858	      0.77841463	     -2.69475406	      8.49812423	    -10.51059730	      8.83003139	     44.83107783	     90.00000001	      0.00000000	      0.00000000	    -14.63056591	    -10.50579444	     -2.81508120	     50.31380733	     90.00000001	      0.00000000	      0.00000000
      5.84000000	      6.58143971	     -1.13007427	     -5.61935838	      0.48815559	      0.94706362	     -0.14781006	      3.67433181	    -12.55525588	    -14.30943796	     48.99310872	      2.11660814	      0.85509106	      2.94995254	      0.99309871	     -7.50359919	      1.48038259	     -1.02716578	    -22.33786126	     24.58938890	      2.57427035	      0.42916580	     15.81074009	      2.38118690	     -7.50359919	    -16.84683600	      0.98238333	     -2.68095006	      8.46285779	    -10.43243557	      8.48648006	     44.59933930	     90.00000001	      0.00000000	      0.00000000	    -14.62033927	    -10.43107796	     -2.96391334	     50.28513369	     90.00000001	      0.00000000	      0.00000000
      5.85000000	      6.61854620	     -1.29697116	     -5.52508010	      0.48991636	      0.94738700	     -0.14850937	      3.89386361	    -12.52427102	    -14.41334038	     49.11381614	      2.25430676	      0.85719780	      2.88582150	      0.98508982	     -7.50358497	      1.28283854	     -1.14211716	    -22.33495974	     24.54372429	      2.54304448	      0.42836880	     15.83313955	      2.39654789	     -7.50358497	    -16.88467994	      1.13379591	     -2.68245564	      8.29989012	    -10.47184139	      8.46408818	     44.51270333	     90.00000001	      0.00000000	      0.00000000	    -14.67356136	    -10.42338120	     -2.96786928	     50.28071896	     90.00000001	      0.00000000	      0.00000000
      5.86000000	      6.65887193	     -1.44915033	     -5.46932201	      0.49164520	      0.94772957	     -0.14912939	      4.12217911	    -12.51916055	    -14.55930514	     49.14096565	      2.38098773	      0.85767165	      2.81913290	      0.93695496	     -7.50357225	      1.04588389	     -1.24672391	    -22.35096976	     24.42239527	      2.54447288	      0.42625121	     15.89650216	      2.41856579	     -7.50357225	    -16.92519166	      1.26306050	     -2.65652509	      8.17134549	    -10.50594713	      8.42498048	     44.37844515	     90.00000001	      0.00000000	      0.00000000	    -14.70555741	    -10.39532873	     -2.97542963	     50.27244699	     90.00000001	      0.00000000	      0.00000000
      5.87000000	      6.71042229	     -1.60413991	     -5.42636084	      0.49334726	      0.94807950	     -0.14966351	      4.33077888	    -12.48041226	    -14.71745300	     49.04502337	      2.50422872	      0.85599714	      2.77994117	      0.85609701	     -7.50355994	      0.78743803	     -1.34055685	    -22.33502971	     24.26551670	      2.54647731	      0.42351316	     15.97073668	      2.46026722	     -7.50355994	    -16.98183481	      1.38269856	     -2.60439609	      8.04506314	    -10.53237772	      8.35794593	     44.19105925	     90.00000001	      0.00000000	      0.00000000	    -14.73720844	    -10.36221904	     -2.99273995	     50.26221922	     90.00000001	      0.00000000	      0.00000000
      5.88000000	      6.99306552	     -1.92689278	     -5.33803032	      0.49504135	      0.94904196	     -0.15006510	      4.13002622	    -12.13110331	    -14.85845663	     48.53014574	      2.57670110	      0.84701083	      2.64869465	      0.51069855	     -7.50350331	      0.15694224	     -1.63064378	    -22.06319092	     23.94618151	      2.71524304	      0.41793971	     16.06214795	      2.71358787	     -7.50350331	    -17.32596944	      1.66519751	     -2.58783353	      8.08563817	    -10.40137588	      7.91106349	     43.72253181	     90.00000001	      0.00000000	      0.00000000	    -14.72070920	    -10.29231138	     -3.09637927	     50.19809858	     90.00000001	      0.00000000	      0.00000000
      5.89000000	      6.99096611	     -2.02846620	     -5.31509872	      0.49665572	      0.94923545	     -0.15050611	      4.42119334	    -12.14160097	    -15.02241871	     48.27032274	      2.74628974	      0.84247606	      2.73756980	      0.47467248	     -7.50349012	      0.01409729	     -1.68128630	    -22.10627151	     23.88975892	      2.68217708	      0.41695495	     16.09390891	      2.70159046	     -7.50349012	    -17.33036918	      1.72490083	     -2.52519504	      7.92887679	    -10.44248758	      7.86243339	     43.60132015	     90.00000001	      0.00000000	      0.00000000	    -14.75888258	    -10.27305211	     -3.10813959	     50.22327074	     90.00000001	      0.00000000	      0.00000000
      5.90000000	      7.18124792	     -2.34968095	     -5.24878671	      0.49828122	      0.94996559	     -0.15080846	      4.30930379	    -11.77706908	    -15.11631003	     47.55040910	      2.91620237	      0.82991120	      3.00746165	      0.40979676	     -7.50341522	     -0.43001340	     -1.99102277	    -21.98269575	     23.72210723	      2.75966320	      0.41402888	     16.15619495	      2.77435449	     -7.50341522	    -17.57973914	      2.00853261	     -2.45759414	      7.91945273	    -10.34065317	      7.40501596	     43.18820603	     90.00000001	      0.00000000	      0.00000000	    -14.75322432	    -10.21047129	     -3.17107058	     50.18494776	     90.00000001	      0.00000000	      0.00000000
      5.91000000	      7.20794390	     -2.51062632	     -5.23052872	      0.49983380	      0.95026616	     -0.15113678	      4.50893009	    -11.63803713	    -15.21841127	     46.96548442	      3.09812759	      0.81970234	      3.29476793	      0.43501447	     -7.50337604	     -0.62503745	     -2.08853928	    -21.94331175	     23.60941258	      2.71531166	      0.41206198	     16.21102134	      2.77295525	     -7.50337604	    -17.63535380	      2.12418649	     -2.38734901	      7.82523722	    -10.34235075	      7.23391009	     42.93604718	     90.00000001	      0.00000000	      0.00000000	    -14.77780956	    -10.16605048	     -3.17868133	     50.18401452	     90.00000001	      0.00000000	      0.00000000
      5.92000000	      7.17949907	     -2.56504937	     -5.27417945	      0.50134109	      0.95036296	     -0.15134087	      4.86432591	    -11.65737901	    -15.38451990	     46.44859729	      3.27502372	      0.81068096	      3.47653596	      0.43621909	     -7.50336335	     -0.73642778	     -2.09943899	    -21.97075689	     23.54696020	      2.71174936	      0.41097198	     16.26034160	      2.75358114	     -7.50336335	    -17.61834929	      2.11968529	     -2.28371300	      7.69111346	    -10.36977013	      7.18564914	     42.78404022	     90.00000001	      0.00000000	      0.00000000	    -14.81934077	    -10.14744534	     -3.18659392	     50.21033117	     90.00000001	      0.00000000	      0.00000000
      5.93000000	      7.38092762	     -2.90824091	     -5.23529661	      0.50287513	      0.95110422	     -0.15142793	      4.70092056	    -11.19067780	    -15.39957251	     45.35307129	      3.47319679	      0.79156042	      4.00974146	      0.76407251	     -7.50329163	     -1.19747999	     -2.44687581	    -21.78577402	     23.38552113	      2.83175728	      0.40815434	     16.31071530	      2.69608685	     -7.50329163	    -17.89878444	      2.41157964	     -2.19507837	      7.74120462	    -10.23805360	      6.66137514	     42.26594151	     90.00000001	      0.00000000	      0.00000000	    -14.79763400	    -10.08752352	     -3.22493527	     50.15061826	     90.00000001	      0.00000000	      0.00000000
      5.94000000	      7.35545643	     -3.01949803	     -5.26481328	      0.50429238	      0.95124005	     -0.15159374	      4.98869268	    -11.04869361	    -15.44980008	     44.52055513	      3.65960929	      0.77703027	      4.34622563	      0.93327585	     -7.50325789	     -1.30583699	     -2.47387363	    -21.71316004	     23.29075370	      2.74186242	      0.40650034	     16.36361252	      2.64471346	     -7.50325789	    -17.90961368	      2.47418639	     -2.10710225	      7.66697357	    -10.24011894	      6.49920483	     42.03037661	     90.00000001	      0.00000000	      0.00000000	    -14.82663610	    -10.04973795	     -3.22236243	     50.16098831	     90.00000001	      0.00000000	      0.00000000
      5.95000000	      7.30217954	     -3.03269337	     -5.33352075	      0.50576148	      0.95122970	     -0.15161781	      5.39432594	    -11.07829587	    -15.61835571	     43.81026521	      3.85190450	      0.76463337	      4.55958339	      0.99142901	     -7.50324542	     -1.39920901	     -2.46307368	    -21.76784976	     23.21866111	      2.77932721	      0.40524208	     16.43588281	      2.59362654	     -7.50324542	    -17.86991683	      2.41147426	     -1.99419756	      7.53319646	    -10.26310332	      6.44254597	     41.85370997	     90.00000001	      0.00000000	      0.00000000	    -14.86049416	    -10.03146473	     -3.22871620	     50.18349720	     90.00000001	      0.00000000	      0.00000000
      5.96000000	      7.37679024	     -3.32380383	     -5.33822414	      0.50708356	      0.95166590	     -0.15161138	      5.40629511	    -10.63201430	    -15.40352406	     42.52812310	      4.19189854	      0.74225577	      5.10952353	      1.52470166	     -7.50320421	     -1.63930883	     -2.70841269	    -21.55851998	     23.13035292	      2.75442415	      0.40370082	     16.49991310	      2.45235996	     -7.50320421	    -18.03577235	      2.65020701	     -1.90325065	      7.59953736	    -10.21057232	      6.07852504	     41.40612376	     90.00000001	      0.00000000	      0.00000000	    -14.85295339	     -9.99308746	     -3.22796191	     50.10756802	     90.00000001	      0.00000000	      0.00000000
      5.97000000	      7.45456434	     -3.49026988	     -5.38220296	      0.50853071	      0.95200734	     -0.15146250	      5.50716716	    -10.38274531	    -15.55931691	     41.37378848	      4.34019803	      0.72210883	      5.41779211	      2.07215306	     -7.50315008	     -1.92661595	     -2.91669281	    -21.46983384	     23.03488082	      2.94472658	      0.40203451	     16.54759044	      2.24243110	     -7.50315008	    -18.17732563	      2.73627435	     -1.77026465	      7.56404958	    -10.12947816	      5.66097391	     41.03909317	     90.00000001	      0.00000000	      0.00000000	    -14.82829255	     -9.94029786	     -3.25283573	     50.06452010	     90.00000001	      0.00000000	      0.00000000
      5.98000000	      7.37165021	     -3.45118851	     -5.50330472	      0.50981846	      0.95183688	     -0.15136738	      6.02857116	    -10.44616460	    -15.74318415	     40.62113761	      4.49182024	      0.70897260	      5.55841544	      2.17072597	     -7.50313680	     -1.95460434	     -2.84278906	    -21.50165533	     22.98807744	      2.95950016	      0.40121764	     16.61256133	      2.19701376	     -7.50313680	    -18.13040853	      2.61950906	     -1.66468857	      7.48083803	    -10.13894873	      5.62226330	     40.94644470	     90.00000001	      0.00000000	      0.00000000	    -14.86180984	     -9.90453597	     -3.24780321	     50.10340412	     90.00000001	      0.00000000	      0.00000000
      5.99000000	      7.24676900	     -3.43381087	     -5.58884201	      0.51118206	      0.95168307	     -0.15126288	      6.45756971	    -10.37462564	    -15.72675840	     39.51360422	      4.69045086	      0.68964249	      5.76203931	      2.48015268	     -7.50312134	     -1.93462345	     -2.75882368	    -21.47588364	     22.92319034	      2.90964228	      0.40008515	     16.70873225	      2.10784917	     -7.50312134	    -18.02566116	      2.53036765	     -1.56190306	      7.35759746	    -10.15421527	      5.53357123	     40.74266793	     90.00000001	      0.00000000	      0.00000000	    -14.87979558	     -9.88630297	     -3.24785561	     50.12180646	     90.00000001	      0.00000000	      0.00000000
      6.00000000	      7.16000164	     -3.46081755	     -5.69685825	      0.51238421	      0.95156801	     -0.15107014	      6.87828707	    -10.29719780	    -15.72570157	     38.46156482	      4.96294082	      0.67128094	      5.94647444	      2.85369923	     -7.50310637	     -1.94622664	     -2.75627487	    -21.44341885	     22.88720719	      2.89300576	      0.39945712	     16.79797151	      2.00598596	     -7.50310637	    -18.00396847	      2.47895680	     -1.45267234	      7.33636044	    -10.16100351	      5.42968127	     40.56554856	     90.00000001	      0.00000000	      0.00000000	    -14.89267965	     -9.84102523	     -3.23576936	     50.10602239	     90.00000001	      0.00000000	      0.00000000
      6.01000000	      7.24120391	     -3.80244263	     -5.72418055	      0.51356618	      0.95195559	     -0.15080106	      6.81789312	     -9.77584051	    -15.45929533	     36.84297925	      5.39280297	      0.64303129	      6.25211055	      4.17051576	     -7.50306371	     -2.16192254	     -3.13493599	    -21.20729208	     22.93337553	      2.98235527	      0.40026291	     16.87800886	      1.65161537	     -7.50306371	    -18.21510211	      2.78120867	     -1.33352283	      7.44912088	    -10.06010412	      4.98288673	     40.13068266	     90.00000001	      0.00000000	      0.00000000	    -14.79182500	     -9.78816889	     -3.24063296	     49.89713527	     90.00000001	      0.00000000	      0.00000000
      6.02000000	      7.32422833	     -3.97871569	     -5.75968817	      0.51485507	      0.95219749	     -0.15056669	      6.90653090	     -9.45584735	    -15.85704965	     35.48588476	      5.36504382	      0.61934553	      6.46166279	      5.62876883	     -7.50299200	     -2.41439565	     -3.36410910	    -20.99387795	     22.91467445	      3.20961664	      0.39993652	     16.88710619	      1.24436007	     -7.50299200	    -18.40247765	      2.89753120	     -1.23555643	      7.49251603	     -9.98842268	      4.44383864	     39.85805236	     90.00000001	      0.00000000	      0.00000000	    -14.71939897	     -9.70361507	     -3.26643913	     49.77866375	     90.00000001	      0.00000000	      0.00000000
      6.03000000	      7.19108401	     -3.96877328	     -5.84837917	      0.51603047	      0.95193574	     -0.15039997	      7.36267237	     -9.39652020	    -15.91708561	     34.34390418	      5.60573368	      0.59941421	      6.53931534	      6.53565331	     -7.50294804	     -2.33896900	     -3.29296877	    -20.88404320	     22.91336697	      3.14370136	      0.39991370	     16.95662753	      1.06093788	     -7.50294804	    -18.33097079	      2.83624751	     -1.17176725	      7.45434813	     -9.97695102	      4.30867964	     39.73078328	     90.00000001	      0.00000000	      0.00000000	    -14.70226404	     -9.64230105	     -3.24414714	     49.75262775	     90.00000001	      0.00000000	      0.00000000
      6.04000000	      7.06588693	     -3.89761008	     -5.97321982	      0.51718356	      0.95162006	     -0.15004858	      7.86261082	     -9.37976411	    -16.01768960	     33.28340154	      5.79201722	      0.58090494	      6.57600449	      7.15085802	     -7.50292528	     -2.27440803	     -3.20552213	    -20.85473500	     22.93618156	      3.15275573	      0.40031189	     17.03970386	      0.94670358	     -7.50292528	    -18.26724808	      2.68055190	     -1.08003862	      7.41160594	    -10.01032012	      4.23637773	     39.63243279	     90.00000001	      0.00000000	      0.00000000	    -14.68489599	     -9.64562243	     -3.25081855	     49.72495383	     90.00000001	      0.00000000	      0.00000000
      6.05000000	      6.95491634	     -3.83223092	     -6.09130080	      0.51847090	      0.95126844	     -0.14975462	      8.37384254	     -9.42079404	    -16.23083748	     32.36965076	      6.04601931	      0.56495698	      6.60209977	      7.58937284	     -7.50291544	     -2.26982095	     -3.15124894	    -20.95492521	     22.90899551	      3.21859139	      0.39983740	     17.15147731	      0.82853187	     -7.50291544	    -18.20195251	      2.55538833	     -0.99330134	      7.34753497	    -10.05181436	      4.19549395	     39.52098184	     90.00000001	      0.00000000	      0.00000000	    -14.67313253	     -9.61044235	     -3.24778506	     49.69213676	     90.00000001	      0.00000000	      0.00000000
      6.06000000	      7.02444826	     -4.14353677	     -6.04906354	      0.51975142	      0.95146537	     -0.14947802	      8.31950718	     -8.90562180	    -16.83437940	     30.77742513	      5.98355053	      0.53716740	      6.65977886	     10.43077386	     -7.50282836	     -2.41214241	     -3.56475264	    -20.71703763	     23.10198175	      3.36614095	      0.40320565	     17.22898023	      0.35000608	     -7.50282836	    -18.40184659	      2.85010871	     -0.95098673	      7.41528293	    -10.00986287	      3.75918820	     39.33591454	     90.00000001	      0.00000000	      0.00000000	    -14.52620910	     -9.50720714	     -3.27051166	     49.37434869	     90.00000001	      0.00000000	      0.00000000
      6.07000000	      6.86613095	     -4.04418797	     -6.14012225	      0.52087003	      0.95099402	     -0.14931400	      8.82814528	     -8.99032023	    -16.97891032	     29.78718587	      6.33288666	      0.51988447	      6.53057964	     11.54147959	     -7.50278454	     -2.24979628	     -3.40648745	    -20.63602203	     23.18762336	      3.27868742	      0.40470037	     17.32445565	      0.24583034	     -7.50278454	    -18.31224042	      2.72616796	     -0.90020660	      7.40238316	    -10.05612436	      3.71561882	     39.28571380	     90.00000001	      0.00000000	      0.00000000	    -14.48301087	     -9.46178696	     -3.24346595	     49.33370917	     90.00000001	      0.00000000	      0.00000000
      6.08000000	      6.72780205	     -3.97415245	     -6.24323243	      0.52201760	      0.95055345	     -0.14889408	      9.28794865	     -8.96378614	    -17.21394899	     28.76570597	      6.55429627	      0.50205628	      6.36145993	     12.53344264	     -7.50275624	     -2.13006757	     -3.33433898	    -20.59992929	     23.27672567	      3.25073187	      0.40625550	     17.42484760	      0.13343369	     -7.50275624	    -18.24179403	      2.59930054	     -0.84156335	      7.39176404	    -10.09195180	      3.66859051	     39.24275788	     90.00000001	      0.00000000	      0.00000000	    -14.41786588	     -9.45392979	     -3.24258999	     49.24643235	     90.00000001	      0.00000000	      0.00000000
      6.09000000	      6.63367647	     -3.96298957	     -6.31125590	      0.52327381	      0.95019581	     -0.14855586	      9.65062123	     -8.90025636	    -17.62577090	     27.77698348	      6.76992399	      0.48479982	      6.11279281	     13.79065974	     -7.50272563	     -2.06313273	     -3.35087443	    -20.58728516	     23.41169188	      3.26702252	      0.40861111	     17.55279180	     -0.02164609	     -7.50272563	    -18.21974030	      2.56166277	     -0.79206954	      7.38075375	    -10.12884908	      3.59811815	     39.19375431	     90.00000001	      0.00000000	      0.00000000	    -14.32637459	     -9.39111614	     -3.22953823	     49.10034457	     90.00000001	      0.00000000	      0.00000000
      6.10000000	      6.60015071	     -3.88780388	     -6.46672568	      0.52452610	      0.94978508	     -0.14803694	     10.15256572	     -8.93197549	    -18.00556284	     27.30712739	      6.97326258	      0.47659928	      6.09791496	     13.95498027	     -7.50272141	     -2.14671593	     -3.29509380	    -20.67855872	     23.40221331	      3.33351740	      0.40844567	     17.63016475	     -0.06426806	     -7.50272141	    -18.26062728	      2.42550011	     -0.71662181	      7.42672573	    -10.16136246	      3.59603894	     39.17950140	     90.00000001	      0.00000000	      0.00000000	    -14.29166566	     -9.36697302	     -3.22500286	     49.08842512	     90.00000001	      0.00000000	      0.00000000
      6.11000000	      6.54921440	     -3.99443956	     -6.31575446	      0.52618264	      0.94951691	     -0.14791925	     10.24861496	     -8.67488592	    -19.28482589	     26.16333047	      6.73672729	      0.45663626	      5.61999950	     17.14479389	     -7.50263000	     -2.08039857	     -3.47143013	    -20.48568819	     23.68270276	      3.35491342	      0.41334114	     17.83845088	     -0.23534415	     -7.50263000	    -18.24659101	      2.57907504	     -0.78165305	      7.31176082	    -10.20353986	      3.41977994	     39.18634123	     90.00000001	      0.00000000	      0.00000000	    -14.15930415	     -9.29769681	     -3.21500024	     48.81973021	     90.00000001	      0.00000000	      0.00000000
      6.12000000	      6.44020272	     -3.81819424	     -6.40475608	      0.52746346	      0.94898320	     -0.14752975	     10.67792053	     -8.81847048	    -19.59245298	     25.55223202	      7.06946594	      0.44597058	      5.24428453	     17.76838271	     -7.50260544	     -1.98438817	     -3.28049395	    -20.48771731	     23.77448948	      3.32227608	      0.41494312	     17.95694161	     -0.26625030	     -7.50260544	    -18.19229262	      2.36405404	     -0.75357478	      7.30946261	    -10.25605608	      3.43151044	     39.16558246	     90.00000001	      0.00000000	      0.00000000	    -14.06894687	     -9.28121454	     -3.19097621	     48.75768219	     90.00000001	      0.00000000	      0.00000000
      6.13000000	      6.36793627	     -3.72476784	     -6.43627408	      0.52895172	      0.94851810	     -0.14716121	     10.99492732	     -8.84075692	    -20.12860743	     24.97667483	      7.27231559	      0.43592521	      4.75305053	     18.51980204	     -7.50258204	     -1.94454835	     -3.19547479	    -20.46684278	     23.89496027	      3.30549642	      0.41704573	     18.09266398	     -0.33364399	     -7.50258204	    -18.15581734	      2.26412159	     -0.74527958	      7.29060980	    -10.30806950	      3.41820708	     39.14975335	     90.00000001	      0.00000000	      0.00000000	    -13.96391486	     -9.25113207	     -3.16317959	     48.61740907	     90.00000001	      0.00000000	      0.00000000
      6.14000000	      6.37154696	     -3.71738692	     -6.37575049	      0.53063864	      0.94814903	     -0.14687036	     11.19116849	     -8.78012108	    -21.08806526	     24.57018292	      7.28153240	      0.42883059	      4.29861085	     19.71612054	     -7.50253145	     -2.01419096	     -3.23339953	    -20.39787456	     24.01736671	      3.34682790	      0.41918213	     18.25576129	     -0.39409858	     -7.50253145	    -18.19515495	      2.28074769	     -0.78898070	      7.25365391	    -10.35770422	      3.37547798	     39.16249459	     90.00000001	      0.00000000	      0.00000000	    -13.85254904	     -9.20916972	     -3.12226888	     48.46123502	     90.00000001	      0.00000000	      0.00000000
      6.15000000	      6.34796227	     -3.58703978	     -6.38445464	      0.53233035	      0.94768525	     -0.14648920	     11.44184582	     -8.82615475	    -21.65128273	     24.26457747	      7.40291686	      0.42349677	      3.90110132	     20.20267859	     -7.50250510	     -2.06767257	     -3.10653382	    -20.36948179	     24.07717536	      3.35494832	      0.42022598	     18.39071101	     -0.41084644	     -7.50250510	    -18.18789444	      2.15394903	     -0.81545505	      7.23413128	    -10.41044161	      3.36410750	     39.15819162	     90.00000001	      0.00000000	      0.00000000	    -13.77401482	     -9.20392608	     -3.09547887	     48.36989159	     90.00000001	      0.00000000	      0.00000000
      6.16000000	      6.33934756	     -3.48979202	     -6.44728408	      0.53408955	      0.94721109	     -0.14591193	     11.68244875	     -8.79078172	    -21.99324470	     24.11069778	      7.53236052	      0.42081106	      3.83155784	     20.22923067	     -7.50249935	     -2.18316000	     -3.04481509	    -20.41076728	     24.10388583	      3.40729271	      0.42069217	     18.44638217	     -0.42785390	     -7.50249935	    -18.19225734	      2.03916748	     -0.77496963	      7.22516942	    -10.44573921	      3.36398577	     39.14185772	     90.00000001	      0.00000000	      0.00000000	    -13.71695351	     -9.17373463	     -3.08170078	     48.36297052	     90.00000001	      0.00000000	      0.00000000
      6.17000000	      6.34309380	     -3.33901826	     -6.40650917	      0.53614722	      0.94675166	     -0.14547874	     11.79693165	     -8.83659899	    -22.62845023	     23.93107495	      7.58328184	      0.41767605	      3.42630684	     20.37232727	     -7.50248785	     -2.30744042	     -2.93398113	    -20.43027124	     24.14888476	      3.46651787	      0.42147755	     18.62393943	     -0.47044972	     -7.50248785	    -18.14996170	      1.89623342	     -0.80128422	      7.13293705	    -10.50079693	      3.35433427	     39.08875915	     90.00000001	      0.00000000	      0.00000000	    -13.59387476	     -9.16426028	     -3.04908428	     48.24959635	     90.00000001	      0.00000000	      0.00000000
      6.18000000	      6.45393341	     -3.28533823	     -6.16073711	      0.53825461	      0.94648049	     -0.14545833	     11.74250639	     -8.84539291	    -23.71079053	     23.94640584	      7.47807823	      0.41794363	      2.87280190	     21.24847281	     -7.50242581	     -2.52238156	     -2.86762670	    -20.07354315	     24.18156416	      3.49479077	      0.42204791	     18.77787478	     -0.40675723	     -7.50242581	    -18.26191798	      1.93983647	     -1.02226524	      7.10551938	    -10.52924067	      3.27320585	     39.13171501	     90.00000001	      0.00000000	      0.00000000	    -13.48085810	     -9.15996702	     -2.92644468	     48.07504859	     90.00000001	      0.00000000	      0.00000000
      6.19000000	      6.44718125	     -3.19206767	     -6.14256106	      0.54026950	      0.94594971	     -0.14499144	     11.86113434	     -8.74811354	    -23.75138271	     23.94575159	      7.53656720	      0.41793221	      2.86786120	     21.22961160	     -7.50242347	     -2.63236982	     -2.80215551	    -20.06378075	     24.22908047	      3.50151317	      0.42287723	     18.77477358	     -0.39787030	     -7.50242347	    -18.24514067	      1.88370302	     -1.07465469	      7.08629166	    -10.56209824	      3.26397837	     39.13318662	     90.00000001	      0.00000000	      0.00000000	    -13.44082677	     -9.14658874	     -2.91865117	     48.08987601	     90.00000001	      0.00000000	      0.00000000
      6.20000000	      6.62012623	     -3.01422615	     -5.97728849	      0.54271677	      0.94568606	     -0.14476667	     11.75968218	     -8.84460355	    -24.65613603	     24.20752849	      7.33695343	      0.42250108	      2.57641876	     20.94779387	     -7.50239747	     -2.98885930	     -2.60527002	    -19.96737065	     24.18618315	      3.51817397	      0.42212853	     19.06286752	     -0.40111584	     -7.50239747	    -18.35307056	      1.75717514	     -1.19350023	      7.02317536	    -10.59952999	      3.22681586	     39.06231822	     90.00000001	      0.00000000	      0.00000000	    -13.28653752	     -9.14983060	     -2.83085677	     47.89039344	     90.00000001	      0.00000000	      0.00000000
      6.21000000	      6.58980211	     -2.90742880	     -5.93592700	      0.54492636	      0.94511225	     -0.14427338	     11.80263104	     -8.74294715	    -24.66858634	     24.22747419	      7.37105632	      0.42284919	      2.57252953	     20.92949046	     -7.50239544	     -3.08377348	     -2.53616904	    -19.95639267	     24.22800953	      3.53251556	      0.42285854	     19.05760746	     -0.39016961	     -7.50239544	    -18.28928349	      1.70788771	     -1.24423360	      7.00191729	    -10.63128231	      3.21711832	     39.06260881	     90.00000001	      0.00000000	      0.00000000	    -13.24537033	     -9.13488634	     -2.82293014	     47.90788318	     90.00000001	      0.00000000	      0.00000000
      6.22000000	      6.84566911	     -2.71214851	     -5.62633338	      0.54773674	      0.94491015	     -0.14424241	     11.55821991	     -8.84849829	    -25.49495498	     24.67371386	      7.03711393	      0.43063755	      2.63553145	     20.33191596	     -7.50236976	     -3.57811112	     -2.30699594	    -19.68307726	     24.10171206	      3.57822432	      0.42065423	     19.32770784	     -0.28642430	     -7.50236976	    -18.43683674	      1.60973326	     -1.50194177	      6.90058050	    -10.65447660	      3.13398366	     38.97798438	     90.00000001	      0.00000000	      0.00000000	    -13.10468003	     -9.16213787	     -2.69379301	     47.72491704	     90.00000001	      0.00000000	      0.00000000
      6.23000000	      6.81441378	     -2.58030186	     -5.54924929	      0.55028564	      0.94427227	     -0.14375450	     11.51744679	     -8.76297379	    -25.48309856	     24.72068973	      7.01295210	      0.43145743	      2.64018309	     20.29542578	     -7.50236722	     -3.69283012	     -2.22954754	    -19.66573696	     24.14832915	      3.59959612	      0.42146785	     19.32807359	     -0.27426805	     -7.50236722	    -18.30584971	      1.55179301	     -1.56283025	      6.84217583	    -10.69402701	      3.12050618	     38.96084922	     90.00000001	      0.00000000	      0.00000000	    -13.05704624	     -9.13806041	     -2.68143334	     47.74523616	     90.00000001	      0.00000000	      0.00000000
      6.24000000	      7.07019632	     -2.32986522	     -5.25727691	      0.55308924	      0.94406627	     -0.14363707	     11.25910225	     -8.83470250	    -25.98856106	     25.13886609	      6.55921200	      0.43875598	      3.05903909	     19.57310138	     -7.50234903	     -4.16050162	     -1.95735958	    -19.40875611	     24.07508100	      3.64574086	      0.42018943	     19.55833732	     -0.17140968	     -7.50234903	    -18.47809170	      1.38955281	     -1.79352637	      6.73731835	    -10.69875382	      3.03733340	     38.86682877	     90.00000001	      0.00000000	      0.00000000	    -12.91729597	     -9.19016576	     -2.57179427	     47.62386365	     90.00000001	      0.00000000	      0.00000000
      6.25000000	      7.19259147	     -2.12751995	     -4.99959783	      0.55597199	      0.94361671	     -0.14348682	     11.07627372	     -8.89262021	    -26.18896800	     25.49121568	      6.35419229	      0.44490564	      3.47444454	     18.97525925	     -7.50232886	     -4.50396974	     -1.73319501	    -19.13297052	     23.96140598	      3.65303089	      0.41820543	     19.68521328	     -0.05572488	     -7.50232886	    -18.48392359	      1.30489428	     -2.01631969	      6.65221167	    -10.70502586	      2.93377857	     38.79874346	     90.00000001	      0.00000000	      0.00000000	    -12.84097266	     -9.21135002	     -2.44867039	     47.58854651	     90.00000001	      0.00000000	      0.00000000
      6.26000000	      7.30108700	     -1.91030333	     -4.76274454	      0.55883048	      0.94314309	     -0.14325714	     10.89882337	     -8.91730907	    -26.24355502	     25.78188619	      6.09434791	      0.44997880	      3.88813566	     18.42479565	     -7.50231130	     -4.79364539	     -1.51062202	    -18.92551020	     23.91971117	      3.64736850	      0.41747772	     19.79841109	      0.01011773	     -7.50231130	    -18.47561651	      1.20389736	     -2.20363495	      6.56668114	    -10.70890541	      2.84151570	     38.72964060	     90.00000001	      0.00000000	      0.00000000	    -12.75243127	     -9.23976172	     -2.35022320	     47.56366612	     90.00000001	      0.00000000	      0.00000000
      6.27000000	      7.38148336	     -1.70973211	     -4.50809234	      0.56180763	      0.94261662	     -0.14304016	     10.74329282	     -8.95220296	    -26.26915117	     26.10243605	      5.88932551	      0.45557345	      4.43037188	     17.74286667	     -7.50229043	     -5.08436083	     -1.30375744	    -18.69414497	     23.84084404	      3.63449079	      0.41610122	     19.92337950	      0.07961144	     -7.50229043	    -18.43107514	      1.12415046	     -2.40884577	      6.47586892	    -10.71940934	      2.72105917	     38.64890814	     90.00000001	      0.00000000	      0.00000000	    -12.67231590	     -9.26738271	     -2.23309857	     47.54603887	     90.00000001	      0.00000000	      0.00000000
      6.28000000	      7.36346142	     -1.56438622	     -4.30549654	      0.56487125	      0.94198560	     -0.14270826	     10.62045687	     -8.90330247	    -26.13575757	     26.21558916	      5.75084043	      0.45754835	      4.50753895	     17.63628650	     -7.50228635	     -5.23431523	     -1.22446202	    -18.65861695	     23.88659491	      3.63867511	      0.41689973	     19.94005159	      0.09170318	     -7.50228635	    -18.26233528	      1.10888227	     -2.53050782	      6.32025500	    -10.77370273	      2.68974655	     38.58686973	     90.00000001	      0.00000000	      0.00000000	    -12.62171604	     -9.23010332	     -2.20706372	     47.56567928	     90.00000001	      0.00000000	      0.00000000
      6.29000000	      7.55790956	     -1.36336840	     -4.00793038	      0.56775341	      0.94164691	     -0.14251434	     10.40154391	     -8.88934740	    -26.15916363	     26.61821163	      5.30848174	      0.46457543	      5.42075780	     16.72938483	     -7.50227015	     -5.59819104	     -0.97351418	    -18.30744077	     23.87357832	      3.53968749	      0.41667255	     20.17048692	      0.18357144	     -7.50227015	    -18.37700003	      1.04327856	     -2.77065007	      6.30830948	    -10.75211204	      2.56755632	     38.52190530	     90.00000001	      0.00000000	      0.00000000	    -12.47260780	     -9.27393132	     -2.09121351	     47.50043334	     90.00000001	      0.00000000	      0.00000000
      6.30000000	      7.46665279	     -1.05277233	     -3.79363496	      0.57075918	      0.94085161	     -0.14226355	     10.45897712	     -9.12948938	    -25.44664829	     26.99557500	      5.53063633	      0.47116167	      5.97610209	     14.84474905	     -7.50218223	     -5.69411053	     -0.61839250	    -17.95646592	     23.73735753	      3.51329232	      0.41429504	     20.26716951	      0.08975875	     -7.50218223	    -18.12611160	      0.86255612	     -2.93054256	      6.20496082	    -10.66770658	      2.13108626	     38.32678262	     90.00000001	      0.00000000	      0.00000000	    -12.41804349	     -9.37761672	     -1.77884033	     47.57119041	     90.00000001	      0.00000000	      0.00000000
      6.31000000	      7.56498518	     -0.96862180	     -3.53086511	      0.57375013	      0.94044732	     -0.14194873	     10.26657224	     -8.99842250	    -25.31472192	     27.19538498	      5.22375466	      0.47464901	      6.40109284	     14.50362021	     -7.50217007	     -5.93794819	     -0.55346040	    -17.77353630	     23.82145535	      3.42268404	      0.41576283	     20.36719927	      0.10084797	     -7.50217007	    -18.12872770	      0.93132666	     -3.08565415	      6.14188849	    -10.70960682	      2.08407157	     38.28033084	     90.00000001	      0.00000000	      0.00000000	    -12.28930394	     -9.33468559	     -1.74694236	     47.54450247	     90.00000001	      0.00000000	      0.00000000
      6.32000000	      7.62018911	     -0.86863091	     -3.22452622	      0.57691236	      0.93999690	     -0.14165228	     10.09464918	     -8.95183920	    -25.20548437	     27.44232074	      5.02595218	      0.47895885	      7.13539593	     13.81903981	     -7.50214928	     -6.17437248	     -0.49791442	    -17.51881357	     23.82823433	      3.41221805	      0.41588114	     20.57062863	      0.13643584	     -7.50214928	    -18.05967383	      0.99149848	     -3.28376420	      6.04412695	    -10.70580710	      1.99376851	     38.21388510	     90.00000001	      0.00000000	      0.00000000	    -12.17384907	     -9.31847217	     -1.68683897	     47.54087548	     90.00000001	      0.00000000	      0.00000000
      6.33000000	      7.65878382	     -0.76571751	     -2.96148059	      0.58004304	      0.93952817	     -0.14133091	      9.96544062	     -8.92250181	    -24.94235307	     27.68722364	      4.89339639	      0.48323321	      7.68812844	     13.12839736	     -7.50212627	     -6.37457793	     -0.41404726	    -17.27532217	     23.86861459	      3.35079272	      0.41658591	     20.74597812	      0.14986029	     -7.50212627	    -17.98240812	      1.04558245	     -3.45222080	      5.97230372	    -10.74884218	      1.87462994	     38.13754340	     90.00000001	      0.00000000	      0.00000000	    -12.09179770	     -9.30819940	     -1.61484093	     47.55631489	     90.00000001	      0.00000000	      0.00000000
      6.34000000	      7.71605768	     -0.72670270	     -2.71992615	      0.58306550	      0.93916764	     -0.14095931	      9.83191526	     -8.83005319	    -24.65007578	     27.92119568	      4.75018204	      0.48731680	      8.00916244	     12.74240364	     -7.50211408	     -6.57231102	     -0.37249116	    -17.07090668	     23.94107430	      3.20938851	      0.41785057	     20.83840079	      0.15846322	     -7.50211408	    -17.95717242	      1.17000206	     -3.57553163	      5.93688470	    -10.78559290	      1.80262660	     38.08380100	     90.00000001	      0.00000000	      0.00000000	    -11.97593170	     -9.26865148	     -1.56308858	     47.58550811	     90.00000001	      0.00000000	      0.00000000
      6.35000000	      7.75329205	     -0.68841442	     -2.47684696	      0.58617847	      0.93880426	     -0.14046178	      9.69152914	     -8.74639397	    -24.42334993	     28.12547606	      4.62920901	      0.49088216	      8.31001092	     12.43489177	     -7.50210669	     -6.76128350	     -0.37128883	    -16.92431299	     23.99361587	      3.10265852	      0.41876760	     20.92954039	      0.15988865	     -7.50210669	    -17.89249322	      1.27566458	     -3.70303668	      5.87377834	    -10.82942927	      1.74612548	     38.02693048	     90.00000001	      0.00000000	      0.00000000	    -11.86498019	     -9.23328154	     -1.52325291	     47.62008867	     90.00000001	      0.00000000	      0.00000000
      6.36000000	      7.81148582	     -0.65502916	     -2.18484477	      0.58929417	      0.93845447	     -0.14008917	      9.54562333	     -8.69594006	    -24.13665202	     28.42358790	      4.58362431	      0.49608519	      9.12631187	     11.43562879	     -7.50208518	     -6.98470251	     -0.38269959	    -16.64715665	     24.04274418	      3.06212947	      0.41962505	     21.20904204	      0.15502160	     -7.50208518	    -17.86160161	      1.42047148	     -3.87919266	      5.84110622	    -10.82895194	      1.60723755	     37.94377252	     90.00000001	      0.00000000	      0.00000000	    -11.76817918	     -9.22546154	     -1.42277698	     47.67079226	     90.00000001	      0.00000000	      0.00000000
      6.37000000	      7.72489377	     -0.62850344	     -2.02870377	      0.59207688	      0.93796718	     -0.13944276	      9.57704640	     -8.60578504	    -23.05711838	     28.60944282	      4.92209139	      0.49932897	      9.11587421	      9.38684272	     -7.50199767	     -7.00067850	     -0.37242075	    -16.43182193	     24.13936961	      2.95788004	      0.42131148	     21.34465962	      0.05612167	     -7.50199767	    -17.71468405	      1.53094467	     -3.91452900	      5.86371122	    -10.78493381	      1.28020098	     37.78757174	     90.00000001	      0.00000000	      0.00000000	    -11.65866925	     -9.23933017	     -1.21126280	     47.77865853	     90.00000001	      0.00000000	      0.00000000
      6.38000000	      7.80452647	     -0.68357309	     -1.80651691	      0.59510303	      0.93777797	     -0.13886351	      9.40615544	     -8.46405465	    -22.87464369	     28.85173890	      4.82591705	      0.50355784	      9.39493677	      9.19415687	     -7.50198759	     -7.23903065	     -0.45834930	    -16.31593105	     24.20017176	      2.79535384	      0.42237268	     21.41219847	      0.04961083	     -7.50198759	    -17.74123324	      1.73813377	     -4.01365983	      5.87124457	    -10.83672546	      1.25059217	     37.75676777	     90.00000001	      0.00000000	      0.00000000	    -11.53101298	     -9.18145712	     -1.18552520	     47.81721833	     90.00000001	      0.00000000	      0.00000000
      6.39000000	      7.85612972	     -0.72707647	     -1.58830862	      0.59807336	      0.93755344	     -0.13824788	      9.25936339	     -8.34070363	    -22.69765011	     29.08867586	      4.76951379	      0.50769317	      9.67460530	      8.98593523	     -7.50198032	     -7.44456232	     -0.53711902	    -16.20312287	     24.24477109	      2.66435070	      0.42315108	     21.49499086	      0.05882270	     -7.50198032	    -17.74791571	      1.94049823	     -4.10632967	      5.88464546	    -10.86724830	      1.22261188	     37.72417469	     90.00000001	      0.00000000	      0.00000000	    -11.42152188	     -9.14148109	     -1.15111640	     47.88589972	     90.00000001	      0.00000000	      0.00000000
      6.40000000	      7.90792296	     -0.78368338	     -1.38716475	      0.60103600	      0.93733561	     -0.13757905	      9.11593243	     -8.22286422	    -22.53167315	     29.34887618	      4.73688211	      0.51223452	     10.00226710	      8.71873801	     -7.50197314	     -7.66044332	     -0.64316267	    -16.09765516	     24.28824218	      2.53883184	      0.42390980	     21.60028235	      0.07599453	     -7.50197314	    -17.75491972	      2.15146494	     -4.21225579	      5.91861693	    -10.89952095	      1.18852109	     37.68702638	     90.00000001	      0.00000000	      0.00000000	    -11.31225362	     -9.11571274	     -1.10398601	     47.98247227	     90.00000001	      0.00000000	      0.00000000
      6.41000000	      7.84624401	     -0.73207345	     -1.28524943	      0.60402779	      0.93699940	     -0.13667318	      9.04809070	     -8.20724413	    -22.46135109	     29.41248024	      4.69948544	      0.51334462	     10.04003674	      8.68680701	     -7.50197218	     -7.77759163	     -0.66028973	    -16.09099318	     24.31282135	      2.51272030	      0.42433878	     21.61361083	      0.07659036	     -7.50197218	    -17.62623175	      2.20393193	     -4.24717652	      5.92950715	    -10.89460647	      1.18632740	     37.68384863	     90.00000001	      0.00000000	      0.00000000	    -11.22358154	     -9.08913159	     -1.09033406	     48.03301214	     90.00000001	      0.00000000	      0.00000000
      6.42000000	      7.96209211	     -0.89328436	     -1.04346391	      0.60677037	      0.93687451	     -0.13601118	      8.88617291	     -7.99793079	    -22.28136610	     29.86635009	      4.71817678	      0.52126614	     10.56448703	      8.25907680	     -7.50196413	     -8.03742847	     -0.86479810	    -15.97377965	     24.36574494	      2.31047594	      0.42526247	     21.78071670	      0.12079069	     -7.50196413	    -17.76376091	      2.53092015	     -4.38784018	      6.04248985	    -10.92919300	      1.13588762	     37.62385616	     90.00000001	      0.00000000	      0.00000000	    -11.12011313	     -9.05047667	     -0.98338339	     48.21696475	     90.00000001	      0.00000000	      0.00000000
      6.43000000	      7.98979287	     -0.96103686	     -0.87115613	      0.60954830	      0.93661929	     -0.13517321	      8.78925320	     -7.88480009	    -22.17380068	     30.18988375	      4.72504546	      0.52691287	     10.99486603	      7.82734085	     -7.50195543	     -8.21791976	     -1.02491998	    -15.95349041	     24.42491342	      2.22332391	      0.42629516	     21.94130612	      0.19492830	     -7.50195543	    -17.78653812	      2.73883126	     -4.48249874	      6.15038767	    -10.92704337	      1.09703910	     37.56445559	     90.00000001	      0.00000000	      0.00000000	    -11.06028450	     -9.08048854	     -0.87424166	     48.42366856	     90.00000001	      0.00000000	      0.00000000
      6.44000000	      7.95421575	     -0.97761810	     -0.74245815	      0.61226018	      0.93631251	     -0.13425898	      8.74199268	     -7.80397514	    -22.07483414	     30.40892226	      4.71522438	      0.53073582	     11.20242734	      7.59015681	     -7.50194975	     -8.33031844	     -1.12218506	    -15.97228981	     24.47370724	      2.15489517	      0.42714677	     22.02872190	      0.25650751	     -7.50194975	    -17.75193306	      2.86937615	     -4.56768589	      6.22123119	    -10.91643386	      1.07600097	     37.52340573	     90.00000001	      0.00000000	      0.00000000	    -10.95929459	     -9.08821964	     -0.78880789	     48.59533039	     90.00000001	      0.00000000	      0.00000000
      6.45000000	      7.94107919	     -1.04505259	     -0.64584926	      0.61483118	      0.93600786	     -0.13320561	      8.71148313	     -7.68824769	    -22.01195244	     30.73019458	      4.72617577	      0.53634308	     11.48214339	      7.29591902	     -7.50194293	     -8.44094696	     -1.27657146	    -15.99817471	     24.55400854	      2.03158555	      0.42854829	     22.13652350	      0.34479422	     -7.50194293	    -17.76507925	      3.04825406	     -4.62207974	      6.38735884	    -10.89214940	      1.05257433	     37.48922001	     90.00000001	      0.00000000	      0.00000000	    -10.90095244	     -9.10942728	     -0.66569349	     48.80755552	     90.00000001	      0.00000000	      0.00000000
      6.46000000	      7.69438024	     -1.03400969	     -0.62579736	      0.61732745	      0.93517368	     -0.13188945	      9.03916674	     -7.60971631	    -21.75296207	     31.18934712	      4.72635066	      0.54435680	     11.92407033	      6.26305742	     -7.50189553	     -8.14761865	     -1.43031326	    -16.45448487	     24.98794588	      1.84875795	      0.43612193	     22.64297849	      1.17382221	     -7.50189553	    -17.51209446	      3.09673629	     -4.66848383	      6.60373256	    -10.78556163	      0.93135904	     37.23441095	     90.00000001	      0.00000000	      0.00000000	    -11.05130457	     -9.37688008	     -0.06467126	     49.40959420	     90.00000001	      0.00000000	      0.00000000
      6.47000000	      7.66862014	     -1.08267492	     -0.58714205	      0.61987725	      0.93490761	     -0.13073861	      8.98945891	     -7.51557510	    -21.73542555	     31.42455228	      4.74741601	      0.54846190	     12.01248224	      6.17715781	     -7.50188886	     -8.25346499	     -1.55907874	    -16.51595207	     25.05839248	      1.74002571	      0.43735145	     22.67421178	      1.24193972	     -7.50188886	    -17.51878660	      3.23437519	     -4.68501939	      6.73605617	    -10.77012731	      0.91681579	     37.25894204	     90.00000001	      0.00000000	      0.00000000	    -10.93746787	     -9.35746024	     -0.01405605	     49.48382025	     90.00000001	      0.00000000	      0.00000000
      6.48000000	      7.59185669	     -1.12633468	     -0.55055510	      0.62233868	      0.93444544	     -0.12944719	      9.08252398	     -7.39885768	    -21.85993082	     31.81609631	      4.63362707	      0.55529564	     12.37062713	      5.92506969	     -7.50187047	     -8.22687358	     -1.76132742	    -16.77002763	     25.32080217	      1.65793136	      0.44193137	     22.83318390	      1.47565757	     -7.50187047	    -17.48266623	      3.34923714	     -4.71583137	      6.91125508	    -10.72508101	      0.89949724	     37.21911532	     90.00000001	      0.00000000	      0.00000000	    -10.92072981	     -9.44172515	      0.16069164	     49.78297974	     90.00000001	      0.00000000	      0.00000000
      6.49000000	      7.51560823	     -1.15849995	     -0.53365878	      0.62473068	      0.93408296	     -0.12823254	      9.12879536	     -7.29302400	    -21.82934638	     32.08020231	      4.58069243	      0.55990516	     12.50395356	      5.88590620	     -7.50186158	     -8.21528344	     -1.86329265	    -16.79648981	     25.49021415	      1.50568125	      0.44488816	     22.89928443	      1.60710020	     -7.50186158	    -17.45562498	      3.46390672	     -4.74600682	      7.08778855	    -10.68798852	      0.90115953	     37.22739894	     90.00000001	      0.00000000	      0.00000000	    -10.85559970	     -9.47435176	      0.26633597	     49.96072584	     90.00000001	      0.00000000	      0.00000000
      6.50000000	      7.22914460	     -1.16820506	     -0.56423260	      0.62711695	      0.93318034	     -0.12681463	      9.52744705	     -7.20411444	    -21.98654543	     32.55881820	      4.37144956	      0.56825858	     12.94214082	      5.98678436	     -7.50174727	     -7.77417114	     -2.08185983	    -17.59285535	     26.12097318	      1.16349187	      0.45589699	     23.48643324	      2.97767574	     -7.50174727	    -17.17801985	      3.53184332	     -4.74488339	      7.24613684	    -10.61758987	      0.86202108	     37.16780146	     90.00000001	      0.00000000	      0.00000000	    -10.90396589	     -9.67443664	      0.73968148	     50.32290475	     90.00000001	      0.00000000	      0.00000000
      6.51000000	      7.13690593	     -1.11586798	     -0.58716543	      0.62972013	      0.93289805	     -0.12552953	      9.48160082	     -7.17896495	    -21.98148845	     32.59586971	      4.36794027	      0.56890525	     12.95095031	      5.98466038	     -7.50174659	     -7.82562818	     -2.09987532	    -17.56861289	     26.15101769	      1.12899504	      0.45642136	     23.48107552	      2.97984111	     -7.50174659	    -17.09385568	      3.53290605	     -4.73928581	      7.33829326	    -10.59302762	      0.86949505	     37.20303775	     90.00000001	      0.00000000	      0.00000000	    -10.82371354	     -9.67593657	      0.74207499	     50.36403026	     90.00000001	      0.00000000	      0.00000000
      6.52000000	      7.16230053	     -1.18871966	     -0.59962074	      0.63171912	      0.93274445	     -0.12420453	      9.48733797	     -7.01242720	    -21.94949098	     32.96170444	      4.28925924	      0.57529027	     13.16535612	      5.92566685	     -7.50174052	     -7.83265701	     -2.23710604	    -17.44614632	     26.45171494	      0.96617743	      0.46166952	     23.45360607	      2.95843756	     -7.50174052	    -17.25352553	      3.68979848	     -4.76577015	      7.61929947	    -10.54998116	      0.89939599	     37.24587175	     90.00000001	      0.00000000	      0.00000000	    -10.73983173	     -9.72078722	      0.80592352	     50.60034373	     90.00000001	      0.00000000	      0.00000000
      6.53000000	      6.90724517	     -1.18584073	     -0.58562707	      0.63393746	      0.93199322	     -0.12278501	      9.81074636	     -6.92940371	    -22.14566279	     33.36267619	      4.09939449	      0.58228855	     13.69845386	      5.78163024	     -7.50171940	     -7.40462146	     -2.45624661	    -17.53768015	     27.11755884	      0.93315361	      0.47329069	     23.55499563	      2.81328131	     -7.50171940	    -17.03376076	      3.74194262	     -4.88271487	      7.83785558	    -10.46193026	      1.03017185	     37.18237304	     90.00000001	      0.00000000	      0.00000000	    -10.89799290	     -9.89079895	      1.04080096	     51.17199643	     90.00000001	      0.00000000	      0.00000000
      6.54000000	      6.84156900	     -1.15968545	     -0.66105221	      0.63619861	      0.93184955	     -0.12142958	      9.79899608	     -6.86129732	    -22.09476610	     33.47101347	      4.07544127	      0.58417939	     13.73334280	      5.79836950	     -7.50171615	     -7.39534514	     -2.46032741	    -17.42655828	     27.25846181	      0.82040548	      0.47574991	     23.54350344	      2.82456257	     -7.50171615	    -17.03278581	      3.77762505	     -4.86056003	      8.02133992	    -10.41700126	      1.05810102	     37.24170469	     90.00000001	      0.00000000	      0.00000000	    -10.81222007	     -9.90708236	      1.07068366	     51.23626769	     90.00000001	      0.00000000	      0.00000000
      6.55000000	      6.79830051	     -1.13736960	     -0.69375370	      0.63832480	      0.93168863	     -0.12012958	      9.80938543	     -6.77391281	    -22.01041639	     33.66947755	      4.00634678	      0.58764324	     13.88558858	      5.79161796	     -7.50171031	     -7.30867285	     -2.50514471	    -17.29718431	     27.62095571	      0.70272033	      0.48207662	     23.49946291	      2.79220601	     -7.50171031	    -17.07518311	      3.82204620	     -4.87670315	      8.22493340	    -10.39248507	      1.10966913	     37.29266672	     90.00000001	      0.00000000	      0.00000000	    -10.75444053	     -9.95248202	      1.13373381	     51.39503448	     90.00000001	      0.00000000	      0.00000000
      6.56000000	      6.44832556	     -1.13778470	     -0.69217827	      0.64041107	      0.93093298	     -0.11878819	     10.18153043	     -6.69152808	    -22.04308382	     33.94043282	      3.94575827	      0.59237230	     14.32968510	      5.72422054	     -7.50168462	     -6.68432632	     -2.69700435	    -17.31924079	     28.41960616	      0.59589935	      0.49601570	     23.52972407	      2.49983022	     -7.50168462	    -16.75026342	      3.89243759	     -4.98293919	      8.39189562	    -10.36358848	      1.35515764	     37.31684236	     90.00000001	      0.00000000	      0.00000000	    -10.88624384	    -10.08449566	      1.35237124	     51.82919201	     90.00000001	      0.00000000	      0.00000000
      6.57000000	      6.39377357	     -1.08310062	     -0.81282142	      0.64263892	      0.93094697	     -0.11740487	     10.13181763	     -6.65547838	    -22.01185288	     33.98962121	      3.92319564	      0.59323080	     14.35867100	      5.72693653	     -7.50168206	     -6.68069483	     -2.67427243	    -17.20703824	     28.57220589	      0.51816911	      0.49867907	     23.49219237	      2.50359652	     -7.50168206	    -16.75781993	      3.89350065	     -4.93187541	      8.56783313	    -10.31934274	      1.38828398	     37.39053562	     90.00000001	      0.00000000	      0.00000000	    -10.82450449	    -10.07889824	      1.36493258	     51.86540184	     90.00000001	      0.00000000	      0.00000000
      6.58000000	      6.36119967	     -1.02213295	     -0.84491804	      0.64455622	      0.93096312	     -0.11606591	     10.09015473	     -6.58554921	    -21.88358595	     34.07133145	      3.86577270	      0.59465691	     14.54507557	      5.72705520	     -7.50167343	     -6.49684315	     -2.71672852	    -17.08043880	     29.13272656	      0.41445280	      0.50846200	     23.32011145	      2.38386535	     -7.50167343	    -16.83016169	      3.88679079	     -4.97044694	      8.73422287	    -10.31389799	      1.50017739	     37.48690882	     90.00000001	      0.00000000	      0.00000000	    -10.75465001	    -10.11736369	      1.38228794	     52.03842196	     90.00000001	      0.00000000	      0.00000000
      6.59000000	      6.06842852	     -1.05972588	     -0.87839973	      0.64660038	      0.93056791	     -0.11483796	     10.27903242	     -6.45059215	    -21.86728611	     34.09315439	      3.88564614	      0.59503780	     14.81669201	      5.71129054	     -7.50164721	     -5.96260325	     -2.89946559	    -17.07863281	     29.84524870	      0.31763311	      0.52089786	     23.14977373	      1.92271092	     -7.50164721	    -16.56456636	      4.03474254	     -5.00844128	      8.87185695	    -10.36220752	      1.86533949	     37.65395564	     90.00000001	      0.00000000	      0.00000000	    -10.85010426	    -10.13615149	      1.39302071	     52.29711588	     90.00000001	      0.00000000	      0.00000000
      6.60000000	      6.02704078	     -0.96648664	     -0.98653612	      0.64859822	      0.93075997	     -0.11348191	     10.18753199	     -6.43111685	    -21.81366343	     34.06374813	      3.84127613	      0.59452456	     14.87887033	      5.73084413	     -7.50163962	     -5.85850714	     -2.86398203	    -16.96939382	     30.20477987	      0.25678162	      0.52717286	     23.00438449	      1.83678698	     -7.50163962	    -16.60329560	      3.99767331	     -4.95707941	      9.02792089	    -10.35506550	      1.97284228	     37.76137304	     90.00000001	      0.00000000	      0.00000000	    -10.78939178	    -10.13202522	      1.36763097	     52.35942394	     90.00000001	      0.00000000	      0.00000000
      6.61000000	      5.93700472	     -0.91364110	     -1.06209245	      0.65054481	      0.93091404	     -0.11218078	     10.09462985	     -6.38387505	    -21.79526105	     33.94735875	      3.86662874	      0.59249318	     15.00728580	      5.79814094	     -7.50162940	     -5.60900398	     -2.90997860	    -16.94555775	     30.74990655	      0.16720882	      0.53668711	     22.71729384	      1.61576344	     -7.50162940	    -16.58608376	      4.02069619	     -4.94720723	      9.16284481	    -10.37019052	      2.14980040	     37.92447193	     90.00000001	      0.00000000	      0.00000000	    -10.77857344	    -10.11872608	      1.30864343	     52.48369014	     90.00000001	      0.00000000	      0.00000000
      6.62000000	      5.78832888	     -0.92040586	     -1.13358219	      0.65246985	      0.93101086	     -0.11095387	     10.03422706	     -6.27606234	    -21.82350278	     33.76363067	      3.89395315	      0.58928652	     15.14416883	      5.95091733	     -7.50161430	     -5.23913459	     -3.04154558	    -16.98226488	     31.41612797	      0.06161488	      0.54831487	     22.34235448	      1.22846394	     -7.50161430	    -16.50078793	      4.13228602	     -4.95590852	      9.28048859	    -10.43958752	      2.44559005	     38.15590548	     90.00000001	      0.00000000	      0.00000000	    -10.81484230	    -10.07384550	      1.19569297	     52.62047390	     90.00000001	      0.00000000	      0.00000000
      6.63000000	      5.63621344	     -0.94351598	     -1.22414116	      0.65436167	      0.93117158	     -0.10970579	      9.96979735	     -6.13847274	    -21.92294813	     33.55255249	      3.86007508	      0.58560251	     15.24360275	      6.20445005	     -7.50159288	     -4.85907215	     -3.19011834	    -16.98340124	     32.09322523	     -0.01515039	      0.56013245	     21.95404631	      0.75076455	     -7.50159288	    -16.41345216	      4.25983011	     -4.92146603	      9.36614316	    -10.55845412	      2.87065958	     38.42446430	     90.00000001	      0.00000000	      0.00000000	    -10.83422941	     -9.98596783	      1.02607176	     52.72390362	     90.00000001	      0.00000000	      0.00000000
      6.64000000	      5.51229979	     -0.94066559	     -1.32167083	      0.65622375	      0.93143600	     -0.10848207	      9.86486079	     -6.01397209	    -22.12135259	     33.30489903	      3.73932568	      0.58128015	     15.34034708	      6.62713737	     -7.50155772	     -4.50040751	     -3.31280085	    -16.91784219	     32.78338080	     -0.03331889	      0.57217793	     21.53431315	      0.17899047	     -7.50155772	    -16.35644728	      4.36145303	     -4.87435089	      9.43163321	    -10.75188416	      3.44140329	     38.73928822	     90.00000001	      0.00000000	      0.00000000	    -10.84497750	     -9.89137334	      0.79573924	     52.80126904	     90.00000001	      0.00000000	      0.00000000
      6.65000000	      5.50061421	     -0.75957716	     -1.50006898	      0.65805901	      0.93195259	     -0.10718100	      9.65672409	     -6.12391610	    -22.18916962	     33.10072402	      3.71855622	      0.57771662	     15.37556643	      6.74252248	     -7.50155164	     -4.33216824	     -3.20045917	    -16.87612052	     33.30813586	     -0.03989051	      0.58133664	     21.24746845	      0.10606665	     -7.50155164	    -16.42933893	      4.24081112	     -4.73638075	      9.54420465	    -10.78266430	      3.53204663	     38.85191025	     90.00000001	      0.00000000	      0.00000000	    -10.80152627	     -9.84579021	      0.74461514	     52.86464133	     90.00000001	      0.00000000	      0.00000000
      6.66000000	      5.33330195	     -0.87982200	     -1.54852891	      0.65986096	      0.93222425	     -0.10601296	      9.51236486	     -5.86470916	    -22.56261828	     32.69649018	      3.59296715	      0.57066141	     15.49576630	      7.53742194	     -7.50151613	     -3.75714200	     -3.52927844	    -16.96071405	     34.32669483	     -0.15866761	      0.59911385	     20.53678684	     -0.62637812	     -7.50151613	    -16.32676637	      4.50040048	     -4.74307960	      9.58450340	    -10.99619329	      4.13169988	     39.30760838	     90.00000001	      0.00000000	      0.00000000	    -10.88558184	     -9.69809235	      0.46806868	     52.97489411	     90.00000001	      0.00000000	      0.00000000
      6.67000000	      5.27933363	     -0.81747495	     -1.62574110	      0.66166103	      0.93274245	     -0.10495708	      9.22859686	     -5.92154933	    -22.80170911	     32.36040942	      3.71940474	      0.56479569	     15.56868512	      7.99182363	     -7.50149863	     -3.34237952	     -3.59445115	    -16.98080204	     35.20801435	     -0.29079053	      0.61449577	     19.87410451	     -0.91111646	     -7.50149863	    -16.34421507	      4.56202950	     -4.70300316	      9.65015225	    -11.11742081	      4.36343238	     39.56892214	     90.00000001	      0.00000000	      0.00000000	    -10.92197713	     -9.64202028	      0.34209319	     53.10012783	     90.00000001	      0.00000000	      0.00000000
      6.68000000	      5.16983867	     -0.82830377	     -1.73118140	      0.66341192	      0.93315284	     -0.10376289	      9.03859022	     -5.79528480	    -23.21245715	     31.96581892	      3.56274534	      0.55790879	     15.65526513	      8.77166292	     -7.50147007	     -2.79047419	     -3.80756047	    -16.98988806	     36.29421601	     -0.36504227	      0.63345357	     19.18584730	     -1.45240396	     -7.50147007	    -16.30556920	      4.68574651	     -4.62870117	      9.68915019	    -11.32374506	      4.80578923	     39.94455304	     90.00000001	      0.00000000	      0.00000000	    -10.98032237	     -9.52054058	      0.14271195	     53.20735548	     90.00000001	      0.00000000	      0.00000000
      6.69000000	      5.23393455	     -0.57779609	     -1.94824429	      0.66509224	      0.93389471	     -0.10243985	      8.71770160	     -6.00740421	    -23.33891614	     31.70239255	      3.56185061	      0.55331113	     15.67363137	      8.98739552	     -7.50146420	     -2.50442092	     -3.68644734	    -16.92795233	     37.18426225	     -0.35419839	      0.64898781	     18.72709790	     -1.50847367	     -7.50146420	    -16.46886890	      4.47619179	     -4.42562301	      9.76633179	    -11.40329864	      4.89704729	     40.06441200	     90.00000001	      0.00000000	      0.00000000	    -10.93666184	     -9.49627119	      0.07195666	     53.28451114	     90.00000001	      0.00000000	      0.00000000
      6.70000000	      5.07479057	     -0.71453284	     -1.91893327	      0.66682371	      0.93421524	     -0.10160695	      8.44443385	     -5.86979179	    -23.78066783	     31.20448738	      3.74558944	      0.54462105	     15.74067813	      9.82443064	     -7.50144707	     -1.64198155	     -4.08521925	    -16.99925311	     38.69848411	     -0.64934954	      0.67541596	     17.56589953	     -2.01062207	     -7.50144707	    -16.36179437	      4.80495958	     -4.50115434	      9.79465876	    -11.60265603	      5.21367790	     40.54357478	     90.00000001	      0.00000000	      0.00000000	    -11.09368768	     -9.36579012	     -0.07568545	     53.50180022	     90.00000001	      0.00000000	      0.00000000
      6.71000000	      5.01765442	     -0.68581208	     -1.98799258	      0.66842432	      0.93467877	     -0.10052956	      8.17560829	     -5.84627363	    -24.18014293	     30.82901385	      3.71169934	      0.53806780	     15.79551333	     10.58510941	     -7.50143060	     -0.90395435	     -4.32773414	    -16.91393255	     40.19224839	     -0.72973035	      0.70148707	     16.66277120	     -2.41469223	     -7.50143060	    -16.39896080	      4.90439787	     -4.43734177	      9.81743042	    -11.80531180	      5.54841479	     40.91139951	     90.00000001	      0.00000000	      0.00000000	    -11.16485516	     -9.31161154	     -0.22161178	     53.63658917	     90.00000001	      0.00000000	      0.00000000
      6.72000000	      4.94795399	     -0.67142215	     -2.05227652	      0.67005672	      0.93509923	     -0.09953429	      7.91635327	     -5.84225672	    -24.59991604	     30.46589115	      3.74089381	      0.53173011	     15.86391798	     11.34211757	     -7.50141449	     -0.10300986	     -4.57095350	    -16.74980004	     41.76150852	     -0.85408959	      0.72887582	     15.67840130	     -2.78970342	     -7.50141449	    -16.40920768	      5.02833247	     -4.38914386	      9.83734768	    -12.02614732	      5.85480834	     41.27542894	     90.00000001	      0.00000000	      0.00000000	    -11.27204112	     -9.25754048	     -0.33746736	     53.80281961	     90.00000001	      0.00000000	      0.00000000
      6.73000000	      4.89323437	     -0.62744595	     -2.10807724	      0.67163880	      0.93548731	     -0.09859201	      7.65603362	     -5.87568336	    -24.99497213	     30.14049058	      3.76541430	      0.52605080	     15.94480445	     12.06027803	     -7.50139674	      0.77698613	     -4.79840211	    -16.52940594	     43.47849044	     -0.97800987	      0.75884281	     14.64584007	     -3.13932369	     -7.50139674	    -16.42889425	      5.11797457	     -4.32392489	      9.85419130	    -12.23724732	      6.14244018	     41.62177232	     90.00000001	      0.00000000	      0.00000000	    -11.34033150	     -9.17446518	     -0.41648523	     53.99923344	     90.00000001	      0.00000000	      0.00000000
      6.74000000	      4.72962507	     -0.66707451	     -2.12615842	      0.67319983	      0.93559432	     -0.09755420	      7.61010428	     -5.70123654	    -25.65883651	     29.89125247	      3.38184880	      0.52170077	     16.05946048	     13.26005978	     -7.50135696	      1.89114100	     -5.18451624	    -15.95427250	     45.44955502	     -0.86306709	      0.79324438	     13.62546414	     -3.96865207	     -7.50135696	    -16.32961399	      5.28908863	     -4.25663130	      9.76047424	    -12.58374680	      6.72511350	     42.03357174	     90.00000001	      0.00000000	      0.00000000	    -11.45989354	     -9.11323043	     -0.53718507	     54.14832603	     90.00000001	      0.00000000	      0.00000000
      6.75000000	      4.65636453	     -0.61600741	     -2.12245145	      0.67458402	      0.93583644	     -0.09676084	      7.39339848	     -5.78613608	    -26.03816513	     29.61968628	      3.49784437	      0.51696105	     16.17036012	     13.93710604	     -7.50132539	      2.97568194	     -5.39816702	    -15.49928704	     47.39896551	     -0.97351055	      0.82726801	     12.35367136	     -4.33860483	     -7.50132539	    -16.35441508	      5.38764025	     -4.26381341	      9.81732459	    -12.78095606	      6.93143826	     42.38695333	     90.00000001	      0.00000000	      0.00000000	    -11.55750290	     -9.10392385	     -0.57263334	     54.41837665	     90.00000001	      0.00000000	      0.00000000
      6.76000000	      4.89495913	     -0.29853442	     -2.35630262	      0.67602184	      0.93658339	     -0.09562637	      6.96613113	     -6.16173555	    -26.00398420	     29.52031494	      3.62709106	      0.51522669	     16.18469075	     14.11282702	     -7.50131654	      3.54325863	     -5.26362435	    -15.23089833	     49.01240688	     -1.04657785	      0.85542787	     11.60028350	     -4.19916381	     -7.50131654	    -16.73868730	      5.09544578	     -4.02145205	      9.89546219	    -12.91835996	      6.94208977	     42.50253681	     90.00000001	      0.00000000	      0.00000000	    -11.50552999	     -9.13005289	     -0.60933259	     54.55817025	     90.00000001	      0.00000000	      0.00000000
      6.77000000	      4.67607111	     -0.47711831	     -2.12213649	      0.67746836	      0.93634850	     -0.09532103	      6.80270419	     -6.10985343	    -26.31937879	     29.26079560	      4.12279884	      0.51069723	     16.35708036	     14.57203920	     -7.50129755	      5.07901666	     -5.76818455	    -14.70919750	     51.35604731	     -1.34244265	      0.89633212	      9.93006880	     -4.26990015	     -7.50129755	    -16.57941078	      5.52867094	     -4.23433582	      9.91793870	    -13.15653172	      7.01906549	     42.92284500	     90.00000001	      0.00000000	      0.00000000	    -11.77401390	     -9.10101780	     -0.56173762	     54.94550344	     90.00000001	      0.00000000	      0.00000000
      6.78000000	      4.52157501	     -0.54247390	     -2.07693539	      0.67875185	      0.93615202	     -0.09446588	      6.79510031	     -5.99070015	    -26.54297350	     29.15689184	      4.11401125	      0.50888376	     16.45374646	     14.91017240	     -7.50127577	      6.46849052	     -6.14243347	    -13.99416856	     53.56501094	     -1.35089247	      0.93488580	      8.78367465	     -4.47723755	     -7.50127577	    -16.51757051	      5.73219550	     -4.20986869	      9.91072508	    -13.37730896	      7.19337215	     43.21828604	     90.00000001	      0.00000000	      0.00000000	    -11.89281151	     -9.10631844	     -0.53496931	     55.21319549	     90.00000001	      0.00000000	      0.00000000
      6.79000000	      4.25986414	     -0.60646883	     -2.02149318	      0.67988560	      0.93566837	     -0.09373528	      7.01316029	     -5.80386430	    -26.75016161	     29.13684542	      3.88993958	      0.50853389	     16.55515618	     15.18179217	     -7.50124306	      8.02653200	     -6.50108551	    -12.90307096	     55.80036965	     -1.01652648	      0.97390017	      7.75906679	     -4.97454987	     -7.50124306	    -16.34744816	      5.95010004	     -4.20657802	      9.89500349	    -13.65313333	      7.44788145	     43.50801081	     90.00000001	      0.00000000	      0.00000000	    -12.01244198	     -9.10504640	     -0.49153723	     55.45996029	     90.00000001	      0.00000000	      0.00000000
      6.80000000	      4.37044947	     -0.52597013	     -1.99381590	      0.68128812	      0.93577891	     -0.09315057	      6.72694314	     -6.02688061	    -26.70979343	     29.22301613	      4.26863241	      0.51003785	     16.70490881	     15.26033628	     -7.50122532	      9.04084399	     -6.61665853	    -12.33479594	     57.65997598	     -1.04534004	      1.00635643	      6.82061520	     -4.90705584	     -7.50122532	    -16.57646113	      5.99557683	     -4.21546525	      9.97435465	    -13.83380101	      7.44132998	     43.68047684	     90.00000001	      0.00000000	      0.00000000	    -12.09957469	     -9.11404470	     -0.45124909	     55.68771404	     90.00000001	      0.00000000	      0.00000000
      6.81000000	      4.05946101	     -0.62342203	     -1.91250250	      0.68226640	      0.93501245	     -0.09241864	      7.06314852	     -5.80660162	    -26.76672061	     29.30417470	      4.09941284	      0.51145433	     16.86088628	     15.18610553	     -7.50119327	     10.72748973	     -6.91650129	    -11.13241184	     59.76379475	     -0.71846327	      1.04307499	      5.90614987	     -5.24202454	     -7.50119327	    -16.36049486	      6.22950276	     -4.23000032	      9.98639729	    -14.02561872	      7.57396874	     43.89941052	     90.00000001	      0.00000000	      0.00000000	    -12.23838318	     -9.16041671	     -0.37302621	     56.02095932	     90.00000001	      0.00000000	      0.00000000
      6.82000000	      4.05037345	     -0.59890461	     -1.79996337	      0.68357528	      0.93471445	     -0.09198912	      7.00313424	     -5.88131702	    -26.63546133	     29.47852553	      4.28585416	      0.51449733	     17.04337654	     15.04966679	     -7.50116875	     11.94440548	     -7.04033425	    -10.33878630	     61.49892780	     -0.56234701	      1.07335878	      5.21547007	     -5.34537209	     -7.50116875	    -16.44892913	      6.34338599	     -4.27838716	     10.03231597	    -14.24857490	      7.55732771	     44.00952147	     90.00000001	      0.00000000	      0.00000000	    -12.34470873	     -9.18232186	     -0.31021258	     56.27211628	     90.00000001	      0.00000000	      0.00000000
      6.83000000	      3.80908892	     -0.65678068	     -1.72532032	      0.68452187	      0.93386572	     -0.09134193	      7.37461226	     -5.75668971	    -26.44280641	     29.81683036	      4.23216288	      0.52040186	     17.16878435	     14.55947369	     -7.50112174	     13.48331152	     -7.29565011	     -9.07612490	     63.26787349	      0.11692206	      1.10423270	      4.75070129	     -5.92519881	     -7.50112174	    -16.31069171	      6.52204146	     -4.26821668	     10.08568033	    -14.44180169	      7.60088062	     44.08187563	     90.00000001	      0.00000000	      0.00000000	    -12.41759752	     -9.22392893	     -0.23328279	     56.47402034	     90.00000001	      0.00000000	      0.00000000
      6.84000000	      3.97720799	     -0.60089937	     -1.65721889	      0.68589067	      0.93378153	     -0.09086157	      7.12689929	     -5.89424060	    -26.25632650	     30.00781443	      4.48242830	      0.52373516	     17.37041080	     14.40291849	     -7.50110570	     14.40030706	     -7.29599433	     -8.74613157	     64.52303552	     -0.01919984	      1.12613941	      4.39944115	     -5.85867173	     -7.50110570	    -16.60253037	      6.56458511	     -4.30197555	     10.18503881	    -14.58312291	      7.50249849	     44.13450598	     90.00000001	      0.00000000	      0.00000000	    -12.50177568	     -9.27623895	     -0.18918058	     56.72480292	     90.00000001	      0.00000000	      0.00000000
      6.85000000	      4.23507360	     -0.39144484	     -1.80166422	      0.68723391	      0.93392831	     -0.09000346	      6.93767589	     -6.03655110	    -25.89948884	     30.23545767	      4.34927808	      0.52770829	     17.32062124	     14.28030173	     -7.50109199	     15.02827885	     -7.13293361	     -8.60918001	     65.35883595	     -0.03781820	      1.14072688	      4.33576261	     -5.63362320	     -7.50109199	    -17.02066207	      6.35414689	     -4.10959647	     10.23464328	    -14.74516005	      7.43524098	     44.18807774	     90.00000001	      0.00000000	      0.00000000	    -12.49077498	     -9.31768610	     -0.19225486	     56.82421359	     90.00000001	      0.00000000	      0.00000000
      6.86000000	      3.70407124	     -0.64704195	     -1.51294629	      0.68795744	      0.93222205	     -0.08965149	      7.67725611	     -5.73614865	    -25.56491394	     30.76470419	      4.51031828	      0.53694538	     17.71859905	     13.08591679	     -7.50103504	     17.02416210	     -7.57009454	     -7.43907598	     66.83184834	      0.61108197	      1.16643580	      4.38789040	     -6.44584594	     -7.50103504	    -16.55080784	      6.78184991	     -4.30749460	     10.35459793	    -14.83298313	      7.29751281	     44.02333010	     90.00000001	      0.00000000	      0.00000000	    -12.65075120	     -9.38313879	     -0.03109793	     57.13044433	     90.00000001	      0.00000000	      0.00000000
      6.87000000	      3.96511186	     -0.52802448	     -1.53026308	      0.68921776	      0.93226427	     -0.08896535	      7.45847328	     -5.80884367	    -25.27766595	     30.99551845	      4.45783818	      0.54097385	     17.71864981	     12.98406655	     -7.50102423	     17.65433335	     -7.51088996	     -7.45711555	     67.32559236	      0.57186171	      1.17505326	      4.47362951	     -6.35571254	     -7.50102423	    -16.97695825	      6.67573550	     -4.22236874	     10.41415798	    -14.97159325	      7.22594571	     44.04566377	     90.00000001	      0.00000000	      0.00000000	    -12.60817524	     -9.43669226	     -0.03505816	     57.23870410	     90.00000001	      0.00000000	      0.00000000
      6.88000000	      3.73416438	     -0.63581060	     -1.36820493	      0.69019613	      0.93111123	     -0.08849855	      7.87167954	     -5.68199064	    -24.75222508	     31.52369190	      4.68142070	      0.55019222	     18.09617466	     11.78978626	     -7.50097147	     19.05919442	     -7.68261700	     -7.23277351	     68.00556061	      0.58907234	      1.18692094	      4.90649498	     -7.21362462	     -7.50097147	    -16.83413205	      6.87049214	     -4.34433767	     10.57480172	    -14.96288798	      6.94507229	     43.74677642	     90.00000001	      0.00000000	      0.00000000	    -12.77004710	     -9.51595932	      0.07863135	     57.54273912	     90.00000001	      0.00000000	      0.00000000
      6.89000000	      3.90646851	     -0.56883268	     -1.35807357	      0.69153211	      0.93100795	     -0.08780963	      7.73229717	     -5.68249496	    -24.50912105	     31.72153921	      4.62410766	      0.55364530	     18.01951555	     11.75011308	     -7.50096294	     19.67825177	     -7.70684207	     -7.31441687	     67.95302885	      0.67770668	      1.18600409	      4.96769524	     -7.04955857	     -7.50096294	    -17.14917195	      6.81393334	     -4.29632306	     10.57879410	    -15.07601694	      6.89716389	     43.80576331	     90.00000001	      0.00000000	      0.00000000	    -12.79192269	     -9.54825573	      0.07483317	     57.58157196	     90.00000001	      0.00000000	      0.00000000
      6.90000000	      4.11847104	     -0.70715356	     -1.17504804	      0.69270586	      0.93052885	     -0.08750134	      7.57325259	     -5.56962155	    -24.39260161	     32.16446203	      4.71590178	      0.56137576	     18.46533874	     11.34264272	     -7.50095436	     20.46409732	     -7.90654614	     -7.76310688	     68.18230962	      0.29757212	      1.19000579	      5.97936976	     -7.75668611	     -7.50095436	    -17.49550264	      7.02407228	     -4.38006527	     10.80044677	    -15.16768589	      6.75278498	     43.52939937	     90.00000001	      0.00000000	      0.00000000	    -12.79981249	     -9.62178366	      0.14099148	     57.77828737	     90.00000001	      0.00000000	      0.00000000
      6.91000000	      4.22690784	     -0.68673407	     -1.05714463	      0.69379789	      0.93016418	     -0.08696626	      7.52432678	     -5.51160032	    -24.14056371	     32.38987357	      4.67736106	      0.56530994	     18.43954001	     11.24058531	     -7.50094545	     21.18704450	     -8.00831162	     -7.98167283	     67.87655769	      0.40395735	      1.18466942	      6.15956903	     -7.68656420	     -7.50094545	    -17.74656304	      7.01537022	     -4.41216877	     10.83923655	    -15.26375879	      6.68879736	     43.55347737	     90.00000001	      0.00000000	      0.00000000	    -12.74282523	     -9.68440710	      0.13801548	     57.87689122	     90.00000001	      0.00000000	      0.00000000
      6.92000000	      4.06832476	     -0.62961397	     -1.16678807	      0.69479605	      0.92908015	     -0.08616712	      8.00742568	     -5.50768999	    -23.37603399	     33.07838697	      4.75686747	      0.57732676	     18.91150628	      9.94422518	     -7.50092246	     22.19172111	     -7.99395469	     -9.08073699	     67.45353770	     -0.31595788	      1.17728633	      7.28346246	     -8.66175705	     -7.50092246	    -17.69025499	      6.90345548	     -4.37310166	     11.16309459	    -15.09220022	      6.28142208	     42.80610691	     90.00000001	      0.00000000	      0.00000000	    -12.92681031	     -9.79674501	      0.20893094	     58.14231065	     90.00000001	      0.00000000	      0.00000000
      6.93000000	      4.16007106	     -0.67606149	     -1.06632695	      0.69605932	      0.92858939	     -0.08574106	      7.97199423	     -5.41430623	    -23.02815592	     33.39593081	      4.85184955	      0.58286895	     19.09684698	      9.27718782	     -7.50090726	     22.84721589	     -8.08879334	     -9.73160671	     66.79049646	     -0.60187484	      1.16571407	      7.92050997	     -9.05190885	     -7.50090726	    -17.89002156	      6.95406597	     -4.41116929	     11.28385405	    -15.07461953	      6.05789652	     42.51974345	     90.00000001	      0.00000000	      0.00000000	    -12.92997204	     -9.80006381	      0.23481029	     58.12564340	     90.00000001	      0.00000000	      0.00000000
      6.94000000	      4.19846227	     -0.79464321	     -0.92284196	      0.69725249	      0.92800296	     -0.08534225	      7.95046337	     -5.27888638	    -22.86829233	     33.64847325	      4.95441490	      0.58727665	     19.11106729	      9.11155852	     -7.50089802	     23.54173380	     -8.32328600	    -10.07128229	     65.96732896	     -0.52138887	      1.15134709	      8.16546553	     -9.01523754	     -7.50089802	    -18.03772257	      7.08230084	     -4.45605064	     11.30625124	    -15.13454843	      5.97982695	     42.50114794	     90.00000001	      0.00000000	      0.00000000	    -12.94005618	     -9.82221945	      0.24590786	     58.18622662	     90.00000001	      0.00000000	      0.00000000
      6.95000000	      4.22640460	     -0.93505393	     -0.79318342	      0.69847477	      0.92738562	     -0.08498489	      7.94721147	     -5.10194968	    -22.72859904	     33.90268915	      5.02035461	      0.59171355	     19.23226173	      8.85662024	     -7.50088976	     24.19542668	     -8.53564190	    -10.53335976	     64.98347023	     -0.57879144	      1.13417551	      8.60709328	     -9.13071056	     -7.50088976	    -18.16465402	      7.22775934	     -4.51051959	     11.36017306	    -15.17638281	      5.89172688	     42.37444950	     90.00000001	      0.00000000	      0.00000000	    -12.95944919	     -9.83531682	      0.26637843	     58.21430950	     90.00000001	      0.00000000	      0.00000000
      6.96000000	      4.26152443	     -1.04952151	     -0.68356273	      0.69972796	      0.92675213	     -0.08469795	      7.94401491	     -4.93799846	    -22.54315530	     34.15596545	      5.03383370	      0.59613406	     19.41468192	      8.50822554	     -7.50088157	     24.79588538	     -8.68626385	    -11.14342977	     63.88756542	     -0.76080116	      1.11504837	      9.14706553	     -9.29911521	     -7.50088157	    -18.28909531	      7.32920365	     -4.55271505	     11.45127671	    -15.20578823	      5.78058200	     42.13412409	     90.00000001	      0.00000000	      0.00000000	    -12.97203596	     -9.84903530	      0.28248561	     58.20861246	     90.00000001	      0.00000000	      0.00000000
      6.97000000	      4.51648333	     -0.64524051	     -1.02376862	      0.70109199	      0.92667436	     -0.08389794	      7.80767974	     -5.39937455	    -21.29658789	     34.59099516	      5.56835681	      0.60372676	     19.54283552	      6.72565042	     -7.50084530	     24.83857930	     -8.28675216	    -13.85468535	     62.21961571	     -2.45169416	      1.08593715	      9.77767901	     -8.69567436	     -7.50084530	    -18.66513324	      6.71905969	     -4.40100632	     11.89686719	    -14.77819185	      4.95573251	     41.01152341	     90.00000001	      0.00000000	      0.00000000	    -12.98146280	     -9.88320941	      0.16635610	     58.16346966	     90.00000001	      0.00000000	      0.00000000
      6.98000000	      4.47242878	     -0.89259897	     -0.86669000	      0.70235380	      0.92584396	     -0.08365337	      7.81449458	     -5.15096886	    -21.29621293	     34.77297327	      5.68765215	      0.60690287	     19.59145784	      6.65116803	     -7.50083713	     25.48873529	     -8.62653764	    -14.10283129	     61.04103926	     -2.27849082	      1.06536711	      9.98938298	     -8.55274899	     -7.50083713	    -18.69038624	      6.95626745	     -4.45642450	     11.87210508	    -14.83944827	      4.91817612	     41.04607341	     90.00000001	      0.00000000	      0.00000000	    -13.01667470	     -9.88454586	      0.18696191	     58.19138260	     90.00000001	      0.00000000	      0.00000000
      6.99000000	      4.72204749	     -0.83276990	     -0.96755760	      0.70395616	      0.92580935	     -0.08320407	      7.48510646	     -5.16883722	    -20.87816598	     34.85531163	      5.81433927	      0.60833995	     19.74739106	      5.97503464	     -7.50080180	     25.48022365	     -8.54179981	    -15.66296049	     59.28319861	     -3.14953687	      1.03468701	     10.72098355	     -7.41007281	     -7.50080180	    -19.01229396	      6.77582194	     -4.39605373	     12.09087316	    -14.66782275	      4.56992117	     40.43004167	     90.00000001	      0.00000000	      0.00000000	    -12.99066650	     -9.87099200	      0.13776523	     58.01205844	     90.00000001	      0.00000000	      0.00000000
      7.00000000	      4.65601901	     -1.07799756	     -0.86200056	      0.70532824	      0.92500478	     -0.08305086	      7.50694887	     -4.86942492	    -20.88830214	     34.97766309	      5.79140885	      0.61047539	     19.91765899	      5.87040694	     -7.50079154	     26.00113441	     -8.76824673	    -15.90153460	     57.89475012	     -3.07838858	      1.01045401	     10.99200744	     -7.19700580	     -7.50079154	    -18.99004368	      6.99024401	     -4.40831720	     12.07032775	    -14.71285048	      4.55298262	     40.37161167	     90.00000001	      0.00000000	      0.00000000	    -13.00941250	     -9.83342360	      0.16236352	     57.95711006	     90.00000001	      0.00000000	      0.00000000
      7.01000000	      4.57925361	     -1.34484149	     -0.78854299	      0.70684428	      0.92415791	     -0.08286324	      7.50968698	     -4.62472395	    -20.94716260	     35.12242189	      5.92187584	      0.61300190	     20.01556509	      5.81728490	     -7.50078411	     26.47960619	     -9.07651690	    -16.14374166	     56.54102888	     -2.91744160	      0.98682712	     11.13745461	     -6.99738867	     -7.50078411	    -18.92773563	      7.20443161	     -4.43417954	     12.04873672	    -14.72918358	      4.54107568	     40.33579481	     90.00000001	      0.00000000	      0.00000000	    -13.10544767	     -9.79850915	      0.18377331	     57.91669325	     90.00000001	      0.00000000	      0.00000000
      7.02000000	      4.87394642	     -1.29131068	     -0.85952551	      0.70860183	      0.92423899	     -0.08260876	      7.06709144	     -4.71358879	    -20.85607508	     35.17607110	      5.99469378	      0.61393826	     20.26146568	      5.69618914	     -7.50076136	     26.22380175	     -8.96261802	    -17.15454628	     54.71359150	     -3.30720538	      0.95493232	     11.52910419	     -5.86682820	     -7.50076136	    -19.25755825	      7.01495484	     -4.43124822	     12.24404973	    -14.58143454	      4.42186110	     39.77450290	     90.00000001	      0.00000000	      0.00000000	    -13.04467585	     -9.75452971	      0.09710915	     57.60062057	     90.00000001	      0.00000000	      0.00000000
      7.03000000	      4.74119225	     -1.56255860	     -0.81161961	      0.71017119	      0.92337395	     -0.08245581	      7.11184351	     -4.39568351	    -20.86918989	     35.21892919	      6.00266754	      0.61468627	     20.36834986	      5.71168462	     -7.50075286	     26.63565705	     -9.19421996	    -17.30169712	     53.32511681	     -3.20658732	      0.93069886	     11.63579507	     -5.53514655	     -7.50075286	    -19.11761073	      7.21440810	     -4.42294620	     12.16533432	    -14.58390039	      4.40667406	     39.78583931	     90.00000001	      0.00000000	      0.00000000	    -13.13652068	     -9.72356099	      0.10397383	     57.61637905	     90.00000001	      0.00000000	      0.00000000
      7.04000000	      4.63348102	     -1.86029382	     -0.77980304	      0.71195351	      0.92247476	     -0.08225729	      7.08858832	     -4.14839159	    -21.00707098	     35.31205356	      6.17310353	      0.61631160	     20.46123526	      5.70589957	     -7.50074805	     26.98272479	     -9.55079758	    -17.48728940	     52.11379227	     -3.00085842	      0.90955726	     11.70570318	     -5.36133861	     -7.50074805	    -18.96030410	      7.42357456	     -4.45066925	     12.09740461	    -14.54946185	      4.41438123	     39.79452078	     90.00000001	      0.00000000	      0.00000000	    -13.28209664	     -9.69746770	      0.12144450	     57.57129159	     90.00000001	      0.00000000	      0.00000000
      7.05000000	      5.02759578	     -1.85203203	     -0.89051751	      0.71409735	      0.92292028	     -0.08204830	      6.41081964	     -4.14174415	    -21.07672800	     35.11291163	      6.08385260	      0.61283592	     20.69687757	      6.17306037	     -7.50071503	     26.34482959	     -9.44136827	    -18.47224587	     50.25771688	     -3.45317298	      0.87716263	     12.12610637	     -3.46368663	     -7.50071503	    -19.35834515	      7.24539591	     -4.39807133	     12.16285971	    -14.41748755	      4.32839816	     39.48971802	     90.00000001	      0.00000000	      0.00000000	    -13.29134073	     -9.63981294	      0.02291965	     57.34873065	     90.00000001	      0.00000000	      0.00000000
      7.06000000	      4.88045379	     -2.17297745	     -0.87723918	      0.71596825	      0.92204168	     -0.08187947	      6.43311977	     -3.86163109	    -21.21611439	     35.20304551	      6.22336070	      0.61440905	     20.80142390	      6.16952305	     -7.50071131	     26.62187494	     -9.80348322	    -18.57605837	     49.17669662	     -3.25505237	      0.85829527	     12.16641085	     -3.36109528	     -7.50071131	    -19.14915733	      7.45940085	     -4.41788986	     12.05379069	    -14.37539549	      4.35333377	     39.50895408	     90.00000001	      0.00000000	      0.00000000	    -13.44344526	     -9.61624299	      0.04599591	     57.29539913	     90.00000001	      0.00000000	      0.00000000
      7.07000000	      4.76400144	     -2.44861570	     -0.91191245	      0.71788380	      0.92132565	     -0.08174881	      6.43486330	     -3.55263592	    -21.24807003	     35.24278600	      6.19895854	      0.61510265	     20.91508296	      6.19063948	     -7.50070751	     26.73920680	    -10.02555879	    -18.55102532	     48.04082142	     -3.10407437	      0.83847051	     12.17778383	     -3.17539331	     -7.50070751	    -18.95071629	      7.61269814	     -4.37544909	     11.95975798	    -14.33858276	      4.39460694	     39.52401662	     90.00000001	      0.00000000	      0.00000000	    -13.55766391	     -9.57138381	      0.06312310	     57.19904981	     90.00000001	      0.00000000	      0.00000000
      7.08000000	      4.88057686	     -2.53463992	     -1.01593599	      0.71992330	      0.92131379	     -0.08140516	      6.13690426	     -3.30243729	    -21.25617332	     35.07404115	      5.91997619	      0.61215750	     21.16404209	      6.31605469	     -7.50070000	     26.33187289	    -10.01881102	    -18.51486081	     46.65131321	     -2.87200024	      0.81421902	     12.18027022	     -2.62873641	     -7.50070000	    -19.00970308	      7.49170705	     -4.27495882	     11.84135526	    -14.27199964	      4.51786948	     39.46593478	     90.00000001	      0.00000000	      0.00000000	    -13.49576530	     -9.53596278	      0.04134122	     56.81354941	     90.00000001	      0.00000000	      0.00000000
      7.09000000	      5.18601665	     -2.67834351	     -1.10982712	      0.72227238	      0.92163394	     -0.08134249	      5.51621764	     -3.18996224	    -21.41211898	     34.89184504	      5.93680409	      0.60897758	     21.29348920	      6.76321002	     -7.50068588	     25.67667500	    -10.10417513	    -18.90243697	     45.41328433	     -2.90071088	      0.79261134	     12.25194588	     -1.90183520	     -7.50068588	    -19.25722260	      7.47079266	     -4.22138587	     11.74203725	    -14.21338109	      4.62607952	     39.52924443	     90.00000001	      0.00000000	      0.00000000	    -13.53566725	     -9.49895253	      0.02226356	     56.60609413	     90.00000001	      0.00000000	      0.00000000
      7.10000000	      5.06965945	     -2.94543810	     -1.15836062	      0.72455783	      0.92096711	     -0.08120740	      5.46818970	     -2.94652736	    -21.48636810	     34.94169994	      6.03149773	      0.60984771	     21.33382871	      6.80205639	     -7.50068357	     25.71747587	    -10.36116498	    -18.96864461	     44.76489441	     -2.87007887	      0.78129480	     12.27176141	     -1.84231192	     -7.50068357	    -18.99732008	      7.58070613	     -4.23785647	     11.58563630	    -14.09220990	      4.66001080	     39.57343156	     90.00000001	      0.00000000	      0.00000000	    -13.75851757	     -9.50334207	      0.03114593	     56.55857266	     90.00000001	      0.00000000	      0.00000000
      7.11000000	      5.39461078	     -3.01082848	     -1.35481913	      0.72699324	      0.92153573	     -0.08113231	      4.82630307	     -2.81847619	    -21.57139215	     34.62032773	      5.81770448	      0.60423871	     21.53195564	      7.39145965	     -7.50066365	     24.86096775	    -10.29498960	    -19.32901889	     43.53123622	     -2.98312696	      0.75976340	     12.31215464	     -1.04218694	     -7.50066365	    -19.26404456	      7.44239926	     -4.08235727	     11.44001288	    -14.07918007	      4.82256593	     39.80004797	     90.00000001	      0.00000000	      0.00000000	    -13.78301848	     -9.42930978	      0.04644002	     56.32951426	     90.00000001	      0.00000000	      0.00000000
      7.12000000	      5.28331032	     -3.22771408	     -1.43379432	      0.72930357	      0.92108744	     -0.08103927	      4.78623008	     -2.55407803	    -21.58531022	     34.61105090	      5.76789051	      0.60407680	     21.61831327	      7.43349423	     -7.50066119	     24.76780647	    -10.46566481	    -19.34111908	     42.93159268	     -2.95397964	      0.74929765	     12.32360083	     -0.96578847	     -7.50066119	    -19.00148807	      7.48254733	     -4.08375868	     11.28347998	    -13.97222505	      4.86881623	     39.84086907	     90.00000001	      0.00000000	      0.00000000	    -13.93144089	     -9.43618252	      0.04333316	     56.24963630	     90.00000001	      0.00000000	      0.00000000
      7.13000000	      5.31478279	     -3.33314402	     -1.60542042	      0.73171683	      0.92106012	     -0.08088853	      4.57614115	     -2.33686237	    -21.50679891	     34.49094952	      5.55451780	      0.60198063	     21.76067899	      7.53588513	     -7.50065658	     24.36529049	    -10.47265603	    -19.28673632	     42.24292137	     -2.89636592	      0.73727806	     12.29183463	     -0.82109973	     -7.50065658	    -18.90047010	      7.37540440	     -3.96721694	     11.07473322	    -13.87227297	      4.95090682	     39.96681041	     90.00000001	      0.00000000	      0.00000000	    -14.01022265	     -9.43040731	      0.01973194	     56.05123434	     90.00000001	      0.00000000	      0.00000000
      7.14000000	      5.29304598	     -3.46862440	     -1.70743231	      0.73421391	      0.92079497	     -0.08088767	      4.41836373	     -2.21147056	    -21.50886533	     34.50897779	      5.56965588	      0.60229528	     21.78312833	      7.55734168	     -7.50065576	     24.22418474	    -10.54007001	    -19.24240472	     42.07338676	     -2.94860858	      0.73431913	     12.28422355	     -0.81488425	     -7.50065576	    -18.71403143	      7.31317606	     -3.95630029	     10.90306736	    -13.72331950	      4.99425438	     39.99119827	     90.00000001	      0.00000000	      0.00000000	    -14.17886330	     -9.43143049	      0.02009905	     55.95679437	     90.00000001	      0.00000000	      0.00000000
      7.15000000	      5.75231979	     -3.42890115	     -1.94561412	      0.73693605	      0.92190009	     -0.08088975	      3.57437279	     -2.19459281	    -21.39179383	     34.08904284	      5.44039268	      0.59496604	     21.95935202	      7.99137910	     -7.50064156	     23.07006126	    -10.35404220	    -19.38370353	     41.12873443	     -2.88009583	      0.71783183	     12.14514659	     -0.80390910	     -7.50064156	    -19.08658917	      7.02668303	     -3.76580729	     10.60128604	    -13.70921979	      5.17301753	     40.50057201	     90.00000001	      0.00000000	      0.00000000	    -14.11805489	     -9.41969346	     -0.01139837	     55.62006523	     90.00000001	      0.00000000	      0.00000000
      7.16000000	      5.71423307	     -3.52803981	     -2.06861848	      0.73948998	      0.92176937	     -0.08104140	      3.44232657	     -2.09599714	    -21.36229783	     34.08672372	      5.39968005	      0.59492556	     21.97682136	      8.01040655	     -7.50064060	     22.92030975	    -10.35821173	    -19.29979172	     41.04898130	     -2.94777732	      0.71643988	     12.14017706	     -0.80438347	     -7.50064060	    -18.86859619	      6.93769113	     -3.76006116	     10.43780156	    -13.56226840	      5.21719851	     40.52317114	     90.00000001	      0.00000000	      0.00000000	    -14.28545791	     -9.42864994	     -0.01381958	     55.53743348	     90.00000001	      0.00000000	      0.00000000
      7.17000000	      5.80596116	     -3.50208278	     -2.27925267	      0.74209950	      0.92212231	     -0.08109992	      3.12780894	     -2.01880412	    -21.19057335	     33.87282186	      5.17704081	      0.59119227	     22.13475972	      8.12767455	     -7.50063555	     22.40902268	    -10.20838134	    -19.16584959	     40.63721638	     -2.86194838	      0.70925322	     12.13586112	     -0.92491383	     -7.50063555	    -18.80443720	      6.67714263	     -3.63850243	     10.18533621	    -13.43362021	      5.31757229	     40.78445901	     90.00000001	      0.00000000	      0.00000000	    -14.32522488	     -9.39960404	     -0.05783154	     55.32028049	     90.00000001	      0.00000000	      0.00000000
      7.18000000	      6.10431773	     -3.42547981	     -2.46841712	      0.74483315	      0.92289886	     -0.08138823	      2.50672597	     -2.12405110	    -21.06270440	     33.60692557	      5.17896444	      0.58655150	     22.23137374	      8.41712735	     -7.50062157	     21.65215766	     -9.97710039	    -19.00718730	     40.28633628	     -2.73808520	      0.70312921	     11.96000973	     -1.44178659	     -7.50062157	    -18.97023336	      6.37875182	     -3.54535939	      9.89049114	    -13.40747134	      5.48195100	     41.22462264	     90.00000001	      0.00000000	      0.00000000	    -14.33608732	     -9.42316030	     -0.12388691	     55.06830950	     90.00000001	      0.00000000	      0.00000000
      7.19000000	      6.07629620	     -3.47148314	     -2.60814289	      0.74745821	      0.92295775	     -0.08178645	      2.36593171	     -2.08884476	    -21.01279326	     33.58841819	      5.10753303	      0.58622849	     22.23908610	      8.42387668	     -7.50062076	     21.49098258	     -9.92332245	    -18.89470658	     40.31921588	     -2.78880469	      0.70370307	     11.95428351	     -1.46074940	     -7.50062076	    -18.75555706	      6.25096473	     -3.53072731	      9.73973421	    -13.26569630	      5.52426158	     41.24716926	     90.00000001	      0.00000000	      0.00000000	    -14.48895952	     -9.41524546	     -0.12640353	     54.98281951	     90.00000001	      0.00000000	      0.00000000
      7.20000000	      6.18184354	     -3.31288756	     -2.85346711	      0.75015846	      0.92348390	     -0.08205450	      2.01586712	     -2.18454658	    -20.76786918	     33.32223513	      4.92986466	      0.58158272	     22.41043099	      8.51465169	     -7.50061462	     20.96245186	     -9.65255074	    -18.67516594	     40.04936275	     -2.54729255	      0.69899324	     12.00840746	     -1.86569069	     -7.50061462	    -18.67998281	      5.85767587	     -3.41227192	      9.44051875	    -13.17772875	      5.62318241	     41.59651053	     90.00000001	      0.00000000	      0.00000000	    -14.47347507	     -9.41296692	     -0.25036242	     54.68537647	     90.00000001	      0.00000000	      0.00000000
      7.21000000	      6.20799501	     -3.21902042	     -3.00154748	      0.75270858	      0.92379623	     -0.08260767	      1.78598530	     -2.28008271	    -20.65572074	     33.18098560	      4.82473662	      0.57911745	     22.43133265	      8.55051625	     -7.50061200	     20.70864561	     -9.48854964	    -18.58397456	     40.07705088	     -2.43672944	      0.69947649	     11.98853714	     -2.05319236	     -7.50061200	    -18.54295370	      5.58652071	     -3.40751520	      9.27708823	    -13.03229802	      5.69235856	     41.75906780	     90.00000001	      0.00000000	      0.00000000	    -14.54641889	     -9.42534524	     -0.30029361	     54.53187512	     90.00000001	      0.00000000	      0.00000000
      7.22000000	      6.18273107	     -3.24552049	     -3.12086018	      0.75530572	      0.92401858	     -0.08324939	      1.63111137	     -2.29062025	    -20.61055343	     33.15043801	      4.78154484	      0.57858429	     22.43898504	      8.55789741	     -7.50061130	     20.53357286	     -9.43945045	    -18.50571491	     40.09723800	     -2.44916461	      0.69982882	     11.98728103	     -2.10831147	     -7.50061130	    -18.33946825	      5.46185639	     -3.38433648	      9.12059870	    -12.90902591	      5.73500139	     41.80045149	     90.00000001	      0.00000000	      0.00000000	    -14.66570148	     -9.40002884	     -0.31205255	     54.44363068	     90.00000001	      0.00000000	      0.00000000
      7.23000000	      6.46744927	     -2.91740033	     -3.38696929	      0.75793946	      0.92508698	     -0.08388700	      1.01447820	     -2.69905496	    -20.25223037	     32.78159796	      4.84902332	      0.57214682	     22.60010311	      8.77221231	     -7.50060028	     19.66315025	     -8.98601473	    -18.36727617	     39.58307599	     -2.03624540	      0.69085500	     11.89795980	     -3.15501259	     -7.50060028	    -18.49737228	      4.90632946	     -3.20205833	      8.74636280	    -12.93984105	      5.93059047	     42.51462818	     90.00000001	      0.00000000	      0.00000000	    -14.47613383	     -9.32447704	     -0.61685246	     53.96034671	     90.00000001	      0.00000000	      0.00000000
      7.24000000	      6.38581424	     -2.80894871	     -3.50001650	      0.76043199	      0.92531129	     -0.08465214	      0.89279907	     -2.81685536	    -20.23393091	     32.60429538	      4.71879320	      0.56905230	     22.59737873	      8.78014690	     -7.50059793	     19.52513401	     -8.87371256	    -18.41278695	     39.58535975	     -1.88695047	      0.69089486	     11.88823048	     -3.30768783	     -7.50059793	    -18.23837321	      4.65342337	     -3.22879639	      8.60441643	    -12.80088041	      6.00948639	     42.59685859	     90.00000001	      0.00000000	      0.00000000	    -14.55166674	     -9.34838002	     -0.66300797	     53.86682584	     90.00000001	      0.00000000	      0.00000000
      7.25000000	      6.30871072	     -2.71591387	     -3.61980705	      0.76288198	      0.92558680	     -0.08546788	      0.77410581	     -2.93230177	    -20.19671107	     32.45126719	      4.62908120	      0.56638146	     22.60848527	      8.80079971	     -7.50059612	     19.33928584	     -8.78497827	    -18.50719252	     39.51986755	     -1.74980450	      0.68975181	     11.93079980	     -3.44805141	     -7.50059612	    -17.99766097	      4.42389521	     -3.23913048	      8.46686623	    -12.70491427	      6.07414611	     42.70826018	     90.00000001	      0.00000000	      0.00000000	    -14.59163546	     -9.35710805	     -0.72934030	     53.73534760	     90.00000001	      0.00000000	      0.00000000
      7.26000000	      6.22985548	     -2.57180851	     -3.75215648	      0.76535285	      0.92591359	     -0.08633756	      0.63211622	     -3.10580257	    -20.14799866	     32.24958414	      4.53332981	      0.56286143	     22.62513646	      8.84044046	     -7.50059407	     19.11818129	     -8.66477431	    -18.70690038	     39.38038500	     -1.56198860	      0.68731738	     12.00956954	     -3.61488501	     -7.50059407	    -17.74521694	      4.14350908	     -3.20824785	      8.29821961	    -12.59374901	      6.16078981	     42.87064639	     90.00000001	      0.00000000	      0.00000000	    -14.62290448	     -9.34404302	     -0.82992590	     53.54548960	     90.00000001	      0.00000000	      0.00000000
      7.27000000	      6.18189232	     -2.36943539	     -3.94005841	      0.76772468	      0.92636248	     -0.08726837	      0.46495161	     -3.36616424	    -20.05674086	     32.01235285	      4.45730906	      0.55872096	     22.64799674	      8.94578639	     -7.50059087	     18.78221443	     -8.48052935	    -19.04293631	     39.10360902	     -1.38852407	      0.68248673	     12.11224648	     -3.83195647	     -7.50059087	    -17.55336266	      3.80637553	     -3.11939045	      8.12578914	    -12.53717170	      6.28023316	     43.12294130	     90.00000001	      0.00000000	      0.00000000	    -14.55157213	     -9.30268549	     -1.01021691	     53.28545965	     90.00000001	      0.00000000	      0.00000000
      7.28000000	      6.11511511	     -2.23017329	     -4.06273152	      0.77006416	      0.92676692	     -0.08826297	      0.32462508	     -3.57759457	    -20.02551287	     31.83720268	      4.42483807	      0.55566401	     22.65866098	      9.03973774	     -7.50058833	     18.50416586	     -8.37848718	    -19.37947680	     38.88002740	     -1.25344367	      0.67858449	     12.16813558	     -3.95014120	     -7.50058833	    -17.34308874	      3.54645768	     -3.08591286	      7.99392310	    -12.47728527	      6.38316949	     43.31187093	     90.00000001	      0.00000000	      0.00000000	    -14.53181715	     -9.27104299	     -1.15106978	     53.09066407	     90.00000001	      0.00000000	      0.00000000
      7.29000000	      6.02273463	     -2.06864442	     -4.20611077	      0.77235781	      0.92713558	     -0.08932873	      0.21053540	     -3.81335996	    -20.01499630	     31.62800159	      4.36616720	      0.55201276	     22.66114481	      9.14668616	     -7.50058590	     18.24020613	     -8.26010975	    -19.78045232	     38.63553761	     -1.10577624	      0.67431734	     12.24581200	     -4.02653208	     -7.50058590	    -17.11674121	      3.28087605	     -3.04324150	      7.86855991	    -12.42315093	      6.49536401	     43.48893792	     90.00000001	      0.00000000	      0.00000000	    -14.50257932	     -9.25071643	     -1.30301243	     52.90196231	     90.00000001	      0.00000000	      0.00000000
      7.30000000	      5.90990121	     -1.91937291	     -4.32338955	      0.77464114	      0.92748588	     -0.09045216	      0.11636114	     -4.03423420	    -20.02491660	     31.43106503	      4.30940590	      0.54857557	     22.65672738	      9.25353795	     -7.50058386	     17.99940556	     -8.16432930	    -20.19927706	     38.39231348	     -0.94948403	      0.67007228	     12.33297301	     -4.06546518	     -7.50058386	    -16.86896618	      3.04774510	     -3.01515950	      7.76563100	    -12.35850418	      6.60515844	     43.64348569	     90.00000001	      0.00000000	      0.00000000	    -14.47297646	     -9.22166192	     -1.43606488	     52.73866979	     90.00000001	      0.00000000	      0.00000000
      7.31000000	      5.80478435	     -1.73228448	     -4.49183178	      0.77687828	      0.92784934	     -0.09154661	      0.02107857	     -4.30364553	    -20.03392780	     31.20497559	      4.23497203	      0.54462957	     22.64454556	      9.40679453	     -7.50058153	     17.72027033	     -8.02324383	    -20.68018423	     38.09589536	     -0.80864484	      0.66489881	     12.44694084	     -4.06770301	     -7.50058153	    -16.63945467	      2.76170537	     -2.93733239	      7.67871681	    -12.31851423	      6.73800920	     43.81069745	     90.00000001	      0.00000000	      0.00000000	    -14.42489950	     -9.19846138	     -1.60595608	     52.55085540	     90.00000001	      0.00000000	      0.00000000
      7.32000000	      6.00790267	     -1.36698270	     -4.83587360	      0.77915290	      0.92883300	     -0.09258969	     -0.35731935	     -4.86713903	    -19.87658195	     31.07132268	      4.20919559	      0.54229688	     22.66792719	     10.05699139	     -7.50057348	     16.92743906	     -7.53875845	    -21.57845286	     37.41810200	     -1.00662494	      0.65306908	     12.57726171	     -3.75640123	     -7.50057348	    -16.76120111	      2.22119839	     -2.67601533	      7.56260275	    -12.40825139	      7.09557324	     44.13019490	     90.00000001	      0.00000000	      0.00000000	    -14.20259591	     -9.05808250	     -2.07073451	     52.18528886	     90.00000001	      0.00000000	      0.00000000
      7.33000000	      5.87459813	     -1.36748515	     -4.84257575	      0.78111770	      0.92905389	     -0.09396770	     -0.38609523	     -4.94990084	    -19.93228000	     31.00602072	      4.19937992	      0.54115715	     22.67304546	     10.07009467	     -7.50057274	     16.85758705	     -7.54382020	    -21.70416946	     37.37916792	     -0.90333583	      0.65238955	     12.59261361	     -3.73321907	     -7.50057274	    -16.55271284	      2.20578704	     -2.70889306	      7.60906903	    -12.35863709	      7.12122569	     44.18916200	     90.00000001	      0.00000000	      0.00000000	    -14.17622358	     -9.07169136	     -2.08788093	     52.19468620	     90.00000001	      0.00000000	      0.00000000
      7.34000000	      5.64704706	     -1.19155938	     -4.96631357	      0.78346361	      0.92917666	     -0.09502380	     -0.39326963	     -5.19661835	    -20.09984263	     30.69778094	      4.12819085	      0.53577735	     22.67377354	     10.16322418	     -7.50057100	     16.72493224	     -7.48865912	    -22.13350085	     37.13887659	     -0.59158098	      0.64819568	     12.72937508	     -3.68068686	     -7.50057100	    -16.16393509	      1.93907561	     -2.72521664	      7.55396926	    -12.27338669	      7.23112467	     44.28087568	     90.00000001	      0.00000000	      0.00000000	    -14.26512894	     -9.10469456	     -2.17795831	     52.09688303	     90.00000001	      0.00000000	      0.00000000
      7.35000000	      5.93653385	     -0.73715537	     -5.24733903	      0.78592074	      0.93021846	     -0.09630265	     -0.89506248	     -5.96659097	    -20.31652170	     30.56513934	      4.09805481	      0.53346232	     22.87552102	     11.41492292	     -7.50055454	     15.82667127	     -6.84077296	    -23.12259618	     36.39469183	     -0.83818545	      0.63520720	     12.92518216	     -2.70009355	     -7.50055454	    -16.36093157	      1.33970133	     -2.62220973	      7.55036022	    -12.33992360	      7.76710991	     44.47188479	     90.00000001	      0.00000000	      0.00000000	    -14.17989528	     -9.02778604	     -2.65817279	     51.96319213	     90.00000001	      0.00000000	      0.00000000
      7.36000000	      5.74528159	     -0.67937087	     -5.33579741	      0.78792266	      0.93034904	     -0.09754721	     -0.85945324	     -6.07142814	    -20.38157472	     30.39732971	      3.99742490	      0.53053349	     22.85531817	     11.45642790	     -7.50055313	     15.77137600	     -6.79441128	    -23.27843005	     36.27952861	     -0.66353168	      0.63319723	     13.04984886	     -2.68507213	     -7.50055313	    -16.08019030	      1.24227840	     -2.61243488	      7.60649691	    -12.29610064	      7.80451369	     44.53125125	     90.00000001	      0.00000000	      0.00000000	    -14.18929082	     -9.05831382	     -2.67597104	     51.94026397	     90.00000001	      0.00000000	      0.00000000
      7.37000000	      5.57763316	     -0.56032741	     -5.47353974	      0.78999313	      0.93051856	     -0.09871527	     -0.84748096	     -6.24190364	    -20.39959347	     30.20446616	      3.87488775	      0.52716738	     22.81762182	     11.53095943	     -7.50055157	     15.65727865	     -6.66312652	    -23.42324525	     36.10405105	     -0.46794419	      0.63013456	     13.21244915	     -2.66340148	     -7.50055157	    -15.81684431	      1.07313074	     -2.55527415	      7.64264983	    -12.25108336	      7.87151719	     44.58321174	     90.00000001	      0.00000000	      0.00000000	    -14.18734964	     -9.10706749	     -2.71837707	     51.89361471	     90.00000001	      0.00000000	      0.00000000
      7.38000000	      5.47162137	     -0.38185482	     -5.63366608	      0.79208565	      0.93080304	     -0.09988100	     -0.87762662	     -6.48248806	    -20.33397858	     30.02734645	      3.76117286	      0.52407606	     22.76513577	     11.67979494	     -7.50054928	     15.42436765	     -6.40928727	    -23.54303878	     35.81037775	     -0.27917980	      0.62500900	     13.42341915	     -2.62377015	     -7.50054928	    -15.61564226	      0.82251414	     -2.46297806	      7.65423317	    -12.20853337	      7.98348908	     44.62031985	     90.00000001	      0.00000000	      0.00000000	    -14.17118189	     -9.15692746	     -2.78337943	     51.82226875	     90.00000001	      0.00000000	      0.00000000
      7.39000000	      5.44817789	     -0.15190489	     -5.82451039	      0.79418642	      0.93121112	     -0.10106668	     -0.98992381	     -6.83254644	    -20.23182547	     29.88508705	      3.72651407	      0.52159317	     22.73224475	     11.89884140	     -7.50054588	     15.06381452	     -6.03428798	    -23.63473420	     35.39350450	     -0.10080362	      0.61773319	     13.62487619	     -2.56762554	     -7.50054588	    -15.50794048	      0.50834643	     -2.37652094	      7.69996765	    -12.18046340	      8.13747217	     44.66062997	     90.00000001	      0.00000000	      0.00000000	    -14.13921541	     -9.21183635	     -2.86380861	     51.75107115	     90.00000001	      0.00000000	      0.00000000
      7.40000000	      5.36941872	     -0.19211067	     -5.86725902	      0.79613622	      0.93138128	     -0.10239493	     -1.03809320	     -6.87858061	    -20.22439195	     29.87935928	      3.70808108	      0.52149320	     22.73069371	     11.90658149	     -7.50054563	     14.98579279	     -5.98694552	    -23.62785075	     35.38890325	     -0.09418523	      0.61765288	     13.62816899	     -2.56112551	     -7.50054563	    -15.38217061	      0.53668929	     -2.35981030	      7.78949688	    -12.17846930	      8.14153640	     44.69687353	     90.00000001	      0.00000000	      0.00000000	    -14.08962414	     -9.25531414	     -2.88001067	     51.76815110	     90.00000001	      0.00000000	      0.00000000
      7.41000000	      5.37533309	      0.17555989	     -6.11524420	      0.79824664	      0.93183299	     -0.10346033	     -1.17988874	     -7.38013241	    -20.06598830	     29.65143071	      3.68192709	      0.51751509	     22.70602345	     12.13309903	     -7.50054165	     14.53188758	     -5.41610205	    -23.61607991	     34.80531823	      0.15438340	      0.60746740	     13.83255523	     -2.53514756	     -7.50054165	    -15.29159525	      0.03986556	     -2.27940425	      7.87114111	    -12.13916874	      8.34377826	     44.73660832	     90.00000001	      0.00000000	      0.00000000	    -14.10056938	     -9.36502766	     -2.95459934	     51.73797404	     90.00000001	      0.00000000	      0.00000000
      7.42000000	      5.53770363	      0.47270070	     -6.29072873	      0.80031141	      0.93246852	     -0.10480932	     -1.47825890	     -7.94871344	    -19.97278228	     29.61517080	      3.85231214	      0.51688224	     22.75766434	     12.40829687	     -7.50053477	     13.94256359	     -4.80599545	    -23.53688755	     34.18934991	      0.24491942	      0.59671673	     13.82613108	     -2.60740664	     -7.50053477	    -15.40338604	     -0.34749534	     -2.26332853	      8.01621770	    -12.12976609	      8.56426914	     44.75073711	     90.00000001	      0.00000000	      0.00000000	    -14.08415785	     -9.45808961	     -2.99316007	     51.79027691	     90.00000001	      0.00000000	      0.00000000
      7.43000000	      5.49470347	      0.59341797	     -6.38737565	      0.80229686	      0.93267031	     -0.10601532	     -1.55889393	     -8.14916322	    -19.92657842	     29.51292304	      3.78203503	      0.51509768	     22.76062196	     12.49645305	     -7.50053124	     13.77277349	     -4.53663172	    -23.47209875	     34.02389202	      0.33544830	      0.59382894	     13.81247935	     -2.67411094	     -7.50053124	    -15.29736137	     -0.52472243	     -2.26713020	      8.12100084	    -12.09351458	      8.63563744	     44.79750391	     90.00000001	      0.00000000	      0.00000000	    -14.09181130	     -9.56441326	     -3.00845002	     51.82355226	     90.00000001	      0.00000000	      0.00000000
      7.44000000	      5.42346117	      0.58655349	     -6.47915147	      0.80409902	      0.93277279	     -0.10729998	     -1.58147739	     -8.23460716	    -19.90477569	     29.47183247	      3.75017545	      0.51438051	     22.75643403	     12.50695574	     -7.50053051	     13.69985692	     -4.42340025	    -23.42091825	     33.98746949	      0.36392513	      0.59319325	     13.82579594	     -2.67843366	     -7.50053051	    -15.21039863	     -0.53436718	     -2.23337665	      8.25838008	    -12.08992860	      8.64494220	     44.84909694	     90.00000001	      0.00000000	      0.00000000	    -14.08137684	     -9.64165668	     -3.02381383	     51.83198797	     90.00000001	      0.00000000	      0.00000000
      7.45000000	      5.45283770	      0.87498967	     -6.63648347	      0.80608194	      0.93312424	     -0.10852561	     -1.72442565	     -8.68317946	    -19.67470791	     29.36742120	      3.82826589	      0.51255819	     22.74705477	     12.58227610	     -7.50052480	     13.30228448	     -3.84307166	    -23.13536443	     33.41771568	      0.54407360	      0.58324917	     13.93715179	     -2.82486644	     -7.50052480	    -15.17125087	     -0.91172990	     -2.20879417	      8.35178725	    -12.03267064	      8.79437727	     44.82755748	     90.00000001	      0.00000000	      0.00000000	    -14.09372000	     -9.78352966	     -2.97718041	     51.92863778	     90.00000001	      0.00000000	      0.00000000
      7.46000000	      5.38612253	      0.82903041	     -6.67123023	      0.80799836	      0.93316398	     -0.10979081	     -1.76718527	     -8.71378244	    -19.65868214	     29.36580776	      3.80262805	      0.51253003	     22.74410416	     12.58060130	     -7.50052459	     13.24363603	     -3.78627799	    -23.12005494	     33.43217826	      0.55209113	      0.58350159	     13.93245947	     -2.82427651	     -7.50052459	    -15.06704404	     -0.87687808	     -2.19734386	      8.43557358	    -12.03148719	      8.79199446	     44.86103290	     90.00000001	      0.00000000	      0.00000000	    -14.05837058	     -9.85334013	     -2.99638762	     51.93990642	     90.00000001	      0.00000000	      0.00000000
      7.47000000	      5.35259385	      0.97709217	     -6.80347048	      0.80965181	      0.93328461	     -0.11087483	     -1.80959819	     -8.90037178	    -19.51621325	     29.24148051	      3.68408777	      0.51036011	     22.72526728	     12.57862166	     -7.50052302	     13.13189046	     -3.48017378	    -22.98317651	     33.33603701	      0.63110442	      0.58182361	     13.97421918	     -2.84492824	     -7.50052302	    -15.01998309	     -1.10664084	     -2.21978338	      8.61142791	    -11.96056226	      8.83223996	     44.94398967	     90.00000001	      0.00000000	      0.00000000	    -14.06861425	    -10.00863507	     -2.99689506	     51.94727927	     90.00000001	      0.00000000	      0.00000000
      7.48000000	      5.42082290	      1.25280129	     -6.91997448	      0.81156656	      0.93358198	     -0.11218605	     -2.00212397	     -9.40551300	    -19.30803275	     29.17690483	      3.90055802	      0.50923305	     22.72941939	     12.51478658	     -7.50051670	     12.71139059	     -2.86385416	    -22.68635664	     32.72489524	      0.71865753	      0.57115717	     14.01169403	     -3.05965579	     -7.50051670	    -15.03797057	     -1.46280598	     -2.22548531	      8.72946313	    -11.92407707	      8.94243017	     44.89914163	     90.00000001	      0.00000000	      0.00000000	    -14.09612520	    -10.20667888	     -2.88906032	     52.09685782	     90.00000001	      0.00000000	      0.00000000
      7.49000000	      5.35250682	      1.20408001	     -6.95249819	      0.81338722	      0.93356926	     -0.11341701	     -2.04066656	     -9.43308352	    -19.29539050	     29.17636792	      3.87754937	      0.50922368	     22.72634076	     12.51157846	     -7.50051651	     12.66362261	     -2.81565239	    -22.67534318	     32.73933643	      0.72413315	      0.57140922	     14.00580178	     -3.06022833	     -7.50051651	    -14.94704973	     -1.42468596	     -2.21572394	      8.80463818	    -11.92144050	      8.93963512	     44.92920158	     90.00000001	      0.00000000	      0.00000000	    -14.05770947	    -10.27936724	     -2.90924626	     52.10862102	     90.00000001	      0.00000000	      0.00000000
      7.50000000	      5.30248105	      1.25356322	     -7.04739403	      0.81489808	      0.93358586	     -0.11450823	     -2.06376440	     -9.53556246	    -19.23992463	     29.09754879	      3.80522834	      0.50784803	     22.71268830	     12.50042751	     -7.50051550	     12.61423723	     -2.63667546	    -22.61102061	     32.71603008	      0.74339369	      0.57100244	     14.02324715	     -3.07528589	     -7.50051550	    -14.91045679	     -1.53782440	     -2.22097540	      8.96790826	    -11.87989519	      8.95030050	     45.00340362	     90.00000001	      0.00000000	      0.00000000	    -14.03778269	    -10.43954918	     -2.92839356	     52.11249574	     90.00000001	      0.00000000	      0.00000000
      7.51000000	      5.28669329	      1.44151642	     -7.11811950	      0.81669605	      0.93365253	     -0.11571634	     -2.17254708	     -9.82892862	    -19.12482363	     28.97610059	      3.80498223	      0.50572836	     22.68653961	     12.47013797	     -7.50051195	     12.43137371	     -2.22211860	    -22.48942150	     32.44616041	      0.74707207	      0.56629233	     14.10396264	     -3.15942301	     -7.50051195	    -14.85495903	     -1.79169903	     -2.25484769	      9.04805240	    -11.82806274	      8.99466942	     45.01243720	     90.00000001	      0.00000000	      0.00000000	    -14.05127853	    -10.61333550	     -2.87898024	     52.18834710	     90.00000001	      0.00000000	      0.00000000
      7.52000000	      5.21587751	      1.38790168	     -7.14739314	      0.81840468	      0.93358471	     -0.11690775	     -2.20709049	     -9.85668287	    -19.12141566	     28.97694609	      3.79587451	      0.50574312	     22.68426295	     12.46742659	     -7.50051176	     12.39153565	     -2.18231359	    -22.48113343	     32.45025153	      0.74824890	      0.56636373	     14.10253946	     -3.15849033	     -7.50051176	    -14.77601934	     -1.75275851	     -2.23876745	      9.12122805	    -11.81946644	      8.99410370	     45.04049548	     90.00000001	      0.00000000	      0.00000000	    -14.00969249	    -10.68540109	     -2.89868943	     52.20280700	     90.00000001	      0.00000000	      0.00000000
      7.53000000	      5.22317369	      1.56490626	     -7.22333068	      0.82000370	      0.93364365	     -0.11804591	     -2.32992718	    -10.16566303	    -19.09850031	     28.86353830	      3.82606276	      0.50376378	     22.65424612	     12.47457755	     -7.50050804	     12.21998948	     -1.79016682	    -22.41459148	     32.22840414	      0.71339315	      0.56249176	     14.19572880	     -3.21128624	     -7.50050804	    -14.77702871	     -2.01574188	     -2.28097755	      9.24949307	    -11.76644590	      9.02716975	     45.07118846	     90.00000001	      0.00000000	      0.00000000	    -14.00851932	    -10.89420745	     -2.86583183	     52.25053906	     90.00000001	      0.00000000	      0.00000000
      7.54000000	      5.15127892	      1.50780056	     -7.25342302	      0.82161962	      0.93355923	     -0.11923008	     -2.35838202	    -10.19222825	    -19.10220293	     28.86247110	      3.82115607	      0.50374515	     22.65252880	     12.47409707	     -7.50050784	     12.18698109	     -1.75420710	    -22.40950994	     32.23102487	      0.71332410	      0.56253751	     14.19471758	     -3.20904042	     -7.50050784	    -14.70902875	     -1.97408400	     -2.26234323	      9.31699700	    -11.75213382	      9.02864288	     45.09771841	     90.00000001	      0.00000000	      0.00000000	    -13.96485924	    -10.96718764	     -2.88691156	     52.26520633	     90.00000001	      0.00000000	      0.00000000
      7.55000000	      5.08350352	      1.48846798	     -7.31447886	      0.82301433	      0.93348371	     -0.12026319	     -2.38013731	    -10.25979226	    -19.13703910	     28.81761471	      3.82497921	      0.50296226	     22.64554372	     12.48114371	     -7.50050720	     12.16557547	     -1.67823917	    -22.40024640	     32.21060172	      0.69982444	      0.56218105	     14.21941726	     -3.20941927	     -7.50050720	    -14.67715866	     -2.00885746	     -2.23864856	      9.43368279	    -11.72734653	      9.03501137	     45.14382520	     90.00000001	      0.00000000	      0.00000000	    -13.91409952	    -11.11576329	     -2.92326972	     52.27384971	     90.00000001	      0.00000000	      0.00000000
      7.56000000	      5.07274196	      1.62537454	     -7.35553208	      0.82468999	      0.93349178	     -0.12142572	     -2.51594720	    -10.51603103	    -19.22091968	     28.67883989	      3.81679938	      0.50054018	     22.60357965	     12.56391697	     -7.50050448	     12.05027494	     -1.35955415	    -22.42064690	     32.09912032	      0.64543704	      0.56023534	     14.35004768	     -3.21947591	     -7.50050448	    -14.64583962	     -2.21082850	     -2.28095358	      9.48499120	    -11.67791535	      9.06924863	     45.16329161	     90.00000001	      0.00000000	      0.00000000	    -13.89053043	    -11.26671648	     -2.93088729	     52.27966653	     90.00000001	      0.00000000	      0.00000000
      7.57000000	      5.00639762	      1.57225784	     -7.37947471	      0.82616983	      0.93340577	     -0.12252573	     -2.55029889	    -10.55174124	    -19.24960341	     28.67186046	      3.83243600	      0.50041837	     22.59913450	     12.58184247	     -7.50050399	     12.01962166	     -1.32088628	    -22.41516185	     32.08325776	      0.62605376	      0.55995848	     14.35865657	     -3.21402813	     -7.50050399	    -14.60154538	     -2.19382196	     -2.25527654	      9.55741157	    -11.66374883	      9.07398780	     45.18918008	     90.00000001	      0.00000000	      0.00000000	    -13.84842700	    -11.36468741	     -2.96033720	     52.28966384	     90.00000001	      0.00000000	      0.00000000
      7.58000000	      5.17661646	      1.74201502	     -7.37767809	      0.82793540	      0.93371495	     -0.12382452	     -2.90805097	    -10.97668032	    -19.68870832	     28.60305532	      3.87346207	      0.49921749	     22.63338497	     13.34902487	     -7.50048855	     11.62443178	     -0.87142269	    -22.44451377	     31.74367317	      0.49573611	      0.55403161	     14.35068636	     -3.01772892	     -7.50048855	    -14.77110213	     -2.44648887	     -2.35205670	      9.62328135	    -11.62115345	      9.17712491	     45.19479053	     90.00000001	      0.00000000	      0.00000000	    -13.82514206	    -11.49474796	     -2.99327230	     52.33988617	     90.00000001	      0.00000000	      0.00000000
      7.59000000	      5.09885224	      1.68578194	     -7.40267170	      0.82940007	      0.93360182	     -0.12488720	     -2.92811239	    -10.99523065	    -19.70905201	     28.58694353	      3.86692791	      0.49893629	     22.63130445	     13.35556903	     -7.50048814	     11.61902545	     -0.84916401	    -22.44864694	     31.75509863	      0.48944583	      0.55423103	     14.36888759	     -3.02264246	     -7.50048814	    -14.71489030	     -2.42383685	     -2.32726486	      9.67624357	    -11.61417025	      9.17890354	     45.21630182	     90.00000001	      0.00000000	      0.00000000	    -13.78845797	    -11.59965466	     -3.03098896	     52.34026910	     90.00000001	      0.00000000	      0.00000000
      7.60000000	      5.02467544	      1.64492380	     -7.42725149	      0.83083437	      0.93351123	     -0.12590343	     -2.95635277	    -11.02901248	    -19.75199241	     28.54826465	      3.86124235	      0.49826121	     22.62123434	     13.37028952	     -7.50048755	     11.61759277	     -0.81306431	    -22.45738768	     31.77397743	      0.47752952	      0.55456052	     14.40973844	     -3.03278718	     -7.50048755	    -14.66479531	     -2.42856539	     -2.29797454	      9.71054336	    -11.58470469	      9.19253580	     45.23366867	     90.00000001	      0.00000000	      0.00000000	    -13.74175901	    -11.71300294	     -3.07739743	     52.33079967	     90.00000001	      0.00000000	      0.00000000
      7.61000000	      4.97571179	      1.66204863	     -7.40796307	      0.83244377	      0.93344326	     -0.12706373	     -3.07476685	    -11.14270634	    -19.91647823	     28.41844929	      3.85731023	      0.49599551	     22.54809463	     13.49838946	     -7.50048456	     11.59856760	     -0.67894060	    -22.50196819	     31.80448907	      0.41263830	      0.55509305	     14.59861258	     -3.06691445	     -7.50048456	    -14.61097807	     -2.48876010	     -2.31727758	      9.70523877	    -11.56909363	      9.23262542	     45.23084409	     90.00000001	      0.00000000	      0.00000000	    -13.67974669	    -11.77299731	     -3.15612260	     52.23985145	     90.00000001	      0.00000000	      0.00000000
      7.62000000	      4.90892046	      1.60135112	     -7.41389419	      0.83390457	      0.93336894	     -0.12815230	     -3.09931281	    -11.15695435	    -19.92108914	     28.41960215	      3.85337393	      0.49601563	     22.54195992	     13.50539864	     -7.50048435	     11.57516813	     -0.66201010	    -22.49757905	     31.80966176	      0.40799249	      0.55518333	     14.60258083	     -3.06320730	     -7.50048435	    -14.56812975	     -2.45709262	     -2.30211018	      9.72663000	    -11.54971393	      9.23980417	     45.24125239	     90.00000001	      0.00000000	      0.00000000	    -13.64947890	    -11.83823584	     -3.18254711	     52.24217723	     90.00000001	      0.00000000	      0.00000000
      7.63000000	      4.84867570	      1.54607070	     -7.41248726	      0.83531082	      0.93334369	     -0.12910431	     -3.14165409	    -11.17173383	    -19.95923147	     28.40656538	      3.86842953	      0.49578810	     22.51843669	     13.52606587	     -7.50048383	     11.55353408	     -0.64472169	    -22.49326003	     31.80773571	      0.39175063	      0.55514972	     14.62849447	     -3.06118399	     -7.50048383	    -14.53947829	     -2.45782058	     -2.27865984	      9.72647035	    -11.51716203	      9.26046737	     45.24102036	     90.00000001	      0.00000000	      0.00000000	    -13.60473858	    -11.95353731	     -3.23856912	     52.22420498	     90.00000001	      0.00000000	      0.00000000
      7.64000000	      4.78791192	      1.49019706	     -7.40834023	      0.83677249	      0.93330530	     -0.13019913	     -3.17344400	    -11.18976556	    -19.96600772	     28.40540676	      3.86341774	      0.49576787	     22.50501657	     13.53245599	     -7.50048363	     11.52543227	     -0.62249302	    -22.49370733	     31.81176458	      0.39142867	      0.55522003	     14.63847421	     -3.05930910	     -7.50048363	    -14.49861878	     -2.43236918	     -2.26855506	      9.73000307	    -11.49791448	      9.27030739	     45.24275687	     90.00000001	      0.00000000	      0.00000000	    -13.57622432	    -12.00264119	     -3.26279411	     52.22076755	     90.00000001	      0.00000000	      0.00000000
      7.65000000	      4.86669079	      1.49781487	     -7.32393451	      0.83843015	      0.93359631	     -0.13138556	     -3.47126717	    -11.35223446	    -20.27430005	     28.27723971	      3.94231395	      0.49353094	     22.18466179	     13.71871306	     -7.50047890	     11.29172998	     -0.44620390	    -22.48555033	     31.66630424	      0.32364333	      0.55268127	     14.87185485	     -3.01224105	     -7.50047890	    -14.58481769	     -2.49561238	     -2.33400169	      9.71544516	    -11.48036586	      9.38709872	     45.16041671	     90.00000001	      0.00000000	      0.00000000	    -13.44424864	    -12.01669672	     -3.47698955	     51.95576984	     90.00000001	      0.00000000	      0.00000000
      7.66000000	      4.80455644	      1.43807015	     -7.30877272	      0.83986524	      0.93360521	     -0.13244694	     -3.49271056	    -11.35755575	    -20.26545956	     28.28608870	      3.93454910	      0.49368538	     22.17724416	     13.72347894	     -7.50047871	     11.26113599	     -0.43459053	    -22.48382083	     31.66547889	      0.32339267	      0.55266687	     14.86868529	     -3.00625140	     -7.50047871	    -14.55161402	     -2.46361714	     -2.32755451	      9.70729305	    -11.45971680	      9.39593879	     45.15977714	     90.00000001	      0.00000000	      0.00000000	    -13.42493288	    -12.06851922	     -3.50034758	     51.95878252	     90.00000001	      0.00000000	      0.00000000
      7.67000000	      4.75755681	      1.36519280	     -7.25180902	      0.84131023	      0.93369325	     -0.13337947	     -3.53672789	    -11.33377515	    -20.26627387	     28.31765930	      3.94605695	      0.49423639	     22.13351660	     13.73448583	     -7.50047815	     11.19935307	     -0.44505982	    -22.48585423	     31.62704352	      0.31439991	      0.55199604	     14.87064586	     -2.99253691	     -7.50047815	    -14.53124633	     -2.45186810	     -2.33092122	      9.63603206	    -11.41934247	      9.42219416	     45.12893112	     90.00000001	      0.00000000	      0.00000000	    -13.39996582	    -12.16261667	     -3.55588169	     51.94050923	     90.00000001	      0.00000000	      0.00000000
      7.68000000	      4.87157397	      1.30784339	     -7.21888420	      0.84284860	      0.93415726	     -0.13443068	     -3.74601561	    -11.39887942	    -20.41307874	     28.37738609	      3.94191139	      0.49527882	     21.73372762	     13.71907527	     -7.50047319	     10.83205586	     -0.37152334	    -22.46593138	     31.33243686	      0.35099577	      0.54685419	     14.89154037	     -2.82319855	     -7.50047319	    -14.67918992	     -2.45135992	     -2.35195424	      9.66128003	    -11.39175498	      9.51758265	     45.00821423	     90.00000001	      0.00000000	      0.00000000	    -13.31089756	    -12.14143422	     -3.75819415	     51.76924871	     90.00000001	      0.00000000	      0.00000000
      7.69000000	      4.81975706	      1.24311349	     -7.15956392	      0.84430516	      0.93428347	     -0.13542881	     -3.77912502	    -11.38479789	    -20.39163333	     28.40397084	      3.94320813	      0.49574281	     21.70399488	     13.71610168	     -7.50047266	     10.77565195	     -0.37372179	    -22.47813829	     31.30611915	      0.34658785	      0.54639486	     14.89027014	     -2.81212198	     -7.50047266	    -14.64943061	     -2.42895002	     -2.36742358	      9.59538040	    -11.35822968	      9.53411728	     44.98378265	     90.00000001	      0.00000000	      0.00000000	    -13.30047843	    -12.19755694	     -3.79209454	     51.76307614	     90.00000001	      0.00000000	      0.00000000
      7.70000000	      4.87176896	      1.15115574	     -7.12603448	      0.84577291	      0.93468235	     -0.13642319	     -3.86931507	    -11.39715103	    -20.41804879	     28.54568386	      3.95115205	      0.49821617	     21.38449757	     13.59488050	     -7.50046909	     10.49568386	     -0.36672187	    -22.49453653	     31.06001337	      0.36452872	      0.54209950	     14.88371893	     -2.67201832	     -7.50046909	    -14.73381523	     -2.38546839	     -2.38197465	      9.59820372	    -11.32057412	      9.57094565	     44.88900600	     90.00000001	      0.00000000	      0.00000000	    -13.26361806	    -12.19705930	     -3.89798906	     51.67857887	     90.00000001	      0.00000000	      0.00000000
      7.71000000	      4.82797688	      1.08496875	     -7.04002751	      0.84722154	      0.93491783	     -0.13738946	     -3.89713730	    -11.37254771	    -20.38239815	     28.59660574	      3.94708225	      0.49910493	     21.33232309	     13.58024563	     -7.50046859	     10.42155686	     -0.37354408	    -22.51155767	     31.02225169	      0.36552365	      0.54144043	     14.88252129	     -2.65536531	     -7.50046859	    -14.70800109	     -2.36630877	     -2.40487418	      9.50006677	    -11.27919082	      9.58816467	     44.84985588	     90.00000001	      0.00000000	      0.00000000	    -13.25631444	    -12.25258334	     -3.92879142	     51.66649340	     90.00000001	      0.00000000	      0.00000000
      7.72000000	      4.91527586	      0.99740860	     -7.03548132	      0.84862856	      0.93545327	     -0.13829616	     -3.94789165	    -11.39515498	    -20.38340614	     28.86271668	      3.91617457	      0.50374944	     20.83195325	     13.31643134	     -7.50046457	     10.04750733	     -0.36685840	    -22.53007626	     30.67121136	      0.43468070	      0.53531362	     14.86097190	     -2.42003141	     -7.50046457	    -14.84232907	     -2.34088388	     -2.38978980	      9.51383106	    -11.22773905	      9.60000605	     44.71601495	     90.00000001	      0.00000000	      0.00000000	    -13.21447901	    -12.25030478	     -4.01996260	     51.56871811	     90.00000001	      0.00000000	      0.00000000
      7.73000000	      4.87323518	      0.92037144	     -6.92303735	      0.85012376	      0.93577110	     -0.13924288	     -3.96827276	    -11.35777245	    -20.33127957	     28.93716133	      3.91684322	      0.50504874	     20.76916784	     13.29512205	     -7.50046408	      9.95555295	     -0.38889153	    -22.55420881	     30.61929580	      0.43071093	      0.53440753	     14.85909982	     -2.39990497	     -7.50046408	    -14.80986409	     -2.30773527	     -2.43411642	      9.38982321	    -11.18178873	      9.61301196	     44.67035109	     90.00000001	      0.00000000	      0.00000000	    -13.22055541	    -12.29265195	     -4.04148493	     51.55536446	     90.00000001	      0.00000000	      0.00000000
      7.74000000	      4.99309319	      0.84874934	     -6.94820659	      0.85148992	      0.93646276	     -0.14006448	     -3.98242156	    -11.41080313	    -20.27865652	     29.30493170	      3.86884308	      0.51146755	     20.09429478	     12.83587707	     -7.50045871	      9.48969079	     -0.36891951	    -22.59836842	     30.15865669	      0.54770021	      0.52636786	     14.82733820	     -2.02497001	     -7.50045871	    -14.98282218	     -2.31047685	     -2.39151553	      9.39768079	    -11.09379199	      9.57946921	     44.50834849	     90.00000001	      0.00000000	      0.00000000	    -13.19037716	    -12.28849007	     -4.11013179	     51.47998903	     90.00000001	      0.00000000	      0.00000000
      7.75000000	      4.95504524	      0.74216084	     -6.80969335	      0.85300275	      0.93683470	     -0.14101045	     -3.99382895	    -11.34412614	    -20.20694554	     29.42267341	      3.88911516	      0.51352253	     20.01716322	     12.81154382	     -7.50045814	      9.38141496	     -0.41896042	    -22.62696716	     30.08413040	      0.52797960	      0.52506713	     14.82534449	     -2.00003647	     -7.50045814	    -14.95237433	     -2.24686277	     -2.46317747	      9.26647191	    -11.06311382	      9.57931633	     44.46140520	     90.00000001	      0.00000000	      0.00000000	    -13.21901822	    -12.32976866	     -4.12452840	     51.46121240	     90.00000001	      0.00000000	      0.00000000
      7.76000000	      5.05036047	      0.60149416	     -6.81622657	      0.85431423	      0.93753525	     -0.14177729	     -3.92640498	    -11.32749728	    -20.12710907	     29.92269200	      3.84887735	      0.52224950	     19.37402734	     12.43803433	     -7.50045422	      8.94515988	     -0.49325025	    -22.64168947	     29.66289257	      0.65101353	      0.51771514	     14.80229648	     -1.66315334	     -7.50045422	    -15.10389041	     -2.16623614	     -2.41214126	      9.28810291	    -10.99925455	      9.51635578	     44.35066159	     90.00000001	      0.00000000	      0.00000000	    -13.21534102	    -12.33605364	     -4.13453243	     51.43158044	     90.00000001	      0.00000000	      0.00000000
      7.77000000	      5.13159172	      0.53944079	     -6.81516636	      0.85571772	      0.93823585	     -0.14251255	     -3.88761211	    -11.37499753	    -19.97742373	     30.27768242	      3.83834548	      0.52844525	     18.77150679	     11.90227955	     -7.50044814	      8.54396149	     -0.48613047	    -22.71738238	     29.27943555	      0.74054512	      0.51102255	     14.79808043	     -1.24959926	     -7.50044814	    -15.21892908	     -2.18915136	     -2.38334816	      9.21543344	    -10.90413761	      9.41841667	     44.22542626	     90.00000001	      0.00000000	      0.00000000	    -13.21476877	    -12.35347945	     -4.12702594	     51.42836462	     90.00000001	      0.00000000	      0.00000000
      7.78000000	      5.09763556	      0.42188558	     -6.64454308	      0.85726319	      0.93871257	     -0.14347210	     -3.88797080	    -11.29664969	    -19.88911337	     30.41675683	      3.85732760	      0.53087255	     18.69818249	     11.89241282	     -7.50044768	      8.42879111	     -0.54999554	    -22.75014009	     29.21053167	      0.72184494	      0.50981995	     14.79774119	     -1.23268734	     -7.50044768	    -15.18584398	     -2.10301965	     -2.48031938	      9.05851435	    -10.87269785	      9.41523677	     44.18011856	     90.00000001	      0.00000000	      0.00000000	    -13.26931389	    -12.36930737	     -4.12576435	     51.40464405	     90.00000001	      0.00000000	      0.00000000
      7.79000000	      5.20391389	      0.25914637	     -6.69261562	      0.85851121	      0.93949689	     -0.14410050	     -3.71932517	    -11.28520251	    -19.77419217	     31.10610542	      3.79523819	      0.54290396	     17.88471094	     11.44356025	     -7.50044286	      7.92857362	     -0.68189408	    -22.75843095	     28.71945927	      0.94313055	      0.50124912	     14.79424531	     -0.81491273	     -7.50044286	    -15.35866746	     -2.00701505	     -2.40590080	      9.06149701	    -10.76786548	      9.31535719	     44.10916709	     90.00000001	      0.00000000	      0.00000000	    -13.28804058	    -12.36320702	     -4.07360518	     51.42652367	     90.00000001	      0.00000000	      0.00000000
      7.80000000	      5.22406590	      0.06471696	     -6.56427663	      0.85992771	      0.94010818	     -0.14499548	     -3.64642410	    -11.18976767	    -19.64836036	     31.50130022	      3.85751845	      0.54980141	     17.55614344	     11.28236911	     -7.50044065	      7.66860970	     -0.80984167	    -22.77737177	     28.47491969	      0.93798487	      0.49698110	     14.78883603	     -0.65980454	     -7.50044065	    -15.42102653	     -1.83799343	     -2.49810036	      8.99909151	    -10.74970406	      9.24755270	     44.07820153	     90.00000001	      0.00000000	      0.00000000	    -13.37055312	    -12.37758087	     -4.04180873	     51.40712756	     90.00000001	      0.00000000	      0.00000000
      7.81000000	      5.30315927	     -0.01331094	     -6.57261061	      0.86130428	      0.94085404	     -0.14554217	     -3.49686185	    -11.23151145	    -19.50722721	     32.06712414	      3.79348369	      0.55967690	     16.83308825	     10.82043339	     -7.50043579	      7.23659267	     -0.86901134	    -22.80044345	     28.06314619	      1.15383877	      0.48979430	     14.79398271	     -0.28137154	     -7.50043579	    -15.53192287	     -1.85570335	     -2.42467130	      8.89115794	    -10.66918696	      9.13917398	     44.00806611	     90.00000001	      0.00000000	      0.00000000	    -13.39762838	    -12.44026971	     -3.99446219	     51.45532538	     90.00000001	      0.00000000	      0.00000000
      7.82000000	      5.33391726	     -0.23133254	     -6.44059112	      0.86269821	      0.94152488	     -0.14649782	     -3.41138053	    -11.13384427	    -19.37259306	     32.51432530	      3.86670241	      0.56748203	     16.50735469	     10.69303768	     -7.50043390	      6.96854628	     -1.02014346	    -22.80670048	     27.83429639	      1.15970155	      0.48580012	     14.78391722	     -0.15133842	     -7.50043390	    -15.60477262	     -1.63704243	     -2.53542882	      8.83887978	    -10.63332839	      9.07707112	     44.00096511	     90.00000001	      0.00000000	      0.00000000	    -13.48697496	    -12.40346251	     -3.94062052	     51.44292332	     90.00000001	      0.00000000	      0.00000000
      7.83000000	      5.40891738	     -0.30498797	     -6.45370900	      0.86410679	      0.94225997	     -0.14707254	     -3.22201534	    -11.19822156	    -19.18628243	     33.14003572	      3.82678313	      0.57840274	     15.72444424	     10.15297305	     -7.50042820	      6.52245826	     -1.07063796	    -22.83263394	     27.39143051	      1.38465464	      0.47807065	     14.78879283	      0.22860515	     -7.50042820	    -15.70686953	     -1.65229761	     -2.47540639	      8.72402733	    -10.57293199	      8.93758346	     43.96622579	     90.00000001	      0.00000000	      0.00000000	    -13.55140805	    -12.43193409	     -3.85354729	     51.51170486	     90.00000001	      0.00000000	      0.00000000
      7.84000000	      5.46752747	     -0.51360593	     -6.34277523	      0.86547616	      0.94295528	     -0.14782494	     -3.10647053	    -11.12257378	    -19.03905402	     33.69038444	      3.89480120	      0.58800813	     15.29667266	      9.98000305	     -7.50042576	      6.20360751	     -1.25307641	    -22.81511447	     27.15332300	      1.46068101	      0.47391489	     14.77499447	      0.38720592	     -7.50042576	    -15.81086738	     -1.47927912	     -2.53363578	      8.65816701	    -10.54290082	      8.86981818	     43.95617377	     90.00000001	      0.00000000	      0.00000000	    -13.61254590	    -12.42301883	     -3.80444097	     51.52529195	     90.00000001	      0.00000000	      0.00000000
      7.85000000	      5.52499992	     -0.69083564	     -6.27889907	      0.86686833	      0.94362951	     -0.14850374	     -2.94091196	    -11.08423563	    -18.90677052	     34.30813524	      3.90676321	      0.59878992	     14.74130123	      9.76460122	     -7.50042331	      5.84604639	     -1.41674281	    -22.80428445	     26.84838630	      1.62344282	      0.46859274	     14.77235320	      0.57497613	     -7.50042331	    -15.90386283	     -1.34627935	     -2.56711178	      8.57868692	    -10.50470057	      8.79732772	     43.96011340	     90.00000001	      0.00000000	      0.00000000	    -13.68981444	    -12.42685644	     -3.75535870	     51.55756877	     90.00000001	      0.00000000	      0.00000000
      7.86000000	      5.57456444	     -0.87387522	     -6.18233393	      0.86825055	      0.94430476	     -0.14916504	     -2.77765341	    -11.03136303	    -18.78762732	     34.90138594	      3.94098454	      0.60914410	     14.24225096	      9.59040562	     -7.50042147	      5.51102146	     -1.58794127	    -22.79687988	     26.56807188	      1.74408950	      0.46370033	     14.76758641	      0.72758527	     -7.50042147	    -15.99667049	     -1.21043673	     -2.63225038	      8.49769124	    -10.47016714	      8.73154180	     43.97176716	     90.00000001	      0.00000000	      0.00000000	    -13.77969117	    -12.41244954	     -3.70480314	     51.57855383	     90.00000001	      0.00000000	      0.00000000
      7.87000000	      5.63720442	     -0.89729202	     -6.22345767	      0.86967564	      0.94496050	     -0.14952656	     -2.50481013	    -11.16084431	    -18.60358874	     35.64393083	      3.88148008	      0.62210395	     13.31797753	      9.01393549	     -7.50041677	      5.06109233	     -1.61443731	    -22.79982580	     26.09871067	      2.04846778	      0.45550843	     14.76494347	      1.05954073	     -7.50041677	    -16.06782117	     -1.30424459	     -2.51364806	      8.33371805	    -10.41840479	      8.60398466	     43.98645578	     90.00000001	      0.00000000	      0.00000000	    -13.84641100	    -12.48618746	     -3.63560189	     51.69756785	     90.00000001	      0.00000000	      0.00000000
      7.88000000	      5.69743924	     -1.12945811	     -6.08747906	      0.87102401	      0.94561814	     -0.15041773	     -2.36979131	    -11.09435144	    -18.45760946	     36.24005783	      4.00458074	      0.63250833	     12.91350389	      8.84004061	     -7.50041479	      4.75935691	     -1.80101966	    -22.80249173	     25.87442714	      2.08708334	      0.45159395	     14.74313000	      1.17051328	     -7.50041479	    -16.18641487	     -1.05880577	     -2.63691649	      8.30081018	    -10.40458101	      8.52610896	     44.01289905	     90.00000001	      0.00000000	      0.00000000	    -13.94300110	    -12.42217724	     -3.56379207	     51.69540534	     90.00000001	      0.00000000	      0.00000000
      7.89000000	      5.74759264	     -1.18354976	     -6.13460042	      0.87238570	      0.94620577	     -0.15080689	     -2.05957428	    -11.21799391	    -18.24273797	     36.99820656	      4.00233766	      0.64574052	     12.00001378	      8.23430927	     -7.50040971	      4.33693376	     -1.87533050	    -22.82120514	     25.45039135	      2.37992384	      0.44419312	     14.73778146	      1.45643189	     -7.50040971	    -16.26505807	     -1.10234217	     -2.55324609	      8.17885493	    -10.39711075	      8.38873451	     44.04914435	     90.00000001	      0.00000000	      0.00000000	    -14.02850157	    -12.47113583	     -3.49575167	     51.79414733	     90.00000001	      0.00000000	      0.00000000
      7.90000000	      5.81729863	     -1.33256177	     -6.08251915	      0.87371686	      0.94681306	     -0.15137431	     -1.85281242	    -11.24749259	    -18.05188882	     37.68498563	      4.09813141	      0.65772708	     11.35648489	      7.82348544	     -7.50040566	      3.98803676	     -2.02724784	    -22.82303921	     25.18734900	      2.55291739	      0.43960217	     14.71858569	      1.63849634	     -7.50040566	    -16.38318120	     -1.00259796	     -2.54625235	      8.08599844	    -10.37162453	      8.29601000	     44.06380686	     90.00000001	      0.00000000	      0.00000000	    -14.08390792	    -12.47348088	     -3.44221156	     51.83887064	     90.00000001	      0.00000000	      0.00000000
      7.91000000	      5.85130781	     -1.48465427	     -6.04294128	      0.87505921	      0.94735570	     -0.15187987	     -1.62068416	    -11.25865273	    -17.88687666	     38.31758238	      4.17863003	      0.66876797	     10.72693337	      7.42422727	     -7.50040162	      3.67220823	     -2.18150797	    -22.85253728	     24.89878401	      2.67953948	      0.43456576	     14.71571161	      1.79435150	     -7.50040162	    -16.44768540	     -0.90248616	     -2.58422633	      8.03018406	    -10.30779762	      8.21440326	     44.11718262	     90.00000001	      0.00000000	      0.00000000	    -14.16080233	    -12.42098983	     -3.37675410	     51.87814190	     90.00000001	      0.00000000	      0.00000000
      7.92000000	      5.88297646	     -1.72188389	     -5.89361082	      0.87643016	      0.94785487	     -0.15258171	     -1.46481541	    -11.16921531	    -17.80804857	     38.84825154	      4.30264384	      0.67802990	     10.39632213	      7.32993666	     -7.50040001	      3.43322860	     -2.40240837	    -22.87248861	     24.73381456	      2.69405330	      0.43168650	     14.70826340	      1.85150188	     -7.50040001	    -16.52791708	     -0.66648111	     -2.73119947	      8.00620782	    -10.31219235	      8.15473539	     44.15633748	     90.00000001	      0.00000000	      0.00000000	    -14.27435300	    -12.40028836	     -3.34359195	     51.84824982	     90.00000001	      0.00000000	      0.00000000
      7.93000000	      5.93412940	     -1.76790773	     -5.97604013	      0.87772860	      0.94834123	     -0.15284924	     -1.10775085	    -11.30729707	    -17.67326641	     39.60517056	      4.25209140	      0.69124063	      9.44822978	      6.81824133	     -7.50039566	      3.03277190	     -2.48658230	    -22.90271243	     24.36798763	      3.02182400	      0.42530162	     14.73002424	      2.08322403	     -7.50039566	    -16.61484329	     -0.72079027	     -2.60960067	      7.91716688	    -10.31575360	      8.05684398	     44.18592699	     90.00000001	      0.00000000	      0.00000000	    -14.33987860	    -12.40339920	     -3.32873211	     51.93771626	     90.00000001	      0.00000000	      0.00000000
      7.94000000	      5.97303284	     -1.96263994	     -5.86669622	      0.87908851	      0.94879001	     -0.15346451	     -0.93007383	    -11.27338606	    -17.59144347	     40.12315204	      4.36358462	      0.70028111	      9.06562902	      6.64326764	     -7.50039354	      2.78801290	     -2.66548648	    -22.91392356	     24.21024552	      3.05680027	      0.42254850	     14.71700468	      2.16137326	     -7.50039354	    -16.69930587	     -0.53631270	     -2.69745383	      7.88441456	    -10.30225186	      7.99860826	     44.21542829	     90.00000001	      0.00000000	      0.00000000	    -14.41437097	    -12.34723575	     -3.29314640	     51.93566231	     90.00000001	      0.00000000	      0.00000000
      7.95000000	      5.99566085	     -2.02691285	     -5.93209876	      0.88037270	      0.94917987	     -0.15380287	     -0.58331056	    -11.38753773	    -17.43495035	     40.74010813	      4.38067090	      0.71104902	      8.24509849	      6.08255771	     -7.50038852	      2.46591248	     -2.73057944	    -22.95881868	     23.89063689	      3.25918834	      0.41697027	     14.72750340	      2.35107858	     -7.50038852	    -16.75327602	     -0.54653589	     -2.63582618	      7.83849290	    -10.29120652	      7.89248501	     44.25446233	     90.00000001	      0.00000000	      0.00000000	    -14.48092637	    -12.31712973	     -3.28194280	     51.99901266	     90.00000001	      0.00000000	      0.00000000
      7.96000000	      6.04265702	     -2.20825701	     -5.86340073	      0.88164560	      0.94958339	     -0.15422762	     -0.37752951	    -11.36801974	    -17.36976048	     41.21997706	      4.48820223	      0.71942432	      7.86284401	      5.89952174	     -7.50038606	      2.23061751	     -2.92273179	    -22.96061777	     23.76314215	      3.33087430	      0.41474507	     14.72736258	      2.42342187	     -7.50038606	    -16.86628391	     -0.40758730	     -2.67122313	      7.81399911	    -10.29529585	      7.83595107	     44.26523551	     90.00000001	      0.00000000	      0.00000000	    -14.54928352	    -12.28209881	     -3.27164584	     51.99144871	     90.00000001	      0.00000000	      0.00000000
      7.97000000	      6.06944721	     -2.38600050	     -5.81219013	      0.88294559	      0.94993981	     -0.15469176	     -0.15815525	    -11.33873889	    -17.33661878	     41.60681150	      4.55917065	      0.72617585	      7.55385869	      5.80468407	     -7.50038429	      2.03125410	     -3.08802530	    -22.96346779	     23.65344889	      3.37256722	      0.41283056	     14.73603076	      2.47405444	     -7.50038429	    -16.93742326	     -0.25163427	     -2.72332920	      7.79729192	    -10.29293090	      7.79199076	     44.29080691	     90.00000001	      0.00000000	      0.00000000	    -14.62513935	    -12.25096806	     -3.26489062	     51.98537240	     90.00000001	      0.00000000	      0.00000000
      7.98000000	      6.10274604	     -2.52564250	     -5.83095994	      0.88419067	      0.95025000	     -0.15500513	      0.12871529	    -11.35823991	    -17.31347552	     42.02804354	      4.57640658	      0.73352774	      7.11569860	      5.65841732	     -7.50038225	      1.79043346	     -3.23558398	    -22.97094363	     23.50290286	      3.49796058	      0.41020304	     14.77194603	      2.54587534	     -7.50038225	    -17.02782668	     -0.16269307	     -2.69110259	      7.79821039	    -10.30295135	      7.74164866	     44.30077780	     90.00000001	      0.00000000	      0.00000000	    -14.67848851	    -12.20034069	     -3.27485392	     52.00365789	     90.00000001	      0.00000000	      0.00000000
      7.99000000	      6.12400332	     -2.64667767	     -5.83816380	      0.88552898	      0.95052053	     -0.15535743	      0.39183604	    -11.36654299	    -17.28182068	     42.30864683	      4.58544334	      0.73842519	      6.79554587	      5.54478991	     -7.50038051	      1.59302335	     -3.33359947	    -22.96588221	     23.39718980	      3.55575074	      0.40835800	     14.79894023	      2.59492124	     -7.50038051	    -17.09028639	     -0.07966337	     -2.67392974	      7.77398081	    -10.31517849	      7.69719190	     44.30087929	     90.00000001	      0.00000000	      0.00000000	    -14.75463633	    -12.14179853	     -3.28436817	     52.00915773	     90.00000001	      0.00000000	      0.00000000
      8.00000000	      6.13592357	     -2.71869845	     -5.79180343	      0.88675148	      0.95078786	     -0.15570950	      0.57986694	    -11.37898408	    -17.27725192	     42.31134178	      4.60761457	      0.73847222	      6.76803307	      5.54290083	     -7.50037992	      1.51081561	     -3.37609752	    -22.92860754	     23.42602229	      3.53087318	      0.40886122	     14.78978046	      2.61003373	     -7.50037992	    -17.15199315	     -0.05819994	     -2.70200980	      7.73789229	    -10.32549319	      7.68817146	     44.30293223	     90.00000001	      0.00000000	      0.00000000	    -14.76096822	    -12.13136585	     -3.28135596	     52.01728915	     90.00000001	      0.00000000	      0.00000000
      8.01000000	      6.12653771	     -2.82702369	     -6.03762776	      0.88783647	      0.95098393	     -0.15554358	      1.11171099	    -11.39050871	    -17.10655070	     42.73074696	      4.56115970	      0.74579223	      5.92666962	      5.02656397	     -7.50037360	      1.23038767	     -3.47199419	    -22.95501415	     23.10160684	      3.71082589	      0.40319910	     14.90949449	      2.67030781	     -7.50037360	    -17.21790608	     -0.06290421	     -2.47543739	      7.79724569	    -10.28784431	      7.54385685	     44.25272805	     90.00000001	      0.00000000	      0.00000000	    -14.84200076	    -12.02322949	     -3.46658297	     52.04568231	     90.00000001	      0.00000000	      0.00000000
      8.02000000	      6.15113821	     -2.94046288	     -6.00715740	      0.88912888	      0.95115078	     -0.15599874	      1.33161230	    -11.40404922	    -17.11314278	     42.74436715	      4.63930572	      0.74602994	      5.92005930	      5.01371602	     -7.50037244	      1.13237781	     -3.53326289	    -22.91907944	     23.13520886	      3.66199579	      0.40378557	     14.90256872	      2.67018022	     -7.50037244	    -17.28732766	      0.04192314	     -2.50024707	      7.81765245	    -10.32870471	      7.51473953	     44.26650057	     90.00000001	      0.00000000	      0.00000000	    -14.88356379	    -11.94665192	     -3.44744319	     52.04678309	     90.00000001	      0.00000000	      0.00000000
      8.03000000	      6.17539501	     -3.01894149	     -5.96719641	      0.89031724	      0.95130817	     -0.15629234	      1.59307522	    -11.40621973	    -17.09902781	     42.72643316	      4.68333610	      0.74571694	      5.91255645	      5.03250705	     -7.50037113	      1.07110167	     -3.57457122	    -22.83651127	     23.21358192	      3.62285456	      0.40515344	     14.87650676	      2.69838654	     -7.50037113	    -17.37411417	      0.07886476	     -2.52685388	      7.78461398	    -10.34351645	      7.50172713	     44.29211949	     90.00000001	      0.00000000	      0.00000000	    -14.89085945	    -11.93700136	     -3.44153846	     52.06665480	     90.00000001	      0.00000000	      0.00000000
      8.04000000	      6.17380813	     -3.15229225	     -6.05939283	      0.89148825	      0.95140859	     -0.15649695	      1.91605294	    -11.41583560	    -17.14998151	     42.65055336	      4.78062177	      0.74439258	      5.91045422	      5.04252671	     -7.50036991	      0.97988062	     -3.64578796	    -22.83827830	     23.19405740	      3.56199615	      0.40481267	     14.93816672	      2.65609089	     -7.50036991	    -17.44124666	      0.18198170	     -2.45834554	      7.87648749	    -10.37172879	      7.47545809	     44.29811397	     90.00000001	      0.00000000	      0.00000000	    -14.97490520	    -11.83959811	     -3.43951824	     52.05614401	     90.00000001	      0.00000000	      0.00000000
      8.05000000	      6.13326760	     -3.32540655	     -6.18059221	      0.89271520	      0.95147769	     -0.15654119	      2.28240354	    -11.26260315	    -17.03097329	     42.42956315	      4.80513353	      0.74053558	      5.92424079	      5.12906300	     -7.50036766	      0.90502743	     -3.75896957	    -22.90712488	     23.14144924	      3.46894226	      0.40389448	     15.14578762	      2.47660154	     -7.50036766	    -17.45428161	      0.31137151	     -2.31623907	      7.92262033	    -10.40219321	      7.43793794	     44.18269381	     90.00000001	      0.00000000	      0.00000000	    -15.01866355	    -11.71874747	     -3.53498787	     52.05061958	     90.00000001	      0.00000000	      0.00000000
      8.06000000	      6.15011128	     -3.41113005	     -6.25986211	      0.89380895	      0.95152954	     -0.15665430	      2.62907631	    -11.27152840	    -17.04528498	     42.26077150	      4.86573326	      0.73758961	      5.96478396	      5.16567078	     -7.50036603	      0.85111451	     -3.79495681	    -22.83606621	     23.23114938	      3.43148940	      0.40546005	     15.16315102	      2.45600987	     -7.50036603	    -17.55111795	      0.35112748	     -2.25780021	      8.00073217	    -10.41600775	      7.41653593	     44.20972436	     90.00000001	      0.00000000	      0.00000000	    -15.05947925	    -11.65167733	     -3.54915989	     52.05165707	     90.00000001	      0.00000000	      0.00000000
      8.07000000	      6.09063112	     -3.65689338	     -6.39585655	      0.89493099	      0.95158080	     -0.15662039	      2.96195981	    -10.92931204	    -16.79460576	     41.70562437	      4.89307560	      0.72790046	      6.23476032	      5.47948538	     -7.50036104	      0.88738158	     -4.02758740	    -22.87009174	     23.41194328	      3.34484732	      0.40861549	     15.40258832	      2.08134263	     -7.50036104	    -17.56815731	      0.57010888	     -2.09688692	      8.10485946	    -10.43497470	      7.34180366	     44.03765651	     90.00000001	      0.00000000	      0.00000000	    -15.07804732	    -11.45256160	     -3.79222629	     51.98328548	     90.00000001	      0.00000000	      0.00000000
      8.08000000	      6.11249253	     -3.72013902	     -6.50157803	      0.89599757	      0.95155543	     -0.15661168	      3.34887667	    -10.98339367	    -16.89976042	     41.49791252	      4.98119185	      0.72427521	      6.28572321	      5.49662034	     -7.50035970	      0.82768225	     -4.04621808	    -22.81070990	     23.48367007	      3.31099549	      0.40986736	     15.40536054	      2.07825186	     -7.50035970	    -17.67053634	      0.57589284	     -2.04051714	      8.18623566	    -10.44223502	      7.33042912	     44.08160311	     90.00000001	      0.00000000	      0.00000000	    -15.11828175	    -11.40644896	     -3.79324920	     51.98778597	     90.00000001	      0.00000000	      0.00000000
      8.09000000	      6.05725255	     -3.94222768	     -6.60194280	      0.89722369	      0.95157748	     -0.15654200	      3.62712244	    -10.66144113	    -16.82185850	     40.75379922	      4.98674837	      0.71128798	      6.66044477	      5.97367775	     -7.50035372	      0.87546998	     -4.26315434	    -22.84324295	     23.68650196	      3.23023222	      0.41340745	     15.60708787	      1.66739243	     -7.50035372	    -17.67914238	      0.77197547	     -1.91084739	      8.25645930	    -10.45631144	      7.27970080	     43.91834920	     90.00000001	      0.00000000	      0.00000000	    -15.13216206	    -11.21314954	     -4.02783818	     51.90109281	     90.00000001	      0.00000000	      0.00000000
      8.10000000	      6.02180756	     -3.96808646	     -6.72745309	      0.89841955	      0.95146616	     -0.15652602	      4.03242735	    -10.65580702	    -16.90267151	     40.24048258	      4.99101435	      0.70232891	      6.79701286	      6.09376266	     -7.50035171	      0.86433424	     -4.21131793	    -22.83989274	     23.72906034	      3.13750134	      0.41415023	     15.69039619	      1.56668539	     -7.50035171	    -17.69329763	      0.75205264	     -1.81211452	      8.29719044	    -10.47965470	      7.27442461	     43.89761957	     90.00000001	      0.00000000	      0.00000000	    -15.18077498	    -11.13781764	     -4.06074754	     51.90517178	     90.00000001	      0.00000000	      0.00000000
      8.11000000	      6.02426421	     -4.19751561	     -6.84480974	      0.89958034	      0.95150823	     -0.15646310	      4.29552633	    -10.37180511	    -16.94206133	     39.49913969	      5.01162170	      0.68939004	      7.17021628	      6.76525660	     -7.50034432	      0.84250757	     -4.44757634	    -22.81423560	     23.95148820	      3.12323125	      0.41803233	     15.82777732	      1.18444028	     -7.50034432	    -17.78406010	      0.96456655	     -1.69869980	      8.42366301	    -10.49602014	      7.23500348	     43.79762690	     90.00000001	      0.00000000	      0.00000000	    -15.18553075	    -10.94402305	     -4.22311313	     51.80726184	     90.00000001	      0.00000000	      0.00000000
      8.12000000	      5.97941266	     -4.21131214	     -6.99195165	      0.90074240	      0.95137317	     -0.15635812	      4.72134459	    -10.33358652	    -17.00013179	     38.85895620	      5.00326425	      0.67821673	      7.32974701	      6.97526221	     -7.50034169	      0.85454071	     -4.35359026	    -22.78356731	     23.99024691	      2.95776636	      0.41870880	     15.92082896	      1.06830852	     -7.50034169	    -17.79096347	      0.93375232	     -1.59688471	      8.47931480	    -10.51186720	      7.23444242	     43.78825623	     90.00000001	      0.00000000	      0.00000000	    -15.23220997	    -10.88329674	     -4.24615015	     51.81194814	     90.00000001	      0.00000000	      0.00000000
      8.13000000	      5.98386926	     -4.38333372	     -7.11452756	      0.90197601	      0.95135131	     -0.15627747	      4.98805170	    -10.11697047	    -17.06944505	     38.02915793	      5.06845936	      0.66373402	      7.68008478	      7.68744782	     -7.50033517	      0.79988836	     -4.52576259	    -22.77975128	     24.15414720	      2.95777634	      0.42156940	     16.04070367	      0.72465679	     -7.50033517	    -17.87164086	      1.09091600	     -1.47566338	      8.58106118	    -10.55056125	      7.20423523	     43.70015509	     90.00000001	      0.00000000	      0.00000000	    -15.24586785	    -10.72516973	     -4.32421084	     51.70626703	     90.00000001	      0.00000000	      0.00000000
      8.14000000	      5.93469591	     -4.34354197	     -7.28130057	      0.90321596	      0.95112988	     -0.15609419	      5.45355086	    -10.15630600	    -17.21250499	     37.39126354	      5.09077155	      0.65260066	      7.81142737	      7.82028513	     -7.50033359	      0.78218920	     -4.41561658	    -22.79755528	     24.16554470	      2.89589443	      0.42176832	     16.12888229	      0.64196313	     -7.50033359	    -17.85468348	      1.00036595	     -1.36866905	      8.61574737	    -10.55083138	      7.21441895	     43.69627524	     90.00000001	      0.00000000	      0.00000000	    -15.29494803	    -10.67347949	     -4.32773273	     51.70902529	     90.00000001	      0.00000000	      0.00000000
      8.15000000	      5.88982159	     -4.33324338	     -7.44452457	      0.90449196	      0.95094988	     -0.15595788	      5.88452572	    -10.14307488	    -17.27659997	     36.65921256	      5.16826063	      0.63982396	      7.98606881	      8.06239125	     -7.50033219	      0.75824174	     -4.32918120	    -22.82527626	     24.19148146	      2.81499301	      0.42222100	     16.23986971	      0.51178116	     -7.50033219	    -17.84128346	      0.96005277	     -1.26890633	      8.66387580	    -10.56625003	      7.21793165	     43.66276149	     90.00000001	      0.00000000	      0.00000000	    -15.33397610	    -10.58579961	     -4.32209392	     51.68066778	     90.00000001	      0.00000000	      0.00000000
      8.16000000	      5.89566820	     -4.53132559	     -7.59041001	      0.90563394	      0.95095844	     -0.15572137	      6.10652753	     -9.82614081	    -17.17050960	     35.59802100	      5.32759676	      0.62130267	      8.34780721	      9.03342135	     -7.50032768	      0.71306996	     -4.51323444	    -22.73750032	     24.36220314	      2.76416831	      0.42520066	     16.35217949	      0.13534465	     -7.50032768	    -17.94614310	      1.14310886	     -1.12861322	      8.79460470	    -10.58743225	      7.18094826	     43.58932218	     90.00000001	      0.00000000	      0.00000000	    -15.30954793	    -10.45988582	     -4.35637036	     51.51518895	     90.00000001	      0.00000000	      0.00000000
      8.17000000	      5.86885177	     -4.47167580	     -7.76086049	      0.90697651	      0.95072926	     -0.15553009	      6.58565257	     -9.88775732	    -17.38835801	     34.97308716	      5.38312749	      0.61039552	      8.47740369	      9.19206838	     -7.50032661	      0.63014009	     -4.42474347	    -22.78966535	     24.36287027	      2.81150248	      0.42521230	     16.43782480	      0.04378137	     -7.50032661	    -17.94140699	      1.05061169	     -1.03602270	      8.83001206	    -10.59258489	      7.18785980	     43.57948481	     90.00000001	      0.00000000	      0.00000000	    -15.35250364	    -10.37219785	     -4.34108336	     51.49448646	     90.00000001	      0.00000000	      0.00000000
      8.18000000	      5.86543802	     -4.61956170	     -7.89552165	      0.90823065	      0.95072347	     -0.15518895	      6.80232488	     -9.59425067	    -17.36635154	     33.83006708	      5.50809908	      0.59044606	      8.81267688	     10.38599180	     -7.50032211	      0.54982341	     -4.55658141	    -22.64389990	     24.45403711	      2.80762355	      0.42680346	     16.53695177	     -0.37231143	     -7.50032211	    -18.01204699	      1.17979981	     -0.90310579	      8.90254101	    -10.59098926	      7.15461433	     43.51919170	     90.00000001	      0.00000000	      0.00000000	    -15.30522352	    -10.30171652	     -4.35777361	     51.31230800	     90.00000001	      0.00000000	      0.00000000
      8.19000000	      5.85004931	     -4.54004730	     -8.06185530	      0.90957599	      0.95045740	     -0.15505065	      7.30567398	     -9.67013170	    -17.60287030	     33.26320486	      5.57174505	      0.58055244	      8.92526331	     10.53399266	     -7.50032111	      0.45450561	     -4.45108292	    -22.68674333	     24.45095610	      2.87860828	      0.42674969	     16.60845781	     -0.44686729	     -7.50032111	    -18.02588361	      1.08711996	     -0.83126254	      8.95726095	    -10.60966762	      7.15500850	     43.52812799	     90.00000001	      0.00000000	      0.00000000	    -15.35607275	    -10.18350200	     -4.32012156	     51.29241884	     90.00000001	      0.00000000	      0.00000000
      8.20000000	      5.79567690	     -4.46173149	     -8.22491549	      0.91095675	      0.95018093	     -0.15478894	      7.76870914	     -9.67430064	    -17.70793990	     32.47633035	      5.67534182	      0.56681889	      9.07516591	     10.89712866	     -7.50032017	      0.40070750	     -4.33268942	    -22.69637148	     24.43402764	      2.89165823	      0.42645423	     16.71759529	     -0.58065073	     -7.50032017	    -17.98523131	      0.99192716	     -0.74790144	      8.97625036	    -10.60695488	      7.16485219	     43.50383723	     90.00000001	      0.00000000	      0.00000000	    -15.37654291	    -10.11954143	     -4.29559046	     51.23661299	     90.00000001	      0.00000000	      0.00000000
      8.21000000	      5.91683552	     -4.66272524	     -8.25954380	      0.91238397	      0.95038865	     -0.15456747	      7.81641261	     -9.29807431	    -18.29010685	     31.33793582	      5.44423687	      0.54695016	      9.51920921	     13.41888010	     -7.50030932	      0.11169243	     -4.53429357	    -22.20489542	     24.43548137	      3.11830414	      0.42647960	     16.63126055	     -1.46493266	     -7.50030932	    -18.20122477	      1.20532704	     -0.68119755	      9.02635219	    -10.61658237	      7.04584028	     43.54573731	     90.00000001	      0.00000000	      0.00000000	    -15.28090767	    -10.03213790	     -4.22353516	     50.99664693	     90.00000001	      0.00000000	      0.00000000
      8.22000000	      5.88272645	     -4.56234994	     -8.40714672	      0.91381148	      0.95006735	     -0.15428983	      8.33779165	     -9.38747335	    -18.48022874	     30.82090302	      5.63637901	      0.53792624	      9.61249121	     13.54563119	     -7.50030844	      0.02356840	     -4.41509356	    -22.26032456	     24.40808068	      3.16731573	      0.42600137	     16.71897105	     -1.52148309	     -7.50030844	    -18.17993882	      1.09430985	     -0.63041960	      9.05673758	    -10.61647996	      7.06360247	     43.53428456	     90.00000001	      0.00000000	      0.00000000	    -15.31229620	     -9.96919878	     -4.19197109	     50.97462893	     90.00000001	      0.00000000	      0.00000000
      8.23000000	      5.85248627	     -4.52962585	     -8.53325262	      0.91517840	      0.94987019	     -0.15404281	      8.66813402	     -9.32205246	    -18.48329751	     29.88184475	      5.86070092	      0.52153658	      9.84526896	     14.84246784	     -7.50030243	     -0.04456714	     -4.34765674	    -22.02775177	     24.43183632	      3.25291520	      0.42641599	     16.77813400	     -1.95229386	     -7.50030243	    -18.18805223	      1.07298147	     -0.54571456	      9.08441897	    -10.62303846	      7.04709098	     43.49475480	     90.00000001	      0.00000000	      0.00000000	    -15.23182924	     -9.91668180	     -4.08809905	     50.76542854	     90.00000001	      0.00000000	      0.00000000
      8.24000000	      5.85204326	     -4.47034996	     -8.66699512	      0.91650723	      0.94957881	     -0.15373270	      9.20137033	     -9.35074541	    -18.70718125	     29.53058031	      6.02201347	      0.51540586	      9.89940118	     14.89234826	     -7.50030145	     -0.14946188	     -4.27192959	    -22.04019595	     24.43700518	      3.28646970	      0.42650620	     16.81716231	     -1.96634693	     -7.50030145	    -18.24299419	      1.01760152	     -0.51261143	      9.15463765	    -10.60875773	      7.05051554	     43.54365436	     90.00000001	      0.00000000	      0.00000000	    -15.25968061	     -9.86942995	     -4.05886741	     50.76099694	     90.00000001	      0.00000000	      0.00000000
      8.25000000	      5.76038996	     -4.43464568	     -8.72811640	      0.91809033	      0.94930372	     -0.15351073	      9.50884089	     -9.23800328	    -18.71735520	     28.49942526	      6.26352216	      0.49740881	      9.97919068	     16.21648604	     -7.50029758	     -0.18484854	     -4.19232678	    -21.79630132	     24.38120911	      3.33150497	      0.42553237	     16.96744029	     -2.36971285	     -7.50029758	    -18.14930602	      1.03326523	     -0.48117360	      9.10758437	    -10.61677031	      7.02721932	     43.50043747	     90.00000001	      0.00000000	      0.00000000	    -15.17646735	     -9.81748324	     -3.93329163	     50.53575523	     90.00000001	      0.00000000	      0.00000000
      8.26000000	      5.77665210	     -4.35413840	     -8.83846641	      0.91957257	      0.94900556	     -0.15312723	      9.99184276	     -9.26179280	    -19.00353604	     28.18936485	      6.38771809	      0.49199723	     10.02733404	     16.25598746	     -7.50029672	     -0.32428894	     -4.12186612	    -21.83663507	     24.39106132	      3.41237023	      0.42570433	     17.00583333	     -2.40027045	     -7.50029672	    -18.19853245	      0.95060508	     -0.45083886	      9.13915221	    -10.61159116	      7.03049659	     43.52668041	     90.00000001	      0.00000000	      0.00000000	    -15.17593520	     -9.78515020	     -3.90943859	     50.53347351	     90.00000001	      0.00000000	      0.00000000
      8.27000000	      5.83205706	     -4.29754798	     -8.74586589	      0.92135445	      0.94891291	     -0.15300261	     10.20387949	     -9.20920005	    -19.92971009	     27.52204807	      6.16326319	      0.48035036	     10.12459400	     18.40175799	     -7.50028488	     -0.55492432	     -4.02463749	    -21.32238914	     24.25204099	      3.61979415	      0.42327797	     16.93988747	     -3.19417017	     -7.50028488	    -18.26504786	      0.94537410	     -0.52660210	      9.03763513	    -10.61327075	      6.93861752	     43.57425434	     90.00000001	      0.00000000	      0.00000000	    -15.08155698	     -9.81221348	     -3.70114554	     50.40633236	     90.00000001	      0.00000000	      0.00000000
      8.28000000	      5.79872565	     -4.16988917	     -8.80842707	      0.92297418	      0.94855245	     -0.15267825	     10.63170123	     -9.24515269	    -20.06243749	     27.08748650	      6.36963629	      0.47276583	     10.06335760	     18.66482895	     -7.50028254	     -0.62659769	     -3.87451294	    -21.26844844	     24.24714769	      3.64644847	      0.42319256	     17.05247095	     -3.25964221	     -7.50028254	    -18.23727458	      0.84755348	     -0.53826512	      9.01511764	    -10.60827695	      6.95618630	     43.55527726	     90.00000001	      0.00000000	      0.00000000	    -15.05530461	     -9.78658816	     -3.65724427	     50.34292238	     90.00000001	      0.00000000	      0.00000000
      8.29000000	      5.79613318	     -4.08314925	     -8.83940543	      0.92470753	      0.94822247	     -0.15232506	     11.02275358	     -9.23920056	    -20.29238665	     26.78706150	      6.53718510	      0.46752242	     10.03099050	     18.76706059	     -7.50028161	     -0.76079905	     -3.79971378	    -21.30574795	     24.22979325	      3.70208591	      0.42288967	     17.13431570	     -3.30693108	     -7.50028161	    -18.24093242	      0.80191342	     -0.55279270	      8.97517457	    -10.60658000	      6.96394725	     43.53686321	     90.00000001	      0.00000000	      0.00000000	    -15.02298059	     -9.76960893	     -3.62567434	     50.31615181	     90.00000001	      0.00000000	      0.00000000
      8.30000000	      5.85839821	     -4.05778666	     -8.70526131	      0.92646831	      0.94805618	     -0.15222435	     11.19752258	     -9.17999586	    -20.96616072	     26.33050796	      6.53840520	      0.45955406	      9.73211216	     19.97949061	     -7.50027207	     -0.94519044	     -3.74199819	    -20.89037779	     24.19115261	      3.80025907	      0.42221526	     17.20182590	     -3.66947755	     -7.50027207	    -18.33797946	      0.86118576	     -0.66846320	      8.93291421	    -10.61174874	      6.89425431	     43.58847565	     90.00000001	      0.00000000	      0.00000000	    -14.90129671	     -9.81331234	     -3.39360446	     50.18497724	     90.00000001	      0.00000000	      0.00000000
      8.31000000	      5.86742906	     -3.94645716	     -8.71020796	      0.92834628	      0.94767901	     -0.15182341	     11.54193004	     -9.17108851	    -21.16875757	     26.12767796	      6.66801108	      0.45601401	      9.67826087	     19.98928384	     -7.50027108	     -1.08439722	     -3.64667270	    -20.92546827	     24.20077744	      3.84807006	      0.42238325	     17.26908470	     -3.67950003	     -7.50027108	    -18.33791121	      0.79120220	     -0.69534638	      8.85740303	    -10.61156925	      6.90414625	     43.56248883	     90.00000001	      0.00000000	      0.00000000	    -14.86998061	     -9.80027593	     -3.37336812	     50.18725723	     90.00000001	      0.00000000	      0.00000000
      8.32000000	      5.88054268	     -3.85297470	     -8.71267702	      0.93016193	      0.94729857	     -0.15139610	     11.86963451	     -9.13527456	    -21.33009156	     25.98415909	      6.79710698	      0.45350913	      9.60062699	     19.97880704	     -7.50027017	     -1.20821518	     -3.56336424	    -20.91433650	     24.23553654	      3.86638158	      0.42298991	     17.31511573	     -3.65863820	     -7.50027017	    -18.36028930	      0.75080325	     -0.73311041	      8.83187876	    -10.60192094	      6.90788946	     43.57253461	     90.00000001	      0.00000000	      0.00000000	    -14.82030933	     -9.80361569	     -3.35129585	     50.19698210	     90.00000001	      0.00000000	      0.00000000
      8.33000000	      5.87447800	     -3.68507479	     -8.59174879	      0.93222767	      0.94689663	     -0.15113567	     12.09874438	     -9.17947147	    -21.66889531	     25.72118764	      6.88891516	      0.44891941	      9.20995592	     20.08231436	     -7.50026887	     -1.30487284	     -3.39958418	    -20.85950523	     24.23599931	      3.89463236	      0.42299799	     17.49604039	     -3.67911380	     -7.50026887	    -18.32661374	      0.65723751	     -0.82522759	      8.68079120	    -10.61860591	      6.90880699	     43.51820152	     90.00000001	      0.00000000	      0.00000000	    -14.73522440	     -9.83598627	     -3.27891801	     50.16555379	     90.00000001	      0.00000000	      0.00000000
      8.34000000	      5.91270942	     -3.59698773	     -8.52140409	      0.93419164	      0.94647845	     -0.15077325	     12.36743213	     -9.10326735	    -21.66445528	     25.71731919	      6.96486112	      0.44885189	      9.17584128	     20.05170602	     -7.50026813	     -1.43406102	     -3.32435296	    -20.80601696	     24.32924094	      3.89231539	      0.42462536	     17.47015849	     -3.62754168	     -7.50026813	    -18.36672828	      0.64723301	     -0.90803510	      8.62092310	    -10.63076472	      6.89998953	     43.53358388	     90.00000001	      0.00000000	      0.00000000	    -14.68000413	     -9.84396802	     -3.26956410	     50.19974247	     90.00000001	      0.00000000	      0.00000000
      8.35000000	      6.01844059	     -3.47081285	     -8.17729671	      0.93638455	      0.94627688	     -0.15089035	     12.32949696	     -9.22028961	    -22.51929908	     25.51046174	      7.03613088	      0.44524155	      7.91199956	     20.27446243	     -7.50026522	     -1.62183840	     -3.11263068	    -20.41892680	     24.29501220	      3.80251034	      0.42402795	     17.86906068	     -3.59070595	     -7.50026522	    -18.46548475	      0.66110989	     -1.20054976	      8.52706958	    -10.61170279	      6.85070222	     43.46592033	     90.00000001	      0.00000000	      0.00000000	    -14.52163668	     -9.95525082	     -2.97146674	     50.07901632	     90.00000001	      0.00000000	      0.00000000
      8.36000000	      6.03481240	     -3.36877964	     -8.10095243	      0.93849188	      0.94578366	     -0.15045584	     12.53568640	     -9.13313925	    -22.51460389	     25.51501582	      7.10096871	      0.44532103	      7.89214670	     20.24604306	     -7.50026462	     -1.74140784	     -3.03961835	    -20.38746140	     24.37235656	      3.81503395	      0.42537787	     17.84492155	     -3.54915452	     -7.50026462	    -18.47245128	      0.64496531	     -1.27583620	      8.45744773	    -10.62649447	      6.84310814	     43.46863567	     90.00000001	      0.00000000	      0.00000000	    -14.46454740	     -9.96310259	     -2.96473791	     50.11506116	     90.00000001	      0.00000000	      0.00000000
      8.37000000	      6.20317222	     -3.23838009	     -7.73231047	      0.94096676	      0.94558331	     -0.15038793	     12.40535230	     -9.20610189	    -23.31533408	     25.50121350	      7.05468821	      0.44508014	      7.02080944	     20.20955490	     -7.50026157	     -2.04220050	     -2.91481908	    -20.15699980	     24.35432487	      3.83953016	      0.42506316	     18.08437596	     -3.44197611	     -7.50026157	    -18.61308891	      0.63678102	     -1.53558855	      8.29166490	    -10.59774407	      6.77163164	     43.35266393	     90.00000001	      0.00000000	      0.00000000	    -14.32883205	    -10.09731249	     -2.67062810	     50.13429531	     90.00000001	      0.00000000	      0.00000000
      8.38000000	      6.21899487	     -3.10179418	     -7.56941163	      0.94334670	      0.94503777	     -0.14995527	     12.50878341	     -9.13647540	    -23.33026927	     25.51488606	      7.06913802	      0.44531877	      6.94667484	     20.18819757	     -7.50026100	     -2.17421694	     -2.83130765	    -20.14288540	     24.41498498	      3.86833860	      0.42612187	     18.08820340	     -3.41196308	     -7.50026100	    -18.58416856	      0.60412833	     -1.62984497	      8.13696450	    -10.61928079	      6.76380073	     43.30269767	     90.00000001	      0.00000000	      0.00000000	    -14.23744828	    -10.15037566	     -2.66247235	     50.17750251	     90.00000001	      0.00000000	      0.00000000
      8.39000000	      6.37427576	     -2.90434588	     -7.24632509	      0.94588201	      0.94471492	     -0.14977764	     12.40788283	     -9.22893399	    -23.90171094	     25.60972179	      6.95924407	      0.44697397	      6.22261459	     19.95243130	     -7.50025872	     -2.43347303	     -2.63415090	    -19.94511880	     24.48511671	      3.85362141	      0.42734590	     18.30695962	     -3.26276838	     -7.50025872	    -18.69475663	      0.52117742	     -1.85228153	      7.99162382	    -10.61398496	      6.69096724	     43.18815358	     90.00000001	      0.00000000	      0.00000000	    -14.08528678	    -10.29446681	     -2.43759175	     50.21603398	     90.00000001	      0.00000000	      0.00000000
      8.40000000	      6.47919257	     -2.77497804	     -6.92459853	      0.94847586	      0.94428620	     -0.14958984	     12.29865297	     -9.23531803	    -24.26217380	     25.70094615	      6.94707490	      0.44856613	      5.72349179	     19.73900357	     -7.50025600	     -2.66080091	     -2.51264205	    -19.75096104	     24.50061708	      3.80919538	      0.42761644	     18.46126186	     -3.05884126	     -7.50025600	    -18.75150756	      0.53679570	     -2.09479464	      7.86974421	    -10.59683103	      6.59215069	     43.08100729	     90.00000001	      0.00000000	      0.00000000	    -13.97698059	    -10.41201854	     -2.18075566	     50.26747523	     90.00000001	      0.00000000	      0.00000000
      8.41000000	      6.47278047	     -2.62533428	     -6.73291221	      0.95111127	      0.94363692	     -0.14909183	     12.32210695	     -9.15462554	    -24.21649395	     25.74591796	      6.92310031	      0.44935104	      5.66808140	     19.70572400	     -7.50025555	     -2.78356438	     -2.43323702	    -19.74867453	     24.55851230	      3.83003732	      0.42862690	     18.46927698	     -3.03170364	     -7.50025555	    -18.67428826	      0.50596431	     -2.19841741	      7.69128014	    -10.61350819	      6.58523672	     43.01699184	     90.00000001	      0.00000000	      0.00000000	    -13.87676844	    -10.45425322	     -2.17450404	     50.31060681	     90.00000001	      0.00000000	      0.00000000
      8.42000000	      6.64163895	     -2.40050547	     -6.38092717	      0.95381462	      0.94325456	     -0.14888215	     12.14842196	     -9.22759684	    -24.64040225	     25.92543056	      6.71310356	      0.45248412	      5.21091192	     19.24239511	     -7.50025336	     -3.04060027	     -2.20465731	    -19.55435915	     24.65745781	      3.75771428	      0.43035382	     18.72382028	     -2.82840441	     -7.50025336	    -18.78400128	      0.41818846	     -2.43027675	      7.55188808	    -10.59462323	      6.48255427	     42.84927878	     90.00000001	      0.00000000	      0.00000000	    -13.68750423	    -10.60885360	     -1.93767874	     50.32620212	     90.00000001	      0.00000000	      0.00000000
      8.43000000	      6.63114973	     -2.24226864	     -6.13468749	      0.95660024	      0.94256227	     -0.14837735	     12.12081832	     -9.16282493	    -24.60401229	     25.99474815	      6.66065166	      0.45369394	      5.14411069	     19.16029060	     -7.50025277	     -3.16579580	     -2.12726348	    -19.53040069	     24.70919695	      3.76154816	      0.43125684	     18.75302362	     -2.77815828	     -7.50025277	    -18.69384837	      0.38721389	     -2.54304177	      7.34911938	    -10.62014352	      6.46139415	     42.75675146	     90.00000001	      0.00000000	      0.00000000	    -13.57688708	    -10.65795769	     -1.90848193	     50.37161780	     90.00000001	      0.00000000	      0.00000000
      8.44000000	      6.76913712	     -2.01530666	     -5.78575566	      0.95939881	      0.94212700	     -0.14806536	     11.93219182	     -9.20942815	    -24.93328748	     26.18116665	      6.41275519	      0.45694756	      4.96022828	     18.62300657	     -7.50025100	     -3.38713855	     -1.89644222	    -19.29822221	     24.80281985	      3.65898286	      0.43289087	     19.00093937	     -2.55797442	     -7.50025100	    -18.77530062	      0.29491530	     -2.74996866	      7.21241070	    -10.60296465	      6.34811209	     42.56479073	     90.00000001	      0.00000000	      0.00000000	    -13.37233435	    -10.77554126	     -1.67837108	     50.37133040	     90.00000001	      0.00000000	      0.00000000
      8.45000000	      6.80074245	     -1.81518666	     -5.41426014	      0.96233732	      0.94148663	     -0.14780523	     11.78838179	     -9.26267907	    -24.87621283	     26.29520045	      6.47590257	      0.45893783	      4.77004465	     17.53837718	     -7.50024215	     -3.54618219	     -1.72686924	    -19.17420378	     24.83576231	      3.56857646	      0.43346582	     19.34500826	     -1.91226677	     -7.50024215	    -18.70525647	      0.27416210	     -2.95878552	      7.05474918	    -10.49410795	      5.87206082	     42.28295092	     90.00000001	      0.00000000	      0.00000000	    -13.22160089	    -11.04380683	     -1.06178141	     50.43970777	     90.00000001	      0.00000000	      0.00000000
      8.46000000	      6.79685707	     -1.64741853	     -5.17220299	      0.96535771	      0.94080679	     -0.14726993	     11.70502943	     -9.19708059	    -24.81398114	     26.38238155	      6.31874538	      0.46045942	      4.79941351	     17.43434670	     -7.50024155	     -3.67991747	     -1.63015170	    -19.15360036	     24.91033979	      3.54873850	      0.43476745	     19.38300915	     -1.89014779	     -7.50024155	    -18.59824458	      0.24676922	     -3.04252907	      6.84154943	    -10.54309234	      5.86138388	     42.17580182	     90.00000001	      0.00000000	      0.00000000	    -13.07209524	    -11.07074870	     -1.06689000	     50.46926873	     90.00000001	      0.00000000	      0.00000000
      8.47000000	      6.83343020	     -1.46076011	     -4.89261901	      0.96838484	      0.94020465	     -0.14679527	     11.59265578	     -9.15248121	    -24.81539640	     26.50647779	      6.06036731	      0.46262531	      4.91491062	     17.20909803	     -7.50024085	     -3.84232113	     -1.48340177	    -19.06518856	     24.99763065	      3.48503752	      0.43629096	     19.47690817	     -1.84365208	     -7.50024085	    -18.54408732	      0.21397892	     -3.12879653	      6.64196884	    -10.58622593	      5.83834324	     42.03577398	     90.00000001	      0.00000000	      0.00000000	    -12.88278613	    -11.10647521	     -1.04905552	     50.46993822	     90.00000001	      0.00000000	      0.00000000
      8.48000000	      6.95749167	     -1.24990822	     -4.52858635	      0.97141920	      0.93975012	     -0.14643485	     11.43295897	     -9.14896615	    -25.11122276	     26.80038411	      5.62348809	      0.46775494	      5.42328400	     16.43077601	     -7.50023898	     -4.09173985	     -1.22724754	    -18.75591934	     25.03415681	      3.29909878	      0.43692846	     19.80364599	     -1.67078824	     -7.50023898	    -18.59181821	      0.16528993	     -3.35087135	      6.54388162	    -10.58358000	      5.71773206	     41.79708846	     90.00000001	      0.00000000	      0.00000000	    -12.61766801	    -11.17404014	     -0.90037387	     50.31740083	     90.00000001	      0.00000000	      0.00000000
      8.49000000	      6.94955641	     -1.03802864	     -4.18799924	      0.97454215	      0.93909142	     -0.14602247	     11.37889024	     -9.20403629	    -25.10588890	     27.07691263	      5.44751070	      0.47258128	      5.85074432	     15.71185676	     -7.50023631	     -4.23564103	     -1.03102317	    -18.47418542	     25.01857319	      3.23528979	      0.43665648	     20.04435401	     -1.45515605	     -7.50023631	    -18.47689651	      0.13018517	     -3.53224906	      6.40301100	    -10.56261244	      5.52061075	     41.55078909	     90.00000001	      0.00000000	      0.00000000	    -12.42488915	    -11.24714816	     -0.73025657	     50.24449155	     90.00000001	      0.00000000	      0.00000000
      8.50000000	      6.91571907	     -0.89505060	     -3.95682011	      0.97779456	      0.93846536	     -0.14539567	     11.30082208	     -9.16411558	    -24.96133283	     27.17445955	      5.30695632	      0.47428379	      5.89827440	     15.62771560	     -7.50023585	     -4.36974952	     -0.95984513	    -18.42952171	     25.07662259	      3.20568970	      0.43766963	     20.06462143	     -1.43036447	     -7.50023585	    -18.33203965	      0.13506490	     -3.60076722	      6.20359089	    -10.62519954	      5.49106212	     41.44015209	     90.00000001	      0.00000000	      0.00000000	    -12.29420774	    -11.22884859	     -0.71774634	     50.28990478	     90.00000001	      0.00000000	      0.00000000
      8.51000000	      6.99943559	     -0.69619608	     -3.64788240	      0.98089262	      0.93802630	     -0.14488701	     11.23200793	     -9.14567322	    -24.95750024	     27.53673338	      4.87519490	      0.48060666	      6.66749755	     14.75584881	     -7.50023385	     -4.62251007	     -0.70202357	    -18.06653943	     25.03486475	      3.02640283	      0.43694082	     20.36573913	     -1.28826055	     -7.50023385	    -18.33873797	      0.10164288	     -3.71062232	      6.12376362	    -10.61874414	      5.28740404	     41.15081175	     90.00000001	      0.00000000	      0.00000000	    -12.00986156	    -11.26026032	     -0.58433556	     50.12144034	     90.00000001	      0.00000000	      0.00000000
      8.52000000	      6.96579942	     -0.57507788	     -3.41321926	      0.98426470	      0.93748390	     -0.14426069	     11.14449808	     -9.12191066	    -24.79947733	     27.65275148	      4.74109827	      0.48263156	      6.74071032	     14.66298737	     -7.50023356	     -4.78114024	     -0.65177000	    -18.01164315	     25.06330293	      2.98937243	      0.43743716	     20.39342045	     -1.27057699	     -7.50023356	    -18.18465117	      0.14226801	     -3.77597692	      5.95196734	    -10.68447823	      5.24840963	     41.03197514	     90.00000001	      0.00000000	      0.00000000	    -11.87404257	    -11.23642682	     -0.57262313	     50.15846074	     90.00000001	      0.00000000	      0.00000000
      8.53000000	      7.00762659	     -0.40358269	     -3.14678070	      0.98740672	      0.93706134	     -0.14364703	     11.16424672	     -9.11479665	    -24.66207528	     28.14867811	      4.38554908	      0.49128711	      7.64522089	     13.68378125	     -7.50023151	     -5.03887682	     -0.42048463	    -17.57877687	     24.93550146	      2.87136132	      0.43520660	     20.68468086	     -1.12866289	     -7.50023151	    -18.15133501	      0.13715202	     -3.85330449	      5.90775839	    -10.67337662	      4.99496936	     40.72478757	     90.00000001	      0.00000000	      0.00000000	    -11.59575947	    -11.23217110	     -0.47142331	     49.96300061	     90.00000001	      0.00000000	      0.00000000
      8.54000000	      6.98833934	     -0.29974894	     -2.88758872	      0.99075826	      0.93661575	     -0.14304159	     11.10005938	     -9.08735540	    -24.42528825	     28.34471487	      4.23354363	      0.49470860	      7.77964891	     13.51125015	     -7.50023101	     -5.21388335	     -0.36819428	    -17.46676375	     24.94126817	      2.79326355	      0.43530725	     20.72516830	     -1.10410509	     -7.50023101	    -18.03060266	      0.21407799	     -3.91152542	      5.73370711	    -10.75449645	      4.92136568	     40.56903624	     90.00000001	      0.00000000	      0.00000000	    -11.43836878	    -11.18184044	     -0.45487536	     49.99352160	     90.00000001	      0.00000000	      0.00000000
      8.55000000	      6.91777536	     -0.08570971	     -2.73140943	      0.99393868	      0.93605493	     -0.14223149	     11.28916514	     -9.20334980	    -24.00377176	     28.95151299	      4.12143704	      0.50529923	      8.66330164	     12.21221488	     -7.50022750	     -5.42409558	     -0.09886666	    -17.03252997	     24.70531944	      2.76098194	      0.43118917	     20.97701709	     -1.01248203	     -7.50022750	    -17.86781804	      0.13342589	     -3.93558292	      5.75306411	    -10.68226223	      4.49430554	     40.21437258	     90.00000001	      0.00000000	      0.00000000	    -11.20938714	    -11.15374985	     -0.40506686	     49.80586250	     90.00000001	      0.00000000	      0.00000000
      8.56000000	      6.88274524	      0.01535104	     -2.54931249	      0.99722823	      0.93564668	     -0.14139153	     11.33232565	     -9.18052247	    -23.65703335	     29.33610703	      3.98942929	      0.51201166	      9.04261592	     11.52735047	     -7.50022507	     -5.64204828	     -0.02301284	    -16.86746710	     24.59384282	      2.69044497	      0.42924353	     21.07166929	     -1.03264372	     -7.50022507	    -17.74217045	      0.18377322	     -3.95794767	      5.70433435	    -10.69346935	      4.26228281	     39.99484801	     90.00000001	      0.00000000	      0.00000000	    -11.03558798	    -11.08671118	     -0.40354176	     49.75710045	     90.00000001	      0.00000000	      0.00000000
      8.57000000	      6.83169206	      0.09049159	     -2.32559418	      1.00061419	      0.93528967	     -0.14064062	     11.25994665	     -9.15280762	    -23.46987078	     29.47649552	      3.87491776	      0.51446190	      9.09045774	     11.47104874	     -7.50022481	     -5.80434073	     -0.02511597	    -16.83419904	     24.59382432	      2.64363370	      0.42924321	     21.08422791	     -1.02933333	     -7.50022481	    -17.60282034	      0.27712977	     -4.02544258	      5.59274441	    -10.78079726	      4.22215785	     39.90450759	     90.00000001	      0.00000000	      0.00000000	    -10.93275536	    -11.01537154	     -0.39322028	     49.79648722	     90.00000001	      0.00000000	      0.00000000
      8.58000000	      6.69934277	      0.27608147	     -2.27595575	      1.00369011	      0.93472900	     -0.13963442	     11.56024807	     -9.29180067	    -22.71776541	     30.17869304	      4.00730689	      0.52671756	      9.75558431	      9.86281064	     -7.50021681	     -5.99458479	      0.21939889	    -16.49633618	     24.26746856	      2.58993263	      0.42354723	     21.23074351	     -1.00469094	     -7.50021681	    -17.39898952	      0.21421040	     -3.97845062	      5.70360109	    -10.66480811	      3.60917154	     39.47637422	     90.00000001	      0.00000000	      0.00000000	    -10.74961155	    -10.91240571	     -0.51648385	     49.69182826	     90.00000001	      0.00000000	      0.00000000
      8.59000000	      6.61752764	      0.34835726	     -2.14794012	      1.00695393	      0.93439230	     -0.13858397	     11.50569691	     -9.27669021	    -22.63796098	     30.24864108	      3.94508488	      0.52793838	      9.77433512	      9.85104840	     -7.50021670	     -6.13753902	      0.20217832	    -16.49510240	     24.27703132	      2.56705684	      0.42371413	     21.23575441	     -1.00633665	     -7.50021670	    -17.24358275	      0.27530292	     -4.01030111	      5.69969500	    -10.71102949	      3.59574397	     39.45766158	     90.00000001	      0.00000000	      0.00000000	    -10.66846295	    -10.87667936	     -0.51001431	     49.72719422	     90.00000001	      0.00000000	      0.00000000
      8.60000000	      6.62636132	      0.21406016	     -1.97102468	      1.01026736	      0.93415659	     -0.13775557	     11.51386098	     -9.06776799	    -22.55002820	     30.83230114	      3.76475437	      0.53812517	     10.32675917	      9.50342946	     -7.50021552	     -6.49673321	      0.00902789	    -16.38242464	     24.01429378	      2.51336663	      0.41912849	     21.38254099	     -0.92410805	     -7.50021552	    -17.20988601	      0.60988020	     -4.01218834	      5.73085115	    -10.84229150	      3.50625726	     39.27187013	     90.00000001	      0.00000000	      0.00000000	    -10.53449717	    -10.72732229	     -0.50828531	     49.70723022	     90.00000001	      0.00000000	      0.00000000
      8.61000000	      6.54956951	      0.24017174	     -1.87142086	      1.01357239	      0.93378716	     -0.13664687	     11.56384596	     -9.02116199	    -22.51223496	     31.22990954	      3.63054072	      0.54506475	     10.81470132	      9.20486546	     -7.50021411	     -6.76794101	     -0.06854620	    -16.33925915	     23.77541824	      2.59292600	      0.41495933	     21.52457355	     -0.78589175	     -7.50021411	    -17.06691560	      0.72077173	     -4.02839255	      5.77794788	    -10.89411776	      3.39930687	     39.11054590	     90.00000001	      0.00000000	      0.00000000	    -10.45777915	    -10.63415266	     -0.54532004	     49.71090165	     90.00000001	      0.00000000	      0.00000000
      8.62000000	      6.44467928	      0.31040545	     -1.75100962	      1.01672334	      0.93347470	     -0.13562215	     11.52528061	     -9.01893086	    -22.44476973	     31.33411376	      3.57634412	      0.54688345	     10.87651542	      9.17928064	     -7.50021389	     -6.89080050	     -0.09711704	    -16.35913453	     23.73952511	      2.59055929	      0.41433288	     21.54325663	     -0.76807039	     -7.50021389	    -16.91770534	      0.79227023	     -4.07872192	      5.79925261	    -10.97130945	      3.36261801	     39.07867028	     90.00000001	      0.00000000	      0.00000000	    -10.38290602	    -10.56410407	     -0.53566834	     49.75677880	     90.00000001	      0.00000000	      0.00000000
      8.63000000	      6.33319948	      0.21040103	     -1.68332836	      1.01995844	      0.93308377	     -0.13448155	     11.59669373	     -8.91320672	    -22.52532682	     31.79290801	      3.57939282	      0.55489092	     11.30847163	      9.01275527	     -7.50021300	     -7.13827099	     -0.27412014	    -16.38329118	     23.45561749	      2.56506586	      0.40937775	     21.65558307	     -0.64494923	     -7.50021300	    -16.76447538	      1.04361590	     -4.08189141	      5.92770368	    -11.03580451	      3.25641683	     38.95230344	     90.00000001	      0.00000000	      0.00000000	    -10.37285043	    -10.45529708	     -0.55098204	     49.81024761	     90.00000001	      0.00000000	      0.00000000
      8.64000000	      6.20657646	      0.24501399	     -1.65189889	      1.02316619	      0.93267431	     -0.13322829	     11.66655233	     -8.90167114	    -22.64416555	     32.14398249	      3.46477961	      0.56101833	     11.76103997	      8.90741715	     -7.50021185	     -7.34716378	     -0.35337713	    -16.44074100	     23.23022375	      2.65211570	      0.40544389	     21.77853187	     -0.45698440	     -7.50021185	    -16.58713625	      1.12544046	     -4.10328143	      6.04635837	    -11.06950026	      3.12943303	     38.80706081	     90.00000001	      0.00000000	      0.00000000	    -10.36632748	    -10.37600160	     -0.58471806	     49.89549139	     90.00000001	      0.00000000	      0.00000000
      8.65000000	      6.08067553	      0.31947223	     -1.61922653	      1.02616184	      0.93235922	     -0.13196253	     11.62244088	     -8.90615893	    -22.63392431	     32.18829909	      3.43843494	      0.56179180	     11.78922407	      8.90819215	     -7.50021175	     -7.42928361	     -0.36551157	    -16.45180578	     23.22493331	      2.64812884	      0.40535155	     21.78432798	     -0.44413955	     -7.50021175	    -16.44894930	      1.15754122	     -4.11490501	      6.13294751	    -11.11015959	      3.10925329	     38.82191711	     90.00000001	      0.00000000	      0.00000000	    -10.30737260	    -10.34553242	     -0.57841561	     49.93397924	     90.00000001	      0.00000000	      0.00000000
      8.66000000	      5.91396471	      0.21707403	     -1.58002549	      1.02945665	      0.93184246	     -0.13086383	     11.73686030	     -8.82777744	    -22.93658666	     32.66849290	      3.37838005	      0.57017276	     12.35177126	      8.94034214	     -7.50021053	     -7.64008536	     -0.56654850	    -16.59804129	     22.90035862	      2.67519846	      0.39968666	     21.91687252	     -0.22752808	     -7.50021053	    -16.22657655	      1.43100895	     -4.16217085	      6.32558535	    -11.16048475	      2.94730651	     38.65771878	     90.00000001	      0.00000000	      0.00000000	    -10.39759589	    -10.23868537	     -0.57191047	     50.09667945	     90.00000001	      0.00000000	      0.00000000
      8.67000000	      5.76088733	      0.37127111	     -1.54376379	      1.03270389	      0.93129717	     -0.12962588	     11.87660098	     -9.02481781	    -23.79167530	     33.14725395	      2.89361791	      0.57852872	     13.24126646	     10.65767033	     -7.50020133	     -7.72141986	     -0.50587024	    -16.99515387	     22.83474478	      2.51829458	      0.39854148	     22.27458683	      0.92698237	     -7.50020133	    -16.02012438	      1.36690537	     -4.30044303	      6.60397885	    -10.99951535	      2.32179829	     38.26378965	     90.00000001	      0.00000000	      0.00000000	    -10.53653741	    -10.22500993	     -0.57210469	     50.39728241	     90.00000001	      0.00000000	      0.00000000
      8.68000000	      5.61055940	      0.35526060	     -1.54276049	      1.03567542	      0.93095073	     -0.12841697	     11.86202257	     -8.97154083	    -23.88824556	     33.25297885	      2.91266640	      0.58037397	     13.34175098	     10.65716114	     -7.50020087	     -7.80581488	     -0.60587784	    -17.05915584	     22.75661860	      2.50930544	      0.39717792	     22.28583420	      0.92978866	     -7.50020087	    -15.86804011	      1.51697178	     -4.33768458	      6.77289117	    -11.08276078	      2.29484179	     38.31618856	     90.00000001	      0.00000000	      0.00000000	    -10.53914993	    -10.14596831	     -0.52590575	     50.44431783	     90.00000001	      0.00000000	      0.00000000
      8.69000000	      5.47902690	      0.41398720	     -1.54987240	      1.03865706	      0.93065291	     -0.12701244	     11.80669270	     -8.95078337	    -23.90468168	     33.29017308	      2.90752390	      0.58102313	     13.36627152	     10.65740613	     -7.50020078	     -7.87609346	     -0.63150494	    -17.06479328	     22.75474513	      2.49662628	      0.39714522	     22.28558113	      0.93204990	     -7.50020078	    -15.72852307	      1.53873015	     -4.34426588	      6.88186571	    -11.11762932	      2.28381396	     38.35225122	     90.00000001	      0.00000000	      0.00000000	    -10.49501742	    -10.13158069	     -0.51553126	     50.47700562	     90.00000001	      0.00000000	      0.00000000
      8.70000000	      5.30892018	      0.25577089	     -1.54167997	      1.04174406	      0.93026342	     -0.12589109	     11.83689596	     -8.80284132	    -24.16020267	     33.55146727	      2.94000361	      0.58558357	     13.70074170	     10.68070573	     -7.50020014	     -7.99714010	     -0.88412710	    -17.19973271	     22.56094406	      2.47821014	      0.39376276	     22.31083556	      0.94459526	     -7.50020014	    -15.55274599	      1.87374221	     -4.44948258	      7.13324282	    -11.19702938	      2.23528410	     38.38733696	     90.00000001	      0.00000000	      0.00000000	    -10.63648036	    -10.04065168	     -0.40751559	     50.60341234	     90.00000001	      0.00000000	      0.00000000
      8.71000000	      5.26299290	      0.20798613	     -1.47454033	      1.04499284	      0.92998203	     -0.12448694	     11.73965870	     -8.67071422	    -25.09853133	     33.76879137	      2.36565842	      0.58937659	     14.56369814	     12.24943961	     -7.50019185	     -8.18172942	     -1.11498886	    -17.40512597	     22.58775067	      2.49603528	      0.39423062	     22.54164886	      1.57207356	     -7.50019185	    -15.48091746	      2.02405364	     -4.60067702	      7.38651143	    -11.17265328	      2.12097746	     38.20866775	     90.00000001	      0.00000000	      0.00000000	    -10.84618122	    -10.20128473	      0.01400606	     51.06446521	     90.00000001	      0.00000000	      0.00000000
      8.72000000	      5.13564496	      0.25422425	     -1.50102214	      1.04795228	      0.92975304	     -0.12317487	     11.68754936	     -8.64682089	    -25.10807499	     33.81009347	      2.36984672	      0.59009745	     14.59831786	     12.24817985	     -7.50019169	     -8.24605719	     -1.13848943	    -17.40750178	     22.58586916	      2.47080576	      0.39419778	     22.53284688	      1.57503960	     -7.50019169	    -15.35514465	      2.07287590	     -4.62399072	      7.54073028	    -11.22715686	      2.10119715	     38.26880176	     90.00000001	      0.00000000	      0.00000000	    -10.83005052	    -10.16729135	      0.03363886	     51.08685786	     90.00000001	      0.00000000	      0.00000000
      8.73000000	      5.01872539	      0.16536941	     -1.49139568	      1.05092334	      0.92953159	     -0.12197477	     11.64031362	     -8.50750844	    -25.14670000	     33.96374212	      2.41850491	      0.59277913	     14.83783442	     12.24404486	     -7.50019106	     -8.33677742	     -1.29541746	    -17.45592299	     22.52791368	      2.38117048	      0.39318627	     22.49801984	      1.57740916	     -7.50019106	    -15.25379044	      2.30470312	     -4.76249164	      7.79315719	    -11.27197155	      2.06505873	     38.36602781	     90.00000001	      0.00000000	      0.00000000	    -10.94123240	    -10.11507141	      0.11820471	     51.16217840	     90.00000001	      0.00000000	      0.00000000
      8.74000000	      4.94979945	      0.10690751	     -1.46833852	      1.05393873	      0.92938821	     -0.12065446	     11.50641105	     -8.34482062	    -25.19769805	     34.01366110	      2.39241382	      0.59365038	     15.31094396	     12.23952804	     -7.50018955	     -8.44212681	     -1.47805062	    -17.51129110	     22.60135860	      2.36453906	      0.39446812	     22.44931513	      1.62682370	     -7.50018955	    -15.19372267	      2.48165306	     -4.86803538	      7.99469719	    -11.29814697	      2.05242716	     38.38486997	     90.00000001	      0.00000000	      0.00000000	    -11.05287110	    -10.16083410	      0.26982247	     51.41962693	     90.00000001	      0.00000000	      0.00000000
      8.75000000	      4.84067274	      0.17137182	     -1.49566050	      1.05691289	      0.92926508	     -0.11931793	     11.43485285	     -8.31818229	    -25.17684800	     34.03756064	      2.38077707	      0.59406750	     15.33208342	     12.24150245	     -7.50018944	     -8.50110601	     -1.48678672	    -17.49648011	     22.62868184	      2.33869034	      0.39494500	     22.43994852	      1.63363223	     -7.50018944	    -15.08450348	      2.50248570	     -4.88909999	      8.12871466	    -11.33852087	      2.03883908	     38.43592699	     90.00000001	      0.00000000	      0.00000000	    -11.04548858	    -10.14404680	      0.29264227	     51.43931531	     90.00000001	      0.00000000	      0.00000000
      8.76000000	      4.74303604	      0.21910107	     -1.52393654	      1.05989421	      0.92917399	     -0.11801941	     11.35536074	     -8.27524486	    -25.13588100	     34.07182601	      2.37142614	      0.59466555	     15.37571432	     12.24043788	     -7.50018932	     -8.56783617	     -1.50283766	    -17.47483605	     22.66967347	      2.29431983	      0.39566044	     22.41963173	      1.64031608	     -7.50018932	    -14.98498289	      2.54983095	     -4.93268430	      8.29172495	    -11.37986250	      2.02232023	     38.50186039	     90.00000001	      0.00000000	      0.00000000	    -11.06187943	    -10.12306022	      0.32688229	     51.45945880	     90.00000001	      0.00000000	      0.00000000
      8.77000000	      4.76583628	      0.04246724	     -1.44330880	      1.06269922	      0.92928720	     -0.11683245	     11.04547634	     -7.92965133	    -24.87905206	     33.96067128	      2.50247274	      0.59272553	     16.03005915	     12.04198777	     -7.50018694	     -8.58841186	     -1.83972881	    -17.63040697	     23.08715605	      2.14526374	      0.40294689	     22.27553742	      1.69100839	     -7.50018694	    -15.07434552	      2.87710506	     -5.18467727	      8.62969072	    -11.39118875	      2.07355905	     38.59338561	     90.00000001	      0.00000000	      0.00000000	    -11.30918346	    -10.24488492	      0.70211056	     51.87037964	     90.00000001	      0.00000000	      0.00000000
      8.78000000	      4.73516158	      0.03603680	     -1.45444457	      1.06550408	      0.92936247	     -0.11555976	     10.89132018	     -7.79280628	    -24.70276275	     33.97538783	      2.51180687	      0.59298238	     16.14723594	     11.96522917	     -7.50018608	     -8.61937629	     -1.91795625	    -17.61238081	     23.30289550	      2.01653624	      0.40671225	     22.19859781	      1.73017785	     -7.50018608	    -15.08365745	      2.99104822	     -5.28466676	      8.84967849	    -11.43112035	      2.08288132	     38.70202469	     90.00000001	      0.00000000	      0.00000000	    -11.35202948	    -10.26806000	      0.80537323	     51.93242821	     90.00000001	      0.00000000	      0.00000000
      8.79000000	      4.65739127	     -0.10496835	     -1.46691766	      1.06828339	      0.92939589	     -0.11419746	     10.69154001	     -7.43630336	    -24.30480433	     33.75030714	      2.65917257	      0.58905398	     16.29677747	     11.33258398	     -7.50018141	     -8.45611591	     -2.26529765	    -17.93205633	     23.90577995	      1.89314896	      0.41723457	     22.18983605	      1.90338984	     -7.50018141	    -15.04404332	      3.24866238	     -5.31962323	      9.02328760	    -11.52897466	      2.27978225	     38.85499601	     90.00000001	      0.00000000	      0.00000000	    -11.45631871	    -10.34721957	      1.12573147	     52.16401991	     90.00000001	      0.00000000	      0.00000000
      8.80000000	      4.66390500	     -0.03594590	     -1.49256991	      1.07100433	      0.92961265	     -0.11294859	     10.49705982	     -7.37985435	    -24.13020314	     33.73686841	      2.65771604	      0.58881943	     16.40533490	     11.24694184	     -7.50018059	     -8.45229723	     -2.26801691	    -17.87682108	     24.25632871	      1.77218938	      0.42335280	     22.03793776	      1.93959929	     -7.50018059	    -15.10052931	      3.27165831	     -5.39047622	      9.21492431	    -11.55473205	      2.29183784	     38.98254422	     90.00000001	      0.00000000	      0.00000000	    -11.45818431	    -10.35735552	      1.15174992	     52.18806635	     90.00000001	      0.00000000	      0.00000000
      8.81000000	      4.65201302	     -0.01823800	     -1.47448209	      1.07369124	      0.92982403	     -0.11179448	     10.23863811	     -7.28395932	    -23.94061270	     33.59461564	      2.77375517	      0.58633665	     16.62804792	     11.06274633	     -7.50017925	     -8.27530482	     -2.38778128	    -17.97972086	     24.93110829	      1.60191789	      0.43512993	     21.76147078	      1.87741214	     -7.50017925	    -15.14184653	      3.36726381	     -5.48028803	      9.37507889	    -11.60447174	      2.35639432	     39.14919593	     90.00000001	      0.00000000	      0.00000000	    -11.50612919	    -10.38996403	      1.20077148	     52.31983802	     90.00000001	      0.00000000	      0.00000000
      8.82000000	      4.61594670	     -0.00452429	     -1.52535802	      1.07633463	      0.93002720	     -0.11055521	     10.04445998	     -7.16304409	    -23.77628772	     33.46615203	      2.81687830	      0.58409454	     16.75079685	     10.89756765	     -7.50017799	     -8.06186979	     -2.50551210	    -18.05868001	     25.63750277	      1.45297545	      0.44745884	     21.52924038	      1.80007964	     -7.50017799	    -15.16107447	      3.45766547	     -5.50651317	      9.53295026	    -11.65407325	      2.45421801	     39.31701413	     90.00000001	      0.00000000	      0.00000000	    -11.55556231	    -10.38048520	      1.25180716	     52.42543345	     90.00000001	      0.00000000	      0.00000000
      8.83000000	      4.42170783	     -0.15298191	     -1.58277623	      1.07882130	      0.92994470	     -0.10917559	     10.01712251	     -6.76994431	    -23.46718948	     33.24947879	      2.84010096	      0.58031288	     16.73650636	     10.29169009	     -7.50017264	     -7.46337796	     -2.94025787	    -18.40066480	     26.82936112	      1.27803548	      0.46826069	     21.44053629	      1.76293022	     -7.50017264	    -15.01472985	      3.71645397	     -5.47471234	      9.63210998	    -11.86211243	      2.88926171	     39.61435585	     90.00000001	      0.00000000	      0.00000000	    -11.61261978	    -10.37985725	      1.30659630	     52.53136463	     90.00000001	      0.00000000	      0.00000000
      8.84000000	      4.50657352	     -0.00675618	     -1.67298398	      1.08132524	      0.93040998	     -0.10791961	      9.71189561	     -6.81694169	    -23.36522112	     33.14848055	      2.84201615	      0.57855013	     16.83572283	     10.28303892	     -7.50017179	     -7.30670962	     -2.89310686	    -18.31569353	     27.62721673	      1.13033039	      0.48218590	     21.07605378	      1.74471530	     -7.50017179	    -15.18780864	      3.63483135	     -5.44735057	      9.79022710	    -11.91067691	      2.92707175	     39.75404942	     90.00000001	      0.00000000	      0.00000000	    -11.59055831	    -10.40324141	      1.28933863	     52.59222466	     90.00000001	      0.00000000	      0.00000000
      8.85000000	      4.40200778	     -0.06524426	     -1.64147123	      1.08378820	      0.93051968	     -0.10689807	      9.50143099	     -6.68394320	    -23.40495829	     32.91536372	      2.97890664	      0.57448147	     17.01459773	     10.31680031	     -7.50016970	     -6.62730147	     -3.19944264	    -18.54205437	     29.07091333	      0.80943466	      0.50738315	     20.46853762	      1.43084614	     -7.50016970	    -15.14440000	      3.83244018	     -5.52246142	      9.89809032	    -12.02709977	      3.11459618	     40.05111196	     90.00000001	      0.00000000	      0.00000000	    -11.67459984	    -10.38530598	      1.27552639	     52.78401622	     90.00000001	      0.00000000	      0.00000000
      8.86000000	      4.25359203	     -0.10363720	     -1.72731827	      1.08608881	      0.93053234	     -0.10558366	      9.47032006	     -6.45835915	    -23.45800621	     32.77227230	      2.80660125	      0.57198405	     17.08319696	     10.40166307	     -7.50016487	     -5.85088286	     -3.53028763	    -18.61108998	     30.66297538	      0.63981018	      0.53516988	     20.11422714	      1.17709161	     -7.50016487	    -15.06974404	      3.96840277	     -5.44965607	      9.95434449	    -12.22790529	      3.57277741	     40.36392670	     90.00000001	      0.00000000	      0.00000000	    -11.68892739	    -10.36417323	      1.19721739	     52.85380668	     90.00000001	      0.00000000	      0.00000000
      8.87000000	      4.25493504	     -0.03418547	     -1.76165978	      1.08839923	      0.93084555	     -0.10454422	      9.18755256	     -6.48134540	    -23.54993727	     32.57603709	      2.87670031	      0.56855910	     17.21762528	     10.59213295	     -7.50016266	     -5.20377053	     -3.68149696	    -18.61406725	     32.21128039	      0.36206186	      0.56219290	     19.37533991	      0.94973307	     -7.50016266	    -15.16722307	      4.00481889	     -5.45716525	     10.06928030	    -12.34461568	      3.73277269	     40.62909606	     90.00000001	      0.00000000	      0.00000000	    -11.71095314	    -10.36046465	      1.14539529	     53.00632598	     90.00000001	      0.00000000	      0.00000000
      8.88000000	      4.25886869	      0.04075902	     -1.81186053	      1.09060117	      0.93112953	     -0.10350357	      8.92024912	     -6.52306193	    -23.68155225	     32.40763866	      2.93281807	      0.56562000	     17.34103228	     10.84847588	     -7.50016099	     -4.44363891	     -3.88176568	    -18.57332960	     33.98739442	      0.14587114	      0.59319194	     18.56096611	      0.68276940	     -7.50016099	    -15.28912688	      4.03360945	     -5.45350228	     10.18831258	    -12.47164173	      3.90957977	     40.91203837	     90.00000001	      0.00000000	      0.00000000	    -11.72675529	    -10.36297991	      1.08216786	     53.13484436	     90.00000001	      0.00000000	      0.00000000
      8.89000000	      4.12337740	      0.02004586	     -1.85835628	      1.09277987	      0.93114980	     -0.10238318	      8.82842174	     -6.39546717	    -23.92060329	     32.23737459	      2.82450073	      0.56264833	     17.47963741	     11.24005764	     -7.50015867	     -3.36911568	     -4.20347114	    -18.41538880	     36.06335404	     -0.15068976	      0.62942427	     17.70162198	      0.24822638	     -7.50015867	    -15.23682241	      4.15768562	     -5.36594674	     10.20624932	    -12.66447058	      4.24073256	     41.21999753	     90.00000001	      0.00000000	      0.00000000	    -11.74663464	    -10.32444815	      0.98299713	     53.30439423	     90.00000001	      0.00000000	      0.00000000
      8.90000000	      4.15546823	      0.11760804	     -1.93053453	      1.09493204	      0.93141461	     -0.10132700	      8.54684654	     -6.50342156	    -24.08403733	     32.11680717	      2.91813895	      0.56054403	     17.60549421	     11.57616195	     -7.50015716	     -2.48872830	     -4.42392235	    -18.21643326	     38.10012063	     -0.32102800	      0.66497255	     16.72388701	     -0.01283605	     -7.50015716	    -15.38903060	      4.14478084	     -5.36852338	     10.32809321	    -12.79374544	      4.45692776	     41.52740680	     90.00000001	      0.00000000	      0.00000000	    -11.77229596	    -10.33413626	      0.90468043	     53.41130329	     90.00000001	      0.00000000	      0.00000000
      8.91000000	      3.88815661	      0.05699118	     -1.94539941	      1.09683186	      0.93110332	     -0.10030701	      8.67125625	     -6.29076775	    -24.43725211	     31.99108564	      2.61857073	      0.55834978	     17.78045597	     12.13969526	     -7.50015402	     -1.00411679	     -4.84873569	    -17.77556907	     40.60456260	     -0.51913199	      0.70868331	     15.69134142	     -0.73294920	     -7.50015402	    -15.22256764	      4.32745767	     -5.27095758	     10.30487409	    -13.06952427	      4.97716281	     41.90067835	     90.00000001	      0.00000000	      0.00000000	    -11.78236449	    -10.28346307	      0.75918125	     53.59332866	     90.00000001	      0.00000000	      0.00000000
      8.92000000	      3.97961989	      0.19464899	     -2.00428883	      1.09890234	      0.93137946	     -0.09945645	      8.32559415	     -6.53813750	    -24.53420330	     31.95656124	      2.89689838	      0.55774721	     17.93573691	     12.42789978	     -7.50015194	     -0.02535044	     -5.00720282	    -17.40747411	     42.81980399	     -0.68486272	      0.74734656	     14.50871572	     -0.92377870	     -7.50015194	    -15.44712941	      4.27961561	     -5.23397844	     10.42096848	    -13.23099009	      5.14592882	     42.18809029	     90.00000001	      0.00000000	      0.00000000	    -11.77512340	    -10.28229238	      0.69488728	     53.74687014	     90.00000001	      0.00000000	      0.00000000
      8.93000000	      3.64723285	      0.08575507	     -1.98859037	      1.10062532	      0.93081205	     -0.09848758	      8.57500220	     -6.28781750	    -24.93312761	     31.92456415	      2.57136487	      0.55718876	     18.12130068	     13.00590285	     -7.50014683	      1.70888138	     -5.51723308	    -16.49827489	     45.55904571	     -0.59204398	      0.79515535	     13.28820500	     -2.05987402	     -7.50014683	    -15.22888417	      4.51606730	     -5.17469915	     10.39263735	    -13.54466640	      5.78285425	     42.56835297	     90.00000001	      0.00000000	      0.00000000	    -11.79409519	    -10.23998664	      0.53091601	     53.91286660	     90.00000001	      0.00000000	      0.00000000
      8.94000000	      3.52561552	      0.10641610	     -1.97565791	      1.10243161	      0.93056564	     -0.09768326	      8.54624796	     -6.32109889	    -25.15198002	     31.94242562	      2.59871871	      0.55750050	     18.31030628	     13.39316163	     -7.50014155	      3.16666871	     -5.81763360	    -15.57221479	     48.08365695	     -0.47017104	      0.83921813	     11.93878147	     -2.98546689	     -7.50014155	    -15.24003369	      4.60420372	     -5.15634038	     10.43529961	    -13.78127604	      6.17523264	     42.88648463	     90.00000001	      0.00000000	      0.00000000	    -11.80717526	    -10.23179596	      0.42146992	     54.10557534	     90.00000001	      0.00000000	      0.00000000
      8.95000000	      3.62217263	      0.20937359	     -1.99079515	      1.10438395	      0.93068604	     -0.09699844	      8.19405269	     -6.56517024	    -25.14763534	     31.92582481	      2.98980694	      0.55721076	     18.50927388	     13.57848402	     -7.50013936	      4.33477476	     -5.94449507	    -15.02338542	     50.34983844	     -0.65547730	      0.87877046	     10.66001469	     -3.08109336	     -7.50013936	    -15.49132300	      4.59036078	     -5.13259445	     10.52739163	    -13.93814349	      6.26055001	     43.14705067	     90.00000001	      0.00000000	      0.00000000	    -11.81994501	    -10.27564275	      0.37335001	     54.33800157	     90.00000001	      0.00000000	      0.00000000
      8.96000000	      3.51387550	      0.20297707	     -1.97444561	      1.10621237	      0.93030921	     -0.09625452	      8.16236768	     -6.56054407	    -25.20547845	     31.96357877	      3.06197014	      0.55786969	     18.70648177	     13.75697799	     -7.50013690	      5.84670431	     -6.24614956	    -14.28567163	     52.77101291	     -0.67260811	      0.92102792	      9.49789902	     -3.49794807	     -7.50013690	    -15.51459139	      4.70093960	     -5.09258284	     10.55973022	    -14.13178681	      6.49674262	     43.42223327	     90.00000001	      0.00000000	      0.00000000	    -11.84065620	    -10.26711434	      0.32517993	     54.58471549	     90.00000001	      0.00000000	      0.00000000
      8.97000000	      3.12789710	      0.19298868	     -1.90151135	      1.10761964	      0.92936345	     -0.09560175	      8.60127227	     -6.48947039	    -25.35602999	     32.19377836	      2.89110390	      0.56188743	     18.89071054	     13.81232854	     -7.50012671	      7.74958268	     -6.54285585	    -12.27745895	     55.24724942	      0.42919748	      0.96424641	      8.19647340	     -5.96462375	     -7.50012671	    -15.25587344	      4.82766259	     -5.14560090	     10.59093433	    -14.43770754	      7.15747814	     43.72399490	     90.00000001	      0.00000000	      0.00000000	    -11.86984458	    -10.24151605	      0.18459737	     54.71787633	     90.00000001	      0.00000000	      0.00000000
      8.98000000	      3.13889598	      0.21426906	     -1.91629325	      1.10946271	      0.92908237	     -0.09495250	      8.46785989	     -6.56598269	    -25.24272087	     32.31016419	      3.09903314	      0.56391875	     19.11033222	     13.83350349	     -7.50012375	      9.08341048	     -6.71461788	    -11.79377917	     57.27622910	      0.26517436	      0.99965878	      7.42546499	     -6.00995956	     -7.50012375	    -15.42234499	      4.89003524	     -5.08147861	     10.66615737	    -14.60658464	      7.22176958	     43.92092627	     90.00000001	      0.00000000	      0.00000000	    -11.88612407	    -10.25776271	      0.19201678	     54.95646648	     90.00000001	      0.00000000	      0.00000000
      8.99000000	      2.91857655	      0.16132849	     -1.90488842	      1.11108034	      0.92826262	     -0.09418254	      8.70030874	     -6.44988406	    -25.17063461	     32.51058264	      3.04885675	      0.56741671	     19.34043108	     13.78279685	     -7.50012021	     10.74681388	     -7.01109789	    -10.96553864	     59.30374485	      0.47077222	      1.03504561	      6.81997938	     -6.56619504	     -7.50012021	    -15.34206272	      5.01622302	     -5.03644428	     10.70239996	    -14.80986463	      7.49054933	     44.12247598	     90.00000001	      0.00000000	      0.00000000	    -11.91655181	    -10.28302661	      0.17411413	     55.17884791	     90.00000001	      0.00000000	      0.00000000
      9.00000000	      2.70745252	      0.14146904	     -1.89870026	      1.11263987	      0.92741502	     -0.09351894	      8.98393280	     -6.41972376	    -25.05341370	     32.86485238	      3.04644411	      0.57359988	     19.54185571	     13.58614199	     -7.50011566	     12.34499481	     -7.24679906	     -9.91116876	     61.07252481	      1.00647339	      1.06591664	      6.34494148	     -7.65387952	     -7.50011566	    -15.27891748	      5.11000307	     -5.00033689	     10.76841057	    -15.02308011	      7.81734406	     44.27199927	     90.00000001	      0.00000000	      0.00000000	    -11.93168154	    -10.28719764	      0.14802325	     55.33147337	     90.00000001	      0.00000000	      0.00000000
      9.01000000	      3.02193907	      0.37399060	     -2.10828893	      1.11457599	      0.92768418	     -0.09252127	      8.63321100	     -6.62972606	    -24.79794151	     33.02217645	      3.00538630	      0.57634571	     19.51697217	     13.53540246	     -7.50011449	     13.01903919	     -7.12128104	     -9.80396403	     62.04645107	      0.94534111	      1.08291486	      6.28549691	     -7.55586322	     -7.50011449	    -15.79972459	      4.83044294	     -4.76520258	     10.86194116	    -15.10259695	      7.80388312	     44.32878161	     90.00000001	      0.00000000	      0.00000000	    -11.82008873	    -10.35386471	      0.11543970	     55.40813453	     90.00000001	      0.00000000	      0.00000000
      9.02000000	      2.88001299	      0.18695604	     -1.89473656	      1.11626907	      0.92679572	     -0.09226847	      8.68473541	     -6.54146345	    -24.74052266	     33.30398044	      3.35717760	      0.58126411	     20.01020131	     13.38968220	     -7.50011257	     14.59649537	     -7.42864572	     -9.56282680	     63.41820482	      0.60214269	      1.10685648	      6.31145031	     -8.26443216	     -7.50011257	    -15.79231002	      5.14696936	     -4.94817824	     11.00162789	    -15.22820138	      7.88783458	     44.38863410	     90.00000001	      0.00000000	      0.00000000	    -11.92574244	    -10.39841384	      0.18429503	     55.68745715	     90.00000001	      0.00000000	      0.00000000
      9.03000000	      3.06072197	      0.36777537	     -2.05148442	      1.11799758	      0.92674819	     -0.09129939	      8.52504781	     -6.64743349	    -24.50022435	     33.48063147	      3.23699517	      0.58434725	     19.96064520	     13.28199428	     -7.50011122	     15.42212624	     -7.40621260	     -9.55462808	     63.99174957	      0.65985911	      1.11686672	      6.37853406	     -8.17461141	     -7.50011122	    -16.18503532	      4.90559090	     -4.75815314	     11.06881097	    -15.30374245	      7.89487287	     44.44794961	     90.00000001	      0.00000000	      0.00000000	    -11.80636103	    -10.47087182	      0.15813116	     55.77173838	     90.00000001	      0.00000000	      0.00000000
      9.04000000	      2.41761942	      0.21841409	     -1.96217986	      1.11926212	      0.92474527	     -0.09079010	      9.50040496	     -6.44665047	    -24.24214510	     34.21947465	      3.17223853	      0.59724250	     20.46413574	     12.67140758	     -7.50010701	     17.54658641	     -7.73308064	     -8.94352506	     65.04651991	      0.96231292	      1.13527594	      6.58390764	     -9.82099599	     -7.50010701	    -15.62683530	      5.13580531	     -4.82861999	     11.17150827	    -15.43713114	      8.22536992	     44.31229552	     90.00000001	      0.00000000	      0.00000000	    -11.91531580	    -10.49559421	      0.22982471	     55.92058514	     90.00000001	      0.00000000	      0.00000000
      9.05000000	      2.43378064	      0.24484774	     -1.96519727	      1.12094794	      0.92427064	     -0.09018661	      9.49759372	     -6.42703890	    -24.03797928	     34.45966578	      3.16021259	      0.60143463	     20.62950196	     12.40249978	     -7.50010449	     18.59324905	     -7.77864321	     -9.02709966	     65.23575920	      0.83814346	      1.13857879	      6.97837619	    -10.41104183	     -7.50010449	    -15.81656830	      5.10747274	     -4.82646759	     11.30069769	    -15.46363366	      8.20996771	     44.22039917	     90.00000001	      0.00000000	      0.00000000	    -11.90830275	    -10.54753350	      0.25819709	     56.03445369	     90.00000001	      0.00000000	      0.00000000
      9.06000000	      2.46564702	      0.23034678	     -1.95758883	      1.12264840	      0.92378151	     -0.08958750	      9.49180884	     -6.36495325	    -23.90457240	     34.74070299	      3.10297877	      0.60633965	     20.82714539	     12.19595330	     -7.50010283	     19.58217139	     -7.87181764	     -9.29885213	     65.17320358	      0.61499682	      1.13748699	      7.50902493	    -10.73454569	     -7.50010283	    -16.01577746	      5.10933296	     -4.82531580	     11.43175164	    -15.48194744	      8.18587153	     44.10171820	     90.00000001	      0.00000000	      0.00000000	    -11.86330058	    -10.59529484	      0.29979731	     56.07115915	     90.00000001	      0.00000000	      0.00000000
      9.07000000	      2.48663143	      0.19786171	     -1.95279690	      1.12440604	      0.92333510	     -0.08897521	      9.44824425	     -6.30649791	    -23.84337046	     34.94574041	      3.10610119	      0.60991823	     20.91494365	     12.05874111	     -7.50010170	     20.48859239	     -8.03474775	     -9.57595905	     64.77121926	      0.56933799	      1.13047104	      7.88177101	    -10.77408764	     -7.50010170	    -16.20797930	      5.11685634	     -4.79004294	     11.49811861	    -15.50857687	      8.16178183	     44.05442397	     90.00000001	      0.00000000	      0.00000000	    -11.82600996	    -10.63251676	      0.32192305	     56.11620925	     90.00000001	      0.00000000	      0.00000000
      9.08000000	      2.46533731	      0.12850745	     -1.93489157	      1.12609474	      0.92277574	     -0.08843443	      9.47505503	     -6.18424878	    -23.77630631	     35.17747480	      3.05953287	      0.61396276	     21.05276263	     11.91010325	     -7.50010063	     21.41923471	     -8.18443947	     -9.92829167	     64.15605490	      0.44501939	      1.11973439	      8.37849607	    -10.86434745	     -7.50010063	    -16.35355510	      5.16612936	     -4.79486898	     11.59673846	    -15.51531764	      8.13174970	     43.95937162	     90.00000001	      0.00000000	      0.00000000	    -11.79016197	    -10.66622766	      0.36102193	     56.14288326	     90.00000001	      0.00000000	      0.00000000
      9.09000000	      2.34022551	      0.17570425	     -2.00506215	      1.12771619	      0.92189608	     -0.08787897	      9.75901323	     -6.13614159	    -23.62446589	     35.60160065	      2.79997969	      0.62136515	     21.43393194	     11.64594683	     -7.50009886	     22.44860933	     -8.15571844	    -10.81699587	     63.39253866	     -0.10323623	      1.10640852	      9.29464010	    -11.12416840	     -7.50009886	    -16.36279760	      5.05536569	     -4.77338092	     11.82388695	    -15.41567894	      8.02722393	     43.45315841	     90.00000001	      0.00000000	      0.00000000	    -11.74856814	    -10.72472376	      0.44393313	     56.07225600	     90.00000001	      0.00000000	      0.00000000
      9.10000000	      2.26355218	      0.30396260	     -2.13209839	      1.12952255	      0.92120709	     -0.08730122	      9.93078891	     -6.29895955	    -23.38860142	     36.02186529	      2.84568318	      0.62870015	     21.68165724	     11.53952853	     -7.50009472	     23.25671524	     -8.07381134	    -12.04220221	     62.19123529	     -0.74671176	      1.08544182	      9.76915414	    -10.50900822	     -7.50009472	    -16.41160031	      4.82965180	     -4.71504416	     11.98442313	    -15.23401992	      7.64916714	     42.99961527	     90.00000001	      0.00000000	      0.00000000	    -11.74496494	    -10.76656378	      0.47264002	     56.06389701	     90.00000001	      0.00000000	      0.00000000
      9.11000000	      2.23239957	      0.19366618	     -2.11782340	      1.13133469	      0.92065432	     -0.08692845	      9.91281948	     -6.10823778	    -23.43612390	     36.14309170	      2.69413942	      0.63081595	     21.86081110	     11.43311904	     -7.50009315	     23.99540311	     -8.21532272	    -12.54526706	     60.89497787	     -0.79994004	      1.06281786	     10.32437783	    -10.41946775	     -7.50009315	    -16.51789407	      4.89770738	     -4.71773667	     12.07284445	    -15.21657284	      7.59011101	     42.81736262	     90.00000001	      0.00000000	      0.00000000	    -11.68723697	    -10.77665426	      0.51691299	     55.96320848	     90.00000001	      0.00000000	      0.00000000
      9.12000000	      2.20685628	      0.13698014	     -2.14847378	      1.13323697	      0.92014307	     -0.08655329	      9.89520779	     -6.00316328	    -23.45432933	     36.29632227	      2.57585385	      0.63349033	     22.04997385	     11.39976190	     -7.50009140	     24.61708816	     -8.27709634	    -13.22819237	     59.35647825	     -0.91619740	      1.03596598	     10.78895845	    -10.15680311	     -7.50009140	    -16.61096824	      4.88224692	     -4.70726670	     12.18528758	    -15.13239786	      7.47220189	     42.49784365	     90.00000001	      0.00000000	      0.00000000	    -11.63677147	    -10.77119056	      0.56003279	     55.82913457	     90.00000001	      0.00000000	      0.00000000
      9.13000000	      2.06718488	     -0.11963134	     -2.10822395	      1.13512954	      0.91932139	     -0.08629754	      9.93313416	     -5.78548103	    -23.51245239	     36.45339498	      2.74022861	      0.63623177	     22.08158146	     11.35586254	     -7.50009031	     25.38703778	     -8.60708175	    -13.59607631	     57.87708550	     -0.72085687	      1.01014570	     10.94825628	     -9.89702101	     -7.50009031	    -16.58441284	      5.10638156	     -4.72503551	     12.19756984	    -15.13218779	      7.41957278	     42.49867217	     90.00000001	      0.00000000	      0.00000000	    -11.68116823	    -10.75337423	      0.58940443	     55.86469836	     90.00000001	      0.00000000	      0.00000000
      9.14000000	      2.35767239	      0.14125512	     -2.29132952	      1.13745159	      0.91956242	     -0.08597107	      9.54190938	     -6.08952236	    -23.50426299	     36.59858066	      2.60723171	      0.63876573	     22.45397028	     11.72820953	     -7.50008733	     25.26527062	     -8.21645403	    -15.17201622	     55.64966013	     -1.34541385	      0.97126980	     11.37784440	     -9.01785879	     -7.50008733	    -16.97300921	      4.67524401	     -4.68150422	     12.47558781	    -14.81230456	      6.91031742	     41.64047593	     90.00000001	      0.00000000	      0.00000000	    -11.55581051	    -10.76214637	      0.58075501	     55.53716978	     90.00000001	      0.00000000	      0.00000000
      9.15000000	      2.14317232	     -0.19017295	     -2.24111443	      1.13952181	      0.91861620	     -0.08583114	      9.60308271	     -5.78031526	    -23.61270875	     36.67281810	      2.75967287	      0.64006142	     22.50961892	     11.68589784	     -7.50008639	     25.99579507	     -8.59229503	    -15.52048540	     54.07235354	     -1.06124920	      0.94374060	     11.49831666	     -8.79049751	     -7.50008639	    -16.82411933	      4.97387111	     -4.71447703	     12.43293667	    -14.81045768	      6.87581709	     41.70091004	     90.00000001	      0.00000000	      0.00000000	    -11.65395233	    -10.72336072	      0.61528644	     55.58272566	     90.00000001	      0.00000000	      0.00000000
      9.16000000	      2.44765811	     -0.05237289	     -2.38957144	      1.14205672	      0.91896689	     -0.08556945	      9.08470746	     -5.88669674	    -23.65331214	     36.58001535	      2.55660216	      0.63844171	     22.85958098	     12.23051383	     -7.50008252	     25.68284894	     -8.28097777	    -16.90516445	     51.71424673	     -1.50518018	      0.90258388	     11.76838553	     -7.60039699	     -7.50008252	    -17.20671625	      4.65928139	     -4.64103920	     12.55162015	    -14.54215738	      6.35665654	     41.12011420	     90.00000001	      0.00000000	      0.00000000	    -11.55371131	    -10.72000183	      0.59270340	     55.31976420	     90.00000001	      0.00000000	      0.00000000
      9.17000000	      2.23277252	     -0.38753002	     -2.36271644	      1.14430367	      0.91807226	     -0.08561639	      9.12922553	     -5.54909144	    -23.73908728	     36.61169187	      2.63903218	      0.63899457	     22.95516013	     12.17833717	     -7.50008171	     26.24199285	     -8.60506569	    -17.25769593	     50.11006529	     -1.17528579	      0.87458563	     11.83310895	     -7.41684430	     -7.50008171	    -17.02299695	      4.95396169	     -4.67093940	     12.50411776	    -14.55506143	      6.34777342	     41.10884910	     90.00000001	      0.00000000	      0.00000000	    -11.62867417	    -10.65550890	      0.63373341	     55.28126999	     90.00000001	      0.00000000	      0.00000000
      9.18000000	      2.52804938	     -0.33407170	     -2.50080330	      1.14699861	      0.91848945	     -0.08550302	      8.53362465	     -5.60551519	    -23.60921548	     36.42042853	      2.67238754	      0.63565639	     23.15300335	     12.42676486	     -7.50007891	     25.78546089	     -8.36691386	    -18.32398235	     47.84936454	     -1.29208371	      0.83512896	     11.74284957	     -6.64177019	     -7.50007891	    -17.36111219	      4.72893831	     -4.61389215	     12.59631909	    -14.35029324	      6.02524610	     40.65087197	     90.00000001	      0.00000000	      0.00000000	    -11.55699845	    -10.61345602	      0.59481314	     54.99360796	     90.00000001	      0.00000000	      0.00000000
      9.19000000	      2.40824796	     -0.56230667	     -2.55932072	      1.14947875	      0.91794864	     -0.08538957	      8.46327132	     -5.27858477	    -23.59203763	     36.32004028	      2.56461583	      0.63390429	     23.35576283	     12.37535533	     -7.50007799	     25.98787496	     -8.53038989	    -18.73966670	     46.19697171	     -0.99378234	      0.80628926	     11.67328484	     -6.34945922	     -7.50007799	    -17.24401522	      4.83834413	     -4.57438892	     12.51993067	    -14.29739750	      6.01181351	     40.50979083	     90.00000001	      0.00000000	      0.00000000	    -11.56743700	    -10.55836157	      0.61162689	     54.77642186	     90.00000001	      0.00000000	      0.00000000
      9.20000000	      2.70399704	     -0.63836158	     -2.70499079	      1.15233979	      0.91834290	     -0.08548835	      7.80766392	     -5.28670273	    -23.40278380	     36.13810856	      2.84066432	      0.63072898	     23.46221673	     12.40488778	     -7.50007607	     25.47745323	     -8.46254861	    -19.70880928	     44.36416336	     -1.00592627	      0.77430072	     11.43666719	     -5.72799628	     -7.50007607	    -17.56123849	      4.76473110	     -4.50139931	     12.59493766	    -14.16214367	      5.75767073	     40.24847038	     90.00000001	      0.00000000	      0.00000000	    -11.53974654	    -10.46961314	      0.58295578	     54.51341888	     90.00000001	      0.00000000	      0.00000000
      9.21000000	      2.52724860	     -0.94289562	     -2.65811561	      1.15527331	      0.91761416	     -0.08554996	      7.70483568	     -4.98040919	    -23.47987890	     36.09304492	      2.95338922	      0.62994247	     23.56561053	     12.37280054	     -7.50007580	     25.77009917	     -8.70526906	    -20.09800718	     43.30914083	     -0.80311876	      0.75588710	     11.44749110	     -5.66940129	     -7.50007580	    -17.29388749	      4.96390779	     -4.58630390	     12.40332508	    -14.06633676	      5.76521797	     40.21434520	     90.00000001	      0.00000000	      0.00000000	    -11.71446602	    -10.45271634	      0.59884374	     54.46859952	     90.00000001	      0.00000000	      0.00000000
      9.22000000	      2.61165613	     -1.04627712	     -2.86090294	      1.15815818	      0.91782293	     -0.08546838	      7.33045860	     -4.69673953	    -23.05168902	     35.74745086	      2.85548365	      0.62391072	     23.74240954	     12.26517703	     -7.50007494	     25.38820251	     -8.59085458	    -20.59480087	     41.73369147	     -0.76968512	      0.72839033	     11.10399040	     -5.18893206	     -7.50007494	    -17.35782778	      4.88298246	     -4.43490821	     12.30168317	    -13.97525159	      5.68905744	     40.05636235	     90.00000001	      0.00000000	      0.00000000	    -11.68100940	    -10.38299445	      0.56594604	     54.17674230	     90.00000001	      0.00000000	      0.00000000
      9.23000000	      2.99210973	     -1.13771167	     -3.08524625	      1.16152770	      0.91850094	     -0.08535306	      6.48617737	     -4.64530622	    -22.49584312	     35.39129475	      3.30560290	      0.61769462	     23.60888448	     11.72959588	     -7.50007080	     24.67871473	     -8.55789563	    -21.89359034	     40.53899123	     -1.20092259	      0.70753887	     11.19330591	     -3.71375684	     -7.50007080	    -17.70014257	      4.74057931	     -4.28829774	     12.20082639	    -13.75467736	      5.28000474	     39.95547303	     90.00000001	      0.00000000	      0.00000000	    -11.78321334	    -10.36293223	      0.53868146	     54.08898153	     90.00000001	      0.00000000	      0.00000000
      9.24000000	      2.90161784	     -1.34249598	     -3.07425348	      1.16464696	      0.91808594	     -0.08562538	      6.31735305	     -4.43726332	    -22.44616822	     35.37650952	      3.35026542	      0.61743657	     23.66531964	     11.71932457	     -7.50007060	     24.77845407	     -8.64880296	    -22.07397020	     40.08007271	     -1.11515069	      0.69952923	     11.17364823	     -3.70539259	     -7.50007060	    -17.49814145	      4.81380023	     -4.35609853	     11.99761336	    -13.68307680	      5.29979591	     39.92597507	     90.00000001	      0.00000000	      0.00000000	    -11.90782010	    -10.33663045	      0.54845106	     54.02207984	     90.00000001	      0.00000000	      0.00000000
      9.25000000	      2.91811926	     -1.49521287	     -3.29290109	      1.16781087	      0.91831699	     -0.08567445	      5.94785276	     -4.11836022	    -22.00882879	     34.93293391	      3.31449737	      0.60969471	     23.87869378	     11.64157560	     -7.50007011	     24.44651426	     -8.53270351	    -22.27436978	     39.14414772	     -1.25552824	      0.68319426	     10.96000320	     -3.58491754	     -7.50007011	    -17.42704179	      4.78108774	     -4.20253288	     11.84251113	    -13.61401916	      5.30787366	     39.90127038	     90.00000001	      0.00000000	      0.00000000	    -11.95320058	    -10.24767908	      0.52269234	     53.77654873	     90.00000001	      0.00000000	      0.00000000
      9.26000000	      3.38599610	     -1.55140469	     -3.54615704	      1.17134996	      0.91943363	     -0.08568472	      4.92776391	     -4.04982303	    -21.29650823	     34.36162211	      3.70999055	      0.59972344	     23.85205544	     11.26082145	     -7.50006889	     23.53863939	     -8.41193518	    -22.76797258	     38.46176891	     -1.39736616	      0.67128450	     10.69940473	     -3.37257570	     -7.50006889	    -17.84128985	      4.58481198	     -4.01754750	     11.64642832	    -13.49309775	      5.19712518	     39.97529410	     90.00000001	      0.00000000	      0.00000000	    -11.92946892	    -10.20510095	      0.42802540	     53.48575828	     90.00000001	      0.00000000	      0.00000000
      9.27000000	      3.44651171	     -1.65567363	     -3.71991839	      1.17477909	      0.91967540	     -0.08585390	      4.49153524	     -3.88026866	    -20.93434417	     34.02291257	      3.77980580	      0.59381185	     23.82874806	     11.03906782	     -7.50006820	     23.25223367	     -8.29920042	    -22.82677507	     38.15611176	     -1.58051107	      0.66594978	     10.74353275	     -3.29923226	     -7.50006820	    -17.77554749	      4.48694089	     -3.94020735	     11.42058918	    -13.37419442	      5.15241904	     40.01808768	     90.00000001	      0.00000000	      0.00000000	    -12.07560076	    -10.18680749	      0.40184171	     53.41943685	     90.00000001	      0.00000000	      0.00000000
      9.28000000	      3.71187725	     -1.75708948	     -3.94633958	      1.17836276	      0.92043738	     -0.08596255	      3.73891240	     -3.75801990	    -20.37737792	     33.53450491	      4.03661163	      0.58528752	     23.78029914	     10.69087733	     -7.50006714	     22.64801311	     -8.22882649	    -22.85374847	     37.90599101	     -1.68502164	      0.66158435	     10.74427962	     -3.32823062	     -7.50006714	    -17.93115563	      4.35451802	     -3.78839454	     11.17043332	    -13.25922465	      5.06095881	     40.14626984	     90.00000001	      0.00000000	      0.00000000	    -12.13937006	    -10.16032093	      0.34230664	     53.25667984	     90.00000001	      0.00000000	      0.00000000
      9.29000000	      3.68271399	     -1.83453422	     -4.14469679	      1.18187625	      0.92050852	     -0.08618229	      3.51160078	     -3.69542488	    -20.29185374	     33.49302124	      4.00116621	      0.58456350	     23.76533116	     10.66954757	     -7.50006706	     22.50590745	     -8.15457722	    -22.69809750	     37.96741287	     -1.81564609	      0.66265636	     10.74193614	     -3.33062394	     -7.50006706	    -17.73473264	      4.22919255	     -3.72597379	     10.95675138	    -13.13505902	      5.08510918	     40.12175754	     90.00000001	      0.00000000	      0.00000000	    -12.33115439	    -10.16034397	      0.33306894	     53.18160484	     90.00000001	      0.00000000	      0.00000000
      9.30000000	      4.04812447	     -1.87399461	     -4.41576683	      1.18555468	      0.92168805	     -0.08639436	      2.48652816	     -3.58651021	    -19.53322964	     32.59461375	      4.28123839	      0.56888333	     23.70048795	     10.39093032	     -7.50006599	     21.69302919	     -7.96453299	    -22.39057500	     37.72805277	     -1.78866704	      0.65847874	     10.87240545	     -3.85023715	     -7.50006599	    -17.99266520	      4.01294869	     -3.50172894	     10.63179873	    -13.04976658	      4.94852337	     40.44741582	     90.00000001	      0.00000000	      0.00000000	    -12.33905117	    -10.12523710	      0.21596807	     53.02100811	     90.00000001	      0.00000000	      0.00000000
      9.31000000	      4.00412097	     -1.94043253	     -4.64390509	      1.18910888	      0.92187309	     -0.08670859	      2.27655249	     -3.56087571	    -19.48471054	     32.55407189	      4.24332696	      0.56817574	     23.67864382	     10.37253461	     -7.50006592	     21.51811605	     -7.90035503	    -22.20584626	     37.82898598	     -1.90983012	      0.66024036	     10.85919170	     -3.86539852	     -7.50006592	    -17.77156838	      3.88519911	     -3.42559556	     10.41744792	    -12.90504951	      4.98119284	     40.42402599	     90.00000001	      0.00000000	      0.00000000	    -12.53397616	    -10.12370101	      0.20687949	     52.94642455	     90.00000001	      0.00000000	      0.00000000
      9.32000000	      4.42673427	     -1.94558562	     -4.87563919	      1.19277152	      0.92329774	     -0.08699125	      1.12236387	     -3.50170126	    -18.87204925	     31.50080815	      4.46635423	      0.54979282	     23.39231372	     10.07149040	     -7.50006431	     20.59107847	     -7.73202976	    -21.52124363	     37.63488713	     -1.50444510	      0.65685269	     10.77828279	     -5.03962099	     -7.50006431	    -18.10031417	      3.61870872	     -3.21021108	     10.03422870	    -12.81327973	      4.84172394	     40.83532587	     90.00000001	      0.00000000	      0.00000000	    -12.50447996	    -10.11953515	      0.05895955	     52.79372733	     90.00000001	      0.00000000	      0.00000000
      9.33000000	      4.35051758	     -1.98983567	     -5.12494478	      1.19624831	      0.92352033	     -0.08746107	      0.92787981	     -3.51646639	    -18.84479114	     31.40885380	      4.42749484	      0.54818791	     23.37908360	     10.06739975	     -7.50006424	     20.43150344	     -7.65931836	    -21.34375934	     37.73232759	     -1.60020551	      0.65855335	     10.79316350	     -5.08376916	     -7.50006424	    -17.84796726	      3.47961438	     -3.11757586	      9.83867571	    -12.68611347	      4.87111257	     40.82500726	     90.00000001	      0.00000000	      0.00000000	    -12.69642860	    -10.12080939	      0.04373610	     52.72423387	     90.00000001	      0.00000000	      0.00000000
      9.34000000	      4.29513298	     -1.83234496	     -5.38680518	      1.19980006	      0.92390501	     -0.08789660	      0.53257291	     -3.66504855	    -18.69550779	     30.81568741	      4.35391846	      0.53783521	     23.34310994	     10.15419680	     -7.50006399	     20.19087330	     -7.43383579	    -21.15920856	     37.80716723	     -1.45462184	      0.65985955	     10.98593188	     -5.38509090	     -7.50006399	    -17.59001345	      3.08816477	     -2.95927478	      9.49353100	    -12.57160908	      4.86955861	     40.94132505	     90.00000001	      0.00000000	      0.00000000	    -12.78098689	    -10.16598403	     -0.05840089	     52.65887367	     90.00000001	      0.00000000	      0.00000000
      9.35000000	      4.75215821	     -1.92223647	     -5.56104478	      1.20345411	      0.92552764	     -0.08859296	     -0.73171980	     -3.66595144	    -18.41280482	     29.73732379	      4.66379370	      0.51901421	     23.09664189	     10.56702672	     -7.50006260	     19.10180819	     -7.35807347	    -20.57811015	     37.36499826	     -0.99446282	      0.65214224	     10.91575446	     -6.68385770	     -7.50006260	    -17.97737408	      2.97665777	     -2.78874208	      9.11923744	    -12.50680685	      4.70128127	     41.52589889	     90.00000001	      0.00000000	      0.00000000	    -12.72677496	    -10.09546243	     -0.27606997	     52.46326449	     90.00000001	      0.00000000	      0.00000000
      9.36000000	      4.60073837	     -1.84956484	     -5.77504466	      1.20682037	      0.92579150	     -0.08928778	     -0.96151456	     -3.80106731	    -18.48487244	     29.33355870	      4.62159541	      0.51196718	     23.04145020	     10.64458367	     -7.50006233	     18.94671829	     -7.26503208	    -20.56648071	     37.34159134	     -0.86935591	      0.65173372	     10.97714038	     -6.88108762	     -7.50006233	    -17.63978210	      2.73201762	     -2.70072520	      8.87253620	    -12.38787707	      4.72229233	     41.57950091	     90.00000001	      0.00000000	      0.00000000	    -12.85410721	    -10.11456170	     -0.33197903	     52.41300486	     90.00000001	      0.00000000	      0.00000000
      9.37000000	      4.50259182	     -1.79514007	     -5.97455787	      1.21018540	      0.92622739	     -0.09008937	     -1.32483157	     -3.94309970	    -18.53259428	     28.79956890	      4.67165411	      0.50264730	     22.95292814	     10.86149088	     -7.50006203	     18.67330757	     -7.18752467	    -20.62578577	     37.20132431	     -0.72559954	      0.64928560	     11.08497577	     -7.11231538	     -7.50006203	    -17.37680545	      2.52562756	     -2.60901298	      8.59821826	    -12.28030406	      4.71040632	     41.73056711	     90.00000001	      0.00000000	      0.00000000	    -12.94123555	    -10.12440082	     -0.42900030	     52.33113709	     90.00000001	      0.00000000	      0.00000000
      9.38000000	      4.85694940	     -1.78975820	     -6.13431171	      1.21371064	      0.92765107	     -0.09105286	     -2.44570671	     -4.10116756	    -18.54606881	     27.77182331	      4.88927188	      0.48470976	     22.68057429	     11.74262069	     -7.50006097	     17.70636633	     -7.03620291	    -20.72834109	     36.68399585	     -0.60645957	      0.64025651	     11.09767701	     -7.49993280	     -7.50006097	    -17.65787952	      2.34352112	     -2.46193658	      8.26958212	    -12.22330431	      4.58134581	     42.21824715	     90.00000001	      0.00000000	      0.00000000	    -12.88790825	    -10.06467822	     -0.67977424	     52.12974405	     90.00000001	      0.00000000	      0.00000000
      9.39000000	      4.68054444	     -1.72752061	     -6.28218078	      1.21690623	      0.92793014	     -0.09200289	     -2.68707633	     -4.26679494	    -18.77281505	     27.32802558	      4.89433826	      0.47696402	     22.62281209	     11.92125799	     -7.50006066	     17.53329947	     -7.01262943	    -20.95233612	     36.53347601	     -0.43411733	      0.63762944	     11.13946335	     -7.51808482	     -7.50006066	    -17.32929443	      2.15981806	     -2.39600936	      8.05286443	    -12.10397344	      4.60493779	     42.28713935	     90.00000001	      0.00000000	      0.00000000	    -12.98514899	    -10.09837125	     -0.75245289	     52.08774854	     90.00000001	      0.00000000	      0.00000000
      9.40000000	      4.49018536	     -1.67269204	     -6.42537551	      1.22008194	      0.92822473	     -0.09302494	     -2.94585531	     -4.44862415	    -19.00284679	     26.82163201	      4.98736219	      0.46812579	     22.54717252	     12.13020159	     -7.50006044	     17.33845287	     -7.00620016	    -21.27383775	     36.31636627	     -0.26066251	      0.63384016	     11.23006783	     -7.52231983	     -7.50006044	    -16.99540156	      2.00142032	     -2.34509524	      7.82624714	    -12.00990761	      4.61223415	     42.38741650	     90.00000001	      0.00000000	      0.00000000	    -13.06326390	    -10.12983853	     -0.83997940	     52.02790602	     90.00000001	      0.00000000	      0.00000000
      9.41000000	      4.96912611	     -1.61034089	     -6.56128994	      1.22362184	      0.92989686	     -0.09422712	     -4.29492440	     -4.73680720	    -19.25810793	     25.61832508	      5.23159437	      0.44712412	     22.18044221	     13.55093240	     -7.50005926	     16.17543677	     -6.77818916	    -21.99374083	     35.63778151	     -0.40360658	      0.62199663	     11.34443354	     -6.85967567	     -7.50005926	    -17.42784639	      1.77215057	     -2.22374924	      7.55345300	    -11.95300569	      4.52113405	     42.83564144	     90.00000001	      0.00000000	      0.00000000	    -12.95623709	    -10.06318405	     -1.15486730	     51.83276765	     90.00000001	      0.00000000	      0.00000000
      9.42000000	      4.68651490	     -1.57455847	     -6.67552700	      1.22658401	      0.92993552	     -0.09537451	     -4.37609833	     -4.89574868	    -19.53359602	     25.26925381	      5.28927976	      0.44103168	     22.15292462	     13.62976058	     -7.50005908	     16.13398986	     -6.81833778	    -22.29668869	     35.48421106	     -0.20720918	      0.61931632	     11.43585506	     -6.78742658	     -7.50005908	    -17.02245871	      1.66473759	     -2.17783349	      7.39394241	    -11.85013855	      4.55644688	     42.87935717	     90.00000001	      0.00000000	      0.00000000	    -13.04381801	    -10.11196254	     -1.20576635	     51.82012540	     90.00000001	      0.00000000	      0.00000000
      9.43000000	      4.44621350	     -1.49278610	     -6.79038025	      1.22960093	      0.93009388	     -0.09660733	     -4.58713906	     -5.10358314	    -19.76672779	     24.72375465	      5.39381177	      0.43151092	     22.03877374	     13.87901340	     -7.50005886	     16.02266349	     -6.76635160	    -22.68184839	     35.25914258	     -0.06432892	      0.61538813	     11.57633187	     -6.64757370	     -7.50005886	    -16.66251100	      1.51400742	     -2.11006270	      7.19948551	    -11.77826753	      4.57733405	     42.96618383	     90.00000001	      0.00000000	      0.00000000	    -13.09111997	    -10.14584452	     -1.29710690	     51.76981225	     90.00000001	      0.00000000	      0.00000000
      9.44000000	      4.93218636	     -1.42462046	     -6.91631269	      1.23323343	      0.93158395	     -0.09789734	     -5.90038052	     -5.44946902	    -20.33344229	     23.66421313	      5.59025388	      0.41301843	     21.73510411	     15.96566900	     -7.50005536	     14.92690027	     -6.58213330	    -24.20395703	     34.73313264	     -0.62441945	      0.60620752	     12.33398386	     -3.91464643	     -7.50005536	    -17.09369137	      1.29731103	     -2.05145168	      7.01794745	    -11.72807898	      4.66047486	     43.32844874	     90.00000001	      0.00000000	      0.00000000	    -13.05125229	    -10.10270426	     -1.60933193	     51.63751695	     90.00000001	      0.00000000	      0.00000000
      9.45000000	      4.65789236	     -1.39392655	     -7.02983353	      1.23597894	      0.93160702	     -0.09921503	     -5.96509481	     -5.60143247	    -20.53923854	     23.30773766	      5.65631456	      0.40679676	     21.66560096	     16.01877011	     -7.50005513	     14.91104837	     -6.55493933	    -24.42110204	     34.57322735	     -0.48610949	      0.60341665	     12.42093177	     -3.87478144	     -7.50005513	    -16.74634359	      1.22043138	     -1.93349466	      6.88860995	    -11.67356449	      4.68947277	     43.36089495	     90.00000001	      0.00000000	      0.00000000	    -13.05728706	    -10.12974534	     -1.66655020	     51.63874334	     90.00000001	      0.00000000	      0.00000000
      9.46000000	      4.70110635	     -1.32717779	     -7.12598899	      1.23894749	      0.93229059	     -0.10067248	     -6.60260373	     -5.86568281	    -20.60046402	     22.50571049	      5.97962594	      0.39279875	     21.25967732	     16.60776647	     -7.50005424	     14.44772437	     -6.32847299	    -24.83169659	     34.17583384	     -0.57062985	      0.59648083	     12.61087585	     -3.42651430	     -7.50005424	    -16.75224406	      1.08832502	     -1.86474283	      6.76756355	    -11.62175478	      4.70990226	     43.53850987	     90.00000001	      0.00000000	      0.00000000	    -12.98074300	    -10.11574315	     -1.85803940	     51.46384567	     90.00000001	      0.00000000	      0.00000000
      9.47000000	      4.47990635	     -1.31678344	     -7.24229876	      1.24162690	      0.93235123	     -0.10192881	     -6.67176609	     -5.99510633	    -20.83471827	     22.24763454	      6.03218593	      0.38829447	     21.21083192	     16.62849649	     -7.50005405	     14.39061094	     -6.32538036	    -25.02710003	     34.06667987	     -0.40770898	      0.59457573	     12.67897922	     -3.34579712	     -7.50005405	    -16.48736129	      1.02799090	     -1.76250152	      6.69579483	    -11.54193924	      4.75472586	     43.56018116	     90.00000001	      0.00000000	      0.00000000	    -13.00269041	    -10.16838406	     -1.91362425	     51.46497670	     90.00000001	      0.00000000	      0.00000000
      9.48000000	      4.28275818	     -1.28438017	     -7.36160205	      1.24430973	      0.93245415	     -0.10323346	     -6.79293742	     -6.15010838	    -20.99395072	     21.90105895	      6.12751373	      0.38224559	     21.06281940	     16.75481641	     -7.50005383	     14.30543840	     -6.23711112	    -25.20679072	     33.90839595	     -0.32321171	      0.59181315	     12.80608733	     -3.23497748	     -7.50005383	    -16.25411766	      0.95110809	     -1.65657946	      6.62991299	    -11.46853052	      4.80811932	     43.58820091	     90.00000001	      0.00000000	      0.00000000	    -12.99984936	    -10.21320782	     -1.99029283	     51.42831622	     90.00000001	      0.00000000	      0.00000000
      9.49000000	      4.27317035	     -1.20230363	     -7.45744995	      1.24703955	      0.93290173	     -0.10464983	     -7.20524904	     -6.39907796	    -21.03754539	     21.38619358	      6.32659647	      0.37325949	     20.66502793	     17.14007901	     -7.50005330	     13.99048149	     -5.97123643	    -25.42923557	     33.60074234	     -0.39273918	      0.58644358	     13.05664936	     -2.90062253	     -7.50005330	    -16.22516635	      0.79685979	     -1.56900521	      6.61474658	    -11.39947563	      4.90436793	     43.63948022	     90.00000001	      0.00000000	      0.00000000	    -12.92730039	    -10.22467890	     -2.13977080	     51.29848131	     90.00000001	      0.00000000	      0.00000000
      9.50000000	      4.38212176	     -1.18799810	     -7.57616190	      1.24980047	      0.93352460	     -0.10605844	     -7.68232624	     -6.61429871	    -21.25279038	     21.02778745	      6.47812072	      0.36700413	     20.40774000	     17.46504343	     -7.50005207	     13.50442509	     -5.78911067	    -25.78229875	     33.27602304	     -0.46637023	      0.58077616	     13.22702515	     -2.25437829	     -7.50005207	    -16.35474800	      0.71903811	     -1.49151093	      6.65832355	    -11.36839423	      5.05529315	     43.63695123	     90.00000001	      0.00000000	      0.00000000	    -12.90623390	    -10.23940829	     -2.32775304	     51.26329549	     90.00000001	      0.00000000	      0.00000000
      9.51000000	      4.23204872	     -1.24536250	     -7.66765823	      1.25211410	      0.93362039	     -0.10736245	     -7.68391790	     -6.64789596	    -21.32806117	     20.98271476	      6.48660140	      0.36621746	     20.39175658	     17.45356797	     -7.50005201	     13.47744273	     -5.75534614	    -25.79204330	     33.26065157	     -0.45996374	      0.58050788	     13.25672159	     -2.24246356	     -7.50005201	    -16.24966511	      0.74302817	     -1.39372532	      6.71894630	    -11.27735504	      5.09133291	     43.66417411	     90.00000001	      0.00000000	      0.00000000	    -12.88178686	    -10.30267672	     -2.35481528	     51.27063132	     90.00000001	      0.00000000	      0.00000000
      9.52000000	      4.05016171	     -1.23566392	     -7.79772631	      1.25459540	      0.93364763	     -0.10863913	     -7.66468879	     -6.75215470	    -21.46176070	     20.87975660	      6.46597435	      0.36442050	     20.26155025	     17.43911148	     -7.50005183	     13.43490478	     -5.65020509	    -25.87781309	     33.13866554	     -0.40709755	      0.57837882	     13.41420812	     -2.23590115	     -7.50005183	    -16.06178655	      0.68107455	     -1.24293869	      6.72362701	    -11.22278179	      5.16396804	     43.61545789	     90.00000001	      0.00000000	      0.00000000	    -12.86841921	    -10.35289231	     -2.39829839	     51.24966453	     90.00000001	      0.00000000	      0.00000000
      9.53000000	      3.93237108	     -1.29674344	     -7.83647986	      1.25691767	      0.93375919	     -0.11014402	     -7.67363748	     -6.77567699	    -21.46310493	     20.89108053	      6.45366065	      0.36461814	     20.23586496	     17.42935202	     -7.50005178	     13.40298000	     -5.58787102	    -25.86296419	     33.14516464	     -0.40346085	      0.57849225	     13.42521824	     -2.22374206	     -7.50005178	    -15.99569838	      0.74427518	     -1.18549653	      6.77989127	    -11.16381927	      5.18577953	     43.63994418	     90.00000001	      0.00000000	      0.00000000	    -12.83997108	    -10.40560374	     -2.41790688	     51.25733924	     90.00000001	      0.00000000	      0.00000000
      9.54000000	      3.81076198	     -1.35795493	     -7.92859891	      1.25917172	      0.93387091	     -0.11144520	     -7.65603339	     -6.79859575	    -21.50296477	     20.89956313	      6.44705643	      0.36476619	     20.18113534	     17.40733912	     -7.50005172	     13.36206821	     -5.51962541	    -25.84183291	     33.11878716	     -0.42018635	      0.57803188	     13.47106279	     -2.21918213	     -7.50005172	    -15.92601631	      0.76836985	     -1.08345021	      6.87204902	    -11.08066952	      5.22689765	     43.65784998	     90.00000001	      0.00000000	      0.00000000	    -12.81469905	    -10.47354863	     -2.44528997	     51.25100958	     90.00000001	      0.00000000	      0.00000000
      9.55000000	      3.71380183	     -1.24716440	     -8.19312047	      1.26148352	      0.93410315	     -0.11258627	     -7.48790067	     -7.02484422	    -21.62259913	     21.12439636	      6.22183602	      0.36869027	     19.66342737	     17.26436750	     -7.50005138	     13.10489945	     -5.17295691	    -25.95109647	     32.64833579	     -0.45905465	      0.56982095	     13.97458037	     -2.32755889	     -7.50005138	    -15.84352859	      0.56873950	     -0.84715818	      7.04328114	    -11.00803035	      5.47140553	     43.31651595	     90.00000001	      0.00000000	      0.00000000	    -12.74789035	    -10.51288854	     -2.51467605	     51.08723454	     90.00000001	      0.00000000	      0.00000000
      9.56000000	      3.67188904	     -1.13576106	     -8.32596678	      1.26367358	      0.93432219	     -0.11397039	     -7.36922193	     -7.35210091	    -21.68723848	     21.52101699	      6.25803835	      0.37561260	     19.52442234	     17.02731955	     -7.50005070	     12.90565153	     -4.84241718	    -25.95663389	     32.38627316	     -0.45788438	      0.56524710	     13.98335707	     -2.34603147	     -7.50005070	    -15.84125770	      0.39104390	     -0.78969977	      7.27810763	    -10.91961446	      5.71867670	     43.05003821	     90.00000001	      0.00000000	      0.00000000	    -12.73038290	    -10.55848443	     -2.63420926	     51.02703711	     90.00000001	      0.00000000	      0.00000000
      9.57000000	      3.57607655	     -1.09275541	     -8.44933915	      1.26571678	      0.93446518	     -0.11531419	     -7.14825880	     -7.52906549	    -21.68507541	     21.92225675	      6.15975301	      0.38261556	     19.43003957	     16.81130893	     -7.50004983	     12.80246826	     -4.59964924	    -25.93001705	     32.18534799	     -0.49832353	      0.56174029	     14.01592065	     -2.49474734	     -7.50004983	    -15.80700288	      0.29085338	     -0.72451071	      7.48722569	    -10.82868440	      5.89841020	     42.89356445	     90.00000001	      0.00000000	      0.00000000	    -12.72924116	    -10.60763794	     -2.72485311	     51.01084875	     90.00000001	      0.00000000	      0.00000000
      9.58000000	      3.50969847	     -1.16473638	     -8.52980730	      1.26777389	      0.93469904	     -0.11668745	     -7.00768532	     -7.52269842	    -21.64424723	     22.21872131	      5.99294936	      0.38778984	     19.28427219	     16.70097973	     -7.50004955	     12.67158541	     -4.48936160	    -25.89538017	     32.03328459	     -0.54640663	      0.55908629	     14.11148255	     -2.56427482	     -7.50004955	    -15.82510420	      0.33237228	     -0.64978907	      7.66831447	    -10.75889385	      5.97727057	     42.82319293	     90.00000001	      0.00000000	      0.00000000	    -12.70559602	    -10.65450693	     -2.74357259	     50.98234119	     90.00000001	      0.00000000	      0.00000000
      9.59000000	      3.42770969	     -1.14408712	     -8.67867162	      1.26977513	      0.93491601	     -0.11789937	     -6.72495304	     -7.64680388	    -21.67418395	     22.72546805	      5.77058799	      0.39663424	     19.09079796	     16.42685649	     -7.50004911	     12.49969281	     -4.32502065	    -25.89217923	     31.79634154	     -0.47247105	      0.55495085	     14.21445128	     -2.66491874	     -7.50004911	    -15.80560547	      0.24382791	     -0.51910669	      7.88219941	    -10.67285157	      6.13327835	     42.61817435	     90.00000001	      0.00000000	      0.00000000	    -12.68085593	    -10.71458890	     -2.77614634	     50.94036150	     90.00000001	      0.00000000	      0.00000000
      9.60000000	      3.34389489	     -1.13861527	     -8.77799585	      1.27173692	      0.93512053	     -0.11925971	     -6.45352342	     -7.77004265	    -21.63154518	     23.21909484	      5.60554300	      0.40524965	     18.95663781	     16.18188035	     -7.50004869	     12.36408472	     -4.14955259	    -25.87199268	     31.57684475	     -0.45286611	      0.55111991	     14.26023287	     -2.75656488	     -7.50004869	    -15.79089758	      0.19215024	     -0.45126111	      8.09684262	    -10.58470560	      6.26712132	     42.46569861	     90.00000001	      0.00000000	      0.00000000	    -12.67822815	    -10.76920006	     -2.80588031	     50.90999719	     90.00000001	      0.00000000	      0.00000000
      9.61000000	      3.21956082	     -1.02169366	     -8.89107775	      1.27367943	      0.93521365	     -0.12063579	     -6.03371094	     -8.05689047	    -21.55335475	     23.91472368	      5.47332324	      0.41739067	     18.86927904	     15.77980964	     -7.50004778	     12.25734811	     -3.83811652	    -25.85078028	     31.28292408	     -0.41677791	      0.54599002	     14.22789635	     -2.95806843	     -7.50004778	    -15.70257006	      0.02230063	     -0.41333234	      8.33991097	    -10.49068638	      6.46311510	     42.23998701	     90.00000001	      0.00000000	      0.00000000	    -12.70087686	    -10.82932279	     -2.86516225	     50.88620059	     90.00000001	      0.00000000	      0.00000000
      9.62000000	      3.18196636	     -1.13253073	     -8.89363546	      1.27562678	      0.93556676	     -0.12208518	     -5.88453123	     -8.00596060	    -21.41768042	     24.27085647	      5.31093043	      0.42360636	     18.70682439	     15.71059374	     -7.50004761	     12.07341450	     -3.80291163	    -25.83629209	     31.11278697	     -0.40969661	      0.54302057	     14.28208629	     -2.98482824	     -7.50004761	    -15.76422340	      0.11610752	     -0.46385379	      8.54749617	    -10.39100837	      6.51115226	     42.25629241	     90.00000001	      0.00000000	      0.00000000	    -12.72459012	    -10.87060841	     -2.86258754	     50.83011319	     90.00000001	      0.00000000	      0.00000000
      9.63000000	      3.16733304	     -1.19319047	     -8.98272760	      1.27752464	      0.93598727	     -0.12338018	     -5.59980023	     -8.03051161	    -21.32110951	     24.89840571	      5.01331572	      0.43455916	     18.41497248	     15.50539102	     -7.50004738	     11.77743212	     -3.73444502	    -25.82877465	     30.80137777	     -0.27255700	      0.53758546	     14.37214043	     -2.98590202	     -7.50004738	    -15.83699857	      0.12712962	     -0.39284140	      8.77433137	    -10.31799508	      6.62006123	     42.14792945	     90.00000001	      0.00000000	      0.00000000	    -12.71736309	    -10.90877004	     -2.86924040	     50.78613154	     90.00000001	      0.00000000	      0.00000000
      9.64000000	      3.09317160	     -1.03526766	     -9.16465107	      1.27947613	      0.93624560	     -0.12455573	     -5.10823876	     -8.37511737	    -21.29036270	     25.76027113	      4.73486634	      0.44960155	     18.14378148	     15.04021303	     -7.50004685	     11.49354166	     -3.44461853	    -25.86449344	     30.35778408	     -0.04067977	      0.52984329	     14.39946153	     -2.99282253	     -7.50004685	    -15.77424178	     -0.12893361	     -0.22655876	      8.96660140	    -10.25806122	      6.84723209	     41.88216890	     90.00000001	      0.00000000	      0.00000000	    -12.71264680	    -10.96152554	     -2.91361092	     50.78059864	     90.00000001	      0.00000000	      0.00000000
      9.65000000	      3.05764227	     -1.13908972	     -9.09759637	      1.28141861	      0.93664933	     -0.12609662	     -4.93864643	     -8.36049969	    -21.08529988	     26.16962104	      4.62799284	      0.45674605	     17.99245603	     14.97532294	     -7.50004670	     11.29449779	     -3.41630498	    -25.87088187	     30.16882258	     -0.03176021	      0.52654529	     14.41289231	     -2.98938544	     -7.50004670	    -15.81688992	     -0.03139729	     -0.38154965	      9.18158308	    -10.15445686	      6.89267732	     41.94258934	     90.00000001	      0.00000000	      0.00000000	    -12.78225693	    -10.99983745	     -2.90536879	     50.70803256	     90.00000001	      0.00000000	      0.00000000
      9.66000000	      3.06721515	     -1.19831754	     -9.19553634	      1.28322874	      0.93715021	     -0.12735560	     -4.57485161	     -8.44189739	    -20.90992764	     26.99962951	      4.36445935	      0.47123243	     17.62009601	     14.73229714	     -7.50004646	     10.91484923	     -3.35448469	    -25.85486856	     29.75625058	      0.16320174	      0.51934455	     14.45560691	     -2.91645985	     -7.50004646	    -15.91290592	     -0.03057802	     -0.34415025	      9.43632036	    -10.07695666	      7.02237068	     41.88718370	     90.00000001	      0.00000000	      0.00000000	    -12.81397442	    -11.03065533	     -2.91527634	     50.66259218	     90.00000001	      0.00000000	      0.00000000
      9.67000000	      2.97000784	     -0.87389709	     -9.33769338	      1.28517140	      0.93733547	     -0.12874586	     -3.94855482	     -9.07061467	    -20.64355153	     28.09011287	      4.28277879	      0.49026496	     17.35588530	     13.99484522	     -7.50004541	     10.63892037	     -2.81147679	    -25.95512846	     29.13259023	      0.30482502	      0.50845962	     14.33600986	     -2.89778609	     -7.50004541	    -15.78085208	     -0.44427982	     -0.28659600	      9.58675492	    -10.05199595	      7.36828485	     41.70498757	     90.00000001	      0.00000000	      0.00000000	    -12.86239857	    -11.08157674	     -2.99450316	     50.69282770	     90.00000001	      0.00000000	      0.00000000
      9.68000000	      2.98717555	     -0.97793658	     -9.34703340	      1.28705986	      0.93788468	     -0.13009837	     -3.65631456	     -9.08747410	    -20.42605216	     28.80389258	      4.04913568	      0.50272276	     16.94953949	     13.79320565	     -7.50004502	     10.25843233	     -2.85176019	    -25.94475464	     28.79868820	      0.57148434	      0.50263193	     14.36794376	     -2.82150567	     -7.50004502	    -15.87528349	     -0.37882633	     -0.28421509	      9.75086372	    -10.01186716	      7.46165482	     41.72158570	     90.00000001	      0.00000000	      0.00000000	    -12.88104860	    -11.10102568	     -3.00359028	     50.65489306	     90.00000001	      0.00000000	      0.00000000
      9.69000000	      2.98514918	     -0.91807377	     -9.39884641	      1.28901609	      0.93835501	     -0.13140250	     -3.26235052	     -9.33198895	    -20.13744101	     29.65176380	      3.88121381	      0.51752091	     16.48879974	     13.34861115	     -7.50004435	      9.85151493	     -2.67553209	    -26.00321559	     28.29314063	      0.80699770	      0.49380846	     14.35911815	     -2.68585412	     -7.50004435	    -15.89395434	     -0.50762326	     -0.31429616	      9.90956423	     -9.96601815	      7.65852310	     41.75451123	     90.00000001	      0.00000000	      0.00000000	    -12.94404085	    -11.13892859	     -3.02805870	     50.61922195	     90.00000001	      0.00000000	      0.00000000
      9.70000000	      3.00206442	     -0.92589298	     -9.40798707	      1.29093794	      0.93888459	     -0.13278029	     -2.90862872	     -9.51418350	    -19.80461236	     30.49785785	      3.76754529	      0.53228803	     16.00538184	     12.92412530	     -7.50004369	      9.44008175	     -2.57889375	    -26.05425566	     27.83881820	      1.03053589	      0.48587904	     14.34049461	     -2.52221213	     -7.50004369	    -15.94890721	     -0.54759765	     -0.36038683	     10.05983158	     -9.94165193	      7.83394161	     41.82672023	     90.00000001	      0.00000000	      0.00000000	    -12.99826745	    -11.17309358	     -3.04821042	     50.59178039	     90.00000001	      0.00000000	      0.00000000
      9.71000000	      3.03795887	     -0.97748365	     -9.39419476	      1.29288070	      0.93944632	     -0.13413672	     -2.58068612	     -9.64852921	    -19.48358840	     31.35083107	      3.65261505	      0.54717523	     15.46930661	     12.54758819	     -7.50004317	      9.00514386	     -2.55477613	    -26.09784925	     27.41978858	      1.29028082	      0.47856559	     14.33729215	     -2.32977025	     -7.50004317	    -16.02848362	     -0.54361318	     -0.40664757	     10.18732435	     -9.92426164	      7.98326200	     41.91490224	     90.00000001	      0.00000000	      0.00000000	    -13.04155704	    -11.18700063	     -3.05921879	     50.56697523	     90.00000001	      0.00000000	      0.00000000
      9.72000000	      3.05645263	     -0.94878412	     -9.37579357	      1.29479303	      0.93996179	     -0.13559853	     -2.20716387	     -9.92138966	    -18.95919166	     32.25573092	      3.72894387	      0.56296871	     14.88888877	     11.77783024	     -7.50004209	      8.60078898	     -2.36704943	    -26.21558145	     26.90095273	      1.38916656	      0.46951020	     14.27748456	     -2.04371418	     -7.50004209	    -16.07672210	     -0.61255013	     -0.49861376	     10.29484742	     -9.93879926	      8.25136867	     42.07519892	     90.00000001	      0.00000000	      0.00000000	    -13.10744380	    -11.21096675	     -3.07885696	     50.56056117	     90.00000001	      0.00000000	      0.00000000
      9.73000000	      3.12028853	     -1.09349203	     -9.31498775	      1.29675312	      0.94057933	     -0.13691689	     -1.92999919	     -9.94885659	    -18.67434899	     33.10710437	      3.60662600	      0.57782798	     14.27737274	     11.51767648	     -7.50004169	      8.14282565	     -2.50716601	    -26.24294563	     26.58840358	      1.73658102	      0.46405519	     14.30683010	     -1.84490232	     -7.50004169	    -16.19360477	     -0.50464792	     -0.55417603	     10.40421440	     -9.94297397	      8.33281459	     42.17827746	     90.00000001	      0.00000000	      0.00000000	    -13.14615096	    -11.22514060	     -3.08533150	     50.52799275	     90.00000001	      0.00000000	      0.00000000
      9.74000000	      3.17210841	     -1.15187924	     -9.27433548	      1.29870285	      0.94116022	     -0.13823958	     -1.58475423	    -10.09823414	    -18.32172350	     34.02270389	      3.53736110	      0.59380820	     13.55640911	     11.06039885	     -7.50004121	      7.67642968	     -2.50358008	    -26.32661433	     26.14966824	      2.00048661	      0.45639781	     14.32309105	     -1.55870245	     -7.50004121	    -16.28043355	     -0.49142704	     -0.63353887	     10.48500010	     -9.93596869	      8.48303127	     42.34459022	     90.00000001	      0.00000000	      0.00000000	    -13.20627569	    -11.24079404	     -3.09422648	     50.51198428	     90.00000001	      0.00000000	      0.00000000
      9.75000000	      3.21582065	     -1.15056340	     -9.24281756	      1.30062980	      0.94167164	     -0.13976278	     -1.22005308	    -10.39053334	    -17.60703627	     34.99404708	      3.81242274	      0.61076134	     12.76300146	      9.87247428	     -7.50003991	      7.25867495	     -2.33773449	    -26.52889322	     25.66883209	      2.03192011	      0.44800564	     14.27604621	     -1.05667901	     -7.50003991	    -16.34529701	     -0.51355370	     -0.73791716	     10.56242739	     -9.99849605	      8.81051790	     42.61323279	     90.00000001	      0.00000000	      0.00000000	    -13.28804374	    -11.21438256	     -3.08339890	     50.52024850	     90.00000001	      0.00000000	      0.00000000
      9.76000000	      3.27658777	     -1.41066593	     -9.02574672	      1.30255394	      0.94228793	     -0.14118125	     -1.03750432	    -10.28246727	    -17.35486452	     35.73710762	      3.80095648	      0.62373019	     12.29631808	      9.82369370	     -7.50003971	      6.89982620	     -2.59217826	    -26.54427048	     25.50684826	      2.22350887	      0.44517848	     14.29665470	     -0.94098672	     -7.50003971	    -16.47608432	     -0.24256877	     -0.97317094	     10.67318907	     -9.96436087	      8.80875765	     42.74443677	     90.00000001	      0.00000000	      0.00000000	    -13.34452946	    -11.27708059	     -3.08200965	     50.45450453	     90.00000001	      0.00000000	      0.00000000
      9.77000000	      3.37635030	     -1.58231264	     -8.95366492	      1.30447245	      0.94287833	     -0.14237091	     -0.73294910	    -10.33175335	    -17.12347566	     36.73348581	      3.73453888	      0.64112027	     11.47295664	      9.58255059	     -7.50003945	      6.40798148	     -2.77315342	    -26.56412658	     25.20951379	      2.56804595	      0.43998902	     14.34830278	     -0.68949989	     -7.50003945	    -16.61697060	     -0.12069524	     -1.02646888	     10.75429531	     -9.97965665	      8.86921777	     42.88848255	     90.00000001	      0.00000000	      0.00000000	    -13.36379729	    -11.28242511	     -3.08567500	     50.46020392	     90.00000001	      0.00000000	      0.00000000
      9.78000000	      3.41274855	     -1.51130410	     -8.95472296	      1.30634506	      0.94331587	     -0.14364652	     -0.27119590	    -10.69935861	    -16.45978876	     37.78023967	      3.97841082	      0.65938957	     10.29937469	      8.19281779	     -7.50003836	      5.99001588	     -2.55981965	    -26.82462728	     24.68760784	      2.64584387	      0.43088004	     14.38076066	     -0.00728107	     -7.50003836	    -16.66519313	     -0.25257572	     -1.03334711	     10.70287081	    -10.08077582	      9.19615823	     43.17864456	     90.00000001	      0.00000000	      0.00000000	    -13.40664670	    -11.32888457	     -3.08738153	     50.54132184	     90.00000001	      0.00000000	      0.00000000
      9.79000000	      3.48754343	     -1.69751366	     -8.87236762	      1.30825742	      0.94383577	     -0.14479228	      0.02745630	    -10.71386252	    -16.14516852	     38.66556327	      3.98742560	      0.67484139	      9.45785401	      7.78724746	     -7.50003783	      5.57415800	     -2.77710117	    -26.90436548	     24.49243043	      2.95500579	      0.42747355	     14.48287571	      0.27612876	     -7.50003783	    -16.77900561	     -0.09995262	     -1.10214396	     10.75984845	    -10.08316014	      9.26102309	     43.31782422	     90.00000001	      0.00000000	      0.00000000	    -13.45492469	    -11.34844898	     -3.08293237	     50.54228944	     90.00000001	      0.00000000	      0.00000000
      9.80000000	      3.57654379	     -1.98253970	     -8.63145441	      1.31013658	      0.94437161	     -0.14620526	      0.19783295	    -10.62755096	    -15.93667515	     39.41211611	      4.07534262	      0.68787119	      9.01213409	      7.70920011	     -7.50003765	      5.25510078	     -3.00286040	    -26.89063303	     24.38608893	      2.98268680	      0.42561754	     14.48802523	      0.40371116	     -7.50003765	    -16.93300947	      0.21052007	     -1.33686994	     10.85039491	    -10.05963539	      9.25323706	     43.44984894	     90.00000001	      0.00000000	      0.00000000	    -13.49663613	    -11.37642865	     -3.06339591	     50.50287220	     90.00000001	      0.00000000	      0.00000000
      9.81000000	      3.62995185	     -2.00143998	     -8.64072638	      1.31201497	      0.94473850	     -0.14717392	      0.65892741	    -10.86803068	    -15.62053367	     40.41797063	      4.09209087	      0.70542666	      7.77020459	      6.93774009	     -7.50003707	      4.83839591	     -2.98832621	    -27.03205323	     24.04101751	      3.24287561	      0.41959491	     14.62460297	      0.88700070	     -7.50003707	    -16.99198307	      0.15364865	     -1.30917215	     10.81542738	    -10.10248389	      9.39323209	     43.64013028	     90.00000001	      0.00000000	      0.00000000	    -13.53872243	    -11.43433021	     -3.05562230	     50.60719570	     90.00000001	      0.00000000	      0.00000000
      9.82000000	      3.73975361	     -2.24946425	     -8.44549439	      1.31384543	      0.94522469	     -0.14841628	      0.84733995	    -10.85082857	    -15.42575731	     41.17189726	      4.23105930	      0.71858517	      7.26804877	      6.73211849	     -7.50003682	      4.51795618	     -3.20037534	    -27.02200223	     23.98768334	      3.31266441	      0.41866405	     14.64979043	      1.06963081	     -7.50003682	    -17.15672546	      0.39479808	     -1.44656254	     10.86942925	    -10.11310310	      9.40352873	     43.72752345	     90.00000001	      0.00000000	      0.00000000	    -13.52760859	    -11.45934577	     -3.03287110	     50.61081430	     90.00000001	      0.00000000	      0.00000000
      9.83000000	      3.82879405	     -2.43023943	     -8.33591340	      1.31562094	      0.94564457	     -0.14950749	      1.15177983	    -10.90332574	    -15.25147839	     41.94267872	      4.29137177	      0.73203784	      6.55613601	      6.44128958	     -7.50003654	      4.18375772	     -3.35441828	    -27.04941596	     23.86934999	      3.45506166	      0.41659875	     14.74005506	      1.30131560	     -7.50003654	    -17.29505959	      0.54566295	     -1.52485439	     10.88845845	    -10.12136311	      9.43008310	     43.81404229	     90.00000001	      0.00000000	      0.00000000	    -13.54092825	    -11.50252946	     -3.01267836	     50.65394464	     90.00000001	      0.00000000	      0.00000000
      9.84000000	      3.89657201	     -2.57044814	     -8.26063599	      1.31740257	      0.94595963	     -0.15051157	      1.49775536	    -10.99938741	    -15.06711693	     42.67959869	      4.35151071	      0.74489952	      5.76707006	      6.00970571	     -7.50003620	      3.88341544	     -3.45535370	    -27.10457457	     23.74069807	      3.56171368	      0.41435335	     14.86408474	      1.59242198	     -7.50003620	    -17.38757697	      0.65139726	     -1.55645678	     10.90698688	    -10.11732487	      9.46732892	     43.89724916	     90.00000001	      0.00000000	      0.00000000	    -13.55704713	    -11.56916471	     -2.98355548	     50.72829928	     90.00000001	      0.00000000	      0.00000000
      9.85000000	      3.90368229	     -2.70216794	     -8.18667917	      1.31907812	      0.94616515	     -0.15147385	      1.92087525	    -11.07731992	    -14.66719270	     43.33477755	      4.58032669	      0.75633455	      4.90371237	      5.01762765	     -7.50003532	      3.71105101	     -3.51142422	    -27.27796008	     23.64411396	      3.46927111	      0.41266764	     15.04635954	      2.13046126	     -7.50003532	    -17.42604126	      0.74931876	     -1.59499304	     10.90441998	    -10.11963279	      9.50515030	     43.95985699	     90.00000001	      0.00000000	      0.00000000	    -13.59562385	    -11.66559245	     -2.89645115	     50.82814183	     90.00000001	      0.00000000	      0.00000000
      9.86000000	      3.98807971	     -2.94540154	     -7.99138109	      1.32082594	      0.94649729	     -0.15258013	      2.11274846	    -11.02124478	    -14.58944464	     43.74167453	      4.68023883	      0.76343624	      4.72497627	      5.00771552	     -7.50003513	      3.50210097	     -3.70356112	    -27.23206266	     23.67990956	      3.44947493	      0.41329239	     15.06220621	      2.18984762	     -7.50003513	    -17.55771188	      0.99915511	     -1.71424269	     10.91870991	    -10.10338976	      9.47879478	     43.99346920	     90.00000001	      0.00000000	      0.00000000	    -13.56850136	    -11.69239881	     -2.88127571	     50.83479715	     90.00000001	      0.00000000	      0.00000000
      9.87000000	      4.07573689	     -3.15537362	     -7.85839567	      1.32252916	      0.94679231	     -0.15356716	      2.37028769	    -11.01635167	    -14.55211008	     44.14272865	      4.74017078	      0.77043596	      4.45573825	      4.97984175	     -7.50003496	      3.26392629	     -3.87374248	    -27.20406355	     23.69007943	      3.48214572	      0.41346989	     15.13040470	      2.26030168	     -7.50003496	    -17.69051916	      1.19794251	     -1.77351051	     10.92815173	    -10.08619622	      9.45625492	     43.99162233	     90.00000001	      0.00000000	      0.00000000	    -13.53584840	    -11.74385092	     -2.87127798	     50.86818434	     90.00000001	      0.00000000	      0.00000000
      9.88000000	      4.09738406	     -3.26447188	     -7.88739421	      1.32412214	      0.94691694	     -0.15421168	      2.83546487	    -11.10579719	    -14.35220122	     44.56268339	      4.83585072	      0.77776555	      3.68852002	      4.20481316	     -7.50003366	      3.08368531	     -3.97364628	    -27.41613868	     23.69577903	      3.49654841	      0.41356936	     15.46723383	      2.87214753	     -7.50003366	    -17.73679850	      1.23719393	     -1.70724745	     10.98888457	     -9.98498724	      9.29839541	     43.81836360	     90.00000001	      0.00000000	      0.00000000	    -13.56308350	    -11.85675028	     -2.73522870	     51.01019071	     90.00000001	      0.00000000	      0.00000000
      9.89000000	      4.14319582	     -3.37666654	     -7.76923973	      1.32584635	      0.94711911	     -0.15512859	      3.08062751	    -11.13244605	    -14.32890331	     44.55746390	      4.84912284	      0.77767445	      3.68078625	      4.22342833	     -7.50003358	      2.95403197	     -4.01332712	    -27.35033322	     23.75916264	      3.45562761	      0.41467562	     15.45084315	      2.89058917	     -7.50003358	    -17.78919655	      1.32720778	     -1.75178915	     10.93078293	     -9.98276373	      9.29306531	     43.82374709	     90.00000001	      0.00000000	      0.00000000	    -13.52625210	    -11.89604141	     -2.74356686	     51.03833726	     90.00000001	      0.00000000	      0.00000000
      9.90000000	      4.20592502	     -3.59475398	     -7.64079627	      1.32733733	      0.94728235	     -0.15597254	      3.41570211	    -11.11553708	    -14.36386748	     44.75551349	      4.95720564	      0.78113107	      3.59364471	      4.27654124	     -7.50003339	      2.77985349	     -4.18225401	    -27.32577259	     23.74966375	      3.41597389	      0.41450983	     15.52326345	      2.89890984	     -7.50003339	    -17.91720350	      1.53226715	     -1.77693438	     10.94145166	     -9.96370567	      9.26899002	     43.79919721	     90.00000001	      0.00000000	      0.00000000	    -13.44604906	    -11.98143243	     -2.74982082	     51.09736688	     90.00000001	      0.00000000	      0.00000000
      9.91000000	      4.25956232	     -3.73118340	     -7.60608148	      1.32899192	      0.94738438	     -0.15672099	      3.76462187	    -11.15431157	    -14.40387361	     44.75551227	      4.98416591	      0.78113105	      3.53966923	      4.31696621	     -7.50003323	      2.59236198	     -4.25080919	    -27.30367900	     23.75793951	      3.41559069	      0.41465427	     15.62657389	      2.90643108	     -7.50003323	    -17.98854397	      1.63695834	     -1.74972706	     10.94252250	     -9.94350311	      9.24573229	     43.72073065	     90.00000001	      0.00000000	      0.00000000	    -13.42189755	    -12.01307165	     -2.73703155	     51.14765976	     90.00000001	      0.00000000	      0.00000000
      9.92000000	      4.30564373	     -3.84314300	     -7.55781026	      1.33050926	      0.94748462	     -0.15739698	      4.14360244	    -11.18331756	    -14.43770760	     44.64530397	      5.00194937	      0.77920755	      3.52926697	      4.37257718	     -7.50003307	      2.44274372	     -4.30069621	    -27.27019513	     23.76852160	      3.39997583	      0.41483896	     15.72731155	      2.91356621	     -7.50003307	    -18.06856226	      1.71011512	     -1.71586764	     10.92806931	     -9.90814150	      9.22189018	     43.62110890	     90.00000001	      0.00000000	      0.00000000	    -13.37434698	    -12.08261406	     -2.73416635	     51.21284288	     90.00000001	      0.00000000	      0.00000000
      9.93000000	      4.41332213	     -4.04481302	     -7.56368777	      1.33202858	      0.94774044	     -0.15791318	      4.42895870	    -11.00653754	    -14.39493973	     44.30242269	      4.87612507	      0.77322314	      3.62027958	      4.77367032	     -7.50003258	      2.16687716	     -4.43747984	    -27.20072805	     23.72277955	      3.41228448	      0.41404061	     16.11297057	      2.95708691	     -7.50003258	    -18.22529856	      1.85192522	     -1.65267824	     11.10076504	     -9.73726974	      8.97621817	     43.03687950	     90.00000001	      0.00000000	      0.00000000	    -13.36912420	    -12.15381995	     -2.61736178	     51.33914376	     90.00000001	      0.00000000	      0.00000000
      9.94000000	      4.44025524	     -4.11849140	     -7.53364492	      1.33351958	      0.94771388	     -0.15848536	      4.86280591	    -11.09540136	    -14.50865019	     44.04377228	      4.95682171	      0.76870884	      3.68839399	      4.80949588	     -7.50003243	      2.06174985	     -4.45619474	    -27.15616937	     23.77587905	      3.39834763	      0.41496737	     16.11644660	      2.96901531	     -7.50003243	    -18.26974731	      1.88699370	     -1.61813038	     11.05644006	     -9.71046668	      8.95917200	     43.02282270	     90.00000001	      0.00000000	      0.00000000	    -13.31562797	    -12.24558353	     -2.64017262	     51.39779569	     90.00000001	      0.00000000	      0.00000000
      9.95000000	      4.43543781	     -4.19107978	     -7.50129401	      1.33516674	      0.94773335	     -0.15909050	      5.21456473	    -11.05897839	    -14.52836646	     43.37667051	      4.95155352	      0.75706572	      3.94906397	      5.06751481	     -7.50003219	      1.97100594	     -4.42779460	    -27.13337366	     23.74879953	      3.30101549	      0.41449475	     16.25807951	      2.91709487	     -7.50003219	    -18.26059229	      1.92380665	     -1.55326021	     10.98044407	     -9.65789219	      8.86029607	     42.76209207	     90.00000001	      0.00000000	      0.00000000	    -13.28683290	    -12.29552125	     -2.62187285	     51.47235955	     90.00000001	      0.00000000	      0.00000000
      9.96000000	      4.45681959	     -4.25366038	     -7.48907568	      1.33670740	      0.94768036	     -0.15962915	      5.64724583	    -11.09524229	    -14.59270843	     42.84953716	      5.00558347	      0.74786551	      4.13173900	      5.24663912	     -7.50003201	      1.85217015	     -4.42634707	    -27.09280926	     23.76640537	      3.27942988	      0.41480203	     16.34027450	      2.87915386	     -7.50003201	    -18.28742731	      1.94812685	     -1.50807542	     10.93053724	     -9.62111167	      8.80611359	     42.61266525	     90.00000001	      0.00000000	      0.00000000	    -13.23675789	    -12.34590005	     -2.61803418	     51.53744269	     90.00000001	      0.00000000	      0.00000000
      9.97000000	      4.66504663	     -4.50086567	     -7.37653405	      1.33842902	      0.94813818	     -0.16015996	      5.62704096	    -10.82436646	    -15.14320955	     41.78824949	      4.67334649	      0.72934254	      4.86249361	      7.20791220	     -7.50003029	      1.45431638	     -4.58122068	    -26.76494484	     23.67427849	      3.35393171	      0.41319411	     16.45197145	      2.54542534	     -7.50003029	    -18.53209433	      2.16966323	     -1.49736024	     11.06320317	     -9.34545696	      8.15930756	     42.01680752	     90.00000001	      0.00000000	      0.00000000	    -13.18274569	    -12.42206884	     -2.55592157	     51.58644742	     90.00000001	      0.00000000	      0.00000000
      9.98000000	      4.63523498	     -4.47838546	     -7.40892720	      1.33989217	      0.94796174	     -0.16061053	      6.17022064	    -10.91374106	    -15.20580764	     41.11602266	      4.73365448	      0.71760997	      5.02031907	      7.30505094	     -7.50003010	      1.40772260	     -4.48546729	    -26.74217652	     23.69004911	      3.33972913	      0.41346936	     16.52751367	      2.50136824	     -7.50003010	    -18.50186249	      2.10307089	     -1.40692339	     10.97193499	     -9.33601146	      8.17615878	     41.92264538	     90.00000001	      0.00000000	      0.00000000	    -13.13605622	    -12.48122021	     -2.57036518	     51.66647275	     90.00000001	      0.00000000	      0.00000000
      9.99000000	      4.68978645	     -4.65671255	     -7.41093841	      1.34132595	      0.94809693	     -0.16100520	      6.41247286	    -10.68092217	    -15.02611747	     39.96607707	      4.91171571	      0.69753963	      5.49000470	      8.10965991	     -7.50002961	      1.25355821	     -4.57244356	    -26.53742973	     23.69351390	      3.28845066	      0.41352983	     16.66405108	      2.23671843	     -7.50002961	    -18.59934069	      2.24879141	     -1.32935156	     11.02573496	     -9.26354692	      8.08938427	     41.55176934	     90.00000001	      0.00000000	      0.00000000	    -13.07507545	    -12.51801656	     -2.54855617	     51.68758221	     90.00000001	      0.00000000	      0.00000000
     10.00000000	      4.78280671	     -4.77930124	     -7.40111157	      1.34284264	      0.94824436	     -0.16134831	      6.65764461	    -10.51481379	    -15.24203921	     38.83575132	      4.85477167	      0.67781173	      5.86889368	      9.15622467	     -7.50002888	      1.02078452	     -4.64818695	    -26.28195648	     23.67984111	      3.40899369	      0.41329119	     16.70526059	      1.86234968	     -7.50002888	    -18.72222472	      2.32670322	     -1.25457280	     11.02432998	     -9.17781853	      7.91535052	     41.26623572	     90.00000001	      0.00000000	      0.00000000	    -13.00761855	    -12.56285312	     -2.56684635	     51.72184766	     90.00000001	      0.00000000	      0.00000000
     10.01000000	      4.73516947	     -4.79818068	     -7.42589419	      1.34424420	      0.94807671	     -0.16171024	      7.16149121	    -10.45944060	    -15.26435237	     37.81110242	      4.93627495	      0.65992823	      6.10000907	      9.71362514	     -7.50002851	      1.00618252	     -4.54308892	    -26.13423656	     23.64811725	      3.29508569	      0.41273751	     16.78955430	      1.68086636	     -7.50002851	    -18.68723558	      2.31368766	     -1.18112430	     10.95196959	     -9.14763322	      7.87643356	     41.11969139	     90.00000001	      0.00000000	      0.00000000	    -12.98074460	    -12.61386459	     -2.57347138	     51.79242504	     90.00000001	      0.00000000	      0.00000000
     10.02000000	      4.83746355	     -4.92315173	     -7.42706420	      1.34576685	      0.94822549	     -0.16197446	      7.38662482	    -10.26777260	    -15.55296407	     36.55299101	      4.89838439	      0.63797004	      6.48312317	     11.04658170	     -7.50002774	      0.75113884	     -4.64671563	    -25.85267276	     23.65181308	      3.47796731	      0.41280201	     16.81602814	      1.20172886	     -7.50002774	    -18.81595734	      2.39648477	     -1.10486703	     10.94699244	     -9.06791960	      7.71880075	     40.84533518	     90.00000001	      0.00000000	      0.00000000	    -12.90046858	    -12.64262777	     -2.58527322	     51.79533232	     90.00000001	      0.00000000	      0.00000000
     10.03000000	      4.82682599	     -4.96625037	     -7.44097006	      1.34720409	      0.94813096	     -0.16227722	      7.78404354	    -10.17210230	    -15.68096508	     35.33351126	      5.01311026	      0.61668611	      6.74782880	     12.10475754	     -7.50002711	      0.67897341	     -4.60834184	    -25.62849595	     23.65336239	      3.47927166	      0.41282905	     16.87731626	      0.86589231	     -7.50002711	    -18.82019459	      2.40762649	     -1.02924099	     10.88368292	     -9.03245666	      7.64851612	     40.65334119	     90.00000001	      0.00000000	      0.00000000	    -12.84583008	    -12.67395159	     -2.58634219	     51.83231720	     90.00000001	      0.00000000	      0.00000000
     10.04000000	      4.82231210	     -5.04207751	     -7.45424732	      1.34868461	      0.94800115	     -0.16258285	      8.18253030	    -10.05311555	    -15.87797638	     34.15506556	      5.16209410	      0.59611835	      6.95973117	     13.11255320	     -7.50002658	      0.58176592	     -4.62993783	    -25.48578718	     23.63984200	      3.51895218	      0.41259308	     16.94472416	      0.55337937	     -7.50002658	    -18.82908033	      2.47061381	     -0.95602595	     10.81523580	     -9.02475205	      7.57760444	     40.47265792	     90.00000001	      0.00000000	      0.00000000	    -12.81726559	    -12.71360764	     -2.59479998	     51.84578258	     90.00000001	      0.00000000	      0.00000000
     10.05000000	      4.85004866	     -5.09594136	     -7.45818244	      1.35012522	      0.94798234	     -0.16271569	      8.54652773	     -9.86680673	    -16.31634852	     32.89501181	      5.06218449	      0.57412626	      7.15733466	     14.49763876	     -7.50002570	      0.44165231	     -4.63592609	    -25.22547500	     23.63019742	      3.58351289	      0.41242475	     16.97276618	      0.17416199	     -7.50002570	    -18.87543807	      2.47455985	     -0.90674433	     10.74600463	     -8.96546757	      7.47786483	     40.34083981	     90.00000001	      0.00000000	      0.00000000	    -12.75122041	    -12.74806340	     -2.60765536	     51.87916394	     90.00000001	      0.00000000	      0.00000000
     10.06000000	      4.77165127	     -5.08896554	     -7.51132284	      1.35147574	      0.94770682	     -0.16292060	      9.06703629	     -9.81145719	    -16.36320603	     31.73126968	      5.35534934	      0.55381513	      7.24704331	     15.26646425	     -7.50002534	      0.46975781	     -4.55818683	    -25.12924780	     23.66069403	      3.52300506	      0.41295701	     17.06824560	      0.01642835	     -7.50002534	    -18.80430362	      2.44339483	     -0.84157748	     10.66630469	     -8.95829902	      7.46466103	     40.22135819	     90.00000001	      0.00000000	      0.00000000	    -12.71923412	    -12.77404161	     -2.60171952	     51.90977002	     90.00000001	      0.00000000	      0.00000000
     10.07000000	      4.82124987	     -5.19368826	     -7.51937125	      1.35295062	      0.94770295	     -0.16305402	      9.36958228	     -9.57957567	    -16.80556850	     30.46154188	      5.39436307	      0.53165420	      7.30210189	     16.60020407	     -7.50002467	      0.31054230	     -4.67599853	    -24.97939380	     23.74111103	      3.64679771	      0.41436056	     17.14020332	     -0.25939256	     -7.50002467	    -18.88207292	      2.51702547	     -0.77820424	     10.60027339	     -8.94293777	      7.37103890	     40.09160940	     90.00000001	      0.00000000	      0.00000000	    -12.65663239	    -12.78482312	     -2.60439547	     51.87697127	     90.00000001	      0.00000000	      0.00000000
     10.08000000	      4.71843017	     -5.13600034	     -7.56971074	      1.35429760	      0.94735149	     -0.16319365	      9.94416297	     -9.54576358	    -16.93218973	     29.38790386	      5.67346434	      0.51291568	      7.29718583	     17.20809285	     -7.50002444	      0.36723352	     -4.54372166	    -24.92548142	     23.74710419	      3.56102261	      0.41446516	     17.23599523	     -0.33495089	     -7.50002444	    -18.77626172	      2.43228466	     -0.72771510	     10.48475833	     -8.94119464	      7.36692730	     40.01160373	     90.00000001	      0.00000000	      0.00000000	    -12.63064739	    -12.81866064	     -2.60684428	     51.92805215	     90.00000001	      0.00000000	      0.00000000
     10.09000000	      4.79338952	     -5.28963403	     -7.52881781	      1.35579848	      0.94737995	     -0.16333399	     10.17176226	     -9.27328495	    -17.51633766	     28.17252314	      5.78835085	      0.49170329	      7.17813199	     18.61822907	     -7.50002384	      0.18808999	     -4.75068707	    -24.84561638	     23.86707875	      3.70119072	      0.41655911	     17.33917081	     -0.53886853	     -7.50002384	    -18.88926107	      2.57836887	     -0.68331345	     10.41047780	     -8.93755976	      7.26045408	     39.90211172	     90.00000001	      0.00000000	      0.00000000	    -12.53618050	    -12.82272388	     -2.60315904	     51.86092134	     90.00000001	      0.00000000	      0.00000000
     10.10000000	      4.75031511	     -5.20558927	     -7.61787744	      1.35726125	      0.94703449	     -0.16335053	     10.79958982	     -9.30439400	    -17.85866540	     27.50938974	      6.05527647	      0.48012943	      7.20003522	     18.76743009	     -7.50002376	      0.11398207	     -4.63712499	    -24.94059645	     23.83305936	      3.72619546	      0.41596536	     17.42442055	     -0.57654544	     -7.50002376	    -18.83113441	      2.45396129	     -0.61334307	     10.29364765	     -8.94650262	      7.27329624	     39.83860298	     90.00000001	      0.00000000	      0.00000000	    -12.53003116	    -12.85241231	     -2.61509482	     51.90271214	     90.00000001	      0.00000000	      0.00000000
     10.11000000	      4.67442305	     -5.23464260	     -7.58631666	      1.35861766	      0.94679427	     -0.16359710	     11.13976253	     -9.13772187	    -17.99260769	     26.21536247	      6.45232778	      0.45754439	      6.84830536	     19.79228625	     -7.50002352	      0.19993492	     -4.60600634	    -24.80112772	     23.96295600	      3.59477397	      0.41823248	     17.54184778	     -0.64216510	     -7.50002352	    -18.77305702	      2.49806010	     -0.62902108	     10.20189404	     -8.95305485	      7.21694239	     39.76287634	     90.00000001	      0.00000000	      0.00000000	    -12.46808742	    -12.84778839	     -2.59309445	     51.86355849	     90.00000001	      0.00000000	      0.00000000
     10.12000000	      4.69117013	     -5.18977212	     -7.66339594	      1.36009905	      0.94653184	     -0.16354394	     11.68519618	     -9.10603794	    -18.40498043	     25.70182078	      6.70477742	      0.44858140	      6.82591646	     19.89735103	     -7.50002346	      0.05393089	     -4.56111160	    -24.90382191	     23.95684337	      3.65593023	      0.41812580	     17.61766719	     -0.68214869	     -7.50002346	    -18.79102725	      2.41259942	     -0.56867901	     10.11694698	     -8.96489306	      7.21544882	     39.70832592	     90.00000001	      0.00000000	      0.00000000	    -12.45068912	    -12.87044023	     -2.60322003	     51.87107166	     90.00000001	      0.00000000	      0.00000000
     10.13000000	      4.67270927	     -5.13849904	     -7.67679714	      1.36172604	      0.94627000	     -0.16360472	     12.11612707	     -9.03805057	    -18.78989630	     24.96250910	      6.98104850	      0.43567797	      6.64177992	     20.20666675	     -7.50002342	     -0.03455349	     -4.49157802	    -24.97790929	     23.96020375	      3.66709832	      0.41818444	     17.72887944	     -0.73749225	     -7.50002342	    -18.74263041	      2.34520732	     -0.53853639	      9.96664681	     -8.99471195	      7.19701416	     39.60891803	     90.00000001	      0.00000000	      0.00000000	    -12.41377946	    -12.86895992	     -2.60457975	     51.86405221	     90.00000001	      0.00000000	      0.00000000
     10.14000000	      4.70463333	     -5.26580461	     -7.51681741	      1.36314238	      0.94624113	     -0.16398696	     12.20186673	     -8.74764925	    -19.14466201	     23.73751592	      7.32304377	      0.41429781	      5.77424447	     21.18880831	     -7.50002322	     -0.02122016	     -4.57339317	    -24.69485130	     24.20535990	      3.52975660	      0.42246323	     17.85699244	     -0.72978310	     -7.50002322	    -18.82218024	      2.52829785	     -0.64183857	      9.90347752	     -9.02283758	      7.05254254	     39.59765536	     90.00000001	      0.00000000	      0.00000000	    -12.30180108	    -12.85160843	     -2.57186803	     51.74719855	     90.00000001	      0.00000000	      0.00000000
     10.15000000	      4.76536886	     -5.24851685	     -7.56665574	      1.36473562	      0.94603965	     -0.16389159	     12.64425391	     -8.64410386	    -19.52796344	     23.45009577	      7.54334574	      0.40928138	      5.73481002	     21.18364772	     -7.50002317	     -0.22190209	     -4.55717180	    -24.77695380	     24.20443671	      3.59059320	      0.42244711	     17.91756248	     -0.75086058	     -7.50002317	    -18.88060718	      2.48426154	     -0.62582532	      9.84057884	     -9.03295824	      7.03942851	     39.56411014	     90.00000001	      0.00000000	      0.00000000	    -12.29558403	    -12.86004025	     -2.57405646	     51.73655796	     90.00000001	      0.00000000	      0.00000000
     10.16000000	      4.95257672	     -5.47070367	     -7.30451687	      1.36659235	      0.94624518	     -0.16425375	     12.52163955	     -8.25786133	    -20.34722899	     22.55241724	      7.68524619	      0.39361394	      4.71869358	     21.75752720	     -7.50002281	     -0.50270180	     -4.82726687	    -24.58144939	     24.36549726	      3.66978242	      0.42525815	     18.13150443	     -0.67715927	     -7.50002281	    -19.08857192	      2.77247638	     -0.73855899	      9.69925772	     -9.07409720	      6.80019631	     39.53060873	     90.00000001	      0.00000000	      0.00000000	    -12.16755208	    -12.81403057	     -2.53062062	     51.60188960	     90.00000001	      0.00000000	      0.00000000
     10.17000000	      5.00932609	     -5.41976980	     -7.30709255	      1.36833492	      0.94602418	     -0.16420371	     12.89221170	     -8.14927745	    -20.64660778	     22.34031300	      7.85722071	      0.38991202	      4.64616794	     21.70327929	     -7.50002273	     -0.68758035	     -4.76487289	    -24.63211019	     24.37356792	      3.69771547	      0.42539901	     18.19131440	     -0.68079836	     -7.50002273	    -19.11551384	      2.71197762	     -0.74308556	      9.58562473	     -9.10244001	      6.78246018	     39.48312513	     90.00000001	      0.00000000	      0.00000000	    -12.15328687	    -12.80988366	     -2.52804966	     51.60777800	     90.00000001	      0.00000000	      0.00000000
     10.18000000	      5.17894269	     -5.48830281	     -7.10600160	      1.37017723	      0.94608323	     -0.16450762	     12.92977871	     -7.94451962	    -21.19725307	     21.92196939	      8.01968271	      0.38261054	      3.76138586	     21.63326997	     -7.50002240	     -0.95797031	     -4.79849085	    -24.44928377	     24.42443926	      3.68582509	      0.42628688	     18.38532015	     -0.60274694	     -7.50002240	    -19.27888491	      2.83342304	     -0.87082248	      9.48630412	     -9.13006338	      6.60276674	     39.43850476	     90.00000001	      0.00000000	      0.00000000	    -12.06134878	    -12.78850765	     -2.47972264	     51.51092818	     90.00000001	      0.00000000	      0.00000000
     10.19000000	      5.24910299	     -5.43966918	     -7.08311254	      1.37200520	      0.94583968	     -0.16445575	     13.23136560	     -7.80540520	    -21.36548248	     21.84463834	      8.15310914	      0.38126086	      3.69467985	     21.52987420	     -7.50002232	     -1.13963854	     -4.72682006	    -24.43824014	     24.46845725	      3.69855940	      0.42705514	     18.41153044	     -0.58826538	     -7.50002232	    -19.30441836	      2.78618543	     -0.91011859	      9.37691885	     -9.16301070	      6.58011315	     39.41105459	     90.00000001	      0.00000000	      0.00000000	    -12.05825314	    -12.78756202	     -2.47411572	     51.51365380	     90.00000001	      0.00000000	      0.00000000
     10.20000000	      5.45893146	     -5.45714821	     -6.89874450	      1.37397760	      0.94587944	     -0.16466531	     13.28896113	     -7.63294420	    -21.86161001	     21.79320536	      8.16630834	      0.38036319	      2.87824231	     21.12682640	     -7.50002209	     -1.49580210	     -4.70153416	    -24.29638188	     24.45089190	      3.69954968	      0.42674857	     18.64719013	     -0.57912773	     -7.50002209	    -19.48823002	      2.84676396	     -1.00822572	      9.26481962	     -9.19680163	      6.42854068	     39.31784874	     90.00000001	      0.00000000	      0.00000000	    -11.95915478	    -12.76331216	     -2.42166749	     51.42247649	     90.00000001	      0.00000000	      0.00000000
     10.21000000	      5.52800001	     -5.38005089	     -6.80779788	      1.37580156	      0.94557622	     -0.16470310	     13.52791282	     -7.50580287	    -21.84865158	     21.81462352	      8.25072825	      0.38073701	      2.85753601	     21.07782097	     -7.50002203	     -1.63414782	     -4.61479892	    -24.23471481	     24.54286895	      3.69992559	      0.42835387	     18.61664265	     -0.54142927	     -7.50002203	    -19.51450490	      2.80520173	     -1.11125976	      9.17544007	     -9.24012900	      6.40873503	     39.32347981	     90.00000001	      0.00000000	      0.00000000	    -11.92477488	    -12.75669560	     -2.41326534	     51.44947320	     90.00000001	      0.00000000	      0.00000000
     10.22000000	      5.75933267	     -5.40955520	     -6.60566590	      1.37808172	      0.94561139	     -0.16483729	     13.54659009	     -7.32295024	    -22.38456166	     22.04553147	      8.17438073	      0.38476711	      1.96013892	     20.45074901	     -7.50002184	     -2.10059566	     -4.61348145	    -24.08800142	     24.40817381	      3.77740637	      0.42600300	     18.91168017	     -0.55145460	     -7.50002184	    -19.67137138	      2.88201969	     -1.20988127	      9.02129063	     -9.27506555	      6.22125162	     39.18366818	     90.00000001	      0.00000000	      0.00000000	    -11.86679481	    -12.73541499	     -2.33694119	     51.34100857	     90.00000001	      0.00000000	      0.00000000
     10.23000000	      5.84405523	     -5.31854920	     -6.43808491	      1.38018330	      0.94528784	     -0.16490913	     13.68119986	     -7.19854204	    -22.31130722	     22.14773340	      8.18809163	      0.38655087	      1.84294654	     20.34295067	     -7.50002176	     -2.26559426	     -4.51754546	    -23.96842492	     24.50783734	      3.78288059	      0.42774245	     18.89018673	     -0.50126392	     -7.50002176	    -19.66828964	      2.84727577	     -1.34315578	      8.85658189	     -9.32150885	      6.17366208	     39.16006985	     90.00000001	      0.00000000	      0.00000000	    -11.85881566	    -12.73057691	     -2.31908097	     51.34761487	     90.00000001	      0.00000000	      0.00000000
     10.24000000	      6.11154499	     -5.29647277	     -6.24769890	      1.38218250	      0.94528328	     -0.16500783	     13.71612722	     -7.03809384	    -22.54525821	     22.61107264	      8.02693560	      0.39463766	      1.07570984	     19.71677912	     -7.50002157	     -2.71582313	     -4.45016484	    -23.68729472	     24.42292319	      3.85320224	      0.42626042	     19.11908093	     -0.46405824	     -7.50002157	    -19.90624906	      2.87633522	     -1.48142929	      8.82030251	     -9.32391147	      5.96615596	     39.07852003	     90.00000001	      0.00000000	      0.00000000	    -11.76661662	    -12.73594092	     -2.22033512	     51.26441766	     90.00000001	      0.00000000	      0.00000000
     10.25000000	      6.16690991	     -5.18563665	     -6.04872731	      1.38454655	      0.94487774	     -0.16507831	     13.76655835	     -6.92999135	    -22.47546286	     22.71555715	      8.00997238	      0.39646126	      0.97280178	     19.63617489	     -7.50002152	     -2.89147856	     -4.35657893	    -23.63434133	     24.47490106	      3.87925195	      0.42716761	     19.12146434	     -0.44471147	     -7.50002152	    -19.82532459	      2.83884977	     -1.61528248	      8.61538185	     -9.38349012	      5.91986680	     39.01059290	     90.00000001	      0.00000000	      0.00000000	    -11.75474744	    -12.71897922	     -2.20076769	     51.27255620	     90.00000001	      0.00000000	      0.00000000
     10.26000000	      6.43924647	     -5.11048271	     -5.85588349	      1.38662146	      0.94479994	     -0.16509152	     13.79394417	     -6.82049336	    -22.57729394	     23.34593590	      7.78016822	      0.40746345	      0.27533185	     19.03551762	     -7.50002137	     -3.35761115	     -4.24275097	    -23.30199259	     24.37465900	      3.97272191	      0.42541805	     19.33721340	     -0.38472770	     -7.50002137	    -20.04242839	      2.81507629	     -1.75882997	      8.58484877	     -9.37884704	      5.68679365	     38.92381445	     90.00000001	      0.00000000	      0.00000000	    -11.65415132	    -12.74142102	     -2.07891536	     51.20684413	     90.00000001	      0.00000000	      0.00000000
     10.27000000	      6.59327576	     -4.94296262	     -5.61636017	      1.38903421	      0.94446785	     -0.16519353	     13.82219314	     -6.83071320	    -22.67436861	     23.85017328	      7.64581494	      0.41626405	     -0.24460913	     18.42185283	     -7.50002118	     -3.73206109	     -4.05602073	    -23.03259511	     24.21793883	      4.11167784	      0.42268277	     19.49891305	     -0.34757756	     -7.50002118	    -20.06503949	      2.72460922	     -1.90835717	      8.41276024	     -9.37077461	      5.39248795	     38.78922122	     90.00000001	      0.00000000	      0.00000000	    -11.60231504	    -12.77338403	     -1.92294938	     51.17815096	     90.00000001	      0.00000000	      0.00000000
     10.28000000	      6.63436633	     -4.81121415	     -5.37519638	      1.39150256	      0.94396787	     -0.16526724	     13.79842744	     -6.73409251	    -22.51589440	     24.01202021	      7.57679209	      0.41908881	     -0.33676310	     18.35674335	     -7.50002114	     -3.89324323	     -3.95381352	    -22.97216337	     24.26194144	      4.12598297	      0.42345076	     19.50671120	     -0.33502418	     -7.50002114	    -19.95349959	      2.68759826	     -2.05996752	      8.19711097	     -9.43471902	      5.32914212	     38.70928031	     90.00000001	      0.00000000	      0.00000000	    -11.58833956	    -12.75093371	     -1.88982844	     51.18361411	     90.00000001	      0.00000000	      0.00000000
     10.29000000	      6.85167788	     -4.63382780	     -5.18761557	      1.39370458	      0.94366367	     -0.16525947	     13.79839369	     -6.72170276	    -22.42309354	     24.65552749	      7.33524992	      0.43032013	     -0.70754518	     17.91570977	     -7.50002100	     -4.28533869	     -3.73464704	    -22.65119914	     24.19390360	      4.19240483	      0.42226328	     19.69525898	     -0.28151098	     -7.50002100	    -20.08112365	      2.57981929	     -2.21252634	      8.14158885	     -9.41991046	      5.07214774	     38.62138802	     90.00000001	      0.00000000	      0.00000000	    -11.48502652	    -12.79698006	     -1.73573716	     51.13418802	     90.00000001	      0.00000000	      0.00000000
     10.30000000	      6.89223964	     -4.21589297	     -4.95238897	      1.39619014	      0.94302091	     -0.16542437	     13.90510051	     -7.09223815	    -22.21691940	     25.26931768	      7.41734902	      0.44103279	     -0.87387148	     16.98766380	     -7.50002022	     -4.54991627	     -3.18647995	    -22.17718691	     23.85686232	      4.25419487	      0.41638080	     19.67709479	     -0.54484506	     -7.50002022	    -19.93444808	      2.24650851	     -2.36044808	      7.96333272	     -9.22548272	      4.08659436	     38.33408954	     90.00000001	      0.00000000	      0.00000000	    -11.41499582	    -12.96965248	     -1.21147951	     51.14527795	     90.00000001	      0.00000000	      0.00000000
     10.31000000	      6.93256086	     -4.08273646	     -4.70727712	      1.39874264	      0.94245882	     -0.16543091	     13.80393989	     -6.98709947	    -22.03186231	     25.44701575	      7.27637271	      0.44413421	     -0.92774679	     16.95944782	     -7.50002017	     -4.71375114	     -3.10030110	    -22.11684258	     23.91620743	      4.27419835	      0.41741656	     19.70714916	     -0.53643628	     -7.50002017	    -19.81708215	      2.21911611	     -2.50441324	      7.76606338	     -9.30023019	      4.04495372	     38.25914259	     90.00000001	      0.00000000	      0.00000000	    -11.38471116	    -12.93130636	     -1.18924907	     51.14167670	     90.00000001	      0.00000000	      0.00000000
     10.32000000	      7.03015875	     -3.92111109	     -4.47469758	      1.40122516	      0.94193353	     -0.16540828	     13.68206927	     -6.91408568	    -21.87087351	     25.71936846	      7.06115386	      0.44888766	     -0.95037034	     16.85824439	     -7.50002012	     -4.94465119	     -2.96830820	    -21.97509095	     23.96832326	      4.30491425	      0.41832616	     19.80483234	     -0.50277427	     -7.50002012	    -19.77490828	      2.16374733	     -2.64355092	      7.61606358	     -9.35776199	      3.97489230	     38.19195138	     90.00000001	      0.00000000	      0.00000000	    -11.31658918	    -12.91424100	     -1.14534364	     51.11445981	     90.00000001	      0.00000000	      0.00000000
     10.33000000	      7.21168922	     -3.67430388	     -4.23317635	      1.40370302	      0.94150895	     -0.16540941	     13.53152378	     -6.96775522	    -21.87681315	     26.17052471	      6.76819558	      0.45676182	     -0.76392625	     16.52112915	     -7.50001998	     -5.31493861	     -2.70159614	    -21.66075841	     23.90342596	      4.37988408	      0.41719349	     20.08437468	     -0.40520073	     -7.50001998	    -19.83276695	      2.00786466	     -2.80202334	      7.48083195	     -9.37559674	      3.78340638	     38.11265217	     90.00000001	      0.00000000	      0.00000000	    -11.19303508	    -12.94381425	     -1.00848598	     51.03583875	     90.00000001	      0.00000000	      0.00000000
     10.34000000	      7.27959494	     -3.35372582	     -3.91246046	      1.40646999	      0.94087127	     -0.16560400	     13.37467955	     -7.22359323	    -21.87652274	     26.52887394	      6.73968130	      0.46301620	     -0.28720600	     16.13103069	     -7.50001967	     -5.61810026	     -2.31130218	    -21.26706740	     23.64394520	      4.39540409	      0.41266469	     20.27468374	     -0.28090526	     -7.50001967	    -19.70382371	      1.81750396	     -2.99621948	      7.28201960	     -9.34344678	      3.33733220	     38.00285123	     90.00000001	      0.00000000	      0.00000000	    -11.13021446	    -13.01214253	     -0.69276055	     51.00707007	     90.00000001	      0.00000000	      0.00000000
     10.35000000	      7.25900977	     -3.20292986	     -3.71569311	      1.40915867	      0.94015240	     -0.16548514	     13.23736895	     -7.17503713	    -21.74591624	     26.59644202	      6.63203305	      0.46419548	     -0.27200874	     16.11416995	     -7.50001965	     -5.73776311	     -2.22061267	    -21.24541126	     23.70155618	      4.41322080	      0.41367019	     20.27824867	     -0.27550530	     -7.50001965	    -19.50443592	      1.78514533	     -3.08407534	      7.10961861	     -9.42100859	      3.29988691	     37.93605457	     90.00000001	      0.00000000	      0.00000000	    -11.11147961	    -12.96042014	     -0.66896241	     51.02339989	     90.00000001	      0.00000000	      0.00000000
     10.36000000	      7.26521595	     -3.02768925	     -3.47872214	      1.41187631	      0.93949982	     -0.16543012	     13.06665854	     -7.14886779	    -21.61215377	     26.65505890	      6.47001214	      0.46521854	     -0.16719913	     16.05290366	     -7.50001962	     -5.87985090	     -2.09563742	    -21.18631124	     23.76649734	      4.42347584	      0.41480363	     20.31366668	     -0.26089629	     -7.50001962	    -19.34965904	      1.72928903	     -3.18554756	      6.89764843	     -9.50865040	      3.24587894	     37.84805851	     90.00000001	      0.00000000	      0.00000000	    -11.07914332	    -12.90140873	     -0.63176198	     51.02568885	     90.00000001	      0.00000000	      0.00000000
     10.37000000	      7.49770734	     -2.71836886	     -3.12981642	      1.41444012	      0.93923611	     -0.16549704	     12.58833081	     -7.22986766	    -21.62395796	     26.60698690	      6.15710392	      0.46437953	      0.89778023	     15.53339726	     -7.50001949	     -6.23533248	     -1.69962683	    -20.74258224	     23.76273829	      4.29894767	      0.41473802	     20.63482353	     -0.15905557	     -7.50001949	    -19.47053499	      1.52905762	     -3.37349347	      6.77137381	     -9.50449375	      2.98494969	     37.76726231	     90.00000001	      0.00000000	      0.00000000	    -10.85473911	    -12.94901544	     -0.45064767	     50.89227917	     90.00000001	      0.00000000	      0.00000000
     10.38000000	      7.45938409	     -2.58625808	     -2.92387356	      1.41724707	      0.93852744	     -0.16538129	     12.43048151	     -7.21872907	    -21.52489156	     26.64041277	      6.09403357	      0.46496292	      1.00983982	     15.47350319	     -7.50001946	     -6.36592681	     -1.62774494	    -20.71185015	     23.77643828	      4.31675721	      0.41497713	     20.65659990	     -0.14605612	     -7.50001946	    -19.26281523	      1.52956134	     -3.45907412	      6.59451053	     -9.58794181	      2.92264162	     37.69665556	     90.00000001	      0.00000000	      0.00000000	    -10.85859407	    -12.87352521	     -0.40213222	     50.89994661	     90.00000001	      0.00000000	      0.00000000
     10.39000000	      7.66135017	     -2.38735759	     -2.50600782	      1.42006213	      0.93830789	     -0.16560251	     11.79520815	     -7.31999945	    -21.43248379	     26.40334418	      6.20720495	      0.46082529	      2.38708887	     14.70838400	     -7.50001923	     -6.81283561	     -1.34997026	    -20.13801913	     23.52098413	      4.25804253	      0.41051862	     20.94370474	      0.00475610	     -7.50001923	    -19.33685076	      1.49981790	     -3.68795123	      6.46764609	     -9.54386643	      2.38387794	     37.59685909	     90.00000001	      0.00000000	      0.00000000	    -10.68876194	    -12.92034898	     -0.04657779	     50.75917427	     90.00000001	      0.00000000	      0.00000000
     10.40000000	      7.74209134	     -2.22947291	     -2.24420921	      1.42280595	      0.93793431	     -0.16550307	     11.39220266	     -7.31345826	    -21.25907408	     26.18320252	      6.18963024	      0.45698309	      2.93759909	     14.16227310	     -7.50001898	     -7.09336671	     -1.18506443	    -19.86982258	     23.42809991	      4.22843227	      0.40889748	     21.03001533	     -0.00899627	     -7.50001898	    -19.29333564	      1.47390769	     -3.76853372	      6.33802255	     -9.53621924	      1.97501831	     37.47669864	     90.00000001	      0.00000000	      0.00000000	    -10.57491917	    -12.91444914	      0.18193381	     50.70971432	     90.00000001	      0.00000000	      0.00000000
     10.41000000	      7.71327749	     -2.08918924	     -2.08866702	      1.42557889	      0.93734195	     -0.16521672	     11.22056027	     -7.31027490	    -21.20196592	     26.13727267	      6.07859800	      0.45618147	      3.08674995	     14.04929003	     -7.50001894	     -7.21828894	     -1.08498210	    -19.81173128	     23.48018232	      4.22424506	      0.40980649	     21.05558906	     -0.00746809	     -7.50001894	    -19.11745986	      1.45027986	     -3.77884117	      6.18633667	     -9.61515086	      1.91428212	     37.39657925	     90.00000001	      0.00000000	      0.00000000	    -10.53059722	    -12.83312409	      0.21999575	     50.72800313	     90.00000001	      0.00000000	      0.00000000
     10.42000000	      7.78525519	     -1.95286918	     -1.80967016	      1.42822862	      0.93702463	     -0.16505089	     10.81249316	     -7.26198215	    -21.20319846	     25.83878388	      5.94029134	      0.45097185	      3.90059758	     13.58737580	     -7.50001883	     -7.42261800	     -0.91816564	    -19.53507239	     23.47974861	      4.06564234	      0.40979892	     21.22362869	      0.00372777	     -7.50001883	    -19.09882383	      1.44051247	     -3.83506654	      6.07033240	     -9.65606566	      1.72830312	     37.29284679	     90.00000001	      0.00000000	      0.00000000	    -10.36913004	    -12.78014629	      0.32138994	     50.64732981	     90.00000001	      0.00000000	      0.00000000
     10.43000000	      7.88302085	     -1.91383641	     -1.52044533	      1.43097869	      0.93679505	     -0.16491201	     10.36191789	     -7.16554721	    -21.08950117	     25.59270879	      5.96291412	      0.44667703	      4.66837547	     13.07614033	     -7.50001869	     -7.70592175	     -0.88555161	    -19.23731422	     23.41317036	      3.99027259	      0.40863691	     21.38086642	      0.02542836	     -7.50001869	    -19.09783739	      1.56242827	     -3.93932086	      6.00289181	     -9.68489301	      1.47287862	     37.19643817	     90.00000001	      0.00000000	      0.00000000	    -10.25130403	    -12.70805782	      0.46105737	     50.53767742	     90.00000001	      0.00000000	      0.00000000
     10.44000000	      7.93856006	     -1.85612769	     -1.32400979	      1.43366304	      0.93655233	     -0.16455460	     10.03244770	     -7.08169265	    -20.96556133	     25.40805120	      5.92881940	      0.44345415	      5.08467414	     12.65422212	     -7.50001856	     -7.94718693	     -0.85962344	    -19.02939104	     23.37296294	      3.97267225	      0.40793516	     21.47384139	      0.03367357	     -7.50001856	    -19.06997021	      1.62720289	     -3.94956528	      5.93781118	     -9.71677686	      1.25397839	     37.09030680	     90.00000001	      0.00000000	      0.00000000	    -10.14284937	    -12.63779560	      0.56545629	     50.49034190	     90.00000001	      0.00000000	      0.00000000
     10.45000000	      8.00212096	     -1.84707118	     -1.11674553	      1.43636310	      0.93636088	     -0.16422730	      9.70050902	     -6.95889027	    -20.80214115	     25.24597380	      5.91918026	      0.44062537	      5.52046379	     12.15382634	     -7.50001839	     -8.20829847	     -0.87551833	    -18.83495074	     23.30819878	      3.93734310	      0.40680481	     21.56833418	      0.02569574	     -7.50001839	    -19.05578802	      1.77032480	     -3.99551409	      5.90978846	     -9.72846654	      0.99661205	     36.98261933	     90.00000001	      0.00000000	      0.00000000	    -10.06390926	    -12.55971864	      0.68494073	     50.40831991	     90.00000001	      0.00000000	      0.00000000
     10.46000000	      7.94012084	     -1.77702318	     -1.04622632	      1.43887621	      0.93597485	     -0.16349238	      9.63624129	     -6.94561063	    -20.76512484	     25.26270286	      5.89205466	      0.44091734	      5.53354014	     12.13728996	     -7.50001838	     -8.29434231	     -0.86966744	    -18.81933108	     23.32956250	      3.92161377	      0.40717768	     21.56914934	      0.02645692	     -7.50001838	    -18.92957802	      1.77480472	     -3.98674943	      5.92525412	     -9.74489560	      0.98586100	     36.98101830	     90.00000001	      0.00000000	      0.00000000	    -10.02950579	    -12.51587583	      0.69837295	     50.42824011	     90.00000001	      0.00000000	      0.00000000
     10.47000000	      8.08128240	     -1.86892440	     -0.84163246	      1.44145297	      0.93610809	     -0.16305301	      9.18178014	     -6.66338822	    -20.19956009	     24.96708677	      6.00979015	      0.43575787	      5.92058130	     10.65692205	     -7.50001761	     -8.67791619	     -0.99700996	    -18.50602351	     23.18281559	      3.92865519	      0.40461646	     21.68492904	     -0.01107303	     -7.50001761	    -19.05150789	      2.01174985	     -3.91725859	      5.96505800	     -9.65262267	      0.16776765	     36.65395844	     90.00000001	      0.00000000	      0.00000000	     -9.83974195	    -12.42329697	      0.96617248	     50.31970780	     90.00000001	      0.00000000	      0.00000000
     10.48000000	      8.07881687	     -1.88506910	     -0.71359570	      1.44393066	      0.93590695	     -0.16245021	      9.09127542	     -6.56705050	    -20.12496959	     25.09456889	      5.94854923	      0.43798285	      6.14830782	     10.53324062	     -7.50001754	     -8.81448168	     -1.03539605	    -18.42455170	     23.19751729	      3.79634708	      0.40487306	     21.71614697	     -0.00557847	     -7.50001754	    -19.02470391	      2.13946586	     -3.91007606	      5.98936645	     -9.70775568	      0.14312510	     36.60653594	     90.00000001	      0.00000000	      0.00000000	     -9.77042179	    -12.32899862	      0.99884892	     50.31681618	     90.00000001	      0.00000000	      0.00000000
     10.49000000	      8.08883480	     -1.91064204	     -0.58768844	      1.44643355	      0.93574946	     -0.16183150	      9.00499847	     -6.46365147	    -20.05913460	     25.26971729	      5.86849088	      0.44103977	      6.48643652	     10.33547538	     -7.50001745	     -8.98621028	     -1.10368994	    -18.35324919	     23.18322603	      3.71545037	      0.40462363	     21.77958990	      0.02353516	     -7.50001745	    -19.01403325	      2.28950939	     -3.91499293	      6.03268286	     -9.74159145	      0.09879135	     36.53677078	     90.00000001	      0.00000000	      0.00000000	     -9.70358955	    -12.23699589	      1.05077672	     50.29604404	     90.00000001	      0.00000000	      0.00000000
     10.50000000	      8.06914442	     -1.90563700	     -0.50000694	      1.44893727	      0.93557919	     -0.16104562	      8.98996357	     -6.38655232	    -19.97762333	     25.51186522	      5.77160119	      0.44526605	      6.92489554	      9.98994154	     -7.50001725	     -9.15406249	     -1.18037505	    -18.31945756	     23.14531714	      3.73050750	      0.40396199	     21.88637560	      0.13665153	     -7.50001725	    -18.97197296	      2.37988590	     -3.90705000	      6.10667702	     -9.72766566	     -0.01502313	     36.41446695	     90.00000001	      0.00000000	      0.00000000	     -9.64858239	    -12.18359672	      1.14196429	     50.27908249	     90.00000001	      0.00000000	      0.00000000
     10.51000000	      8.02633794	     -1.89228806	     -0.38511032	      1.45137196	      0.93541271	     -0.16035285	      8.95108746	     -6.34550319	    -19.86600526	     25.63613286	      5.73607437	      0.44743493	      6.95929989	      9.97050241	     -7.50001722	     -9.25191068	     -1.21962608	    -18.29050454	     23.15253160	      3.65595930	      0.40408791	     21.88912080	      0.15328904	     -7.50001722	    -18.92745240	      2.47402984	     -3.92592278	      6.14477616	     -9.74777220	     -0.03474381	     36.40174953	     90.00000001	      0.00000000	      0.00000000	     -9.60834031	    -12.08766264	      1.18376983	     50.30667223	     90.00000001	      0.00000000	      0.00000000
     10.52000000	      8.03754854	     -1.98249850	     -0.30509372	      1.45366755	      0.93532283	     -0.15952766	      8.95640087	     -6.20518811	    -19.74894053	     25.99060396	      5.70381382	      0.45362161	      7.16970283	      9.83290289	     -7.50001717	     -9.42166330	     -1.34727486	    -18.24489593	     23.12917587	      3.52145582	      0.40368027	     21.91973296	      0.21524087	     -7.50001717	    -18.97145772	      2.67717817	     -3.93376964	      6.29784230	     -9.76639816	     -0.08419115	     36.36676878	     90.00000001	      0.00000000	      0.00000000	     -9.55331695	    -12.03304732	      1.25490999	     50.32697344	     90.00000001	      0.00000000	      0.00000000
     10.53000000	      8.01906510	     -2.02849131	     -0.24525612	      1.45599006	      0.93514733	     -0.15859980	      9.03354771	     -6.10409989	    -19.68741597	     26.42505627	      5.60941903	      0.46120424	      7.48093660	      9.60899044	     -7.50001709	     -9.57733501	     -1.47877614	    -18.27637946	     23.09642664	      3.48695408	      0.40310869	     21.97779573	      0.31999941	     -7.50001709	    -18.98445874	      2.82258195	     -3.93712347	      6.44965793	     -9.75779101	     -0.14546984	     36.29897383	     90.00000001	      0.00000000	      0.00000000	     -9.52713605	    -12.00375162	      1.35723380	     50.35736454	     90.00000001	      0.00000000	      0.00000000
     10.54000000	      7.90152998	     -1.98154400	     -0.25251555	      1.45830018	      0.93478487	     -0.15746495	      9.30291269	     -6.09451435	    -19.67520981	     27.00208043	      5.43939745	      0.47127521	      7.93240196	      9.27285281	     -7.50001693	     -9.62306722	     -1.54164767	    -18.41159636	     23.09572198	      3.50660736	      0.40309639	     22.09460555	      0.57675130	     -7.50001693	    -18.88933266	      2.82462487	     -3.89593831	      6.59020266	     -9.68945850	     -0.25287984	     36.15624007	     90.00000001	      0.00000000	      0.00000000	     -9.52961630	    -12.01752709	      1.55168887	     50.46038181	     90.00000001	      0.00000000	      0.00000000
     10.55000000	      7.82881355	     -1.98314374	     -0.18080571	      1.46049296	      0.93457095	     -0.15655432	      9.38430381	     -6.04116352	    -19.55307821	     27.28913742	      5.39869018	      0.47628530	      8.02350635	      9.23465798	     -7.50001688	     -9.67154793	     -1.60126679	    -18.43122286	     23.10778032	      3.39755428	      0.40330685	     22.12152492	      0.66814278	     -7.50001688	    -18.86644690	      2.92742329	     -3.96093414	      6.74754423	     -9.65898496	     -0.29054585	     36.17442475	     90.00000001	      0.00000000	      0.00000000	     -9.50005917	    -11.98725993	      1.64263188	     50.50122346	     90.00000001	      0.00000000	      0.00000000
     10.56000000	      7.67551855	     -1.93341582	     -0.19854999	      1.46269363	      0.93408287	     -0.15537619	      9.74172922	     -6.05819990	    -19.61717377	     27.97311892	      5.21610408	      0.48822303	      8.43754280	      9.02000106	     -7.50001673	     -9.64298312	     -1.66513882	    -18.63647430	     23.16325452	      3.37586518	      0.40427506	     22.24904864	      0.95470047	     -7.50001673	    -18.75068377	      2.93696044	     -3.92879523	      6.92024106	     -9.59071022	     -0.36599858	     36.07918225	     90.00000001	      0.00000000	      0.00000000	     -9.51448788	    -12.03614916	      1.87765593	     50.64058247	     90.00000001	      0.00000000	      0.00000000
     10.57000000	      7.32576026	     -1.75305137	     -0.25428696	      1.46480672	      0.93315253	     -0.15413704	     10.38006952	     -6.25167070	    -19.65490936	     28.76392208	      5.06643340	      0.50202515	      8.93446504	      9.22326499	     -7.50001622	     -9.25194895	     -1.52249360	    -19.07714572	     23.45413853	      3.03380535	      0.40935194	     22.59217598	      1.79743775	     -7.50001622	    -18.42081583	      2.78144559	     -3.94960991	      7.05496270	     -9.46361256	     -0.56813157	     35.98584296	     90.00000001	      0.00000000	      0.00000000	     -9.57258594	    -12.20026059	      2.34763742	     50.80277115	     90.00000001	      0.00000000	      0.00000000
     10.58000000	      7.27191335	     -1.77377915	     -0.22323452	      1.46697919	      0.93291175	     -0.15298717	     10.47223071	     -6.15027719	    -19.70465518	     29.11025426	      4.92349318	      0.50806978	      9.08604977	      9.19594279	     -7.50001614	     -9.35013119	     -1.65476393	    -19.15103447	     23.46083946	      3.02053907	      0.40946889	     22.62811359	      1.89435057	     -7.50001614	    -18.43352936	      2.88110198	     -4.00395145	      7.24301498	     -9.41548997	     -0.56477505	     36.04052173	     90.00000001	      0.00000000	      0.00000000	     -9.54754713	    -12.17595071	      2.43180913	     50.83959978	     90.00000001	      0.00000000	      0.00000000
     10.59000000	      6.97016228	     -1.62208499	     -0.25307723	      1.46909778	      0.93200569	     -0.15174440	     11.05507757	     -6.28819528	    -20.07143643	     29.89391063	      4.55707963	      0.52174717	      9.66185728	      9.72498262	     -7.50001558	     -9.04692452	     -1.59650926	    -19.51545089	     23.71331801	      2.83277667	      0.41387548	     22.93291859	      2.53776754	     -7.50001558	    -18.15826981	      2.77627672	     -4.04241514	      7.38133727	     -9.35060116	     -0.51658907	     36.04980987	     90.00000001	      0.00000000	      0.00000000	     -9.59585861	    -12.32117686	      2.83796841	     51.02333009	     90.00000001	      0.00000000	      0.00000000
     10.60000000	      6.90526718	     -1.62906872	     -0.23601289	      1.47117994	      0.93173468	     -0.15052126	     11.13587517	     -6.18132961	    -20.10059333	     30.16362264	      4.42957641	      0.52645453	      9.76988892	      9.72332496	     -7.50001553	     -9.11766870	     -1.68622131	    -19.52859860	     23.71750778	      2.79091088	      0.41394860	     22.94757411	      2.57652865	     -7.50001553	    -18.17572259	      2.86104446	     -4.11203799	      7.58995400	     -9.29396898	     -0.49591981	     36.13812032	     90.00000001	      0.00000000	      0.00000000	     -9.56410568	    -12.32371700	      2.89723803	     51.04288440	     90.00000001	      0.00000000	      0.00000000
     10.61000000	      6.70747522	     -1.55600365	     -0.28001410	      1.47328937	      0.93105200	     -0.14908040	     11.57422924	     -6.15139347	    -20.50850566	     30.84807440	      3.96401048	      0.53840047	     10.25379277	      9.76699679	     -7.50001537	     -9.01587707	     -1.75501969	    -19.64897937	     23.83113660	      2.83473037	      0.41593180	     23.07582398	      2.70328909	     -7.50001537	    -18.03015402	      2.82395390	     -4.11018611	      7.74226725	     -9.23503463	     -0.38077676	     36.17259114	     90.00000001	      0.00000000	      0.00000000	     -9.57243237	    -12.41190548	      3.13364392	     51.20538732	     90.00000001	      0.00000000	      0.00000000
     10.62000000	      6.59822017	     -1.51454347	     -0.28372527	      1.47530194	      0.93070563	     -0.14781083	     11.66274851	     -6.09773965	    -20.51196159	     31.00709238	      3.90233452	      0.54117585	     10.32254202	      9.83209961	     -7.50001534	     -9.00788317	     -1.77110255	    -19.63664013	     23.86268446	      2.76460163	      0.41648241	     23.09739763	      2.72674324	     -7.50001534	    -18.01021101	      2.84836577	     -4.18824914	      7.94880908	     -9.15428048	     -0.34546139	     36.28089287	     90.00000001	      0.00000000	      0.00000000	     -9.52724764	    -12.40924344	      3.20396108	     51.22385995	     90.00000001	      0.00000000	      0.00000000
     10.63000000	      6.17721368	     -1.25707603	     -0.30040721	      1.47744284	      0.92941989	     -0.14656403	     12.48718853	     -6.39254568	    -21.25363412	     32.03998750	      3.29239330	      0.55920327	     11.21625705	     11.11153067	     -7.50001478	     -8.48111950	     -1.56345925	    -19.85661772	     24.27320281	      2.49711970	      0.42364731	     23.44021290	      3.08245792	     -7.50001478	    -17.57693198	      2.64307807	     -4.30901346	      8.00176819	     -9.15462771	      0.05126772	     36.46155944	     90.00000001	      0.00000000	      0.00000000	     -9.62549879	    -12.66504722	      3.84562676	     51.40072202	     90.00000001	      0.00000000	      0.00000000
     10.64000000	      6.11275310	     -1.23677147	     -0.28433931	      1.47946149	      0.92912488	     -0.14528165	     12.54266193	     -6.29307258	    -21.27771313	     32.23009422	      3.16151173	      0.56252126	     11.31761374	     11.12761424	     -7.50001475	     -8.53006568	     -1.61951420	    -19.83346460	     24.29310898	      2.44987109	      0.42399474	     23.44818310	      3.09383579	     -7.50001475	    -17.60570383	      2.70217279	     -4.38092816	      8.20121600	     -9.08868474	      0.08851050	     36.56644140	     90.00000001	      0.00000000	      0.00000000	     -9.55001521	    -12.67396931	      3.88567491	     51.41723491	     90.00000001	      0.00000000	      0.00000000
     10.65000000	      5.92051511	     -1.15128570	     -0.29619448	      1.48161454	      0.92842231	     -0.14386224	     12.91134016	     -6.25396619	    -21.71371171	     32.78786290	      2.67527294	      0.57225616	     11.88116219	     11.26527463	     -7.50001456	     -8.38557348	     -1.65573347	    -19.84824065	     24.48588840	      2.46419841	      0.42735937	     23.57570478	      3.08109283	     -7.50001456	    -17.45005078	      2.67380279	     -4.43842818	      8.30954176	     -9.06647999	      0.32996628	     36.70935144	     90.00000001	      0.00000000	      0.00000000	     -9.54521624	    -12.75813541	      4.12033828	     51.51878791	     90.00000001	      0.00000000	      0.00000000
     10.66000000	      5.84964512	     -1.11546014	     -0.28635550	      1.48370071	      0.92811488	     -0.14257800	     12.95729540	     -6.17658114	    -21.67694417	     32.96663210	      2.58693014	      0.57537627	     11.96629441	     11.33998183	     -7.50001452	     -8.40378966	     -1.67361922	    -19.79740807	     24.55265062	      2.37307119	      0.42852459	     23.58970028	      3.07672373	     -7.50001452	    -17.45123231	      2.72447412	     -4.53731594	      8.50950541	     -9.00098563	      0.39393190	     36.83950886	     90.00000001	      0.00000000	      0.00000000	     -9.49741612	    -12.77150943	      4.18416585	     51.51215640	     90.00000001	      0.00000000	      0.00000000
     10.67000000	      5.71940897	     -1.04034208	     -0.25718382	      1.48585674	      0.92757901	     -0.14128268	     13.18815400	     -6.15183070	    -21.90172503	     33.43201084	      2.27861964	      0.58349866	     12.47337730	     11.44722459	     -7.50001439	     -8.28646827	     -1.69923859	    -19.78029102	     24.80608495	      2.31748075	      0.43294786	     23.68313050	      2.98810552	     -7.50001439	    -17.35782183	      2.73769458	     -4.62831358	      8.61416871	     -8.99864913	      0.67382020	     37.02527065	     90.00000001	      0.00000000	      0.00000000	     -9.45716507	    -12.84320781	      4.39209691	     51.54144772	     90.00000001	      0.00000000	      0.00000000
     10.68000000	      5.48340706	     -0.92271374	     -0.22707977	      1.48795795	      0.92689006	     -0.14003949	     13.49980438	     -6.20305374	    -22.09964807	     33.81208812	      2.05841761	      0.59013226	     12.95640024	     11.83815708	     -7.50001412	     -8.00850624	     -1.64782541	    -19.74348798	     25.09267338	      2.19064072	      0.43794977	     23.79476705	      2.85787002	     -7.50001412	    -17.14771216	      2.70794997	     -4.74200058	      8.65591327	     -9.06301164	      1.22474256	     37.33936053	     90.00000001	      0.00000000	      0.00000000	     -9.42890953	    -12.91739769	      4.68386370	     51.59466699	     90.00000001	      0.00000000	      0.00000000
     10.69000000	      5.43712554	     -0.87230368	     -0.22845271	      1.49013436	      0.92669637	     -0.13872229	     13.47034510	     -6.13834347	    -22.05763873	     33.91060323	      2.01324292	      0.59185168	     13.00960519	     11.85412361	     -7.50001409	     -8.06192724	     -1.65688925	    -19.69914369	     25.15314097	      2.13563926	      0.43900513	     23.78504897	      2.85005331	     -7.50001409	    -17.15368781	      2.74712215	     -4.79134904	      8.82396146	     -9.02948420	      1.27213141	     37.44076992	     90.00000001	      0.00000000	      0.00000000	     -9.36445918	    -12.89974157	      4.70987830	     51.59208234	     90.00000001	      0.00000000	      0.00000000
     10.70000000	      5.42749656	     -0.83917452	     -0.22655755	      1.49231493	      0.92657188	     -0.13749187	     13.42296112	     -6.05952997	    -21.99916656	     34.07217896	      1.93078437	      0.59467171	     13.16191970	     11.84017778	     -7.50001406	     -8.12482666	     -1.68026376	    -19.64127593	     25.29111318	      2.06213439	      0.44141320	     23.76875535	      2.81337638	     -7.50001406	    -17.19777308	      2.82957712	     -4.87969459	      8.99465383	     -8.98030285	      1.36435763	     37.57783336	     90.00000001	      0.00000000	      0.00000000	     -9.28933604	    -12.88041303	      4.74924358	     51.57545048	     90.00000001	      0.00000000	      0.00000000
     10.71000000	      5.34819798	     -0.81380011	     -0.14975406	      1.49453245	      0.92622608	     -0.13626411	     13.44235200	     -5.99608900	    -22.07373794	     34.30254112	      1.84990857	      0.59869228	     13.78985731	     11.72357179	     -7.50001387	     -7.97839254	     -1.79849742	    -19.64794493	     25.72013505	      2.00146472	      0.44890104	     23.77004189	      2.53287933	     -7.50001387	    -17.14165208	      2.92564290	     -4.98140658	      9.01276127	     -9.10738263	      1.91734537	     37.92212882	     90.00000001	      0.00000000	      0.00000000	     -9.22643229	    -12.89755774	      4.84229997	     51.56981323	     90.00000001	      0.00000000	      0.00000000
     10.72000000	      5.25018990	     -0.80207436	     -0.12908553	      1.49661352	      0.92595098	     -0.13499214	     13.47608487	     -5.88958732	    -21.96948981	     34.44373883	      1.83544759	      0.60115665	     14.02571314	     11.66117177	     -7.50001352	     -7.82875671	     -1.87369365	    -19.57566421	     26.07251701	      1.91209195	      0.45505127	     23.75367250	      2.21987646	     -7.50001352	    -17.08255494	      3.03003061	     -5.04326718	      9.06059230	     -9.29178074	      2.73607810	     38.34603408	     90.00000001	      0.00000000	      0.00000000	     -9.15232762	    -12.87472934	      4.86458835	     51.58483877	     90.00000001	      0.00000000	      0.00000000
     10.73000000	      5.26213666	     -0.74103563	     -0.16034862	      1.49890277	      0.92595076	     -0.13372921	     13.35234269	     -5.85015105	    -21.89560853	     34.53426511	      1.79840706	      0.60273663	     14.09698440	     11.63997019	     -7.50001348	     -7.90177255	     -1.86567300	    -19.50911714	     26.23720936	      1.86131506	      0.45792569	     23.70966884	      2.19056537	     -7.50001348	    -17.12085704	      3.08986153	     -5.08208114	      9.19228957	     -9.29081793	      2.79161239	     38.43725243	     90.00000001	      0.00000000	      0.00000000	     -9.11198632	    -12.83330369	      4.86941634	     51.57122330	     90.00000001	      0.00000000	      0.00000000
     10.74000000	      5.19714261	     -0.66452954	     -0.19229678	      1.50133715	      0.92586285	     -0.13238298	     13.26885671	     -5.83634838	    -21.88294860	     34.56125444	      1.78936211	      0.60320768	     14.11662401	     11.63361726	     -7.50001348	     -7.94321614	     -1.85285561	    -19.48768145	     26.29363677	      1.84354945	      0.45891053	     23.69517005	      2.18292304	     -7.50001348	    -17.03523761	      3.11426268	     -5.07783705	      9.26987896	     -9.27215796	      2.80807015	     38.48083246	     90.00000001	      0.00000000	      0.00000000	     -9.06167565	    -12.81176147	      4.87120348	     51.58977685	     90.00000001	      0.00000000	      0.00000000
     10.75000000	      5.31673401	     -0.68309103	     -0.09927436	      1.50332345	      0.92599808	     -0.13126372	     12.97589643	     -5.76510134	    -21.86007416	     34.63544930	      1.89483710	      0.60450263	     14.64699584	     11.50511297	     -7.50001336	     -7.83438334	     -2.04893389	    -19.52437711	     27.08736207	      1.72683896	      0.47276365	     23.47602593	      1.79992216	     -7.50001336	    -17.24130883	      3.29874009	     -5.18098137	      9.39187634	     -9.36156281	      3.14495900	     38.81389930	     90.00000001	      0.00000000	      0.00000000	     -8.97083586	    -12.75735147	      4.76983147	     51.60740551	     90.00000001	      0.00000000	      0.00000000
     10.76000000	      5.21529622	     -0.73772403	     -0.11248126	      1.50549563	      0.92583876	     -0.12993178	     12.92963993	     -5.58259686	    -21.83590872	     34.61270510	      1.89656705	      0.60410567	     14.85181834	     11.46261443	     -7.50001317	     -7.59052129	     -2.24090577	    -19.49120644	     27.65835348	      1.64957724	      0.48272933	     23.35847759	      1.33906711	     -7.50001317	    -17.14447540	      3.49083203	     -5.21421221	      9.41908429	     -9.53688812	      3.69359971	     39.15583821	     90.00000001	      0.00000000	      0.00000000	     -8.96802106	    -12.64382386	      4.61381152	     51.68377263	     90.00000001	      0.00000000	      0.00000000
     10.77000000	      5.16614677	     -0.65655191	     -0.19041967	      1.50793673	      0.92583176	     -0.12856593	     12.82776034	     -5.57474956	    -21.82575688	     34.64032431	      1.87800530	      0.60458771	     14.86043628	     11.46099435	     -7.50001317	     -7.62597184	     -2.20335098	    -19.44212625	     27.74258058	      1.62757517	      0.48419937	     23.33681021	      1.33353052	     -7.50001317	    -17.06122331	      3.52403024	     -5.18099370	      9.50051180	     -9.54064688	      3.71043764	     39.19522614	     90.00000001	      0.00000000	      0.00000000	     -8.94280019	    -12.61737129	      4.61246713	     51.69909236	     90.00000001	      0.00000000	      0.00000000
     10.78000000	      5.22716681	     -0.68497533	     -0.14686639	      1.50990747	      0.92590647	     -0.12738475	     12.58449774	     -5.49331935	    -21.89565354	     34.65125746	      1.94457557	      0.60477853	     15.20274682	     11.51666803	     -7.50001302	     -7.34186274	     -2.42858923	    -19.42342616	     28.75915110	      1.50817856	      0.50194188	     23.01120912	      0.78054886	     -7.50001302	    -17.17899852	      3.71726613	     -5.23899266	      9.58320996	     -9.70241173	      4.12719587	     39.53083729	     90.00000001	      0.00000000	      0.00000000	     -8.91577621	    -12.52849026	      4.42225759	     51.84057322	     90.00000001	      0.00000000	      0.00000000
     10.79000000	      5.19504913	     -0.67745755	     -0.17396460	      1.51203996	      0.92589317	     -0.12609076	     12.46893198	     -5.40378905	    -21.96549998	     34.65367131	      1.89944599	      0.60482066	     15.37215062	     11.62948399	     -7.50001287	     -7.09409358	     -2.56835529	    -19.33547759	     29.48660957	      1.45900060	      0.51463842	     22.79136497	      0.32521842	     -7.50001287	    -17.15735254	      3.84960062	     -5.24389557	      9.64825287	     -9.84689117	      4.48173280	     39.76796447	     90.00000001	      0.00000000	      0.00000000	     -8.92008436	    -12.44983234	      4.26065651	     51.96509603	     90.00000001	      0.00000000	      0.00000000
     10.80000000	      5.10567319	     -0.68551158	     -0.20086693	      1.51416051	      0.92575382	     -0.12483005	     12.44088892	     -5.28049066	    -22.12624773	     34.68013226	      1.73852899	      0.60528249	     15.54509697	     11.89815394	     -7.50001251	     -6.74017677	     -2.71547852	    -19.08865852	     30.28217032	      1.45118396	      0.52852358	     22.54635029	     -0.43830243	     -7.50001251	    -17.06212220	      4.01371184	     -5.23826675	      9.67643859	    -10.06974835	      5.06947497	     40.02562380	     90.00000001	      0.00000000	      0.00000000	     -8.94570929	    -12.34179803	      4.01080351	     52.10644631	     90.00000001	      0.00000000	      0.00000000
     10.81000000	      5.18465525	     -0.57039177	     -0.32892297	      1.51646700	      0.92599176	     -0.12353111	     12.21124892	     -5.32977207	    -22.12257068	     34.71616900	      1.73166255	      0.60591145	     15.61875057	     11.92693271	     -7.50001248	     -6.73035415	     -2.64376657	    -18.94459446	     30.74585490	      1.38718607	      0.53661640	     22.37062068	     -0.49133219	     -7.50001248	    -17.13745691	      4.02190989	     -5.12188369	      9.75667414	    -10.14471964	      5.08263842	     40.06443505	     90.00000001	      0.00000000	      0.00000000	     -8.92463930	    -12.28541251	      3.98998741	     52.17861819	     90.00000001	      0.00000000	      0.00000000
     10.82000000	      5.28718962	     -0.49648470	     -0.29751489	      1.51850577	      0.92617866	     -0.12237078	     11.91183137	     -5.38218427	    -22.18371674	     34.72330549	      1.81053741	      0.60603601	     15.85379370	     12.04616455	     -7.50001241	     -6.44356303	     -2.78527147	    -18.90511633	     31.81820586	      1.28959894	      0.55533245	     21.90390651	     -0.81293018	     -7.50001241	    -17.26656334	      4.10047970	     -5.16693228	      9.83071150	    -10.22579927	      5.14159408	     40.23363711	     90.00000001	      0.00000000	      0.00000000	     -8.88900938	    -12.29472736	      3.89578564	     52.41128937	     90.00000001	      0.00000000	      0.00000000
     10.83000000	      5.31507668	     -0.45892850	     -0.29562969	      1.52058746	      0.92622513	     -0.12120893	     11.70923514	     -5.35835520	    -22.26910619	     34.72081944	      1.81018942	      0.60599262	     16.06524961	     12.19055736	     -7.50001233	     -6.04980885	     -2.93940570	    -18.81968069	     32.92221852	      1.15972034	      0.57460111	     21.44963629	     -1.18731464	     -7.50001233	    -17.30360876	      4.22207123	     -5.15028244	      9.88295692	    -10.35088132	      5.21814290	     40.38329675	     90.00000001	      0.00000000	      0.00000000	     -8.91273015	    -12.26701558	      3.80232273	     52.67088508	     90.00000001	      0.00000000	      0.00000000
     10.84000000	      5.08813815	     -0.59471787	     -0.21663959	      1.52272144	      0.92578387	     -0.12016847	     11.78836522	     -5.14755151	    -22.54741162	     34.71766850	      1.75493394	      0.60593762	     16.35890946	     12.47667551	     -7.50001216	     -5.21347581	     -3.37210064	    -18.75124786	     34.36530607	      1.01848726	      0.59978774	     20.87532738	     -2.02352604	     -7.50001216	    -17.02297655	      4.57725213	     -5.25970456	      9.89267692	    -10.49656907	      5.43733277	     40.63309848	     90.00000001	      0.00000000	      0.00000000	     -9.14044821	    -12.17712935	      3.67350981	     53.02148167	     90.00000001	      0.00000000	      0.00000000
     10.85000000	      5.06188501	     -0.54639559	     -0.21685536	      1.52472844	      0.92570143	     -0.11903590	     11.70144090	     -5.12479419	    -22.67998765	     34.78561768	      1.67120984	      0.60712356	     16.55921125	     12.68193744	     -7.50001198	     -4.64642551	     -3.55157879	    -18.49659256	     35.69563432	      0.96561788	      0.62300635	     20.31811391	     -2.59488043	     -7.50001198	    -16.99064404	      4.69013407	     -5.25509373	      9.93564315	    -10.66931095	      5.58304403	     40.75539001	     90.00000001	      0.00000000	      0.00000000	     -9.17695643	    -12.15494768	      3.56676386	     53.26779235	     90.00000001	      0.00000000	      0.00000000
     10.86000000	      5.05749265	     -0.49133191	     -0.20887484	      1.52676088	      0.92566259	     -0.11797065	     11.57693284	     -5.12278882	    -22.78671401	     34.84120457	      1.62967323	      0.60809374	     16.76329033	     12.83344703	     -7.50001180	     -4.04783837	     -3.74096975	    -18.26555369	     37.10675104	      0.87927986	      0.64763498	     19.65763915	     -3.08820115	     -7.50001180	    -16.98192000	      4.80420752	     -5.25662180	      9.97465835	    -10.81520886	      5.64965514	     40.86630985	     90.00000001	      0.00000000	      0.00000000	     -9.25673775	    -12.14587558	      3.49949566	     53.54054810	     90.00000001	      0.00000000	      0.00000000
     10.87000000	      5.13055388	     -0.40709520	     -0.20660462	      1.52880703	      0.92571726	     -0.11692248	     11.35805907	     -5.19189609	    -22.85929540	     34.91792523	      1.68388681	      0.60943276	     16.95164946	     12.93076454	     -7.50001168	     -3.50437324	     -3.93435894	    -18.07919116	     38.57600165	      0.80518990	      0.67327824	     18.91780961	     -3.39120615	     -7.50001168	    -17.05399225	      4.88898928	     -5.28027459	     10.03980423	    -10.95034717	      5.64116159	     40.96872273	     90.00000001	      0.00000000	      0.00000000	     -9.33800056	    -12.16264066	      3.46062545	     53.78781368	     90.00000001	      0.00000000	      0.00000000
     10.88000000	      5.09047392	     -0.38749111	     -0.15443577	      1.53072408	      0.92555065	     -0.11593866	     11.28146913	     -5.15532779	    -22.96807124	     34.98415349	      1.66248801	      0.61058866	     17.17056224	     13.02110623	     -7.50001153	     -2.66870082	     -4.22740122	    -17.83486992	     40.33915855	      0.66159310	      0.70405113	     18.03464234	     -3.80429164	     -7.50001153	    -17.00446528	      5.05346390	     -5.29943639	     10.06174543	    -11.08586127	      5.63078733	     41.06080167	     90.00000001	      0.00000000	      0.00000000	     -9.42155637	    -12.15638540	      3.43296895	     54.13912986	     90.00000001	      0.00000000	      0.00000000
     10.89000000	      5.18858212	     -0.27620801	     -0.15326099	      1.53261587	      0.92562103	     -0.11491590	     11.07011545	     -5.24427655	    -23.00804933	     35.09290263	      1.69087439	      0.61248669	     17.34042708	     13.07879514	     -7.50001143	     -1.99713806	     -4.44237808	    -17.59527914	     42.05808031	      0.59060779	      0.73405198	     17.16296390	     -4.00995564	     -7.50001143	    -17.12317247	      5.10295295	     -5.30913846	     10.12119377	    -11.20704121	      5.58714201	     41.13274229	     90.00000001	      0.00000000	      0.00000000	     -9.47813133	    -12.16752209	      3.41653546	     54.38555757	     90.00000001	      0.00000000	      0.00000000
     10.90000000	      4.94593974	     -0.30117876	     -0.09764695	      1.53434868	      0.92499978	     -0.11386793	     11.30704819	     -5.07789086	    -23.11851544	     35.22708235	      1.47339080	      0.61482857	     17.53904348	     13.05317085	     -7.50001116	     -0.72118229	     -4.84263952	    -17.15406140	     44.20348489	      0.51202051	      0.77149635	     16.18943496	     -4.63349561	     -7.50001116	    -16.84958651	      5.30524180	     -5.28359651	     10.10837754	    -11.37636622	      5.54278657	     41.16365021	     90.00000001	      0.00000000	      0.00000000	     -9.58584137	    -12.18990474	      3.39613580	     54.71890028	     90.00000001	      0.00000000	      0.00000000
     10.91000000	      4.90643639	     -0.26200277	     -0.03239308	      1.53606516	      0.92473942	     -0.11298225	     11.27812081	     -5.09977600	    -23.18175523	     35.38554790	      1.50875395	      0.61759432	     17.72026872	     12.99118916	     -7.50001085	      0.32542183	     -5.18138288	    -16.67368786	     46.28846887	      0.49565996	      0.80788619	     15.05182345	     -5.03526749	     -7.50001085	    -16.81718018	      5.44914956	     -5.30152367	     10.14977302	    -11.53290638	      5.43689257	     41.19517490	     90.00000001	      0.00000000	      0.00000000	     -9.65181928	    -12.20511059	      3.39000259	     55.00357769	     90.00000001	      0.00000000	      0.00000000
     10.92000000	      4.96643790	     -0.18384442	      0.06154360	      1.53781803	      0.92466216	     -0.11220644	     11.08509438	     -5.19887555	    -23.21858206	     35.48376015	      1.64336094	      0.61930845	     17.93314625	     12.98031933	     -7.50001067	      1.29493574	     -5.45102640	    -16.28207610	     48.34169597	      0.33467065	      0.84372176	     13.78639138	     -5.05869107	     -7.50001067	    -16.89525890	      5.55537102	     -5.34249803	     10.18070276	    -11.69587894	      5.30823258	     41.23734451	     90.00000001	      0.00000000	      0.00000000	     -9.72697139	    -12.23572018	      3.39409518	     55.32549303	     90.00000001	      0.00000000	      0.00000000
     10.93000000	      4.98817690	     -0.14255742	      0.14505437	      1.53952603	      0.92445116	     -0.11137237	     10.97368877	     -5.24841582	    -23.28140788	     35.64387871	      1.73709646	      0.62210304	     18.12683913	     12.96195711	     -7.50001051	      2.37744191	     -5.79683010	    -15.85126238	     50.51647899	      0.21245300	      0.88167888	     12.53735192	     -5.06590642	     -7.50001051	    -16.92549651	      5.68896681	     -5.36966203	     10.21211754	    -11.84382957	      5.17574045	     41.25775476	     90.00000001	      0.00000000	      0.00000000	     -9.79883214	    -12.24759600	      3.40533500	     55.61903280	     90.00000001	      0.00000000	      0.00000000
     10.94000000	      5.09682269	     -0.06256682	      0.21995093	      1.54116900	      0.92435328	     -0.11059355	     10.77421341	     -5.38662816	    -23.31782683	     35.84729371	      1.89925425	      0.62565330	     18.30583502	     12.95460431	     -7.50001039	      3.38829578	     -6.11723517	    -15.46045455	     52.67257792	      0.12178582	      0.91930991	     11.32279815	     -4.96567346	     -7.50001039	    -17.07740586	      5.78781703	     -5.41209079	     10.26703808	    -11.98443554	      5.04066735	     41.28464841	     90.00000001	      0.00000000	      0.00000000	     -9.87116800	    -12.28738031	      3.40878298	     55.84429729	     90.00000001	      0.00000000	      0.00000000
     10.95000000	      4.97132719	     -0.09343183	      0.36769883	      1.54267790	      0.92380087	     -0.10982647	     10.84349088	     -5.31702176	    -23.40842350	     35.98553902	      1.91899466	      0.62806614	     18.52794741	     12.90273570	     -7.50001025	      4.81313638	     -6.52738941	    -14.84996205	     55.00829719	     -0.00988606	      0.96007590	      9.99540242	     -4.93906398	     -7.50001025	    -16.94457548	      5.99104638	     -5.45453536	     10.27093951	    -12.14154858	      4.87910785	     41.26865730	     90.00000001	      0.00000000	      0.00000000	     -9.94941036	    -12.26998140	      3.42643736	     56.16966766	     90.00000001	      0.00000000	      0.00000000
     10.96000000	      4.69779907	     -0.12948834	      0.48158137	      1.54403329	      0.92293182	     -0.10912789	     11.16301678	     -5.18161186	    -23.44153915	     36.17262085	      1.74063870	      0.63133133	     18.70188715	     12.71679918	     -7.50001001	      6.45298679	     -6.94375075	    -14.02553347	     57.38785924	      0.11552954	      1.00160709	      8.87816307	     -5.12088152	     -7.50001001	    -16.65877880	      6.21891763	     -5.46097694	     10.26798461	    -12.33815441	      4.68304964	     41.20524295	     90.00000001	      0.00000000	      0.00000000	    -10.02510982	    -12.29315510	      3.40482397	     56.39541118	     90.00000001	      0.00000000	      0.00000000
     10.97000000	      4.74531946	     -0.09464951	      0.61487581	      1.54550019	      0.92267514	     -0.10854688	     11.03198352	     -5.28865966	    -23.43944677	     36.38024400	      1.97047020	      0.63495504	     18.89165489	     12.62623135	     -7.50000984	      7.63611461	     -7.21445241	    -13.41286123	     59.41779715	      0.05124712	      1.03703619	      7.78343076	     -5.05019671	     -7.50000984	    -16.74403184	      6.36110098	     -5.49890814	     10.29533093	    -12.51893698	      4.51100382	     41.17656340	     90.00000001	      0.00000000	      0.00000000	    -10.06885634	    -12.29072522	      3.39947813	     56.59857704	     90.00000001	      0.00000000	      0.00000000
     10.98000000	      4.65975592	     -0.08918647	      0.77671429	      1.54686805	      0.92211003	     -0.10801336	     11.08322151	     -5.28568582	    -23.43992729	     36.55695516	      2.01446805	      0.63803923	     19.08429036	     12.50379873	     -7.50000966	      9.04814279	     -7.52327296	    -12.76249655	     61.50673357	      0.05000229	      1.07349501	      6.77860713	     -5.03931948	     -7.50000966	    -16.67349434	      6.53745728	     -5.54256029	     10.31076037	    -12.72704126	      4.31342583	     41.11014638	     90.00000001	      0.00000000	      0.00000000	    -10.14717036	    -12.29286362	      3.38301010	     56.80460777	     90.00000001	      0.00000000	      0.00000000
     10.99000000	      4.57266778	     -0.10878364	      0.92324372	      1.54821519	      0.92155287	     -0.10743477	     11.12338275	     -5.28253225	    -23.44567808	     36.74393601	      2.11882113	      0.64130266	     19.27848508	     12.37526689	     -7.50000949	     10.42980577	     -7.81239900	    -12.12407596	     63.38420201	      0.02602789	      1.10626302	      5.96270319	     -5.05027146	     -7.50000949	    -16.59562404	      6.72993492	     -5.58313034	     10.32927411	    -12.85869453	      4.13059200	     41.04303222	     90.00000001	      0.00000000	      0.00000000	    -10.18738119	    -12.27040600	      3.36481331	     56.98848298	     90.00000001	      0.00000000	      0.00000000
     11.00000000	      4.57043138	     -0.09598147	      1.07348458	      1.54953836	      0.92115096	     -0.10695344	     11.06648453	     -5.33222487	    -23.42838662	     36.92645291	      2.26154557	      0.64448818	     19.46226417	     12.26551681	     -7.50000935	     11.68010249	     -8.04295681	    -11.64973600	     65.05280458	     -0.05188785	      1.13538563	      5.35588009	     -5.05121948	     -7.50000935	    -16.63800122	      6.87759178	     -5.61839886	     10.35474244	    -13.06768942	      3.93927377	     40.95915284	     90.00000001	      0.00000000	      0.00000000	    -10.23671822	    -12.25276029	      3.34322952	     57.13167180	     90.00000001	      0.00000000	      0.00000000
