Coordinates
version=1
nRows=1043
nColumns=42
inDegrees=yes

Units are S.I. units (second, meters, Newtons, ...)
If the header above contains a line with 'inDegrees', this indicates whether rotational values are in degrees (yes) or radians (no).

endheader
time	pelvis_tilt	pelvis_list	pelvis_rotation	pelvis_tx	pelvis_ty	pelvis_tz	hip_flexion_r	hip_adduction_r	hip_rotation_r	knee_angle_r	knee_adduction_r	knee_angle_r_beta	ankle_angle_r	subtalar_angle_r	mtp_angle_r	hip_flexion_l	hip_adduction_l	hip_rotation_l	knee_angle_l	knee_adduction_l	knee_angle_l_beta	ankle_angle_l	subtalar_angle_l	mtp_angle_l	lumbar_extension	lumbar_bending	lumbar_rotation	arm_flex_r	arm_add_r	arm_rot_r	elbow_flex_r	pro_sup_r	wrist_flex_r	wrist_dev_r	arm_flex_l	arm_add_l	arm_rot_l	elbow_flex_l	pro_sup_l	wrist_flex_l	wrist_dev_l
      0.44000000	      4.20965595	     -1.56398339	      2.60270225	     -1.39668345	      0.91265515	      0.35098169	      8.73751409	     -3.81789322	    -21.40326479	     39.45684204	     -0.35792531	      0.68865181	     23.92690889	      9.04661225	     -9.38087888	     28.32760641	     -8.18097190	    -18.65098799	     38.34113073	     -5.36781332	      0.66917897	      7.13706389	      0.83826530	     -9.38087888	    -21.48932613	      6.73628233	     -3.19920229	      9.81188355	    -14.81965097	     12.35817644	     39.15779657	     90.00000001	      0.00000000	      0.00000000	    -11.43419297	    -10.99493279	     -0.59814241	     66.92440912	     90.00000001	      0.00000000	      0.00000000
      0.45000000	      4.25631134	     -1.68644834	      2.49313399	     -1.39357804	      0.91240776	      0.35013267	      8.50474573	     -3.68657392	    -21.30356569	     39.48180534	     -0.42376594	      0.68908750	     23.96346830	      9.03870747	     -9.37762857	     28.17363067	     -8.15189773	    -18.54578134	     38.37807473	     -5.54302534	      0.66982376	      7.12188092	      0.81290699	     -9.37762857	    -21.41407022	      6.61111403	     -3.13253463	      9.74286548	    -14.67256778	     12.39371852	     39.17164527	     90.00000001	      0.00000000	      0.00000000	    -11.64223429	    -11.02812642	     -0.60243888	     66.76734456	     90.00000001	      0.00000000	      0.00000000
      0.46000000	      4.55981543	     -1.78791586	      2.43552750	     -1.39028423	      0.91270298	      0.34914474	      7.81982503	     -3.50006882	    -20.92635601	     39.21794822	     -0.33721587	      0.68448232	     24.26248728	      8.86401399	     -9.35462808	     27.67803499	     -8.13498619	    -18.51658362	     38.43249985	     -5.67723387	      0.67077366	      7.06782237	      0.48640997	     -9.35462808	    -21.60106950	      6.50092385	     -3.19410127	      9.77721819	    -14.50045784	     12.40758460	     39.27898410	     90.00000001	      0.00000000	      0.00000000	    -11.66482175	    -11.03815873	     -0.66332658	     66.03595269	     90.00000001	      0.00000000	      0.00000000
      0.47000000	      4.69592229	     -1.87473659	      2.31236917	     -1.38706376	      0.91281781	      0.34815211	      7.38292499	     -3.36486541	    -20.52588598	     39.05000517	     -0.25136872	      0.68155116	     24.37982260	      8.52763094	     -9.31242314	     27.37658472	     -8.08524119	    -18.25032167	     38.59499396	     -5.72362339	      0.67360972	      6.93806042	     -0.11157713	     -9.31242314	    -21.61441457	      6.34029211	     -3.10899586	      9.66365634	    -14.37819484	     12.35026952	     39.40841313	     90.00000001	      0.00000000	      0.00000000	    -11.54968231	    -10.92619469	     -0.82659632	     65.10788835	     90.00000001	      0.00000000	      0.00000000
      0.48000000	      4.74359986	     -1.90444194	      2.16166513	     -1.38377000	      0.91282282	      0.34699055	      7.10237535	     -3.34437636	    -20.39292016	     39.00113737	     -0.34061456	      0.68069826	     24.39449236	      8.49402602	     -9.30744658	     27.17954237	     -7.98033386	    -18.12006622	     38.84153124	     -5.83684445	      0.67791261	      6.90302893	     -0.19368463	     -9.30744658	    -21.51132719	      6.13889695	     -3.06757120	      9.57522688	    -14.21704899	     12.36876766	     39.43959245	     90.00000001	      0.00000000	      0.00000000	    -11.76183764	    -10.95733139	     -0.85761929	     64.90035496	     90.00000001	      0.00000000	      0.00000000
      0.49000000	      4.93054647	     -1.95680596	      2.06135315	     -1.38046997	      0.91325262	      0.34581033	      6.52262166	     -3.25282838	    -19.97496422	     38.67570058	     -0.19303824	      0.67501832	     24.52120251	      8.12393581	     -9.25592411	     26.77198501	     -7.91335391	    -17.68402873	     39.03164104	     -5.68694627	      0.68123065	      6.68844276	     -1.37246014	     -9.25592411	    -21.58272199	      5.96592340	     -2.97893549	      9.45195294	    -14.06085873	     12.15193695	     39.67806910	     90.00000001	      0.00000000	      0.00000000	    -11.55154864	    -10.79259981	     -1.16671127	     63.76175680	     90.00000001	      0.00000000	      0.00000000
      0.50000000	      4.95416981	     -1.94869181	      1.93763080	     -1.37715281	      0.91336448	      0.34446229	      6.23667692	     -3.28750344	    -19.86802676	     38.57539644	     -0.28456491	      0.67326768	     24.52916038	      8.10290989	     -9.25146391	     26.58762567	     -7.80530739	    -17.60769929	     39.28216430	     -5.73823065	      0.68560310	      6.66063673	     -1.47164551	     -9.25146391	    -21.45308386	      5.72932210	     -2.95763603	      9.36172162	    -13.90390405	     12.16121026	     39.70973644	     90.00000001	      0.00000000	      0.00000000	    -11.79479379	    -10.81112375	     -1.19049186	     63.56342733	     90.00000001	      0.00000000	      0.00000000
      0.51000000	      5.02603823	     -1.91745723	      1.82623226	     -1.37378831	      0.91367198	      0.34300779	      5.81576653	     -3.34988847	    -19.74330845	     38.32568463	     -0.31626178	      0.66890938	     24.57912459	      8.08008680	     -9.24519100	     26.31910862	     -7.72314018	    -17.62454660	     39.50482784	     -5.71000963	      0.68948932	      6.65866714	     -1.70642490	     -9.24519100	    -21.38216879	      5.49525645	     -2.98779507	      9.28707272	    -13.71638462	     12.15022552	     39.78038533	     90.00000001	      0.00000000	      0.00000000	    -11.98079828	    -10.85186169	     -1.25335606	     63.22993945	     90.00000001	      0.00000000	      0.00000000
      0.52000000	      5.14499295	     -1.93000212	      1.74130800	     -1.37050159	      0.91426671	      0.34140946	      5.26129220	     -3.36626372	    -19.46920571	     37.92409722	     -0.18918264	      0.66190036	     24.63752997	      7.96966493	     -9.16496380	     25.91014882	     -7.61029915	    -17.13358379	     39.55347881	     -5.40926986	      0.69033844	      6.23914300	     -3.60751764	     -9.16496380	    -21.35604964	      5.32781258	     -2.88436245	      9.08261274	    -13.52571885	     11.54535722	     40.20495439	     90.00000001	      0.00000000	      0.00000000	    -11.55464445	    -10.52080205	     -1.81990645	     61.59751340	     90.00000001	      0.00000000	      0.00000000
      0.53000000	      5.10672662	     -1.88271735	      1.60022099	     -1.36718204	      0.91453841	      0.33984108	      4.98666660	     -3.47871030	    -19.42456944	     37.70975320	     -0.26594587	      0.65815935	     24.64702316	      7.96369848	     -9.16093312	     25.70930694	     -7.54672275	    -17.22567234	     39.67684443	     -5.33762826	      0.69249157	      6.25983038	     -3.69359803	     -9.16093312	    -21.16684822	      5.07311171	     -2.81349140	      8.98376222	    -13.37923978	     11.55632696	     40.21645435	     90.00000001	      0.00000000	      0.00000000	    -11.79126143	    -10.54130368	     -1.84096553	     61.45069282	     90.00000001	      0.00000000	      0.00000000
      0.54000000	      5.09291213	     -1.80665110	      1.47309142	     -1.36383793	      0.91495566	      0.33818052	      4.60586730	     -3.62401694	    -19.37022890	     37.35242732	     -0.30494738	      0.65192284	     24.66079168	      7.98504396	     -9.15601814	     25.44229875	     -7.50167144	    -17.48039875	     39.71851254	     -5.23637056	      0.69321882	      6.32767136	     -3.86504379	     -9.15601814	    -21.00617291	      4.79706321	     -2.80226527	      8.88826111	    -13.20262079	     11.55438182	     40.25977783	     90.00000001	      0.00000000	      0.00000000	    -12.00612240	    -10.57987319	     -1.88770762	     61.19538130	     90.00000001	      0.00000000	      0.00000000
      0.55000000	      5.32693893	     -1.74770913	      1.36378497	     -1.36043104	      0.91588708	      0.33633718	      3.83811737	     -3.75712481	    -19.22203201	     36.77881453	     -0.20643624	      0.64191141	     24.65399829	      8.21746696	     -9.13557652	     24.81108138	     -7.44221976	    -18.04153015	     39.56244853	     -5.35247887	      0.69049499	      6.41829778	     -4.30596126	     -9.13557652	    -21.11943660	      4.57983182	     -2.78943857	      8.84113466	    -13.04429435	     11.38275560	     40.42997629	     90.00000001	      0.00000000	      0.00000000	    -11.92366054	    -10.51554968	     -2.08035160	     60.43330216	     90.00000001	      0.00000000	      0.00000000
      0.56000000	      5.33872407	     -1.65192039	      1.23640890	     -1.35708142	      0.91650331	      0.33444657	      3.38207116	     -3.94810259	    -19.18037236	     36.32023472	     -0.22199440	      0.63390768	     24.63832869	      8.44256034	     -9.11737347	     24.42487209	     -7.37239345	    -18.52868463	     39.43216857	     -5.33603292	      0.68822117	      6.49111351	     -4.49886177	     -9.11737347	    -20.98568990	      4.32875191	     -2.74096259	      8.71743880	    -12.89350517	     11.22850824	     40.57522415	     90.00000001	      0.00000000	      0.00000000	    -11.93922506	    -10.43890324	     -2.26375393	     59.78304676	     90.00000001	      0.00000000	      0.00000000
      0.57000000	      5.19190378	     -1.56509571	      1.09106257	     -1.35386363	      0.91690560	      0.33260752	      3.17165598	     -4.16606700	    -19.22402602	     35.97819345	     -0.25131505	      0.62793793	     24.63510775	      8.47811885	     -9.11289651	     24.22855898	     -7.36884300	    -18.83299321	     39.38903767	     -5.10974441	      0.68746840	      6.55293490	     -4.54964274	     -9.11289651	    -20.68437224	      4.06863530	     -2.62419700	      8.61384963	    -12.73410658	     11.22623322	     40.62480749	     90.00000001	      0.00000000	      0.00000000	    -12.14716762	    -10.45429671	     -2.31997635	     59.55078781	     90.00000001	      0.00000000	      0.00000000
      0.58000000	      5.38455806	     -1.44215094	      0.94505207	     -1.35045955	      0.91792100	      0.33055232	      2.40173430	     -4.42246305	    -19.12624052	     35.32512273	     -0.14011504	      0.61653970	     24.52157792	      9.00096936	     -9.09007629	     23.55402542	     -7.26963593	    -19.72264306	     39.06894283	     -5.28732840	      0.68188169	      6.75450180	     -4.59298113	     -9.09007629	    -20.76650712	      3.80893101	     -2.56938040	      8.51226387	    -12.60994853	     10.99080977	     40.86719836	     90.00000001	      0.00000000	      0.00000000	    -11.97272561	    -10.30675004	     -2.60980349	     58.58940549	     90.00000001	      0.00000000	      0.00000000
      0.59000000	      5.20266966	     -1.33120454	      0.81392995	     -1.34727127	      0.91840030	      0.32860744	      2.19159017	     -4.63113072	    -19.16135937	     34.88773961	     -0.21466593	      0.60890592	     24.50972971	      9.12841155	     -9.08203227	     23.34204637	     -7.20589935	    -20.11897863	     38.89595102	     -5.10890218	      0.67886241	      6.88696374	     -4.56152230	     -9.08203227	    -20.44270056	      3.54951153	     -2.51016501	      8.36513437	    -12.43499735	     10.96164526	     40.95131109	     90.00000001	      0.00000000	      0.00000000	    -12.14107220	    -10.33181977	     -2.71697428	     58.27357545	     90.00000001	      0.00000000	      0.00000000
      0.60000000	      5.28636443	     -1.19258208	      0.64270608	     -1.34395912	      0.91932591	      0.32650514	      1.57610656	     -4.95387635	    -19.17576973	     34.26830000	     -0.11101975	      0.59809466	     24.39240979	      9.67123385	     -9.06059302	     22.75558070	     -7.10548925	    -20.88116766	     38.58472473	     -5.14296953	      0.67343049	      7.15523545	     -4.32217845	     -9.06059302	    -20.41385809	      3.28778722	     -2.40481585	      8.28560385	    -12.31781001	     10.79267641	     41.18610498	     90.00000001	      0.00000000	      0.00000000	    -12.07606073	    -10.20595476	     -2.97732089	     57.50942558	     90.00000001	      0.00000000	      0.00000000
      0.61000000	      5.24829636	     -1.09142620	      0.45335300	     -1.34079396	      0.92004143	      0.32446196	      1.16587853	     -5.24307970	    -19.29717774	     33.74594858	     -0.09428026	      0.58897791	     24.33447079	     10.19830339	     -9.03513033	     22.35125452	     -7.02799775	    -21.45626331	     38.34295096	     -5.11563263	      0.66921074	      7.42288058	     -3.90640640	     -9.03513033	    -20.27013627	      3.04062903	     -2.25536837	      8.15352198	    -12.15199919	     10.67173142	     41.41113257	     90.00000001	      0.00000000	      0.00000000	    -12.09274726	    -10.13352681	     -3.24940501	     56.87433010	     90.00000001	      0.00000000	      0.00000000
      0.62000000	      5.20695195	     -0.95797349	      0.29806033	     -1.33747475	      0.92074895	      0.32234735	      0.73667401	     -5.56144112	    -19.65684543	     33.20823604	     -0.21437425	      0.57959306	     24.39596598	     11.31412611	     -8.95317582	     21.93569732	     -6.94001870	    -22.31719819	     38.07641595	     -5.19649015	      0.66455883	      7.94239824	     -2.74636779	     -8.95317582	    -20.08611974	      2.79540485	     -2.14827018	      7.95744739	    -12.04331463	     10.45803981	     41.80723637	     90.00000001	      0.00000000	      0.00000000	    -11.99455159	     -9.93884781	     -3.78985464	     56.03534040	     90.00000001	      0.00000000	      0.00000000
      0.63000000	      5.10788593	     -0.83440727	      0.12231802	     -1.33436944	      0.92143043	      0.32025572	      0.38804191	     -5.85047783	    -19.65106851	     32.67200291	     -0.14441299	      0.57023402	     24.27569686	     11.45724010	     -8.94299454	     21.57245308	     -6.75944230	    -22.62242059	     37.77460132	     -5.05835259	      0.65929117	      8.12920198	     -2.79496957	     -8.94299454	    -19.87213536	      2.54707859	     -2.10049561	      7.92457150	    -11.88676451	     10.50472562	     41.85800379	     90.00000001	      0.00000000	      0.00000000	    -12.20542590	     -9.98452225	     -3.83264635	     55.85745739	     90.00000001	      0.00000000	      0.00000000
      0.64000000	      5.10846731	     -0.72090775	     -0.06209259	     -1.33129526	      0.92223924	      0.31814032	     -0.08780762	     -6.17436904	    -19.69804212	     32.12039580	     -0.00674885	      0.56060666	     24.05800372	     11.78632431	     -8.92734039	     21.09679315	     -6.58331051	    -22.90890898	     37.46662976	     -4.90329085	      0.65391605	      8.32142871	     -2.75114555	     -8.92734039	    -19.78900090	      2.31917888	     -2.02102376	      7.94781110	    -11.78512516	     10.56469437	     41.96792600	     90.00000001	      0.00000000	      0.00000000	    -12.31209133	     -9.99154579	     -3.90437922	     55.53886918	     90.00000001	      0.00000000	      0.00000000
      0.65000000	      4.94881012	     -0.62577025	     -0.25548881	     -1.32829577	      0.92278122	      0.31608909	     -0.31059616	     -6.45307951	    -19.80296901	     31.67204942	      0.02865596	      0.55278154	     23.95730567	     11.92632890	     -8.92077759	     20.84281132	     -6.44838526	    -23.12306707	     37.25535448	     -4.67817843	      0.65022860	      8.45303484	     -2.74101632	     -8.92077759	    -19.51808125	      2.09706753	     -1.93581744	      7.90469258	    -11.65349755	     10.62362378	     42.04356892	     90.00000001	      0.00000000	      0.00000000	    -12.50056700	    -10.03058210	     -3.95151854	     55.32793582	     90.00000001	      0.00000000	      0.00000000
      0.66000000	      4.99320457	     -0.51582600	     -0.43914141	     -1.32529875	      0.92365261	      0.31395312	     -0.83040629	     -6.78575376	    -19.91458179	     31.11675469	      0.17357995	      0.54308982	     23.64858782	     12.38862575	     -8.90708714	     20.32488841	     -6.16228301	    -23.27694101	     36.86881834	     -4.61692852	      0.64348227	      8.68972922	     -2.67484332	     -8.90708714	    -19.48983150	      1.88447147	     -1.86975908	      7.94941148	    -11.54740195	     10.73607008	     42.21858699	     90.00000001	      0.00000000	      0.00000000	    -12.56650941	    -10.05600824	     -4.04293792	     54.92033868	     90.00000001	      0.00000000	      0.00000000
      0.67000000	      4.86423950	     -0.46565599	     -0.66264768	     -1.32241950	      0.92418136	      0.31195594	     -1.03274856	     -7.04371997	    -20.08767117	     30.75778596	      0.21537280	      0.53682464	     23.51651504	     12.58330849	     -8.89972483	     20.08053786	     -6.02945424	    -23.39474102	     36.69018003	     -4.44650540	      0.64036444	      8.80830112	     -2.63128903	     -8.89972483	    -19.27618124	      1.72582507	     -1.75672252	      7.94860614	    -11.43230788	     10.82429882	     42.33102704	     90.00000001	      0.00000000	      0.00000000	    -12.71785987	    -10.09413775	     -4.09824043	     54.69185250	     90.00000001	      0.00000000	      0.00000000
      0.68000000	      4.83699379	     -0.40182289	     -0.85894385	     -1.31958270	      0.92485069	      0.30991833	     -1.37819805	     -7.32471967	    -20.28628077	     30.36287995	      0.30253673	      0.52993223	     23.24064645	     12.93151171	     -8.88985258	     19.71445945	     -5.77978708	    -23.45526220	     36.38949841	     -4.39268826	      0.63511656	      8.99834069	     -2.57794395	     -8.88985258	    -19.18970305	      1.54629883	     -1.67811582	      7.98967025	    -11.31463548	     10.96267780	     42.50027832	     90.00000001	      0.00000000	      0.00000000	    -12.82643381	    -10.14230510	     -4.17072555	     54.37342558	     90.00000001	      0.00000000	      0.00000000
      0.69000000	      4.74250558	     -0.36886312	     -1.07334338	     -1.31680040	      0.92537603	      0.30794408	     -1.57482256	     -7.56195281	    -20.50933526	     30.07998889	      0.35913448	      0.52499485	     23.05474937	     13.12683606	     -8.88317633	     19.45553199	     -5.62773256	    -23.54591686	     36.20857175	     -4.22892582	      0.63195879	      9.12213567	     -2.54228555	     -8.88317633	    -19.01154853	      1.40554307	     -1.58020529	      8.05374739	    -11.23223595	     11.06818241	     42.63710992	     90.00000001	      0.00000000	      0.00000000	    -12.95655193	    -10.17928550	     -4.21673407	     54.15574399	     90.00000001	      0.00000000	      0.00000000
      0.70000000	      4.63922100	     -0.42403638	     -1.32117492	     -1.31424386	      0.92580901	      0.30606683	     -1.66344263	     -7.71203464	    -20.66540120	     29.93446037	      0.41241913	      0.52245489	     22.94239395	     13.19586831	     -8.87983340	     19.29362266	     -5.52582762	    -23.52539120	     36.12734218	     -4.22209422	      0.63054107	      9.18508180	     -2.51891866	     -8.87983340	    -18.88075804	      1.36017466	     -1.39161177	      8.17282785	    -11.10875374	     11.13951075	     42.74988051	     90.00000001	      0.00000000	      0.00000000	    -13.08922424	    -10.24515940	     -4.25318265	     54.03121522	     90.00000001	      0.00000000	      0.00000000
      0.71000000	      4.74483305	     -0.33384798	     -1.49128031	     -1.31148318	      0.92658847	      0.30401573	     -2.07982993	     -8.05575017	    -21.11098591	     29.67178487	      0.45837220	      0.51787034	     22.33025657	     13.69026501	     -8.86539358	     18.76863842	     -5.16057275	    -23.54945859	     35.71669598	     -4.20842392	      0.62337394	      9.48616238	     -2.44840255	     -8.86539358	    -18.95081459	      1.16861693	     -1.43652525	      8.24334985	    -11.04866883	     11.44704920	     43.02412379	     90.00000001	      0.00000000	      0.00000000	    -13.11851091	    -10.31024343	     -4.32914421	     53.59598630	     90.00000001	      0.00000000	      0.00000000
      0.72000000	      4.63062577	     -0.42096925	     -1.72111013	     -1.30902430	      0.92695291	      0.30226882	     -2.09917074	     -8.12521614	    -21.25593772	     29.61998235	      0.48422684	      0.51696622	     22.26279922	     13.71344724	     -8.86216209	     18.65676703	     -5.12292664	    -23.54909410	     35.68875959	     -4.17170078	      0.62288636	      9.52024385	     -2.42628849	     -8.86216209	    -18.80996652	      1.13799785	     -1.27613499	      8.34491838	    -10.95055951	     11.51665605	     43.12356266	     90.00000001	      0.00000000	      0.00000000	    -13.23227298	    -10.37254795	     -4.35786528	     53.51051988	     90.00000001	      0.00000000	      0.00000000
      0.73000000	      4.67615039	     -0.39859050	     -1.92478783	     -1.30644149	      0.92751829	      0.30039708	     -2.28717189	     -8.40850993	    -21.87280927	     29.62487432	      0.41762916	      0.51705160	     21.66465239	     14.12108327	     -8.83695271	     18.27689171	     -4.89385737	    -23.61360790	     35.43124788	     -4.16019233	      0.61839193	      9.80232351	     -2.29360094	     -8.83695271	    -18.82276883	      0.99783353	     -1.25385623	      8.41445232	    -10.99372743	     12.09347831	     43.50284706	     90.00000001	      0.00000000	      0.00000000	    -13.24788004	    -10.44745025	     -4.42763331	     53.09419225	     90.00000001	      0.00000000	      0.00000000
      0.74000000	      4.58817820	     -0.50496090	     -2.15508498	     -1.30408226	      0.92785473	      0.29872119	     -2.27265389	     -8.42137581	    -21.96565126	     29.65362935	      0.39774515	      0.51755347	     21.60736854	     14.10203499	     -8.83350599	     18.15924011	     -4.85044245	    -23.61547589	     35.39217900	     -4.17643977	      0.61771005	      9.84264040	     -2.28454698	     -8.83350599	    -18.72626650	      0.99047507	     -1.11482767	      8.54172794	    -10.86971393	     12.17209189	     43.61275594	     90.00000001	      0.00000000	      0.00000000	    -13.36828519	    -10.53160836	     -4.45604810	     53.02443401	     90.00000001	      0.00000000	      0.00000000
      0.75000000	      4.53876992	     -0.59516783	     -2.40064903	     -1.30174715	      0.92822008	      0.29708552	     -2.24384116	     -8.46353291	    -22.11603535	     29.76794979	      0.34010933	      0.51954874	     21.45312029	     14.03677613	     -8.82956280	     17.96585690	     -4.79252938	    -23.66647763	     35.29364259	     -4.18437689	      0.61599027	      9.93640663	     -2.29572587	     -8.82956280	    -18.66870353	      0.95673972	     -1.01655052	      8.70648643	    -10.73131720	     12.27538984	     43.75054139	     90.00000001	      0.00000000	      0.00000000	    -13.49658229	    -10.64343895	     -4.48705372	     52.92895114	     90.00000001	      0.00000000	      0.00000000
      0.76000000	      4.54116609	     -0.67579969	     -2.66583416	     -1.29946511	      0.92859817	      0.29549924	     -2.19376220	     -8.53213196	    -22.31908765	     30.02077681	      0.22334928	      0.52396140	     21.17695755	     13.89528937	     -8.82464681	     17.69940322	     -4.71833846	    -23.75069519	     35.15165886	     -4.21201075	      0.61351218	     10.08530803	     -2.32063489	     -8.82464681	    -18.67196563	      0.89590872	     -0.95177144	      8.90452943	    -10.58265075	     12.41849437	     43.91637149	     90.00000001	      0.00000000	      0.00000000	    -13.61885896	    -10.77729173	     -4.51676753	     52.81352334	     90.00000001	      0.00000000	      0.00000000
      0.77000000	      4.57903032	     -0.65401292	     -2.86206037	     -1.29717365	      0.92897800	      0.29375117	     -2.12190006	     -8.77038174	    -22.70134406	     30.45941988	      0.08384317	      0.53161717	     20.52502068	     13.41750296	     -8.80992907	     17.41087306	     -4.48970663	    -23.90510313	     34.98220007	     -4.29838658	      0.61055457	     10.36340450	     -2.29340126	     -8.80992907	    -18.70314863	      0.75412294	     -0.95497552	      9.03564321	    -10.58708473	     12.84117705	     44.13733211	     90.00000001	      0.00000000	      0.00000000	    -13.65893380	    -10.87513448	     -4.50406939	     52.67544241	     90.00000001	      0.00000000	      0.00000000
      0.78000000	      4.55757498	     -0.79565242	     -3.12255420	     -1.29505528	      0.92931983	      0.29221722	     -2.00668281	     -8.67139425	    -22.25595474	     30.73953145	      0.15701674	      0.53650603	     19.88790876	     11.74264537	     -8.72515122	     17.22168128	     -4.51935582	    -24.13504435	     34.91686127	     -4.39021824	      0.60941419	     10.59543150	     -1.89480601	     -8.72515122	    -18.70094671	      0.77300016	     -0.88894148	      9.15275722	    -11.01077666	     14.59970345	     44.74478399	     90.00000001	      0.00000000	      0.00000000	    -13.72726056	    -11.02218318	     -4.38682481	     52.54088084	     90.00000001	      0.00000000	      0.00000000
      0.79000000	      4.55971682	     -0.94493552	     -3.35657691	     -1.29296720	      0.92967886	      0.29075224	     -1.89852816	     -8.60037717	    -22.27041636	     31.03467872	      0.04225652	      0.54165733	     19.77077218	     11.65556668	     -8.72113264	     17.01144777	     -4.53844620	    -24.14317595	     34.86455347	     -4.39719070	      0.60850125	     10.64055573	     -1.90237486	     -8.72113264	    -18.72765165	      0.79231134	     -0.77367526	      9.35339308	    -10.83690053	     14.64750605	     44.86591946	     90.00000001	      0.00000000	      0.00000000	    -13.80022165	    -11.17824706	     -4.43136877	     52.49769048	     90.00000001	      0.00000000	      0.00000000
      0.80000000	      4.62239310	     -1.06431540	     -3.61237751	     -1.29088479	      0.93005223	      0.28931616	     -1.72916186	     -8.57452650	    -22.28838368	     31.56542684	     -0.20210964	      0.55092063	     19.53984262	     11.42948651	     -8.71623408	     16.69247788	     -4.55525951	    -24.23999230	     34.75557366	     -4.36001837	      0.60659919	     10.74937824	     -1.93500817	     -8.71623408	    -18.80342123	      0.77043814	     -0.74156958	      9.57607936	    -10.68076112	     14.70628886	     44.99550525	     90.00000001	      0.00000000	      0.00000000	    -13.86739845	    -11.32173449	     -4.46133965	     52.44934818	     90.00000001	      0.00000000	      0.00000000
      0.81000000	      4.67780086	     -1.13263535	     -3.85955640	     -1.28890334	      0.93040971	      0.28785222	     -1.50164802	     -8.61941328	    -22.33780360	     32.19918895	     -0.43705659	      0.56198186	     19.21757903	     11.02566764	     -8.71019050	     16.38570789	     -4.50738158	    -24.38467077	     34.62581307	     -4.31693773	      0.60433444	     10.89896079	     -1.96679965	     -8.71019050	    -18.90234431	      0.69257435	     -0.70369345	      9.78791928	    -10.55443178	     14.78920786	     45.11338534	     90.00000001	      0.00000000	      0.00000000	    -13.91573916	    -11.45340574	     -4.47928098	     52.41725347	     90.00000001	      0.00000000	      0.00000000
      0.82000000	      4.71673146	     -1.23381421	     -4.09567475	     -1.28689538	      0.93074601	      0.28641641	     -1.28642696	     -8.62264187	    -22.30265642	     32.76806229	     -0.61640935	      0.57191058	     18.93024336	     10.63187512	     -8.70482636	     16.11367429	     -4.47881964	    -24.46191144	     34.52459964	     -4.31977248	      0.60256794	     11.00696992	     -1.96862981	     -8.70482636	    -18.96129630	      0.65406192	     -0.64182008	      9.96446583	    -10.41034613	     14.87790088	     45.22231055	     90.00000001	      0.00000000	      0.00000000	    -13.95163091	    -11.61118376	     -4.50581759	     52.39677890	     90.00000001	      0.00000000	      0.00000000
      0.83000000	      4.77853717	     -1.29905414	     -4.33900902	     -1.28496297	      0.93111853	      0.28497458	     -0.99577360	     -8.66547248	    -22.19392858	     33.48975451	     -0.84549110	      0.58450648	     18.55901290	     10.06647799	     -8.69850970	     15.78399734	     -4.44815120	    -24.60731909	     34.38808202	     -4.24464956	      0.60018525	     11.14318209	     -1.96387512	     -8.69850970	    -19.04785102	      0.57846223	     -0.62425497	     10.17142529	    -10.30901151	     14.97902677	     45.33660436	     90.00000001	      0.00000000	      0.00000000	    -13.97839236	    -11.74041197	     -4.51199518	     52.38493045	     90.00000001	      0.00000000	      0.00000000
      0.84000000	      4.67145635	     -1.34883294	     -4.63857730	     -1.28318648	      0.93136194	      0.28346436	     -0.56839098	     -8.62099267	    -20.58113930	     34.12386000	     -0.30716401	      0.59557371	     17.08501068	      5.38623134	     -8.63127961	     15.69356811	     -4.38805568	    -24.92866948	     34.28126563	     -4.34602940	      0.59832096	     11.37724070	     -1.58267745	     -8.63127961	    -18.95185215	      0.50168045	     -0.52053967	     10.35123284	    -10.51520290	     15.93414024	     45.51592976	     90.00000001	      0.00000000	      0.00000000	    -14.02764313	    -11.86806016	     -4.28462719	     52.48356750	     90.00000001	      0.00000000	      0.00000000
      0.85000000	      4.76831589	     -1.51617857	     -4.81708889	     -1.28126043	      0.93181900	      0.28211386	     -0.38770199	     -8.50483805	    -20.42255867	     34.71957767	     -0.50298524	      0.60597095	     16.91869066	      5.31468272	     -8.62802697	     15.34599287	     -4.47531800	    -24.97615381	     34.17650008	     -4.25926271	      0.59649245	     11.42573753	     -1.58922194	     -8.62802697	    -19.07959693	      0.53933907	     -0.51655100	     10.50057713	    -10.34716509	     15.98282750	     45.61186563	     90.00000001	      0.00000000	      0.00000000	    -14.01471576	    -12.08266011	     -4.34625301	     52.44436736	     90.00000001	      0.00000000	      0.00000000
      0.86000000	      4.85931718	     -1.55331683	     -5.08519398	     -1.27934231	      0.93221223	      0.28070446	     -0.05066519	     -8.62583668	    -20.27210949	     35.57338533	     -0.72136709	      0.62087270	     16.57317823	      5.00490324	     -8.62242270	     14.94526802	     -4.45006947	    -25.12556403	     34.01729003	     -4.08447618	      0.59371371	     11.55137005	     -1.58994263	     -8.62242270	    -19.18607704	      0.43711296	     -0.46526768	     10.71993303	    -10.26954063	     16.03666784	     45.72371620	     90.00000001	      0.00000000	      0.00000000	    -14.01733123	    -12.16585829	     -4.36006224	     52.42060498	     90.00000001	      0.00000000	      0.00000000
      0.87000000	      4.94970238	     -1.64886917	     -5.29768469	     -1.27749450	      0.93262518	      0.27931530	      0.27343338	     -8.64917624	    -20.04982805	     36.40237142	     -0.90332625	      0.63534124	     16.21812548	      4.68644316	     -8.61786914	     14.57888061	     -4.44527184	    -25.22786977	     33.85910283	     -4.01227613	      0.59095283	     11.65099365	     -1.57766265	     -8.61786914	    -19.30057222	      0.39505682	     -0.45137719	     10.86847997	    -10.14923996	     16.10669301	     45.82478144	     90.00000001	      0.00000000	      0.00000000	    -13.99021968	    -12.33194531	     -4.40021217	     52.40816419	     90.00000001	      0.00000000	      0.00000000
      0.88000000	      5.02038249	     -1.69007464	     -5.50130307	     -1.27559787	      0.93301747	      0.27784305	      0.63026867	     -8.76309121	    -19.78738437	     37.27294630	     -1.04605358	      0.65053563	     15.77028135	      4.24337574	     -8.61286449	     14.21973756	     -4.40938041	    -25.38305342	     33.68721609	     -3.88558634	      0.58795284	     11.76386721	     -1.55245728	     -8.61286449	    -19.37187512	      0.32344964	     -0.42061195	     11.01160272	    -10.07339245	     16.18302531	     45.92673300	     90.00000001	      0.00000000	      0.00000000	    -13.97093574	    -12.45156333	     -4.42476524	     52.40677465	     90.00000001	      0.00000000	      0.00000000
      0.89000000	      4.89256813	     -1.71007931	     -5.78512441	     -1.27388170	      0.93326076	      0.27637250	      1.21599331	     -8.78239277	    -17.96931827	     38.14875429	     -0.33073733	      0.66582137	     13.92940043	     -0.37777710	     -8.55149247	     14.11390740	     -4.35841598	    -25.78306317	     33.52523306	     -3.92350319	      0.58512570	     11.96371673	     -1.13384700	     -8.55149247	    -19.22548908	      0.23217988	     -0.31867780	     11.02834870	    -10.29706141	     16.90588210	     46.27791048	     90.00000001	      0.00000000	      0.00000000	    -13.92565398	    -12.53939704	     -4.36541757	     52.45227857	     90.00000001	      0.00000000	      0.00000000
      0.90000000	      5.02798622	     -1.82939885	     -5.96359512	     -1.27197047	      0.93375711	      0.27497502	      1.49282394	     -8.79174210	    -17.73741186	     38.98749467	     -0.49506494	      0.68046015	     13.58419968	     -0.44470985	     -8.54663742	     13.67043750	     -4.41705175	    -25.87887788	     33.37789977	     -3.75521290	      0.58255425	     12.03856913	     -1.13471328	     -8.54663742	    -19.37080796	      0.24588496	     -0.30682229	     11.20853045	    -10.20484113	     16.93947444	     46.37137964	     90.00000001	      0.00000000	      0.00000000	    -13.89686532	    -12.67070795	     -4.40565708	     52.42511561	     90.00000001	      0.00000000	      0.00000000
      0.91000000	      5.05286221	     -1.77293722	     -6.13498836	     -1.26997876	      0.93409219	      0.27348116	      1.94869613	     -9.07206870	    -17.40486107	     39.97234953	     -0.48958080	      0.69764911	     12.78097061	     -0.99360983	     -8.53434165	     13.34600708	     -4.23460128	    -26.10685932	     33.10445468	     -3.70499914	      0.57778173	     12.19559382	     -1.11384130	     -8.53434165	    -19.33872898	      0.06913357	     -0.31660253	     11.18972514	    -10.20401344	     17.04550553	     46.46303818	     90.00000001	      0.00000000	      0.00000000	    -13.81329948	    -12.78149736	     -4.45118552	     52.45310052	     90.00000001	      0.00000000	      0.00000000
      0.92000000	      5.09755327	     -1.91547553	     -6.32010442	     -1.26822328	      0.93457358	      0.27202538	      2.32563601	     -8.95931679	    -16.12043813	     40.79741575	     -0.07859156	      0.71204923	     11.35741542	     -3.88766509	     -8.47489672	     13.04109624	     -4.33149569	    -26.34056694	     32.98422850	     -3.63211460	      0.57568339	     12.28163244	     -0.88230800	     -8.47489672	    -19.40882509	      0.13880992	     -0.25405059	     11.22243725	    -10.35292043	     17.48053804	     46.82206150	     90.00000001	      0.00000000	      0.00000000	    -13.73167153	    -12.78626402	     -4.50740971	     52.46211799	     90.00000001	      0.00000000	      0.00000000
      0.93000000	      5.20229218	     -2.01876196	     -6.41873613	     -1.26621384	      0.93507439	      0.27060926	      2.61510842	     -9.01259682	    -15.90370177	     41.62678763	     -0.15321032	      0.72652450	     10.92220355	     -3.91524189	     -8.47005263	     12.61594976	     -4.39718107	    -26.48385267	     32.79312919	     -3.43470471	      0.57234808	     12.34889435	     -0.88908992	     -8.47005263	    -19.50077085	      0.16524755	     -0.31698269	     11.30655075	    -10.30429507	     17.50164643	     46.88766063	     90.00000001	      0.00000000	      0.00000000	    -13.70086896	    -12.95335221	     -4.56363573	     52.44427213	     90.00000001	      0.00000000	      0.00000000
      0.94000000	      5.29753581	     -2.02519948	     -6.56309260	     -1.26417699	      0.93552207	      0.26914749	      2.98500469	     -9.21506068	    -15.61517757	     42.56034215	     -0.17717824	      0.74281810	     10.18064698	     -4.15481929	     -8.46325679	     12.19025076	     -4.31255338	    -26.67710225	     32.54004211	     -3.27517527	      0.56793087	     12.44729567	     -0.87817566	     -8.46325679	    -19.54303971	      0.07596008	     -0.33733827	     11.34375679	    -10.31638268	     17.53971169	     46.97620803	     90.00000001	      0.00000000	      0.00000000	    -13.63203380	    -13.03334371	     -4.60434669	     52.47548934	     90.00000001	      0.00000000	      0.00000000
      0.95000000	      5.28989130	     -2.13697226	     -6.66846838	     -1.26222916	      0.93597137	      0.26770522	      3.38451873	     -9.18883539	    -14.45065951	     43.35738372	      0.37456177	      0.75672910	      8.33671502	     -7.08761952	     -8.41436047	     11.92877632	     -4.33838213	    -26.91672402	     32.32817843	     -3.27748719	      0.56423315	     12.47897176	     -0.67563959	     -8.41436047	    -19.50152177	      0.13183961	     -0.31420617	     11.18990503	    -10.48914133	     17.88069466	     47.43930798	     90.00000001	      0.00000000	      0.00000000	    -13.58233305	    -13.09854970	     -4.74881021	     52.56656904	     90.00000001	      0.00000000	      0.00000000
      0.96000000	      5.40660624	     -2.31658832	     -6.65485117	     -1.26005818	      0.93652388	      0.26624796	      3.54614451	     -9.12865505	    -14.27663982	     44.01053208	      0.35222354	      0.76812869	      8.06247312	     -7.07367215	     -8.41185840	     11.53009047	     -4.44169451	    -26.97955448	     32.17419156	     -3.17450582	      0.56154558	     12.52529687	     -0.68326668	     -8.41185840	    -19.57250668	      0.27666571	     -0.41648608	     11.15968303	    -10.46792666	     17.89486608	     47.44271087	     90.00000001	      0.00000000	      0.00000000	    -13.52309902	    -13.19613854	     -4.78231406	     52.56547101	     90.00000001	      0.00000000	      0.00000000
      0.97000000	      5.49354447	     -2.26811145	     -6.75353138	     -1.25793369	      0.93702139	      0.26473714	      3.91224750	     -9.41957945	    -13.86576685	     44.87407576	      0.51850818	      0.78320037	      6.87941465	     -7.67553600	     -8.39737395	     11.07827055	     -4.22684802	    -27.13785889	     31.78132968	     -3.07221987	      0.55468884	     12.65647901	     -0.63615752	     -8.39737395	    -19.59913808	      0.16079445	     -0.42311702	     11.09812184	    -10.55186356	     17.96519783	     47.57217538	     90.00000001	      0.00000000	      0.00000000	    -13.44397627	    -13.25146479	     -4.84862960	     52.63148614	     90.00000001	      0.00000000	      0.00000000
      0.98000000	      5.62255657	     -2.41832954	     -6.77623318	     -1.25579073	      0.93760959	      0.26340892	      4.11174783	     -9.39992549	    -13.62651816	     45.54003813	      0.53829290	      0.79482361	      6.40751292	     -7.89896685	     -8.39258581	     10.62677446	     -4.34799485	    -27.21889155	     31.61158306	     -2.85071594	      0.55172621	     12.68645619	     -0.61017547	     -8.39258581	    -19.69875240	      0.25348723	     -0.47634555	     11.08659133	    -10.57354952	     17.98252074	     47.63369614	     90.00000001	      0.00000000	      0.00000000	    -13.40101050	    -13.31551583	     -4.88777159	     52.65406516	     90.00000001	      0.00000000	      0.00000000
      0.99000000	      5.68117258	     -2.54740732	     -6.80630897	     -1.25363895	      0.93820549	      0.26200736	      4.34372448	     -9.35546538	    -12.57555881	     46.10075888	      1.16320300	      0.80461003	      4.52061316	    -10.71453889	     -8.34460645	     10.24346598	     -4.36834458	    -27.30545883	     31.33473192	     -2.75931497	      0.54689424	     12.76745406	     -0.46933117	     -8.34460645	    -19.69607968	      0.34603219	     -0.46800344	     10.86202237	    -10.78866995	     18.21526971	     48.09859499	     90.00000001	      0.00000000	      0.00000000	    -13.34604938	    -13.32989825	     -5.07161243	     52.83020902	     90.00000001	      0.00000000	      0.00000000
      1.00000000	      5.79815497	     -2.67949101	     -6.79966756	     -1.25139426	      0.93879386	      0.26062941	      4.52166272	     -9.37550326	    -12.41641222	     46.64952710	      1.21274571	      0.81418784	      4.14047688	    -10.68172526	     -8.33905548	      9.79328440	     -4.42085283	    -27.33909232	     31.10557233	     -2.58318492	      0.54289465	     12.82292662	     -0.44765392	     -8.33905548	    -19.76144285	      0.44998777	     -0.54972721	     10.80075461	    -10.82982984	     18.21219565	     48.08883796	     90.00000001	      0.00000000	      0.00000000	    -13.29667142	    -13.37985140	     -5.09559027	     52.84635193	     90.00000001	      0.00000000	      0.00000000
      1.01000000	      5.84655653	     -2.85642456	     -6.63973462	     -1.24906547	      0.93932501	      0.25924246	      4.64728295	     -9.28390035	    -12.34410190	     46.98681091	      1.29483730	      0.82007456	      3.94570211	    -10.62752128	     -8.33639228	      9.50079135	     -4.51405489	    -27.32918318	     30.97514177	     -2.54431128	      0.54061821	     12.83737407	     -0.42938580	     -8.33639228	    -19.73543235	      0.62588315	     -0.70929798	     10.62241857	    -10.87182057	     18.20440301	     48.05837952	     90.00000001	      0.00000000	      0.00000000	    -13.23689547	    -13.44868068	     -5.11985544	     52.88247697	     90.00000001	      0.00000000	      0.00000000
      1.02000000	      6.04608306	     -2.90607334	     -6.66910254	     -1.24675064	      0.94008303	      0.25789199	      4.74303862	     -9.44161617	    -12.09698196	     47.42133593	      1.48209441	      0.82765845	      2.97045419	    -10.90062221	     -8.32659372	      8.85119537	     -4.38419405	    -27.24017904	     30.49055529	     -2.32613672	      0.53216058	     12.97100826	     -0.32175436	     -8.32659372	    -19.86910941	      0.62203305	     -0.68658570	     10.51033216	    -10.95984718	     18.18483077	     48.13564549	     90.00000001	      0.00000000	      0.00000000	    -13.18364243	    -13.48317674	     -5.18021105	     53.02298369	     90.00000001	      0.00000000	      0.00000000
      1.03000000	      6.06908754	     -3.08302909	     -6.51776173	     -1.24446406	      0.94056998	      0.25652672	      4.89887883	     -9.34339061	    -12.05226405	     47.62725940	      1.56921527	      0.83125249	      2.86137940	    -10.83714710	     -8.32328155	      8.60940232	     -4.49304621	    -27.20901129	     30.41672061	     -2.27601791	      0.53087192	     12.96754199	     -0.29200710	     -8.32328155	    -19.81964861	      0.81200214	     -0.85233090	     10.34170774	    -11.01422472	     18.16120073	     48.12351782	     90.00000001	      0.00000000	      0.00000000	    -13.13942764	    -13.53291972	     -5.19548000	     53.07124886	     90.00000001	      0.00000000	      0.00000000
      1.04000000	      6.12413223	     -3.27118245	     -6.40576344	     -1.24217090	      0.94111015	      0.25526181	      5.06298142	     -9.25810023	    -12.00655183	     47.85298548	      1.69563449	      0.83519215	      2.67432354	    -10.78085724	     -8.32005052	      8.26019618	     -4.62022767	    -27.19864065	     30.22605047	     -2.15978390	      0.52754410	     12.99968695	     -0.25929155	     -8.32005052	    -19.81671175	      1.00599993	     -0.96149978	     10.16973723	    -11.07555949	     18.13521274	     48.10315546	     90.00000001	      0.00000000	      0.00000000	    -13.12062517	    -13.58272377	     -5.21674044	     53.12434029	     90.00000001	      0.00000000	      0.00000000
      1.05000000	      6.38084669	     -3.40824755	     -6.36854416	     -1.23987736	      0.94202339	      0.25405725	      4.97500765	     -9.23752665	    -11.74069971	     47.84703367	      1.95353019	      0.83508827	      1.87072352	    -11.00074857	     -8.31014558	      7.53347195	     -4.58405951	    -26.94763551	     29.73509333	     -1.91654804	      0.51897528	     13.17245343	     -0.06467842	     -8.31014558	    -20.04892297	      1.08308920	     -0.92671978	     10.01358482	    -11.17592169	     18.03750601	     48.15869687	     90.00000001	      0.00000000	      0.00000000	    -13.06517299	    -13.60077899	     -5.27319863	     53.40568107	     90.00000001	      0.00000000	      0.00000000
      1.06000000	      6.39225830	     -3.58650131	     -6.25668828	     -1.23761567	      0.94248258	      0.25281850	      5.18022975	     -9.15477814	    -11.73194335	     47.87380570	      2.08616685	      0.83555554	      1.79167417	    -10.95331916	     -8.30600759	      7.26154301	     -4.71191189	    -26.95336563	     29.58932111	     -1.82578289	      0.51643108	     13.20076284	     -0.03034104	     -8.30600759	    -20.00416156	      1.28698720	     -1.01715337	      9.84981252	    -11.22965420	     17.99580948	     48.14309366	     90.00000001	      0.00000000	      0.00000000	    -13.09671318	    -13.62743808	     -5.28422632	     53.46966043	     90.00000001	      0.00000000	      0.00000000
      1.07000000	      6.42557825	     -3.76770427	     -6.15405502	     -1.23537332	      0.94299184	      0.25165841	      5.35149442	     -9.03658668	    -11.67498507	     47.77811376	      2.24417548	      0.83388540	      1.68715960	    -10.83486273	     -8.30160705	      6.93459554	     -4.82713040	    -26.91523264	     29.38296608	     -1.72731072	      0.51282950	     13.25666475	      0.03341786	     -8.30160705	    -19.99154674	      1.47000181	     -1.07541101	      9.66713518	    -11.30099691	     17.94007286	     48.10014013	     90.00000001	      0.00000000	      0.00000000	    -13.08729128	    -13.65187563	     -5.29460508	     53.58074954	     90.00000001	      0.00000000	      0.00000000
      1.08000000	      6.44553260	     -3.90766398	     -6.03982452	     -1.23324391	      0.94345098	      0.25051187	      5.57587266	     -8.95034885	    -11.65113291	     47.63055202	      2.38825741	      0.83130996	      1.65447024	    -10.65478828	     -8.29746444	      6.66810989	     -4.90313052	    -26.89621715	     29.24347478	     -1.64398746	      0.51039492	     13.29947542	      0.08409548	     -8.29746444	    -19.96979945	      1.60740581	     -1.19699240	      9.49279274	    -11.38679848	     17.88464676	     48.05580372	     90.00000001	      0.00000000	      0.00000000	    -13.04492102	    -13.67547114	     -5.29661786	     53.67995497	     90.00000001	      0.00000000	      0.00000000
      1.09000000	      6.56520464	     -4.15560051	     -5.97005862	     -1.23109350	      0.94413365	      0.24944865	      5.60411232	     -8.69872853	    -11.44084792	     47.19181965	      2.60508006	      0.82365263	      1.59513401	    -10.21714257	     -8.28941226	      6.20675413	     -5.04601101	    -26.70572063	     28.95319893	     -1.52801971	      0.50532865	     13.42150324	      0.26978694	     -8.28941226	    -20.08485452	      1.85451845	     -1.15048561	      9.31205718	    -11.46297730	     17.74452137	     47.95118058	     90.00000001	      0.00000000	      0.00000000	    -13.03764798	    -13.65875066	     -5.27817837	     53.94051655	     90.00000001	      0.00000000	      0.00000000
      1.10000000	      6.60239240	     -4.31792360	     -5.86962436	     -1.22900053	      0.94456976	      0.24841008	      5.80720393	     -8.59530363	    -11.42093324	     46.85694891	      2.79422655	      0.81780804	      1.66215235	     -9.87011432	     -8.28302805	      5.92469133	     -5.15815841	    -26.67286489	     28.81935282	     -1.45102305	      0.50299260	     13.49500354	      0.37348734	     -8.28302805	    -20.09984735	      2.00559032	     -1.21984152	      9.15242162	    -11.51516604	     17.63721233	     47.87238004	     90.00000001	      0.00000000	      0.00000000	    -13.04089646	    -13.69046647	     -5.26543492	     54.10599006	     90.00000001	      0.00000000	      0.00000000
      1.11000000	      6.73626707	     -4.56564033	     -5.76591543	     -1.22694645	      0.94517044	      0.24741012	      5.84195567	     -8.34433794	    -11.29157072	     46.28297997	      3.01264304	      0.80779039	      1.94735072	     -8.94084688	     -8.26838722	      5.49744357	     -5.37026088	    -26.59092882	     28.65979818	     -1.30730704	      0.50020784	     13.66227400	      0.67787518	     -8.26838722	    -20.26197682	      2.25101842	     -1.21912517	      9.05643186	    -11.52592642	     17.33332095	     47.66269857	     90.00000001	      0.00000000	      0.00000000	    -13.07976734	    -13.72731415	     -5.18929239	     54.51232754	     90.00000001	      0.00000000	      0.00000000
      1.12000000	      6.71603814	     -4.69272061	     -5.69849360	     -1.22495133	      0.94544261	      0.24643915	      6.16722586	     -8.24513031	    -11.33474254	     45.83928096	      3.12693155	      0.80004638	      2.11305985	     -8.51931860	     -8.26157834	      5.32471334	     -5.41576488	    -26.61976730	     28.55277902	     -1.33839005	      0.49834000	     13.73052077	      0.77459261	     -8.26157834	    -20.22438181	      2.36874570	     -1.27854702	      8.87353382	    -11.55843313	     17.22042441	     47.53734794	     90.00000001	      0.00000000	      0.00000000	    -13.10330011	    -13.74525123	     -5.15187286	     54.65853949	     90.00000001	      0.00000000	      0.00000000
      1.13000000	      6.67138593	     -4.83406749	     -5.61133671	     -1.22297531	      0.94572927	      0.24548375	      6.46846293	     -8.11050758	    -11.34523658	     45.19723563	      3.30147082	      0.78884057	      2.31486753	     -8.03117932	     -8.25558954	      5.15003071	     -5.52133338	    -26.71656409	     28.38034007	     -1.29585798	      0.49533038	     13.83250735	      0.85371397	     -8.25558954	    -20.17690947	      2.51683913	     -1.28540429	      8.71077315	    -11.62135641	     17.09929562	     47.36474087	     90.00000001	      0.00000000	      0.00000000	    -13.12252286	    -13.76102865	     -5.10866144	     54.81882383	     90.00000001	      0.00000000	      0.00000000
      1.14000000	      6.88994861	     -5.02269122	     -5.54043046	     -1.22093233	      0.94616051	      0.24465367	      6.52949034	     -7.99299540	    -11.94627033	     44.61475426	      3.04088582	      0.77867436	      3.70514544	     -4.77065139	     -8.20928380	      4.72344540	     -5.68570365	    -26.96772273	     28.37878417	     -1.37772133	      0.49530322	     14.21002381	      1.85951783	     -8.20928380	    -20.42167896	      2.65721510	     -1.36776553	      8.83787572	    -11.22761909	     16.05498397	     46.41840458	     90.00000001	      0.00000000	      0.00000000	    -13.35485594	    -13.97140588	     -4.64532779	     55.58672553	     90.00000001	      0.00000000	      0.00000000
      1.15000000	      6.82427142	     -5.12297568	     -5.51510182	     -1.21912237	      0.94628462	      0.24383483	      6.97739576	     -7.88839284	    -11.95627741	     44.00440674	      3.16827047	      0.76802178	      3.74927793	     -4.51297108	     -8.20360914	      4.63324155	     -5.73003552	    -26.98469514	     28.31163768	     -1.37846856	      0.49413129	     14.23986326	      1.88699753	     -8.20360914	    -20.37076342	      2.74174133	     -1.37092051	      8.66284868	    -11.30060892	     15.99363127	     46.35529477	     90.00000001	      0.00000000	      0.00000000	    -13.32583275	    -13.96992899	     -4.62209263	     55.64818920	     90.00000001	      0.00000000	      0.00000000
      1.16000000	      6.80922470	     -5.33456868	     -5.49248547	     -1.21736738	      0.94649957	      0.24305169	      7.30136333	     -7.61039278	    -11.79917870	     43.17536105	      3.35872389	      0.75355221	      3.91819493	     -3.85379779	     -8.19361985	      4.49194392	     -5.90268311	    -26.96311266	     28.29215855	     -1.37031934	      0.49379132	     14.32567644	      1.96092145	     -8.19361985	    -20.40595072	      2.94811568	     -1.29686859	      8.54857797	    -11.36954017	     15.84762457	     46.17131778	     90.00000001	      0.00000000	      0.00000000	    -13.27093795	    -13.94735179	     -4.53845759	     55.77555538	     90.00000001	      0.00000000	      0.00000000
      1.17000000	      6.78357372	     -5.44546422	     -5.49631637	     -1.21558477	      0.94661066	      0.24228718	      7.69847368	     -7.48090935	    -11.80622716	     42.41945753	      3.48024606	      0.74035920	      4.13131623	     -3.33170580	     -8.18603918	      4.36900592	     -5.94847030	    -26.99859240	     28.25352972	     -1.39176729	      0.49311712	     14.42642417	      2.00347706	     -8.18603918	    -20.41400156	      3.03973327	     -1.27157080	      8.43291965	    -11.40249002	     15.73267384	     45.97790762	     90.00000001	      0.00000000	      0.00000000	    -13.25530114	    -13.94715681	     -4.46438989	     55.88172376	     90.00000001	      0.00000000	      0.00000000
      1.18000000	      6.84718596	     -5.54720113	     -5.46187917	     -1.21374843	      0.94673076	      0.24158631	      8.02246222	     -7.42212580	    -12.47739754	     41.68756759	      3.23266497	      0.72758531	      5.06901453	     -0.76944415	     -8.14236840	      4.14606384	     -6.04185484	    -27.17940392	     28.24191563	     -1.38519896	      0.49291441	     14.66952238	      2.43414610	     -8.14236840	    -20.51479526	      3.10342692	     -1.30246987	      8.56467950	    -11.11540936	     14.94595095	     45.06353663	     90.00000001	      0.00000000	      0.00000000	    -13.32879441	    -14.10230069	     -4.01115778	     56.16191839	     90.00000001	      0.00000000	      0.00000000
      1.19000000	      6.79492377	     -5.64045453	     -5.47442362	     -1.21210789	      0.94674039	      0.24092485	      8.48850323	     -7.29204256	    -12.47700635	     40.87494741	      3.36980379	      0.71340241	      5.17537160	     -0.42128336	     -8.13386407	      4.07465430	     -6.09088101	    -27.19315943	     28.22535141	     -1.36966620	      0.49262531	     14.75185836	      2.40879551	     -8.13386407	    -20.52842644	      3.16679320	     -1.25041387	      8.45570575	    -11.19200268	     14.85186491	     44.97201141	     90.00000001	      0.00000000	      0.00000000	    -13.28407327	    -14.08166301	     -3.96815490	     56.24825293	     90.00000001	      0.00000000	      0.00000000
      1.20000000	      6.78910123	     -5.72136056	     -5.50661395	     -1.21038443	      0.94675056	      0.24026494	      8.91149700	     -7.20473423	    -12.90484963	     40.03448817	      3.24493084	      0.69873363	      5.69045760	      1.16010020	     -8.09410030	      3.94284004	     -6.10824493	    -27.16480199	     28.21813433	     -1.34946265	      0.49249935	     14.87975975	      2.37339180	     -8.09410030	    -20.56493227	      3.21970982	     -1.21295261	      8.48382867	    -11.05614244	     14.39496430	     44.42858452	     90.00000001	      0.00000000	      0.00000000	    -13.27135250	    -14.15364952	     -3.72455902	     56.35714655	     90.00000001	      0.00000000	      0.00000000
      1.21000000	      6.73360003	     -5.72421462	     -5.54515628	     -1.20877793	      0.94661986	      0.23964598	      9.47103162	     -7.21016238	    -13.04089060	     39.32381040	      3.35257142	      0.68632997	      5.77820368	      1.29188808	     -8.09014352	      3.88081077	     -6.04817712	    -27.20271080	     28.18785417	     -1.34679599	      0.49197086	     14.94588943	      2.33605336	     -8.09014352	    -20.57335241	      3.18256702	     -1.20530181	      8.35989758	    -11.13198259	     14.36054270	     44.37242644	     90.00000001	      0.00000000	      0.00000000	    -13.25184703	    -14.10987069	     -3.69668574	     56.41524328	     90.00000001	      0.00000000	      0.00000000
      1.22000000	      6.69011638	     -5.88314047	     -5.58765480	     -1.20715696	      0.94657921	      0.23907806	      9.88214630	     -6.94896782	    -13.07372071	     38.30311500	      3.43715257	      0.66851547	      5.95350816	      2.07993126	     -8.08000258	      3.81624834	     -6.16742825	    -27.09915023	     28.24581697	     -1.30802475	      0.49298251	     15.09921046	      2.19715238	     -8.08000258	    -20.59945460	      3.32315298	     -1.10081822	      8.32089638	    -11.18786853	     14.25482394	     44.11175757	     90.00000001	      0.00000000	      0.00000000	    -13.18569156	    -14.06133310	     -3.60303381	     56.47969043	     90.00000001	      0.00000000	      0.00000000
      1.23000000	      6.63357627	     -5.84418254	     -5.66171141	     -1.20554982	      0.94638616	      0.23852705	     10.46236147	     -6.99985086	    -13.33108902	     37.57794107	      3.49558678	      0.65585880	      6.08104610	      2.29387993	     -8.07628711	      3.75606707	     -6.05328826	    -27.13178288	     28.21703982	     -1.30318648	      0.49248025	     15.17555561	      2.13440199	     -8.07628711	    -20.59851203	      3.23485388	     -1.06287277	      8.24652361	    -11.23339156	     14.21842555	     44.02295731	     90.00000001	      0.00000000	      0.00000000	    -13.17037681	    -14.03589056	     -3.56930422	     56.51476384	     90.00000001	      0.00000000	      0.00000000
      1.24000000	      6.63459870	     -5.89566737	     -5.64744099	     -1.20386370	      0.94627162	      0.23797785	     10.91116560	     -6.94738799	    -14.40706455	     36.72577004	      3.06605863	      0.64098561	      6.85796646	      5.33387077	     -8.04355409	      3.64221397	     -6.00445684	    -26.76608162	     28.21850835	     -1.21909241	      0.49250588	     15.24266072	      1.53000831	     -8.04355409	    -20.64964684	      3.26086213	     -1.07032734	      8.40499068	    -11.03235253	     13.76951283	     43.13729773	     90.00000001	      0.00000000	      0.00000000	    -13.08211697	    -14.09392167	     -3.27540800	     56.41388409	     90.00000001	      0.00000000	      0.00000000
      1.25000000	      6.57720439	     -5.93963926	     -5.71600791	     -1.20227230	      0.94606380	      0.23749288	     11.43105765	     -6.85352942	    -14.67821897	     35.85809427	      3.10687550	      0.62584181	      6.98545924	      6.04792979	     -8.02999013	      3.59918287	     -6.00414827	    -26.69597846	     28.26751239	     -1.16598719	      0.49336116	     15.35809274	      1.33518151	     -8.02999013	    -20.66698250	      3.27375896	     -0.99051054	      8.32825686	    -11.06707990	     13.61973969	     43.02545984	     90.00000001	      0.00000000	      0.00000000	    -13.04929094	    -14.03344229	     -3.21899195	     56.45225174	     90.00000001	      0.00000000	      0.00000000
      1.26000000	      6.49219828	     -5.92023763	     -5.77288814	     -1.20069873	      0.94579668	      0.23695327	     12.00990609	     -6.83546644	    -14.96846035	     35.05695073	      3.15675080	      0.61185922	      7.08988924	      6.45546775	     -8.02412062	      3.61228263	     -5.86984023	    -26.61539976	     28.27458494	     -1.24761176	      0.49348460	     15.43752456	      1.23756664	     -8.02412062	    -20.64992324	      3.22712390	     -0.94674481	      8.24486737	    -11.12157016	     13.56573690	     42.92330508	     90.00000001	      0.00000000	      0.00000000	    -12.99426383	    -13.97781341	     -3.17922256	     56.47181824	     90.00000001	      0.00000000	      0.00000000
      1.27000000	      6.48047889	     -5.91270900	     -5.79728221	     -1.19901482	      0.94555638	      0.23647969	     12.52340439	     -6.86972022	    -15.99808597	     34.33844953	      2.88105133	      0.59931900	      7.53322446	      8.78686600	     -7.99981568	      3.50887725	     -5.80144224	    -26.35538035	     28.30124785	     -1.10354926	      0.49394996	     15.51623764	      0.64124758	     -7.99981568	    -20.69030488	      3.19061458	     -0.92966987	      8.31200341	    -11.03473275	     13.31440938	     42.43441382	     90.00000001	      0.00000000	      0.00000000	    -12.88352114	    -13.93294697	     -3.05826389	     56.21890500	     90.00000001	      0.00000000	      0.00000000
      1.28000000	      6.41835109	     -5.84360841	     -5.87351213	     -1.19742017	      0.94523630	      0.23602345	     13.11893148	     -6.92458892	    -16.26684114	     33.68106045	      3.01929060	      0.58784540	      7.59740454	      8.91002302	     -7.99682359	      3.47266013	     -5.66158180	    -26.38076770	     28.30526291	     -1.10319619	      0.49402003	     15.57326505	      0.60036593	     -7.99682359	    -20.69491199	      3.08404823	     -0.89926279	      8.24632397	    -11.09511526	     13.28504888	     42.41301550	     90.00000001	      0.00000000	      0.00000000	    -12.87147767	    -13.87486626	     -3.03523101	     56.25761151	     90.00000001	      0.00000000	      0.00000000
      1.29000000	      6.35028070	     -5.88913309	     -5.89502777	     -1.19576510	      0.94494347	      0.23561769	     13.61387418	     -6.80762258	    -16.91201140	     32.84347229	      2.90766235	      0.57322673	      7.67827404	     10.56398157	     -7.98210754	      3.48560394	     -5.66223290	    -26.16397017	     28.42918184	     -1.06355725	      0.49618283	     15.74115616	      0.19459679	     -7.98210754	    -20.68790722	      3.11882319	     -0.83482092	      8.22915458	    -11.08779489	     13.15257174	     42.14821876	     90.00000001	      0.00000000	      0.00000000	    -12.76862017	    -13.79358107	     -2.98485066	     56.08531449	     90.00000001	      0.00000000	      0.00000000
      1.30000000	      6.28607594	     -5.81653581	     -5.94134285	     -1.19410999	      0.94458432	      0.23514717	     14.17295935	     -6.85140731	    -17.24168898	     32.20513644	      3.02907723	      0.56208567	      7.72920555	     10.87469272	     -7.97820031	      3.48110218	     -5.48753224	    -26.12205488	     28.45294075	     -1.13715571	      0.49659750	     15.79447095	      0.12945507	     -7.97820031	    -20.67424280	      3.02639134	     -0.81794608	      8.16092417	    -11.12993928	     13.11971215	     42.09977147	     90.00000001	      0.00000000	      0.00000000	    -12.74254279	    -13.72660645	     -2.95963811	     56.08704987	     90.00000001	      0.00000000	      0.00000000
      1.31000000	      6.23763093	     -5.74537756	     -5.98731004	     -1.19241040	      0.94423102	      0.23477019	     14.70379501	     -6.89066680	    -17.57311234	     31.61653746	      3.16671392	      0.55181268	      7.73318940	     11.13944947	     -7.97581608	      3.43352088	     -5.37920566	    -26.16117788	     28.47607042	     -1.11242111	      0.49700119	     15.88662333	      0.04577818	     -7.97581608	    -20.67589726	      2.92137348	     -0.79278640	      8.13110676	    -11.18331677	     13.09578973	     42.05309484	     90.00000001	      0.00000000	      0.00000000	    -12.73398551	    -13.64717918	     -2.93105699	     56.06309731	     90.00000001	      0.00000000	      0.00000000
      1.32000000	      6.23047226	     -5.74607199	     -5.94444992	     -1.19053399	      0.94391045	      0.23431187	     15.16428101	     -6.90447958	    -18.89980686	     31.08352182	      2.80244246	      0.54250980	      7.85982799	     14.19682546	     -7.95467523	      3.37677180	     -5.29268191	    -25.79174370	     28.60045800	     -1.05381116	      0.49917216	     15.99084494	     -0.55973873	     -7.95467523	    -20.69307198	      2.94650963	     -0.82365462	      8.16662277	    -11.11514370	     12.91273929	     41.66731318	     90.00000001	      0.00000000	      0.00000000	    -12.52623593	    -13.54381034	     -2.92466499	     55.57434326	     90.00000001	      0.00000000	      0.00000000
      1.33000000	      6.21268171	     -5.66258675	     -5.98408298	     -1.18872669	      0.94355659	      0.23395710	     15.64541626	     -6.94852498	    -19.14445297	     30.63163379	      2.97224848	      0.53462286	      7.85701855	     14.25445683	     -7.95278471	      3.29059450	     -5.15967109	    -25.84757995	     28.62116909	     -1.05488281	      0.49953364	     16.05527590	     -0.59355572	     -7.95278471	    -20.71444630	      2.83696060	     -0.80848393	      8.13182688	    -11.15516974	     12.89532096	     41.66312108	     90.00000001	      0.00000000	      0.00000000	    -12.55110374	    -13.47193676	     -2.90112615	     55.58859509	     90.00000001	      0.00000000	      0.00000000
      1.34000000	      6.14391938	     -5.65002712	     -5.97910694	     -1.18690732	      0.94315577	      0.23357831	     16.08702874	     -6.86323309	    -19.46435201	     30.03377096	      3.05193216	      0.52418819	      7.49291464	     14.92736405	     -7.94618558	      3.32954769	     -5.08766021	    -25.74631110	     28.77411885	     -1.11514571	      0.50220311	     16.24474791	     -0.72176439	     -7.94618558	    -20.68019819	      2.84023466	     -0.80693649	      8.07350171	    -11.17488889	     12.85814780	     41.61757563	     90.00000001	      0.00000000	      0.00000000	    -12.52682737	    -13.38580147	     -2.88502071	     55.50841078	     90.00000001	      0.00000000	      0.00000000
      1.35000000	      6.13914004	     -5.59253432	     -5.93471734	     -1.18494110	      0.94279352	      0.23316855	     16.47986763	     -6.86537209	    -19.96463798	     29.61502544	      3.05624939	      0.51687970	      7.20568086	     15.65226646	     -7.93863125	      3.25694427	     -4.97571962	    -25.68526304	     28.86089780	     -1.13171071	      0.50371769	     16.40917316	     -0.85232205	     -7.93863125	    -20.68182658	      2.80254559	     -0.85746408	      8.02774223	    -11.20506894	     12.82407548	     41.54390258	     90.00000001	      0.00000000	      0.00000000	    -12.46601670	    -13.28815023	     -2.87052387	     55.34529637	     90.00000001	      0.00000000	      0.00000000
      1.36000000	      6.17623721	     -5.53602461	     -5.95555440	     -1.18301438	      0.94242942	      0.23288425	     16.87765607	     -6.85426446	    -20.12713826	     29.42022415	      3.18908797	      0.51347978	      7.20217602	     15.64705406	     -7.93721753	      3.10745276	     -4.87625655	    -25.69170761	     28.90579743	     -1.11572890	      0.50450134	     16.43003955	     -0.84781593	     -7.93721753	    -20.75413028	      2.73045243	     -0.84836466	      8.01458850	    -11.22151333	     12.81443488	     41.55994132	     90.00000001	      0.00000000	      0.00000000	    -12.49329591	    -13.24659711	     -2.85447745	     55.33736574	     90.00000001	      0.00000000	      0.00000000
      1.37000000	      6.20298668	     -5.42822660	     -5.90416315	     -1.18087091	      0.94208054	      0.23252634	     17.17675032	     -6.87898539	    -20.37508738	     29.09239868	      3.25191786	      0.50775814	      7.07334542	     15.74883119	     -7.93624716	      2.97098516	     -4.71109523	    -25.74965277	     28.93346240	     -1.16395302	      0.50498418	     16.54830206	     -0.90507802	     -7.93624716	    -20.75739367	      2.63401620	     -0.88531877	      7.95671385	    -11.25431945	     12.81332590	     41.51940881	     90.00000001	      0.00000000	      0.00000000	    -12.50772504	    -13.14841237	     -2.82182414	     55.29234039	     90.00000001	      0.00000000	      0.00000000
      1.38000000	      6.21881169	     -5.38117913	     -5.80205933	     -1.17872955	      0.94171688	      0.23216274	     17.44686786	     -6.85212591	    -20.85087263	     28.79082791	      3.21406095	      0.50249474	      6.26114169	     16.41842781	     -7.92969671	      2.89682167	     -4.60415925	    -25.59647207	     29.06001139	     -1.20700600	      0.50719288	     16.86339932	     -0.98741875	     -7.92969671	    -20.75890589	      2.62833711	     -0.96746000	      7.91897492	    -11.27125703	     12.81764774	     41.48891178	     90.00000001	      0.00000000	      0.00000000	    -12.43895804	    -13.06152283	     -2.79215093	     55.04433225	     90.00000001	      0.00000000	      0.00000000
      1.39000000	      6.29519036	     -5.29178041	     -5.71020684	     -1.17652167	      0.94138846	      0.23178572	     17.67556688	     -6.86931151	    -21.18732541	     28.65940773	      3.18572083	      0.50020103	      5.96822201	     16.73468675	     -7.92394028	      2.71174083	     -4.44127224	    -25.55460892	     29.09847724	     -1.25624166	      0.50786424	     17.01282811	     -1.01320801	     -7.92394028	    -20.82869731	      2.57513865	     -1.03574832	      7.86552783	    -11.28180366	     12.82902485	     41.47370302	     90.00000001	      0.00000000	      0.00000000	    -12.40581466	    -12.99441711	     -2.76307010	     54.88958234	     90.00000001	      0.00000000	      0.00000000
      1.40000000	      6.34068640	     -5.21162056	     -5.64941130	     -1.17416262	      0.94097588	      0.23157427	     17.90223506	     -6.83363088	    -21.26291663	     28.59453827	      3.23096833	      0.49906884	      5.89457259	     16.72933232	     -7.92223710	      2.53369841	     -4.34130339	    -25.54442714	     29.16000084	     -1.23972443	      0.50893802	     17.04384741	     -1.00023235	     -7.92223710	    -20.81238940	      2.51029701	     -1.07021708	      7.81416111	    -11.29853654	     12.82140605	     41.48831712	     90.00000001	      0.00000000	      0.00000000	    -12.45484966	    -12.92545568	     -2.73290552	     54.86584927	     90.00000001	      0.00000000	      0.00000000
      1.41000000	      6.38800206	     -5.13452725	     -5.56619885	     -1.17177948	      0.94056272	      0.23134338	     18.10102514	     -6.79015166	    -21.29292913	     28.57626946	      3.25800150	      0.49874999	      5.79005787	     16.71113789	     -7.92062037	      2.36697855	     -4.23312264	    -25.50501862	     29.23425918	     -1.24811693	      0.51023408	     17.07553924	     -0.97784491	     -7.92062037	    -20.80977088	      2.46554445	     -1.13568611	      7.75295704	    -11.31138167	     12.81280027	     41.50777433	     90.00000001	      0.00000000	      0.00000000	    -12.47739173	    -12.87506015	     -2.70681969	     54.85355678	     90.00000001	      0.00000000	      0.00000000
      1.42000000	      6.46659783	     -5.03088080	     -5.45060501	     -1.16925373	      0.94017463	      0.23110048	     18.22356739	     -6.76755464	    -21.34548048	     28.57569201	      3.23275619	      0.49873991	      5.58617091	     16.69431043	     -7.91913999	      2.14611182	     -4.09340130	    -25.49717455	     29.27880419	     -1.26873787	      0.51101153	     17.17512946	     -0.97882640	     -7.91913999	    -20.81045042	      2.40092523	     -1.21632975	      7.67330587	    -11.31775231	     12.81223525	     41.50991550	     90.00000001	      0.00000000	      0.00000000	    -12.53850110	    -12.79628416	     -2.66622566	     54.80413412	     90.00000001	      0.00000000	      0.00000000
      1.43000000	      6.70933530	     -4.88887344	     -5.29083649	     -1.16665658	      0.93998463	      0.23075222	     18.16536420	     -6.89088534	    -21.70027787	     28.72955726	      3.16677357	      0.50142537	      4.52718878	     16.70829450	     -7.91495080	      1.70504481	     -3.83223202	    -25.41773425	     29.19195002	     -1.32828919	      0.50949564	     17.67057004	     -0.95986553	     -7.91495080	    -20.99141308	      2.29827466	     -1.37599642	      7.69031460	    -11.29942530	     12.86484794	     41.53009643	     90.00000001	      0.00000000	      0.00000000	    -12.50613415	    -12.77845404	     -2.58329675	     54.58016877	     90.00000001	      0.00000000	      0.00000000
      1.44000000	      6.73740590	     -4.80575952	     -5.14736336	     -1.16400779	      0.93948533	      0.23057902	     18.25845844	     -6.82518107	    -21.64889522	     28.78222536	      3.16016747	      0.50234460	      4.46589580	     16.68840604	     -7.91378366	      1.55403458	     -3.74349975	    -25.35435007	     29.28229181	     -1.33076256	      0.51107240	     17.66254432	     -0.91891065	     -7.91378366	    -20.89751462	      2.27773201	     -1.43548017	      7.61913149	    -11.31098345	     12.85925646	     41.54104251	     90.00000001	      0.00000000	      0.00000000	    -12.52260090	    -12.73507529	     -2.55906441	     54.57695976	     90.00000001	      0.00000000	      0.00000000
      1.45000000	      6.88962189	     -4.68744338	     -4.99453513	     -1.16124852	      0.93912509	      0.23037746	     18.22594391	     -6.79868442	    -21.60225180	     28.96569122	      3.04684047	      0.50554668	      4.16102081	     16.63772118	     -7.91210563	      1.24429837	     -3.58673335	    -25.28927448	     29.33053778	     -1.34658756	      0.51191446	     17.80042634	     -0.87609783	     -7.91210563	    -20.95833926	      2.20915229	     -1.55558375	      7.49332056	    -11.29473321	     12.87775398	     41.53260326	     90.00000001	      0.00000000	      0.00000000	    -12.62620874	    -12.64038871	     -2.48829793	     54.47703875	     90.00000001	      0.00000000	      0.00000000
      1.46000000	      7.12809200	     -4.53981033	     -4.80944538	     -1.15839338	      0.93887897	      0.23012336	     18.05419944	     -6.91758797	    -21.79102791	     29.20406712	      3.04015462	      0.50970713	      3.36016863	     16.39377817	     -7.90618808	      0.75659428	     -3.35186752	    -25.14465967	     29.20593980	     -1.33585793	      0.50973981	     18.21912052	     -0.64787572	     -7.90618808	    -21.09100397	      2.11729373	     -1.68047667	      7.47750767	    -11.30731760	     12.96767940	     41.59579138	     90.00000001	      0.00000000	      0.00000000	    -12.57725493	    -12.66178125	     -2.31905265	     54.26882027	     90.00000001	      0.00000000	      0.00000000
      1.47000000	      7.20732515	     -4.43748493	     -4.62604107	     -1.15547534	      0.93839422	      0.22997497	     17.99306506	     -6.84660747	    -21.65929434	     29.35507471	      2.95594530	      0.51234271	      3.24914645	     16.35772157	     -7.90488677	      0.53126597	     -3.24557218	    -25.09998778	     29.28712443	     -1.35634191	      0.51115675	     18.26556217	     -0.60765714	     -7.90488677	    -21.02676726	      2.09140196	     -1.78297718	      7.35678503	    -11.30455209	     12.97718082	     41.58974952	     90.00000001	      0.00000000	      0.00000000	    -12.63481108	    -12.60012173	     -2.26858468	     54.22717317	     90.00000001	      0.00000000	      0.00000000
      1.48000000	      7.47608153	     -4.27829173	     -4.44575427	     -1.15244876	      0.93809904	      0.22976928	     17.72197878	     -6.94364174	    -21.64306607	     29.63457015	      2.95456753	      0.51722082	      2.85070590	     16.11853392	     -7.90104865	      0.01272023	     -3.02390362	    -25.03935875	     29.21339869	     -1.35004148	      0.50986999	     18.60097709	     -0.45991916	     -7.90104865	    -21.16215359	      2.00907389	     -1.89692268	      7.33310166	    -11.28913411	     13.03410429	     41.65584903	     90.00000001	      0.00000000	      0.00000000	    -12.65359674	    -12.60992279	     -2.12999562	     54.08852487	     90.00000001	      0.00000000	      0.00000000
      1.49000000	      7.45860864	     -4.18348504	     -4.28771127	     -1.14939013	      0.93748001	      0.22976282	     17.64939082	     -6.86583057	    -21.57603513	     29.70668010	      2.92777078	      0.51847938	      2.82265702	     16.10637179	     -7.90049124	     -0.12640843	     -2.95105348	    -25.00464172	     29.27788334	     -1.36410750	      0.51099546	     18.59776430	     -0.43776148	     -7.90049124	    -20.95503796	      1.98213882	     -1.91769797	      7.30219863	    -11.29409586	     13.03079629	     41.66672289	     90.00000001	      0.00000000	      0.00000000	    -12.66014724	    -12.58623780	     -2.11565802	     54.09121499	     90.00000001	      0.00000000	      0.00000000
      1.50000000	      7.63714244	     -4.05470772	     -4.05546181	     -1.14627998	      0.93705569	      0.22965690	     17.41202105	     -6.79923534	    -21.37717360	     29.93900614	      2.78174394	      0.52253423	      2.69569070	     16.04259797	     -7.89944605	     -0.46616917	     -2.79345237	    -24.90285146	     29.36004953	     -1.42538134	      0.51242953	     18.71129347	     -0.38702603	     -7.89944605	    -20.98945999	      1.94035542	     -2.09135456	      7.05977732	    -11.27494933	     13.04760138	     41.62452417	     90.00000001	      0.00000000	      0.00000000	    -12.77171373	    -12.48137599	     -2.03861844	     54.01054068	     90.00000001	      0.00000000	      0.00000000
      1.51000000	      8.03205293	     -3.87854818	     -3.83954340	     -1.14295907	      0.93690716	      0.22950927	     16.82261992	     -6.94756472	    -21.38042979	     30.14145980	      2.88101272	      0.52606771	      2.45641033	     15.52278913	     -7.89393039	     -1.21278049	     -2.51844773	    -24.65453519	     29.12894161	     -1.37645916	      0.50839594	     19.26629903	     -0.05132568	     -7.89393039	    -21.22180935	      1.83783932	     -2.20424089	      7.02737825	    -11.27557224	     13.11584991	     41.79115166	     90.00000001	      0.00000000	      0.00000000	    -12.73972743	    -12.54271245	     -1.78744058	     53.82085275	     90.00000001	      0.00000000	      0.00000000
      1.52000000	      8.12554886	     -3.75772880	     -3.64294801	     -1.13971001	      0.93634904	      0.22948251	     16.57254236	     -6.87597983	    -21.23164836	     30.27179577	      2.78066655	      0.52834251	      2.44446269	     15.44196190	     -7.89265121	     -1.47356140	     -2.40172365	    -24.59629872	     29.22412805	     -1.41508797	      0.51005726	     19.33794048	     -0.00290307	     -7.89265121	    -21.12464460	      1.81265351	     -2.28356071	      6.89673375	    -11.26252828	     13.12877388	     41.79439464	     90.00000001	      0.00000000	      0.00000000	    -12.79294500	    -12.49004655	     -1.72328918	     53.77247944	     90.00000001	      0.00000000	      0.00000000
      1.53000000	      8.26930577	     -3.62850669	     -3.42885192	     -1.13639254	      0.93587482	      0.22949125	     16.22354155	     -6.83439862	    -21.13671142	     30.37905780	      2.70713447	      0.53021458	      2.49604549	     15.31571664	     -7.89147266	     -1.80953956	     -2.27488072	    -24.51761996	     29.27357344	     -1.45554909	      0.51092024	     19.47295394	      0.04433287	     -7.89147266	    -21.07870835	      1.77217352	     -2.36753618	      6.76428223	    -11.24658106	     13.14056117	     41.79883350	     90.00000001	      0.00000000	      0.00000000	    -12.84483244	    -12.43429873	     -1.65459858	     53.70649162	     90.00000001	      0.00000000	      0.00000000
      1.54000000	      8.61495499	     -3.51013959	     -3.19123400	     -1.13292857	      0.93566396	      0.22948326	     15.54496267	     -6.84595234	    -21.13328087	     30.39164459	      2.76104425	      0.53043426	      2.84006601	     14.84963185	     -7.88776062	     -2.48270992	     -2.11800966	    -24.29411576	     29.13098730	     -1.40797957	      0.50843164	     19.90140492	      0.24348867	     -7.88776062	    -21.24772016	      1.74371815	     -2.46979420	      6.70790791	    -11.24977337	     13.15639345	     41.93972942	     90.00000001	      0.00000000	      0.00000000	    -12.79855240	    -12.45786801	     -1.48425555	     53.55469231	     90.00000001	      0.00000000	      0.00000000
      1.55000000	      8.57491125	     -3.39352389	     -3.03961048	     -1.12956775	      0.93492538	      0.22958040	     15.37220657	     -6.78870857	    -21.06952592	     30.45100968	      2.70437936	      0.53147038	      2.84760053	     14.82714184	     -7.88729008	     -2.61974706	     -2.03030118	    -24.26240810	     29.19618639	     -1.41860705	      0.50956958	     19.90285571	      0.26181999	     -7.88729008	    -20.97089971	      1.74797439	     -2.45373395	      6.68162733	    -11.24437548	     13.15538075	     41.95320100	     90.00000001	      0.00000000	      0.00000000	    -12.81463999	    -12.43100283	     -1.47019593	     53.55378436	     90.00000001	      0.00000000	      0.00000000
      1.56000000	      9.00267473	     -3.29565166	     -2.75915054	     -1.12599534	      0.93484898	      0.22961738	     14.53776369	     -6.71911780	    -21.12152872	     30.35243878	      2.63080097	      0.52974999	      3.52626855	     14.26369338	     -7.88382671	     -3.35766582	     -1.88341667	    -23.95666944	     29.11157912	     -1.43426071	      0.50809291	     20.35251902	      0.42262699	     -7.88382671	    -21.23491386	      1.74084884	     -2.58418505	      6.46607309	    -11.23168645	     13.16072507	     42.05631245	     90.00000001	      0.00000000	      0.00000000	    -12.80775606	    -12.37660445	     -1.30203556	     53.35692024	     90.00000001	      0.00000000	      0.00000000
      1.57000000	      9.05573415	     -3.16963700	     -2.56287714	     -1.12254304	      0.93425510	      0.22971679	     14.22770975	     -6.65444393	    -21.05898599	     30.36468921	      2.49950554	      0.52996380	      3.68661522	     14.12192876	     -7.88260292	     -3.59417142	     -1.76607075	    -23.85327614	     29.17710862	     -1.47718864	      0.50923661	     20.43191183	      0.46894658	     -7.88260292	    -21.07765782	      1.73291644	     -2.60431197	      6.28538004	    -11.22377532	     13.16489408	     42.05514730	     90.00000001	      0.00000000	      0.00000000	    -12.86913809	    -12.27576260	     -1.23685843	     53.30319074	     90.00000001	      0.00000000	      0.00000000
      1.58000000	      9.21468906	     -3.06710352	     -2.34302292	     -1.11903549	      0.93383688	      0.22986616	     13.75803392	     -6.58025193	    -21.13002260	     30.30392944	      2.36004127	      0.52890335	      4.10617218	     13.82984608	     -7.88107249	     -3.97347773	     -1.65760909	    -23.67175716	     29.20589053	     -1.54132807	      0.50973895	     20.61695451	      0.51890121	     -7.88107249	    -21.03039571	      1.74087219	     -2.62878100	      6.13476635	    -11.21169633	     13.16183437	     42.08535212	     90.00000001	      0.00000000	      0.00000000	    -12.87417381	    -12.19120918	     -1.16898775	     53.21849784	     90.00000001	      0.00000000	      0.00000000
      1.59000000	      9.46244322	     -3.03013712	     -2.10360998	     -1.11548319	      0.93358363	      0.23004893	     13.13002331	     -6.45401002	    -21.28050129	     30.18430613	      2.26056962	      0.52681552	      4.90591267	     13.29449471	     -7.87776046	     -4.52315806	     -1.63932938	    -23.39308478	     29.11060585	     -1.46378872	      0.50807592	     20.96271514	      0.60605109	     -7.87776046	    -21.09483690	      1.82491522	     -2.66026257	      6.07417548	    -11.22482982	     13.12366423	     42.23826660	     90.00000001	      0.00000000	      0.00000000	    -12.77868181	    -12.17494575	     -1.09454579	     53.06218425	     90.00000001	      0.00000000	      0.00000000
      1.60000000	      9.50437251	     -2.94155747	     -1.95732947	     -1.11199802	      0.93307548	      0.23030407	     12.85223810	     -6.38308675	    -21.26410090	     30.19720026	      2.12579592	      0.52704057	      5.09944698	     13.15057032	     -7.87671104	     -4.75777808	     -1.55569767	    -23.27952166	     29.16657785	     -1.52400841	      0.50905282	     21.03932227	      0.62717947	     -7.87671104	    -20.93335382	      1.84079541	     -2.63894027	      5.93709886	    -11.20615934	     13.12289459	     42.24498033	     90.00000001	      0.00000000	      0.00000000	    -12.82929960	    -12.06100377	     -1.04668053	     53.00404122	     90.00000001	      0.00000000	      0.00000000
      1.61000000	      9.67166446	     -2.89607831	     -1.75054744	     -1.10850680	      0.93275107	      0.23058697	     12.40737407	     -6.25376324	    -21.42729336	     30.15248928	      1.92183423	      0.52626022	      5.66805193	     12.77818129	     -7.87486922	     -5.16616535	     -1.50905091	    -23.08603175	     29.15052682	     -1.57224956	      0.50877267	     21.25872810	      0.63426096	     -7.87486922	    -20.92194637	      1.91208824	     -2.62275754	      5.82514533	    -11.20571560	     13.10052546	     42.29129916	     90.00000001	      0.00000000	      0.00000000	    -12.78725246	    -11.96095182	     -1.00787697	     52.89915431	     90.00000001	      0.00000000	      0.00000000
      1.62000000	      9.62091661	     -2.81353681	     -1.62917748	     -1.10512808	      0.93220936	      0.23095943	     12.28246863	     -6.22564330	    -21.38460751	     30.20295389	      1.86563256	      0.52714099	      5.69437577	     12.75417987	     -7.87446019	     -5.29774377	     -1.47409604	    -23.04895375	     29.20271284	     -1.59170287	      0.50968349	     21.25719759	      0.64475866	     -7.87446019	    -20.67017619	      1.93028024	     -2.58482543	      5.83392533	    -11.19652687	     13.09710050	     42.31384063	     90.00000001	      0.00000000	      0.00000000	    -12.79129711	    -11.93834641	     -1.00270042	     52.90123409	     90.00000001	      0.00000000	      0.00000000
      1.63000000	      9.90688771	     -2.83261481	     -1.37457555	     -1.10161296	      0.93211193	      0.23133782	     11.77198827	     -6.00444145	    -21.64296474	     30.28965996	      1.49812955	      0.52865430	      6.66528806	     12.15142075	     -7.87216750	     -5.86182556	     -1.50138056	    -22.71834935	     29.14070280	     -1.61115272	      0.50860121	     21.60546575	      0.62822730	     -7.87216750	    -20.81467606	      2.05564993	     -2.57003442	      5.67896667	    -11.19544787	     13.05071981	     42.36198281	     90.00000001	      0.00000000	      0.00000000	    -12.72522570	    -11.75129250	     -0.97945801	     52.73064832	     90.00000001	      0.00000000	      0.00000000
      1.64000000	      9.85568375	     -2.75933467	     -1.26180136	     -1.09824661	      0.93164262	      0.23176115	     11.67708457	     -5.99248607	    -21.58359654	     30.34953151	      1.43746859	      0.52969925	      6.68288395	     12.13264381	     -7.87174563	     -5.99446331	     -1.47152312	    -22.67825174	     29.19561585	     -1.63552540	      0.50955962	     21.59958099	      0.63912061	     -7.87174563	    -20.57771066	      2.09859021	     -2.53841633	      5.67853084	    -11.18024300	     13.04831058	     42.38244384	     90.00000001	      0.00000000	      0.00000000	    -12.73094822	    -11.72606548	     -0.97522772	     52.73334273	     90.00000001	      0.00000000	      0.00000000
      1.65000000	     10.03504373	     -2.75797049	     -1.06790845	     -1.09485870	      0.93144134	      0.23222435	     11.43536067	     -5.83860843	    -21.56393841	     30.69659100	      1.17223165	      0.53575658	      7.68633001	     11.37332387	     -7.86697537	     -6.43904625	     -1.47542028	    -22.28398131	     29.14255301	     -1.60354180	      0.50863350	     21.94728956	      0.60293471	     -7.86697537	    -20.63333942	      2.21245295	     -2.52016463	      5.48563548	    -11.13899310	     12.93984182	     42.49979025	     90.00000001	      0.00000000	      0.00000000	    -12.66780627	    -11.50284533	     -1.04350192	     52.49955012	     90.00000001	      0.00000000	      0.00000000
      1.66000000	     10.07058872	     -2.75792968	     -0.93857525	     -1.09154955	      0.93114739	      0.23275688	     11.36013679	     -5.70378323	    -21.41513324	     30.97394182	      0.99102810	      0.54059727	      7.82362643	     11.20679031	     -7.86549752	     -6.67203335	     -1.48954753	    -22.17636178	     29.16804936	     -1.70652972	      0.50907850	     21.98358593	      0.59215510	     -7.86549752	    -20.52294643	      2.30764346	     -2.49433034	      5.44534932	    -11.11480120	     12.91285004	     42.52041215	     90.00000001	      0.00000000	      0.00000000	    -12.67291518	    -11.35463366	     -1.03753550	     52.46782158	     90.00000001	      0.00000000	      0.00000000
      1.67000000	     10.10921713	     -2.73923532	     -0.79536914	     -1.08833260	      0.93087071	      0.23331710	     11.32783966	     -5.61284776	    -21.29585741	     31.33914886	      0.80114254	      0.54697133	      8.10549009	     10.91484001	     -7.86397824	     -6.92356521	     -1.52067680	    -22.08820457	     29.15569397	     -1.72899255	      0.50886286	     22.06022361	      0.58203973	     -7.86397824	    -20.45808132	      2.39947390	     -2.43799018	      5.43343402	    -11.08731727	     12.87720443	     42.53822993	     90.00000001	      0.00000000	      0.00000000	    -12.65985647	    -11.23239657	     -1.06175678	     52.43083845	     90.00000001	      0.00000000	      0.00000000
      1.68000000	     10.10481001	     -2.65254728	     -0.66861608	     -1.08512428	      0.93049991	      0.23395452	     11.40991825	     -5.62462081	    -20.99154562	     31.88646571	      0.71788419	      0.55652381	      8.77416963	     10.01756504	     -7.85901825	     -7.14884129	     -1.46622977	    -21.93960392	     29.09753584	     -1.75093690	      0.50784780	     22.24509703	      0.59356305	     -7.85901825	    -20.33478978	      2.39180150	     -2.40553081	      5.35524497	    -11.02388774	     12.74829965	     42.56483386	     90.00000001	      0.00000000	      0.00000000	    -12.61999651	    -11.07075786	     -1.22761270	     52.35171371	     90.00000001	      0.00000000	      0.00000000
      1.69000000	     10.11949444	     -2.66902435	     -0.49302446	     -1.08200135	      0.93026231	      0.23456269	     11.41575688	     -5.48276391	    -20.72317291	     32.25134712	      0.57513316	      0.56289220	      8.81284629	      9.89088318	     -7.85784810	     -7.35640136	     -1.54650217	    -21.86409417	     29.10502790	     -1.84074917	      0.50797857	     22.24501178	      0.61394276	     -7.85784810	    -20.26372428	      2.52436318	     -2.45492896	      5.33634808	    -10.98474256	     12.72685769	     42.57154250	     90.00000001	      0.00000000	      0.00000000	    -12.62049837	    -10.93110694	     -1.21584523	     52.35728208	     90.00000001	      0.00000000	      0.00000000
      1.70000000	     10.03818049	     -2.61058089	     -0.49450498	     -1.07899725	      0.92986613	      0.23535790	     11.61150436	     -5.39126355	    -19.55191758	     32.80891276	      0.86230358	      0.57262355	      8.88787158	      7.24095136	     -7.83774785	     -7.48943573	     -1.53957753	    -21.97237956	     29.08846675	     -1.87281651	      0.50768952	     22.42692181	      0.91378232	     -7.83774785	    -20.09956417	      2.52466046	     -2.33807759	      5.42131919	    -10.85562681	     12.25586269	     42.43179312	     90.00000001	      0.00000000	      0.00000000	    -12.64678949	    -10.57518982	     -1.76242723	     52.34950143	     90.00000001	      0.00000000	      0.00000000
      1.71000000	     10.03978359	     -2.62435544	     -0.28244517	     -1.07592299	      0.92962673	      0.23608469	     11.61798997	     -5.26981205	    -19.34921292	     33.19434275	      0.75807841	      0.57935057	      8.94829965	      7.19461544	     -7.83702977	     -7.69940225	     -1.65693633	    -21.92963019	     29.04862108	     -1.94006090	      0.50699408	     22.43663689	      0.93610991	     -7.83702977	    -20.02313300	      2.63947904	     -2.42282489	      5.40754364	    -10.76353881	     12.26684943	     42.43646471	     90.00000001	      0.00000000	      0.00000000	    -12.58630158	    -10.53858091	     -1.75416818	     52.37053950	     90.00000001	      0.00000000	      0.00000000
      1.72000000	     10.05700484	     -2.61841080	     -0.17913077	     -1.07291177	      0.92931926	      0.23690213	     11.72009850	     -5.20213474	    -19.11571360	     33.81717929	      0.64788113	      0.59022112	      9.17615392	      6.98098550	     -7.83589587	     -7.96838820	     -1.74817045	    -21.90081338	     28.97828233	     -1.91926717	      0.50576644	     22.47986625	      1.01106049	     -7.83589587	    -19.98692127	      2.71964879	     -2.42932137	      5.49805856	    -10.70851716	     12.25243797	     42.45426724	     90.00000001	      0.00000000	      0.00000000	    -12.61375078	    -10.42436829	     -1.72765426	     52.38452069	     90.00000001	      0.00000000	      0.00000000
      1.73000000	      9.91608333	     -2.41366423	     -0.11256631	     -1.07002047	      0.92873717	      0.23767631	     12.05172787	     -5.41373611	    -18.54903502	     34.58594537	      0.81414865	      0.60363862	      9.91688527	      5.85718591	     -7.82992553	     -8.05359505	     -1.56519379	    -21.96141801	     28.85517160	     -2.00965719	      0.50361775	     22.68588658	      1.43285477	     -7.82992553	    -19.79193446	      2.57116332	     -2.46986453	      5.56915725	    -10.62983865	     12.14610504	     42.37554966	     90.00000001	      0.00000000	      0.00000000	    -12.66178453	    -10.36956112	     -1.77143833	     52.55835980	     90.00000001	      0.00000000	      0.00000000
      1.74000000	      9.90421328	     -2.42669284	      0.06374249	     -1.06709561	      0.92845691	      0.23856174	     12.06963590	     -5.28480070	    -18.34748048	     34.96906482	      0.74244345	      0.61032532	      9.93876997	      5.74998018	     -7.82920662	     -8.25442713	     -1.71033958	    -21.96607603	     28.81932809	     -2.03224568	      0.50299216	     22.70067229	      1.48052329	     -7.82920662	    -19.74482102	      2.67136705	     -2.54678036	      5.57953202	    -10.55269752	     12.14584206	     42.37807643	     90.00000001	      0.00000000	      0.00000000	    -12.64075586	    -10.27243540	     -1.73941744	     52.58756972	     90.00000001	      0.00000000	      0.00000000
      1.75000000	      9.88092257	     -2.42401073	      0.18223226	     -1.06427036	      0.92806917	      0.23947521	     12.18094506	     -5.21353538	    -18.16745996	     35.51368041	      0.68269005	      0.61983065	     10.08345157	      5.51724974	     -7.82830266	     -8.47191509	     -1.83796023	    -21.99514094	     28.74864108	     -2.00247614	      0.50175844	     22.74689297	      1.57158787	     -7.82830266	    -19.71471931	      2.75548985	     -2.60844711	      5.68054601	    -10.49311120	     12.12903360	     42.39856542	     90.00000001	      0.00000000	      0.00000000	    -12.62621750	    -10.18069683	     -1.70540777	     52.63184404	     90.00000001	      0.00000000	      0.00000000
      1.76000000	      9.69272669	     -2.19095688	      0.22146135	     -1.06148347	      0.92735632	      0.24039590	     12.55396569	     -5.47054106	    -17.77918712	     36.30030152	      0.82457137	      0.63355978	     10.76725156	      4.23186776	     -7.82255468	     -8.47607138	     -1.64503500	    -22.14032661	     28.67025500	     -2.10920745	      0.50039035	     23.03312329	      2.16603066	     -7.82255468	    -19.49127608	      2.55496670	     -2.63611531	      5.77686061	    -10.37620521	     12.01169745	     42.31412602	     90.00000001	      0.00000000	      0.00000000	    -12.72196291	    -10.18827047	     -1.67732597	     52.87309443	     90.00000001	      0.00000000	      0.00000000
      1.77000000	      9.64506392	     -2.20703123	      0.37108011	     -1.05875912	      0.92696146	      0.24136551	     12.58614495	     -5.34983091	    -17.64761712	     36.62544506	      0.78867855	      0.63923461	     10.77744686	      4.12508779	     -7.82180904	     -8.62371638	     -1.79715077	    -22.16279731	     28.64203914	     -2.11704972	      0.49989789	     23.05579520	      2.22884345	     -7.82180904	    -19.45628695	      2.65899472	     -2.73182834	      5.85238836	    -10.32405018	     11.99854126	     42.33071352	     90.00000001	      0.00000000	      0.00000000	    -12.67184234	    -10.09778952	     -1.63237946	     52.91713484	     90.00000001	      0.00000000	      0.00000000
      1.78000000	      9.58566873	     -2.19268451	      0.47772011	     -1.05605952	      0.92649352	      0.24237435	     12.68921449	     -5.29176393	    -17.61050007	     37.08430789	      0.72390737	      0.64724327	     10.91024070	      3.91197823	     -7.82088670	     -8.76475278	     -1.91322136	    -22.19201829	     28.61763384	     -2.09402474	      0.49947193	     23.11630635	      2.32409722	     -7.82088670	    -19.41147789	      2.72634225	     -2.79873943	      5.97601334	    -10.26085883	     11.98053457	     42.35607718	     90.00000001	      0.00000000	      0.00000000	    -12.63753779	    -10.02251457	     -1.58200462	     52.96724988	     90.00000001	      0.00000000	      0.00000000
      1.79000000	      9.49341668	     -2.13099589	      0.57284222	     -1.05341052	      0.92595163	      0.24340384	     12.84344427	     -5.30224600	    -17.67278452	     37.57500697	      0.62207826	      0.65580759	     11.15413155	      3.62065654	     -7.81975802	     -8.84481021	     -1.96333906	    -22.20511565	     28.62191669	     -2.09574123	      0.49954668	     23.21664261	      2.44888989	     -7.81975802	    -19.34092195	      2.73683737	     -2.86910695	      6.09106082	    -10.20060218	     11.95693776	     42.36909663	     90.00000001	      0.00000000	      0.00000000	    -12.60247216	     -9.97049364	     -1.52470708	     53.03101279	     90.00000001	      0.00000000	      0.00000000
      1.80000000	      9.26445269	     -1.97835850	      0.67022338	     -1.05080727	      0.92519038	      0.24443759	     13.15549007	     -5.43222590	    -17.75793130	     38.09336388	      0.52918710	      0.66485462	     11.65596309	      2.97572921	     -7.81409428	     -8.68967041	     -1.89473471	    -22.26890332	     28.73561377	     -2.23464615	      0.50153107	     23.55956035	      2.95515045	     -7.81409428	    -19.11489590	      2.63859940	     -2.97345337	      6.19970704	    -10.09264793	     11.83253672	     42.24837396	     90.00000001	      0.00000000	      0.00000000	    -12.66414371	    -10.03156220	     -1.33283797	     53.22859031	     90.00000001	      0.00000000	      0.00000000
      1.81000000	      9.19640160	     -1.95433438	      0.73961995	     -1.04820622	      0.92473983	      0.24552017	     13.20882969	     -5.38591603	    -17.83886979	     38.40319342	      0.43677651	      0.67026217	     11.76042659	      2.87473922	     -7.81293387	     -8.76488475	     -1.97999638	    -22.25178168	     28.79788254	     -2.25294117	      0.50261787	     23.60041482	      3.01689453	     -7.81293387	    -19.08853601	      2.69242583	     -3.00055213	      6.31991430	    -10.04007132	     11.81386776	     42.26944138	     90.00000001	      0.00000000	      0.00000000	    -12.60205157	     -9.98033203	     -1.26933539	     53.26771700	     90.00000001	      0.00000000	      0.00000000
      1.82000000	      9.03952396	     -1.84877493	      0.86157211	     -1.04563136	      0.92412927	      0.24655499	     13.39458540	     -5.44062684	    -18.18363839	     38.80316260	      0.17860843	      0.67724295	     12.11479681	      2.69571315	     -7.81007608	     -8.67218099	     -1.99862303	    -22.21227914	     28.97106996	     -2.27064952	      0.50564056	     23.75350205	      3.10387501	     -7.81007608	    -18.95919328	      2.67068990	     -3.11556840	      6.38309471	     -9.99809662	     11.76289582	     42.23640269	     90.00000001	      0.00000000	      0.00000000	    -12.55627184	     -9.99686838	     -1.14528411	     53.30611503	     90.00000001	      0.00000000	      0.00000000
      1.83000000	      8.97402374	     -1.84809271	      0.92164053	     -1.04312854	      0.92376833	      0.24763900	     13.40936549	     -5.33985298	    -18.22955492	     39.02228952	      0.09477023	      0.68106743	     12.19602601	      2.69819346	     -7.80932936	     -8.69572808	     -2.03525583	    -22.09365256	     29.07050892	     -2.41025586	      0.50737610	     23.76757975	      3.11836347	     -7.80932936	    -18.96205205	      2.75233627	     -3.14505166	      6.51716351	     -9.94269961	     11.75867869	     42.27254275	     90.00000001	      0.00000000	      0.00000000	    -12.43795414	     -9.90647083	     -1.07883740	     53.35263699	     90.00000001	      0.00000000	      0.00000000
      1.84000000	      8.86699454	     -1.78695574	      1.01248930	     -1.04063048	      0.92329599	      0.24869360	     13.49665542	     -5.33763262	    -18.52283686	     39.34478075	     -0.12339195	      0.68669597	     12.48980997	      2.66576826	     -7.80769289	     -8.59053693	     -2.07843526	    -21.94004545	     29.36092913	     -2.45675838	      0.51244488	     23.82337199	      3.07847034	     -7.80769289	    -18.90422439	      2.79967076	     -3.19794250	      6.64924185	     -9.93061640	     11.73420177	     42.28250612	     90.00000001	      0.00000000	      0.00000000	    -12.34739446	     -9.88615283	     -0.98816574	     53.35958855	     90.00000001	      0.00000000	      0.00000000
      1.85000000	      8.76980701	     -1.72508570	      1.01791181	     -1.03795284	      0.92305799	      0.24986061	     13.45386200	     -5.30453416	    -18.52842108	     39.38801929	     -0.15082590	      0.68745062	     12.50765074	      2.67121291	     -7.80755828	     -8.62046668	     -2.08500787	    -21.90452185	     29.40426755	     -2.49977350	      0.51320128	     23.82182251	      3.07419442	     -7.80755828	    -18.83837451	      2.79370248	     -3.21121467	      6.67198472	     -9.92834945	     11.73239993	     42.28921946	     90.00000001	      0.00000000	      0.00000000	    -12.31660906	     -9.86572038	     -0.97539644	     53.36963302	     90.00000001	      0.00000000	      0.00000000
      1.86000000	      8.59922954	     -1.70384891	      1.19532142	     -1.03565919	      0.92258110	      0.25086811	     13.62392610	     -5.24885298	    -19.03156920	     39.72526351	     -0.50410485	      0.69333664	     13.06820407	      2.78363969	     -7.80472643	     -8.24914136	     -2.19454237	    -21.56386124	     30.04813654	     -2.61530226	      0.52443892	     23.83991140	      2.78698080	     -7.80472643	    -18.75386761	      2.89628260	     -3.34983113	      6.80261984	     -9.89587739	     11.72365189	     42.27592602	     90.00000001	      0.00000000	      0.00000000	    -12.13906547	     -9.83253800	     -0.82488148	     53.32364003	     90.00000001	      0.00000000	      0.00000000
      1.87000000	      8.54792920	     -1.66967090	      1.21161179	     -1.03319066	      0.92246596	      0.25190056	     13.55671002	     -5.15321416	    -19.04001021	     39.82492367	     -0.63295501	      0.69507604	     13.16862887	      2.89907991	     -7.80374620	     -8.18802307	     -2.15936973	    -21.34507970	     30.29974119	     -2.79771381	      0.52883025	     23.78964471	      2.68909410	     -7.80374620	    -18.78039657	      2.98117295	     -3.35895774	      6.92316096	     -9.90773052	     11.71744880	     42.28803426	     90.00000001	      0.00000000	      0.00000000	    -12.01655139	     -9.73756467	     -0.75818706	     53.33682051	     90.00000001	      0.00000000	      0.00000000
      1.88000000	      8.37370243	     -1.67161255	      1.31584234	     -1.03075453	      0.92223365	      0.25293498	     13.59995456	     -5.04154848	    -19.31029241	     39.90088653	     -0.84806469	      0.69640184	     13.60792989	      3.32421225	     -7.79966944	     -7.84805423	     -2.28397213	    -20.99431805	     30.89825034	     -2.82882535	      0.53927620	     23.59076802	      2.05139939	     -7.79966944	    -18.65983930	      3.11678270	     -3.45960268	      7.00232126	     -9.91883687	     11.73478600	     42.23749037	     90.00000001	      0.00000000	      0.00000000	    -11.87174314	     -9.70162314	     -0.64088535	     53.21740429	     90.00000001	      0.00000000	      0.00000000
      1.89000000	      8.35829590	     -1.60797750	      1.31868577	     -1.02831281	      0.92232215	      0.25395461	     13.43915129	     -4.99444586	    -19.28747948	     39.93440304	     -0.91097973	      0.69698682	     13.68165251	      3.43076735	     -7.79867146	     -7.76368522	     -2.21043510	    -20.71789368	     31.26442989	     -3.02782600	      0.54566724	     23.46292740	      1.93410191	     -7.79867146	    -18.74301186	      3.17132470	     -3.41315882	      7.12934597	     -9.95913200	     11.73336641	     42.24793138	     90.00000001	      0.00000000	      0.00000000	    -11.73284074	     -9.61751497	     -0.60870821	     53.24039113	     90.00000001	      0.00000000	      0.00000000
      1.90000000	      8.31119979	     -1.56976737	      1.36801199	     -1.02594297	      0.92246243	      0.25491169	     13.27001359	     -4.93224757	    -19.28211347	     39.90253157	     -0.93163405	      0.69643056	     13.83451339	      3.55653336	     -7.79742380	     -7.53837351	     -2.23062598	    -20.42322949	     31.84369505	     -3.17891581	      0.55577732	     23.23185191	      1.71832965	     -7.79742380	    -18.79232560	      3.27712175	     -3.42945781	      7.22629093	    -10.01397058	     11.74021419	     42.24814892	     90.00000001	      0.00000000	      0.00000000	    -11.58202238	     -9.54095789	     -0.59349748	     53.25602911	     90.00000001	      0.00000000	      0.00000000
      1.91000000	      8.09772446	     -1.55317819	      1.41724668	     -1.02362042	      0.92252998	      0.25591108	     13.29722829	     -4.86521266	    -19.50621585	     39.86131552	     -1.06896531	      0.69571120	     14.31759863	      4.47802719	     -7.78214609	     -7.13605204	     -2.22451179	    -19.33257054	     32.47195218	     -2.92456287	      0.56674248	     22.23690813	     -0.97412836	     -7.78214609	    -18.64171757	      3.40438332	     -3.53566165	      7.40753084	    -10.09522555	     11.99787584	     42.16343837	     90.00000001	      0.00000000	      0.00000000	    -11.44713339	     -9.33998953	     -0.82211227	     53.02169140	     90.00000001	      0.00000000	      0.00000000
      1.92000000	      8.02185319	     -1.55083236	      1.43384198	     -1.02125284	      0.92280969	      0.25695449	     13.09747685	     -4.73457356	    -19.42732658	     39.69842401	     -1.04604519	      0.69286821	     14.41959890	      4.50913612	     -7.77864689	     -6.80911388	     -2.31116895	    -19.04906666	     33.19549835	     -3.05572733	      0.57937074	     21.89262933	     -1.18322794	     -7.77864689	    -18.66351553	      3.53927981	     -3.50853411	      7.43738210	    -10.14356265	     12.02942926	     42.17087525	     90.00000001	      0.00000000	      0.00000000	    -11.36541790	     -9.29066623	     -0.89691641	     53.13379469	     90.00000001	      0.00000000	      0.00000000
      1.93000000	      7.91989993	     -1.55452818	      1.45956674	     -1.01893564	      0.92312037	      0.25791803	     12.90765271	     -4.62606933	    -19.33091048	     39.51411029	     -0.95898325	      0.68965133	     14.52149049	      4.57575219	     -7.77546858	     -6.38863152	     -2.42704182	    -18.76352398	     34.04482119	     -3.17231490	      0.59419422	     21.44054002	     -1.51223614	     -7.77546858	    -18.65255792	      3.70415361	     -3.52396243	      7.51637123	    -10.23027098	     12.07115997	     42.18623798	     90.00000001	      0.00000000	      0.00000000	    -11.28400895	     -9.19130140	     -0.99934287	     53.26388922	     90.00000001	      0.00000000	      0.00000000
      1.94000000	      7.81649561	     -1.54107598	      1.43183828	     -1.01668852	      0.92349636	      0.25889259	     12.72578992	     -4.53674592	    -19.24637475	     39.30797025	     -0.89408057	      0.68605350	     14.60132154	      4.65329927	     -7.77248166	     -5.94384507	     -2.48792089	    -18.42861564	     34.90922768	     -3.29500629	      0.60928096	     20.93736525	     -1.92008253	     -7.77248166	    -18.66631078	      3.84820835	     -3.49553755	      7.61196386	    -10.32717834	     12.12883919	     42.20282101	     90.00000001	      0.00000000	      0.00000000	    -11.23715077	     -9.07454399	     -1.13641480	     53.42415153	     90.00000001	      0.00000000	      0.00000000
      1.95000000	      7.67852481	     -1.46387285	      1.40787148	     -1.01455149	      0.92394162	      0.25981627	     12.58446101	     -4.53561429	    -19.18219244	     39.09810307	     -0.83485151	      0.68239063	     14.67038279	      4.78565465	     -7.75757684	     -5.44570307	     -2.40560200	    -17.45925084	     35.80800180	     -3.13664828	      0.62496753	     19.83977652	     -4.01649152	     -7.75757684	    -18.65781579	      3.91786553	     -3.56030227	      7.75603834	    -10.49755446	     12.52048571	     42.22495261	     90.00000001	      0.00000000	      0.00000000	    -11.31436483	     -8.79560702	     -1.86490198	     53.87011652	     90.00000001	      0.00000000	      0.00000000
      1.96000000	      7.57319347	     -1.46803218	      1.38741832	     -1.01234997	      0.92442378	      0.26074151	     12.35363053	     -4.46236954	    -19.16786012	     38.79390431	     -0.71635496	      0.67708136	     14.74438880	      4.90466896	     -7.75526101	     -4.88299767	     -2.54295130	    -17.14659873	     36.89061528	     -3.22961483	      0.64386270	     19.29090793	     -4.12566110	     -7.75526101	    -18.66610857	      4.10061964	     -3.52973869	      7.83410378	    -10.60392182	     12.54201473	     42.24608822	     90.00000001	      0.00000000	      0.00000000	    -11.25158144	     -8.71798327	     -1.92443451	     54.02312359	     90.00000001	      0.00000000	      0.00000000
      1.97000000	      7.44733180	     -1.44952317	      1.37031061	     -1.01023124	      0.92490176	      0.26165212	     12.14573607	     -4.41397104	    -19.19052664	     38.47015099	     -0.62701236	      0.67143080	     14.80881459	      5.06560636	     -7.75307617	     -4.20812450	     -2.68068294	    -16.81825796	     38.11341668	     -3.31927925	      0.66520461	     18.58906263	     -4.38188857	     -7.75307617	    -18.66544545	      4.25545788	     -3.51352559	      7.91214964	    -10.74228533	     12.56902307	     42.28157049	     90.00000001	      0.00000000	      0.00000000	    -11.23426643	     -8.62652320	     -2.03204288	     54.30879007	     90.00000001	      0.00000000	      0.00000000
      1.98000000	      7.25504112	     -1.34951316	      1.30088578	     -1.00819033	      0.92535962	      0.26255188	     12.04000999	     -4.47952843	    -19.43979829	     38.12677571	     -0.68270406	      0.66543777	     14.97990458	      5.64777743	     -7.73795448	     -3.47427429	     -2.62956700	    -15.74849748	     39.34957208	     -2.99249218	      0.68677959	     17.09137153	     -6.69634602	     -7.73795448	    -18.62100474	      4.30538796	     -3.56754749	      8.01054052	    -10.96210430	     12.98563972	     42.39141530	     90.00000001	      0.00000000	      0.00000000	    -11.52649643	     -8.41347362	     -2.75630081	     55.28237356	     90.00000001	      0.00000000	      0.00000000
      1.99000000	      7.13062088	     -1.35400474	      1.27343411	     -1.00619468	      0.92585647	      0.26339528	     11.83794041	     -4.45636542	    -19.53866674	     37.79997224	     -0.53964373	      0.65973397	     15.03165072	      5.82038426	     -7.73578098	     -2.64618148	     -2.82478892	    -15.39746505	     40.84112716	     -3.07709349	      0.71281214	     16.25246985	     -6.75524439	     -7.73578098	    -18.64167692	      4.50503518	     -3.57904451	      8.11867286	    -11.07825529	     12.99452574	     42.45513093	     90.00000001	      0.00000000	      0.00000000	    -11.51829685	     -8.34836508	     -2.80932714	     55.53286467	     90.00000001	      0.00000000	      0.00000000
      2.00000000	      7.00544455	     -1.29746268	      1.23257539	     -1.00422231	      0.92633406	      0.26423160	     11.63201173	     -4.52364364	    -19.70826772	     37.44439385	     -0.40980377	      0.65352796	     15.09507604	      6.02163792	     -7.73403144	     -1.74894140	     -2.96926098	    -15.01186266	     42.45493201	     -3.13768747	      0.74097835	     15.28791219	     -6.89742009	     -7.73403144	    -18.66207198	      4.62509573	     -3.55397044	      8.18946232	    -11.22949662	     12.99970019	     42.52030471	     90.00000001	      0.00000000	      0.00000000	    -11.50445267	     -8.30931628	     -2.90792608	     55.96587763	     90.00000001	      0.00000000	      0.00000000
      2.01000000	      6.69864209	     -1.28227679	      1.14973351	     -1.00232756	      0.92657200	      0.26515110	     11.69111269	     -4.44616393	    -20.01069210	     37.08807221	     -0.58937225	      0.64730897	     15.20715197	      6.48791791	     -7.72926611	     -0.54237892	     -3.19610481	    -14.49525934	     44.24624152	     -3.04771949	      0.77224260	     13.66791623	     -7.76067189	     -7.72926611	    -18.49611797	      4.78479826	     -3.56207587	      8.25800398	    -11.39843451	     13.06741221	     42.73927190	     90.00000001	      0.00000000	      0.00000000	    -11.88861252	     -8.22918822	     -3.16633227	     56.99563101	     90.00000001	      0.00000000	      0.00000000
      2.02000000	      6.58122442	     -1.12554037	      1.15242451	     -1.00056796	      0.92703244	      0.26583025	     11.53180178	     -4.72391996	    -20.57835773	     36.82413734	     -0.56660951	      0.64270244	     15.49152570	      7.50971172	     -7.71638180	      0.48695524	     -3.16933203	    -13.18927107	     46.08123710	     -2.57763204	      0.80426931	     11.63211204	    -10.06410882	     -7.71638180	    -18.58443488	      4.80092368	     -3.72105251	      8.33674770	    -11.62496600	     13.41692485	     42.97060034	     90.00000001	      0.00000000	      0.00000000	    -12.32616581	     -8.16119028	     -3.65555335	     58.44497421	     90.00000001	      0.00000000	      0.00000000
      2.03000000	      6.36934585	     -1.07019303	      1.10553139	     -0.99880954	      0.92728870	      0.26661879	     11.47663533	     -4.79328027	    -20.80785830	     36.50650774	     -0.47851821	      0.63715876	     15.59736553	      7.69949324	     -7.71309331	      1.77485448	     -3.42841357	    -12.75386321	     48.14320684	     -2.51617133	      0.84025747	     10.26792099	     -9.96197503	     -7.71309331	    -18.54601052	      4.93126472	     -3.72304155	      8.42551855	    -11.80106996	     13.40167287	     43.11637510	     90.00000001	      0.00000000	      0.00000000	    -12.40454522	     -8.14324145	     -3.71204534	     58.92919211	     90.00000001	      0.00000000	      0.00000000
      2.04000000	      6.12303637	     -0.98772716	      1.06102411	     -0.99718365	      0.92744087	      0.26736821	     11.52534281	     -4.88306181	    -21.13424319	     36.26488611	     -0.52795935	      0.63294167	     15.72683722	      8.05933832	     -7.70847302	      3.21042916	     -3.64346546	    -12.15939926	     50.34427890	     -2.39726774	      0.87867343	      8.47635800	    -10.32324635	     -7.70847302	    -18.49720981	      5.02519337	     -3.75519891	      8.46260728	    -11.97783763	     13.41788227	     43.35562022	     90.00000001	      0.00000000	      0.00000000	    -12.66513913	     -8.17516875	     -3.85542976	     60.01794684	     90.00000001	      0.00000000	      0.00000000
      2.05000000	      6.04391843	     -0.87560385	      1.05620227	     -0.99549546	      0.92769258	      0.26799944	     11.34305162	     -5.14388870	    -21.37841488	     36.09741894	     -0.21709112	      0.63001881	     15.84504347	      8.27117017	     -7.70600031	      4.50862170	     -3.83070526	    -11.57414039	     52.58393573	     -2.33930420	      0.91776281	      7.10797688	    -10.22855546	     -7.70600031	    -18.61642525	      5.09235004	     -3.80427415	      8.53674533	    -12.18024602	     13.37984980	     43.51900604	     90.00000001	      0.00000000	      0.00000000	    -12.73221621	     -8.19710663	     -3.91931273	     60.68328022	     90.00000001	      0.00000000	      0.00000000
      2.06000000	      5.77716663	     -0.72572199	      1.04905357	     -0.99400270	      0.92761929	      0.26866112	     11.50398996	     -5.34548954	    -21.92192714	     36.01966979	     -0.40850208	      0.62866183	     16.16722978	      9.17094284	     -7.69447512	      6.10256500	     -3.93176006	    -10.17062493	     54.94051353	     -1.62515795	      0.95889285	      4.46548026	    -12.21013420	     -7.69447512	    -18.56930941	      5.09749863	     -4.00203571	      8.58990713	    -12.40838358	     13.60703136	     43.98473878	     90.00000001	      0.00000000	      0.00000000	    -13.49736035	     -8.29765238	     -4.13317329	     62.90989870	     90.00000001	      0.00000000	      0.00000000
      2.07000000	      5.53354828	     -0.66158636	      1.03803190	     -0.99249693	      0.92745850	      0.26934164	     11.63191146	     -5.42975983	    -22.08094558	     35.95315794	     -0.35842848	      0.62750098	     16.32963118	      9.27326249	     -7.68995650	      7.76735424	     -4.21751275	     -9.51120425	     57.36084060	     -1.45376635	      1.00113553	      2.90594585	    -11.79086715	     -7.68995650	    -18.52224038	      5.20970767	     -4.04063261	      8.63381649	    -12.60665006	     13.56452375	     44.23195717	     90.00000001	      0.00000000	      0.00000000	    -13.60384706	     -8.36383893	     -4.16049809	     63.61510881	     90.00000001	      0.00000000	      0.00000000
      2.08000000	      5.35307180	     -0.52227500	      1.06583373	     -0.99108084	      0.92726698	      0.26984740	     11.73326806	     -5.68994046	    -22.35201766	     36.03629571	     -0.28567130	      0.62895201	     16.54327626	      9.64148999	     -7.67942165	      9.38138746	     -4.33625351	     -8.24902671	     59.70998295	     -0.82488324	      1.04213580	      0.94309900	    -12.81660648	     -7.67942165	    -18.57580932	      5.23451032	     -4.20067310	      8.68471359	    -12.85112778	     13.69105865	     44.62797571	     90.00000001	      0.00000000	      0.00000000	    -14.10090147	     -8.51076098	     -4.19569305	     65.35425392	     90.00000001	      0.00000000	      0.00000000
      2.09000000	      5.34001926	     -0.37797795	      1.07042625	     -0.98959721	      0.92720917	      0.27029690	     11.63515262	     -5.97900699	    -22.35628498	     36.15135009	      0.00872735	      0.63096009	     16.60710945	      9.66075794	     -7.67669156	     10.81561737	     -4.47370441	     -7.75193481	     61.93506072	     -0.80059095	      1.08097073	      0.05632140	    -12.19958128	     -7.67669156	    -18.79441460	      5.27058623	     -4.22486477	      8.76129115	    -13.06515362	     13.60133606	     44.80873866	     90.00000001	      0.00000000	      0.00000000	    -13.94619604	     -8.60644441	     -4.21769674	     65.82760279	     90.00000001	      0.00000000	      0.00000000
      2.10000000	      4.95426301	     -0.32195727	      1.12326438	     -0.98833281	      0.92647129	      0.27089112	     12.10072488	     -6.01083278	    -22.49427010	     36.36612140	     -0.15748460	      0.63470855	     16.91224227	      9.69013821	     -7.66776588	     12.76265827	     -4.71073186	     -6.29163043	     64.21340709	      0.10208512	      1.12073538	     -1.75927515	    -12.98128308	     -7.66776588	    -18.62753680	      5.35557988	     -4.44412907	      8.77386671	    -13.29715320	     13.67373238	     45.33247327	     90.00000001	      0.00000000	      0.00000000	    -14.71882513	     -8.81146312	     -4.16159832	     68.00444682	     90.00000001	      0.00000000	      0.00000000
      2.11000000	      4.76665313	     -0.22100567	      1.16424230	     -0.98702320	      0.92592051	      0.27135718	     12.32937412	     -6.16483197	    -22.45899985	     36.63811018	     -0.08992089	      0.63945565	     17.09970719	      9.59154387	     -7.65915252	     14.44659635	     -4.86358350	     -5.28227471	     66.23575696	      0.65309861	      1.15603204	     -2.78827203	    -13.24011600	     -7.65915252	    -18.66417334	      5.40464535	     -4.57604794	      8.83345084	    -13.53962787	     13.73056035	     45.69142415	     90.00000001	      0.00000000	      0.00000000	    -14.95043307	     -8.98590402	     -4.09274115	     69.25512875	     90.00000001	      0.00000000	      0.00000000
      2.12000000	      4.58997742	     -0.13102006	      1.22461426	     -0.98569742	      0.92527894	      0.27177106	     12.58607515	     -6.30530902	    -22.36523280	     36.98656093	     -0.02477205	      0.64553727	     17.30026268	      9.40256177	     -7.65271073	     16.09529956	     -5.00890736	     -4.44395324	     68.04121824	      1.07859897	      1.18754329	     -3.42674193	    -13.30088579	     -7.65271073	    -18.72267100	      5.46506638	     -4.71006941	      8.86956739	    -13.76750468	     13.71754049	     46.02877928	     90.00000001	      0.00000000	      0.00000000	    -15.22069675	     -9.17727272	     -4.02656934	     70.53343051	     90.00000001	      0.00000000	      0.00000000
      2.13000000	      4.43574702	     -0.08561947	      1.29564434	     -0.98431801	      0.92458206	      0.27219680	     12.81562552	     -6.36827465	    -22.26975567	     37.32075145	      0.00210934	      0.65136999	     17.49670986	      9.23857840	     -7.64918351	     17.70766249	     -5.23007578	     -4.06098838	     69.61353661	      1.17322914	      1.21498542	     -3.63414530	    -13.06735340	     -7.64918351	    -18.77265521	      5.56122679	     -4.82377393	      8.93697068	    -13.98184227	     13.63272104	     46.27857713	     90.00000001	      0.00000000	      0.00000000	    -15.27323655	     -9.29313549	     -3.97368769	     71.30979710	     90.00000001	      0.00000000	      0.00000000
      2.14000000	      4.59481161	      0.16074271	      1.27257764	     -0.98282892	      0.92438825	      0.27259620	     12.67316785	     -6.61671992	    -22.00188842	     37.56990161	      0.01771547	      0.65571848	     17.43553932	      9.19797209	     -7.64706527	     18.79188266	     -5.20444122	     -3.95583652	     70.70775780	      1.21020070	      1.23408318	     -3.60578822	    -12.69268958	     -7.64706527	    -19.18459207	      5.41041136	     -4.85517829	      9.03778482	    -14.17920629	     13.53322683	     46.43729776	     90.00000001	      0.00000000	      0.00000000	    -15.06639159	     -9.39800267	     -3.97554763	     71.63085435	     90.00000001	      0.00000000	      0.00000000
      2.15000000	      4.19361554	      0.11591135	      1.47808987	     -0.98174301	      0.92302839	      0.27289256	     13.31197268	     -6.62919620	    -21.84578621	     38.22173937	      0.13577116	      0.66709520	     17.92415202	      8.51767524	     -7.64187910	     20.69042120	     -5.41977939	     -2.91989203	     71.84598459	      1.90844744	      1.25394899	     -3.56857211	    -14.03020308	     -7.64187910	    -18.99268718	      5.59432157	     -5.20128830	      9.08300491	    -14.39173371	     13.60462768	     46.91367624	     90.00000001	      0.00000000	      0.00000000	    -15.81845671	     -9.83301240	     -3.67684637	     74.29575262	     90.00000001	      0.00000000	      0.00000000
      2.16000000	      4.30783980	      0.22748344	      1.56949731	     -0.98026836	      0.92264370	      0.27321116	     13.21228980	     -6.73877539	    -21.69171959	     38.48536039	      0.16523185	      0.67169625	     17.91395483	      8.44898143	     -7.64019631	     21.78751062	     -5.53223984	     -2.97010023	     72.40001462	      1.86867309	      1.26361863	     -3.30578722	    -13.87375772	     -7.64019631	    -19.31706266	      5.58704393	     -5.32338728	      9.20282666	    -14.59328000	     13.52010507	     47.03335330	     90.00000001	      0.00000000	      0.00000000	    -15.53220394	     -9.94614121	     -3.67904484	     74.55224483	     90.00000001	      0.00000000	      0.00000000
      2.17000000	      4.01007447	      0.20450466	      1.70542584	     -0.97904124	      0.92141418	      0.27352311	     13.73980843	     -6.70714753	    -21.39911334	     39.09225219	      0.21777458	      0.68228851	     18.28077485	      7.62360294	     -7.63494135	     23.39171652	     -5.72239904	     -2.90606269	     72.77631164	      1.88355519	      1.27018626	     -2.57504349	    -15.06162813	     -7.63494135	    -19.21882981	      5.71138961	     -5.53589962	      9.25421062	    -14.79313158	     13.65434877	     47.34875399	     90.00000001	      0.00000000	      0.00000000	    -15.97483314	    -10.32394586	     -3.30807045	     76.33673629	     90.00000001	      0.00000000	      0.00000000
      2.18000000	      3.93588572	      0.21772531	      1.83297525	     -0.97761241	      0.92060705	      0.27377252	     13.92573935	     -6.70526772	    -21.31464821	     39.51166300	      0.15778603	      0.68960861	     18.46642256	      7.33184602	     -7.63266223	     24.61985154	     -5.90380761	     -3.26430523	     72.74468923	      1.65364814	      1.26963434	     -1.71943396	    -15.47829744	     -7.63266223	    -19.32666592	      5.80275969	     -5.69253353	      9.34314958	    -14.97674032	     13.63029210	     47.46054544	     90.00000001	      0.00000000	      0.00000000	    -15.85910430	    -10.47694021	     -3.21161934	     76.92632587	     90.00000001	      0.00000000	      0.00000000
      2.19000000	      3.87340924	      0.26773997	      1.92972676	     -0.97619742	      0.91976973	      0.27406379	     14.12251766	     -6.73370205	    -21.05577989	     39.97626233	      0.17687066	      0.69771740	     18.66656207	      6.89424082	     -7.62945759	     25.75704874	     -6.04939556	     -3.88217442	     72.39351013	      1.27362425	      1.26350511	     -0.83689579	    -15.84209686	     -7.62945759	    -19.44215173	      5.79784004	     -5.88500462	      9.42467246	    -15.15310233	     13.64392486	     47.60112570	     90.00000001	      0.00000000	      0.00000000	    -15.90135739	    -10.73746580	     -2.98212333	     77.90747393	     90.00000001	      0.00000000	      0.00000000
      2.20000000	      3.87229820	      0.26339702	      2.09674133	     -0.97468941	      0.91907902	      0.27424843	     14.15029145	     -6.71213031	    -20.83653688	     40.29923548	      0.29556854	      0.70335435	     18.79797405	      6.29980391	     -7.62440367	     26.75120746	     -6.23386046	     -4.75643222	     71.68752273	      0.66851499	      1.25118330	     -0.07389197	    -15.98189994	     -7.62440367	    -19.60999399	      5.87695624	     -6.05013009	      9.55411696	    -15.33458315	     13.73975743	     47.69804652	     90.00000001	      0.00000000	      0.00000000	    -15.86647693	    -11.04850814	     -2.65315763	     78.82066977	     90.00000001	      0.00000000	      0.00000000
      2.21000000	      3.86396807	      0.23411335	      2.26208467	     -0.97312192	      0.91837535	      0.27444088	     14.19570241	     -6.65181672	    -20.83980323	     40.61992148	      0.22665616	      0.70895137	     18.98682602	      6.03486178	     -7.62219291	     27.65601697	     -6.44152901	     -5.46725603	     70.72274257	      0.29628278	      1.23434471	      0.82121572	    -16.19952162	     -7.62219291	    -19.73930679	      5.95764658	     -6.23282107	      9.64175162	    -15.49142054	     13.72374456	     47.74100331	     90.00000001	      0.00000000	      0.00000000	    -15.65551673	    -11.18616783	     -2.53854037	     79.24491662	     90.00000001	      0.00000000	      0.00000000
      2.22000000	      3.84518597	      0.18594281	      2.42372445	     -0.97149335	      0.91776577	      0.27449726	     14.19320807	     -6.56743586	    -20.84167127	     40.81811234	      0.17820036	      0.71241045	     19.15145628	      5.83543626	     -7.62045658	     28.45856653	     -6.59397121	     -6.13708347	     69.44123084	     -0.04533952	      1.21197811	      1.50936404	    -16.25337823	     -7.62045658	    -19.84643280	      6.07101370	     -6.38626608	      9.71924254	    -15.63723221	     13.69586969	     47.78198436	     90.00000001	      0.00000000	      0.00000000	    -15.44386538	    -11.28601263	     -2.42160918	     79.61962955	     90.00000001	      0.00000000	      0.00000000
      2.23000000	      3.87019722	      0.15585995	      2.55279462	     -0.96975334	      0.91715480	      0.27458098	     14.14977375	     -6.51242087	    -20.84155913	     41.06818743	      0.13073682	      0.71677509	     19.36837831	      5.59085283	     -7.61861270	     29.10694243	     -6.76417506	     -7.12782172	     67.96120331	     -0.55031371	      1.18614676	      2.23696645	    -16.30120530	     -7.61861270	    -19.98549872	      6.12643855	     -6.55648467	      9.80468950	    -15.77390541	     13.69342972	     47.77729555	     90.00000001	      0.00000000	      0.00000000	    -15.25018837	    -11.43866400	     -2.23937464	     80.06267192	     90.00000001	      0.00000000	      0.00000000
      2.24000000	      4.02163607	      0.13532549	      2.61879314	     -0.96788877	      0.91668604	      0.27459414	     13.96388501	     -6.55528805	    -20.74287389	     41.41297263	      0.29555559	      0.72279273	     19.60678633	      5.29917416	     -7.61526703	     29.52790753	     -6.95585836	     -8.88280387	     66.29746927	     -1.65864496	      1.15710912	      2.83629679	    -15.86686036	     -7.61526703	    -20.24062722	      6.16053510	     -6.67259651	     10.00990802	    -15.87934338	     13.79556658	     47.66414022	     90.00000001	      0.00000000	      0.00000000	    -15.10932220	    -11.79358767	     -1.82055312	     80.68766696	     90.00000001	      0.00000000	      0.00000000
      2.25000000	      4.07673926	      0.04940197	      2.70292544	     -0.96584212	      0.91623983	      0.27462785	     13.77754802	     -6.42477417	    -20.70908107	     41.46874005	      0.30624336	      0.72376605	     19.76564528	      5.15258410	     -7.60932281	     29.92520999	     -7.18378192	    -10.26820193	     64.46632448	     -2.42311659	      1.12514962	      3.30089616	    -14.90535701	     -7.60932281	    -20.35178589	      6.24306511	     -6.78597928	     10.14793312	    -16.03763415	     13.99828780	     47.47388766	     90.00000001	      0.00000000	      0.00000000	    -14.89027376	    -12.02218030	     -1.35656320	     80.99564877	     90.00000001	      0.00000000	      0.00000000
      2.26000000	      4.11606673	     -0.08261395	      2.81097983	     -0.96380166	      0.91576754	      0.27455583	     13.61133590	     -6.25646333	    -20.77781339	     41.54222189	      0.26430592	      0.72504855	     19.90260439	      5.06095650	     -7.60761593	     30.22837880	     -7.34812182	    -10.69119339	     62.57458462	     -2.40854426	      1.09213253	      3.62204276	    -14.65531277	     -7.60761593	    -20.41632670	      6.37263098	     -6.89968187	     10.18079682	    -16.16332476	     13.97748501	     47.50301014	     90.00000001	      0.00000000	      0.00000000	    -14.62328951	    -12.04278978	     -1.28918435	     81.10019211	     90.00000001	      0.00000000	      0.00000000
      2.27000000	      4.33089521	     -0.15423535	      2.84012230	     -0.96149576	      0.91556952	      0.27444808	     13.21281172	     -6.20986147	    -20.85596831	     41.62320344	      0.30994763	      0.72646195	     20.20062492	      5.16323628	     -7.60214006	     30.19956281	     -7.49067156	    -11.94591515	     60.58844504	     -3.02654596	      1.05746785	      3.94448621	    -13.77930660	     -7.60214006	    -20.65639807	      6.41661752	     -6.98045305	     10.34851826	    -16.26700263	     14.18696438	     47.23599852	     90.00000001	      0.00000000	      0.00000000	    -14.32366807	    -12.25687371	     -0.87042436	     81.18381695	     90.00000001	      0.00000000	      0.00000000
      2.28000000	      4.39964304	     -0.30522409	      2.88853054	     -0.95916487	      0.91520026	      0.27434038	     12.96215829	     -6.01464965	    -20.90673297	     41.61509529	      0.27144484	      0.72632043	     20.34071831	      5.10369404	     -7.60067282	     30.23906937	     -7.61531884	    -12.20242053	     58.66746127	     -2.89146550	      1.02394036	      4.11554400	    -13.50275342	     -7.60067282	    -20.71373151	      6.52672027	     -7.05662177	     10.36663722	    -16.39567880	     14.16900785	     47.24707191	     90.00000001	      0.00000000	      0.00000000	    -14.08287262	    -12.24649664	     -0.80691533	     81.21833712	     90.00000001	      0.00000000	      0.00000000
      2.29000000	      4.69645433	     -0.41849771	      2.88513026	     -0.95662876	      0.91521241	      0.27417420	     12.41031952	     -5.93602059	    -20.96771129	     41.61399680	      0.40229304	      0.72630126	     20.58961419	      5.13850877	     -7.59850975	     29.87853378	     -7.69636542	    -12.64965524	     56.74429214	     -2.92422289	      0.99037473	      4.19401247	    -13.08242940	     -7.59850975	    -21.01144263	      6.58262530	     -7.12187324	     10.47792545	    -16.48229938	     14.25080130	     47.10758737	     90.00000001	      0.00000000	      0.00000000	    -13.73992474	    -12.33944763	     -0.61671232	     81.09872268	     90.00000001	      0.00000000	      0.00000000
      2.30000000	      4.83510796	     -0.57560660	      2.85273385	     -0.95391526	      0.91501968	      0.27406510	     12.02373816	     -5.73253085	    -20.96453532	     41.54082383	      0.40165174	      0.72502415	     20.77006888	      5.15981364	     -7.59697729	     29.61644042	     -7.78239363	    -12.84809422	     54.94351915	     -2.83524129	      0.95894531	      4.28165613	    -12.75393914	     -7.59697729	    -21.07846411	      6.64022245	     -7.12761381	     10.49747221	    -16.56322827	     14.29911273	     47.02475736	     90.00000001	      0.00000000	      0.00000000	    -13.49282974	    -12.35287616	     -0.47699344	     81.01358758	     90.00000001	      0.00000000	      0.00000000
      2.31000000	      5.10678342	     -0.71649251	      2.80893484	     -0.95105996	      0.91504055	      0.27380445	     11.45725380	     -5.57693190	    -20.92440672	     41.44811149	      0.47867192	      0.72340601	     20.99725128	      5.20921080	     -7.59543933	     29.10297679	     -7.81151826	    -12.98343644	     53.26049477	     -2.73674382	      0.92957099	      4.35862880	    -12.46889891	     -7.59543933	    -21.27098019	      6.70701259	     -7.12620415	     10.55223121	    -16.62578770	     14.38447695	     46.88184021	     90.00000001	      0.00000000	      0.00000000	    -13.19968797	    -12.40108294	     -0.30604511	     80.80785936	     90.00000001	      0.00000000	      0.00000000
      2.32000000	      5.28453693	     -0.89502582	      2.70871316	     -0.94807361	      0.91496631	      0.27361532	     11.00695748	     -5.34157961	    -20.83405907	     41.33915739	      0.49953207	      0.72150441	     21.17659265	      5.24072203	     -7.59434272	     28.62493677	     -7.84470872	    -12.98475482	     51.74389931	     -2.65319791	      0.90310141	      4.46461310	    -12.30929557	     -7.59434272	    -21.33723290	      6.77144174	     -7.09808240	     10.56672850	    -16.67562312	     14.44675375	     46.77810706	     90.00000001	      0.00000000	      0.00000000	    -12.99394996	    -12.40672526	     -0.17549160	     80.62434484	     90.00000001	      0.00000000	      0.00000000
      2.33000000	      5.49449666	     -1.06195875	      2.58186755	     -0.94494796	      0.91498026	      0.27340607	     10.50501153	     -5.10425081	    -20.66731805	     41.20308584	      0.52085185	      0.71912951	     21.35114847	      5.25762201	     -7.59346573	     28.02219444	     -7.82808658	    -12.89760946	     50.35854333	     -2.58207355	      0.87892239	      4.60298855	    -12.23354942	     -7.59346573	    -21.41841623	      6.79819565	     -7.06639148	     10.56300635	    -16.72764206	     14.50124978	     46.67250545	     90.00000001	      0.00000000	      0.00000000	    -12.80231217	    -12.39813831	     -0.05748201	     80.39295851	     90.00000001	      0.00000000	      0.00000000
      2.34000000	      5.82175077	     -1.23401219	      2.44832699	     -0.94170335	      0.91520022	      0.27319895	      9.83000362	     -4.89130828	    -20.41100409	     41.04718973	      0.70818297	      0.71640861	     21.55817506	      5.27141779	     -7.59229076	     27.22886808	     -7.80214782	    -12.69873431	     49.15346813	     -2.50679119	      0.85788986	      4.82623398	    -12.27024465	     -7.59229076	    -21.61336821	      6.81908046	     -7.00521589	     10.59074532	    -16.75302156	     14.60136665	     46.50658593	     90.00000001	      0.00000000	      0.00000000	    -12.50843698	    -12.44066974	      0.10946992	     79.95125828	     90.00000001	      0.00000000	      0.00000000
      2.35000000	      5.85999104	     -1.49998675	      2.27542805	     -0.93841074	      0.91496955	      0.27302508	      9.58151617	     -4.54485226	    -20.25763781	     41.02176848	      0.67849373	      0.71596492	     21.64738745	      5.26559819	     -7.59198723	     26.80228135	     -7.84109341	    -12.57779464	     48.23120586	     -2.62737918	      0.84179334	      4.99074705	    -12.34759415	     -7.59198723	    -21.46186045	      6.91872875	     -6.94680371	     10.53693724	    -16.73558454	     14.63350845	     46.45943011	     90.00000001	      0.00000000	      0.00000000	    -12.48132548	    -12.44191218	      0.14864917	     79.81353831	     90.00000001	      0.00000000	      0.00000000
      2.36000000	      6.30955188	     -1.58909416	      2.06286212	     -0.93493908	      0.91556789	      0.27280115	      8.69636489	     -4.36690544	    -19.74558162	     40.69249000	      0.90589927	      0.71021793	     21.87488208	      5.11694651	     -7.59071940	     25.69128650	     -7.66757008	    -12.30486683	     47.20455051	     -2.59367761	      0.82387483	      5.47249168	    -12.60821370	     -7.59071940	    -21.77608625	      6.80667178	     -6.81819245	     10.50937565	    -16.74057771	     14.69466366	     46.31327606	     90.00000001	      0.00000000	      0.00000000	    -12.13604119	    -12.45119358	      0.29275030	     79.17424029	     90.00000001	      0.00000000	      0.00000000
      2.37000000	      6.52103807	     -1.74720335	      1.82287757	     -0.93145175	      0.91580197	      0.27258445	      8.16077898	     -4.10024827	    -19.29562122	     40.48498530	      0.98814624	      0.70659629	     21.98964309	      4.91646952	     -7.58955570	     24.91114071	     -7.56014396	    -12.13375044	     46.43767732	     -2.71225475	      0.81049037	      5.88101974	    -12.87265206	     -7.58955570	    -21.80154723	      6.75413818	     -6.68579110	     10.42721499	    -16.71150267	     14.70990426	     46.23699777	     90.00000001	      0.00000000	      0.00000000	    -11.95858705	    -12.45531932	      0.38537335	     78.69597604	     90.00000001	      0.00000000	      0.00000000
      2.38000000	      6.70248123	     -1.89474811	      1.56668851	     -0.92790563	      0.91604488	      0.27237146	      7.66284896	     -3.83320662	    -18.83648605	     40.28103192	      1.03775087	      0.70303663	     22.07641914	      4.71306653	     -7.58860860	     24.15840644	     -7.43637677	    -12.03046570	     45.80212855	     -2.90470509	      0.79939795	      6.30289945	    -13.12454757	     -7.58860860	    -21.78399388	      6.67373048	     -6.55665531	     10.31530151	    -16.64262551	     14.69857195	     46.19353966	     90.00000001	      0.00000000	      0.00000000	    -11.84812858	    -12.45548842	      0.43001829	     78.27090363	     90.00000001	      0.00000000	      0.00000000
      2.39000000	      6.71591435	     -2.08827899	      1.32104084	     -0.92442489	      0.91606546	      0.27214252	      7.43560875	     -3.51846180	    -18.55605746	     40.21527049	      0.92750721	      0.70188888	     22.11586713	      4.66106373	     -7.58833278	     23.67509385	     -7.33359751	    -11.92516779	     45.36728028	     -3.19871945	      0.79180841	      6.53519092	    -13.24678295	     -7.58833278	    -21.58724696	      6.64750551	     -6.47972718	     10.15327515	    -16.53647397	     14.71476946	     46.16547823	     90.00000001	      0.00000000	      0.00000000	    -11.93395740	    -12.49362648	      0.42139974	     78.06511490	     90.00000001	      0.00000000	      0.00000000
      2.40000000	      6.96986592	     -2.16940116	      0.97860172	     -0.92084922	      0.91669197	      0.27185162	      6.76094002	     -3.30469765	    -17.49159165	     39.81655101	      1.32353626	      0.69492991	     21.98298877	      3.42274140	     -7.58378199	     22.79200436	     -7.19760244	    -12.07618645	     44.84467260	     -3.42656219	      0.78268719	      7.22568672	    -13.42762766	     -7.58378199	    -21.64973388	      6.48374215	     -6.18698721	      9.95066208	    -16.42644293	     14.20791002	     46.23983759	     90.00000001	      0.00000000	      0.00000000	    -11.45172165	    -12.41688251	      0.53988666	     76.89951907	     90.00000001	      0.00000000	      0.00000000
      2.41000000	      6.99311994	     -2.26602550	      0.70516520	     -0.91732221	      0.91694057	      0.27154165	      6.47647790	     -3.08623416	    -17.19151527	     39.64616301	      1.16083022	      0.69195608	     22.02118352	      3.41304349	     -7.58342718	     22.28211990	     -7.04677320	    -12.10053544	     44.51258576	     -3.68133115	      0.77689118	      7.49005740	    -13.55561629	     -7.58342718	    -21.45767287	      6.34030326	     -6.11715179	      9.77392592	    -16.28414180	     14.21291716	     46.21677914	     90.00000001	      0.00000000	      0.00000000	    -11.57316652	    -12.47781507	      0.50337318	     76.71968937	     90.00000001	      0.00000000	      0.00000000
      2.42000000	      7.25247214	     -2.30321043	      0.40623706	     -0.91375882	      0.91765810	      0.27115543	      5.80542770	     -2.99866659	    -16.66089380	     39.30300840	      1.32275359	      0.68596690	     22.10105812	      3.29069316	     -7.58234446	     21.47627966	     -6.88471931	    -12.40649009	     44.15460652	     -4.00382316	      0.77064326	      8.01503883	    -13.68889455	     -7.58234446	    -21.53761891	      6.11392958	     -5.94953507	      9.65183464	    -16.14511140	     14.05054271	     46.22411365	     90.00000001	      0.00000000	      0.00000000	    -11.43071232	    -12.44312416	      0.43462200	     76.14127341	     90.00000001	      0.00000000	      0.00000000
      2.43000000	      7.32076496	     -2.33189373	      0.06329284	     -0.91030453	      0.91820785	      0.27068965	      5.40939139	     -2.91194293	    -16.22365171	     39.00635472	      1.31968445	      0.68078932	     22.10469962	      3.11840288	     -7.58104791	     20.92259004	     -6.74586822	    -12.74108417	     43.86561449	     -4.28918524	      0.76559940	      8.36900525	    -13.58632323	     -7.58104791	    -21.41808271	      5.91163284	     -5.78795246	      9.43550839	    -15.95935763	     13.79557593	     46.26749149	     90.00000001	      0.00000000	      0.00000000	    -11.32981206	    -12.42142374	      0.34715195	     75.49582011	     90.00000001	      0.00000000	      0.00000000
      2.44000000	      7.22849917	     -2.34596746	     -0.22947067	     -0.90698032	      0.91851752	      0.27024646	      5.25262538	     -2.83763235	    -16.06540423	     38.82063368	      1.12575519	      0.67754788	     22.10248131	      3.10649379	     -7.58084644	     20.63601426	     -6.63939983	    -12.82366043	     43.73485216	     -4.36716565	      0.76331717	      8.48007987	    -13.58626860	     -7.58084644	    -21.13174853	      5.67393853	     -5.69178349	      9.21010629	    -15.75386982	     13.80646998	     46.26249114	     90.00000001	      0.00000000	      0.00000000	    -11.49892525	    -12.49727799	      0.30008988	     75.29874836	     90.00000001	      0.00000000	      0.00000000
      2.45000000	      7.40585187	     -2.28141886	     -0.55102844	     -0.90355121	      0.91945479	      0.26960523	      4.64795128	     -2.89653205	    -15.64759412	     38.38248191	      1.19632413	      0.66990068	     22.07568328	      3.11735279	     -7.57962321	     19.91637723	     -6.49045028	    -13.48258267	     43.32313744	     -4.66395435	      0.75613139	      8.88899813	    -13.40723462	     -7.57962321	    -21.14226425	      5.38315734	     -5.53844154	      8.99571270	    -15.56876995	     13.40335321	     46.36177630	     90.00000001	      0.00000000	      0.00000000	    -11.24940462	    -12.42023069	      0.16484984	     74.38882560	     90.00000001	      0.00000000	      0.00000000
      2.46000000	      7.26145759	     -2.27434697	     -0.82805936	     -0.90042662	      0.91983093	      0.26895248	      4.54299130	     -2.92043619	    -15.60500929	     38.19118142	      1.06042757	      0.66656186	     22.07427123	      3.11855592	     -7.57948185	     19.71571108	     -6.45283367	    -13.60418465	     43.23543148	     -4.61364154	      0.75460063	      8.94389821	    -13.37230479	     -7.57948185	    -20.82207858	      5.16702734	     -5.43188347	      8.82897974	    -15.37805918	     13.40904863	     46.37610086	     90.00000001	      0.00000000	      0.00000000	    -11.38989611	    -12.49441726	      0.11789323	     74.22816777	     90.00000001	      0.00000000	      0.00000000
      2.47000000	      7.11941112	     -2.15532139	     -1.14123092	     -0.89722749	      0.92041295	      0.26835262	      4.35990498	     -3.00666931	    -15.50607634	     37.80107306	      0.86095754	      0.65975319	     22.05274398	      3.17368465	     -7.57925402	     19.39367794	     -6.38495310	    -13.97574541	     42.93580142	     -4.48028115	      0.74937110	      9.08318211	    -13.34591629	     -7.57925402	    -20.51537761	      4.80474484	     -5.36392545	      8.56074238	    -15.13942178	     13.37304285	     46.39893103	     90.00000001	      0.00000000	      0.00000000	    -11.53749202	    -12.58591357	      0.03790253	     73.88026574	     90.00000001	      0.00000000	      0.00000000
      2.48000000	      7.32135536	     -2.01707913	     -1.44885826	     -0.89402574	      0.92157913	      0.26743858	      3.70150695	     -3.24801865	    -15.42232588	     37.29274868	      0.84585255	      0.65088125	     21.98776253	      3.79942048	     -7.57769711	     18.63773266	     -6.24345691	    -15.02430804	     42.41730073	     -4.87993824	      0.74032156	      9.37244918	    -12.63168501	     -7.57769711	    -20.59231453	      4.46962549	     -5.10087807	      8.22134503	    -14.88133038	     12.58522310	     46.65730155	     90.00000001	      0.00000000	      0.00000000	    -11.05214384	    -12.39433931	     -0.20576560	     72.35361800	     90.00000001	      0.00000000	      0.00000000
      2.49000000	      7.08264317	     -1.92473011	     -1.72109786	     -0.89113722	      0.92203364	      0.26662185	      3.65378943	     -3.40272014	    -15.49491814	     36.97375196	      0.71630015	      0.64531371	     21.99568371	      3.86209099	     -7.57749394	     18.48028972	     -6.28944195	    -15.34836615	     42.20978295	     -4.60769053	      0.73669969	      9.45173551	    -12.54844196	     -7.57749394	    -20.22137448	      4.19505220	     -5.03246059	      8.01933005	    -14.65044983	     12.55631865	     46.69611825	     90.00000001	      0.00000000	      0.00000000	    -11.19332154	    -12.46833472	     -0.25692851	     72.15096960	     90.00000001	      0.00000000	      0.00000000
      2.50000000	      6.89329769	     -1.79346826	     -1.97612812	     -0.88830773	      0.92261706	      0.26569125	      3.52858574	     -3.59557096	    -15.55828616	     36.59145700	      0.57865001	      0.63864140	     21.96530238	      4.00789192	     -7.57726926	     18.22104399	     -6.27115412	    -15.77683315	     41.88577243	     -4.39955466	      0.73104464	      9.54721669	    -12.44713768	     -7.57726926	    -19.91665128	      3.88663797	     -4.96607696	      7.79795170	    -14.42494231	     12.49987089	     46.74613596	     90.00000001	      0.00000000	      0.00000000	    -11.31770299	    -12.54607623	     -0.32891671	     71.82132092	     90.00000001	      0.00000000	      0.00000000
      2.51000000	      7.10488995	     -1.56897703	     -2.23338971	     -0.88527206	      0.92385042	      0.26450533	      2.86239862	     -4.03184333	    -15.96195558	     36.06208521	      0.43533731	      0.62940212	     21.91134379	      5.47176018	     -7.57562478	     17.41280769	     -6.08196042	    -17.14509545	     41.24887699	     -4.83824276	      0.71992872	      9.78090407	    -11.22307883	     -7.57562478	    -20.04150918	      3.50933992	     -4.71734651	      7.39480959	    -14.13667493	     11.62382986	     47.12304059	     90.00000001	      0.00000000	      0.00000000	    -10.76824834	    -12.33163222	     -0.58045603	     70.09788271	     90.00000001	      0.00000000	      0.00000000
      2.52000000	      6.79347149	     -1.46692116	     -2.45623237	     -0.88270771	      0.92421957	      0.26345898	      2.89854523	     -4.22816595	    -16.11158286	     35.71871723	      0.32874730	      0.62340922	     21.95128775	      5.57818359	     -7.57539164	     17.33253489	     -6.17166048	    -17.52162792	     41.01180169	     -4.47767397	      0.71579097	      9.87182420	    -11.09116497	     -7.57539164	    -19.64466426	      3.27413269	     -4.65045898	      7.21240267	    -13.91381148	     11.60465731	     47.17992300	     90.00000001	      0.00000000	      0.00000000	    -10.91396543	    -12.41915397	     -0.62906668	     69.92292833	     90.00000001	      0.00000000	      0.00000000
      2.53000000	      6.54069434	     -1.33444113	     -2.66492010	     -0.88012752	      0.92467762	      0.26233268	      2.85918047	     -4.45264443	    -16.24873530	     35.32967907	      0.23074460	      0.61661922	     21.94937026	      5.74394741	     -7.57520880	     17.14715975	     -6.16641137	    -17.96708977	     40.68774439	     -4.20950270	      0.71013510	      9.96256534	    -10.96617993	     -7.57520880	    -19.31059193	      3.01891958	     -4.58405412	      7.01567997	    -13.68874603	     11.58821222	     47.23834118	     90.00000001	      0.00000000	      0.00000000	    -11.06277410	    -12.49618011	     -0.68455559	     69.63930072	     90.00000001	      0.00000000	      0.00000000
      2.54000000	      6.68456871	     -1.10728963	     -2.87135486	     -0.87712451	      0.92557888	      0.26092949	      2.34080004	     -4.97763576	    -17.51663249	     34.92102604	     -0.33925130	      0.60948688	     22.55654588	      9.33522640	     -7.57021686	     16.48108126	     -6.03879467	    -20.05219602	     40.08943094	     -5.04306467	      0.69969257	     11.09542374	     -7.34936067	     -7.57021686	    -19.38288210	      2.69735205	     -4.29037645	      6.38968736	    -13.33234298	     10.10355248	     48.02883586	     90.00000001	      0.00000000	      0.00000000	    -10.43187934	    -12.25004564	     -0.89029904	     67.71831731	     90.00000001	      0.00000000	      0.00000000
      2.55000000	      6.44057197	     -1.00159365	     -3.03910936	     -0.87475622	      0.92591740	      0.25967261	      2.31475716	     -5.20071448	    -17.60845334	     34.59867893	     -0.35468859	      0.60386086	     22.52986780	      9.35409491	     -7.57002816	     16.35333648	     -6.04929263	    -20.38848079	     39.86627840	     -4.73943467	      0.69579782	     11.11824029	     -7.32568843	     -7.57002816	    -19.10597689	      2.50827990	     -4.22741097	      6.26207357	    -13.13367077	     10.16320879	     48.05127660	     90.00000001	      0.00000000	      0.00000000	    -10.57954549	    -12.33789016	     -0.92285665	     67.56820485	     90.00000001	      0.00000000	      0.00000000
      2.56000000	      6.47168600	     -0.77180111	     -3.23341072	     -0.87219555	      0.92669257	      0.25821892	      1.91074921	     -5.62424422	    -17.71676641	     34.13074419	     -0.32542972	      0.59569386	     22.35349242	     10.04682357	     -7.56867191	     15.81137554	     -5.77502299	    -21.30154856	     39.27917117	     -4.90763815	      0.68555086	     11.09639494	     -6.66848257	     -7.56867191	    -19.11984674	      2.18175240	     -4.11818224	      6.06052796	    -13.00499165	     10.23713438	     48.20878659	     90.00000001	      0.00000000	      0.00000000	    -10.38118295	    -12.29807746	     -1.00106592	     66.44641679	     90.00000001	      0.00000000	      0.00000000
      2.57000000	      6.21155094	     -0.68490183	     -3.38605463	     -0.86995556	      0.92690122	      0.25685612	      1.93991454	     -5.81423440	    -17.80702227	     33.83069108	     -0.37328170	      0.59045695	     22.36871241	     10.09225203	     -7.56847805	     15.74449748	     -5.73514482	    -21.57729299	     39.07135829	     -4.65983793	      0.68192385	     11.17580460	     -6.59742614	     -7.56847805	    -18.85005169	      2.03490129	     -4.03937142	      5.95891189	    -12.82189558	     10.30382279	     48.27239830	     90.00000001	      0.00000000	      0.00000000	    -10.52286799	    -12.36017078	     -1.03252508	     66.25169799	     90.00000001	      0.00000000	      0.00000000
      2.58000000	      6.19467031	     -0.51315305	     -3.54431436	     -0.86744600	      0.92736040	      0.25530722	      1.67316814	     -6.17289568	    -18.18851970	     33.51154426	     -0.55534926	      0.58488678	     22.55982882	     11.56447309	     -7.56364890	     15.37738898	     -5.51480296	    -22.73164060	     38.64176784	     -5.09246155	      0.67442608	     11.84185050	     -4.55009919	     -7.56364890	    -18.81680437	      1.82217738	     -3.88539314	      5.58187405	    -12.93818709	     10.73164064	     48.96264333	     90.00000001	      0.00000000	      0.00000000	    -10.12548315	    -12.21083734	     -1.19837120	     64.73499228	     90.00000001	      0.00000000	      0.00000000
      2.59000000	      6.06345739	     -0.38497469	     -3.67684144	     -0.86522383	      0.92763820	      0.25380921	      1.56807133	     -6.42677394	    -18.12793234	     33.24305311	     -0.51883426	      0.58020073	     22.50120365	     11.64993498	     -7.56308535	     15.18336457	     -5.27597595	    -22.97037873	     38.33296579	     -5.03973307	      0.66903647	     11.89682910	     -4.49986546	     -7.56308535	    -18.70242089	      1.65010186	     -3.83329787	      5.52141735	    -12.80014639	     10.85804761	     49.03088229	     90.00000001	      0.00000000	      0.00000000	    -10.23154912	    -12.24405244	     -1.22255731	     64.32627868	     90.00000001	      0.00000000	      0.00000000
      2.60000000	      5.91230713	     -0.31223709	     -3.80867200	     -0.86309636	      0.92775020	      0.25233276	      1.53694573	     -6.60753438	    -18.11674648	     33.06100082	     -0.54072094	      0.57702332	     22.48970488	     11.66994083	     -7.56291795	     15.08916399	     -5.13974601	    -23.11213526	     38.21777217	     -4.90840234	      0.66702596	     11.94069104	     -4.48127100	     -7.56291795	    -18.58973907	      1.54657130	     -3.73896506	      5.45042889	    -12.65885805	     10.94911695	     49.07479394	     90.00000001	      0.00000000	      0.00000000	    -10.36226896	    -12.27276490	     -1.24152213	     64.08446954	     90.00000001	      0.00000000	      0.00000000
      2.61000000	      5.90141379	     -0.13299580	     -3.94440163	     -0.86092666	      0.92806720	      0.25066159	      1.33884761	     -6.97728905	    -17.89794420	     32.88748877	     -0.37375473	      0.57399496	     22.42547794	     11.86537382	     -7.56194561	     14.77518168	     -4.72070043	    -23.33855800	     37.82783553	     -5.00319166	      0.66022028	     12.07313234	     -4.33055913	     -7.56194561	    -18.61687538	      1.34688053	     -3.65435787	      5.36690232	    -12.67705160	     11.34036620	     49.29083100	     90.00000001	      0.00000000	      0.00000000	    -10.08961769	    -12.18168358	     -1.30295780	     62.85015910	     90.00000001	      0.00000000	      0.00000000
      2.62000000	      5.75716055	     -0.06500225	     -4.06587693	     -0.85887544	      0.92808655	      0.24914758	      1.34560086	     -7.12718981	    -17.79516418	     32.75922256	     -0.41380672	      0.57175629	     22.42462981	     11.89813781	     -7.56132413	     14.70942875	     -4.48802453	    -23.41399067	     37.66955047	     -5.01157554	      0.65745768	     12.20091667	     -4.28820770	     -7.56132413	    -18.51520225	      1.26185930	     -3.55425732	      5.31750442	    -12.62305813	     11.64014807	     49.46172376	     90.00000001	      0.00000000	      0.00000000	    -10.08272666	    -12.17686758	     -1.35744887	     62.18581945	     90.00000001	      0.00000000	      0.00000000
      2.63000000	      5.67099651	     -0.07272857	     -4.14823778	     -0.85691623	      0.92805151	      0.24758744	      1.32237889	     -7.21770358	    -17.75945005	     32.72709991	     -0.46497063	      0.57119565	     22.41992091	     11.89301529	     -7.56125478	     14.66295376	     -4.36400731	    -23.40940792	     37.68796270	     -4.99617518	      0.65777904	     12.22138824	     -4.28300390	     -7.56125478	    -18.50518569	      1.27586441	     -3.43650428	      5.30594893	    -12.54140544	     11.70426863	     49.49066713	     90.00000001	      0.00000000	      0.00000000	    -10.19151798	    -12.18025202	     -1.36541919	     62.05623886	     90.00000001	      0.00000000	      0.00000000
      2.64000000	      5.59630665	     -0.04175723	     -4.26544911	     -0.85494587	      0.92799249	      0.24611105	      1.30246246	     -7.33603422	    -17.67527327	     32.69494072	     -0.53198735	      0.57063436	     22.40555943	     11.88826782	     -7.56116401	     14.59626500	     -4.16797357	    -23.39354309	     37.67048536	     -5.00292710	      0.65747400	     12.28330011	     -4.29640541	     -7.56116401	    -18.51014305	      1.22666561	     -3.30671516	      5.30257917	    -12.42513190	     11.80667717	     49.54107487	     90.00000001	      0.00000000	      0.00000000	    -10.35047906	    -12.19069335	     -1.37713088	     61.81526382	     90.00000001	      0.00000000	      0.00000000
      2.65000000	      5.54214984	      0.18130772	     -4.43906869	     -0.85300249	      0.92802254	      0.24449151	      1.32751747	     -7.77657887	    -17.29022507	     32.82381690	     -0.30523014	      0.57288368	     22.34848326	     11.79124213	     -7.56042426	     14.38586631	     -3.61523608	    -23.33894473	     37.30206300	     -5.06118726	      0.65104382	     12.68578001	     -4.56378612	     -7.56042426	    -18.49662490	      0.97593257	     -3.28104491	      5.36824267	    -12.46593289	     12.47609077	     49.75982930	     90.00000001	      0.00000000	      0.00000000	    -10.08478427	    -12.11114296	     -1.45509798	     60.29205394	     90.00000001	      0.00000000	      0.00000000
      2.66000000	      5.38038143	      0.16815570	     -4.54298376	     -0.85127050	      0.92781449	      0.24296540	      1.49472449	     -7.81124667	    -17.00553287	     32.94321679	     -0.32950012	      0.57496760	     22.30342231	     11.33001067	     -7.55878168	     14.46861226	     -3.45797574	    -23.10822884	     37.37095287	     -4.97499500	      0.65224617	     12.67236648	     -5.07706620	     -7.55878168	    -18.40755187	      1.00874589	     -3.04922100	      5.33197283	    -12.84754621	     13.73793421	     49.98862189	     90.00000001	      0.00000000	      0.00000000	     -9.57429787	    -11.83202949	     -1.62763567	     58.47837171	     90.00000001	      0.00000000	      0.00000000
      2.67000000	      5.33388154	      0.12790572	     -4.62182644	     -0.84947502	      0.92772960	      0.24149931	      1.48754280	     -7.85099504	    -16.95894387	     32.97335764	     -0.39150382	      0.57549366	     22.28420865	     11.31559501	     -7.55871538	     14.42044470	     -3.33638376	    -23.05927717	     37.41066897	     -5.01326871	      0.65293935	     12.68257231	     -5.09003689	     -7.55871538	    -18.45599078	      1.04017319	     -2.91208361	      5.36583978	    -12.76946391	     13.79454414	     50.01935136	     90.00000001	      0.00000000	      0.00000000	     -9.72974972	    -11.83940174	     -1.63797653	     58.39407865	     90.00000001	      0.00000000	      0.00000000
      2.68000000	      5.28565187	      0.23704654	     -4.78581914	     -0.84777565	      0.92756658	      0.24004569	      1.64689593	     -8.11291216	    -16.73031606	     33.32982480	     -0.39625963	      0.58171518	     22.12606075	     11.05234618	     -7.55787750	     14.32572795	     -2.99194281	    -22.96812932	     37.31448815	     -5.02718431	      0.65126068	     12.94749172	     -5.52807933	     -7.55787750	    -18.50557790	      0.89267636	     -2.90010640	      5.52816878	    -12.78861411	     14.37805780	     50.06395827	     90.00000001	      0.00000000	      0.00000000	     -9.80865788	    -11.77915719	     -1.73564473	     57.67487618	     90.00000001	      0.00000000	      0.00000000
      2.69000000	      5.13597196	      0.22010786	     -4.88478326	     -0.84617285	      0.92736069	      0.23861487	      1.85093056	     -8.17352160	    -16.53067207	     33.54109143	     -0.39541020	      0.58540248	     21.99210145	     10.57003550	     -7.55622153	     14.39689619	     -2.82738317	    -22.72047381	     37.34778762	     -4.97096349	      0.65184186	     12.91475059	     -6.15943435	     -7.55622153	    -18.42639373	      0.90939830	     -2.74749968	      5.72322751	    -12.97283542	     15.37894074	     49.95727768	     90.00000001	      0.00000000	      0.00000000	     -9.64578358	    -11.61930892	     -1.94895221	     56.64535604	     90.00000001	      0.00000000	      0.00000000
      2.70000000	      5.08540560	      0.21250958	     -4.99973061	     -0.84455456	      0.92723599	      0.23722986	      1.97674985	     -8.27199145	    -16.43392997	     33.80835271	     -0.45160553	      0.59006707	     21.84565818	     10.35219519	     -7.55509293	     14.33080113	     -2.67135005	    -22.66355094	     37.33348306	     -4.96940431	      0.65159220	     12.98058045	     -6.48438163	     -7.55509293	    -18.48094180	      0.89458570	     -2.64960910	      5.89707178	    -12.97784798	     15.81829864	     49.92497208	     90.00000001	      0.00000000	      0.00000000	     -9.77546448	    -11.55558485	     -2.07977811	     56.22419765	     90.00000001	      0.00000000	      0.00000000
      2.71000000	      5.02466908	      0.18791643	     -5.11247740	     -0.84299548	      0.92714087	      0.23589015	      2.13865177	     -8.34877115	    -16.39069148	     34.10586206	     -0.55195925	      0.59525959	     21.72146220	     10.22269945	     -7.55441706	     14.28302523	     -2.56624519	    -22.66800499	     37.33149162	     -4.97079567	      0.65155744	     13.07390245	     -6.66040941	     -7.55441706	    -18.52731140	      0.89636041	     -2.54605827	      6.06188269	    -12.93877167	     16.08012928	     49.84831599	     90.00000001	      0.00000000	      0.00000000	     -9.90798209	    -11.50605845	     -2.14890055	     55.81823868	     90.00000001	      0.00000000	      0.00000000
      2.72000000	      4.91078473	      0.15662063	     -5.22620992	     -0.84147882	      0.92701213	      0.23456349	      2.36713307	     -8.41754839	    -16.33077360	     34.41844023	     -0.62348018	      0.60071511	     21.52753542	      9.98295403	     -7.55287620	     14.28623747	     -2.46874159	    -22.65788655	     37.31108693	     -4.96935851	      0.65120131	     13.12938115	     -6.89878631	     -7.55287620	    -18.49217578	      0.90651452	     -2.44311882	      6.33636077	    -12.94078572	     16.61623594	     49.54397981	     90.00000001	      0.00000000	      0.00000000	     -9.89630286	    -11.38361764	     -2.33033752	     55.05169490	     90.00000001	      0.00000000	      0.00000000
      2.73000000	      4.88267060	      0.10646603	     -5.34065143	     -0.83997999	      0.92703852	      0.23331144	      2.50636104	     -8.47425043	    -16.33785412	     34.74528579	     -0.73147348	      0.60641964	     21.39254818	      9.92519663	     -7.55255337	     14.16646048	     -2.42984951	    -22.74958393	     37.25670968	     -4.94989557	      0.65025225	     13.22753310	     -6.96544671	     -7.55255337	    -18.56785543	      0.91787221	     -2.33218720	      6.52188223	    -12.86873984	     16.70577967	     49.52798093	     90.00000001	      0.00000000	      0.00000000	    -10.08449978	    -11.36664206	     -2.36531522	     54.82318831	     90.00000001	      0.00000000	      0.00000000
      2.74000000	      4.79684253	      0.10643497	     -5.44970540	     -0.83849165	      0.92699931	      0.23201119	      2.75739626	     -8.61507068	    -16.40548221	     35.15010001	     -0.85496343	      0.61348498	     21.13332670	      9.82347057	     -7.55199538	     14.11890213	     -2.31672431	    -22.89189633	     37.18776841	     -4.99862346	      0.64904900	     13.36744502	     -7.01013919	     -7.55199538	    -18.56649512	      0.88464202	     -2.22590480	      6.70308446	    -12.81261220	     16.88608380	     49.32216375	     90.00000001	      0.00000000	      0.00000000	    -10.22886986	    -11.30496998	     -2.43186123	     54.39180448	     90.00000001	      0.00000000	      0.00000000
      2.75000000	      4.75608434	      0.00584524	     -5.53516811	     -0.83701308	      0.92713484	      0.23077248	      2.84910895	     -8.61203936	    -16.40371060	     35.35700688	     -0.91818466	      0.61709618	     21.05119258	      9.80631069	     -7.55188730	     14.01143304	     -2.32635000	    -22.91404205	     37.13683817	     -4.99934276	      0.64816010	     13.39103055	     -7.00529704	     -7.55188730	    -18.62842710	      0.95256933	     -2.07809994	      6.80888651	    -12.77197390	     16.91807755	     49.29565816	     90.00000001	      0.00000000	      0.00000000	    -10.49377681	    -11.27155088	     -2.43815929	     54.20520246	     90.00000001	      0.00000000	      0.00000000
      2.76000000	      4.71617141	     -0.05916569	     -5.64234689	     -0.83558688	      0.92728207	      0.22958158	      3.07618052	     -8.65190422	    -16.40762324	     35.80350204	     -1.07322783	      0.62488899	     20.81478848	      9.77020878	     -7.55169994	     13.83605252	     -2.35301016	    -23.09480548	     36.97505138	     -4.90642928	      0.64533639	     13.47712082	     -7.00219008	     -7.55169994	    -18.68409102	      0.96818935	     -2.03198208	      7.01950800	    -12.72440497	     16.96984199	     49.20779740	     90.00000001	      0.00000000	      0.00000000	    -10.71132688	    -11.22549087	     -2.45266941	     53.91524157	     90.00000001	      0.00000000	      0.00000000
      2.77000000	      4.56536512	      0.02026519	     -5.73437958	     -0.83418491	      0.92734755	      0.22828296	      3.47241103	     -8.92288311	    -16.54766068	     36.33265048	     -1.19402939	      0.63412438	     20.20466262	      9.60571451	     -7.55088273	     13.83099839	     -2.16788800	    -23.43576123	     36.78778986	     -5.03174367	      0.64206806	     13.64215477	     -6.74715645	     -7.55088273	    -18.56338077	      0.84867386	     -1.96407260	      7.34004832	    -12.60778782	     17.22266780	     48.56008765	     90.00000001	      0.00000000	      0.00000000	    -10.70365366	    -11.12198861	     -2.60344087	     53.15988519	     90.00000001	      0.00000000	      0.00000000
      2.78000000	      4.53863872	     -0.09035170	     -5.81157683	     -0.83278750	      0.92767165	      0.22712872	      3.62989112	     -8.89114436	    -16.48108929	     36.66582477	     -1.30880858	      0.63993937	     20.02759262	      9.57392191	     -7.55063011	     13.62691909	     -2.25732717	    -23.57565513	     36.61548523	     -4.90915619	      0.63906077	     13.67919175	     -6.64478464	     -7.55063011	    -18.63102268	      0.90941061	     -1.90804933	      7.54029354	    -12.56011148	     17.25077712	     48.45356530	     90.00000001	      0.00000000	      0.00000000	    -10.93921347	    -11.06870524	     -2.64015156	     52.90808355	     90.00000001	      0.00000000	      0.00000000
      2.79000000	      4.46606051	     -0.12536660	     -5.90191167	     -0.83133438	      0.92799810	      0.22597651	      3.86383920	     -8.97838685	    -16.31060301	     37.06196517	     -1.31411807	      0.64685332	     19.47624341	      9.08859319	     -7.54773381	     13.48252980	     -2.26990739	    -24.11223633	     36.39057397	     -5.06142251	      0.63513533	     14.01623868	     -5.57964927	     -7.54773381	    -18.59555582	      0.88493521	     -1.87948984	      7.98925672	    -12.36139232	     17.38492196	     47.46382563	     90.00000001	      0.00000000	      0.00000000	    -11.01374506	    -10.84782006	     -3.17149955	     52.13221844	     90.00000001	      0.00000000	      0.00000000
      2.80000000	      4.43468310	     -0.25008315	     -5.92837315	     -0.82988744	      0.92842342	      0.22477745	      3.99687614	     -8.95017690	    -16.25952468	     37.37726796	     -1.38851624	      0.65235639	     19.31794738	      9.09870622	     -7.54761401	     13.27782973	     -2.35870296	    -24.19025296	     36.20389818	     -4.94688546	      0.63187723	     14.01986712	     -5.54774428	     -7.54761401	    -18.63676952	      0.97914391	     -1.82217405	      8.07428324	    -12.37430660	     17.35809611	     47.47753421	     90.00000001	      0.00000000	      0.00000000	    -11.33472011	    -10.79059596	     -3.16088899	     51.99467302	     90.00000001	      0.00000000	      0.00000000
      2.81000000	      4.39622238	     -0.20208887	     -6.01308037	     -0.82852002	      0.92886940	      0.22364015	      4.29286736	     -9.16772807	    -16.18654074	     37.91425984	     -1.46174762	      0.66172867	     18.64607365	      9.02063069	     -7.54707015	     13.01652318	     -2.23254843	    -24.41347877	     35.82095944	     -4.87504663	      0.62519368	     14.05081782	     -5.28062224	     -7.54707015	    -18.64158320	      0.85108383	     -1.78702470	      8.24659316	    -12.30869573	     17.31738965	     47.34843178	     90.00000001	      0.00000000	      0.00000000	    -11.53830498	    -10.76949398	     -3.19993251	     51.78884634	     90.00000001	      0.00000000	      0.00000000
      2.82000000	      4.36782729	     -0.35218596	     -5.99908672	     -0.82705321	      0.92940388	      0.22247809	      4.42507028	     -9.09348378	    -16.08650218	     38.24212223	     -1.52874427	      0.66745095	     18.47235945	      9.01292401	     -7.54695477	     12.78509672	     -2.35757099	    -24.49903372	     35.60152232	     -4.75268239	      0.62136378	     14.05162594	     -5.21059339	     -7.54695477	    -18.67275966	      0.96737824	     -1.77942183	      8.31799676	    -12.34690455	     17.27568200	     47.32389762	     90.00000001	      0.00000000	      0.00000000	    -11.86548349	    -10.73607029	     -3.19551932	     51.62960848	     90.00000001	      0.00000000	      0.00000000
      2.83000000	      4.33774213	     -0.36315056	     -6.09916681	     -0.82566966	      0.92999608	      0.22142530	      4.68061257	     -9.18986644	    -15.52209625	     38.72627876	     -1.37484302	      0.67590107	     17.47831628	      7.94027294	     -7.54423638	     12.49825594	     -2.36147007	    -25.09678306	     35.19431834	     -4.81811996	      0.61425673	     14.34965368	     -3.84468882	     -7.54423638	    -18.66829351	      0.89544619	     -1.75185450	      8.66192225	    -12.09072175	     16.93442933	     46.68513723	     90.00000001	      0.00000000	      0.00000000	    -12.03171525	    -10.62179281	     -3.36615839	     51.21290920	     90.00000001	      0.00000000	      0.00000000
      2.84000000	      4.32518737	     -0.51447947	     -6.05445093	     -0.82421753	      0.93061150	      0.22031866	      4.81497341	     -9.10435334	    -15.38856394	     39.08757445	     -1.43219292	      0.68220687	     17.29322580	      7.96731113	     -7.54412408	     12.23549526	     -2.48884075	    -25.15782916	     34.94618433	     -4.67906670	      0.60992598	     14.34264522	     -3.79862180	     -7.54412408	    -18.70691891	      1.00709079	     -1.77906841	      8.69213943	    -12.16459652	     16.88534088	     46.69161322	     90.00000001	      0.00000000	      0.00000000	    -12.35419034	    -10.61561123	     -3.36404418	     51.07982205	     90.00000001	      0.00000000	      0.00000000
      2.85000000	      4.34397169	     -0.48698252	     -6.10831229	     -0.82280788	      0.93129995	      0.21924854	      5.03802093	     -9.28898288	    -15.07653782	     39.61175685	     -1.38052678	      0.69135558	     16.53027957	      7.84117454	     -7.54365545	     11.84286246	     -2.36728725	    -25.26702637	     34.44605526	     -4.51801891	      0.60119708	     14.32524062	     -3.47771700	     -7.54365545	    -18.74836102	      0.88621118	     -1.75801056	      8.82201663	    -12.13661957	     16.80473806	     46.70323769	     90.00000001	      0.00000000	      0.00000000	    -12.60054673	    -10.60432056	     -3.35824129	     50.95229617	     90.00000001	      0.00000000	      0.00000000
      2.86000000	      4.33975530	     -0.66297183	     -6.02979790	     -0.82133777	      0.93197350	      0.21816851	      5.16347254	     -9.17350607	    -14.90690755	     39.98581081	     -1.40894488	      0.69788405	     16.30925639	      7.81235181	     -7.54354446	     11.57002473	     -2.51899724	    -25.33057358	     34.18799194	     -4.39916998	      0.59669302	     14.31862734	     -3.39541452	     -7.54354446	    -18.77896569	      1.02665190	     -1.82145423	      8.84154664	    -12.22680222	     16.74467049	     46.69675396	     90.00000001	      0.00000000	      0.00000000	    -12.93007562	    -10.58698426	     -3.34707659	     50.81203683	     90.00000001	      0.00000000	      0.00000000
      2.87000000	      4.38444109	     -0.64492928	     -6.07230679	     -0.81991918	      0.93275117	      0.21713710	      5.35093297	     -9.33990258	    -14.40492697	     40.50341125	     -1.23144493	      0.70691788	     15.33620754	      7.36867663	     -7.54301850	     11.13097926	     -2.40034350	    -25.45940299	     33.64493145	     -4.25333213	      0.58721483	     14.32329029	     -2.88379271	     -7.54301850	    -18.83309576	      0.91385937	     -1.80303516	      8.96264392	    -12.20489515	     16.63271802	     46.71058086	     90.00000001	      0.00000000	      0.00000000	    -13.17981048	    -10.58856696	     -3.32002821	     50.68035978	     90.00000001	      0.00000000	      0.00000000
      2.88000000	      4.38214155	     -0.84035241	     -6.06885721	     -0.81852379	      0.93350092	      0.21621099	      5.48826162	     -9.13923736	    -13.38858400	     40.89603762	     -0.78905312	      0.71377051	     14.26628235	      5.23582528	     -7.54097532	     10.83555050	     -2.64075695	    -25.96167452	     33.34576443	     -4.27484479	      0.58199338	     14.57579906	     -1.64518096	     -7.54097532	    -18.86033361	      1.04794887	     -1.78073674	      9.01806919	    -12.20949095	     16.30748478	     46.71353624	     90.00000001	      0.00000000	      0.00000000	    -13.45644333	    -10.58831267	     -3.20229759	     50.51941604	     90.00000001	      0.00000000	      0.00000000
      2.89000000	      4.42030045	     -0.93190174	     -6.01670345	     -0.81706961	      0.93423550	      0.21519262	      5.62842546	     -9.15244752	    -13.03636365	     41.35791456	     -0.67804344	      0.72183178	     13.74752856	      5.12461027	     -7.54043191	     10.46922755	     -2.65626284	    -25.99181573	     32.95631474	     -4.13992290	      0.57519620	     14.59816619	     -1.42943958	     -7.54043191	    -18.91253430	      1.07467704	     -1.82427357	      9.05063674	    -12.28866346	     16.23745231	     46.76563310	     90.00000001	      0.00000000	      0.00000000	    -13.73464499	    -10.58408180	     -3.16858811	     50.40279940	     90.00000001	      0.00000000	      0.00000000
      2.90000000	      4.44864647	     -1.12109420	     -5.91055863	     -0.81558607	      0.93493622	      0.21423737	      5.73455924	     -9.02791045	    -12.84796267	     41.77492673	     -0.65973188	      0.72911002	     13.49755714	      5.11094893	     -7.54031646	     10.16779540	     -2.82261498	    -26.02010501	     32.70779595	     -4.03193104	      0.57085873	     14.59352686	     -1.36088829	     -7.54031646	    -18.94595195	      1.21312984	     -1.90073154	      9.05206064	    -12.39901187	     16.18438594	     46.78159713	     90.00000001	      0.00000000	      0.00000000	    -14.04573588	    -10.59007450	     -3.15720123	     50.27613969	     90.00000001	      0.00000000	      0.00000000
      2.91000000	      4.53327998	     -1.16149853	     -5.89831603	     -0.81418294	      0.93574598	      0.21331531	      5.86955780	     -9.12492781	    -12.36780287	     42.27925020	     -0.43146903	      0.73791212	     12.56852374	      4.75668144	     -7.53988345	      9.70591867	     -2.76703752	    -26.05324378	     32.21366750	     -3.85444839	      0.56223456	     14.60302358	     -1.00645945	     -7.53988345	    -19.04800684	      1.16311776	     -1.90785975	      9.10232452	    -12.46453507	     16.12931975	     46.92533325	     90.00000001	      0.00000000	      0.00000000	    -14.30457105	    -10.60805825	     -3.10504614	     50.19024027	     90.00000001	      0.00000000	      0.00000000
      2.92000000	      4.57685673	     -1.37642204	     -5.78638288	     -0.81269169	      0.93643275	      0.21241491	      5.96139628	     -8.98623341	    -12.16686117	     42.72236258	     -0.35809050	      0.74564589	     12.25722886	      4.63917095	     -7.53975176	      9.39524175	     -2.95903546	    -26.08405003	     31.97540173	     -3.76813529	      0.55807604	     14.60332850	     -0.90401625	     -7.53975176	    -19.07999423	      1.33109918	     -1.98257764	      9.10357236	    -12.59677276	     16.07322101	     46.96333477	     90.00000001	      0.00000000	      0.00000000	    -14.61425045	    -10.61189896	     -3.08333144	     50.07127235	     90.00000001	      0.00000000	      0.00000000
      2.93000000	      4.66848719	     -1.46999973	     -5.72484186	     -0.81131938	      0.93725388	      0.21149243	      6.02359425	     -8.98934302	    -11.30529919	     43.14909147	      0.17325129	      0.75309372	     10.73928817	      2.98450747	     -7.53869655	      8.97340569	     -2.96722270	    -26.25884937	     31.51960024	     -3.72667601	      0.55012080	     14.70719116	     -0.09970187	     -7.53869655	    -19.18775797	      1.34343093	     -1.96929383	      9.00737284	    -12.78701829	     16.03115338	     47.32823264	     90.00000001	      0.00000000	      0.00000000	    -14.85719171	    -10.65988718	     -2.91230033	     50.05481821	     90.00000001	      0.00000000	      0.00000000
      2.94000000	      4.70832666	     -1.70002774	     -5.60064355	     -0.80982717	      0.93787292	      0.21068189	      6.11637802	     -8.82333311	    -11.17010548	     43.58041590	      0.23609720	      0.76062175	     10.57761656	      2.93726017	     -7.53861119	      8.69922080	     -3.19038728	    -26.29251852	     31.36160461	     -3.64534682	      0.54736326	     14.71576018	     -0.05734026	     -7.53861119	    -19.21427248	      1.52687491	     -2.05076592	      8.97163917	    -12.92611120	     15.98524518	     47.32493182	     90.00000001	      0.00000000	      0.00000000	    -15.14289871	    -10.68724050	     -2.90561822	     49.93640764	     90.00000001	      0.00000000	      0.00000000
      2.95000000	      4.78438790	     -1.87331008	     -5.61720979	     -0.80851948	      0.93860037	      0.20999608	      6.23417919	     -8.70010667	    -10.10113697	     44.06672011	      0.86446940	      0.76910936	      9.04967144	      0.56217448	     -7.53672610	      8.31379657	     -3.39330128	    -26.62744410	     31.05917596	     -3.55358635	      0.54208488	     14.94764104	      0.93002674	     -7.53672610	    -19.30121227	      1.61396084	     -1.94497087	      8.92784846	    -13.15489986	     16.08010656	     47.81714644	     90.00000001	      0.00000000	      0.00000000	    -15.38880526	    -10.74817591	     -2.62411872	     49.91118572	     90.00000001	      0.00000000	      0.00000000
      2.96000000	      4.83993870	     -2.08079461	     -5.49908816	     -0.80707003	      0.93919123	      0.20922398	      6.31260400	     -8.59304112	     -9.99731009	     44.49987898	      0.96801413	      0.77666940	      8.83397404	      0.60066188	     -7.53662990	      8.03961720	     -3.57514110	    -26.62563448	     30.88700010	     -3.49686298	      0.53907985	     14.95554469	      0.96383259	     -7.53662990	    -19.33429730	      1.76818351	     -1.99444502	      8.89800802	    -13.28989367	     16.03994337	     47.79809279	     90.00000001	      0.00000000	      0.00000000	    -15.65467221	    -10.76961546	     -2.62217229	     49.80112136	     90.00000001	      0.00000000	      0.00000000
      2.97000000	      4.91639417	     -2.28209243	     -5.39411349	     -0.80566301	      0.93980126	      0.20851693	      6.40411993	     -8.49633578	     -9.88306788	     44.99747363	      1.09534188	      0.78535407	      8.50117668	      0.62910477	     -7.53654147	      7.71984385	     -3.75537606	    -26.62876514	     30.67808835	     -3.39227895	      0.53543365	     14.96698677	      1.02002511	     -7.53654147	    -19.40055143	      1.91230390	     -2.03360438	      8.87720237	    -13.43184939	     15.99784439	     47.79389397	     90.00000001	      0.00000000	      0.00000000	    -15.93437151	    -10.78428020	     -2.61796400	     49.69218374	     90.00000001	      0.00000000	      0.00000000
      2.98000000	      5.04771750	     -2.36010712	     -5.40986182	     -0.80429600	      0.94046867	      0.20787059	      6.51724225	     -8.58834101	     -9.62558307	     45.53567558	      1.28403803	      0.79474747	      7.50969346	      0.44379028	     -7.53624216	      7.24961347	     -3.78552367	    -26.63393811	     30.31452516	     -3.18240181	      0.52908828	     15.03342101	      1.25441834	     -7.53624216	    -19.51965905	      1.89599070	     -1.98241540	      8.92554167	    -13.53856185	     15.99357987	     47.90640659	     90.00000001	      0.00000000	      0.00000000	    -16.14317281	    -10.78925343	     -2.59246406	     49.65211064	     90.00000001	      0.00000000	      0.00000000
      2.99000000	      5.13934299	     -2.59851955	     -5.35251305	     -0.80293236	      0.94110493	      0.20728750	      6.55626939	     -8.41195879	     -9.01538519	     45.92374379	      1.76759288	      0.80152053	      6.07916846	     -1.56204060	     -7.53458285	      6.92454518	     -4.03685769	    -26.83730813	     30.13415429	     -3.16987737	      0.52594021	     15.21667646	      1.98951830	     -7.53458285	    -19.60257930	      2.06201131	     -1.91088830	      8.80807031	    -13.81629094	     16.13980077	     48.26088317	     90.00000001	      0.00000000	      0.00000000	    -16.42677992	    -10.80970207	     -2.48786515	     49.71631665	     90.00000001	      0.00000000	      0.00000000
      3.00000000	      5.19721618	     -2.82277644	     -5.24901710	     -0.80152019	      0.94162036	      0.20669906	      6.62845250	     -8.30133772	     -8.99226029	     46.33061463	      1.91596077	      0.80862177	      5.91448996	     -1.53677944	     -7.53451059	      6.67783721	     -4.24043476	    -26.82356449	     30.01095770	     -3.15128885	      0.52379002	     15.22255744	      2.00573630	     -7.53451059	    -19.63340360	      2.23611356	     -1.91335236	      8.74548983	    -13.95912404	     16.10240284	     48.21535459	     90.00000001	      0.00000000	      0.00000000	    -16.68359021	    -10.83826564	     -2.49836478	     49.61402884	     90.00000001	      0.00000000	      0.00000000
      3.01000000	      5.32667669	     -2.94430652	     -5.28733548	     -0.80016173	      0.94220140	      0.20622592	      6.74066026	     -8.33161837	     -8.84287081	     46.86042270	      2.06684604	      0.81786866	      5.06370040	     -1.71326165	     -7.53414247	      6.24048858	     -4.33917878	    -26.83166855	     29.72540484	     -2.94051926	      0.51880619	     15.31858322	      2.15906034	     -7.53414247	    -19.73874000	      2.25961633	     -1.79568635	      8.77921975	    -14.08355341	     16.09714881	     48.23724281	     90.00000001	      0.00000000	      0.00000000	    -16.88833222	    -10.81799482	     -2.50851523	     49.57759103	     90.00000001	      0.00000000	      0.00000000
      3.02000000	      5.43547356	     -3.16150367	     -5.26175115	     -0.79880704	      0.94276602	      0.20572396	      6.79456689	     -8.22069643	     -8.68443068	     47.24770335	      2.27902079	      0.82462799	      4.09151142	     -2.62148307	     -7.53323407	      5.89559943	     -4.54537406	    -26.84995583	     29.55556112	     -2.85604397	      0.51584185	     15.42326557	      2.42908293	     -7.53323407	    -19.84041295	      2.41484639	     -1.74122732	      8.74933330	    -14.25169802	     16.12499708	     48.28785301	     90.00000001	      0.00000000	      0.00000000	    -17.14712259	    -10.77854633	     -2.56806524	     49.59798303	     90.00000001	      0.00000000	      0.00000000
      3.03000000	      5.49201699	     -3.38603596	     -5.21721490	     -0.79741503	      0.94321334	      0.20529100	      6.88711495	     -8.12159307	     -8.70968394	     47.62459337	      2.43689875	      0.83120596	      3.95631476	     -2.64852962	     -7.53313360	      5.65620265	     -4.76078084	    -26.82972973	     29.46767083	     -2.81932564	      0.51430788	     15.42634019	      2.44566584	     -7.53313360	    -19.86169612	      2.58702492	     -1.67295441	      8.69698161	    -14.38823548	     16.08674434	     48.24828422	     90.00000001	      0.00000000	      0.00000000	    -17.41075113	    -10.77009761	     -2.57903645	     49.51345430	     90.00000001	      0.00000000	      0.00000000
      3.04000000	      5.56760224	     -3.59217241	     -5.22461993	     -0.79605782	      0.94365898	      0.20491068	      6.99545017	     -8.04734780	     -8.73683614	     48.00574486	      2.56128052	      0.83785831	      3.74612001	     -2.68847601	     -7.53304594	      5.37494031	     -4.95948151	    -26.81553714	     29.35769876	     -2.73775978	      0.51238850	     15.44781479	      2.46557140	     -7.53304594	    -19.90855361	      2.73437266	     -1.56648493	      8.66665599	    -14.51402972	     16.05144763	     48.21086703	     90.00000001	      0.00000000	      0.00000000	    -17.66168387	    -10.73734851	     -2.58894495	     49.44193034	     90.00000001	      0.00000000	      0.00000000
      3.05000000	      5.69129411	     -3.79926988	     -5.31642458	     -0.79477146	      0.94423842	      0.20469807	      7.08154589	     -7.88670307	     -8.36325585	     48.32725102	      2.84833934	      0.84346965	      2.22398010	     -4.67132156	     -7.53146338	      4.95730001	     -5.18995208	    -26.85406900	     29.15055271	     -2.52630114	      0.50877312	     15.66343329	      2.75393527	     -7.53146338	    -20.03883218	      2.84276081	     -1.38716783	      8.70578759	    -14.65557404	     16.10226402	     48.15628076	     90.00000001	      0.00000000	      0.00000000	    -17.90097328	    -10.56510525	     -2.95257475	     49.61496017	     90.00000001	      0.00000000	      0.00000000
      3.06000000	      5.73909101	     -3.99512324	     -5.34556124	     -0.79341590	      0.94463941	      0.20437560	      7.20048628	     -7.83181407	     -8.44078888	     48.58613509	      3.00493250	      0.84798803	      2.13636498	     -4.67035768	     -7.53137741	      4.72906649	     -5.35684324	    -26.83028311	     29.06788389	     -2.50403510	      0.50733028	     15.67426103	      2.75297111	     -7.53137741	    -20.05437633	      2.98940488	     -1.26821830	      8.66773902	    -14.77564555	     16.06767991	     48.11144980	     90.00000001	      0.00000000	      0.00000000	    -18.13866979	    -10.53086927	     -2.96218075	     49.53818459	     90.00000001	      0.00000000	      0.00000000
      3.07000000	      5.86111182	     -4.17380587	     -5.48009300	     -0.79207315	      0.94512240	      0.20421065	      7.31782925	     -7.75632591	     -8.50460444	     48.86456042	      3.01240400	      0.85284747	      1.67012352	     -4.92521715	     -7.53105776	      4.30246606	     -5.52525572	    -26.83802077	     28.83259837	     -2.30923930	      0.50322377	     15.81085312	      2.73618479	     -7.53105776	    -20.16770127	      3.07453349	     -1.03416408	      8.65977032	    -14.92347247	     16.04208889	     47.99346100	     90.00000001	      0.00000000	      0.00000000	    -18.29569324	    -10.41876725	     -3.05851118	     49.52848337	     90.00000001	      0.00000000	      0.00000000
      3.08000000	      5.89479886	     -4.33881206	     -5.54227626	     -0.79073350	      0.94547157	      0.20396868	      7.45726496	     -7.73448878	     -8.63063888	     48.98161157	      3.15236008	      0.85489039	      1.61610584	     -4.95960991	     -7.53098505	      4.10914247	     -5.64894892	    -26.79396343	     28.79069863	     -2.31158148	      0.50249249	     15.81506258	      2.73560558	     -7.53098505	    -20.17551498	      3.19128298	     -0.88610341	      8.64367395	    -14.99463770	     16.01856880	     47.96643406	     90.00000001	      0.00000000	      0.00000000	    -18.53620950	    -10.36549823	     -3.06957995	     49.46370742	     90.00000001	      0.00000000	      0.00000000
      3.09000000	      5.93780018	     -4.50626381	     -5.64918831	     -0.78942050	      0.94582070	      0.20380705	      7.63260582	     -7.69119756	     -8.76374034	     49.08866175	      3.24945745	      0.85675877	      1.54605308	     -5.02572993	     -7.53092680	      3.86576576	     -5.78917638	    -26.79811865	     28.69498720	     -2.24935093	      0.50082201	     15.84757134	      2.71761886	     -7.53092680	    -20.20273864	      3.29919416	     -0.73839336	      8.62706817	    -15.10070930	     15.98957914	     47.91556900	     90.00000001	      0.00000000	      0.00000000	    -18.75604865	    -10.27470539	     -3.07948746	     49.41185471	     90.00000001	      0.00000000	      0.00000000
      3.10000000	      5.98768844	     -4.68252967	     -5.79396368	     -0.78808351	      0.94615673	      0.20372142	      7.82876527	     -7.62623417	     -8.91968594	     49.15134577	      3.29632827	      0.85785282	      1.45364343	     -5.14948612	     -7.53087371	      3.57226579	     -5.95389773	    -26.83716472	     28.54086916	     -2.13943722	      0.49813214	     15.91633479	      2.67578057	     -7.53087371	    -20.23178339	      3.41631315	     -0.52659426	      8.62026565	    -15.22535881	     15.96167928	     47.83712038	     90.00000001	      0.00000000	      0.00000000	    -18.98035500	    -10.14306404	     -3.10205301	     49.36985973	     90.00000001	      0.00000000	      0.00000000
      3.11000000	      6.08763912	     -4.94317655	     -5.93132406	     -0.78684718	      0.94667460	      0.20374035	      7.95127642	     -7.32364210	     -8.94760251	     49.02215263	      3.27295184	      0.85559797	      0.51037576	     -6.70824728	     -7.52957145	      3.16878334	     -6.21403982	    -26.65223822	     28.31948600	     -1.84585464	      0.49426827	     16.07365836	      2.29840026	     -7.52957145	    -20.36658339	      3.60571891	     -0.34335356	      8.71658573	    -15.29942503	     15.92575932	     47.44209709	     90.00000001	      0.00000000	      0.00000000	    -19.18423891	     -9.70606013	     -4.09335769	     49.60168062	     90.00000001	      0.00000000	      0.00000000
      3.12000000	      6.10648034	     -5.06892210	     -6.11646832	     -0.78557612	      0.94694382	      0.20376777	      8.20304023	     -7.33544133	     -9.11715322	     48.88465732	      3.40611681	      0.85319822	      0.56225817	     -6.73908992	     -7.52952231	      2.95840949	     -6.29372228	    -26.67915986	     28.24196799	     -1.83511833	      0.49291533	     16.10941712	      2.26069317	     -7.52952231	    -20.37439378	      3.66673618	     -0.14103871	      8.73465798	    -15.35048987	     15.91792306	     47.40869170	     90.00000001	      0.00000000	      0.00000000	    -19.38892620	     -9.60894149	     -4.10001204	     49.53342768	     90.00000001	      0.00000000	      0.00000000
      3.13000000	      6.11837796	     -5.21015416	     -6.31340512	     -0.78428143	      0.94720067	      0.20378378	      8.47122565	     -7.27439458	     -9.27589537	     48.65339935	      3.45483550	      0.84916201	      0.64096170	     -6.79947548	     -7.52948292	      2.72154981	     -6.39915332	    -26.76579344	     28.09883365	     -1.77074916	      0.49041716	     16.18110508	      2.18282255	     -7.52948292	    -20.38330022	      3.75148915	      0.06297510	      8.72728336	    -15.45963051	     15.90316974	     47.32982370	     90.00000001	      0.00000000	      0.00000000	    -19.57202201	     -9.44723565	     -4.11271417	     49.47976087	     90.00000001	      0.00000000	      0.00000000
      3.14000000	      6.13985984	     -5.39861391	     -6.52638974	     -0.78304260	      0.94750338	      0.20392300	      8.72645301	     -7.07955284	     -9.41456974	     48.25759347	      3.40534294	      0.84225390	      0.77207398	     -6.84724846	     -7.52937615	      2.46000826	     -6.57109973	    -26.82950086	     27.94931659	     -1.68662945	      0.48780760	     16.27920058	      2.04464408	     -7.52937615	    -20.43084510	      3.88849998	      0.33167139	      8.69790579	    -15.57942581	     15.89052145	     47.21305847	     90.00000001	      0.00000000	      0.00000000	    -19.69076434	     -9.24985845	     -4.18967829	     49.46616728	     90.00000001	      0.00000000	      0.00000000
      3.15000000	      6.14413313	     -5.49691482	     -6.73569223	     -0.78186051	      0.94767961	      0.20402437	      9.06618534	     -7.07137214	     -9.60156701	     47.89010919	      3.49483213	      0.83584008	      0.87306148	     -6.83429699	     -7.52929545	      2.27872027	     -6.63066067	    -26.85383235	     27.89270989	     -1.63321340	      0.48681962	     16.32552699	      1.97717624	     -7.52929545	    -20.46342532	      3.93026019	      0.52773480	      8.73478366	    -15.63201921	     15.87661032	     47.18971688	     90.00000001	      0.00000000	      0.00000000	    -19.85307988	     -9.12792996	     -4.22345157	     49.43190197	     90.00000001	      0.00000000	      0.00000000
      3.16000000	      6.11719106	     -5.62420566	     -6.93813968	     -0.78066790	      0.94787428	      0.20418616	      9.39829570	     -6.91980254	     -9.73929153	     47.27545139	      3.46812682	      0.82511228	      1.06472039	     -6.78296536	     -7.52919537	      2.09717280	     -6.73348834	    -26.94395823	     27.74910967	     -1.56718334	      0.48431333	     16.42304527	      1.81999607	     -7.52919537	    -20.47911511	      4.01677011	      0.74088898	      8.71562008	    -15.72870953	     15.86377098	     47.10645279	     90.00000001	      0.00000000	      0.00000000	    -19.99134762	     -8.91235163	     -4.29546432	     49.41380045	     90.00000001	      0.00000000	      0.00000000
      3.17000000	      6.14643205	     -5.85874053	     -7.12886334	     -0.77954520	      0.94813771	      0.20446315	      9.64554394	     -6.59945057	     -9.82727429	     46.52417313	      3.44156752	      0.81200000	      1.42969244	     -6.37759066	     -7.52884499	      1.88128419	     -6.96704307	    -26.87529745	     27.71938849	     -1.47045022	      0.48379460	     16.49563515	      1.49683148	     -7.52884499	    -20.59485068	      4.19854190	      0.99094491	      8.71537784	    -15.81173037	     15.84501862	     47.00609467	     90.00000001	      0.00000000	      0.00000000	    -20.04188255	     -8.66699721	     -4.60074637	     49.41809330	     90.00000001	      0.00000000	      0.00000000
      3.18000000	      6.15942822	     -5.90305275	     -7.35000702	     -0.77825206	      0.94822623	      0.20467086	     10.01314132	     -6.62315263	    -10.39550156	     45.87060399	      3.22289228	      0.80059307	      2.28670042	     -4.68010246	     -7.52717844	      1.65045962	     -6.91501864	    -26.57144546	     27.59712258	     -1.29661229	      0.48166065	     16.35836298	      0.50703719	     -7.52717844	    -20.61542672	      4.19508877	      1.05387077	      8.80951685	    -15.79587774	     15.86222734	     46.86814667	     90.00000001	      0.00000000	      0.00000000	    -20.09771813	     -8.10891299	     -5.91971033	     49.24414552	     90.00000001	      0.00000000	      0.00000000
      3.19000000	      6.09884879	     -5.93115363	     -7.57877330	     -0.77711914	      0.94821771	      0.20489522	     10.49653962	     -6.57296698	    -10.49598638	     45.13005551	      3.25416118	      0.78766806	      2.44639468	     -4.56197349	     -7.52701549	      1.56517506	     -6.87511412	    -26.63528953	     27.51636547	     -1.32589061	      0.48025118	     16.41579240	      0.43658843	     -7.52701549	    -20.59904974	      4.18312142	      1.18271986	      8.82275192	    -15.83635612	     15.85969483	     46.86265205	     90.00000001	      0.00000000	      0.00000000	    -20.19496807	     -7.96256569	     -5.92261755	     49.23528502	     90.00000001	      0.00000000	      0.00000000
      3.20000000	      6.03044345	     -6.03481669	     -7.79739229	     -0.77602363	      0.94820771	      0.20525442	     10.93675941	     -6.37713811	    -10.48072402	     44.19556910	      3.33637396	      0.77135820	      2.76867518	     -4.10703043	     -7.52670700	      1.49967671	     -6.95321636	    -26.64569509	     27.50185038	     -1.32814278	      0.47999784	     16.47092262	      0.27485070	     -7.52670700	    -20.60120561	      4.24796244	      1.36326080	      8.83265012	    -15.90091431	     15.85792171	     46.85041247	     90.00000001	      0.00000000	      0.00000000	    -20.23950234	     -7.79613459	     -5.98303106	     49.21877231	     90.00000001	      0.00000000	      0.00000000
      3.21000000	      5.97577927	     -6.00220557	     -8.03038647	     -0.77492092	      0.94806513	      0.20554361	     11.47747358	     -6.39781029	    -10.60216185	     43.39329698	      3.38830386	      0.75735591	      2.99107093	     -3.85548084	     -7.52653893	      1.42905194	     -6.87664899	    -26.70385074	     27.47635705	     -1.29391699	      0.47955290	     16.52814047	      0.18068630	     -7.52653893	    -20.60435644	      4.18084750	      1.46281765	      8.86045193	    -15.91442161	     15.85674728	     46.87754865	     90.00000001	      0.00000000	      0.00000000	    -20.30396434	     -7.66501464	     -5.99160461	     49.20257977	     90.00000001	      0.00000000	      0.00000000
      3.22000000	      5.88069899	     -6.02845221	     -8.22548043	     -0.77378516	      0.94794079	      0.20589273	     11.97218885	     -6.24357977	    -10.57939355	     42.33866381	      3.41764762	      0.73894908	      3.33649074	     -3.27913043	     -7.52629051	      1.43307964	     -6.84010940	    -26.69158847	     27.47598959	     -1.37032186	      0.47954648	     16.59167564	      0.00376733	     -7.52629051	    -20.56596953	      4.18931601	      1.56408468	      8.83129958	    -15.93489112	     15.86572046	     46.88825924	     90.00000001	      0.00000000	      0.00000000	    -20.30961211	     -7.52786422	     -6.03451717	     49.18228211	     90.00000001	      0.00000000	      0.00000000
      3.23000000	      5.84238014	     -6.12140875	     -8.44581644	     -0.77265286	      0.94778510	      0.20635717	     12.40420033	     -6.07238486	    -10.71523985	     41.27994250	      3.44959731	      0.72047091	      4.23105335	     -1.32624597	     -7.52558155	      1.36143862	     -6.95723249	    -26.56585934	     27.59404185	     -1.22685293	      0.48160688	     16.61080785	     -0.59446388	     -7.52558155	    -20.61663414	      4.25387886	      1.72806625	      8.87941020	    -15.98588346	     15.91224750	     46.90458405	     90.00000001	      0.00000000	      0.00000000	    -20.22226533	     -7.30992953	     -6.27749096	     48.95444740	     90.00000001	      0.00000000	      0.00000000
      3.24000000	      5.82548639	     -6.00267941	     -8.58370335	     -0.77143219	      0.94753590	      0.20664691	     12.95032599	     -6.21515947	    -11.72068929	     40.42150567	      2.97671540	      0.70548836	      5.25486035	      1.53231907	     -7.52423545	      1.29275944	     -6.68843365	    -26.25723258	     27.52397061	     -1.23907706	      0.48038391	     16.47446768	     -1.44976234	     -7.52423545	    -20.65375039	      4.12284075	      1.70226894	      8.90929018	    -15.99856815	     16.05063079	     46.91820597	     90.00000001	      0.00000000	      0.00000000	    -20.10698394	     -7.07927605	     -6.70200032	     48.68659548	     90.00000001	      0.00000000	      0.00000000
      3.25000000	      5.74679932	     -5.91850294	     -8.72194299	     -0.77028478	      0.94719189	      0.20705671	     13.51726100	     -6.22395921	    -12.12695981	     39.43669340	      2.85272660	      0.68830015	      5.73871606	      3.02596709	     -7.52285928	      1.32315835	     -6.55226687	    -26.08776942	     27.57421553	     -1.22368708	      0.48126085	     16.44990615	     -1.86564250	     -7.52285928	    -20.63880735	      4.02415457	      1.68204266	      8.92352527	    -15.99487062	     16.13988428	     46.95617269	     90.00000001	      0.00000000	      0.00000000	    -20.05971552	     -6.99107341	     -6.84943778	     48.67241912	     90.00000001	      0.00000000	      0.00000000
      3.26000000	      5.63781530	     -5.84098073	     -8.87843400	     -0.76912734	      0.94678368	      0.20755225	     14.09399381	     -6.17730398	    -12.17855500	     38.40887314	      2.94851333	      0.67036130	      5.86185566	      3.46453797	     -7.52256501	      1.41442903	     -6.42681149	    -26.04016457	     27.66785508	     -1.32454471	      0.48289517	     16.52231883	     -1.95336692	     -7.52256501	    -20.58333680	      3.92510135	      1.67235952	      8.91050320	    -15.98099270	     16.14649990	     47.00562972	     90.00000001	      0.00000000	      0.00000000	    -19.99716631	     -6.94607445	     -6.83027011	     48.70390948	     90.00000001	      0.00000000	      0.00000000
      3.27000000	      5.56554996	     -5.69701030	     -9.01459930	     -0.76800818	      0.94630579	      0.20799591	     14.69597054	     -6.24335596	    -12.34189310	     37.52131453	      3.01747471	      0.65487048	      5.98366982	      3.79876150	     -7.52237804	      1.47194923	     -6.26074903	    -26.03516752	     27.75829604	     -1.33998556	      0.48447366	     16.59397314	     -2.02550350	     -7.52237804	    -20.59659397	      3.77453803	      1.66580121	      8.91234082	    -15.94298947	     16.15657517	     47.05928508	     90.00000001	      0.00000000	      0.00000000	    -19.91927545	     -6.92247818	     -6.80952961	     48.72827107	     90.00000001	      0.00000000	      0.00000000
      3.28000000	      5.48818929	     -5.54072773	     -9.14565506	     -0.76681385	      0.94578331	      0.20848386	     15.28826301	     -6.32623668	    -12.54546305	     36.65700764	      3.11547304	      0.63978548	      6.08535262	      4.12748793	     -7.52222332	      1.53427703	     -6.09104910	    -26.02200810	     27.86473109	     -1.34149210	      0.48633130	     16.66360595	     -2.09194159	     -7.52222332	    -20.58741926	      3.61451862	      1.65667137	      8.94567252	    -15.90701988	     16.16195613	     47.12444767	     90.00000001	      0.00000000	      0.00000000	    -19.81349138	     -6.91168503	     -6.78712901	     48.76183598	     90.00000001	      0.00000000	      0.00000000
      3.29000000	      5.37216143	     -5.39804182	     -9.18616071	     -0.76551079	      0.94520530	      0.20895496	     15.80217406	     -6.31914870	    -12.71294163	     35.63417597	      3.16908448	      0.62193370	      6.17198217	      4.81207198	     -7.52202484	      1.70549945	     -5.90593604	    -25.91717400	     28.03708933	     -1.47930375	      0.48933952	     16.78058759	     -2.25109202	     -7.52202484	    -20.51108513	      3.50787999	      1.55917261	      8.86352774	    -15.85406551	     16.18974881	     47.15068023	     90.00000001	      0.00000000	      0.00000000	    -19.66959798	     -6.93709456	     -6.76244834	     48.75596676	     90.00000001	      0.00000000	      0.00000000
      3.30000000	      5.37874831	     -5.26413504	     -9.12481294	     -0.76397618	      0.94465136	      0.20941319	     16.26266788	     -6.49382922	    -14.51372712	     34.93109830	      2.48063329	      0.60966268	      7.14160218	      9.81397217	     -7.52063592	      1.69163037	     -5.69721985	    -25.24956627	     28.17130405	     -1.34303935	      0.49168201	     16.64106017	     -3.61106756	     -7.52063592	    -20.55658266	      3.40444345	      1.38697174	      8.85965156	    -15.81644723	     16.35070608	     47.07429026	     90.00000001	      0.00000000	      0.00000000	    -19.35970754	     -6.99418982	     -6.60536914	     48.25731095	     90.00000001	      0.00000000	      0.00000000
      3.31000000	      5.33048211	     -5.04213618	     -9.16357748	     -0.76257806	      0.94397426	      0.20998864	     16.76106640	     -6.62544694	    -14.78042095	     34.23622278	      2.59970608	      0.59753481	      7.14313396	      9.91850894	     -7.52048883	      1.74664540	     -5.47479220	    -25.24039387	     28.29355777	     -1.36839377	      0.49381574	     16.72603854	     -3.62672974	     -7.52048883	    -20.55537035	      3.19201592	      1.28742156	      8.81840947	    -15.75350314	     16.36386070	     47.12312807	     90.00000001	      0.00000000	      0.00000000	    -19.19320299	     -7.05953189	     -6.59926114	     48.35342574	     90.00000001	      0.00000000	      0.00000000
      3.32000000	      5.21412990	     -4.90501235	     -9.06669524	     -0.76102566	      0.94323150	      0.21051415	     17.19742495	     -6.63212366	    -15.33680415	     33.44143830	      2.56377168	      0.58366320	      6.83611653	     11.12742926	     -7.52001883	      1.93494999	     -5.37160056	    -24.95404150	     28.57683584	     -1.34982815	      0.49875988	     17.00487910	     -3.96437439	     -7.52001883	    -20.45540389	      3.11588023	      1.04824183	      8.75775041	    -15.67783964	     16.40347833	     47.10607171	     90.00000001	      0.00000000	      0.00000000	    -18.99488316	     -7.12589590	     -6.48310398	     48.32292890	     90.00000001	      0.00000000	      0.00000000
      3.33000000	      5.22118845	     -4.65784319	     -9.04203169	     -0.75941362	      0.94252807	      0.21111311	     17.57934394	     -6.80143096	    -15.74983888	     32.95350853	      2.64204257	      0.57514722	      6.88726935	     11.27324111	     -7.51986877	      1.94330082	     -5.08263967	    -24.87262789	     28.69189089	     -1.46242606	      0.50076796	     17.04039032	     -3.98511844	     -7.51986877	    -20.49158141	      2.88322854	      0.94789736	      8.66176905	    -15.60122891	     16.42926369	     47.11533569	     90.00000001	      0.00000000	      0.00000000	    -18.79459315	     -7.26324221	     -6.47874860	     48.38448716	     90.00000001	      0.00000000	      0.00000000
      3.34000000	      5.21908762	     -4.47066627	     -9.03109514	     -0.75770971	      0.94176433	      0.21181095	     17.96050959	     -6.87480435	    -16.01285729	     32.64590657	      2.77250069	      0.56977856	      6.87616383	     11.32537977	     -7.51976722	      1.90153750	     -4.93231963	    -24.82842641	     28.79733708	     -1.43296233	      0.50260835	     17.06839493	     -3.96039014	     -7.51976722	    -20.52827685	      2.72544888	      0.84694894	      8.62933387	    -15.54299641	     16.43560824	     47.15396699	     90.00000001	      0.00000000	      0.00000000	    -18.62443456	     -7.33608791	     -6.46856976	     48.45304401	     90.00000001	      0.00000000	      0.00000000
      3.35000000	      5.18520887	     -4.13723883	     -8.87058498	     -0.75583373	      0.94096677	      0.21238378	     18.21866080	     -7.10487833	    -16.49622258	     32.14882017	      2.84425461	      0.56110276	      6.78307219	     11.46398006	     -7.51964688	      1.98523307	     -4.61840482	    -24.74235972	     28.98318813	     -1.45976829	      0.50585206	     17.18325292	     -3.98794573	     -7.51964688	    -20.45619552	      2.43588058	      0.61577774	      8.47838915	    -15.41759462	     16.47302249	     47.16322685	     90.00000001	      0.00000000	      0.00000000	    -18.29553593	     -7.50881747	     -6.45862730	     48.54802279	     90.00000001	      0.00000000	      0.00000000
      3.36000000	      5.18966822	     -3.90818505	     -8.64567063	     -0.75377841	      0.94017630	      0.21294540	     18.38281236	     -7.26363440	    -17.26034053	     31.82666849	      2.85078274	      0.55548016	      6.49078429	     11.85962997	     -7.51949659	      2.03294687	     -4.31914086	    -24.44173703	     29.16322103	     -1.66444486	      0.50899423	     17.42547000	     -4.10671520	     -7.51949659	    -20.43742052	      2.27941797	      0.33644085	      8.30033871	    -15.32488606	     16.50295415	     47.10292704	     90.00000001	      0.00000000	      0.00000000	    -18.13977003	     -7.68571443	     -6.39480818	     48.49365248	     90.00000001	      0.00000000	      0.00000000
      3.37000000	      5.27206261	     -3.67848416	     -8.32471273	     -0.75151229	      0.93943309	      0.21350067	     18.51598280	     -7.47943062	    -18.87289154	     31.83773652	      2.34838952	      0.55567333	      6.02579026	     13.58886030	     -7.51902948	      1.88429925	     -4.12046121	    -23.82362998	     29.26354224	     -1.43120995	      0.51074516	     17.77370928	     -4.54038640	     -7.51902948	    -20.48136544	      2.15166106	     -0.06668771	      8.26077976	    -15.16020029	     16.52067912	     46.88427304	     90.00000001	      0.00000000	      0.00000000	    -17.79276003	     -7.94382308	     -6.00462618	     48.25499717	     90.00000001	      0.00000000	      0.00000000
      3.38000000	      5.28273451	     -3.40374380	     -8.14567672	     -0.74926504	      0.93859027	      0.21421746	     18.61285621	     -7.57496339	    -19.12886713	     31.70488355	      2.41959988	      0.55335461	      6.08599309	     13.62906469	     -7.51894507	      1.84005018	     -3.90493629	    -23.80310327	     29.39324650	     -1.44589948	      0.51300893	     17.77301370	     -4.54095106	     -7.51894507	    -20.44312845	      1.93795293	     -0.24508244	      8.07938712	    -15.06870126	     16.54772857	     46.85490296	     90.00000001	      0.00000000	      0.00000000	    -17.49085454	     -8.10045800	     -5.99711214	     48.36331427	     90.00000001	      0.00000000	      0.00000000
      3.39000000	      5.39898016	     -3.11113587	     -7.81201300	     -0.74670743	      0.93781529	      0.21479716	     18.57830914	     -7.83300508	    -20.33486283	     31.82220489	      2.13464508	      0.55540225	      6.08019137	     14.47669786	     -7.51841398	      1.65517959	     -3.58407151	    -23.40980870	     29.45928921	     -1.44141539	      0.51416159	     17.96071272	     -4.67888794	     -7.51841398	    -20.48556010	      1.74767495	     -0.57897153	      7.91654259	    -14.91637117	     16.48050225	     46.70206347	     90.00000001	      0.00000000	      0.00000000	    -17.22710114	     -8.40864219	     -5.60809867	     48.34767353	     90.00000001	      0.00000000	      0.00000000
      3.40000000	      5.41872250	     -2.84694380	     -7.56641205	     -0.74417390	      0.93698191	      0.21555469	     18.55859457	     -7.86381946	    -20.54139052	     31.81923808	      2.12765955	      0.55535047	      6.09232272	     14.41851137	     -7.51834735	      1.57836671	     -3.40197690	    -23.39892286	     29.57962810	     -1.45336252	      0.51626190	     17.99786334	     -4.66606317	     -7.51834735	    -20.43695872	      1.56743872	     -0.81486959	      7.68718113	    -14.84126083	     16.50450507	     46.65169074	     90.00000001	      0.00000000	      0.00000000	    -16.93288805	     -8.55815896	     -5.60723968	     48.44303125	     90.00000001	      0.00000000	      0.00000000
      3.41000000	      5.53122245	     -2.54192234	     -7.24173574	     -0.74138978	      0.93620472	      0.21626580	     18.39413096	     -8.04137330	    -21.19680777	     31.94600284	      2.01671191	      0.55756293	      6.12501756	     14.19763834	     -7.51823951	      1.41714206	     -3.10871998	    -23.24665215	     29.72894066	     -1.56455596	      0.51886790	     18.15515964	     -4.62422179	     -7.51823951	    -20.45283327	      1.34845232	     -1.06657865	      7.43399595	    -14.73493996	     16.52203059	     46.57046048	     90.00000001	      0.00000000	      0.00000000	    -16.61448128	     -8.79035065	     -5.57429941	     48.49860429	     90.00000001	      0.00000000	      0.00000000
      3.42000000	      5.68015131	     -2.27194718	     -6.86527059	     -0.73843820	      0.93546040	      0.21693408	     18.19107704	     -8.18163653	    -22.03505491	     32.24332503	      1.75030245	      0.56275218	      6.19229722	     13.92605309	     -7.51806158	      1.14735638	     -2.86073868	    -23.00141177	     29.76820565	     -1.57710149	      0.51955320	     18.42499022	     -4.49638937	     -7.51806158	    -20.49162825	      1.19576703	     -1.41286302	      7.25549943	    -14.66260376	     16.48042049	     46.47543065	     90.00000001	      0.00000000	      0.00000000	    -16.32614415	     -8.98238581	     -5.42406061	     48.49648645	     90.00000001	      0.00000000	      0.00000000
      3.43000000	      5.72477615	     -2.02440295	     -6.57683043	     -0.73543409	      0.93463551	      0.21777805	     18.04136376	     -8.15520033	    -22.23709716	     32.36793917	      1.59175250	      0.56492711	      6.25488702	     13.80854623	     -7.51798414	      0.98057855	     -2.68988475	    -22.91720956	     29.86743812	     -1.60910510	      0.52128513	     18.51463967	     -4.42498497	     -7.51798414	    -20.41695648	      1.06307353	     -1.62789291	      6.99539087	    -14.55282325	     16.50026173	     46.39636646	     90.00000001	      0.00000000	      0.00000000	    -16.03679204	     -9.15232583	     -5.39053204	     48.56165026	     90.00000001	      0.00000000	      0.00000000
      3.44000000	      5.89836625	     -1.75519794	     -6.17454582	     -0.73220946	      0.93396063	      0.21845595	     17.74418148	     -8.26672120	    -22.93243863	     32.68681438	      1.26755628	      0.57049253	      6.55855307	     13.39250765	     -7.51781470	      0.66728572	     -2.44563864	    -22.70670094	     29.91164103	     -1.65351927	      0.52205662	     18.80134503	     -4.22102289	     -7.51781470	    -20.46710124	      0.93906852	     -1.93403999	      6.74684105	    -14.48687664	     16.44401993	     46.26367605	     90.00000001	      0.00000000	      0.00000000	    -15.68443876	     -9.36108176	     -5.22445113	     48.56509465	     90.00000001	      0.00000000	      0.00000000
      3.45000000	      5.90271689	     -1.54575772	     -5.87200424	     -0.72896933	      0.93315807	      0.21928584	     17.58978621	     -8.15875524	    -22.90971250	     32.82597688	      1.09215803	      0.57292138	      6.61298459	     13.31254166	     -7.51777289	      0.52086750	     -2.33213767	    -22.67585401	     29.98076394	     -1.68373172	      0.52326304	     18.84411352	     -4.17223871	     -7.51777289	    -20.33186173	      0.88094974	     -2.18939137	      6.48586918	    -14.44322631	     16.45504293	     46.18908848	     90.00000001	      0.00000000	      0.00000000	    -15.42915966	     -9.45121485	     -5.20681943	     48.63738278	     90.00000001	      0.00000000	      0.00000000
      3.46000000	      6.14432406	     -1.29905913	     -5.47101304	     -0.72549990	      0.93258340	      0.22009704	     17.21242776	     -8.23727159	    -23.56173118	     33.21978405	      0.68520557	      0.57979461	      7.24489512	     12.60846556	     -7.51758371	      0.09850301	     -2.08726401	    -22.40908401	     30.00727554	     -1.77938291	      0.52372576	     19.22035629	     -3.84588626	     -7.51758371	    -20.43536305	      0.76456396	     -2.40666990	      6.20424552	    -14.33583929	     16.37001258	     46.03901493	     90.00000001	      0.00000000	      0.00000000	    -15.03875845	     -9.69749158	     -4.99741114	     48.60097019	     90.00000001	      0.00000000	      0.00000000
      3.47000000	      6.15302642	     -1.11373112	     -5.14940236	     -0.72204027	      0.93185926	      0.22094663	     17.04391494	     -8.11434356	    -23.46010157	     33.38181472	      0.47183813	      0.58262258	      7.32285194	     12.51073640	     -7.51754196	     -0.06528341	     -1.99082978	    -22.36532498	     30.07692301	     -1.84261850	      0.52494134	     19.26244079	     -3.78819528	     -7.51754196	    -20.28830256	      0.74089367	     -2.64799500	      5.94620838	    -14.32137434	     16.36868735	     45.95910386	     90.00000001	      0.00000000	      0.00000000	    -14.78079389	     -9.76863398	     -4.97423762	     48.67415053	     90.00000001	      0.00000000	      0.00000000
      3.48000000	      6.40176912	     -0.91113731	     -4.78155339	     -0.71842401	      0.93137901	      0.22183281	     16.66861306	     -8.12065216	    -23.82093002	     33.78416537	      0.07611378	      0.58964492	      8.13309180	     11.63140848	     -7.51737796	     -0.51646185	     -1.79358841	    -22.12589864	     30.09387240	     -1.95492290	      0.52523716	     19.63638385	     -3.46398542	     -7.51737796	    -20.39696402	      0.67750798	     -2.75354484	      5.65853190	    -14.28278660	     16.26000730	     45.79945261	     90.00000001	      0.00000000	      0.00000000	    -14.33828088	     -9.96147962	     -4.78410404	     48.65255761	     90.00000001	      0.00000000	      0.00000000
      3.49000000	      6.42009727	     -0.77927930	     -4.45695486	     -0.71480694	      0.93075695	      0.22272531	     16.51026996	     -7.96834564	    -23.62653998	     33.98875425	     -0.14545619	      0.59321567	      8.23661098	     11.49784774	     -7.51733184	     -0.70771034	     -1.73203116	    -22.05162092	     30.14808969	     -2.06221963	      0.52618343	     19.68554200	     -3.39117831	     -7.51733184	    -20.25942459	      0.72505312	     -2.98810446	      5.38769324	    -14.25562316	     16.25287438	     45.71871937	     90.00000001	      0.00000000	      0.00000000	    -14.09803414	    -10.01629174	     -4.75082646	     48.71247046	     90.00000001	      0.00000000	      0.00000000
      3.50000000	      6.54689994	     -0.67004899	     -4.19033751	     -0.71112934	      0.93027147	      0.22374042	     16.24612792	     -7.79915866	    -22.78036540	     34.34083300	      0.00890758	      0.59936060	      8.96208233	      8.94626090	     -7.51658855	     -1.05482208	     -1.67567289	    -22.03758289	     30.14845361	     -2.22321238	      0.52618978	     20.39113910	     -2.29728633	     -7.51658855	    -20.22991354	      0.77775121	     -2.92901184	      5.06254289	    -14.09813180	     15.59095385	     45.55303808	     90.00000001	      0.00000000	      0.00000000	    -13.58915477	    -10.33157064	     -3.92423419	     48.40531494	     90.00000001	      0.00000000	      0.00000000
      3.51000000	      6.64705509	     -0.59337405	     -3.90495109	     -0.70743073	      0.92983847	      0.22467791	     16.05049635	     -7.63731572	    -22.62865173	     34.63408715	     -0.28901436	      0.60447885	      9.15219620	      8.67998948	     -7.51651049	     -1.34039839	     -1.62959895	    -21.93259685	     30.21447964	     -2.38648854	      0.52734215	     20.44338994	     -2.24834636	     -7.51651049	    -20.19292820	      0.88189881	     -3.03982686	      4.83312155	    -14.12382232	     15.55971207	     45.44844777	     90.00000001	      0.00000000	      0.00000000	    -13.28639760	    -10.34538906	     -3.89041442	     48.50603815	     90.00000001	      0.00000000	      0.00000000
      3.52000000	      6.74634015	     -0.54488671	     -3.62006425	     -0.70367104	      0.92947213	      0.22567798	     15.84235711	     -7.49335511	    -22.42972188	     34.95004036	     -0.47543356	      0.60999328	      9.49447117	      8.28769306	     -7.51644333	     -1.66043610	     -1.63199111	    -21.79534869	     30.22015764	     -2.49308686	      0.52744125	     20.55295028	     -2.18711510	     -7.51644333	    -20.15053263	      1.02040329	     -3.10790505	      4.61893599	    -14.15391437	     15.51951201	     45.33791590	     90.00000001	      0.00000000	      0.00000000	    -12.99413456	    -10.36201462	     -3.85826242	     48.57904348	     90.00000001	      0.00000000	      0.00000000
      3.53000000	      6.84714525	     -0.53959851	     -3.34376118	     -0.69989625	      0.92914384	      0.22669994	     15.63835389	     -7.31401401	    -22.12571053	     35.29080925	     -0.60395756	      0.61594082	      9.87108461	      7.84834437	     -7.51638176	     -1.99872421	     -1.66228785	    -21.62914357	     30.20697215	     -2.61708861	      0.52721112	     20.68080490	     -2.12296119	     -7.51638176	    -20.11621700	      1.20188784	     -3.20119884	      4.38564843	    -14.19180343	     15.47335175	     45.21796355	     90.00000001	      0.00000000	      0.00000000	    -12.68150045	    -10.35947931	     -3.82366001	     48.65374839	     90.00000001	      0.00000000	      0.00000000
      3.54000000	      6.92761103	     -0.49115044	     -3.15684792	     -0.69620096	      0.92888259	      0.22778608	     15.37917129	     -7.14969829	    -20.86655605	     35.52392689	     -0.14521349	      0.62000949	     10.75970918	      5.36954821	     -7.51598958	     -2.37977807	     -1.65681632	    -21.40462637	     30.07331932	     -2.59362828	      0.52487844	     21.16577262	     -1.81868392	     -7.51598958	    -20.07342921	      1.32952583	     -3.19236009	      4.20701465	    -14.16082603	     15.08593458	     45.10219515	     90.00000001	      0.00000000	      0.00000000	    -12.33540753	    -10.38125677	     -3.62784906	     48.54454272	     90.00000001	      0.00000000	      0.00000000
      3.55000000	      6.93164209	     -0.52103243	     -2.91688429	     -0.69248520	      0.92856680	      0.22884092	     15.25021226	     -6.99231233	    -20.63154921	     35.79234278	     -0.22121134	      0.62469423	     10.73638648	      5.23676961	     -7.51595634	     -2.58920669	     -1.75226183	    -21.34205574	     30.09242531	     -2.72982764	      0.52521190	     21.16358510	     -1.80834050	     -7.51595634	    -19.94866096	      1.55853678	     -3.28617118	      4.05205328	    -14.22305265	     15.05473080	     45.01042195	     90.00000001	      0.00000000	      0.00000000	    -12.09143090	    -10.33565059	     -3.60617231	     48.63997834	     90.00000001	      0.00000000	      0.00000000
      3.56000000	      7.01158571	     -0.61173010	     -2.80709103	     -0.68884371	      0.92841264	      0.23005002	     14.98837445	     -6.72354469	    -19.62221664	     35.99159286	      0.16489767	      0.62817180	     11.14379178	      3.21860018	     -7.51560731	     -2.96878689	     -1.91892639	    -21.23883477	     30.03292964	     -2.72556331	      0.52417351	     21.44426843	     -1.68465418	     -7.51560731	    -19.93708198	      1.83044986	     -3.07890198	      3.90923861	    -14.23811765	     14.71194796	     44.79629772	     90.00000001	      0.00000000	      0.00000000	    -11.74532994	    -10.29177608	     -3.51709184	     48.71367312	     90.00000001	      0.00000000	      0.00000000
      3.57000000	      6.96245696	     -0.64174259	     -2.60831666	     -0.68525046	      0.92811827	      0.23116845	     14.88580142	     -6.61332659	    -19.46317372	     36.19451210	      0.16760817	      0.63171341	     11.12751099	      3.13871488	     -7.51558207	     -3.13079677	     -2.02153151	    -21.19293001	     30.02202525	     -2.83789663	      0.52398319	     21.44245002	     -1.68287012	     -7.51558207	    -19.78297772	      2.05117299	     -3.21156312	      3.82540512	    -14.31379977	     14.67431884	     44.73321065	     90.00000001	      0.00000000	      0.00000000	    -11.54329012	    -10.22647743	     -3.49329679	     48.80233708	     90.00000001	      0.00000000	      0.00000000
      3.58000000	      6.96640540	     -0.78140162	     -2.49818314	     -0.68171080	      0.92791105	      0.23232576	     14.71229835	     -6.44033163	    -19.25684126	     36.43792251	      0.33804476	      0.63596172	     11.33453399	      2.72714475	     -7.51550653	     -3.39032810	     -2.22816895	    -21.09284375	     29.99849364	     -2.88846922	      0.52357248	     21.50996985	     -1.67294134	     -7.51550653	    -19.71699082	      2.39425617	     -3.07400256	      3.77923917	    -14.43402043	     14.57379520	     44.59683688	     90.00000001	      0.00000000	      0.00000000	    -11.29151099	    -10.11392637	     -3.46339927	     48.95451523	     90.00000001	      0.00000000	      0.00000000
      3.59000000	      6.96913590	     -0.89537640	     -2.40250738	     -0.67829260	      0.92778997	      0.23364977	     14.44678712	     -6.17762044	    -18.61328780	     36.45958604	      0.65006056	      0.63633982	     11.75223227	      1.35217124	     -7.51520405	     -3.66035721	     -2.45425768	    -21.01756070	     29.96001021	     -2.84563984	      0.52290082	     21.75524382	     -1.65672745	     -7.51520405	    -19.66928209	      2.67719658	     -3.00518941	      3.77113050	    -14.39869361	     14.21954560	     44.32046987	     90.00000001	      0.00000000	      0.00000000	    -11.09257101	    -10.06488446	     -3.43849324	     49.22788284	     90.00000001	      0.00000000	      0.00000000
      3.60000000	      6.85878454	     -0.95860652	     -2.30853573	     -0.67495351	      0.92751236	      0.23481477	     14.36902466	     -6.11000113	    -18.61387894	     36.60263299	      0.75805575	      0.63883646	     11.74927601	      1.27927352	     -7.51517224	     -3.76114460	     -2.56594576	    -20.98320653	     29.92425534	     -2.95473515	      0.52227678	     21.74855359	     -1.66362307	     -7.51517224	    -19.50461599	      2.93723233	     -3.05070064	      3.79218160	    -14.48501602	     14.16204543	     44.27097835	     90.00000001	      0.00000000	      0.00000000	    -10.91619718	     -9.97828054	     -3.41135483	     49.34022320	     90.00000001	      0.00000000	      0.00000000
      3.61000000	      6.74933599	     -1.04764342	     -2.25718633	     -0.67170976	      0.92726962	      0.23604477	     14.27267062	     -6.02834032	    -18.69955396	     36.71245970	      0.87694100	      0.64075330	     11.84031498	      1.17818647	     -7.51513678	     -3.86312159	     -2.71610350	    -20.94561795	     29.90368376	     -3.03137595	      0.52191774	     21.75667701	     -1.68047868	     -7.51513678	    -19.36380820	      3.21611927	     -3.00239796	      3.84241950	    -14.58034080	     14.09367628	     44.19932477	     90.00000001	      0.00000000	      0.00000000	    -10.73530012	     -9.88276031	     -3.38524075	     49.49379737	     90.00000001	      0.00000000	      0.00000000
      3.62000000	      6.63850026	     -1.14767912	     -2.23120484	     -0.66855058	      0.92705032	      0.23730544	     14.16345831	     -5.92931285	    -18.86985867	     36.77842083	      0.95884455	      0.64190454	     12.01112922	      1.07008402	     -7.51509204	     -3.95463746	     -2.89177457	    -20.91035745	     29.91667940	     -3.08024490	      0.52214456	     21.77463743	     -1.70992913	     -7.51509204	    -19.23549371	      3.49886398	     -2.92668748	      3.90992129	    -14.68562154	     14.00170223	     44.09403309	     90.00000001	      0.00000000	      0.00000000	    -10.56818349	     -9.77989346	     -3.35684306	     49.70330646	     90.00000001	      0.00000000	      0.00000000
      3.63000000	      6.51381425	     -1.10414798	     -2.27823349	     -0.66547132	      0.92684801	      0.23870695	     14.08817347	     -5.91982091	    -18.90514293	     36.80031698	      0.96097581	      0.64228670	     12.03988050	      1.05996510	     -7.51508454	     -4.02366651	     -2.90565973	    -20.89660619	     29.94156552	     -3.10233486	      0.52257890	     21.77316446	     -1.71302003	     -7.51508454	    -19.09984820	      3.58753459	     -2.92505498	      3.94779071	    -14.70284699	     13.98367115	     44.08582641	     90.00000001	      0.00000000	      0.00000000	    -10.51158854	     -9.76854584	     -3.35304786	     49.75571965	     90.00000001	      0.00000000	      0.00000000
      3.64000000	      6.37203705	     -1.28943001	     -2.22021877	     -0.66253347	      0.92664866	      0.23990045	     13.98658993	     -5.75686649	    -19.37845313	     36.84212210	      0.99355052	      0.64301633	     12.36095132	      1.03616820	     -7.51502261	     -4.01701892	     -3.19219697	    -20.83244484	     30.04371118	     -3.18392684	      0.52436168	     21.76793243	     -1.77096531	     -7.51502261	    -18.99042733	      3.99469446	     -2.82186401	      4.10774560	    -14.85639260	     13.82309334	     43.89511551	     90.00000001	      0.00000000	      0.00000000	    -10.33398430	     -9.61038953	     -3.29918316	     50.17963449	     90.00000001	      0.00000000	      0.00000000
      3.65000000	      6.21007023	     -1.37456024	     -2.23934033	     -0.65970986	      0.92645022	      0.24123102	     13.93284974	     -5.65513802	    -19.80242325	     36.84120633	      0.93692056	      0.64300035	     12.59774905	      1.14349120	     -7.51496313	     -3.96988258	     -3.37160474	    -20.77254967	     30.18900773	     -3.24345380	      0.52689758	     21.73943569	     -1.81145794	     -7.51496313	    -18.88143570	      4.24721288	     -2.77911458	      4.34159446	    -14.90862932	     13.67235242	     43.75571600	     90.00000001	      0.00000000	      0.00000000	    -10.23870629	     -9.55024019	     -3.26122264	     50.59462234	     90.00000001	      0.00000000	      0.00000000
      3.66000000	      6.05191015	     -1.45244782	     -2.18222244	     -0.65686726	      0.92621673	      0.24271200	     13.91736730	     -5.51572384	    -21.09753984	     36.86572589	      0.21415044	      0.64342830	     13.27417673	      2.90378862	     -7.51456025	     -3.83118488	     -3.66133958	    -20.71482662	     30.54280332	     -3.22971450	      0.53307248	     21.68960931	     -1.98676873	     -7.51456025	    -18.76905238	      4.45906020	     -3.03255517	      4.84081106	    -14.46995623	     12.86649018	     42.79143045	     90.00000001	      0.00000000	      0.00000000	    -10.96085331	     -9.76809051	     -3.09523397	     52.50001287	     90.00000001	      0.00000000	      0.00000000
      3.67000000	      5.92586530	     -1.42526013	     -2.23040286	     -0.65419454	      0.92615235	      0.24389334	     13.84449610	     -5.58332721	    -21.29312190	     36.90016826	      0.32131118	      0.64402943	     13.37195265	      3.08481383	     -7.51450804	     -3.79961521	     -3.66046077	    -20.57612046	     30.66504999	     -3.36801972	      0.53520609	     21.59826074	     -1.94997344	     -7.51450804	    -18.72192804	      4.60430610	     -2.96591336	      5.02537754	    -14.56685781	     12.74720866	     42.73305322	     90.00000001	      0.00000000	      0.00000000	    -10.81306063	     -9.67898687	     -3.03238579	     52.69528551	     90.00000001	      0.00000000	      0.00000000
      3.68000000	      5.80882542	     -1.37277932	     -2.22221522	     -0.65144211	      0.92604038	      0.24520413	     13.80560387	     -5.69862538	    -22.52889319	     36.99381328	     -0.21581616	      0.64566384	     14.16755745	      5.53931314	     -7.51384588	     -3.69400196	     -3.71616405	    -20.45688745	     30.98473955	     -3.46193979	      0.54078572	     21.35530733	     -2.02784391	     -7.51384588	    -18.66490206	      4.69334466	     -3.10784868	      5.47860855	    -14.13436506	     11.67098897	     41.88288209	     90.00000001	      0.00000000	      0.00000000	    -11.31073202	     -9.94068461	     -2.59572900	     54.23991365	     90.00000001	      0.00000000	      0.00000000
      3.69000000	      5.66183457	     -1.32783833	     -2.28666874	     -0.64894204	      0.92605502	      0.24642293	     13.77964575	     -5.69433972	    -22.66674485	     36.99099105	     -0.23406578	      0.64561459	     14.26222957	      5.60049500	     -7.51377684	     -3.54116788	     -3.74374468	    -20.29390924	     31.29231128	     -3.56658753	      0.54615386	     21.19034193	     -1.96708821	     -7.51377684	    -18.61714492	      4.81056183	     -3.08506159	      5.69972399	    -14.21891053	     11.56972654	     41.91305754	     90.00000001	      0.00000000	      0.00000000	    -11.18032813	     -9.87390562	     -2.54098894	     54.39380740	     90.00000001	      0.00000000	      0.00000000
      3.70000000	      5.40694470	     -1.32071528	     -2.31729427	     -0.64648330	      0.92592172	      0.24769437	     13.89053099	     -5.60238006	    -23.06551473	     36.97204939	     -0.48249383	      0.64528399	     14.54117472	      6.04537421	     -7.51353028	     -3.13508271	     -3.92727471	    -20.22918906	     31.88418114	     -3.65317839	      0.55648394	     20.81167612	     -1.99479714	     -7.51353028	    -18.44446683	      4.98203841	     -3.14360568	      5.97944291	    -14.14666969	     11.24282274	     41.78056469	     90.00000001	      0.00000000	      0.00000000	    -11.39181796	     -9.93326841	     -2.38926635	     55.14407396	     90.00000001	      0.00000000	      0.00000000
      3.71000000	      5.31727196	     -1.21488722	     -2.39744035	     -0.64409231	      0.92610100	      0.24888238	     13.81248227	     -5.66246578	    -23.13147671	     36.96043370	     -0.47273631	      0.64508126	     14.61661874	      6.19445317	     -7.51344979	     -2.94598665	     -3.89626304	    -20.01813153	     32.36836476	     -3.78509991	      0.56493454	     20.59034933	     -1.94320173	     -7.51344979	    -18.48141508	      5.01913592	     -3.12189701	      6.19565288	    -14.18069553	     11.12382754	     41.76519613	     90.00000001	      0.00000000	      0.00000000	    -11.33515481	     -9.92326421	     -2.32985507	     55.47802177	     90.00000001	      0.00000000	      0.00000000
      3.72000000	      5.12733928	     -1.12956975	     -2.46529579	     -0.64174959	      0.92613840	      0.25011652	     13.86619907	     -5.67271182	    -23.50833263	     36.93564674	     -0.71274905	      0.64464865	     14.97767394	      7.00512226	     -7.51297264	     -2.52511422	     -3.98356717	    -19.88301174	     33.08998861	     -3.87504933	      0.57752925	     20.03687454	     -2.27136894	     -7.51297264	    -18.41728585	      5.07309878	     -3.23158488	      6.61986963	    -13.95024861	     10.45563864	     41.33757733	     90.00000001	      0.00000000	      0.00000000	    -11.95878354	    -10.17374504	     -1.99107094	     57.24012350	     90.00000001	      0.00000000	      0.00000000
      3.73000000	      5.01935306	     -1.03329889	     -2.50492362	     -0.63945396	      0.92640304	      0.25121339	     13.78702090	     -5.69230010	    -23.47638585	     36.86725221	     -0.68090175	      0.64345494	     15.07638939	      7.11024992	     -7.51285944	     -2.15914675	     -4.04243935	    -19.59781997	     33.87316586	     -3.94419922	      0.59119827	     19.62390014	     -2.23465631	     -7.51285944	    -18.43391950	      5.14453258	     -3.26946284	      6.84183874	    -13.94707345	     10.32064465	     41.36538382	     90.00000001	      0.00000000	      0.00000000	    -11.92254178	    -10.17105736	     -1.91910947	     57.49590683	     90.00000001	      0.00000000	      0.00000000
      3.74000000	      4.80978203	     -0.94148109	     -2.59667410	     -0.63726406	      0.92656647	      0.25235341	     13.85051183	     -5.62578378	    -23.43089174	     36.75484595	     -0.80809498	      0.64149308	     15.25320952	      7.26072408	     -7.51260638	     -1.57319839	     -4.13387843	    -19.38480452	     34.85297541	     -4.02447962	      0.60829918	     18.92378456	     -2.61015250	     -7.51260638	    -18.36127083	      5.22041205	     -3.28005265	      7.13513218	    -13.88734119	      9.98201444	     41.29860256	     90.00000001	      0.00000000	      0.00000000	    -12.20108426	    -10.23699642	     -1.75647096	     58.39276872	     90.00000001	      0.00000000	      0.00000000
      3.75000000	      4.68109852	     -0.83235659	     -2.64957039	     -0.63509986	      0.92688620	      0.25333626	     13.77798332	     -5.63831260	    -23.33222213	     36.61021714	     -0.77578790	      0.63896883	     15.36858036	      7.33743803	     -7.51244006	     -0.99823616	     -4.23192663	    -19.08002997	     35.97460241	     -4.03603260	      0.62787526	     18.21609853	     -2.89186748	     -7.51244006	    -18.38436981	      5.30067686	     -3.32021938	      7.39101937	    -13.87680958	      9.75901853	     41.31457949	     90.00000001	      0.00000000	      0.00000000	    -12.35648776	    -10.26454098	     -1.65108550	     59.01976668	     90.00000001	      0.00000000	      0.00000000
      3.76000000	      4.54309922	     -0.70702478	     -2.73959250	     -0.63295516	      0.92721669	      0.25445978	     13.71757609	     -5.62051047	    -23.19358055	     36.44344474	     -0.78892081	      0.63605810	     15.47223034	      7.37223127	     -7.51226211	     -0.33537570	     -4.32017844	    -18.74689224	     37.22805768	     -4.05966519	      0.64975218	     17.36667418	     -3.39593236	     -7.51226211	    -18.38784399	      5.29515068	     -3.31352382	      7.64474438	    -13.88369876	      9.52423851	     41.35796113	     90.00000001	      0.00000000	      0.00000000	    -12.56892021	    -10.28763039	     -1.54432520	     59.76573342	     90.00000001	      0.00000000	      0.00000000
      3.77000000	      4.50998724	     -0.54982471	     -2.80010229	     -0.63081556	      0.92771876	      0.25531424	     13.50923113	     -5.73534824	    -23.08470045	     36.27117111	     -0.66553534	      0.63305136	     15.53675159	      7.41779403	     -7.51216511	      0.29096184	     -4.37188999	    -18.40992607	     38.63215085	     -4.05637311	      0.67425823	     16.59042733	     -3.70006645	     -7.51216511	    -18.50611107	      5.33042807	     -3.30825066	      7.84843665	    -13.91996253	      9.39277773	     41.42718314	     90.00000001	      0.00000000	      0.00000000	    -12.59615907	    -10.31485915	     -1.49967883	     60.25380671	     90.00000001	      0.00000000	      0.00000000
      3.78000000	      4.31458795	     -0.36982917	     -2.88214110	     -0.62895770	      0.92811054	      0.25627951	     13.50500672	     -5.76233117	    -22.82085943	     36.02208876	     -0.65227837	      0.62870405	     15.60076966	      7.26137004	     -7.51149872	      1.20079821	     -4.34829521	    -17.18423720	     40.21038582	     -3.57788996	      0.70180363	     14.68482610	     -6.57262832	     -7.51149872	    -18.50314047	      5.30116934	     -3.38525638	      8.08228693	    -13.75464448	      8.86063674	     41.55056081	     90.00000001	      0.00000000	      0.00000000	    -13.09611664	    -10.45421521	     -1.25953947	     61.74622439	     90.00000001	      0.00000000	      0.00000000
      3.79000000	      4.18595761	     -0.27267330	     -2.95804311	     -0.62694135	      0.92851140	      0.25716171	     13.37185604	     -5.77165264	    -22.74123378	     35.75637635	     -0.57195267	      0.62406650	     15.68124781	      7.36855548	     -7.51135453	      2.18001442	     -4.55581122	    -16.88278036	     42.03644385	     -3.53746123	      0.73367435	     13.59680677	     -6.87531838	     -7.51135453	    -18.53391086	      5.38982617	     -3.30328380	      8.26800738	    -13.89177125	      8.76723917	     41.66344613	     90.00000001	      0.00000000	      0.00000000	    -13.13499394	    -10.42131427	     -1.24595321	     62.02053737	     90.00000001	      0.00000000	      0.00000000
      3.80000000	      4.04017120	     -0.14731231	     -3.05680680	     -0.62502305	      0.92890451	      0.25804787	     13.26851967	     -5.79364829	    -22.65745170	     35.46081064	     -0.55181974	      0.61890790	     15.75406156	      7.49966391	     -7.51115406	      3.26957848	     -4.71539607	    -16.39449708	     43.99121982	     -3.41196560	      0.76779163	     12.13026175	     -7.75618884	     -7.51115406	    -18.55951476	      5.43348586	     -3.22537191	      8.41029134	    -13.96812047	      8.69432209	     41.90177600	     90.00000001	      0.00000000	      0.00000000	    -13.26465219	    -10.40894889	     -1.24632852	     62.62066819	     90.00000001	      0.00000000	      0.00000000
      3.81000000	      3.95479906	      0.03927400	     -3.08367328	     -0.62320923	      0.92941008	      0.25876284	     13.06878666	     -6.00364374	    -22.66914618	     35.21000868	     -0.36236306	      0.61453058	     15.82099307	      7.73319348	     -7.51052328	      4.35713826	     -4.73317443	    -15.07496914	     46.01741390	     -2.77145535	      0.80315539	      9.95575484	    -10.56904206	     -7.51052328	    -18.67164060	      5.41916541	     -3.23721641	      8.49095893	    -14.09948014	      8.71098063	     42.34891945	     90.00000001	      0.00000000	      0.00000000	    -13.48166332	    -10.42412154	     -1.24722083	     63.45880421	     90.00000001	      0.00000000	      0.00000000
      3.82000000	      3.82596869	      0.09926698	     -3.15441698	     -0.62133483	      0.92977187	      0.25958988	     12.88823063	     -5.99390970	    -22.65654437	     34.85304647	     -0.26441920	      0.60830042	     15.91288528	      7.91422325	     -7.51034265	      5.62165469	     -5.03464116	    -14.65782941	     48.24093978	     -2.64129916	      0.84196323	      8.63827271	    -10.68947084	     -7.51034265	    -18.71971969	      5.54020795	     -3.13989250	      8.63777634	    -14.21590962	      8.71122190	     42.55073317	     90.00000001	      0.00000000	      0.00000000	    -13.50334445	    -10.36793875	     -1.23950681	     63.72205372	     90.00000001	      0.00000000	      0.00000000
      3.83000000	      3.82701727	      0.22822729	     -3.20499922	     -0.61948800	      0.93024807	      0.26029245	     12.55209367	     -6.20724679	    -22.69630570	     34.58992114	      0.05173446	      0.60370801	     15.95062721	      8.10239977	     -7.51022467	      6.80109196	     -5.20952770	    -14.21055124	     50.46483587	     -2.55451737	      0.88077754	      7.48859101	    -10.75540348	     -7.51022467	    -18.91793972	      5.56604617	     -3.05163052	      8.76196683	    -14.35018468	      8.70629773	     42.74839017	     90.00000001	      0.00000000	      0.00000000	    -13.45072351	    -10.33654376	     -1.25086768	     64.00771249	     90.00000001	      0.00000000	      0.00000000
      3.84000000	      3.60335253	      0.31707986	     -3.23452321	     -0.61780638	      0.93045910	      0.26101228	     12.50966983	     -6.26537097	    -23.02602206	     34.26243493	     -0.02317084	      0.59799230	     16.12576194	      8.92779037	     -7.50965825	      8.29910646	     -5.37164721	    -12.65327491	     52.78102522	     -1.64650768	      0.92120267	      4.73387993	    -13.72614604	     -7.50965825	    -18.88284162	      5.65332644	     -3.02004422	      8.73131857	    -14.64243657	      9.13966190	     43.46736137	     90.00000001	      0.00000000	      0.00000000	    -13.74002748	    -10.29502303	     -1.35136085	     64.87648141	     90.00000001	      0.00000000	      0.00000000
      3.85000000	      3.54107940	      0.37812888	     -3.29903157	     -0.61598939	      0.93075467	      0.26170013	     12.23151316	     -6.37362218	    -23.07239402	     33.94983374	      0.23853070	      0.59253638	     16.19060601	      9.09471121	     -7.50949168	      9.65805172	     -5.62125621	    -12.19479830	     55.04415697	     -1.52797227	      0.96070177	      3.69950235	    -13.40287969	     -7.50949168	    -19.00229135	      5.75721627	     -2.89419721	      8.85929829	    -14.78432991	      9.15836835	     43.68503591	     90.00000001	      0.00000000	      0.00000000	    -13.74048283	    -10.22946666	     -1.33722793	     65.03256172	     90.00000001	      0.00000000	      0.00000000
      3.86000000	      3.36320591	      0.41833823	     -3.29886028	     -0.61436290	      0.93087964	      0.26243452	     12.12726353	     -6.43511483	    -23.48103732	     33.66076899	      0.25103739	      0.58749125	     16.34897484	      9.97794004	     -7.50898408	     11.19763959	     -5.84550617	    -10.88344564	     57.29157803	     -0.78596958	      0.99992667	      1.70387012	    -14.93246575	     -7.50898408	    -19.03197000	      5.86739711	     -2.86439150	      8.86602657	    -15.08083276	      9.69937747	     44.24444203	     90.00000001	      0.00000000	      0.00000000	    -13.84881468	    -10.19907637	     -1.44737135	     65.57311850	     90.00000001	      0.00000000	      0.00000000
      3.87000000	      3.33172907	      0.45592863	     -3.33578425	     -0.61260426	      0.93109117	      0.26313052	     11.81611333	     -6.57738859	    -23.57489957	     33.40605927	      0.61369448	      0.58304572	     16.40240206	     10.12544002	     -7.50884765	     12.56720675	     -6.05797170	    -10.44425410	     59.36992050	     -0.74080023	      1.03620059	      0.96543145	    -14.54692587	     -7.50884765	    -19.20090829	      5.95840669	     -2.72670941	      8.96151920	    -15.22792087	      9.71673372	     44.42792863	     90.00000001	      0.00000000	      0.00000000	    -13.78420376	    -10.15673011	     -1.44870002	     65.73225836	     90.00000001	      0.00000000	      0.00000000
      3.88000000	      3.11747638	      0.42631484	     -3.34216047	     -0.61099516	      0.93104415	      0.26386828	     11.76683946	     -6.54018506	    -24.03964131	     33.12622882	      0.54602236	      0.57816176	     16.59005981	     11.05871868	     -7.50839921	     14.15993436	     -6.31346549	     -9.16998283	     61.36446718	      0.01058708	      1.07101200	     -0.47317133	    -15.51265849	     -7.50839921	    -19.18703432	      6.13426600	     -2.65476423	      8.96745405	    -15.54001084	     10.30722431	     44.97457557	     90.00000001	      0.00000000	      0.00000000	    -13.91770391	    -10.10133084	     -1.55249468	     66.18589775	     90.00000001	      0.00000000	      0.00000000
      3.89000000	      2.98443740	      0.36961295	     -3.36080981	     -0.60931964	      0.93104573	      0.26460431	     11.59891409	     -6.50338178	    -24.22140314	     32.85770374	      0.72212489	      0.57347511	     16.67730166	     11.33215777	     -7.50819370	     15.65002460	     -6.57817340	     -8.63500629	     63.13887787	      0.12856208	      1.10198130	     -1.06417335	    -15.32693231	     -7.50819370	    -19.25724483	      6.32009325	     -2.52570956	      9.03901903	    -15.69134121	     10.44784336	     45.20446612	     90.00000001	      0.00000000	      0.00000000	    -13.91544621	    -10.08321175	     -1.57645333	     66.37916498	     90.00000001	      0.00000000	      0.00000000
      3.90000000	      2.87580553	      0.35402896	     -3.36876547	     -0.60763084	      0.93100960	      0.26537216	     11.43274730	     -6.54239394	    -24.50975607	     32.66821520	      0.87118586	      0.57016792	     16.76937203	     11.82000146	     -7.50796985	     17.05964763	     -6.73680978	     -7.91537326	     64.64144594	      0.41532286	      1.12820606	     -1.51050642	    -15.47365968	     -7.50796985	    -19.35342096	      6.42124810	     -2.41505895	      9.09060628	    -15.89337237	     10.71498397	     45.46124362	     90.00000001	      0.00000000	      0.00000000	    -13.93850575	    -10.04898605	     -1.62419293	     66.62639494	     90.00000001	      0.00000000	      0.00000000
      3.91000000	      2.76535971	      0.29427799	     -3.38307143	     -0.60596104	      0.93094380	      0.26613912	     11.26744914	     -6.50183812	    -24.70184496	     32.45233396	      1.02227601	      0.56640008	     16.86669979	     12.12415988	     -7.50782897	     18.45756879	     -6.92067075	     -7.49527259	     65.92143238	      0.47581540	      1.15054604	     -1.64907909	    -15.46593390	     -7.50782897	    -19.44778990	      6.56564226	     -2.32858259	      9.19525046	    -16.00633424	     10.86396622	     45.65951655	     90.00000001	      0.00000000	      0.00000000	    -13.96091591	    -10.03942912	     -1.64779012	     66.77803946	     90.00000001	      0.00000000	      0.00000000
      3.92000000	      2.78919353	      0.33298623	     -3.39666049	     -0.60422571	      0.93105954	      0.26688509	     10.97049888	     -6.63117850	    -24.83122701	     32.32595793	      1.28148346	      0.56419440	     16.89187771	     12.21560967	     -7.50775274	     19.60283876	     -6.92938693	     -7.29643821	     66.77857775	      0.40536021	      1.16550605	     -1.58082112	    -15.35964087	     -7.50775274	    -19.68716711	      6.57272052	     -2.18979651	      9.26645942	    -16.08377900	     10.90361613	     45.75595294	     90.00000001	      0.00000000	      0.00000000	    -13.86707103	    -10.06949052	     -1.67623506	     66.87662655	     90.00000001	      0.00000000	      0.00000000
      3.93000000	      2.52774938	      0.13766576	     -3.38141979	     -0.60260146	      0.93070998	      0.26780176	     11.01006213	     -6.35062523	    -25.12527731	     32.11724812	      1.24006226	      0.56055173	     17.03846553	     12.75501961	     -7.50761798	     21.11488798	     -7.22272139	     -6.85354479	     67.56041322	      0.49018078	      1.17915165	     -1.29668228	    -15.63909841	     -7.50761798	    -19.62891258	      6.82615612	     -2.11353639	      9.34672263	    -16.20748858	     11.16990294	     45.91277896	     90.00000001	      0.00000000	      0.00000000	    -13.95333946	    -10.06575045	     -1.71470491	     67.07855113	     90.00000001	      0.00000000	      0.00000000
      3.94000000	      2.52997414	      0.12363311	     -3.35011427	     -0.60082927	      0.93074435	      0.26857272	     10.72678479	     -6.40868946	    -25.32241162	     31.97831408	      1.47980873	      0.55812687	     17.09906300	     12.83146962	     -7.50755718	     22.19634162	     -7.23253253	     -6.77188201	     67.83797703	      0.36172191	      1.18399606	     -1.02259321	    -15.66695224	     -7.50755718	    -19.84832168	      6.85572608	     -2.03207616	      9.40444001	    -16.26910628	     11.22215635	     45.96516213	     90.00000001	      0.00000000	      0.00000000	    -13.85839186	    -10.11439890	     -1.74548841	     67.15406810	     90.00000001	      0.00000000	      0.00000000
      3.95000000	      2.38743435	     -0.04397683	     -3.31814480	     -0.59909040	      0.93055255	      0.26943441	     10.62738428	     -6.18061057	    -25.53102215	     31.80148802	      1.50904135	      0.55504067	     17.21927136	     13.13016328	     -7.50747523	     23.42383394	     -7.38147401	     -6.72769834	     67.89035311	      0.15126539	      1.18491019	     -0.37840028	    -15.94464564	     -7.50747523	    -19.91655875	      7.05353989	     -1.97280756	      9.49224037	    -16.29352071	     11.37929323	     46.00300386	     90.00000001	      0.00000000	      0.00000000	    -13.88801744	    -10.15203347	     -1.76807949	     67.22909845	     90.00000001	      0.00000000	      0.00000000
      3.96000000	      2.26545827	     -0.18223130	     -3.30821104	     -0.59728345	      0.93033497	      0.27037951	     10.54618377	     -5.99434693	    -25.75905856	     31.70564664	      1.50017748	      0.55336793	     17.34998349	     13.67059809	     -7.50732720	     24.52560960	     -7.53023633	     -6.80014541	     67.58818027	     -0.00008066	      1.17963628	      0.40033277	    -16.09160023	     -7.50732720	    -19.99596446	      7.16942416	     -1.88678015	      9.61004155	    -16.35268672	     11.66285345	     45.95598473	     90.00000001	      0.00000000	      0.00000000	    -13.89228479	    -10.20474061	     -1.80421983	     67.29749008	     90.00000001	      0.00000000	      0.00000000
      3.97000000	      2.20071987	     -0.29473666	     -3.23981023	     -0.59539924	      0.93021647	      0.27124820	     10.33860305	     -5.84236812	    -25.96251382	     31.52617724	      1.57250399	      0.55023559	     17.46400731	     13.82179349	     -7.50723494	     25.50393576	     -7.56191986	     -6.94121464	     66.94006508	     -0.25747615	      1.16832454	      0.99194014	    -16.16954873	     -7.50723494	    -20.13110858	      7.24828239	     -1.85711039	      9.65473842	    -16.34752986	     11.77371716	     45.91935539	     90.00000001	      0.00000000	      0.00000000	    -13.84942878	    -10.27200866	     -1.82894879	     67.31525544	     90.00000001	      0.00000000	      0.00000000
      3.98000000	      2.11455370	     -0.43875453	     -3.19447814	     -0.59345695	      0.93007320	      0.27213734	     10.16851320	     -5.63652027	    -26.10583702	     31.35550460	      1.63886402	      0.54725679	     17.55781024	     13.93134589	     -7.50714861	     26.40768197	     -7.62455113	     -7.15863103	     65.96021054	     -0.50505019	      1.15122285	      1.62875323	    -16.21557900	     -7.50714861	    -20.23401595	      7.34550269	     -1.80507351	      9.69645758	    -16.32644203	     11.84706030	     45.86108053	     90.00000001	      0.00000000	      0.00000000	    -13.82057593	    -10.33963448	     -1.84634092	     67.30795817	     90.00000001	      0.00000000	      0.00000000
      3.99000000	      2.09032184	     -0.60331480	     -3.19180086	     -0.59143419	      0.92995671	      0.27309826	      9.92674565	     -5.43492581	    -26.26562687	     31.20681232	      1.72329809	      0.54466162	     17.70936404	     14.45648027	     -7.50694709	     27.15145557	     -7.71800547	     -7.68547216	     64.68519032	     -0.94322781	      1.12896955	      2.54926378	    -16.04369064	     -7.50694709	    -20.41430488	      7.42777509	     -1.72676077	      9.90863203	    -16.23963160	     12.02423054	     45.45516865	     90.00000001	      0.00000000	      0.00000000	    -13.76515845	    -10.41613741	     -1.85196013	     67.15099308	     90.00000001	      0.00000000	      0.00000000
      4.00000000	      1.97727925	     -0.76980143	     -3.12060685	     -0.58932980	      0.92972898	      0.27398365	      9.76659447	     -5.17238711	    -26.38953822	     31.01091894	      1.75265150	      0.54124264	     17.79796749	     14.44002293	     -7.50685692	     27.91998806	     -7.75455503	     -7.88580675	     63.13911363	     -1.08680568	      1.10198542	      3.00039679	    -15.91606607	     -7.50685692	    -20.47195558	      7.52087391	     -1.71929592	      9.87631422	    -16.19257177	     12.03551352	     45.41019258	     90.00000001	      0.00000000	      0.00000000	    -13.74332049	    -10.49280074	     -1.87213476	     67.13422373	     90.00000001	      0.00000000	      0.00000000
      4.01000000	      1.87440194	     -0.98316321	     -3.08521012	     -0.58714852	      0.92946782	      0.27487953	      9.58633388	     -4.88077354	    -26.46861333	     30.82882756	      1.85057288	      0.53806455	     17.87125220	     14.42732090	     -7.50677194	     28.57930389	     -7.82197985	     -8.10592280	     61.34689622	     -1.21251872	      1.07070532	      3.44280996	    -15.75089647	     -7.50677194	    -20.53852072	      7.64344857	     -1.65416233	      9.86552043	    -16.13049235	     12.03446055	     45.35722574	     90.00000001	      0.00000000	      0.00000000	    -13.74678065	    -10.56029277	     -1.88471563	     67.07801948	     90.00000001	      0.00000000	      0.00000000
      4.02000000	      2.01773086	     -1.14007258	     -3.04527834	     -0.58476147	      0.92955574	      0.27579685	      9.03330287	     -4.66496084	    -26.50247297	     30.49779119	      2.03480005	      0.53228687	     18.01073225	     14.73534403	     -7.50664040	     28.81788279	     -7.81453123	     -8.61859999	     59.25005514	     -1.45136800	      1.03410854	      4.03213556	    -15.64809443	     -7.50664040	    -20.86041288	      7.65524091	     -1.66391639	     10.03070726	    -15.93138553	     12.00590224	     44.89629621	     90.00000001	      0.00000000	      0.00000000	    -13.55694307	    -10.69786490	     -1.90901815	     66.75788733	     90.00000001	      0.00000000	      0.00000000
      4.03000000	      1.86983999	     -1.37369384	     -3.00867536	     -0.58234558	      0.92918611	      0.27674231	      8.85810040	     -4.32247437	    -26.60931360	     30.24230136	      2.08803158	      0.52782773	     18.10616312	     14.76950946	     -7.50654010	     29.32639850	     -7.86610870	     -8.84085519	     57.01280018	     -1.50475705	      0.99506108	      4.25226456	    -15.29888902	     -7.50654010	    -20.86281827	      7.74696104	     -1.61487621	      9.97997068	    -15.83729817	     11.96053555	     44.73485584	     90.00000001	      0.00000000	      0.00000000	    -13.55371394	    -10.73723908	     -1.91430273	     66.64489719	     90.00000001	      0.00000000	      0.00000000
      4.04000000	      1.98618416	     -1.61405993	     -2.98863367	     -0.57969106	      0.92916693	      0.27758938	      8.27586001	     -4.08136511	    -26.76709358	     29.90042808	      2.35135375	      0.52186092	     18.27078158	     15.28569779	     -7.50635283	     29.40831148	     -7.88485030	     -9.25958961	     54.58366684	     -1.63804606	      0.95266470	      4.28480947	    -14.90961675	     -7.50635283	    -21.12987991	      7.84113793	     -1.54859360	     10.20906439	    -15.53122177	     11.72397004	     44.01758582	     90.00000001	      0.00000000	      0.00000000	    -13.43135284	    -10.78608237	     -1.93655084	     66.14270135	     90.00000001	      0.00000000	      0.00000000
      4.05000000	      2.00024773	     -1.84640432	     -2.91697824	     -0.57692881	      0.92894349	      0.27840758	      7.82637461	     -3.77226196	    -26.87155312	     29.55983395	      2.48904264	      0.51591643	     18.40223433	     15.49306465	     -7.50622024	     29.52977634	     -7.89695889	     -9.55237951	     52.09215047	     -1.55866055	      0.90917954	      4.20262076	    -14.56526456	     -7.50622024	    -21.25975124	      7.92381166	     -1.55065038	     10.16890357	    -15.34831203	     11.55006851	     43.71260760	     90.00000001	      0.00000000	      0.00000000	    -13.34930306	    -10.87510970	     -1.99495260	     65.91858973	     90.00000001	      0.00000000	      0.00000000
      4.06000000	      1.90859379	     -2.12621849	     -2.88670893	     -0.57411111	      0.92848528	      0.27927611	      7.51096573	     -3.36816231	    -26.96536813	     29.21390553	      2.53995881	      0.50987884	     18.51510397	     15.57463292	     -7.50613503	     29.70796590	     -7.93242873	     -9.82940495	     49.60317989	     -1.48689950	      0.86573881	      4.05612042	    -14.24818144	     -7.50613503	    -21.26890709	      8.03391290	     -1.50436683	     10.05636927	    -15.22857075	     11.46303894	     43.56565114	     90.00000001	      0.00000000	      0.00000000	    -13.34512168	    -10.90690034	     -2.02425100	     65.76644845	     90.00000001	      0.00000000	      0.00000000
      4.07000000	      2.02220882	     -2.39520397	     -2.85596169	     -0.57106166	      0.92833254	      0.28014239	      6.85729924	     -3.05288771	    -27.06164300	     28.76456576	      2.80242649	      0.50203638	     18.65712226	     15.86658555	     -7.50604995	     29.53675251	     -7.93942526	    -10.19086701	     47.07076817	     -1.40008475	      0.82153989	      3.49302191	    -13.96711256	     -7.50604995	    -21.49212109	      8.09780320	     -1.44609311	     10.02497254	    -15.02240571	     11.32742918	     43.27712529	     90.00000001	      0.00000000	      0.00000000	    -13.25510711	    -10.97354401	     -2.09464091	     65.42469622	     90.00000001	      0.00000000	      0.00000000
      4.08000000	      2.10961427	     -2.67726219	     -2.82855480	     -0.56781441	      0.92806118	      0.28095059	      6.23723467	     -2.77466566	    -27.38838516	     28.40124861	      2.99833434	      0.49569530	     18.88373833	     16.85695067	     -7.50578074	     29.36501947	     -7.96754822	    -10.74941677	     44.69367879	     -1.38289872	      0.78005185	      2.59194361	    -13.82930023	     -7.50578074	    -21.63878905	      8.17506211	     -1.41909793	     10.13753574	    -14.58388475	     10.55605605	     42.41475114	     90.00000001	      0.00000000	      0.00000000	    -13.05262456	    -10.89570942	     -2.28184975	     64.72090026	     90.00000001	      0.00000000	      0.00000000
      4.09000000	      2.08879615	     -3.00627689	     -2.79933851	     -0.56456598	      0.92754641	      0.28181850	      5.78254394	     -2.31989454	    -27.50294514	     28.00548157	      3.06834368	      0.48878786	     19.03802983	     16.95626424	     -7.50573698	     29.27774357	     -8.01628403	    -11.17537264	     42.50224150	     -1.29190518	      0.74180405	      2.14002760	    -13.67042622	     -7.50573698	    -21.68045824	      8.28268005	     -1.37649231	      9.95787630	    -14.45870550	     10.50576836	     42.32476554	     90.00000001	      0.00000000	      0.00000000	    -13.13741551	    -10.93161725	     -2.32859135	     64.58955094	     90.00000001	      0.00000000	      0.00000000
      4.10000000	      2.22007695	     -3.29294183	     -2.78234882	     -0.56108395	      0.92728098	      0.28265722	      5.07481935	     -1.96168576	    -27.54005066	     27.51875817	      3.30918050	      0.48029294	     19.18966717	     17.18471381	     -7.50568052	     28.94530630	     -8.01928799	    -11.80686559	     40.46519362	     -1.27437935	      0.70625086	      1.25618046	    -13.47822756	     -7.50568052	    -21.85918357	      8.31549285	     -1.30433911	      9.80154651	    -14.29214879	     10.42345186	     42.18327718	     90.00000001	      0.00000000	      0.00000000	    -13.12430240	    -10.95600622	     -2.41393740	     64.30432045	     90.00000001	      0.00000000	      0.00000000
      4.11000000	      2.41325853	     -3.57988816	     -2.76547486	     -0.55746089	      0.92705034	      0.28344527	      4.27197687	     -1.66598538	    -27.57348367	     27.06204853	      3.66135495	      0.47232185	     19.35608110	     17.61305230	     -7.50560361	     28.56320528	     -8.05776582	    -12.73567680	     38.76566953	     -1.35262642	      0.67658857	      0.13899507	    -13.42344031	     -7.50560361	    -22.09328543	      8.34332114	     -1.24323162	      9.67330445	    -14.08753092	     10.23995425	     41.93751400	     90.00000001	      0.00000000	      0.00000000	    -13.05418173	    -10.93010091	     -2.57339460	     63.81841561	     90.00000001	      0.00000000	      0.00000000
      4.12000000	      2.46130554	     -3.86245645	     -2.77651657	     -0.55383268	      0.92659413	      0.28430230	      3.74159254	     -1.27682178	    -27.63480192	     26.70371586	      3.72995411	      0.46606776	     19.54071769	     17.85355812	     -7.50555867	     28.33077095	     -8.07061695	    -13.56279657	     37.36516900	     -1.43441478	      0.65214522	     -0.45993703	    -13.46011887	     -7.50555867	    -22.16173504	      8.34280169	     -1.17233619	      9.48177871	    -13.90136948	     10.14451383	     41.76822562	     90.00000001	      0.00000000	      0.00000000	    -13.07580287	    -10.90826857	     -2.70094027	     63.50628421	     90.00000001	      0.00000000	      0.00000000
      4.13000000	      2.60186046	     -4.10062056	     -2.79074224	     -0.55004657	      0.92627648	      0.28509750	      3.08452736	     -0.99454807	    -27.57748964	     26.35528691	      3.95570014	      0.45998653	     19.74220778	     18.14958020	     -7.50547678	     28.00563542	     -8.08297201	    -14.66007352	     36.31210892	     -1.62654834	      0.63376586	     -1.19724499	    -13.47620791	     -7.50547678	    -22.30970160	      8.28720491	     -1.10974927	      9.27915447	    -13.71102145	      9.95690761	     41.58271250	     90.00000001	      0.00000000	      0.00000000	    -13.04710197	    -10.82331996	     -2.91285503	     63.04310082	     90.00000001	      0.00000000	      0.00000000
      4.14000000	      2.67470084	     -4.31878427	     -2.80057188	     -0.54618876	      0.92583178	      0.28591850	      2.58316996	     -0.65903554	    -27.53255839	     26.10314988	      3.97378242	      0.45558591	     19.94214120	     18.27866541	     -7.50542624	     27.75530581	     -8.05722325	    -15.62008214	     35.55229905	     -1.83300808	      0.62050468	     -1.47245901	    -13.61563146	     -7.50542624	    -22.34822471	      8.19500528	     -1.03598139	      9.05005448	    -13.51787460	      9.86979270	     41.45687611	     90.00000001	      0.00000000	      0.00000000	    -13.09583603	    -10.77279570	     -3.07344683	     62.73022449	     90.00000001	      0.00000000	      0.00000000
      4.15000000	      2.63415206	     -4.55267205	     -2.78515410	     -0.54228752	      0.92521268	      0.28668743	      2.27052398	     -0.36319202	    -27.55884569	     26.02912475	      4.04541477	      0.45429393	     20.05511580	     18.28554519	     -7.50540860	     27.65528822	     -8.09396228	    -16.23158699	     35.13620721	     -1.86477417	      0.61324250	     -1.47554671	    -13.75360628	     -7.50540860	    -22.24969489	      8.13923597	     -1.00910684	      8.73715438	    -13.33810132	      9.88017810	     41.36821709	     90.00000001	      0.00000000	      0.00000000	    -13.27597083	    -10.76261362	     -3.14007412	     62.55197867	     90.00000001	      0.00000000	      0.00000000
      4.16000000	      2.89869148	     -4.63540965	     -2.90148968	     -0.53825422	      0.92514336	      0.28743813	      1.58659131	     -0.18694382	    -27.13726180	     25.77161572	      4.13333792	      0.44979955	     20.42677852	     18.38602589	     -7.50534102	     27.17563182	     -8.00250293	    -17.73205829	     34.85960463	     -2.44760948	      0.60841488	     -1.69022708	    -13.96527822	     -7.50534102	    -22.50011918	      7.85313406	     -0.85964909	      8.53667322	    -13.16052793	      9.72898695	     41.23711206	     90.00000001	      0.00000000	      0.00000000	    -13.20827394	    -10.58816798	     -3.46857948	     61.99757779	     90.00000001	      0.00000000	      0.00000000
      4.17000000	      2.94412946	     -4.72415435	     -2.96161235	     -0.53420254	      0.92478055	      0.28818979	      1.26832220	      0.03953318	    -26.97213845	     25.72036958	      3.98779600	      0.44890513	     20.64016876	     18.29034367	     -7.50529919	     26.92915584	     -7.92978731	    -18.54847284	     34.75862246	     -2.74692109	      0.60665241	     -1.41404644	    -14.16628905	     -7.50529919	    -22.47038134	      7.59431930	     -0.80760156	      8.26646131	    -12.98005853	      9.67460351	     41.16325712	     90.00000001	      0.00000000	      0.00000000	    -13.32211918	    -10.49200290	     -3.65978236	     61.68126733	     90.00000001	      0.00000000	      0.00000000
      4.18000000	      3.03642124	     -4.75914314	     -3.06655876	     -0.53010502	      0.92452167	      0.28892847	      0.93711426	      0.17794284	    -26.67204091	     25.75155864	      3.88955754	      0.44944949	     20.90259458	     18.13929665	     -7.50525727	     26.64004329	     -7.85984917	    -19.34361473	     34.85317830	     -3.08762285	      0.60830272	     -1.03808149	    -14.37576676	     -7.50525727	    -22.49411162	      7.26640050	     -0.70247516	      7.98421236	    -12.79089123	      9.63000473	     41.09771706	     90.00000001	      0.00000000	      0.00000000	    -13.43538815	    -10.37624770	     -3.87911318	     61.33619769	     90.00000001	      0.00000000	      0.00000000
      4.19000000	      3.05158362	     -4.80325709	     -3.08498549	     -0.52604948	      0.92421985	      0.28952115	      0.74789400	      0.33586971	    -26.47733792	     25.86159201	      3.73684099	      0.45136993	     20.95810423	     18.09282871	     -7.50524719	     26.43494479	     -7.74980433	    -19.47084681	     35.00173604	     -3.25231344	      0.61089554	     -0.90817868	    -14.43028924	     -7.50524719	    -22.41933962	      6.97047295	     -0.65802936	      7.63979131	    -12.61816851	      9.66132566	     41.01588903	     90.00000001	      0.00000000	      0.00000000	    -13.67150418	    -10.26941090	     -3.91154198	     61.16957416	     90.00000001	      0.00000000	      0.00000000
      4.20000000	      3.19007489	     -4.70250412	     -3.29741378	     -0.52184832	      0.92412935	      0.29017062	      0.48290010	      0.31697847	    -25.90803916	     26.07642267	      3.60811092	      0.45511943	     21.48085420	     17.61220252	     -7.50519046	     26.05817905	     -7.67713942	    -20.48428687	     35.25643226	     -3.69801148	      0.61534083	     -0.02368919	    -14.71562463	     -7.50519046	    -22.46729206	      6.47542114	     -0.47151751	      7.39378117	    -12.47081883	      9.58423302	     41.02208199	     90.00000001	      0.00000000	      0.00000000	    -13.70200055	    -10.04279511	     -4.29430316	     60.64784543	     90.00000001	      0.00000000	      0.00000000
      4.21000000	      3.22071752	     -4.63448593	     -3.34972568	     -0.51772982	      0.92402643	      0.29069097	      0.33502613	      0.39601066	    -25.63438441	     26.21967426	      3.34245105	      0.45761964	     21.53897129	     17.49632259	     -7.50517744	     25.80533603	     -7.55362657	    -20.51434883	     35.48121147	     -3.81992770	      0.61926396	      0.13797226	    -14.70647169	     -7.50517744	    -22.39882881	      6.04831375	     -0.40900123	      7.06094239	    -12.30481477	      9.61251281	     40.96179329	     90.00000001	      0.00000000	      0.00000000	    -13.95411638	     -9.90045070	     -4.35177233	     60.44296711	     90.00000001	      0.00000000	      0.00000000
      4.22000000	      3.22167119	     -4.48475797	     -3.60838805	     -0.51359185	      0.92395192	      0.29117923	      0.30270538	      0.38697810	    -24.48160640	     26.51743749	      3.32706044	      0.46281659	     21.90052195	     15.62303999	     -7.50495875	     25.53418408	     -7.51294713	    -21.20535692	     35.73180860	     -4.10483239	      0.62363771	      1.22667700	    -14.06444610	     -7.50495875	    -22.28078899	      5.52787206	     -0.17182811	      6.67614712	    -12.18420306	      9.39235504	     41.25389049	     90.00000001	      0.00000000	      0.00000000	    -13.76097174	     -9.20614256	     -5.65179069	     59.31179533	     90.00000001	      0.00000000	      0.00000000
      4.23000000	      3.29760329	     -4.30358272	     -3.75798493	     -0.50940310	      0.92404058	      0.29155298	      0.18299438	      0.28154531	    -24.14211115	     26.82671716	      3.06387537	      0.46821454	     22.01171172	     15.32468730	     -7.50490843	     25.14880767	     -7.39419065	    -21.36168925	     35.91177263	     -4.12975388	      0.62677867	      1.72856173	    -14.23595452	     -7.50490843	    -22.23816678	      4.98458254	     -0.05835025	      6.41239095	    -12.06265713	      9.43078988	     41.21851981	     90.00000001	      0.00000000	      0.00000000	    -14.01324899	     -9.02922179	     -5.74973204	     59.11247841	     90.00000001	      0.00000000	      0.00000000
      4.24000000	      3.32397317	     -4.16000663	     -3.82367698	     -0.50520733	      0.92416077	      0.29176363	      0.06208425	      0.26676671	    -23.90329394	     26.97816729	      2.73745884	      0.47085785	     22.02914161	     15.25124317	     -7.50489944	     24.85122125	     -7.29354028	    -21.31810029	     36.10909203	     -4.11830818	      0.63022255	      1.83093149	    -14.23968654	     -7.50489944	    -22.13089427	      4.53026420	      0.01456171	      6.12616349	    -11.94157250	      9.47154145	     41.16349370	     90.00000001	      0.00000000	      0.00000000	    -14.33889672	     -8.83211300	     -5.72578719	     58.93933393	     90.00000001	      0.00000000	      0.00000000
      4.25000000	      3.37134979	     -3.81538306	     -4.05669832	     -0.50110193	      0.92434553	      0.29190477	      0.10441211	     -0.10143009	    -23.38088022	     27.57484228	      2.56058322	      0.48127179	     22.39703669	     14.53175711	     -7.50483790	     24.37706130	     -7.06525528	    -21.57217753	     36.08949252	     -3.98905698	      0.62988047	      2.66232475	    -14.36741556	     -7.50483790	    -22.04653996	      3.83739371	      0.21045619	      5.85727127	    -11.89463719	      9.54075041	     41.29456687	     90.00000001	      0.00000000	      0.00000000	    -14.41344159	     -8.53914208	     -5.99652865	     58.39187530	     90.00000001	      0.00000000	      0.00000000
      4.26000000	      3.38222279	     -3.58507516	     -4.19616481	     -0.49696735	      0.92464604	      0.29202154	      0.05634715	     -0.21567792	    -23.05701898	     27.79080272	      2.19292716	      0.48504101	     22.41817460	     14.27445488	     -7.50481401	     23.99571687	     -6.98595625	    -21.67972403	     36.16196010	     -3.76257460	      0.63114527	      2.85021477	    -14.32097187	     -7.50481401	    -21.91395264	      3.29647738	      0.30957396	      5.62283206	    -11.79066291	      9.60428123	     41.34533659	     90.00000001	      0.00000000	      0.00000000	    -14.67078848	     -8.31465687	     -6.07267637	     58.06885986	     90.00000001	      0.00000000	      0.00000000
      4.27000000	      3.34333777	     -3.32556691	     -4.38775745	     -0.49293402	      0.92493998	      0.29190147	      0.07986604	     -0.42635334	    -22.16601917	     28.13233242	      2.19262816	      0.49100183	     22.36143381	     12.58721963	     -7.50459922	     23.63782454	     -6.84350019	    -22.09718080	     36.07640590	     -3.74201096	      0.62965207	      3.46774984	    -13.78116060	     -7.50459922	    -21.74417893	      2.76182152	      0.57982095	      5.16229666	    -12.00367891	      9.99025762	     42.01924403	     90.00000001	      0.00000000	      0.00000000	    -14.45035773	     -7.61678587	     -7.02711247	     56.72947271	     90.00000001	      0.00000000	      0.00000000
      4.28000000	      3.37376547	     -3.05163406	     -4.50956311	     -0.48884519	      0.92539205	      0.29172839	      0.00429211	     -0.68842096	    -21.94958074	     28.41330886	      1.93146860	      0.49590579	     22.31349964	     12.38762227	     -7.50455740	     23.17001102	     -6.66729780	    -22.31121145	     35.94805983	     -3.53542816	      0.62741200	      3.74517261	    -13.75792508	     -7.50455740	    -21.63369980	      2.21667026	      0.68805598	      4.98149227	    -11.98296614	     10.10095163	     42.06834401	     90.00000001	      0.00000000	      0.00000000	    -14.73085085	     -7.35202750	     -7.06248131	     56.45885778	     90.00000001	      0.00000000	      0.00000000
      4.29000000	      3.34573373	     -2.86735744	     -4.55689135	     -0.48478549	      0.92578897	      0.29138003	     -0.08543673	     -0.82421222	    -21.80390864	     28.53386327	      1.65402911	      0.49800986	     22.28214791	     12.30987840	     -7.50454618	     22.83840140	     -6.56894902	    -22.44019861	     35.93113428	     -3.34311654	      0.62711660	      3.84567084	    -13.72608455	     -7.50454618	    -21.46185557	      1.82538313	      0.77439812	      4.81392333	    -11.97955072	     10.14159076	     42.07547276	     90.00000001	      0.00000000	      0.00000000	    -15.06888181	     -7.05452925	     -7.01534624	     56.22699286	     90.00000001	      0.00000000	      0.00000000
      4.30000000	      3.37554209	     -2.51200490	     -4.74823043	     -0.48076902	      0.92637986	      0.29088693	     -0.13743970	     -1.29233253	    -21.41014209	     28.92356434	      1.61334707	      0.50481143	     22.19768598	     11.56666911	     -7.50437546	     22.29081121	     -6.24958638	    -23.17086956	     35.55767076	     -3.37958273	      0.62059843	      4.44380235	    -12.90744618	     -7.50437546	    -21.35559449	      1.25834564	      1.02872182	      4.44767430	    -12.30603368	     10.77200383	     42.87794720	     90.00000001	      0.00000000	      0.00000000	    -14.77115256	     -6.50826741	     -7.62833259	     54.70233936	     90.00000001	      0.00000000	      0.00000000
      4.31000000	      3.32337382	     -2.37383923	     -4.77134047	     -0.47679762	      0.92684435	      0.29034424	     -0.24421505	     -1.40877171	    -21.32605316	     28.97998292	      1.38771333	      0.50579612	     22.13183765	     11.53308434	     -7.50436677	     21.99169034	     -6.14328512	    -23.27723139	     35.52019194	     -3.21268012	      0.61994430	      4.52662982	    -12.88558104	     -7.50436677	    -21.16998287	      0.96438648	      1.12935682	      4.33325941	    -12.36043836	     10.79612095	     42.87682893	     90.00000001	      0.00000000	      0.00000000	    -15.14090032	     -6.19206045	     -7.56429444	     54.52096807	     90.00000001	      0.00000000	      0.00000000
      4.32000000	      3.42063901	     -2.02349328	     -4.89567742	     -0.47277548	      0.92762077	      0.28962624	     -0.45618583	     -1.96081049	    -21.27675298	     29.25360721	      1.36751638	      0.51057176	     21.84445557	     11.34936304	     -7.50428410	     21.33840380	     -5.70832304	    -23.78100256	     35.02491331	     -3.19631233	      0.61130006	      5.00648078	    -12.45872599	     -7.50428410	    -21.13024589	      0.43891465	      1.29428797	      4.16045726	    -12.58340848	     11.20167558	     43.34199071	     90.00000001	      0.00000000	      0.00000000	    -15.09500802	     -5.82914588	     -7.80841643	     53.62073750	     90.00000001	      0.00000000	      0.00000000
      4.33000000	      3.34517246	     -1.92336054	     -4.90010756	     -0.46892871	      0.92812922	      0.28891669	     -0.56533918	     -2.05804927	    -21.22496487	     29.27638643	      1.17557512	      0.51096934	     21.78522639	     11.32832423	     -7.50427529	     21.08369405	     -5.57826823	    -23.87080884	     34.96263772	     -3.09094184	      0.61021314	      5.08022855	    -12.40306139	     -7.50427529	    -20.93886202	      0.23579984	      1.41207489	      4.12481276	    -12.69703164	     11.22500361	     43.38829700	     90.00000001	      0.00000000	      0.00000000	    -15.43357476	     -5.50374756	     -7.75303992	     53.38925115	     90.00000001	      0.00000000	      0.00000000
      4.34000000	      3.45842775	     -1.64006542	     -4.95953832	     -0.46496685	      0.92897841	      0.28798317	     -0.86983156	     -2.56927443	    -21.29093045	     29.42735628	      1.20424697	      0.51360426	     21.41579245	     11.31033726	     -7.50419827	     20.44325820	     -5.11354698	    -24.27928343	     34.44819235	     -3.17034312	      0.60123438	      5.56455929	    -11.79637490	     -7.50419827	    -20.92698337	     -0.16318608	      1.58183595	      3.95689910	    -13.03329438	     11.73906103	     44.03145416	     90.00000001	      0.00000000	      0.00000000	    -15.24162185	     -5.12269992	     -8.02884168	     52.16396050	     90.00000001	      0.00000000	      0.00000000
      4.35000000	      3.36578225	     -1.57788156	     -4.93969340	     -0.46119768	      0.92947293	      0.28710121	     -0.98770937	     -2.65789273	    -21.27528970	     29.41752096	      1.06335905	      0.51343260	     21.36354108	     11.30441985	     -7.50419017	     20.23272739	     -4.96725341	    -24.32501806	     34.39738201	     -3.11941045	      0.60034757	      5.63030560	    -11.72476735	     -7.50419017	    -20.72337388	     -0.27725349	      1.69916087	      3.98071361	    -13.19460361	     11.75693428	     44.09980797	     90.00000001	      0.00000000	      0.00000000	    -15.56015964	     -4.81889885	     -7.98402267	     51.93158336	     90.00000001	      0.00000000	      0.00000000
      4.36000000	      3.51417655	     -1.38335019	     -4.94275736	     -0.45728470	      0.93037563	      0.28604109	     -1.41112030	     -3.10172997	    -21.51101816	     29.44371894	      1.13228380	      0.51388984	     20.90943238	     11.49313552	     -7.50407475	     19.59015229	     -4.53831883	    -24.65278310	     33.90379846	     -3.27893328	      0.59173291	      6.26214085	    -10.65174000	     -7.50407475	    -20.77095107	     -0.53228371	      1.87793434	      3.76067566	    -13.74593527	     12.70910117	     45.17049301	     90.00000001	      0.00000000	      0.00000000	    -15.13906113	     -4.40283408	     -8.45433172	     50.16597995	     90.00000001	      0.00000000	      0.00000000
      4.37000000	      3.50622534	     -1.31817443	     -4.87860159	     -0.45347379	      0.93095942	      0.28492828	     -1.65188859	     -3.24731010	    -21.62479568	     29.41582936	      1.00579505	      0.51340307	     20.78277339	     11.75264403	     -7.50387554	     19.26966631	     -4.33969187	    -25.02331803	     33.74575661	     -3.44118045	      0.58897456	      6.81415785	     -9.53159569	     -7.50387554	    -20.65286985	     -0.59810726	      1.95556043	      3.62798792	    -14.48037601	     13.99087512	     46.10530171	     90.00000001	      0.00000000	      0.00000000	    -15.07725378	     -3.91280245	     -9.03585684	     49.18743879	     90.00000001	      0.00000000	      0.00000000
      4.38000000	      3.41752004	     -1.28722066	     -4.81434177	     -0.44983568	      0.93142099	      0.28388099	     -1.79261841	     -3.35067675	    -21.64298261	     29.40968646	      0.96297626	      0.51329586	     20.71972212	     11.74422656	     -7.50386710	     19.08548140	     -4.15413477	    -24.98605825	     33.67236951	     -3.46653982	      0.58769371	      6.87230304	     -9.48766156	     -7.50386710	    -20.46817417	     -0.63269146	      2.06244443	      3.76602459	    -14.66221544	     13.96642668	     46.14938967	     90.00000001	      0.00000000	      0.00000000	    -15.37246008	     -3.69454340	     -8.99542142	     49.03479304	     90.00000001	      0.00000000	      0.00000000
      4.39000000	      3.37929246	     -1.22480038	     -4.72037612	     -0.44618452	      0.93195507	      0.28269583	     -1.99555768	     -3.52085062	    -21.70444197	     29.40705146	      0.96741906	      0.51324987	     20.56018192	     11.73715090	     -7.50385493	     18.79967773	     -3.85558527	    -24.89992654	     33.45876902	     -3.51805823	      0.58396568	      7.01233991	     -9.38229579	     -7.50385493	    -20.33487016	     -0.67869254	      2.09415250	      3.95367384	    -14.88303041	     13.96315993	     46.25449211	     90.00000001	      0.00000000	      0.00000000	    -15.63207691	     -3.47963202	     -8.95608323	     48.76093312	     90.00000001	      0.00000000	      0.00000000
      4.40000000	      3.41006399	     -1.14190099	     -4.56693882	     -0.44257960	      0.93256021	      0.28141161	     -2.28324931	     -3.75117392	    -21.81541696	     29.42495752	      1.02096529	      0.51356239	     20.29414642	     11.72711419	     -7.50383717	     18.42153957	     -3.49860575	    -24.73729603	     33.14877133	     -3.57988221	      0.57855520	      7.23439591	     -9.16529701	     -7.50383717	    -20.29283264	     -0.73787779	      2.04975267	      4.16120576	    -15.10050646	     14.02049915	     46.43457332	     90.00000001	      0.00000000	      0.00000000	    -15.77200028	     -3.33042728	     -8.93361256	     48.33723176	     90.00000001	      0.00000000	      0.00000000
      4.41000000	      3.55074408	     -1.10560279	     -4.39447020	     -0.43886962	      0.93325634	      0.28016977	     -2.70867032	     -3.91553011	    -22.01017045	     29.42140366	      1.03659622	      0.51350036	     19.87625713	     11.75932503	     -7.50361650	     17.92458499	     -3.25503099	    -24.95161396	     32.89476822	     -3.77770856	      0.57412201	      8.00221966	     -7.52416372	     -7.50361650	    -20.35880865	     -0.72481980	      2.10656639	      4.13498861	    -15.74973993	     15.30261255	     47.36250792	     90.00000001	      0.00000000	      0.00000000	    -15.35267742	     -3.13953971	     -9.23622233	     46.73256436	     90.00000001	      0.00000000	      0.00000000
      4.42000000	      3.46821922	     -1.11433595	     -4.24756396	     -0.43535531	      0.93356343	      0.27899336	     -2.83342921	     -3.97074232	    -22.02849675	     29.45622544	      1.02739753	      0.51410812	     19.82317535	     11.73698285	     -7.50360933	     17.77415319	     -3.11677374	    -24.88673702	     32.86629566	     -3.80751038	      0.57362507	      8.04612359	     -7.46189723	     -7.50360933	    -20.19024866	     -0.66881516	      2.18324420	      4.37032242	    -15.97170565	     15.24118816	     47.41491919	     90.00000001	      0.00000000	      0.00000000	    -15.56981059	     -3.06314660	     -9.22609646	     46.61823515	     90.00000001	      0.00000000	      0.00000000
      4.43000000	      3.55451117	     -1.04235450	     -3.99748138	     -0.43181158	      0.93409373	      0.27762926	     -3.13685262	     -4.17755017	    -22.18272642	     29.58211770	      1.08359295	      0.51630535	     19.47078399	     11.53891733	     -7.50356585	     17.34740420	     -2.78005298	    -24.62396563	     32.58592527	     -3.81030612	      0.56873169	      8.40982943	     -7.00208945	     -7.50356585	    -20.21543009	     -0.67527332	      2.02315584	      4.68125473	    -16.13340360	     15.35598236	     47.57703569	     90.00000001	      0.00000000	      0.00000000	    -15.67190182	     -3.04306461	     -9.19151715	     46.18604853	     90.00000001	      0.00000000	      0.00000000
      4.44000000	      3.50533720	     -1.08868598	     -3.80161406	     -0.42836492	      0.93434814	      0.27638322	     -3.24528253	     -4.16142152	    -22.13713261	     29.70783811	      1.03356908	      0.51849959	     19.39888496	     11.49609858	     -7.50355718	     17.17880746	     -2.67842145	    -24.55920281	     32.56303588	     -3.87627401	      0.56833219	      8.47446834	     -6.89611689	     -7.50355718	    -20.09492775	     -0.55835083	      2.05770170	      4.93859507	    -16.37143290	     15.29912657	     47.62937336	     90.00000001	      0.00000000	      0.00000000	    -15.85206745	     -3.02588656	     -9.18204735	     46.03879057	     90.00000001	      0.00000000	      0.00000000
      4.45000000	      3.49449417	     -1.12209874	     -3.57032729	     -0.42494856	      0.93461445	      0.27510058	     -3.35768825	     -4.16428443	    -22.08310448	     29.91499577	      0.97881213	      0.52211517	     19.28135485	     11.41642415	     -7.50354849	     16.96011378	     -2.56341514	    -24.46484033	     32.51198819	     -3.92100490	      0.56744124	      8.58321086	     -6.75357656	     -7.50354849	    -20.02337981	     -0.44304398	      2.02218576	      5.24076854	    -16.57524955	     15.24671559	     47.69782303	     90.00000001	      0.00000000	      0.00000000	    -16.01718503	     -3.05794382	     -9.17095473	     45.86361209	     90.00000001	      0.00000000	      0.00000000
      4.46000000	      3.56610355	     -1.14950955	     -3.32704429	     -0.42148499	      0.93497302	      0.27380933	     -3.54736059	     -4.17487054	    -21.70739558	     30.17337775	      1.11754626	      0.52662479	     18.60256922	      9.94193823	     -7.50336704	     16.63063818	     -2.51511393	    -24.81518249	     32.44550954	     -4.08891627	      0.56628097	      9.57497103	     -4.72813318	     -7.50336704	    -20.02288637	     -0.33103224	      1.91328627	      5.69834003	    -16.78360166	     15.83582449	     47.61278698	     90.00000001	      0.00000000	      0.00000000	    -15.89204845	     -3.17924790	     -8.75522983	     44.91556642	     90.00000001	      0.00000000	      0.00000000
      4.47000000	      3.57648797	     -1.19198709	     -3.07937235	     -0.41812276	      0.93515761	      0.27248879	     -3.60712356	     -4.16510866	    -21.60342417	     30.51157499	      1.03059715	      0.53252744	     18.50095214	      9.86676338	     -7.50335471	     16.40322411	     -2.42728557	    -24.74353037	     32.40737234	     -4.11886388	      0.56561535	      9.65320116	     -4.63695369	     -7.50335471	    -19.97989647	     -0.20170877	      1.88808094	      6.01352082	    -16.95506279	     15.75373998	     47.67611058	     90.00000001	      0.00000000	      0.00000000	    -16.05298153	     -3.25827014	     -8.76071852	     44.85980571	     90.00000001	      0.00000000	      0.00000000
      4.48000000	      3.62545023	     -1.18464917	     -2.83114857	     -0.41477425	      0.93532823	      0.27120172	     -3.60561562	     -4.25903837	    -21.51579332	     31.08278042	      0.96701163	      0.54249686	     18.25703162	      9.56784443	     -7.50333145	     16.10010704	     -2.31244287	    -24.63588146	     32.34691465	     -4.06946962	      0.56456016	      9.89338639	     -4.41733088	     -7.50333145	    -19.97743796	     -0.13380527	      1.77038610	      6.42071930	    -17.03598198	     15.68349647	     47.69763487	     90.00000001	      0.00000000	      0.00000000	    -16.21663919	     -3.35706631	     -8.71109056	     44.78907909	     90.00000001	      0.00000000	      0.00000000
      4.49000000	      3.65195135	     -1.23538977	     -2.53833917	     -0.41137587	      0.93547769	      0.26985759	     -3.63632096	     -4.20873241	    -21.32333807	     31.47139989	      0.84228694	      0.54927955	     18.12588711	      9.47276461	     -7.50332418	     15.87502957	     -2.25021392	    -24.57006265	     32.35770800	     -4.11738220	      0.56474854	      9.97218528	     -4.33511187	     -7.50332418	    -19.93905763	      0.01540367	      1.71779453	      6.66677540	    -17.25666906	     15.58609769	     47.67915421	     90.00000001	      0.00000000	      0.00000000	    -16.38634478	     -3.56360586	     -8.74033304	     44.71439595	     90.00000001	      0.00000000	      0.00000000
      4.50000000	      3.63055923	     -1.16394133	     -2.32629714	     -0.40814403	      0.93546066	      0.26851879	     -3.37224946	     -4.43938256	    -21.01953080	     32.41964903	      0.88258979	      0.56582962	     17.46773031	      8.17115951	     -7.50326313	     15.66138765	     -2.05038966	    -24.50416205	     32.28656062	     -4.11830364	      0.56350679	     10.59488410	     -3.70733659	     -7.50326313	    -19.85297794	      0.02214060	      1.58927667	      7.25531505	    -17.15207264	     15.48341788	     47.23158590	     90.00000001	      0.00000000	      0.00000000	    -16.58229223	     -3.76248557	     -8.44854831	     44.72742235	     90.00000001	      0.00000000	      0.00000000
      4.51000000	      3.70785902	     -1.23311077	     -2.08684528	     -0.40489697	      0.93561882	      0.26730907	     -3.28010226	     -4.40666003	    -20.54246646	     33.16087154	      0.86367078	      0.57876639	     17.08486153	      7.56982834	     -7.50322921	     15.36638683	     -2.12579523	    -24.57080075	     32.33003219	     -4.01943696	      0.56426551	     10.76541055	     -3.42895630	     -7.50322921	    -19.89425264	      0.15097129	      1.53800421	      7.71163599	    -17.19548009	     15.34071588	     47.04050356	     90.00000001	      0.00000000	      0.00000000	    -16.77784495	     -3.94511593	     -8.31308941	     44.70985072	     90.00000001	      0.00000000	      0.00000000
      4.52000000	      3.70797530	     -1.33161479	     -1.89825851	     -0.40171963	      0.93570215	      0.26606412	     -3.06352687	     -4.29024404	    -19.28254748	     33.94584641	      1.16507946	      0.59246679	     16.07825690	      4.83752300	     -7.50305958	     15.19324060	     -2.19990903	    -24.80243091	     32.39888964	     -4.14351419	      0.56546730	     11.20521022	     -2.49570950	     -7.50305958	    -19.83342087	      0.34634509	      1.49130152	      8.41685127	    -16.95692070	     14.83267427	     46.01826011	     90.00000001	      0.00000000	      0.00000000	    -17.04721337	     -4.31089213	     -7.59628458	     44.94635357	     90.00000001	      0.00000000	      0.00000000
      4.53000000	      3.80683851	     -1.37395752	     -1.67727642	     -0.39847751	      0.93583923	      0.26480260	     -2.86699854	     -4.35833023	    -18.95490459	     34.93015706	      1.08472950	      0.60964625	     15.69433997	      4.68550873	     -7.50303813	     14.85616251	     -2.20406980	    -24.77574826	     32.39375663	     -4.03442016	      0.56537771	     11.35189222	     -2.43713451	     -7.50303813	    -19.89209891	      0.46851317	      1.44552557	      8.76385087	    -17.02672263	     14.70954299	     46.04468434	     90.00000001	      0.00000000	      0.00000000	    -17.16542824	     -4.48099261	     -7.58073474	     44.90822169	     90.00000001	      0.00000000	      0.00000000
      4.54000000	      3.77022383	     -1.41967525	     -1.50827740	     -0.39536258	      0.93584291	      0.26358752	     -2.43567725	     -4.40897678	    -17.96354489	     36.05952614	      1.34494954	      0.62935746	     14.64950660	      2.63114651	     -7.50287437	     14.70157030	     -2.18711723	    -24.78871510	     32.40738809	     -4.05422556	      0.56561562	     11.64768247	     -2.14643516	     -7.50287437	    -19.79305160	      0.58840302	      1.43080085	      9.32891993	    -16.79921577	     14.17819856	     45.29895287	     90.00000001	      0.00000000	      0.00000000	    -17.41239900	     -4.79095749	     -7.19091663	     45.10821495	     90.00000001	      0.00000000	      0.00000000
      4.55000000	      3.85054829	     -1.43442555	     -1.33837222	     -0.39218501	      0.93594614	      0.26237339	     -2.06477426	     -4.58625202	    -17.53594724	     37.33054766	      1.35055386	      0.65154097	     14.02548301	      2.37761329	     -7.50284035	     14.38319527	     -2.14594725	    -24.74072420	     32.38831935	     -3.97586922	      0.56528281	     11.84665883	     -2.09990398	     -7.50284035	    -19.82720136	      0.66648129	      1.42939815	      9.67041097	    -16.83422041	     14.03928717	     45.24146673	     90.00000001	      0.00000000	      0.00000000	    -17.54666143	     -4.99123171	     -7.18582818	     45.09200738	     90.00000001	      0.00000000	      0.00000000
      4.56000000	      4.03887587	     -1.58950491	     -1.13321218	     -0.38908514	      0.93624154	      0.26122114	     -1.81634090	     -4.54113553	    -17.08212586	     38.52534651	      1.29394345	      0.67239414	     13.56124424	      2.28254347	     -7.50282843	     13.96760727	     -2.27022009	    -24.65403547	     32.40971975	     -3.90783996	      0.56565632	     11.91938522	     -2.05321879	     -7.50282843	    -20.01788220	      0.90991091	      1.43519648	     10.06694020	    -16.88620012	     13.94231130	     45.23972653	     90.00000001	      0.00000000	      0.00000000	    -17.64560592	     -5.15925603	     -7.20426548	     45.06957297	     90.00000001	      0.00000000	      0.00000000
      4.57000000	      3.92160906	     -1.60770058	     -1.07372786	     -0.38614381	      0.93621389	      0.26011995	     -1.06197112	     -4.71505932	    -15.62898062	     40.05322016	      1.89658524	      0.69906057	     11.79340113	     -0.66775582	     -7.50267904	     13.88471229	     -2.23464739	    -24.63339759	     32.40061233	     -3.84402277	      0.56549736	     12.20547789	     -1.96066947	     -7.50267904	    -19.82280655	      0.97092548	      1.43064731	     10.74291988	    -16.54848453	     13.40409142	     44.10281048	     90.00000001	      0.00000000	      0.00000000	    -17.93372872	     -5.37773952	     -6.98025489	     45.35818018	     90.00000001	      0.00000000	      0.00000000
      4.58000000	      4.04690799	     -1.65854897	     -1.00332721	     -0.38308378	      0.93643809	      0.25901990	     -0.57164825	     -4.94063171	    -15.12898682	     41.55816056	      1.98021675	      0.72532673	     10.99949480	     -0.73585699	     -7.50265529	     13.48699238	     -2.25703674	    -24.57030684	     32.36914080	     -3.67570015	      0.56494808	     12.38051912	     -1.93474187	     -7.50265529	    -19.91907056	      1.09065796	      1.49414977	     11.11455654	    -16.54833833	     13.29856217	     44.12878672	     90.00000001	      0.00000000	      0.00000000	    -17.99654891	     -5.51248531	     -7.00016782	     45.33967120	     90.00000001	      0.00000000	      0.00000000
      4.59000000	      4.05594557	     -1.71528490	     -0.90449124	     -0.38013783	      0.93656019	      0.25802352	      0.11538051	     -5.15390320	    -14.48884540	     43.15991785	      2.19784401	      0.75328267	      9.88160026	     -1.21723037	     -7.50261962	     13.25601171	     -2.21689227	    -24.46779562	     32.29684986	     -3.68333081	      0.56368637	     12.59724904	     -1.93765618	     -7.50261962	    -19.89120270	      1.17127960	      1.55257744	     11.44662221	    -16.50747095	     13.17594174	     43.95247997	     90.00000001	      0.00000000	      0.00000000	    -18.12388399	     -5.67295704	     -7.02939713	     45.37321265	     90.00000001	      0.00000000	      0.00000000
      4.60000000	      4.26647895	     -1.88735262	     -0.82891648	     -0.37724936	      0.93700496	      0.25707368	      0.57434349	     -5.21189016	    -13.95783203	     44.66232086	      2.27867059	      0.77950455	      9.13896839	     -1.35637056	     -7.50260595	     12.78685084	     -2.39951632	    -24.37340049	     32.29867835	     -3.50124639	      0.56371828	     12.67966419	     -1.91001231	     -7.50260595	    -20.11669844	      1.40890332	      1.63850159	     11.89266922	    -16.49752227	     13.10168386	     43.95173046	     90.00000001	      0.00000000	      0.00000000	    -18.19942209	     -5.75371962	     -7.04718018	     45.36531291	     90.00000001	      0.00000000	      0.00000000
      4.61000000	      4.13125647	     -1.99431878	     -0.86980230	     -0.37458145	      0.93711325	      0.25620692	      1.51853550	     -5.37360265	    -12.16442853	     46.29915552	      3.31780374	      0.80807270	      6.77235741	     -4.79835072	     -7.50245417	     12.70846661	     -2.38302187	    -24.14888816	     32.20561235	     -3.47321381	      0.56209397	     12.83568606	     -2.23347190	     -7.50245417	    -19.93834569	      1.54513900	      1.74113432	     12.52506415	    -16.18762792	     12.75822166	     42.96970507	     90.00000001	      0.00000000	      0.00000000	    -18.37537849	     -5.85614205	     -7.12371425	     45.53063182	     90.00000001	      0.00000000	      0.00000000
      4.62000000	      4.25119790	     -2.09493324	     -0.85232848	     -0.37172094	      0.93747396	      0.25544047	      2.18371037	     -5.57854794	    -11.69189474	     47.89425908	      3.44740873	      0.83591251	      5.86564819	     -4.66835331	     -7.50243407	     12.30890104	     -2.47693196	    -24.06918346	     32.14651060	     -3.29427660	      0.56106245	     12.98195687	     -2.22894526	     -7.50243407	    -20.04483721	      1.66076580	      1.82258881	     12.79601924	    -16.14074968	     12.72140276	     43.03811561	     90.00000001	      0.00000000	      0.00000000	    -18.47339319	     -5.94440721	     -7.16602344	     45.48565965	     90.00000001	      0.00000000	      0.00000000
      4.63000000	      4.23493524	     -2.16848717	     -0.87762676	     -0.36902379	      0.93769211	      0.25456768	      3.06474592	     -5.88127112	    -11.09353644	     49.52068342	      3.73791569	      0.86429897	      4.60949053	     -4.88526811	     -7.50239004	     12.08222460	     -2.43654612	    -23.97224207	     32.02403445	     -3.28613116	      0.55892484	     13.18826297	     -2.30160448	     -7.50239004	    -20.01642778	      1.77173328	      1.92378247	     13.06880327	    -16.10286583	     12.69854681	     43.02817630	     90.00000001	      0.00000000	      0.00000000	    -18.55762651	     -6.00826714	     -7.21620202	     45.50809385	     90.00000001	      0.00000000	      0.00000000
      4.64000000	      4.24062211	     -2.35548511	     -0.94081150	     -0.36648767	      0.93806716	      0.25395128	      3.90495223	     -5.96590128	     -9.87010925	     50.98126779	      4.46105968	      0.88979098	      2.91685517	     -6.97115378	     -7.50224750	     11.83047265	     -2.58555412	    -23.73470961	     31.95559439	     -3.11401334	      0.55773034	     13.18208448	     -2.71717597	     -7.50224750	    -20.02881831	      1.97936936	      2.04791574	     13.53678381	    -15.98113034	     12.80109611	     42.72681119	     90.00000001	      0.00000000	      0.00000000	    -18.64060733	     -5.99607114	     -7.39593168	     45.46662587	     90.00000001	      0.00000000	      0.00000000
      4.65000000	      4.41615379	     -2.57095071	     -0.96434539	     -0.36380765	      0.93861126	      0.25333498	      4.52605996	     -6.05711836	     -9.57227792	     52.32251627	      4.53133363	      0.91320018	      2.35918070	     -6.76458571	     -7.50222853	     11.36677659	     -2.80992770	    -23.65398941	     31.88806775	     -2.95223133	      0.55655177	     13.26018593	     -2.67375648	     -7.50222853	    -20.21930056	      2.22736557	      2.15134492	     13.87172115	    -15.93604922	     12.78392503	     42.89804157	     90.00000001	      0.00000000	      0.00000000	    -18.71200345	     -6.01483368	     -7.40010855	     45.46080397	     90.00000001	      0.00000000	      0.00000000
      4.66000000	      4.38507736	     -2.59592300	     -1.05498502	     -0.36125108	      0.93888850	      0.25273546	      5.47625951	     -6.45017593	     -9.16299264	     53.71311835	      4.75210776	      0.93747077	      1.29548216	     -6.76393025	     -7.50219962	     11.11358565	     -2.73539206	    -23.66207480	     31.67888306	     -2.93839647	      0.55290081	     13.50321400	     -2.74126788	     -7.50219962	    -20.18681009	      2.24941462	      2.27806857	     14.04311551	    -15.83132806	     12.87508515	     42.98143809	     90.00000001	      0.00000000	      0.00000000	    -18.80369753	     -6.07321493	     -7.44169827	     45.45607146	     90.00000001	      0.00000000	      0.00000000
      4.67000000	      4.34408362	     -2.79350772	     -1.15148068	     -0.35889712	      0.93925878	      0.25224425	      6.38905055	     -6.54695700	     -8.19224336	     54.84554144	      5.38810343	      0.95723528	     -0.10649677	     -8.56940343	     -7.50208453	     10.91882991	     -2.88254858	    -23.51522310	     31.58330415	     -2.85164840	      0.55123265	     13.48897698	     -3.09296106	     -7.50208453	    -20.17063000	      2.45699621	      2.38836513	     14.38639170	    -15.85467879	     13.39844046	     43.00190399	     90.00000001	      0.00000000	      0.00000000	    -18.84694374	     -6.00648359	     -7.57379577	     45.37528196	     90.00000001	      0.00000000	      0.00000000
      4.68000000	      4.44002187	     -2.96041181	     -1.21511309	     -0.35639723	      0.93976287	      0.25179581	      7.11609518	     -6.71516498	     -8.03558488	     55.81373611	      5.41129536	      0.97413346	     -0.49110686	     -8.45738507	     -7.50206074	     10.52042606	     -3.04109243	    -23.52814505	     31.42634902	     -2.74082098	      0.54849326	     13.60384937	     -3.08077833	     -7.50206074	    -20.29239860	      2.62687026	      2.46797540	     14.62323857	    -15.75555865	     13.44769964	     43.20239783	     90.00000001	      0.00000000	      0.00000000	    -18.92468260	     -6.01387531	     -7.57326512	     45.36962435	     90.00000001	      0.00000000	      0.00000000
      4.69000000	      4.54707512	     -3.24429620	     -1.18280949	     -0.35388123	      0.94035533	      0.25134141	      7.70131718	     -6.77556869	     -8.03383865	     56.44165582	      5.52150176	      0.98509273	     -0.63489021	     -8.33122377	     -7.50204656	     10.17344674	     -3.29489284	    -23.44788448	     31.34600086	     -2.75503440	      0.54709092	     13.61200132	     -3.02170124	     -7.50204656	    -20.42338654	      2.96066572	      2.55506618	     14.77156141	    -15.62928820	     13.47144397	     43.36436663	     90.00000001	      0.00000000	      0.00000000	    -18.99006705	     -6.03769177	     -7.56821604	     45.38190578	     90.00000001	      0.00000000	      0.00000000
      4.70000000	      4.48378804	     -3.21256646	     -1.39226761	     -0.35156168	      0.94061620	      0.25106284	      8.73847334	     -7.14381681	     -7.81301395	     57.28104151	      5.44659419	      0.99974277	     -1.21802804	     -8.61791991	     -7.50202098	      9.90230745	     -3.20886259	    -23.62970655	     31.06631621	     -2.68526801	      0.54220950	     13.86557523	     -3.08631486	     -7.50202098	    -20.36730247	      2.87433718	      2.60970637	     14.99926326	    -15.55983045	     13.69675304	     43.61740993	     90.00000001	      0.00000000	      0.00000000	    -19.04985035	     -5.99376192	     -7.54775846	     45.33399346	     90.00000001	      0.00000000	      0.00000000
      4.71000000	      4.54398106	     -3.44283731	     -1.38716195	     -0.34920396	      0.94115280	      0.25069542	      9.35293187	     -7.25350871	     -7.86760065	     57.50055090	      5.52340330	      1.00357393	     -1.22747809	     -8.53988247	     -7.50200655	      9.61665597	     -3.42872326	    -23.58625404	     31.00780013	     -2.65895314	      0.54118821	     13.85901101	     -3.02115467	     -7.50200655	    -20.47958686	      3.13219339	      2.70753981	     15.14023987	    -15.42887504	     13.73278226	     43.79565859	     90.00000001	      0.00000000	      0.00000000	    -19.11581427	     -5.99084960	     -7.53002673	     45.35145151	     90.00000001	      0.00000000	      0.00000000
      4.72000000	      4.57549885	     -3.55636291	     -1.55419202	     -0.34693763	      0.94156638	      0.25055710	     10.18515966	     -7.34703062	     -7.78280297	     57.80629474	      5.30345908	      1.00891017	     -1.27304197	     -8.80928683	     -7.50199212	      9.23959437	     -3.55040458	    -23.77333869	     30.74851237	     -2.55217512	      0.53666278	     14.00476291	     -3.05218172	     -7.50199212	    -20.54407018	      3.21914716	      2.71532752	     15.38519814	    -15.28226976	     13.91058637	     44.07065257	     90.00000001	      0.00000000	      0.00000000	    -19.19289137	     -5.91633239	     -7.48083461	     45.28829287	     90.00000001	      0.00000000	      0.00000000
      4.73000000	      4.57126799	     -3.69595119	     -1.60838475	     -0.34470075	      0.94198244	      0.25038920	     10.93036915	     -7.47575397	     -7.85076649	     57.75618792	      5.24377207	      1.00803564	     -1.20717360	     -8.94555645	     -7.50197736	      8.97199877	     -3.69172598	    -23.87301578	     30.57182692	     -2.50593390	      0.53357904	     14.08810384	     -3.02974591	     -7.50197736	    -20.58438065	      3.35153891	      2.72612128	     15.50998934	    -15.15683296	     14.05256567	     44.30876159	     90.00000001	      0.00000000	      0.00000000	    -19.23492762	     -5.87872590	     -7.43789672	     45.27310363	     90.00000001	      0.00000000	      0.00000000
      4.74000000	      4.55785677	     -3.81109878	     -1.68757092	     -0.34244488	      0.94234289	      0.25026897	     11.66101905	     -7.60247946	     -7.93174029	     57.48574363	      5.12993837	      1.00331550	     -1.05735104	     -9.04614052	     -7.50196301	      8.71560975	     -3.80577038	    -23.97107259	     30.41207531	     -2.45773132	      0.53079085	     14.16909525	     -2.99597391	     -7.50196301	    -20.59091807	      3.45793103	      2.73365245	     15.62702004	    -15.01306855	     14.18895395	     44.55863720	     90.00000001	      0.00000000	      0.00000000	    -19.27342566	     -5.84457110	     -7.39073070	     45.26503996	     90.00000001	      0.00000000	      0.00000000
      4.75000000	      4.57902706	     -3.97717125	     -1.76971903	     -0.34029230	      0.94269770	      0.25025996	     12.34492802	     -7.59106073	     -7.98190807	     57.01699775	      4.99307330	      0.99513434	     -1.00271782	     -9.85854900	     -7.50183581	      8.45319881	     -3.98939852	    -24.20368814	     30.30209899	     -2.51643989	      0.52887140	     14.47403786	     -2.45602282	     -7.50183581	    -20.68141586	      3.60665050	      2.82845051	     15.39380644	    -15.71343166	     16.36853777	     46.13118732	     90.00000001	      0.00000000	      0.00000000	    -19.21096679	     -5.91502036	     -6.96377025	     44.98888511	     90.00000001	      0.00000000	      0.00000000
      4.76000000	      4.53619364	     -4.04366227	     -1.85100338	     -0.33815672	      0.94295111	      0.25025957	     13.07739806	     -7.75537991	     -8.10437499	     56.37359156	      4.92814524	      0.98390478	     -0.77508670	     -9.74474479	     -7.50182040	      8.26357999	     -4.06306582	    -24.26331741	     30.20622720	     -2.44427948	      0.52719812	     14.50685158	     -2.40946197	     -7.50182040	    -20.67142067	      3.64865360	      2.84593611	     15.51838223	    -15.52812568	     16.40944750	     46.31281692	     90.00000001	      0.00000000	      0.00000000	    -19.24670113	     -5.87876437	     -6.92524843	     45.04400745	     90.00000001	      0.00000000	      0.00000000
      4.77000000	      4.48351741	     -4.11035580	     -1.92957592	     -0.33603736	      0.94318506	      0.25036433	     13.79483788	     -7.82503952	     -8.21771920	     55.51303714	      4.75459789	      0.96888528	     -0.43859147	     -9.63831079	     -7.50180479	      8.07378390	     -4.12816246	    -24.34847398	     30.05817836	     -2.41992704	      0.52461418	     14.57357998	     -2.37894679	     -7.50180479	    -20.65207900	      3.67943111	      2.80730742	     15.58103862	    -15.31736216	     16.47866081	     46.50778747	     90.00000001	      0.00000000	      0.00000000	    -19.29668304	     -5.84826224	     -6.87876527	     45.07961696	     90.00000001	      0.00000000	      0.00000000
      4.78000000	      4.43335060	     -4.18729683	     -1.98903086	     -0.33391329	      0.94338733	      0.25055329	     14.46184899	     -7.82390295	     -8.35550662	     54.45050309	      4.53461457	      0.95034056	     -0.00051342	     -9.48157022	     -7.50178776	      7.88746078	     -4.19921968	    -24.42297515	     29.90532049	     -2.42358808	      0.52194631	     14.65652459	     -2.34562083	     -7.50178776	    -20.63887625	      3.71629916	      2.74658578	     15.60262569	    -15.11426171	     16.57247087	     46.72106093	     90.00000001	      0.00000000	      0.00000000	    -19.34143187	     -5.82074635	     -6.81993626	     45.10504729	     90.00000001	      0.00000000	      0.00000000
      4.79000000	      4.62982646	     -4.39354698	     -1.96570760	     -0.33158660	      0.94383802	      0.25073640	     14.73348337	     -7.68315826	     -9.39024467	     53.11982983	      3.67751257	      0.92711593	      1.67878184	     -7.01958153	     -7.50165764	      7.41701798	     -4.43775561	    -24.54435887	     29.77885339	     -2.44202516	      0.51973904	     14.93685859	     -1.91333398	     -7.50165764	    -20.88630085	      3.91486541	      2.71715779	     15.49172751	    -15.40968023	     17.78647445	     47.66047684	     90.00000001	      0.00000000	      0.00000000	    -19.31603438	     -5.92053819	     -6.29161718	     44.94458085	     90.00000001	      0.00000000	      0.00000000
      4.80000000	      4.53217161	     -4.34206266	     -2.05795493	     -0.32958790	      0.94382009	      0.25105193	     15.47605733	     -7.85101798	     -9.48609353	     51.90174694	      3.60897300	      0.90585637	      1.90957144	     -6.83524289	     -7.50164092	      7.32916445	     -4.40335188	    -24.58596736	     29.73458979	     -2.36969457	      0.51896649	     14.98064683	     -1.86095342	     -7.50164092	    -20.81509505	      3.79872383	      2.70070066	     15.52292409	    -15.20271188	     17.83215454	     47.84027155	     90.00000001	      0.00000000	      0.00000000	    -19.31374505	     -5.91595605	     -6.25470716	     45.02849496	     90.00000001	      0.00000000	      0.00000000
      4.81000000	      4.62888558	     -4.52463618	     -2.03811521	     -0.32735925	      0.94413061	      0.25139724	     15.77526251	     -7.63636470	    -10.11296964	     50.22310188	      3.06759757	      0.87655849	      3.15559103	     -4.58240922	     -7.50152879	      6.99886540	     -4.59530053	    -24.56394226	     29.62314095	     -2.38546859	      0.51702134	     15.13824652	     -1.80023562	     -7.50152879	    -20.95305896	      3.95740121	      2.63614214	     15.44345251	    -15.23007168	     18.47223680	     48.27509024	     90.00000001	      0.00000000	      0.00000000	    -19.32138704	     -5.95022288	     -5.91417801	     44.94735608	     90.00000001	      0.00000000	      0.00000000
      4.82000000	      4.56807703	     -4.58357196	     -2.08589815	     -0.32534833	      0.94414723	      0.25181158	     16.32701243	     -7.56319721	    -10.15170236	     48.62180762	      3.02668575	      0.84861063	      3.50491692	     -4.05801385	     -7.50150149	      6.88939432	     -4.65151527	    -24.54620908	     29.56467426	     -2.40743077	      0.51600091	     15.22275216	     -1.79249011	     -7.50150149	    -20.92425249	      3.97228175	      2.59799225	     15.42211086	    -15.03779181	     18.55977105	     48.45341049	     90.00000001	      0.00000000	      0.00000000	    -19.30602007	     -5.95419832	     -5.85330129	     45.01628277	     90.00000001	      0.00000000	      0.00000000
      4.83000000	      4.54846460	     -4.64987013	     -2.11467167	     -0.32330955	      0.94417304	      0.25232219	     16.76857282	     -7.45817976	    -10.24834638	     46.89597742	      2.96449580	      0.81848921	      3.97782342	     -3.06232391	     -7.50146999	      6.73953741	     -4.74940809	    -24.49186469	     29.54949812	     -2.36782809	      0.51573603	     15.32491021	     -1.81713991	     -7.50146999	    -20.94148875	      3.98788046	      2.56833263	     15.37253287	    -14.88826737	     18.68857432	     48.63605919	     90.00000001	      0.00000000	      0.00000000	    -19.25842831	     -5.95271268	     -5.75965927	     45.04030026	     90.00000001	      0.00000000	      0.00000000
      4.84000000	      4.47443724	     -4.64339581	     -2.13540490	     -0.32128682	      0.94406385	      0.25289294	     17.26711902	     -7.42361765	    -10.39065331	     45.17551206	      2.89770953	      0.78846143	      4.36298031	     -2.10179105	     -7.50144466	      6.67517341	     -4.72778857	    -24.44020866	     29.51585436	     -2.42838118	      0.51514884	     15.42389658	     -1.84850953	     -7.50144466	    -20.89318291	      3.91100260	      2.52350389	     15.26374560	    -14.70746315	     18.81825464	     48.78824627	     90.00000001	      0.00000000	      0.00000000	    -19.22793467	     -5.98229620	     -5.68725188	     45.06382347	     90.00000001	      0.00000000	      0.00000000
      4.85000000	      4.43703522	     -4.65195869	     -2.15748688	     -0.31924506	      0.94394548	      0.25349940	     17.68276550	     -7.37106054	    -10.55240039	     43.41795694	      2.87147204	      0.75778630	      4.74659071	     -0.89731015	     -7.50141961	      6.57450167	     -4.75314903	    -24.36458037	     29.53282590	     -2.42669168	      0.51544505	     15.52493944	     -1.90454863	     -7.50141961	    -20.87628711	      3.85972658	      2.49797639	     15.17368248	    -14.55508089	     18.95765440	     48.91922855	     90.00000001	      0.00000000	      0.00000000	    -19.15985257	     -6.00636814	     -5.60466765	     45.07959450	     90.00000001	      0.00000000	      0.00000000
      4.86000000	      4.57291799	     -4.58212741	     -2.10681415	     -0.31695186	      0.94389507	      0.25403343	     17.92589699	     -7.53646243	    -12.10010888	     41.80901441	      2.06262034	      0.72970496	      6.18861014	      4.00492286	     -7.50132637	      6.23689636	     -4.69885907	    -24.15202699	     29.52031468	     -2.27991654	      0.51522669	     15.59184998	     -2.25080245	     -7.50132637	    -21.00401965	      3.74142127	      2.38345239	     15.08954287	    -14.56287949	     19.57392107	     49.08678777	     90.00000001	      0.00000000	      0.00000000	    -19.01539742	     -6.11749542	     -5.28620607	     44.88248689	     90.00000001	      0.00000000	      0.00000000
      4.87000000	      4.45343610	     -4.45403008	     -2.11158196	     -0.31492919	      0.94352618	      0.25470518	     18.43162515	     -7.63243302	    -12.19703684	     40.21704014	      2.20004207	      0.70191977	      6.24986438	      4.33210947	     -7.50131312	      6.25924022	     -4.56335580	    -24.17927931	     29.53114584	     -2.36142765	      0.51541573	     15.69230869	     -2.26022096	     -7.50131312	    -20.86492538	      3.54306792	      2.32529914	     14.91653612	    -14.37054470	     19.64778273	     49.14755355	     90.00000001	      0.00000000	      0.00000000	    -18.94714478	     -6.16780285	     -5.27322156	     44.99142647	     90.00000001	      0.00000000	      0.00000000
      4.88000000	      4.52921681	     -4.55788329	     -2.11580401	     -0.31283805	      0.94346509	      0.25549472	     18.54627463	     -7.43006490	    -12.34942957	     38.42466393	      2.35120807	      0.67063690	      6.28538913	      5.93171336	     -7.50128293	      6.04572796	     -4.76757671	    -24.05140425	     29.65430332	     -2.23806639	      0.51756523	     15.86770921	     -2.39691503	     -7.50128293	    -20.98060364	      3.59463060	      2.36240122	     14.83927676	    -14.24792444	     19.80747372	     49.10975876	     90.00000001	      0.00000000	      0.00000000	    -18.84226792	     -6.18723945	     -5.19218917	     45.00999385	     90.00000001	      0.00000000	      0.00000000
      4.89000000	      4.47535820	     -4.51783558	     -2.05060096	     -0.31076707	      0.94312544	      0.25620998	     18.83305181	     -7.41972617	    -12.68917889	     36.86870696	      2.47261758	      0.64348033	      6.32440650	      7.11848058	     -7.50126121	      6.02212436	     -4.71913493	    -23.91923114	     29.71026456	     -2.32957842	      0.51854194	     15.97710969	     -2.46768549	     -7.50126121	    -20.91822918	      3.51531165	      2.27049606	     14.74299817	    -14.13561487	     19.93045138	     49.09002924	     90.00000001	      0.00000000	      0.00000000	    -18.71014110	     -6.20117211	     -5.12533996	     45.04689182	     90.00000001	      0.00000000	      0.00000000
      4.90000000	      4.55289305	     -4.41441419	     -1.96317042	     -0.30841225	      0.94283206	      0.25696258	     19.00704204	     -7.57283267	    -13.97460902	     35.59913922	      2.16911542	      0.62132219	      6.68268503	     10.02261374	     -7.50120353	      5.80456873	     -4.62029442	    -23.73739829	     29.75206853	     -2.33254585	      0.51927156	     16.10987699	     -2.71064592	     -7.50120353	    -20.95210230	      3.36203587	      2.15032163	     14.58709516	    -14.00164438	     20.25879856	     48.90161289	     90.00000001	      0.00000000	      0.00000000	    -18.58707112	     -6.30177807	     -4.97358588	     44.95729432	     90.00000001	      0.00000000	      0.00000000
      4.91000000	      4.54257862	     -4.36804323	     -1.90817177	     -0.30624847	      0.94246929	      0.25775938	     19.16592808	     -7.55214791	    -14.24650159	     34.28696996	      2.42434243	      0.59842052	      6.47456997	     10.72662509	     -7.50118456	      5.72835832	     -4.62598987	    -23.66663717	     29.86912338	     -2.33590368	      0.52131455	     16.25463212	     -2.76782386	     -7.50118456	    -20.93032371	      3.27159221	      2.12331388	     14.46840903	    -13.90669226	     20.34385653	     48.84683385	     90.00000001	      0.00000000	      0.00000000	    -18.42740208	     -6.33625126	     -4.93607087	     45.03795320	     90.00000001	      0.00000000	      0.00000000
      4.92000000	      4.53433991	     -4.25669886	     -1.81691739	     -0.30396266	      0.94203074	      0.25856218	     19.31000545	     -7.62725810	    -14.72264955	     33.22512818	      2.64609046	      0.57988788	      6.29832866	     11.17850429	     -7.50117448	      5.66601926	     -4.51686714	    -23.59033884	     29.97260777	     -2.45316745	      0.52312069	     16.40284488	     -2.82238555	     -7.50117448	    -20.87524006	      3.12059710	      2.05721022	     14.27416024	    -13.81306549	     20.43241108	     48.74074253	     90.00000001	      0.00000000	      0.00000000	    -18.25911646	     -6.39063059	     -4.91220098	     45.07803920	     90.00000001	      0.00000000	      0.00000000
      4.93000000	      4.61887092	     -4.22890070	     -1.70517146	     -0.30156443	      0.94169802	      0.25941063	     19.28841592	     -7.60547174	    -15.54055548	     32.26757209	      2.70888568	      0.56317537	      5.83043668	     12.21228975	     -7.50115504	      5.46525477	     -4.57036042	    -23.38517250	     30.11694905	     -2.36788583	      0.52563992	     16.63010046	     -2.92165093	     -7.50115504	    -20.91897522	      3.08976378	      2.00966402	     14.15590076	    -13.68146216	     20.56997145	     48.50841373	     90.00000001	      0.00000000	      0.00000000	    -18.09868194	     -6.44529888	     -4.82758817	     45.02537131	     90.00000001	      0.00000000	      0.00000000
      4.94000000	      4.63969291	     -4.09442649	     -1.54837316	     -0.29913941	      0.94119348	      0.26020186	     19.33295478	     -7.71877014	    -16.25801121	     31.61504333	      2.88704588	      0.55178660	      5.64816955	     12.59554268	     -7.50114178	      5.37447292	     -4.45124381	    -23.29852315	     30.23376537	     -2.47681911	      0.52767875	     16.78803890	     -2.98837337	     -7.50114178	    -20.88176533	      2.92510428	      1.89258423	     13.94051957	    -13.62301075	     20.63912019	     48.34470903	     90.00000001	      0.00000000	      0.00000000	    -17.88235474	     -6.48866407	     -4.77148535	     45.06806773	     90.00000001	      0.00000000	      0.00000000
      4.95000000	      4.63002234	     -3.92696726	     -1.51719835	     -0.29660741	      0.94058084	      0.26116042	     19.43955526	     -7.82388591	    -16.73378244	     31.24015591	      3.13197291	      0.54524358	      5.60483127	     12.59145642	     -7.50113807	      5.25822000	     -4.35560452	    -23.31888850	     30.33336391	     -2.45419823	      0.52941707	     16.86206775	     -3.00907959	     -7.50113807	    -20.79436709	      2.71989072	      1.90955610	     13.69455247	    -13.51281860	     20.70574548	     48.26289140	     90.00000001	      0.00000000	      0.00000000	    -17.74448247	     -6.51819990	     -4.76263142	     45.12011547	     90.00000001	      0.00000000	      0.00000000
      4.96000000	      4.74268391	     -3.82555090	     -1.24192433	     -0.29395854	      0.94013397	      0.26188459	     19.22906074	     -7.89537956	    -17.71977217	     30.84658385	      3.23576578	      0.53837445	      5.17461404	     12.70164523	     -7.50113013	      5.10457203	     -4.26040812	    -23.09709193	     30.52552154	     -2.60080270	      0.53277086	     17.11967852	     -3.08434831	     -7.50113013	    -20.82514583	      2.63514087	      1.75334863	     13.42693764	    -13.53136767	     20.75167537	     48.00673693	     90.00000001	      0.00000000	      0.00000000	    -17.50000388	     -6.59436456	     -4.71314029	     45.12564059	     90.00000001	      0.00000000	      0.00000000
      4.97000000	      4.87180702	     -3.72499798	     -1.00494856	     -0.29112831	      0.93962863	      0.26269983	     19.03721033	     -7.94942470	    -19.01938329	     30.75479602	      3.10162729	      0.53677245	      4.58912103	     13.02778129	     -7.50110930	      4.84691793	     -4.23772570	    -22.73698324	     30.68125035	     -2.48158153	      0.53548884	     17.44493518	     -3.18452979	     -7.50110930	    -20.84725147	      2.56603296	      1.57712225	     13.26382808	    -13.40998937	     20.79798677	     47.61988433	     90.00000001	      0.00000000	      0.00000000	    -17.30040319	     -6.68434583	     -4.54959098	     45.03449466	     90.00000001	      0.00000000	      0.00000000
      4.98000000	      4.89727296	     -3.53916955	     -0.85131900	     -0.28824355	      0.93895146	      0.26356733	     18.90486802	     -8.02433100	    -19.53115948	     30.73894012	      3.26640200	      0.53649571	      4.58093809	     12.90856570	     -7.50110516	      4.72819487	     -4.10507791	    -22.68215088	     30.84649677	     -2.55075761	      0.53837293	     17.51675919	     -3.21289726	     -7.50110516	    -20.74573943	      2.38602605	      1.53196910	     12.90134404	    -13.38430277	     20.84201927	     47.45425898	     90.00000001	      0.00000000	      0.00000000	    -17.09975043	     -6.69478225	     -4.52436045	     45.09894953	     90.00000001	      0.00000000	      0.00000000
      4.99000000	      5.01354676	     -3.35426437	     -0.62407945	     -0.28518951	      0.93829847	      0.26425672	     18.63136130	     -8.15915768	    -20.48980042	     30.92042461	      3.29708503	      0.53966322	      4.51652298	     12.58812486	     -7.50109974	      4.52426218	     -3.93932176	    -22.52534339	     31.05460190	     -2.64366015	      0.54200505	     17.71006655	     -3.27243598	     -7.50109974	    -20.72615164	      2.26175793	      1.43818975	     12.57088027	    -13.42957320	     20.85278712	     47.21906439	     90.00000001	      0.00000000	      0.00000000	    -16.86365197	     -6.76417988	     -4.49090640	     45.12675450	     90.00000001	      0.00000000	      0.00000000
      5.00000000	      5.18247314	     -3.17283945	     -0.32799629	     -0.28200024	      0.93763256	      0.26501227	     18.32481300	     -8.28802221	    -21.77880588	     31.34151206	      3.08149550	      0.54701258	      4.41910718	     12.09320232	     -7.50109080	      4.22497711	     -3.80800714	    -22.21646277	     31.21906281	     -2.64859040	      0.54487544	     18.04173796	     -3.34969571	     -7.50109080	    -20.74378119	      2.13479721	      1.23636121	     12.38046813	    -13.44087027	     20.81628020	     46.94910994	     90.00000001	      0.00000000	      0.00000000	    -16.63089298	     -6.83748193	     -4.40189201	     45.08938657	     90.00000001	      0.00000000	      0.00000000
      5.01000000	      5.29014214	     -2.96120036	     -0.04075284	     -0.27873278	      0.93688104	      0.26575298	     18.02270332	     -8.36901296	    -22.67334963	     31.71414546	      2.90682892	      0.55351626	      4.46187859	     11.68503416	     -7.50108176	      3.99607997	     -3.64839029	    -21.93426567	     31.38586924	     -2.64512134	      0.54778676	     18.29465338	     -3.41403236	     -7.50108176	    -20.69657497	      1.98398377	      1.06998884	     12.04660660	    -13.42385193	     20.78169094	     46.65318381	     90.00000001	      0.00000000	      0.00000000	    -16.43123275	     -6.87814003	     -4.30841767	     45.06894195	     90.00000001	      0.00000000	      0.00000000
      5.02000000	      5.40671474	     -2.73942670	      0.23912602	     -0.27531271	      0.93607847	      0.26645124	     17.70245431	     -8.44560001	    -23.55484570	     32.16248072	      2.65826755	      0.56134118	      4.65868488	     11.17814789	     -7.50107061	      3.73508896	     -3.46704402	    -21.62095795	     31.54086166	     -2.63927553	      0.55049188	     18.57120618	     -3.50366828	     -7.50107061	    -20.63604711	      1.84339952	      0.87379846	     11.73943042	    -13.40033417	     20.69238224	     46.34166573	     90.00000001	      0.00000000	      0.00000000	    -16.24794432	     -6.92007554	     -4.19270051	     45.02799186	     90.00000001	      0.00000000	      0.00000000
      5.03000000	      5.50792184	     -2.49449244	      0.53433248	     -0.27177902	      0.93523275	      0.26715210	     17.38079388	     -8.52310638	    -24.32919923	     32.61874639	      2.37802337	      0.56930452	      5.00714582	     10.59921801	     -7.50105345	      3.47952658	     -3.25836298	    -21.24476773	     31.69289502	     -2.61199451	      0.55314537	     18.85992059	     -3.63873207	     -7.50105345	    -20.54758728	      1.68119684	      0.66093978	     11.42332829	    -13.35475725	     20.49452331	     45.97528374	     90.00000001	      0.00000000	      0.00000000	    -16.05649418	     -6.98022126	     -4.03631559	     44.97410254	     90.00000001	      0.00000000	      0.00000000
      5.04000000	      5.54746740	     -2.27885867	      0.76387925	     -0.26819831	      0.93432942	      0.26784487	     17.06674109	     -8.45687774	    -24.49331110	     32.85760565	      2.21230106	      0.57347340	      5.14515136	     10.40120738	     -7.50105046	      3.30885055	     -3.10306723	    -21.14571068	     31.87216932	     -2.67929186	      0.55627429	     18.91858794	     -3.65554564	     -7.50105046	    -20.39127399	      1.56231874	      0.50607013	     10.98399599	    -13.45453508	     20.47398739	     45.77496905	     90.00000001	      0.00000000	      0.00000000	    -15.91794163	     -6.93983416	     -4.00750837	     45.01404542	     90.00000001	      0.00000000	      0.00000000
      5.05000000	      5.73948251	     -2.00635334	      1.09584792	     -0.26440098	      0.93348951	      0.26842728	     16.65489356	     -8.64369182	    -25.50059554	     33.44919093	      1.82590238	      0.58379851	      5.91552035	      9.53716579	     -7.50104224	      2.96283275	     -2.86149444	    -20.81405886	     32.08413203	     -2.72928407	      0.55997374	     19.27058032	     -3.75886198	     -7.50104224	    -20.37758534	      1.40634790	      0.42008503	     10.63791542	    -13.56547766	     20.31788713	     45.47829475	     90.00000001	      0.00000000	      0.00000000	    -15.60273542	     -6.99992478	     -3.96376260	     45.02134069	     90.00000001	      0.00000000	      0.00000000
      5.06000000	      5.81623442	     -1.75761632	      1.40104551	     -0.26059648	      0.93255981	      0.26902156	     16.37021560	     -8.67941781	    -25.91480523	     33.88592069	      1.47821911	      0.59142089	      6.61138540	      8.86128688	     -7.50102968	      2.70090361	     -2.64347038	    -20.40942915	     32.20333375	     -2.69689885	      0.56205420	     19.59382218	     -3.87893548	     -7.50102968	    -20.24107855	      1.28605702	      0.17622963	     10.28994322	    -13.57327454	     20.04610123	     45.19429457	     90.00000001	      0.00000000	      0.00000000	    -15.43795955	     -6.99523738	     -3.89037499	     44.95618523	     90.00000001	      0.00000000	      0.00000000
      5.07000000	      5.83497477	     -1.57032742	      1.62335174	     -0.25672424	      0.93165812	      0.26960439	     16.11440862	     -8.58284216	    -25.87222638	     34.09234509	      1.23971194	      0.59502367	      6.75937515	      8.71757076	     -7.50102714	      2.51299539	     -2.49996658	    -20.29631497	     32.35580481	     -2.77346062	      0.56471533	     19.64037436	     -3.88655283	     -7.50102714	    -20.05025710	      1.23320366	     -0.01702974	      9.89024212	    -13.70166515	     19.99870161	     45.01901685	     90.00000001	      0.00000000	      0.00000000	    -15.34995535	     -6.92498461	     -3.86686851	     44.98065451	     90.00000001	      0.00000000	      0.00000000
      5.08000000	      6.00216697	     -1.32138473	      1.92721567	     -0.25278497	      0.93084427	      0.27015183	     15.78888212	     -8.70106319	    -26.45894424	     34.62513592	      0.81966214	      0.60432263	      7.85153937	      7.81515238	     -7.50101856	      2.16929439	     -2.25337487	    -19.87481720	     32.53349704	     -2.81659676	      0.56781664	     20.03992510	     -4.03185250	     -7.50101856	    -20.02233248	      1.12590003	     -0.04932744	      9.48364886	    -13.84843444	     19.73300637	     44.69173941	     90.00000001	      0.00000000	      0.00000000	    -15.01718259	     -6.92317753	     -3.87298251	     44.97202100	     90.00000001	      0.00000000	      0.00000000
      5.09000000	      5.97190519	     -1.11684729	      2.14104370	     -0.24893834	      0.92994303	      0.27069631	     15.68115426	     -8.66914417	    -26.02993863	     34.95730454	      0.75956422	      0.61012006	      8.42865477	      6.37289126	     -7.50095905	      1.98087316	     -2.01586636	    -19.21209242	     32.60810918	     -2.67595523	      0.56911887	     20.14853772	     -4.87353727	     -7.50095905	    -19.79423579	      1.07695264	     -0.14009775	      9.09925166	    -13.50526368	     18.04080732	     44.01490940	     90.00000001	      0.00000000	      0.00000000	    -14.70517491	     -6.78774971	     -4.04171294	     44.63841366	     90.00000001	      0.00000000	      0.00000000
      5.10000000	      6.04367121	     -0.94505756	      2.42203495	     -0.24493631	      0.92917138	      0.27123155	     15.47584169	     -8.64976041	    -26.06485004	     35.31893306	      0.44395390	      0.61643167	      9.11506331	      5.93059455	     -7.50094823	      1.70778797	     -1.86162628	    -18.92599499	     32.71591243	     -2.74428782	      0.57100039	     20.37063498	     -4.91352063	     -7.50094823	    -19.66647429	      1.06054227	     -0.29873887	      8.73720292	    -13.64537791	     17.86367121	     43.82347347	     90.00000001	      0.00000000	      0.00000000	    -14.56791845	     -6.70740561	     -4.08226504	     44.65984611	     90.00000001	      0.00000000	      0.00000000
      5.11000000	      6.08972702	     -0.80111244	      2.63927573	     -0.24098498	      0.92844157	      0.27176594	     15.32689910	     -8.61804417	    -25.88796145	     35.66731688	      0.24104586	      0.62251211	      9.77424779	      5.45278166	     -7.50093751	      1.44276997	     -1.72523431	    -18.63517318	     32.78902247	     -2.78183211	      0.57227640	     20.60205865	     -5.00298428	     -7.50093751	    -19.52617719	      1.08415687	     -0.39537897	      8.38506715	    -13.80640430	     17.61736361	     43.59082196	     90.00000001	      0.00000000	      0.00000000	    -14.38934249	     -6.59830074	     -4.17359636	     44.66083217	     90.00000001	      0.00000000	      0.00000000
      5.12000000	      6.11499772	     -0.67953305	      2.84743430	     -0.23708066	      0.92777532	      0.27226689	     15.22205226	     -8.57053818	    -25.45984284	     36.01532941	      0.15269589	      0.62858608	     10.43851094	      4.73600331	     -7.50092089	      1.18250982	     -1.59161459	    -18.30350362	     32.82323338	     -2.82162290	      0.57287349	     20.83191509	     -5.17194983	     -7.50092089	    -19.38437231	      1.14272625	     -0.50785807	      8.05693487	    -13.91567287	     17.18157703	     43.31882358	     90.00000001	      0.00000000	      0.00000000	    -14.20513327	     -6.43818101	     -4.38736158	     44.60347760	     90.00000001	      0.00000000	      0.00000000
      5.13000000	      6.07598509	     -0.60210304	      3.02868291	     -0.23328753	      0.92717994	      0.27282846	     15.17558813	     -8.45954521	    -24.63025140	     36.29327083	      0.30833830	      0.63343707	     10.47874608	      3.02799398	     -7.50085232	      0.99457554	     -1.52711959	    -17.98342603	     32.85048217	     -2.79508790	      0.57334907	     20.82464371	     -5.65289637	     -7.50085232	    -19.19186213	      1.23621494	     -0.54665614	      7.76400491	    -13.74227957	     15.79224637	     42.76143217	     90.00000001	      0.00000000	      0.00000000	    -13.88579474	     -6.10495427	     -5.27059022	     44.40538486	     90.00000001	      0.00000000	      0.00000000
      5.14000000	      6.09624085	     -0.56963928	      3.22738942	     -0.22943980	      0.92667889	      0.27332550	     15.07427290	     -8.35315200	    -24.38450158	     36.54699183	      0.14749162	      0.63786534	     10.65843705	      2.95445964	     -7.50085008	      0.74345052	     -1.51277579	    -17.86475871	     32.86344708	     -2.92526192	      0.57357536	     20.88178235	     -5.65137990	     -7.50085008	    -19.07387934	      1.40938330	     -0.69744446	      7.50015078	    -13.98499826	     15.72005304	     42.59673891	     90.00000001	      0.00000000	      0.00000000	    -13.80542919	     -5.95839465	     -5.25749558	     44.44610983	     90.00000001	      0.00000000	      0.00000000
      5.15000000	      6.08895657	     -0.53306072	      3.42779082	     -0.22564442	      0.92625530	      0.27384402	     14.98051289	     -8.27715900	    -24.14797606	     36.77106238	      0.03487420	      0.64177611	     10.82885830	      2.87117626	     -7.50084876	      0.50814346	     -1.53044725	    -17.80142729	     32.84808893	     -2.99392097	      0.57330730	     20.93905914	     -5.65562390	     -7.50084876	    -18.92955017	      1.57180009	     -0.87492636	      7.26333109	    -14.21257768	     15.64927097	     42.44644158	     90.00000001	      0.00000000	      0.00000000	    -13.68280042	     -5.86777066	     -5.25946020	     44.50017946	     90.00000001	      0.00000000	      0.00000000
      5.16000000	      6.13538196	     -0.46776148	      3.47935658	     -0.22193125	      0.92589383	      0.27441735	     14.87024085	     -8.26365909	    -23.24515104	     37.17832326	      0.36755984	      0.64888415	     12.03572595	      1.86782564	     -7.50083671	      0.09650541	     -1.44435398	    -17.56934671	     32.65119032	     -2.96632163	      0.56987078	     21.35052130	     -5.62874187	     -7.50083671	    -18.87775101	      1.69201082	     -0.73811576	      7.03091918	    -14.41682519	     15.27141788	     42.09100505	     90.00000001	      0.00000000	      0.00000000	    -13.47645265	     -5.67941408	     -5.55357285	     44.59809903	     90.00000001	      0.00000000	      0.00000000
      5.17000000	      6.07526156	     -0.47619866	      3.56987208	     -0.21840940	      0.92555212	      0.27501376	     14.81749969	     -8.12304582	    -22.17227738	     37.37653536	      0.80274161	      0.65234361	     12.22201599	      0.36690316	     -7.50081353	     -0.11607838	     -1.47512532	    -17.57929399	     32.55052494	     -3.07024642	      0.56811383	     21.48143015	     -5.49743596	     -7.50081353	    -18.73652451	      1.88752711	     -0.78575861	      6.92196914	    -14.45423398	     14.53477269	     41.63818172	     90.00000001	      0.00000000	      0.00000000	    -13.34393630	     -5.39520423	     -6.17592665	     44.71144247	     90.00000001	      0.00000000	      0.00000000
      5.18000000	      6.00295543	     -0.47510016	      3.72224166	     -0.21491939	      0.92527972	      0.27559521	     14.75576047	     -8.06905392	    -22.03434411	     37.52389762	      0.76258089	      0.65491556	     12.22016947	      0.32584205	     -7.50081240	     -0.27406519	     -1.55050661	    -17.57652234	     32.51688182	     -3.13285575	      0.56752665	     21.48351852	     -5.49352328	     -7.50081240	    -18.58915019	      2.08233936	     -0.98111837	      6.78252554	    -14.65894867	     14.45650639	     41.53123099	     90.00000001	      0.00000000	      0.00000000	    -13.24886566	     -5.31997082	     -6.18304934	     44.76097409	     90.00000001	      0.00000000	      0.00000000
      5.19000000	      5.91459271	     -0.55922118	      3.73150218	     -0.21163947	      0.92503658	      0.27628481	     14.71343907	     -7.87868419	    -20.92810094	     37.69063059	      1.34722245	      0.65782560	     12.19083490	     -1.69497834	     -7.50077271	     -0.43368540	     -1.70403017	    -17.82564821	     32.42361129	     -3.28398924	      0.56589877	     21.70793953	     -4.88642117	     -7.50077271	    -18.46808889	      2.35872267	     -0.92653845	      6.81943993	    -14.54814626	     13.21105713	     40.77545375	     90.00000001	      0.00000000	      0.00000000	    -13.17657660	     -4.90037401	     -7.25662676	     45.12221318	     90.00000001	      0.00000000	      0.00000000
      5.20000000	      5.81713811	     -0.56337797	      3.82587569	     -0.20839888	      0.92486804	      0.27694218	     14.65635237	     -7.82619376	    -20.85387458	     37.79058803	      1.34214291	      0.65957019	     12.22489054	     -1.71127421	     -7.50077158	     -0.55627824	     -1.76998831	    -17.82735174	     32.38435613	     -3.35200363	      0.56521364	     21.70912220	     -4.87965944	     -7.50077158	    -18.34276351	      2.54996841	     -1.07070070	      6.72948523	    -14.75757775	     13.13722871	     40.68711989	     90.00000001	      0.00000000	      0.00000000	    -13.08910105	     -4.85347396	     -7.26210744	     45.17293725	     90.00000001	      0.00000000	      0.00000000
      5.21000000	      5.72260898	     -0.64455075	      3.87103309	     -0.20525987	      0.92473003	      0.27757627	     14.58626994	     -7.73969640	    -20.80942878	     37.90284310	      1.44489509	      0.66152941	     12.37869245	     -1.78697957	     -7.50076938	     -0.67367538	     -1.89951443	    -17.82866280	     32.33422065	     -3.47278210	      0.56433861	     21.70051183	     -4.82878726	     -7.50076938	    -18.23626000	      2.84703017	     -1.08367020	      6.67548974	    -15.04249253	     13.00838345	     40.54386192	     90.00000001	      0.00000000	      0.00000000	    -12.99950371	     -4.76174763	     -7.29863989	     45.29870982	     90.00000001	      0.00000000	      0.00000000
      5.22000000	      5.61021587	     -0.68580566	      3.89570797	     -0.20231141	      0.92466231	      0.27828481	     14.51922560	     -7.66710897	    -20.78575571	     37.94920307	      1.51635007	      0.66233854	     12.55264090	     -1.86201332	     -7.50076722	     -0.72542900	     -2.00562935	    -17.86217172	     32.36496648	     -3.56444814	      0.56487523	     21.67060755	     -4.74688587	     -7.50076722	    -18.14857536	      3.07569012	     -1.11820410	      6.64779738	    -15.30209465	     12.87097456	     40.40141603	     90.00000001	      0.00000000	      0.00000000	    -12.90873265	     -4.69497124	     -7.35427542	     45.47502476	     90.00000001	      0.00000000	      0.00000000
      5.23000000	      5.48077159	     -0.74529148	      3.88160987	     -0.19943917	      0.92458760	      0.27904201	     14.44322146	     -7.57965624	    -20.83903826	     37.93194798	      1.57711903	      0.66203738	     12.81540040	     -1.94915105	     -7.50076362	     -0.67473497	     -2.15827489	    -17.93311702	     32.56726754	     -3.70031567	      0.56840605	     21.58311135	     -4.56161948	     -7.50076362	    -18.05301668	      3.32947847	     -1.07117479	      6.66447211	    -15.49123871	     12.67826409	     40.21388373	     90.00000001	      0.00000000	      0.00000000	    -12.88313200	     -4.61840127	     -7.47816436	     45.80862104	     90.00000001	      0.00000000	      0.00000000
      5.24000000	      5.26602192	     -0.85741600	      3.85979438	     -0.19675510	      0.92443757	      0.28003085	     14.46952364	     -7.37024140	    -21.06140215	     37.85224700	      1.44193450	      0.66064634	     13.16922125	     -1.87866490	     -7.50075183	     -0.35865732	     -2.50459055	    -18.31383110	     33.06826993	     -3.88704749	      0.57715019	     21.45856599	     -3.97569864	     -7.50075183	    -17.90110434	      3.57529340	     -1.15834838	      6.79272312	    -15.46692950	     12.17097682	     39.82159440	     90.00000001	      0.00000000	      0.00000000	    -13.15880515	     -4.53965619	     -7.89629292	     46.77159566	     90.00000001	      0.00000000	      0.00000000
      5.25000000	      5.14040671	     -0.78918985	      3.70008394	     -0.19400325	      0.92457627	      0.28091788	     14.42346833	     -7.39711113	    -21.08146682	     37.85258360	      1.43999849	      0.66065221	     13.17174637	     -1.87100553	     -7.50075148	     -0.37309168	     -2.47465139	    -18.27838197	     33.13254120	     -3.93071882	      0.57827193	     21.44311653	     -3.94963503	     -7.50075148	    -17.85002581	      3.64502977	     -1.18551600	      6.81518945	    -15.52709315	     12.14275451	     39.80944425	     90.00000001	      0.00000000	      0.00000000	    -13.13156118	     -4.54695334	     -7.90635032	     46.80825179	     90.00000001	      0.00000000	      0.00000000
      5.26000000	      4.90253270	     -0.93854379	      3.71631604	     -0.19165492	      0.92442099	      0.28175240	     14.47901858	     -7.22560046	    -21.99684225	     37.75404711	      1.02779064	      0.65893243	     13.40746304	     -0.90219003	     -7.50073268	      0.29935595	     -2.83685147	    -18.48939954	     34.20768064	     -4.33603041	      0.59703666	     21.15324066	     -3.21004472	     -7.50073268	    -17.71667648	      3.96280313	     -1.25161076	      7.15420093	    -15.56304879	     11.31159125	     39.28246191	     90.00000001	      0.00000000	      0.00000000	    -13.63509069	     -4.44445360	     -8.45929415	     48.46881460	     90.00000001	      0.00000000	      0.00000000
      5.27000000	      4.74484056	     -0.94826149	      3.66653841	     -0.18928280	      0.92453553	      0.28256622	     14.41421451	     -7.22397617	    -22.48299783	     37.65129244	      0.92350744	      0.65713902	     13.62668355	     -0.31505122	     -7.50072227	      0.77478784	     -3.03262000	    -18.37585901	     35.12025633	     -4.45284243	      0.61296411	     20.77599516	     -2.96559675	     -7.50072227	    -17.68060758	      4.14643048	     -1.32042649	      7.29208742	    -15.65409725	     10.92308519	     39.09618371	     90.00000001	      0.00000000	      0.00000000	    -13.77431316	     -4.43968523	     -8.64225747	     49.10460307	     90.00000001	      0.00000000	      0.00000000
      5.28000000	      4.65028538	     -0.85630186	      3.54056880	     -0.18707156	      0.92481959	      0.28336313	     14.29624275	     -7.31222372	    -22.77510640	     37.54125596	      0.86341320	      0.65521852	     13.70138786	      0.00849636	     -7.50071740	      1.25039771	     -3.04480563	    -18.12928253	     36.12706266	     -4.63085116	      0.63053619	     20.39100496	     -2.88253838	     -7.50071740	    -17.76576673	      4.20962438	     -1.24633660	      7.41116357	    -15.80635477	     10.74029339	     39.03840575	     90.00000001	      0.00000000	      0.00000000	    -13.75759398	     -4.47792243	     -8.72727068	     49.53111201	     90.00000001	      0.00000000	      0.00000000
      5.29000000	      4.48153544	     -0.86268422	      3.49098513	     -0.18473152	      0.92494877	      0.28429084	     14.27687017	     -7.32484232	    -24.19144151	     37.43470323	      0.13338212	      0.65335883	     14.48173725	      2.83169934	     -7.50067241	      1.99202592	     -3.26373832	    -17.54746532	     37.55027561	     -4.59926546	      0.65537594	     19.36648274	     -3.77803326	     -7.50067241	    -17.72025980	      4.33919504	     -1.41436253	      7.74221891	    -15.54846750	      9.56535842	     38.58313816	     90.00000001	      0.00000000	      0.00000000	    -14.52069750	     -4.50439458	     -9.10015159	     51.60217862	     90.00000001	      0.00000000	      0.00000000
      5.30000000	      4.49520237	     -0.64340732	      3.21880740	     -0.18258171	      0.92552977	      0.28511045	     14.04015728	     -7.51970810	    -24.28186774	     37.26378518	      0.10483863	      0.65037574	     14.48207913	      2.92733355	     -7.50067050	      2.48752783	     -3.12868142	    -17.21109950	     38.83372487	     -4.73510573	      0.67777636	     18.92985534	     -3.69946419	     -7.50067050	    -17.94599979	      4.23465792	     -1.22981228	      7.93523976	    -15.77607355	      9.47984245	     38.60349691	     90.00000001	      0.00000000	      0.00000000	    -14.49386337	     -4.54785195	     -9.13155375	     51.75214689	     90.00000001	      0.00000000	      0.00000000
      5.31000000	      4.15568708	     -0.76849572	      3.23019161	     -0.18073078	      0.92553799	      0.28597903	     14.19021548	     -7.42235840	    -25.22330076	     37.10784725	     -0.19194718	      0.64765411	     14.71887142	      4.49701627	     -7.50063955	      3.87410079	     -3.60831514	    -16.21002530	     41.08662992	     -4.39449944	      0.71709697	     16.95073158	     -5.67577081	     -7.50063955	    -17.77971541	      4.51646639	     -1.43248817	      8.11430429	    -15.73664855	      9.03137422	     38.82866824	     90.00000001	      0.00000000	      0.00000000	    -15.20508605	     -4.56097898	     -9.29413481	     53.77420474	     90.00000001	      0.00000000	      0.00000000
      5.32000000	      4.00255117	     -0.73840474	      3.08770890	     -0.17872303	      0.92590888	      0.28682418	     14.07878870	     -7.37450878	    -25.37066743	     36.81324028	     -0.22620635	      0.64251225	     14.83519079	      4.82171351	     -7.50063341	      5.03643363	     -3.89941867	    -15.66047214	     43.27721102	     -4.28844610	      0.75532982	     15.74598496	     -5.83293525	     -7.50063341	    -17.76808509	      4.63003497	     -1.34054556	      8.19213675	    -15.92293674	      8.93932333	     38.87179015	     90.00000001	      0.00000000	      0.00000000	    -15.23396048	     -4.72259095	     -9.38217051	     54.19300599	     90.00000001	      0.00000000	      0.00000000
      5.33000000	      3.76125965	     -0.63442802	      2.91644586	     -0.17704148	      0.92620862	      0.28770284	     14.16541161	     -7.42108806	    -25.82962243	     36.59593140	     -0.52243241	      0.63871950	     14.96573308	      5.80972811	     -7.50060960	      6.41668504	     -4.03299696	    -14.44275039	     45.63688726	     -3.79534618	      0.79651394	     13.58140545	     -8.05213197	     -7.50060960	    -17.77539329	      4.62423591	     -1.27307833	      8.26255434	    -16.05464899	      8.77885479	     39.19328668	     90.00000001	      0.00000000	      0.00000000	    -15.75812342	     -4.81684804	     -9.57426774	     55.84558080	     90.00000001	      0.00000000	      0.00000000
      5.34000000	      3.63455533	     -0.58487321	      2.74010251	     -0.17525533	      0.92664339	      0.28851450	     14.02616236	     -7.42132235	    -25.81300702	     36.29536875	     -0.40781045	      0.63347369	     15.09463072	      6.17158648	     -7.50059937	      7.79460922	     -4.35728499	    -13.65679798	     48.18273576	     -3.45459995	      0.84094738	     11.99425316	     -8.35091291	     -7.50059937	    -17.85446891	      4.70106961	     -1.22888673	      8.45964358	    -16.20668538	      8.72057496	     39.43421154	     90.00000001	      0.00000000	      0.00000000	    -15.92155856	     -4.88028958	     -9.64170409	     56.37127374	     90.00000001	      0.00000000	      0.00000000
      5.35000000	      3.47556139	     -0.41364302	      2.61069953	     -0.17373232	      0.92706379	      0.28920885	     13.97615874	     -7.61715217	    -26.03468719	     36.09397459	     -0.40833103	      0.62995870	     15.25602766	      7.02950717	     -7.50056464	      9.28622592	     -4.42425636	    -11.71339930	     50.81676127	     -2.31586530	      0.88691980	      9.16684289	    -11.70553000	     -7.50056464	    -17.95967884	      4.63511297	     -1.24809495	      8.54809271	    -16.38915272	      8.84329772	     39.96615983	     90.00000001	      0.00000000	      0.00000000	    -16.43201759	     -4.97450116	     -9.92753958	     58.02894567	     90.00000001	      0.00000000	      0.00000000
      5.36000000	      3.29972759	     -0.33209422	      2.43772177	     -0.17220901	      0.92740204	      0.28994475	     13.93863259	     -7.66678881	    -25.96779767	     35.84829443	     -0.29155333	      0.62567077	     15.30199581	      7.30278845	     -7.50052948	     10.93733707	     -4.72049718	    -10.51294771	     53.56484115	     -1.56517060	      0.93488284	      6.96570771	    -12.86150098	     -7.50052948	    -18.02496810	      4.66273470	     -1.15739771	      8.64585194	    -16.63579225	      9.05198388	     40.39430159	     90.00000001	      0.00000000	      0.00000000	    -16.64821444	     -5.03102258	    -10.12859653	     58.92781447	     90.00000001	      0.00000000	      0.00000000
      5.37000000	      3.13412357	     -0.26154818	      2.26621751	     -0.17071895	      0.92769019	      0.29065538	     13.87962740	     -7.72378113	    -25.81900043	     35.60083180	     -0.08100341	      0.62135173	     15.35149976	      7.47324135	     -7.50049699	     12.64834160	     -5.05331608	     -9.34358910	     56.30791467	     -0.77375089	      0.98275851	      4.88215674	    -13.69199616	     -7.50049699	    -18.10863269	      4.69346662	     -1.09852511	      8.74185012	    -16.90694066	      9.30869005	     40.94643830	     90.00000001	      0.00000000	      0.00000000	    -16.97403342	     -5.09661374	    -10.37916012	     59.93078690	     90.00000001	      0.00000000	      0.00000000
      5.38000000	      3.07568025	     -0.15870502	      2.08239888	     -0.16922363	      0.92803632	      0.29126811	     13.71285387	     -7.84574099	    -25.56590046	     35.41328065	      0.21508700	      0.61807835	     15.39123290	      7.59783103	     -7.50048718	     14.28317553	     -5.39987311	     -8.81775723	     58.94441112	     -0.43904774	      1.02877405	      3.61937461	    -13.05549739	     -7.50048718	    -18.29544506	      4.69851443	     -0.96615852	      8.90107111	    -17.08353123	      9.29236034	     41.26553443	     90.00000001	      0.00000000	      0.00000000	    -16.95030971	     -5.17013857	    -10.43358754	     60.34328609	     90.00000001	      0.00000000	      0.00000000
      5.39000000	      2.82145782	     -0.10829156	      1.91041003	     -0.16798837	      0.92808488	      0.29199264	     13.82964325	     -7.83093534	    -25.33446736	     35.21713384	      0.32683286	      0.61465494	     15.43385249	      7.59216869	     -7.50046179	     16.17949222	     -5.73778273	     -7.28022228	     61.47384403	      0.72156270	      1.07292098	      1.38480902	    -14.32934033	     -7.50046179	    -18.31031736	      4.71407071	     -0.93004987	      8.95429171	    -17.39246289	      9.82018653	     42.10758560	     90.00000001	      0.00000000	      0.00000000	    -17.39525149	     -5.18111827	    -10.85470198	     61.80839819	     90.00000001	      0.00000000	      0.00000000
      5.40000000	      2.66105095	     -0.07551866	      1.72068564	     -0.16663537	      0.92817100	      0.29267167	     13.82751841	     -7.82404083	    -25.03816922	     35.03846717	      0.52719503	      0.61153662	     15.52633185	      7.61877874	     -7.50044731	     17.97810922	     -6.15135131	     -6.72523687	     63.77729423	      1.10197865	      1.11312377	      0.23291576	    -13.83461287	     -7.50044731	    -18.39701424	      4.75951827	     -0.78895380	      9.09885785	    -17.59633791	      9.97724174	     42.56047130	     90.00000001	      0.00000000	      0.00000000	    -17.45171208	     -5.27720868	    -10.97441524	     62.28938351	     90.00000001	      0.00000000	      0.00000000
      5.41000000	      2.47512477	     -0.03215753	      1.54018696	     -0.16537393	      0.92812428	      0.29334755	     13.88955273	     -7.82393504	    -24.73253860	     34.91610868	      0.70461050	      0.60940106	     15.61550614	      7.61380611	     -7.50043429	     19.80542164	     -6.53364206	     -6.13676856	     65.83581486	      1.53062440	      1.14905174	     -0.78586859	    -13.59131807	     -7.50043429	    -18.45713454	      4.76495051	     -0.71449893	      9.26457255	    -17.80713076	     10.21726972	     43.11345640	     90.00000001	      0.00000000	      0.00000000	    -17.60542730	     -5.33580735	    -11.16029095	     62.97482995	     90.00000001	      0.00000000	      0.00000000
      5.42000000	      2.41512988	      0.04359312	      1.38589238	     -0.16404197	      0.92817781	      0.29382394	     13.81004054	     -7.99593912	    -24.50486728	     34.90554127	      1.05485033	      0.60921662	     15.64789649	      7.61966084	     -7.50042516	     21.41761170	     -6.82333478	     -5.82640170	     67.51376748	      1.69465402	      1.17833753	     -1.27504441	    -13.30118766	     -7.50042516	    -18.65529029	      4.76080999	     -0.67610266	      9.45050641	    -17.99936612	     10.37558585	     43.54717190	     90.00000001	      0.00000000	      0.00000000	    -17.62699405	     -5.42352129	    -11.29368480	     63.44554308	     90.00000001	      0.00000000	      0.00000000
      5.43000000	      2.25293664	      0.12768088	      1.21084487	     -0.16290120	      0.92799303	      0.29439995	     13.93826092	     -8.07085540	    -24.13557005	     34.94460506	      1.23795309	      0.60989841	     15.71233679	      7.33045322	     -7.50040209	     23.11102914	     -7.09107115	     -5.30130471	     68.84701179	      2.13497204	      1.20160704	     -1.95155736	    -13.85548633	     -7.50040209	    -18.76963381	      4.69809842	     -0.70257321	      9.54337999	    -18.52735260	     11.69020877	     44.61076287	     90.00000001	      0.00000000	      0.00000000	    -17.91865139	     -5.40327976	    -11.84124401	     64.59421856	     90.00000001	      0.00000000	      0.00000000
      5.44000000	      2.20910098	      0.16907772	      1.06739012	     -0.16160913	      0.92790682	      0.29495626	     13.90283623	     -8.16118579	    -23.97026347	     35.00224529	      1.44892536	      0.61090443	     15.74864353	      7.36020550	     -7.50039551	     24.61911126	     -7.39334311	     -5.39196221	     69.79603917	      1.98436820	      1.21817069	     -1.87044182	    -13.49326388	     -7.50039551	    -18.97080136	      4.68884829	     -0.65599610	      9.80990193	    -18.62050773	     11.77307330	     44.90903471	     90.00000001	      0.00000000	      0.00000000	    -17.79888889	     -5.55589520	    -11.89154385	     64.76513461	     90.00000001	      0.00000000	      0.00000000
      5.45000000	      2.04740308	      0.20069573	      0.84568175	     -0.16035346	      0.92751448	      0.29558831	     14.10691078	     -8.15171539	    -23.66604556	     35.14275208	      1.49627678	      0.61335673	     15.92063989	      7.18765637	     -7.50036657	     26.20529400	     -7.75683931	     -6.15382437	     70.36290175	      1.36020286	      1.22806431	     -1.59667169	    -13.13520494	     -7.50036657	    -19.04098662	      4.64407193	     -0.64995325	     10.00586816	    -19.23062679	     13.44605921	     45.84488384	     90.00000001	      0.00000000	      0.00000000	    -17.94967964	     -5.54262139	    -12.29070384	     65.46347948	     90.00000001	      0.00000000	      0.00000000
      5.46000000	      1.91514886	      0.20679991	      0.70328633	     -0.15904214	      0.92708948	      0.29622147	     14.27206665	     -8.14026431	    -23.55403956	     35.32859321	      1.50180378	      0.61660027	     16.04590970	      7.19262179	     -7.50035957	     27.66824757	     -8.07643240	     -6.57667273	     70.51277422	      1.00222240	      1.23068007	     -1.02355255	    -13.09284755	     -7.50035957	    -19.12202709	      4.62629878	     -0.66971348	     10.30769029	    -19.26617864	     13.58008526	     46.14013798	     90.00000001	      0.00000000	      0.00000000	    -17.91058762	     -5.68852979	    -12.33996384	     65.61257485	     90.00000001	      0.00000000	      0.00000000
      5.47000000	      1.83425513	      0.27509563	      0.50551551	     -0.15768696	      0.92664145	      0.29676734	     14.45142157	     -8.22868533	    -23.37525378	     35.64007000	      1.51125320	      0.62203657	     16.23898155	      7.21863828	     -7.50034842	     28.95351358	     -8.33510573	     -7.58058613	     70.21939313	      0.24902822	      1.22555961	     -0.38208178	    -12.90974946	     -7.50034842	    -19.26145546	      4.52384772	     -0.66262690	     10.59192685	    -19.43429333	     14.07305354	     46.51938066	     90.00000001	      0.00000000	      0.00000000	    -17.83963718	     -5.83715003	    -12.48506279	     65.94223436	     90.00000001	      0.00000000	      0.00000000
      5.48000000	      1.86518604	      0.24236654	      0.38084689	     -0.15629049	      0.92634327	      0.29738784	     14.42865388	     -8.19814636	    -23.29082877	     35.82976554	      1.57640242	      0.62534738	     16.22419814	      7.22085451	     -7.50034392	     29.98743081	     -8.67523165	     -7.81966536	     69.49448709	      0.20215389	      1.21290761	     -0.06732963	    -12.63078931	     -7.50034392	    -19.50225519	      4.52097016	     -0.65670601	     10.90019495	    -19.44004354	     14.07746269	     46.77647565	     90.00000001	      0.00000000	      0.00000000	    -17.64971196	     -6.03435054	    -12.51673312	     66.05291179	     90.00000001	      0.00000000	      0.00000000
      5.49000000	      1.74507502	      0.28730370	      0.16505361	     -0.15474398	      0.92552953	      0.29792013	     14.76576258	     -8.23530370	    -23.27044506	     36.34290524	      1.35314155	      0.63430336	     16.60358880	      7.20184773	     -7.50033611	     31.10412048	     -8.87414580	     -9.27848804	     68.49456892	     -0.92989387	      1.19545575	      1.19114393	    -12.88624257	     -7.50033611	    -19.53904629	      4.41283450	     -0.75596618	     11.27793893	    -19.49330034	     14.63547295	     47.09415791	     90.00000001	      0.00000000	      0.00000000	    -17.66985088	     -6.18974788	    -12.63832182	     66.21406495	     90.00000001	      0.00000000	      0.00000000
      5.50000000	      1.78884511	      0.33411882	     -0.03288546	     -0.15305085	      0.92492263	      0.29845298	     14.86771043	     -8.29554470	    -23.20342649	     36.80719643	      1.24234805	      0.64240677	     16.90258630	      7.32079712	     -7.50032636	     31.86438733	     -9.08877323	    -10.54886483	     67.07455102	     -1.77969023	      1.17067176	      1.89797600	    -12.50811107	     -7.50032636	    -19.72712334	      4.27807052	     -0.84345856	     11.66835517	    -19.62689837	     15.37660615	     47.35710328	     90.00000001	      0.00000000	      0.00000000	    -17.57947518	     -6.35682214	    -12.75197353	     66.33044295	     90.00000001	      0.00000000	      0.00000000
      5.51000000	      1.86160659	      0.33086956	     -0.27241964	     -0.15122181	      0.92425591	      0.29898751	     14.94165491	     -8.28578780	    -23.14782339	     37.24681548	      1.08373112	      0.65007957	     17.23423722	      7.69309206	     -7.50031080	     32.43697577	     -9.32688005	    -11.74490202	     65.37531990	     -2.53042513	      1.14101458	      2.47395992	    -11.64904863	     -7.50031080	    -19.92700961	      4.18507585	     -0.92870634	     12.15073176	    -19.88265408	     16.69328474	     47.55848331	     90.00000001	      0.00000000	      0.00000000	    -17.50594686	     -6.50312121	    -12.88407658	     66.39022049	     90.00000001	      0.00000000	      0.00000000
      5.52000000	      1.94540029	      0.29009392	     -0.45906231	     -0.14926057	      0.92350807	      0.29943683	     15.00479738	     -8.22246121	    -23.13875492	     37.71578371	      0.86416850	      0.65826461	     17.44666080	      7.65631512	     -7.50030360	     32.83058585	     -9.50974888	    -12.09999247	     63.49351278	     -2.54060176	      1.10817085	      2.94771554	    -11.40974788	     -7.50030360	    -20.11272836	      4.13865345	     -0.99817870	     12.50594131	    -19.85761481	     17.00542196	     47.77507506	     90.00000001	      0.00000000	      0.00000000	    -17.37385519	     -6.71120264	    -12.92034890	     66.39369165	     90.00000001	      0.00000000	      0.00000000
      5.53000000	      2.05442363	      0.24475296	     -0.70855020	     -0.14716582	      0.92267836	      0.29989178	     15.06747024	     -8.13483664	    -23.01516900	     38.21049926	      0.65948757	      0.66689902	     17.69975723	      7.66201761	     -7.50029704	     33.02628885	     -9.65708282	    -12.38235676	     61.44531501	     -2.49292844	      1.07242306	      3.19434615	    -11.12079959	     -7.50029704	    -20.29472166	      4.06545637	     -1.04991053	     12.86521978	    -19.82250626	     17.30532430	     47.93569767	     90.00000001	      0.00000000	      0.00000000	    -17.25415348	     -6.89616280	    -12.92936623	     66.36071011	     90.00000001	      0.00000000	      0.00000000
      5.54000000	      2.24596714	      0.19034786	     -0.94630573	     -0.14482418	      0.92181008	      0.30024432	     15.02506397	     -8.10522175	    -22.90263818	     38.79161743	      0.55081119	      0.67704145	     18.06201072	      7.71140702	     -7.50029028	     32.98988089	     -9.74783845	    -12.54391649	     59.35466600	     -2.38336817	      1.03593435	      3.27191794	    -10.88152431	     -7.50029028	    -20.52303946	      4.00448680	     -1.10861147	     13.27504935	    -19.78527935	     17.73968352	     47.99787290	     90.00000001	      0.00000000	      0.00000000	    -17.11364668	     -7.11184021	    -12.94126037	     66.27349212	     90.00000001	      0.00000000	      0.00000000
      5.55000000	      2.42868220	      0.09371325	     -1.23820464	     -0.14232411	      0.92084601	      0.30058601	     15.00052453	     -7.95914135	    -22.68552927	     39.31513920	      0.34561340	      0.68617862	     18.34034629	      7.75395474	     -7.50028522	     32.81945207	     -9.84985311	    -12.45350228	     57.28268588	     -2.09154012	      0.99977147	      3.20525669	    -10.65442552	     -7.50028522	    -20.70030021	      3.95545913	     -1.13102387	     13.64292683	    -19.72454466	     18.06314400	     48.07079779	     90.00000001	      0.00000000	      0.00000000	    -17.01209785	     -7.27637145	    -12.93693992	     66.20003316	     90.00000001	      0.00000000	      0.00000000
      5.56000000	      2.73137365	      0.02500103	     -1.48979911	     -0.13960636	      0.91995062	      0.30072153	     14.81064948	     -7.93124441	    -22.47805726	     39.90855853	      0.26654544	      0.69653575	     18.97536925	      8.01755518	     -7.50027605	     32.36933222	     -9.79731603	    -11.95248976	     55.26690629	     -1.56626725	      0.96458948	      2.85145533	    -11.13554829	     -7.50027605	    -20.97034378	      3.91006591	     -1.30458701	     14.27998480	    -19.74646601	     19.19571730	     47.75385029	     90.00000001	      0.00000000	      0.00000000	    -16.90416786	     -7.46784024	    -12.92623130	     65.94796167	     90.00000001	      0.00000000	      0.00000000
      5.57000000	      2.85835014	     -0.29181438	     -1.79473328	     -0.13671497	      0.91863264	      0.30093982	     14.81379562	     -7.55969637	    -22.22465455	     40.45749481	      0.14390719	      0.70611649	     19.01854451	      8.00976195	     -7.50027239	     32.15041717	    -10.04604457	    -11.70456404	     53.62352567	     -1.41264555	      0.93590708	      2.80835211	    -10.86715208	     -7.50027239	    -21.01228802	      4.10637940	     -1.24801128	     14.50824372	    -19.69399956	     19.24786191	     47.91522659	     90.00000001	      0.00000000	      0.00000000	    -16.84894757	     -7.59211364	    -12.92495969	     65.95259617	     90.00000001	      0.00000000	      0.00000000
      5.58000000	      3.29941855	     -0.24969863	     -2.07464683	     -0.13371201	      0.91789256	      0.30097134	     14.45230613	     -7.63641151	    -21.88123465	     41.02960652	      0.06105158	      0.71610172	     19.72485671	      7.96387574	     -7.50025909	     31.21859665	     -9.69729284	    -10.11450661	     51.76414453	     -0.17668935	      0.90345476	      1.92301950	    -12.99996640	     -7.50025909	    -21.36195892	      3.87921863	     -1.48011917	     15.28367201	    -19.77790788	     21.00169210	     47.30810230	     90.00000001	      0.00000000	      0.00000000	    -16.71660163	     -7.75460920	    -12.96739204	     65.64394815	     90.00000001	      0.00000000	      0.00000000
      5.59000000	      3.71679966	     -0.41233884	     -2.35945183	     -0.13039222	      0.91696620	      0.30095604	     14.06316569	     -7.48443058	    -21.51559006	     41.55612831	      0.03187804	      0.72529126	     20.07910055	      7.78601495	     -7.50025496	     30.40035497	     -9.62522711	     -9.63504756	     50.35927574	      0.04875138	      0.87893517	      1.91231026	    -13.09344738	     -7.50025496	    -21.65205661	      3.89099584	     -1.49416033	     15.48807233	    -19.65704836	     21.16112799	     47.40686684	     90.00000001	      0.00000000	      0.00000000	    -16.61827681	     -7.93054614	    -13.00609608	     65.55253720	     90.00000001	      0.00000000	      0.00000000
      5.60000000	      3.87979966	     -0.80549147	     -2.61949111	     -0.12697991	      0.91555591	      0.30090548	     13.94317793	     -7.03201467	    -21.27997356	     42.06359035	     -0.09967639	      0.73414815	     20.17513353	      7.78715520	     -7.50025449	     30.00816606	     -9.78703708	     -9.38172942	     49.49702518	     -0.10785268	      0.86388606	      1.94978110	    -13.18296599	     -7.50025449	    -21.62717339	      4.16956436	     -1.49945214	     15.62514182	    -19.56004604	     21.20268893	     47.45368432	     90.00000001	      0.00000000	      0.00000000	    -16.60970486	     -7.99839029	    -13.02195680	     65.51608564	     90.00000001	      0.00000000	      0.00000000
      5.61000000	      4.50509693	     -0.79358990	     -2.98555929	     -0.12350226	      0.91506670	      0.30078410	     13.29101925	     -7.07111177	    -20.55188482	     42.52332038	      0.02441563	      0.74217195	     20.87449000	      7.40072450	     -7.50025135	     28.66805669	     -9.44141202	     -8.53740253	     48.27044718	      0.44163189	      0.84247823	      2.18945986	    -13.89968194	     -7.50025135	    -22.12378497	      3.93810705	     -1.54786200	     16.01680097	    -19.42837767	     21.46993798	     47.32384546	     90.00000001	      0.00000000	      0.00000000	    -16.45154565	     -8.13246041	    -13.01471117	     65.24198440	     90.00000001	      0.00000000	      0.00000000
      5.62000000	      4.88113327	     -1.01771649	     -3.27080115	     -0.11995114	      0.91417783	      0.30058314	     12.87231358	     -6.80743893	    -19.87624548	     42.94330038	      0.15823399	      0.74950198	     21.30825212	      6.90670563	     -7.50024741	     27.78375375	     -9.33091114	     -7.95341099	     47.58204189	      0.60071352	      0.83046330	      2.48988796	    -14.86084577	     -7.50024741	    -22.31498163	      3.98755792	     -1.62451252	     16.32986227	    -19.31814597	     21.76071581	     47.09585169	     90.00000001	      0.00000000	      0.00000000	    -16.33467978	     -8.23453649	    -13.01183677	     65.00158943	     90.00000001	      0.00000000	      0.00000000
      5.63000000	      5.03113791	     -1.32550122	     -3.50315550	     -0.11629181	      0.91293435	      0.30030607	     12.70336275	     -6.44027999	    -19.57676331	     43.34960396	      0.02155193	      0.75659332	     21.35490074	      6.84740807	     -7.50024642	     27.31370650	     -9.29865071	     -7.74805910	     47.35280615	      0.30872897	      0.82646238	      2.63531965	    -14.97688190	     -7.50024642	    -22.20945962	      4.16016543	     -1.61067450	     16.30483507	    -19.12731638	     21.82667035	     47.10617838	     90.00000001	      0.00000000	      0.00000000	    -16.36050501	     -8.28565460	    -13.02210941	     64.93809221	     90.00000001	      0.00000000	      0.00000000
      5.64000000	      5.55232408	     -1.47568718	     -3.80605038	     -0.11254186	      0.91241134	      0.29995085	     12.03757840	     -6.28782204	    -18.81198816	     43.65592826	      0.23864812	      0.76193969	     21.90494333	      6.17730709	     -7.50024356	     26.20275757	     -9.10562881	     -7.74273235	     46.94190554	      0.14130329	      0.81929081	      3.52112839	    -15.82385422	     -7.50024356	    -22.51483215	      4.11883520	     -1.66031996	     16.61919271	    -18.96480228	     21.99765755	     46.85630601	     90.00000001	      0.00000000	      0.00000000	    -16.22060006	     -8.37402043	    -13.05299913	     64.65641484	     90.00000001	      0.00000000	      0.00000000
      5.65000000	      5.68238355	     -1.73773472	     -3.97849846	     -0.10887911	      0.91141793	      0.29951172	     11.84133859	     -5.95220468	    -18.49041690	     43.98484633	      0.11467928	      0.76768039	     21.95945586	      6.08328316	     -7.50024277	     25.73066282	     -9.01965970	     -7.66882415	     46.89690551	     -0.18442003	      0.81850541	      3.75219993	    -15.93565301	     -7.50024277	    -22.38593001	      4.24885271	     -1.72900958	     16.53358345	    -18.79647625	     22.04815800	     46.82845755	     90.00000001	      0.00000000	      0.00000000	    -16.21740137	     -8.41342565	    -13.06382276	     64.58930366	     90.00000001	      0.00000000	      0.00000000
      5.66000000	      6.03247260	     -1.91537377	     -4.31490657	     -0.10517855	      0.91095422	      0.29905503	     11.30151039	     -5.69265022	    -17.01442010	     44.16975274	      0.76123180	      0.77090762	     22.25334425	      4.14202826	     -7.50023334	     24.90545948	     -8.94218242	     -8.48136164	     46.80204205	     -0.86999172	      0.81684973	      5.08561704	    -15.90330816	     -7.50023334	    -22.49832260	      4.24445398	     -1.72938157	     16.84525886	    -18.50495092	     22.07990004	     46.18197760	     90.00000001	      0.00000000	      0.00000000	    -16.00440165	     -8.42683038	    -13.18277803	     64.05449562	     90.00000001	      0.00000000	      0.00000000
      5.67000000	      6.30293741	     -2.09520472	     -4.50936777	     -0.10144700	      0.91048212	      0.29848553	     10.86580303	     -5.47307040	    -16.71286209	     44.34529357	      0.66576071	      0.77397138	     22.38976666	      3.82969566	     -7.50023118	     24.24288089	     -8.84826505	     -8.99383369	     46.81050801	     -1.40303721	      0.81699749	      5.82205104	    -16.22083699	     -7.50023118	    -22.51469679	      4.26515837	     -1.82761813	     16.83022003	    -18.32076348	     22.03270165	     46.16025092	     90.00000001	      0.00000000	      0.00000000	    -15.97843526	     -8.45393288	    -13.21627696	     63.94086008	     90.00000001	      0.00000000	      0.00000000
      5.68000000	      6.47225272	     -2.25853696	     -4.73098265	     -0.09776458	      0.91010505	      0.29788325	     10.49388362	     -5.24349291	    -15.87220035	     44.44186319	      0.93600077	      0.77565684	     22.45416245	      2.79914913	     -7.50022156	     23.74229270	     -8.81239344	    -10.07053862	     46.84997795	     -2.30949324	      0.81768637	      6.70721565	    -15.39502008	     -7.50022156	    -22.42600480	      4.26926447	     -1.81529767	     16.70445898	    -17.98841248	     21.54563930	     45.92249078	     90.00000001	      0.00000000	      0.00000000	    -15.84273143	     -8.41827831	    -13.33260757	     63.61673992	     90.00000001	      0.00000000	      0.00000000
      5.69000000	      6.65761841	     -2.38188175	     -4.86147475	     -0.09413432	      0.90993566	      0.29710653	     10.07416014	     -5.08973911	    -15.62918722	     44.46222101	      0.85386652	      0.77601215	     22.61414377	      2.59291796	     -7.50021938	     23.22209770	     -8.71547520	    -10.69126852	     46.86709512	     -2.86446782	      0.81798512	      7.37973149	    -15.56068769	     -7.50021938	    -22.36208933	      4.25960302	     -1.91693570	     16.57464785	    -17.80071046	     21.42853385	     45.88446064	     90.00000001	      0.00000000	      0.00000000	    -15.78097453	     -8.46782088	    -13.36178601	     63.49947043	     90.00000001	      0.00000000	      0.00000000
      5.70000000	      6.61614389	     -2.48455971	     -4.95000380	     -0.09070690	      0.90967109	      0.29618894	      9.92561907	     -5.01089426	    -15.55451875	     44.50312387	      0.79647468	      0.77672604	     22.62135614	      2.58337544	     -7.50021922	     22.98447497	     -8.66208982	    -10.74318223	     46.91769364	     -2.94967360	      0.81886823	      7.42921269	    -15.55582407	     -7.50021922	    -22.05883390	      4.27182846	     -2.02546274	     16.46127405	    -17.74558186	     21.43304133	     45.86834833	     90.00000001	      0.00000000	      0.00000000	    -15.73398608	     -8.47986714	    -13.36334330	     63.50149008	     90.00000001	      0.00000000	      0.00000000
      5.71000000	      6.80535197	     -2.48552026	     -5.20321673	     -0.08695992	      0.91005138	      0.29542915	      9.40395333	     -4.90672352	    -14.76182716	     44.25453253	      0.90727656	      0.77238730	     22.83109083	      1.88363324	     -7.50021031	     22.42453053	     -8.66984739	    -13.04142601	     46.73044047	     -4.39900968	      0.81560005	      8.68839333	    -13.75349164	     -7.50021031	    -22.00294389	      4.10549723	     -2.01676297	     15.97157890	    -17.19861499	     20.23376890	     45.71650279	     90.00000001	      0.00000000	      0.00000000	    -15.45289990	     -8.48010804	    -13.46823664	     62.84445960	     90.00000001	      0.00000000	      0.00000000
      5.72000000	      7.00145257	     -2.50491776	     -5.29499549	     -0.08345624	      0.91053946	      0.29442527	      8.88342914	     -4.93401392	    -14.71708816	     44.10960544	      0.84029293	      0.76985785	     22.90577844	      1.75482258	     -7.50020743	     21.87887473	     -8.59433451	    -13.66486907	     46.66370931	     -4.76762662	      0.81443537	      9.23699852	    -13.58198707	     -7.50020743	    -21.98026035	      3.99033953	     -2.06517020	     15.71621258	    -16.96336563	     19.91777007	     45.68325286	     90.00000001	      0.00000000	      0.00000000	    -15.37376723	     -8.48076028	    -13.46846494	     62.72076897	     90.00000001	      0.00000000	      0.00000000
      5.73000000	      6.90666628	     -2.47096754	     -5.35107988	     -0.08013787	      0.91085921	      0.29337009	      8.69769516	     -4.96432230	    -14.64804189	     43.93774878	      0.73120559	      0.76685838	     22.92042012	      1.74287450	     -7.50020698	     21.66807375	     -8.58613372	    -13.93535118	     46.58818568	     -4.70969733	      0.81311723	      9.32786693	    -13.53508867	     -7.50020698	    -21.64561407	      3.85805672	     -2.23173645	     15.37605031	    -16.80505504	     19.90818106	     45.63612025	     90.00000001	      0.00000000	      0.00000000	    -15.33782498	     -8.49150271	    -13.46903158	     62.68947459	     90.00000001	      0.00000000	      0.00000000
      5.74000000	      7.08530274	     -2.34583137	     -5.49731446	     -0.07663776	      0.91191072	      0.29221745	      8.08890080	     -5.15283215	    -14.57423423	     43.47508381	      0.67701490	      0.75878336	     22.98618935	      1.77618855	     -7.50020427	     20.97794109	     -8.42134848	    -15.02234194	     46.13881148	     -5.21308128	      0.80527417	      9.76230324	    -12.95328250	     -7.50020427	    -21.61879721	      3.60898557	     -2.22371803	     14.97861259	    -16.55990865	     19.35141775	     45.67543536	     90.00000001	      0.00000000	      0.00000000	    -15.14782379	     -8.51364530	    -13.47154480	     62.33114622	     90.00000001	      0.00000000	      0.00000000
      5.75000000	      6.92469809	     -2.24172159	     -5.58830641	     -0.07342234	      0.91253777	      0.29104164	      7.92044224	     -5.28588911	    -14.57775075	     43.14653247	      0.57988967	      0.75304905	     22.99351961	      1.80004059	     -7.50020358	     20.77128631	     -8.41561671	    -15.37964118	     45.95273900	     -5.04735694	      0.80202660	      9.84556659	    -12.74161614	     -7.50020358	    -21.23621529	      3.41802463	     -2.29884076	     14.56628699	    -16.36105421	     19.25862019	     45.65040070	     90.00000001	      0.00000000	      0.00000000	    -15.14212115	     -8.52732902	    -13.47402893	     62.24105551	     90.00000001	      0.00000000	      0.00000000
      5.76000000	      7.03283047	     -2.09057287	     -5.70688368	     -0.06995756	      0.91374755	      0.28976760	      7.37094865	     -5.53775615	    -14.89119414	     42.65312997	      0.31504283	      0.74443755	     23.16555627	      2.75133777	     -7.50019112	     20.16147167	     -8.40287994	    -17.15330532	     45.44222816	     -5.77838437	      0.79311650	     10.88405668	     -9.60247433	     -7.50019112	    -21.16309069	      3.16241837	     -2.09622394	     13.62369288	    -15.75062023	     16.38594294	     46.13771075	     90.00000001	      0.00000000	      0.00000000	    -14.60444062	     -8.56549086	    -13.26107640	     61.35807468	     90.00000001	      0.00000000	      0.00000000
      5.77000000	      6.83045671	     -1.93202820	     -5.79142327	     -0.06687697	      0.91463216	      0.28846216	      7.20272458	     -5.75331410	    -14.94285112	     42.19879990	      0.25390132	      0.73650800	     23.14840880	      2.75640737	     -7.50019052	     19.90773046	     -8.36336693	    -17.45142424	     45.10269230	     -5.45398305	      0.78719048	     10.92997667	     -9.57917503	     -7.50019052	    -20.77359442	      2.93760115	     -2.19000628	     13.21343209	    -15.56831859	     16.40683577	     46.06515509	     90.00000001	      0.00000000	      0.00000000	    -14.62909066	     -8.55780933	    -13.24630821	     61.34765313	     90.00000001	      0.00000000	      0.00000000
      5.78000000	      6.95336432	     -1.68777565	     -5.85069703	     -0.06373463	      0.91618765	      0.28696752	      6.58087647	     -6.13377040	    -15.10041974	     41.57405223	      0.19165857	      0.72560409	     22.98954401	      3.11981846	     -7.50018753	     19.14583130	     -8.08284660	    -17.97451224	     44.39062902	     -5.34642426	      0.77476263	     10.94422424	     -9.14492864	     -7.50018753	    -20.75771205	      2.60084115	     -2.24218941	     12.72747992	    -15.42212968	     16.01866070	     46.15711805	     90.00000001	      0.00000000	      0.00000000	    -14.45340081	     -8.60575267	    -13.14666559	     61.12875447	     90.00000001	      0.00000000	      0.00000000
      5.79000000	      6.86152759	     -1.47427134	     -5.93769202	     -0.06063012	      0.91740329	      0.28549426	      6.23936001	     -6.47449008	    -15.61287399	     40.98197397	     -0.10293013	      0.71527038	     23.13022505	      4.25631648	     -7.50017822	     18.68534314	     -7.95649828	    -18.84794278	     43.81293477	     -5.37974631	      0.76467997	     11.27508355	     -7.78277813	     -7.50017822	    -20.52550163	      2.33185593	     -2.11035130	     11.91672053	    -15.17927168	     14.83933872	     46.67163975	     90.00000001	      0.00000000	      0.00000000	    -14.18580202	     -8.70655924	    -12.79830353	     60.64915367	     90.00000001	      0.00000000	      0.00000000
      5.80000000	      6.57000026	     -1.30802732	     -5.97378130	     -0.05785072	      0.91830469	      0.28397876	      6.17409349	     -6.70653866	    -15.69327558	     40.53940696	     -0.12964425	      0.70754613	     23.11647919	      4.25882544	     -7.50017788	     18.52981523	     -7.93850941	    -19.17171503	     43.45935672	     -4.94680504	      0.75850887	     11.30596930	     -7.75785533	     -7.50017788	    -20.09752219	      2.14514120	     -2.25369131	     11.52158560	    -15.06131722	     14.87802593	     46.60642744	     90.00000001	      0.00000000	      0.00000000	    -14.16828714	     -8.66984047	    -12.77182072	     60.65851839	     90.00000001	      0.00000000	      0.00000000
      5.81000000	      6.62615261	     -0.96367038	     -6.09096676	     -0.05489876	      0.91993185	      0.28233431	      5.61374707	     -7.22873752	    -15.87012959	     39.78365744	     -0.15431537	      0.69435581	     22.84795142	      4.65816148	     -7.50017579	     17.73033573	     -7.40524907	    -19.48543990	     42.47984885	     -4.80949566	      0.74141323	     11.22123029	     -7.32665878	     -7.50017579	    -20.06223252	      1.72341411	     -2.15671008	     10.96235927	    -14.97874290	     14.73113028	     46.74725710	     90.00000001	      0.00000000	      0.00000000	    -14.03742547	     -8.72726021	    -12.66310455	     60.45548781	     90.00000001	      0.00000000	      0.00000000
      5.82000000	      6.46898181	     -0.71923151	     -6.17589471	     -0.05212254	      0.92109423	      0.28070487	      5.35930929	     -7.58303019	    -16.09846596	     39.16860573	     -0.26774356	      0.68362113	     22.74081869	      5.06875907	     -7.50017396	     17.32217953	     -7.10675073	    -19.87220620	     41.82252565	     -4.63395608	      0.72994077	     11.21962621	     -6.92799575	     -7.50017396	    -19.81020872	      1.45605677	     -2.11193230	     10.40955453	    -14.92530444	     14.61107933	     46.94511479	     90.00000001	      0.00000000	      0.00000000	    -13.93457657	     -8.76337747	    -12.52353542	     60.27313347	     90.00000001	      0.00000000	      0.00000000
      5.83000000	      6.16953508	     -0.53748279	     -6.23433925	     -0.04951605	      0.92190607	      0.27912755	      5.31428617	     -7.84841741	    -16.24519103	     38.69551943	     -0.30061762	      0.67536422	     22.72035909	      5.14823362	     -7.50017355	     17.18118979	     -7.01911491	    -20.20521008	     41.45721728	     -4.25343790	      0.72356494	     11.24799565	     -6.83810794	     -7.50017355	    -19.43457634	      1.26349987	     -2.15476720	      9.98309007	    -14.83600321	     14.63914488	     46.94151720	     90.00000001	      0.00000000	      0.00000000	    -13.95625171	     -8.74241474	    -12.47709405	     60.22545432	     90.00000001	      0.00000000	      0.00000000
      5.84000000	      5.92034839	     -0.28199930	     -6.34478416	     -0.04688540	      0.92281749	      0.27749058	      5.18919172	     -8.19348596	    -16.39465991	     38.08414998	     -0.39421551	      0.66469381	     22.62366884	      5.32502610	     -7.50017301	     16.91405964	     -6.67556904	    -20.45672257	     40.84052771	     -4.05026529	      0.71280168	     11.25704745	     -6.65943596	     -7.50017301	    -19.11357509	      0.98525248	     -2.06342414	      9.46943081	    -14.77164281	     14.67087698	     46.98058031	     90.00000001	      0.00000000	      0.00000000	    -13.96278146	     -8.75471859	    -12.41378730	     60.13702440	     90.00000001	      0.00000000	      0.00000000
      5.85000000	      6.14858014	      0.05489007	     -6.45194832	     -0.04418623	      0.92425799	      0.27567252	      4.55917058	     -8.85273752	    -16.94645923	     37.57745115	     -0.49061456	      0.65585025	     22.33883734	      6.60519379	     -7.50016990	     16.03937772	     -6.02965772	    -20.93707764	     39.92035467	     -4.18913791	      0.69674163	     11.16127910	     -5.69842863	     -7.50016990	    -19.35305723	      0.58595353	     -1.86962917	      8.75225460	    -14.95311822	     14.56648466	     47.86432203	     90.00000001	      0.00000000	      0.00000000	    -13.63939128	     -8.93324002	    -11.92923848	     59.62430715	     90.00000001	      0.00000000	      0.00000000
      5.86000000	      5.82954030	      0.21527343	     -6.52656384	     -0.04177904	      0.92474665	      0.27399086	      4.60462648	     -9.06968105	    -17.09156112	     37.14392055	     -0.61259899	      0.64828371	     22.36899806	      6.74013367	     -7.50016940	     16.00292515	     -5.83800064	    -21.17817255	     39.59690170	     -3.98442428	      0.69109631	     11.24492570	     -5.59439672	     -7.50016940	    -18.99330486	      0.45644639	     -1.82800727	      8.34636796	    -14.91766768	     14.63139566	     47.90142667	     90.00000001	      0.00000000	      0.00000000	    -13.65056678	     -8.92789090	    -11.85106022	     59.59567414	     90.00000001	      0.00000000	      0.00000000
      5.87000000	      5.60659136	      0.42981342	     -6.63451746	     -0.03941194	      0.92526626	      0.27232345	      4.57237492	     -9.37314217	    -17.23815103	     36.73664850	     -0.73849902	      0.64117547	     22.31752793	      6.96216142	     -7.50016881	     15.85139132	     -5.45905556	    -21.33747705	     39.15017253	     -3.92089236	      0.68329941	     11.31273437	     -5.43791803	     -7.50016881	    -18.75948143	      0.23164551	     -1.69978877	      7.90099447	    -14.92798945	     14.72394539	     47.98432425	     90.00000001	      0.00000000	      0.00000000	    -13.65322787	     -8.95191333	    -11.74564938	     59.52613599	     90.00000001	      0.00000000	      0.00000000
      5.88000000	      5.71421522	      0.69716712	     -6.73376655	     -0.03683789	      0.92590409	      0.27051962	      4.26153010	     -9.98409337	    -18.44406169	     36.53078625	     -1.26727498	      0.63758250	     22.74023633	      9.92503181	     -7.50015590	     15.34505630	     -4.95481465	    -22.08227928	     38.62272773	     -4.28274404	      0.67409376	     11.76003183	     -3.75279083	     -7.50015590	    -18.88915223	     -0.04840795	     -1.40902088	      6.92927487	    -15.67582539	     15.78638453	     49.82612904	     90.00000001	      0.00000000	      0.00000000	    -13.40300340	     -9.51330307	    -10.19413138	     59.10304964	     90.00000001	      0.00000000	      0.00000000
      5.89000000	      5.51126714	      0.84214911	     -6.83719777	     -0.03460582	      0.92612045	      0.26885634	      4.28595976	    -10.21762080	    -18.50585516	     36.27204951	     -1.34876571	      0.63306669	     22.68988676	      9.93146002	     -7.50015537	     15.28287708	     -4.66026477	    -22.17396891	     38.38238772	     -4.21491006	      0.66989904	     11.81241894	     -3.74769135	     -7.50015537	    -18.70421066	     -0.18456676	     -1.31752952	      6.66010421	    -15.67120130	     15.87543477	     49.78620438	     90.00000001	      0.00000000	      0.00000000	    -13.46781758	     -9.50368433	    -10.17266469	     59.07335387	     90.00000001	      0.00000000	      0.00000000
      5.90000000	      5.38224090	      1.04945442	     -6.95051764	     -0.03243362	      0.92628548	      0.26712432	      4.30781042	    -10.57247312	    -18.58154305	     36.15325443	     -1.42766939	      0.63099333	     22.55421955	     10.04730600	     -7.50015431	     15.14072084	     -4.16509215	    -22.20871979	     38.01028285	     -4.29843818	      0.66340459	     11.89348221	     -3.75487912	     -7.50015431	    -18.60845005	     -0.40158402	     -1.21064202	      6.36871531	    -15.74632663	     16.08039387	     49.84765305	     90.00000001	      0.00000000	      0.00000000	    -13.40246784	     -9.55635542	    -10.08172907	     59.01042267	     90.00000001	      0.00000000	      0.00000000
      5.91000000	      5.27879612	      1.17443173	     -7.06273394	     -0.03034230	      0.92629017	      0.26546593	      4.32099336	    -10.80254720	    -18.59421564	     36.07014151	     -1.56181199	      0.62954273	     22.51746866	     10.10379010	     -7.50015381	     15.09175167	     -3.85833551	    -22.22618682	     37.94910984	     -4.30278724	      0.66233691	     11.94473558	     -3.77283570	     -7.50015381	    -18.56963809	     -0.51939992	     -1.08461883	      6.14065222	    -15.73850578	     16.23641943	     49.88011152	     90.00000001	      0.00000000	      0.00000000	    -13.49792246	     -9.56632945	    -10.01851428	     58.92226378	     90.00000001	      0.00000000	      0.00000000
      5.92000000	      5.16174759	      1.36610757	     -7.15755817	     -0.02829332	      0.92610891	      0.26367880	      4.45102810	    -11.20325609	    -18.94578194	     36.18388718	     -1.77989164	      0.63152797	     22.65959366	     11.05743854	     -7.50014643	     15.05126517	     -3.36585441	    -22.13751706	     37.75401843	     -4.38221626	      0.65893193	     11.95880584	     -4.21208367	     -7.50014643	    -18.50378336	     -0.68524892	     -0.90678542	      5.71783486	    -16.53981520	     18.03624155	     50.95880657	     90.00000001	      0.00000000	      0.00000000	    -13.30883633	     -9.93161006	     -8.99553295	     58.37811484	     90.00000001	      0.00000000	      0.00000000
      5.93000000	      5.10050492	      1.40900141	     -7.24811350	     -0.02630930	      0.92593780	      0.26211494	      4.45772930	    -11.30838326	    -18.90180234	     36.18278395	     -1.91831691	      0.63150871	     22.64568099	     11.04412922	     -7.50014616	     15.03031209	     -3.13379534	    -22.10105332	     37.80192305	     -4.44035678	      0.65976802	     12.01534331	     -4.22838545	     -7.50014616	    -18.53673721	     -0.73181609	     -0.81005548	      5.60293302	    -16.51408052	     18.10439071	     50.92522636	     90.00000001	      0.00000000	      0.00000000	    -13.40818172	     -9.94466012	     -8.99378243	     58.35146457	     90.00000001	      0.00000000	      0.00000000
      5.94000000	      4.96435056	      1.59664787	     -7.35616566	     -0.02438917	      0.92548105	      0.26039448	      4.69614826	    -11.65718528	    -18.89013151	     36.43542533	     -2.04546597	      0.63591814	     22.64128480	     11.00864344	     -7.50014420	     15.10669192	     -2.66192282	    -22.05969094	     37.76188352	     -4.57815110	      0.65906920	     12.31386851	     -4.50932160	     -7.50014420	    -18.46776111	     -0.92256590	     -0.71860545	      5.47955288	    -16.63815663	     18.55806386	     50.92969120	     90.00000001	      0.00000000	      0.00000000	    -13.44477346	    -10.03356790	     -8.83592656	     58.27685506	     90.00000001	      0.00000000	      0.00000000
      5.95000000	      4.93300667	      1.59481621	     -7.43325351	     -0.02241216	      0.92515010	      0.25882432	      4.69686748	    -11.71846542	    -18.81277844	     36.48159518	     -2.18714932	      0.63672395	     22.64022480	     10.99942551	     -7.50014400	     15.09398553	     -2.45355492	    -21.98371890	     37.86916737	     -4.67447433	      0.66094166	     12.34533773	     -4.53430395	     -7.50014400	    -18.52943811	     -0.91400709	     -0.62020598	      5.41082988	    -16.62578121	     18.62979325	     50.91012339	     90.00000001	      0.00000000	      0.00000000	    -13.55413680	    -10.04800444	     -8.82388555	     58.21812102	     90.00000001	      0.00000000	      0.00000000
      5.96000000	      4.82983878	      1.73517879	     -7.51854845	     -0.02061270	      0.92453664	      0.25717724	      4.94340521	    -11.97797221	    -18.74128211	     36.84747553	     -2.35655935	      0.64310977	     22.69125512	     10.88447553	     -7.50014287	     15.24567788	     -2.04400050	    -21.93716841	     38.02602038	     -4.86157086	      0.66367926	     12.68038261	     -4.87499642	     -7.50014287	    -18.51206162	     -1.06510514	     -0.54198279	      5.36983962	    -16.73091132	     19.00898324	     50.87614259	     90.00000001	      0.00000000	      0.00000000	    -13.55764461	    -10.14484337	     -8.68407283	     58.04724575	     90.00000001	      0.00000000	      0.00000000
      5.97000000	      4.80955894	      1.71445363	     -7.59252554	     -0.01869693	      0.92412737	      0.25564014	      4.95823109	    -12.01190556	    -18.64087292	     36.94283662	     -2.49200112	      0.64477413	     22.69732306	     10.86236371	     -7.50014264	     15.24694263	     -1.83780976	    -21.82824379	     38.16447325	     -4.98539944	      0.66609572	     12.71824364	     -4.92820905	     -7.50014264	    -18.59812341	     -1.04575133	     -0.43441010	      5.32256923	    -16.73271326	     19.10532115	     50.84615383	     90.00000001	      0.00000000	      0.00000000	    -13.71977796	    -10.14580773	     -8.65333885	     57.94093416	     90.00000001	      0.00000000	      0.00000000
      5.98000000	      4.62589219	      1.81045678	     -7.67468538	     -0.01700959	      0.92329008	      0.25400598	      5.34569719	    -12.24429821	    -18.48895072	     37.43896867	     -2.55786836	      0.65343327	     22.81546537	     10.56182746	     -7.50014088	     15.53020246	     -1.51249135	    -21.71651654	     38.42414334	     -5.10349795	      0.67062781	     13.13234018	     -5.57131820	     -7.50014088	    -18.48674136	     -1.13206028	     -0.40519180	      5.43230937	    -16.87413444	     19.78735548	     50.69469776	     90.00000001	      0.00000000	      0.00000000	    -13.74813611	    -10.25815077	     -8.37473045	     57.52146051	     90.00000001	      0.00000000	      0.00000000
      5.99000000	      4.63810731	      1.77154871	     -7.73086150	     -0.01517204	      0.92288883	      0.25246472	      5.32349554	    -12.24145610	    -18.35590300	     37.53189106	     -2.71386843	      0.65505507	     22.80608985	     10.53349334	     -7.50014066	     15.51549179	     -1.30307764	    -21.57657174	     38.57922412	     -5.24884727	      0.67333448	     13.13759062	     -5.61588745	     -7.50014066	    -18.60487644	     -1.10498467	     -0.30647841	      5.42189324	    -16.89560539	     19.86565139	     50.64911317	     90.00000001	      0.00000000	      0.00000000	    -13.89593034	    -10.26829986	     -8.35280436	     57.41291957	     90.00000001	      0.00000000	      0.00000000
      6.00000000	      4.41600624	      1.82064735	     -7.77758692	     -0.01359480	      0.92209433	      0.25084075	      5.71079887	    -12.35100629	    -17.98347473	     37.94667483	     -2.70919084	      0.66229442	     22.82035573	      9.80832818	     -7.50013732	     15.83077332	     -1.01621193	    -21.21257581	     38.84714176	     -5.25414718	      0.67801053	     13.39415130	     -6.72873342	     -7.50013732	    -18.44606628	     -1.12893564	     -0.32211776	      5.78059164	    -17.09184379	     21.06347490	     50.05994200	     90.00000001	      0.00000000	      0.00000000	    -13.84421214	    -10.41105903	     -7.91437188	     56.60286326	     90.00000001	      0.00000000	      0.00000000
      6.01000000	      4.44097555	      1.75618067	     -7.83195702	     -0.01183029	      0.92174791	      0.24933904	      5.66311395	    -12.36195600	    -17.89791367	     38.06156440	     -2.80273132	      0.66429962	     22.78956938	      9.77669476	     -7.50013711	     15.79630051	     -0.86258752	    -21.10185040	     38.98982376	     -5.36776253	      0.68050080	     13.38267973	     -6.76252273	     -7.50013711	    -18.58699438	     -1.08350135	     -0.23410280	      5.80796563	    -17.10750638	     21.10386945	     50.02587365	     90.00000001	      0.00000000	      0.00000000	    -14.01220240	    -10.40423855	     -7.90429764	     56.50133229	     90.00000001	      0.00000000	      0.00000000
      6.02000000	      4.45600433	      1.70103823	     -7.86255371	     -0.01013386	      0.92142439	      0.24780261	      5.65417028	    -12.39075179	    -17.82862566	     38.23607438	     -2.88179328	      0.66734539	     22.75146705	      9.71729586	     -7.50013684	     15.77078379	     -0.70816828	    -21.02605648	     39.15059181	     -5.48122577	      0.68330673	     13.43818982	     -6.84916760	     -7.50013684	    -18.71994658	     -1.04431356	     -0.19309959	      5.88495936	    -17.13337938	     21.14767949	     49.96035414	     90.00000001	      0.00000000	      0.00000000	    -14.18318375	    -10.39772901	     -7.88543451	     56.34831885	     90.00000001	      0.00000000	      0.00000000
      6.03000000	      4.42010131	      1.67285255	     -7.86140849	     -0.00853080	      0.92104488	      0.24619935	      5.74790201	    -12.50539160	    -17.79974620	     38.55193848	     -2.89777104	      0.67285826	     22.65565288	      9.50413303	     -7.50013609	     15.82063860	     -0.56904924	    -21.02824269	     39.32919514	     -5.55139853	      0.68642395	     13.68609586	     -7.17038985	     -7.50013609	    -18.79058539	     -1.00388146	     -0.28270352	      6.14282897	    -17.10310545	     21.30244027	     49.71073141	     90.00000001	      0.00000000	      0.00000000	    -14.29696334	    -10.40826905	     -7.82471167	     55.97004318	     90.00000001	      0.00000000	      0.00000000
      6.04000000	      4.36993577	      1.60595702	     -7.91143618	     -0.00684193	      0.92082364	      0.24472040	      5.75976152	    -12.53656772	    -17.78146612	     38.60996585	     -2.92813375	      0.67387103	     22.62525869	      9.45403539	     -7.50013591	     15.80338088	     -0.45970845	    -20.96128587	     39.39567105	     -5.62458995	      0.68758417	     13.72715630	     -7.22305416	     -7.50013591	    -18.82560027	     -0.95857412	     -0.16681936	      6.19733525	    -17.09662870	     21.33574050	     49.62430542	     90.00000001	      0.00000000	      0.00000000	    -14.48153902	    -10.39165003	     -7.81476431	     55.81110523	     90.00000001	      0.00000000	      0.00000000
      6.05000000	      4.18283550	      1.62064685	     -7.91429757	     -0.00528849	      0.92052319	      0.24315440	      6.00374433	    -12.65981244	    -17.63809785	     38.86262584	     -2.87533022	      0.67828078	     22.18937790	      8.74123840	     -7.50013284	     15.94965788	     -0.26377605	    -20.71490490	     39.46286521	     -5.57361597	      0.68875693	     14.09342218	     -8.00929014	     -7.50013284	    -18.67234220	     -0.95631832	     -0.31405911	      6.87005821	    -16.84061007	     21.83255508	     48.04288534	     90.00000001	      0.00000000	      0.00000000	    -14.31788645	    -10.35340078	     -7.67401164	     54.33478435	     90.00000001	      0.00000000	      0.00000000
      6.06000000	      4.13061690	      1.52741226	     -7.94763310	     -0.00369736	      0.92049813	      0.24169228	      5.99509508	    -12.67613537	    -17.63447166	     38.90641836	     -2.86360868	      0.67904510	     22.16387319	      8.71669831	     -7.50013264	     15.89524004	     -0.22906101	    -20.67910156	     39.47238485	     -5.58075765	      0.68892308	     14.06734029	     -8.01990624	     -7.50013264	    -18.71890885	     -0.87981909	     -0.22327924	      6.94500062	    -16.86217253	     21.81839232	     47.99725974	     90.00000001	      0.00000000	      0.00000000	    -14.52083423	    -10.30947651	     -7.67074869	     54.21240570	     90.00000001	      0.00000000	      0.00000000
      6.07000000	      4.09842524	      1.46934963	     -7.94623752	     -0.00211060	      0.92069281	      0.24016488	      5.95551920	    -12.75505573	    -17.61146708	     38.95665030	     -2.78854342	      0.67992181	     21.71017616	      8.38365749	     -7.50012914	     15.75109024	     -0.14622063	    -20.58645820	     39.34318765	     -5.50413331	      0.68666816	     14.05424323	     -8.29930671	     -7.50012914	    -18.75557269	     -0.82649525	     -0.33969656	      7.46990870	    -16.56242163	     21.75892462	     46.83165312	     90.00000001	      0.00000000	      0.00000000	    -14.49009873	    -10.18076853	     -7.75575343	     53.15330588	     90.00000001	      0.00000000	      0.00000000
      6.08000000	      4.01104053	      1.38161774	     -7.96416408	     -0.00056412	      0.92081942	      0.23870536	      5.97328587	    -12.78693630	    -17.64249766	     38.98333348	     -2.75497689	      0.68038752	     21.67791928	      8.37521937	     -7.50012894	     15.69105522	     -0.14512996	    -20.60122315	     39.29748449	     -5.47078405	      0.68587049	     14.06717836	     -8.30399625	     -7.50012894	    -18.74880212	     -0.75586533	     -0.26388302	      7.54451332	    -16.58960944	     21.72043073	     46.80043950	     90.00000001	      0.00000000	      0.00000000	    -14.72127560	    -10.12910472	     -7.75530932	     53.02185768	     90.00000001	      0.00000000	      0.00000000
      6.09000000	      3.92493598	      1.29634747	     -7.98125081	      0.00100340	      0.92108271	      0.23725828	      5.99050184	    -12.84401467	    -17.69192154	     39.02172681	     -2.70292333	      0.68105761	     21.54078709	      8.38541109	     -7.50012859	     15.56137665	     -0.17433411	    -20.67295933	     39.12755081	     -5.38255191	      0.68290459	     14.11886371	     -8.30579432	     -7.50012859	    -18.73357014	     -0.68205145	     -0.28659032	      7.68406568	    -16.59995849	     21.64629720	     46.70753047	     90.00000001	      0.00000000	      0.00000000	    -15.00877382	    -10.03333395	     -7.74337096	     52.75714362	     90.00000001	      0.00000000	      0.00000000
      6.10000000	      3.93029052	      1.24743383	     -7.96538520	      0.00262169	      0.92164838	      0.23577923	      5.85926943	    -12.96401479	    -17.85919914	     38.95358863	     -2.69545433	      0.67986838	     20.86273920	      8.46580603	     -7.50012506	     15.28264619	     -0.11374860	    -20.79025096	     38.81329250	     -5.36322425	      0.67741975	     14.28898932	     -7.93684846	     -7.50012506	    -18.78261595	     -0.66034036	     -0.37317140	      8.17533559	    -16.13658781	     21.13212831	     45.43112972	     90.00000001	      0.00000000	      0.00000000	    -14.79370196	     -9.87497487	     -7.90406572	     51.38385918	     90.00000001	      0.00000000	      0.00000000
      6.11000000	      3.80593623	      1.14703591	     -7.96563061	      0.00413878	      0.92200972	      0.23437448	      5.89498183	    -12.99769614	    -17.90123471	     38.95932855	     -2.62813880	      0.67996856	     20.81025164	      8.47756656	     -7.50012480	     15.18761717	     -0.19027036	    -20.86953041	     38.64395356	     -5.26475608	      0.67446423	     14.30838258	     -7.91093283	     -7.50012480	    -18.71776941	     -0.57715286	     -0.33638128	      8.26726254	    -16.16347508	     21.05909016	     45.40458250	     90.00000001	      0.00000000	      0.00000000	    -15.06721108	     -9.79514725	     -7.90108856	     51.22029796	     90.00000001	      0.00000000	      0.00000000
      6.12000000	      3.82915554	      1.10681119	     -7.96137153	      0.00575413	      0.92275671	      0.23295886	      5.73870368	    -13.13001926	    -17.93993279	     38.88902756	     -2.52080895	      0.67874157	     20.21633490	      8.62963110	     -7.50012251	     14.81499217	     -0.13838074	    -21.08757326	     38.19897295	     -5.23296825	      0.66669785	     14.40615469	     -7.41249389	     -7.50012251	    -18.78604408	     -0.58656108	     -0.41731569	      8.55566440	    -15.90086854	     20.60271428	     44.84541284	     90.00000001	      0.00000000	      0.00000000	    -15.10086614	     -9.65821468	     -7.99410632	     50.39513757	     90.00000001	      0.00000000	      0.00000000
      6.13000000	      3.70325184	      0.99172732	     -7.96228664	      0.00724623	      0.92327145	      0.23163962	      5.79433463	    -13.11247862	    -17.95235942	     38.88858697	     -2.50174827	      0.67873388	     20.10742048	      8.65583636	     -7.50012207	     14.67037556	     -0.25205459	    -21.21474078	     37.94911842	     -5.10536489	      0.66233706	     14.43512400	     -7.31144742	     -7.50012207	    -18.70550908	     -0.50006379	     -0.43011036	      8.66626151	    -15.88714157	     20.49154580	     44.78879584	     90.00000001	      0.00000000	      0.00000000	    -15.34814940	     -9.55964767	     -7.98996319	     50.16025250	     90.00000001	      0.00000000	      0.00000000
      6.14000000	      3.62598816	      0.89933908	     -7.95599633	      0.00876105	      0.92392942	      0.23029845	      5.78369048	    -13.13556908	    -17.93247007	     38.87070347	     -2.44264110	      0.67842176	     19.82163177	      8.71844781	     -7.50012151	     14.43193165	     -0.31135836	    -21.35938609	     37.59423065	     -4.98566210	      0.65614310	     14.45980049	     -7.10993273	     -7.50012151	    -18.67045544	     -0.44048035	     -0.45846119	      8.81891300	    -15.83491724	     20.35146422	     44.69344166	     90.00000001	      0.00000000	      0.00000000	    -15.57249597	     -9.46554743	     -7.98556524	     49.81160986	     90.00000001	      0.00000000	      0.00000000
      6.15000000	      3.68805311	      0.84408592	     -7.93480314	      0.01040499	      0.92485276	      0.22893773	      5.56917646	    -13.23798277	    -17.87474476	     38.77707583	     -2.31956994	      0.67678765	     19.05666339	      8.79711716	     -7.50011973	     13.98903851	     -0.28084544	    -21.64221830	     37.09366003	     -4.98593842	      0.64740650	     14.52962812	     -6.33330273	     -7.50011973	    -18.76147167	     -0.45033991	     -0.49307855	      9.07007285	    -15.63497001	     19.95583034	     44.27329609	     90.00000001	      0.00000000	      0.00000000	    -15.52968304	     -9.36722393	     -8.01523818	     48.93704865	     90.00000001	      0.00000000	      0.00000000
      6.16000000	      3.55450322	      0.69619513	     -7.89476151	      0.01190047	      0.92543207	      0.22763498	      5.62281581	    -13.20015170	    -17.89765699	     38.81105872	     -2.25645229	      0.67738076	     18.96308217	      8.79084367	     -7.50011940	     13.85772661	     -0.44354646	    -21.78881958	     36.84661690	     -4.85350191	      0.64309478	     14.56060655	     -6.21251203	     -7.50011940	    -18.65447604	     -0.32952597	     -0.49601508	      9.14599255	    -15.66673054	     19.86209741	     44.23860196	     90.00000001	      0.00000000	      0.00000000	    -15.78538564	     -9.27145833	     -8.00143610	     48.71766636	     90.00000001	      0.00000000	      0.00000000
      6.17000000	      3.61712795	      0.61541555	     -7.87494631	      0.01353429	      0.92637802	      0.22638062	      5.43044979	    -13.23954703	    -17.71032767	     38.75035234	     -2.10163057	      0.67632123	     18.12987691	      8.61354120	     -7.50011674	     13.42495950	     -0.46891764	    -22.25107187	     36.36576166	     -4.93131276	      0.63470228	     14.75302712	     -4.95466904	     -7.50011674	    -18.72413271	     -0.32808374	     -0.51196840	      9.35341128	    -15.44962994	     19.36585517	     43.84428959	     90.00000001	      0.00000000	      0.00000000	    -15.64514543	     -9.14551088	     -8.00556764	     47.68121886	     90.00000001	      0.00000000	      0.00000000
      6.18000000	      3.53014332	      0.53201082	     -7.76974700	      0.01489172	      0.92694883	      0.22510505	      5.44579335	    -13.22454693	    -17.69429302	     38.77039494	     -2.10641686	      0.67667104	     18.11553838	      8.61324300	     -7.50011669	     13.37041625	     -0.50388838	    -22.27698587	     36.32301666	     -4.90555985	      0.63395623	     14.75784571	     -4.93983542	     -7.50011669	    -18.67553096	     -0.30423448	     -0.48632620	      9.38382229	    -15.45491521	     19.35355985	     43.85402664	     90.00000001	      0.00000000	      0.00000000	    -15.71145422	     -9.13368999	     -8.00461111	     47.64763243	     90.00000001	      0.00000000	      0.00000000
      6.19000000	      3.44477343	      0.34998034	     -7.81909610	      0.01646077	      0.92763940	      0.22402997	      5.55620814	    -13.09107847	    -17.51939414	     38.92757017	     -2.11506264	      0.67941427	     17.78550496	      8.60720818	     -7.50011622	     13.02255588	     -0.70808621	    -22.47589009	     35.77779646	     -4.68732430	      0.62444035	     14.79960379	     -4.70174328	     -7.50011622	    -18.59133765	     -0.17548546	     -0.58236496	      9.59490747	    -15.41758510	     19.26081501	     43.93881140	     90.00000001	      0.00000000	      0.00000000	    -16.14792498	     -9.00989591	     -7.96199639	     47.29335668	     90.00000001	      0.00000000	      0.00000000
      6.20000000	      3.38143560	      0.26907952	     -7.69403201	      0.01790106	      0.92820129	      0.22281858	      5.54181680	    -13.06652737	    -17.48688812	     38.96234776	     -2.11512665	      0.68002125	     17.73678721	      8.60796517	     -7.50011617	     12.94602207	     -0.72912444	    -22.49717015	     35.72817995	     -4.66951198	      0.62357438	     14.80132597	     -4.67238740	     -7.50011617	    -18.52591114	     -0.17554598	     -0.56858574	      9.62313383	    -15.42669926	     19.24971306	     43.94762952	     90.00000001	      0.00000000	      0.00000000	    -16.19709951	     -9.00063799	     -7.95853777	     47.25343073	     90.00000001	      0.00000000	      0.00000000
      6.21000000	      3.53397021	      0.15290956	     -7.72769626	      0.01961247	      0.92924095	      0.22169681	      5.34033397	    -13.10295394	    -17.03308993	     39.06986634	     -1.77825945	      0.68189781	     16.28154631	      7.85270347	     -7.50011361	     12.29511018	     -0.75060499	    -22.95669595	     34.98483615	     -4.71485874	      0.61060058	     15.00114976	     -3.12706284	     -7.50011361	    -18.67332506	     -0.15404443	     -0.61486673	      9.80594920	    -15.39143208	     19.11333157	     43.96101307	     90.00000001	      0.00000000	      0.00000000	    -16.16263306	     -8.89919952	     -7.76753424	     46.13356784	     90.00000001	      0.00000000	      0.00000000
      6.22000000	      3.48799813	      0.01209686	     -7.62739391	      0.02107657	      0.92976725	      0.22060218	      5.40942115	    -12.95064535	    -16.87611480	     39.26541265	     -1.87555559	      0.68531073	     16.18497034	      7.80700533	     -7.50011336	     12.12218012	     -0.87419340	    -23.04929449	     34.81185033	     -4.63048386	      0.60758141	     15.04139604	     -3.03084974	     -7.50011336	    -18.62729307	     -0.08456875	     -0.69977736	      9.86428811	    -15.41021304	     19.09133920	     44.00611575	     90.00000001	      0.00000000	      0.00000000	    -16.36215338	     -8.91313085	     -7.75993600	     45.99009182	     90.00000001	      0.00000000	      0.00000000
      6.23000000	      3.49684264	     -0.14530235	     -7.70443124	      0.02256553	      0.93036653	      0.21969797	      5.45827210	    -12.75470352	    -15.95588456	     39.49146056	     -1.56413191	      0.68925601	     15.25772683	      5.91229356	     -7.50010653	     11.86911374	     -1.07196769	    -23.85735578	     34.57751392	     -4.85783363	      0.60349147	     15.65262553	     -0.92093493	     -7.50010653	    -18.63125544	     -0.03589356	     -0.57851818	      9.97325276	    -15.49275892	     19.37091497	     44.33417430	     90.00000001	      0.00000000	      0.00000000	    -16.30512026	     -8.91408427	     -7.40560801	     45.10393239	     90.00000001	      0.00000000	      0.00000000
      6.24000000	      3.49664253	     -0.29321844	     -7.59691994	      0.02408579	      0.93087920	      0.21865811	      5.49805864	    -12.65960636	    -15.86234307	     39.75903362	     -1.57585535	      0.69392604	     15.02434943	      5.93359745	     -7.50010618	     11.62907119	     -1.17226844	    -23.87058570	     34.34415148	     -4.77658355	      0.59941852	     15.65646047	     -0.86853173	     -7.50010618	    -18.61380975	      0.02749207	     -0.66645667	     10.05526852	    -15.49768967	     19.37625784	     44.39070587	     90.00000001	      0.00000000	      0.00000000	    -16.45086056	     -8.89427889	     -7.38511013	     45.02120897	     90.00000001	      0.00000000	      0.00000000
      6.25000000	      3.59055028	     -0.34443773	     -7.53612925	      0.02563873	      0.93149877	      0.21760040	      5.47813304	    -12.70017498	    -15.68728674	     40.05127924	     -1.54421912	      0.69902669	     14.18902821	      5.59753762	     -7.50010444	     11.25095006	     -1.09045462	    -23.83699609	     34.00239698	     -4.70917066	      0.59345378	     15.71283360	     -0.54759580	     -7.50010444	    -18.67334279	     -0.03589507	     -0.72757981	     10.17185926	    -15.52456540	     19.58334580	     44.54003833	     90.00000001	      0.00000000	      0.00000000	    -16.53070810	     -8.91667476	     -7.26936496	     44.78200909	     90.00000001	      0.00000000	      0.00000000
      6.26000000	      3.63510930	     -0.50501112	     -7.46022122	      0.02717078	      0.93196421	      0.21667584	      5.53519297	    -12.54946447	    -15.53155400	     40.40660784	     -1.63455457	      0.70522835	     13.98200585	      5.51387042	     -7.50010405	     10.99116640	     -1.20726534	    -23.85496178	     33.85809794	     -4.63837083	      0.59093529	     15.73739683	     -0.48255266	     -7.50010405	    -18.68496027	      0.02814490	     -0.78126788	     10.26317853	    -15.50589787	     19.63439316	     44.61587831	     90.00000001	      0.00000000	      0.00000000	    -16.67241521	     -8.92249423	     -7.23838170	     44.66002582	     90.00000001	      0.00000000	      0.00000000
      6.27000000	      3.71545557	     -0.56246537	     -7.38233062	      0.02870273	      0.93249078	      0.21574336	      5.57340642	    -12.55609539	    -15.24960140	     40.78875454	     -1.54990659	      0.71189806	     13.03718896	      4.71747184	     -7.50010207	     10.66428440	     -1.15864690	    -23.85689374	     33.57555208	     -4.60516132	      0.58600393	     15.90496964	     -0.08853729	     -7.50010207	    -18.72414610	     -0.04866125	     -0.81587039	     10.34786041	    -15.59541332	     20.03615308	     44.79372865	     90.00000001	      0.00000000	      0.00000000	    -16.67876488	     -8.97285901	     -7.05254493	     44.31664806	     90.00000001	      0.00000000	      0.00000000
      6.28000000	      3.78631347	     -0.74197671	     -7.30547640	      0.03024353	      0.93292421	      0.21491279	      5.62775469	    -12.37370993	    -15.07955174	     41.20187474	     -1.63467835	      0.71910837	     12.84528774	      4.57669092	     -7.50010167	     10.39655282	     -1.30446131	    -23.87028271	     33.47728981	     -4.54848301	      0.58428893	     15.92784455	     -0.02300148	     -7.50010167	    -18.75248382	      0.02219107	     -0.83720599	     10.46481182	    -15.57503089	     20.11147359	     44.87494430	     90.00000001	      0.00000000	      0.00000000	    -16.77605387	     -8.98225244	     -7.01708014	     44.21180472	     90.00000001	      0.00000000	      0.00000000
      6.29000000	      3.89059480	     -0.85810671	     -7.24085635	      0.03179068	      0.93336629	      0.21409738	      5.70068889	    -12.29496128	    -14.89639580	     41.69569014	     -1.68672894	      0.72772708	     12.38165392	      4.27507220	     -7.50010107	     10.06691147	     -1.36868067	    -23.87579956	     33.30848782	     -4.46104276	      0.58134278	     16.01439139	      0.11123616	     -7.50010107	    -18.80601822	      0.00935842	     -0.85957542	     10.59082082	    -15.57139126	     20.25907157	     44.96974265	     90.00000001	      0.00000000	      0.00000000	    -16.82826508	     -9.00433267	     -6.95603143	     44.06562556	     90.00000001	      0.00000000	      0.00000000
      6.30000000	      3.97502140	     -1.03127092	     -7.08649235	      0.03336523	      0.93380857	      0.21324738	      5.73515997	    -12.11908151	    -14.76361644	     42.11668007	     -1.72815947	      0.73507474	     12.11222272	      4.14218873	     -7.50010081	      9.80672874	     -1.45939909	    -23.83931057	     33.19822620	     -4.50069236	      0.57941835	     16.05509492	      0.17264712	     -7.50010081	    -18.83915436	      0.08043573	     -0.93228459	     10.55276228	    -15.55034708	     20.33985314	     44.98516079	     90.00000001	      0.00000000	      0.00000000	    -16.88132354	     -9.05895419	     -6.94188962	     43.97759774	     90.00000001	      0.00000000	      0.00000000
      6.31000000	      4.06709072	     -1.19027104	     -7.07056587	      0.03485286	      0.93431514	      0.21249710	      5.82222623	    -11.91184976	    -13.73621813	     42.60737447	     -1.26298436	      0.74363897	     10.27271346	      0.87962287	     -7.50009590	      9.49095913	     -1.60628014	    -24.04981544	     33.03893440	     -4.48031044	      0.57663819	     16.43217397	      1.08210608	     -7.50009590	    -18.86366474	      0.12519071	     -0.85819451	     10.76161225	    -15.91882287	     21.67335837	     45.27014545	     90.00000001	      0.00000000	      0.00000000	    -16.71172470	     -9.13789189	     -6.51443250	     43.34099649	     90.00000001	      0.00000000	      0.00000000
      6.32000000	      4.18176713	     -1.37144831	     -6.94472002	      0.03649305	      0.93473205	      0.21174379	      5.86824356	    -11.74368807	    -13.60960514	     43.12629337	     -1.29971882	      0.75269581	     10.09409806	      0.86339944	     -7.50009562	      9.18541426	     -1.71640000	    -24.01755371	     32.93295182	     -4.50035243	      0.57478844	     16.45808873	      1.10439131	     -7.50009562	    -18.90630494	      0.20131813	     -0.88291978	     10.78295817	    -15.87365251	     21.71528036	     45.29640274	     90.00000001	      0.00000000	      0.00000000	    -16.75826284	     -9.17335773	     -6.51786369	     43.31055192	     90.00000001	      0.00000000	      0.00000000
      6.33000000	      4.33501161	     -1.48930930	     -6.90058759	      0.03809012	      0.93520369	      0.21105290	      5.95138940	    -11.68903814	    -13.50039019	     43.71982925	     -1.33753975	      0.76305497	      9.68222594	      0.70671066	     -7.50009518	      8.79988141	     -1.77677815	    -24.00094058	     32.77657087	     -4.40042292	      0.57205908	     16.53905884	      1.17325459	     -7.50009518	    -18.98578145	      0.18473580	     -0.84912727	     10.90703431	    -15.84751203	     21.78489175	     45.34111365	     90.00000001	      0.00000000	      0.00000000	    -16.77157588	     -9.19083868	     -6.51109544	     43.26849818	     90.00000001	      0.00000000	      0.00000000
      6.34000000	      4.45766688	     -1.65794742	     -6.80833651	      0.03964139	      0.93573759	      0.21031344	      6.02332404	    -11.48452056	    -12.66024917	     44.26546551	     -0.91972213	      0.77257812	      8.19365540	     -1.87286806	     -7.50008978	      8.46130295	     -1.87774812	    -24.07681977	     32.59884813	     -4.44767430	      0.56895723	     16.80553097	      1.69662527	     -7.50008978	    -19.02121251	      0.25591086	     -0.81947614	     11.00071360	    -16.01872097	     22.58797728	     45.35204192	     90.00000001	      0.00000000	      0.00000000	    -16.69773673	     -9.18432815	     -6.46973396	     43.07511926	     90.00000001	      0.00000000	      0.00000000
      6.35000000	      4.59640267	     -1.85981636	     -6.69590643	      0.04133528	      0.93620129	      0.20963446	      6.06488195	    -11.32658371	    -12.60400089	     44.80744248	     -0.91076241	      0.78203740	      7.96520350	     -1.89340592	     -7.50008948	      8.11436872	     -2.03040786	    -24.03207012	     32.49175893	     -4.41277580	      0.56708817	     16.82539157	      1.72248767	     -7.50008948	    -19.06162755	      0.36850747	     -0.80884647	     11.03987970	    -15.96321395	     22.61282471	     45.37177882	     90.00000001	      0.00000000	      0.00000000	    -16.71508415	     -9.24888590	     -6.49200906	     43.04492716	     90.00000001	      0.00000000	      0.00000000
      6.36000000	      4.74774290	     -2.05698111	     -6.57604256	      0.04302339	      0.93672180	      0.20901740	      6.10340274	    -11.16676727	    -12.55762813	     45.36107093	     -0.89746539	      0.79170004	      7.67718513	     -1.96297725	     -7.50008925	      7.74809518	     -2.17109188	    -23.97338850	     32.36142489	     -4.39535368	      0.56481341	     16.86324923	      1.75616784	     -7.50008925	    -19.11803490	      0.46077798	     -0.79944251	     11.04026435	    -15.91569501	     22.64299116	     45.36651455	     90.00000001	      0.00000000	      0.00000000	    -16.70078369	     -9.27253578	     -6.50505823	     43.02632963	     90.00000001	      0.00000000	      0.00000000
      6.37000000	      4.92210505	     -2.24442213	     -6.48692570	      0.04471960	      0.93727615	      0.20840932	      6.14771666	    -11.04220634	    -12.52614694	     45.94507953	     -0.87095378	      0.80189291	      7.29361930	     -2.11030788	     -7.50008900	      7.33066413	     -2.30012928	    -23.90932908	     32.19906818	     -4.33353153	      0.56197976	     16.92046927	      1.80722479	     -7.50008900	    -19.19021360	      0.55269842	     -0.74144163	     11.08009398	    -15.87886962	     22.67321308	     45.35928977	     90.00000001	      0.00000000	      0.00000000	    -16.67406455	     -9.28864742	     -6.52178905	     43.01092565	     90.00000001	      0.00000000	      0.00000000
      6.38000000	      5.17012358	     -2.36389620	     -6.39936958	      0.04645583	      0.93808228	      0.20772703	      6.05897850	    -10.97591449	    -12.17109426	     46.36809396	     -0.58389715	      0.80927591	      5.34963216	     -4.36284902	     -7.50008655	      6.74631622	     -2.28568498	    -23.69434603	     31.83101098	     -4.20450563	      0.55555595	     17.19685359	      2.17771360	     -7.50008655	    -19.32932624	      0.56753047	     -0.68694819	     11.20870663	    -15.90716337	     22.90531526	     45.24534805	     90.00000001	      0.00000000	      0.00000000	    -16.57721062	     -9.24217278	     -6.67300264	     42.94136327	     90.00000001	      0.00000000	      0.00000000
      6.39000000	      5.27124310	     -2.61124799	     -6.27930318	      0.04817760	      0.93859859	      0.20719739	      6.12932646	    -10.76505038	    -12.13581554	     46.85056886	     -0.46929238	      0.81769668	      5.25738851	     -4.43214420	     -7.50008626	      6.46050796	     -2.50683180	    -23.65526184	     31.77074033	     -4.21751852	      0.55450402	     17.17972473	      2.18916101	     -7.50008626	    -19.30763499	      0.75169763	     -0.64450632	     11.15408377	    -15.84120061	     22.92459314	     45.24921242	     90.00000001	      0.00000000	      0.00000000	    -16.56827748	     -9.27079062	     -6.69195635	     42.95759283	     90.00000001	      0.00000000	      0.00000000
      6.40000000	      5.42722395	     -2.82634658	     -6.31416647	      0.04972206	      0.93928018	      0.20676310	      6.21019594	    -10.51913655	    -11.10873426	     47.35745375	      0.23044738	      0.82654349	      3.68050931	     -7.68946144	     -7.50008159	      6.01151869	     -2.70926188	    -23.69775294	     31.55574236	     -4.06289546	      0.55075160	     17.32695495	      2.42148079	     -7.50008159	    -19.38399512	      0.86447132	     -0.43426915	     11.27809983	    -15.90415563	     23.13847668	     45.14397884	     90.00000001	      0.00000000	      0.00000000	    -16.48776822	     -9.12795848	     -7.06652065	     43.00971077	     90.00000001	      0.00000000	      0.00000000
      6.41000000	      5.52549562	     -3.05739512	     -6.19169084	      0.05146703	      0.93981650	      0.20621536	      6.27116377	    -10.35959151	    -11.17002075	     47.76593259	      0.38952855	      0.83367279	      3.56739730	     -7.67152349	     -7.50008131	      5.71672211	     -2.88931755	    -23.63133516	     31.45277240	     -4.08532842	      0.54895444	     17.31975938	      2.43428403	     -7.50008131	    -19.35517403	      1.05234726	     -0.39537682	     11.22715825	    -15.84890651	     23.14493211	     45.15230040	     90.00000001	      0.00000000	      0.00000000	    -16.47265904	     -9.13685017	     -7.07688212	     43.03329665	     90.00000001	      0.00000000	      0.00000000
      6.42000000	      5.77812269	     -3.25102308	     -6.17111810	      0.05317574	      0.94064076	      0.20578196	      6.21345299	    -10.22255264	    -10.98529065	     48.14546043	      0.63672740	      0.84029680	      2.48079563	     -9.14590039	     -7.50007803	      5.10911222	     -3.02568058	    -23.48956496	     31.13079615	     -3.87424913	      0.54333489	     17.42646602	      2.51589663	     -7.50007803	    -19.51467840	      1.15736608	     -0.24156951	     11.28983051	    -15.88066148	     23.15088271	     45.14264903	     90.00000001	      0.00000000	      0.00000000	    -16.43700030	     -9.02841489	     -7.31754504	     43.18907068	     90.00000001	      0.00000000	      0.00000000
      6.43000000	      5.85452712	     -3.46810814	     -6.08473610	      0.05490094	      0.94117056	      0.20531602	      6.30797548	    -10.09309201	    -11.07946306	     48.47568061	      0.83840715	      0.84606023	      2.40349247	     -9.12489457	     -7.50007772	      4.83381811	     -3.19692459	    -23.43370438	     31.02956079	     -3.89157416	      0.54156800	     17.41660439	      2.52603371	     -7.50007772	    -19.46017506	      1.33754804	     -0.16228963	     11.24509269	    -15.82832286	     23.15121492	     45.15917610	     90.00000001	      0.00000000	      0.00000000	    -16.42441281	     -9.03330092	     -7.32546457	     43.22967591	     90.00000001	      0.00000000	      0.00000000
      6.44000000	      5.98297287	     -3.68026885	     -6.06232673	      0.05657318	      0.94177309	      0.20493173	      6.40348633	     -9.98862404	    -11.19758206	     48.82433025	      1.01456108	      0.85214532	      2.26711724	     -9.21095095	     -7.50007746	      4.43387004	     -3.38056717	    -23.42575388	     30.81570500	     -3.80935078	      0.53783551	     17.44852110	      2.52857247	     -7.50007746	    -19.48078123	      1.49804393	     -0.03273268	     11.24963596	    -15.83548253	     23.14306700	     45.15107597	     90.00000001	      0.00000000	      0.00000000	    -16.40184060	     -8.97765079	     -7.32956449	     43.28065045	     90.00000001	      0.00000000	      0.00000000
      6.45000000	      6.11390874	     -3.87204347	     -6.05336937	      0.05826814	      0.94239265	      0.20455708	      6.47789720	     -9.89381984	    -11.32566702	     49.07425339	      1.17938428	      0.85650730	      2.11173400	     -9.35641907	     -7.50007725	      4.02424561	     -3.52819512	    -23.40705213	     30.59455913	     -3.72883715	      0.53397579	     17.48953805	      2.53602308	     -7.50007725	    -19.50638539	      1.63800364	      0.12190226	     11.25844031	    -15.83667797	     23.14119981	     45.14137514	     90.00000001	      0.00000000	      0.00000000	    -16.37273225	     -8.92603303	     -7.34141913	     43.34715346	     90.00000001	      0.00000000	      0.00000000
      6.46000000	      6.48465458	     -4.09306184	     -6.01225712	      0.05999225	      0.94344163	      0.20423427	      6.20765211	     -9.71485636	    -11.34483744	     49.07293065	      1.39283755	      0.85648421	      1.17590565	    -10.61624580	     -7.50007613	      3.22394567	     -3.65312152	    -23.11722678	     30.15975780	     -3.48190046	      0.52638708	     17.61107476	      2.64762217	     -7.50007613	    -19.81243446	      1.77930917	      0.29447518	     11.23521272	    -15.91811588	     23.10905533	     45.16949071	     90.00000001	      0.00000000	      0.00000000	    -16.32006063	     -8.85811529	     -7.51264845	     43.75902856	     90.00000001	      0.00000000	      0.00000000
      6.47000000	      6.51034743	     -4.26941241	     -6.01840080	      0.06157719	      0.94388407	      0.20395097	      6.40991030	     -9.64241792	    -11.49309648	     49.19076426	      1.62340340	      0.85854080	      1.15423301	    -10.66554949	     -7.50007592	      3.01352713	     -3.80345597	    -23.12727392	     30.07571647	     -3.47700028	      0.52492028	     17.60690403	      2.63562608	     -7.50007592	    -19.73289273	      1.92140942	      0.40591141	     11.27509059	    -15.88195534	     23.10177715	     45.21193329	     90.00000001	      0.00000000	      0.00000000	    -16.36876472	     -8.79847179	     -7.51015279	     43.79693430	     90.00000001	      0.00000000	      0.00000000
      6.48000000	      6.55345270	     -4.46264480	     -6.03202225	      0.06312429	      0.94434596	      0.20369517	      6.62065813	     -9.53575158	    -11.64093786	     49.28184366	      1.84347534	      0.86013043	      1.12543184	    -10.76105727	     -7.50007572	      2.74028878	     -3.98427307	    -23.16226740	     29.91065477	     -3.42065691	      0.52203941	     17.62497108	      2.61652918	     -7.50007572	    -19.68711485	      2.09153841	      0.52457520	     11.29901178	    -15.88952556	     23.08994846	     45.23299254	     90.00000001	      0.00000000	      0.00000000	    -16.36972656	     -8.70967573	     -7.50586317	     43.87738780	     90.00000001	      0.00000000	      0.00000000
      6.49000000	      6.60648976	     -4.63002890	     -6.07500082	      0.06465901	      0.94480783	      0.20350105	      6.82814035	     -9.43805679	    -11.77807320	     49.26153747	      2.03017042	      0.85977602	      1.11318968	    -10.84057156	     -7.50007556	      2.44996140	     -4.12337667	    -23.19208382	     29.74855420	     -3.36652867	      0.51921022	     17.65705655	      2.59837066	     -7.50007556	    -19.66189949	      2.21903881	      0.66000203	     11.32481648	    -15.90740792	     23.08183072	     45.24567369	     90.00000001	      0.00000000	      0.00000000	    -16.37972496	     -8.62807416	     -7.50622057	     43.95758432	     90.00000001	      0.00000000	      0.00000000
      6.50000000	      6.66779772	     -4.82656836	     -6.11895044	      0.06614048	      0.94525846	      0.20332651	      7.03171287	     -9.29683523	    -11.91096869	     49.17594977	      2.23451643	      0.85828224	      1.10387493	    -10.94313669	     -7.50007538	      2.14159602	     -4.29743654	    -23.21715711	     29.55004033	     -3.29036747	      0.51574550	     17.69641869	      2.57875775	     -7.50007538	    -19.65621809	      2.38860900	      0.82345315	     11.35738043	    -15.94209395	     23.06735230	     45.26693165	     90.00000001	      0.00000000	      0.00000000	    -16.36927221	     -8.51533072	     -7.50470008	     44.08980134	     90.00000001	      0.00000000	      0.00000000
      6.51000000	      6.73022809	     -5.01250016	     -6.18257547	      0.06756647	      0.94568638	      0.20323913	      7.24157884	     -9.13613955	    -11.99949274	     48.99290705	      2.42268421	      0.85508754	      1.10541514	    -11.01395016	     -7.50007512	      1.85453114	     -4.46490164	    -23.21317950	     29.39421997	     -3.21594518	      0.51302592	     17.72821816	      2.56672767	     -7.50007512	    -19.66886655	      2.53825365	      0.96826247	     11.38053693	    -15.99032174	     23.04081901	     45.30827775	     90.00000001	      0.00000000	      0.00000000	    -16.36468758	     -8.40746257	     -7.50491859	     44.25880003	     90.00000001	      0.00000000	      0.00000000
      6.52000000	      6.89860223	     -5.32598924	     -6.24595661	      0.06891094	      0.94632293	      0.20324436	      7.26752695	     -8.74098580	    -11.84553166	     48.54256122	      2.70295553	      0.84722752	      1.02230498	    -11.31254739	     -7.50007406	      1.41089584	     -4.80212067	    -23.11221860	     29.26920270	     -3.00679324	      0.51084396	     17.79121548	      2.54425525	     -7.50007406	    -19.87288338	      2.81868844	      1.19780264	     11.33707692	    -16.11511291	     22.93765628	     45.54321138	     90.00000001	      0.00000000	      0.00000000	    -16.47251436	     -8.29543977	     -7.58626554	     44.90940488	     90.00000001	      0.00000000	      0.00000000
      6.53000000	      6.88346718	     -5.43257214	     -6.32541881	      0.07022325	      0.94653119	      0.20316648	      7.63600543	     -8.70120023	    -11.98671953	     48.27879096	      2.92350316	      0.84262386	      1.07131014	    -11.27908970	     -7.50007372	      1.25829290	     -4.87420689	    -23.16897076	     29.15598915	     -3.00374901	      0.50886801	     17.82410722	      2.51423272	     -7.50007372	    -19.82700235	      2.90056789	      1.28270340	     11.40412659	    -16.11441005	     22.91304324	     45.62576209	     90.00000001	      0.00000000	      0.00000000	    -16.52118167	     -8.18076381	     -7.56647993	     45.02946000	     90.00000001	      0.00000000	      0.00000000
      6.54000000	      6.87097363	     -5.54508401	     -6.42502006	      0.07147080	      0.94670389	      0.20313516	      8.02391531	     -8.61813264	    -12.07851897	     47.92139588	      3.12563022	      0.83638614	      1.14757075	    -11.17572883	     -7.50007338	      1.10941910	     -4.95201858	    -23.20338017	     29.08019886	     -2.98571433	      0.50754522	     17.84929135	      2.49049125	     -7.50007338	    -19.80672967	      2.99196136	      1.40969961	     11.48419949	    -16.12409546	     22.88205866	     45.70754169	     90.00000001	      0.00000000	      0.00000000	    -16.55400791	     -8.07705636	     -7.54527490	     45.15912958	     90.00000001	      0.00000000	      0.00000000
      6.55000000	      6.88903543	     -5.79570525	     -6.54246117	      0.07268193	      0.94696558	      0.20327222	      8.29698229	     -8.25591366	    -11.86491593	     47.31024651	      3.38272501	      0.82571957	      1.36635732	    -10.82881051	     -7.50007230	      0.92552516	     -5.22658320	    -23.24626610	     29.06146984	     -2.92586233	      0.50721833	     17.91890309	      2.40594641	     -7.50007230	    -19.85677287	      3.21448071	      1.60093665	     11.47890291	    -16.21177124	     22.79873247	     45.87381866	     90.00000001	      0.00000000	      0.00000000	    -16.65077491	     -7.94787486	     -7.53726788	     45.60203356	     90.00000001	      0.00000000	      0.00000000
      6.56000000	      6.87630579	     -5.83448047	     -6.66140422	      0.07384152	      0.94699297	      0.20331503	      8.76838715	     -8.26669370	    -12.00318171	     46.91648844	      3.56127796	      0.81884720	      1.46181147	    -10.65766929	     -7.50007192	      0.81122977	     -5.23125784	    -23.27155258	     29.03569214	     -2.89745469	      0.50676843	     17.93495938	      2.39732753	     -7.50007192	    -19.85502816	      3.22151921	      1.68925666	     11.58920570	    -16.20794445	     22.76346016	     45.96356799	     90.00000001	      0.00000000	      0.00000000	    -16.67722910	     -7.85613067	     -7.50506044	     45.68850616	     90.00000001	      0.00000000	      0.00000000
      6.57000000	      6.83634331	     -6.03544006	     -6.78849113	      0.07498874	      0.94707284	      0.20345531	      9.13218871	     -7.92589177	    -11.78571265	     46.11822456	      3.76350723	      0.80491486	      1.83067170	     -9.97848094	     -7.50007065	      0.72133654	     -5.44752455	    -23.35547400	     29.04250623	     -2.88802271	      0.50688736	     18.03817400	      2.26796808	     -7.50007065	    -19.86251425	      3.41391971	      1.83817958	     11.61435105	    -16.27243583	     22.68184584	     46.08596763	     90.00000001	      0.00000000	      0.00000000	    -16.76353678	     -7.70701653	     -7.45430727	     46.04980594	     90.00000001	      0.00000000	      0.00000000
      6.58000000	      6.79358763	     -6.10573639	     -6.90569932	      0.07609337	      0.94701859	      0.20360298	      9.60276021	     -7.78730612	    -11.78111249	     45.43778533	      3.88406644	      0.79303896	      2.13381287	     -9.39128150	     -7.50006955	      0.65916119	     -5.49761636	    -23.40022842	     29.04397839	     -2.89704287	      0.50691305	     18.10471895	      2.18283205	     -7.50006955	    -19.86028296	      3.45264321	      1.91978809	     11.69708566	    -16.29609329	     22.62006576	     46.17227247	     90.00000001	      0.00000000	      0.00000000	    -16.80832531	     -7.58821835	     -7.39463451	     46.25270161	     90.00000001	      0.00000000	      0.00000000
      6.59000000	      6.76158596	     -6.09625073	     -7.06177092	      0.07716921	      0.94685263	      0.20374220	     10.15053980	     -7.79509843	    -11.88071406	     44.84505327	      3.98678427	      0.78269383	      2.27078052	     -9.12468584	     -7.50006907	      0.59533761	     -5.45105790	    -23.41608351	     29.05778663	     -2.87670159	      0.50715405	     18.13006911	      2.16153602	     -7.50006907	    -19.86561798	      3.41247865	      1.99752844	     11.82324494	    -16.29372825	     22.57776406	     46.25570436	     90.00000001	      0.00000000	      0.00000000	    -16.81812951	     -7.48638867	     -7.34929095	     46.33170755	     90.00000001	      0.00000000	      0.00000000
      6.60000000	      6.66858851	     -6.22005043	     -7.17570811	      0.07822257	      0.94670279	      0.20397380	     10.62522863	     -7.47434649	    -11.69329772	     43.88126462	      4.08547525	      0.76587255	      2.59633870	     -8.32590600	     -7.50006810	      0.63490675	     -5.54236530	    -23.40967700	     29.12617001	     -2.97359606	      0.50834757	     18.22576456	      2.01089872	     -7.50006810	    -19.83705753	      3.52847307	      2.08828477	     11.85740030	    -16.29785455	     22.52070718	     46.27777256	     90.00000001	      0.00000000	      0.00000000	    -16.84403713	     -7.36710925	     -7.28485936	     46.47041662	     90.00000001	      0.00000000	      0.00000000
      6.61000000	      6.62803105	     -6.17017488	     -7.32522022	      0.07926694	      0.94643848	      0.20418478	     11.19932540	     -7.48492092	    -11.77244717	     43.17078515	      4.15646622	      0.75347234	      2.78600927	     -7.95125739	     -7.50006756	      0.59853730	     -5.48366994	    -23.44209545	     29.18199838	     -2.90231244	      0.50932195	     18.27097474	      1.95249826	     -7.50006756	    -19.84861461	      3.44998425	      2.14801238	     12.01140629	    -16.31869454	     22.46331593	     46.34424910	     90.00000001	      0.00000000	      0.00000000	    -16.82288964	     -7.24325663	     -7.22743248	     46.54808271	     90.00000001	      0.00000000	      0.00000000
      6.62000000	      6.54023247	     -6.32531639	     -7.44507522	      0.08033011	      0.94616670	      0.20447980	     11.65140028	     -7.12517207	    -11.59134598	     42.09541996	      4.24807101	      0.73470368	      3.36031471	     -6.49233578	     -7.50006613	      0.66076530	     -5.65199902	    -23.37253180	     29.37243689	     -2.92453414	      0.51264573	     18.41540416	      1.61605283	     -7.50006613	    -19.83395756	      3.61450530	      2.23519214	     12.09431081	    -16.31505553	     22.37024332	     46.25777189	     90.00000001	      0.00000000	      0.00000000	    -16.80673830	     -7.12649453	     -7.14335389	     46.62623557	     90.00000001	      0.00000000	      0.00000000
      6.63000000	      6.55227992	     -6.21470137	     -7.51480836	      0.08149146	      0.94584215	      0.20468070	     12.17380490	     -7.22890674	    -12.62704254	     41.32572311	      3.66762886	      0.72126993	      4.71471931	     -3.03276322	     -7.50006152	      0.57356046	     -5.44340295	    -23.03546174	     29.37435002	     -2.84285519	      0.51267912	     18.33869495	      0.76770124	     -7.50006152	    -19.89783827	      3.47195820	      2.18663202	     12.30337725	    -16.13163777	     22.15981984	     45.86304756	     90.00000001	      0.00000000	      0.00000000	    -16.75080833	     -7.05786978	     -7.03833569	     46.52076509	     90.00000001	      0.00000000	      0.00000000
      6.64000000	      6.45777587	     -6.18849884	     -7.62518629	      0.08252555	      0.94540558	      0.20496692	     12.73962068	     -7.11058919	    -12.60439163	     40.36345840	      3.72816843	      0.70447525	      4.83207728	     -2.57751395	     -7.50006070	      0.66217822	     -5.37668275	    -22.96794934	     29.49699304	     -2.91007813	      0.51481965	     18.41930568	      0.66953991	     -7.50006070	    -19.87403582	      3.44276806	      2.21622213	     12.36648825	    -16.13258371	     22.10549342	     45.90770608	     90.00000001	      0.00000000	      0.00000000	    -16.71979857	     -6.95625490	     -6.99559959	     46.58243551	     90.00000001	      0.00000000	      0.00000000
      6.65000000	      6.40830621	     -6.12843655	     -7.69455581	      0.08363753	      0.94495094	      0.20526690	     13.27398342	     -7.08097081	    -13.17590829	     39.46091509	      3.45929542	      0.68872289	      5.57300567	     -0.30029695	     -7.50005691	      0.68625749	     -5.28366641	    -22.63965198	     29.62350335	     -2.79372512	      0.51702767	     18.41885913	     -0.06970538	     -7.50005691	    -19.88833811	      3.37397517	      2.19649955	     12.52466753	    -16.02478231	     21.92028263	     45.63438268	     90.00000001	      0.00000000	      0.00000000	    -16.58955437	     -6.84045799	     -6.96417664	     46.38491329	     90.00000001	      0.00000000	      0.00000000
      6.66000000	      6.31612956	     -6.04137126	     -7.77135869	      0.08468612	      0.94440446	      0.20553135	     13.83277953	     -7.01940229	    -13.21731799	     38.49149840	      3.48383187	      0.67180338	      5.65792866	      0.09831664	     -7.50005625	      0.80032449	     -5.15054946	    -22.56730353	     29.75175779	     -2.87561902	      0.51926613	     18.51021557	     -0.15951023	     -7.50005625	    -19.87512967	      3.30013628	      2.20449998	     12.56968749	    -16.02375814	     21.87428913	     45.66665829	     90.00000001	      0.00000000	      0.00000000	    -16.53355717	     -6.75902747	     -6.92891796	     46.44461200	     90.00000001	      0.00000000	      0.00000000
      6.67000000	      6.21764389	     -6.01601952	     -7.84145697	      0.08580523	      0.94384198	      0.20591821	     14.34518221	     -6.87554692	    -13.33751644	     37.48699826	      3.50619807	      0.65427155	      5.82677874	      1.06238252	     -7.50005527	      0.91581276	     -5.14104495	    -22.40523879	     29.96876465	     -2.83173976	      0.52305362	     18.66112107	     -0.44115594	     -7.50005527	    -19.84606499	      3.28817345	      2.19956428	     12.66049725	    -16.02059895	     21.79762791	     45.59252458	     90.00000001	      0.00000000	      0.00000000	    -16.42981025	     -6.65322327	     -6.88053749	     46.39944723	     90.00000001	      0.00000000	      0.00000000
      6.68000000	      6.19021067	     -5.83788233	     -7.95824006	      0.08695806	      0.94320476	      0.20633195	     14.90567604	     -6.98747028	    -13.58716732	     36.78400775	      3.53618328	      0.64200205	      5.92698681	      1.27264809	     -7.50005493	      0.92204104	     -4.94900014	    -22.38283620	     30.06820675	     -2.79145292	      0.52478921	     18.70517709	     -0.48024961	     -7.50005493	    -19.87426035	      3.07955182	      2.22783657	     12.76936440	    -16.02326450	     21.75845040	     45.63417730	     90.00000001	      0.00000000	      0.00000000	    -16.34755192	     -6.57256521	     -6.84283909	     46.43727549	     90.00000001	      0.00000000	      0.00000000
      6.69000000	      6.13979582	     -5.74805916	     -7.83194432	      0.08834589	      0.94263214	      0.20659828	     15.31007155	     -6.99827761	    -15.01930686	     35.85855281	      2.89238653	      0.62584981	      6.88965283	      5.53756686	     -7.50005144	      0.98795345	     -4.75780062	    -21.61784713	     30.20166697	     -2.69986553	      0.52711853	     18.64942518	     -1.85718022	     -7.50005144	    -19.85648891	      3.03835077	      2.03581205	     12.87164826	    -15.79552048	     21.45373639	     44.98598053	     90.00000001	      0.00000000	      0.00000000	    -16.06634845	     -6.49311978	     -6.84568600	     45.91084054	     90.00000001	      0.00000000	      0.00000000
      6.70000000	      6.05875374	     -5.60146658	     -7.81295167	      0.08960572	      0.94195138	      0.20696889	     15.75461999	     -6.99439468	    -15.20704669	     35.00248398	      2.95530533	      0.61090859	      6.88549384	      5.91660284	     -7.50005084	      1.11623037	     -4.59026445	    -21.48810092	     30.37501788	     -2.76567509	      0.53014407	     18.76534973	     -1.93102415	     -7.50005084	    -19.82917305	      2.91302549	      1.95215603	     12.84623978	    -15.79577912	     21.40386891	     44.99486904	     90.00000001	      0.00000000	      0.00000000	    -15.96170436	     -6.45680339	     -6.82683032	     45.97328168	     90.00000001	      0.00000000	      0.00000000
      6.71000000	      6.03143764	     -5.41807948	     -7.86278220	      0.09096295	      0.94124536	      0.20740069	     16.20298559	     -7.08324413	    -15.48419700	     34.39922534	      3.04939779	      0.60037974	      6.91565359	      6.07274541	     -7.50005058	      1.11765086	     -4.41795763	    -21.47207857	     30.48444561	     -2.71465995	      0.53205395	     18.83621996	     -1.95741576	     -7.50005058	    -19.84771331	      2.73723746	      1.93922205	     12.89028683	    -15.80719050	     21.37441677	     45.01045558	     90.00000001	      0.00000000	      0.00000000	    -15.85918240	     -6.39422255	     -6.79663318	     46.01149338	     90.00000001	      0.00000000	      0.00000000
      6.72000000	      6.00250677	     -5.29034684	     -7.65294232	      0.09256627	      0.94058836	      0.20773897	     16.47395074	     -7.13325235	    -16.85515408	     33.65195784	      2.57553406	      0.58733746	      7.21149539	      9.21104899	     -7.50004816	      1.17508361	     -4.25666183	    -20.81005291	     30.68154702	     -2.60930720	      0.53549402	     18.98836826	     -2.79361060	     -7.50004816	    -19.82139993	      2.67603454	      1.70842094	     12.90344710	    -15.62577939	     21.12806638	     44.50340557	     90.00000001	      0.00000000	      0.00000000	    -15.54736948	     -6.40564822	     -6.78041042	     45.52212649	     90.00000001	      0.00000000	      0.00000000
      6.73000000	      5.96206004	     -5.09743372	     -7.57927840	      0.09413657	      0.93984926	      0.20813316	     16.77368308	     -7.20099851	    -17.14127402	     33.06412483	      2.69251944	      0.57707784	      7.20651922	      9.39378786	     -7.50004779	      1.22495484	     -4.04057141	    -20.72781991	     30.80404036	     -2.69641063	      0.53763193	     19.06554758	     -2.81545543	     -7.50004779	    -19.80199355	      2.53256452	      1.61978871	     12.83158150	    -15.63862678	     21.09533093	     44.48807169	     90.00000001	      0.00000000	      0.00000000	    -15.42431261	     -6.35651825	     -6.75784691	     45.58562443	     90.00000001	      0.00000000	      0.00000000
      6.74000000	      5.94511661	     -4.95862698	     -7.44112519	      0.09585006	      0.93914994	      0.20853837	     16.97331587	     -7.22464100	    -17.86321078	     32.51315064	      2.61075451	      0.56746153	      7.02658815	     10.39225957	     -7.50004685	      1.21767459	     -3.93542606	    -20.43448962	     30.95964664	     -2.57894393	      0.54034777	     19.30585125	     -3.00834309	     -7.50004685	    -19.79302045	      2.47196438	      1.47080402	     12.81362650	    -15.57684517	     20.99317278	     44.33025828	     90.00000001	      0.00000000	      0.00000000	    -15.25340141	     -6.33251075	     -6.72501815	     45.44804146	     90.00000001	      0.00000000	      0.00000000
      6.75000000	      5.92515003	     -4.70871454	     -7.30745915	      0.09762811	      0.93840377	      0.20899977	     17.18286612	     -7.34101170	    -18.17978789	     32.15515176	      2.70393449	      0.56121327	      7.05393780	     10.46896091	     -7.50004661	      1.22173189	     -3.71205565	    -20.40821675	     31.05683654	     -2.60035897	      0.54204405	     19.34125007	     -2.99989117	     -7.50004661	    -19.76179324	      2.26268685	      1.33412167	     12.69400926	    -15.61894966	     20.96461016	     44.29120845	     90.00000001	      0.00000000	      0.00000000	    -15.06242946	     -6.31764182	     -6.70299300	     45.51192136	     90.00000001	      0.00000000	      0.00000000
      6.76000000	      5.91048573	     -4.47219203	     -7.12346909	      0.09956763	      0.93766146	      0.20942491	     17.30596704	     -7.44252985	    -18.55513424	     31.83196311	      2.77629704	      0.55557256	      7.02387423	     10.57387948	     -7.50004639	      1.20756490	     -3.49690954	    -20.33662460	     31.15154904	     -2.64187357	      0.54369710	     19.42181865	     -2.99362542	     -7.50004639	    -19.71824300	      2.09818535	      1.16863112	     12.52804076	    -15.63504299	     20.94537472	     44.22733298	     90.00000001	      0.00000000	      0.00000000	    -14.88958678	     -6.32659490	     -6.68443111	     45.53777367	     90.00000001	      0.00000000	      0.00000000
      6.77000000	      6.03924840	     -4.29363913	     -6.78388794	      0.10180927	      0.93707936	      0.20978059	     17.23658846	     -7.61170460	    -20.23935020	     31.72443845	      2.28297741	      0.55369590	      7.06660901	     13.09999282	     -7.50004404	      0.97253855	     -3.29861745	    -19.84300906	     31.17461398	     -2.56435813	      0.54409966	     19.70687627	     -3.15016770	     -7.50004404	    -19.79996080	      2.02915017	      0.85744426	     12.50713573	    -15.41197182	     20.55583297	     43.74986044	     90.00000001	      0.00000000	      0.00000000	    -14.55554508	     -6.37313091	     -6.54863039	     45.01390967	     90.00000001	      0.00000000	      0.00000000
      6.78000000	      6.03321552	     -4.04497213	     -6.58404617	      0.10399734	      0.93633105	      0.21029514	     17.26680721	     -7.67908563	    -20.48129959	     31.58510009	      2.33465897	      0.55126399	      7.07908605	     13.04171090	     -7.50004386	      0.91009246	     -3.10769685	    -19.83839212	     31.24424960	     -2.57731084	      0.54531503	     19.74588607	     -3.12227614	     -7.50004386	    -19.73949615	      1.86037319	      0.70860019	     12.27928096	    -15.44896241	     20.54407528	     43.68359302	     90.00000001	      0.00000000	      0.00000000	    -14.41609222	     -6.40969261	     -6.54792160	     45.07460496	     90.00000001	      0.00000000	      0.00000000
      6.79000000	      6.14773881	     -3.80660255	     -6.27027451	      0.10640780	      0.93574316	      0.21073514	     17.11464872	     -7.81771884	    -21.25910672	     31.58871151	      2.21156258	      0.55132702	      6.98393367	     13.04652191	     -7.50004320	      0.66433683	     -2.87272960	    -19.62711406	     31.21526192	     -2.59468683	      0.54480910	     19.98520086	     -2.95023596	     -7.50004320	    -19.79045887	      1.72472958	      0.45036124	     12.09757944	    -15.42068311	     20.44229934	     43.58147372	     90.00000001	      0.00000000	      0.00000000	    -14.22705197	     -6.46764899	     -6.50391901	     45.03066294	     90.00000001	      0.00000000	      0.00000000
      6.80000000	      6.13247232	     -3.58180345	     -6.04052987	      0.10883309	      0.93500226	      0.21127459	     17.08414715	     -7.79922611	    -21.36856297	     31.58799170	      2.18514008	      0.55131446	      6.98936684	     13.01437693	     -7.50004309	      0.56794603	     -2.74185090	    -19.64837836	     31.25828361	     -2.56464032	      0.54555997	     20.01505687	     -2.91826594	     -7.50004309	    -19.69580479	      1.61275895	      0.25430791	     11.87983104	    -15.46003648	     20.43170995	     43.50948133	     90.00000001	      0.00000000	      0.00000000	    -14.07009175	     -6.47204624	     -6.48967186	     45.07925679	     90.00000001	      0.00000000	      0.00000000
      6.81000000	      6.30502323	     -3.30073995	     -5.68292660	      0.11156891	      0.93446613	      0.21173965	     16.81724671	     -7.99599158	    -22.24886967	     31.77351488	      1.95661321	      0.55455245	      7.07027386	     12.85284319	     -7.50004257	      0.21015514	     -2.45649205	    -19.45816849	     31.17114756	     -2.61274242	      0.54403916	     20.28478100	     -2.63568761	     -7.50004257	    -19.76199885	      1.44040029	      0.01033194	     11.62113482	    -15.41989239	     20.32835839	     43.35730789	     90.00000001	      0.00000000	      0.00000000	    -13.84062350	     -6.56188006	     -6.43195332	     44.98943438	     90.00000001	      0.00000000	      0.00000000
      6.82000000	      6.31669778	     -3.06419825	     -5.40982609	      0.11426457	      0.93378404	      0.21235472	     16.69210529	     -7.98078937	    -22.40307929	     31.86390405	      1.83062078	      0.55613004	      7.11733136	     12.78364670	     -7.50004242	      0.05931194	     -2.31380813	    -19.45761248	     31.18894363	     -2.60332880	      0.54434976	     20.34656132	     -2.55405254	     -7.50004242	    -19.66981667	      1.32064227	     -0.18845558	     11.33544264	    -15.44024030	     20.30912945	     43.25287109	     90.00000001	      0.00000000	      0.00000000	    -13.67269051	     -6.59856337	     -6.41652740	     45.01905316	     90.00000001	      0.00000000	      0.00000000
      6.83000000	      6.48907755	     -2.78888881	     -5.05944381	      0.11721754	      0.93326989	      0.21286797	     16.42917676	     -8.13947405	    -23.10786125	     32.19405487	      1.51267727	      0.56189226	      7.38295800	     12.48504559	     -7.50004200	     -0.35040329	     -2.06293512	    -19.33227824	     31.04596212	     -2.62659302	      0.54185426	     20.59712206	     -2.20132189	     -7.50004200	    -19.72218077	      1.17738771	     -0.41813885	     11.08852273	    -15.44337277	     20.17497339	     43.10795539	     90.00000001	      0.00000000	      0.00000000	    -13.43766411	     -6.67084056	     -6.34831864	     44.95653140	     90.00000001	      0.00000000	      0.00000000
      6.84000000	      6.59392540	     -2.53894773	     -4.74695142	      0.12021025	      0.93271030	      0.21351039	     16.22390139	     -8.18076405	    -23.45098446	     32.47505667	      1.21919094	      0.56679666	      7.62270498	     12.26529181	     -7.50004162	     -0.66834389	     -1.88027111	    -19.28049306	     30.96788792	     -2.64435916	      0.54049161	     20.78147169	     -1.87932092	     -7.50004162	    -19.69775263	      1.04790604	     -0.61832429	     10.77785195	    -15.42840309	     20.05409807	     42.96791494	     90.00000001	      0.00000000	      0.00000000	    -13.23883430	     -6.74003588	     -6.28930478	     44.93426128	     90.00000001	      0.00000000	      0.00000000
      6.85000000	      6.60073291	     -2.34914802	     -4.44678336	      0.12323499	      0.93208549	      0.21416406	     16.08837122	     -8.09928943	    -23.42090675	     32.66394292	      1.01137006	      0.57009335	      7.69096885	     12.18005449	     -7.50004151	     -0.85163719	     -1.79676687	    -19.28423039	     30.96450124	     -2.65212775	      0.54043250	     20.82695747	     -1.79395777	     -7.50004151	    -19.57245445	      1.00913186	     -0.85824194	     10.47540020	    -15.45415035	     20.02816212	     42.86912270	     90.00000001	      0.00000000	      0.00000000	    -13.10848211	     -6.74843720	     -6.26815261	     44.96528664	     90.00000001	      0.00000000	      0.00000000
      6.86000000	      6.80053251	     -2.08281572	     -4.13379089	      0.12648119	      0.93165134	      0.21483657	     15.87058910	     -8.21584735	    -23.88866324	     33.17275288	      0.55462410	      0.57897376	      8.20353590	     11.60609781	     -7.50004118	     -1.34835410	     -1.55413236	    -19.17909094	     30.77499817	     -2.68929916	      0.53712505	     21.08061880	     -1.39766601	     -7.50004118	    -19.62639125	      0.87273118	     -0.98460764	     10.15380747	    -15.46394787	     19.87182962	     42.71723282	     90.00000001	      0.00000000	      0.00000000	    -12.86402591	     -6.83230111	     -6.21153627	     44.96291296	     90.00000001	      0.00000000	      0.00000000
      6.87000000	      6.88222568	     -1.90714075	     -3.85199999	      0.12975624	      0.93111327	      0.21557385	     15.70781126	     -8.15603814	    -23.62386916	     33.52149554	      0.41666605	      0.58506047	      8.54698813	     10.55100528	     -7.50003873	     -1.64022640	     -1.51220079	    -19.63316630	     30.72519321	     -2.92570177	      0.53625578	     21.73605045	      0.41094740	     -7.50003873	    -19.55828217	      0.84899911	     -1.11376446	      9.76493972	    -15.18572825	     18.67283088	     42.50362747	     90.00000001	      0.00000000	      0.00000000	    -12.68556581	     -6.96817073	     -5.76169829	     44.89156573	     90.00000001	      0.00000000	      0.00000000
      6.88000000	      6.97760554	     -1.73342057	     -3.57629214	      0.13307310	      0.93064893	      0.21632392	     15.59645327	     -8.12466328	    -23.65426879	     33.94278640	      0.05194674	      0.59241338	      8.81862776	     10.20715463	     -7.50003844	     -1.99281732	     -1.40364905	    -19.55875730	     30.63005332	     -2.94644781	      0.53459528	     21.81402715	      0.50649475	     -7.50003844	    -19.50578486	      0.82741071	     -1.25559617	      9.45393124	    -15.23394381	     18.60520083	     42.37519009	     90.00000001	      0.00000000	      0.00000000	    -12.51556305	     -6.99055761	     -5.74336859	     44.95853063	     90.00000001	      0.00000000	      0.00000000
      6.89000000	      7.01895373	     -1.61839580	     -3.27644970	      0.13642447	      0.93017139	      0.21709377	     15.49757742	     -8.02237115	    -23.47359423	     34.25446283	     -0.20870124	      0.59785316	      8.94091730	     10.04726729	     -7.50003831	     -2.24672814	     -1.36559547	    -19.48153565	     30.60817446	     -3.02777663	      0.53421342	     21.85194889	      0.56380615	     -7.50003831	    -19.39718808	      0.87919666	     -1.44918138	      9.12596369	    -15.24932007	     18.58163781	     42.27250780	     90.00000001	      0.00000000	      0.00000000	    -12.41893569	     -7.00069454	     -5.73482667	     45.00147331	     90.00000001	      0.00000000	      0.00000000
      6.90000000	      7.16547093	     -1.41568456	     -3.03786963	      0.13984850	      0.92977558	      0.21788913	     15.42532264	     -8.09667940	    -23.31712863	     34.89420675	     -0.47686905	      0.60901880	      9.64142017	      9.08719315	     -7.50003791	     -2.72625206	     -1.17484944	    -19.27873588	     30.36808529	     -3.01099313	      0.53002308	     22.10391918	      0.83773682	     -7.50003791	    -19.40323488	      0.82120414	     -1.52726933	      8.80214183	    -15.29459843	     18.37110280	     42.14687716	     90.00000001	      0.00000000	      0.00000000	    -12.22641534	     -7.02155488	     -5.70040531	     45.10103718	     90.00000001	      0.00000000	      0.00000000
      6.91000000	      7.20583262	     -1.36374913	     -2.75394344	      0.14326581	      0.92937884	      0.21871938	     15.33420368	     -7.95505473	    -23.01406708	     35.19708444	     -0.68191671	      0.61430501	      9.71092434	      8.93316641	     -7.50003783	     -2.97447351	     -1.19527558	    -19.19924398	     30.36268441	     -3.13397067	      0.52992881	     22.13943086	      0.88578121	     -7.50003783	    -19.30037800	      0.94379549	     -1.72920411	      8.49383804	    -15.31146765	     18.33480536	     42.04406239	     90.00000001	      0.00000000	      0.00000000	    -12.13924548	     -7.02127147	     -5.69124382	     45.14403840	     90.00000001	      0.00000000	      0.00000000
      6.92000000	      7.30480743	     -1.21564017	     -2.58213131	      0.14672561	      0.92897239	      0.21962846	     15.29953833	     -7.95926763	    -22.20800368	     35.82880409	     -0.57987597	      0.62533060	     10.45863883	      7.22827156	     -7.50003723	     -3.39720617	     -1.03075599	    -18.97481744	     30.15104488	     -3.17129495	      0.52623501	     22.48940978	      1.25247183	     -7.50003723	    -19.25087601	      0.93473038	     -1.72426597	      8.11818895	    -15.27466837	     17.89034224	     41.94569806	     90.00000001	      0.00000000	      0.00000000	    -12.02129804	     -7.04810485	     -5.64230344	     45.32688287	     90.00000001	      0.00000000	      0.00000000
      6.93000000	      7.33686522	     -1.21303308	     -2.33316810	      0.15009266	      0.92860652	      0.22048628	     15.23616888	     -7.80282454	    -21.87027981	     36.14741672	     -0.71955633	      0.63089144	     10.46418077	      7.03916184	     -7.50003714	     -3.63068864	     -1.11460924	    -18.91354767	     30.15549530	     -3.26975299	      0.52631268	     22.50925600	      1.28615168	     -7.50003714	    -19.17358916	      1.12917117	     -1.87406509	      7.88893530	    -15.32602357	     17.82035409	     41.85329889	     90.00000001	      0.00000000	      0.00000000	    -11.92138033	     -7.01991670	     -5.62518837	     45.38849754	     90.00000001	      0.00000000	      0.00000000
      6.94000000	      7.28040433	     -1.20432878	     -2.26065800	      0.15327184	      0.92813977	      0.22155062	     15.29639708	     -7.53544166	    -19.86270397	     36.56660045	      0.03396076	      0.63820757	     10.06104906	      2.67299143	     -7.50003480	     -3.79783197	     -1.17424700	    -18.92963079	     30.12653460	     -3.31461973	      0.52580722	     22.81949968	      1.70192841	     -7.50003480	    -19.02178706	      1.26723819	     -1.74923534	      7.55522331	    -15.04487761	     16.19827419	     41.64312417	     90.00000001	      0.00000000	      0.00000000	    -11.83680398	     -7.05425645	     -5.41078368	     45.71192342	     90.00000001	      0.00000000	      0.00000000
      6.95000000	      7.28458435	     -1.19905064	     -2.05016462	      0.15669470	      0.92780213	      0.22247145	     15.20763023	     -7.42653558	    -19.66991781	     36.80408124	     -0.06376909	      0.64235240	     10.10570208	      2.65226669	     -7.50003476	     -4.00518478	     -1.23208051	    -18.86657650	     30.12775619	     -3.41282145	      0.52582854	     22.83480496	      1.70151108	     -7.50003476	    -18.90163462	      1.43549354	     -1.90680301	      7.32693042	    -15.07790558	     16.18408395	     41.55101744	     90.00000001	      0.00000000	      0.00000000	    -11.74449359	     -7.01111422	     -5.39576490	     45.75568815	     90.00000001	      0.00000000	      0.00000000
      6.96000000	      7.34597061	     -1.22366962	     -1.94958851	      0.15997365	      0.92743998	      0.22348098	     15.13921398	     -7.33344996	    -18.87773343	     37.31602409	      0.25253382	      0.65128748	     10.78167294	      1.50863293	     -7.50003384	     -4.34454646	     -1.27723123	    -18.54941974	     30.03781947	     -3.38415703	      0.52425885	     23.10560692	      1.64319263	     -7.50003384	    -18.89049963	      1.62896234	     -1.83452455	      7.08405625	    -15.04980551	     15.67800870	     41.37385720	     90.00000001	      0.00000000	      0.00000000	    -11.66376832	     -6.98258891	     -5.34896815	     46.02717687	     90.00000001	      0.00000000	      0.00000000
      6.97000000	      7.31806441	     -1.27325516	     -1.84601389	      0.16317089	      0.92707663	      0.22450441	     15.09751411	     -7.16227761	    -18.12993482	     37.61446866	      0.53476898	      0.65649632	     10.61206080	     -0.03347660	     -7.50003179	     -4.51824599	     -1.37279199	    -18.33000803	     30.05822705	     -3.39772052	      0.52461503	     23.12158742	      1.36534903	     -7.50003179	    -18.78807720	      1.84566908	     -1.80429680	      6.87061162	    -14.90375126	     14.69355197	     41.09604186	     90.00000001	      0.00000000	      0.00000000	    -11.59440626	     -6.96490227	     -5.21347573	     46.35646779	     90.00000001	      0.00000000	      0.00000000
      6.98000000	      7.31314487	     -1.34218437	     -1.72886597	      0.16640619	      0.92674606	      0.22557344	     14.98816395	     -7.04873883	    -18.06083989	     37.86241783	      0.56574661	      0.66082385	     10.76806871	     -0.09607795	     -7.50003170	     -4.70585991	     -1.48042143	    -18.22394778	     30.07027870	     -3.51248614	      0.52482537	     23.16523455	      1.34625743	     -7.50003170	    -18.71697938	      2.07568208	     -1.85529182	      6.69941207	    -14.91966417	     14.66611919	     41.01305120	     90.00000001	      0.00000000	      0.00000000	    -11.54443253	     -6.93840333	     -5.20347755	     46.39616627	     90.00000001	      0.00000000	      0.00000000
      6.99000000	      7.29328502	     -1.38349422	     -1.61834537	      0.16960248	      0.92641217	      0.22658330	     14.88272732	     -6.95594487	    -17.99290715	     38.07535918	      0.57868610	      0.66454038	     10.91260866	     -0.15218516	     -7.50003164	     -4.87134961	     -1.57009861	    -18.13999820	     30.09995882	     -3.59099487	      0.52534339	     23.20540555	      1.32250653	     -7.50003164	    -18.63365140	      2.28070867	     -1.94763126	      6.53798825	    -14.98065957	     14.62858840	     40.92786459	     90.00000001	      0.00000000	      0.00000000	    -11.45428977	     -6.89390133	     -5.18744430	     46.46600262	     90.00000001	      0.00000000	      0.00000000
      7.00000000	      7.30118554	     -1.47256404	     -1.56433217	      0.17269615	      0.92606952	      0.22771134	     14.74640191	     -6.85770862	    -18.01446630	     38.33811004	      0.66324335	      0.66912625	     11.64955737	     -0.46083082	     -7.50003133	     -5.05744814	     -1.74600375	    -17.91438574	     30.22503312	     -3.52740722	      0.52752634	     23.44342107	      1.15073456	     -7.50003133	    -18.60539490	      2.52201435	     -1.86026133	      6.42826195	    -15.02220015	     14.40264376	     40.78564190	     90.00000001	      0.00000000	      0.00000000	    -11.38619454	     -6.86077795	     -5.14968532	     46.73283855	     90.00000001	      0.00000000	      0.00000000
      7.01000000	      7.24536839	     -1.52222093	     -1.52383178	      0.17567697	      0.92573945	      0.22878225	     14.65819581	     -6.78431646	    -18.02653659	     38.49782812	      0.71691937	      0.67191386	     11.74004771	     -0.47700152	     -7.50003126	     -5.15605656	     -1.81833153	    -17.82048805	     30.27598569	     -3.64203652	      0.52841563	     23.45615998	      1.10905662	     -7.50003126	    -18.53104476	      2.73039229	     -1.92688934	      6.32537965	    -15.04902659	     14.34700264	     40.71816683	     90.00000001	      0.00000000	      0.00000000	    -11.32964165	     -6.82573105	     -5.12881951	     46.81621443	     90.00000001	      0.00000000	      0.00000000
      7.02000000	      7.19886061	     -1.60576084	     -1.48621288	      0.17858585	      0.92541409	      0.22982729	     14.55296509	     -6.72054873	    -18.19480269	     38.68832345	      0.78481991	      0.67523863	     11.99183712	     -0.52321416	     -7.50003115	     -5.23146973	     -1.95222797	    -17.69858004	     30.42307901	     -3.70478077	      0.53098290	     23.49138606	      1.01336197	     -7.50003115	    -18.48360003	      2.98334359	     -1.90677978	      6.25581453	    -15.10193662	     14.23402806	     40.61575841	     90.00000001	      0.00000000	      0.00000000	    -11.25566166	     -6.77605676	     -5.09209291	     46.97811557	     90.00000001	      0.00000000	      0.00000000
      7.03000000	      7.13647393	     -1.67375262	     -1.46408434	      0.18144923	      0.92507327	      0.23094346	     14.46136506	     -6.65037389	    -18.48841875	     38.83939005	      0.74697072	      0.67787524	     12.36628781	     -0.51679591	     -7.50003099	     -5.26396946	     -2.10530175	    -17.57289235	     30.65401160	     -3.72328079	      0.53501343	     23.53772845	      0.84814674	     -7.50003099	    -18.42422260	      3.19635972	     -1.90864831	      6.20807115	    -15.11571184	     14.05569109	     40.48264892	     90.00000001	      0.00000000	      0.00000000	    -11.20292800	     -6.75733303	     -5.03690404	     47.21299170	     90.00000001	      0.00000000	      0.00000000
      7.04000000	      7.03500628	     -1.63811272	     -1.54788653	      0.18422894	      0.92482511	      0.23214629	     14.40540313	     -6.63501547	    -18.52028486	     38.87127385	      0.74413504	      0.67843171	     12.39453938	     -0.50738719	     -7.50003098	     -5.31957146	     -2.09886703	    -17.54625889	     30.70088153	     -3.74939811	      0.53583147	     23.53381302	      0.83716588	     -7.50003098	    -18.33543026	      3.25450791	     -1.93747271	      6.19946617	    -15.11343235	     14.03881960	     40.47011252	     90.00000001	      0.00000000	      0.00000000	    -11.17408316	     -6.75909159	     -5.03079758	     47.24452496	     90.00000001	      0.00000000	      0.00000000
      7.05000000	      7.01147638	     -1.69607742	     -1.41469173	      0.18703209	      0.92453718	      0.23319451	     14.29194534	     -6.68681979	    -20.04642189	     39.10898896	      0.08126192	      0.68258062	     13.68051879	      2.06773155	     -7.50002899	     -5.33362785	     -2.23049300	    -16.93916586	     31.04528210	     -3.64326256	      0.54184239	     23.28143992	     -0.35268777	     -7.50002899	    -18.34595054	      3.46040451	     -2.08564966	      6.43500047	    -14.45203125	     12.05823617	     39.41639723	     90.00000001	      0.00000000	      0.00000000	    -11.53917327	     -7.06067400	     -4.23690399	     48.48149794	     90.00000001	      0.00000000	      0.00000000
      7.06000000	      6.93831793	     -1.71713173	     -1.45186749	      0.18967109	      0.92433365	      0.23428343	     14.20895347	     -6.65729078	    -20.21034913	     39.21000393	      0.09299949	      0.68434367	     13.78841575	      2.06618274	     -7.50002888	     -5.33176188	     -2.30120772	    -16.86484405	     31.25497088	     -3.73092705	      0.54550215	     23.22554954	     -0.36343401	     -7.50002888	    -18.32032335	      3.61506329	     -2.08121650	      6.43284216	    -14.47449525	     11.99234747	     39.37394611	     90.00000001	      0.00000000	      0.00000000	    -11.43168551	     -7.03523994	     -4.19989037	     48.52254353	     90.00000001	      0.00000000	      0.00000000
      7.07000000	      6.86078153	     -1.73794838	     -1.46839158	      0.19224473	      0.92415344	      0.23533497	     14.13262993	     -6.61497012	    -20.47514411	     39.30329704	      0.02687229	      0.68597194	     13.98913054	      2.11749253	     -7.50002874	     -5.26868759	     -2.40543331	    -16.79613654	     31.57549428	     -3.79757988	      0.55109634	     23.11673848	     -0.38730683	     -7.50002874	    -18.30350015	      3.77848865	     -2.08864860	      6.45916230	    -14.47573861	     11.89753956	     39.29941408	     90.00000001	      0.00000000	      0.00000000	    -11.34281454	     -7.02420225	     -4.14283664	     48.60432509	     90.00000001	      0.00000000	      0.00000000
      7.08000000	      6.75353209	     -1.69032351	     -1.58910007	      0.19490022	      0.92407293	      0.23650691	     14.08639530	     -6.60608710	    -20.50100586	     39.31991753	      0.02072343	      0.68626202	     14.00637604	      2.12571983	     -7.50002873	     -5.30672730	     -2.39902886	    -16.77166844	     31.62896411	     -3.82424437	      0.55202956	     23.10002957	     -0.38395572	     -7.50002873	    -18.23565405	      3.81061257	     -2.11620988	      6.46083047	    -14.47187918	     11.88876761	     39.29357247	     90.00000001	      0.00000000	      0.00000000	    -11.31633114	     -7.02842723	     -4.13766452	     48.62138410	     90.00000001	      0.00000000	      0.00000000
      7.09000000	      6.71590888	     -1.71614871	     -1.61971544	      0.19732139	      0.92400946	      0.23753021	     13.98493889	     -6.54309449	    -20.71824623	     39.41641524	     -0.05443925	      0.68794623	     14.21978294	      2.21185999	     -7.50002863	     -5.22186072	     -2.48025664	    -16.61457593	     32.06668129	     -3.97002221	      0.55966917	     22.90156320	     -0.37059198	     -7.50002863	    -18.30175009	      3.96858005	     -2.10143035	      6.55634850	    -14.45486275	     11.81140348	     39.21862841	     90.00000001	      0.00000000	      0.00000000	    -11.23004120	     -7.00475341	     -4.07376985	     48.74293120	     90.00000001	      0.00000000	      0.00000000
      7.10000000	      6.61145318	     -1.69033579	     -1.59932985	      0.19996004	      0.92392486	      0.23855916	     13.94418621	     -6.57663192	    -21.70995003	     39.47541907	     -0.59908023	      0.68897604	     15.11271469	      4.24555460	     -7.50002715	     -5.10430664	     -2.59011527	    -16.50349517	     32.43042196	     -3.96520498	      0.56601764	     22.47127183	     -0.71117013	     -7.50002715	    -18.23625829	      4.06240038	     -2.32054102	      6.96309131	    -13.95982182	     10.67436613	     38.16877241	     90.00000001	      0.00000000	      0.00000000	    -11.55570363	     -7.30971715	     -3.33479397	     49.55899995	     90.00000001	      0.00000000	      0.00000000
      7.11000000	      6.56187693	     -1.63709740	     -1.69287825	      0.20247006	      0.92403203	      0.23959548	     13.83855869	     -6.55240095	    -21.70448803	     39.48963668	     -0.63555568	      0.68922418	     15.17216438	      4.24169527	     -7.50002708	     -5.10138418	     -2.57298272	    -16.38275801	     32.66517723	     -4.03140915	      0.57011489	     22.36031833	     -0.67346967	     -7.50002708	    -18.26083132	      4.11085681	     -2.30265275	      6.98301014	    -13.92765684	     10.64136619	     38.16653119	     90.00000001	      0.00000000	      0.00000000	    -11.49050212	     -7.32852070	     -3.32261454	     49.58184222	     90.00000001	      0.00000000	      0.00000000
      7.12000000	      6.46479664	     -1.57351586	     -1.80794865	      0.20508126	      0.92415822	      0.24059830	     13.78196272	     -6.55580795	    -21.69788271	     39.49633388	     -0.65030295	      0.68934107	     15.18532158	      4.24031622	     -7.50002706	     -5.12715757	     -2.55915118	    -16.34813483	     32.73079771	     -4.05439028	      0.57126019	     22.33024398	     -0.66251088	     -7.50002706	    -18.21117800	      4.14860602	     -2.32637581	      6.98987543	    -13.92607456	     10.63442730	     38.16710614	     90.00000001	      0.00000000	      0.00000000	    -11.46532373	     -7.32997304	     -3.31907359	     49.59503035	     90.00000001	      0.00000000	      0.00000000
      7.13000000	      6.45585663	     -1.52366972	     -1.89071128	      0.20738550	      0.92438852	      0.24156414	     13.63147330	     -6.49032350	    -21.62140453	     39.46783655	     -0.71170255	      0.68884370	     15.32024378	      4.23745290	     -7.50002699	     -5.04480174	     -2.53100863	    -16.10950414	     33.19724960	     -4.17268155	      0.57940131	     22.04978998	     -0.59050160	     -7.50002699	    -18.32943792	      4.21167345	     -2.30610460	      7.11058077	    -13.90312199	     10.59140444	     38.17114896	     90.00000001	      0.00000000	      0.00000000	    -11.41813538	     -7.30416127	     -3.28515346	     49.66115661	     90.00000001	      0.00000000	      0.00000000
      7.14000000	      6.35439352	     -1.51739612	     -1.90978708	      0.20976111	      0.92458979	      0.24250048	     13.51776757	     -6.38705413	    -21.52713618	     39.34909315	     -0.67786139	      0.68677123	     15.59289077	      4.21542537	     -7.50002684	     -4.86106843	     -2.67863526	    -15.95453438	     33.67015942	     -4.12951723	      0.58765514	     21.55265930	     -0.59052268	     -7.50002684	    -18.30681195	      4.32698430	     -2.42370530	      7.20203177	    -13.84332363	     10.49309002	     38.11946498	     90.00000001	      0.00000000	      0.00000000	    -11.41168767	     -7.35480677	     -3.24068129	     49.81871305	     90.00000001	      0.00000000	      0.00000000
      7.15000000	      6.25661941	     -1.44850138	     -2.04239194	      0.21237831	      0.92484907	      0.24340623	     13.45748732	     -6.39360009	    -21.50715124	     39.34605826	     -0.70001554	      0.68671826	     15.60530089	      4.21302189	     -7.50002683	     -4.88161350	     -2.64625556	    -15.91690742	     33.73340769	     -4.15291541	      0.58875903	     21.51835838	     -0.58577241	     -7.50002683	    -18.25420261	      4.37284778	     -2.43121037	      7.21292140	    -13.83265557	     10.48781257	     38.12013425	     90.00000001	      0.00000000	      0.00000000	    -11.40922980	     -7.35635564	     -3.23782420	     49.83266635	     90.00000001	      0.00000000	      0.00000000
      7.16000000	      6.14355755	     -1.39281493	     -2.13926535	      0.21453124	      0.92515156	      0.24434316	     13.36158763	     -6.26295887	    -20.99715633	     39.15760421	     -0.56158919	      0.68342912	     15.95494095	      3.85755003	     -7.50002572	     -4.62924856	     -2.61788677	    -15.35159666	     34.31358391	     -4.05395767	      0.59888502	     20.40080152	     -1.75727883	     -7.50002572	    -18.26594092	      4.42342498	     -2.50114743	      7.52449410	    -13.53979381	      9.85759925	     37.67683721	     90.00000001	      0.00000000	      0.00000000	    -11.77839459	     -7.48071913	     -3.01305897	     50.76404161	     90.00000001	      0.00000000	      0.00000000
      7.17000000	      6.09268748	     -1.30232792	     -2.25881136	      0.21689530	      0.92554120	      0.24520280	     13.22285486	     -6.24305551	    -20.88602476	     39.03911544	     -0.61714720	      0.68136110	     15.97603332	      3.86101973	     -7.50002562	     -4.55363964	     -2.55460044	    -15.13777476	     34.64930766	     -4.07255372	      0.60474450	     20.22544041	     -1.74735139	     -7.50002562	    -18.30842481	      4.44210498	     -2.50136466	      7.59698786	    -13.51716217	      9.82183478	     37.70288042	     90.00000001	      0.00000000	      0.00000000	    -11.77174415	     -7.47152646	     -3.00435531	     50.78082236	     90.00000001	      0.00000000	      0.00000000
      7.18000000	      6.01918303	     -1.23152900	     -2.38318870	      0.21925133	      0.92594105	      0.24604250	     13.08646430	     -6.21112237	    -20.77035697	     38.88713979	     -0.61981752	      0.67870863	     16.03112554	      3.86398666	     -7.50002554	     -4.43209226	     -2.52748651	    -14.94349121	     35.03691712	     -4.06416093	      0.61150956	     19.96741588	     -1.76933008	     -7.50002554	    -18.32502536	      4.48641175	     -2.49682933	      7.66593500	    -13.49318604	      9.79116474	     37.74407072	     90.00000001	      0.00000000	      0.00000000	    -11.80207067	     -7.46143110	     -3.00923748	     50.83768181	     90.00000001	      0.00000000	      0.00000000
      7.19000000	      5.84812528	     -1.25207877	     -2.46064030	      0.22154717	      0.92626392	      0.24690801	     12.99596326	     -6.04279333	    -20.53996499	     38.63137793	     -0.53179718	      0.67424474	     16.17869322	      3.82730058	     -7.50002525	     -4.12140416	     -2.68904133	    -14.67994725	     35.59470723	     -3.93774096	      0.62124484	     19.30785876	     -2.14773638	     -7.50002525	    -18.23599666	      4.65059765	     -2.55111372	      7.71689547	    -13.44852075	      9.70378203	     37.86071811	     90.00000001	      0.00000000	      0.00000000	    -11.95398641	     -7.45489360	     -3.07914861	     51.12722518	     90.00000001	      0.00000000	      0.00000000
      7.20000000	      5.79705372	     -1.12276968	     -2.66558448	      0.22387675	      0.92671459	      0.24773032	     12.86956276	     -6.10033520	    -20.48037450	     38.51813454	     -0.58496675	      0.67226827	     16.19667009	      3.82351548	     -7.50002520	     -4.03000327	     -2.55401337	    -14.53475636	     35.93960695	     -3.96504667	      0.62726447	     19.15354624	     -2.18690995	     -7.50002520	    -18.28420370	      4.62614882	     -2.45257742	      7.79093236	    -13.43576905	      9.69535592	     37.90988674	     90.00000001	      0.00000000	      0.00000000	    -12.01316998	     -7.43028276	     -3.09351043	     51.17785385	     90.00000001	      0.00000000	      0.00000000
      7.21000000	      5.57122149	     -1.12514958	     -2.73023878	      0.22595981	      0.92699168	      0.24853085	     12.84616578	     -5.94085635	    -20.25739655	     38.22771864	     -0.53676016	      0.66719956	     16.32566606	      3.83887035	     -7.50002475	     -3.50930910	     -2.72734707	    -14.16416778	     36.77912491	     -3.77699615	      0.64191683	     18.13782206	     -3.13606691	     -7.50002475	    -18.16896066	      4.77402171	     -2.54852060	      7.77447977	    -13.43556763	      9.63455114	     38.24229057	     90.00000001	      0.00000000	      0.00000000	    -12.27592657	     -7.39917081	     -3.33741511	     51.86578297	     90.00000001	      0.00000000	      0.00000000
      7.22000000	      5.45084958	     -0.99402406	     -2.84716972	      0.22807771	      0.92738736	      0.24924319	     12.75777863	     -6.02638192	    -20.21626525	     38.06529412	     -0.51130862	      0.66436471	     16.37309822	      3.91270088	     -7.50002385	     -3.16431756	     -2.63649275	    -13.48974184	     37.48174179	     -3.49749051	      0.65417980	     17.18132497	     -4.74479595	     -7.50002385	    -18.17184724	      4.75867257	     -2.56010198	      7.70381743	    -13.50620861	      9.69989894	     38.71820898	     90.00000001	      0.00000000	      0.00000000	    -12.56497763	     -7.30856673	     -3.74646346	     52.61879587	     90.00000001	      0.00000000	      0.00000000
      7.23000000	      5.32754040	     -0.93674740	     -2.92281961	      0.23017529	      0.92776278	      0.24989849	     12.62585700	     -6.03938436	    -20.19264708	     37.83467075	     -0.44279792	      0.66033958	     16.43724202	      4.04825244	     -7.50002362	     -2.69502853	     -2.74181049	    -13.24985872	     38.38951313	     -3.38460391	      0.67002340	     16.58492893	     -4.90899235	     -7.50002362	    -18.17071449	      4.86430817	     -2.60653192	      7.75949443	    -13.50226897	      9.75102115	     38.88532532	     90.00000001	      0.00000000	      0.00000000	    -12.64500427	     -7.30725764	     -3.83924547	     52.76526851	     90.00000001	      0.00000000	      0.00000000
      7.24000000	      5.14903651	     -0.85214566	     -3.07243318	      0.23225787	      0.92803233	      0.25069654	     12.60651160	     -6.03069337	    -20.21884425	     37.63652478	     -0.53240289	      0.65688128	     16.52708259	      4.29302302	     -7.50002327	     -2.10271194	     -2.82271419	    -13.04763440	     39.42099567	     -3.29025394	      0.68802617	     15.74861181	     -5.37604499	     -7.50002327	    -18.09525731	      4.89109921	     -2.57223953	      7.74885761	    -13.56475473	      9.85057556	     39.22550613	     90.00000001	      0.00000000	      0.00000000	    -12.86021652	     -7.24458750	     -4.03711481	     53.19807753	     90.00000001	      0.00000000	      0.00000000
      7.25000000	      5.02525324	     -0.77103604	     -3.17342748	      0.23434667	      0.92831910	      0.25140782	     12.49566110	     -6.10121712	    -20.29455035	     37.45638012	     -0.47554109	      0.65373716	     16.61131304	      4.54077610	     -7.50002303	     -1.47051631	     -2.94750338	    -12.81117538	     40.64878241	     -3.18303917	      0.70945509	     14.90664448	     -5.65708312	     -7.50002303	    -18.07311728	      4.93106796	     -2.59458735	      7.74779531	    -13.62855036	      9.93597292	     39.53934472	     90.00000001	      0.00000000	      0.00000000	    -13.03620752	     -7.21122064	     -4.20350748	     53.58348159	     90.00000001	      0.00000000	      0.00000000
      7.26000000	      4.89175683	     -0.61073783	     -3.26541191	      0.23623867	      0.92859305	      0.25198066	     12.45917318	     -6.29285911	    -20.63329347	     37.34026093	     -0.60585093	      0.65171050	     16.88743662	      5.47285821	     -7.50002184	     -0.73095717	     -2.94553478	    -12.12035866	     42.00594642	     -2.83032289	      0.73314207	     13.37777354	     -7.40025485	     -7.50002184	    -18.11147672	      4.90466413	     -2.64478057	      7.52167142	    -13.92381392	     10.58607750	     40.63535474	     90.00000001	      0.00000000	      0.00000000	    -13.49698474	     -7.07988789	     -4.85806009	     54.77413977	     90.00000001	      0.00000000	      0.00000000
      7.27000000	      4.73707805	     -0.53679225	     -3.34483387	      0.23817009	      0.92877118	      0.25260329	     12.40484851	     -6.36155393	    -20.71255819	     37.18266236	     -0.55851933	      0.64895988	     16.96914729	      5.67624285	     -7.50002163	      0.18514154	     -3.16284179	    -11.90069926	     43.65957661	     -2.71375538	      0.76200336	     12.38823748	     -7.35096689	     -7.50002163	    -18.08749154	      4.97537634	     -2.66088435	      7.55796439	    -13.98316694	     10.68470123	     40.83591000	     90.00000001	      0.00000000	      0.00000000	    -13.61070603	     -7.06925966	     -4.93519720	     54.99497359	     90.00000001	      0.00000000	      0.00000000
      7.28000000	      4.47711681	     -0.42416338	     -3.44326104	      0.23994384	      0.92875772	      0.25325914	     12.54853034	     -6.41587851	    -20.86082798	     37.09023888	     -0.71618570	      0.64734679	     17.11326332	      6.09203164	     -7.50002125	      1.36078259	     -3.36469164	    -11.67579108	     45.50392802	     -2.62048800	      0.79419337	     10.94875841	     -7.66519356	     -7.50002125	    -17.97795298	      4.99417310	     -2.64458323	      7.49329215	    -14.08689026	     10.89844983	     41.35805594	     90.00000001	      0.00000000	      0.00000000	    -13.88282500	     -7.05952356	     -5.16092610	     55.70905604	     90.00000001	      0.00000000	      0.00000000
      7.29000000	      4.35756570	     -0.29970037	     -3.50845738	      0.24179590	      0.92882627	      0.25383660	     12.50783118	     -6.60123216	    -21.07343281	     37.05196435	     -0.68544340	      0.64667877	     17.28345788	      6.53565648	     -7.50002076	      2.46892817	     -3.55582480	    -11.28460235	     47.51845021	     -2.44908173	      0.82935341	      9.53347408	     -8.01315510	     -7.50002076	    -18.00461794	      4.98663189	     -2.66602990	      7.40424353	    -14.26295639	     11.13930394	     41.95578337	     90.00000001	      0.00000000	      0.00000000	    -14.17199052	     -7.03832520	     -5.38216329	     56.45662514	     90.00000001	      0.00000000	      0.00000000
      7.30000000	      4.20848192	     -0.19103413	     -3.53107201	      0.24351034	      0.92880286	      0.25430921	     12.51096237	     -6.77571474	    -21.21047667	     37.03037111	     -0.60047582	      0.64630190	     17.43666563	      6.85480864	     -7.50002043	      3.75225775	     -3.82005495	    -10.87010744	     49.71972885	     -2.24706844	      0.86777297	      8.13743427	     -8.02576098	     -7.50002043	    -18.03483590	      5.02274867	     -2.74619085	      7.38942505	    -14.38221093	     11.28226074	     42.42378947	     90.00000001	      0.00000000	      0.00000000	    -14.40964758	     -7.01947922	     -5.50938463	     57.00960996	     90.00000001	      0.00000000	      0.00000000
      7.31000000	      4.13711643	     -0.01432854	     -3.52007240	      0.24521981	      0.92873919	      0.25474066	     12.48582732	     -7.10333999	    -21.62983678	     37.14788650	     -0.61484358	      0.64835293	     17.76014722	      7.84394070	     -7.50001932	      5.02192765	     -3.92350079	     -9.88494242	     52.00647188	     -1.74497261	      0.90768417	      6.10605719	     -9.64212885	     -7.50001932	    -18.15256441	      4.95450741	     -2.88624529	      7.18619754	    -14.77724067	     12.11760579	     43.61529893	     90.00000001	      0.00000000	      0.00000000	    -14.94729881	     -7.03901451	     -5.93086955	     58.44337992	     90.00000001	      0.00000000	      0.00000000
      7.32000000	      3.92625943	      0.10032757	     -3.56220430	      0.24679723	      0.92845792	      0.25526176	     12.64309255	     -7.21301793	    -21.70705475	     37.20242288	     -0.66821720	      0.64930477	     17.93117307	      7.96974418	     -7.50001895	      6.56898391	     -4.21933663	     -9.41626791	     54.41311537	     -1.48889918	      0.94968802	      4.74754390	     -9.29948714	     -7.50001895	    -18.11415674	      4.95697463	     -2.87258048	      7.18809828	    -14.87793730	     12.23161108	     43.91738591	     90.00000001	      0.00000000	      0.00000000	    -15.00248720	     -7.04681982	     -5.97122631	     58.85168166	     90.00000001	      0.00000000	      0.00000000
      7.33000000	      3.79386995	      0.27219147	     -3.54260711	      0.24835820	      0.92812726	      0.25564170	     12.74675678	     -7.49113376	    -21.93410204	     37.39528227	     -0.67554849	      0.65267080	     18.17833555	      8.42514003	     -7.50001787	      8.08398621	     -4.37511704	     -8.41250206	     56.81065545	     -0.88454675	      0.99153299	      2.95247716	    -10.38864815	     -7.50001787	    -18.17882671	      4.88887427	     -2.99145847	      7.08768880	    -15.17575855	     12.81123296	     44.75445690	     90.00000001	      0.00000000	      0.00000000	    -15.41412836	     -7.10784034	     -6.15494011	     60.09909987	     90.00000001	      0.00000000	      0.00000000
      7.34000000	      3.81202686	      0.38409857	     -3.51527426	      0.25000163	      0.92790188	      0.25592989	     12.64188692	     -7.77693202	    -21.92556174	     37.60704443	     -0.38700579	      0.65636675	     18.24710590	      8.45331344	     -7.50001754	      9.47110512	     -4.60191595	     -7.98316082	     59.13638007	     -0.76913269	      1.03212454	      2.12058513	     -9.85756599	     -7.50001754	    -18.38656993	      4.89541979	     -2.98557864	      7.12289288	    -15.26333608	     12.79877990	     45.00916845	     90.00000001	      0.00000000	      0.00000000	    -15.32913626	     -7.19609925	     -6.17402065	     60.39185721	     90.00000001	      0.00000000	      0.00000000
      7.35000000	      3.45190283	      0.45782041	     -3.47724294	      0.25140528	      0.92707537	      0.25644018	     13.08939041	     -7.75650037	    -22.03462903	     37.83055307	     -0.66238426	      0.66026771	     18.60873952	      8.46222095	     -7.50001704	     11.38753069	     -4.95111012	     -7.15459549	     61.48499399	     -0.23121772	      1.07311559	      0.74609722	     -9.93964309	     -7.50001704	    -18.21169340	      4.91827972	     -3.06243070	      7.07136799	    -15.38828347	     12.94151031	     45.54182065	     90.00000001	      0.00000000	      0.00000000	    -15.67006202	     -7.25278095	     -6.22624923	     61.30222156	     90.00000001	      0.00000000	      0.00000000
      7.36000000	      3.54957115	      0.57079221	     -3.41064995	      0.25305193	      0.92677103	      0.25662185	     12.92470577	     -8.08100854	    -22.03372445	     38.12847331	     -0.34231123	      0.66546740	     18.66975472	      8.48681584	     -7.50001677	     12.70885027	     -5.12778091	     -6.71691319	     63.49100101	     -0.08103769	      1.10812701	      0.21111961	     -9.78780145	     -7.50001677	    -18.52099922	      4.89781025	     -3.13259804	      7.11653558	    -15.51452929	     12.94452927	     45.80193232	     90.00000001	      0.00000000	      0.00000000	    -15.61997660	     -7.32752196	     -6.23942962	     61.71313282	     90.00000001	      0.00000000	      0.00000000
      7.37000000	      3.25359611	      0.68374514	     -3.29147963	      0.25437980	      0.92580796	      0.25687940	     13.34107740	     -8.20518059	    -22.14301807	     38.50315126	     -0.49350709	      0.67200676	     19.07337060	      8.53165652	     -7.50001581	     14.52475280	     -5.27348537	     -4.89483708	     65.40822394	      1.33700922	      1.14158887	     -1.23414389	    -12.15334908	     -7.50001581	    -18.42732800	      4.86788745	     -3.34929562	      7.03775499	    -15.85941304	     13.68505696	     46.63403945	     90.00000001	      0.00000000	      0.00000000	    -16.21068430	     -7.45141037	     -6.23578981	     63.35535592	     90.00000001	      0.00000000	      0.00000000
      7.38000000	      3.10883215	      0.74250359	     -3.22734103	      0.25589349	      0.92497792	      0.25715099	     13.55901136	     -8.30132158	    -22.14249806	     38.86460118	     -0.51046475	      0.67831525	     19.34307215	      8.36491194	     -7.50001537	     16.14306802	     -5.49976360	     -4.52675516	     66.99505672	      1.51754751	      1.16928432	     -1.41660941	    -12.15518557	     -7.50001537	    -18.47505896	      4.88529108	     -3.39881543	      7.08844769	    -15.94606152	     13.76682049	     46.91379489	     90.00000001	      0.00000000	      0.00000000	    -16.25427747	     -7.56118798	     -6.22359279	     63.82668194	     90.00000001	      0.00000000	      0.00000000
      7.39000000	      3.04089559	      0.78783950	     -3.08052216	      0.25744826	      0.92420447	      0.25732398	     13.66076657	     -8.41835386	    -22.14757244	     39.23656637	     -0.45686318	      0.68480727	     19.58741191	      8.18999902	     -7.50001505	     17.64841611	     -5.73852977	     -4.24067829	     68.24288115	      1.68772444	      1.19106297	     -1.32776647	    -12.45824175	     -7.50001505	    -18.60270431	      4.91155942	     -3.55888700	      7.14183908	    -16.06787695	     13.82462000	     47.14477985	     90.00000001	      0.00000000	      0.00000000	    -16.31035038	     -7.63203988	     -6.18337362	     64.38249911	     90.00000001	      0.00000000	      0.00000000
      7.40000000	      2.99878462	      0.82654314	     -2.93688787	      0.25904368	      0.92340840	      0.25748056	     13.73734491	     -8.53166123	    -22.14256444	     39.62364947	     -0.39856172	      0.69156314	     19.81085736	      7.99030885	     -7.50001478	     19.06450082	     -5.93347958	     -4.07352188	     69.11196414	      1.78606520	      1.20623133	     -1.03844113	    -12.91142783	     -7.50001478	    -18.74816384	      4.92475133	     -3.66989966	      7.20912143	    -16.17051874	     13.89125830	     47.33016061	     90.00000001	      0.00000000	      0.00000000	    -16.31962815	     -7.73996519	     -6.14506793	     64.94457274	     90.00000001	      0.00000000	      0.00000000
      7.41000000	      2.90784876	      0.87471325	     -2.80148167	      0.26059256	      0.92251846	      0.25765157	     13.90659713	     -8.61359993	    -22.05493723	     40.04648675	     -0.37995517	      0.69894305	     20.06222397	      7.68542730	     -7.50001447	     20.48385752	     -6.09631908	     -3.99832554	     69.59904374	      1.88459925	      1.21473247	     -0.59575974	    -13.69394606	     -7.50001447	    -18.84750347	      4.90574991	     -3.80067430	      7.27801539	    -16.27872749	     14.03966064	     47.50070463	     90.00000001	      0.00000000	      0.00000000	    -16.38172196	     -7.89318463	     -6.06358343	     65.68804738	     90.00000001	      0.00000000	      0.00000000
      7.42000000	      2.90256487	      0.86558458	     -2.64116062	      0.26221152	      0.92175597	      0.25772192	     13.92095384	     -8.65920485	    -22.05702089	     40.37976991	     -0.33790808	      0.70475994	     20.25633332	      7.41520433	     -7.50001424	     21.74884506	     -6.29272645	     -4.23301865	     69.68994448	      1.73405411	      1.21631899	      0.03325286	    -14.19794765	     -7.50001424	    -19.04751641	      4.95774016	     -3.94600829	      7.37344655	    -16.36100912	     14.11247381	     47.58957160	     90.00000001	      0.00000000	      0.00000000	    -16.31322110	     -8.00619107	     -5.99222290	     66.11111649	     90.00000001	      0.00000000	      0.00000000
      7.43000000	      2.89810256	      0.83369306	     -2.41330496	      0.26396149	      0.92098433	      0.25785894	     13.88928552	     -8.64754424	    -22.08525834	     40.68745693	     -0.30666788	      0.71013009	     20.44730148	      7.16430096	     -7.50001406	     22.95348113	     -6.50229010	     -4.64020277	     69.38536861	      1.45737662	      1.21100314	      0.78712380	    -14.58799465	     -7.50001406	    -19.18947271	      4.98444589	     -4.07652693	      7.45925946	    -16.44070010	     14.14740025	     47.63618331	     90.00000001	      0.00000000	      0.00000000	    -16.18926582	     -8.10077070	     -5.92847526	     66.44917006	     90.00000001	      0.00000000	      0.00000000
      7.44000000	      2.91475583	      0.75036968	     -2.22440302	      0.26571645	      0.92032866	      0.25796572	     13.81851374	     -8.59024620	    -22.00567507	     40.94166278	     -0.20038777	      0.71456682	     20.42971076	      7.09063850	     -7.50001388	     24.00187031	     -6.83797331	     -4.99847890	     68.60988654	      1.45706453	      1.19746842	      1.18258255	    -14.38062209	     -7.50001388	    -19.38373998	      5.07631037	     -4.22005865	      7.54382939	    -16.51640426	     14.10835118	     47.74260961	     90.00000001	      0.00000000	      0.00000000	    -15.93469049	     -8.19991560	     -5.90686996	     66.65265858	     90.00000001	      0.00000000	      0.00000000
      7.45000000	      2.85677127	      0.76340743	     -2.13665235	      0.26757158	      0.91935604	      0.25800284	     13.93387694	     -8.59385255	    -21.73326507	     41.36749912	     -0.14532736	      0.72199906	     20.84311240	      6.10954052	     -7.50001328	     25.13125274	     -6.92969978	     -6.99411184	     67.59539849	     -0.12041948	      1.17976226	      2.60856070	    -14.91183197	     -7.50001328	    -19.46060313	      5.02211852	     -4.32264945	      7.83164382	    -16.55324000	     14.52007626	     47.34512034	     90.00000001	      0.00000000	      0.00000000	    -16.12237107	     -8.45498647	     -5.49214679	     67.50203921	     90.00000001	      0.00000000	      0.00000000
      7.46000000	      2.86603830	      0.68526357	     -1.96901534	      0.26953797	      0.91863636	      0.25801285	     13.85718344	     -8.51297798	    -21.64414050	     41.61062192	     -0.08754657	      0.72624236	     20.98631383	      5.69337163	     -7.50001274	     26.04033125	     -7.13735012	     -8.34414940	     66.15836914	     -0.99594196	      1.15468137	      3.61887157	    -14.64304078	     -7.50001274	    -19.59371175	      5.06721591	     -4.43485049	      7.99664596	    -16.61162788	     14.67520765	     47.11971636	     90.00000001	      0.00000000	      0.00000000	    -15.93307810	     -8.58638091	     -5.33399111	     67.66816837	     90.00000001	      0.00000000	      0.00000000
      7.47000000	      2.91391558	      0.55342761	     -1.77832586	      0.27159614	      0.91798264	      0.25794919	     13.71000639	     -8.38690815	    -21.71953785	     41.83059687	     -0.10162722	      0.73008164	     21.18555226	      5.41995586	     -7.50001244	     26.79314113	     -7.35783943	     -9.44963475	     64.43601769	     -1.59237978	      1.12462067	      4.50550094	    -14.51738463	     -7.50001244	    -19.75457484	      5.16956864	     -4.56412618	      8.12643490	    -16.66860070	     14.70354828	     46.98712666	     90.00000001	      0.00000000	      0.00000000	    -15.71284763	     -8.65115630	     -5.24078559	     67.76716860	     90.00000001	      0.00000000	      0.00000000
      7.48000000	      3.01089689	      0.43949217	     -1.63248448	      0.27383727	      0.91742819	      0.25786711	     13.47665583	     -8.27890266	    -21.70132536	     42.00802304	     -0.05787893	      0.73317831	     21.40182930	      5.13266908	     -7.50001207	     27.36604229	     -7.53517639	    -11.05057189	     62.40996621	     -2.54559232	      1.08925940	      5.33117547	    -13.95174302	     -7.50001207	    -19.94530038	      5.22145597	     -4.65386006	      8.32021514	    -16.68947934	     14.76710477	     46.66569157	     90.00000001	      0.00000000	      0.00000000	    -15.48498677	     -8.73906024	     -5.08691444	     67.80609949	     90.00000001	      0.00000000	      0.00000000
      7.49000000	      2.95077583	      0.23352285	     -1.45165278	      0.27612589	      0.91674919	      0.25778072	     13.35732822	     -7.99140711	    -21.71371632	     42.01000062	     -0.11051937	      0.73321283	     21.51023266	      5.00400485	     -7.50001187	     27.99268780	     -7.74261388	    -11.72060812	     60.24514361	     -2.69441040	      1.05147611	      5.78048623	    -13.51671856	     -7.50001187	    -19.94228327	      5.36891146	     -4.73530931	      8.34844218	    -16.74586489	     14.75303116	     46.62095224	     90.00000001	      0.00000000	      0.00000000	    -15.28531773	     -8.75893924	     -5.01977861	     67.88135177	     90.00000001	      0.00000000	      0.00000000
      7.50000000	      3.19876342	      0.09948629	     -1.41127831	      0.27880984	      0.91643182	      0.25768417	     12.88302342	     -7.88409724	    -21.62228959	     42.10668788	      0.02903507	      0.73490034	     21.76634434	      4.68384556	     -7.50001112	     28.15354462	     -7.96815068	    -14.30181919	     57.87603408	     -4.25236673	      1.01012735	      6.82451075	    -10.99416252	     -7.50001112	    -20.23759441	      5.38451485	     -4.76240588	      8.77338742	    -16.63730289	     14.92745107	     45.65789901	     90.00000001	      0.00000000	      0.00000000	    -14.98445682	     -8.93011503	     -4.70594935	     67.69748862	     90.00000001	      0.00000000	      0.00000000
      7.51000000	      3.20005167	     -0.15646999	     -1.27246749	      0.28139926	      0.91585294	      0.25749323	     12.66289307	     -7.55249610	    -21.65568196	     42.09156910	     -0.02272573	      0.73463647	     21.88745313	      4.58450463	     -7.50001095	     28.47440743	     -8.12246875	    -14.72122905	     55.56920964	     -4.15856983	      0.96986567	      7.13254242	    -10.66275049	     -7.50001095	    -20.25211815	      5.55467086	     -4.81805094	      8.78904970	    -16.73042071	     14.89273503	     45.65374626	     90.00000001	      0.00000000	      0.00000000	    -14.81559783	     -8.91396619	     -4.65834219	     67.73448371	     90.00000001	      0.00000000	      0.00000000
      7.52000000	      3.43319536	     -0.32401056	     -1.19741675	      0.28425477	      0.91565345	      0.25726175	     12.13938979	     -7.37679028	    -21.69346435	     42.03667343	      0.00366673	      0.73367836	     22.12168066	      4.41991144	     -7.50001077	     28.37021496	     -8.14903298	    -15.46503053	     53.20034134	     -4.27120925	      0.92852112	      7.39036522	    -10.10470622	     -7.50001077	    -20.49857554	      5.58956828	     -4.83760201	      8.87926667	    -16.75427950	     14.91652891	     45.43945158	     90.00000001	      0.00000000	      0.00000000	    -14.52503329	     -8.96601215	     -4.58823409	     67.62053543	     90.00000001	      0.00000000	      0.00000000
      7.53000000	      3.74713291	     -0.55746850	     -1.18709276	      0.28751530	      0.91554677	      0.25704429	     11.47451487	     -7.12975281	    -21.57878577	     41.95629516	      0.14074564	      0.73227549	     22.34187144	      4.30404820	     -7.50000996	     28.12383956	     -8.34636465	    -17.23755588	     50.97435928	     -5.13092676	      0.88967040	      8.25685117	     -6.89624037	     -7.50000996	    -20.75612090	      5.67998234	     -4.85029125	      9.28367912	    -16.65657551	     15.03173300	     44.41909458	     90.00000001	      0.00000000	      0.00000000	    -14.22996254	     -9.06266113	     -4.28685809	     67.18892988	     90.00000001	      0.00000000	      0.00000000
      7.54000000	      3.84263422	     -0.81668392	     -1.16839776	      0.29067458	      0.91522359	      0.25676580	     11.08837150	     -6.77705085	    -21.52257273	     41.84089082	      0.08371473	      0.73026131	     22.48986206	      4.23810072	     -7.50000985	     28.03900568	     -8.37131419	    -17.34866052	     49.01179599	     -4.93410537	      0.85541721	      8.28167218	     -6.68539873	     -7.50000985	    -20.79184197	      5.78663236	     -4.81852251	      9.27218887	    -16.74003103	     15.01375313	     44.37783326	     90.00000001	      0.00000000	      0.00000000	    -14.09726431	     -9.03427578	     -4.25394082	     67.17522484	     90.00000001	      0.00000000	      0.00000000
      7.55000000	      4.17295526	     -1.00244649	     -1.17545968	      0.29406300	      0.91531473	      0.25645187	     10.36388907	     -6.56716893	    -21.39825101	     41.64404608	      0.19564298	      0.72682572	     22.69645892	      4.13020726	     -7.50000972	     27.56417108	     -8.28521943	    -17.40876761	     47.19558775	     -4.74817831	      0.82371840	      8.20142831	     -6.29084072	     -7.50000972	    -21.06117128	      5.78377107	     -4.77279372	      9.31794243	    -16.76715901	     15.03368467	     44.18682511	     90.00000001	      0.00000000	      0.00000000	    -13.84441731	     -9.06979775	     -4.20181783	     66.99043072	     90.00000001	      0.00000000	      0.00000000
      7.56000000	      4.51579831	     -1.22724328	     -1.21088133	      0.29767009	      0.91547909	      0.25609465	      9.59919078	     -6.31267606	    -21.19188704	     41.42919769	      0.35624477	      0.72307591	     22.88759575	      4.00400647	     -7.50000958	     27.03957252	     -8.21058961	    -17.35588378	     45.70290954	     -4.64114648	      0.79766625	      8.14887024	     -5.85414659	     -7.50000958	    -21.29456773	      5.81273353	     -4.72032076	      9.41555320	    -16.77805863	     15.06501929	     43.87981109	     90.00000001	      0.00000000	      0.00000000	    -13.61517620	     -9.10847092	     -4.10953263	     66.68587805	     90.00000001	      0.00000000	      0.00000000
      7.57000000	      4.77167351	     -1.43795160	     -1.27524344	      0.30128079	      0.91562061	      0.25567379	      8.94934034	     -6.02270424	    -20.93049956	     41.17755091	      0.43195151	      0.71868384	     23.03526133	      3.86482743	     -7.50000947	     26.59701229	     -8.08588961	    -17.15531435	     44.51585221	     -4.56633860	      0.77694819	      8.14320326	     -5.56668903	     -7.50000947	    -21.45364112	      5.82590604	     -4.63488650	      9.46515604	    -16.79110624	     15.08223988	     43.60057073	     90.00000001	      0.00000000	      0.00000000	    -13.45263314	     -9.12272883	     -4.02107484	     66.42238312	     90.00000001	      0.00000000	      0.00000000
      7.58000000	      5.08407999	     -1.64341885	     -1.37235227	      0.30513297	      0.91588609	      0.25531572	      8.20236126	     -5.74603379	    -20.60018836	     40.90737506	      0.57137018	      0.71396838	     23.16523050	      3.67274008	     -7.50000935	     26.04714065	     -7.94972915	    -16.79380260	     43.66139363	     -4.52366949	      0.76203507	      8.14137442	     -5.42082979	     -7.50000935	    -21.61313334	      5.78918755	     -4.57911685	      9.51225508	    -16.79469976	     15.08542767	     43.29320235	     90.00000001	      0.00000000	      0.00000000	    -13.27564701	     -9.15625854	     -3.93137241	     66.11597289	     90.00000001	      0.00000000	      0.00000000
      7.59000000	      5.26505214	     -1.81720580	     -1.51297845	      0.30902642	      0.91607451	      0.25484298	      7.63755199	     -5.48005677	    -20.29245026	     40.64109550	      0.56947578	      0.70932093	     23.25359620	      3.55660686	     -7.50000929	     25.64049301	     -7.74905257	    -16.40421695	     43.08103987	     -4.59452849	      0.75190599	      8.15676310	     -5.41826710	     -7.50000929	    -21.61631154	      5.73189925	     -4.47735139	      9.50140498	    -16.81912595	     15.07515494	     43.11817156	     90.00000001	      0.00000000	      0.00000000	    -13.19878663	     -9.15686065	     -3.88405225	     65.94145345	     90.00000001	      0.00000000	      0.00000000
      7.60000000	      5.63866897	     -1.96929241	     -1.64701042	      0.31304028	      0.91665219	      0.25435119	      6.76148848	     -5.26529206	    -19.85010651	     40.23768081	      0.75682616	      0.70228001	     23.36973188	      3.32995773	     -7.50000921	     24.96061197	     -7.51951461	    -15.80786563	     42.70946834	     -4.57186878	      0.74542084	      8.19289063	     -5.57714634	     -7.50000921	    -21.82409832	      5.62638281	     -4.36600022	      9.50360201	    -16.80267632	     15.04680781	     42.87831235	     90.00000001	      0.00000000	      0.00000000	    -13.04694767	     -9.19886574	     -3.82414731	     65.62629615	     90.00000001	      0.00000000	      0.00000000
      7.61000000	      5.72679793	     -2.09049631	     -1.87183067	      0.31701445	      0.91673331	      0.25386931	      6.38490752	     -5.10245390	    -19.64041774	     40.14542847	      0.67108955	      0.70066991	     23.38389352	      3.28421915	     -7.50000919	     24.71087900	     -7.29031817	    -15.46395466	     42.75557758	     -4.82322898	      0.74622560	      8.20306787	     -5.63370423	     -7.50000919	    -21.71166782	      5.47398786	     -4.24156171	      9.42614377	    -16.78506975	     15.04359403	     42.80402025	     90.00000001	      0.00000000	      0.00000000	    -13.14301118	     -9.22654458	     -3.82465620	     65.50452937	     90.00000001	      0.00000000	      0.00000000
      7.62000000	      6.20201572	     -2.24366303	     -2.01392963	      0.32119697	      0.91774334	      0.25325169	      5.25973757	     -4.86834589	    -18.97117579	     39.47974882	      0.99913828	      0.68905160	     23.47617348	      2.87500987	     -7.50000907	     23.79768805	     -7.07940263	    -14.63236850	     42.58738109	     -4.64058876	      0.74329002	      8.34804952	     -6.34791008	     -7.50000907	    -22.01108826	      5.36627322	     -4.12981712	      9.43885938	    -16.75682152	     14.91617484	     42.54568391	     90.00000001	      0.00000000	      0.00000000	    -12.89906434	     -9.26486731	     -3.74069831	     65.02504002	     90.00000001	      0.00000000	      0.00000000
      7.63000000	      6.24475204	     -2.33074432	     -2.23202519	      0.32508760	      0.91817883	      0.25260318	      4.80677475	     -4.68652143	    -18.14335145	     39.10747229	      1.27815909	      0.68255415	     23.09261056	      1.44861690	     -7.50000844	     23.43717983	     -6.75014422	    -13.29802308	     42.67769041	     -4.23592697	      0.74486621	      7.73543831	     -8.84535099	     -7.50000844	    -21.84505148	      5.19330716	     -3.94727642	      9.36545049	    -16.52344396	     14.16927816	     42.18135343	     90.00000001	      0.00000000	      0.00000000	    -12.69871659	     -9.32662805	     -3.57515579	     64.40622180	     90.00000001	      0.00000000	      0.00000000
      7.64000000	      6.29385575	     -2.36406799	     -2.49771402	      0.32916979	      0.91851336	      0.25192880	      4.41880181	     -4.64395347	    -17.97376740	     38.89332173	      1.15508965	      0.67881652	     23.10428911	      1.47036327	     -7.50000842	     23.11908741	     -6.50549884	    -13.07947252	     42.87839442	     -4.44225334	      0.74836916	      7.78651102	     -8.88952389	     -7.50000842	    -21.66680056	      4.94712480	     -3.80813282	      9.24844489	    -16.50030922	     14.16220282	     42.14274524	     90.00000001	      0.00000000	      0.00000000	    -12.82908510	     -9.36347409	     -3.60211728	     64.32517994	     90.00000001	      0.00000000	      0.00000000
      7.65000000	      6.63610212	     -2.45803031	     -2.71059217	      0.33341456	      0.91950335	      0.25114120	      3.44338638	     -4.54834617	    -17.63092188	     38.20799557	      1.29394344	      0.66685532	     23.15635026	      1.57394264	     -7.50000833	     22.34527025	     -6.35223451	    -12.86284570	     42.88821148	     -4.51669751	      0.74854050	      8.07466334	     -9.30477965	     -7.50000833	    -21.80365072	      4.76544878	     -3.66759674	      9.13295991	    -16.48217949	     14.04016604	     42.13493818	     90.00000001	      0.00000000	      0.00000000	    -12.77481646	     -9.39657752	     -3.64841543	     64.11460009	     90.00000001	      0.00000000	      0.00000000
      7.66000000	      6.61430346	     -2.47011636	     -2.99860373	      0.33742063	      0.91988553	      0.25034188	      3.11488513	     -4.57465827	    -17.53788591	     37.96040991	      1.18462491	      0.66253414	     23.14951082	      1.59791517	     -7.50000831	     22.06031669	     -6.18444580	    -12.77311235	     43.04591360	     -4.60325664	      0.75129292	      8.12184869	     -9.38669043	     -7.50000831	    -21.55273781	      4.50367323	     -3.52298045	      9.01606949	    -16.44652726	     14.01914684	     42.12361045	     90.00000001	      0.00000000	      0.00000000	    -12.92045795	     -9.43726166	     -3.68072449	     64.00491867	     90.00000001	      0.00000000	      0.00000000
      7.67000000	      6.75655083	     -2.46950212	     -3.23349898	      0.34161881	      0.92069864	      0.24940256	      2.38841916	     -4.60474719	    -17.37265166	     37.29010966	      1.18858791	      0.65083519	     23.11568807	      1.76025872	     -7.50000826	     21.48190244	     -6.03612244	    -12.88700937	     42.99975873	     -4.68034764	      0.75048737	      8.35196056	     -9.73693571	     -7.50000826	    -21.46076738	      4.25002759	     -3.37116630	      8.81257839	    -16.39824435	     13.91344102	     42.14757101	     90.00000001	      0.00000000	      0.00000000	    -12.93541826	     -9.48950447	     -3.74954307	     63.79047684	     90.00000001	      0.00000000	      0.00000000
      7.68000000	      6.95637932	     -2.51370639	     -3.50340413	      0.34567051	      0.92163442	      0.24842426	      1.62795191	     -4.64349766	    -17.30117377	     36.68110165	      1.20541025	      0.64020600	     23.03892235	      2.13608993	     -7.50000816	     20.81566709	     -5.97117732	    -13.11958618	     42.89333141	     -4.78145953	      0.74862986	      8.50662505	    -10.10819017	     -7.50000816	    -21.47541914	      4.03417116	     -3.17990449	      8.65431945	    -16.36723374	     13.64215669	     42.31963701	     90.00000001	      0.00000000	      0.00000000	    -12.90966766	     -9.47105258	     -3.83686521	     63.44063590	     90.00000001	      0.00000000	      0.00000000
      7.69000000	      6.98436600	     -2.47676895	     -3.76849912	      0.34974865	      0.92231595	      0.24732659	      1.11249341	     -4.83087757	    -17.68477204	     36.17814983	      0.99687081	      0.63142783	     23.19660522	      3.30048140	     -7.50000779	     20.35100103	     -5.89321641	    -13.58075395	     42.76834926	     -4.88815971	      0.74644851	      8.59515697	    -10.10767464	     -7.50000779	    -21.28119246	      3.77410361	     -2.93932876	      8.22112724	    -16.22934108	     12.76110146	     42.83763513	     90.00000001	      0.00000000	      0.00000000	    -12.81767482	     -9.37856863	     -4.03424649	     62.88738145	     90.00000001	      0.00000000	      0.00000000
      7.70000000	      6.87421539	     -2.41951201	     -4.02625518	      0.35360677	      0.92286524	      0.24618907	      0.76847656	     -4.97855333	    -17.72947794	     35.67603937	      0.92039654	      0.62266435	     23.13975633	      3.45112729	     -7.50000775	     20.03747785	     -5.83881319	    -13.94676699	     42.61285999	     -4.84663134	      0.74373471	      8.74622868	    -10.18202884	     -7.50000775	    -20.94804511	      3.48676198	     -2.83660959	      8.04654181	    -16.17028070	     12.72168419	     42.82859063	     90.00000001	      0.00000000	      0.00000000	    -12.96060101	     -9.45802114	     -4.08809042	     62.79125431	     90.00000001	      0.00000000	      0.00000000
      7.71000000	      7.03364666	     -2.39437120	     -4.31345763	      0.35756605	      0.92382877	      0.24492393	      0.01535901	     -5.19851406	    -17.94990462	     34.98487538	      0.91760752	      0.61060126	     22.97697064	      4.25228843	     -7.50000762	     19.35971455	     -5.82540553	    -14.82134392	     42.30872475	     -5.08142469	      0.73842655	      8.95490692	     -9.96619582	     -7.50000762	    -20.93912012	      3.24408458	     -2.61792335	      7.91140692	    -16.11750913	     12.48319599	     43.02085691	     90.00000001	      0.00000000	      0.00000000	    -12.99094653	     -9.44935634	     -4.19900565	     62.50587261	     90.00000001	      0.00000000	      0.00000000
      7.72000000	      7.05154351	     -2.32457387	     -4.58204662	      0.36146392	      0.92458847	      0.24363684	     -0.53720222	     -5.46648472	    -18.37656288	     34.36583983	      0.78910165	      0.59979706	     22.96625626	      5.38231093	     -7.50000746	     18.85525775	     -5.82138533	    -15.77139500	     41.99524737	     -5.27925074	      0.73295534	      9.24781958	     -9.30832655	     -7.50000746	    -20.77466197	      2.96107597	     -2.41368015	      7.64098791	    -16.03429113	     12.19814231	     43.31401384	     90.00000001	      0.00000000	      0.00000000	    -13.03865273	     -9.42701221	     -4.35896200	     62.15800518	     90.00000001	      0.00000000	      0.00000000
      7.73000000	      6.99669324	     -2.22503270	     -4.83720789	      0.36542281	      0.92516818	      0.24218542	     -0.95417181	     -5.81809801	    -19.31268357	     33.86127482	      0.41006279	      0.59099073	     23.38629434	      7.64002480	     -7.50000698	     18.44325966	     -5.83631289	    -17.05623024	     41.68543872	     -5.61988179	      0.72754816	     10.00757567	     -7.37588534	     -7.50000698	    -20.50305545	      2.70873058	     -2.23522192	      7.24017483	    -15.95647864	     11.66555085	     43.84985288	     90.00000001	      0.00000000	      0.00000000	    -13.06442124	     -9.36162322	     -4.59653352	     61.80737218	     90.00000001	      0.00000000	      0.00000000
      7.74000000	      6.75150849	     -2.16584703	     -5.11424636	      0.36888634	      0.92552997	      0.24070580	     -1.10007616	     -6.07889701	    -19.49315151	     33.43982984	      0.45848783	      0.58363513	     23.34263585	      7.67219702	     -7.50000696	     18.26956131	     -5.88453001	    -17.40030865	     41.50463835	     -5.32534651	      0.72439259	     10.07521428	     -7.39356034	     -7.50000696	    -20.09782933	      2.49833962	     -2.06802648	      7.19537278	    -15.88398997	     11.68105013	     43.88334706	     90.00000001	      0.00000000	      0.00000000	    -13.24932240	     -9.41486215	     -4.63051213	     61.72093114	     90.00000001	      0.00000000	      0.00000000
      7.75000000	      6.90203084	     -2.04833201	     -5.35618081	      0.37270609	      0.92657926	      0.23913202	     -1.89448461	     -6.40656025	    -19.75449935	     32.59593424	      0.47769584	      0.56890638	     22.95726421	      8.66766852	     -7.50000684	     17.52150435	     -5.75820673	    -18.38327005	     40.95753054	     -5.51139895	      0.71484376	     10.27436474	     -7.01403724	     -7.50000684	    -20.10180179	      2.20621045	     -1.91436697	      6.97152259	    -15.84117514	     11.63518487	     44.10375439	     90.00000001	      0.00000000	      0.00000000	    -13.24624722	     -9.38887228	     -4.76677860	     61.30041079	     90.00000001	      0.00000000	      0.00000000
      7.76000000	      6.89137065	     -1.94431526	     -5.61501771	      0.37633136	      0.92727033	      0.23750896	     -2.38086012	     -6.76472248	    -20.31528750	     31.99985952	      0.38145623	      0.55850291	     22.89886909	     10.03315370	     -7.50000667	     17.03271429	     -5.68673399	    -19.25221036	     40.57735990	     -5.60650447	      0.70820853	     10.62637356	     -6.08953447	     -7.50000667	    -19.96761604	      1.96507377	     -1.69745921	      6.68190712	    -15.79917638	     11.60164481	     44.52999658	     90.00000001	      0.00000000	      0.00000000	    -13.26131822	     -9.33677966	     -4.97776078	     60.78760409	     90.00000001	      0.00000000	      0.00000000
      7.77000000	      6.77803788	     -1.84155603	     -5.84864740	      0.37991353	      0.92770307	      0.23578287	     -2.67540129	     -7.13779095	    -21.12714215	     31.54553022	      0.15827652	      0.55057337	     23.12396438	     11.82042966	     -7.50000629	     16.69758008	     -5.66846306	    -20.21413068	     40.27771652	     -5.69306523	      0.70297877	     11.18603588	     -4.60969830	     -7.50000629	    -19.69894110	      1.75724620	     -1.54955264	      6.41276896	    -15.88488230	     11.67662925	     45.09998800	     90.00000001	      0.00000000	      0.00000000	    -13.25086938	     -9.24488720	     -5.22676289	     60.37253158	     90.00000001	      0.00000000	      0.00000000
      7.78000000	      6.63794871	     -1.72789454	     -6.08786318	      0.38324824	      0.92818913	      0.23404162	     -2.94453736	     -7.44011476	    -21.25089252	     31.04701273	      0.22334191	      0.54187260	     22.96344821	     12.00433837	     -7.50000624	     16.37943279	     -5.51479502	    -20.55353420	     39.93833474	     -5.53060455	      0.69705544	     11.32425870	     -4.59869721	     -7.50000624	    -19.44583481	      1.53911788	     -1.41184505	      6.33371764	    -15.79201910	     11.74182756	     45.16175920	     90.00000001	      0.00000000	      0.00000000	    -13.40256513	     -9.26642515	     -5.26854001	     60.19979524	     90.00000001	      0.00000000	      0.00000000
      7.79000000	      6.60072110	     -1.62754940	     -6.32906040	      0.38655014	      0.92878002	      0.23225065	     -3.32431783	     -7.77371564	    -21.46330673	     30.55570816	      0.31445578	      0.53329771	     22.70102945	     12.47028003	     -7.50000616	     15.94692423	     -5.36139831	    -20.95488066	     39.59125539	     -5.39134067	      0.69099776	     11.46317759	     -4.43806076	     -7.50000616	    -19.32582679	      1.33965617	     -1.26924491	      6.25984004	    -15.75959484	     11.84976148	     45.35801794	     90.00000001	      0.00000000	      0.00000000	    -13.43292459	     -9.23747737	     -5.35725475	     59.81497167	     90.00000001	      0.00000000	      0.00000000
      7.80000000	      6.40300577	     -1.56139324	     -6.56117572	      0.38965330	      0.92906077	      0.23046849	     -3.41556743	     -8.01060043	    -21.62315301	     30.24277202	      0.31658244	      0.52783595	     22.63416123	     12.58303017	     -7.50000614	     15.77929195	     -5.27228155	    -21.18314590	     39.41069641	     -5.17017759	      0.68784641	     11.54817112	     -4.39791933	     -7.50000614	    -19.05418711	      1.20718250	     -1.11701229	      6.21075329	    -15.66561078	     11.92044921	     45.45291704	     90.00000001	      0.00000000	      0.00000000	    -13.57829663	     -9.24267899	     -5.40033118	     59.62618305	     90.00000001	      0.00000000	      0.00000000
      7.81000000	      6.23952544	     -1.54011376	     -6.79012786	      0.39257936	      0.92932407	      0.22868990	     -3.49353405	     -8.19456430	    -21.74737414	     30.02450386	      0.34612487	      0.52402645	     22.57087065	     12.63571221	     -7.50000612	     15.61820724	     -5.16808649	    -21.31341584	     39.28186774	     -5.04295150	      0.68559793	     11.61052082	     -4.37973587	     -7.50000612	    -18.86099509	      1.11352233	     -0.93000241	      6.24284318	    -15.56350108	     11.97668001	     45.54443674	     90.00000001	      0.00000000	      0.00000000	    -13.70708973	     -9.25224422	     -5.43063655	     59.47876413	     90.00000001	      0.00000000	      0.00000000
      7.82000000	      6.35608946	     -1.37432742	     -6.99494058	      0.39579953	      0.93004293	      0.22674264	     -3.97486047	     -8.63799734	    -22.01458803	     29.62472290	      0.44837664	      0.51704895	     22.09029298	     13.34959582	     -7.50000602	     14.99661631	     -4.79116620	    -21.72107899	     38.76052127	     -5.03830373	      0.67649872	     11.87383372	     -4.13081215	     -7.50000602	    -18.92337609	      0.85786811	     -0.81432350	      6.09385795	    -15.64202733	     12.34967580	     45.99814413	     90.00000001	      0.00000000	      0.00000000	    -13.47065658	     -9.13549511	     -5.63631779	     58.48865226	     90.00000001	      0.00000000	      0.00000000
      7.83000000	      6.17608557	     -1.38513203	     -7.21763079	      0.39854201	      0.93021684	      0.22497459	     -3.95580907	     -8.74909020	    -22.11794313	     29.49964897	      0.40488312	      0.51486600	     22.07518088	     13.35072827	     -7.50000601	     14.90983085	     -4.69689108	    -21.80271117	     38.67566047	     -4.94232869	      0.67501762	     11.92399500	     -4.10574217	     -7.50000601	    -18.74746146	      0.81547689	     -0.62660307	      6.12540110	    -15.51492525	     12.43204686	     46.09714386	     90.00000001	      0.00000000	      0.00000000	    -13.61590131	     -9.15443598	     -5.67112186	     58.34956490	     90.00000001	      0.00000000	      0.00000000
      7.84000000	      6.09968968	     -1.29308969	     -7.43201884	      0.40143953	      0.93055557	      0.22309801	     -4.01003727	     -9.02040474	    -22.34959101	     29.43779306	      0.32066700	      0.51378641	     21.83421986	     13.70060400	     -7.50000577	     14.61706131	     -4.41525092	    -22.14795276	     38.33893906	     -5.01272770	      0.66914072	     12.21783547	     -3.72352757	     -7.50000577	    -18.64141267	      0.67595438	     -0.47676998	      5.87810453	    -15.79809357	     13.50104263	     46.80444296	     90.00000001	      0.00000000	      0.00000000	    -13.31476098	     -8.96763422	     -6.07715254	     56.98259528	     90.00000001	      0.00000000	      0.00000000
      7.85000000	      5.96108434	     -1.32107325	     -7.61853602	      0.40398264	      0.93072375	      0.22129039	     -3.97328109	     -9.10364636	    -22.40772854	     29.40478112	      0.29408038	      0.51321025	     21.79833494	     13.65439296	     -7.50000576	     14.51843467	     -4.31231988	    -22.20079772	     38.27207944	     -4.94177637	      0.66797380	     12.25906662	     -3.72052791	     -7.50000576	    -18.54101925	      0.65990715	     -0.31962679	      6.02271619	    -15.68475402	     13.56105379	     46.90032547	     90.00000001	      0.00000000	      0.00000000	    -13.39664778	     -8.96704514	     -6.08761689	     56.92246935	     90.00000001	      0.00000000	      0.00000000
      7.86000000	      5.87288691	     -1.23384638	     -7.86568126	      0.40650926	      0.93099967	      0.21941981	     -3.86380016	     -9.34345104	    -22.20398362	     29.57595192	      0.32837276	      0.51619774	     21.34438523	     12.78359143	     -7.50000536	     14.27088778	     -3.99581754	    -22.42745922	     37.92870624	     -4.99382491	      0.66198080	     12.49482076	     -3.65705773	     -7.50000536	    -18.47004664	      0.52141966	     -0.25124615	      6.14037223	    -16.03228041	     15.08112027	     47.33929899	     90.00000001	      0.00000000	      0.00000000	    -13.23010785	     -8.80665996	     -6.47777368	     55.95024494	     90.00000001	      0.00000000	      0.00000000
      7.87000000	      5.76456365	     -1.20377619	     -8.06146446	      0.40893378	      0.93118942	      0.21767475	     -3.71293110	     -9.48971793	    -22.27199398	     29.77300510	      0.21417703	      0.51963697	     21.16317112	     12.57479735	     -7.50000531	     14.10012625	     -3.80501076	    -22.55986108	     37.72083810	     -4.94692904	      0.65835282	     12.60397241	     -3.69555873	     -7.50000531	    -18.41409834	      0.43164197	     -0.15321531	      6.24829874	    -15.86315680	     15.25433115	     47.42585978	     90.00000001	      0.00000000	      0.00000000	    -13.33413806	     -8.82691941	     -6.50348527	     55.71455738	     90.00000001	      0.00000000	      0.00000000
      7.88000000	      5.65709434	     -1.26815892	     -8.22675303	      0.41123914	      0.93138002	      0.21596527	     -3.60769204	     -9.50975838	    -22.29455540	     29.88755026	      0.15850968	      0.52163616	     21.09021709	     12.48224053	     -7.50000530	     13.98094383	     -3.72720719	    -22.59481136	     37.64119808	     -4.91351003	      0.65696284	     12.63783583	     -3.69569851	     -7.50000530	    -18.38757644	      0.44470676	     -0.00253997	      6.35451084	    -15.68477905	     15.33835436	     47.50627238	     90.00000001	      0.00000000	      0.00000000	    -13.44588707	     -8.85009895	     -6.51685936	     55.58814465	     90.00000001	      0.00000000	      0.00000000
      7.89000000	      5.57186825	     -1.28735643	     -8.43935727	      0.41342607	      0.93163432	      0.21432683	     -3.36815844	     -9.56927243	    -22.29623824	     30.24739751	     -0.04425515	      0.52791668	     20.90020470	     12.25954179	     -7.50000528	     13.77048911	     -3.60912010	    -22.74264202	     37.39317210	     -4.83264907	      0.65263397	     12.74505778	     -3.72540920	     -7.50000528	    -18.39479587	      0.40445435	      0.07759961	      6.54106760	    -15.46853969	     15.48540449	     47.61755298	     90.00000001	      0.00000000	      0.00000000	    -13.56244217	     -8.88281901	     -6.53249246	     55.31226565	     90.00000001	      0.00000000	      0.00000000
      7.90000000	      5.35958146	     -1.20662944	     -8.68474967	      0.41542241	      0.93173037	      0.21248126	     -2.87718483	     -9.74786299	    -21.59808007	     30.79406506	      0.09199001	      0.53745783	     20.07993657	      9.84079965	     -7.50000498	     13.74826913	     -3.35890165	    -23.02349754	     37.15484196	     -4.90307355	      0.64847433	     12.89022686	     -3.62563678	     -7.50000498	    -18.22638800	      0.30250442	      0.19984800	      6.87090833	    -15.79110442	     17.13327141	     47.55435352	     90.00000001	      0.00000000	      0.00000000	    -13.02852911	     -8.67930952	     -6.80396275	     53.51652950	     90.00000001	      0.00000000	      0.00000000
      7.91000000	      5.27676909	     -1.27649091	     -8.84334312	      0.41744958	      0.93198858	      0.21087312	     -2.60064735	     -9.74756842	    -21.58601283	     31.23433495	     -0.09471018	      0.54514198	     19.89764943	      9.70399734	     -7.50000496	     13.54492779	     -3.31818960	    -23.13614226	     36.93332953	     -4.80566331	      0.64460820	     12.96549434	     -3.63000638	     -7.50000496	    -18.25614591	      0.31675486	      0.22234876	      7.02385243	    -15.56525462	     17.23629358	     47.67772429	     90.00000001	      0.00000000	      0.00000000	    -13.16232425	     -8.75545469	     -6.83874601	     53.41348390	     90.00000001	      0.00000000	      0.00000000
      7.92000000	      5.11370926	     -1.16037690	     -9.02250714	      0.41939004	      0.93205218	      0.20916134	     -2.06047372	    -10.05696308	    -21.64310779	     32.01525815	     -0.25564905	      0.55877167	     19.41361260	      9.03789645	     -7.50000489	     13.46595528	     -3.04200147	    -23.35476367	     36.65450746	     -4.82801945	      0.63974184	     13.10708126	     -3.56027496	     -7.50000489	    -18.15036508	      0.13415042	      0.26976108	      7.23203031	    -15.44725786	     17.61721491	     47.69051947	     90.00000001	      0.00000000	      0.00000000	    -13.16497063	     -8.77096787	     -6.89571246	     53.00013360	     90.00000001	      0.00000000	      0.00000000
      7.93000000	      5.06242207	     -1.27928625	     -9.21419820	      0.42118818	      0.93242485	      0.20764363	     -1.75437831	     -9.99011793	    -21.52690376	     32.49743494	     -0.48763176	      0.56718724	     19.22403798	      8.86765055	     -7.50000487	     13.21105044	     -3.09344105	    -23.48270248	     36.42934344	     -4.68290294	      0.63581199	     13.15471169	     -3.53964727	     -7.50000487	    -18.25660688	      0.18815292	      0.31810520	      7.46895019	    -15.20367953	     17.75465660	     47.79543892	     90.00000001	      0.00000000	      0.00000000	    -13.28391356	     -8.82983858	     -6.91980123	     52.79384744	     90.00000001	      0.00000000	      0.00000000
      7.94000000	      4.99667434	     -1.31560780	     -9.40340577	      0.42294066	      0.93273760	      0.20610053	     -1.30768473	    -10.05720162	    -21.44142938	     33.21639352	     -0.76335625	      0.57973543	     18.88479412	      8.57888474	     -7.50000485	     12.95186342	     -3.06651661	    -23.67989201	     36.13279891	     -4.51061235	      0.63063631	     13.24309713	     -3.49156046	     -7.50000485	    -18.32064713	      0.15272296	      0.32800814	      7.72914091	    -15.00610962	     17.92988533	     47.86300985	     90.00000001	      0.00000000	      0.00000000	    -13.35735107	     -8.87726128	     -6.93811945	     52.50702447	     90.00000001	      0.00000000	      0.00000000
      7.95000000	      4.69263324	     -1.15958767	     -9.64060093	      0.42455817	      0.93273325	      0.20439203	     -0.44989967	    -10.38766506	    -21.03638256	     34.14787148	     -0.79396628	      0.59599279	     17.90866418	      6.83800559	     -7.50000472	     13.04224954	     -2.80864754	    -24.07658148	     35.86041532	     -4.56811620	      0.62588232	     13.38276825	     -3.01211212	     -7.50000472	    -18.06553583	     -0.03707445	      0.37851869	      8.13577641	    -15.03702348	     18.91583512	     47.52730554	     90.00000001	      0.00000000	      0.00000000	    -13.11150502	     -8.80954278	     -7.02774331	     51.30341886	     90.00000001	      0.00000000	      0.00000000
      7.96000000	      4.57200031	     -1.23005113	     -9.78865522	      0.42615948	      0.93309116	      0.20286908	      0.06289721	    -10.36227692	    -20.36673142	     34.89097502	     -0.78335898	      0.60896239	     17.09469774	      5.18891183	     -7.50000450	     12.85932124	     -2.86734169	    -24.46142600	     35.56517536	     -4.48754887	      0.62072941	     13.57914194	     -2.47392942	     -7.50000450	    -18.06396339	     -0.02427063	      0.36203314	      8.45593109	    -15.02337408	     19.91504641	     47.43495853	     90.00000001	      0.00000000	      0.00000000	    -13.01177290	     -8.78025403	     -7.26514239	     50.64415444	     90.00000001	      0.00000000	      0.00000000
      7.97000000	      4.56047801	     -1.39045917	     -9.86400349	      0.42781045	      0.93360660	      0.20140214	      0.40748956	    -10.26747143	    -20.19966988	     35.55005372	     -1.03106533	      0.62046549	     16.85684325	      5.16300895	     -7.50000449	     12.52051751	     -3.00968024	    -24.60077217	     35.27284157	     -4.27334281	      0.61562722	     13.62425917	     -2.45118208	     -7.50000449	    -18.20997884	      0.08015914	      0.30837010	      8.62496611	    -14.76739630	     19.98964216	     47.55362595	     90.00000001	      0.00000000	      0.00000000	    -13.10899413	     -8.87016011	     -7.29175287	     50.53931719	     90.00000001	      0.00000000	      0.00000000
      7.98000000	      4.41818954	     -1.22167318	    -10.08277857	      0.42939327	      0.93381719	      0.19985123	      1.20380473	    -10.70078485	    -20.13820680	     36.69145060	     -1.27925565	      0.64038662	     16.01146309	      4.77052029	     -7.50000444	     12.32365661	     -2.74106251	    -24.87059828	     34.82972020	     -4.11839480	      0.60789330	     13.74886597	     -2.20625846	     -7.50000444	    -18.12596753	     -0.18475421	      0.33923442	      8.88439951	    -14.62476959	     20.21340172	     47.56564184	     90.00000001	      0.00000000	      0.00000000	    -13.16601187	     -8.91159307	     -7.31814669	     50.21009079	     90.00000001	      0.00000000	      0.00000000
      7.99000000	      4.39926931	     -1.41479424	    -10.11433835	      0.43094277	      0.93438421	      0.19840404	      1.58964089	    -10.55508593	    -19.89615541	     37.41311109	     -1.54066084	      0.65298197	     15.71212661	      4.71004683	     -7.50000443	     11.99157073	     -2.94810337	    -25.03209914	     34.53581155	     -3.89258674	      0.60276362	     13.76740418	     -2.13765520	     -7.50000443	    -18.27657511	     -0.04363447	      0.19452809	      9.05028265	    -14.40781530	     20.29406882	     47.65051923	     90.00000001	      0.00000000	      0.00000000	    -13.24130985	     -8.99915830	     -7.33626005	     50.05797980	     90.00000001	      0.00000000	      0.00000000
      8.00000000	      4.18668698	     -1.33207156	    -10.37586212	      0.43236313	      0.93463804	      0.19694574	      2.49737894	    -10.78321254	    -18.94947772	     38.54978655	     -1.44700814	      0.67282070	     14.14260437	      2.44456650	     -7.50000419	     11.87882169	     -2.89355281	    -25.75496323	     34.14456619	     -3.85403895	      0.59593510	     14.04696688	     -0.87954826	     -7.50000419	    -18.12430963	     -0.18992905	      0.23582373	      9.52064439	    -14.37568427	     21.20489326	     47.33587974	     90.00000001	      0.00000000	      0.00000000	    -13.08114927	     -8.96422763	     -7.44703558	     49.01281191	     90.00000001	      0.00000000	      0.00000000
      8.01000000	      4.12899092	     -1.35801425	    -10.47127977	      0.43388836	      0.93509947	      0.19547838	      3.11918067	    -10.93970215	    -18.68732987	     39.57386116	     -1.64115666	      0.69069417	     13.41774314	      2.29123740	     -7.50000413	     11.56963662	     -2.86765449	    -25.95295302	     33.73602860	     -3.66042632	      0.58880478	     14.10557927	     -0.65723007	     -7.50000413	    -18.17124363	     -0.23166760	      0.15521158	      9.68889873	    -14.21579722	     21.30926886	     47.46188748	     90.00000001	      0.00000000	      0.00000000	    -13.17752420	     -9.02362318	     -7.48863715	     48.91067544	     90.00000001	      0.00000000	      0.00000000
      8.02000000	      4.12461178	     -1.48202424	    -10.54952507	      0.43541724	      0.93566236	      0.19412433	      3.64440093	    -10.94177470	    -18.37652583	     40.52477457	     -1.88482522	      0.70729074	     12.85626844	      2.20481940	     -7.50000410	     11.18292091	     -3.01119769	    -26.15021021	     33.39212378	     -3.36090125	      0.58280250	     14.13281865	     -0.49504536	     -7.50000410	    -18.28809489	     -0.18102866	      0.06386086	      9.90564166	    -14.02923534	     21.36841390	     47.58391730	     90.00000001	      0.00000000	      0.00000000	    -13.29095481	     -9.09657245	     -7.50550839	     48.76528892	     90.00000001	      0.00000000	      0.00000000
      8.03000000	      3.98351890	     -1.46963401	    -10.62783972	      0.43689257	      0.93604418	      0.19267956	      4.41342831	    -11.12610697	    -17.74006944	     41.62902463	     -1.84560887	      0.72656354	     11.51316602	      1.18795873	     -7.50000399	     11.00079621	     -2.95612905	    -26.57250753	     32.96723712	     -3.33097901	      0.57538683	     14.21561966	      0.25269361	     -7.50000399	    -18.21988794	     -0.25206326	     -0.00776527	     10.05518467	    -13.89784109	     21.62949056	     47.59443995	     90.00000001	      0.00000000	      0.00000000	    -13.29471007	     -9.16390869	     -7.53560301	     48.39402672	     90.00000001	      0.00000000	      0.00000000
      8.04000000	      4.01939651	     -1.71306214	    -10.58652957	      0.43843492	      0.93672052	      0.19133603	      4.80191007	    -10.96992208	    -17.42089691	     42.48946658	     -2.02690865	      0.74158109	     11.14248032	      1.17744985	     -7.50000398	     10.60301197	     -3.21377901	    -26.68957910	     32.68924535	     -3.09051365	      0.57053496	     14.23789341	      0.35400998	     -7.50000398	    -18.39641773	     -0.04986574	     -0.17436518	     10.16599877	    -13.74353694	     21.65479107	     47.69309513	     90.00000001	      0.00000000	      0.00000000	    -13.37017148	     -9.26602852	     -7.55618125	     48.30622390	     90.00000001	      0.00000000	      0.00000000
      8.05000000	      4.02925492	     -1.73530808	    -10.71265589	      0.43992305	      0.93725194	      0.19004410	      5.45623502	    -11.14778035	    -16.94161033	     43.61518877	     -2.15787839	      0.76122865	     10.23478594	      1.01453220	     -7.50000395	     10.17553899	     -3.23012438	    -26.92645813	     32.26774302	     -2.74709804	      0.56317836	     14.30484073	      0.64417676	     -7.50000395	    -18.50407100	     -0.12795836	     -0.22408102	     10.42367816	    -13.59569777	     21.70291566	     47.83316966	     90.00000001	      0.00000000	      0.00000000	    -13.48588915	     -9.32126637	     -7.56470893	     48.14882966	     90.00000001	      0.00000000	      0.00000000
      8.06000000	      3.88779343	     -1.82495104	    -10.78636226	      0.44133177	      0.93770161	      0.18868818	      6.15813963	    -11.11436739	    -15.20544403	     44.63999073	     -1.38852091	      0.77911482	      8.10017042	     -2.38580170	     -7.50000368	     10.04224057	     -3.33879654	    -27.76622090	     31.94598990	     -2.93668133	      0.55756271	     14.70353796	      2.54073848	     -7.50000368	    -18.42644689	     -0.06765882	     -0.24456446	     10.49249935	    -13.61133479	     22.11419843	     47.96607356	     90.00000001	      0.00000000	      0.00000000	    -13.38619036	     -9.36032770	     -7.62677819	     47.71771071	     90.00000001	      0.00000000	      0.00000000
      8.07000000	      3.93738481	     -2.07284546	    -10.71244690	      0.44292559	      0.93834944	      0.18748188	      6.54579694	    -10.97655044	    -14.90433665	     45.51449127	     -1.48006130	      0.79437773	      7.69081442	     -2.27047507	     -7.50000367	      9.65278201	     -3.56852813	    -27.81505390	     31.69562905	     -2.74980858	      0.55319309	     14.69707837	      2.61789224	     -7.50000367	    -18.59086523	      0.13260510	     -0.38943563	     10.57295777	    -13.47580612	     22.11908163	     48.06757600	     90.00000001	      0.00000000	      0.00000000	    -13.49460729	     -9.47231445	     -7.65217118	     47.65202287	     90.00000001	      0.00000000	      0.00000000
      8.08000000	      3.91864753	     -2.04588139	    -10.73857537	      0.44451363	      0.93881190	      0.18615974	      7.16649825	    -11.21513125	    -14.24179815	     46.53355901	     -1.32355272	      0.81216382	      6.51314741	     -2.40643859	     -7.50000362	      9.32579983	     -3.44311737	    -27.98851172	     31.25766610	     -2.58673327	      0.54554919	     14.74635073	      2.98645088	     -7.50000362	    -18.60240480	      0.03170697	     -0.49440282	     10.63052741	    -13.39018236	     22.14735808	     48.21035827	     90.00000001	      0.00000000	      0.00000000	    -13.55047893	     -9.56148905	     -7.67260176	     47.59735739	     90.00000001	      0.00000000	      0.00000000
      8.09000000	      3.88705371	     -2.24366293	    -10.73371250	      0.44597478	      0.93934260	      0.18499421	      7.65592672	    -11.04193227	    -12.83243777	     47.36632564	     -0.67244829	      0.82669834	      5.02584976	     -4.79317207	     -7.50000341	      9.08758085	     -3.67688324	    -28.51392778	     31.06325400	     -2.60401299	      0.54215606	     14.96704147	      4.18097751	     -7.50000341	    -18.66256062	      0.18329233	     -0.54062263	     10.65012447	    -13.40379576	     22.23462787	     48.51473678	     90.00000001	      0.00000000	      0.00000000	    -13.56427588	     -9.62461498	     -7.67590817	     47.48918036	     90.00000001	      0.00000000	      0.00000000
      8.10000000	      3.95309337	     -2.43183608	    -10.64841045	      0.44759376	      0.93991935	      0.18387843	      8.01253417	    -10.96162805	    -12.43934118	     48.13206819	     -0.63563627	      0.84006307	      4.55055400	     -4.67198377	     -7.50000339	      8.71977658	     -3.82848652	    -28.53367610	     30.84060841	     -2.41416417	      0.53827016	     15.00161265	      4.28777463	     -7.50000339	    -18.79859886	      0.30877259	     -0.68745474	     10.71722250	    -13.31547416	     22.22418927	     48.61417098	     90.00000001	      0.00000000	      0.00000000	    -13.62256778	     -9.72528015	     -7.69263855	     47.45833253	     90.00000001	      0.00000000	      0.00000000
      8.11000000	      4.00671773	     -2.65653715	    -10.51658533	      0.44923191	      0.94045748	      0.18274195	      8.31974744	    -10.84516173	    -12.09320270	     48.78203254	     -0.53543112	      0.85140708	      4.15166111	     -4.58434693	     -7.50000337	      8.41735391	     -3.98008380	    -28.50074392	     30.66322751	     -2.34756901	      0.53517428	     15.01963520	      4.39164989	     -7.50000337	    -18.92069606	      0.49891767	     -0.81221727	     10.71291725	    -13.23741037	     22.21633895	     48.69675038	     90.00000001	      0.00000000	      0.00000000	    -13.66435362	     -9.85265744	     -7.71808992	     47.44834583	     90.00000001	      0.00000000	      0.00000000
      8.12000000	      4.03095236	     -2.72042304	    -10.50810244	      0.45077646	      0.94093062	      0.18160160	      8.73860650	    -10.90484889	    -10.90661093	     49.43060089	      0.15642427	      0.86272674	      2.96754836	     -5.44871165	     -7.50000328	      8.12157750	     -3.92978102	    -28.65798374	     30.35124771	     -2.32313958	      0.52972920	     15.19283252	      4.99081824	     -7.50000328	    -18.97574507	      0.49695541	     -0.86182241	     10.68637014	    -13.24653610	     22.20417939	     48.93121430	     90.00000001	      0.00000000	      0.00000000	    -13.69342193	     -9.93282770	     -7.71873363	     47.51346714	     90.00000001	      0.00000000	      0.00000000
      8.13000000	      4.07177113	     -2.94186772	    -10.42836437	      0.45232942	      0.94142947	      0.18064748	      9.00899354	    -10.70655827	     -9.89576564	     49.88044552	      0.75580778	      0.87057801	      2.15365034	     -6.77095852	     -7.50000316	      7.86931055	     -4.12420243	    -28.82777960	     30.24987137	     -2.31072519	      0.52795985	     15.40077282	      5.56621558	     -7.50000316	    -19.09307987	      0.66135348	     -0.90248611	     10.60652654	    -13.22896678	     22.20059992	     49.14307883	     90.00000001	      0.00000000	      0.00000000	    -13.71883181	    -10.04688283	     -7.70782675	     47.57646219	     90.00000001	      0.00000000	      0.00000000
      8.14000000	      4.12637434	     -3.18247465	    -10.25309375	      0.45398816	      0.94185793	      0.17968222	      9.22560126	    -10.52110851	     -9.73184498	     50.23974170	      0.83668534	      0.87684891	      2.01744887	     -6.68479790	     -7.50000314	      7.64854886	     -4.29524564	    -28.74887695	     30.19765264	     -2.31373821	      0.52704846	     15.39786416	      5.59842137	     -7.50000314	    -19.18440370	      0.86604688	     -1.01036443	     10.57818605	    -13.20539987	     22.17888350	     49.18547319	     90.00000001	      0.00000000	      0.00000000	    -13.71953616	    -10.18247543	     -7.73451950	     47.59132395	     90.00000001	      0.00000000	      0.00000000
      8.15000000	      4.18695437	     -3.38054406	    -10.10038444	      0.45563330	      0.94225228	      0.17876059	      9.42979051	    -10.36713703	     -9.52143134	     50.49008527	      0.94275406	      0.88121823	      1.87260386	     -6.58677992	     -7.50000313	      7.43281433	     -4.41936782	    -28.67423271	     30.14659805	     -2.30205758	      0.52615739	     15.42267745	      5.62958926	     -7.50000313	    -19.27394031	      1.01700566	     -1.11503948	     10.52468853	    -13.18248992	     22.16106527	     49.22006079	     90.00000001	      0.00000000	      0.00000000	    -13.70351709	    -10.29676003	     -7.75547081	     47.62244478	     90.00000001	      0.00000000	      0.00000000
      8.16000000	      4.31959142	     -3.56931382	    -10.07062755	      0.45721193	      0.94274235	      0.17794990	      9.54631761	    -10.23740685	     -8.67947492	     50.60256378	      1.53477253	      0.88318135	      1.42773289	     -6.69418934	     -7.50000308	      7.06106769	     -4.50651732	    -28.59876480	     29.97780788	     -2.20294923	      0.52321145	     15.70753486	      5.76902084	     -7.50000308	    -19.45278683	      1.12311482	     -1.06442547	     10.51285183	    -13.17126681	     22.10929928	     49.31384212	     90.00000001	      0.00000000	      0.00000000	    -13.73083494	    -10.39235319	     -7.75867454	     47.75365275	     90.00000001	      0.00000000	      0.00000000
      8.17000000	      4.36128923	     -3.73973095	     -9.91747740	      0.45883098	      0.94302106	      0.17713348	      9.74507001	    -10.09761192	     -8.59890203	     50.65527320	      1.63070748	      0.88410130	      1.40766689	     -6.65377593	     -7.50000307	      6.92439758	     -4.59010396	    -28.50751463	     29.99020222	     -2.26701845	      0.52342777	     15.70584415	      5.78312004	     -7.50000307	    -19.50506206	      1.24514771	     -1.13977697	     10.43008408	    -13.16551737	     22.09150091	     49.32917465	     90.00000001	      0.00000000	      0.00000000	    -13.69759493	    -10.51096781	     -7.78171276	     47.80183538	     90.00000001	      0.00000000	      0.00000000
      8.18000000	      4.43281794	     -3.99846178	     -9.85508370	      0.46035053	      0.94338280	      0.17648116	      9.83574394	     -9.78408526	     -7.68322873	     50.49304102	      2.31651670	      0.88126982	      1.10501266	     -7.70462078	     -7.50000290	      6.70333045	     -4.79243530	    -28.43327643	     29.98055217	     -2.24971855	      0.52325935	     15.96470182	      5.90949581	     -7.50000290	    -19.61986713	      1.43860216	     -1.06657345	     10.34766153	    -13.13739860	     21.87601670	     49.39278316	     90.00000001	      0.00000000	      0.00000000	    -13.78784597	    -10.64737361	     -7.69124876	     48.18233619	     90.00000001	      0.00000000	      0.00000000
      8.19000000	      4.46828142	     -4.11061134	     -9.75488318	      0.46188863	      0.94352265	      0.17577351	     10.07608087	     -9.70793083	     -7.68250267	     50.42027750	      2.38835001	      0.87999985	      1.11702793	     -7.56978085	     -7.50000289	      6.61006451	     -4.81474158	    -28.29379195	     30.04537249	     -2.28813613	      0.52439067	     15.94003988	      5.91761398	     -7.50000289	    -19.65797258	      1.48922657	     -1.09108579	     10.28450604	    -13.13435163	     21.85162990	     49.41763880	     90.00000001	      0.00000000	      0.00000000	    -13.75649868	    -10.72300015	     -7.70069603	     48.23331027	     90.00000001	      0.00000000	      0.00000000
      8.20000000	      4.60838744	     -4.42740391	     -9.63599735	      0.46353197	      0.94396514	      0.17522483	      9.97386747	     -9.31457957	     -7.47885479	     49.88443380	      2.61592421	      0.87064762	      1.32256772	     -7.34242919	     -7.50000285	      6.30291122	     -5.04998105	    -28.13826930	     30.01534210	     -2.29889168	      0.52386655	     16.19195141	      5.76585466	     -7.50000285	    -19.82569983	      1.74713717	     -1.00326223	     10.19546593	    -13.14646853	     21.78695829	     49.29436718	     90.00000001	      0.00000000	      0.00000000	    -13.70053976	    -10.84692319	     -7.71438969	     48.35654677	     90.00000001	      0.00000000	      0.00000000
      8.21000000	      4.68038928	     -4.61550437	     -9.53938687	      0.46509254	      0.94417817	      0.17466755	     10.05106505	     -9.08684888	     -7.46109868	     49.43233680	      2.72936619	      0.86275703	      1.53592749	     -7.14427220	     -7.50000281	      6.13919337	     -5.13403408	    -27.95578949	     30.03900045	     -2.35688526	      0.52427946	     16.30738042	      5.66188336	     -7.50000281	    -19.90300913	      1.87252322	     -0.95227580	     10.09951800	    -13.13379218	     21.71939449	     49.18949140	     90.00000001	      0.00000000	      0.00000000	    -13.67434405	    -10.93907737	     -7.72081427	     48.48697641	     90.00000001	      0.00000000	      0.00000000
      8.22000000	      4.77616978	     -4.82142360	     -9.45493072	      0.46665874	      0.94441975	      0.17421534	     10.07894971	     -8.82939023	     -7.51111211	     48.87091269	      2.81528607	      0.85295833	      1.83718276	     -6.86241015	     -7.50000277	      5.93296738	     -5.26465576	    -27.76382988	     30.07890700	     -2.35103766	      0.52497596	     16.44198767	      5.50523285	     -7.50000277	    -20.00473962	      2.01034058	     -0.87799317	     10.03380998	    -13.10448656	     21.60807069	     49.01335768	     90.00000001	      0.00000000	      0.00000000	    -13.65742363	    -11.03673012	     -7.72572251	     48.66062226	     90.00000001	      0.00000000	      0.00000000
      8.23000000	      4.84628483	     -4.99348892	     -9.37591480	      0.46820016	      0.94458485	      0.17384024	     10.14206030	     -8.59247357	     -7.65174499	     48.24050372	      2.85311355	      0.84195562	      2.14262304	     -6.55791671	     -7.50000272	      5.76217158	     -5.36171655	    -27.59950758	     30.10286488	     -2.36999933	      0.52539411	     16.54715012	      5.35209964	     -7.50000272	    -20.06769570	      2.09268904	     -0.81076211	      9.95957173	    -13.08015974	     21.48606903	     48.80517068	     90.00000001	      0.00000000	      0.00000000	    -13.63538762	    -11.12455217	     -7.73254619	     48.83408203	     90.00000001	      0.00000000	      0.00000000
      8.24000000	      4.86182816	     -5.07677818	     -9.34634513	      0.46972147	      0.94462041	      0.17342573	     10.32456735	     -8.46245675	     -7.79830930	     47.60098504	      2.89106306	      0.83079392	      2.33864575	     -6.41293802	     -7.50000271	      5.66888628	     -5.32683218	    -27.50442552	     30.10921932	     -2.48407256	      0.52550501	     16.60806302	      5.27984676	     -7.50000271	    -20.05041479	      2.11933339	     -0.71179869	      9.81958260	    -13.06255335	     21.45026663	     48.68086729	     90.00000001	      0.00000000	      0.00000000	    -13.61834448	    -11.20638803	     -7.75370771	     48.93038703	     90.00000001	      0.00000000	      0.00000000
      8.25000000	      4.98889823	     -5.34017120	     -9.28501673	      0.47122170	      0.94485873	      0.17312351	     10.26131942	     -8.09782306	     -8.06782904	     46.75078574	      2.87189482	      0.81595514	      2.77914457	     -5.97333044	     -7.50000266	      5.41951526	     -5.54011405	    -27.29788790	     30.17096603	     -2.44521138	      0.52658270	     16.74343460	      5.10061347	     -7.50000266	    -20.19971480	      2.31526810	     -0.57229835	      9.80631890	    -13.02638705	     21.26964820	     48.34140072	     90.00000001	      0.00000000	      0.00000000	    -13.59523410	    -11.24467886	     -7.75756864	     49.14712449	     90.00000001	      0.00000000	      0.00000000
      8.26000000	      4.98690347	     -5.37183736	     -9.30908661	      0.47269876	      0.94481287	      0.17285426	     10.50311318	     -8.03194984	     -8.30031036	     46.06001164	      2.90760994	      0.80389886	      2.96775506	     -5.84274171	     -7.50000265	      5.32856196	     -5.46841624	    -27.25622305	     30.15766985	     -2.53290966	      0.52635063	     16.80376277	      5.03541406	     -7.50000265	    -20.15785515	      2.26100059	     -0.44550159	      9.68274269	    -12.99626353	     21.23604072	     48.20629193	     90.00000001	      0.00000000	      0.00000000	    -13.60996773	    -11.30703840	     -7.78021976	     49.22219154	     90.00000001	      0.00000000	      0.00000000
      8.27000000	      5.12838195	     -5.63313298	     -9.25358013	      0.47423088	      0.94507657	      0.17262784	     10.40261138	     -7.64963060	     -8.75516236	     45.06181753	      2.76990691	      0.78647708	      3.46961911	     -5.16337463	     -7.50000260	      5.03770896	     -5.68791536	    -27.05358776	     30.20623678	     -2.46655303	      0.52719829	     16.93228272	      4.83492137	     -7.50000260	    -20.31681578	      2.46458935	     -0.30398720	      9.68542072	    -12.89921211	     20.96660120	     47.68150205	     90.00000001	      0.00000000	      0.00000000	    -13.61395283	    -11.31489052	     -7.79435840	     49.47095916	     90.00000001	      0.00000000	      0.00000000
      8.28000000	      5.10925109	     -5.62834083	     -9.32557929	      0.47563703	      0.94496593	      0.17248718	     10.70781345	     -7.62682326	     -9.04651993	     44.36746709	      2.83870389	      0.77435838	      3.63460202	     -5.05118680	     -7.50000259	      4.95578525	     -5.58728316	    -27.04648907	     30.17242319	     -2.54928916	      0.52660813	     16.98389362	      4.78092543	     -7.50000259	    -20.25440906	      2.35995261	     -0.14970939	      9.59193550	    -12.87719760	     20.93274155	     47.55927837	     90.00000001	      0.00000000	      0.00000000	    -13.64712496	    -11.34582824	     -7.81323547	     49.52553842	     90.00000001	      0.00000000	      0.00000000
      8.29000000	      5.22190638	     -5.88460549	     -9.27357958	      0.47714185	      0.94520317	      0.17231341	     10.62104638	     -7.20675492	     -9.54067933	     43.26313970	      2.67488683	      0.75508423	      4.06782767	     -4.30045892	     -7.50000255	      4.70690671	     -5.77261528	    -26.84109729	     30.19406965	     -2.56929394	      0.52698593	     17.06571733	      4.60947650	     -7.50000255	    -20.37402634	      2.56653334	      0.00199671	      9.54629705	    -12.81216889	     20.65468416	     46.99477495	     90.00000001	      0.00000000	      0.00000000	    -13.60854704	    -11.30260376	     -7.83323782	     49.75582968	     90.00000001	      0.00000000	      0.00000000
      8.30000000	      5.19698027	     -5.84218958	     -9.38070297	      0.47850598	      0.94508071	      0.17224376	     10.95888049	     -7.22981453	     -9.89456734	     42.54316606	      2.75166143	      0.74251832	      4.22888267	     -4.16545733	     -7.50000254	      4.60435116	     -5.67310876	    -26.89445539	     30.13927204	     -2.55995305	      0.52602953	     17.12967103	      4.54457701	     -7.50000254	    -20.31725374	      2.42128851	      0.16394988	      9.46605606	    -12.78045021	     20.61160686	     46.85377796	     90.00000001	      0.00000000	      0.00000000	    -13.68635955	    -11.29669735	     -7.84796667	     49.78445562	     90.00000001	      0.00000000	      0.00000000
      8.31000000	      5.17598319	     -5.84842038	     -9.48523810	      0.47990160	      0.94499237	      0.17216582	     11.24891069	     -7.17176699	    -10.25675780	     41.73585203	      2.83432683	      0.72842803	      4.39289733	     -4.00669045	     -7.50000253	      4.48934113	     -5.59790685	    -26.90928202	     30.08769743	     -2.58834387	      0.52512938	     17.18883380	      4.47920624	     -7.50000253	    -20.25682069	      2.34477509	      0.36126668	      9.39277598	    -12.77749527	     20.56473033	     46.69120855	     90.00000001	      0.00000000	      0.00000000	    -13.73800451	    -11.26094956	     -7.85620088	     49.82853533	     90.00000001	      0.00000000	      0.00000000
      8.32000000	      5.37927445	     -6.03272418	     -9.37932760	      0.48150042	      0.94532526	      0.17209800	     11.10420635	     -6.90719220	    -11.93047120	     40.62766295	      2.02183698	      0.70908649	      5.52989012	     -0.20892278	     -7.50000237	      4.08635604	     -5.69050573	    -26.44259546	     30.00001442	     -2.44672645	      0.52359903	     17.18826348	      3.86859816	     -7.50000237	    -20.46127270	      2.44947066	      0.33654286	      9.62448862	    -12.08978176	     19.15184161	     44.93330246	     90.00000001	      0.00000000	      0.00000000	    -13.85737426	    -11.15679848	     -8.06211576	     50.21612055	     90.00000001	      0.00000000	      0.00000000
      8.33000000	      5.35090062	     -6.04901446	     -9.48155048	      0.48281887	      0.94527427	      0.17208369	     11.38660441	     -6.79530506	    -12.21459991	     39.75247108	      2.15578670	      0.69381151	      5.62826913	     -0.06789175	     -7.50000235	      3.98166970	     -5.64203620	    -26.47445384	     29.93864223	     -2.48559451	      0.52252788	     17.24252925	      3.80964240	     -7.50000235	    -20.42080758	      2.38413492	      0.53066583	      9.48382213	    -12.12534841	     19.09642481	     44.82163307	     90.00000001	      0.00000000	      0.00000000	    -13.87901346	    -11.07520702	     -8.06189361	     50.22515411	     90.00000001	      0.00000000	      0.00000000
      8.34000000	      5.38120491	     -6.17269271	     -9.56137121	      0.48417224	      0.94535279	      0.17211705	     11.52284743	     -6.53902822	    -12.62194644	     38.74548832	      2.21733553	      0.67623634	      5.67272478	      0.61238844	     -7.50000232	      3.76754072	     -5.77261451	    -26.41522408	     29.90209947	     -2.34177690	      0.52189009	     17.29449506	      3.68936432	     -7.50000232	    -20.45752085	      2.45359999	      0.72113888	      9.42895129	    -12.13651217	     18.89248093	     44.57187040	     90.00000001	      0.00000000	      0.00000000	    -13.88695040	    -10.94642191	     -8.07204363	     50.21539815	     90.00000001	      0.00000000	      0.00000000
      8.35000000	      5.35699536	     -6.11621394	     -9.73627993	      0.48545001	      0.94520272	      0.17218364	     11.93021978	     -6.56653449	    -12.99306384	     38.11203251	      2.40808811	      0.66518045	      5.75501715	      0.69081227	     -7.50000231	      3.62757955	     -5.67596489	    -26.51750626	     29.82051225	     -2.28685160	      0.52046612	     17.35999751	      3.63516291	     -7.50000231	    -20.40713205	      2.30822718	      0.89342410	      9.39949856	    -12.13978205	     18.87569903	     44.49871221	     90.00000001	      0.00000000	      0.00000000	    -14.00392231	    -10.85694214	     -8.06251986	     50.18014569	     90.00000001	      0.00000000	      0.00000000
      8.36000000	      5.30436557	     -6.07170479	     -9.86384335	      0.48675690	      0.94510398	      0.17223362	     12.27797914	     -6.51199293	    -13.34806620	     37.27907211	      2.56496434	      0.65064255	      5.80015380	      0.90054927	     -7.50000231	      3.52262082	     -5.59018425	    -26.60120189	     29.70918579	     -2.26025353	      0.51852311	     17.43508342	      3.56720288	     -7.50000231	    -20.32349123	      2.19607650	      1.03620062	      9.29893540	    -12.18567856	     18.84610851	     44.35404880	     90.00000001	      0.00000000	      0.00000000	    -14.07733431	    -10.71787328	     -8.04209687	     50.16089761	     90.00000001	      0.00000000	      0.00000000
      8.37000000	      5.40405346	     -6.19302882	     -9.81055771	      0.48818051	      0.94529941	      0.17226194	     12.32781363	     -6.29572781	    -14.97223224	     36.22824644	      1.96610128	      0.63230218	      6.43378805	      5.26177764	     -7.50000216	      3.23377478	     -5.64584523	    -26.16475892	     29.60398298	     -2.10702995	      0.51668697	     17.38641256	      3.00451974	     -7.50000216	    -20.44799594	      2.26924069	      1.08253435	      9.35178869	    -11.78028800	     17.75125250	     43.32493265	     90.00000001	      0.00000000	      0.00000000	    -14.00962452	    -10.51870494	     -8.20307012	     49.99416642	     90.00000001	      0.00000000	      0.00000000
      8.38000000	      5.33366670	     -6.18734314	     -9.91978268	      0.48936414	      0.94520435	      0.17240074	     12.67274075	     -6.13679071	    -15.18460905	     35.35111173	      2.19573873	      0.61699329	      6.32916767	      5.65582888	     -7.50000214	      3.16301841	     -5.63489953	    -26.18388561	     29.52859890	     -2.05197697	      0.51537127	     17.43338403	      2.97033653	     -7.50000214	    -20.38239856	      2.19696169	      1.21330621	      9.26374200	    -11.84788853	     17.66420533	     43.22050840	     90.00000001	      0.00000000	      0.00000000	    -14.07700495	    -10.36083285	     -8.17519802	     49.98161448	     90.00000001	      0.00000000	      0.00000000
      8.39000000	      5.29823656	     -6.21874464	    -10.04089190	      0.49057338	      0.94514438	      0.17252179	     12.98282989	     -5.95794396	    -15.55025572	     34.49381278	      2.35859844	      0.60203060	      6.16138468	      6.51058194	     -7.50000211	      3.03497567	     -5.67034251	    -26.17480287	     29.47265883	     -1.93894731	      0.51439494	     17.49354684	      2.90106276	     -7.50000211	    -20.36430107	      2.18893134	      1.35384198	      9.21658363	    -11.85178991	     17.52174514	     43.05744965	     90.00000001	      0.00000000	      0.00000000	    -14.14427966	    -10.18785920	     -8.14605316	     49.87227316	     90.00000001	      0.00000000	      0.00000000
      8.40000000	      5.22629752	     -6.17917719	    -10.11961231	      0.49174272	      0.94502471	      0.17262457	     13.35186816	     -5.83514311	    -15.92474497	     33.66433556	      2.50985262	      0.58755350	      6.08253008	      7.22831499	     -7.50000209	      2.98350750	     -5.59894206	    -26.18385191	     29.37815253	     -1.93127915	      0.51274549	     17.55601474	      2.84735055	     -7.50000209	    -20.30268165	      2.10860520	      1.44075537	      9.13328766	    -11.88096900	     17.42175764	     42.90808268	     90.00000001	      0.00000000	      0.00000000	    -14.19659440	    -10.01744704	     -8.10956898	     49.77089661	     90.00000001	      0.00000000	      0.00000000
      8.41000000	      5.20157573	     -6.11238885	    -10.26378158	      0.49291985	      0.94483504	      0.17280466	     13.78808787	     -5.80342860	    -16.26877626	     33.13977490	      2.75210339	      0.57839819	      6.09023482	      7.41112891	     -7.50000208	      2.84388842	     -5.54428177	    -26.30508458	     29.29159335	     -1.81649962	      0.51123475	     17.61642817	      2.80526053	     -7.50000208	    -20.28026252	      1.98712323	      1.53096606	      9.13398645	    -11.91560728	     17.39558131	     42.85922188	     90.00000001	      0.00000000	      0.00000000	    -14.33306911	     -9.84771297	     -8.06637230	     49.69360042	     90.00000001	      0.00000000	      0.00000000
      8.42000000	      5.20611200	     -6.11621893	    -10.25108995	      0.49426013	      0.94479170	      0.17291923	     14.05379279	     -5.68944929	    -17.63558675	     32.34359297	      2.40144571	      0.56450219	      6.29048162	     11.14808021	     -7.50000197	      2.69830225	     -5.52358207	    -26.15103339	     29.21404601	     -1.74079620	      0.50988129	     17.66384698	      2.64735264	     -7.50000197	    -20.28957730	      1.96775414	      1.56118419	      9.05522800	    -11.76686371	     16.76751195	     42.48536052	     90.00000001	      0.00000000	      0.00000000	    -14.21548351	     -9.64987257	     -8.01432312	     49.19179569	     90.00000001	      0.00000000	      0.00000000
      8.43000000	      5.11499206	     -6.07182914	    -10.30856319	      0.49539609	      0.94460509	      0.17307556	     14.44117825	     -5.52936308	    -17.79603829	     31.60147339	      2.65034847	      0.55154976	      6.07627187	     11.58334066	     -7.50000195	      2.68654476	     -5.48508874	    -26.15473600	     29.15911712	     -1.68820060	      0.50892260	     17.71286421	      2.64476949	     -7.50000195	    -20.20933421	      1.90312366	      1.57696444	      9.00110418	    -11.83885572	     16.70045120	     42.43398672	     90.00000001	      0.00000000	      0.00000000	    -14.31356817	     -9.46399589	     -7.95356891	     49.13618088	     90.00000001	      0.00000000	      0.00000000
      8.44000000	      5.09323184	     -5.99720915	    -10.40207078	      0.49653355	      0.94439518	      0.17324988	     14.86337000	     -5.46518290	    -18.06855304	     31.12793750	      2.86992446	      0.54328500	      6.03628078	     11.72192049	     -7.50000194	      2.57808477	     -5.41377032	    -26.23387931	     29.09591605	     -1.62034783	      0.50781953	     17.76767299	      2.62010442	     -7.50000194	    -20.21281679	      1.79389972	      1.62044555	      8.98355024	    -11.88346203	     16.68127832	     42.40393735	     90.00000001	      0.00000000	      0.00000000	    -14.43166077	     -9.29006941	     -7.90016135	     49.06557805	     90.00000001	      0.00000000	      0.00000000
      8.45000000	      5.04936274	     -5.97440632	    -10.38166511	      0.49780895	      0.94423511	      0.17341661	     15.18018431	     -5.31432878	    -18.96468361	     30.43151497	      2.72788606	      0.53113013	      5.83412941	     14.19077188	     -7.50000183	      2.52079645	     -5.39514699	    -26.07558493	     29.07752663	     -1.53736424	      0.50749858	     17.83048599	      2.55559110	     -7.50000183	    -20.17832021	      1.78538277	      1.62193710	      8.87419847	    -11.87000869	     16.33113071	     42.33401301	     90.00000001	      0.00000000	      0.00000000	    -14.32064880	     -9.12601336	     -7.70389697	     48.52977713	     90.00000001	      0.00000000	      0.00000000
      8.46000000	      5.03153179	     -5.88109811	    -10.42511386	      0.49902512	      0.94400499	      0.17355847	     15.57259264	     -5.26051361	    -19.19195077	     30.02250505	      2.92215430	      0.52399156	      5.80534912	     14.24698427	     -7.50000183	      2.42853976	     -5.30079989	    -26.14296142	     29.02739931	     -1.48807324	      0.50662369	     17.87648375	      2.53726752	     -7.50000183	    -20.16262071	      1.67823161	      1.62544240	      8.85829819	    -11.93673980	     16.30945679	     42.32043458	     90.00000001	      0.00000000	      0.00000000	    -14.43418315	     -8.94833912	     -7.64661528	     48.48787983	     90.00000001	      0.00000000	      0.00000000
      8.47000000	      4.97987630	     -5.85958994	    -10.36792611	      0.50023049	      0.94383579	      0.17369686	     15.86775007	     -5.04581363	    -19.56667024	     29.35150578	      2.94037700	      0.51228042	      5.27629491	     15.26385840	     -7.50000178	      2.41417739	     -5.27938164	    -26.00230213	     29.03341569	     -1.45376274	      0.50672870	     17.98461780	      2.48579688	     -7.50000178	    -20.13931042	      1.67815019	      1.56960763	      8.75056817	    -11.98990631	     16.21273499	     42.28707205	     90.00000001	      0.00000000	      0.00000000	    -14.39068242	     -8.79698450	     -7.48739311	     48.18347199	     90.00000001	      0.00000000	      0.00000000
      8.48000000	      4.96556562	     -5.74926396	    -10.36070309	      0.50150430	      0.94356851	      0.17384973	     16.23033031	     -4.99215403	    -19.75887475	     29.01750804	      3.08557758	      0.50645106	      5.24967172	     15.35636852	     -7.50000177	      2.33777226	     -5.16426458	    -26.02021464	     28.99811226	     -1.41562552	      0.50611254	     18.01496941	      2.48347014	     -7.50000177	    -20.13114925	      1.57265842	      1.52230783	      8.72588561	    -12.05340935	     16.18531472	     42.28784152	     90.00000001	      0.00000000	      0.00000000	    -14.48597232	     -8.62226857	     -7.41813225	     48.12237658	     90.00000001	      0.00000000	      0.00000000
      8.49000000	      4.94764001	     -5.64182887	    -10.31679531	      0.50277983	      0.94330272	      0.17398083	     16.56460315	     -4.91668810	    -19.92218801	     28.65993940	      3.18438744	      0.50021031	      5.12425900	     15.52540385	     -7.50000177	      2.28266209	     -5.04129917	    -25.98827825	     28.96988516	     -1.40692748	      0.50561988	     18.05976389	      2.48725130	     -7.50000177	    -20.11684322	      1.48633132	      1.43288227	      8.66879136	    -12.11227008	     16.15826790	     42.28433281	     90.00000001	      0.00000000	      0.00000000	    -14.54988228	     -8.46326467	     -7.34048524	     48.03655988	     90.00000001	      0.00000000	      0.00000000
      8.50000000	      4.92889164	     -5.58385558	    -10.19232245	      0.50409686	      0.94309781	      0.17416229	     16.83117660	     -4.78402218	    -20.30879984	     28.25507396	      3.15114680	      0.49314407	      4.45113748	     16.52905311	     -7.50000173	      2.23818189	     -4.99349023	    -25.71181842	     28.97825653	     -1.31008615	      0.50576599	     18.18559046	      2.48798531	     -7.50000173	    -20.10130350	      1.46287265	      1.31430477	      8.59188349	    -12.17190730	     16.06696906	     42.31162457	     90.00000001	      0.00000000	      0.00000000	    -14.44429147	     -8.35282113	     -7.10328613	     47.58267195	     90.00000001	      0.00000000	      0.00000000
      8.51000000	      4.95761767	     -5.45591964	    -10.10180907	      0.50551054	      0.94281408	      0.17426042	     17.11271519	     -4.75322159	    -20.46878151	     28.07576933	      3.17031092	      0.49001461	      4.44728685	     16.58057817	     -7.50000172	      2.13293018	     -4.84123105	    -25.72268776	     28.95723353	     -1.32545503	      0.50539907	     18.21676035	      2.48206634	     -7.50000172	    -20.12066757	      1.39148411	      1.23342798	      8.52447019	    -12.21850446	     16.03959791	     42.31271895	     90.00000001	      0.00000000	      0.00000000	    -14.49252880	     -8.22280304	     -7.02898705	     47.52163512	     90.00000001	      0.00000000	      0.00000000
      8.52000000	      4.98661334	     -5.32552739	     -9.97308720	      0.50697118	      0.94252058	      0.17437993	     17.36938775	     -4.72153980	    -20.57435320	     27.93872473	      3.17961249	      0.48762274	      4.34844223	     16.64988870	     -7.50000171	      2.03588125	     -4.69556707	    -25.67916117	     28.94598799	     -1.32896937	      0.50520280	     18.25467013	      2.50147853	     -7.50000171	    -20.13056403	      1.31305255	      1.10187385	      8.45314743	    -12.27735078	     16.00381652	     42.32248015	     90.00000001	      0.00000000	      0.00000000	    -14.52156762	     -8.09851970	     -6.94468600	     47.45349120	     90.00000001	      0.00000000	      0.00000000
      8.53000000	      5.06100978	     -5.18951452	     -9.76687082	      0.50852003	      0.94225896	      0.17444862	     17.57554203	     -4.77069040	    -21.17328644	     27.91365288	      2.99227451	      0.48718515	      3.96900290	     17.78950776	     -7.50000163	      1.88890819	     -4.51127781	    -25.46871254	     28.90384627	     -1.33723112	      0.50446728	     18.39787569	      2.62362293	     -7.50000163	    -20.18224837	      1.24858645	      0.96817450	      8.31785365	    -12.28796100	     15.77284984	     42.38754883	     90.00000001	      0.00000000	      0.00000000	    -14.29715150	     -8.15137524	     -6.33637030	     46.78557292	     90.00000001	      0.00000000	      0.00000000
      8.54000000	      5.10895251	     -5.04073956	     -9.59842429	      0.51009437	      0.94193584	      0.17457462	     17.77776245	     -4.76910856	    -21.18944082	     27.89025383	      2.97166775	      0.48677676	      3.85002747	     17.76180108	     -7.50000162	      1.77226376	     -4.34896694	    -25.41478333	     28.89334958	     -1.35140429	      0.50428408	     18.44350141	      2.66936153	     -7.50000162	    -20.20289405	      1.16850306	      0.82045063	      8.24146878	    -12.33317098	     15.73583342	     42.39488779	     90.00000001	      0.00000000	      0.00000000	    -14.32762702	     -8.04587210	     -6.26064610	     46.78337512	     90.00000001	      0.00000000	      0.00000000
      8.55000000	      5.19814687	     -4.86281291	     -9.37751098	      0.51173453	      0.94162918	      0.17465695	     17.92866148	     -4.85012735	    -21.26188550	     27.96752842	      2.94798892	      0.48812545	      3.48566536	     17.70733579	     -7.50000159	      1.59669144	     -4.12212501	    -25.27225994	     28.81556286	     -1.37279639	      0.50292645	     18.59256424	      2.81800386	     -7.50000159	    -20.25291556	      1.07024467	      0.62572248	      8.16642498	    -12.35719342	     15.67090873	     42.38927388	     90.00000001	      0.00000000	      0.00000000	    -14.29805154	     -8.01193906	     -6.10139636	     46.70387947	     90.00000001	      0.00000000	      0.00000000
      8.56000000	      5.25221756	     -4.72201521	     -9.15340148	      0.51341877	      0.94123391	      0.17480228	     18.06591384	     -4.84137399	    -21.19183027	     28.02716143	      2.89781960	      0.48916625	      3.40903739	     17.66205250	     -7.50000159	      1.49481042	     -4.00215755	    -25.20833910	     28.86982765	     -1.37025549	      0.50387355	     18.60024261	      2.87164199	     -7.50000159	    -20.26672144	      1.02359823	      0.47211700	      8.05091208	    -12.41170330	     15.63690202	     42.37832362	     90.00000001	      0.00000000	      0.00000000	    -14.29240235	     -7.92588954	     -6.03531691	     46.70384783	     90.00000001	      0.00000000	      0.00000000
      8.57000000	      5.39330436	     -4.51445134	     -8.89583304	      0.51526085	      0.94091681	      0.17486157	     18.11791541	     -4.99801978	    -21.25305491	     28.22084152	      2.86075791	      0.49254660	      3.04625735	     17.46341648	     -7.50000156	      1.23986549	     -3.72668226	    -25.06620160	     28.75712520	     -1.41462284	      0.50190652	     18.81895559	      3.10762949	     -7.50000156	    -20.34041228	      0.91268146	      0.26928990	      7.98101477	    -12.41470864	     15.55713844	     42.33321874	     90.00000001	      0.00000000	      0.00000000	    -14.22929052	     -7.92099381	     -5.81595705	     46.55829976	     90.00000001	      0.00000000	      0.00000000
      8.58000000	      5.45781116	     -4.36710037	     -8.63085233	      0.51712265	      0.94050201	      0.17500239	     18.17666975	     -4.99959979	    -21.14173702	     28.31963899	      2.77616837	      0.49427094	      2.97804855	     17.41557511	     -7.50000156	      1.12203049	     -3.60272025	    -25.00076471	     28.82027304	     -1.43287637	      0.50300866	     18.83713035	      3.17404653	     -7.50000156	    -20.33743590	      0.88502801	      0.10369148	      7.85190248	    -12.46313595	     15.52641871	     42.29433800	     90.00000001	      0.00000000	      0.00000000	    -14.19122721	     -7.85879342	     -5.74876444	     46.55454628	     90.00000001	      0.00000000	      0.00000000
      8.59000000	      5.63076904	     -4.14110182	     -8.34127457	      0.51910272	      0.94012746	      0.17507469	     18.13852649	     -5.20372364	    -21.13515521	     28.59859961	      2.75102313	      0.49913972	      2.76361723	     17.11095238	     -7.50000154	      0.84683127	     -3.31270310	    -24.82440516	     28.75605424	     -1.48105891	      0.50188783	     19.05892771	      3.45245761	     -7.50000154	    -20.42845464	      0.77421191	     -0.09849669	      7.78654426	    -12.45940325	     15.43713664	     42.22562671	     90.00000001	      0.00000000	      0.00000000	    -14.10058900	     -7.87936602	     -5.53198339	     46.44668444	     90.00000001	      0.00000000	      0.00000000
      8.60000000	      5.67839289	     -3.99261685	     -8.05303603	      0.52115072	      0.93963828	      0.17523532	     18.13239469	     -5.21248639	    -21.00705499	     28.69732619	      2.65269929	      0.50086283	      2.72665323	     17.05796121	     -7.50000153	      0.73707949	     -3.20786487	    -24.77204064	     28.81721855	     -1.49970504	      0.50295534	     19.07740142	      3.50819592	     -7.50000153	    -20.38248612	      0.77096744	     -0.26004169	      7.63168229	    -12.50892526	     15.40968848	     42.17177910	     90.00000001	      0.00000000	      0.00000000	    -14.05663095	     -7.82531820	     -5.47460229	     46.45474518	     90.00000001	      0.00000000	      0.00000000
      8.61000000	      5.91146578	     -3.75183255	     -7.72579822	      0.52331859	      0.93928197	      0.17528693	     17.94904397	     -5.47469804	    -20.99955394	     29.01068833	      2.66699198	      0.50633203	      2.69086143	     16.55647109	     -7.50000152	      0.39264148	     -2.88704895	    -24.52891459	     28.76514252	     -1.56254282	      0.50204645	     19.37926618	      3.86724762	     -7.50000152	    -20.51672232	      0.65805357	     -0.45900870	      7.55590806	    -12.48675345	     15.28108267	     42.05363037	     90.00000001	      0.00000000	      0.00000000	    -13.94127938	     -7.88192547	     -5.19936446	     46.36215137	     90.00000001	      0.00000000	      0.00000000
      8.62000000	      6.03956549	     -3.57069869	     -7.41872523	      0.52552786	      0.93881247	      0.17541980	     17.80107877	     -5.56637509	    -20.85908259	     29.16151451	      2.60642021	      0.50896444	      2.74906204	     16.19707009	     -7.50000150	      0.19435632	     -2.69746305	    -24.38948159	     28.82976464	     -1.62675549	      0.50317432	     19.53743041	      4.11473055	     -7.50000150	    -20.53611886	      0.63891048	     -0.61161029	      7.42872454	    -12.49246273	     15.16017241	     41.93176569	     90.00000001	      0.00000000	      0.00000000	    -13.84112627	     -7.90865004	     -4.97009532	     46.34543665	     90.00000001	      0.00000000	      0.00000000
      8.63000000	      6.13697849	     -3.41025021	     -7.11420428	      0.52785358	      0.93829542	      0.17558893	     17.64121886	     -5.61719475	    -20.73999500	     29.28337173	      2.49524970	      0.51109125	      2.79596183	     16.04754163	     -7.50000149	      0.03345197	     -2.54876858	    -24.28250786	     28.92059848	     -1.69915443	      0.50475967	     19.61094821	      4.21102402	     -7.50000149	    -20.51115405	      0.64301223	     -0.74525170	      7.25275484	    -12.51624007	     15.11361181	     41.83372620	     90.00000001	      0.00000000	      0.00000000	    -13.79146009	     -7.87202432	     -4.87342881	     46.34744410	     90.00000001	      0.00000000	      0.00000000
      8.64000000	      6.33400176	     -3.21333565	     -6.77459508	      0.53030781	      0.93786828	      0.17570858	     17.34906668	     -5.79779752	    -20.67700793	     29.47564300	      2.51121268	      0.51444702	      3.15606925	     15.34957816	     -7.50000147	     -0.29596915	     -2.32249017	    -24.02891672	     28.90120621	     -1.72467945	      0.50442121	     19.95648156	      4.55963666	     -7.50000147	    -20.56602220	      0.62200668	     -0.92485743	      7.16076505	    -12.46253816	     14.88244161	     41.65573539	     90.00000001	      0.00000000	      0.00000000	    -13.70997904	     -7.95790773	     -4.50646717	     46.33258800	     90.00000001	      0.00000000	      0.00000000
      8.65000000	      6.40807202	     -3.05464791	     -6.47690092	      0.53275458	      0.93730325	      0.17590916	     17.16183552	     -5.84115931	    -20.56595563	     29.54715927	      2.37947545	      0.51569521	      3.21230811	     15.25568003	     -7.50000146	     -0.42305177	     -2.18429192	    -23.93477720	     29.03078891	     -1.81926886	      0.50668285	     19.99388739	      4.60473128	     -7.50000146	    -20.49988141	      0.64761231	     -1.03973662	      6.98016883	    -12.51535794	     14.84383060	     41.55846524	     90.00000001	      0.00000000	      0.00000000	    -13.61369236	     -7.91881984	     -4.44429852	     46.36941341	     90.00000001	      0.00000000	      0.00000000
      8.66000000	      6.57651643	     -2.88582665	     -6.15975655	      0.53526192	      0.93686295	      0.17617396	     16.80526180	     -5.92724282	    -20.20341558	     29.59673204	      2.50906884	      0.51656042	      3.59933051	     13.78390945	     -7.50000136	     -0.66266738	     -2.01615339	    -23.76384322	     29.14777395	     -1.91685248	      0.50872463	     20.38073414	      5.06178440	     -7.50000136	    -20.53130744	      0.64793364	     -1.09331469	      6.89084414	    -12.24665354	     13.88284299	     41.09019158	     90.00000001	      0.00000000	      0.00000000	    -13.54908954	     -8.28084668	     -3.30212505	     46.49398561	     90.00000001	      0.00000000	      0.00000000
      8.67000000	      6.70418101	     -2.74612464	     -5.84858218	      0.53786611	      0.93635374	      0.17632839	     16.50753221	     -6.01031395	    -20.27501131	     29.66576259	      2.39581628	      0.51776523	      3.86618967	     13.65480202	     -7.50000135	     -0.85858515	     -1.85006168	    -23.54208580	     29.27016847	     -2.03709204	      0.51086081	     20.48076092	      5.08430011	     -7.50000135	    -20.51060358	      0.71970581	     -1.17196735	      6.74571795	    -12.30345931	     13.83680650	     41.01023045	     90.00000001	      0.00000000	      0.00000000	    -13.40661019	     -8.21943281	     -3.26164419	     46.53860603	     90.00000001	      0.00000000	      0.00000000
      8.68000000	      6.87212893	     -2.61330397	     -5.52561315	      0.54057838	      0.93594035	      0.17655371	     16.14157138	     -6.09065214	    -20.41238540	     29.73456990	      2.27180044	      0.51896615	      4.37461839	     13.41165013	     -7.50000134	     -1.12836352	     -1.69620962	    -23.24014539	     29.35588946	     -2.09914027	      0.51235693	     20.68711435	      5.08837543	     -7.50000134	    -20.52638068	      0.79040908	     -1.28202761	      6.59443659	    -12.33768279	     13.76088170	     40.90725399	     90.00000001	      0.00000000	      0.00000000	    -13.27442948	     -8.20124368	     -3.21325346	     46.56962847	     90.00000001	      0.00000000	      0.00000000
      8.69000000	      6.95331282	     -2.49757528	     -5.28015786	      0.54332836	      0.93543828	      0.17686886	     15.90027809	     -6.09629970	    -20.37604335	     29.80343204	      2.12015741	      0.52016802	      4.56097896	     13.32092808	     -7.50000133	     -1.29777759	     -1.56492476	    -23.07188549	     29.46023794	     -2.21836431	      0.51417815	     20.75720751	      5.08796796	     -7.50000133	    -20.43732366	      0.88020485	     -1.33720014	      6.41533118	    -12.36412962	     13.73451690	     40.81571645	     90.00000001	      0.00000000	      0.00000000	    -13.22767429	     -8.13565776	     -3.18109613	     46.58963657	     90.00000001	      0.00000000	      0.00000000
      8.70000000	      7.13118098	     -2.39968962	     -4.97465458	      0.54611489	      0.93507408	      0.17715657	     15.51701446	     -6.14428348	    -20.56815887	     29.86214553	      1.98258517	      0.52119276	      5.19674637	     13.00142611	     -7.50000132	     -1.58243901	     -1.42279361	    -22.70298979	     29.55823898	     -2.31262564	      0.51588859	     21.00068292	      5.04972395	     -7.50000132	    -20.46624875	      0.99334993	     -1.36229448	      6.29238942	    -12.40423535	     13.64656049	     40.68529227	     90.00000001	      0.00000000	      0.00000000	    -13.05630031	     -8.12169798	     -3.13839657	     46.63993809	     90.00000001	      0.00000000	      0.00000000
      8.71000000	      7.19164372	     -2.31408055	     -4.75007626	      0.54895486	      0.93463263	      0.17755952	     15.31940765	     -6.11191836	    -20.50745001	     29.95723067	      1.82786886	      0.52285231	      5.37188096	     12.91777388	     -7.50000132	     -1.76373483	     -1.33506946	    -22.55667915	     29.62496214	     -2.40657248	      0.51705313	     21.06946937	      5.03019065	     -7.50000132	    -20.35429569	      1.11726507	     -1.44472275	      6.12397603	    -12.43201290	     13.61578262	     40.59531056	     90.00000001	      0.00000000	      0.00000000	    -13.01072698	     -8.05224363	     -3.10720115	     46.65988427	     90.00000001	      0.00000000	      0.00000000
      8.72000000	      7.38201999	     -2.26047212	     -4.48640584	      0.55187892	      0.93436220	      0.17796957	     14.95327385	     -6.10026199	    -20.71396782	     30.09251618	      1.64146713	      0.52521349	      6.24190194	     12.47103609	     -7.50000131	     -2.12443755	     -1.23769036	    -22.07289173	     29.65330468	     -2.40599731	      0.51754780	     21.41278900	      4.88296373	     -7.50000131	    -20.38443404	      1.27396719	     -1.43751583	      6.03622836	    -12.44175876	     13.46010601	     40.42230772	     90.00000001	      0.00000000	      0.00000000	    -12.84611507	     -8.03868858	     -3.05388673	     46.70310803	     90.00000001	      0.00000000	      0.00000000
      8.73000000	      7.39815233	     -2.18826876	     -4.32394410	      0.55476948	      0.93395562	      0.17849253	     14.82518411	     -6.06307334	    -20.62159791	     30.18963655	      1.52357624	      0.52690856	      6.29600031	     12.44358982	     -7.50000131	     -2.27582248	     -1.17378125	    -21.98644695	     29.70256787	     -2.49542647	      0.51840761	     21.43222663	      4.86623218	     -7.50000131	    -20.22148629	      1.40589527	     -1.47131072	      5.94643932	    -12.45120160	     13.44263828	     40.37361374	     90.00000001	      0.00000000	      0.00000000	    -12.81398535	     -7.99365433	     -3.03782369	     46.72103346	     90.00000001	      0.00000000	      0.00000000
      8.74000000	      7.56105394	     -2.17215790	     -4.10815404	      0.55767672	      0.93372182	      0.17898993	     14.59656932	     -5.97736428	    -20.69045355	     30.48691243	      1.27905463	      0.53209700	      7.07739456	     11.97025530	     -7.50000129	     -2.63374329	     -1.08536764	    -21.48652271	     29.68456638	     -2.52566144	      0.51809342	     21.72777661	      4.63141982	     -7.50000129	    -20.24950251	      1.59981837	     -1.41874546	      5.82083932	    -12.45817182	     13.24848597	     40.15089160	     90.00000001	      0.00000000	      0.00000000	    -12.65605736	     -7.93501609	     -2.98994535	     46.77372348	     90.00000001	      0.00000000	      0.00000000
      8.75000000	      7.60081338	     -2.14925476	     -3.94561436	      0.56057896	      0.93343105	      0.17954097	     14.48955125	     -5.88293796	    -20.56045983	     30.68865108	      1.13127164	      0.53561800	      7.20818622	     11.87530916	     -7.50000129	     -2.82779666	     -1.03543699	    -21.31882025	     29.70131889	     -2.64484739	      0.51838581	     21.76934277	      4.56626916	     -7.50000129	    -20.13690588	      1.79133466	     -1.43368724	      5.74978288	    -12.46583029	     13.19006733	     40.07456729	     90.00000001	      0.00000000	      0.00000000	    -12.59521016	     -7.87726053	     -2.96855293	     46.80349329	     90.00000001	      0.00000000	      0.00000000
      8.76000000	      7.66010231	     -2.14971486	     -3.79646733	      0.56350020	      0.93319904	      0.18017445	     14.40813448	     -5.76647334	    -20.44633423	     30.98054128	      0.94368685	      0.54071245	      7.43794554	     11.70530529	     -7.50000128	     -3.08070387	     -1.02133553	    -21.13050500	     29.67625268	     -2.73323906	      0.51794832	     21.84812621	      4.49393305	     -7.50000128	    -20.05471115	      1.99779705	     -1.42674270	      5.66194376	    -12.48403035	     13.12456099	     39.97649414	     90.00000001	      0.00000000	      0.00000000	    -12.50785617	     -7.81364232	     -2.94963490	     46.84521620	     90.00000001	      0.00000000	      0.00000000
      8.77000000	      7.70673864	     -2.14942628	     -3.65993765	      0.56642979	      0.93298028	      0.18084335	     14.35113799	     -5.65532240	    -20.31808338	     31.30166660	      0.76026310	      0.54631714	      7.67260961	     11.52572476	     -7.50000128	     -3.33654803	     -1.02316397	    -20.97459289	     29.62214294	     -2.78620313	      0.51700393	     21.93049982	      4.43340833	     -7.50000128	    -19.96394772	      2.20616685	     -1.42758052	      5.59134056	    -12.49565628	     13.06607494	     39.89117151	     90.00000001	      0.00000000	      0.00000000	    -12.42426407	     -7.76029378	     -2.93584908	     46.88681974	     90.00000001	      0.00000000	      0.00000000
      8.78000000	      7.74913787	     -2.15787500	     -3.54434264	      0.56935953	      0.93275411	      0.18158306	     14.33010979	     -5.52670213	    -20.16931283	     31.68351519	      0.58269576	      0.55298166	      7.94244987	     11.30870281	     -7.50000128	     -3.61892472	     -1.03629287	    -20.82777080	     29.53415866	     -2.81253282	      0.51546831	     22.02388468	      4.37758966	     -7.50000128	    -19.87357685	      2.40909940	     -1.42378188	      5.54573309	    -12.50296018	     13.00272478	     39.81111395	     90.00000001	      0.00000000	      0.00000000	    -12.34132545	     -7.70965961	     -2.92405012	     46.93265644	     90.00000001	      0.00000000	      0.00000000
      8.79000000	      7.78635629	     -2.06798435	     -3.53043491	      0.57230953	      0.93247811	      0.18244472	     14.42727095	     -5.53990998	    -19.94250522	     32.29853059	      0.42809839	      0.56371570	      8.75076910	     10.52584978	     -7.50000126	     -4.00028476	     -0.94915166	    -20.56100222	     29.29368864	     -2.63901315	      0.51127132	     22.28478450	      4.21039341	     -7.50000126	    -19.76941321	      2.47493437	     -1.32159974	      5.57792219	    -12.47949097	     12.77721561	     39.63089922	     90.00000001	      0.00000000	      0.00000000	    -12.25862375	     -7.67011936	     -2.92118755	     47.02227641	     90.00000001	      0.00000000	      0.00000000
      8.80000000	      7.69439255	     -2.01715113	     -3.47280710	      0.57497547	      0.93219412	      0.18330039	     14.55810037	     -5.40509992	    -18.82224273	     32.66302133	      0.70237735	      0.57007727	      8.66082606	      8.19433870	     -7.50000116	     -4.14010742	     -0.87081068	    -20.13625609	     29.17139799	     -2.55725399	      0.50913694	     22.18605236	      3.44317631	     -7.50000116	    -19.58548702	      2.60614389	     -1.35955680	      5.73398728	    -12.00855362	     11.37049644	     38.98091144	     90.00000001	      0.00000000	      0.00000000	    -12.26639820	     -7.68303203	     -2.89533360	     47.15395742	     90.00000001	      0.00000000	      0.00000000
      8.81000000	      7.68801420	     -2.05110657	     -3.39607714	      0.57789265	      0.93194740	      0.18419649	     14.59530143	     -5.27204101	    -18.65542577	     33.08699878	      0.60127054	      0.57747707	      8.85279287	      8.10151574	     -7.50000115	     -4.40350215	     -0.94820621	    -20.11459048	     29.04197759	     -2.59195161	      0.50687813	     22.23787156	      3.47259860	     -7.50000115	    -19.46011797	      2.81728140	     -1.36814688	      5.74240495	    -11.99257478	     11.33598184	     38.96456111	     90.00000001	      0.00000000	      0.00000000	    -12.18229703	     -7.62816880	     -2.87589851	     47.20785420	     90.00000001	      0.00000000	      0.00000000
      8.82000000	      7.67444339	     -2.05121467	     -3.26998137	      0.58072030	      0.93169229	      0.18501674	     14.62924418	     -5.17157047	    -18.46436818	     33.47083161	      0.47183893	      0.58417622	      8.99432841	      8.01416398	     -7.50000115	     -4.63300761	     -1.02247563	    -20.11979037	     28.93187774	     -2.61277845	      0.50495653	     22.28052481	      3.50045914	     -7.50000115	    -19.35901306	      3.02506142	     -1.47525012	      5.71212781	    -11.97351841	     11.31564319	     38.94484266	     90.00000001	      0.00000000	      0.00000000	    -12.09270591	     -7.61618857	     -2.86522228	     47.26028635	     90.00000001	      0.00000000	      0.00000000
      8.83000000	      7.64001574	     -1.93314584	     -3.29171358	      0.58357733	      0.93128272	      0.18599197	     14.82824436	     -5.24750089	    -18.20511157	     34.16459408	      0.41116526	      0.59628465	      9.68806654	      7.42866437	     -7.50000113	     -4.91397204	     -0.93082740	    -20.16888050	     28.70819512	     -2.58680391	      0.50105253	     22.47973947	      3.73567411	     -7.50000113	    -19.22032747	      3.04642622	     -1.46020381	      5.77379535	    -11.92092160	     11.20889040	     38.89798155	     90.00000001	      0.00000000	      0.00000000	    -12.08549380	     -7.63564574	     -2.83000353	     47.41201806	     90.00000001	      0.00000000	      0.00000000
      8.84000000	      7.57234190	     -1.87274921	     -3.24978103	      0.58630921	      0.93084711	      0.18693085	     14.99379290	     -5.22808173	    -17.81882016	     34.71150550	      0.42080644	      0.60583006	     10.08918398	      6.75521797	     -7.50000111	     -5.08998470	     -0.95091250	    -20.31419079	     28.58789319	     -2.62001711	      0.49895286	     22.66037400	      4.11173221	     -7.50000111	    -19.08162474	      3.15609537	     -1.57194488	      5.85666253	    -11.85087812	     11.03314817	     38.82469949	     90.00000001	      0.00000000	      0.00000000	    -12.09679215	     -7.67195014	     -2.72835896	     47.64779134	     90.00000001	      0.00000000	      0.00000000
      8.85000000	      7.53363064	     -1.89923541	     -3.15852240	      0.58904747	      0.93051854	      0.18791875	     15.02695749	     -5.09790997	    -17.67974623	     35.04806929	      0.33580939	      0.61170421	     10.12652662	      6.68915270	     -7.50000111	     -5.28227780	     -1.07514561	    -20.34544712	     28.51982455	     -2.63001183	      0.49776484	     22.68526830	      4.14944285	     -7.50000111	    -18.98396724	      3.35636189	     -1.70371155	      5.91196890	    -11.80746410	     11.01439600	     38.84286078	     90.00000001	      0.00000000	      0.00000000	    -12.00472222	     -7.68435219	     -2.70722429	     47.70250550	     90.00000001	      0.00000000	      0.00000000
      8.86000000	      7.42983156	     -1.80572319	     -3.15732838	      0.59174635	      0.92991964	      0.18895894	     15.25718267	     -5.13050831	    -17.40553381	     35.66615566	      0.32682854	      0.62249185	     10.60081327	      5.91995297	     -7.50000108	     -5.38865261	     -1.08556777	    -20.57352861	     28.46731852	     -2.64394425	      0.49684844	     22.97750674	      4.73944744	     -7.50000108	    -18.81409317	      3.40489634	     -1.81288233	      6.06435491	    -11.67445917	     10.79281845	     38.76103281	     90.00000001	      0.00000000	      0.00000000	    -12.10414337	     -7.79946900	     -2.44158598	     48.03409298	     90.00000001	      0.00000000	      0.00000000
      8.87000000	      7.39743362	     -1.81173058	     -3.11969794	      0.59441540	      0.92950680	      0.18998640	     15.33942764	     -5.04323452	    -17.38902351	     36.09226258	      0.19102028	      0.62992882	     10.71305217	      5.79623043	     -7.50000107	     -5.57915837	     -1.18437256	    -20.61456582	     28.42718192	     -2.63766818	      0.49614792	     23.03393950	      4.79299723	     -7.50000107	    -18.74460988	      3.58267677	     -1.92288836	      6.18355598	    -11.64109703	     10.76093175	     38.79418686	     90.00000001	      0.00000000	      0.00000000	    -12.01766961	     -7.83437557	     -2.39467488	     48.09305324	     90.00000001	      0.00000000	      0.00000000
      8.88000000	      7.30394203	     -1.72552486	     -3.05941676	      0.59703641	      0.92889104	      0.19100514	     15.54230261	     -5.08843371	    -17.51439225	     36.65166214	      0.00852650	      0.63969218	     11.13774371	      5.51126733	     -7.50000106	     -5.64654351	     -1.18103387	    -20.64875411	     28.44074172	     -2.67421786	      0.49638458	     23.23365468	      4.97270675	     -7.50000106	    -18.60986395	      3.64386751	     -2.11070854	      6.28209866	    -11.55773036	     10.68934013	     38.79820237	     90.00000001	      0.00000000	      0.00000000	    -11.97201795	     -7.93921127	     -2.22731604	     48.25600331	     90.00000001	      0.00000000	      0.00000000
      8.89000000	      7.25624710	     -1.72612124	     -2.98457480	      0.59960983	      0.92843315	      0.19201756	     15.59010095	     -4.99494809	    -17.47917641	     36.97563190	     -0.09348893	      0.64534652	     11.22869179	      5.47636844	     -7.50000105	     -5.76477862	     -1.26388121	    -20.63474415	     28.44970230	     -2.70720948	      0.49654098	     23.27336680	      4.99753014	     -7.50000105	    -18.55124394	      3.80800082	     -2.27992133	      6.39014571	    -11.52188357	     10.67259541	     38.83816198	     90.00000001	      0.00000000	      0.00000000	    -11.83166065	     -7.97433481	     -2.18043700	     48.33234591	     90.00000001	      0.00000000	      0.00000000
      8.90000000	      7.20945293	     -1.71539786	     -2.92951037	      0.60217507	      0.92791978	      0.19303965	     15.66909848	     -4.93557781	    -17.53310730	     37.38479684	     -0.24251115	      0.65248780	     11.41110146	      5.39675740	     -7.50000105	     -5.85959966	     -1.33075331	    -20.59799969	     28.50502888	     -2.73185015	      0.49750661	     23.34571603	      5.01493166	     -7.50000105	    -18.49686177	      3.95412912	     -2.46026781	      6.53468621	    -11.47296658	     10.65686646	     38.89331483	     90.00000001	      0.00000000	      0.00000000	    -11.70568113	     -8.02557656	     -2.11875664	     48.41075706	     90.00000001	      0.00000000	      0.00000000
      8.91000000	      7.06754702	     -1.60213933	     -2.84911940	      0.60470991	      0.92713449	      0.19405077	     15.94963733	     -5.04063688	    -17.96319697	     37.97847769	     -0.54359542	      0.66284948	     12.08255542	      5.24570907	     -7.50000104	     -5.76846250	     -1.29058722	    -20.47529735	     28.71467818	     -2.77143785	      0.50116568	     23.66123995	      5.03930077	     -7.50000104	    -18.32345389	      3.98651414	     -2.71412327	      6.67296241	    -11.36353184	     10.60898977	     38.91135345	     90.00000001	      0.00000000	      0.00000000	    -11.72239494	     -8.21415988	     -1.79628104	     48.62539157	     90.00000001	      0.00000000	      0.00000000
      8.92000000	      7.04092367	     -1.60947093	     -2.78262970	      0.60722646	      0.92666214	      0.19503006	     15.96124105	     -4.93966460	    -17.96189007	     38.27813279	     -0.65954651	      0.66807945	     12.18506290	      5.26017948	     -7.50000103	     -5.85218044	     -1.34606698	    -20.39326233	     28.80178294	     -2.84609810	      0.50268594	     23.69599807	      5.02750224	     -7.50000103	    -18.30733992	      4.15458319	     -2.88567619	      6.81925744	    -11.32856796	     10.59627904	     38.96044971	     90.00000001	      0.00000000	      0.00000000	    -11.54602180	     -8.26760140	     -1.71418920	     48.71909576	     90.00000001	      0.00000000	      0.00000000
      8.93000000	      7.01093375	     -1.60126932	     -2.70865990	      0.60968107	      0.92617758	      0.19602880	     15.99058288	     -4.86599699	    -18.03669462	     38.60264495	     -0.79926866	      0.67374325	     12.36299814	      5.23070696	     -7.50000103	     -5.89670917	     -1.39193839	    -20.28785669	     28.94131181	     -2.91824896	      0.50512118	     23.75472446	      4.99093167	     -7.50000103	    -18.30432026	      4.29965680	     -3.08152383	      6.96662968	    -11.28584856	     10.58798948	     39.01371205	     90.00000001	      0.00000000	      0.00000000	    -11.37520684	     -8.33378574	     -1.62474607	     48.80514090	     90.00000001	      0.00000000	      0.00000000
      8.94000000	      6.98017026	     -1.59262005	     -2.62083620	      0.61214089	      0.92567232	      0.19700400	     16.03744147	     -4.80971225	    -18.18676316	     38.96355110	     -0.96639309	      0.68004226	     12.64431542	      5.16873190	     -7.50000102	     -5.91796701	     -1.42912588	    -20.13470645	     29.15748332	     -3.00111630	      0.50889409	     23.84671823	      4.91417838	     -7.50000102	    -18.29149234	      4.44834567	     -3.30112676	      7.13945103	    -11.22900657	     10.58341341	     39.07523298	     90.00000001	      0.00000000	      0.00000000	    -11.20651430	     -8.42665265	     -1.49834752	     48.89633741	     90.00000001	      0.00000000	      0.00000000
      8.95000000	      6.93607425	     -1.57057362	     -2.54299770	      0.61465781	      0.92522391	      0.19795445	     16.03324035	     -4.75159151	    -18.24865225	     39.20082182	     -1.09316365	      0.68418341	     12.83783249	      5.13200634	     -7.50000102	     -5.93669433	     -1.45281838	    -20.01617733	     29.31231449	     -3.08132497	      0.51159640	     23.90542220	      4.84562422	     -7.50000102	    -18.25563802	      4.57653960	     -3.50394074	      7.24044161	    -11.19968945	     10.58116549	     39.10966886	     90.00000001	      0.00000000	      0.00000000	    -11.02399083	     -8.49156688	     -1.40649448	     48.97967442	     90.00000001	      0.00000000	      0.00000000
      8.96000000	      6.84484258	     -1.49461863	     -2.39038309	      0.61708677	      0.92466159	      0.19887828	     16.13376173	     -4.85176463	    -18.77876465	     39.59114549	     -1.34140293	      0.69099584	     13.77312051	      5.77914943	     -7.50000096	     -5.84815878	     -1.38239647	    -19.17476741	     29.63492020	     -2.89819931	      0.51722693	     23.95566130	      3.31769839	     -7.50000096	    -18.16703640	      4.65999052	     -3.79194900	      7.41567438	    -11.08601662	     10.60048113	     38.91299676	     90.00000001	      0.00000000	      0.00000000	    -11.10185225	     -9.37240872	      0.77516986	     49.52934083	     90.00000001	      0.00000000	      0.00000000
      8.97000000	      6.81964914	     -1.48871993	     -2.33314824	      0.61951420	      0.92435061	      0.19983184	     16.08292514	     -4.73432979	    -18.72563587	     39.74960833	     -1.45171093	      0.69376154	     13.83441756	      5.74214095	     -7.50000095	     -5.90169511	     -1.39173378	    -19.08112903	     29.73450116	     -3.02745319	      0.51896495	     23.93078978	      3.31419943	     -7.50000095	    -18.17152280	      4.79738270	     -3.93443369	      7.55767023	    -11.06215294	     10.59624627	     38.97530064	     90.00000001	      0.00000000	      0.00000000	    -10.84065644	     -9.35107892	      0.80442981	     49.60813578	     90.00000001	      0.00000000	      0.00000000
      8.98000000	      6.83028437	     -1.50670955	     -2.25858846	      0.62189095	      0.92409701	      0.20076381	     15.99198020	     -4.63100201	    -18.73613265	     39.95952629	     -1.51372794	      0.69742530	     14.04388564	      5.60893422	     -7.50000095	     -5.93564331	     -1.44342425	    -18.94554294	     29.97483751	     -3.14250336	      0.52315961	     23.90625533	      3.26807539	     -7.50000095	    -18.22600662	      4.97261218	     -4.09558193	      7.72839419	    -11.02859155	     10.59488287	     39.04891402	     90.00000001	      0.00000000	      0.00000000	    -10.59282221	     -9.41722069	      0.84574054	     49.65986745	     90.00000001	      0.00000000	      0.00000000
      8.99000000	      6.80065613	     -1.49774614	     -2.18557100	      0.62430586	      0.92388240	      0.20172653	     15.91584107	     -4.54910366	    -18.69594180	     40.08827323	     -1.55355805	      0.69967236	     14.20318584	      5.51231839	     -7.50000095	     -5.97171175	     -1.49075396	    -18.85837891	     30.13087883	     -3.23046626	      0.52588304	     23.89022938	      3.22025632	     -7.50000095	    -18.22823412	      5.10505439	     -4.27283870	      7.81956225	    -11.00969051	     10.59709813	     39.08481645	     90.00000001	      0.00000000	      0.00000000	    -10.34523265	     -9.46436320	      0.88394321	     49.72875614	     90.00000001	      0.00000000	      0.00000000
      9.00000000	      6.79657929	     -1.50675891	     -2.10361984	      0.62662717	      0.92374647	      0.20264633	     15.79048795	     -4.46166924	    -18.65089240	     40.21504575	     -1.53950771	      0.70188496	     14.50952795	      5.30983702	     -7.50000094	     -5.98008630	     -1.56234046	    -18.73222022	     30.39357046	     -3.30914206	      0.53046788	     23.84728166	      3.12370635	     -7.50000094	    -18.27681886	      5.27260425	     -4.42403768	      7.96984206	    -10.97862683	     10.60944172	     39.12798279	     90.00000001	      0.00000000	      0.00000000	    -10.09876216	     -9.54582934	      0.96644253	     49.79786778	     90.00000001	      0.00000000	      0.00000000
      9.01000000	      6.74729927	     -1.48558949	     -2.06040322	      0.62899746	      0.92365668	      0.20366520	     15.70436675	     -4.38048763	    -18.57414313	     40.28552215	     -1.54344540	      0.70311500	     14.63807282	      5.22310754	     -7.50000094	     -6.01196749	     -1.59867632	    -18.66713388	     30.50297124	     -3.38168774	      0.53237728	     23.80918120	      3.07838086	     -7.50000094	    -18.25682258	      5.37651858	     -4.57147543	      8.04226161	    -10.96802790	     10.61628504	     39.14372784	     90.00000001	      0.00000000	      0.00000000	     -9.84782681	     -9.59166622	      1.00724015	     49.88783723	     90.00000001	      0.00000000	      0.00000000
      9.02000000	      6.71860652	     -1.47977734	     -2.02093480	      0.63131216	      0.92364295	      0.20461977	     15.58373688	     -4.30918523	    -18.48834933	     40.34206972	     -1.51149499	      0.70410194	     14.81302066	      5.10601380	     -7.50000094	     -6.04550833	     -1.64469938	    -18.57168693	     30.67398567	     -3.47436168	      0.53536204	     23.73103567	      3.03310802	     -7.50000094	    -18.27299503	      5.50609070	     -4.67994668	      8.16173448	    -10.94911920	     10.62860750	     39.16529584	     90.00000001	      0.00000000	      0.00000000	     -9.56849214	     -9.65823398	      1.05445204	     50.00083442	     90.00000001	      0.00000000	      0.00000000
      9.03000000	      6.67087001	     -1.44929335	     -2.00618985	      0.63363949	      0.92368104	      0.20560978	     15.46336895	     -4.26247688	    -18.41348786	     40.35674135	     -1.47106179	      0.70435801	     14.96453747	      5.00231436	     -7.50000094	     -6.07129773	     -1.68407530	    -18.50748603	     30.81775683	     -3.52445758	      0.53787132	     23.64215376	      2.99843487	     -7.50000094	    -18.26792717	      5.60206695	     -4.76666910	      8.24143727	    -10.94466136	     10.63864456	     39.16962501	     90.00000001	      0.00000000	      0.00000000	     -9.34578761	     -9.71195258	      1.09672727	     50.10962556	     90.00000001	      0.00000000	      0.00000000
      9.04000000	      6.63682061	     -1.43101737	     -1.98097042	      0.63585233	      0.92382310	      0.20661471	     15.30805344	     -4.20221446	    -18.31663131	     40.33780592	     -1.39665886	      0.70402753	     15.16878640	      4.86425959	     -7.50000093	     -6.07776009	     -1.74298980	    -18.41794467	     31.00870099	     -3.59026482	      0.54120393	     23.48926445	      2.96050458	     -7.50000093	    -18.29415868	      5.70919344	     -4.83989175	      8.34934033	    -10.93649414	     10.65553272	     39.16746397	     90.00000001	      0.00000000	      0.00000000	     -9.05959263	     -9.78861416	      1.15174931	     50.28075686	     90.00000001	      0.00000000	      0.00000000
      9.05000000	      6.60456773	     -1.41476539	     -1.97584558	      0.63808273	      0.92405007	      0.20762411	     15.11102233	     -4.13663490	    -18.18011258	     40.24380095	     -1.27519597	      0.70238683	     15.44987236	      4.65128441	     -7.50000093	     -6.07742228	     -1.82079025	    -18.32613848	     31.24953168	     -3.61055098	      0.54540722	     23.22331625	      2.89566729	     -7.50000093	    -18.31453197	      5.81574105	     -4.87362516	      8.42808220	    -10.94741148	     10.68096475	     39.12195496	     90.00000001	      0.00000000	      0.00000000	     -8.85342600	     -9.88116562	      1.25487936	     50.53161822	     90.00000001	      0.00000000	      0.00000000
      9.06000000	      6.53408102	     -1.37353126	     -1.99939345	      0.64030230	      0.92428791	      0.20865826	     14.96987740	     -4.08912496	    -18.05232652	     40.15277349	     -1.19607858	      0.70079810	     15.62420722	      4.48365372	     -7.50000092	     -6.06029054	     -1.86962285	    -18.24705852	     31.41308662	     -3.62696719	      0.54826179	     22.97647060	      2.82476861	     -7.50000092	    -18.30363987	      5.89969613	     -4.89008087	      8.49709247	    -10.95132696	     10.70671466	     39.07695294	     90.00000001	      0.00000000	      0.00000000	     -8.70233230	     -9.97185850	      1.35399068	     50.82464605	     90.00000001	      0.00000000	      0.00000000
      9.07000000	      6.45814250	     -1.32139570	     -2.07208237	      0.64248826	      0.92458459	      0.20978462	     14.82688536	     -4.03502690	    -17.67391785	     40.04344933	     -0.97274757	      0.69889003	     15.74131206	      3.80055820	     -7.50000089	     -6.05719283	     -1.88493322	    -18.02297949	     31.57226633	     -3.56598223	      0.55104000	     22.40553455	      2.15010529	     -7.50000089	    -18.27770758	      5.92537625	     -4.97720812	      8.65159995	    -10.93653885	     10.83916450	     38.82578220	     90.00000001	      0.00000000	      0.00000000	     -8.98542261	    -10.36358053	      2.00756705	     52.14088953	     90.00000001	      0.00000000	      0.00000000
      9.08000000	      6.37371372	     -1.24444742	     -2.11658038	      0.64462014	      0.92491112	      0.21078197	     14.71375979	     -4.05079482	    -17.67981710	     39.94959812	     -0.96091783	      0.69725202	     15.76367432	      3.79868830	     -7.50000088	     -5.99850742	     -1.87115229	    -17.88456844	     31.76606394	     -3.59588135	      0.55442241	     22.28855578	      2.15595223	     -7.50000088	    -18.25354216	      5.96861168	     -4.96043752	      8.70839163	    -10.95359694	     10.84386484	     38.82674916	     90.00000001	      0.00000000	      0.00000000	     -8.73439859	    -10.41898649	      2.01403482	     52.31323300	     90.00000001	      0.00000000	      0.00000000
      9.09000000	      6.28493561	     -1.19259990	     -2.16189141	      0.64672713	      0.92527580	      0.21190470	     14.57656810	     -4.02772402	    -17.71386253	     39.78130052	     -0.92807033	      0.69431467	     15.83397963	      3.82856847	     -7.50000088	     -5.89308819	     -1.92696142	    -17.71173235	     32.07632434	     -3.59868652	      0.55983747	     22.03469491	      2.12858487	     -7.50000088	    -18.22681147	      5.99861912	     -4.94140329	      8.70809279	    -11.00311133	     10.84225944	     38.80443810	     90.00000001	      0.00000000	      0.00000000	     -8.55552237	    -10.47670046	      2.02416564	     52.64737733	     90.00000001	      0.00000000	      0.00000000
      9.10000000	      6.18070206	     -1.10225216	     -2.24293576	      0.64882484	      0.92566400	      0.21290654	     14.46423672	     -4.05836141	    -17.74631481	     39.62644245	     -0.93797392	      0.69161189	     15.88901160	      3.86751842	     -7.50000088	     -5.77376940	     -1.91110517	    -17.58628132	     32.34686360	     -3.60033888	      0.56455927	     21.84020282	      2.09694926	     -7.50000088	    -18.18695762	      6.03206666	     -4.88220140	      8.78780166	    -11.03002822	     10.83986980	     38.82198753	     90.00000001	      0.00000000	      0.00000000	     -8.39030071	    -10.54225185	      2.00914973	     52.96539234	     90.00000001	      0.00000000	      0.00000000
      9.11000000	      6.08695589	     -1.03855631	     -2.28403009	      0.65088178	      0.92607026	      0.21389653	     14.31915708	     -4.05019473	    -17.79926684	     39.43197701	     -0.94318454	      0.68821783	     15.96754999	      3.96360409	     -7.50000087	     -5.58430896	     -1.95277995	    -17.40486452	     32.78046386	     -3.60152693	      0.57212702	     21.52767289	      2.01163118	     -7.50000087	    -18.15062632	      6.07722418	     -4.84876870	      8.75250445	    -11.09400066	     10.82997528	     38.80688214	     90.00000001	      0.00000000	      0.00000000	     -8.31288367	    -10.60727782	      1.98833706	     53.48008459	     90.00000001	      0.00000000	      0.00000000
      9.12000000	      5.90158202	     -1.03581716	     -2.34021757	      0.65294547	      0.92634944	      0.21502598	     14.30412960	     -3.93001188	    -18.04667665	     39.24320124	     -1.13861057	      0.68492307	     16.16719595	      4.49982609	     -7.50000085	     -5.27843913	     -2.11706591	    -17.12655153	     33.29816386	     -3.46569824	      0.58116259	     20.85716571	      1.16894990	     -7.50000085	    -18.03572479	      6.19576494	     -4.96577193	      8.79570273	    -11.09562030	     10.82203846	     38.94197223	     90.00000001	      0.00000000	      0.00000000	     -8.94394764	    -10.86209666	      1.95751109	     55.47688942	     90.00000001	      0.00000000	      0.00000000
      9.13000000	      5.86105811	     -0.88710408	     -2.41951065	      0.65494043	      0.92684141	      0.21599847	     14.12209208	     -4.05505688	    -18.10823987	     39.08812145	     -1.11230916	      0.68221642	     16.20605303	      4.58198341	     -7.50000085	     -5.11972514	     -2.01337909	    -16.90279331	     33.73145444	     -3.51542862	      0.58872494	     20.69658866	      1.11107285	     -7.50000085	    -18.07309574	      6.12912630	     -4.88784489	      8.79223819	    -11.17416043	     10.81951096	     38.92334650	     90.00000001	      0.00000000	      0.00000000	     -8.77483223	    -10.91135389	      1.92502234	     55.79676556	     90.00000001	      0.00000000	      0.00000000
      9.14000000	      5.65556538	     -0.86878907	     -2.46008419	      0.65689836	      0.92708263	      0.21703651	     14.13165392	     -3.97995450	    -18.40116097	     38.90405579	     -1.28528884	      0.67900387	     16.41326742	      5.20830348	     -7.50000082	     -4.66799497	     -2.15421925	    -16.49688182	     34.45689192	     -3.37498708	      0.60138621	     20.04085962	      0.16053813	     -7.50000082	    -17.94356985	      6.22847945	     -4.96339465	      8.77727600	    -11.20980914	     10.85078815	     39.09634464	     90.00000001	      0.00000000	      0.00000000	     -9.30387362	    -11.11920242	      1.82819272	     57.56134346	     90.00000001	      0.00000000	      0.00000000
      9.15000000	      5.61653346	     -0.72041489	     -2.49708328	      0.65882822	      0.92751488	      0.21796222	     13.97266650	     -4.13348915	    -18.74896464	     38.78321925	     -1.40286280	      0.67689487	     16.65079568	      5.99663617	     -7.50000078	     -4.41348779	     -2.04669989	    -15.80355088	     35.10157517	     -3.20840864	      0.61263806	     19.37930094	     -1.14204944	     -7.50000078	    -18.00370944	      6.17814189	     -5.02780228	      8.77199735	    -11.27569016	     11.01148880	     39.26700006	     90.00000001	      0.00000000	      0.00000000	     -9.65422803	    -11.30193067	      1.70743678	     59.09887864	     90.00000001	      0.00000000	      0.00000000
      9.16000000	      5.49527240	     -0.66281653	     -2.53324465	      0.66075089	      0.92786549	      0.21891115	     13.85228203	     -4.14479304	    -18.82364053	     38.57521246	     -1.34296301	      0.67326447	     16.72551775	      6.10115499	     -7.50000077	     -3.93848751	     -2.16507026	    -15.59224316	     35.99288294	     -3.19433207	      0.62819431	     18.95034545	     -1.21514946	     -7.50000077	    -17.95130748	      6.24258096	     -4.96217431	      8.73568384	    -11.39746194	     11.00907934	     39.28402100	     90.00000001	      0.00000000	      0.00000000	     -9.57287415	    -11.33581657	      1.65571909	     59.46538868	     90.00000001	      0.00000000	      0.00000000
      9.17000000	      5.29331069	     -0.58950495	     -2.60062237	      0.66258675	      0.92801929	      0.21988407	     13.89438841	     -4.11124105	    -18.95979054	     38.42734663	     -1.49527608	      0.67068372	     16.84623319	      6.42173942	     -7.50000075	     -3.27584516	     -2.26198591	    -15.34051792	     37.06128587	     -3.18305575	      0.64684146	     18.19820939	     -1.92203685	     -7.50000075	    -17.83409773	      6.28621636	     -4.96857318	      8.68200137	    -11.52251361	     11.04504176	     39.53822245	     90.00000001	      0.00000000	      0.00000000	     -9.96725575	    -11.44666488	      1.50349396	     60.83145541	     90.00000001	      0.00000000	      0.00000000
      9.18000000	      5.16664043	     -0.53410064	     -2.63912091	      0.66442105	      0.92826227	      0.22082161	     13.81685202	     -4.09675126	    -19.04186784	     38.25869170	     -1.51349992	      0.66774014	     16.97274101	      6.63718716	     -7.50000074	     -2.63276547	     -2.40492724	    -15.02259100	     38.24270306	     -3.13404415	      0.66746108	     17.45618292	     -2.30237938	     -7.50000074	    -17.79361627	      6.35067176	     -4.96823948	      8.65261794	    -11.65566162	     11.07174398	     39.69529396	     90.00000001	      0.00000000	      0.00000000	    -10.16782313	    -11.50021327	      1.41043880	     61.69135887	     90.00000001	      0.00000000	      0.00000000
      9.19000000	      5.12188222	     -0.39914922	     -2.65357051	      0.66623034	      0.92854452	      0.22163883	     13.67111518	     -4.23660815	    -19.27471514	     38.15156283	     -1.54847037	      0.66587039	     17.18886344	      7.17347454	     -7.50000069	     -2.04280341	     -2.37574866	    -14.18358393	     39.47563392	     -2.88676954	      0.68897979	     16.29396238	     -3.92812802	     -7.50000069	    -17.85991474	      6.32528039	     -5.03478588	      8.57420484	    -11.85598222	     11.39512021	     40.08623703	     90.00000001	      0.00000000	      0.00000000	    -10.63516696	    -11.58520589	      1.19371784	     63.32208165	     90.00000001	      0.00000000	      0.00000000
      9.20000000	      5.00707509	     -0.34578634	     -2.68222717	      0.66800288	      0.92865581	      0.22254009	     13.60655219	     -4.24551332	    -19.31327202	     38.04752556	     -1.51302738	      0.66405459	     17.28376206	      7.27680655	     -7.50000068	     -1.19992422	     -2.56765234	    -13.99403098	     41.02281617	     -2.93665124	      0.71598321	     15.41342255	     -4.01251775	     -7.50000068	    -17.82935627	      6.39414496	     -4.98955523	      8.55536761	    -11.98946576	     11.39651936	     40.18066133	     90.00000001	      0.00000000	      0.00000000	    -10.68484652	    -11.66432010	      1.12138198	     63.87120965	     90.00000001	      0.00000000	      0.00000000
      9.21000000	      4.96397876	     -0.26755542	     -2.71324095	      0.66972983	      0.92879682	      0.22339317	     13.47736896	     -4.31082714	    -19.35193794	     37.96965088	     -1.43814794	      0.66269542	     17.39295570	      7.38566883	     -7.50000067	     -0.34807722	     -2.71330591	    -13.72335645	     42.71011708	     -2.98934555	      0.74543217	     14.42641816	     -4.15453477	     -7.50000067	    -17.88780882	      6.42903080	     -4.96435259	      8.51927488	    -12.13057852	     11.39254742	     40.30773766	     90.00000001	      0.00000000	      0.00000000	    -10.76386154	    -11.71974580	      1.04757200	     64.58984944	     90.00000001	      0.00000000	      0.00000000
      9.22000000	      4.82028981	     -0.15297788	     -2.75410093	      0.67140711	      0.92869844	      0.22426078	     13.51745123	     -4.38750091	    -19.43371066	     37.97655555	     -1.49963352	      0.66281593	     17.58687734	      7.61065787	     -7.50000064	      0.71104485	     -2.80763649	    -13.22125399	     44.52953265	     -2.90984048	      0.77718696	     12.67521952	     -5.56254549	     -7.50000064	    -17.86217082	      6.40201717	     -4.99858914	      8.45324217	    -12.31000825	     11.53709313	     40.84268030	     90.00000001	      0.00000000	      0.00000000	    -11.42255609	    -11.84496570	      0.86800136	     66.52877083	     90.00000001	      0.00000000	      0.00000000
      9.23000000	      4.72878349	     -0.11208103	     -2.75479523	      0.67309598	      0.92863045	      0.22508712	     13.46746521	     -4.36569553	    -19.42710652	     37.93129790	     -1.50508802	      0.66202604	     17.77384120	      7.73721264	     -7.50000063	      1.81785184	     -3.02426910	    -12.71146747	     46.55168702	     -2.83239110	      0.81248021	     11.28268932	     -5.98345970	     -7.50000063	    -17.87248402	      6.48749529	     -5.00076861	      8.37375509	    -12.49767691	     11.61281205	     41.02449574	     90.00000001	      0.00000000	      0.00000000	    -11.60701257	    -11.89702873	      0.79827207	     67.19828678	     90.00000001	      0.00000000	      0.00000000
      9.24000000	      4.80947194	     -0.04151847	     -2.75142652	      0.67482624	      0.92865623	      0.22580547	     13.22205989	     -4.54478387	    -19.45882225	     37.99310887	     -1.24425407	      0.66310484	     17.88480579	      7.81944888	     -7.50000062	      2.79164997	     -3.17313908	    -12.29741391	     48.63816652	     -2.86334744	      0.84889615	     10.17297150	     -6.08046196	     -7.50000062	    -18.06155264	      6.53051096	     -4.94865200	      8.36908747	    -12.64180255	     11.62097312	     41.16415944	     90.00000001	      0.00000000	      0.00000000	    -11.59827861	    -11.94274455	      0.74317412	     67.71470879	     90.00000001	      0.00000000	      0.00000000
      9.25000000	      4.69202329	      0.06836325	     -2.73910485	      0.67633461	      0.92837281	      0.22660797	     13.28899201	     -4.61106842	    -19.48935712	     38.07939420	     -1.31231999	      0.66461081	     18.17685080	      8.04307845	     -7.50000058	      4.10838467	     -3.23714522	    -11.00700803	     50.92963586	     -2.27637158	      0.88888983	      7.59489514	     -8.95671719	     -7.50000058	    -18.07758664	      6.50198231	     -5.07917512	      8.28556544	    -12.92649780	     12.05861734	     41.67086219	     90.00000001	      0.00000000	      0.00000000	    -12.29584887	    -12.05069396	      0.59311576	     69.46131187	     90.00000001	      0.00000000	      0.00000000
      9.26000000	      4.64689660	      0.08487105	     -2.74789891	      0.67798424	      0.92805595	      0.22737997	     13.24327926	     -4.62379829	    -19.49129042	     38.16799240	     -1.25271881	      0.66615714	     18.38103056	      8.07578458	     -7.50000057	      5.41912891	     -3.49461676	    -10.56787896	     53.31319880	     -2.22337688	      0.93049085	      6.29046873	     -9.03706776	     -7.50000057	    -18.14111097	      6.59210588	     -5.01566751	      8.27641131	    -13.09215895	     12.08389677	     41.81066917	     90.00000001	      0.00000000	      0.00000000	    -12.35181630	    -12.05808764	      0.57600335	     69.85888391	     90.00000001	      0.00000000	      0.00000000
      9.27000000	      4.62534128	      0.18707432	     -2.72508648	      0.67951716	      0.92768402	      0.22806372	     13.22626058	     -4.77408837	    -19.47971566	     38.37604786	     -1.15630580	      0.66978839	     18.61046170	      8.12817910	     -7.50000052	      6.74729208	     -3.54212272	     -9.29861339	     55.73203902	     -1.59145785	      0.97270758	      4.14618419	    -11.45849017	     -7.50000052	    -18.23769937	      6.57413256	     -5.05221821	      8.26246224	    -13.32915572	     12.43404392	     42.09963501	     90.00000001	      0.00000000	      0.00000000	    -12.67497717	    -12.12061376	      0.50916021	     70.92555466	     90.00000001	      0.00000000	      0.00000000
      9.28000000	      4.61520599	      0.23141333	     -2.70689704	      0.68112979	      0.92718094	      0.22877793	     13.20515584	     -4.86111435	    -19.47192213	     38.60811403	     -1.05866486	      0.67383871	     18.84286144	      8.11886687	     -7.50000049	      8.12360571	     -3.70115912	     -8.55554550	     58.20161274	     -1.31691225	      1.01580977	      2.68535940	    -12.40044229	     -7.50000049	    -18.32731338	      6.60885310	     -5.04688793	      8.25636156	    -13.52128069	     12.53913323	     42.25307617	     90.00000001	      0.00000000	      0.00000000	    -12.85778583	    -12.16442331	      0.49473065	     71.57142242	     90.00000001	      0.00000000	      0.00000000
      9.29000000	      4.63259345	      0.20969402	     -2.68290768	      0.68276721	      0.92663122	      0.22952526	     13.14423985	     -4.83272181	    -19.43633915	     38.80769201	     -1.01443682	      0.67732200	     19.10675737	      8.09115613	     -7.50000047	      9.50545692	     -3.95773416	     -7.99794113	     60.68157295	     -1.16055826	      1.05909324	      1.68901525	    -12.79140011	     -7.50000047	    -18.44700480	      6.71080792	     -5.02189816	      8.24072091	    -13.69326478	     12.54187501	     42.39212454	     90.00000001	      0.00000000	      0.00000000	    -12.96112770	    -12.17544601	      0.49677492	     71.99778872	     90.00000001	      0.00000000	      0.00000000
      9.30000000	      4.69325762	      0.17637557	     -2.65315374	      0.68442320	      0.92605021	      0.23020896	     13.04317023	     -4.83137488	    -19.43252886	     39.05060615	     -0.91014019	      0.68156165	     19.36884562	      8.05344333	     -7.50000046	     10.85285272	     -4.18079316	     -7.50173119	     63.10751618	     -1.07612612	      1.10143394	      0.93012375	    -13.25037803	     -7.50000046	    -18.60229408	      6.81693104	     -4.99717182	      8.27408047	    -13.83641467	     12.53010716	     42.51824168	     90.00000001	      0.00000000	      0.00000000	    -13.08890233	    -12.17014893	      0.51752997	     72.38308668	     90.00000001	      0.00000000	      0.00000000
      9.31000000	      4.70438278	      0.26805805	     -2.60821470	      0.68589139	      0.92536240	      0.23081929	     13.08035389	     -4.98755596	    -19.34194142	     39.42683214	     -0.79220733	      0.68812803	     19.60063561	      7.99272006	     -7.50000043	     12.24703153	     -4.17015169	     -6.13399988	     65.43322320	     -0.19005246	      1.14202519	     -0.47143969	    -15.57170133	     -7.50000043	    -18.72280301	      6.77216988	     -5.04059992	      8.34251006	    -13.98298045	     12.72744602	     42.53809437	     90.00000001	      0.00000000	      0.00000000	    -13.30847949	    -12.23425601	      0.50031714	     73.10588096	     90.00000001	      0.00000000	      0.00000000
      9.32000000	      4.74389962	      0.23350552	     -2.58497014	      0.68751792	      0.92461805	      0.23150012	     13.06177815	     -4.94456036	    -19.29200099	     39.74145499	     -0.77840153	      0.69361924	     19.86999721	      7.89296595	     -7.50000042	     13.62162260	     -4.37413185	     -5.82399320	     67.68090790	     -0.17864040	      1.18125468	     -0.73110589	    -15.95670830	     -7.50000042	    -18.85326746	      6.85526669	     -4.98611081	      8.35347591	    -14.12367674	     12.71959073	     42.60067784	     90.00000001	      0.00000000	      0.00000000	    -13.36039120	    -12.21915370	      0.51456282	     73.34481162	     90.00000001	      0.00000000	      0.00000000
      9.33000000	      4.85355670	      0.18088162	     -2.53258061	      0.68918162	      0.92393128	      0.23212179	     12.94150458	     -4.91978587	    -19.27407470	     40.05052575	     -0.69905012	      0.69901354	     20.12525512	      7.79998539	     -7.50000041	     14.89771323	     -4.55954285	     -5.58623753	     69.77566510	     -0.25475430	      1.21781509	     -0.75680192	    -16.42617076	     -7.50000041	    -19.05477359	      6.95355992	     -4.97368558	      8.40666285	    -14.24602587	     12.69550733	     42.62942501	     90.00000001	      0.00000000	      0.00000000	    -13.44907404	    -12.17827513	      0.55124909	     73.53072508	     90.00000001	      0.00000000	      0.00000000
      9.34000000	      4.99095772	      0.16242214	     -2.47074927	      0.69081299	      0.92325613	      0.23272067	     12.80816914	     -4.94393073	    -19.22795953	     40.39565200	     -0.59098000	      0.70503713	     20.32224302	      7.71189087	     -7.50000040	     16.11532596	     -4.69627630	     -5.41969790	     71.68313908	     -0.34412797	      1.25110680	     -0.64699748	    -16.81180192	     -7.50000040	    -19.28621795	      6.99084414	     -4.95801228	      8.44470453	    -14.36112323	     12.66705780	     42.63004039	     90.00000001	      0.00000000	      0.00000000	    -13.45693875	    -12.16088651	      0.56705870	     73.69273302	     90.00000001	      0.00000000	      0.00000000
      9.35000000	      4.97445728	      0.12326288	     -2.44442154	      0.69237690	      0.92236851	      0.23332454	     12.89500195	     -4.85704275	    -19.11856246	     40.74867805	     -0.63293420	      0.71119860	     20.63804124	      7.54320746	     -7.50000039	     17.49207538	     -4.86130210	     -5.27882867	     73.46400368	     -0.36667457	      1.28218875	     -0.39389466	    -17.45778466	     -7.50000039	    -19.36019036	      7.05542529	     -4.94840837	      8.50229450	    -14.44260045	     12.65936117	     42.55669743	     90.00000001	      0.00000000	      0.00000000	    -13.57776903	    -12.12458645	      0.59782000	     73.86749450	     90.00000001	      0.00000000	      0.00000000
      9.36000000	      5.18140680	      0.09473607	     -2.34185440	      0.69409289	      0.92179382	      0.23384449	     12.64510910	     -4.89560994	    -19.08622868	     41.07012211	     -0.46510140	      0.71680886	     20.76493877	      7.44745802	     -7.50000039	     18.55239231	     -4.95818786	     -5.24833565	     74.97164076	     -0.56276339	      1.30850198	     -0.07317869	    -17.70833555	     -7.50000039	    -19.63779036	      7.08177790	     -4.92911081	      8.56527954	    -14.52284880	     12.62701930	     42.52656983	     90.00000001	      0.00000000	      0.00000000	    -13.53628107	    -12.10914953	      0.59945954	     73.91496953	     90.00000001	      0.00000000	      0.00000000
      9.37000000	      5.24831301	      0.01871393	     -2.27068969	      0.69571383	      0.92105452	      0.23439867	     12.59009158	     -4.77875849	    -19.02313736	     41.36850905	     -0.46605188	      0.72201669	     21.03119666	      7.27577871	     -7.50000038	     19.75632770	     -5.13471266	     -5.34765955	     76.29794515	     -0.79400478	      1.33165036	      0.48311331	    -18.07979228	     -7.50000038	    -19.78038466	      7.15429255	     -4.93548048	      8.63637130	    -14.58606029	     12.60035969	     42.42960779	     90.00000001	      0.00000000	      0.00000000	    -13.60627249	    -12.04670556	      0.62651615	     73.92169281	     90.00000001	      0.00000000	      0.00000000
      9.38000000	      5.20949595	     -0.05071220	     -2.23216801	      0.69734188	      0.92017190	      0.23493231	     12.67877931	     -4.63357493	    -18.83699108	     41.69534416	     -0.47435122	      0.72772104	     21.30210834	      7.01961549	     -7.50000038	     21.03327992	     -5.31463418	     -5.57252541	     77.41189814	     -1.06113044	      1.35109250	      1.21919491	    -18.20979556	     -7.50000038	    -19.79413082	      7.21354209	     -4.91066316	      8.70624897	    -14.62990628	     12.56066426	     42.27084466	     90.00000001	      0.00000000	      0.00000000	    -13.70677299	    -11.95243400	      0.64648458	     73.86054101	     90.00000001	      0.00000000	      0.00000000
      9.39000000	      5.19988881	     -0.09888217	     -2.19400261	      0.69901901	      0.91942836	      0.23541092	     12.68986715	     -4.52496886	    -18.55533739	     41.95623181	     -0.37411449	      0.73227439	     21.53404328	      6.55198359	     -7.50000037	     22.20775101	     -5.45446491	     -5.97171396	     78.23995765	     -1.45225787	      1.36554487	      2.04783017	    -18.26307016	     -7.50000037	    -19.83279280	      7.23579902	     -4.87732818	      8.80607472	    -14.62887471	     12.49106229	     41.91556420	     90.00000001	      0.00000000	      0.00000000	    -13.73591044	    -11.82950112	      0.61132401	     73.65840081	     90.00000001	      0.00000000	      0.00000000
      9.40000000	      5.30367349	     -0.19736479	     -2.11752881	      0.70075243	      0.91889695	      0.23585711	     12.52074986	     -4.38057073	    -18.43703976	     42.15595606	     -0.31653345	      0.73576023	     21.69547952	      6.28276822	     -7.50000036	     23.20206228	     -5.63586152	     -6.29985112	     78.81154707	     -1.77911060	      1.37552098	      2.65010918	    -18.39116882	     -7.50000036	    -19.98903610	      7.29939687	     -4.88616794	      8.91680886	    -14.64124872	     12.41895308	     41.74240394	     90.00000001	      0.00000000	      0.00000000	    -13.78145837	    -11.72068367	      0.60444726	     73.45940327	     90.00000001	      0.00000000	      0.00000000
      9.41000000	      5.38997578	     -0.29027655	     -2.03835711	      0.70248000	      0.91844603	      0.23623014	     12.35547708	     -4.26167921	    -18.35059004	     42.30592283	     -0.22495489	      0.73837765	     21.84548938	      6.06498246	     -7.50000035	     24.13790461	     -5.77807049	     -6.62406313	     79.08756747	     -2.07139957	      1.38033845	      3.19680243	    -18.46027199	     -7.50000035	    -20.14647342	      7.35901613	     -4.89005360	      8.96785001	    -14.66172163	     12.35063278	     41.58557435	     90.00000001	      0.00000000	      0.00000000	    -13.79100061	    -11.61148502	      0.59200733	     73.24642580	     90.00000001	      0.00000000	      0.00000000
      9.42000000	      5.40834382	     -0.36010239	     -2.03128164	      0.70431484	      0.91797164	      0.23654503	     12.25794772	     -4.12492419	    -18.04753676	     42.43237666	     -0.11519272	      0.74058468	     22.02392000	      5.61223530	     -7.50000034	     25.09078482	     -5.93509759	     -7.32731071	     79.14121035	     -2.59349902	      1.38127469	      3.91688522	    -18.38794979	     -7.50000034	    -20.19159122	      7.39041560	     -4.81136832	      9.05729759	    -14.62687627	     12.19606226	     41.17226428	     90.00000001	      0.00000000	      0.00000000	    -13.77751635	    -11.39860257	      0.49609949	     72.70645489	     90.00000001	      0.00000000	      0.00000000
      9.43000000	      5.51934049	     -0.45797653	     -1.94028180	      0.70616869	      0.91772216	      0.23679610	     11.97965026	     -4.00891241	    -18.03255839	     42.44858749	     -0.03318323	      0.74086761	     22.12253933	      5.45974273	     -7.50000034	     25.86878547	     -6.05616661	     -7.56735363	     78.91483373	     -2.75269971	      1.37732368	      4.26117729	    -18.43510126	     -7.50000034	    -20.35166940	      7.43871324	     -4.82780723	      9.07458731	    -14.64731018	     12.12275455	     41.07916251	     90.00000001	      0.00000000	      0.00000000	    -13.84993596	    -11.27402396	      0.49787096	     72.49320820	     90.00000001	      0.00000000	      0.00000000
      9.44000000	      5.58773316	     -0.55704187	     -1.89999856	      0.70810479	      0.91750648	      0.23704263	     11.75206273	     -3.90790933	    -18.01671946	     42.47383034	      0.04462081	      0.74130819	     22.17575705	      5.37924011	     -7.50000034	     26.58464619	     -6.22016258	     -7.79004905	     78.40685722	     -2.77034696	      1.36845781	      4.53485031	    -18.38431086	     -7.50000034	    -20.45286446	      7.47745194	     -4.78738562	      9.05762621	    -14.68604658	     12.06533633	     41.04727622	     90.00000001	      0.00000000	      0.00000000	    -13.95918341	    -11.16997134	      0.50499323	     72.29795917	     90.00000001	      0.00000000	      0.00000000
      9.45000000	      5.66768774	     -0.66889332	     -1.93056173	      0.71005293	      0.91737805	      0.23726725	     11.49149432	     -3.70199017	    -17.67462993	     42.42277929	      0.15912388	      0.74041718	     22.43401091	      4.97838203	     -7.50000032	     27.25966791	     -6.42154315	     -8.79500279	     77.72134843	     -3.49355928	      1.35649343	      5.15530009	    -18.37031777	     -7.50000032	    -20.56411278	      7.51679521	     -4.69273472	      9.21499206	    -14.58586061	     11.84098246	     40.50072995	     90.00000001	      0.00000000	      0.00000000	    -13.74469301	    -10.83113614	      0.27008537	     71.19846241	     90.00000001	      0.00000000	      0.00000000
      9.46000000	      5.71007089	     -0.76975714	     -1.89721175	      0.71205485	      0.91727981	      0.23743349	     11.23133752	     -3.58006100	    -17.68362603	     42.32926146	      0.21238481	      0.73878498	     22.45356716	      4.90133051	     -7.50000032	     27.87448095	     -6.55650011	     -9.00582623	     76.77526837	     -3.49569345	      1.33998122	      5.32927194	    -18.38053966	     -7.50000032	    -20.63133471	      7.54187481	     -4.66029034	      9.17605938	    -14.59712819	     11.75420642	     40.45710942	     90.00000001	      0.00000000	      0.00000000	    -13.88638925	    -10.69807072	      0.25507654	     70.97639726	     90.00000001	      0.00000000	      0.00000000
      9.47000000	      5.85399143	     -0.88619838	     -1.91142034	      0.71413452	      0.91741945	      0.23755236	     10.82761049	     -3.44208175	    -17.58790081	     42.17976994	      0.31018121	      0.73617586	     22.55852046	      4.79248693	     -7.50000031	     28.28563569	     -6.73871859	     -9.62377063	     75.59812617	     -3.81509365	      1.31943621	      5.53012861	    -18.41194133	     -7.50000031	    -20.80645870	      7.57286973	     -4.59282150	      9.22595383	    -14.55646997	     11.56653753	     40.20364477	     90.00000001	      0.00000000	      0.00000000	    -13.83549974	    -10.44741457	      0.08146684	     70.22729007	     90.00000001	      0.00000000	      0.00000000
      9.48000000	      5.86797767	     -1.00851883	     -1.92662400	      0.71625737	      0.91741339	      0.23772080	     10.55644014	     -3.29220794	    -17.60121632	     42.00697524	      0.35593000	      0.73316003	     22.61323937	      4.77564389	     -7.50000030	     28.76631551	     -6.90527798	     -9.92115026	     74.25175431	     -3.88157351	      1.29593759	      5.71258371	    -18.36986847	     -7.50000030	    -20.82836189	      7.57783258	     -4.50335303	      9.18923156	    -14.54100574	     11.47162222	     40.16334595	     90.00000001	      0.00000000	      0.00000000	    -13.95017593	    -10.28916487	      0.02158134	     69.85231482	     90.00000001	      0.00000000	      0.00000000
      9.49000000	      5.97566044	     -1.12122045	     -1.95640884	      0.71845763	      0.91763755	      0.23773989	     10.14368111	     -3.16795911	    -17.59170921	     41.77484739	      0.40943632	      0.72910863	     22.70933556	      4.81531469	     -7.50000030	     29.04704458	     -7.07754379	    -10.42418336	     72.69980138	     -4.06131713	      1.26885090	      5.86516467	    -18.35724454	     -7.50000030	    -20.95610727	      7.60091682	     -4.42284890	      9.17059943	    -14.51927883	     11.37151562	     40.07976346	     90.00000001	      0.00000000	      0.00000000	    -13.95313667	    -10.09762045	     -0.10206148	     69.23790881	     90.00000001	      0.00000000	      0.00000000
      9.50000000	      5.98397693	     -1.25162075	     -1.98444918	      0.72068191	      0.91772272	      0.23775760	      9.84736715	     -3.01484700	    -17.61666702	     41.55390359	      0.43378035	      0.72525243	     22.76692998	      4.87691534	     -7.50000029	     29.38344768	     -7.25827597	    -10.76936475	     71.04223618	     -4.12870772	      1.23992093	      5.99444214	    -18.33012204	     -7.50000029	    -20.95625184	      7.61742750	     -4.32827476	      9.09930501	    -14.54076270	     11.30828363	     40.07488650	     90.00000001	      0.00000000	      0.00000000	    -14.08683533	     -9.91631681	     -0.15721223	     68.80635029	     90.00000001	      0.00000000	      0.00000000
      9.51000000	      5.90306916	     -1.46173799	     -2.04226158	      0.72284886	      0.91763871	      0.23772511	      9.70682275	     -2.84556768	    -17.67033432	     41.46466850	      0.55503184	      0.72369499	     22.74331316	      4.92949847	     -7.50000028	     29.76737650	     -7.55693760	    -10.92120341	     69.33676085	     -4.01594915	      1.21015477	      6.09510084	    -18.04879660	     -7.50000028	    -20.89500776	      7.74251965	     -4.23754387	      9.01271731	    -14.58641332	     11.26503102	     40.17177367	     90.00000001	      0.00000000	      0.00000000	    -14.28869170	     -9.81281232	     -0.15767526	     68.58883584	     90.00000001	      0.00000000	      0.00000000
      9.52000000	      6.14882327	     -1.49099657	     -2.16343922	      0.72535564	      0.91829528	      0.23764759	      9.03680886	     -2.81027106	    -17.67282342	     41.01426902	      0.54294146	      0.71583403	     22.93977755	      5.38993500	     -7.50000027	     29.59135290	     -7.62949908	    -12.13408167	     67.24419186	     -4.78728755	      1.17363255	      5.97043993	    -18.00408290	     -7.50000027	    -21.14131684	      7.62312121	     -4.08403250	      8.97000228	    -14.58142159	     11.23631066	     40.07244911	     90.00000001	      0.00000000	      0.00000000	    -14.03059099	     -9.42865210	     -0.53034291	     67.18266595	     90.00000001	      0.00000000	      0.00000000
      9.53000000	      6.09351703	     -1.63705876	     -2.23564773	      0.72768161	      0.91836075	      0.23756850	      8.80492048	     -2.63699984	    -17.72672900	     40.76239043	      0.51605299	      0.71143792	     23.00841947	      5.46271239	     -7.50000027	     29.75591209	     -7.82133643	    -12.31059340	     65.29250622	     -4.70058174	      1.13956921	      6.10341911	    -17.86419427	     -7.50000027	    -21.07537580	      7.63754954	     -3.98619580	      8.87319713	    -14.59405697	     11.23028230	     40.16738991	     90.00000001	      0.00000000	      0.00000000	    -14.23805752	     -9.31668090	     -0.56615804	     66.91490245	     90.00000001	      0.00000000	      0.00000000
      9.54000000	      6.11567643	     -1.75567846	     -2.34418429	      0.73008818	      0.91855862	      0.23744572	      8.45912684	     -2.50036050	    -17.73807133	     40.46168471	      0.49648134	      0.70618962	     23.08085631	      5.59234581	     -7.50000026	     29.73143876	     -7.97157047	    -12.58995735	     63.24082331	     -4.69801100	      1.10376059	      6.15223484	    -17.68194637	     -7.50000026	    -21.09123721	      7.60986528	     -3.88947038	      8.78380443	    -14.61010925	     11.25414249	     40.26684766	     90.00000001	      0.00000000	      0.00000000	    -14.37610904	     -9.19088529	     -0.62637102	     66.49943261	     90.00000001	      0.00000000	      0.00000000
      9.55000000	      6.23418160	     -1.86753072	     -2.49364639	      0.73264368	      0.91890359	      0.23724571	      7.99999223	     -2.45280021	    -17.82694750	     40.19439644	      0.53283238	      0.70152456	     23.24263172	      6.24635273	     -7.50000025	     29.51408161	     -8.13530351	    -13.40769230	     61.11476704	     -5.12730921	      1.06665391	      5.96212589	    -17.29239948	     -7.50000025	    -21.19861105	      7.57684681	     -3.72031956	      8.67196192	    -14.71196009	     11.47374979	     40.46509360	     90.00000001	      0.00000000	      0.00000000	    -14.24798343	     -8.90527822	     -0.96975368	     65.37610691	     90.00000001	      0.00000000	      0.00000000
      9.56000000	      6.15603217	     -2.00870769	     -2.62348801	      0.73512103	      0.91891515	      0.23705410	      7.79784364	     -2.27550343	    -17.83983134	     39.94505578	      0.46114964	      0.69717274	     23.30715360	      6.31489117	     -7.50000024	     29.46396296	     -8.30583470	    -13.50111479	     59.08796747	     -4.97565115	      1.03127958	      6.06471679	    -16.98234027	     -7.50000024	    -21.09574359	      7.56790359	     -3.62623484	      8.57712973	    -14.72757555	     11.52320044	     40.60540742	     90.00000001	      0.00000000	      0.00000000	    -14.46908480	     -8.81783607	     -0.99090084	     65.14632022	     90.00000001	      0.00000000	      0.00000000
      9.57000000	      5.99905062	     -2.29327305	     -2.73908291	      0.73757731	      0.91861776	      0.23682369	      7.74176912	     -2.06640519	    -17.90818657	     39.91530442	      0.60762076	      0.69665348	     23.28075952	      6.36609859	     -7.50000024	     29.53149376	     -8.70582308	    -13.56923582	     57.27823170	     -4.77988836	      0.99969373	      6.11224449	    -16.58442418	     -7.50000024	    -20.90468881	      7.73561976	     -3.51846686	      8.50377946	    -14.74281149	     11.52891533	     40.76204649	     90.00000001	      0.00000000	      0.00000000	    -14.71913188	     -8.80024380	     -1.00201899	     64.98660994	     90.00000001	      0.00000000	      0.00000000
      9.58000000	      6.27596807	     -2.23746059	     -2.94758466	      0.74034446	      0.91926149	      0.23649500	      7.06896549	     -2.13307173	    -17.99527830	     39.48325615	      0.39955680	      0.68911282	     23.64013116	      7.31337284	     -7.50000021	     28.81088286	     -8.61055923	    -14.37308141	     55.03914657	     -5.15547967	      0.96061433	      6.09379238	    -15.81091591	     -7.50000021	    -21.17301598	      7.46467708	     -3.38121311	      8.38004614	    -15.00179708	     12.38661489	     41.23984294	     90.00000001	      0.00000000	      0.00000000	    -14.49763636	     -8.47215978	     -1.48807218	     63.65566807	     90.00000001	      0.00000000	      0.00000000
      9.59000000	      6.25202098	     -2.37517827	     -3.11423193	      0.74298080	      0.91924952	      0.23619707	      6.82302169	     -1.98381787	    -17.93757149	     39.28416862	      0.36758810	      0.68563809	     23.69973825	      7.36304788	     -7.50000021	     28.48107779	     -8.73370977	    -14.45684720	     53.13835702	     -5.04529965	      0.92743929	      6.10076334	    -15.44223421	     -7.50000021	    -21.11301567	      7.42919005	     -3.27293654	      8.28201196	    -14.99784007	     12.50427194	     41.36956645	     90.00000001	      0.00000000	      0.00000000	    -14.70201062	     -8.44022678	     -1.51416941	     63.41073005	     90.00000001	      0.00000000	      0.00000000
      9.60000000	      6.17829531	     -2.50346592	     -3.28049811	      0.74563143	      0.91913807	      0.23587277	      6.66016952	     -1.81071652	    -17.84156941	     39.12386374	      0.26896259	      0.68284024	     23.75345328	      7.43050548	     -7.50000020	     28.19192145	     -8.87609068	    -14.60627834	     51.39684710	     -4.93267519	      0.89704421	      6.10352322	    -15.06580730	     -7.50000020	    -21.00511449	      7.38172938	     -3.18272783	      8.22829120	    -15.00131400	     12.60289691	     41.51081611	     90.00000001	      0.00000000	      0.00000000	    -14.89847074	     -8.39186078	     -1.53996036	     63.11634081	     90.00000001	      0.00000000	      0.00000000
      9.61000000	      6.21116881	     -2.58380884	     -3.45131204	      0.74839661	      0.91915632	      0.23544229	      6.36878795	     -1.72164559	    -17.72844064	     38.95636468	      0.19699009	      0.67991683	     23.86325775	      7.53384157	     -7.50000020	     27.68986257	     -8.95077167	    -14.85207683	     49.70390899	     -4.86563282	      0.86749686	      6.06315364	    -14.68026231	     -7.50000020	    -20.97832851	      7.27192319	     -3.12309602	      8.18609395	    -14.99154493	     12.76210030	     41.63978108	     90.00000001	      0.00000000	      0.00000000	    -14.97317694	     -8.37082005	     -1.61349889	     62.70437632	     90.00000001	      0.00000000	      0.00000000
      9.62000000	      6.06443447	     -2.81601861	     -3.62645897	      0.75108580	      0.91877709	      0.23500214	      6.34078634	     -1.52474001	    -17.70067495	     38.96029117	      0.21276901	      0.67998536	     23.88790263	      7.58765888	     -7.50000020	     27.47171577	     -9.22873940	    -14.98039033	     48.35918519	     -4.76691396	      0.84402701	      6.06675843	    -14.37549148	     -7.50000020	    -20.80604795	      7.35780594	     -3.01481617	      8.15684238	    -14.97827234	     12.82505981	     41.76322741	     90.00000001	      0.00000000	      0.00000000	    -15.25692735	     -8.36102544	     -1.64332065	     62.44478031	     90.00000001	      0.00000000	      0.00000000
      9.63000000	      6.23461700	     -2.77225656	     -3.84047131	      0.75394485	      0.91899373	      0.23445954	      5.90383494	     -1.59758445	    -17.49057190	     38.80046470	      0.16748487	      0.67719586	     24.05695838	      7.76713071	     -7.50000019	     26.70039557	     -9.10770417	    -15.35751357	     46.84531059	     -4.80569779	      0.81760491	      5.92013860	    -13.85410175	     -7.50000019	    -20.92396380	      7.08007504	     -2.93459597	      8.13933538	    -14.96903940	     13.10971569	     41.91421374	     90.00000001	      0.00000000	      0.00000000	    -15.19931874	     -8.32767929	     -1.80015051	     61.78125050	     90.00000001	      0.00000000	      0.00000000
      9.64000000	      6.07143878	     -3.01558769	     -3.96726810	      0.75672006	      0.91850150	      0.23385663	      5.90691191	     -1.37840842	    -17.49018184	     38.83702139	      0.14507948	      0.67783389	     24.11471996	      7.80048917	     -7.50000019	     26.53073381	     -9.40189504	    -15.51739865	     45.94465527	     -4.72404642	      0.80188551	      5.93838911	    -13.78512324	     -7.50000019	    -20.70189885	      7.19610571	     -2.90316636	      8.11862554	    -14.92272726	     13.17218812	     41.96857673	     90.00000001	      0.00000000	      0.00000000	    -15.42622240	     -8.36831708	     -1.84394829	     61.58668140	     90.00000001	      0.00000000	      0.00000000
      9.65000000	      6.26683608	     -2.90913660	     -4.26125555	      0.75966175	      0.91877139	      0.23322180	      5.48135105	     -1.49050173	    -17.14057099	     38.69363218	      0.01814185	      0.67533128	     24.41592396	      8.14849347	     -7.50000018	     25.70620983	     -9.23959768	    -16.43515297	     44.70470739	     -5.09363136	      0.78024434	      5.87934054	    -12.61140487	     -7.50000018	    -20.86389045	      6.84209529	     -2.79190169	      8.09678825	    -15.06193808	     13.91383237	     42.34859862	     90.00000001	      0.00000000	      0.00000000	    -15.17280671	     -8.16555539	     -2.26497816	     60.29114856	     90.00000001	      0.00000000	      0.00000000
      9.66000000	      6.25632472	     -2.96400117	     -4.44994012	      0.76253758	      0.91860818	      0.23251633	      5.32717634	     -1.44597515	    -16.99257145	     38.70180368	     -0.09238866	      0.67547390	     24.54777149	      8.26371571	     -7.50000017	     25.27399328	     -9.28906321	    -16.91196768	     43.92431153	     -5.20069869	      0.76662386	      6.05370414	    -11.81555520	     -7.50000017	    -20.80030173	      6.69916415	     -2.75733997	      8.08656511	    -15.18378883	     14.59826734	     42.64292337	     90.00000001	      0.00000000	      0.00000000	    -15.25791859	     -8.06686624	     -2.61994593	     59.76176911	     90.00000001	      0.00000000	      0.00000000
      9.67000000	      6.21110343	     -2.96239480	     -4.63003258	      0.76538945	      0.91841395	      0.23168306	      5.25178863	     -1.43239137	    -16.81037860	     38.72573496	     -0.28426294	      0.67589158	     24.59681397	      8.24989973	     -7.50000017	     24.88714885	     -9.23480184	    -17.04129850	     43.34090261	     -5.09831137	      0.75644145	      6.01906106	    -11.70768531	     -7.50000017	    -20.69094528	      6.51745989	     -2.75608419	      8.09450828	    -15.12609287	     14.70418595	     42.69746855	     90.00000001	      0.00000000	      0.00000000	    -15.38945787	     -8.10322702	     -2.67868452	     59.57928186	     90.00000001	      0.00000000	      0.00000000
      9.68000000	      6.24372535	     -2.92690719	     -4.80245469	      0.76828994	      0.91836328	      0.23078373	      5.06360329	     -1.51893326	    -16.57056213	     38.75384254	     -0.31165063	      0.67638215	     24.72189756	      8.19714723	     -7.50000017	     24.43772095	     -9.13274130	    -17.34247787	     42.86263402	     -5.12710047	      0.74809409	      5.92176145	    -11.56677769	     -7.50000017	    -20.66699082	      6.28607444	     -2.77038240	      8.11580518	    -15.05736841	     14.88185834	     42.75210749	     90.00000001	      0.00000000	      0.00000000	    -15.44707045	     -8.14464141	     -2.80781796	     59.15327336	     90.00000001	      0.00000000	      0.00000000
      9.69000000	      6.15908949	     -2.99662326	     -4.87299601	      0.77111894	      0.91808037	      0.22966837	      4.99579738	     -1.49378675	    -16.52213194	     38.77344196	     -0.37883020	      0.67672422	     24.72639717	      8.19361359	     -7.50000017	     24.31445540	     -9.13267367	    -17.36511846	     42.82522496	     -5.11293369	      0.74744118	      5.91810035	    -11.55781183	     -7.50000017	    -20.51206196	      6.22124860	     -2.77090779	      8.11934608	    -15.02460489	     14.89484462	     42.76807212	     90.00000001	      0.00000000	      0.00000000	    -15.50036700	     -8.17717488	     -2.82531846	     59.10374525	     90.00000001	      0.00000000	      0.00000000
      9.70000000	      6.11175224	     -2.90017782	     -5.12619155	      0.77398957	      0.91805062	      0.22885863	      4.95258627	     -1.50063976	    -16.23620070	     38.76698058	     -0.71901834	      0.67661145	     24.78186959	      8.16055639	     -7.50000017	     23.96343843	     -9.05355207	    -17.59033544	     42.56035769	     -4.94169184	      0.74281837	      5.92063415	    -11.55130106	     -7.50000017	    -20.42315139	      5.89538654	     -2.79466362	      8.12427599	    -14.82571031	     14.96934634	     42.83319330	     90.00000001	      0.00000000	      0.00000000	    -15.78024210	     -8.33071264	     -2.90999230	     58.78550804	     90.00000001	      0.00000000	      0.00000000
      9.71000000	      6.18667479	     -2.74058138	     -5.29281240	      0.77685498	      0.91823292	      0.22759069	      4.73658396	     -1.77311365	    -15.92253177	     38.81557415	     -0.67010384	      0.67745957	     24.96750403	      8.00774173	     -7.50000016	     23.51583978	     -8.76937495	    -17.98764804	     42.27367438	     -5.05074178	      0.73781480	      5.90476974	    -11.55474196	     -7.50000016	    -20.45497990	      5.56243313	     -2.85968235	      8.24597344	    -14.70439092	     15.09339081	     42.85907704	     90.00000001	      0.00000000	      0.00000000	    -15.67377451	     -8.34112639	     -3.05653671	     58.15167964	     90.00000001	      0.00000000	      0.00000000
      9.72000000	      6.12815292	     -2.67623708	     -5.43944481	      0.77969935	      0.91819418	      0.22638426	      4.65144913	     -1.84863895	    -15.76656761	     38.76912943	     -0.84453665	      0.67664896	     24.98855508	      7.96699496	     -7.50000016	     23.36001795	     -8.66072482	    -18.09181368	     42.35068154	     -4.98171341	      0.73915883	      5.90825258	    -11.54479384	     -7.50000016	    -20.34056721	      5.32483386	     -2.85898577	      8.23349884	    -14.62138914	     15.13279694	     42.86860459	     90.00000001	      0.00000000	      0.00000000	    -15.75769316	     -8.41203947	     -3.11851075	     57.95345833	     90.00000001	      0.00000000	      0.00000000
      9.73000000	      6.13183585	     -2.51459025	     -5.62077521	      0.78256705	      0.91839746	      0.22498748	      4.49679283	     -2.11457936	    -15.37320029	     38.76220470	     -0.76566424	      0.67652810	     25.14391181	      7.62848526	     -7.50000016	     23.06325058	     -8.41901727	    -18.56225698	     42.23655748	     -5.10099415	      0.73716699	      5.98132518	    -11.54041554	     -7.50000016	    -20.28362876	      5.00699934	     -2.88562641	      8.31955970	    -14.50777372	     15.29207545	     42.77564406	     90.00000001	      0.00000000	      0.00000000	    -15.47802261	     -8.34059618	     -3.43636579	     56.86289177	     90.00000001	      0.00000000	      0.00000000
      9.74000000	      6.04621551	     -2.44209971	     -5.74954414	      0.78535083	      0.91848109	      0.22360345	      4.42457709	     -2.21428730	    -15.27184872	     38.67263115	     -0.93077761	      0.67496474	     25.13828153	      7.58688375	     -7.50000016	     22.94284970	     -8.30776131	    -18.65464901	     42.31329889	     -4.99783002	      0.73850638	      6.01663530	    -11.53866416	     -7.50000016	    -20.15728325	      4.78703272	     -2.88776950	      8.33211095	    -14.41455155	     15.31758923	     42.80168746	     90.00000001	      0.00000000	      0.00000000	    -15.57042616	     -8.41375540	     -3.49117877	     56.72509104	     90.00000001	      0.00000000	      0.00000000
      9.75000000	      5.96728252	     -2.33044431	     -5.87928464	      0.78814237	      0.91864962	      0.22214392	      4.32501140	     -2.38139756	    -15.18060395	     38.55193632	     -1.05769849	      0.67285822	     25.14761964	      7.52671814	     -7.50000016	     22.79248932	     -8.15876105	    -18.82986176	     42.33161615	     -4.90017905	      0.73882608	      6.10354809	    -11.56978905	     -7.50000016	    -20.03435585	      4.53383910	     -2.93085564	      8.35264852	    -14.29212566	     15.34742825	     42.83043617	     90.00000001	      0.00000000	      0.00000000	    -15.63484856	     -8.50334020	     -3.55615843	     56.53001211	     90.00000001	      0.00000000	      0.00000000
      9.76000000	      5.90100860	     -2.19226483	     -6.00889679	      0.79094475	      0.91891537	      0.22058243	      4.18577500	     -2.61408102	    -15.10812374	     38.38722269	     -1.13996784	      0.66998343	     25.17097702	      7.44907045	     -7.50000015	     22.60279401	     -7.96801358	    -19.08232938	     42.28330833	     -4.84482886	      0.73798295	      6.23781830	    -11.61813169	     -7.50000015	    -19.92825832	      4.25615810	     -2.98220097	      8.38103069	    -14.16340053	     15.37787469	     42.84915559	     90.00000001	      0.00000000	      0.00000000	    -15.68037750	     -8.58500277	     -3.62779841	     56.26208700	     90.00000001	      0.00000000	      0.00000000
      9.77000000	      5.94566044	     -2.02506098	     -6.12467593	      0.79378931	      0.91942790	      0.21877453	      3.89537473	     -2.96882872	    -14.96139253	     38.22520311	     -1.05122371	      0.66715565	     25.19990819	      7.29033365	     -7.50000015	     22.24344870	     -7.65498469	    -19.62374855	     42.05367222	     -5.05124279	      0.73397504	      6.48931231	    -11.57355016	     -7.50000015	    -19.93377600	      3.98011360	     -3.03807877	      8.47001891	    -14.03837584	     15.40835150	     42.76774991	     90.00000001	      0.00000000	      0.00000000	    -15.47275971	     -8.56054482	     -3.81045168	     55.44188297	     90.00000001	      0.00000000	      0.00000000
      9.78000000	      5.79516132	     -1.94686997	     -6.25988864	      0.79647731	      0.91969954	      0.21713850	      3.81622128	     -3.14443580	    -14.94907138	     38.00456688	     -1.11529871	      0.66330482	     25.19307201	      7.25407735	     -7.50000015	     22.15993365	     -7.56497641	    -19.81386246	     42.03255334	     -4.93013055	      0.73360645	      6.54677586	    -11.52635452	     -7.50000015	    -19.75522805	      3.78063447	     -3.01694576	      8.47452041	    -13.95409377	     15.42526645	     42.78297999	     90.00000001	      0.00000000	      0.00000000	    -15.51062931	     -8.62343364	     -3.86494126	     55.27881109	     90.00000001	      0.00000000	      0.00000000
      9.79000000	      5.65522062	     -1.83927743	     -6.38246379	      0.79923329	      0.92009350	      0.21540488	      3.68849204	     -3.37966692	    -14.95723396	     37.70350612	     -1.14387835	      0.65805032	     25.17835616	      7.22434051	     -7.50000015	     22.01456129	     -7.41841143	    -20.08878804	     41.91150897	     -4.85080714	      0.73149383	      6.65373662	    -11.49446157	     -7.50000015	    -19.57081621	      3.57150974	     -3.00811844	      8.49025957	    -13.85174541	     15.44677714	     42.80152507	     90.00000001	      0.00000000	      0.00000000	    -15.54850635	     -8.68913189	     -3.92049182	     55.06404790	     90.00000001	      0.00000000	      0.00000000
      9.80000000	      5.78567952	     -1.70189106	     -6.51612324	      0.80215394	      0.92097752	      0.21349549	      3.16794584	     -3.74835198	    -14.88042764	     37.29245118	     -1.01097690	      0.65087606	     25.01940554	      7.36602099	     -7.50000014	     21.49276466	     -7.16523744	    -21.05377412	     41.52855992	     -5.25319462	      0.72481010	      7.00022617	    -10.65387574	     -7.50000014	    -19.67564510	      3.31877531	     -2.97877168	      8.53859220	    -13.74504970	     15.46326488	     42.65761837	     90.00000001	      0.00000000	      0.00000000	    -15.11429950	     -8.57530036	     -4.19853762	     53.72191170	     90.00000001	      0.00000000	      0.00000000
      9.81000000	      5.56119189	     -1.64309443	     -6.64543830	      0.80478306	      0.92135131	      0.21164857	      3.10982699	     -3.95575893	    -14.95612428	     36.95670003	     -1.01076942	      0.64501610	     25.01196638	      7.36108536	     -7.50000014	     21.44186264	     -7.07501785	    -21.24487619	     41.39960634	     -5.12257821	      0.72255944	      7.09571183	    -10.57833744	     -7.50000014	    -19.42691935	      3.18645524	     -2.92821928	      8.56919988	    -13.67950253	     15.47466590	     42.69910622	     90.00000001	      0.00000000	      0.00000000	    -15.17663416	     -8.62653966	     -4.23946791	     53.62886252	     90.00000001	      0.00000000	      0.00000000
      9.82000000	      5.67524568	     -1.54050241	     -6.75807251	      0.80773963	      0.92234601	      0.20967547	      2.52380591	     -4.29824232	    -15.02022382	     36.39089203	     -0.90486033	      0.63514088	     24.79692103	      7.76064801	     -7.50000014	     20.89442474	     -6.83229258	    -21.92399164	     40.97137686	     -5.33142863	      0.71508543	      7.47955953	     -9.81443768	     -7.50000014	    -19.51481698	      2.99116596	     -2.95091647	      8.56629417	    -13.61009047	     15.51724470	     42.69268822	     90.00000001	      0.00000000	      0.00000000	    -14.99550586	     -8.58874146	     -4.40226733	     52.93662851	     90.00000001	      0.00000000	      0.00000000
      9.83000000	      5.56672183	     -1.48640768	     -6.88272129	      0.81059430	      0.92296289	      0.20776357	      2.24898567	     -4.54311207	    -15.38080691	     35.90535851	     -1.02981887	      0.62666673	     24.88074888	      8.65891115	     -7.50000012	     20.68335851	     -6.73928264	    -22.78341511	     40.72238668	     -5.64586162	      0.71073973	      8.17859259	     -8.03346047	     -7.50000012	    -19.36373992	      2.86140565	     -2.85120079	      8.53050917	    -13.61508090	     15.66485596	     42.81051835	     90.00000001	      0.00000000	      0.00000000	    -14.82914209	     -8.51086375	     -4.74342028	     52.26729404	     90.00000001	      0.00000000	      0.00000000
      9.84000000	      5.49852086	     -1.43645975	     -6.98182339	      0.81341474	      0.92376195	      0.20577036	      1.85198552	     -4.80914422	    -15.43906338	     35.33389113	     -0.86470081	      0.61669274	     24.68829560	      8.84000470	     -7.50000012	     20.34586856	     -6.54681907	    -22.98084487	     40.34893503	     -5.57851287	      0.70422177	      8.28129810	     -7.99303233	     -7.50000012	    -19.26605761	      2.74469071	     -2.79560270	      8.53839891	    -13.54390320	     15.72203925	     42.84033064	     90.00000001	      0.00000000	      0.00000000	    -14.88766117	     -8.53738820	     -4.75763541	     52.13443935	     90.00000001	      0.00000000	      0.00000000
      9.85000000	      5.47751785	     -1.41716323	     -7.12594934	      0.81618914	      0.92466662	      0.20380157	      1.40410043	     -5.07959978	    -15.58369721	     34.73741463	     -0.71409085	      0.60628226	     24.44100856	      9.21289750	     -7.50000012	     19.95121758	     -6.40600785	    -23.18358209	     40.00567077	     -5.46285445	      0.69823067	      8.39296820	     -7.83050605	     -7.50000012	    -19.23867972	      2.65407230	     -2.73128394	      8.57111875	    -13.52068196	     15.81204924	     42.88303861	     90.00000001	      0.00000000	      0.00000000	    -14.86164327	     -8.56296048	     -4.77119581	     51.87085888	     90.00000001	      0.00000000	      0.00000000
      9.86000000	      5.25276340	     -1.42020778	     -7.30370214	      0.81880180	      0.92520165	      0.20188830	      1.29011685	     -5.30448042	    -15.74465061	     34.36592301	     -0.59849006	      0.59979851	     24.39052054	      9.27198548	     -7.50000012	     19.86303953	     -6.35629586	    -23.30196717	     39.84535539	     -5.28739434	      0.69543264	      8.44468810	     -7.79745949	     -7.50000012	    -18.99853006	      2.61006194	     -2.57835411	      8.61261774	    -13.46328711	     15.84485546	     42.92786819	     90.00000001	      0.00000000	      0.00000000	    -14.94945233	     -8.59989541	     -4.78791563	     51.79203672	     90.00000001	      0.00000000	      0.00000000
      9.87000000	      5.41599810	     -1.40737896	     -7.38604908	      0.82176535	      0.92650474	      0.19982455	      0.47758748	     -5.58579450	    -15.96466724	     33.47025584	     -0.40550568	      0.58416617	     23.90554523	     10.10262079	     -7.50000011	     19.16451871	     -6.11351539	    -23.43236208	     39.29119441	     -5.17997189	      0.68576071	      8.63826125	     -7.56724754	     -7.50000011	    -19.14852700	      2.51798870	     -2.55472035	      8.60768900	    -13.47941722	     16.02427986	     42.98624932	     90.00000001	      0.00000000	      0.00000000	    -14.82488622	     -8.61453175	     -4.80004241	     51.33018618	     90.00000001	      0.00000000	      0.00000000
      9.88000000	      5.37901059	     -1.40864649	     -7.49762670	      0.82465557	      0.92734367	      0.19784122	      0.04767896	     -5.88330253	    -16.82836308	     32.88369215	     -0.53922645	      0.57392870	     23.93667317	     11.97895631	     -7.50000010	     18.80092049	     -5.98375798	    -23.70773106	     38.96866215	     -5.15078168	      0.68013146	      8.97421067	     -6.88785685	     -7.50000010	    -19.07584077	      2.46007331	     -2.44242355	      8.53765575	    -13.64592226	     16.64622306	     43.27671239	     90.00000001	      0.00000000	      0.00000000	    -14.68844374	     -8.59661199	     -4.89314520	     50.68846769	     90.00000001	      0.00000000	      0.00000000
      9.89000000	      5.16322721	     -1.44853915	     -7.68624448	      0.82725227	      0.92793230	      0.19594137	     -0.08347277	     -6.08272461	    -17.02013732	     32.50259708	     -0.35139701	      0.56727733	     23.85608369	     12.01478767	     -7.50000010	     18.67957958	     -5.94344463	    -23.79081650	     38.77749362	     -4.97861978	      0.67679494	      9.01849697	     -6.88436920	     -7.50000010	    -18.83910070	      2.45904415	     -2.26754637	      8.58764371	    -13.59024803	     16.67937361	     43.32033134	     90.00000001	      0.00000000	      0.00000000	    -14.78882624	     -8.63340736	     -4.91242410	     50.64962294	     90.00000001	      0.00000000	      0.00000000
      9.90000000	      5.26373847	     -1.46461526	     -7.76865697	      0.83012008	      0.92912887	      0.19396002	     -0.81963585	     -6.29925437	    -17.22561083	     31.62330803	     -0.11509346	      0.55193085	     23.30259937	     12.50040470	     -7.50000010	     18.08046135	     -5.70099689	    -23.75314477	     38.24076812	     -4.86198339	      0.66742731	      9.14866270	     -6.88231997	     -7.50000010	    -18.92986514	      2.39057132	     -2.19986237	      8.56678646	    -13.56967891	     16.81288853	     43.34872715	     90.00000001	      0.00000000	      0.00000000	    -14.79442076	     -8.67382112	     -4.93877647	     50.47140208	     90.00000001	      0.00000000	      0.00000000
      9.91000000	      5.09761138	     -1.52772199	     -7.93845259	      0.83273039	      0.92978241	      0.19211118	     -1.01897571	     -6.47411777	    -17.52377119	     31.22482671	      0.07256411	      0.54497603	     23.13037454	     12.65039401	     -7.50000010	     17.88560671	     -5.70516788	    -23.84027688	     38.02481550	     -4.63017036	      0.66365823	      9.19987853	     -6.87672994	     -7.50000010	    -18.74919687	      2.40651902	     -2.06444632	      8.60398054	    -13.54612134	     16.87253077	     43.39521825	     90.00000001	      0.00000000	      0.00000000	    -14.86883222	     -8.70548424	     -4.95818368	     50.38237909	     90.00000001	      0.00000000	      0.00000000
      9.92000000	      5.24606079	     -1.61668999	     -8.03384403	      0.83545906	      0.93096820	      0.19023199	     -1.72634758	     -6.63040502	    -18.01414587	     30.48535211	      0.20373510	      0.53206977	     22.47096910	     13.36689898	     -7.50000009	     17.26942968	     -5.55503274	    -23.75772479	     37.57590319	     -4.50812118	      0.65582323	      9.31960386	     -6.84721118	     -7.50000009	    -18.92590488	      2.40963601	     -1.97249377	      8.65385942	    -13.54132774	     17.09049445	     43.48720877	     90.00000001	      0.00000000	      0.00000000	    -14.82613983	     -8.76194217	     -5.00157545	     50.11558359	     90.00000001	      0.00000000	      0.00000000
      9.93000000	      5.06256371	     -1.70107610	     -8.19342453	      0.83797695	      0.93153858	      0.18844794	     -1.84067883	     -6.76057351	    -18.34428398	     30.20740222	      0.36637064	      0.52721863	     22.35302738	     13.48792117	     -7.50000009	     17.12696484	     -5.57991145	    -23.85279874	     37.39024529	     -4.32727541	      0.65258289	      9.36522507	     -6.84084699	     -7.50000009	    -18.71732358	      2.44352910	     -1.81648615	      8.68984920	    -13.50403356	     17.15857898	     43.54110445	     90.00000001	      0.00000000	      0.00000000	    -14.91502801	     -8.80918548	     -5.02983181	     50.03758365	     90.00000001	      0.00000000	      0.00000000
      9.94000000	      5.14334775	     -1.78649849	     -8.28963466	      0.84064104	      0.93253483	      0.18666371	     -2.36745550	     -6.90226611	    -18.96624920	     29.67082050	      0.44909899	      0.51785351	     21.75720160	     14.07604257	     -7.50000009	     16.60872965	     -5.46930826	    -23.88280265	     36.97821360	     -4.23280836	      0.64539158	      9.48098438	     -6.79367240	     -7.50000009	    -18.81264255	      2.44472635	     -1.72158896	      8.74391936	    -13.50170852	     17.38743887	     43.64091095	     90.00000001	      0.00000000	      0.00000000	    -14.89811436	     -8.88222812	     -5.09148947	     49.82403632	     90.00000001	      0.00000000	      0.00000000
      9.95000000	      5.14848280	     -1.89862806	     -8.40480993	      0.84314382	      0.93333032	      0.18496972	     -2.67550651	     -7.00601766	    -19.62866333	     29.38295710	      0.47621627	      0.51282935	     21.32275482	     14.67833787	     -7.50000009	     16.24315453	     -5.44629964	    -23.96516471	     36.71055033	     -4.14515092	      0.64071997	      9.57823267	     -6.65479627	     -7.50000009	    -18.84186518	      2.46673962	     -1.61421619	      8.79504130	    -13.51473003	     17.69148967	     43.77478242	     90.00000001	      0.00000000	      0.00000000	    -14.93056189	     -8.93849749	     -5.17330173	     49.63681213	     90.00000001	      0.00000000	      0.00000000
      9.96000000	      4.96973436	     -2.02048852	     -8.57475325	      0.84542557	      0.93380048	      0.18332957	     -2.67369817	     -7.04411982	    -19.86957420	     29.29486127	      0.62620029	      0.51129178	     21.27498272	     14.67293765	     -7.50000009	     16.15045611	     -5.49433035	    -24.04259275	     36.58600557	     -4.05100266	      0.63854626	      9.60497437	     -6.63778839	     -7.50000009	    -18.68620545	      2.52635712	     -1.44121945	      8.86631744	    -13.43622797	     17.73516524	     43.83425585	     90.00000001	      0.00000000	      0.00000000	    -15.02747870	     -9.02752820	     -5.21226697	     49.59896621	     90.00000001	      0.00000000	      0.00000000
      9.97000000	      4.83217409	     -2.14154508	     -8.73242718	      0.84779040	      0.93430168	      0.18175875	     -2.71355369	     -7.08254347	    -20.17250647	     29.21296420	      0.74479421	      0.50986241	     21.14961556	     14.64503371	     -7.50000009	     15.98657164	     -5.53793162	    -24.15988172	     36.39072656	     -3.96638431	      0.63513800	      9.65285008	     -6.62987940	     -7.50000009	    -18.55361341	      2.57562271	     -1.28826891	      8.92375166	    -13.35408261	     17.78508236	     43.88580171	     90.00000001	      0.00000000	      0.00000000	    -15.12598797	     -9.13071858	     -5.25744128	     49.55069307	     90.00000001	      0.00000000	      0.00000000
      9.98000000	      4.80452630	     -2.24224807	     -8.85269858	      0.85018184	      0.93498551	      0.18021480	     -2.83487457	     -7.12619316	    -20.66725515	     29.17228828	      0.75534411	      0.50915248	     20.78115403	     14.57595904	     -7.50000008	     15.63282847	     -5.53204127	    -24.39851373	     36.04218361	     -3.88466908	      0.62905477	      9.75719781	     -6.60423814	     -7.50000008	    -18.54231858	      2.58271277	     -1.21016269	      8.95818532	    -13.28957109	     17.87262181	     43.92384366	     90.00000001	      0.00000000	      0.00000000	    -15.21921172	     -9.23381355	     -5.31439188	     49.47517723	     90.00000001	      0.00000000	      0.00000000
      9.99000000	      4.94274076	     -2.32372922	     -8.92964164	      0.85252841	      0.93575619	      0.17856808	     -3.08018321	     -7.24923590	    -21.37216043	     29.24533547	      0.64958514	      0.51042739	     19.89229807	     14.43953444	     -7.50000008	     15.15968116	     -5.42493051	    -24.66143362	     35.74570475	     -3.97840474	      0.62388024	      9.90968755	     -6.21254751	     -7.50000008	    -18.72481395	      2.54276820	     -1.19171943	      9.07367619	    -13.25671137	     18.13384346	     43.99659927	     90.00000001	      0.00000000	      0.00000000	    -15.24661889	     -9.33391625	     -5.43554172	     49.40521040	     90.00000001	      0.00000000	      0.00000000
     10.00000000	      4.83254354	     -2.45935547	     -9.04927404	      0.85470878	      0.93618526	      0.17714063	     -3.03957707	     -7.18131558	    -21.48839330	     29.30819765	      0.72037246	      0.51152455	     19.84334391	     14.38040978	     -7.50000008	     15.04368593	     -5.45933721	    -24.70050628	     35.67473016	     -3.96274899	      0.62264150	      9.93088541	     -6.17524443	     -7.50000008	    -18.63722693	      2.58103761	     -1.06498603	      9.13928561	    -13.16590073	     18.16590780	     44.04846460	     90.00000001	      0.00000000	      0.00000000	    -15.32977286	     -9.43445124	     -5.47609061	     49.37882602	     90.00000001	      0.00000000	      0.00000000
     10.01000000	      4.76643806	     -2.62756253	     -9.19748872	      0.85687833	      0.93666036	      0.17580395	     -2.95350139	     -7.11387909	    -21.74429222	     29.54479164	      0.70538305	      0.51565389	     19.66662376	     14.17700913	     -7.50000008	     14.79235816	     -5.56384308	    -24.89029260	     35.43664286	     -3.89487190	      0.61848609	     10.01414978	     -6.12836416	     -7.50000008	    -18.60848264	      2.63789665	     -0.95955178	      9.22228930	    -13.04282214	     18.22124743	     44.10875632	     90.00000001	      0.00000000	      0.00000000	    -15.46345660	     -9.60081095	     -5.54675984	     49.32727280	     90.00000001	      0.00000000	      0.00000000
     10.02000000	      4.75676864	     -2.76069199	     -9.33342808	      0.85901630	      0.93714264	      0.17442433	     -2.86586268	     -7.07311868	    -21.99049914	     29.87759004	      0.60491393	      0.52146232	     19.42563081	     13.89236374	     -7.50000008	     14.50756176	     -5.58692619	    -25.07242074	     35.23002981	     -3.87657106	      0.61488002	     10.10869478	     -6.06133938	     -7.50000008	    -18.63511577	      2.65591619	     -0.86111463	      9.32069532	    -12.91869639	     18.27730913	     44.16393461	     90.00000001	      0.00000000	      0.00000000	    -15.58518093	     -9.74303747	     -5.61273038	     49.28311449	     90.00000001	      0.00000000	      0.00000000
     10.03000000	      4.84934068	     -2.71461971	     -9.47690162	      0.86114647	      0.93762704	      0.17295956	     -2.68575575	     -7.33168528	    -22.51988390	     30.59850149	      0.36421742	      0.53404460	     18.56097829	     12.64196121	     -7.50000008	     14.11486016	     -5.36467918	    -25.54826215	     34.92283700	     -4.01879984	      0.60951849	     10.40213956	     -5.58265065	     -7.50000008	    -18.75088289	      2.45143962	     -0.84255204	      9.47957928	    -12.83959901	     18.45358542	     44.16308223	     90.00000001	      0.00000000	      0.00000000	    -15.68397824	     -9.82406306	     -5.74489917	     49.32789871	     90.00000001	      0.00000000	      0.00000000
     10.04000000	      4.78992774	     -2.91697386	     -9.65720590	      0.86314959	      0.93805256	      0.17171004	     -2.52300386	     -7.06599882	    -21.51778512	     30.92837445	      0.68338739	      0.53980197	     17.63618841	      9.50759613	     -7.50000007	     13.92525060	     -5.57828096	    -26.32774368	     34.79818009	     -4.25592700	      0.60734282	     10.97453876	     -3.89735318	     -7.50000007	    -18.74452204	      2.53329910	     -0.79018892	      9.69309947	    -12.81380549	     18.98286130	     44.08073725	     90.00000001	      0.00000000	      0.00000000	    -15.89886328	     -9.84431355	     -6.15693016	     49.45068155	     90.00000001	      0.00000000	      0.00000000
     10.05000000	      4.80295764	     -3.08096189	     -9.76361896	      0.86522206	      0.93847850	      0.17044659	     -2.36521769	     -6.95587261	    -21.56458239	     31.41859181	      0.56125555	      0.54835787	     17.47959309	      9.32009890	     -7.50000006	     13.62623978	     -5.64154094	    -26.41971921	     34.62774308	     -4.19312670	      0.60436813	     11.03897996	     -3.88979299	     -7.50000006	    -18.79445024	      2.57740762	     -0.73889409	      9.77309374	    -12.67456068	     19.01118041	     44.15063811	     90.00000001	      0.00000000	      0.00000000	    -16.03022720	    -10.01958797	     -6.22332050	     49.38192716	     90.00000001	      0.00000000	      0.00000000
     10.06000000	      4.84511299	     -3.18622712	     -9.88681352	      0.86724510	      0.93889425	      0.16917761	     -2.15399410	     -6.93631639	    -21.63273915	     32.03921888	      0.37982884	      0.55918986	     17.24303506	      8.97846936	     -7.50000006	     13.29966086	     -5.63598522	    -26.53905362	     34.44422366	     -4.12227971	      0.60116511	     11.13791851	     -3.87385394	     -7.50000006	    -18.88101128	      2.54512156	     -0.69955899	      9.87921416	    -12.54789018	     19.03752991	     44.21402901	     90.00000001	      0.00000000	      0.00000000	    -16.15304918	    -10.15045107	     -6.28111803	     49.32546626	     90.00000001	      0.00000000	      0.00000000
     10.07000000	      4.75791647	     -3.15060943	    -10.05773121	      0.86911808	      0.93911231	      0.16783998	     -1.65912987	     -7.06512000	    -20.96932633	     32.91202635	      0.56835768	      0.57442322	     16.05462057	      5.74898075	     -7.50000006	     13.15784364	     -5.47281196	    -26.85131383	     34.21081364	     -4.19009617	      0.59709134	     11.38694033	     -3.41514742	     -7.50000006	    -18.79130693	      2.36333424	     -0.68387864	     10.05259308	    -12.44446824	     19.21413456	     44.13508516	     90.00000001	      0.00000000	      0.00000000	    -16.30661848	    -10.20072982	     -6.56116744	     49.39245832	     90.00000001	      0.00000000	      0.00000000
     10.08000000	      4.81417087	     -3.20764206	    -10.20059708	      0.87109709	      0.93950981	      0.16656797	     -1.37438160	     -7.12730592	    -20.77897758	     33.68260046	      0.49970248	      0.58787228	     15.59788044	      4.73641632	     -7.50000005	     12.81315507	     -5.38025236	    -26.95107219	     33.98301059	     -4.14674740	      0.59311542	     11.55970107	     -3.38200240	     -7.50000005	    -18.87995737	      2.27503847	     -0.64414664	     10.17050512	    -12.31981902	     19.28122628	     44.18101813	     90.00000001	      0.00000000	      0.00000000	    -16.42313752	    -10.27958199	     -6.68373970	     49.29336435	     90.00000001	      0.00000000	      0.00000000
     10.09000000	      4.90389433	     -3.39454233	    -10.26841172	      0.87318560	      0.93996853	      0.16539368	     -1.21955616	     -6.97338493	    -20.61927751	     34.30779735	      0.33986790	      0.59878402	     15.41389928	      4.55807122	     -7.50000005	     12.43619565	     -5.47829803	    -26.99441161	     33.85128459	     -4.04378693	      0.59081637	     11.60372066	     -3.38503986	     -7.50000005	    -18.98931429	      2.32412603	     -0.66146052	     10.19257117	    -12.18159337	     19.31358272	     44.21985327	     90.00000001	      0.00000000	      0.00000000	    -16.56664874	    -10.43797372	     -6.74884350	     49.20861237	     90.00000001	      0.00000000	      0.00000000
     10.10000000	      4.84645793	     -3.36473713	    -10.49629462	      0.87493927	      0.94024520	      0.16411157	     -0.65131780	     -7.09310133	    -19.46694976	     35.31699298	      0.70175747	      0.61639781	     13.93981684	      0.70599582	     -7.50000004	     12.20089448	     -5.33564986	    -27.10630554	     33.58194783	     -3.88750712	      0.58611556	     11.78107241	     -3.37881378	     -7.50000004	    -18.94704617	      2.15262096	     -0.59130860	     10.39835704	    -12.11548443	     19.54349668	     44.21812655	     90.00000001	      0.00000000	      0.00000000	    -16.66277162	    -10.38465734	     -7.13130313	     49.11449946	     90.00000001	      0.00000000	      0.00000000
     10.11000000	      4.93897464	     -3.39614966	    -10.60837477	      0.87693699	      0.94063478	      0.16288348	     -0.30750357	     -7.22350862	    -19.36080228	     36.26576074	      0.56167622	      0.63295693	     13.51966364	      0.26925215	     -7.50000004	     11.79724387	     -5.24186446	    -27.14604930	     33.34634463	     -3.72929807	      0.58200351	     11.90243980	     -3.39539744	     -7.50000004	    -19.04213323	      2.02587790	     -0.58910912	     10.48099749	    -12.00886280	     19.58795643	     44.28719317	     90.00000001	      0.00000000	      0.00000000	    -16.78270251	    -10.46892526	     -7.21119078	     49.01291224	     90.00000001	      0.00000000	      0.00000000
     10.12000000	      5.00251250	     -3.40887858	    -10.74068818	      0.87892940	      0.94099593	      0.16165836	      0.10467007	     -7.38985554	    -19.14276730	     37.27194999	      0.48938505	      0.65051825	     12.91538677	     -0.51407484	     -7.50000004	     11.41907989	     -5.12056318	    -27.16524720	     33.09270593	     -3.57676496	      0.57757668	     12.02012444	     -3.41482028	     -7.50000004	    -19.08965843	      1.88906504	     -0.57915627	     10.55120182	    -11.89940968	     19.66298723	     44.36599016	     90.00000001	      0.00000000	      0.00000000	    -16.91653982	    -10.54298607	     -7.32512563	     48.90156855	     90.00000001	      0.00000000	      0.00000000
     10.13000000	      4.97219965	     -3.50336919	    -10.85208548	      0.88070593	      0.94136248	      0.16041776	      0.58187720	     -7.30341817	    -17.94664096	     38.17138395	      0.84346196	      0.66621633	     11.47249701	     -3.69551306	     -7.50000003	     11.17392242	     -5.13181284	    -27.10695920	     32.90141601	     -3.37633105	      0.57423804	     12.01810684	     -3.59471889	     -7.50000003	    -19.08704776	      1.86970595	     -0.60783647	     10.64631263	    -11.90780954	     19.94633938	     44.50975833	     90.00000001	      0.00000000	      0.00000000	    -16.96922269	    -10.44985146	     -7.72546227	     48.67252248	     90.00000001	      0.00000000	      0.00000000
     10.14000000	      5.11104752	     -3.60546713	    -10.94742577	      0.88271597	      0.94186212	      0.15923419	      0.86797885	     -7.35967949	    -17.76298933	     39.08438368	      0.71394764	      0.68215118	     11.12671107	     -3.84733075	     -7.50000003	     10.68646708	     -5.18052868	    -27.17570963	     32.69867479	     -3.09133814	      0.57069954	     12.09688642	     -3.59451795	     -7.50000003	    -19.23301758	      1.83677743	     -0.60957775	     10.78038084	    -11.80595462	     19.97241205	     44.59614916	     90.00000001	      0.00000000	      0.00000000	    -17.10107707	    -10.50724925	     -7.77446271	     48.56925437	     90.00000001	      0.00000000	      0.00000000
     10.15000000	      5.15663113	     -3.53052893	    -11.02386621	      0.88473084	      0.94220032	      0.15799431	      1.37896821	     -7.67295146	    -17.52224276	     40.22771959	      0.73058007	      0.70210616	     10.24631589	     -4.67703798	     -7.50000003	     10.31169363	     -4.93125454	    -27.18828435	     32.32431703	     -2.98075665	      0.56416576	     12.24914221	     -3.59071279	     -7.50000003	    -19.22551980	      1.60672564	     -0.67359173	     10.71943573	    -11.76136059	     20.08326621	     44.68803025	     90.00000001	      0.00000000	      0.00000000	    -17.18260253	    -10.54795750	     -7.92121209	     48.42598174	     90.00000001	      0.00000000	      0.00000000
     10.16000000	      5.26663031	     -3.75105357	    -11.02931204	      0.88669534	      0.94272254	      0.15686497	      1.64328751	     -7.54154101	    -17.28052652	     41.05289509	      0.64890091	      0.71650819	      9.92110088	     -4.83169268	     -7.50000003	      9.87940025	     -5.11909212	    -27.20330211	     32.18111141	     -2.77831916	      0.56166635	     12.26203903	     -3.56659257	     -7.50000003	    -19.37836091	      1.70925149	     -0.75063911	     10.74330770	    -11.67255220	     20.10881512	     44.76854377	     90.00000001	      0.00000000	      0.00000000	    -17.33900662	    -10.58598316	     -7.96505039	     48.31720565	     90.00000001	      0.00000000	      0.00000000
     10.17000000	      5.24007583	     -3.72749459	    -11.20989836	      0.88842932	      0.94312043	      0.15565232	      2.24571029	     -7.68354306	    -15.83872196	     42.09149475	      1.29433840	      0.73463517	      7.70631011	     -8.85099861	     -7.50000002	      9.55868511	     -5.02071620	    -27.29815737	     31.84306697	     -2.51324065	      0.55576636	     12.36329703	     -3.60190940	     -7.50000002	    -19.33562847	      1.56129222	     -0.68239204	     10.78900722	    -11.84503312	     20.64334568	     45.21229698	     90.00000001	      0.00000000	      0.00000000	    -17.21507724	    -10.35659244	     -8.63928338	     47.85459221	     90.00000001	      0.00000000	      0.00000000
     10.18000000	      5.34400987	     -3.78839837	    -11.22586683	      0.89045339	      0.94361217	      0.15448291	      2.60507617	     -7.81486194	    -15.67369897	     43.03214117	      1.25214820	      0.75105255	      7.20226495	     -8.91954556	     -7.50000002	      9.10204128	     -5.01775307	    -27.35649494	     31.57881758	     -2.27053215	      0.55115434	     12.43127510	     -3.54651042	     -7.50000002	    -19.41744539	      1.49540890	     -0.76000604	     10.79195940	    -11.79114399	     20.68627726	     45.28256286	     90.00000001	      0.00000000	      0.00000000	    -17.34449129	    -10.35720270	     -8.69540842	     47.75204003	     90.00000001	      0.00000000	      0.00000000
     10.19000000	      5.43281886	     -3.85722352	    -11.24700197	      0.89239182	      0.94409979	      0.15333974	      2.99484758	     -7.93606573	    -15.47900481	     43.92942165	      1.23796511	      0.76671305	      6.61976465	     -9.07889096	     -7.50000001	      8.65798089	     -5.02792503	    -27.43835463	     31.29251420	     -2.04061416	      0.54615740	     12.50187228	     -3.47256730	     -7.50000001	    -19.51049549	      1.43729880	     -0.84531432	     10.80464540	    -11.76017379	     20.73156014	     45.39028104	     90.00000001	      0.00000000	      0.00000000	    -17.43387405	    -10.34226840	     -8.75967557	     47.63858775	     90.00000001	      0.00000000	      0.00000000
     10.20000000	      5.51479889	     -3.90080153	    -11.26501389	      0.89439611	      0.94459205	      0.15222874	      3.39164313	     -8.09130395	    -15.23787379	     44.80167450	      1.27958318	      0.78193673	      5.90069964	     -9.35889860	     -7.50000001	      8.20932233	     -4.99552942	    -27.52922577	     30.97138983	     -1.83827103	      0.54055273	     12.58283435	     -3.35684760	     -7.50000001	    -19.54778330	      1.35499070	     -0.91686804	     10.78705935	    -11.74943819	     20.79963532	     45.53845773	     90.00000001	      0.00000000	      0.00000000	    -17.49548290	    -10.31309760	     -8.85308023	     47.49965657	     90.00000001	      0.00000000	      0.00000000
     10.21000000	      5.56941602	     -4.08847647	    -11.18330254	      0.89635120	      0.94512621	      0.15111987	      3.69712948	     -8.04158627	    -15.07469704	     45.46367042	      1.35514041	      0.79349074	      5.51599657	     -9.41999029	     -7.50000001	      7.84189899	     -5.13915309	    -27.56985645	     30.76123291	     -1.70202647	      0.53688480	     12.61173249	     -3.27443871	     -7.50000001	    -19.62351819	      1.46041002	     -1.01962927	     10.70283438	    -11.71744321	     20.82953002	     45.62884107	     90.00000001	      0.00000000	      0.00000000	    -17.59453439	    -10.30399686	     -8.89760332	     47.40609264	     90.00000001	      0.00000000	      0.00000000
     10.22000000	      5.57410070	     -4.11094937	    -11.24947509	      0.89816386	      0.94560483	      0.15000947	      4.18212366	     -8.15808250	    -14.00611788	     46.16206917	      1.96369384	      0.80568010	      3.65583023	    -11.90579166	     -7.50000001	      7.48605265	     -5.10501137	    -27.89373092	     30.40731794	     -1.60925417	      0.53070781	     12.85415994	     -2.54626415	     -7.50000001	    -19.62228147	      1.36951849	     -0.98977425	     10.52131361	    -12.04712154	     21.40186044	     46.40205828	     90.00000001	      0.00000000	      0.00000000	    -17.38090002	    -10.01276524	     -9.64386629	     46.83324395	     90.00000001	      0.00000000	      0.00000000
     10.23000000	      5.63484967	     -4.25747251	    -11.20119984	      0.90007163	      0.94611783	      0.14903521	      4.51335097	     -8.14117432	    -13.84363432	     46.71029193	      2.01527424	      0.81524839	      3.37212594	    -11.74740536	     -7.50000000	      7.07926471	     -5.24034735	    -27.96596248	     30.17170603	     -1.38478503	      0.52659561	     12.89451353	     -2.47376640	     -7.50000000	    -19.69373371	      1.39713873	     -1.09793514	     10.51839386	    -12.01519471	     21.41415493	     46.46570589	     90.00000001	      0.00000000	      0.00000000	    -17.46389954	     -9.98090784	     -9.66240064	     46.78498164	     90.00000001	      0.00000000	      0.00000000
     10.24000000	      5.69521169	     -4.30353120	    -11.13945078	      0.90200502	      0.94663735	      0.14794625	      4.85733247	     -8.28230553	    -13.54924120	     47.18181101	      2.23390367	      0.82347795	      2.80086048	    -11.63462031	     -7.50000000	      6.67317005	     -5.17487973	    -28.03216370	     29.79993112	     -1.27946829	      0.52010691	     12.98189791	     -2.17297667	     -7.50000000	    -19.73478641	      1.35039832	     -1.18163170	     10.40916697	    -12.06145353	     21.50313652	     46.64536989	     90.00000001	      0.00000000	      0.00000000	    -17.45499217	     -9.92556726	     -9.79158055	     46.67485162	     90.00000001	      0.00000000	      0.00000000
     10.25000000	      5.72264784	     -4.47544931	    -11.03565156	      0.90389853	      0.94713574	      0.14702455	      5.17897287	     -8.20364464	    -13.40883528	     47.50274330	      2.32922007	      0.82907927	      2.62610724	    -11.47578841	     -7.50000000	      6.33609663	     -5.34354048	    -28.09331852	     29.60684274	     -1.11444146	      0.51673689	     13.01376189	     -2.08675878	     -7.50000000	    -19.77193642	      1.44106791	     -1.29614952	     10.34281585	    -12.03692706	     21.51066474	     46.72057939	     90.00000001	      0.00000000	      0.00000000	    -17.51443691	     -9.90150414	     -9.80661423	     46.63244622	     90.00000001	      0.00000000	      0.00000000
     10.26000000	      5.78067799	     -4.55148954	    -11.00036732	      0.90572229	      0.94765883	      0.14610890	      5.51727371	     -8.23795283	    -13.05337688	     47.74168362	      2.51952889	      0.83324957	      2.26837925	    -11.14229102	     -7.50000000	      5.92112748	     -5.34317054	    -28.14756541	     29.25163352	     -0.94980772	      0.51053732	     13.11251824	     -1.82526904	     -7.50000000	    -19.84164767	      1.39576044	     -1.35731308	     10.27151400	    -12.07650255	     21.53194932	     46.89051363	     90.00000001	      0.00000000	      0.00000000	    -17.49846997	     -9.84482983	     -9.85927466	     46.55885859	     90.00000001	      0.00000000	      0.00000000
     10.27000000	      5.76671821	     -4.69190296	    -10.81420225	      0.90758965	      0.94806156	      0.14517865	      5.84264013	     -8.17069040	    -12.96467639	     47.81603621	      2.66570616	      0.83454727	      2.19775954	    -10.90781561	     -7.50000000	      5.69615715	     -5.47512682	    -28.16353487	     29.11251858	     -0.85504236	      0.50810930	     13.13060716	     -1.72662650	     -7.50000000	    -19.82023821	      1.47046562	     -1.52820635	     10.12924882	    -12.09219057	     21.51911631	     46.94801914	     90.00000001	      0.00000000	      0.00000000	    -17.48253605	     -9.84339612	     -9.86108559	     46.57200827	     90.00000001	      0.00000000	      0.00000000
     10.28000000	      5.88283845	     -4.80129081	    -10.81411782	      0.90951876	      0.94863636	      0.14433067	      6.03568740	     -8.21838845	    -12.48788076	     47.75293507	      3.08699110	      0.83344594	      2.23726781	    -10.14959833	     -7.49999999	      5.18620926	     -5.48162083	    -28.44727431	     28.70320407	     -0.81540009	      0.50096542	     13.41052828	     -0.75586101	     -7.49999999	    -19.95441983	      1.46704070	     -1.47068494	      9.93962703	    -12.22677397	     21.63613437	     47.54182895	     90.00000001	      0.00000000	      0.00000000	    -17.38409990	     -9.73468580	    -10.09538398	     46.26975808	     90.00000001	      0.00000000	      0.00000000
     10.29000000	      5.85925974	     -4.90360807	    -10.60242191	      0.91119340	      0.94892688	      0.14350891	      6.43348177	     -8.12530997	    -12.39942199	     47.68558618	      3.14306385	      0.83227048	      2.20448591	     -9.90136671	     -7.49999999	      5.04432128	     -5.58308452	    -28.38770026	     28.66572273	     -0.74763515	      0.50031124	     13.40306300	     -0.67184946	     -7.49999999	    -19.96202399	      1.48381165	     -1.65986996	      9.82128323	    -12.27336393	     21.60093140	     47.57560049	     90.00000001	      0.00000000	      0.00000000	    -17.31078146	     -9.72983321	    -10.07569059	     46.34363249	     90.00000001	      0.00000000	      0.00000000
     10.30000000	      5.82155555	     -5.07820831	    -10.56019560	      0.91301829	      0.94935747	      0.14283794	      6.77070508	     -7.90429844	    -11.94231767	     47.31507154	      3.36798474	      0.82580378	      2.10291798	     -9.19118501	     -7.49999999	      4.70891094	     -5.70184194	    -28.38571663	     28.25650591	     -0.59430269	      0.49316906	     13.51981934	     -0.39713084	     -7.49999999	    -19.92957269	      1.57841362	     -1.70581639	      9.69872661	    -12.28500889	     21.59485779	     47.65500732	     90.00000001	      0.00000000	      0.00000000	    -17.32509929	     -9.67468089	    -10.07185524	     46.36066854	     90.00000001	      0.00000000	      0.00000000
     10.31000000	      5.86875580	     -5.21143575	    -10.42137632	      0.91474374	      0.94978039	      0.14208401	      7.00213150	     -7.81972698	    -11.63251497	     46.86406813	      3.68558931	      0.81793229	      2.35652181	     -8.23547005	     -7.49999999	      4.38558408	     -5.79815651	    -28.41820412	     28.02453041	     -0.49131664	      0.48912033	     13.66738039	      0.04440841	     -7.49999999	    -20.03965900	      1.62266130	     -1.72319255	      9.57529664	    -12.31967676	     21.56651439	     47.77881041	     90.00000001	      0.00000000	      0.00000000	    -17.26226075	     -9.66373936	    -10.06968001	     46.38207889	     90.00000001	      0.00000000	      0.00000000
     10.32000000	      5.83894930	     -5.27326822	    -10.26188420	      0.91640796	      0.94992347	      0.14146454	      7.44599867	     -7.78261159	    -11.61535939	     46.56223875	      3.76018442	      0.81266437	      2.41196087	     -7.99836351	     -7.49999999	      4.25151444	     -5.85686318	    -28.41968227	     27.96964807	     -0.43833550	      0.48816245	     13.68646286	      0.11659273	     -7.49999999	    -20.01856897	      1.57577125	     -1.88858792	      9.47062895	    -12.33723384	     21.53934386	     47.81573691	     90.00000001	      0.00000000	      0.00000000	    -17.17921380	     -9.68684033	    -10.05360472	     46.45437023	     90.00000001	      0.00000000	      0.00000000
     10.33000000	      5.91382699	     -5.45960316	    -10.17030965	      0.91828919	      0.95036860	      0.14096166	      7.55661782	     -7.55671613	    -11.34529123	     45.74724571	      3.94436524	      0.79844006	      3.13744155	     -6.17047333	     -7.49999999	      3.86649794	     -5.99438776	    -28.55909858	     27.71066426	     -0.42529071	      0.48364233	     13.97281281	      0.84387122	     -7.49999999	    -20.12053655	      1.63929835	     -1.87855747	      9.28913676	    -12.34343662	     21.44317443	     47.91880217	     90.00000001	      0.00000000	      0.00000000	    -17.13332019	     -9.69592484	     -9.96594941	     46.50020883	     90.00000001	      0.00000000	      0.00000000
     10.34000000	      5.81860720	     -5.52309138	    -10.01871021	      0.91995854	      0.95044675	      0.14033545	      8.00970212	     -7.45084888	    -11.32213774	     45.10314824	      3.98202514	      0.78719844	      3.24785020	     -5.73990080	     -7.49999998	      3.81870715	     -6.02009120	    -28.54593978	     27.60133494	     -0.44249400	      0.48173417	     14.01575980	      0.97905702	     -7.49999998	    -20.03493446	      1.64605868	     -1.98888353	      9.15285022	    -12.34812848	     21.41211531	     47.93832114	     90.00000001	      0.00000000	      0.00000000	    -17.06789483	     -9.71206216	     -9.93005553	     46.59466310	     90.00000001	      0.00000000	      0.00000000
     10.35000000	      5.76761301	     -5.66179547	     -9.87778770	      0.92163155	      0.95058779	      0.13985004	      8.34019258	     -7.23043855	    -11.16234463	     44.25977824	      4.09254849	      0.77247886	      3.45971362	     -4.99802201	     -7.49999998	      3.71866461	     -6.11994574	    -28.45793196	     27.51870286	     -0.46587351	      0.48029197	     14.09659717	      1.18031135	     -7.49999998	    -20.01507405	      1.69096812	     -2.03955007	      9.00444417	    -12.35903425	     21.35385267	     47.93034100	     90.00000001	      0.00000000	      0.00000000	    -16.99409743	     -9.72848596	     -9.86556076	     46.71494207	     90.00000001	      0.00000000	      0.00000000
     10.36000000	      5.76054901	     -5.79119161	     -9.73776779	      0.92328363	      0.95069863	      0.13934668	      8.63955444	     -7.06461146	    -11.09451870	     43.40174927	      4.19063460	      0.75750343	      3.79099314	     -4.10569886	     -7.49999998	      3.58551494	     -6.23638098	    -28.41907979	     27.48568166	     -0.43144492	      0.47971564	     14.21668782	      1.38894136	     -7.49999998	    -20.05483444	      1.73910288	     -2.07868004	      8.92364609	    -12.37163458	     21.26383609	     47.90340341	     90.00000001	      0.00000000	      0.00000000	    -16.88913016	     -9.76233757	     -9.77260579	     46.85216005	     90.00000001	      0.00000000	      0.00000000
     10.37000000	      5.77223011	     -5.92516641	     -9.58617593	      0.92498045	      0.95078795	      0.13888790	      8.88993325	     -6.87869554	    -11.17004007	     42.41558850	      4.18207156	      0.74029167	      4.29882484	     -2.79375861	     -7.49999998	      3.44297007	     -6.36960461	    -28.40793907	     27.49186058	     -0.40510588	      0.47982348	     14.39600434	      1.65266686	     -7.49999998	    -20.10674546	      1.79636121	     -2.10375325	      8.81881191	    -12.34674990	     21.13014366	     47.80785867	     90.00000001	      0.00000000	      0.00000000	    -16.81012096	     -9.81271184	     -9.61152221	     47.01156538	     90.00000001	      0.00000000	      0.00000000
     10.38000000	      5.84565197	     -5.97377799	     -9.42225349	      0.92679037	      0.95079730	      0.13848439	      9.15250357	     -6.88089099	    -12.16757025	     41.57101726	      3.65100710	      0.72555112	      5.40298542	      0.32730851	     -7.49999997	      3.28236942	     -6.38361012	    -28.55120676	     27.51596046	     -0.52166243	      0.48024411	     14.68598955	      2.26926362	     -7.49999997	    -20.19417904	      1.72253245	     -2.18957222	      8.72980766	    -12.18362350	     20.73643534	     47.51285325	     90.00000001	      0.00000000	      0.00000000	    -16.79881421	    -10.02159780	     -9.10129652	     47.28209200	     90.00000001	      0.00000000	      0.00000000
     10.39000000	      5.77215119	     -6.06985854	     -9.29998185	      0.92837403	      0.95069150	      0.13808614	      9.53466997	     -6.71544217	    -12.17072207	     40.54821411	      3.72710415	      0.70769984	      5.51820897	      0.74768881	     -7.49999997	      3.31833337	     -6.44259810	    -28.42715991	     27.58437885	     -0.58505138	      0.48143823	     14.74866287	      2.27650449	     -7.49999997	    -20.15838835	      1.74368668	     -2.20097725	      8.60810221	    -12.20900019	     20.68364327	     47.48057092	     90.00000001	      0.00000000	      0.00000000	    -16.68059277	    -10.04154112	     -9.03262048	     47.42629415	     90.00000001	      0.00000000	      0.00000000
     10.40000000	      5.75157949	     -6.20634565	     -9.17907632	      0.92999666	      0.95062578	      0.13778392	      9.82957668	     -6.51170088	    -12.31211729	     39.44909334	      3.73073904	      0.68851657	      5.76571705	      1.59034167	     -7.49999997	      3.29141520	     -6.57735224	    -28.27980682	     27.71641559	     -0.58946118	      0.48374271	     14.89368899	      2.22363287	     -7.49999997	    -20.18670897	      1.78715976	     -2.18630866	      8.52449930	    -12.19323738	     20.59248937	     47.35019855	     90.00000001	      0.00000000	      0.00000000	    -16.57660414	    -10.08312112	     -8.90839518	     47.57850682	     90.00000001	      0.00000000	      0.00000000
     10.41000000	      5.76637284	     -6.24385429	     -9.02334288	      0.93168814	      0.95047958	      0.13738584	     10.15327937	     -6.50095142	    -13.16588593	     38.47641643	      3.37520298	      0.67154015	      6.41670577	      3.81181539	     -7.49999996	      3.26240565	     -6.53212730	    -28.08247349	     27.79806411	     -0.66941057	      0.48516774	     15.02007748	      2.08474680	     -7.49999996	    -20.22343728	      1.74421792	     -2.23910064	      8.47999786	    -12.06462911	     20.31367747	     46.97975793	     90.00000001	      0.00000000	      0.00000000	    -16.50234808	    -10.22926436	     -8.55874294	     47.79837368	     90.00000001	      0.00000000	      0.00000000
     10.42000000	      5.69289129	     -6.33000091	     -8.91447445	      0.93327161	      0.95025985	      0.13704758	     10.53218191	     -6.35614996	    -13.28767139	     37.38125658	      3.44197227	      0.65242601	      6.52483816	      4.28309424	     -7.49999996	      3.35223513	     -6.57546275	    -27.93323629	     27.95272932	     -0.77095383	      0.48786716	     15.10310669	      2.02389397	     -7.49999996	    -20.18817174	      1.76305191	     -2.21463590	      8.37761494	    -12.10096270	     20.25870028	     46.92039148	     90.00000001	      0.00000000	      0.00000000	    -16.36049980	    -10.24163396	     -8.50023656	     47.94608511	     90.00000001	      0.00000000	      0.00000000
     10.43000000	      5.64456113	     -6.29469639	     -8.86004649	      0.93484057	      0.94996222	      0.13675003	     10.99411878	     -6.40418168	    -13.53970246	     36.47025363	      3.50277092	      0.63652600	      6.63217443	      4.51538714	     -7.49999996	      3.39508287	     -6.48394032	    -27.88783193	     28.04839955	     -0.83514597	      0.48953692	     15.18344643	      1.97312608	     -7.49999996	    -20.15888152	      1.63784859	     -2.17423712	      8.29068079	    -12.11595385	     20.24029067	     46.87298388	     90.00000001	      0.00000000	      0.00000000	    -16.22658958	    -10.26284180	     -8.47415680	     48.05900732	     90.00000001	      0.00000000	      0.00000000
     10.44000000	      5.68150521	     -6.46891936	     -8.70132803	      0.93651295	      0.94982795	      0.13645125	     11.20443854	     -6.22845248	    -14.69490246	     35.32199699	      3.06091919	      0.61648515	      7.27068464	      7.76013530	     -7.49999996	      3.38472106	     -6.61207874	    -27.46223613	     28.28616543	     -0.84392133	      0.49368672	     15.34278369	      1.51339305	     -7.49999996	    -20.25804003	      1.75517786	     -2.17804713	      8.37201564	    -11.97133929	     19.92656232	     46.30275499	     90.00000001	      0.00000000	      0.00000000	    -16.15148747	    -10.31645239	     -8.14365168	     48.24685702	     90.00000001	      0.00000000	      0.00000000
     10.45000000	      5.62666026	     -6.48200853	     -8.62099971	      0.93810437	      0.94951744	      0.13617756	     11.61604878	     -6.19479333	    -14.92216491	     34.33805102	      3.16351231	      0.59931205	      7.33650166	      8.04644401	     -7.49999996	      3.48417303	     -6.53092019	    -27.35323832	     28.43266654	     -1.04637022	      0.49624365	     15.43743752	      1.44751101	     -7.49999996	    -20.22795788	      1.69685660	     -2.13240898	      8.20362310	    -11.99157938	     19.91099291	     46.22986897	     90.00000001	      0.00000000	      0.00000000	    -16.00010154	    -10.37167044	     -8.13209364	     48.37183594	     90.00000001	      0.00000000	      0.00000000
     10.46000000	      5.60115219	     -6.63692708	     -8.54703665	      0.93970348	      0.94926157	      0.13600730	     11.91199838	     -5.97494012	    -15.33293525	     33.20961907	      3.16001986	      0.57961720	      7.36289942	      9.19061839	     -7.49999995	      3.51873266	     -6.72016822	    -27.19254749	     28.69696155	     -1.00445595	      0.50085646	     15.65893981	      1.21043768	     -7.49999995	    -20.25610152	      1.78333584	     -2.05502042	      8.20522794	    -11.98282807	     19.83512150	     46.00204319	     90.00000001	      0.00000000	      0.00000000	    -15.88507283	    -10.35184458	     -8.04949887	     48.46652894	     90.00000001	      0.00000000	      0.00000000
     10.47000000	      5.55666669	     -6.61058668	     -8.48048222	      0.94127324	      0.94891842	      0.13572490	     12.34012226	     -6.01631877	    -15.72647452	     32.31892570	      3.24723475	      0.56407166	      7.43641578	      9.63712562	     -7.49999995	      3.61081620	     -6.57251354	    -27.07309198	     28.82112807	     -1.22097705	      0.50302358	     15.75315869	      1.12237063	     -7.49999995	    -20.24261688	      1.69844644	     -1.98751095	      8.10844049	    -12.01387010	     19.80968606	     45.87450650	     90.00000001	      0.00000000	      0.00000000	    -15.72465682	    -10.35942690	     -8.02140252	     48.57824259	     90.00000001	      0.00000000	      0.00000000
     10.48000000	      5.59281747	     -6.68526675	     -8.35166082	      0.94302153	      0.94863551	      0.13551176	     12.66473799	     -6.01824038	    -17.14200684	     31.49676052	      2.88362233	      0.54972217	      7.81096665	     12.94334107	     -7.49999995	      3.55493743	     -6.60162757	    -26.71475486	     28.98710883	     -1.16466939	      0.50592049	     15.87920476	      0.59957617	     -7.49999995	    -20.29695963	      1.71814055	     -2.01574260	      8.26547050	    -11.83619246	     19.54465934	     45.22671378	     90.00000001	      0.00000000	      0.00000000	    -15.65130722	    -10.38783067	     -7.85586803	     48.64280538	     90.00000001	      0.00000000	      0.00000000
     10.49000000	      5.58000237	     -6.64490842	     -8.38896695	      0.94461242	      0.94827998	      0.13536420	     13.13131971	     -6.08720087	    -17.43494685	     30.83293339	      3.06206028	      0.53813621	      7.83439299	     13.03708922	     -7.49999995	      3.53709541	     -6.49601492	    -26.71706766	     29.07437287	     -1.23574277	      0.50744353	     15.95699828	      0.55214065	     -7.49999995	    -20.31167272	      1.59689852	     -1.88647724	      8.23068317	    -11.85996534	     19.53359190	     45.19742352	     90.00000001	      0.00000000	      0.00000000	    -15.55677725	    -10.36767424	     -7.84385196	     48.72285546	     90.00000001	      0.00000000	      0.00000000
     10.50000000	      5.58175154	     -6.73709883	     -8.29569219	      0.94627012	      0.94799789	      0.13519970	     13.44019811	     -5.96954402	    -18.30506733	     29.95701374	      2.92136102	      0.52284852	      7.74777945	     15.04831424	     -7.49999995	      3.56544250	     -6.52660190	    -26.40969408	     29.31417637	     -1.30488824	      0.51162890	     16.14350347	      0.19387520	     -7.49999995	    -20.34863934	      1.64788714	     -1.82172907	      8.28264852	    -11.79092981	     19.31810978	     44.76660693	     90.00000001	      0.00000000	      0.00000000	    -15.41957981	    -10.36200761	     -7.78388515	     48.81175638	     90.00000001	      0.00000000	      0.00000000
     10.51000000	      5.55477554	     -6.76746438	     -8.29178920	      0.94793640	      0.94766445	      0.13511272	     13.83055531	     -5.91336939	    -18.60419458	     29.24080224	      3.10259493	      0.51034827	      7.58216835	     15.38184153	     -7.49999995	      3.56192411	     -6.51883794	    -26.37676098	     29.44191366	     -1.37029603	      0.51385833	     16.29914667	      0.08492272	     -7.49999995	    -20.34609472	      1.62662815	     -1.71212706	      8.22378879	    -11.80434355	     19.29736353	     44.65833504	     90.00000001	      0.00000000	      0.00000000	    -15.34921751	    -10.30292969	     -7.76258100	     48.87170711	     90.00000001	      0.00000000	      0.00000000
     10.52000000	      5.56496526	     -6.73842365	     -8.31475635	      0.94962760	      0.94731563	      0.13500051	     14.25504698	     -5.95297289	    -18.92679252	     28.74873866	      3.26710131	      0.50176015	      7.51603451	     15.49507912	     -7.49999994	      3.48366445	     -6.42981077	    -26.37207974	     29.50560940	     -1.41610676	      0.51497003	     16.39308242	      0.03197426	     -7.49999994	    -20.36867241	      1.54004128	     -1.60472232	      8.20885111	    -11.82207999	     19.29056025	     44.59857937	     90.00000001	      0.00000000	      0.00000000	    -15.28920326	    -10.25704777	     -7.74756566	     48.91564809	     90.00000001	      0.00000000	      0.00000000
     10.53000000	      5.58509047	     -6.79242923	     -8.21257015	      0.95142328	      0.94705195	      0.13489515	     14.56204452	     -5.91109286	    -19.95509525	     28.16832472	      3.14963732	      0.49163001	      7.13885680	     17.35471301	     -7.49999994	      3.44438425	     -6.40366654	    -26.02466639	     29.66196812	     -1.45359382	      0.51769901	     16.58445946	     -0.34761583	     -7.49999994	    -20.39589995	      1.56115960	     -1.56994667	      8.29431108	    -11.68411183	     19.11378133	     44.01182031	     90.00000001	      0.00000000	      0.00000000	    -15.21439733	    -10.18125618	     -7.73848838	     48.91689331	     90.00000001	      0.00000000	      0.00000000
     10.54000000	      5.61823316	     -6.75718011	     -8.29115330	      0.95318370	      0.94670912	      0.13492186	     14.98291843	     -5.93746115	    -20.19894618	     27.87084137	      3.30879231	      0.48643795	      7.11582125	     17.33322735	     -7.49999994	      3.28221074	     -6.33958882	    -26.07170876	     29.68494936	     -1.41843984	      0.51810010	     16.64126236	     -0.37376516	     -7.49999994	    -20.43067445	      1.46409926	     -1.46390282	      8.34513946	    -11.69839877	     19.10234273	     44.01913361	     90.00000001	      0.00000000	      0.00000000	    -15.21586067	    -10.15747752	     -7.73245345	     48.93355138	     90.00000001	      0.00000000	      0.00000000
     10.55000000	      5.63040597	     -6.78951344	     -8.25703125	      0.95500098	      0.94643134	      0.13488170	     15.28605001	     -5.84788360	    -20.66463369	     27.37620901	      3.34819664	      0.47780498	      6.41892486	     17.71524764	     -7.49999994	      3.21065601	     -6.32900985	    -25.94498162	     29.81264569	     -1.45466968	      0.52032883	     16.92579303	     -0.53131112	     -7.49999994	    -20.44951418	      1.46487722	     -1.36768152	      8.30702567	    -11.72457672	     19.05939568	     43.84277758	     90.00000001	      0.00000000	      0.00000000	    -15.13150436	    -10.08240708	     -7.72090512	     48.98930949	     90.00000001	      0.00000000	      0.00000000
     10.56000000	      5.68392595	     -6.74853557	     -8.26161043	      0.95691457	      0.94614306	      0.13488048	     15.61632312	     -5.86288358	    -20.99989506	     27.14577117	      3.42619868	      0.47378308	      6.22499106	     17.78550138	     -7.49999994	      3.04036192	     -6.22316043	    -25.91104156	     29.84608668	     -1.48610788	      0.52091248	     17.02448115	     -0.58662910	     -7.49999994	    -20.48430462	      1.38287340	     -1.29357800	      8.29012836	    -11.73310599	     19.04231608	     43.76784854	     90.00000001	      0.00000000	      0.00000000	    -15.10634985	    -10.01335353	     -7.70421683	     49.01154247	     90.00000001	      0.00000000	      0.00000000
     10.57000000	      5.74310234	     -6.71653338	     -8.25906925	      0.95885058	      0.94585903	      0.13490183	     15.92153317	     -5.86201003	    -21.31917119	     26.97777629	      3.49305389	      0.47085102	      5.96677825	     17.84563672	     -7.49999994	      2.85379005	     -6.14878466	    -25.88794203	     29.86038690	     -1.48289630	      0.52116207	     17.13977813	     -0.64488718	     -7.49999994	    -20.52214977	      1.30176181	     -1.21352940	      8.30149895	    -11.73689790	     19.02695799	     43.70438893	     90.00000001	      0.00000000	      0.00000000	    -15.12753030	     -9.94121371	     -7.68703905	     49.01125962	     90.00000001	      0.00000000	      0.00000000
     10.58000000	      5.83505158	     -6.70125978	     -8.22129945	      0.96087458	      0.94560262	      0.13490776	     16.19783249	     -5.87764555	    -21.94020174	     26.94711272	      3.43529005	      0.47031584	      5.06732363	     18.11545857	     -7.49999994	      2.62653299	     -6.06107829	    -25.66058971	     29.88960769	     -1.44621544	      0.52167207	     17.39950920	     -0.78218891	     -7.49999994	    -20.58882308	      1.27236161	     -1.19402210	      8.33201656	    -11.70174510	     18.95784579	     43.52750016	     90.00000001	      0.00000000	      0.00000000	    -15.12028128	     -9.90496181	     -7.67966490	     49.02965135	     90.00000001	      0.00000000	      0.00000000
     10.59000000	      5.89057461	     -6.66122157	     -8.21672518	      0.96295114	      0.94528618	      0.13498286	     16.46741340	     -5.84792795	    -22.05913239	     26.89638633	      3.49549334	      0.46943050	      5.00281599	     18.08815043	     -7.49999994	      2.43901527	     -5.98964827	    -25.62682592	     29.93843704	     -1.43439616	      0.52252430	     17.41556046	     -0.78099257	     -7.49999994	    -20.60137862	      1.20213826	     -1.15137477	      8.32580559	    -11.69627901	     18.94004695	     43.53359088	     90.00000001	      0.00000000	      0.00000000	    -15.17941857	     -9.83779274	     -7.65623309	     49.02881633	     90.00000001	      0.00000000	      0.00000000
     10.60000000	      6.05732769	     -6.58749257	     -8.16514884	      0.96516232	      0.94509067	      0.13499617	     16.66791124	     -5.92121635	    -22.59440980	     27.07005351	      3.35656507	      0.47246156	      4.21242681	     18.12223851	     -7.49999994	      2.07920782	     -5.81864413	    -25.50844699	     29.85863392	     -1.42144173	      0.52113147	     17.68907855	     -0.92119717	     -7.49999994	    -20.71738818	      1.10382986	     -1.14317701	      8.32904626	    -11.67068746	     18.87130800	     43.41022837	     90.00000001	      0.00000000	      0.00000000	    -15.18802599	     -9.77669961	     -7.63018814	     49.04195081	     90.00000001	      0.00000000	      0.00000000
     10.61000000	      6.10294780	     -6.54152474	     -8.11733277	      0.96737672	      0.94472385	      0.13507900	     16.88486968	     -5.87628884	    -22.62236010	     27.09604687	      3.39864551	      0.47291523	      4.13702815	     18.08020435	     -7.49999994	      1.91269729	     -5.75369953	    -25.43274055	     29.93455480	     -1.41324426	      0.52245654	     17.68133287	     -0.89421023	     -7.49999994	    -20.69824944	      1.05766705	     -1.15595869	      8.29287238	    -11.67400745	     18.84613656	     43.43085781	     90.00000001	      0.00000000	      0.00000000	    -15.23413157	     -9.73081529	     -7.60765151	     49.05247816	     90.00000001	      0.00000000	      0.00000000
     10.62000000	      6.31207177	     -6.43497577	     -8.02626076	      0.96972180	      0.94453056	      0.13509224	     17.02503614	     -6.02212042	    -23.14930808	     27.44152846	      3.24800954	      0.47894502	      3.14540087	     17.98603207	     -7.49999994	      1.47837042	     -5.54388469	    -25.23332776	     29.80331666	     -1.34166191	      0.52016600	     17.98431568	     -1.03276820	     -7.49999994	    -20.84385503	      0.92664969	     -1.19696426	      8.30890551	    -11.61045109	     18.73332948	     43.35174148	     90.00000001	      0.00000000	      0.00000000	    -15.31751673	     -9.67804812	     -7.55668865	     49.05126238	     90.00000001	      0.00000000	      0.00000000
     10.63000000	      6.34492296	     -6.37823446	     -7.93327416	      0.97212792	      0.94411044	      0.13515721	     17.18530690	     -5.96863690	    -23.08754591	     27.52052908	      3.24927311	      0.48032384	      3.08503337	     17.93278547	     -7.49999994	      1.33453884	     -5.47394756	    -25.13705758	     29.90070179	     -1.34090172	      0.52186569	     17.95802213	     -0.98830703	     -7.49999994	    -20.77264136	      0.89740456	     -1.24621134	      8.24829820	    -11.62139258	     18.70364195	     43.38293125	     90.00000001	      0.00000000	      0.00000000	    -15.33869784	     -9.64264684	     -7.53300001	     49.07651638	     90.00000001	      0.00000000	      0.00000000
     10.64000000	      6.62932385	     -6.24034809	     -7.83232663	      0.97465106	      0.94394401	      0.13517706	     17.22942555	     -6.12304533	    -23.40197834	     28.00645106	      3.05552787	      0.48880478	      2.18358369	     17.67773209	     -7.49999994	      0.78504767	     -5.22714162	    -25.01232176	     29.72889383	     -1.27178144	      0.51886708	     18.28956247	     -1.11963206	     -7.49999994	    -20.97388653	      0.74519633	     -1.32193178	      8.22375919	    -11.56339963	     18.58937389	     43.36592784	     90.00000001	      0.00000000	      0.00000000	    -15.46138095	     -9.57788541	     -7.45441720	     49.04177480	     90.00000001	      0.00000000	      0.00000000
     10.65000000	      6.80294802	     -6.12706616	     -7.69396189	      0.97720277	      0.94363964	      0.13525842	     17.27825503	     -6.19075459	    -23.46789070	     28.34327708	      2.96363687	      0.49468351	      1.60773150	     17.43061739	     -7.49999994	      0.41477027	     -5.06127477	    -24.83043008	     29.67209584	     -1.21359623	      0.51787577	     18.45290307	     -1.18194325	     -7.49999994	    -21.04305083	      0.62866986	     -1.42241211	      8.18056935	    -11.52026415	     18.46366195	     43.39687983	     90.00000001	      0.00000000	      0.00000000	    -15.53505086	     -9.55060822	     -7.36866629	     49.03867288	     90.00000001	      0.00000000	      0.00000000
     10.66000000	      6.97594663	     -6.01037723	     -7.56322052	      0.97982496	      0.94330609	      0.13527241	     17.29025223	     -6.24552185	    -23.42446617	     28.66908638	      2.88073300	      0.50036995	      1.16385373	     17.15712197	     -7.49999993	      0.05919491	     -4.87617134	    -24.67460782	     29.65149813	     -1.18354161	      0.51751627	     18.59404104	     -1.22494862	     -7.49999993	    -21.11545740	      0.55146196	     -1.50764976	      8.10149550	    -11.47754460	     18.35007693	     43.44178288	     90.00000001	      0.00000000	      0.00000000	    -15.61766745	     -9.52086288	     -7.27465830	     49.01765616	     90.00000001	      0.00000000	      0.00000000
     10.67000000	      7.10741473	     -5.91544883	     -7.38329859	      0.98252099	      0.94289719	      0.13534809	     17.28962417	     -6.21239563	    -23.24977069	     28.93517308	      2.74774399	      0.50501404	      0.95876914	     17.05178619	     -7.49999993	     -0.20983359	     -4.76479074	    -24.56662821	     29.72208567	     -1.19179314	      0.51874826	     18.64789896	     -1.21180233	     -7.49999993	    -21.11500784	      0.50390047	     -1.61992962	      7.99561461	    -11.46558602	     18.30794457	     43.46060813	     90.00000001	      0.00000000	      0.00000000	    -15.68465166	     -9.46312137	     -7.22201524	     48.99161048	     90.00000001	      0.00000000	      0.00000000
     10.68000000	      7.29198335	     -5.79774506	     -7.21535383	      0.98530678	      0.94250254	      0.13539761	     17.22519060	     -6.23712873	    -23.10047062	     29.28653656	      2.63159895	      0.51114649	      0.67340334	     16.89095770	     -7.49999993	     -0.56482835	     -4.61063181	    -24.46494358	     29.74962454	     -1.17835557	      0.51922890	     18.77453792	     -1.20404433	     -7.49999993	    -21.16880745	      0.43351213	     -1.74886371	      7.90464239	    -11.44041663	     18.26173382	     43.49644326	     90.00000001	      0.00000000	      0.00000000	    -15.74708637	     -9.41970616	     -7.16393389	     48.94781343	     90.00000001	      0.00000000	      0.00000000
     10.69000000	      7.50720455	     -5.64680535	     -7.01853552	      0.98811814	      0.94212566	      0.13545805	     17.10987880	     -6.34211773	    -22.98665344	     29.67240457	      2.57109007	      0.51788116	      0.33151968	     16.62116666	     -7.49999993	     -0.97097902	     -4.41662195	    -24.33321510	     29.72299038	     -1.15982539	      0.51876405	     18.97294732	     -1.18362948	     -7.49999993	    -21.25972772	      0.32103298	     -1.87033906	      7.84736635	    -11.40828562	     18.19426733	     43.57563280	     90.00000001	      0.00000000	      0.00000000	    -15.78552042	     -9.40141751	     -7.08848419	     48.89500538	     90.00000001	      0.00000000	      0.00000000
     10.70000000	      7.69753928	     -5.50098198	     -6.79544654	      0.99102591	      0.94171801	      0.13549846	     16.95539659	     -6.40515416	    -22.81756905	     29.99665097	      2.50155645	      0.52354032	      0.09030951	     16.34819027	     -7.49999993	     -1.32963364	     -4.23269942	    -24.18871712	     29.72583573	     -1.16697647	      0.51881371	     19.13994960	     -1.14186407	     -7.49999993	    -21.30330198	      0.24085804	     -2.01528292	      7.72178012	    -11.38840182	     18.13011239	     43.64193817	     90.00000001	      0.00000000	      0.00000000	    -15.81750867	     -9.37071434	     -7.00538834	     48.84137704	     90.00000001	      0.00000000	      0.00000000
     10.71000000	      7.81614173	     -5.38032039	     -6.55784991	      0.99401849	      0.94121875	      0.13554440	     16.81222012	     -6.40244116	    -22.63013387	     30.22391076	      2.40746020	      0.52750676	     -0.01249994	     16.19418357	     -7.49999993	     -1.59823213	     -4.10596228	    -24.09257212	     29.77848255	     -1.18906713	      0.51973257	     19.22767570	     -1.10581656	     -7.49999993	    -21.26053019	      0.20426247	     -2.15932872	      7.56564838	    -11.38597893	     18.09525167	     43.66113737	     90.00000001	      0.00000000	      0.00000000	    -15.83749620	     -9.32260952	     -6.94721426	     48.80650555	     90.00000001	      0.00000000	      0.00000000
     10.72000000	      8.12867418	     -5.18881064	     -6.31929013	      0.99702843	      0.94090227	      0.13556946	     16.47417040	     -6.59404153	    -22.43694457	     30.59600834	      2.48214058	      0.53400108	     -0.11098886	     15.55158195	     -7.49999993	     -2.14855600	     -3.84840532	    -23.90861801	     29.68785799	     -1.16108158	      0.51815087	     19.58666810	     -0.99298088	     -7.49999993	    -21.44197899	      0.07149094	     -2.31071437	      7.50538682	    -11.34985603	     17.96547316	     43.85821867	     90.00000001	      0.00000000	      0.00000000	    -15.80480920	     -9.34944741	     -6.79586029	     48.68190872	     90.00000001	      0.00000000	      0.00000000
     10.73000000	      8.21659739	     -5.07339618	     -6.07318319	      1.00010138	      0.94034651	      0.13569166	     16.29118355	     -6.54071519	    -22.21437804	     30.74841001	      2.37078136	      0.53666099	     -0.09516478	     15.37066099	     -7.49999993	     -2.36760098	     -3.73800530	    -23.80879384	     29.76951488	     -1.22260750	      0.51957605	     19.64529903	     -0.93484981	     -7.49999993	    -21.35799141	      0.05771190	     -2.42259031	      7.29269367	    -11.33916375	     17.93669392	     43.86626668	     90.00000001	      0.00000000	      0.00000000	    -15.82997569	     -9.28587336	     -6.72738788	     48.63820270	     90.00000001	      0.00000000	      0.00000000
     10.74000000	      8.48575121	     -4.92280669	     -5.80053666	      1.00325611	      0.93999470	      0.13575830	     15.85016575	     -6.61516700	    -21.82969217	     30.92516989	      2.52392768	      0.53974604	      0.28173827	     14.31189351	     -7.49999993	     -2.87661176	     -3.55054248	    -23.64939124	     29.67998290	     -1.21931285	      0.51801342	     20.02919668	     -0.66078214	     -7.49999993	    -21.47795661	     -0.00328749	     -2.52890330	      7.10353046	    -11.32455216	     17.74080872	     44.12649892	     90.00000001	      0.00000000	      0.00000000	    -15.75124343	     -9.30891029	     -6.47153482	     48.42657741	     90.00000001	      0.00000000	      0.00000000
     10.75000000	      8.57915407	     -4.79844530	     -5.55470419	      1.00635364	      0.93943335	      0.13595429	     15.61579369	     -6.56200455	    -21.61393890	     31.03368558	      2.41571412	      0.54163999	      0.38311734	     14.07564866	     -7.49999993	     -3.09569024	     -3.45299602	    -23.59759128	     29.79962016	     -1.28916482	      0.52010149	     20.09365359	     -0.59159573	     -7.49999993	    -21.40856076	     -0.03143330	     -2.61900297	      6.93905801	    -11.31086801	     17.70586176	     44.14194331	     90.00000001	      0.00000000	      0.00000000	    -15.71733966	     -9.26443270	     -6.39757360	     48.38232962	     90.00000001	      0.00000000	      0.00000000
     10.76000000	      8.81576750	     -4.68492827	     -5.26843705	      1.00959297	      0.93906569	      0.13609061	     15.12125839	     -6.55750237	    -21.38569362	     31.08625673	      2.48181122	      0.54255753	      0.99049728	     13.27879813	     -7.49999993	     -3.55000013	     -3.35246726	    -23.54473783	     29.77777395	     -1.31633543	      0.51972020	     20.39083832	     -0.36959166	     -7.49999993	    -21.48831427	     -0.03994431	     -2.73890001	      6.79384445	    -11.30796471	     17.58347613	     44.25241798	     90.00000001	      0.00000000	      0.00000000	    -15.60123808	     -9.26010139	     -6.23281593	     48.20969561	     90.00000001	      0.00000000	      0.00000000
     10.77000000	      8.87401445	     -4.58580859	     -5.06464273	      1.01276133	      0.93848912	      0.13637367	     14.81622269	     -6.42075367	    -20.60283925	     31.03610507	      2.68577522	      0.54168222	      1.22405777	     11.50890290	     -7.49999993	     -3.76002989	     -3.30805573	    -23.71727034	     29.86310762	     -1.44902788	      0.52120955	     20.73507962	      0.38863483	     -7.49999993	    -21.37632523	     -0.02467229	     -2.67497043	      6.48077692	    -11.28555414	     17.21636831	     44.49759060	     90.00000001	      0.00000000	      0.00000000	    -15.43464742	     -9.29087671	     -5.77623463	     47.86614288	     90.00000001	      0.00000000	      0.00000000
     10.78000000	      9.03904034	     -4.48943438	     -4.78526552	      1.01607126	      0.93805935	      0.13662097	     14.36507317	     -6.36868095	    -20.61717682	     31.01173493	      2.59542243	      0.54125688	      1.76602361	     11.19322791	     -7.49999993	     -4.13329378	     -3.24237205	    -23.62480035	     29.86598791	     -1.48131245	      0.52125982	     20.89521289	      0.47775554	     -7.49999993	    -21.37136486	     -0.00740130	     -2.76339737	      6.34989385	    -11.24961366	     17.19563046	     44.43796071	     90.00000001	      0.00000000	      0.00000000	    -15.38449970	     -9.22783684	     -5.72490067	     47.81738836	     90.00000001	      0.00000000	      0.00000000
     10.79000000	      9.18070005	     -4.39472237	     -4.52402468	      1.01940173	      0.93763008	      0.13693530	     13.91833755	     -6.30179205	    -20.59485026	     30.94383343	      2.52630709	      0.54007178	      2.40722599	     10.80584317	     -7.49999993	     -4.49362655	     -3.17459138	    -23.52268413	     29.85353149	     -1.51739582	      0.52104242	     21.07982204	      0.60578368	     -7.49999993	    -21.34137478	      0.00703747	     -2.81967461	      6.21269517	    -11.22457378	     17.16472805	     44.38621142	     90.00000001	      0.00000000	      0.00000000	    -15.30538463	     -9.16570684	     -5.68465309	     47.73990919	     90.00000001	      0.00000000	      0.00000000
     10.80000000	      9.29646399	     -4.30095206	     -4.27514027	      1.02274426	      0.93719225	      0.13728123	     13.49009987	     -6.22256220	    -20.53730001	     30.85407842	      2.45781982	      0.53850526	      3.06006539	     10.35837871	     -7.49999993	     -4.83125341	     -3.11941596	    -23.42671828	     29.83577025	     -1.53520545	      0.52073243	     21.26841401	      0.77881286	     -7.49999993	    -21.28503309	      0.03707288	     -2.85791650	      6.05492579	    -11.19227700	     17.12098241	     44.33058605	     90.00000001	      0.00000000	      0.00000000	    -15.21675419	     -9.08328791	     -5.65060135	     47.63871478	     90.00000001	      0.00000000	      0.00000000
     10.81000000	      9.33180255	     -4.18501561	     -4.05463801	      1.02608379	      0.93669223	      0.13769418	     13.16977538	     -6.17185796	    -20.57222547	     30.76784698	      2.33863206	      0.53700023	      3.40869559	     10.13075935	     -7.49999993	     -5.05183774	     -3.02975328	    -23.36347236	     29.85780916	     -1.62065382	      0.52111708	     21.35947115	      0.83637068	     -7.49999993	    -21.14241322	      0.03260073	     -2.85953561	      5.83954976	    -11.15536878	     17.12684190	     44.25119591	     90.00000001	      0.00000000	      0.00000000	    -15.16046065	     -8.96839008	     -5.62168014	     47.61363511	     90.00000001	      0.00000000	      0.00000000
     10.82000000	      9.45405737	     -4.12993736	     -3.81284089	      1.02948890	      0.93635045	      0.13816026	     12.69387639	     -6.05645612	    -20.68961086	     30.60184866	      2.22604715	      0.53410302	      4.17655167	      9.68409464	     -7.49999993	     -5.43254068	     -3.00868929	    -23.24099831	     29.78437419	     -1.65361285	      0.51983540	     21.54940703	      0.95745124	     -7.49999993	    -21.09395144	      0.10096601	     -2.85048072	      5.70862081	    -11.14364328	     17.09604888	     44.16714100	     90.00000001	      0.00000000	      0.00000000	    -15.03460771	     -8.88933374	     -5.61222846	     47.54531936	     90.00000001	      0.00000000	      0.00000000
     10.83000000	      9.51419269	     -4.06083098	     -3.59806439	      1.03286619	      0.93594348	      0.13868351	     12.33794469	     -5.95964239	    -20.70565018	     30.50617861	      2.12497155	      0.53243326	      4.70717428	      9.37266543	     -7.49999993	     -5.74469080	     -2.99737088	    -23.14120399	     29.73340295	     -1.65828743	      0.51894578	     21.68783065	      1.06793859	     -7.49999993	    -20.98579955	      0.14275034	     -2.84674743	      5.55825853	    -11.10364115	     17.07749564	     44.08297258	     90.00000001	      0.00000000	      0.00000000	    -14.95880465	     -8.76528867	     -5.59569275	     47.48605033	     90.00000001	      0.00000000	      0.00000000
     10.84000000	      9.44672181	     -3.96194419	     -3.47717263	      1.03608445	      0.93542015	      0.13934136	     12.20354325	     -5.92986455	    -20.68549498	     30.52786949	      2.08426992	      0.53281184	      4.74565825	      9.34923360	     -7.49999993	     -5.86585355	     -2.96479907	    -23.13281472	     29.75657786	     -1.67030420	      0.51935026	     21.69631084	      1.07530152	     -7.49999993	    -20.75313280	      0.15401999	     -2.82125991	      5.56478327	    -11.09553206	     17.07615135	     44.08418593	     90.00000001	      0.00000000	      0.00000000	    -14.94061082	     -8.74280362	     -5.59209415	     47.49111300	     90.00000001	      0.00000000	      0.00000000
     10.85000000	      9.68551007	     -3.98218781	     -3.21741894	      1.03959364	      0.93539091	      0.13995939	     11.55439656	     -5.70259342	    -20.76687068	     30.29884970	      1.94789561	      0.52881469	      6.07606983	      8.60248311	     -7.49999992	     -6.47586784	     -3.02813117	    -22.85794514	     29.52787828	     -1.59061415	      0.51535870	     22.05143579	      1.39288450	     -7.49999992	    -20.85288045	      0.29753264	     -2.76948698	      5.40584144	    -11.01122579	     16.97333627	     43.85880471	     90.00000001	      0.00000000	      0.00000000	    -14.74687847	     -8.56320883	     -5.63318971	     47.30868064	     90.00000001	      0.00000000	      0.00000000
     10.86000000	      9.67942042	     -3.93023989	     -3.05035323	      1.04289462	      0.93506841	      0.14067639	     11.30328474	     -5.59916590	    -20.65638827	     30.23918170	      1.91775227	      0.52777328	      6.52306129	      8.09497828	     -7.49999992	     -6.71883010	     -3.03688644	    -22.83816615	     29.43744175	     -1.64101586	      0.51378028	     22.25681023	      1.74906795	     -7.49999992	    -20.70126717	      0.35156466	     -2.72434584	      5.32954549	    -10.91456106	     16.73615785	     43.59125871	     90.00000001	      0.00000000	      0.00000000	    -14.58352197	     -8.39575612	     -5.78218218	     47.14371972	     90.00000001	      0.00000000	      0.00000000
