PathFileType	4	(X/Y/Z)	SUBJ26_2_walk_RCNL2025.trc
DataRate	CameraRate	NumFrames	NumMarkers	Units	OrigDataRate	OrigDataStartFrame	OrigNumFrames
100	100	341	25	mm	100	1	341
Frame#	Time	R_Shoulder			L_Shoulder			C7			J_Notch			R_Elbow			L_Elbow			R_Wrist			L_Wrist			R_Asis			L_Asis			Sacral			Thoracic			Sternum			R_Thigh_Lateral			R_Knee_Lateral			R_Shank_Lateral			R_Ankle_Lateral			R_Heel			R_Toe			L_Thigh_Lateral			L_Knee_Lateral			L_Shank_Lateral			L_Ankle_Lateral			L_Heel			L_Toe		
		X1	Y1	Z1	X2	Y2	Z2	X3	Y3	Z3	X4	Y4	Z4	X5	Y5	Z5	X6	Y6	Z6	X7	Y7	Z7	X8	Y8	Z8	X9	Y9	Z9	X10	Y10	Z10	X11	Y11	Z11	X12	Y12	Z12	X13	Y13	Z13	X14	Y14	Z14	X15	Y15	Z15	X16	Y16	Z16	X17	Y17	Z17	X18	Y18	Z18	X19	Y19	Z19	X20	Y20	Z20	X21	Y21	Z21	X22	Y22	Z22	X23	Y23	Z23	X24	Y24	Z24	X25	Y25	Z25
1	0.00000000	-1607.140503	1311.366699	62.543732	-1632.319458	1324.444458	-272.342896	-1699.092529	1384.888184	-87.649254	-1559.442871	1279.141968	-115.175766	-1715.745239	1001.858521	150.672684	-1696.523315	1006.521179	-375.455261	-1658.388123	755.529846	139.769466	-1589.477844	785.527496	-402.108612	-1595.545044	906.196716	21.976732	-1640.776367	923.616394	-278.198639	-1820.995239	933.498047	-94.801506	-1796.616577	1045.483643	-96.789032	-1527.448730	1016.534851	-113.284874	-1619.015747	580.216553	92.522461	-1565.298950	446.009308	42.865067	-1645.759521	324.584137	79.766960	-1773.376831	125.771065	-1.056255	-1821.908325	138.056595	-63.887402	-1671.458862	61.664314	-23.593552	-1690.030273	607.264709	-303.007477	-1690.978882	439.315002	-220.546478	-1710.567993	258.729889	-278.860840	-1748.151489	58.627876	-187.007767	-1812.167358	40.520206	-138.772705	-1632.572266	43.321255	-146.011414
2	0.01000000	-1595.983154	1311.214478	62.521507	-1619.320068	1323.922241	-272.426086	-1686.977417	1384.629150	-88.473663	-1547.689575	1278.495117	-115.146858	-1706.712769	1001.909485	149.567642	-1678.917603	1006.079102	-376.996216	-1650.726135	755.270874	138.552429	-1566.700439	787.569092	-402.959457	-1584.258423	906.437317	21.384857	-1631.026367	922.915588	-279.208893	-1809.284912	933.110046	-94.463951	-1784.876099	1045.330444	-97.188240	-1516.406250	1017.032837	-112.258484	-1601.121460	581.025818	90.883270	-1542.990723	448.246460	41.289822	-1617.107422	322.663696	79.065796	-1733.226562	116.250450	-0.347870	-1782.793457	124.528183	-63.215027	-1626.849487	59.451145	-22.253956	-1682.038574	607.032593	-302.768799	-1687.390381	439.271362	-220.252930	-1708.783936	258.761993	-278.579102	-1747.956909	58.779751	-186.869110	-1812.102539	40.889843	-138.755096	-1632.427246	43.270748	-145.809250
3	0.02000000	-1584.845947	1310.873413	62.529701	-1606.258301	1323.201416	-272.381836	-1674.882935	1384.182495	-89.254890	-1536.118530	1277.674194	-115.117355	-1697.535645	1001.784241	148.637756	-1661.338623	1005.508484	-378.443237	-1642.746765	754.876770	137.570042	-1544.034973	789.580597	-403.713608	-1572.189331	906.503479	20.797813	-1620.680786	922.095642	-280.233612	-1797.521362	932.566772	-94.074081	-1773.054321	1045.002563	-97.438301	-1504.807007	1017.224731	-111.492088	-1583.517090	581.731689	89.241966	-1521.601074	450.330414	39.645351	-1588.833130	320.801788	78.346611	-1691.947754	106.966385	0.426916	-1742.411987	111.192497	-62.383053	-1581.738770	57.837692	-21.037500	-1674.176636	606.743347	-302.588959	-1683.818237	439.261688	-219.968155	-1707.077271	258.835693	-278.316010	-1747.770630	58.972641	-186.713852	-1812.051514	41.342655	-138.703125	-1632.395386	43.234856	-145.691437
4	0.03000000	-1573.700195	1310.344238	62.562843	-1593.069458	1322.286255	-272.188995	-1662.811768	1383.546753	-89.984467	-1524.723633	1276.683716	-115.103157	-1688.173218	1001.484985	147.882843	-1643.804321	1004.817627	-379.789856	-1634.438599	754.340179	136.828091	-1521.510681	791.560089	-404.366501	-1559.703735	906.349487	20.204926	-1609.867676	921.146301	-281.168671	-1785.692261	931.887085	-93.636581	-1761.158936	1044.500488	-97.536163	-1493.101196	1017.075745	-111.017372	-1566.303345	582.269775	87.585228	-1501.186035	452.190674	37.950470	-1560.948486	318.985809	77.604828	-1649.718994	98.169411	1.192686	-1700.855469	98.353165	-61.472744	-1536.346313	56.980343	-20.014687	-1666.472290	606.410461	-302.481873	-1680.266846	439.291962	-219.692139	-1705.441895	258.953491	-278.059998	-1747.597534	59.224049	-186.516724	-1812.007568	41.901352	-138.575272	-1632.454834	43.209484	-145.643097
5	0.04000000	-1562.515747	1309.633301	62.615276	-1579.686890	1321.193970	-271.833984	-1650.766968	1382.726685	-90.653175	-1513.460938	1275.531616	-115.112930	-1678.591797	1001.020203	147.301697	-1626.336670	1004.018005	-381.028137	-1625.796082	753.663513	136.320469	-1499.159241	793.510345	-404.914642	-1547.046509	905.962891	19.604578	-1598.693115	920.071411	-281.958008	-1773.786255	931.082886	-93.156082	-1749.197754	1043.825806	-97.487450	-1481.412842	1016.623230	-110.768555	-1549.593872	582.575439	85.896141	-1481.765137	453.762878	36.224262	-1533.446045	317.197113	76.836113	-1606.799927	90.105370	1.870864	-1658.333862	86.320518	-60.580761	-1490.930054	56.994827	-19.249931	-1658.968018	606.052612	-302.452026	-1676.715210	439.370026	-219.422455	-1703.858154	259.123962	-277.794373	-1747.440918	59.558125	-186.247330	-1811.959839	42.596367	-138.324203	-1632.554688	43.188522	-145.628555
6	0.05000000	-1551.263550	1308.753052	62.682102	-1566.092163	1319.952393	-271.323395	-1638.750732	1381.734619	-91.251343	-1502.251099	1274.230713	-115.144402	-1668.764038	1000.402100	146.891434	-1608.962891	1003.124756	-382.150299	-1616.815186	752.856354	136.034668	-1477.015259	795.439209	-405.352539	-1534.342285	905.350891	18.998991	-1587.250366	918.893188	-282.588776	-1761.793457	930.161255	-92.637207	-1737.177490	1042.983154	-97.304596	-1469.700317	1015.924500	-110.641312	-1533.493774	582.588440	84.167252	-1463.312378	454.991974	34.481907	-1506.320557	315.426453	76.034317	-1563.523193	82.995377	2.385735	-1615.166992	75.390816	-59.811131	-1445.789673	57.940220	-18.783958	-1651.698975	605.693237	-302.498749	-1673.108765	439.503174	-219.153946	-1702.290894	259.361053	-277.500305	-1747.300903	60.003143	-185.875229	-1811.892334	43.463673	-137.902878	-1632.644165	43.167053	-145.612076
7	0.06000000	-1539.919678	1307.722290	62.762039	-1552.370239	1318.596558	-270.704132	-1626.762329	1380.589722	-91.768723	-1490.996460	1272.799316	-115.185081	-1658.666870	999.644897	146.647842	-1591.715088	1002.155762	-383.150726	-1607.486816	751.932526	135.957973	-1455.115723	797.359436	-405.672638	-1521.628784	904.523682	18.383316	-1575.613892	917.646301	-283.073944	-1749.705322	929.125977	-92.084053	-1725.102295	1041.979858	-97.003891	-1457.869873	1015.027283	-110.534302	-1518.081543	582.258972	82.412430	-1445.755615	455.838379	32.730461	-1479.598145	313.686462	75.186226	-1520.288818	77.015701	2.671148	-1571.760254	65.817123	-59.267971	-1401.266968	59.816803	-18.616329	-1644.666626	605.356689	-302.616821	-1669.363403	439.696381	-218.878784	-1700.689331	259.682434	-277.160370	-1747.172852	60.588161	-185.377228	-1811.785156	44.541492	-137.274948	-1632.689209	43.143833	-145.569824
8	0.07000000	-1528.467041	1306.565552	62.858326	-1538.708984	1317.164551	-270.071869	-1614.794312	1379.315430	-92.193581	-1479.597290	1271.265137	-115.213547	-1648.282104	998.764282	146.566483	-1574.628540	1001.130005	-384.025726	-1597.797119	750.907593	136.080166	-1433.500244	799.285461	-405.866928	-1508.899048	903.492920	17.746677	-1563.842529	916.368042	-283.442657	-1737.512207	927.978271	-91.500862	-1712.972656	1040.826416	-96.602348	-1445.833008	1013.965759	-110.374252	-1503.393555	581.552307	80.673370	-1428.989746	456.286072	30.969915	-1453.368652	312.016174	74.267418	-1477.554321	72.280891	2.678192	-1528.584106	57.780952	-59.044003	-1357.740234	62.567863	-18.704891	-1637.824097	605.063904	-302.795380	-1665.380615	439.951141	-218.589218	-1698.995605	260.108734	-276.763489	-1747.045166	61.341209	-184.745789	-1811.618652	45.866608	-136.426834	-1632.672729	43.121498	-145.490097
9	0.08000000	-1516.894165	1305.309570	62.976326	-1525.317749	1315.692383	-269.541962	-1602.831421	1377.937012	-92.512444	-1467.974976	1269.662842	-115.201668	-1637.596436	997.777161	146.643021	-1557.739868	1000.066467	-384.773193	-1587.731689	749.796417	136.394245	-1412.209717	801.229218	-405.926788	-1496.134399	902.278809	17.080143	-1551.988770	915.090088	-283.735657	-1725.202026	926.718384	-90.893089	-1700.783325	1039.536011	-96.115662	-1433.572021	1012.759460	-110.137558	-1489.415283	580.450073	79.016235	-1412.895386	456.346008	29.198080	-1427.807739	310.472382	73.241890	-1435.818359	68.830376	2.380459	-1486.156006	51.369560	-59.208218	-1315.611450	66.081512	-18.983158	-1631.076172	604.828857	-303.017822	-1661.064087	440.264954	-218.281921	-1697.154297	260.662323	-276.311646	-1746.897827	62.287964	-183.995651	-1811.375244	47.470066	-135.376862	-1632.588135	43.105045	-145.370422
10	0.09000000	-1505.191406	1303.979492	63.119656	-1512.328491	1314.210327	-269.198120	-1590.855103	1376.478638	-92.712784	-1456.098755	1268.026367	-115.126137	-1626.599854	996.699158	146.872147	-1541.085205	998.984009	-385.392212	-1577.280212	748.611237	136.895714	-1391.285217	803.197083	-405.843155	-1483.323242	900.913452	16.382647	-1540.086670	913.834534	-283.992188	-1712.759766	925.346619	-90.267982	-1688.520508	1038.122803	-95.557625	-1421.175415	1011.412354	-109.852219	-1476.085815	578.947021	77.514297	-1397.354370	456.048950	27.411633	-1403.172852	309.106750	72.066597	-1395.596313	66.619484	1.771899	-1445.017090	46.560692	-59.802467	-1275.291260	70.193840	-19.386328	-1624.295166	604.656067	-303.264343	-1656.332642	440.632141	-217.961411	-1695.118042	261.363708	-275.825104	-1746.703857	63.448830	-183.165329	-1811.040649	49.374260	-134.178879	-1632.434692	43.099892	-145.216583
11	0.10000000	-1493.348999	1302.596802	63.287304	-1499.765747	1312.742554	-269.066437	-1578.852295	1374.962891	-92.787514	-1443.990356	1266.385132	-114.980194	-1615.284424	995.543945	147.246811	-1524.699219	997.900513	-385.883575	-1566.437500	747.361633	137.580757	-1370.766479	805.191132	-405.609406	-1470.464844	899.436584	15.664485	-1528.133179	912.615479	-284.233948	-1700.168091	923.864441	-89.634010	-1676.163818	1036.600586	-94.940842	-1408.776489	1009.928894	-109.566063	-1463.318237	577.045410	76.216278	-1382.257446	455.432434	25.602905	-1379.763062	307.934845	70.698967	-1357.393677	65.518059	0.857495	-1405.704346	43.219460	-60.847904	-1237.182007	74.693947	-19.875307	-1617.342285	604.539612	-303.515350	-1651.127319	441.045105	-217.642487	-1692.846069	262.227203	-275.342773	-1746.432373	64.835884	-182.313004	-1810.604370	51.593498	-132.916763	-1632.215210	43.111065	-145.042480
12	0.11000000	-1481.357422	1301.178345	63.474251	-1487.577637	1311.309326	-269.121887	-1566.819092	1373.411011	-92.736549	-1431.702881	1264.765869	-114.770554	-1603.644287	994.322815	147.758789	-1508.613647	996.832031	-386.249451	-1555.205505	746.056946	138.445774	-1350.692322	807.211456	-405.224442	-1457.561401	897.888672	14.950500	-1516.089111	911.442993	-284.463776	-1687.406494	922.275269	-88.999374	-1663.687378	1034.981812	-94.277145	-1396.442139	1008.341431	-109.306877	-1451.021240	574.750000	75.112389	-1367.510498	454.531616	23.757883	-1357.850220	306.912659	69.103256	-1321.675659	65.315712	-0.360634	-1368.721436	41.110104	-62.354424	-1201.658569	79.333488	-20.451162	-1610.088623	604.465759	-303.756256	-1645.410278	441.495331	-217.351028	-1690.297729	263.259674	-274.916199	-1746.051392	66.452477	-181.509140	-1810.058838	54.137127	-131.691269	-1631.933472	43.143543	-144.867722
13	0.12000000	-1469.212158	1299.738647	63.676224	-1475.671509	1309.922852	-269.297028	-1554.759399	1371.841309	-92.563919	-1419.296753	1263.194458	-114.506851	-1591.675659	993.045471	148.399719	-1492.857178	995.791809	-386.492157	-1543.591187	744.707855	139.488499	-1331.101379	809.256592	-404.692627	-1444.606201	896.302734	14.282633	-1503.896240	910.327087	-284.675415	-1674.449951	920.585938	-88.370361	-1651.062622	1033.277222	-93.577179	-1384.127075	1006.719543	-109.069702	-1439.103638	572.077637	74.124245	-1353.038452	453.376923	21.857035	-1337.607300	305.935974	67.254768	-1288.835693	65.733566	-1.897026	-1334.511475	39.922836	-64.328369	-1169.045654	83.838921	-21.156694	-1602.428467	604.418884	-303.984863	-1639.157349	441.974457	-217.121628	-1687.424805	264.460205	-274.599213	-1745.529419	68.296127	-180.827423	-1809.398926	57.013515	-130.605240	-1631.594849	43.202324	-144.713608
14	0.13000000	-1456.918457	1298.293823	63.895210	-1463.933594	1308.586792	-269.488251	-1542.680908	1370.268799	-92.273865	-1406.825439	1261.695679	-114.195351	-1579.377319	991.719604	149.161148	-1477.456055	994.790222	-386.613434	-1531.601501	743.325378	140.707436	-1312.032227	811.321350	-404.022415	-1431.578369	894.702942	13.716599	-1491.490845	909.276978	-284.859283	-1661.269653	918.807373	-87.750824	-1638.259766	1031.495361	-92.850182	-1371.727905	1005.149719	-108.832916	-1427.452515	569.080750	73.133141	-1338.789307	451.993896	19.878777	-1319.068237	304.866058	65.142029	-1259.169312	66.448753	-3.786567	-1303.431274	39.317455	-66.774933	-1139.592163	87.918671	-22.066139	-1594.283813	604.386658	-304.216125	-1632.350586	442.474121	-216.992508	-1684.169556	265.820190	-274.438690	-1744.837402	70.362831	-180.336029	-1808.620117	60.232819	-129.750214	-1631.203491	43.291565	-144.599701
15	0.14000000	-1444.492432	1296.862915	64.141937	-1452.254517	1307.302124	-269.584778	-1530.593018	1368.705078	-91.868568	-1394.327393	1260.293701	-113.837189	-1566.751587	990.352112	150.034363	-1462.432617	993.835876	-386.614044	-1519.239380	741.918762	142.100494	-1293.524170	813.396454	-403.226273	-1418.445923	893.112915	13.304496	-1478.811768	908.299194	-285.003235	-1647.837524	916.957153	-87.144279	-1625.250732	1029.645630	-92.104843	-1359.159790	1003.708008	-108.578842	-1415.899048	565.867188	72.030380	-1324.735352	450.403351	17.806034	-1302.132202	303.569763	62.765236	-1232.852295	67.132164	-6.071786	-1275.736450	38.979111	-69.688332	-1113.445068	91.266441	-23.270613	-1585.604492	604.361145	-304.480438	-1624.973267	442.983246	-216.999313	-1680.471558	267.325867	-274.469452	-1743.950439	72.650574	-180.091705	-1807.715088	63.807018	-129.195084	-1630.761841	43.413788	-144.541214
16	0.15000000	-1431.958252	1295.466187	64.434410	-1440.557495	1306.078735	-269.511414	-1518.503174	1367.161011	-91.347672	-1381.823364	1259.012085	-113.427658	-1553.804810	988.950378	151.010696	-1447.803589	992.936096	-386.494446	-1506.502075	740.495483	143.664608	-1275.618774	815.468231	-402.322205	-1405.180176	891.566040	13.067753	-1465.806396	907.395142	-285.093750	-1634.133545	915.060791	-86.556602	-1612.009277	1027.741821	-91.351555	-1346.378052	1002.448242	-108.301773	-1404.208984	562.600708	70.762733	-1310.877441	448.622101	15.634351	-1286.608398	301.956299	60.132439	-1209.925659	67.494278	-8.778262	-1251.578491	38.669022	-73.028343	-1090.634277	93.577499	-24.865772	-1576.361450	604.336365	-304.815918	-1617.009155	443.485352	-217.170227	-1676.278687	268.961151	-274.712524	-1742.848022	75.160919	-180.136383	-1806.668335	67.748055	-128.978897	-1630.268799	43.569057	-144.547668
17	0.16000000	-1419.342407	1294.123169	64.794945	-1428.804810	1304.938110	-269.243286	-1506.413330	1365.649536	-90.708290	-1369.316406	1257.872803	-112.954933	-1540.546387	987.523682	152.081573	-1433.578369	992.097473	-386.255920	-1493.381104	739.061615	145.393124	-1258.359619	817.514526	-401.334290	-1391.757568	890.106873	12.986175	-1452.433350	906.558655	-285.118103	-1620.151245	913.152405	-85.995949	-1598.516357	1025.806274	-90.604843	-1333.358765	1001.405151	-108.004951	-1392.116821	559.477905	69.358658	-1297.246460	446.667023	13.378115	-1272.275513	299.998230	57.258556	-1190.300903	67.332375	-11.888547	-1231.009766	38.253448	-76.693993	-1071.073486	94.588829	-26.938431	-1566.538574	604.303528	-305.257507	-1608.443848	443.959778	-217.523621	-1671.555542	270.709686	-275.175934	-1741.510986	77.899391	-180.493973	-1805.449829	72.066231	-129.109863	-1629.718994	43.753948	-144.622787
18	0.17000000	-1406.668823	1292.851562	65.246986	-1416.984497	1303.906860	-268.790405	-1494.317261	1364.188721	-89.945641	-1356.793701	1256.897339	-112.400558	-1526.987793	986.083252	153.236618	-1419.761719	991.326782	-385.902374	-1479.865723	737.624390	147.271355	-1241.788086	819.498413	-400.289291	-1378.138550	888.784546	13.019361	-1438.664185	905.775208	-285.065674	-1605.902588	911.274231	-85.470467	-1584.765381	1023.872131	-89.885300	-1320.079834	1000.599854	-107.693756	-1379.391724	556.684387	67.925011	-1283.891479	444.565094	11.072761	-1258.923340	297.739288	54.171719	-1173.782837	66.565712	-15.324253	-1213.988037	37.709743	-80.510551	-1054.579346	94.128349	-29.547001	-1556.125122	604.249268	-305.825653	-1599.266846	444.386627	-218.066391	-1666.285400	272.557831	-275.856903	-1739.916260	80.875107	-181.166092	-1804.009033	76.770264	-129.567841	-1629.103882	43.960293	-144.763321
19	0.18000000	-1393.953857	1291.668335	65.811020	-1405.093262	1303.013306	-268.180420	-1482.197754	1362.806152	-89.055199	-1344.229736	1256.106323	-111.742989	-1513.140381	984.643921	154.461472	-1406.353760	990.633850	-385.439911	-1465.948486	736.196869	149.277164	-1225.938904	821.367279	-399.210602	-1364.249878	887.644348	13.139174	-1424.484375	905.022522	-284.926331	-1591.422119	909.477112	-84.987030	-1570.770752	1021.985596	-89.222252	-1306.519531	1000.043945	-107.368942	-1365.898804	554.341003	66.605858	-1270.847168	442.371613	8.774436	-1246.356323	295.300293	50.929520	-1160.100342	65.246338	-18.941763	-1200.375610	37.114552	-84.239426	-1040.896606	92.150818	-32.696190	-1545.114136	604.157104	-306.518799	-1589.470337	444.752289	-218.792892	-1660.465698	274.498444	-276.742584	-1738.031372	84.102203	-182.128265	-1802.272095	81.871941	-130.309692	-1628.416992	44.173565	-144.955627
20	0.19000000	-1381.203003	1290.592163	66.500710	-1393.125977	1302.288330	-267.449951	-1470.026001	1361.541260	-88.035675	-1331.589478	1255.520386	-110.961548	-1499.015015	983.226868	155.737930	-1393.349121	990.033264	-384.873474	-1451.627563	734.802094	151.386887	-1210.839600	823.059509	-398.116776	-1350.003174	886.722168	13.344667	-1409.897339	904.277161	-284.689087	-1576.767456	907.820984	-84.552460	-1556.571777	1020.207764	-88.656738	-1292.664307	999.745667	-107.022552	-1351.634399	552.476318	65.515915	-1258.088623	440.195099	6.560211	-1234.366699	292.882538	47.639923	-1148.935547	63.543484	-22.542223	-1189.930176	36.609543	-87.612732	-1029.723511	88.755943	-36.309929	-1533.494873	604.010986	-307.308655	-1579.041016	445.050323	-219.685394	-1654.093506	276.531647	-277.809784	-1735.808838	87.603645	-183.330338	-1800.141113	87.398453	-131.281540	-1627.656494	44.372711	-145.175720
21	0.20000000	-1368.411743	1289.646118	67.319717	-1381.068481	1301.767578	-266.637726	-1457.763916	1360.448364	-86.891487	-1318.832153	1255.160522	-110.038506	-1484.622314	981.863831	157.045364	-1380.735229	989.545227	-384.203583	-1436.904602	733.475555	153.577301	-1196.513672	824.513641	-397.023651	-1335.354004	886.041870	13.654958	-1394.929932	903.523621	-284.342102	-1562.015015	906.374207	-84.177048	-1542.231812	1018.613892	-88.242088	-1278.517578	999.715759	-106.641380	-1336.726685	551.070679	64.685982	-1245.499756	438.213379	4.527608	-1222.708496	290.750824	44.472855	-1139.954590	61.700912	-25.895792	-1182.293701	36.341038	-90.388466	-1020.739441	84.195145	-40.212738	-1521.242920	603.796814	-308.139984	-1567.942627	445.275787	-220.714310	-1647.146240	278.660187	-279.029358	-1733.184814	91.411026	-184.701447	-1797.493408	93.402451	-132.430969	-1626.818237	44.532295	-145.401749
22	0.21000000	-1355.566650	1288.860107	68.258728	-1368.892944	1301.492065	-265.776764	-1445.368164	1359.592651	-85.634537	-1305.916626	1255.049316	-108.961945	-1469.972046	980.599426	158.360916	-1368.490234	989.195251	-383.426636	-1421.785583	732.264648	155.820374	-1182.981201	825.675751	-395.943573	-1320.371826	885.614807	14.088373	-1379.635986	902.762695	-283.871887	-1547.247192	905.209839	-83.879272	-1527.829834	1017.287659	-88.038467	-1264.104980	999.971985	-106.218254	-1321.405396	550.152405	64.062553	-1232.874634	436.660065	2.786992	-1211.104980	289.176941	41.650486	-1132.840576	59.972279	-28.778652	-1176.999878	36.394783	-92.411018	-1013.632812	78.857437	-44.138237	-1508.320923	603.502686	-308.943085	-1556.100098	445.415009	-221.838425	-1639.561646	280.884399	-280.378082	-1730.076782	95.560234	-186.159317	-1794.177612	99.955658	-133.707336	-1625.881958	44.624943	-145.630157
23	0.22000000	-1342.650879	1288.272339	69.295013	-1356.560059	1301.502686	-264.886902	-1432.797974	1359.040527	-84.285637	-1292.812500	1255.208984	-107.736122	-1455.071167	979.489380	159.659073	-1356.585327	989.013550	-382.539551	-1406.283386	731.226227	158.078293	-1170.257324	826.506409	-394.881699	-1305.270630	885.446106	14.642933	-1364.097656	902.014832	-283.262451	-1532.536499	904.393677	-83.688408	-1513.445679	1016.307129	-88.099518	-1249.477417	1000.537964	-105.759674	-1305.951416	549.857666	63.567947	-1219.967285	435.767487	1.442265	-1199.306030	288.344147	39.410336	-1127.318848	58.557369	-31.011681	-1173.518799	36.766979	-93.647018	-1008.119263	73.205757	-47.776917	-1494.697144	603.118713	-309.659515	-1543.393188	445.437531	-223.011108	-1631.233765	283.202240	-281.846008	-1726.380005	100.091171	-187.633408	-1790.011108	107.129982	-135.058182	-1624.810669	44.627544	-145.872345
24	0.23000000	-1329.651001	1287.928467	70.396675	-1344.024170	1301.831299	-263.970306	-1420.024292	1358.844482	-82.876167	-1279.510742	1255.657349	-106.394394	-1439.924316	978.596191	160.913940	-1344.989380	989.034668	-381.545654	-1390.420471	730.423431	160.306198	-1158.351257	826.984497	-393.835266	-1290.357910	885.550049	15.293801	-1348.421753	901.316284	-282.498535	-1517.934570	903.969299	-83.640984	-1499.141968	1015.728271	-88.452850	-1234.715576	1001.429565	-105.282791	-1290.620850	550.400391	63.178791	-1206.593018	435.675385	0.564447	-1187.178833	288.254211	37.940151	-1123.160889	57.561970	-32.490154	-1171.331787	37.386482	-94.174210	-1003.937805	67.671021	-50.848999	-1480.361084	602.633240	-310.263153	-1529.673218	445.295837	-224.195892	-1622.025757	285.615540	-283.428619	-1721.963257	105.045372	-189.099899	-1784.789062	114.978600	-136.435455	-1623.559570	44.536564	-146.132782
25	0.24000000	-1316.563721	1287.879150	71.529243	-1331.245850	1302.491089	-263.012817	-1407.039429	1359.028564	-81.447807	-1266.025391	1256.400513	-104.994087	-1424.539062	977.981750	162.104416	-1333.672729	989.292969	-380.457306	-1374.225647	729.922363	162.458702	-1147.262329	827.106445	-392.797424	-1275.919312	885.966492	16.006355	-1332.730835	900.710327	-281.573700	-1503.472290	903.945801	-83.769424	-1484.952393	1015.572754	-89.080933	-1219.932007	1002.634644	-104.808708	-1275.528931	551.957458	62.987751	-1192.753906	436.347473	0.171650	-1174.791138	288.708588	37.308903	-1120.154541	56.982578	-33.208965	-1169.997192	38.156284	-94.136978	-1000.840698	62.576061	-53.170746	-1465.323853	602.024841	-310.762451	-1514.798218	444.933228	-225.382843	-1611.791016	288.135895	-285.115356	-1716.672852	110.450981	-190.594772	-1778.303345	123.521072	-137.810623	-1622.074585	44.383694	-146.402267
26	0.25000000	-1303.396484	1288.171387	72.662148	-1318.206055	1303.472290	-261.993988	-1393.863159	1359.583130	-80.047569	-1252.385132	1257.427368	-103.591888	-1408.933472	977.697571	163.219070	-1322.607544	989.813904	-379.293671	-1357.729126	729.784241	164.492912	-1136.974915	826.882172	-391.762405	-1262.105347	886.762207	16.751122	-1317.152344	900.237244	-280.498199	-1489.170288	904.297424	-84.085732	-1470.882446	1015.829163	-89.914337	-1205.258545	1004.100220	-104.359299	-1260.571777	554.528870	63.212433	-1178.709595	437.558197	0.230165	-1162.442993	289.392059	37.444294	-1118.065186	56.719372	-33.277252	-1169.180664	38.981316	-93.700928	-998.595642	58.133350	-54.691765	-1449.606445	601.258850	-311.188263	-1498.666748	444.294800	-226.590652	-1600.391479	290.780151	-286.887939	-1710.346680	116.304657	-192.187851	-1770.367065	132.731689	-139.190445	-1620.270020	44.241730	-146.676025
27	0.26000000	-1290.164429	1288.836792	73.772514	-1304.918091	1304.742554	-260.902496	-1380.540894	1360.470215	-78.719696	-1238.626343	1258.709229	-102.228218	-1393.139771	977.775940	164.258133	-1311.770752	990.604797	-378.076904	-1340.957581	730.052795	166.370857	-1127.455627	826.330963	-390.728683	-1248.893799	888.007690	17.505690	-1301.811157	899.925110	-279.303131	-1475.048218	904.974121	-84.567696	-1456.922729	1016.464661	-90.846565	-1190.817017	1005.740173	-103.957603	-1245.561646	557.893555	64.082031	-1164.920898	438.975037	0.675692	-1150.606689	290.003510	38.175484	-1116.638306	56.630062	-32.891968	-1168.656738	39.780170	-93.024490	-996.998352	54.471607	-55.496239	-1433.230591	600.292542	-311.577942	-1481.234253	443.337769	-227.852936	-1587.711426	293.558258	-288.723541	-1702.824829	122.564568	-193.943542	-1760.841064	142.531494	-140.625275	-1617.998779	44.227146	-146.969711
28	0.27000000	-1276.881470	1289.880005	74.842224	-1291.428955	1306.251709	-259.747467	-1367.132202	1361.635986	-77.498253	-1224.792358	1260.206055	-100.932449	-1377.205811	978.224426	165.232086	-1301.147095	991.650391	-376.828644	-1323.931824	730.743073	168.066521	-1118.656189	825.477448	-389.699844	-1236.165039	889.735596	18.236860	-1286.822266	899.781067	-278.038330	-1461.128296	905.917419	-85.155594	-1443.069702	1017.437439	-91.764839	-1176.689331	1007.459412	-103.628624	-1230.518677	561.697021	65.656242	-1151.905640	440.285126	1.432477	-1139.789795	290.356079	39.299976	-1115.653198	56.599426	-32.270195	-1168.295532	40.491383	-92.244186	-995.882263	51.641476	-55.766636	-1416.221924	599.090759	-311.960754	-1462.515625	442.041290	-229.201462	-1573.667480	296.465668	-290.598511	-1693.951782	129.154388	-195.891113	-1749.655151	152.785706	-142.201508	-1615.024414	44.503532	-147.317322
29	0.28000000	-1263.553101	1291.272949	75.850822	-1277.810425	1307.940430	-258.559692	-1353.694946	1363.022949	-76.403229	-1210.931519	1261.875000	-99.732224	-1361.186157	979.024536	166.157166	-1290.732422	992.914001	-375.568756	-1306.668762	731.837799	169.571815	-1110.519836	824.349304	-388.684174	-1223.828735	891.906311	18.879530	-1272.279297	899.786682	-276.762970	-1447.430664	907.072998	-85.761467	-1429.338989	1018.702942	-92.577988	-1162.903687	1009.178406	-103.397728	-1215.795898	565.567627	67.761017	-1140.101929	441.285889	2.415753	-1130.389282	290.409790	40.627789	-1114.965454	56.572239	-31.588219	-1168.038574	41.078671	-91.465515	-995.120972	49.608658	-55.717064	-1398.623535	597.648376	-312.349396	-1442.578979	440.419006	-230.656647	-1558.219482	299.486908	-292.494141	-1683.571167	135.969696	-198.003525	-1736.815918	163.305710	-144.013397	-1610.999146	45.273247	-147.759766
30	0.29000000	-1250.177368	1292.961304	76.773430	-1264.145020	1309.748657	-257.383850	-1340.272217	1364.577759	-75.440277	-1197.093262	1263.673584	-98.655312	-1345.131958	980.133240	167.050537	-1280.531372	994.343933	-374.314697	-1289.185669	733.294128	170.894325	-1102.987793	822.975037	-387.693253	-1211.909302	894.401611	19.337990	-1258.237061	899.901306	-275.530945	-1433.969360	908.396790	-86.285683	-1415.763550	1020.214172	-93.227615	-1149.445435	1010.841675	-103.283958	-1201.929199	569.195496	70.080360	-1129.799316	441.902069	3.529114	-1122.598022	290.238800	41.995922	-1114.498413	56.539207	-30.958712	-1167.869019	41.531921	-90.758743	-994.624023	48.264847	-55.524330	-1380.512451	596.008484	-312.740906	-1421.532227	438.533112	-232.224625	-1541.376099	302.598389	-294.402161	-1671.523315	142.884369	-200.189224	-1722.390137	173.854507	-146.117706	-1605.462036	46.742401	-148.334457
31	0.30000000	-1236.751709	1294.874634	77.584717	-1250.513428	1311.620850	-256.268036	-1326.889282	1366.253906	-74.603546	-1183.324585	1265.559082	-97.726799	-1329.080078	981.489380	167.927475	-1270.552856	995.880798	-373.081512	-1271.502197	735.052185	172.047791	-1096.002380	821.381104	-386.739471	-1200.536499	897.047913	19.513800	-1244.701172	900.069824	-274.377747	-1420.750366	909.854492	-86.633820	-1402.381470	1021.920166	-93.684158	-1136.279175	1012.412354	-103.290550	-1189.411377	572.375244	72.290443	-1121.125977	442.148346	4.672387	-1116.398193	289.961334	43.270309	-1114.210938	56.508202	-30.436728	-1167.784058	41.860691	-90.161476	-994.327515	47.461658	-55.294956	-1362.008423	594.267212	-313.124329	-1399.506592	436.501953	-233.894592	-1523.180420	305.760620	-296.318451	-1657.669067	149.761337	-202.315506	-1706.465332	184.154282	-148.485596	-1597.884888	49.056427	-149.073853
32	0.31000000	-1223.277222	1296.935425	78.264160	-1236.984985	1313.507935	-255.255936	-1313.556641	1368.012451	-73.881065	-1169.666382	1267.488647	-96.965294	-1313.049072	983.023621	168.799576	-1260.804688	997.463440	-371.881714	-1253.641052	737.041321	173.043335	-1089.509216	819.588806	-385.833176	-1189.817139	899.665283	19.351202	-1231.643555	900.232178	-273.326935	-1407.771851	911.418579	-86.729805	-1389.222046	1023.767578	-93.937675	-1123.366211	1013.864624	-103.402374	-1178.546265	575.005127	74.153961	-1114.056030	442.080414	5.757977	-1111.618408	289.678101	44.348026	-1114.072998	56.485840	-30.037523	-1167.778687	42.084232	-89.686249	-994.184692	47.046829	-55.077168	-1343.265625	592.563049	-313.486786	-1376.640259	434.495850	-235.635208	-1503.681396	308.907867	-298.225433	-1641.935913	156.459564	-204.259171	-1689.111206	193.895416	-150.978043	-1587.762329	52.227203	-150.011902
33	0.32000000	-1209.760620	1299.066528	78.800446	-1223.612549	1315.367920	-254.382751	-1300.276978	1369.822388	-73.260216	-1156.149536	1269.420776	-96.379784	-1297.039917	984.669434	169.673447	-1251.285645	999.034912	-370.724060	-1235.628540	739.188141	173.888275	-1083.459473	817.614563	-384.981033	-1179.627075	902.134216	18.888424	-1219.036499	900.345642	-272.418396	-1395.023804	913.064697	-86.524834	-1376.296265	1025.704956	-93.990547	-1110.669312	1015.185120	-103.593536	-1169.411743	577.066956	75.551331	-1108.420044	441.770325	6.719244	-1108.014648	289.450439	45.161182	-1114.053345	56.472305	-29.755440	-1167.840576	42.224575	-89.329887	-994.156860	46.885868	-54.889076	-1324.443970	591.057556	-313.813873	-1353.070435	432.718903	-237.395981	-1482.917969	311.952759	-300.078552	-1624.337036	162.823654	-205.944153	-1670.365845	202.750000	-153.369614	-1574.711548	56.094898	-151.180206
34	0.33000000	-1196.214600	1301.197754	79.193192	-1210.430420	1317.166748	-253.673294	-1287.049927	1371.660522	-72.731163	-1142.793945	1271.317505	-95.968674	-1281.041016	986.370117	170.550308	-1241.976929	1000.546570	-369.608398	-1217.496460	741.427338	174.591110	-1077.813293	815.471893	-384.183746	-1169.500732	904.436951	18.277462	-1206.867432	900.416809	-271.728424	-1382.484131	914.770386	-86.001808	-1363.593994	1027.687500	-93.852623	-1098.153687	1016.378479	-103.835449	-1161.887451	578.620239	76.467018	-1103.932861	441.306793	7.504997	-1105.330078	289.304596	45.678646	-1114.118164	56.463203	-29.576525	-1167.951172	42.303543	-89.081085	-994.207947	46.869583	-54.738247	-1305.674438	589.908508	-314.088165	-1328.931641	431.376465	-239.116959	-1460.931641	314.807892	-301.807739	-1604.942261	168.668533	-207.341431	-1650.247070	210.397507	-155.417145	-1558.534302	60.354042	-152.584747
35	0.34000000	-1182.656616	1303.273315	79.451424	-1197.456177	1318.878540	-253.139908	-1273.876099	1373.510132	-72.288254	-1129.609619	1273.146362	-95.721794	-1265.036987	988.083008	171.427902	-1232.837036	1001.962097	-368.519226	-1199.279114	743.708893	175.165062	-1072.537537	813.174377	-383.433731	-1158.747559	906.635132	17.743742	-1195.128662	900.507935	-271.346161	-1370.117920	916.516541	-85.174644	-1351.087769	1029.678589	-93.537628	-1085.790527	1017.469727	-104.098328	-1155.693481	579.799011	76.963242	-1100.251221	440.793701	8.076921	-1103.328613	289.239807	45.905750	-1114.234619	56.453098	-29.483135	-1168.090332	42.341488	-88.923958	-994.304688	46.915421	-54.629898	-1287.036987	589.234985	-314.289795	-1304.354370	430.631500	-240.743759	-1437.800659	317.408325	-303.332886	-1583.837769	173.783569	-208.447617	-1628.770630	216.562836	-156.935181	-1539.218994	64.629723	-154.187302
36	0.35000000	-1169.105713	1305.255615	79.590187	-1184.694336	1320.486450	-252.781616	-1260.758789	1375.357422	-71.928963	-1116.599365	1274.883911	-95.623299	-1249.016479	989.779419	172.302765	-1223.808960	1003.259949	-367.429535	-1181.009583	745.998749	175.625175	-1067.603577	810.739380	-382.714706	-1146.707764	908.808289	17.509377	-1183.799438	900.704773	-271.322510	-1357.883667	918.289429	-84.083725	-1338.739136	1031.651001	-93.061523	-1073.560791	1018.499390	-104.351936	-1150.425537	580.776367	77.149834	-1097.044067	440.331116	8.417895	-1101.806885	289.240417	45.883263	-1114.375366	56.437862	-29.454081	-1168.239502	42.356621	-88.838631	-994.419250	46.967854	-54.566322	-1268.554565	589.087158	-314.399658	-1279.460449	430.567108	-242.240051	-1413.656128	319.710907	-304.585175	-1561.109375	177.958847	-209.267715	-1605.964600	221.048096	-157.835815	-1516.893188	68.563828	-155.914444
37	0.36000000	-1155.577881	1307.123901	79.626678	-1172.141479	1321.982788	-252.586594	-1247.704102	1377.189453	-71.650589	-1103.759888	1276.515381	-95.653229	-1232.977661	991.442627	173.171387	-1214.839722	1004.435547	-366.316711	-1162.716797	748.275421	175.981750	-1062.986267	808.192383	-382.004547	-1133.003784	911.000244	17.714415	-1172.831665	901.085815	-271.640137	-1345.743164	920.080200	-82.789932	-1326.508423	1033.585571	-92.443176	-1061.452881	1019.514954	-104.571625	-1145.609375	581.703064	77.147903	-1094.044189	439.992340	8.537371	-1100.595581	289.292572	45.682762	-1114.521851	56.414803	-29.464808	-1168.385254	42.364349	-88.801804	-994.532227	46.996788	-54.542515	-1250.199219	589.441040	-314.403198	-1254.358521	431.177887	-243.589371	-1388.652832	321.661499	-305.526337	-1536.844849	181.015854	-209.809952	-1581.878784	223.738327	-158.121429	-1491.762573	71.877083	-157.680664
38	0.37000000	-1142.082275	1308.869629	79.577415	-1159.790161	1323.368164	-252.538742	-1234.718384	1378.991333	-71.446602	-1091.081543	1278.034424	-95.788025	-1216.927490	993.062378	174.030273	-1205.895508	1005.500183	-365.175476	-1144.424683	750.525635	176.236740	-1058.664795	805.569275	-381.280350	-1117.739502	913.182739	18.355913	-1162.143921	901.713135	-272.219849	-1333.668335	921.880676	-81.368942	-1314.361084	1035.468872	-91.706444	-1049.457275	1020.559875	-104.745193	-1140.784790	582.662476	77.056221	-1091.072021	439.810822	8.468488	-1099.554077	289.391052	45.394447	-1114.662476	56.381279	-29.490341	-1168.519287	42.376759	-88.788597	-994.633301	46.992405	-54.545033	-1231.914185	590.217773	-314.293610	-1229.146729	432.391418	-244.786804	-1362.924316	323.170532	-306.158997	-1511.139526	182.825424	-210.084686	-1556.583984	224.587082	-157.851181	-1464.067871	74.392944	-159.406982
39	0.38000000	-1128.623291	1310.492065	79.457672	-1147.630005	1324.650146	-252.623322	-1221.807129	1380.745117	-71.304596	-1078.547974	1279.439941	-96.001732	-1200.879883	994.630127	174.875977	-1196.964600	1006.476562	-364.017212	-1126.149963	752.741730	176.384872	-1054.621094	802.915161	-380.521545	-1101.544434	915.245667	19.277468	-1151.628540	902.629700	-272.943634	-1321.642334	923.677795	-79.906540	-1302.270508	1037.289062	-90.881966	-1037.561279	1021.662598	-104.874443	-1135.584961	583.669373	76.938004	-1088.033447	439.780304	8.262500	-1098.565430	289.530243	45.108120	-1114.790161	56.334396	-29.509962	-1168.637451	42.402699	-88.775932	-994.718628	46.957832	-54.555843	-1213.644287	591.311279	-314.074280	-1203.921997	434.101440	-245.829468	-1336.580444	324.144836	-306.523346	-1484.092285	183.310913	-210.101929	-1530.157227	223.601913	-157.109192	-1434.062256	76.031677	-161.036133
40	0.39000000	-1115.204102	1311.995117	79.282936	-1135.647705	1325.841553	-252.826935	-1208.973511	1382.429443	-71.206131	-1066.138550	1280.733276	-96.268822	-1184.852295	996.136902	175.705124	-1188.052612	1007.390320	-362.862854	-1107.899597	754.920624	176.416992	-1050.837463	800.280518	-379.709732	-1085.297241	917.050598	20.250008	-1141.164062	903.856812	-273.680573	-1309.656128	925.447693	-78.494156	-1290.216309	1039.030640	-90.006645	-1025.748657	1022.828125	-104.972969	-1129.771484	584.699829	76.833977	-1084.901245	439.865540	7.979770	-1097.535522	289.691895	44.893379	-1114.900391	56.273029	-29.510042	-1168.738770	42.447914	-88.746101	-994.786560	46.900505	-54.559219	-1195.355469	592.612183	-313.761597	-1178.785645	436.193939	-246.713974	-1309.739502	324.546906	-306.680084	-1455.796509	182.444962	-209.870560	-1502.666382	220.835724	-155.986725	-1401.999756	76.792366	-162.543015
41	0.40000000	-1101.828369	1313.382446	79.068794	-1123.827026	1326.955811	-253.134933	-1196.218140	1384.017700	-71.128380	-1053.832520	1281.916382	-96.567947	-1168.863403	997.571960	176.514725	-1179.179077	1008.261902	-361.736267	-1089.670410	757.062408	176.323502	-1047.294586	797.715179	-378.827667	-1069.685425	918.516968	21.100376	-1130.628052	905.391113	-274.309387	-1297.704956	927.153625	-77.222649	-1278.182861	1040.671387	-89.120438	-1014.000427	1024.037231	-105.063148	-1123.227051	585.724304	76.782516	-1081.690308	440.019165	7.676976	-1096.396851	289.844879	44.786282	-1114.991455	56.199497	-29.484196	-1168.824097	42.514999	-88.688538	-994.834656	46.825596	-54.547184	-1177.038452	594.025940	-313.385498	-1153.841553	438.559998	-247.439117	-1282.546387	324.411865	-306.689880	-1426.333862	180.246948	-209.406891	-1474.161499	216.378464	-154.575790	-1368.125977	76.733810	-163.935150
42	0.41000000	-1088.499634	1314.652466	78.827713	-1112.150269	1328.002075	-253.530624	-1183.537842	1385.478149	-71.047760	-1041.611816	1282.987671	-96.885277	-1152.932495	998.920654	177.303192	-1170.372681	1009.101562	-360.660400	-1071.453064	759.166046	176.098083	-1043.970520	795.261688	-377.859314	-1055.009399	919.650146	21.771278	-1119.908081	907.199646	-274.733337	-1285.786987	928.747803	-76.173599	-1266.158691	1042.181641	-88.261604	-1002.295959	1025.251343	-105.171158	-1115.936157	586.722595	76.823257	-1078.436523	440.197510	7.394645	-1095.113403	289.959015	44.786911	-1115.062622	56.118473	-29.433060	-1168.895508	42.603619	-88.600349	-994.859314	46.735416	-54.519882	-1158.702637	595.482056	-312.986877	-1129.189209	441.099182	-248.007431	-1255.158203	323.814331	-306.599579	-1395.776001	176.781952	-208.746994	-1444.670654	210.348221	-152.965530	-1332.670288	75.955704	-165.245880
43	0.42000000	-1075.219604	1315.795410	78.566040	-1100.599487	1328.977783	-253.995880	-1170.926636	1386.775635	-70.944679	-1029.463135	1283.940674	-97.215607	-1137.079956	1000.163208	178.070435	-1161.668701	1009.909668	-359.655792	-1053.237122	761.223999	175.741692	-1040.840973	792.949646	-376.791168	-1041.281616	920.502808	22.292580	-1108.911133	909.217407	-274.889374	-1273.900024	930.176636	-75.410500	-1254.136841	1043.526367	-87.462563	-990.612671	1026.420166	-105.319969	-1107.966675	587.677795	76.981903	-1075.181885	440.368591	7.149688	-1093.683228	290.021240	44.867554	-1115.111816	56.035126	-29.364021	-1168.955444	42.711395	-88.486076	-994.857422	46.631950	-54.483147	-1140.367188	596.935120	-312.611053	-1104.915894	443.720734	-248.423767	-1227.717651	322.826904	-306.437927	-1364.186523	172.155304	-207.947372	-1414.201050	202.884384	-151.238220	-1295.841675	74.580391	-166.523849
44	0.43000000	-1061.988770	1316.793335	78.285034	-1089.155151	1329.867798	-254.511673	-1158.376221	1387.876465	-70.807465	-1017.376465	1284.761719	-97.560844	-1121.324707	1001.273987	178.816376	-1153.104492	1010.678162	-358.740082	-1035.016724	763.220612	175.264870	-1037.879700	790.791382	-375.614517	-1028.369263	921.130981	22.732401	-1097.569214	911.350952	-274.754639	-1262.039429	931.387695	-74.973305	-1242.113403	1044.668823	-86.748116	-978.927246	1027.490845	-105.523163	-1099.448364	588.561707	77.252945	-1071.968384	440.512177	6.936705	-1092.135742	290.039795	44.986439	-1115.136230	55.954823	-29.289326	-1169.005371	42.835163	-88.356392	-994.826965	46.517982	-54.446102	-1122.054443	598.359131	-312.300049	-1081.090942	446.344910	-248.693130	-1200.333374	321.497986	-306.217438	-1331.618042	166.500748	-207.072372	-1382.739502	194.144363	-149.465744	-1257.828613	72.737602	-167.821930
45	0.44000000	-1048.808838	1317.622437	77.983849	-1077.794678	1330.645508	-255.060043	-1145.878174	1388.751709	-70.634857	-1005.343262	1285.432983	-97.927803	-1105.681641	1002.222839	179.539261	-1144.712769	1011.392212	-357.927917	-1016.793060	765.133453	174.685684	-1035.059326	788.780334	-374.325607	-1016.084229	921.575134	23.159386	-1085.842896	913.486084	-274.347107	-1250.196045	932.336548	-74.876396	-1230.087280	1045.575684	-86.136421	-967.217163	1028.416260	-105.784325	-1090.544800	589.329773	77.597649	-1068.836792	440.616486	6.736386	-1090.526123	290.036530	45.101395	-1115.134033	55.883446	-29.222837	-1169.045898	42.971943	-88.225914	-994.767517	46.396915	-54.418568	-1103.786133	599.739319	-312.085876	-1057.766113	448.903168	-248.819077	-1173.077271	319.851715	-305.938263	-1298.109497	159.968918	-206.181549	-1350.256836	184.301773	-147.706924	-1218.801025	70.555351	-169.191986
46	0.45000000	-1035.683228	1318.257202	77.661850	-1066.494385	1331.277954	-255.627945	-1133.424072	1389.379883	-70.436066	-993.354553	1285.933960	-98.326080	-1090.160034	1002.978088	180.235992	-1136.512573	1012.029907	-357.229187	-998.573303	766.935577	174.025467	-1032.351013	786.893860	-372.924469	-1004.237610	921.856567	23.618069	-1073.724243	915.495850	-273.716644	-1238.358032	932.992310	-75.107933	-1218.057373	1046.220947	-85.639824	-955.460388	1029.160889	-106.102646	-1081.423218	589.930603	77.959526	-1065.826050	440.676056	6.525583	-1088.924316	290.035889	45.179985	-1115.106567	55.827198	-29.176617	-1169.076294	43.118938	-88.110664	-994.681152	46.272892	-54.408363	-1085.581055	601.062744	-311.986481	-1034.977051	451.336578	-248.802353	-1145.994385	317.901428	-305.591339	-1263.691162	152.719864	-205.324692	-1316.714844	173.544220	-146.006622	-1178.913940	68.157280	-170.685272
47	0.46000000	-1022.615845	1318.672974	77.318604	-1055.233154	1331.730957	-256.209503	-1121.007080	1389.747192	-70.227913	-981.401245	1286.243652	-98.765556	-1074.763184	1003.510925	180.902969	-1128.503540	1012.563171	-356.646606	-980.369812	768.597839	173.306702	-1029.722443	785.099487	-371.415741	-992.668884	921.981140	24.124325	-1061.240112	917.251221	-272.928772	-1226.511475	933.340942	-75.631081	-1206.023560	1046.587524	-85.264305	-943.633423	1029.700684	-106.478386	-1072.229248	590.321228	78.283394	-1062.967896	440.693665	6.285643	-1087.398682	290.057343	45.204086	-1115.059326	55.792160	-29.158401	-1169.094482	43.272446	-88.025635	-994.573242	46.150997	-54.419014	-1067.455811	602.311768	-312.005951	-1012.745605	453.593323	-248.640915	-1119.116455	315.664764	-305.162323	-1228.391479	144.919098	-204.542236	-1282.076050	162.070251	-144.397293	-1138.308838	65.662079	-172.350174
48	0.47000000	-1009.610046	1318.847778	76.952629	-1043.993652	1331.974365	-256.804840	-1108.621826	1389.847168	-70.031021	-969.474304	1286.344116	-99.254257	-1059.487061	1003.797791	181.535385	-1120.669067	1012.962036	-356.173950	-962.199768	770.091858	172.551285	-1027.135223	783.362549	-369.811417	-981.247559	921.946411	24.677959	-1048.446045	918.635681	-272.051697	-1214.643311	933.386475	-76.388672	-1193.984863	1046.667480	-85.009506	-931.714294	1030.021606	-106.912621	-1063.076050	590.480225	78.524948	-1060.282349	440.682739	6.007009	-1086.000366	290.113068	45.169098	-1115.000122	55.783913	-29.171652	-1169.096191	43.427956	-87.983238	-994.452332	46.036739	-54.448227	-1049.427246	603.462280	-312.138611	-991.081787	455.626923	-248.332596	-1092.470459	313.168091	-304.637329	-1192.242920	136.735825	-203.867477	-1246.315552	150.087418	-142.903351	-1097.115234	63.182041	-174.224350
49	0.48000000	-996.667603	1318.763428	76.560944	-1032.761475	1331.985718	-257.418182	-1096.264282	1389.679199	-69.866501	-957.564636	1286.221313	-99.797119	-1044.318726	1003.822205	182.125763	-1112.982788	1013.200012	-355.795929	-944.083221	771.392120	171.776718	-1024.539917	781.651794	-368.132401	-969.864014	921.746704	25.273775	-1035.412109	919.559631	-271.151733	-1202.741821	933.146729	-77.312134	-1181.937500	1046.461304	-84.870018	-919.689575	1030.119507	-107.405273	-1054.056396	590.411621	78.650131	-1057.775635	440.666443	5.688614	-1084.755737	290.211334	45.080086	-1114.937988	55.807362	-29.217924	-1169.076416	43.583973	-87.991570	-994.329590	45.935303	-54.488327	-1031.520508	604.486511	-312.370392	-969.988342	457.393982	-247.879974	-1066.074463	310.437836	-304.008789	-1155.282104	128.342087	-203.329147	-1209.431152	137.812164	-141.548248	-1055.450684	60.824146	-176.328339
50	0.49000000	-983.788696	1318.407227	76.139107	-1021.523438	1331.749390	-258.055695	-1083.930542	1389.245117	-69.753098	-945.661255	1285.864136	-100.395027	-1029.236938	1003.576050	182.663498	-1105.412720	1013.256897	-355.489624	-926.038879	772.477203	170.993271	-1021.875946	779.940826	-366.405243	-958.427734	921.369507	25.900131	-1022.210144	919.968323	-270.290466	-1190.795288	932.645447	-78.332115	-1169.873413	1045.974976	-84.837013	-907.555969	1030.000122	-107.956314	-1045.267212	590.139893	78.633751	-1055.441528	440.671906	5.334268	-1083.669800	290.361725	44.946877	-1114.881226	55.867302	-29.298983	-1169.034058	43.746445	-88.054329	-994.216980	45.849979	-54.529499	-1013.776672	605.352844	-312.674469	-949.466919	458.851440	-247.296051	-1039.926270	307.487762	-303.280243	-1117.551758	119.911888	-202.954391	-1171.452148	125.469826	-140.361938	-1013.421143	58.694950	-178.663605
51	0.50000000	-970.970337	1317.772949	75.680580	-1010.267334	1331.257080	-258.722900	-1071.615845	1388.546997	-69.705513	-933.752502	1285.264038	-101.044731	-1014.217346	1003.060059	183.135605	-1097.924438	1013.118958	-355.226715	-908.081818	773.331024	170.204376	-1019.079681	778.206268	-364.654861	-946.876099	920.790771	26.533062	-1008.911194	919.841248	-269.518463	-1178.791260	931.904846	-79.386948	-1157.781128	1045.216797	-84.900108	-895.318359	1029.671753	-108.567360	-1036.824829	589.703796	78.462891	-1053.264404	440.724762	4.950272	-1082.731934	290.578796	44.779408	-1114.837280	55.969353	-29.417940	-1168.973267	43.929531	-88.174934	-994.122559	45.778786	-54.565144	-996.255249	606.020996	-313.012634	-929.524231	459.954590	-246.608017	-1013.990295	304.313202	-302.472107	-1079.104858	111.620094	-202.771530	-1132.445557	113.293442	-139.385208	-971.123169	56.901306	-181.207077
52	0.51000000	-958.205566	1316.861084	75.176651	-998.981567	1330.505737	-259.423126	-1059.314575	1387.584961	-69.734200	-921.826965	1284.415771	-101.740265	-999.237183	1002.281494	183.528412	-1090.484009	1012.777222	-354.975464	-890.222076	773.943542	169.407677	-1016.094940	776.428650	-362.902176	-935.178894	919.979126	27.136875	-995.587280	919.185974	-268.868622	-1166.719116	930.941101	-80.427895	-1145.648560	1044.195312	-85.049583	-882.987000	1029.138550	-109.239571	-1028.854858	589.152161	78.140259	-1051.220825	440.845886	4.545502	-1081.921143	290.881317	44.584206	-1114.810547	56.120457	-29.580425	-1168.899658	44.154312	-88.361130	-994.047668	45.714001	-54.594818	-979.023987	606.439148	-313.344513	-910.169617	460.657898	-245.853714	-988.188538	300.899414	-301.627197	-1040.012329	103.642128	-202.813675	-1092.521362	101.521255	-138.670853	-928.649414	55.541862	-183.902863
53	0.52000000	-945.484985	1315.677246	74.618568	-987.655090	1329.496704	-260.156891	-1047.021484	1386.359619	-69.845749	-909.873901	1283.317505	-102.474541	-984.278809	1001.251953	183.829117	-1083.060913	1012.226257	-354.702698	-872.466888	774.311279	168.596756	-1012.879852	774.594788	-361.168381	-923.331848	918.906433	27.671141	-982.300659	918.032898	-268.358185	-1154.572144	929.763550	-81.421791	-1133.466309	1042.917725	-85.277679	-870.575012	1028.395874	-109.970154	-1021.466919	588.539185	77.682823	-1049.274414	441.049713	4.131336	-1081.205078	291.288330	44.362267	-1114.802368	56.329174	-29.795547	-1168.816040	44.447765	-88.625504	-993.988342	45.647930	-54.621643	-962.144531	606.548401	-313.634064	-891.404541	460.919800	-245.070816	-962.403076	297.240173	-300.812836	-1000.374146	96.155098	-203.119629	-1051.840820	90.391327	-138.283630	-886.099426	54.699524	-186.664062
54	0.53000000	-932.798401	1314.231445	73.999886	-976.276001	1328.234741	-260.922699	-1034.732422	1384.873657	-70.043663	-897.881897	1281.971802	-103.241173	-969.334290	999.986023	184.027130	-1075.630005	1011.464050	-354.376587	-854.824036	774.437439	167.763947	-1009.408356	772.697174	-359.476746	-911.346191	917.556274	28.096302	-969.086121	916.432922	-267.996735	-1142.349121	928.375305	-82.350815	-1121.231445	1041.392822	-85.579483	-858.095093	1027.431274	-110.753136	-1014.731812	587.918213	77.119255	-1047.366211	441.341980	3.718786	-1080.536133	291.813721	44.108006	-1114.809082	56.606155	-30.075920	-1168.720337	44.841267	-88.983345	-993.938354	45.578190	-54.648903	-945.669861	606.289673	-313.850769	-873.214478	460.710266	-244.289017	-936.493164	293.357361	-300.116364	-960.323669	89.334152	-203.727890	-1010.616150	80.128159	-138.294403	-843.587402	54.444164	-189.385513
55	0.54000000	-920.134094	1312.536743	73.316338	-964.831665	1326.728394	-261.718292	-1022.442810	1383.133789	-70.329643	-885.838684	1280.386108	-104.036682	-954.409058	998.500488	184.115631	-1068.169434	1010.493347	-353.970215	-837.303131	774.331207	166.902176	-1005.668365	770.730835	-357.848557	-899.241943	915.927246	28.375568	-955.950195	914.450684	-267.790283	-1130.053589	926.776123	-83.209686	-1108.950562	1039.633179	-85.954903	-845.557861	1026.227173	-111.584442	-1008.669434	587.341492	76.489075	-1045.403320	441.718506	3.313106	-1079.845581	292.461761	43.809406	-1114.822510	56.964661	-30.436588	-1168.606323	45.368404	-89.449844	-993.889648	45.506889	-54.680283	-929.652222	605.608704	-313.970703	-855.570801	460.018677	-243.530075	-910.326843	289.315765	-299.631653	-920.027771	83.339600	-204.665833	-969.099304	70.919952	-138.763672	-801.249207	54.839268	-191.958282
56	0.55000000	-907.478088	1310.607544	72.565025	-953.309448	1324.990967	-262.542480	-1010.146301	1381.153687	-70.705025	-873.732727	1278.572388	-104.861404	-939.521118	996.812927	184.091187	-1060.655640	1009.321228	-353.465729	-819.916138	774.006500	166.005463	-1001.658630	768.690887	-356.298111	-887.044983	914.033020	28.478317	-942.885010	912.156555	-267.741180	-1117.691895	924.965820	-84.002853	-1096.637695	1037.658447	-86.411156	-832.969360	1024.766357	-112.464935	-1003.237671	586.860168	75.837021	-1043.257446	442.165405	2.909309	-1079.040527	293.225311	43.449970	-1114.829834	57.420708	-30.892008	-1168.463257	46.062061	-90.036896	-993.832947	45.437496	-54.721035	-914.148438	604.462341	-313.979004	-838.433167	458.858704	-242.807632	-883.822327	285.229553	-299.438538	-879.689453	78.300423	-205.940033	-927.571838	62.898247	-139.726059	-759.253906	55.942001	-194.285309
57	0.56000000	-894.816162	1308.461426	71.745430	-941.697510	1323.041138	-263.396484	-997.833008	1378.957153	-71.171646	-861.554565	1276.547852	-105.718826	-924.694763	994.940796	183.950470	-1053.056396	1007.959595	-352.857300	-802.678558	773.480927	165.069038	-997.383270	766.571747	-354.831329	-874.783936	911.902222	28.387037	-929.877991	909.619263	-267.848724	-1105.269775	922.948059	-84.742958	-1084.309448	1035.494995	-86.963562	-820.330017	1023.038025	-113.398117	-998.317261	586.515991	75.198975	-1040.776978	442.661957	2.492996	-1078.008423	294.087189	43.012386	-1114.814575	57.991341	-31.450212	-1168.276978	46.950241	-90.748962	-993.757996	45.373962	-54.776577	-899.215820	602.827942	-313.872955	-821.749817	457.270874	-242.124146	-856.987122	281.255524	-299.582977	-839.554993	74.301941	-207.530884	-886.349548	56.132080	-141.188538	-717.818359	57.795128	-196.297119
58	0.57000000	-882.134949	1306.121826	70.859451	-929.984009	1320.904053	-264.284668	-985.490417	1376.580322	-71.732101	-849.294434	1274.337036	-106.615501	-909.953247	992.903809	183.687653	-1045.327881	1006.424988	-352.151764	-785.610535	772.775482	164.089104	-992.845886	764.369171	-353.449051	-862.489929	909.577271	28.102926	-916.914001	906.901978	-268.110260	-1092.790039	920.733215	-85.450974	-1071.978760	1033.176758	-87.633133	-807.635803	1021.045593	-114.386513	-993.707825	586.328064	74.591042	-1037.809570	443.184662	2.046788	-1076.629883	295.023834	42.483963	-1114.758301	58.691967	-32.105682	-1168.031982	48.052322	-91.578201	-993.653992	45.320572	-54.849754	-884.898621	600.707581	-313.662598	-805.457153	455.321716	-241.469498	-829.942322	277.571350	-300.066101	-799.923340	71.380066	-209.395416	-845.790039	50.630749	-143.134232	-677.218750	60.414219	-197.962326
59	0.58000000	-869.421509	1303.619385	69.907921	-918.157043	1318.612183	-265.213745	-973.104492	1374.071533	-72.389847	-836.942322	1271.972290	-107.561401	-895.319641	990.728149	183.295639	-1037.415405	1004.739319	-351.368042	-768.736481	771.914276	163.062897	-988.045654	762.083069	-352.150421	-850.198486	907.111572	27.644337	-903.973328	904.063721	-268.522766	-1080.248657	918.340027	-86.156807	-1059.651123	1030.744385	-88.441032	-794.882935	1018.810608	-115.430779	-989.146362	586.284790	74.011116	-1034.224976	443.709717	1.558196	-1074.801147	296.012390	41.863976	-1114.641479	59.536575	-32.833977	-1167.714233	49.379189	-92.498840	-993.510620	45.280933	-54.939270	-871.212646	598.127441	-313.368225	-789.487122	453.100311	-240.826813	-802.919189	274.343292	-300.845673	-761.154419	69.517380	-211.475525	-806.290466	46.344280	-145.518051	-637.793274	63.773182	-199.291260
60	0.59000000	-856.663086	1300.992676	68.887474	-906.206116	1316.203491	-266.192017	-960.660278	1371.488647	-73.149292	-824.489563	1269.494263	-108.568573	-880.818665	988.449280	182.768784	-1029.257690	1002.929443	-350.534485	-752.085052	770.924042	161.989281	-982.975311	759.719574	-350.934402	-837.953552	904.567566	27.039249	-891.028809	901.164062	-269.084869	-1067.635132	915.796875	-86.897942	-1047.320801	1028.242188	-89.402649	-782.072021	1016.374390	-116.529617	-984.344055	586.345154	73.448288	-1029.928589	444.214935	1.025835	-1072.457275	297.041718	41.171448	-1114.446411	60.540928	-33.590366	-1167.315430	50.938480	-93.463112	-993.319946	45.257458	-55.038990	-858.129517	595.133240	-313.014465	-773.772827	450.712860	-240.182678	-776.226074	271.693756	-301.846954	-723.666321	68.635651	-213.701263	-768.275635	43.164955	-148.256378	-599.931580	67.788681	-200.328918
61	0.60000000	-843.848389	1298.288818	67.791504	-894.122925	1313.722168	-267.229004	-948.143738	1368.892212	-74.015594	-811.929749	1266.949341	-109.648521	-866.475403	986.110107	182.102798	-1020.793640	1001.026550	-349.685303	-735.689545	769.834076	160.868866	-977.618347	757.293030	-349.800949	-825.807495	902.010681	26.318424	-878.044678	898.264099	-269.796509	-1054.933105	913.142517	-87.715622	-1034.968262	1025.713379	-90.523453	-769.210022	1013.798645	-117.680595	-979.027100	586.448059	72.893059	-1024.863770	444.681488	0.462840	-1069.580078	298.119080	40.448177	-1114.159302	61.722927	-34.314209	-1166.833862	52.741795	-94.402893	-993.077515	45.251633	-55.137714	-845.566833	591.790039	-312.621460	-758.245422	448.277191	-239.534882	-750.198792	269.679382	-302.978638	-687.908936	68.590317	-215.985214	-732.179443	40.937687	-151.221146	-564.047729	72.303078	-201.132889
62	0.61000000	-830.968811	1295.564087	66.612083	-881.902039	1311.216431	-268.334503	-935.544189	1366.339355	-74.994179	-799.258484	1264.388794	-110.811508	-852.312195	983.758362	181.292923	-1011.967407	999.064087	-348.857697	-719.587524	768.678040	159.703114	-971.942505	754.827209	-348.754349	-813.808899	899.500305	25.511175	-864.978027	895.424011	-270.654449	-1042.121704	910.425293	-88.650414	-1022.558777	1023.196716	-91.797066	-756.308350	1011.162048	-118.882629	-972.969971	586.527405	72.344421	-1019.006287	445.095001	-0.104165	-1066.181274	299.263885	39.751862	-1113.769287	63.100174	-34.938148	-1166.274170	54.809433	-95.238243	-992.781494	45.264172	-55.219948	-833.383301	588.185608	-312.197784	-742.828247	445.912506	-238.897415	-725.149353	268.281647	-304.146973	-654.318054	69.174881	-218.215958	-698.419678	39.475719	-154.244247	-530.539673	77.072792	-201.740295
63	0.62000000	-818.019470	1292.881226	65.340691	-869.541748	1308.736206	-269.517731	-922.856079	1363.878174	-76.090363	-786.474243	1261.864624	-112.066597	-838.349548	981.443787	180.334015	-1002.731750	997.076233	-348.089966	-703.817200	767.494354	158.493195	-965.890747	752.355438	-347.808563	-801.974060	897.087280	24.643517	-851.781006	892.700745	-271.646973	-1029.175171	907.699585	-89.738220	-1010.043762	1020.724304	-93.204933	-743.377441	1008.550537	-120.135948	-966.015564	586.528748	71.812363	-1012.353149	445.446167	-0.640807	-1062.272339	300.495941	39.141998	-1113.266479	64.690727	-35.397923	-1165.641724	57.171150	-95.889389	-992.431458	45.294880	-55.267925	-821.383545	584.436890	-311.740295	-727.440186	443.723114	-238.302963	-701.325012	267.406311	-305.265656	-623.271912	70.135246	-220.259949	-667.365479	38.571629	-157.135010	-499.747284	81.773956	-202.139328
64	0.63000000	-804.999756	1290.305786	63.969456	-857.044922	1306.330200	-270.786743	-910.080200	1361.543945	-77.309212	-773.577759	1259.427734	-113.420532	-824.608032	979.215515	179.222885	-993.049255	995.096252	-347.420319	-688.413239	766.323730	157.239891	-959.379639	749.918030	-346.990479	-790.242920	894.827759	23.746315	-838.403320	890.146301	-272.750610	-1016.062073	905.021790	-91.007072	-997.365845	1018.321228	-94.718071	-730.420044	1006.047852	-121.439339	-958.081360	586.421753	71.315720	-1004.914429	445.732269	-1.112495	-1057.846069	301.828644	38.667873	-1112.638794	66.516380	-35.639412	-1164.937012	59.864281	-96.287964	-992.027039	45.341843	-55.264862	-809.331055	580.696533	-311.245270	-712.008667	441.781860	-237.798721	-678.885193	266.895447	-306.262848	-595.062317	71.192131	-221.977829	-639.305969	38.006134	-159.708084	-471.921356	86.030380	-202.262833
65	0.64000000	-791.914429	1287.902710	62.494080	-844.417969	1304.042603	-272.148102	-897.222534	1359.358521	-78.655769	-760.570190	1257.125122	-114.876495	-811.108521	977.119995	177.960831	-982.893066	993.154602	-346.886719	-673.404633	765.205231	155.944706	-952.316467	747.556305	-346.335327	-778.432617	892.802307	22.873302	-824.793823	887.804932	-273.932037	-1002.747559	902.446350	-92.474411	-984.466309	1016.005920	-96.300262	-717.424133	1003.729858	-122.789635	-949.153381	586.204590	70.876358	-996.707336	445.956818	-1.490535	-1052.875244	303.268829	38.363434	-1111.869629	68.602882	-35.622128	-1164.150024	62.930851	-96.383835	-991.566895	45.399830	-55.198544	-796.970520	577.153320	-310.728210	-696.488037	440.119507	-237.432724	-657.901855	266.556641	-307.082825	-569.880005	72.071770	-223.250351	-614.432190	37.569607	-161.812881	-447.209076	89.457977	-202.007645
66	0.65000000	-778.772339	1285.730347	60.916683	-831.668518	1301.910767	-273.606720	-884.291504	1357.332642	-80.134918	-747.451355	1254.999512	-116.434135	-797.869873	975.198975	176.555023	-972.246521	991.277649	-346.526398	-658.814728	764.171692	154.609730	-944.625732	745.305450	-345.877869	-766.234863	891.114868	22.102360	-810.903748	885.711182	-275.154877	-989.197754	900.023254	-94.144630	-971.293457	1013.793213	-97.910805	-704.358215	1001.662903	-124.182182	-939.272034	585.899841	70.511093	-987.751831	446.125854	-1.755907	-1047.322144	304.818237	38.247368	-1110.936768	70.976685	-35.320175	-1163.257080	66.414597	-96.146332	-991.048706	45.459000	-55.063766	-784.060547	574.015442	-310.239532	-680.880432	438.724243	-237.234222	-638.379211	266.201447	-307.678925	-547.810120	72.542206	-224.000900	-592.833740	37.096272	-163.355408	-425.652832	91.713974	-201.270462
67	0.66000000	-765.584167	1283.835938	59.247208	-818.802368	1299.964844	-275.165680	-871.294739	1355.472290	-81.750252	-734.218506	1253.088257	-118.089958	-784.905823	973.487549	175.018280	-961.102173	989.487122	-346.375031	-644.662323	763.245667	153.235924	-936.257721	743.192596	-345.648041	-753.297363	889.862366	21.501617	-796.692871	883.889526	-276.388458	-975.386597	897.797058	-96.006187	-957.811035	1011.698608	-99.508186	-691.172302	999.903687	-125.609360	-928.510437	585.543884	70.222778	-978.068115	446.243652	-1.900780	-1041.154175	306.476288	38.327301	-1109.810791	73.660400	-34.723202	-1162.220459	70.358574	-95.562195	-990.468018	45.506256	-54.862621	-770.415588	571.473633	-309.859161	-665.246704	437.552002	-237.198898	-620.284729	265.682281	-308.005859	-528.836975	72.447716	-224.206177	-574.506470	36.494740	-164.310196	-407.198700	92.540222	-199.987549
68	0.67000000	-752.361450	1282.253662	57.503487	-805.822144	1298.227661	-276.825348	-858.235657	1353.784668	-83.502632	-720.866089	1251.422852	-119.837639	-772.220520	972.011841	173.368103	-949.459106	987.800842	-346.463989	-630.963959	762.437256	151.821415	-927.178101	741.239349	-345.672852	-739.357849	889.094666	21.083479	-782.137695	882.356201	-277.613190	-961.302795	895.807739	-98.029106	-944.003662	1009.742249	-101.055679	-677.802979	998.500488	-127.059761	-916.950012	585.172058	69.994263	-967.676453	446.311707	-1.927670	-1034.353516	308.243744	38.604210	-1108.452881	76.668159	-33.839203	-1160.985962	74.803703	-94.633995	-989.817505	45.531532	-54.601742	-755.945129	569.657227	-309.668182	-649.696106	436.547363	-237.289383	-603.574097	264.918427	-308.022980	-512.853699	71.733093	-223.897842	-559.361755	35.766438	-164.722580	-391.710114	91.795303	-198.166138
69	0.68000000	-739.113953	1281.005249	55.709396	-792.726562	1296.715820	-278.582977	-845.111816	1352.284058	-85.389420	-707.386353	1250.028564	-121.669067	-759.806519	970.787903	171.625244	-937.318542	986.233337	-346.817932	-617.736115	761.743988	150.360783	-917.358368	739.463043	-345.978165	-724.365601	888.786926	20.776871	-767.240540	881.124634	-278.823273	-946.956360	894.092041	-100.164772	-929.880676	1007.952087	-102.525467	-664.179443	997.492859	-128.519150	-904.663208	584.808411	69.790230	-956.595215	446.330353	-1.846661	-1026.918579	310.125275	39.072193	-1106.810059	80.004051	-32.695545	-1159.479736	79.788193	-93.381020	-989.086792	45.535622	-54.289021	-740.669128	568.608582	-309.718811	-634.352966	435.669830	-237.452820	-588.192383	263.909424	-307.708710	-499.674225	70.452171	-223.159683	-547.235535	35.006145	-164.700027	-378.982727	89.474754	-195.896835
70	0.69000000	-725.845337	1280.102051	53.890686	-779.510010	1295.442017	-280.432495	-831.913330	1350.995850	-87.403961	-693.771790	1248.925537	-123.576538	-747.646851	969.825134	169.810806	-924.679260	984.797607	-347.452606	-604.996704	761.153198	148.845535	-906.775879	737.877716	-346.587631	-708.534607	888.835083	20.429428	-752.036316	880.212036	-280.027252	-932.383118	892.684814	-102.348839	-915.478577	1006.366760	-103.899475	-650.235168	996.907776	-129.970993	-891.707397	584.465454	69.566719	-944.835632	446.301270	-1.671063	-1018.854431	312.129791	39.716949	-1104.816650	83.671600	-31.330095	-1157.601929	85.348167	-91.841064	-988.263428	45.529846	-53.934883	-724.703247	568.289795	-310.024414	-619.312744	434.916412	-237.647308	-574.047424	262.741211	-307.078735	-489.049744	68.759415	-222.120834	-537.892883	34.372864	-164.389404	-368.758423	85.721153	-193.344818
71	0.70000000	-712.549744	1279.550171	52.069786	-766.163269	1294.417480	-282.364227	-818.622620	1349.957397	-89.535370	-680.016968	1248.131348	-125.554810	-735.717957	969.132263	167.942780	-911.533813	983.506714	-348.372833	-592.764435	760.646515	147.265408	-895.417053	736.495392	-347.518570	-692.279175	889.076050	19.849827	-736.596375	879.644836	-281.246155	-917.641968	891.617126	-104.506714	-900.861389	1005.036804	-105.168808	-635.923767	996.753357	-131.397354	-878.127441	584.151978	69.284828	-932.394409	446.228546	-1.411796	-1010.156189	314.269928	40.517883	-1102.397705	87.690979	-29.777498	-1155.222046	91.518166	-90.070808	-987.335938	45.522659	-53.556068	-708.228210	568.618164	-310.570923	-604.607056	434.333984	-237.867920	-560.983643	261.579865	-306.202637	-480.690918	66.881256	-220.942398	-531.027649	34.030140	-163.944260	-360.740265	80.827431	-190.723877
72	0.71000000	-699.209900	1279.353760	50.261093	-752.675415	1293.655273	-284.363708	-805.217346	1349.216187	-91.768021	-666.119385	1247.663086	-127.601128	-723.990417	968.724365	166.033005	-897.869385	982.377319	-349.570923	-581.056458	760.205658	145.609890	-883.278503	735.328400	-348.778687	-676.053162	889.329041	18.875883	-721.026123	879.458618	-282.509369	-902.802368	890.910950	-106.562378	-886.114258	1004.019775	-106.333878	-621.232483	997.015930	-132.783676	-863.960144	583.877319	68.923347	-919.244446	446.116608	-1.072478	-1000.791565	316.559143	41.451927	-1099.470459	92.104034	-28.066921	-1152.176392	98.328926	-88.144646	-986.296326	45.504864	-53.174255	-691.457764	569.505066	-311.337708	-590.191040	434.014862	-238.163361	-548.791565	260.634094	-305.214172	-474.285522	65.061943	-219.792770	-526.259338	34.079021	-163.495529	-354.608795	75.223259	-188.259842
73	0.72000000	-685.798462	1279.517578	48.467239	-739.037292	1293.171143	-286.411072	-791.675964	1348.822632	-94.080887	-652.082031	1247.536255	-129.713547	-712.427429	968.624268	164.086151	-883.672607	981.431396	-351.026642	-569.885895	759.817810	143.868561	-870.363953	734.392365	-350.366577	-660.199707	889.441895	17.422340	-705.452881	879.693787	-283.848541	-887.926697	890.571655	-108.449684	-871.327576	1003.368591	-107.407059	-606.189270	997.659790	-134.125092	-849.233948	583.645569	68.484169	-905.327637	445.961670	-0.647889	-990.689453	319.004608	42.496048	-1095.938599	96.960297	-26.231243	-1148.270630	105.801880	-86.152420	-985.139038	45.451973	-52.806797	-674.606689	570.876343	-312.317139	-575.962036	434.065948	-238.630173	-537.263855	260.078033	-304.301971	-469.503998	63.495243	-218.813538	-523.144470	34.520641	-163.136169	-350.035309	69.409462	-186.148926
74	0.73000000	-672.282532	1280.046387	46.676414	-725.245483	1292.983032	-288.481964	-777.984558	1348.817017	-96.447327	-637.915100	1247.761353	-131.888184	-700.984436	968.859375	162.101456	-868.937561	980.696289	-352.710480	-559.260742	759.479248	142.030895	-856.679596	733.706970	-352.275269	-644.884827	889.326355	15.491212	-690.002686	880.388794	-285.290131	-873.061401	890.581482	-110.121605	-856.578064	1003.117554	-108.416069	-590.865784	998.626953	-135.430176	-833.966492	583.442505	67.990646	-890.552490	445.738739	-0.126647	-979.735962	321.595215	43.627216	-1091.687744	102.300194	-24.311941	-1143.286499	113.942917	-84.191933	-983.853455	45.343296	-52.457817	-657.861267	572.672180	-313.528015	-561.819885	434.550415	-239.373352	-526.255249	259.964447	-303.666595	-466.001282	62.275539	-218.088318	-521.219788	35.269417	-162.918457	-346.692230	63.842293	-184.518066
75	0.74000000	-658.631226	1280.941406	44.862644	-711.306274	1293.107422	-290.551208	-764.144897	1349.216309	-98.836945	-623.635925	1248.338623	-134.116623	-689.609741	969.454224	160.075714	-853.674377	980.200562	-354.588226	-549.181091	759.194000	140.087746	-842.229980	733.293854	-354.494125	-630.104980	888.970276	13.161022	-674.777893	881.572449	-286.846191	-858.242859	890.902039	-111.553986	-841.916748	1003.274963	-109.401375	-575.374512	999.838989	-136.720917	-818.163452	583.223267	67.482727	-874.801758	445.392059	0.503118	-967.781738	324.287872	44.821373	-1086.583618	108.145607	-22.354761	-1136.996216	122.736961	-82.352455	-982.411987	45.180389	-52.121731	-641.368713	574.838318	-315.013275	-547.757874	435.432556	-240.448425	-515.706665	260.195282	-303.455109	-463.440308	61.397655	-217.632004	-520.069214	36.199001	-162.856522	-344.271820	58.848759	-183.399368
76	0.75000000	-644.825317	1282.193237	42.991753	-697.237000	1293.556152	-292.597687	-750.178955	1350.005737	-101.219276	-609.268433	1249.257446	-136.385193	-678.250122	970.421387	158.004974	-837.915833	979.968018	-356.626007	-539.634277	758.967834	138.034153	-827.017853	733.170776	-357.007767	-615.739563	888.427734	10.562816	-659.845520	883.253662	-288.508423	-843.510925	891.485046	-112.746330	-827.370117	1003.826111	-110.404228	-559.854126	1001.202698	-138.027496	-801.817505	582.908630	67.010117	-857.951294	444.836365	1.248114	-954.658325	327.002228	46.054276	-1080.471069	114.492790	-20.404505	-1129.185425	132.144257	-80.693527	-980.757568	44.998875	-51.796467	-625.260986	577.308350	-316.810120	-533.932190	436.570190	-241.821533	-505.643768	260.582275	-303.715240	-461.535950	60.798412	-217.404144	-519.373474	37.183167	-162.933380	-342.513824	54.624931	-182.731094
77	0.76000000	-630.865295	1283.774414	41.033493	-683.064331	1294.331055	-294.607117	-736.127075	1351.141968	-103.568123	-594.840393	1250.494507	-138.675751	-666.860657	971.751587	155.885345	-821.719238	980.011597	-358.794464	-530.591843	758.802887	135.870636	-811.046844	733.345520	-359.793411	-601.621521	887.796936	7.846855	-645.242371	885.410950	-290.252136	-828.916504	892.283875	-113.722649	-812.952637	1004.741394	-111.452065	-544.445129	1002.623108	-139.379730	-784.906921	582.396912	66.622993	-839.894653	443.971191	2.107592	-940.203613	329.628265	47.303764	-1073.174072	121.306946	-18.505583	-1119.678955	142.098526	-79.229919	-978.789185	44.879570	-51.492607	-609.700989	579.978760	-318.902588	-520.652100	437.766357	-243.375168	-496.182373	260.947479	-304.396027	-460.084717	60.402088	-217.336166	-518.922424	38.115871	-163.113297	-341.225403	51.264229	-182.386078
78	0.77000000	-616.775696	1285.637451	38.974571	-668.820557	1295.419678	-296.570740	-722.038269	1352.562378	-105.865318	-580.380493	1252.014160	-140.966324	-655.412048	973.409485	153.713913	-805.161011	980.329102	-361.071930	-522.011627	758.694397	133.602913	-794.326660	733.811737	-362.819565	-587.602051	887.194031	5.150976	-630.986145	887.986572	-292.048737	-814.516357	893.260620	-114.531334	-798.680969	1005.982178	-112.550964	-529.264221	1004.019958	-140.798615	-767.398315	581.588196	66.360741	-820.565491	442.704071	3.075685	-924.289062	332.041748	48.551361	-1064.503540	128.523010	-16.708614	-1108.366577	152.504852	-77.933578	-976.340576	44.955910	-51.235451	-594.905090	582.696960	-321.190918	-508.291992	438.841858	-244.956604	-487.531158	261.187286	-305.384399	-458.962189	60.142418	-217.359268	-518.600708	38.919842	-163.357498	-340.279419	48.764748	-182.219452
79	0.78000000	-602.602417	1287.719727	36.825069	-654.539124	1296.792969	-298.480957	-707.958008	1354.198608	-108.102188	-565.918213	1253.769409	-143.231781	-643.893921	975.337158	151.489288	-788.326294	980.901794	-363.445435	-513.843414	758.631256	131.242142	-776.876190	734.548126	-366.047501	-573.595703	886.728210	2.579716	-617.082153	890.888550	-293.877838	-800.360291	894.388794	-115.241142	-784.579651	1007.501648	-113.689301	-514.389160	1005.341309	-142.290985	-749.255737	580.411316	66.243073	-799.951538	440.976562	4.145831	-906.838257	334.120178	49.782887	-1054.272339	136.050079	-15.081117	-1095.218994	163.235580	-76.757408	-973.155701	45.407887	-51.063362	-581.111023	585.281677	-323.504608	-497.178955	439.683716	-246.435425	-479.952209	261.278351	-306.548004	-458.100739	59.966377	-217.423386	-518.361328	39.552391	-163.635956	-339.595245	47.036819	-182.117996
80	0.79000000	-588.404480	1289.951660	34.616295	-640.252441	1298.404297	-300.328217	-693.920227	1355.986084	-110.277405	-551.484985	1255.704224	-145.443100	-632.317200	977.460510	149.211700	-771.296936	981.694336	-365.909424	-506.034943	758.597473	128.805977	-758.723175	735.520813	-369.435806	-559.601807	886.483154	0.197163	-603.523804	893.997620	-295.729340	-786.480957	895.652161	-115.931473	-770.675781	1009.247314	-114.849823	-499.858612	1006.567261	-143.848389	-730.454834	578.848938	66.267723	-778.098022	438.786682	5.310874	-887.835266	335.757141	50.988056	-1042.309570	143.774170	-13.716697	-1080.289307	174.127228	-75.672318	-968.874023	46.437889	-51.020195	-568.513245	587.565491	-325.651123	-487.508789	440.250305	-247.734818	-473.669373	261.251465	-307.763275	-457.463043	59.834827	-217.501984	-518.194275	40.006165	-163.930054	-339.117126	45.934494	-182.023758
81	0.80000000	-574.244873	1292.263550	32.393555	-625.988708	1300.193237	-302.100677	-679.945129	1357.870972	-112.392609	-537.113525	1257.759033	-147.566711	-620.715576	979.697876	146.883636	-754.140381	982.658386	-368.462860	-498.536194	758.573700	126.318684	-739.901917	736.687073	-372.945282	-545.701477	886.509399	-1.967286	-590.292053	897.178589	-297.596436	-772.893494	897.042847	-116.678619	-756.991943	1011.165771	-116.021675	-485.682648	1007.705322	-145.448105	-710.995972	576.953369	66.413239	-755.105408	436.204102	6.554365	-867.325378	336.877838	52.156719	-1028.479980	151.559540	-12.731287	-1063.697510	184.980042	-74.697189	-963.039856	48.230404	-51.142616	-557.219116	589.437866	-327.475067	-479.310516	440.550995	-248.833282	-468.762207	261.158813	-308.927582	-457.022095	59.722076	-217.585602	-518.101501	40.300991	-164.228897	-338.801208	45.295452	-181.921860
82	0.81000000	-560.182190	1294.589600	30.207565	-611.769836	1302.091675	-303.786255	-666.042419	1359.812134	-114.448776	-522.836426	1259.877197	-149.566971	-609.139221	981.966980	144.511017	-736.902710	983.738770	-371.105347	-491.301849	758.538574	123.808800	-720.450806	738.000641	-376.542145	-532.028748	886.825867	-3.904757	-577.355042	900.296082	-299.467621	-759.599792	898.557617	-117.543350	-743.540833	1013.209167	-117.203957	-471.853912	1008.781006	-147.054306	-690.919006	574.850464	66.643814	-731.121704	433.373383	7.838531	-845.407532	337.456482	53.270706	-1012.714355	159.251251	-12.237184	-1045.598999	195.558273	-73.903587	-955.134949	50.905231	-51.449493	-547.243042	590.875793	-328.905579	-472.459076	440.627991	-249.752518	-465.107941	261.045105	-309.964386	-456.750305	59.612572	-217.671692	-518.082642	40.471031	-164.523865	-338.610443	44.969730	-181.815796
83	0.82000000	-546.264832	1296.870605	28.107264	-597.610168	1304.032593	-305.375183	-652.214905	1361.781738	-116.443413	-508.686035	1262.010498	-151.410492	-597.643738	984.192200	142.103226	-719.606934	984.881592	-373.833801	-484.291092	758.470886	121.304813	-700.409668	739.417786	-380.198349	-518.724670	887.426392	-5.612708	-564.669556	903.234070	-301.323090	-746.592468	900.196228	-118.563889	-730.322876	1015.338623	-118.400032	-458.353912	1009.827515	-148.620789	-670.315979	572.727478	66.914406	-706.328857	430.502594	9.101171	-822.220154	337.534973	54.295746	-995.036865	166.682755	-12.301048	-1026.155151	205.591431	-73.393051	-944.629333	54.478115	-51.942535	-538.514160	591.951355	-329.972443	-466.723999	440.547363	-250.539566	-462.407471	260.930054	-310.826111	-456.616302	59.497318	-217.758331	-518.128906	40.553707	-164.803986	-338.512054	44.834465	-181.712891
84	0.83000000	-532.529480	1299.058960	26.134455	-583.517578	1305.957886	-306.862152	-638.462830	1363.763062	-118.368858	-494.695557	1264.123047	-153.068863	-586.280884	986.311584	139.671249	-702.254944	986.039795	-376.641357	-477.466827	758.352295	118.829506	-679.817841	740.903320	-383.889862	-505.889313	888.288452	-7.086824	-552.184998	905.912964	-303.135315	-733.854553	901.960388	-119.754585	-717.325684	1017.525146	-119.609940	-445.157867	1010.876648	-150.096451	-649.334839	570.800354	67.173729	-680.922729	427.835175	10.267447	-797.927124	337.232941	55.179096	-975.560425	173.685928	-12.912010	-1005.512939	214.782837	-73.261497	-931.054810	58.835827	-52.622257	-530.875732	592.808960	-330.782440	-461.832489	440.389191	-251.247009	-460.278809	260.807190	-311.495422	-456.586029	59.371777	-217.842163	-518.222961	40.582581	-165.054184	-338.475952	44.798649	-181.619034
85	0.84000000	-519.001160	1301.122559	24.320065	-569.493896	1307.823242	-308.248413	-624.786987	1365.747681	-120.212959	-480.897797	1266.191284	-154.521164	-575.089844	988.280945	137.225952	-684.831970	987.177979	-379.517517	-470.795517	758.170959	116.395576	-658.714172	742.434845	-387.594528	-493.548859	889.381409	-8.320453	-539.849731	908.298767	-304.872223	-721.357971	903.851624	-121.108597	-704.524841	1019.747375	-120.827736	-432.240234	1011.954590	-151.431122	-628.167603	569.265320	67.366425	-655.091125	425.607758	11.270557	-772.706299	336.736389	55.852211	-954.438354	180.086166	-13.988424	-983.789124	222.831543	-73.570114	-914.095764	63.730675	-53.503460	-524.084412	593.617188	-331.469391	-457.523804	440.230255	-251.918198	-458.366547	260.658051	-311.986084	-456.622528	59.234844	-217.917084	-518.342285	40.584206	-165.258331	-338.475586	44.801865	-181.537628
86	0.85000000	-505.691345	1303.048218	22.682060	-555.535828	1309.598633	-309.544067	-611.190979	1367.730103	-121.962326	-467.318970	1268.200562	-155.759567	-564.089233	990.076660	134.776901	-667.313904	988.275513	-382.448456	-464.246475	757.924927	114.005440	-637.138672	744.005859	-391.292236	-481.647156	890.670593	-9.309798	-527.619385	910.402283	-306.499756	-709.066345	905.868591	-122.602600	-691.887024	1021.989014	-122.043747	-419.579437	1013.080200	-152.581558	-607.019958	568.254456	67.437851	-628.993591	424.005737	12.068439	-746.740356	336.257202	56.237499	-931.805115	185.685486	-15.418379	-961.057373	229.463470	-74.335869	-893.663086	68.806183	-54.605099	-517.829712	594.515686	-332.148407	-453.582153	440.125122	-252.581024	-456.418396	260.470764	-312.339996	-456.686798	59.087601	-217.975266	-518.464661	40.578384	-165.406998	-338.489594	44.809658	-181.472275
87	0.86000000	-492.595978	1304.839355	21.225321	-541.634888	1311.267334	-310.767670	-597.681885	1369.705078	-123.606216	-453.967010	1270.137451	-156.798798	-553.274597	991.696289	132.332718	-649.675659	989.326904	-385.417358	-457.790710	757.624298	111.654354	-615.134949	745.625031	-394.965652	-470.063171	892.119202	-10.061167	-515.463379	912.267700	-307.985992	-696.940979	908.004578	-124.200485	-679.376465	1024.236206	-123.248619	-407.158142	1014.263184	-153.517685	-586.065308	567.815796	67.338715	-602.746765	423.131744	12.645541	-720.200928	335.973724	56.266541	-907.751343	190.268616	-17.097521	-937.348145	234.458466	-75.539871	-869.901672	73.658821	-55.920418	-511.778503	595.580994	-332.893280	-449.848114	440.096344	-253.248016	-454.310303	260.251373	-312.616943	-456.744415	58.931885	-218.012482	-518.571167	40.579430	-165.503281	-338.503296	44.807091	-181.429199
88	0.87000000	-479.699066	1306.511475	19.943039	-527.776855	1312.822266	-311.943420	-584.269714	1371.664917	-125.139732	-440.819672	1271.981934	-157.683640	-542.623474	993.155151	129.902695	-631.898438	990.338135	-388.405731	-451.399277	757.291473	109.333370	-592.751648	747.310913	-398.599503	-458.645599	893.691284	-10.598092	-503.366852	913.955444	-309.307831	-684.945374	910.244019	-125.855820	-666.964050	1026.475952	-124.436623	-394.960907	1015.501892	-154.227615	-565.405701	567.918884	67.026657	-576.421753	422.998108	12.999955	-693.222534	335.977631	55.906956	-882.342834	193.639969	-18.944208	-912.668457	237.664703	-77.138336	-843.121338	77.918922	-57.400673	-505.631378	596.821472	-333.735809	-446.217834	440.138367	-253.921524	-452.035126	260.023804	-312.879425	-456.772980	58.770279	-218.032013	-518.647156	40.596386	-165.558853	-338.508148	44.791348	-181.415375
89	0.88000000	-466.978668	1308.085083	18.818678	-513.942505	1314.262085	-313.098785	-570.965088	1373.596924	-126.565773	-427.828400	1273.712158	-158.479568	-532.104065	994.480530	127.498589	-613.973694	991.322205	-391.395050	-445.040756	756.958496	107.031345	-570.039825	749.086182	-402.178986	-447.252686	895.353943	-10.966663	-491.329041	915.524902	-310.457733	-673.047302	912.560364	-127.514549	-654.632324	1028.692383	-125.606575	-382.970032	1016.782654	-154.719162	-545.067932	568.477295	66.468246	-550.057007	423.545502	13.127588	-665.883667	336.252289	55.176250	-855.645691	195.658539	-20.900053	-887.026001	238.998840	-79.067474	-813.694031	81.317604	-58.966328	-499.171570	598.194641	-334.676453	-442.634552	440.231384	-254.601273	-449.673615	259.818573	-313.176544	-456.763367	58.607162	-218.043045	-518.681702	40.633255	-165.585754	-338.500671	44.764957	-181.433472
90	0.89000000	-454.411865	1309.581055	17.829859	-500.114502	1315.587891	-314.259674	-557.776123	1375.482056	-127.895004	-414.941162	1275.315552	-159.245941	-521.683655	995.705688	125.134445	-595.905090	992.294495	-394.368164	-438.678589	756.662750	104.736835	-547.046112	750.974274	-405.688385	-435.784729	897.074585	-11.235296	-479.361298	917.021301	-311.447754	-661.220947	914.915283	-129.118011	-642.374023	1030.863525	-126.760452	-371.161835	1018.081665	-155.018066	-525.028931	569.375916	65.642548	-523.681519	424.676147	13.014071	-638.216797	336.689697	54.131031	-827.726990	196.243744	-22.926353	-860.437561	238.436768	-81.248299	-781.975647	83.712669	-60.531769	-492.284912	599.633545	-335.697205	-439.075226	440.353821	-255.287277	-447.354034	259.658264	-313.532410	-456.717865	58.449638	-218.057465	-518.668457	40.690144	-165.592392	-338.481171	44.729946	-181.478424
91	0.90000000	-441.977417	1311.017334	16.953665	-486.288025	1316.805542	-315.440979	-544.706116	1377.296021	-129.143661	-402.122498	1276.792603	-160.016663	-511.334961	996.863708	122.826431	-577.707520	993.268677	-397.309937	-432.271210	756.441650	102.439770	-523.808945	752.995605	-409.110123	-424.198334	898.815552	-11.486711	-467.485809	918.468262	-312.308502	-649.447815	917.260681	-130.606842	-630.187561	1032.960449	-127.901237	-359.504974	1019.368103	-155.163239	-505.241913	570.495422	64.543434	-497.335968	426.284973	12.635525	-610.238403	337.130737	52.841499	-798.631348	195.357193	-25.003141	-832.919373	236.003510	-83.594994	-748.276306	85.072754	-62.025963	-484.943237	601.070862	-336.773621	-435.537933	440.489136	-255.975647	-445.203186	259.551361	-313.944397	-456.648102	58.306957	-218.088150	-518.607117	40.764511	-165.584442	-338.453217	44.682835	-181.540787
92	0.91000000	-429.657257	1312.407104	16.169638	-472.480530	1317.930298	-316.636688	-531.752563	1379.010986	-130.330078	-389.357452	1278.146606	-160.799637	-501.041565	997.981934	120.594040	-559.405823	994.251526	-400.206390	-425.774323	756.327209	100.132740	-500.360962	755.163696	-412.425583	-412.497528	900.531860	-11.805408	-455.730438	919.867249	-313.084778	-637.714294	919.540283	-131.927246	-618.071838	1034.950195	-129.030777	-347.960968	1020.607727	-155.201126	-485.648041	571.730530	63.179821	-471.083374	428.277222	11.964730	-581.975647	337.410675	51.368095	-768.361267	192.986389	-27.127836	-804.473145	231.766464	-86.022469	-712.865173	85.441879	-63.400925	-477.172577	602.454163	-337.881104	-432.033813	440.627228	-256.652863	-443.305298	259.495728	-314.390106	-456.571655	58.187672	-218.145599	-518.505859	40.853275	-165.567886	-338.422455	44.615852	-181.613724
93	0.92000000	-417.437775	1313.754883	15.461042	-458.733429	1318.984131	-317.817810	-518.908325	1380.598633	-131.472229	-376.648987	1279.374878	-161.583588	-490.799591	999.076782	118.460541	-541.031128	995.239563	-403.043365	-419.143341	756.341431	97.812088	-476.732071	757.482758	-415.618332	-400.711304	902.173706	-12.265456	-444.118103	921.201660	-313.829773	-626.006836	921.691895	-133.037491	-606.023010	1036.799683	-130.147141	-336.485229	1021.765198	-155.181412	-466.183502	572.998047	61.573841	-445.006348	430.571869	10.980099	-553.474487	337.398193	49.751274	-736.901794	189.157944	-29.296701	-775.082092	225.828476	-88.451523	-675.982849	84.906487	-64.631607	-469.033325	603.750549	-338.991028	-428.580658	440.761932	-257.294861	-441.687531	259.485565	-314.836212	-456.505127	58.096851	-218.233124	-518.385254	40.956242	-165.553665	-338.392426	44.525799	-181.694153
94	0.93000000	-405.310211	1315.054810	14.816199	-445.097168	1319.983398	-318.944183	-506.162384	1382.032837	-132.585999	-364.011780	1280.464966	-162.345856	-480.616516	1000.151611	116.450424	-522.617859	996.217896	-405.805664	-412.336578	756.492798	95.478104	-452.951584	759.948761	-418.676910	-388.870239	903.692627	-12.920213	-432.659119	922.443787	-314.596497	-614.310608	923.652039	-133.911774	-594.033630	1038.478516	-131.242416	-325.030640	1022.806213	-155.153732	-446.791382	574.237976	59.758183	-419.194946	433.095520	9.673409	-524.791260	337.020111	48.013474	-704.277283	183.966721	-31.475306	-744.714600	218.319031	-90.813110	-637.844421	83.574173	-65.714005	-460.613586	604.938354	-340.068207	-425.196320	440.888306	-257.872894	-440.330994	259.514099	-315.246002	-456.459045	58.036404	-218.345688	-518.280090	41.078548	-165.561966	-338.362854	44.418316	-181.778000
95	0.94000000	-393.268097	1316.290039	14.228350	-431.606781	1320.927490	-319.984650	-493.501190	1383.289795	-133.683746	-351.462524	1281.397217	-163.060760	-470.506805	1001.196777	114.584976	-504.200134	997.161926	-408.478821	-405.319107	756.773773	93.134745	-429.047714	762.552307	-421.595474	-376.991486	905.047729	-13.795989	-421.353149	923.560181	-315.427246	-602.613525	925.363831	-134.541306	-582.094116	1039.958862	-132.303909	-313.553802	1023.698608	-155.162903	-427.437408	575.412292	57.772614	-393.732758	435.776123	8.052383	-495.981628	336.265961	46.166759	-670.564453	177.573288	-33.596912	-713.329346	209.385681	-93.051346	-598.628479	81.565697	-66.663078	-452.018738	605.995361	-341.078217	-421.893097	441.001221	-258.362061	-439.190277	259.572113	-315.588043	-456.437714	58.006771	-218.474335	-518.230042	41.227566	-165.616882	-338.332001	44.302170	-181.858200
96	0.95000000	-381.303406	1317.434082	13.693453	-418.268707	1321.797974	-320.929016	-480.909821	1384.349243	-134.772675	-339.008636	1282.150757	-163.707489	-460.485870	1002.191772	112.878448	-485.808746	998.040588	-411.051056	-398.065994	757.159821	90.789936	-405.048065	765.279327	-424.372345	-365.073181	906.210388	-14.892321	-410.194641	924.516174	-316.346832	-590.907776	926.784973	-134.933899	-570.193420	1041.218140	-133.317764	-302.021240	1024.414551	-155.244232	-408.123840	576.503906	55.657509	-368.688568	438.541687	6.137949	-467.097015	335.172424	44.219627	-635.843201	170.164642	-35.595516	-680.878174	199.187485	-95.125557	-558.464172	79.016609	-67.509102	-443.354187	606.896423	-341.994232	-418.672546	441.095428	-258.747345	-438.206207	259.648712	-315.844971	-456.439911	58.007202	-218.609634	-518.252441	41.404137	-165.726089	-338.298737	44.183514	-181.926605
97	0.96000000	-369.404572	1318.453613	13.207158	-405.065582	1322.566284	-321.786346	-468.373779	1385.194824	-135.854477	-326.639282	1282.710083	-164.277237	-450.564667	1003.109192	111.336784	-467.469360	998.821045	-413.513794	-390.562042	757.611908	88.456617	-380.983536	768.109833	-427.008347	-353.097168	907.164307	-16.187056	-399.172394	925.279114	-317.363464	-579.188049	927.891541	-135.111435	-558.318420	1042.240723	-134.271255	-290.412048	1024.936279	-155.420959	-388.888367	577.513428	53.447163	-344.116608	441.324097	3.958658	-438.188080	333.798706	42.179356	-600.153748	161.922836	-37.434391	-647.309753	187.892426	-97.012344	-517.434570	76.080452	-68.291405	-434.709015	607.618774	-342.796997	-415.521210	441.166382	-259.025452	-437.310883	259.734070	-316.015961	-456.458344	58.034573	-218.741302	-518.326599	41.598339	-165.869400	-338.262451	44.065689	-181.976822
98	0.97000000	-357.556641	1319.313232	12.762660	-391.967865	1323.198975	-322.573761	-455.880249	1385.815796	-136.926208	-314.324677	1283.068970	-164.774811	-440.746033	1003.918945	109.959007	-449.201874	999.473511	-415.860870	-382.797043	758.083435	86.153147	-356.890717	771.019958	-429.507401	-341.036621	907.901367	-17.642962	-388.265900	925.820251	-318.472900	-567.447937	928.678833	-135.106003	-546.454590	1043.018311	-135.152359	-278.717590	1025.258911	-155.704071	-369.785950	578.452942	51.168159	-320.065399	444.062775	1.545875	-409.310730	332.207153	40.052574	-563.498840	153.022858	-39.110634	-612.573669	175.679626	-98.706863	-475.594910	72.927147	-69.052017	-426.149902	608.147095	-343.474121	-412.411102	441.211243	-259.203400	-436.432007	259.821381	-316.110809	-456.479248	58.083061	-218.856262	-518.413208	41.796860	-166.014862	-338.222748	43.951424	-182.006348
99	0.98000000	-345.743408	1319.978638	12.350225	-378.943054	1323.661743	-323.304626	-443.419250	1386.205811	-137.981705	-302.028168	1283.227783	-165.211884	-431.022339	1004.590393	108.739662	-431.020081	999.974548	-418.087830	-374.760696	758.527161	83.901579	-332.809174	773.986359	-431.875900	-328.866577	908.416016	-19.214828	-377.444489	926.115173	-319.660370	-555.678772	929.159302	-134.956085	-534.586304	1043.548828	-135.948715	-266.939240	1025.389526	-156.093613	-350.870544	579.339050	48.841194	-296.589417	446.703918	-1.068018	-380.530731	330.454102	37.846634	-525.865723	143.642914	-40.648727	-576.624878	162.745667	-100.224411	-432.993500	69.736359	-69.834763	-417.721802	608.476379	-344.019806	-409.308319	441.229462	-259.294739	-435.501678	259.907013	-316.141998	-456.486420	58.146637	-218.940552	-518.483887	41.992607	-166.139999	-338.178589	43.844147	-182.016754
100	0.99000000	-333.949585	1320.419067	11.958396	-365.961700	1323.922729	-323.983551	-430.984619	1386.362183	-139.012573	-289.721283	1283.187134	-165.599854	-421.372925	1005.094238	107.670021	-412.932892	1000.309509	-420.192780	-366.442307	758.899078	81.724710	-308.778702	776.988861	-434.119965	-316.574066	908.701660	-20.856436	-366.670807	926.144043	-320.903381	-543.868896	929.357483	-134.703049	-522.696167	1043.832642	-136.648148	-255.085068	1025.341797	-156.580704	-332.191071	580.183899	46.480343	-273.757721	449.196899	-3.849772	-351.921997	328.584656	35.569927	-487.244812	133.972061	-42.093582	-539.431396	149.311722	-101.603043	-389.690674	66.689644	-70.688538	-409.451355	608.612976	-344.431976	-406.187164	441.223145	-259.313873	-434.467987	259.990143	-316.119537	-456.467896	58.223267	-218.983734	-518.529785	42.187290	-166.233505	-338.128296	43.747555	-182.011734
101	1.00000000	-322.163208	1320.609741	11.576602	-353.001068	1323.955933	-324.608795	-418.574646	1386.283569	-140.009415	-277.391022	1282.945435	-165.947708	-411.762024	1005.404663	106.737823	-394.946503	1000.472534	-422.177124	-357.833862	759.159729	79.643448	-284.839218	780.011719	-436.242401	-304.163574	908.749084	-22.526371	-355.904144	925.897034	-322.177063	-532.002869	929.302551	-134.387634	-510.766327	1043.871460	-137.241272	-243.166061	1025.130615	-157.149643	-313.799988	580.980408	44.089787	-251.655960	451.489990	-6.764833	-323.560760	326.628540	33.230309	-447.644287	124.213539	-43.505070	-500.990021	135.627106	-102.903221	-345.773560	63.963383	-71.668907	-401.360168	608.573120	-344.713776	-403.045441	441.199188	-259.273071	-433.307190	260.073822	-316.049377	-456.421082	58.316772	-218.979874	-518.554993	42.390057	-166.285400	-338.070312	43.664078	-181.994614
102	1.01000000	-310.376923	1320.534058	11.197348	-340.046722	1323.743286	-325.176727	-406.191467	1385.970215	-140.963547	-265.037506	1282.499390	-166.263138	-402.140015	1005.501404	105.926765	-377.067078	1000.464966	-424.044586	-348.932693	759.273865	77.674652	-261.030327	783.044312	-438.241684	-291.653351	908.547852	-24.191557	-345.102142	925.379883	-323.458557	-520.062561	929.021729	-134.047089	-498.781708	1043.666992	-137.724670	-231.192200	1024.766724	-157.779312	-295.763519	581.687988	41.662834	-230.378464	453.527252	-9.776490	-295.521637	324.599579	30.834976	-407.105499	114.583763	-44.954067	-461.342438	121.968155	-104.202888	-301.362091	61.720814	-72.838509	-393.485474	608.378906	-344.879425	-399.915375	441.172852	-259.184448	-432.031311	260.165222	-315.933472	-456.352875	58.435596	-218.923691	-518.568787	42.616348	-166.280121	-338.004517	43.593948	-181.966782
103	1.02000000	-298.586151	1320.185547	10.816584	-327.090210	1323.276123	-325.684296	-393.839172	1385.423218	-141.868820	-252.667542	1281.845947	-166.553101	-392.449463	1005.370667	105.217644	-359.302887	1000.293457	-425.799988	-339.741287	759.210022	75.829155	-237.390465	786.080658	-440.111801	-279.065002	908.088379	-25.827869	-334.222626	924.616272	-324.728271	-508.029541	928.535217	-133.712555	-486.730774	1043.220947	-138.101425	-219.168869	1024.251953	-158.444260	-278.165863	582.233215	39.183186	-210.013077	455.247131	-12.846967	-267.875702	322.500336	28.391113	-365.718933	105.306145	-46.517628	-420.584503	108.631317	-105.590919	-256.608673	60.103878	-74.264885	-385.890930	608.055664	-344.956360	-396.858398	441.168518	-259.061859	-430.686432	260.275543	-315.769379	-456.275391	58.590881	-218.806259	-518.578857	42.886612	-166.195831	-337.932709	43.535080	-181.927032
104	1.03000000	-286.785614	1319.567871	10.433297	-314.126495	1322.555176	-326.127808	-381.521454	1384.643188	-142.721588	-240.288254	1280.984131	-166.822922	-382.633118	1005.004089	104.590813	-341.666077	999.967957	-427.449554	-330.266510	758.940399	74.110758	-213.956467	789.117493	-441.842407	-266.413452	907.363403	-27.418421	-323.228912	923.644043	-325.970398	-495.888092	927.853699	-133.407364	-474.604065	1042.534302	-138.379410	-207.093964	1023.578186	-159.116776	-261.104462	582.526306	36.629051	-190.624863	456.584442	-15.941545	-240.684998	320.327423	25.901426	-323.638336	96.602409	-48.271141	-378.873901	95.919487	-107.159515	-211.702316	59.226982	-76.006828	-378.662537	607.634033	-344.983032	-393.941071	441.215088	-258.918579	-429.338593	260.420563	-315.550964	-456.201080	58.795525	-218.613327	-518.587280	43.224373	-166.006927	-337.857941	43.483521	-181.871048
105	1.04000000	-274.967804	1318.692261	10.049327	-301.155487	1321.589355	-326.501892	-369.242371	1383.630737	-143.518661	-227.904877	1279.915894	-167.074829	-372.641693	1004.397034	104.028275	-324.174011	999.499023	-429.001251	-320.519012	758.441589	72.517096	-190.763931	792.152252	-443.421295	-253.701630	906.370850	-28.950602	-312.097168	922.504944	-327.172058	-483.627411	926.978088	-133.146912	-462.394043	1041.606201	-138.569717	-194.955521	1022.728882	-159.769913	-244.675980	582.479370	33.983059	-172.241943	457.477539	-19.032835	-214.000061	318.077881	23.358486	-281.091644	88.683250	-50.278500	-336.441528	84.125412	-108.995041	-166.878647	59.167614	-78.092888	-371.891968	607.151978	-345.004913	-391.202850	441.338440	-258.764252	-428.049072	260.620331	-315.271912	-456.139160	59.063835	-218.326462	-518.588074	43.654778	-165.686523	-337.783905	43.435196	-181.791412
106	1.05000000	-263.124054	1317.573975	9.669662	-288.182373	1320.394409	-326.799835	-357.006409	1382.388428	-144.255783	-215.520569	1278.647095	-167.308350	-362.438721	1003.546326	103.515129	-306.850006	998.896118	-430.464233	-310.511627	757.695496	71.041061	-167.848419	795.181763	-444.838791	-240.920181	905.116150	-30.414835	-300.815735	921.234985	-328.321106	-471.241455	925.901367	-132.940262	-450.096008	1040.436401	-138.685440	-182.731918	1021.684082	-160.379379	-228.956085	582.017944	31.246172	-154.846359	457.878265	-22.103443	-187.871384	315.759277	20.746943	-238.388428	81.735161	-52.582516	-293.603058	73.513802	-111.168655	-122.428169	59.953598	-80.510773	-365.646149	606.653137	-345.067719	-388.627686	441.554810	-258.602966	-426.846161	260.894592	-314.928680	-456.092560	59.411118	-217.926025	-518.567017	44.204189	-165.209106	-337.713379	43.388359	-181.679230
107	1.06000000	-251.245850	1316.230103	9.303008	-275.213562	1318.991089	-327.015991	-344.815155	1380.921265	-144.926712	-203.135010	1277.187378	-167.521988	-352.001007	1002.448914	103.039558	-289.722046	998.166992	-431.847290	-300.256409	756.689087	69.671791	-145.246349	798.201202	-446.090378	-228.051620	903.613953	-31.806833	-289.375793	919.860779	-329.406158	-458.727600	924.612976	-132.791412	-437.707581	1039.027100	-138.739670	-170.395721	1020.426025	-160.924286	-213.981476	581.089172	28.451075	-138.374969	457.759827	-25.147964	-162.371185	313.399200	18.048981	-195.921356	75.901840	-55.198990	-250.762344	64.298553	-113.727386	-78.697960	61.557655	-83.213501	-359.930634	606.180664	-345.208282	-386.129211	441.865906	-258.433899	-425.702515	261.255981	-314.520386	-456.056396	59.853298	-217.395691	-518.505798	44.899899	-164.553925	-337.645630	43.343967	-181.527374
108	1.07000000	-239.324661	1314.676392	8.961773	-262.256439	1317.403564	-327.148621	-332.663116	1379.237427	-145.522507	-190.743210	1275.550415	-167.713806	-341.315247	1001.101013	102.591507	-272.820129	997.317932	-433.157715	-289.761261	755.414246	68.396049	-122.994282	801.204346	-447.175201	-215.077423	901.887085	-33.129093	-277.766754	918.401062	-330.419067	-446.084839	923.104187	-132.699112	-425.226654	1037.384888	-138.743210	-157.920059	1018.945251	-161.388855	-199.739914	579.666748	25.669529	-122.727684	457.121399	-28.173258	-137.612915	311.045044	15.244863	-154.157745	71.264824	-58.117859	-208.403488	56.615681	-116.687492	-36.086445	63.902992	-86.131615	-354.662537	605.768799	-345.444122	-383.555328	442.257385	-258.253540	-424.529480	261.706238	-314.049042	-456.018219	60.406780	-216.728500	-518.386841	45.769051	-163.710419	-337.574036	43.303879	-181.333344
109	1.08000000	-227.351593	1312.927124	8.661155	-249.321945	1315.658081	-327.201202	-320.535065	1377.351807	-146.032013	-178.335663	1273.755127	-167.881180	-330.375092	999.499573	102.161316	-256.174225	996.354370	-434.400635	-279.027084	753.868408	67.201168	-101.128963	804.184052	-448.093124	-201.983978	899.965698	-34.386799	-265.980255	916.867065	-331.357483	-433.311768	921.372009	-132.656143	-412.649719	1035.522217	-138.703674	-145.284485	1017.245605	-161.764236	-186.171967	577.749939	23.004356	-107.775513	455.990448	-31.194416	-113.758385	308.752228	12.311487	-113.618027	67.829132	-61.309784	-167.070816	50.500805	-120.034027	4.968908	66.871262	-89.186516	-349.665009	605.432007	-345.768188	-380.707733	442.698242	-258.059174	-423.191864	262.236206	-313.522552	-455.959534	61.087406	-215.933746	-518.197388	46.837086	-162.685394	-337.487000	43.269630	-181.100235
110	1.09000000	-215.317062	1310.996704	8.417767	-236.423203	1313.782593	-327.182312	-308.407349	1375.287598	-146.443680	-165.899002	1271.828003	-168.020477	-319.178680	997.645264	101.739922	-239.813049	995.283325	-435.578461	-268.045746	752.055725	66.077948	-79.690470	807.132172	-448.841187	-188.764420	897.884766	-35.581333	-254.013290	915.263245	-332.225922	-420.404724	919.422729	-132.649811	-399.969147	1033.459961	-138.625977	-132.478119	1015.346863	-162.048920	-173.185501	575.353027	20.557999	-93.368095	454.420227	-34.228127	-91.002205	306.565155	9.224924	-74.841599	65.515396	-64.735771	-127.339066	45.879532	-123.728554	44.011597	70.305038	-92.306549	-344.687592	605.156555	-346.154602	-377.371765	443.140564	-257.853790	-421.538116	262.827911	-312.958679	-455.857910	61.907913	-215.042770	-517.930603	48.126335	-161.512375	-337.371613	43.242538	-180.836655
111	1.10000000	-203.210175	1308.903198	8.247757	-223.568314	1311.809570	-327.103302	-296.253174	1373.077759	-146.746826	-153.417191	1269.801758	-168.126099	-307.725677	995.545959	101.320045	-223.762634	994.117554	-436.691284	-256.800896	749.987305	65.021139	-58.726078	810.039001	-449.412598	-175.418015	895.680542	-36.707581	-241.865982	913.589783	-333.033997	-407.355957	917.275330	-132.664337	-387.171204	1031.227783	-138.514313	-119.499550	1013.285645	-162.248077	-160.682968	572.490540	18.384174	-79.345398	452.483429	-37.288975	-69.533417	304.497772	5.966507	-38.347229	64.159378	-68.360634	-89.777603	42.573643	-127.723145	80.592926	74.006050	-95.442535	-339.444122	604.901733	-346.573853	-373.348114	443.524567	-257.651917	-419.433807	263.458466	-312.389709	-455.688538	62.876225	-214.111206	-517.586304	49.656071	-160.260071	-337.217834	43.224373	-180.555756
112	1.11000000	-191.017822	1306.670288	8.164733	-210.754440	1309.775391	-326.974457	-284.048370	1370.764038	-146.930496	-140.873596	1267.714722	-168.190048	-296.013519	993.218933	100.897728	-208.044525	992.878418	-437.737946	-245.272285	747.681091	64.027866	-38.289414	812.893707	-449.799881	-161.948288	893.387085	-37.756310	-229.537018	911.847046	-333.794617	-394.152130	914.963135	-132.684937	-374.236084	1028.863403	-138.374725	-106.355133	1011.112549	-162.373123	-148.586411	569.175659	16.449940	-65.552994	450.266052	-40.390621	-49.487366	302.523468	2.527551	-4.598600	63.523705	-72.166313	-54.912533	40.324188	-131.977234	114.304070	77.733345	-98.578636	-333.654907	604.613281	-347.007629	-368.479126	443.791229	-257.483856	-416.786438	264.107117	-311.865570	-455.424896	63.997219	-213.216095	-517.170959	51.445621	-159.030426	-337.020691	43.218292	-180.274063
113	1.12000000	-178.724960	1304.328003	8.178622	-197.968567	1307.720459	-326.802155	-271.773193	1368.394165	-146.981247	-128.252411	1265.608765	-168.203522	-284.033905	990.691895	100.472794	-192.675201	991.596436	-438.716339	-233.441856	745.162750	63.097115	-18.433151	815.686646	-450.000809	-148.358841	891.037476	-38.718529	-217.019958	910.040405	-334.523163	-380.774780	912.532654	-132.700974	-361.138947	1026.408691	-138.217178	-93.055870	1008.886963	-162.442459	-136.831589	565.444824	14.636877	-51.856678	447.863037	-43.547485	-30.906443	300.580231	-1.089462	26.022892	63.323811	-76.156059	-23.189993	38.830986	-136.468246	144.811630	81.202293	-101.738136	-327.085999	604.240356	-347.455994	-362.666809	443.897980	-257.393890	-413.556000	264.765198	-311.450806	-455.040283	65.277779	-212.447266	-516.694458	53.518997	-157.942429	-336.779236	43.229023	-180.010590
114	1.13000000	-166.315491	1301.913086	8.295558	-185.192093	1305.686890	-326.586395	-259.410980	1366.018799	-146.884476	-115.539032	1263.528809	-168.158340	-271.770447	988.003235	100.047409	-177.666611	990.309570	-439.622589	-221.297768	742.467560	62.231310	0.799160	818.413177	-450.021729	-134.646622	888.668213	-39.589535	-204.300522	908.184875	-335.236938	-367.203857	910.041443	-132.706619	-347.852936	1023.908081	-138.056183	-79.614311	1006.671448	-162.481689	-125.321075	561.397583	12.786247	-38.155869	445.373291	-46.771339	-13.728819	298.591278	-4.871770	53.244965	63.264252	-80.345840	5.053474	37.801586	-141.184998	171.891159	84.090530	-104.983559	-319.577454	603.748535	-347.936615	-355.880310	443.829254	-257.432373	-409.745972	265.443848	-311.215057	-454.509430	66.733727	-211.894684	-516.163818	55.908630	-157.110886	-336.494019	43.261700	-179.784485
115	1.14000000	-153.772644	1299.467896	8.518407	-172.404343	1303.718994	-326.318665	-246.945007	1363.686768	-146.628937	-102.720711	1261.521484	-168.045578	-259.199493	985.200195	99.623894	-163.027420	989.059387	-440.449707	-208.835480	739.639282	61.436725	19.374716	821.074127	-449.875534	-120.794762	886.322021	-40.372505	-191.355042	906.307861	-335.952698	-353.422791	907.556519	-132.699966	-334.353729	1021.406250	-137.910385	-66.040840	1004.527222	-162.520554	-113.871758	557.225220	10.767072	-24.396755	442.889160	-50.061764	2.188715	296.490417	-8.798770	76.929344	63.080734	-84.746078	29.608221	36.997471	-146.101776	195.448517	86.064461	-108.408020	-311.049683	603.128113	-348.479248	-348.147186	443.598846	-257.645599	-405.377533	266.174042	-311.221710	-453.807983	68.395348	-211.634277	-515.575134	58.657497	-156.629181	-336.165314	43.320374	-179.611130
116	1.15000000	-141.079514	1297.038330	8.848690	-159.584091	1301.864990	-325.984131	-234.357651	1361.444092	-146.210083	-89.786430	1259.633179	-167.854340	-246.293777	982.335999	99.203705	-148.763885	987.888733	-441.187836	-196.056084	736.727997	60.721997	37.266831	823.669983	-449.577332	-106.772163	884.046936	-41.080940	-178.152451	904.447632	-336.683044	-339.422150	905.149963	-132.683838	-320.624908	1018.949707	-137.802170	-52.337662	1002.512573	-162.587769	-102.213676	553.205872	8.535046	-10.583422	440.482269	-53.396439	17.028904	294.240479	-12.846712	97.082451	62.582970	-89.336937	50.395420	36.266712	-151.143021	215.521927	86.829735	-112.115257	-301.487244	602.392395	-349.117889	-339.527466	443.243500	-258.068268	-400.464233	266.998291	-311.517548	-452.910980	70.306404	-211.715424	-514.907410	61.819359	-156.557602	-335.792328	43.407047	-179.498199
117	1.16000000	-128.220428	1294.671875	9.288982	-146.710709	1300.176636	-325.566986	-221.631912	1359.335449	-145.629349	-76.725166	1257.908813	-167.573166	-233.027252	979.466553	98.787613	-134.878906	986.839966	-441.824799	-182.963432	733.788086	60.097937	54.449753	826.193665	-449.142853	-92.543602	881.893127	-41.738258	-164.658600	902.647949	-337.432983	-325.204254	902.894714	-132.667297	-306.662720	1016.589294	-137.757126	-38.494007	1000.681030	-162.706818	-90.062416	549.657593	6.151261	3.221136	438.195496	-56.727612	30.970665	291.850800	-16.988871	113.845917	61.689098	-94.042564	67.462318	35.558033	-156.156448	232.267380	86.188240	-116.188103	-290.912750	601.568359	-349.883057	-330.082458	442.811066	-258.718048	-395.000854	267.959320	-312.125183	-451.790802	72.515976	-212.153564	-514.115967	65.458099	-156.917786	-335.371674	43.520992	-179.444946
118	1.17000000	-115.182175	1292.415771	9.842462	-133.765182	1298.708984	-325.055634	-208.754333	1357.408081	-144.891403	-63.524937	1256.393311	-167.193146	-219.379959	976.649414	98.375854	-121.370079	985.953247	-442.345551	-169.562080	730.877350	59.577363	70.896915	828.627991	-448.589279	-78.085793	879.912292	-42.372124	-150.839615	900.951660	-338.195160	-310.789459	900.861450	-132.666550	-292.480682	1014.384644	-137.803726	-24.487566	999.080505	-162.892197	-77.224335	546.859802	3.743359	16.918457	436.054199	-59.984066	44.161102	289.398773	-21.180151	127.472168	60.438778	-98.714607	80.977722	34.913166	-160.912247	245.937088	84.079300	-120.649559	-279.363373	600.687317	-350.794952	-319.851593	442.347992	-259.593292	-388.962067	269.090698	-313.042480	-450.416992	75.069771	-212.929214	-513.127380	69.647446	-157.694351	-334.895630	43.658554	-179.446686
119	1.18000000	-101.954430	1290.317383	10.508887	-120.729912	1297.517944	-324.446289	-195.715393	1355.716553	-144.001938	-50.174911	1255.133545	-166.709824	-205.340958	973.943726	97.967827	-108.229652	985.266724	-442.732574	-155.855453	728.055481	59.172175	86.582603	830.948059	-447.935837	-63.401718	878.161194	-43.002647	-136.665604	899.396851	-338.947205	-296.219299	899.116211	-132.706497	-278.112122	1012.406494	-137.974564	-10.290439	997.754700	-163.146255	-63.663048	544.977234	1.430153	30.425117	434.098999	-63.075161	56.727306	287.040344	-25.332006	138.295334	58.977184	-103.138794	91.233582	34.433594	-165.138458	256.857056	80.598907	-125.426109	-266.876617	599.778809	-351.858032	-308.841827	441.890289	-260.676453	-382.303345	270.413574	-314.248718	-448.753113	78.009277	-213.993896	-511.835693	74.470322	-158.842224	-334.350739	43.813869	-179.502548
120	1.19000000	-88.530869	1288.423950	11.280218	-107.586624	1296.660522	-323.744446	-182.506409	1354.324707	-142.967896	-36.669491	1254.178345	-166.123627	-190.909210	971.410767	97.562935	-95.446449	984.818970	-442.967194	-141.842506	725.383972	58.890697	101.484188	833.123810	-447.203384	-48.530338	876.705933	-43.629490	-122.119003	898.016296	-339.654144	-281.552460	897.718018	-132.823227	-263.609955	1010.735657	-138.306763	4.122914	996.747864	-163.458694	-49.487984	544.033020	-0.729027	43.726963	432.418365	-65.897675	68.822083	284.992432	-29.296930	146.705780	57.507938	-107.074745	98.644852	34.225990	-168.587555	265.399780	76.003883	-130.328247	-253.487305	598.869385	-353.059845	-297.027039	441.460419	-261.943359	-374.961670	271.939667	-315.714539	-446.743042	81.380798	-215.287277	-510.100403	80.016380	-160.297455	-333.719604	43.978001	-179.620895
121	1.20000000	-74.911583	1286.782471	12.138370	-94.314056	1296.194824	-322.962769	-169.117020	1353.302002	-141.800323	-23.011814	1253.576904	-165.439285	-176.091629	969.114502	97.161232	-83.007629	984.651428	-443.032990	-127.516228	722.927032	58.738198	115.582573	835.120789	-446.412216	-33.549141	875.623474	-44.224453	-107.204659	896.838745	-340.271973	-266.852509	896.715576	-133.065094	-249.042038	1009.455383	-138.838684	18.764526	996.107605	-163.808884	-34.879486	543.951111	-2.715003	56.903835	431.152924	-68.349815	80.649986	283.481567	-32.873516	153.123337	56.220974	-110.320854	103.728027	34.347301	-171.110382	271.949249	70.695648	-135.066360	-239.232849	597.982361	-354.375580	-284.351318	441.066376	-263.374756	-366.857361	273.677826	-317.411499	-444.293335	85.245773	-216.760742	-507.744293	86.376968	-161.988953	-332.987396	44.134289	-179.816086
122	1.21000000	-61.106125	1285.441528	13.055330	-80.888443	1296.176270	-322.116669	-155.538345	1352.713257	-140.518539	-9.214941	1253.372803	-164.665070	-160.898926	967.120300	96.761124	-70.898933	984.807373	-442.920074	-112.867043	720.750519	58.718683	128.861858	836.901886	-445.579590	-18.564177	874.999268	-44.732697	-91.954544	895.889038	-340.749481	-252.173294	896.140747	-133.489212	-234.477951	1008.636353	-139.601074	33.619671	995.883240	-164.170074	-19.991415	544.631653	-4.483092	70.103035	430.459076	-70.353020	92.428741	282.661530	-35.839050	157.958237	55.225491	-112.771797	107.044907	34.779057	-172.698212	276.869202	65.157623	-139.314301	-224.160248	597.136169	-355.776367	-270.734131	440.700043	-264.965485	-357.896881	275.638672	-319.318024	-441.268860	89.677917	-218.392044	-504.552979	93.636398	-163.849228	-332.148438	44.255802	-180.097626
123	1.22000000	-47.136444	1284.450439	13.995972	-67.288811	1296.649048	-321.219788	-141.772156	1352.603027	-139.154007	4.699207	1253.595825	-163.812759	-145.344620	965.491211	96.357712	-59.103096	985.326477	-442.628448	-97.886753	718.920227	58.835905	141.311272	838.429474	-444.718918	-3.686358	874.922607	-45.084862	-76.426964	895.185730	-341.032013	-237.551208	896.000854	-134.150574	-219.972733	1008.320312	-140.602173	48.636852	996.117859	-164.515610	-4.880966	546.003540	-5.915696	83.455673	430.438721	-71.872711	104.296539	282.531921	-38.015224	161.570862	54.530602	-114.435898	109.123886	35.441486	-173.467743	280.487152	59.850513	-142.804184	-208.329987	596.338501	-357.238495	-256.077148	440.333466	-266.728943	-347.976868	277.833313	-321.422119	-437.504028	94.742958	-220.185989	-500.281372	101.858795	-165.825790	-331.200653	44.315269	-180.464325
124	1.23000000	-33.038334	1283.856323	14.923043	-53.506073	1297.638184	-320.281403	-127.840439	1352.982910	-137.750748	18.700403	1254.255127	-162.898300	-129.450668	964.281982	95.945938	-47.597763	986.235962	-442.168427	-82.567030	717.499115	59.093211	152.931534	839.668488	-443.841827	10.996519	875.474609	-45.219105	-60.703602	894.736267	-341.071838	-223.009521	896.275574	-135.085007	-205.556885	1008.512207	-141.814117	63.727112	996.836731	-164.826569	10.485003	548.029175	-6.835011	96.962578	431.068665	-72.924309	116.217163	282.919464	-39.340904	164.252289	54.078518	-115.410736	110.395157	36.227985	-173.606705	283.089691	55.128529	-145.406219	-191.813171	595.581116	-358.751129	-240.275726	439.916748	-268.695221	-336.989441	280.270142	-323.721954	-432.818085	100.474625	-222.168808	-494.670654	111.070007	-167.894989	-330.122131	44.309528	-180.911850
125	1.24000000	-18.860012	1283.697998	15.803164	-39.551975	1299.140869	-319.308167	-113.789146	1353.827271	-136.359055	32.750961	1255.338501	-161.942474	-113.253288	963.531311	95.525826	-36.355782	987.541809	-441.557953	-66.894981	716.541992	59.492028	163.741501	840.590576	-442.961060	25.437773	876.708252	-45.103977	-44.885056	894.532715	-340.840271	-208.569153	896.924622	-136.292404	-191.237061	1009.183899	-143.172546	78.775963	998.036499	-165.099228	26.133862	550.665100	-7.072077	110.423325	432.180939	-73.559296	127.940750	283.549438	-39.892990	166.228714	53.792271	-115.843002	111.167519	37.035782	-173.316666	284.919434	51.214241	-147.154968	-174.682709	594.838196	-360.318878	-223.237747	439.381866	-270.903473	-324.829559	282.953369	-326.224213	-427.025818	106.860611	-224.382126	-487.475433	121.236336	-170.074829	-328.836731	44.286469	-181.447205
126	1.25000000	-4.657734	1283.998901	16.612734	-25.463013	1301.121216	-318.309814	-99.684799	1355.078125	-135.025711	46.810257	1256.814941	-160.970779	-96.802971	963.256287	95.105263	-25.348068	989.223267	-440.818451	-50.851604	716.087860	60.029297	173.778748	841.176361	-442.089310	39.634628	878.632935	-44.748665	-29.083241	894.551270	-340.335083	-194.255157	897.900940	-137.726654	-177.007629	1010.284424	-144.592514	93.665146	999.678711	-165.349396	41.957348	553.804504	-6.554039	123.469200	433.518463	-73.840187	139.054260	284.161407	-39.833344	167.673309	53.605995	-115.891434	111.640442	37.783707	-172.774063	286.173523	48.199879	-148.210205	-157.004944	594.070496	-361.956848	-204.908783	438.655365	-273.388977	-311.408478	285.883820	-328.939178	-419.947327	113.836952	-226.876129	-478.495941	132.243790	-172.429031	-327.181549	44.357098	-182.100174
127	1.26000000	9.511705	1284.758789	17.340166	-11.297273	1303.512939	-317.303162	-85.603569	1356.657593	-133.787140	60.839821	1258.640015	-160.012268	-80.161987	963.450439	94.700394	-14.546236	991.232361	-439.972412	-34.414877	716.153137	60.694752	183.095573	841.414917	-441.237732	53.619064	881.209351	-44.196129	-13.411457	894.754333	-339.580719	-180.094055	899.161621	-139.296661	-162.867371	1011.750244	-145.990143	108.296539	1001.690857	-165.610641	57.640537	557.249939	-5.358908	135.677917	434.829132	-73.820770	149.106094	284.597473	-39.334152	168.712448	53.472923	-115.696541	111.929405	38.418144	-172.112839	287.004395	46.054386	-148.773071	-138.838989	593.234680	-363.679291	-185.294861	437.676117	-276.169678	-296.675751	289.059296	-331.875702	-411.416901	121.284973	-229.697601	-467.610321	143.884766	-175.058105	-324.883118	44.687325	-182.926254
128	1.27000000	23.600044	1285.951050	17.982155	2.873323	1306.225830	-316.313477	-71.613052	1358.479980	-132.667358	74.805000	1260.757324	-159.098465	-63.401634	964.084229	94.334770	-3.924478	993.497864	-439.043640	-17.566677	716.728577	61.469657	191.754448	841.302673	-440.418533	67.440628	884.354736	-43.508793	2.024338	895.095093	-338.625702	-166.106689	900.670349	-140.880157	-148.828873	1013.511108	-147.297470	122.609390	1003.973999	-165.926239	72.705208	560.747925	-3.703378	146.692230	435.934235	-73.542145	157.745071	284.822815	-38.540417	169.431854	53.362633	-115.363174	112.093254	38.912685	-171.424255	287.523804	44.653172	-149.010574	-120.245567	592.296204	-365.488403	-164.471588	436.414368	-279.239166	-280.634521	292.470581	-335.038391	-401.288208	129.034821	-232.871063	-454.797638	155.861221	-178.076126	-321.544647	45.476978	-184.000320
129	1.28000000	37.573746	1287.521606	18.537336	16.972731	1309.156860	-315.373352	-57.755775	1360.460083	-131.678055	88.675652	1263.099854	-158.262283	-46.596565	965.107117	94.037277	6.538021	995.932617	-438.057343	-0.300949	717.779236	62.327795	199.824356	840.844879	-439.646820	81.146996	887.950928	-42.757309	17.130951	895.523560	-337.540588	-152.304199	902.394836	-142.344818	-134.915649	1015.494141	-148.467865	136.584351	1006.414856	-166.338181	86.648720	564.059448	-1.871177	156.289978	436.741882	-73.040581	164.810699	284.886292	-37.572685	169.891708	53.258289	-114.960869	112.159615	39.265171	-170.764771	287.811981	43.826752	-149.034286	-101.304703	591.247314	-367.368256	-142.576355	434.888855	-282.569275	-263.330841	296.089325	-338.427185	-389.434753	136.882126	-236.379517	-440.140839	167.809006	-181.574112	-316.656891	46.926468	-185.403320
130	1.29000000	51.415585	1289.394165	19.001776	30.931364	1312.199463	-314.519257	-44.046997	1362.520630	-130.821243	102.427864	1265.590820	-157.535873	-29.815180	966.451599	93.838493	16.855776	998.441162	-437.039276	17.370898	719.246918	63.238283	207.377739	840.055359	-438.938675	94.769737	891.849609	-42.014805	31.831415	895.993958	-336.415741	-138.688019	904.300903	-143.568283	-121.152870	1017.627563	-149.474564	150.234879	1008.898254	-166.876907	99.100410	567.013550	-0.125375	164.404282	437.224915	-72.357391	170.343475	284.859497	-36.540745	170.142685	53.153828	-114.534981	112.144470	39.491692	-170.165359	287.929138	43.403591	-148.919968	-82.134422	590.126465	-369.285614	-119.787392	433.179810	-286.115692	-244.823410	299.851807	-342.034302	-375.754150	144.614120	-240.157944	-423.798035	179.337784	-185.573929	-309.652832	49.182343	-187.208801
131	1.30000000	65.123070	1291.477661	19.368361	44.694977	1315.253296	-313.787628	-30.483999	1364.600586	-130.095108	116.045364	1268.148193	-156.946671	-13.111456	968.038574	93.766151	27.039606	1000.929077	-436.014435	35.418571	721.055878	64.168997	214.486618	838.951385	-438.309677	108.320366	895.877625	-41.352524	46.068054	896.472717	-335.356476	-125.251083	906.347778	-144.452911	-107.558487	1019.845032	-150.304871	163.594360	1011.318420	-167.554169	109.910858	569.523499	1.355134	171.113220	437.398987	-71.546669	174.533173	284.795715	-35.548504	170.232864	53.049301	-114.117546	112.063095	39.618511	-169.641022	287.923981	43.235893	-148.725876	-62.895668	589.030518	-371.195557	-96.297943	431.432617	-289.819153	-225.157196	303.653351	-345.837341	-360.181335	152.029678	-244.108459	-405.944000	190.071152	-189.989258	-300.006897	52.268768	-189.476486
132	1.31000000	78.704933	1293.677002	19.629446	58.228733	1318.229736	-313.211304	-17.053146	1366.658325	-129.498917	129.520050	1270.692749	-156.514084	3.478625	969.784729	93.840408	37.101631	1003.313171	-435.006958	53.795298	723.120941	65.089521	221.216286	837.546661	-437.774139	121.797287	899.847351	-40.832626	59.805000	896.946655	-334.472626	-111.977982	908.487549	-144.934082	-94.137161	1022.089539	-150.953842	176.705826	1013.589111	-168.361267	119.147064	571.584412	2.497724	176.610138	437.314209	-70.680519	177.652222	284.723389	-34.688770	170.207535	52.946770	-113.734184	111.933441	39.675297	-169.199005	287.838013	43.209923	-148.498550	-43.773472	588.106567	-373.048767	-72.293678	429.846497	-293.604797	-204.353668	307.363617	-349.791168	-342.702118	158.940842	-248.125824	-386.713470	199.673141	-194.622681	-287.341492	56.040802	-192.250198
133	1.32000000	92.177162	1295.902344	19.779467	71.517029	1321.055908	-312.815613	-3.732540	1368.670898	-129.035034	142.851517	1273.156006	-156.249268	19.937780	971.612122	94.069847	47.058338	1005.530945	-434.038696	72.445408	725.359314	65.973967	227.618523	835.848663	-437.341980	135.196854	903.574829	-40.499699	73.029739	897.429077	-333.861084	-98.844505	910.669617	-144.983459	-80.878799	1024.314453	-151.420563	189.614502	1015.652832	-169.272324	127.033768	573.262207	3.319130	181.161972	437.048492	-69.848145	180.005936	284.656616	-34.034256	170.108215	52.848736	-113.406975	111.775124	39.690758	-168.842987	287.707672	43.245251	-148.276550	-24.938492	587.519470	-374.797272	-47.935829	428.643463	-297.388885	-182.420502	310.857178	-353.824371	-323.353088	165.163956	-252.116013	-366.181610	207.862228	-199.216125	-271.489105	60.198170	-195.549149
134	1.33000000	105.560127	1298.077637	19.815645	84.561028	1323.677368	-312.614197	9.503598	1370.630127	-128.708313	156.046448	1275.485352	-156.155548	36.265274	973.456787	94.449493	56.930187	1007.544006	-433.127197	91.315910	727.702942	66.804089	233.727074	833.862488	-437.014359	148.520233	906.901428	-40.375164	85.753929	897.959473	-333.588165	-85.820251	912.846741	-144.609009	-67.762390	1026.484009	-151.706284	202.361313	1017.487671	-170.249969	133.891937	574.665588	3.887967	185.060074	436.692383	-69.144012	181.894638	284.601379	-33.627197	169.971558	52.758469	-113.152420	111.607376	39.689655	-168.572861	287.564148	43.289261	-148.091492	-6.502701	587.402588	-376.397766	-23.348297	428.019135	-301.096130	-159.380844	314.041840	-357.844025	-302.207092	170.517044	-256.003418	-344.383392	214.422897	-203.532532	-252.481781	64.360085	-199.355850
135	1.34000000	118.876572	1300.146851	19.738358	97.374687	1326.059204	-312.605865	22.678265	1372.539307	-128.522873	169.117294	1277.645508	-156.228180	52.471817	975.273132	94.962425	66.739639	1009.336548	-432.283264	110.364742	730.106903	67.570963	239.558105	831.595245	-436.784302	161.773438	909.712402	-40.457111	98.013023	898.595459	-333.679810	-72.876839	914.981201	-143.851349	-54.762707	1028.574219	-151.812546	214.977249	1019.107849	-171.251678	140.087875	575.903259	4.284688	188.569260	436.328888	-68.647552	183.570877	284.557892	-33.467312	169.827194	52.679829	-112.977097	111.447052	39.690834	-168.382477	287.431671	43.311218	-147.964630	11.514808	587.814331	-377.814514	1.391600	428.092621	-304.676666	-135.303162	316.864166	-361.748260	-279.357666	174.831589	-259.732819	-321.343964	219.214111	-207.418808	-230.485535	68.159760	-203.614410
136	1.35000000	132.150345	1302.076172	19.552271	109.980156	1328.182495	-312.774445	35.806900	1374.404663	-128.476974	182.080109	1279.616455	-156.454269	68.573486	977.033691	95.584419	76.509842	1010.908875	-431.510406	129.559837	732.549774	68.273785	245.116310	829.060669	-436.641617	174.962524	911.947754	-40.725750	109.863579	899.399475	-334.119904	-59.997345	917.049988	-142.777405	-41.856087	1030.572266	-151.742188	227.482452	1020.557068	-172.235641	145.982254	577.050110	4.567654	191.894394	436.018982	-68.404167	185.207184	284.524323	-33.509205	169.695343	52.615303	-112.875984	111.306717	39.706848	-168.258469	287.326660	43.296799	-147.904053	29.192738	588.726807	-379.024628	26.250917	428.880066	-308.106537	-110.297569	319.281036	-365.445251	-254.909897	177.971268	-263.268555	-297.099701	222.165009	-210.818207	-205.727249	71.313690	-208.242416
137	1.36000000	145.405304	1303.851440	19.267178	122.403915	1330.041870	-313.092499	48.896736	1376.227173	-128.558868	194.952332	1281.391846	-156.813583	84.587334	978.727905	96.289497	86.263878	1012.271606	-430.806061	148.871269	735.028290	68.916418	250.401947	826.282898	-436.575089	188.087891	913.604309	-41.151474	121.379257	900.424133	-334.853516	-47.178928	919.043701	-141.474442	-29.023722	1032.472778	-151.503616	239.890778	1021.895447	-173.164658	151.885239	578.140198	4.757645	195.174850	435.796265	-68.416229	186.902115	284.498444	-33.680454	169.586807	52.564293	-112.834976	111.193581	39.744968	-168.182205	287.257965	43.243179	-147.906097	46.673759	590.048340	-380.021881	51.221081	430.309509	-311.371643	-84.479713	321.223572	-368.871124	-228.977310	179.845398	-266.591797	-271.704163	223.259888	-213.743881	-178.449661	73.649651	-213.149261
138	1.37000000	158.664368	1305.474731	18.897673	134.674728	1331.642700	-313.526428	61.948692	1377.996216	-128.746094	207.751175	1282.974609	-157.281265	100.529526	980.357849	97.054199	96.022011	1013.441589	-430.165436	168.265961	737.550323	69.503633	255.414642	823.297699	-436.570007	201.140778	914.730408	-41.701305	132.647903	901.701477	-335.795593	-34.428005	920.959961	-140.045486	-16.252951	1034.271240	-151.115280	252.214401	1023.182434	-174.008896	158.036560	579.179077	4.850618	198.491760	435.668579	-68.647774	188.706146	284.473511	-33.909363	169.505768	52.523685	-112.835732	111.109619	39.808357	-168.133789	287.228149	43.154503	-147.960281	64.111847	591.655579	-380.814850	76.287483	432.262238	-314.449890	-57.950699	322.609344	-372.000549	-201.678879	180.413010	-269.698914	-245.221741	222.524826	-216.246078	-148.894348	75.101761	-218.253677
139	1.38000000	171.948654	1306.957886	18.461454	146.823059	1332.998779	-314.039795	74.959740	1379.689453	-129.008026	220.491745	1284.372681	-157.831879	116.413437	981.932434	97.859535	105.797203	1014.438416	-429.585236	187.712158	740.127441	70.038954	260.155220	820.149963	-436.606094	214.103134	915.412292	-42.341042	143.770432	903.237549	-336.842712	-21.753515	922.794495	-138.603699	-3.536777	1035.959839	-150.606186	264.465515	1024.460938	-174.748459	164.607056	580.158386	4.844163	201.875153	435.622650	-69.040901	190.634583	284.437164	-34.143684	169.453110	52.490162	-112.860863	111.052536	39.896740	-168.096008	287.235504	43.038498	-148.054871	81.634163	593.417969	-381.425812	101.405144	434.608643	-317.306000	-30.817133	323.400116	-374.843475	-173.132950	179.681534	-272.601990	-217.716110	220.020004	-218.391724	-117.296059	75.689049	-223.492874
140	1.39000000	185.277008	1308.317017	17.976189	158.881180	1334.128052	-314.594849	87.926262	1381.275391	-129.309464	233.185928	1285.592163	-158.443146	132.246414	983.460571	98.691284	115.591873	1015.282715	-429.065033	207.187096	742.768677	70.524191	264.627823	816.889313	-436.658997	226.951111	915.755798	-43.032753	154.859512	905.011169	-337.885712	-9.162809	924.531555	-137.264206	9.127936	1037.524780	-150.012833	276.656464	1025.746338	-175.375458	171.702209	581.067993	4.752298	205.312805	435.632019	-69.535889	192.667984	284.380005	-34.355320	169.427750	52.461784	-112.897682	111.017082	40.006878	-168.056458	287.276886	42.905338	-148.180267	99.327858	595.216248	-381.892273	126.493881	437.224854	-319.899139	-3.215616	323.633423	-377.429596	-143.449188	177.701752	-275.328827	-189.239822	215.834641	-220.254883	-83.878906	75.490204	-228.821472
141	1.40000000	198.664536	1309.564941	17.455919	170.880142	1335.047241	-315.156097	100.849121	1382.717285	-129.614365	245.842224	1286.633057	-159.098740	148.027924	984.945312	99.540459	125.395988	1015.993042	-428.605804	226.676109	745.476227	70.959614	268.841209	813.567017	-436.704147	239.661850	915.868042	-43.731121	166.033585	906.973938	-338.822235	3.339386	926.138306	-136.135025	21.742455	1038.946167	-149.375259	288.799133	1027.021606	-175.894516	179.360245	581.900330	4.600745	208.763153	435.667267	-70.085129	194.753586	284.305267	-34.535923	169.427475	52.437653	-112.939529	110.997459	40.133480	-168.008636	287.350281	42.768154	-148.329880	117.239693	596.957458	-382.265259	151.452942	439.998901	-322.196075	24.695011	323.393372	-379.790527	-112.721581	174.557251	-277.918457	-159.826813	210.081665	-221.911667	-48.854969	74.619621	-234.205261
142	1.41000000	212.120041	1310.707764	16.908979	182.842728	1335.767334	-315.697601	113.736488	1383.976685	-129.889999	258.466736	1287.488403	-159.788666	163.749527	986.378662	100.402855	135.185287	1016.581482	-428.208221	246.166878	748.242157	71.344547	272.810028	810.233154	-436.719193	252.221878	915.842041	-44.384079	177.397324	909.051025	-339.571686	15.750729	927.566528	-135.308060	34.307381	1040.199097	-148.733963	300.903931	1028.239258	-176.320190	187.550476	582.644531	4.413252	212.167130	435.705261	-70.656609	196.815170	284.229370	-34.689476	169.449799	52.417389	-112.984856	110.989273	40.270672	-167.951935	287.455139	42.642010	-148.498260	135.380310	598.580933	-382.602417	176.181381	442.834229	-324.180054	52.764240	322.761749	-381.948792	-81.023994	170.349518	-280.410858	-129.488419	202.893600	-223.435532	-12.425023	73.205688	-239.613846
143	1.42000000	225.643372	1311.741211	16.338543	194.778427	1336.292236	-316.209015	126.600006	1385.018677	-130.112625	271.064728	1288.145752	-160.508011	179.397034	987.740051	101.277634	144.921738	1017.050659	-427.871338	265.647026	751.046875	71.677746	276.556725	806.932098	-436.684311	264.632050	915.747070	-44.939960	189.013092	911.143188	-340.087738	28.071646	928.759216	-134.850327	46.823456	1041.256104	-148.128006	312.980591	1029.329346	-176.672592	196.178436	583.278320	4.202365	215.457275	435.733917	-71.229927	198.770233	284.175110	-34.824638	169.491867	52.401707	-113.035187	110.989510	40.413258	-167.891037	287.588440	42.538258	-148.677612	153.732407	600.055786	-382.959839	200.591415	445.649719	-325.850983	80.872978	321.794647	-383.916046	-48.408607	165.186646	-282.839111	-98.214668	194.420197	-224.893005	25.219906	71.373329	-245.014343
144	1.43000000	239.225052	1312.650635	15.744928	206.687042	1336.620239	-316.693420	139.449097	1385.816284	-130.272217	283.641418	1288.589478	-161.254776	194.955322	988.998657	102.166206	154.558197	1017.393921	-427.591888	285.104782	753.860413	71.957237	280.112366	803.698456	-436.582092	276.904572	915.624207	-45.357220	200.896896	913.136902	-340.358185	40.307205	929.660583	-134.798035	59.292137	1042.090210	-147.594086	325.041534	1030.214233	-176.973862	205.102417	583.769653	3.968571	218.566544	435.750702	-71.791519	200.546402	284.162872	-34.948601	169.549286	52.393223	-113.093384	110.996452	40.557335	-167.834671	287.742737	42.458786	-148.859375	172.260025	601.374268	-383.385620	224.613022	448.378174	-327.219849	108.935387	320.526215	-385.695312	-14.907825	159.181259	-285.229797	-65.979973	184.826553	-226.340912	63.901352	69.235977	-250.368225
145	1.44000000	252.848633	1313.411621	15.127459	218.565094	1336.744995	-317.160675	152.292023	1386.351562	-130.372742	296.202454	1288.805054	-162.027298	210.413651	990.117371	103.069679	164.045273	1017.598755	-427.364075	304.529343	756.645233	72.180914	283.514832	800.553986	-436.397919	289.054382	915.487610	-45.610966	213.046448	914.922119	-340.393585	52.468948	930.228088	-135.155609	71.716339	1042.678589	-147.165680	337.104431	1030.824097	-177.247147	214.158691	584.085754	3.704472	221.439438	435.760620	-72.332123	202.091415	284.205353	-35.063534	169.614944	52.396664	-113.162537	111.011703	40.701336	-167.794006	287.909912	42.397789	-149.038834	190.915680	602.542786	-383.914154	248.192596	450.963715	-328.303284	136.886169	318.981598	-387.283508	19.461966	152.452698	-287.604553	-32.749443	174.290451	-227.824692	103.465385	66.900993	-255.631424
146	1.45000000	266.493835	1313.994385	14.485689	230.410141	1336.657349	-317.622528	165.140366	1386.614990	-130.429138	308.753235	1288.781128	-162.822342	225.769211	991.057495	103.985092	173.337784	1017.650269	-427.179688	323.910614	759.359344	72.348198	286.805313	797.506775	-436.120483	301.093475	915.328979	-45.695663	225.457932	916.403809	-340.220978	64.574463	930.441895	-135.898071	84.101379	1043.004028	-146.870621	349.190796	1031.110962	-177.516235	223.185944	584.203125	3.400939	224.041748	435.776581	-72.844795	203.375534	284.308136	-35.165562	169.679245	52.418633	-113.245705	111.041489	40.849659	-167.780991	288.084442	42.347603	-149.214279	209.645920	603.572388	-384.561127	271.287781	453.357941	-329.120178	164.667908	317.185486	-388.673065	54.696827	145.127823	-289.976318	1.516011	162.998688	-229.376541	143.792389	64.477760	-260.756348
147	1.46000000	280.139008	1314.366211	13.820695	242.223251	1336.348145	-318.090668	178.007324	1386.605103	-130.464233	321.298584	1288.510864	-163.634598	241.028702	991.782104	104.904320	182.400742	1017.533386	-427.028107	343.238266	761.958710	72.461420	290.025665	794.553070	-435.744125	313.032166	915.122498	-45.625420	238.116928	917.503174	-339.884491	76.644775	930.308411	-136.975555	96.454948	1043.056030	-146.728714	361.321564	1031.055786	-177.804459	232.041290	584.115479	3.052527	226.362747	435.820099	-73.321777	204.387146	284.476105	-35.246231	169.731613	52.467365	-113.347160	111.093102	41.017891	-167.807877	288.261902	42.300617	-149.382446	228.396332	604.471375	-385.321045	293.862152	455.516235	-329.689514	192.230591	315.160004	-389.854553	90.800598	137.341965	-292.344788	36.852631	151.144424	-231.013397	184.790802	62.075653	-265.693878
148	1.47000000	293.763702	1314.495361	13.134693	254.009125	1335.810181	-318.576477	190.900131	1386.327637	-130.505753	333.843964	1287.994019	-164.458038	256.207764	992.258728	105.815926	191.214645	1017.234985	-426.897919	362.500656	764.399414	72.525766	293.216827	791.681061	-435.271194	324.885010	914.832458	-45.429836	250.991989	918.157593	-339.442780	88.701096	929.857361	-138.320389	108.786377	1042.831787	-146.750015	373.512299	1030.668701	-178.132629	240.603348	583.839233	2.660039	228.411819	435.920197	-73.752014	205.126801	284.720520	-35.296009	169.762283	52.553192	-113.473953	111.167061	41.235538	-167.887451	288.436554	42.248791	-149.537674	247.115112	605.238281	-386.167480	315.882111	457.395813	-330.029388	219.544693	312.915466	-390.821899	127.778389	129.240784	-294.697052	73.285088	138.926849	-232.736496	226.383560	59.798965	-270.395172
149	1.48000000	307.350525	1314.353027	12.428405	265.775238	1335.038940	-319.090851	203.814224	1385.792603	-130.581818	346.395264	1287.235229	-165.287659	271.329437	992.462646	106.706779	199.777191	1016.745300	-426.777374	381.683243	766.639954	72.547689	296.416870	788.875671	-434.712357	336.676605	914.421509	-45.145790	264.041229	918.322083	-338.961212	100.762589	929.133118	-139.855621	121.105095	1042.336182	-146.932739	385.770905	1029.982422	-178.518173	248.763840	583.414673	2.230392	230.217407	436.110626	-74.122124	205.606430	285.062195	-35.308365	169.763962	52.690014	-113.636597	111.251076	41.546352	-168.032776	288.601044	42.185894	-149.673965	265.753723	605.858643	-387.056824	337.316223	458.953766	-330.157318	246.618240	310.442352	-391.578430	165.629715	120.982323	-297.010895	110.819641	126.552399	-234.533661	268.499298	57.748421	-274.812012
150	1.49000000	320.885712	1313.916992	11.699331	277.532043	1334.032715	-319.643280	216.735062	1385.010010	-130.715759	358.958160	1286.241577	-166.120819	286.422791	992.379944	107.562614	208.100357	1016.058899	-426.652283	400.769180	768.643127	72.532930	299.659515	786.121185	-434.085022	348.441284	913.856262	-44.810242	277.221924	917.972046	-338.503693	112.846321	928.182495	-141.503845	133.418945	1041.581543	-147.263489	398.098419	1029.040161	-178.975998	256.417419	582.902222	1.776633	231.829865	436.423401	-74.420883	205.855225	285.530060	-35.283504	169.733536	52.896561	-113.848831	111.325203	42.003502	-168.258469	288.745544	42.111240	-149.785049	284.259644	606.306641	-387.935577	358.135010	460.145508	-330.090149	273.505463	307.712372	-392.140503	204.340973	112.737671	-299.256470	149.441330	114.235397	-236.382095	311.066956	56.024834	-278.895020
151	1.50000000	334.359741	1313.173462	10.942558	289.292389	1332.792969	-320.241333	229.646317	1383.987549	-130.922058	371.537354	1285.020020	-166.958450	301.521149	992.008179	108.367081	216.205231	1015.174927	-426.503174	419.742935	770.378174	72.485579	302.974350	783.403320	-433.410492	360.216034	913.108704	-44.457695	290.495697	917.104553	-338.126373	124.968628	927.044067	-143.194763	145.734711	1040.583862	-147.723862	410.492188	1027.883545	-179.519684	263.462280	582.378540	1.320165	233.324707	436.880798	-74.643745	205.928619	286.154938	-35.231506	169.673706	53.196003	-114.126106	111.379440	42.651772	-168.585281	288.853882	42.031631	-149.859940	302.559479	606.548157	-388.751556	378.312836	460.926208	-329.844360	300.300903	304.691101	-392.538239	243.875900	104.690453	-301.396606	189.113876	102.196587	-238.250732	354.011414	54.730209	-282.588898
152	1.51000000	347.767181	1312.118408	10.151920	301.069672	1331.323730	-320.889648	242.537491	1382.729980	-131.206345	384.135315	1283.578613	-167.804733	316.656830	991.353638	109.100288	224.118408	1014.097900	-426.307281	438.592575	771.821594	72.408300	306.387238	780.710480	-432.710297	372.032684	912.157166	-44.121582	303.829803	915.737793	-337.873688	137.146454	925.743225	-144.869720	158.060043	1039.359009	-148.296951	422.948975	1026.541504	-180.160034	269.817200	581.930603	0.891022	234.802795	437.490936	-74.796707	205.916809	286.959869	-35.174477	169.592896	53.613750	-114.482651	111.426109	43.511089	-169.040497	288.906006	41.959538	-149.882401	320.551575	606.538147	-389.461670	397.832367	461.255096	-329.436646	327.120605	301.357605	-392.812256	284.164825	97.034203	-303.389526	229.773834	90.660606	-240.100159	397.247406	53.965580	-285.831146
153	1.52000000	361.105988	1310.755859	9.320321	312.877228	1329.634155	-321.590088	255.405090	1381.243164	-131.569199	396.751617	1281.927979	-168.665375	331.854736	990.429260	109.740578	231.871277	1012.838684	-426.043518	457.307999	772.957245	72.303244	309.920059	778.035004	-432.002884	383.913666	910.988098	-43.835979	317.199768	913.909973	-337.776093	149.397858	924.292175	-146.483688	170.403702	1037.922607	-148.969635	435.466766	1025.026611	-180.901184	275.450806	581.643005	0.520540	236.388107	438.247345	-74.899033	205.947937	287.951050	-35.145885	169.503677	54.174286	-114.928055	111.492233	44.581646	-169.647903	288.899414	41.905891	-149.846329	338.117676	606.215881	-390.028656	416.688812	461.101501	-328.883636	354.078522	297.723450	-393.005676	325.093170	89.965103	-305.196259	271.309235	79.852722	-241.879730	440.666138	53.825630	-288.559052
154	1.53000000	374.377533	1309.097534	8.440895	324.728760	1327.739990	-322.343323	268.246735	1379.540161	-132.010941	409.384644	1280.084717	-169.547165	347.131256	989.253357	110.268204	239.500259	1011.415100	-425.696014	475.877487	773.776703	72.172531	313.590149	775.372284	-431.301849	395.870758	909.597290	-43.633873	330.593719	911.678955	-337.850006	161.741104	922.693176	-148.005432	182.774643	1036.291382	-149.733032	448.046051	1023.338684	-181.738113	280.413605	581.580994	0.227327	238.224930	439.130310	-74.981461	206.179382	289.115051	-35.184792	169.422073	54.897800	-115.463898	111.605232	45.858356	-170.413956	288.864655	41.873577	-149.769958	355.136353	605.513855	-390.415344	434.892456	460.451904	-328.200226	381.262512	293.846405	-393.155884	366.489197	83.670082	-306.786987	313.531555	69.990288	-243.531204	484.116119	54.391052	-290.718750
155	1.54000000	387.586609	1307.162476	7.509492	336.636597	1325.663208	-323.150146	281.057953	1377.644531	-132.534561	422.033447	1278.072510	-170.458710	362.497864	987.851318	110.665749	247.047028	1009.851501	-425.256683	494.284836	774.279297	72.017889	317.409988	772.720215	-430.615173	407.907104	907.991394	-43.542294	344.013214	909.120361	-338.098572	174.192871	920.943665	-149.418259	195.181641	1034.484863	-150.583237	460.690796	1021.473022	-182.658066	284.858795	581.774780	0.005829	240.471222	440.108887	-75.078461	206.773727	290.423431	-35.324997	169.368027	55.797512	-116.079826	111.787247	47.336285	-171.319061	288.846802	41.859425	-149.684952	371.492950	604.376099	-390.590759	452.470612	459.314911	-327.398621	408.704803	289.836823	-393.287628	408.114166	78.313751	-308.141541	356.161896	61.265270	-245.004745	527.387329	55.722294	-292.270935
156	1.55000000	400.740692	1304.978638	6.525096	348.609497	1323.431885	-324.012146	293.839203	1375.586792	-133.144333	434.698029	1275.922241	-171.408783	377.960022	986.256042	110.915810	254.558578	1008.177979	-424.727661	512.509506	774.472260	71.839949	321.387711	770.079254	-429.944397	420.024017	906.190002	-43.577805	357.467590	906.324036	-338.513031	186.767181	919.042175	-150.721008	207.634048	1032.525879	-151.521088	473.408722	1019.430420	-183.644440	289.037323	582.208679	-0.171809	243.284180	441.143250	-75.219269	207.865646	291.840393	-35.582859	169.365417	56.877804	-116.750145	112.054359	49.010048	-172.316437	288.878082	41.859253	-149.615799	387.096069	602.769897	-390.544312	469.467957	457.723511	-326.488678	436.346375	285.850861	-393.405701	449.658417	74.024757	-309.247345	398.839661	53.820316	-246.268631	570.202209	57.855927	-293.196808
157	1.56000000	413.849213	1302.584473	5.486862	360.651398	1321.080322	-324.931549	306.600891	1373.402100	-133.842606	447.379150	1273.670898	-172.404160	393.509674	984.506592	111.000450	262.086853	1006.429688	-424.122131	530.527405	774.371246	71.638378	325.528915	767.453064	-429.284851	432.228973	904.227539	-43.744076	370.966125	903.389038	-339.074219	199.475281	916.993286	-151.927719	220.142944	1030.439697	-152.550613	486.210114	1017.223999	-184.680817	293.263428	582.818542	-0.342209	246.800568	442.185638	-75.420944	209.535110	293.329163	-35.949177	169.439911	58.132469	-117.434509	112.415581	50.874119	-173.339523	288.972992	41.869045	-149.571732	401.894592	600.685486	-390.291687	485.946625	455.735565	-325.477051	464.012177	282.065369	-393.486725	490.742920	70.879601	-310.099243	441.147369	47.724411	-247.297836	612.215393	60.797112	-293.503387
158	1.57000000	426.922638	1300.030518	4.391960	372.762482	1318.649414	-325.910339	319.353607	1371.129883	-134.629532	460.079376	1271.360596	-173.449997	409.120758	982.648071	110.903801	269.686127	1004.645325	-423.461639	548.309937	774.000275	71.413355	329.842316	764.850800	-428.629959	444.539398	902.150818	-44.031788	384.515320	900.417969	-339.754852	212.326614	914.809631	-153.065186	232.721558	1028.253052	-153.678070	499.105530	1014.885254	-185.754272	297.864258	583.502930	-0.536753	251.120987	443.182465	-75.683647	211.801483	294.856537	-36.388981	169.615295	59.545727	-118.082748	112.872475	52.925434	-174.312973	289.135498	41.884575	-149.548676	415.890076	598.132019	-389.867859	501.985748	453.432007	-324.361481	491.417999	278.640015	-393.478210	530.927002	68.885338	-310.697968	482.635864	42.957752	-248.057373	653.021240	64.505608	-293.226166
159	1.58000000	439.971344	1297.378784	3.236124	384.940796	1316.184814	-326.949585	332.098053	1368.813354	-135.504166	472.802551	1269.036377	-174.550919	424.752350	980.730774	110.614738	277.409454	1002.863770	-422.771912	565.823914	773.392609	71.167068	334.349075	762.289581	-427.979935	456.977722	900.013062	-44.421421	398.125793	897.511658	-340.525116	225.329773	912.512329	-154.170334	245.385864	1025.994019	-154.911438	512.102844	1012.466553	-186.857773	303.132843	584.147461	-0.772740	256.303009	444.082550	-75.990768	214.641495	296.397675	-36.849285	169.911850	61.099018	-118.641090	113.420952	55.167526	-175.161514	289.364258	41.901901	-149.533142	429.146729	595.136902	-389.314362	517.679504	450.912109	-323.127594	518.213989	275.682983	-393.310364	569.724060	67.965950	-311.043854	522.831665	39.413483	-248.501251	692.172729	68.879288	-292.429016
160	1.59000000	453.005402	1294.699219	2.014374	397.183228	1313.735352	-328.051483	344.830444	1366.494385	-136.464645	485.553406	1266.743652	-175.711060	440.354675	978.807861	110.126846	285.305511	1001.121033	-422.079437	583.034607	772.591125	70.903685	339.087280	759.794861	-427.345749	469.563110	897.868530	-44.888615	411.821472	894.761841	-341.359924	238.493927	910.131165	-155.287018	258.156433	1023.689636	-156.258179	525.204834	1010.037170	-187.990829	309.295624	584.652893	-1.049935	262.360718	444.848724	-76.314438	218.020706	297.939697	-37.271896	170.346970	62.780426	-119.058235	114.055733	57.614639	-175.815689	289.655975	41.918747	-149.505646	441.799744	591.749573	-388.663788	533.133728	448.287689	-321.757996	544.050842	273.233093	-392.916199	606.630127	67.957047	-311.126373	561.234070	36.915340	-248.585648	729.210388	73.735970	-291.194244
161	1.60000000	466.035248	1292.065796	0.721107	409.486237	1311.350098	-329.221558	357.552002	1364.206909	-137.508774	498.337708	1264.526123	-176.933701	455.871643	976.931458	109.437889	293.417664	999.446594	-421.409973	599.908936	771.647766	70.627836	344.104248	757.395416	-426.744766	482.309967	895.771118	-45.408703	425.638214	892.239502	-342.241302	251.831680	907.701721	-156.460770	271.061768	1021.363892	-157.721634	538.409729	1007.675110	-189.158554	316.495728	584.956665	-1.352624	269.270996	445.467163	-76.622162	221.921295	299.483185	-37.605221	170.935562	64.592018	-119.290207	114.775826	60.293957	-176.216263	290.008118	41.935616	-149.444153	454.057098	588.049377	-387.925415	548.461365	445.674347	-320.250244	568.646057	271.258911	-392.249725	641.166077	68.613708	-310.916534	597.312988	35.248882	-248.284576	763.702637	78.799179	-289.600372
162	1.61000000	479.071594	1289.549438	-0.648887	421.846283	1309.074341	-330.467468	370.269867	1361.975952	-138.634872	511.163055	1262.422974	-178.221451	471.240356	975.147705	108.550941	301.783386	997.861450	-420.788177	616.414856	770.620178	70.343197	349.445236	755.117462	-426.195801	495.235260	893.778015	-45.957935	439.616333	889.984070	-343.156799	265.360962	905.262268	-157.733902	284.139923	1019.036987	-159.296188	551.714478	1005.456360	-190.370407	324.787964	585.040649	-1.655022	276.990173	445.948242	-76.881355	226.352814	301.041687	-37.810028	171.690536	66.553200	-119.303139	115.588516	63.244751	-176.318344	290.421051	41.955868	-149.329559	466.189667	584.155762	-387.081482	563.777222	443.177307	-318.630676	591.828796	269.669495	-391.295410	672.925293	69.632881	-310.366852	630.522766	34.195057	-247.601501	795.290222	83.704117	-287.694733
163	1.62000000	492.123047	1287.213745	-2.098164	434.260010	1306.945190	-331.797150	382.992493	1359.819092	-139.842728	524.039368	1260.468140	-179.577026	486.390869	973.492676	107.476036	310.434448	996.378479	-420.238037	632.519562	769.567200	70.051525	355.152252	752.981232	-425.718887	508.366425	891.950623	-46.513763	453.797821	887.998657	-344.098083	279.105133	902.850159	-159.141464	297.435638	1016.725525	-160.963272	565.117737	1003.446228	-191.639069	334.145050	584.926636	-1.926723	285.473022	446.318695	-77.063362	231.346130	302.636871	-37.860378	172.625214	68.698387	-119.073837	116.511261	66.515221	-176.094696	290.898956	41.985504	-149.151794	478.511414	580.237610	-386.105072	579.186401	440.874908	-316.956329	613.551453	268.334259	-390.068237	701.610840	70.686157	-309.419373	660.360168	33.540668	-246.570343	823.719421	88.033684	-285.473907
164	1.63000000	505.194305	1285.109863	-3.625123	446.724030	1304.988892	-333.219238	395.725677	1357.749512	-141.137085	536.978149	1258.689697	-181.004059	501.250946	971.990601	106.232109	319.399170	995.003601	-419.783234	648.189423	768.542847	69.751579	361.268127	750.999603	-425.337448	521.741882	890.348755	-47.057072	468.227783	886.254944	-345.058990	293.092102	900.499573	-160.706696	310.994263	1014.442627	-162.691849	578.624084	1001.693420	-192.977768	344.478119	584.663269	-2.137967	294.683014	446.607025	-77.147774	236.940414	304.289429	-37.742954	173.756714	71.069054	-118.588280	117.572426	70.157204	-175.535904	291.449371	42.033062	-148.913483	491.348938	576.509216	-384.996185	594.765442	438.807220	-315.303406	633.866394	267.109528	-388.604156	727.054993	71.459183	-308.020691	686.453796	33.072067	-245.246750	848.856934	91.375603	-282.883179
165	1.64000000	518.286316	1283.273804	-5.223944	459.235352	1303.220947	-334.742828	408.471588	1355.778564	-142.530334	549.990967	1257.109985	-182.507050	515.753052	970.653137	104.848228	328.705139	993.736877	-419.447174	663.392670	767.589996	69.438412	367.838013	749.178589	-425.079926	535.405090	889.018433	-47.577206	482.955841	884.705627	-346.032288	307.350922	898.241394	-162.436996	324.856262	1012.200195	-164.444565	592.250488	1000.229492	-194.395279	355.669128	584.307800	-2.266834	304.593231	446.830963	-77.124496	243.173279	306.011108	-37.455051	175.107224	73.703873	-117.839622	118.811913	74.219162	-174.646286	292.081085	42.107323	-148.627365	504.992676	573.201111	-383.808319	610.541321	436.973785	-313.742859	652.883179	265.864471	-386.941711	749.224060	71.695343	-306.143707	708.617920	32.594593	-243.702805	870.687378	93.379875	-279.839264
166	1.65000000	531.396301	1281.726074	-6.884810	471.792206	1301.644897	-336.375519	421.228973	1353.918701	-144.038376	563.088501	1255.747314	-184.090546	529.839355	969.480164	103.360924	338.379822	992.571838	-419.251709	678.102814	766.735199	69.104383	374.906448	747.517731	-424.978729	549.394836	887.979553	-48.078140	498.033173	883.303345	-347.008209	321.904022	896.105591	-164.321716	339.050873	1010.012146	-166.183624	606.030701	999.070129	-195.891144	367.603058	583.909302	-2.307748	315.185577	446.992004	-76.991913	250.075607	307.802277	-37.000443	176.703094	76.631317	-116.827141	120.282326	78.740685	-173.438232	292.801086	42.212330	-148.307800	519.635498	570.508057	-382.637451	626.481689	435.345184	-312.314026	670.724976	264.504303	-385.103973	768.209839	71.236198	-303.809692	726.853699	31.983171	-242.031494	889.302673	93.802849	-276.270599
167	1.66000000	544.518860	1280.473022	-8.594543	484.396057	1300.252197	-338.120575	433.996490	1352.185303	-145.672302	576.280029	1254.616943	-185.757904	543.467041	968.463745	101.808891	348.449615	991.495239	-419.214081	692.299561	765.986938	68.741135	382.513672	746.010895	-425.067368	563.736328	887.220337	-48.582363	513.502869	882.020569	-347.975220	336.759491	894.122986	-166.330673	353.589508	1007.898132	-167.872955	620.013428	998.219421	-197.453262	380.186646	583.498047	-2.276174	326.450592	447.076477	-76.753761	257.668976	309.654480	-36.384937	178.575760	79.867699	-115.555428	122.050629	83.750992	-171.929352	293.612701	42.343822	-147.962082	535.330017	568.541016	-381.581451	642.506836	433.889221	-311.018463	687.500977	262.993591	-383.097748	784.209839	70.047661	-301.100403	741.341980	31.222893	-240.343643	904.886597	92.535080	-272.160828
168	1.67000000	557.648193	1279.510498	-10.337408	497.053833	1299.026855	-339.974884	446.777374	1350.595581	-147.435303	589.572876	1253.732422	-187.509979	556.614380	967.593994	100.228699	358.940399	990.488770	-419.344757	705.967682	765.338959	68.340595	390.693161	744.646118	-425.377777	578.433838	886.700256	-49.130589	529.384583	880.863647	-348.922699	351.904388	892.325745	-168.414536	368.459534	1005.886719	-169.478302	634.256165	997.673828	-199.058975	393.353302	583.083984	-2.205158	338.387024	447.060699	-76.415359	265.963318	311.554749	-35.614628	180.765503	83.420036	-114.032982	124.200630	89.270584	-170.143372	294.516846	42.489071	-147.586441	551.991760	567.312134	-380.708221	658.524170	432.600586	-309.837677	703.309814	261.374268	-380.931702	797.501770	68.224823	-298.155487	752.440613	30.410767	-238.748306	917.697693	89.614334	-267.581329
169	1.68000000	570.781738	1278.830200	-12.096012	509.779083	1297.950806	-341.927917	459.581451	1349.171753	-149.325012	602.972168	1253.105591	-189.345352	569.282654	966.862976	98.650635	369.879761	989.534546	-419.647034	719.096497	764.776459	67.894661	399.470688	743.406403	-425.937805	593.469299	886.359497	-49.776409	545.657654	879.876343	-349.843750	367.300568	890.746887	-170.509735	383.620575	1004.018127	-170.966537	648.816772	997.426147	-200.678711	407.060913	582.663025	-2.135860	351.002686	446.918427	-75.979309	274.957520	313.488953	-34.696545	183.324280	87.289917	-112.271225	126.837341	95.313904	-168.113083	295.513550	42.627422	-147.169220	569.442383	566.761475	-380.053284	674.469116	431.516418	-308.754608	718.272888	259.773590	-378.642273	808.413513	65.973167	-295.158447	760.648499	29.716541	-237.339386	928.049377	85.226654	-262.703278
170	1.69000000	583.924072	1278.425293	-13.853127	522.590759	1297.009521	-343.962921	472.428009	1347.942871	-151.334976	616.480591	1252.747192	-191.260315	581.492920	966.271301	97.093681	381.299500	988.619263	-420.117584	731.680023	764.282867	67.394928	408.863586	742.273560	-426.767776	608.806152	886.131287	-50.576050	562.251160	879.134338	-350.738098	382.888977	889.419617	-172.546066	399.004272	1002.343994	-172.304260	663.741882	997.467712	-202.280746	421.286469	582.225464	-2.107484	364.315247	446.628143	-75.443413	284.645721	315.447052	-33.638435	186.318069	91.475761	-110.285080	130.093292	101.890495	-165.882004	296.602325	42.731785	-146.698395	587.458557	566.806763	-379.635406	690.333740	430.716187	-307.770966	732.564941	258.394745	-376.315491	817.285522	63.566135	-292.313049	766.526001	29.312263	-236.197617	936.283997	79.700974	-257.784454
171	1.70000000	597.092285	1278.291748	-15.594566	535.510803	1296.195190	-346.059235	485.347504	1346.945557	-153.452789	630.097900	1252.666138	-193.247177	593.282715	965.833130	95.563156	393.237030	987.736816	-420.747528	743.714905	763.844910	66.833208	418.882065	741.234222	-427.878708	624.393982	885.952454	-51.577049	579.046997	878.732117	-351.614319	398.602051	888.373413	-174.454834	414.522186	1000.922424	-173.459137	679.052002	997.789856	-203.835388	436.018616	581.758789	-2.148140	378.352264	446.176331	-74.801216	295.030945	317.428955	-32.447395	189.832962	95.974068	-108.093437	134.133118	109.002487	-163.503601	297.779602	42.773071	-146.168411	605.809082	567.383545	-379.470093	706.172668	430.312439	-306.925537	746.400452	257.471893	-374.097687	824.431152	61.282200	-289.808594	770.621948	29.298647	-235.381195	942.737854	73.489670	-253.132172
172	1.71000000	610.318481	1278.430908	-17.313881	548.560852	1295.508545	-348.194153	498.376862	1346.219482	-155.658157	643.820251	1252.867432	-195.293625	604.703857	965.577759	94.054138	405.732635	986.889221	-421.524292	755.198242	763.454712	66.202745	429.532715	740.284790	-429.273865	640.168762	885.768921	-52.809235	595.896545	878.766479	-352.491302	414.377045	887.626404	-176.179077	430.081329	999.803955	-174.408295	694.727051	998.384094	-205.317566	451.249695	581.245056	-2.266358	393.152893	445.553375	-74.041916	306.144409	319.442902	-31.129585	193.983322	100.779770	-105.719559	139.151093	116.639412	-161.039307	299.038940	42.725716	-145.583633	624.285583	568.454407	-379.578705	722.080750	430.420654	-306.301636	759.972290	257.177277	-372.184875	830.111694	59.333916	-287.782043	773.428711	29.671162	-234.903275	947.713440	67.105415	-249.046478
173	1.72000000	623.644958	1278.847290	-19.017597	561.757812	1294.959961	-350.343567	511.548706	1345.797485	-157.923065	657.640320	1253.346436	-197.384567	615.818542	965.545410	92.557480	418.821442	986.086548	-422.433167	766.128998	763.110443	65.499220	440.822037	739.433197	-430.950546	656.050659	885.536438	-54.277412	612.648987	879.320496	-353.395416	430.162567	887.174438	-177.682632	445.602020	999.014893	-175.151657	710.696899	999.240784	-206.708481	466.970703	580.655396	-2.445940	408.771484	444.743225	-73.150757	318.058258	321.491669	-29.691679	198.915604	105.884666	-103.193268	145.359756	124.773941	-158.552460	300.380676	42.575493	-144.957962	642.734497	569.995972	-379.997131	738.130310	431.097382	-305.998932	773.383667	257.512360	-370.771332	834.548218	57.821022	-286.293579	775.355957	30.342289	-234.726288	951.482117	61.012432	-245.753021
174	1.73000000	637.114319	1279.544678	-20.726629	575.108826	1294.567139	-352.481934	524.880676	1345.694336	-160.214508	671.547607	1254.084595	-199.503830	626.693848	965.778687	91.064255	432.522339	985.344849	-423.458771	776.511383	762.815552	64.719534	452.759430	738.695587	-432.899765	671.946106	885.221252	-55.957439	629.181213	880.448120	-354.351501	445.913452	886.986206	-178.951660	461.029388	998.552002	-175.719604	726.842651	1000.344299	-207.997452	483.170807	579.943176	-2.647469	425.278076	443.711060	-72.113777	330.881927	323.554260	-28.144123	204.806381	111.274910	-100.552475	152.971176	133.361115	-156.093597	301.830933	42.333103	-144.312088	661.068237	571.982544	-380.777374	754.272766	432.274567	-306.077759	786.623169	258.270203	-369.970795	837.958557	56.734718	-285.322357	776.720215	31.190487	-234.781021	954.301819	55.541622	-243.345627
175	1.74000000	650.758057	1280.518677	-22.471605	588.608032	1294.350342	-354.583649	538.369812	1345.899292	-162.497498	685.527344	1255.049805	-201.633896	637.396851	966.311218	89.568504	446.827393	984.682434	-424.585663	786.357574	762.574554	63.859316	465.358505	738.089600	-435.103973	687.753662	884.804016	-57.801437	645.412537	882.159668	-355.372131	461.578979	887.009216	-179.990540	476.333618	998.391907	-176.166092	743.009338	1001.664185	-209.182907	499.844452	579.040100	-2.817119	442.752869	442.398376	-70.925964	344.749115	325.575897	-26.505394	211.859009	116.930107	-97.842117	162.173264	142.339951	-153.681808	303.464050	42.050098	-143.672821	679.226685	574.367798	-381.966064	770.262451	433.745422	-306.516602	799.565979	259.126251	-369.770294	840.568726	55.999470	-284.777618	777.745667	32.098160	-234.990631	956.411255	50.885410	-241.762405
176	1.75000000	664.586975	1281.751343	-24.281839	602.240234	1294.326538	-356.625702	551.993347	1346.375732	-164.737350	699.560059	1256.199829	-203.754456	647.987732	967.156860	88.068375	461.697083	984.116455	-425.799103	795.690094	762.387665	62.913233	478.634232	737.627625	-437.533890	703.373108	884.286987	-59.749805	661.299316	884.410889	-356.454773	477.096222	887.184509	-180.820694	491.497772	998.507202	-176.551163	759.032776	1003.149353	-210.271011	517.002563	577.861572	-2.900790	461.274780	440.731049	-69.595352	359.805847	327.469269	-24.802961	220.291367	122.823067	-95.114716	173.103775	151.635254	-151.296097	305.424194	41.829048	-143.074112	697.094727	577.057556	-383.561035	785.675293	435.227051	-307.219269	811.954102	259.790833	-370.054626	842.581299	55.518276	-284.525177	778.568909	32.967850	-235.282974	958.002563	47.131950	-240.811783
177	1.76000000	678.585327	1283.207153	-26.170767	615.988281	1294.502808	-358.590454	565.714783	1347.072021	-166.903580	713.622864	1257.489014	-205.840317	658.513367	968.303528	86.564659	477.064941	983.659302	-427.088531	804.545074	762.248901	61.879518	492.598709	737.313812	-440.146988	718.716370	883.699890	-61.740433	676.819458	887.104675	-357.589508	492.395844	887.464478	-181.483749	506.499878	998.876404	-176.924057	774.773010	1004.727966	-211.271591	534.676575	576.326904	-2.858694	480.907837	438.639618	-68.137657	376.195221	329.124268	-23.067127	230.296570	128.915710	-92.435646	185.828018	161.158279	-148.889252	307.945740	41.822720	-142.552551	714.438477	579.891174	-385.477112	800.023499	436.462372	-308.063171	823.387634	260.102020	-370.671783	844.138977	55.200329	-284.426483	779.251709	33.727333	-235.595154	959.206543	44.280968	-240.249207
178	1.77000000	692.710632	1284.836304	-28.125244	629.840515	1294.874634	-360.467072	579.494690	1347.936279	-168.975250	727.692261	1258.871338	-207.860504	669.004028	969.715149	85.058502	492.848938	983.317566	-428.450317	812.972260	762.148254	60.764425	507.260056	737.144836	-442.892395	733.713745	883.098511	-63.712788	691.961731	890.104004	-358.767822	507.415863	887.824768	-182.041992	521.302490	999.482971	-177.315582	790.140625	1006.315430	-212.194122	552.909302	574.387756	-2.673767	501.688782	436.084839	-66.566910	394.034485	330.423676	-21.318800	241.993439	135.156387	-89.890099	200.328140	170.804626	-146.426758	311.369995	42.221512	-142.135208	730.921814	582.663940	-387.555878	812.895203	437.297150	-308.946808	833.406677	260.030182	-371.485870	845.321594	54.971207	-284.377472	779.807373	34.334328	-235.880936	960.104370	42.250156	-239.871857
179	1.78000000	706.897339	1286.580200	-30.104513	643.793396	1295.424194	-362.249969	593.301575	1348.928833	-170.943802	741.746399	1260.302002	-209.779709	679.472290	971.336975	83.550468	508.964508	983.092590	-429.884888	821.029449	762.072510	59.582844	522.622894	737.111664	-445.719650	748.311584	882.553101	-65.609222	706.723755	893.248840	-359.985413	522.114441	888.267151	-182.571671	535.859375	1000.309753	-177.741043	805.103027	1007.827759	-213.044922	571.734497	572.054810	-2.351827	523.618591	433.081879	-64.893303	413.395447	331.263733	-19.560745	255.416702	141.491028	-87.585594	216.512741	180.450119	-143.934540	316.146942	43.227226	-141.825287	746.198730	585.178894	-389.611816	824.053833	437.693848	-309.807159	841.657104	259.646881	-372.394867	846.174072	54.779812	-284.328735	780.231079	34.779770	-236.118652	960.751038	40.900238	-239.572891
180	1.79000000	721.065857	1288.380981	-32.049591	657.850159	1296.122803	-363.934723	607.118347	1350.028809	-172.810928	755.766541	1261.739502	-211.561630	689.914673	973.101929	82.040283	525.336426	982.981689	-431.391388	828.774323	762.005737	58.356418	538.687531	737.202179	-448.584702	762.468933	882.133789	-67.373314	721.113586	896.373108	-361.240387	536.474060	888.813965	-183.151215	550.133057	1001.338135	-178.209900	819.670898	1009.197327	-213.824249	591.156738	569.414673	-1.916691	546.660645	429.715271	-63.131783	434.290466	331.578461	-17.787907	270.550293	147.878616	-85.643433	234.248260	189.946243	-141.526031	322.808472	45.009148	-141.593796	760.008911	587.293457	-391.482178	833.475281	437.697327	-310.616150	848.035583	259.085297	-373.321198	846.738708	54.602772	-284.275909	780.521423	35.084538	-236.311371	961.191711	40.071522	-239.325958
181	1.80000000	735.136841	1290.188110	-33.897533	672.017578	1296.936401	-365.513885	620.941101	1351.231812	-174.583603	769.737488	1263.150635	-213.172714	700.315552	974.939758	80.526405	541.907227	982.977295	-432.967377	836.258362	761.930206	57.111296	555.447540	737.404724	-451.452072	776.161865	881.901611	-68.947144	735.151306	899.323669	-362.528717	550.496338	889.499695	-183.847748	564.107727	1002.550049	-178.733856	833.876343	1010.384338	-214.522339	611.138062	566.630310	-1.403443	570.745789	426.141083	-61.313026	456.662506	331.363892	-16.014166	287.355011	154.281464	-84.178726	253.394958	199.115524	-139.390060	331.912201	47.649418	-141.382553	772.222107	588.945923	-393.063965	841.327515	437.393494	-311.373657	852.722412	258.484619	-374.197449	847.069397	54.435802	-284.231018	780.688049	35.287434	-236.478378	961.468140	39.612034	-239.135941
182	1.81000000	749.043701	1291.963501	-35.593384	686.302063	1297.832397	-366.976501	634.770447	1352.543457	-176.269730	783.646851	1264.514160	-214.586243	710.654724	976.787476	79.005508	558.640625	983.069092	-434.611633	843.524048	761.827240	55.874910	572.888611	737.710999	-454.295029	789.394470	881.905579	-70.271904	748.869629	901.981995	-363.838348	564.192871	890.362061	-184.706223	577.790710	1003.929565	-179.328033	847.753906	1011.382141	-215.116928	631.595825	563.919861	-0.853372	595.773804	422.577240	-59.485718	480.386536	330.694031	-14.291616	305.775269	160.628967	-83.279480	273.827728	207.748138	-137.747040	343.965088	51.101597	-141.122025	782.842407	590.163574	-394.332306	847.905762	436.884583	-312.097809	856.098022	257.934235	-374.964020	847.228271	54.279934	-284.200287	780.750671	35.426357	-236.638702	961.621399	39.392662	-239.006653
183	1.82000000	762.738464	1293.683472	-37.098106	700.704712	1298.784912	-368.310547	648.603760	1353.972290	-177.874527	797.483521	1265.820312	-215.786270	720.913452	978.594604	77.472397	575.519714	983.248657	-436.326355	850.604309	761.678528	54.672464	590.990265	738.117554	-457.093842	802.206665	882.182983	-71.293427	762.312073	904.283691	-365.145416	577.580200	891.433716	-185.744385	591.205627	1005.461975	-180.006134	861.330261	1012.215576	-215.576920	652.410095	561.512817	-0.312430	621.602478	419.284302	-57.706787	505.280548	329.723541	-12.710755	325.752991	166.787064	-82.994865	295.441467	215.604095	-136.796860	359.341614	55.183224	-140.759995	792.006531	591.051086	-395.332367	853.545593	436.278564	-312.808685	858.609436	257.454865	-375.579437	847.277222	54.135887	-284.180023	780.736572	35.526863	-236.794922	961.692261	39.313286	-238.933121
184	1.83000000	776.192383	1295.337646	-38.392281	715.217529	1299.779419	-369.506378	662.431152	1355.523315	-179.397507	811.236023	1267.069580	-216.770370	731.079346	980.325317	75.920837	592.543701	983.512695	-438.116638	857.524445	761.469574	53.524520	609.729431	738.626587	-459.833908	814.673645	882.758728	-71.971436	775.525391	906.226868	-366.414703	590.682678	892.734375	-186.952805	604.385742	1007.132385	-180.772781	874.621155	1012.934021	-215.870193	673.442200	559.598694	0.170534	648.043457	416.525848	-56.026638	531.120850	328.669006	-11.385620	347.253479	172.554855	-83.331429	318.152618	222.426163	-136.676331	378.218842	59.604057	-140.286835	799.974304	591.760986	-396.148499	858.545471	435.677704	-313.513733	860.658264	257.023376	-376.031891	847.269592	54.004810	-284.162018	780.676270	35.606815	-236.933029	961.718628	39.303104	-238.901749
185	1.84000000	789.395569	1296.926758	-39.474171	729.821045	1300.813110	-370.559326	676.234558	1357.192505	-180.832886	824.893066	1268.270386	-217.549377	741.149841	981.960022	74.345428	609.722534	983.863098	-439.988861	864.305664	761.193604	52.445874	629.084564	739.246735	-462.506638	826.894287	883.643066	-72.292404	788.550964	907.866516	-367.604706	603.535400	894.266296	-188.298798	617.369080	1008.923340	-181.618454	887.634766	1013.600281	-215.969818	694.561707	558.286438	0.548530	674.890259	414.508362	-54.480892	557.674011	327.759369	-10.424430	370.277557	177.686234	-84.251724	341.900482	227.965302	-137.433090	400.557709	64.018997	-139.734528	807.090637	592.449402	-396.867432	863.124023	435.161194	-314.204468	862.547119	256.610321	-376.340607	847.244690	53.888702	-284.139404	780.596985	35.682178	-237.037262	961.731079	39.316086	-238.893295
186	1.85000000	802.352722	1298.459839	-40.353600	744.485229	1301.891968	-371.470490	689.987976	1358.965332	-182.173111	838.445007	1269.438354	-218.143890	751.134155	983.494934	72.743828	627.070007	984.305481	-441.948151	870.967102	760.853790	51.445775	649.037109	739.993073	-465.109772	838.968811	884.829163	-72.283318	801.420715	909.294922	-368.676300	616.181030	896.014954	-189.732605	630.194763	1010.813904	-182.523010	900.379150	1014.278931	-215.858139	715.671997	557.591919	0.782086	701.961731	413.334869	-53.093185	584.744690	327.162842	-9.894160	394.842987	181.928009	-85.676926	366.642029	232.010284	-139.018509	426.142059	68.091194	-139.147446	813.726990	593.230835	-397.549988	867.416870	434.771179	-314.862244	864.470276	256.199890	-376.544250	847.226196	53.789349	-284.109375	780.517395	35.764751	-237.102310	961.748230	39.323120	-238.890198
187	1.86000000	815.078125	1299.951538	-41.045322	759.172913	1303.026855	-372.246338	703.658875	1360.818115	-183.412674	851.884888	1270.594482	-218.580124	761.050476	984.939819	71.118309	644.596497	984.847046	-443.994446	877.526337	760.462891	50.529220	669.568237	740.885376	-467.643326	850.975647	886.291626	-72.018166	814.156494	910.613586	-369.603455	628.662048	897.951904	-191.193039	642.898315	1012.779968	-183.466904	912.868652	1015.026062	-215.531631	736.720032	557.455811	0.843533	729.125793	413.002258	-51.883556	612.209290	326.932159	-9.800311	420.948212	185.058548	-87.497452	392.340271	234.408142	-141.297333	454.653778	71.548897	-138.554413	820.225708	594.153320	-398.220642	871.498291	434.512878	-315.466309	866.517883	255.792252	-376.684357	847.223999	53.707958	-284.072784	780.446472	35.859692	-237.134018	961.776550	39.307205	-238.883698
188	1.87000000	827.589966	1301.418213	-41.565201	773.845093	1304.228271	-372.897858	717.215149	1362.718750	-184.550613	865.207520	1271.760254	-218.886414	770.919495	986.314392	69.475510	662.303589	985.494019	-446.120697	884.001251	760.041443	49.698578	690.654327	741.945099	-470.104752	862.959351	887.989075	-71.608971	826.770813	911.905518	-370.381317	641.014282	900.036133	-192.612137	655.506104	1014.793823	-184.439316	925.127075	1015.879944	-215.005310	757.682678	557.777527	0.718604	756.298523	413.431732	-50.875042	640.010925	327.004486	-10.091316	448.549988	186.911118	-89.589676	418.958984	235.068176	-144.072495	485.745636	74.218445	-137.966217	826.865417	595.204956	-398.877228	875.408875	434.367462	-316.000793	868.685852	255.400879	-376.792633	847.239075	53.645790	-284.031921	780.386719	35.966774	-237.143173	961.816467	39.263157	-238.873276
189	1.88000000	839.905701	1302.874390	-41.929901	788.465759	1305.503540	-373.439697	730.632996	1364.629517	-185.592072	878.410156	1272.952515	-219.089340	780.757935	987.642456	67.824501	680.181580	986.249023	-448.314728	890.413483	759.615753	48.955215	712.264587	743.191223	-472.487503	874.938293	889.872070	-71.183411	839.268188	913.219116	-371.028351	653.264404	902.215515	-193.920410	668.033997	1016.822693	-185.436935	937.188232	1016.855896	-214.312973	778.544617	558.446228	0.405866	783.426453	414.508789	-50.095680	668.128784	327.246094	-10.679182	477.571136	187.379135	-91.831688	446.468323	233.953430	-147.121567	519.087341	76.023651	-137.387299	833.840393	596.337585	-399.505280	879.176453	434.308014	-316.457703	870.905334	255.047470	-376.885376	847.268372	53.604389	-283.988800	780.338196	36.083298	-237.138199	961.867432	39.194931	-238.859375
190	1.89000000	852.039673	1304.328735	-42.157555	803.004944	1306.851929	-373.889252	743.901489	1366.510376	-186.549332	891.493896	1274.176880	-219.210571	790.573303	988.943787	66.174606	698.209351	987.107849	-450.561920	896.790161	759.215515	48.300712	734.360779	744.636292	-474.781387	886.920227	891.890869	-70.859772	851.646240	914.565613	-371.580963	665.432617	904.428772	-195.054276	680.489929	1018.828674	-186.458542	949.094421	1017.943726	-213.502121	799.288879	559.363770	-0.083000	810.462097	416.115875	-49.575066	696.547058	327.505341	-11.466985	507.921631	186.410400	-94.112404	474.856689	231.068939	-150.231888	554.382935	76.960518	-136.820618	841.248779	597.490234	-400.079346	882.824097	434.310242	-316.833984	873.087769	254.752563	-376.963501	847.307922	53.585270	-283.944153	780.302979	36.206467	-237.120239	961.928650	39.110012	-238.838440
191	1.90000000	864.004028	1305.782104	-42.267464	817.440857	1308.260742	-374.265106	757.022034	1368.322632	-187.441284	904.464966	1275.424194	-219.265274	800.357910	990.227783	64.533836	716.356567	988.056824	-452.847168	903.164368	758.869751	47.737313	756.897797	746.283051	-476.973679	898.914246	893.997681	-70.729034	863.896973	915.928772	-372.081665	677.535522	906.608643	-195.963654	692.878113	1020.773010	-187.500977	960.893066	1019.110229	-212.626007	819.902771	560.456970	-0.721406	837.348572	418.150574	-49.335995	725.239380	327.654785	-12.373393	539.510498	183.999176	-96.333420	504.138580	226.453949	-153.222809	591.371826	77.068184	-136.263031	849.105591	598.607666	-400.563782	886.369385	434.355499	-317.126740	875.160828	254.526962	-377.016785	847.354797	53.589664	-283.897614	780.286438	36.334778	-237.083588	961.998840	39.015690	-238.803268
192	1.91000000	875.811584	1307.225952	-42.279640	831.760559	1309.705322	-374.584991	770.007629	1370.029907	-188.290329	917.335083	1276.669556	-219.261414	810.087769	991.490601	62.908974	734.587952	989.071777	-455.155151	909.574249	758.601074	47.266960	779.826935	748.122284	-479.053116	910.931763	896.144348	-70.846069	876.009949	917.276062	-372.565826	689.587646	908.687317	-196.616776	705.201599	1022.620117	-188.556183	972.632263	1020.304199	-211.736130	840.384338	561.679382	-1.469386	864.020752	420.528992	-49.386711	754.164368	327.618652	-13.342452	572.242798	180.180374	-98.406555	534.354431	220.178162	-155.957108	629.827026	76.410576	-135.698547	857.381897	599.651733	-400.930084	889.821167	434.428802	-317.331543	877.079590	254.369812	-377.031616	847.408020	53.618179	-283.848846	780.293701	36.469616	-237.024078	962.076599	38.917820	-238.745529
193	1.92000000	887.478149	1308.641602	-42.214394	845.959595	1311.150024	-374.864838	782.879639	1371.599121	-189.116898	930.120178	1277.875488	-219.200043	819.730042	992.715698	61.307934	752.868530	990.118591	-457.470947	916.060822	758.419708	46.889081	803.100037	750.133270	-481.013245	922.982178	898.279236	-71.227898	887.976135	918.566101	-373.053680	701.601013	910.604614	-197.003708	717.464478	1024.338623	-189.609756	984.355835	1021.465149	-210.877151	860.743896	563.005981	-2.282536	890.414185	423.180298	-49.718967	783.264526	327.378143	-14.338660	606.013611	175.026886	-100.252098	565.564270	212.339005	-158.345963	669.555176	75.069511	-135.095490	866.027649	600.595642	-401.170441	893.179382	434.516968	-317.444214	878.822876	254.270844	-376.999268	847.468628	53.669945	-283.798737	780.326538	36.615730	-236.948059	962.160400	38.820824	-238.658691
194	1.93000000	899.021240	1309.998901	-42.091251	860.041199	1312.552368	-375.118317	795.663940	1373.002319	-189.934158	942.839233	1278.997681	-219.077988	829.256226	993.875366	59.742416	771.169373	991.154663	-459.780212	922.665161	758.320587	46.599246	826.669739	752.286041	-482.851181	935.068970	900.346863	-71.857788	899.793030	919.751526	-373.551422	713.584290	912.314819	-197.138046	729.674316	1025.899780	-190.641891	996.099854	1022.534058	-210.084000	880.998657	564.425537	-3.123478	916.471619	426.039856	-50.311169	812.467041	326.951508	-15.339419	640.720642	168.652908	-101.801231	597.839050	203.057678	-160.348846	710.395203	73.143646	-134.410751	874.967407	601.412720	-401.292053	896.438782	434.608734	-317.465118	880.390381	254.213974	-376.920624	847.538757	53.741306	-283.749969	780.384338	36.778980	-236.871964	962.248596	38.727993	-238.541214
195	1.94000000	910.459595	1311.260010	-41.927246	874.015381	1313.866455	-375.356293	808.388916	1374.217407	-190.747726	955.511475	1279.991699	-218.892227	838.651550	994.934204	58.228050	789.471680	992.132080	-462.069641	929.424469	758.283478	46.389948	850.489441	754.545105	-484.564636	947.190552	902.290039	-72.693329	911.470764	920.783813	-374.057983	725.543945	913.787048	-197.052704	741.842163	1027.277832	-191.631012	1007.889587	1023.462524	-209.380447	901.161255	565.929077	-3.968641	942.144226	429.045593	-51.133686	841.692688	326.362305	-16.330982	676.302673	161.219940	-103.002060	631.254456	192.476395	-161.966217	752.211731	70.749001	-133.599991	884.094604	602.073730	-401.308197	899.595886	434.697144	-317.402832	881.804504	254.183319	-376.804840	847.620483	53.825298	-283.706116	780.466919	36.963779	-236.815659	962.339172	38.641361	-238.398193
196	1.95000000	921.813049	1312.383545	-41.735786	887.897095	1315.046265	-375.585876	821.083313	1375.227539	-191.558731	968.154236	1280.817627	-218.643036	847.916626	995.854004	56.782463	807.766357	993.002869	-464.326843	936.368408	758.275574	46.252383	874.513184	756.872986	-486.151077	959.344238	904.053162	-73.675453	923.033264	921.617004	-374.570770	737.485962	915.003601	-196.790802	753.980042	1028.453613	-192.559006	1019.738586	1024.219116	-208.779053	921.229065	567.499573	-4.809735	967.383728	432.134247	-52.154530	870.866760	325.615631	-17.305229	712.768494	152.930450	-103.827347	665.883240	180.759964	-163.224014	794.886658	68.019882	-132.629135	893.279846	602.553467	-401.236145	902.654358	434.781647	-317.274231	883.106934	254.168488	-376.665405	847.715210	53.913319	-283.670319	780.573181	37.171570	-236.797760	962.430542	38.561668	-238.240204
197	1.96000000	933.102966	1313.327393	-41.527050	901.703796	1316.046387	-375.808777	833.772827	1376.019775	-192.365509	980.782593	1281.442505	-218.334396	857.066711	996.599182	55.423203	826.052490	993.723755	-466.538757	943.516113	758.255005	46.177478	898.695587	759.233490	-487.609680	971.530823	905.585510	-74.736519	934.511292	922.208740	-375.087341	749.415588	915.957947	-196.398102	766.099915	1029.414551	-193.412598	1031.648560	1024.788574	-208.282516	941.177979	569.107361	-5.651919	992.129517	435.237854	-53.343758	899.926270	324.691986	-18.257715	750.183228	144.001984	-104.283295	701.787048	168.101105	-164.155823	838.315308	65.110451	-131.482727	902.382629	602.838745	-401.096497	905.623474	434.866577	-317.100311	884.346069	254.165314	-376.515839	847.823425	53.998825	-283.644806	780.698364	37.400837	-236.831497	962.521667	38.488712	-238.080185
198	1.97000000	944.353210	1314.052856	-41.308880	915.454041	1316.823364	-376.019653	846.477234	1376.583374	-193.163712	993.409668	1281.841064	-217.973953	866.131226	997.140869	54.167080	844.336426	994.257568	-468.689606	950.874359	758.174042	46.155226	922.991760	761.593689	-488.942749	983.755066	906.843018	-75.809372	945.934570	922.520752	-375.605469	761.338806	916.652771	-195.919876	778.214417	1030.152466	-194.178665	1043.612183	1025.167603	-207.886276	960.957336	570.710876	-6.511940	1016.300476	438.283630	-54.675365	928.824463	323.559052	-19.188087	788.624084	134.640182	-104.413109	739.011963	154.726685	-164.790344	882.412231	62.194786	-130.169601	911.265320	602.931335	-400.913300	908.509766	434.957306	-316.900085	885.559021	254.175552	-376.367554	847.943359	54.080524	-283.630585	780.833252	37.650093	-236.918732	962.612000	38.422058	-237.930161
199	1.98000000	955.591919	1314.526611	-41.086220	929.165771	1317.337524	-376.206635	859.210632	1376.909424	-193.945740	1006.045593	1281.994507	-217.573334	875.151367	997.459412	53.030121	862.631104	994.574219	-470.759552	958.437439	757.983551	46.174148	947.359039	763.925385	-490.154266	996.021057	907.788452	-76.839241	957.330139	922.523804	-376.123077	773.265686	917.096741	-195.399292	790.337646	1030.658569	-194.840805	1055.618774	1025.356079	-207.580688	980.484741	572.257385	-7.419107	1039.795776	441.195984	-56.127594	957.535522	322.191315	-20.099171	828.140259	125.037109	-104.286171	777.582031	140.899963	-165.148926	927.109375	59.461605	-128.729767	919.809326	602.845459	-400.712250	911.307617	435.059052	-316.686981	886.757935	254.207458	-376.230133	848.069763	54.163643	-283.624939	780.964722	37.922501	-237.043747	962.700073	38.361801	-237.798996
200	1.99000000	966.852051	1314.721802	-40.860725	942.853577	1317.555542	-376.353485	871.980225	1376.990112	-194.699142	1018.696289	1281.889771	-217.146957	884.176147	997.544617	52.026466	880.953308	994.652283	-472.726288	966.194641	757.640350	46.224746	971.759033	766.205048	-491.248276	1008.327515	908.390381	-77.791962	968.724548	922.205200	-376.637543	785.212891	917.299744	-194.873199	802.482544	1030.921387	-195.383102	1067.657593	1025.348267	-207.352158	999.647461	573.684082	-8.414162	1062.506104	443.898682	-57.681725	986.052979	320.583649	-20.994581	868.733337	115.392647	-103.978157	817.481506	126.914711	-165.254608	972.335754	57.101398	-127.242470	927.918335	602.604126	-400.519440	913.994873	435.180420	-316.471741	887.925537	254.275284	-376.112457	848.193970	54.259972	-283.618561	781.076416	38.229111	-237.170837	962.784058	38.308376	-237.690323
201	2.00000000	978.168884	1314.618652	-40.633118	956.525818	1317.451660	-376.443054	884.785889	1376.818359	-195.406036	1031.363159	1281.519531	-216.709534	893.257446	997.394409	51.166431	899.320435	994.480835	-474.568970	974.142944	757.115051	46.305661	996.157501	768.413483	-492.227966	1020.668335	908.624390	-78.651733	980.144714	921.573364	-377.145233	797.202881	917.269226	-194.366333	814.658020	1030.930664	-195.795441	1079.719604	1025.129517	-207.183838	1018.318359	574.923950	-9.541681	1084.332275	446.318359	-59.318390	1014.380310	318.752777	-21.877813	910.350647	105.929489	-103.558830	858.635437	113.083229	-165.144043	1017.992249	55.290688	-125.824631	935.506897	602.241272	-400.361603	916.538513	435.337372	-316.266418	889.020630	254.397202	-376.022156	848.304932	54.386906	-283.594330	781.152405	38.589527	-237.250198	962.863098	38.261513	-237.602112
202	2.01000000	989.576355	1314.204956	-40.406200	970.182739	1317.009644	-376.461090	897.620667	1376.387817	-196.046432	1044.045166	1280.880981	-216.274796	902.446472	997.012329	50.455719	917.746887	994.059814	-476.270813	982.292023	756.393524	46.425381	1020.523926	770.534637	-493.094635	1033.038818	908.477661	-79.413849	991.615784	920.656067	-377.640869	809.258240	917.008911	-193.889114	826.868103	1030.679810	-196.075027	1091.800293	1024.676758	-207.056671	1036.377197	575.913086	-10.840542	1105.203369	448.388123	-61.015034	1042.518555	316.733368	-22.751890	952.876648	96.887741	-103.092621	900.900513	99.721916	-164.872726	1063.936768	54.179932	-124.611130	942.500916	601.804504	-400.263245	918.911438	435.553284	-316.083679	889.994385	254.592056	-375.963104	848.390503	54.566319	-283.528107	781.185608	39.030724	-237.231064	962.936707	38.219585	-237.527557
203	2.02000000	1001.104980	1313.476807	-40.184700	983.816528	1316.222534	-376.399078	910.474304	1375.694214	-196.602905	1056.740967	1279.974121	-215.855316	911.790466	996.407104	49.895912	936.241821	993.399109	-477.819275	990.657593	755.473053	46.597698	1044.830688	772.554657	-493.845673	1045.440186	907.953308	-80.080360	1003.157959	919.494568	-378.118500	821.397034	916.518555	-193.441055	839.113647	1030.166504	-196.224564	1103.905273	1023.963745	-206.950775	1053.724609	576.593262	-12.336979	1125.085815	450.049683	-62.749187	1070.453125	314.574982	-23.620314	996.121704	88.508453	-102.644569	944.062683	87.138138	-164.514008	1109.973145	53.884022	-123.722092	948.856384	601.348633	-400.242920	921.113342	435.853699	-315.932953	890.811646	254.876648	-375.933258	848.441284	54.823650	-283.392670	781.183044	39.584126	-237.072922	963.003784	38.179932	-237.455811
204	2.03000000	1012.781677	1312.439575	-39.972996	997.413635	1315.092529	-376.254150	923.335571	1374.737427	-197.062271	1069.449585	1278.803101	-215.461914	921.331055	995.591492	49.485653	954.807861	992.515747	-479.205109	999.253326	754.356781	46.836364	1069.050293	774.462555	-494.474258	1057.879028	907.071899	-80.658684	1014.784241	918.138367	-378.572937	833.630737	915.794678	-193.015076	851.394348	1029.392090	-196.250198	1116.051025	1022.967468	-206.846039	1070.286499	576.909424	-14.039243	1143.980347	451.256104	-64.505760	1098.137817	312.338745	-24.493073	1039.813965	81.015892	-102.282288	987.834534	75.621124	-164.153931	1155.844116	54.470367	-123.232399	954.578186	600.923157	-400.313599	923.186707	436.258484	-315.819305	891.468323	255.264481	-375.921997	848.455322	55.184975	-283.163269	781.165466	40.280396	-236.748337	963.061462	38.140854	-237.373398
205	2.04000000	1024.627319	1311.107300	-39.773636	1010.960144	1313.631592	-376.028290	936.194763	1373.523804	-197.415009	1082.170654	1277.375977	-215.102966	931.100098	994.578735	49.221676	973.440796	991.432007	-480.421448	1008.088165	753.049927	47.152396	1093.154053	776.253113	-494.971664	1070.364258	905.869812	-81.159737	1026.499146	916.638855	-378.999786	845.964111	914.832153	-192.599869	863.709961	1028.362061	-196.159775	1128.260254	1021.675354	-206.723221	1086.016724	576.805420	-15.930002	1161.915649	451.976532	-66.283363	1125.477417	310.094482	-25.394615	1083.598633	74.600700	-102.071236	1031.855347	65.427765	-163.883926	1201.229980	55.945675	-123.154114	959.730652	600.567139	-400.481537	925.223267	436.775482	-315.743927	892.000671	255.765930	-375.910400	848.440125	55.672783	-282.822998	781.160461	41.144981	-236.242188	963.107727	38.103947	-237.268204
206	2.05000000	1036.656616	1309.501587	-39.587582	1024.445435	1311.862305	-375.728363	949.045044	1372.066040	-197.655014	1094.904175	1275.707031	-214.784195	941.118408	993.380493	49.098534	992.128418	990.175720	-481.462677	1017.168732	751.558533	47.553758	1117.110168	777.929352	-495.329254	1082.909546	904.396240	-81.593994	1038.297241	915.043518	-379.396210	858.398254	913.627747	-192.182358	876.062805	1027.086060	-195.960449	1140.555542	1020.091797	-206.566513	1100.905029	576.227478	-17.955877	1178.942871	452.200287	-68.095108	1152.313965	307.917450	-26.365997	1127.040527	69.401794	-102.068520	1075.695923	56.757256	-163.795654	1245.756958	58.251663	-123.435326	964.442993	600.308655	-400.741791	927.358704	437.396362	-315.704132	892.487427	256.388306	-375.878296	848.410400	56.304104	-282.367401	781.193848	42.197968	-235.556763	963.145264	38.073196	-237.134933
207	2.06000000	1048.879028	1307.650391	-39.415466	1037.862549	1309.818726	-375.365051	961.883423	1370.383789	-197.780411	1107.651001	1273.816772	-214.508194	951.400208	992.007202	49.107807	1010.848755	988.780151	-482.324280	1026.501617	749.891449	48.046109	1140.883423	779.503204	-495.538956	1095.535767	902.708618	-81.968117	1050.164551	913.391541	-379.764648	870.935364	912.183899	-191.750519	888.460754	1025.579956	-195.656693	1152.955444	1018.241455	-206.365952	1114.990845	575.134583	-20.021999	1195.135986	451.937653	-69.961487	1178.424316	305.879272	-27.460447	1169.638672	65.486366	-102.318100	1118.870239	49.723988	-163.976501	1289.013550	61.276089	-123.977570	968.904907	600.160461	-401.076263	929.757751	438.094421	-315.693878	893.044006	257.134186	-375.816315	848.386780	57.090141	-281.811127	781.284973	43.454884	-234.721802	963.182434	38.050705	-236.978165
208	2.07000000	1061.299438	1305.588135	-39.258015	1051.208008	1307.545410	-374.951538	974.711304	1368.505249	-197.794693	1120.412354	1271.731934	-214.272995	961.958557	990.470337	49.238361	1029.568115	987.282227	-483.004089	1036.094757	748.062225	48.633409	1164.434204	780.994446	-495.593246	1108.268066	900.866455	-82.286903	1062.083130	911.713196	-380.113617	883.580811	910.511719	-191.295258	900.919678	1023.866821	-195.250137	1165.473633	1016.169067	-206.118500	1128.368164	573.507996	-22.003933	1210.598877	451.216400	-71.899094	1203.533813	304.029724	-28.736279	1210.857788	62.834755	-102.846138	1160.853394	44.337170	-164.501282	1330.569824	64.868538	-124.669670	973.350952	600.114929	-401.457458	932.594421	438.825378	-315.707153	893.804565	257.997742	-375.733856	848.397522	58.034336	-281.195068	781.446472	44.925549	-233.800781	963.231262	38.033958	-236.812378
209	2.08000000	1073.915894	1303.355225	-39.114674	1064.482666	1305.096558	-374.501587	987.534241	1366.465820	-197.706573	1133.192383	1269.486694	-214.071701	972.809021	988.783813	49.478191	1048.240845	985.721069	-483.502563	1045.956482	746.086792	49.317486	1187.719238	782.429718	-495.485825	1121.129639	898.924561	-82.557648	1074.042725	910.028687	-380.449738	896.343506	908.632202	-190.810028	913.463379	1021.974426	-194.741333	1178.118774	1013.935059	-205.827515	1141.170532	571.348145	-23.785006	1225.467163	450.076630	-73.913559	1227.357544	302.373230	-30.246895	1250.170654	61.335346	-103.663353	1201.108032	40.492123	-165.424240	1370.000488	68.847420	-125.425911	978.034424	600.142151	-401.856018	936.030273	439.532837	-315.741730	894.898499	258.962158	-375.658600	848.478882	59.129944	-280.586304	781.686157	46.614090	-232.885223	963.304688	38.017998	-236.658859
210	2.09000000	1086.719238	1300.995728	-38.981480	1077.692261	1302.534058	-374.027771	1000.360901	1364.306152	-197.527267	1146.000000	1267.123047	-213.893692	983.972229	986.965332	49.817059	1066.810913	984.136047	-483.822601	1056.094666	743.979645	50.097952	1210.692017	783.840607	-495.212601	1134.140381	896.929871	-82.789886	1086.049927	908.348816	-380.771454	909.238342	906.572998	-190.286652	926.122070	1019.931641	-194.132431	1190.895020	1011.606628	-205.501770	1153.531006	568.661011	-25.310083	1239.899048	448.567535	-76.000862	1249.662354	300.856781	-32.029716	1287.092896	60.788734	-104.780006	1239.114624	37.975323	-166.778458	1406.905518	73.001091	-126.215454	983.196960	600.193848	-402.247589	940.196838	440.157837	-315.801117	896.433228	260.002106	-375.628754	848.668518	60.362030	-280.064087	782.008728	48.522861	-232.077484	963.413452	37.999866	-236.540588
211	2.10000000	1099.693848	1298.554810	-38.849522	1090.844971	1299.924683	-373.538544	1013.201721	1362.067627	-197.266815	1158.848022	1264.687866	-213.725922	995.472229	985.037415	50.247520	1085.212646	982.563660	-483.970428	1066.516724	741.754913	50.973544	1233.304993	785.261566	-494.771423	1147.320190	894.921082	-82.992645	1098.128052	906.676392	-381.073944	922.289001	904.366150	-189.711884	938.929504	1017.767456	-193.429596	1203.803467	1009.248535	-205.154724	1165.547119	565.454651	-26.622999	1254.054443	446.747314	-78.154381	1270.320923	299.381256	-34.101204	1321.206665	60.921738	-106.221039	1274.404175	36.483349	-168.582733	1440.930054	77.091003	-127.073898	989.041443	600.211975	-402.618347	945.184204	440.650238	-315.894012	898.489258	261.091583	-375.681885	848.997437	61.716587	-279.698669	782.418091	50.658772	-231.469208	963.565308	37.982021	-236.477951
212	2.11000000	1112.821411	1296.075806	-38.704311	1103.951782	1297.337158	-373.036224	1026.068970	1359.788818	-196.931458	1171.752197	1262.230591	-213.552460	1007.332336	983.025879	50.763809	1103.373291	981.034668	-483.956665	1077.231567	739.430145	51.943336	1255.510681	786.726166	-494.162781	1160.688965	892.926636	-83.175499	1110.310913	905.009705	-381.356903	935.524841	902.049072	-189.070786	951.919189	1015.511414	-192.643188	1216.844604	1006.916321	-204.803101	1177.283691	561.763306	-27.854208	1268.072510	444.683136	-80.371414	1289.335083	297.829803	-36.457764	1352.183105	61.412228	-108.029007	1306.588867	35.661098	-170.851334	1471.788330	80.852470	-128.093048	995.716248	600.140015	-402.968353	951.036560	440.978271	-316.032043	901.124756	262.211639	-375.844635	849.486938	63.192619	-279.536957	782.920410	53.038494	-231.123062	963.767029	37.974178	-236.484650
213	2.12000000	1126.084839	1293.599854	-38.526073	1117.025269	1294.837036	-372.516602	1038.976562	1357.503662	-196.522095	1184.728760	1259.799805	-213.354355	1019.571350	980.957520	51.360546	1121.217163	979.571960	-483.796600	1088.248230	737.027100	53.006984	1277.263123	788.264465	-493.390533	1174.265747	890.964172	-83.351463	1122.640259	903.345825	-381.624939	948.975098	899.666931	-188.352875	965.121460	1013.194092	-191.786880	1230.019897	1004.653992	-204.464676	1188.822876	557.685852	-29.159325	1282.054810	442.447723	-82.652550	1306.827148	296.096283	-39.076977	1379.804321	61.923752	-110.255089	1335.383179	35.159283	-173.596588	1499.293457	83.991295	-129.394119	1003.309448	599.934753	-403.310699	957.756287	441.133331	-316.225525	904.379883	263.355560	-376.130554	850.150085	64.808418	-279.599213	783.526978	55.690002	-231.064560	964.026550	37.992901	-236.563751
214	2.13000000	1139.470215	1291.164062	-38.291241	1130.078979	1292.482910	-371.970428	1051.939209	1355.239746	-196.032791	1197.793213	1257.442505	-213.111816	1032.200562	978.857483	52.032227	1138.671265	978.190308	-483.508148	1099.578186	734.572113	54.165941	1298.517212	789.899719	-492.460953	1188.072754	889.043518	-83.536980	1135.164307	901.683594	-381.883453	962.664246	897.270813	-187.555786	978.564453	1010.845581	-190.877975	1243.334351	1002.494507	-204.156830	1200.323120	553.410522	-30.644203	1296.052002	440.111786	-84.993729	1323.000854	294.106842	-41.921539	1403.976074	62.148190	-112.939758	1360.616455	34.692436	-176.813934	1523.379272	86.194939	-131.098923	1011.851135	599.572937	-403.666077	965.315186	441.126648	-316.478607	908.275513	264.530182	-376.543030	850.994690	66.597893	-279.883118	784.255310	58.649948	-231.286392	964.353455	38.056931	-236.707138
215	2.14000000	1152.968506	1288.800903	-37.975281	1143.125244	1290.323486	-371.386566	1064.971680	1353.020508	-195.449600	1210.960571	1255.203491	-212.807220	1045.221191	976.749084	52.772648	1155.671265	976.897949	-483.109497	1111.237488	732.096161	55.423890	1319.227539	791.647003	-491.381836	1202.137085	887.170349	-83.749176	1147.934082	900.025391	-382.134583	976.609619	894.915222	-186.685593	992.272888	1008.495667	-189.938690	1256.800171	1000.462646	-203.895020	1212.030151	549.209900	-32.315834	1310.057373	437.731750	-87.378746	1338.082031	291.832092	-44.949837	1424.729736	61.851395	-116.087044	1382.233398	34.076618	-180.454590	1544.101807	87.174576	-133.308563	1021.322998	599.052063	-404.054535	973.668152	440.980438	-316.787628	912.810486	265.752136	-377.076569	852.028625	68.600754	-280.370575	785.129028	61.959003	-231.760727	964.756409	38.179245	-236.899963
216	2.15000000	1166.576050	1286.536255	-37.556229	1156.176758	1288.395874	-370.754791	1078.087769	1350.869995	-194.751801	1224.245728	1253.126465	-212.426636	1058.625610	974.654358	53.574314	1172.166870	975.700012	-482.616760	1123.241516	729.631989	56.782188	1339.348511	793.512878	-490.163742	1216.484131	885.348450	-84.001526	1160.998169	898.376709	-382.375122	990.819275	892.654846	-185.755371	1006.261536	1006.176331	-188.997223	1270.441406	998.580566	-203.690323	1224.218506	545.399231	-34.078785	1324.010864	435.340393	-89.777977	1352.261597	289.289612	-48.126217	1442.211304	60.913036	-119.641548	1400.288574	33.244888	-184.401550	1561.625488	86.722710	-136.086731	1031.674683	598.385193	-404.487244	982.762878	440.719574	-317.143188	917.963257	267.042175	-377.716736	853.266968	70.853020	-281.034882	786.179993	65.658333	-232.451584	965.240051	38.361130	-237.125916
217	2.16000000	1180.295654	1284.392090	-37.017082	1169.249390	1286.727905	-370.067017	1091.300781	1348.817017	-193.916519	1237.663330	1251.253906	-211.959747	1072.398193	972.594666	54.428280	1188.124634	974.603516	-482.043732	1135.594543	727.208832	58.233898	1358.833435	795.495270	-488.820679	1231.127319	883.583740	-84.297752	1174.396851	896.743042	-382.595367	1005.285767	890.544861	-184.785675	1020.528748	1003.926819	-188.087326	1284.292969	996.873413	-203.546875	1237.099487	542.264160	-35.780651	1337.824463	432.954987	-92.150383	1365.675781	286.549133	-51.417774	1456.667114	59.351337	-123.475700	1414.939209	32.246971	-188.461227	1576.202881	84.756363	-139.440887	1042.838257	597.595154	-404.961823	992.547546	440.368469	-317.533630	923.699585	268.421631	-378.444550	854.735168	73.382942	-281.846313	787.451416	69.788757	-233.322739	965.803650	38.590973	-237.369888
218	2.17000000	1194.135010	1282.388306	-36.346802	1182.365723	1285.343506	-369.317810	1104.625244	1346.901489	-192.924973	1251.226318	1249.627319	-211.399475	1086.518188	970.592224	55.324459	1203.529419	973.620789	-481.401855	1148.289795	724.853485	59.764086	1377.633545	797.581055	-487.369934	1246.060059	881.890808	-84.626892	1188.158936	895.128723	-382.778229	1019.977478	888.641724	-183.806870	1035.053833	1001.797119	-187.247482	1298.393921	995.372986	-203.460709	1250.750366	539.981628	-37.290997	1351.428467	430.610016	-94.443245	1378.441040	283.748260	-54.773022	1468.425049	57.323006	-127.392128	1426.441406	31.229515	-192.378052	1588.154297	81.336510	-143.302292	1054.737671	596.711304	-405.461823	1002.977844	439.952362	-317.948090	929.984192	269.910706	-379.242645	856.468445	76.213158	-282.777954	789.003418	74.391655	-234.340729	966.442139	38.845798	-237.618576
219	2.18000000	1208.103027	1280.547363	-35.541283	1195.556152	1284.267456	-368.504883	1118.079590	1345.178345	-191.767365	1264.946777	1248.288086	-210.741379	1100.962769	968.675354	56.251507	1218.385010	972.772888	-480.699554	1161.321594	722.598419	61.355152	1395.697876	799.744751	-485.832703	1261.245117	880.299988	-84.961891	1202.298706	893.540283	-382.898560	1034.835815	887.003540	-182.859253	1049.794922	999.852295	-186.522781	1312.778931	994.119446	-203.419373	1265.101562	538.580322	-38.565182	1364.822510	428.398743	-96.590553	1390.715576	281.102875	-58.094986	1477.869629	55.089661	-131.145020	1435.148193	30.387579	-195.873428	1597.841064	76.673340	-147.514816	1067.295776	595.766907	-405.957977	1014.023682	439.497925	-318.378876	936.793152	271.527039	-380.099640	858.513916	79.365204	-283.810455	790.918152	79.510300	-235.475433	967.149536	39.094841	-237.861343
220	2.19000000	1222.207397	1278.897583	-34.605087	1208.860596	1283.527832	-367.629089	1131.687744	1343.717896	-190.445343	1278.834473	1247.276978	-209.982391	1115.712769	966.883667	57.195606	1232.712769	972.093201	-479.941925	1174.695068	720.489197	62.990934	1412.975159	801.949127	-484.233917	1276.607788	878.863647	-85.260010	1216.811401	891.991821	-382.923615	1049.784058	885.688904	-181.990738	1064.687256	998.174316	-185.967865	1327.468384	993.160400	-203.402328	1279.975586	537.972961	-39.640747	1378.109375	426.494720	-98.514091	1402.738525	278.886993	-61.225651	1485.406738	52.949547	-134.482407	1441.494263	29.892303	-198.704483	1605.627319	71.119415	-151.842575	1080.440552	594.797180	-406.413391	1025.677368	439.030548	-318.824005	944.126770	273.283783	-381.011261	860.934387	82.863052	-284.933929	793.306458	85.190872	-236.700333	967.923706	39.305542	-238.092545
221	2.20000000	1236.452637	1277.477417	-33.553341	1222.327148	1283.156372	-366.693085	1145.475830	1342.599731	-188.974808	1292.893799	1246.631226	-209.119354	1130.754883	965.271484	58.139633	1246.548462	971.628784	-479.132385	1188.421936	718.585022	64.656273	1429.415771	804.147369	-482.599503	1292.042847	877.663513	-85.462051	1231.669312	890.508789	-382.813660	1064.745605	884.753052	-181.254089	1079.647583	996.855713	-185.644211	1342.455444	992.546448	-203.384583	1295.166748	538.039062	-40.566830	1391.492310	425.129578	-100.130829	1414.810181	277.367523	-63.951881	1491.414795	51.148930	-137.204346	1445.956543	29.824251	-200.727036	1611.831421	65.132515	-156.002899	1094.110840	593.836060	-406.793518	1037.961670	438.567383	-319.290131	952.021667	275.187469	-381.980743	863.811707	86.734207	-286.146698	796.310913	91.481369	-237.990326	968.771545	39.451153	-238.314560
222	2.21000000	1250.837769	1276.335205	-32.411583	1236.007446	1283.184204	-365.697937	1159.466309	1341.898560	-187.388077	1307.120972	1246.379272	-208.149414	1146.082031	963.904602	59.063976	1259.936157	971.436890	-478.275970	1202.510193	716.952972	66.333181	1444.976868	806.284393	-480.953156	1307.438599	876.815369	-85.493896	1246.822876	889.128967	-382.523041	1079.663208	884.239319	-180.702148	1094.591064	995.981323	-185.606827	1357.694702	992.321716	-203.343353	1310.538208	538.701904	-41.319065	1405.218140	424.522736	-101.369354	1427.213379	276.699341	-66.047028	1496.198975	49.811634	-139.213516	1448.999756	30.152569	-201.930176	1616.704346	59.191113	-159.722824	1108.259277	592.909241	-407.075439	1050.936768	438.107941	-319.793640	960.560852	277.236237	-383.017761	867.249146	91.007294	-287.452087	800.105835	98.426674	-239.318222	969.715210	39.518967	-238.539352
223	2.22000000	1265.352539	1275.526611	-31.212559	1249.948486	1283.635498	-364.639130	1173.666504	1341.666382	-185.732086	1321.502319	1246.535034	-207.072342	1161.686646	962.852112	59.949558	1272.924438	971.574158	-477.380493	1216.961121	715.662170	67.998535	1459.627014	808.298370	-479.314651	1322.704834	876.462219	-85.278183	1262.204102	887.897400	-382.005341	1094.505859	884.165955	-180.379089	1109.453979	995.606201	-185.880661	1373.098755	992.510986	-203.264420	1326.095093	539.962463	-41.757740	1419.455566	424.784241	-102.192734	1440.092407	276.832733	-67.352631	1499.984741	48.930164	-140.526657	1451.031982	30.770073	-202.419373	1620.451782	53.695675	-162.800797	1122.854492	592.027283	-407.253632	1064.699097	437.626862	-320.357971	969.871887	279.418213	-384.135651	871.371521	95.706367	-288.856720	804.891846	106.060547	-240.655945	970.794495	39.516205	-238.787933
224	2.23000000	1279.975464	1275.106445	-29.992199	1264.179932	1284.518799	-363.508179	1188.058716	1341.919189	-184.062561	1336.013306	1247.093750	-205.893478	1177.552246	962.176270	60.782776	1285.562744	972.083252	-476.456116	1231.777710	714.779114	69.626320	1473.352783	810.125214	-477.699265	1337.789795	876.747620	-84.755943	1277.729370	886.856323	-381.223450	1109.258911	884.518494	-180.308884	1124.208618	995.744446	-186.437607	1388.547729	993.107239	-203.143997	1341.968872	541.879028	-41.660728	1434.149658	425.837280	-102.615807	1453.327515	277.516357	-67.853439	1502.949585	48.415501	-141.244736	1452.382202	31.547581	-202.363434	1623.268433	48.920052	-165.146835	1137.882568	591.181885	-407.343140	1079.370605	437.073364	-321.011444	980.110107	281.711365	-385.347015	876.322876	100.843170	-290.372620	810.884888	114.396393	-241.985336	972.067749	39.472031	-239.086273
225	2.24000000	1294.672729	1275.120239	-28.785686	1278.699463	1285.816895	-362.300110	1202.597778	1342.636841	-182.434677	1350.618896	1248.032959	-204.626678	1193.647705	961.923828	61.559612	1297.898315	972.981934	-475.516083	1246.971863	714.360504	71.191053	1486.164307	811.705292	-476.118134	1352.680176	877.774414	-83.907089	1293.304077	886.036072	-380.161102	1123.909546	885.255127	-180.483063	1138.858398	996.374756	-187.192154	1403.909546	994.069641	-202.986984	1358.290771	544.497437	-40.824551	1448.957764	427.418152	-102.699860	1466.485962	278.406982	-67.678200	1505.249634	48.156380	-141.509827	1453.293457	32.369030	-201.942719	1625.345703	45.017742	-166.789459	1153.347290	590.345703	-407.377686	1095.077271	436.377594	-321.785553	991.434998	284.089691	-386.660278	882.263062	106.411110	-292.021057	818.296875	123.416641	-243.314148	973.617126	39.440697	-239.459473
226	2.25000000	1309.403809	1275.594238	-27.622601	1293.465820	1287.483765	-361.021057	1217.220947	1343.773926	-180.894241	1365.275879	1249.317505	-203.297012	1209.925171	962.119507	62.285904	1309.973022	974.257446	-474.575836	1262.561157	714.444122	72.668839	1498.096924	812.991119	-474.580307	1367.389282	879.567871	-82.760498	1308.827026	885.449524	-378.831604	1138.437866	886.322998	-180.852676	1153.417969	997.454407	-188.025436	1419.066162	995.333984	-202.804321	1375.012451	547.764221	-39.184170	1463.329346	429.168945	-102.520218	1478.924561	279.204926	-67.026657	1507.018188	48.053204	-141.469467	1453.925171	33.143555	-201.319611	1626.853760	42.035637	-167.848648	1169.264771	589.478516	-407.400818	1111.926025	435.463837	-322.710205	1003.989258	286.534668	-388.081146	889.358093	112.383484	-293.832184	827.308716	133.062729	-244.687943	975.563965	39.510204	-239.927704
227	2.26000000	1324.128540	1276.530273	-26.523617	1308.400757	1289.450073	-359.691467	1231.863159	1345.271362	-179.473465	1379.936768	1250.906006	-201.942032	1226.324341	962.762756	62.975414	1321.818359	975.868896	-473.648254	1278.562439	715.041504	74.037710	1509.208008	813.953308	-473.095932	1381.934937	882.062134	-81.393211	1324.190552	885.090515	-377.282104	1152.817505	887.673645	-181.328934	1167.890503	998.930115	-188.823120	1433.933838	996.828674	-202.610611	1391.787231	551.476379	-36.877987	1476.675171	430.762878	-102.133507	1490.000610	279.740875	-66.088928	1508.353027	48.027584	-141.250946	1454.365601	33.808601	-200.625168	1627.926270	39.921066	-168.481491	1185.649780	588.539001	-407.454132	1129.981934	434.270996	-323.808441	1017.876648	289.046692	-389.616760	897.763916	118.714424	-295.833099	838.040039	143.228714	-246.190552	978.090088	39.811653	-240.503235
228	2.27000000	1338.814453	1277.904541	-25.501484	1323.401733	1291.635742	-358.344208	1246.469849	1347.064331	-178.190292	1394.554932	1252.753662	-200.609375	1242.780884	963.828430	63.648365	1333.452393	977.754761	-472.740143	1294.987244	716.137390	75.279194	1519.569458	814.582489	-471.678726	1396.320801	885.116089	-79.918495	1339.282959	884.937805	-375.589691	1167.021240	889.268250	-181.794754	1182.255371	1000.742615	-189.499832	1448.468872	998.485229	-202.421509	1408.010132	555.310791	-34.214554	1488.519531	431.984711	-101.570007	1499.264648	279.990356	-65.008286	1509.317505	48.022861	-140.947113	1454.656250	34.331528	-199.950989	1628.658569	38.543079	-168.825958	1202.501709	587.497314	-407.564880	1149.253784	432.773163	-325.094574	1033.140991	291.652344	-391.276581	907.615540	125.339828	-298.027649	850.526184	153.760773	-247.928604	981.460388	40.519016	-241.187973
229	2.28000000	1353.441162	1279.669678	-24.564615	1338.358398	1293.962280	-357.019043	1261.002686	1349.086182	-177.048691	1409.088379	1254.811157	-199.350250	1259.232178	965.270447	64.328064	1344.879272	979.840881	-471.852570	1311.838867	717.693665	76.379559	1529.257446	814.886688	-470.346695	1410.532715	888.547913	-78.462303	1353.998413	884.965637	-373.849731	1181.027710	891.074524	-182.125671	1196.473267	1002.827637	-190.000977	1462.663330	1000.240417	-202.251785	1423.013672	558.919983	-31.563637	1498.586182	432.741638	-100.845085	1506.549316	280.026001	-63.885567	1509.956543	48.004143	-140.614349	1454.818481	34.707607	-199.347137	1629.119019	37.731453	-168.975449	1219.793701	586.346130	-407.738129	1169.693848	430.993225	-326.574738	1049.762817	294.396851	-393.069916	919.025879	132.180344	-300.378998	864.714600	164.463928	-249.996719	986.036438	41.828617	-241.976257
230	2.29000000	1367.999390	1281.759277	-23.720131	1353.168945	1296.359741	-355.757172	1275.439331	1351.271973	-176.040359	1423.502808	1257.022217	-198.212158	1275.624878	967.027710	65.036629	1356.092773	982.047791	-470.983490	1329.109314	719.656158	77.330219	1538.344849	814.883850	-469.120651	1424.553833	892.169128	-77.137672	1368.251221	885.153137	-372.162964	1194.822876	893.059326	-182.212372	1210.503296	1005.116211	-190.295288	1476.533325	1002.033752	-202.115051	1436.298096	562.032227	-29.233574	1506.825684	433.034302	-99.974487	1511.950928	279.947021	-62.795597	1510.315430	47.955383	-140.280548	1454.871094	34.952984	-198.828842	1629.363647	37.315304	-168.988083	1237.468506	585.110107	-407.958313	1191.208252	429.007996	-328.245117	1067.682129	297.315826	-394.998871	932.083374	139.145508	-302.806610	880.487305	175.110260	-252.425659	992.263000	43.911362	-242.869720
231	2.30000000	1382.487793	1284.092896	-22.974785	1367.751831	1298.769165	-354.597687	1289.769043	1353.561279	-175.149185	1437.773804	1259.324219	-197.233261	1291.923340	969.030151	65.794189	1367.080688	984.296570	-470.128571	1346.779419	721.961609	78.128441	1546.895203	814.592651	-468.020508	1438.380615	895.805237	-76.027336	1381.985718	885.487976	-370.626801	1208.399658	895.183105	-181.975906	1224.318115	1007.537292	-190.369537	1490.108765	1003.808044	-202.024429	1447.656860	564.507446	-27.392677	1513.394531	432.926086	-98.988052	1515.748291	279.830688	-61.797939	1510.447266	47.872631	-139.958328	1454.835815	35.095753	-198.389343	1629.444214	37.147602	-168.904144	1255.443115	583.853149	-408.199371	1213.671875	426.948059	-330.085388	1086.830811	300.404022	-397.047455	946.842224	146.131470	-305.202271	897.702515	185.442322	-255.134460	1000.614563	46.845753	-243.897675
232	2.31000000	1396.908447	1286.583496	-22.334496	1382.051880	1301.141357	-353.574768	1303.988525	1355.900269	-174.359299	1451.887695	1261.653076	-196.439728	1308.114746	971.205933	66.619301	1377.828491	986.513367	-469.281342	1364.822327	724.543854	78.777218	1554.959412	814.026733	-467.060547	1452.029541	899.304138	-75.175980	1395.179810	885.967529	-369.329529	1221.759888	897.400635	-181.372711	1237.909424	1010.022400	-190.224121	1503.426270	1005.517395	-201.990768	1457.161133	566.348694	-26.062153	1518.598877	432.522980	-97.938133	1518.317261	279.716705	-60.941811	1510.410767	47.758717	-139.657227	1454.737549	35.168350	-198.013519	1629.410400	37.114769	-168.755508	1273.620850	582.677673	-408.435669	1236.942871	424.990112	-332.054230	1107.152832	303.604584	-399.172516	963.312866	153.010513	-307.457855	916.239136	195.177475	-257.922272	1011.514832	50.563801	-245.118378
233	2.32000000	1411.264526	1289.146851	-21.803883	1396.039307	1303.434326	-352.714111	1318.099243	1358.242554	-173.661514	1465.838867	1263.949463	-195.844193	1324.203979	973.488892	67.526039	1388.323975	988.632690	-468.434326	1383.208069	727.339935	79.284016	1562.574890	813.194092	-466.245667	1465.533691	902.541382	-74.590630	1407.842041	886.599976	-368.343262	1234.917114	899.667236	-180.393585	1251.287109	1012.511230	-189.867874	1516.524170	1007.136963	-202.018646	1465.072876	567.678650	-25.160954	1522.814575	431.955719	-96.897163	1520.064087	279.613800	-60.263405	1510.265503	47.621109	-139.389069	1454.601685	35.201729	-197.687775	1629.309204	37.136486	-168.571976	1291.907227	581.709656	-408.647858	1260.874512	423.335083	-334.093018	1128.600952	306.822205	-401.303619	981.467834	159.620926	-309.489441	936.018066	204.022934	-260.520172	1025.259521	54.844826	-246.590668
234	2.33000000	1425.558838	1291.709961	-21.385683	1409.705322	1305.614624	-352.029968	1332.103760	1360.550659	-173.053253	1479.627197	1266.164062	-195.445007	1340.204712	975.821167	68.519997	1398.560669	990.601685	-467.580139	1401.906067	730.294403	79.659151	1569.767456	812.099976	-465.571594	1478.933472	905.426331	-74.246674	1420.010132	887.402588	-367.714111	1247.897095	901.946838	-179.060898	1264.475464	1014.957520	-189.314484	1529.436401	1008.668213	-202.103714	1471.763428	568.686523	-24.560101	1526.410156	431.355988	-95.944160	1521.372925	279.512604	-59.776192	1510.067871	47.470200	-139.164841	1454.451294	35.221249	-197.403351	1629.182617	37.161125	-168.384171	1310.224731	581.069641	-408.822784	1285.323486	422.169525	-336.138794	1151.118408	309.945892	-403.352264	1001.259644	165.766632	-311.245422	956.993347	211.703354	-262.678864	1041.974731	59.360188	-248.340683
235	2.34000000	1439.793701	1294.215576	-21.079248	1423.057617	1307.658569	-351.525085	1346.002197	1362.799194	-172.534348	1493.256470	1268.261475	-195.226761	1356.131714	978.153259	69.597862	1408.540771	992.383606	-466.711029	1420.884521	733.362152	79.913433	1576.554443	810.751221	-465.027649	1492.264282	907.908020	-74.098427	1431.747437	888.396179	-367.453094	1260.732300	904.216492	-177.425568	1277.506592	1017.331482	-188.580902	1542.189331	1010.135315	-202.232941	1477.655029	569.561890	-24.125893	1529.691040	430.829590	-95.146652	1522.560181	279.399780	-59.463932	1509.865723	47.317097	-138.988617	1454.303345	35.245174	-197.154327	1629.063110	37.160221	-168.218597	1328.524780	580.840149	-408.952057	1310.158325	421.621613	-338.138702	1174.622559	312.863892	-405.228088	1022.634155	171.231140	-312.700256	979.132874	217.991699	-264.239075	1061.624512	63.743507	-250.351013
236	2.35000000	1453.970581	1296.623413	-20.878651	1436.116211	1309.552856	-351.192596	1359.792236	1364.973999	-172.103790	1506.733521	1270.220337	-195.162842	1371.999634	980.444702	70.750626	1418.272827	993.958984	-465.817139	1440.108704	736.508972	80.055807	1582.947449	809.159210	-464.598206	1505.539917	909.972107	-74.094589	1443.137695	889.597656	-367.531891	1273.452637	906.466370	-175.562881	1290.413086	1019.617126	-187.686829	1554.802368	1011.573364	-202.387741	1483.164917	570.441101	-23.753914	1532.876831	430.438171	-94.545593	1523.844849	279.270447	-59.284092	1509.692749	47.171879	-138.855896	1454.167969	35.285656	-196.934341	1628.971680	37.122818	-168.091599	1346.797729	581.043457	-409.030853	1335.267822	421.732666	-340.057007	1199.006714	315.462067	-406.859070	1045.528564	175.803162	-313.846039	1002.401917	222.726410	-265.151245	1084.057861	67.660873	-252.570450
237	2.36000000	1468.089233	1298.906250	-20.771925	1448.909302	1311.293945	-351.017731	1373.472534	1367.066406	-171.757706	1520.067993	1272.030640	-195.219482	1387.824219	982.665894	71.966629	1427.769531	995.324524	-464.888855	1459.540466	739.709503	80.092548	1588.953003	807.341217	-464.263000	1518.741943	911.630676	-74.191315	1454.279663	891.014526	-367.884705	1286.080078	908.694580	-173.566711	1303.221558	1021.807556	-186.654907	1567.292847	1013.013611	-202.548828	1488.652832	571.385681	-23.389046	1536.103760	430.196960	-94.148071	1525.347046	279.130951	-59.181999	1509.566772	47.042564	-138.756805	1454.050781	35.350681	-196.735992	1628.918823	37.050266	-168.009521	1365.071899	581.642029	-409.058563	1360.564087	422.459991	-341.871338	1224.159912	317.621918	-408.209656	1069.862915	179.301910	-314.688599	1026.750122	225.807663	-265.452972	1109.065796	70.861572	-254.931381
238	2.37000000	1482.146362	1301.046753	-20.742163	1461.469604	1312.884888	-350.978180	1387.043579	1369.068604	-171.486603	1533.270752	1273.690674	-195.360931	1403.624512	984.797241	73.233482	1437.046265	996.491638	-463.920929	1479.138428	742.942719	80.027525	1594.574524	805.320312	-463.997925	1531.829590	912.915344	-74.351158	1465.282104	892.643494	-368.415680	1298.625854	910.898254	-171.542542	1315.950439	1023.900879	-185.512741	1579.679443	1014.470764	-202.700958	1494.392090	572.394409	-23.019098	1539.438599	430.086304	-93.931915	1527.105103	278.989502	-59.109684	1509.491821	46.934589	-138.680283	1453.955444	35.445389	-196.552795	1628.908447	36.952324	-167.972626	1383.395874	582.558228	-409.038605	1385.974854	423.707031	-343.563843	1249.981812	319.240906	-409.287262	1095.540527	181.594101	-315.247772	1052.108765	227.184280	-265.233704	1136.425049	73.197510	-257.370819
239	2.38000000	1496.137329	1303.033081	-20.770142	1473.831177	1314.332397	-351.045624	1400.506470	1370.969604	-171.273056	1546.352783	1275.202881	-195.553589	1419.421997	986.825867	74.540123	1446.119263	997.481812	-462.911896	1498.860596	746.188843	79.863157	1599.814270	803.124207	-463.775574	1544.762817	913.874878	-74.532051	1476.260864	894.471924	-369.009888	1311.091553	913.064941	-169.599503	1328.610962	1025.894897	-184.295151	1591.981567	1015.935364	-202.835846	1500.569336	573.435730	-22.648125	1542.892090	430.068420	-93.861038	1529.094604	278.848816	-59.038647	1509.463867	46.850506	-138.616913	1453.883301	35.571693	-196.380356	1628.940430	36.843460	-167.978043	1401.813721	583.697998	-408.977478	1411.429688	425.360199	-345.115662	1276.376465	320.266663	-410.132690	1122.459106	182.600281	-315.558014	1078.404053	226.843399	-264.607086	1165.922607	74.617233	-259.849762
240	2.39000000	1510.057739	1304.855957	-20.837593	1486.026611	1315.644653	-351.189301	1413.861694	1372.752930	-171.091965	1559.324707	1276.569824	-195.769257	1435.235596	988.741943	75.877556	1455.002930	998.321472	-461.860962	1518.670898	749.429535	79.603001	1604.674683	800.784912	-463.565720	1557.516479	914.570923	-74.680992	1487.335205	896.476746	-369.547699	1323.473877	915.165833	-167.842575	1341.208862	1027.782837	-183.043961	1604.217407	1017.373962	-202.951813	1507.295288	574.477234	-22.275604	1546.432129	430.102509	-93.900787	1531.241089	278.711121	-58.960106	1509.474487	46.790192	-138.561066	1453.833496	35.727386	-196.216003	1629.010132	36.736343	-168.018295	1420.350830	584.970032	-408.882355	1436.851562	427.312775	-346.505951	1303.237427	320.711823	-410.797943	1150.523438	182.291855	-315.664490	1105.574097	224.803848	-263.692291	1197.366455	75.150558	-262.362518
241	2.40000000	1523.904419	1306.506714	-20.929356	1498.086914	1316.829346	-351.379944	1427.109497	1374.396240	-170.912460	1572.197266	1277.789673	-195.988388	1451.078125	990.534363	77.237312	1463.709717	999.037659	-460.770599	1538.544434	752.648193	79.254368	1609.162231	798.338959	-463.338440	1570.076904	915.068787	-74.737724	1498.613281	898.619141	-369.922211	1335.768677	917.153809	-166.364670	1353.746704	1029.549194	-181.804199	1616.402466	1018.735779	-203.051498	1514.611694	575.496765	-21.896933	1549.998047	430.155060	-94.024521	1533.435669	278.586334	-58.877258	1509.513550	46.751816	-138.511322	1453.803955	35.906776	-196.059174	1629.106567	36.635239	-168.079681	1439.012451	586.298157	-408.759979	1462.158447	429.474121	-347.712799	1330.446289	320.639374	-411.324860	1179.651733	180.682846	-315.616882	1133.579956	221.111557	-262.601074	1230.583740	74.886009	-264.926575
242	2.41000000	1537.677124	1307.975586	-21.033689	1510.040283	1317.890869	-351.592194	1440.253418	1375.873901	-170.700974	1584.980713	1278.852905	-196.202942	1466.954224	992.187927	78.609688	1472.250366	999.654907	-459.652374	1558.465332	755.828033	78.828400	1613.289368	795.825043	-463.068314	1582.438477	915.427917	-74.643448	1510.174683	900.840759	-370.054108	1347.972412	918.967224	-165.239548	1366.226807	1031.167603	-180.619247	1628.547974	1019.962830	-203.139389	1522.494263	576.476379	-21.515602	1553.517090	430.204895	-94.212814	1535.556763	278.492157	-58.798454	1509.572144	46.733036	-138.468475	1453.792114	36.102097	-195.912079	1629.215332	36.537373	-168.146896	1457.789429	587.627380	-408.618835	1487.268433	431.770477	-348.714294	1357.884888	320.134857	-411.736786	1209.778198	177.821274	-315.464935	1162.409668	215.835724	-261.429260	1265.400513	73.932381	-267.545715
243	2.42000000	1551.379272	1309.251465	-21.142111	1521.910645	1318.828247	-351.806122	1453.300781	1377.161865	-170.426407	1597.683838	1279.744751	-196.415680	1482.862549	993.683105	79.983704	1480.630249	1000.191467	-458.525879	1578.420959	758.949402	78.338415	1617.076538	793.279419	-462.737091	1594.601929	915.695129	-74.349754	1522.056030	903.065063	-369.899048	1360.083862	920.540894	-164.516541	1378.653076	1032.603882	-179.526886	1640.662598	1021.000366	-203.219955	1530.859253	577.391541	-21.150597	1556.918213	430.243134	-94.451080	1537.498901	278.447968	-58.733959	1509.643311	46.732048	-138.433044	1453.796143	36.304695	-195.778900	1629.326538	36.441360	-168.211105	1476.665039	588.923157	-408.473236	1512.106079	434.141937	-349.489532	1385.445923	319.280609	-412.041077	1240.854126	173.780594	-315.256012	1192.078857	209.066711	-260.252533	1301.623413	72.386276	-270.183197
244	2.43000000	1565.016602	1310.321167	-21.249741	1533.717163	1319.635254	-352.008331	1466.262085	1378.240479	-170.066818	1610.314575	1280.446777	-196.636536	1498.798462	994.996887	81.348671	1488.847900	1000.656006	-457.410431	1598.398376	761.988800	77.798368	1620.551270	790.731720	-462.333878	1606.575317	915.899719	-73.827148	1534.247803	905.200256	-369.450195	1372.106079	921.818298	-164.217072	1391.028320	1033.823730	-178.557556	1652.755249	1021.804932	-203.296204	1539.578979	578.207336	-20.832687	1560.141235	430.268463	-94.728333	1539.192505	278.467896	-58.692902	1509.722900	46.747890	-138.404709	1453.813599	36.507011	-195.663712	1629.437744	36.351913	-168.271698	1495.619751	590.166687	-408.343719	1536.605591	436.537842	-350.021667	1413.036499	318.137085	-412.233551	1272.847290	168.652542	-315.032379	1222.627930	200.915833	-259.124725	1339.054565	70.334488	-272.787598
245	2.44000000	1578.593506	1311.168701	-21.355631	1545.474731	1320.302368	-352.193115	1479.147583	1379.094238	-169.614792	1622.882690	1280.940796	-196.878006	1514.756958	996.104919	82.695770	1496.897705	1001.047302	-456.319336	1618.382263	764.918304	77.221424	1623.748047	788.203705	-461.854065	1618.371582	916.050781	-73.071342	1546.702515	907.143738	-368.735565	1384.049683	922.762512	-164.333664	1403.352905	1034.799927	-177.735016	1664.835815	1022.349792	-203.370026	1548.498779	578.881836	-20.593504	1563.139648	430.282379	-95.036911	1540.612915	278.556366	-58.680523	1509.806519	46.779819	-138.383911	1453.842041	36.705135	-195.569794	1629.552368	36.277107	-168.330811	1514.631714	591.349609	-408.252899	1560.712524	438.912811	-350.302246	1440.578369	316.735870	-412.301727	1305.738525	162.543564	-314.828979	1254.114746	191.514832	-258.079651	1377.521362	67.869095	-275.334229
246	2.45000000	1592.111084	1311.777344	-21.462343	1557.195801	1320.818115	-352.361908	1491.967896	1379.712891	-169.079315	1635.399658	1281.211914	-197.150757	1530.733765	996.983215	84.017128	1504.774048	1001.356445	-455.258820	1638.353821	767.705597	76.619299	1626.707520	785.709564	-461.297882	1630.008911	916.138428	-72.104301	1559.362305	908.795227	-367.807098	1395.933594	923.361328	-164.831696	1415.625732	1035.514038	-177.076950	1676.914673	1022.626160	-203.443146	1557.453857	579.373779	-20.451990	1565.885864	430.289642	-95.370682	1541.776733	278.709045	-58.697792	1509.888794	46.827705	-138.373489	1453.879639	36.900768	-195.501251	1629.675049	36.224377	-168.388657	1533.675537	592.467773	-408.221222	1584.382568	441.222778	-350.332428	1468.009766	315.083771	-412.228790	1339.517578	155.573090	-314.672913	1286.604736	181.013245	-257.134216	1416.887451	65.086861	-277.830902
247	2.46000000	1605.569214	1312.132080	-21.575026	1568.889648	1321.169067	-352.521149	1504.735718	1380.090576	-168.483475	1647.878296	1281.251465	-197.459549	1546.725952	997.610718	85.302216	1512.474976	1001.570251	-454.229126	1658.292847	770.316101	76.003332	1629.475037	783.257019	-460.669418	1641.511963	916.139526	-70.968697	1572.191162	910.075439	-366.723846	1407.783447	923.626221	-165.653717	1427.848389	1035.956299	-176.594116	1689.000854	1022.641479	-203.517349	1566.283936	579.652527	-20.404297	1568.374512	430.303406	-95.721809	1542.724243	278.919128	-58.741772	1509.962646	46.893848	-138.378799	1453.924438	37.103214	-195.463730	1629.808838	36.198879	-168.442841	1552.720947	593.514587	-408.263947	1607.577881	443.419891	-350.120361	1495.288330	313.172607	-411.998291	1374.179810	147.871536	-314.582733	1320.157959	169.575043	-256.292480	1457.045288	62.084812	-280.298645
248	2.47000000	1618.966553	1312.220337	-21.700630	1580.565308	1321.340332	-352.678802	1517.464966	1380.223145	-167.858017	1660.330933	1281.057251	-197.801620	1562.733398	997.970154	86.536507	1520.004028	1001.674438	-453.225494	1678.180603	772.716553	75.385668	1632.098022	780.848389	-459.976334	1652.912476	916.023926	-69.718849	1585.180298	910.933838	-365.543640	1419.627319	923.586243	-166.727310	1440.026978	1036.123779	-176.289490	1701.102661	1022.415466	-203.595322	1574.851074	579.707825	-20.429117	1570.618408	430.348328	-96.078880	1543.492798	279.184326	-58.805584	1510.021240	46.984291	-138.406952	1453.974609	37.330582	-195.463623	1629.954346	36.201958	-168.488235	1571.732056	594.476746	-408.385498	1630.265137	445.450653	-349.676849	1522.395264	310.986176	-411.600067	1409.722778	139.578186	-314.569519	1354.819702	157.377045	-255.551025	1497.906860	58.964237	-282.751190
249	2.48000000	1632.301147	1312.033325	-21.847212	1592.233887	1321.318604	-352.842255	1530.168823	1380.107910	-167.236496	1672.768677	1280.632324	-198.168991	1578.762939	998.050659	87.705002	1527.372070	1001.655212	-452.239655	1698.000305	774.877319	74.778484	1634.624451	778.481537	-459.230179	1664.245483	915.759216	-68.412895	1598.322754	911.341309	-364.324707	1431.491089	923.280762	-167.975723	1452.170410	1036.019653	-176.157852	1713.226318	1021.973694	-203.681824	1583.051025	579.554260	-20.505556	1572.636230	430.457550	-96.427399	1544.095703	279.510681	-58.878643	1510.057983	47.109505	-138.466492	1454.028198	37.607918	-195.508759	1630.105347	36.228718	-168.516342	1590.669678	595.333313	-408.574005	1652.414185	447.258362	-349.013733	1549.337524	308.502991	-411.034912	1446.144775	130.841965	-314.637665	1390.612549	144.610107	-254.907349	1539.397217	55.835606	-285.180878
250	2.49000000	1645.570312	1311.565918	-22.022879	1603.909302	1321.093140	-353.017639	1542.859009	1379.743652	-166.654175	1685.199951	1279.982300	-198.552200	1594.831299	997.849548	88.795341	1534.597900	1001.500854	-451.262665	1717.735962	776.773712	74.192432	1637.100464	776.151062	-458.445541	1675.548706	915.315186	-67.107819	1611.594482	911.283325	-363.126709	1443.393677	922.751160	-169.326706	1464.291748	1035.651855	-176.186111	1725.376831	1021.341064	-203.783661	1590.801025	579.227417	-20.622097	1574.442139	430.666046	-96.751427	1544.522705	279.915649	-58.947994	1510.067017	47.285038	-138.567596	1454.084961	37.962940	-195.611511	1630.247803	36.267258	-168.518112	1609.491211	596.057129	-408.800018	1673.996948	448.786346	-348.145142	1576.147949	305.697784	-410.315094	1483.442139	121.824257	-314.784241	1427.531738	131.481888	-254.365051	1581.447632	52.818924	-287.552521
251	2.50000000	1658.772461	1310.817261	-22.234610	1615.606689	1320.655518	-353.210876	1555.544922	1379.131104	-166.144791	1697.630371	1279.113525	-198.943146	1610.958618	997.372314	89.796165	1541.708374	1001.203918	-450.287170	1737.373596	778.387756	73.636328	1639.569153	773.849243	-457.639023	1686.862671	914.668396	-65.855568	1624.957275	910.760620	-362.005280	1455.347168	922.031982	-170.715881	1476.408691	1035.031250	-176.355835	1737.558716	1020.537903	-203.909058	1598.014893	578.781433	-20.770006	1576.044922	431.003906	-97.035873	1544.758301	280.430664	-59.002121	1510.042358	47.531067	-138.722702	1454.148560	38.422745	-195.791534	1630.362915	36.301201	-168.491058	1628.146362	596.613708	-409.020477	1694.985962	449.979004	-347.088562	1602.884155	302.546539	-409.462585	1521.603882	112.701385	-314.997528	1465.544312	118.218979	-253.932999	1623.988525	50.040562	-289.804871
252	2.51000000	1671.907837	1309.790527	-22.487146	1627.340210	1319.998047	-353.429199	1568.230713	1378.271851	-165.734390	1710.064575	1278.033203	-199.336365	1627.157837	996.630066	90.694183	1548.739014	1000.762207	-449.309326	1756.903381	779.709106	73.117613	1642.069763	771.566254	-456.827759	1698.229614	913.804077	-64.700233	1638.369141	909.792603	-361.005402	1467.360840	921.145264	-172.087433	1488.542236	1034.168579	-176.646378	1749.776001	1019.578125	-204.066895	1604.594360	578.290161	-20.934013	1577.461182	431.492401	-97.269638	1544.803711	281.096863	-59.037086	1509.978394	47.870480	-138.946640	1454.227539	39.012787	-196.075439	1630.431396	36.311234	-168.442856	1646.568848	596.957031	-409.185760	1715.358643	450.783722	-345.866058	1629.627075	299.037384	-408.508057	1560.603760	103.665001	-315.255463	1504.591431	105.067261	-253.624329	1666.941040	47.628967	-291.855408
253	2.52000000	1684.979004	1308.493042	-22.782537	1639.122437	1319.115723	-353.681366	1580.916260	1377.168701	-165.438644	1722.508789	1276.749878	-199.729248	1643.432007	995.637695	91.474701	1555.732056	1000.178772	-448.329193	1776.318298	780.734650	72.642122	1644.636536	769.290619	-456.026962	1709.688599	912.716736	-63.677795	1651.792358	908.417297	-360.158325	1479.442871	920.098389	-173.396774	1500.712891	1033.074219	-177.036301	1762.035156	1018.469421	-204.266327	1610.448975	577.841797	-21.090696	1578.733765	432.142365	-97.448776	1544.690674	281.950592	-59.061962	1509.872559	48.326710	-139.254608	1454.333130	39.756653	-196.492630	1630.435669	36.276546	-168.385498	1664.665894	597.031738	-409.246002	1735.101196	451.156921	-344.505554	1656.474365	295.183624	-407.491730	1600.390381	94.920265	-315.525116	1544.584473	92.287285	-253.454224	1710.209839	45.711872	-293.605865
254	2.53000000	1697.989136	1306.937012	-23.121357	1650.963257	1318.008545	-353.976868	1593.599243	1375.826660	-165.263290	1734.970459	1275.274414	-200.122131	1659.776123	994.414551	92.124855	1562.735596	999.461426	-447.350342	1795.609436	781.467194	72.213364	1647.299561	767.010071	-455.247879	1721.270874	911.408264	-62.817249	1665.198486	906.689026	-359.482635	1491.601929	918.887634	-174.614090	1512.936768	1031.759155	-177.503769	1774.346069	1017.215515	-204.517487	1615.527710	577.522949	-21.217287	1579.945679	432.953400	-97.578629	1544.486572	283.007324	-59.099327	1509.730469	48.921860	-139.657852	1454.477661	40.674656	-197.066162	1630.375122	36.187054	-168.326202	1682.325806	596.781494	-409.154480	1754.211914	451.071472	-343.039490	1683.532104	291.033600	-406.461609	1640.875854	86.680878	-315.763794	1585.390991	80.142815	-253.428604	1753.677856	44.412846	-294.948242
255	2.54000000	1710.943726	1305.140015	-23.504566	1662.871094	1316.682617	-354.323822	1606.275879	1374.255127	-165.206192	1747.458862	1273.622070	-200.519226	1676.180298	992.985107	92.635902	1569.799072	998.621094	-446.378448	1814.763611	781.915619	71.832567	1650.084961	764.713409	-454.496933	1732.995361	909.886047	-62.140991	1678.568359	904.672913	-358.987854	1503.846802	917.504944	-175.724915	1525.223389	1030.235840	-178.029358	1786.722778	1015.819397	-204.832626	1619.852783	577.402527	-21.306620	1581.219849	433.910095	-97.674225	1544.296631	284.254608	-59.179169	1509.568237	49.674660	-140.158356	1454.672485	41.781193	-197.802200	1630.281982	36.056217	-168.263351	1699.442383	596.155396	-408.870300	1772.700928	450.522156	-341.499329	1710.895752	286.675720	-405.464661	1681.919189	79.159233	-315.922455	1626.822144	68.886292	-253.529785	1797.194458	43.842087	-295.774231
256	2.55000000	1723.851074	1303.125610	-23.933994	1674.853516	1315.150635	-354.726990	1618.943726	1372.471924	-165.261673	1759.981567	1271.813232	-200.929077	1692.629028	991.378662	93.002487	1576.973145	997.670532	-445.421906	1833.761475	782.094696	71.498646	1653.016968	762.392609	-453.776459	1744.867432	908.160278	-61.663712	1691.893311	902.438416	-358.677887	1516.184937	915.945496	-176.728119	1537.576050	1028.520142	-178.601364	1799.180786	1014.284485	-205.226410	1623.545532	577.521362	-21.376183	1582.705811	434.978668	-97.757561	1544.258301	285.657166	-59.328499	1509.412109	50.597393	-140.744781	1454.926636	43.083183	-198.683075	1630.203735	35.912617	-168.191345	1715.922607	595.113953	-408.360687	1790.591431	449.528107	-339.908905	1738.616943	282.238953	-404.532043	1723.311646	72.551506	-315.952332	1668.630493	58.743473	-253.709808	1840.560547	44.084858	-295.992767
257	2.56000000	1736.722290	1300.924561	-24.412071	1686.917358	1313.432861	-355.187927	1631.603638	1370.506470	-165.424850	1772.542969	1269.872559	-201.363159	1709.098022	989.628479	93.220284	1584.307983	996.623352	-444.492340	1852.576721	782.024750	71.207340	1656.118286	760.044525	-453.086716	1756.879028	906.242554	-61.390438	1705.174683	900.054016	-358.552826	1528.620850	914.213440	-177.634140	1549.992432	1026.634277	-179.219986	1811.734741	1012.615295	-205.714020	1626.835449	577.884399	-21.459684	1584.565063	436.110626	-97.849838	1544.522949	287.168518	-59.560787	1509.293701	51.691639	-141.390457	1455.246826	44.580521	-199.666077	1630.174561	35.781639	-168.108856	1731.682007	593.636169	-407.605896	1807.922974	448.131042	-338.280609	1766.661743	277.884186	-403.666656	1764.768066	67.019646	-315.812225	1710.510986	49.894405	-253.895081	1883.518555	45.194458	-295.552216
258	2.57000000	1749.571655	1298.575806	-24.942360	1699.068115	1311.556641	-355.706879	1644.260986	1368.397583	-165.693329	1785.145508	1267.828125	-201.833694	1725.552124	987.771179	93.284294	1591.851685	995.494202	-443.603241	1871.175659	781.731537	70.951361	1659.412231	757.673004	-452.429672	1769.013672	904.148071	-61.313950	1718.424194	897.583740	-358.608887	1541.157349	912.323730	-178.462753	1562.468262	1024.607666	-179.896210	1824.395508	1010.819397	-206.307037	1630.037354	578.456116	-21.586088	1586.959717	437.251923	-97.963509	1545.233154	288.742462	-59.869617	1509.243164	52.945606	-142.054840	1455.635742	46.267490	-200.688599	1630.208862	35.678532	-168.020447	1746.657593	591.721802	-406.610352	1824.753052	446.391296	-336.615204	1794.879395	273.781952	-402.836487	1805.928467	62.671837	-315.467651	1752.101196	42.452473	-253.998703	1925.752075	47.187183	-294.456329
259	2.58000000	1762.414307	1296.126221	-25.530357	1711.308960	1309.554810	-356.285339	1656.925049	1366.189209	-166.066864	1797.792358	1265.710938	-202.352158	1741.946167	985.845703	93.188599	1599.648926	994.297974	-442.768188	1889.520508	781.247314	70.721754	1662.926819	755.290344	-451.813400	1781.253662	901.900574	-61.412441	1731.663452	895.084106	-358.837891	1553.797852	910.299561	-179.239044	1575.001831	1022.475220	-180.646744	1837.171509	1008.910889	-207.009003	1633.506836	579.161377	-21.765005	1590.038574	438.348877	-98.100281	1546.499146	290.339600	-60.229546	1509.286011	54.337261	-142.689407	1456.092529	48.135353	-201.678635	1630.311035	35.610191	-167.931244	1760.833984	589.385742	-405.409546	1841.152954	444.383484	-334.903900	1823.000000	270.082520	-401.976959	1846.366699	59.544540	-314.886200	1792.985229	36.450039	-253.933426	1966.890747	50.032551	-292.765045
260	2.59000000	1775.267212	1293.631104	-26.183487	1723.640869	1307.464355	-356.927185	1669.605713	1363.925537	-166.546005	1810.488892	1263.553467	-202.928253	1758.227417	983.891479	92.928101	1607.739502	993.050598	-442.001038	1907.572815	780.611267	70.508640	1666.697510	752.917175	-451.253479	1793.584961	899.536865	-61.650112	1744.923340	892.602478	-359.225555	1566.551270	908.166138	-179.990021	1587.598389	1020.272522	-181.488861	1850.067627	1006.913513	-207.813568	1637.590088	579.895630	-21.986401	1593.925049	439.350922	-98.252602	1548.390503	291.929626	-60.602528	1509.441284	55.842575	-143.246033	1456.614014	50.177288	-202.565567	1630.480713	35.578148	-167.841690	1774.263428	586.651855	-404.060638	1857.201294	442.191925	-333.130402	1850.663086	266.887604	-401.003296	1885.608276	57.590675	-314.037872	1832.705200	31.833771	-253.618301	2006.523315	53.639412	-290.581604
261	2.60000000	1788.149414	1291.150146	-26.910027	1736.065186	1305.324829	-357.638184	1682.312134	1361.646973	-167.131195	1823.242432	1261.388306	-203.570114	1774.339111	981.947449	92.501831	1616.156616	991.769470	-441.316467	1925.294617	779.867920	70.301239	1670.766663	750.579315	-450.769775	1806.000000	897.108154	-61.981670	1758.244019	890.175415	-359.749756	1579.433960	905.947144	-180.745804	1600.270630	1018.032104	-182.435883	1863.084229	1004.860107	-208.706131	1642.580566	580.544373	-22.225798	1598.709717	440.217560	-98.405769	1550.941284	293.492645	-60.946270	1509.724854	57.444939	-143.683136	1457.199341	52.395691	-203.286896	1630.716919	35.581219	-167.745300	1787.073120	583.553284	-402.622314	1872.978638	439.904694	-331.275299	1877.472290	264.231537	-399.830933	1923.157349	56.675968	-312.897034	1870.778931	28.467543	-252.980591	2044.217896	57.842892	-288.029846
262	2.61000000	1801.079834	1288.741577	-27.717579	1748.584473	1303.175293	-358.424805	1695.052246	1359.387939	-167.823288	1836.062866	1259.246338	-204.284531	1790.224243	980.050415	91.915764	1624.927124	990.472351	-440.729675	1942.647583	779.063141	70.087944	1675.179688	748.304626	-450.383118	1818.500977	894.680420	-62.358147	1771.671997	887.828918	-360.380432	1592.468384	903.666382	-181.543900	1613.039429	1015.780334	-183.492447	1876.216553	1002.790833	-209.666901	1648.688110	581.009583	-22.448887	1604.442017	440.926666	-98.542526	1554.163330	295.022797	-61.223003	1510.151978	59.143097	-143.967834	1457.851807	54.808437	-203.791122	1631.017334	35.616962	-167.630569	1799.459106	580.142578	-401.139374	1888.565430	437.606293	-329.326233	1903.061890	262.075714	-398.395355	1958.531982	56.585007	-311.440155	1906.725342	26.146700	-251.959213	2079.555176	62.395157	-285.223724
263	2.62000000	1814.072266	1286.455322	-28.612133	1761.201904	1301.051758	-359.293762	1707.833374	1357.174927	-168.624359	1848.959229	1257.157227	-205.077164	1805.828247	978.232178	91.182373	1634.072144	989.175110	-440.256073	1959.593689	778.240417	69.856018	1679.983582	746.119598	-450.115631	1831.104858	892.331604	-62.731438	1785.258667	885.579468	-361.082306	1605.678833	901.351685	-182.429672	1625.932495	1013.536865	-184.651703	1889.457764	1000.749084	-210.673004	1656.018799	581.230469	-22.618887	1611.122437	441.478363	-98.647614	1558.056152	296.532135	-61.404716	1510.739258	60.955235	-144.074112	1458.580444	57.449947	-204.039658	1631.379150	35.682873	-167.485382	1811.666260	576.507507	-399.636719	1904.039307	435.369843	-327.289703	1927.154175	260.317078	-396.663452	1991.306519	57.041325	-309.644409	1940.093262	24.629763	-250.512573	2112.166260	66.967117	-282.237000
264	2.63000000	1827.132202	1284.330811	-29.597137	1773.918701	1298.984375	-360.252197	1720.659668	1355.028076	-169.537903	1861.938110	1255.148926	-205.952850	1821.101562	976.516663	90.318192	1643.606079	987.889587	-439.910156	1976.096985	777.436554	69.590784	1685.225464	744.046600	-449.991196	1843.844116	890.143494	-63.059353	1799.058838	883.435669	-361.819336	1619.088257	899.036255	-183.449188	1638.983643	1011.314758	-185.895279	1902.804077	998.778625	-211.700073	1664.568726	581.194519	-22.706583	1618.707886	441.891998	-98.706680	1562.612671	298.050171	-61.470570	1511.503784	62.916718	-143.978653	1459.400391	60.366993	-204.005798	1631.801147	35.777416	-167.300873	1823.965942	572.783875	-398.124756	1919.468140	433.250092	-325.195557	1949.590454	258.811096	-394.634155	2021.148315	57.741192	-307.491211	1970.489624	23.678537	-248.627655	2141.766602	71.171761	-279.085815
265	2.64000000	1840.257935	1282.396973	-30.671658	1786.732910	1296.996582	-361.306763	1733.531616	1352.963013	-170.568558	1875.003540	1253.248779	-206.915512	1836.004272	974.921021	89.343369	1653.536255	986.623535	-439.704712	1992.126892	776.679260	69.275518	1690.951782	742.101074	-450.033081	1856.762939	888.189026	-63.312519	1813.126465	881.402283	-362.557251	1632.716797	896.755066	-184.638107	1652.231445	1009.124329	-187.195023	1916.258789	996.920959	-212.723831	1674.239868	580.935913	-22.697149	1627.130737	442.197937	-98.702545	1567.823486	299.616608	-61.400974	1512.461182	65.071991	-143.658203	1460.332764	63.612057	-203.669205	1632.285645	35.899204	-167.072479	1836.635254	569.156189	-396.616089	1934.899170	431.281769	-323.090881	1970.333008	257.407532	-392.332184	2047.837402	58.394093	-304.975586	1997.603516	23.090176	-246.329041	2168.170654	74.609055	-275.731842
266	2.65000000	1853.441650	1280.672974	-31.829000	1799.641724	1295.105591	-362.462036	1746.449585	1350.994507	-171.721008	1888.159180	1251.484619	-207.967621	1850.507935	973.457703	88.281822	1663.864014	985.382385	-439.649658	2007.661438	775.986969	68.892492	1697.206116	740.290436	-450.261154	1869.910522	886.518982	-63.480701	1827.508179	879.485046	-363.265350	1646.581299	894.543518	-186.012009	1665.715820	1006.979248	-188.515396	1929.836060	995.214417	-213.721176	1684.878418	580.523132	-22.591284	1636.322510	442.427277	-98.614799	1573.679077	301.269196	-61.175991	1513.628174	67.464722	-143.090332	1461.404907	67.237297	-203.010391	1632.836914	36.044598	-166.798386	1849.929443	565.840881	-395.143921	1950.351562	429.485199	-321.026489	1989.445435	255.989212	-389.800171	2071.268311	58.761890	-302.117249	2021.222046	22.718342	-243.689209	2191.292725	76.918503	-272.105469
267	2.66000000	1866.671631	1279.169922	-33.057003	1812.643433	1293.323120	-363.719055	1759.416626	1349.139160	-172.998184	1901.409546	1249.885132	-209.109665	1864.594116	972.134583	87.158264	1674.588379	984.169373	-439.750732	2022.685730	775.369049	68.424747	1704.029053	738.616058	-450.691986	1883.331909	885.154053	-63.576530	1842.236328	877.697876	-363.919708	1660.692505	892.440186	-187.561188	1679.469482	1004.901978	-189.816116	1943.563965	993.694763	-214.670746	1696.317993	580.038879	-22.402918	1646.229126	442.602692	-98.423553	1580.168091	303.029144	-60.779087	1515.024292	70.130981	-142.254974	1462.651367	71.291351	-202.010788	1633.458130	36.205669	-166.478821	1864.042236	563.049927	-393.763275	1965.820190	427.878387	-319.044800	2007.065186	254.503113	-387.090759	2091.441895	58.689964	-298.971558	2041.238647	22.486876	-240.835983	2211.136719	77.825623	-268.143768
268	2.67000000	1879.936523	1277.895020	-34.338894	1825.739380	1291.658081	-365.075195	1772.441040	1347.417847	-174.400208	1914.760864	1248.479126	-210.339951	1878.254883	970.956909	85.994354	1685.708740	982.986267	-440.008057	2037.188721	774.826355	67.858397	1711.457031	737.076111	-451.339783	1897.057983	884.082886	-63.635891	1857.320923	876.068237	-364.507355	1675.048950	890.489441	-189.250153	1693.506226	1002.924683	-191.055389	1957.482544	992.397156	-215.553604	1708.415649	579.557983	-22.156666	1656.814941	442.731720	-98.113731	1587.277222	304.893005	-60.200089	1516.675293	73.096756	-141.136261	1464.116699	75.818596	-200.656677	1634.150024	36.369038	-166.117477	1879.066772	560.947083	-392.531158	1981.290405	426.493835	-317.177887	2023.373413	252.977188	-384.264832	2108.452881	58.128098	-295.640900	2057.660889	22.388947	-237.948822	2227.787842	77.178085	-263.831268
269	2.68000000	1893.229126	1276.856079	-35.654808	1838.934692	1290.118042	-366.524719	1785.534546	1345.857422	-175.923889	1928.219971	1247.294922	-211.655258	1891.495361	969.932495	84.807175	1697.230347	981.835144	-440.416534	2051.161072	774.352234	67.184603	1719.519897	735.667847	-452.214844	1911.098267	883.267700	-63.713943	1872.741821	874.639954	-365.029755	1689.630005	888.741150	-191.019867	1707.812378	1001.088928	-192.194000	1971.638550	991.358643	-216.355804	1721.068115	579.129883	-21.886335	1668.061890	442.805023	-97.677094	1595.001221	306.839569	-59.433769	1518.616211	76.378891	-139.725327	1465.862793	80.858910	-198.944565	1634.909790	36.515316	-165.722168	1894.988403	559.618530	-391.484131	1996.758911	425.391602	-315.455627	2038.573364	251.518814	-381.399292	2122.474854	57.137730	-292.281403	2070.619385	22.463650	-235.237991	2241.401367	74.972855	-259.232239
270	2.69000000	1906.551025	1276.064697	-36.985535	1852.238281	1288.711914	-368.058594	1798.712524	1344.494507	-177.562439	1941.791992	1246.360229	-213.051743	1904.333984	969.076843	83.608414	1709.169312	980.722656	-440.967773	2064.595947	773.936249	66.400536	1728.240173	734.389832	-453.320297	1925.437256	882.654236	-63.877350	1888.444580	873.472412	-365.503540	1704.392334	887.246826	-192.793488	1722.345581	999.444946	-193.199966	1986.073730	990.617493	-217.072128	1734.211060	578.771667	-21.630804	1679.969971	442.801819	-97.109314	1603.353394	308.845947	-58.477222	1520.894043	79.988373	-138.023148	1467.979248	86.446609	-196.889252	1635.732056	36.620789	-165.301346	1911.710938	559.076660	-390.636627	2012.252930	424.659576	-313.918335	2052.878906	250.292755	-378.600189	2133.742432	55.872208	-289.090729	2080.377197	22.756018	-232.906143	2252.197998	71.374283	-254.506592
271	2.70000000	1919.913330	1275.538330	-38.317173	1865.661133	1287.454224	-369.662781	1811.992310	1343.375977	-179.305252	1955.478271	1245.700806	-214.524689	1916.799927	968.413452	82.403076	1721.552368	979.663635	-441.651978	2077.489014	773.568970	65.509224	1737.633179	733.244476	-454.651184	1940.036621	882.182373	-64.193352	1904.341553	872.636597	-365.959351	1719.279785	886.051880	-194.487457	1737.040649	998.047729	-194.052948	2000.811523	990.211182	-217.708267	1747.808838	578.474792	-21.423384	1692.563477	442.698700	-96.403099	1612.369385	310.898743	-57.329273	1523.570190	83.933205	-136.043594	1470.593384	92.608879	-194.534134	1636.610107	36.662117	-164.858337	1929.098389	559.290039	-390.001373	2027.832642	424.394196	-312.627228	2066.504883	249.477173	-376.010132	2142.534668	54.523510	-286.269623	2087.331787	23.279064	-231.101456	2260.459717	66.713394	-249.901871
272	2.71000000	1933.336670	1275.300049	-39.644344	1879.212524	1286.368774	-371.317139	1825.389282	1342.553833	-181.135574	1969.275513	1245.339233	-216.067505	1928.929443	967.972351	81.188942	1734.413086	978.681091	-442.458649	2089.837280	773.245575	64.518370	1747.711792	732.239868	-456.195724	1954.841187	881.794128	-64.716034	1920.322998	872.206726	-366.439209	1734.241821	885.184448	-196.025665	1751.822998	996.946655	-194.749725	2015.846558	990.170776	-218.281219	1761.846680	578.216309	-21.277872	1705.893921	442.473083	-95.543114	1622.101807	312.994171	-55.991863	1526.720215	88.219048	-133.818375	1473.876831	99.363228	-191.956894	1637.538574	36.621971	-164.388840	1947.003662	560.214294	-389.614594	2043.565552	424.660370	-311.662537	2079.639648	249.196625	-373.798157	2149.172607	53.256310	-283.972260	2091.996826	23.999847	-229.884811	2266.534912	61.441662	-245.713364
273	2.72000000	1946.846191	1275.374390	-40.972446	1892.894653	1285.488892	-372.996582	1838.912354	1342.073608	-183.027328	1983.173340	1245.290527	-217.670761	1940.763550	967.787354	79.957748	1747.781372	977.805054	-443.377167	2101.634644	772.964355	63.438150	1758.490540	731.390350	-457.937561	1969.785767	881.439209	-65.472862	1936.277588	872.250000	-366.989014	1749.245483	884.644226	-197.350998	1766.625854	996.173706	-195.309738	2031.135986	990.510742	-218.818054	1776.323853	577.964539	-21.179430	1720.034180	442.099976	-94.505722	1632.616333	315.130737	-54.471088	1530.434448	92.849266	-131.397919	1478.039673	106.712921	-189.263550	1638.516968	36.493565	-163.885773	1965.276123	561.797974	-389.544647	2059.468018	425.441650	-311.098907	2092.412354	249.447723	-372.119995	2154.031494	52.166142	-282.270630	2094.949463	24.855993	-229.229431	2270.837891	56.032887	-242.212921
274	2.73000000	1960.462646	1275.781616	-42.318699	1906.698608	1284.853516	-374.675110	1852.557983	1341.960205	-184.946152	1997.153320	1245.558594	-219.321335	1952.346191	967.891968	78.699318	1761.672974	977.068604	-444.398376	2112.867798	772.720978	62.279044	1769.989136	730.714630	-459.857224	1984.800415	881.079163	-66.457375	1952.113770	872.816589	-367.644226	1764.273071	884.402527	-198.432571	1781.404907	995.737488	-195.775558	2046.598145	991.217529	-219.353058	1791.247925	577.674683	-21.085798	1735.069458	441.545013	-93.263405	1643.989014	317.299347	-52.776176	1534.824707	97.825768	-128.842361	1483.314331	114.642998	-186.567123	1639.556274	36.285172	-163.348816	1983.741089	563.963928	-389.874603	2075.432373	426.609955	-310.965759	2104.873047	250.071548	-371.062073	2157.527100	51.279438	-281.145844	2096.747803	25.780985	-229.045486	2273.816895	50.887703	-239.565857
275	2.74000000	1974.192627	1276.530151	-43.708202	1920.604370	1284.500244	-376.331635	1866.305908	1342.208618	-186.856064	2011.190430	1246.134521	-221.002197	1963.724609	968.311584	77.407082	1776.080200	976.502930	-445.516357	2123.517700	772.503571	61.050485	1782.234558	730.232513	-461.933243	1999.813232	880.693359	-67.632568	1967.768066	873.929199	-368.415222	1779.303223	884.414062	-199.270004	1796.138794	995.627686	-196.202728	2062.122803	992.242615	-219.922684	1806.635620	577.281738	-20.936357	1751.082031	440.758484	-91.793945	1656.306030	319.474152	-50.918514	1540.034546	103.149704	-126.207367	1489.930420	123.119965	-183.958984	1640.688110	36.026020	-162.790634	2002.156616	566.580750	-390.662201	2091.190674	427.945465	-311.221710	2116.980957	250.813568	-370.611450	2160.057861	50.580616	-280.502625	2097.848877	26.714655	-229.210480	2275.884033	46.298336	-237.773315
276	2.75000000	1988.022461	1277.609375	-45.163155	1934.583984	1284.458740	-377.953400	1880.119019	1342.785278	-188.725967	2025.256470	1246.997803	-222.692245	1974.944946	969.054260	76.079994	1790.968018	976.132996	-446.727936	2133.571289	772.292908	59.760399	1795.259521	729.959686	-464.142456	2014.753052	880.283325	-68.943947	1983.198853	875.573303	-369.284058	1794.291626	884.631531	-199.894470	1810.815063	995.825439	-196.643478	2077.593018	993.505615	-220.558380	1822.517700	576.702881	-20.664253	1768.135986	439.676636	-90.089912	1669.661255	321.606201	-48.911572	1546.244873	108.817863	-123.535248	1498.089722	132.092590	-181.482498	1641.984009	35.772945	-162.235977	2020.181519	569.446777	-391.894379	2106.353516	429.202820	-311.764282	2128.590820	251.430267	-370.671051	2161.939453	50.041237	-280.200684	2098.569336	27.601646	-229.596039	2277.355225	42.454720	-236.676270
277	2.76000000	2001.916260	1278.983154	-46.690662	1948.607788	1284.744507	-379.535034	1893.950317	1343.636719	-190.532425	2039.321899	1248.119019	-224.366455	1986.042114	970.104492	74.719528	1806.276978	975.974915	-448.031708	2143.034302	772.067596	58.415909	1809.096191	729.904266	-466.458878	2029.549683	879.873352	-70.334297	1998.376587	877.691711	-370.216278	1809.170288	885.017212	-200.364868	1825.412476	996.310181	-197.133667	2092.908447	994.908264	-221.278412	1838.935791	575.852051	-20.210789	1786.268188	438.233612	-88.161301	1684.150024	323.623596	-46.769711	1553.663574	114.812828	-120.859535	1507.942749	141.489090	-179.119339	1643.582153	35.618637	-161.715500	2037.401978	572.311218	-393.463837	2120.505615	430.184998	-312.467468	2139.464355	251.765991	-371.100708	2163.381104	49.635143	-280.095947	2099.089111	28.393160	-230.088638	2278.433838	39.443794	-236.029007
278	2.77000000	2015.820190	1280.593018	-48.276569	1962.651978	1285.353638	-381.075043	1907.754028	1344.702271	-192.261322	2053.358643	1249.460815	-225.997437	1997.033447	971.423218	73.326218	1821.932983	976.034180	-449.427490	2151.940674	771.810150	57.025401	1823.767761	730.063965	-468.852951	2044.135132	879.505005	-71.752014	2013.278687	880.187134	-371.179749	1823.863281	885.547852	-200.759827	1839.892334	997.059753	-197.690292	2107.999512	996.354675	-222.082443	1855.930298	574.660461	-19.539270	1805.487793	436.379639	-86.029152	1699.859863	325.438721	-44.506386	1562.505493	121.093872	-118.220192	1519.569580	151.209869	-176.803391	1645.715576	35.699749	-161.255478	2053.421875	574.927795	-395.186218	2133.307129	430.786804	-313.219788	2149.327148	251.775574	-371.755249	2164.500732	49.338558	-280.079010	2099.490967	29.055449	-230.602249	2279.238770	37.245087	-235.605240
279	2.78000000	2029.673218	1282.369873	-49.887856	1976.703003	1286.260986	-382.571289	1921.495117	1345.923828	-193.908951	2067.340332	1250.977905	-227.557419	2007.918213	972.953247	71.898750	1837.858276	976.303284	-450.915588	2160.347412	771.509766	55.600613	1839.283936	730.425720	-471.293076	2058.444092	879.226807	-73.152176	2027.890503	882.930420	-372.156738	1838.306152	886.214661	-201.165390	1854.203735	998.046814	-198.319153	2122.827881	997.767761	-222.951096	1873.527466	573.098083	-18.643629	1825.778442	434.099823	-83.716042	1716.864746	326.959656	-42.133163	1572.962036	127.599358	-115.677612	1532.966797	161.122192	-174.464142	1648.727173	36.193188	-160.861084	2067.959717	577.105530	-396.849731	2144.560791	430.995148	-313.944275	2157.946289	251.508881	-372.507812	2165.358887	49.126728	-280.090332	2099.804932	29.576250	-231.082291	2279.840088	35.752361	-235.268051
280	2.79000000	2043.417358	1284.248291	-51.480911	1990.758789	1287.422729	-384.017517	1935.154175	1347.255005	-195.479385	2081.246338	1252.617554	-229.019348	2018.682251	974.627625	70.435432	1853.982666	976.759766	-452.494812	2168.319092	771.159424	54.156908	1855.640869	730.966949	-473.749939	2072.418945	879.082886	-74.494385	2042.209351	885.774719	-373.144684	1852.456543	887.018188	-201.659576	1868.295532	999.236755	-199.024719	2137.376465	999.097778	-223.849213	1891.733887	571.189880	-17.548996	1847.102417	431.428375	-81.243553	1735.222412	328.103668	-39.662819	1585.166626	134.260071	-113.314705	1548.052856	171.063187	-172.076904	1653.059326	37.289818	-160.498383	2080.886475	578.736633	-398.275177	2154.238037	430.861511	-314.602509	2165.190674	251.071350	-373.258087	2165.991211	48.975044	-280.107788	2100.041748	29.963060	-231.500275	2280.284912	34.816147	-234.964920
281	2.80000000	2057.005371	1286.171387	-53.010811	2004.825195	1288.781738	-385.402527	1948.727539	1348.663086	-196.979187	2095.060791	1254.322998	-230.358032	2029.303711	976.377319	68.936012	1870.252075	977.367065	-454.162231	2175.914917	770.752289	52.711698	1872.822388	731.658417	-476.199997	2086.016846	879.106567	-75.739868	2056.246338	888.573914	-374.148621	1866.295776	887.963440	-202.300186	1882.129883	1000.591064	-199.813446	2151.639404	1000.322632	-224.730896	1910.536133	569.022217	-16.303484	1869.399536	428.455719	-78.640961	1754.968872	328.813690	-37.121239	1599.167847	141.009933	-111.225227	1564.696777	180.848801	-169.690918	1659.215332	39.149380	-160.088242	2092.210205	579.813293	-399.367065	2162.463135	430.471741	-315.188232	2171.061279	250.575516	-373.932556	2166.432861	48.861908	-280.123688	2100.208496	30.235958	-231.842453	2280.609375	34.281288	-234.683105
282	2.81000000	2070.403564	1288.089722	-54.438198	2018.910645	1290.274780	-386.711884	1962.222656	1350.129761	-198.413788	2108.773438	1256.038452	-231.552658	2039.757080	978.136292	67.401321	1886.632080	978.080261	-455.915466	2183.184814	770.280243	51.282719	1890.800171	732.469055	-478.625565	2099.217773	879.317993	-76.849480	2070.023926	891.202759	-375.171082	1879.821899	889.055664	-203.121002	1895.690674	1002.073364	-200.688110	2165.616699	1001.443726	-225.545013	1929.898315	566.737915	-14.966181	1892.588745	425.329132	-75.954735	1776.112915	329.070709	-34.560242	1614.931030	147.781647	-109.492867	1582.752441	190.282333	-167.425659	1667.703979	41.852879	-159.521271	2102.049072	580.431274	-400.132294	2169.463135	429.926056	-315.712952	2175.693604	250.102203	-374.481323	2166.722656	48.770145	-280.130615	2100.314941	30.420502	-232.101837	2280.842285	34.010086	-234.419296
283	2.82000000	2083.592773	1289.960571	-55.733192	2033.022095	1291.840942	-387.930084	1975.651367	1351.647339	-199.786453	2122.377686	1257.716187	-232.590363	2050.018311	979.844543	65.831490	1903.111206	978.854492	-457.754669	2190.168091	769.734741	49.886120	1909.534546	733.370972	-481.013885	2112.030273	879.725586	-77.785713	2083.570557	893.575073	-376.204346	1893.043701	890.296875	-204.133118	1908.985474	1003.654785	-201.640839	2179.307861	1002.480408	-226.241913	1949.754761	564.516479	-13.599154	1916.571655	422.243530	-73.247200	1798.627075	328.901917	-32.052010	1632.369629	154.487000	-108.171631	1602.083252	199.158569	-165.446594	1678.977783	45.370071	-158.690460	2110.622559	580.765442	-400.655731	2175.503906	429.324677	-316.189423	2179.325928	249.682602	-374.876831	2166.901611	48.687485	-280.119965	2100.373291	30.543253	-232.277618	2281.007812	33.893810	-234.171753
284	2.83000000	2096.568115	1291.751221	-56.876675	2047.159790	1293.429443	-389.041840	1989.024658	1353.214111	-201.098648	2135.869385	1259.321899	-233.468735	2060.070801	981.452454	64.226410	1919.698486	979.652344	-459.683319	2196.895386	769.108429	48.533611	1928.978149	734.342773	-483.357056	2124.490234	880.328186	-78.518654	2096.914795	895.654175	-377.228149	1905.982544	891.683167	-205.326004	1922.038696	1005.317993	-202.651779	2192.709229	1003.464478	-226.780365	1970.004883	562.541138	-12.264820	1941.237183	419.415619	-70.584297	1822.415039	328.398376	-29.671150	1651.388306	160.994370	-107.277359	1622.577515	207.259140	-163.928009	1693.369873	49.550549	-157.530365	2118.232910	581.017883	-401.052094	2180.836670	428.750641	-316.618774	2182.242676	249.305206	-375.117950	2167.007568	48.606457	-280.086243	2100.396484	30.629181	-232.376495	2281.126953	33.854980	-233.940430
285	2.84000000	2109.335938	1293.443115	-57.859882	2061.316650	1295.003662	-390.033173	2002.346924	1354.829102	-202.349121	2149.244629	1260.837280	-234.195160	2069.911865	982.927795	62.587532	1936.418579	980.448914	-461.706787	2203.391602	768.397491	47.231085	1949.081360	735.370697	-485.650208	2136.656494	881.119629	-79.033722	2110.078369	897.452576	-378.213501	1918.673706	893.204773	-206.668549	1934.882935	1007.054504	-203.695038	2205.814453	1004.432739	-227.133774	1990.521973	560.962463	-11.024073	1966.465942	417.046600	-68.020409	1847.285400	327.726898	-27.490438	1671.918945	167.118729	-106.789787	1644.156250	214.350800	-163.005676	1711.038940	54.139233	-156.044022	2125.224609	581.361511	-401.423920	2185.673584	428.250671	-316.985107	2184.713135	248.940628	-375.234436	2167.072266	48.523907	-280.031311	2100.397949	30.699839	-232.411926	2281.216553	33.843521	-233.728577
286	2.85000000	2121.908447	1295.031494	-58.683250	2075.475586	1296.542603	-390.894653	2015.613770	1356.489746	-203.532089	2162.499268	1262.259155	-234.784515	2079.553711	984.259521	60.917961	1953.299194	981.233276	-463.826447	2209.678711	767.604889	45.980314	1969.795593	736.449921	-487.888916	2148.600830	882.092041	-79.338379	2123.071045	899.020996	-379.130615	1931.162598	894.847961	-208.113571	1947.552490	1008.855164	-204.747375	2218.620361	1005.419861	-227.294128	2011.178101	559.871948	-9.932334	1992.139771	415.286926	-65.590073	1872.987793	327.092346	-25.584145	1693.932373	172.631866	-106.658752	1666.766479	220.204330	-162.738342	1731.950439	58.814880	-154.297729	2131.932861	581.901672	-401.837952	2190.177734	427.829742	-317.265259	2186.947754	248.565933	-375.280945	2167.120117	48.440163	-279.966064	2100.389648	30.772329	-232.402420	2281.288574	33.831036	-233.543503
287	2.86000000	2134.300537	1296.521606	-59.355057	2089.612793	1298.039429	-391.624908	2028.811768	1358.189087	-204.638580	2175.627441	1263.597534	-235.257309	2089.018555	985.455872	59.221416	1970.362061	982.004883	-466.032715	2215.777222	766.741028	44.780688	1991.075073	737.585144	-490.068115	2160.397217	883.236145	-79.464821	2135.891602	900.429932	-379.958282	1943.493774	896.596191	-209.604630	1960.080322	1010.702820	-205.793747	2231.129639	1006.451477	-227.271912	2031.870972	559.295349	-9.033201	2018.149414	414.214081	-63.312378	1899.289795	326.662354	-24.014559	1717.420288	177.291092	-106.812103	1690.366943	224.623993	-163.096115	1755.907593	63.245480	-152.385773	2138.648193	582.665100	-402.319366	2194.463135	427.471497	-317.458405	2189.084961	248.174667	-375.318665	2167.168213	48.358147	-279.908417	2100.381104	30.858950	-232.369247	2281.351074	33.805260	-233.394623
288	2.87000000	2146.526855	1297.926514	-59.889324	2103.697754	1299.496582	-392.231873	2041.921387	1359.913696	-205.661407	2188.623291	1264.871338	-235.638123	2098.333740	986.538574	57.502155	1987.617554	982.768311	-468.303314	2221.704834	765.823761	43.629543	2012.876587	738.790283	-492.181458	2172.113281	884.540161	-79.466667	2148.530029	901.749390	-380.690765	1955.700195	898.432068	-211.080505	1972.493164	1012.573975	-206.827515	2243.356445	1007.539795	-227.092148	2052.539795	559.202087	-8.350401	2044.401245	413.829193	-61.203289	1926.029663	326.512878	-22.806990	1742.358765	180.874527	-107.166489	1714.918579	227.464493	-163.968277	1782.617065	67.144897	-150.395081	2145.596436	583.618164	-402.864380	2198.598633	427.167969	-317.609253	2191.197998	247.774887	-375.395630	2167.227051	48.282173	-279.876526	2100.377441	30.967390	-232.333038	2281.407471	33.764545	-233.289459
289	2.88000000	2158.601562	1299.263916	-60.302654	2117.697510	1300.921509	-392.731049	2054.923096	1361.642944	-206.598679	2201.482666	1266.102417	-235.952545	2107.528320	987.537354	55.766129	2005.063965	983.530212	-470.609772	2227.480103	764.878357	42.523516	2035.158142	740.085907	-494.220398	2183.805908	885.987366	-79.411926	2160.973877	903.031555	-381.341278	1967.801270	900.336060	-212.478897	1984.807495	1014.443481	-207.849136	2255.326416	1008.682190	-226.788803	2073.159912	559.523254	-7.884279	2070.814209	414.073944	-59.285568	1953.121094	326.621338	-21.936779	1768.685791	183.208374	-107.638809	1740.383911	228.633896	-165.183395	1811.756714	70.309662	-148.391418	2152.928467	584.700195	-403.463745	2202.621582	426.928192	-317.792175	2193.310059	247.384567	-375.535828	2167.302734	48.216564	-279.881348	2100.379639	31.101587	-232.309814	2281.459473	33.712173	-233.230301
290	2.89000000	2170.537109	1300.553223	-60.612064	2131.582520	1302.321289	-393.142090	2067.801025	1363.349731	-207.455750	2214.203613	1267.308350	-236.222626	2116.628418	988.483887	54.022366	2022.689941	984.299133	-472.928192	2233.126953	763.936676	41.461265	2057.877136	741.496094	-496.173798	2195.517578	887.553040	-79.374344	2173.210693	904.301941	-381.942017	1979.807983	902.280029	-213.742691	1997.030396	1016.284485	-208.863419	2267.077148	1009.862915	-226.399780	2093.713867	560.166809	-7.617675	2097.307617	414.861359	-57.591476	1980.524536	326.892548	-21.339886	1796.305542	184.178299	-108.153732	1766.729614	228.092087	-166.547226	1843.018433	72.625076	-146.420837	2160.715576	585.850098	-404.113525	2206.551270	426.762665	-318.069031	2195.410400	247.025681	-375.739471	2167.396729	48.164944	-279.922852	2100.386963	31.262873	-232.308060	2281.506348	33.651604	-233.213104
291	2.90000000	2182.343994	1301.810791	-60.835007	2145.330078	1303.700195	-393.485809	2080.545410	1365.004028	-208.245743	2226.789551	1268.497070	-236.463074	2125.650635	989.405579	52.282852	2040.475098	985.083435	-475.242859	2238.675537	763.032898	40.445299	2080.988892	743.044189	-498.028244	2207.276367	889.202454	-79.424820	2185.231201	905.559998	-382.538513	1991.729858	904.221680	-214.825027	2009.164429	1018.068115	-209.874985	2278.654541	1011.056519	-225.963074	2114.163574	561.028992	-7.526303	2123.787354	416.102875	-56.158951	2008.215576	327.194489	-20.939966	1825.110840	183.727585	-108.646431	1793.930298	225.845749	-167.885330	1876.123779	74.048592	-144.511581	2168.955322	587.018921	-404.806274	2210.392090	426.667542	-318.457581	2197.468994	246.716034	-375.989960	2167.506348	48.130058	-279.990601	2100.398193	31.450848	-232.328171	2281.547119	33.584641	-233.228409
292	2.91000000	2194.027832	1303.047241	-60.989117	2158.924561	1305.056396	-393.782562	2093.154785	1366.575806	-208.986618	2239.247314	1269.664062	-236.679459	2134.598633	990.319763	50.560719	2058.391113	985.885376	-477.541260	2244.160156	762.197540	39.482097	2104.447510	744.749176	-499.771378	2219.095215	890.892151	-79.624344	2197.030273	906.787048	-383.179688	2003.579834	906.106506	-215.690292	2021.214722	1019.762634	-210.883957	2290.109131	1012.232727	-225.513351	2134.447021	562.010559	-7.589241	2150.147705	417.719482	-55.023945	2036.165771	327.393555	-20.674446	1855.006714	181.848343	-109.062233	1821.976318	221.937073	-169.065109	1910.826050	74.586670	-142.674118	2177.587646	588.171021	-405.521729	2214.128418	426.626343	-318.928741	2199.442627	246.463684	-376.263977	2167.625244	48.113720	-280.068451	2100.413574	31.664227	-232.364349	2281.581299	33.512459	-233.263031
293	2.92000000	2205.591309	1304.264648	-61.090252	2172.358398	1306.381226	-394.051636	2105.633789	1368.038574	-209.698761	2251.588867	1270.793579	-236.869553	2143.465576	991.231262	48.869038	2076.403809	986.696716	-479.810760	2249.615845	761.451904	38.581594	2128.209595	746.624268	-501.397675	2230.977295	892.575317	-80.018715	2208.610352	907.955078	-383.907043	2015.374512	907.874023	-216.314911	2033.190674	1021.333923	-211.882935	2301.490723	1013.360840	-225.079147	2154.501709	563.034851	-7.796868	2176.286133	419.641602	-54.212955	2064.336426	327.382629	-20.506567	1885.920898	178.571838	-109.356224	1850.879517	216.432983	-169.995514	1946.911499	74.277275	-140.904221	2186.515137	589.279602	-406.227783	2217.726807	426.621460	-319.430084	2201.279053	246.268341	-376.540009	2167.747070	48.116936	-280.141113	2100.433838	31.902071	-232.408691	2281.609131	33.437294	-233.302490
294	2.93000000	2217.037842	1305.455566	-61.150578	2185.631592	1307.658325	-394.309845	2117.991211	1369.369995	-210.402405	2263.828369	1271.861572	-237.026428	2152.240967	992.132568	47.220985	2094.478516	987.498291	-482.040985	2255.075684	760.804291	37.755849	2152.234985	748.674713	-502.910278	2242.922363	894.206421	-80.633690	2219.980957	909.032166	-384.746765	2027.129639	909.466003	-216.690323	2045.103638	1022.749084	-212.856125	2312.844238	1014.413086	-224.682007	2174.293457	564.058960	-8.153646	2202.113770	421.804504	-53.739384	2092.682129	327.096466	-20.422709	1917.805542	173.962311	-109.494232	1880.670166	209.419418	-170.620407	1984.200806	73.182045	-139.189301	2195.614014	590.317993	-406.887756	2221.154785	426.641815	-319.912415	2202.929932	246.125626	-376.801849	2167.867920	48.139820	-280.198761	2100.461182	32.164829	-232.456024	2281.633789	33.363331	-233.333588
295	2.94000000	2228.371582	1306.602661	-61.178482	2198.751221	1308.864258	-394.569824	2130.241211	1370.550049	-211.112778	2275.981689	1272.839233	-237.141388	2160.917236	993.006104	45.630299	2112.583740	988.263184	-484.224609	2260.571899	760.250153	37.017394	2176.481323	750.895050	-504.314804	2254.927246	895.743530	-81.472229	2231.159668	909.985901	-385.706177	2038.854980	910.837036	-216.826126	2056.965088	1023.983032	-213.782211	2324.206543	1015.367065	-224.337204	2193.830078	565.071472	-8.675597	2227.560547	424.143372	-53.603729	2121.154053	326.509949	-20.421534	1950.634766	168.115372	-109.453972	1911.388672	200.998764	-170.913818	2022.551880	71.385017	-137.512985	2204.743652	591.253540	-407.468933	2224.398438	426.682983	-320.342224	2204.373535	246.028900	-377.037659	2167.986328	48.181568	-280.237457	2100.499023	32.454594	-232.506393	2281.661133	33.297302	-233.346176
296	2.95000000	2239.599609	1307.680542	-61.180466	2211.730469	1309.970337	-394.838715	2142.402100	1371.562500	-211.837860	2288.064209	1273.697510	-237.206848	2169.492432	993.827148	44.110966	2130.693115	988.959961	-486.354889	2266.135620	759.772980	36.378035	2200.901001	753.269135	-505.614227	2266.988037	897.149170	-82.515938	2242.172363	910.784729	-386.775208	2050.551514	911.960449	-216.750275	2068.784912	1025.021606	-214.639206	2335.604248	1016.206787	-224.055252	2213.144287	566.077698	-9.377728	2252.577148	426.593781	-53.794888	2149.702637	325.623108	-20.503309	1984.406860	161.158508	-109.223709	1943.079102	191.290619	-170.873581	2061.858398	68.993492	-135.856857	2213.762207	592.048645	-407.950531	2227.475586	426.744232	-320.701843	2205.630615	245.970566	-377.238983	2168.101807	48.241337	-280.257507	2100.550537	32.774364	-232.563095	2281.699463	33.247269	-233.335205
297	2.96000000	2250.731934	1308.658081	-61.163193	2224.584717	1310.943970	-395.117615	2154.494385	1372.394409	-212.580261	2300.090820	1274.410522	-237.219116	2177.973633	994.567200	42.675060	2148.789551	989.557678	-488.425171	2271.797119	759.346039	35.847637	2225.442627	755.773926	-506.809418	2279.099609	898.390564	-83.730194	2253.053223	911.400513	-387.930115	2062.215332	912.827942	-216.505569	2080.571289	1025.859863	-215.409134	2347.054688	1016.921875	-223.842865	2232.266357	567.079407	-10.257337	2277.131592	429.096497	-54.292248	2178.272461	324.443359	-20.664785	2019.146362	153.249542	-108.797356	1975.784302	180.436707	-170.514099	2102.042480	66.136940	-134.204712	2222.560791	592.671021	-408.327759	2230.429443	426.825867	-320.986023	2206.759766	245.944595	-377.402100	2168.214844	48.319729	-280.260590	2100.619141	33.127316	-232.628174	2281.753418	33.217518	-233.302811
298	2.97000000	2261.781250	1309.503296	-61.133839	2237.331543	1311.751953	-395.402100	2166.537354	1373.037231	-213.336716	2312.074463	1274.957886	-237.179840	2186.380127	995.196899	41.330513	2166.866211	990.030762	-490.431427	2277.589111	758.936707	35.433663	2250.055420	758.383270	-507.901077	2291.256104	899.439514	-85.070244	2263.846680	911.812378	-389.137512	2073.843262	913.446045	-216.142761	2092.327637	1026.499268	-216.081039	2358.564697	1017.505920	-223.702957	2251.213379	568.066467	-11.291862	2301.197266	431.600098	-55.071186	2206.799561	322.974884	-20.900187	2054.893311	144.565720	-108.174957	2009.548706	168.604721	-169.864105	2143.043701	62.963242	-132.551132	2231.088379	593.106934	-408.609558	2233.313477	426.928436	-321.198242	2207.835449	245.949188	-377.528534	2168.326172	48.419289	-280.247253	2100.705566	33.517365	-232.698486	2281.821045	33.204857	-233.255936
299	2.98000000	2272.765625	1310.185059	-61.098713	2249.989990	1312.362915	-395.684326	2178.545898	1373.486572	-214.096130	2324.027588	1275.325439	-237.095886	2194.741699	995.689514	40.081135	2184.924072	990.362000	-492.371704	2283.547607	758.511719	35.141604	2274.689697	761.070984	-508.889969	2303.449219	900.270508	-86.487198	2274.606201	912.011353	-390.358368	2085.438721	913.833191	-215.711868	2104.051514	1026.944214	-216.651230	2370.133301	1017.954712	-223.634628	2269.989258	569.022339	-12.451491	2324.735107	434.058044	-56.109512	2235.218750	321.223572	-21.209486	2091.678223	135.290680	-107.373558	2044.428955	155.982452	-168.970291	2184.808350	59.637489	-130.908875	2239.337402	593.362671	-408.813049	2236.170898	427.054047	-321.347168	2208.918701	245.987701	-377.623383	2168.433838	48.544262	-280.215302	2100.805420	33.950386	-232.762924	2281.898682	33.201885	-233.200089
300	2.99000000	2283.708252	1310.676514	-61.062534	2262.579590	1312.750244	-395.955566	2190.531494	1373.739624	-214.842514	2335.960693	1275.505493	-236.978226	2203.099854	996.024719	38.928932	2202.970459	990.542297	-494.242249	2289.705200	758.040070	34.974113	2299.299683	763.813049	-509.776978	2315.667969	900.860352	-87.933632	2285.392334	912.003296	-391.552246	2097.012207	914.014343	-215.255905	2115.738525	1027.200684	-217.120300	2381.753418	1018.264099	-223.633286	2288.574219	569.927795	-13.714659	2347.684326	436.425140	-57.388573	2263.485840	319.213196	-21.609310	2129.511719	125.616821	-106.432747	2080.499512	142.769608	-167.897156	2227.287842	56.344086	-129.311310	2247.301270	593.457153	-408.958923	2239.015625	427.208221	-321.443665	2210.034424	246.068954	-377.691498	2168.533203	48.701324	-280.159088	2100.906250	34.434788	-232.800690	2281.984131	33.202061	-233.137314
301	3.00000000	2294.635254	1310.956787	-61.029217	2275.120117	1312.895264	-396.207611	2202.500732	1373.794067	-215.561035	2347.882812	1275.495728	-236.840408	2211.503906	996.191772	37.876991	2221.014160	990.569946	-496.035156	2296.085449	757.493713	34.929024	2323.842163	766.589539	-510.562653	2327.901367	901.189941	-89.367912	2296.266846	911.808289	-392.681458	2108.583740	914.015930	-214.807175	2127.389893	1027.275513	-217.489731	2393.414551	1018.428894	-223.690491	2306.916992	570.756775	-15.080862	2369.965332	438.655029	-58.891464	2291.584229	316.995331	-22.131866	2168.388916	115.757042	-105.409248	2117.835205	129.183899	-166.721451	2270.426025	53.280907	-127.813797	2254.954590	593.416199	-409.069550	2241.825439	427.401978	-321.498779	2211.161865	246.207428	-377.734467	2168.617676	48.901154	-280.069244	2100.991699	34.981445	-232.783615	2282.075195	33.200874	-233.068100
302	3.01000000	2305.573486	1311.013428	-61.002434	2287.628174	1312.787109	-396.433014	2214.457031	1373.647949	-216.241684	2359.800781	1275.297119	-236.696106	2220.010498	996.188782	36.931377	2239.062012	990.449707	-497.739716	2302.702637	756.848877	34.999063	2348.276367	769.385223	-511.246475	2340.140869	901.247192	-90.755600	2307.281738	911.454590	-393.715027	2120.179932	913.860718	-214.385788	2139.018311	1027.173462	-217.759720	2405.106934	1018.442017	-223.793411	2324.931641	571.472961	-16.575212	2391.486328	440.696838	-60.606106	2319.503662	314.640472	-22.811565	2208.279785	105.947105	-104.372658	2156.472168	115.476326	-165.531754	2314.140137	50.642921	-126.495224	2262.248047	593.270325	-409.169891	2244.549561	427.652405	-321.523010	2212.242188	246.422379	-377.751068	2168.682861	49.159424	-279.934448	2101.051025	35.604008	-232.683563	2282.167969	33.195091	-232.992340
303	3.02000000	2316.548340	1310.842163	-60.985474	2300.117188	1312.423218	-396.624847	2226.402344	1373.300659	-216.878296	2371.719482	1274.912964	-236.557053	2228.679932	996.021423	36.101486	2257.116455	990.191528	-499.344391	2309.567261	756.087982	35.174002	2372.564087	772.189392	-511.826080	2352.385254	901.029602	-92.068817	2318.468018	910.970215	-394.634003	2131.830811	913.564636	-214.001251	2150.643311	1026.895874	-217.930084	2416.827148	1018.294434	-223.925446	2342.506592	572.028381	-18.241917	2412.148438	442.491791	-62.530289	2347.213623	312.220978	-23.675379	2249.107910	96.437737	-103.406570	2196.368164	101.937424	-164.433060	2358.302246	48.608398	-125.451683	2269.110352	593.053040	-409.289337	2247.129395	427.981110	-321.526703	2213.199707	246.735764	-377.741791	2168.727539	49.496044	-279.744476	2101.085938	36.320034	-232.478851	2282.255615	33.182354	-232.908997
304	3.03000000	2327.582520	1310.446289	-60.980972	2312.596191	1311.808105	-396.776917	2238.337158	1372.752808	-217.465302	2383.642822	1274.347778	-236.432434	2237.567871	995.699829	35.397263	2275.173096	989.808228	-500.838898	2316.689087	755.200958	35.443910	2396.669678	774.994202	-512.298141	2364.640869	900.546753	-93.285873	2329.822998	910.375488	-395.436584	2143.558350	913.135559	-213.655960	2162.285645	1026.441650	-218.004303	2428.579834	1017.976196	-224.067368	2359.519531	572.366089	-20.130169	2431.862061	443.978119	-64.667816	2374.656006	309.800049	-24.742208	2290.725830	87.479431	-102.610565	2237.382568	88.889313	-163.545700	2402.733154	47.330315	-124.778236	2275.462891	592.799133	-409.458862	2249.528076	428.409485	-321.520966	2213.972656	247.168701	-377.710876	2168.753906	49.932198	-279.491608	2101.110352	37.150650	-232.154755	2282.329834	33.161343	-232.815247
305	3.04000000	2338.694824	1309.836182	-60.990536	2325.072266	1310.953003	-396.885101	2250.262939	1372.007568	-217.995743	2395.574707	1273.608154	-236.328400	2246.714111	995.234375	34.823818	2293.220947	989.314819	-502.216278	2324.079346	754.186188	35.801393	2420.559692	777.793182	-512.658691	2376.920166	899.820740	-94.392479	2341.315674	909.682434	-396.136475	2155.371338	912.574219	-213.347794	2173.964111	1025.810425	-217.991867	2440.377197	1017.477966	-224.198776	2375.857178	572.425537	-22.276413	2450.572998	445.103088	-67.017128	2401.744385	307.427917	-26.026154	2332.897217	79.303940	-102.096977	2279.272461	76.664246	-162.993149	2447.196777	46.921745	-124.546364	2281.247070	592.543396	-409.703766	2251.753906	428.951691	-321.518524	2214.536621	247.737106	-377.664795	2168.765625	50.486835	-279.170074	2101.144043	38.118397	-231.701660	2282.383545	33.132740	-232.706711
306	3.05000000	2349.901367	1309.027344	-61.014339	2337.549561	1309.876343	-396.947906	2262.183838	1371.070923	-218.462997	2407.519531	1272.701416	-236.247513	2256.138428	994.633362	34.378452	2311.242920	988.727234	-503.471893	2331.752563	753.050507	36.242035	2444.202515	780.580902	-512.903427	2389.237061	898.884583	-95.383377	2352.906982	908.897217	-396.752289	2167.262939	911.877380	-213.072205	2185.696289	1025.002075	-217.908051	2452.236816	1016.792847	-224.299454	2391.435791	572.150146	-24.686493	2468.278809	445.831268	-69.565788	2428.361816	305.142548	-27.541620	2375.293213	72.109894	-101.977997	2321.699463	65.573830	-162.886353	2491.394775	47.436993	-124.785744	2286.455566	592.319092	-410.036011	2253.876953	429.608459	-321.533600	2214.925781	248.447632	-377.610168	2168.766602	51.175117	-278.777039	2101.206543	39.245216	-231.119003	2282.416748	33.100842	-232.582245
307	3.06000000	2361.216309	1308.038940	-61.051388	2350.029785	1308.602783	-396.967072	2274.104736	1369.951538	-218.865494	2419.483154	1271.636597	-236.189606	2265.844238	993.903076	34.052223	2329.215576	988.059998	-504.601196	2339.724365	751.806030	36.763837	2467.566406	783.352295	-513.028091	2401.604248	897.779541	-96.261826	2364.567627	908.021851	-397.298370	2179.220459	911.040710	-212.823441	2197.503418	1024.011475	-217.773041	2464.179443	1015.918152	-224.351364	2406.213135	571.493347	-27.322031	2485.027100	446.145905	-72.294510	2454.355713	302.972504	-29.308430	2417.504639	66.051109	-102.349197	2364.246826	55.878227	-163.321350	2534.971436	48.863777	-125.475906	2291.154053	592.154968	-410.452454	2256.025146	430.363159	-321.579834	2215.236816	249.294662	-377.553192	2168.766113	52.008186	-278.317688	2101.314941	40.550476	-230.422760	2282.444824	33.073299	-232.450180
308	3.07000000	2372.650635	1306.890259	-61.100403	2362.513184	1307.162109	-396.947571	2286.031250	1368.660278	-219.208893	2431.472900	1270.423218	-236.153809	2275.828369	993.047668	33.833042	2347.108643	987.325134	-505.600403	2348.010498	750.465393	37.366217	2490.618774	786.102325	-513.029266	2414.032471	896.550842	-97.036743	2376.277832	907.053101	-397.785461	2191.235596	910.058228	-212.594879	2209.416992	1022.825134	-217.609985	2476.224854	1014.857788	-224.341568	2420.195068	570.424805	-30.094618	2500.902100	446.047058	-75.182495	2479.534912	300.939423	-31.353542	2459.061523	61.220047	-103.277840	2406.443848	47.759068	-164.383606	2577.527588	51.130623	-126.552277	2295.488525	592.070435	-410.943359	2258.371094	431.180206	-321.667480	2215.617920	250.258743	-377.500336	2168.780762	52.990330	-277.809296	2101.483398	42.048950	-229.650620	2282.489990	33.057095	-232.326019
309	3.08000000	2384.213135	1305.599731	-61.160286	2374.999756	1305.586914	-396.896637	2297.968994	1367.210449	-219.502060	2443.496582	1269.072388	-236.139786	2286.084473	992.069153	33.708019	2364.884766	986.532532	-506.468781	2356.626343	749.038544	38.049528	2513.326294	788.826843	-512.904831	2426.532227	895.242554	-97.719681	2388.021240	905.983582	-398.225952	2203.316650	908.920898	-212.380142	2221.479004	1021.427734	-217.439346	2488.390625	1013.623779	-224.264893	2433.440674	568.935120	-32.874039	2516.015869	445.548248	-78.209198	2503.676025	299.052582	-33.708717	2499.458740	57.630043	-104.796478	2447.788086	41.294147	-166.137070	2618.639404	54.117085	-127.926147	2299.680908	592.069275	-411.502594	2261.110840	432.006866	-321.801697	2216.242432	251.308334	-377.458466	2168.835449	54.115181	-277.283569	2101.722900	43.749699	-228.861603	2282.570557	33.054901	-232.224091
310	3.09000000	2395.909180	1304.184448	-61.229259	2387.489014	1303.911133	-396.821625	2309.925293	1365.619263	-219.751480	2455.562744	1267.597168	-236.147461	2296.604980	990.968323	33.665478	2382.502441	985.691284	-507.209167	2365.585571	747.532135	38.815178	2535.655640	791.523163	-512.654724	2439.117188	893.893066	-98.322983	2399.784424	904.804077	-398.637054	2215.492920	907.617310	-212.174500	2233.732910	1019.815247	-217.270950	2500.687500	1012.236267	-224.125580	2446.053223	567.033081	-35.519405	2530.499756	444.670013	-81.354561	2526.551025	297.296173	-36.405605	2538.188477	55.207466	-106.901520	2487.760010	36.439106	-168.602631	2657.878174	57.656818	-129.512161	2304.007812	592.131531	-412.127319	2264.437988	432.779572	-321.983429	2217.280029	252.405975	-377.437836	2168.961914	55.368481	-276.788208	2102.041504	45.657284	-228.129288	2282.695068	33.066971	-232.155594
311	3.10000000	2407.741455	1302.659424	-61.303169	2399.981689	1302.167725	-396.727722	2321.908447	1363.908203	-219.959610	2467.680664	1266.013550	-236.175049	2307.386475	989.747253	33.697723	2399.917236	984.809570	-507.828339	2374.897217	745.950470	39.664709	2557.573730	794.189362	-512.280807	2451.807861	892.531250	-98.859077	2411.554199	903.506226	-399.040955	2227.814453	906.137695	-211.974014	2246.205811	1018.002991	-217.099014	2513.120850	1010.722351	-223.936935	2458.159668	564.732910	-37.930603	2544.497314	443.433319	-84.600609	2547.969971	295.621918	-39.467232	2574.777588	53.798519	-109.557381	2525.844971	33.026997	-171.750870	2694.832031	61.539188	-131.254395	2308.764893	592.212036	-412.811279	2268.521240	433.432434	-322.212616	2218.870117	253.517136	-377.460876	2169.196777	56.736851	-276.381439	2102.446045	47.776005	-227.529037	2282.866943	33.094936	-232.130356
312	3.11000000	2419.709717	1301.039673	-61.374382	2412.478027	1300.386841	-396.617340	2333.928955	1362.101685	-220.125458	2479.859375	1264.341797	-236.217148	2318.432129	988.411804	33.802868	2417.086182	983.895203	-508.336212	2384.565063	744.296112	40.598826	2579.047852	796.823181	-511.786453	2464.632080	891.175049	-99.341866	2423.320312	902.084961	-399.463531	2240.340088	904.478882	-211.771530	2258.895020	1016.023865	-216.904739	2525.690674	1009.114685	-223.719864	2469.885742	562.043091	-40.095890	2558.151611	441.859497	-87.934143	2567.833008	293.955200	-42.895275	2608.819580	53.182789	-112.708282	2561.556641	30.791807	-175.515976	2729.131104	65.516388	-133.143234	2314.223877	592.248596	-413.544037	2273.483643	433.906830	-322.491638	2221.106201	254.616623	-377.566071	2169.573975	58.214481	-276.118744	2102.942139	50.114605	-227.123505	2283.088135	33.142544	-232.155182
313	3.12000000	2431.812500	1299.340210	-61.432102	2424.978516	1298.594727	-396.490051	2345.997803	1360.223389	-220.244019	2492.108887	1262.605713	-236.264160	2329.752197	986.971375	33.982594	2433.969238	982.955627	-508.743103	2394.590332	742.572693	41.618364	2600.045288	799.420929	-511.176453	2477.623047	889.829346	-99.789444	2435.083252	900.541565	-399.931091	2253.124512	902.648682	-211.552185	2271.769287	1013.920288	-216.662979	2538.392090	1007.449646	-223.501419	2481.349365	558.975708	-42.102840	2571.593994	439.977814	-91.347771	2586.161377	292.212677	-46.659779	2639.990723	53.086197	-116.297302	2594.465088	29.410103	-179.815292	2760.474854	69.310074	-135.219330	2320.592773	592.174622	-414.314728	2279.391113	434.161163	-322.826508	2224.033691	255.689896	-377.794678	2170.118896	59.805454	-276.039642	2103.538574	52.689232	-226.951462	2283.360107	33.213974	-232.232452
314	3.13000000	2444.045654	1297.577881	-61.463272	2437.483887	1296.814575	-396.342041	2358.126709	1358.294678	-220.305862	2504.438965	1260.831665	-236.303085	2341.355713	985.437195	34.237179	2450.531738	981.999329	-509.059143	2404.976074	740.787781	42.725683	2620.532471	801.976837	-510.457947	2490.817627	888.486572	-100.226410	2446.864746	898.887634	-400.464478	2266.205566	900.669739	-211.293961	2284.779297	1011.735168	-216.350708	2551.218018	1005.764404	-223.312729	2492.681641	555.578125	-44.098145	2584.931885	437.834290	-94.836021	2603.094482	290.322296	-50.700256	2668.062500	53.201908	-120.280777	2624.224365	28.549898	-184.557999	2788.656982	72.614815	-137.568130	2327.996582	591.932556	-415.114532	2286.251709	434.177307	-323.225220	2227.654297	256.732727	-378.173645	2170.845703	61.524399	-276.160889	2104.248291	55.524376	-227.023895	2283.684570	33.312325	-232.361542
315	3.14000000	2456.403564	1295.770874	-61.453194	2449.996582	1295.067749	-396.166565	2370.325439	1356.333252	-220.298431	2516.858643	1259.047852	-236.319168	2353.248779	983.819946	34.563206	2466.744141	981.034973	-509.295380	2415.728638	738.953217	43.923580	2640.475220	804.482819	-509.641342	2504.254150	887.128784	-100.684036	2458.718750	897.151184	-401.071167	2279.593994	898.580872	-210.974106	2297.877441	1009.505493	-215.956573	2564.165039	1004.092285	-223.185791	2504.060547	551.964539	-46.216122	2598.242432	435.493408	-98.386330	2618.847900	288.238953	-54.939175	2692.915283	53.229301	-124.624283	2650.590820	27.917990	-189.639740	2813.583252	75.112480	-140.312149	2336.473389	591.483704	-415.938782	2294.024170	433.959991	-323.694519	2231.940186	257.751709	-378.712402	2171.761963	63.395290	-276.476898	2105.089600	58.651531	-227.327393	2284.063965	33.438873	-232.539322
316	3.15000000	2468.881348	1293.937622	-61.386295	2462.521973	1293.374878	-395.955536	2382.602539	1354.354248	-220.207855	2529.376221	1257.284058	-236.297989	2365.432617	982.130127	34.955456	2482.582764	980.069397	-509.462433	2426.854492	737.082306	45.211481	2659.838867	806.927490	-508.740387	2517.968506	885.732910	-101.197739	2470.734619	895.377502	-401.739166	2293.274170	896.433228	-210.577682	2311.035889	1007.261780	-215.486420	2577.235352	1002.459656	-223.149185	2515.713135	548.323975	-48.515499	2611.565186	433.029083	-101.970947	2633.654785	285.948120	-59.299561	2714.549805	52.922569	-129.282959	2673.431641	27.297131	-194.929123	2835.273926	76.507454	-143.599899	2345.993408	590.811707	-416.787292	2302.637451	433.530731	-324.237091	2236.847168	258.762756	-379.409027	2172.870605	65.447868	-276.966156	2106.087158	62.106453	-227.832504	2284.502197	33.592518	-232.758316
317	3.16000000	2481.478516	1292.096191	-61.247616	2475.066162	1291.757202	-395.701782	2394.964844	1352.372925	-220.019943	2542.000000	1255.571655	-236.226974	2377.906006	980.379883	35.408207	2498.029785	979.107849	-509.568146	2438.355103	735.185181	46.580824	2678.588989	809.294464	-507.771500	2531.986328	884.276855	-101.801720	2483.010498	893.614624	-402.442169	2307.210938	894.283691	-210.103790	2324.259033	1005.031433	-214.963272	2590.440430	1000.885315	-223.223801	2527.868408	544.894775	-50.955757	2624.902100	430.512238	-105.545723	2647.710938	283.462189	-63.717567	2733.087158	52.131153	-134.179123	2692.723389	26.569187	-200.252472	2853.854004	76.571640	-147.583054	2356.482666	589.919067	-417.660156	2312.012695	432.920074	-324.852661	2242.326416	259.787292	-380.256195	2174.177246	67.714172	-277.602356	2107.274170	65.927513	-228.503937	2285.002441	33.768764	-233.006027
318	3.17000000	2494.197021	1290.263306	-61.025085	2487.637207	1290.237671	-395.400604	2407.418945	1350.410522	-219.721497	2554.737305	1253.943970	-236.096024	2390.662842	978.584595	35.913586	2513.072998	978.156921	-509.617401	2450.219238	733.265594	48.011367	2696.692139	811.560120	-506.752655	2546.312744	882.746094	-102.521736	2495.615479	891.891602	-403.153748	2321.359131	892.189636	-209.567322	2337.584961	1002.843323	-214.428329	2603.801758	999.384216	-223.419266	2540.692627	541.913940	-53.422890	2638.226807	428.008820	-109.054588	2661.162598	280.830261	-68.141006	2748.752197	50.823269	-139.185333	2708.549561	25.725048	-205.384430	2869.534668	75.181374	-152.377945	2367.846924	588.821899	-418.552124	2322.082520	432.160217	-325.540955	2248.334229	260.848846	-381.246124	2175.697998	70.227165	-278.365936	2108.697266	70.157471	-229.311783	2285.567871	33.958431	-233.267990
319	3.18000000	2507.039551	1288.455933	-60.712303	2500.244141	1288.841553	-395.051178	2419.972656	1348.498291	-219.302872	2567.594727	1252.435913	-235.897797	2403.694580	976.764404	36.460388	2527.704102	977.227417	-509.610046	2462.421509	731.324097	49.471334	2714.114624	813.692291	-505.702576	2560.923584	881.142151	-103.367493	2508.579834	890.211670	-403.853699	2335.673096	890.206238	-208.997589	2351.074219	1000.730652	-213.942856	2617.349854	997.974243	-223.731766	2554.243652	539.557068	-55.791672	2651.517090	425.595459	-112.434357	2674.142822	278.169464	-72.508614	2761.850342	49.091282	-144.117462	2721.097412	24.855276	-210.053787	2882.590820	72.340118	-158.018997	2379.991943	587.546936	-419.452026	2332.803711	431.279144	-326.303955	2254.843506	261.971039	-382.374573	2177.467285	73.020821	-279.252106	2110.424561	74.848091	-230.241730	2286.197998	34.147274	-233.532242
320	3.19000000	2520.008301	1286.693604	-60.310909	2512.900635	1287.598267	-394.657410	2432.637207	1346.682129	-218.760605	2580.575439	1251.084717	-235.627869	2416.993408	974.945801	37.034534	2541.917480	976.333679	-509.536896	2474.931152	729.369873	50.925993	2730.822388	815.651306	-504.641083	2575.762207	879.491394	-104.325378	2521.911133	888.564087	-404.522522	2350.108154	888.383423	-208.437149	2364.781738	998.733948	-213.584488	2631.118408	996.682983	-224.144470	2568.471191	537.899292	-57.985733	2664.795166	423.384338	-115.616982	2686.826416	275.683594	-76.723923	2772.736328	47.132748	-148.745880	2730.660889	24.111792	-213.973434	2893.336914	68.191452	-164.417023	2392.833252	586.128845	-420.347809	2344.167725	430.299774	-327.150116	2261.853760	263.176727	-383.642792	2179.544678	76.130791	-280.274994	2112.555420	80.063545	-231.300964	2286.890381	34.318150	-233.792908
321	3.20000000	2533.104736	1285.002930	-59.831795	2525.627686	1286.542603	-394.228210	2445.424316	1345.023438	-218.099823	2593.679443	1249.931152	-235.284409	2430.555420	973.163940	37.619057	2555.711914	975.497314	-509.383575	2487.736084	727.434723	52.351054	2746.780762	817.391785	-503.589279	2590.741455	877.852783	-105.352898	2535.604980	886.937805	-405.134521	2364.611572	886.762695	-207.943512	2378.723389	996.903748	-213.437027	2645.132080	995.553101	-224.630737	2583.254150	536.928772	-59.988873	2678.162109	421.536926	-118.529892	2699.454346	273.633392	-80.645660	2781.776367	45.199795	-152.833191	2737.635254	23.642992	-216.899414	2902.095459	63.024372	-171.334778	2406.300537	584.607666	-421.232880	2356.206299	429.241882	-328.097229	2269.407715	264.486145	-385.057922	2182.020996	79.595177	-281.466705	2115.226318	85.879440	-232.517853	2287.643066	34.455223	-234.052567
322	3.21000000	2546.328369	1283.420166	-59.295315	2538.453857	1285.714844	-393.775787	2458.346436	1343.595337	-217.336639	2606.900879	1249.016724	-234.868057	2444.380371	971.465210	38.194489	2569.095459	974.752686	-509.142273	2500.853271	725.576599	53.735785	2761.955078	818.865601	-502.567581	2605.757080	876.322205	-106.377098	2549.643555	885.329773	-405.655975	2379.116699	885.379333	-207.588577	2392.848633	995.302307	-213.575226	2659.393311	994.642029	-225.158707	2598.462402	536.603088	-61.797836	2691.795166	420.247314	-121.099937	2712.309814	272.263397	-84.099274	2789.299316	43.522514	-156.193741	2742.491455	23.528294	-218.704926	2909.161621	57.257450	-178.395538	2420.339111	583.022827	-422.110535	2368.989502	428.118561	-329.169678	2277.603760	265.914612	-386.633911	2185.020752	83.454895	-282.870850	2118.614258	92.375916	-233.935043	2288.460205	34.548061	-234.322861
323	3.22000000	2559.671631	1281.992188	-58.730366	2551.412598	1285.157471	-393.310791	2471.409912	1342.470703	-216.498199	2620.228271	1248.378174	-234.382233	2458.469238	969.907227	38.741074	2582.089355	974.147156	-508.818909	2514.310059	723.868347	55.072616	2776.314331	820.025970	-501.592590	2620.704590	875.032166	-107.301048	2563.988525	883.750183	-406.046844	2393.548340	884.265076	-207.449341	2407.044434	993.998047	-214.045044	2673.869385	994.014954	-225.696533	2614.029053	536.902832	-63.356796	2705.899658	419.686646	-123.267021	2725.652100	271.705383	-86.910828	2795.551758	42.235863	-158.748611	2745.727295	23.752394	-219.429932	2914.782227	51.376827	-185.139389	2434.907959	581.405334	-422.995514	2382.621094	426.927429	-330.397522	2286.594971	267.469513	-388.392487	2188.698486	87.751450	-284.535065	2122.932373	99.623985	-235.598145	2289.360596	34.595791	-234.623581
324	3.23000000	2573.116211	1280.773315	-58.171806	2564.536377	1284.908447	-392.836700	2484.611328	1341.705688	-215.619858	2633.642090	1248.039673	-233.834595	2472.820312	968.553650	39.240738	2594.724365	973.731995	-508.431732	2528.126465	722.385315	56.348516	2789.835938	820.832733	-500.675156	2635.499512	874.141418	-108.022293	2578.574707	882.221130	-406.263519	2407.840332	883.441467	-207.591400	2421.171875	993.050415	-214.843460	2688.482666	993.730591	-226.218353	2629.996826	537.847656	-64.525833	2720.607178	419.923950	-125.003845	2739.610840	271.895294	-88.968178	2800.688721	41.355484	-160.536591	2747.808594	24.232048	-219.270462	2919.166260	45.838352	-191.118652	2449.973633	579.770264	-423.915619	2397.225830	425.643738	-331.821716	2296.569336	269.149109	-390.359497	2193.227539	92.519096	-286.504028	2128.414795	107.666573	-237.546783	2290.387207	34.613564	-234.983597
325	3.24000000	2586.632080	1279.820801	-57.655884	2577.844238	1284.989624	-392.348755	2497.930664	1341.327271	-214.743057	2647.114746	1248.005981	-233.239410	2487.422607	967.464661	39.678062	2607.035156	973.551575	-508.010864	2542.314819	721.198273	57.545416	2802.513550	821.256683	-499.820999	2650.088135	873.810120	-108.460976	2593.309326	880.768311	-406.262238	2421.952637	882.906250	-208.050537	2435.120117	992.495850	-215.908218	2703.116699	993.823303	-226.709503	2646.490479	539.476562	-65.111794	2735.855225	420.866852	-126.326164	2754.068848	272.572174	-90.278107	2804.812012	40.814789	-161.674789	2749.125732	24.862663	-218.513290	2922.509277	40.990685	-195.997284	2465.508789	578.112732	-424.910522	2412.927979	424.221436	-333.493958	2307.708496	270.945587	-392.557526	2198.784668	97.772774	-288.815155	2135.291260	116.497993	-239.813858	2291.622559	34.641674	-235.445038
326	3.25000000	2600.178467	1279.186035	-57.214024	2591.329834	1285.396973	-391.840363	2511.327881	1341.327393	-213.914963	2660.610352	1248.263306	-232.619308	2502.249268	966.688171	40.041885	2619.056152	973.632812	-507.594055	2556.883179	720.366730	58.643402	2814.360229	821.282135	-499.032104	2664.447998	874.164856	-108.586411	2608.076904	879.411743	-406.007111	2435.873535	882.632019	-208.820175	2448.848389	992.341248	-217.133026	2717.633789	994.289185	-227.169891	2663.595459	541.799316	-64.954857	2751.330322	422.269226	-127.280426	2768.606934	273.382965	-90.965050	2808.018066	40.520306	-162.307587	2749.974365	25.549805	-217.451645	2925.000488	37.045410	-199.622910	2481.491699	576.409668	-426.023010	2429.820801	422.602509	-335.463196	2320.145508	272.854187	-394.998993	2205.535645	103.497231	-291.496094	2143.755615	126.047218	-242.429184	2293.207275	34.755077	-236.067963
327	3.26000000	2613.708496	1278.906128	-56.867512	2604.954102	1286.097168	-391.313995	2524.745850	1341.669312	-213.185089	2674.086670	1248.784546	-232.006210	2517.253906	966.252930	40.327145	2630.814453	973.976440	-507.214294	2571.836914	719.931427	59.622242	2825.409668	820.908356	-498.309372	2678.578613	875.265625	-108.428513	2622.751709	878.162903	-405.484375	2449.612549	882.583252	-209.848190	2462.392090	992.566223	-218.407074	2731.906250	995.083374	-227.614761	2681.196777	544.738342	-64.024391	2766.528809	423.813354	-127.917427	2782.589844	274.020782	-91.207489	2810.423096	40.384411	-162.576416	2750.553223	26.220499	-216.316055	2926.814941	34.070351	-202.050461	2497.903564	574.629089	-427.283936	2447.939941	420.735626	-337.758423	2333.937500	274.883942	-397.683838	2213.628906	109.642235	-294.557922	2153.937012	136.169556	-245.420319	2295.366455	35.070179	-236.932083
328	3.27000000	2627.175537	1278.997437	-56.626125	2618.644775	1287.035400	-390.788086	2538.122070	1342.300415	-212.597168	2687.500000	1249.538574	-231.440079	2532.372803	966.165161	40.535103	2642.324219	974.555115	-506.887329	2587.175537	719.910706	60.461729	2835.712646	820.150513	-497.656143	2692.487549	877.091187	-108.068237	2637.207031	877.027039	-404.715729	2463.188232	882.735535	-211.038483	2475.836670	993.131348	-219.649155	2745.841553	996.129822	-228.071838	2698.891113	548.099487	-62.458755	2780.895996	425.215179	-128.277710	2795.363281	274.316101	-91.169838	2812.160645	40.336613	-162.607651	2750.975586	26.824633	-215.248947	2928.104004	32.002110	-203.495972	2514.715576	572.747803	-428.699585	2467.250732	418.598175	-340.379456	2349.070557	277.059631	-400.601013	2223.196533	116.124435	-297.980377	2165.879395	146.650635	-248.804718	2298.431641	35.742100	-238.132629
329	3.28000000	2640.542236	1279.454712	-56.491283	2632.309082	1288.149658	-390.295776	2551.404297	1343.164307	-212.180313	2700.810059	1250.494019	-230.964752	2547.533691	966.410461	40.671993	2653.582031	975.318481	-506.605682	2602.893677	720.302338	61.142830	2845.328125	819.038116	-497.081116	2706.183105	879.546875	-107.614204	2651.324707	876.005798	-403.760834	2476.620361	883.084839	-212.257706	2489.274658	993.988647	-220.811310	2759.395508	997.338745	-228.574341	2716.062744	551.603027	-60.524403	2793.956787	426.288727	-128.398666	2806.444580	274.250916	-90.977890	2813.364746	40.328613	-162.507080	2751.295166	27.333992	-214.323395	2928.991211	30.688702	-204.235672	2531.870605	570.773987	-430.247223	2487.655029	416.214264	-343.298553	2365.488281	279.408722	-403.732513	2234.349854	122.834114	-301.698669	2179.538818	157.223389	-252.569046	2302.841797	36.942074	-239.771255
330	3.29000000	2653.786621	1280.252686	-56.460899	2645.848145	1289.383423	-389.878632	2564.560547	1344.211060	-211.944839	2713.983398	1251.620605	-230.622147	2562.667236	966.959229	40.748222	2664.570801	976.202698	-506.344269	2618.981812	721.087921	61.649876	2854.316406	817.609253	-496.598480	2719.671631	882.483459	-107.178101	2665.005127	875.102478	-402.711212	2489.924561	883.642517	-213.353348	2502.765625	995.086914	-221.861725	2772.568115	998.622620	-229.151901	2732.086670	554.955139	-58.531845	2805.394531	426.947510	-128.326950	2815.612793	273.911438	-90.728577	2814.155029	40.335342	-162.355911	2751.533203	27.740232	-213.572983	2929.573730	29.943827	-204.520294	2549.264648	568.766724	-431.878387	2509.007080	413.668243	-346.467346	2383.122559	281.940216	-407.052124	2247.169189	129.643753	-305.603973	2194.808838	167.591873	-256.638306	2309.102051	38.809311	-241.948669
331	3.30000000	2666.904053	1281.349487	-56.532825	2659.172607	1290.691406	-389.579102	2577.579834	1345.402344	-211.883911	2726.995361	1252.886719	-230.447296	2577.719482	967.773071	40.778538	2675.268066	977.143921	-506.077332	2635.425171	722.237274	61.971485	2862.729370	815.903534	-496.225098	2732.962158	885.716675	-106.855881	2678.179932	874.332214	-401.679352	2503.112305	884.421448	-214.181091	2516.313477	996.373962	-222.769989	2785.391846	999.908508	-229.823608	2746.512451	557.910889	-56.757095	2815.083740	427.173065	-128.123108	2822.886475	273.422485	-90.498566	2814.636719	40.348782	-162.210434	2751.701416	28.050930	-213.007370	2929.932129	29.587725	-204.546585	2566.749512	566.842285	-433.527618	2531.139160	411.112610	-349.822144	2401.909180	284.630951	-410.516754	2261.691162	136.412323	-309.561249	2211.564209	177.450134	-260.850067	2317.711182	41.386974	-244.759018
332	3.31000000	2679.904785	1282.691895	-56.706074	2672.213623	1292.040527	-389.433929	2590.467529	1346.712280	-211.978668	2739.831299	1254.258301	-230.464752	2592.655518	968.809875	40.780285	2685.654297	978.088684	-505.791504	2652.200439	723.712555	62.099848	2870.607056	813.957428	-495.975845	2746.071289	889.045593	-106.715782	2690.820557	873.733337	-400.785248	2516.192139	885.422485	-214.629776	2529.862305	997.800842	-223.502808	2797.913574	1001.148254	-230.595856	2759.116211	560.302307	-55.394058	2823.080322	426.991302	-127.859718	2828.443115	272.903717	-90.342178	2814.905273	40.368687	-162.105042	2751.812988	28.283730	-212.618195	2930.135010	29.469278	-204.459015	2584.156738	565.159668	-435.124756	2553.880859	408.761108	-353.287628	2421.788086	287.431458	-414.058502	2277.905762	142.980042	-313.434296	2229.703857	186.491119	-264.958557	2329.072021	44.573277	-248.273773
333	3.32000000	2692.808594	1284.221924	-56.980862	2684.927734	1293.408936	-389.468994	2603.237793	1348.126343	-212.203903	2752.486328	1255.701172	-230.686386	2607.460449	970.028015	40.769093	2695.717285	978.998108	-505.484589	2669.275635	725.473785	62.030403	2877.976562	811.802307	-495.859543	2759.024170	892.271851	-106.793373	2702.940918	873.371094	-400.144318	2529.170654	886.629089	-214.634689	2543.297363	999.327454	-224.027145	2810.178955	1002.326599	-231.464676	2769.861572	562.050537	-54.542301	2829.581543	426.468201	-127.614746	2832.553467	272.450378	-90.290443	2815.042725	40.396378	-162.056656	2751.882568	28.459579	-212.386002	2930.238770	29.474474	-204.354477	2601.333984	563.886475	-436.606781	2577.072754	406.857361	-356.785187	2442.689941	290.285370	-417.587006	2295.774902	149.160446	-317.106354	2249.162354	194.415527	-268.687744	2343.425537	48.124336	-252.509003
334	3.33000000	2705.639648	1285.884888	-57.358044	2697.298096	1294.784668	-389.696594	2615.905029	1349.637817	-212.533600	2764.964355	1257.184937	-231.111130	2622.134521	971.390747	40.755875	2705.455811	979.848938	-505.160095	2686.613647	727.484558	61.762255	2884.853638	809.464355	-495.876831	2771.851807	895.219849	-107.093834	2714.592285	873.329346	-399.856598	2542.053223	888.017090	-214.177826	2556.443848	1000.922485	-224.318985	2822.222900	1003.463318	-232.420135	2778.860107	563.179932	-54.215530	2834.866699	425.709167	-127.460281	2835.547119	272.119690	-90.354599	2815.113037	40.432270	-162.069641	2751.923584	28.597486	-212.286316	2930.287354	29.526554	-204.290054	2618.186035	563.152832	-437.926147	2600.576660	405.621887	-360.246124	2464.521729	293.149292	-421.003021	2315.256104	154.744064	-320.496918	2269.895264	200.953659	-271.817535	2360.833252	51.715694	-257.396057
335	3.34000000	2718.422363	1287.635010	-57.837402	2709.329102	1296.163818	-390.115082	2628.479004	1351.244507	-212.944626	2777.276123	1258.686523	-231.726746	2636.689209	972.868958	40.747017	2714.877686	980.633118	-504.822235	2704.176270	729.715607	61.297482	2891.246094	806.965973	-496.019287	2784.579590	897.758728	-107.599892	2725.836426	873.683594	-399.989838	2554.829834	889.570984	-213.284027	2569.062012	1002.552246	-224.376740	2834.065430	1004.605774	-233.449829	2786.361572	563.818237	-54.354733	2839.242676	424.845306	-127.451355	2837.778320	271.917999	-90.530937	2815.158936	40.475376	-162.139938	2751.947021	28.712814	-212.291153	2930.312744	29.580885	-204.292801	2634.703857	563.015869	-439.056976	2624.284668	405.197479	-363.624207	2487.158936	295.993835	-424.219025	2336.313965	159.514862	-323.572937	2291.860107	205.893372	-274.253082	2381.213379	55.027843	-262.782318
336	3.35000000	2731.177246	1289.438721	-58.415848	2721.040527	1297.548340	-390.710327	2640.963135	1352.942993	-213.418503	2789.434814	1260.192383	-232.512070	2651.142578	974.442078	40.746471	2723.997559	981.355713	-504.471283	2721.925293	732.145325	60.638918	2897.156982	804.329437	-496.270569	2797.221436	899.820251	-108.282196	2736.709961	874.467712	-400.558563	2567.450928	891.285339	-212.021255	2580.839355	1004.165955	-224.232239	2845.716797	1005.813538	-234.540817	2792.740967	564.163635	-54.847672	2843.005371	424.008270	-127.619057	2839.582275	271.803131	-90.807388	2815.203613	40.523029	-162.257965	2751.960205	28.817362	-212.368790	2930.335205	29.616869	-204.368011	2650.967285	563.451477	-440.000305	2648.121338	405.620483	-366.897614	2510.466553	298.773956	-427.178558	2358.909424	163.266678	-326.340027	2315.000488	209.094421	-276.035248	2404.398193	57.811001	-268.462646
337	3.36000000	2743.918457	1291.273804	-59.087101	2732.461426	1298.943848	-391.458313	2653.354980	1354.725464	-213.940109	2801.454834	1261.696899	-233.439133	2665.516113	976.097900	40.758053	2732.833008	982.031067	-504.102234	2739.822754	734.759186	59.788610	2902.587769	801.581665	-496.609512	2809.775879	901.406433	-109.107758	2747.218018	875.663940	-401.516571	2579.799316	893.149841	-210.499985	2591.390869	1005.689270	-223.949921	2857.183105	1007.139709	-235.679871	2798.444824	564.424622	-55.561611	2846.412109	423.304352	-127.968742	2841.242432	271.706909	-91.170708	2815.254639	40.570564	-162.410950	2751.968262	28.918930	-212.486710	2930.366211	29.629248	-204.506790	2667.108887	564.375488	-440.785278	2672.030762	406.829834	-370.058746	2534.333984	301.393677	-429.866333	2382.983154	165.818954	-328.820282	2339.243408	210.484955	-277.297089	2430.176270	59.909187	-274.221558
338	3.37000000	2756.652588	1293.126587	-59.842552	2743.626221	1300.357178	-392.329132	2665.651611	1356.575806	-214.494446	2813.350098	1263.199341	-234.475952	2679.833984	977.830505	40.786503	2741.402832	982.679199	-503.709442	2757.832642	737.547882	58.748169	2907.541016	798.756104	-497.014633	2822.227295	902.582275	-110.044090	2757.375732	877.223816	-402.768341	2591.674805	895.130066	-208.860489	2600.275391	1007.028137	-223.613754	2868.474854	1008.614563	-236.854218	2803.913330	564.764526	-56.379120	2849.664062	422.796265	-128.482880	2842.967285	271.569702	-91.609047	2815.309570	40.613274	-162.584091	2751.973877	29.022009	-212.616440	2930.410156	29.620253	-204.692490	2683.269287	565.676819	-441.466278	2695.956299	408.700256	-373.101562	2558.686768	303.714600	-432.307953	2408.449707	167.036804	-331.041534	2364.508301	210.050598	-278.205322	2458.312256	61.252678	-279.872009
339	3.38000000	2769.380371	1294.987793	-60.671829	2754.571289	1301.792847	-393.290802	2677.851807	1358.469116	-215.064651	2825.134277	1264.698730	-235.590317	2694.120117	979.635437	40.837223	2749.725098	983.322510	-503.292542	2775.922485	740.503540	57.519814	2912.023315	795.892242	-497.466629	2834.550049	903.455566	-111.058891	2767.247314	879.093445	-404.189575	2602.790283	897.153748	-207.250732	2607.055420	1008.083740	-223.307083	2879.609375	1010.236450	-238.053223	2809.521484	565.275940	-57.216286	2852.893799	422.497131	-129.127594	2844.874023	271.368958	-92.108177	2815.364990	40.650402	-162.761108	2751.978760	29.130186	-212.736526	2930.465576	29.593813	-204.905594	2699.563232	567.247314	-442.116364	2719.824951	411.079071	-376.017517	2583.463623	305.606232	-434.557739	2435.210938	166.847763	-333.041595	2390.722168	207.824158	-278.918121	2488.561035	61.838615	-285.281677
340	3.39000000	2782.100586	1296.847778	-61.562885	2765.331787	1303.250000	-394.312500	2689.956787	1360.372070	-215.631943	2836.820312	1266.188477	-236.754120	2708.394531	981.505981	40.916893	2757.814453	983.981628	-502.860138	2794.064209	743.614807	56.106935	2916.047974	793.032715	-497.948593	2846.715088	904.148987	-112.117104	2776.953125	881.222900	-405.648102	2612.777100	899.107605	-205.806839	2611.426025	1008.780579	-223.091034	2890.610352	1011.970398	-239.270447	2815.546631	565.987183	-58.020073	2856.159424	422.378265	-129.862106	2846.982178	271.124084	-92.646858	2815.420654	40.686150	-162.926651	2751.983154	29.248182	-212.833176	2930.527588	29.553104	-205.127838	2716.065430	568.999512	-442.815308	2743.549561	413.814270	-378.797729	2608.588623	306.983948	-436.678558	2463.169189	165.247314	-334.874390	2417.832520	203.877075	-279.564392	2520.677979	61.712177	-290.383270
341	3.40000000	2794.812988	1298.692505	-62.502628	2775.940186	1304.720337	-395.367615	2701.970703	1362.245605	-216.177643	2848.420166	1267.653198	-237.947174	2722.670654	983.431335	41.035206	2765.679199	984.669373	-502.429138	2812.233276	746.863525	54.515128	2919.635254	790.218689	-498.445831	2858.694336	904.772583	-113.178429	2786.643799	883.563049	-407.021545	2621.205322	900.847839	-204.638336	2613.449219	1009.108398	-222.986954	2901.506348	1013.754517	-240.503967	2822.148682	566.881653	-58.761612	2859.449219	422.386841	-130.647919	2849.231201	270.876434	-93.197014	2815.479248	40.726097	-163.070221	2751.986328	29.382231	-212.899155	2930.591797	29.501291	-205.345337	2732.808350	570.872925	-443.633606	2767.037109	416.771851	-381.434021	2633.968750	307.808167	-438.723267	2492.240479	162.293930	-336.610687	2445.813232	198.311340	-280.236450	2554.430420	60.950298	-295.169800
