Coordinates
version=1
nRows=181
nColumns=42
inDegrees=yes

Units are S.I. units (second, meters, Newtons, ...)
If the header above contains a line with 'inDegrees', this indicates whether rotational values are in degrees (yes) or radians (no).

endheader
time	pelvis_tilt	pelvis_list	pelvis_rotation	pelvis_tx	pelvis_ty	pelvis_tz	hip_flexion_r	hip_adduction_r	hip_rotation_r	knee_angle_r	knee_adduction_r	knee_angle_r_beta	ankle_angle_r	subtalar_angle_r	mtp_angle_r	hip_flexion_l	hip_adduction_l	hip_rotation_l	knee_angle_l	knee_adduction_l	knee_angle_l_beta	ankle_angle_l	subtalar_angle_l	mtp_angle_l	lumbar_extension	lumbar_bending	lumbar_rotation	arm_flex_r	arm_add_r	arm_rot_r	elbow_flex_r	pro_sup_r	wrist_flex_r	wrist_dev_r	arm_flex_l	arm_add_l	arm_rot_l	elbow_flex_l	pro_sup_l	wrist_flex_l	wrist_dev_l
      0.30000000	     17.65776715	      3.65254018	      5.56816268	     -1.55574880	      0.89394876	     -0.01860785	      6.20914870	     -1.21117215	    -19.50521081	     31.47590231	     -5.72836207	      0.54935813	     13.69021350	      3.96989687	     -9.58180195	    -24.87553785	     -1.39179531	     -1.95188278	     45.09001554	      1.43862238	      0.78696923	      0.59025205	     -5.78474122	     -9.58180195	    -38.95278317	     -0.70833461	     -3.29610456	      1.79068731	     -5.82980020	    -35.14720293	     27.79480943	     90.00000001	      0.00000000	      0.00000000	      7.93650115	     -8.04398607	    -31.33113561	     37.81420486	     90.00000001	      0.00000000	      0.00000000
      0.31000000	     17.78024133	      3.56295758	      5.42295667	     -1.54727261	      0.89503355	     -0.01751336	      5.47625671	     -0.94765008	    -20.27916195	     31.36245320	     -6.13719402	      0.54737807	     14.47296910	      5.18546386	     -9.42697418	    -23.77634469	     -1.41418660	     -0.90712809	     47.51586785	      1.92674454	      0.82930834	     -0.36876952	     -8.40500732	     -9.42697418	    -39.08988362	     -0.63860467	     -3.30853646	      2.04120655	     -5.95659503	    -34.15010108	     28.31712172	     90.00000001	      0.00000000	      0.00000000	      7.70917174	     -7.94227861	    -31.43419629	     37.67228251	     90.00000001	      0.00000000	      0.00000000
      0.32000000	     17.87250547	      3.36814733	      5.31425174	     -1.53903741	      0.89602846	     -0.01645329	      4.70005760	     -0.54403433	    -20.56254622	     31.10818523	     -6.26377596	      0.54294026	     15.15401503	      5.63844834	     -9.37731930	    -22.47557839	     -1.56045881	     -0.47936540	     50.03213277	      2.03319233	      0.87322545	     -0.48299407	     -9.85740698	     -9.37731930	    -39.20817457	     -0.45487604	     -3.26462154	      2.42382929	     -6.05901300	    -33.68525372	     28.77205884	     90.00000001	      0.00000000	      0.00000000	      7.50044627	     -7.83122157	    -31.41650235	     37.52642782	     90.00000001	      0.00000000	      0.00000000
      0.33000000	     17.87486080	      3.23463726	      5.23111852	     -1.53106980	      0.89685982	     -0.01539042	      4.10436466	     -0.21185229	    -21.01845158	     30.95722510	     -6.55972838	      0.54030551	     15.75247008	      6.41418221	     -9.30300555	    -21.00856860	     -1.65045028	      0.31725258	     52.48755435	      2.45726735	      0.91608064	     -0.78013416	    -12.31280613	     -9.30300555	    -39.26068736	     -0.36290754	     -3.21743555	      2.73158250	     -6.18916765	    -32.68707879	     29.24891972	     90.00000001	      0.00000000	      0.00000000	      7.40361541	     -7.72450262	    -31.42397200	     37.35248082	     90.00000001	      0.00000000	      0.00000000
      0.34000000	     17.91711379	      3.17630580	      5.16253004	     -1.52335198	      0.89780005	     -0.01452430	      3.41268487	     -0.01470050	    -21.20696467	     30.77978132	     -6.60337307	      0.53720853	     16.39450776	      6.90192258	     -9.23167637	    -19.52732481	     -1.60703903	      0.69886700	     54.75395552	      2.50202683	      0.95563680	     -0.63010094	    -14.14290720	     -9.23167637	    -39.40008644	     -0.28984396	     -3.21463486	      3.11220425	     -6.32592046	    -31.75804078	     29.75429877	     90.00000001	      0.00000000	      0.00000000	      7.31728801	     -7.60459105	    -31.36299298	     37.21010535	     90.00000001	      0.00000000	      0.00000000
      0.35000000	     18.24344242	      3.32849805	      4.94109012	     -1.51560693	      0.89930686	     -0.01348521	      2.36509740	     -0.04762636	    -21.12792501	     30.59421941	     -6.50926249	      0.53396986	     16.72431782	      7.00230549	     -9.21200696	    -18.48409571	     -1.25033336	      0.59234081	     56.54849273	      2.13361301	      0.98695739	      0.12333559	    -14.80642774	     -9.21200696	    -39.87145807	     -0.52251086	     -3.16687768	      3.60467275	     -6.37724917	    -31.47958802	     30.09097796	     90.00000001	      0.00000000	      0.00000000	      7.31082328	     -7.53934610	    -31.28456270	     37.13067880	     90.00000001	      0.00000000	      0.00000000
      0.36000000	     18.06601713	      3.03009720	      5.03445233	     -1.50818540	      0.89969649	     -0.01282169	      1.88752884	      0.42863660	    -21.02559442	     30.29678163	     -6.38675906	      0.52877859	     17.46322644	      7.18558785	     -9.17127947	    -16.53619534	     -1.53818780	      0.46253494	     58.78410695	      1.83757824	      1.02597621	      0.92232245	    -16.21513597	     -9.17127947	    -39.75035055	     -0.18051320	     -3.12860723	      4.01367490	     -6.53631511	    -30.52534824	     30.63366717	     90.00000001	      0.00000000	      0.00000000	      7.25577275	     -7.40182372	    -31.12111997	     36.95049539	     90.00000001	      0.00000000	      0.00000000
      0.37000000	     18.16701695	      3.08067756	      4.97254698	     -1.50084136	      0.90076406	     -0.01209730	      1.07381728	      0.47891495	    -20.90441057	     30.02333185	     -6.22163529	      0.52400599	     17.79859371	      7.23118671	     -9.14695324	    -15.07294778	     -1.30013825	      0.21193816	     60.38851158	      1.29745307	      1.05397836	      1.98066281	    -16.96922149	     -9.14695324	    -39.98550739	     -0.24281892	     -3.09844078	      4.51293305	     -6.62200155	    -29.96216437	     31.02293324	     90.00000001	      0.00000000	      0.00000000	      7.30031572	     -7.28611064	    -30.98116474	     36.84546173	     90.00000001	      0.00000000	      0.00000000
      0.38000000	     18.16244119	      3.02478746	      4.90176817	     -1.49368517	      0.90153628	     -0.01132128	      0.42643112	      0.65920008	    -20.70787427	     29.77221571	     -6.07648867	      0.51962319	     18.22877435	      7.23819709	     -9.12037378	    -13.40535392	     -1.22584774	     -0.18201598	     61.92145824	      0.78340690	      1.08073332	      3.04871057	    -17.46267446	     -9.12037378	    -40.11132270	     -0.23515339	     -3.00930941	      5.01610746	     -6.76634336	    -29.23951663	     31.44787590	     90.00000001	      0.00000000	      0.00000000	      7.34721160	     -7.18574219	    -30.80458944	     36.73583704	     90.00000001	      0.00000000	      0.00000000
      0.39000000	     18.12042065	      2.98124629	      4.83025067	     -1.48663809	      0.90224241	     -0.01046114	     -0.16301012	      0.83993328	    -20.49605013	     29.52638936	     -5.96425308	      0.51533271	     18.60118714	      7.21699458	     -9.09458844	    -11.71307806	     -1.14817665	     -0.60671091	     63.18025570	      0.26242197	      1.10270348	      4.11607060	    -17.74085913	     -9.09458844	    -40.20504803	     -0.26098674	     -2.87342442	      5.51459795	     -6.84838745	    -28.47142057	     31.84569849	     90.00000001	      0.00000000	      0.00000000	      7.44105947	     -7.05747439	    -30.60479542	     36.64848935	     90.00000001	      0.00000000	      0.00000000
      0.40000000	     17.97411449	      2.82983367	      4.71417810	     -1.47976110	      0.90263878	     -0.00941294	     -0.58540728	      1.15917361	    -20.20879569	     29.31961298	     -5.87419508	      0.51172378	     19.01743863	      7.12597819	     -9.05796738	     -9.83453325	     -1.22283372	     -1.11069733	     64.35282537	     -0.20268126	      1.12316869	      5.21707017	    -17.73480113	     -9.05796738	    -40.19639854	     -0.25448358	     -2.65023022	      5.97884665	     -7.03701724	    -27.28050047	     32.29630376	     90.00000001	      0.00000000	      0.00000000	      7.53054857	     -6.97811427	    -30.34595842	     36.53723285	     90.00000001	      0.00000000	      0.00000000
      0.41000000	     17.84455500	      2.71959469	      4.54733160	     -1.47296597	      0.90304725	     -0.00840407	     -1.00538595	      1.43964856	    -19.92563629	     29.11681476	     -5.87346802	      0.50818429	     19.26305701	      6.89235806	     -8.99041464	     -8.02883529	     -1.23669569	     -1.46868273	     65.21569700	     -0.48806939	      1.13822864	      6.19112984	    -17.66065953	     -8.99041464	    -40.20753739	     -0.30853592	     -2.37542640	      6.35535521	     -7.33285377	    -25.50771478	     32.80614188	     90.00000001	      0.00000000	      0.00000000	      7.64089718	     -6.87772158	    -30.03957619	     36.48639938	     90.00000001	      0.00000000	      0.00000000
      0.42000000	     17.93692003	      2.84627423	      4.36686491	     -1.46612696	      0.90392220	     -0.00756360	     -1.72802185	      1.37646000	    -19.89119055	     28.91355774	     -5.82184727	      0.50463678	     19.40088662	      6.90964705	     -8.97382841	     -6.59553007	     -0.92821446	     -1.64636910	     65.63788395	     -0.70517004	      1.14559719	      6.71296076	    -17.57698260	     -8.97382841	    -40.46446268	     -0.57704304	     -2.19732863	      6.98071740	     -7.37311689	    -25.24294889	     33.10818560	     90.00000001	      0.00000000	      0.00000000	      7.80552261	     -6.75443763	    -29.91170243	     36.53755393	     90.00000001	      0.00000000	      0.00000000
      0.43000000	     17.79274283	      2.77013742	      4.33178928	     -1.45929405	      0.90433223	     -0.00697504	     -2.27118508	      1.53631514	    -19.70209246	     28.52828194	     -5.61614275	      0.49791245	     19.92392779	      7.04087917	     -8.94709441	     -4.87923095	     -0.74845018	     -1.81682858	     65.84900694	     -1.16947683	      1.14928198	      7.42948642	    -17.59740175	     -8.94709441	    -40.43124661	     -0.57359559	     -2.08815096	      7.58305784	     -7.49788602	    -24.50098757	     33.42039336	     90.00000001	      0.00000000	      0.00000000	      7.88195053	     -6.67008800	    -29.71032495	     36.43485092	     90.00000001	      0.00000000	      0.00000000
      0.44000000	     17.73164015	      2.79799915	      4.16424578	     -1.45255815	      0.90480699	     -0.00621031	     -2.81663702	      1.57928327	    -19.65888646	     28.26609751	     -5.60441758	      0.49333647	     20.18363855	      7.12269596	     -8.92660471	     -3.30885140	     -0.52822001	     -1.90216715	     65.83028669	     -1.28645953	      1.14895525	      7.86106983	    -17.36610004	     -8.92660471	    -40.52151049	     -0.75435119	     -1.84845614	      8.17794193	     -7.61516423	    -23.96132606	     33.71632798	     90.00000001	      0.00000000	      0.00000000	      8.03888019	     -6.54495455	    -29.54539679	     36.47189126	     90.00000001	      0.00000000	      0.00000000
      0.45000000	     17.60802919	      2.77110008	      4.02448691	     -1.44576230	      0.90510032	     -0.00547548	     -3.31580767	      1.67555113	    -19.60422912	     27.97940284	     -5.54407642	      0.48833270	     20.51824922	      7.24653251	     -8.90620848	     -1.73389742	     -0.33788555	     -1.86828179	     65.53697647	     -1.38541763	      1.14383602	      8.22964008	    -17.04837844	     -8.90620848	    -40.49687053	     -0.87990503	     -1.62821942	      8.78505037	     -7.71133780	    -23.34178072	     34.01080196	     90.00000001	      0.00000000	      0.00000000	      8.15462532	     -6.41603265	    -29.37703837	     36.48730444	     90.00000001	      0.00000000	      0.00000000
      0.46000000	     17.60983701	      2.69416595	      3.80747593	     -1.43914540	      0.90542743	     -0.00462287	     -3.77517260	      1.73949112	    -19.59337351	     28.07892145	     -5.45613007	      0.49006963	     20.50850278	      7.28853797	     -8.89108281	     -0.31536479	     -0.29379757	     -1.85053068	     65.09216598	     -1.32200290	      1.13607261	      8.26578075	    -16.31067913	     -8.89108281	    -40.65097589	     -0.99000520	     -1.34775933	      9.48759723	     -7.76419773	    -23.10819824	     34.38517584	     90.00000001	      0.00000000	      0.00000000	      8.26463823	     -6.28254951	    -29.25623712	     36.62264240	     90.00000001	      0.00000000	      0.00000000
      0.47000000	     17.35996747	      2.65841280	      3.77760668	     -1.43219005	      0.90537871	     -0.00413973	     -4.27972125	      1.94478149	    -19.44628032	     27.45202342	     -5.48132057	      0.47912819	     21.28378008	      7.56934431	     -8.86877833	      1.25421087	     -0.03563723	     -1.49221305	     64.25698086	     -1.31965550	      1.12149588	      8.70904545	    -16.26197620	     -8.86877833	    -40.43775044	     -1.06536205	     -1.20674813	     10.01791407	     -7.94839063	    -22.01504836	     34.54637907	     90.00000001	      0.00000000	      0.00000000	      8.33874705	     -6.20295516	    -29.08319611	     36.51712588	     90.00000001	      0.00000000	      0.00000000
      0.48000000	     17.41372354	      2.53871974	      3.71740795	     -1.42520931	      0.90564173	     -0.00367121	     -4.99231254	      2.07948625	    -19.71927556	     27.17151680	     -5.40864065	      0.47423243	     21.86560200	      8.58517452	     -8.79854082	      2.39523891	     -0.03129917	     -0.85935754	     63.24308031	     -0.84550037	      1.10379998	      8.65922398	    -16.05015169	     -8.79854082	    -40.55932835	     -1.04084335	     -1.11403959	     10.40824587	     -8.41993725	    -19.19946517	     35.06856605	     90.00000001	      0.00000000	      0.00000000	      8.34415506	     -6.11405483	    -28.97360184	     36.61930690	     90.00000001	      0.00000000	      0.00000000
      0.49000000	     17.26094017	      2.46668842	      3.56638505	     -1.41826892	      0.90548335	     -0.00301259	     -5.42610103	      2.22289255	    -19.65008415	     26.94577023	     -5.41561481	      0.47029241	     22.28909359	      8.73159032	     -8.77180620	      3.71788329	      0.07710532	     -0.57143919	     62.01701662	     -0.68426949	      1.08240113	      8.75004221	    -15.57749048	     -8.77180620	    -40.45554993	     -1.14305188	     -0.87882590	     11.05133496	     -8.49126628	    -18.73958356	     35.28188088	     90.00000001	      0.00000000	      0.00000000	      8.39824892	     -6.00614822	    -28.88736616	     36.66087647	     90.00000001	      0.00000000	      0.00000000
      0.50000000	     17.22564470	      2.38069535	      3.44859362	     -1.41116139	      0.90544586	     -0.00247650	     -6.04866849	      2.36233170	    -19.59613609	     26.65746324	     -5.33408959	      0.46526050	     22.75952004	      9.05423391	     -8.73984273	      4.77223818	      0.12762232	     -0.08641419	     60.48428478	     -0.33087909	      1.05564992	      8.72145562	    -15.25928487	     -8.73984273	    -40.44278883	     -1.19866579	     -0.69047819	     11.67744490	     -8.63159052	    -17.90703809	     35.48925186	     90.00000001	      0.00000000	      0.00000000	      8.43533732	     -5.90791917	    -28.86403527	     36.69626718	     90.00000001	      0.00000000	      0.00000000
      0.51000000	     17.06133035	      2.23415801	      3.32473121	     -1.40411906	      0.90505981	     -0.00190035	     -6.43813105	      2.58783396	    -19.55258851	     26.48826961	     -5.37348677	      0.46230752	     23.02846859	      9.21496322	     -8.71753031	      5.94294288	      0.12650355	      0.24882721	     58.82763060	     -0.16878299	      1.02673585	      8.64397830	    -14.79838750	     -8.71753031	    -40.31152005	     -1.22299308	     -0.44656773	     12.27180744	     -8.73161515	    -17.35294070	     35.77657924	     90.00000001	      0.00000000	      0.00000000	      8.44843114	     -5.78411819	    -28.82875003	     36.81296083	     90.00000001	      0.00000000	      0.00000000
      0.52000000	     17.23981675	      2.17354204	      3.22976348	     -1.39674808	      0.90524201	     -0.00155214	     -7.39159618	      2.64300889	    -19.52542279	     26.10496736	     -5.12713752	      0.45561763	     23.53610739	      9.77091568	     -8.67831105	      6.50875882	      0.16519343	      0.85794496	     56.78869221	      0.30543106	      0.99114966	      8.41084420	    -14.83531574	     -8.67831105	    -40.49614607	     -1.25087107	     -0.35085455	     12.86524998	     -8.94167725	    -15.98677416	     36.01373408	     90.00000001	      0.00000000	      0.00000000	      8.43459133	     -5.69194546	    -28.97017290	     36.86770318	     90.00000001	      0.00000000	      0.00000000
      0.53000000	     17.03460366	      2.00474785	      3.07529365	     -1.38963482	      0.90456183	     -0.00098950	     -7.70471553	      2.92033625	    -19.47646702	     25.95367947	     -5.29498114	      0.45297716	     23.83809789	      9.87469472	     -8.65669069	      7.57730344	      0.09756858	      1.10244418	     54.79878291	      0.44824875	      0.95641919	      8.29986922	    -14.41610379	     -8.65669069	    -40.30195483	     -1.25697338	     -0.08731977	     13.46856478	     -9.00834955	    -15.46337445	     36.30979344	     90.00000001	      0.00000000	      0.00000000	      8.42395945	     -5.58866660	    -28.96781455	     36.99093476	     90.00000001	      0.00000000	      0.00000000
      0.54000000	     16.83064611	      1.74591970	      3.00770046	     -1.38213005	      0.90369065	     -0.00052040	     -8.05370397	      3.21014786	    -19.44919159	     25.90062696	     -5.19646067	      0.45205122	     24.09216905	      9.96594735	     -8.63954603	      8.56860932	     -0.13916197	      1.27874437	     52.70679750	      0.57404065	      0.91990715	      8.18109020	    -13.97278419	     -8.63954603	    -40.02829958	     -1.13565997	      0.14937476	     14.00637964	     -9.05811550	    -15.01534358	     36.58784640	     90.00000001	      0.00000000	      0.00000000	      8.30145382	     -5.48754817	    -28.96784740	     37.07461359	     90.00000001	      0.00000000	      0.00000000
      0.55000000	     17.31081970	      1.88082175	      2.85734951	     -1.37442620	      0.90425902	     -0.00027292	     -9.49136624	      3.05646613	    -19.33878287	     25.28272114	     -4.90766275	      0.44126673	     24.66074540	     10.68174473	     -8.59186899	      8.35790339	      0.12247458	      1.88941144	     49.83773115	      0.97979431	      0.86983250	      7.65730990	    -14.51772712	     -8.59186899	    -40.52517981	     -1.37173668	      0.10207480	     14.57768696	     -9.30883166	    -13.16439792	     36.84543242	     90.00000001	      0.00000000	      0.00000000	      8.29255442	     -5.40856839	    -29.39646064	     37.15351884	     90.00000001	      0.00000000	      0.00000000
      0.56000000	     17.09167184	      1.64751247	      2.71471101	     -1.36701601	      0.90321209	      0.00021765	     -9.77413009	      3.39845301	    -19.21234707	     25.22127907	     -5.06844386	      0.44019436	     25.05266982	     10.73065284	     -8.57174097	      9.20050483	     -0.09928267	      2.06664746	     47.43590575	      1.13472263	      0.82791274	      7.62002218	    -14.03012143	     -8.57174097	    -40.26885442	     -1.31155015	      0.37436525	     15.15848389	     -9.37167178	    -12.70893403	     37.08276729	     90.00000001	      0.00000000	      0.00000000	      8.21435497	     -5.29976755	    -29.41551978	     37.22118690	     90.00000001	      0.00000000	      0.00000000
      0.57000000	     17.28345894	      1.63159255	      2.54377383	     -1.35922202	      0.90293755	      0.00053167	    -10.74656488	      3.37454559	    -19.02434534	     24.89807851	     -4.82109692	      0.43455345	     25.59160307	     10.99782419	     -8.54421820	      9.27985857	     -0.13497071	      2.40966873	     44.53336406	      1.52941104	      0.77725383	      7.55389890	    -13.87717552	     -8.54421820	    -40.41208369	     -1.42249557	      0.45593890	     15.74163911	     -9.46954852	    -11.72579129	     37.25824929	     90.00000001	      0.00000000	      0.00000000	      8.14960268	     -5.24379371	    -29.63904273	     37.20220202	     90.00000001	      0.00000000	      0.00000000
      0.58000000	     17.45918153	      1.58851060	      2.43357716	     -1.35138738	      0.90254965	      0.00066017	    -11.69568430	      3.38428687	    -18.86169846	     24.59281704	     -4.59084038	      0.42922563	     25.96642082	     11.27513200	     -8.51141700	      9.33837948	     -0.11225270	      2.60040040	     41.57598671	      1.59029933	      0.72563786	      7.34543015	    -13.62120373	     -8.51141700	    -40.55270733	     -1.46845497	      0.51102185	     16.29331344	     -9.59500482	    -10.69632699	     37.53529420	     90.00000001	      0.00000000	      0.00000000	      8.05262837	     -5.15116276	    -29.93484361	     37.26458518	     90.00000001	      0.00000000	      0.00000000
      0.59000000	     17.58310835	      1.53572530	      2.32339040	     -1.34354938	      0.90196958	      0.00080160	    -12.57308533	      3.42241945	    -18.70765227	     24.29445041	     -4.42239040	      0.42401815	     26.30414421	     11.51188941	     -8.46601041	      9.42638917	     -0.10127049	      2.69344809	     38.59807259	      1.55617623	      0.67366345	      7.13347553	    -13.19502305	     -8.46601041	    -40.64095680	     -1.51251220	      0.56348064	     16.81932152	     -9.69327096	     -9.68732868	     37.83459057	     90.00000001	      0.00000000	      0.00000000	      7.95805734	     -5.06457668	    -30.27499577	     37.34607150	     90.00000001	      0.00000000	      0.00000000
      0.60000000	     17.64460218	      1.44133450	      2.19750071	     -1.33564564	      0.90115402	      0.00087606	    -13.34141182	      3.48154137	    -18.50584502	     24.08431927	     -4.25808550	      0.42035067	     26.74126008	     11.63441002	     -8.43066270	      9.53127592	     -0.19964044	      2.86449487	     35.59121757	      1.69415573	      0.62118393	      7.20376486	    -12.48749356	     -8.43066270	    -40.64303260	     -1.51358564	      0.65779708	     17.36746270	     -9.76807864	     -8.93952665	     38.04722009	     90.00000001	      0.00000000	      0.00000000	      7.84712872	     -4.97209227	    -30.49013016	     37.32604379	     90.00000001	      0.00000000	      0.00000000
      0.61000000	     17.74868542	      1.35743450	      2.07041019	     -1.32771109	      0.90035003	      0.00089075	    -14.17273713	      3.51915669	    -18.29028234	     23.86288537	     -4.08111658	      0.41648592	     27.14998750	     11.75779489	     -8.39874984	      9.53353908	     -0.28772045	      3.00482206	     32.54759249	      1.79054113	      0.56806265	      7.26292366	    -11.62644826	     -8.39874984	    -40.69896448	     -1.51465574	      0.73167787	     17.91310417	     -9.82294544	     -8.17623511	     38.27303993	     90.00000001	      0.00000000	      0.00000000	      7.74724001	     -4.87276104	    -30.72390476	     37.31221002	     90.00000001	      0.00000000	      0.00000000
      0.62000000	     17.84645682	      1.26214660	      1.95326690	     -1.31959349	      0.89944077	      0.00092423	    -15.01808400	      3.57160086	    -18.09151322	     23.61763450	     -3.89713864	      0.41220548	     27.52979017	     11.87958050	     -8.36803344	      9.47633250	     -0.38534059	      3.11264030	     29.49737838	      1.81771521	      0.51482637	      7.29425412	    -10.65355979	     -8.36803344	    -40.72902043	     -1.51230503	      0.79928319	     18.41059395	     -9.88129626	     -7.41887061	     38.49878310	     90.00000001	      0.00000000	      0.00000000	      7.61198630	     -4.81489715	    -30.99100231	     37.29627114	     90.00000001	      0.00000000	      0.00000000
      0.63000000	     17.96451616	      1.18594182	      1.84017578	     -1.31145445	      0.89851319	      0.00083223	    -15.90309588	      3.60026920	    -17.89624330	     23.34530668	     -3.73179311	      0.40745247	     27.88951146	     12.00967391	     -8.33718528	      9.36642096	     -0.47107742	      3.21924950	     26.50826167	      1.86039872	      0.46265645	      7.27678353	     -9.62804717	     -8.33718528	    -40.78713381	     -1.51275508	      0.85552100	     18.90284202	     -9.94574723	     -6.67039557	     38.72108098	     90.00000001	      0.00000000	      0.00000000	      7.48537168	     -4.73763961	    -31.27775289	     37.27201839	     90.00000001	      0.00000000	      0.00000000
      0.64000000	     17.75259633	      0.88600226	      1.71059028	     -1.30339861	      0.89680906	      0.00094754	    -16.25400697	      3.96829598	    -17.72151386	     23.29047098	     -3.90606019	      0.40649540	     28.32923836	     12.02389927	     -8.32131552	      9.78567811	     -0.83381684	      3.25087381	     23.96467817	      1.89854558	      0.41826254	      7.18092151	     -8.58251188	     -8.32131552	    -40.48966178	     -1.33831863	      1.08031964	     19.35957335	     -9.93590121	     -6.24728750	     38.90997063	     90.00000001	      0.00000000	      0.00000000	      7.31975192	     -4.64733726	    -31.36707642	     37.26920624	     90.00000001	      0.00000000	      0.00000000
      0.65000000	     18.18968543	      0.96846330	      1.60909831	     -1.29481467	      0.89638444	      0.00052391	    -17.67674430	      3.69370989	    -17.56460290	     22.81888547	     -3.40391468	      0.39826468	     28.57208908	     12.29554980	     -8.29498874	      9.08181135	     -0.71462902	      3.46395882	     20.90198377	      1.89884921	      0.36480844	      7.12033695	     -7.64619779	     -8.29498874	    -40.85970180	     -1.44243941	      0.97466010	     19.83003433	    -10.00811757	     -5.33010678	     39.13932149	     90.00000001	      0.00000000	      0.00000000	      7.19333311	     -4.57533967	    -31.80465691	     37.16313972	     90.00000001	      0.00000000	      0.00000000
      0.66000000	     18.09922421	      0.71428732	      1.49429050	     -1.28652713	      0.89482412	      0.00047512	    -18.22500815	      4.00077645	    -17.42255698	     22.68480042	     -3.55517263	      0.39592446	     29.04904828	     12.34607618	     -8.28031189	      9.29640850	     -1.05014929	      3.50167606	     18.63501115	      1.99404804	      0.32524230	      6.93341016	     -6.79923497	     -8.28031189	    -40.68340173	     -1.29454430	      1.16167571	     20.26067636	    -10.02028627	     -4.88482944	     39.27901956	     90.00000001	      0.00000000	      0.00000000	      7.03894220	     -4.49058141	    -31.95191145	     37.10992892	     90.00000001	      0.00000000	      0.00000000
      0.67000000	     18.45699966	      0.73260356	      1.39456331	     -1.27775568	      0.89411829	     -0.00009306	    -19.54552519	      3.79482112	    -17.29615995	     22.24802267	     -3.12610260	      0.38830125	     29.14858409	     12.59515243	     -8.25594282	      8.74757134	     -0.96251709	      3.67981585	     16.17815142	      1.90563743	      0.28236201	      6.60516057	     -6.37739309	     -8.25594282	    -40.95418834	     -1.32703883	      1.09295659	     20.64996228	    -10.07543888	     -4.09309933	     39.52648010	     90.00000001	      0.00000000	      0.00000000	      6.87186110	     -4.39659393	    -32.38091089	     37.03193412	     90.00000001	      0.00000000	      0.00000000
      0.68000000	     18.45670420	      0.50972843	      1.28396038	     -1.26912311	      0.89261838	     -0.00029535	    -20.24762881	      4.03655920	    -17.24665956	     22.07151510	     -3.24602519	      0.38522061	     29.61780161	     12.64554479	     -8.24485039	      8.86833575	     -1.24865474	      3.65767296	     14.48725301	      1.99224720	      0.25285026	      6.40799721	     -5.99579856	     -8.24485039	    -40.84321262	     -1.19568830	      1.23231668	     21.03139115	    -10.05710079	     -3.72860903	     39.62314515	     90.00000001	      0.00000000	      0.00000000	      6.69210680	     -4.34575747	    -32.53097982	     36.90751132	     90.00000001	      0.00000000	      0.00000000
      0.69000000	     18.68781610	      0.43290049	      1.18441808	     -1.26024330	      0.89160379	     -0.00082917	    -21.34761991	      4.00919592	    -17.15617592	     21.74154656	     -3.05886972	      0.37946157	     29.83709979	     12.87705380	     -8.23496895	      8.57791974	     -1.29744894	      3.77061698	     12.81915125	      1.99177497	      0.22373640	      6.13337560	     -5.94054410	     -8.23496895	    -40.97236218	     -1.15947784	      1.25593043	     21.37843103	    -10.05962587	     -3.23622387	     39.76212921	     90.00000001	      0.00000000	      0.00000000	      6.54525968	     -4.24812304	    -32.79430186	     36.77343914	     90.00000001	      0.00000000	      0.00000000
      0.70000000	     18.93243399	      0.38262069	      1.06739332	     -1.25120040	      0.89057899	     -0.00149198	    -22.46915368	      3.91675390	    -17.11578218	     21.43506366	     -2.87399626	      0.37411244	     29.95257719	     13.05262329	     -8.22594653	      8.31545218	     -1.26876654	      3.84347552	     11.58142207	      1.93329452	      0.20213395	      5.72199593	     -6.32021482	     -8.22594653	    -41.10108774	     -1.14028449	      1.27587095	     21.66679678	    -10.07705975	     -2.77250038	     39.92757908	     90.00000001	      0.00000000	      0.00000000	      6.34453489	     -4.13868263	    -33.08311542	     36.67695052	     90.00000001	      0.00000000	      0.00000000
      0.71000000	     19.14375079	      0.35096009	      0.94786492	     -1.24206883	      0.88953694	     -0.00227166	    -23.53347313	      3.78070348	    -17.01505031	     21.19809038	     -2.65235600	      0.36997647	     29.96043824	     13.18975806	     -8.21171109	      8.04696409	     -1.18317416	      4.07990868	     10.57301301	      1.86866470	      0.18453389	      5.08406169	     -7.23157692	     -8.21171109	    -41.19822762	     -1.13660683	      1.29586834	     21.89470677	    -10.12103664	     -2.23497116	     40.11097622	     90.00000001	      0.00000000	      0.00000000	      6.15246772	     -4.00270003	    -33.42015564	     36.61702266	     90.00000001	      0.00000000	      0.00000000
      0.72000000	     19.24622272	      0.25026203	      0.88967714	     -1.23287235	      0.88821768	     -0.00307908	    -24.36985142	      3.76074681	    -17.22809345	     21.13937655	     -2.63084300	      0.36895172	     30.14645008	     13.14613622	     -8.20997909	      8.13090084	     -1.20736688	      3.96178950	     10.32580792	      1.90346951	      0.18021935	      5.06843134	     -7.66976840	     -8.20997909	    -41.16982067	     -1.04622779	      1.32042468	     22.14179272	    -10.06256899	     -2.14278165	     40.19275225	     90.00000001	      0.00000000	      0.00000000	      5.94436152	     -3.93524095	    -33.50340266	     36.44593471	     90.00000001	      0.00000000	      0.00000000
      0.73000000	     19.47342836	      0.25595766	      0.74976588	     -1.22346085	      0.88725293	     -0.00399389	    -25.47353630	      3.56298250	    -17.12652841	     20.89376272	     -2.41079182	      0.36466495	     30.09068495	     13.37898699	     -8.19079283	      7.85019910	     -1.04334862	      4.27926761	      9.99060259	      1.87634009	      0.17436891	      4.17754380	     -9.47844116	     -8.19079283	    -41.26608039	     -1.09426866	      1.33605434	     22.27619853	    -10.12717202	     -1.58470971	     40.35958014	     90.00000001	      0.00000000	      0.00000000	      5.75165727	     -3.79576503	    -33.90787308	     36.36957728	     90.00000001	      0.00000000	      0.00000000
      0.74000000	     19.39113047	      0.17634649	      0.64818696	     -1.21401474	      0.88571958	     -0.00485878	    -26.01855987	      3.52531606	    -17.16919559	     21.04613269	     -2.49130387	      0.36732431	     30.10165350	     13.35046775	     -8.18978569	      8.00220608	     -1.00999938	      4.33544516	     10.04017085	      1.92054684	      0.17523404	      4.17411368	     -9.51631664	     -8.18978569	    -41.02283940	     -1.06698879	      1.45327604	     22.35489042	    -10.09604679	     -1.57553004	     40.40242332	     90.00000001	      0.00000000	      0.00000000	      5.55037402	     -3.69915664	    -33.91981023	     36.29293030	     90.00000001	      0.00000000	      0.00000000
      0.75000000	     19.81868931	      0.18767106	      0.56516209	     -1.20423933	      0.88503264	     -0.00595965	    -27.26364349	      3.27800889	    -17.51441209	     21.01170663	     -2.37193479	      0.36672346	     30.25213739	     13.37219030	     -8.18871890	      7.63171880	     -0.91997925	      4.37312866	     10.57318316	      2.15951838	      0.18453686	      4.26197590	    -10.57537311	     -8.18871890	    -41.30490470	     -1.07348893	      1.43014219	     22.48794213	    -10.04299714	     -1.51549904	     40.40436814	     90.00000001	      0.00000000	      0.00000000	      5.36400383	     -3.62114093	    -34.05285561	     36.00873044	     90.00000001	      0.00000000	      0.00000000
      0.76000000	     19.73281441	      0.16649779	      0.47378979	     -1.19433058	      0.88353274	     -0.00714934	    -27.85806126	      3.05256613	    -17.75387275	     21.13499688	     -2.28819524	      0.36887528	     30.06921418	     13.69573659	     -8.17551392	      7.96142258	     -0.74153668	      4.32663970	     11.58761129	      2.21162276	      0.20224197	      3.73207314	    -12.20360411	     -8.17551392	    -41.00970030	     -1.07577124	      1.43907221	     22.41756181	    -10.03741661	     -1.36672224	     40.52224069	     90.00000001	      0.00000000	      0.00000000	      5.08344711	     -3.48084279	    -34.32973335	     35.87383087	     90.00000001	      0.00000000	      0.00000000
      0.77000000	     19.67667330	      0.14883765	      0.43890888	     -1.18453980	      0.88211221	     -0.00837203	    -28.30784230	      2.84419163	    -18.33871789	     21.60521091	     -2.42105014	      0.37708207	     30.22596635	     14.37525469	     -8.13890915	      8.07448294	     -0.63676835	      4.93649323	     12.35764547	      2.51954671	      0.21568160	      3.00774544	    -13.83295948	     -8.13890915	    -40.78466572	     -1.06206412	      1.47299923	     22.37148310	    -10.01677230	     -1.32751454	     40.51057583	     90.00000001	      0.00000000	      0.00000000	      4.96287838	     -3.35208722	    -34.74447363	     35.65272719	     90.00000001	      0.00000000	      0.00000000
      0.78000000	     19.64783164	      0.14031412	      0.31227260	     -1.17449475	      0.88084046	     -0.00956288	    -28.81971662	      2.57050921	    -18.53539719	     22.04857764	     -2.42873683	      0.38482028	     30.05076883	     14.42477744	     -8.13304711	      8.13293862	     -0.52152315	      5.14921920	     13.29217945	      2.79220859	      0.23199230	      2.96447245	    -14.15944525	     -8.13304711	    -40.56325370	     -1.10645002	      1.58101310	     22.24777183	    -10.00186784	     -1.37723632	     40.51110572	     90.00000001	      0.00000000	      0.00000000	      4.74314885	     -3.24802901	    -34.78502067	     35.50480632	     90.00000001	      0.00000000	      0.00000000
      0.79000000	     19.47012626	      0.10824808	      0.25849234	     -1.16434988	      0.87929196	     -0.01093332	    -29.07855511	      2.30309027	    -18.91455408	     22.70328095	     -2.48291809	      0.39624700	     29.83254945	     14.58615909	     -8.12515148	      8.53161047	     -0.43445276	      5.25447198	     14.69852454	      3.12038065	      0.25653765	      2.82066645	    -14.61944938	     -8.12515148	    -40.16913547	     -1.09188345	      1.66179365	     22.04419683	    -10.00038892	     -1.49723418	     40.51738337	     90.00000001	      0.00000000	      0.00000000	      4.52643651	     -3.13295340	    -34.86179791	     35.32160125	     90.00000001	      0.00000000	      0.00000000
      0.80000000	     19.23334098	      0.06180505	      0.20378925	     -1.15409564	      0.87774311	     -0.01228214	    -29.23180876	      2.05354074	    -19.34604447	     23.40872046	     -2.62595206	      0.40855925	     29.64517308	     14.92325207	     -8.11879750	      8.97455583	     -0.35587768	      5.46146931	     16.16281323	      3.45598525	      0.28209431	      2.55225969	    -15.08340427	     -8.11879750	    -39.70465312	     -1.08085135	      1.75879998	     21.78182681	     -9.94379054	     -1.67283239	     40.48807831	     90.00000001	      0.00000000	      0.00000000	      4.33189817	     -3.01101564	    -34.99743902	     35.11113340	     90.00000001	      0.00000000	      0.00000000
      0.81000000	     18.95089145	      0.03470385	      0.19932044	     -1.14361425	      0.87616418	     -0.01372993	    -29.31317999	      1.79645282	    -19.89076255	     24.18147766	     -2.82075424	      0.42204640	     29.40038494	     15.44823419	     -8.11056150	      9.51511131	     -0.24300225	      5.60190929	     17.80839995	      3.77186028	      0.31081521	      2.29071913	    -15.44423104	     -8.11056150	    -39.16477282	     -1.05779784	      1.81689275	     21.43858521	     -9.88480733	     -1.96045876	     40.46627177	     90.00000001	      0.00000000	      0.00000000	      4.11026568	     -2.90364351	    -35.18401141	     34.88322077	     90.00000001	      0.00000000	      0.00000000
      0.82000000	     18.68071978	      0.04625254	      0.19092942	     -1.13299711	      0.87475084	     -0.01525433	    -29.38970411	      1.51190539	    -20.43266771	     24.95824723	     -3.10032758	      0.43560359	     29.10665193	     16.13990465	     -8.09949165	     10.02103804	     -0.07033060	      5.71693047	     19.47123354	      4.04495753	      0.33983713	      2.10721979	    -15.62818451	     -8.09949165	    -38.63249901	     -1.07350995	      1.87184887	     21.03042347	     -9.81886647	     -2.35803189	     40.42345146	     90.00000001	      0.00000000	      0.00000000	      3.91252905	     -2.80352796	    -35.39936166	     34.66692771	     90.00000001	      0.00000000	      0.00000000
      0.83000000	     18.44073638	      0.10885629	      0.16593417	     -1.12231257	      0.87353212	     -0.01680393	    -29.46209390	      1.14199892	    -20.84976795	     25.82622064	     -3.33400637	      0.45075258	     28.65814160	     16.72751401	     -8.08756386	     10.42644662	      0.14614368	      5.96429053	     21.04139363	      4.36898700	      0.36724160	      1.98427611	    -15.64197008	     -8.08756386	    -38.13349804	     -1.16285595	      1.94698642	     20.57081811	     -9.74810579	     -2.78771528	     40.35608265	     90.00000001	      0.00000000	      0.00000000	      3.74291160	     -2.70406988	    -35.57941671	     34.47195663	     90.00000001	      0.00000000	      0.00000000
      0.84000000	     18.22086375	      0.19279429	      0.15607196	     -1.11155260	      0.87249625	     -0.01842475	    -29.51251162	      0.73398782	    -21.20870052	     26.77451051	     -3.54738821	      0.46730336	     28.08866544	     17.24229335	     -8.07222515	     10.78849127	      0.37388594	      6.22722682	     22.59175225	      4.73064518	      0.39430046	      1.92967571	    -15.60116557	     -8.07222515	    -37.65489184	     -1.26338277	      2.02179062	     20.05675598	     -9.66916658	     -3.31078630	     40.26488704	     90.00000001	      0.00000000	      0.00000000	      3.59396996	     -2.59688707	    -35.74344479	     34.28269613	     90.00000001	      0.00000000	      0.00000000
      0.85000000	     18.04126007	      0.32003556	      0.11184203	     -1.10080800	      0.87174960	     -0.02002136	    -29.55438533	      0.21615803	    -21.30305897	     27.85975481	     -3.58300576	      0.48624445	     27.30875815	     17.36503742	     -8.06694222	     10.98160253	      0.61688523	      6.73941626	     23.89729328	      5.22702652	      0.41708645	      1.93853106	    -15.69736609	     -8.06694222	    -37.23472468	     -1.43101678	      2.08835511	     19.52185607	     -9.62170933	     -3.59908274	     40.15476751	     90.00000001	      0.00000000	      0.00000000	      3.43915556	     -2.52846325	    -35.80693261	     34.12612060	     90.00000001	      0.00000000	      0.00000000
      0.86000000	     17.86099208	      0.50699600	      0.13164801	     -1.08995291	      0.87113168	     -0.02176179	    -29.57408400	     -0.29010848	    -21.44198524	     28.93895120	     -3.72954782	      0.50507998	     26.27478947	     17.45444333	     -8.06093647	     11.23145901	      0.99917377	      7.10114720	     25.36081764	      5.53944412	      0.44262977	      2.07466258	    -15.86773819	     -8.06093647	    -36.81112915	     -1.62427246	      2.10018183	     18.91754141	     -9.54802495	     -4.06565862	     40.06764713	     90.00000001	      0.00000000	      0.00000000	      3.29952055	     -2.48017276	    -35.88412847	     33.96475619	     90.00000001	      0.00000000	      0.00000000
      0.87000000	     17.72860049	      0.70891256	      0.16528687	     -1.07904705	      0.87075594	     -0.02354087	    -29.59333415	     -0.81973161	    -21.55108477	     30.08890504	     -3.86037101	      0.52515046	     25.02613190	     17.47756263	     -8.05436837	     11.38505374	      1.40446366	      7.40212956	     26.77699165	      5.82320871	      0.46734667	      2.37025701	    -16.01047810	     -8.05436837	    -36.44230698	     -1.83669173	      2.10102517	     18.27027021	     -9.43856702	     -4.64630520	     39.96769227	     90.00000001	      0.00000000	      0.00000000	      3.18454580	     -2.43589365	    -35.95778459	     33.81418006	     90.00000001	      0.00000000	      0.00000000
      0.88000000	     17.64655357	      0.95447891	      0.20436660	     -1.06813695	      0.87069889	     -0.02533190	    -29.60938176	     -1.34824747	    -21.60233159	     31.25991971	     -4.05580342	      0.54558852	     23.49388848	     17.33438184	     -8.04457906	     11.40956667	      1.90339732	      7.60713803	     28.10090656	      5.95086840	      0.49045334	      2.85364920	    -16.01880799	     -8.04457906	    -36.14341983	     -2.09360850	      2.10854818	     17.58019489	     -9.25910129	     -5.44483727	     39.85546531	     90.00000001	      0.00000000	      0.00000000	      3.11893456	     -2.38858213	    -36.02624948	     33.68076582	     90.00000001	      0.00000000	      0.00000000
      0.89000000	     17.63722223	      1.20886396	      0.25674541	     -1.05729990	      0.87089123	     -0.02717133	    -29.61713972	     -1.94354945	    -21.56283364	     32.62301820	     -4.12916536	      0.56937908	     21.74065901	     16.96886519	     -8.03319975	     11.26629338	      2.36012805	      7.74479804	     29.22772164	      6.15074866	      0.51011998	      3.50128999	    -15.96543047	     -8.03319975	    -35.93725692	     -2.35046376	      2.09745566	     16.90300762	     -9.11276833	     -6.23201820	     39.71683512	     90.00000001	      0.00000000	      0.00000000	      3.06903316	     -2.37344401	    -36.06385362	     33.56463363	     90.00000001	      0.00000000	      0.00000000
      0.90000000	     17.70175491	      1.48091826	      0.30001289	     -1.04652005	      0.87142212	     -0.02897571	    -29.61654435	     -2.54506160	    -21.36457508	     34.08553729	     -4.15926875	      0.59490485	     19.73716220	     16.17592886	     -8.01560523	     10.92826205	      2.83227565	      7.73488420	     30.17233997	      6.25673461	      0.52660668	      4.27724506	    -15.74160757	     -8.01560523	    -35.83196204	     -2.63335193	      2.08904497	     16.21421170	     -8.91356586	     -7.13344213	     39.55016944	     90.00000001	      0.00000000	      0.00000000	      3.05057363	     -2.36570996	    -36.05581452	     33.46929692	     90.00000001	      0.00000000	      0.00000000
      0.91000000	     17.85964164	      1.65886810	      0.39669286	     -1.03602363	      0.87225262	     -0.03078888	    -29.59446801	     -3.00216024	    -21.18052848	     35.64128258	     -4.27621541	      0.62205773	     18.11999415	     15.99910551	     -8.01203692	     10.43038078	      3.17794793	      7.95325542	     31.01611512	      6.48814455	      0.54133333	      4.92274318	    -15.90495303	     -8.01203692	    -35.88061252	     -2.79106157	      2.03574710	     15.55535476	     -8.83734484	     -7.41349569	     39.34407579	     90.00000001	      0.00000000	      0.00000000	      3.07535960	     -2.36418957	    -36.04939275	     33.42788751	     90.00000001	      0.00000000	      0.00000000
      0.92000000	     18.05069274	      2.11275104	      0.48661831	     -1.02519634	      0.87333710	     -0.03273011	    -29.57776988	     -3.79558299	    -21.13363103	     37.31238617	     -4.30877915	      0.65122399	     15.05682257	     14.78309143	     -8.00212813	      9.68794609	      3.93219723	      7.54446933	     31.50375559	      6.18913271	      0.54984426	      5.97423092	    -15.57278111	     -8.00212813	    -35.91859071	     -3.22213228	      1.89317803	     14.79597342	     -8.60596258	     -8.28039530	     39.24113902	     90.00000001	      0.00000000	      0.00000000	      3.06856659	     -2.40842860	    -35.99750778	     33.42097383	     90.00000001	      0.00000000	      0.00000000
      0.93000000	     18.36495969	      2.42245503	      0.55525237	     -1.01474994	      0.87474616	     -0.03455635	    -29.52907004	     -4.43014058	    -20.86049492	     39.13445152	     -4.33313795	      0.68302503	     12.48550800	     13.65553000	     -7.99412192	      8.77535062	      4.44417910	      7.21255148	     31.92363503	      6.05404119	      0.55717254	      6.94904646	    -15.25735562	     -7.99412192	    -36.15677656	     -3.51303954	      1.79263043	     14.12312976	     -8.41616377	     -8.95666176	     39.04457750	     90.00000001	      0.00000000	      0.00000000	      3.12580933	     -2.44774941	    -35.91849981	     33.43387386	     90.00000001	      0.00000000	      0.00000000
      0.94000000	     18.77539974	      2.52672220	      0.77978689	     -1.00467024	      0.87642256	     -0.03650255	    -29.46024351	     -4.70078573	    -20.61864318	     40.96521051	     -4.48836604	      0.71497780	     10.73536610	     12.98479938	     -7.99059818	      7.71244898	      4.72138649	      7.03274039	     32.23313240	      5.91497386	      0.56257429	      7.59580636	    -15.07921137	     -7.99059818	    -36.55406108	     -3.49732144	      1.63739149	     13.52313812	     -8.26937192	     -9.33464209	     38.81874348	     90.00000001	      0.00000000	      0.00000000	      3.22319970	     -2.44050294	    -35.85682871	     33.45100965	     90.00000001	      0.00000000	      0.00000000
      0.95000000	     19.23592201	      3.09862258	      0.72312254	     -0.99420013	      0.87840922	     -0.03817517	    -29.37499405	     -5.63702173	    -20.13017000	     42.97529250	     -4.39593967	      0.75006035	      7.12746240	     10.29584952	     -7.98029765	      6.28751625	      5.58802279	      6.09441335	     31.98123780	      5.25391006	      0.55817790	      8.83856007	    -13.95087500	     -7.98029765	    -36.95489670	     -4.10628471	      1.49046987	     12.81479826	     -7.96889787	    -10.37834055	     38.63469111	     90.00000001	      0.00000000	      0.00000000	      3.29710989	     -2.54572395	    -35.65955405	     33.57870116	     90.00000001	      0.00000000	      0.00000000
      0.96000000	     19.75180056	      3.17031331	      0.77150219	     -0.98432158	      0.88056067	     -0.03966152	    -29.21187138	     -5.88370590	    -18.63785650	     45.00278656	     -3.81761330	      0.78544680	      4.62219504	      6.50776599	     -7.95760643	      4.95867993	      5.75254203	      5.05978882	     31.99560336	      4.76713120	      0.55842862	     10.15517203	    -12.18081052	     -7.95760643	    -37.49307080	     -4.16128659	      1.48854128	     12.25847794	     -7.69240986	    -11.40785478	     38.31762077	     90.00000001	      0.00000000	      0.00000000	      3.40867527	     -2.61135910	    -35.26990746	     33.66847851	     90.00000001	      0.00000000	      0.00000000
      0.97000000	     20.23019946	      3.42239111	      0.82503551	     -0.97437993	      0.88256222	     -0.04131534	    -28.81539002	     -6.32739576	    -18.39596310	     47.14978037	     -4.13558914	      0.82291891	      2.35093202	      5.14086904	     -7.94745174	      3.54670365	      6.14338742	      4.41387427	     31.75277804	      4.43782110	      0.55419052	     11.16629637	    -11.49252534	     -7.94745174	    -37.96338514	     -4.35945707	      1.34540773	     11.59951229	     -7.54272539	    -11.77887207	     38.08076324	     90.00000001	      0.00000000	      0.00000000	      3.50491807	     -2.66086679	    -35.14270745	     33.81626827	     90.00000001	      0.00000000	      0.00000000
      0.98000000	     20.72090352	      3.44046492	      0.87369917	     -0.96494409	      0.88473309	     -0.04271657	    -28.31086341	     -6.50525304	    -16.98176275	     49.37312086	     -3.58267602	      0.86172352	      0.29250384	      1.20560600	     -7.91811473	      2.17431550	      6.24505186	      3.29526666	     31.55482260	      3.83873654	      0.55073555	     12.39456975	     -9.47437831	     -7.91811473	    -38.50515545	     -4.34534878	      1.31305065	     11.10549421	     -7.28776962	    -12.66854419	     37.74989358	     90.00000001	      0.00000000	      0.00000000	      3.67813746	     -2.75376919	    -34.76936649	     33.97732972	     90.00000001	      0.00000000	      0.00000000
      0.99000000	     20.97348005	      3.58807115	      0.88001329	     -0.95577194	      0.88636091	     -0.04407596	    -27.22349927	     -6.83650748	    -16.90384740	     51.87272818	     -4.18243558	      0.90534990	     -0.79369071	     -0.01564705	     -7.90951445	      1.01319261	      6.46634018	      2.76216892	     31.19004994	      3.62678995	      0.54436907	     13.19750268	     -8.85005188	     -7.90951445	    -38.83250359	     -4.48163770	      1.19633142	     10.54511529	     -7.10295996	    -12.92127529	     37.46966671	     90.00000001	      0.00000000	      0.00000000	      3.86890075	     -2.82545967	    -34.63786312	     34.16288905	     90.00000001	      0.00000000	      0.00000000
      1.00000000	     21.09283102	      3.83259714	      0.85484950	     -0.94676932	      0.88774692	     -0.04562013	    -25.88300536	     -7.37556767	    -16.58252870	     54.48828189	     -4.43275305	      0.95099992	     -1.55080531	     -2.44056687	     -7.89885335	     -0.00960951	      6.89078470	      2.08719201	     30.76966443	      3.18750735	      0.53703195	     13.99734644	     -7.74061138	     -7.89885335	    -39.02260052	     -4.68909704	      0.99374049	     10.05689052	     -6.90105206	    -13.48193168	     37.09930310	     90.00000001	      0.00000000	      0.00000000	      4.03036686	     -2.92942692	    -34.41986064	     34.31258780	     90.00000001	      0.00000000	      0.00000000
      1.01000000	     21.21654015	      3.67189992	      0.89190381	     -0.93820231	      0.88921672	     -0.04676639	    -24.50740529	     -7.30342621	    -15.09698106	     56.89196145	     -3.85935802	      0.99295205	     -2.51366232	     -6.70775691	     -7.86869666	     -0.80181513	      6.73032284	      0.98046317	     30.76717421	      2.73139709	      0.53698849	     15.11047511	     -5.72279665	     -7.86869666	    -39.26009155	     -4.50120228	      0.99168763	      9.67438196	     -6.61400435	    -14.44980403	     36.67756097	     90.00000001	      0.00000000	      0.00000000	      4.24825948	     -3.03332562	    -34.01782284	     34.43764555	     90.00000001	      0.00000000	      0.00000000
      1.02000000	     21.29876467	      3.70381255	      0.85365420	     -0.92971421	      0.89054664	     -0.04792567	    -22.91828339	     -7.47437589	    -15.23890510	     59.22689948	     -4.65091620	      1.03370440	     -1.87199189	     -8.09675333	     -7.86098077	     -1.77628152	      6.81169423	      0.55677081	     30.27360773	      2.59921740	      0.52837413	     15.70250563	     -5.14323258	     -7.86098077	    -39.46174877	     -4.53021563	      0.89072533	      9.21709008	     -6.46638698	    -14.66192809	     36.31067263	     90.00000001	      0.00000000	      0.00000000	      4.47562915	     -3.12393743	    -33.86877923	     34.64227797	     90.00000001	      0.00000000	      0.00000000
      1.03000000	     21.37856684	      3.69829399	      0.85182311	     -0.92147685	      0.89184546	     -0.04911150	    -21.29619079	     -7.59883182	    -15.35372490	     61.39786315	     -5.30799717	      1.07159487	     -0.93551694	     -9.64915473	     -7.85470981	     -2.69025197	      6.89019356	      0.17553637	     29.86698740	      2.37493159	      0.52127727	     16.19980312	     -4.53385577	     -7.85470981	    -39.69039927	     -4.48832657	      0.71849465	      8.82316832	     -6.28872098	    -14.95967733	     35.93070549	     90.00000001	      0.00000000	      0.00000000	      4.71004837	     -3.24589539	    -33.69176560	     34.82245166	     90.00000001	      0.00000000	      0.00000000
      1.04000000	     21.08636141	      3.86162509	      0.80050470	     -0.91356780	      0.89235508	     -0.05051100	    -19.11593788	     -8.12991463	    -14.89927553	     63.81544381	     -5.20768068	      1.11378961	     -0.34821539	    -12.55130097	     -7.83923505	     -3.01566213	      7.21869262	     -0.59963322	     29.72606979	      1.95266617	      0.51881779	     17.00606201	     -3.11375413	     -7.83923505	    -39.53129771	     -4.59845695	      0.50103605	      8.57040687	     -5.98954528	    -16.01541327	     35.35451741	     90.00000001	      0.00000000	      0.00000000	      4.95256710	     -3.39096478	    -33.22130848	     34.99633408	     90.00000001	      0.00000000	      0.00000000
      1.05000000	     21.21935736	      3.71926210	      0.75309462	     -0.90561836	      0.89373326	     -0.05148571	    -17.50095757	     -8.04652844	    -15.24338196	     65.45904180	     -6.06675305	      1.14247580	      1.25753301	    -13.84569891	     -7.83303256	     -3.99331875	      7.07139030	     -0.92837805	     29.27339283	      1.93707312	      0.51091709	     17.46053464	     -2.62834186	     -7.83303256	    -39.82004766	     -4.43175797	      0.41922949	      8.21834812	     -5.87208839	    -16.25870767	     34.96794513	     90.00000001	      0.00000000	      0.00000000	      5.23744028	     -3.49299454	    -33.03664508	     35.18462518	     90.00000001	      0.00000000	      0.00000000
      1.06000000	     21.23104412	      3.64989707	      0.70979152	     -0.89790240	      0.89484023	     -0.05253341	    -15.69946759	     -8.10884579	    -15.67837387	     66.98275672	     -6.86113973	      1.16906965	      2.97624661	    -14.97933518	     -7.82724187	     -4.80057169	      7.06618108	     -1.21890735	     28.83826529	      1.83211556	      0.50332268	     17.91787941	     -2.08312306	     -7.82724187	    -40.00237821	     -4.32051221	      0.26322000	      7.91966440	     -5.71346592	    -16.59956241	     34.53489133	     90.00000001	      0.00000000	      0.00000000	      5.52786913	     -3.61238356	    -32.80224303	     35.37880895	     90.00000001	      0.00000000	      0.00000000
      1.07000000	     21.15196891	      3.62949596	      0.63966616	     -0.89033667	      0.89568844	     -0.05349598	    -13.75777541	     -8.27818080	    -16.20019512	     68.35825232	     -7.61922048	      1.19307657	      4.83143922	    -15.84046836	     -7.82068242	     -5.47025672	      7.12306623	     -1.48433741	     28.44262304	      1.71531341	      0.49641742	     18.41215819	     -1.44974582	     -7.82068242	    -40.10197064	     -4.27279985	      0.07916000	      7.65768916	     -5.56285109	    -17.10959656	     34.03752249	     90.00000001	      0.00000000	      0.00000000	      5.79931410	     -3.82051787	    -32.49626870	     35.58030629	     90.00000001	      0.00000000	      0.00000000
      1.08000000	     21.09292256	      3.57741497	      0.61911866	     -0.88286920	      0.89654429	     -0.05448752	    -11.87976157	     -8.34043952	    -16.71168245	     69.39966570	     -8.37240725	      1.21125267	      6.70038210	    -16.25557452	     -7.81429930	     -6.15217065	      7.13500490	     -1.73524858	     28.05661625	      1.61129478	      0.48968033	     18.85263762	     -0.91527179	     -7.81429930	    -40.21331863	     -4.16377597	     -0.12314397	      7.39701265	     -5.40037702	    -17.61572538	     33.55855271	     90.00000001	      0.00000000	      0.00000000	      6.12447606	     -4.01068802	    -32.16409635	     35.79510186	     90.00000001	      0.00000000	      0.00000000
      1.09000000	     21.07522703	      3.44185768	      0.58800070	     -0.87555577	      0.89746376	     -0.05546864	    -10.06487724	     -8.28277121	    -17.17904350	     70.10937790	     -9.04393056	      1.22363948	      8.40634807	    -16.57281819	     -7.80956483	     -6.88998396	      7.08258066	     -1.93061481	     27.63297929	      1.50466133	      0.48228647	     19.20784434	     -0.56192357	     -7.80956483	    -40.38227918	     -3.95659833	     -0.30135910	      7.15505790	     -5.29683078	    -17.96715875	     33.15343326	     90.00000001	      0.00000000	      0.00000000	      6.44811020	     -4.17463118	    -31.89762028	     35.99260535	     90.00000001	      0.00000000	      0.00000000
      1.10000000	     20.98563621	      3.38152591	      0.53641496	     -0.86837325	      0.89817594	     -0.05628022	     -8.16604630	     -8.31210205	    -17.69412871	     70.60074369	     -9.71261334	      1.23221543	     10.12546976	    -16.57827159	     -7.80436050	     -7.53269420	      7.08081674	     -2.06056510	     27.19618190	      1.46599792	      0.47466292	     19.61494952	     -0.15833725	     -7.80436050	    -40.49455031	     -3.85763061	     -0.48010361	      6.92490813	     -5.16232545	    -18.42575614	     32.67549636	     90.00000001	      0.00000000	      0.00000000	      6.77138919	     -4.38643004	    -31.56763263	     36.19329714	     90.00000001	      0.00000000	      0.00000000
      1.11000000	     20.88160014	      3.37501419	      0.51153925	     -0.86113630	      0.89870898	     -0.05727438	     -6.29726978	     -8.44895411	    -18.24693303	     70.87714846	    -10.28450340	      1.23703960	     11.67289781	    -16.08209145	     -7.79732475	     -8.15021773	      7.16125781	     -2.14538977	     26.82296249	      1.42530094	      0.46814901	     20.04888445	      0.32052450	     -7.79732475	    -40.55177860	     -3.75920922	     -0.75871383	      6.74193995	     -5.02572464	    -19.18196598	     32.14413795	     90.00000001	      0.00000000	      0.00000000	      7.08986442	     -4.63835524	    -31.08270550	     36.39632318	     90.00000001	      0.00000000	      0.00000000
      1.12000000	     20.79465764	      3.40439040	      0.56975976	     -0.85402872	      0.89925744	     -0.05843724	     -4.52863074	     -8.60152970	    -18.86574267	     70.80431836	    -10.83100219	      1.23576848	     13.10746848	    -15.07455153	     -7.78290397	     -8.77531974	      7.30229326	     -2.21584225	     26.42041794	      1.29477657	      0.46112328	     20.48603455	      0.89949833	     -7.78290397	    -40.65683338	     -3.62534887	     -1.08009461	      6.66756555	     -4.78247397	    -20.72836464	     31.54781094	     90.00000001	      0.00000000	      0.00000000	      7.36381632	     -4.90476070	    -30.21003740	     36.63889609	     90.00000001	      0.00000000	      0.00000000
      1.13000000	     20.72650974	      3.33479934	      0.49970490	     -0.84685895	      0.89974007	     -0.05892795	     -2.80989733	     -8.53490077	    -19.04558159	     70.49446709	    -11.07142891	      1.23036056	     14.04081119	    -14.77601814	     -7.77480014	     -9.45525541	      7.22972574	     -2.27536434	     25.98438151	      1.41675438	      0.45351301	     20.83577796	      1.09495627	     -7.77480014	    -40.75137907	     -3.55707502	     -1.21955614	      6.37838342	     -4.67212384	    -21.14328974	     31.10683444	     90.00000001	      0.00000000	      0.00000000	      7.73559845	     -5.18417476	    -29.88854643	     36.80984693	     90.00000001	      0.00000000	      0.00000000
      1.14000000	     20.65439619	      3.29120501	      0.48523538	     -0.83976751	      0.90016958	     -0.05964515	     -1.18317303	     -8.53613069	    -19.24911399	     69.88664934	    -11.20194879	      1.21975213	     14.83290293	    -13.98216191	     -7.76077192	    -10.14518413	      7.29166063	     -2.22303393	     25.49204718	      1.30477273	      0.44492016	     21.10620748	      1.30463802	     -7.76077192	    -40.83861574	     -3.43502991	     -1.45969332	      6.20482675	     -4.51341467	    -22.12951783	     30.67181357	     90.00000001	      0.00000000	      0.00000000	      8.06746828	     -5.48390403	    -29.31875598	     37.02617075	     90.00000001	      0.00000000	      0.00000000
      1.15000000	     20.46730711	      3.21751589	      0.44772740	     -0.83277310	      0.90025579	     -0.06028266	      0.54123828	     -8.45322261	    -19.16640237	     69.11003379	    -11.11122722	      1.20619764	     15.22358247	    -13.58995453	     -7.75648837	    -10.59993463	      7.28548861	     -2.34767928	     25.20702354	      1.23669998	      0.43994556	     21.34766148	      1.39902981	     -7.75648837	    -40.81013709	     -3.31261165	     -1.64832113	      5.85908410	     -4.50114342	    -22.25887260	     30.45332232	     90.00000001	      0.00000000	      0.00000000	      8.43424478	     -5.71285633	    -29.13419821	     37.24189260	     90.00000001	      0.00000000	      0.00000000
      1.16000000	     20.31019459	      3.21299888	      0.37442973	     -0.82575203	      0.90030410	     -0.06078583	      2.15968140	     -8.42925958	    -19.04572227	     68.12578980	    -10.98250002	      1.18901934	     15.61720271	    -13.15143178	     -7.75172306	    -11.17125531	      7.35790730	     -2.34509982	     24.74784984	      1.22444085	      0.43193146	     21.74880142	      1.56187659	     -7.75172306	    -40.79921217	     -3.28689413	     -1.83551301	      5.58148967	     -4.46540107	    -22.59631240	     30.05684343	     90.00000001	      0.00000000	      0.00000000	      8.83549244	     -5.98720646	    -28.82858297	     37.38059468	     90.00000001	      0.00000000	      0.00000000
      1.17000000	     20.10969477	      3.27073820	      0.42133978	     -0.81894042	      0.90011776	     -0.06141834	      3.74220286	     -8.58229414	    -18.93366063	     67.00745714	    -10.56314395	      1.16950075	     15.56980894	    -12.57390806	     -7.74847664	    -11.46561835	      7.36959676	     -2.54599577	     24.75835375	      1.30306033	      0.43211479	     21.76797270	      1.68381628	     -7.74847664	    -40.78331409	     -3.26254676	     -2.12362518	      5.18096409	     -4.43099414	    -22.68158449	     30.02119871	     90.00000001	      0.00000000	      0.00000000	      9.27182809	     -6.25440839	    -28.67424610	     37.67992965	     90.00000001	      0.00000000	      0.00000000
      1.18000000	     19.84174506	      3.34246751	      0.43163690	     -0.81193311	      0.89974513	     -0.06197858	      5.29331439	     -8.71067673	    -18.79527668	     65.66010595	    -10.15760839	      1.14598504	     15.56547891	    -12.08852053	     -7.74532022	    -11.76129108	      7.45641495	     -2.72342429	     24.62869002	      1.29874946	      0.42985173	     21.91149824	      1.80566850	     -7.74532022	    -40.65244665	     -3.27237366	     -2.37610950	      4.76297790	     -4.41082015	    -22.81317604	     29.90282923	     90.00000001	      0.00000000	      0.00000000	      9.65753431	     -6.51054754	    -28.49235852	     37.92940454	     90.00000001	      0.00000000	      0.00000000
      1.19000000	     20.18299157	      3.34113702	      0.32061865	     -0.80433013	      0.90060146	     -0.06225596	      5.86634867	     -8.57818030	    -18.81606284	     63.69518332	    -10.02417563	      1.11169067	     15.78812705	    -11.76573230	     -7.73064163	    -13.37400604	      7.61974792	     -2.31601794	     23.21550300	      1.22013084	      0.40518696	     22.64052392	      2.37060760	     -7.73064163	    -41.06030088	     -3.25465227	     -2.45829699	      4.84505494	     -4.11289319	    -25.71592028	     28.92941521	     90.00000001	      0.00000000	      0.00000000	      9.96189614	     -6.97960373	    -27.08833450	     37.89512431	     90.00000001	      0.00000000	      0.00000000
      1.20000000	     19.82731565	      3.47804886	      0.37126283	     -0.79749422	      0.89985079	     -0.06275777	      7.40326547	     -8.85948098	    -18.76003810	     62.17949839	     -9.46529547	      1.08523697	     15.64538824	    -11.29718545	     -7.72759996	    -13.48076067	      7.70317628	     -2.61195023	     23.24610692	      1.27909539	      0.40572110	     22.66867869	      2.47008983	     -7.72759996	    -40.85942504	     -3.32870627	     -2.71915419	      4.37888302	     -4.09367985	    -25.73910440	     28.92407331	     90.00000001	      0.00000000	      0.00000000	     10.40552789	     -7.24627655	    -26.97126718	     38.20557063	     90.00000001	      0.00000000	      0.00000000
      1.21000000	     19.98094708	      3.41843807	      0.38117493	     -0.79007062	      0.90016237	     -0.06314187	      8.00320659	     -8.68913972	    -18.67857322	     59.98280832	     -9.02925047	      1.04689750	     15.27767848	    -11.63176454	     -7.71758468	    -14.60569315	      7.74516859	     -2.67875351	     22.39232248	      1.04385698	      0.39081975	     23.33555407	      3.41662514	     -7.71758468	    -41.07750229	     -3.20442635	     -2.86681030	      4.18321571	     -4.04661215	    -26.98740932	     28.36305695	     90.00000001	      0.00000000	      0.00000000	     10.81250782	     -7.57036811	    -26.31586007	     38.11855501	     90.00000001	      0.00000000	      0.00000000
      1.22000000	     19.67677381	      3.55177288	      0.41365250	     -0.78303467	      0.89937318	     -0.06355519	      9.25096135	     -8.84945123	    -18.65793252	     58.07952285	     -8.58527348	      1.01367890	     15.16695766	    -11.47614802	     -7.71352849	    -14.87086685	      7.95970636	     -3.00610352	     22.21997150	      0.78485009	      0.38781166	     23.69083892	      3.66845193	     -7.71352849	    -40.87540204	     -3.29064142	     -3.13111887	      3.76997715	     -4.04885839	    -27.22339550	     28.18126675	     90.00000001	      0.00000000	      0.00000000	     11.23199718	     -7.86112890	    -26.09570141	     38.26496648	     90.00000001	      0.00000000	      0.00000000
      1.23000000	     19.59405615	      3.60710251	      0.48738169	     -0.77578638	      0.89899297	     -0.06395140	     10.04568554	     -8.93048553	    -18.78536623	     55.90947911	     -8.09290494	      0.97580449	     14.85722651	    -11.63319562	     -7.70879715	    -15.50205139	      8.03495862	     -3.39044542	     21.81470393	      0.57425679	      0.38073841	     24.18048880	      4.41845781	     -7.70879715	    -40.87731144	     -3.26986623	     -3.33115605	      3.41603738	     -4.04053724	    -27.77722931	     27.85719597	     90.00000001	      0.00000000	      0.00000000	     11.68026922	     -8.14032980	    -25.72718175	     38.27625695	     90.00000001	      0.00000000	      0.00000000
      1.24000000	     19.71150414	      3.42283168	      0.59947840	     -0.76844489	      0.89895981	     -0.06396960	     10.43511546	     -8.62635855	    -19.09226559	     53.43419418	     -7.70127173	      0.93260262	     14.11700526	    -12.00772736	     -7.69889036	    -16.28406391	      7.60928500	     -4.33693362	     21.59463789	      0.57678180	      0.37689753	     24.89396317	      6.41153332	     -7.69889036	    -41.08480375	     -3.03777239	     -3.35988653	      3.11966661	     -3.93612421	    -29.23068995	     27.65166110	     90.00000001	      0.00000000	      0.00000000	     12.10425356	     -8.44887057	    -25.10679152	     38.42375665	     90.00000001	      0.00000000	      0.00000000
      1.25000000	     19.43238052	      3.54921244	      0.71855304	     -0.76132852	      0.89801607	     -0.06436107	     11.37265642	     -8.81538398	    -19.30286742	     51.27809663	     -7.19412586	      0.89497162	     13.97375346	    -11.94404741	     -7.69411627	    -16.53788840	      7.78461758	     -4.96980789	     21.47752347	      0.17381351	      0.37485350	     25.41871096	      7.10051802	     -7.69411627	    -40.89520857	     -3.07960103	     -3.60788562	      2.71685450	     -3.95592879	    -29.57562717	     27.41082861	     90.00000001	      0.00000000	      0.00000000	     12.55389441	     -8.71048760	    -24.85589852	     38.47016280	     90.00000001	      0.00000000	      0.00000000
      1.26000000	     19.09389744	      3.70430581	      0.81121762	     -0.75433607	      0.89695367	     -0.06456507	     12.33490013	     -8.95609419	    -19.42340868	     49.04362241	     -6.73872335	      0.85597269	     13.73511734	    -11.69723273	     -7.69055452	    -16.69935433	      7.96341481	     -5.47408997	     21.42784055	     -0.12983696	      0.37398637	     25.73558980	      7.73782124	     -7.69055452	    -40.65953996	     -3.18676514	     -3.89136302	      2.29901326	     -3.93235604	    -29.84099119	     27.34913816	     90.00000001	      0.00000000	      0.00000000	     12.97428722	     -8.99183099	    -24.64870428	     38.60729716	     90.00000001	      0.00000000	      0.00000000
      1.27000000	     19.31536919	      3.27192419	      1.02453302	     -0.74673422	      0.89687893	     -0.06430836	     12.29323662	     -8.32478829	    -20.08978407	     46.28698748	     -6.42761290	      0.80786033	     13.04334046	    -11.79358256	     -7.67998299	    -17.43216072	      7.05943609	     -7.38279524	     21.54587548	     -0.20712988	      0.37604647	     27.03517395	     11.24581410	     -7.67998299	    -40.93161990	     -2.70426379	     -3.73536403	      1.97050647	     -3.87010384	    -31.40586005	     27.13487905	     90.00000001	      0.00000000	      0.00000000	     13.44445251	     -9.22009404	    -24.07242276	     38.67505884	     90.00000001	      0.00000000	      0.00000000
      1.28000000	     18.87261225	      3.51175759	      1.17033107	     -0.73973756	      0.89550274	     -0.06458907	     13.28222088	     -8.62121390	    -20.22087979	     44.14320825	     -5.86019647	      0.77044433	     12.91405024	    -11.35888199	     -7.67647037	    -17.42170302	      7.34731463	     -7.92782642	     21.57833287	     -0.62282052	      0.37661296	     27.39928823	     11.69166427	     -7.67647037	    -40.59382250	     -2.86910791	     -4.06177007	      1.53106455	     -3.87402181	    -31.53893908	     26.99410304	     90.00000001	      0.00000000	      0.00000000	     13.87158475	     -9.45918356	    -23.90699027	     38.75524971	     90.00000001	      0.00000000	      0.00000000
      1.29000000	     18.82537487	      3.21436716	      1.36283829	     -0.73226289	      0.89476365	     -0.06435332	     13.53374937	     -8.15880633	    -20.80274412	     41.52853257	     -5.53527519	      0.72480963	     12.58664477	    -10.70244987	     -7.66238503	    -17.67164977	      6.65631843	    -10.01122590	     22.04866277	     -0.94137434	      0.38482176	     28.77234771	     15.21399935	     -7.66238503	    -40.59130170	     -2.52715582	     -4.01334196	      1.21998835	     -3.83360095	    -32.75217455	     26.78308943	     90.00000001	      0.00000000	      0.00000000	     14.31365652	     -9.65751707	    -23.53457913	     38.77980912	     90.00000001	      0.00000000	      0.00000000
      1.30000000	     18.67098680	      3.17598776	      1.56341645	     -0.72493065	      0.89386327	     -0.06422369	     13.93555290	     -8.03710819	    -21.17222875	     39.12514980	     -5.07354226	      0.68286268	     12.37487543	     -9.90005892	     -7.65174854	    -17.98225098	      6.39694215	    -11.04290903	     22.13401738	     -1.17906090	      0.38631148	     29.38908012	     16.79149291	     -7.65174854	    -40.50666851	     -2.43470643	     -4.12436879	      0.79083042	     -3.81900864	    -33.25440117	     26.65604269	     90.00000001	      0.00000000	      0.00000000	     14.77038841	     -9.85790016	    -23.30711272	     38.79788820	     90.00000001	      0.00000000	      0.00000000
      1.31000000	     18.17900565	      3.44886365	      1.73754543	     -0.71793671	      0.89233976	     -0.06423567	     14.84771273	     -8.31040089	    -21.20557907	     37.05929646	     -4.53387297	      0.64680674	     12.16720064	     -9.21074196	     -7.64904733	    -17.91881970	      6.67991959	    -11.38548203	     22.17112147	     -1.53064107	      0.38695907	     29.57459793	     17.03299319	     -7.64904733	    -40.12557306	     -2.65237650	     -4.44645312	      0.33760095	     -3.78184555	    -33.31769678	     26.60492178	     90.00000001	      0.00000000	      0.00000000	     15.19265079	    -10.08093977	    -23.16912889	     38.91793141	     90.00000001	      0.00000000	      0.00000000
      1.32000000	     18.22212821	      3.14503411	      2.00788369	     -0.71029576	      0.89173982	     -0.06387963	     14.80967159	     -7.83301896	    -21.92785748	     34.49539355	     -4.21857619	      0.60205819	     12.10128781	     -7.46107234	     -7.63890987	    -18.34635043	      5.89880311	    -13.13612143	     22.51531155	     -1.72375779	      0.39296632	     30.62100779	     19.96476658	     -7.63890987	    -40.21706553	     -2.27978922	     -4.38559275	     -0.02698710	     -3.76944885	    -34.31275729	     26.42790825	     90.00000001	      0.00000000	      0.00000000	     15.64628653	    -10.21472785	    -22.89012827	     38.89260820	     90.00000001	      0.00000000	      0.00000000
      1.33000000	     18.01124513	      3.17048005	      2.20377091	     -0.70294432	      0.89070614	     -0.06356232	     15.18740094	     -7.74218608	    -22.18843895	     32.29702413	     -3.81184949	      0.56368941	     12.10811086	     -6.06829645	     -7.63206351	    -18.58688066	      5.69959251	    -13.99445498	     22.63293831	     -1.93497616	      0.39501929	     31.07138329	     21.24349204	     -7.63206351	    -40.09245474	     -2.26575397	     -4.50821583	     -0.42503006	     -3.75275775	    -34.70847498	     26.27605672	     90.00000001	      0.00000000	      0.00000000	     16.09800788	    -10.37707951	    -22.71021428	     38.86054719	     90.00000001	      0.00000000	      0.00000000
      1.34000000	     17.50523931	      3.45887047	      2.41110621	     -0.69584133	      0.88914663	     -0.06345091	     16.00109121	     -8.01528448	    -22.17537306	     30.47299653	     -3.32734186	      0.53185412	     11.87084584	     -5.13509987	     -7.62957632	    -18.46644185	      5.96752853	    -14.30381167	     22.75274778	     -2.30607917	      0.39711036	     31.24110077	     21.48352650	     -7.62957632	    -39.70843891	     -2.49082471	     -4.83163267	     -0.86029182	     -3.71371669	    -34.78557725	     26.25337282	     90.00000001	      0.00000000	      0.00000000	     16.46726202	    -10.55110896	    -22.58943205	     38.98539255	     90.00000001	      0.00000000	      0.00000000
      1.35000000	     17.18351585	      3.62019568	      2.63989443	     -0.68852428	      0.88797563	     -0.06319462	     16.43403359	     -8.08394101	    -22.18946671	     28.50058065	     -2.88052330	      0.49742897	     11.75554916	     -3.81818385	     -7.62716089	    -18.58341870	      6.00522937	    -14.79510724	     22.84477482	     -2.62193138	      0.39871654	     31.53891456	     22.21034509	     -7.62716089	    -39.49021430	     -2.58817495	     -5.06216685	     -1.24022970	     -3.68852093	    -35.00211221	     26.12238022	     90.00000001	      0.00000000	      0.00000000	     16.87120396	    -10.70196989	    -22.45168330	     38.97758468	     90.00000001	      0.00000000	      0.00000000
      1.36000000	     17.20489774	      3.35874982	      2.91369679	     -0.68046415	      0.88716961	     -0.06251885	     16.47689164	     -7.69079481	    -23.57808623	     26.73346264	     -2.98449899	      0.46658694	     12.39513124	     -0.42283171	     -7.61783822	    -18.89930842	      5.11171043	    -16.77265751	     23.46450931	     -2.79268036	      0.40953294	     32.50672800	     25.47930649	     -7.61783822	    -39.52205936	     -2.27373435	     -4.99708450	     -1.59877294	     -3.63514001	    -36.12971002	     25.97234230	     90.00000001	      0.00000000	      0.00000000	     17.20206499	    -10.76827709	    -22.29377710	     39.00746442	     90.00000001	      0.00000000	      0.00000000
      1.37000000	     16.83399157	      3.62586487	      3.15835215	     -0.67302991	      0.88592886	     -0.06224298	     16.98176756	     -7.89011815	    -23.53751468	     25.25654327	     -2.64063736	      0.44080984	     12.35454265	      0.56220711	     -7.61552103	    -18.98330407	      5.25795172	    -17.05999445	     23.52427791	     -3.06513308	      0.41057610	     32.57680788	     25.81227749	     -7.61552103	    -39.26484858	     -2.46599430	     -5.27721948	     -1.99689570	     -3.60053451	    -36.23035944	     25.86747916	     90.00000001	      0.00000000	      0.00000000	     17.56334942	    -10.87938357	    -22.19574268	     39.03062405	     90.00000001	      0.00000000	      0.00000000
      1.38000000	     16.77891383	      3.58880098	      3.44152363	     -0.66502050	      0.88515376	     -0.06162137	     17.05661472	     -7.70137570	    -24.35382953	     23.88097191	     -2.67250510	      0.41680159	     12.76022463	      2.82643342	     -7.61036816	    -19.35811327	      4.77555051	    -18.12568422	     23.83225606	     -3.22206602	      0.41595134	     32.93153461	     27.51537217	     -7.61036816	    -39.25990454	     -2.35819224	     -5.35057601	     -2.38236927	     -3.54717172	    -36.83330137	     25.76229763	     90.00000001	      0.00000000	      0.00000000	     17.89141268	    -10.93772340	    -22.11800882	     39.03769708	     90.00000001	      0.00000000	      0.00000000
      1.39000000	     16.43274309	      3.86524613	      3.62443686	     -0.65717630	      0.88385199	     -0.06106269	     17.67327067	     -7.97369788	    -24.52830839	     23.28258118	     -2.50110390	      0.40635770	     12.74971360	      2.99746696	     -7.60948908	    -19.51617175	      4.82909050	    -18.31791796	     23.95027575	     -3.22643363	      0.41801117	     32.86126279	     27.42761394	     -7.60948908	    -38.98813839	     -2.61140726	     -5.54535805	     -2.84663860	     -3.50266815	    -36.85568536	     25.70795228	     90.00000001	      0.00000000	      0.00000000	     18.12756157	    -10.98903121	    -22.07173231	     39.19576921	     90.00000001	      0.00000000	      0.00000000
      1.40000000	     16.31479633	      3.90756957	      4.00654581	     -0.64904993	      0.88306088	     -0.06065823	     17.67591055	     -7.88771301	    -25.36260371	     22.18109677	     -2.61322675	      0.38713317	     13.32120657	      5.58159790	     -7.60470086	    -19.71241102	      4.47809934	    -19.38575462	     24.40569116	     -3.71489588	      0.42595967	     33.23449547	     29.64411352	     -7.60470086	    -38.92374369	     -2.49484264	     -5.77492435	     -3.13303128	     -3.46156794	    -37.57202716	     25.55282524	     90.00000001	      0.00000000	      0.00000000	     18.37892801	    -11.04663741	    -21.99914304	     39.12244440	     90.00000001	      0.00000000	      0.00000000
      1.41000000	     16.03449894	      4.17774815	      4.29655994	     -0.64094956	      0.88202177	     -0.06016517	     18.00358446	     -8.11890359	    -25.56328467	     21.75298301	     -2.54406060	      0.37966118	     13.40162781	      5.78433964	     -7.60372949	    -19.90693194	      4.52067373	    -19.49556870	     24.56089164	     -3.89887601	      0.42866843	     33.16892019	     29.81859441	     -7.60372949	    -38.71964954	     -2.67239282	     -6.05519492	     -3.52870948	     -3.42195895	    -37.65911233	     25.47374684	     90.00000001	      0.00000000	      0.00000000	     18.56440309	    -11.09302107	    -21.97043133	     39.19689553	     90.00000001	      0.00000000	      0.00000000
      1.42000000	     15.84615458	      4.32971024	      4.53345089	     -0.63255601	      0.88111111	     -0.05947130	     18.22675965	     -8.17060887	    -25.55919817	     21.65029943	     -2.53624477	      0.37786901	     13.41622000	      5.81966746	     -7.60362568	    -20.26508417	      4.41554022	    -19.56856129	     24.65350878	     -3.98666024	      0.43028490	     33.14705720	     29.86813104	     -7.60362568	    -38.56986101	     -2.75252853	     -6.23008484	     -3.91123269	     -3.42803402	    -37.72279831	     25.35985560	     90.00000001	      0.00000000	      0.00000000	     18.67829145	    -11.13717816	    -21.97161723	     39.24838437	     90.00000001	      0.00000000	      0.00000000
      1.43000000	     15.64640221	      4.51699539	      4.81135424	     -0.62399047	      0.88026375	     -0.05881638	     18.32916736	     -8.25346257	    -25.59419707	     21.56400846	     -2.56611858	      0.37636295	     13.46752130	      5.83092467	     -7.60349775	    -20.59668914	      4.31111593	    -19.65155135	     24.77408101	     -4.08033398	      0.43238928	     33.08852123	     29.98058853	     -7.60349775	    -38.40334922	     -2.85057332	     -6.42478851	     -4.30074908	     -3.39905841	    -37.79722668	     25.24316757	     90.00000001	      0.00000000	      0.00000000	     18.77003041	    -11.11736871	    -21.96455920	     39.29141569	     90.00000001	      0.00000000	      0.00000000
      1.44000000	     15.57689597	      4.80833088	      5.46805533	     -0.61526799	      0.87971124	     -0.05874337	     18.08941373	     -8.67589449	    -26.34900101	     21.64621216	     -2.51807960	      0.37779767	     14.04868899	      5.63772794	     -7.60241398	    -20.85445068	      4.09488003	    -19.89069825	     25.35443295	     -4.43800337	      0.44251833	     32.55179676	     31.29725781	     -7.60241398	    -38.38670268	     -2.82077171	     -6.96128959	     -4.63811927	     -3.29105579	    -38.14762367	     25.19953609	     90.00000001	      0.00000000	      0.00000000	     18.87082649	    -11.11540104	    -21.97980936	     39.29672591	     90.00000001	      0.00000000	      0.00000000
      1.45000000	     15.37437477	      4.93633878	      5.73389874	     -0.60620771	      0.87888571	     -0.05795524	     18.03416263	     -8.64124693	    -26.24270825	     21.76256236	     -2.59489014	      0.37982837	     14.03447332	      5.64300395	     -7.60232143	    -21.21733579	      3.92458505	    -19.93619903	     25.43823497	     -4.55041852	      0.44398096	     32.54098438	     31.37461671	     -7.60232143	    -38.15876076	     -2.87126740	     -7.10275055	     -5.04170481	     -3.31479314	    -38.22676152	     25.07305109	     90.00000001	      0.00000000	      0.00000000	     18.84295056	    -11.11194976	    -21.99016364	     39.30932352	     90.00000001	      0.00000000	      0.00000000
      1.46000000	     15.29022674	      5.01209517	      6.28604752	     -0.59687737	      0.87809740	     -0.05768382	     17.98247090	     -8.84418751	    -26.92808707	     22.69903119	     -2.73515074	      0.39617283	     14.27327115	      5.03051917	     -7.59906637	    -21.44690321	      3.38826672	    -20.92423805	     26.02691744	     -5.01292025	      0.45425540	     32.57693683	     33.94298684	     -7.59906637	    -38.03143136	     -2.66599969	     -7.48568564	     -5.26491500	     -3.26194792	    -39.18844785	     24.88931332	     90.00000001	      0.00000000	      0.00000000	     18.70034383	    -11.02058577	    -22.15595664	     39.45260778	     90.00000001	      0.00000000	      0.00000000
      1.47000000	     15.21421185	      5.09403151	      6.63050902	     -0.58735813	      0.87745612	     -0.05692720	     17.73949361	     -8.88161705	    -27.06727347	     23.30444195	     -2.75495480	      0.40673924	     14.36149885	      4.49522566	     -7.59788958	    -21.88159832	      2.97792304	    -21.07968091	     26.34266618	     -5.03763674	      0.45976626	     32.27591621	     34.36475176	     -7.59788958	    -37.88635034	     -2.61099302	     -7.62740714	     -5.59875088	     -3.27108951	    -39.45924593	     24.72464128	     90.00000001	      0.00000000	      0.00000000	     18.58256538	    -10.93589232	    -22.22026019	     39.44578981	     90.00000001	      0.00000000	      0.00000000
      1.48000000	     15.10029267	      5.19770128	      7.03567900	     -0.57778734	      0.87681689	     -0.05630522	     17.51980713	     -8.95798337	    -27.21007699	     24.02536092	     -2.80263502	      0.41932165	     14.25620346	      3.76139635	     -7.59663481	    -22.24809757	      2.64251711	    -21.17020710	     26.64953120	     -5.21785430	      0.46512206	     31.88652862	     34.93251260	     -7.59663481	    -37.71306824	     -2.53269066	     -7.87162718	     -5.89211709	     -3.27608143	    -39.77131999	     24.58680762	     90.00000001	      0.00000000	      0.00000000	     18.40321489	    -10.85953438	    -22.34213331	     39.48016355	     90.00000001	      0.00000000	      0.00000000
      1.49000000	     14.92250048	      5.31585806	      7.39325248	     -0.56808950	      0.87610750	     -0.05564779	     17.36315021	     -9.03158548	    -27.24779425	     24.77259256	     -2.87589623	      0.43236330	     13.98291271	      2.92528156	     -7.59506153	    -22.52241762	      2.35949893	    -21.28805574	     26.98518668	     -5.45866116	      0.47098036	     31.45712131	     35.52266065	     -7.59506153	    -37.45757422	     -2.49550368	     -8.08611170	     -6.14816811	     -3.31704862	    -40.15852995	     24.42856919	     90.00000001	      0.00000000	      0.00000000	     18.14623780	    -10.75899987	    -22.53159991	     39.52160335	     90.00000001	      0.00000000	      0.00000000
      1.50000000	     14.61131880	      5.41024301	      7.65083697	     -0.55841121	      0.87520801	     -0.05483630	     17.38120820	     -9.03384188	    -26.83222103	     25.54488636	     -2.85738995	      0.44584237	     13.42859100	      1.59067076	     -7.58988244	    -22.59067667	      2.10566998	    -21.54651224	     27.42099823	     -5.73628450	      0.47858670	     31.07707044	     36.11007541	     -7.58988244	    -37.06085615	     -2.50072568	     -8.22823308	     -6.25287005	     -3.34284081	    -41.05852518	     24.15430455	     90.00000001	      0.00000000	      0.00000000	     17.87898474	    -10.57509788	    -22.93312140	     39.52619035	     90.00000001	      0.00000000	      0.00000000
      1.51000000	     14.49136210	      5.43697488	      7.91748471	     -0.54843317	      0.87471744	     -0.05402659	     17.16092071	     -8.99028497	    -26.94940690	     26.29783685	     -2.98078284	      0.45898384	     13.10889200	      1.32364784	     -7.58908795	    -22.96168723	      1.75656903	    -21.53478807	     27.69452460	     -5.85445191	      0.48336064	     30.46835673	     36.27412021	     -7.58908795	    -36.83088375	     -2.39787458	     -8.29937743	     -6.48230811	     -3.40776569	    -41.18891985	     24.04653135	     90.00000001	      0.00000000	      0.00000000	     17.56050751	    -10.43579064	    -23.02782236	     39.50303657	     90.00000001	      0.00000000	      0.00000000
      1.52000000	     14.30632244	      5.53629188	      8.10994757	     -0.53832529	      0.87430439	     -0.05297750	     16.87900982	     -8.85949795	    -26.78276430	     26.60452003	     -3.14063348	      0.46433647	     12.99263251	      1.32294004	     -7.58898613	    -23.27758104	      1.60477490	    -21.41774377	     27.86944829	     -6.08393807	      0.48641363	     30.31584853	     36.31650636	     -7.58898613	    -36.53482305	     -2.45185173	     -8.32383209	     -6.79207395	     -3.46351565	    -41.25192308	     23.95059489	     90.00000001	      0.00000000	      0.00000000	     17.20031400	    -10.30178203	    -23.06557713	     39.40901368	     90.00000001	      0.00000000	      0.00000000
      1.53000000	     14.10735299	      5.50258665	      8.31437417	     -0.52838075	      0.87372122	     -0.05207836	     17.12642965	     -8.88702198	    -27.26687067	     28.03863294	     -3.51288779	      0.48936646	     12.15984710	      0.92208554	     -7.58780447	    -23.34444589	      1.17211865	    -21.68822400	     28.53810018	     -6.33105475	      0.49808381	     28.67138946	     36.64941077	     -7.58780447	    -36.23816506	     -2.31651176	     -8.42059741	     -6.82778610	     -3.62000865	    -41.54771293	     23.79612406	     90.00000001	      0.00000000	      0.00000000	     16.76051252	    -10.11576613	    -23.46844214	     39.52850577	     90.00000001	      0.00000000	      0.00000000
      1.54000000	     13.85499648	      5.48783873	      8.40379890	     -0.51828689	      0.87322239	     -0.05099916	     17.27236744	     -8.78924099	    -27.23563860	     28.99061654	     -3.78451811	      0.50598171	     11.70045059	      0.86023212	     -7.58672848	    -23.37801850	      0.90788525	    -21.85835986	     29.10884531	     -6.62831284	      0.50804519	     27.61650654	     36.76651637	     -7.58672848	    -35.85287336	     -2.27094904	     -8.39375298	     -6.87843803	     -3.73016467	    -41.83103374	     23.64396046	     90.00000001	      0.00000000	      0.00000000	     16.30569559	     -9.90677193	    -23.84230575	     39.52623978	     90.00000001	      0.00000000	      0.00000000
      1.55000000	     13.68174852	      5.42380072	      8.45032571	     -0.50813904	      0.87299198	     -0.04974431	     17.33210661	     -8.58144709	    -27.05717872	     29.89316391	     -4.03581808	      0.52173413	     11.35718064	      0.85601898	     -7.58586928	    -23.45217563	      0.60545725	    -21.97455141	     29.71042242	     -6.95157656	      0.51854469	     26.52000340	     36.78196670	     -7.58586928	    -35.56926978	     -2.20455490	     -8.31400679	     -6.91176508	     -3.89642625	    -42.07294584	     23.52695167	     90.00000001	      0.00000000	      0.00000000	     15.83250812	     -9.69209808	    -24.17892709	     39.47589518	     90.00000001	      0.00000000	      0.00000000
      1.56000000	     13.36625301	      5.37002641	      8.41640773	     -0.49801353	      0.87258430	     -0.04839279	     17.62552757	     -8.34693537	    -26.66708703	     30.83593025	     -4.35955301	      0.53818851	     11.03993383	      0.71372386	     -7.58361030	    -23.20890740	      0.39456000	    -22.29437411	     30.58543486	     -7.45759977	      0.53381654	     25.02907425	     36.75555132	     -7.58361030	    -35.12027959	     -2.19950248	     -8.21064044	     -6.82007563	     -4.03457128	    -42.61847561	     23.33564860	     90.00000001	      0.00000000	      0.00000000	     15.34571063	     -9.42155159	    -24.92165331	     39.41186009	     90.00000001	      0.00000000	      0.00000000
      1.57000000	     13.35307346	      5.20475725	      8.36306607	     -0.48768703	      0.87281153	     -0.04696068	     17.48793599	     -8.00317871	    -26.24942800	     31.72609542	     -4.43695409	      0.55372482	     10.87080503	      0.58742184	     -7.58258195	    -23.32392544	     -0.01344762	    -22.43243090	     31.41660517	     -7.74131569	      0.54832320	     23.54335912	     36.54381765	     -7.58258195	    -34.97620120	     -2.03639050	     -7.99494443	     -6.76363610	     -4.21364240	    -42.83139497	     23.25890019	     90.00000001	      0.00000000	      0.00000000	     14.83763606	     -9.18248388	    -25.25507394	     39.33164912	     90.00000001	      0.00000000	      0.00000000
      1.58000000	     13.33428068	      5.00084744	      8.27335622	     -0.47739855	      0.87313740	     -0.04542041	     17.33525550	     -7.55373055	    -25.62459875	     32.53080470	     -4.48729831	      0.56776965	     10.79956220	      0.31256833	     -7.58149751	    -23.28967357	     -0.41859160	    -22.62713558	     32.45104200	     -8.14981785	      0.56637753	     21.72132701	     36.17353893	     -7.58149751	    -34.82031153	     -1.85768415	     -7.75823774	     -6.63606729	     -4.40476823	    -43.03687593	     23.20172830	     90.00000001	      0.00000000	      0.00000000	     14.30348933	     -8.93792549	    -25.68957534	     39.25498072	     90.00000001	      0.00000000	      0.00000000
      1.59000000	     13.46761399	      4.79574957	      8.18393517	     -0.46707005	      0.87382620	     -0.04388846	     16.95330285	     -7.07011604	    -24.97189839	     33.30004760	     -4.49980803	      0.58119547	     10.84422785	      0.12451931	     -7.58092390	    -23.40082599	     -0.74379305	    -22.56986169	     33.43924094	     -8.62290857	      0.58362485	     20.36548597	     35.80357399	     -7.58092390	    -34.84052993	     -1.64455259	     -7.52655876	     -6.48868714	     -4.61126233	    -43.13383079	     23.19510981	     90.00000001	      0.00000000	      0.00000000	     13.77847171	     -8.73815482	    -25.98177268	     39.12459838	     90.00000001	      0.00000000	      0.00000000
      1.60000000	     13.56533641	      4.52588964	      8.02241096	     -0.45677401	      0.87452571	     -0.04218841	     16.54611418	     -6.52773350	    -24.23565300	     33.95338699	     -4.32225676	      0.59259840	     11.07810929	     -0.31897519	     -7.58015742	    -23.25448404	     -1.23276246	    -22.81239662	     34.86568843	     -9.02317057	      0.60852106	     18.10830632	     34.99494787	     -7.58015742	    -34.80783377	     -1.42129348	     -7.20517582	     -6.28890917	     -4.82206353	    -43.23899841	     23.20067587	     90.00000001	      0.00000000	      0.00000000	     13.22561310	     -8.46230676	    -26.43466333	     39.03728184	     90.00000001	      0.00000000	      0.00000000
      1.61000000	     13.50034817	      4.15584797	      7.66677966	     -0.44675632	      0.87514498	     -0.04012846	     16.24222099	     -5.65335908	    -22.60502872	     34.29055034	     -3.96843942	      0.59848301	     10.70119743	     -2.44242310	     -7.57631789	    -22.85402665	     -1.59985463	    -22.76715359	     36.37886949	     -9.38080979	      0.63493105	     15.85122085	     33.13600329	     -7.57631789	    -34.62642588	     -1.21377761	     -6.73220520	     -5.92734616	     -5.06611401	    -43.51137506	     23.14431025	     90.00000001	      0.00000000	      0.00000000	     12.81418310	     -8.02959714	    -27.78741037	     38.75531231	     90.00000001	      0.00000000	      0.00000000
      1.62000000	     13.68805749	      3.85648269	      7.46315159	     -0.43662839	      0.87619130	     -0.03837353	     15.58687960	     -5.01902954	    -21.97219377	     34.67833203	     -3.80556161	      0.60525107	     11.09160350	     -2.94521738	     -7.57342632	    -22.64823509	     -1.96241545	    -22.59568866	     37.94617241	     -9.79782893	      0.66228565	     13.80260450	     31.59269283	     -7.57342632	    -34.72148717	     -0.95435607	     -6.39002644	     -5.63699091	     -5.29256281	    -43.45025963	     23.26690117	     90.00000001	      0.00000000	      0.00000000	     12.26956939	     -7.79358786	    -28.15916556	     38.60703645	     90.00000001	      0.00000000	      0.00000000
      1.63000000	     13.90062873	      3.57637310	      7.26924550	     -0.42658219	      0.87729973	     -0.03668519	     14.86062920	     -4.44220445	    -21.65154685	     35.01026809	     -3.72622920	      0.61104445	     11.73959103	     -3.04701749	     -7.57229085	    -22.33987439	     -2.29554406	    -22.47182374	     39.65851942	    -10.29354777	      0.69217174	     11.87776690	     30.14539164	     -7.57229085	    -34.85191053	     -0.70338750	     -6.07003208	     -5.32025889	     -5.52424384	    -43.33461480	     23.44194064	     90.00000001	      0.00000000	      0.00000000	     11.71485729	     -7.56051066	    -28.44906252	     38.46223272	     90.00000001	      0.00000000	      0.00000000
      1.64000000	     14.09401382	      3.33396601	      7.01157537	     -0.41678454	      0.87848795	     -0.03482878	     14.13497879	     -3.82934782	    -21.52304151	     35.20942092	     -3.88426342	      0.61452032	     12.23722080	     -2.97283540	     -7.56933733	    -21.97618813	     -2.45899339	    -21.65655382	     41.45577685	    -10.39119573	      0.72353980	     10.11705269	     26.91327860	     -7.56933733	    -35.00611710	     -0.53719461	     -5.70524080	     -4.99204769	     -5.75079097	    -42.86205692	     23.63861515	     90.00000001	      0.00000000	      0.00000000	     11.28039039	     -7.29465810	    -29.09867993	     38.22175615	     90.00000001	      0.00000000	      0.00000000
      1.65000000	     14.29361150	      3.15905546	      6.78414052	     -0.40711880	      0.87972844	     -0.03311738	     13.35377416	     -3.37542937	    -21.78370838	     35.34140945	     -4.10030602	      0.61682396	     13.06204909	     -2.44224438	     -7.56588323	    -21.49224322	     -2.53390505	    -20.92491970	     43.32627898	    -10.58489230	      0.75618622	      8.50755038	     23.99814579	     -7.56588323	    -35.18583324	     -0.41896358	     -5.41841072	     -4.64519495	     -5.96280956	    -42.25899533	     23.93269594	     90.00000001	      0.00000000	      0.00000000	     10.80761996	     -7.07334613	    -29.55755587	     38.01434108	     90.00000001	      0.00000000	      0.00000000
      1.66000000	     14.66615540	      3.16678366	      6.42784200	     -0.39752903	      0.88120885	     -0.03138865	     12.35357145	     -3.10445228	    -21.87747439	     35.48794553	     -4.28404098	      0.61938149	     13.59004996	     -2.33606586	     -7.56549592	    -21.15279599	     -2.35980622	    -20.82834108	     45.06831535	    -11.18530252	      0.78659049	      7.90294230	     23.08374950	     -7.56549592	    -35.56737712	     -0.51624768	     -5.07570084	     -4.19509513	     -6.16019745	    -42.12102115	     24.15282577	     90.00000001	      0.00000000	      0.00000000	     10.37853560	     -6.92924528	    -29.67492529	     37.84029887	     90.00000001	      0.00000000	      0.00000000
      1.67000000	     14.62283703	      2.76546763	      6.29642461	     -0.38825805	      0.88202349	     -0.02961140	     11.81995417	     -2.36582329	    -22.81108253	     35.35382642	     -4.94160954	      0.61704067	     14.68670326	     -0.84876638	     -7.56237563	    -20.10628660	     -2.73305580	    -19.59037447	     47.37153273	    -10.81389370	      0.82678922	      6.27702392	     17.94848768	     -7.56237563	    -35.49469401	     -0.18406823	     -4.74085783	     -3.86885903	     -6.40824573	    -41.05161991	     24.59099806	     90.00000001	      0.00000000	      0.00000000	      9.90731822	     -6.66553586	    -30.18193208	     37.58255339	     90.00000001	      0.00000000	      0.00000000
      1.68000000	     14.85199857	      2.70386682	      6.13211221	     -0.37913155	      0.88338697	     -0.02814127	     10.91618722	     -2.12543007	    -23.69709493	     35.27609671	     -5.36171876	      0.61568403	     15.69662390	      0.50365885	     -7.55944531	    -19.37872419	     -2.61740732	    -18.59688636	     49.32323001	    -10.78055239	      0.86085276	      5.49813573	     14.33078403	     -7.55944531	    -35.76782230	     -0.14216619	     -4.55894022	     -3.46686655	     -6.62374852	    -40.04534582	     25.06232324	     90.00000001	      0.00000000	      0.00000000	      9.51128719	     -6.47959055	    -30.55528176	     37.35427226	     90.00000001	      0.00000000	      0.00000000
      1.69000000	     15.16441863	      2.78521191	      5.83712057	     -0.37020178	      0.88489627	     -0.02659956	      9.87517443	     -2.04173699	    -23.95579249	     35.19639426	     -5.44983581	      0.61429296	     16.26821779	      0.76167323	     -7.55856046	    -18.65647221	     -2.34427170	    -18.56716756	     51.08364886	    -11.30997095	      0.89157787	      5.68313095	     12.92289011	     -7.55856046	    -36.17658889	     -0.29870507	     -4.29830688	     -2.91898674	     -6.76633137	    -39.70244003	     25.45572837	     90.00000001	      0.00000000	      0.00000000	      9.11783148	     -6.34972070	    -30.60556633	     37.18482687	     90.00000001	      0.00000000	      0.00000000
      1.70000000	     15.33301771	      2.65225078	      5.83241103	     -0.36146131	      0.88622832	     -0.02532304	      8.99449247	     -1.74397959	    -25.17175548	     34.94247594	     -5.97998174	      0.60986125	     17.36108420	      2.72292534	     -7.55491232	    -17.70008518	     -2.28706400	    -16.77867631	     53.05466568	    -10.63977478	      0.92597860	      4.94248117	      7.22263435	     -7.55491232	    -36.39034941	     -0.12967902	     -4.21628797	     -2.57114244	     -7.05025508	    -37.89842462	     26.09476459	     90.00000001	      0.00000000	      0.00000000	      8.80244155	     -6.17145219	    -31.06077446	     36.87940435	     90.00000001	      0.00000000	      0.00000000
      1.71000000	     15.57471280	      2.60546762	      5.71189742	     -0.35288080	      0.88767764	     -0.02386513	      7.98742063	     -1.48685563	    -25.63206242	     34.66500808	     -6.16321958	      0.60501853	     18.06382390	      3.58073041	     -7.55183065	    -16.73656952	     -2.19356849	    -15.96879017	     54.83582248	    -10.47208240	      0.95706565	      5.06478932	      3.78404873	     -7.55183065	    -36.72152966	     -0.11311614	     -4.02351205	     -2.10463886	     -7.25383147	    -36.68359413	     26.66589047	     90.00000001	      0.00000000	      0.00000000	      8.50177825	     -6.04729010	    -31.22642465	     36.64895455	     90.00000001	      0.00000000	      0.00000000
      1.72000000	     15.82862303	      2.47985244	      5.55071727	     -0.34444191	      0.88915112	     -0.02226588	      6.92468097	     -1.09881021	    -25.68615882	     34.28808769	     -6.14586607	      0.59844002	     18.73571278	      3.97178482	     -7.55017046	    -15.71732031	     -2.22786985	    -15.42471110	     56.47719196	    -10.33822243	      0.98571295	      5.71017789	      1.03793375	     -7.55017046	    -37.06291814	     -0.06391299	     -3.73776233	     -1.54914106	     -7.43876376	    -35.83781486	     27.21665925	     90.00000001	      0.00000000	      0.00000000	      8.21730950	     -5.93486666	    -31.30137258	     36.43147397	     90.00000001	      0.00000000	      0.00000000
      1.73000000	     16.13466444	      2.54411536	      5.49972466	     -0.33630815	      0.89085665	     -0.02104293	      5.77965387	     -1.00021706	    -25.81739792	     33.92327925	     -6.03880136	      0.59207292	     19.06810184	      4.28421015	     -7.54743617	    -14.72218685	     -1.95120302	    -14.23732024	     57.95764879	     -9.89597114	      1.01155180	      5.72373838	     -2.80944374	     -7.54743617	    -37.51742309	     -0.11492298	     -3.66393059	     -1.04953356	     -7.66417704	    -34.23044913	     27.89098787	     90.00000001	      0.00000000	      0.00000000	      8.00029317	     -5.84001696	    -31.46110498	     36.18792657	     90.00000001	      0.00000000	      0.00000000
      1.74000000	     16.47869045	      2.71393309	      5.21974263	     -0.32815336	      0.89253358	     -0.01945507	      4.67857582	     -1.00386563	    -25.64000522	     33.73301068	     -5.92922682	      0.58875210	     19.32545910	      4.33267708	     -7.54684238	    -13.74469379	     -1.60054085	    -14.23137379	     59.12512946	    -10.11928821	      1.03192818	      6.59239575	     -3.67129924	     -7.54684238	    -38.00795241	     -0.41942485	     -3.42597193	     -0.33420802	     -7.76475553	    -33.91152742	     28.33809898	     90.00000001	      0.00000000	      0.00000000	      7.77698866	     -5.78380136	    -31.42401670	     36.05634542	     90.00000001	      0.00000000	      0.00000000
      1.75000000	     16.71420762	      2.55330534	      5.31868533	     -0.32040181	      0.89415927	     -0.01836388	      3.48652030	     -0.57542379	    -25.31431800	     33.06018592	     -5.54670860	      0.57700910	     19.72431418	      4.16893389	     -7.54393328	    -12.54657740	     -1.60986299	    -12.43498273	     60.41514046	     -9.07577163	      1.05444312	      6.64234766	     -8.32928335	     -7.54393328	    -38.38119793	     -0.19274495	     -3.32084935	      0.09825602	     -8.08618124	    -31.59437232	     29.20065383	     90.00000001	      0.00000000	      0.00000000	      7.61732252	     -5.67703846	    -31.55872523	     35.76901466	     90.00000001	      0.00000000	      0.00000000
      1.76000000	     16.99901870	      2.72139746	      5.05080507	     -0.31260336	      0.89573141	     -0.01686625	      2.46321395	     -0.58658377	    -25.08064148	     32.82764829	     -5.43566790	      0.57295055	     19.92790816	      4.21775450	     -7.54337752	    -11.41267006	     -1.23845633	    -12.30278928	     61.28697021	     -9.11614142	      1.06965942	      7.42451167	     -8.86933673	     -7.54337752	    -38.83068893	     -0.49338511	     -3.06584859	      0.85899551	     -8.18055479	    -31.27396096	     29.67866682	     90.00000001	      0.00000000	      0.00000000	      7.44250999	     -5.64800386	    -31.50702355	     35.65869328	     90.00000001	      0.00000000	      0.00000000
      1.77000000	     17.21379138	      2.71658567	      5.01715357	     -0.30490974	      0.89718722	     -0.01573261	      1.32954614	     -0.37017865	    -24.71030829	     32.22006580	     -5.07838821	      0.56234623	     20.42479435	      4.28165903	     -7.54268800	    -10.16765755	     -1.04687451	    -11.53672781	     62.03844741	     -8.80786416	      1.08277517	      8.57329020	    -10.33058947	     -7.54268800	    -39.16135238	     -0.51421700	     -2.93140984	      1.57957534	     -8.32153367	    -30.51261604	     30.29530562	     90.00000001	      0.00000000	      0.00000000	      7.29513757	     -5.55931145	    -31.45028761	     35.40867106	     90.00000001	      0.00000000	      0.00000000
      1.78000000	     17.45853204	      2.55799287	      5.06497479	     -0.29766673	      0.89875009	     -0.01446018	      0.18972902	      0.11768067	    -24.42855545	     31.50785269	     -4.86357157	      0.54991577	     20.51447541	      4.09235115	     -7.54101640	     -8.93644758	     -1.13290256	     -9.24767041	     62.79589280	     -7.04411172	      1.09599509	      8.31971343	    -13.06749275	     -7.54101640	    -39.58399128	     -0.36812994	     -2.70864372	      2.05481134	     -8.69297180	    -28.09303861	     31.21112882	     90.00000001	      0.00000000	      0.00000000	      7.26332623	     -5.48610498	    -31.48502276	     35.19323641	     90.00000001	      0.00000000	      0.00000000
      1.79000000	     17.59989872	      2.63113413	      4.95760699	     -0.29034113	      0.90000532	     -0.01326879	     -0.73647343	      0.20386351	    -24.20261223	     31.10821373	     -4.65453147	      0.54294075	     20.76937791	      4.09309858	     -7.53958023	     -7.59708730	     -0.81816027	     -8.09808497	     63.19222476	     -6.29223381	      1.10291238	      8.62474821	    -14.14567697	     -7.53958023	    -39.87394375	     -0.52933804	     -2.52947217	      2.70520423	     -8.92227492	    -26.72506937	     31.88322475	     90.00000001	      0.00000000	      0.00000000	      7.16067996	     -5.45151392	    -31.46462819	     35.06451452	     90.00000001	      0.00000000	      0.00000000
      1.80000000	     17.67525427	      2.76922540	      4.68564743	     -0.28307663	      0.90104371	     -0.01191003	     -1.49498591	      0.22555957	    -24.11029012	     30.75601976	     -4.70738305	      0.53679381	     20.87973136	      4.17214229	     -7.53901862	     -6.17902723	     -0.38925937	     -7.62582157	     63.36275499	     -6.04212099	      1.10588870	      9.03482549	    -14.17276509	     -7.53901862	    -40.10689598	     -0.84877690	     -2.25593474	      3.52234635	     -9.04125402	    -26.27497374	     32.42875834	     90.00000001	      0.00000000	      0.00000000	      7.03866241	     -5.39860111	    -31.39982416	     35.00950226	     90.00000001	      0.00000000	      0.00000000
      1.81000000	     17.82217768	      2.67903661	      4.73503497	     -0.27599490	      0.90218859	     -0.01096270	     -2.48323814	      0.51384721	    -24.17428213	     30.14092287	     -4.54184805	      0.52605834	     21.22170066	      4.56701971	     -7.53775275	     -4.88610652	     -0.31688013	     -5.45028861	     63.40728694	     -4.40912605	      1.10666593	      9.26331759	    -15.20767713	     -7.53775275	    -40.38304418	     -0.75920221	     -2.08655898	      4.14971647	     -9.37089231	    -24.41750728	     33.21401553	     90.00000001	      0.00000000	      0.00000000	      6.99720753	     -5.33718823	    -31.37483106	     34.81374446	     90.00000001	      0.00000000	      0.00000000
      1.82000000	     17.86574113	      2.64690503	      4.37614349	     -0.26885964	      0.90292754	     -0.00958736	     -3.03521270	      0.57462350	    -24.14550919	     30.18825236	     -4.49876461	      0.52688440	     21.15210771	      4.62121314	     -7.53734648	     -3.47468377	     -0.08935548	     -5.25524742	     63.14870327	     -4.28410982	      1.10215279	      9.28905164	    -14.59883770	     -7.53734648	    -40.55059477	     -0.96960291	     -1.61263758	      5.03735576	     -9.50598577	    -24.21674698	     33.70642190	     90.00000001	      0.00000000	      0.00000000	      6.87257303	     -5.22670521	    -31.29631424	     34.88862972	     90.00000001	      0.00000000	      0.00000000
      1.83000000	     17.83322657	      2.70280127	      4.52274418	     -0.26194722	      0.90366800	     -0.00895210	     -3.86832601	      0.81189271	    -24.51669583	     29.32226748	     -4.70829832	      0.51177011	     21.64107666	      5.44732666	     -7.53543655	     -2.04023068	      0.21982004	     -2.58502801	     62.78827194	     -2.35878913	      1.09586208	      9.25002834	    -16.10173404	     -7.53543655	    -40.64677039	     -0.98015249	     -1.67921699	      5.57314331	     -9.95429099	    -21.51622366	     34.59741393	     90.00000001	      0.00000000	      0.00000000	      6.80751267	     -5.20280335	    -31.36969867	     34.78005039	     90.00000001	      0.00000000	      0.00000000
      1.84000000	     17.81189061	      2.75397827	      4.26325831	     -0.25486035	      0.90422470	     -0.00777449	     -4.50916930	      0.92049301	    -24.42542894	     28.93795285	     -4.78599165	      0.50506256	     21.94339513	      5.66679991	     -7.53475462	     -0.70132750	      0.54927795	     -1.62792037	     62.06402185	     -1.66784818	      1.08322153	      9.49250885	    -15.90752434	     -7.53475462	    -40.72278980	     -1.22643998	     -1.34776675	      6.39926068	    -10.12266276	    -20.91010201	     35.12723787	     90.00000001	      0.00000000	      0.00000000	      6.73756400	     -5.14508076	    -31.31234658	     34.72531014	     90.00000001	      0.00000000	      0.00000000
      1.85000000	     17.92810708	      2.68571349	      4.23117703	     -0.24778379	      0.90494034	     -0.00704264	     -5.38767300	      1.09167447	    -24.63165752	     28.48113109	     -4.66672022	      0.49708951	     22.19969747	      6.27627612	     -7.53356108	      0.41439235	      0.64514499	      0.22780006	     61.14762778	     -0.25116109	      1.06722743	      9.37137656	    -16.36356949	     -7.53356108	    -40.92320120	     -1.19842684	     -1.14533533	      7.13210409	    -10.46520706	    -19.36857926	     35.78413811	     90.00000001	      0.00000000	      0.00000000	      6.66532227	     -5.05407337	    -31.34771513	     34.70631611	     90.00000001	      0.00000000	      0.00000000
      1.86000000	     17.79433346	      2.62851476	      3.93043127	     -0.24061001	      0.90503890	     -0.00584831	     -5.82115848	      1.27075622	    -24.58278643	     28.24975182	     -4.78091938	      0.49305118	     22.34991325	      6.39349393	     -7.53305155	      1.78412730	      0.82812607	      0.81261738	     60.03638134	      0.11915055	      1.04783253	      9.42113036	    -15.98962926	     -7.53305155	    -40.82700683	     -1.38150522	     -0.73347035	      7.95407974	    -10.61025839	    -18.89900807	     36.28445965	     90.00000001	      0.00000000	      0.00000000	      6.52196024	     -4.98152181	    -31.30519298	     34.75893352	     90.00000001	      0.00000000	      0.00000000
      1.87000000	     18.01439601	      2.63562447	      3.79033174	     -0.23346387	      0.90574260	     -0.00511076	     -6.85539114	      1.39725640	    -24.55441669	     27.68778890	     -4.69718809	      0.48324308	     22.79566887	      6.91422902	     -7.53224208	      2.57307019	      0.95655835	      2.59562112	     58.58316488	      1.57922971	      1.02246911	      9.38013343	    -16.55434672	     -7.53224208	    -41.11629896	     -1.47146549	     -0.51648554	      8.76178179	    -10.96232490	    -17.38459446	     36.82222696	     90.00000001	      0.00000000	      0.00000000	      6.48106326	     -4.90846248	    -31.37193070	     34.71076139	     90.00000001	      0.00000000	      0.00000000
      1.88000000	     18.09025794	      2.56691966	      3.61178696	     -0.22626977	      0.90605514	     -0.00433153	     -7.63647506	      1.55732267	    -24.58280076	     27.29980633	     -4.65572650	      0.47647151	     22.99221189	      7.35255711	     -7.53133513	      3.50286104	      1.04346667	      3.73311398	     56.96878607	      2.36630402	      0.99429289	      9.09223226	    -16.85198782	     -7.53133513	    -41.23139382	     -1.52367048	     -0.25527265	      9.54991698	    -11.28657813	    -16.01468272	     37.37865844	     90.00000001	      0.00000000	      0.00000000	      6.34297627	     -4.80048052	    -31.47334296	     34.81694444	     90.00000001	      0.00000000	      0.00000000
      1.89000000	     18.16661448	      2.50371602	      3.36604847	     -0.21899032	      0.90625780	     -0.00346453	     -8.40099301	      1.69486110	    -24.50242994	     26.95331240	     -4.61063158	      0.47042405	     23.25670141	      7.70037531	     -7.53048077	      4.33841977	      1.11213574	      4.62758207	     55.15539692	      2.98406297	      0.96264328	      8.89469502	    -16.97778723	     -7.53048077	    -41.32240860	     -1.62576650	      0.05678085	     10.37473231	    -11.56987473	    -14.86558853	     37.85026269	     90.00000001	      0.00000000	      0.00000000	      6.20593155	     -4.70906813	    -31.56920420	     34.89367618	     90.00000001	      0.00000000	      0.00000000
      1.90000000	     18.19404151	      2.42272857	      3.09740619	     -0.21171157	      0.90624494	     -0.00258672	     -9.07401710	      1.87621549	    -24.37273433	     26.63578467	     -4.66263242	      0.46488214	     23.51472504	      7.94639264	     -7.52979351	      5.15809824	      1.13579751	      5.27698628	     53.17390302	      3.40337095	      0.92805968	      8.77686063	    -17.00450073	     -7.52979351	    -41.35262468	     -1.72949593	      0.41333705	     11.21664527	    -11.78863453	    -13.93199297	     38.26950067	     90.00000001	      0.00000000	      0.00000000	      6.07382264	     -4.59485493	    -31.63792752	     34.97861972	     90.00000001	      0.00000000	      0.00000000
      1.91000000	     18.44114037	      2.38123864	      2.89500818	     -0.20426966	      0.90657581	     -0.00206891	    -10.13689302	      1.91144555	    -24.26465318	     26.19252015	     -4.39259635	      0.45714572	     23.71613789	      8.40585940	     -7.52871328	      5.57766981	      1.21566012	      5.99140197	     50.89924933	      3.76011198	      0.88835949	      8.32390376	    -17.26962230	     -7.52871328	    -41.59568238	     -1.77759790	      0.60583883	     12.05996653	    -12.13942356	    -12.44441654	     38.72760265	     90.00000001	      0.00000000	      0.00000000	      5.91530078	     -4.48275160	    -31.87194317	     35.12389355	     90.00000001	      0.00000000	      0.00000000
      1.92000000	     18.26852416	      2.14310804	      2.62120840	     -0.19698364	      0.90589568	     -0.00124244	    -10.47345281	      2.22036138	    -24.15204633	     26.09008101	     -4.51265776	      0.45535782	     23.94961912	      8.47004783	     -7.52824775	      6.57665595	      1.02847936	      6.15854627	     48.79728733	      3.77747145	      0.85167333	      8.32107650	    -16.89524926	     -7.52824775	    -41.38569397	     -1.73391513	      1.04115336	     12.91936217	    -12.28003769	    -11.95978041	     39.08960555	     90.00000001	      0.00000000	      0.00000000	      5.75715093	     -4.35395342	    -31.86853963	     35.21621469	     90.00000001	      0.00000000	      0.00000000
      1.93000000	     18.74877977	      2.21890226	      2.31599314	     -0.18932339	      0.90649469	     -0.00066382	    -11.89116405	      2.09662630	    -23.86867940	     25.50841786	     -4.14783017	      0.44520588	     24.26333544	      8.98768055	     -7.52724765	      6.42072825	      1.15836805	      6.76063553	     45.96350663	      4.11173805	      0.80221453	      7.87173218	    -17.25618537	     -7.52724765	    -41.84749011	     -1.93984887	      1.19448356	     13.82454625	    -12.62811450	    -10.28043413	     39.38355808	     90.00000001	      0.00000000	      0.00000000	      5.59070166	     -4.27178102	    -32.19744349	     35.33239643	     90.00000001	      0.00000000	      0.00000000
      1.94000000	     18.75276332	      2.06597916	      1.96556341	     -0.18187217	      0.90596180	      0.00018089	    -12.48182490	      2.31482576	    -23.65712758	     25.31073082	     -4.28773247	      0.44175559	     24.60721442	      9.13989982	     -7.52662852	      6.95227605	      0.96353561	      6.89566395	     43.40396280	      4.22081968	      0.75754206	      7.76705342	    -17.04505471	     -7.52662852	    -41.79909523	     -2.01057846	      1.59758890	     14.70942456	    -12.79018168	     -9.47384045	     39.62123428	     90.00000001	      0.00000000	      0.00000000	      5.44116026	     -4.15037229	    -32.30322209	     35.41890013	     90.00000001	      0.00000000	      0.00000000
      1.95000000	     19.07227278	      2.03418860	      1.71707624	     -0.17422657	      0.90601133	      0.00051002	    -13.65125896	      2.24444522	    -23.40323908	     24.88645797	     -3.90436687	      0.43435063	     24.84634914	      9.51946595	     -7.52569084	      6.91589575	      1.00683229	      7.10516959	     40.48048645	      4.10774602	      0.70651777	      7.31334393	    -17.06443772	     -7.52569084	    -42.08083100	     -2.06445914	      1.73044118	     15.62030052	    -13.05003536	     -8.11575338	     39.88151895	     90.00000001	      0.00000000	      0.00000000	      5.24769958	     -4.02663078	    -32.62874002	     35.55398986	     90.00000001	      0.00000000	      0.00000000
      1.96000000	     18.83838147	      1.69199842	      1.51984148	     -0.16682159	      0.90470592	      0.00100930	    -13.90076224	      2.61994173	    -23.29265745	     24.87102684	     -4.00807115	      0.43408131	     25.09189196	      9.54283341	     -7.52527158	      7.80290144	      0.63667920	      6.92222564	     38.15596618	      3.86239126	      0.66594724	      7.25835017	    -16.46765367	     -7.52527158	    -41.77260237	     -1.84239728	      2.12011984	     16.46467654	    -13.14261297	     -7.67712948	     40.16796308	     90.00000001	      0.00000000	      0.00000000	      5.04699269	     -3.89831777	    -32.64562556	     35.65416703	     90.00000001	      0.00000000	      0.00000000
      1.97000000	     19.28196406	      1.75472898	      1.09587587	     -0.15898937	      0.90484436	      0.00170261	    -15.21930698	      2.47381927	    -22.85611986	     24.40062174	     -3.76093889	      0.42587119	     25.53791621	      9.90616362	     -7.52459558	      7.28070444	      0.57092906	      7.22922740	     34.68450714	      4.14742914	      0.60535885	      6.94822129	    -16.37061676	     -7.52459558	    -42.15252595	     -2.11723485	      2.30545611	     17.43579846	    -13.33008877	     -6.26884522	     40.15167639	     90.00000001	      0.00000000	      0.00000000	      4.89709584	     -3.83216614	    -32.97385740	     35.69406907	     90.00000001	      0.00000000	      0.00000000
      1.98000000	     19.56142433	      1.67653530	      0.88933293	     -0.15125211	      0.90448355	      0.00171276	    -16.33232154	      2.45401269	    -22.57394839	     23.99516057	     -3.45739225	      0.41879456	     25.71527681	     10.15124066	     -7.52366100	      7.10735163	      0.60694026	      7.29223176	     31.60754346	      3.74038472	      0.55165570	      6.31437834	    -16.27660242	     -7.52366100	    -42.37271144	     -2.06765795	      2.38403604	     18.32993180	    -13.53257536	     -4.97742265	     40.35944281	     90.00000001	      0.00000000	      0.00000000	      4.68994742	     -3.65197199	    -33.38510798	     35.85679782	     90.00000001	      0.00000000	      0.00000000
      1.99000000	     19.70007445	      1.51714630	      0.64697189	     -0.14351340	      0.90372701	      0.00201328	    -17.20693826	      2.55199760	    -22.28936820	     23.70432573	     -3.28958926	      0.41371853	     25.98819139	     10.29444917	     -7.52273349	      7.08683789	      0.41102540	      7.34409365	     28.60925068	      3.56473565	      0.49932562	      5.89372115	    -15.92409178	     -7.52273349	    -42.43782624	     -2.00906482	      2.56896297	     19.22295090	    -13.62861876	     -3.97168972	     40.46258705	     90.00000001	      0.00000000	      0.00000000	      4.51871562	     -3.53871910	    -33.68492319	     35.93499756	     90.00000001	      0.00000000	      0.00000000
      2.00000000	     19.83701283	      1.33909390	      0.41214155	     -0.13567436	      0.90286165	      0.00219239	    -18.08298861	      2.66989132	    -21.99564221	     23.42220079	     -3.15951625	      0.40879452	     26.26750531	     10.42820703	     -7.52186537	      7.02306182	      0.16941637	      7.37928895	     25.64235573	      3.42539404	      0.44754354	      5.46564802	    -15.47972173	     -7.52186537	    -42.48720196	     -1.91006433	      2.74740803	     20.09763159	    -13.72181352	     -3.03489986	     40.52181553	     90.00000001	      0.00000000	      0.00000000	      4.31585141	     -3.39838851	    -33.95026490	     35.98618790	     90.00000001	      0.00000000	      0.00000000
      2.01000000	     19.69423487	      0.97309911	      0.18260562	     -0.12794748	      0.90133012	      0.00249844	    -18.47072176	      3.09781709	    -21.77115863	     23.35807753	     -3.41333753	      0.40767536	     26.67006488	     10.46903865	     -7.52143170	      7.42745467	     -0.31042867	      7.17153579	     23.12392221	      3.24692764	      0.40358858	      5.20022523	    -14.65537485	     -7.52143170	    -42.24228344	     -1.65131764	      3.09951181	     20.91205139	    -13.74499175	     -2.48567365	     40.56938586	     90.00000001	      0.00000000	      0.00000000	      4.11629125	     -3.25192086	    -34.02007844	     36.02445233	     90.00000001	      0.00000000	      0.00000000
      2.02000000	     20.11565684	      0.94713854	      0.01488513	     -0.11976383	      0.90088975	      0.00231447	    -19.88599112	      2.94095395	    -21.47981560	     22.80323602	     -2.89145048	      0.39799155	     26.73653263	     10.68170418	     -7.52056676	      6.80074311	     -0.33080760	      7.37178726	     20.01511235	      3.03027632	      0.34932961	      4.36344036	    -14.59541481	     -7.52056676	    -42.57261359	     -1.62669491	      3.03748428	     21.75230818	    -13.82117776	     -1.23519565	     40.63999473	     90.00000001	      0.00000000	      0.00000000	      3.88521943	     -3.12538973	    -34.48321250	     36.09528335	     90.00000001	      0.00000000	      0.00000000
      2.03000000	     19.81235758	      0.60288310	      0.04177830	     -0.11188738	      0.89875823	      0.00187657	    -20.11400731	      3.16988892	    -21.61581812	     22.94767666	     -2.73690650	      0.40051251	     26.82819749	     10.59797309	     -7.52031181	      7.87092116	     -0.73941281	      6.61390724	     18.83385806	      2.84001006	      0.32871283	      4.31096634	    -14.03332320	     -7.52031181	    -42.16667555	     -1.18037579	      3.15941745	     22.39718955	    -13.76690131	     -1.09263102	     40.93117203	     90.00000001	      0.00000000	      0.00000000	      3.66518197	     -2.97803920	    -34.42709890	     36.12450444	     90.00000001	      0.00000000	      0.00000000
      2.04000000	     20.36991645	      0.51177346	     -0.31579581	     -0.10350541	      0.89859956	      0.00218770	    -21.66897957	      3.27205863	    -21.04753047	     22.22988501	     -2.74149468	      0.38798469	     27.19455028	     10.91969002	     -7.51954120	      6.58963096	     -0.91658036	      7.28544214	     15.14708480	      2.73984605	      0.26436650	      3.15402316	    -13.85170450	     -7.51954120	    -42.61301378	     -1.24395415	      3.29372150	     23.24456141	    -13.82011450	      0.34758655	     40.66685313	     90.00000001	      0.00000000	      0.00000000	      3.48511961	     -2.86576366	    -34.94706231	     36.12933532	     90.00000001	      0.00000000	      0.00000000
      2.05000000	     20.14140792	      0.21403109	     -0.25513016	     -0.09544070	      0.89656636	      0.00151694	    -22.01256167	      3.44557916	    -21.24319587	     22.33974277	     -2.58920821	      0.38990207	     27.29858611	     10.83757479	     -7.51935095	      7.50678259	     -1.22360155	      6.55747912	     14.27765864	      2.57392560	      0.24919215	      3.12746639	    -13.56235477	     -7.51935095	    -42.28592052	     -0.81173353	      3.36974952	     23.82010958	    -13.75160697	      0.45478889	     40.90893560	     90.00000001	      0.00000000	      0.00000000	      3.29480086	     -2.72658548	    -34.90242279	     36.11200380	     90.00000001	      0.00000000	      0.00000000
      2.06000000	     20.46636964	     -0.04523910	     -0.57299203	     -0.08701422	      0.89580676	      0.00201549	    -23.17693168	      3.81583975	    -20.85681947	     21.81293482	     -2.90132859	      0.38070753	     27.86298185	     11.25391706	     -7.51917825	      6.82801842	     -1.68766271	      6.76493824	     11.74974557	      2.64880493	      0.20507175	      2.32902089	    -13.16069564	     -7.51917825	    -42.49308307	     -0.73966838	      3.59999997	     24.57218412	    -13.62155208	      1.26256142	     40.55310046	     90.00000001	      0.00000000	      0.00000000	      3.13512942	     -2.68388430	    -35.15037142	     35.95582744	     90.00000001	      0.00000000	      0.00000000
      2.07000000	     20.39805849	     -0.24809021	     -0.52473679	     -0.07859281	      0.89411098	      0.00118957	    -23.77629052	      3.85842733	    -21.06931902	     21.84047802	     -2.69412788	      0.38118825	     27.90106618	     11.22086898	     -7.51906165	      7.39633840	     -1.82462557	      6.24788755	     11.10782815	      2.47054665	      0.19386817	      2.28387566	    -13.15080005	     -7.51906165	    -42.30280835	     -0.38823172	      3.63999189	     25.02292643	    -13.54114164	      1.41486712	     40.75198920	     90.00000001	      0.00000000	      0.00000000	      2.94980352	     -2.55200267	    -35.16268037	     35.91997274	     90.00000001	      0.00000000	      0.00000000
      2.08000000	     20.86464323	     -0.21801751	     -0.73495107	     -0.06995757	      0.89362511	      0.00076863	    -25.22125842	      3.68719678	    -20.69306508	     21.31146294	     -2.46018386	      0.37195520	     27.80324787	     11.51533731	     -7.51857496	      6.48295762	     -1.72838115	      6.81409761	      9.01168074	      2.26899771	      0.15728350	      0.87605551	    -13.87507129	     -7.51857496	    -42.68679492	     -0.44550197	      3.54636464	     25.58115360	    -13.58689689	      2.79452722	     40.77136174	     90.00000001	      0.00000000	      0.00000000	      2.74241295	     -2.41487250	    -35.65709903	     36.05553683	     90.00000001	      0.00000000	      0.00000000
      2.09000000	     20.96131804	     -0.37641651	     -0.81638800	     -0.06130141	      0.89234361	      0.00027221	    -26.05291508	      3.78110118	    -20.64743806	     21.15446019	     -2.48167030	      0.36921498	     27.95853320	     11.68374514	     -7.51827379	      6.56208962	     -1.87872248	      6.68082342	      8.35321327	      2.24570687	      0.14579107	      0.45927952	    -14.21006491	     -7.51827379	    -42.66679044	     -0.25852465	      3.59635369	     26.02348651	    -13.45103382	      3.10389847	     40.73008631	     90.00000001	      0.00000000	      0.00000000	      2.58126743	     -2.34318207	    -35.73713497	     35.92721009	     90.00000001	      0.00000000	      0.00000000
      2.10000000	     21.04030262	     -0.45654047	     -0.84982315	     -0.05253458	      0.89102072	     -0.00047884	    -26.81558821	      3.75556800	    -20.76708070	     21.14489260	     -2.49382818	      0.36904800	     28.04481957	     11.72443045	     -7.51821102	      6.71859597	     -1.89962114	      6.55529462	      8.09476614	      2.23828447	      0.14128032	      0.36019113	    -14.53600677	     -7.51821102	    -42.63413184	     -0.10161789	      3.59366098	     26.34541106	    -13.31845919	      3.24404369	     40.82952960	     90.00000001	      0.00000000	      0.00000000	      2.43532889	     -2.24948044	    -35.78113251	     35.82164845	     90.00000001	      0.00000000	      0.00000000
