TVC41_3_JMP_05_torso_marker_adjustment_task_1_finalErrors.sto
version=1
nRows=801
nColumns=28
inDegrees=no
endheader
time	R_Asis	L_Asis	R_Psis	L_Psis	Sacral	R_Thigh_Lateral	R_Knee_Lateral	R_Shank_Lateral	R_Ankle_Lateral	R_Heel	R_Toe	L_Thigh_Lateral	L_Knee_Lateral	L_Shank_Lateral	L_Ankle_Lateral	L_Heel	L_Toe	R_Shoulder	L_Shoulder	C7	J_Notch	Thoracic	Sternum	R_Elbow	L_Elbow	R_Wrist	L_Wrist
0.50000000	0.00311667	0.00765972	0.00141965	0.00014143	0.00062645	0.00440583	0.00674786	0.00495994	0.00404086	0.00340734	0.00169168	0.00279394	0.00571759	0.00347184	0.00379375	0.00209806	0.00217785	0.00172627	0.00161669	0.00272386	0.00161376	0.00291704	0.00366203	0.00238155	0.00212166	0.00217237	0.00176064
0.51000000	0.00320858	0.00732635	0.00144145	0.00010633	0.00055158	0.00434768	0.00678031	0.00500898	0.00407336	0.00352643	0.00164656	0.00266092	0.00627478	0.00338922	0.00353826	0.00186620	0.00212339	0.00152189	0.00170730	0.00273843	0.00166694	0.00295720	0.00375182	0.00142683	0.00214120	0.00132096	0.00177471
0.52000000	0.00333126	0.00737941	0.00142195	0.00019577	0.00047500	0.00418352	0.00685794	0.00490997	0.00409371	0.00349452	0.00172047	0.00255101	0.00655407	0.00344778	0.00331846	0.00177383	0.00186052	0.00133540	0.00193613	0.00273347	0.00168673	0.00297606	0.00374979	0.00057851	0.00222907	0.00034374	0.00178392
0.53000000	0.00341369	0.00738671	0.00141602	0.00028190	0.00041517	0.00409507	0.00691282	0.00479027	0.00410963	0.00351039	0.00178323	0.00234598	0.00692485	0.00345986	0.00308010	0.00177878	0.00158114	0.00114360	0.00205640	0.00273860	0.00177449	0.00302326	0.00384621	0.00046773	0.00228682	0.00056028	0.00177986
0.54000000	0.00349621	0.00728869	0.00146643	0.00036049	0.00040168	0.00403105	0.00695650	0.00469005	0.00415465	0.00357931	0.00183617	0.00211665	0.00730398	0.00349305	0.00293878	0.00179689	0.00132485	0.00095763	0.00224093	0.00275059	0.00183481	0.00308047	0.00393399	0.00116772	0.00235916	0.00122196	0.00179310
0.55000000	0.00356723	0.00719887	0.00149268	0.00045288	0.00037188	0.00390347	0.00696091	0.00465226	0.00421656	0.00369733	0.00190031	0.00190903	0.00769207	0.00358498	0.00283689	0.00186666	0.00110420	0.00076790	0.00237539	0.00280362	0.00189475	0.00312626	0.00405830	0.00166199	0.00243459	0.00175150	0.00181441
0.56000000	0.00388518	0.00616469	0.00197677	0.00053855	0.00077007	0.00401578	0.00713134	0.00469283	0.00440002	0.00371962	0.00220910	0.00188064	0.00835087	0.00349658	0.00286143	0.00173317	0.00116550	0.00076879	0.00255039	0.00277368	0.00196889	0.00323483	0.00419201	0.00181438	0.00243363	0.00219411	0.00169474
0.57000000	0.00394648	0.00639434	0.00197628	0.00056081	0.00075687	0.00395439	0.00700072	0.00467419	0.00437611	0.00394877	0.00192677	0.00156874	0.00851427	0.00381572	0.00295814	0.00191263	0.00107204	0.00052649	0.00278387	0.00285089	0.00192552	0.00329397	0.00429909	0.00208979	0.00250641	0.00214039	0.00186096
0.58000000	0.00431868	0.00534763	0.00240248	0.00070529	0.00106480	0.00401580	0.00723498	0.00470491	0.00448191	0.00391582	0.00237588	0.00207969	0.00907168	0.00406304	0.00288559	0.00167714	0.00152679	0.00067072	0.00291184	0.00288761	0.00201699	0.00338143	0.00442140	0.00197231	0.00252561	0.00224178	0.00168461
0.59000000	0.00421596	0.00627470	0.00204893	0.00073594	0.00071054	0.00379822	0.00719350	0.00457963	0.00443480	0.00392183	0.00211369	0.00193988	0.00894796	0.00474087	0.00298212	0.00228825	0.00115870	0.00066272	0.00317869	0.00295282	0.00201567	0.00336167	0.00441093	0.00196674	0.00261070	0.00202382	0.00195316
0.60000000	0.00434744	0.00586300	0.00219557	0.00077622	0.00086702	0.00396642	0.00721166	0.00473489	0.00447141	0.00398675	0.00208160	0.00220216	0.00909126	0.00541207	0.00306012	0.00232739	0.00129142	0.00082456	0.00330358	0.00296410	0.00205065	0.00347228	0.00455520	0.00180905	0.00262461	0.00189413	0.00179620
0.61000000	0.00440883	0.00577204	0.00215033	0.00085054	0.00073213	0.00385566	0.00741058	0.00470974	0.00449605	0.00394397	0.00209849	0.00244027	0.00912254	0.00621281	0.00307347	0.00268320	0.00130234	0.00086975	0.00345794	0.00309052	0.00206170	0.00347762	0.00458702	0.00169820	0.00266410	0.00173486	0.00184441
0.62000000	0.00458785	0.00539712	0.00222939	0.00084786	0.00081937	0.00404898	0.00733147	0.00493716	0.00447852	0.00398981	0.00204872	0.00266338	0.00913754	0.00690588	0.00309539	0.00286827	0.00134633	0.00098257	0.00356598	0.00318322	0.00203470	0.00359091	0.00471639	0.00155681	0.00268382	0.00167200	0.00179001
0.63000000	0.00470871	0.00514425	0.00224637	0.00087849	0.00075784	0.00409680	0.00736686	0.00507819	0.00449564	0.00398716	0.00212454	0.00284930	0.00907217	0.00753931	0.00307024	0.00309355	0.00131269	0.00105942	0.00370739	0.00330792	0.00200491	0.00364298	0.00476198	0.00149805	0.00268739	0.00160930	0.00180771
0.64000000	0.00475355	0.00492286	0.00221027	0.00095138	0.00069705	0.00423070	0.00739806	0.00526924	0.00453933	0.00398930	0.00212401	0.00299276	0.00889210	0.00808314	0.00306746	0.00325243	0.00129125	0.00112456	0.00376167	0.00341003	0.00201366	0.00367976	0.00483243	0.00147170	0.00267296	0.00160870	0.00176373
0.65000000	0.00475365	0.00477123	0.00214282	0.00103585	0.00055060	0.00426287	0.00749596	0.00540977	0.00455005	0.00401043	0.00213966	0.00311950	0.00866080	0.00842458	0.00306092	0.00330807	0.00132766	0.00117499	0.00384405	0.00353817	0.00197338	0.00371077	0.00486055	0.00152206	0.00264392	0.00161235	0.00177369
0.66000000	0.00468924	0.00468046	0.00202806	0.00116217	0.00037692	0.00436163	0.00761745	0.00551582	0.00454644	0.00401940	0.00211871	0.00326348	0.00841011	0.00849730	0.00301310	0.00330157	0.00146469	0.00119775	0.00388243	0.00366082	0.00195172	0.00374600	0.00491817	0.00160097	0.00260445	0.00164788	0.00176170
0.67000000	0.00477299	0.00444083	0.00198189	0.00122811	0.00034324	0.00433454	0.00764581	0.00577859	0.00448315	0.00413578	0.00219159	0.00343377	0.00821687	0.00854037	0.00281236	0.00338216	0.00209759	0.00126985	0.00402920	0.00384131	0.00174989	0.00385026	0.00488287	0.00170715	0.00256050	0.00167734	0.00171733
0.68000000	0.00447221	0.00435270	0.00201563	0.00146540	0.00013420	0.00426007	0.00835603	0.00566990	0.00463198	0.00399253	0.00202302	0.00377134	0.00771536	0.00753351	0.00312266	0.00249769	0.00122622	0.00129487	0.00388449	0.00379993	0.00184030	0.00369581	0.00488088	0.00175757	0.00245493	0.00176407	0.00171062
0.69000000	0.00432005	0.00444933	0.00187963	0.00164798	0.00015929	0.00431534	0.00841756	0.00580667	0.00465248	0.00400432	0.00215601	0.00410889	0.00730684	0.00678998	0.00319416	0.00231027	0.00127892	0.00136097	0.00389643	0.00385286	0.00177634	0.00371091	0.00488189	0.00182159	0.00240709	0.00183229	0.00167419
0.70000000	0.00432513	0.00460949	0.00173608	0.00171132	0.00032472	0.00433624	0.00838638	0.00605273	0.00461682	0.00403394	0.00215795	0.00470415	0.00691693	0.00621417	0.00317106	0.00257085	0.00206878	0.00141496	0.00390258	0.00390073	0.00163289	0.00377097	0.00488108	0.00193140	0.00218854	0.00181928	0.00167839
0.71000000	0.00393767	0.00510761	0.00149077	0.00208192	0.00063430	0.00433242	0.00865694	0.00593185	0.00465550	0.00405713	0.00214471	0.00513803	0.00652812	0.00486708	0.00334852	0.00174303	0.00147006	0.00147749	0.00382574	0.00384411	0.00163913	0.00365716	0.00483443	0.00187962	0.00225835	0.00195253	0.00155746
0.72000000	0.00385533	0.00542333	0.00134105	0.00214875	0.00078271	0.00443823	0.00865392	0.00605037	0.00461748	0.00406749	0.00216558	0.00600351	0.00618953	0.00401125	0.00336395	0.00223666	0.00220758	0.00150064	0.00377184	0.00382615	0.00149419	0.00364765	0.00480782	0.00204947	0.00205739	0.00182963	0.00159377
0.73000000	0.00371805	0.00537341	0.00136931	0.00228108	0.00089005	0.00444739	0.00890809	0.00605380	0.00466460	0.00409728	0.00218489	0.00647009	0.00580315	0.00263549	0.00355860	0.00132959	0.00173451	0.00152190	0.00365637	0.00373618	0.00145671	0.00355793	0.00475944	0.00204469	0.00193887	0.00185424	0.00152917
0.74000000	0.00360650	0.00575216	0.00124810	0.00246123	0.00113032	0.00442970	0.00877661	0.00617259	0.00465634	0.00419750	0.00216206	0.00711040	0.00552449	0.00185016	0.00366559	0.00131524	0.00191782	0.00153890	0.00360036	0.00368575	0.00133488	0.00351579	0.00469603	0.00195335	0.00190750	0.00200258	0.00145225
0.75000000	0.00345768	0.00621873	0.00108834	0.00257237	0.00130087	0.00457977	0.00872969	0.00615134	0.00462521	0.00414564	0.00221212	0.00789592	0.00522425	0.00134453	0.00368932	0.00183037	0.00214939	0.00157800	0.00351386	0.00355651	0.00125294	0.00341738	0.00461050	0.00213262	0.00177563	0.00180883	0.00152674
0.76000000	0.00313166	0.00687148	0.00085649	0.00242443	0.00122348	0.00467717	0.00874273	0.00632447	0.00467153	0.00422307	0.00241773	0.00809950	0.00482627	0.00164554	0.00452321	0.00290105	0.00264559	0.00166738	0.00330488	0.00325088	0.00115351	0.00325462	0.00449376	0.00211155	0.00158435	0.00194813	0.00137705
0.77000000	0.00328770	0.00666972	0.00096983	0.00270872	0.00151166	0.00474269	0.00865752	0.00617499	0.00458117	0.00408164	0.00215929	0.00833996	0.00473031	0.00167659	0.00381805	0.00159507	0.00236400	0.00165022	0.00333379	0.00320678	0.00116522	0.00319467	0.00439377	0.00208260	0.00167893	0.00184774	0.00137198
0.78000000	0.00319022	0.00709256	0.00089951	0.00269515	0.00157683	0.00480666	0.00863355	0.00610574	0.00447774	0.00398220	0.00222847	0.00844334	0.00445007	0.00177992	0.00384846	0.00183854	0.00224176	0.00160814	0.00321946	0.00302601	0.00106352	0.00304586	0.00428246	0.00215168	0.00151651	0.00175408	0.00144795
0.79000000	0.00323368	0.00704695	0.00084384	0.00271872	0.00161227	0.00485427	0.00839851	0.00621575	0.00445194	0.00404057	0.00218223	0.00827303	0.00429180	0.00189955	0.00372844	0.00175418	0.00218012	0.00165271	0.00316295	0.00284623	0.00100344	0.00290320	0.00406990	0.00213404	0.00153418	0.00170708	0.00143003
0.80000000	0.00304972	0.00757097	0.00076578	0.00256516	0.00157667	0.00472390	0.00843838	0.00623120	0.00428207	0.00385524	0.00219304	0.00765465	0.00381990	0.00179218	0.00384616	0.00193719	0.00217931	0.00173976	0.00306426	0.00250970	0.00097582	0.00277847	0.00395368	0.00215139	0.00136083	0.00171020	0.00149482
0.81000000	0.00324610	0.00708602	0.00069824	0.00258659	0.00156413	0.00496172	0.00822850	0.00613877	0.00424560	0.00379704	0.00211114	0.00720800	0.00362607	0.00154017	0.00368067	0.00159367	0.00186564	0.00156882	0.00296840	0.00242569	0.00096632	0.00265410	0.00384880	0.00205220	0.00139979	0.00171652	0.00145105
0.82000000	0.00294548	0.00757721	0.00059545	0.00237074	0.00145729	0.00472011	0.00834136	0.00614387	0.00403324	0.00359646	0.00214053	0.00599323	0.00298612	0.00119443	0.00378746	0.00163280	0.00166930	0.00173489	0.00292484	0.00207031	0.00089578	0.00252271	0.00364516	0.00222947	0.00128445	0.00156998	0.00163519
0.83000000	0.00345264	0.00596770	0.00071577	0.00225559	0.00125659	0.00487715	0.00791744	0.00630307	0.00402759	0.00370191	0.00194104	0.00527484	0.00304607	0.00098352	0.00338191	0.00162856	0.00173337	0.00141015	0.00286191	0.00215834	0.00089503	0.00254609	0.00366523	0.00191483	0.00144397	0.00181942	0.00144707
0.84000000	0.00314601	0.00649398	0.00046861	0.00207103	0.00114160	0.00440397	0.00800916	0.00630175	0.00383042	0.00349056	0.00198061	0.00376265	0.00201644	0.00065632	0.00370422	0.00133994	0.00098660	0.00152348	0.00283800	0.00182095	0.00084006	0.00241747	0.00347143	0.00200861	0.00133075	0.00177501	0.00156319
0.85000000	0.00354819	0.00596442	0.00048419	0.00224612	0.00128681	0.00433983	0.00767559	0.00609258	0.00369832	0.00343282	0.00177147	0.00275969	0.00248273	0.00054753	0.00289913	0.00114765	0.00060453	0.00130375	0.00277478	0.00178664	0.00096291	0.00228943	0.00341173	0.00191810	0.00142625	0.00186464	0.00160735
0.86000000	0.00381256	0.00458659	0.00087148	0.00203019	0.00105608	0.00440517	0.00736502	0.00612515	0.00372113	0.00349683	0.00172712	0.00216652	0.00211846	0.00118465	0.00276981	0.00127411	0.00063493	0.00116915	0.00272812	0.00173410	0.00100736	0.00226603	0.00333063	0.00181444	0.00149501	0.00204779	0.00150202
0.87000000	0.00356535	0.00507613	0.00057036	0.00191931	0.00099128	0.00373302	0.00737095	0.00602422	0.00347675	0.00325876	0.00152292	0.00031533	0.00147580	0.00199022	0.00287065	0.00092428	0.00069880	0.00130937	0.00282408	0.00147402	0.00101769	0.00220476	0.00317492	0.00205543	0.00150270	0.00195874	0.00167383
0.88000000	0.00339522	0.00545643	0.00033259	0.00188068	0.00100429	0.00311736	0.00727838	0.00592917	0.00333544	0.00302479	0.00135035	0.00200625	0.00133872	0.00284762	0.00295669	0.00064924	0.00120339	0.00142509	0.00281700	0.00115745	0.00116762	0.00216432	0.00315809	0.00208311	0.00144825	0.00211906	0.00184322
0.89000000	0.00416865	0.00324654	0.00122151	0.00195476	0.00107728	0.00332013	0.00689736	0.00568633	0.00342607	0.00308370	0.00166716	0.00128315	0.00170607	0.00340273	0.00209788	0.00211823	0.00148915	0.00104833	0.00273428	0.00144636	0.00129540	0.00205650	0.00306888	0.00219397	0.00155211	0.00227542	0.00162116
0.90000000	0.00385859	0.00348188	0.00099568	0.00192820	0.00106974	0.00301401	0.00672172	0.00544229	0.00334239	0.00291096	0.00140055	0.00303740	0.00166154	0.00411344	0.00229831	0.00177976	0.00180746	0.00111054	0.00275638	0.00120701	0.00143832	0.00201528	0.00309635	0.00242647	0.00156799	0.00227797	0.00170568
0.91000000	0.00417685	0.00221014	0.00172645	0.00180841	0.00119264	0.00355888	0.00647730	0.00501709	0.00322253	0.00277555	0.00168114	0.00279373	0.00174356	0.00452091	0.00180465	0.00275021	0.00185271	0.00101071	0.00280988	0.00141506	0.00143950	0.00222039	0.00302438	0.00247586	0.00161769	0.00248900	0.00167647
0.92000000	0.00429523	0.00223387	0.00177695	0.00193019	0.00133072	0.00343453	0.00594077	0.00477116	0.00315484	0.00293244	0.00163893	0.00326796	0.00183195	0.00519219	0.00170240	0.00289555	0.00234966	0.00107857	0.00285672	0.00139053	0.00159847	0.00225238	0.00298428	0.00253674	0.00160992	0.00265368	0.00168838
0.93000000	0.00414464	0.00244444	0.00137373	0.00201974	0.00130489	0.00292024	0.00554376	0.00449110	0.00307792	0.00301960	0.00121534	0.00440610	0.00231001	0.00585847	0.00182793	0.00259601	0.00278586	0.00115592	0.00300249	0.00126925	0.00176927	0.00218348	0.00295233	0.00275648	0.00164814	0.00258823	0.00181330
0.94000000	0.00432596	0.00244801	0.00184858	0.00207337	0.00151860	0.00290254	0.00546816	0.00414464	0.00299560	0.00273251	0.00160378	0.00427626	0.00234276	0.00587901	0.00155951	0.00329767	0.00271470	0.00117192	0.00291033	0.00134876	0.00185465	0.00227335	0.00292308	0.00273767	0.00160713	0.00273243	0.00163862
0.95000000	0.00414376	0.00247930	0.00144494	0.00219218	0.00152134	0.00243339	0.00494910	0.00392923	0.00297389	0.00292846	0.00110459	0.00496783	0.00298579	0.00623064	0.00144151	0.00332768	0.00289933	0.00123004	0.00301907	0.00125084	0.00204271	0.00220942	0.00295682	0.00282591	0.00166691	0.00268389	0.00164736
0.96000000	0.00420717	0.00290637	0.00193096	0.00215113	0.00164908	0.00267702	0.00487210	0.00347611	0.00289844	0.00263080	0.00158928	0.00473081	0.00286484	0.00578855	0.00131177	0.00356379	0.00291197	0.00125209	0.00295030	0.00130218	0.00206244	0.00236776	0.00289912	0.00274014	0.00150773	0.00278342	0.00154826
0.97000000	0.00420851	0.00307724	0.00191825	0.00217425	0.00169709	0.00253439	0.00460628	0.00309189	0.00283902	0.00254647	0.00152889	0.00475882	0.00311144	0.00550481	0.00118519	0.00361815	0.00298435	0.00127440	0.00295119	0.00125727	0.00213710	0.00237783	0.00286668	0.00271442	0.00143492	0.00276938	0.00146772
0.98000000	0.00411202	0.00310643	0.00175782	0.00229701	0.00179279	0.00218933	0.00441106	0.00271878	0.00272249	0.00244276	0.00131484	0.00480785	0.00336730	0.00519891	0.00100165	0.00383688	0.00298274	0.00123223	0.00288582	0.00118077	0.00220849	0.00234799	0.00293119	0.00269214	0.00134025	0.00273198	0.00136313
0.99000000	0.00393082	0.00342725	0.00185029	0.00222494	0.00177222	0.00223375	0.00401781	0.00244352	0.00268657	0.00245691	0.00150508	0.00465021	0.00347201	0.00437747	0.00090093	0.00365965	0.00291377	0.00126684	0.00289785	0.00110898	0.00224196	0.00234065	0.00282748	0.00265175	0.00119096	0.00268499	0.00126798
1.00000000	0.00364996	0.00305872	0.00145465	0.00245729	0.00191101	0.00182865	0.00342231	0.00225801	0.00259751	0.00268660	0.00090056	0.00468950	0.00401269	0.00425961	0.00062342	0.00392965	0.00309164	0.00132196	0.00287769	0.00096030	0.00239955	0.00218311	0.00289417	0.00257549	0.00119488	0.00265543	0.00111934
1.01000000	0.00347343	0.00305738	0.00133245	0.00260784	0.00206290	0.00139658	0.00320866	0.00197214	0.00240168	0.00254607	0.00069126	0.00473368	0.00427769	0.00376094	0.00035541	0.00433412	0.00308990	0.00127773	0.00286966	0.00091462	0.00242638	0.00208664	0.00289364	0.00259876	0.00110019	0.00247572	0.00110086
1.02000000	0.00332602	0.00367959	0.00160524	0.00229652	0.00185537	0.00184070	0.00291819	0.00152968	0.00235628	0.00240504	0.00117415	0.00444385	0.00386536	0.00199983	0.00058603	0.00350576	0.00268856	0.00122048	0.00270468	0.00075422	0.00227576	0.00207341	0.00269741	0.00242719	0.00069836	0.00244596	0.00090970
1.03000000	0.00319139	0.00344378	0.00147169	0.00237965	0.00194541	0.00139175	0.00268026	0.00118155	0.00216411	0.00222492	0.00106203	0.00458460	0.00418271	0.00153185	0.00049691	0.00366423	0.00257376	0.00117068	0.00255758	0.00062613	0.00223988	0.00188003	0.00268524	0.00231704	0.00049813	0.00226052	0.00073561
1.04000000	0.00291320	0.00357552	0.00142385	0.00232621	0.00191700	0.00147088	0.00215604	0.00089347	0.00201837	0.00219145	0.00105264	0.00462818	0.00419483	0.00073691	0.00055442	0.00349949	0.00243797	0.00115556	0.00248856	0.00051882	0.00217946	0.00172430	0.00257840	0.00216208	0.00031123	0.00203839	0.00059002
1.05000000	0.00253753	0.00329433	0.00141653	0.00258808	0.00217477	0.00111079	0.00164872	0.00081880	0.00179669	0.00218651	0.00080808	0.00494193	0.00467360	0.00076328	0.00061796	0.00374499	0.00251714	0.00120591	0.00238882	0.00062699	0.00220330	0.00150194	0.00257478	0.00200268	0.00034621	0.00172558	0.00041340
1.06000000	0.00242219	0.00317636	0.00148152	0.00261228	0.00225036	0.00105434	0.00152408	0.00113941	0.00168278	0.00178300	0.00084384	0.00517351	0.00473168	0.00093883	0.00067597	0.00405227	0.00242130	0.00121048	0.00224512	0.00077866	0.00211963	0.00131254	0.00253644	0.00175639	0.00024559	0.00137445	0.00034692
1.07000000	0.00215277	0.00367303	0.00151581	0.00255379	0.00220054	0.00115996	0.00082821	0.00108278	0.00146497	0.00173540	0.00094301	0.00506299	0.00431250	0.00147320	0.00061649	0.00375328	0.00222726	0.00116581	0.00218696	0.00086744	0.00193166	0.00126208	0.00229397	0.00124882	0.00072595	0.00129378	0.00038583
1.08000000	0.00188362	0.00369781	0.00134842	0.00235525	0.00202214	0.00132926	0.00061939	0.00149068	0.00128798	0.00154934	0.00079417	0.00527542	0.00426863	0.00178206	0.00072367	0.00355951	0.00222026	0.00120568	0.00198853	0.00120278	0.00186689	0.00118006	0.00236823	0.00107717	0.00081964	0.00068422	0.00017962
1.09000000	0.00120670	0.00346334	0.00169801	0.00271496	0.00239450	0.00150714	0.00129120	0.00170561	0.00104286	0.00167873	0.00127372	0.00518195	0.00506419	0.00137288	0.00095335	0.00326021	0.00237617	0.00129196	0.00172140	0.00162483	0.00193521	0.00127618	0.00264559	0.00079046	0.00094554	0.00061676	0.00048637
1.10000000	0.00143439	0.00382440	0.00134635	0.00227038	0.00198557	0.00166758	0.00154904	0.00247849	0.00098457	0.00113686	0.00074619	0.00516828	0.00403100	0.00221214	0.00075213	0.00355512	0.00219344	0.00131569	0.00191081	0.00184522	0.00169245	0.00142006	0.00238935	0.00082158	0.00134536	0.00017966	0.00042827
1.11000000	0.00128979	0.00356985	0.00141076	0.00226068	0.00201989	0.00210485	0.00198092	0.00311618	0.00109681	0.00095410	0.00099444	0.00496553	0.00417964	0.00210698	0.00077992	0.00365218	0.00200777	0.00140092	0.00187328	0.00225486	0.00162177	0.00171324	0.00253976	0.00087593	0.00155974	0.00052721	0.00059086
1.12000000	0.00113099	0.00376130	0.00129422	0.00211777	0.00187463	0.00252886	0.00253439	0.00371777	0.00121116	0.00098266	0.00109790	0.00475935	0.00394988	0.00220027	0.00083596	0.00366433	0.00186672	0.00146129	0.00201423	0.00264751	0.00150330	0.00205137	0.00261084	0.00099143	0.00185184	0.00080222	0.00073874
1.13000000	0.00090778	0.00425915	0.00129406	0.00210748	0.00185269	0.00247341	0.00374511	0.00418414	0.00111493	0.00084405	0.00095552	0.00451238	0.00343026	0.00231367	0.00083725	0.00348015	0.00217512	0.00152488	0.00218529	0.00294187	0.00142846	0.00242452	0.00268683	0.00099975	0.00211033	0.00100301	0.00089622
1.14000000	0.00084979	0.00402188	0.00131840	0.00205780	0.00182916	0.00318245	0.00421307	0.00480944	0.00151931	0.00113811	0.00134399	0.00427645	0.00362773	0.00198682	0.00091015	0.00351902	0.00199622	0.00161290	0.00232832	0.00342466	0.00137740	0.00286000	0.00294793	0.00114909	0.00229633	0.00099695	0.00103528
1.15000000	0.00087783	0.00377138	0.00175494	0.00229719	0.00214313	0.00394756	0.00529509	0.00509657	0.00165965	0.00127939	0.00255246	0.00380107	0.00434591	0.00157261	0.00085667	0.00321052	0.00220143	0.00172370	0.00241928	0.00383059	0.00143314	0.00331508	0.00333110	0.00082369	0.00234638	0.00138720	0.00119627
1.16000000	0.00078120	0.00479096	0.00119882	0.00197516	0.00168614	0.00356384	0.00602335	0.00596992	0.00201068	0.00135923	0.00142412	0.00398270	0.00276720	0.00200369	0.00108909	0.00325964	0.00231756	0.00173559	0.00284610	0.00412994	0.00127167	0.00361646	0.00325217	0.00113863	0.00277027	0.00099271	0.00121568
1.17000000	0.00089456	0.00461380	0.00129584	0.00197050	0.00171274	0.00446731	0.00642077	0.00661063	0.00248631	0.00181614	0.00202044	0.00380929	0.00298865	0.00168834	0.00103165	0.00335336	0.00211217	0.00183382	0.00308024	0.00457791	0.00126161	0.00406639	0.00354318	0.00100527	0.00292135	0.00103419	0.00135162
1.18000000	0.00109355	0.00482742	0.00130775	0.00191506	0.00166461	0.00519709	0.00685249	0.00731062	0.00287251	0.00227138	0.00251123	0.00368936	0.00283055	0.00164942	0.00108433	0.00336440	0.00189973	0.00192863	0.00337188	0.00497714	0.00124777	0.00448987	0.00374322	0.00119170	0.00311088	0.00071866	0.00150408
1.19000000	0.00113557	0.00513414	0.00139382	0.00202994	0.00175748	0.00478485	0.00822018	0.00800212	0.00308911	0.00199947	0.00185429	0.00381820	0.00224981	0.00162315	0.00116145	0.00315733	0.00237471	0.00195419	0.00348746	0.00518125	0.00126130	0.00469932	0.00393531	0.00103638	0.00320121	0.00085107	0.00139370
1.20000000	0.00129725	0.00519942	0.00149003	0.00199987	0.00177586	0.00536216	0.00884460	0.00870527	0.00336643	0.00219902	0.00205815	0.00376017	0.00216539	0.00153893	0.00124323	0.00319766	0.00216469	0.00200597	0.00376070	0.00551231	0.00125281	0.00506632	0.00415278	0.00104431	0.00334421	0.00079476	0.00152785
1.21000000	0.00170121	0.00511530	0.00168737	0.00205940	0.00188366	0.00660866	0.00922901	0.00930377	0.00360682	0.00260709	0.00281725	0.00377911	0.00240482	0.00139160	0.00113381	0.00313687	0.00212429	0.00209267	0.00389875	0.00584429	0.00129779	0.00537679	0.00442079	0.00110363	0.00335360	0.00066931	0.00155802
1.22000000	0.00201652	0.00551319	0.00161979	0.00196890	0.00175875	0.00759556	0.00950590	0.00996876	0.00388354	0.00267179	0.00306270	0.00391376	0.00197750	0.00162018	0.00111242	0.00307331	0.00191369	0.00222333	0.00416318	0.00611070	0.00131735	0.00571721	0.00461141	0.00110462	0.00353251	0.00068265	0.00155252
1.23000000	0.00229840	0.00555545	0.00183725	0.00197921	0.00188207	0.00741676	0.01044691	0.01105143	0.00408227	0.00274102	0.00280894	0.00392055	0.00175084	0.00164937	0.00113821	0.00287881	0.00216250	0.00222381	0.00420114	0.00624998	0.00135846	0.00578034	0.00474411	0.00122570	0.00345425	0.00052288	0.00151807
1.24000000	0.00259658	0.00550200	0.00198102	0.00197750	0.00193947	0.00872808	0.01059655	0.01179470	0.00418845	0.00299357	0.00338797	0.00402858	0.00187987	0.00154516	0.00101369	0.00296803	0.00197904	0.00229091	0.00432929	0.00650099	0.00134541	0.00601459	0.00491488	0.00126461	0.00346977	0.00048307	0.00153349
1.25000000	0.00295975	0.00554703	0.00212036	0.00193754	0.00197134	0.00981183	0.01077658	0.01250977	0.00420612	0.00316965	0.00379413	0.00407686	0.00173149	0.00167919	0.00094490	0.00303063	0.00187630	0.00229488	0.00447257	0.00670800	0.00133463	0.00619317	0.00509159	0.00135947	0.00348074	0.00031264	0.00156956
1.26000000	0.00288938	0.00545446	0.00225190	0.00207456	0.00213019	0.01096403	0.01129957	0.01326195	0.00397018	0.00371864	0.00446054	0.00439664	0.00244920	0.00133599	0.00103058	0.00263813	0.00210272	0.00244791	0.00448723	0.00663093	0.00129967	0.00623039	0.00508788	0.00164287	0.00340313	0.00039413	0.00166488
1.27000000	0.00363748	0.00578996	0.00230909	0.00176550	0.00194236	0.01057806	0.01165074	0.01403333	0.00412291	0.00338542	0.00370292	0.00427364	0.00147045	0.00187159	0.00096752	0.00253895	0.00188427	0.00238070	0.00460244	0.00686778	0.00133477	0.00627607	0.00523639	0.00126846	0.00344526	0.00041409	0.00142783
1.28000000	0.00358615	0.00560290	0.00250458	0.00191179	0.00211763	0.01128215	0.01173214	0.01471810	0.00387692	0.00355638	0.00393546	0.00445389	0.00167390	0.00173737	0.00087593	0.00260199	0.00197639	0.00238914	0.00456219	0.00687301	0.00134719	0.00629560	0.00538823	0.00134394	0.00333444	0.00037551	0.00127115
1.29000000	0.00354898	0.00546404	0.00264408	0.00199927	0.00222587	0.01169804	0.01163268	0.01532678	0.00366430	0.00358571	0.00394355	0.00463208	0.00173628	0.00168070	0.00080168	0.00267813	0.00208295	0.00239032	0.00453178	0.00689745	0.00135640	0.00628152	0.00548460	0.00136358	0.00322076	0.00033525	0.00118008
1.30000000	0.00411041	0.00576027	0.00261300	0.00154068	0.00194190	0.01144084	0.01169077	0.01538813	0.00363216	0.00335947	0.00361799	0.00464370	0.00121539	0.00198973	0.00088950	0.00238140	0.00176570	0.00249446	0.00464227	0.00702923	0.00130024	0.00632362	0.00539047	0.00109686	0.00319758	0.00054484	0.00133577
1.31000000	0.00381865	0.00560098	0.00270142	0.00160933	0.00202435	0.01123565	0.01148267	0.01567219	0.00338465	0.00323597	0.00352166	0.00476108	0.00130889	0.00190115	0.00083939	0.00240103	0.00190369	0.00247088	0.00460100	0.00695021	0.00127774	0.00620959	0.00538977	0.00118126	0.00312117	0.00034784	0.00118301
1.32000000	0.00365125	0.00543924	0.00286111	0.00168641	0.00214079	0.01061738	0.01118968	0.01570031	0.00326923	0.00291463	0.00328935	0.00473810	0.00122284	0.00195116	0.00074923	0.00254674	0.00196100	0.00246853	0.00452814	0.00687547	0.00133066	0.00612057	0.00546524	0.00105892	0.00296145	0.00062722	0.00107384
1.33000000	0.00332799	0.00530519	0.00294684	0.00170353	0.00219476	0.00978914	0.01085528	0.01545917	0.00314600	0.00265464	0.00317372	0.00477448	0.00124196	0.00187081	0.00076823	0.00251295	0.00199783	0.00249661	0.00450322	0.00678516	0.00133431	0.00601158	0.00541370	0.00105933	0.00291229	0.00058260	0.00094092
1.34000000	0.00305398	0.00509231	0.00307814	0.00171803	0.00226628	0.00859879	0.01048742	0.01494264	0.00299049	0.00244182	0.00318790	0.00471843	0.00123943	0.00183064	0.00080236	0.00245376	0.00209357	0.00242252	0.00448569	0.00679055	0.00125103	0.00591908	0.00538642	0.00112637	0.00288137	0.00055698	0.00092397
1.35000000	0.00306183	0.00474406	0.00310811	0.00142542	0.00206809	0.00780635	0.01086298	0.01317515	0.00279300	0.00209256	0.00247162	0.00440509	0.00115645	0.00179092	0.00089326	0.00221186	0.00183519	0.00254359	0.00436537	0.00695767	0.00118349	0.00590825	0.00528148	0.00098064	0.00260800	0.00073237	0.00116209
1.36000000	0.00263148	0.00468293	0.00313897	0.00133915	0.00206757	0.00636205	0.01011787	0.01239146	0.00282493	0.00192265	0.00274481	0.00429720	0.00130541	0.00167603	0.00098457	0.00205215	0.00198135	0.00254152	0.00449751	0.00683944	0.00115819	0.00581963	0.00516717	0.00123594	0.00275071	0.00058757	0.00097179
1.37000000	0.00227234	0.00455586	0.00327773	0.00150349	0.00222380	0.00482689	0.00959124	0.01131762	0.00276384	0.00215784	0.00325751	0.00410183	0.00128102	0.00163831	0.00095544	0.00216153	0.00194793	0.00245267	0.00447922	0.00673777	0.00123946	0.00568916	0.00522882	0.00105388	0.00265890	0.00096489	0.00088180
1.38000000	0.00152383	0.00415812	0.00356902	0.00202344	0.00263608	0.00401131	0.00934336	0.00995694	0.00250238	0.00161187	0.00204275	0.00399282	0.00133669	0.00157740	0.00102063	0.00232769	0.00175408	0.00261534	0.00422261	0.00659980	0.00124287	0.00557226	0.00517656	0.00133655	0.00233604	0.00099056	0.00098178
1.39000000	0.00137789	0.00411542	0.00352365	0.00187353	0.00253548	0.00281581	0.00862764	0.00862590	0.00255911	0.00213179	0.00271322	0.00378665	0.00144899	0.00149767	0.00110724	0.00220265	0.00192041	0.00242465	0.00433278	0.00673363	0.00119357	0.00557590	0.00521424	0.00131687	0.00246261	0.00098925	0.00079585
1.40000000	0.00130616	0.00422411	0.00332563	0.00184170	0.00240960	0.00303371	0.00750666	0.00662525	0.00232313	0.00192796	0.00166377	0.00384995	0.00143389	0.00152880	0.00103784	0.00247590	0.00191232	0.00258016	0.00434708	0.00685778	0.00118591	0.00577990	0.00530704	0.00130914	0.00238511	0.00109782	0.00106702
1.41000000	0.00131957	0.00424198	0.00330839	0.00174250	0.00235034	0.00223088	0.00698374	0.00557476	0.00239420	0.00237727	0.00208192	0.00374919	0.00160760	0.00144857	0.00121348	0.00219177	0.00204713	0.00246972	0.00444885	0.00692415	0.00117468	0.00575560	0.00529844	0.00135411	0.00252371	0.00110276	0.00083527
1.42000000	0.00139053	0.00436871	0.00331488	0.00151916	0.00226987	0.00223607	0.00626485	0.00512634	0.00254271	0.00287744	0.00270904	0.00366951	0.00189182	0.00143816	0.00134878	0.00185824	0.00237165	0.00254997	0.00463476	0.00694976	0.00117132	0.00578414	0.00517290	0.00110605	0.00278553	0.00150495	0.00116077
1.43000000	0.00182291	0.00431705	0.00332329	0.00202177	0.00249388	0.00205731	0.00604061	0.00407368	0.00236307	0.00265198	0.00171133	0.00377504	0.00145336	0.00143916	0.00126769	0.00249837	0.00202720	0.00248763	0.00436332	0.00701682	0.00120937	0.00581314	0.00543232	0.00122254	0.00235155	0.00119951	0.00095948
1.44000000	0.00183191	0.00440819	0.00332416	0.00179532	0.00240535	0.00229942	0.00563162	0.00396756	0.00243990	0.00280478	0.00204731	0.00372664	0.00170416	0.00148625	0.00131308	0.00221631	0.00232086	0.00255612	0.00453296	0.00708947	0.00118661	0.00587615	0.00534345	0.00110754	0.00260619	0.00135505	0.00106076
1.45000000	0.00187745	0.00434051	0.00331548	0.00183063	0.00239610	0.00229038	0.00575400	0.00361663	0.00240556	0.00279633	0.00210039	0.00357939	0.00164470	0.00138420	0.00134907	0.00227770	0.00234562	0.00232044	0.00455092	0.00722119	0.00124055	0.00589923	0.00556110	0.00129953	0.00268403	0.00102183	0.00070200
1.46000000	0.00190945	0.00444160	0.00335644	0.00169911	0.00237948	0.00253249	0.00559721	0.00386499	0.00239575	0.00265034	0.00235686	0.00364757	0.00188104	0.00138239	0.00141349	0.00202529	0.00269420	0.00240039	0.00469824	0.00724923	0.00127362	0.00593797	0.00550604	0.00112091	0.00293026	0.00115784	0.00122415
1.47000000	0.00194319	0.00452723	0.00340360	0.00168640	0.00240960	0.00259937	0.00567401	0.00408768	0.00237160	0.00246691	0.00259998	0.00368052	0.00206354	0.00142235	0.00142014	0.00189169	0.00296260	0.00245537	0.00480310	0.00723152	0.00138805	0.00595204	0.00554778	0.00103133	0.00315347	0.00124223	0.00142475
1.48000000	0.00190709	0.00449823	0.00335294	0.00185275	0.00240232	0.00251060	0.00581212	0.00419590	0.00231614	0.00249862	0.00211459	0.00336993	0.00137871	0.00116499	0.00138103	0.00273081	0.00218336	0.00204393	0.00464479	0.00757972	0.00124640	0.00602134	0.00585608	0.00097440	0.00278679	0.00107917	0.00089422
1.49000000	0.00187714	0.00470522	0.00332816	0.00187247	0.00238602	0.00286700	0.00598042	0.00459034	0.00233862	0.00268266	0.00185791	0.00342501	0.00126842	0.00122133	0.00142676	0.00284376	0.00210671	0.00224972	0.00455671	0.00763744	0.00129763	0.00604645	0.00581939	0.00109075	0.00260401	0.00091516	0.00085921
1.50000000	0.00194871	0.00477110	0.00341039	0.00184676	0.00245039	0.00328148	0.00623597	0.00513661	0.00220906	0.00255070	0.00235503	0.00351888	0.00150460	0.00122688	0.00147006	0.00266923	0.00244632	0.00234945	0.00468435	0.00758659	0.00139687	0.00607998	0.00584573	0.00114367	0.00281298	0.00090238	0.00088816
1.51000000	0.00203445	0.00476827	0.00342568	0.00191032	0.00245667	0.00383507	0.00655591	0.00537891	0.00207593	0.00233328	0.00238841	0.00334713	0.00129040	0.00118459	0.00139760	0.00309948	0.00231184	0.00213935	0.00461966	0.00785815	0.00133929	0.00617848	0.00607142	0.00101726	0.00276507	0.00097439	0.00078792
1.52000000	0.00212764	0.00482592	0.00346960	0.00191759	0.00250891	0.00446846	0.00687043	0.00599272	0.00192617	0.00251591	0.00299715	0.00346487	0.00164756	0.00122640	0.00145877	0.00290676	0.00271844	0.00223540	0.00472648	0.00781552	0.00143331	0.00618358	0.00607959	0.00117480	0.00294801	0.00085304	0.00094486
1.53000000	0.00226214	0.00506477	0.00339738	0.00165873	0.00231281	0.00491547	0.00684860	0.00639251	0.00215187	0.00266031	0.00218761	0.00333057	0.00117266	0.00137740	0.00157564	0.00322542	0.00229844	0.00226790	0.00467615	0.00813869	0.00133219	0.00628882	0.00607284	0.00113724	0.00278596	0.00077878	0.00105159
1.54000000	0.00206579	0.00491401	0.00355953	0.00168967	0.00243237	0.00482547	0.00772909	0.00693108	0.00219381	0.00236477	0.00169578	0.00320559	0.00118135	0.00129618	0.00159948	0.00334832	0.00243748	0.00227153	0.00465663	0.00811705	0.00141229	0.00621622	0.00609723	0.00113220	0.00277581	0.00067370	0.00100942
1.55000000	0.00231413	0.00489639	0.00357670	0.00181358	0.00249127	0.00513018	0.00798416	0.00715461	0.00204866	0.00236224	0.00187496	0.00323632	0.00139051	0.00128156	0.00161503	0.00339330	0.00263829	0.00218955	0.00466034	0.00821741	0.00142129	0.00624064	0.00622610	0.00099847	0.00284628	0.00065870	0.00092227
1.56000000	0.00227463	0.00493253	0.00360982	0.00181504	0.00254537	0.00541583	0.00827950	0.00731596	0.00205620	0.00243284	0.00227810	0.00324896	0.00177602	0.00133258	0.00168469	0.00321419	0.00300811	0.00220085	0.00480782	0.00814791	0.00153515	0.00620700	0.00626174	0.00106307	0.00296463	0.00040056	0.00105641
1.57000000	0.00255605	0.00497889	0.00346204	0.00177424	0.00240398	0.00552785	0.00795556	0.00725880	0.00211534	0.00281720	0.00190231	0.00312854	0.00126490	0.00133604	0.00168727	0.00365495	0.00249834	0.00230335	0.00476646	0.00842395	0.00144505	0.00636428	0.00631451	0.00088575	0.00297679	0.00017920	0.00110271
1.58000000	0.00246708	0.00499297	0.00348235	0.00176649	0.00245282	0.00555781	0.00822844	0.00712281	0.00215920	0.00282171	0.00220519	0.00313177	0.00173447	0.00133224	0.00178022	0.00337029	0.00289381	0.00226072	0.00492746	0.00834487	0.00158196	0.00630768	0.00637020	0.00101655	0.00307333	0.00069106	0.00122785
1.59000000	0.00271604	0.00493039	0.00341639	0.00191175	0.00245250	0.00545228	0.00825355	0.00667807	0.00209253	0.00286551	0.00198058	0.00296869	0.00136927	0.00125338	0.00165199	0.00380266	0.00258011	0.00224051	0.00481037	0.00856761	0.00150183	0.00640033	0.00650006	0.00134755	0.00305791	0.00106123	0.00111315
1.60000000	0.00281826	0.00490018	0.00334496	0.00196623	0.00244182	0.00526993	0.00829770	0.00638464	0.00206448	0.00293319	0.00199738	0.00298876	0.00164376	0.00116308	0.00164516	0.00368567	0.00277531	0.00210803	0.00487135	0.00866572	0.00151665	0.00640008	0.00660142	0.00201310	0.00312903	0.00155456	0.00112424
1.61000000	0.00253743	0.00488045	0.00335328	0.00193293	0.00247904	0.00529361	0.00849516	0.00611429	0.00217765	0.00298032	0.00227955	0.00291912	0.00217841	0.00125489	0.00177907	0.00329543	0.00323478	0.00207269	0.00510274	0.00854416	0.00171414	0.00631997	0.00665890	0.00245549	0.00318185	0.00259353	0.00138515
1.62000000	0.00268766	0.00494469	0.00318853	0.00199346	0.00239011	0.00517883	0.00803963	0.00574124	0.00224378	0.00356957	0.00182666	0.00287340	0.00133201	0.00106208	0.00167520	0.00374808	0.00248939	0.00232757	0.00491360	0.00875857	0.00149638	0.00647299	0.00662182	0.00299883	0.00324094	0.00303712	0.00131586
1.63000000	0.00260055	0.00489210	0.00316810	0.00208563	0.00244550	0.00529478	0.00820420	0.00545417	0.00229055	0.00356340	0.00195653	0.00285289	0.00182000	0.00113281	0.00160895	0.00349140	0.00283989	0.00221513	0.00497550	0.00870982	0.00162543	0.00637581	0.00671043	0.00351980	0.00323676	0.00356197	0.00130931
1.64000000	0.00280553	0.00495661	0.00306210	0.00205498	0.00239184	0.00531015	0.00790946	0.00518386	0.00227634	0.00388473	0.00171545	0.00288249	0.00122559	0.00099206	0.00162228	0.00372472	0.00235699	0.00249946	0.00490732	0.00874192	0.00157579	0.00646145	0.00669969	0.00399016	0.00325525	0.00389577	0.00139207
1.65000000	0.00278522	0.00488149	0.00300792	0.00217585	0.00242442	0.00543342	0.00804785	0.00491924	0.00221964	0.00377794	0.00182915	0.00282697	0.00150223	0.00101601	0.00154321	0.00359004	0.00258570	0.00234746	0.00487673	0.00879574	0.00155856	0.00640572	0.00677701	0.00418754	0.00326755	0.00416205	0.00134203
1.66000000	0.00258934	0.00485219	0.00300514	0.00220290	0.00246202	0.00563875	0.00807599	0.00498099	0.00223022	0.00380453	0.00198730	0.00271174	0.00189126	0.00117087	0.00159072	0.00329854	0.00290404	0.00223950	0.00493563	0.00874096	0.00157265	0.00631048	0.00678888	0.00415974	0.00331354	0.00435421	0.00145980
1.67000000	0.00268748	0.00484075	0.00292797	0.00233866	0.00248080	0.00568695	0.00813327	0.00476837	0.00212683	0.00372627	0.00202284	0.00277265	0.00162316	0.00101037	0.00144735	0.00349405	0.00266012	0.00229573	0.00477397	0.00877215	0.00152739	0.00629038	0.00683829	0.00423503	0.00330278	0.00416759	0.00128476
1.68000000	0.00261602	0.00477173	0.00294025	0.00239075	0.00253674	0.00589117	0.00802409	0.00508680	0.00208935	0.00372206	0.00217298	0.00270969	0.00200126	0.00112723	0.00151445	0.00321465	0.00306899	0.00225966	0.00478983	0.00866495	0.00157575	0.00618390	0.00684875	0.00400287	0.00328259	0.00406236	0.00142771
1.69000000	0.00281009	0.00494615	0.00274732	0.00192737	0.00220158	0.00550922	0.00757489	0.00456240	0.00196914	0.00395940	0.00175073	0.00279313	0.00120022	0.00121037	0.00158971	0.00337569	0.00248555	0.00233278	0.00477667	0.00875745	0.00155344	0.00621965	0.00686243	0.00370647	0.00328245	0.00376308	0.00143694
1.70000000	0.00267243	0.00484453	0.00277852	0.00203066	0.00228718	0.00556928	0.00736643	0.00493109	0.00195759	0.00387242	0.00190925	0.00271859	0.00148789	0.00122210	0.00159546	0.00316722	0.00286913	0.00225092	0.00473477	0.00866068	0.00152425	0.00608742	0.00683900	0.00341130	0.00329518	0.00351989	0.00150825
1.71000000	0.00257684	0.00487742	0.00269631	0.00211281	0.00226953	0.00557639	0.00752623	0.00488528	0.00174991	0.00362032	0.00174072	0.00267699	0.00114301	0.00113405	0.00156036	0.00343972	0.00238632	0.00233421	0.00456369	0.00859076	0.00156723	0.00598282	0.00685547	0.00316930	0.00314770	0.00305754	0.00136294
1.72000000	0.00250168	0.00480076	0.00269199	0.00219326	0.00231268	0.00556967	0.00730713	0.00522075	0.00173024	0.00355651	0.00191819	0.00258033	0.00127741	0.00108219	0.00149872	0.00336161	0.00266874	0.00228099	0.00446955	0.00851367	0.00152875	0.00584393	0.00681756	0.00282079	0.00314562	0.00285372	0.00131340
1.73000000	0.00248269	0.00473585	0.00268451	0.00227772	0.00235619	0.00551894	0.00714462	0.00547252	0.00167380	0.00350275	0.00213770	0.00249939	0.00142825	0.00102982	0.00150258	0.00332346	0.00293640	0.00219445	0.00438377	0.00841776	0.00150848	0.00569533	0.00679581	0.00261260	0.00311391	0.00265964	0.00132745
1.74000000	0.00252954	0.00467305	0.00268962	0.00236526	0.00240861	0.00546432	0.00691850	0.00576118	0.00165495	0.00347839	0.00233575	0.00245448	0.00150980	0.00092931	0.00146441	0.00332510	0.00329125	0.00219456	0.00427648	0.00828556	0.00151448	0.00553905	0.00675953	0.00240708	0.00309854	0.00260526	0.00124039
1.75000000	0.00224017	0.00482076	0.00263971	0.00221529	0.00230054	0.00551889	0.00720396	0.00562541	0.00137320	0.00308755	0.00190944	0.00234723	0.00136520	0.00123699	0.00173284	0.00323194	0.00249134	0.00224722	0.00418841	0.00811699	0.00153743	0.00531572	0.00662372	0.00237484	0.00294190	0.00228060	0.00126218
1.76000000	0.00233669	0.00470043	0.00261106	0.00232074	0.00234189	0.00544380	0.00698435	0.00577537	0.00137916	0.00313232	0.00208659	0.00227496	0.00134760	0.00103272	0.00164810	0.00329274	0.00282423	0.00224157	0.00408536	0.00793101	0.00158513	0.00512340	0.00658830	0.00230754	0.00287060	0.00229902	0.00121460
1.77000000	0.00246417	0.00460506	0.00258790	0.00241254	0.00237915	0.00535901	0.00679006	0.00582155	0.00135267	0.00316574	0.00229779	0.00222576	0.00139278	0.00088428	0.00159264	0.00335554	0.00320869	0.00222441	0.00395369	0.00776602	0.00161253	0.00492969	0.00655274	0.00226271	0.00278812	0.00243276	0.00114235
1.78000000	0.00260297	0.00452308	0.00255258	0.00248101	0.00239701	0.00526500	0.00659561	0.00579973	0.00131296	0.00318178	0.00249716	0.00218133	0.00146273	0.00076241	0.00154131	0.00342914	0.00363617	0.00219615	0.00380913	0.00761704	0.00162753	0.00473548	0.00651690	0.00225024	0.00269777	0.00257809	0.00107161
1.79000000	0.00191008	0.00470911	0.00251697	0.00206898	0.00213240	0.00524373	0.00686026	0.00538616	0.00108950	0.00289893	0.00173352	0.00227811	0.00098471	0.00092467	0.00185382	0.00350699	0.00209824	0.00182148	0.00373823	0.00759007	0.00150135	0.00444259	0.00634707	0.00215703	0.00242401	0.00251594	0.00115079
1.80000000	0.00202991	0.00456310	0.00245965	0.00211855	0.00213296	0.00508096	0.00668575	0.00522709	0.00106506	0.00294072	0.00186783	0.00221974	0.00103864	0.00076496	0.00177391	0.00357569	0.00248597	0.00183831	0.00358899	0.00743474	0.00149697	0.00424379	0.00627196	0.00204620	0.00234773	0.00252197	0.00104262
1.81000000	0.00179056	0.00449432	0.00248439	0.00178101	0.00195742	0.00487463	0.00654329	0.00494491	0.00103236	0.00293890	0.00168995	0.00224254	0.00095399	0.00075474	0.00186753	0.00361596	0.00207572	0.00182626	0.00352196	0.00731199	0.00150275	0.00408006	0.00619746	0.00208888	0.00221375	0.00206176	0.00097823
1.82000000	0.00189224	0.00436971	0.00238445	0.00185153	0.00194273	0.00475940	0.00637784	0.00475039	0.00105233	0.00302288	0.00180259	0.00226853	0.00103725	0.00066667	0.00182615	0.00363386	0.00251525	0.00184863	0.00331377	0.00712029	0.00149916	0.00382667	0.00609833	0.00166911	0.00209788	0.00185704	0.00089104
1.83000000	0.00190070	0.00435833	0.00229007	0.00175601	0.00185285	0.00453317	0.00608326	0.00479226	0.00101362	0.00299593	0.00190154	0.00240506	0.00115031	0.00075477	0.00191469	0.00355921	0.00252233	0.00170683	0.00332858	0.00688619	0.00153412	0.00359891	0.00601863	0.00131429	0.00198728	0.00113466	0.00087649
1.84000000	0.00207929	0.00422312	0.00216902	0.00178564	0.00180415	0.00442606	0.00586797	0.00466478	0.00104234	0.00305957	0.00187942	0.00248937	0.00124309	0.00075127	0.00188380	0.00360748	0.00303536	0.00183625	0.00303639	0.00675958	0.00149135	0.00335641	0.00586840	0.00079835	0.00190863	0.00100072	0.00076902
1.85000000	0.00205504	0.00416317	0.00209930	0.00154028	0.00162348	0.00423019	0.00587555	0.00443555	0.00094512	0.00282880	0.00194967	0.00271193	0.00120365	0.00097641	0.00204350	0.00368538	0.00223476	0.00167959	0.00297531	0.00659222	0.00147173	0.00313445	0.00575281	0.00087174	0.00158903	0.00060854	0.00070422
1.86000000	0.00210465	0.00407492	0.00199219	0.00149847	0.00156006	0.00409030	0.00562917	0.00448623	0.00094748	0.00288685	0.00193073	0.00279283	0.00131299	0.00112057	0.00207889	0.00366893	0.00246910	0.00166206	0.00283183	0.00634980	0.00150317	0.00287822	0.00565716	0.00188435	0.00143847	0.00161331	0.00056526
1.87000000	0.00216485	0.00396259	0.00189191	0.00137774	0.00144594	0.00396712	0.00551887	0.00448888	0.00091949	0.00269214	0.00196406	0.00293182	0.00138499	0.00130877	0.00215967	0.00368477	0.00241282	0.00164582	0.00269136	0.00615425	0.00150179	0.00265138	0.00552454	0.00293356	0.00123686	0.00276010	0.00048020
1.88000000	0.00226782	0.00383720	0.00169921	0.00143840	0.00138916	0.00410025	0.00509184	0.00484690	0.00096861	0.00300835	0.00182142	0.00298916	0.00149335	0.00144939	0.00215040	0.00373449	0.00294364	0.00201843	0.00241924	0.00583711	0.00162069	0.00237028	0.00532043	0.00407668	0.00121681	0.00383200	0.00039549
1.89000000	0.00236128	0.00375200	0.00146536	0.00145011	0.00128690	0.00436418	0.00459957	0.00533578	0.00099062	0.00333896	0.00186741	0.00311722	0.00161342	0.00158902	0.00220904	0.00371080	0.00347654	0.00219743	0.00214259	0.00563710	0.00169559	0.00212837	0.00514991	0.00516058	0.00114772	0.00467568	0.00070781
1.90000000	0.00192823	0.00333098	0.00154632	0.00095778	0.00103204	0.00393630	0.00537022	0.00508920	0.00115070	0.00204445	0.00181662	0.00292390	0.00183656	0.00186019	0.00242724	0.00366997	0.00213658	0.00177081	0.00214407	0.00551207	0.00156230	0.00199649	0.00502296	0.00566578	0.00060751	0.00549143	0.00016342
1.91000000	0.00184151	0.00327764	0.00127788	0.00113132	0.00100615	0.00443153	0.00464306	0.00604268	0.00110160	0.00251564	0.00183028	0.00295283	0.00192532	0.00195824	0.00246605	0.00363561	0.00265830	0.00211464	0.00195596	0.00513727	0.00169211	0.00182105	0.00477348	0.00635563	0.00046920	0.00579717	0.00051799
1.92000000	0.00201529	0.00307981	0.00126549	0.00094655	0.00082355	0.00454006	0.00491570	0.00608883	0.00122140	0.00125065	0.00202469	0.00316767	0.00187841	0.00211070	0.00265453	0.00369435	0.00221006	0.00192875	0.00182472	0.00501678	0.00168958	0.00170680	0.00471264	0.00643658	0.00011229	0.00624478	0.00025425
1.93000000	0.00178567	0.00308191	0.00097946	0.00120936	0.00089724	0.00525443	0.00400790	0.00728637	0.00115834	0.00187484	0.00223947	0.00317031	0.00194509	0.00215915	0.00271857	0.00360899	0.00274936	0.00220552	0.00174773	0.00464169	0.00177344	0.00172466	0.00441647	0.00675755	0.00011259	0.00605538	0.00062848
1.94000000	0.00212705	0.00273396	0.00099879	0.00115064	0.00074318	0.00548104	0.00443896	0.00720195	0.00149324	0.00088081	0.00218352	0.00331297	0.00189712	0.00229403	0.00286162	0.00372562	0.00234152	0.00211343	0.00162169	0.00451818	0.00186342	0.00164329	0.00440173	0.00648884	0.00052553	0.00613260	0.00057618
1.95000000	0.00208311	0.00259223	0.00083203	0.00125788	0.00073266	0.00617419	0.00406020	0.00768095	0.00176021	0.00095284	0.00218322	0.00323902	0.00186414	0.00244152	0.00293103	0.00377393	0.00249321	0.00240572	0.00142141	0.00426810	0.00202126	0.00170489	0.00424161	0.00621991	0.00070498	0.00602200	0.00083614
1.96000000	0.00235566	0.00232828	0.00078518	0.00154174	0.00087126	0.00639608	0.00396247	0.00799570	0.00197469	0.00151007	0.00233878	0.00329152	0.00189316	0.00245926	0.00299364	0.00381007	0.00240990	0.00243419	0.00144965	0.00403563	0.00208471	0.00184787	0.00406810	0.00606918	0.00105559	0.00564809	0.00097441
1.97000000	0.00261063	0.00208332	0.00070474	0.00184246	0.00102995	0.00661279	0.00370118	0.00824999	0.00222447	0.00200047	0.00243731	0.00326562	0.00192401	0.00252786	0.00304527	0.00385575	0.00235716	0.00254010	0.00145755	0.00380483	0.00216547	0.00202618	0.00388392	0.00583541	0.00134132	0.00531479	0.00115161
1.98000000	0.00283789	0.00185388	0.00063901	0.00211830	0.00119255	0.00673590	0.00333688	0.00839103	0.00246571	0.00247333	0.00259441	0.00322266	0.00198369	0.00257627	0.00304663	0.00390350	0.00239926	0.00270076	0.00146087	0.00356130	0.00226856	0.00221321	0.00370999	0.00563990	0.00156649	0.00495371	0.00142052
1.99000000	0.00304498	0.00171139	0.00064209	0.00241303	0.00140013	0.00673665	0.00293618	0.00840020	0.00268765	0.00287771	0.00271838	0.00313765	0.00202863	0.00265009	0.00308195	0.00389263	0.00239709	0.00284469	0.00159186	0.00329977	0.00235795	0.00244797	0.00352977	0.00533991	0.00182098	0.00474655	0.00148237
2.00000000	0.00271901	0.00196789	0.00092771	0.00262933	0.00172650	0.00688443	0.00186898	0.00871765	0.00287125	0.00258467	0.00370239	0.00291314	0.00194712	0.00286830	0.00314508	0.00362107	0.00275521	0.00317387	0.00169311	0.00289485	0.00241115	0.00283181	0.00321475	0.00517453	0.00195365	0.00449724	0.00165789
2.01000000	0.00341776	0.00152704	0.00064748	0.00280189	0.00165036	0.00644611	0.00183056	0.00805191	0.00313319	0.00352336	0.00300000	0.00291040	0.00193418	0.00288869	0.00298611	0.00394795	0.00267275	0.00320258	0.00177662	0.00279178	0.00262332	0.00285706	0.00328057	0.00504731	0.00229662	0.00418856	0.00190174
2.02000000	0.00371890	0.00155620	0.00074378	0.00310802	0.00185978	0.00601370	0.00146672	0.00763637	0.00328869	0.00386118	0.00296065	0.00290676	0.00211814	0.00283894	0.00297384	0.00400521	0.00253297	0.00331696	0.00185674	0.00256914	0.00266879	0.00306937	0.00310411	0.00489870	0.00248179	0.00394276	0.00197302
2.03000000	0.00342264	0.00173975	0.00120014	0.00327645	0.00218355	0.00568528	0.00100521	0.00750278	0.00355378	0.00357436	0.00403900	0.00254309	0.00193983	0.00320308	0.00308327	0.00362976	0.00281070	0.00364203	0.00175090	0.00230347	0.00271749	0.00342553	0.00285022	0.00481302	0.00252396	0.00376402	0.00210000
2.04000000	0.00406448	0.00191918	0.00091226	0.00344532	0.00209677	0.00503582	0.00075942	0.00661830	0.00364872	0.00436581	0.00288828	0.00261177	0.00220643	0.00291704	0.00285315	0.00416637	0.00255826	0.00363999	0.00192899	0.00216184	0.00285171	0.00341776	0.00291174	0.00473882	0.00278676	0.00342840	0.00228383
2.05000000	0.00430692	0.00224739	0.00106999	0.00367590	0.00226379	0.00468592	0.00077032	0.00594804	0.00369433	0.00431217	0.00278409	0.00258483	0.00245734	0.00282665	0.00287125	0.00428048	0.00242591	0.00370467	0.00196045	0.00196577	0.00285280	0.00355004	0.00275813	0.00459031	0.00292028	0.00319416	0.00228232
2.06000000	0.00444688	0.00255644	0.00125247	0.00378033	0.00237388	0.00412579	0.00104085	0.00551903	0.00373796	0.00410565	0.00305619	0.00236125	0.00217633	0.00296175	0.00280736	0.00426837	0.00271270	0.00373877	0.00206796	0.00180893	0.00288629	0.00370627	0.00266826	0.00446971	0.00307913	0.00291851	0.00244852
2.07000000	0.00457139	0.00295554	0.00135300	0.00385972	0.00243463	0.00350553	0.00142592	0.00502952	0.00379956	0.00415257	0.00281651	0.00226097	0.00210786	0.00295631	0.00279376	0.00434398	0.00278405	0.00387446	0.00207194	0.00162790	0.00293641	0.00378861	0.00260625	0.00442752	0.00312831	0.00260229	0.00251696
2.08000000	0.00451155	0.00335233	0.00146054	0.00392741	0.00251130	0.00374102	0.00206100	0.00402190	0.00378311	0.00387743	0.00253383	0.00226039	0.00242799	0.00273646	0.00287018	0.00452717	0.00251204	0.00394832	0.00197787	0.00153392	0.00293174	0.00381961	0.00253922	0.00433646	0.00317894	0.00229508	0.00249199
2.09000000	0.00443519	0.00328181	0.00183319	0.00401806	0.00274884	0.00318245	0.00260091	0.00362289	0.00392200	0.00358591	0.00328928	0.00246404	0.00186598	0.00293714	0.00302134	0.00417433	0.00275420	0.00406168	0.00203634	0.00131321	0.00286691	0.00397271	0.00237173	0.00428225	0.00311378	0.00201863	0.00253694
2.10000000	0.00469234	0.00391240	0.00189503	0.00402920	0.00273427	0.00228323	0.00296221	0.00336415	0.00385067	0.00349186	0.00296095	0.00209455	0.00142410	0.00301829	0.00288233	0.00443207	0.00309142	0.00399827	0.00199229	0.00137332	0.00288182	0.00403502	0.00233446	0.00428162	0.00323787	0.00144711	0.00265510
2.11000000	0.00456627	0.00452983	0.00189289	0.00393890	0.00266109	0.00203540	0.00286695	0.00289742	0.00393616	0.00381859	0.00212650	0.00223144	0.00198476	0.00259790	0.00298173	0.00457598	0.00292200	0.00409742	0.00183061	0.00136668	0.00289357	0.00397461	0.00235237	0.00425919	0.00323188	0.00127667	0.00253610
2.12000000	0.00457073	0.00463715	0.00216296	0.00397642	0.00282191	0.00187182	0.00331046	0.00268406	0.00398255	0.00346451	0.00265087	0.00238305	0.00123095	0.00277951	0.00306432	0.00451099	0.00302138	0.00413345	0.00180724	0.00132230	0.00280110	0.00405463	0.00218624	0.00424707	0.00315428	0.00104281	0.00252895
2.13000000	0.00455234	0.00460707	0.00241247	0.00397053	0.00295880	0.00205501	0.00355602	0.00257385	0.00409404	0.00333488	0.00331008	0.00273770	0.00048432	0.00295353	0.00318354	0.00443781	0.00304701	0.00417911	0.00179046	0.00138495	0.00273053	0.00412812	0.00210069	0.00426190	0.00307593	0.00090109	0.00253375
2.14000000	0.00402547	0.00573008	0.00213533	0.00368695	0.00264623	0.00220693	0.00434754	0.00220801	0.00388108	0.00285443	0.00186643	0.00216651	0.00161136	0.00244323	0.00325775	0.00488666	0.00247888	0.00412994	0.00159189	0.00144171	0.00275544	0.00387237	0.00219310	0.00424454	0.00309615	0.00085403	0.00239235
2.15000000	0.00411729	0.00553136	0.00243955	0.00375081	0.00285242	0.00248816	0.00444337	0.00242690	0.00399850	0.00269973	0.00252900	0.00275782	0.00057119	0.00269893	0.00330455	0.00486359	0.00238417	0.00410632	0.00156078	0.00152441	0.00263531	0.00392230	0.00205205	0.00421315	0.00296828	0.00095258	0.00234649
2.16000000	0.00364081	0.00627878	0.00229124	0.00347341	0.00263220	0.00259650	0.00511749	0.00263689	0.00397282	0.00250413	0.00151586	0.00222439	0.00144368	0.00263090	0.00370886	0.00445414	0.00253108	0.00405759	0.00150352	0.00159061	0.00263841	0.00377520	0.00213427	0.00416032	0.00294331	0.00129191	0.00228781
2.17000000	0.00371786	0.00630917	0.00245966	0.00344995	0.00272322	0.00311859	0.00506919	0.00292254	0.00402643	0.00250596	0.00169730	0.00245591	0.00070342	0.00280271	0.00380567	0.00420944	0.00281042	0.00406346	0.00141819	0.00177841	0.00255870	0.00383609	0.00197409	0.00423542	0.00281097	0.00157792	0.00221701
2.18000000	0.00385579	0.00611651	0.00267365	0.00344920	0.00284167	0.00378810	0.00509709	0.00329500	0.00407759	0.00243216	0.00228595	0.00305995	0.00137672	0.00287352	0.00357019	0.00465282	0.00240573	0.00398013	0.00146607	0.00193524	0.00247718	0.00384848	0.00196060	0.00428951	0.00278986	0.00192954	0.00211753
2.19000000	0.00332982	0.00722990	0.00239472	0.00301889	0.00248495	0.00371050	0.00557537	0.00356023	0.00399156	0.00216505	0.00161366	0.00237842	0.00081578	0.00269193	0.00395184	0.00418891	0.00238423	0.00397090	0.00146842	0.00208050	0.00252533	0.00369497	0.00202248	0.00439125	0.00274357	0.00247631	0.00210867
2.20000000	0.00336218	0.00705425	0.00249627	0.00304301	0.00257049	0.00439661	0.00560367	0.00394215	0.00412412	0.00224652	0.00178215	0.00248208	0.00078389	0.00285399	0.00414217	0.00383064	0.00252542	0.00385873	0.00142247	0.00222115	0.00242332	0.00374194	0.00193631	0.00446807	0.00265154	0.00292239	0.00192605
2.21000000	0.00329554	0.00728813	0.00247250	0.00289513	0.00249721	0.00471676	0.00568783	0.00430151	0.00415011	0.00223383	0.00177829	0.00236103	0.00095831	0.00287779	0.00422340	0.00359263	0.00260131	0.00378076	0.00147614	0.00241745	0.00239173	0.00372866	0.00191244	0.00457976	0.00259104	0.00323707	0.00185963
2.22000000	0.00305378	0.00769953	0.00233906	0.00262709	0.00229493	0.00483224	0.00606768	0.00453159	0.00408388	0.00207469	0.00162594	0.00208658	0.00112686	0.00278035	0.00420870	0.00350566	0.00231949	0.00368461	0.00150372	0.00252427	0.00244435	0.00363104	0.00198574	0.00458743	0.00255828	0.00340227	0.00182611
2.23000000	0.00316263	0.00737682	0.00246753	0.00265146	0.00239419	0.00520382	0.00611255	0.00488982	0.00416113	0.00219521	0.00174327	0.00229978	0.00173915	0.00285651	0.00426783	0.00326644	0.00204744	0.00346487	0.00163472	0.00272403	0.00230911	0.00370676	0.00193218	0.00427375	0.00252746	0.00346075	0.00173690
2.24000000	0.00305374	0.00731688	0.00244130	0.00255279	0.00233319	0.00559725	0.00624162	0.00512271	0.00426549	0.00220901	0.00180784	0.00225706	0.00208691	0.00288214	0.00434297	0.00289852	0.00203201	0.00324730	0.00166676	0.00273754	0.00228980	0.00370397	0.00204732	0.00387697	0.00250689	0.00311069	0.00163782
2.25000000	0.00285589	0.00788333	0.00220942	0.00222834	0.00206479	0.00530194	0.00665926	0.00520127	0.00413609	0.00208378	0.00157809	0.00169712	0.00217890	0.00279707	0.00416663	0.00284519	0.00168084	0.00314987	0.00181524	0.00294794	0.00232245	0.00363565	0.00204281	0.00327739	0.00247665	0.00253456	0.00160363
2.26000000	0.00287332	0.00779947	0.00218097	0.00212038	0.00200322	0.00535969	0.00674706	0.00540273	0.00416546	0.00212435	0.00156621	0.00157063	0.00261898	0.00286349	0.00409111	0.00255072	0.00167010	0.00294274	0.00194703	0.00308267	0.00228443	0.00367397	0.00208804	0.00250320	0.00244353	0.00158080	0.00155175
2.27000000	0.00300768	0.00720217	0.00238211	0.00222152	0.00215894	0.00561336	0.00676064	0.00561874	0.00430258	0.00225798	0.00166527	0.00171896	0.00334060	0.00290833	0.00405537	0.00235677	0.00143588	0.00261860	0.00207777	0.00318249	0.00211568	0.00376634	0.00207995	0.00151739	0.00241463	0.00053216	0.00139657
2.28000000	0.00341769	0.00624608	0.00282283	0.00236680	0.00243264	0.00573933	0.00699558	0.00565017	0.00424506	0.00211552	0.00195926	0.00210626	0.00488131	0.00266731	0.00359587	0.00277878	0.00113207	0.00225775	0.00221935	0.00327225	0.00208998	0.00387105	0.00228459	0.00153725	0.00243230	0.00091273	0.00131028
2.29000000	0.00328462	0.00715056	0.00231419	0.00203434	0.00203969	0.00538495	0.00662312	0.00589152	0.00425078	0.00246923	0.00156352	0.00134789	0.00424814	0.00313458	0.00367298	0.00187400	0.00190680	0.00211366	0.00239033	0.00349139	0.00208647	0.00393987	0.00236480	0.00209757	0.00236210	0.00221290	0.00136311
2.30000000	0.00323064	0.00681081	0.00238193	0.00197673	0.00202582	0.00563896	0.00690869	0.00570237	0.00437376	0.00231863	0.00162408	0.00164419	0.00468255	0.00312094	0.00356168	0.00200359	0.00159801	0.00185162	0.00258847	0.00344106	0.00202872	0.00396424	0.00240576	0.00341043	0.00241891	0.00319683	0.00124431
2.31000000	0.00382031	0.00570543	0.00303447	0.00219880	0.00245476	0.00543590	0.00708531	0.00580056	0.00436967	0.00223687	0.00192945	0.00184687	0.00591496	0.00294901	0.00331277	0.00218918	0.00151251	0.00145912	0.00267536	0.00350220	0.00194929	0.00412210	0.00266921	0.00441824	0.00246763	0.00424926	0.00096448
2.32000000	0.00355191	0.00618792	0.00264608	0.00184473	0.00208802	0.00545537	0.00700380	0.00567651	0.00453468	0.00249654	0.00168046	0.00193630	0.00571408	0.00326526	0.00332843	0.00193276	0.00152367	0.00137126	0.00297491	0.00363364	0.00192602	0.00415610	0.00263861	0.00488093	0.00242193	0.00512671	0.00120620
2.33000000	0.00368470	0.00630350	0.00258100	0.00168341	0.00196418	0.00532040	0.00705669	0.00553972	0.00450199	0.00252550	0.00165192	0.00200066	0.00604802	0.00336073	0.00318393	0.00201903	0.00135105	0.00116518	0.00324158	0.00377919	0.00186309	0.00421055	0.00267654	0.00535255	0.00246287	0.00529601	0.00122507
2.34000000	0.00372379	0.00710089	0.00209696	0.00139032	0.00155362	0.00514440	0.00695188	0.00537047	0.00439120	0.00246639	0.00155492	0.00182836	0.00620858	0.00369778	0.00293173	0.00196483	0.00132477	0.00106407	0.00339615	0.00383018	0.00203190	0.00424805	0.00293907	0.00530113	0.00247281	0.00528696	0.00131028
2.35000000	0.00381174	0.00738748	0.00195011	0.00122862	0.00137903	0.00506818	0.00701362	0.00512576	0.00436637	0.00235619	0.00170247	0.00187541	0.00653275	0.00393643	0.00278378	0.00213854	0.00093745	0.00103821	0.00359989	0.00389807	0.00205032	0.00437024	0.00311633	0.00489713	0.00253766	0.00502901	0.00127214
2.36000000	0.00396415	0.00726878	0.00197958	0.00119968	0.00135208	0.00504164	0.00702703	0.00510284	0.00442194	0.00243275	0.00174869	0.00181814	0.00705658	0.00399585	0.00278163	0.00211395	0.00079066	0.00113387	0.00373534	0.00397580	0.00206728	0.00443643	0.00322660	0.00439394	0.00250321	0.00444603	0.00120583
2.37000000	0.00434921	0.00598579	0.00263714	0.00122240	0.00168868	0.00510423	0.00733794	0.00510679	0.00458204	0.00239781	0.00217674	0.00208250	0.00810145	0.00361214	0.00278005	0.00184457	0.00100200	0.00113519	0.00374223	0.00407188	0.00214510	0.00452071	0.00352101	0.00362097	0.00246841	0.00393821	0.00094335
2.38000000	0.00424091	0.00711470	0.00209275	0.00103865	0.00124409	0.00495093	0.00713923	0.00509842	0.00451828	0.00254103	0.00179583	0.00178476	0.00804268	0.00426981	0.00285498	0.00211481	0.00062694	0.00150668	0.00401943	0.00411398	0.00211395	0.00459509	0.00346799	0.00306342	0.00244105	0.00315283	0.00123298
2.39000000	0.00433045	0.00661288	0.00234302	0.00105028	0.00136199	0.00502998	0.00714687	0.00524156	0.00459997	0.00263734	0.00181620	0.00193707	0.00865536	0.00443213	0.00295307	0.00209982	0.00070117	0.00162563	0.00412198	0.00424303	0.00213567	0.00471318	0.00372444	0.00256225	0.00244383	0.00246140	0.00109377
2.40000000	0.00443437	0.00662809	0.00235181	0.00103996	0.00129729	0.00505260	0.00726124	0.00527417	0.00463805	0.00262591	0.00190070	0.00217154	0.00899089	0.00496375	0.00304024	0.00232962	0.00078092	0.00186931	0.00418524	0.00430564	0.00219296	0.00473117	0.00379533	0.00220961	0.00235791	0.00186444	0.00109312
2.41000000	0.00455833	0.00652369	0.00232246	0.00096077	0.00116231	0.00492782	0.00731427	0.00541832	0.00460406	0.00255754	0.00189497	0.00242230	0.00945955	0.00561478	0.00300480	0.00248297	0.00093751	0.00203279	0.00432814	0.00447715	0.00223036	0.00481331	0.00393829	0.00169772	0.00239415	0.00171005	0.00114475
2.42000000	0.00464724	0.00599060	0.00258831	0.00108362	0.00136289	0.00524927	0.00748090	0.00551603	0.00465140	0.00256701	0.00199099	0.00289317	0.00972801	0.00638297	0.00318056	0.00274580	0.00116744	0.00223623	0.00430355	0.00456007	0.00225928	0.00485859	0.00410815	0.00161470	0.00231506	0.00139763	0.00093494
2.43000000	0.00481176	0.00580367	0.00261825	0.00107237	0.00130793	0.00529903	0.00745492	0.00573784	0.00463782	0.00253037	0.00201351	0.00337828	0.00994802	0.00726106	0.00326318	0.00306161	0.00122460	0.00239213	0.00438096	0.00472955	0.00229905	0.00491478	0.00422851	0.00148029	0.00228098	0.00135318	0.00093962
2.44000000	0.00490337	0.00536615	0.00274578	0.00121488	0.00139342	0.00546152	0.00742466	0.00609377	0.00472451	0.00263063	0.00222079	0.00378646	0.01004535	0.00830547	0.00334788	0.00335955	0.00156299	0.00250960	0.00436021	0.00486529	0.00238649	0.00490168	0.00431190	0.00155261	0.00221919	0.00117877	0.00080756
2.45000000	0.00500763	0.00528488	0.00267466	0.00121490	0.00128246	0.00566255	0.00750731	0.00614277	0.00462546	0.00246623	0.00210311	0.00420702	0.01012140	0.00926447	0.00327237	0.00368845	0.00131781	0.00260109	0.00439050	0.00503619	0.00247958	0.00495125	0.00448373	0.00145000	0.00212999	0.00136193	0.00088877
2.46000000	0.00505485	0.00511053	0.00260387	0.00121482	0.00111619	0.00568503	0.00760338	0.00624401	0.00460480	0.00233585	0.00213193	0.00456086	0.01006439	0.01023962	0.00328994	0.00395500	0.00096123	0.00266354	0.00442986	0.00528258	0.00250196	0.00497923	0.00454720	0.00153661	0.00210130	0.00135684	0.00083956
2.47000000	0.00501421	0.00489211	0.00255137	0.00126127	0.00100448	0.00577810	0.00767535	0.00640935	0.00460726	0.00227800	0.00211268	0.00471297	0.00990878	0.01108827	0.00323856	0.00412661	0.00074673	0.00270926	0.00441987	0.00549027	0.00256878	0.00500148	0.00465742	0.00160015	0.00202921	0.00139963	0.00078979
2.48000000	0.00495931	0.00472491	0.00245831	0.00133152	0.00086456	0.00582884	0.00772564	0.00656813	0.00459509	0.00223316	0.00211632	0.00480868	0.00966976	0.01165959	0.00316453	0.00422983	0.00063459	0.00274278	0.00440839	0.00570655	0.00264945	0.00502556	0.00474796	0.00166318	0.00194585	0.00142649	0.00074295
2.49000000	0.00489482	0.00452550	0.00232183	0.00142667	0.00075469	0.00599553	0.00774341	0.00666400	0.00456274	0.00222078	0.00214997	0.00463123	0.00949811	0.01200204	0.00288320	0.00420382	0.00118845	0.00275580	0.00441065	0.00597674	0.00267759	0.00506078	0.00481230	0.00190354	0.00189183	0.00124163	0.00069542
2.50000000	0.00460440	0.00450983	0.00227926	0.00157656	0.00049902	0.00581522	0.00813399	0.00667600	0.00466124	0.00208573	0.00206549	0.00495300	0.00890578	0.01166323	0.00314671	0.00403580	0.00079425	0.00283709	0.00434043	0.00605136	0.00281314	0.00500564	0.00486378	0.00174491	0.00178787	0.00150451	0.00069270
2.51000000	0.00435906	0.00437831	0.00215697	0.00171388	0.00043364	0.00587493	0.00814911	0.00683048	0.00471426	0.00217246	0.00201722	0.00494757	0.00845278	0.01109254	0.00313556	0.00373570	0.00090555	0.00287258	0.00427436	0.00620693	0.00289914	0.00499992	0.00493225	0.00186047	0.00169499	0.00139921	0.00058770
2.52000000	0.00437758	0.00448283	0.00198150	0.00176093	0.00041713	0.00589078	0.00816249	0.00688862	0.00461907	0.00214152	0.00199050	0.00459819	0.00807592	0.01055271	0.00280066	0.00382327	0.00197927	0.00291973	0.00416269	0.00632829	0.00291492	0.00501393	0.00506263	0.00184672	0.00151320	0.00150068	0.00061638
2.53000000	0.00376278	0.00477815	0.00171405	0.00210942	0.00041244	0.00593575	0.00826194	0.00684618	0.00481150	0.00229996	0.00209093	0.00482436	0.00744935	0.00914467	0.00303123	0.00322684	0.00132978	0.00307690	0.00416290	0.00637884	0.00303911	0.00494020	0.00496984	0.00205517	0.00154374	0.00129176	0.00051765
2.54000000	0.00381609	0.00466542	0.00180660	0.00202842	0.00025667	0.00567066	0.00864387	0.00680980	0.00470710	0.00219102	0.00199985	0.00515843	0.00693358	0.00743932	0.00308163	0.00249231	0.00101298	0.00306529	0.00404291	0.00645302	0.00301064	0.00490628	0.00508985	0.00202134	0.00135805	0.00150811	0.00058186
2.55000000	0.00380534	0.00505053	0.00160281	0.00205810	0.00040656	0.00565155	0.00855769	0.00675568	0.00464132	0.00213729	0.00201834	0.00563759	0.00641011	0.00629020	0.00296292	0.00285892	0.00195486	0.00310854	0.00390021	0.00652536	0.00298451	0.00492436	0.00520045	0.00214854	0.00113935	0.00148385	0.00050983
2.56000000	0.00340568	0.00555585	0.00134588	0.00232226	0.00066921	0.00552362	0.00874175	0.00667649	0.00469290	0.00224397	0.00197109	0.00607271	0.00586932	0.00446712	0.00324157	0.00185279	0.00139501	0.00323141	0.00382513	0.00646006	0.00305310	0.00482004	0.00513006	0.00212609	0.00108278	0.00166300	0.00026906
2.57000000	0.00346388	0.00594031	0.00124226	0.00225447	0.00070636	0.00529555	0.00863703	0.00683668	0.00462875	0.00229359	0.00214864	0.00705365	0.00528780	0.00337644	0.00341257	0.00266174	0.00234182	0.00338103	0.00363313	0.00639748	0.00292372	0.00472832	0.00510690	0.00224658	0.00086960	0.00178440	0.00031951
2.58000000	0.00325096	0.00640346	0.00092590	0.00264040	0.00113429	0.00554126	0.00842863	0.00652934	0.00467897	0.00240913	0.00208168	0.00798714	0.00514632	0.00217169	0.00316377	0.00225268	0.00233522	0.00318390	0.00357917	0.00650038	0.00298878	0.00472011	0.00522113	0.00233031	0.00076163	0.00174430	0.00031864
2.59000000	0.00323112	0.00681907	0.00085302	0.00247600	0.00106944	0.00517856	0.00836808	0.00682285	0.00458964	0.00241206	0.00226440	0.00882724	0.00448331	0.00158686	0.00372935	0.00343649	0.00317126	0.00345641	0.00334186	0.00633237	0.00282229	0.00458127	0.00505561	0.00248707	0.00058412	0.00184908	0.00025713
2.60000000	0.00295254	0.00709605	0.00054927	0.00289196	0.00143969	0.00536054	0.00829376	0.00657866	0.00465740	0.00266871	0.00215705	0.00903323	0.00451268	0.00147041	0.00330557	0.00183968	0.00232045	0.00334372	0.00337413	0.00626406	0.00292190	0.00442364	0.00492385	0.00236881	0.00061766	0.00201474	0.00028114
2.61000000	0.00306192	0.00747903	0.00063144	0.00269253	0.00138758	0.00504447	0.00840418	0.00654720	0.00436552	0.00237871	0.00227954	0.00934291	0.00400847	0.00183735	0.00361668	0.00271886	0.00283102	0.00356604	0.00317738	0.00605350	0.00271981	0.00436888	0.00485229	0.00258874	0.00047901	0.00199103	0.00014252
2.62000000	0.00319589	0.00699763	0.00070607	0.00277469	0.00142243	0.00522589	0.00841247	0.00634856	0.00436366	0.00250708	0.00219694	0.00904265	0.00379488	0.00249735	0.00350435	0.00162940	0.00235033	0.00344900	0.00315940	0.00594127	0.00272398	0.00426975	0.00479163	0.00246780	0.00043444	0.00209394	0.00004278
2.63000000	0.00315375	0.00725156	0.00071542	0.00267635	0.00142561	0.00503077	0.00838683	0.00636218	0.00417734	0.00232401	0.00235853	0.00871541	0.00347314	0.00265555	0.00355738	0.00206391	0.00260033	0.00360647	0.00300381	0.00570474	0.00257016	0.00415950	0.00457598	0.00260656	0.00041901	0.00198339	0.00020327
2.64000000	0.00315142	0.00736305	0.00069675	0.00262760	0.00144608	0.00495719	0.00836316	0.00629360	0.00398353	0.00216916	0.00242094	0.00833280	0.00298345	0.00242666	0.00368268	0.00200248	0.00244992	0.00358929	0.00284463	0.00549008	0.00248805	0.00403752	0.00439256	0.00258196	0.00053920	0.00194598	0.00025808
2.65000000	0.00334425	0.00718143	0.00060885	0.00278715	0.00160442	0.00498368	0.00798261	0.00619464	0.00385214	0.00217805	0.00230311	0.00752465	0.00318368	0.00228757	0.00323687	0.00154512	0.00216114	0.00342896	0.00281671	0.00537178	0.00240065	0.00395087	0.00430658	0.00228658	0.00037225	0.00210375	0.00033664
2.66000000	0.00345022	0.00654884	0.00056134	0.00271009	0.00150847	0.00505548	0.00772044	0.00623245	0.00378793	0.00223503	0.00222487	0.00656732	0.00297567	0.00199238	0.00318108	0.00134444	0.00199351	0.00333229	0.00278327	0.00519452	0.00226759	0.00385682	0.00415956	0.00214929	0.00034041	0.00211030	0.00012225
2.67000000	0.00361858	0.00579016	0.00053046	0.00251932	0.00130788	0.00510872	0.00750403	0.00629089	0.00365375	0.00217089	0.00224673	0.00553699	0.00267900	0.00158488	0.00314002	0.00132207	0.00200030	0.00322415	0.00265809	0.00499221	0.00212932	0.00378256	0.00403394	0.00209746	0.00023424	0.00201526	0.00006617
2.68000000	0.00360702	0.00550735	0.00039887	0.00251391	0.00131215	0.00512745	0.00732876	0.00625054	0.00354155	0.00208056	0.00211282	0.00425490	0.00256227	0.00113125	0.00296323	0.00114296	0.00163186	0.00313457	0.00258112	0.00467139	0.00199484	0.00362671	0.00380148	0.00189426	0.00021833	0.00211941	0.00009176
2.69000000	0.00348035	0.00570310	0.00054852	0.00240955	0.00132297	0.00453048	0.00728166	0.00627265	0.00321552	0.00179293	0.00224757	0.00252009	0.00204257	0.00100590	0.00314127	0.00070989	0.00119350	0.00316360	0.00240098	0.00443698	0.00186069	0.00365428	0.00346470	0.00205760	0.00040683	0.00193210	0.00031115
2.70000000	0.00322798	0.00591346	0.00068808	0.00233965	0.00136267	0.00418554	0.00726501	0.00620153	0.00298861	0.00161617	0.00224823	0.00118462	0.00162559	0.00128972	0.00327349	0.00028318	0.00087258	0.00317701	0.00231718	0.00401792	0.00166150	0.00359640	0.00315349	0.00198007	0.00063611	0.00205937	0.00054347
2.71000000	0.00378530	0.00412263	0.00040574	0.00233934	0.00116077	0.00453683	0.00675754	0.00594589	0.00306154	0.00161207	0.00213347	0.00125853	0.00233044	0.00128605	0.00265628	0.00122032	0.00064343	0.00280323	0.00225760	0.00402632	0.00151793	0.00344947	0.00312874	0.00199697	0.00020453	0.00204586	0.00011016
2.72000000	0.00344220	0.00453803	0.00045051	0.00230164	0.00126183	0.00398792	0.00657032	0.00592310	0.00283821	0.00151919	0.00198675	0.00118619	0.00179253	0.00189136	0.00298622	0.00090275	0.00073712	0.00271706	0.00221286	0.00368023	0.00135068	0.00344690	0.00282402	0.00182174	0.00036606	0.00230904	0.00041405
2.73000000	0.00383292	0.00303029	0.00056795	0.00220166	0.00106184	0.00396166	0.00621327	0.00570723	0.00282734	0.00138786	0.00220607	0.00144483	0.00215294	0.00228450	0.00268343	0.00156702	0.00078018	0.00236762	0.00203341	0.00370620	0.00120662	0.00332765	0.00276896	0.00206155	0.00013322	0.00221424	0.00010884
2.74000000	0.00338770	0.00359979	0.00042752	0.00220435	0.00120837	0.00352002	0.00599061	0.00542647	0.00263542	0.00136886	0.00206575	0.00239898	0.00167328	0.00290642	0.00309313	0.00125070	0.00111911	0.00223823	0.00198874	0.00340169	0.00105162	0.00335171	0.00247322	0.00198892	0.00027892	0.00234965	0.00039146
2.75000000	0.00355235	0.00201314	0.00074614	0.00202656	0.00102234	0.00371619	0.00561031	0.00507042	0.00255671	0.00135566	0.00215056	0.00225942	0.00217980	0.00317636	0.00262541	0.00206816	0.00110750	0.00194230	0.00196260	0.00343426	0.00086837	0.00334759	0.00252124	0.00227619	0.00025257	0.00216582	0.00014930
2.76000000	0.00320045	0.00268361	0.00048654	0.00210733	0.00120975	0.00316597	0.00517684	0.00479003	0.00247714	0.00139064	0.00211082	0.00305643	0.00172943	0.00397049	0.00311567	0.00160668	0.00151428	0.00186097	0.00186448	0.00313841	0.00070740	0.00337311	0.00226770	0.00205141	0.00021931	0.00239260	0.00039237
2.77000000	0.00335508	0.00172536	0.00071171	0.00214560	0.00127070	0.00307779	0.00492601	0.00440243	0.00230732	0.00147544	0.00211628	0.00303089	0.00227200	0.00396443	0.00263139	0.00239263	0.00160237	0.00164374	0.00180725	0.00319665	0.00061101	0.00332226	0.00212784	0.00223572	0.00025930	0.00219136	0.00027928
2.78000000	0.00311516	0.00220331	0.00065186	0.00232225	0.00153106	0.00260133	0.00436934	0.00416721	0.00225329	0.00143092	0.00218470	0.00363700	0.00238014	0.00441290	0.00272352	0.00239138	0.00179807	0.00181972	0.00163216	0.00291335	0.00054257	0.00336822	0.00181339	0.00224579	0.00022173	0.00208580	0.00038393
2.79000000	0.00321324	0.00128802	0.00087839	0.00205645	0.00131427	0.00289343	0.00385161	0.00380036	0.00221926	0.00146199	0.00227101	0.00358106	0.00239233	0.00430900	0.00266083	0.00252091	0.00211884	0.00148230	0.00166662	0.00302332	0.00043588	0.00340742	0.00197010	0.00202902	0.00024124	0.00216222	0.00032890
2.80000000	0.00290242	0.00170777	0.00075122	0.00233289	0.00163400	0.00248851	0.00342353	0.00342515	0.00212618	0.00145540	0.00227143	0.00403191	0.00269472	0.00477543	0.00272246	0.00254198	0.00237844	0.00153835	0.00158264	0.00286240	0.00053831	0.00339349	0.00157504	0.00211461	0.00028224	0.00198035	0.00045431
2.81000000	0.00307874	0.00152379	0.00091710	0.00209205	0.00145027	0.00248162	0.00319055	0.00311776	0.00197484	0.00149857	0.00225036	0.00399829	0.00276041	0.00423470	0.00252578	0.00270340	0.00230392	0.00133704	0.00150483	0.00290831	0.00054965	0.00339631	0.00168718	0.00193553	0.00022592	0.00203023	0.00033020
2.82000000	0.00279114	0.00164717	0.00088487	0.00238723	0.00178177	0.00209437	0.00272417	0.00278381	0.00186457	0.00139126	0.00222029	0.00433699	0.00318232	0.00455615	0.00252039	0.00281658	0.00251896	0.00141907	0.00142284	0.00273020	0.00072041	0.00336781	0.00136082	0.00203353	0.00020308	0.00190074	0.00040988
2.83000000	0.00294947	0.00188457	0.00092659	0.00202973	0.00148985	0.00222561	0.00247363	0.00250502	0.00174020	0.00141668	0.00209541	0.00424444	0.00311455	0.00365496	0.00236150	0.00273753	0.00237518	0.00123887	0.00129534	0.00273466	0.00072571	0.00332111	0.00142742	0.00193295	0.00011149	0.00197150	0.00030323
2.84000000	0.00290811	0.00172881	0.00088891	0.00225097	0.00174684	0.00158295	0.00216462	0.00216277	0.00148165	0.00128327	0.00205027	0.00442031	0.00347401	0.00371896	0.00219226	0.00301469	0.00245041	0.00123738	0.00120942	0.00257624	0.00087224	0.00325960	0.00123357	0.00190107	0.00004882	0.00202274	0.00029337
2.85000000	0.00274778	0.00219573	0.00090470	0.00203612	0.00156627	0.00170591	0.00193954	0.00184785	0.00140294	0.00137104	0.00185332	0.00437083	0.00343803	0.00291273	0.00220550	0.00277985	0.00233623	0.00118212	0.00101881	0.00248348	0.00089879	0.00315106	0.00114443	0.00197373	0.00016943	0.00196797	0.00017208
2.86000000	0.00234086	0.00190931	0.00108605	0.00230857	0.00188835	0.00135920	0.00139257	0.00153076	0.00130256	0.00106013	0.00178795	0.00464176	0.00394859	0.00304382	0.00224782	0.00288152	0.00258681	0.00127750	0.00091696	0.00219157	0.00110213	0.00306214	0.00086435	0.00209486	0.00018931	0.00184269	0.00013669
2.87000000	0.00260582	0.00216818	0.00089928	0.00207859	0.00168250	0.00098137	0.00137846	0.00110834	0.00101444	0.00136977	0.00146627	0.00461412	0.00373557	0.00229228	0.00196997	0.00297651	0.00229357	0.00107597	0.00071867	0.00215332	0.00101439	0.00288890	0.00081561	0.00203418	0.00042000	0.00177862	0.00014517
2.88000000	0.00237964	0.00220863	0.00090680	0.00200280	0.00165669	0.00092818	0.00093664	0.00083257	0.00089726	0.00133556	0.00125863	0.00464391	0.00374564	0.00184175	0.00184487	0.00303703	0.00231349	0.00101861	0.00054185	0.00192930	0.00105375	0.00274070	0.00064494	0.00191574	0.00061538	0.00169192	0.00006042
2.89000000	0.00217142	0.00250016	0.00088372	0.00190865	0.00158896	0.00103400	0.00052184	0.00060692	0.00087515	0.00124882	0.00099797	0.00456018	0.00367888	0.00135286	0.00187893	0.00288855	0.00221408	0.00100009	0.00023928	0.00174150	0.00103642	0.00255914	0.00034948	0.00169035	0.00077295	0.00160393	0.00028393
2.90000000	0.00213491	0.00222068	0.00102259	0.00190540	0.00166888	0.00082025	0.00045895	0.00085196	0.00077503	0.00146223	0.00098731	0.00468040	0.00380511	0.00124552	0.00168609	0.00303449	0.00223040	0.00095565	0.00023252	0.00140772	0.00110540	0.00240470	0.00016059	0.00151420	0.00095623	0.00135851	0.00045589
2.91000000	0.00157451	0.00232462	0.00160276	0.00223726	0.00208502	0.00111482	0.00111813	0.00112967	0.00065491	0.00138031	0.00166980	0.00471076	0.00451949	0.00096430	0.00208096	0.00279714	0.00238821	0.00094356	0.00040856	0.00114822	0.00115338	0.00230373	0.00025215	0.00147272	0.00106248	0.00099563	0.00065687
2.92000000	0.00190647	0.00232999	0.00111063	0.00182446	0.00164871	0.00143616	0.00113186	0.00182616	0.00095401	0.00197434	0.00083238	0.00481081	0.00371683	0.00132005	0.00146092	0.00326989	0.00178527	0.00088747	0.00077807	0.00097853	0.00110844	0.00212063	0.00034102	0.00115243	0.00146238	0.00078948	0.00065927
2.93000000	0.00154696	0.00234239	0.00173427	0.00214200	0.00208194	0.00185737	0.00215641	0.00215884	0.00084296	0.00194382	0.00186519	0.00463080	0.00443324	0.00100735	0.00189413	0.00291849	0.00212929	0.00092577	0.00099799	0.00080998	0.00114737	0.00217066	0.00073902	0.00102933	0.00152329	0.00055933	0.00094957
2.94000000	0.00153412	0.00319255	0.00101507	0.00166720	0.00149723	0.00157872	0.00325164	0.00256540	0.00091042	0.00163618	0.00088926	0.00462519	0.00315528	0.00209004	0.00149871	0.00280660	0.00237240	0.00088125	0.00145312	0.00074380	0.00124044	0.00194127	0.00083857	0.00057211	0.00197600	0.00068216	0.00109240
2.95000000	0.00167351	0.00269282	0.00132922	0.00176375	0.00168651	0.00194646	0.00358256	0.00336709	0.00136323	0.00215573	0.00124322	0.00463846	0.00342578	0.00200816	0.00134295	0.00307529	0.00195799	0.00094398	0.00173940	0.00092429	0.00132322	0.00210289	0.00117239	0.00041471	0.00208515	0.00062413	0.00119279
2.96000000	0.00184086	0.00273535	0.00139670	0.00177969	0.00171998	0.00233340	0.00411530	0.00405654	0.00178016	0.00253253	0.00159871	0.00458980	0.00335319	0.00215395	0.00125633	0.00319317	0.00169964	0.00099769	0.00206616	0.00117405	0.00135029	0.00226712	0.00153556	0.00036018	0.00235167	0.00065762	0.00127588
2.97000000	0.00213274	0.00257599	0.00206634	0.00213456	0.00220013	0.00311703	0.00554190	0.00402933	0.00171828	0.00239314	0.00245186	0.00430030	0.00432974	0.00182184	0.00159178	0.00291162	0.00206175	0.00106232	0.00238666	0.00146993	0.00142155	0.00269813	0.00179376	0.00086288	0.00236014	0.00047251	0.00155381
2.98000000	0.00194727	0.00304863	0.00160688	0.00192081	0.00186503	0.00211843	0.00624661	0.00503892	0.00228703	0.00244100	0.00125462	0.00469625	0.00288875	0.00235994	0.00109826	0.00317685	0.00216179	0.00112831	0.00265532	0.00163164	0.00153890	0.00270991	0.00210091	0.00079082	0.00272034	0.00075019	0.00147628
2.99000000	0.00217248	0.00297328	0.00177269	0.00198534	0.00196478	0.00262088	0.00678417	0.00553094	0.00271030	0.00279912	0.00176516	0.00460546	0.00317451	0.00219501	0.00117200	0.00309057	0.00199573	0.00119635	0.00302468	0.00200083	0.00166172	0.00303655	0.00238639	0.00092539	0.00288459	0.00096951	0.00168172
3.00000000	0.00237276	0.00356414	0.00167588	0.00205784	0.00193128	0.00260294	0.00763706	0.00591815	0.00300489	0.00274862	0.00170825	0.00470017	0.00255867	0.00251915	0.00114512	0.00297205	0.00211422	0.00124556	0.00329741	0.00218406	0.00172881	0.00327865	0.00267456	0.00118899	0.00313791	0.00108846	0.00168472
3.01000000	0.00260463	0.00348643	0.00183695	0.00216276	0.00204467	0.00321095	0.00811361	0.00634730	0.00342831	0.00313105	0.00208788	0.00471655	0.00265912	0.00236657	0.00109796	0.00308230	0.00184021	0.00133929	0.00359555	0.00250024	0.00179176	0.00366397	0.00294925	0.00141905	0.00328591	0.00115469	0.00176864
3.02000000	0.00253486	0.00375561	0.00193546	0.00222142	0.00211929	0.00294801	0.00903791	0.00685703	0.00374442	0.00310746	0.00183813	0.00474096	0.00229757	0.00242452	0.00105630	0.00298194	0.00206425	0.00141517	0.00379656	0.00263212	0.00186409	0.00389955	0.00324338	0.00162091	0.00341482	0.00122476	0.00180356
3.03000000	0.00296149	0.00358868	0.00242607	0.00244956	0.00248194	0.00384312	0.01005253	0.00687730	0.00384561	0.00292146	0.00246407	0.00460766	0.00311900	0.00206506	0.00120746	0.00282327	0.00241408	0.00150764	0.00393554	0.00282624	0.00179693	0.00425185	0.00338455	0.00192584	0.00331740	0.00115247	0.00197101
3.04000000	0.00331852	0.00351270	0.00276676	0.00255152	0.00270213	0.00456617	0.01056846	0.00734938	0.00402015	0.00338527	0.00330021	0.00462991	0.00382640	0.00172153	0.00130445	0.00275816	0.00270073	0.00158262	0.00412956	0.00308516	0.00184385	0.00454655	0.00357318	0.00211894	0.00330486	0.00105697	0.00207888
3.05000000	0.00282770	0.00437695	0.00220725	0.00228726	0.00224649	0.00413738	0.01059132	0.00830507	0.00445412	0.00347784	0.00227248	0.00490134	0.00195850	0.00254634	0.00112133	0.00257781	0.00208573	0.00155062	0.00439162	0.00317092	0.00199741	0.00461022	0.00388170	0.00177742	0.00377306	0.00138109	0.00193256
3.06000000	0.00292266	0.00422738	0.00246892	0.00241740	0.00243480	0.00524194	0.01088823	0.00889730	0.00462703	0.00352177	0.00272039	0.00492323	0.00218060	0.00245642	0.00109429	0.00270529	0.00196738	0.00168577	0.00442158	0.00323850	0.00197353	0.00485690	0.00410080	0.00182644	0.00371389	0.00130985	0.00196476
3.07000000	0.00293612	0.00466618	0.00246987	0.00224665	0.00233699	0.00525411	0.01138508	0.00955855	0.00458576	0.00347077	0.00235490	0.00499606	0.00178878	0.00277698	0.00112684	0.00252987	0.00179178	0.00165268	0.00465098	0.00337232	0.00196512	0.00500004	0.00416528	0.00184338	0.00389143	0.00124228	0.00200391
3.08000000	0.00285128	0.00465877	0.00264882	0.00220092	0.00239471	0.00573273	0.01163401	0.01042143	0.00462396	0.00351686	0.00234196	0.00503168	0.00177568	0.00284652	0.00111595	0.00248692	0.00178021	0.00171535	0.00473087	0.00344702	0.00194326	0.00513229	0.00423972	0.00181279	0.00389472	0.00117843	0.00202971
3.09000000	0.00287623	0.00462598	0.00279032	0.00221182	0.00245637	0.00653881	0.01166721	0.01120539	0.00450425	0.00355729	0.00251613	0.00518003	0.00184792	0.00287200	0.00112739	0.00246401	0.00179047	0.00173342	0.00481995	0.00351224	0.00189437	0.00528103	0.00432948	0.00172281	0.00391934	0.00117230	0.00207282
3.10000000	0.00294656	0.00441582	0.00313151	0.00247113	0.00275517	0.00710164	0.01173156	0.01217500	0.00421586	0.00350279	0.00271569	0.00528513	0.00202930	0.00289743	0.00114491	0.00250932	0.00210608	0.00180176	0.00475049	0.00345848	0.00172439	0.00541900	0.00437332	0.00178100	0.00381313	0.00107726	0.00199595
3.11000000	0.00288150	0.00430715	0.00335766	0.00261572	0.00293460	0.00776807	0.01178998	0.01287127	0.00399985	0.00333586	0.00278035	0.00531776	0.00200277	0.00300344	0.00109765	0.00270293	0.00219017	0.00186427	0.00471055	0.00343357	0.00163703	0.00548454	0.00439218	0.00172878	0.00373723	0.00100871	0.00192554
3.12000000	0.00301397	0.00476163	0.00326503	0.00204797	0.00257775	0.00777506	0.01200776	0.01304246	0.00393021	0.00334778	0.00219469	0.00539730	0.00161442	0.00333597	0.00116706	0.00225523	0.00175969	0.00178176	0.00485834	0.00351485	0.00173831	0.00548847	0.00449943	0.00145816	0.00390930	0.00093374	0.00203282
3.13000000	0.00263550	0.00443694	0.00344646	0.00223949	0.00276716	0.00790449	0.01180394	0.01378274	0.00358825	0.00343664	0.00238950	0.00557598	0.00179421	0.00315790	0.00114364	0.00224616	0.00193187	0.00182612	0.00478746	0.00340465	0.00165625	0.00548361	0.00452728	0.00128624	0.00386962	0.00108400	0.00195266
3.14000000	0.00257898	0.00421818	0.00369118	0.00241913	0.00297374	0.00770132	0.01152102	0.01418798	0.00342741	0.00325202	0.00239479	0.00547765	0.00166751	0.00337844	0.00109031	0.00244192	0.00211514	0.00186091	0.00471177	0.00333421	0.00150957	0.00555259	0.00451368	0.00134841	0.00378918	0.00079100	0.00188889
3.15000000	0.00261514	0.00413118	0.00380523	0.00229418	0.00295445	0.00734918	0.01134002	0.01396158	0.00328408	0.00313717	0.00233548	0.00549022	0.00164394	0.00346691	0.00109403	0.00235085	0.00213128	0.00181206	0.00482162	0.00342855	0.00145171	0.00561787	0.00444549	0.00131290	0.00381010	0.00058397	0.00192802
3.16000000	0.00236133	0.00396366	0.00390134	0.00233645	0.00303343	0.00674018	0.01099057	0.01396930	0.00305110	0.00330074	0.00274390	0.00552408	0.00171717	0.00323639	0.00106136	0.00230445	0.00215613	0.00186976	0.00470544	0.00328283	0.00149102	0.00552144	0.00450974	0.00094088	0.00380384	0.00086772	0.00181918
3.17000000	0.00276538	0.00405556	0.00395161	0.00183112	0.00279394	0.00649864	0.01117952	0.01243650	0.00306285	0.00306565	0.00172141	0.00529874	0.00153454	0.00346775	0.00109043	0.00211583	0.00173364	0.00175143	0.00483912	0.00341665	0.00152248	0.00557519	0.00451607	0.00086104	0.00378462	0.00045648	0.00209617
3.18000000	0.00241009	0.00381811	0.00397938	0.00181781	0.00281651	0.00549270	0.01060212	0.01206670	0.00299303	0.00317675	0.00231252	0.00524118	0.00171189	0.00317836	0.00108175	0.00194179	0.00188579	0.00172834	0.00485254	0.00333620	0.00157155	0.00549376	0.00457706	0.00060755	0.00390061	0.00059452	0.00201466
3.19000000	0.00230759	0.00362477	0.00409560	0.00194763	0.00294193	0.00444266	0.01024195	0.01123243	0.00285722	0.00327889	0.00299532	0.00492608	0.00169043	0.00309889	0.00099851	0.00212953	0.00191454	0.00178288	0.00478011	0.00330377	0.00156832	0.00550814	0.00458380	0.00050069	0.00392501	0.00055541	0.00177519
3.20000000	0.00245648	0.00362085	0.00399211	0.00201644	0.00290948	0.00515261	0.00932711	0.00931508	0.00241895	0.00329366	0.00186570	0.00483742	0.00169420	0.00311987	0.00094539	0.00217765	0.00177770	0.00172503	0.00495634	0.00346012	0.00149000	0.00573476	0.00457807	0.00049082	0.00387122	0.00017951	0.00203798
3.21000000	0.00236598	0.00350628	0.00399871	0.00196293	0.00290014	0.00404205	0.00896564	0.00830872	0.00244256	0.00337021	0.00232377	0.00455998	0.00180332	0.00288584	0.00093386	0.00208921	0.00185694	0.00169292	0.00498452	0.00343554	0.00155887	0.00569636	0.00465358	0.00046146	0.00400671	0.00019142	0.00193170
3.22000000	0.00236964	0.00330539	0.00405798	0.00218988	0.00302867	0.00306266	0.00864204	0.00744149	0.00241758	0.00355090	0.00206811	0.00437529	0.00169836	0.00279300	0.00077982	0.00220575	0.00174597	0.00170995	0.00494233	0.00349478	0.00156073	0.00573483	0.00464003	0.00047655	0.00392345	0.00013091	0.00183982
3.23000000	0.00236844	0.00316662	0.00407870	0.00237570	0.00313520	0.00268705	0.00826878	0.00657417	0.00247885	0.00389715	0.00161888	0.00426148	0.00171894	0.00250184	0.00076848	0.00223254	0.00170773	0.00171733	0.00500849	0.00345989	0.00150212	0.00576447	0.00461498	0.00061744	0.00389318	0.00033640	0.00199013
3.24000000	0.00241215	0.00314875	0.00403519	0.00222621	0.00304700	0.00247860	0.00815483	0.00559665	0.00246825	0.00400019	0.00220808	0.00397668	0.00189860	0.00231064	0.00072731	0.00218047	0.00190300	0.00164190	0.00508749	0.00353722	0.00160995	0.00577584	0.00473204	0.00076998	0.00402502	0.00042821	0.00196378
3.25000000	0.00270591	0.00314913	0.00401614	0.00247240	0.00315484	0.00267589	0.00777254	0.00509545	0.00247605	0.00430098	0.00172893	0.00391771	0.00169535	0.00219236	0.00066024	0.00246658	0.00169326	0.00172922	0.00513870	0.00358701	0.00158280	0.00585071	0.00467509	0.00097936	0.00390416	0.00057900	0.00207863
3.26000000	0.00265583	0.00317741	0.00394323	0.00229455	0.00303316	0.00286240	0.00786354	0.00450932	0.00245133	0.00423070	0.00209897	0.00379551	0.00198620	0.00191613	0.00066768	0.00224352	0.00198632	0.00164997	0.00524611	0.00369226	0.00167819	0.00590955	0.00482083	0.00104358	0.00410134	0.00073677	0.00195087
3.27000000	0.00285513	0.00327139	0.00387942	0.00243638	0.00305849	0.00312250	0.00754838	0.00450821	0.00248410	0.00445749	0.00191968	0.00376124	0.00171939	0.00190703	0.00065045	0.00245887	0.00179710	0.00169326	0.00529700	0.00377933	0.00167845	0.00601043	0.00485016	0.00107412	0.00403122	0.00084708	0.00200105
3.28000000	0.00277913	0.00335443	0.00379262	0.00217208	0.00289662	0.00352710	0.00772232	0.00459897	0.00240858	0.00427245	0.00216448	0.00386121	0.00229199	0.00145021	0.00060838	0.00198515	0.00224768	0.00168311	0.00549145	0.00391078	0.00178657	0.00600764	0.00483742	0.00100771	0.00420313	0.00102087	0.00215095
3.29000000	0.00276636	0.00339606	0.00379413	0.00225100	0.00291911	0.00362906	0.00825361	0.00433791	0.00230236	0.00383121	0.00224671	0.00355751	0.00200943	0.00163927	0.00064366	0.00231914	0.00210419	0.00160317	0.00544324	0.00396301	0.00180307	0.00610285	0.00507354	0.00094373	0.00425493	0.00060640	0.00190639
3.30000000	0.00270045	0.00350332	0.00365915	0.00202364	0.00274394	0.00401953	0.00861531	0.00470944	0.00218903	0.00350389	0.00263400	0.00375378	0.00260291	0.00120672	0.00059684	0.00190214	0.00245670	0.00161856	0.00556026	0.00407038	0.00199097	0.00604392	0.00515744	0.00065607	0.00434333	0.00040066	0.00213924
3.31000000	0.00279751	0.00365028	0.00364706	0.00226859	0.00283115	0.00417140	0.00802321	0.00525898	0.00239600	0.00398166	0.00220763	0.00353434	0.00161130	0.00168374	0.00073964	0.00241398	0.00186315	0.00170995	0.00561999	0.00419656	0.00187509	0.00626344	0.00515430	0.00066717	0.00422845	0.00025997	0.00195874
3.32000000	0.00268900	0.00375086	0.00346834	0.00207211	0.00263966	0.00457295	0.00855957	0.00574491	0.00222038	0.00355264	0.00277419	0.00381500	0.00222772	0.00124147	0.00060807	0.00199858	0.00221983	0.00168270	0.00570236	0.00426808	0.00207443	0.00614528	0.00528974	0.00081390	0.00429992	0.00086476	0.00222259
3.33000000	0.00295824	0.00386225	0.00363154	0.00222503	0.00280473	0.00495942	0.00829549	0.00609678	0.00225371	0.00355198	0.00223336	0.00348123	0.00145139	0.00171552	0.00082608	0.00236744	0.00184373	0.00179079	0.00576675	0.00439765	0.00192046	0.00636528	0.00526669	0.00138266	0.00419072	0.00135247	0.00204219
3.34000000	0.00277008	0.00398671	0.00340397	0.00206095	0.00259937	0.00536429	0.00885379	0.00667640	0.00207455	0.00316521	0.00291549	0.00379971	0.00207310	0.00127258	0.00067314	0.00196669	0.00216753	0.00179474	0.00578547	0.00442008	0.00214415	0.00621483	0.00545849	0.00182628	0.00424408	0.00199976	0.00220517
3.35000000	0.00277748	0.00406860	0.00355572	0.00237010	0.00280816	0.00576581	0.00944854	0.00656269	0.00177923	0.00247588	0.00282369	0.00342612	0.00168631	0.00156947	0.00082917	0.00236008	0.00214344	0.00178086	0.00572127	0.00444866	0.00194329	0.00635735	0.00551164	0.00267647	0.00428861	0.00222294	0.00179961
3.36000000	0.00276558	0.00411026	0.00357037	0.00237086	0.00281107	0.00611611	0.00923544	0.00706016	0.00188071	0.00252228	0.00261588	0.00325714	0.00140629	0.00177600	0.00075892	0.00248206	0.00215583	0.00180571	0.00585065	0.00464178	0.00193267	0.00641594	0.00549083	0.00292226	0.00424689	0.00272098	0.00185994
3.37000000	0.00280643	0.00415495	0.00354602	0.00233308	0.00278350	0.00648748	0.00925390	0.00736431	0.00185471	0.00254542	0.00245492	0.00324166	0.00137422	0.00169705	0.00087736	0.00252915	0.00197352	0.00193906	0.00584589	0.00468014	0.00198524	0.00641339	0.00556001	0.00319463	0.00420319	0.00296192	0.00179898
3.38000000	0.00273918	0.00420886	0.00352220	0.00233033	0.00277479	0.00667533	0.00941038	0.00753694	0.00173240	0.00240933	0.00245577	0.00320562	0.00149100	0.00159048	0.00083110	0.00252608	0.00202760	0.00190553	0.00592357	0.00472916	0.00191904	0.00636528	0.00556840	0.00336246	0.00424338	0.00311390	0.00188670
3.39000000	0.00286556	0.00420267	0.00355772	0.00224076	0.00276933	0.00691260	0.00910724	0.00768776	0.00186128	0.00276381	0.00201256	0.00316871	0.00140969	0.00157203	0.00071194	0.00239347	0.00194926	0.00199838	0.00597377	0.00483192	0.00196025	0.00636624	0.00562352	0.00337443	0.00413529	0.00316820	0.00194905
3.40000000	0.00270249	0.00425962	0.00346381	0.00235777	0.00276627	0.00701366	0.00937062	0.00753077	0.00167613	0.00243116	0.00206020	0.00306732	0.00156498	0.00151001	0.00055862	0.00251905	0.00213234	0.00198232	0.00594359	0.00487661	0.00194554	0.00631082	0.00568704	0.00332290	0.00412320	0.00315008	0.00187488
3.41000000	0.00252242	0.00430595	0.00339455	0.00242358	0.00276409	0.00706422	0.00939737	0.00736657	0.00160294	0.00235828	0.00207793	0.00294796	0.00167336	0.00143469	0.00045274	0.00264694	0.00225852	0.00202460	0.00593672	0.00493141	0.00194975	0.00628224	0.00576034	0.00326919	0.00409538	0.00304552	0.00181149
3.42000000	0.00240829	0.00431520	0.00336232	0.00247660	0.00277946	0.00710163	0.00921614	0.00714511	0.00158296	0.00248771	0.00199027	0.00280913	0.00165234	0.00141124	0.00039634	0.00283609	0.00228608	0.00201952	0.00599376	0.00501626	0.00187274	0.00626796	0.00576438	0.00321997	0.00409499	0.00291434	0.00184200
3.43000000	0.00223980	0.00434485	0.00317100	0.00237195	0.00263471	0.00723878	0.00900100	0.00719218	0.00160781	0.00255503	0.00224054	0.00276656	0.00218228	0.00110224	0.00024461	0.00274265	0.00269035	0.00203183	0.00601539	0.00507811	0.00200195	0.00615077	0.00585080	0.00307972	0.00407967	0.00280332	0.00203608
3.44000000	0.00224200	0.00433429	0.00327877	0.00249097	0.00276913	0.00728666	0.00860685	0.00645945	0.00174477	0.00330848	0.00170219	0.00279766	0.00162349	0.00112200	0.00054900	0.00310525	0.00209624	0.00214910	0.00603853	0.00514277	0.00183032	0.00621050	0.00580345	0.00298234	0.00397101	0.00276612	0.00189147
3.45000000	0.00212526	0.00438600	0.00318631	0.00255799	0.00275615	0.00743754	0.00849393	0.00608367	0.00170390	0.00336804	0.00194611	0.00266263	0.00202278	0.00092182	0.00053447	0.00307291	0.00241479	0.00207130	0.00601763	0.00521401	0.00180188	0.00612724	0.00584598	0.00284008	0.00398500	0.00272517	0.00180255
3.46000000	0.00207577	0.00444543	0.00316157	0.00263598	0.00279313	0.00753805	0.00838948	0.00564290	0.00161919	0.00342719	0.00213569	0.00248238	0.00217541	0.00085360	0.00056646	0.00322635	0.00250641	0.00207723	0.00600474	0.00525292	0.00171678	0.00610901	0.00589322	0.00283643	0.00397010	0.00262410	0.00174331
3.47000000	0.00211875	0.00440518	0.00303204	0.00259443	0.00271223	0.00787075	0.00798514	0.00570931	0.00175069	0.00363156	0.00241790	0.00234599	0.00245312	0.00083583	0.00059100	0.00321179	0.00289585	0.00205340	0.00597131	0.00533463	0.00178288	0.00598292	0.00588901	0.00269616	0.00386613	0.00257926	0.00191753
3.48000000	0.00241096	0.00470316	0.00305630	0.00235453	0.00260944	0.00752313	0.00755291	0.00456128	0.00172254	0.00369491	0.00162573	0.00277752	0.00188178	0.00080355	0.00078662	0.00341747	0.00241017	0.00205705	0.00602729	0.00549475	0.00174138	0.00606872	0.00595404	0.00268097	0.00373404	0.00247429	0.00196471
3.49000000	0.00237604	0.00471218	0.00296144	0.00246653	0.00261640	0.00756559	0.00741258	0.00445300	0.00166368	0.00362048	0.00174172	0.00272155	0.00194252	0.00071283	0.00085841	0.00352065	0.00242883	0.00202639	0.00596277	0.00554639	0.00167041	0.00601059	0.00596224	0.00266546	0.00367314	0.00239752	0.00186431
3.50000000	0.00240097	0.00467484	0.00289444	0.00250224	0.00260530	0.00761792	0.00709107	0.00455123	0.00174578	0.00374942	0.00199193	0.00259396	0.00225178	0.00067208	0.00087583	0.00343196	0.00275155	0.00201217	0.00590544	0.00557842	0.00158281	0.00591508	0.00590634	0.00253533	0.00365846	0.00246233	0.00174479
3.51000000	0.00243006	0.00485184	0.00278211	0.00248058	0.00253901	0.00760243	0.00717588	0.00440070	0.00154398	0.00355688	0.00174242	0.00271511	0.00214047	0.00061471	0.00097678	0.00350144	0.00240020	0.00194554	0.00586776	0.00566493	0.00151711	0.00580073	0.00588262	0.00250926	0.00351941	0.00237814	0.00176750
3.52000000	0.00253670	0.00471713	0.00274491	0.00249452	0.00254118	0.00759503	0.00692373	0.00463220	0.00164888	0.00364589	0.00205047	0.00264972	0.00226482	0.00059426	0.00092023	0.00358225	0.00257885	0.00204406	0.00574512	0.00557013	0.00144858	0.00565883	0.00580847	0.00243680	0.00343607	0.00240606	0.00180084
3.53000000	0.00237359	0.00485158	0.00273367	0.00222258	0.00239333	0.00742295	0.00705478	0.00434120	0.00152244	0.00362281	0.00180600	0.00272759	0.00193224	0.00057908	0.00098320	0.00366189	0.00247922	0.00192733	0.00562400	0.00566310	0.00144413	0.00554976	0.00580609	0.00242623	0.00327154	0.00221602	0.00168105
3.54000000	0.00249359	0.00474711	0.00270360	0.00229495	0.00241509	0.00730276	0.00683259	0.00450285	0.00154878	0.00366646	0.00199552	0.00261187	0.00208116	0.00055882	0.00090009	0.00361376	0.00281132	0.00193009	0.00548209	0.00565156	0.00128813	0.00542789	0.00570408	0.00230972	0.00314431	0.00228168	0.00161704
3.55000000	0.00254804	0.00478281	0.00261083	0.00227085	0.00235484	0.00710948	0.00656869	0.00471203	0.00154729	0.00367900	0.00207443	0.00255895	0.00231782	0.00049252	0.00092743	0.00342300	0.00299781	0.00191898	0.00533981	0.00562491	0.00123598	0.00532424	0.00572488	0.00253551	0.00310484	0.00195435	0.00135033
3.56000000	0.00256325	0.00491784	0.00243330	0.00200093	0.00212388	0.00702923	0.00686223	0.00460277	0.00126785	0.00334975	0.00196000	0.00263359	0.00215759	0.00064704	0.00096834	0.00358446	0.00232856	0.00184859	0.00522946	0.00562955	0.00122752	0.00505819	0.00560362	0.00229087	0.00286261	0.00202487	0.00149340
3.57000000	0.00262895	0.00483346	0.00235262	0.00193566	0.00204989	0.00682947	0.00662092	0.00478620	0.00130217	0.00344481	0.00205488	0.00258996	0.00228351	0.00063257	0.00089113	0.00349885	0.00255198	0.00185605	0.00506644	0.00559098	0.00113975	0.00489144	0.00552455	0.00227220	0.00274761	0.00195967	0.00133493
3.58000000	0.00261596	0.00486505	0.00221521	0.00170332	0.00186162	0.00664162	0.00676342	0.00465099	0.00120757	0.00332868	0.00202008	0.00262318	0.00222374	0.00074693	0.00087863	0.00355957	0.00228832	0.00181322	0.00492352	0.00554158	0.00109764	0.00464898	0.00542633	0.00221506	0.00255877	0.00191196	0.00137257
3.59000000	0.00277697	0.00469726	0.00215951	0.00175803	0.00185170	0.00649129	0.00649168	0.00463956	0.00132843	0.00349632	0.00208971	0.00263084	0.00229140	0.00078649	0.00076365	0.00349759	0.00266944	0.00181927	0.00470148	0.00553334	0.00091943	0.00447760	0.00529432	0.00215294	0.00235664	0.00193200	0.00124759
3.60000000	0.00284132	0.00461258	0.00207702	0.00165534	0.00175771	0.00624981	0.00612275	0.00475957	0.00135582	0.00375302	0.00213978	0.00261497	0.00248038	0.00077915	0.00069197	0.00340530	0.00288711	0.00192404	0.00448433	0.00534189	0.00089983	0.00430974	0.00527945	0.00245136	0.00235264	0.00160410	0.00091022
3.61000000	0.00275073	0.00476695	0.00182539	0.00122327	0.00140573	0.00597422	0.00636475	0.00455141	0.00126722	0.00349287	0.00218500	0.00272559	0.00233353	0.00105619	0.00080458	0.00346173	0.00219515	0.00179470	0.00438750	0.00532880	0.00087131	0.00393287	0.00511133	0.00213719	0.00203440	0.00179846	0.00111447
3.62000000	0.00287011	0.00452238	0.00171012	0.00127296	0.00135919	0.00595480	0.00606118	0.00442854	0.00135676	0.00378374	0.00217033	0.00276152	0.00229901	0.00111668	0.00061390	0.00349651	0.00260072	0.00190158	0.00412670	0.00519662	0.00073020	0.00370738	0.00495158	0.00210809	0.00185380	0.00188495	0.00112266
3.63000000	0.00243347	0.00446119	0.00159140	0.00092273	0.00115159	0.00536116	0.00642827	0.00452635	0.00164003	0.00353160	0.00183274	0.00277436	0.00223889	0.00114230	0.00065613	0.00357091	0.00227600	0.00190839	0.00390745	0.00502340	0.00070276	0.00334954	0.00481243	0.00229853	0.00157438	0.00157666	0.00085945
3.64000000	0.00250008	0.00428529	0.00142133	0.00093471	0.00103537	0.00524346	0.00588539	0.00467302	0.00159583	0.00393732	0.00168852	0.00285310	0.00229894	0.00116614	0.00057804	0.00350183	0.00266015	0.00189920	0.00361978	0.00490301	0.00065074	0.00310974	0.00474271	0.00236871	0.00135569	0.00140517	0.00065675
3.65000000	0.00254280	0.00429655	0.00123503	0.00068538	0.00080233	0.00504203	0.00579795	0.00473322	0.00150909	0.00368286	0.00189780	0.00292327	0.00230517	0.00134524	0.00070294	0.00344533	0.00242627	0.00200463	0.00345808	0.00470042	0.00066458	0.00276186	0.00457571	0.00220971	0.00123652	0.00160691	0.00054420
3.66000000	0.00249591	0.00414415	0.00113893	0.00052782	0.00063709	0.00488184	0.00573552	0.00476434	0.00160870	0.00346686	0.00201862	0.00297735	0.00228735	0.00145457	0.00071853	0.00351180	0.00226170	0.00197832	0.00319891	0.00461361	0.00060012	0.00247192	0.00442808	0.00222277	0.00092971	0.00143833	0.00044083
3.67000000	0.00245487	0.00399929	0.00098606	0.00055877	0.00052246	0.00496777	0.00515185	0.00523313	0.00154324	0.00369130	0.00165934	0.00309785	0.00222256	0.00152940	0.00071957	0.00345165	0.00253465	0.00209518	0.00292484	0.00442856	0.00061535	0.00221733	0.00430699	0.00235900	0.00083842	0.00125818	0.00034675
3.68000000	0.00243281	0.00390454	0.00095177	0.00048976	0.00044682	0.00494705	0.00532135	0.00536843	0.00166006	0.00309703	0.00185254	0.00308200	0.00220347	0.00172425	0.00083538	0.00345815	0.00235461	0.00217597	0.00268258	0.00424439	0.00063046	0.00187410	0.00412126	0.00231967	0.00061316	0.00125774	0.00031839
3.69000000	0.00233092	0.00368619	0.00087741	0.00057607	0.00038614	0.00502265	0.00521431	0.00578134	0.00179900	0.00276684	0.00180634	0.00313155	0.00218860	0.00183699	0.00090221	0.00345606	0.00231994	0.00217665	0.00243381	0.00412504	0.00064192	0.00158733	0.00395483	0.00226970	0.00043496	0.00113802	0.00035321
3.70000000	0.00227929	0.00347368	0.00081050	0.00072713	0.00040462	0.00520116	0.00506863	0.00627853	0.00188896	0.00250257	0.00166248	0.00314197	0.00217702	0.00195637	0.00098002	0.00346640	0.00231649	0.00224475	0.00215613	0.00393969	0.00071537	0.00129592	0.00378655	0.00229860	0.00044824	0.00095336	0.00041817
3.71000000	0.00217054	0.00332237	0.00071198	0.00080944	0.00040526	0.00562798	0.00466724	0.00689523	0.00208316	0.00222860	0.00135955	0.00317640	0.00208841	0.00210280	0.00107426	0.00343376	0.00243354	0.00242309	0.00185952	0.00372287	0.00086426	0.00101738	0.00361369	0.00241344	0.00059818	0.00074465	0.00066720
3.72000000	0.00242031	0.00302233	0.00076456	0.00115443	0.00065144	0.00552694	0.00474808	0.00730105	0.00228331	0.00187943	0.00160279	0.00313898	0.00218684	0.00221249	0.00120317	0.00345241	0.00230023	0.00236771	0.00164093	0.00359182	0.00086051	0.00075869	0.00341360	0.00222227	0.00077409	0.00074146	0.00065296
3.73000000	0.00246292	0.00277398	0.00069685	0.00133796	0.00075008	0.00580431	0.00455349	0.00767134	0.00254410	0.00154714	0.00147607	0.00308105	0.00218979	0.00231366	0.00131079	0.00347572	0.00228250	0.00243764	0.00138164	0.00339181	0.00096183	0.00053491	0.00325343	0.00223124	0.00099488	0.00046703	0.00082062
3.74000000	0.00230128	0.00260941	0.00062736	0.00139396	0.00079768	0.00620665	0.00404428	0.00798543	0.00279950	0.00134789	0.00149565	0.00301642	0.00209080	0.00244412	0.00142146	0.00343204	0.00245345	0.00262654	0.00112703	0.00321520	0.00112239	0.00035528	0.00306472	0.00233185	0.00118314	0.00028488	0.00110269
3.75000000	0.00268810	0.00229810	0.00068237	0.00172838	0.00103450	0.00592614	0.00394831	0.00803807	0.00299013	0.00150034	0.00163338	0.00295521	0.00223085	0.00243093	0.00158933	0.00347659	0.00227726	0.00256710	0.00097682	0.00303641	0.00112340	0.00043139	0.00291447	0.00220967	0.00144278	0.00013645	0.00114149
3.76000000	0.00239661	0.00226313	0.00077665	0.00185066	0.00123106	0.00571032	0.00264858	0.00873495	0.00300345	0.00165980	0.00237152	0.00264768	0.00197023	0.00264411	0.00167072	0.00336876	0.00270076	0.00278428	0.00081057	0.00282732	0.00121650	0.00062517	0.00269615	0.00233524	0.00160139	0.00015419	0.00132947
3.77000000	0.00283994	0.00177227	0.00065635	0.00202073	0.00125657	0.00569580	0.00319453	0.00757878	0.00343806	0.00184547	0.00179874	0.00267241	0.00224647	0.00242149	0.00183600	0.00357533	0.00236341	0.00272704	0.00075498	0.00268455	0.00128576	0.00079535	0.00253647	0.00231712	0.00194506	0.00021085	0.00147772
3.78000000	0.00264081	0.00170873	0.00079672	0.00208924	0.00138573	0.00540984	0.00225207	0.00740142	0.00360201	0.00165580	0.00235247	0.00255522	0.00203137	0.00250266	0.00205515	0.00327169	0.00274080	0.00287288	0.00069248	0.00250671	0.00139105	0.00096384	0.00242696	0.00241254	0.00200450	0.00050996	0.00171292
3.79000000	0.00295181	0.00125555	0.00076458	0.00225325	0.00146331	0.00484006	0.00191979	0.00671057	0.00367683	0.00205636	0.00228174	0.00225525	0.00205046	0.00241085	0.00212670	0.00355344	0.00267217	0.00297384	0.00073338	0.00233113	0.00148264	0.00117255	0.00220475	0.00249199	0.00220676	0.00077428	0.00183150
3.80000000	0.00311643	0.00083255	0.00081450	0.00243499	0.00158800	0.00429799	0.00146015	0.00602329	0.00370433	0.00236829	0.00214231	0.00212957	0.00223312	0.00215156	0.00226157	0.00374355	0.00250980	0.00297325	0.00085940	0.00219110	0.00149586	0.00134338	0.00210141	0.00257048	0.00236069	0.00092117	0.00190751
3.81000000	0.00303611	0.00087356	0.00103754	0.00250667	0.00173994	0.00396984	0.00092470	0.00522455	0.00392291	0.00224039	0.00267517	0.00191074	0.00189339	0.00222534	0.00254790	0.00347408	0.00274444	0.00313055	0.00095778	0.00199397	0.00156196	0.00155799	0.00201811	0.00274440	0.00246875	0.00117122	0.00205102
3.82000000	0.00307952	0.00042354	0.00096159	0.00260002	0.00175940	0.00370781	0.00038163	0.00461985	0.00379169	0.00249199	0.00198949	0.00172944	0.00246194	0.00167335	0.00256494	0.00405645	0.00242048	0.00320868	0.00102542	0.00189570	0.00161282	0.00168746	0.00189830	0.00289091	0.00261092	0.00135775	0.00198082
3.83000000	0.00324034	0.00029018	0.00113506	0.00274334	0.00190590	0.00325538	0.00033819	0.00412061	0.00387645	0.00235613	0.00227554	0.00154547	0.00200462	0.00180674	0.00278353	0.00387760	0.00267470	0.00318550	0.00125779	0.00171854	0.00159030	0.00189610	0.00184555	0.00289535	0.00280413	0.00170171	0.00209900
3.84000000	0.00322642	0.00070253	0.00114568	0.00282744	0.00194186	0.00300325	0.00070776	0.00364219	0.00388988	0.00272261	0.00188021	0.00156861	0.00224153	0.00146928	0.00291495	0.00408500	0.00258885	0.00331193	0.00122503	0.00168035	0.00165576	0.00191956	0.00178349	0.00310723	0.00274485	0.00178950	0.00218065
3.85000000	0.00333298	0.00067056	0.00130420	0.00292289	0.00206638	0.00276648	0.00109843	0.00341616	0.00397461	0.00254280	0.00229726	0.00145350	0.00167894	0.00168253	0.00312741	0.00395067	0.00281364	0.00341635	0.00134702	0.00157445	0.00167356	0.00214171	0.00173355	0.00333636	0.00285932	0.00181256	0.00221195
3.86000000	0.00360688	0.00105242	0.00134203	0.00307075	0.00214805	0.00257511	0.00141718	0.00337347	0.00388868	0.00255615	0.00223420	0.00132954	0.00141641	0.00175865	0.00323453	0.00409319	0.00293755	0.00349320	0.00144547	0.00146623	0.00167639	0.00229038	0.00167643	0.00343381	0.00292613	0.00197307	0.00220451
3.87000000	0.00367214	0.00169897	0.00130149	0.00315446	0.00215183	0.00258696	0.00141091	0.00326075	0.00395628	0.00288984	0.00174981	0.00144886	0.00176878	0.00145251	0.00336928	0.00433426	0.00271050	0.00354066	0.00146801	0.00141284	0.00168626	0.00229041	0.00164236	0.00352877	0.00294734	0.00207214	0.00222831
3.88000000	0.00360025	0.00154310	0.00154503	0.00317964	0.00228132	0.00271282	0.00169642	0.00333678	0.00418958	0.00273863	0.00227491	0.00181471	0.00112468	0.00174684	0.00359564	0.00412349	0.00287254	0.00370949	0.00152784	0.00138479	0.00170075	0.00244760	0.00170353	0.00367313	0.00298595	0.00219847	0.00220666
3.89000000	0.00397068	0.00214020	0.00151052	0.00332023	0.00231146	0.00247700	0.00183984	0.00347483	0.00405619	0.00283241	0.00208833	0.00170739	0.00096375	0.00191261	0.00363305	0.00433248	0.00305320	0.00367818	0.00160830	0.00140137	0.00167510	0.00255564	0.00166948	0.00382237	0.00302415	0.00209316	0.00223116
3.90000000	0.00404750	0.00284779	0.00146755	0.00337378	0.00229180	0.00257411	0.00155666	0.00332217	0.00415841	0.00314799	0.00153599	0.00188272	0.00129821	0.00173384	0.00377459	0.00446239	0.00293320	0.00368506	0.00165867	0.00137749	0.00165463	0.00254470	0.00171474	0.00388384	0.00304307	0.00218131	0.00223292
3.91000000	0.00401708	0.00279608	0.00169929	0.00340263	0.00242350	0.00252069	0.00179361	0.00333800	0.00425986	0.00304179	0.00210893	0.00233227	0.00078403	0.00203420	0.00388102	0.00441550	0.00295654	0.00387472	0.00165422	0.00144730	0.00165331	0.00269474	0.00174907	0.00413753	0.00301047	0.00216219	0.00217158
3.92000000	0.00395273	0.00253273	0.00204383	0.00345196	0.00261075	0.00190972	0.00225783	0.00355068	0.00445613	0.00305152	0.00304765	0.00295395	0.00134275	0.00226511	0.00395859	0.00440849	0.00292713	0.00397933	0.00164798	0.00154752	0.00164401	0.00277209	0.00182470	0.00413575	0.00299850	0.00258518	0.00207407
3.93000000	0.00397525	0.00428353	0.00165921	0.00334300	0.00230098	0.00257656	0.00203789	0.00282969	0.00426323	0.00296999	0.00142667	0.00201366	0.00130101	0.00193810	0.00400595	0.00477625	0.00256072	0.00381557	0.00181061	0.00153930	0.00165957	0.00263669	0.00190415	0.00438586	0.00306743	0.00232906	0.00219998
3.94000000	0.00392268	0.00449006	0.00175231	0.00339013	0.00238934	0.00228879	0.00211136	0.00255564	0.00438909	0.00315698	0.00126675	0.00212328	0.00109511	0.00226651	0.00421516	0.00439240	0.00290686	0.00396090	0.00172217	0.00164606	0.00163368	0.00271493	0.00192915	0.00459289	0.00294908	0.00257758	0.00206088
3.95000000	0.00396372	0.00436176	0.00208998	0.00348842	0.00261487	0.00206099	0.00233873	0.00235613	0.00442934	0.00316491	0.00198403	0.00274747	0.00095265	0.00244007	0.00408085	0.00458446	0.00276683	0.00405146	0.00171789	0.00179205	0.00158024	0.00284823	0.00191518	0.00484067	0.00291278	0.00280363	0.00193202
3.96000000	0.00406263	0.00432705	0.00237886	0.00357165	0.00280631	0.00212872	0.00249265	0.00216166	0.00446643	0.00329585	0.00250289	0.00329549	0.00170512	0.00262201	0.00397553	0.00472183	0.00273066	0.00411032	0.00176515	0.00198169	0.00154496	0.00299576	0.00191981	0.00509846	0.00291520	0.00310356	0.00184490
3.97000000	0.00338325	0.00571572	0.00199333	0.00326517	0.00244083	0.00240945	0.00335594	0.00169424	0.00433435	0.00285420	0.00119501	0.00214866	0.00114795	0.00240815	0.00427769	0.00450882	0.00228398	0.00409627	0.00174513	0.00198882	0.00164237	0.00274069	0.00206614	0.00532640	0.00281815	0.00352697	0.00184874
3.98000000	0.00357145	0.00547527	0.00231258	0.00336710	0.00265797	0.00254995	0.00344710	0.00173615	0.00431845	0.00297130	0.00182020	0.00287170	0.00135674	0.00250739	0.00400854	0.00478154	0.00210364	0.00410603	0.00186394	0.00221357	0.00163396	0.00289328	0.00204746	0.00562140	0.00285260	0.00391427	0.00180480
3.99000000	0.00345154	0.00571577	0.00238515	0.00336119	0.00270490	0.00304337	0.00340223	0.00208027	0.00456061	0.00308145	0.00167410	0.00279258	0.00084471	0.00277931	0.00448237	0.00389951	0.00290259	0.00414213	0.00185123	0.00238486	0.00164929	0.00297682	0.00203039	0.00588579	0.00274629	0.00439582	0.00172121
4.00000000	0.00311664	0.00650697	0.00225838	0.00312165	0.00251241	0.00316500	0.00390056	0.00228932	0.00444261	0.00283381	0.00133205	0.00229230	0.00097480	0.00259814	0.00438228	0.00398045	0.00285277	0.00411095	0.00197977	0.00256732	0.00175393	0.00289755	0.00219740	0.00614137	0.00282193	0.00480159	0.00178764
4.01000000	0.00307167	0.00645416	0.00240045	0.00318397	0.00263268	0.00352674	0.00423058	0.00270157	0.00446516	0.00279514	0.00146585	0.00243188	0.00108340	0.00265219	0.00440274	0.00383269	0.00262361	0.00405458	0.00203463	0.00276379	0.00173757	0.00297618	0.00210204	0.00635133	0.00278080	0.00514419	0.00168224
4.02000000	0.00309951	0.00624917	0.00256614	0.00324907	0.00275978	0.00402931	0.00440158	0.00311496	0.00445893	0.00284800	0.00169873	0.00292046	0.00136844	0.00271862	0.00444325	0.00360537	0.00243464	0.00403039	0.00209091	0.00292116	0.00176493	0.00308717	0.00205506	0.00641418	0.00270529	0.00548600	0.00156067
4.03000000	0.00306292	0.00627027	0.00266167	0.00326820	0.00282462	0.00442554	0.00456406	0.00348041	0.00451919	0.00279187	0.00180576	0.00295646	0.00160755	0.00272829	0.00449263	0.00337207	0.00248520	0.00388840	0.00221935	0.00309065	0.00177029	0.00315417	0.00203421	0.00641275	0.00270547	0.00557208	0.00154989
4.04000000	0.00255588	0.00692554	0.00235209	0.00296296	0.00250780	0.00416042	0.00535523	0.00382445	0.00433361	0.00242535	0.00131586	0.00210868	0.00154757	0.00261767	0.00436301	0.00330109	0.00203180	0.00376974	0.00239237	0.00316333	0.00192271	0.00297281	0.00215496	0.00626869	0.00276189	0.00552355	0.00160419
4.05000000	0.00269012	0.00656208	0.00259621	0.00309941	0.00270690	0.00456876	0.00535207	0.00415306	0.00442263	0.00242742	0.00150929	0.00228451	0.00215718	0.00263024	0.00439277	0.00307341	0.00199355	0.00353083	0.00254448	0.00332465	0.00187359	0.00313954	0.00210977	0.00598506	0.00279597	0.00521851	0.00155121
4.06000000	0.00272978	0.00640930	0.00270549	0.00312937	0.00278121	0.00492112	0.00537997	0.00442027	0.00446834	0.00239555	0.00163226	0.00233353	0.00260592	0.00267283	0.00439910	0.00283765	0.00195098	0.00331380	0.00272641	0.00344066	0.00187239	0.00324116	0.00211768	0.00547713	0.00282887	0.00485041	0.00154190
4.07000000	0.00259838	0.00695205	0.00249862	0.00286884	0.00254064	0.00500262	0.00555708	0.00449344	0.00435609	0.00221235	0.00152443	0.00187871	0.00270049	0.00274180	0.00424514	0.00265607	0.00203459	0.00318489	0.00298006	0.00362135	0.00201280	0.00325398	0.00218449	0.00486001	0.00288303	0.00435070	0.00162468
4.08000000	0.00255722	0.00701454	0.00246947	0.00279949	0.00249998	0.00520484	0.00575576	0.00461929	0.00431921	0.00209663	0.00151412	0.00162821	0.00309202	0.00291458	0.00417216	0.00249262	0.00174157	0.00299278	0.00316288	0.00372718	0.00203754	0.00332270	0.00221809	0.00417126	0.00289909	0.00368465	0.00158275
4.09000000	0.00272082	0.00633744	0.00277867	0.00299865	0.00276296	0.00560416	0.00578534	0.00486566	0.00442757	0.00210190	0.00166173	0.00164963	0.00387568	0.00305917	0.00415551	0.00236366	0.00126149	0.00271464	0.00329431	0.00382598	0.00194098	0.00348863	0.00214410	0.00340676	0.00287625	0.00293237	0.00144759
4.10000000	0.00267723	0.00682201	0.00255695	0.00274007	0.00251941	0.00566695	0.00588505	0.00493807	0.00433752	0.00190402	0.00157683	0.00125776	0.00403748	0.00343968	0.00393387	0.00215730	0.00158830	0.00248564	0.00361197	0.00390418	0.00202669	0.00351692	0.00227875	0.00253241	0.00297574	0.00226578	0.00159403
4.11000000	0.00297403	0.00593641	0.00301635	0.00296711	0.00286736	0.00598028	0.00595315	0.00519255	0.00443065	0.00190367	0.00175535	0.00135121	0.00487233	0.00358389	0.00386085	0.00221999	0.00095949	0.00217403	0.00376888	0.00398615	0.00189503	0.00370832	0.00220879	0.00180176	0.00297069	0.00141527	0.00144682
4.12000000	0.00294499	0.00664754	0.00261735	0.00256588	0.00246836	0.00588940	0.00606155	0.00525268	0.00427652	0.00163311	0.00163406	0.00113527	0.00493914	0.00419609	0.00354774	0.00216512	0.00144463	0.00203994	0.00414364	0.00408109	0.00203819	0.00375811	0.00243972	0.00111967	0.00310009	0.00065248	0.00165640
4.13000000	0.00302356	0.00623646	0.00276375	0.00261316	0.00256120	0.00617242	0.00610635	0.00547730	0.00436403	0.00163371	0.00155292	0.00117845	0.00544510	0.00449992	0.00335527	0.00220913	0.00147115	0.00172378	0.00440668	0.00409132	0.00197893	0.00388281	0.00252286	0.00026310	0.00314962	0.00020044	0.00169637
4.14000000	0.00342497	0.00526674	0.00334493	0.00269655	0.00289792	0.00642878	0.00641971	0.00560574	0.00449939	0.00169141	0.00185281	0.00132500	0.00623719	0.00458729	0.00315878	0.00243728	0.00140749	0.00159597	0.00451827	0.00417192	0.00185240	0.00399495	0.00245118	0.00028674	0.00311368	0.00061510	0.00155875
4.15000000	0.00342937	0.00548318	0.00313545	0.00251834	0.00270025	0.00655159	0.00638462	0.00580651	0.00448593	0.00168532	0.00155731	0.00159097	0.00631559	0.00512529	0.00296694	0.00250451	0.00144197	0.00145640	0.00487161	0.00422064	0.00186373	0.00413042	0.00259990	0.00097830	0.00323878	0.00094317	0.00172542
4.16000000	0.00355856	0.00557775	0.00305281	0.00235607	0.00257656	0.00659283	0.00651184	0.00593693	0.00443548	0.00157430	0.00148090	0.00171880	0.00658531	0.00561523	0.00267453	0.00268976	0.00141190	0.00137866	0.00515752	0.00421621	0.00187176	0.00421004	0.00278330	0.00137711	0.00333392	0.00134819	0.00179489
4.17000000	0.00358917	0.00589541	0.00284483	0.00212641	0.00236879	0.00640109	0.00681601	0.00598381	0.00434255	0.00130280	0.00154182	0.00137207	0.00675619	0.00647116	0.00233241	0.00301697	0.00111922	0.00145101	0.00540934	0.00427621	0.00191840	0.00427938	0.00294529	0.00165238	0.00342005	0.00167886	0.00178154
4.18000000	0.00382571	0.00559419	0.00298352	0.00204848	0.00239117	0.00645334	0.00698885	0.00614405	0.00436309	0.00127752	0.00152441	0.00143621	0.00715714	0.00679615	0.00218053	0.00302867	0.00089077	0.00150166	0.00563037	0.00431952	0.00188769	0.00437423	0.00303875	0.00186271	0.00346108	0.00189505	0.00180863
4.19000000	0.00403128	0.00485098	0.00335290	0.00205044	0.00256350	0.00661040	0.00713542	0.00641357	0.00449395	0.00147381	0.00146634	0.00193420	0.00767805	0.00682401	0.00213855	0.00292427	0.00077689	0.00156306	0.00583687	0.00434032	0.00179769	0.00450875	0.00310691	0.00211146	0.00351038	0.00190781	0.00178986
4.20000000	0.00414992	0.00453528	0.00349128	0.00197943	0.00258213	0.00678556	0.00729131	0.00656412	0.00456281	0.00158153	0.00136654	0.00244233	0.00798258	0.00712900	0.00217689	0.00300643	0.00058424	0.00174728	0.00605491	0.00429822	0.00176541	0.00459768	0.00322595	0.00220464	0.00356620	0.00195555	0.00185964
4.21000000	0.00437380	0.00483362	0.00333491	0.00180718	0.00240629	0.00661278	0.00731257	0.00666028	0.00451621	0.00146743	0.00133491	0.00253209	0.00818681	0.00790714	0.00227061	0.00308926	0.00039591	0.00179580	0.00625643	0.00439963	0.00179280	0.00462933	0.00334863	0.00219154	0.00359848	0.00196771	0.00194153
4.22000000	0.00477916	0.00346000	0.00401329	0.00154805	0.00260674	0.00669980	0.00798400	0.00663118	0.00459355	0.00147417	0.00224090	0.00268757	0.00924464	0.00790109	0.00223456	0.00264997	0.00142875	0.00191521	0.00647197	0.00448156	0.00187767	0.00465675	0.00348573	0.00191852	0.00367354	0.00223627	0.00207637
4.23000000	0.00509845	0.00262542	0.00468255	0.00172595	0.00303276	0.00686114	0.00831504	0.00673656	0.00476012	0.00168835	0.00270064	0.00353231	0.00974944	0.00805196	0.00242706	0.00293928	0.00242100	0.00202017	0.00640925	0.00460303	0.00183354	0.00467619	0.00341437	0.00180895	0.00357261	0.00224528	0.00170380
4.24000000	0.00474606	0.00460956	0.00339112	0.00155825	0.00223998	0.00642868	0.00778383	0.00676659	0.00454948	0.00134882	0.00140365	0.00316265	0.00910121	0.01012432	0.00253709	0.00346019	0.00102213	0.00222715	0.00671067	0.00450746	0.00183610	0.00475474	0.00360640	0.00203498	0.00371943	0.00190084	0.00197658
4.25000000	0.00503258	0.00346233	0.00395466	0.00161511	0.00254724	0.00643990	0.00804093	0.00690055	0.00462722	0.00150699	0.00192396	0.00358544	0.00966760	0.01060396	0.00274086	0.00361035	0.00138213	0.00224807	0.00675173	0.00474591	0.00179603	0.00477068	0.00348424	0.00201483	0.00372408	0.00181878	0.00180356
4.26000000	0.00504870	0.00308614	0.00408572	0.00168269	0.00265144	0.00662546	0.00790657	0.00712809	0.00464834	0.00155425	0.00165598	0.00434678	0.00978226	0.01132119	0.00297502	0.00374197	0.00138049	0.00229005	0.00690689	0.00468045	0.00172420	0.00480396	0.00359631	0.00191258	0.00378797	0.00191239	0.00200251
4.27000000	0.00507106	0.00383765	0.00366421	0.00153986	0.00230385	0.00646309	0.00798117	0.00687426	0.00454996	0.00138864	0.00137301	0.00430569	0.00988149	0.01265801	0.00295755	0.00399914	0.00080462	0.00239509	0.00699264	0.00476282	0.00188918	0.00477042	0.00369933	0.00191383	0.00377938	0.00177921	0.00202240
4.28000000	0.00515646	0.00337035	0.00388541	0.00169867	0.00250608	0.00655382	0.00784336	0.00712182	0.00454825	0.00148554	0.00142039	0.00459608	0.00993974	0.01350968	0.00314278	0.00429862	0.00070093	0.00249428	0.00699601	0.00482260	0.00186428	0.00480197	0.00364834	0.00197425	0.00376668	0.00170988	0.00191597
4.29000000	0.00531245	0.00329720	0.00390188	0.00169087	0.00250750	0.00658565	0.00773993	0.00716490	0.00449641	0.00139263	0.00137787	0.00495053	0.01003185	0.01429903	0.00315743	0.00445704	0.00059879	0.00250963	0.00703937	0.00491234	0.00190120	0.00481162	0.00367204	0.00189888	0.00376791	0.00179774	0.00192478
4.30000000	0.00539131	0.00326079	0.00391244	0.00168521	0.00250501	0.00660397	0.00767000	0.00719890	0.00447181	0.00138697	0.00139800	0.00502631	0.01000875	0.01505157	0.00313108	0.00473401	0.00055310	0.00253137	0.00705716	0.00501251	0.00191149	0.00480873	0.00363188	0.00196235	0.00376198	0.00176789	0.00192611
4.31000000	0.00538572	0.00332501	0.00385530	0.00168756	0.00245832	0.00665451	0.00762832	0.00719175	0.00445708	0.00132813	0.00140778	0.00512637	0.00994405	0.01562134	0.00316763	0.00477699	0.00060986	0.00251950	0.00704738	0.00512743	0.00200373	0.00477504	0.00363854	0.00194248	0.00371879	0.00180594	0.00193039
4.32000000	0.00532680	0.00343120	0.00376637	0.00174541	0.00242920	0.00673375	0.00751260	0.00723427	0.00442697	0.00134213	0.00140081	0.00501149	0.00985306	0.01601364	0.00308106	0.00475911	0.00085603	0.00248348	0.00704533	0.00523981	0.00205790	0.00474827	0.00362466	0.00205026	0.00369295	0.00174081	0.00196916
4.33000000	0.00526020	0.00368604	0.00367298	0.00172996	0.00236423	0.00674182	0.00742273	0.00722888	0.00443693	0.00133786	0.00138723	0.00501559	0.00959936	0.01606168	0.00311730	0.00476447	0.00130204	0.00244113	0.00700640	0.00532615	0.00210710	0.00473850	0.00362896	0.00200115	0.00366285	0.00186216	0.00191726
4.34000000	0.00528700	0.00328521	0.00389704	0.00142074	0.00231950	0.00670709	0.00791325	0.00705735	0.00444042	0.00142885	0.00139103	0.00546566	0.00947175	0.01535616	0.00314428	0.00421197	0.00033699	0.00242709	0.00694615	0.00544302	0.00219601	0.00465522	0.00358121	0.00202812	0.00358519	0.00186682	0.00194804
4.35000000	0.00528552	0.00348474	0.00383176	0.00159329	0.00236939	0.00669889	0.00778137	0.00712012	0.00437314	0.00162701	0.00148772	0.00459756	0.00934531	0.01518601	0.00279306	0.00418381	0.00112937	0.00235047	0.00686136	0.00560536	0.00217403	0.00466513	0.00346622	0.00190813	0.00345572	0.00207222	0.00202805
4.36000000	0.00502903	0.00356775	0.00375753	0.00131971	0.00217553	0.00669756	0.00792164	0.00698240	0.00447063	0.00148965	0.00148403	0.00518007	0.00901875	0.01390967	0.00292348	0.00355819	0.00024951	0.00227505	0.00687559	0.00565124	0.00226584	0.00461844	0.00355415	0.00210707	0.00354136	0.00191357	0.00194289
4.37000000	0.00486408	0.00357619	0.00376991	0.00128729	0.00217285	0.00673684	0.00787189	0.00704875	0.00452371	0.00160428	0.00149086	0.00503862	0.00860338	0.01288143	0.00292255	0.00322927	0.00024516	0.00229382	0.00680146	0.00569499	0.00229016	0.00461729	0.00351689	0.00216420	0.00348721	0.00191520	0.00192260
4.38000000	0.00470344	0.00405791	0.00360304	0.00142756	0.00213833	0.00677890	0.00762414	0.00704420	0.00458519	0.00169146	0.00153119	0.00475929	0.00827375	0.01203702	0.00274481	0.00301179	0.00122842	0.00217165	0.00672473	0.00579602	0.00227013	0.00464254	0.00349347	0.00210666	0.00339119	0.00204739	0.00195856
4.39000000	0.00442259	0.00445756	0.00343113	0.00140857	0.00200600	0.00679850	0.00758752	0.00699329	0.00467875	0.00181376	0.00153529	0.00486242	0.00787313	0.01094481	0.00270534	0.00280077	0.00128251	0.00219156	0.00668092	0.00582785	0.00227078	0.00462187	0.00345161	0.00225365	0.00341355	0.00193287	0.00191324
4.40000000	0.00432868	0.00488388	0.00343653	0.00147373	0.00207788	0.00678341	0.00773650	0.00691194	0.00463474	0.00201109	0.00175949	0.00503467	0.00719295	0.01010733	0.00306767	0.00348248	0.00223742	0.00225745	0.00646301	0.00579421	0.00219090	0.00465066	0.00335405	0.00221608	0.00317041	0.00207295	0.00189179
4.41000000	0.00421084	0.00465143	0.00346644	0.00120709	0.00196663	0.00671594	0.00813530	0.00677807	0.00452493	0.00199360	0.00162075	0.00584857	0.00689748	0.00843687	0.00275024	0.00204432	0.00078030	0.00216978	0.00644005	0.00581990	0.00223978	0.00456924	0.00341194	0.00239668	0.00318199	0.00185162	0.00188658
4.42000000	0.00409560	0.00501519	0.00331806	0.00122315	0.00187450	0.00671709	0.00810562	0.00664971	0.00454242	0.00207501	0.00180742	0.00624786	0.00652507	0.00755085	0.00268703	0.00218210	0.00155584	0.00206293	0.00643328	0.00585988	0.00217251	0.00462425	0.00342271	0.00238264	0.00313223	0.00192003	0.00207242
4.43000000	0.00403364	0.00535207	0.00319137	0.00116668	0.00177869	0.00654586	0.00802776	0.00677979	0.00454713	0.00227352	0.00206230	0.00683111	0.00596133	0.00679827	0.00278750	0.00241855	0.00227073	0.00208970	0.00638945	0.00587163	0.00206094	0.00463483	0.00332321	0.00248768	0.00307542	0.00186875	0.00224074
4.44000000	0.00385092	0.00520103	0.00318521	0.00132004	0.00182000	0.00674771	0.00802731	0.00674601	0.00457290	0.00226523	0.00181959	0.00728970	0.00581572	0.00575828	0.00257383	0.00160949	0.00121461	0.00196987	0.00630436	0.00581007	0.00209664	0.00460570	0.00342963	0.00236533	0.00316291	0.00197009	0.00192079
4.45000000	0.00380545	0.00553654	0.00304754	0.00135267	0.00175798	0.00673512	0.00816490	0.00660467	0.00447214	0.00234460	0.00199710	0.00776246	0.00539448	0.00511340	0.00261567	0.00171113	0.00171135	0.00193539	0.00622173	0.00575178	0.00201349	0.00459869	0.00342014	0.00242492	0.00304418	0.00195471	0.00206868
4.46000000	0.00375498	0.00574862	0.00289864	0.00147422	0.00171055	0.00681761	0.00817067	0.00649760	0.00442808	0.00244660	0.00206966	0.00807721	0.00521502	0.00460251	0.00245834	0.00165025	0.00176652	0.00188361	0.00615530	0.00567870	0.00197735	0.00457704	0.00345848	0.00237572	0.00301502	0.00205060	0.00211937
4.47000000	0.00378777	0.00590841	0.00281968	0.00165834	0.00176007	0.00681264	0.00809008	0.00648816	0.00436900	0.00256146	0.00213032	0.00821178	0.00494581	0.00426399	0.00248175	0.00150705	0.00165266	0.00167608	0.00608524	0.00570601	0.00183213	0.00457477	0.00338164	0.00245823	0.00300069	0.00207069	0.00211337
4.48000000	0.00372216	0.00598915	0.00263428	0.00164552	0.00165242	0.00676094	0.00805676	0.00652906	0.00422254	0.00262047	0.00229360	0.00829835	0.00475269	0.00387062	0.00236642	0.00147940	0.00166803	0.00176012	0.00604474	0.00551663	0.00178762	0.00453750	0.00342943	0.00245909	0.00303051	0.00216724	0.00215840
4.49000000	0.00347047	0.00631672	0.00247380	0.00158258	0.00153264	0.00666447	0.00812453	0.00662448	0.00412199	0.00272208	0.00267820	0.00800172	0.00432355	0.00365910	0.00280273	0.00190986	0.00192157	0.00190999	0.00593231	0.00525717	0.00162128	0.00448756	0.00336387	0.00271234	0.00300425	0.00210700	0.00223026
4.50000000	0.00368256	0.00596078	0.00243355	0.00182093	0.00164479	0.00681709	0.00785351	0.00653968	0.00402593	0.00284592	0.00256222	0.00784784	0.00444236	0.00351782	0.00225629	0.00134275	0.00142557	0.00172588	0.00586653	0.00521634	0.00163038	0.00444763	0.00343365	0.00256747	0.00299549	0.00239293	0.00213666
4.51000000	0.00393476	0.00604291	0.00231205	0.00195537	0.00169671	0.00650369	0.00764368	0.00658169	0.00378010	0.00282004	0.00282506	0.00744195	0.00435698	0.00328738	0.00206594	0.00121613	0.00147711	0.00148156	0.00584410	0.00514334	0.00148597	0.00444912	0.00337953	0.00252358	0.00305553	0.00269175	0.00221796
4.52000000	0.00384660	0.00573538	0.00230418	0.00199074	0.00171580	0.00662906	0.00750774	0.00657721	0.00367846	0.00299013	0.00293121	0.00682031	0.00411124	0.00326523	0.00212015	0.00121653	0.00141818	0.00164191	0.00566847	0.00494658	0.00145132	0.00438836	0.00337570	0.00276074	0.00298558	0.00264014	0.00205792
4.53000000	0.00360704	0.00613436	0.00214241	0.00198183	0.00163006	0.00644875	0.00762598	0.00650056	0.00345847	0.00311589	0.00315827	0.00596814	0.00342886	0.00362961	0.00256752	0.00153633	0.00125749	0.00166799	0.00553278	0.00458583	0.00130134	0.00431010	0.00339342	0.00292181	0.00285891	0.00271413	0.00221147
4.54000000	0.00394614	0.00589399	0.00200655	0.00215417	0.00169553	0.00624851	0.00715587	0.00648503	0.00329254	0.00307238	0.00328540	0.00513708	0.00375458	0.00352245	0.00195925	0.00119169	0.00124241	0.00155852	0.00550631	0.00455549	0.00129170	0.00429796	0.00336528	0.00291382	0.00295385	0.00287702	0.00217763
4.55000000	0.00409317	0.00464559	0.00245111	0.00217936	0.00194714	0.00644065	0.00685489	0.00646369	0.00324300	0.00325409	0.00334994	0.00418140	0.00349071	0.00344787	0.00205562	0.00127140	0.00137940	0.00143572	0.00538664	0.00442496	0.00121638	0.00427399	0.00329294	0.00302439	0.00294995	0.00290252	0.00203865
4.56000000	0.00416595	0.00453565	0.00236750	0.00226812	0.00196837	0.00624515	0.00659803	0.00636818	0.00310745	0.00324350	0.00340945	0.00312232	0.00327760	0.00379884	0.00196232	0.00120763	0.00112365	0.00140536	0.00530670	0.00421681	0.00117725	0.00421017	0.00332041	0.00298183	0.00292142	0.00303609	0.00208334
4.57000000	0.00425900	0.00434584	0.00232161	0.00235350	0.00201409	0.00601166	0.00635250	0.00627205	0.00294048	0.00321377	0.00339471	0.00212487	0.00310106	0.00410500	0.00183989	0.00129422	0.00090927	0.00137071	0.00519828	0.00407484	0.00117161	0.00414958	0.00332101	0.00303290	0.00288668	0.00303410	0.00206563
4.58000000	0.00408903	0.00492155	0.00207496	0.00246958	0.00198238	0.00547295	0.00630768	0.00621212	0.00264731	0.00305123	0.00339232	0.00157795	0.00247481	0.00456679	0.00208007	0.00128773	0.00084696	0.00129141	0.00508205	0.00376412	0.00112910	0.00409143	0.00340167	0.00286704	0.00280554	0.00318958	0.00212496
4.59000000	0.00441734	0.00323688	0.00258746	0.00257431	0.00230783	0.00567047	0.00584229	0.00601698	0.00266794	0.00301406	0.00326875	0.00070938	0.00261365	0.00471930	0.00179165	0.00161682	0.00112740	0.00117708	0.00499676	0.00387224	0.00116339	0.00405273	0.00322095	0.00301400	0.00283846	0.00306541	0.00198765
4.60000000	0.00413583	0.00381981	0.00226301	0.00262128	0.00219591	0.00512129	0.00575076	0.00592242	0.00237847	0.00270927	0.00309509	0.00214622	0.00202296	0.00513810	0.00199844	0.00161792	0.00128418	0.00112207	0.00494624	0.00357581	0.00116449	0.00398907	0.00341227	0.00279226	0.00277657	0.00324271	0.00208543
4.61000000	0.00450066	0.00243502	0.00266310	0.00272291	0.00246834	0.00520845	0.00532490	0.00559080	0.00236863	0.00254171	0.00293632	0.00186725	0.00225001	0.00542140	0.00172481	0.00208557	0.00143301	0.00105715	0.00485234	0.00376703	0.00123966	0.00397051	0.00320535	0.00299763	0.00276477	0.00306723	0.00199079
4.62000000	0.00455088	0.00244816	0.00251216	0.00276596	0.00245170	0.00479061	0.00521496	0.00531245	0.00215433	0.00219833	0.00260468	0.00267704	0.00213250	0.00584711	0.00171757	0.00235685	0.00135518	0.00105163	0.00476909	0.00370304	0.00130957	0.00385777	0.00327439	0.00304147	0.00270968	0.00303392	0.00198690
4.63000000	0.00450973	0.00221289	0.00247737	0.00281641	0.00248942	0.00445186	0.00512959	0.00499617	0.00195551	0.00176894	0.00236167	0.00333387	0.00221643	0.00609917	0.00166450	0.00272648	0.00147796	0.00104237	0.00472438	0.00369879	0.00139322	0.00378913	0.00328569	0.00314001	0.00272478	0.00295583	0.00196548
4.64000000	0.00441564	0.00171567	0.00262983	0.00286966	0.00260705	0.00428358	0.00497510	0.00465343	0.00183417	0.00144185	0.00207826	0.00355473	0.00221331	0.00640055	0.00168855	0.00298923	0.00169921	0.00105531	0.00467146	0.00369450	0.00141726	0.00379552	0.00330387	0.00305517	0.00260399	0.00309027	0.00200270
4.65000000	0.00401753	0.00270571	0.00227534	0.00315520	0.00265128	0.00388139	0.00442670	0.00450247	0.00178463	0.00156027	0.00160341	0.00462364	0.00230416	0.00693338	0.00203970	0.00269562	0.00204132	0.00077841	0.00456368	0.00365207	0.00146350	0.00380304	0.00324936	0.00289970	0.00260451	0.00325554	0.00181677
4.66000000	0.00407390	0.00168332	0.00280103	0.00306622	0.00283563	0.00409065	0.00409084	0.00409066	0.00180277	0.00144278	0.00146554	0.00425528	0.00245422	0.00637148	0.00174093	0.00313237	0.00221854	0.00114871	0.00455082	0.00388795	0.00155964	0.00386844	0.00315663	0.00303815	0.00255484	0.00319906	0.00182974
4.67000000	0.00385953	0.00185331	0.00238587	0.00305893	0.00268914	0.00368991	0.00386545	0.00378451	0.00168953	0.00153101	0.00100039	0.00448511	0.00287439	0.00668031	0.00163864	0.00331169	0.00225611	0.00116798	0.00454736	0.00389847	0.00171567	0.00378813	0.00325230	0.00328120	0.00255634	0.00298785	0.00187717
4.68000000	0.00363871	0.00212055	0.00215766	0.00309884	0.00265275	0.00344345	0.00366391	0.00345632	0.00168225	0.00161875	0.00070364	0.00452920	0.00332097	0.00674850	0.00140414	0.00359014	0.00238528	0.00123391	0.00448213	0.00389967	0.00181829	0.00371612	0.00333351	0.00324313	0.00250398	0.00306157	0.00181683
4.69000000	0.00365140	0.00197535	0.00250623	0.00307408	0.00279145	0.00323174	0.00366267	0.00291493	0.00175703	0.00138416	0.00125717	0.00419967	0.00339842	0.00632576	0.00133892	0.00359443	0.00231887	0.00122344	0.00436926	0.00402139	0.00183291	0.00378000	0.00319312	0.00322411	0.00233038	0.00309776	0.00172529
4.70000000	0.00321657	0.00219393	0.00229503	0.00317004	0.00278450	0.00312649	0.00314571	0.00262468	0.00178875	0.00175719	0.00062182	0.00423480	0.00376946	0.00605524	0.00120510	0.00360561	0.00247034	0.00123462	0.00432966	0.00402868	0.00192073	0.00373524	0.00324329	0.00306565	0.00228525	0.00319576	0.00168921
4.71000000	0.00306581	0.00237434	0.00267566	0.00302041	0.00285036	0.00314714	0.00275875	0.00221103	0.00189986	0.00179517	0.00106805	0.00401247	0.00381268	0.00500271	0.00122013	0.00315740	0.00234779	0.00134954	0.00413712	0.00415014	0.00191277	0.00380180	0.00304743	0.00305713	0.00206730	0.00309265	0.00153259
4.72000000	0.00263601	0.00228985	0.00221352	0.00311712	0.00274572	0.00294463	0.00215919	0.00199329	0.00182985	0.00200244	0.00009023	0.00402276	0.00432131	0.00498693	0.00109446	0.00331992	0.00251969	0.00134641	0.00410569	0.00409327	0.00201145	0.00369173	0.00309780	0.00293803	0.00210666	0.00299928	0.00149413
4.73000000	0.00262625	0.00251582	0.00250109	0.00293834	0.00275685	0.00285083	0.00195977	0.00156316	0.00178819	0.00175556	0.00081672	0.00377084	0.00424819	0.00383989	0.00102984	0.00298058	0.00224962	0.00134964	0.00388994	0.00414738	0.00196909	0.00367263	0.00294524	0.00277131	0.00182274	0.00284206	0.00136010
4.74000000	0.00219357	0.00236430	0.00208650	0.00305139	0.00267731	0.00274844	0.00131134	0.00139228	0.00175797	0.00166239	0.00031705	0.00387644	0.00478012	0.00390673	0.00106205	0.00307768	0.00242442	0.00141188	0.00374357	0.00404410	0.00200646	0.00350355	0.00300320	0.00252726	0.00179703	0.00267166	0.00114163
4.75000000	0.00240406	0.00233043	0.00196646	0.00291071	0.00256860	0.00251049	0.00113527	0.00110944	0.00150597	0.00157237	0.00010278	0.00385005	0.00486715	0.00351814	0.00079776	0.00336408	0.00231916	0.00129407	0.00361857	0.00400893	0.00200107	0.00337586	0.00296175	0.00236754	0.00162043	0.00227538	0.00112215
4.76000000	0.00220880	0.00265431	0.00215684	0.00274131	0.00252813	0.00241204	0.00090668	0.00079962	0.00134954	0.00153727	0.00028951	0.00366787	0.00464042	0.00251731	0.00082375	0.00283577	0.00220242	0.00125247	0.00335717	0.00399397	0.00188824	0.00331828	0.00267885	0.00192325	0.00132505	0.00209883	0.00102765
4.77000000	0.00195123	0.00243851	0.00179347	0.00277789	0.00241849	0.00246997	0.00084460	0.00073682	0.00115913	0.00138772	0.00072578	0.00376452	0.00515006	0.00261326	0.00091729	0.00284217	0.00234219	0.00128809	0.00314754	0.00381970	0.00187710	0.00305213	0.00269952	0.00170958	0.00127317	0.00164546	0.00081018
4.78000000	0.00222210	0.00274005	0.00189811	0.00250995	0.00229771	0.00238139	0.00120340	0.00082405	0.00098153	0.00172079	0.00038646	0.00369051	0.00476540	0.00204604	0.00079273	0.00271003	0.00211069	0.00121433	0.00288925	0.00376481	0.00175370	0.00292036	0.00247688	0.00134516	0.00092691	0.00125453	0.00078541
4.79000000	0.00230616	0.00242746	0.00155578	0.00243456	0.00213283	0.00235272	0.00169880	0.00125346	0.00092409	0.00186202	0.00102601	0.00370475	0.00516658	0.00220510	0.00076575	0.00279545	0.00212697	0.00117507	0.00266218	0.00357375	0.00170106	0.00264925	0.00241433	0.00108267	0.00088961	0.00087461	0.00056242
4.80000000	0.00261404	0.00291981	0.00167440	0.00224789	0.00206469	0.00241934	0.00233884	0.00152676	0.00090473	0.00226517	0.00092901	0.00359766	0.00468518	0.00182996	0.00073671	0.00269192	0.00202691	0.00116665	0.00234698	0.00347892	0.00152484	0.00248999	0.00218191	0.00070303	0.00054790	0.00054223	0.00053481
4.81000000	0.00295496	0.00284283	0.00148563	0.00199648	0.00184310	0.00253813	0.00290634	0.00200908	0.00105102	0.00264150	0.00107339	0.00367383	0.00476073	0.00186934	0.00074336	0.00272363	0.00187829	0.00113043	0.00209219	0.00325706	0.00143516	0.00217868	0.00211986	0.00053057	0.00032307	0.00022836	0.00038298
4.82000000	0.00319073	0.00258407	0.00121751	0.00185913	0.00166697	0.00252147	0.00362082	0.00257477	0.00141706	0.00301902	0.00169217	0.00366087	0.00510113	0.00202550	0.00061008	0.00271337	0.00199767	0.00106394	0.00180751	0.00301144	0.00133215	0.00189400	0.00201222	0.00063114	0.00035810	0.00014760	0.00008880
4.83000000	0.00355750	0.00337798	0.00137241	0.00153921	0.00151175	0.00282503	0.00432049	0.00292353	0.00166267	0.00337886	0.00150353	0.00371288	0.00443113	0.00179592	0.00060105	0.00258433	0.00214151	0.00110276	0.00153432	0.00284159	0.00122566	0.00169470	0.00185218	0.00063704	0.00014767	0.00056352	0.00035634
4.84000000	0.00403598	0.00316864	0.00113917	0.00127163	0.00126791	0.00281174	0.00494335	0.00349347	0.00211966	0.00383277	0.00179057	0.00380116	0.00455730	0.00192581	0.00071477	0.00275601	0.00186655	0.00108556	0.00129569	0.00261892	0.00109367	0.00142078	0.00183073	0.00045875	0.00032412	0.00041869	0.00006750
4.85000000	0.00442483	0.00332136	0.00108492	0.00104271	0.00110055	0.00289139	0.00556183	0.00400843	0.00256060	0.00425929	0.00199205	0.00387161	0.00450438	0.00196999	0.00074959	0.00279160	0.00180754	0.00108179	0.00107161	0.00237114	0.00100411	0.00122580	0.00177571	0.00043587	0.00055525	0.00038994	0.00009473
4.86000000	0.00453543	0.00324132	0.00114600	0.00109272	0.00113864	0.00303118	0.00680895	0.00430446	0.00278825	0.00404086	0.00285128	0.00404295	0.00518867	0.00214702	0.00074798	0.00238773	0.00213084	0.00111397	0.00099770	0.00211784	0.00098561	0.00102087	0.00190176	0.00025319	0.00062931	0.00066764	0.00036454
4.87000000	0.00521358	0.00412889	0.00116273	0.00060332	0.00083376	0.00309715	0.00690879	0.00474173	0.00334276	0.00478774	0.00231426	0.00400995	0.00403854	0.00193531	0.00084463	0.00270305	0.00176127	0.00116767	0.00074921	0.00195677	0.00097789	0.00120480	0.00174150	0.00027853	0.00097309	0.00007626	0.00034277
4.88000000	0.00527818	0.00393150	0.00123372	0.00067275	0.00089197	0.00307156	0.00809090	0.00501726	0.00353921	0.00463526	0.00307739	0.00419152	0.00473894	0.00211206	0.00066094	0.00233098	0.00219528	0.00120991	0.00091453	0.00170441	0.00098116	0.00119852	0.00193695	0.00046668	0.00099399	0.00020458	0.00044861
4.89000000	0.00539208	0.00432120	0.00087185	0.00032022	0.00050280	0.00329254	0.00871060	0.00513598	0.00411137	0.00508483	0.00218267	0.00405663	0.00385900	0.00222163	0.00105493	0.00256096	0.00226224	0.00125466	0.00093460	0.00159973	0.00103334	0.00143902	0.00181203	0.00051064	0.00121698	0.00036455	0.00048463
4.90000000	0.00548848	0.00413649	0.00103671	0.00058000	0.00070412	0.00306408	0.00991480	0.00509743	0.00417550	0.00461517	0.00286120	0.00418787	0.00451510	0.00242943	0.00093032	0.00228387	0.00266341	0.00134603	0.00126542	0.00144080	0.00097843	0.00157825	0.00196703	0.00094997	0.00120671	0.00054184	0.00065478
4.91000000	0.00577404	0.00498961	0.00119116	0.00044847	0.00052724	0.00288803	0.00969462	0.00553426	0.00459225	0.00526746	0.00252774	0.00417889	0.00360098	0.00221236	0.00110846	0.00252823	0.00192791	0.00135381	0.00136895	0.00122530	0.00113433	0.00182784	0.00207310	0.00101513	0.00157364	0.00077286	0.00063487
4.92000000	0.00586371	0.00475890	0.00120524	0.00069573	0.00067039	0.00285135	0.01056260	0.00560892	0.00467284	0.00493654	0.00336086	0.00424212	0.00418370	0.00240914	0.00095663	0.00223251	0.00237543	0.00142131	0.00155617	0.00116168	0.00111431	0.00198828	0.00220388	0.00136773	0.00158620	0.00083248	0.00076156
4.93000000	0.00527436	0.00504320	0.00103107	0.00062842	0.00050250	0.00239570	0.01097328	0.00616980	0.00505295	0.00519555	0.00235375	0.00398177	0.00347712	0.00235504	0.00118490	0.00223469	0.00224124	0.00142186	0.00164465	0.00104203	0.00128653	0.00211576	0.00225704	0.00130922	0.00176946	0.00109168	0.00073681
4.94000000	0.00541537	0.00480483	0.00110575	0.00092661	0.00074650	0.00255972	0.01145096	0.00662045	0.00495890	0.00481506	0.00294196	0.00404879	0.00398241	0.00251223	0.00103396	0.00204679	0.00264453	0.00151124	0.00182736	0.00105108	0.00124498	0.00228514	0.00236148	0.00153580	0.00177896	0.00109661	0.00080873
4.95000000	0.00512267	0.00525108	0.00139746	0.00089149	0.00080301	0.00304855	0.01122118	0.00724795	0.00514454	0.00504909	0.00307118	0.00406445	0.00347607	0.00243439	0.00113660	0.00224854	0.00208895	0.00150368	0.00205300	0.00087319	0.00139435	0.00247230	0.00250530	0.00134220	0.00195942	0.00122159	0.00087928
4.96000000	0.00458069	0.00586033	0.00167232	0.00081945	0.00089265	0.00314839	0.01175010	0.00778215	0.00496239	0.00465025	0.00260627	0.00394569	0.00298844	0.00239271	0.00108172	0.00182346	0.00199903	0.00148422	0.00219941	0.00086446	0.00146303	0.00256972	0.00261243	0.00127579	0.00211824	0.00120620	0.00095174
4.97000000	0.00410550	0.00580253	0.00171665	0.00088760	0.00095595	0.00354154	0.01205828	0.00867151	0.00480836	0.00437687	0.00239397	0.00384590	0.00292692	0.00239159	0.00111095	0.00167697	0.00202849	0.00149452	0.00233028	0.00087314	0.00146506	0.00263361	0.00263450	0.00128886	0.00222108	0.00098936	0.00092711
4.98000000	0.00421213	0.00549402	0.00180806	0.00131584	0.00123303	0.00454403	0.01201342	0.00965744	0.00446169	0.00394461	0.00266477	0.00383051	0.00307480	0.00247015	0.00104976	0.00171415	0.00230613	0.00154891	0.00234434	0.00093786	0.00138257	0.00269599	0.00273799	0.00127247	0.00216775	0.00080012	0.00086188
4.99000000	0.00410394	0.00535166	0.00199503	0.00157032	0.00147621	0.00532928	0.01182901	0.01058999	0.00415769	0.00371104	0.00285806	0.00379746	0.00308562	0.00251399	0.00105383	0.00178244	0.00240040	0.00157544	0.00246236	0.00100228	0.00126285	0.00277183	0.00272780	0.00126119	0.00223782	0.00057056	0.00084634
5.00000000	0.00329708	0.00586512	0.00219958	0.00104060	0.00125984	0.00559938	0.01175669	0.01103769	0.00411239	0.00363333	0.00251792	0.00382535	0.00264857	0.00239860	0.00092742	0.00138566	0.00202683	0.00151435	0.00277290	0.00088014	0.00155263	0.00285931	0.00273919	0.00079763	0.00243179	0.00048611	0.00109838
5.01000000	0.00287002	0.00573813	0.00236590	0.00106482	0.00137465	0.00586054	0.01186454	0.01144528	0.00382701	0.00337477	0.00211764	0.00377411	0.00250698	0.00239623	0.00089149	0.00122448	0.00201214	0.00146948	0.00285736	0.00086606	0.00156674	0.00287006	0.00280007	0.00067059	0.00256378	0.00026990	0.00103924
5.02000000	0.00275694	0.00535397	0.00228278	0.00147408	0.00154021	0.00600028	0.01141869	0.01218511	0.00351460	0.00325006	0.00230493	0.00380555	0.00255847	0.00232375	0.00081976	0.00119662	0.00216057	0.00143939	0.00287594	0.00091402	0.00152714	0.00282586	0.00283986	0.00072384	0.00257049	0.00031656	0.00104702
5.03000000	0.00275272	0.00497992	0.00243362	0.00179311	0.00182028	0.00589752	0.01099759	0.01250033	0.00326029	0.00301331	0.00241618	0.00371572	0.00255175	0.00233813	0.00080056	0.00132166	0.00232000	0.00139901	0.00296182	0.00100654	0.00148034	0.00284442	0.00286889	0.00080199	0.00260509	0.00036427	0.00108656
5.04000000	0.00217310	0.00522444	0.00282079	0.00118698	0.00169909	0.00530276	0.01095352	0.01176911	0.00320083	0.00303357	0.00201950	0.00365573	0.00225293	0.00223495	0.00077058	0.00117738	0.00200563	0.00137864	0.00326053	0.00084290	0.00164202	0.00292252	0.00279198	0.00046309	0.00280489	0.00028915	0.00123818
5.05000000	0.00195026	0.00484225	0.00284730	0.00154080	0.00190260	0.00476118	0.01047172	0.01154322	0.00307222	0.00294344	0.00239288	0.00365699	0.00228433	0.00213951	0.00070210	0.00111195	0.00208035	0.00130781	0.00330512	0.00085101	0.00168136	0.00287101	0.00288085	0.00062264	0.00285473	0.00015129	0.00115719
5.06000000	0.00190828	0.00456011	0.00303569	0.00179999	0.00216129	0.00385994	0.01000261	0.01103031	0.00300904	0.00297100	0.00279346	0.00351480	0.00225426	0.00205827	0.00074006	0.00120337	0.00208708	0.00129318	0.00338313	0.00079599	0.00168837	0.00286839	0.00290262	0.00059746	0.00295426	0.00015190	0.00104161
5.07000000	0.00167792	0.00453570	0.00326959	0.00142212	0.00210666	0.00396731	0.00973147	0.00915291	0.00272777	0.00314763	0.00152841	0.00354753	0.00213962	0.00196488	0.00065608	0.00117362	0.00195813	0.00123843	0.00372811	0.00078782	0.00183019	0.00300931	0.00286898	0.00029670	0.00307971	0.00023936	0.00135601
5.08000000	0.00158339	0.00434188	0.00332948	0.00155883	0.00221933	0.00258012	0.00909010	0.00849136	0.00270611	0.00329233	0.00211161	0.00354876	0.00223877	0.00175378	0.00053669	0.00093414	0.00207561	0.00115229	0.00384430	0.00063757	0.00198727	0.00295697	0.00306036	0.00036873	0.00324808	0.00014283	0.00139573
5.09000000	0.00182324	0.00412113	0.00359867	0.00190929	0.00255805	0.00157718	0.00867499	0.00738069	0.00269307	0.00339505	0.00214032	0.00324150	0.00212916	0.00184722	0.00066483	0.00133108	0.00189802	0.00114493	0.00392974	0.00067196	0.00190464	0.00303494	0.00296956	0.00041857	0.00329257	0.00026046	0.00117285
5.10000000	0.00250280	0.00430022	0.00355932	0.00198023	0.00258093	0.00200653	0.00757945	0.00584511	0.00236175	0.00368109	0.00196149	0.00340325	0.00210277	0.00163300	0.00059098	0.00130440	0.00195404	0.00116329	0.00426520	0.00065909	0.00204052	0.00323694	0.00309893	0.00051809	0.00340666	0.00027873	0.00143718
5.11000000	0.00252073	0.00418115	0.00364975	0.00200060	0.00265921	0.00113459	0.00743188	0.00479595	0.00234378	0.00380238	0.00233602	0.00333672	0.00217675	0.00146867	0.00060699	0.00119661	0.00197123	0.00108300	0.00443286	0.00055910	0.00221424	0.00323423	0.00328857	0.00069002	0.00358210	0.00055948	0.00150035
5.12000000	0.00266964	0.00411940	0.00379454	0.00216302	0.00283489	0.00117984	0.00714486	0.00413519	0.00245146	0.00413454	0.00216277	0.00317837	0.00210405	0.00142986	0.00055643	0.00135994	0.00189873	0.00104165	0.00457093	0.00055248	0.00225355	0.00330771	0.00336573	0.00093055	0.00366006	0.00051270	0.00147658
5.13000000	0.00274223	0.00406541	0.00387810	0.00218263	0.00290717	0.00180884	0.00717874	0.00351276	0.00241234	0.00426033	0.00237730	0.00311293	0.00211675	0.00130824	0.00060722	0.00136648	0.00192284	0.00103811	0.00476462	0.00047255	0.00240264	0.00336206	0.00351182	0.00096747	0.00382944	0.00083314	0.00148897
5.14000000	0.00294286	0.00411481	0.00394132	0.00229874	0.00300450	0.00242389	0.00701841	0.00332757	0.00251992	0.00447183	0.00220487	0.00301576	0.00204269	0.00127192	0.00050422	0.00156480	0.00191346	0.00110454	0.00495056	0.00051559	0.00248341	0.00348760	0.00358977	0.00112758	0.00390554	0.00089696	0.00141790
5.15000000	0.00282691	0.00408467	0.00402003	0.00216630	0.00301018	0.00322748	0.00714798	0.00341589	0.00242878	0.00454092	0.00228720	0.00307418	0.00223659	0.00137977	0.00041512	0.00121010	0.00230421	0.00104961	0.00518341	0.00044198	0.00265962	0.00351700	0.00376039	0.00129176	0.00415289	0.00103606	0.00158216
5.16000000	0.00378920	0.00448695	0.00389637	0.00262912	0.00315324	0.00261872	0.00653966	0.00357267	0.00226104	0.00481592	0.00215492	0.00308608	0.00198612	0.00130008	0.00050071	0.00176398	0.00185691	0.00105609	0.00540569	0.00059883	0.00257928	0.00376183	0.00375723	0.00123141	0.00397212	0.00106475	0.00179387
5.17000000	0.00372249	0.00460566	0.00389710	0.00259029	0.00313775	0.00278888	0.00669895	0.00384730	0.00223008	0.00480923	0.00219126	0.00297350	0.00190142	0.00128615	0.00044792	0.00185743	0.00187517	0.00107559	0.00559013	0.00063744	0.00269394	0.00387767	0.00390299	0.00132794	0.00407450	0.00113002	0.00185673
5.18000000	0.00362641	0.00469535	0.00394714	0.00259591	0.00316882	0.00300352	0.00721281	0.00400515	0.00206702	0.00443438	0.00239617	0.00286606	0.00185202	0.00133894	0.00036788	0.00190335	0.00201354	0.00109715	0.00570633	0.00066733	0.00277748	0.00397740	0.00404416	0.00139286	0.00417064	0.00122453	0.00180649
5.19000000	0.00353610	0.00482673	0.00397426	0.00260779	0.00318900	0.00315008	0.00759226	0.00425413	0.00187472	0.00413351	0.00258279	0.00273757	0.00177315	0.00136585	0.00034998	0.00199635	0.00207221	0.00105875	0.00587744	0.00073437	0.00281773	0.00409675	0.00412343	0.00143716	0.00430854	0.00131835	0.00179973
5.20000000	0.00360196	0.00499247	0.00395837	0.00258596	0.00317709	0.00332671	0.00726946	0.00482017	0.00186842	0.00448136	0.00220647	0.00271233	0.00163646	0.00140607	0.00039326	0.00205910	0.00186533	0.00111283	0.00604709	0.00080741	0.00291925	0.00420307	0.00428298	0.00154596	0.00426750	0.00138769	0.00202056
5.21000000	0.00343130	0.00509709	0.00396676	0.00268930	0.00322494	0.00368133	0.00799322	0.00500956	0.00157055	0.00378667	0.00259471	0.00255229	0.00157800	0.00149515	0.00033374	0.00209342	0.00202771	0.00108969	0.00610147	0.00082921	0.00294935	0.00426118	0.00437609	0.00156454	0.00434999	0.00156233	0.00195486
5.22000000	0.00340953	0.00520383	0.00401850	0.00264540	0.00323799	0.00411889	0.00779540	0.00563036	0.00155377	0.00396064	0.00218243	0.00249332	0.00145885	0.00151424	0.00038751	0.00211959	0.00190698	0.00114233	0.00623790	0.00089619	0.00301818	0.00434233	0.00446835	0.00172298	0.00432850	0.00161193	0.00208843
5.23000000	0.00320035	0.00530343	0.00402224	0.00278683	0.00329953	0.00454100	0.00840322	0.00595396	0.00121245	0.00327502	0.00251821	0.00233833	0.00138407	0.00155619	0.00034970	0.00216372	0.00202013	0.00114671	0.00624111	0.00090365	0.00303242	0.00438553	0.00454552	0.00183737	0.00435790	0.00172092	0.00201573
5.24000000	0.00313986	0.00531469	0.00412133	0.00272890	0.00333452	0.00503106	0.00821789	0.00651721	0.00125157	0.00348038	0.00207897	0.00227892	0.00129006	0.00158457	0.00042322	0.00219093	0.00191955	0.00116775	0.00633043	0.00094629	0.00308243	0.00442458	0.00462021	0.00196891	0.00433518	0.00183565	0.00215599
5.25000000	0.00284350	0.00535695	0.00406767	0.00285235	0.00335932	0.00536644	0.00875186	0.00676093	0.00093623	0.00279387	0.00242985	0.00215848	0.00125713	0.00166754	0.00044201	0.00217292	0.00204936	0.00114285	0.00632479	0.00095815	0.00310935	0.00443067	0.00470771	0.00204416	0.00442415	0.00201941	0.00207010
5.26000000	0.00269937	0.00534480	0.00414827	0.00285919	0.00340748	0.00575437	0.00846865	0.00714619	0.00102546	0.00304205	0.00213250	0.00206126	0.00118547	0.00162040	0.00051657	0.00227347	0.00196109	0.00113739	0.00641467	0.00100121	0.00311014	0.00446859	0.00468775	0.00215678	0.00441013	0.00216952	0.00219279
5.27000000	0.00244075	0.00537058	0.00411829	0.00298810	0.00345076	0.00593807	0.00879197	0.00719554	0.00079097	0.00249090	0.00232262	0.00207696	0.00117086	0.00162256	0.00054509	0.00222586	0.00206217	0.00113611	0.00634015	0.00100550	0.00314007	0.00446888	0.00481626	0.00232915	0.00445255	0.00225996	0.00210856
5.28000000	0.00249464	0.00521310	0.00428518	0.00296031	0.00353792	0.00620232	0.00838367	0.00724769	0.00088645	0.00292144	0.00189227	0.00208905	0.00114358	0.00159581	0.00063893	0.00240525	0.00198653	0.00116774	0.00641758	0.00102546	0.00313721	0.00448328	0.00478575	0.00242624	0.00438795	0.00241544	0.00221332
5.29000000	0.00225985	0.00520752	0.00425798	0.00309367	0.00358184	0.00626177	0.00845753	0.00705572	0.00074747	0.00255136	0.00199669	0.00214179	0.00117250	0.00151109	0.00065424	0.00238383	0.00212415	0.00114485	0.00637755	0.00105014	0.00313961	0.00448903	0.00484588	0.00258915	0.00443220	0.00249884	0.00217483
5.30000000	0.00203025	0.00518285	0.00422861	0.00320860	0.00361853	0.00635357	0.00836765	0.00676893	0.00076305	0.00243486	0.00208271	0.00221299	0.00122582	0.00145765	0.00067102	0.00239560	0.00221931	0.00117181	0.00630964	0.00107142	0.00317104	0.00448878	0.00492954	0.00271080	0.00444559	0.00261058	0.00212115
5.31000000	0.00190838	0.00514128	0.00423076	0.00333168	0.00367496	0.00645073	0.00814507	0.00637718	0.00079510	0.00249419	0.00208893	0.00231332	0.00126978	0.00135543	0.00074183	0.00244292	0.00228854	0.00117113	0.00630526	0.00110368	0.00315874	0.00449300	0.00493591	0.00279216	0.00447151	0.00272337	0.00208899
5.32000000	0.00217781	0.00499662	0.00442976	0.00324323	0.00373901	0.00657066	0.00738211	0.00559653	0.00086851	0.00310036	0.00178994	0.00235854	0.00121308	0.00149618	0.00085658	0.00283673	0.00223506	0.00117312	0.00646380	0.00116125	0.00314954	0.00456857	0.00489514	0.00285169	0.00441683	0.00277869	0.00229414
5.33000000	0.00203162	0.00498081	0.00432126	0.00336749	0.00372835	0.00666923	0.00715512	0.00512294	0.00089747	0.00308520	0.00194369	0.00247370	0.00137654	0.00150325	0.00081495	0.00267300	0.00257660	0.00125687	0.00640420	0.00123165	0.00320892	0.00454773	0.00499938	0.00282748	0.00443922	0.00292711	0.00220659
5.34000000	0.00205017	0.00493128	0.00431820	0.00347872	0.00377331	0.00678709	0.00686502	0.00473903	0.00099388	0.00311193	0.00209945	0.00260208	0.00147304	0.00141040	0.00086472	0.00261307	0.00276552	0.00117222	0.00634881	0.00124977	0.00319252	0.00455932	0.00505993	0.00283935	0.00449302	0.00295429	0.00220151
5.35000000	0.00216146	0.00482776	0.00439490	0.00359278	0.00385886	0.00687508	0.00660629	0.00434292	0.00094496	0.00343889	0.00162793	0.00252788	0.00142884	0.00139718	0.00107923	0.00311343	0.00220527	0.00114773	0.00637518	0.00125091	0.00313901	0.00456888	0.00496409	0.00291288	0.00441801	0.00284157	0.00225095
5.36000000	0.00225252	0.00475471	0.00435430	0.00363861	0.00384710	0.00709295	0.00617392	0.00422540	0.00106246	0.00359049	0.00183988	0.00273490	0.00147618	0.00129407	0.00101719	0.00292268	0.00256617	0.00107448	0.00636723	0.00128981	0.00315708	0.00452051	0.00502920	0.00289950	0.00442493	0.00280060	0.00242679
5.37000000	0.00244840	0.00479306	0.00433040	0.00382432	0.00390395	0.00720859	0.00591266	0.00394262	0.00113335	0.00373593	0.00202719	0.00279201	0.00164222	0.00132708	0.00092767	0.00276685	0.00296000	0.00118097	0.00626611	0.00135652	0.00314698	0.00456067	0.00505253	0.00276675	0.00438456	0.00284984	0.00216940
5.38000000	0.00263930	0.00473763	0.00438703	0.00391207	0.00396052	0.00726838	0.00569287	0.00383065	0.00118177	0.00378956	0.00207676	0.00284166	0.00168438	0.00129231	0.00096923	0.00283540	0.00296678	0.00097606	0.00627897	0.00136770	0.00305412	0.00454566	0.00499994	0.00273952	0.00446430	0.00268537	0.00219462
5.39000000	0.00282797	0.00472420	0.00438616	0.00403192	0.00399688	0.00728212	0.00546072	0.00378832	0.00124297	0.00385840	0.00225292	0.00292743	0.00173978	0.00126182	0.00097510	0.00276064	0.00320920	0.00105502	0.00624633	0.00142629	0.00302834	0.00454982	0.00496168	0.00254729	0.00435543	0.00268846	0.00212894
5.40000000	0.00282847	0.00471138	0.00437547	0.00401742	0.00395812	0.00728319	0.00558690	0.00367729	0.00111632	0.00371497	0.00191974	0.00268741	0.00184012	0.00145919	0.00097079	0.00303376	0.00272883	0.00107907	0.00620024	0.00144892	0.00304497	0.00446888	0.00500181	0.00263533	0.00423552	0.00233473	0.00217912
5.41000000	0.00248447	0.00457391	0.00449323	0.00389197	0.00393162	0.00719286	0.00586563	0.00344733	0.00085844	0.00377564	0.00155362	0.00264281	0.00164685	0.00140472	0.00091642	0.00351554	0.00214857	0.00110432	0.00613034	0.00148574	0.00304085	0.00438167	0.00494542	0.00236688	0.00409774	0.00232888	0.00224386
5.42000000	0.00269677	0.00436436	0.00451710	0.00400169	0.00398089	0.00701442	0.00569144	0.00362248	0.00088509	0.00388222	0.00179968	0.00284344	0.00152335	0.00118028	0.00101224	0.00353947	0.00224849	0.00097332	0.00613788	0.00144779	0.00294367	0.00429789	0.00481423	0.00202794	0.00406764	0.00236968	0.00233754
5.43000000	0.00282144	0.00447242	0.00453833	0.00410568	0.00402697	0.00677214	0.00548699	0.00373885	0.00093554	0.00394922	0.00189003	0.00255402	0.00178092	0.00134478	0.00094155	0.00325378	0.00265320	0.00102085	0.00597437	0.00151005	0.00285432	0.00433229	0.00481635	0.00213470	0.00389594	0.00196846	0.00202801
5.44000000	0.00265120	0.00445797	0.00441075	0.00389754	0.00382352	0.00665303	0.00567685	0.00379876	0.00066566	0.00377637	0.00182821	0.00248268	0.00166864	0.00139980	0.00093904	0.00332744	0.00235206	0.00105911	0.00592755	0.00154796	0.00294306	0.00415605	0.00492847	0.00190601	0.00383331	0.00192879	0.00210024
5.45000000	0.00283329	0.00434848	0.00446713	0.00404029	0.00391606	0.00640232	0.00556933	0.00391066	0.00063378	0.00391929	0.00199119	0.00241539	0.00172012	0.00129070	0.00093646	0.00325719	0.00261088	0.00100278	0.00580178	0.00151455	0.00277676	0.00411090	0.00476710	0.00181055	0.00366618	0.00182955	0.00190739
5.46000000	0.00261500	0.00437999	0.00431929	0.00380196	0.00369655	0.00621851	0.00575128	0.00393758	0.00053273	0.00387511	0.00197494	0.00233421	0.00157814	0.00135571	0.00104214	0.00331293	0.00217210	0.00102285	0.00568684	0.00153109	0.00284762	0.00391275	0.00491823	0.00176684	0.00354968	0.00178121	0.00194309
5.47000000	0.00280638	0.00422047	0.00434467	0.00385509	0.00373247	0.00595503	0.00563577	0.00401492	0.00049692	0.00401810	0.00207373	0.00224836	0.00162807	0.00121403	0.00101689	0.00328757	0.00241852	0.00096669	0.00556831	0.00150192	0.00270433	0.00383502	0.00478766	0.00182449	0.00339299	0.00169233	0.00175557
5.48000000	0.00268093	0.00423917	0.00414206	0.00362884	0.00349670	0.00572856	0.00574665	0.00401070	0.00051314	0.00401758	0.00210925	0.00226156	0.00143088	0.00120026	0.00110634	0.00330433	0.00208446	0.00098095	0.00544905	0.00150057	0.00275153	0.00361614	0.00490277	0.00173153	0.00326463	0.00184729	0.00175896
5.49000000	0.00291944	0.00404711	0.00414345	0.00370004	0.00353986	0.00549932	0.00557661	0.00401120	0.00064080	0.00420181	0.00221425	0.00221311	0.00152496	0.00105117	0.00107223	0.00327770	0.00241475	0.00091122	0.00528190	0.00142483	0.00257971	0.00351374	0.00475497	0.00188259	0.00306842	0.00174650	0.00153863
5.50000000	0.00307726	0.00390578	0.00406040	0.00367028	0.00348603	0.00528195	0.00538873	0.00404401	0.00067259	0.00440337	0.00224218	0.00223788	0.00161564	0.00097695	0.00109673	0.00323520	0.00262283	0.00083769	0.00512846	0.00138338	0.00246668	0.00336132	0.00468719	0.00193168	0.00287945	0.00174596	0.00140900
5.51000000	0.00325476	0.00376216	0.00396293	0.00369182	0.00345558	0.00517873	0.00515275	0.00404897	0.00086027	0.00457646	0.00230373	0.00233674	0.00170123	0.00087773	0.00111276	0.00318940	0.00292574	0.00080001	0.00494182	0.00131286	0.00232346	0.00320705	0.00456208	0.00192387	0.00266811	0.00174100	0.00120827
5.52000000	0.00253744	0.00376252	0.00360090	0.00320905	0.00305157	0.00465172	0.00576802	0.00403218	0.00144223	0.00418359	0.00192514	0.00216292	0.00125570	0.00100217	0.00131434	0.00311282	0.00202690	0.00082852	0.00472593	0.00124889	0.00244758	0.00282102	0.00478647	0.00175973	0.00244484	0.00177448	0.00125889
5.53000000	0.00260470	0.00346950	0.00344443	0.00329723	0.00304944	0.00469381	0.00555653	0.00399169	0.00166760	0.00436782	0.00186417	0.00213249	0.00129357	0.00090613	0.00125821	0.00319758	0.00246169	0.00081122	0.00459904	0.00107899	0.00229021	0.00256725	0.00460736	0.00125199	0.00224604	0.00204726	0.00126829
5.54000000	0.00277706	0.00343766	0.00337120	0.00317219	0.00295524	0.00442414	0.00503576	0.00435579	0.00163964	0.00447562	0.00170234	0.00231440	0.00148039	0.00098463	0.00140945	0.00304205	0.00258232	0.00066754	0.00434085	0.00104287	0.00216184	0.00246304	0.00458491	0.00145306	0.00208563	0.00143986	0.00088539
5.55000000	0.00267556	0.00336808	0.00322407	0.00282323	0.00270493	0.00426036	0.00516798	0.00432093	0.00193811	0.00382444	0.00218128	0.00247472	0.00136368	0.00125685	0.00164083	0.00312142	0.00186815	0.00063210	0.00411189	0.00101257	0.00214866	0.00218212	0.00465412	0.00116278	0.00171078	0.00121980	0.00091879
5.56000000	0.00260395	0.00310890	0.00299712	0.00288790	0.00266040	0.00478079	0.00458926	0.00482868	0.00200700	0.00416991	0.00176649	0.00241351	0.00134476	0.00122566	0.00154825	0.00321522	0.00237462	0.00069840	0.00392220	0.00085017	0.00201495	0.00195309	0.00449438	0.00058041	0.00150933	0.00116395	0.00098754
5.57000000	0.00264167	0.00308022	0.00301450	0.00258325	0.00252559	0.00471182	0.00473307	0.00501919	0.00221227	0.00346673	0.00191284	0.00252023	0.00138176	0.00147566	0.00184396	0.00308261	0.00206385	0.00057676	0.00361676	0.00078601	0.00191415	0.00180162	0.00452673	0.00057892	0.00129342	0.00043776	0.00063907
5.58000000	0.00245794	0.00285282	0.00275523	0.00262422	0.00245431	0.00556038	0.00381228	0.00607787	0.00218269	0.00400904	0.00151676	0.00240572	0.00128217	0.00150972	0.00179531	0.00313685	0.00262446	0.00080051	0.00343272	0.00066168	0.00181508	0.00158331	0.00437040	0.00015048	0.00115525	0.00037295	0.00083711
5.59000000	0.00205302	0.00245010	0.00289784	0.00195535	0.00226570	0.00480904	0.00501390	0.00618351	0.00275632	0.00283878	0.00133203	0.00227522	0.00137972	0.00166531	0.00202849	0.00305986	0.00188116	0.00061820	0.00305505	0.00071767	0.00176669	0.00137797	0.00435631	0.00028305	0.00058640	0.00042707	0.00037446
5.60000000	0.00164176	0.00240960	0.00261596	0.00204406	0.00217328	0.00596975	0.00430775	0.00703469	0.00287500	0.00283744	0.00113406	0.00236031	0.00138314	0.00169129	0.00212963	0.00291572	0.00223856	0.00067018	0.00271504	0.00069786	0.00163572	0.00129625	0.00424563	0.00059805	0.00060659	0.00063943	0.00020616
5.61000000	0.00190984	0.00224802	0.00268432	0.00189604	0.00215289	0.00652761	0.00435964	0.00742839	0.00321881	0.00235503	0.00117262	0.00224178	0.00129237	0.00195174	0.00234113	0.00292129	0.00214183	0.00071626	0.00254778	0.00077735	0.00149581	0.00120261	0.00403891	0.00086674	0.00055371	0.00090910	0.00026313
5.62000000	0.00212143	0.00197694	0.00267078	0.00150261	0.00199577	0.00684721	0.00425954	0.00794750	0.00339967	0.00255827	0.00146126	0.00217464	0.00122084	0.00207285	0.00249405	0.00293665	0.00195628	0.00080512	0.00230135	0.00079065	0.00149672	0.00105495	0.00409200	0.00109242	0.00049502	0.00108698	0.00032029
5.63000000	0.00229587	0.00170556	0.00258594	0.00120833	0.00184418	0.00711946	0.00410327	0.00845018	0.00354703	0.00288160	0.00160666	0.00217153	0.00118751	0.00208482	0.00259381	0.00299482	0.00182122	0.00083655	0.00204968	0.00083484	0.00147527	0.00097859	0.00412437	0.00125594	0.00065482	0.00114567	0.00026277
5.64000000	0.00239836	0.00145882	0.00249573	0.00107244	0.00174678	0.00742816	0.00392295	0.00870858	0.00376039	0.00317086	0.00169730	0.00210399	0.00115867	0.00214055	0.00270124	0.00299933	0.00184857	0.00092678	0.00183017	0.00094037	0.00142824	0.00099718	0.00406449	0.00130761	0.00083456	0.00117325	0.00033713
5.65000000	0.00250106	0.00123074	0.00239361	0.00096426	0.00164826	0.00754663	0.00366256	0.00879984	0.00394515	0.00348173	0.00181373	0.00200557	0.00109926	0.00221010	0.00281001	0.00300352	0.00187828	0.00099104	0.00160753	0.00105053	0.00135883	0.00106925	0.00403493	0.00127959	0.00105686	0.00117560	0.00044292
5.66000000	0.00206639	0.00116073	0.00206534	0.00097642	0.00145705	0.00771933	0.00268935	0.00908539	0.00402251	0.00335054	0.00259848	0.00188815	0.00082653	0.00239608	0.00293337	0.00276541	0.00227768	0.00109014	0.00139853	0.00119358	0.00130272	0.00115262	0.00404203	0.00124586	0.00130927	0.00114140	0.00062777
5.67000000	0.00258354	0.00084136	0.00218142	0.00085017	0.00147168	0.00717798	0.00282792	0.00840476	0.00427908	0.00397268	0.00212660	0.00174933	0.00082529	0.00236784	0.00297350	0.00296487	0.00216843	0.00117735	0.00136358	0.00136047	0.00125575	0.00130726	0.00390662	0.00122068	0.00150544	0.00111429	0.00077468
5.68000000	0.00266306	0.00058818	0.00198376	0.00071342	0.00128338	0.00663713	0.00249443	0.00790847	0.00430912	0.00422424	0.00214981	0.00177382	0.00101636	0.00221653	0.00302430	0.00312174	0.00199434	0.00123053	0.00124964	0.00147054	0.00124573	0.00140681	0.00401167	0.00122688	0.00160502	0.00103098	0.00072296
5.69000000	0.00237586	0.00054941	0.00168364	0.00069719	0.00109595	0.00609902	0.00177582	0.00739711	0.00445509	0.00392714	0.00296913	0.00164929	0.00071927	0.00245796	0.00317756	0.00287662	0.00229295	0.00132733	0.00114090	0.00165027	0.00118861	0.00153630	0.00408682	0.00118889	0.00176377	0.00109403	0.00086206
5.70000000	0.00253938	0.00069592	0.00166528	0.00064684	0.00102845	0.00537200	0.00164869	0.00649186	0.00439449	0.00437184	0.00220289	0.00171898	0.00113841	0.00207289	0.00312380	0.00329070	0.00201313	0.00141252	0.00114257	0.00181175	0.00116894	0.00169799	0.00403606	0.00134380	0.00188185	0.00101819	0.00083699
5.71000000	0.00246189	0.00112237	0.00153566	0.00062031	0.00090573	0.00488147	0.00121276	0.00563988	0.00426811	0.00425489	0.00208733	0.00163712	0.00133449	0.00193431	0.00315404	0.00346671	0.00194996	0.00153636	0.00110813	0.00197497	0.00115913	0.00183233	0.00405146	0.00142532	0.00195483	0.00111632	0.00082995
5.72000000	0.00246842	0.00122204	0.00124530	0.00057271	0.00064023	0.00403616	0.00087464	0.00500670	0.00422913	0.00390232	0.00263723	0.00170742	0.00078899	0.00213468	0.00323647	0.00328673	0.00218778	0.00145784	0.00121652	0.00215210	0.00107002	0.00203924	0.00423670	0.00145677	0.00215908	0.00126662	0.00102478
5.73000000	0.00237254	0.00185231	0.00129213	0.00061780	0.00066232	0.00340081	0.00084436	0.00417382	0.00413436	0.00412329	0.00205053	0.00177761	0.00120536	0.00183845	0.00322219	0.00353461	0.00216423	0.00165164	0.00121874	0.00232728	0.00108200	0.00213772	0.00412902	0.00173698	0.00216981	0.00125971	0.00108674
5.74000000	0.00223745	0.00167588	0.00101698	0.00067405	0.00049830	0.00259999	0.00108971	0.00356293	0.00422693	0.00391161	0.00294566	0.00209708	0.00077562	0.00214235	0.00338409	0.00333050	0.00223126	0.00180504	0.00122348	0.00251875	0.00110047	0.00228345	0.00426600	0.00196994	0.00218063	0.00131613	0.00110775
5.75000000	0.00245036	0.00211203	0.00083340	0.00071643	0.00023159	0.00197279	0.00145129	0.00326200	0.00391019	0.00364120	0.00317504	0.00228022	0.00052785	0.00222660	0.00336386	0.00340568	0.00248233	0.00183757	0.00124269	0.00272089	0.00108413	0.00252357	0.00449684	0.00215548	0.00224572	0.00132999	0.00119137
5.76000000	0.00195758	0.00296267	0.00102622	0.00071709	0.00040038	0.00266138	0.00228271	0.00213828	0.00360805	0.00327542	0.00191354	0.00180592	0.00111508	0.00197871	0.00350933	0.00362450	0.00180715	0.00189233	0.00129598	0.00278713	0.00103435	0.00245122	0.00431679	0.00225219	0.00228097	0.00150455	0.00119125
5.77000000	0.00195261	0.00326581	0.00094157	0.00077286	0.00031880	0.00203080	0.00234208	0.00182482	0.00358980	0.00338575	0.00180361	0.00211839	0.00089992	0.00204244	0.00354475	0.00355138	0.00221965	0.00197380	0.00134483	0.00297725	0.00100840	0.00260440	0.00442225	0.00239248	0.00233043	0.00158326	0.00127935
5.78000000	0.00182331	0.00293901	0.00087253	0.00088975	0.00044266	0.00128630	0.00273102	0.00172285	0.00371451	0.00338811	0.00280059	0.00266615	0.00115087	0.00238083	0.00362116	0.00365465	0.00206819	0.00215325	0.00132069	0.00318130	0.00103667	0.00275922	0.00453076	0.00243074	0.00234547	0.00192261	0.00126933
5.79000000	0.00215291	0.00365252	0.00081344	0.00101937	0.00041772	0.00155099	0.00285183	0.00158207	0.00342722	0.00310095	0.00245030	0.00291728	0.00081639	0.00247426	0.00359737	0.00359847	0.00260552	0.00207333	0.00146482	0.00336536	0.00099409	0.00299198	0.00479053	0.00258736	0.00241379	0.00163568	0.00137561
5.80000000	0.00182891	0.00463108	0.00097305	0.00086116	0.00035914	0.00173195	0.00254755	0.00100984	0.00349700	0.00342848	0.00183656	0.00290419	0.00088798	0.00216752	0.00377418	0.00361468	0.00276121	0.00223144	0.00147157	0.00349558	0.00097795	0.00298041	0.00466364	0.00272578	0.00242756	0.00158944	0.00149603
5.81000000	0.00148275	0.00485663	0.00094865	0.00099130	0.00044710	0.00191547	0.00351419	0.00060190	0.00337742	0.00302487	0.00169712	0.00252374	0.00080404	0.00258555	0.00396985	0.00348425	0.00209065	0.00224486	0.00145665	0.00353740	0.00098228	0.00292981	0.00467092	0.00269580	0.00237754	0.00162326	0.00144157
5.82000000	0.00142791	0.00533443	0.00100952	0.00099219	0.00049608	0.00202796	0.00351509	0.00071129	0.00342773	0.00312135	0.00170162	0.00282265	0.00080207	0.00261641	0.00401292	0.00353581	0.00234854	0.00232312	0.00147147	0.00371335	0.00095621	0.00304154	0.00473170	0.00275572	0.00240994	0.00151028	0.00152591
5.83000000	0.00155846	0.00512069	0.00098900	0.00117918	0.00069250	0.00230066	0.00376693	0.00082733	0.00346185	0.00316650	0.00221055	0.00357961	0.00116194	0.00300585	0.00390102	0.00378968	0.00222875	0.00230268	0.00159110	0.00388767	0.00091183	0.00321455	0.00495163	0.00271513	0.00248078	0.00144063	0.00150262
5.84000000	0.00133409	0.00619858	0.00103847	0.00097978	0.00053839	0.00258271	0.00382765	0.00115011	0.00349710	0.00322481	0.00174314	0.00325780	0.00069812	0.00286657	0.00411739	0.00353703	0.00259166	0.00250904	0.00144637	0.00403785	0.00096502	0.00322543	0.00486433	0.00276696	0.00239134	0.00145560	0.00158919
5.85000000	0.00153945	0.00591092	0.00107188	0.00117271	0.00074825	0.00296963	0.00402779	0.00146842	0.00357539	0.00326035	0.00226978	0.00407471	0.00138340	0.00321588	0.00398734	0.00385402	0.00234770	0.00243925	0.00161726	0.00417830	0.00096010	0.00340607	0.00505331	0.00271709	0.00252635	0.00123221	0.00156295
5.86000000	0.00122252	0.00684540	0.00108299	0.00101521	0.00064511	0.00297272	0.00453105	0.00182654	0.00361467	0.00318110	0.00176735	0.00338563	0.00079493	0.00317568	0.00433031	0.00350297	0.00211181	0.00242580	0.00161120	0.00423894	0.00095506	0.00336806	0.00500183	0.00258111	0.00252857	0.00121426	0.00161318
5.87000000	0.00130694	0.00664222	0.00105809	0.00116203	0.00075916	0.00337833	0.00457382	0.00224422	0.00379409	0.00335061	0.00199386	0.00395985	0.00103413	0.00347751	0.00447997	0.00330712	0.00224366	0.00242763	0.00162168	0.00437481	0.00103571	0.00352395	0.00516942	0.00246936	0.00253042	0.00115969	0.00157575
5.88000000	0.00137792	0.00669478	0.00106002	0.00122445	0.00082958	0.00376439	0.00469579	0.00253251	0.00387680	0.00350124	0.00206942	0.00425473	0.00138994	0.00362011	0.00462088	0.00313451	0.00240140	0.00238725	0.00166275	0.00451410	0.00104876	0.00365317	0.00529898	0.00227123	0.00258311	0.00117409	0.00158660
5.89000000	0.00118253	0.00762103	0.00109098	0.00100868	0.00068780	0.00357524	0.00525924	0.00282104	0.00385710	0.00331975	0.00172691	0.00368164	0.00114354	0.00345272	0.00463393	0.00311905	0.00199673	0.00232445	0.00173262	0.00456126	0.00103291	0.00357956	0.00514065	0.00210582	0.00268686	0.00095830	0.00169081
5.90000000	0.00138021	0.00717305	0.00107472	0.00119746	0.00083796	0.00390351	0.00535866	0.00315524	0.00396573	0.00340913	0.00205235	0.00440390	0.00207092	0.00360768	0.00465628	0.00305839	0.00175237	0.00224467	0.00176875	0.00468498	0.00112479	0.00374080	0.00537444	0.00191032	0.00271457	0.00092503	0.00160625
5.91000000	0.00128671	0.00760451	0.00097487	0.00110610	0.00071931	0.00421036	0.00535436	0.00344866	0.00409157	0.00356449	0.00187526	0.00406122	0.00198814	0.00355453	0.00488282	0.00265306	0.00245106	0.00214851	0.00188332	0.00476851	0.00107146	0.00378340	0.00535801	0.00158589	0.00279963	0.00071954	0.00175088
5.92000000	0.00158401	0.00717685	0.00109096	0.00125386	0.00091174	0.00441945	0.00556535	0.00366732	0.00409419	0.00353377	0.00217998	0.00474356	0.00317718	0.00352451	0.00475628	0.00274267	0.00181145	0.00205372	0.00193827	0.00486725	0.00124374	0.00393746	0.00558641	0.00138027	0.00286954	0.00067306	0.00166427
5.93000000	0.00142360	0.00840508	0.00091890	0.00083286	0.00055042	0.00436188	0.00591406	0.00366740	0.00412148	0.00339740	0.00178194	0.00385000	0.00257210	0.00307089	0.00485612	0.00234352	0.00214168	0.00198069	0.00215747	0.00490068	0.00123096	0.00386316	0.00538959	0.00104476	0.00300646	0.00034364	0.00186152
5.94000000	0.00145245	0.00809891	0.00089158	0.00095327	0.00063845	0.00463279	0.00600893	0.00394586	0.00422945	0.00350318	0.00191259	0.00396042	0.00326558	0.00309604	0.00493834	0.00211475	0.00197324	0.00183012	0.00231946	0.00494718	0.00127618	0.00398208	0.00556177	0.00067808	0.00311408	0.00015329	0.00180777
5.95000000	0.00149547	0.00823984	0.00082620	0.00090023	0.00059808	0.00483639	0.00606644	0.00419644	0.00437836	0.00349870	0.00191536	0.00378632	0.00357041	0.00296625	0.00501016	0.00178648	0.00215865	0.00172714	0.00248456	0.00497851	0.00137053	0.00403752	0.00567131	0.00042078	0.00316377	0.00020319	0.00186493
5.96000000	0.00161232	0.00862274	0.00077232	0.00069563	0.00045410	0.00487018	0.00636027	0.00424410	0.00429785	0.00344648	0.00178282	0.00359595	0.00404792	0.00266599	0.00479104	0.00160081	0.00212765	0.00163215	0.00275164	0.00499381	0.00149418	0.00407871	0.00573263	0.00032157	0.00331804	0.00030818	0.00197955
5.97000000	0.00173095	0.00837145	0.00088333	0.00076356	0.00059120	0.00511123	0.00647893	0.00448846	0.00444436	0.00349799	0.00193779	0.00359934	0.00466454	0.00260945	0.00474977	0.00153546	0.00203568	0.00151987	0.00304203	0.00499401	0.00147135	0.00416690	0.00587436	0.00050639	0.00345570	0.00046757	0.00198649
5.98000000	0.00194641	0.00879437	0.00071771	0.00053423	0.00041339	0.00516770	0.00674242	0.00457665	0.00440228	0.00343657	0.00181948	0.00335912	0.00503427	0.00240390	0.00452642	0.00141084	0.00221066	0.00159117	0.00323293	0.00502633	0.00163640	0.00418966	0.00598087	0.00076462	0.00351305	0.00066279	0.00201387
5.99000000	0.00210204	0.00825889	0.00109815	0.00067249	0.00071176	0.00546102	0.00686546	0.00485382	0.00459379	0.00351331	0.00207407	0.00343515	0.00568170	0.00247952	0.00449084	0.00157974	0.00219251	0.00151900	0.00355335	0.00501200	0.00159219	0.00429049	0.00620067	0.00100631	0.00364500	0.00082740	0.00198069
6.00000000	0.00229401	0.00800521	0.00137856	0.00070444	0.00087090	0.00571511	0.00702224	0.00510107	0.00471772	0.00358005	0.00222122	0.00344085	0.00626238	0.00250527	0.00429436	0.00173855	0.00231471	0.00165589	0.00377806	0.00489976	0.00172512	0.00435075	0.00641242	0.00119601	0.00375991	0.00106727	0.00194657
6.01000000	0.00253344	0.00885050	0.00096063	0.00036091	0.00047515	0.00550191	0.00717782	0.00523204	0.00451572	0.00361059	0.00179675	0.00296725	0.00655687	0.00232706	0.00385803	0.00179204	0.00262139	0.00176069	0.00417891	0.00504721	0.00182736	0.00442766	0.00649850	0.00136309	0.00391376	0.00110199	0.00209953
6.02000000	0.00248220	0.00854396	0.00137768	0.00046525	0.00070836	0.00594391	0.00750185	0.00545821	0.00477106	0.00361525	0.00205153	0.00307204	0.00694830	0.00241498	0.00367807	0.00207164	0.00257473	0.00208502	0.00434394	0.00477240	0.00198704	0.00443209	0.00667790	0.00152363	0.00395725	0.00131071	0.00210612
6.03000000	0.00259563	0.00864957	0.00142243	0.00034186	0.00058946	0.00598286	0.00777663	0.00552039	0.00475488	0.00371094	0.00201075	0.00307759	0.00736131	0.00239989	0.00339547	0.00228134	0.00256660	0.00224126	0.00476716	0.00480696	0.00200426	0.00455052	0.00683881	0.00180968	0.00413714	0.00118812	0.00224190
6.04000000	0.00313799	0.00754939	0.00212863	0.00026405	0.00096510	0.00621833	0.00822980	0.00564950	0.00492107	0.00368822	0.00269753	0.00363100	0.00825342	0.00258358	0.00321317	0.00221640	0.00270474	0.00244171	0.00491449	0.00480437	0.00216661	0.00462949	0.00716374	0.00177445	0.00416550	0.00148309	0.00202213
6.05000000	0.00293887	0.00845250	0.00188411	0.00047341	0.00076466	0.00630546	0.00818999	0.00594105	0.00488927	0.00394727	0.00213998	0.00332320	0.00826228	0.00258193	0.00290468	0.00248875	0.00231562	0.00277843	0.00528135	0.00464943	0.00221818	0.00469514	0.00722130	0.00201663	0.00428372	0.00139916	0.00225968
6.06000000	0.00313761	0.00900741	0.00175147	0.00078876	0.00062167	0.00616106	0.00859895	0.00594357	0.00474814	0.00380626	0.00222953	0.00379524	0.00848284	0.00246598	0.00267561	0.00255765	0.00201917	0.00303697	0.00559836	0.00462182	0.00225350	0.00475115	0.00726896	0.00206969	0.00440282	0.00148143	0.00229251
6.07000000	0.00327967	0.00886828	0.00202206	0.00085845	0.00074426	0.00625443	0.00874087	0.00619530	0.00481197	0.00398328	0.00222267	0.00406762	0.00890596	0.00264377	0.00256624	0.00264937	0.00182483	0.00328769	0.00584634	0.00455377	0.00231524	0.00483025	0.00742474	0.00220818	0.00445943	0.00145332	0.00231246
6.08000000	0.00396869	0.00737495	0.00271155	0.00074375	0.00096732	0.00639784	0.00947219	0.00607363	0.00488906	0.00382149	0.00316633	0.00472968	0.01014205	0.00276713	0.00216308	0.00181135	0.00186139	0.00342711	0.00608781	0.00459805	0.00246679	0.00491867	0.00759919	0.00207373	0.00453194	0.00168493	0.00236935
6.09000000	0.00374189	0.00873301	0.00243354	0.00095271	0.00088469	0.00641295	0.00904023	0.00643876	0.00483163	0.00416466	0.00233460	0.00460296	0.00969855	0.00297741	0.00250572	0.00273519	0.00146193	0.00374299	0.00633849	0.00446639	0.00240363	0.00502767	0.00769411	0.00236174	0.00456142	0.00150055	0.00237935
6.10000000	0.00385028	0.00803319	0.00295802	0.00081846	0.00119907	0.00662132	0.00917898	0.00669294	0.00496429	0.00434003	0.00238904	0.00463429	0.01020459	0.00331465	0.00258034	0.00269071	0.00143840	0.00393587	0.00651645	0.00441386	0.00245965	0.00512276	0.00785498	0.00244296	0.00458841	0.00148205	0.00233482
6.11000000	0.00417087	0.00843135	0.00292450	0.00103041	0.00116857	0.00655504	0.00922949	0.00676033	0.00488242	0.00436528	0.00242746	0.00507752	0.01035802	0.00314212	0.00263984	0.00267255	0.00147094	0.00407375	0.00669900	0.00440551	0.00247188	0.00517041	0.00788052	0.00249538	0.00458926	0.00141493	0.00236118
6.12000000	0.00489611	0.00702042	0.00334374	0.00097957	0.00129603	0.00656799	0.00965587	0.00672865	0.00491758	0.00432592	0.00303617	0.00536572	0.01107227	0.00327565	0.00273318	0.00247670	0.00144864	0.00393685	0.00690281	0.00465582	0.00245251	0.00519954	0.00796263	0.00235052	0.00467716	0.00155087	0.00227180
6.13000000	0.00540918	0.00594881	0.00376885	0.00103815	0.00156684	0.00680906	0.00992387	0.00674171	0.00499239	0.00438130	0.00336190	0.00541527	0.01148541	0.00352017	0.00294892	0.00261469	0.00226613	0.00380741	0.00697098	0.00482971	0.00244953	0.00516146	0.00800165	0.00221424	0.00465055	0.00152069	0.00210521
6.14000000	0.00517191	0.00752201	0.00360765	0.00104058	0.00162589	0.00689363	0.00926557	0.00723833	0.00494538	0.00454762	0.00251043	0.00511394	0.01088888	0.00305101	0.00304078	0.00257513	0.00155223	0.00421185	0.00706392	0.00447892	0.00248499	0.00528490	0.00798519	0.00254326	0.00451472	0.00131625	0.00233206
6.15000000	0.00540126	0.00704691	0.00383554	0.00106380	0.00180019	0.00709632	0.00918895	0.00745464	0.00498604	0.00462565	0.00241091	0.00480024	0.01092950	0.00315366	0.00323103	0.00255374	0.00164740	0.00416255	0.00716372	0.00457208	0.00243913	0.00531794	0.00798120	0.00253567	0.00449691	0.00131031	0.00226638
6.16000000	0.00594477	0.00677060	0.00388915	0.00111494	0.00184799	0.00721826	0.00916769	0.00755591	0.00497311	0.00461863	0.00253297	0.00465482	0.01084513	0.00331519	0.00327251	0.00259460	0.00169826	0.00405668	0.00717048	0.00466981	0.00244109	0.00528992	0.00793654	0.00247555	0.00436095	0.00128472	0.00222735
6.17000000	0.00616058	0.00653528	0.00394352	0.00121050	0.00192651	0.00742244	0.00897830	0.00780924	0.00497591	0.00465418	0.00234772	0.00436030	0.01063570	0.00378590	0.00336709	0.00268848	0.00170016	0.00390378	0.00722919	0.00478583	0.00232269	0.00527534	0.00789356	0.00248563	0.00434128	0.00132673	0.00218110
6.18000000	0.00648336	0.00634040	0.00394404	0.00128866	0.00196149	0.00762576	0.00887824	0.00796155	0.00492737	0.00464737	0.00237855	0.00411307	0.01030443	0.00438599	0.00336714	0.00284108	0.00164703	0.00376825	0.00723076	0.00486442	0.00226909	0.00523726	0.00777936	0.00248922	0.00425764	0.00126186	0.00214810
6.19000000	0.00687858	0.00600013	0.00386254	0.00146169	0.00194939	0.00776935	0.00880978	0.00813525	0.00489930	0.00459848	0.00252514	0.00405422	0.01003227	0.00509786	0.00319851	0.00278810	0.00205241	0.00353190	0.00723569	0.00502712	0.00218686	0.00516374	0.00760279	0.00239539	0.00415468	0.00127876	0.00221874
6.20000000	0.00699489	0.00615257	0.00371904	0.00150845	0.00188521	0.00799602	0.00857442	0.00829934	0.00481390	0.00445966	0.00237907	0.00372049	0.00944440	0.00570254	0.00323994	0.00307615	0.00155750	0.00338455	0.00717192	0.00506225	0.00210850	0.00514191	0.00757120	0.00249252	0.00406078	0.00130267	0.00207431
6.21000000	0.00737683	0.00592476	0.00348825	0.00175898	0.00180287	0.00821501	0.00865350	0.00822957	0.00474914	0.00415390	0.00264195	0.00380656	0.00899676	0.00640199	0.00311881	0.00326016	0.00198424	0.00312500	0.00706450	0.00525775	0.00202220	0.00510020	0.00747623	0.00239386	0.00385281	0.00146112	0.00199655
6.22000000	0.00745803	0.00612038	0.00330932	0.00162481	0.00165127	0.00811375	0.00854594	0.00850149	0.00457303	0.00386348	0.00240083	0.00361702	0.00837848	0.00642833	0.00298175	0.00314574	0.00146695	0.00300147	0.00703115	0.00519850	0.00198133	0.00501293	0.00729787	0.00249911	0.00383757	0.00144680	0.00195895
6.23000000	0.00755940	0.00617532	0.00303977	0.00183217	0.00156456	0.00829114	0.00853445	0.00850335	0.00440694	0.00352140	0.00258974	0.00383008	0.00787169	0.00671796	0.00272904	0.00327238	0.00187549	0.00280507	0.00692740	0.00527281	0.00187704	0.00494703	0.00715279	0.00254968	0.00363347	0.00148804	0.00201546
6.24000000	0.00755527	0.00577462	0.00309991	0.00169508	0.00153563	0.00813061	0.00879274	0.00873057	0.00429971	0.00305467	0.00245866	0.00395956	0.00727441	0.00607246	0.00272284	0.00263905	0.00137639	0.00258397	0.00678755	0.00525725	0.00181338	0.00480915	0.00700433	0.00256849	0.00352988	0.00159257	0.00192771
6.25000000	0.00761216	0.00607544	0.00273779	0.00185304	0.00139082	0.00812436	0.00870046	0.00880926	0.00409008	0.00271921	0.00278900	0.00432340	0.00669720	0.00602870	0.00264829	0.00292619	0.00181625	0.00250042	0.00664015	0.00521490	0.00167932	0.00473582	0.00684083	0.00259993	0.00330646	0.00179150	0.00194154
6.26000000	0.00750542	0.00594607	0.00263932	0.00181315	0.00127085	0.00813355	0.00874898	0.00890118	0.00397999	0.00227114	0.00275067	0.00472856	0.00621191	0.00508425	0.00257004	0.00222131	0.00151687	0.00230949	0.00651829	0.00516378	0.00162405	0.00460975	0.00668749	0.00264641	0.00327873	0.00177306	0.00179704
6.27000000	0.00739334	0.00642235	0.00228215	0.00197465	0.00115888	0.00818296	0.00863439	0.00891026	0.00380078	0.00204119	0.00298237	0.00530471	0.00574441	0.00466648	0.00250731	0.00247984	0.00196770	0.00219793	0.00636376	0.00504966	0.00151206	0.00449000	0.00653096	0.00270668	0.00310055	0.00182948	0.00180991
6.28000000	0.00736451	0.00628196	0.00218762	0.00196790	0.00108733	0.00806562	0.00865918	0.00906874	0.00375508	0.00206784	0.00305531	0.00570404	0.00534643	0.00367362	0.00255658	0.00176763	0.00172920	0.00212152	0.00618382	0.00491913	0.00143826	0.00433094	0.00631127	0.00267537	0.00303887	0.00188640	0.00158909
6.29000000	0.00729649	0.00634447	0.00202164	0.00199248	0.00098970	0.00802424	0.00864382	0.00913148	0.00372450	0.00221419	0.00324652	0.00608924	0.00504571	0.00285493	0.00260244	0.00161199	0.00185130	0.00201443	0.00601261	0.00474282	0.00132463	0.00417759	0.00613915	0.00261870	0.00291164	0.00201213	0.00156556
6.30000000	0.00715754	0.00695546	0.00180812	0.00199526	0.00093832	0.00783671	0.00867688	0.00916632	0.00356349	0.00237757	0.00344491	0.00661944	0.00466480	0.00241459	0.00273385	0.00203705	0.00228695	0.00207149	0.00582438	0.00443444	0.00120981	0.00399284	0.00586185	0.00271387	0.00269404	0.00197345	0.00164448
6.31000000	0.00702143	0.00754422	0.00168451	0.00203897	0.00096031	0.00760151	0.00861286	0.00926165	0.00347894	0.00252708	0.00354707	0.00693358	0.00440677	0.00202904	0.00289482	0.00240955	0.00274808	0.00213388	0.00563897	0.00410729	0.00109350	0.00381395	0.00556848	0.00274995	0.00256128	0.00199854	0.00163149
6.32000000	0.00711898	0.00719608	0.00156755	0.00234118	0.00114952	0.00783687	0.00836217	0.00918393	0.00366748	0.00264572	0.00319967	0.00699416	0.00455399	0.00148714	0.00270912	0.00171216	0.00222475	0.00187283	0.00541977	0.00400982	0.00107162	0.00358388	0.00539755	0.00252065	0.00255026	0.00206689	0.00135260
6.33000000	0.00684649	0.00785753	0.00167316	0.00221269	0.00113286	0.00744372	0.00848657	0.00926247	0.00344208	0.00254158	0.00312226	0.00676874	0.00408291	0.00133306	0.00319355	0.00242139	0.00246994	0.00205834	0.00518088	0.00353871	0.00099994	0.00342099	0.00507382	0.00267974	0.00236665	0.00197944	0.00129854
6.34000000	0.00711231	0.00700102	0.00153634	0.00227465	0.00109927	0.00761763	0.00833997	0.00906496	0.00350021	0.00242033	0.00274393	0.00650325	0.00441284	0.00109158	0.00281070	0.00172877	0.00214543	0.00170550	0.00501845	0.00343195	0.00095121	0.00320046	0.00497129	0.00236224	0.00242294	0.00228198	0.00119154
6.35000000	0.00698725	0.00742068	0.00166824	0.00212398	0.00110779	0.00704081	0.00842851	0.00908302	0.00316490	0.00202886	0.00252406	0.00602238	0.00399122	0.00087407	0.00289763	0.00163692	0.00219774	0.00187592	0.00479131	0.00300598	0.00094179	0.00308593	0.00462570	0.00244380	0.00217252	0.00220125	0.00124136
6.36000000	0.00714058	0.00707377	0.00162914	0.00224226	0.00121319	0.00685175	0.00829907	0.00887834	0.00306869	0.00178063	0.00216041	0.00547551	0.00395525	0.00074136	0.00279423	0.00128428	0.00185095	0.00166662	0.00454522	0.00281261	0.00095424	0.00286548	0.00442271	0.00234308	0.00203814	0.00230070	0.00117102
6.37000000	0.00714851	0.00611461	0.00167879	0.00201097	0.00103189	0.00685897	0.00804945	0.00873079	0.00302903	0.00191107	0.00192053	0.00478177	0.00366358	0.00069977	0.00285164	0.00140996	0.00178584	0.00161293	0.00437285	0.00259853	0.00091365	0.00274319	0.00420359	0.00231411	0.00198004	0.00239665	0.00109124
6.38000000	0.00695568	0.00637103	0.00172949	0.00205992	0.00115165	0.00623741	0.00800976	0.00849137	0.00271936	0.00168659	0.00154085	0.00349731	0.00341573	0.00068801	0.00276036	0.00105981	0.00153097	0.00167026	0.00420774	0.00230642	0.00087249	0.00268488	0.00386331	0.00248159	0.00188717	0.00232024	0.00104705
6.39000000	0.00693643	0.00526889	0.00170743	0.00194530	0.00106036	0.00651840	0.00755783	0.00804276	0.00270891	0.00197368	0.00149851	0.00290992	0.00321429	0.00069122	0.00269613	0.00114161	0.00161424	0.00149964	0.00405518	0.00219134	0.00082656	0.00253358	0.00371711	0.00256762	0.00185376	0.00232048	0.00096516
6.40000000	0.00694698	0.00508833	0.00162907	0.00207968	0.00120414	0.00568793	0.00731215	0.00777328	0.00257248	0.00204416	0.00128654	0.00190795	0.00296683	0.00102339	0.00254323	0.00076648	0.00089929	0.00137081	0.00386991	0.00205899	0.00075257	0.00239254	0.00341649	0.00245264	0.00172962	0.00253126	0.00095245
6.41000000	0.00635487	0.00540980	0.00177483	0.00205073	0.00128636	0.00488194	0.00708433	0.00754684	0.00241579	0.00226915	0.00084720	0.00079250	0.00220073	0.00175398	0.00281521	0.00064896	0.00053242	0.00146927	0.00375817	0.00181497	0.00068746	0.00246846	0.00310956	0.00267585	0.00162316	0.00236247	0.00107650
6.42000000	0.00646675	0.00364550	0.00148885	0.00205007	0.00119383	0.00527339	0.00633707	0.00688163	0.00247270	0.00242081	0.00126471	0.00118148	0.00246492	0.00174537	0.00241149	0.00128407	0.00103336	0.00107019	0.00361862	0.00194350	0.00061239	0.00217194	0.00312538	0.00253284	0.00160743	0.00256673	0.00086216
6.43000000	0.00623718	0.00343218	0.00124441	0.00215673	0.00126328	0.00451931	0.00611178	0.00633427	0.00226397	0.00242252	0.00107254	0.00127155	0.00230493	0.00224164	0.00230406	0.00139206	0.00066417	0.00095073	0.00355861	0.00192504	0.00047826	0.00209697	0.00287270	0.00248698	0.00156868	0.00262855	0.00088292
6.44000000	0.00584555	0.00261144	0.00113142	0.00209904	0.00124317	0.00442464	0.00576905	0.00568041	0.00219621	0.00218782	0.00132787	0.00169710	0.00224411	0.00267838	0.00218309	0.00180909	0.00084353	0.00082046	0.00343258	0.00193519	0.00037706	0.00199425	0.00281409	0.00252758	0.00148075	0.00258948	0.00085004
6.45000000	0.00510145	0.00270091	0.00100068	0.00225450	0.00140658	0.00388306	0.00521377	0.00537905	0.00211192	0.00234726	0.00074341	0.00238142	0.00229360	0.00316145	0.00217557	0.00189472	0.00101963	0.00089325	0.00341420	0.00194981	0.00018028	0.00198767	0.00252404	0.00261094	0.00146072	0.00248701	0.00091996
6.46000000	0.00481862	0.00213502	0.00059733	0.00232949	0.00148332	0.00348921	0.00499441	0.00479564	0.00190228	0.00199746	0.00085050	0.00263569	0.00246866	0.00355757	0.00202711	0.00227199	0.00108830	0.00062917	0.00335275	0.00205985	0.00023746	0.00190978	0.00253704	0.00261841	0.00138608	0.00248082	0.00090698
6.47000000	0.00414795	0.00189126	0.00051658	0.00242774	0.00163347	0.00331587	0.00451354	0.00437328	0.00176498	0.00196996	0.00061411	0.00303456	0.00276204	0.00387944	0.00191540	0.00252214	0.00126734	0.00069811	0.00332005	0.00216251	0.00031926	0.00191131	0.00239560	0.00266016	0.00135259	0.00244110	0.00087545
6.48000000	0.00383791	0.00104145	0.00070539	0.00237022	0.00171785	0.00318517	0.00421811	0.00385262	0.00165504	0.00156407	0.00090748	0.00293522	0.00286881	0.00413801	0.00180519	0.00267442	0.00161907	0.00044364	0.00322871	0.00228670	0.00041721	0.00188538	0.00249296	0.00260709	0.00122879	0.00253485	0.00084384
6.49000000	0.00325938	0.00102500	0.00116109	0.00233653	0.00186368	0.00336063	0.00358396	0.00341323	0.00159900	0.00151256	0.00093317	0.00295730	0.00305921	0.00396925	0.00176738	0.00258125	0.00187009	0.00060571	0.00316160	0.00244475	0.00049000	0.00197811	0.00245926	0.00262064	0.00114189	0.00255855	0.00076269
6.50000000	0.00276568	0.00117839	0.00138784	0.00274124	0.00225968	0.00320906	0.00284119	0.00333320	0.00146446	0.00180512	0.00043547	0.00326787	0.00357478	0.00432362	0.00156835	0.00279574	0.00213765	0.00073262	0.00319574	0.00253354	0.00068584	0.00201615	0.00225855	0.00262871	0.00111340	0.00265870	0.00082024
6.51000000	0.00305332	0.00131935	0.00207093	0.00262159	0.00247963	0.00294488	0.00293437	0.00281610	0.00123421	0.00124616	0.00057223	0.00304081	0.00369455	0.00424581	0.00131905	0.00285085	0.00210726	0.00051345	0.00301513	0.00263273	0.00074381	0.00205328	0.00243897	0.00276720	0.00091090	0.00258615	0.00071984
6.52000000	0.00310600	0.00226646	0.00249373	0.00243418	0.00255821	0.00322524	0.00223852	0.00261712	0.00121235	0.00126679	0.00056676	0.00291683	0.00368563	0.00326944	0.00120224	0.00248392	0.00219577	0.00048670	0.00288488	0.00273209	0.00080450	0.00217421	0.00257868	0.00271069	0.00071519	0.00275556	0.00068829
6.53000000	0.00405834	0.00182421	0.00278718	0.00281750	0.00293863	0.00304072	0.00162990	0.00259153	0.00112874	0.00128078	0.00063709	0.00304508	0.00421599	0.00359116	0.00091011	0.00269236	0.00246078	0.00073361	0.00285888	0.00274528	0.00090576	0.00213304	0.00223531	0.00283068	0.00066685	0.00277714	0.00069971
6.54000000	0.00478153	0.00221450	0.00344488	0.00291517	0.00331296	0.00260036	0.00146114	0.00241969	0.00104300	0.00123217	0.00065487	0.00312613	0.00442688	0.00363541	0.00058024	0.00299044	0.00238879	0.00054582	0.00276510	0.00272981	0.00095367	0.00211695	0.00224490	0.00300541	0.00053787	0.00265067	0.00066636
6.55000000	0.00531914	0.00342479	0.00392691	0.00265849	0.00340489	0.00275446	0.00102470	0.00206761	0.00105677	0.00126735	0.00047998	0.00287770	0.00406895	0.00250445	0.00067609	0.00218562	0.00218138	0.00046475	0.00242333	0.00273767	0.00083958	0.00216153	0.00237220	0.00297894	0.00026203	0.00272149	0.00042588
6.56000000	0.00641748	0.00321139	0.00424514	0.00285364	0.00367835	0.00247756	0.00068042	0.00200430	0.00106824	0.00144761	0.00069995	0.00308846	0.00441185	0.00256404	0.00034409	0.00247290	0.00223100	0.00044827	0.00226104	0.00260369	0.00084732	0.00202760	0.00224488	0.00302940	0.00010554	0.00272014	0.00031887
6.57000000	0.00738796	0.00337431	0.00461106	0.00295692	0.00392091	0.00213411	0.00065697	0.00201487	0.00111453	0.00173936	0.00103342	0.00333734	0.00459117	0.00246628	0.00026140	0.00257265	0.00231227	0.00052690	0.00212369	0.00247501	0.00083252	0.00187938	0.00199057	0.00308401	0.00015358	0.00267972	0.00029287
6.58000000	0.00800693	0.00423188	0.00495864	0.00279940	0.00399952	0.00226095	0.00112124	0.00161307	0.00105936	0.00186374	0.00076690	0.00345149	0.00407288	0.00173240	0.00038949	0.00201192	0.00219625	0.00039636	0.00183350	0.00238373	0.00067367	0.00186558	0.00202295	0.00315639	0.00044043	0.00247688	0.00016760
6.59000000	0.00880903	0.00446281	0.00525677	0.00289824	0.00419848	0.00213820	0.00178836	0.00164919	0.00108700	0.00198474	0.00089770	0.00362014	0.00402159	0.00158550	0.00044719	0.00202850	0.00206362	0.00039503	0.00154243	0.00219687	0.00058171	0.00174736	0.00189252	0.00309159	0.00068219	0.00240082	0.00006817
6.60000000	0.00962802	0.00452462	0.00550592	0.00297555	0.00436046	0.00175986	0.00220171	0.00203784	0.00123718	0.00241912	0.00111051	0.00387604	0.00409089	0.00153072	0.00050660	0.00215554	0.00193662	0.00042679	0.00124094	0.00191059	0.00047577	0.00156759	0.00173718	0.00306085	0.00087071	0.00229106	0.00022854
6.61000000	0.01032245	0.00483240	0.00574870	0.00303524	0.00449162	0.00157304	0.00274569	0.00241985	0.00138527	0.00273363	0.00118033	0.00401657	0.00388656	0.00145746	0.00070941	0.00220907	0.00177472	0.00044986	0.00094835	0.00165289	0.00042245	0.00150936	0.00159229	0.00293246	0.00114064	0.00222768	0.00027457
6.62000000	0.01173754	0.00424719	0.00563493	0.00320712	0.00453932	0.00161154	0.00388544	0.00275335	0.00128993	0.00265018	0.00219574	0.00364027	0.00438180	0.00112183	0.00052718	0.00196904	0.00197318	0.00060046	0.00061078	0.00132199	0.00043039	0.00144176	0.00137707	0.00304292	0.00129796	0.00189034	0.00058646
6.63000000	0.01150270	0.00526085	0.00621367	0.00327554	0.00479944	0.00166114	0.00463175	0.00324797	0.00154929	0.00280788	0.00111368	0.00422132	0.00342587	0.00152157	0.00105322	0.00219005	0.00205738	0.00066952	0.00040528	0.00113107	0.00056110	0.00163953	0.00135475	0.00262682	0.00154297	0.00213080	0.00056218
6.64000000	0.01223484	0.00523924	0.00635096	0.00339321	0.00492364	0.00170748	0.00525783	0.00392425	0.00185359	0.00314217	0.00166604	0.00407958	0.00356055	0.00132226	0.00102975	0.00204393	0.00195833	0.00082465	0.00036816	0.00081562	0.00082920	0.00183705	0.00132164	0.00245451	0.00180175	0.00215571	0.00081737
6.65000000	0.01290243	0.00580390	0.00636797	0.00338390	0.00483699	0.00215312	0.00563810	0.00452225	0.00206176	0.00339685	0.00171980	0.00409136	0.00318106	0.00171013	0.00127885	0.00223638	0.00160864	0.00082535	0.00054082	0.00069641	0.00090530	0.00218711	0.00120683	0.00236191	0.00211530	0.00199228	0.00079429
6.66000000	0.01352596	0.00621242	0.00645707	0.00347446	0.00485215	0.00252148	0.00623325	0.00511055	0.00227538	0.00354813	0.00184018	0.00414225	0.00287222	0.00192051	0.00142906	0.00221060	0.00158628	0.00089672	0.00091182	0.00073791	0.00111173	0.00256913	0.00124975	0.00215276	0.00239200	0.00204833	0.00091234
6.67000000	0.01399638	0.00636822	0.00678246	0.00383880	0.00515866	0.00229935	0.00738817	0.00568928	0.00244526	0.00322099	0.00166155	0.00413297	0.00257062	0.00198560	0.00155628	0.00206422	0.00196258	0.00096284	0.00115690	0.00083189	0.00129642	0.00290011	0.00136930	0.00201232	0.00253677	0.00204888	0.00100383
6.68000000	0.01536925	0.00595673	0.00653359	0.00389495	0.00506821	0.00324390	0.00864291	0.00574366	0.00260109	0.00299627	0.00257155	0.00334882	0.00312960	0.00174652	0.00148391	0.00195593	0.00214603	0.00101618	0.00141851	0.00113642	0.00135165	0.00328199	0.00129185	0.00231437	0.00257138	0.00166644	0.00119868
6.69000000	0.01499161	0.00700520	0.00719190	0.00418600	0.00544304	0.00307040	0.00881993	0.00699737	0.00308877	0.00343680	0.00178287	0.00397086	0.00232420	0.00196940	0.00164113	0.00216959	0.00191799	0.00106783	0.00178652	0.00127340	0.00164831	0.00364971	0.00167739	0.00191099	0.00288292	0.00202456	0.00125849
6.70000000	0.01646001	0.00661886	0.00691385	0.00424318	0.00533389	0.00426790	0.01007196	0.00690807	0.00313600	0.00313726	0.00257060	0.00323168	0.00296391	0.00166756	0.00146897	0.00208301	0.00221994	0.00111701	0.00199998	0.00161488	0.00160501	0.00404721	0.00159360	0.00216204	0.00287504	0.00184412	0.00138721
6.71000000	0.01651168	0.00736909	0.00730833	0.00424994	0.00546542	0.00542873	0.00953815	0.00809561	0.00377141	0.00420894	0.00302484	0.00356047	0.00252504	0.00183801	0.00137004	0.00235012	0.00154449	0.00124054	0.00248632	0.00185364	0.00202785	0.00445089	0.00211451	0.00179396	0.00326450	0.00218238	0.00156793
6.72000000	0.01675670	0.00782766	0.00774462	0.00457743	0.00581070	0.00467187	0.01052221	0.00913841	0.00398258	0.00371340	0.00210038	0.00382235	0.00204453	0.00188558	0.00146541	0.00223841	0.00185832	0.00123350	0.00259238	0.00190954	0.00206029	0.00464280	0.00223797	0.00201997	0.00335292	0.00208462	0.00145172
6.73000000	0.01758791	0.00789916	0.00779237	0.00463214	0.00585056	0.00604079	0.01086410	0.00968728	0.00415384	0.00397069	0.00277783	0.00363576	0.00225408	0.00172596	0.00127093	0.00231970	0.00174040	0.00130772	0.00282656	0.00211075	0.00212415	0.00497408	0.00237923	0.00209591	0.00341359	0.00214248	0.00158372
6.74000000	0.01827557	0.00824708	0.00790574	0.00472588	0.00591845	0.00639296	0.01145318	0.01044671	0.00425847	0.00370129	0.00252739	0.00383186	0.00172119	0.00207671	0.00137561	0.00204107	0.00167911	0.00130370	0.00300895	0.00214852	0.00214909	0.00519694	0.00251786	0.00228406	0.00360372	0.00215284	0.00149821
6.75000000	0.01880520	0.00844893	0.00803306	0.00473013	0.00597122	0.00774952	0.01145104	0.01132853	0.00436542	0.00399787	0.00299104	0.00392147	0.00178434	0.00197145	0.00120343	0.00224265	0.00146777	0.00137517	0.00327690	0.00233122	0.00219390	0.00549222	0.00260997	0.00242432	0.00373272	0.00218003	0.00165304
6.76000000	0.01954993	0.00843371	0.00804782	0.00487761	0.00603969	0.00892824	0.01179881	0.01209747	0.00435044	0.00400305	0.00352286	0.00373524	0.00199053	0.00198558	0.00101632	0.00242190	0.00162027	0.00142760	0.00325973	0.00239857	0.00208832	0.00560724	0.00273127	0.00265266	0.00360875	0.00216249	0.00160534
6.77000000	0.02018020	0.00849394	0.00810026	0.00475127	0.00603922	0.00903614	0.01217874	0.01305991	0.00441357	0.00388688	0.00291850	0.00419950	0.00142483	0.00234245	0.00119068	0.00191992	0.00148872	0.00146760	0.00343518	0.00238375	0.00218430	0.00571305	0.00285381	0.00260742	0.00378642	0.00235969	0.00159514
6.78000000	0.02035622	0.00849020	0.00830525	0.00495993	0.00624500	0.01012360	0.01216807	0.01411115	0.00429947	0.00406254	0.00331501	0.00425543	0.00167287	0.00223611	0.00102485	0.00212963	0.00159177	0.00154479	0.00344929	0.00241027	0.00206187	0.00581313	0.00285371	0.00274141	0.00371802	0.00244172	0.00154903
6.79000000	0.02075894	0.00846520	0.00822654	0.00475653	0.00613691	0.01067117	0.01229194	0.01480604	0.00430942	0.00394149	0.00303835	0.00473414	0.00141951	0.00246942	0.00106948	0.00188216	0.00140036	0.00153815	0.00359110	0.00234879	0.00211111	0.00587103	0.00301063	0.00284410	0.00384004	0.00242646	0.00166101
6.80000000	0.02052576	0.00837915	0.00845485	0.00504692	0.00640016	0.01122718	0.01230886	0.01581843	0.00399378	0.00420171	0.00327221	0.00456614	0.00158359	0.00256650	0.00087093	0.00228615	0.00159419	0.00167786	0.00350479	0.00221240	0.00189399	0.00593303	0.00293057	0.00276024	0.00374871	0.00274641	0.00148091
6.81000000	0.02003018	0.00837585	0.00867231	0.00528850	0.00662216	0.01163348	0.01214365	0.01667245	0.00378870	0.00431395	0.00335921	0.00476744	0.00178612	0.00256120	0.00076338	0.00237869	0.00185615	0.00167508	0.00344388	0.00224343	0.00171430	0.00588785	0.00292027	0.00284784	0.00360051	0.00269062	0.00154785
6.82000000	0.02004286	0.00806226	0.00838341	0.00507167	0.00639200	0.01150598	0.01179141	0.01711401	0.00375434	0.00413543	0.00327024	0.00488922	0.00172225	0.00287394	0.00063066	0.00251705	0.00178110	0.00171983	0.00351130	0.00228514	0.00162799	0.00593659	0.00282684	0.00301532	0.00361886	0.00239065	0.00149231
6.83000000	0.02016562	0.00740815	0.00796154	0.00450994	0.00601127	0.01111684	0.01201423	0.01669974	0.00373385	0.00381215	0.00283130	0.00510626	0.00134163	0.00323582	0.00085608	0.00209387	0.00130501	0.00162634	0.00370135	0.00216105	0.00183565	0.00589283	0.00304962	0.00252915	0.00377411	0.00261097	0.00187689
6.84000000	0.01873333	0.00741904	0.00814882	0.00473728	0.00619706	0.01060408	0.01160336	0.01712810	0.00357673	0.00375055	0.00286541	0.00521971	0.00165514	0.00313096	0.00077497	0.00212860	0.00155193	0.00169417	0.00360189	0.00203916	0.00166678	0.00586842	0.00301240	0.00251041	0.00373174	0.00247667	0.00157999
6.85000000	0.01855524	0.00678547	0.00743417	0.00412591	0.00557466	0.01013495	0.01181599	0.01591568	0.00343141	0.00327796	0.00242888	0.00532074	0.00149410	0.00344205	0.00090146	0.00196949	0.00134538	0.00156400	0.00373517	0.00217917	0.00165471	0.00585168	0.00302501	0.00237170	0.00380697	0.00228845	0.00176661
6.86000000	0.01677319	0.00662236	0.00753827	0.00433461	0.00571527	0.00912084	0.01129682	0.01580695	0.00334587	0.00306638	0.00258183	0.00507681	0.00166012	0.00350549	0.00080495	0.00212652	0.00155404	0.00155339	0.00360972	0.00204360	0.00151834	0.00575404	0.00303086	0.00235520	0.00372108	0.00207420	0.00166050
6.87000000	0.01615512	0.00588529	0.00679648	0.00377022	0.00510261	0.00837512	0.01133557	0.01411723	0.00312345	0.00276422	0.00214172	0.00526049	0.00174389	0.00347237	0.00095841	0.00195966	0.00122570	0.00148786	0.00371834	0.00218747	0.00153414	0.00578286	0.00307101	0.00206700	0.00371959	0.00205358	0.00180543
6.88000000	0.01378494	0.00570448	0.00692393	0.00389938	0.00524247	0.00690814	0.01056353	0.01383580	0.00309716	0.00280036	0.00260535	0.00498856	0.00205069	0.00330695	0.00093834	0.00192013	0.00150493	0.00145599	0.00374744	0.00209125	0.00148382	0.00576705	0.00308690	0.00175793	0.00379132	0.00214843	0.00180050
6.89000000	0.01164330	0.00544010	0.00685963	0.00395938	0.00523323	0.00538958	0.00997148	0.01315163	0.00309720	0.00285760	0.00319311	0.00455990	0.00223789	0.00329622	0.00093427	0.00200678	0.00173404	0.00141076	0.00369019	0.00204998	0.00138925	0.00572035	0.00309446	0.00165537	0.00377750	0.00205150	0.00173837
6.90000000	0.01142827	0.00455738	0.00550876	0.00313704	0.00414836	0.00576401	0.00948801	0.01029856	0.00258559	0.00268537	0.00177533	0.00459572	0.00199385	0.00348895	0.00103979	0.00212858	0.00147862	0.00133841	0.00386687	0.00230692	0.00143139	0.00590938	0.00322649	0.00166657	0.00384447	0.00174114	0.00181480
6.91000000	0.00911429	0.00432810	0.00545015	0.00312737	0.00412254	0.00416402	0.00881642	0.00963822	0.00264803	0.00282635	0.00221672	0.00428199	0.00233367	0.00324735	0.00109576	0.00200249	0.00176961	0.00130962	0.00390899	0.00228701	0.00144283	0.00593602	0.00328570	0.00147964	0.00391312	0.00169894	0.00182347
6.92000000	0.00838027	0.00372246	0.00471804	0.00274999	0.00357762	0.00363245	0.00843637	0.00781615	0.00241308	0.00293572	0.00169309	0.00407852	0.00216383	0.00334733	0.00117479	0.00217105	0.00153982	0.00120973	0.00391295	0.00247634	0.00131138	0.00601552	0.00336609	0.00134863	0.00380252	0.00156334	0.00190081
6.93000000	0.00648386	0.00353039	0.00462957	0.00268839	0.00350571	0.00242384	0.00801959	0.00704968	0.00250873	0.00317560	0.00208190	0.00367807	0.00239473	0.00316821	0.00123460	0.00222751	0.00169095	0.00123044	0.00391346	0.00243230	0.00134619	0.00607791	0.00346566	0.00114395	0.00387236	0.00149058	0.00176726
6.94000000	0.00493020	0.00333755	0.00446464	0.00253558	0.00335170	0.00136539	0.00738035	0.00674562	0.00256635	0.00365077	0.00249613	0.00364354	0.00295703	0.00267887	0.00122311	0.00199000	0.00216770	0.00125731	0.00405710	0.00250561	0.00140956	0.00619028	0.00349666	0.00121373	0.00400366	0.00142946	0.00191143
6.95000000	0.00433782	0.00305419	0.00426714	0.00240805	0.00317230	0.00142596	0.00756717	0.00578296	0.00249748	0.00353337	0.00237485	0.00306131	0.00259745	0.00298820	0.00133345	0.00240434	0.00191434	0.00108448	0.00392992	0.00271719	0.00125866	0.00623589	0.00372378	0.00108495	0.00382543	0.00099256	0.00177034
6.96000000	0.00360763	0.00294721	0.00419703	0.00230500	0.00309321	0.00198867	0.00724578	0.00566671	0.00255263	0.00388087	0.00258780	0.00314007	0.00310116	0.00247564	0.00127585	0.00213974	0.00235911	0.00115598	0.00405518	0.00270145	0.00136158	0.00632100	0.00372011	0.00097638	0.00401208	0.00117102	0.00184738
6.97000000	0.00351712	0.00290812	0.00410165	0.00217206	0.00297471	0.00226502	0.00753664	0.00498764	0.00254696	0.00378550	0.00255370	0.00277560	0.00277642	0.00268464	0.00139720	0.00253256	0.00209698	0.00106782	0.00402688	0.00287314	0.00130763	0.00644975	0.00396664	0.00071823	0.00396889	0.00101121	0.00165921
6.98000000	0.00370691	0.00344813	0.00377297	0.00170841	0.00260853	0.00227593	0.00697840	0.00442214	0.00231294	0.00423754	0.00202015	0.00348657	0.00233717	0.00251515	0.00147813	0.00255162	0.00183515	0.00106915	0.00415127	0.00308811	0.00138475	0.00661931	0.00416067	0.00071281	0.00376810	0.00079016	0.00201555
6.99000000	0.00354738	0.00347501	0.00378678	0.00166308	0.00258769	0.00251934	0.00719819	0.00445422	0.00221410	0.00414781	0.00216454	0.00339952	0.00241401	0.00238447	0.00144115	0.00259880	0.00199025	0.00104255	0.00419662	0.00318361	0.00142129	0.00671569	0.00430417	0.00070377	0.00384758	0.00081466	0.00195757
7.00000000	0.00342994	0.00352022	0.00375075	0.00160755	0.00253614	0.00285351	0.00737465	0.00483736	0.00202621	0.00425385	0.00244689	0.00364532	0.00297478	0.00186831	0.00135105	0.00233219	0.00242756	0.00107855	0.00430747	0.00324828	0.00153426	0.00673776	0.00431100	0.00073005	0.00396456	0.00106316	0.00210128
7.01000000	0.00329292	0.00354277	0.00383811	0.00153809	0.00256468	0.00300602	0.00766912	0.00481358	0.00195117	0.00398458	0.00241206	0.00327864	0.00239484	0.00224903	0.00137857	0.00276692	0.00211894	0.00101672	0.00434115	0.00339098	0.00148065	0.00693236	0.00458073	0.00100615	0.00398960	0.00085151	0.00194674
7.02000000	0.00315233	0.00359539	0.00373436	0.00152071	0.00248369	0.00340743	0.00797878	0.00537992	0.00179871	0.00402166	0.00293689	0.00363935	0.00297755	0.00176772	0.00119367	0.00248818	0.00257216	0.00114330	0.00441399	0.00349536	0.00167564	0.00689242	0.00458345	0.00102890	0.00400019	0.00113653	0.00207063
7.03000000	0.00284677	0.00377388	0.00383906	0.00141189	0.00251618	0.00385120	0.00768733	0.00560357	0.00173396	0.00423646	0.00236679	0.00343134	0.00195748	0.00226792	0.00133460	0.00280734	0.00179767	0.00115448	0.00451797	0.00369770	0.00157074	0.00708984	0.00472549	0.00122285	0.00393107	0.00125917	0.00205380
7.04000000	0.00264482	0.00375519	0.00384156	0.00146810	0.00254616	0.00425161	0.00833017	0.00580135	0.00148364	0.00378709	0.00256832	0.00342198	0.00206920	0.00217092	0.00119020	0.00287410	0.00195284	0.00111612	0.00454120	0.00375923	0.00160534	0.00710587	0.00485555	0.00143164	0.00399910	0.00144922	0.00197501
7.05000000	0.00245758	0.00378171	0.00384631	0.00155169	0.00257989	0.00466918	0.00857570	0.00617467	0.00128920	0.00358499	0.00257539	0.00337346	0.00190120	0.00227168	0.00105384	0.00299137	0.00195949	0.00117796	0.00455213	0.00390964	0.00163411	0.00715439	0.00498079	0.00171574	0.00389462	0.00148654	0.00198133
7.06000000	0.00235901	0.00379181	0.00379133	0.00146759	0.00253043	0.00516073	0.00832144	0.00677957	0.00119678	0.00389288	0.00233874	0.00342701	0.00171580	0.00223886	0.00109108	0.00280257	0.00179868	0.00122900	0.00468858	0.00396773	0.00166188	0.00718266	0.00497162	0.00173891	0.00398681	0.00178914	0.00203855
7.07000000	0.00230257	0.00375826	0.00374083	0.00157820	0.00254795	0.00545315	0.00884793	0.00695865	0.00098836	0.00341734	0.00247848	0.00336258	0.00179878	0.00219143	0.00092226	0.00287440	0.00190151	0.00121495	0.00467476	0.00403675	0.00169564	0.00714384	0.00507197	0.00192774	0.00394945	0.00180844	0.00200822
7.08000000	0.00230731	0.00368720	0.00368879	0.00157541	0.00253587	0.00580255	0.00863691	0.00736860	0.00091194	0.00363865	0.00224895	0.00329761	0.00163852	0.00217245	0.00095324	0.00274376	0.00176821	0.00125979	0.00476785	0.00407935	0.00170504	0.00716192	0.00510145	0.00196253	0.00398781	0.00195106	0.00205416
7.09000000	0.00228158	0.00362828	0.00359444	0.00167231	0.00252795	0.00596048	0.00910087	0.00739146	0.00078824	0.00313166	0.00239598	0.00319699	0.00180623	0.00206914	0.00081936	0.00275025	0.00192420	0.00123870	0.00477249	0.00411680	0.00173730	0.00709512	0.00516072	0.00200803	0.00401350	0.00199189	0.00198535
7.10000000	0.00235078	0.00353542	0.00352335	0.00173520	0.00252410	0.00619639	0.00877185	0.00754892	0.00077795	0.00342972	0.00214807	0.00310861	0.00159110	0.00201542	0.00084368	0.00273546	0.00171595	0.00128893	0.00484489	0.00420933	0.00171122	0.00710697	0.00517217	0.00200919	0.00400651	0.00205883	0.00201332
7.11000000	0.00239583	0.00350469	0.00349336	0.00186303	0.00257469	0.00621394	0.00899805	0.00738414	0.00069900	0.00306277	0.00218341	0.00290795	0.00167948	0.00196136	0.00063341	0.00276985	0.00183352	0.00126924	0.00482091	0.00424192	0.00169556	0.00706486	0.00526183	0.00213063	0.00394767	0.00200270	0.00198334
7.12000000	0.00238183	0.00344330	0.00339066	0.00191808	0.00255614	0.00637797	0.00865638	0.00728689	0.00080954	0.00338411	0.00203971	0.00287354	0.00161166	0.00177473	0.00073202	0.00265858	0.00170970	0.00133022	0.00488210	0.00427503	0.00171984	0.00704253	0.00527255	0.00208918	0.00397157	0.00211612	0.00196805
7.13000000	0.00226130	0.00342808	0.00328479	0.00199802	0.00254255	0.00640866	0.00881266	0.00697975	0.00082129	0.00304643	0.00215196	0.00272238	0.00192483	0.00157827	0.00063662	0.00252549	0.00194374	0.00128226	0.00489211	0.00431980	0.00175904	0.00696511	0.00533149	0.00205021	0.00399773	0.00222093	0.00190789
7.14000000	0.00220146	0.00343021	0.00324228	0.00213413	0.00259132	0.00647025	0.00883311	0.00655695	0.00088691	0.00288691	0.00221651	0.00248437	0.00192952	0.00148793	0.00059769	0.00258671	0.00195320	0.00123721	0.00488869	0.00438023	0.00169190	0.00691548	0.00536510	0.00212341	0.00397373	0.00224537	0.00186068
7.15000000	0.00213494	0.00343609	0.00320237	0.00223012	0.00262881	0.00655662	0.00863420	0.00623230	0.00099762	0.00294678	0.00225578	0.00231704	0.00193790	0.00132590	0.00060696	0.00260972	0.00191666	0.00128993	0.00489618	0.00441157	0.00167758	0.00688264	0.00538636	0.00218667	0.00394209	0.00224253	0.00179765
7.16000000	0.00224415	0.00342680	0.00319863	0.00229612	0.00267080	0.00657085	0.00809362	0.00587223	0.00103587	0.00334203	0.00212150	0.00224984	0.00158569	0.00120737	0.00075989	0.00266060	0.00167056	0.00134104	0.00494278	0.00450467	0.00156743	0.00691864	0.00540329	0.00228226	0.00386183	0.00217392	0.00183428
7.17000000	0.00267586	0.00361192	0.00311135	0.00212127	0.00254547	0.00665791	0.00729398	0.00484185	0.00113034	0.00372031	0.00188873	0.00243561	0.00150513	0.00103157	0.00082135	0.00253450	0.00172596	0.00129738	0.00498286	0.00456823	0.00164832	0.00694384	0.00555664	0.00218106	0.00385178	0.00220366	0.00184634
7.18000000	0.00250726	0.00359138	0.00304185	0.00223948	0.00257264	0.00672681	0.00710273	0.00460789	0.00124367	0.00363645	0.00207435	0.00229500	0.00181154	0.00084421	0.00082752	0.00234443	0.00203833	0.00128313	0.00495006	0.00459879	0.00165898	0.00688149	0.00561655	0.00199959	0.00380014	0.00226889	0.00176673
7.19000000	0.00246205	0.00362247	0.00301056	0.00235251	0.00261714	0.00679687	0.00691983	0.00434103	0.00135250	0.00358891	0.00219776	0.00215452	0.00185475	0.00075911	0.00081910	0.00229592	0.00210872	0.00132420	0.00491720	0.00463623	0.00160151	0.00684100	0.00562872	0.00187810	0.00373508	0.00223621	0.00167503
7.20000000	0.00250186	0.00364335	0.00302536	0.00240812	0.00266494	0.00680208	0.00677740	0.00404182	0.00132170	0.00363514	0.00210328	0.00208070	0.00157798	0.00067987	0.00088691	0.00239994	0.00183825	0.00133382	0.00491994	0.00465642	0.00150583	0.00681220	0.00563232	0.00199767	0.00366818	0.00193570	0.00170765
7.21000000	0.00256953	0.00361906	0.00300672	0.00250052	0.00270666	0.00688175	0.00641691	0.00410372	0.00151673	0.00372761	0.00226540	0.00196272	0.00179109	0.00058540	0.00086032	0.00229938	0.00207835	0.00123946	0.00490020	0.00472526	0.00140553	0.00674224	0.00563971	0.00183070	0.00363503	0.00190288	0.00169223
7.22000000	0.00267938	0.00365456	0.00298381	0.00257571	0.00273702	0.00687031	0.00624753	0.00396056	0.00164557	0.00384170	0.00232925	0.00189208	0.00181020	0.00058614	0.00081249	0.00220864	0.00212640	0.00135428	0.00482341	0.00468821	0.00143379	0.00670517	0.00569716	0.00172927	0.00358830	0.00180298	0.00149899
7.23000000	0.00296158	0.00357861	0.00301304	0.00267651	0.00280436	0.00685369	0.00588804	0.00414781	0.00167432	0.00387924	0.00250894	0.00183417	0.00169114	0.00052943	0.00082676	0.00221086	0.00239646	0.00129420	0.00478133	0.00477056	0.00129391	0.00666717	0.00571968	0.00157056	0.00344196	0.00181190	0.00160292
7.24000000	0.00251395	0.00367563	0.00306093	0.00235762	0.00267391	0.00694120	0.00642439	0.00350468	0.00138294	0.00374372	0.00197109	0.00197684	0.00161215	0.00067521	0.00087180	0.00224083	0.00150391	0.00134664	0.00471901	0.00472993	0.00139973	0.00648832	0.00564885	0.00153603	0.00333325	0.00163361	0.00160827
7.25000000	0.00284291	0.00352524	0.00308481	0.00247713	0.00274636	0.00677599	0.00606747	0.00371123	0.00153774	0.00389441	0.00215467	0.00181551	0.00145146	0.00059164	0.00082370	0.00233041	0.00171751	0.00131025	0.00465574	0.00481012	0.00127014	0.00646139	0.00568652	0.00143786	0.00321612	0.00167147	0.00160617
7.26000000	0.00293801	0.00347592	0.00312468	0.00245698	0.00275454	0.00659651	0.00576500	0.00388053	0.00158150	0.00407246	0.00222871	0.00177788	0.00154695	0.00064660	0.00077369	0.00218874	0.00193530	0.00131116	0.00455717	0.00479606	0.00122659	0.00645006	0.00578690	0.00165453	0.00316916	0.00144388	0.00141474
7.27000000	0.00257643	0.00357628	0.00310704	0.00213724	0.00258421	0.00653855	0.00595358	0.00372183	0.00149558	0.00406942	0.00207197	0.00192123	0.00160014	0.00075235	0.00075981	0.00214283	0.00164215	0.00133158	0.00456507	0.00481638	0.00130297	0.00630648	0.00568383	0.00148882	0.00311703	0.00158788	0.00155146
7.28000000	0.00302776	0.00338285	0.00316572	0.00229027	0.00268531	0.00629088	0.00569223	0.00379128	0.00160099	0.00419541	0.00231866	0.00181895	0.00138791	0.00079542	0.00068555	0.00224132	0.00195605	0.00130040	0.00441929	0.00489170	0.00113570	0.00627933	0.00575331	0.00143500	0.00293041	0.00171932	0.00143128
7.29000000	0.00316939	0.00331330	0.00320491	0.00224550	0.00267873	0.00608552	0.00541511	0.00397702	0.00163571	0.00444841	0.00227978	0.00184424	0.00144737	0.00088104	0.00065015	0.00222563	0.00209957	0.00130515	0.00430291	0.00482474	0.00114014	0.00622960	0.00582281	0.00185190	0.00287838	0.00143212	0.00129287
7.30000000	0.00265076	0.00352267	0.00324205	0.00191841	0.00251770	0.00599359	0.00585789	0.00351119	0.00164075	0.00431567	0.00220358	0.00213321	0.00144948	0.00106450	0.00075810	0.00221644	0.00156788	0.00128409	0.00422624	0.00484588	0.00116119	0.00604998	0.00571251	0.00158742	0.00273227	0.00172758	0.00140079
7.31000000	0.00317506	0.00328966	0.00331020	0.00209659	0.00263709	0.00579430	0.00563129	0.00343619	0.00171210	0.00443541	0.00246432	0.00201864	0.00119983	0.00124100	0.00071512	0.00238014	0.00196179	0.00125805	0.00405924	0.00483622	0.00099004	0.00597896	0.00573280	0.00146345	0.00256683	0.00199055	0.00135013
7.32000000	0.00254459	0.00333536	0.00342709	0.00167228	0.00248119	0.00550337	0.00576295	0.00325986	0.00180963	0.00450690	0.00217827	0.00217579	0.00132052	0.00141861	0.00079212	0.00245084	0.00151646	0.00124817	0.00398514	0.00487511	0.00103773	0.00589170	0.00571028	0.00181133	0.00249277	0.00165201	0.00123391
7.33000000	0.00295119	0.00323960	0.00338856	0.00171867	0.00247307	0.00526934	0.00527792	0.00351423	0.00180436	0.00474488	0.00216299	0.00230348	0.00129657	0.00154039	0.00081996	0.00237585	0.00190517	0.00128317	0.00384479	0.00480825	0.00101473	0.00580263	0.00571091	0.00179476	0.00236554	0.00170509	0.00111502
7.34000000	0.00298170	0.00346323	0.00332346	0.00161224	0.00235575	0.00508001	0.00533000	0.00335403	0.00189841	0.00453896	0.00212950	0.00253980	0.00139747	0.00168435	0.00102581	0.00230169	0.00169649	0.00125929	0.00374931	0.00477780	0.00099634	0.00564171	0.00560896	0.00168741	0.00222978	0.00178430	0.00115326
7.35000000	0.00332851	0.00331884	0.00334958	0.00165119	0.00238222	0.00485836	0.00485206	0.00354699	0.00189937	0.00465343	0.00195824	0.00258836	0.00136042	0.00184034	0.00104634	0.00235828	0.00208353	0.00124413	0.00357601	0.00472714	0.00090742	0.00555132	0.00561691	0.00171644	0.00212466	0.00172482	0.00096352
7.36000000	0.00361706	0.00323518	0.00334762	0.00163886	0.00236799	0.00467752	0.00435049	0.00378656	0.00190283	0.00469822	0.00169379	0.00278806	0.00141076	0.00195402	0.00112731	0.00233336	0.00240778	0.00116713	0.00338090	0.00469948	0.00083108	0.00545780	0.00565576	0.00190737	0.00199187	0.00146904	0.00081009
7.37000000	0.00369861	0.00340337	0.00325875	0.00156199	0.00225196	0.00453291	0.00411757	0.00398712	0.00182177	0.00452499	0.00162181	0.00295898	0.00148569	0.00206755	0.00132509	0.00224653	0.00239141	0.00116067	0.00326841	0.00463979	0.00081855	0.00528065	0.00553895	0.00172943	0.00184320	0.00148874	0.00080343
7.38000000	0.00320296	0.00377519	0.00328095	0.00136656	0.00210750	0.00441308	0.00463112	0.00367967	0.00190685	0.00371358	0.00200928	0.00307732	0.00151590	0.00226842	0.00156961	0.00232954	0.00171889	0.00117472	0.00312138	0.00457520	0.00082173	0.00504964	0.00536616	0.00140348	0.00154154	0.00159301	0.00088675
7.39000000	0.00358031	0.00356333	0.00322937	0.00133598	0.00207165	0.00462294	0.00397492	0.00420467	0.00184076	0.00391377	0.00141601	0.00315624	0.00151616	0.00237251	0.00157356	0.00240965	0.00212437	0.00112147	0.00289450	0.00449537	0.00076860	0.00492442	0.00538923	0.00154379	0.00147873	0.00130761	0.00070323
7.40000000	0.00293338	0.00394700	0.00331486	0.00114352	0.00194477	0.00440109	0.00440252	0.00438787	0.00205372	0.00306156	0.00193149	0.00312604	0.00152031	0.00262625	0.00177082	0.00246933	0.00161654	0.00113915	0.00275491	0.00447813	0.00072755	0.00469554	0.00519244	0.00125407	0.00115854	0.00135200	0.00069435
7.41000000	0.00283476	0.00393710	0.00330426	0.00102448	0.00185896	0.00459897	0.00441799	0.00487134	0.00215081	0.00277631	0.00182064	0.00322163	0.00162897	0.00271720	0.00194246	0.00236678	0.00158443	0.00110768	0.00255461	0.00437249	0.00072816	0.00449851	0.00513399	0.00124893	0.00095287	0.00120249	0.00052950
7.42000000	0.00286129	0.00369836	0.00325212	0.00091687	0.00174746	0.00468020	0.00470377	0.00566346	0.00246890	0.00256270	0.00147088	0.00308273	0.00165764	0.00287965	0.00200229	0.00240165	0.00153751	0.00105965	0.00232556	0.00426399	0.00071209	0.00422340	0.00500625	0.00119507	0.00060963	0.00113858	0.00043351
7.43000000	0.00287036	0.00388029	0.00323931	0.00093637	0.00170555	0.00532141	0.00454080	0.00626469	0.00269310	0.00242700	0.00150838	0.00307600	0.00171870	0.00301054	0.00219495	0.00232865	0.00163153	0.00104498	0.00212036	0.00415035	0.00070081	0.00398317	0.00491611	0.00117222	0.00044632	0.00119330	0.00035215
7.44000000	0.00283252	0.00401013	0.00321240	0.00090660	0.00162034	0.00603178	0.00445630	0.00682831	0.00300121	0.00243632	0.00153091	0.00308957	0.00170785	0.00314314	0.00232400	0.00234262	0.00166178	0.00109357	0.00192667	0.00405507	0.00072058	0.00375613	0.00481783	0.00128014	0.00038022	0.00118628	0.00030620
7.45000000	0.00316073	0.00386844	0.00300227	0.00072545	0.00141455	0.00704075	0.00386140	0.00765829	0.00319156	0.00280724	0.00157683	0.00331360	0.00173252	0.00316481	0.00245606	0.00224628	0.00180843	0.00109446	0.00171931	0.00389414	0.00080170	0.00350522	0.00477825	0.00146905	0.00061418	0.00114675	0.00035618
7.46000000	0.00273612	0.00418679	0.00317546	0.00090469	0.00148739	0.00732648	0.00418300	0.00791774	0.00368146	0.00280324	0.00157991	0.00313608	0.00164265	0.00340895	0.00259796	0.00231180	0.00174391	0.00113808	0.00152848	0.00384946	0.00078473	0.00323022	0.00462095	0.00150759	0.00062360	0.00135398	0.00040208
7.47000000	0.00267522	0.00427505	0.00313035	0.00118326	0.00138252	0.00734486	0.00438050	0.00830462	0.00393730	0.00319784	0.00174887	0.00341606	0.00169143	0.00335847	0.00266924	0.00230941	0.00149195	0.00108900	0.00145800	0.00373981	0.00075634	0.00292673	0.00440346	0.00145003	0.00065665	0.00150779	0.00028735
7.48000000	0.00306105	0.00419646	0.00278215	0.00132345	0.00117453	0.00760646	0.00331195	0.00923590	0.00398091	0.00369006	0.00224650	0.00330662	0.00144498	0.00360043	0.00274990	0.00225312	0.00181751	0.00113187	0.00141305	0.00355994	0.00078300	0.00260394	0.00417904	0.00155940	0.00083581	0.00154406	0.00051829
7.49000000	0.00309967	0.00409383	0.00272073	0.00111486	0.00102724	0.00817245	0.00343910	0.00861770	0.00447052	0.00328499	0.00206856	0.00359374	0.00133484	0.00367567	0.00288538	0.00219399	0.00187812	0.00121932	0.00110628	0.00339144	0.00089415	0.00226036	0.00414539	0.00157317	0.00114868	0.00154542	0.00075709
7.50000000	0.00293006	0.00419574	0.00274671	0.00136946	0.00106921	0.00768094	0.00338438	0.00835064	0.00465204	0.00344363	0.00197189	0.00369209	0.00126643	0.00379185	0.00293292	0.00217395	0.00199992	0.00114876	0.00097249	0.00334211	0.00087325	0.00192621	0.00395159	0.00131237	0.00129553	0.00162873	0.00081853
7.51000000	0.00288228	0.00422301	0.00273817	0.00167678	0.00112138	0.00706922	0.00340706	0.00779082	0.00464978	0.00371663	0.00191256	0.00383133	0.00143274	0.00371693	0.00293567	0.00234758	0.00197017	0.00118265	0.00099215	0.00311140	0.00091960	0.00159520	0.00375959	0.00133148	0.00141234	0.00124010	0.00079858
7.52000000	0.00314056	0.00412962	0.00239367	0.00182776	0.00096726	0.00668790	0.00293294	0.00719760	0.00464218	0.00350001	0.00221469	0.00420328	0.00118148	0.00379262	0.00306703	0.00226930	0.00208946	0.00133489	0.00104683	0.00279482	0.00100409	0.00125067	0.00349481	0.00109481	0.00148062	0.00109160	0.00102907
7.53000000	0.00301347	0.00416213	0.00222730	0.00197239	0.00098392	0.00573337	0.00237117	0.00666144	0.00467583	0.00330862	0.00283615	0.00448837	0.00076133	0.00415760	0.00319194	0.00222883	0.00221162	0.00132609	0.00093197	0.00274145	0.00099767	0.00104900	0.00327216	0.00110499	0.00161237	0.00061062	0.00097491
7.54000000	0.00298080	0.00383305	0.00229413	0.00201647	0.00094837	0.00567299	0.00197983	0.00567772	0.00420506	0.00329992	0.00191087	0.00374750	0.00214108	0.00391782	0.00313749	0.00239096	0.00173045	0.00123648	0.00100201	0.00265522	0.00101083	0.00095033	0.00324026	0.00088053	0.00175478	0.00039926	0.00096053
7.55000000	0.00272978	0.00386771	0.00216631	0.00218793	0.00107236	0.00458951	0.00167817	0.00489565	0.00418458	0.00314169	0.00249903	0.00412493	0.00158395	0.00429331	0.00330868	0.00243853	0.00180205	0.00141765	0.00086362	0.00253982	0.00113305	0.00092383	0.00303102	0.00109108	0.00173529	0.00022344	0.00098293
7.56000000	0.00310106	0.00382044	0.00180670	0.00227097	0.00079692	0.00413133	0.00152504	0.00431550	0.00376288	0.00290049	0.00240574	0.00472203	0.00150660	0.00416439	0.00315768	0.00247861	0.00227556	0.00121821	0.00126878	0.00228278	0.00104223	0.00122000	0.00272771	0.00091669	0.00200586	0.00027987	0.00108673
7.57000000	0.00274843	0.00388778	0.00167958	0.00244503	0.00099703	0.00313238	0.00136878	0.00373958	0.00381794	0.00292586	0.00306390	0.00504013	0.00092040	0.00464172	0.00328397	0.00261803	0.00228749	0.00141456	0.00110264	0.00218851	0.00113699	0.00141984	0.00252390	0.00112824	0.00194168	0.00040468	0.00111590
7.58000000	0.00312633	0.00376081	0.00152745	0.00243045	0.00081705	0.00292907	0.00152498	0.00340087	0.00343116	0.00281303	0.00252691	0.00543407	0.00140177	0.00432613	0.00310210	0.00271174	0.00276767	0.00126378	0.00135292	0.00203758	0.00109732	0.00173550	0.00234587	0.00104260	0.00215319	0.00024762	0.00128672
7.59000000	0.00286080	0.00374555	0.00132265	0.00256974	0.00098082	0.00230904	0.00151930	0.00304889	0.00350374	0.00296537	0.00322589	0.00577434	0.00088801	0.00478442	0.00319944	0.00290345	0.00270804	0.00142789	0.00133668	0.00196902	0.00118512	0.00199351	0.00214773	0.00119905	0.00212939	0.00032363	0.00120567
7.60000000	0.00327496	0.00376056	0.00154713	0.00240592	0.00086432	0.00219879	0.00159341	0.00250766	0.00329873	0.00300854	0.00188444	0.00529844	0.00242807	0.00425385	0.00325755	0.00303614	0.00285935	0.00139427	0.00142630	0.00192161	0.00125122	0.00203759	0.00221038	0.00115607	0.00222766	0.00010695	0.00136027
7.61000000	0.00303535	0.00370405	0.00128296	0.00253294	0.00095472	0.00178525	0.00175217	0.00245673	0.00339113	0.00301984	0.00254661	0.00559598	0.00176806	0.00473205	0.00328707	0.00326935	0.00274763	0.00145838	0.00147013	0.00191225	0.00128502	0.00230077	0.00200172	0.00126855	0.00224999	0.00023986	0.00124619
7.62000000	0.00281306	0.00406857	0.00127074	0.00256670	0.00086064	0.00199122	0.00218182	0.00173920	0.00326009	0.00258807	0.00172245	0.00503344	0.00247430	0.00475695	0.00339131	0.00294047	0.00225080	0.00135998	0.00152442	0.00184247	0.00125378	0.00234796	0.00194864	0.00110007	0.00222786	0.00018531	0.00136177
7.63000000	0.00257840	0.00400783	0.00100372	0.00267138	0.00097313	0.00168052	0.00247695	0.00181636	0.00339626	0.00252383	0.00232834	0.00519502	0.00177434	0.00521818	0.00335647	0.00320966	0.00216536	0.00137773	0.00161684	0.00184231	0.00127124	0.00255806	0.00175625	0.00117943	0.00227031	0.00037943	0.00123144
7.64000000	0.00275313	0.00430162	0.00110550	0.00258301	0.00098887	0.00177347	0.00241873	0.00137276	0.00354095	0.00269000	0.00165577	0.00522944	0.00227544	0.00485744	0.00342202	0.00297176	0.00252027	0.00140802	0.00166310	0.00186181	0.00135065	0.00265048	0.00175552	0.00118147	0.00230074	0.00026654	0.00139974
7.65000000	0.00260514	0.00420745	0.00090051	0.00263267	0.00107894	0.00198666	0.00256685	0.00124795	0.00369319	0.00273868	0.00213205	0.00556978	0.00169466	0.00503508	0.00338672	0.00297980	0.00239636	0.00144617	0.00166371	0.00187457	0.00138523	0.00277472	0.00168537	0.00118555	0.00226638	0.00035840	0.00145805
7.66000000	0.00263074	0.00459007	0.00102659	0.00258643	0.00117495	0.00217679	0.00257570	0.00115001	0.00384928	0.00293940	0.00164509	0.00528681	0.00200579	0.00481728	0.00346529	0.00296101	0.00269307	0.00139589	0.00201479	0.00182326	0.00139785	0.00282592	0.00158398	0.00114989	0.00239182	0.00015259	0.00146656
7.67000000	0.00232544	0.00471319	0.00085168	0.00253287	0.00116296	0.00212411	0.00318006	0.00118370	0.00397151	0.00283256	0.00144318	0.00516370	0.00201176	0.00478184	0.00354446	0.00290795	0.00230238	0.00141540	0.00188820	0.00188817	0.00146767	0.00276188	0.00167044	0.00113731	0.00234524	0.00010467	0.00146808
7.68000000	0.00220189	0.00464219	0.00077745	0.00258394	0.00131834	0.00254045	0.00324034	0.00138386	0.00407831	0.00301530	0.00186542	0.00535545	0.00138313	0.00490355	0.00354254	0.00287277	0.00211540	0.00144818	0.00191010	0.00190003	0.00150438	0.00282513	0.00167528	0.00112353	0.00236240	0.00019390	0.00142820
7.69000000	0.00217771	0.00488401	0.00089560	0.00253982	0.00144416	0.00304906	0.00322823	0.00152216	0.00428893	0.00318325	0.00178236	0.00519371	0.00146825	0.00464223	0.00370461	0.00259966	0.00257651	0.00147667	0.00204510	0.00196063	0.00157851	0.00284171	0.00170345	0.00112926	0.00238957	0.00011860	0.00148081
7.70000000	0.00212021	0.00485040	0.00090980	0.00255487	0.00154767	0.00342815	0.00338301	0.00190772	0.00434629	0.00327945	0.00225741	0.00552566	0.00092877	0.00464261	0.00364696	0.00256351	0.00232086	0.00151877	0.00195176	0.00199621	0.00165760	0.00281485	0.00184285	0.00114901	0.00231524	0.00023990	0.00149192
7.71000000	0.00208817	0.00526633	0.00112560	0.00258767	0.00173841	0.00376762	0.00352128	0.00200045	0.00444392	0.00337239	0.00195939	0.00511682	0.00104208	0.00435407	0.00388466	0.00242946	0.00262427	0.00143494	0.00228892	0.00197921	0.00162780	0.00281649	0.00179936	0.00098237	0.00247007	0.00017820	0.00150785
7.72000000	0.00181371	0.00580004	0.00106252	0.00242163	0.00164333	0.00341213	0.00438953	0.00229047	0.00438594	0.00317447	0.00153319	0.00483916	0.00114255	0.00408949	0.00386164	0.00252781	0.00207768	0.00131694	0.00227465	0.00200343	0.00171657	0.00259374	0.00200367	0.00088462	0.00252153	0.00022453	0.00151239
7.73000000	0.00164573	0.00582183	0.00109344	0.00247675	0.00174708	0.00372674	0.00441617	0.00253802	0.00450476	0.00326379	0.00171884	0.00491600	0.00085264	0.00407123	0.00401662	0.00226637	0.00226820	0.00129578	0.00244640	0.00197765	0.00172326	0.00256553	0.00206185	0.00081092	0.00253138	0.00046098	0.00152010
7.74000000	0.00164347	0.00622501	0.00116906	0.00243872	0.00178996	0.00382514	0.00458219	0.00269913	0.00450652	0.00331592	0.00153098	0.00482506	0.00089131	0.00382315	0.00407768	0.00212584	0.00252428	0.00122748	0.00259224	0.00198778	0.00177325	0.00248264	0.00221614	0.00087849	0.00261723	0.00062526	0.00157877
7.75000000	0.00156478	0.00662723	0.00118217	0.00240476	0.00180051	0.00386490	0.00485681	0.00278641	0.00450519	0.00326734	0.00149735	0.00475430	0.00110026	0.00357230	0.00409670	0.00202812	0.00244821	0.00117500	0.00270764	0.00195609	0.00183376	0.00237289	0.00244592	0.00098381	0.00267947	0.00088404	0.00161355
7.76000000	0.00159340	0.00620610	0.00133533	0.00245617	0.00190437	0.00395696	0.00511355	0.00295394	0.00454870	0.00315002	0.00203131	0.00543791	0.00206956	0.00357957	0.00410503	0.00193418	0.00194665	0.00114132	0.00281023	0.00193464	0.00184326	0.00238674	0.00267236	0.00109952	0.00269211	0.00120133	0.00160683
7.77000000	0.00169533	0.00605362	0.00159447	0.00266365	0.00213337	0.00414043	0.00518165	0.00309381	0.00462637	0.00321818	0.00212170	0.00571021	0.00254800	0.00352135	0.00436151	0.00154885	0.00196680	0.00104317	0.00288263	0.00187330	0.00175064	0.00243125	0.00286848	0.00124179	0.00270005	0.00140857	0.00153130
7.78000000	0.00146308	0.00688863	0.00128724	0.00247358	0.00190658	0.00428093	0.00516880	0.00313043	0.00471616	0.00338128	0.00168721	0.00499383	0.00248411	0.00306614	0.00438346	0.00161728	0.00284598	0.00114560	0.00330305	0.00191046	0.00181071	0.00230324	0.00290935	0.00138449	0.00288792	0.00147546	0.00170137
7.79000000	0.00158778	0.00672198	0.00150165	0.00250958	0.00200078	0.00435847	0.00536089	0.00326271	0.00478689	0.00331003	0.00189193	0.00530255	0.00323018	0.00288290	0.00439801	0.00150517	0.00246851	0.00117357	0.00342214	0.00187681	0.00177977	0.00231462	0.00316713	0.00146938	0.00294884	0.00160224	0.00164766
7.80000000	0.00154071	0.00770017	0.00118540	0.00237459	0.00180939	0.00442149	0.00552895	0.00320503	0.00471732	0.00321162	0.00165270	0.00458885	0.00328616	0.00230789	0.00420820	0.00139913	0.00261634	0.00132292	0.00363792	0.00190543	0.00195457	0.00227384	0.00354192	0.00151566	0.00309855	0.00169044	0.00175507
7.81000000	0.00155752	0.00767630	0.00121820	0.00235998	0.00178891	0.00462142	0.00563665	0.00332143	0.00481147	0.00328672	0.00169090	0.00446990	0.00384713	0.00213306	0.00420270	0.00147948	0.00270020	0.00148743	0.00386304	0.00191165	0.00193466	0.00232694	0.00374384	0.00166896	0.00317618	0.00160820	0.00179878
7.82000000	0.00163497	0.00788830	0.00114967	0.00231019	0.00171477	0.00479983	0.00575201	0.00344481	0.00482879	0.00333090	0.00164374	0.00421212	0.00441213	0.00188701	0.00401594	0.00160027	0.00283227	0.00164536	0.00403848	0.00194055	0.00201012	0.00237604	0.00407869	0.00170764	0.00324040	0.00158481	0.00186117
7.83000000	0.00172747	0.00774681	0.00127906	0.00230193	0.00171989	0.00500539	0.00583958	0.00363908	0.00497641	0.00336156	0.00171635	0.00408981	0.00499166	0.00178292	0.00395345	0.00179498	0.00287741	0.00187918	0.00427812	0.00196195	0.00194712	0.00248678	0.00425116	0.00179402	0.00332876	0.00148962	0.00185045
7.84000000	0.00179510	0.00767474	0.00136932	0.00223074	0.00166328	0.00519343	0.00594620	0.00386620	0.00510510	0.00339270	0.00175960	0.00394299	0.00552458	0.00170428	0.00381599	0.00200358	0.00287411	0.00207886	0.00447111	0.00194436	0.00192534	0.00258159	0.00453294	0.00175248	0.00341664	0.00154691	0.00193450
7.85000000	0.00192933	0.00767135	0.00142633	0.00219403	0.00162195	0.00536262	0.00608419	0.00404731	0.00518092	0.00341639	0.00179402	0.00373098	0.00608208	0.00163198	0.00361716	0.00209011	0.00288871	0.00228643	0.00467643	0.00198871	0.00190758	0.00268565	0.00476554	0.00181461	0.00350897	0.00146759	0.00196403
7.86000000	0.00218807	0.00768018	0.00147699	0.00213592	0.00156784	0.00550660	0.00632079	0.00419593	0.00525058	0.00341552	0.00190399	0.00374667	0.00659390	0.00158941	0.00343721	0.00224268	0.00269013	0.00250907	0.00486551	0.00205113	0.00189407	0.00276175	0.00491284	0.00180806	0.00355125	0.00144772	0.00194861
7.87000000	0.00234700	0.00764728	0.00157753	0.00205320	0.00150405	0.00561661	0.00646259	0.00443948	0.00530779	0.00349233	0.00196110	0.00375807	0.00707939	0.00162983	0.00329118	0.00233244	0.00245183	0.00274451	0.00504957	0.00206998	0.00184940	0.00287626	0.00510232	0.00183722	0.00360505	0.00148677	0.00197611
7.88000000	0.00291023	0.00605604	0.00243884	0.00197547	0.00184258	0.00591497	0.00696686	0.00449093	0.00549504	0.00347962	0.00265413	0.00428334	0.00844013	0.00185831	0.00305977	0.00186788	0.00246197	0.00284055	0.00505392	0.00225231	0.00189482	0.00295130	0.00536939	0.00183023	0.00352435	0.00150487	0.00171923
7.89000000	0.00257818	0.00746098	0.00180834	0.00191725	0.00140515	0.00593690	0.00664011	0.00494372	0.00540205	0.00364918	0.00194075	0.00383644	0.00819382	0.00188384	0.00301314	0.00231131	0.00207816	0.00303324	0.00527283	0.00215991	0.00185404	0.00303231	0.00559857	0.00197712	0.00361408	0.00139917	0.00200258
7.90000000	0.00261699	0.00707813	0.00212252	0.00180848	0.00144174	0.00617368	0.00696762	0.00505056	0.00544707	0.00360355	0.00198575	0.00405624	0.00877483	0.00209393	0.00298905	0.00224485	0.00185492	0.00329306	0.00544125	0.00221751	0.00173611	0.00317472	0.00564959	0.00208467	0.00361618	0.00139983	0.00196378
7.91000000	0.00322964	0.00541116	0.00288399	0.00163042	0.00173677	0.00639040	0.00751563	0.00502336	0.00556241	0.00357032	0.00295878	0.00478510	0.01001385	0.00249764	0.00278250	0.00172133	0.00167591	0.00322546	0.00548330	0.00243501	0.00172250	0.00312091	0.00575979	0.00192984	0.00360463	0.00165829	0.00186653
7.92000000	0.00300962	0.00558634	0.00302957	0.00156897	0.00177969	0.00652490	0.00736616	0.00551115	0.00556598	0.00386363	0.00247126	0.00471876	0.01014078	0.00297440	0.00297822	0.00221440	0.00140330	0.00357186	0.00561908	0.00241566	0.00158477	0.00331087	0.00579348	0.00211074	0.00355626	0.00158790	0.00180809
7.93000000	0.00303532	0.00762155	0.00212203	0.00162692	0.00108662	0.00607519	0.00750327	0.00544230	0.00520303	0.00358906	0.00208817	0.00503489	0.00991449	0.00261335	0.00292542	0.00210390	0.00128526	0.00368361	0.00567494	0.00229684	0.00168058	0.00332017	0.00593218	0.00215746	0.00356894	0.00155848	0.00197129
7.94000000	0.00294828	0.00726783	0.00241937	0.00147065	0.00110918	0.00611921	0.00758155	0.00573218	0.00520279	0.00370779	0.00215967	0.00522213	0.01034070	0.00286146	0.00299246	0.00216677	0.00119609	0.00379047	0.00571141	0.00233394	0.00165454	0.00337087	0.00599336	0.00216323	0.00353679	0.00158984	0.00189789
7.95000000	0.00295912	0.00670760	0.00274622	0.00138818	0.00127711	0.00636338	0.00777404	0.00582657	0.00512239	0.00365897	0.00210525	0.00539504	0.01083084	0.00311622	0.00306091	0.00207077	0.00104705	0.00384369	0.00569995	0.00240490	0.00162798	0.00337250	0.00601838	0.00217848	0.00344898	0.00155887	0.00178954
7.96000000	0.00309026	0.00662120	0.00284142	0.00129009	0.00126132	0.00638826	0.00777352	0.00597137	0.00500106	0.00365875	0.00208218	0.00542434	0.01109413	0.00323701	0.00317445	0.00198471	0.00116909	0.00385147	0.00568626	0.00246047	0.00165833	0.00336890	0.00607435	0.00216883	0.00337662	0.00149563	0.00174572
7.97000000	0.00346827	0.00538298	0.00323049	0.00139764	0.00153917	0.00648575	0.00801226	0.00603906	0.00492900	0.00363049	0.00267098	0.00597639	0.01168351	0.00322145	0.00308778	0.00170541	0.00137723	0.00359965	0.00562225	0.00274960	0.00163711	0.00318895	0.00601940	0.00193953	0.00331240	0.00157056	0.00159296
7.98000000	0.00335840	0.00603656	0.00313778	0.00110858	0.00135912	0.00651137	0.00781638	0.00616975	0.00477852	0.00356293	0.00222266	0.00540412	0.01141696	0.00342623	0.00332848	0.00183206	0.00109723	0.00379207	0.00571487	0.00267048	0.00160577	0.00334257	0.00605562	0.00213725	0.00325898	0.00138746	0.00174150
7.99000000	0.00349998	0.00596281	0.00314110	0.00112804	0.00134106	0.00652306	0.00782990	0.00623105	0.00463862	0.00347446	0.00214816	0.00531417	0.01142953	0.00362440	0.00336082	0.00188057	0.00106780	0.00369636	0.00569079	0.00280269	0.00158116	0.00328357	0.00601852	0.00208602	0.00319669	0.00136759	0.00167120
8.00000000	0.00366425	0.00578458	0.00313145	0.00113548	0.00128994	0.00648589	0.00787441	0.00626661	0.00451527	0.00336797	0.00219947	0.00522015	0.01134559	0.00407208	0.00335661	0.00195355	0.00102676	0.00357871	0.00567423	0.00296733	0.00160842	0.00323371	0.00596405	0.00204690	0.00311102	0.00126843	0.00164344
8.01000000	0.00367282	0.00549338	0.00320998	0.00119193	0.00136763	0.00654963	0.00771479	0.00648710	0.00442458	0.00343038	0.00215980	0.00506083	0.01111384	0.00469836	0.00339023	0.00211128	0.00091514	0.00346612	0.00564872	0.00313208	0.00158105	0.00319171	0.00590326	0.00210680	0.00303960	0.00113816	0.00156882
8.02000000	0.00375263	0.00529310	0.00317265	0.00124331	0.00133382	0.00662871	0.00762986	0.00652463	0.00430149	0.00332193	0.00211799	0.00482205	0.01088503	0.00528347	0.00334247	0.00226014	0.00089010	0.00331728	0.00562738	0.00329069	0.00160066	0.00316858	0.00591177	0.00206141	0.00298876	0.00121628	0.00157400
8.03000000	0.00379291	0.00507533	0.00314336	0.00128300	0.00129398	0.00669232	0.00759932	0.00655175	0.00422959	0.00321670	0.00213778	0.00461146	0.01051747	0.00589542	0.00330026	0.00239822	0.00091255	0.00321455	0.00561781	0.00344252	0.00160509	0.00315451	0.00584422	0.00211677	0.00295233	0.00118571	0.00155723
8.04000000	0.00384347	0.00472183	0.00311702	0.00151298	0.00136739	0.00671751	0.00761265	0.00659201	0.00410592	0.00323670	0.00227183	0.00464878	0.01017417	0.00649083	0.00309418	0.00249504	0.00112666	0.00306238	0.00559685	0.00370558	0.00153564	0.00317348	0.00576375	0.00209338	0.00282789	0.00134424	0.00149506
8.05000000	0.00369654	0.00474751	0.00302354	0.00145283	0.00122238	0.00686155	0.00740222	0.00664781	0.00411883	0.00320473	0.00208137	0.00432178	0.00959740	0.00670547	0.00312302	0.00274461	0.00092609	0.00294142	0.00558755	0.00379581	0.00158126	0.00317162	0.00577376	0.00221393	0.00284572	0.00131464	0.00148969
8.06000000	0.00362731	0.00459338	0.00296959	0.00170358	0.00132383	0.00690950	0.00748362	0.00659081	0.00405185	0.00315003	0.00224681	0.00441758	0.00898688	0.00705843	0.00313596	0.00301477	0.00103955	0.00292090	0.00552964	0.00397550	0.00149928	0.00327058	0.00573605	0.00233454	0.00269307	0.00141222	0.00134963
8.07000000	0.00340195	0.00452050	0.00281811	0.00164304	0.00106417	0.00697558	0.00728342	0.00667122	0.00412084	0.00326365	0.00199417	0.00446012	0.00853410	0.00674568	0.00283745	0.00277021	0.00121277	0.00274311	0.00556060	0.00407881	0.00161983	0.00325829	0.00574061	0.00240945	0.00275773	0.00133134	0.00146541
8.08000000	0.00319139	0.00461242	0.00266001	0.00177290	0.00103159	0.00696173	0.00739011	0.00657740	0.00404729	0.00324473	0.00214493	0.00480341	0.00793687	0.00660349	0.00268819	0.00296752	0.00171237	0.00272673	0.00555053	0.00416898	0.00156142	0.00335824	0.00575002	0.00253578	0.00265457	0.00142525	0.00151623
8.09000000	0.00293294	0.00478380	0.00245436	0.00194947	0.00098646	0.00695692	0.00729721	0.00659109	0.00414041	0.00323108	0.00226663	0.00531481	0.00740404	0.00623812	0.00252233	0.00304840	0.00228538	0.00264063	0.00554847	0.00427511	0.00150390	0.00342543	0.00575486	0.00264477	0.00259201	0.00143356	0.00154250
8.10000000	0.00266152	0.00504570	0.00224583	0.00208289	0.00095409	0.00695709	0.00723779	0.00658797	0.00421947	0.00331667	0.00230211	0.00598547	0.00686521	0.00565972	0.00246785	0.00328356	0.00280398	0.00266408	0.00550148	0.00428092	0.00149934	0.00347468	0.00573957	0.00271803	0.00253581	0.00145108	0.00151595
8.11000000	0.00252058	0.00411948	0.00259234	0.00192976	0.00100666	0.00687008	0.00757974	0.00662494	0.00440543	0.00339734	0.00202543	0.00630185	0.00636033	0.00426853	0.00252172	0.00185253	0.00137953	0.00245758	0.00538379	0.00432354	0.00146776	0.00342734	0.00576755	0.00266428	0.00252223	0.00151939	0.00132728
8.12000000	0.00210744	0.00472138	0.00245367	0.00190044	0.00096195	0.00676761	0.00758019	0.00673588	0.00458739	0.00338516	0.00233643	0.00685204	0.00560371	0.00372990	0.00300504	0.00278962	0.00212772	0.00271349	0.00531485	0.00414385	0.00134641	0.00346090	0.00567595	0.00282530	0.00240701	0.00157484	0.00126437
8.13000000	0.00201137	0.00421847	0.00237323	0.00207713	0.00095981	0.00689110	0.00751606	0.00660739	0.00468417	0.00345453	0.00213971	0.00758146	0.00559682	0.00266491	0.00240646	0.00160051	0.00165849	0.00242567	0.00536022	0.00432591	0.00136205	0.00353030	0.00574501	0.00270875	0.00244898	0.00140470	0.00129625
8.14000000	0.00199881	0.00470810	0.00212689	0.00226851	0.00103868	0.00685881	0.00747441	0.00647773	0.00472472	0.00344341	0.00229547	0.00834113	0.00526183	0.00220866	0.00246344	0.00173494	0.00196326	0.00238797	0.00528768	0.00424382	0.00127399	0.00351837	0.00574398	0.00267917	0.00236105	0.00145193	0.00133098
8.15000000	0.00197748	0.00505200	0.00193263	0.00235120	0.00106537	0.00677728	0.00739095	0.00647675	0.00475454	0.00351599	0.00232515	0.00895258	0.00500778	0.00196058	0.00247367	0.00178055	0.00206998	0.00240538	0.00525833	0.00412666	0.00117521	0.00349242	0.00565636	0.00264327	0.00234022	0.00149438	0.00137055
8.16000000	0.00183150	0.00576605	0.00168899	0.00227677	0.00103962	0.00656046	0.00743024	0.00650633	0.00472252	0.00329567	0.00234900	0.00941243	0.00459644	0.00178963	0.00268623	0.00225778	0.00272614	0.00254518	0.00516872	0.00390839	0.00112127	0.00347333	0.00559510	0.00270647	0.00223044	0.00145293	0.00133762
8.17000000	0.00205661	0.00545921	0.00167045	0.00243247	0.00117934	0.00668283	0.00725222	0.00641840	0.00472400	0.00347675	0.00216256	0.00970488	0.00467575	0.00189488	0.00255030	0.00186285	0.00211455	0.00237690	0.00504718	0.00387064	0.00110587	0.00338846	0.00553519	0.00249257	0.00224845	0.00156155	0.00116606
8.18000000	0.00196671	0.00621455	0.00146686	0.00225109	0.00111099	0.00620721	0.00725337	0.00655676	0.00456216	0.00323288	0.00220845	0.00969115	0.00425764	0.00180861	0.00267080	0.00223906	0.00276521	0.00258691	0.00507733	0.00358320	0.00093844	0.00339705	0.00537924	0.00268817	0.00219246	0.00153595	0.00141419
8.19000000	0.00220361	0.00631346	0.00142837	0.00241440	0.00133491	0.00619419	0.00712696	0.00631246	0.00438485	0.00314935	0.00207093	0.00971444	0.00428139	0.00160636	0.00250538	0.00178158	0.00252044	0.00234090	0.00484801	0.00347104	0.00098752	0.00327308	0.00547140	0.00247149	0.00209134	0.00179050	0.00125467
8.20000000	0.00226614	0.00545632	0.00165315	0.00228675	0.00127136	0.00627278	0.00690827	0.00625403	0.00436248	0.00322089	0.00188545	0.00922815	0.00421607	0.00167381	0.00248064	0.00201338	0.00224981	0.00224130	0.00478369	0.00340489	0.00095961	0.00321659	0.00533966	0.00234010	0.00213157	0.00192719	0.00113803
8.21000000	0.00213506	0.00497789	0.00185571	0.00203034	0.00120826	0.00619333	0.00677905	0.00612417	0.00415691	0.00306321	0.00189392	0.00858072	0.00395592	0.00154384	0.00250196	0.00207895	0.00237668	0.00219975	0.00467441	0.00324828	0.00097050	0.00317289	0.00529025	0.00232057	0.00207795	0.00203845	0.00110528
8.22000000	0.00228559	0.00520732	0.00170185	0.00200995	0.00118944	0.00588699	0.00653278	0.00603713	0.00390292	0.00294904	0.00178946	0.00787961	0.00376109	0.00116228	0.00239852	0.00189150	0.00219772	0.00213671	0.00454691	0.00305895	0.00098472	0.00306484	0.00518307	0.00231080	0.00200822	0.00212382	0.00113656
8.23000000	0.00218515	0.00477211	0.00182738	0.00180134	0.00112326	0.00573803	0.00633364	0.00584215	0.00367955	0.00278047	0.00166560	0.00702264	0.00356234	0.00094595	0.00229567	0.00195060	0.00226743	0.00212907	0.00448687	0.00291504	0.00098210	0.00302113	0.00504379	0.00229811	0.00203204	0.00221049	0.00108064
8.24000000	0.00236646	0.00541960	0.00152503	0.00165014	0.00094195	0.00505560	0.00643491	0.00571244	0.00327536	0.00254284	0.00169516	0.00608162	0.00284428	0.00075336	0.00251997	0.00202843	0.00169036	0.00221318	0.00431922	0.00260502	0.00104546	0.00291997	0.00488633	0.00247708	0.00186160	0.00207161	0.00121377
8.25000000	0.00232292	0.00431215	0.00177087	0.00169901	0.00105897	0.00512609	0.00574937	0.00546531	0.00319359	0.00259666	0.00137545	0.00529414	0.00306953	0.00053387	0.00199141	0.00157433	0.00197119	0.00195219	0.00424052	0.00267059	0.00104760	0.00285137	0.00484546	0.00219358	0.00196667	0.00234879	0.00103354
8.26000000	0.00248915	0.00491657	0.00143813	0.00159299	0.00088792	0.00439707	0.00580911	0.00527001	0.00282350	0.00234374	0.00131042	0.00412325	0.00245103	0.00100080	0.00201289	0.00151279	0.00142353	0.00198969	0.00409755	0.00239171	0.00107973	0.00274744	0.00469428	0.00231352	0.00183464	0.00221544	0.00118080
8.27000000	0.00247173	0.00382299	0.00162503	0.00163762	0.00094223	0.00429846	0.00513899	0.00499476	0.00273153	0.00245730	0.00124231	0.00344547	0.00270558	0.00079725	0.00157784	0.00098136	0.00155186	0.00176535	0.00405918	0.00250617	0.00103250	0.00270285	0.00460826	0.00219938	0.00193966	0.00233192	0.00106804
8.28000000	0.00259899	0.00435476	0.00132095	0.00154251	0.00079418	0.00370180	0.00517106	0.00465834	0.00244020	0.00223631	0.00109600	0.00223730	0.00210740	0.00133108	0.00159746	0.00088552	0.00105683	0.00181742	0.00392870	0.00225878	0.00105206	0.00261989	0.00446478	0.00225831	0.00182598	0.00221974	0.00120608
8.29000000	0.00274136	0.00368060	0.00145597	0.00170486	0.00099206	0.00336678	0.00480459	0.00425952	0.00234531	0.00223964	0.00118787	0.00164364	0.00232467	0.00123411	0.00126263	0.00034736	0.00079201	0.00156057	0.00383038	0.00240371	0.00099207	0.00251470	0.00436281	0.00218728	0.00185152	0.00228423	0.00103663
8.30000000	0.00245118	0.00276360	0.00170631	0.00155057	0.00098859	0.00345397	0.00443641	0.00366279	0.00223632	0.00199931	0.00127689	0.00144269	0.00225350	0.00136338	0.00122770	0.00075174	0.00098655	0.00151621	0.00371968	0.00244587	0.00101121	0.00251650	0.00435740	0.00223068	0.00182412	0.00219910	0.00099712
8.31000000	0.00247034	0.00320449	0.00134423	0.00147790	0.00082108	0.00306741	0.00415905	0.00330272	0.00205971	0.00212293	0.00088342	0.00080847	0.00223339	0.00186364	0.00143447	0.00052269	0.00085688	0.00153739	0.00368262	0.00233442	0.00096064	0.00250445	0.00425410	0.00216177	0.00177929	0.00216853	0.00117806
8.32000000	0.00226119	0.00228647	0.00174130	0.00154043	0.00107775	0.00309820	0.00341829	0.00276833	0.00202712	0.00210856	0.00114788	0.00119580	0.00230014	0.00180988	0.00123404	0.00107342	0.00130229	0.00128172	0.00361728	0.00265943	0.00088621	0.00253634	0.00428666	0.00212525	0.00177630	0.00215003	0.00108736
8.33000000	0.00238229	0.00248925	0.00140631	0.00160769	0.00101502	0.00281776	0.00318565	0.00234482	0.00192859	0.00202467	0.00088309	0.00155835	0.00259427	0.00224507	0.00122225	0.00120262	0.00102884	0.00126881	0.00355963	0.00270831	0.00079637	0.00250636	0.00414673	0.00215077	0.00178980	0.00202200	0.00113788
8.34000000	0.00236175	0.00238819	0.00136729	0.00163846	0.00104343	0.00268310	0.00304613	0.00192287	0.00177539	0.00174927	0.00100730	0.00199057	0.00284358	0.00258221	0.00112065	0.00164433	0.00099166	0.00121099	0.00352806	0.00288998	0.00072030	0.00255401	0.00408772	0.00210066	0.00183537	0.00196490	0.00111301
8.35000000	0.00220446	0.00231741	0.00135021	0.00164768	0.00106468	0.00260275	0.00269381	0.00158881	0.00170137	0.00165307	0.00095241	0.00246204	0.00312515	0.00290924	0.00110449	0.00188997	0.00110199	0.00118927	0.00348033	0.00307222	0.00068355	0.00263910	0.00408281	0.00203298	0.00182468	0.00189722	0.00112146
8.36000000	0.00212502	0.00243949	0.00114458	0.00180717	0.00116890	0.00266363	0.00222389	0.00126949	0.00164771	0.00175619	0.00056033	0.00303772	0.00356100	0.00327201	0.00104751	0.00199921	0.00129507	0.00123551	0.00339354	0.00323224	0.00066619	0.00268956	0.00401406	0.00201808	0.00179312	0.00177169	0.00106029
8.37000000	0.00214009	0.00252424	0.00103278	0.00192092	0.00124715	0.00267778	0.00189083	0.00123116	0.00159252	0.00151593	0.00050873	0.00331396	0.00390485	0.00361854	0.00094694	0.00228411	0.00137903	0.00126837	0.00328825	0.00342601	0.00069204	0.00276565	0.00398916	0.00197369	0.00175371	0.00169185	0.00102151
8.38000000	0.00209568	0.00260081	0.00114376	0.00192925	0.00126413	0.00252615	0.00165966	0.00138470	0.00146739	0.00113283	0.00069531	0.00330037	0.00405964	0.00384382	0.00083542	0.00246207	0.00153410	0.00111449	0.00317470	0.00364360	0.00068124	0.00288658	0.00411270	0.00185953	0.00164292	0.00169573	0.00106489
8.39000000	0.00215070	0.00305393	0.00153856	0.00188313	0.00130668	0.00226192	0.00110176	0.00135532	0.00144085	0.00095015	0.00088872	0.00322141	0.00404452	0.00362146	0.00079840	0.00226159	0.00184040	0.00120670	0.00298806	0.00387029	0.00070032	0.00302687	0.00416719	0.00170968	0.00146092	0.00174642	0.00096591
8.40000000	0.00264486	0.00287757	0.00108007	0.00243745	0.00161752	0.00227698	0.00066678	0.00131984	0.00142979	0.00132031	0.00052936	0.00347989	0.00457902	0.00400746	0.00083024	0.00222899	0.00219213	0.00132833	0.00293447	0.00398961	0.00072850	0.00307863	0.00402797	0.00177501	0.00151824	0.00167734	0.00082457
8.41000000	0.00272907	0.00316804	0.00115138	0.00227875	0.00151856	0.00220109	0.00041450	0.00187962	0.00118291	0.00076006	0.00047032	0.00332582	0.00460829	0.00403399	0.00062793	0.00241114	0.00205498	0.00116809	0.00268626	0.00413326	0.00073312	0.00316063	0.00417790	0.00176562	0.00126964	0.00158541	0.00087136
8.42000000	0.00315369	0.00379802	0.00151213	0.00215386	0.00146923	0.00179666	0.00084459	0.00189333	0.00114915	0.00074569	0.00048163	0.00308507	0.00444744	0.00328423	0.00067633	0.00189774	0.00209588	0.00116422	0.00245751	0.00427244	0.00070079	0.00325139	0.00423539	0.00173346	0.00103383	0.00154478	0.00079014
8.43000000	0.00373909	0.00390750	0.00145463	0.00221143	0.00151033	0.00164157	0.00148336	0.00207092	0.00101168	0.00092882	0.00048878	0.00299065	0.00457519	0.00311697	0.00063875	0.00171856	0.00199814	0.00112941	0.00220395	0.00429544	0.00069828	0.00323496	0.00423220	0.00167200	0.00085106	0.00150577	0.00065553
8.44000000	0.00450278	0.00362338	0.00110732	0.00250814	0.00169208	0.00172715	0.00215116	0.00224125	0.00087731	0.00130349	0.00078069	0.00314005	0.00485635	0.00338892	0.00058105	0.00190783	0.00220086	0.00113642	0.00194986	0.00428034	0.00074741	0.00319388	0.00418243	0.00163834	0.00070570	0.00135504	0.00052612
8.45000000	0.00514287	0.00368802	0.00109000	0.00263279	0.00182502	0.00178051	0.00255629	0.00266996	0.00076475	0.00202333	0.00084727	0.00325999	0.00496849	0.00351001	0.00069995	0.00203585	0.00219286	0.00103581	0.00171174	0.00426347	0.00072042	0.00314667	0.00414897	0.00160778	0.00050734	0.00110759	0.00043371
8.46000000	0.00587981	0.00395969	0.00121233	0.00265998	0.00188193	0.00170515	0.00318591	0.00292347	0.00085197	0.00256022	0.00086916	0.00345318	0.00489647	0.00341206	0.00070242	0.00181231	0.00215065	0.00092202	0.00133379	0.00422158	0.00073017	0.00310744	0.00416886	0.00148713	0.00021779	0.00084324	0.00036488
8.47000000	0.00669243	0.00398963	0.00127574	0.00274752	0.00199863	0.00168547	0.00399872	0.00313519	0.00106376	0.00298891	0.00123228	0.00362076	0.00490827	0.00344001	0.00071110	0.00173818	0.00220439	0.00090141	0.00102825	0.00410135	0.00081184	0.00300918	0.00414977	0.00134785	0.00008493	0.00065102	0.00017680
8.48000000	0.00758219	0.00403019	0.00135300	0.00275646	0.00204475	0.00161697	0.00468051	0.00352751	0.00134322	0.00351875	0.00145186	0.00385968	0.00490394	0.00349447	0.00072189	0.00166413	0.00218884	0.00076586	0.00070708	0.00391841	0.00095942	0.00290711	0.00413916	0.00128945	0.00034154	0.00056121	0.00017064
8.49000000	0.00901699	0.00352899	0.00116187	0.00310382	0.00228002	0.00164150	0.00629174	0.00334073	0.00141844	0.00322933	0.00263905	0.00370082	0.00527176	0.00339493	0.00090191	0.00145332	0.00268595	0.00078120	0.00056148	0.00378427	0.00104584	0.00282896	0.00407351	0.00123994	0.00062087	0.00039637	0.00038165
8.50000000	0.00902409	0.00449781	0.00186723	0.00300569	0.00242192	0.00124205	0.00678472	0.00410648	0.00193786	0.00391362	0.00203199	0.00378787	0.00436936	0.00336013	0.00071321	0.00108486	0.00227056	0.00064519	0.00078133	0.00367495	0.00125581	0.00288136	0.00432809	0.00112289	0.00093969	0.00034588	0.00064118
