Coordinates
version=1
nRows=271
nColumns=42
inDegrees=yes

Units are S.I. units (second, meters, Newtons, ...)
If the header above contains a line with 'inDegrees', this indicates whether rotational values are in degrees (yes) or radians (no).

endheader
time	pelvis_tilt	pelvis_list	pelvis_rotation	pelvis_tx	pelvis_ty	pelvis_tz	hip_flexion_r	hip_adduction_r	hip_rotation_r	knee_angle_r	knee_adduction_r	knee_angle_r_beta	ankle_angle_r	subtalar_angle_r	mtp_angle_r	hip_flexion_l	hip_adduction_l	hip_rotation_l	knee_angle_l	knee_adduction_l	knee_angle_l_beta	ankle_angle_l	subtalar_angle_l	mtp_angle_l	lumbar_extension	lumbar_bending	lumbar_rotation	arm_flex_r	arm_add_r	arm_rot_r	elbow_flex_r	pro_sup_r	wrist_flex_r	wrist_dev_r	arm_flex_l	arm_add_l	arm_rot_l	elbow_flex_l	pro_sup_l	wrist_flex_l	wrist_dev_l
      0.40000000	      9.08625803	      3.51581394	     -2.40259145	     -1.55632181	      0.90046414	      0.17103911	      3.76964749	     -7.93794295	     -0.28200352	     69.57056973	      5.60314483	      1.21423550	      0.45985221	    -11.64200788	     -9.58659958	      7.77009510	      7.98310954	    -23.70062933	     31.82097296	     -6.13681259	      0.55538075	     22.62717206	     23.19688644	     -9.58659958	    -21.54662138	     -2.75640849	     -1.03423245	      4.17369754	     -8.22130132	    -15.11261658	     29.59458236	     90.00000001	      0.00000000	      0.00000000	     -3.99779312	     -6.60702379	    -26.84196673	     37.61915073	     90.00000001	      0.00000000	      0.00000000
      0.41000000	      9.22412702	      3.38822719	     -2.51885729	     -1.54907323	      0.90136947	      0.17111490	      5.56453128	     -7.53044015	     -0.18886862	     70.62472031	      4.79300303	      1.23263390	      2.03658512	    -12.67173623	     -9.55484119	      6.72570750	      7.85037502	    -23.54204413	     31.31971923	     -5.81082420	      0.54663222	     22.94105727	     23.24485474	     -9.55484119	    -21.84978662	     -2.62656951	     -1.17376261	      4.04166560	     -8.36362783	    -15.22434166	     29.33626326	     90.00000001	      0.00000000	      0.00000000	     -3.64209899	     -6.75994656	    -26.58461966	     37.83303947	     90.00000001	      0.00000000	      0.00000000
      0.42000000	      9.27641126	      3.37605601	     -2.56288491	     -1.54197739	      0.90203943	      0.17084471	      7.44246808	     -7.40393561	      0.33802168	     71.49690548	      4.69244229	      1.24785641	      3.18500041	    -14.52132614	     -9.48527111	      5.84754071	      7.94378620	    -23.47524662	     30.81461584	     -5.72248045	      0.53781650	     23.33147959	     23.65358099	     -9.48527111	    -22.06991682	     -2.55849664	     -1.42479921	      4.01326875	     -8.38661525	    -16.01490399	     29.01823020	     90.00000001	      0.00000000	      0.00000000	     -3.37924735	     -6.99082549	    -25.72903085	     38.09495866	     90.00000001	      0.00000000	      0.00000000
      0.43000000	      9.37706196	      3.18327000	     -2.59526884	     -1.53484799	      0.90287442	      0.17086842	      9.15572309	     -6.87838408	      0.50261725	     71.92904898	      4.12927406	      1.25539873	      4.30799517	    -15.16571951	     -9.45836819	      4.87652743	      7.74621222	    -23.21239367	     30.35829347	     -5.42484550	      0.52985218	     23.57437986	     23.66560065	     -9.45836819	    -22.33951012	     -2.32359301	     -1.65168062	      3.87274060	     -8.50275850	    -16.21320793	     28.89599639	     90.00000001	      0.00000000	      0.00000000	     -3.03902259	     -7.15485986	    -25.47993498	     38.25157888	     90.00000001	      0.00000000	      0.00000000
      0.44000000	      9.46505279	      3.01427431	     -2.49528156	     -1.52780739	      0.90366392	      0.17060826	     10.77086268	     -6.48855203	      0.63749221	     72.04919658	      3.82640032	      1.25749570	      5.24520708	    -15.72768084	     -9.43388023	      3.97790552	      7.61531942	    -22.90731787	     29.93436343	     -5.22975294	      0.52245320	     23.83659424	     23.69350006	     -9.43388023	    -22.61796809	     -2.06551409	     -1.99051270	      3.73494819	     -8.60231418	    -16.45699081	     28.80437848	     90.00000001	      0.00000000	      0.00000000	     -2.68702058	     -7.30968627	    -25.13730920	     38.39607507	     90.00000001	      0.00000000	      0.00000000
      0.45000000	      9.63108523	      2.90909426	     -2.38273752	     -1.52070044	      0.90466458	      0.17040608	     12.13167548	     -6.18587336	      1.04508424	     71.72614628	      3.90302724	      1.25185741	      5.95536319	    -16.76211108	     -9.37769824	      2.90397220	      7.58320283	    -22.40588067	     29.36977278	     -4.94425429	      0.51259924	     24.30826493	     23.94264938	     -9.37769824	    -22.96054895	     -1.88379719	     -2.28961851	      3.65356034	     -8.55089814	    -17.49360659	     28.63405484	     90.00000001	      0.00000000	      0.00000000	     -2.35805777	     -7.66892773	    -24.04743745	     38.50455033	     90.00000001	      0.00000000	      0.00000000
      0.46000000	      9.61775605	      2.71159084	     -2.22189276	     -1.51379956	      0.90525554	      0.17010743	     13.66193750	     -5.75324437	      1.13605842	     71.17960782	      3.70169022	      1.24231852	      6.59305736	    -16.86994635	     -9.34672771	      2.20895316	      7.45484178	    -22.00889667	     29.04510747	     -4.85605715	      0.50693276	     24.49415257	     23.89602773	     -9.34672771	    -23.12331254	     -1.56864266	     -2.59498365	      3.47569349	     -8.64250947	    -17.81302217	     28.61484229	     90.00000001	      0.00000000	      0.00000000	     -1.97617513	     -7.83457106	    -23.68101727	     38.65001515	     90.00000001	      0.00000000	      0.00000000
      0.47000000	      9.73843975	      2.46949096	     -1.92750852	     -1.50674779	      0.90613853	      0.16965682	     14.80114111	     -5.34800126	      1.14036894	     70.18032389	      3.66770093	      1.22487772	      7.04269817	    -17.02241389	     -9.29400584	      1.29959447	      7.24380602	    -21.46058361	     28.65693646	     -4.65304510	      0.50015789	     24.87637593	     23.94045659	     -9.29400584	    -23.41782237	     -1.16979453	     -3.00381739	      3.31790347	     -8.64721369	    -18.57669536	     28.59388844	     90.00000001	      0.00000000	      0.00000000	     -1.61965913	     -8.08186202	    -22.87067196	     38.68053514	     90.00000001	      0.00000000	      0.00000000
      0.48000000	      9.62848955	      2.24718574	     -1.65810104	     -1.49990197	      0.90649369	      0.16920436	     16.20993860	     -5.00451044	      1.08974374	     69.02046459	      3.63499791	      1.20463436	      7.46900480	    -16.74091603	     -9.26485738	      0.79977101	      7.14697039	    -21.06171195	     28.39968131	     -4.76399881	      0.49566795	     25.02873417	     23.86508062	     -9.26485738	    -23.47530387	     -0.79680174	     -3.38269740	      3.09787038	     -8.72456417	    -18.81342295	     28.65256907	     90.00000001	      0.00000000	      0.00000000	     -1.27769016	     -8.21772942	    -22.53783960	     38.80701071	     90.00000001	      0.00000000	      0.00000000
      0.49000000	      9.79572715	      1.94120987	     -1.28755342	     -1.49277909	      0.90740013	      0.16878033	     17.00466583	     -4.60484416	      0.59302242	     67.30756865	      3.36885734	      1.17473868	      7.70671147	    -16.45624062	     -9.18065080	     -0.10260269	      6.79914622	    -20.66036459	     28.12195488	     -4.62220743	      0.49082070	     25.40275025	     24.17462468	     -9.18065080	    -23.79939791	     -0.30991630	     -3.75762208	      2.93450479	     -8.68063261	    -19.82168463	     28.67649267	     90.00000001	      0.00000000	      0.00000000	     -0.91201331	     -8.50824014	    -21.58542160	     38.83380691	     90.00000001	      0.00000000	      0.00000000
      0.50000000	      9.57925117	      1.80826872	     -0.98350928	     -1.48593109	      0.90736820	      0.16829361	     18.34248201	     -4.46920129	      0.53849165	     65.65903533	      3.48977282	      1.14596635	      8.02785987	    -15.84636519	     -9.15455404	     -0.41375786	      6.77002213	    -20.37785043	     27.97016555	     -4.78361804	      0.48817148	     25.54219044	     24.08250695	     -9.15455404	    -23.69697917	     -0.02622114	     -4.15884072	      2.63761261	     -8.73484808	    -19.91859283	     28.76658090	     90.00000001	      0.00000000	      0.00000000	     -0.58047258	     -8.62277454	    -21.37788113	     38.95835670	     90.00000001	      0.00000000	      0.00000000
      0.51000000	      9.74015655	      1.44819678	     -0.56868667	     -1.47881392	      0.90812876	      0.16791052	     18.88750766	     -4.07304347	     -0.02274699	     63.37134182	      3.35461036	      1.10603857	      8.60526842	    -14.92898092	     -9.09483872	     -1.29610072	      6.31128690	    -20.11857564	     27.69185304	     -4.69231243	      0.48331401	     26.08701393	     24.68454456	     -9.09483872	    -24.02507944	      0.51832703	     -4.50156219	      2.41052161	     -8.75567924	    -20.43733937	     28.84390339	     90.00000001	      0.00000000	      0.00000000	     -0.14185545	     -8.81605140	    -20.71524186	     38.87461670	     90.00000001	      0.00000000	      0.00000000
      0.52000000	      9.45801399	      1.36629378	     -0.25210544	     -1.47195263	      0.90776210	      0.16752278	     20.11976241	     -4.04191400	     -0.14919857	     61.29219842	      3.51118302	      1.06975067	      8.86445319	    -14.06296280	     -9.06845182	     -1.50833757	      6.31868097	    -19.96594452	     27.56491814	     -4.94207956	      0.48109858	     26.20352340	     24.67712055	     -9.06845182	    -23.84205608	      0.72179574	     -4.88413891	      2.08378665	     -8.78017475	    -20.54479620	     28.95173326	     90.00000001	      0.00000000	      0.00000000	      0.17235593	     -8.92746573	    -20.49963421	     39.01844220	     90.00000001	      0.00000000	      0.00000000
      0.53000000	      9.69122663	      1.00512943	      0.15269852	     -1.46448153	      0.90842684	      0.16727161	     20.33542831	     -3.65626594	     -1.19754955	     58.48790247	      3.00919002	      1.02080647	      9.90371635	    -11.69941306	     -8.99061863	     -2.50491984	      5.74364802	    -20.21448142	     27.25740058	     -4.91933128	      0.47573139	     26.76551664	     26.16246227	     -8.99061863	    -24.19040510	      1.25773542	     -5.14283966	      1.80031708	     -8.74905663	    -21.22576802	     29.01636700	     90.00000001	      0.00000000	      0.00000000	      0.56031458	     -9.09841895	    -19.84755117	     38.96771924	     90.00000001	      0.00000000	      0.00000000
      0.54000000	      9.51115296	      0.89604975	      0.50564335	     -1.45747414	      0.90803780	      0.16691501	     21.17814758	     -3.67738480	     -1.28036889	     55.93541851	      3.39737294	      0.97625722	     10.40931348	    -10.30534649	     -8.95429476	     -2.87197722	      5.62690017	    -20.13563123	     27.12555628	     -5.07619327	      0.47343027	     27.12865161	     26.40775910	     -8.95429476	    -24.10482968	      1.50514679	     -5.47718302	      1.49380298	     -8.73898536	    -21.37630864	     29.06972596	     90.00000001	      0.00000000	      0.00000000	      0.94243947	     -9.19542941	    -19.61530423	     38.96673335	     90.00000001	      0.00000000	      0.00000000
      0.55000000	      9.57572850	      0.72986607	      0.81535109	     -1.44990428	      0.90802880	      0.16690270	     21.55995337	     -3.46989055	     -2.37699070	     53.05609291	      2.78308063	      0.92600351	     11.63384177	     -6.99793638	     -8.87342849	     -3.67259313	      5.23740832	    -20.54669666	     26.82295459	     -5.05604137	      0.46814887	     27.51017925	     27.91268904	     -8.87342849	    -24.22864494	      1.76085395	     -5.68609659	      1.14259772	     -8.67005260	    -21.92536673	     29.13569595	     90.00000001	      0.00000000	      0.00000000	      1.25650921	     -9.30952369	    -19.24784312	     39.02219801	     90.00000001	      0.00000000	      0.00000000
      0.56000000	      9.46365640	      0.65524153	      1.07465794	     -1.44262767	      0.90752998	      0.16701113	     22.17075674	     -3.42077667	     -2.69077466	     50.26502911	      2.89504099	      0.87729026	     12.37825615	     -4.78324301	     -8.81452370	     -4.21787861	      5.01051807	    -20.61055268	     26.61744940	     -4.98399986	      0.46456213	     27.90500674	     28.48714480	     -8.81452370	    -24.18775999	      1.88396613	     -5.86517211	      0.79959689	     -8.58660899	    -22.18331291	     29.14987612	     90.00000001	      0.00000000	      0.00000000	      1.62017560	     -9.41084511	    -19.03402286	     39.01857808	     90.00000001	      0.00000000	      0.00000000
      0.57000000	      9.36726698	      0.61257896	      1.39051289	     -1.43519267	      0.90689316	      0.16698494	     22.72442481	     -3.45658981	     -3.48393056	     47.51221523	      2.72054757	      0.82924459	     13.14638064	     -1.91445802	     -8.73558559	     -4.77720222	      4.81302743	    -20.75449134	     26.41091915	     -4.98454764	      0.46095750	     28.23380414	     29.33996996	     -8.73558559	    -24.14610780	      1.99814993	     -6.08926244	      0.44599541	     -8.48338708	    -22.59285915	     29.17069280	     90.00000001	      0.00000000	      0.00000000	      1.94196879	     -9.50198393	    -18.81998214	     39.08613694	     90.00000001	      0.00000000	      0.00000000
      0.58000000	      9.19387928	      0.61338314	      1.60550295	     -1.42797139	      0.90601490	      0.16728529	     23.34105483	     -3.50909058	     -3.48577168	     44.81218728	      3.13910236	      0.78212021	     13.48128889	     -0.36182315	     -8.70065244	     -5.24818798	      4.65169389	    -20.65838250	     26.24884618	     -4.80599352	      0.45812879	     28.66628367	     29.51754750	     -8.70065244	    -24.04716739	      2.00081093	     -6.19950674	      0.10382950	     -8.38038712	    -22.77063401	     29.12327679	     90.00000001	      0.00000000	      0.00000000	      2.33041552	     -9.59550785	    -18.66192203	     39.06022078	     90.00000001	      0.00000000	      0.00000000
      0.59000000	      8.85056763	      0.70177542	      1.77068194	     -1.42079545	      0.90466666	      0.16761440	     24.23822794	     -3.62752572	     -3.69674269	     42.40041997	      3.30206809	      0.74002693	     13.60417898	      0.81807666	     -8.67854155	     -5.47878076	      4.70975713	    -20.45279980	     26.10967738	     -4.80689624	      0.45569984	     28.88169614	     29.62211263	     -8.67854155	    -23.76740402	      1.88477036	     -6.30712300	     -0.26844590	     -8.26510132	    -22.91980350	     29.13217923	     90.00000001	      0.00000000	      0.00000000	      2.61554147	     -9.64501034	    -18.54276978	     39.16859771	     90.00000001	      0.00000000	      0.00000000
      0.60000000	      9.01761622	      0.60338718	      2.00364010	     -1.41307729	      0.90427769	      0.16796403	     24.25644730	     -3.66976443	     -4.70029902	     39.79085333	      3.31660841	      0.69448140	     14.14515465	      3.58961207	     -8.64056417	     -6.44949083	      4.27989291	    -20.50251957	     25.86851341	     -4.41201538	      0.45149073	     29.41690373	     30.29117984	     -8.64056417	    -24.00896976	      2.01875798	     -6.30744256	     -0.55341742	     -8.13049776	    -23.46057176	     29.00448087	     90.00000001	      0.00000000	      0.00000000	      3.03018898	     -9.67511853	    -18.38815762	     39.05767444	     90.00000001	      0.00000000	      0.00000000
      0.61000000	      8.77499210	      0.70336329	      2.20846304	     -1.40570219	      0.90293466	      0.16826129	     24.92982390	     -3.95487005	     -5.46976977	     37.74497513	      3.43500900	      0.65877409	     14.27608458	      5.28475626	     -8.61391303	     -6.81054848	      4.34305410	    -20.25272383	     25.71167440	     -4.42636810	      0.44875337	     29.70994102	     30.53939528	     -8.61391303	    -23.81773375	      1.91379996	     -6.36334957	     -0.88800305	     -7.96942222	    -23.75904519	     28.93193651	     90.00000001	      0.00000000	      0.00000000	      3.34402407	     -9.70151089	    -18.30184815	     39.15132032	     90.00000001	      0.00000000	      0.00000000
      0.62000000	      8.86528816	      0.76385857	      2.45874175	     -1.39774190	      0.90206769	      0.16853938	     25.19474799	     -4.28612161	     -7.57029756	     36.10890087	      2.97184747	      0.63021921	     14.98189629	      9.01125527	     -8.54138643	     -7.67745765	      4.18987869	    -20.18682978	     25.47498987	     -4.20177045	      0.44462245	     29.92701914	     31.11051841	     -8.54138643	    -23.93965972	      1.87237625	     -6.43745073	     -1.16066573	     -7.73011000	    -24.61699023	     28.79547847	     90.00000001	      0.00000000	      0.00000000	      3.63204600	     -9.69607950	    -18.24897872	     39.23678578	     90.00000001	      0.00000000	      0.00000000
      0.63000000	      8.56908872	      0.96909124	      2.44393418	     -1.39027806	      0.90028669	      0.16941756	     26.12670419	     -4.69546850	     -8.21970341	     35.16310131	      3.32004668	      0.61371189	     14.94564558	      9.04364160	     -8.53025203	     -7.93884991	      4.24918128	    -20.17203788	     25.54100652	     -3.99546708	      0.44577466	     29.92505144	     30.77623245	     -8.53025203	    -23.69634245	      1.52422161	     -6.29628674	     -1.53596145	     -7.55622578	    -24.59614665	     28.75385891	     90.00000001	      0.00000000	      0.00000000	      3.88132497	     -9.73507526	    -18.21018758	     39.44990442	     90.00000001	      0.00000000	      0.00000000
      0.64000000	      8.87725234	      0.85854286	      2.80597713	     -1.38213294	      0.89999119	      0.16946785	     25.69045513	     -4.89582104	    -10.10207512	     33.52302665	      3.27086217	      0.58508719	     15.04943497	     11.67500012	     -8.48662457	     -9.17859267	      4.01289094	    -19.62556891	     25.00138764	     -3.82113667	      0.43635653	     30.47965870	     31.25831528	     -8.48662457	    -24.04864839	      1.75990375	     -6.37695270	     -1.69671653	     -7.40081469	    -25.37188505	     28.49900172	     90.00000001	      0.00000000	      0.00000000	      4.22425473	     -9.62407234	    -18.21311788	     39.31898953	     90.00000001	      0.00000000	      0.00000000
      0.65000000	      8.88627402	      0.97207336	      2.98997644	     -1.37411823	      0.89879078	      0.16987756	     25.94660437	     -5.35125989	    -11.60638456	     32.95463233	      3.38637806	      0.57516684	     15.21491891	     13.03832939	     -8.43918949	     -9.91459660	      4.03111142	    -19.31185589	     24.79305195	     -3.71093412	      0.43272039	     30.76573594	     31.24734316	     -8.43918949	    -24.07757806	      1.64039151	     -6.36138353	     -1.93808728	     -7.21859011	    -25.86987552	     28.27082843	     90.00000001	      0.00000000	      0.00000000	      4.45622879	     -9.57271218	    -18.22448787	     39.40044798	     90.00000001	      0.00000000	      0.00000000
      0.66000000	      8.74661513	      1.06905124	      2.95838713	     -1.36616426	      0.89717464	      0.17085974	     26.38776238	     -5.54188131	    -12.14792259	     32.67283794	      3.66142949	      0.57024860	     15.24142692	     12.94534767	     -8.43759321	    -10.35844084	      4.02955928	    -19.31548009	     24.85751079	     -3.70261220	      0.43384541	     30.86139010	     31.24616214	     -8.43759321	    -23.94570210	      1.43857485	     -6.18039669	     -2.21643752	     -7.07240027	    -25.89103434	     28.10992560	     90.00000001	      0.00000000	      0.00000000	      4.59962384	     -9.54488690	    -18.22710666	     39.49756277	     90.00000001	      0.00000000	      0.00000000
      0.67000000	      8.88206373	      1.11224856	      3.25791931	     -1.35776990	      0.89609986	      0.17104404	     26.33486809	     -5.96238985	    -13.66487025	     32.75907346	      3.79642443	      0.57175369	     15.16905297	     12.75459415	     -8.42791148	    -11.25256336	      3.95105195	    -18.91274799	     24.64768109	     -3.62492419	      0.43018319	     31.42656946	     31.29184605	     -8.42791148	    -24.06399178	      1.45946027	     -6.22353971	     -2.46012168	     -6.97907388	    -26.13826535	     27.87208731	     90.00000001	      0.00000000	      0.00000000	      4.76189442	     -9.40980007	    -18.26139111	     39.57143317	     90.00000001	      0.00000000	      0.00000000
      0.68000000	      9.07486678	      1.13639157	      3.43475319	     -1.34913134	      0.89519910	      0.17162089	     26.09917448	     -6.09475727	    -15.12956392	     32.86645137	      3.51183996	      0.57362779	     15.29392393	     13.55325992	     -8.38396968	    -12.30557376	      3.88706066	    -18.38072166	     24.30055220	     -3.49244883	      0.42412465	     31.52521386	     31.00322791	     -8.38396968	    -24.21800036	      1.46338003	     -6.16165280	     -2.56101244	     -6.76677036	    -27.00050232	     27.53027137	     90.00000001	      0.00000000	      0.00000000	      4.85271794	     -9.28627194	    -18.45338912	     39.74169652	     90.00000001	      0.00000000	      0.00000000
      0.69000000	      9.12154787	      1.15067036	      3.50723354	     -1.34046203	      0.89383976	      0.17236630	     26.06274743	     -6.14283254	    -15.86406682	     33.31793864	      3.46735774	      0.58150773	     15.32623299	     13.10142789	     -8.37695334	    -13.00859986	      3.78758799	    -18.32318791	     24.31019283	     -3.52911918	      0.42429291	     31.76149825	     30.96260502	     -8.37695334	    -24.19005978	      1.43367100	     -6.01598575	     -2.79004170	     -6.68802382	    -27.10112406	     27.29231674	     90.00000001	      0.00000000	      0.00000000	      4.85651551	     -9.15099136	    -18.49335519	     39.87018787	     90.00000001	      0.00000000	      0.00000000
      0.70000000	      9.02958061	      1.18084698	      3.53858117	     -1.33171531	      0.89232878	      0.17329337	     25.95053486	     -6.03266517	    -16.00464902	     33.48442492	      3.48818522	      0.58441346	     15.30849431	     12.98976443	     -8.37586519	    -13.48324063	      3.76398661	    -18.21547734	     24.43332028	     -3.67238513	      0.42644189	     31.80241844	     30.96179266	     -8.37586519	    -23.98374825	      1.36025243	     -5.90570939	     -3.04708612	     -6.56517955	    -27.13139621	     27.13073171	     90.00000001	      0.00000000	      0.00000000	      4.75429438	     -9.06653532	    -18.51631847	     39.89252711	     90.00000001	      0.00000000	      0.00000000
      0.71000000	      9.23124375	      1.11320743	      3.62507452	     -1.32265238	      0.89119398	      0.17405885	     25.65415148	     -5.93670461	    -16.88320192	     34.33945611	      3.22170611	      0.59933657	     15.22082092	     12.20697016	     -8.37027838	    -14.40445423	      3.56989952	    -18.16150810	     24.39097512	     -3.73906266	      0.42570282	     32.11462364	     30.83603818	     -8.37027838	    -24.09137158	      1.45345096	     -5.66136323	     -3.18522052	     -6.57442664	    -27.28756354	     26.77734086	     90.00000001	      0.00000000	      0.00000000	      4.69349228	     -8.85539457	    -18.66518092	     40.19673151	     90.00000001	      0.00000000	      0.00000000
      0.72000000	      9.13234526	      1.13523135	      3.65995718	     -1.31346786	      0.88973412	      0.17501430	     25.37417978	     -5.74368922	    -16.91352978	     34.56256160	      3.16177908	      0.60323050	     15.14872034	     12.09496683	     -8.36921689	    -14.88055815	      3.54772121	    -18.01949998	     24.53425623	     -3.91880581	      0.42820355	     32.14324145	     30.82623839	     -8.36921689	    -23.80477312	      1.39178139	     -5.60313256	     -3.41604347	     -6.45656074	    -27.32925635	     26.62361111	     90.00000001	      0.00000000	      0.00000000	      4.43622212	     -8.75804721	    -18.71671423	     40.17915582	     90.00000001	      0.00000000	      0.00000000
      0.73000000	      9.34956515	      0.90842469	      3.75978356	     -1.30409171	      0.88889643	      0.17596926	     24.79284062	     -5.25691676	    -17.56382129	     35.09710308	      2.76391143	      0.61256001	     14.26343822	     10.53735478	     -8.34364622	    -15.80494681	      3.16725013	    -17.71487340	     24.51627883	     -3.88894535	      0.42788979	     32.37025476	     30.30889181	     -8.34364622	    -23.87300566	      1.65912951	     -5.52373011	     -3.25066693	     -6.40755066	    -28.00911056	     26.01573011	     90.00000001	      0.00000000	      0.00000000	      4.09093559	     -8.43001628	    -19.50731388	     40.74935959	     90.00000001	      0.00000000	      0.00000000
      0.74000000	      9.26207327	      0.89795163	      3.76556761	     -1.29470096	      0.88763595	      0.17697365	     24.43798874	     -4.99942815	    -17.44338223	     35.36903279	      2.73802992	      0.61730608	     14.17687232	     10.52626691	     -8.34264615	    -16.23860457	      3.14916507	    -17.55806165	     24.73264160	     -4.12748867	      0.43166603	     32.34862822	     30.28724412	     -8.34264615	    -23.56981446	      1.65670010	     -5.40222699	     -3.43733136	     -6.35643779	    -28.04098759	     25.89203324	     90.00000001	      0.00000000	      0.00000000	      3.77812151	     -8.31060385	    -19.54379696	     40.67943405	     90.00000001	      0.00000000	      0.00000000
      0.75000000	      9.24258488	      0.79656313	      3.73089609	     -1.28517860	      0.88657894	      0.17798351	     24.05343056	     -4.66719247	    -17.32506235	     35.77203660	      2.71959983	      0.62433982	     13.99748694	     10.51089409	     -8.34138461	    -16.71599777	      3.06020343	    -17.40770480	     25.00706321	     -4.40736154	      0.43645559	     32.29717909	     30.20151582	     -8.34138461	    -23.32460624	      1.76166151	     -5.21978888	     -3.56178948	     -6.37444127	    -28.07865462	     25.73520881	     90.00000001	      0.00000000	      0.00000000	      3.42960804	     -8.14823891	    -19.61600066	     40.66231977	     90.00000001	      0.00000000	      0.00000000
      0.76000000	      9.30087287	      0.31988929	      3.69359630	     -1.27578812	      0.88578711	      0.17934454	     23.71249179	     -3.82540469	    -17.56742772	     36.27456401	      2.36926060	      0.63311058	     12.74602535	     10.05672894	     -8.32663421	    -17.02640376	      2.31413042	    -17.60601698	     25.84666250	     -4.47462287	      0.45110936	     31.97252200	     29.13896953	     -8.32663421	    -23.21364432	      2.26758029	     -4.99161885	     -3.29908363	     -6.48069272	    -28.31859576	     25.11593971	     90.00000001	      0.00000000	      0.00000000	      2.92868166	     -7.76368546	    -20.43507238	     41.23458799	     90.00000001	      0.00000000	      0.00000000
      0.77000000	      9.29509087	      0.03107060	      3.64163931	     -1.26618110	      0.88516106	      0.18049890	     23.36823352	     -3.34160854	    -17.39068284	     36.71518667	      2.44163464	      0.64080089	     12.25580946	      9.94502561	     -8.31639295	    -17.32822833	      1.86656113	    -17.56973691	     26.54075893	     -4.53750428	      0.46322363	     31.60137863	     28.54361433	     -8.31639295	    -22.96815481	      2.59492935	     -4.78291792	     -3.24810637	     -6.57540240	    -28.46226583	     24.85430408	     90.00000001	      0.00000000	      0.00000000	      2.51283312	     -7.48442970	    -20.87678315	     41.22536587	     90.00000001	      0.00000000	      0.00000000
      0.78000000	      9.23696139	     -0.30516623	      3.57899256	     -1.25663060	      0.88467280	      0.18176224	     23.15298170	     -2.74655073	    -17.12239509	     37.18214289	      2.39227757	      0.64895082	     11.78680519	      9.80465995	     -8.30449752	    -17.44991548	      1.39336518	    -17.45953414	     27.42592885	     -4.66162438	      0.47867276	     30.99681361	     27.79592848	     -8.30449752	    -22.67915175	      2.96383808	     -4.60352317	     -3.12877412	     -6.65058408	    -28.57232973	     24.59102733	     90.00000001	      0.00000000	      0.00000000	      2.05148461	     -7.19366164	    -21.40496361	     41.22926168	     90.00000001	      0.00000000	      0.00000000
      0.79000000	      9.15247469	     -0.65535978	      3.51262492	     -1.24709306	      0.88437921	      0.18305794	     23.00904004	     -2.14571245	    -16.68924169	     37.69811283	      2.41851171	      0.65795619	     11.44483580	      9.41804253	     -8.28519235	    -17.45817535	      0.89464723	    -17.24965537	     28.46097679	     -4.74604619	      0.49673775	     30.27183011	     26.77179519	     -8.28519235	    -22.35802171	      3.35484983	     -4.41851407	     -2.97702551	     -6.74165314	    -28.68617807	     24.35300225	     90.00000001	      0.00000000	      0.00000000	      1.61047507	     -6.88018050	    -22.06227128	     41.12635290	     90.00000001	      0.00000000	      0.00000000
      0.80000000	      9.21566303	     -0.94681093	      3.39093656	     -1.23730946	      0.88452199	      0.18437292	     22.70205827	     -1.71751470	    -16.30388061	     38.34870504	      2.58164943	      0.66931117	     11.38025138	      9.30745559	     -8.27725618	    -17.65777666	      0.39606840	    -17.25908237	     29.44795613	     -4.75599124	      0.51396379	     29.25937344	     26.20699135	     -8.27725618	    -22.17463947	      3.68623877	     -4.19739687	     -2.85481056	     -6.84751754	    -28.69972118	     24.21658882	     90.00000001	      0.00000000	      0.00000000	      1.11628659	     -6.65453524	    -22.38069207	     40.99064907	     90.00000001	      0.00000000	      0.00000000
      0.81000000	      9.13757036	     -1.30919525	      3.29786211	     -1.22770791	      0.88468853	      0.18578616	     22.49009068	     -1.09221992	    -15.77463305	     38.78735552	      2.65830168	      0.67696706	     11.43675539	      8.94525346	     -8.26391804	    -17.48172236	     -0.21594499	    -17.15498138	     30.82351022	     -4.77738989	      0.53797174	     27.83443060	     25.14093546	     -8.26391804	    -21.85583386	      4.08959185	     -4.02570338	     -2.66959238	     -6.97062709	    -28.68869578	     24.07428124	     90.00000001	      0.00000000	      0.00000000	      0.64000915	     -6.39357866	    -22.97665507	     40.77891725	     90.00000001	      0.00000000	      0.00000000
      0.82000000	      9.28424808	     -1.56305956	      3.17846386	     -1.21788690	      0.88543310	      0.18714367	     21.92680295	     -0.73663470	    -15.44866521	     39.27304723	      2.90860874	      0.68544398	     11.65038132	      8.83090982	     -8.25801350	    -17.62707221	     -0.73723701	    -17.13656463	     32.03802280	     -4.74729134	      0.55916898	     26.51362844	     24.57111580	     -8.25801350	    -21.78386555	      4.38797761	     -3.82906067	     -2.49165699	     -7.07699553	    -28.66378841	     24.03556209	     90.00000001	      0.00000000	      0.00000000	      0.16485054	     -6.22463426	    -23.29543278	     40.49999744	     90.00000001	      0.00000000	      0.00000000
      0.83000000	      9.23363097	     -2.01381867	      3.09571302	     -1.20835637	      0.88616292	      0.18870081	     21.39163532	      0.00985852	    -15.01405507	     39.26533503	      3.07936922	      0.68530938	     11.91738080	      8.28963937	     -8.23156085	    -17.26570820	     -1.60965797	    -16.79897121	     33.82697796	     -4.43887987	      0.59039214	     24.37379318	     22.48708767	     -8.23156085	    -21.49287753	      4.88553250	     -3.66910053	     -2.23832618	     -7.20272972	    -28.52390864	     23.97972753	     90.00000001	      0.00000000	      0.00000000	     -0.21176554	     -5.91915584	    -24.25148749	     40.06257820	     90.00000001	      0.00000000	      0.00000000
      0.84000000	      9.35536682	     -2.30645911	      3.02210113	     -1.19858944	      0.88730291	      0.19005129	     20.51261754	      0.39948715	    -14.83425952	     39.23064528	      3.41989188	      0.68470393	     12.51707051	      8.39777369	     -8.22158634	    -17.10071091	     -2.29061266	    -16.83547401	     35.46268989	     -4.39868550	      0.61894070	     21.97614359	     21.79661479	     -8.22158634	    -21.38224404	      5.24469940	     -3.54617528	     -2.01067272	     -7.26950603	    -28.44175389	     24.05093830	     90.00000001	      0.00000000	      0.00000000	     -0.67763362	     -5.76619367	    -24.55064548	     39.64275959	     90.00000001	      0.00000000	      0.00000000
      0.85000000	      9.51290498	     -2.61808204	      2.96788577	     -1.18892188	      0.88864977	      0.19143811	     19.44633579	      0.80481404	    -14.79834031	     38.97714869	      3.73948559	      0.68027958	     13.14592259	      8.63724834	     -8.21297602	    -16.83520818	     -3.10825262	    -16.91769447	     37.31366963	     -4.28884159	      0.65124639	     19.41982959	     20.88206211	     -8.21297602	    -21.34513888	      5.62105399	     -3.40409869	     -1.76790610	     -7.43170092	    -28.34157278	     24.17430336	     90.00000001	      0.00000000	      0.00000000	     -1.07046490	     -5.70043354	    -24.94270265	     39.13333479	     90.00000001	      0.00000000	      0.00000000
      0.86000000	      9.69545134	     -2.92392207	      2.92995371	     -1.17930682	      0.89018165	      0.19276822	     18.25472539	      1.24310983	    -14.79820487	     38.54279334	      4.00056115	      0.67269865	     13.77094529	      8.99239717	     -8.20502834	    -16.48748321	     -3.92570156	    -16.95366239	     39.29076148	     -4.20557554	      0.68575315	     16.70385970	     19.82784226	     -8.20502834	    -21.33125095	      6.00699251	     -3.28991074	     -1.51429499	     -7.54543906	    -28.20426786	     24.35307923	     90.00000001	      0.00000000	      0.00000000	     -1.43052775	     -5.58412431	    -25.34017738	     38.54836660	     90.00000001	      0.00000000	      0.00000000
      0.87000000	      9.87640934	     -3.27663021	      2.91552364	     -1.16993043	      0.89182275	      0.19424122	     16.97410683	      1.77401377	    -14.84714559	     37.90191297	      4.24696646	      0.66151317	     14.41401071	      9.48201981	     -8.19626303	    -15.96525547	     -4.84968789	    -16.95138890	     41.47232783	     -4.14796091	      0.72382867	     13.66907008	     18.46484962	     -8.19626303	    -21.35960080	      6.42427969	     -3.16881562	     -1.19912813	     -7.61719057	    -27.99385587	     24.62029968	     90.00000001	      0.00000000	      0.00000000	     -1.71511205	     -5.50025865	    -25.78071752	     37.87941749	     90.00000001	      0.00000000	      0.00000000
      0.88000000	     10.07020425	     -3.56674774	      2.91534765	     -1.16066194	      0.89348347	      0.19562736	     15.64733695	      2.24486467	    -14.88726484	     37.19650221	      4.46313427	      0.64920143	     14.98661459	     10.01317845	     -8.18731413	    -15.34037464	     -5.70061898	    -16.90730089	     43.75372965	     -4.12017974	      0.76364664	     10.71845985	     16.92398514	     -8.18731413	    -21.42782447	      6.78202647	     -3.06546107	     -0.90325650	     -7.70854366	    -27.73089240	     24.94574805	     90.00000001	      0.00000000	      0.00000000	     -1.95114079	     -5.46121378	    -26.20262028	     37.17409144	     90.00000001	      0.00000000	      0.00000000
      0.89000000	     10.26840711	     -3.81670806	      2.97084923	     -1.15170449	      0.89525995	      0.19697592	     14.31087313	      2.70878941	    -15.14969585	     36.40493713	      4.47464689	      0.63538602	     15.42657691	     10.81172742	     -8.15092322	    -14.60524947	     -6.47318240	    -15.92594011	     46.16248003	     -3.55722462	      0.80568727	      7.72013448	     13.22379387	     -8.15092322	    -21.55021938	      7.09214679	     -3.01816312	     -0.65864937	     -7.83500665	    -26.79058184	     25.39347918	     90.00000001	      0.00000000	      0.00000000	     -2.07055734	     -5.39661356	    -26.98297415	     36.40573532	     90.00000001	      0.00000000	      0.00000000
      0.90000000	     10.37596788	     -3.99984231	      2.96184015	     -1.14281274	      0.89664919	      0.19820770	     13.10256069	      2.93497564	    -15.08934402	     35.74944008	      4.92771252	      0.62394544	     15.99375576	     11.25460015	     -8.14310398	    -13.55508312	     -7.10774080	    -16.16469285	     48.63920269	     -4.02479346	      0.84891423	      5.14090031	     12.30140977	     -8.14310398	    -21.58199594	      7.33876571	     -2.92926674	     -0.31079584	     -7.93103354	    -26.60835343	     25.84078296	     90.00000001	      0.00000000	      0.00000000	     -2.28325879	     -5.46514726	    -27.12030925	     35.67616750	     90.00000001	      0.00000000	      0.00000000
      0.91000000	     10.40455016	     -4.22270270	      2.99004802	     -1.13437415	      0.89790222	      0.19955995	     12.06594814	      3.37443333	    -15.24241785	     35.05391101	      4.93483825	      0.61180616	     16.38051113	     11.89185453	     -8.10329695	    -12.24704081	     -7.79559457	    -15.19364697	     51.39258667	     -3.60145875	      0.89696985	      2.53434244	      8.44908294	     -8.10329695	    -21.59185816	      7.60433382	     -2.81921322	     -0.05691144	     -8.06337774	    -25.64888172	     26.41798273	     90.00000001	      0.00000000	      0.00000000	     -2.32865147	     -5.47688598	    -27.60894941	     34.86304435	     90.00000001	      0.00000000	      0.00000000
      0.92000000	     10.68669692	     -4.08080838	      2.84861197	     -1.12598801	      0.89945784	      0.20091592	     10.84322692	      3.25539094	    -15.26375334	     34.71230036	      5.16324764	      0.60584393	     16.66567345	     12.16451022	     -8.10014533	    -11.30783683	     -7.82255859	    -15.27267939	     53.63403915	     -4.18877455	      0.93609057	      1.50728701	      7.93496223	     -8.10014533	    -21.96080609	      7.41464698	     -2.62511828	      0.43417017	     -8.04773946	    -25.52389553	     26.82807443	     90.00000001	      0.00000000	      0.00000000	     -2.43348378	     -5.65521017	    -27.67614191	     34.38963451	     90.00000001	      0.00000000	      0.00000000
      0.93000000	     10.26789744	     -4.60075969	      3.05996073	     -1.11804529	      0.89951026	      0.20192932	     10.40209199	      3.97471738	    -15.65703375	     34.01640211	      5.12099132	      0.59369822	     17.22881447	     13.21164233	     -8.07316073	     -8.89015186	     -8.85291112	    -13.99136870	     57.02621166	     -3.78414719	      0.99529515	     -0.92229113	      3.07286885	     -8.07316073	    -21.47275582	      8.08716770	     -2.59537040	      0.59283077	     -8.29890864	    -24.60590816	     27.63989393	     90.00000001	      0.00000000	      0.00000000	     -2.41927121	     -5.63025777	    -27.99556689	     33.30175640	     90.00000001	      0.00000000	      0.00000000
      0.94000000	     10.08420200	     -4.61876420	      3.14265299	     -1.11031773	      0.89992111	      0.20275369	      9.83442449	      3.93222238	    -16.03443356	     33.77010796	      5.28288672	      0.58939957	     17.71970896	     14.06037261	     -8.04692182	     -6.86243608	     -8.95169457	    -12.92278927	     59.83013762	     -3.77927999	      1.04423289	     -2.17435026	     -0.59842521	     -8.04692182	    -21.34280101	      8.16614532	     -2.59925929	      0.93397612	     -8.45967846	    -23.77321477	     28.32327561	     90.00000001	      0.00000000	      0.00000000	     -2.43541279	     -5.73278853	    -28.21884517	     32.60679178	     90.00000001	      0.00000000	      0.00000000
      0.95000000	      9.92334035	     -4.55443796	      3.25913241	     -1.10275938	      0.90025426	      0.20340250	      9.30386469	      3.73789765	    -16.48891125	     33.65977633	      5.45951287	      0.58747392	     18.19904330	     14.94904015	     -8.00916064	     -4.78965484	     -8.83079505	    -11.82332188	     62.50066383	     -3.83737405	      1.09084237	     -2.93429663	     -4.32169964	     -8.00916064	    -21.27399172	      8.15673163	     -2.64810927	      1.30210627	     -8.61119145	    -22.88063685	     29.00509372	     90.00000001	      0.00000000	      0.00000000	     -2.45482286	     -5.84527861	    -28.40005515	     32.03442634	     90.00000001	      0.00000000	      0.00000000
      0.96000000	      9.87626216	     -4.57051065	      3.32296715	     -1.09511730	      0.90070537	      0.20405912	      8.58554364	      3.68871733	    -16.63045191	     33.39088105	      5.76457449	      0.58278081	     18.57909270	     15.31378544	     -7.99944927	     -2.85191738	     -8.73793502	    -11.83349133	     64.84943180	     -4.83676228	      1.13183610	     -2.38746659	     -5.79239839	     -7.99944927	    -21.33279865	      8.24637541	     -2.58293596	      1.77221731	     -8.73552100	    -22.60570475	     29.64483329	     90.00000001	      0.00000000	      0.00000000	     -2.49345244	     -5.93305281	    -28.35779460	     31.51537280	     90.00000001	      0.00000000	      0.00000000
      0.97000000	      9.46150044	     -4.56043890	      3.43038033	     -1.08822729	      0.90030257	      0.20477579	      8.66070394	      3.68215322	    -17.14923432	     33.65570626	      5.53227317	      0.58740289	     19.14186389	     16.28205848	     -7.97290464	     -0.26739051	     -8.64228887	    -10.03732238	     67.52641764	     -4.07846981	      1.17855832	     -2.81693793	    -10.52540077	     -7.97290464	    -21.05622050	      8.26657743	     -2.55664543	      2.08524948	     -8.97687456	    -21.35461776	     30.43040595	     90.00000001	      0.00000000	      0.00000000	     -2.42366153	     -6.02541192	    -28.53751144	     31.01134919	     90.00000001	      0.00000000	      0.00000000
      0.98000000	      9.27606987	     -4.53139425	      3.44212099	     -1.08105423	      0.90032683	      0.20551218	      8.31772074	      3.66553205	    -17.21699984	     33.65633880	      5.60741414	      0.58741393	     19.62234071	     16.74416037	     -7.95369310	      1.89165817	     -8.45669328	     -9.63874777	     69.60754325	     -4.46467706	      1.21488081	     -2.00146801	    -12.87707019	     -7.95369310	    -21.02798930	      8.25387502	     -2.43098643	      2.51225964	     -9.14709409	    -20.64124137	     31.12655244	     90.00000001	      0.00000000	      0.00000000	     -2.40937293	     -6.10399074	    -28.55691566	     30.62977058	     90.00000001	      0.00000000	      0.00000000
      0.99000000	      9.33410052	     -4.43320104	      3.49760217	     -1.07373245	      0.90084608	      0.20594525	      7.58859583	      3.57612485	    -17.14955077	     33.48479233	      5.79088942	      0.58441988	     19.95461625	     16.90117031	     -7.94675503	      3.65927579	     -8.10414835	     -9.68292892	     71.20272035	     -5.26901911	      1.24272191	     -0.52188800	    -14.13858539	     -7.94675503	    -21.27013943	      8.20795630	     -2.35351924	      3.08210884	     -9.29721622	    -20.32650201	     31.66753049	     90.00000001	      0.00000000	      0.00000000	     -2.44193753	     -6.16540696	    -28.51710377	     30.40951679	     90.00000001	      0.00000000	      0.00000000
      1.00000000	      9.21753701	     -4.37428613	      3.49389047	     -1.06667134	      0.90096400	      0.20656894	      7.17487741	      3.59285326	    -16.98037623	     33.44285393	      5.85430658	      0.58368791	     20.41756480	     17.09678761	     -7.93834862	      5.67485566	     -7.85221201	     -9.43306647	     72.71084092	     -5.60187495	      1.26904358	      0.94486918	    -15.56599650	     -7.93834862	    -21.34451233	      8.15873936	     -2.19511774	      3.56277957	     -9.48353802	    -19.70435407	     32.30198492	     90.00000001	      0.00000000	      0.00000000	     -2.47007805	     -6.20353555	    -28.48744786	     30.24703591	     90.00000001	      0.00000000	      0.00000000
      1.01000000	      9.00456396	     -4.32288699	      3.53104145	     -1.05994787	      0.90080696	      0.20714314	      6.99119866	      3.66597764	    -16.72959377	     33.55360242	      5.83090578	      0.58562084	     20.94703234	     17.15447355	     -7.92333491	      7.85270114	     -7.60656667	     -8.59089018	     74.08909004	     -5.33446862	      1.29309856	      2.28961060	    -16.67619543	     -7.92333491	    -21.35049158	      8.10613250	     -2.06456629	      3.96814473	     -9.79421539	    -18.41313770	     33.01055378	     90.00000001	      0.00000000	      0.00000000	     -2.50089887	     -6.22707075	    -28.47181904	     30.25017838	     90.00000001	      0.00000000	      0.00000000
      1.02000000	      9.11589132	     -4.13923274	      3.58874407	     -1.05292490	      0.90145271	      0.20745771	      6.21758744	      3.59204945	    -16.54866229	     33.33036391	      5.85706158	      0.58172459	     21.17012158	     17.09408694	     -7.91766946	      9.46876373	     -7.06702167	     -8.54956439	     74.79739333	     -5.85606620	      1.30546079	      3.64023405	    -17.08309016	     -7.91766946	    -21.69163728	      7.94735254	     -1.97854938	      4.60248523	     -9.90036487	    -18.09273058	     33.44805653	     90.00000001	      0.00000000	      0.00000000	     -2.54142358	     -6.24989522	    -28.42475616	     30.30172609	     90.00000001	      0.00000000	      0.00000000
      1.03000000	      9.14359799	     -3.99774114	      3.61177522	     -1.04595853	      0.90188846	      0.20776340	      5.54015579	      3.57241522	    -16.22445861	     33.08564981	      5.94402150	      0.57745352	     21.56450105	     17.03395491	     -7.91135329	     11.15241573	     -6.57551411	     -8.41965501	     75.27470653	     -6.18537254	      1.31379147	      5.13575855	    -17.33988991	     -7.91135329	    -21.93132594	      7.82178199	     -1.87149268	      5.20696332	    -10.08801125	    -17.59056302	     33.91399119	     90.00000001	      0.00000000	      0.00000000	     -2.62615976	     -6.20685540	    -28.37127137	     30.46408607	     90.00000001	      0.00000000	      0.00000000
      1.04000000	      9.22950794	     -3.80637278	      3.56254615	     -1.03909136	      0.90240894	      0.20826360	      4.84999632	      3.56884223	    -15.90187775	     32.90766201	      5.87222754	      0.57434705	     21.81408550	     16.94279154	     -7.90595191	     12.71448334	     -6.03832250	     -8.25419790	     75.48976067	     -6.35841176	      1.31754488	      6.14501115	    -17.21924548	     -7.90595191	    -22.26344461	      7.58770176	     -1.66032897	      5.81699797	    -10.23367035	    -17.16294438	     34.32161577	     90.00000001	      0.00000000	      0.00000000	     -2.68135971	     -6.19491008	    -28.31887668	     30.69729973	     90.00000001	      0.00000000	      0.00000000
      1.05000000	      9.22457953	     -3.66333655	      3.57077030	     -1.03217051	      0.90281088	      0.20848861	      4.16700109	      3.55754401	    -15.50845007	     32.56379816	      5.96120068	      0.56834549	     22.29967443	     16.82402629	     -7.89974780	     14.28512793	     -5.48919714	     -7.99959202	     75.30728785	     -6.47238898	      1.31436012	      7.42971405	    -17.21164523	     -7.89974780	    -22.46048784	      7.46544487	     -1.56684962	      6.41459706	    -10.41756393	    -16.48060226	     34.70367947	     90.00000001	      0.00000000	      0.00000000	     -2.85596353	     -6.08724608	    -28.26705457	     31.05138625	     90.00000001	      0.00000000	      0.00000000
      1.06000000	      9.25956702	     -3.47966046	      3.49302281	     -1.02534147	      0.90326827	      0.20888934	      3.48410400	      3.57068926	    -15.11524224	     32.28094341	      5.90103211	      0.56340875	     22.62361160	     16.69487361	     -7.89367481	     15.73439546	     -4.91135028	     -7.74478566	     74.86130077	     -6.46910862	      1.30657618	      8.27140213	    -16.86725307	     -7.89367481	    -22.72379040	      7.25176436	     -1.37446609	      7.03526970	    -10.61858899	    -15.85876247	     35.04018215	     90.00000001	      0.00000000	      0.00000000	     -2.99192362	     -5.98415511	    -28.21217035	     31.46174756	     90.00000001	      0.00000000	      0.00000000
      1.07000000	      9.48677754	     -3.33008055	      3.37707760	     -1.01835346	      0.90407876	      0.20928890	      2.45289705	      3.52657147	    -14.54953317	     31.81535017	      6.16795240	      0.55528261	     23.15592716	     16.46405515	     -7.88162446	     16.77430698	     -4.47910965	     -7.52927236	     73.98731851	     -6.28729590	      1.29132231	      9.14856918	    -16.40898921	     -7.88162446	    -23.18142278	      7.06379609	     -1.22800818	      7.67428023	    -11.00098996	    -14.22002340	     35.30834880	     90.00000001	      0.00000000	      0.00000000	     -3.29407266	     -5.85138824	    -28.18966346	     32.17558211	     90.00000001	      0.00000000	      0.00000000
      1.08000000	      9.45617776	     -3.14817572	      3.23363327	     -1.01149937	      0.90439734	      0.20982385	      1.87084961	      3.55918953	    -14.24698771	     31.54578028	      5.97581843	      0.55057773	     23.32738948	     16.34518681	     -7.87481857	     18.10810629	     -3.96934293	     -7.43420413	     72.93343969	     -6.25817152	      1.27292866	      9.62377864	    -15.88450082	     -7.87481857	    -23.35597075	      6.80757270	     -1.00949495	      8.28380001	    -11.14977662	    -13.74640284	     35.58031648	     90.00000001	      0.00000000	      0.00000000	     -3.46666818	     -5.74858144	    -28.15385066	     32.56111799	     90.00000001	      0.00000000	      0.00000000
      1.09000000	      9.69650009	     -2.91553363	      3.02568749	     -1.00436549	      0.90525936	      0.21029370	      0.83318650	      3.43295971	    -13.76064636	     31.09789177	      6.08790173	      0.54276060	     23.69074794	     16.30692988	     -7.86220178	     18.86849027	     -3.45483203	     -7.64596365	     71.36177228	     -6.33242314	      1.24549789	     10.08312629	    -15.11427012	     -7.86220178	    -23.79212881	      6.50185508	     -0.80662524	      8.97132820	    -11.35808017	    -12.63263021	     35.68346832	     90.00000001	      0.00000000	      0.00000000	     -3.73088813	     -5.54844890	    -28.17851736	     33.23990362	     90.00000001	      0.00000000	      0.00000000
      1.10000000	      9.78819362	     -2.69541209	      2.80431692	     -0.99735409	      0.90577398	      0.21092760	      0.06816791	      3.37071715	    -13.38317408	     30.79078739	      5.99898327	      0.53740062	     24.00086507	     16.32378211	     -7.85059101	     19.75578847	     -3.01053678	     -7.84606206	     69.59765144	     -6.32963515	      1.21470817	     10.49556165	    -14.25235459	     -7.85059101	    -24.07413089	      6.17142740	     -0.57355519	      9.63590545	    -11.50758758	    -11.95340613	     35.78019442	     90.00000001	      0.00000000	      0.00000000	     -3.93823114	     -5.39769170	    -28.20640334	     33.80382637	     90.00000001	      0.00000000	      0.00000000
      1.11000000	      9.87362116	     -2.49738752	      2.52260235	     -0.99021264	      0.90621404	      0.21160123	     -0.68288086	      3.28083014	    -13.05462823	     30.51270195	      5.94518678	      0.53254711	     24.30705149	     16.42388552	     -7.83894651	     20.51150705	     -2.59768334	     -8.08342164	     67.55708151	     -6.32613176	      1.17909351	     10.83266844	    -13.23060363	     -7.83894651	    -24.32062798	      5.85601446	     -0.31229108	     10.31157142	    -11.59537891	    -11.33088499	     35.82360736	     90.00000001	      0.00000000	      0.00000000	     -4.19628926	     -5.20616896	    -28.25511388	     34.35442179	     90.00000001	      0.00000000	      0.00000000
      1.12000000	      9.60810343	     -2.53372925	      2.33189564	     -0.98318450	      0.90571953	      0.21222446	     -0.88620033	      3.46558063	    -12.89737155	     30.47691498	      5.76179066	      0.53192251	     24.30760796	     16.38126654	     -7.83398529	     21.79172316	     -2.48043084	     -7.94131999	     65.62083256	     -6.05255647	      1.14529959	     10.86615539	    -12.51718632	     -7.83398529	    -24.12827156	      5.82709025	     -0.02179679	     10.81475749	    -11.66389550	    -11.15396083	     36.08029839	     90.00000001	      0.00000000	      0.00000000	     -4.42011824	     -4.99082302	    -28.20478636	     34.65581744	     90.00000001	      0.00000000	      0.00000000
      1.13000000	      9.65411996	     -2.23362994	      1.96839133	     -0.97617477	      0.90600781	      0.21306177	     -1.55269163	      3.36178467	    -12.45541537	     30.19746400	      5.47550475	      0.52704517	     24.78386107	     16.47628334	     -7.82711087	     22.35099220	     -1.99925408	     -7.95384602	     63.09479716	     -5.70055146	      1.10121195	     11.16845411	    -11.51280896	     -7.82711087	    -24.36574340	      5.33742155	      0.23981429	     11.55683402	    -11.67547955	    -10.63056485	     35.94739023	     90.00000001	      0.00000000	      0.00000000	     -4.64503713	     -4.82932376	    -28.26699538	     35.26651720	     90.00000001	      0.00000000	      0.00000000
      1.14000000	      9.95759997	     -1.94804070	      1.65618237	     -0.96840977	      0.90664788	      0.21341746	     -2.72005375	      2.94257985	    -12.34183332	     29.80193832	      5.68995248	      0.52014195	     25.12696637	     17.24252547	     -7.81247561	     22.42721116	     -1.53681423	     -9.10793316	     60.14769338	     -6.32946678	      1.04977529	     11.71566860	     -9.32775935	     -7.81247561	    -24.74532697	      4.95711513	      0.36836867	     12.22954979	    -11.80654732	     -9.70896819	     35.84435758	     90.00000001	      0.00000000	      0.00000000	     -4.96586388	     -4.55277654	    -28.51531692	     35.78999115	     90.00000001	      0.00000000	      0.00000000
      1.15000000	      9.91966201	     -1.85377028	      1.35433407	     -0.96112310	      0.90643086	      0.21415082	     -3.23569650	      2.89615371	    -12.22819466	     29.74160949	      5.56423831	      0.51908901	     25.55304912	     17.47822849	     -7.80327182	     22.96340832	     -1.40474797	     -9.13772722	     57.43609322	     -5.90750569	      1.00244894	     12.02410505	     -7.93178097	     -7.80327182	    -24.80278644	      4.72172081	      0.63068558	     12.83739440	    -11.79554162	     -9.31913951	     35.78434537	     90.00000001	      0.00000000	      0.00000000	     -5.18762945	     -4.35581015	    -28.56687334	     36.16325740	     90.00000001	      0.00000000	      0.00000000
      1.16000000	      9.95990987	     -1.70250319	      1.06275822	     -0.95346761	      0.90630618	      0.21459795	     -3.97581431	      2.70834642	    -12.26833179	     29.50394448	      5.48169694	      0.51494097	     25.79900203	     18.40187298	     -7.78611195	     23.30377757	     -1.12851137	    -10.05811408	     54.45804498	     -6.31314953	      0.95047219	     12.61347761	     -5.37031728	     -7.78611195	    -24.88989475	      4.47411046	      0.81850710	     13.36764832	    -11.83479743	     -8.76962515	     35.81531600	     90.00000001	      0.00000000	      0.00000000	     -5.43509345	     -4.10524643	    -28.74198530	     36.51136713	     90.00000001	      0.00000000	      0.00000000
      1.17000000	      9.91871756	     -1.60681730	      0.83194791	     -0.94598737	      0.90588249	      0.21491725	     -4.58634010	      2.56042440	    -12.25421296	     29.33000131	      5.48450878	      0.51190509	     26.15014773	     18.88638386	     -7.77268311	     23.70127826	     -0.93048894	    -10.37468563	     51.53548198	     -6.18555221	      0.89946384	     13.02596366	     -3.49640068	     -7.77268311	    -24.89798868	      4.31051444	      0.94570234	     13.94992903	    -11.82573933	     -8.39158336	     35.75648524	     90.00000001	      0.00000000	      0.00000000	     -5.66123939	     -3.87915629	    -28.81375724	     36.78343698	     90.00000001	      0.00000000	      0.00000000
      1.18000000	      9.89136157	     -1.52849863	      0.59971672	     -0.93839323	      0.90538149	      0.21516837	     -5.23433930	      2.39931238	    -12.27328833	     29.14590962	      5.51236337	      0.50869209	     26.47614486	     19.44468607	     -7.76006452	     24.01599354	     -0.76882070	    -10.85821564	     48.57994648	     -6.15355185	      0.84788002	     13.43019090	     -1.38614272	     -7.76006452	    -24.90932288	      4.17508138	      1.07073299	     14.48480769	    -11.82114783	     -8.00482756	     35.73886486	     90.00000001	      0.00000000	      0.00000000	     -5.86346010	     -3.64062447	    -28.90325953	     36.97606105	     90.00000001	      0.00000000	      0.00000000
      1.19000000	      9.62652481	     -1.60195467	      0.41307483	     -0.93110402	      0.90428295	      0.21547628	     -5.49703686	      2.51058497	    -12.15558913	     29.09160910	      5.41652636	      0.50774436	     26.73507379	     19.54989683	     -7.75453009	     24.65974099	     -0.83827141	    -10.72430629	     45.89757420	     -5.62169126	      0.80106379	     13.47385449	     -0.24082134	     -7.75453009	    -24.68842981	      4.20893183	      1.22046953	     14.94999139	    -11.79661861	     -7.77483154	     35.81661520	     90.00000001	      0.00000000	      0.00000000	     -6.02486620	     -3.42422773	    -28.87762812	     37.06255844	     90.00000001	      0.00000000	      0.00000000
      1.20000000	      9.83533063	     -1.41365523	      0.21650514	     -0.92312376	      0.90406750	      0.21539747	     -6.57740584	      2.04242979	    -12.24632083	     28.75732498	      5.76911193	      0.50191001	     27.11139372	     20.27144411	     -7.74445934	     24.51432117	     -0.55168550	    -11.82415113	     42.84518272	     -5.93269283	      0.74778951	     14.00535979	      2.65601369	     -7.74445934	    -24.91015007	      3.99117285	      1.23212662	     15.47904027	    -11.78095693	     -7.30373557	     35.72394533	     90.00000001	      0.00000000	      0.00000000	     -6.17466823	     -3.21731589	    -29.02998345	     37.12465580	     90.00000001	      0.00000000	      0.00000000
      1.21000000	      9.82410759	     -1.37840969	      0.02118812	     -0.91530435	      0.90328841	      0.21542809	     -7.30144042	      1.87688939	    -12.25442230	     28.51452311	      5.88126965	      0.49767231	     27.42956726	     20.86714691	     -7.73399978	     24.70256408	     -0.52161539	    -12.78045478	     40.15372657	     -6.04146360	      0.70081474	     14.43282405	      5.47308884	     -7.73399978	    -24.91179885	      3.93968318	      1.29037961	     15.90384542	    -11.75700630	     -6.95100635	     35.80348610	     90.00000001	      0.00000000	      0.00000000	     -6.31545917	     -3.01177116	    -29.08219924	     37.08457852	     90.00000001	      0.00000000	      0.00000000
      1.22000000	      9.81519942	     -1.36991999	     -0.16943562	     -0.90742945	      0.90240101	      0.21540991	     -8.03408968	      1.73276656	    -12.16569457	     28.26870372	      6.04899059	      0.49338196	     27.62910007	     21.34274685	     -7.72166102	     24.89424892	     -0.57059570	    -13.91813278	     37.69804984	     -6.15745286	      0.65795509	     14.75520775	      8.29837977	     -7.72166102	    -24.91222038	      3.91851051	      1.35174366	     16.28299764	    -11.73448651	     -6.62439965	     35.93608643	     90.00000001	      0.00000000	      0.00000000	     -6.44927383	     -2.81881962	    -29.10954366	     37.04155242	     90.00000001	      0.00000000	      0.00000000
      1.23000000	      9.82819601	     -1.36923298	     -0.31692189	     -0.89955082	      0.90147876	      0.21529529	     -8.82636077	      1.57657583	    -12.01133043	     27.97384327	      6.31814628	      0.48823567	     27.86318929	     21.57698378	     -7.71012988	     25.02147744	     -0.63427093	    -14.96267355	     35.45370020	     -6.14243520	      0.61878380	     14.91555532	     10.73759108	     -7.71012988	    -24.93956608	      3.92197797	      1.36385986	     16.64630064	    -11.69285914	     -6.31808102	     36.05071832	     90.00000001	      0.00000000	      0.00000000	     -6.52568268	     -2.66126658	    -29.10941433	     36.88413124	     90.00000001	      0.00000000	      0.00000000
      1.24000000	      9.57354611	     -1.53001480	     -0.36074169	     -0.89194938	      0.89991789	      0.21507508	     -9.19889235	      1.72863488	    -11.79508123	     27.81960897	      6.41012179	      0.48554377	     28.16806164	     21.56136664	     -7.70659868	     25.51352134	     -0.82578832	    -15.18171723	     33.65678416	     -5.74152350	      0.58742170	     14.76197964	     11.58042647	     -7.70659868	    -24.68683212	      4.14180260	      1.36204563	     16.96583467	    -11.65541540	     -6.15560436	     36.16980683	     90.00000001	      0.00000000	      0.00000000	     -6.56397273	     -2.51557862	    -29.02705009	     36.61672920	     90.00000001	      0.00000000	      0.00000000
      1.25000000	      9.92766373	     -1.39711680	     -0.53869146	     -0.88348232	      0.89951024	      0.21481780	    -10.58882938	      1.29809233	    -11.54404771	     27.24253615	      6.96615900	      0.47547195	     28.24658740	     21.71261185	     -7.69745435	     25.13174237	     -0.81741167	    -17.17069168	     31.82577451	     -6.02544406	      0.55546455	     14.90731078	     14.96029144	     -7.69745435	    -25.03603877	      3.99439354	      1.30452367	     17.24762291	    -11.60838494	     -5.74143278	     36.35992068	     90.00000001	      0.00000000	      0.00000000	     -6.61117366	     -2.41423982	    -29.07685784	     36.34957011	     90.00000001	      0.00000000	      0.00000000
      1.26000000	      9.83308730	     -1.55017873	     -0.57391976	     -0.87552435	      0.89808960	      0.21453755	    -11.24166244	      1.42445876	    -11.28837483	     26.95793222	      7.12035548	      0.47050468	     28.66862693	     21.74004496	     -7.69389089	     25.38271943	     -1.05961910	    -17.72411862	     30.62309347	     -5.68723287	      0.53447381	     14.66158116	     16.02023118	     -7.69389089	    -24.92531161	      4.20312434	      1.27184560	     17.50130828	    -11.55479660	     -5.56363823	     36.48353094	     90.00000001	      0.00000000	      0.00000000	     -6.55648887	     -2.33583638	    -28.99073975	     35.84299636	     90.00000001	      0.00000000	      0.00000000
      1.27000000	      9.63010371	     -1.72787464	     -0.52489456	     -0.86751001	      0.89617406	      0.21408313	    -11.62437356	      1.49433485	    -11.33191045	     27.05292513	      7.29720288	      0.47216262	     28.62948196	     21.61721241	     -7.69235697	     25.93606784	     -1.32608864	    -18.16333821	     30.13342026	     -5.36261293	      0.52592740	     14.58489478	     16.03287030	     -7.69235697	    -24.67826871	      4.46995841	      1.12787100	     17.66582694	    -11.47664221	     -5.51579227	     36.71338549	     90.00000001	      0.00000000	      0.00000000	     -6.68555470	     -2.22856609	    -28.92793410	     35.75358404	     90.00000001	      0.00000000	      0.00000000
      1.28000000	      9.93001765	     -1.74318520	     -0.71230913	     -0.85882355	      0.89557632	      0.21398676	    -13.07439300	      1.39751316	    -10.62095686	     26.11043725	      7.74575130	      0.45571310	     29.03577603	     21.65986748	     -7.68841171	     25.50519547	     -1.41053433	    -19.68038549	     29.16864720	     -5.56039150	      0.50908893	     13.91641045	     18.36956376	     -7.68841171	    -24.94680621	      4.46700684	      1.20593404	     17.71377574	    -11.45805406	     -5.10773663	     37.05177806	     90.00000001	      0.00000000	      0.00000000	     -6.44618353	     -2.27167182	    -28.82593969	     34.76980759	     90.00000001	      0.00000000	      0.00000000
      1.29000000	     10.10219712	     -1.86326185	     -0.82658959	     -0.84999699	      0.89437125	      0.21387716	    -14.17907282	      1.44914073	    -10.14892799	     25.61913474	      7.99726556	      0.44713825	     28.78333602	     21.29865512	     -7.68182249	     25.49161573	     -1.71335356	    -21.29991314	     29.12062628	     -5.83317370	      0.50825081	     14.14114387	     20.73889502	     -7.68182249	    -25.04129362	      4.56723092	      1.22857562	     17.68229963	    -11.43833661	     -4.79402320	     37.38241065	     90.00000001	      0.00000000	      0.00000000	     -6.52237582	     -2.22751574	    -28.77539259	     34.54576428	     90.00000001	      0.00000000	      0.00000000
      1.30000000	      9.99712566	     -1.97039783	     -0.82388927	     -0.84144232	      0.89258958	      0.21353181	    -14.70344558	      1.49343441	    -10.10449391	     25.68688899	      8.05462043	      0.44832079	     28.85749486	     21.27541115	     -7.68136478	     25.65327927	     -1.75778131	    -21.57601250	     29.11898117	     -5.74442705	      0.50822210	     14.01716308	     20.77093250	     -7.68136478	    -24.84682247	      4.71101924	      1.07809601	     17.71735642	    -11.32636608	     -4.76796613	     37.50216918	     90.00000001	      0.00000000	      0.00000000	     -6.63147948	     -2.23708237	    -28.76507287	     34.30989350	     90.00000001	      0.00000000	      0.00000000
      1.31000000	     10.07290133	     -2.04076149	     -0.81717738	     -0.83248421	      0.89117621	      0.21318950	    -15.67054249	      1.48927454	     -9.87959295	     25.28396039	      8.25524844	      0.44128836	     29.09577314	     21.22244586	     -7.67940065	     25.69947595	     -1.85130559	    -22.49964414	     29.61290314	     -5.98754345	      0.51684266	     13.34928266	     21.21290764	     -7.67940065	    -24.80361379	      4.79321308	      1.05162113	     17.53983688	    -11.29303058	     -4.68428437	     37.86776184	     90.00000001	      0.00000000	      0.00000000	     -6.44991132	     -2.33211645	    -28.66078157	     33.48363161	     90.00000001	      0.00000000	      0.00000000
      1.32000000	      9.98446164	     -2.09978796	     -0.84291803	     -0.82354807	      0.88947687	      0.21291619	    -16.19101441	      1.53437757	     -9.71124820	     25.39213187	      8.20454692	      0.44317631	     29.09388922	     21.22705390	     -7.67915280	     25.62506325	     -1.75404452	    -22.59543511	     29.75411340	     -6.01498260	      0.51930724	     13.25596161	     21.28585043	     -7.67915280	    -24.56231177	      4.84438230	      0.97927018	     17.40468870	    -11.17853206	     -4.66171328	     37.92142942	     90.00000001	      0.00000000	      0.00000000	     -6.56020217	     -2.36583804	    -28.66604834	     33.32459060	     90.00000001	      0.00000000	      0.00000000
      1.33000000	     10.33988192	     -2.15115985	     -0.95616962	     -0.81398123	      0.88874690	      0.21293964	    -17.70273823	      1.60014086	     -8.90243917	     24.46986362	      8.41171433	      0.42707969	     28.86768461	     20.72390784	     -7.67227653	     25.19826778	     -1.99695392	    -24.36385706	     30.47342239	     -6.58126775	      0.53186155	     12.75216130	     23.54714884	     -7.67227653	    -24.80139025	      4.83237581	      1.09283000	     16.95222783	    -11.18368932	     -4.53256378	     38.66238418	     90.00000001	      0.00000000	      0.00000000	     -6.33357662	     -2.55757251	    -28.49493939	     32.41497221	     90.00000001	      0.00000000	      0.00000000
      1.34000000	     10.25347375	     -2.15014906	     -0.95630197	     -0.80466870	      0.88722179	      0.21257198	    -18.18632412	      1.61455062	     -8.71406675	     24.66236485	      8.29080237	      0.43043947	     28.82927708	     20.68481180	     -7.67177782	     25.00701760	     -1.77150003	    -24.30019994	     30.77559955	     -6.69270343	      0.53713554	     12.64025657	     23.52908067	     -7.67177782	    -24.50843104	      4.81616403	      1.00602474	     16.65986333	    -11.07956349	     -4.52666523	     38.64250361	     90.00000001	      0.00000000	      0.00000000	     -6.47020321	     -2.61653314	    -28.50277482	     32.28600191	     90.00000001	      0.00000000	      0.00000000
      1.35000000	     10.41739402	     -1.93448226	     -0.83037684	     -0.79509672	      0.88610846	      0.21202606	    -19.15726192	      1.40573364	     -8.82387875	     24.51436199	      8.20221196	      0.42785633	     28.87879087	     20.45664088	     -7.67047701	     24.87841377	     -1.37118197	    -24.88044964	     31.83108544	     -7.26760752	      0.55555725	     12.06031874	     23.55215954	     -7.67047701	    -24.48654900	      4.58168617	      0.74902052	     16.24711571	    -10.91305955	     -4.60579371	     39.00003329	     90.00000001	      0.00000000	      0.00000000	     -6.28628342	     -2.89485048	    -28.47058102	     31.54882542	     90.00000001	      0.00000000	      0.00000000
      1.36000000	     10.50841558	     -1.75795283	     -0.75144916	     -0.78535306	      0.88513384	      0.21155272	    -19.97366189	      1.28818735	     -8.72149887	     24.46922395	      8.05717671	      0.42706852	     28.74971145	     20.26951674	     -7.66902691	     24.66068650	     -0.93022265	    -25.13338623	     32.58779037	     -7.79930974	      0.56876424	     11.63229924	     23.65973392	     -7.66902691	    -24.34759356	      4.36688517	      0.63988260	     15.70055775	    -10.80419340	     -4.75712369	     39.29969735	     90.00000001	      0.00000000	      0.00000000	     -6.19581062	     -3.10356137	    -28.46394992	     30.99753159	     90.00000001	      0.00000000	      0.00000000
      1.37000000	     10.58081894	     -1.53836840	     -0.71713227	     -0.77571221	      0.88434663	      0.21118756	    -20.62932860	      1.19089378	     -8.47416790	     24.62995114	      7.77697013	      0.42987374	     28.62511753	     20.16886615	     -7.66847047	     24.42778017	     -0.36989094	    -24.90710384	     33.29263206	     -8.24909157	      0.58106605	     11.46001660	     23.69779779	     -7.66847047	    -24.21772129	      4.05889087	      0.54827249	     15.20630340	    -10.67929250	     -4.82910177	     39.31835545	     90.00000001	      0.00000000	      0.00000000	     -6.17262737	     -3.31842440	    -28.49047767	     30.76466536	     90.00000001	      0.00000000	      0.00000000
      1.38000000	     10.69131071	     -1.23986909	     -0.47265776	     -0.76563740	      0.88369168	      0.21028025	    -21.44222260	      0.94033813	     -8.73632530	     24.71464706	      7.66675999	      0.43135196	     28.27402621	     19.66757849	     -7.66700983	     24.35689594	      0.35304653	    -24.84768152	     34.32598865	     -8.98178682	      0.59910152	     11.17078675	     23.31853673	     -7.66700983	    -24.04171385	      3.77878987	      0.26615308	     14.48712828	    -10.50902556	     -5.13983636	     39.62941944	     90.00000001	      0.00000000	      0.00000000	     -6.07458631	     -3.57461856	    -28.51409849	     30.18765187	     90.00000001	      0.00000000	      0.00000000
      1.39000000	     10.77476025	     -0.92250089	     -0.30027920	     -0.75569806	      0.88327240	      0.20953324	    -22.06943135	      0.73833560	     -8.75504090	     25.00133375	      7.43877156	      0.43635559	     27.85368252	     19.20860735	     -7.66574121	     24.25632658	      1.16246973	    -24.28493701	     35.28319818	     -9.57279581	      0.61580798	     11.05709894	     22.78866272	     -7.66574121	    -23.85944880	      3.42765380	      0.06145164	     13.83223964	    -10.35290000	     -5.43369384	     39.72954266	     90.00000001	      0.00000000	      0.00000000	     -6.00353050	     -3.81573894	    -28.56335859	     29.85844901	     90.00000001	      0.00000000	      0.00000000
      1.40000000	     10.61390508	     -0.66985623	      0.06733114	     -0.74620040	      0.88266855	      0.20844243	    -22.23887137	      0.65915142	     -8.73368934	     25.61913883	      7.31184555	      0.44713832	     26.99140674	     17.61698437	     -7.65883434	     24.45105401	      2.14170321	    -22.11753461	     36.38355035	     -9.52740797	      0.63501275	     10.72435628	     19.27580992	     -7.65883434	    -23.46686923	      3.21642388	     -0.22269450	     13.15463998	    -10.05883202	     -6.43547794	     39.78665402	     90.00000001	      0.00000000	      0.00000000	     -5.82209530	     -4.05185652	    -28.74045298	     29.46128350	     90.00000001	      0.00000000	      0.00000000
      1.41000000	     10.77299174	     -0.35240389	      0.18680681	     -0.73615336	      0.88285519	      0.20781402	    -22.85101876	      0.48854216	     -8.60786389	     26.00507102	      7.05023238	      0.45387411	     26.64367353	     17.41936581	     -7.65829057	     24.18768360	      2.89453421	    -21.50771229	     37.30558795	     -9.98339180	      0.65110534	     10.79610159	     19.11038652	     -7.65829057	    -23.37065234	      2.82205143	     -0.35627390	     12.49333231	     -9.94464571	     -6.49079008	     39.59815928	     90.00000001	      0.00000000	      0.00000000	     -5.78952703	     -4.28970075	    -28.79068010	     29.38410226	     90.00000001	      0.00000000	      0.00000000
      1.42000000	     10.81031617	      0.07077722	      0.65855445	     -0.72588832	      0.88284175	      0.20628003	    -23.21274958	     -0.04273752	     -9.60158647	     26.91030678	      7.13122534	      0.46967346	     25.17583016	     16.34371722	     -7.65662865	     24.02661747	      3.87343631	    -20.31686696	     38.30253764	    -10.07341101	      0.66850539	     11.31906013	     17.72739642	     -7.65662865	    -23.06559598	      2.47390121	     -0.88744381	     11.69886058	     -9.74648199	     -6.88977601	     39.61872578	     90.00000001	      0.00000000	      0.00000000	     -5.82217130	     -4.53197403	    -28.90388689	     29.13618680	     90.00000001	      0.00000000	      0.00000000
      1.43000000	     10.59248735	      0.35636104	      1.06777589	     -0.71658744	      0.88294703	      0.20496812	    -22.98409351	     -0.23568445	     -9.58246206	     28.08673859	      7.11541761	      0.49020606	     23.83498817	     14.38796711	     -7.64938343	     23.86630985	      4.85623610	    -17.41478709	     38.96553703	     -9.19752701	      0.68007692	     10.85192088	     12.95360022	     -7.64938343	    -22.62984450	      2.23672681	     -1.19933437	     11.07492667	     -9.43979912	     -7.88847187	     39.23630804	     90.00000001	      0.00000000	      0.00000000	     -5.66730187	     -4.70001941	    -29.18124207	     29.06488198	     90.00000001	      0.00000000	      0.00000000
      1.44000000	     10.78123245	      0.72600506	      1.26403826	     -0.70645690	      0.88389366	      0.20401400	    -23.29242606	     -0.75638576	    -10.11335691	     29.17407807	      7.12355906	      0.50918372	     22.23287021	     13.77248347	     -7.64778947	     23.07695446	      5.43569076	    -16.69286144	     39.34442427	     -8.92177076	      0.68668975	     11.49912206	     12.64040649	     -7.64778947	    -22.54698200	      1.82979141	     -1.42037546	     10.34738732	     -9.29713073	     -8.08449753	     38.97566192	     90.00000001	      0.00000000	      0.00000000	     -5.66969053	     -4.91100230	    -29.27477101	     29.08897837	     90.00000001	      0.00000000	      0.00000000
      1.45000000	     10.95649432	      1.13546019	      1.41839199	     -0.69655064	      0.88511853	      0.20298972	    -23.39964886	     -1.38241091	    -10.62617250	     30.53503281	      7.11471653	      0.53293686	     20.35040639	     12.98496351	     -7.64631911	     22.12430069	      6.03478904	    -15.99437925	     39.42564149	     -8.55501683	      0.68810725	     12.08281365	     12.25171307	     -7.64631911	    -22.50531989	      1.39535927	     -1.61199209	      9.65998220	     -9.14597466	     -8.43841980	     38.59385492	     90.00000001	      0.00000000	      0.00000000	     -5.63820081	     -5.07153876	    -29.37771642	     29.19854975	     90.00000001	      0.00000000	      0.00000000
      1.46000000	     11.08743474	      1.62592679	      1.56792668	     -0.68656196	      0.88648647	      0.20195753	    -23.32281999	     -2.18828008	    -11.24104240	     32.17164652	      7.15226716	      0.56150116	     17.96388125	     11.91650530	     -7.64436807	     21.01752193	      6.71107252	    -15.39088216	     39.16576409	     -8.15692702	      0.68357154	     12.66402691	     11.78134174	     -7.64436807	    -22.37095580	      0.84623196	     -1.80315870	      8.97977415	     -8.94615403	     -9.00104913	     38.08428785	     90.00000001	      0.00000000	      0.00000000	     -5.64897212	     -5.23869764	    -29.51881343	     29.37228914	     90.00000001	      0.00000000	      0.00000000
      1.47000000	     11.29835764	      2.13145440	      1.64088959	     -0.67679573	      0.88821653	      0.20090810	    -23.21667836	     -3.14830923	    -11.60173398	     33.95546246	      7.39457949	      0.59263462	     15.43267263	     10.32864703	     -7.63909785	     19.73939806	      7.37630074	    -14.94568322	     38.74907805	     -7.79715941	      0.67629899	     12.93377490	     11.18782708	     -7.63909785	    -22.37866351	      0.29414666	     -1.94672820	      8.43300738	     -8.65895196	    -10.02315899	     37.43971509	     90.00000001	      0.00000000	      0.00000000	     -5.60076637	     -5.37072489	    -29.70838663	     29.58054463	     90.00000001	      0.00000000	      0.00000000
      1.48000000	     11.52207392	      2.50729479	      1.64815958	     -0.66710912	      0.89003056	      0.20005071	    -22.93119383	     -3.98687539	    -12.15760030	     35.91846155	      7.34384835	      0.62689542	     12.60862095	      9.66481566	     -7.63697545	     18.42707970	      7.76696315	    -14.74966192	     38.31118672	     -7.42533425	      0.66865635	     13.69198145	     11.37116571	     -7.63697545	    -22.41389483	     -0.13216483	     -2.02095434	      7.84657120	     -8.54388070	    -10.40425437	     36.86268189	     90.00000001	      0.00000000	      0.00000000	     -5.58637676	     -5.46526152	    -29.79759533	     29.87897173	     90.00000001	      0.00000000	      0.00000000
      1.49000000	     11.76584117	      2.94890793	      1.60944132	     -0.65757838	      0.89194678	      0.19917997	    -22.47296400	     -5.02169822	    -12.65894016	     38.18925150	      7.35774220	      0.66652818	      9.60465034	      8.74388281	     -7.63424261	     17.04767925	      8.29104438	    -14.81504845	     37.69297946	     -7.29336524	      0.65786660	     14.25489882	     11.76302370	     -7.63424261	    -22.49941964	     -0.62143085	     -2.12016065	      7.34342710	     -8.35966616	    -11.01723722	     36.19020103	     90.00000001	      0.00000000	      0.00000000	     -5.57115986	     -5.54078649	    -29.88688303	     30.24323726	     90.00000001	      0.00000000	      0.00000000
      1.50000000	     11.96397240	      3.36201684	      1.43481113	     -0.64817927	      0.89379279	      0.19853598	    -21.74637586	     -6.06037757	    -12.87220832	     40.62888183	      7.25752948	      0.70910776	      6.47128710	      7.83742861	     -7.63141706	     15.69949388	      8.70475064	    -15.01550284	     37.01302917	     -7.08750487	      0.64599923	     14.84878450	     12.30428690	     -7.63141706	    -22.54210837	     -1.13095701	     -2.09347182	      6.87112683	     -8.24142238	    -11.65697264	     35.47202025	     90.00000001	      0.00000000	      0.00000000	     -5.59086611	     -5.60275996	    -29.96169492	     30.66284671	     90.00000001	      0.00000000	      0.00000000
      1.51000000	     12.15004833	      3.70029597	      1.15600904	     -0.63902284	      0.89560351	      0.19811595	    -20.78212012	     -7.03631756	    -12.56476846	     43.21902466	      7.28371371	      0.75431428	      3.46327571	      6.36293665	     -7.62610175	     14.37877187	      9.01387591	    -15.47322858	     36.27264939	     -6.99553380	      0.63307716	     15.32754201	     13.18759803	     -7.62610175	    -22.60694124	     -1.57668468	     -1.93889565	      6.47613423	     -8.09314297	    -12.57277084	     34.69248296	     90.00000001	      0.00000000	      0.00000000	     -5.57745759	     -5.61588266	    -29.98812731	     31.12604594	     90.00000001	      0.00000000	      0.00000000
      1.52000000	     12.25578102	      3.97036401	      0.86194511	     -0.63018046	      0.89715383	      0.19778306	    -19.48550587	     -7.87740533	    -12.01387615	     45.97297077	      7.21912303	      0.80237971	      0.49807392	      4.96892356	     -7.61934518	     13.22684824	      9.24994126	    -15.92048112	     35.63960103	     -6.90128427	      0.62202838	     15.92872137	     13.95816334	     -7.61934518	    -22.61733169	     -1.95431363	     -1.82368570	      6.12550662	     -8.00116938	    -13.22467746	     33.95369459	     90.00000001	      0.00000000	      0.00000000	     -5.56886814	     -5.62331819	    -29.98826383	     31.62979754	     90.00000001	      0.00000000	      0.00000000
      1.53000000	     12.25696902	      4.21083564	      0.58347035	     -0.62161081	      0.89833766	      0.19744283	    -17.84346559	     -8.66252799	    -11.45930462	     48.92426754	      6.99957136	      0.85388955	     -2.06725357	      3.94493872	     -7.61558377	     12.26191934	      9.51419799	    -16.31812515	     35.05432073	     -6.87429172	      0.61181331	     16.52685479	     14.47659365	     -7.61558377	    -22.54623433	     -2.28948711	     -1.74201277	      5.80216009	     -7.98439702	    -13.60879457	     33.21894301	     90.00000001	      0.00000000	      0.00000000	     -5.57595010	     -5.63050340	    -29.96718470	     32.16344769	     90.00000001	      0.00000000	      0.00000000
      1.54000000	     12.23091466	      4.29663030	      0.11750029	     -0.61335268	      0.89944578	      0.19762859	    -15.92915497	     -9.14059950	     -9.76010709	     51.84952053	      7.24530329	      0.90494485	     -4.45156340	      1.22850438	     -7.60715564	     11.37252173	      9.44996555	    -17.10608582	     34.50633045	     -6.80730003	      0.60224908	     17.09902442	     15.64806074	     -7.60715564	    -22.47615799	     -2.51925754	     -1.43042927	      5.57065401	     -7.90848441	    -14.54325231	     32.45862410	     90.00000001	      0.00000000	      0.00000000	     -5.53185869	     -5.59926671	    -29.92797875	     32.70617097	     90.00000001	      0.00000000	      0.00000000
      1.55000000	     12.09023002	      4.40092628	     -0.31683811	     -0.60536704	      0.90013403	      0.19776259	    -13.70369637	     -9.57017555	     -8.21631596	     54.90090764	      7.30476230	      0.95820160	     -6.18089993	     -0.88139855	     -7.60006905	     10.67814911	      9.47738679	    -17.79781084	     34.01899240	     -6.78697742	      0.59374343	     17.64264644	     16.45872262	     -7.60006905	    -22.31369513	     -2.75861157	     -1.19828803	      5.34671864	     -7.89553291	    -15.14612648	     31.73873297	     90.00000001	      0.00000000	      0.00000000	     -5.50686596	     -5.58467576	    -29.85692313	     33.27429894	     90.00000001	      0.00000000	      0.00000000
      1.56000000	     12.04364606	      4.45010465	     -0.73966703	     -0.59752014	      0.90094884	      0.19803500	    -11.51219230	     -9.71308677	     -7.30620680	     57.75400967	      6.59491774	      1.00799763	     -6.99894778	     -1.64735781	     -7.59780614	      9.81289396	      9.38644347	    -18.14803555	     33.49854810	     -6.42720150	      0.58465996	     18.18478681	     16.74018364	     -7.59780614	    -22.29224025	     -2.92963657	     -0.98627231	      5.11072122	     -7.97039918	    -15.30934120	     31.14299413	     90.00000001	      0.00000000	      0.00000000	     -5.43032550	     -5.55329338	    -29.77745552	     33.88554736	     90.00000001	      0.00000000	      0.00000000
      1.57000000	     11.64413954	      4.63413989	     -1.17928370	     -0.59009992	      0.90081243	      0.19818932	     -8.66717119	    -10.17452024	     -5.40668931	     60.96686645	      7.00225098	      1.06407255	     -7.67511578	     -4.55006819	     -7.59414563	      9.64667214	      9.60019160	    -19.11411564	     33.22329166	     -6.78101871	      0.57985583	     18.69481627	     17.77123427	     -7.59414563	    -21.90953202	     -3.24938408	     -0.85804027	      5.00724404	     -7.92765383	    -16.04463067	     30.38090315	     90.00000001	      0.00000000	      0.00000000	     -5.43592302	     -5.61448134	    -29.65003593	     34.44856950	     90.00000001	      0.00000000	      0.00000000
      1.58000000	     11.43925500	      4.56517727	     -1.67597031	     -0.58277338	      0.90110654	      0.19879523	     -6.07642779	    -10.05779127	     -3.60467900	     63.70768623	      7.09656546	      1.11190888	     -7.97082063	     -7.47146531	     -7.58998889	      9.18915207	      9.34461846	    -19.88686088	     32.98424256	     -6.70877952	      0.57568363	     19.28500281	     18.72319016	     -7.58998889	    -21.76847545	     -3.30492802	     -0.59678312	      4.91886615	     -7.91243956	    -16.82256500	     29.79059338	     90.00000001	      0.00000000	      0.00000000	     -5.36050701	     -5.61937105	    -29.46271861	     34.95596782	     90.00000001	      0.00000000	      0.00000000
      1.59000000	     11.25412768	      4.54447143	     -2.05080445	     -0.57561032	      0.90141966	      0.19925862	     -3.50690285	     -9.91398227	     -2.48226730	     66.28114860	      6.72267242	      1.15682427	     -7.53185267	     -9.65917658	     -7.58648705	      8.68305818	      9.20489717	    -20.48265558	     32.67976545	     -6.64931016	      0.57036951	     19.85130352	     19.38898746	     -7.58648705	    -21.69567498	     -3.39886963	     -0.47696996	      4.81390949	     -7.90030614	    -17.36402795	     29.24963275	     90.00000001	      0.00000000	      0.00000000	     -5.23047701	     -5.69288354	    -29.26342443	     35.48754857	     90.00000001	      0.00000000	      0.00000000
      1.60000000	     11.33038289	      4.40835160	     -2.42960055	     -0.56824082	      0.90230018	      0.19975579	     -1.39478958	     -9.50632571	     -2.08689436	     68.32266797	      5.66651093	      1.19245551	     -6.39526925	    -10.74570742	     -7.58501359	      7.70743761	      8.92284644	    -20.65257780	     32.21017072	     -6.23436685	      0.56217353	     20.27193771	     19.56848732	     -7.58501359	    -21.90150647	     -3.33117665	     -0.36385003	      4.65037498	     -8.02183899	    -17.52957152	     28.90316048	     90.00000001	      0.00000000	      0.00000000	     -5.07704279	     -5.70821404	    -29.13317908	     35.90334437	     90.00000001	      0.00000000	      0.00000000
      1.61000000	     10.98451422	      4.47641596	     -2.75800765	     -0.56131431	      0.90210564	      0.19993592	      1.39972492	     -9.55692998	     -1.02504123	     70.60664834	      5.63627502	      1.23231849	     -5.33644040	    -13.17149292	     -7.58202153	      7.53651081	      8.98860587	    -21.37936827	     32.05356611	     -6.45709640	      0.55944027	     20.84790259	     20.53546646	     -7.58202153	    -21.65989791	     -3.44723878	     -0.39279900	      4.62556829	     -7.98435572	    -18.33431326	     28.40285031	     90.00000001	      0.00000000	      0.00000000	     -5.02356014	     -5.80249476	    -28.72859591	     36.37670560	     90.00000001	      0.00000000	      0.00000000
      1.62000000	     11.08689936	      4.29585833	     -3.05787288	     -0.55427292	      0.90308146	      0.20044909	      3.41252031	     -9.04897846	     -0.85511961	     72.06316395	      4.64829176	      1.25773948	     -3.85063912	    -14.10947614	     -7.58081461	      6.53603374	      8.67700163	    -21.43542634	     31.57715463	     -6.03933762	      0.55112532	     21.21101422	     20.66277865	     -7.58081461	    -21.96257994	     -3.32001465	     -0.38087725	      4.50381838	     -8.08438048	    -18.49967246	     28.18201038	     90.00000001	      0.00000000	      0.00000000	     -4.77890836	     -5.90188986	    -28.56993171	     36.68667960	     90.00000001	      0.00000000	      0.00000000
      1.63000000	     11.06353981	      4.21105996	     -3.25655709	     -0.54730317	      0.90372753	      0.20067133	      5.53966815	     -8.74262780	     -0.75518072	     73.33000753	      3.86733748	      1.27985007	     -2.22581987	    -15.15084082	     -7.57963274	      5.76100207	      8.55755684	    -21.52417293	     31.15937686	     -5.81955973	      0.54383372	     21.63328216	     20.91947261	     -7.57963274	    -22.12478813	     -3.24461865	     -0.49658997	      4.38406232	     -8.14961188	    -18.75011440	     27.95040778	     90.00000001	      0.00000000	      0.00000000	     -4.57157189	     -6.01613279	    -28.31518180	     36.99822634	     90.00000001	      0.00000000	      0.00000000
      1.64000000	     10.87036075	      4.19876449	     -3.46387492	     -0.54054100	      0.90390127	      0.20085053	      7.89453605	     -8.57754227	     -0.07180494	     74.45140578	      3.77557022	      1.29942216	     -0.70334396	    -16.01825488	     -7.57592780	      5.33419572	      8.49992190	    -21.93929642	     30.93489464	     -5.81594326	      0.53991577	     22.15937023	     21.81756948	     -7.57592780	    -22.10763204	     -3.23267607	     -0.61119599	      4.35612588	     -8.07762972	    -19.88489966	     27.71043281	     90.00000001	      0.00000000	      0.00000000	     -4.46013592	     -6.25148237	    -27.46821758	     37.33774494	     90.00000001	      0.00000000	      0.00000000
      1.65000000	     10.89451317	      4.01364059	     -3.55788656	     -0.53368560	      0.90471549	      0.20100713	      9.75787263	     -8.05928126	     -0.04837158	     74.91970781	      3.09161184	      1.30759558	      0.57867419	    -16.34040472	     -7.57481755	      4.47377618	      8.27917723	    -21.75063358	     30.49870050	     -5.49858372	      0.53230274	     22.43594839	     21.83891236	     -7.57481755	    -22.35471363	     -3.00644191	     -0.81475439	      4.20582192	     -8.16171993	    -20.00054964	     27.66762937	     90.00000001	      0.00000000	      0.00000000	     -4.19560903	     -6.36532646	    -27.27034631	     37.54019642	     90.00000001	      0.00000000	      0.00000000
      1.66000000	     10.88366553	      3.87023626	     -3.58325059	     -0.52683524	      0.90539759	      0.20104134	     11.55980506	     -7.62189796	     -0.00774654	     75.06328631	      2.57923030	      1.31010149	      1.77887326	    -16.48957865	     -7.57371272	      3.69186413	      8.11991340	    -21.51991848	     30.11071830	     -5.22001955	      0.52553117	     22.76622307	     21.90754972	     -7.57371272	    -22.55398181	     -2.80719863	     -1.07978198	      4.03078423	     -8.22288493	    -20.16394023	     27.67230218	     90.00000001	      0.00000000	      0.00000000	     -3.94683754	     -6.52285101	    -26.94922632	     37.72515598	     90.00000001	      0.00000000	      0.00000000
      1.67000000	     10.85947406	      3.69012862	     -3.50712831	     -0.52008022	      0.90601996	      0.20088486	     13.27208821	     -7.19745061	      0.05062285	     74.88354509	      2.28995664	      1.30696442	      2.55903945	    -16.25546867	     -7.57275263	      2.98601155	      7.92262599	    -21.30488017	     29.80618058	     -5.02486653	      0.52021599	     22.96334004	     21.88644597	     -7.57275263	    -22.76439856	     -2.51679568	     -1.49256945	      3.88155133	     -8.28629364	    -20.28111228	     27.79450913	     90.00000001	      0.00000000	      0.00000000	     -3.72416278	     -6.67884205	    -26.64525535	     37.88696081	     90.00000001	      0.00000000	      0.00000000
      1.68000000	     10.80378577	      3.54982172	     -3.45871138	     -0.51314962	      0.90655816	      0.20087099	     14.86387989	     -6.71863582	      0.15751723	     74.30658790	      1.95550479	      1.29689461	      3.60127840	    -16.11522241	     -7.57159875	      2.24134634	      7.78358216	    -20.88868854	     29.39430663	     -4.71989853	      0.51302743	     23.41352116	     22.01610426	     -7.57159875	    -22.89530959	     -2.29420281	     -1.72547780	      3.59027405	     -8.33402884	    -20.51562696	     27.87670548	     90.00000001	      0.00000000	      0.00000000	     -3.46757660	     -6.89265232	    -26.09700333	     38.02342484	     90.00000001	      0.00000000	      0.00000000
      1.69000000	     10.73146631	      3.46260871	     -3.30683679	     -0.50634034	      0.90698544	      0.20059098	     16.36335700	     -6.47290679	      0.23172678	     73.39981907	      1.87340991	      1.28106851	      3.97931253	    -15.53105417	     -7.57066530	      1.69275265	      7.67927434	    -20.68014264	     29.26497186	     -4.56537630	      0.51077011	     23.52668996	     21.94202411	     -7.57066530	    -23.02126240	     -2.08301558	     -2.16703975	      3.35657096	     -8.35218461	    -20.61508363	     28.06613560	     90.00000001	      0.00000000	      0.00000000	     -3.24008924	     -7.08404364	    -25.77632017	     38.19160326	     90.00000001	      0.00000000	      0.00000000
      1.70000000	     10.70106189	      3.18830432	     -3.10250637	     -0.49946999	      0.90755058	      0.20035473	     17.61118368	     -5.91778600	      0.25521870	     72.10447388	      1.78301309	      1.25846047	      4.83094352	    -15.06058361	     -7.56941190	      0.89928357	      7.44937007	    -20.09396459	     28.76198045	     -4.36401904	      0.50199126	     24.11092078	     22.12897698	     -7.56941190	    -23.21350582	     -1.64723308	     -2.46876216	      3.06143391	     -8.41106213	    -20.91457010	     28.31873252	     90.00000001	      0.00000000	      0.00000000	     -2.97895902	     -7.30093321	    -24.97188864	     38.23073236	     90.00000001	      0.00000000	      0.00000000
      1.71000000	     10.56984887	      3.23635183	     -2.94120271	     -0.49283472	      0.90758912	      0.20003929	     19.06656698	     -5.91915850	      0.28464199	     70.78256333	      1.78267417	      1.23538878	      4.96057174	    -14.34115681	     -7.56856802	      0.53184409	      7.44124206	    -20.00600813	     28.80015841	     -4.19462627	      0.50265759	     24.09682780	     21.97521479	     -7.56856802	    -23.31032808	     -1.58847003	     -2.90254932	      2.81434686	     -8.42794578	    -20.95541695	     28.52943591	     90.00000001	      0.00000000	      0.00000000	     -2.69380243	     -7.49981582	    -24.75142331	     38.46230466	     90.00000001	      0.00000000	      0.00000000
      1.72000000	     10.94016951	      2.75765877	     -2.50746087	     -0.48510272	      0.90897439	      0.19955215	     19.17098024	     -5.30190877	     -0.81652776	     68.29772859	      1.07751340	      1.19202024	      6.22863677	    -12.22833137	     -7.56449454	     -0.87654940	      6.97710023	    -19.44338257	     28.10725795	     -4.06428070	      0.49056419	     24.91279278	     22.96441932	     -7.56449454	    -23.83548019	     -0.84204502	     -3.26120759	      2.41246159	     -8.38899280	    -21.99104254	     28.95717108	     90.00000001	      0.00000000	      0.00000000	     -2.61443659	     -7.96380576	    -22.62468360	     38.41332317	     90.00000001	      0.00000000	      0.00000000
      1.73000000	     10.75326552	      2.60725404	     -2.22744610	     -0.47813017	      0.90889910	      0.19915337	     20.24620116	     -5.10726031	     -0.77076524	     66.19084374	      1.34039188	      1.15524816	      6.64451028	    -11.24749420	     -7.56309703	     -1.27315502	      6.90885617	    -19.07040374	     27.93118124	     -4.14736843	      0.48749108	     25.25405805	     22.91212413	     -7.56309703	    -23.80502956	     -0.51336349	     -3.66018080	      2.02771026	     -8.41288998	    -22.07986403	     29.25406389	     90.00000001	      0.00000000	      0.00000000	     -2.38194796	     -8.08669726	    -22.32382962	     38.46892750	     90.00000001	      0.00000000	      0.00000000
      1.74000000	     10.85510404	      2.43622984	     -1.88662591	     -0.47074351	      0.90930189	      0.19871340	     20.74003172	     -4.97093960	     -1.72409320	     63.63944464	      0.82842429	      1.11071784	      7.80512501	     -8.48821957	     -7.55873381	     -2.11652365	      6.73047112	    -18.88742992	     27.61143720	     -4.12662048	      0.48191049	     25.64969740	     23.48706500	     -7.55873381	    -24.04837508	     -0.14527869	     -4.04651398	      1.61122488	     -8.42370306	    -22.33937819	     29.61947217	     90.00000001	      0.00000000	      0.00000000	     -2.17428715	     -8.33178740	    -21.55082411	     38.53587011	     90.00000001	      0.00000000	      0.00000000
      1.75000000	     10.56862305	      2.36140581	     -1.61271628	     -0.46371061	      0.90876353	      0.19835398	     21.75269229	     -4.88093848	     -1.60024798	     61.16662632	      1.19620478	      1.06755902	      8.10821396	     -7.61958420	     -7.55761063	     -2.35223497	      6.79762604	    -18.60985468	     27.47617991	     -4.37977040	      0.47954981	     25.92088600	     23.38319836	     -7.55761063	    -23.88323059	      0.10009815	     -4.42007748	      1.20875690	     -8.44217250	    -22.38679598	     29.90992903	     90.00000001	      0.00000000	      0.00000000	     -1.96847775	     -8.45143201	    -21.31269878	     38.62240588	     90.00000001	      0.00000000	      0.00000000
      1.76000000	     10.38423072	      2.26332628	     -1.34184653	     -0.45655992	      0.90833661	      0.19812026	     22.48794528	     -4.77698561	     -1.58512838	     58.42783382	      1.51929473	      1.01975807	      8.59270700	     -6.43874770	     -7.55650890	     -2.75204145	      6.79596464	    -18.36918300	     27.29360962	     -4.57120134	      0.47636335	     26.29506043	     23.42781367	     -7.55650890	    -23.82519884	      0.35285497	     -4.74999046	      0.78546817	     -8.43388696	    -22.46825170	     30.22676506	     90.00000001	      0.00000000	      0.00000000	     -1.73871397	     -8.57895983	    -20.98196055	     38.65284433	     90.00000001	      0.00000000	      0.00000000
      1.77000000	     10.67341456	      2.12306024	     -1.00356130	     -0.44859014	      0.90870607	      0.19790540	     22.41123503	     -4.74518397	     -3.17180429	     55.31692110	      0.71289280	      0.96546241	     10.22598976	     -2.18518141	     -7.55293521	     -3.89977338	      6.51216843	    -18.59580888	     26.89317269	     -4.51462804	      0.46937441	     26.79303359	     24.76550381	     -7.55293521	    -24.20532637	      0.65483030	     -5.03667418	      0.29085358	     -8.40320254	    -22.79356452	     30.57354933	     90.00000001	      0.00000000	      0.00000000	     -1.54043595	     -8.78871460	    -20.24925329	     38.65948733	     90.00000001	      0.00000000	      0.00000000
      1.78000000	     10.54691344	      2.06527462	     -0.79424862	     -0.44113975	      0.90810366	      0.19795976	     22.91751030	     -4.69478550	     -3.22583566	     52.42066935	      1.04662872	      0.91491328	     10.91544056	     -0.60412262	     -7.55101649	     -4.43890729	      6.40841653	    -18.55434456	     26.67970976	     -4.51363872	      0.46564878	     27.24442905	     25.02229465	     -7.55101649	    -24.16997990	      0.81532764	     -5.23401373	     -0.17214886	     -8.35925543	    -22.92977301	     30.81271708	     90.00000001	      0.00000000	      0.00000000	     -1.28325481	     -8.88963548	    -20.03548277	     38.63036388	     90.00000001	      0.00000000	      0.00000000
      1.79000000	     10.49095285	      1.98787693	     -0.55420964	     -0.43341864	      0.90750127	      0.19800648	     23.26754138	     -4.64725789	     -3.87970716	     49.50036027	      0.96945632	      0.86394427	     11.72203009	      1.71314819	     -7.54860904	     -5.09303000	      6.26143457	    -18.65081347	     26.41446906	     -4.57136988	      0.46101946	     27.61961245	     25.75611650	     -7.54860904	    -24.17934487	      1.00332289	     -5.41562161	     -0.64437609	     -8.30873077	    -23.19342814	     31.00998315	     90.00000001	      0.00000000	      0.00000000	     -1.07168550	     -8.97437284	    -19.77797389	     38.64982706	     90.00000001	      0.00000000	      0.00000000
      1.80000000	     10.04847169	      2.25911049	     -0.41566607	     -0.42601525	      0.90585107	      0.19826442	     24.36347070	     -5.00815518	     -3.98044496	     47.21276978	      1.27894746	      0.82401828	     11.82770049	      2.13282633	     -7.54796447	     -5.15046891	      6.49341085	    -18.64674529	     26.42771907	     -4.55598881	      0.46125071	     27.71584452	     25.60151168	     -7.54796447	    -23.76616423	      0.72835972	     -5.63133621	     -1.12947805	     -8.19411083	    -23.21716789	     31.10976470	     90.00000001	      0.00000000	      0.00000000	     -0.95703891	     -9.10444701	    -19.71417311	     38.80527910	     90.00000001	      0.00000000	      0.00000000
      1.81000000	     10.29690596	      1.95265573	     -0.07551841	     -0.41803917	      0.90576013	      0.19829123	     23.97549363	     -4.84814382	     -5.11083729	     44.00172903	      1.25530456	      0.76797505	     13.02149891	      5.94670190	     -7.54465092	     -6.18510100	      6.00969448	    -18.77603756	     26.15234522	     -4.61212168	      0.45644453	     28.48667240	     26.98262879	     -7.54465092	    -24.11057801	      1.21683895	     -5.78760668	     -1.46119784	     -8.12320439	    -23.77325283	     31.22472185	     90.00000001	      0.00000000	      0.00000000	     -0.61384507	     -9.11644433	    -19.51173461	     38.61065410	     90.00000001	      0.00000000	      0.00000000
      1.82000000	      9.96004196	      2.06346462	      0.07691151	     -0.41059797	      0.90425201	      0.19861994	     24.67145591	     -5.07911607	     -5.20157036	     41.66235691	      1.76685683	      0.72714530	     13.24708251	      6.53363248	     -7.54391061	     -6.37038099	      6.11493936	    -18.56098016	     26.13196208	     -4.66774354	      0.45608878	     28.76792391	     26.91819531	     -7.54391061	    -23.83455529	      1.13675994	     -5.92104845	     -1.86826643	     -8.02751276	    -23.84430949	     31.27265614	     90.00000001	      0.00000000	      0.00000000	     -0.40235913	     -9.18591195	    -19.44310163	     38.62316869	     90.00000001	      0.00000000	      0.00000000
      1.83000000	     10.18880797	      1.83620945	      0.33825880	     -0.40245695	      0.90386587	      0.19906408	     24.35850068	     -5.04136732	     -6.54116762	     39.08962635	      1.81098144	      0.68224268	     13.85393054	      8.89293106	     -7.54193443	     -7.39034354	      5.53772899	    -18.59140952	     25.97614570	     -4.33643284	      0.45336927	     29.29488933	     27.68249883	     -7.54193443	    -24.12755693	      1.45594223	     -5.92926716	     -2.20642218	     -7.90677358	    -24.42331818	     31.20544346	     90.00000001	      0.00000000	      0.00000000	     -0.05088801	     -9.15538134	    -19.46607105	     38.43641470	     90.00000001	      0.00000000	      0.00000000
      1.84000000	      9.93681211	      1.94527301	      0.52486068	     -0.39480295	      0.90232089	      0.19937591	     24.82120543	     -5.46247589	     -6.98502687	     37.18326957	      2.48847729	      0.64897048	     14.05197541	      9.53735871	     -7.54121358	     -7.64168080	      5.62135720	    -18.32840323	     26.04044122	     -4.41616026	      0.45449144	     29.67865416	     27.68493902	     -7.54121358	    -23.91417573	      1.38118473	     -6.05825543	     -2.54194231	     -7.83186058	    -24.54320639	     31.11742345	     90.00000001	      0.00000000	      0.00000000	      0.19453792	     -9.18553738	    -19.42646029	     38.37411821	     90.00000001	      0.00000000	      0.00000000
      1.85000000	     10.02120835	      1.85576238	      0.77015446	     -0.38677510	      0.90146686	      0.19974100	     24.64978643	     -5.71602810	     -8.01390321	     35.28465521	      3.03121751	      0.61583341	     14.31387548	     10.68682663	     -7.54035718	     -8.38845795	      5.32689080	    -18.13072691	     26.00296712	     -4.24550212	      0.45383739	     30.24406147	     27.99295222	     -7.54035718	    -24.06433425	      1.56327235	     -6.07498227	     -2.80538699	     -7.72595602	    -24.92507355	     30.87473628	     90.00000001	      0.00000000	      0.00000000	      0.53074142	     -9.14018377	    -19.48522763	     38.14348604	     90.00000001	      0.00000000	      0.00000000
      1.86000000	      9.78100586	      2.03041744	      0.77620515	     -0.37873486	      0.89965341	      0.20059604	     25.24687546	     -6.12747833	     -8.79431740	     34.40637873	      3.40810365	      0.60050459	     14.36291286	     10.73225052	     -7.53995627	     -8.69885570	      5.33040278	    -18.18427654	     26.11795241	     -4.07616317	      0.45584426	     30.26421859	     27.81168616	     -7.53995627	    -23.81910741	      1.31335710	     -5.92936473	     -3.24079439	     -7.60610758	    -24.98080397	     30.74677140	     90.00000001	      0.00000000	      0.00000000	      0.69584442	     -9.13647326	    -19.48055803	     38.27203301	     90.00000001	      0.00000000	      0.00000000
      1.87000000	     10.23541360	      1.67016545	      1.24408724	     -0.37012082	      0.89953436	      0.20076402	     24.26535872	     -6.11357279	    -10.94832620	     32.74033993	      3.48655793	      0.57142673	     14.61387865	     13.05748122	     -7.53841623	     -9.92807249	      4.70597479	    -17.95530546	     25.97233771	     -4.06611387	      0.45330281	     30.93591856	     28.76080554	     -7.53841623	    -24.30942794	      1.88534314	     -6.09995298	     -3.25645208	     -7.43879785	    -26.15067461	     30.31394816	     90.00000001	      0.00000000	      0.00000000	      1.05868990	     -8.97233867	    -19.82946336	     37.92897849	     90.00000001	      0.00000000	      0.00000000
      1.88000000	     10.08271651	      1.77016206	      1.19142224	     -0.36187880	      0.89777612	      0.20189230	     24.61015513	     -6.33227644	    -11.50556423	     32.37094882	      3.85758087	      0.56497964	     14.66375033	     12.98425962	     -7.53835040	    -10.34330185	      4.71770888	    -17.98048110	     26.07063066	     -4.08581708	      0.45501834	     31.04629243	     28.77376704	     -7.53835040	    -24.14841345	      1.69600881	     -5.93139121	     -3.56474258	     -7.31750604	    -26.18727529	     30.10397430	     90.00000001	      0.00000000	      0.00000000	      1.16234155	     -8.98138769	    -19.84612837	     37.95619455	     90.00000001	      0.00000000	      0.00000000
      1.89000000	     10.24349043	      1.72014907	      1.63493869	     -0.35330181	      0.89680380	      0.20182906	     24.13018023	     -6.80744970	    -12.89826216	     31.88915357	      4.46512146	      0.55657073	     14.59671135	     12.94764646	     -7.53794672	    -11.12219621	      4.56635706	    -17.72241884	     26.08080145	     -4.28331412	      0.45519586	     31.75354946	     28.98687653	     -7.53794672	    -24.28727496	      1.93434659	     -6.14507582	     -3.67809506	     -7.29262160	    -26.53211684	     29.56659328	     90.00000001	      0.00000000	      0.00000000	      1.45554356	     -8.85388350	    -19.92825029	     37.64430872	     90.00000001	      0.00000000	      0.00000000
      1.90000000	     10.13728167	      1.76081675	      1.61596238	     -0.34469919	      0.89513007	      0.20299001	     24.19104880	     -6.81802816	    -13.31689818	     31.79581354	      4.61749361	      0.55494163	     14.57560007	     12.88227397	     -7.53788100	    -11.60181793	      4.52928392	    -17.68873043	     26.17940133	     -4.34872203	      0.45691675	     31.84209843	     29.00866654	     -7.53788100	    -24.12349876	      1.83252702	     -5.95928615	     -3.98184168	     -7.18533602	    -26.60978385	     29.31805774	     90.00000001	      0.00000000	      0.00000000	      1.49302691	     -8.81243996	    -19.96818565	     37.65809450	     90.00000001	      0.00000000	      0.00000000
      1.91000000	     10.42723476	      1.54519121	      1.95653293	     -0.33570314	      0.89427597	      0.20350756	     23.57827408	     -6.74521250	    -15.09253604	     31.88624308	      4.35007717	      0.55651993	     14.16104103	     12.76321991	     -7.53729318	    -12.62701216	      4.11361750	    -17.48141140	     26.09277279	     -4.39631597	      0.45540480	     32.55720327	     29.23831453	     -7.53729318	    -24.35303815	      2.18587152	     -6.01005146	     -3.90677829	     -7.13998894	    -27.32476839	     28.53941882	     90.00000001	      0.00000000	      0.00000000	      1.70652644	     -8.63263710	    -20.30052377	     37.43736698	     90.00000001	      0.00000000	      0.00000000
      1.92000000	     10.31770535	      1.54183280	      1.94962600	     -0.32679611	      0.89259074	      0.20469368	     23.46915661	     -6.60972195	    -15.24333220	     32.00639671	      4.41575327	      0.55861700	     14.10691001	     12.74060791	     -7.53724809	    -13.07942208	      4.07720926	    -17.40199974	     26.23939332	     -4.55297172	      0.45796381	     32.59897743	     29.23670133	     -7.53724809	    -24.13259274	      2.15112487	     -5.89595717	     -4.16006799	     -7.04126339	    -27.38881995	     28.33656090	     90.00000001	      0.00000000	      0.00000000	      1.65337066	     -8.55067456	    -20.32946721	     37.42618342	     90.00000001	      0.00000000	      0.00000000
      1.93000000	     10.44399454	      1.30788574	      2.01942290	     -0.31768389	      0.89123037	      0.20567711	     23.22747237	     -6.34562824	    -16.17754942	     32.73151723	      4.19675516	      0.57127274	     13.70758706	     12.49656342	     -7.53703748	    -13.81432025	      3.78063979	    -17.41395887	     26.37089481	     -4.76089546	      0.46025894	     32.99852174	     29.07093950	     -7.53703748	    -24.17738526	      2.44085417	     -5.57749008	     -4.24028967	     -7.11245507	    -27.68705216	     27.67233244	     90.00000001	      0.00000000	      0.00000000	      1.78916936	     -8.31193986	    -20.47716775	     37.41951634	     90.00000001	      0.00000000	      0.00000000
      1.94000000	     10.42719072	      1.09909206	      2.15290613	     -0.30830889	      0.88972983	      0.20694385	     23.11106930	     -5.83891531	    -17.25423493	     33.33725013	      3.32728661	      0.58184478	     12.93683612	     12.41649463	     -7.53654522	    -14.35641526	      3.42345446	    -17.23497365	     26.61409316	     -4.83976242	      0.46450355	     33.52734308	     28.77023142	     -7.53654522	    -23.96811593	      2.65512156	     -5.59780495	     -4.10106219	     -7.01808923	    -28.37389159	     26.89351751	     90.00000001	      0.00000000	      0.00000000	      1.64094233	     -8.16937432	    -20.91005980	     37.33687860	     90.00000001	      0.00000000	      0.00000000
      1.95000000	     10.39653663	      0.87262775	      2.14871295	     -0.29895697	      0.88822236	      0.20832735	     23.05321018	     -5.31803035	    -17.51302976	     34.06059564	      2.90227006	      0.59446954	     12.47593850	     12.41799475	     -7.53624402	    -14.84247903	      3.14991654	    -17.12125247	     26.92598588	     -5.01185337	      0.46994711	     33.71161740	     28.41363007	     -7.53624402	    -23.77234349	      2.88490396	     -5.37642948	     -4.12956925	     -7.02974093	    -28.76478652	     26.38491974	     90.00000001	      0.00000000	      0.00000000	      1.51918840	     -7.98686989	    -21.13922264	     37.33650999	     90.00000001	      0.00000000	      0.00000000
      1.96000000	     10.29379591	      0.61594973	      2.10347430	     -0.28954876	      0.88668819	      0.20991168	     23.21575309	     -4.64737708	    -17.72112731	     34.96318443	      2.21189711	      0.61022269	     11.83114427	     12.31391708	     -7.53587811	    -15.19108865	      2.83495543	    -16.98720840	     27.36870241	     -5.15012009	      0.47767397	     33.88187031	     27.78959640	     -7.53587811	    -23.48332815	      3.11144032	     -5.15592622	     -4.06062016	     -7.02353800	    -29.20727658	     25.76141689	     90.00000001	      0.00000000	      0.00000000	      1.32087994	     -7.76847824	    -21.43868779	     37.35933543	     90.00000001	      0.00000000	      0.00000000
      1.97000000	     10.27761404	      0.35654619	      2.10901213	     -0.28012413	      0.88552915	      0.21125725	     23.18234242	     -4.02197463	    -17.41152156	     35.74189142	      1.88068110	      0.62381369	     11.51526693	     12.29372854	     -7.53572421	    -15.61179728	      2.64271988	    -16.68404072	     27.77428467	     -5.47314385	      0.48475271	     33.85224408	     27.47271939	     -7.53572421	    -23.29460369	      3.41887510	     -5.01926472	     -4.07306237	     -7.09456602	    -29.39629488	     25.45295770	     90.00000001	      0.00000000	      0.00000000	      1.11506544	     -7.62192365	    -21.57586727	     37.34102163	     90.00000001	      0.00000000	      0.00000000
      1.98000000	      9.85737815	      0.09537332	      2.01429235	     -0.27103104	      0.88374452	      0.21309556	     23.93097998	     -3.24272808	    -16.69337926	     36.92742435	      1.41688097	      0.64450514	     10.63031576	     10.82177394	     -7.53410396	    -15.30933735	      2.30241194	    -16.12260722	     28.87776993	     -5.39880230	      0.50401217	     33.73926006	     25.08920518	     -7.53410396	    -22.67831271	      3.61930221	     -4.80151672	     -3.67049239	     -6.98076864	    -30.94870635	     24.55315372	     90.00000001	      0.00000000	      0.00000000	      0.89493063	     -7.30345628	    -22.43380835	     37.35602511	     90.00000001	      0.00000000	      0.00000000
      1.99000000	      9.77312671	     -0.22214817	      1.84209399	     -0.26141901	      0.88282837	      0.21498614	     24.17194709	     -2.39618110	    -16.05184315	     38.00107732	      0.98038255	      0.66324392	     10.31945046	     10.30170121	     -7.53355192	    -15.52566813	      1.91942119	    -16.07860730	     29.62848490	     -5.49782247	      0.51711461	     33.21539431	     24.32149214	     -7.53355192	    -22.37956172	      3.91074131	     -4.50477063	     -3.55964636	     -7.06826950	    -31.17340473	     24.07350367	     90.00000001	      0.00000000	      0.00000000	      0.52311253	     -7.11986080	    -22.58489848	     37.43277257	     90.00000001	      0.00000000	      0.00000000
      2.00000000	      9.55167383	     -0.51501166	      1.71298256	     -0.25219770	      0.88196277	      0.21677714	     24.49683393	     -1.67495208	    -14.64686640	     39.00739095	      1.21926254	      0.68080740	      9.88723293	      8.30792610	     -7.53203574	    -15.39149176	      1.55253493	    -15.64283874	     30.75255008	     -5.47703382	      0.53673325	     32.63802991	     22.57974852	     -7.53203574	    -21.97187060	      4.19661935	     -4.27428632	     -3.33101753	     -7.11320227	    -31.72473948	     23.64224460	     90.00000001	      0.00000000	      0.00000000	      0.24812347	     -6.89237824	    -22.98499564	     37.40405535	     90.00000001	      0.00000000	      0.00000000
      2.01000000	      9.64166745	     -0.86055360	      1.58059583	     -0.24248486	      0.88192765	      0.21859122	     24.31844768	     -0.97686020	    -14.00370356	     39.89261766	      1.19505453	      0.69625753	     10.08068195	      7.98968931	     -7.53172575	    -15.68977566	      0.98158511	    -15.70321070	     31.70928220	     -5.42328446	      0.55343138	     31.63067381	     22.09385861	     -7.53172575	    -21.86673434	      4.55074262	     -4.00469882	     -3.22294896	     -7.23207269	    -31.76560527	     23.38187155	     90.00000001	      0.00000000	      0.00000000	     -0.10132128	     -6.70934501	    -23.09895985	     37.44453953	     90.00000001	      0.00000000	      0.00000000
      2.02000000	      9.47305596	     -1.22870931	      1.48589809	     -0.23333345	      0.88183043	      0.22050354	     24.26768660	     -0.19477329	    -12.55181460	     40.45918146	      1.68599638	      0.70614593	      9.95543952	      5.82212766	     -7.52998950	    -15.41192901	      0.39733336	    -15.28937332	     33.17656312	     -5.29631575	      0.57904026	     30.24963501	     20.20280868	     -7.52998950	    -21.53932352	      4.93007946	     -3.82712812	     -2.96108149	     -7.27575615	    -31.98711809	     23.10651506	     90.00000001	      0.00000000	      0.00000000	     -0.42173675	     -6.51090393	    -23.53324468	     37.40767986	     90.00000001	      0.00000000	      0.00000000
      2.03000000	      9.59195545	     -1.59504167	      1.41437888	     -0.22376555	      0.88248646	      0.22211758	     23.66985999	      0.31948355	    -12.11445988	     40.84613416	      2.01566558	      0.71289953	     10.51314273	      5.64646312	     -7.52962896	    -15.47139395	     -0.31792980	    -15.44572589	     34.55830188	     -5.23188844	      0.60315615	     28.64838682	     19.71567970	     -7.52962896	    -21.48529743	      5.36265880	     -3.61003255	     -2.78411472	     -7.42934792	    -31.97069849	     22.99570445	     90.00000001	      0.00000000	      0.00000000	     -0.77646404	     -6.30059801	    -23.64212303	     37.40556884	     90.00000001	      0.00000000	      0.00000000
      2.04000000	      9.66611743	     -2.04054431	      1.39228593	     -0.21442581	      0.88338354	      0.22390894	     22.90657650	      0.96947126	    -11.67827993	     40.85500084	      2.37940383	      0.71305428	     10.98670527	      5.15165973	     -7.52880566	    -15.30048315	     -1.22919737	    -15.40206738	     36.27012702	     -5.00864127	      0.63303314	     26.73066735	     18.42760917	     -7.52880566	    -21.41103395	      5.87094868	     -3.42093051	     -2.57873122	     -7.53366794	    -31.86673110	     22.93442239	     90.00000001	      0.00000000	      0.00000000	     -1.07512606	     -6.11393680	    -23.93867110	     37.33300097	     90.00000001	      0.00000000	      0.00000000
      2.05000000	      9.83553470	     -2.36547206	      1.41315327	     -0.20508874	      0.88472621	      0.22533235	     21.86759440	      1.27337704	    -11.51632280	     40.71312907	      2.90907266	      0.71057815	     11.67401743	      5.13989249	     -7.52840524	    -15.15555857	     -1.99456671	    -15.53570642	     37.97427590	     -4.97132703	      0.66277615	     24.41888525	     17.82641187	     -7.52840524	    -21.44134087	      6.29408642	     -3.32646755	     -2.35527952	     -7.65516915	    -31.76478958	     23.02554818	     90.00000001	      0.00000000	      0.00000000	     -1.39696787	     -5.94680098	    -24.08191947	     37.25171632	     90.00000001	      0.00000000	      0.00000000
      2.06000000	     10.01457556	     -2.68227704	      1.48670389	     -0.19589640	      0.88631633	      0.22674784	     20.66465172	      1.49789817	    -11.55759188	     40.34446222	      3.49672736	      0.70414370	     12.38309933	      5.30871238	     -7.52809936	    -14.87093725	     -2.87317706	    -15.81455378	     39.84355294	     -4.94840114	      0.69540118	     21.87783937	     17.15147620	     -7.52809936	    -21.48984027	      6.72115270	     -3.27087129	     -2.11283780	     -7.75483163	    -31.62716448	     23.20173782	     90.00000001	      0.00000000	      0.00000000	     -1.66299267	     -5.80214783	    -24.21800040	     37.14370105	     90.00000001	      0.00000000	      0.00000000
      2.07000000	     10.26406118	     -3.10049595	      1.59214203	     -0.18694510	      0.88826923	      0.22828123	     19.24659579	      2.00776849	    -11.99468841	     39.60592584	      3.60350073	      0.69125381	     12.99974756	      6.01133264	     -7.52702681	    -14.52144340	     -3.93090787	    -15.63367949	     41.96046620	     -4.61310787	      0.73234829	     19.06321743	     15.12517718	     -7.52702681	    -21.67495744	      7.25213082	     -3.14860080	     -1.91205501	     -7.89094120	    -31.01267931	     23.50787022	     90.00000001	      0.00000000	      0.00000000	     -1.82839425	     -5.64737320	    -24.55020170	     36.96447348	     90.00000001	      0.00000000	      0.00000000
      2.08000000	     10.42537338	     -3.29910840	      1.68470072	     -0.17808983	      0.89011589	      0.22960990	     17.92751094	      2.08468902	    -12.19483507	     38.98323228	      4.14527013	      0.68038576	     13.72703033	      6.54074096	     -7.52664266	    -13.90092738	     -4.70038356	    -16.04916675	     44.10352272	     -4.84717657	      0.76975168	     16.14184463	     14.48098306	     -7.52664266	    -21.74633981	      7.55794967	     -3.11126593	     -1.67568551	     -7.95989094	    -30.76849072	     23.87095987	     90.00000001	      0.00000000	      0.00000000	     -2.05604255	     -5.58639064	    -24.63244490	     36.83311287	     90.00000001	      0.00000000	      0.00000000
      2.09000000	     10.60434427	     -3.55874075	      1.75839729	     -0.16943863	      0.89208292	      0.23107899	     16.57073733	      2.37886454	    -12.67788172	     38.20444740	      4.27651690	      0.66679340	     14.33783479	      7.46074438	     -7.52610975	    -13.17270512	     -5.59963598	    -16.28085214	     46.42517355	     -4.89988837	      0.81027213	     13.29316738	     13.01647647	     -7.52610975	    -21.88032045	      7.90764082	     -2.99374128	     -1.44459784	     -8.06465222	    -30.29191912	     24.35541615	     90.00000001	      0.00000000	      0.00000000	     -2.21186329	     -5.49141642	    -24.75457686	     36.64390450	     90.00000001	      0.00000000	      0.00000000
      2.10000000	     10.77867231	     -3.76029563	      1.93222306	     -0.16102929	      0.89401599	      0.23232110	     15.25592492	      2.51831219	    -13.48696077	     37.49289781	      4.35654942	      0.65437451	     14.93770951	      8.80667152	     -7.52528879	    -12.26536148	     -6.42340198	    -16.12579901	     48.86931319	     -4.83497952	      0.85293042	     10.58332613	     10.63406889	     -7.52528879	    -22.02633290	      8.22355592	     -2.96849736	     -1.25707609	     -8.18414328	    -29.46429008	     24.96464411	     90.00000001	      0.00000000	      0.00000000	     -2.31167786	     -5.46729127	    -24.90055914	     36.44458644	     90.00000001	      0.00000000	      0.00000000
      2.11000000	     10.85926862	     -3.80375857	      2.16179261	     -0.15288092	      0.89576387	      0.23325973	     14.10012638	      2.38705980	    -14.32061302	     36.90066224	      4.54064111	      0.64403805	     15.54049718	     10.20017026	     -7.52420652	    -11.06520911	     -6.92602019	    -15.73398554	     51.37509305	     -4.90988064	      0.89666453	      8.12816286	      7.95264558	     -7.52420652	    -22.08697365	      8.40303294	     -3.06227243	     -1.07275439	     -8.30198196	    -28.51759450	     25.64904320	     90.00000001	      0.00000000	      0.00000000	     -2.41490870	     -5.45934657	    -24.99555881	     36.26496710	     90.00000001	      0.00000000	      0.00000000
      2.12000000	     10.85165919	     -3.81495721	      2.35708310	     -0.14498356	      0.89723682	      0.23425719	     13.14147918	      2.24908870	    -15.10479356	     36.43265687	      4.68182446	      0.63586982	     16.08863326	     11.51193024	     -7.52290515	     -9.62542567	     -7.34037980	    -15.24178011	     53.93606137	     -4.95166425	      0.94136186	      5.95675899	      4.95445441	     -7.52290515	    -22.07894266	      8.52200393	     -3.11126855	     -0.85561806	     -8.41221178	    -27.65117100	     26.35760696	     90.00000001	      0.00000000	      0.00000000	     -2.49032808	     -5.49208579	    -25.06829250	     36.10814818	     90.00000001	      0.00000000	      0.00000000
      2.13000000	     10.72719754	     -3.89879785	      2.48924123	     -0.13732719	      0.89834800	      0.23538199	     12.41077211	      2.28731782	    -15.77137421	     36.00959559	      4.72025289	      0.62848601	     16.54596808	     12.52037783	     -7.52193454	     -7.90801840	     -7.80895940	    -14.87709133	     56.56856425	     -5.08144465	      0.98730770	      4.25650432	      2.11045133	     -7.52193454	    -21.97488253	      8.70567074	     -3.05974616	     -0.59252212	     -8.52713478	    -27.07642560	     27.09708566	     90.00000001	      0.00000000	      0.00000000	     -2.54116552	     -5.51537158	    -25.10954538	     35.93269405	     90.00000001	      0.00000000	      0.00000000
      2.14000000	     10.63052636	     -3.87473168	      2.69160399	     -0.12973123	      0.89942401	      0.23613003	     11.60259722	      2.06039220	    -16.22775957	     35.59967167	      5.14538799	      0.62133148	     16.92199860	     13.10442984	     -7.52146889	     -6.14442405	     -7.96010258	    -14.82844575	     58.96603881	     -5.78011460	      1.02915152	      3.40845877	      0.31207033	     -7.52146889	    -21.90295412	      8.81083113	     -3.12211961	     -0.25466112	     -8.60983507	    -26.76077044	     27.81897929	     90.00000001	      0.00000000	      0.00000000	     -2.63932625	     -5.54818907	    -25.10488797	     35.83399673	     90.00000001	      0.00000000	      0.00000000
      2.15000000	     10.27092181	     -3.94945344	      2.83957208	     -0.12264196	      0.89981701	      0.23713057	     11.36334990	      2.16897288	    -16.93899245	     35.41592898	      4.90138071	      0.61812457	     17.44147700	     14.36656986	     -7.52076425	     -3.90660587	     -8.26165301	    -13.73257616	     61.66848559	     -5.40451995	      1.07631812	      2.18074211	     -4.13764408	     -7.52076425	    -21.59248743	      8.97408819	     -3.05888968	     -0.00174287	     -8.81049696	    -25.98911632	     28.64703355	     90.00000001	      0.00000000	      0.00000000	     -2.62851915	     -5.58091955	    -25.19378507	     35.68772410	     90.00000001	      0.00000000	      0.00000000
      2.16000000	     10.00941706	     -3.78633461	      3.01733909	     -0.11574776	      0.90036701	      0.23775755	     11.06527109	      1.82710518	    -17.68823905	     35.47830270	      4.87884937	      0.61921320	     17.92100220	     15.54919224	     -7.51988441	     -1.84003339	     -8.13427827	    -12.22838175	     63.99490522	     -4.66028257	      1.11692180	      1.06353709	     -8.86116744	     -7.51988441	    -21.42375673	      8.91500913	     -3.11560241	      0.34736775	     -8.96478243	    -25.01125677	     29.38684078	     90.00000001	      0.00000000	      0.00000000	     -2.60498892	     -5.60570896	    -25.31193761	     35.64047201	     90.00000001	      0.00000000	      0.00000000
      2.17000000	      9.99644086	     -3.69283837	      3.15137062	     -0.10850866	      0.90133690	      0.23829148	     10.27605984	      1.56067885	    -17.91858074	     35.19352958	      5.30727909	      0.61424297	     18.20334983	     15.85752596	     -7.51955349	     -0.17498175	     -7.97625620	    -12.24993049	     65.75260139	     -5.32063817	      1.14759939	      1.54114317	    -10.29238242	     -7.51955349	    -21.50619135	      8.94314983	     -3.10432446	      0.83709137	     -9.10807751	    -24.74929756	     29.99689906	     90.00000001	      0.00000000	      0.00000000	     -2.64273987	     -5.63200357	    -25.31306336	     35.62400091	     90.00000001	      0.00000000	      0.00000000
      2.18000000	      9.62819624	     -3.67473536	      3.29821784	     -0.10188270	      0.90145253	      0.23891775	     10.15907397	      1.48670385	    -18.37000850	     35.22611943	      5.25469616	      0.61481177	     18.68131926	     16.77432845	     -7.51869612	      2.08618372	     -7.99142268	    -10.86779487	     67.79937960	     -4.49467693	      1.18332240	      1.00605117	    -14.15842849	     -7.51869612	    -21.24000323	      9.02547834	     -3.06519946	      1.19375324	     -9.38068953	    -23.70659155	     30.77275743	     90.00000001	      0.00000000	      0.00000000	     -2.62088601	     -5.62034551	    -25.49300623	     35.63166018	     90.00000001	      0.00000000	      0.00000000
      2.19000000	      9.52161684	     -3.64362741	      3.32075412	     -0.09495987	      0.90209742	      0.23959315	      9.56035415	      1.42178122	    -18.33507279	     34.94542391	      5.54287318	      0.60991271	     19.02253561	     17.16325764	     -7.51816557	      3.83514962	     -7.97018124	    -10.74544980	     69.20026708	     -4.63647484	      1.20777250	      1.78619279	    -15.43068534	     -7.51816557	    -21.26276645	      9.07831938	     -2.90840009	      1.70696574	     -9.60365672	    -23.22766518	     31.39273788	     90.00000001	      0.00000000	      0.00000000	     -2.64293377	     -5.59777678	    -25.57562797	     35.71834354	     90.00000001	      0.00000000	      0.00000000
      2.20000000	      9.57749837	     -3.53879774	      3.37540079	     -0.08802893	      0.90304486	      0.24007592	      8.72905109	      1.22189126	    -18.34709383	     34.66305120	      5.92019784	      0.60498437	     19.24520860	     17.27837240	     -7.51792820	      5.31350101	     -7.80320465	    -10.83292055	     70.18395691	     -4.96476103	      1.22494113	      2.80657874	    -16.00813855	     -7.51792820	    -21.47111819	      9.07202927	     -2.78104825	      2.33746046	     -9.78899350	    -22.97332017	     31.85177443	     90.00000001	      0.00000000	      0.00000000	     -2.62824032	     -5.60997070	    -25.59822261	     35.77481770	     90.00000001	      0.00000000	      0.00000000
      2.21000000	      9.53639764	     -3.50204042	      3.39454625	     -0.08121108	      0.90373011	      0.24057999	      7.99971966	      1.15556165	    -18.14812087	     34.27671670	      6.31676309	      0.59824156	     19.56407330	     17.49440151	     -7.51765068	      6.90339486	     -7.72403663	    -10.75549333	     71.01213693	     -5.03704903	      1.23939560	      3.95785251	    -16.48707833	     -7.51765068	    -21.57030477	      9.12821959	     -2.62224475	      2.95376469	    -10.02010725	    -22.55280558	     32.34613618	     90.00000001	      0.00000000	      0.00000000	     -2.65706230	     -5.56238515	    -25.68890155	     35.90801938	     90.00000001	      0.00000000	      0.00000000
      2.22000000	      9.52356331	     -3.47087276	      3.39211298	     -0.07450214	      0.90440287	      0.24114506	      7.24599867	      1.14933946	    -17.83571314	     33.86531560	      6.67676921	      0.59106126	     19.88148362	     17.62136806	     -7.51731116	      8.41696686	     -7.67330749	    -10.52555124	     71.58620727	     -4.85963203	      1.24941502	      5.08658903	    -16.61820914	     -7.51731116	    -21.72086164	      9.15971914	     -2.42353415	      3.57751580	    -10.29713326	    -21.94970419	     32.78629865	     90.00000001	      0.00000000	      0.00000000	     -2.67126337	     -5.53553244	    -25.86019799	     36.09769875	     90.00000001	      0.00000000	      0.00000000
      2.23000000	      9.52935641	     -3.43210760	      3.36014001	     -0.06782989	      0.90512796	      0.24153025	      6.45864398	      1.12160806	    -17.47240972	     33.40892925	      7.07041931	      0.58309582	     20.17471676	     17.63301784	     -7.51699839	      9.82994965	     -7.50944995	    -10.37381568	     71.79606193	     -4.76793671	      1.25307767	      6.24093077	    -16.52209743	     -7.51699839	    -21.88766485	      9.22466271	     -2.24380792	      4.28051691	    -10.57040838	    -21.39470376	     33.15234182	     90.00000001	      0.00000000	      0.00000000	     -2.71686013	     -5.43555203	    -26.00868394	     36.28467866	     90.00000001	      0.00000000	      0.00000000
      2.24000000	      9.58034203	     -3.37504668	      3.27817517	     -0.06121152	      0.90588414	      0.24207615	      5.63173594	      1.13594655	    -16.97026314	     32.92780698	      7.43319632	      0.57469865	     20.45715994	     17.53740360	     -7.51666330	     11.11733716	     -7.34636149	    -10.23235417	     71.72493880	     -4.57862597	      1.25183634	      7.30131950	    -16.15264079	     -7.51666330	    -22.13381724	      9.21817147	     -2.00950989	      4.99865783	    -10.84271612	    -20.77208198	     33.42997156	     90.00000001	      0.00000000	      0.00000000	     -2.77149770	     -5.35658023	    -26.20893172	     36.51524537	     90.00000001	      0.00000000	      0.00000000
      2.25000000	      9.72020014	     -3.34273431	      3.13575583	     -0.05462498	      0.90680736	      0.24261780	      4.64536513	      1.24246629	    -16.18788230	     32.25346982	      7.82726646	      0.56292924	     20.69245883	     17.09330454	     -7.51610170	     12.17691244	     -7.25249922	    -10.12559265	     71.31720340	     -4.26324112	      1.24472001	      8.40633461	    -15.32748123	     -7.51610170	    -22.45517654	      9.23094229	     -1.74877238	      5.79112753	    -11.22008171	    -19.70804376	     33.63568203	     90.00000001	      0.00000000	      0.00000000	     -2.76683166	     -5.20744360	    -26.63502927	     36.83509033	     90.00000001	      0.00000000	      0.00000000
      2.26000000	      9.68891892	     -3.25720270	      2.98469400	     -0.04830769	      0.90719429	      0.24324875	      4.20247555	      1.22515942	    -16.09080074	     32.28378548	      7.79807051	      0.56345835	     20.63448309	     16.96673855	     -7.51591876	     13.50168357	     -7.09545951	    -10.16190275	     70.81535031	     -4.05898188	      1.23596102	      8.56650175	    -14.69606292	     -7.51591876	    -22.64179704	      9.16736736	     -1.40036555	      6.52626469	    -11.41407319	    -19.57389433	     34.04185003	     90.00000001	      0.00000000	      0.00000000	     -2.75276866	     -5.19319349	    -26.58907755	     37.00640412	     90.00000001	      0.00000000	      0.00000000
      2.27000000	      9.65166989	     -3.08137317	      2.81947900	     -0.04180674	      0.90776602	      0.24372186	      3.48422029	      1.27201699	    -15.25334984	     31.61241334	      7.91414713	      0.55174070	     21.14049693	     16.84931009	     -7.51564953	     14.60291620	     -6.59994314	    -10.10962844	     69.80020954	     -3.94961222	      1.21824347	      9.79452738	    -14.27112830	     -7.51564953	    -22.75592578	      8.99119234	     -1.21659147	      7.37314517	    -11.60855830	    -19.04819717	     33.97762216	     90.00000001	      0.00000000	      0.00000000	     -2.88516984	     -5.10730450	    -26.76066944	     37.29378186	     90.00000001	      0.00000000	      0.00000000
      2.28000000	      9.98355119	     -3.04325363	      2.52084147	     -0.03518052	      0.90894720	      0.24452823	      2.26322025	      1.41689585	    -14.18322197	     30.81907992	      8.34940893	      0.53789442	     21.22797566	     15.94085446	     -7.51485842	     15.10663289	     -6.53153926	    -10.64755758	     68.44429969	     -3.99795696	      1.19457838	     10.91206293	    -12.32520370	     -7.51485842	    -23.30703780	      8.92455823	     -0.88335998	      8.28449139	    -11.99785672	    -17.65684941	     33.92348168	     90.00000001	      0.00000000	      0.00000000	     -2.93045396	     -4.92916578	    -27.46506112	     37.65673611	     90.00000001	      0.00000000	      0.00000000
      2.29000000	      9.93763984	     -2.93574206	      2.24083536	     -0.02889721	      0.90923254	      0.24533309	      1.82013399	      1.51028183	    -13.67605500	     30.65024624	      8.23279388	      0.53494771	     21.58766242	     15.79312144	     -7.51451100	     16.09928104	     -6.28589350	    -10.60447035	     67.07982452	     -3.60246553	      1.17076380	     11.50728386	    -11.65689651	     -7.51451100	    -23.44475642	      8.76679581	     -0.53740729	      9.16561108	    -12.15474845	    -17.28144161	     33.90610020	     90.00000001	      0.00000000	      0.00000000	     -3.00465032	     -4.88157494	    -27.51374212	     37.89908008	     90.00000001	      0.00000000	      0.00000000
      2.30000000	      9.95003460	     -2.83154471	      1.98188867	     -0.02254332	      0.90958536	      0.24608523	      1.26964444	      1.59046039	    -13.20620502	     30.41688556	      8.14793942	      0.53087480	     21.88285225	     15.65984275	     -7.51412615	     16.92304546	     -6.02277258	    -10.61804602	     65.44391877	     -3.27955423	      1.14221186	     12.01515604	    -10.76147543	     -7.51412615	    -23.62368861	      8.61754348	     -0.24647810	     10.06032445	    -12.32087920	    -16.75015872	     33.81389683	     90.00000001	      0.00000000	      0.00000000	     -3.10977287	     -4.82137734	    -27.68181074	     38.16528148	     90.00000001	      0.00000000	      0.00000000
      2.31000000	      9.77213300	     -2.79285654	      1.75438397	     -0.01634064	      0.90945817	      0.24686396	      1.03393538	      1.79185511	    -12.91836493	     30.31724098	      7.85826797	      0.52913568	     22.00461508	     15.59594312	     -7.51388653	     17.99067220	     -5.78715463	    -10.50830494	     63.74736662	     -2.96737280	      1.11260144	     12.22235791	    -10.12053070	     -7.51388653	    -23.58998535	      8.52725868	      0.04692249	     10.83899445	    -12.43822725	    -16.42624671	     33.95468484	     90.00000001	      0.00000000	      0.00000000	     -3.19203437	     -4.76688315	    -27.72272003	     38.37810193	     90.00000001	      0.00000000	      0.00000000
      2.32000000	      9.94329134	     -2.65754241	      1.47398501	     -0.00979192	      0.91005197	      0.24754520	      0.21089813	      1.77386293	    -12.57495325	     29.96495471	      7.82300334	      0.52298712	     22.35476071	     15.75552933	     -7.51322666	     18.38728904	     -5.48839324	    -10.94392536	     61.57653319	     -2.95360260	      1.07471325	     12.81830268	     -8.66665943	     -7.51322666	    -23.93060905	      8.33276950	      0.26096055	     11.75722780	    -12.62338738	    -15.38808720	     33.70995768	     90.00000001	      0.00000000	      0.00000000	     -3.31736162	     -4.67713032	    -28.17078489	     38.63046100	     90.00000001	      0.00000000	      0.00000000
      2.33000000	      9.70010735	     -2.68579117	      1.28463677	     -0.00362349	      0.90962392	      0.24826447	      0.09804384	      2.04646378	    -12.39699723	     29.95147719	      7.46684437	      0.52275189	     22.52114718	     15.72604916	     -7.51301330	     19.42599511	     -5.35284778	    -10.76077073	     59.65229770	     -2.58264152	      1.04112900	     12.88099357	     -8.15594711	     -7.51301330	    -23.81090170	      8.32847983	      0.53679257	     12.46289903	    -12.70326599	    -15.13917250	     33.85021441	     90.00000001	      0.00000000	      0.00000000	     -3.41571193	     -4.64992819	    -28.14750768	     38.77482942	     90.00000001	      0.00000000	      0.00000000
      2.34000000	      9.80350803	     -2.55490896	      1.07245605	      0.00283918	      0.90992536	      0.24891633	     -0.58449068	      2.03137572	    -12.30737383	     29.74181254	      7.30445118	      0.51909255	     23.07450841	     15.94681941	     -7.51267410	     19.78604802	     -5.08799786	    -10.82962304	     57.29619950	     -2.23620111	      1.00000733	     13.10804961	     -7.33281495	     -7.51267410	    -24.04377265	      8.12993527	      0.68701709	     13.40001100	    -12.76877250	    -14.49264800	     33.51140737	     90.00000001	      0.00000000	      0.00000000	     -3.50992699	     -4.64976060	    -28.30100420	     38.85990653	     90.00000001	      0.00000000	      0.00000000
      2.35000000	      9.84313096	     -2.44229351	      0.93273166	      0.00947001	      0.91003303	      0.24933513	     -1.26051268	      1.98832255	    -12.42863152	     29.44562326	      7.14089737	      0.51392308	     23.32663653	     16.74442312	     -7.51209301	     20.22257475	     -4.74786157	    -11.41069711	     54.88036285	     -2.51906418	      0.95784303	     13.26315338	     -5.95194409	     -7.51209301	    -24.17994849	      7.98373003	      0.79077444	     14.10207419	    -12.85421389	    -13.69989779	     33.53985441	     90.00000001	      0.00000000	      0.00000000	     -3.62858952	     -4.59369687	    -28.53669031	     38.98837280	     90.00000001	      0.00000000	      0.00000000
      2.36000000	      9.55526936	     -2.54112666	      0.86781505	      0.01567609	      0.90933859	      0.24977358	     -1.41695270	      2.25769140	    -12.41038080	     29.34390688	      6.90870736	      0.51214779	     23.49381182	     16.79683793	     -7.51189818	     21.18994927	     -4.67126008	    -11.29542900	     52.77143585	     -2.34164789	      0.92103531	     13.18351769	     -5.40283762	     -7.51189818	    -23.97822787	      8.09280294	      0.95452340	     14.72088968	    -12.88863401	    -13.45826918	     33.70594733	     90.00000001	      0.00000000	      0.00000000	     -3.72011030	     -4.57392876	    -28.49897075	     39.04263503	     90.00000001	      0.00000000	      0.00000000
      2.37000000	      9.87762204	     -2.32195011	      0.79037592	      0.02265112	      0.90991061	      0.24987113	     -2.59980703	      1.91667741	    -12.84314085	     28.86986514	      6.95779852	      0.50387420	     23.94671670	     18.09440016	     -7.51123415	     21.07618901	     -4.24837106	    -12.29784070	     50.08195051	     -2.81515882	      0.87409493	     13.42008395	     -3.40450558	     -7.51123415	    -24.37582587	      7.86321576	      0.92508231	     15.43767702	    -12.95913239	    -12.56074071	     33.62432752	     90.00000001	      0.00000000	      0.00000000	     -3.80673127	     -4.54046536	    -28.70980528	     39.01557825	     90.00000001	      0.00000000	      0.00000000
      2.38000000	      9.84316746	     -2.30009218	      0.81825060	      0.02919663	      0.90966766	      0.24997000	     -3.28789859	      1.88905649	    -13.05427726	     28.48912152	      7.01078574	      0.49722897	     24.32585857	     18.41367388	     -7.51093789	     21.51426372	     -4.01374892	    -12.40128011	     47.70053921	     -2.75217984	      0.83253146	     13.39548821	     -2.48521568	     -7.51093789	    -24.40171951	      7.87042988	      0.89614996	     16.08674310	    -12.92729253	    -12.15260523	     33.62749346	     90.00000001	      0.00000000	      0.00000000	     -3.85341746	     -4.57052436	    -28.71030988	     38.84398229	     90.00000001	      0.00000000	      0.00000000
      2.39000000	      9.96957132	     -2.20080179	      0.85041959	      0.03605197	      0.90967621	      0.24984728	     -4.28118065	      1.66893951	    -13.34099768	     27.95643509	      7.22325936	      0.48793184	     24.52621443	     19.28909065	     -7.51055152	     21.66313026	     -3.64920133	    -13.09775514	     45.20751220	     -3.15465425	      0.78901993	     13.49853571	     -0.95196107	     -7.51055152	    -24.58082465	      7.80374548	      0.84163354	     16.63396855	    -12.93841551	    -11.56927787	     33.75848008	     90.00000001	      0.00000000	      0.00000000	     -3.93096392	     -4.55000019	    -28.80730977	     38.76803455	     90.00000001	      0.00000000	      0.00000000
      2.40000000	      9.66464550	     -2.33191900	      0.95654056	      0.04252944	      0.90866128	      0.24971608	     -4.58271575	      1.84290887	    -13.42461947	     27.70222700	      7.24842608	      0.48349507	     24.67504777	     19.45932736	     -7.51038312	     22.50366656	     -3.56539493	    -13.18973635	     43.14906621	     -3.18014464	      0.75309327	     13.48375619	     -0.27181768	     -7.51038312	    -24.29411648	      8.01738176	      0.83162136	     17.07101441	    -12.93737475	    -11.32844006	     34.01262042	     90.00000001	      0.00000000	      0.00000000	     -4.03041747	     -4.50433581	    -28.76923041	     38.68930519	     90.00000001	      0.00000000	      0.00000000
      2.41000000	     10.14681432	     -2.02781675	      0.97888610	      0.04995794	      0.90922603	      0.24924648	     -6.18733530	      1.21108942	    -13.93688252	     26.98006171	      7.71356717	      0.47089091	     24.93728952	     21.00866300	     -7.50986312	     22.01084166	     -3.02562396	    -14.79907855	     40.48539782	     -3.93298256	      0.70660349	     13.97017394	      2.85760430	     -7.50986312	    -24.80876438	      7.74799975	      0.65649345	     17.51767010	    -12.98665287	    -10.40927392	     34.23699622	     90.00000001	      0.00000000	      0.00000000	     -4.10183197	     -4.48436263	    -28.96018450	     38.51441636	     90.00000001	      0.00000000	      0.00000000
      2.42000000	     10.20662967	     -1.96233752	      1.09256267	      0.05696066	      0.90877518	      0.24880608	     -7.07753877	      1.01244140	    -14.22446292	     26.56890853	      7.96378849	      0.46371493	     25.30964313	     21.68016908	     -7.50917684	     22.20339861	     -2.76621720	    -15.63044863	     38.31401563	     -4.21639687	      0.66870572	     14.35256238	      5.16259033	     -7.50917684	    -24.87222760	      7.76097279	      0.52837991	     17.89062929	    -12.99447976	     -9.87428076	     34.50125630	     90.00000001	      0.00000000	      0.00000000	     -4.14525310	     -4.47698222	    -28.97738159	     38.21716866	     90.00000001	      0.00000000	      0.00000000
      2.43000000	     10.28398155	     -1.86506744	      1.24167416	      0.06392259	      0.90833380	      0.24818549	     -8.02302996	      0.77156369	    -14.27004642	     26.07456262	      8.36962097	      0.45508697	     25.56266564	     21.88757237	     -7.50888484	     22.31865039	     -2.41643176	    -16.14961494	     36.20802904	     -4.30258193	      0.63194932	     14.39787757	      6.44352132	     -7.50888484	    -24.96069741	      7.75978718	      0.35820817	     18.25407923	    -12.97567251	     -9.47215854	     34.77437662	     90.00000001	      0.00000000	      0.00000000	     -4.15184533	     -4.45900128	    -29.02370628	     37.88401819	     90.00000001	      0.00000000	      0.00000000
      2.44000000	     10.36354639	     -1.76777215	      1.37601602	      0.07094766	      0.90778590	      0.24753474	     -8.92625524	      0.56350967	    -14.24492427	     25.63990223	      8.70895860	      0.44750071	     25.86346079	     22.09399830	     -7.50861918	     22.42975470	     -2.08909037	    -16.86692672	     34.26316497	     -4.45959535	      0.59800504	     14.52566148	      8.22519575	     -7.50861918	    -25.05509064	      7.75345154	      0.19435955	     18.55012708	    -12.96723704	     -9.00446051	     35.10971256	     90.00000001	      0.00000000	      0.00000000	     -4.15989842	     -4.42587712	    -29.09608631	     37.52710918	     90.00000001	      0.00000000	      0.00000000
      2.45000000	     10.29145161	     -1.77416149	      1.51842345	      0.07792368	      0.90680124	      0.24690200	     -9.53967202	      0.55944621	    -14.09009330	     25.35427707	      8.89412418	      0.44251561	     26.13868639	     22.13812791	     -7.50843010	     22.78946862	     -1.86230838	    -17.40557887	     32.63356613	     -4.58116190	      0.56956318	     14.60017398	      9.65136382	     -7.50843010	    -24.96787043	      7.84776931	      0.06249007	     18.78878936	    -12.96675295	     -8.65028818	     35.46760015	     90.00000001	      0.00000000	      0.00000000	     -4.20766075	     -4.37957140	    -29.13402934	     37.21162032	     90.00000001	      0.00000000	      0.00000000
      2.46000000	     10.48096106	     -1.64182718	      1.53251619	      0.08528055	      0.90625025	      0.24625234	    -10.53310044	      0.29981078	    -13.81341027	     24.96623208	      9.24688450	      0.43574295	     26.21625582	     22.15959886	     -7.50806796	     22.79697420	     -1.60598277	    -18.93655535	     31.13843815	     -4.98339999	      0.54346827	     14.93078083	     12.61656396	     -7.50806796	    -25.17235808	      7.77264073	     -0.00575758	     18.94966386	    -13.02314023	     -7.99073021	     35.92661015	     90.00000001	      0.00000000	      0.00000000	     -4.26616459	     -4.30599169	    -29.30943768	     36.98249219	     90.00000001	      0.00000000	      0.00000000
      2.47000000	     10.36385654	     -1.70401439	      1.73727587	      0.09221932	      0.90495945	      0.24551179	    -11.00112414	      0.43589465	    -13.56411982	     24.80476097	      9.31549075	      0.43292475	     26.70542732	     21.95969607	     -7.50791460	     23.26499235	     -1.44043277	    -19.14418140	     30.05907930	     -4.90539355	      0.52462990	     14.86343755	     13.61437317	     -7.50791460	    -25.04386285	      7.94999711	     -0.14307234	     19.11913071	    -13.00348342	     -7.75947647	     36.27862773	     90.00000001	      0.00000000	      0.00000000	     -4.23056077	     -4.27974921	    -29.30475143	     36.52176257	     90.00000001	      0.00000000	      0.00000000
      2.48000000	     10.20876433	     -1.82268399	      1.89885608	      0.09924453	      0.90337988	      0.24477138	    -11.29725972	      0.56157793	    -13.45447021	     24.93951045	      9.37619187	      0.43527657	     26.71383739	     21.79848841	     -7.50784293	     23.90412247	     -1.49130684	    -19.45008778	     29.57212588	     -4.65822510	      0.51613096	     14.82409687	     13.72106365	     -7.50784293	    -24.87299204	      8.17796855	     -0.27962849	     19.31478788	    -12.95032223	     -7.68547663	     36.58441608	     90.00000001	      0.00000000	      0.00000000	     -4.38265248	     -4.19780172	    -29.26705837	     36.41600535	     90.00000001	      0.00000000	      0.00000000
      2.49000000	     10.49642894	     -1.70042017	      1.84489568	      0.10694388	      0.90284205	      0.24423448	    -12.47606010	      0.45174310	    -12.54535523	     24.30365552	      9.73092056	      0.42417881	     27.04933030	     20.98177192	     -7.50752127	     23.72198979	     -1.19698192	    -21.15024187	     28.57742563	     -5.29242235	      0.49877017	     15.08061216	     17.69608074	     -7.50752127	    -25.15681179	      8.05420930	     -0.23766557	     19.25416773	    -13.08941708	     -6.81690540	     37.21005343	     90.00000001	      0.00000000	      0.00000000	     -4.28404721	     -4.12643865	    -29.65765933	     35.82126168	     90.00000001	      0.00000000	      0.00000000
      2.50000000	     10.47175664	     -1.81970509	      1.93110788	      0.11434312	      0.90146308	      0.24363161	    -13.05846108	      0.68705765	    -11.95030724	     24.09969766	      9.79190686	      0.42061907	     27.31362476	     20.32678239	     -7.50718336	     24.11950838	     -1.20388182	    -21.81173185	     28.34940249	     -5.40868956	      0.49479041	     15.16557702	     19.14571693	     -7.50718336	    -25.10793150	      8.22886316	     -0.24012393	     19.26751089	    -13.11214280	     -6.54497304	     37.63039726	     90.00000001	      0.00000000	      0.00000000	     -4.28841442	     -4.06189589	    -29.75596666	     35.39470535	     90.00000001	      0.00000000	      0.00000000
      2.51000000	     10.42236620	     -1.87318932	      2.04375304	      0.12177911	      0.89993591	      0.24292343	    -13.49461573	      0.79131950	    -11.78468589	     24.22243061	      9.74307319	      0.42276117	     27.39758468	     20.30631857	     -7.50717128	     24.45291963	     -1.07209800	    -21.92006152	     28.26905517	     -5.31827602	      0.49338809	     15.14478162	     19.20613594	     -7.50717128	    -25.01316151	      8.32798598	     -0.30027947	     19.34205962	    -13.05564529	     -6.52236982	     37.75455565	     90.00000001	      0.00000000	      0.00000000	     -4.40861809	     -3.99610387	    -29.76097150	     35.24043748	     90.00000001	      0.00000000	      0.00000000
      2.52000000	     10.40990783	     -1.95391897	      2.19785633	      0.12943903	      0.89843460	      0.24211942	    -14.15790092	      0.97281319	    -11.32467476	     23.96497967	      9.85283898	      0.41826780	     28.10017802	     19.81855861	     -7.50707430	     24.79394067	     -0.88862965	    -22.39323492	     28.40797922	     -5.66480978	      0.49581277	     15.03739548	     20.07779033	     -7.50707430	    -24.94260916	      8.47610353	     -0.35691269	     19.17969003	    -13.07993947	     -6.31709161	     38.34301750	     90.00000001	      0.00000000	      0.00000000	     -4.30479562	     -3.97307177	    -29.86922019	     34.51234951	     90.00000001	      0.00000000	      0.00000000
      2.53000000	     10.52776568	     -2.11637934	      2.12165042	      0.13733402	      0.89721809	      0.24185135	    -14.98464324	      1.29304956	    -10.30033666	     23.56905080	      9.93497322	      0.41135754	     27.96530143	     18.66002014	     -7.50677580	     24.88754876	     -1.09377244	    -23.41327213	     28.74822096	     -5.91996179	      0.50175111	     15.40397132	     22.08098760	     -7.50677580	    -25.03517264	      8.60700106	     -0.19038030	     19.05154435	    -13.14319241	     -5.88990853	     38.76116903	     90.00000001	      0.00000000	      0.00000000	     -4.30928287	     -3.88108514	    -30.23004555	     34.14204060	     90.00000001	      0.00000000	      0.00000000
      2.54000000	     10.46001129	     -2.15997876	      2.14572289	      0.14521625	      0.89561841	      0.24123045	    -15.40548939	      1.35488053	    -10.15154253	     23.74226965	      9.87314396	      0.41438078	     27.95630041	     18.62155422	     -7.50675558	     24.96657372	     -0.91041146	    -23.36577842	     28.87586240	     -5.90749896	      0.50397887	     15.36800384	     22.05176114	     -7.50675558	    -24.88361896	      8.63790466	     -0.15314598	     18.98128810	    -13.08610306	     -5.87947169	     38.80224053	     90.00000001	      0.00000000	      0.00000000	     -4.47586104	     -3.81635541	    -30.22898546	     34.04708454	     90.00000001	      0.00000000	      0.00000000
      2.55000000	     10.62624462	     -2.13854675	      2.27168110	      0.15337123	      0.89428406	      0.24044698	    -16.29326950	      1.38635530	    -10.03534220	     23.59117276	      9.89198720	      0.41174364	     28.38989446	     18.39990255	     -7.50671200	     24.97672416	     -0.64683937	    -23.72409175	     29.56427000	     -6.30106712	      0.51599385	     15.39454326	     22.10722254	     -7.50671200	    -24.97519869	      8.62752726	     -0.27126538	     18.83532197	    -12.99096219	     -5.86039251	     39.08366622	     90.00000001	      0.00000000	      0.00000000	     -4.45725203	     -3.87156991	    -30.31134964	     33.46694383	     90.00000001	      0.00000000	      0.00000000
      2.56000000	     10.69161573	     -2.17002342	      2.28569519	      0.16173996	      0.89287849	      0.23990177	    -17.04447542	      1.46340034	     -9.80316444	     23.46003694	      9.87380546	      0.40945489	     28.56735687	     18.22040227	     -7.50665544	     24.91381870	     -0.50959314	    -23.98358338	     30.13691295	     -6.53653551	      0.52598836	     15.41954323	     22.20753345	     -7.50665544	    -24.93029616	      8.61374407	     -0.20139673	     18.55594009	    -12.95139632	     -5.85357033	     39.31207738	     90.00000001	      0.00000000	      0.00000000	     -4.49142833	     -3.86185556	    -30.43427728	     33.01757408	     90.00000001	      0.00000000	      0.00000000
      2.57000000	     10.62564788	     -2.20793522	      2.23561814	      0.17014451	      0.89136989	      0.23938950	    -17.50346615	      1.51579181	     -9.63422933	     23.61964979	      9.79071934	      0.41224066	     28.54331678	     18.18549453	     -7.50663696	     24.77430910	     -0.30749909	    -23.86153055	     30.40409582	     -6.63047169	      0.53065158	     15.37235170	     22.19623149	     -7.50663696	    -24.73521135	      8.58261164	     -0.12283999	     18.30435308	    -12.87740912	     -5.84612352	     39.28822541	     90.00000001	      0.00000000	      0.00000000	     -4.70437439	     -3.80590126	    -30.46303642	     32.88072461	     90.00000001	      0.00000000	      0.00000000
      2.58000000	     10.84051591	     -2.15223487	      2.26585902	      0.17882176	      0.89033481	      0.23886471	    -18.54155547	      1.52346658	     -9.57460038	     23.29281351	      9.70508620	      0.40653629	     28.65839638	     18.00027257	     -7.50655857	     24.54393737	     -0.13797413	    -24.26814390	     31.29930831	     -7.00492679	      0.54627598	     15.31506802	     22.04577342	     -7.50655857	    -24.84276619	      8.44022045	     -0.05869738	     17.92827793	    -12.80838694	     -5.93598869	     39.53854857	     90.00000001	      0.00000000	      0.00000000	     -4.58355249	     -3.88737819	    -30.69942385	     32.22862694	     90.00000001	      0.00000000	      0.00000000
      2.59000000	     10.89633284	     -2.09183252	      2.24190272	      0.18745513	      0.88918441	      0.23834774	    -19.19800810	      1.48718485	     -9.52078095	     23.37164022	      9.56649183	      0.40791207	     28.63341486	     17.91936374	     -7.50652566	     24.27765092	      0.13068466	    -24.21079345	     31.83696721	     -7.21010170	      0.55565990	     15.20587026	     21.94241525	     -7.50652566	    -24.76653820	      8.26877283	      0.00296244	     17.59774181	    -12.69811430	     -5.96996899	     39.48573877	     90.00000001	      0.00000000	      0.00000000	     -4.66287090	     -3.91774954	    -30.78266858	     31.98860477	     90.00000001	      0.00000000	      0.00000000
      2.60000000	     11.04401316	     -1.97313304	      2.23790918	      0.19643247	      0.88836765	      0.23771218	    -20.08736403	      1.38303116	     -9.67260873	     23.23879583	      9.41568583	      0.40559350	     28.47873196	     17.87957908	     -7.50642812	     23.89408139	      0.40951643	    -24.45135786	     32.44574137	     -7.52358550	      0.56628502	     14.86500980	     21.43505958	     -7.50642812	    -24.74660103	      8.04736454	      0.04109298	     17.18453733	    -12.54647072	     -6.23342678	     39.48269382	     90.00000001	      0.00000000	      0.00000000	     -4.63984020	     -3.95494018	    -31.04448949	     31.43881744	     90.00000001	      0.00000000	      0.00000000
      2.61000000	     11.11099117	     -1.82672905	      2.22446412	      0.20534505	      0.88756085	      0.23716365	    -20.73691440	      1.26173004	     -9.72808456	     23.39152436	      9.22898246	      0.40825912	     28.39576219	     17.81745481	     -7.50639766	     23.57765332	      0.74024622	    -24.36662242	     33.02085107	     -7.76392385	      0.57632257	     14.66985306	     21.23336262	     -7.50639766	    -24.65290249	      7.76521214	      0.06605436	     16.76030824	    -12.40932975	     -6.32196719	     39.30518055	     90.00000001	      0.00000000	      0.00000000	     -4.74014892	     -4.01957028	    -31.13813162	     31.20475805	     90.00000001	      0.00000000	      0.00000000
      2.62000000	     11.23632751	     -1.57930020	      2.25673268	      0.21447080	      0.88706192	      0.23637756	    -21.46692235	      0.98621673	    -10.16944329	     23.58057377	      9.01502448	      0.41155865	     28.08872581	     17.75386811	     -7.50631662	     23.23303344	      1.18036667	    -24.47069288	     33.67366868	     -8.13785577	      0.58771639	     14.14081530	     20.40714809	     -7.50631662	    -24.58026120	      7.39412253	      0.00381830	     16.31101845	    -12.16026906	     -6.68181922	     39.07260607	     90.00000001	      0.00000000	      0.00000000	     -4.73181731	     -4.07634441	    -31.32624445	     30.72937006	     90.00000001	      0.00000000	      0.00000000
      2.63000000	     11.31009266	     -1.34665449	      2.25377034	      0.22354399	      0.88666080	      0.23565954	    -22.04579381	      0.78827474	    -10.24604040	     23.86261730	      8.76500553	      0.41648124	     27.88188293	     17.68919129	     -7.50628217	     22.95139815	      1.63321967	    -24.21915648	     34.33639305	     -8.44132028	      0.59928311	     13.87341390	     20.02374987	     -7.50628217	    -24.47179717	      7.01234806	     -0.00183148	     15.82030437	    -12.01463001	     -6.85361788	     38.79326291	     90.00000001	      0.00000000	      0.00000000	     -4.80975901	     -4.17179600	    -31.42382523	     30.50616084	     90.00000001	      0.00000000	      0.00000000
      2.64000000	     11.29384450	     -1.00788456	      2.36282261	      0.23262217	      0.88631674	      0.23455022	    -22.36444409	      0.38434213	    -10.87038585	     24.56785369	      8.49881679	      0.42878994	     27.20115336	     17.48947649	     -7.50615311	     22.82958343	      2.35694908	    -23.58851589	     35.05322513	     -8.74196516	      0.61179419	     13.11719126	     18.07579232	     -7.50615311	    -24.22419932	      6.56985373	     -0.15510677	     15.36282285	    -11.68415900	     -7.59629972	     38.32074114	     90.00000001	      0.00000000	      0.00000000	     -4.77857078	     -4.25056524	    -31.67633649	     30.04109611	     90.00000001	      0.00000000	      0.00000000
      2.65000000	     11.38157462	     -0.76430963	      2.38946357	      0.24186603	      0.88635716	      0.23371728	    -22.86345111	      0.17923060	    -10.87959289	     24.98749013	      8.26912850	      0.43611397	     26.94376983	     17.34287059	     -7.50612116	     22.56446832	      2.80604834	    -23.08609712	     35.82449501	     -8.93389505	      0.62525539	     12.96825319	     17.62318255	     -7.50612116	    -24.10256002	      6.17528633	     -0.19807006	     14.79260586	    -11.52813516	     -7.74146128	     37.98023718	     90.00000001	      0.00000000	      0.00000000	     -4.87682458	     -4.32824056	    -31.74859803	     29.88972868	     90.00000001	      0.00000000	      0.00000000
      2.66000000	     11.11774765	     -0.49873218	      2.67804049	      0.25059269	      0.88595331	      0.23230192	    -22.61224851	     -0.13457355	    -11.41241491	     26.19718331	      8.08062468	      0.45722710	     26.15373869	     16.54771358	     -7.50581233	     22.71135735	      3.58761638	    -20.86796133	     36.70586069	     -8.42870453	      0.64063812	     12.09926515	     13.18964610	     -7.50581233	    -23.59778745	      5.84943653	     -0.48128135	     14.35579438	    -11.11633613	     -8.81730992	     37.34494070	     90.00000001	      0.00000000	      0.00000000	     -4.85261145	     -4.37373743	    -32.06187669	     29.55806154	     90.00000001	      0.00000000	      0.00000000
      2.67000000	     11.24909656	     -0.25837861	      2.72261146	      0.25994511	      0.88652276	      0.23133350	    -23.03749418	     -0.33234365	    -11.28902663	     26.75544482	      7.84750676	      0.46697060	     25.63047841	     16.37189377	     -7.50579029	     22.29234491	      4.00490989	    -20.39231725	     37.36389438	     -8.53742741	      0.65212298	     12.10921615	     13.07051231	     -7.50579029	    -23.50834961	      5.46782991	     -0.51864523	     13.71365655	    -10.99141238	     -8.87343662	     36.96116542	     90.00000001	      0.00000000	      0.00000000	     -4.93132889	     -4.43314450	    -32.09303009	     29.45493289	     90.00000001	      0.00000000	      0.00000000
      2.68000000	     11.05579078	      0.11986755	      2.94743585	      0.26886932	      0.88671786	      0.22985528	    -22.64092106	     -0.94224795	    -11.71785137	     28.41736543	      7.87896639	      0.49597659	     23.95114094	     14.69552139	     -7.50555767	     22.04242519	      4.71881604	    -18.79477047	     37.79653708	     -7.89402994	      0.65967402	     11.80273737	     10.30476471	     -7.50555767	    -23.06608167	      4.99806662	     -0.80610510	     13.21954993	    -10.63538552	     -9.72541880	     36.20944325	     90.00000001	      0.00000000	      0.00000000	     -4.96455037	     -4.52092103	    -32.22686099	     29.24850458	     90.00000001	      0.00000000	      0.00000000
      2.69000000	     11.14519090	      0.43994884	      2.98581056	      0.27812100	      0.88766168	      0.22856797	    -22.65811229	     -1.47940942	    -11.84795469	     29.69514766	      7.81555270	      0.51827810	     22.40029262	     13.87397766	     -7.50543311	     21.31012436	      5.18491740	    -18.04626721	     38.00221048	     -7.52782210	      0.66326370	     12.05574085	      9.63495324	     -7.50543311	    -22.92844744	      4.57381754	     -0.94157226	     12.66946311	    -10.44191404	    -10.06084664	     35.66518489	     90.00000001	      0.00000000	      0.00000000	     -5.07175205	     -4.51562420	    -32.28379901	     29.14034113	     90.00000001	      0.00000000	      0.00000000
      2.70000000	     11.28260051	      0.76156328	      2.96072996	      0.28734724	      0.88892859	      0.22757065	    -22.61338738	     -2.03907745	    -11.88729328	     31.09852728	      7.74573886	      0.54277169	     20.74825744	     13.30774553	     -7.50538217	     20.34625070	      5.44329335	    -17.59858500	     37.99106691	     -6.93816102	      0.66306920	     12.48845699	      9.46704177	     -7.50538217	    -22.86277584	      4.09023584	     -0.96719902	     12.04662548	    -10.25246620	    -10.28506688	     35.11325893	     90.00000001	      0.00000000	      0.00000000	     -5.13376918	     -4.55971227	    -32.32706874	     29.13258720	     90.00000001	      0.00000000	      0.00000000
      2.71000000	     11.47605005	      1.12532997	      2.95828879	      0.29634315	      0.89043647	      0.22637372	    -22.43247886	     -2.71387822	    -11.94847802	     32.81820303	      7.70554143	      0.57278570	     18.78405991	     12.63134047	     -7.50533949	     19.21700197	      5.80129302	    -17.21104990	     37.79480380	     -6.43120560	      0.65964377	     12.98904692	      9.41939315	     -7.50533949	    -22.90577384	      3.59365915	     -1.07453646	     11.50793145	    -10.11929685	    -10.58011403	     34.55509650	     90.00000001	      0.00000000	      0.00000000	     -5.18257632	     -4.60212352	    -32.36882763	     29.16760440	     90.00000001	      0.00000000	      0.00000000
      2.72000000	     11.47225881	      1.70782382	      2.90481892	      0.30557619	      0.89179310	      0.22509687	    -21.91039239	     -3.82697916	    -12.27238658	     34.87312268	      7.74280457	      0.60865081	     16.13425428	     11.34013030	     -7.50526130	     18.08687982	      6.51603383	    -17.06362740	     37.10528011	     -6.10681267	      0.64760931	     13.51345725	      9.41660318	     -7.50526130	    -22.65957119	      2.83283862	     -1.19852296	     10.88155687	     -9.81314437	    -11.16188759	     33.84252876	     90.00000001	      0.00000000	      0.00000000	     -5.30331101	     -4.62612066	    -32.42834988	     29.26392524	     90.00000001	      0.00000000	      0.00000000
      2.73000000	     11.65887447	      2.10419025	      2.77778927	      0.31445534	      0.89355338	      0.22405648	    -21.44234552	     -4.69817213	    -12.23477913	     36.92709920	      7.72244884	      0.64449946	     13.65949346	     10.55782033	     -7.50520180	     16.77142890	      6.84878979	    -17.02178670	     36.53840950	     -5.60814155	      0.63771555	     14.01888434	      9.64920052	     -7.50520180	    -22.72032160	      2.27945069	     -1.22239572	     10.33383567	     -9.62458529	    -11.60698031	     33.25687336	     90.00000001	      0.00000000	      0.00000000	     -5.36341370	     -4.64822447	    -32.46721140	     29.42045675	     90.00000001	      0.00000000	      0.00000000
      2.74000000	     11.79124528	      2.65518007	      2.70625535	      0.32322258	      0.89518893	      0.22261499	    -20.76428523	     -5.87968062	    -12.26466439	     39.29954509	      7.84569219	      0.68590646	     10.76069090	      9.17261330	     -7.50509090	     15.51841036	      7.62235949	    -17.25758119	     35.77060046	     -5.67854963	      0.62431475	     14.44722560	     10.20814371	     -7.50509090	    -22.72318378	      1.60795361	     -1.41686640	      9.86783749	     -9.37289263	    -12.36368052	     32.64707939	     90.00000001	      0.00000000	      0.00000000	     -5.45645917	     -4.65714757	    -32.48348638	     29.60778953	     90.00000001	      0.00000000	      0.00000000
      2.75000000	     11.96859846	      2.92047138	      2.49901101	      0.33171009	      0.89695696	      0.22196031	    -19.92330358	     -6.56787993	    -11.92020687	     41.61609282	      7.64105928	      0.72633784	      8.04421452	      8.68494403	     -7.50503485	     14.21876893	      7.74426857	    -17.37383882	     35.14365397	     -5.18118224	      0.61337247	     15.02641528	     10.66643079	     -7.50503485	    -22.82969093	      1.13961709	     -1.33578240	      9.33885630	     -9.20568468	    -12.69146427	     32.13575167	     90.00000001	      0.00000000	      0.00000000	     -5.46871684	     -4.66278859	    -32.49368806	     29.88978783	     90.00000001	      0.00000000	      0.00000000
      2.76000000	     12.00786391	      3.35360858	      2.36623363	      0.34010770	      0.89830155	      0.22082811	    -18.76410587	     -7.58870288	    -11.70257745	     44.25628431	      7.55198715	      0.77241788	      5.01236636	      7.63799017	     -7.50495839	     13.15068316	      8.31451373	    -17.77975602	     34.44586867	     -5.24473252	      0.60119382	     15.52670967	     11.40047512	     -7.50495839	    -22.77313293	      0.56177319	     -1.47729518	      8.85609852	     -9.03745195	    -13.17272144	     31.63575728	     90.00000001	      0.00000000	      0.00000000	     -5.57099045	     -4.69387896	    -32.48660385	     30.18419843	     90.00000001	      0.00000000	      0.00000000
      2.77000000	     12.03009414	      3.70091794	      2.13029301	      0.34809699	      0.89951914	      0.22001836	    -17.33973897	     -8.47337123	    -10.71456614	     47.05605793	      7.73617765	      0.82128314	      2.09476946	      5.67785954	     -7.50474903	     12.16589466	      8.74272707	    -18.55110646	     33.73609256	     -5.44643919	      0.58880589	     15.91745479	     12.71181628	     -7.50474903	    -22.77205011	      0.02713008	     -1.48902156	      8.44763099	     -8.79601588	    -13.95130669	     31.12915235	     90.00000001	      0.00000000	      0.00000000	     -5.60274438	     -4.71580048	    -32.36362371	     30.53468340	     90.00000001	      0.00000000	      0.00000000
      2.78000000	     11.98651815	      3.90649787	      1.93420949	      0.35586722	      0.90047035	      0.21932454	    -15.67551737	     -9.05667249	     -9.89339729	     49.85096550	      7.52629106	      0.87006348	     -0.61758226	      4.74543507	     -7.50461156	     11.34075070	      8.89819290	    -19.08633152	     33.26610169	     -5.34596859	      0.58060300	     16.53072591	     13.44079195	     -7.50461156	    -22.71846349	     -0.35417867	     -1.50724351	      7.99380036	     -8.67725419	    -14.22998638	     30.74499891	     90.00000001	      0.00000000	      0.00000000	     -5.62794132	     -4.74489694	    -32.28009696	     30.90558056	     90.00000001	      0.00000000	      0.00000000
      2.79000000	     11.88495690	      3.99128861	      1.61685428	      0.36334082	      0.90118748	      0.21898972	    -13.74882562	     -9.40428524	     -8.03448206	     52.68159231	      7.86115030	      0.91946724	     -3.16758033	      2.12390888	     -7.50430783	     10.68606565	      8.83029200	    -20.16171246	     32.88551168	     -5.42392005	      0.57396046	     17.09843247	     15.15397114	     -7.50430783	    -22.64081500	     -0.64026673	     -1.39177342	      7.62319304	     -8.53900847	    -14.86934584	     30.38413454	     90.00000001	      0.00000000	      0.00000000	     -5.62938366	     -4.76724467	    -32.13568622	     31.29236684	     90.00000001	      0.00000000	      0.00000000
      2.80000000	     11.67349951	      4.10478909	      1.33833452	      0.37062751	      0.90150569	      0.21852195	    -11.54056856	     -9.74289572	     -6.60094173	     55.62332754	      7.82699022	      0.97081021	     -5.12949844	      0.57066359	     -7.50408559	     10.20225407	      8.84517857	    -20.96923297	     32.57922220	     -5.41547373	      0.56861470	     17.57495642	     16.20611734	     -7.50408559	    -22.45224283	     -0.94369532	     -1.36223319	      7.21084787	     -8.46809922	    -15.13080919	     30.09488894	     90.00000001	      0.00000000	      0.00000000	     -5.66147242	     -4.79626777	    -31.99822652	     31.69202295	     90.00000001	      0.00000000	      0.00000000
      2.81000000	     11.42567237	      4.12041851	      1.11986855	      0.37753951	      0.90165394	      0.21824101	     -9.20059174	     -9.80708972	     -4.93119449	     58.50051844	      7.94362966	      1.02102666	     -6.68993576	     -1.35236539	     -7.50386529	      9.87115502	      8.71969193	    -21.86290901	     32.41224788	     -5.47476744	      0.56570044	     18.10447972	     17.36817638	     -7.50386529	    -22.28793871	     -1.14175970	     -1.33866881	      6.84058148	     -8.37077856	    -15.41841919	     29.87259030	     90.00000001	      0.00000000	      0.00000000	     -5.59348420	     -4.88863252	    -31.79740415	     32.11111263	     90.00000001	      0.00000000	      0.00000000
      2.82000000	     11.15635580	      4.15116553	      0.93182277	      0.38442050	      0.90162219	      0.21785823	     -6.78741521	     -9.83455800	     -3.68542005	     61.29566421	      7.73267664	      1.06981116	     -7.67795321	     -2.79517401	     -7.50371372	      9.58686058	      8.65676922	    -22.57560330	     32.28388998	     -5.51846265	      0.56346018	     18.65727856	     18.16513440	     -7.50371372	    -22.09541119	     -1.34015763	     -1.37742005	      6.44522332	     -8.29991989	    -15.59888413	     29.68626028	     90.00000001	      0.00000000	      0.00000000	     -5.56060793	     -4.99247210	    -31.59572787	     32.50945063	     90.00000001	      0.00000000	      0.00000000
      2.83000000	     10.89327263	      4.05317769	      0.65308045	      0.39105413	      0.90155014	      0.21776898	     -4.29638373	     -9.62109495	     -1.99336682	     63.97107847	      7.84645219	      1.11650595	     -8.25852361	     -4.99361937	     -7.50351845	      9.34998442	      8.33937444	    -23.39643456	     32.29011704	     -5.46323361	      0.56356886	     19.20322397	     19.24476902	     -7.50351845	    -21.94624797	     -1.41642763	     -1.31341432	      6.11380579	     -8.25651389	    -15.89558237	     29.56564009	     90.00000001	      0.00000000	      0.00000000	     -5.49069413	     -5.09998175	    -31.25721235	     32.88794518	     90.00000001	      0.00000000	      0.00000000
      2.84000000	     10.86056225	      3.97871643	      0.52264085	      0.39784196	      0.90198549	      0.21754025	     -2.22851300	     -9.28361072	     -1.55720881	     66.23698041	      6.93748021	      1.15605339	     -7.89705377	     -5.79561037	     -7.50344804	      8.67944821	      8.14461394	    -23.61696354	     32.03178846	     -5.18555899	      0.55906017	     19.67161001	     19.44444184	     -7.50344804	    -22.05078708	     -1.49047441	     -1.37956966	      5.73539596	     -8.21786269	    -15.93960802	     29.47536372	     90.00000001	      0.00000000	      0.00000000	     -5.32867162	     -5.25725590	    -31.09590856	     33.25876058	     90.00000001	      0.00000000	      0.00000000
      2.85000000	     10.47495621	      3.94717993	      0.32437103	      0.40417938	      0.90153864	      0.21722049	      0.43581413	     -9.14805584	     -0.15844213	     68.66777247	      7.10813616	      1.19847872	     -7.58040853	     -8.16270170	     -7.50328212	      8.73105400	      8.04272004	    -24.33925157	     32.17845925	     -5.38714078	      0.56162006	     20.23177347	     20.41775479	     -7.50328212	    -21.79554273	     -1.58744911	     -1.44110056	      5.42240846	     -8.15463427	    -16.25787000	     29.43990440	     90.00000001	      0.00000000	      0.00000000	     -5.26794450	     -5.44280369	    -30.52674864	     33.58898430	     90.00000001	      0.00000000	      0.00000000
      2.86000000	     10.53399983	      3.82217511	      0.22765572	      0.41081505	      0.90218793	      0.21693600	      2.33517410	     -8.73148016	     -0.03937775	     70.43671648	      6.16765551	      1.22935262	     -6.41371767	     -9.06824408	     -7.50322580	      7.94193402	      7.84606756	    -24.34490447	     31.87538542	     -5.10590243	      0.55633043	     20.61796022	     20.51458862	     -7.50322580	    -22.02527452	     -1.57494301	     -1.56873392	      5.10156667	     -8.14069446	    -16.29990408	     29.42346239	     90.00000001	      0.00000000	      0.00000000	     -5.05237176	     -5.62797149	    -30.33597917	     33.87290393	     90.00000001	      0.00000000	      0.00000000
      2.87000000	     10.52177800	      3.75036167	      0.17141851	      0.41731259	      0.90268310	      0.21643598	      4.31299635	     -8.44629328	      0.05706105	     72.03257841	      5.38628465	      1.25720566	     -5.01194328	    -10.13857592	     -7.50317471	      7.30019158	      7.78017706	    -24.36305137	     31.62910246	     -4.97598585	      0.55203198	     21.01141186	     20.68710073	     -7.50317471	    -22.19242512	     -1.57412320	     -1.78136866	      4.79539608	     -8.13061049	    -16.37518763	     29.45309750	     90.00000001	      0.00000000	      0.00000000	     -4.85296155	     -5.81137035	    -30.04574315	     34.11871369	     90.00000001	      0.00000000	      0.00000000
      2.88000000	     10.27566459	      3.75730540	      0.12752619	      0.42365102	      0.90261977	      0.21581348	      6.60646178	     -8.39471088	      0.70103796	     73.57012804	      5.37293793	      1.28404097	     -3.68208328	    -11.96212552	     -7.50305110	      7.06859936	      7.85249292	    -24.66985866	     31.54031986	     -5.14975941	      0.55048243	     21.51589792	     21.35795512	     -7.50305110	    -22.08832699	     -1.64905800	     -1.95929340	      4.42274432	     -8.07433123	    -16.73631956	     29.53975886	     90.00000001	      0.00000000	      0.00000000	     -4.74844020	     -6.13788673	    -29.05788652	     34.41686461	     90.00000001	      0.00000000	      0.00000000
      2.89000000	     10.39178253	      3.63327407	      0.10562167	      0.43017933	      0.90349817	      0.21530467	      8.26573420	     -8.02022416	      0.65391864	     74.45523453	      4.66589464	      1.29948899	     -2.07287812	    -12.81209350	     -7.50299991	      6.16844459	      7.70715768	    -24.51641198	     31.15997589	     -4.85443343	      0.54384417	     21.84653176	     21.42881902	     -7.50299991	    -22.38287429	     -1.57665577	     -2.15293452	      4.11772851	     -8.07875853	    -16.80984855	     29.55942020	     90.00000001	      0.00000000	      0.00000000	     -4.46278533	     -6.34366573	    -28.76228568	     34.58992802	     90.00000001	      0.00000000	      0.00000000
      2.90000000	     10.46779769	      3.51166856	      0.15271194	      0.43661215	      0.90432835	      0.21462414	      9.90198360	     -7.66019973	      0.60798693	     75.04298714	      4.08316949	      1.30974721	     -0.56394661	    -13.48916952	     -7.50295735	      5.33218809	      7.62780359	    -24.30502974	     30.75037539	     -4.66882613	      0.53669530	     22.14243893	     21.52648852	     -7.50295735	    -22.64107957	     -1.47264107	     -2.44182249	      3.82145886	     -8.08063106	    -16.89299076	     29.63980217	     90.00000001	      0.00000000	      0.00000000	     -4.20379534	     -6.56271403	    -28.41081347	     34.74847946	     90.00000001	      0.00000000	      0.00000000
      2.91000000	     10.56110569	      3.45396180	      0.25966004	      0.44312423	      0.90518521	      0.21381450	     11.40778520	     -7.46462148	      0.51231509	     75.31885058	      3.67063459	      1.31456193	      1.02034059	    -14.20861871	     -7.50290524	      4.45983325	      7.65161112	    -24.04580526	     30.30388619	     -4.52588724	      0.52890259	     22.50415184	     21.76218085	     -7.50290524	    -22.90269479	     -1.41398400	     -2.72895520	      3.46146821	     -8.05700870	    -17.05742609	     29.75352529	     90.00000001	      0.00000000	      0.00000000	     -3.93535783	     -6.84075296	    -27.79073384	     34.89899997	     90.00000001	      0.00000000	      0.00000000
      2.92000000	     10.62555881	      3.31151827	      0.38801992	      0.44958233	      0.90604464	      0.21302444	     12.85907533	     -7.11022814	      0.45278351	     75.24574236	      3.32391936	      1.31328595	      2.26728660	    -14.55099351	     -7.50285926	      3.61719558	      7.58220276	    -23.74898116	     29.83662930	     -4.38844306	      0.52074742	     22.76685809	     21.91501250	     -7.50285926	    -23.12560973	     -1.26897616	     -3.05041277	      3.13238169	     -8.07070822	    -17.19939681	     29.86255757	     90.00000001	      0.00000000	      0.00000000	     -3.68093806	     -7.08823751	    -27.24533027	     35.04069445	     90.00000001	      0.00000000	      0.00000000
      2.93000000	     10.69039405	      3.17833353	      0.59556398	      0.45600818	      0.90688967	      0.21201238	     14.17817690	     -6.81132632	      0.36492485	     74.83418458	      3.06925322	      1.30610291	      3.36301696	    -14.76268715	     -7.50281633	      2.80597993	      7.54231078	    -23.41483731	     29.38611906	     -4.27944773	      0.51288453	     23.03338733	     22.06764673	     -7.50281633	    -23.34830507	     -1.06604575	     -3.38396278	      2.79568560	     -8.06205506	    -17.34437120	     29.97504023	     90.00000001	      0.00000000	      0.00000000	     -3.39663796	     -7.34450896	    -26.68748498	     35.16783409	     90.00000001	      0.00000000	      0.00000000
      2.94000000	     10.75906620	      3.02428324	      0.83897863	      0.46247046	      0.90774503	      0.21098178	     15.36148634	     -6.52576850	      0.20903183	     74.08359658	      2.90882308	      1.29300268	      4.31538177	    -14.82707992	     -7.50277149	      1.98702090	      7.49642471	    -23.01529575	     28.92991125	     -4.21710859	      0.50492220	     23.31262756	     22.24889500	     -7.50277149	    -23.55893219	     -0.85022342	     -3.74787255	      2.44158630	     -8.07053996	    -17.52670607	     30.10235272	     90.00000001	      0.00000000	      0.00000000	     -3.11526300	     -7.61093488	    -26.04847645	     35.27539130	     90.00000001	      0.00000000	      0.00000000
      2.95000000	     11.01651294	      2.88745358	      1.17379547	      0.46907674	      0.90897571	      0.20982841	     16.09945990	     -6.29972017	     -0.18329600	     72.88834106	      2.67826419	      1.27214154	      5.17389245	    -14.73055596	     -7.50269972	      0.89517579	      7.43181347	    -22.53831217	     28.39667303	     -4.05976588	      0.49561544	     23.68457457	     22.68084930	     -7.50269972	    -23.96250311	     -0.61284469	     -4.12565071	      2.07012263	     -8.04192903	    -17.92252744	     30.26322161	     90.00000001	      0.00000000	      0.00000000	     -2.83121765	     -7.98676798	    -24.87595741	     35.35322541	     90.00000001	      0.00000000	      0.00000000
      2.96000000	     11.09715519	      2.67010291	      1.50072527	      0.47552284	      0.90979979	      0.20870396	     16.99332212	     -6.02102604	     -0.61564298	     71.47722535	      2.52223889	      1.24751292	      5.76800094	    -14.37406492	     -7.50262632	      0.13140762	      7.31203689	    -22.13973896	     28.01161400	     -4.08317651	      0.48889489	     23.94391523	     22.94818572	     -7.50262632	    -24.18452086	     -0.29297236	     -4.48771361	      1.74520742	     -8.01588488	    -18.25217614	     30.36477209	     90.00000001	      0.00000000	      0.00000000	     -2.55047742	     -8.25420998	    -24.03987796	     35.46756574	     90.00000001	      0.00000000	      0.00000000
      2.97000000	     10.95195188	      2.46593088	      1.83081306	      0.48187022	      0.91008830	      0.20751715	     18.11443089	     -5.78620395	     -0.81287030	     69.92787139	      2.60160367	      1.22047159	      6.14282932	    -13.89466402	     -7.50258075	     -0.27038535	      7.26924595	    -21.80381126	     27.74992949	     -4.27216787	      0.48432764	     24.07246003	     22.95586161	     -7.50258075	    -24.13771303	      0.00977590	     -4.84438282	      1.38382167	     -8.02344764	    -18.39602468	     30.45560619	     90.00000001	      0.00000000	      0.00000000	     -2.26913482	     -8.39463394	    -23.66092141	     35.63336465	     90.00000001	      0.00000000	      0.00000000
      2.98000000	     10.80239659	      2.39108058	      2.11800794	      0.48832079	      0.91020626	      0.20647975	     19.14919167	     -5.73103561	     -0.99257706	     68.18075474	      2.73072311	      1.18997866	      6.43726299	    -13.37988698	     -7.50254297	     -0.64581447	      7.26897584	    -21.54753344	     27.61248910	     -4.30917005	      0.48192885	     24.20211711	     22.92739257	     -7.50254297	    -24.06269178	      0.11563809	     -5.19689673	      0.95784560	     -8.01928992	    -18.51493485	     30.51976604	     90.00000001	      0.00000000	      0.00000000	     -1.99388651	     -8.57264226	    -23.36052573	     35.79021156	     90.00000001	      0.00000000	      0.00000000
      2.99000000	     11.19415249	      2.03333643	      2.62506884	      0.49519149	      0.91151062	      0.20522032	     19.07941407	     -5.34504495	     -2.17745049	     65.61965725	      2.26943948	      1.14527907	      7.21371183	    -12.06580256	     -7.50241643	     -1.87348813	      6.88782873	    -21.24010949	     27.06315602	     -4.28984567	      0.47234118	     24.69548857	     23.94957723	     -7.50241643	    -24.56272455	      0.66234327	     -5.52688660	      0.65535876	     -7.91907444	    -19.33531904	     30.57910471	     90.00000001	      0.00000000	      0.00000000	     -1.65366707	     -8.89765476	    -22.11147798	     35.80514535	     90.00000001	      0.00000000	      0.00000000
      3.00000000	     11.15482885	      1.84713396	      2.95349343	      0.50172740	      0.91171746	      0.20414515	     19.66715627	     -5.17828432	     -2.44082593	     63.24771014	      2.52604192	      1.10388079	      7.78319429	    -11.08556104	     -7.50234052	     -2.43923009	      6.75206471	    -20.99431927	     26.79273746	     -4.33899329	      0.46762148	     25.04974847	     24.26379377	     -7.50234052	    -24.61304898	      0.93891929	     -5.80611050	      0.32072989	     -7.92177988	    -19.62353333	     30.60273173	     90.00000001	      0.00000000	      0.00000000	     -1.31039766	     -9.03973803	    -21.72933062	     35.84846487	     90.00000001	      0.00000000	      0.00000000
      3.01000000	     11.19169874	      1.66806377	      3.31013799	      0.50855842	      0.91193819	      0.20317626	     20.02881953	     -4.98790240	     -3.21362651	     60.61557606	      2.35124544	      1.05794138	      8.48895058	     -9.29038328	     -7.50220542	     -3.12115830	      6.55737399	    -21.03982199	     26.48838829	     -4.45832828	      0.46230959	     25.31611833	     25.13775944	     -7.50220542	    -24.69557468	      1.18659200	     -6.06853695	     -0.05389562	     -7.82568502	    -20.18778493	     30.60941123	     90.00000001	      0.00000000	      0.00000000	     -1.01048448	     -9.21107483	    -21.23349645	     35.98430941	     90.00000001	      0.00000000	      0.00000000
      3.02000000	     10.88934546	      1.58963627	      3.58302005	      0.51497614	      0.91134630	      0.20223972	     20.86101808	     -4.91391480	     -3.13143449	     58.07097753	      2.83606587	      1.01352976	      8.78247732	     -8.52184239	     -7.50216524	     -3.30310485	      6.62369805	    -20.82696014	     26.31425394	     -4.67897109	      0.45927037	     25.52703696	     25.11496238	     -7.50216524	    -24.45925917	      1.28720804	     -6.32229368	     -0.42451964	     -7.81669604	    -20.28588482	     30.62208474	     90.00000001	      0.00000000	      0.00000000	     -0.71264020	     -9.29278511	    -21.05204798	     36.11851915	     90.00000001	      0.00000000	      0.00000000
      3.03000000	     11.08404603	      1.41908663	      3.83529253	      0.52199900	      0.91164836	      0.20158585	     20.80242067	     -4.70758066	     -3.42018016	     55.04225618	      3.17706919	      0.96066860	      9.57979433	     -6.85597928	     -7.50209948	     -4.28499717	      6.23723131	    -20.86442070	     25.98041607	     -4.37214293	      0.45344380	     25.99174081	     25.81629298	     -7.50209948	    -24.70319552	      1.48342516	     -6.43042421	     -0.76008574	     -7.74652043	    -20.72701941	     30.52290762	     90.00000001	      0.00000000	      0.00000000	     -0.30945210	     -9.41727618	    -20.71054662	     36.09258865	     90.00000001	      0.00000000	      0.00000000
      3.04000000	     11.09599949	      1.30047010	      4.10921232	      0.52907700	      0.91141692	      0.20086608	     21.00733623	     -4.49908799	     -4.38124840	     52.09579480	      2.81429713	      0.90924315	     10.51441036	     -4.07420072	     -7.50198338	     -4.97425923	      6.00475105	    -21.11717595	     25.68780587	     -4.39672708	      0.44833679	     26.26045050	     27.06277907	     -7.50198338	    -24.74328037	      1.61835459	     -6.56467915	     -1.11246137	     -7.61361109	    -21.47099947	     30.47649746	     90.00000001	      0.00000000	      0.00000000	     -0.02327005	     -9.51764276	    -20.38832709	     36.25656442	     90.00000001	      0.00000000	      0.00000000
      3.05000000	     11.01571250	      1.24507921	      4.34079292	      0.53595977	      0.91086261	      0.20025228	     21.30782634	     -4.41946022	     -4.77019235	     49.18841961	      3.02229036	      0.85849988	     11.20830227	     -1.90070864	     -7.50185446	     -5.50614815	      5.86091673	    -21.12972541	     25.51499480	     -4.33958505	      0.44532067	     26.61643332	     27.62176564	     -7.50185446	    -24.70348809	      1.65224093	     -6.68117969	     -1.43728387	     -7.50289765	    -21.93158599	     30.36493200	     90.00000001	      0.00000000	      0.00000000	      0.30992437	     -9.60219029	    -20.19782027	     36.35235189	     90.00000001	      0.00000000	      0.00000000
      3.06000000	     10.93073863	      1.20069764	      4.47299493	      0.54280315	      0.91020191	      0.19992629	     21.58785177	     -4.32128471	     -4.74063942	     46.29299490	      3.55221651	      0.80796518	     11.64445039	     -0.56735173	     -7.50179926	     -6.04126240	      5.69488344	    -21.01592050	     25.38708312	     -4.12495308	      0.44308819	     26.99851776	     27.74369626	     -7.50179926	    -24.67669566	      1.61937526	     -6.69201175	     -1.75552352	     -7.42290737	    -22.19380739	     30.21888466	     90.00000001	      0.00000000	      0.00000000	      0.65971313	     -9.70423951	    -20.05136345	     36.39591853	     90.00000001	      0.00000000	      0.00000000
      3.07000000	     10.54451906	      1.26832869	      4.64213164	      0.54937125	      0.90884227	      0.19940577	     22.32377016	     -4.31863067	     -4.76518951	     43.68224389	      3.83269979	      0.76239898	     11.77525790	      0.41018975	     -7.50176806	     -6.11712256	      5.85794409	    -20.73973482	     25.32337320	     -4.23734733	      0.44197624	     27.17990985	     27.72867402	     -7.50176806	    -24.35894298	      1.46771824	     -6.79673428	     -2.10647414	     -7.32099065	    -22.34840460	     30.17336277	     90.00000001	      0.00000000	      0.00000000	      0.96625050	     -9.74053323	    -19.92871841	     36.59226570	     90.00000001	      0.00000000	      0.00000000
      3.08000000	     10.83882972	      1.05410215	      4.88484296	      0.55671074	      0.90880264	      0.19898914	     21.91652149	     -4.05776347	     -6.15944690	     40.66500300	      3.58504770	      0.70973819	     12.53845957	      3.72509447	     -7.50167830	     -7.17512583	      5.29405139	    -20.75801360	     25.11187878	     -3.81896898	      0.43828497	     27.60707991	     28.53294912	     -7.50167830	    -24.70127003	      1.69424960	     -6.75900458	     -2.30253653	     -7.16078597	    -23.33473112	     29.94078552	     90.00000001	      0.00000000	      0.00000000	      1.37827230	     -9.75012960	    -19.77163767	     36.62591373	     90.00000001	      0.00000000	      0.00000000
      3.09000000	     10.78061062	      1.02965267	      5.04483741	      0.56364462	      0.90792681	      0.19856455	     22.08035879	     -4.08765406	     -6.89757370	     38.12026107	      3.82397653	      0.66532407	     12.87313243	      5.74671338	     -7.50160368	     -7.69548575	      5.16025227	    -20.53446232	     25.05341947	     -3.64086641	      0.43726466	     27.99026802	     28.64925616	     -7.50160368	    -24.71238466	      1.66503781	     -6.73121703	     -2.53844302	     -7.04972443	    -23.80587139	     29.71750612	     90.00000001	      0.00000000	      0.00000000	      1.75487141	     -9.75287507	    -19.65464333	     36.70962053	     90.00000001	      0.00000000	      0.00000000
      3.10000000	     10.50836862	      1.12247499	      5.17171329	      0.57036996	      0.90658002	      0.19809509	     22.53779669	     -4.34875972	     -7.31702992	     35.92495043	      4.38965521	      0.62700867	     12.82410781	      6.70391896	     -7.50157381	     -7.87685073	      5.31714249	    -20.22447442	     25.08058706	     -3.70283782	      0.43773882	     28.33864038	     28.54895938	     -7.50157381	    -24.51784364	      1.48986021	     -6.76319735	     -2.78408278	     -6.95358126	    -23.95124015	     29.54944938	     90.00000001	      0.00000000	      0.00000000	      2.08313496	     -9.75959484	    -19.54887344	     36.81932588	     90.00000001	      0.00000000	      0.00000000
