global_final_errors.sto
version=1
nRows=501
nColumns=28
inDegrees=no
endheader
time	R_Asis	L_Asis	R_Psis	L_Psis	Sacral	R_Thigh_Lateral	R_Knee_Lateral	R_Shank_Lateral	R_Ankle_Lateral	R_Heel	R_Toe	L_Thigh_Lateral	L_Knee_Lateral	L_Shank_Lateral	L_Ankle_Lateral	L_Heel	L_Toe	R_Shoulder	L_Shoulder	C7	J_Notch	Thoracic	Sternum	R_Elbow	L_Elbow	R_Wrist	L_Wrist
0.50000000	0.00505303	0.00452460	0.00288081	0.00431936	0.00347359	0.00568370	0.00405225	0.00590169	0.00069142	0.00325688	0.00175749	0.01093021	0.00824187	0.01877606	0.00307730	0.00562214	0.00338656	0.00273349	0.00167204	0.00237407	0.00177990	0.00361920	0.00588620	0.00356757	0.00146157	0.00307063	0.00045550
0.51000000	0.00468840	0.00499405	0.00259182	0.00411526	0.00323618	0.00552186	0.00482092	0.00538867	0.00081436	0.00301815	0.00218081	0.01005701	0.00812488	0.01699542	0.00312570	0.00512919	0.00301359	0.00277767	0.00163532	0.00234768	0.00174271	0.00355685	0.00602562	0.00360004	0.00161091	0.00313893	0.00084637
0.52000000	0.00407318	0.00493421	0.00283104	0.00406882	0.00331502	0.00536769	0.00458445	0.00540099	0.00082161	0.00345376	0.00187388	0.00881447	0.00788312	0.01543128	0.00310620	0.00484081	0.00291137	0.00278502	0.00166524	0.00226806	0.00174753	0.00358047	0.00597670	0.00360379	0.00168177	0.00306224	0.00065378
0.53000000	0.00375229	0.00523186	0.00280580	0.00397799	0.00325150	0.00522619	0.00489146	0.00516801	0.00093646	0.00353310	0.00202434	0.00799216	0.00777404	0.01367374	0.00310802	0.00441452	0.00261155	0.00280984	0.00169988	0.00219767	0.00175062	0.00360364	0.00595604	0.00357723	0.00177580	0.00305867	0.00071773
0.54000000	0.00377840	0.00561143	0.00255548	0.00376759	0.00303027	0.00525016	0.00574673	0.00452856	0.00098517	0.00310742	0.00243693	0.00726881	0.00765790	0.01204827	0.00303274	0.00413143	0.00247313	0.00288453	0.00167268	0.00217568	0.00169461	0.00360564	0.00605467	0.00361068	0.00202934	0.00316804	0.00092583
0.55000000	0.00368554	0.00515227	0.00297416	0.00377786	0.00319515	0.00508535	0.00515144	0.00487709	0.00113254	0.00360945	0.00209533	0.00654307	0.00746861	0.01095649	0.00297404	0.00373890	0.00229281	0.00292999	0.00167965	0.00202933	0.00169389	0.00362800	0.00593172	0.00368379	0.00203567	0.00304131	0.00089153
0.56000000	0.00372342	0.00543952	0.00276473	0.00360526	0.00301450	0.00510838	0.00586391	0.00433130	0.00110897	0.00325377	0.00246830	0.00604547	0.00737746	0.00989792	0.00278034	0.00363065	0.00224803	0.00304582	0.00163040	0.00190808	0.00164945	0.00362953	0.00594447	0.00367811	0.00220508	0.00322286	0.00093423
0.57000000	0.00372423	0.00544119	0.00274922	0.00358009	0.00299414	0.00487889	0.00592527	0.00432973	0.00117877	0.00336021	0.00258543	0.00580902	0.00743806	0.00914623	0.00287120	0.00338535	0.00202925	0.00297321	0.00171941	0.00188545	0.00162644	0.00365759	0.00590563	0.00351841	0.00225415	0.00324517	0.00117329
0.58000000	0.00394177	0.00532702	0.00294544	0.00347188	0.00298405	0.00478006	0.00549903	0.00465161	0.00127770	0.00372098	0.00222908	0.00574314	0.00739771	0.00852693	0.00254245	0.00297639	0.00191493	0.00310589	0.00168432	0.00166162	0.00160422	0.00372910	0.00562886	0.00376179	0.00226243	0.00297950	0.00098116
0.59000000	0.00395329	0.00518516	0.00281065	0.00337557	0.00287143	0.00479685	0.00581886	0.00437134	0.00122957	0.00350881	0.00250930	0.00563301	0.00733337	0.00839012	0.00237160	0.00304531	0.00187559	0.00310452	0.00168217	0.00159419	0.00152052	0.00372824	0.00560155	0.00363597	0.00239102	0.00311931	0.00110136
0.60000000	0.00397671	0.00495825	0.00286306	0.00338096	0.00290040	0.00467902	0.00577924	0.00436401	0.00116162	0.00365015	0.00247725	0.00560103	0.00741548	0.00839583	0.00233174	0.00298487	0.00182334	0.00304796	0.00174524	0.00157464	0.00145404	0.00378978	0.00542704	0.00349676	0.00239624	0.00308276	0.00108624
0.61000000	0.00409455	0.00504500	0.00268993	0.00321480	0.00270548	0.00457127	0.00558515	0.00460399	0.00128632	0.00384100	0.00222218	0.00570236	0.00762901	0.00801139	0.00205168	0.00263718	0.00164836	0.00314451	0.00171287	0.00132199	0.00143961	0.00379366	0.00518252	0.00361213	0.00227167	0.00293782	0.00110225
0.62000000	0.00406713	0.00452187	0.00257823	0.00315365	0.00261093	0.00471440	0.00572831	0.00435271	0.00120954	0.00364867	0.00248338	0.00582593	0.00743035	0.00836782	0.00189348	0.00292557	0.00171123	0.00309301	0.00173079	0.00124830	0.00138883	0.00373788	0.00515213	0.00349556	0.00243190	0.00296881	0.00117839
0.63000000	0.00405220	0.00419387	0.00272812	0.00318352	0.00271137	0.00465984	0.00552422	0.00441239	0.00111468	0.00372891	0.00246126	0.00589658	0.00751307	0.00853280	0.00191918	0.00287436	0.00164413	0.00304678	0.00180404	0.00119028	0.00132986	0.00380288	0.00488823	0.00329995	0.00236450	0.00298577	0.00106478
0.64000000	0.00399085	0.00385896	0.00280964	0.00319403	0.00276217	0.00469811	0.00538863	0.00432691	0.00101990	0.00375503	0.00245750	0.00592400	0.00749484	0.00873653	0.00179141	0.00300278	0.00185309	0.00299571	0.00186232	0.00112573	0.00125810	0.00383539	0.00464704	0.00319203	0.00232961	0.00297847	0.00096352
0.65000000	0.00391859	0.00355687	0.00286119	0.00318653	0.00279319	0.00472825	0.00521382	0.00425253	0.00095133	0.00372060	0.00247241	0.00598837	0.00742665	0.00887881	0.00177073	0.00314758	0.00197853	0.00295700	0.00193081	0.00104513	0.00124579	0.00383360	0.00444839	0.00313884	0.00229266	0.00295088	0.00096666
0.66000000	0.00406377	0.00399147	0.00207577	0.00284215	0.00225082	0.00448624	0.00513367	0.00442938	0.00096424	0.00367182	0.00216260	0.00592389	0.00759758	0.00802650	0.00145626	0.00239984	0.00105302	0.00299254	0.00187767	0.00086454	0.00121039	0.00378549	0.00429823	0.00321846	0.00201760	0.00262663	0.00104879
0.67000000	0.00393378	0.00358612	0.00215580	0.00280049	0.00228807	0.00464098	0.00498482	0.00425113	0.00085981	0.00353073	0.00221871	0.00577521	0.00729898	0.00802883	0.00137041	0.00252814	0.00102852	0.00296199	0.00192526	0.00078849	0.00119584	0.00380474	0.00406897	0.00315478	0.00195771	0.00254771	0.00089421
0.68000000	0.00377748	0.00355791	0.00189332	0.00275042	0.00215304	0.00459679	0.00492505	0.00413651	0.00074132	0.00353117	0.00206794	0.00551576	0.00717346	0.00769799	0.00129879	0.00251340	0.00088701	0.00289273	0.00192793	0.00069014	0.00118194	0.00371688	0.00389861	0.00317013	0.00174027	0.00240028	0.00104652
0.69000000	0.00360469	0.00303250	0.00196529	0.00264102	0.00214717	0.00469252	0.00458494	0.00407011	0.00057518	0.00349772	0.00205250	0.00557537	0.00666438	0.00743700	0.00109051	0.00285707	0.00101650	0.00286979	0.00195203	0.00067990	0.00112792	0.00371634	0.00374330	0.00308445	0.00172556	0.00248910	0.00097613
0.70000000	0.00340371	0.00296066	0.00208439	0.00260830	0.00221832	0.00478240	0.00435593	0.00391889	0.00049767	0.00336764	0.00206705	0.00530735	0.00631369	0.00704756	0.00111230	0.00282569	0.00127675	0.00284776	0.00202912	0.00062973	0.00106133	0.00375096	0.00346650	0.00319671	0.00168200	0.00245271	0.00081355
0.71000000	0.00325250	0.00308266	0.00147617	0.00247410	0.00186151	0.00466394	0.00430289	0.00392107	0.00058463	0.00320711	0.00190786	0.00501209	0.00624745	0.00598896	0.00095874	0.00217140	0.00021815	0.00271499	0.00198123	0.00078865	0.00110257	0.00363674	0.00335297	0.00291188	0.00147459	0.00224291	0.00091892
0.72000000	0.00304177	0.00282255	0.00159179	0.00235009	0.00187736	0.00473347	0.00402027	0.00390385	0.00040385	0.00321179	0.00185683	0.00484359	0.00550026	0.00554750	0.00073319	0.00249693	0.00072471	0.00274615	0.00201416	0.00079731	0.00101481	0.00367933	0.00312550	0.00305002	0.00143643	0.00222372	0.00078650
0.73000000	0.00284190	0.00259468	0.00138018	0.00229339	0.00175019	0.00479158	0.00401121	0.00374638	0.00060308	0.00295775	0.00170511	0.00457605	0.00538676	0.00480309	0.00100692	0.00202578	0.00016681	0.00253964	0.00197003	0.00087885	0.00111196	0.00346885	0.00311206	0.00277407	0.00114051	0.00223090	0.00091172
0.74000000	0.00260599	0.00249753	0.00150307	0.00214199	0.00174445	0.00479047	0.00370069	0.00384454	0.00050128	0.00305954	0.00174293	0.00449341	0.00449493	0.00439261	0.00064151	0.00262313	0.00097084	0.00260566	0.00196511	0.00087360	0.00100246	0.00349673	0.00291061	0.00305309	0.00125297	0.00228485	0.00068431
0.75000000	0.00245995	0.00243717	0.00162011	0.00216292	0.00181959	0.00492248	0.00364294	0.00362418	0.00069601	0.00279243	0.00170363	0.00454410	0.00424868	0.00370121	0.00111235	0.00217856	0.00112685	0.00234983	0.00201409	0.00087546	0.00104215	0.00336941	0.00282491	0.00303930	0.00122914	0.00209410	0.00056826
0.76000000	0.00231900	0.00216391	0.00123660	0.00206130	0.00157640	0.00481266	0.00364834	0.00371359	0.00079497	0.00273597	0.00149441	0.00452353	0.00407886	0.00296097	0.00133080	0.00154644	0.00074340	0.00218311	0.00191923	0.00110894	0.00110406	0.00315292	0.00274625	0.00265542	0.00086757	0.00210363	0.00074681
0.77000000	0.00228661	0.00205512	0.00126412	0.00196470	0.00155049	0.00479854	0.00350539	0.00364503	0.00085172	0.00267977	0.00148649	0.00463070	0.00361403	0.00252060	0.00142446	0.00139132	0.00093146	0.00211711	0.00191943	0.00104928	0.00103152	0.00305595	0.00267205	0.00271915	0.00075415	0.00209232	0.00058205
0.78000000	0.00223850	0.00198341	0.00117438	0.00187638	0.00145487	0.00475995	0.00342265	0.00370027	0.00092276	0.00260002	0.00138880	0.00466798	0.00326438	0.00208705	0.00156025	0.00115914	0.00100680	0.00198557	0.00188408	0.00123031	0.00104122	0.00294980	0.00253565	0.00258624	0.00056654	0.00209382	0.00068661
0.79000000	0.00223969	0.00197453	0.00105746	0.00177980	0.00134685	0.00472137	0.00329351	0.00371747	0.00097684	0.00254303	0.00139722	0.00462692	0.00289256	0.00214080	0.00159933	0.00081831	0.00114183	0.00190226	0.00188673	0.00130951	0.00096153	0.00286197	0.00239418	0.00257044	0.00056494	0.00204997	0.00061041
0.80000000	0.00224934	0.00181550	0.00119187	0.00172607	0.00138620	0.00472551	0.00321134	0.00359874	0.00107456	0.00246977	0.00130766	0.00487660	0.00272645	0.00188369	0.00181148	0.00073536	0.00112253	0.00177703	0.00185609	0.00131078	0.00097886	0.00271368	0.00239607	0.00259962	0.00049454	0.00199538	0.00049207
0.81000000	0.00228883	0.00182956	0.00131958	0.00158696	0.00139173	0.00465542	0.00307393	0.00361923	0.00107496	0.00254670	0.00136714	0.00490575	0.00284347	0.00188937	0.00182637	0.00123873	0.00122663	0.00183135	0.00185094	0.00127396	0.00088282	0.00267258	0.00235439	0.00289144	0.00060051	0.00202338	0.00059010
0.82000000	0.00228138	0.00172521	0.00101600	0.00160408	0.00124560	0.00461256	0.00309919	0.00347947	0.00117740	0.00239403	0.00128978	0.00499610	0.00272684	0.00223002	0.00200297	0.00048448	0.00110075	0.00160605	0.00189567	0.00145557	0.00092413	0.00245364	0.00228317	0.00248975	0.00039646	0.00201078	0.00039670
0.83000000	0.00229969	0.00154477	0.00114795	0.00157710	0.00130689	0.00462529	0.00298135	0.00335588	0.00125905	0.00233695	0.00123016	0.00517155	0.00281317	0.00225192	0.00215788	0.00055113	0.00099316	0.00152840	0.00187632	0.00142783	0.00093032	0.00231254	0.00237603	0.00254045	0.00042642	0.00197793	0.00032722
0.84000000	0.00235841	0.00150457	0.00122462	0.00148770	0.00129704	0.00463581	0.00286038	0.00330779	0.00123287	0.00242110	0.00137115	0.00522686	0.00354052	0.00206201	0.00208039	0.00064779	0.00058524	0.00160286	0.00178049	0.00132892	0.00090402	0.00220279	0.00255865	0.00279296	0.00065160	0.00204622	0.00034679
0.85000000	0.00226465	0.00146950	0.00149251	0.00157839	0.00146434	0.00468308	0.00270248	0.00325747	0.00135607	0.00237161	0.00123900	0.00533030	0.00336698	0.00222036	0.00230490	0.00085622	0.00080687	0.00153629	0.00188684	0.00140173	0.00087429	0.00212316	0.00244786	0.00286171	0.00087104	0.00190301	0.00053799
0.86000000	0.00223041	0.00132401	0.00110247	0.00164094	0.00132536	0.00469830	0.00277685	0.00303847	0.00151041	0.00211000	0.00123822	0.00542430	0.00293018	0.00250359	0.00245317	0.00086482	0.00075701	0.00134886	0.00193409	0.00154089	0.00096676	0.00193043	0.00259954	0.00239913	0.00066430	0.00194839	0.00020198
0.87000000	0.00224613	0.00123069	0.00122097	0.00166115	0.00136216	0.00475177	0.00254017	0.00305212	0.00149792	0.00219475	0.00126559	0.00545127	0.00311806	0.00207641	0.00253568	0.00085058	0.00047763	0.00147514	0.00194742	0.00149220	0.00090527	0.00186520	0.00268446	0.00256677	0.00084735	0.00196080	0.00042225
0.88000000	0.00218857	0.00119918	0.00105677	0.00165728	0.00128717	0.00479347	0.00249044	0.00292869	0.00164677	0.00205329	0.00132225	0.00533139	0.00269332	0.00228916	0.00263067	0.00105886	0.00063846	0.00151964	0.00204893	0.00159462	0.00090865	0.00181792	0.00272112	0.00246588	0.00085184	0.00193390	0.00029807
0.89000000	0.00219305	0.00113529	0.00125644	0.00184865	0.00140119	0.00495221	0.00224240	0.00289547	0.00163263	0.00206889	0.00133105	0.00558280	0.00263573	0.00138966	0.00280087	0.00091498	0.00047438	0.00153525	0.00194001	0.00159296	0.00097065	0.00169744	0.00294028	0.00248203	0.00102532	0.00188640	0.00028956
0.90000000	0.00216381	0.00105820	0.00111113	0.00177449	0.00129876	0.00491607	0.00214713	0.00286231	0.00184356	0.00199565	0.00130205	0.00524828	0.00191020	0.00167271	0.00299589	0.00138681	0.00085057	0.00181392	0.00215443	0.00167859	0.00089848	0.00174229	0.00282839	0.00250790	0.00112379	0.00184143	0.00026733
0.91000000	0.00209891	0.00123255	0.00082593	0.00165333	0.00104607	0.00492007	0.00214810	0.00294294	0.00191655	0.00187067	0.00113452	0.00480858	0.00162512	0.00201731	0.00291455	0.00111007	0.00033384	0.00191108	0.00225890	0.00179517	0.00083410	0.00182147	0.00283467	0.00252501	0.00101591	0.00172558	0.00009460
0.92000000	0.00212821	0.00099344	0.00103153	0.00184495	0.00118959	0.00489386	0.00187694	0.00307360	0.00203630	0.00182351	0.00105316	0.00485577	0.00107434	0.00181863	0.00323537	0.00130184	0.00059153	0.00209705	0.00242790	0.00189864	0.00078750	0.00179740	0.00279101	0.00245704	0.00108654	0.00167903	0.00011186
0.93000000	0.00229647	0.00100479	0.00074853	0.00174293	0.00099051	0.00505523	0.00202738	0.00288359	0.00215553	0.00165895	0.00113523	0.00449591	0.00088880	0.00245430	0.00316689	0.00115640	0.00058072	0.00210399	0.00234697	0.00181312	0.00074908	0.00189934	0.00303498	0.00262728	0.00119244	0.00157904	0.00021425
0.94000000	0.00228280	0.00087718	0.00087780	0.00184745	0.00101493	0.00492902	0.00182612	0.00314292	0.00226607	0.00165282	0.00121237	0.00434490	0.00086702	0.00293520	0.00323658	0.00130662	0.00083804	0.00224268	0.00232903	0.00192303	0.00078343	0.00192016	0.00310052	0.00251210	0.00121997	0.00156431	0.00022553
0.95000000	0.00242646	0.00075598	0.00083630	0.00189098	0.00097245	0.00488044	0.00181762	0.00321861	0.00241799	0.00150951	0.00125988	0.00410858	0.00108370	0.00331718	0.00324466	0.00144413	0.00103078	0.00235214	0.00234625	0.00194365	0.00071197	0.00197554	0.00313760	0.00255479	0.00125880	0.00152471	0.00027242
0.96000000	0.00235006	0.00074412	0.00106221	0.00210783	0.00111979	0.00482903	0.00171343	0.00340863	0.00246100	0.00135670	0.00103295	0.00416168	0.00166812	0.00330638	0.00335899	0.00146235	0.00114748	0.00255902	0.00243540	0.00210308	0.00070665	0.00196860	0.00300439	0.00240087	0.00129159	0.00149828	0.00033335
0.97000000	0.00252262	0.00068479	0.00093964	0.00216911	0.00108070	0.00463323	0.00170496	0.00352699	0.00274616	0.00107885	0.00109047	0.00402204	0.00147658	0.00348875	0.00312810	0.00134358	0.00130599	0.00273807	0.00240923	0.00215784	0.00058950	0.00194941	0.00290270	0.00244460	0.00118831	0.00159266	0.00027150
0.98000000	0.00279921	0.00029799	0.00084618	0.00206268	0.00094477	0.00466110	0.00196103	0.00331776	0.00280872	0.00113691	0.00127862	0.00356302	0.00132761	0.00316173	0.00287526	0.00150949	0.00095833	0.00251481	0.00222174	0.00208810	0.00060236	0.00217159	0.00320282	0.00259551	0.00130564	0.00113050	0.00036410
0.99000000	0.00257161	0.00031353	0.00099112	0.00211651	0.00097832	0.00441489	0.00217881	0.00348991	0.00283168	0.00091410	0.00123152	0.00343465	0.00121831	0.00287387	0.00267455	0.00169172	0.00096118	0.00275164	0.00225191	0.00220143	0.00059336	0.00219387	0.00303086	0.00239259	0.00133291	0.00133769	0.00043302
1.00000000	0.00283178	0.00032790	0.00085370	0.00211150	0.00091594	0.00436631	0.00224280	0.00320572	0.00306435	0.00087650	0.00129178	0.00342709	0.00093386	0.00293240	0.00232283	0.00164196	0.00045342	0.00261505	0.00204159	0.00215250	0.00049684	0.00225620	0.00310379	0.00255743	0.00125849	0.00099776	0.00039888
1.01000000	0.00273939	0.00050823	0.00082561	0.00208732	0.00088885	0.00420473	0.00244865	0.00308476	0.00326436	0.00069720	0.00125866	0.00345531	0.00104892	0.00341664	0.00201823	0.00174897	0.00025264	0.00270329	0.00196673	0.00221362	0.00040991	0.00224909	0.00296793	0.00252559	0.00117962	0.00101468	0.00030270
1.02000000	0.00241631	0.00063732	0.00085033	0.00197935	0.00078483	0.00384119	0.00333295	0.00308954	0.00322146	0.00053203	0.00157867	0.00307640	0.00140209	0.00441982	0.00175499	0.00212660	0.00055316	0.00301929	0.00200630	0.00238051	0.00050580	0.00224245	0.00277033	0.00233123	0.00115198	0.00135240	0.00037286
1.03000000	0.00285908	0.00095780	0.00071803	0.00216650	0.00093071	0.00392672	0.00322855	0.00250537	0.00348067	0.00078934	0.00109573	0.00347250	0.00161273	0.00476278	0.00163743	0.00183246	0.00026469	0.00243603	0.00155679	0.00212157	0.00041487	0.00222579	0.00298004	0.00247859	0.00116709	0.00064508	0.00040192
1.04000000	0.00283203	0.00102238	0.00083090	0.00221004	0.00101003	0.00373375	0.00376057	0.00234313	0.00356655	0.00082711	0.00109775	0.00357095	0.00199205	0.00493934	0.00163654	0.00180335	0.00034798	0.00235852	0.00142607	0.00218840	0.00040053	0.00214114	0.00280923	0.00232692	0.00105760	0.00057616	0.00034893
1.05000000	0.00275683	0.00103202	0.00099602	0.00221807	0.00105655	0.00350728	0.00429985	0.00244245	0.00373217	0.00102780	0.00105453	0.00356161	0.00232135	0.00478272	0.00166750	0.00173986	0.00038577	0.00229773	0.00126367	0.00222422	0.00042927	0.00208112	0.00261373	0.00217842	0.00098005	0.00052573	0.00032532
1.06000000	0.00289111	0.00099725	0.00119906	0.00230486	0.00118022	0.00324626	0.00490720	0.00283687	0.00387258	0.00124040	0.00105098	0.00326496	0.00231670	0.00446449	0.00171985	0.00174390	0.00030559	0.00211641	0.00105315	0.00224098	0.00047663	0.00200420	0.00245831	0.00206038	0.00090771	0.00034340	0.00030816
1.07000000	0.00296579	0.00101769	0.00142448	0.00235150	0.00129865	0.00301331	0.00559273	0.00354241	0.00403629	0.00146135	0.00108685	0.00308074	0.00235453	0.00379434	0.00184735	0.00167999	0.00037306	0.00198153	0.00088157	0.00229691	0.00055017	0.00194104	0.00223786	0.00190666	0.00084098	0.00029743	0.00031477
1.08000000	0.00311664	0.00118152	0.00157990	0.00234638	0.00145172	0.00278949	0.00643643	0.00437913	0.00428390	0.00174199	0.00123476	0.00272794	0.00258102	0.00297941	0.00206015	0.00176026	0.00062855	0.00211682	0.00088696	0.00238007	0.00059561	0.00174908	0.00178784	0.00194332	0.00075933	0.00041294	0.00038392
1.09000000	0.00339242	0.00125986	0.00185530	0.00238677	0.00150042	0.00278615	0.00701426	0.00565991	0.00442300	0.00211621	0.00115937	0.00272590	0.00237021	0.00235403	0.00227283	0.00164770	0.00053610	0.00175344	0.00061761	0.00245762	0.00068715	0.00187790	0.00173907	0.00166577	0.00084271	0.00029867	0.00037928
1.10000000	0.00387062	0.00138470	0.00209063	0.00233757	0.00150866	0.00271096	0.00777696	0.00693399	0.00451958	0.00236641	0.00135008	0.00227843	0.00223270	0.00240174	0.00230994	0.00170099	0.00062436	0.00145959	0.00037577	0.00244869	0.00075874	0.00199712	0.00164414	0.00145956	0.00050168	0.00036134	0.00027937
1.11000000	0.00422426	0.00147556	0.00216739	0.00225272	0.00167099	0.00272178	0.00885983	0.00803828	0.00477579	0.00261660	0.00178370	0.00243637	0.00259348	0.00203534	0.00256256	0.00177493	0.00103012	0.00170700	0.00045861	0.00250583	0.00089673	0.00175039	0.00117938	0.00165350	0.00063783	0.00025123	0.00055188
1.12000000	0.00448238	0.00167673	0.00240499	0.00220237	0.00181054	0.00302766	0.00949277	0.00941995	0.00505171	0.00304496	0.00159462	0.00273885	0.00273364	0.00189076	0.00274179	0.00183785	0.00093831	0.00161321	0.00053714	0.00257578	0.00097504	0.00172154	0.00093624	0.00172366	0.00088274	0.00017587	0.00076535
1.13000000	0.00493338	0.00178831	0.00246695	0.00209822	0.00183302	0.00331768	0.01032988	0.01055640	0.00519658	0.00329532	0.00176389	0.00306085	0.00285540	0.00210306	0.00276643	0.00189727	0.00109752	0.00159877	0.00067983	0.00263020	0.00108807	0.00168536	0.00083559	0.00175706	0.00115447	0.00028672	0.00092909
1.14000000	0.00511841	0.00201445	0.00253844	0.00206115	0.00168522	0.00390121	0.01076919	0.01185569	0.00502590	0.00314707	0.00165345	0.00312603	0.00276610	0.00266090	0.00258302	0.00205104	0.00054985	0.00100081	0.00079491	0.00275336	0.00105393	0.00206494	0.00110010	0.00115412	0.00106477	0.00086317	0.00069475
1.15000000	0.00535512	0.00205408	0.00258110	0.00195630	0.00169341	0.00425100	0.01130069	0.01274456	0.00515975	0.00324355	0.00150817	0.00338726	0.00293906	0.00317000	0.00244483	0.00215261	0.00049904	0.00082342	0.00101101	0.00277443	0.00109481	0.00210398	0.00104868	0.00107824	0.00105403	0.00096384	0.00067992
1.16000000	0.00556122	0.00200403	0.00262295	0.00184765	0.00172401	0.00453590	0.01184270	0.01333403	0.00515996	0.00319890	0.00136516	0.00367401	0.00309379	0.00375253	0.00228043	0.00232639	0.00043557	0.00074777	0.00123342	0.00276399	0.00113915	0.00206933	0.00101982	0.00110840	0.00109793	0.00103128	0.00083051
1.17000000	0.00629802	0.00182286	0.00229061	0.00155841	0.00155116	0.00457919	0.01295856	0.01305990	0.00507110	0.00290852	0.00198694	0.00419700	0.00334459	0.00440353	0.00218816	0.00233508	0.00125899	0.00108903	0.00140712	0.00267023	0.00132378	0.00181893	0.00114580	0.00149386	0.00155042	0.00078181	0.00113593
1.18000000	0.00594310	0.00169516	0.00252036	0.00167025	0.00169599	0.00468295	0.01253994	0.01370916	0.00512579	0.00306378	0.00083721	0.00426518	0.00331580	0.00488513	0.00192457	0.00254465	0.00046448	0.00062094	0.00163175	0.00272800	0.00126474	0.00200183	0.00113737	0.00118640	0.00144517	0.00125793	0.00082820
1.19000000	0.00587274	0.00178358	0.00246643	0.00157719	0.00163448	0.00465901	0.01289576	0.01333228	0.00502699	0.00280926	0.00054443	0.00457163	0.00347851	0.00522222	0.00169556	0.00264034	0.00047739	0.00050829	0.00182801	0.00273448	0.00131184	0.00203735	0.00127069	0.00109756	0.00151064	0.00137581	0.00085885
1.20000000	0.00610766	0.00168129	0.00235246	0.00167006	0.00166002	0.00417443	0.01304568	0.01294941	0.00484488	0.00251964	0.00063634	0.00448409	0.00352744	0.00551003	0.00134810	0.00261913	0.00073488	0.00046082	0.00202747	0.00270230	0.00134826	0.00200830	0.00140542	0.00109126	0.00139987	0.00146143	0.00077578
1.21000000	0.00596287	0.00181080	0.00240120	0.00141762	0.00160605	0.00404356	0.01343722	0.01177998	0.00483670	0.00243033	0.00069317	0.00470770	0.00344662	0.00575820	0.00128576	0.00268322	0.00068400	0.00055029	0.00224435	0.00257998	0.00144055	0.00195206	0.00147916	0.00110597	0.00160059	0.00151989	0.00087103
1.22000000	0.00614006	0.00203833	0.00235261	0.00151540	0.00166455	0.00376463	0.01370989	0.01077749	0.00469364	0.00216362	0.00091429	0.00451499	0.00345087	0.00568190	0.00098366	0.00261430	0.00091953	0.00053823	0.00236887	0.00256881	0.00147371	0.00191149	0.00159749	0.00125844	0.00152828	0.00146021	0.00086408
1.23000000	0.00615722	0.00170962	0.00213929	0.00106453	0.00143242	0.00407890	0.01471720	0.00875625	0.00474422	0.00201853	0.00084167	0.00443669	0.00338577	0.00590640	0.00077783	0.00267142	0.00119909	0.00080035	0.00254688	0.00241781	0.00167571	0.00182946	0.00159204	0.00143232	0.00180727	0.00127214	0.00105018
1.24000000	0.00661727	0.00223182	0.00222331	0.00101881	0.00130068	0.00381828	0.01476735	0.00782679	0.00511646	0.00219404	0.00119744	0.00422399	0.00316876	0.00572409	0.00065126	0.00260184	0.00085346	0.00070867	0.00286985	0.00226897	0.00159855	0.00199629	0.00182042	0.00118245	0.00187934	0.00159572	0.00096614
1.25000000	0.00693540	0.00252747	0.00214000	0.00095930	0.00119676	0.00435919	0.01526968	0.00699137	0.00542236	0.00222993	0.00123487	0.00389522	0.00305167	0.00553840	0.00053712	0.00245933	0.00102203	0.00075942	0.00306150	0.00217155	0.00163373	0.00205666	0.00193063	0.00125011	0.00185452	0.00151844	0.00091450
1.26000000	0.00717027	0.00291574	0.00212130	0.00093171	0.00116323	0.00539258	0.01574636	0.00676165	0.00588265	0.00242758	0.00077462	0.00360873	0.00298564	0.00520417	0.00057509	0.00234984	0.00119709	0.00082596	0.00324757	0.00211014	0.00166471	0.00212922	0.00196149	0.00121986	0.00185252	0.00151256	0.00097944
1.27000000	0.00739361	0.00274509	0.00215594	0.00057457	0.00101123	0.00564508	0.01655430	0.00708231	0.00640507	0.00250400	0.00096802	0.00351832	0.00285660	0.00522069	0.00063811	0.00226875	0.00119708	0.00099847	0.00344521	0.00197676	0.00173577	0.00220846	0.00197523	0.00120946	0.00196664	0.00143614	0.00097010
1.28000000	0.00779729	0.00276678	0.00217438	0.00047696	0.00092766	0.00597939	0.01717836	0.00781527	0.00692086	0.00264993	0.00123911	0.00333650	0.00269629	0.00518910	0.00075025	0.00218574	0.00122576	0.00109738	0.00361995	0.00189082	0.00176008	0.00231895	0.00200811	0.00116417	0.00200316	0.00140173	0.00095702
1.29000000	0.00834500	0.00315648	0.00194720	0.00065818	0.00077083	0.00707680	0.01748589	0.00832668	0.00734483	0.00317064	0.00064083	0.00310459	0.00277971	0.00473022	0.00090431	0.00204702	0.00141577	0.00110245	0.00358600	0.00194456	0.00174795	0.00233080	0.00208297	0.00117302	0.00185373	0.00130567	0.00090623
1.30000000	0.00844927	0.00295226	0.00212660	0.00058567	0.00084824	0.00721283	0.01792075	0.00889713	0.00772499	0.00328426	0.00112097	0.00314388	0.00250868	0.00489657	0.00104460	0.00209003	0.00129657	0.00123481	0.00374980	0.00187022	0.00170183	0.00237367	0.00195007	0.00102258	0.00190270	0.00133171	0.00083093
1.31000000	0.00865838	0.00278886	0.00218329	0.00062975	0.00088501	0.00727528	0.01825282	0.00912216	0.00791589	0.00342870	0.00131542	0.00306424	0.00227803	0.00502453	0.00120712	0.00211606	0.00117792	0.00130591	0.00376503	0.00188371	0.00168086	0.00236709	0.00187095	0.00096389	0.00183629	0.00129399	0.00082415
1.32000000	0.00883795	0.00266940	0.00218723	0.00069355	0.00091865	0.00730729	0.01833224	0.00912676	0.00796488	0.00372653	0.00138511	0.00311518	0.00222151	0.00504561	0.00128515	0.00204509	0.00124780	0.00140554	0.00370027	0.00187825	0.00168304	0.00231357	0.00183097	0.00083520	0.00180527	0.00129590	0.00073931
1.33000000	0.00887807	0.00248988	0.00213460	0.00066297	0.00087362	0.00719251	0.01835356	0.00903627	0.00790597	0.00399324	0.00121317	0.00305580	0.00207658	0.00509489	0.00140517	0.00211725	0.00109993	0.00140306	0.00363202	0.00192676	0.00160385	0.00221678	0.00169437	0.00087587	0.00168755	0.00116053	0.00071321
1.34000000	0.00883218	0.00230866	0.00204576	0.00067928	0.00083667	0.00707815	0.01822559	0.00906259	0.00765246	0.00433684	0.00108665	0.00310673	0.00196968	0.00510846	0.00146378	0.00218861	0.00104894	0.00141616	0.00348220	0.00195482	0.00151993	0.00205485	0.00159085	0.00084563	0.00156021	0.00110213	0.00063157
1.35000000	0.00864959	0.00231383	0.00221781	0.00068951	0.00094195	0.00735729	0.01789595	0.00950220	0.00726831	0.00444913	0.00176175	0.00312055	0.00225835	0.00508763	0.00139576	0.00202182	0.00129809	0.00141116	0.00328298	0.00214812	0.00147364	0.00190148	0.00138189	0.00061941	0.00167259	0.00173137	0.00086257
1.36000000	0.00851249	0.00196408	0.00183833	0.00065564	0.00072550	0.00664140	0.01753542	0.01029271	0.00687850	0.00513420	0.00114941	0.00325661	0.00194157	0.00511328	0.00139973	0.00232969	0.00094054	0.00138866	0.00319747	0.00191771	0.00134821	0.00169694	0.00146459	0.00088342	0.00138152	0.00085607	0.00056571
1.37000000	0.00807952	0.00162381	0.00150649	0.00057553	0.00060080	0.00636669	0.01732190	0.01127245	0.00642293	0.00507832	0.00106852	0.00342308	0.00194751	0.00505254	0.00144383	0.00240150	0.00095938	0.00136936	0.00292395	0.00194107	0.00126681	0.00138629	0.00141720	0.00087539	0.00118913	0.00074099	0.00056959
1.38000000	0.00765730	0.00148288	0.00139924	0.00051171	0.00056799	0.00629852	0.01681394	0.01242601	0.00593220	0.00506998	0.00117702	0.00349332	0.00198710	0.00508242	0.00135856	0.00248152	0.00094647	0.00130615	0.00275323	0.00199398	0.00117108	0.00118610	0.00132682	0.00072523	0.00117898	0.00082442	0.00059822
1.39000000	0.00748021	0.00171973	0.00185492	0.00065518	0.00080573	0.00671577	0.01580169	0.01388006	0.00539853	0.00560488	0.00218295	0.00349560	0.00259059	0.00493094	0.00087326	0.00246286	0.00123456	0.00117302	0.00279155	0.00206791	0.00106291	0.00121529	0.00118575	0.00049329	0.00136548	0.00149827	0.00066558
1.40000000	0.00683872	0.00142417	0.00095663	0.00046962	0.00038944	0.00619192	0.01584384	0.01308509	0.00491953	0.00441859	0.00104172	0.00393270	0.00281120	0.00499364	0.00079407	0.00233312	0.00106724	0.00126198	0.00273566	0.00183395	0.00101442	0.00101741	0.00121817	0.00142049	0.00119305	0.00065254	0.00095586
1.41000000	0.00658069	0.00172918	0.00098805	0.00063487	0.00049557	0.00633384	0.01494690	0.01240393	0.00470989	0.00355047	0.00013068	0.00395434	0.00277085	0.00528365	0.00078928	0.00244245	0.00105336	0.00116673	0.00268192	0.00190403	0.00096179	0.00097996	0.00124593	0.00052443	0.00136713	0.00079759	0.00070596
1.42000000	0.00596684	0.00164409	0.00084018	0.00068132	0.00042142	0.00611465	0.01406206	0.01135850	0.00440454	0.00313826	0.00041025	0.00419098	0.00312836	0.00516884	0.00059761	0.00248164	0.00107584	0.00106028	0.00274756	0.00180387	0.00085072	0.00092892	0.00140105	0.00081815	0.00139733	0.00066876	0.00084157
1.43000000	0.00551312	0.00159290	0.00087441	0.00076611	0.00050102	0.00579159	0.01286336	0.00944256	0.00442577	0.00260129	0.00072064	0.00433498	0.00327521	0.00528887	0.00053929	0.00249358	0.00109609	0.00094662	0.00282884	0.00184256	0.00081817	0.00098092	0.00154810	0.00059217	0.00159926	0.00081734	0.00090265
1.44000000	0.00504463	0.00118620	0.00069948	0.00063650	0.00024395	0.00583040	0.01172416	0.00741506	0.00415949	0.00249089	0.00123583	0.00469230	0.00334908	0.00514601	0.00064223	0.00253342	0.00113819	0.00079036	0.00279019	0.00184147	0.00073891	0.00087431	0.00190494	0.00073542	0.00163658	0.00097644	0.00124867
1.45000000	0.00475637	0.00107202	0.00083551	0.00086849	0.00051578	0.00556305	0.01031766	0.00400307	0.00445469	0.00239160	0.00157853	0.00481945	0.00377388	0.00525259	0.00055390	0.00262785	0.00112391	0.00071960	0.00314582	0.00177495	0.00070821	0.00111501	0.00212003	0.00090180	0.00185950	0.00081155	0.00119404
1.46000000	0.00514047	0.00059268	0.00080228	0.00089131	0.00049220	0.00695690	0.00900562	0.00139487	0.00437048	0.00257467	0.00185179	0.00500980	0.00382270	0.00526514	0.00054456	0.00267376	0.00112202	0.00059110	0.00331782	0.00186774	0.00064062	0.00123632	0.00237034	0.00099690	0.00206697	0.00098499	0.00131506
1.47000000	0.00553201	0.00042719	0.00081379	0.00096371	0.00051882	0.00825694	0.00738562	0.00363142	0.00462320	0.00346359	0.00238321	0.00536975	0.00417634	0.00532358	0.00066675	0.00263148	0.00122461	0.00056613	0.00362798	0.00174749	0.00059944	0.00138037	0.00276789	0.00110994	0.00224232	0.00098332	0.00145003
1.48000000	0.00707695	0.00042096	0.00076281	0.00109343	0.00053226	0.01074071	0.00599200	0.00663140	0.00474571	0.00401663	0.00305474	0.00565584	0.00390180	0.00544643	0.00065693	0.00269877	0.00119113	0.00063390	0.00370894	0.00190047	0.00065216	0.00149807	0.00314974	0.00112203	0.00233740	0.00126366	0.00163513
1.49000000	0.00722388	0.00079390	0.00064803	0.00123215	0.00060299	0.01208958	0.00454044	0.01036380	0.00497926	0.00492889	0.00313853	0.00586226	0.00428220	0.00559373	0.00073380	0.00272353	0.00126309	0.00069417	0.00402398	0.00188809	0.00061675	0.00170327	0.00348359	0.00128750	0.00259668	0.00115645	0.00170104
1.50000000	0.00861062	0.00114537	0.00053388	0.00144104	0.00073027	0.01424090	0.00343497	0.01259980	0.00494121	0.00520219	0.00350252	0.00611230	0.00407014	0.00580610	0.00067284	0.00276245	0.00125571	0.00080892	0.00416745	0.00196164	0.00064123	0.00180957	0.00384598	0.00141764	0.00263013	0.00133956	0.00189952
1.51000000	0.01024400	0.00136430	0.00089812	0.00151528	0.00088164	0.01523048	0.00197840	0.01393840	0.00559376	0.00617278	0.00422985	0.00630522	0.00411680	0.00608828	0.00068979	0.00298102	0.00152690	0.00091931	0.00443652	0.00194500	0.00058770	0.00201899	0.00419323	0.00169010	0.00291110	0.00155392	0.00207748
1.52000000	0.00898998	0.00213304	0.00027623	0.00179835	0.00107111	0.01608231	0.00203907	0.01540179	0.00484695	0.00581481	0.00389658	0.00649163	0.00432563	0.00619915	0.00072690	0.00278865	0.00135176	0.00101560	0.00455563	0.00202352	0.00061985	0.00204931	0.00440100	0.00177230	0.00289912	0.00131479	0.00194253
1.53000000	0.01041805	0.00207418	0.00055744	0.00191569	0.00122952	0.01582302	0.00160607	0.01473721	0.00497057	0.00572483	0.00408454	0.00649654	0.00423134	0.00668692	0.00067138	0.00287292	0.00159507	0.00122917	0.00478212	0.00209112	0.00060090	0.00227919	0.00475098	0.00202210	0.00301084	0.00155103	0.00194107
1.54000000	0.00903457	0.00278455	0.00079360	0.00209926	0.00142903	0.01549226	0.00171086	0.01397382	0.00439806	0.00526390	0.00395705	0.00678266	0.00425584	0.00680895	0.00061535	0.00272167	0.00145205	0.00120731	0.00477371	0.00208126	0.00066553	0.00220111	0.00490264	0.00200231	0.00297944	0.00143341	0.00199378
1.55000000	0.00850011	0.00290681	0.00108870	0.00208834	0.00149488	0.01419279	0.00170921	0.01201964	0.00416691	0.00474758	0.00387964	0.00689567	0.00420221	0.00722656	0.00060757	0.00268509	0.00149602	0.00129614	0.00489301	0.00209969	0.00066459	0.00229781	0.00508138	0.00205384	0.00299096	0.00151773	0.00198943
1.56000000	0.00821799	0.00314066	0.00141503	0.00215113	0.00161048	0.01243114	0.00180918	0.00939088	0.00393363	0.00389466	0.00352064	0.00679510	0.00411048	0.00770264	0.00057993	0.00255472	0.00150591	0.00134036	0.00494239	0.00209192	0.00071204	0.00236310	0.00532715	0.00215867	0.00296743	0.00152311	0.00195937
1.57000000	0.00720629	0.00329192	0.00175180	0.00206977	0.00161036	0.01046820	0.00197847	0.00663506	0.00389924	0.00321314	0.00323543	0.00678882	0.00405795	0.00805604	0.00055879	0.00259040	0.00152917	0.00135363	0.00501371	0.00204992	0.00071761	0.00243638	0.00545964	0.00219333	0.00295363	0.00151777	0.00199409
1.58000000	0.00625713	0.00327163	0.00208544	0.00190610	0.00160601	0.00846401	0.00213647	0.00410084	0.00390253	0.00249695	0.00288958	0.00677452	0.00397564	0.00837496	0.00058661	0.00261528	0.00156407	0.00139644	0.00508647	0.00204302	0.00071486	0.00253487	0.00556151	0.00222815	0.00291601	0.00152093	0.00192708
1.59000000	0.00665467	0.00302515	0.00230665	0.00175760	0.00177376	0.00630851	0.00175036	0.00255242	0.00401551	0.00152082	0.00202598	0.00640010	0.00384895	0.00871643	0.00057581	0.00255751	0.00185547	0.00145592	0.00507936	0.00196854	0.00083515	0.00266524	0.00598856	0.00245827	0.00286893	0.00158827	0.00175932
1.60000000	0.00469234	0.00327434	0.00259755	0.00157047	0.00155276	0.00574240	0.00223641	0.00320493	0.00388882	0.00141358	0.00196943	0.00653492	0.00370129	0.00877288	0.00061872	0.00264931	0.00159369	0.00141660	0.00522299	0.00196376	0.00070866	0.00275926	0.00572133	0.00224445	0.00284198	0.00148687	0.00186604
1.61000000	0.00477139	0.00310064	0.00277188	0.00130821	0.00167647	0.00497166	0.00177462	0.00442539	0.00366864	0.00133782	0.00122306	0.00605742	0.00360325	0.00893403	0.00071124	0.00248566	0.00173878	0.00137623	0.00520882	0.00177844	0.00077789	0.00285015	0.00609217	0.00239727	0.00278023	0.00158142	0.00176578
1.62000000	0.00384191	0.00305594	0.00289850	0.00109182	0.00155570	0.00523181	0.00194676	0.00476189	0.00354461	0.00105399	0.00081005	0.00602869	0.00354881	0.00876783	0.00071351	0.00271540	0.00162831	0.00138737	0.00535621	0.00182998	0.00067120	0.00299857	0.00585078	0.00222053	0.00274778	0.00145635	0.00177240
1.63000000	0.00385606	0.00304040	0.00286094	0.00124121	0.00158357	0.00527473	0.00161152	0.00497155	0.00299232	0.00141347	0.00098011	0.00573803	0.00294426	0.00860689	0.00059312	0.00303014	0.00167225	0.00159444	0.00533963	0.00199525	0.00068460	0.00306551	0.00558769	0.00210208	0.00263746	0.00143628	0.00172786
1.64000000	0.00352449	0.00302118	0.00301358	0.00087913	0.00165955	0.00493624	0.00101772	0.00423751	0.00247102	0.00174627	0.00060941	0.00547392	0.00311312	0.00833352	0.00071941	0.00270500	0.00164026	0.00140232	0.00525643	0.00177577	0.00074158	0.00308190	0.00592633	0.00214369	0.00259837	0.00144786	0.00148105
1.65000000	0.00389094	0.00286861	0.00288694	0.00100797	0.00177729	0.00466442	0.00091358	0.00348008	0.00192078	0.00181121	0.00093207	0.00535715	0.00275555	0.00790394	0.00061106	0.00294812	0.00159969	0.00146382	0.00518853	0.00179754	0.00072579	0.00306372	0.00575762	0.00202860	0.00247008	0.00144818	0.00148423
1.66000000	0.00360750	0.00315058	0.00287963	0.00078376	0.00170946	0.00413268	0.00063045	0.00226374	0.00139250	0.00208812	0.00081562	0.00491467	0.00283675	0.00767935	0.00072176	0.00279277	0.00140545	0.00145331	0.00519499	0.00170490	0.00075453	0.00313160	0.00585736	0.00210651	0.00238432	0.00133473	0.00140474
1.67000000	0.00352963	0.00341297	0.00286671	0.00070550	0.00168612	0.00367779	0.00099249	0.00197140	0.00103074	0.00175943	0.00130135	0.00476330	0.00291954	0.00726104	0.00072591	0.00283882	0.00142922	0.00131792	0.00505784	0.00168037	0.00085583	0.00310988	0.00593860	0.00202792	0.00238491	0.00110325	0.00122835
1.68000000	0.00407063	0.00290490	0.00266567	0.00085518	0.00176081	0.00368869	0.00123746	0.00199335	0.00061020	0.00187295	0.00115548	0.00476813	0.00247215	0.00702118	0.00057431	0.00308062	0.00153499	0.00142642	0.00500868	0.00161359	0.00077951	0.00303583	0.00572258	0.00186587	0.00227241	0.00132256	0.00131243
1.69000000	0.00410138	0.00332942	0.00261214	0.00070715	0.00168352	0.00328099	0.00105738	0.00273599	0.00072556	0.00205763	0.00124854	0.00469070	0.00267941	0.00679322	0.00072624	0.00289570	0.00109543	0.00152337	0.00503962	0.00155226	0.00076309	0.00304486	0.00562798	0.00196552	0.00214694	0.00121532	0.00135082
1.70000000	0.00413984	0.00355302	0.00269781	0.00071284	0.00169781	0.00328937	0.00152397	0.00298656	0.00087785	0.00158065	0.00140580	0.00466292	0.00264227	0.00654606	0.00059116	0.00309607	0.00110636	0.00129660	0.00471865	0.00146637	0.00090831	0.00285681	0.00580285	0.00183665	0.00212256	0.00109992	0.00119851
1.71000000	0.00426119	0.00333661	0.00263051	0.00077708	0.00162300	0.00311241	0.00154805	0.00315803	0.00100520	0.00157306	0.00119270	0.00470604	0.00252388	0.00645367	0.00046712	0.00313314	0.00144565	0.00135579	0.00468519	0.00145450	0.00089819	0.00281908	0.00567307	0.00177476	0.00202908	0.00106403	0.00119788
1.72000000	0.00424953	0.00314735	0.00251111	0.00095493	0.00153713	0.00321449	0.00124769	0.00301011	0.00095676	0.00175990	0.00113536	0.00485671	0.00241258	0.00650224	0.00052196	0.00289504	0.00156338	0.00138073	0.00461725	0.00148826	0.00086217	0.00273021	0.00544944	0.00154155	0.00199608	0.00105908	0.00113563
1.73000000	0.00458440	0.00349534	0.00260207	0.00100911	0.00161556	0.00300927	0.00136826	0.00246717	0.00089597	0.00171316	0.00137964	0.00498295	0.00259548	0.00629254	0.00066228	0.00277939	0.00090586	0.00138241	0.00451212	0.00146511	0.00086607	0.00257322	0.00529926	0.00159421	0.00186211	0.00092721	0.00108743
1.74000000	0.00486305	0.00367093	0.00272077	0.00112852	0.00170227	0.00281446	0.00168657	0.00196558	0.00080500	0.00168892	0.00166301	0.00493017	0.00259774	0.00615509	0.00067365	0.00281107	0.00060973	0.00122750	0.00420706	0.00135258	0.00096030	0.00230713	0.00538935	0.00160203	0.00177190	0.00097517	0.00105608
1.75000000	0.00503812	0.00370934	0.00280167	0.00123911	0.00174472	0.00268371	0.00192308	0.00185865	0.00062853	0.00190812	0.00178883	0.00481232	0.00252604	0.00603072	0.00071008	0.00273544	0.00065147	0.00107711	0.00393686	0.00130795	0.00104343	0.00208408	0.00545636	0.00156026	0.00164955	0.00100734	0.00105409
1.76000000	0.00431158	0.00348760	0.00264673	0.00125698	0.00143728	0.00302914	0.00181324	0.00241897	0.00063851	0.00193717	0.00137435	0.00474122	0.00221784	0.00609819	0.00057257	0.00215026	0.00171555	0.00106084	0.00395724	0.00136237	0.00084797	0.00200451	0.00500178	0.00117543	0.00167792	0.00082075	0.00107154
1.77000000	0.00486005	0.00347368	0.00280646	0.00140877	0.00165818	0.00317191	0.00222026	0.00248576	0.00074255	0.00195667	0.00189724	0.00468474	0.00202465	0.00574276	0.00050320	0.00223628	0.00099628	0.00103260	0.00366361	0.00144879	0.00090775	0.00173914	0.00485810	0.00119974	0.00164270	0.00071255	0.00097381
1.78000000	0.00422082	0.00320758	0.00242278	0.00145661	0.00127874	0.00311214	0.00221813	0.00303977	0.00080141	0.00178085	0.00120559	0.00457343	0.00146677	0.00565128	0.00049453	0.00203746	0.00133232	0.00082726	0.00361230	0.00137007	0.00077010	0.00165736	0.00468767	0.00078377	0.00165294	0.00071707	0.00096452
1.79000000	0.00455276	0.00309596	0.00241481	0.00146101	0.00133095	0.00350681	0.00254098	0.00307072	0.00089429	0.00196503	0.00153049	0.00436550	0.00127964	0.00529622	0.00063726	0.00170491	0.00106592	0.00060167	0.00337591	0.00132610	0.00075406	0.00144043	0.00465601	0.00064271	0.00155782	0.00071889	0.00105272
1.80000000	0.00509756	0.00292498	0.00263695	0.00158196	0.00162798	0.00440650	0.00274145	0.00310256	0.00113573	0.00201715	0.00207259	0.00407818	0.00076431	0.00489115	0.00034910	0.00209956	0.00107987	0.00060879	0.00307018	0.00149128	0.00082002	0.00119271	0.00443726	0.00073223	0.00153268	0.00045870	0.00091226
1.81000000	0.00470588	0.00323571	0.00254365	0.00124528	0.00142298	0.00502350	0.00268548	0.00370266	0.00108024	0.00218213	0.00149944	0.00353358	0.00056257	0.00472074	0.00065042	0.00116049	0.00127751	0.00049123	0.00292170	0.00150446	0.00072071	0.00110251	0.00421565	0.00043976	0.00143554	0.00047052	0.00094017
1.82000000	0.00519187	0.00265248	0.00266970	0.00158316	0.00172163	0.00566777	0.00303545	0.00388920	0.00122584	0.00243002	0.00205159	0.00338687	0.00106834	0.00426957	0.00049105	0.00178414	0.00120643	0.00040494	0.00260263	0.00156959	0.00078576	0.00085822	0.00418463	0.00055873	0.00149536	0.00028898	0.00075206
1.83000000	0.00469430	0.00297587	0.00252509	0.00114151	0.00146313	0.00583228	0.00303950	0.00482473	0.00118808	0.00234527	0.00140724	0.00292157	0.00056297	0.00419040	0.00076795	0.00072097	0.00136779	0.00044667	0.00247823	0.00154070	0.00070937	0.00080238	0.00389925	0.00021087	0.00134190	0.00030812	0.00077477
1.84000000	0.00500789	0.00226267	0.00256686	0.00152948	0.00173718	0.00608975	0.00357229	0.00492970	0.00126827	0.00242901	0.00200291	0.00270764	0.00207113	0.00383642	0.00073851	0.00153026	0.00134435	0.00056264	0.00211388	0.00163042	0.00082482	0.00065477	0.00386586	0.00034563	0.00144859	0.00018902	0.00055723
1.85000000	0.00439834	0.00260496	0.00240022	0.00092898	0.00140951	0.00568516	0.00358057	0.00577329	0.00117565	0.00238034	0.00115718	0.00233690	0.00165533	0.00394722	0.00110874	0.00087391	0.00109356	0.00076740	0.00219469	0.00155356	0.00078912	0.00065020	0.00338434	0.00035844	0.00122496	0.00017777	0.00062323
1.86000000	0.00417040	0.00235659	0.00230639	0.00084853	0.00140018	0.00549596	0.00390737	0.00581721	0.00114862	0.00239440	0.00115393	0.00192772	0.00226165	0.00413142	0.00115256	0.00077495	0.00123672	0.00094151	0.00202566	0.00156377	0.00086493	0.00062533	0.00318834	0.00046280	0.00121388	0.00009990	0.00056148
1.87000000	0.00385009	0.00206059	0.00220676	0.00084827	0.00139026	0.00510236	0.00446368	0.00551125	0.00110597	0.00238652	0.00098690	0.00159696	0.00286684	0.00427866	0.00132762	0.00095985	0.00133988	0.00117695	0.00188318	0.00150616	0.00097189	0.00054659	0.00297735	0.00062547	0.00121987	0.00003940	0.00058187
1.88000000	0.00367629	0.00199803	0.00234904	0.00076460	0.00146558	0.00444711	0.00436701	0.00531882	0.00102084	0.00247368	0.00113123	0.00116429	0.00332190	0.00445040	0.00152820	0.00125795	0.00143430	0.00139487	0.00174746	0.00152202	0.00111720	0.00054368	0.00267149	0.00080264	0.00114398	0.00021033	0.00047853
1.89000000	0.00340380	0.00173310	0.00228192	0.00074703	0.00145742	0.00355061	0.00472737	0.00479481	0.00105557	0.00259146	0.00102072	0.00096217	0.00386149	0.00472960	0.00156694	0.00157233	0.00155493	0.00160713	0.00166777	0.00144780	0.00125858	0.00051237	0.00243856	0.00096131	0.00114733	0.00032924	0.00057598
1.90000000	0.00318116	0.00153794	0.00226123	0.00078818	0.00146752	0.00273752	0.00497404	0.00420663	0.00119891	0.00266556	0.00118181	0.00115016	0.00431940	0.00492155	0.00173342	0.00186175	0.00172436	0.00181511	0.00160401	0.00138102	0.00138799	0.00045760	0.00224740	0.00112471	0.00117997	0.00031077	0.00042427
1.91000000	0.00328407	0.00148177	0.00234348	0.00080018	0.00152735	0.00187766	0.00496592	0.00377684	0.00137523	0.00290101	0.00139579	0.00140664	0.00472483	0.00516145	0.00185539	0.00220818	0.00179193	0.00200715	0.00154553	0.00133195	0.00152562	0.00041683	0.00201529	0.00129620	0.00117060	0.00037616	0.00037272
1.92000000	0.00359674	0.00156362	0.00250547	0.00084690	0.00163378	0.00135475	0.00478406	0.00350898	0.00162175	0.00323030	0.00175812	0.00177728	0.00504520	0.00539759	0.00206562	0.00251443	0.00177095	0.00211240	0.00155012	0.00125252	0.00168937	0.00038869	0.00182405	0.00138075	0.00115507	0.00038961	0.00031810
1.93000000	0.00366582	0.00127512	0.00205842	0.00092193	0.00146404	0.00106179	0.00571430	0.00314405	0.00182333	0.00302628	0.00230199	0.00233622	0.00585496	0.00542947	0.00207033	0.00280218	0.00237726	0.00220666	0.00178405	0.00112280	0.00197943	0.00021157	0.00154175	0.00149081	0.00130160	0.00054609	0.00058412
1.94000000	0.00428249	0.00172754	0.00252386	0.00098628	0.00172205	0.00149865	0.00545707	0.00292839	0.00206580	0.00364444	0.00206651	0.00314694	0.00588208	0.00571211	0.00215837	0.00302741	0.00182751	0.00235877	0.00156911	0.00104992	0.00195350	0.00018446	0.00163872	0.00160966	0.00125110	0.00053572	0.00035283
1.95000000	0.00502992	0.00210761	0.00291632	0.00100840	0.00195023	0.00154321	0.00485883	0.00314034	0.00236396	0.00408130	0.00241389	0.00339588	0.00596607	0.00612371	0.00239849	0.00317977	0.00152307	0.00235434	0.00158682	0.00101642	0.00209327	0.00019271	0.00152138	0.00159868	0.00118342	0.00056425	0.00034589
1.96000000	0.00507784	0.00232076	0.00246900	0.00119862	0.00183728	0.00189963	0.00589589	0.00305653	0.00252931	0.00388577	0.00292401	0.00392025	0.00677334	0.00608550	0.00231956	0.00334734	0.00215425	0.00236111	0.00179657	0.00094258	0.00226050	0.00008393	0.00152028	0.00166292	0.00127408	0.00058819	0.00039500
1.97000000	0.00531144	0.00268253	0.00217879	0.00123633	0.00173659	0.00208953	0.00665435	0.00289396	0.00271363	0.00388615	0.00310689	0.00467780	0.00712422	0.00620646	0.00221738	0.00380867	0.00283813	0.00237352	0.00201629	0.00086816	0.00246035	0.00031467	0.00162002	0.00172859	0.00139583	0.00065630	0.00068018
1.98000000	0.00636102	0.00283992	0.00325866	0.00117797	0.00226413	0.00175830	0.00547849	0.00294743	0.00292824	0.00448021	0.00300346	0.00474142	0.00661874	0.00702174	0.00275760	0.00345639	0.00097810	0.00230361	0.00162829	0.00092924	0.00231144	0.00015972	0.00179660	0.00161948	0.00123060	0.00066463	0.00031394
1.99000000	0.00643409	0.00293669	0.00299449	0.00129415	0.00221894	0.00167594	0.00620300	0.00292685	0.00309969	0.00452640	0.00312130	0.00536063	0.00712515	0.00705224	0.00260031	0.00366725	0.00142552	0.00219998	0.00172501	0.00089330	0.00241294	0.00026820	0.00197748	0.00158948	0.00124242	0.00063269	0.00053386
2.00000000	0.00665508	0.00315977	0.00286520	0.00134913	0.00219385	0.00145740	0.00669553	0.00298165	0.00328179	0.00461141	0.00317212	0.00589112	0.00736528	0.00723756	0.00240827	0.00394584	0.00198096	0.00211054	0.00186822	0.00093254	0.00247575	0.00042737	0.00211338	0.00153584	0.00126581	0.00066132	0.00061437
2.01000000	0.00738488	0.00335602	0.00346204	0.00133850	0.00249085	0.00130725	0.00605409	0.00317257	0.00342998	0.00475115	0.00292630	0.00582132	0.00707063	0.00788487	0.00278262	0.00373544	0.00047695	0.00200759	0.00158070	0.00095856	0.00230105	0.00035618	0.00235255	0.00139039	0.00121707	0.00073022	0.00041427
2.02000000	0.00741827	0.00334871	0.00327400	0.00137499	0.00242982	0.00107369	0.00661281	0.00334317	0.00359553	0.00479139	0.00308624	0.00621446	0.00732547	0.00810731	0.00260072	0.00397450	0.00127385	0.00181863	0.00172545	0.00100505	0.00234138	0.00046076	0.00246138	0.00128835	0.00117404	0.00060771	0.00051302
2.03000000	0.00784513	0.00358568	0.00347675	0.00137160	0.00252705	0.00100387	0.00628851	0.00369782	0.00381197	0.00495767	0.00282390	0.00623741	0.00719051	0.00853352	0.00264768	0.00404127	0.00055218	0.00169598	0.00158278	0.00099912	0.00219232	0.00045845	0.00266692	0.00113201	0.00121500	0.00062657	0.00040635
2.04000000	0.00788814	0.00361468	0.00345578	0.00153729	0.00260727	0.00112409	0.00694945	0.00375378	0.00380405	0.00477395	0.00314737	0.00634273	0.00758003	0.00893326	0.00298170	0.00408158	0.00185274	0.00136995	0.00154283	0.00104819	0.00210206	0.00042085	0.00273673	0.00090991	0.00103917	0.00071238	0.00046252
2.05000000	0.00819345	0.00350568	0.00341435	0.00132109	0.00248429	0.00102347	0.00668529	0.00421581	0.00400649	0.00485670	0.00278857	0.00622685	0.00723211	0.00951482	0.00274287	0.00434085	0.00045871	0.00137600	0.00151234	0.00105564	0.00200687	0.00046829	0.00289927	0.00082478	0.00113469	0.00052241	0.00045040
2.06000000	0.00823451	0.00338100	0.00340612	0.00140049	0.00251728	0.00132755	0.00721222	0.00425398	0.00399360	0.00470993	0.00315211	0.00621365	0.00739958	0.01016139	0.00310202	0.00432113	0.00200280	0.00115957	0.00146281	0.00116724	0.00188435	0.00049600	0.00291674	0.00064113	0.00091871	0.00067718	0.00048520
2.07000000	0.00851485	0.00355151	0.00342425	0.00123629	0.00244505	0.00151675	0.00686921	0.00470728	0.00418281	0.00492853	0.00295063	0.00625992	0.00708410	0.01058694	0.00273215	0.00465438	0.00136222	0.00113514	0.00139795	0.00118758	0.00175778	0.00042003	0.00291438	0.00054005	0.00089019	0.00045256	0.00057281
2.08000000	0.00860836	0.00332960	0.00338045	0.00113687	0.00234974	0.00174204	0.00715850	0.00479823	0.00415004	0.00498355	0.00311671	0.00630653	0.00709415	0.01119637	0.00300840	0.00462701	0.00207295	0.00114987	0.00153119	0.00121174	0.00181210	0.00050711	0.00278008	0.00039751	0.00088442	0.00035676	0.00056429
2.09000000	0.00881395	0.00347339	0.00346111	0.00101153	0.00230912	0.00188060	0.00684756	0.00524446	0.00423774	0.00516685	0.00295482	0.00626203	0.00690914	0.01161322	0.00290838	0.00475578	0.00171147	0.00102726	0.00142306	0.00131537	0.00162030	0.00037862	0.00267396	0.00032409	0.00078368	0.00020953	0.00059688
2.10000000	0.00893647	0.00346826	0.00335271	0.00099344	0.00224381	0.00206919	0.00691517	0.00534316	0.00427401	0.00511485	0.00309146	0.00617860	0.00685938	0.01202449	0.00291068	0.00477308	0.00159971	0.00090423	0.00121109	0.00136084	0.00140748	0.00028984	0.00267011	0.00029659	0.00068737	0.00015624	0.00045579
2.11000000	0.00917537	0.00314895	0.00283587	0.00097625	0.00198195	0.00210100	0.00717354	0.00542307	0.00426893	0.00497666	0.00321181	0.00624716	0.00705132	0.01218657	0.00292650	0.00454674	0.00146136	0.00086395	0.00092468	0.00128468	0.00122448	0.00029176	0.00278906	0.00025125	0.00078685	0.00015286	0.00026688
2.12000000	0.00918315	0.00299343	0.00285945	0.00088647	0.00191822	0.00210739	0.00753647	0.00534432	0.00416777	0.00477625	0.00354082	0.00609741	0.00692664	0.01273536	0.00299510	0.00443665	0.00172120	0.00100742	0.00087120	0.00136672	0.00118343	0.00039826	0.00260767	0.00041316	0.00056406	0.00023312	0.00047746
2.13000000	0.00934607	0.00283779	0.00245561	0.00096721	0.00171410	0.00225026	0.00733545	0.00561797	0.00427674	0.00506598	0.00332140	0.00642881	0.00721720	0.01256933	0.00276475	0.00423661	0.00160115	0.00073992	0.00061435	0.00135053	0.00096425	0.00035768	0.00259994	0.00040596	0.00062566	0.00007602	0.00025938
2.14000000	0.00939548	0.00276269	0.00243438	0.00086573	0.00160570	0.00223438	0.00778602	0.00544948	0.00410866	0.00473930	0.00362273	0.00611834	0.00700095	0.01310947	0.00262439	0.00427087	0.00183831	0.00093289	0.00059017	0.00140210	0.00098262	0.00046794	0.00242950	0.00051928	0.00051526	0.00023348	0.00037901
2.15000000	0.00946549	0.00262981	0.00212708	0.00113798	0.00153565	0.00236416	0.00748892	0.00571417	0.00423872	0.00514931	0.00329489	0.00649047	0.00751438	0.01281043	0.00248286	0.00378683	0.00158439	0.00056505	0.00039218	0.00146873	0.00072242	0.00053397	0.00233825	0.00054485	0.00044002	0.00014893	0.00015102
2.16000000	0.00956017	0.00260763	0.00206863	0.00109187	0.00140769	0.00232985	0.00786506	0.00556230	0.00405633	0.00477091	0.00356713	0.00607229	0.00740568	0.01318927	0.00226767	0.00392622	0.00177392	0.00076139	0.00039542	0.00148640	0.00076950	0.00063429	0.00225908	0.00063537	0.00036647	0.00027715	0.00038182
2.17000000	0.00927010	0.00254491	0.00200846	0.00129649	0.00144771	0.00221090	0.00746195	0.00586443	0.00425799	0.00534540	0.00318562	0.00602069	0.00775512	0.01316339	0.00204814	0.00366176	0.00167225	0.00045177	0.00041943	0.00156109	0.00053287	0.00079945	0.00222795	0.00070738	0.00020948	0.00043647	0.00021399
2.18000000	0.00938658	0.00279863	0.00189571	0.00135576	0.00137121	0.00229807	0.00802858	0.00560177	0.00402869	0.00473033	0.00367435	0.00561433	0.00741265	0.01334530	0.00192162	0.00412211	0.00211242	0.00047785	0.00060994	0.00166169	0.00056076	0.00084183	0.00215770	0.00073780	0.00037023	0.00065029	0.00029640
2.19000000	0.00946504	0.00287012	0.00191269	0.00137307	0.00135967	0.00218036	0.00802285	0.00553534	0.00389752	0.00462034	0.00371083	0.00474334	0.00805738	0.01311430	0.00192288	0.00382670	0.00247052	0.00058344	0.00076385	0.00174170	0.00058344	0.00104276	0.00227403	0.00123054	0.00009758	0.00050776	0.00067302
2.20000000	0.00955812	0.00262504	0.00167760	0.00179734	0.00147117	0.00245115	0.00768342	0.00574285	0.00398179	0.00511180	0.00325752	0.00558065	0.00855216	0.01167788	0.00133549	0.00291391	0.00088278	0.00022309	0.00075401	0.00159783	0.00041500	0.00117116	0.00227148	0.00064648	0.00019661	0.00055531	0.00023100
2.21000000	0.00953868	0.00262146	0.00153872	0.00180606	0.00140055	0.00228635	0.00772096	0.00568019	0.00392794	0.00501255	0.00346083	0.00494233	0.00860390	0.01108220	0.00124227	0.00311555	0.00095788	0.00026169	0.00088413	0.00162631	0.00047631	0.00126569	0.00252418	0.00058570	0.00021343	0.00057407	0.00032161
2.22000000	0.00918391	0.00274398	0.00167435	0.00189743	0.00152792	0.00231817	0.00747955	0.00583884	0.00402565	0.00531920	0.00322106	0.00439723	0.00879435	0.01033038	0.00123955	0.00287516	0.00044614	0.00024786	0.00103730	0.00169605	0.00036451	0.00143392	0.00254411	0.00076115	0.00027071	0.00069872	0.00029828
2.23000000	0.00933928	0.00266753	0.00141748	0.00189052	0.00140635	0.00228683	0.00770326	0.00562426	0.00385765	0.00504094	0.00353488	0.00383053	0.00870568	0.00935918	0.00114691	0.00332457	0.00132047	0.00027899	0.00101485	0.00166648	0.00056415	0.00151029	0.00293575	0.00087429	0.00024085	0.00071389	0.00047068
2.24000000	0.00914967	0.00264545	0.00134094	0.00189332	0.00138866	0.00223719	0.00751766	0.00570384	0.00394521	0.00519607	0.00365592	0.00351753	0.00853045	0.00840813	0.00120780	0.00370750	0.00154742	0.00035346	0.00096597	0.00163081	0.00068627	0.00158095	0.00323483	0.00099771	0.00023392	0.00083466	0.00048408
2.25000000	0.00880329	0.00338247	0.00181660	0.00192785	0.00157166	0.00228503	0.00767259	0.00560867	0.00373359	0.00517774	0.00329442	0.00313287	0.00850948	0.00733365	0.00085914	0.00300433	0.00079854	0.00069467	0.00119738	0.00158212	0.00055688	0.00187699	0.00313203	0.00055557	0.00029671	0.00070100	0.00043828
2.26000000	0.00867007	0.00330055	0.00182195	0.00199112	0.00163295	0.00237488	0.00741011	0.00572508	0.00379434	0.00536129	0.00320511	0.00290035	0.00847867	0.00609100	0.00083479	0.00312127	0.00086465	0.00080106	0.00120567	0.00155754	0.00060383	0.00194270	0.00327603	0.00061482	0.00031789	0.00071508	0.00039492
2.27000000	0.00844442	0.00348907	0.00190842	0.00195032	0.00164877	0.00246936	0.00744672	0.00565777	0.00373249	0.00534809	0.00320628	0.00274544	0.00836080	0.00499272	0.00078083	0.00306884	0.00111926	0.00089828	0.00118353	0.00149596	0.00070119	0.00205168	0.00347218	0.00053089	0.00029700	0.00073778	0.00038418
2.28000000	0.00846909	0.00353598	0.00184222	0.00203718	0.00170713	0.00252333	0.00738242	0.00567911	0.00370237	0.00529372	0.00352410	0.00262294	0.00807714	0.00393671	0.00110526	0.00358746	0.00114634	0.00103606	0.00103890	0.00145032	0.00084277	0.00208239	0.00367901	0.00074991	0.00024442	0.00059891	0.00053763
2.29000000	0.00807734	0.00396243	0.00207671	0.00190713	0.00171127	0.00253347	0.00745868	0.00561314	0.00362170	0.00531565	0.00325626	0.00306599	0.00790713	0.00346997	0.00096302	0.00305149	0.00155849	0.00116273	0.00116237	0.00133321	0.00086129	0.00228348	0.00372696	0.00039925	0.00022271	0.00071604	0.00034568
2.30000000	0.00780321	0.00424923	0.00215770	0.00181351	0.00169530	0.00241237	0.00758127	0.00555959	0.00353313	0.00529020	0.00320550	0.00363147	0.00762100	0.00344657	0.00122349	0.00315276	0.00159204	0.00121454	0.00114577	0.00125133	0.00094788	0.00238757	0.00386035	0.00028689	0.00015382	0.00075116	0.00039201
2.31000000	0.00774095	0.00435990	0.00219719	0.00187957	0.00179079	0.00248524	0.00747646	0.00560510	0.00351974	0.00526227	0.00346098	0.00376162	0.00753784	0.00388508	0.00146073	0.00336902	0.00155423	0.00133994	0.00106030	0.00119574	0.00102129	0.00243805	0.00393527	0.00049664	0.00011488	0.00058475	0.00034135
2.32000000	0.00765568	0.00446321	0.00224296	0.00188924	0.00183611	0.00249858	0.00729475	0.00572301	0.00349116	0.00534737	0.00348427	0.00411509	0.00750915	0.00436644	0.00167254	0.00334380	0.00177768	0.00140468	0.00100122	0.00112762	0.00107392	0.00248217	0.00397125	0.00064255	0.00017613	0.00062164	0.00028583
2.33000000	0.00732535	0.00469164	0.00232811	0.00175754	0.00181669	0.00250603	0.00757799	0.00553057	0.00341281	0.00524781	0.00321408	0.00483210	0.00742340	0.00427843	0.00154786	0.00290313	0.00170348	0.00156287	0.00111338	0.00107781	0.00110542	0.00259021	0.00398481	0.00027418	0.00014090	0.00063248	0.00022188
2.34000000	0.00723536	0.00468626	0.00228890	0.00164570	0.00172010	0.00257621	0.00766036	0.00545660	0.00328934	0.00507827	0.00346719	0.00521613	0.00743360	0.00427329	0.00158971	0.00296099	0.00166312	0.00150407	0.00108622	0.00106799	0.00114894	0.00253286	0.00404647	0.00043773	0.00008649	0.00057854	0.00026119
2.35000000	0.00711682	0.00477084	0.00233774	0.00167911	0.00178481	0.00257978	0.00757391	0.00548229	0.00329781	0.00522088	0.00322888	0.00519592	0.00744297	0.00396049	0.00143972	0.00291095	0.00154668	0.00163703	0.00111886	0.00107099	0.00114449	0.00253316	0.00395468	0.00037830	0.00013239	0.00059694	0.00013348
2.36000000	0.00697096	0.00469629	0.00233941	0.00156653	0.00170297	0.00253402	0.00763805	0.00540916	0.00319460	0.00515953	0.00333282	0.00547906	0.00762228	0.00395919	0.00119516	0.00278280	0.00129261	0.00146727	0.00114576	0.00111313	0.00111214	0.00242883	0.00393325	0.00047980	0.00024341	0.00065616	0.00019646
2.37000000	0.00686716	0.00470977	0.00229572	0.00140459	0.00155688	0.00239258	0.00763989	0.00543506	0.00310933	0.00511793	0.00347090	0.00578636	0.00758019	0.00476376	0.00101366	0.00283953	0.00112370	0.00144918	0.00127472	0.00110958	0.00112013	0.00240623	0.00394770	0.00066726	0.00040600	0.00067870	0.00021304
2.38000000	0.00696772	0.00438231	0.00194708	0.00138150	0.00142341	0.00235272	0.00757016	0.00534246	0.00315115	0.00525097	0.00316358	0.00531108	0.00771506	0.00544131	0.00098731	0.00290881	0.00151559	0.00140009	0.00128644	0.00112244	0.00115366	0.00228909	0.00395204	0.00061253	0.00032304	0.00066651	0.00006561
2.39000000	0.00708185	0.00412450	0.00164991	0.00147116	0.00139375	0.00237778	0.00758552	0.00539426	0.00309782	0.00520674	0.00305182	0.00496896	0.00778181	0.00620906	0.00104434	0.00280269	0.00143856	0.00132862	0.00135874	0.00112839	0.00115315	0.00215251	0.00391544	0.00058409	0.00037535	0.00073639	0.00013085
2.40000000	0.00709650	0.00392805	0.00155422	0.00149579	0.00134502	0.00243264	0.00755910	0.00539642	0.00306337	0.00511067	0.00322067	0.00501526	0.00771912	0.00713170	0.00120312	0.00260859	0.00139508	0.00131230	0.00147136	0.00112427	0.00115202	0.00204818	0.00386621	0.00058282	0.00040726	0.00087505	0.00030046
2.41000000	0.00697679	0.00364437	0.00156846	0.00134635	0.00122866	0.00234921	0.00760143	0.00532132	0.00298666	0.00505602	0.00334701	0.00499684	0.00739203	0.00852671	0.00158396	0.00263162	0.00146687	0.00121577	0.00165858	0.00124090	0.00114600	0.00201363	0.00391045	0.00067839	0.00060525	0.00092288	0.00021039
2.42000000	0.00716276	0.00352028	0.00113299	0.00131644	0.00105079	0.00241046	0.00754442	0.00532953	0.00299153	0.00515457	0.00300088	0.00491501	0.00720109	0.00848172	0.00197294	0.00239420	0.00166583	0.00115747	0.00166787	0.00124302	0.00125675	0.00187713	0.00404686	0.00081867	0.00061953	0.00083891	0.00014221
2.43000000	0.00689347	0.00328183	0.00124737	0.00129370	0.00107663	0.00242435	0.00763464	0.00529353	0.00300303	0.00509720	0.00342063	0.00482750	0.00652640	0.00898711	0.00247168	0.00257050	0.00198763	0.00116006	0.00194514	0.00133678	0.00118775	0.00189803	0.00393710	0.00086426	0.00082004	0.00101074	0.00025967
2.44000000	0.00697699	0.00312063	0.00095566	0.00130657	0.00095706	0.00237656	0.00756848	0.00540525	0.00301892	0.00514870	0.00325042	0.00471525	0.00612063	0.00799198	0.00265451	0.00204892	0.00199206	0.00111395	0.00197324	0.00129152	0.00129082	0.00175988	0.00407092	0.00089814	0.00079164	0.00101075	0.00012181
2.45000000	0.00685587	0.00273647	0.00090054	0.00120746	0.00088167	0.00240768	0.00758118	0.00530624	0.00303517	0.00522893	0.00331669	0.00441037	0.00538497	0.00743303	0.00290258	0.00187907	0.00224390	0.00099414	0.00216912	0.00138541	0.00130381	0.00175326	0.00416508	0.00096419	0.00096494	0.00108992	0.00025682
2.46000000	0.00677733	0.00265867	0.00078395	0.00119133	0.00085133	0.00236233	0.00762414	0.00546915	0.00304376	0.00519740	0.00329698	0.00404654	0.00453237	0.00586079	0.00304948	0.00165890	0.00236210	0.00111412	0.00233343	0.00137305	0.00136535	0.00172755	0.00420711	0.00093613	0.00103876	0.00109653	0.00022684
2.47000000	0.00662598	0.00241506	0.00086538	0.00108692	0.00082319	0.00244802	0.00763282	0.00538430	0.00307215	0.00534298	0.00334628	0.00384371	0.00368971	0.00445452	0.00320927	0.00146948	0.00252685	0.00107560	0.00244217	0.00142908	0.00143022	0.00173955	0.00432512	0.00101883	0.00117218	0.00119076	0.00038702
2.48000000	0.00653794	0.00214138	0.00091606	0.00103597	0.00078808	0.00252907	0.00769394	0.00535382	0.00307088	0.00541166	0.00323954	0.00391421	0.00307452	0.00267656	0.00321637	0.00126924	0.00256496	0.00107948	0.00249856	0.00144408	0.00153229	0.00168186	0.00447548	0.00108269	0.00124610	0.00122788	0.00030340
2.49000000	0.00635102	0.00193371	0.00082672	0.00101504	0.00074103	0.00239336	0.00784549	0.00544929	0.00305428	0.00538827	0.00328435	0.00402558	0.00258519	0.00125776	0.00307358	0.00107344	0.00279468	0.00122012	0.00264951	0.00143776	0.00159958	0.00167936	0.00453537	0.00105819	0.00130343	0.00123535	0.00035772
2.50000000	0.00624532	0.00206613	0.00113437	0.00093243	0.00077072	0.00241820	0.00776275	0.00540230	0.00308158	0.00552628	0.00331196	0.00487683	0.00242880	0.00211722	0.00300739	0.00099885	0.00289218	0.00113433	0.00274631	0.00146786	0.00166578	0.00168247	0.00472532	0.00111239	0.00143220	0.00128232	0.00053997
2.51000000	0.00614964	0.00209339	0.00132777	0.00099838	0.00081225	0.00237617	0.00783987	0.00540798	0.00300640	0.00553464	0.00325280	0.00573552	0.00270273	0.00382380	0.00294570	0.00121094	0.00293467	0.00117378	0.00285580	0.00148289	0.00171014	0.00164746	0.00479338	0.00105942	0.00153313	0.00139615	0.00058633
2.52000000	0.00597898	0.00210946	0.00136542	0.00109080	0.00078982	0.00227445	0.00796597	0.00538325	0.00297374	0.00558282	0.00331457	0.00639463	0.00302578	0.00554970	0.00284775	0.00166482	0.00300222	0.00134924	0.00296115	0.00148217	0.00179418	0.00164622	0.00485437	0.00110052	0.00163231	0.00131638	0.00061302
2.53000000	0.00591827	0.00254188	0.00176858	0.00115269	0.00086162	0.00230105	0.00786661	0.00529668	0.00292833	0.00563752	0.00337643	0.00732580	0.00330168	0.00669168	0.00286908	0.00178468	0.00315429	0.00120351	0.00297839	0.00147845	0.00183620	0.00160993	0.00503930	0.00116658	0.00170533	0.00139756	0.00073944
2.54000000	0.00583632	0.00317050	0.00209782	0.00141493	0.00096292	0.00227842	0.00781092	0.00533195	0.00284460	0.00559069	0.00361694	0.00787866	0.00417336	0.00719436	0.00314105	0.00214861	0.00348989	0.00130860	0.00297174	0.00141578	0.00191655	0.00153870	0.00509184	0.00124682	0.00172836	0.00155718	0.00093513
2.55000000	0.00571919	0.00248055	0.00187246	0.00163749	0.00085937	0.00216823	0.00794891	0.00516561	0.00271708	0.00571594	0.00333070	0.00808907	0.00347005	0.00807779	0.00310894	0.00247510	0.00321508	0.00145316	0.00302117	0.00146206	0.00196805	0.00150999	0.00511987	0.00127674	0.00188222	0.00135654	0.00078240
2.56000000	0.00568326	0.00314990	0.00220125	0.00186876	0.00096088	0.00216002	0.00780814	0.00510785	0.00261641	0.00558527	0.00366901	0.00835051	0.00394893	0.00747891	0.00349856	0.00245667	0.00343349	0.00141731	0.00292987	0.00136944	0.00205063	0.00139890	0.00525072	0.00118846	0.00182444	0.00151645	0.00096073
2.57000000	0.00569472	0.00263897	0.00216655	0.00212276	0.00087607	0.00203539	0.00780600	0.00489042	0.00235387	0.00572784	0.00314132	0.00811136	0.00305794	0.00733758	0.00374577	0.00261774	0.00344342	0.00154388	0.00296112	0.00140177	0.00207513	0.00139930	0.00528553	0.00150784	0.00190917	0.00134957	0.00091463
2.58000000	0.00561237	0.00320799	0.00240701	0.00234353	0.00105069	0.00205137	0.00757499	0.00474640	0.00225565	0.00555694	0.00361380	0.00831636	0.00311211	0.00575434	0.00433736	0.00226487	0.00316555	0.00148347	0.00276391	0.00136344	0.00211553	0.00128082	0.00537097	0.00131308	0.00196669	0.00161673	0.00110534
2.59000000	0.00568647	0.00363921	0.00272096	0.00251710	0.00120050	0.00189464	0.00725045	0.00463037	0.00201608	0.00536319	0.00378068	0.00813181	0.00246309	0.00443219	0.00486978	0.00179372	0.00329649	0.00167182	0.00284952	0.00138975	0.00210030	0.00129235	0.00526046	0.00142003	0.00203926	0.00173456	0.00127361
2.60000000	0.00533997	0.00229455	0.00221880	0.00284982	0.00098695	0.00194040	0.00752241	0.00413369	0.00182771	0.00570724	0.00315729	0.00723641	0.00157865	0.00392994	0.00513057	0.00215410	0.00348756	0.00194306	0.00267905	0.00139968	0.00215182	0.00124221	0.00524064	0.00167286	0.00209066	0.00154938	0.00111496
2.61000000	0.00541790	0.00248226	0.00230994	0.00291916	0.00098660	0.00172504	0.00706475	0.00400814	0.00160541	0.00553820	0.00325406	0.00684427	0.00096327	0.00316191	0.00551034	0.00186712	0.00346779	0.00204272	0.00267694	0.00143176	0.00217696	0.00123843	0.00526832	0.00175929	0.00207044	0.00157923	0.00112245
2.62000000	0.00518871	0.00205421	0.00208574	0.00307527	0.00096235	0.00174061	0.00692853	0.00368721	0.00146476	0.00560708	0.00320567	0.00625930	0.00117720	0.00287955	0.00576912	0.00195439	0.00333478	0.00214944	0.00254756	0.00145497	0.00219036	0.00122055	0.00526034	0.00183166	0.00207565	0.00158405	0.00120348
2.63000000	0.00524389	0.00225277	0.00213942	0.00305539	0.00105331	0.00164863	0.00636007	0.00354163	0.00128237	0.00542091	0.00326725	0.00616057	0.00152755	0.00277006	0.00595782	0.00171825	0.00298142	0.00232114	0.00242600	0.00150637	0.00218043	0.00122631	0.00517899	0.00184218	0.00210192	0.00174867	0.00136985
2.64000000	0.00525932	0.00221387	0.00200671	0.00294100	0.00092145	0.00160573	0.00594247	0.00328886	0.00123940	0.00526460	0.00334507	0.00600311	0.00155300	0.00286602	0.00586868	0.00181814	0.00278698	0.00253824	0.00233486	0.00150496	0.00233525	0.00111507	0.00521762	0.00188715	0.00196236	0.00175175	0.00118836
2.65000000	0.00476906	0.00177541	0.00169285	0.00293977	0.00084520	0.00172196	0.00601914	0.00284222	0.00103648	0.00534687	0.00316037	0.00534011	0.00139773	0.00295498	0.00564293	0.00215328	0.00291029	0.00254767	0.00215765	0.00155509	0.00228243	0.00118567	0.00519708	0.00200830	0.00195416	0.00167671	0.00129399
2.66000000	0.00449705	0.00187025	0.00163335	0.00273638	0.00070946	0.00197238	0.00583187	0.00231594	0.00092661	0.00535610	0.00303645	0.00511719	0.00130239	0.00303446	0.00520721	0.00247132	0.00263837	0.00266395	0.00206062	0.00162470	0.00227260	0.00122269	0.00514038	0.00205239	0.00192620	0.00172612	0.00128001
2.67000000	0.00454070	0.00182324	0.00144189	0.00247863	0.00059488	0.00195606	0.00516103	0.00209605	0.00094070	0.00528228	0.00289222	0.00532359	0.00123525	0.00370102	0.00463954	0.00288961	0.00234565	0.00273315	0.00194421	0.00168566	0.00235995	0.00116921	0.00518913	0.00209900	0.00179731	0.00167200	0.00117222
2.68000000	0.00413604	0.00212633	0.00127661	0.00236068	0.00064723	0.00229711	0.00515184	0.00155872	0.00078622	0.00508712	0.00291927	0.00547794	0.00154422	0.00483990	0.00418628	0.00298638	0.00224238	0.00278141	0.00188626	0.00169366	0.00230972	0.00125334	0.00504140	0.00197456	0.00175785	0.00178888	0.00125936
2.69000000	0.00421408	0.00205873	0.00099980	0.00217172	0.00067283	0.00229333	0.00430585	0.00146798	0.00095545	0.00508639	0.00254651	0.00581599	0.00162090	0.00640499	0.00343968	0.00358280	0.00213440	0.00290122	0.00180423	0.00168489	0.00232904	0.00127091	0.00489037	0.00207313	0.00171286	0.00170668	0.00120875
2.70000000	0.00371863	0.00260824	0.00103399	0.00177072	0.00060306	0.00271822	0.00442985	0.00074725	0.00087779	0.00471857	0.00277625	0.00623173	0.00218209	0.00730845	0.00298181	0.00344176	0.00199909	0.00275614	0.00171713	0.00178366	0.00233542	0.00127126	0.00497059	0.00193241	0.00158837	0.00172275	0.00114817
2.71000000	0.00387200	0.00262387	0.00075474	0.00163471	0.00066734	0.00272175	0.00356009	0.00083149	0.00100317	0.00478356	0.00207768	0.00610833	0.00234470	0.00841425	0.00253039	0.00382162	0.00173473	0.00295697	0.00162233	0.00169296	0.00231393	0.00131926	0.00467907	0.00201369	0.00152337	0.00175099	0.00111558
2.72000000	0.00388386	0.00257465	0.00046710	0.00141735	0.00065749	0.00276815	0.00297696	0.00088376	0.00123297	0.00464919	0.00181653	0.00602628	0.00276231	0.00865115	0.00215829	0.00414057	0.00156456	0.00294178	0.00153061	0.00165029	0.00240378	0.00127199	0.00466001	0.00206740	0.00130402	0.00166913	0.00091008
2.73000000	0.00348921	0.00246787	0.00054692	0.00119098	0.00080085	0.00296150	0.00299034	0.00079803	0.00138013	0.00393659	0.00198925	0.00586660	0.00304885	0.00833588	0.00200975	0.00385980	0.00141495	0.00279292	0.00138558	0.00166750	0.00250287	0.00115291	0.00484597	0.00208157	0.00103086	0.00150916	0.00075169
2.74000000	0.00302844	0.00281349	0.00080315	0.00077692	0.00091094	0.00313428	0.00295181	0.00067529	0.00124911	0.00392189	0.00196230	0.00623939	0.00246204	0.00724799	0.00192448	0.00309773	0.00088534	0.00265478	0.00139399	0.00192853	0.00224425	0.00137106	0.00465933	0.00181046	0.00127219	0.00180724	0.00083671
2.75000000	0.00353423	0.00301715	0.00059182	0.00058380	0.00075486	0.00308355	0.00202816	0.00084263	0.00144392	0.00399427	0.00101904	0.00519733	0.00270499	0.00657288	0.00194197	0.00316058	0.00072157	0.00279898	0.00129461	0.00177305	0.00224061	0.00141983	0.00434249	0.00186284	0.00113358	0.00182069	0.00082039
2.76000000	0.00362670	0.00296851	0.00052565	0.00058170	0.00074568	0.00305138	0.00160817	0.00117504	0.00180451	0.00351500	0.00114506	0.00467865	0.00284151	0.00555723	0.00199380	0.00299953	0.00054799	0.00276129	0.00118678	0.00168744	0.00235219	0.00134673	0.00436971	0.00189096	0.00088356	0.00175605	0.00061864
2.77000000	0.00277924	0.00247173	0.00097547	0.00083532	0.00113657	0.00320265	0.00188586	0.00127741	0.00204449	0.00241011	0.00163465	0.00425837	0.00239986	0.00487241	0.00224727	0.00257296	0.00045811	0.00248357	0.00118311	0.00187733	0.00225270	0.00148519	0.00438763	0.00177098	0.00087121	0.00174321	0.00066573
2.78000000	0.00277082	0.00225075	0.00110179	0.00098536	0.00121114	0.00308942	0.00169308	0.00147610	0.00225609	0.00212131	0.00144737	0.00384353	0.00218642	0.00435150	0.00236355	0.00247362	0.00027937	0.00232497	0.00111946	0.00191829	0.00222838	0.00157918	0.00435922	0.00159235	0.00079680	0.00181830	0.00057178
2.79000000	0.00293940	0.00223854	0.00108079	0.00108092	0.00118682	0.00293135	0.00139561	0.00177312	0.00256235	0.00182455	0.00118944	0.00355844	0.00221846	0.00398688	0.00244902	0.00246648	0.00019194	0.00217614	0.00109661	0.00189260	0.00233135	0.00157935	0.00443409	0.00162848	0.00063711	0.00162022	0.00046062
2.80000000	0.00308672	0.00218986	0.00110625	0.00119081	0.00117378	0.00287912	0.00162949	0.00214063	0.00276751	0.00150455	0.00120251	0.00341428	0.00224103	0.00395924	0.00255765	0.00249868	0.00023933	0.00204058	0.00098864	0.00193224	0.00229137	0.00169859	0.00438755	0.00152781	0.00058145	0.00168727	0.00040532
2.81000000	0.00386403	0.00244285	0.00071644	0.00099880	0.00069483	0.00289387	0.00304810	0.00205149	0.00274744	0.00209096	0.00166470	0.00345274	0.00276359	0.00399090	0.00257360	0.00263540	0.00051228	0.00217471	0.00084246	0.00185168	0.00232366	0.00180145	0.00415559	0.00173649	0.00045104	0.00178993	0.00036043
2.82000000	0.00370276	0.00210997	0.00110172	0.00143432	0.00111750	0.00289149	0.00291379	0.00333797	0.00301825	0.00147749	0.00102745	0.00385178	0.00220769	0.00460391	0.00249292	0.00256870	0.00031094	0.00175452	0.00086288	0.00203821	0.00229940	0.00193056	0.00438293	0.00122380	0.00035158	0.00174417	0.00042072
2.83000000	0.00404787	0.00213434	0.00102501	0.00158238	0.00113116	0.00267250	0.00377874	0.00433198	0.00309828	0.00190946	0.00073712	0.00408374	0.00231646	0.00508178	0.00239662	0.00275711	0.00025897	0.00157715	0.00076213	0.00211687	0.00232214	0.00202179	0.00447227	0.00120652	0.00030934	0.00162287	0.00015644
2.84000000	0.00503092	0.00232978	0.00075587	0.00133285	0.00064439	0.00270834	0.00610552	0.00439765	0.00280830	0.00249227	0.00189298	0.00431909	0.00291801	0.00549129	0.00234303	0.00297108	0.00070111	0.00171381	0.00064326	0.00208715	0.00238886	0.00209557	0.00428179	0.00124263	0.00032238	0.00176312	0.00020762
2.85000000	0.00513891	0.00203680	0.00107168	0.00168312	0.00111246	0.00338393	0.00576200	0.00626334	0.00328221	0.00227942	0.00107427	0.00483513	0.00258153	0.00589764	0.00224262	0.00283638	0.00032119	0.00135949	0.00065527	0.00221929	0.00245711	0.00213936	0.00462610	0.00104612	0.00030007	0.00152329	0.00019532
2.86000000	0.00574902	0.00191307	0.00115886	0.00175670	0.00117269	0.00375493	0.00663696	0.00744573	0.00336388	0.00268457	0.00112149	0.00500912	0.00269297	0.00611628	0.00215974	0.00285444	0.00042981	0.00118094	0.00054867	0.00226771	0.00253850	0.00216654	0.00484304	0.00101537	0.00041698	0.00140119	0.00018223
2.87000000	0.00648962	0.00178233	0.00126324	0.00182595	0.00123863	0.00419556	0.00754676	0.00853967	0.00338192	0.00308800	0.00117313	0.00504291	0.00271897	0.00618870	0.00203262	0.00286481	0.00053005	0.00111005	0.00049016	0.00233167	0.00261911	0.00219756	0.00498295	0.00094074	0.00047317	0.00133234	0.00028153
2.88000000	0.00720496	0.00184661	0.00124791	0.00213398	0.00147738	0.00410955	0.00829832	0.00989726	0.00330823	0.00378412	0.00080392	0.00487359	0.00262688	0.00590552	0.00189936	0.00287306	0.00056341	0.00096256	0.00056277	0.00251263	0.00262172	0.00230987	0.00511639	0.00085525	0.00036351	0.00122213	0.00028410
2.89000000	0.00798624	0.00156851	0.00146128	0.00199688	0.00143889	0.00479459	0.00928642	0.01050183	0.00334059	0.00390990	0.00103926	0.00492050	0.00262899	0.00566728	0.00187282	0.00271848	0.00078560	0.00097693	0.00047641	0.00248439	0.00275112	0.00226456	0.00527571	0.00077022	0.00057701	0.00118326	0.00033403
2.90000000	0.00879514	0.00155818	0.00156236	0.00233171	0.00167660	0.00486743	0.00966227	0.01159960	0.00336972	0.00438738	0.00067429	0.00447206	0.00241607	0.00529317	0.00164869	0.00266283	0.00092169	0.00087420	0.00049530	0.00259750	0.00276524	0.00232903	0.00541198	0.00074062	0.00051912	0.00104312	0.00039516
2.91000000	0.00948522	0.00145248	0.00170554	0.00238733	0.00174779	0.00523078	0.01025503	0.01212975	0.00349713	0.00455920	0.00052039	0.00420401	0.00225816	0.00499521	0.00153301	0.00260454	0.00103092	0.00084715	0.00048844	0.00259566	0.00284182	0.00229964	0.00556681	0.00065805	0.00062293	0.00098053	0.00044213
2.92000000	0.01008064	0.00140551	0.00186869	0.00225991	0.00170221	0.00570125	0.01096801	0.01227847	0.00370841	0.00450747	0.00067530	0.00417124	0.00204756	0.00476749	0.00156177	0.00262129	0.00105528	0.00085539	0.00052692	0.00252194	0.00292002	0.00223813	0.00569431	0.00057997	0.00083884	0.00099648	0.00046684
2.93000000	0.01061142	0.00133230	0.00171064	0.00173925	0.00142214	0.00626067	0.01249656	0.01160848	0.00377550	0.00474585	0.00225851	0.00413945	0.00217021	0.00468037	0.00152759	0.00253179	0.00154381	0.00109031	0.00049259	0.00227282	0.00328970	0.00187350	0.00620317	0.00079541	0.00106440	0.00089706	0.00070862
2.94000000	0.01074080	0.00151792	0.00199028	0.00260350	0.00202773	0.00551829	0.01158963	0.01297992	0.00428654	0.00490867	0.00080243	0.00382246	0.00188959	0.00444724	0.00123328	0.00249751	0.00119758	0.00081241	0.00068232	0.00251805	0.00298337	0.00216112	0.00587835	0.00053315	0.00076330	0.00077196	0.00052664
2.95000000	0.01093221	0.00135169	0.00179251	0.00204441	0.00167619	0.00612546	0.01297674	0.01203313	0.00456503	0.00481716	0.00188330	0.00430703	0.00184276	0.00456624	0.00121829	0.00251985	0.00161156	0.00098498	0.00072273	0.00226235	0.00332943	0.00179991	0.00639049	0.00062755	0.00102865	0.00070280	0.00072643
2.96000000	0.01118533	0.00173897	0.00199003	0.00264378	0.00205203	0.00542269	0.01225467	0.01284258	0.00509757	0.00500900	0.00184926	0.00400443	0.00177716	0.00483508	0.00094366	0.00249469	0.00110124	0.00081150	0.00094642	0.00232794	0.00302971	0.00201777	0.00595076	0.00042971	0.00086249	0.00071684	0.00056640
2.97000000	0.01127414	0.00156936	0.00197943	0.00244221	0.00186853	0.00561365	0.01275686	0.01241727	0.00557344	0.00481589	0.00216145	0.00460098	0.00159848	0.00521983	0.00088487	0.00247366	0.00097191	0.00084503	0.00116388	0.00214148	0.00310616	0.00189103	0.00607696	0.00044844	0.00105209	0.00071971	0.00067865
2.98000000	0.01124546	0.00201810	0.00190591	0.00257730	0.00197294	0.00527070	0.01295982	0.01242989	0.00592760	0.00497860	0.00252858	0.00455822	0.00166306	0.00555069	0.00054934	0.00241911	0.00089135	0.00079008	0.00125883	0.00206615	0.00310135	0.00185885	0.00602946	0.00042297	0.00097935	0.00061492	0.00061583
2.99000000	0.01109344	0.00188052	0.00182055	0.00227900	0.00174051	0.00537195	0.01357551	0.01196259	0.00627052	0.00490241	0.00264919	0.00516421	0.00163690	0.00588065	0.00062868	0.00242123	0.00076630	0.00080034	0.00152996	0.00186468	0.00317498	0.00176665	0.00609381	0.00041294	0.00104902	0.00062807	0.00068014
3.00000000	0.01081160	0.00165590	0.00162548	0.00168634	0.00138412	0.00586819	0.01462755	0.01131657	0.00662019	0.00441263	0.00313247	0.00593652	0.00152745	0.00604417	0.00064613	0.00243836	0.00160417	0.00085128	0.00156559	0.00178496	0.00336385	0.00152817	0.00638252	0.00044789	0.00131470	0.00090773	0.00058891
3.01000000	0.01082211	0.00186637	0.00161901	0.00184071	0.00131110	0.00551820	0.01471719	0.01128489	0.00669373	0.00482755	0.00265903	0.00577907	0.00170395	0.00625128	0.00064665	0.00241444	0.00067252	0.00078143	0.00201126	0.00154420	0.00318960	0.00174992	0.00606206	0.00063633	0.00116600	0.00071426	0.00078559
3.02000000	0.01070096	0.00279609	0.00150552	0.00204813	0.00149825	0.00579911	0.01492178	0.01131538	0.00676216	0.00491802	0.00279190	0.00514593	0.00192398	0.00610223	0.00054451	0.00216959	0.00057138	0.00073910	0.00195886	0.00151053	0.00310634	0.00182956	0.00581404	0.00050580	0.00098083	0.00058596	0.00071401
3.03000000	0.01017317	0.00249670	0.00139012	0.00170515	0.00119852	0.00627535	0.01572356	0.01088875	0.00686622	0.00481476	0.00237841	0.00545260	0.00183958	0.00589204	0.00046818	0.00211214	0.00059078	0.00062513	0.00223093	0.00144119	0.00313611	0.00183985	0.00590625	0.00053826	0.00108995	0.00072413	0.00067705
3.04000000	0.00992347	0.00251984	0.00134423	0.00153381	0.00101918	0.00675219	0.01640380	0.01052503	0.00688183	0.00485120	0.00205168	0.00528868	0.00183439	0.00559098	0.00045350	0.00202028	0.00062493	0.00060753	0.00240621	0.00134688	0.00310944	0.00189534	0.00583514	0.00067044	0.00109123	0.00082568	0.00069177
3.05000000	0.00929300	0.00218095	0.00124113	0.00119106	0.00084036	0.00835570	0.01713695	0.01011231	0.00687704	0.00457018	0.00233855	0.00495253	0.00168682	0.00524722	0.00034433	0.00193019	0.00137523	0.00048518	0.00236616	0.00150451	0.00322149	0.00175752	0.00604859	0.00094487	0.00130491	0.00108332	0.00064852
3.06000000	0.00977551	0.00272002	0.00109494	0.00147867	0.00076098	0.00772506	0.01780104	0.00983054	0.00693926	0.00476319	0.00140048	0.00421472	0.00171315	0.00469939	0.00031229	0.00169863	0.00068061	0.00060831	0.00258490	0.00126252	0.00297014	0.00203476	0.00558374	0.00099625	0.00096005	0.00072684	0.00075330
3.07000000	0.00928534	0.00254835	0.00115630	0.00124887	0.00074316	0.00967170	0.01841078	0.00935751	0.00679874	0.00457126	0.00187839	0.00390597	0.00197716	0.00416707	0.00048937	0.00151674	0.00150197	0.00048645	0.00243241	0.00138301	0.00306097	0.00194299	0.00561929	0.00082061	0.00115534	0.00129286	0.00061961
3.08000000	0.00953042	0.00250699	0.00116734	0.00139677	0.00064081	0.00820145	0.01936231	0.00903272	0.00695276	0.00460686	0.00072854	0.00366439	0.00182832	0.00350581	0.00021285	0.00147077	0.00076584	0.00069018	0.00270586	0.00117144	0.00284989	0.00208530	0.00537916	0.00124937	0.00090021	0.00079319	0.00067592
3.09000000	0.00921966	0.00265426	0.00127964	0.00137955	0.00062714	0.00886063	0.01975923	0.00872961	0.00692869	0.00492840	0.00054209	0.00347007	0.00180309	0.00299972	0.00025375	0.00164069	0.00068574	0.00066604	0.00277633	0.00119721	0.00280974	0.00208680	0.00533619	0.00132498	0.00084223	0.00091940	0.00061891
3.10000000	0.00920296	0.00254532	0.00139620	0.00144187	0.00070373	0.00866767	0.02022818	0.00846974	0.00698992	0.00505384	0.00085928	0.00336302	0.00182956	0.00260264	0.00026341	0.00159042	0.00067612	0.00084377	0.00281305	0.00107810	0.00274375	0.00207236	0.00521712	0.00155320	0.00075662	0.00091735	0.00063198
3.11000000	0.00897723	0.00254617	0.00140362	0.00134982	0.00059967	0.00987686	0.02034997	0.00815227	0.00674576	0.00520876	0.00078157	0.00319350	0.00223505	0.00235795	0.00021758	0.00129205	0.00100451	0.00085207	0.00279875	0.00116041	0.00274031	0.00198039	0.00529351	0.00151529	0.00086101	0.00133378	0.00065617
3.12000000	0.00876661	0.00203190	0.00161770	0.00143481	0.00095324	0.00819488	0.02084390	0.00808583	0.00690134	0.00488461	0.00118713	0.00335889	0.00221760	0.00204270	0.00026715	0.00148514	0.00085748	0.00105954	0.00285189	0.00097595	0.00269514	0.00190643	0.00522293	0.00184153	0.00079936	0.00094062	0.00061005
3.13000000	0.00849276	0.00219597	0.00151762	0.00140484	0.00087616	0.00867395	0.02065101	0.00794624	0.00674996	0.00505747	0.00133476	0.00349995	0.00213634	0.00184800	0.00042898	0.00175555	0.00092403	0.00111753	0.00278638	0.00109641	0.00261678	0.00183482	0.00516620	0.00184085	0.00077189	0.00118680	0.00044071
3.14000000	0.00832844	0.00200667	0.00152819	0.00142891	0.00091415	0.00862130	0.02039654	0.00781235	0.00654866	0.00505211	0.00168599	0.00356530	0.00220422	0.00175609	0.00054958	0.00198658	0.00082234	0.00129000	0.00279092	0.00111786	0.00255301	0.00176540	0.00515893	0.00203700	0.00072851	0.00128587	0.00047276
3.15000000	0.00778475	0.00199339	0.00182856	0.00155556	0.00129026	0.00772045	0.02009228	0.00770005	0.00638722	0.00485955	0.00202552	0.00379603	0.00266358	0.00173887	0.00052984	0.00172088	0.00081706	0.00137028	0.00290162	0.00098779	0.00262227	0.00162291	0.00525379	0.00219175	0.00083883	0.00108479	0.00047631
3.16000000	0.00748398	0.00207890	0.00191719	0.00164702	0.00143391	0.00739425	0.01949712	0.00756376	0.00608907	0.00465681	0.00220955	0.00401202	0.00285440	0.00181559	0.00061756	0.00175569	0.00086340	0.00146980	0.00295033	0.00105874	0.00255541	0.00158773	0.00523810	0.00221593	0.00093886	0.00124683	0.00038484
3.17000000	0.00719831	0.00210060	0.00196269	0.00175954	0.00155050	0.00711292	0.01867115	0.00741385	0.00581714	0.00452939	0.00236470	0.00423012	0.00303677	0.00196953	0.00072394	0.00172752	0.00095969	0.00159213	0.00303242	0.00116051	0.00252283	0.00158331	0.00523510	0.00226575	0.00103265	0.00140223	0.00031627
3.18000000	0.00722822	0.00188101	0.00179478	0.00167782	0.00143850	0.00753082	0.01761632	0.00711328	0.00540153	0.00460621	0.00230404	0.00453649	0.00304280	0.00196192	0.00084442	0.00197696	0.00109289	0.00172077	0.00302348	0.00129575	0.00248665	0.00153062	0.00515929	0.00235671	0.00099172	0.00150854	0.00015421
3.19000000	0.00663426	0.00199103	0.00201427	0.00193364	0.00173736	0.00682368	0.01671729	0.00662588	0.00507362	0.00411381	0.00262848	0.00467135	0.00348915	0.00232404	0.00095212	0.00182943	0.00096839	0.00181308	0.00318639	0.00133222	0.00249242	0.00150796	0.00525141	0.00241116	0.00121695	0.00151171	0.00012931
3.20000000	0.00697857	0.00173646	0.00175890	0.00175939	0.00151033	0.00742539	0.01540258	0.00611417	0.00469249	0.00414952	0.00256298	0.00497404	0.00341306	0.00240698	0.00103199	0.00197278	0.00116941	0.00200707	0.00321064	0.00152657	0.00243277	0.00154996	0.00518190	0.00250168	0.00122423	0.00174230	0.00010362
3.21000000	0.00598689	0.00176092	0.00189078	0.00204818	0.00178360	0.00713060	0.01431197	0.00536208	0.00447294	0.00370642	0.00279155	0.00513277	0.00395501	0.00274465	0.00126000	0.00207233	0.00100714	0.00205016	0.00335650	0.00154352	0.00247071	0.00144733	0.00525906	0.00266828	0.00139424	0.00141388	0.00011724
3.22000000	0.00690913	0.00157372	0.00167259	0.00182313	0.00153424	0.00774834	0.01282783	0.00452190	0.00417237	0.00375706	0.00286009	0.00547481	0.00379571	0.00290746	0.00124986	0.00197557	0.00116597	0.00231811	0.00348170	0.00169772	0.00238846	0.00158747	0.00519552	0.00271563	0.00152008	0.00185952	0.00022514
3.23000000	0.00585911	0.00147026	0.00178837	0.00208300	0.00175363	0.00765704	0.01173617	0.00379893	0.00399517	0.00324028	0.00286914	0.00560349	0.00431773	0.00327873	0.00143091	0.00209952	0.00103380	0.00235598	0.00367732	0.00173616	0.00241920	0.00151779	0.00528849	0.00281162	0.00170824	0.00159152	0.00026941
3.24000000	0.00632886	0.00129056	0.00162604	0.00191611	0.00159705	0.00854256	0.01032909	0.00318566	0.00377114	0.00312096	0.00278403	0.00585004	0.00439022	0.00346482	0.00151414	0.00208812	0.00109783	0.00249320	0.00377181	0.00190843	0.00241965	0.00155712	0.00524411	0.00282531	0.00175400	0.00168913	0.00048740
3.25000000	0.00732365	0.00120353	0.00139171	0.00169599	0.00136759	0.00923386	0.00889928	0.00313656	0.00375003	0.00314000	0.00303347	0.00608596	0.00409294	0.00377591	0.00143145	0.00219184	0.00113985	0.00272500	0.00390510	0.00200086	0.00240643	0.00163964	0.00523615	0.00293530	0.00189493	0.00194485	0.00048963
3.26000000	0.00625623	0.00132986	0.00147565	0.00192306	0.00150747	0.00935268	0.00781583	0.00465162	0.00378247	0.00325752	0.00296886	0.00618553	0.00474864	0.00390217	0.00163045	0.00223241	0.00109148	0.00277715	0.00412955	0.00199050	0.00240414	0.00156520	0.00530366	0.00301635	0.00207677	0.00172941	0.00052684
3.27000000	0.00750493	0.00131678	0.00126998	0.00167811	0.00130224	0.01017009	0.00638133	0.00531304	0.00381331	0.00334885	0.00308180	0.00632351	0.00442344	0.00413869	0.00153448	0.00223550	0.00122165	0.00302785	0.00427002	0.00210386	0.00236388	0.00168326	0.00524467	0.00309587	0.00215678	0.00203469	0.00065873
3.28000000	0.00679709	0.00153547	0.00122470	0.00171260	0.00125744	0.01055010	0.00558294	0.00682311	0.00373432	0.00354691	0.00294535	0.00641555	0.00482392	0.00408097	0.00169698	0.00227411	0.00114722	0.00309467	0.00441784	0.00211318	0.00236705	0.00160060	0.00532829	0.00317777	0.00227491	0.00186263	0.00061636
3.29000000	0.00690654	0.00167535	0.00120021	0.00167151	0.00121444	0.01083496	0.00465785	0.00776573	0.00372233	0.00368693	0.00296792	0.00645096	0.00475841	0.00418568	0.00169182	0.00229887	0.00122132	0.00325772	0.00453380	0.00216606	0.00236405	0.00162491	0.00532521	0.00322700	0.00230244	0.00200500	0.00069772
3.30000000	0.00763998	0.00167178	0.00097016	0.00148310	0.00105438	0.01110693	0.00387596	0.00808223	0.00360565	0.00349710	0.00297361	0.00638228	0.00443225	0.00436597	0.00159589	0.00224835	0.00117997	0.00343736	0.00466410	0.00221254	0.00235046	0.00166970	0.00535315	0.00334470	0.00234323	0.00212539	0.00071429
3.31000000	0.00713994	0.00194833	0.00100225	0.00145498	0.00100059	0.01116966	0.00360608	0.00833545	0.00339629	0.00340205	0.00281954	0.00629854	0.00456765	0.00419047	0.00163422	0.00229510	0.00121688	0.00354321	0.00473318	0.00222390	0.00233353	0.00162032	0.00540919	0.00343243	0.00234883	0.00210952	0.00063665
3.32000000	0.00794831	0.00190672	0.00076209	0.00156296	0.00107765	0.01057836	0.00314843	0.00765527	0.00358297	0.00332622	0.00290319	0.00610733	0.00438368	0.00434270	0.00160870	0.00223150	0.00141963	0.00375499	0.00487004	0.00225603	0.00223875	0.00173818	0.00529016	0.00355500	0.00235537	0.00232433	0.00078183
3.33000000	0.00676844	0.00224878	0.00113203	0.00140491	0.00105494	0.01056299	0.00319132	0.00717205	0.00294895	0.00264505	0.00263427	0.00596204	0.00430307	0.00415413	0.00157754	0.00227412	0.00127533	0.00373430	0.00481365	0.00226858	0.00236200	0.00158853	0.00550767	0.00352452	0.00220366	0.00224754	0.00059278
3.34000000	0.00615153	0.00229462	0.00124766	0.00150405	0.00113970	0.00976664	0.00301697	0.00622720	0.00279769	0.00215577	0.00263754	0.00592811	0.00420324	0.00404985	0.00156604	0.00218705	0.00123667	0.00381491	0.00491282	0.00214702	0.00229958	0.00155531	0.00555942	0.00363594	0.00216358	0.00235853	0.00062887
3.35000000	0.00580306	0.00222858	0.00131644	0.00158701	0.00127260	0.00902402	0.00283655	0.00469646	0.00276757	0.00166629	0.00258278	0.00570402	0.00402543	0.00412113	0.00169888	0.00201750	0.00117595	0.00386328	0.00493766	0.00223432	0.00227597	0.00158926	0.00555127	0.00362909	0.00202360	0.00229078	0.00045495
3.36000000	0.00587211	0.00209756	0.00133257	0.00174278	0.00144177	0.00804538	0.00258808	0.00303572	0.00282896	0.00115314	0.00245888	0.00537492	0.00379931	0.00428960	0.00166303	0.00202151	0.00141359	0.00400953	0.00494648	0.00217992	0.00212145	0.00166167	0.00547703	0.00375887	0.00202037	0.00247618	0.00059590
3.37000000	0.00426071	0.00225410	0.00159809	0.00169249	0.00140555	0.00759991	0.00258631	0.00223728	0.00292360	0.00077816	0.00244301	0.00532658	0.00370510	0.00410778	0.00154130	0.00224974	0.00128461	0.00395089	0.00490354	0.00230072	0.00217888	0.00163609	0.00564271	0.00368224	0.00179168	0.00223833	0.00013031
3.38000000	0.00438775	0.00213806	0.00171560	0.00193547	0.00169442	0.00697085	0.00226499	0.00227594	0.00309506	0.00036682	0.00208458	0.00509197	0.00349574	0.00434607	0.00146446	0.00225375	0.00165813	0.00395960	0.00476622	0.00225043	0.00214681	0.00164422	0.00558055	0.00371539	0.00172796	0.00231589	0.00026762
3.39000000	0.00336086	0.00229589	0.00185341	0.00185259	0.00167435	0.00671574	0.00216853	0.00308085	0.00333406	0.00042145	0.00208393	0.00494513	0.00337303	0.00449646	0.00156887	0.00220566	0.00130184	0.00386822	0.00478225	0.00225486	0.00207923	0.00163933	0.00562577	0.00362790	0.00154178	0.00218620	0.00043857
3.40000000	0.00343848	0.00216792	0.00195634	0.00196761	0.00185891	0.00635549	0.00191661	0.00405010	0.00337206	0.00093975	0.00173559	0.00476022	0.00317108	0.00473812	0.00148375	0.00217843	0.00154457	0.00386146	0.00459539	0.00226387	0.00204178	0.00165276	0.00556594	0.00364555	0.00147964	0.00220285	0.00045979
3.41000000	0.00288869	0.00224474	0.00194951	0.00195631	0.00181849	0.00606598	0.00160382	0.00454702	0.00344862	0.00076668	0.00159022	0.00480932	0.00314652	0.00481346	0.00160815	0.00210674	0.00133122	0.00371019	0.00462365	0.00227607	0.00192097	0.00166024	0.00553393	0.00350002	0.00136167	0.00202250	0.00071058
3.42000000	0.00300553	0.00220675	0.00195606	0.00184276	0.00180916	0.00568557	0.00154997	0.00428068	0.00335086	0.00135769	0.00135003	0.00443670	0.00297035	0.00507610	0.00151698	0.00218863	0.00151076	0.00375766	0.00443210	0.00230128	0.00183638	0.00169608	0.00547053	0.00356652	0.00132345	0.00206400	0.00078215
3.43000000	0.00287210	0.00227840	0.00206731	0.00193215	0.00192986	0.00517874	0.00110687	0.00386264	0.00323727	0.00147576	0.00097322	0.00452628	0.00291948	0.00509943	0.00152447	0.00205966	0.00153911	0.00354459	0.00417603	0.00225651	0.00182928	0.00154346	0.00543270	0.00338548	0.00128283	0.00201011	0.00074446
3.44000000	0.00276707	0.00235595	0.00204969	0.00190009	0.00189166	0.00463214	0.00086178	0.00308754	0.00292655	0.00116416	0.00082572	0.00444171	0.00289488	0.00509082	0.00149126	0.00211553	0.00151223	0.00335780	0.00406688	0.00220375	0.00176000	0.00146227	0.00536702	0.00327505	0.00111628	0.00185050	0.00087519
3.45000000	0.00283572	0.00243611	0.00201637	0.00175252	0.00181448	0.00412041	0.00088496	0.00206987	0.00252597	0.00139892	0.00091700	0.00412275	0.00287914	0.00509369	0.00157141	0.00204850	0.00139490	0.00331923	0.00386109	0.00236744	0.00167949	0.00145829	0.00518132	0.00327689	0.00116101	0.00168719	0.00071862
3.46000000	0.00289696	0.00250767	0.00193761	0.00169032	0.00171509	0.00372192	0.00131919	0.00181720	0.00214399	0.00113100	0.00084017	0.00398431	0.00293103	0.00484792	0.00142389	0.00219367	0.00135569	0.00310228	0.00373851	0.00233531	0.00166233	0.00137781	0.00510556	0.00310969	0.00101698	0.00157341	0.00069397
3.47000000	0.00299491	0.00222947	0.00176642	0.00150019	0.00152829	0.00396707	0.00147981	0.00234577	0.00180740	0.00123498	0.00059343	0.00386696	0.00267876	0.00441912	0.00125886	0.00262464	0.00140297	0.00307826	0.00372956	0.00244561	0.00146694	0.00140295	0.00492212	0.00280270	0.00045643	0.00170474	0.00096533
3.48000000	0.00337566	0.00233222	0.00172564	0.00137457	0.00146273	0.00363784	0.00172024	0.00311535	0.00142559	0.00155825	0.00086443	0.00373905	0.00282655	0.00404401	0.00142755	0.00229335	0.00096692	0.00299531	0.00352436	0.00246523	0.00143762	0.00132522	0.00470991	0.00278582	0.00052469	0.00151005	0.00079429
3.49000000	0.00371697	0.00251643	0.00173145	0.00122752	0.00138146	0.00362855	0.00222657	0.00347543	0.00109489	0.00146808	0.00094910	0.00346999	0.00293895	0.00367288	0.00140867	0.00227147	0.00075640	0.00286182	0.00328897	0.00246998	0.00150616	0.00123057	0.00458040	0.00270209	0.00055428	0.00138546	0.00069711
3.50000000	0.00385192	0.00243997	0.00177513	0.00123522	0.00133932	0.00356303	0.00277994	0.00359376	0.00093519	0.00131258	0.00064798	0.00331957	0.00297804	0.00316692	0.00109517	0.00258513	0.00095318	0.00274735	0.00300899	0.00242910	0.00154107	0.00108712	0.00442507	0.00262527	0.00047837	0.00136597	0.00056024
3.51000000	0.00337018	0.00157175	0.00159966	0.00132808	0.00117446	0.00377921	0.00239490	0.00389710	0.00086993	0.00145397	0.00014398	0.00323815	0.00279585	0.00283018	0.00114200	0.00246656	0.00144740	0.00270119	0.00301737	0.00247170	0.00136018	0.00114588	0.00418530	0.00248628	0.00049173	0.00122520	0.00048769
3.52000000	0.00310474	0.00115419	0.00150817	0.00132747	0.00105016	0.00378075	0.00227805	0.00371717	0.00080171	0.00156549	0.00034560	0.00317310	0.00254915	0.00260887	0.00112441	0.00239132	0.00131972	0.00259139	0.00283539	0.00248625	0.00133210	0.00116616	0.00411588	0.00229048	0.00042579	0.00115421	0.00046550
3.53000000	0.00358216	0.00132374	0.00155443	0.00120832	0.00105059	0.00306480	0.00274849	0.00303853	0.00078529	0.00137158	0.00084095	0.00324367	0.00262098	0.00235295	0.00125657	0.00232618	0.00065713	0.00256671	0.00268330	0.00241501	0.00138113	0.00116596	0.00384693	0.00231173	0.00052994	0.00113659	0.00039508
3.54000000	0.00347698	0.00146788	0.00170520	0.00114545	0.00103980	0.00273106	0.00308215	0.00235158	0.00083809	0.00123113	0.00067490	0.00321268	0.00255189	0.00203154	0.00123658	0.00235513	0.00084601	0.00252616	0.00235389	0.00241433	0.00152811	0.00120540	0.00372660	0.00228352	0.00053174	0.00114120	0.00043602
3.55000000	0.00288332	0.00123749	0.00162426	0.00115355	0.00081513	0.00268805	0.00263346	0.00225344	0.00098278	0.00173592	0.00034558	0.00318249	0.00238865	0.00201944	0.00141194	0.00171644	0.00135087	0.00244329	0.00235677	0.00240905	0.00137676	0.00136093	0.00358249	0.00216868	0.00045201	0.00098691	0.00036702
3.56000000	0.00259997	0.00089226	0.00156821	0.00135126	0.00075275	0.00265993	0.00253783	0.00221537	0.00106910	0.00173906	0.00064652	0.00320071	0.00204328	0.00186545	0.00137059	0.00168812	0.00133052	0.00227094	0.00225729	0.00239568	0.00129366	0.00144118	0.00345934	0.00190500	0.00038266	0.00088385	0.00029230
3.57000000	0.00296725	0.00088626	0.00160079	0.00118384	0.00081629	0.00224173	0.00294613	0.00199147	0.00119314	0.00172316	0.00109870	0.00324908	0.00184533	0.00176158	0.00152686	0.00172759	0.00075836	0.00232264	0.00208750	0.00238600	0.00136060	0.00156604	0.00325266	0.00196473	0.00063393	0.00094569	0.00035741
3.58000000	0.00277064	0.00073667	0.00152163	0.00138576	0.00073624	0.00228378	0.00280338	0.00232756	0.00131654	0.00180635	0.00102575	0.00322481	0.00166811	0.00175349	0.00156454	0.00142393	0.00100066	0.00210659	0.00203442	0.00231442	0.00124054	0.00161622	0.00316949	0.00166592	0.00030011	0.00082563	0.00017809
3.59000000	0.00308644	0.00084136	0.00152024	0.00118669	0.00078765	0.00228789	0.00313091	0.00230303	0.00150557	0.00195255	0.00126709	0.00321928	0.00149791	0.00199836	0.00175363	0.00108444	0.00078430	0.00207845	0.00187547	0.00231535	0.00123957	0.00173150	0.00304906	0.00165835	0.00049695	0.00077620	0.00036384
3.60000000	0.00323485	0.00101927	0.00156676	0.00107812	0.00085502	0.00256620	0.00332449	0.00241238	0.00167556	0.00209326	0.00134401	0.00315183	0.00146782	0.00226322	0.00187430	0.00073085	0.00089048	0.00198778	0.00171485	0.00230009	0.00122476	0.00181109	0.00291514	0.00158213	0.00064299	0.00071107	0.00045196
3.61000000	0.00321766	0.00120749	0.00158743	0.00114779	0.00082173	0.00263868	0.00327594	0.00290614	0.00163073	0.00202079	0.00115775	0.00297821	0.00178643	0.00234676	0.00192368	0.00067519	0.00106614	0.00181767	0.00167484	0.00220156	0.00115700	0.00180863	0.00278360	0.00137009	0.00037584	0.00064795	0.00013183
3.62000000	0.00332440	0.00135837	0.00163884	0.00101138	0.00093173	0.00297974	0.00360685	0.00296454	0.00176925	0.00218870	0.00114290	0.00279787	0.00204689	0.00272678	0.00199537	0.00035143	0.00123956	0.00171595	0.00148757	0.00216728	0.00115135	0.00184718	0.00265238	0.00126967	0.00048440	0.00063077	0.00020064
3.63000000	0.00355650	0.00149400	0.00163103	0.00084749	0.00090699	0.00309107	0.00377993	0.00318828	0.00182381	0.00230612	0.00115497	0.00245796	0.00243074	0.00309904	0.00205309	0.00025520	0.00132314	0.00160919	0.00143495	0.00212701	0.00108520	0.00186850	0.00258314	0.00116601	0.00054658	0.00059198	0.00048962
3.64000000	0.00365593	0.00154463	0.00170607	0.00077152	0.00103649	0.00321713	0.00401096	0.00331914	0.00190825	0.00230853	0.00121219	0.00218747	0.00282623	0.00345334	0.00219025	0.00031435	0.00134813	0.00143967	0.00130409	0.00206901	0.00105176	0.00184713	0.00245502	0.00105223	0.00062451	0.00041442	0.00033513
3.65000000	0.00381500	0.00124527	0.00163250	0.00072718	0.00110318	0.00327075	0.00446526	0.00321979	0.00195671	0.00228603	0.00138135	0.00191391	0.00335244	0.00370962	0.00230528	0.00057764	0.00141442	0.00130749	0.00126024	0.00192626	0.00098061	0.00177976	0.00235826	0.00095713	0.00090419	0.00036914	0.00048805
3.66000000	0.00386813	0.00112454	0.00165466	0.00069438	0.00116363	0.00306147	0.00478428	0.00314199	0.00201008	0.00230770	0.00140918	0.00167974	0.00381757	0.00393714	0.00239619	0.00086839	0.00164003	0.00111078	0.00125032	0.00181827	0.00091381	0.00168415	0.00227820	0.00085077	0.00102613	0.00016222	0.00067939
3.67000000	0.00369695	0.00183912	0.00202959	0.00061284	0.00125338	0.00277515	0.00446189	0.00336179	0.00195591	0.00252454	0.00112315	0.00138428	0.00397841	0.00424338	0.00235090	0.00112435	0.00169170	0.00099704	0.00107097	0.00174018	0.00096851	0.00161085	0.00203567	0.00059748	0.00078574	0.00025257	0.00022517
3.68000000	0.00377941	0.00193328	0.00206292	0.00047953	0.00121693	0.00229068	0.00446680	0.00320731	0.00196049	0.00267393	0.00124197	0.00132540	0.00430418	0.00439959	0.00236519	0.00133969	0.00171148	0.00085833	0.00112010	0.00162784	0.00093689	0.00149955	0.00195250	0.00043760	0.00080710	0.00029124	0.00019988
3.69000000	0.00385743	0.00219667	0.00224770	0.00038961	0.00131099	0.00199735	0.00449502	0.00283653	0.00195973	0.00268054	0.00152795	0.00117203	0.00450440	0.00465049	0.00234888	0.00144468	0.00173870	0.00070267	0.00101071	0.00157370	0.00097656	0.00141737	0.00182453	0.00031527	0.00078631	0.00012252	0.00011253
3.70000000	0.00385057	0.00199828	0.00235068	0.00052949	0.00142189	0.00142878	0.00478236	0.00248183	0.00197794	0.00273623	0.00146443	0.00174774	0.00485123	0.00439296	0.00214536	0.00177356	0.00177093	0.00063296	0.00100115	0.00142082	0.00099499	0.00121698	0.00166389	0.00022180	0.00090892	0.00014858	0.00014378
3.71000000	0.00383139	0.00138754	0.00224756	0.00069483	0.00149709	0.00095545	0.00515004	0.00230531	0.00197356	0.00257475	0.00203262	0.00234921	0.00554210	0.00397276	0.00184679	0.00217452	0.00256761	0.00049477	0.00119691	0.00135698	0.00105943	0.00094963	0.00154427	0.00017041	0.00109000	0.00040718	0.00042025
3.72000000	0.00410334	0.00238230	0.00255433	0.00045190	0.00151915	0.00069313	0.00435900	0.00217643	0.00207392	0.00312592	0.00195303	0.00234680	0.00507697	0.00432253	0.00198267	0.00206936	0.00157787	0.00061334	0.00089798	0.00137407	0.00112537	0.00100651	0.00142568	0.00045820	0.00097649	0.00036291	0.00011800
3.73000000	0.00418647	0.00231910	0.00266751	0.00057722	0.00159590	0.00062794	0.00446377	0.00191275	0.00208176	0.00327493	0.00192643	0.00286594	0.00528487	0.00397170	0.00163105	0.00232434	0.00153567	0.00069575	0.00096403	0.00138024	0.00117340	0.00080234	0.00124720	0.00059590	0.00104874	0.00040343	0.00015251
3.74000000	0.00431355	0.00250830	0.00272485	0.00060049	0.00163973	0.00079690	0.00425835	0.00183719	0.00212409	0.00344366	0.00207625	0.00321096	0.00535670	0.00384404	0.00159529	0.00245086	0.00135830	0.00074876	0.00095415	0.00137969	0.00127310	0.00072321	0.00112075	0.00071436	0.00109253	0.00047291	0.00018524
3.75000000	0.00421788	0.00203099	0.00253829	0.00079189	0.00165342	0.00123937	0.00468072	0.00166719	0.00208355	0.00312780	0.00259138	0.00387153	0.00586056	0.00348539	0.00122221	0.00283756	0.00216354	0.00077905	0.00114145	0.00146240	0.00133390	0.00052067	0.00102179	0.00070445	0.00122021	0.00058752	0.00022674
3.76000000	0.00445460	0.00255291	0.00268088	0.00081828	0.00171424	0.00125391	0.00412322	0.00152812	0.00218115	0.00358911	0.00229903	0.00393921	0.00561893	0.00372314	0.00160737	0.00284287	0.00105910	0.00085222	0.00091615	0.00154652	0.00140476	0.00057880	0.00094399	0.00096438	0.00118103	0.00052552	0.00021008
3.77000000	0.00446970	0.00215720	0.00245116	0.00082378	0.00155105	0.00137744	0.00452825	0.00122073	0.00207380	0.00321388	0.00256603	0.00464705	0.00590574	0.00382116	0.00153992	0.00325173	0.00192847	0.00076200	0.00117855	0.00165389	0.00155021	0.00048764	0.00085669	0.00083048	0.00139941	0.00065700	0.00028660
3.78000000	0.00443681	0.00222447	0.00258123	0.00095097	0.00170375	0.00141825	0.00421828	0.00111371	0.00207529	0.00342160	0.00254042	0.00447513	0.00591133	0.00433983	0.00213026	0.00340916	0.00074373	0.00087974	0.00096063	0.00166978	0.00150585	0.00053979	0.00091724	0.00096420	0.00118560	0.00058799	0.00019860
3.79000000	0.00461082	0.00227008	0.00253718	0.00108694	0.00170794	0.00154469	0.00410149	0.00126364	0.00197320	0.00333170	0.00242079	0.00491471	0.00593606	0.00486681	0.00223078	0.00374225	0.00109723	0.00090420	0.00099862	0.00178441	0.00154596	0.00058841	0.00090912	0.00092417	0.00121590	0.00068898	0.00014370
3.80000000	0.00462699	0.00204229	0.00237029	0.00112604	0.00165955	0.00165434	0.00399474	0.00133021	0.00195091	0.00321020	0.00246901	0.00508302	0.00602279	0.00591713	0.00257184	0.00415045	0.00056044	0.00077124	0.00094020	0.00182032	0.00161871	0.00052335	0.00097123	0.00093897	0.00117966	0.00057857	0.00020008
3.81000000	0.00473990	0.00195507	0.00232879	0.00108928	0.00154065	0.00169310	0.00383539	0.00165435	0.00181653	0.00308004	0.00240079	0.00555280	0.00590561	0.00726195	0.00266541	0.00458542	0.00151758	0.00080501	0.00099422	0.00188713	0.00158731	0.00057989	0.00107357	0.00083627	0.00116749	0.00066894	0.00025325
3.82000000	0.00490630	0.00202107	0.00226383	0.00114306	0.00150152	0.00186321	0.00353708	0.00200844	0.00171915	0.00298395	0.00226695	0.00610144	0.00587270	0.00869221	0.00263334	0.00516703	0.00188062	0.00072503	0.00092864	0.00192499	0.00162225	0.00056568	0.00118292	0.00072484	0.00109828	0.00068903	0.00024822
3.83000000	0.00500768	0.00164301	0.00185415	0.00120679	0.00141384	0.00203100	0.00345915	0.00214038	0.00171913	0.00274502	0.00219400	0.00665486	0.00613734	0.01043069	0.00298958	0.00528371	0.00129062	0.00047805	0.00078583	0.00188146	0.00172203	0.00039861	0.00118141	0.00071251	0.00098136	0.00050418	0.00031956
3.84000000	0.00513374	0.00149778	0.00165011	0.00112167	0.00125443	0.00215593	0.00337901	0.00242384	0.00157350	0.00257051	0.00207062	0.00725532	0.00622115	0.01233000	0.00305882	0.00564320	0.00158984	0.00034459	0.00068017	0.00184342	0.00178346	0.00029506	0.00122934	0.00056684	0.00093974	0.00045419	0.00015796
3.85000000	0.00526124	0.00150755	0.00150056	0.00117148	0.00119827	0.00235710	0.00327961	0.00274577	0.00145210	0.00246862	0.00193996	0.00781407	0.00625835	0.01424135	0.00297061	0.00601647	0.00193557	0.00031005	0.00061018	0.00180536	0.00177546	0.00023553	0.00134721	0.00049245	0.00078098	0.00041498	0.00015770
3.86000000	0.00522009	0.00114824	0.00156883	0.00090065	0.00104011	0.00270989	0.00294157	0.00306160	0.00140812	0.00252216	0.00189994	0.00819515	0.00629892	0.01628478	0.00303248	0.00631784	0.00237103	0.00032748	0.00060320	0.00166492	0.00185176	0.00009479	0.00143388	0.00034366	0.00060118	0.00033040	0.00009392
3.87000000	0.00554335	0.00193892	0.00108946	0.00129229	0.00108744	0.00286965	0.00311894	0.00335951	0.00132424	0.00228870	0.00170442	0.00923335	0.00667475	0.01739674	0.00289101	0.00620891	0.00233475	0.00035560	0.00047886	0.00165078	0.00188009	0.00005807	0.00139195	0.00034173	0.00059993	0.00028022	0.00014280
3.88000000	0.00564765	0.00223817	0.00104892	0.00132633	0.00105966	0.00303922	0.00312594	0.00371445	0.00121447	0.00217888	0.00157971	0.00997110	0.00692183	0.01846445	0.00283241	0.00606114	0.00243787	0.00043785	0.00050772	0.00158165	0.00188731	0.00013066	0.00139203	0.00034396	0.00051163	0.00021066	0.00013097
3.89000000	0.00567989	0.00131478	0.00103822	0.00099974	0.00079739	0.00309214	0.00315712	0.00381161	0.00115594	0.00228169	0.00157629	0.00990383	0.00673364	0.01979876	0.00282658	0.00614965	0.00271985	0.00049122	0.00061852	0.00146649	0.00195808	0.00030284	0.00127769	0.00029788	0.00023111	0.00019566	0.00017354
3.90000000	0.00565189	0.00076050	0.00121821	0.00087324	0.00080251	0.00320249	0.00305042	0.00392910	0.00109253	0.00237146	0.00165026	0.00971514	0.00663164	0.02051146	0.00286727	0.00614563	0.00277418	0.00045357	0.00094062	0.00136308	0.00203589	0.00052633	0.00130587	0.00044432	0.00023784	0.00013198	0.00017295
3.91000000	0.00561788	0.00076402	0.00135537	0.00085311	0.00085943	0.00325798	0.00310094	0.00394899	0.00108119	0.00237232	0.00182249	0.00941328	0.00645806	0.02059038	0.00277115	0.00602072	0.00291600	0.00057889	0.00115358	0.00122062	0.00211233	0.00071320	0.00122910	0.00052220	0.00034281	0.00034502	0.00023528
3.92000000	0.00574827	0.00238123	0.00108578	0.00139759	0.00099507	0.00353324	0.00344201	0.00405085	0.00126678	0.00237391	0.00153236	0.00991106	0.00722277	0.01850419	0.00238672	0.00511789	0.00212118	0.00058321	0.00094880	0.00136532	0.00186496	0.00058436	0.00103236	0.00026054	0.00023306	0.00015554	0.00022529
3.93000000	0.00588100	0.00143417	0.00090075	0.00131068	0.00080958	0.00301579	0.00385084	0.00397602	0.00120596	0.00242210	0.00173856	0.00913245	0.00640431	0.01752938	0.00180496	0.00498108	0.00251309	0.00062750	0.00114113	0.00137832	0.00183993	0.00073260	0.00088823	0.00032396	0.00018944	0.00041164	0.00045231
3.94000000	0.00561703	0.00126959	0.00110247	0.00146329	0.00101060	0.00307918	0.00367905	0.00393730	0.00145774	0.00258211	0.00163462	0.00814532	0.00646548	0.01551938	0.00201412	0.00433396	0.00185778	0.00061081	0.00135409	0.00136429	0.00181895	0.00089533	0.00102812	0.00025439	0.00037703	0.00013920	0.00020755
3.95000000	0.00576927	0.00068114	0.00096145	0.00140128	0.00086273	0.00264023	0.00427963	0.00367912	0.00132500	0.00250015	0.00195288	0.00720749	0.00525604	0.01362202	0.00111214	0.00425511	0.00214321	0.00082155	0.00143512	0.00146906	0.00174640	0.00102904	0.00091490	0.00058632	0.00042352	0.00046321	0.00025692
3.96000000	0.00540060	0.00066349	0.00099875	0.00146877	0.00094938	0.00265763	0.00405651	0.00348377	0.00168883	0.00275519	0.00192851	0.00587367	0.00546949	0.01100275	0.00172623	0.00347983	0.00132035	0.00075239	0.00177005	0.00142090	0.00177079	0.00126736	0.00120348	0.00044676	0.00062959	0.00031950	0.00040302
3.97000000	0.00532825	0.00094695	0.00085050	0.00148959	0.00089027	0.00250241	0.00444006	0.00317416	0.00163288	0.00266034	0.00219920	0.00498158	0.00496516	0.00854221	0.00167547	0.00308662	0.00113507	0.00086260	0.00202133	0.00148342	0.00176991	0.00149950	0.00147876	0.00072422	0.00079007	0.00050809	0.00061418
3.98000000	0.00521852	0.00130095	0.00088446	0.00145114	0.00087708	0.00246710	0.00442330	0.00292670	0.00185630	0.00289944	0.00218419	0.00374165	0.00452552	0.00663123	0.00170171	0.00276130	0.00067094	0.00096114	0.00218988	0.00146369	0.00175611	0.00165367	0.00161712	0.00076849	0.00084439	0.00039616	0.00060304
3.99000000	0.00514008	0.00160575	0.00090812	0.00147756	0.00090710	0.00247882	0.00455747	0.00266453	0.00195628	0.00298036	0.00223835	0.00295354	0.00403392	0.00517032	0.00174142	0.00250004	0.00041853	0.00111359	0.00227516	0.00160491	0.00166295	0.00180697	0.00179559	0.00085174	0.00093292	0.00045136	0.00066601
4.00000000	0.00502828	0.00177148	0.00081136	0.00149269	0.00087783	0.00247523	0.00472262	0.00248882	0.00198120	0.00303349	0.00235241	0.00252582	0.00359874	0.00424468	0.00169646	0.00238319	0.00051438	0.00120693	0.00250947	0.00168552	0.00165443	0.00199312	0.00210689	0.00110113	0.00112924	0.00046230	0.00084979
4.01000000	0.00502446	0.00180177	0.00087856	0.00147416	0.00089083	0.00250575	0.00467167	0.00238571	0.00206115	0.00315030	0.00229227	0.00216570	0.00333353	0.00382421	0.00161629	0.00238593	0.00066358	0.00124307	0.00262664	0.00169366	0.00165475	0.00208538	0.00226323	0.00104741	0.00117042	0.00048938	0.00085473
4.02000000	0.00509281	0.00171152	0.00094056	0.00144433	0.00090425	0.00247875	0.00462233	0.00239510	0.00208509	0.00313603	0.00229365	0.00214405	0.00302054	0.00367595	0.00147415	0.00249083	0.00080093	0.00136865	0.00267183	0.00182496	0.00156132	0.00219435	0.00234160	0.00104743	0.00120119	0.00049302	0.00080658
4.03000000	0.00510091	0.00143373	0.00100447	0.00145653	0.00094193	0.00250650	0.00460351	0.00247431	0.00207704	0.00309309	0.00234174	0.00225982	0.00285895	0.00368210	0.00133557	0.00264436	0.00090405	0.00139713	0.00277859	0.00191714	0.00154752	0.00227434	0.00251970	0.00102783	0.00123411	0.00045117	0.00092829
4.04000000	0.00494987	0.00144796	0.00089257	0.00133240	0.00081113	0.00260509	0.00474918	0.00246296	0.00206610	0.00319008	0.00246446	0.00295926	0.00266786	0.00400553	0.00110763	0.00292265	0.00118945	0.00135535	0.00299811	0.00191692	0.00162041	0.00237043	0.00281479	0.00116066	0.00143777	0.00047274	0.00110954
4.05000000	0.00517718	0.00081232	0.00122204	0.00139067	0.00099245	0.00255642	0.00454523	0.00283813	0.00204037	0.00291090	0.00233026	0.00320654	0.00292279	0.00464065	0.00128346	0.00297566	0.00107794	0.00139945	0.00299967	0.00208937	0.00149146	0.00238122	0.00273781	0.00105658	0.00134293	0.00029527	0.00107341
4.06000000	0.00515144	0.00080598	0.00120903	0.00128225	0.00090986	0.00276053	0.00455103	0.00294029	0.00202286	0.00291476	0.00227164	0.00394592	0.00294981	0.00560198	0.00149106	0.00318887	0.00116387	0.00131506	0.00310661	0.00210930	0.00156192	0.00240934	0.00295861	0.00100635	0.00157622	0.00028641	0.00107126
4.07000000	0.00499787	0.00089280	0.00117524	0.00121587	0.00086760	0.00295874	0.00468122	0.00301816	0.00201916	0.00308086	0.00249404	0.00490255	0.00269137	0.00679021	0.00141564	0.00352499	0.00136609	0.00129017	0.00319830	0.00215052	0.00162716	0.00244242	0.00313831	0.00105480	0.00167271	0.00034776	0.00115107
4.08000000	0.00484690	0.00091075	0.00113055	0.00127168	0.00088714	0.00321930	0.00471641	0.00315952	0.00204289	0.00321751	0.00260754	0.00557233	0.00262987	0.00761652	0.00176344	0.00371409	0.00180495	0.00117897	0.00333511	0.00219752	0.00170433	0.00246330	0.00336013	0.00109322	0.00192001	0.00035572	0.00127118
4.09000000	0.00479822	0.00100347	0.00114800	0.00137227	0.00097300	0.00346917	0.00467857	0.00332963	0.00204212	0.00327690	0.00266629	0.00585460	0.00260342	0.00822613	0.00211486	0.00385122	0.00196810	0.00110396	0.00341521	0.00226185	0.00176862	0.00248851	0.00351198	0.00111288	0.00213383	0.00042960	0.00131808
4.10000000	0.00512583	0.00204937	0.00182143	0.00108170	0.00106256	0.00336400	0.00462992	0.00396767	0.00191630	0.00266910	0.00208640	0.00569089	0.00287696	0.00768600	0.00221758	0.00328738	0.00134006	0.00118903	0.00335405	0.00256663	0.00157392	0.00246327	0.00326773	0.00086934	0.00170757	0.00012760	0.00121543
4.11000000	0.00491080	0.00167835	0.00174646	0.00130924	0.00116321	0.00364413	0.00474485	0.00397319	0.00193487	0.00277586	0.00235380	0.00555771	0.00257772	0.00779345	0.00227911	0.00339707	0.00128683	0.00118292	0.00336764	0.00264387	0.00160581	0.00245428	0.00335984	0.00085099	0.00186446	0.00018873	0.00123368
4.12000000	0.00484635	0.00142586	0.00164006	0.00145214	0.00121456	0.00390773	0.00473710	0.00397185	0.00190168	0.00272869	0.00240742	0.00508730	0.00234892	0.00741971	0.00250687	0.00321888	0.00155621	0.00109550	0.00347781	0.00273587	0.00166047	0.00253357	0.00348372	0.00082334	0.00207769	0.00036116	0.00127372
4.13000000	0.00477319	0.00143560	0.00168693	0.00182668	0.00148334	0.00389896	0.00474151	0.00405807	0.00195831	0.00289938	0.00254395	0.00452998	0.00216485	0.00692666	0.00254807	0.00320750	0.00157987	0.00113683	0.00352342	0.00276853	0.00169113	0.00252565	0.00348755	0.00084945	0.00217615	0.00043473	0.00130888
4.14000000	0.00480578	0.00158343	0.00200981	0.00143795	0.00142919	0.00387804	0.00511270	0.00401790	0.00186112	0.00255231	0.00221356	0.00436076	0.00175758	0.00526044	0.00235271	0.00233102	0.00149625	0.00114741	0.00359521	0.00302881	0.00164496	0.00263017	0.00349244	0.00068059	0.00200899	0.00052096	0.00129189
4.15000000	0.00487657	0.00145202	0.00204387	0.00190714	0.00173084	0.00381346	0.00509893	0.00403444	0.00192371	0.00262620	0.00246919	0.00360890	0.00166027	0.00465686	0.00237012	0.00223664	0.00136934	0.00124490	0.00360585	0.00307612	0.00162692	0.00263603	0.00342477	0.00070006	0.00210727	0.00052815	0.00124979
4.16000000	0.00498175	0.00132548	0.00235576	0.00176282	0.00186534	0.00397492	0.00532570	0.00367888	0.00194692	0.00278440	0.00216344	0.00305258	0.00128691	0.00358448	0.00235967	0.00178008	0.00162194	0.00121407	0.00371021	0.00317792	0.00166296	0.00277180	0.00350732	0.00067071	0.00228319	0.00058192	0.00127208
4.17000000	0.00543421	0.00129134	0.00241018	0.00218962	0.00215111	0.00382709	0.00530416	0.00364856	0.00199620	0.00283228	0.00235934	0.00259601	0.00118039	0.00316030	0.00243016	0.00172730	0.00164674	0.00122764	0.00375159	0.00323624	0.00162639	0.00281572	0.00341641	0.00070092	0.00235293	0.00066146	0.00136137
4.18000000	0.00578594	0.00123782	0.00285656	0.00216137	0.00238414	0.00402559	0.00567663	0.00312340	0.00198849	0.00287746	0.00236911	0.00232011	0.00095132	0.00248358	0.00235557	0.00118092	0.00165970	0.00124731	0.00382212	0.00331303	0.00164537	0.00294034	0.00341718	0.00058281	0.00243970	0.00080244	0.00131371
4.19000000	0.00659734	0.00147782	0.00301042	0.00263096	0.00272336	0.00384119	0.00565060	0.00311702	0.00203639	0.00289274	0.00258491	0.00242448	0.00125385	0.00248258	0.00241774	0.00121615	0.00150949	0.00140223	0.00374111	0.00335165	0.00156679	0.00293531	0.00323559	0.00067227	0.00242406	0.00077458	0.00129220
4.20000000	0.00744777	0.00159716	0.00308701	0.00283487	0.00290342	0.00377214	0.00563776	0.00299797	0.00204770	0.00291707	0.00266454	0.00244883	0.00109130	0.00235218	0.00262098	0.00132171	0.00180134	0.00135256	0.00392065	0.00331340	0.00160146	0.00301052	0.00322243	0.00070564	0.00255432	0.00090171	0.00145220
4.21000000	0.00775465	0.00133540	0.00363183	0.00283723	0.00317914	0.00397919	0.00595698	0.00246160	0.00208725	0.00321184	0.00259084	0.00243067	0.00106543	0.00231299	0.00264535	0.00102888	0.00179039	0.00139268	0.00397046	0.00329392	0.00165756	0.00309530	0.00323404	0.00069933	0.00267050	0.00090462	0.00139164
4.22000000	0.00853156	0.00151221	0.00370215	0.00304644	0.00334105	0.00393671	0.00593666	0.00235864	0.00205330	0.00318252	0.00268016	0.00251280	0.00113125	0.00255525	0.00275119	0.00107868	0.00181973	0.00145181	0.00393230	0.00331895	0.00160758	0.00311804	0.00312612	0.00059948	0.00265982	0.00105166	0.00140818
4.23000000	0.00899664	0.00157881	0.00382328	0.00316128	0.00347593	0.00397011	0.00588948	0.00221045	0.00202144	0.00321966	0.00275295	0.00257239	0.00112311	0.00273266	0.00281626	0.00123639	0.00189135	0.00149641	0.00392224	0.00330625	0.00161259	0.00314871	0.00309111	0.00058531	0.00269256	0.00117184	0.00145570
4.24000000	0.00919975	0.00181926	0.00386766	0.00331994	0.00358242	0.00402790	0.00607711	0.00189228	0.00196430	0.00303831	0.00313592	0.00275581	0.00178674	0.00286851	0.00297302	0.00103602	0.00169663	0.00177142	0.00381228	0.00325608	0.00154868	0.00303657	0.00299527	0.00057187	0.00266892	0.00117866	0.00142982
4.25000000	0.00919650	0.00166666	0.00398997	0.00322561	0.00359050	0.00389830	0.00592061	0.00174412	0.00191527	0.00337750	0.00275150	0.00280439	0.00137410	0.00271979	0.00310024	0.00142232	0.00159332	0.00174319	0.00382168	0.00319671	0.00158690	0.00303253	0.00299321	0.00075144	0.00273229	0.00101414	0.00138665
4.26000000	0.00902413	0.00164585	0.00381664	0.00316149	0.00348127	0.00386414	0.00588014	0.00170506	0.00182935	0.00332218	0.00280748	0.00280485	0.00178498	0.00274102	0.00321636	0.00135491	0.00163025	0.00185619	0.00375020	0.00316590	0.00161515	0.00292229	0.00307894	0.00071192	0.00274830	0.00110659	0.00146564
4.27000000	0.00849406	0.00175539	0.00371702	0.00318604	0.00344417	0.00387886	0.00594879	0.00158739	0.00170924	0.00314827	0.00316673	0.00293112	0.00233322	0.00277417	0.00330200	0.00117124	0.00156882	0.00207961	0.00361228	0.00309969	0.00161356	0.00278286	0.00308885	0.00064390	0.00268348	0.00128735	0.00143950
4.28000000	0.00809199	0.00167629	0.00345945	0.00302531	0.00324392	0.00377153	0.00565131	0.00169964	0.00160900	0.00323871	0.00301893	0.00291424	0.00250065	0.00273649	0.00332807	0.00142734	0.00173218	0.00211165	0.00347922	0.00311960	0.00164897	0.00269102	0.00323428	0.00079018	0.00266915	0.00136114	0.00146641
4.29000000	0.00777738	0.00189218	0.00335040	0.00294253	0.00313590	0.00336142	0.00527113	0.00168161	0.00144890	0.00330999	0.00271433	0.00306344	0.00223663	0.00239614	0.00345924	0.00181836	0.00158040	0.00194987	0.00342305	0.00312015	0.00158469	0.00267055	0.00316550	0.00086732	0.00271650	0.00102568	0.00132808
4.30000000	0.00727747	0.00187833	0.00311113	0.00280640	0.00294485	0.00325554	0.00506229	0.00177267	0.00136113	0.00334149	0.00274137	0.00312588	0.00250326	0.00227128	0.00352754	0.00189195	0.00164825	0.00204538	0.00338025	0.00303971	0.00164372	0.00249052	0.00332583	0.00085640	0.00273508	0.00109403	0.00142362
4.31000000	0.00682626	0.00201302	0.00298267	0.00282613	0.00288290	0.00314275	0.00494392	0.00179848	0.00123879	0.00327344	0.00289301	0.00327548	0.00277543	0.00221926	0.00356101	0.00185840	0.00156716	0.00222717	0.00330455	0.00290447	0.00167969	0.00237779	0.00337802	0.00092462	0.00264626	0.00131578	0.00135233
4.32000000	0.00667306	0.00218469	0.00284763	0.00284128	0.00281368	0.00297837	0.00475264	0.00184630	0.00115789	0.00329358	0.00285432	0.00340559	0.00291977	0.00207105	0.00360194	0.00197853	0.00159004	0.00225410	0.00315927	0.00288454	0.00165906	0.00228712	0.00344363	0.00096192	0.00262806	0.00139941	0.00139052
4.33000000	0.00648287	0.00233276	0.00303028	0.00282516	0.00289727	0.00291311	0.00465477	0.00181655	0.00100682	0.00334997	0.00272219	0.00358152	0.00284748	0.00197097	0.00363101	0.00207884	0.00166293	0.00207425	0.00321418	0.00282558	0.00164466	0.00234401	0.00341310	0.00105202	0.00258951	0.00079202	0.00134942
4.34000000	0.00643950	0.00247250	0.00316772	0.00289286	0.00300398	0.00290187	0.00464316	0.00182514	0.00091521	0.00340400	0.00277644	0.00368250	0.00296061	0.00204353	0.00361643	0.00208421	0.00166305	0.00195512	0.00324460	0.00278903	0.00162593	0.00238238	0.00343682	0.00101362	0.00254277	0.00082907	0.00144539
4.35000000	0.00682396	0.00265496	0.00306914	0.00304702	0.00302187	0.00289943	0.00454156	0.00185441	0.00087456	0.00339785	0.00299620	0.00387808	0.00311639	0.00205607	0.00364722	0.00217282	0.00150559	0.00206768	0.00325143	0.00263386	0.00164723	0.00228815	0.00347844	0.00091763	0.00255917	0.00098331	0.00142798
4.36000000	0.00742188	0.00286480	0.00302935	0.00322362	0.00309056	0.00290071	0.00441962	0.00184219	0.00086053	0.00339060	0.00325020	0.00406038	0.00329222	0.00219207	0.00363209	0.00230671	0.00143706	0.00209392	0.00328211	0.00252661	0.00165363	0.00225606	0.00351428	0.00095592	0.00255575	0.00126282	0.00151270
4.37000000	0.00815910	0.00296783	0.00304933	0.00335585	0.00318414	0.00290727	0.00432019	0.00191181	0.00074481	0.00342610	0.00332028	0.00424447	0.00334442	0.00236288	0.00372839	0.00249344	0.00142368	0.00200371	0.00338139	0.00246280	0.00165663	0.00225207	0.00359226	0.00102789	0.00265057	0.00140860	0.00162108
4.38000000	0.00810031	0.00297153	0.00376990	0.00337719	0.00355933	0.00325478	0.00484443	0.00170597	0.00062679	0.00363087	0.00277789	0.00446490	0.00333753	0.00245869	0.00366059	0.00228079	0.00143518	0.00187735	0.00339051	0.00248624	0.00167915	0.00235666	0.00365396	0.00093779	0.00271447	0.00065189	0.00155212
4.39000000	0.00892113	0.00315694	0.00370319	0.00356617	0.00361697	0.00329923	0.00467896	0.00178954	0.00060479	0.00365851	0.00305994	0.00464764	0.00356239	0.00274294	0.00363388	0.00245753	0.00126958	0.00182348	0.00346409	0.00243721	0.00167225	0.00233001	0.00369510	0.00081022	0.00272795	0.00086564	0.00165461
4.40000000	0.00965455	0.00315894	0.00370758	0.00367320	0.00369642	0.00331374	0.00462750	0.00176172	0.00048980	0.00356535	0.00310871	0.00488611	0.00357937	0.00291264	0.00376516	0.00277210	0.00122446	0.00162854	0.00363132	0.00243862	0.00167276	0.00232820	0.00381946	0.00073510	0.00286536	0.00095705	0.00182001
4.41000000	0.00936946	0.00363370	0.00434823	0.00378471	0.00403530	0.00362534	0.00511261	0.00170051	0.00040115	0.00365141	0.00275594	0.00497150	0.00325083	0.00308518	0.00374141	0.00265309	0.00129815	0.00160470	0.00369560	0.00243381	0.00170557	0.00238521	0.00382951	0.00073081	0.00293085	0.00050655	0.00174810
4.42000000	0.00979988	0.00365073	0.00411734	0.00380544	0.00392981	0.00370999	0.00496827	0.00177648	0.00040944	0.00364853	0.00294111	0.00519859	0.00350308	0.00334556	0.00383076	0.00285218	0.00101231	0.00148914	0.00381406	0.00247541	0.00174087	0.00229682	0.00398098	0.00061016	0.00300003	0.00066116	0.00183135
4.43000000	0.00961983	0.00366808	0.00437887	0.00376305	0.00405183	0.00395950	0.00492297	0.00171748	0.00060863	0.00353859	0.00270632	0.00553300	0.00343541	0.00346028	0.00400695	0.00287473	0.00114400	0.00147382	0.00387138	0.00250495	0.00179546	0.00225585	0.00412441	0.00053136	0.00308335	0.00051990	0.00194301
4.44000000	0.00946999	0.00367530	0.00424653	0.00374461	0.00398406	0.00398254	0.00481861	0.00169719	0.00079506	0.00344879	0.00265070	0.00574428	0.00337323	0.00376675	0.00422507	0.00308039	0.00102813	0.00131334	0.00398156	0.00260259	0.00181447	0.00221710	0.00429186	0.00043414	0.00321850	0.00041950	0.00198445
4.45000000	0.00886694	0.00389551	0.00427496	0.00362965	0.00392556	0.00411032	0.00468903	0.00172437	0.00098000	0.00340193	0.00259694	0.00597252	0.00320812	0.00404610	0.00439441	0.00304765	0.00120045	0.00127107	0.00413027	0.00264864	0.00189921	0.00213529	0.00445957	0.00038275	0.00331437	0.00038009	0.00203668
4.46000000	0.00825642	0.00388070	0.00385548	0.00353503	0.00365100	0.00423497	0.00446660	0.00183022	0.00105259	0.00347955	0.00280540	0.00609965	0.00334520	0.00476199	0.00463802	0.00320765	0.00065375	0.00116560	0.00424963	0.00273151	0.00197580	0.00200500	0.00468746	0.00037903	0.00343766	0.00048859	0.00212477
4.47000000	0.00755608	0.00374578	0.00351888	0.00343367	0.00344710	0.00419885	0.00432180	0.00171000	0.00142932	0.00326743	0.00265635	0.00636680	0.00290439	0.00529471	0.00506049	0.00353640	0.00067290	0.00102662	0.00445234	0.00283459	0.00203802	0.00196232	0.00488688	0.00043505	0.00359270	0.00051074	0.00214744
4.48000000	0.00636728	0.00413094	0.00372663	0.00317151	0.00338879	0.00428011	0.00403110	0.00180603	0.00180453	0.00302165	0.00241314	0.00658607	0.00224262	0.00559972	0.00533733	0.00323802	0.00157680	0.00109436	0.00446397	0.00289267	0.00211445	0.00187176	0.00502260	0.00026964	0.00368348	0.00031738	0.00208649
4.49000000	0.00526692	0.00407201	0.00331559	0.00309748	0.00311637	0.00436773	0.00382604	0.00186716	0.00192858	0.00308617	0.00252422	0.00648268	0.00212363	0.00658002	0.00571900	0.00347817	0.00119596	0.00096339	0.00466761	0.00289934	0.00218379	0.00174471	0.00521396	0.00023122	0.00381368	0.00038927	0.00221462
4.50000000	0.00442190	0.00415776	0.00313265	0.00305303	0.00299114	0.00419009	0.00361421	0.00185599	0.00240293	0.00279878	0.00221483	0.00651213	0.00147626	0.00701442	0.00604237	0.00361079	0.00162616	0.00096631	0.00483701	0.00295154	0.00223230	0.00172905	0.00529279	0.00035411	0.00389009	0.00030068	0.00212823
4.51000000	0.00343416	0.00485748	0.00335580	0.00265094	0.00281203	0.00402395	0.00352995	0.00187407	0.00255225	0.00262132	0.00207107	0.00658565	0.00114251	0.00676972	0.00608169	0.00314154	0.00152177	0.00091919	0.00481649	0.00305125	0.00226544	0.00158417	0.00544979	0.00006676	0.00388664	0.00021891	0.00210822
4.52000000	0.00283335	0.00476164	0.00314861	0.00275876	0.00270584	0.00400435	0.00331868	0.00190077	0.00268191	0.00268537	0.00201862	0.00605616	0.00101870	0.00712163	0.00638139	0.00338142	0.00131592	0.00098186	0.00479552	0.00307454	0.00236687	0.00148231	0.00561907	0.00012341	0.00393552	0.00028069	0.00217247
4.53000000	0.00288774	0.00472200	0.00297044	0.00282775	0.00261958	0.00378958	0.00302342	0.00188035	0.00299383	0.00254884	0.00177830	0.00539504	0.00100411	0.00697786	0.00655734	0.00354841	0.00137880	0.00085835	0.00502604	0.00296790	0.00241003	0.00141651	0.00572446	0.00011657	0.00407389	0.00025187	0.00228499
4.54000000	0.00315349	0.00467865	0.00310078	0.00279993	0.00265547	0.00365084	0.00299160	0.00170929	0.00321944	0.00231141	0.00192832	0.00511608	0.00165635	0.00606284	0.00616722	0.00285633	0.00152543	0.00083411	0.00509231	0.00300214	0.00239422	0.00139156	0.00577378	0.00022688	0.00404887	0.00017392	0.00218486
4.55000000	0.00357449	0.00464365	0.00305849	0.00288432	0.00264338	0.00335128	0.00267230	0.00167836	0.00343851	0.00225314	0.00159234	0.00428893	0.00168582	0.00494208	0.00611162	0.00312940	0.00144341	0.00081302	0.00517337	0.00290902	0.00246501	0.00131255	0.00591318	0.00024308	0.00412408	0.00012300	0.00227315
4.56000000	0.00389493	0.00459742	0.00315670	0.00304458	0.00273020	0.00313019	0.00273566	0.00137841	0.00352327	0.00221509	0.00153439	0.00345722	0.00261658	0.00390420	0.00567153	0.00271640	0.00134500	0.00077989	0.00519218	0.00296560	0.00237549	0.00135164	0.00592905	0.00039501	0.00414931	0.00026026	0.00218167
4.57000000	0.00422653	0.00461974	0.00326250	0.00313661	0.00282123	0.00299513	0.00224219	0.00143361	0.00375201	0.00212102	0.00113403	0.00267886	0.00275076	0.00279601	0.00534346	0.00285968	0.00129625	0.00074907	0.00526693	0.00282219	0.00238319	0.00131439	0.00595766	0.00047892	0.00412833	0.00012166	0.00221459
4.58000000	0.00453264	0.00394359	0.00304228	0.00346127	0.00289403	0.00319638	0.00219419	0.00139540	0.00375926	0.00225979	0.00155735	0.00216649	0.00390656	0.00223562	0.00487938	0.00261037	0.00099483	0.00078463	0.00536188	0.00272776	0.00237386	0.00135582	0.00598282	0.00059674	0.00411358	0.00009745	0.00217068
4.59000000	0.00457150	0.00388469	0.00314272	0.00336687	0.00288453	0.00319462	0.00182253	0.00142715	0.00395565	0.00218780	0.00110023	0.00172082	0.00405866	0.00222730	0.00455163	0.00281585	0.00129653	0.00080840	0.00541429	0.00265837	0.00235806	0.00133643	0.00609020	0.00069985	0.00410269	0.00011251	0.00222210
4.60000000	0.00451562	0.00399328	0.00336415	0.00339007	0.00299251	0.00340668	0.00149323	0.00155916	0.00413347	0.00216008	0.00077255	0.00152869	0.00434171	0.00256589	0.00416176	0.00287302	0.00179279	0.00088710	0.00534719	0.00264127	0.00226955	0.00136550	0.00610843	0.00085641	0.00402476	0.00016157	0.00213586
4.61000000	0.00437369	0.00417079	0.00368407	0.00355668	0.00321833	0.00367671	0.00152371	0.00160655	0.00419511	0.00217039	0.00083054	0.00169179	0.00469264	0.00267786	0.00373068	0.00269533	0.00207754	0.00093297	0.00522911	0.00264113	0.00216709	0.00139462	0.00603683	0.00097196	0.00382988	0.00026591	0.00191622
4.62000000	0.00456685	0.00367941	0.00322619	0.00375235	0.00307937	0.00334028	0.00197602	0.00229171	0.00392651	0.00255773	0.00149674	0.00154212	0.00450323	0.00185131	0.00380743	0.00241351	0.00154602	0.00094572	0.00543472	0.00240764	0.00221402	0.00150569	0.00610091	0.00088698	0.00394236	0.00023222	0.00206277
4.63000000	0.00438994	0.00376267	0.00341234	0.00370721	0.00313998	0.00365233	0.00182135	0.00234350	0.00405704	0.00247406	0.00102654	0.00206662	0.00437087	0.00185314	0.00363744	0.00227661	0.00196202	0.00100621	0.00541668	0.00239218	0.00213995	0.00150220	0.00608739	0.00103355	0.00380312	0.00025060	0.00192960
4.64000000	0.00433868	0.00403990	0.00347186	0.00364479	0.00311187	0.00341006	0.00222916	0.00267156	0.00395927	0.00263999	0.00142608	0.00228568	0.00382518	0.00207887	0.00365038	0.00242936	0.00198032	0.00104180	0.00539127	0.00227261	0.00209369	0.00156875	0.00611642	0.00100085	0.00378670	0.00034674	0.00194461
4.65000000	0.00415519	0.00400673	0.00355957	0.00356799	0.00310656	0.00360129	0.00213084	0.00260233	0.00408354	0.00261632	0.00085670	0.00302710	0.00347140	0.00259437	0.00371596	0.00242180	0.00238422	0.00107973	0.00538705	0.00220546	0.00203898	0.00151620	0.00615590	0.00119867	0.00366826	0.00034629	0.00196616
4.66000000	0.00403363	0.00417498	0.00371942	0.00346789	0.00312629	0.00348876	0.00259271	0.00263752	0.00408620	0.00237032	0.00108744	0.00324710	0.00326837	0.00336772	0.00357600	0.00245876	0.00233764	0.00123653	0.00528799	0.00228289	0.00193240	0.00157913	0.00609332	0.00124980	0.00349710	0.00043387	0.00180386
4.67000000	0.00396489	0.00417561	0.00376170	0.00341933	0.00311358	0.00334050	0.00264093	0.00273949	0.00413521	0.00229435	0.00117486	0.00327301	0.00283173	0.00405554	0.00356252	0.00250635	0.00249351	0.00122273	0.00523132	0.00220282	0.00186005	0.00160899	0.00603685	0.00130740	0.00338684	0.00053885	0.00173709
4.68000000	0.00390794	0.00400922	0.00375070	0.00345685	0.00312103	0.00294447	0.00302318	0.00252382	0.00411951	0.00250194	0.00059222	0.00290664	0.00253496	0.00443110	0.00373615	0.00265072	0.00272377	0.00123758	0.00517808	0.00216699	0.00177868	0.00163421	0.00595329	0.00163423	0.00319818	0.00062008	0.00180190
4.69000000	0.00396481	0.00353598	0.00360318	0.00331231	0.00297239	0.00273139	0.00287994	0.00299607	0.00424001	0.00230884	0.00091259	0.00296112	0.00240329	0.00446482	0.00351869	0.00240750	0.00264440	0.00114220	0.00504932	0.00206766	0.00178729	0.00162814	0.00602477	0.00120638	0.00315428	0.00062273	0.00164789
4.70000000	0.00396810	0.00333575	0.00362512	0.00326535	0.00296774	0.00226814	0.00328372	0.00293676	0.00433433	0.00211293	0.00111472	0.00192458	0.00232119	0.00440302	0.00349506	0.00251076	0.00267278	0.00122022	0.00485581	0.00207334	0.00167293	0.00167594	0.00592089	0.00132529	0.00294943	0.00062004	0.00161667
4.71000000	0.00414386	0.00269674	0.00345339	0.00315944	0.00283775	0.00206086	0.00360886	0.00310331	0.00443862	0.00201344	0.00077351	0.00166819	0.00254164	0.00389188	0.00333483	0.00236925	0.00242954	0.00117126	0.00470818	0.00196970	0.00163000	0.00164692	0.00592892	0.00125812	0.00287498	0.00073119	0.00151980
4.72000000	0.00419777	0.00251018	0.00343060	0.00318452	0.00287228	0.00157721	0.00436640	0.00319136	0.00462706	0.00193552	0.00059420	0.00027866	0.00252506	0.00346413	0.00340882	0.00258107	0.00250516	0.00114403	0.00458270	0.00200775	0.00145267	0.00174616	0.00563502	0.00145541	0.00257483	0.00081182	0.00135162
4.73000000	0.00450776	0.00222634	0.00334753	0.00300782	0.00272977	0.00153506	0.00482532	0.00351472	0.00472485	0.00177157	0.00137681	0.00076030	0.00260693	0.00295626	0.00328116	0.00261559	0.00235331	0.00124666	0.00435097	0.00195783	0.00146401	0.00174120	0.00565244	0.00141607	0.00243906	0.00076080	0.00135710
4.74000000	0.00468694	0.00199301	0.00325664	0.00290444	0.00265344	0.00148955	0.00548906	0.00395903	0.00490209	0.00178971	0.00134414	0.00148939	0.00278565	0.00259761	0.00319951	0.00269384	0.00219114	0.00125143	0.00412864	0.00192545	0.00138302	0.00177518	0.00552848	0.00140837	0.00223330	0.00084439	0.00122926
4.75000000	0.00473491	0.00191654	0.00316850	0.00276904	0.00257141	0.00147707	0.00636005	0.00443859	0.00502525	0.00189129	0.00128298	0.00210883	0.00296184	0.00243408	0.00312073	0.00279944	0.00204272	0.00124536	0.00392163	0.00187088	0.00127884	0.00182410	0.00536048	0.00150571	0.00199362	0.00085524	0.00114934
4.76000000	0.00448319	0.00197121	0.00311495	0.00268264	0.00254029	0.00156560	0.00739998	0.00498737	0.00512402	0.00207677	0.00114360	0.00255710	0.00311887	0.00244092	0.00307224	0.00283616	0.00201861	0.00123529	0.00366701	0.00180684	0.00113849	0.00190694	0.00514087	0.00164882	0.00175048	0.00100169	0.00104888
4.77000000	0.00453494	0.00197821	0.00306509	0.00244240	0.00241667	0.00171431	0.00815260	0.00577450	0.00516829	0.00232219	0.00145856	0.00271560	0.00319859	0.00249773	0.00294882	0.00287565	0.00187696	0.00133216	0.00341991	0.00177933	0.00111449	0.00193939	0.00505477	0.00162909	0.00153828	0.00091737	0.00093613
4.78000000	0.00445493	0.00214274	0.00301969	0.00225309	0.00233265	0.00193551	0.00889910	0.00665443	0.00522040	0.00273204	0.00157802	0.00269455	0.00326226	0.00250367	0.00282295	0.00288653	0.00182056	0.00136897	0.00314850	0.00171209	0.00102514	0.00202423	0.00488981	0.00153696	0.00141499	0.00096347	0.00080536
4.79000000	0.00379202	0.00214188	0.00307772	0.00220630	0.00240221	0.00251676	0.00994597	0.00725179	0.00519770	0.00302109	0.00176073	0.00271124	0.00350032	0.00232348	0.00284100	0.00272973	0.00199681	0.00136059	0.00283129	0.00169751	0.00087765	0.00208717	0.00464625	0.00166456	0.00104427	0.00106525	0.00063574
4.80000000	0.00398928	0.00235319	0.00304118	0.00192621	0.00225415	0.00283333	0.01045215	0.00822889	0.00506697	0.00334039	0.00182506	0.00269225	0.00320453	0.00236164	0.00273464	0.00266261	0.00204694	0.00158784	0.00253878	0.00160604	0.00095003	0.00215558	0.00466120	0.00140413	0.00089765	0.00095519	0.00060408
4.81000000	0.00370319	0.00258937	0.00310478	0.00180540	0.00227632	0.00338381	0.01117635	0.00889833	0.00492833	0.00356301	0.00188351	0.00282397	0.00334335	0.00193917	0.00277284	0.00249791	0.00225180	0.00169409	0.00228997	0.00152860	0.00092446	0.00222836	0.00449199	0.00144676	0.00068457	0.00086937	0.00049143
4.82000000	0.00398032	0.00294381	0.00298592	0.00161490	0.00212986	0.00362994	0.01149071	0.00976568	0.00473800	0.00379276	0.00177540	0.00299509	0.00290800	0.00250077	0.00266070	0.00228125	0.00234621	0.00187639	0.00207807	0.00141713	0.00098753	0.00233126	0.00441883	0.00107176	0.00053813	0.00076742	0.00037554
4.83000000	0.00365672	0.00318153	0.00312317	0.00163693	0.00225846	0.00414682	0.01219077	0.01007840	0.00443949	0.00385355	0.00158251	0.00316813	0.00301334	0.00248351	0.00282901	0.00219929	0.00254789	0.00194862	0.00171625	0.00138030	0.00093990	0.00239135	0.00426526	0.00104413	0.00036361	0.00084027	0.00035641
4.84000000	0.00408938	0.00335898	0.00291103	0.00143321	0.00205585	0.00415930	0.01227264	0.01083292	0.00415960	0.00385960	0.00128147	0.00332840	0.00265341	0.00322683	0.00274421	0.00205636	0.00261692	0.00217443	0.00154664	0.00134083	0.00102287	0.00249989	0.00420686	0.00075906	0.00019970	0.00067940	0.00027896
4.85000000	0.00398717	0.00359065	0.00291907	0.00143324	0.00209595	0.00464443	0.01275450	0.01084737	0.00385326	0.00366047	0.00094925	0.00351376	0.00251885	0.00354332	0.00278955	0.00216460	0.00253374	0.00217392	0.00143264	0.00127729	0.00108881	0.00246122	0.00406665	0.00097255	0.00023776	0.00052735	0.00025702
4.86000000	0.00436492	0.00358752	0.00280175	0.00127769	0.00197480	0.00452487	0.01270503	0.01122764	0.00359034	0.00368688	0.00053047	0.00360228	0.00250767	0.00374786	0.00269418	0.00200177	0.00263422	0.00228663	0.00120228	0.00118081	0.00116548	0.00249064	0.00408355	0.00065575	0.00007083	0.00052258	0.00020683
4.87000000	0.00454749	0.00365426	0.00277780	0.00128755	0.00197594	0.00468011	0.01278299	0.01118181	0.00346076	0.00357388	0.00033711	0.00366476	0.00246473	0.00377996	0.00258041	0.00194965	0.00256404	0.00225654	0.00102049	0.00109597	0.00123152	0.00245005	0.00400057	0.00062565	0.00023318	0.00051392	0.00012453
4.88000000	0.00387514	0.00392844	0.00280577	0.00174171	0.00219235	0.00525285	0.01363864	0.01041939	0.00330864	0.00330646	0.00122691	0.00320909	0.00268174	0.00352694	0.00262530	0.00201131	0.00247117	0.00209403	0.00079598	0.00109584	0.00127438	0.00243012	0.00373643	0.00067914	0.00065881	0.00053714	0.00011163
4.89000000	0.00497719	0.00343014	0.00263273	0.00123268	0.00187262	0.00474317	0.01290431	0.01082119	0.00349103	0.00343294	0.00108255	0.00348344	0.00234818	0.00341064	0.00240616	0.00201598	0.00221314	0.00220860	0.00071721	0.00096532	0.00137754	0.00230663	0.00398276	0.00057953	0.00036602	0.00038324	0.00012659
4.90000000	0.00476723	0.00299026	0.00243794	0.00127821	0.00179694	0.00471929	0.01301697	0.01066394	0.00371544	0.00354279	0.00133498	0.00319517	0.00265929	0.00304694	0.00229867	0.00199865	0.00212608	0.00214358	0.00062920	0.00092894	0.00141059	0.00225737	0.00391211	0.00043692	0.00038845	0.00030681	0.00008965
4.91000000	0.00452280	0.00311170	0.00250800	0.00146960	0.00190058	0.00483449	0.01342153	0.01014168	0.00405920	0.00349225	0.00160859	0.00289532	0.00260934	0.00252959	0.00231455	0.00224579	0.00190607	0.00200411	0.00046667	0.00094039	0.00145292	0.00219865	0.00384918	0.00036929	0.00051825	0.00032525	0.00015468
4.92000000	0.00462329	0.00289418	0.00249135	0.00152276	0.00189304	0.00488595	0.01353074	0.00993999	0.00453367	0.00364939	0.00186185	0.00277764	0.00257428	0.00239078	0.00220537	0.00221761	0.00175371	0.00194439	0.00041735	0.00105998	0.00145632	0.00210482	0.00385868	0.00033896	0.00065232	0.00022291	0.00016031
4.93000000	0.00441494	0.00284296	0.00252211	0.00167177	0.00196696	0.00503569	0.01389547	0.00971376	0.00503422	0.00373093	0.00201814	0.00267554	0.00261515	0.00214990	0.00213478	0.00232010	0.00161536	0.00174680	0.00037737	0.00117398	0.00147116	0.00208847	0.00377765	0.00023381	0.00055893	0.00021304	0.00019569
4.94000000	0.00447890	0.00250627	0.00243858	0.00170343	0.00192716	0.00520842	0.01417588	0.00960302	0.00554819	0.00395656	0.00209094	0.00269862	0.00262555	0.00225716	0.00196234	0.00227024	0.00149467	0.00161116	0.00042917	0.00126927	0.00151434	0.00199185	0.00377156	0.00022050	0.00047814	0.00010440	0.00013796
4.95000000	0.00425420	0.00248873	0.00247847	0.00181974	0.00198995	0.00545722	0.01459381	0.00956034	0.00609574	0.00409156	0.00221072	0.00261999	0.00263111	0.00224693	0.00189025	0.00233329	0.00137947	0.00144573	0.00047449	0.00140755	0.00150139	0.00198454	0.00370349	0.00014841	0.00042904	0.00004443	0.00019284
4.96000000	0.00451639	0.00181997	0.00230239	0.00181079	0.00187755	0.00574406	0.01493525	0.00962472	0.00665282	0.00425137	0.00216665	0.00269245	0.00284204	0.00243975	0.00169331	0.00213516	0.00141517	0.00125349	0.00061427	0.00151112	0.00151792	0.00188439	0.00381528	0.00018382	0.00023391	0.00027388	0.00027625
4.97000000	0.00371420	0.00212804	0.00241456	0.00200482	0.00204420	0.00670799	0.01535038	0.00975072	0.00717071	0.00434779	0.00283678	0.00262209	0.00267177	0.00249180	0.00169192	0.00213204	0.00156020	0.00096681	0.00084232	0.00170260	0.00152620	0.00207707	0.00336213	0.00027422	0.00024544	0.00032727	0.00037369
4.98000000	0.00402708	0.00248049	0.00242139	0.00176802	0.00190008	0.00673181	0.01616152	0.00953636	0.00742226	0.00449621	0.00214237	0.00256076	0.00250701	0.00240042	0.00169541	0.00245009	0.00128094	0.00093650	0.00097889	0.00170722	0.00138917	0.00192463	0.00366903	0.00042403	0.00011361	0.00026324	0.00063424
4.99000000	0.00441040	0.00250156	0.00251364	0.00182081	0.00195752	0.00680093	0.01654197	0.00967877	0.00772014	0.00487259	0.00220421	0.00262852	0.00244519	0.00258573	0.00158341	0.00241413	0.00116843	0.00080780	0.00105864	0.00180931	0.00133889	0.00189626	0.00375903	0.00035831	0.00019627	0.00033331	0.00056204
5.00000000	0.00462959	0.00230346	0.00253637	0.00190248	0.00200750	0.00661688	0.01696547	0.00995074	0.00805932	0.00511211	0.00236415	0.00268000	0.00254256	0.00265995	0.00146966	0.00231667	0.00123064	0.00068116	0.00121552	0.00190386	0.00127844	0.00191491	0.00374813	0.00034667	0.00037083	0.00042874	0.00051177
5.01000000	0.00391201	0.00237359	0.00253691	0.00228252	0.00219198	0.00604650	0.01789482	0.01000852	0.00827544	0.00454713	0.00210097	0.00274857	0.00288009	0.00274394	0.00124826	0.00214130	0.00128078	0.00041777	0.00146280	0.00202276	0.00123831	0.00200388	0.00367638	0.00024092	0.00045330	0.00049057	0.00055173
5.02000000	0.00388652	0.00246480	0.00251959	0.00230612	0.00219081	0.00592894	0.01825466	0.01038866	0.00831714	0.00467709	0.00196128	0.00282160	0.00280461	0.00283110	0.00121676	0.00209407	0.00134526	0.00034160	0.00167626	0.00203620	0.00115663	0.00204151	0.00367932	0.00025533	0.00057067	0.00061034	0.00058798
5.03000000	0.00404881	0.00263989	0.00244451	0.00207321	0.00203632	0.00624606	0.01832421	0.01107845	0.00806183	0.00496248	0.00197889	0.00285415	0.00266898	0.00288619	0.00124490	0.00220273	0.00123325	0.00038063	0.00192862	0.00196822	0.00111004	0.00203696	0.00371278	0.00044183	0.00062206	0.00063053	0.00069713
5.04000000	0.00366047	0.00288194	0.00255065	0.00238668	0.00223825	0.00549226	0.01851888	0.01138400	0.00797362	0.00495046	0.00169801	0.00297853	0.00289726	0.00284190	0.00118479	0.00210118	0.00139014	0.00023774	0.00198903	0.00207068	0.00097986	0.00214147	0.00367714	0.00039499	0.00073881	0.00070829	0.00055028
5.05000000	0.00398700	0.00291874	0.00242380	0.00208260	0.00202091	0.00575791	0.01822365	0.01228578	0.00745945	0.00516079	0.00176017	0.00299820	0.00299487	0.00295345	0.00102090	0.00198997	0.00144993	0.00026058	0.00223343	0.00196036	0.00098940	0.00212644	0.00373147	0.00046919	0.00072873	0.00084791	0.00071281
5.06000000	0.00294610	0.00344407	0.00254007	0.00259724	0.00231640	0.00514275	0.01815508	0.01214967	0.00723232	0.00471471	0.00123319	0.00311507	0.00303360	0.00279902	0.00123022	0.00224454	0.00141931	0.00028403	0.00227969	0.00202147	0.00087071	0.00227854	0.00359885	0.00045901	0.00076348	0.00074470	0.00052488
5.07000000	0.00348160	0.00339888	0.00244638	0.00225673	0.00210753	0.00515151	0.01717212	0.01303988	0.00672112	0.00500772	0.00150030	0.00313618	0.00338188	0.00288263	0.00092869	0.00206756	0.00153940	0.00028124	0.00233915	0.00198460	0.00086214	0.00225174	0.00366885	0.00042480	0.00073694	0.00092458	0.00065803
5.08000000	0.00256267	0.00386006	0.00254824	0.00267172	0.00233958	0.00512388	0.01666047	0.01264618	0.00613980	0.00451247	0.00097662	0.00326480	0.00322562	0.00278567	0.00119643	0.00225024	0.00144570	0.00032309	0.00228894	0.00199003	0.00074285	0.00240000	0.00348895	0.00066589	0.00073008	0.00071105	0.00034762
5.09000000	0.00261957	0.00371588	0.00240625	0.00254668	0.00218658	0.00528674	0.01546012	0.01266559	0.00562693	0.00439925	0.00090381	0.00334757	0.00330392	0.00283104	0.00126357	0.00242094	0.00137302	0.00039031	0.00234516	0.00194383	0.00078877	0.00236708	0.00358886	0.00058446	0.00073026	0.00082426	0.00040045
5.10000000	0.00226874	0.00389521	0.00255292	0.00280688	0.00236129	0.00552744	0.01424484	0.01190725	0.00519205	0.00392477	0.00055327	0.00334737	0.00343736	0.00291611	0.00142039	0.00263659	0.00123240	0.00044715	0.00220907	0.00194715	0.00077512	0.00234540	0.00354050	0.00059645	0.00054501	0.00095054	0.00026432
5.11000000	0.00224804	0.00382604	0.00248593	0.00273758	0.00227902	0.00579679	0.01278505	0.01113186	0.00469187	0.00359943	0.00048252	0.00350863	0.00375939	0.00291593	0.00128955	0.00245749	0.00131424	0.00050130	0.00203746	0.00202008	0.00071407	0.00237815	0.00347559	0.00057991	0.00046569	0.00088806	0.00016459
5.12000000	0.00312508	0.00358014	0.00252696	0.00243783	0.00215589	0.00600441	0.01077588	0.01047890	0.00440666	0.00379029	0.00159961	0.00356578	0.00385451	0.00298827	0.00115599	0.00243992	0.00145572	0.00080729	0.00185662	0.00193589	0.00085048	0.00217181	0.00358810	0.00061745	0.00064678	0.00119709	0.00027079
5.13000000	0.00193933	0.00346236	0.00251852	0.00278316	0.00224233	0.00636929	0.00966581	0.00823879	0.00398710	0.00273352	0.00028014	0.00373207	0.00410888	0.00312811	0.00136776	0.00257557	0.00129887	0.00083649	0.00162376	0.00202478	0.00070242	0.00231659	0.00336768	0.00066231	0.00024662	0.00082600	0.00007812
5.14000000	0.00296394	0.00307542	0.00251070	0.00242605	0.00206863	0.00670726	0.00774678	0.00685136	0.00375192	0.00271432	0.00129324	0.00394974	0.00406527	0.00322487	0.00131287	0.00252469	0.00146560	0.00105093	0.00149825	0.00196126	0.00080686	0.00217318	0.00343490	0.00058514	0.00048646	0.00109107	0.00026180
5.15000000	0.00217311	0.00273760	0.00255760	0.00261054	0.00209273	0.00707706	0.00657592	0.00431953	0.00351244	0.00180171	0.00036465	0.00404397	0.00450563	0.00339814	0.00144743	0.00269930	0.00122372	0.00118410	0.00118901	0.00200923	0.00074921	0.00217824	0.00334125	0.00071123	0.00021152	0.00082141	0.00025975
5.16000000	0.00334552	0.00226398	0.00254612	0.00220523	0.00190622	0.00777962	0.00514818	0.00261928	0.00331046	0.00165338	0.00077816	0.00424820	0.00431286	0.00359170	0.00137660	0.00268137	0.00133635	0.00138602	0.00112689	0.00189615	0.00081965	0.00211654	0.00334588	0.00063918	0.00047609	0.00098829	0.00045242
5.17000000	0.00297892	0.00203248	0.00261645	0.00230651	0.00191565	0.00821235	0.00425557	0.00075284	0.00313420	0.00104249	0.00048784	0.00448446	0.00474092	0.00376525	0.00144793	0.00266442	0.00123090	0.00151667	0.00077358	0.00200942	0.00077252	0.00205835	0.00333977	0.00071411	0.00048593	0.00077854	0.00042989
5.18000000	0.00333601	0.00175099	0.00260418	0.00215749	0.00181785	0.00878465	0.00357376	0.00192823	0.00300140	0.00079881	0.00055160	0.00457693	0.00481991	0.00408506	0.00139655	0.00269998	0.00115592	0.00168463	0.00055294	0.00202752	0.00078853	0.00199467	0.00336233	0.00066691	0.00061010	0.00079675	0.00047921
5.19000000	0.00363244	0.00155743	0.00257000	0.00197968	0.00169270	0.00927598	0.00331991	0.00329471	0.00283828	0.00083465	0.00065047	0.00475053	0.00480434	0.00438796	0.00134988	0.00270204	0.00116788	0.00180791	0.00045907	0.00203782	0.00081051	0.00194107	0.00340758	0.00062841	0.00071865	0.00077853	0.00048719
5.20000000	0.00462624	0.00135586	0.00242581	0.00149898	0.00144036	0.00991718	0.00330580	0.00387214	0.00250257	0.00108101	0.00086771	0.00488934	0.00440943	0.00474766	0.00115293	0.00267256	0.00120018	0.00190083	0.00044347	0.00197951	0.00087067	0.00189369	0.00349025	0.00059580	0.00086675	0.00086461	0.00063920
5.21000000	0.00500818	0.00134430	0.00238353	0.00122066	0.00133216	0.01023291	0.00332477	0.00406504	0.00208956	0.00136230	0.00105306	0.00493351	0.00419956	0.00507167	0.00100324	0.00266327	0.00118145	0.00201867	0.00042439	0.00187734	0.00095139	0.00183439	0.00355717	0.00068831	0.00114232	0.00092341	0.00057619
5.22000000	0.00388725	0.00152636	0.00242412	0.00133725	0.00129632	0.00988546	0.00342598	0.00417152	0.00201861	0.00119612	0.00116695	0.00508565	0.00450261	0.00514693	0.00110155	0.00276219	0.00117589	0.00201827	0.00048254	0.00198906	0.00088389	0.00187728	0.00346297	0.00050655	0.00085567	0.00066056	0.00046504
5.23000000	0.00435743	0.00147055	0.00224872	0.00089282	0.00110443	0.00989148	0.00323030	0.00331885	0.00177303	0.00132436	0.00129408	0.00497324	0.00404156	0.00560130	0.00084157	0.00259645	0.00120958	0.00206012	0.00040319	0.00189185	0.00095506	0.00182373	0.00349919	0.00042730	0.00091056	0.00066176	0.00048186
5.24000000	0.00413831	0.00155639	0.00219456	0.00066672	0.00104913	0.00956817	0.00292562	0.00272459	0.00182728	0.00154004	0.00162095	0.00488711	0.00377715	0.00591033	0.00066385	0.00249615	0.00114823	0.00201842	0.00036985	0.00185761	0.00100864	0.00179324	0.00347429	0.00045874	0.00092959	0.00066159	0.00045575
5.25000000	0.00351341	0.00166821	0.00215826	0.00055469	0.00099118	0.00903690	0.00262223	0.00273702	0.00230708	0.00156540	0.00200789	0.00475852	0.00363817	0.00609290	0.00052350	0.00256612	0.00111081	0.00198446	0.00043218	0.00189322	0.00104544	0.00178935	0.00333009	0.00039887	0.00084428	0.00054146	0.00041810
5.26000000	0.00412135	0.00156625	0.00211982	0.00019788	0.00102619	0.00845315	0.00253244	0.00387585	0.00295229	0.00190676	0.00189676	0.00434938	0.00327827	0.00644572	0.00032674	0.00245479	0.00160286	0.00183991	0.00026134	0.00179741	0.00110233	0.00168406	0.00339688	0.00024606	0.00103696	0.00058800	0.00030212
5.27000000	0.00216672	0.00177183	0.00222204	0.00054220	0.00095514	0.00768223	0.00220217	0.00444620	0.00333616	0.00134251	0.00188333	0.00450834	0.00326387	0.00623466	0.00038445	0.00282377	0.00139139	0.00182498	0.00040035	0.00186875	0.00107562	0.00178794	0.00304891	0.00010186	0.00058112	0.00027296	0.00016137
5.28000000	0.00256263	0.00159456	0.00214889	0.00028212	0.00100820	0.00692915	0.00203540	0.00568620	0.00378753	0.00184617	0.00174000	0.00392215	0.00295652	0.00655343	0.00012399	0.00254067	0.00180355	0.00167478	0.00048994	0.00182906	0.00118168	0.00166334	0.00302776	0.00018586	0.00066307	0.00035866	0.00013337
5.29000000	0.00249115	0.00159087	0.00214964	0.00027877	0.00109339	0.00614862	0.00189416	0.00650413	0.00408791	0.00193993	0.00142625	0.00339489	0.00266578	0.00675006	0.00027591	0.00233560	0.00192857	0.00157632	0.00064268	0.00184132	0.00121635	0.00162987	0.00278667	0.00041344	0.00054212	0.00020410	0.00033016
5.30000000	0.00186920	0.00174684	0.00230645	0.00033510	0.00110006	0.00542054	0.00171883	0.00608088	0.00399934	0.00147772	0.00194276	0.00346522	0.00250044	0.00633988	0.00022971	0.00287647	0.00128251	0.00142290	0.00084131	0.00186043	0.00125616	0.00164454	0.00249184	0.00051261	0.00023499	0.00007619	0.00007535
5.31000000	0.00164859	0.00184490	0.00229908	0.00024976	0.00113721	0.00450777	0.00164615	0.00557254	0.00385820	0.00167438	0.00147321	0.00276395	0.00249469	0.00636441	0.00046144	0.00251330	0.00171035	0.00125556	0.00105070	0.00189433	0.00133963	0.00153407	0.00235502	0.00074751	0.00010345	0.00018125	0.00026324
5.32000000	0.00131539	0.00198526	0.00229543	0.00019935	0.00114001	0.00356637	0.00164682	0.00459522	0.00350889	0.00171861	0.00112516	0.00220528	0.00262268	0.00625934	0.00068846	0.00222209	0.00204263	0.00109417	0.00124783	0.00195948	0.00141426	0.00143629	0.00219669	0.00102733	0.00012937	0.00032521	0.00055633
5.33000000	0.00186155	0.00139374	0.00220025	0.00016680	0.00110835	0.00251046	0.00168997	0.00373721	0.00295608	0.00133093	0.00098696	0.00223950	0.00203659	0.00559210	0.00032304	0.00338525	0.00131110	0.00107725	0.00145993	0.00197268	0.00152832	0.00138323	0.00188900	0.00109654	0.00033050	0.00042507	0.00053762
5.34000000	0.00126868	0.00190360	0.00228159	0.00019418	0.00118297	0.00176668	0.00194065	0.00229022	0.00244100	0.00140021	0.00082109	0.00176386	0.00241024	0.00540157	0.00065479	0.00288577	0.00163387	0.00099482	0.00161803	0.00201155	0.00155053	0.00132051	0.00165758	0.00132514	0.00033555	0.00053550	0.00047350
5.35000000	0.00166758	0.00153594	0.00229147	0.00017334	0.00118169	0.00086159	0.00251656	0.00167263	0.00178595	0.00098139	0.00033538	0.00161620	0.00216687	0.00481683	0.00053521	0.00354989	0.00163117	0.00105951	0.00176529	0.00202923	0.00169819	0.00123076	0.00145965	0.00140223	0.00044333	0.00068910	0.00059331
5.36000000	0.00171752	0.00189591	0.00232100	0.00018882	0.00130214	0.00126767	0.00233597	0.00161130	0.00139484	0.00127927	0.00061356	0.00164082	0.00188797	0.00451601	0.00060320	0.00363730	0.00173385	0.00091728	0.00202398	0.00204136	0.00169724	0.00112482	0.00121237	0.00158238	0.00057398	0.00077761	0.00048069
5.37000000	0.00131813	0.00219355	0.00244771	0.00047510	0.00141695	0.00112836	0.00254705	0.00189665	0.00093964	0.00107041	0.00083120	0.00162052	0.00235141	0.00433086	0.00060718	0.00349542	0.00182761	0.00088376	0.00216778	0.00208845	0.00177755	0.00099556	0.00115142	0.00182276	0.00068958	0.00082235	0.00057437
5.38000000	0.00175420	0.00197478	0.00244063	0.00052864	0.00136621	0.00124055	0.00258699	0.00225737	0.00062437	0.00098343	0.00050424	0.00178723	0.00219244	0.00390369	0.00059278	0.00396091	0.00175031	0.00095759	0.00221562	0.00212044	0.00194075	0.00090081	0.00117464	0.00185144	0.00077430	0.00094933	0.00065262
5.39000000	0.00172741	0.00213733	0.00247137	0.00065464	0.00137852	0.00167769	0.00240509	0.00222938	0.00052694	0.00096867	0.00062678	0.00188407	0.00211154	0.00370873	0.00063416	0.00411900	0.00181639	0.00099561	0.00235019	0.00219420	0.00197268	0.00074836	0.00114209	0.00209082	0.00087638	0.00106487	0.00075050
5.40000000	0.00195765	0.00233233	0.00264926	0.00090036	0.00160756	0.00165162	0.00220221	0.00210841	0.00053715	0.00103838	0.00084829	0.00205869	0.00273766	0.00382309	0.00056846	0.00377183	0.00181618	0.00103268	0.00240925	0.00214168	0.00209090	0.00067898	0.00127488	0.00221039	0.00098662	0.00109296	0.00080583
5.41000000	0.00170352	0.00274322	0.00252190	0.00092276	0.00141099	0.00204664	0.00178290	0.00212588	0.00051900	0.00115875	0.00078123	0.00206240	0.00203204	0.00358620	0.00058578	0.00401219	0.00184400	0.00114654	0.00247925	0.00227922	0.00203556	0.00058767	0.00119107	0.00228515	0.00090558	0.00121508	0.00058237
5.42000000	0.00210131	0.00289208	0.00274369	0.00113253	0.00171231	0.00188734	0.00170871	0.00206694	0.00065982	0.00109384	0.00119467	0.00224265	0.00262845	0.00378086	0.00060773	0.00369010	0.00169907	0.00121206	0.00237285	0.00213115	0.00221016	0.00070734	0.00186522	0.00232988	0.00100959	0.00138188	0.00089655
5.43000000	0.00216408	0.00246115	0.00293872	0.00129609	0.00185233	0.00218240	0.00193746	0.00213807	0.00046401	0.00093757	0.00128585	0.00244810	0.00244601	0.00337984	0.00050525	0.00408005	0.00149108	0.00121080	0.00268422	0.00224064	0.00226343	0.00050226	0.00149293	0.00254703	0.00118753	0.00121731	0.00067257
5.44000000	0.00149972	0.00313501	0.00261842	0.00127845	0.00150292	0.00223029	0.00181977	0.00248193	0.00052183	0.00121558	0.00111437	0.00228743	0.00158389	0.00332263	0.00059938	0.00386634	0.00188192	0.00141461	0.00265629	0.00234459	0.00214041	0.00047992	0.00165673	0.00260012	0.00098906	0.00136742	0.00065782
5.45000000	0.00182391	0.00280749	0.00272357	0.00142130	0.00161785	0.00225002	0.00212602	0.00264215	0.00042945	0.00122858	0.00140378	0.00249060	0.00164855	0.00331812	0.00056069	0.00389725	0.00165075	0.00146463	0.00273471	0.00233356	0.00225219	0.00058956	0.00184647	0.00267343	0.00110441	0.00134008	0.00068034
5.46000000	0.00154853	0.00296228	0.00273191	0.00152176	0.00164016	0.00228015	0.00221403	0.00275749	0.00048346	0.00134169	0.00129494	0.00265096	0.00127142	0.00341160	0.00062137	0.00355233	0.00202798	0.00158073	0.00273802	0.00232449	0.00221217	0.00071812	0.00201670	0.00274572	0.00108385	0.00141217	0.00072409
5.47000000	0.00211378	0.00265583	0.00276478	0.00163760	0.00165518	0.00242467	0.00246578	0.00272662	0.00043119	0.00130436	0.00158677	0.00282050	0.00103364	0.00366200	0.00072268	0.00367914	0.00164836	0.00163719	0.00281755	0.00233569	0.00230382	0.00091066	0.00226881	0.00279751	0.00121349	0.00137056	0.00074388
5.48000000	0.00276475	0.00236505	0.00287202	0.00169707	0.00171693	0.00272276	0.00250518	0.00285417	0.00040239	0.00109668	0.00191885	0.00321858	0.00064782	0.00374907	0.00077040	0.00415812	0.00146401	0.00151490	0.00278821	0.00207864	0.00241429	0.00107639	0.00298028	0.00278250	0.00146183	0.00169360	0.00110233
5.49000000	0.00203710	0.00253016	0.00280272	0.00180509	0.00177262	0.00291703	0.00272513	0.00244198	0.00044429	0.00159407	0.00144916	0.00366782	0.00033478	0.00430081	0.00055792	0.00317154	0.00186005	0.00184612	0.00292973	0.00219250	0.00224605	0.00128051	0.00266733	0.00292425	0.00115647	0.00155642	0.00093280
5.50000000	0.00254653	0.00261466	0.00274407	0.00185488	0.00172328	0.00329219	0.00289332	0.00235086	0.00048113	0.00155175	0.00163229	0.00394078	0.00041873	0.00478484	0.00057930	0.00299022	0.00160149	0.00200911	0.00296914	0.00227184	0.00214614	0.00143654	0.00281955	0.00298568	0.00112769	0.00155481	0.00078946
