Coordinates
version=1
nRows=221
nColumns=42
inDegrees=yes

Units are S.I. units (second, meters, Newtons, ...)
If the header above contains a line with 'inDegrees', this indicates whether rotational values are in degrees (yes) or radians (no).

endheader
time	pelvis_tilt	pelvis_list	pelvis_rotation	pelvis_tx	pelvis_ty	pelvis_tz	hip_flexion_r	hip_adduction_r	hip_rotation_r	knee_angle_r	knee_adduction_r	knee_angle_r_beta	ankle_angle_r	subtalar_angle_r	mtp_angle_r	hip_flexion_l	hip_adduction_l	hip_rotation_l	knee_angle_l	knee_adduction_l	knee_angle_l_beta	ankle_angle_l	subtalar_angle_l	mtp_angle_l	lumbar_extension	lumbar_bending	lumbar_rotation	arm_flex_r	arm_add_r	arm_rot_r	elbow_flex_r	pro_sup_r	wrist_flex_r	wrist_dev_r	arm_flex_l	arm_add_l	arm_rot_l	elbow_flex_l	pro_sup_l	wrist_flex_l	wrist_dev_l
      0.00000000	      4.32853829	     -2.54218263	     -4.95329684	     -1.38118143	      1.00405914	     -0.23491780	    -17.39789555	      1.91725843	      1.44161697	      7.64992690	      9.16793084	      0.13351641	     14.00481289	      7.33384010	     -9.50660053	     19.50660790	    -12.78569954	     -9.92069123	     15.65305666	     11.66473074	      0.27319738	      1.53249382	     -7.90932908	     -9.50660053	    -18.70459087	     -1.87725995	     10.35151216	     18.00138743	    -16.94031462	     -6.94762932	     35.90625802	     90.00000001	      0.00000000	      0.00000000	    -11.83855842	    -11.59018860	    -15.42173906	     14.35891053	     90.00000001	      0.00000000	      0.00000000
      0.01000000	      3.84056567	     -2.89954300	     -5.21477479	     -1.36820571	      1.00087749	     -0.23453346	    -17.59219474	      2.31863626	      1.55418898	      7.94852940	      8.94275923	      0.13872801	     14.37927562	      7.36924752	     -9.47838728	     20.16286692	    -13.35979942	    -10.63848499	     13.13760391	     12.16726493	      0.22929444	      1.15514010	     -6.30327001	     -9.47838728	    -18.23661592	     -1.64360698	     10.68458012	     18.74216018	    -17.26611164	     -6.41220736	     36.48866579	     90.00000001	      0.00000000	      0.00000000	    -12.50199642	    -11.53235784	    -15.49958120	     14.46900087	     90.00000001	      0.00000000	      0.00000000
      0.02000000	      3.98786515	     -3.02441699	     -5.74722242	     -1.35462851	      0.99854553	     -0.23439228	    -18.52480308	      2.18299164	      2.12423806	      8.13015737	      8.94659263	      0.14189801	     14.66496958	      7.35811292	     -9.39878667	     19.83650540	    -13.60146948	    -11.59839024	     10.58446350	     12.55552245	      0.18473374	      1.28326648	     -4.55168528	     -9.39878667	    -18.43003321	     -1.74245879	     11.10830399	     19.44794980	    -17.73823637	     -5.35193650	     37.31287532	     90.00000001	      0.00000000	      0.00000000	    -13.08302566	    -11.34751366	    -15.92061018	     14.43005833	     90.00000001	      0.00000000	      0.00000000
      0.03000000	      3.71506911	     -3.24166887	     -6.14303974	     -1.34116550	      0.99570201	     -0.23407386	    -18.91169554	      2.33198192	      2.51805373	      8.52875404	      8.76096867	      0.14885484	     14.92098822	      7.26072955	     -9.36242523	     20.16079110	    -13.99406307	    -12.25196361	      8.69172226	     12.98050031	      0.15169917	      1.20406857	     -3.10910781	     -9.36242523	    -18.16968686	     -1.69670993	     11.37762099	     20.19849895	    -17.98032126	     -4.67535465	     37.71499713	     90.00000001	      0.00000000	      0.00000000	    -13.67863415	    -11.20473386	    -16.19331420	     14.45570258	     90.00000001	      0.00000000	      0.00000000
      0.04000000	      3.84874696	     -3.12005611	     -6.64453228	     -1.32710265	      0.99349049	     -0.23391210	    -19.84881265	      1.95136685	      3.13945345	      8.63734556	      8.69665894	      0.15075012	     14.95251041	      6.83554004	     -9.26545067	     19.97628757	    -13.98856411	    -13.39818183	      7.31331689	     13.28866620	      0.12764146	      1.39897271	     -1.37639948	     -9.26545067	    -18.27378979	     -2.07617361	     11.60117566	     20.82473984	    -18.23681405	     -3.73273969	     38.24134473	     90.00000001	      0.00000000	      0.00000000	    -14.08656672	    -11.02218469	    -17.18144410	     14.21062299	     90.00000001	      0.00000000	      0.00000000
      0.05000000	      3.65411172	     -3.19853725	     -6.99517309	     -1.31323494	      0.99097370	     -0.23355708	    -20.25253976	      1.95311727	      3.55503878	      9.17302750	      8.47459646	      0.16009953	     15.06044403	      6.69457854	     -9.23956145	     20.24690286	    -14.17039305	    -13.77032138	      6.35506362	     13.54742633	      0.11091678	      1.47644031	     -0.53131245	     -9.23956145	    -18.04744951	     -2.20656430	     11.76080964	     21.40587778	    -18.33398014	     -3.11411573	     38.45729177	     90.00000001	      0.00000000	      0.00000000	    -14.55011420	    -10.94409875	    -17.43392411	     14.19264792	     90.00000001	      0.00000000	      0.00000000
      0.06000000	      3.85668724	     -2.89886967	     -7.45404341	     -1.29889999	      0.98914548	     -0.23359251	    -21.11399370	      1.33030945	      4.16521512	      9.52342780	      8.45033878	      0.16621517	     14.97655856	      6.30755681	     -9.16549254	     20.03719572	    -13.83522115	    -14.48371202	      5.89327915	     13.57133694	      0.10285712	      1.68275844	      0.27781107	     -9.16549254	    -18.19711766	     -2.78052671	     11.88791529	     21.83702486	    -18.49465101	     -2.30364013	     38.89628836	     90.00000001	      0.00000000	      0.00000000	    -14.78054667	    -10.78947532	    -18.41790171	     13.88596955	     90.00000001	      0.00000000	      0.00000000
      0.07000000	      3.75004346	     -2.81127831	     -7.63207805	     -1.28459614	      0.98704864	     -0.23350952	    -21.58650378	      1.18583830	      4.53004338	     10.06004597	      8.19053732	      0.17558093	     14.86052989	      6.30270123	     -9.15498790	     20.35080216	    -13.71902124	    -14.36824471	      6.02386191	     13.62508347	      0.10513622	      1.73157484	      0.35562041	     -9.15498790	    -18.03848638	     -3.06992448	     11.86419097	     22.16193712	    -18.42891222	     -2.14534701	     39.15686734	     90.00000001	      0.00000000	      0.00000000	    -15.09641138	    -10.76527095	    -18.47848592	     13.81788326	     90.00000001	      0.00000000	      0.00000000
      0.08000000	      3.78820595	     -2.57277857	     -7.96152677	     -1.27003978	      0.98532443	     -0.23356200	    -22.08948264	      0.77326759	      5.00404610	     10.80186066	      7.95469749	      0.18852803	     14.65876568	      6.15801169	     -9.14129573	     20.39275580	    -13.40479694	    -14.25363743	      6.39748209	     13.56672853	      0.11165713	      1.77129868	      0.20645549	     -9.14129573	    -17.99741733	     -3.53739783	     11.93970159	     22.37145125	    -18.44386830	     -1.76507293	     39.43742548	     90.00000001	      0.00000000	      0.00000000	    -15.33156827	    -10.71676132	    -18.64404834	     13.74962261	     90.00000001	      0.00000000	      0.00000000
      0.09000000	      4.31297925	     -1.67403838	     -8.56631098	     -1.25461571	      0.98446189	     -0.23411806	    -23.05891430	     -0.76370917	      5.58697322	     11.44457103	      8.18983807	      0.19974545	     14.22590291	      5.29127864	     -9.04932584	     19.58230216	    -12.21591170	    -14.40626521	      6.56176182	     13.27301188	      0.11452435	      1.14827730	     -1.01756530	     -9.04932584	    -18.30908226	     -4.79406097	     12.07373497	     22.28673970	    -18.58290376	     -1.00550587	     40.02443757	     90.00000001	      0.00000000	      0.00000000	    -15.11269780	    -10.55410001	    -20.38171794	     13.06175102	     90.00000001	      0.00000000	      0.00000000
      0.10000000	      4.42829141	     -1.32604126	     -8.80200845	     -1.23946739	      0.98323352	     -0.23451935	    -23.50815181	     -1.34734072	      5.88792093	     12.42042821	      8.07067694	      0.21677737	     13.65052193	      5.01563600	     -9.02816692	     19.60831252	    -11.72633840	    -14.15543716	      7.70639161	     13.14508474	      0.13450191	      0.62038741	     -1.75017293	     -9.02816692	    -18.29879241	     -5.35848433	     12.06907043	     22.15945943	    -18.55924968	     -0.85376183	     40.39940576	     90.00000001	      0.00000000	      0.00000000	    -15.18010018	    -10.50771863	    -20.52776757	     12.95018951	     90.00000001	      0.00000000	      0.00000000
      0.11000000	      4.67053466	     -0.46989788	     -9.14700139	     -1.22377795	      0.98245929	     -0.23517022	    -24.00061851	     -2.61168868	      6.22127828	     13.41023189	      8.16174278	      0.23405270	     12.91138467	      4.27261592	     -8.92476290	     19.11937042	    -10.56467346	    -13.23627002	      8.08289674	     13.00765443	      0.14107316	     -1.00446431	     -4.05382919	     -8.92476290	    -18.29006557	     -6.48919717	     12.03427402	     21.79888099	    -18.49547554	     -0.68498748	     40.85846966	     90.00000001	      0.00000000	      0.00000000	    -14.89971663	    -10.47537157	    -21.81212088	     12.36785649	     90.00000001	      0.00000000	      0.00000000
      0.12000000	      4.82069789	     -0.04901876	     -9.25665393	     -1.20813268	      0.98181592	     -0.23576958	    -24.31228763	     -3.23887478	      6.31713076	     14.69063816	      8.08900963	      0.25640001	     11.85246988	      3.94301727	     -8.90396578	     19.07852560	    -10.00193726	    -12.85871409	      9.48408647	     12.96654579	      0.16552854	     -2.13730150	     -4.62838725	     -8.90396578	    -18.26954691	     -7.10023874	     11.89836940	     21.41791103	    -18.37899528	     -0.71383283	     41.19327463	     90.00000001	      0.00000000	      0.00000000	    -14.83588735	    -10.47594992	    -21.84588665	     12.27825184	     90.00000001	      0.00000000	      0.00000000
      0.13000000	      4.96047539	      0.86180047	     -9.39020861	     -1.19219391	      0.98160348	     -0.23673667	    -24.40853667	     -4.45633954	      6.22808642	     16.20223422	      8.20434805	      0.28278233	     10.65091863	      3.27731473	     -8.76082766	     18.71310688	     -8.76150360	    -11.48338358	      9.94612518	     12.91425857	      0.17359263	     -4.42079446	     -7.31225554	     -8.76082766	    -18.14701750	     -8.20856456	     11.65692394	     20.86742293	    -18.17613699	     -0.79684175	     41.48317824	     90.00000001	      0.00000000	      0.00000000	    -14.42064107	    -10.50748595	    -22.99400448	     11.69432892	     90.00000001	      0.00000000	      0.00000000
      0.14000000	      5.14531703	      1.36766388	     -9.38560888	     -1.17617815	      0.98179995	     -0.23754460	    -24.46268451	     -5.13133559	      6.05296786	     17.95161641	      8.17352946	      0.31331481	      8.92343908	      2.79304453	     -8.74213248	     18.57579563	     -8.12397473	    -11.07556736	     11.38626748	     12.96173140	      0.19872786	     -5.61648844	     -7.49131927	     -8.74213248	    -18.13463199	     -8.86954204	     11.40279014	     20.29050311	    -17.94830765	     -0.95982948	     41.64081479	     90.00000001	      0.00000000	      0.00000000	    -14.23249948	    -10.56238485	    -22.96074754	     11.64333534	     90.00000001	      0.00000000	      0.00000000
      0.15000000	      5.32106232	      1.95744045	     -9.31358867	     -1.16007702	      0.98240544	     -0.23859814	    -24.30377502	     -5.90744003	      5.80774238	     19.98673201	      8.25995837	      0.34883428	      6.91097601	      2.21468077	     -8.72517097	     18.42117205	     -7.36255100	    -10.53830541	     12.78503953	     13.01370213	      0.22314103	     -6.58441795	     -7.73591511	     -8.72517097	    -18.11260309	     -9.57607682	     11.04335936	     19.64363502	    -17.65655920	     -1.17596767	     41.71136132	     90.00000001	      0.00000000	      0.00000000	    -13.95784461	    -10.61042980	    -22.96684792	     11.56778894	     90.00000001	      0.00000000	      0.00000000
      0.16000000	      5.38796977	      2.80206424	     -9.15375203	     -1.14374822	      0.98329371	     -0.23981266	    -23.74775445	     -6.85307778	      5.10190805	     22.47839266	      8.18110093	      0.39232196	      4.41384084	      1.20425275	     -8.70198163	     18.38913451	     -6.25495025	     -9.96988448	     14.15627432	     12.93193457	      0.24707360	     -7.42974626	     -8.32015033	     -8.70198163	    -17.91915395	    -10.52372577	     10.58565481	     18.83588047	    -17.30877978	     -1.48275097	     41.64683066	     90.00000001	      0.00000000	      0.00000000	    -13.55633773	    -10.75285906	    -23.11456226	     11.37557656	     90.00000001	      0.00000000	      0.00000000
      0.17000000	      5.51111856	      3.55578039	     -8.88902699	     -1.12767188	      0.98466945	     -0.24141295	    -23.00533291	     -7.79178841	      4.46528864	     25.30083666	      8.32338134	      0.44158290	      1.53602828	      0.31656014	     -8.67670368	     18.21191572	     -5.15740415	     -9.08419438	     15.33822158	     12.91986477	      0.26770247	     -7.90293420	     -9.01736651	     -8.67670368	    -17.86659408	    -11.29861898	      9.99449965	     18.09250025	    -16.91249000	     -1.84679492	     41.46001117	     90.00000001	      0.00000000	      0.00000000	    -13.04254779	    -10.82258345	    -23.39892185	     11.20730404	     90.00000001	      0.00000000	      0.00000000
      0.18000000	      5.55188348	      4.43880595	     -8.52895714	     -1.11180688	      0.98644919	     -0.24324377	    -21.90319206	     -8.87773526	      3.75754754	     28.46637246	      8.52279509	      0.49683193	     -1.58806673	     -0.59839659	     -8.56181985	     17.85289758	     -3.75296721	     -7.08760412	     15.72489913	     13.00356345	      0.27445126	     -8.96480693	    -11.67541756	     -8.56181985	    -17.75872431	    -12.17170700	      9.25909359	     17.35092293	    -16.41972109	     -2.27193210	     41.07082742	     90.00000001	      0.00000000	      0.00000000	    -12.08101696	    -10.88835109	    -25.35186762	     10.49694073	     90.00000001	      0.00000000	      0.00000000
      0.19000000	      5.92086015	      4.95120330	     -8.20632480	     -1.09587275	      0.98889421	     -0.24478513	    -21.04953588	     -9.54356197	      3.10464871	     31.65354950	      8.39931974	      0.55245866	     -5.44607837	     -1.37758207	     -8.54818809	     17.19119535	     -2.78815878	     -6.27835186	     16.68411782	     12.96908416	      0.29119279	     -8.48103425	    -11.95293126	     -8.54818809	    -18.05443883	    -12.67695448	      8.63140098	     16.56334825	    -16.02355204	     -2.55945562	     40.76285024	     90.00000001	      0.00000000	      0.00000000	    -11.48457746	    -10.95538813	    -25.41806336	     10.57086862	     90.00000001	      0.00000000	      0.00000000
      0.20000000	      5.87123442	      5.61364596	     -7.71793765	     -1.08051448	      0.99098948	     -0.24688858	    -19.42324648	    -10.41297370	      2.57376519	     35.27758975	      8.54684110	      0.61571009	     -9.26932317	     -2.66323515	     -8.51118025	     16.96009997	     -1.56371797	     -5.28380986	     17.46282613	     12.78890499	      0.30478381	     -8.17073024	    -12.54938594	     -8.51118025	    -17.96056110	    -13.20546031	      7.82274670	     15.80038637	    -15.54659470	     -3.00093299	     40.24554823	     90.00000001	      0.00000000	      0.00000000	    -10.75379771	    -11.01899693	    -25.88046196	     10.53428962	     90.00000001	      0.00000000	      0.00000000
      0.21000000	      6.29146342	      5.93893179	     -7.39761548	     -1.06517546	      0.99394130	     -0.24847338	    -18.25254582	    -10.90489052	      2.12295146	     38.69023296	      8.25752341	      0.67527195	    -13.32991793	     -3.19994054	     -8.49921650	     15.93955215	     -0.72090080	     -4.57356216	     17.92588768	     12.69579267	      0.31286576	     -7.34286142	    -12.74399039	     -8.49921650	    -18.39962108	    -13.45888211	      7.18643292	     15.03955739	    -15.16343851	     -3.22819518	     39.79490091	     90.00000001	      0.00000000	      0.00000000	    -10.02256277	    -11.04964741	    -26.03993493	     10.70657018	     90.00000001	      0.00000000	      0.00000000
      0.22000000	      6.25489681	      6.42758412	     -6.91150023	     -1.05050916	      0.99627779	     -0.25045669	    -16.30854152	    -11.59378463	      1.65410806	     42.46916333	      8.11599302	      0.74122673	    -16.98473240	     -4.32498225	     -8.46895227	     15.45767548	      0.35015094	     -3.98449751	     18.37937964	     12.37879354	      0.32078069	     -6.72700762	    -12.71041377	     -8.46895227	    -18.40306475	    -13.76595837	      6.38226883	     14.32586516	    -14.67651186	     -3.58541326	     39.15595634	     90.00000001	      0.00000000	      0.00000000	     -9.19673553	    -11.10294604	    -26.34783042	     10.84712396	     90.00000001	      0.00000000	      0.00000000
      0.23000000	      6.58148572	      6.55266874	     -6.69802976	     -1.03584440	      0.99919471	     -0.25180566	    -14.73485192	    -11.88903803	      1.55543665	     45.90362071	      7.73466177	      0.80116932	    -20.26860290	     -4.66216599	     -8.45050528	     14.31077253	      0.91656757	     -3.65994847	     18.52822523	     12.23315273	      0.32337853	     -5.62072934	    -12.58614931	     -8.45050528	    -18.77840576	    -13.78664130	      5.86703575	     13.63538914	    -14.29902718	     -3.69680587	     38.48847787	     90.00000001	      0.00000000	      0.00000000	     -8.39102203	    -11.09102776	    -26.45611640	     11.14759078	     90.00000001	      0.00000000	      0.00000000
      0.24000000	      6.72328398	      6.70210493	     -6.47789138	     -1.02166866	      1.00181247	     -0.25316329	    -12.79881251	    -12.21064461	      1.43177835	     49.39569306	      7.31009452	      0.86211748	    -22.92186478	     -5.39795629	     -8.43121979	     13.31233237	      1.48808619	     -3.44565157	     18.53751329	     12.02638172	      0.32354064	     -4.70654347	    -12.27219394	     -8.43121979	    -18.98107973	    -13.80019464	      5.33588985	     12.99773797	    -13.88374034	     -3.83308576	     37.69892764	     90.00000001	      0.00000000	      0.00000000	     -7.51504767	    -11.08934398	    -26.59532571	     11.45064264	     90.00000001	      0.00000000	      0.00000000
      0.25000000	      6.82806057	      6.74967844	     -6.33165884	     -1.00779802	      1.00431154	     -0.25429714	    -10.74950213	    -12.41014939	      1.51183487	     52.73862029	      6.92201561	      0.92046257	    -24.76742955	     -6.28716555	     -8.41144222	     12.28338167	      1.88006730	     -3.34554195	     18.45561940	     11.85265246	      0.32211132	     -3.82769062	    -11.88387463	     -8.41144222	    -19.14030335	    -13.70861038	      4.89323272	     12.40951897	    -13.47256221	     -3.94414385	     36.78741183	     90.00000001	      0.00000000	      0.00000000	     -6.59126415	    -11.07267331	    -26.73934321	     11.76657779	     90.00000001	      0.00000000	      0.00000000
      0.26000000	      6.91878412	      6.68703135	     -6.26100085	     -0.99414695	      1.00676166	     -0.25520095	     -8.66367152	    -12.46514188	      1.66380010	     55.84864489	      6.52385407	      0.97474274	    -25.82911075	     -7.29295579	     -8.39203012	     11.17788971	      2.07394685	     -3.39725379	     18.22985197	     11.76091786	      0.31817094	     -2.92360404	    -11.40752515	     -8.39203012	    -19.28360286	    -13.52304797	      4.55395938	     11.85945875	    -13.07379726	     -4.01378812	     35.78039367	     90.00000001	      0.00000000	      0.00000000	     -5.61153307	    -11.05408996	    -26.83120346	     12.09489410	     90.00000001	      0.00000000	      0.00000000
      0.27000000	      7.07294792	      6.50470558	     -6.24841000	     -0.98062774	      1.00923529	     -0.25589915	     -6.65423066	    -12.37046795	      1.79669618	     58.67791539	      6.09389112	      1.02412282	    -26.04628442	     -8.32023425	     -8.37508613	      9.92290024	      2.06607266	     -3.51853602	     17.90003950	     11.75335922	      0.31241463	     -2.01126785	    -10.82361482	     -8.37508613	    -19.48740182	    -13.21772581	      4.28153688	     11.33225337	    -12.70436877	     -4.03291012	     34.73421301	     90.00000001	      0.00000000	      0.00000000	     -4.60824875	    -11.02529189	    -26.81028971	     12.44755581	     90.00000001	      0.00000000	      0.00000000
      0.28000000	      6.91975125	      6.34735960	     -6.24521139	     -0.96751491	      1.01123096	     -0.25659876	     -4.24208640	    -12.30294558	      2.29399911	     61.36468638	      6.08115060	      1.07101582	    -26.17516802	    -10.30637063	     -8.33867794	      9.09816053	      2.03664143	     -3.90141126	     17.74597082	     11.66188650	      0.30972562	     -1.21159748	     -9.96286875	     -8.33867794	    -19.35479277	    -12.91408559	      4.05998600	     10.91597700	    -12.22726624	     -4.41951190	     33.42066812	     90.00000001	      0.00000000	      0.00000000	     -3.47516064	    -11.00613755	    -27.02482803	     12.65447357	     90.00000001	      0.00000000	      0.00000000
      0.29000000	      7.05400489	      6.02384882	     -6.27223335	     -0.95418638	      1.01358850	     -0.25708225	     -2.27441493	    -12.00348603	      2.39579755	     63.60817123	      5.74034410	      1.11017202	    -25.43490085	    -11.71508059	     -8.30501610	      7.77441883	      1.79029379	     -4.18435211	     17.28673168	     11.72469268	      0.30171038	     -0.29434895	     -9.00383262	     -8.30501610	    -19.51686695	    -12.45588502	      3.86313925	     10.46880990	    -11.84232012	     -4.52360390	     32.21025696	     90.00000001	      0.00000000	      0.00000000	     -2.35825285	    -11.00220324	    -26.98229317	     12.91728149	     90.00000001	      0.00000000	      0.00000000
      0.30000000	      7.16000372	      5.69779923	     -6.27158009	     -0.94094328	      1.01582586	     -0.25761463	     -0.30987589	    -11.70219293	      2.34159475	     65.56867040	      5.39056883	      1.14438918	    -24.26791983	    -13.10848013	     -8.26897080	      6.45797962	      1.52922618	     -4.43959061	     16.76009599	     11.80828951	      0.29251886	      0.55381818	     -7.99875994	     -8.26897080	    -19.64473646	    -11.97008415	      3.66061827	     10.04747956	    -11.45847521	     -4.70300299	     30.91108077	     90.00000001	      0.00000000	      0.00000000	     -1.21333802	    -11.00130567	    -26.80187669	     13.20732489	     90.00000001	      0.00000000	      0.00000000
      0.31000000	      7.32062691	      5.36054236	     -6.21140002	     -0.92755355	      1.01804006	     -0.25829365	      1.48639160	    -11.42392809	      1.99600191	     67.17645181	      4.96264772	      1.17245026	    -22.60407511	    -14.06181724	     -8.25528951	      5.01558243	      1.27082155	     -4.54311311	     16.07993752	     11.92654409	      0.28064785	      1.21359879	     -7.26580012	     -8.25528951	    -19.81116801	    -11.43773139	      3.39817341	      9.52076296	    -11.17936246	     -4.57668056	     29.80493273	     90.00000001	      0.00000000	      0.00000000	     -0.09271439	    -11.00424623	    -26.50638464	     13.54027448	     90.00000001	      0.00000000	      0.00000000
      0.32000000	      7.47362640	      5.05791343	     -6.11208425	     -0.91447389	      1.02015618	     -0.25916034	      3.28134876	    -11.18333529	      1.61671134	     68.50772806	      4.57810564	      1.19568542	    -20.84039281	    -15.01043463	     -8.24542394	      3.63972222	      1.07886247	     -4.57762023	     15.45966628	     11.98815757	      0.26982208	      1.74921015	     -6.58087942	     -8.24542394	    -20.01647724	    -10.91241406	      3.08876518	      9.03118386	    -10.91908928	     -4.50429677	     28.71511774	     90.00000001	      0.00000000	      0.00000000	      1.08908386	    -11.01112450	    -26.19621403	     13.92016936	     90.00000001	      0.00000000	      0.00000000
      0.33000000	      7.51164557	      4.77499551	     -5.97123132	     -0.90123548	      1.02199609	     -0.26009685	      5.11152898	    -10.99268327	      1.14984780	     69.50479300	      4.26108064	      1.21308748	    -19.07888695	    -15.93991872	     -8.23525030	      2.31975804	      0.89253304	     -4.55684608	     14.68318196	     12.06526617	      0.25626987	      2.31430686	     -5.79286827	     -8.23525030	    -20.03991467	    -10.37656700	      2.76503252	      8.56008578	    -10.63600292	     -4.51270285	     27.41372179	     90.00000001	      0.00000000	      0.00000000	      2.26154809	    -11.03932699	    -25.81777999	     14.27526933	     90.00000001	      0.00000000	      0.00000000
      0.34000000	      7.58353384	      4.50599956	     -5.67491324	     -0.88792894	      1.02382862	     -0.26125180	      6.77749848	    -10.84430777	      0.53866814	     70.12240435	      4.02456274	      1.22386684	    -17.67598075	    -16.76344197	     -8.20494973	      0.92883811	      0.73919145	     -4.31979114	     13.77681099	     12.13596096	      0.24045071	      2.91966351	     -4.79912418	     -8.20494973	    -20.10914774	     -9.80844317	      2.30210880	      8.37892303	    -10.17557728	     -5.51238480	     25.45463794	     90.00000001	      0.00000000	      0.00000000	      3.32787057	    -11.09428106	    -25.00092303	     14.81471019	     90.00000001	      0.00000000	      0.00000000
      0.35000000	      7.59620280	      4.26484647	     -5.43561927	     -0.87486131	      1.02527198	     -0.26244308	      8.48921658	    -10.70682488	      0.04289598	     70.48500310	      3.85152508	      1.23019538	    -15.89914126	    -17.33257979	     -8.19503146	     -0.28548436	      0.61456404	     -4.31583531	     13.10855921	     12.13366775	      0.22878752	      3.33216833	     -4.15091044	     -8.19503146	    -20.13312657	     -9.26818581	      1.89309932	      7.78506908	     -9.99748532	     -5.34392048	     24.39597635	     90.00000001	      0.00000000	      0.00000000	      4.49129868	    -11.13215662	    -24.58210062	     15.33153205	     90.00000001	      0.00000000	      0.00000000
      0.36000000	      7.60672891	      4.03997642	     -5.14432687	     -0.86174970	      1.02653883	     -0.26375059	     10.09926521	    -10.61881532	     -0.49399032	     70.51819286	      3.76919110	      1.23077465	    -14.24580185	    -17.70994602	     -8.18575024	     -1.52258126	      0.52475543	     -4.21914434	     12.35913639	     12.09679620	      0.21570762	      3.78125992	     -3.42636654	     -8.18575024	    -20.14096445	     -8.71948190	      1.43107729	      7.23360539	     -9.81115553	     -5.28903280	     23.21745705	     90.00000001	      0.00000000	      0.00000000	      5.62490024	    -11.18808636	    -24.09353264	     15.92987802	     90.00000001	      0.00000000	      0.00000000
      0.37000000	      8.03826685	      3.67200649	     -4.62076224	     -0.84808973	      1.02828530	     -0.26497690	     10.92480436	    -10.38154486	     -1.54293743	     69.99091137	      3.47519567	      1.22157185	    -12.80939295	    -17.76064855	     -8.14629134	     -3.45491020	      0.26458963	     -3.52923089	     11.11517060	     12.17486678	      0.19399632	      4.19481426	     -2.73724002	     -8.14629134	    -20.59321071	     -8.01137091	      0.78763548	      6.99754339	     -9.41096333	     -6.46039643	     21.32885576	     90.00000001	      0.00000000	      0.00000000	      6.30518286	    -11.38512408	    -22.03300558	     17.29461111	     90.00000001	      0.00000000	      0.00000000
      0.38000000	      8.16335819	      3.45590970	     -4.20188663	     -0.83473194	      1.02922331	     -0.26624470	     12.12655741	    -10.28065489	     -2.06217264	     69.33124448	      3.58079599	      1.21005849	    -11.26770537	    -17.89970387	     -8.12681558	     -4.87828123	      0.15273123	     -3.19714449	     10.21272524	     12.15581018	      0.17824568	      4.70471845	     -2.02782890	     -8.12681558	    -20.69925658	     -7.45678450	      0.20442795	      6.43025176	     -9.23200335	     -6.51081902	     20.08123464	     90.00000001	      0.00000000	      0.00000000	      7.24127547	    -11.55531318	    -21.17295312	     18.25127019	     90.00000001	      0.00000000	      0.00000000
      0.39000000	      8.36301865	      3.16476897	     -3.76938216	     -0.82126464	      1.03003493	     -0.26736888	     13.09714641	    -10.08739040	     -2.67180404	     68.30320162	      3.69879195	      1.19211576	     -9.78244563	    -17.99146821	     -8.10849165	     -6.38439133	     -0.07090467	     -2.87539153	      9.32346623	     12.15123280	      0.16272518	      5.20312203	     -1.40953344	     -8.10849165	    -20.88334447	     -6.83588591	     -0.34703619	      5.83757098	     -9.01062825	     -6.77564756	     18.86678366	     90.00000001	      0.00000000	      0.00000000	      8.10978457	    -11.74629591	    -20.11461782	     19.35931537	     90.00000001	      0.00000000	      0.00000000
      0.40000000	      8.72070358	      2.79738017	     -3.29723757	     -0.80768716	      1.03076069	     -0.26820818	     13.74158449	     -9.73821530	     -3.53931563	     66.91046184	      3.60188009	      1.16780786	     -8.30813486	    -18.06049675	     -8.07715297	     -8.05577973	     -0.43784251	     -2.44236061	      8.45957054	     12.20882281	      0.14764736	      5.52553010	     -1.26639143	     -8.07715297	    -21.23680713	     -6.15944821	     -0.84194286	      5.22214596	     -8.76011339	     -7.47626526	     17.69276798	     90.00000001	      0.00000000	      0.00000000	      8.80918481	    -12.06695050	    -18.35161833	     20.87728385	     90.00000001	      0.00000000	      0.00000000
      0.41000000	      8.88677905	      2.50888896	     -2.85629477	     -0.79432002	      1.03095391	     -0.26917636	     14.52823671	     -9.47648210	     -3.97372910	     65.26658625	      3.91675148	      1.13911682	     -6.87231140	    -18.07315094	     -8.05478697	     -9.42805839	     -0.69985087	     -1.98860919	      7.69943595	     12.19341918	      0.13438051	      6.06925986	     -0.89411670	     -8.05478697	    -21.39581647	     -5.54829205	     -1.37264070	      4.58365137	     -8.57758152	     -7.79464295	     16.62525612	     90.00000001	      0.00000000	      0.00000000	      9.63419838	    -12.35107511	    -17.26244732	     22.11939551	     90.00000001	      0.00000000	      0.00000000
      0.42000000	      9.03110723	      2.20770031	     -2.43862733	     -0.78098119	      1.03082790	     -0.26979495	     15.25108674	     -9.13344915	     -4.60286077	     63.33855505	      4.03390357	      1.10546633	     -5.48233276	    -17.98281755	     -8.01854151	    -10.73764387	     -1.04060617	     -1.42275252	      6.99311086	     12.25266195	      0.12205281	      6.49422795	     -0.95447949	     -8.01854151	    -21.53032054	     -4.96312986	     -1.80963905	      3.91999354	     -8.34937048	     -8.43519203	     15.60857316	     90.00000001	      0.00000000	      0.00000000	     10.41389799	    -12.74505977	    -15.80890742	     23.48507845	     90.00000001	      0.00000000	      0.00000000
      0.43000000	      9.20588755	      1.93562831	     -2.08837495	     -0.76770475	      1.03047223	     -0.27037552	     15.82835918	     -8.81449496	     -4.91287143	     61.09826831	      4.43279536	      1.06636595	     -4.16966429	    -17.88104333	     -7.99518190	    -11.98777303	     -1.31172206	     -1.01797267	      6.48466254	     12.21600080	      0.11317871	      7.03231878	     -0.73824438	     -7.99518190	    -21.70486060	     -4.41891356	     -2.20889265	      3.21804599	     -8.15710785	     -8.89125951	     14.75221491	     90.00000001	      0.00000000	      0.00000000	     11.25171965	    -13.11671158	    -14.71970652	     24.75720021	     90.00000001	      0.00000000	      0.00000000
      0.44000000	      9.24754570	      1.72885830	     -1.74871772	     -0.75451437	      1.02966179	     -0.27077966	     16.47041963	     -8.52671433	     -5.19387831	     58.61665340	      4.82805512	      1.02305360	     -3.00601078	    -17.71445606	     -7.97586304	    -12.99370190	     -1.54035954	     -0.58639900	      6.14211164	     12.18304033	      0.10720007	      7.61732778	     -0.59488732	     -7.97586304	    -21.73265461	     -3.96388409	     -2.55246054	      2.46017857	     -7.96061206	     -9.34806467	     13.96022844	     90.00000001	      0.00000000	      0.00000000	     12.13746188	    -13.52815814	    -13.63399520	     25.96703835	     90.00000001	      0.00000000	      0.00000000
      0.45000000	      9.20929801	      1.59416109	     -1.46187756	     -0.74148253	      1.02849665	     -0.27116404	     17.13157797	     -8.31332301	     -5.37192605	     55.90985459	      5.27740007	      0.97581105	     -1.93791271	    -17.44072803	     -7.96203692	    -13.83007702	     -1.66712720	     -0.20072591	      5.95045283	     12.11098405	      0.10385499	      8.26765031	     -0.41316228	     -7.96203692	    -21.69531653	     -3.58831849	     -2.85981936	      1.67529241	     -7.77494525	     -9.69838266	     13.26330160	     90.00000001	      0.00000000	      0.00000000	     13.06951209	    -13.91874532	    -12.65265673	     27.08337648	     90.00000001	      0.00000000	      0.00000000
      0.46000000	      9.33542323	      1.34244663	     -1.20751062	     -0.72825725	      1.02734251	     -0.27111451	     17.45147820	     -7.89158046	     -5.82305513	     52.85288186	      5.47014169	      0.92245681	     -1.18310297	    -17.16212299	     -7.93993928	    -14.88723152	     -1.96701548	      0.19930503	      5.70508521	     12.10304986	      0.09957252	      8.77839013	     -0.46382914	     -7.93993928	    -21.82751041	     -3.14618526	     -3.06001695	      0.94821753	     -7.53614578	    -10.52381658	     12.48825619	     90.00000001	      0.00000000	      0.00000000	     13.88132275	    -14.45786641	    -11.20515613	     28.44610587	     90.00000001	      0.00000000	      0.00000000
      0.47000000	      9.32696343	      1.22408290	     -0.99333259	     -0.71515132	      1.02578048	     -0.27113270	     17.85198696	     -7.63029838	     -6.09931326	     49.62029700	      5.77992156	      0.86603756	     -0.54786209	    -16.76065951	     -7.92084994	    -15.71864833	     -2.08579440	      0.52532697	      5.61026223	     12.02929262	      0.09791755	      9.37372395	     -0.40070994	     -7.92084994	    -21.82313789	     -2.83428296	     -3.26689480	      0.17961345	     -7.33103180	    -11.08009168	     11.80875721	     90.00000001	      0.00000000	      0.00000000	     14.77009274	    -14.93782245	    -10.09187524	     29.61052476	     90.00000001	      0.00000000	      0.00000000
      0.48000000	      9.29615532	      1.13167229	     -0.79944945	     -0.70201872	      1.02398653	     -0.27100814	     18.16707867	     -7.37759967	     -6.43060863	     46.17150859	      6.03105562	      0.80584485	     -0.03683440	    -16.28767243	     -7.90452329	    -16.50370172	     -2.19464162	      0.77721652	      5.57710369	     11.97451058	      0.09733882	     10.01420539	     -0.27663342	     -7.90452329	    -21.79394992	     -2.56675348	     -3.44404670	     -0.59921659	     -7.12316296	    -11.55567908	     11.17836139	     90.00000001	      0.00000000	      0.00000000	     15.65082854	    -15.44032519	     -9.00233736	     30.74429473	     90.00000001	      0.00000000	      0.00000000
      0.49000000	      8.99353493	      1.26468364	     -0.68218171	     -0.68902453	      1.02160860	     -0.27101455	     18.78096386	     -7.41826131	     -6.67385112	     42.69855127	      6.33794250	      0.74523031	      0.40492142	    -15.46917686	     -7.89642492	    -16.89130674	     -1.97359242	      0.97698442	      5.75829848	     11.78258510	      0.10050127	     10.76744037	     -0.12586129	     -7.89642492	    -21.47016811	     -2.54569913	     -3.60857343	     -1.46163601	     -6.94377820	    -11.67276098	     10.69859854	     90.00000001	      0.00000000	      0.00000000	     16.62051025	    -15.84017485	     -8.32999339	     31.64899413	     90.00000001	      0.00000000	      0.00000000
      0.50000000	      9.10302601	      1.07060391	     -0.50246630	     -0.67570015	      1.01970736	     -0.27047862	     18.65721564	     -6.99667861	     -7.24850697	     38.78975930	      6.41531222	      0.67700902	      0.73759154	    -14.77145967	     -7.88424784	    -17.85717607	     -2.26675420	      1.06618658	      5.72549367	     11.82022082	      0.09992872	     11.41142262	      0.12627971	     -7.88424784	    -21.59802836	     -2.21144927	     -3.73003220	     -2.18796975	     -6.72583164	    -12.21809147	     10.16398691	     90.00000001	      0.00000000	      0.00000000	     17.37793926	    -16.44423623	     -7.05061282	     32.91964817	     90.00000001	      0.00000000	      0.00000000
      0.51000000	      9.12007690	      0.84647642	     -0.34495146	     -0.66228176	      1.01755480	     -0.26987517	     18.56577067	     -6.52632011	     -8.06494611	     34.81752326	      6.33547629	      0.60768042	      0.77245476	    -13.83733221	     -7.86680389	    -18.71906216	     -2.60607712	      1.04398257	      5.73720113	     11.87931959	      0.10013305	     12.01094413	      0.41519564	     -7.86680389	    -21.61925095	     -1.85322146	     -3.77250881	     -2.87745671	     -6.53501512	    -13.09347467	      9.68583876	     90.00000001	      0.00000000	      0.00000000	     18.14768720	    -16.96556013	     -6.00277867	     34.12194020	     90.00000001	      0.00000000	      0.00000000
      0.52000000	      9.02412710	      0.79456067	     -0.23529388	     -0.64890938	      1.01513316	     -0.26928010	     18.54893564	     -6.29099706	     -8.75109085	     30.83971828	      6.42868583	      0.53825462	      0.96165018	    -12.59655716	     -7.85067638	    -19.41968027	     -2.71578424	      0.97082724	      5.83799496	     11.85745999	      0.10189223	     12.64550549	      0.76794529	     -7.85067638	    -21.52264875	     -1.69604096	     -3.84526582	     -3.52751678	     -6.34771100	    -13.85370137	      9.36667422	     90.00000001	      0.00000000	      0.00000000	     18.90490676	    -17.47091539	     -5.16355180	     35.22581939	     90.00000001	      0.00000000	      0.00000000
      0.53000000	      8.72207265	      1.00832019	     -0.17788117	     -0.63568776	      1.01227709	     -0.26889416	     18.78589523	     -6.42737401	     -9.24040853	     27.03589379	      6.75607568	      0.47186536	      1.29747739	    -11.19362718	     -7.84183315	    -19.81693829	     -2.50068969	      0.91287348	      6.08462404	     11.81117675	      0.10619672	     13.31007634	      1.00830042	     -7.84183315	    -21.22372433	     -1.80855870	     -3.98079936	     -4.18148220	     -6.23558583	    -14.31643215	      9.34185768	     90.00000001	      0.00000000	      0.00000000	     19.66060751	    -17.91914121	     -4.58766356	     36.20749152	     90.00000001	      0.00000000	      0.00000000
      0.54000000	      8.77649023	      0.78454473	     -0.00719930	     -0.62184297	      1.00992984	     -0.26808945	     18.38475160	     -5.99364259	    -10.22922047	     23.04208157	      6.80306827	      0.40216019	      1.40205509	     -9.47680682	     -7.82658279	    -20.74708683	     -2.89456701	      0.75117832	      6.13819085	     11.91034349	      0.10713164	     13.84744598	      1.56643397	     -7.82658279	    -21.26528416	     -1.47065764	     -4.03479259	     -4.65854264	     -6.12130501	    -15.73621741	      9.27244087	     90.00000001	      0.00000000	      0.00000000	     20.24335896	    -18.42712895	     -3.71072695	     37.42327729	     90.00000001	      0.00000000	      0.00000000
      0.55000000	      8.60383902	      0.83256631	      0.12243026	     -0.60807018	      1.00715591	     -0.26743439	     18.31072450	     -5.96519276	    -11.00599307	     19.43410663	      7.15116243	      0.33918915	      1.60732722	     -7.68897226	     -7.81091830	    -21.33119228	     -2.95604273	      0.61504927	      6.39040486	     11.94923270	      0.11153361	     14.41640421	      2.07393314	     -7.81091830	    -21.07059728	     -1.42384106	     -4.15091899	     -5.07442824	     -6.02658463	    -17.23900822	      9.38892243	     90.00000001	      0.00000000	      0.00000000	     20.80513464	    -18.87270268	     -3.13075647	     38.49169273	     90.00000001	      0.00000000	      0.00000000
      0.56000000	      8.41142858	      1.00335522	      0.27075760	     -0.59426553	      1.00432606	     -0.26687874	     18.28739660	     -6.14076142	    -11.65113730	     16.20524298	      7.66812193	      0.28283485	      1.88882931	     -5.95777654	     -7.79976923	    -21.86603290	     -2.86282978	      0.49222614	      6.69593864	     11.89519213	      0.11686618	     14.91558109	      2.48549293	     -7.79976923	    -20.86578769	     -1.49801251	     -4.33250512	     -5.50035313	     -5.95143873	    -18.46748031	      9.79326427	     90.00000001	      0.00000000	      0.00000000	     21.31485345	    -19.30614668	     -2.64261407	     39.56802644	     90.00000001	      0.00000000	      0.00000000
      0.57000000	      8.23054831	      1.06345217	      0.46593464	     -0.58018140	      1.00149913	     -0.26621047	     18.26186112	     -6.22140914	    -12.42088960	     13.40087032	      8.18263089	      0.23388931	      2.01311308	     -4.19362715	     -7.78766890	    -22.41939368	     -2.96585047	      0.43661485	      7.01517366	     11.94703322	      0.12243788	     15.33262703	      2.94449966	     -7.78766890	    -20.64911091	     -1.45249142	     -4.51743192	     -5.86130043	     -5.88142913	    -20.05447274	     10.22657638	     90.00000001	      0.00000000	      0.00000000	     21.70439434	    -19.72168248	     -2.19951153	     40.62999623	     90.00000001	      0.00000000	      0.00000000
      0.58000000	      7.75943247	      1.35176660	      0.60215808	     -0.56626734	      0.99833247	     -0.26571672	     18.72560782	     -6.60387722	    -12.80581441	     11.27049572	      8.80641493	      0.19670726	      2.00390533	     -2.85714990	     -7.78271225	    -22.56291057	     -2.74414716	      0.57695678	      7.48840927	     11.88585457	      0.13069740	     15.66968044	      3.13191745	     -7.78271225	    -20.13928003	     -1.64295205	     -4.73881510	     -6.39420210	     -5.82108988	    -20.80717597	     11.04149860	     90.00000001	      0.00000000	      0.00000000	     22.05471270	    -20.01377233	     -2.10701024	     41.51773711	     90.00000001	      0.00000000	      0.00000000
      0.59000000	      7.67944199	      1.43732519	      0.83708096	     -0.55197944	      0.99572133	     -0.26509412	     18.68981284	     -6.72315449	    -13.17392656	      9.48877258	      9.26733650	      0.16561032	      2.18727798	     -1.57022497	     -7.77714930	    -23.16089106	     -2.83378195	      0.76746968	      7.92615953	     11.89059369	      0.13833758	     15.92199448	      3.38478003	     -7.77714930	    -20.03807552	     -1.59680347	     -4.98467552	     -6.77321466	     -5.74441148	    -21.88222724	     11.57655105	     90.00000001	      0.00000000	      0.00000000	     22.27445109	    -20.37616640	     -1.85223878	     42.56386373	     90.00000001	      0.00000000	      0.00000000
      0.60000000	      7.45837525	      1.45101211	      1.04781383	     -0.53748096	      0.99301751	     -0.26462704	     18.90133698	     -6.81368751	    -13.37572835	      8.37468085	      9.73043115	      0.14616575	      2.25233759	     -0.65298118	     -7.77327046	    -23.59250825	     -2.96243259	      1.00295459	      8.39910004	     11.84276489	      0.14659195	     16.08207533	      3.52119710	     -7.77327046	    -19.76129432	     -1.43792325	     -5.20561678	     -7.19304237	     -5.72287993	    -22.65660360	     12.02759289	     90.00000001	      0.00000000	      0.00000000	     22.37265469	    -20.61771124	     -1.77729525	     43.43324195	     90.00000001	      0.00000000	      0.00000000
      0.61000000	      7.52649042	      1.15057540	      1.41338827	     -0.52278626	      0.99080726	     -0.26385004	     18.80720628	     -6.44851107	    -13.81536687	      7.78654960	      9.75879532	      0.13590093	      2.48868848	      0.42138276	     -7.76024932	    -24.27184382	     -3.61070337	      1.18036110	      9.00823725	     11.96387688	      0.15722340	     16.24336338	      3.94299757	     -7.76024932	    -19.78969986	     -0.93515347	     -5.43486157	     -7.27430609	     -5.65456130	    -24.31897285	     11.69914359	     90.00000001	      0.00000000	      0.00000000	     22.39952591	    -20.88945555	     -1.59129442	     44.41832170	     90.00000001	      0.00000000	      0.00000000
      0.62000000	      7.34974418	      1.11913172	      1.64120451	     -0.50817596	      0.98841001	     -0.26336411	     19.09919306	     -6.39847443	    -13.55661792	      7.77270672	      9.84107311	      0.13565932	      2.57838257	      0.70863545	     -7.75603818	    -24.60771474	     -3.80194031	      1.58412514	      9.73782428	     11.88223952	      0.16995710	     16.24000932	      3.96200765	     -7.75603818	    -19.57320343	     -0.70321633	     -5.66893821	     -7.65203885	     -5.62257061	    -24.60208752	     11.75455626	     90.00000001	      0.00000000	      0.00000000	     22.32589953	    -21.02687778	     -1.77013346	     45.20310363	     90.00000001	      0.00000000	      0.00000000
      0.63000000	      7.22451832	      1.02072164	      1.81113586	     -0.49338562	      0.98624659	     -0.26294833	     19.35748344	     -6.25202380	    -13.06599596	      8.20206593	      9.83581244	      0.14315306	      2.51572797	      0.79928282	     -7.75439782	    -25.03524412	     -4.01225606	      2.10221158	     10.37797211	     11.75188576	      0.18112978	     16.09339477	      4.05414608	     -7.75439782	    -19.38738179	     -0.37752444	     -5.76305409	     -8.06250344	     -5.63694556	    -24.64397147	     11.64066861	     90.00000001	      0.00000000	      0.00000000	     22.33572927	    -21.03552294	     -1.85588451	     45.56974512	     90.00000001	      0.00000000	      0.00000000
      0.64000000	      7.20519470	      0.68320067	      2.15732024	     -0.47827705	      0.98437607	     -0.26228026	     19.51985713	     -5.82884898	    -12.93208605	      9.13794244	      9.62267376	      0.15948718	      2.35133444	      0.33096142	     -7.75054100	    -25.44036192	     -4.66551951	      2.48297148	     11.31229282	     11.80063025	      0.19743676	     15.84273345	      3.89795748	     -7.75054100	    -19.30350348	      0.21909073	     -6.10619307	     -8.22000028	     -5.64833929	    -24.68040556	     11.05664474	     90.00000001	      0.00000000	      0.00000000	     21.80995070	    -21.17860650	     -2.23374916	     46.63986323	     90.00000001	      0.00000000	      0.00000000
      0.65000000	      7.13994458	      0.26980407	      2.46549691	     -0.46295995	      0.98270716	     -0.26160467	     19.69039541	     -5.33888129	    -12.65581429	     10.26621139	      9.44915834	      0.17917919	      1.81293728	     -0.26295991	     -7.74619745	    -25.78573135	     -5.34436921	      2.94134422	     12.23809938	     11.78492001	      0.21359513	     15.48007599	      3.84967629	     -7.74619745	    -19.14091306	      0.90220198	     -6.31781818	     -8.40078840	     -5.68453629	    -24.66474814	     10.42408285	     90.00000001	      0.00000000	      0.00000000	     21.35562165	    -21.16956236	     -2.58164413	     47.29595343	     90.00000001	      0.00000000	      0.00000000
      0.66000000	      7.15981143	     -0.10086884	      2.69239378	     -0.44753975	      0.98141412	     -0.26085799	     19.78764954	     -4.88346545	    -12.33073916	     11.63096929	      9.26857438	      0.20299871	      1.08430907	     -0.92378843	     -7.74320417	    -26.18274646	     -5.96068128	      3.35442842	     13.23385081	     11.81603229	      0.23097427	     14.90234990	      3.75603121	     -7.74320417	    -19.07738335	      1.53452648	     -6.42406877	     -8.59511861	     -5.71761866	    -24.53100686	      9.85073791	     90.00000001	      0.00000000	      0.00000000	     20.91576368	    -21.07761491	     -2.95866549	     47.76447984	     90.00000001	      0.00000000	      0.00000000
      0.67000000	      7.09610407	     -0.66872423	      2.96218027	     -0.43176037	      0.98036162	     -0.26016833	     19.95171349	     -4.27499285	    -12.22065551	     13.14648343	      9.09953329	      0.22944942	     -0.06450884	     -1.95368465	     -7.73941757	    -26.41929240	     -6.75867304	      3.61281702	     14.38260836	     11.77781614	      0.25102387	     14.11256897	      3.49000319	     -7.73941757	    -18.87026245	      2.40157704	     -6.59460436	     -8.68118296	     -5.83547454	    -24.33217897	      9.23639363	     90.00000001	      0.00000000	      0.00000000	     20.19931888	    -20.93225074	     -3.48064912	     48.21126180	     90.00000001	      0.00000000	      0.00000000
      0.68000000	      7.05528094	     -1.61884484	      3.22455827	     -0.41601615	      0.97987059	     -0.25903450	     19.73944665	     -3.12394658	    -11.09764227	     13.83062225	      9.07949041	      0.24138990	     -2.33772545	     -5.26438492	     -7.71841880	    -26.51318345	     -8.07256101	      3.48393874	     15.85003141	     11.95673372	      0.27663523	     13.32127747	      3.55488804	     -7.71841880	    -18.70034054	      3.64459969	     -6.60572755	     -8.67863262	     -5.97182210	    -24.22820306	      8.69402868	     90.00000001	      0.00000000	      0.00000000	     19.49092563	    -20.64527667	     -4.09071469	     48.47426783	     90.00000001	      0.00000000	      0.00000000
      0.69000000	      7.12740057	     -2.11378725	      3.32102346	     -0.40012020	      0.97990585	     -0.25814171	     19.77094668	     -2.62900790	    -11.07376885	     15.54727547	      8.99325301	      0.27135115	     -3.44782924	     -5.80744551	     -7.71542582	    -26.72706681	     -8.71915036	      3.52699556	     17.25744052	     11.95229013	      0.30119916	     11.79228132	      3.09990353	     -7.71542582	    -18.67406170	      4.38690689	     -6.55465744	     -8.65536800	     -6.10822672	    -24.00921464	      8.35593722	     90.00000001	      0.00000000	      0.00000000	     18.77028738	    -20.33980074	     -4.56714055	     48.59109895	     90.00000001	      0.00000000	      0.00000000
      0.70000000	      7.19182493	     -2.66385195	      3.40655088	     -0.38417144	      0.98040138	     -0.25704567	     19.73112327	     -2.09370945	    -10.90093592	     17.16394018	      9.00078319	      0.29956727	     -4.39820708	     -6.36686954	     -7.71292839	    -26.79115247	     -9.48368545	      3.51449846	     18.85851296	     12.10173319	      0.32914314	     10.00176027	      2.54135694	     -7.71292839	    -18.64797177	      5.15391920	     -6.44025145	     -8.55231282	     -6.24877456	    -23.83382231	      8.12880133	     90.00000001	      0.00000000	      0.00000000	     18.02580190	    -19.96250677	     -5.05279611	     48.59199910	     90.00000001	      0.00000000	      0.00000000
      0.71000000	      7.29715772	     -3.31523115	      3.44231542	     -0.36802593	      0.98146283	     -0.25584951	     19.57035334	     -1.36585564	    -10.70904370	     18.65829663	      8.89227030	      0.32564871	     -5.26877546	     -7.24507989	     -7.71102753	    -26.74461566	    -10.31996578	      3.26613168	     20.72908390	     12.22006895	      0.36179077	      7.63132174	      1.62059596	     -7.71102753	    -18.64740850	      6.01627695	     -6.29644971	     -8.29205984	     -6.45603466	    -23.77370756	      7.92499602	     90.00000001	      0.00000000	      0.00000000	     17.15418437	    -19.52981745	     -5.61625747	     48.44534498	     90.00000001	      0.00000000	      0.00000000
      0.72000000	      7.23475097	     -4.36983685	      3.40660149	     -0.35210727	      0.98292847	     -0.25412909	     19.19653070	     -0.01736210	     -9.04071011	     19.11886027	      9.13084914	      0.33368706	     -7.42784146	    -11.12633843	     -7.69232597	    -26.29027854	    -11.62128403	      2.74938094	     22.96673573	     12.47045055	      0.40084516	      5.04711651	      0.17628718	     -7.69232597	    -18.49619836	      7.23448898	     -5.91099365	     -7.84881426	     -6.71133353	    -24.20632826	      7.61522125	     90.00000001	      0.00000000	      0.00000000	     16.29848685	    -18.94337358	     -6.25812194	     48.10108494	     90.00000001	      0.00000000	      0.00000000
      0.73000000	      7.32126087	     -4.91702999	      3.26675479	     -0.33614548	      0.98478005	     -0.25240654	     18.88130474	      0.74837713	     -8.53102040	     20.32275809	      9.06664682	      0.35469904	     -7.56460027	    -11.75505612	     -7.68761563	    -25.79398541	    -12.38106991	      2.13633002	     25.47780947	     12.64871946	      0.44467166	      1.81389511	     -1.01896696	     -7.68761563	    -18.53959040	      7.86711613	     -5.58839327	     -7.38968473	     -6.88410218	    -24.28505128	      7.59614025	     90.00000001	      0.00000000	      0.00000000	     15.43222641	    -18.48604817	     -6.74601152	     47.57207358	     90.00000001	      0.00000000	      0.00000000
      0.74000000	      7.66387244	     -5.30061932	      3.16163935	     -0.32018804	      0.98730745	     -0.25092825	     18.08464216	      1.32488255	     -7.96969011	     21.22640137	      9.15318431	      0.37047059	     -7.35818986	    -12.23415497	     -7.68535924	    -25.38136082	    -12.96786988	      1.40806830	     28.16192161	     12.65342113	      0.49151826	     -1.85608182	     -1.99935916	     -7.68535924	    -18.86846699	      8.33540060	     -5.25339028	     -6.88272560	     -7.07501760	    -24.36852325	      7.65099133	     90.00000001	      0.00000000	      0.00000000	     14.59527226	    -17.99262798	     -7.02373241	     47.00605813	     90.00000001	      0.00000000	      0.00000000
      0.75000000	      7.90911820	     -5.70137489	      2.96089056	     -0.30454623	      0.98992998	     -0.24913235	     17.25202018	      2.02096976	     -7.33569299	     21.82936966	      9.19765755	      0.38099437	     -7.05381647	    -12.63021200	     -7.68312009	    -24.59287227	    -13.61762138	      0.48904748	     31.24253694	     12.63701678	      0.54528514	     -5.77181500	     -3.17628417	     -7.68312009	    -19.13647653	      8.75243143	     -4.80099820	     -6.28767344	     -7.24188213	    -24.50898581	      7.74048550	     90.00000001	      0.00000000	      0.00000000	     13.78840646	    -17.48876566	     -7.29944600	     46.29376996	     90.00000001	      0.00000000	      0.00000000
      0.76000000	      7.87802981	     -6.20999529	      2.61636985	     -0.28937609	      0.99227586	     -0.24681105	     16.63528643	      2.96745502	     -6.57749764	     22.18049791	      9.14076772	      0.38712272	     -6.91856167	    -13.23912522	     -7.67769822	    -23.25458936	    -14.49170819	     -0.55768490	     34.73960242	     12.74813085	      0.60632044	     -9.51729659	     -4.49790188	     -7.67769822	    -19.15601281	      9.18820391	     -4.15486820	     -5.58376553	     -7.39437534	    -24.93336108	      7.77450419	     90.00000001	      0.00000000	      0.00000000	     13.04445263	    -16.91739107	     -7.62850176	     45.38179354	     90.00000001	      0.00000000	      0.00000000
      0.77000000	      8.28375449	     -6.36927800	      2.51111738	     -0.27424422	      0.99532461	     -0.24510110	     15.34465750	      3.43849148	     -6.21905693	     22.29854559	      9.13147918	      0.38918304	     -6.19488828	    -13.31611857	     -7.67575786	    -22.21797161	    -14.97132003	     -1.39025727	     38.11784134	     12.40647173	      0.66528184	    -13.29277479	     -5.29502679	     -7.67575786	    -19.64438746	      9.32430330	     -3.77916874	     -4.87270914	     -7.50863074	    -25.05336063	      8.00342867	     90.00000001	      0.00000000	      0.00000000	     12.29747974	    -16.47122754	     -7.66362807	     44.50843239	     90.00000001	      0.00000000	      0.00000000
      0.78000000	      8.37915278	     -6.61525102	      2.32344188	     -0.25956721	      0.99782703	     -0.24296626	     14.41564993	      4.07750210	     -6.04021321	     22.41856987	      8.93361016	      0.39127786	     -5.40461556	    -12.94746999	     -7.67235551	    -20.61236353	    -15.62191783	     -2.45537095	     41.82245215	     11.91543359	      0.72993949	    -16.57773628	     -6.27107351	     -7.67235551	    -19.81633110	      9.46430084	     -3.27520689	     -4.17651809	     -7.59421630	    -25.07651230	      8.26770517	     90.00000001	      0.00000000	      0.00000000	     11.62435362	    -16.01884123	     -7.73859650	     43.49080695	     90.00000001	      0.00000000	      0.00000000
      0.79000000	      8.14918257	     -6.96569150	      2.10471490	     -0.24536295	      0.99972276	     -0.24059105	     13.89006992	      4.89662598	     -6.09476222	     22.57340524	      8.49917235	      0.39398024	     -4.70110131	    -12.51537071	     -7.66606603	    -18.47347334	    -16.49823930	     -3.34585505	     45.68538920	     11.52363938	      0.79736046	    -19.01607274	     -7.25290289	     -7.66606603	    -19.67266581	      9.67750366	     -2.72089898	     -3.41075508	     -7.68174934	    -25.34864581	      8.52346813	     90.00000001	      0.00000000	      0.00000000	     10.98028169	    -15.50315685	     -7.93853780	     42.35890676	     90.00000001	      0.00000000	      0.00000000
      0.80000000	      8.38161893	     -6.95551143	      2.14155823	     -0.23112296	      1.00225696	     -0.23887529	     12.64885900	      5.17827857	     -6.15862620	     22.41606992	      8.33702197	      0.39123423	     -3.70039422	    -12.01928138	     -7.66290682	    -16.77386745	    -16.88275991	     -3.94227335	     49.12821763	     10.74534472	      0.85744915	    -20.86721070	     -8.13183330	     -7.66290682	    -19.98961551	      9.57701041	     -2.43933947	     -2.64619885	     -7.72449915	    -25.29583414	      8.88760789	     90.00000001	      0.00000000	      0.00000000	     10.34976649	    -15.11170995	     -7.84876809	     41.26597109	     90.00000001	      0.00000000	      0.00000000
      0.81000000	      8.44670478	     -6.97674805	      2.13091484	     -0.21712445	      1.00443587	     -0.23706900	     11.62075756	      5.50473067	     -6.29938747	     22.29550707	      8.10116189	      0.38913001	     -2.73873935	    -11.39765999	     -7.65990708	    -14.83750447	    -17.29117094	     -4.44843496	     52.44151195	      9.99495486	      0.91527705	    -21.81435884	     -9.28415523	     -7.65990708	    -20.14389399	      9.48205173	     -2.09883237	     -1.89006167	     -7.77580354	    -25.20776384	      9.28318187	     90.00000001	      0.00000000	      0.00000000	      9.73305335	    -14.71264983	     -7.84189968	     40.09988072	     90.00000001	      0.00000000	      0.00000000
      0.82000000	      8.11610936	     -7.08209212	      2.05180522	     -0.20351110	      1.00592314	     -0.23490859	     11.16298060	      5.96538484	     -6.70872414	     22.39079398	      7.63011568	      0.39079308	     -1.88423798	    -10.42625644	     -7.65496843	    -12.37299310	    -17.86220457	     -4.77599053	     55.70573381	      9.46345666	      0.97224847	    -22.27054951	    -10.78020796	     -7.65496843	    -19.87112643	      9.41639551	     -1.69068644	     -1.11414529	     -7.81370628	    -25.18101561	      9.64941969	     90.00000001	      0.00000000	      0.00000000	      9.17079247	    -14.24508591	     -8.11476094	     38.76720066	     90.00000001	      0.00000000	      0.00000000
      0.83000000	      8.03519744	     -6.95698597	      2.09196900	     -0.18988611	      1.00773430	     -0.23325264	     10.33128230	      6.05643388	     -7.11247925	     22.35108430	      7.36088348	      0.39010001	     -0.80841963	     -9.38354967	     -7.64891853	    -10.19886203	    -18.06393722	     -4.87970480	     58.51835863	      8.89037799	      1.02133803	    -21.80665955	    -12.27034497	     -7.64891853	    -19.85403714	      9.15030543	     -1.43639715	     -0.30236553	     -7.87288937	    -25.11040999	     10.00949518	     90.00000001	      0.00000000	      0.00000000	      8.60851768	    -13.83008096	     -8.31272326	     37.43743246	     90.00000001	      0.00000000	      0.00000000
      0.84000000	      8.27634315	     -6.68317121	      2.11187932	     -0.17610381	      1.01005552	     -0.23175579	      8.96096753	      5.93564491	     -7.12379899	     21.98183818	      7.35352885	      0.38365545	      0.06746472	     -8.80174283	     -7.64648429	     -8.52696921	    -17.98754803	     -5.08041585	     60.77499813	      8.25979331	      1.06072382	    -20.59444784	    -13.37090305	     -7.64648429	    -20.18006725	      8.72297727	     -1.16808442	      0.55480958	     -7.93431662	    -24.92661801	     10.42165893	     90.00000001	      0.00000000	      0.00000000	      7.95240699	    -13.51608123	     -8.23552991	     36.28548683	     90.00000001	      0.00000000	      0.00000000
      0.85000000	      8.37267289	     -6.44734756	      2.09984869	     -0.16250492	      1.01214141	     -0.23017419	      7.75724973	      5.85898082	     -7.10899886	     21.59238399	      7.31999273	      0.37685819	      0.88247730	     -8.13201649	     -7.64407161	     -6.67285333	    -17.94749785	     -5.29396766	     62.80678840	      7.70332461	      1.09618525	    -19.26159761	    -14.54164234	     -7.64407161	    -20.34598637	      8.31137091	     -0.86327380	      1.44241049	     -8.02235690	    -24.74185853	     10.80661403	     90.00000001	      0.00000000	      0.00000000	      7.36908906	    -13.16717027	     -8.31931950	     34.95113519	     90.00000001	      0.00000000	      0.00000000
      0.86000000	      8.33550798	     -6.21829442	      2.04168628	     -0.14915396	      1.01404271	     -0.22853551	      6.70739054	      5.77731661	     -7.07452746	     21.18270037	      7.28085896	      0.36970787	      1.70088647	     -7.30123009	     -7.64096562	     -4.67205569	    -17.89763250	     -5.44228368	     64.56559636	      7.30463688	      1.12688224	    -17.91315220	    -15.56285073	     -7.64096562	    -20.38309484	      7.88635925	     -0.52598137	      2.36711748	     -8.14529484	    -24.58687286	     11.18033588	     90.00000001	      0.00000000	      0.00000000	      6.87894903	    -12.77403874	     -8.66868413	     33.37672767	     90.00000001	      0.00000000	      0.00000000
      0.87000000	      8.43071412	     -5.92492244	      1.94418366	     -0.13570061	      1.01606684	     -0.22686734	      5.45851262	      5.59729386	     -7.00138625	     20.70027114	      7.32190250	      0.36128789	      2.35917585	     -6.69702876	     -7.63878209	     -2.95550712	    -17.73013266	     -5.62781843	     65.86242188	      6.98707239	      1.14951612	    -16.21397855	    -16.31895078	     -7.63878209	    -20.55659888	      7.36553617	     -0.17582073	      3.32215789	     -8.27080582	    -24.43660925	     11.59671578	     90.00000001	      0.00000000	      0.00000000	      6.23802617	    -12.50359260	     -8.80997999	     32.07507529	     90.00000001	      0.00000000	      0.00000000
      0.88000000	      8.43724406	     -5.64089495	      1.78466422	     -0.12248781	      1.01797883	     -0.22517642	      4.30178432	      5.43414170	     -6.86191197	     20.15569442	      7.32539184	      0.35178323	      3.11818555	     -5.74631265	     -7.63347537	     -1.17155072	    -17.56873633	     -5.76201134	     66.86545719	      6.85503972	      1.16702238	    -14.71967215	    -16.69600174	     -7.63347537	    -20.64052040	      6.83937353	      0.23761904	      4.33902198	     -8.43215555	    -24.42168956	     11.97774507	     90.00000001	      0.00000000	      0.00000000	      5.89588152	    -12.03830142	     -9.70672428	     30.18311540	     90.00000001	      0.00000000	      0.00000000
      0.89000000	      8.55153220	     -5.30645151	      1.60934719	     -0.10921917	      1.01995902	     -0.22341410	      2.93828746	      5.20407849	     -6.59796971	     19.43855193	      7.41788898	      0.33926673	      3.73075007	     -5.09805591	     -7.62909578	      0.37932271	    -17.31328644	     -5.89902916	     67.45075496	      6.79979851	      1.17723776	    -13.16829498	    -16.86893763	     -7.62909578	    -20.83136664	      6.23621163	      0.64546582	      5.35782073	     -8.60233222	    -24.31063778	     12.41651533	     90.00000001	      0.00000000	      0.00000000	      5.34569845	    -11.79136705	     -9.99828879	     28.68444922	     90.00000001	      0.00000000	      0.00000000
      0.90000000	      8.59640524	     -5.00520658	      1.41949550	     -0.09604759	      1.02167968	     -0.22178649	      1.66248270	      4.96954321	     -6.38314166	     18.73212991	      7.52931454	      0.32693734	      4.21416118	     -4.57788652	     -7.62691464	      1.96986333	    -17.05599509	     -6.00610160	     67.76930776	      6.82627717	      1.18279755	    -11.67208465	    -16.98774726	     -7.62691464	    -20.94317405	      5.67101148	      1.04593286	      6.35293651	     -8.81483990	    -24.13050489	     12.92262969	     90.00000001	      0.00000000	      0.00000000	      4.63726505	    -11.59651000	    -10.00331217	     27.46548014	     90.00000001	      0.00000000	      0.00000000
      0.91000000	      8.79117814	     -4.66986887	      1.16901741	     -0.08286378	      1.02357158	     -0.22001595	      0.10209060	      4.74742353	     -5.94261987	     17.74682987	      7.60343931	      0.30974061	      4.73945512	     -3.96147830	     -7.62303895	      3.22463618	    -16.76595105	     -5.91328378	     67.63793975	      7.22325578	      1.18050475	    -10.32016809	    -16.79143208	     -7.62303895	    -21.21543274	      5.03767887	      1.52664160	      7.33073190	     -9.05106606	    -23.94371498	     13.52089457	     90.00000001	      0.00000000	      0.00000000	      4.20288709	    -11.34261013	    -10.58299516	     25.74840071	     90.00000001	      0.00000000	      0.00000000
      0.92000000	      8.72657746	     -4.41944107	      0.93583183	     -0.06986852	      1.02481489	     -0.21830162	     -1.03530652	      4.57645318	     -5.86077631	     17.04198739	      7.62158597	      0.29743879	      5.08652443	     -3.49754276	     -7.62132265	      4.79822858	    -16.49377893	     -5.96369559	     67.34163026	      7.36776434	      1.17533317	     -8.92090098	    -16.74225072	     -7.62132265	    -21.19882078	      4.50074108	      1.96260682	      8.29738224	     -9.27579598	    -23.73095349	     14.13957410	     90.00000001	      0.00000000	      0.00000000	      3.39103322	    -11.20310389	    -10.58175130	     24.74640775	     90.00000001	      0.00000000	      0.00000000
      0.93000000	      8.69885815	     -4.15285302	      0.68210071	     -0.05688442	      1.02595249	     -0.21661905	     -2.31067341	      4.36491293	     -5.57846766	     16.12176917	      7.72316030	      0.28137795	      5.54505853	     -2.86416315	     -7.61947731	      6.21515006	    -16.19651892	     -5.79693430	     66.71019451	      7.81804656	      1.16431254	     -7.58481127	    -16.43010856	     -7.61947731	    -21.21321943	      3.94118996	      2.42777551	      9.21206369	     -9.54832533	    -23.45638158	     14.82751494	     90.00000001	      0.00000000	      0.00000000	      2.70117764	    -11.06480596	    -10.67021628	     23.49609565	     90.00000001	      0.00000000	      0.00000000
      0.94000000	      9.16353630	     -3.86771534	      0.45174741	     -0.04346412	      1.02765134	     -0.21497965	     -4.31923857	      4.11539525	     -5.15254257	     14.84519778	      7.88503281	      0.25909758	      5.91540314	     -2.19268303	     -7.61533179	      6.82569639	    -15.89852012	     -5.36348102	     65.52722054	      8.70623421	      1.14366575	     -6.35811170	    -15.91846610	     -7.61533179	    -21.72594209	      3.35530303	      2.88572541	      9.97229370	     -9.83310095	    -22.81019844	     15.86601381	     90.00000001	      0.00000000	      0.00000000	      2.23240677	    -10.83076240	    -11.63420186	     21.87670062	     90.00000001	      0.00000000	      0.00000000
      0.95000000	      9.25374936	     -3.63133678	      0.19021077	     -0.03041555	      1.02852853	     -0.21343914	     -5.79101308	      3.90464337	     -4.82432924	     13.77473497	      7.97405827	      0.24041448	      6.22959673	     -1.71571276	     -7.61128859	      7.88951438	    -15.58343549	     -5.18087831	     64.24636483	      9.26770730	      1.12131060	     -5.15341534	    -15.52545730	     -7.61128859	    -21.85481307	      2.82804203	      3.33405901	     10.72696126	    -10.16558545	    -22.12159217	     16.89227472	     90.00000001	      0.00000000	      0.00000000	      1.54097594	    -10.66683639	    -12.15494930	     20.69028532	     90.00000001	      0.00000000	      0.00000000
      0.96000000	      9.01440659	     -3.50335702	     -0.05011306	     -0.01757022	      1.02862048	     -0.21187154	     -6.75931448	      3.79660036	     -4.72112180	     12.98676614	      8.02740900	      0.22666183	      6.53769611	     -1.17735466	     -7.60954987	      9.35481471	    -15.37409352	     -5.15205200	     62.88367843	      9.61175355	      1.09752723	     -3.97374742	    -15.29095381	     -7.60954987	    -21.62316639	      2.41977859	      3.78446138	     11.54962229	    -10.50805729	    -21.78205187	     17.73911804	     90.00000001	      0.00000000	      0.00000000	      0.64005378	    -10.60306089	    -12.20042814	     19.88423098	     90.00000001	      0.00000000	      0.00000000
      0.97000000	      9.03609592	     -3.36215111	     -0.27745093	     -0.00455783	      1.02889550	     -0.21040035	     -8.15963764	      3.63441070	     -4.35509436	     11.89963134	      8.18514115	      0.20768775	      6.95954505	     -0.43213261	     -7.60736170	     10.32615405	    -15.14083859	     -4.86021230	     61.08425299	     10.28160549	      1.06612134	     -2.82844724	    -14.98786495	     -7.60736170	    -21.66618248	      2.00187559	      4.22196491	     12.24521186	    -10.87145236	    -21.14232842	     18.85652609	     90.00000001	      0.00000000	      0.00000000	     -0.13287209	    -10.50882424	    -12.45614079	     18.86536997	     90.00000001	      0.00000000	      0.00000000
      0.98000000	      9.45803378	     -3.15522785	     -0.50416434	      0.00882614	      1.02950582	     -0.20906486	    -10.07338295	      3.39094825	     -4.02010614	     10.68610385	      8.29667129	      0.18650770	      7.11939159	     -0.02268225	     -7.60321941	     10.65051013	    -14.79028695	     -4.81048391	     58.88378398	     10.78741572	      1.02771591	     -2.17059046	    -15.04000493	     -7.60321941	    -22.12064079	      1.51047939	      4.61988436	     12.71694555	    -11.31173894	    -19.81007893	     20.37736798	     90.00000001	      0.00000000	      0.00000000	     -0.85695767	    -10.37878616	    -13.37781466	     17.86508955	     90.00000001	      0.00000000	      0.00000000
      0.99000000	      9.47445618	     -3.02278027	     -0.77289349	      0.02185618	      1.02927703	     -0.20778228	    -11.42113560	      3.18606429	     -3.64660671	      9.68264091	      8.45620137	      0.16899396	      7.32366497	      0.27614225	     -7.59851483	     11.43677810	    -14.51165492	     -4.96362036	     56.63664152	     11.07886952	      0.98849587	     -1.52041160	    -15.25874875	     -7.59851483	    -22.15342168	      1.10747798	      5.04862542	     13.31002875	    -11.78131056	    -18.84838783	     21.66720515	     90.00000001	      0.00000000	      0.00000000	     -1.64951817	    -10.26781766	    -14.05535505	     16.99536403	     90.00000001	      0.00000000	      0.00000000
      1.00000000	      9.19176848	     -3.05434596	     -1.01059312	      0.03469098	      1.02831489	     -0.20638116	    -12.30255495	      3.22137882	     -3.41588884	      8.95331682	      8.46002510	      0.15626486	      7.71377868	      0.88523768	     -7.59659677	     12.58565894	    -14.45772862	     -5.15620315	     54.40058457	     11.29354403	      0.94946932	     -0.78485654	    -15.31403824	     -7.59659677	    -21.87252815	      0.87473930	      5.50805881	     14.01076945	    -12.21934112	    -18.39091947	     22.65557998	     90.00000001	      0.00000000	      0.00000000	     -2.54893396	    -10.22794256	    -14.20141777	     16.36620873	     90.00000001	      0.00000000	      0.00000000
      1.01000000	      9.44454576	     -2.89718486	     -1.27520166	      0.04793702	      1.02794681	     -0.20525269	    -13.88181369	      2.96533459	     -3.17288795	      8.03348822	      8.55734608	      0.14021082	      8.01226756	      1.47034914	     -7.59299885	     12.85006589	    -14.12644873	     -5.50459980	     51.66592846	     11.46937309	      0.90174056	     -0.65399850	    -15.91131299	     -7.59299885	    -22.14813504	      0.44561915	      5.91917756	     14.48463848	    -12.76180397	    -17.23187588	     24.12480615	     90.00000001	      0.00000000	      0.00000000	     -3.33461021	    -10.15738720	    -14.87579711	     15.64812062	     90.00000001	      0.00000000	      0.00000000
      1.02000000	      9.01477259	     -3.09842155	     -1.41937842	      0.06072014	      1.02627689	     -0.20406057	    -14.42249584	      3.21920575	     -3.28354595	      7.70198226	      8.46109507	      0.13442495	      8.31920720	      1.82901572	     -7.59178273	     14.09412754	    -14.21017765	     -6.05329608	     49.24823644	     11.24453008	      0.85954388	     -0.18335662	    -15.82640755	     -7.59178273	    -21.70757950	      0.44285017	      6.31643225	     15.21995182	    -13.22500994	    -16.93277329	     24.94137111	     90.00000001	      0.00000000	      0.00000000	     -4.31428966	    -10.12261203	    -14.97443047	     15.26952005	     90.00000001	      0.00000000	      0.00000000
      1.03000000	      9.34643876	     -2.80585197	     -1.82399436	      0.07411587	      1.02559760	     -0.20321299	    -16.05120331	      2.66910395	     -2.84584676	      6.84279963	      8.70581649	      0.11942938	      8.77604787	      2.69390081	     -7.58817992	     13.96694106	    -13.71944726	     -6.71336112	     46.08929062	     11.35563035	      0.80440987	     -0.23867833	    -16.70625660	     -7.58817992	    -22.04666814	     -0.13699957	      6.74678039	     15.60020850	    -13.86059473	    -15.55766402	     26.55673983	     90.00000001	      0.00000000	      0.00000000	     -5.05636322	    -10.03236553	    -15.77335432	     14.52430102	     90.00000001	      0.00000000	      0.00000000
      1.04000000	      9.20766003	     -2.82549600	     -2.12078488	      0.08718715	      1.02396332	     -0.20228330	    -16.93053433	      2.57331441	     -2.68817111	      6.46801280	      8.76980265	      0.11288812	      9.25582144	      3.30040478	     -7.58529246	     14.49187563	    -13.60031864	     -7.48301861	     43.12207291	     11.22839674	      0.75262215	     -0.04834060	    -16.88017866	     -7.58529246	    -21.89819605	     -0.34523710	      7.17366078	     16.18457846	    -14.44324044	    -14.82857903	     27.67620551	     90.00000001	      0.00000000	      0.00000000	     -5.90470384	     -9.95802075	    -16.24440439	     14.01577077	     90.00000001	      0.00000000	      0.00000000
      1.05000000	      9.15398640	     -2.81640528	     -2.41966788	      0.10027615	      1.02228268	     -0.20150149	    -17.85646930	      2.41735629	     -2.61546556	      6.18792412	      8.84243682	      0.10799965	      9.73971076	      3.93042177	     -7.58223057	     14.81085015	    -13.39897568	     -8.34127734	     39.97510111	     11.01715725	      0.69769713	      0.01372682	    -17.00413094	     -7.58223057	    -21.85661617	     -0.57935059	      7.58357112	     16.71839440	    -15.05045093	    -13.99323671	     28.86412334	     90.00000001	      0.00000000	      0.00000000	     -6.72015322	     -9.89023474	    -16.76852617	     13.56460751	     90.00000001	      0.00000000	      0.00000000
      1.06000000	      9.01787706	     -2.86527038	     -2.73422510	      0.11336321	      1.02030774	     -0.20073295	    -18.61832303	      2.32126606	     -2.53102726	      6.06073224	      8.89570336	      0.10577973	     10.25767191	      4.53181413	     -7.57936643	     15.13506118	    -13.27386476	     -9.19154785	     36.73152253	     10.84824465	      0.64108601	      0.10367182	    -16.90838284	     -7.57936643	    -21.72327914	     -0.74757586	      7.99088902	     17.27156262	    -15.64574692	    -13.23968871	     29.97743668	     90.00000001	      0.00000000	      0.00000000	     -7.55891364	     -9.81830230	    -17.23239865	     13.16375892	     90.00000001	      0.00000000	      0.00000000
      1.07000000	      8.89691510	     -2.88034775	     -3.02839657	      0.12647814	      1.01823554	     -0.20012313	    -19.35098304	      2.16140828	     -2.51789664	      6.03622954	      8.98517258	      0.10535208	     10.76295733	      5.11694810	     -7.57616703	     15.33764021	    -13.09186563	    -10.06439993	     33.33863884	     10.70285479	      0.58186902	      0.06140489	    -16.62046771	     -7.57616703	    -21.61330054	     -0.93876429	      8.35276708	     17.78676994	    -16.25094426	    -12.48024423	     31.08662345	     90.00000001	      0.00000000	      0.00000000	     -8.36844910	     -9.73916324	    -17.77986643	     12.80482412	     90.00000001	      0.00000000	      0.00000000
      1.08000000	      8.64381355	     -3.06374161	     -3.33629657	      0.13950123	      1.01583412	     -0.19943396	    -19.87764907	      2.20631729	     -2.42513093	      6.13714652	      9.02158062	      0.10711341	     11.29901000	      5.59381809	     -7.57371475	     15.63678941	    -13.14147474	    -10.80448166	     29.93830867	     10.70126107	      0.52252206	      0.14262595	    -16.02254533	     -7.57371475	    -21.37980782	     -0.94603998	      8.76119448	     18.34130177	    -16.84209785	    -11.84206354	     32.08374109	     90.00000001	      0.00000000	      0.00000000	     -9.19184857	     -9.64577971	    -18.17454704	     12.51658728	     90.00000001	      0.00000000	      0.00000000
      1.09000000	      8.49060645	     -3.12331055	     -3.64371295	      0.15265062	      1.01350618	     -0.19888505	    -20.50480354	      2.07823792	     -2.41455138	      6.26016665	      9.09837310	      0.10926052	     11.77937490	      6.10401740	     -7.57070096	     15.69970316	    -13.01850797	    -11.58794579	     26.38699350	     10.70838468	      0.46053992	      0.00618082	    -15.21510250	     -7.57070096	    -21.25189803	     -1.08767247	      9.09893517	     18.83195811	    -17.41749831	    -11.13140069	     33.14591143	     90.00000001	      0.00000000	      0.00000000	     -9.96308332	     -9.55609193	    -18.75371955	     12.22938838	     90.00000001	      0.00000000	      0.00000000
      1.10000000	      8.27210117	     -3.16939018	     -3.95611165	      0.16591930	      1.01099816	     -0.19837035	    -21.01748903	      1.92424426	     -2.41998054	      6.49383997	      9.18756865	      0.11333889	     12.29645843	      6.62758249	     -7.56592981	     15.75840380	    -12.88205056	    -12.26822104	     22.80695517	     10.79398543	      0.39805646	     -0.16698794	    -14.17735415	     -7.56592981	    -21.03844425	     -1.23711486	      9.39573433	     19.32654129	    -17.93083528	    -10.53946976	     34.07067444	     90.00000001	      0.00000000	      0.00000000	    -10.69670525	     -9.45053719	    -19.61967096	     11.88345667	     90.00000001	      0.00000000	      0.00000000
      1.11000000	      7.63255689	     -3.63832258	     -4.15229746	      0.17888868	      1.00784030	     -0.19756851	    -21.02170635	      2.43974088	     -2.34538875	      6.84847048	      8.99070611	      0.11952836	     12.66297958	      6.76966069	     -7.56492957	     16.49390378	    -13.37086714	    -12.87192390	     19.79325268	     11.05263176	      0.34545743	     -0.18692068	    -12.55017389	     -7.56492957	    -20.41761581	     -0.90497721	      9.74334689	     19.84360581	    -18.39819421	    -10.19401344	     34.75859577	     90.00000001	      0.00000000	      0.00000000	    -11.53453680	     -9.38569070	    -19.73177955	     11.86170852	     90.00000001	      0.00000000	      0.00000000
      1.12000000	      7.16757852	     -4.03201325	     -4.42687698	      0.19212686	      1.00487063	     -0.19672982	    -21.23059782	      2.77213274	     -2.20080543	      7.20465645	      8.91034361	      0.12574498	     13.03959869	      6.94750476	     -7.56399010	     16.89631614	    -13.82385621	    -13.43021141	     16.79063220	     11.50765735	      0.29305182	     -0.08417304	    -10.86637012	     -7.56399010	    -19.97864777	     -0.68829446	     10.05539558	     20.29193093	    -18.80967298	     -9.74310398	     35.55459009	     90.00000001	      0.00000000	      0.00000000	    -12.36243312	     -9.30551201	    -19.90162770	     11.76187331	     90.00000001	      0.00000000	      0.00000000
      1.13000000	      6.83891737	     -4.30320367	     -4.77624861	      0.20550924	      1.00212658	     -0.19591474	    -21.56596164	      2.94843675	     -1.90005384	      7.57943370	      8.78301526	      0.13228607	     13.39287032	      7.18482500	     -7.56303903	     16.97294337	    -14.16299007	    -13.88470990	     13.72042937	     12.11109461	      0.23946667	      0.05636199	     -8.94604415	     -7.56303903	    -19.68468376	     -0.62758441	     10.42731514	     20.64617215	    -19.26779727	     -9.19276248	     36.40011648	     90.00000001	      0.00000000	      0.00000000	    -13.05972503	     -9.23219326	    -20.17433439	     11.65360851	     90.00000001	      0.00000000	      0.00000000
      1.14000000	      7.14539117	     -4.08723665	     -5.27956694	      0.21958518	      1.00021848	     -0.19571352	    -22.61036216	      2.25677241	     -1.80040384	      7.92008839	      8.99108858	      0.13823162	     13.76947762	      7.77162819	     -7.55717928	     16.22458725	    -13.76935857	    -14.98078201	     10.87928163	     12.30440024	      0.18987928	      0.53537560	     -6.60419537	     -7.55717928	    -19.99998105	     -1.11792386	     10.73406679	     20.91310400	    -19.74086074	     -8.51710833	     37.45364503	     90.00000001	      0.00000000	      0.00000000	    -13.34506926	     -9.07273593	    -22.18444236	     10.91512984	     90.00000001	      0.00000000	      0.00000000
      1.15000000	      6.73791294	     -4.32315314	     -5.58658874	      0.23324588	      0.99741402	     -0.19496092	    -22.80435342	      2.40599111	     -1.48653166	      8.42758347	      8.83949917	      0.14708908	     13.96632399	      7.86391405	     -7.55611110	     16.55564337	    -14.06294057	    -15.32948212	      8.82871470	     12.77981071	      0.15409014	      0.60226359	     -4.95827263	     -7.55611110	    -19.60628629	     -1.07639411	     10.95812832	     21.20214389	    -20.01862991	     -8.16338618	     38.16834841	     90.00000001	      0.00000000	      0.00000000	    -14.02218928	     -9.01043342	    -22.38916080	     10.86356362	     90.00000001	      0.00000000	      0.00000000
      1.16000000	      6.47173180	     -4.41482415	     -5.91462369	      0.24725838	      0.99486610	     -0.19419044	    -23.15418144	      2.36398412	     -1.17286467	      8.91942010	      8.69904859	      0.15567325	     14.07915134	      7.89776906	     -7.55533933	     16.71757506	    -14.18912078	    -15.65347969	      7.19101619	     13.19894253	      0.12550691	      0.71556014	     -3.51885112	     -7.55533933	    -19.32379159	     -1.21870758	     11.17344926	     21.37406459	    -20.25455880	     -7.84588864	     38.82871257	     90.00000001	      0.00000000	      0.00000000	    -14.60935001	     -8.99824331	    -22.66387627	     10.78461273	     90.00000001	      0.00000000	      0.00000000
      1.17000000	      6.64012800	     -4.06722986	     -6.38502403	      0.26187912	      0.99294996	     -0.19398024	    -23.94256252	      1.58974443	     -0.87652720	      9.43166744	      8.78187856	      0.16461365	     14.16552491	      8.04463168	     -7.55282522	     16.38606529	    -13.69660962	    -16.57022369	      6.13278704	     13.29154127	      0.10703733	      1.14087867	     -1.64038996	     -7.55282522	    -19.43007934	     -1.84568408	     11.35931212	     21.40308564	    -20.51475737	     -7.40823463	     39.70662101	     90.00000001	      0.00000000	      0.00000000	    -14.96043046	     -8.92813522	    -23.73060671	     10.43106561	     90.00000001	      0.00000000	      0.00000000
      1.18000000	      6.43188071	     -4.04162429	     -6.73012467	      0.27631333	      0.99066566	     -0.19342833	    -24.24282709	      1.38669723	     -0.49130160	     10.13477113	      8.60825264	      0.17688513	     14.13421672	      7.96983167	     -7.55210092	     16.59495834	    -13.62847367	    -16.56279035	      5.59228487	     13.46486470	      0.09760378	      1.30566155	     -0.90276546	     -7.55210092	    -19.16985695	     -2.10099021	     11.51934995	     21.44540387	    -20.63015832	     -7.26164855	     40.24636747	     90.00000001	      0.00000000	      0.00000000	    -15.42705513	     -8.90699957	    -24.00805267	     10.37454170	     90.00000001	      0.00000000	      0.00000000
      1.19000000	      6.30512554	     -3.98181541	     -6.91121234	      0.29108848	      0.98856923	     -0.19310757	    -24.69998423	      1.19432337	     -0.10486668	     10.69244676	      8.42860684	      0.18661840	     14.00075751	      8.01007902	     -7.55183554	     16.88851489	    -13.47487086	    -16.31706989	      5.79304171	     13.54634895	      0.10110765	      1.29797592	     -0.75967109	     -7.55183554	    -18.96130813	     -2.34397332	     11.49031452	     21.49969497	    -20.61769775	     -7.24519120	     40.52156203	     90.00000001	      0.00000000	      0.00000000	    -15.85458520	     -8.90751341	    -24.07429251	     10.32436343	     90.00000001	      0.00000000	      0.00000000
      1.20000000	      6.46364726	     -3.42080301	     -7.51979375	      0.30611684	      0.98697874	     -0.19297711	    -25.13952747	      0.12432177	      0.22212340	     11.79836173	      8.45646432	      0.20592026	     13.72473640	      7.64063134	     -7.55091413	     16.65831520	    -12.72840587	    -16.55772923	      6.14206588	     13.37833749	      0.10719927	      1.31442971	     -0.87405825	     -7.55091413	    -19.01994789	     -3.23407708	     11.77792394	     21.08730841	    -20.81720334	     -6.96801980	     41.60404785	     90.00000001	      0.00000000	      0.00000000	    -16.08942488	     -8.89057777	    -24.57993967	     10.25401200	     90.00000001	      0.00000000	      0.00000000
      1.21000000	      6.72517142	     -2.66778950	     -7.96767486	      0.32164999	      0.98565020	     -0.19307984	    -25.78556957	     -1.12030526	      0.42990675	     12.65456572	      8.52919559	      0.22086384	     13.54985897	      7.92185781	     -7.54604464	     16.27034557	    -11.66599041	    -16.16831056	      6.53090286	     13.16559688	      0.11398576	      0.60372047	     -1.78585155	     -7.54604464	    -19.09943880	     -4.29137987	     11.74848228	     20.84765379	    -20.76301567	     -6.88628936	     42.10889510	     90.00000001	      0.00000000	      0.00000000	    -15.88285701	     -8.89190698	    -26.87964585	      9.42458902	     90.00000001	      0.00000000	      0.00000000
      1.22000000	      6.79896739	     -2.28274155	     -8.27760862	      0.33707922	      0.98426003	     -0.19296148	    -26.13946462	     -1.75033208	      0.76029168	     13.74284862	      8.31219062	      0.23985796	     12.93303096	      7.66426206	     -7.54538990	     16.36689601	    -11.16099632	    -15.85180421	      7.82970028	     13.07208196	      0.13665405	      0.13262868	     -2.44359471	     -7.54538990	    -19.03541276	     -4.93334996	     11.78497834	     20.43381044	    -20.69575977	     -6.93324185	     42.57607338	     90.00000001	      0.00000000	      0.00000000	    -16.06134220	     -8.95231164	    -26.94069173	      9.45797841	     90.00000001	      0.00000000	      0.00000000
      1.23000000	      6.89068452	     -1.63641013	     -8.64205198	      0.35287977	      0.98309589	     -0.19297151	    -26.40902636	     -2.72669624	      0.98648947	     14.95995131	      8.21087532	      0.26110041	     12.19618632	      7.24622637	     -7.54450200	     16.40348911	    -10.39196474	    -15.55087254	      9.22808011	     12.95482394	      0.16106038	     -0.86051111	     -3.44523493	     -7.54450200	    -18.92111222	     -5.85411048	     11.79715014	     19.83382690	    -20.58176183	     -7.00342102	     43.10583746	     90.00000001	      0.00000000	      0.00000000	    -16.12580987	     -9.04995410	    -27.12177546	      9.37587208	     90.00000001	      0.00000000	      0.00000000
      1.24000000	      7.00521638	     -0.72536165	     -9.02791705	      0.36875843	      0.98224726	     -0.19327765	    -26.51660291	     -4.07224968	      1.12065903	     16.42798925	      8.28147769	      0.28672250	     11.34146788	      6.71724528	     -7.54280352	     16.36136094	     -9.23724522	    -14.82438082	     10.41681245	     12.68887157	      0.18180767	     -2.37286445	     -5.12291432	     -7.54280352	    -18.78966711	     -7.03353689	     11.74772337	     19.16769959	    -20.37425298	     -7.16514590	     43.56898615	     90.00000001	      0.00000000	      0.00000000	    -16.00173544	     -9.19208349	    -27.69142433	      9.12015325	     90.00000001	      0.00000000	      0.00000000
      1.25000000	      7.23103918	     -0.01252588	     -9.18486938	      0.38460641	      0.98200104	     -0.19367655	    -26.61705263	     -5.04790122	      0.95459873	     18.14987822	      8.14242917	      0.31677513	      9.96722776	      6.48382836	     -7.53938955	     16.10946727	     -8.27683156	    -13.31931846	     11.35853422	     12.66535646	      0.19824382	     -4.20233848	     -7.54960095	     -7.53938955	    -18.85120008	     -7.98128036	     11.52054586	     18.56489708	    -20.08511872	     -7.42150371	     43.70232938	     90.00000001	      0.00000000	      0.00000000	    -15.65176616	     -9.30923944	    -28.87745535	      8.79632531	     90.00000001	      0.00000000	      0.00000000
      1.26000000	      7.45394591	      0.53044302	     -9.27591866	      0.40061315	      0.98206630	     -0.19393661	    -26.63133957	     -5.76465834	      0.84298341	     19.97810089	      7.93232224	      0.34868364	      8.14108145	      5.95215187	     -7.53876241	     16.14121916	     -7.66182614	    -12.72258320	     13.22310972	     12.63273408	      0.23078680	     -5.08337903	     -8.11065080	     -7.53876241	    -18.92525496	     -8.73710851	     11.29481017	     17.83121219	    -19.75675865	     -7.65201399	     43.85232562	     90.00000001	      0.00000000	      0.00000000	    -15.46328600	     -9.46232138	    -28.88932903	      8.82924441	     90.00000001	      0.00000000	      0.00000000
      1.27000000	      7.53891788	      1.32004633	     -9.31055806	      0.41671331	      0.98232836	     -0.19454834	    -26.23223408	     -6.76645709	      0.58935499	     22.20592517	      7.88344036	      0.38756651	      6.09895158	      5.07191371	     -7.53782981	     16.33035498	     -6.72436383	    -11.94322028	     15.02166413	     12.52749415	      0.26217750	     -5.97322602	     -9.03122567	     -7.53782981	    -18.81822114	     -9.69172963	     10.94899088	     16.98910231	    -19.34615480	     -7.93468758	     43.89405364	     90.00000001	      0.00000000	      0.00000000	    -15.14025155	     -9.64785761	    -29.05375450	      8.72898384	     90.00000001	      0.00000000	      0.00000000
      1.28000000	      7.66878254	      2.11023385	     -9.28223399	      0.43275717	      0.98303631	     -0.19546824	    -25.65164694	     -7.80186469	      0.28323371	     24.75759542	      7.90507509	      0.43210155	      3.62852391	      4.07820694	     -7.53658590	     16.37592334	     -5.67455466	    -10.76125396	     16.57903828	     12.44505740	      0.28935880	     -6.73631301	    -10.37100292	     -7.53658590	    -18.78707753	    -10.59903257	     10.53451033	     16.16944775	    -18.90746008	     -8.23611379	     43.74726880	     90.00000001	      0.00000000	      0.00000000	    -14.64460191	     -9.81441780	    -29.48178833	      8.58990580	     90.00000001	      0.00000000	      0.00000000
      1.29000000	      8.24747580	      2.49077114	     -9.25733081	      0.44884787	      0.98472231	     -0.19624843	    -25.50304027	     -8.48435434	      0.30628410	     27.25773537	      7.97739063	      0.47573723	      0.77670762	      3.62281712	     -7.53632478	     15.74174731	     -5.06638394	     -9.70940081	     18.03648912	     12.60562312	      0.31479612	     -6.61382883	    -11.04825542	     -7.53632478	    -19.31456246	    -11.11387652	     10.13514488	     15.44177530	    -18.50371680	     -8.44011525	     43.49352689	     90.00000001	      0.00000000	      0.00000000	    -14.14958822	     -9.89547207	    -29.59150973	      8.63027823	     90.00000001	      0.00000000	      0.00000000
      1.30000000	      8.13579602	      3.43917475	     -9.02751936	      0.46465296	      0.98588726	     -0.19745778	    -24.12423185	     -9.55871494	     -0.33473960	     30.55895770	      7.85108098	      0.53335443	     -2.79997565	      1.68856083	     -7.53348924	     15.77862122	     -3.68223234	     -7.88853641	     18.89083509	     12.64531512	      0.32970727	     -7.59031955	    -13.79608938	     -7.53348924	    -19.06499422	    -12.09544701	      9.49834248	     14.53796417	    -17.91504816	     -8.70241736	     42.97553692	     90.00000001	      0.00000000	      0.00000000	    -13.24181417	    -10.15997389	    -31.07682265	      8.16999760	     90.00000001	      0.00000000	      0.00000000
      1.31000000	      8.51773383	      3.90107920	     -8.87307516	      0.48052560	      0.98785987	     -0.19855016	    -23.24156788	    -10.23179388	     -0.70204016	     33.72281858	      7.63141255	      0.58857422	     -6.52132502	      0.80624659	     -7.53307487	     15.15429663	     -2.81796326	     -7.09214193	     19.96336862	     12.61508769	      0.34842651	     -7.00378755	    -14.15903271	     -7.53307487	    -19.40744435	    -12.59287347	      8.97872950	     13.69303938	    -17.46025363	     -8.76982315	     42.49945674	     90.00000001	      0.00000000	      0.00000000	    -12.57768991	    -10.27146995	    -31.12997329	      8.28609297	     90.00000001	      0.00000000	      0.00000000
      1.32000000	      8.45567266	      4.51946376	     -8.59878525	      0.49578041	      0.98938912	     -0.20012895	    -21.56526473	    -11.09736534	     -0.80970728	     37.31949349	      7.73635866	      0.65134804	    -10.18413374	     -0.93565258	     -7.53186687	     14.97458263	     -1.72353133	     -6.29054847	     20.83117091	     12.45453092	      0.36357252	     -6.64524871	    -14.67872184	     -7.53186687	    -19.32012614	    -13.12391662	      8.31102432	     12.92331943	    -16.92339604	     -8.92681813	     41.76292228	     90.00000001	      0.00000000	      0.00000000	    -11.78928791	    -10.37956606	    -31.44575044	      8.34482790	     90.00000001	      0.00000000	      0.00000000
      1.33000000	      8.58795726	      4.93403466	     -8.35760652	      0.51087220	      0.99135031	     -0.20156596	    -19.98463347	    -11.73119470	     -0.94633047	     40.87310327	      7.56887958	      0.71337023	    -13.89933586	     -2.29477124	     -7.53095487	     14.35189859	     -0.81961021	     -5.73748967	     21.38526786	     12.28139278	      0.37324334	     -5.96888680	    -14.83713384	     -7.53095487	    -19.48246969	    -13.45506764	      7.68519691	     12.18930517	    -16.42681055	     -8.95478605	     40.98055489	     90.00000001	      0.00000000	      0.00000000	    -10.95585900	    -10.44751955	    -31.60920162	      8.51987470	     90.00000001	      0.00000000	      0.00000000
      1.34000000	      8.64367451	      5.25948609	     -8.16219730	      0.52557040	      0.99328118	     -0.20295049	    -18.14858705	    -12.27311085	     -0.92899860	     44.48842486	      7.34415865	      0.77646949	    -17.31499149	     -3.66313558	     -7.52980861	     13.70934472	     -0.02397030	     -5.49963879	     21.80901515	     12.01765033	      0.38063912	     -5.09941748	    -14.68204216	     -7.52980861	    -19.58673810	    -13.66976445	      7.11494388	     11.51537459	    -15.92276682	     -8.96627688	     40.06204245	     90.00000001	      0.00000000	      0.00000000	    -10.09518202	    -10.48885821	    -31.59696479	      8.80777418	     90.00000001	      0.00000000	      0.00000000
      1.35000000	      8.68533703	      5.48344088	     -8.01791715	      0.53994872	      0.99525495	     -0.20421341	    -16.17293095	    -12.69796762	     -0.84784240	     48.05130980	      7.01106524	      0.83865357	    -20.29191962	     -5.00510079	     -7.52874774	     12.94549569	      0.63381158	     -5.42767875	     22.02852422	     11.74943154	      0.38447028	     -4.16275064	    -14.39748849	     -7.52874774	    -19.69192036	    -13.77625248	      6.60032786	     10.90529172	    -15.42490047	     -8.95108999	     39.03289221	     90.00000001	      0.00000000	      0.00000000	     -9.19221950	    -10.51142191	    -31.51024036	      9.16399976	     90.00000001	      0.00000000	      0.00000000
      1.36000000	      8.87366789	      5.50788570	     -8.00289086	      0.55414584	      0.99751935	     -0.20513845	    -14.29631303	    -12.88358201	     -0.82183177	     51.39206108	      6.40302777	      0.89696068	    -22.57973707	     -5.86833345	     -7.52814173	     11.82544102	      1.01697186	     -5.44685357	     21.96993390	     11.59564460	      0.38344768	     -3.04001134	    -13.99908836	     -7.52814173	    -19.95391374	    -13.71160496	      6.22070650	     10.34079126	    -14.95675427	     -8.81628015	     37.93041676	     90.00000001	      0.00000000	      0.00000000	     -8.24596618	    -10.50792551	    -31.30148702	      9.56402066	     90.00000001	      0.00000000	      0.00000000
      1.37000000	      8.67071565	      5.62948047	     -7.90926958	      0.56776972	      0.99923193	     -0.20626222	    -11.85835192	    -13.15601828	     -0.50014741	     54.76206983	      6.14516081	      0.95577842	    -24.31456875	     -7.82425493	     -7.52705679	     11.24528592	      1.46599500	     -5.67147693	     22.08415947	     11.29668511	      0.38544130	     -2.19689759	    -13.48007005	     -7.52705679	    -19.83013608	    -13.67022399	      5.78911933	      9.86485372	    -14.39397321	     -9.01756405	     36.62728828	     90.00000001	      0.00000000	      0.00000000	     -7.25922032	    -10.52110021	    -31.08041697	     10.02099258	     90.00000001	      0.00000000	      0.00000000
      1.38000000	      9.14315565	      5.29736407	     -7.68059067	      0.58156220	      1.00200467	     -0.20730441	    -10.48229479	    -12.91043149	     -0.37133140	     57.40683093	      5.83079700	      1.00193821	    -24.54556207	     -8.08279336	     -7.52674089	      9.72586224	      1.47672141	     -5.70770554	     21.99025063	     11.13571276	      0.38380228	     -1.46356858	    -12.98951161	     -7.52674089	    -20.52907228	    -13.14963819	      5.23814994	      9.28343210	    -13.99650540	     -8.91502998	     35.84180746	     90.00000001	      0.00000000	      0.00000000	     -6.21867367	    -10.47114003	    -30.85352094	     10.60248144	     90.00000001	      0.00000000	      0.00000000
      1.39000000	      8.95518082	      5.26594464	     -8.02458611	      0.59509708	      1.00386127	     -0.20731362	     -7.87376194	    -12.91209957	     -0.60820016	     60.33265772	      4.64708488	      1.05300352	    -25.00821135	     -9.95518779	     -7.52619596	      8.69158971	      1.52246271	     -5.97188000	     21.33243947	     11.25594890	      0.37232131	     -0.12066250	    -12.28276614	     -7.52619596	    -20.27163704	    -13.10183764	      5.27537370	      8.92485123	    -13.41477590	     -8.91545312	     33.99614546	     90.00000001	      0.00000000	      0.00000000	     -5.13843503	    -10.56189053	    -30.43201580	     10.91889126	     90.00000001	      0.00000000	      0.00000000
      1.40000000	      8.61259967	      5.10071717	     -7.94452045	      0.60806498	      1.00557337	     -0.20806856	     -5.29402589	    -12.73646618	     -0.24476809	     62.86958428	      4.49807979	      1.09728125	    -25.09627922	    -12.39495938	     -7.52510454	      8.13222367	      1.48191956	     -6.38451388	     21.30576382	     11.10179897	      0.37185573	      0.70913650	    -11.37879402	     -7.52510454	    -20.03662837	    -12.72331016	      4.97523386	      8.64544860	    -12.78181849	     -9.65390053	     32.26150492	     90.00000001	      0.00000000	      0.00000000	     -4.03101054	    -10.61584806	    -29.89494040	     11.44787644	     90.00000001	      0.00000000	      0.00000000
      1.41000000	      8.65186410	      4.73173601	     -7.92037942	      0.62133096	      1.00790770	     -0.20857798	     -3.28921604	    -12.33033735	     -0.33270105	     64.87776270	      3.98750165	      1.13233057	    -24.21257114	    -13.85572027	     -7.52413334	      6.90138224	      1.22266531	     -6.56244758	     20.83870658	     11.15097246	      0.36370404	      1.62162345	    -10.47414842	     -7.52413334	    -20.18902646	    -12.17639868	      4.72982882	      8.27889019	    -12.28284069	     -9.97243588	     30.69567969	     90.00000001	      0.00000000	      0.00000000	     -2.88017683	    -10.66774180	    -29.35654850	     11.93626431	     90.00000001	      0.00000000	      0.00000000
      1.42000000	      8.74329924	      4.35988119	     -7.84110601	      0.63469889	      1.01030382	     -0.20923235	     -1.43491071	    -11.94314742	     -0.66250173	     66.51614279	      3.43781598	      1.16092570	    -22.65060818	    -14.82904407	     -7.52364584	      5.54328020	      0.98124815	     -6.60632688	     20.20073943	     11.23420438	      0.35256941	      2.36933788	     -9.77192874	     -7.52364584	    -20.38823259	    -11.58919241	      4.44126411	      7.78774893	    -11.86841451	    -10.05892638	     29.29732035	     90.00000001	      0.00000000	      0.00000000	     -1.69350377	    -10.72019388	    -28.92540771	     12.39923410	     90.00000001	      0.00000000	      0.00000000
      1.43000000	      8.79528194	      3.99338519	     -7.68269223	      0.64805471	      1.01260481	     -0.21009387	      0.38754427	    -11.56881241	     -1.08429312	     67.82452835	      2.97677512	      1.18376133	    -20.87615470	    -15.75089632	     -7.52327117	      4.23802536	      0.76311849	     -6.58949928	     19.55730547	     11.28137984	      0.34133937	      3.00644993	     -9.12053477	     -7.52327117	    -20.54106765	    -10.95880869	      4.10690642	      7.28421555	    -11.48342711	    -10.22675275	     27.88430467	     90.00000001	      0.00000000	      0.00000000	     -0.47809482	    -10.78522637	    -28.50161073	     12.89664998	     90.00000001	      0.00000000	      0.00000000
      1.44000000	      8.75765421	      3.60345553	     -7.45686370	      0.66131617	      1.01479865	     -0.21112670	      2.25488155	    -11.19285522	     -1.59718609	     68.79739024	      2.60888696	      1.20074098	    -19.18612536	    -16.53029392	     -7.52284795	      3.00298584	      0.50984347	     -6.37982545	     18.80013063	     11.36754554	      0.32812418	      3.66411095	     -8.41307527	     -7.52284795	    -20.60661635	    -10.25463857	      3.71945770	      6.90739885	    -11.04573569	    -10.69800251	     26.17742140	     90.00000001	      0.00000000	      0.00000000	      0.71490067	    -10.83444764	    -27.95951730	     13.40654093	     90.00000001	      0.00000000	      0.00000000
      1.45000000	      8.76629471	      3.13760918	     -7.02971058	      0.67459630	      1.01701791	     -0.21238131	      3.91754739	    -10.72077991	     -2.36075903	     69.36507838	      2.23651179	      1.21064900	    -17.57606044	    -17.05110882	     -7.52200628	      1.72147108	      0.21683295	     -5.90269328	     18.01212183	     11.40156728	      0.31437083	      4.25582345	     -7.79341731	     -7.52200628	    -20.75236276	     -9.40685259	      3.19205347	      6.78225902	    -10.52164300	    -12.12095740	     24.01262215	     90.00000001	      0.00000000	      0.00000000	      1.80614799	    -10.92182533	    -26.95499749	     14.21565800	     90.00000001	      0.00000000	      0.00000000
      1.46000000	      8.74776793	      2.81369876	     -6.75911578	      0.68787466	      1.01887350	     -0.21372023	      5.62191020	    -10.43978662	     -2.85547693	     69.68554149	      2.05097697	      1.21624214	    -15.72955599	    -17.52964341	     -7.52169183	      0.50991142	      0.09467501	     -5.81653224	     17.30138108	     11.31735709	      0.30196607	      4.68897361	     -7.26160623	     -7.52169183	    -20.82030866	     -8.72246341	      2.78133472	      6.11038404	    -10.27495804	    -12.11582943	     22.85052569	     90.00000001	      0.00000000	      0.00000000	      2.99580517	    -10.98240136	    -26.51579174	     14.89138832	     90.00000001	      0.00000000	      0.00000000
      1.47000000	      8.92853554	      2.35741565	     -6.20148207	      0.70147512	      1.02101877	     -0.21529811	      6.83825189	    -10.07458972	     -3.72752044	     69.48507216	      1.90977031	      1.21274329	    -14.19212692	    -17.62587940	     -7.52087803	     -1.11408758	     -0.15187220	     -5.00868731	     16.13380382	     11.36956876	      0.28158800	      5.21848266	     -6.75757319	     -7.52087803	    -21.10850541	     -7.82713131	      2.12111111	      5.93517132	     -9.86981774	    -13.42315705	     20.74156495	     90.00000001	      0.00000000	      0.00000000	      3.90518989	    -11.08792366	    -25.20665213	     16.03392894	     90.00000001	      0.00000000	      0.00000000
      1.48000000	      8.98460150	      2.02174822	     -5.77552318	      0.71496538	      1.02261207	     -0.21676689	      8.21336474	     -9.79264460	     -4.28095986	     69.09161383	      1.93392152	      1.20587615	    -12.62853627	    -17.75793376	     -7.52016707	     -2.54837950	     -0.30577047	     -4.52027366	     15.06653297	     11.37146895	      0.26296061	      5.63430320	     -6.35581781	     -7.52016707	    -21.22621792	     -7.08712698	      1.57792035	      5.42699197	     -9.59565897	    -13.99189094	     19.21782817	     90.00000001	      0.00000000	      0.00000000	      4.83593544	    -11.23468383	    -24.10103240	     17.17144407	     90.00000001	      0.00000000	      0.00000000
      1.49000000	      9.10583808	      1.69479492	     -5.32742049	      0.72852438	      1.02404312	     -0.21827298	      9.39643095	     -9.53694409	     -4.76546623	     68.35423271	      2.12657390	      1.19300642	    -11.12031508	    -17.86606325	     -7.51944717	     -4.07977712	     -0.45878516	     -4.03504768	     13.95598621	     11.36069346	      0.24357791	      6.00214638	     -5.96981151	     -7.51944717	    -21.40872505	     -6.35115976	      1.02508731	      4.90281128	     -9.32566702	    -14.68388202	     17.75775851	     90.00000001	      0.00000000	      0.00000000	      5.68723018	    -11.39125483	    -22.91405812	     18.50710414	     90.00000001	      0.00000000	      0.00000000
      1.50000000	      9.28039414	      1.38615004	     -4.87436768	      0.74210830	      1.02525700	     -0.21967403	     10.42149850	     -9.24924008	     -5.24278406	     67.29291881	      2.30533405	      1.17448300	     -9.71687801	    -17.89079924	     -7.51833123	     -5.68915406	     -0.61169556	     -3.54289707	     12.79174351	     11.33865096	      0.22325804	      6.14911711	     -5.94155509	     -7.51833123	    -21.63122609	     -5.64481775	      0.50003797	      4.35936826	     -9.06922901	    -15.71290023	     16.38275674	     90.00000001	      0.00000000	      0.00000000	      6.41569677	    -11.65440010	    -21.23625303	     20.12672204	     90.00000001	      0.00000000	      0.00000000
      1.51000000	      9.37146166	      1.12705191	     -4.46232086	      0.75559784	      1.02601475	     -0.22094327	     11.46195880	     -8.98940245	     -5.37357212	     65.96663844	      2.80180651	      1.15133504	     -8.29414036	    -17.88367873	     -7.51751136	     -7.16268896	     -0.76245662	     -3.15522618	     11.71186114	     11.32937340	      0.20441054	      6.53569242	     -5.51091919	     -7.51751136	    -21.76007569	     -5.01105183	     -0.02766348	      3.72408962	     -8.84336193	    -16.21949765	     15.21741798	     90.00000001	      0.00000000	      0.00000000	      7.23241588	    -11.93423631	    -20.22074840	     21.59093515	     90.00000001	      0.00000000	      0.00000000
      1.52000000	      9.18052334	      0.96188441	     -4.10348170	      0.76887569	      1.02598994	     -0.22217468	     12.81742305	     -8.77394718	     -5.40560910	     64.48431013	      3.29704250	      1.12546353	     -6.82835165	    -17.79640617	     -7.51718151	     -8.19683789	     -0.85616813	     -2.94634334	     10.88596531	     11.29902670	      0.18999594	      7.03891318	     -4.86647957	     -7.51718151	    -21.57493412	     -4.47367742	     -0.48751960	      2.91553449	     -8.65306474	    -16.30415187	     14.33611731	     90.00000001	      0.00000000	      0.00000000	      8.19404942	    -12.17957942	    -19.70932124	     22.81709909	     90.00000001	      0.00000000	      0.00000000
      1.53000000	      9.47317134	      0.58875161	     -3.67617952	      0.78259802	      1.02645338	     -0.22318977	     13.30129345	     -8.34722778	     -5.24513346	     62.39079531	      4.13557004	      1.08892480	     -5.67450024	    -17.60299476	     -7.51659328	     -9.91523992	     -1.19524334	     -2.53225288	      9.78759867	     11.32612902	      0.17082582	      7.46425103	     -4.34733624	     -7.51659328	    -21.90612608	     -3.74921251	     -0.95970537	      2.26611322	     -8.43810745	    -17.11109673	     13.27187105	     90.00000001	      0.00000000	      0.00000000	      8.79080992	    -12.58038500	    -18.17827408	     24.69554822	     90.00000001	      0.00000000	      0.00000000
      1.54000000	      9.53779429	      0.33336420	     -3.29019711	      0.79607073	      1.02620060	     -0.22401123	     14.03828190	     -7.95441085	     -5.20335547	     60.13185908	      4.71864308	      1.04949893	     -4.46488611	    -17.38557799	     -7.51592324	    -11.24671786	     -1.46262839	     -2.15137570	      8.91667635	     11.37713098	      0.15562536	      7.79768748	     -4.07815191	     -7.51592324	    -21.99673592	     -3.16589969	     -1.37416674	      1.53566620	     -8.21394365	    -17.88752053	     12.39612597	     90.00000001	      0.00000000	      0.00000000	      9.48069030	    -13.04805364	    -16.75704586	     26.43344404	     90.00000001	      0.00000000	      0.00000000
      1.55000000	      9.52647374	      0.13546209	     -2.92778278	      0.80952295	      1.02550343	     -0.22470546	     14.76880713	     -7.61031819	     -5.01807189	     57.61658002	      5.39964277	      1.00559903	     -3.36477758	    -17.11054834	     -7.51524238	    -12.43000692	     -1.69618843	     -1.76548537	      8.16445450	     11.42646133	      0.14249661	      8.20404759	     -3.76117191	     -7.51524238	    -21.99555963	     -2.66422037	     -1.77824878	      0.76396767	     -7.97798929	    -18.50960643	     11.65102020	     90.00000001	      0.00000000	      0.00000000	     10.22621165	    -13.53309992	    -15.59758645	     28.04660935	     90.00000001	      0.00000000	      0.00000000
      1.56000000	      9.48881093	     -0.03170089	     -2.58669978	      0.82293941	      1.02446545	     -0.22525793	     15.41830174	     -7.27726962	     -4.76092328	     54.81264173	      6.09681260	      0.95666107	     -2.40908013	    -16.78530543	     -7.51459509	    -13.51234156	     -1.91378644	     -1.41261810	      7.54704859	     11.47000673	      0.13172085	      8.67503437	     -3.41716734	     -7.51459509	    -21.97016139	     -2.21230377	     -2.15243224	     -0.04416256	     -7.74562689	    -19.04450499	     11.02890946	     90.00000001	      0.00000000	      0.00000000	     10.99459656	    -14.04676261	    -14.49884346	     29.62755624	     90.00000001	      0.00000000	      0.00000000
      1.57000000	      9.40388638	     -0.12576309	     -2.27672174	      0.83638263	      1.02301479	     -0.22571615	     16.03006393	     -7.01470397	     -4.45908388	     51.77761278	      6.76570049	      0.90368982	     -1.58362597	    -16.33540673	     -7.51409853	    -14.46179067	     -2.04371188	     -1.14262969	      7.11112951	     11.47172486	      0.12411262	      9.23373026	     -3.00016592	     -7.51409853	    -21.88026344	     -1.85727795	     -2.51795022	     -0.90332865	     -7.51049461	    -19.41319795	     10.53462087	     90.00000001	      0.00000000	      0.00000000	     11.78776219	    -14.58319784	    -13.52610660	     31.12287067	     90.00000001	      0.00000000	      0.00000000
      1.58000000	      9.00980502	      0.01157675	     -2.04525572	      0.84952392	      1.02087025	     -0.22621212	     17.02220562	     -6.97336756	     -4.32479294	     48.69200550	      7.14023002	      0.84983582	     -0.87811812	    -15.66840340	     -7.51386459	    -14.89471625	     -1.83567239	     -1.00021175	      6.99178213	     11.26514976	      0.12202962	      9.81098551	     -2.62457467	     -7.51386459	    -21.47410957	     -1.74610307	     -2.88698453	     -1.83348512	     -7.27797476	    -19.50035299	     10.27354416	     90.00000001	      0.00000000	      0.00000000	     12.73331268	    -15.06199995	    -13.01039810	     32.24999651	     90.00000001	      0.00000000	      0.00000000
      1.59000000	      9.28201498	     -0.32820889	     -1.72801617	      0.86345175	      1.01943554	     -0.22609547	     16.83428389	     -6.39288839	     -4.27644297	     44.92258477	      7.60268302	      0.78404701	     -0.44662695	    -15.46105698	     -7.51325999	    -16.31662501	     -2.37911298	     -0.72640061	      6.46870584	     11.51810784	      0.11290022	     10.40133717	     -2.18637020	     -7.51325999	    -21.73850624	     -1.20418204	     -3.10845316	     -2.63337764	     -7.04684092	    -20.19911478	      9.74197380	     90.00000001	      0.00000000	      0.00000000	     13.34571015	    -15.78411597	    -11.39435403	     34.06113269	     90.00000001	      0.00000000	      0.00000000
      1.60000000	      9.18383959	     -0.36476183	     -1.49004424	      0.87703522	      1.01724844	     -0.22626942	     17.12933034	     -6.15754806	     -4.39366939	     41.21810525	      7.81086969	      0.71939165	     -0.01622820	    -14.89034993	     -7.51272454	    -17.14642286	     -2.46096304	     -0.59471360	      6.27745277	     11.50243066	      0.10956222	     11.02152192	     -1.81048514	     -7.51272454	    -21.63329398	     -0.95438866	     -3.38109885	     -3.46508555	     -6.83545584	    -20.58493079	      9.38659315	     90.00000001	      0.00000000	      0.00000000	     14.15895768	    -16.36334070	    -10.47262317	     35.41469575	     90.00000001	      0.00000000	      0.00000000
      1.61000000	      8.67953772	     -0.00625394	     -1.42101868	      0.89028582	      1.01424540	     -0.22643238	     18.02247644	     -6.29668147	     -4.66086454	     37.72718420	      7.69591751	      0.65846358	      0.30095139	    -13.99229758	     -7.51253937	    -17.37140756	     -1.96711231	     -0.57337940	      6.38280348	     11.22288646	      0.11140094	     11.58601815	     -1.55842878	     -7.51253937	    -21.09404380	     -1.15950739	     -3.66342293	     -4.38660578	     -6.58509083	    -20.61964038	      9.26688987	     90.00000001	      0.00000000	      0.00000000	     15.08347460	    -16.87625398	    -10.08930421	     36.38058734	     90.00000001	      0.00000000	      0.00000000
      1.62000000	      8.93845358	     -0.32454375	     -1.09609749	      0.90450553	      1.01218217	     -0.22625411	     17.52031048	     -5.79997838	     -5.25937839	     33.53116816	      7.80235303	      0.58522929	      0.74545731	    -13.16730358	     -7.51210029	    -18.66901657	     -2.49352374	     -0.45232406	      6.14604593	     11.41228130	      0.10726874	     12.30052667	     -0.99433341	     -7.51210029	    -21.32727738	     -0.64099210	     -3.86142634	     -5.24488006	     -6.37347770	    -20.96198372	      8.90543827	     90.00000001	      0.00000000	      0.00000000	     15.69991610	    -17.57808469	     -8.75209665	     37.97116392	     90.00000001	      0.00000000	      0.00000000
      1.63000000	      8.87763605	     -0.40509455	     -0.82555703	      0.91819627	      1.00954265	     -0.22627276	     17.48231841	     -5.51679742	     -6.12938542	     29.54081642	      7.59825722	      0.51558451	      1.08524032	    -12.00365274	     -7.51160758	    -19.45966609	     -2.69479865	     -0.48078703	      6.15499317	     11.47386560	      0.10742490	     12.99634489	     -0.50304685	     -7.51160758	    -21.27755129	     -0.35453471	     -4.13595277	     -6.03547867	     -6.18632273	    -21.21942012	      8.71602299	     90.00000001	      0.00000000	      0.00000000	     16.48459691	    -18.15104913	     -7.92847520	     39.21825211	     90.00000001	      0.00000000	      0.00000000
      1.64000000	      8.36123624	     -0.02484698	     -0.73920402	      0.93163532	      1.00610893	     -0.22646217	     18.12688384	     -5.78105213	     -6.83537935	     25.96097310	      7.53949092	      0.45310446	      1.33594614	    -10.74957936	     -7.51141166	    -19.62659878	     -2.21462351	     -0.44062432	      6.39476899	     11.24708373	      0.11160977	     13.60206087	     -0.24831446	     -7.51141166	    -20.73996234	     -0.57704853	     -4.40124853	     -6.89604984	     -5.96899571	    -21.24271870	      8.67904489	     90.00000001	      0.00000000	      0.00000000	     17.29424444	    -18.63189096	     -7.49003437	     40.18225207	     90.00000001	      0.00000000	      0.00000000
      1.65000000	      8.65560370	     -0.30146256	     -0.33277170	      0.94600266	      1.00366733	     -0.22634948	     17.44914210	     -5.38137466	     -8.20607386	     21.99207751	      7.48377198	      0.38383416	      1.91317256	     -9.02127461	     -7.51099374	    -20.86500047	     -2.74734250	     -0.47317774	      6.38199506	     11.43510103	      0.11138683	     14.29790713	      0.37448514	     -7.51099374	    -21.02489313	     -0.07755453	     -4.71828735	     -7.64855188	     -5.81706641	    -21.49073750	      8.50396036	     90.00000001	      0.00000000	      0.00000000	     17.87201129	    -19.30349606	     -6.46373058	     41.60734461	     90.00000001	      0.00000000	      0.00000000
      1.66000000	      8.45980706	     -0.16653358	     -0.10301097	      0.96003585	      1.00045521	     -0.22633708	     17.54648460	     -5.48447103	     -9.34519959	     18.62637804	      7.66846594	      0.32509162	      2.32122846	     -7.39971128	     -7.51065939	    -21.42111693	     -2.68746017	     -0.47464441	      6.63977119	     11.39359702	      0.11588587	     14.94172697	      0.79672690	     -7.51065939	    -20.79701492	     -0.04027051	     -5.02671340	     -8.40499991	     -5.62848140	    -21.64230421	      8.45910226	     90.00000001	      0.00000000	      0.00000000	     18.50739620	    -19.85276636	     -5.91213365	     42.66941178	     90.00000001	      0.00000000	      0.00000000
      1.67000000	      8.39733487	     -0.18570911	      0.22908581	      0.97438685	      0.99737233	     -0.22631481	     17.45207887	     -5.44050333	    -10.69479582	     15.53469128	      7.88860224	      0.27113151	      2.69062435	     -5.50555793	     -7.51017761	    -22.15961948	     -2.88582788	     -0.54072765	      6.86315940	     11.45281212	      0.11978473	     15.56547741	      1.39761096	     -7.51017761	    -20.69537791	      0.18740970	     -5.37395729	     -9.11768714	     -5.48283563	    -21.95204954	      8.45845464	     90.00000001	      0.00000000	      0.00000000	     19.04174345	    -20.38872043	     -5.30591060	     43.79617439	     90.00000001	      0.00000000	      0.00000000
      1.68000000	      8.25913776	     -0.02189279	      0.50965552	      0.98879373	      0.99412240	     -0.22647307	     17.52810561	     -5.69128846	    -11.74919782	     12.96352518	      8.40910661	      0.22625620	      3.09805959	     -3.99669234	     -7.50982992	    -22.74666211	     -2.80750304	     -0.49485199	      7.22990787	     11.36885860	      0.12618570	     16.10688635	      1.80099596	     -7.50982992	    -20.51139956	      0.22631361	     -5.72248382	     -9.77543573	     -5.36736278	    -22.17435012	      8.42585811	     90.00000001	      0.00000000	      0.00000000	     19.51269320	    -20.87665868	     -4.79851859	     44.86285097	     90.00000001	      0.00000000	      0.00000000
      1.69000000	      8.11044652	      0.10020618	      0.81026272	      1.00334081	      0.99091983	     -0.22654594	     17.66609029	     -5.88992773	    -12.68839466	     10.87847906	      8.93216074	      0.18986528	      3.40555273	     -2.60882677	     -7.50951503	    -23.30976086	     -2.82724323	     -0.40300402	      7.63046772	     11.35472050	      0.13317679	     16.58387452	      2.16827863	     -7.50951503	    -20.30967307	      0.30763839	     -6.08015088	    -10.37825546	     -5.26820846	    -22.44397294	      8.43519869	     90.00000001	      0.00000000	      0.00000000	     19.92195121	    -21.32245141	     -4.38420848	     45.85793104	     90.00000001	      0.00000000	      0.00000000
      1.70000000	      7.82781244	      0.28063437	      1.05891011	      1.01797401	      0.98762931	     -0.22657205	     18.02967211	     -6.12592899	    -13.25003978	      9.31358546	      9.43131945	      0.16255273	      3.56823846	     -1.59726825	     -7.50934507	    -23.69148750	     -2.76006552	     -0.18894330	      8.10574790	     11.30924537	      0.14147199	     16.96121368	      2.34444856	     -7.50934507	    -19.95760423	      0.31005619	     -6.40353232	    -10.94471780	     -5.18754321	    -22.64798812	      8.52245253	     90.00000001	      0.00000000	      0.00000000	     20.26729193	    -21.68592201	     -4.13322046	     46.69301586	     90.00000001	      0.00000000	      0.00000000
      1.71000000	      7.77988230	      0.22743256	      1.39957516	      1.03295787	      0.98477342	     -0.22652648	     18.11513755	     -6.09225279	    -13.82247877	      8.21077999	      9.81218995	      0.14330514	      3.78225904	     -0.67892543	     -7.50912467	    -24.32240997	     -3.01927190	      0.02803445	      8.62198866	     11.30446277	      0.15048209	     17.22850770	      2.59267914	     -7.50912467	    -19.83810032	      0.58202544	     -6.74276316	    -11.37713665	     -5.14542127	    -22.98914522	      8.47430828	     90.00000001	      0.00000000	      0.00000000	     20.46048898	    -22.06710413	     -3.82118532	     47.62739067	     90.00000001	      0.00000000	      0.00000000
      1.72000000	      7.58888096	      0.20676261	      1.69163832	      1.04802391	      0.98191203	     -0.22647659	     18.42851044	     -6.02838885	    -14.00248582	      7.60984249	     10.00674275	      0.13281681	      3.88315890	     -0.08691032	     -7.50897358	    -24.73959758	     -3.22592218	      0.31522029	      9.24985365	     11.29318646	      0.16144040	     17.41199467	      2.68853884	     -7.50897358	    -19.56758733	      0.81609049	     -7.05220139	    -11.77510659	     -5.14354388	    -23.24817287	      8.52061704	     90.00000001	      0.00000000	      0.00000000	     20.58637352	    -22.34035900	     -3.68308110	     48.37679342	     90.00000001	      0.00000000	      0.00000000
      1.73000000	      7.41863146	      0.14746455	      1.86015147	      1.06314759	      0.97927083	     -0.22633817	     18.85032878	     -5.88252427	    -13.86740464	      7.65811040	     10.08681554	      0.13365924	      3.86213858	      0.10689801	     -7.50890102	    -25.17664183	     -3.39936856	      0.68466369	      9.87654885	     11.22336286	      0.17237830	     17.35579173	      2.75934686	     -7.50890102	    -19.31619189	      1.06492920	     -7.17615737	    -12.11992112	     -5.19516286	    -23.34922421	      8.56459878	     90.00000001	      0.00000000	      0.00000000	     20.76522478	    -22.44536417	     -3.66997957	     48.85680932	     90.00000001	      0.00000000	      0.00000000
      1.74000000	      7.28946499	     -0.01439246	      2.14661160	      1.07856327	      0.97693912	     -0.22606594	     19.14163564	     -5.58691241	    -13.60874486	      7.95483630	     10.00572553	      0.13883808	      3.72305795	      0.22636659	     -7.50881793	    -25.56293331	     -3.77558671	      1.12987225	     10.68727283	     11.21144431	      0.18652810	     17.24295053	      2.74514964	     -7.50881793	    -19.09136136	      1.43695245	     -7.44357431	    -12.36509414	     -5.23029720	    -23.50765048	      8.61103170	     90.00000001	      0.00000000	      0.00000000	     20.68641543	    -22.61864245	     -3.65811020	     49.45107043	     90.00000001	      0.00000000	      0.00000000
      1.75000000	      7.18667065	     -0.46040539	      2.57078466	      1.09424408	      0.97488787	     -0.22561055	     19.40588614	     -4.99082044	    -13.62722760	      8.68880601	      9.75887443	      0.15164827	      3.22572856	     -0.05771208	     -7.50867033	    -25.83564471	     -4.60494972	      1.43684145	     11.79347442	     11.35025914	      0.20583496	     16.97935307	      2.53508694	     -7.50867033	    -18.86391140	      2.12544618	     -7.80691994	    -12.42869399	     -5.30580842	    -23.83555411	      8.49264688	     90.00000001	      0.00000000	      0.00000000	     20.28768151	    -22.85012983	     -3.70615183	     50.33453521	     90.00000001	      0.00000000	      0.00000000
      1.76000000	      7.07651104	     -1.08640176	      2.95344476	      1.11022112	      0.97319311	     -0.22512870	     19.56795301	     -4.16812378	    -13.19605341	      9.43993390	      9.49611818	      0.16475793	      2.25209012	     -0.95768785	     -7.50825570	    -26.05986257	     -5.60675973	      1.68515117	     12.97514612	     11.49264332	      0.22645902	     16.71269891	      2.69588815	     -7.50825570	    -18.58952974	      3.02242449	     -8.02088777	    -12.30571429	     -5.46026173	    -24.80985201	      8.12962476	     90.00000001	      0.00000000	      0.00000000	     19.94825988	    -22.85240616	     -3.87762627	     50.73993968	     90.00000001	      0.00000000	      0.00000000
      1.77000000	      6.95144589	     -1.49477376	      3.17317730	      1.12617315	      0.97180173	     -0.22468070	     19.94060781	     -3.66193681	    -12.86714351	     10.86971012	      9.31142561	      0.18971223	      1.16207910	     -1.67643996	     -7.50808701	    -26.22783705	     -6.23169280	      1.98719687	     14.19818698	     11.49011814	      0.24780511	     15.96197172	      2.45120020	     -7.50808701	    -18.33052661	      3.65946471	     -8.16012735	    -12.29106981	     -5.62276238	    -24.96215787	      8.12586605	     90.00000001	      0.00000000	      0.00000000	     19.50750485	    -22.79671141	     -4.10587744	     51.08883481	     90.00000001	      0.00000000	      0.00000000
      1.78000000	      6.90030830	     -1.94366185	      3.36132435	      1.14227359	      0.97096779	     -0.22410994	     20.21023204	     -3.12245454	    -12.54604457	     12.44846564	      9.10159895	      0.21726671	     -0.18611934	     -2.36677657	     -7.50796495	    -26.38496004	     -6.91256517	      2.28220685	     15.55460096	     11.55750738	      0.27147900	     14.89753568	      2.11648672	     -7.50796495	    -18.14913956	      4.33246876	     -8.24322227	    -12.20945540	     -5.79169705	    -25.05786404	      8.14760470	     90.00000001	      0.00000000	      0.00000000	     19.02498168	    -22.67949173	     -4.40582674	     51.29128269	     90.00000001	      0.00000000	      0.00000000
      1.79000000	      6.82355512	     -2.55082229	      3.54509155	      1.15855719	      0.97062624	     -0.22347505	     20.48975261	     -2.45701242	    -12.32420207	     14.16487702	      8.89216453	      0.24722374	     -1.74885384	     -3.37267519	     -7.50783625	    -26.38827867	     -7.73811341	      2.44715734	     17.12056475	     11.59477642	      0.29881022	     13.49455869	      1.51946237	     -7.50783625	    -17.91982180	      5.17082654	     -8.30065206	    -11.99344275	     -5.99662067	    -25.18018577	      8.10782763	     90.00000001	      0.00000000	      0.00000000	     18.39273604	    -22.45704462	     -4.78419858	     51.36609924	     90.00000001	      0.00000000	      0.00000000
      1.80000000	      6.73386771	     -3.45260332	      3.67666967	      1.17475260	      0.97095442	     -0.22262587	     20.41415897	     -1.34653799	    -10.67199941	     14.99724720	      8.91987060	      0.26175134	     -4.52070548	     -7.41752870	     -7.50713607	    -26.23390982	     -8.94326706	      2.56955929	     18.87329990	     11.92970771	      0.32940122	     11.78394824	      0.48619791	     -7.50713607	    -17.69807444	      6.31668840	     -8.19389294	    -11.42546581	     -6.30605373	    -26.31285577	      7.65174683	     90.00000001	      0.00000000	      0.00000000	     17.75333666	    -22.06918052	     -5.25061932	     51.21280129	     90.00000001	      0.00000000	      0.00000000
      1.81000000	      6.71788019	     -4.05675109	      3.72579435	      1.19112406	      0.97172734	     -0.22193670	     20.54968391	     -0.71152342	    -10.18782122	     16.75041265	      8.84453610	      0.29234985	     -5.92625267	     -8.76855104	     -7.50678237	    -25.99248401	     -9.74115357	      2.50180714	     20.90050168	     12.08033986	      0.36478257	      9.51555477	     -0.47958734	     -7.50678237	    -17.55492003	      7.13071544	     -8.08932634	    -11.05341112	     -6.57350867	    -26.34854872	      7.62486762	     90.00000001	      0.00000000	      0.00000000	     17.04492860	    -21.65646485	     -5.68720410	     50.92995868	     90.00000001	      0.00000000	      0.00000000
      1.82000000	      7.06139285	     -4.49833467	      3.72252369	      1.20766290	      0.97342382	     -0.22123522	     20.20321653	     -0.22606554	     -9.73033569	     18.47237755	      8.79949044	      0.32240381	     -6.64102256	     -9.47484763	     -7.50672230	    -26.03626538	    -10.38236992	      2.30428074	     23.01188918	     12.24262999	      0.40163323	      6.71340615	     -1.18395194	     -7.50672230	    -17.83000466	      7.75636687	     -7.88400197	    -10.60850232	     -6.80943323	    -26.32719686	      7.63581943	     90.00000001	      0.00000000	      0.00000000	     16.36578835	    -21.24002752	     -6.00315644	     50.56588744	     90.00000001	      0.00000000	      0.00000000
      1.83000000	      6.94578696	     -5.16847972	      3.55908752	      1.22392859	      0.97510254	     -0.22027294	     20.12146216	      0.63716607	     -8.21528557	     19.56981093	      8.96870227	      0.34155763	     -8.42281716	    -12.78876030	     -7.50621480	    -25.26960822	    -11.19215934	      1.87312711	     25.67402308	     12.40600831	      0.44809624	      3.39393857	     -3.03216841	     -7.50621480	    -17.62080014	      8.56666892	     -7.56486936	     -9.97149267	     -7.14067439	    -26.64170014	      7.48690393	     90.00000001	      0.00000000	      0.00000000	     15.59382353	    -20.66005737	     -6.46861972	     49.89260275	     90.00000001	      0.00000000	      0.00000000
      1.84000000	      7.13865105	     -5.64937337	      3.40679407	      1.24032749	      0.97736107	     -0.21932491	     19.68413914	      1.29254389	     -7.54277235	     20.84176891	      8.96513195	      0.36375749	     -8.70897434	    -13.51572546	     -7.50607464	    -24.65086213	    -11.90247410	      1.16531930	     28.56167587	     12.53448848	      0.49849528	     -0.24647914	     -4.21862382	     -7.50607464	    -17.75505637	      9.16007297	     -7.19981042	     -9.38543559	     -7.41038798	    -26.60821268	      7.51170466	     90.00000001	      0.00000000	      0.00000000	     14.84972863	    -20.10288333	     -6.76494391	     49.17666770	     90.00000001	      0.00000000	      0.00000000
      1.85000000	      7.57463335	     -5.96277475	      3.29759816	      1.25660770	      0.98022769	     -0.21839272	     18.76785323	      1.79467259	     -6.96018323	     21.77896375	      9.03520275	      0.38011463	     -8.42389218	    -14.10584112	     -7.50600897	    -24.10380009	    -12.46190944	      0.48100709	     31.55303663	     12.50878031	      0.55070438	     -4.29601946	     -4.99863348	     -7.50600897	    -18.16777333	      9.54740253	     -6.88273755	     -8.69294017	     -7.63661083	    -26.54696279	      7.60479820	     90.00000001	      0.00000000	      0.00000000	     14.14613169	    -19.62113980	     -6.91121629	     48.33858774	     90.00000001	      0.00000000	      0.00000000
      1.86000000	      7.70211428	     -6.36784635	      3.00772329	      1.27254908	      0.98282689	     -0.21715001	     18.05688784	      2.50160968	     -6.22348601	     22.38655156	      9.06689187	      0.39071903	     -8.29999344	    -14.60402368	     -7.50591559	    -22.98495081	    -13.15628962	     -0.53479700	     34.94980975	     12.48204495	      0.60998925	     -8.30502849	     -6.21435804	     -7.50591559	    -18.27920288	      9.96521930	     -6.35963463	     -7.97772301	     -7.88196811	    -26.51888201	      7.73734890	     90.00000001	      0.00000000	      0.00000000	     13.44952617	    -19.04136191	     -7.07351658	     47.30933113	     90.00000001	      0.00000000	      0.00000000
      1.87000000	      7.95152177	     -6.66212974	      2.80416710	      1.28823425	      0.98566082	     -0.21575562	     17.07357398	      3.14213692	     -5.63725222	     22.76211097	      9.03482735	      0.39727378	     -7.81576457	    -14.91293320	     -7.50583987	    -21.81711710	    -13.81317563	     -1.41913495	     38.40510978	     12.31305302	      0.67029562	    -12.20311570	     -7.06058009	     -7.50583987	    -18.53838286	     10.21920871	     -5.88633307	     -7.22686805	     -8.05454789	    -26.47922858	      7.93581396	     90.00000001	      0.00000000	      0.00000000	     12.82559353	    -18.54263373	     -7.12567155	     46.20483295	     90.00000001	      0.00000000	      0.00000000
      1.88000000	      7.82142037	     -7.07909613	      2.46311047	      1.30338175	      0.98790952	     -0.21401300	     16.50311369	      4.01865707	     -5.22546131	     23.06158724	      8.77352614	      0.40250063	     -7.38037193	    -15.06941237	     -7.50561255	    -20.01542830	    -14.68698952	     -2.51992419	     42.18244278	     12.09894814	      0.73622251	    -15.47381528	     -7.89271290	     -7.50561255	    -18.43582061	     10.53564067	     -5.25784898	     -6.45494350	     -8.23291431	    -26.39005705	      8.23499913	     90.00000001	      0.00000000	      0.00000000	     12.24250847	    -17.95236610	     -7.24148411	     44.93018637	     90.00000001	      0.00000000	      0.00000000
      1.89000000	      8.09746935	     -7.17830018	      2.34443457	      1.31850336	      0.99070124	     -0.21267192	     15.32059594	      4.46608066	     -5.09240480	     23.15236206	      8.58351842	      0.40408495	     -6.44354593	    -14.79649967	     -7.50550408	    -18.58417986	    -15.20843200	     -3.34535402	     45.64618736	     11.57358643	      0.79667626	    -18.30732698	     -8.43491043	     -7.50550408	    -18.74003162	     10.54213487	     -4.85815869	     -5.64214987	     -8.34091751	    -26.20691201	      8.59210603	     90.00000001	      0.00000000	      0.00000000	     11.67419333	    -17.51994828	     -7.10492797	     43.70192184	     90.00000001	      0.00000000	      0.00000000
      1.90000000	      8.03012642	     -7.37206259	      2.12131120	      1.33313960	      0.99291753	     -0.21101961	     14.56288860	      5.10125975	     -5.07669376	     23.27050885	      8.17793538	      0.40614700	     -5.63535042	    -14.36538613	     -7.50536804	    -16.63756204	    -15.88066910	     -4.23423094	     49.20718827	     11.01048363	      0.85882745	    -20.34012110	     -9.26268232	     -7.50536804	    -18.71765837	     10.58818995	     -4.34306437	     -4.82949982	     -8.44948622	    -26.03165119	      9.01520054	     90.00000001	      0.00000000	      0.00000000	     11.14484176	    -17.02942153	     -7.08645072	     42.34788272	     90.00000001	      0.00000000	      0.00000000
      1.91000000	      7.86923954	     -7.47380587	      1.96855012	      1.34747351	      0.99488007	     -0.20941580	     13.93140729	      5.60115241	     -5.22340783	     23.45257505	      7.74254243	      0.40932465	     -4.72319860	    -13.89641589	     -7.50517223	    -14.48987714	    -16.47478500	     -4.86261890	     52.60990138	     10.43737741	      0.91821600	    -21.40415818	    -10.07841001	     -7.50517223	    -18.59223159	     10.52676566	     -3.91111229	     -3.98844310	     -8.53282882	    -25.83874718	      9.44551064	     90.00000001	      0.00000000	      0.00000000	     10.63923383	    -16.54468720	     -7.14124674	     40.96177817	     90.00000001	      0.00000000	      0.00000000
      1.92000000	      7.99331604	     -7.34304297	      1.93722921	      1.36178597	      0.99727187	     -0.20823295	     12.83661567	      5.76045355	     -5.29699759	     23.38290874	      7.47628151	      0.40810875	     -3.66883238	    -13.38714059	     -7.50506370	    -12.65809566	    -16.72291316	     -5.33838111	     55.56795670	      9.71326648	      0.96984380	    -21.70596794	    -10.97022414	     -7.50506370	    -18.75718921	     10.24852959	     -3.61876891	     -3.08010344	     -8.61387051	    -25.57741775	      9.85684420	     90.00000001	      0.00000000	      0.00000000	     10.13371971	    -16.15330462	     -7.00808542	     39.60232255	     90.00000001	      0.00000000	      0.00000000
      1.93000000	      7.76572091	     -7.24348757	      1.81203319	      1.37562815	      0.99909748	     -0.20682014	     12.24307881	      5.96902856	     -5.47397522	     23.49636516	      7.08481193	      0.41008893	     -2.72923845	    -12.66580669	     -7.50491708	    -10.35437226	    -17.00003838	     -5.74666025	     58.42041771	      9.06187293	      1.01962864	    -21.50555846	    -12.10834974	     -7.50491708	    -18.57558310	      9.95816237	     -3.23971517	     -2.18728107	     -8.68545303	    -25.29446811	     10.27779281	     90.00000001	      0.00000000	      0.00000000	      9.68875670	    -15.69028880	     -7.14552278	     38.08374302	     90.00000001	      0.00000000	      0.00000000
      1.94000000	      7.62855448	     -6.96961111	      1.72190506	      1.38933350	      1.00105145	     -0.20567061	     11.51734944	      5.89007534	     -5.72682529	     23.57771112	      6.81241207	      0.41150869	     -1.67477377	    -11.86649970	     -7.50471501	     -8.18552805	    -17.00295464	     -5.94192261	     60.84814882	      8.52787180	      1.06200054	    -20.47976977	    -13.27398261	     -7.50471501	    -18.49519426	      9.49051740	     -2.95010678	     -1.22610394	     -8.77167023	    -25.00137524	     10.70044851	     90.00000001	      0.00000000	      0.00000000	      9.21855634	    -15.26918512	     -7.33763376	     36.63251742	     90.00000001	      0.00000000	      0.00000000
      1.95000000	      7.55558968	     -6.63551247	      1.63860819	      1.40290404	      1.00316998	     -0.20461255	     10.63652756	      5.71567378	     -5.76045638	     23.47508934	      6.65427377	      0.40971760	     -0.72017612	    -11.15297182	     -7.50453230	     -6.11134492	    -16.88027890	     -6.12372408	     62.88933547	      8.01459509	      1.09762597	    -19.22396290	    -14.33049427	     -7.50453230	    -18.49257563	      8.95777840	     -2.65037067	     -0.22793776	     -8.87766687	    -24.72153366	     11.08996349	     90.00000001	      0.00000000	      0.00000000	      8.77559648	    -14.86971607	     -7.48367204	     35.11669426	     90.00000001	      0.00000000	      0.00000000
      1.96000000	      7.76667648	     -6.25660684	      1.55738108	      1.41638504	      1.00571178	     -0.20353146	      9.35322334	      5.51125714	     -5.61022545	     23.16180614	      6.53978536	      0.40424978	     -0.03060516	    -10.74629699	     -7.50447256	     -4.44440824	    -16.66315820	     -6.26094518	     64.45035345	      7.62348454	      1.12487087	    -17.62160000	    -15.06057083	     -7.50447256	    -18.82907473	      8.35135115	     -2.33316195	      0.82409373	     -8.98814921	    -24.48189029	     11.54381747	     90.00000001	      0.00000000	      0.00000000	      8.18521415	    -14.61595376	     -7.34304742	     34.03376268	     90.00000001	      0.00000000	      0.00000000
      1.97000000	      7.70800873	     -5.87466368	      1.46502537	      1.42978547	      1.00787797	     -0.20258003	      8.29539116	      5.19926143	     -5.34351265	     22.69828392	      6.63725094	      0.39615979	      0.76088944	    -10.30950971	     -7.50440200	     -2.47821471	    -16.41079785	     -6.40255362	     65.73662785	      7.28196495	      1.14732060	    -15.98238919	    -15.80021503	     -7.50440200	    -18.82652752	      7.75856078	     -2.04341232	      1.87444329	     -9.14466677	    -24.21732692	     11.94073632	     90.00000001	      0.00000000	      0.00000000	      7.69366495	    -14.31114748	     -7.31581782	     32.50453192	     90.00000001	      0.00000000	      0.00000000
      1.98000000	      7.42938073	     -5.40177403	      1.22450168	      1.44255702	      1.00974593	     -0.20151109	      7.60597543	      4.80155993	     -4.90541051	     22.41298316	      6.70906066	      0.39118035	      1.39803731	    -10.04997498	     -7.50422302	     -0.27843180	    -16.00885826	     -6.35574814	     66.75666767	      7.23812518	      1.16512365	    -14.62750857	    -16.37977266	     -7.50422302	    -18.66576724	      7.02462117	     -1.64090083	      2.94281816	     -9.31000375	    -24.02843198	     12.43917476	     90.00000001	      0.00000000	      0.00000000	      7.45245719	    -13.85250703	     -8.04162007	     30.57540870	     90.00000001	      0.00000000	      0.00000000
      1.99000000	      7.49464540	     -5.02516470	      1.10003142	      1.45561557	      1.01193416	     -0.20044426	      6.43191803	      4.55386284	     -4.63577766	     21.89377929	      6.66377340	      0.38211853	      1.92988792	     -9.70693765	     -7.50416578	      1.43186952	    -15.71432629	     -6.41578344	     67.30898494	      7.13964972	      1.17476340	    -13.09577719	    -16.61403465	     -7.50416578	    -18.83158355	      6.40134085	     -1.33088469	      4.01762258	     -9.46689390	    -23.82008718	     13.02310887	     90.00000001	      0.00000000	      0.00000000	      6.78765865	    -13.66495849	     -7.84723580	     29.52377000	     90.00000001	      0.00000000	      0.00000000
      2.00000000	      7.47570835	     -4.64111245	      0.94170500	      1.46865310	      1.01394435	     -0.19939490	      5.28601468	      4.25367387	     -4.17511765	     21.25533385	      6.75328408	      0.37097556	      2.50135174	     -9.41287440	     -7.50410773	      3.15617437	    -15.35935890	     -6.34099765	     67.49851398	      7.20958608	      1.17807131	    -11.63753830	    -16.73756266	     -7.50410773	    -18.88740419	      5.75376363	     -0.97465159	      5.06001519	     -9.69550287	    -23.60208432	     13.64778947	     90.00000001	      0.00000000	      0.00000000	      6.19828772	    -13.49272967	     -7.70545477	     28.21806347	     90.00000001	      0.00000000	      0.00000000
      2.01000000	      7.44191351	     -4.26879158	      0.72505757	      1.48174745	      1.01579409	     -0.19832244	      4.14650013	      3.96772993	     -3.69361486	     20.57849368	      6.81799124	      0.35916247	      3.02107684	     -9.17306020	     -7.50404970	      4.77212329	    -14.99553821	     -6.20405096	     67.31782796	      7.46111749	      1.17491774	    -10.29900675	    -16.71003967	     -7.50404970	    -18.90615956	      5.10713358	     -0.57945565	      6.05004967	     -9.93140927	    -23.38122909	     14.38282076	     90.00000001	      0.00000000	      0.00000000	      5.58286796	    -13.31784968	     -7.63044145	     26.90986929	     90.00000001	      0.00000000	      0.00000000
      2.02000000	      7.46809734	     -3.91108230	      0.47954237	      1.49511388	      1.01754257	     -0.19740695	      2.86628795	      3.63982346	     -3.03197570	     19.78751488	      7.00987918	      0.34535729	      3.51909570	     -9.00451341	     -7.50398256	      6.17786217	    -14.62442519	     -5.93167029	     66.77366270	      7.94182521	      1.16542027	     -9.00402758	    -16.55479818	     -7.50398256	    -18.93972237	      4.49072203	     -0.11695186	      6.93114942	    -10.22780267	    -23.09673082	     15.22792161	     90.00000001	      0.00000000	      0.00000000	      4.98665507	    -13.07467728	     -7.65960751	     25.48740042	     90.00000001	      0.00000000	      0.00000000
      2.03000000	      7.77989674	     -3.58260019	      0.12843153	      1.50883529	      1.01960408	     -0.19645425	      1.13214322	      3.32787240	     -2.09408450	     18.70606945	      7.27275564	      0.32648250	      3.77279490	     -9.28558228	     -7.50386596	      6.99859941	    -14.29938905	     -5.56218808	     65.68302899	      8.77600519	      1.14638512	     -7.93713448	    -16.27173443	     -7.50386596	    -19.26000790	      3.87801506	      0.42166762	      7.67986365	    -10.54641572	    -22.48809585	     16.40843727	     90.00000001	      0.00000000	      0.00000000	      4.43400473	    -12.77767780	     -8.14696178	     23.91800447	     90.00000001	      0.00000000	      0.00000000
      2.04000000	      8.04217892	     -3.41860682	     -0.17006463	      1.52284951	      1.02129433	     -0.19549269	     -0.64265896	      3.24624025	     -1.10387700	     17.44279519	      7.40205440	      0.30443421	      3.58402439	    -10.17424870	     -7.50362470	      7.83871619	    -14.12422726	     -5.58864539	     64.39500646	      9.14822273	      1.12390488	     -6.78510002	    -16.05714189	     -7.50362470	    -19.47185633	      3.45148144	      0.87767484	      8.32196662	    -10.92926123	    -21.46395099	     17.72786541	     90.00000001	      0.00000000	      0.00000000	      3.61655169	    -12.51568811	     -8.74997972	     22.75434161	     90.00000001	      0.00000000	      0.00000000
      2.05000000	      7.88727439	     -3.24859951	     -0.46846020	      1.53664860	      1.02206361	     -0.19453882	     -1.74962121	      3.09835879	     -0.73474164	     16.63061847	      7.41931512	      0.29025905	      4.10571520	     -9.71797012	     -7.50355711	      9.11914876	    -13.94042606	     -5.43890328	     62.94563540	      9.67123571	      1.09860859	     -5.48394249	    -15.74675507	     -7.50355711	    -19.22173209	      3.01783156	      1.37324238	      9.08409023	    -11.27471450	    -21.22295228	     18.71617677	     90.00000001	      0.00000000	      0.00000000	      2.65477562	    -12.36363290	     -8.61087099	     21.83388308	     90.00000001	      0.00000000	      0.00000000
      2.06000000	      8.25914513	     -3.01192284	     -0.74514212	      1.55080900	      1.02340765	     -0.19365537	     -3.64331014	      2.84342722	     -0.16674820	     15.40145318	      7.50440028	      0.26880607	      4.27855332	     -9.70961201	     -7.50338681	      9.58021766	    -13.64484328	     -5.26512374	     60.96260597	     10.27403626	      1.06399819	     -4.51106908	    -15.62051460	     -7.50338681	    -19.52639519	      2.50717075	      1.83241718	      9.61231177	    -11.68655268	    -20.23003207	     20.16234326	     90.00000001	      0.00000000	      0.00000000	      1.76835417	    -12.17844714	     -8.96830709	     20.87715178	     90.00000001	      0.00000000	      0.00000000
      2.07000000	      8.14353749	     -2.85078878	     -0.98796108	      1.56432330	      1.02377445	     -0.19265847	     -4.81721721	      2.67384492	      0.24164723	     14.48531028	      7.56051288	      0.25281636	      4.75396107	     -9.40582361	     -7.50328678	     10.64534380	    -13.44414925	     -4.99556878	     58.92215048	     10.87120463	      1.02838553	     -3.53663968	    -15.50809395	     -7.50328678	    -19.35198662	      2.07927147	      2.27109328	     10.29873658	    -12.05350952	    -19.73498726	     21.33886457	     90.00000001	      0.00000000	      0.00000000	      0.83208082	    -12.07934930	     -9.02692258	     20.07350470	     90.00000001	      0.00000000	      0.00000000
      2.08000000	      8.21416570	     -2.65023659	     -1.14444408	      1.57786250	      1.02416441	     -0.19189874	     -6.24799498	      2.44257928	      0.65280669	     13.46389694	      7.60816269	      0.23498933	      5.03122497	     -9.21390336	     -7.50316180	     11.40123640	    -13.13472071	     -4.75690001	     56.57114709	     11.34959207	      0.98735278	     -2.79428796	    -15.82833161	     -7.50316180	    -19.38845251	      1.63925815	      2.57366623	     10.93835738	    -12.45653542	    -18.93524247	     22.69478963	     90.00000001	      0.00000000	      0.00000000	     -0.11819017	    -11.97869731	     -9.29401283	     19.34232022	     90.00000001	      0.00000000	      0.00000000
      2.09000000	      8.14470793	     -2.51821599	     -1.33527256	      1.59120738	      1.02406336	     -0.19115894	     -7.47684875	      2.24034125	      1.01708206	     12.51820993	      7.72481665	      0.21848398	      5.33953187	     -9.03226439	     -7.50303587	     12.26453600	    -12.87567885	     -4.68072507	     54.07245821	     11.62401830	      0.94374243	     -2.16825484	    -16.24618646	     -7.50303587	    -19.30014191	      1.27316399	      2.94488635	     11.59478037	    -12.90346006	    -18.25395057	     23.95088735	     90.00000001	      0.00000000	      0.00000000	     -1.08034651	    -11.86757718	     -9.56049646	     18.71784210	     90.00000001	      0.00000000	      0.00000000
      2.10000000	      8.08649086	     -2.40534854	     -1.54682951	      1.60476414	      1.02368340	     -0.19054622	     -8.72288749	      2.02799222	      1.41512224	     11.58409077	      7.83976199	      0.20218052	      5.70517660	     -8.73348953	     -7.50291857	     12.98288891	    -12.62455795	     -4.78364560	     51.36856958	     11.75602948	      0.89655067	     -1.61228105	    -16.67631197	     -7.50291857	    -19.19412702	      0.94127391	      3.33372517	     12.21034788	    -13.38821937	    -17.57357054	     25.22810940	     90.00000001	      0.00000000	      0.00000000	     -2.07627021	    -11.76771736	     -9.84914211	     18.13879351	     90.00000001	      0.00000000	      0.00000000
      2.11000000	      7.87361821	     -2.38827626	     -1.80479949	      1.61855088	      1.02274674	     -0.19002763	     -9.75781988	      1.90595622	      1.80133309	     10.78304542	      7.91780689	      0.18819965	      6.22443272	     -8.23283157	     -7.50284458	     13.78472362	    -12.51929044	     -5.13134110	     48.58743919	     11.74667954	      0.84801079	     -0.97567601	    -16.88965748	     -7.50284458	    -18.87830515	      0.72475747	      3.76975452	     12.79270237	    -13.89811417	    -17.04578172	     26.41922437	     90.00000001	      0.00000000	      0.00000000	     -3.16822291	    -11.65442188	    -10.04137928	     17.63485523	     90.00000001	      0.00000000	      0.00000000
      2.12000000	      8.02621175	     -2.16733041	     -2.11049967	      1.63276656	      1.02207124	     -0.18979016	    -11.26379397	      1.48273306	      2.19489452	      9.85148194	      8.04138884	      0.17194080	      6.57158579	     -7.92567700	     -7.50271778	     13.96866375	    -12.11145543	     -5.89308262	     45.49418679	     11.45259904	      0.79402335	     -0.69609834	    -17.29386636	     -7.50271778	    -18.93034856	      0.28961180	      4.18213655	     13.27007492	    -14.47183281	    -16.18341173	     27.83914635	     90.00000001	      0.00000000	      0.00000000	     -4.20822839	    -11.51658734	    -10.53271227	     17.09701018	     90.00000001	      0.00000000	      0.00000000
      2.13000000	      7.70506324	     -2.24135710	     -2.43980139	      1.64679620	      1.02037495	     -0.18935891	    -12.11420375	      1.42620015	      2.59073496	      9.21380323	      8.09389385	      0.16081120	      7.16977489	     -7.35044730	     -7.50265972	     14.71039728	    -12.15037351	     -6.53876611	     42.51932028	     11.30089545	      0.74210213	     -0.07508198	    -17.30395013	     -7.50265972	    -18.47118314	      0.17637622	      4.70582089	     13.78407689	    -15.01359649	    -15.74649541	     29.01203463	     90.00000001	      0.00000000	      0.00000000	     -5.34659676	    -11.41067530	    -10.71776958	     16.68815096	     90.00000001	      0.00000000	      0.00000000
      2.14000000	      7.91530411	     -1.98631762	     -2.79444538	      1.66118525	      1.01926267	     -0.18946848	    -13.60834754	      0.90327429	      2.90973897	      8.43048504	      8.21380108	      0.14713972	      7.68722507	     -6.90475945	     -7.50255788	     14.61699794	    -11.66586767	     -7.60442899	     39.13293750	     10.83487932	      0.68299861	      0.05852838	    -17.46160930	     -7.50255788	    -18.57319162	     -0.26692105	      5.16165028	     14.15647915	    -15.68503850	    -14.89948628	     30.51888264	     90.00000001	      0.00000000	      0.00000000	     -6.36607829	    -11.27206116	    -11.20102557	     16.21057164	     90.00000001	      0.00000000	      0.00000000
      2.15000000	      7.40163464	     -2.40355087	     -2.76788295	      1.67502305	      1.01665463	     -0.18945601	    -14.03418761	      1.31038704	      2.53828728	      8.31309784	      8.20873343	      0.14509093	      8.08797145	     -6.68602244	     -7.50253067	     15.78201069	    -12.02145253	     -8.55736691	     36.50748982	     10.21560385	      0.63717590	      0.40024491	    -16.93322126	     -7.50253067	    -17.93475396	      0.11420006	      5.36314083	     14.87651841	    -16.15975538	    -14.82945576	     31.36316679	     90.00000001	      0.00000000	      0.00000000	     -7.59140573	    -11.16699194	    -11.26152024	     15.94683426	     90.00000001	      0.00000000	      0.00000000
      2.16000000	      7.69793307	     -1.86021935	     -3.46057370	      1.68909051	      1.01537934	     -0.18934922	    -15.55072575	      0.37063423	      3.44282357	      7.51818467	      8.34027828	      0.13121708	      8.96305157	     -5.90314085	     -7.50243820	     15.11455002	    -11.28067713	     -9.25000984	     32.33502253	     10.30991296	      0.56435261	      0.65614588	    -17.02455975	     -7.50243820	    -18.19858904	     -0.74201861	      6.10014497	     15.00468274	    -16.90647718	    -13.74883560	     33.26321461	     90.00000001	      0.00000000	      0.00000000	     -8.45842098	    -11.06514855	    -11.83103351	     15.48075475	     90.00000001	      0.00000000	      0.00000000
      2.17000000	      7.55351601	     -1.77746320	     -3.69923310	      1.70277843	      1.01312375	     -0.18949070	    -16.36685410	      0.09572535	      3.61637367	      7.26634618	      8.41701960	      0.12682167	      9.57954226	     -5.53076367	     -7.50234683	     15.30988999	    -11.05531489	     -9.88782881	     28.76203826	     10.19018180	      0.50199227	      0.85283558	    -16.55282128	     -7.50234683	    -18.02131659	     -0.96964410	      6.46922817	     15.45145850	    -17.50274361	    -13.31985364	     34.50015967	     90.00000001	      0.00000000	      0.00000000	     -9.41245136	    -10.95457167	    -12.30028753	     15.18328460	     90.00000001	      0.00000000	      0.00000000
      2.18000000	      7.37504521	     -1.76712302	     -3.93440095	      1.71638873	      1.01065208	     -0.18952705	    -17.09578527	     -0.07927361	      3.77235443	      7.12083139	      8.46401711	      0.12428195	     10.19209439	     -5.13976485	     -7.50224931	     15.47803589	    -10.94756169	    -10.39734959	     25.14359932	     10.19633256	      0.43883859	      0.97121582	    -15.78560434	     -7.50224931	    -17.83353130	     -1.13717035	      6.82769671	     15.87412912	    -18.06842698	    -12.88601785	     35.77267909	     90.00000001	      0.00000000	      0.00000000	    -10.36375413	    -10.86537940	    -12.77592885	     14.91232200	     90.00000001	      0.00000000	      0.00000000
      2.19000000	      6.91705058	     -2.02638903	     -4.10065790	      1.72968356	      1.00762092	     -0.18934967	    -17.41122610	      0.15098605	      3.92053532	      7.22604274	      8.39474829	      0.12611824	     10.82558332	     -4.86622042	     -7.50220055	     16.03690607	    -11.24118257	    -10.77579895	     21.78391600	     10.35248797	      0.38020106	      1.29634776	    -14.42818540	     -7.50220055	    -17.39502919	     -1.00498943	      7.18733030	     16.33435022	    -18.58349177	    -12.60435629	     36.87636485	     90.00000001	      0.00000000	      0.00000000	    -11.34940018	    -10.80004341	    -13.03563462	     14.80100549	     90.00000001	      0.00000000	      0.00000000
      2.20000000	      6.92172567	     -2.00086096	     -4.30881313	      1.74342507	      1.00510564	     -0.18944997	    -18.30832168	     -0.06527580	      4.05437563	      7.16932345	      8.44725765	      0.12512830	     11.41041984	     -4.44417409	     -7.50210876	     15.84901434	    -11.14209882	    -11.23423901	     18.15609581	     10.53813007	      0.31688365	      1.40786615	    -13.06198837	     -7.50210876	    -17.42594817	     -1.20608834	      7.49516612	     16.64335171	    -19.14870243	    -12.15040217	     38.19456686	     90.00000001	      0.00000000	      0.00000000	    -12.19754348	    -10.73141311	    -13.65330976	     14.54245792	     90.00000001	      0.00000000	      0.00000000
